InstanceType,Region,AZ,SPS,T3,T2,IF,OndemandPrice,SpotPrice,Savings,InstanceFamily,InstanceCategory,InstanceCharacter,vCPU,Memory,CoreMark,CpuModel,ModelName,Vendor
c4.2xlarge,us-west-2,usw2-az1,3,20.0,35.0,1.5,0.398,0.1491,62,c4,Computing,c,8.0,15.0,24154.71519,Intel(R) Xeon(R) CPU E5-2666 v3 @ 2.90GHz,Intel(R) Xeon(R) CPU E5-2666 v3 @ 2.90GHz,Intel
c4.2xlarge,us-west-2,usw2-az2,3,15.0,25.0,1.5,0.398,0.1504,62,c4,Computing,c,8.0,15.0,24154.71519,Intel(R) Xeon(R) CPU E5-2666 v3 @ 2.90GHz,Intel(R) Xeon(R) CPU E5-2666 v3 @ 2.90GHz,Intel
c4.2xlarge,us-west-2,usw2-az3,3,10.0,20.0,1.5,0.398,0.1576,60,c4,Computing,c,8.0,15.0,24154.71519,Intel(R) Xeon(R) CPU E5-2666 v3 @ 2.90GHz,Intel(R) Xeon(R) CPU E5-2666 v3 @ 2.90GHz,Intel
c4.4xlarge,us-west-2,usw2-az1,3,10.0,10.0,1.0,0.796,0.3284,58,c4,Computing,c,16.0,30.0,24157.426562800003,Intel(R) Xeon(R) CPU E5-2666 v3 @ 2.90GHz,Intel(R) Xeon(R) CPU E5-2666 v3 @ 2.90GHz,Intel
c4.4xlarge,us-west-2,usw2-az2,3,15.0,15.0,1.0,0.796,0.324,59,c4,Computing,c,16.0,30.0,24157.426562800003,Intel(R) Xeon(R) CPU E5-2666 v3 @ 2.90GHz,Intel(R) Xeon(R) CPU E5-2666 v3 @ 2.90GHz,Intel
c4.4xlarge,us-west-2,usw2-az3,3,10.0,10.0,1.0,0.796,0.3385,57,c4,Computing,c,16.0,30.0,24157.426562800003,Intel(R) Xeon(R) CPU E5-2666 v3 @ 2.90GHz,Intel(R) Xeon(R) CPU E5-2666 v3 @ 2.90GHz,Intel
c4.8xlarge,us-west-2,usw2-az1,3,5.0,10.0,1.0,1.591,0.633,60,c4,Computing,c,32.0,60.0,24066.19746,Intel(R) Xeon(R) CPU E5-2666 v3 @ 2.90GHz,Intel(R) Xeon(R) CPU E5-2666 v3 @ 2.90GHz,Intel
c4.8xlarge,us-west-2,usw2-az2,3,5.0,15.0,1.0,1.591,0.6274,60,c4,Computing,c,32.0,60.0,24066.19746,Intel(R) Xeon(R) CPU E5-2666 v3 @ 2.90GHz,Intel(R) Xeon(R) CPU E5-2666 v3 @ 2.90GHz,Intel
c4.8xlarge,us-west-2,usw2-az3,3,5.0,10.0,1.0,1.591,0.6413,59,c4,Computing,c,32.0,60.0,24066.19746,Intel(R) Xeon(R) CPU E5-2666 v3 @ 2.90GHz,Intel(R) Xeon(R) CPU E5-2666 v3 @ 2.90GHz,Intel
c4.large,us-west-2,usw2-az1,3,50.0,50.0,1.0,0.1,0.0433,56,c4,Computing,c,2.0,3.0,24008.115126800003,Intel(R) Xeon(R) CPU E5-2666 v3 @ 2.90GHz,Intel(R) Xeon(R) CPU E5-2666 v3 @ 2.90GHz,Intel
c4.large,us-west-2,usw2-az2,3,40.0,50.0,1.0,0.1,0.0487,51,c4,Computing,c,2.0,3.0,24008.115126800003,Intel(R) Xeon(R) CPU E5-2666 v3 @ 2.90GHz,Intel(R) Xeon(R) CPU E5-2666 v3 @ 2.90GHz,Intel
c4.large,us-west-2,usw2-az3,3,50.0,50.0,1.0,0.1,0.0523,47,c4,Computing,c,2.0,3.0,24008.115126800003,Intel(R) Xeon(R) CPU E5-2666 v3 @ 2.90GHz,Intel(R) Xeon(R) CPU E5-2666 v3 @ 2.90GHz,Intel
c4.xlarge,us-west-2,usw2-az1,3,50.0,50.0,3.0,0.199,0.0807,59,c4,Computing,c,4.0,7.0,24078.4102712,Intel(R) Xeon(R) CPU E5-2666 v3 @ 2.90GHz,Intel(R) Xeon(R) CPU E5-2666 v3 @ 2.90GHz,Intel
c4.xlarge,us-west-2,usw2-az2,3,25.0,40.0,3.0,0.199,0.0716,64,c4,Computing,c,4.0,7.0,24078.4102712,Intel(R) Xeon(R) CPU E5-2666 v3 @ 2.90GHz,Intel(R) Xeon(R) CPU E5-2666 v3 @ 2.90GHz,Intel
c4.xlarge,us-west-2,usw2-az3,3,40.0,50.0,3.0,0.199,0.0792,60,c4,Computing,c,4.0,7.0,24078.4102712,Intel(R) Xeon(R) CPU E5-2666 v3 @ 2.90GHz,Intel(R) Xeon(R) CPU E5-2666 v3 @ 2.90GHz,Intel
c5.12xlarge,us-west-2,usw2-az1,3,35.0,45.0,1.0,2.04,0.6941,65,c5,Computing,c,48.0,96.0,28280.3929114,Intel(R) Xeon(R) Platinum 8275CL CPU @ 3.00GHz,Intel(R) Xeon(R) Platinum 8275CL CPU @ 3.00GHz,Intel
c5.12xlarge,us-west-2,usw2-az2,3,50.0,50.0,1.0,2.04,0.7103,65,c5,Computing,c,48.0,96.0,28280.3929114,Intel(R) Xeon(R) Platinum 8275CL CPU @ 3.00GHz,Intel(R) Xeon(R) Platinum 8275CL CPU @ 3.00GHz,Intel
c5.12xlarge,us-west-2,usw2-az3,3,50.0,50.0,1.0,2.04,0.6944,65,c5,Computing,c,48.0,96.0,28280.3929114,Intel(R) Xeon(R) Platinum 8275CL CPU @ 3.00GHz,Intel(R) Xeon(R) Platinum 8275CL CPU @ 3.00GHz,Intel
c5.12xlarge,us-west-2,usw2-az4,3,30.0,45.0,1.0,2.04,0.7178,64,c5,Computing,c,48.0,96.0,28280.3929114,Intel(R) Xeon(R) Platinum 8275CL CPU @ 3.00GHz,Intel(R) Xeon(R) Platinum 8275CL CPU @ 3.00GHz,Intel
c5.18xlarge,us-west-2,usw2-az1,3,1.0,1.0,1.0,3.06,1.0586,65,c5,Computing,c,72.0,144.0,25753.4321812,Intel(R) Xeon(R) Platinum 8124M CPU @ 3.00GHz,Intel(R) Xeon(R) Platinum 8124M CPU @ 3.00GHz,Intel
c5.18xlarge,us-west-2,usw2-az2,3,1.0,1.0,1.0,3.06,1.0224,66,c5,Computing,c,72.0,144.0,25753.4321812,Intel(R) Xeon(R) Platinum 8124M CPU @ 3.00GHz,Intel(R) Xeon(R) Platinum 8124M CPU @ 3.00GHz,Intel
c5.18xlarge,us-west-2,usw2-az3,3,15.0,25.0,1.0,3.06,1.0066,67,c5,Computing,c,72.0,144.0,25753.4321812,Intel(R) Xeon(R) Platinum 8124M CPU @ 3.00GHz,Intel(R) Xeon(R) Platinum 8124M CPU @ 3.00GHz,Intel
c5.18xlarge,us-west-2,usw2-az4,3,1.0,5.0,1.0,3.06,1.1075,63,c5,Computing,c,72.0,144.0,25753.4321812,Intel(R) Xeon(R) Platinum 8124M CPU @ 3.00GHz,Intel(R) Xeon(R) Platinum 8124M CPU @ 3.00GHz,Intel
c5.24xlarge,us-west-2,usw2-az1,3,5.0,10.0,1.0,4.08,1.4844,63,c5,Computing,c,96.0,192.0,28198.69509,Intel(R) Xeon(R) Platinum 8275CL CPU @ 3.00GHz,Intel(R) Xeon(R) Platinum 8275CL CPU @ 3.00GHz,Intel
c5.24xlarge,us-west-2,usw2-az2,3,15.0,15.0,1.0,4.08,1.5458,62,c5,Computing,c,96.0,192.0,28198.69509,Intel(R) Xeon(R) Platinum 8275CL CPU @ 3.00GHz,Intel(R) Xeon(R) Platinum 8275CL CPU @ 3.00GHz,Intel
c5.24xlarge,us-west-2,usw2-az3,3,15.0,15.0,1.0,4.08,1.5728,61,c5,Computing,c,96.0,192.0,28198.69509,Intel(R) Xeon(R) Platinum 8275CL CPU @ 3.00GHz,Intel(R) Xeon(R) Platinum 8275CL CPU @ 3.00GHz,Intel
c5.24xlarge,us-west-2,usw2-az4,3,1.0,1.0,1.0,4.08,1.5523,61,c5,Computing,c,96.0,192.0,28198.69509,Intel(R) Xeon(R) Platinum 8275CL CPU @ 3.00GHz,Intel(R) Xeon(R) Platinum 8275CL CPU @ 3.00GHz,Intel
c5.2xlarge,us-west-2,usw2-az1,3,50.0,50.0,3.0,0.34,0.1345,60,c5,Computing,c,8.0,16.0,25185.5018574,Intel(R) Xeon(R) Platinum 8124M CPU @ 3.00GHz,Intel(R) Xeon(R) Platinum 8124M CPU @ 3.00GHz,Intel
c5.2xlarge,us-west-2,usw2-az2,3,50.0,50.0,3.0,0.34,0.1482,56,c5,Computing,c,8.0,16.0,25185.5018574,Intel(R) Xeon(R) Platinum 8124M CPU @ 3.00GHz,Intel(R) Xeon(R) Platinum 8124M CPU @ 3.00GHz,Intel
c5.2xlarge,us-west-2,usw2-az3,3,50.0,50.0,3.0,0.34,0.1352,60,c5,Computing,c,8.0,16.0,25185.5018574,Intel(R) Xeon(R) Platinum 8124M CPU @ 3.00GHz,Intel(R) Xeon(R) Platinum 8124M CPU @ 3.00GHz,Intel
c5.2xlarge,us-west-2,usw2-az4,3,25.0,30.0,3.0,0.34,0.1548,54,c5,Computing,c,8.0,16.0,25185.5018574,Intel(R) Xeon(R) Platinum 8124M CPU @ 3.00GHz,Intel(R) Xeon(R) Platinum 8124M CPU @ 3.00GHz,Intel
c5.4xlarge,us-west-2,usw2-az1,3,50.0,50.0,1.0,0.68,0.243,64,c5,Computing,c,16.0,32.0,25416.9891866,Intel(R) Xeon(R) Platinum 8223CL CPU @ 3.00GHz,Intel(R) Xeon(R) Platinum 8275CL CPU @ 3.00GHz,Intel
c5.4xlarge,us-west-2,usw2-az2,3,50.0,50.0,1.0,0.68,0.2287,66,c5,Computing,c,16.0,32.0,25416.9891866,Intel(R) Xeon(R) Platinum 8223CL CPU @ 3.00GHz,Intel(R) Xeon(R) Platinum 8275CL CPU @ 3.00GHz,Intel
c5.4xlarge,us-west-2,usw2-az3,3,50.0,50.0,1.0,0.68,0.2313,65,c5,Computing,c,16.0,32.0,25416.9891866,Intel(R) Xeon(R) Platinum 8223CL CPU @ 3.00GHz,Intel(R) Xeon(R) Platinum 8275CL CPU @ 3.00GHz,Intel
c5.4xlarge,us-west-2,usw2-az4,3,50.0,50.0,1.0,0.68,0.2929,56,c5,Computing,c,16.0,32.0,25416.9891866,Intel(R) Xeon(R) Platinum 8223CL CPU @ 3.00GHz,Intel(R) Xeon(R) Platinum 8275CL CPU @ 3.00GHz,Intel
c5.9xlarge,us-west-2,usw2-az1,3,20.0,45.0,1.5,1.53,0.5788,62,c5,Computing,c,36.0,72.0,25775.331019800004,Intel(R) Xeon(R) Platinum 8124M CPU @ 3.00GHz,Intel(R) Xeon(R) Platinum 8124M CPU @ 3.00GHz,Intel
c5.9xlarge,us-west-2,usw2-az2,3,5.0,10.0,1.5,1.53,0.6348,58,c5,Computing,c,36.0,72.0,25775.331019800004,Intel(R) Xeon(R) Platinum 8124M CPU @ 3.00GHz,Intel(R) Xeon(R) Platinum 8124M CPU @ 3.00GHz,Intel
c5.9xlarge,us-west-2,usw2-az3,3,50.0,50.0,1.5,1.53,0.5842,61,c5,Computing,c,36.0,72.0,25775.331019800004,Intel(R) Xeon(R) Platinum 8124M CPU @ 3.00GHz,Intel(R) Xeon(R) Platinum 8124M CPU @ 3.00GHz,Intel
c5.9xlarge,us-west-2,usw2-az4,3,15.0,40.0,1.5,1.53,0.5648,63,c5,Computing,c,36.0,72.0,25775.331019800004,Intel(R) Xeon(R) Platinum 8124M CPU @ 3.00GHz,Intel(R) Xeon(R) Platinum 8124M CPU @ 3.00GHz,Intel
c5.large,us-west-2,usw2-az1,3,50.0,50.0,2.5,0.085,0.0278,67,c5,Computing,c,2.0,4.0,25334.1638072,Intel(R) Xeon(R) Platinum 8124M CPU @ 3.00GHz,Intel(R) Xeon(R) Platinum 8124M CPU @ 3.00GHz,Intel
c5.large,us-west-2,usw2-az2,3,50.0,50.0,2.5,0.085,0.0294,65,c5,Computing,c,2.0,4.0,25334.1638072,Intel(R) Xeon(R) Platinum 8124M CPU @ 3.00GHz,Intel(R) Xeon(R) Platinum 8124M CPU @ 3.00GHz,Intel
c5.large,us-west-2,usw2-az3,3,50.0,50.0,2.5,0.085,0.0283,66,c5,Computing,c,2.0,4.0,25334.1638072,Intel(R) Xeon(R) Platinum 8124M CPU @ 3.00GHz,Intel(R) Xeon(R) Platinum 8124M CPU @ 3.00GHz,Intel
c5.large,us-west-2,usw2-az4,3,50.0,50.0,2.5,0.085,0.0269,68,c5,Computing,c,2.0,4.0,25334.1638072,Intel(R) Xeon(R) Platinum 8124M CPU @ 3.00GHz,Intel(R) Xeon(R) Platinum 8124M CPU @ 3.00GHz,Intel
c5.xlarge,us-west-2,usw2-az1,3,50.0,50.0,3.0,0.17,0.0737,56,c5,Computing,c,4.0,8.0,25343.5530924,Intel(R) Xeon(R) Platinum 8124M CPU @ 3.00GHz,Intel(R) Xeon(R) Platinum 8124M CPU @ 3.00GHz,Intel
c5.xlarge,us-west-2,usw2-az2,3,50.0,50.0,3.0,0.17,0.0675,60,c5,Computing,c,4.0,8.0,25343.5530924,Intel(R) Xeon(R) Platinum 8124M CPU @ 3.00GHz,Intel(R) Xeon(R) Platinum 8124M CPU @ 3.00GHz,Intel
c5.xlarge,us-west-2,usw2-az3,3,50.0,50.0,3.0,0.17,0.0705,58,c5,Computing,c,4.0,8.0,25343.5530924,Intel(R) Xeon(R) Platinum 8124M CPU @ 3.00GHz,Intel(R) Xeon(R) Platinum 8124M CPU @ 3.00GHz,Intel
c5.xlarge,us-west-2,usw2-az4,3,50.0,50.0,3.0,0.17,0.0655,61,c5,Computing,c,4.0,8.0,25343.5530924,Intel(R) Xeon(R) Platinum 8124M CPU @ 3.00GHz,Intel(R) Xeon(R) Platinum 8124M CPU @ 3.00GHz,Intel
c5a.12xlarge,us-west-2,usw2-az1,3,5.0,10.0,1.5,1.848,0.8283,55,c5a,Computing,c,48.0,96.0,25686.3364664,AMD EPYC 7R32,AMD EPYC 7R32,AuthenticAMD
c5a.12xlarge,us-west-2,usw2-az2,3,10.0,15.0,1.5,1.848,0.739,60,c5a,Computing,c,48.0,96.0,25686.3364664,AMD EPYC 7R32,AMD EPYC 7R32,AuthenticAMD
c5a.12xlarge,us-west-2,usw2-az3,3,5.0,5.0,1.5,1.848,0.8172,55,c5a,Computing,c,48.0,96.0,25686.3364664,AMD EPYC 7R32,AMD EPYC 7R32,AuthenticAMD
c5a.12xlarge,us-west-2,usw2-az4,3,5.0,5.0,1.5,1.848,0.7859,57,c5a,Computing,c,48.0,96.0,25686.3364664,AMD EPYC 7R32,AMD EPYC 7R32,AuthenticAMD
c5a.16xlarge,us-west-2,usw2-az1,3,1.0,1.0,1.0,2.464,0.997,59,c5a,Computing,c,64.0,128.0,25261.390485400003,AMD EPYC 7R32,AMD EPYC 7R32,AuthenticAMD
c5a.16xlarge,us-west-2,usw2-az2,3,1.0,1.0,1.0,2.464,0.93,62,c5a,Computing,c,64.0,128.0,25261.390485400003,AMD EPYC 7R32,AMD EPYC 7R32,AuthenticAMD
c5a.16xlarge,us-west-2,usw2-az3,3,1.0,1.0,1.0,2.464,0.9914,59,c5a,Computing,c,64.0,128.0,25261.390485400003,AMD EPYC 7R32,AMD EPYC 7R32,AuthenticAMD
c5a.16xlarge,us-west-2,usw2-az4,3,5.0,5.0,1.0,2.464,0.9895,59,c5a,Computing,c,64.0,128.0,25261.390485400003,AMD EPYC 7R32,AMD EPYC 7R32,AuthenticAMD
c5a.24xlarge,us-west-2,usw2-az1,3,5.0,10.0,1.0,3.696,1.5208,58,c5a,Computing,c,96.0,192.0,25173.024361,AMD EPYC 7R32,AMD EPYC 7R32,AuthenticAMD
c5a.24xlarge,us-west-2,usw2-az2,3,1.0,1.0,1.0,3.696,1.4912,59,c5a,Computing,c,96.0,192.0,25173.024361,AMD EPYC 7R32,AMD EPYC 7R32,AuthenticAMD
c5a.24xlarge,us-west-2,usw2-az3,3,15.0,15.0,1.0,3.696,1.4948,59,c5a,Computing,c,96.0,192.0,25173.024361,AMD EPYC 7R32,AMD EPYC 7R32,AuthenticAMD
c5a.24xlarge,us-west-2,usw2-az4,3,5.0,10.0,1.0,3.696,1.3414,63,c5a,Computing,c,96.0,192.0,25173.024361,AMD EPYC 7R32,AMD EPYC 7R32,AuthenticAMD
c5a.2xlarge,us-west-2,usw2-az1,3,50.0,50.0,3.0,0.308,0.1562,49,c5a,Computing,c,8.0,16.0,25707.401216,AMD EPYC 7R32,AMD EPYC 7R32,AuthenticAMD
c5a.2xlarge,us-west-2,usw2-az2,3,50.0,50.0,3.0,0.308,0.1673,45,c5a,Computing,c,8.0,16.0,25707.401216,AMD EPYC 7R32,AMD EPYC 7R32,AuthenticAMD
c5a.2xlarge,us-west-2,usw2-az3,3,50.0,50.0,3.0,0.308,0.16,48,c5a,Computing,c,8.0,16.0,25707.401216,AMD EPYC 7R32,AMD EPYC 7R32,AuthenticAMD
c5a.2xlarge,us-west-2,usw2-az4,3,5.0,5.0,3.0,0.308,0.171,44,c5a,Computing,c,8.0,16.0,25707.401216,AMD EPYC 7R32,AMD EPYC 7R32,AuthenticAMD
c5a.4xlarge,us-west-2,usw2-az1,3,30.0,50.0,1.5,0.616,0.3238,47,c5a,Computing,c,16.0,32.0,25652.725096799997,AMD EPYC 7R32,AMD EPYC 7R32,AuthenticAMD
c5a.4xlarge,us-west-2,usw2-az2,3,25.0,45.0,1.5,0.616,0.316,48,c5a,Computing,c,16.0,32.0,25652.725096799997,AMD EPYC 7R32,AMD EPYC 7R32,AuthenticAMD
c5a.4xlarge,us-west-2,usw2-az3,3,25.0,35.0,1.5,0.616,0.3115,49,c5a,Computing,c,16.0,32.0,25652.725096799997,AMD EPYC 7R32,AMD EPYC 7R32,AuthenticAMD
c5a.4xlarge,us-west-2,usw2-az4,3,10.0,15.0,1.5,0.616,0.3194,48,c5a,Computing,c,16.0,32.0,25652.725096799997,AMD EPYC 7R32,AMD EPYC 7R32,AuthenticAMD
c5a.8xlarge,us-west-2,usw2-az1,3,25.0,45.0,1.0,1.232,0.4644,62,c5a,Computing,c,32.0,64.0,25695.0604604,AMD EPYC 7R32,AMD EPYC 7R32,AuthenticAMD
c5a.8xlarge,us-west-2,usw2-az2,3,25.0,50.0,1.0,1.232,0.4724,61,c5a,Computing,c,32.0,64.0,25695.0604604,AMD EPYC 7R32,AMD EPYC 7R32,AuthenticAMD
c5a.8xlarge,us-west-2,usw2-az3,3,30.0,50.0,1.0,1.232,0.4581,62,c5a,Computing,c,32.0,64.0,25695.0604604,AMD EPYC 7R32,AMD EPYC 7R32,AuthenticAMD
c5a.8xlarge,us-west-2,usw2-az4,3,50.0,50.0,1.0,1.232,0.4474,63,c5a,Computing,c,32.0,64.0,25695.0604604,AMD EPYC 7R32,AMD EPYC 7R32,AuthenticAMD
c5a.large,us-west-2,usw2-az1,3,50.0,50.0,3.0,0.077,0.0327,57,c5a,Computing,c,2.0,4.0,25741.5259838,AMD EPYC 7R32,AMD EPYC 7R32,AuthenticAMD
c5a.large,us-west-2,usw2-az2,3,50.0,50.0,3.0,0.077,0.0336,56,c5a,Computing,c,2.0,4.0,25741.5259838,AMD EPYC 7R32,AMD EPYC 7R32,AuthenticAMD
c5a.large,us-west-2,usw2-az3,3,50.0,50.0,3.0,0.077,0.0325,57,c5a,Computing,c,2.0,4.0,25741.5259838,AMD EPYC 7R32,AMD EPYC 7R32,AuthenticAMD
c5a.large,us-west-2,usw2-az4,3,50.0,50.0,3.0,0.077,0.0235,69,c5a,Computing,c,2.0,4.0,25741.5259838,AMD EPYC 7R32,AMD EPYC 7R32,AuthenticAMD
c5a.xlarge,us-west-2,usw2-az1,3,50.0,50.0,3.0,0.154,0.0745,51,c5a,Computing,c,4.0,8.0,25675.7815368,AMD EPYC 7R32,AMD EPYC 7R32,AuthenticAMD
c5a.xlarge,us-west-2,usw2-az2,3,50.0,50.0,3.0,0.154,0.0837,45,c5a,Computing,c,4.0,8.0,25675.7815368,AMD EPYC 7R32,AMD EPYC 7R32,AuthenticAMD
c5a.xlarge,us-west-2,usw2-az3,3,50.0,50.0,3.0,0.154,0.0744,51,c5a,Computing,c,4.0,8.0,25675.7815368,AMD EPYC 7R32,AMD EPYC 7R32,AuthenticAMD
c5a.xlarge,us-west-2,usw2-az4,3,20.0,30.0,3.0,0.154,0.0709,53,c5a,Computing,c,4.0,8.0,25675.7815368,AMD EPYC 7R32,AMD EPYC 7R32,AuthenticAMD
c5ad.12xlarge,us-west-2,usw2-az1,3,5.0,15.0,1.0,2.064,0.8399,59,c5ad,Computing,c,48.0,96.0,25675.4019,AMD EPYC 7R32,AMD EPYC 7R32,AuthenticAMD
c5ad.12xlarge,us-west-2,usw2-az2,3,20.0,30.0,1.0,2.064,0.8278,59,c5ad,Computing,c,48.0,96.0,25675.4019,AMD EPYC 7R32,AMD EPYC 7R32,AuthenticAMD
c5ad.12xlarge,us-west-2,usw2-az4,3,1.0,1.0,1.0,2.064,0.767,62,c5ad,Computing,c,48.0,96.0,25675.4019,AMD EPYC 7R32,AMD EPYC 7R32,AuthenticAMD
c5ad.16xlarge,us-west-2,usw2-az1,3,5.0,5.0,1.0,2.752,1.0094,63,c5ad,Computing,c,64.0,128.0,25258.0656,AMD EPYC 7R32,AMD EPYC 7R32,AuthenticAMD
c5ad.16xlarge,us-west-2,usw2-az2,3,5.0,5.0,1.0,2.752,1.08,60,c5ad,Computing,c,64.0,128.0,25258.0656,AMD EPYC 7R32,AMD EPYC 7R32,AuthenticAMD
c5ad.16xlarge,us-west-2,usw2-az4,3,1.0,1.0,1.0,2.752,1.0944,60,c5ad,Computing,c,64.0,128.0,25258.0656,AMD EPYC 7R32,AMD EPYC 7R32,AuthenticAMD
c5ad.24xlarge,us-west-2,usw2-az1,3,5.0,10.0,2.0,4.128,1.6565,59,c5ad,Computing,c,96.0,192.0,25209.2465,AMD EPYC 7R32,AMD EPYC 7R32,AuthenticAMD
c5ad.24xlarge,us-west-2,usw2-az2,3,1.0,1.0,2.0,4.128,1.6321,60,c5ad,Computing,c,96.0,192.0,25209.2465,AMD EPYC 7R32,AMD EPYC 7R32,AuthenticAMD
c5ad.24xlarge,us-west-2,usw2-az4,3,10.0,15.0,2.0,4.128,1.4536,64,c5ad,Computing,c,96.0,192.0,25209.2465,AMD EPYC 7R32,AMD EPYC 7R32,AuthenticAMD
c5ad.2xlarge,us-west-2,usw2-az1,3,15.0,20.0,1.0,0.344,0.1477,57,c5ad,Computing,c,8.0,16.0,25382.921,AMD EPYC 7R32,AMD EPYC 7R32,AuthenticAMD
c5ad.2xlarge,us-west-2,usw2-az2,3,10.0,15.0,1.0,0.344,0.1548,55,c5ad,Computing,c,8.0,16.0,25382.921,AMD EPYC 7R32,AMD EPYC 7R32,AuthenticAMD
c5ad.2xlarge,us-west-2,usw2-az4,3,5.0,5.0,1.0,0.344,0.1399,59,c5ad,Computing,c,8.0,16.0,25382.921,AMD EPYC 7R32,AMD EPYC 7R32,AuthenticAMD
c5ad.4xlarge,us-west-2,usw2-az1,3,10.0,15.0,1.5,0.688,0.3617,47,c5ad,Computing,c,16.0,32.0,25670.1421,AMD EPYC 7R32,AMD EPYC 7R32,AuthenticAMD
c5ad.4xlarge,us-west-2,usw2-az2,3,10.0,20.0,1.5,0.688,0.325,52,c5ad,Computing,c,16.0,32.0,25670.1421,AMD EPYC 7R32,AMD EPYC 7R32,AuthenticAMD
c5ad.4xlarge,us-west-2,usw2-az4,3,1.0,5.0,1.5,0.688,0.3125,54,c5ad,Computing,c,16.0,32.0,25670.1421,AMD EPYC 7R32,AMD EPYC 7R32,AuthenticAMD
c5ad.8xlarge,us-west-2,usw2-az1,3,1.0,1.0,1.0,1.376,0.5755,58,c5ad,Computing,c,32.0,64.0,25690.6216,AMD EPYC 7R32,AMD EPYC 7R32,AuthenticAMD
c5ad.8xlarge,us-west-2,usw2-az2,3,1.0,5.0,1.0,1.376,0.5783,57,c5ad,Computing,c,32.0,64.0,25690.6216,AMD EPYC 7R32,AMD EPYC 7R32,AuthenticAMD
c5ad.8xlarge,us-west-2,usw2-az4,3,1.0,1.0,1.0,1.376,0.5416,60,c5ad,Computing,c,32.0,64.0,25690.6216,AMD EPYC 7R32,AMD EPYC 7R32,AuthenticAMD
c5ad.large,us-west-2,usw2-az1,3,25.0,35.0,2.5,0.086,0.0351,59,c5ad,Computing,c,2.0,4.0,25722.6759,AMD EPYC 7R32,AMD EPYC 7R32,AuthenticAMD
c5ad.large,us-west-2,usw2-az2,3,30.0,50.0,2.5,0.086,0.0294,65,c5ad,Computing,c,2.0,4.0,25722.6759,AMD EPYC 7R32,AMD EPYC 7R32,AuthenticAMD
c5ad.large,us-west-2,usw2-az4,3,30.0,50.0,2.5,0.086,0.0288,66,c5ad,Computing,c,2.0,4.0,25722.6759,AMD EPYC 7R32,AMD EPYC 7R32,AuthenticAMD
c5ad.xlarge,us-west-2,usw2-az1,3,25.0,35.0,3.0,0.172,0.0734,57,c5ad,Computing,c,4.0,8.0,25603.8914,AMD EPYC 7R32,AMD EPYC 7R32,AuthenticAMD
c5ad.xlarge,us-west-2,usw2-az2,3,25.0,40.0,3.0,0.172,0.0762,55,c5ad,Computing,c,4.0,8.0,25603.8914,AMD EPYC 7R32,AMD EPYC 7R32,AuthenticAMD
c5ad.xlarge,us-west-2,usw2-az4,3,10.0,15.0,3.0,0.172,0.0597,65,c5ad,Computing,c,4.0,8.0,25603.8914,AMD EPYC 7R32,AMD EPYC 7R32,AuthenticAMD
c5d.12xlarge,us-west-2,usw2-az1,1,0.0,0.0,1.0,2.304,0.7628,66,c5d,Computing,c,48.0,96.0,28283.4333,Intel(R) Xeon(R) Platinum 8275CL CPU @ 3.00GHz,Intel(R) Xeon(R) Platinum 8275CL CPU @ 3.00GHz,Intel
c5d.12xlarge,us-west-2,usw2-az2,3,5.0,5.0,1.0,2.304,0.7666,66,c5d,Computing,c,48.0,96.0,28283.4333,Intel(R) Xeon(R) Platinum 8275CL CPU @ 3.00GHz,Intel(R) Xeon(R) Platinum 8275CL CPU @ 3.00GHz,Intel
c5d.12xlarge,us-west-2,usw2-az3,3,5.0,10.0,1.0,2.304,0.7537,67,c5d,Computing,c,48.0,96.0,28283.4333,Intel(R) Xeon(R) Platinum 8275CL CPU @ 3.00GHz,Intel(R) Xeon(R) Platinum 8275CL CPU @ 3.00GHz,Intel
c5d.12xlarge,us-west-2,usw2-az4,3,1.0,5.0,1.0,2.304,0.7691,66,c5d,Computing,c,48.0,96.0,28283.4333,Intel(R) Xeon(R) Platinum 8275CL CPU @ 3.00GHz,Intel(R) Xeon(R) Platinum 8275CL CPU @ 3.00GHz,Intel
c5d.18xlarge,us-west-2,usw2-az1,3,50.0,50.0,2.5,3.456,1.2232,64,c5d,Computing,c,72.0,144.0,25760.2507,Intel(R) Xeon(R) Platinum 8124M CPU @ 3.00GHz,Intel(R) Xeon(R) Platinum 8124M CPU @ 3.00GHz,Intel
c5d.18xlarge,us-west-2,usw2-az2,3,50.0,50.0,2.5,3.456,1.3901,59,c5d,Computing,c,72.0,144.0,25760.2507,Intel(R) Xeon(R) Platinum 8124M CPU @ 3.00GHz,Intel(R) Xeon(R) Platinum 8124M CPU @ 3.00GHz,Intel
c5d.18xlarge,us-west-2,usw2-az3,3,50.0,50.0,2.5,3.456,1.2663,63,c5d,Computing,c,72.0,144.0,25760.2507,Intel(R) Xeon(R) Platinum 8124M CPU @ 3.00GHz,Intel(R) Xeon(R) Platinum 8124M CPU @ 3.00GHz,Intel
c5d.18xlarge,us-west-2,usw2-az4,3,25.0,40.0,2.5,3.456,1.3494,60,c5d,Computing,c,72.0,144.0,25760.2507,Intel(R) Xeon(R) Platinum 8124M CPU @ 3.00GHz,Intel(R) Xeon(R) Platinum 8124M CPU @ 3.00GHz,Intel
c5d.24xlarge,us-west-2,usw2-az1,1,0.0,0.0,1.0,4.608,1.5727,65,c5d,Computing,c,96.0,192.0,28263.4929,Intel(R) Xeon(R) Platinum 8275CL CPU @ 3.00GHz,Intel(R) Xeon(R) Platinum 8275CL CPU @ 3.00GHz,Intel
c5d.24xlarge,us-west-2,usw2-az2,2,0.0,1.0,1.0,4.608,1.5236,66,c5d,Computing,c,96.0,192.0,28263.4929,Intel(R) Xeon(R) Platinum 8275CL CPU @ 3.00GHz,Intel(R) Xeon(R) Platinum 8275CL CPU @ 3.00GHz,Intel
c5d.24xlarge,us-west-2,usw2-az3,3,1.0,5.0,1.0,4.608,1.6314,64,c5d,Computing,c,96.0,192.0,28263.4929,Intel(R) Xeon(R) Platinum 8275CL CPU @ 3.00GHz,Intel(R) Xeon(R) Platinum 8275CL CPU @ 3.00GHz,Intel
c5d.24xlarge,us-west-2,usw2-az4,3,15.0,25.0,1.0,4.608,1.6181,64,c5d,Computing,c,96.0,192.0,28263.4929,Intel(R) Xeon(R) Platinum 8275CL CPU @ 3.00GHz,Intel(R) Xeon(R) Platinum 8275CL CPU @ 3.00GHz,Intel
c5d.2xlarge,us-west-2,usw2-az1,3,50.0,50.0,3.0,0.384,0.154,59,c5d,Computing,c,8.0,16.0,25406.7688,Intel(R) Xeon(R) Platinum 8124M CPU @ 3.00GHz,Intel(R) Xeon(R) Platinum 8124M CPU @ 3.00GHz,Intel
c5d.2xlarge,us-west-2,usw2-az2,3,50.0,50.0,3.0,0.384,0.1581,58,c5d,Computing,c,8.0,16.0,25406.7688,Intel(R) Xeon(R) Platinum 8124M CPU @ 3.00GHz,Intel(R) Xeon(R) Platinum 8124M CPU @ 3.00GHz,Intel
c5d.2xlarge,us-west-2,usw2-az3,3,50.0,50.0,3.0,0.384,0.1548,59,c5d,Computing,c,8.0,16.0,25406.7688,Intel(R) Xeon(R) Platinum 8124M CPU @ 3.00GHz,Intel(R) Xeon(R) Platinum 8124M CPU @ 3.00GHz,Intel
c5d.2xlarge,us-west-2,usw2-az4,3,50.0,50.0,3.0,0.384,0.1536,60,c5d,Computing,c,8.0,16.0,25406.7688,Intel(R) Xeon(R) Platinum 8124M CPU @ 3.00GHz,Intel(R) Xeon(R) Platinum 8124M CPU @ 3.00GHz,Intel
c5d.4xlarge,us-west-2,usw2-az1,3,50.0,50.0,2.5,0.768,0.3601,53,c5d,Computing,c,16.0,32.0,25389.2496,Intel(R) Xeon(R) Platinum 8124M CPU @ 3.00GHz,Intel(R) Xeon(R) Platinum 8124M CPU @ 3.00GHz,Intel
c5d.4xlarge,us-west-2,usw2-az2,3,50.0,50.0,2.5,0.768,0.3752,51,c5d,Computing,c,16.0,32.0,25389.2496,Intel(R) Xeon(R) Platinum 8124M CPU @ 3.00GHz,Intel(R) Xeon(R) Platinum 8124M CPU @ 3.00GHz,Intel
c5d.4xlarge,us-west-2,usw2-az3,3,50.0,50.0,2.5,0.768,0.4105,46,c5d,Computing,c,16.0,32.0,25389.2496,Intel(R) Xeon(R) Platinum 8124M CPU @ 3.00GHz,Intel(R) Xeon(R) Platinum 8124M CPU @ 3.00GHz,Intel
c5d.4xlarge,us-west-2,usw2-az4,3,35.0,50.0,2.5,0.768,0.33,57,c5d,Computing,c,16.0,32.0,25389.2496,Intel(R) Xeon(R) Platinum 8124M CPU @ 3.00GHz,Intel(R) Xeon(R) Platinum 8124M CPU @ 3.00GHz,Intel
c5d.9xlarge,us-west-2,usw2-az1,3,40.0,50.0,2.5,1.728,0.881,49,c5d,Computing,c,36.0,72.0,25792.6322,Intel(R) Xeon(R) Platinum 8124M CPU @ 3.00GHz,Intel(R) Xeon(R) Platinum 8124M CPU @ 3.00GHz,Intel
c5d.9xlarge,us-west-2,usw2-az2,3,50.0,50.0,2.5,1.728,0.9506,44,c5d,Computing,c,36.0,72.0,25792.6322,Intel(R) Xeon(R) Platinum 8124M CPU @ 3.00GHz,Intel(R) Xeon(R) Platinum 8124M CPU @ 3.00GHz,Intel
c5d.9xlarge,us-west-2,usw2-az3,3,35.0,50.0,2.5,1.728,0.8506,50,c5d,Computing,c,36.0,72.0,25792.6322,Intel(R) Xeon(R) Platinum 8124M CPU @ 3.00GHz,Intel(R) Xeon(R) Platinum 8124M CPU @ 3.00GHz,Intel
c5d.9xlarge,us-west-2,usw2-az4,3,30.0,45.0,2.5,1.728,0.6827,60,c5d,Computing,c,36.0,72.0,25792.6322,Intel(R) Xeon(R) Platinum 8124M CPU @ 3.00GHz,Intel(R) Xeon(R) Platinum 8124M CPU @ 3.00GHz,Intel
c5d.large,us-west-2,usw2-az1,3,50.0,50.0,3.0,0.096,0.0343,64,c5d,Computing,c,2.0,4.0,25379.4678,Intel(R) Xeon(R) Platinum 8124M CPU @ 3.00GHz,Intel(R) Xeon(R) Platinum 8124M CPU @ 3.00GHz,Intel
c5d.large,us-west-2,usw2-az2,3,50.0,50.0,3.0,0.096,0.0338,64,c5d,Computing,c,2.0,4.0,25379.4678,Intel(R) Xeon(R) Platinum 8124M CPU @ 3.00GHz,Intel(R) Xeon(R) Platinum 8124M CPU @ 3.00GHz,Intel
c5d.large,us-west-2,usw2-az3,3,50.0,50.0,3.0,0.096,0.0376,60,c5d,Computing,c,2.0,4.0,25379.4678,Intel(R) Xeon(R) Platinum 8124M CPU @ 3.00GHz,Intel(R) Xeon(R) Platinum 8124M CPU @ 3.00GHz,Intel
c5d.large,us-west-2,usw2-az4,3,50.0,50.0,3.0,0.096,0.0319,66,c5d,Computing,c,2.0,4.0,25379.4678,Intel(R) Xeon(R) Platinum 8124M CPU @ 3.00GHz,Intel(R) Xeon(R) Platinum 8124M CPU @ 3.00GHz,Intel
c5d.xlarge,us-west-2,usw2-az1,3,50.0,50.0,3.0,0.192,0.0777,59,c5d,Computing,c,4.0,8.0,25422.1435,Intel(R) Xeon(R) Platinum 8124M CPU @ 3.00GHz,Intel(R) Xeon(R) Platinum 8124M CPU @ 3.00GHz,Intel
c5d.xlarge,us-west-2,usw2-az2,3,50.0,50.0,3.0,0.192,0.0821,57,c5d,Computing,c,4.0,8.0,25422.1435,Intel(R) Xeon(R) Platinum 8124M CPU @ 3.00GHz,Intel(R) Xeon(R) Platinum 8124M CPU @ 3.00GHz,Intel
c5d.xlarge,us-west-2,usw2-az3,3,50.0,50.0,3.0,0.192,0.0806,58,c5d,Computing,c,4.0,8.0,25422.1435,Intel(R) Xeon(R) Platinum 8124M CPU @ 3.00GHz,Intel(R) Xeon(R) Platinum 8124M CPU @ 3.00GHz,Intel
c5d.xlarge,us-west-2,usw2-az4,3,50.0,50.0,3.0,0.192,0.0618,67,c5d,Computing,c,4.0,8.0,25422.1435,Intel(R) Xeon(R) Platinum 8124M CPU @ 3.00GHz,Intel(R) Xeon(R) Platinum 8124M CPU @ 3.00GHz,Intel
c5n.18xlarge,us-west-2,usw2-az1,3,5.0,5.0,2.0,3.888,1.3976,64,c5n,Computing,c,72.0,192.0,25763.0081642,Intel(R) Xeon(R) Platinum 8124M CPU @ 3.00GHz,Intel(R) Xeon(R) Platinum 8124M CPU @ 3.00GHz,Intel
c5n.18xlarge,us-west-2,usw2-az2,3,10.0,15.0,2.0,3.888,1.4111,63,c5n,Computing,c,72.0,192.0,25763.0081642,Intel(R) Xeon(R) Platinum 8124M CPU @ 3.00GHz,Intel(R) Xeon(R) Platinum 8124M CPU @ 3.00GHz,Intel
c5n.18xlarge,us-west-2,usw2-az3,3,15.0,30.0,2.0,3.888,1.3324,65,c5n,Computing,c,72.0,192.0,25763.0081642,Intel(R) Xeon(R) Platinum 8124M CPU @ 3.00GHz,Intel(R) Xeon(R) Platinum 8124M CPU @ 3.00GHz,Intel
c5n.18xlarge,us-west-2,usw2-az4,1,0.0,0.0,2.0,3.888,1.758,54,c5n,Computing,c,72.0,192.0,25763.0081642,Intel(R) Xeon(R) Platinum 8124M CPU @ 3.00GHz,Intel(R) Xeon(R) Platinum 8124M CPU @ 3.00GHz,Intel
c5n.2xlarge,us-west-2,usw2-az1,3,30.0,40.0,1.5,0.432,0.178,58,c5n,Computing,c,8.0,21.0,25394.801298,Intel(R) Xeon(R) Platinum 8124M CPU @ 3.00GHz,Intel(R) Xeon(R) Platinum 8124M CPU @ 3.00GHz,Intel
c5n.2xlarge,us-west-2,usw2-az2,3,5.0,10.0,1.5,0.432,0.1842,57,c5n,Computing,c,8.0,21.0,25394.801298,Intel(R) Xeon(R) Platinum 8124M CPU @ 3.00GHz,Intel(R) Xeon(R) Platinum 8124M CPU @ 3.00GHz,Intel
c5n.2xlarge,us-west-2,usw2-az3,3,10.0,20.0,1.5,0.432,0.1942,55,c5n,Computing,c,8.0,21.0,25394.801298,Intel(R) Xeon(R) Platinum 8124M CPU @ 3.00GHz,Intel(R) Xeon(R) Platinum 8124M CPU @ 3.00GHz,Intel
c5n.2xlarge,us-west-2,usw2-az4,1,0.0,0.0,1.5,0.432,0.2257,47,c5n,Computing,c,8.0,21.0,25394.801298,Intel(R) Xeon(R) Platinum 8124M CPU @ 3.00GHz,Intel(R) Xeon(R) Platinum 8124M CPU @ 3.00GHz,Intel
c5n.4xlarge,us-west-2,usw2-az1,3,20.0,30.0,1.0,0.864,0.3842,55,c5n,Computing,c,16.0,42.0,25403.409049,Intel(R) Xeon(R) Platinum 8124M CPU @ 3.00GHz,Intel(R) Xeon(R) Platinum 8124M CPU @ 3.00GHz,Intel
c5n.4xlarge,us-west-2,usw2-az2,3,5.0,10.0,1.0,0.864,0.3808,55,c5n,Computing,c,16.0,42.0,25403.409049,Intel(R) Xeon(R) Platinum 8124M CPU @ 3.00GHz,Intel(R) Xeon(R) Platinum 8124M CPU @ 3.00GHz,Intel
c5n.4xlarge,us-west-2,usw2-az3,3,5.0,10.0,1.0,0.864,0.4024,53,c5n,Computing,c,16.0,42.0,25403.409049,Intel(R) Xeon(R) Platinum 8124M CPU @ 3.00GHz,Intel(R) Xeon(R) Platinum 8124M CPU @ 3.00GHz,Intel
c5n.4xlarge,us-west-2,usw2-az4,1,0.0,0.0,1.0,0.864,0.2957,65,c5n,Computing,c,16.0,42.0,25403.409049,Intel(R) Xeon(R) Platinum 8124M CPU @ 3.00GHz,Intel(R) Xeon(R) Platinum 8124M CPU @ 3.00GHz,Intel
c5n.9xlarge,us-west-2,usw2-az1,3,15.0,35.0,1.0,1.944,0.7308,62,c5n,Computing,c,36.0,96.0,25765.3756172,Intel(R) Xeon(R) Platinum 8124M CPU @ 3.00GHz,Intel(R) Xeon(R) Platinum 8124M CPU @ 3.00GHz,Intel
c5n.9xlarge,us-west-2,usw2-az2,3,15.0,25.0,1.0,1.944,0.7109,63,c5n,Computing,c,36.0,96.0,25765.3756172,Intel(R) Xeon(R) Platinum 8124M CPU @ 3.00GHz,Intel(R) Xeon(R) Platinum 8124M CPU @ 3.00GHz,Intel
c5n.9xlarge,us-west-2,usw2-az3,3,30.0,50.0,1.0,1.944,0.7432,61,c5n,Computing,c,36.0,96.0,25765.3756172,Intel(R) Xeon(R) Platinum 8124M CPU @ 3.00GHz,Intel(R) Xeon(R) Platinum 8124M CPU @ 3.00GHz,Intel
c5n.9xlarge,us-west-2,usw2-az4,1,0.0,0.0,1.0,1.944,0.6944,64,c5n,Computing,c,36.0,96.0,25765.3756172,Intel(R) Xeon(R) Platinum 8124M CPU @ 3.00GHz,Intel(R) Xeon(R) Platinum 8124M CPU @ 3.00GHz,Intel
c5n.large,us-west-2,usw2-az1,3,20.0,25.0,1.0,0.108,0.0395,63,c5n,Computing,c,2.0,5.0,25378.780024,Intel(R) Xeon(R) Platinum 8124M CPU @ 3.00GHz,Intel(R) Xeon(R) Platinum 8124M CPU @ 3.00GHz,Intel
c5n.large,us-west-2,usw2-az2,3,15.0,25.0,1.0,0.108,0.0423,60,c5n,Computing,c,2.0,5.0,25378.780024,Intel(R) Xeon(R) Platinum 8124M CPU @ 3.00GHz,Intel(R) Xeon(R) Platinum 8124M CPU @ 3.00GHz,Intel
c5n.large,us-west-2,usw2-az3,3,10.0,20.0,1.0,0.108,0.0379,64,c5n,Computing,c,2.0,5.0,25378.780024,Intel(R) Xeon(R) Platinum 8124M CPU @ 3.00GHz,Intel(R) Xeon(R) Platinum 8124M CPU @ 3.00GHz,Intel
c5n.large,us-west-2,usw2-az4,3,1.0,1.0,1.0,0.108,0.0354,67,c5n,Computing,c,2.0,5.0,25378.780024,Intel(R) Xeon(R) Platinum 8124M CPU @ 3.00GHz,Intel(R) Xeon(R) Platinum 8124M CPU @ 3.00GHz,Intel
c5n.xlarge,us-west-2,usw2-az1,3,50.0,50.0,2.5,0.216,0.0929,56,c5n,Computing,c,4.0,10.0,25402.903327,Intel(R) Xeon(R) Platinum 8124M CPU @ 3.00GHz,Intel(R) Xeon(R) Platinum 8124M CPU @ 3.00GHz,Intel
c5n.xlarge,us-west-2,usw2-az2,3,50.0,50.0,2.5,0.216,0.094,56,c5n,Computing,c,4.0,10.0,25402.903327,Intel(R) Xeon(R) Platinum 8124M CPU @ 3.00GHz,Intel(R) Xeon(R) Platinum 8124M CPU @ 3.00GHz,Intel
c5n.xlarge,us-west-2,usw2-az3,3,10.0,15.0,2.5,0.216,0.1057,51,c5n,Computing,c,4.0,10.0,25402.903327,Intel(R) Xeon(R) Platinum 8124M CPU @ 3.00GHz,Intel(R) Xeon(R) Platinum 8124M CPU @ 3.00GHz,Intel
c5n.xlarge,us-west-2,usw2-az4,3,1.0,1.0,2.5,0.216,0.0703,67,c5n,Computing,c,4.0,10.0,25402.903327,Intel(R) Xeon(R) Platinum 8124M CPU @ 3.00GHz,Intel(R) Xeon(R) Platinum 8124M CPU @ 3.00GHz,Intel
c6a.12xlarge,us-west-2,usw2-az1,3,15.0,25.0,1.5,1.836,0.7268,60,c6a,Computing,c,48.0,96.0,33324.930290000004,AMD EPYC 7R13 Processor,AMD EPYC 7R13 Processor,AuthenticAMD
c6a.12xlarge,us-west-2,usw2-az2,3,25.0,35.0,1.5,1.836,0.7123,61,c6a,Computing,c,48.0,96.0,33324.930290000004,AMD EPYC 7R13 Processor,AMD EPYC 7R13 Processor,AuthenticAMD
c6a.12xlarge,us-west-2,usw2-az3,3,15.0,30.0,1.5,1.836,0.6876,62,c6a,Computing,c,48.0,96.0,33324.930290000004,AMD EPYC 7R13 Processor,AMD EPYC 7R13 Processor,AuthenticAMD
c6a.12xlarge,us-west-2,usw2-az4,3,1.0,1.0,1.5,1.836,0.7258,60,c6a,Computing,c,48.0,96.0,33324.930290000004,AMD EPYC 7R13 Processor,AMD EPYC 7R13 Processor,AuthenticAMD
c6a.16xlarge,us-west-2,usw2-az1,3,15.0,20.0,1.0,2.448,0.9875,59,c6a,Computing,c,64.0,128.0,34519.2044584,AMD EPYC 7R13 Processor,AMD EPYC 7R13 Processor,AuthenticAMD
c6a.16xlarge,us-west-2,usw2-az2,3,20.0,25.0,1.0,2.448,0.9205,62,c6a,Computing,c,64.0,128.0,34519.2044584,AMD EPYC 7R13 Processor,AMD EPYC 7R13 Processor,AuthenticAMD
c6a.16xlarge,us-west-2,usw2-az3,3,10.0,15.0,1.0,2.448,0.9786,60,c6a,Computing,c,64.0,128.0,34519.2044584,AMD EPYC 7R13 Processor,AMD EPYC 7R13 Processor,AuthenticAMD
c6a.16xlarge,us-west-2,usw2-az4,3,1.0,5.0,1.0,2.448,0.9853,59,c6a,Computing,c,64.0,128.0,34519.2044584,AMD EPYC 7R13 Processor,AMD EPYC 7R13 Processor,AuthenticAMD
c6a.24xlarge,us-west-2,usw2-az1,3,1.0,1.0,1.0,3.672,1.3504,63,c6a,Computing,c,96.0,192.0,33373.607559000004,AMD EPYC 7R13 Processor,AMD EPYC 7R13 Processor,AuthenticAMD
c6a.24xlarge,us-west-2,usw2-az2,3,10.0,15.0,1.0,3.672,1.4648,60,c6a,Computing,c,96.0,192.0,33373.607559000004,AMD EPYC 7R13 Processor,AMD EPYC 7R13 Processor,AuthenticAMD
c6a.24xlarge,us-west-2,usw2-az3,3,1.0,1.0,1.0,3.672,1.3487,63,c6a,Computing,c,96.0,192.0,33373.607559000004,AMD EPYC 7R13 Processor,AMD EPYC 7R13 Processor,AuthenticAMD
c6a.24xlarge,us-west-2,usw2-az4,3,1.0,5.0,1.0,3.672,1.4972,59,c6a,Computing,c,96.0,192.0,33373.607559000004,AMD EPYC 7R13 Processor,AMD EPYC 7R13 Processor,AuthenticAMD
c6a.2xlarge,us-west-2,usw2-az1,3,50.0,50.0,2.0,0.306,0.1208,60,c6a,Computing,c,8.0,16.0,33373.383458000004,AMD EPYC 7R13 Processor,AMD EPYC 7R13 Processor,AuthenticAMD
c6a.2xlarge,us-west-2,usw2-az2,3,50.0,50.0,2.0,0.306,0.1116,63,c6a,Computing,c,8.0,16.0,33373.383458000004,AMD EPYC 7R13 Processor,AMD EPYC 7R13 Processor,AuthenticAMD
c6a.2xlarge,us-west-2,usw2-az3,3,50.0,50.0,2.0,0.306,0.1327,56,c6a,Computing,c,8.0,16.0,33373.383458000004,AMD EPYC 7R13 Processor,AMD EPYC 7R13 Processor,AuthenticAMD
c6a.2xlarge,us-west-2,usw2-az4,3,40.0,50.0,2.0,0.306,0.1318,56,c6a,Computing,c,8.0,16.0,33373.383458000004,AMD EPYC 7R13 Processor,AMD EPYC 7R13 Processor,AuthenticAMD
c6a.32xlarge,us-west-2,usw2-az1,1,0.0,0.0,1.0,4.896,1.8296,62,c6a,Computing,c,128.0,256.0,34539.950602799996,AMD EPYC 7R13 Processor,AMD EPYC 7R13 Processor,AuthenticAMD
c6a.32xlarge,us-west-2,usw2-az2,3,1.0,5.0,1.0,4.896,1.9233,60,c6a,Computing,c,128.0,256.0,34539.950602799996,AMD EPYC 7R13 Processor,AMD EPYC 7R13 Processor,AuthenticAMD
c6a.32xlarge,us-west-2,usw2-az3,1,0.0,0.0,1.0,4.896,1.7489,64,c6a,Computing,c,128.0,256.0,34539.950602799996,AMD EPYC 7R13 Processor,AMD EPYC 7R13 Processor,AuthenticAMD
c6a.32xlarge,us-west-2,usw2-az4,3,1.0,1.0,1.0,4.896,1.59,67,c6a,Computing,c,128.0,256.0,34539.950602799996,AMD EPYC 7R13 Processor,AMD EPYC 7R13 Processor,AuthenticAMD
c6a.48xlarge,us-west-2,usw2-az1,1,0.0,0.0,1.5,7.344,2.5198,65,c6a,Computing,c,192.0,384.0,33388.224271600004,AMD EPYC 7R13 Processor,AMD EPYC 7R13 Processor,AuthenticAMD
c6a.48xlarge,us-west-2,usw2-az2,3,5.0,5.0,1.5,7.344,2.5912,64,c6a,Computing,c,192.0,384.0,33388.224271600004,AMD EPYC 7R13 Processor,AMD EPYC 7R13 Processor,AuthenticAMD
c6a.48xlarge,us-west-2,usw2-az3,1,0.0,0.0,1.5,7.344,2.6418,64,c6a,Computing,c,192.0,384.0,33388.224271600004,AMD EPYC 7R13 Processor,AMD EPYC 7R13 Processor,AuthenticAMD
c6a.48xlarge,us-west-2,usw2-az4,3,5.0,10.0,1.5,7.344,2.7715,62,c6a,Computing,c,192.0,384.0,33388.224271600004,AMD EPYC 7R13 Processor,AMD EPYC 7R13 Processor,AuthenticAMD
c6a.4xlarge,us-west-2,usw2-az1,3,50.0,50.0,2.0,0.612,0.2651,56,c6a,Computing,c,16.0,32.0,33305.3249148,AMD EPYC 7R13 Processor,AMD EPYC 7R13 Processor,AuthenticAMD
c6a.4xlarge,us-west-2,usw2-az2,3,50.0,50.0,2.0,0.612,0.2726,55,c6a,Computing,c,16.0,32.0,33305.3249148,AMD EPYC 7R13 Processor,AMD EPYC 7R13 Processor,AuthenticAMD
c6a.4xlarge,us-west-2,usw2-az3,3,50.0,50.0,2.0,0.612,0.2778,54,c6a,Computing,c,16.0,32.0,33305.3249148,AMD EPYC 7R13 Processor,AMD EPYC 7R13 Processor,AuthenticAMD
c6a.4xlarge,us-west-2,usw2-az4,3,25.0,40.0,2.0,0.612,0.2361,61,c6a,Computing,c,16.0,32.0,33305.3249148,AMD EPYC 7R13 Processor,AMD EPYC 7R13 Processor,AuthenticAMD
c6a.8xlarge,us-west-2,usw2-az1,3,50.0,50.0,1.0,1.224,0.5266,56,c6a,Computing,c,32.0,64.0,33289.65002660001,AMD EPYC 7R13 Processor,AMD EPYC 7R13 Processor,AuthenticAMD
c6a.8xlarge,us-west-2,usw2-az2,3,50.0,50.0,1.0,1.224,0.5249,57,c6a,Computing,c,32.0,64.0,33289.65002660001,AMD EPYC 7R13 Processor,AMD EPYC 7R13 Processor,AuthenticAMD
c6a.8xlarge,us-west-2,usw2-az3,3,50.0,50.0,1.0,1.224,0.5198,57,c6a,Computing,c,32.0,64.0,33289.65002660001,AMD EPYC 7R13 Processor,AMD EPYC 7R13 Processor,AuthenticAMD
c6a.8xlarge,us-west-2,usw2-az4,3,10.0,15.0,1.0,1.224,0.4678,61,c6a,Computing,c,32.0,64.0,33289.65002660001,AMD EPYC 7R13 Processor,AMD EPYC 7R13 Processor,AuthenticAMD
c6a.large,us-west-2,usw2-az1,3,50.0,50.0,2.5,0.0765,0.0254,66,c6a,Computing,c,2.0,4.0,33314.9004888,AMD EPYC 7R13 Processor,AMD EPYC 7R13 Processor,AuthenticAMD
c6a.large,us-west-2,usw2-az2,3,50.0,50.0,2.5,0.0765,0.0271,64,c6a,Computing,c,2.0,4.0,33314.9004888,AMD EPYC 7R13 Processor,AMD EPYC 7R13 Processor,AuthenticAMD
c6a.large,us-west-2,usw2-az3,3,50.0,50.0,2.5,0.0765,0.0263,65,c6a,Computing,c,2.0,4.0,33314.9004888,AMD EPYC 7R13 Processor,AMD EPYC 7R13 Processor,AuthenticAMD
c6a.large,us-west-2,usw2-az4,3,50.0,50.0,2.5,0.0765,0.0198,74,c6a,Computing,c,2.0,4.0,33314.9004888,AMD EPYC 7R13 Processor,AMD EPYC 7R13 Processor,AuthenticAMD
c6a.xlarge,us-west-2,usw2-az1,3,50.0,50.0,2.5,0.153,0.0659,56,c6a,Computing,c,4.0,8.0,33371.1748894,AMD EPYC 7R13 Processor,AMD EPYC 7R13 Processor,AuthenticAMD
c6a.xlarge,us-west-2,usw2-az2,3,50.0,50.0,2.5,0.153,0.0541,64,c6a,Computing,c,4.0,8.0,33371.1748894,AMD EPYC 7R13 Processor,AMD EPYC 7R13 Processor,AuthenticAMD
c6a.xlarge,us-west-2,usw2-az3,3,50.0,50.0,2.5,0.153,0.0669,56,c6a,Computing,c,4.0,8.0,33371.1748894,AMD EPYC 7R13 Processor,AMD EPYC 7R13 Processor,AuthenticAMD
c6a.xlarge,us-west-2,usw2-az4,3,50.0,50.0,2.5,0.153,0.0521,65,c6a,Computing,c,4.0,8.0,33371.1748894,AMD EPYC 7R13 Processor,AMD EPYC 7R13 Processor,AuthenticAMD
c6g.12xlarge,us-west-2,usw2-az1,3,5.0,15.0,1.0,1.632,0.7717,52,c6g,Computing,c,48.0,96.0,19340.1904786,AWS Graviton2 Processor,Neoverse-N1,AWS
c6g.12xlarge,us-west-2,usw2-az2,3,50.0,50.0,1.0,1.632,0.673,58,c6g,Computing,c,48.0,96.0,19340.1904786,AWS Graviton2 Processor,Neoverse-N1,AWS
c6g.12xlarge,us-west-2,usw2-az3,3,45.0,50.0,1.0,1.632,0.7575,53,c6g,Computing,c,48.0,96.0,19340.1904786,AWS Graviton2 Processor,Neoverse-N1,AWS
c6g.12xlarge,us-west-2,usw2-az4,3,1.0,1.0,1.0,1.632,0.6333,61,c6g,Computing,c,48.0,96.0,19340.1904786,AWS Graviton2 Processor,Neoverse-N1,AWS
c6g.16xlarge,us-west-2,usw2-az1,3,20.0,40.0,1.0,2.176,0.6775,68,c6g,Computing,c,64.0,128.0,19338.6211634,AWS Graviton2 Processor,Neoverse-N1,AWS
c6g.16xlarge,us-west-2,usw2-az2,3,5.0,5.0,1.0,2.176,0.7467,65,c6g,Computing,c,64.0,128.0,19338.6211634,AWS Graviton2 Processor,Neoverse-N1,AWS
c6g.16xlarge,us-west-2,usw2-az3,3,10.0,15.0,1.0,2.176,0.6577,69,c6g,Computing,c,64.0,128.0,19338.6211634,AWS Graviton2 Processor,Neoverse-N1,AWS
c6g.16xlarge,us-west-2,usw2-az4,3,1.0,1.0,1.0,2.176,0.8309,61,c6g,Computing,c,64.0,128.0,19338.6211634,AWS Graviton2 Processor,Neoverse-N1,AWS
c6g.2xlarge,us-west-2,usw2-az1,3,10.0,15.0,2.5,0.272,0.1061,60,c6g,Computing,c,8.0,16.0,19334.7323786,AWS Graviton2 Processor,Neoverse-N1,AWS
c6g.2xlarge,us-west-2,usw2-az2,3,35.0,50.0,2.5,0.272,0.1064,60,c6g,Computing,c,8.0,16.0,19334.7323786,AWS Graviton2 Processor,Neoverse-N1,AWS
c6g.2xlarge,us-west-2,usw2-az3,3,50.0,50.0,2.5,0.272,0.1036,61,c6g,Computing,c,8.0,16.0,19334.7323786,AWS Graviton2 Processor,Neoverse-N1,AWS
c6g.2xlarge,us-west-2,usw2-az4,3,5.0,5.0,2.5,0.272,0.0931,65,c6g,Computing,c,8.0,16.0,19334.7323786,AWS Graviton2 Processor,Neoverse-N1,AWS
c6g.4xlarge,us-west-2,usw2-az1,3,50.0,50.0,1.0,0.544,0.2198,59,c6g,Computing,c,16.0,32.0,19336.901911,AWS Graviton2 Processor,Neoverse-N1,AWS
c6g.4xlarge,us-west-2,usw2-az2,3,50.0,50.0,1.0,0.544,0.1945,64,c6g,Computing,c,16.0,32.0,19336.901911,AWS Graviton2 Processor,Neoverse-N1,AWS
c6g.4xlarge,us-west-2,usw2-az3,3,50.0,50.0,1.0,0.544,0.1757,67,c6g,Computing,c,16.0,32.0,19336.901911,AWS Graviton2 Processor,Neoverse-N1,AWS
c6g.4xlarge,us-west-2,usw2-az4,3,5.0,10.0,1.0,0.544,0.2105,61,c6g,Computing,c,16.0,32.0,19336.901911,AWS Graviton2 Processor,Neoverse-N1,AWS
c6g.8xlarge,us-west-2,usw2-az1,3,50.0,50.0,3.0,1.088,0.4144,61,c6g,Computing,c,32.0,64.0,19338.9945948,AWS Graviton2 Processor,Neoverse-N1,AWS
c6g.8xlarge,us-west-2,usw2-az2,3,50.0,50.0,3.0,1.088,0.4138,61,c6g,Computing,c,32.0,64.0,19338.9945948,AWS Graviton2 Processor,Neoverse-N1,AWS
c6g.8xlarge,us-west-2,usw2-az3,3,50.0,50.0,3.0,1.088,0.3972,63,c6g,Computing,c,32.0,64.0,19338.9945948,AWS Graviton2 Processor,Neoverse-N1,AWS
c6g.8xlarge,us-west-2,usw2-az4,3,10.0,15.0,3.0,1.088,0.4176,61,c6g,Computing,c,32.0,64.0,19338.9945948,AWS Graviton2 Processor,Neoverse-N1,AWS
c6g.large,us-west-2,usw2-az1,3,50.0,50.0,2.0,0.068,0.0276,59,c6g,Computing,c,2.0,4.0,19338.172986800004,AWS Graviton2 Processor,Neoverse-N1,AWS
c6g.large,us-west-2,usw2-az2,3,50.0,50.0,2.0,0.068,0.0273,59,c6g,Computing,c,2.0,4.0,19338.172986800004,AWS Graviton2 Processor,Neoverse-N1,AWS
c6g.large,us-west-2,usw2-az3,3,30.0,50.0,2.0,0.068,0.0273,59,c6g,Computing,c,2.0,4.0,19338.172986800004,AWS Graviton2 Processor,Neoverse-N1,AWS
c6g.large,us-west-2,usw2-az4,3,50.0,50.0,2.0,0.068,0.0272,60,c6g,Computing,c,2.0,4.0,19338.172986800004,AWS Graviton2 Processor,Neoverse-N1,AWS
c6g.medium,us-west-2,usw2-az1,3,50.0,50.0,3.0,0.034,0.0104,69,c6g,Computing,c,1.0,2.0,19336.375908,AWS Graviton2 Processor,Neoverse-N1,AWS
c6g.medium,us-west-2,usw2-az2,3,50.0,50.0,3.0,0.034,0.0109,67,c6g,Computing,c,1.0,2.0,19336.375908,AWS Graviton2 Processor,Neoverse-N1,AWS
c6g.medium,us-west-2,usw2-az3,3,50.0,50.0,3.0,0.034,0.0116,65,c6g,Computing,c,1.0,2.0,19336.375908,AWS Graviton2 Processor,Neoverse-N1,AWS
c6g.medium,us-west-2,usw2-az4,3,40.0,50.0,3.0,0.034,0.0102,70,c6g,Computing,c,1.0,2.0,19336.375908,AWS Graviton2 Processor,Neoverse-N1,AWS
c6g.xlarge,us-west-2,usw2-az1,3,30.0,45.0,2.5,0.136,0.0586,56,c6g,Computing,c,4.0,8.0,19240.044134999996,AWS Graviton2 Processor,Neoverse-N1,AWS
c6g.xlarge,us-west-2,usw2-az2,3,50.0,50.0,2.5,0.136,0.0608,55,c6g,Computing,c,4.0,8.0,19240.044134999996,AWS Graviton2 Processor,Neoverse-N1,AWS
c6g.xlarge,us-west-2,usw2-az3,3,30.0,50.0,2.5,0.136,0.0526,61,c6g,Computing,c,4.0,8.0,19240.044134999996,AWS Graviton2 Processor,Neoverse-N1,AWS
c6g.xlarge,us-west-2,usw2-az4,3,5.0,10.0,2.5,0.136,0.0618,54,c6g,Computing,c,4.0,8.0,19240.044134999996,AWS Graviton2 Processor,Neoverse-N1,AWS
c6gd.12xlarge,us-west-2,usw2-az1,3,50.0,50.0,1.5,1.8432,0.6246,66,c6gd,Computing,c,48.0,96.0,19335.1098,AWS Graviton2 Processor,Neoverse-N1,AWS
c6gd.12xlarge,us-west-2,usw2-az2,3,50.0,50.0,1.5,1.8432,0.632,65,c6gd,Computing,c,48.0,96.0,19335.1098,AWS Graviton2 Processor,Neoverse-N1,AWS
c6gd.12xlarge,us-west-2,usw2-az3,3,50.0,50.0,1.5,1.8432,0.6152,66,c6gd,Computing,c,48.0,96.0,19335.1098,AWS Graviton2 Processor,Neoverse-N1,AWS
c6gd.12xlarge,us-west-2,usw2-az4,3,25.0,40.0,1.5,1.8432,0.5882,68,c6gd,Computing,c,48.0,96.0,19335.1098,AWS Graviton2 Processor,Neoverse-N1,AWS
c6gd.16xlarge,us-west-2,usw2-az1,3,50.0,50.0,2.5,2.4576,0.7936,67,c6gd,Computing,c,64.0,128.0,19331.0703,AWS Graviton2 Processor,Neoverse-N1,AWS
c6gd.16xlarge,us-west-2,usw2-az2,3,50.0,50.0,2.5,2.4576,0.8123,66,c6gd,Computing,c,64.0,128.0,19331.0703,AWS Graviton2 Processor,Neoverse-N1,AWS
c6gd.16xlarge,us-west-2,usw2-az3,3,50.0,50.0,2.5,2.4576,0.7719,68,c6gd,Computing,c,64.0,128.0,19331.0703,AWS Graviton2 Processor,Neoverse-N1,AWS
c6gd.16xlarge,us-west-2,usw2-az4,3,1.0,1.0,2.5,2.4576,0.8336,66,c6gd,Computing,c,64.0,128.0,19331.0703,AWS Graviton2 Processor,Neoverse-N1,AWS
c6gd.2xlarge,us-west-2,usw2-az1,3,50.0,50.0,1.0,0.3072,0.0813,73,c6gd,Computing,c,8.0,16.0,19332.938,AWS Graviton2 Processor,Neoverse-N1,AWS
c6gd.2xlarge,us-west-2,usw2-az2,3,50.0,50.0,1.0,0.3072,0.0799,73,c6gd,Computing,c,8.0,16.0,19332.938,AWS Graviton2 Processor,Neoverse-N1,AWS
c6gd.2xlarge,us-west-2,usw2-az3,3,50.0,50.0,1.0,0.3072,0.081,73,c6gd,Computing,c,8.0,16.0,19332.938,AWS Graviton2 Processor,Neoverse-N1,AWS
c6gd.2xlarge,us-west-2,usw2-az4,3,30.0,45.0,1.0,0.3072,0.1048,65,c6gd,Computing,c,8.0,16.0,19332.938,AWS Graviton2 Processor,Neoverse-N1,AWS
c6gd.4xlarge,us-west-2,usw2-az1,3,25.0,25.0,1.5,0.6144,0.2043,66,c6gd,Computing,c,16.0,32.0,19340.5703,AWS Graviton2 Processor,Neoverse-N1,AWS
c6gd.4xlarge,us-west-2,usw2-az2,3,10.0,30.0,1.5,0.6144,0.213,65,c6gd,Computing,c,16.0,32.0,19340.5703,AWS Graviton2 Processor,Neoverse-N1,AWS
c6gd.4xlarge,us-west-2,usw2-az3,3,20.0,30.0,1.5,0.6144,0.1967,67,c6gd,Computing,c,16.0,32.0,19340.5703,AWS Graviton2 Processor,Neoverse-N1,AWS
c6gd.4xlarge,us-west-2,usw2-az4,3,50.0,50.0,1.5,0.6144,0.2255,63,c6gd,Computing,c,16.0,32.0,19340.5703,AWS Graviton2 Processor,Neoverse-N1,AWS
c6gd.8xlarge,us-west-2,usw2-az1,3,50.0,50.0,1.5,1.2288,0.4219,65,c6gd,Computing,c,32.0,64.0,19343.8567,AWS Graviton2 Processor,Neoverse-N1,AWS
c6gd.8xlarge,us-west-2,usw2-az2,3,20.0,30.0,1.5,1.2288,0.4111,66,c6gd,Computing,c,32.0,64.0,19343.8567,AWS Graviton2 Processor,Neoverse-N1,AWS
c6gd.8xlarge,us-west-2,usw2-az3,3,5.0,20.0,1.5,1.2288,0.3887,68,c6gd,Computing,c,32.0,64.0,19343.8567,AWS Graviton2 Processor,Neoverse-N1,AWS
c6gd.8xlarge,us-west-2,usw2-az4,3,30.0,45.0,1.5,1.2288,0.427,65,c6gd,Computing,c,32.0,64.0,19343.8567,AWS Graviton2 Processor,Neoverse-N1,AWS
c6gd.large,us-west-2,usw2-az1,3,1.0,1.0,2.0,0.0768,0.0304,60,c6gd,Computing,c,2.0,4.0,19339.7418,AWS Graviton2 Processor,Neoverse-N1,AWS
c6gd.large,us-west-2,usw2-az2,3,5.0,10.0,2.0,0.0768,0.0312,59,c6gd,Computing,c,2.0,4.0,19339.7418,AWS Graviton2 Processor,Neoverse-N1,AWS
c6gd.large,us-west-2,usw2-az3,3,5.0,10.0,2.0,0.0768,0.0297,61,c6gd,Computing,c,2.0,4.0,19339.7418,AWS Graviton2 Processor,Neoverse-N1,AWS
c6gd.large,us-west-2,usw2-az4,3,40.0,50.0,2.0,0.0768,0.0265,65,c6gd,Computing,c,2.0,4.0,19339.7418,AWS Graviton2 Processor,Neoverse-N1,AWS
c6gd.medium,us-west-2,usw2-az1,3,10.0,15.0,3.0,0.0384,0.0117,69,c6gd,Computing,c,1.0,2.0,19343.0382,AWS Graviton2 Processor,Neoverse-N1,AWS
c6gd.medium,us-west-2,usw2-az2,3,20.0,30.0,3.0,0.0384,0.012,68,c6gd,Computing,c,1.0,2.0,19343.0382,AWS Graviton2 Processor,Neoverse-N1,AWS
c6gd.medium,us-west-2,usw2-az3,3,15.0,25.0,3.0,0.0384,0.0121,68,c6gd,Computing,c,1.0,2.0,19343.0382,AWS Graviton2 Processor,Neoverse-N1,AWS
c6gd.medium,us-west-2,usw2-az4,3,50.0,50.0,3.0,0.0384,0.01,73,c6gd,Computing,c,1.0,2.0,19343.0382,AWS Graviton2 Processor,Neoverse-N1,AWS
c6gd.xlarge,us-west-2,usw2-az1,3,10.0,15.0,2.5,0.1536,0.0594,61,c6gd,Computing,c,4.0,8.0,19339.6675,AWS Graviton2 Processor,Neoverse-N1,AWS
c6gd.xlarge,us-west-2,usw2-az2,3,10.0,15.0,2.5,0.1536,0.0727,52,c6gd,Computing,c,4.0,8.0,19339.6675,AWS Graviton2 Processor,Neoverse-N1,AWS
c6gd.xlarge,us-west-2,usw2-az3,3,10.0,15.0,2.5,0.1536,0.0656,57,c6gd,Computing,c,4.0,8.0,19339.6675,AWS Graviton2 Processor,Neoverse-N1,AWS
c6gd.xlarge,us-west-2,usw2-az4,3,45.0,50.0,2.5,0.1536,0.0616,59,c6gd,Computing,c,4.0,8.0,19339.6675,AWS Graviton2 Processor,Neoverse-N1,AWS
c6gn.12xlarge,us-west-2,usw2-az1,2,0.0,1.0,3.0,2.0736,0.6926,66,c6gn,Computing,c,48.0,96.0,19336.9770258,AWS Graviton2 Processor,Neoverse-N1,AWS
c6gn.12xlarge,us-west-2,usw2-az2,2,0.0,1.0,3.0,2.0736,0.7496,63,c6gn,Computing,c,48.0,96.0,19336.9770258,AWS Graviton2 Processor,Neoverse-N1,AWS
c6gn.12xlarge,us-west-2,usw2-az3,3,1.0,1.0,3.0,2.0736,0.7437,64,c6gn,Computing,c,48.0,96.0,19336.9770258,AWS Graviton2 Processor,Neoverse-N1,AWS
c6gn.12xlarge,us-west-2,usw2-az4,3,15.0,25.0,3.0,2.0736,0.6643,67,c6gn,Computing,c,48.0,96.0,19336.9770258,AWS Graviton2 Processor,Neoverse-N1,AWS
c6gn.16xlarge,us-west-2,usw2-az1,3,1.0,1.0,2.5,2.7648,0.9469,65,c6gn,Computing,c,64.0,128.0,19332.7130206,AWS Graviton2 Processor,Neoverse-N1,AWS
c6gn.16xlarge,us-west-2,usw2-az2,1,0.0,0.0,2.5,2.7648,0.9258,66,c6gn,Computing,c,64.0,128.0,19332.7130206,AWS Graviton2 Processor,Neoverse-N1,AWS
c6gn.16xlarge,us-west-2,usw2-az3,3,5.0,5.0,2.5,2.7648,0.9846,64,c6gn,Computing,c,64.0,128.0,19332.7130206,AWS Graviton2 Processor,Neoverse-N1,AWS
c6gn.16xlarge,us-west-2,usw2-az4,3,15.0,25.0,2.5,2.7648,0.9364,66,c6gn,Computing,c,64.0,128.0,19332.7130206,AWS Graviton2 Processor,Neoverse-N1,AWS
c6gn.2xlarge,us-west-2,usw2-az1,3,1.0,5.0,1.5,0.3456,0.1275,63,c6gn,Computing,c,8.0,16.0,19330.7700704,AWS Graviton2 Processor,Neoverse-N1,AWS
c6gn.2xlarge,us-west-2,usw2-az2,3,1.0,1.0,1.5,0.3456,0.1195,65,c6gn,Computing,c,8.0,16.0,19330.7700704,AWS Graviton2 Processor,Neoverse-N1,AWS
c6gn.2xlarge,us-west-2,usw2-az3,3,5.0,10.0,1.5,0.3456,0.1387,59,c6gn,Computing,c,8.0,16.0,19330.7700704,AWS Graviton2 Processor,Neoverse-N1,AWS
c6gn.2xlarge,us-west-2,usw2-az4,3,5.0,5.0,1.5,0.3456,0.1472,57,c6gn,Computing,c,8.0,16.0,19330.7700704,AWS Graviton2 Processor,Neoverse-N1,AWS
c6gn.4xlarge,us-west-2,usw2-az1,3,5.0,10.0,3.0,0.6912,0.2752,60,c6gn,Computing,c,16.0,32.0,19333.908780599995,AWS Graviton2 Processor,Neoverse-N1,AWS
c6gn.4xlarge,us-west-2,usw2-az2,1,0.0,0.0,3.0,0.6912,0.2818,59,c6gn,Computing,c,16.0,32.0,19333.908780599995,AWS Graviton2 Processor,Neoverse-N1,AWS
c6gn.4xlarge,us-west-2,usw2-az3,3,15.0,20.0,3.0,0.6912,0.2901,58,c6gn,Computing,c,16.0,32.0,19333.908780599995,AWS Graviton2 Processor,Neoverse-N1,AWS
c6gn.4xlarge,us-west-2,usw2-az4,3,10.0,15.0,3.0,0.6912,0.2482,64,c6gn,Computing,c,16.0,32.0,19333.908780599995,AWS Graviton2 Processor,Neoverse-N1,AWS
c6gn.8xlarge,us-west-2,usw2-az1,3,1.0,5.0,1.5,1.3824,0.5066,63,c6gn,Computing,c,32.0,64.0,19339.3687546,AWS Graviton2 Processor,Neoverse-N1,AWS
c6gn.8xlarge,us-west-2,usw2-az2,3,1.0,1.0,1.5,1.3824,0.5639,59,c6gn,Computing,c,32.0,64.0,19339.3687546,AWS Graviton2 Processor,Neoverse-N1,AWS
c6gn.8xlarge,us-west-2,usw2-az3,3,10.0,15.0,1.5,1.3824,0.5129,62,c6gn,Computing,c,32.0,64.0,19339.3687546,AWS Graviton2 Processor,Neoverse-N1,AWS
c6gn.8xlarge,us-west-2,usw2-az4,3,1.0,5.0,1.5,1.3824,0.4872,64,c6gn,Computing,c,32.0,64.0,19339.3687546,AWS Graviton2 Processor,Neoverse-N1,AWS
c6gn.large,us-west-2,usw2-az1,3,5.0,10.0,1.0,0.0864,0.0592,31,c6gn,Computing,c,2.0,4.0,19340.7147556,AWS Graviton2 Processor,Neoverse-N1,AWS
c6gn.large,us-west-2,usw2-az2,3,15.0,25.0,1.0,0.0864,0.0387,55,c6gn,Computing,c,2.0,4.0,19340.7147556,AWS Graviton2 Processor,Neoverse-N1,AWS
c6gn.large,us-west-2,usw2-az3,3,10.0,20.0,1.0,0.0864,0.0311,64,c6gn,Computing,c,2.0,4.0,19340.7147556,AWS Graviton2 Processor,Neoverse-N1,AWS
c6gn.large,us-west-2,usw2-az4,3,15.0,25.0,1.0,0.0864,0.0302,65,c6gn,Computing,c,2.0,4.0,19340.7147556,AWS Graviton2 Processor,Neoverse-N1,AWS
c6gn.medium,us-west-2,usw2-az1,3,10.0,15.0,3.0,0.0432,0.0131,69,c6gn,Computing,c,1.0,2.0,19318.908766400004,AWS Graviton2 Processor,Neoverse-N1,AWS
c6gn.medium,us-west-2,usw2-az2,3,10.0,15.0,3.0,0.0432,0.0142,67,c6gn,Computing,c,1.0,2.0,19318.908766400004,AWS Graviton2 Processor,Neoverse-N1,AWS
c6gn.medium,us-west-2,usw2-az3,3,10.0,15.0,3.0,0.0432,0.0132,69,c6gn,Computing,c,1.0,2.0,19318.908766400004,AWS Graviton2 Processor,Neoverse-N1,AWS
c6gn.medium,us-west-2,usw2-az4,3,40.0,50.0,3.0,0.0432,0.0115,73,c6gn,Computing,c,1.0,2.0,19318.908766400004,AWS Graviton2 Processor,Neoverse-N1,AWS
c6gn.xlarge,us-west-2,usw2-az1,3,10.0,15.0,1.5,0.1728,0.0714,58,c6gn,Computing,c,4.0,8.0,19338.3219264,AWS Graviton2 Processor,Neoverse-N1,AWS
c6gn.xlarge,us-west-2,usw2-az2,3,1.0,5.0,1.5,0.1728,0.0578,66,c6gn,Computing,c,4.0,8.0,19338.3219264,AWS Graviton2 Processor,Neoverse-N1,AWS
c6gn.xlarge,us-west-2,usw2-az3,3,10.0,20.0,1.5,0.1728,0.0653,62,c6gn,Computing,c,4.0,8.0,19338.3219264,AWS Graviton2 Processor,Neoverse-N1,AWS
c6gn.xlarge,us-west-2,usw2-az4,3,10.0,20.0,1.5,0.1728,0.0702,59,c6gn,Computing,c,4.0,8.0,19338.3219264,AWS Graviton2 Processor,Neoverse-N1,AWS
c6i.12xlarge,us-west-2,usw2-az1,3,20.0,40.0,1.0,2.04,0.7227,64,c6i,Computing,c,48.0,96.0,28988.062929999996,Intel(R) Xeon(R) Platinum 8375C CPU @ 2.90GHz,Intel(R) Xeon(R) Platinum 8375C CPU @ 2.90GHz,Intel
c6i.12xlarge,us-west-2,usw2-az2,3,5.0,5.0,1.0,2.04,0.7017,65,c6i,Computing,c,48.0,96.0,28988.062929999996,Intel(R) Xeon(R) Platinum 8375C CPU @ 2.90GHz,Intel(R) Xeon(R) Platinum 8375C CPU @ 2.90GHz,Intel
c6i.12xlarge,us-west-2,usw2-az3,3,10.0,20.0,1.0,2.04,0.7433,63,c6i,Computing,c,48.0,96.0,28988.062929999996,Intel(R) Xeon(R) Platinum 8375C CPU @ 2.90GHz,Intel(R) Xeon(R) Platinum 8375C CPU @ 2.90GHz,Intel
c6i.12xlarge,us-west-2,usw2-az4,3,1.0,1.0,1.0,2.04,0.7145,64,c6i,Computing,c,48.0,96.0,28988.062929999996,Intel(R) Xeon(R) Platinum 8375C CPU @ 2.90GHz,Intel(R) Xeon(R) Platinum 8375C CPU @ 2.90GHz,Intel
c6i.16xlarge,us-west-2,usw2-az1,3,5.0,10.0,1.0,2.72,1.0063,63,c6i,Computing,c,64.0,128.0,28992.4932682,Intel(R) Xeon(R) Platinum 8375C CPU @ 2.90GHz,Intel(R) Xeon(R) Platinum 8375C CPU @ 2.90GHz,Intel
c6i.16xlarge,us-west-2,usw2-az2,3,5.0,10.0,1.0,2.72,0.9171,66,c6i,Computing,c,64.0,128.0,28992.4932682,Intel(R) Xeon(R) Platinum 8375C CPU @ 2.90GHz,Intel(R) Xeon(R) Platinum 8375C CPU @ 2.90GHz,Intel
c6i.16xlarge,us-west-2,usw2-az3,3,15.0,30.0,1.0,2.72,0.9527,64,c6i,Computing,c,64.0,128.0,28992.4932682,Intel(R) Xeon(R) Platinum 8375C CPU @ 2.90GHz,Intel(R) Xeon(R) Platinum 8375C CPU @ 2.90GHz,Intel
c6i.16xlarge,us-west-2,usw2-az4,3,5.0,10.0,1.0,2.72,0.9884,63,c6i,Computing,c,64.0,128.0,28992.4932682,Intel(R) Xeon(R) Platinum 8375C CPU @ 2.90GHz,Intel(R) Xeon(R) Platinum 8375C CPU @ 2.90GHz,Intel
c6i.24xlarge,us-west-2,usw2-az1,3,5.0,5.0,1.0,4.08,1.4089,65,c6i,Computing,c,96.0,192.0,28987.8711202,Intel(R) Xeon(R) Platinum 8375C CPU @ 2.90GHz,Intel(R) Xeon(R) Platinum 8375C CPU @ 2.90GHz,Intel
c6i.24xlarge,us-west-2,usw2-az2,3,5.0,10.0,1.0,4.08,1.3117,67,c6i,Computing,c,96.0,192.0,28987.8711202,Intel(R) Xeon(R) Platinum 8375C CPU @ 2.90GHz,Intel(R) Xeon(R) Platinum 8375C CPU @ 2.90GHz,Intel
c6i.24xlarge,us-west-2,usw2-az3,3,15.0,15.0,1.0,4.08,1.4212,65,c6i,Computing,c,96.0,192.0,28987.8711202,Intel(R) Xeon(R) Platinum 8375C CPU @ 2.90GHz,Intel(R) Xeon(R) Platinum 8375C CPU @ 2.90GHz,Intel
c6i.24xlarge,us-west-2,usw2-az4,3,5.0,10.0,1.0,4.08,1.5167,62,c6i,Computing,c,96.0,192.0,28987.8711202,Intel(R) Xeon(R) Platinum 8375C CPU @ 2.90GHz,Intel(R) Xeon(R) Platinum 8375C CPU @ 2.90GHz,Intel
c6i.2xlarge,us-west-2,usw2-az1,3,50.0,50.0,2.5,0.34,0.1422,58,c6i,Computing,c,8.0,16.0,28993.581941399996,Intel(R) Xeon(R) Platinum 8375C CPU @ 2.90GHz,Intel(R) Xeon(R) Platinum 8375C CPU @ 2.90GHz,Intel
c6i.2xlarge,us-west-2,usw2-az2,3,50.0,50.0,2.5,0.34,0.1443,57,c6i,Computing,c,8.0,16.0,28993.581941399996,Intel(R) Xeon(R) Platinum 8375C CPU @ 2.90GHz,Intel(R) Xeon(R) Platinum 8375C CPU @ 2.90GHz,Intel
c6i.2xlarge,us-west-2,usw2-az3,3,50.0,50.0,2.5,0.34,0.1402,58,c6i,Computing,c,8.0,16.0,28993.581941399996,Intel(R) Xeon(R) Platinum 8375C CPU @ 2.90GHz,Intel(R) Xeon(R) Platinum 8375C CPU @ 2.90GHz,Intel
c6i.2xlarge,us-west-2,usw2-az4,3,50.0,50.0,2.5,0.34,0.1153,66,c6i,Computing,c,8.0,16.0,28993.581941399996,Intel(R) Xeon(R) Platinum 8375C CPU @ 2.90GHz,Intel(R) Xeon(R) Platinum 8375C CPU @ 2.90GHz,Intel
c6i.32xlarge,us-west-2,usw2-az1,2,0.0,1.0,1.0,5.44,2.0227,62,c6i,Computing,c,128.0,256.0,29018.165251799997,Intel(R) Xeon(R) Platinum 8375C CPU @ 2.90GHz,Intel(R) Xeon(R) Platinum 8375C CPU @ 2.90GHz,Intel
c6i.32xlarge,us-west-2,usw2-az2,2,0.0,1.0,1.0,5.44,1.9709,63,c6i,Computing,c,128.0,256.0,29018.165251799997,Intel(R) Xeon(R) Platinum 8375C CPU @ 2.90GHz,Intel(R) Xeon(R) Platinum 8375C CPU @ 2.90GHz,Intel
c6i.32xlarge,us-west-2,usw2-az3,3,1.0,1.0,1.0,5.44,2.0131,62,c6i,Computing,c,128.0,256.0,29018.165251799997,Intel(R) Xeon(R) Platinum 8375C CPU @ 2.90GHz,Intel(R) Xeon(R) Platinum 8375C CPU @ 2.90GHz,Intel
c6i.32xlarge,us-west-2,usw2-az4,3,1.0,5.0,1.0,5.44,1.8503,65,c6i,Computing,c,128.0,256.0,29018.165251799997,Intel(R) Xeon(R) Platinum 8375C CPU @ 2.90GHz,Intel(R) Xeon(R) Platinum 8375C CPU @ 2.90GHz,Intel
c6i.4xlarge,us-west-2,usw2-az1,3,50.0,50.0,1.0,0.68,0.2597,61,c6i,Computing,c,16.0,32.0,28990.399477599996,Intel(R) Xeon(R) Platinum 8375C CPU @ 2.90GHz,Intel(R) Xeon(R) Platinum 8375C CPU @ 2.90GHz,Intel
c6i.4xlarge,us-west-2,usw2-az2,3,50.0,50.0,1.0,0.68,0.3123,54,c6i,Computing,c,16.0,32.0,28990.399477599996,Intel(R) Xeon(R) Platinum 8375C CPU @ 2.90GHz,Intel(R) Xeon(R) Platinum 8375C CPU @ 2.90GHz,Intel
c6i.4xlarge,us-west-2,usw2-az3,3,50.0,50.0,1.0,0.68,0.3077,54,c6i,Computing,c,16.0,32.0,28990.399477599996,Intel(R) Xeon(R) Platinum 8375C CPU @ 2.90GHz,Intel(R) Xeon(R) Platinum 8375C CPU @ 2.90GHz,Intel
c6i.4xlarge,us-west-2,usw2-az4,3,5.0,10.0,1.0,0.68,0.2748,59,c6i,Computing,c,16.0,32.0,28990.399477599996,Intel(R) Xeon(R) Platinum 8375C CPU @ 2.90GHz,Intel(R) Xeon(R) Platinum 8375C CPU @ 2.90GHz,Intel
c6i.8xlarge,us-west-2,usw2-az1,3,50.0,50.0,1.0,1.36,0.5205,61,c6i,Computing,c,32.0,64.0,28991.614398399997,Intel(R) Xeon(R) Platinum 8375C CPU @ 2.90GHz,Intel(R) Xeon(R) Platinum 8375C CPU @ 2.90GHz,Intel
c6i.8xlarge,us-west-2,usw2-az2,3,15.0,35.0,1.0,1.36,0.5391,60,c6i,Computing,c,32.0,64.0,28991.614398399997,Intel(R) Xeon(R) Platinum 8375C CPU @ 2.90GHz,Intel(R) Xeon(R) Platinum 8375C CPU @ 2.90GHz,Intel
c6i.8xlarge,us-west-2,usw2-az3,3,50.0,50.0,1.0,1.36,0.539,60,c6i,Computing,c,32.0,64.0,28991.614398399997,Intel(R) Xeon(R) Platinum 8375C CPU @ 2.90GHz,Intel(R) Xeon(R) Platinum 8375C CPU @ 2.90GHz,Intel
c6i.8xlarge,us-west-2,usw2-az4,3,35.0,50.0,1.0,1.36,0.4807,64,c6i,Computing,c,32.0,64.0,28991.614398399997,Intel(R) Xeon(R) Platinum 8375C CPU @ 2.90GHz,Intel(R) Xeon(R) Platinum 8375C CPU @ 2.90GHz,Intel
c6i.large,us-west-2,usw2-az1,3,50.0,50.0,3.0,0.085,0.0369,56,c6i,Computing,c,2.0,4.0,28979.9723826,Intel(R) Xeon(R) Platinum 8375C CPU @ 2.90GHz,Intel(R) Xeon(R) Platinum 8375C CPU @ 2.90GHz,Intel
c6i.large,us-west-2,usw2-az2,3,50.0,50.0,3.0,0.085,0.0355,58,c6i,Computing,c,2.0,4.0,28979.9723826,Intel(R) Xeon(R) Platinum 8375C CPU @ 2.90GHz,Intel(R) Xeon(R) Platinum 8375C CPU @ 2.90GHz,Intel
c6i.large,us-west-2,usw2-az3,3,50.0,50.0,3.0,0.085,0.0308,63,c6i,Computing,c,2.0,4.0,28979.9723826,Intel(R) Xeon(R) Platinum 8375C CPU @ 2.90GHz,Intel(R) Xeon(R) Platinum 8375C CPU @ 2.90GHz,Intel
c6i.large,us-west-2,usw2-az4,3,20.0,30.0,3.0,0.085,0.0292,65,c6i,Computing,c,2.0,4.0,28979.9723826,Intel(R) Xeon(R) Platinum 8375C CPU @ 2.90GHz,Intel(R) Xeon(R) Platinum 8375C CPU @ 2.90GHz,Intel
c6i.xlarge,us-west-2,usw2-az1,3,50.0,50.0,2.0,0.17,0.0694,59,c6i,Computing,c,4.0,8.0,28981.01301,Intel(R) Xeon(R) Platinum 8375C CPU @ 2.90GHz,Intel(R) Xeon(R) Platinum 8375C CPU @ 2.90GHz,Intel
c6i.xlarge,us-west-2,usw2-az2,3,50.0,50.0,2.0,0.17,0.0728,57,c6i,Computing,c,4.0,8.0,28981.01301,Intel(R) Xeon(R) Platinum 8375C CPU @ 2.90GHz,Intel(R) Xeon(R) Platinum 8375C CPU @ 2.90GHz,Intel
c6i.xlarge,us-west-2,usw2-az3,3,50.0,50.0,2.0,0.17,0.0751,55,c6i,Computing,c,4.0,8.0,28981.01301,Intel(R) Xeon(R) Platinum 8375C CPU @ 2.90GHz,Intel(R) Xeon(R) Platinum 8375C CPU @ 2.90GHz,Intel
c6i.xlarge,us-west-2,usw2-az4,3,10.0,15.0,2.0,0.17,0.0661,61,c6i,Computing,c,4.0,8.0,28981.01301,Intel(R) Xeon(R) Platinum 8375C CPU @ 2.90GHz,Intel(R) Xeon(R) Platinum 8375C CPU @ 2.90GHz,Intel
c6id.12xlarge,us-west-2,usw2-az1,3,5.0,20.0,1.0,2.4192,0.7937,67,c6id,Computing,c,48.0,96.0,28961.0229,Intel(R) Xeon(R) Platinum 8375C CPU @ 2.90GHz,Intel(R) Xeon(R) Platinum 8375C CPU @ 2.90GHz,Intel
c6id.12xlarge,us-west-2,usw2-az2,3,1.0,1.0,1.0,2.4192,0.8859,63,c6id,Computing,c,48.0,96.0,28961.0229,Intel(R) Xeon(R) Platinum 8375C CPU @ 2.90GHz,Intel(R) Xeon(R) Platinum 8375C CPU @ 2.90GHz,Intel
c6id.12xlarge,us-west-2,usw2-az3,3,20.0,30.0,1.0,2.4192,0.8507,64,c6id,Computing,c,48.0,96.0,28961.0229,Intel(R) Xeon(R) Platinum 8375C CPU @ 2.90GHz,Intel(R) Xeon(R) Platinum 8375C CPU @ 2.90GHz,Intel
c6id.12xlarge,us-west-2,usw2-az4,3,1.0,1.0,1.0,2.4192,0.8703,64,c6id,Computing,c,48.0,96.0,28961.0229,Intel(R) Xeon(R) Platinum 8375C CPU @ 2.90GHz,Intel(R) Xeon(R) Platinum 8375C CPU @ 2.90GHz,Intel
c6id.16xlarge,us-west-2,usw2-az1,3,10.0,20.0,1.0,3.2256,1.0505,67,c6id,Computing,c,64.0,128.0,28990.2103,Intel(R) Xeon(R) Platinum 8375C CPU @ 2.90GHz,Intel(R) Xeon(R) Platinum 8375C CPU @ 2.90GHz,Intel
c6id.16xlarge,us-west-2,usw2-az2,3,1.0,1.0,1.0,3.2256,1.0268,68,c6id,Computing,c,64.0,128.0,28990.2103,Intel(R) Xeon(R) Platinum 8375C CPU @ 2.90GHz,Intel(R) Xeon(R) Platinum 8375C CPU @ 2.90GHz,Intel
c6id.16xlarge,us-west-2,usw2-az3,3,10.0,15.0,1.0,3.2256,1.081,66,c6id,Computing,c,64.0,128.0,28990.2103,Intel(R) Xeon(R) Platinum 8375C CPU @ 2.90GHz,Intel(R) Xeon(R) Platinum 8375C CPU @ 2.90GHz,Intel
c6id.16xlarge,us-west-2,usw2-az4,3,5.0,5.0,1.0,3.2256,1.0234,68,c6id,Computing,c,64.0,128.0,28990.2103,Intel(R) Xeon(R) Platinum 8375C CPU @ 2.90GHz,Intel(R) Xeon(R) Platinum 8375C CPU @ 2.90GHz,Intel
c6id.24xlarge,us-west-2,usw2-az1,3,20.0,30.0,1.0,4.8384,1.582,67,c6id,Computing,c,96.0,192.0,29012.2559,Intel(R) Xeon(R) Platinum 8375C CPU @ 2.90GHz,Intel(R) Xeon(R) Platinum 8375C CPU @ 2.90GHz,Intel
c6id.24xlarge,us-west-2,usw2-az2,3,5.0,5.0,1.0,4.8384,1.465,69,c6id,Computing,c,96.0,192.0,29012.2559,Intel(R) Xeon(R) Platinum 8375C CPU @ 2.90GHz,Intel(R) Xeon(R) Platinum 8375C CPU @ 2.90GHz,Intel
c6id.24xlarge,us-west-2,usw2-az3,3,50.0,50.0,1.0,4.8384,1.6109,66,c6id,Computing,c,96.0,192.0,29012.2559,Intel(R) Xeon(R) Platinum 8375C CPU @ 2.90GHz,Intel(R) Xeon(R) Platinum 8375C CPU @ 2.90GHz,Intel
c6id.24xlarge,us-west-2,usw2-az4,3,20.0,35.0,1.0,4.8384,1.6954,64,c6id,Computing,c,96.0,192.0,29012.2559,Intel(R) Xeon(R) Platinum 8375C CPU @ 2.90GHz,Intel(R) Xeon(R) Platinum 8375C CPU @ 2.90GHz,Intel
c6id.2xlarge,us-west-2,usw2-az1,3,35.0,45.0,1.0,0.4032,0.1315,67,c6id,Computing,c,8.0,16.0,28941.9924,Intel(R) Xeon(R) Platinum 8375C CPU @ 2.90GHz,Intel(R) Xeon(R) Platinum 8375C CPU @ 2.90GHz,Intel
c6id.2xlarge,us-west-2,usw2-az2,3,10.0,15.0,1.0,0.4032,0.1301,67,c6id,Computing,c,8.0,16.0,28941.9924,Intel(R) Xeon(R) Platinum 8375C CPU @ 2.90GHz,Intel(R) Xeon(R) Platinum 8375C CPU @ 2.90GHz,Intel
c6id.2xlarge,us-west-2,usw2-az3,3,50.0,50.0,1.0,0.4032,0.1374,65,c6id,Computing,c,8.0,16.0,28941.9924,Intel(R) Xeon(R) Platinum 8375C CPU @ 2.90GHz,Intel(R) Xeon(R) Platinum 8375C CPU @ 2.90GHz,Intel
c6id.2xlarge,us-west-2,usw2-az4,3,50.0,50.0,1.0,0.4032,0.1294,67,c6id,Computing,c,8.0,16.0,28941.9924,Intel(R) Xeon(R) Platinum 8375C CPU @ 2.90GHz,Intel(R) Xeon(R) Platinum 8375C CPU @ 2.90GHz,Intel
c6id.32xlarge,us-west-2,usw2-az1,3,5.0,5.0,1.0,6.4512,2.7024,58,c6id,Computing,c,128.0,256.0,29015.6428,Intel(R) Xeon(R) Platinum 8375C CPU @ 2.90GHz,Intel(R) Xeon(R) Platinum 8375C CPU @ 2.90GHz,Intel
c6id.32xlarge,us-west-2,usw2-az2,3,1.0,1.0,1.0,6.4512,2.4594,61,c6id,Computing,c,128.0,256.0,29015.6428,Intel(R) Xeon(R) Platinum 8375C CPU @ 2.90GHz,Intel(R) Xeon(R) Platinum 8375C CPU @ 2.90GHz,Intel
c6id.32xlarge,us-west-2,usw2-az3,3,15.0,20.0,1.0,6.4512,2.9764,53,c6id,Computing,c,128.0,256.0,29015.6428,Intel(R) Xeon(R) Platinum 8375C CPU @ 2.90GHz,Intel(R) Xeon(R) Platinum 8375C CPU @ 2.90GHz,Intel
c6id.32xlarge,us-west-2,usw2-az4,3,20.0,35.0,1.0,6.4512,2.1076,67,c6id,Computing,c,128.0,256.0,29015.6428,Intel(R) Xeon(R) Platinum 8375C CPU @ 2.90GHz,Intel(R) Xeon(R) Platinum 8375C CPU @ 2.90GHz,Intel
c6id.4xlarge,us-west-2,usw2-az1,3,50.0,50.0,1.0,0.8064,0.2766,65,c6id,Computing,c,16.0,32.0,28976.8133,Intel(R) Xeon(R) Platinum 8375C CPU @ 2.90GHz,Intel(R) Xeon(R) Platinum 8375C CPU @ 2.90GHz,Intel
c6id.4xlarge,us-west-2,usw2-az2,3,5.0,15.0,1.0,0.8064,0.3178,60,c6id,Computing,c,16.0,32.0,28976.8133,Intel(R) Xeon(R) Platinum 8375C CPU @ 2.90GHz,Intel(R) Xeon(R) Platinum 8375C CPU @ 2.90GHz,Intel
c6id.4xlarge,us-west-2,usw2-az3,3,45.0,50.0,1.0,0.8064,0.3224,60,c6id,Computing,c,16.0,32.0,28976.8133,Intel(R) Xeon(R) Platinum 8375C CPU @ 2.90GHz,Intel(R) Xeon(R) Platinum 8375C CPU @ 2.90GHz,Intel
c6id.4xlarge,us-west-2,usw2-az4,3,5.0,5.0,1.0,0.8064,0.282,65,c6id,Computing,c,16.0,32.0,28976.8133,Intel(R) Xeon(R) Platinum 8375C CPU @ 2.90GHz,Intel(R) Xeon(R) Platinum 8375C CPU @ 2.90GHz,Intel
c6id.8xlarge,us-west-2,usw2-az1,3,50.0,50.0,1.0,1.6128,0.5523,65,c6id,Computing,c,32.0,64.0,28993.0782,Intel(R) Xeon(R) Platinum 8375C CPU @ 2.90GHz,Intel(R) Xeon(R) Platinum 8375C CPU @ 2.90GHz,Intel
c6id.8xlarge,us-west-2,usw2-az2,3,5.0,5.0,1.0,1.6128,0.5423,66,c6id,Computing,c,32.0,64.0,28993.0782,Intel(R) Xeon(R) Platinum 8375C CPU @ 2.90GHz,Intel(R) Xeon(R) Platinum 8375C CPU @ 2.90GHz,Intel
c6id.8xlarge,us-west-2,usw2-az3,3,40.0,50.0,1.0,1.6128,0.5756,64,c6id,Computing,c,32.0,64.0,28993.0782,Intel(R) Xeon(R) Platinum 8375C CPU @ 2.90GHz,Intel(R) Xeon(R) Platinum 8375C CPU @ 2.90GHz,Intel
c6id.8xlarge,us-west-2,usw2-az4,3,1.0,1.0,1.0,1.6128,0.5505,65,c6id,Computing,c,32.0,64.0,28993.0782,Intel(R) Xeon(R) Platinum 8375C CPU @ 2.90GHz,Intel(R) Xeon(R) Platinum 8375C CPU @ 2.90GHz,Intel
c6id.large,us-west-2,usw2-az1,3,1.0,5.0,2.5,0.1008,0.0342,66,c6id,Computing,c,2.0,4.0,28984.3719,Intel(R) Xeon(R) Platinum 8375C CPU @ 2.90GHz,Intel(R) Xeon(R) Platinum 8375C CPU @ 2.90GHz,Intel
c6id.large,us-west-2,usw2-az2,3,5.0,10.0,2.5,0.1008,0.0326,67,c6id,Computing,c,2.0,4.0,28984.3719,Intel(R) Xeon(R) Platinum 8375C CPU @ 2.90GHz,Intel(R) Xeon(R) Platinum 8375C CPU @ 2.90GHz,Intel
c6id.large,us-west-2,usw2-az3,3,10.0,15.0,2.5,0.1008,0.0347,65,c6id,Computing,c,2.0,4.0,28984.3719,Intel(R) Xeon(R) Platinum 8375C CPU @ 2.90GHz,Intel(R) Xeon(R) Platinum 8375C CPU @ 2.90GHz,Intel
c6id.large,us-west-2,usw2-az4,3,5.0,10.0,2.5,0.1008,0.0339,66,c6id,Computing,c,2.0,4.0,28984.3719,Intel(R) Xeon(R) Platinum 8375C CPU @ 2.90GHz,Intel(R) Xeon(R) Platinum 8375C CPU @ 2.90GHz,Intel
c6id.xlarge,us-west-2,usw2-az1,3,10.0,15.0,1.0,0.2016,0.0839,58,c6id,Computing,c,4.0,8.0,28966.9726,Intel(R) Xeon(R) Platinum 8375C CPU @ 2.90GHz,Intel(R) Xeon(R) Platinum 8375C CPU @ 2.90GHz,Intel
c6id.xlarge,us-west-2,usw2-az2,3,5.0,10.0,1.0,0.2016,0.0856,57,c6id,Computing,c,4.0,8.0,28966.9726,Intel(R) Xeon(R) Platinum 8375C CPU @ 2.90GHz,Intel(R) Xeon(R) Platinum 8375C CPU @ 2.90GHz,Intel
c6id.xlarge,us-west-2,usw2-az3,3,20.0,30.0,1.0,0.2016,0.0818,59,c6id,Computing,c,4.0,8.0,28966.9726,Intel(R) Xeon(R) Platinum 8375C CPU @ 2.90GHz,Intel(R) Xeon(R) Platinum 8375C CPU @ 2.90GHz,Intel
c6id.xlarge,us-west-2,usw2-az4,3,10.0,15.0,1.0,0.2016,0.0658,67,c6id,Computing,c,4.0,8.0,28966.9726,Intel(R) Xeon(R) Platinum 8375C CPU @ 2.90GHz,Intel(R) Xeon(R) Platinum 8375C CPU @ 2.90GHz,Intel
c6in.12xlarge,us-west-2,usw2-az1,3,1.0,1.0,1.0,2.7216,1.181,56,c6in,Computing,c,48.0,96.0,29019.6688264,Intel(R) Xeon(R) Platinum 8375C CPU @ 2.90GHz,Intel(R) Xeon(R) Platinum 8375C CPU @ 2.90GHz,Intel
c6in.12xlarge,us-west-2,usw2-az2,3,1.0,1.0,1.0,2.7216,1.2491,54,c6in,Computing,c,48.0,96.0,29019.6688264,Intel(R) Xeon(R) Platinum 8375C CPU @ 2.90GHz,Intel(R) Xeon(R) Platinum 8375C CPU @ 2.90GHz,Intel
c6in.12xlarge,us-west-2,usw2-az3,3,1.0,5.0,1.0,2.7216,1.2262,54,c6in,Computing,c,48.0,96.0,29019.6688264,Intel(R) Xeon(R) Platinum 8375C CPU @ 2.90GHz,Intel(R) Xeon(R) Platinum 8375C CPU @ 2.90GHz,Intel
c6in.16xlarge,us-west-2,usw2-az1,3,1.0,1.0,1.0,3.6288,1.5789,56,c6in,Computing,c,64.0,128.0,29027.4226862,Intel(R) Xeon(R) Platinum 8375C CPU @ 2.90GHz,Intel(R) Xeon(R) Platinum 8375C CPU @ 2.90GHz,Intel
c6in.16xlarge,us-west-2,usw2-az2,2,0.0,1.0,1.0,3.6288,1.6383,54,c6in,Computing,c,64.0,128.0,29027.4226862,Intel(R) Xeon(R) Platinum 8375C CPU @ 2.90GHz,Intel(R) Xeon(R) Platinum 8375C CPU @ 2.90GHz,Intel
c6in.16xlarge,us-west-2,usw2-az3,3,5.0,5.0,1.0,3.6288,1.9703,45,c6in,Computing,c,64.0,128.0,29027.4226862,Intel(R) Xeon(R) Platinum 8375C CPU @ 2.90GHz,Intel(R) Xeon(R) Platinum 8375C CPU @ 2.90GHz,Intel
c6in.24xlarge,us-west-2,usw2-az1,3,1.0,1.0,1.0,5.4432,2.1098,61,c6in,Computing,c,96.0,192.0,29013.6204948,Intel(R) Xeon(R) Platinum 8375C CPU @ 2.90GHz,Intel(R) Xeon(R) Platinum 8375C CPU @ 2.90GHz,Intel
c6in.24xlarge,us-west-2,usw2-az2,3,1.0,5.0,1.0,5.4432,2.6757,50,c6in,Computing,c,96.0,192.0,29013.6204948,Intel(R) Xeon(R) Platinum 8375C CPU @ 2.90GHz,Intel(R) Xeon(R) Platinum 8375C CPU @ 2.90GHz,Intel
c6in.24xlarge,us-west-2,usw2-az3,3,10.0,15.0,1.0,5.4432,2.3828,56,c6in,Computing,c,96.0,192.0,29013.6204948,Intel(R) Xeon(R) Platinum 8375C CPU @ 2.90GHz,Intel(R) Xeon(R) Platinum 8375C CPU @ 2.90GHz,Intel
c6in.2xlarge,us-west-2,usw2-az1,3,20.0,30.0,2.5,0.4536,0.1763,61,c6in,Computing,c,8.0,16.0,28934.0283186,Intel(R) Xeon(R) Platinum 8375C CPU @ 2.90GHz,Intel(R) Xeon(R) Platinum 8375C CPU @ 2.90GHz,Intel
c6in.2xlarge,us-west-2,usw2-az2,3,10.0,15.0,2.5,0.4536,0.1881,58,c6in,Computing,c,8.0,16.0,28934.0283186,Intel(R) Xeon(R) Platinum 8375C CPU @ 2.90GHz,Intel(R) Xeon(R) Platinum 8375C CPU @ 2.90GHz,Intel
c6in.2xlarge,us-west-2,usw2-az3,3,5.0,10.0,2.5,0.4536,0.1787,60,c6in,Computing,c,8.0,16.0,28934.0283186,Intel(R) Xeon(R) Platinum 8375C CPU @ 2.90GHz,Intel(R) Xeon(R) Platinum 8375C CPU @ 2.90GHz,Intel
c6in.32xlarge,us-west-2,usw2-az1,3,1.0,1.0,1.0,7.2576,3.1898,56,c6in,Computing,c,128.0,256.0,28975.820881599997,Intel(R) Xeon(R) Platinum 8375C CPU @ 2.90GHz,Intel(R) Xeon(R) Platinum 8375C CPU @ 2.90GHz,Intel
c6in.32xlarge,us-west-2,usw2-az2,3,1.0,5.0,1.0,7.2576,3.8382,47,c6in,Computing,c,128.0,256.0,28975.820881599997,Intel(R) Xeon(R) Platinum 8375C CPU @ 2.90GHz,Intel(R) Xeon(R) Platinum 8375C CPU @ 2.90GHz,Intel
c6in.32xlarge,us-west-2,usw2-az3,3,10.0,15.0,1.0,7.2576,2.4903,65,c6in,Computing,c,128.0,256.0,28975.820881599997,Intel(R) Xeon(R) Platinum 8375C CPU @ 2.90GHz,Intel(R) Xeon(R) Platinum 8375C CPU @ 2.90GHz,Intel
c6in.4xlarge,us-west-2,usw2-az1,3,5.0,10.0,1.5,0.9072,0.4343,52,c6in,Computing,c,16.0,32.0,28975.161768800004,Intel(R) Xeon(R) Platinum 8375C CPU @ 2.90GHz,Intel(R) Xeon(R) Platinum 8375C CPU @ 2.90GHz,Intel
c6in.4xlarge,us-west-2,usw2-az2,3,5.0,10.0,1.5,0.9072,0.4801,47,c6in,Computing,c,16.0,32.0,28975.161768800004,Intel(R) Xeon(R) Platinum 8375C CPU @ 2.90GHz,Intel(R) Xeon(R) Platinum 8375C CPU @ 2.90GHz,Intel
c6in.4xlarge,us-west-2,usw2-az3,3,5.0,10.0,1.5,0.9072,0.4505,50,c6in,Computing,c,16.0,32.0,28975.161768800004,Intel(R) Xeon(R) Platinum 8375C CPU @ 2.90GHz,Intel(R) Xeon(R) Platinum 8375C CPU @ 2.90GHz,Intel
c6in.8xlarge,us-west-2,usw2-az1,3,1.0,1.0,1.0,1.8144,0.7401,59,c6in,Computing,c,32.0,64.0,28996.797534200003,Intel(R) Xeon(R) Platinum 8375C CPU @ 2.90GHz,Intel(R) Xeon(R) Platinum 8375C CPU @ 2.90GHz,Intel
c6in.8xlarge,us-west-2,usw2-az2,3,5.0,10.0,1.0,1.8144,0.87,52,c6in,Computing,c,32.0,64.0,28996.797534200003,Intel(R) Xeon(R) Platinum 8375C CPU @ 2.90GHz,Intel(R) Xeon(R) Platinum 8375C CPU @ 2.90GHz,Intel
c6in.8xlarge,us-west-2,usw2-az3,3,1.0,5.0,1.0,1.8144,0.8444,53,c6in,Computing,c,32.0,64.0,28996.797534200003,Intel(R) Xeon(R) Platinum 8375C CPU @ 2.90GHz,Intel(R) Xeon(R) Platinum 8375C CPU @ 2.90GHz,Intel
c6in.large,us-west-2,usw2-az1,3,10.0,15.0,2.0,0.1134,0.0427,62,c6in,Computing,c,2.0,4.0,28961.0424924,Intel(R) Xeon(R) Platinum 8375C CPU @ 2.90GHz,Intel(R) Xeon(R) Platinum 8375C CPU @ 2.90GHz,Intel
c6in.large,us-west-2,usw2-az2,3,25.0,35.0,2.0,0.1134,0.043,62,c6in,Computing,c,2.0,4.0,28961.0424924,Intel(R) Xeon(R) Platinum 8375C CPU @ 2.90GHz,Intel(R) Xeon(R) Platinum 8375C CPU @ 2.90GHz,Intel
c6in.large,us-west-2,usw2-az3,3,25.0,40.0,2.0,0.1134,0.0428,62,c6in,Computing,c,2.0,4.0,28961.0424924,Intel(R) Xeon(R) Platinum 8375C CPU @ 2.90GHz,Intel(R) Xeon(R) Platinum 8375C CPU @ 2.90GHz,Intel
c6in.xlarge,us-west-2,usw2-az1,3,5.0,15.0,1.0,0.2268,0.0874,61,c6in,Computing,c,4.0,8.0,28997.6357124,Intel(R) Xeon(R) Platinum 8375C CPU @ 2.90GHz,Intel(R) Xeon(R) Platinum 8375C CPU @ 2.90GHz,Intel
c6in.xlarge,us-west-2,usw2-az2,3,15.0,15.0,1.0,0.2268,0.0923,59,c6in,Computing,c,4.0,8.0,28997.6357124,Intel(R) Xeon(R) Platinum 8375C CPU @ 2.90GHz,Intel(R) Xeon(R) Platinum 8375C CPU @ 2.90GHz,Intel
c6in.xlarge,us-west-2,usw2-az3,3,10.0,15.0,1.0,0.2268,0.0914,59,c6in,Computing,c,4.0,8.0,28997.6357124,Intel(R) Xeon(R) Platinum 8375C CPU @ 2.90GHz,Intel(R) Xeon(R) Platinum 8375C CPU @ 2.90GHz,Intel
c7a.12xlarge,us-west-2,usw2-az1,3,15.0,20.0,1.0,2.46336,0.9773,60,c7a,Computing,c,48.0,96.0,35551.062585,AMD EPYC 9R14,AMD EPYC 9R14,AuthenticAMD
c7a.12xlarge,us-west-2,usw2-az2,3,15.0,20.0,1.0,2.46336,1.093,55,c7a,Computing,c,48.0,96.0,35551.062585,AMD EPYC 9R14,AMD EPYC 9R14,AuthenticAMD
c7a.12xlarge,us-west-2,usw2-az3,3,5.0,10.0,1.0,2.46336,0.96,61,c7a,Computing,c,48.0,96.0,35551.062585,AMD EPYC 9R14,AMD EPYC 9R14,AuthenticAMD
c7a.12xlarge,us-west-2,usw2-az4,3,1.0,1.0,1.0,2.46336,1.0572,57,c7a,Computing,c,48.0,96.0,35551.062585,AMD EPYC 9R14,AMD EPYC 9R14,AuthenticAMD
c7a.16xlarge,us-west-2,usw2-az1,3,25.0,40.0,1.0,3.28448,1.2133,63,c7a,Computing,c,64.0,128.0,35578.873547400006,AMD EPYC 9R14,AMD EPYC 9R14,AuthenticAMD
c7a.16xlarge,us-west-2,usw2-az2,3,40.0,50.0,1.0,3.28448,1.2986,60,c7a,Computing,c,64.0,128.0,35578.873547400006,AMD EPYC 9R14,AMD EPYC 9R14,AuthenticAMD
c7a.16xlarge,us-west-2,usw2-az3,3,10.0,20.0,1.0,3.28448,1.3089,60,c7a,Computing,c,64.0,128.0,35578.873547400006,AMD EPYC 9R14,AMD EPYC 9R14,AuthenticAMD
c7a.16xlarge,us-west-2,usw2-az4,3,5.0,10.0,1.0,3.28448,1.258,61,c7a,Computing,c,64.0,128.0,35578.873547400006,AMD EPYC 9R14,AMD EPYC 9R14,AuthenticAMD
c7a.24xlarge,us-west-2,usw2-az1,3,1.0,1.0,1.0,4.92672,2.199,55,c7a,Computing,c,96.0,192.0,35612.5678924,AMD EPYC 9R14,AMD EPYC 9R14,AuthenticAMD
c7a.24xlarge,us-west-2,usw2-az2,3,1.0,5.0,1.0,4.92672,2.1951,55,c7a,Computing,c,96.0,192.0,35612.5678924,AMD EPYC 9R14,AMD EPYC 9R14,AuthenticAMD
c7a.24xlarge,us-west-2,usw2-az3,3,1.0,1.0,1.0,4.92672,2.3014,53,c7a,Computing,c,96.0,192.0,35612.5678924,AMD EPYC 9R14,AMD EPYC 9R14,AuthenticAMD
c7a.24xlarge,us-west-2,usw2-az4,3,1.0,1.0,1.0,4.92672,1.7705,64,c7a,Computing,c,96.0,192.0,35612.5678924,AMD EPYC 9R14,AMD EPYC 9R14,AuthenticAMD
c7a.2xlarge,us-west-2,usw2-az1,3,50.0,50.0,2.0,0.41056,0.1853,54,c7a,Computing,c,8.0,16.0,35550.291669000006,AMD EPYC 9R14,AMD EPYC 9R14,AuthenticAMD
c7a.2xlarge,us-west-2,usw2-az2,3,50.0,50.0,2.0,0.41056,0.1726,57,c7a,Computing,c,8.0,16.0,35550.291669000006,AMD EPYC 9R14,AMD EPYC 9R14,AuthenticAMD
c7a.2xlarge,us-west-2,usw2-az3,3,40.0,50.0,2.0,0.41056,0.1682,59,c7a,Computing,c,8.0,16.0,35550.291669000006,AMD EPYC 9R14,AMD EPYC 9R14,AuthenticAMD
c7a.2xlarge,us-west-2,usw2-az4,3,15.0,25.0,2.0,0.41056,0.196,52,c7a,Computing,c,8.0,16.0,35550.291669000006,AMD EPYC 9R14,AMD EPYC 9R14,AuthenticAMD
c7a.32xlarge,us-west-2,usw2-az1,3,1.0,1.0,1.0,6.56896,2.4475,62,c7a,Computing,c,128.0,256.0,35597.4270538,AMD EPYC 9R14,AMD EPYC 9R14,AuthenticAMD
c7a.32xlarge,us-west-2,usw2-az2,3,5.0,5.0,1.0,6.56896,2.4465,62,c7a,Computing,c,128.0,256.0,35597.4270538,AMD EPYC 9R14,AMD EPYC 9R14,AuthenticAMD
c7a.32xlarge,us-west-2,usw2-az3,3,1.0,5.0,1.0,6.56896,2.3747,63,c7a,Computing,c,128.0,256.0,35597.4270538,AMD EPYC 9R14,AMD EPYC 9R14,AuthenticAMD
c7a.32xlarge,us-west-2,usw2-az4,3,10.0,15.0,1.0,6.56896,2.3339,64,c7a,Computing,c,128.0,256.0,35597.4270538,AMD EPYC 9R14,AMD EPYC 9R14,AuthenticAMD
c7a.48xlarge,us-west-2,usw2-az1,3,15.0,25.0,1.5,9.85344,3.7232,62,c7a,Computing,c,192.0,384.0,35590.310902000005,AMD EPYC 9R14,AMD EPYC 9R14,AuthenticAMD
c7a.48xlarge,us-west-2,usw2-az2,3,20.0,40.0,1.5,9.85344,3.6843,62,c7a,Computing,c,192.0,384.0,35590.310902000005,AMD EPYC 9R14,AMD EPYC 9R14,AuthenticAMD
c7a.48xlarge,us-west-2,usw2-az3,3,10.0,15.0,1.5,9.85344,3.166,67,c7a,Computing,c,192.0,384.0,35590.310902000005,AMD EPYC 9R14,AMD EPYC 9R14,AuthenticAMD
c7a.48xlarge,us-west-2,usw2-az4,3,10.0,15.0,1.5,9.85344,3.4071,65,c7a,Computing,c,192.0,384.0,35590.310902000005,AMD EPYC 9R14,AMD EPYC 9R14,AuthenticAMD
c7a.4xlarge,us-west-2,usw2-az1,3,35.0,50.0,1.5,0.82112,0.3502,57,c7a,Computing,c,16.0,32.0,35517.0023132,AMD EPYC 9R14,AMD EPYC 9R14,AuthenticAMD
c7a.4xlarge,us-west-2,usw2-az2,3,25.0,40.0,1.5,0.82112,0.346,57,c7a,Computing,c,16.0,32.0,35517.0023132,AMD EPYC 9R14,AMD EPYC 9R14,AuthenticAMD
c7a.4xlarge,us-west-2,usw2-az3,3,15.0,20.0,1.5,0.82112,0.3788,53,c7a,Computing,c,16.0,32.0,35517.0023132,AMD EPYC 9R14,AMD EPYC 9R14,AuthenticAMD
c7a.4xlarge,us-west-2,usw2-az4,3,5.0,10.0,1.5,0.82112,0.3682,55,c7a,Computing,c,16.0,32.0,35517.0023132,AMD EPYC 9R14,AMD EPYC 9R14,AuthenticAMD
c7a.8xlarge,us-west-2,usw2-az1,3,50.0,50.0,1.0,1.64224,0.6641,59,c7a,Computing,c,32.0,64.0,30405.7913712,AMD EPYC 9R14,AMD EPYC 9R14,AuthenticAMD
c7a.8xlarge,us-west-2,usw2-az2,3,10.0,15.0,1.0,1.64224,0.7501,54,c7a,Computing,c,32.0,64.0,30405.7913712,AMD EPYC 9R14,AMD EPYC 9R14,AuthenticAMD
c7a.8xlarge,us-west-2,usw2-az3,3,15.0,25.0,1.0,1.64224,0.714,56,c7a,Computing,c,32.0,64.0,30405.7913712,AMD EPYC 9R14,AMD EPYC 9R14,AuthenticAMD
c7a.8xlarge,us-west-2,usw2-az4,3,1.0,5.0,1.0,1.64224,0.6728,59,c7a,Computing,c,32.0,64.0,30405.7913712,AMD EPYC 9R14,AMD EPYC 9R14,AuthenticAMD
c7a.large,us-west-2,usw2-az1,3,50.0,50.0,3.0,0.10264,0.0456,55,c7a,Computing,c,2.0,4.0,35674.582822599994,AMD EPYC 9R14,AMD EPYC 9R14,AuthenticAMD
c7a.large,us-west-2,usw2-az2,3,45.0,50.0,3.0,0.10264,0.0406,60,c7a,Computing,c,2.0,4.0,35674.582822599994,AMD EPYC 9R14,AMD EPYC 9R14,AuthenticAMD
c7a.large,us-west-2,usw2-az3,3,30.0,50.0,3.0,0.10264,0.0373,63,c7a,Computing,c,2.0,4.0,35674.582822599994,AMD EPYC 9R14,AMD EPYC 9R14,AuthenticAMD
c7a.large,us-west-2,usw2-az4,3,50.0,50.0,3.0,0.10264,0.0355,65,c7a,Computing,c,2.0,4.0,35674.582822599994,AMD EPYC 9R14,AMD EPYC 9R14,AuthenticAMD
c7a.medium,us-west-2,usw2-az1,3,50.0,50.0,3.0,0.05132,0.0212,58,c7a,Computing,c,1.0,2.0,35533.93280540001,AMD EPYC 9R14,AMD EPYC 9R14,AuthenticAMD
c7a.medium,us-west-2,usw2-az2,3,50.0,50.0,3.0,0.05132,0.0225,56,c7a,Computing,c,1.0,2.0,35533.93280540001,AMD EPYC 9R14,AMD EPYC 9R14,AuthenticAMD
c7a.medium,us-west-2,usw2-az3,3,50.0,50.0,3.0,0.05132,0.0153,70,c7a,Computing,c,1.0,2.0,35533.93280540001,AMD EPYC 9R14,AMD EPYC 9R14,AuthenticAMD
c7a.medium,us-west-2,usw2-az4,3,50.0,50.0,3.0,0.05132,0.0153,70,c7a,Computing,c,1.0,2.0,35533.93280540001,AMD EPYC 9R14,AMD EPYC 9R14,AuthenticAMD
c7a.xlarge,us-west-2,usw2-az1,3,50.0,50.0,2.5,0.20528,0.0801,60,c7a,Computing,c,4.0,8.0,35579.415888400006,AMD EPYC 9R14,AMD EPYC 9R14,AuthenticAMD
c7a.xlarge,us-west-2,usw2-az2,3,50.0,50.0,2.5,0.20528,0.0751,63,c7a,Computing,c,4.0,8.0,35579.415888400006,AMD EPYC 9R14,AMD EPYC 9R14,AuthenticAMD
c7a.xlarge,us-west-2,usw2-az3,3,25.0,35.0,2.5,0.20528,0.085,58,c7a,Computing,c,4.0,8.0,35579.415888400006,AMD EPYC 9R14,AMD EPYC 9R14,AuthenticAMD
c7a.xlarge,us-west-2,usw2-az4,3,35.0,50.0,2.5,0.20528,0.0902,56,c7a,Computing,c,4.0,8.0,35579.415888400006,AMD EPYC 9R14,AMD EPYC 9R14,AuthenticAMD
c7g.12xlarge,us-west-2,usw2-az1,3,20.0,30.0,2.5,1.74,0.6518,62,c7g,Computing,c,48.0,96.0,24080.2585992,AWS Graviton3 Processor,AWS Graviton3 Processor,AWS
c7g.12xlarge,us-west-2,usw2-az2,3,40.0,50.0,2.5,1.74,0.6605,62,c7g,Computing,c,48.0,96.0,24080.2585992,AWS Graviton3 Processor,AWS Graviton3 Processor,AWS
c7g.12xlarge,us-west-2,usw2-az3,3,20.0,35.0,2.5,1.74,0.6353,63,c7g,Computing,c,48.0,96.0,24080.2585992,AWS Graviton3 Processor,AWS Graviton3 Processor,AWS
c7g.12xlarge,us-west-2,usw2-az4,3,15.0,25.0,2.5,1.74,0.6464,62,c7g,Computing,c,48.0,96.0,24080.2585992,AWS Graviton3 Processor,AWS Graviton3 Processor,AWS
c7g.16xlarge,us-west-2,usw2-az1,3,50.0,50.0,3.0,2.32,0.7566,67,c7g,Computing,c,64.0,128.0,24072.140036799996,AWS Graviton3 Processor,AWS Graviton3 Processor,AWS
c7g.16xlarge,us-west-2,usw2-az2,3,50.0,50.0,3.0,2.32,0.8119,65,c7g,Computing,c,64.0,128.0,24072.140036799996,AWS Graviton3 Processor,AWS Graviton3 Processor,AWS
c7g.16xlarge,us-west-2,usw2-az3,3,50.0,50.0,3.0,2.32,0.7499,67,c7g,Computing,c,64.0,128.0,24072.140036799996,AWS Graviton3 Processor,AWS Graviton3 Processor,AWS
c7g.16xlarge,us-west-2,usw2-az4,3,50.0,50.0,3.0,2.32,0.7685,66,c7g,Computing,c,64.0,128.0,24072.140036799996,AWS Graviton3 Processor,AWS Graviton3 Processor,AWS
c7g.2xlarge,us-west-2,usw2-az1,3,50.0,50.0,3.0,0.29,0.1222,57,c7g,Computing,c,8.0,16.0,24082.576406,AWS Graviton3 Processor,AWS Graviton3 Processor,AWS
c7g.2xlarge,us-west-2,usw2-az2,3,50.0,50.0,3.0,0.29,0.1193,58,c7g,Computing,c,8.0,16.0,24082.576406,AWS Graviton3 Processor,AWS Graviton3 Processor,AWS
c7g.2xlarge,us-west-2,usw2-az3,3,50.0,50.0,3.0,0.29,0.1202,58,c7g,Computing,c,8.0,16.0,24082.576406,AWS Graviton3 Processor,AWS Graviton3 Processor,AWS
c7g.2xlarge,us-west-2,usw2-az4,3,50.0,50.0,3.0,0.29,0.1005,65,c7g,Computing,c,8.0,16.0,24082.576406,AWS Graviton3 Processor,AWS Graviton3 Processor,AWS
c7g.4xlarge,us-west-2,usw2-az1,3,50.0,50.0,3.0,0.58,0.2247,61,c7g,Computing,c,16.0,32.0,24085.944039600006,AWS Graviton3 Processor,AWS Graviton3 Processor,AWS
c7g.4xlarge,us-west-2,usw2-az2,3,50.0,50.0,3.0,0.58,0.2089,63,c7g,Computing,c,16.0,32.0,24085.944039600006,AWS Graviton3 Processor,AWS Graviton3 Processor,AWS
c7g.4xlarge,us-west-2,usw2-az3,3,50.0,50.0,3.0,0.58,0.2083,64,c7g,Computing,c,16.0,32.0,24085.944039600006,AWS Graviton3 Processor,AWS Graviton3 Processor,AWS
c7g.4xlarge,us-west-2,usw2-az4,3,50.0,50.0,3.0,0.58,0.2069,64,c7g,Computing,c,16.0,32.0,24085.944039600006,AWS Graviton3 Processor,AWS Graviton3 Processor,AWS
c7g.8xlarge,us-west-2,usw2-az1,3,50.0,50.0,3.0,1.16,0.4444,61,c7g,Computing,c,32.0,64.0,24079.4466572,AWS Graviton3 Processor,AWS Graviton3 Processor,AWS
c7g.8xlarge,us-west-2,usw2-az2,3,50.0,50.0,3.0,1.16,0.4669,59,c7g,Computing,c,32.0,64.0,24079.4466572,AWS Graviton3 Processor,AWS Graviton3 Processor,AWS
c7g.8xlarge,us-west-2,usw2-az3,3,50.0,50.0,3.0,1.16,0.4696,59,c7g,Computing,c,32.0,64.0,24079.4466572,AWS Graviton3 Processor,AWS Graviton3 Processor,AWS
c7g.8xlarge,us-west-2,usw2-az4,3,50.0,50.0,3.0,1.16,0.435,62,c7g,Computing,c,32.0,64.0,24079.4466572,AWS Graviton3 Processor,AWS Graviton3 Processor,AWS
c7g.large,us-west-2,usw2-az1,3,50.0,50.0,3.0,0.0725,0.0311,57,c7g,Computing,c,2.0,4.0,24092.0907476,AWS Graviton3 Processor,AWS Graviton3 Processor,AWS
c7g.large,us-west-2,usw2-az2,3,50.0,50.0,3.0,0.0725,0.0342,52,c7g,Computing,c,2.0,4.0,24092.0907476,AWS Graviton3 Processor,AWS Graviton3 Processor,AWS
c7g.large,us-west-2,usw2-az3,3,50.0,50.0,3.0,0.0725,0.0323,55,c7g,Computing,c,2.0,4.0,24092.0907476,AWS Graviton3 Processor,AWS Graviton3 Processor,AWS
c7g.large,us-west-2,usw2-az4,3,50.0,50.0,3.0,0.0725,0.0257,64,c7g,Computing,c,2.0,4.0,24092.0907476,AWS Graviton3 Processor,AWS Graviton3 Processor,AWS
c7g.medium,us-west-2,usw2-az1,3,50.0,50.0,3.0,0.0363,0.0101,72,c7g,Computing,c,1.0,2.0,24081.4152806,AWS Graviton3 Processor,AWS Graviton3 Processor,AWS
c7g.medium,us-west-2,usw2-az2,3,50.0,50.0,3.0,0.0363,0.0115,68,c7g,Computing,c,1.0,2.0,24081.4152806,AWS Graviton3 Processor,AWS Graviton3 Processor,AWS
c7g.medium,us-west-2,usw2-az3,3,50.0,50.0,3.0,0.0363,0.0113,68,c7g,Computing,c,1.0,2.0,24081.4152806,AWS Graviton3 Processor,AWS Graviton3 Processor,AWS
c7g.medium,us-west-2,usw2-az4,3,50.0,50.0,3.0,0.0363,0.0098,73,c7g,Computing,c,1.0,2.0,24081.4152806,AWS Graviton3 Processor,AWS Graviton3 Processor,AWS
c7g.xlarge,us-west-2,usw2-az1,3,50.0,50.0,3.0,0.145,0.0633,56,c7g,Computing,c,4.0,8.0,24086.2931156,AWS Graviton3 Processor,AWS Graviton3 Processor,AWS
c7g.xlarge,us-west-2,usw2-az2,3,50.0,50.0,3.0,0.145,0.0626,56,c7g,Computing,c,4.0,8.0,24086.2931156,AWS Graviton3 Processor,AWS Graviton3 Processor,AWS
c7g.xlarge,us-west-2,usw2-az3,3,50.0,50.0,3.0,0.145,0.0697,51,c7g,Computing,c,4.0,8.0,24086.2931156,AWS Graviton3 Processor,AWS Graviton3 Processor,AWS
c7g.xlarge,us-west-2,usw2-az4,3,50.0,50.0,3.0,0.145,0.0517,64,c7g,Computing,c,4.0,8.0,24086.2931156,AWS Graviton3 Processor,AWS Graviton3 Processor,AWS
c7gd.12xlarge,us-west-2,usw2-az1,3,50.0,50.0,3.0,2.1773,0.8331,61,c7gd,Computing,c,48.0,96.0,24077.081,AWS Graviton3 Processor,AWS Graviton3 Processor,AWS
c7gd.12xlarge,us-west-2,usw2-az2,3,50.0,50.0,3.0,2.1773,0.8735,59,c7gd,Computing,c,48.0,96.0,24077.081,AWS Graviton3 Processor,AWS Graviton3 Processor,AWS
c7gd.12xlarge,us-west-2,usw2-az3,3,50.0,50.0,3.0,2.1773,0.7841,63,c7gd,Computing,c,48.0,96.0,24077.081,AWS Graviton3 Processor,AWS Graviton3 Processor,AWS
c7gd.12xlarge,us-west-2,usw2-az4,3,5.0,10.0,3.0,2.1773,0.707,67,c7gd,Computing,c,48.0,96.0,24077.081,AWS Graviton3 Processor,AWS Graviton3 Processor,AWS
c7gd.16xlarge,us-west-2,usw2-az1,3,50.0,50.0,2.5,2.903,1.0112,65,c7gd,Computing,c,64.0,128.0,24071.4446,AWS Graviton3 Processor,AWS Graviton3 Processor,AWS
c7gd.16xlarge,us-west-2,usw2-az2,3,50.0,50.0,2.5,2.903,1.0128,65,c7gd,Computing,c,64.0,128.0,24071.4446,AWS Graviton3 Processor,AWS Graviton3 Processor,AWS
c7gd.16xlarge,us-west-2,usw2-az3,3,50.0,50.0,2.5,2.903,1.0158,65,c7gd,Computing,c,64.0,128.0,24071.4446,AWS Graviton3 Processor,AWS Graviton3 Processor,AWS
c7gd.16xlarge,us-west-2,usw2-az4,3,50.0,50.0,2.5,2.903,0.924,68,c7gd,Computing,c,64.0,128.0,24071.4446,AWS Graviton3 Processor,AWS Graviton3 Processor,AWS
c7gd.2xlarge,us-west-2,usw2-az1,3,50.0,50.0,3.0,0.3629,0.1255,65,c7gd,Computing,c,8.0,16.0,24077.081,AWS Graviton3 Processor,AWS Graviton3 Processor,AWS
c7gd.2xlarge,us-west-2,usw2-az2,3,50.0,50.0,3.0,0.3629,0.1261,65,c7gd,Computing,c,8.0,16.0,24077.081,AWS Graviton3 Processor,AWS Graviton3 Processor,AWS
c7gd.2xlarge,us-west-2,usw2-az3,3,50.0,50.0,3.0,0.3629,0.1253,65,c7gd,Computing,c,8.0,16.0,24077.081,AWS Graviton3 Processor,AWS Graviton3 Processor,AWS
c7gd.2xlarge,us-west-2,usw2-az4,3,5.0,10.0,3.0,0.3629,0.1202,66,c7gd,Computing,c,8.0,16.0,24077.081,AWS Graviton3 Processor,AWS Graviton3 Processor,AWS
c7gd.4xlarge,us-west-2,usw2-az1,3,10.0,15.0,3.0,0.7258,0.2918,59,c7gd,Computing,c,16.0,32.0,24077.081,AWS Graviton3 Processor,AWS Graviton3 Processor,AWS
c7gd.4xlarge,us-west-2,usw2-az2,3,10.0,15.0,3.0,0.7258,0.3347,53,c7gd,Computing,c,16.0,32.0,24077.081,AWS Graviton3 Processor,AWS Graviton3 Processor,AWS
c7gd.4xlarge,us-west-2,usw2-az3,3,5.0,10.0,3.0,0.7258,0.299,58,c7gd,Computing,c,16.0,32.0,24077.081,AWS Graviton3 Processor,AWS Graviton3 Processor,AWS
c7gd.4xlarge,us-west-2,usw2-az4,3,1.0,1.0,3.0,0.7258,0.2658,63,c7gd,Computing,c,16.0,32.0,24077.081,AWS Graviton3 Processor,AWS Graviton3 Processor,AWS
c7gd.8xlarge,us-west-2,usw2-az1,3,10.0,15.0,3.0,1.4515,0.5849,59,c7gd,Computing,c,32.0,64.0,24079.6751,AWS Graviton3 Processor,AWS Graviton3 Processor,AWS
c7gd.8xlarge,us-west-2,usw2-az2,3,5.0,15.0,3.0,1.4515,0.5723,60,c7gd,Computing,c,32.0,64.0,24079.6751,AWS Graviton3 Processor,AWS Graviton3 Processor,AWS
c7gd.8xlarge,us-west-2,usw2-az3,3,10.0,15.0,3.0,1.4515,0.5718,60,c7gd,Computing,c,32.0,64.0,24079.6751,AWS Graviton3 Processor,AWS Graviton3 Processor,AWS
c7gd.8xlarge,us-west-2,usw2-az4,3,1.0,5.0,3.0,1.4515,0.5352,63,c7gd,Computing,c,32.0,64.0,24079.6751,AWS Graviton3 Processor,AWS Graviton3 Processor,AWS
c7gd.large,us-west-2,usw2-az1,3,20.0,35.0,2.5,0.0907,0.0374,58,c7gd,Computing,c,2.0,4.0,24077.081,AWS Graviton3 Processor,AWS Graviton3 Processor,AWS
c7gd.large,us-west-2,usw2-az2,3,30.0,50.0,2.5,0.0907,0.0393,56,c7gd,Computing,c,2.0,4.0,24077.081,AWS Graviton3 Processor,AWS Graviton3 Processor,AWS
c7gd.large,us-west-2,usw2-az3,3,25.0,40.0,2.5,0.0907,0.0358,60,c7gd,Computing,c,2.0,4.0,24077.081,AWS Graviton3 Processor,AWS Graviton3 Processor,AWS
c7gd.large,us-west-2,usw2-az4,3,25.0,35.0,2.5,0.0907,0.0301,66,c7gd,Computing,c,2.0,4.0,24077.081,AWS Graviton3 Processor,AWS Graviton3 Processor,AWS
c7gd.medium,us-west-2,usw2-az1,3,50.0,50.0,3.0,0.0454,0.0129,71,c7gd,Computing,c,1.0,2.0,24092.5563,AWS Graviton3 Processor,AWS Graviton3 Processor,AWS
c7gd.medium,us-west-2,usw2-az2,3,50.0,50.0,3.0,0.0454,0.0142,68,c7gd,Computing,c,1.0,2.0,24092.5563,AWS Graviton3 Processor,AWS Graviton3 Processor,AWS
c7gd.medium,us-west-2,usw2-az3,3,35.0,50.0,3.0,0.0454,0.0138,69,c7gd,Computing,c,1.0,2.0,24092.5563,AWS Graviton3 Processor,AWS Graviton3 Processor,AWS
c7gd.medium,us-west-2,usw2-az4,3,30.0,40.0,3.0,0.0454,0.0115,74,c7gd,Computing,c,1.0,2.0,24092.5563,AWS Graviton3 Processor,AWS Graviton3 Processor,AWS
c7gd.xlarge,us-west-2,usw2-az1,3,15.0,25.0,3.0,0.1814,0.0765,57,c7gd,Computing,c,4.0,8.0,24077.081,AWS Graviton3 Processor,AWS Graviton3 Processor,AWS
c7gd.xlarge,us-west-2,usw2-az2,3,10.0,20.0,3.0,0.1814,0.0915,49,c7gd,Computing,c,4.0,8.0,24077.081,AWS Graviton3 Processor,AWS Graviton3 Processor,AWS
c7gd.xlarge,us-west-2,usw2-az3,3,10.0,15.0,3.0,0.1814,0.0718,60,c7gd,Computing,c,4.0,8.0,24077.081,AWS Graviton3 Processor,AWS Graviton3 Processor,AWS
c7gd.xlarge,us-west-2,usw2-az4,3,10.0,15.0,3.0,0.1814,0.0674,62,c7gd,Computing,c,4.0,8.0,24077.081,AWS Graviton3 Processor,AWS Graviton3 Processor,AWS
c7gn.12xlarge,us-west-2,usw2-az1,3,1.0,1.0,3.0,2.9952,0.9795,67,c7gn,Computing,c,48.0,96.0,24076.4292834,AWS Graviton3 Processor,AWS Graviton3 Processor,AWS
c7gn.12xlarge,us-west-2,usw2-az2,2,0.0,1.0,3.0,2.9952,1.401,53,c7gn,Computing,c,48.0,96.0,24076.4292834,AWS Graviton3 Processor,AWS Graviton3 Processor,AWS
c7gn.12xlarge,us-west-2,usw2-az3,3,1.0,5.0,3.0,2.9952,1.107,63,c7gn,Computing,c,48.0,96.0,24076.4292834,AWS Graviton3 Processor,AWS Graviton3 Processor,AWS
c7gn.12xlarge,us-west-2,usw2-az4,1,0.0,0.0,3.0,2.9952,0.9716,67,c7gn,Computing,c,48.0,96.0,24076.4292834,AWS Graviton3 Processor,AWS Graviton3 Processor,AWS
c7gn.16xlarge,us-west-2,usw2-az1,3,50.0,50.0,2.5,3.9936,2.7211,31,c7gn,Computing,c,64.0,128.0,24072.9521798,AWS Graviton3 Processor,AWS Graviton3 Processor,AWS
c7gn.16xlarge,us-west-2,usw2-az2,3,50.0,50.0,2.5,3.9936,1.3562,66,c7gn,Computing,c,64.0,128.0,24072.9521798,AWS Graviton3 Processor,AWS Graviton3 Processor,AWS
c7gn.16xlarge,us-west-2,usw2-az3,3,40.0,50.0,2.5,3.9936,1.4824,62,c7gn,Computing,c,64.0,128.0,24072.9521798,AWS Graviton3 Processor,AWS Graviton3 Processor,AWS
c7gn.16xlarge,us-west-2,usw2-az4,1,0.0,0.0,2.5,3.9936,1.1119,72,c7gn,Computing,c,64.0,128.0,24072.9521798,AWS Graviton3 Processor,AWS Graviton3 Processor,AWS
c7gn.2xlarge,us-west-2,usw2-az1,3,1.0,1.0,2.0,0.4992,0.1754,64,c7gn,Computing,c,8.0,16.0,24090.2329426,AWS Graviton3 Processor,AWS Graviton3 Processor,AWS
c7gn.2xlarge,us-west-2,usw2-az2,3,1.0,1.0,2.0,0.4992,0.2209,55,c7gn,Computing,c,8.0,16.0,24090.2329426,AWS Graviton3 Processor,AWS Graviton3 Processor,AWS
c7gn.2xlarge,us-west-2,usw2-az3,3,5.0,10.0,2.0,0.4992,0.2084,58,c7gn,Computing,c,8.0,16.0,24090.2329426,AWS Graviton3 Processor,AWS Graviton3 Processor,AWS
c7gn.2xlarge,us-west-2,usw2-az4,1,0.0,0.0,2.0,0.4992,0.1661,66,c7gn,Computing,c,8.0,16.0,24090.2329426,AWS Graviton3 Processor,AWS Graviton3 Processor,AWS
c7gn.4xlarge,us-west-2,usw2-az1,3,1.0,1.0,3.0,0.9984,0.406,59,c7gn,Computing,c,16.0,32.0,24079.212249,AWS Graviton3 Processor,AWS Graviton3 Processor,AWS
c7gn.4xlarge,us-west-2,usw2-az2,3,1.0,1.0,3.0,0.9984,0.4492,55,c7gn,Computing,c,16.0,32.0,24079.212249,AWS Graviton3 Processor,AWS Graviton3 Processor,AWS
c7gn.4xlarge,us-west-2,usw2-az3,3,1.0,5.0,3.0,0.9984,0.4344,56,c7gn,Computing,c,16.0,32.0,24079.212249,AWS Graviton3 Processor,AWS Graviton3 Processor,AWS
c7gn.4xlarge,us-west-2,usw2-az4,1,0.0,0.0,3.0,0.9984,0.3444,65,c7gn,Computing,c,16.0,32.0,24079.212249,AWS Graviton3 Processor,AWS Graviton3 Processor,AWS
c7gn.8xlarge,us-west-2,usw2-az1,3,1.0,1.0,1.0,1.9968,0.6784,66,c7gn,Computing,c,32.0,64.0,24081.5307288,AWS Graviton3 Processor,AWS Graviton3 Processor,AWS
c7gn.8xlarge,us-west-2,usw2-az2,3,1.0,1.0,1.0,1.9968,0.9024,54,c7gn,Computing,c,32.0,64.0,24081.5307288,AWS Graviton3 Processor,AWS Graviton3 Processor,AWS
c7gn.8xlarge,us-west-2,usw2-az3,3,1.0,1.0,1.0,1.9968,0.8752,56,c7gn,Computing,c,32.0,64.0,24081.5307288,AWS Graviton3 Processor,AWS Graviton3 Processor,AWS
c7gn.8xlarge,us-west-2,usw2-az4,3,1.0,1.0,1.0,1.9968,0.7301,63,c7gn,Computing,c,32.0,64.0,24081.5307288,AWS Graviton3 Processor,AWS Graviton3 Processor,AWS
c7gn.large,us-west-2,usw2-az1,3,5.0,10.0,1.5,0.1248,0.0569,54,c7gn,Computing,c,2.0,4.0,24061.1460458,AWS Graviton3 Processor,AWS Graviton3 Processor,AWS
c7gn.large,us-west-2,usw2-az2,3,15.0,25.0,1.5,0.1248,0.0433,65,c7gn,Computing,c,2.0,4.0,24061.1460458,AWS Graviton3 Processor,AWS Graviton3 Processor,AWS
c7gn.large,us-west-2,usw2-az3,3,40.0,50.0,1.5,0.1248,0.0454,63,c7gn,Computing,c,2.0,4.0,24061.1460458,AWS Graviton3 Processor,AWS Graviton3 Processor,AWS
c7gn.large,us-west-2,usw2-az4,3,5.0,10.0,1.5,0.1248,0.0431,65,c7gn,Computing,c,2.0,4.0,24061.1460458,AWS Graviton3 Processor,AWS Graviton3 Processor,AWS
c7gn.medium,us-west-2,usw2-az1,3,10.0,20.0,2.5,0.0624,0.0436,30,c7gn,Computing,c,1.0,2.0,24090.3519922,AWS Graviton3 Processor,AWS Graviton3 Processor,AWS
c7gn.medium,us-west-2,usw2-az2,3,20.0,35.0,2.5,0.0624,0.0164,73,c7gn,Computing,c,1.0,2.0,24090.3519922,AWS Graviton3 Processor,AWS Graviton3 Processor,AWS
c7gn.medium,us-west-2,usw2-az3,3,50.0,50.0,2.5,0.0624,0.0171,72,c7gn,Computing,c,1.0,2.0,24090.3519922,AWS Graviton3 Processor,AWS Graviton3 Processor,AWS
c7gn.medium,us-west-2,usw2-az4,1,0.0,0.0,2.5,0.0624,0.016,74,c7gn,Computing,c,1.0,2.0,24090.3519922,AWS Graviton3 Processor,AWS Graviton3 Processor,AWS
c7gn.xlarge,us-west-2,usw2-az1,3,5.0,10.0,2.0,0.2496,0.0857,65,c7gn,Computing,c,4.0,8.0,24086.8702568,AWS Graviton3 Processor,AWS Graviton3 Processor,AWS
c7gn.xlarge,us-west-2,usw2-az2,3,10.0,20.0,2.0,0.2496,0.1033,58,c7gn,Computing,c,4.0,8.0,24086.8702568,AWS Graviton3 Processor,AWS Graviton3 Processor,AWS
c7gn.xlarge,us-west-2,usw2-az3,3,25.0,40.0,2.0,0.2496,0.0911,63,c7gn,Computing,c,4.0,8.0,24086.8702568,AWS Graviton3 Processor,AWS Graviton3 Processor,AWS
c7gn.xlarge,us-west-2,usw2-az4,3,1.0,5.0,2.0,0.2496,0.0978,60,c7gn,Computing,c,4.0,8.0,24086.8702568,AWS Graviton3 Processor,AWS Graviton3 Processor,AWS
c7i-flex.2xlarge,us-west-2,usw2-az1,3,50.0,50.0,3.0,0.33915,0.1442,57,c7i-flex,Computing,c,8.0,16.0,34210.7263,Intel(R) Xeon(R) Platinum 8488C,Intel(R) Xeon(R) Platinum 8488C,Intel
c7i-flex.2xlarge,us-west-2,usw2-az2,3,50.0,50.0,3.0,0.33915,0.1464,56,c7i-flex,Computing,c,8.0,16.0,34210.7263,Intel(R) Xeon(R) Platinum 8488C,Intel(R) Xeon(R) Platinum 8488C,Intel
c7i-flex.2xlarge,us-west-2,usw2-az3,3,50.0,50.0,3.0,0.33915,0.151,55,c7i-flex,Computing,c,8.0,16.0,34210.7263,Intel(R) Xeon(R) Platinum 8488C,Intel(R) Xeon(R) Platinum 8488C,Intel
c7i-flex.2xlarge,us-west-2,usw2-az4,3,25.0,40.0,3.0,0.33915,0.1249,63,c7i-flex,Computing,c,8.0,16.0,34210.7263,Intel(R) Xeon(R) Platinum 8488C,Intel(R) Xeon(R) Platinum 8488C,Intel
c7i-flex.4xlarge,us-west-2,usw2-az1,3,5.0,10.0,1.0,0.6783,0.3056,54,c7i-flex,Computing,c,16.0,32.0,34210.7263,Intel(R) Xeon(R) Platinum 8488C,Intel(R) Xeon(R) Platinum 8488C,Intel
c7i-flex.4xlarge,us-west-2,usw2-az2,3,5.0,10.0,1.0,0.6783,0.3129,53,c7i-flex,Computing,c,16.0,32.0,34210.7263,Intel(R) Xeon(R) Platinum 8488C,Intel(R) Xeon(R) Platinum 8488C,Intel
c7i-flex.4xlarge,us-west-2,usw2-az3,3,5.0,5.0,1.0,0.6783,0.2897,57,c7i-flex,Computing,c,16.0,32.0,34210.7263,Intel(R) Xeon(R) Platinum 8488C,Intel(R) Xeon(R) Platinum 8488C,Intel
c7i-flex.4xlarge,us-west-2,usw2-az4,3,1.0,5.0,1.0,0.6783,0.2709,60,c7i-flex,Computing,c,16.0,32.0,34210.7263,Intel(R) Xeon(R) Platinum 8488C,Intel(R) Xeon(R) Platinum 8488C,Intel
c7i-flex.8xlarge,us-west-2,usw2-az1,3,10.0,15.0,1.0,1.3566,0.6527,51,c7i-flex,Computing,c,32.0,64.0,34210.7263,Intel(R) Xeon(R) Platinum 8488C,Intel(R) Xeon(R) Platinum 8488C,Intel
c7i-flex.8xlarge,us-west-2,usw2-az2,3,10.0,15.0,1.0,1.3566,0.8133,40,c7i-flex,Computing,c,32.0,64.0,34210.7263,Intel(R) Xeon(R) Platinum 8488C,Intel(R) Xeon(R) Platinum 8488C,Intel
c7i-flex.8xlarge,us-west-2,usw2-az3,3,1.0,1.0,1.0,1.3566,0.608,55,c7i-flex,Computing,c,32.0,64.0,34210.7263,Intel(R) Xeon(R) Platinum 8488C,Intel(R) Xeon(R) Platinum 8488C,Intel
c7i-flex.8xlarge,us-west-2,usw2-az4,2,0.0,1.0,1.0,1.3566,0.5072,62,c7i-flex,Computing,c,32.0,64.0,34210.7263,Intel(R) Xeon(R) Platinum 8488C,Intel(R) Xeon(R) Platinum 8488C,Intel
c7i-flex.large,us-west-2,usw2-az1,3,50.0,50.0,3.0,0.08479,0.0345,59,c7i-flex,Computing,c,2.0,4.0,34210.7263,Intel(R) Xeon(R) Platinum 8488C,Intel(R) Xeon(R) Platinum 8488C,Intel
c7i-flex.large,us-west-2,usw2-az2,3,50.0,50.0,3.0,0.08479,0.0358,57,c7i-flex,Computing,c,2.0,4.0,34210.7263,Intel(R) Xeon(R) Platinum 8488C,Intel(R) Xeon(R) Platinum 8488C,Intel
c7i-flex.large,us-west-2,usw2-az3,3,50.0,50.0,3.0,0.08479,0.0311,63,c7i-flex,Computing,c,2.0,4.0,34210.7263,Intel(R) Xeon(R) Platinum 8488C,Intel(R) Xeon(R) Platinum 8488C,Intel
c7i-flex.large,us-west-2,usw2-az4,3,45.0,50.0,3.0,0.08479,0.0212,74,c7i-flex,Computing,c,2.0,4.0,34210.7263,Intel(R) Xeon(R) Platinum 8488C,Intel(R) Xeon(R) Platinum 8488C,Intel
c7i-flex.xlarge,us-west-2,usw2-az1,3,50.0,50.0,3.0,0.16958,0.077,54,c7i-flex,Computing,c,4.0,8.0,34210.7263,Intel(R) Xeon(R) Platinum 8488C,Intel(R) Xeon(R) Platinum 8488C,Intel
c7i-flex.xlarge,us-west-2,usw2-az2,3,50.0,50.0,3.0,0.16958,0.0756,55,c7i-flex,Computing,c,4.0,8.0,34210.7263,Intel(R) Xeon(R) Platinum 8488C,Intel(R) Xeon(R) Platinum 8488C,Intel
c7i-flex.xlarge,us-west-2,usw2-az3,3,45.0,50.0,3.0,0.16958,0.0864,49,c7i-flex,Computing,c,4.0,8.0,34210.7263,Intel(R) Xeon(R) Platinum 8488C,Intel(R) Xeon(R) Platinum 8488C,Intel
c7i-flex.xlarge,us-west-2,usw2-az4,3,25.0,40.0,3.0,0.16958,0.0565,66,c7i-flex,Computing,c,4.0,8.0,34210.7263,Intel(R) Xeon(R) Platinum 8488C,Intel(R) Xeon(R) Platinum 8488C,Intel
c7i.12xlarge,us-west-2,usw2-az1,3,50.0,50.0,1.5,2.142,0.863,59,c7i,Computing,c,48.0,96.0,34778.3111392,Intel(R) Xeon(R) Platinum 8488C,Intel(R) Xeon(R) Platinum 8488C,Intel
c7i.12xlarge,us-west-2,usw2-az2,3,20.0,30.0,1.5,2.142,0.8157,61,c7i,Computing,c,48.0,96.0,34778.3111392,Intel(R) Xeon(R) Platinum 8488C,Intel(R) Xeon(R) Platinum 8488C,Intel
c7i.12xlarge,us-west-2,usw2-az3,3,50.0,50.0,1.5,2.142,0.8017,62,c7i,Computing,c,48.0,96.0,34778.3111392,Intel(R) Xeon(R) Platinum 8488C,Intel(R) Xeon(R) Platinum 8488C,Intel
c7i.12xlarge,us-west-2,usw2-az4,3,10.0,20.0,1.5,2.142,0.8666,59,c7i,Computing,c,48.0,96.0,34778.3111392,Intel(R) Xeon(R) Platinum 8488C,Intel(R) Xeon(R) Platinum 8488C,Intel
c7i.16xlarge,us-west-2,usw2-az1,3,50.0,50.0,2.0,2.856,1.0919,61,c7i,Computing,c,64.0,128.0,34370.7301538,Intel(R) Xeon(R) Platinum 8488C,Intel(R) Xeon(R) Platinum 8488C,Intel
c7i.16xlarge,us-west-2,usw2-az2,3,50.0,50.0,2.0,2.856,1.0987,61,c7i,Computing,c,64.0,128.0,34370.7301538,Intel(R) Xeon(R) Platinum 8488C,Intel(R) Xeon(R) Platinum 8488C,Intel
c7i.16xlarge,us-west-2,usw2-az3,3,50.0,50.0,2.0,2.856,1.0763,62,c7i,Computing,c,64.0,128.0,34370.7301538,Intel(R) Xeon(R) Platinum 8488C,Intel(R) Xeon(R) Platinum 8488C,Intel
c7i.16xlarge,us-west-2,usw2-az4,3,15.0,25.0,2.0,2.856,0.9944,65,c7i,Computing,c,64.0,128.0,34370.7301538,Intel(R) Xeon(R) Platinum 8488C,Intel(R) Xeon(R) Platinum 8488C,Intel
c7i.24xlarge,us-west-2,usw2-az1,3,20.0,35.0,1.5,4.284,1.7662,58,c7i,Computing,c,96.0,192.0,34352.6937346,Intel(R) Xeon(R) Platinum 8488C,Intel(R) Xeon(R) Platinum 8488C,Intel
c7i.24xlarge,us-west-2,usw2-az2,3,10.0,15.0,1.5,4.284,1.5413,64,c7i,Computing,c,96.0,192.0,34352.6937346,Intel(R) Xeon(R) Platinum 8488C,Intel(R) Xeon(R) Platinum 8488C,Intel
c7i.24xlarge,us-west-2,usw2-az3,3,10.0,15.0,1.5,4.284,1.6186,62,c7i,Computing,c,96.0,192.0,34352.6937346,Intel(R) Xeon(R) Platinum 8488C,Intel(R) Xeon(R) Platinum 8488C,Intel
c7i.24xlarge,us-west-2,usw2-az4,3,15.0,20.0,1.5,4.284,1.4274,66,c7i,Computing,c,96.0,192.0,34352.6937346,Intel(R) Xeon(R) Platinum 8488C,Intel(R) Xeon(R) Platinum 8488C,Intel
c7i.2xlarge,us-west-2,usw2-az1,3,50.0,50.0,2.0,0.357,0.1311,63,c7i,Computing,c,8.0,16.0,34927.205125199995,Intel(R) Xeon(R) Platinum 8488C,Intel(R) Xeon(R) Platinum 8488C,Intel
c7i.2xlarge,us-west-2,usw2-az2,3,40.0,50.0,2.0,0.357,0.1416,60,c7i,Computing,c,8.0,16.0,34927.205125199995,Intel(R) Xeon(R) Platinum 8488C,Intel(R) Xeon(R) Platinum 8488C,Intel
c7i.2xlarge,us-west-2,usw2-az3,3,45.0,50.0,2.0,0.357,0.1272,64,c7i,Computing,c,8.0,16.0,34927.205125199995,Intel(R) Xeon(R) Platinum 8488C,Intel(R) Xeon(R) Platinum 8488C,Intel
c7i.2xlarge,us-west-2,usw2-az4,3,5.0,10.0,2.0,0.357,0.1376,61,c7i,Computing,c,8.0,16.0,34927.205125199995,Intel(R) Xeon(R) Platinum 8488C,Intel(R) Xeon(R) Platinum 8488C,Intel
c7i.48xlarge,us-west-2,usw2-az1,3,50.0,50.0,2.0,8.568,3.8543,55,c7i,Computing,c,192.0,384.0,34368.0759288,Intel(R) Xeon(R) Platinum 8488C,Intel(R) Xeon(R) Platinum 8488C,Intel
c7i.48xlarge,us-west-2,usw2-az2,3,25.0,40.0,2.0,8.568,3.7581,56,c7i,Computing,c,192.0,384.0,34368.0759288,Intel(R) Xeon(R) Platinum 8488C,Intel(R) Xeon(R) Platinum 8488C,Intel
c7i.48xlarge,us-west-2,usw2-az3,3,30.0,50.0,2.0,8.568,3.7005,56,c7i,Computing,c,192.0,384.0,34368.0759288,Intel(R) Xeon(R) Platinum 8488C,Intel(R) Xeon(R) Platinum 8488C,Intel
c7i.48xlarge,us-west-2,usw2-az4,3,5.0,5.0,2.0,8.568,3.3557,60,c7i,Computing,c,192.0,384.0,34368.0759288,Intel(R) Xeon(R) Platinum 8488C,Intel(R) Xeon(R) Platinum 8488C,Intel
c7i.4xlarge,us-west-2,usw2-az1,3,50.0,50.0,1.5,0.714,0.308,56,c7i,Computing,c,16.0,32.0,34333.2174978,Intel(R) Xeon(R) Platinum 8488C,Intel(R) Xeon(R) Platinum 8488C,Intel
c7i.4xlarge,us-west-2,usw2-az2,3,50.0,50.0,1.5,0.714,0.3023,57,c7i,Computing,c,16.0,32.0,34333.2174978,Intel(R) Xeon(R) Platinum 8488C,Intel(R) Xeon(R) Platinum 8488C,Intel
c7i.4xlarge,us-west-2,usw2-az3,3,50.0,50.0,1.5,0.714,0.3106,56,c7i,Computing,c,16.0,32.0,34333.2174978,Intel(R) Xeon(R) Platinum 8488C,Intel(R) Xeon(R) Platinum 8488C,Intel
c7i.4xlarge,us-west-2,usw2-az4,3,30.0,50.0,1.5,0.714,0.262,63,c7i,Computing,c,16.0,32.0,34333.2174978,Intel(R) Xeon(R) Platinum 8488C,Intel(R) Xeon(R) Platinum 8488C,Intel
c7i.8xlarge,us-west-2,usw2-az1,3,50.0,50.0,1.0,1.428,0.5545,61,c7i,Computing,c,32.0,64.0,34415.6075862,Intel(R) Xeon(R) Platinum 8488C,Intel(R) Xeon(R) Platinum 8488C,Intel
c7i.8xlarge,us-west-2,usw2-az2,3,50.0,50.0,1.0,1.428,0.555,61,c7i,Computing,c,32.0,64.0,34415.6075862,Intel(R) Xeon(R) Platinum 8488C,Intel(R) Xeon(R) Platinum 8488C,Intel
c7i.8xlarge,us-west-2,usw2-az3,3,35.0,50.0,1.0,1.428,0.5727,59,c7i,Computing,c,32.0,64.0,34415.6075862,Intel(R) Xeon(R) Platinum 8488C,Intel(R) Xeon(R) Platinum 8488C,Intel
c7i.8xlarge,us-west-2,usw2-az4,3,45.0,50.0,1.0,1.428,0.5477,61,c7i,Computing,c,32.0,64.0,34415.6075862,Intel(R) Xeon(R) Platinum 8488C,Intel(R) Xeon(R) Platinum 8488C,Intel
c7i.large,us-west-2,usw2-az1,3,50.0,50.0,3.0,0.08925,0.0336,62,c7i,Computing,c,2.0,4.0,33276.402084199995,Intel(R) Xeon(R) Platinum 8488C,Intel(R) Xeon(R) Platinum 8488C,Intel
c7i.large,us-west-2,usw2-az2,3,30.0,50.0,3.0,0.08925,0.0321,64,c7i,Computing,c,2.0,4.0,33276.402084199995,Intel(R) Xeon(R) Platinum 8488C,Intel(R) Xeon(R) Platinum 8488C,Intel
c7i.large,us-west-2,usw2-az3,3,50.0,50.0,3.0,0.08925,0.0324,63,c7i,Computing,c,2.0,4.0,33276.402084199995,Intel(R) Xeon(R) Platinum 8488C,Intel(R) Xeon(R) Platinum 8488C,Intel
c7i.large,us-west-2,usw2-az4,3,35.0,50.0,3.0,0.08925,0.0304,65,c7i,Computing,c,2.0,4.0,33276.402084199995,Intel(R) Xeon(R) Platinum 8488C,Intel(R) Xeon(R) Platinum 8488C,Intel
c7i.xlarge,us-west-2,usw2-az1,3,50.0,50.0,1.5,0.1785,0.0754,57,c7i,Computing,c,4.0,8.0,31918.1276076,Intel(R) Xeon(R) Platinum 8488C,Intel(R) Xeon(R) Platinum 8488C,Intel
c7i.xlarge,us-west-2,usw2-az2,3,35.0,50.0,1.5,0.1785,0.0798,55,c7i,Computing,c,4.0,8.0,31918.1276076,Intel(R) Xeon(R) Platinum 8488C,Intel(R) Xeon(R) Platinum 8488C,Intel
c7i.xlarge,us-west-2,usw2-az3,3,50.0,50.0,1.5,0.1785,0.0757,57,c7i,Computing,c,4.0,8.0,31918.1276076,Intel(R) Xeon(R) Platinum 8488C,Intel(R) Xeon(R) Platinum 8488C,Intel
c7i.xlarge,us-west-2,usw2-az4,3,15.0,25.0,1.5,0.1785,0.0664,62,c7i,Computing,c,4.0,8.0,31918.1276076,Intel(R) Xeon(R) Platinum 8488C,Intel(R) Xeon(R) Platinum 8488C,Intel
c8g.12xlarge,us-west-2,usw2-az1,3,5.0,5.0,2.0,1.91424,0.6926,63,c8g,Computing,c,48.0,96.0,28985.339696599996,AWS Graviton4 Processor,AWS Graviton4 Processor,AWS
c8g.12xlarge,us-west-2,usw2-az2,3,1.0,1.0,2.0,1.91424,0.7482,60,c8g,Computing,c,48.0,96.0,28985.339696599996,AWS Graviton4 Processor,AWS Graviton4 Processor,AWS
c8g.12xlarge,us-west-2,usw2-az3,3,1.0,5.0,2.0,1.91424,0.6926,63,c8g,Computing,c,48.0,96.0,28985.339696599996,AWS Graviton4 Processor,AWS Graviton4 Processor,AWS
c8g.12xlarge,us-west-2,usw2-az4,3,1.0,5.0,2.0,1.91424,0.6874,64,c8g,Computing,c,48.0,96.0,28985.339696599996,AWS Graviton4 Processor,AWS Graviton4 Processor,AWS
c8g.16xlarge,us-west-2,usw2-az1,3,40.0,50.0,1.5,2.55232,0.9416,63,c8g,Computing,c,64.0,128.0,28986.517522600003,AWS Graviton4 Processor,AWS Graviton4 Processor,AWS
c8g.16xlarge,us-west-2,usw2-az2,3,25.0,35.0,1.5,2.55232,0.9215,63,c8g,Computing,c,64.0,128.0,28986.517522600003,AWS Graviton4 Processor,AWS Graviton4 Processor,AWS
c8g.16xlarge,us-west-2,usw2-az3,3,25.0,40.0,1.5,2.55232,0.9139,64,c8g,Computing,c,64.0,128.0,28986.517522600003,AWS Graviton4 Processor,AWS Graviton4 Processor,AWS
c8g.16xlarge,us-west-2,usw2-az4,3,5.0,10.0,1.5,2.55232,1.105,56,c8g,Computing,c,64.0,128.0,28986.517522600003,AWS Graviton4 Processor,AWS Graviton4 Processor,AWS
c8g.24xlarge,us-west-2,usw2-az1,3,15.0,20.0,1.5,3.82848,1.4158,63,c8g,Computing,c,96.0,192.0,28984.16483,AWS Graviton4 Processor,AWS Graviton4 Processor,AWS
c8g.24xlarge,us-west-2,usw2-az2,3,1.0,1.0,1.5,3.82848,1.4077,63,c8g,Computing,c,96.0,192.0,28984.16483,AWS Graviton4 Processor,AWS Graviton4 Processor,AWS
c8g.24xlarge,us-west-2,usw2-az3,3,5.0,5.0,1.5,3.82848,1.337,65,c8g,Computing,c,96.0,192.0,28984.16483,AWS Graviton4 Processor,AWS Graviton4 Processor,AWS
c8g.24xlarge,us-west-2,usw2-az4,3,1.0,5.0,1.5,3.82848,1.4467,62,c8g,Computing,c,96.0,192.0,28984.16483,AWS Graviton4 Processor,AWS Graviton4 Processor,AWS
c8g.2xlarge,us-west-2,usw2-az1,3,25.0,40.0,1.0,0.31904,0.1145,64,c8g,Computing,c,8.0,16.0,28984.836842800003,AWS Graviton4 Processor,AWS Graviton4 Processor,AWS
c8g.2xlarge,us-west-2,usw2-az2,3,30.0,45.0,1.0,0.31904,0.1254,60,c8g,Computing,c,8.0,16.0,28984.836842800003,AWS Graviton4 Processor,AWS Graviton4 Processor,AWS
c8g.2xlarge,us-west-2,usw2-az3,3,45.0,50.0,1.0,0.31904,0.1171,63,c8g,Computing,c,8.0,16.0,28984.836842800003,AWS Graviton4 Processor,AWS Graviton4 Processor,AWS
c8g.2xlarge,us-west-2,usw2-az4,3,10.0,15.0,1.0,0.31904,0.1128,64,c8g,Computing,c,8.0,16.0,28984.836842800003,AWS Graviton4 Processor,AWS Graviton4 Processor,AWS
c8g.48xlarge,us-west-2,usw2-az1,3,5.0,10.0,3.0,7.65696,2.6755,65,c8g,Computing,c,192.0,384.0,27923.915052000004,AWS Graviton4 Processor,AWS Graviton4 Processor,AWS
c8g.48xlarge,us-west-2,usw2-az2,3,5.0,5.0,3.0,7.65696,2.6784,65,c8g,Computing,c,192.0,384.0,27923.915052000004,AWS Graviton4 Processor,AWS Graviton4 Processor,AWS
c8g.48xlarge,us-west-2,usw2-az3,3,1.0,5.0,3.0,7.65696,2.7715,63,c8g,Computing,c,192.0,384.0,27923.915052000004,AWS Graviton4 Processor,AWS Graviton4 Processor,AWS
c8g.48xlarge,us-west-2,usw2-az4,3,1.0,1.0,3.0,7.65696,2.3342,69,c8g,Computing,c,192.0,384.0,27923.915052000004,AWS Graviton4 Processor,AWS Graviton4 Processor,AWS
c8g.4xlarge,us-west-2,usw2-az1,3,10.0,20.0,1.5,0.63808,0.2437,61,c8g,Computing,c,16.0,32.0,28936.17795,AWS Graviton4 Processor,AWS Graviton4 Processor,AWS
c8g.4xlarge,us-west-2,usw2-az2,3,15.0,15.0,1.5,0.63808,0.2246,64,c8g,Computing,c,16.0,32.0,28936.17795,AWS Graviton4 Processor,AWS Graviton4 Processor,AWS
c8g.4xlarge,us-west-2,usw2-az3,3,10.0,20.0,1.5,0.63808,0.2304,63,c8g,Computing,c,16.0,32.0,28936.17795,AWS Graviton4 Processor,AWS Graviton4 Processor,AWS
c8g.4xlarge,us-west-2,usw2-az4,3,1.0,5.0,1.5,0.63808,0.2177,65,c8g,Computing,c,16.0,32.0,28936.17795,AWS Graviton4 Processor,AWS Graviton4 Processor,AWS
c8g.8xlarge,us-west-2,usw2-az1,3,50.0,50.0,1.0,1.27616,0.4671,63,c8g,Computing,c,32.0,64.0,28981.140538999996,AWS Graviton4 Processor,AWS Graviton4 Processor,AWS
c8g.8xlarge,us-west-2,usw2-az2,3,1.0,5.0,1.0,1.27616,0.4873,61,c8g,Computing,c,32.0,64.0,28981.140538999996,AWS Graviton4 Processor,AWS Graviton4 Processor,AWS
c8g.8xlarge,us-west-2,usw2-az3,3,10.0,15.0,1.0,1.27616,0.492,61,c8g,Computing,c,32.0,64.0,28981.140538999996,AWS Graviton4 Processor,AWS Graviton4 Processor,AWS
c8g.8xlarge,us-west-2,usw2-az4,3,5.0,5.0,1.0,1.27616,0.5493,56,c8g,Computing,c,32.0,64.0,28981.140538999996,AWS Graviton4 Processor,AWS Graviton4 Processor,AWS
c8g.large,us-west-2,usw2-az1,3,30.0,50.0,2.5,0.07976,0.0286,64,c8g,Computing,c,2.0,4.0,28990.0467,AWS Graviton4 Processor,AWS Graviton4 Processor,AWS
c8g.large,us-west-2,usw2-az2,3,20.0,30.0,2.5,0.07976,0.0265,66,c8g,Computing,c,2.0,4.0,28990.0467,AWS Graviton4 Processor,AWS Graviton4 Processor,AWS
c8g.large,us-west-2,usw2-az3,3,20.0,25.0,2.5,0.07976,0.0272,65,c8g,Computing,c,2.0,4.0,28990.0467,AWS Graviton4 Processor,AWS Graviton4 Processor,AWS
c8g.large,us-west-2,usw2-az4,3,40.0,50.0,2.5,0.07976,0.0287,64,c8g,Computing,c,2.0,4.0,28990.0467,AWS Graviton4 Processor,AWS Graviton4 Processor,AWS
c8g.medium,us-west-2,usw2-az1,3,50.0,50.0,2.0,0.03988,0.0133,66,c8g,Computing,c,1.0,2.0,28986.350975800004,AWS Graviton4 Processor,AWS Graviton4 Processor,AWS
c8g.medium,us-west-2,usw2-az2,3,35.0,50.0,2.0,0.03988,0.0111,72,c8g,Computing,c,1.0,2.0,28986.350975800004,AWS Graviton4 Processor,AWS Graviton4 Processor,AWS
c8g.medium,us-west-2,usw2-az3,3,45.0,50.0,2.0,0.03988,0.0134,66,c8g,Computing,c,1.0,2.0,28986.350975800004,AWS Graviton4 Processor,AWS Graviton4 Processor,AWS
c8g.medium,us-west-2,usw2-az4,3,50.0,50.0,2.0,0.03988,0.0143,64,c8g,Computing,c,1.0,2.0,28986.350975800004,AWS Graviton4 Processor,AWS Graviton4 Processor,AWS
c8g.metal-24xl,us-west-2,usw2-az1,3,1.0,1.0,3.0,3.82848,1.7219,55,c8g,Computing,c,96.0,192.0,29043.091182599997,,,AWS
c8g.metal-24xl,us-west-2,usw2-az2,1,0.0,0.0,3.0,3.82848,1.1032,71,c8g,Computing,c,96.0,192.0,29043.091182599997,,,AWS
c8g.metal-24xl,us-west-2,usw2-az3,3,1.0,1.0,3.0,3.82848,1.5896,58,c8g,Computing,c,96.0,192.0,29043.091182599997,,,AWS
c8g.metal-24xl,us-west-2,usw2-az4,2,0.0,1.0,3.0,3.82848,1.64,57,c8g,Computing,c,96.0,192.0,29043.091182599997,,,AWS
c8g.metal-48xl,us-west-2,usw2-az1,2,0.0,1.0,2.5,7.65696,2.0761,72,c8g,Computing,c,192.0,384.0,27998.658803600003,,,AWS
c8g.metal-48xl,us-west-2,usw2-az2,1,0.0,0.0,2.5,7.65696,2.0333,73,c8g,Computing,c,192.0,384.0,27998.658803600003,,,AWS
c8g.metal-48xl,us-west-2,usw2-az3,1,0.0,0.0,2.5,7.65696,1.9329,74,c8g,Computing,c,192.0,384.0,27998.658803600003,,,AWS
c8g.metal-48xl,us-west-2,usw2-az4,2,0.0,1.0,2.5,7.65696,1.2709,83,c8g,Computing,c,192.0,384.0,27998.658803600003,,,AWS
c8g.xlarge,us-west-2,usw2-az1,3,20.0,30.0,2.5,0.15952,0.0618,61,c8g,Computing,c,4.0,8.0,28973.42907,AWS Graviton4 Processor,AWS Graviton4 Processor,AWS
c8g.xlarge,us-west-2,usw2-az2,3,10.0,20.0,2.5,0.15952,0.0579,63,c8g,Computing,c,4.0,8.0,28973.42907,AWS Graviton4 Processor,AWS Graviton4 Processor,AWS
c8g.xlarge,us-west-2,usw2-az3,3,10.0,15.0,2.5,0.15952,0.0559,64,c8g,Computing,c,4.0,8.0,28973.42907,AWS Graviton4 Processor,AWS Graviton4 Processor,AWS
c8g.xlarge,us-west-2,usw2-az4,3,15.0,20.0,2.5,0.15952,0.0587,63,c8g,Computing,c,4.0,8.0,28973.42907,AWS Graviton4 Processor,AWS Graviton4 Processor,AWS
d3.2xlarge,us-west-2,usw2-az1,3,20.0,30.0,3.0,0.999,0.3898,60,d3,Storage,d,8.0,64.0,23883.6025,Intel(R) Xeon(R) Platinum 8259CL CPU @ 2.50GHz,Intel(R) Xeon(R) Platinum 8259CL CPU @ 2.50GHz,Intel
d3.2xlarge,us-west-2,usw2-az2,3,30.0,45.0,3.0,0.999,0.3613,63,d3,Storage,d,8.0,64.0,23883.6025,Intel(R) Xeon(R) Platinum 8259CL CPU @ 2.50GHz,Intel(R) Xeon(R) Platinum 8259CL CPU @ 2.50GHz,Intel
d3.2xlarge,us-west-2,usw2-az3,3,30.0,45.0,3.0,0.999,0.372,62,d3,Storage,d,8.0,64.0,23883.6025,Intel(R) Xeon(R) Platinum 8259CL CPU @ 2.50GHz,Intel(R) Xeon(R) Platinum 8259CL CPU @ 2.50GHz,Intel
d3.2xlarge,us-west-2,usw2-az4,1,0.0,0.0,3.0,0.999,0.3895,61,d3,Storage,d,8.0,64.0,23883.6025,Intel(R) Xeon(R) Platinum 8259CL CPU @ 2.50GHz,Intel(R) Xeon(R) Platinum 8259CL CPU @ 2.50GHz,Intel
d3.4xlarge,us-west-2,usw2-az1,3,5.0,5.0,3.0,1.998,0.704,64,d3,Storage,d,16.0,128.0,23883.6025,Intel(R) Xeon(R) Platinum 8259CL CPU @ 2.50GHz,Intel(R) Xeon(R) Platinum 8259CL CPU @ 2.50GHz,Intel
d3.4xlarge,us-west-2,usw2-az2,3,5.0,5.0,3.0,1.998,0.7338,63,d3,Storage,d,16.0,128.0,23883.6025,Intel(R) Xeon(R) Platinum 8259CL CPU @ 2.50GHz,Intel(R) Xeon(R) Platinum 8259CL CPU @ 2.50GHz,Intel
d3.4xlarge,us-west-2,usw2-az3,3,5.0,5.0,3.0,1.998,0.6973,65,d3,Storage,d,16.0,128.0,23883.6025,Intel(R) Xeon(R) Platinum 8259CL CPU @ 2.50GHz,Intel(R) Xeon(R) Platinum 8259CL CPU @ 2.50GHz,Intel
d3.4xlarge,us-west-2,usw2-az4,1,0.0,0.0,3.0,1.998,0.7285,63,d3,Storage,d,16.0,128.0,23883.6025,Intel(R) Xeon(R) Platinum 8259CL CPU @ 2.50GHz,Intel(R) Xeon(R) Platinum 8259CL CPU @ 2.50GHz,Intel
d3.8xlarge,us-west-2,usw2-az1,3,1.0,1.0,3.0,3.99552,1.3077,67,d3,Storage,d,32.0,256.0,23883.6025,Intel(R) Xeon(R) Platinum 8259CL CPU @ 2.50GHz,Intel(R) Xeon(R) Platinum 8259CL CPU @ 2.50GHz,Intel
d3.8xlarge,us-west-2,usw2-az2,3,15.0,25.0,3.0,3.99552,1.5369,61,d3,Storage,d,32.0,256.0,23883.6025,Intel(R) Xeon(R) Platinum 8259CL CPU @ 2.50GHz,Intel(R) Xeon(R) Platinum 8259CL CPU @ 2.50GHz,Intel
d3.8xlarge,us-west-2,usw2-az3,3,30.0,45.0,3.0,3.99552,1.3764,65,d3,Storage,d,32.0,256.0,23883.6025,Intel(R) Xeon(R) Platinum 8259CL CPU @ 2.50GHz,Intel(R) Xeon(R) Platinum 8259CL CPU @ 2.50GHz,Intel
d3.8xlarge,us-west-2,usw2-az4,1,0.0,0.0,3.0,3.99552,1.3655,65,d3,Storage,d,32.0,256.0,23883.6025,Intel(R) Xeon(R) Platinum 8259CL CPU @ 2.50GHz,Intel(R) Xeon(R) Platinum 8259CL CPU @ 2.50GHz,Intel
d3.xlarge,us-west-2,usw2-az1,3,20.0,30.0,3.0,0.499,0.1792,64,d3,Storage,d,4.0,32.0,23883.6025,Intel(R) Xeon(R) Platinum 8259CL CPU @ 2.50GHz,Intel(R) Xeon(R) Platinum 8259CL CPU @ 2.50GHz,Intel
d3.xlarge,us-west-2,usw2-az2,3,10.0,15.0,3.0,0.499,0.1838,63,d3,Storage,d,4.0,32.0,23883.6025,Intel(R) Xeon(R) Platinum 8259CL CPU @ 2.50GHz,Intel(R) Xeon(R) Platinum 8259CL CPU @ 2.50GHz,Intel
d3.xlarge,us-west-2,usw2-az3,3,15.0,20.0,3.0,0.499,0.1757,64,d3,Storage,d,4.0,32.0,23883.6025,Intel(R) Xeon(R) Platinum 8259CL CPU @ 2.50GHz,Intel(R) Xeon(R) Platinum 8259CL CPU @ 2.50GHz,Intel
d3.xlarge,us-west-2,usw2-az4,3,20.0,30.0,3.0,0.499,0.1805,63,d3,Storage,d,4.0,32.0,23883.6025,Intel(R) Xeon(R) Platinum 8259CL CPU @ 2.50GHz,Intel(R) Xeon(R) Platinum 8259CL CPU @ 2.50GHz,Intel
d3en.12xlarge,us-west-2,usw2-az1,1,0.0,0.0,3.0,6.30864,4.0954,35,d3en,Storage,d,48.0,192.0,23883.6025,Intel(R) Xeon(R) Platinum 8259CL CPU @ 2.50GHz,Intel(R) Xeon(R) Platinum 8259CL CPU @ 2.50GHz,Intel
d3en.12xlarge,us-west-2,usw2-az2,3,1.0,1.0,3.0,6.30864,2.3479,62,d3en,Storage,d,48.0,192.0,23883.6025,Intel(R) Xeon(R) Platinum 8259CL CPU @ 2.50GHz,Intel(R) Xeon(R) Platinum 8259CL CPU @ 2.50GHz,Intel
d3en.12xlarge,us-west-2,usw2-az3,2,0.0,1.0,3.0,6.30864,2.1876,65,d3en,Storage,d,48.0,192.0,23883.6025,Intel(R) Xeon(R) Platinum 8259CL CPU @ 2.50GHz,Intel(R) Xeon(R) Platinum 8259CL CPU @ 2.50GHz,Intel
d3en.12xlarge,us-west-2,usw2-az4,2,0.0,1.0,3.0,6.30864,2.0574,67,d3en,Storage,d,48.0,192.0,23883.6025,Intel(R) Xeon(R) Platinum 8259CL CPU @ 2.50GHz,Intel(R) Xeon(R) Platinum 8259CL CPU @ 2.50GHz,Intel
d3en.2xlarge,us-west-2,usw2-az1,3,1.0,1.0,3.0,1.051,0.4599,56,d3en,Storage,d,8.0,32.0,23883.6025,Intel(R) Xeon(R) Platinum 8259CL CPU @ 2.50GHz,Intel(R) Xeon(R) Platinum 8259CL CPU @ 2.50GHz,Intel
d3en.2xlarge,us-west-2,usw2-az2,3,5.0,5.0,3.0,1.051,0.401,61,d3en,Storage,d,8.0,32.0,23883.6025,Intel(R) Xeon(R) Platinum 8259CL CPU @ 2.50GHz,Intel(R) Xeon(R) Platinum 8259CL CPU @ 2.50GHz,Intel
d3en.2xlarge,us-west-2,usw2-az3,3,1.0,5.0,3.0,1.051,0.4029,61,d3en,Storage,d,8.0,32.0,23883.6025,Intel(R) Xeon(R) Platinum 8259CL CPU @ 2.50GHz,Intel(R) Xeon(R) Platinum 8259CL CPU @ 2.50GHz,Intel
d3en.2xlarge,us-west-2,usw2-az4,3,1.0,1.0,3.0,1.051,0.3335,68,d3en,Storage,d,8.0,32.0,23883.6025,Intel(R) Xeon(R) Platinum 8259CL CPU @ 2.50GHz,Intel(R) Xeon(R) Platinum 8259CL CPU @ 2.50GHz,Intel
d3en.4xlarge,us-west-2,usw2-az1,3,1.0,1.0,2.5,2.103,0.7971,62,d3en,Storage,d,16.0,64.0,23883.6025,Intel(R) Xeon(R) Platinum 8259CL CPU @ 2.50GHz,Intel(R) Xeon(R) Platinum 8259CL CPU @ 2.50GHz,Intel
d3en.4xlarge,us-west-2,usw2-az2,3,1.0,1.0,2.5,2.103,0.8437,59,d3en,Storage,d,16.0,64.0,23883.6025,Intel(R) Xeon(R) Platinum 8259CL CPU @ 2.50GHz,Intel(R) Xeon(R) Platinum 8259CL CPU @ 2.50GHz,Intel
d3en.4xlarge,us-west-2,usw2-az3,3,1.0,5.0,2.5,2.103,0.7275,65,d3en,Storage,d,16.0,64.0,23883.6025,Intel(R) Xeon(R) Platinum 8259CL CPU @ 2.50GHz,Intel(R) Xeon(R) Platinum 8259CL CPU @ 2.50GHz,Intel
d3en.4xlarge,us-west-2,usw2-az4,3,1.0,5.0,2.5,2.103,0.7398,64,d3en,Storage,d,16.0,64.0,23883.6025,Intel(R) Xeon(R) Platinum 8259CL CPU @ 2.50GHz,Intel(R) Xeon(R) Platinum 8259CL CPU @ 2.50GHz,Intel
d3en.6xlarge,us-west-2,usw2-az1,3,1.0,1.0,3.0,3.154,1.2613,60,d3en,Storage,d,24.0,96.0,23883.6025,Intel(R) Xeon(R) Platinum 8259CL CPU @ 2.50GHz,Intel(R) Xeon(R) Platinum 8259CL CPU @ 2.50GHz,Intel
d3en.6xlarge,us-west-2,usw2-az2,3,5.0,5.0,3.0,3.154,1.2418,60,d3en,Storage,d,24.0,96.0,23883.6025,Intel(R) Xeon(R) Platinum 8259CL CPU @ 2.50GHz,Intel(R) Xeon(R) Platinum 8259CL CPU @ 2.50GHz,Intel
d3en.6xlarge,us-west-2,usw2-az3,3,1.0,5.0,3.0,3.154,1.2126,61,d3en,Storage,d,24.0,96.0,23883.6025,Intel(R) Xeon(R) Platinum 8259CL CPU @ 2.50GHz,Intel(R) Xeon(R) Platinum 8259CL CPU @ 2.50GHz,Intel
d3en.6xlarge,us-west-2,usw2-az4,3,1.0,1.0,3.0,3.154,1.1848,62,d3en,Storage,d,24.0,96.0,23883.6025,Intel(R) Xeon(R) Platinum 8259CL CPU @ 2.50GHz,Intel(R) Xeon(R) Platinum 8259CL CPU @ 2.50GHz,Intel
d3en.8xlarge,us-west-2,usw2-az1,1,0.0,0.0,2.5,4.20576,1.6663,60,d3en,Storage,d,32.0,128.0,23883.6025,Intel(R) Xeon(R) Platinum 8259CL CPU @ 2.50GHz,Intel(R) Xeon(R) Platinum 8259CL CPU @ 2.50GHz,Intel
d3en.8xlarge,us-west-2,usw2-az2,3,1.0,1.0,2.5,4.20576,1.7498,58,d3en,Storage,d,32.0,128.0,23883.6025,Intel(R) Xeon(R) Platinum 8259CL CPU @ 2.50GHz,Intel(R) Xeon(R) Platinum 8259CL CPU @ 2.50GHz,Intel
d3en.8xlarge,us-west-2,usw2-az3,2,0.0,1.0,2.5,4.20576,1.4778,64,d3en,Storage,d,32.0,128.0,23883.6025,Intel(R) Xeon(R) Platinum 8259CL CPU @ 2.50GHz,Intel(R) Xeon(R) Platinum 8259CL CPU @ 2.50GHz,Intel
d3en.8xlarge,us-west-2,usw2-az4,2,0.0,1.0,2.5,4.20576,1.3605,67,d3en,Storage,d,32.0,128.0,23883.6025,Intel(R) Xeon(R) Platinum 8259CL CPU @ 2.50GHz,Intel(R) Xeon(R) Platinum 8259CL CPU @ 2.50GHz,Intel
d3en.xlarge,us-west-2,usw2-az1,3,1.0,1.0,3.0,0.526,0.206,60,d3en,Storage,d,4.0,16.0,23883.6025,Intel(R) Xeon(R) Platinum 8259CL CPU @ 2.50GHz,Intel(R) Xeon(R) Platinum 8259CL CPU @ 2.50GHz,Intel
d3en.xlarge,us-west-2,usw2-az2,3,1.0,5.0,3.0,0.526,0.2605,50,d3en,Storage,d,4.0,16.0,23883.6025,Intel(R) Xeon(R) Platinum 8259CL CPU @ 2.50GHz,Intel(R) Xeon(R) Platinum 8259CL CPU @ 2.50GHz,Intel
d3en.xlarge,us-west-2,usw2-az3,3,5.0,5.0,3.0,0.526,0.2513,52,d3en,Storage,d,4.0,16.0,23883.6025,Intel(R) Xeon(R) Platinum 8259CL CPU @ 2.50GHz,Intel(R) Xeon(R) Platinum 8259CL CPU @ 2.50GHz,Intel
d3en.xlarge,us-west-2,usw2-az4,3,1.0,5.0,3.0,0.526,0.1926,63,d3en,Storage,d,4.0,16.0,23883.6025,Intel(R) Xeon(R) Platinum 8259CL CPU @ 2.50GHz,Intel(R) Xeon(R) Platinum 8259CL CPU @ 2.50GHz,Intel
dl1.24xlarge,us-west-2,usw2-az1,2,0.0,1.0,3.0,13.10904,3.8681,70,dl1,AC,dl,96.0,768.0,28252.2637,Intel(R) Xeon(R) Platinum 8275CL CPU @ 3.00GHz,Intel(R) Xeon(R) Platinum 8275CL CPU @ 3.00GHz,Intel
g4ad.16xlarge,us-west-2,usw2-az1,3,5.0,10.0,3.0,3.468,1.3074,62,g4ad,AC,g,64.0,256.0,25550.3882,AMD EPYC 7R32,AMD EPYC 7R32,AuthenticAMD
g4ad.16xlarge,us-west-2,usw2-az2,3,10.0,15.0,3.0,3.468,1.4364,58,g4ad,AC,g,64.0,256.0,25550.3882,AMD EPYC 7R32,AMD EPYC 7R32,AuthenticAMD
g4ad.16xlarge,us-west-2,usw2-az3,3,10.0,15.0,3.0,3.468,1.2804,63,g4ad,AC,g,64.0,256.0,25550.3882,AMD EPYC 7R32,AMD EPYC 7R32,AuthenticAMD
g4ad.2xlarge,us-west-2,usw2-az1,3,15.0,25.0,3.0,0.54117,0.2282,57,g4ad,AC,g,8.0,32.0,25550.3882,AMD EPYC 7R32,AMD EPYC 7R32,AuthenticAMD
g4ad.2xlarge,us-west-2,usw2-az2,3,15.0,20.0,3.0,0.54117,0.2373,56,g4ad,AC,g,8.0,32.0,25550.3882,AMD EPYC 7R32,AMD EPYC 7R32,AuthenticAMD
g4ad.2xlarge,us-west-2,usw2-az3,3,10.0,20.0,3.0,0.54117,0.234,56,g4ad,AC,g,8.0,32.0,25550.3882,AMD EPYC 7R32,AMD EPYC 7R32,AuthenticAMD
g4ad.4xlarge,us-west-2,usw2-az1,3,10.0,15.0,3.0,0.867,0.4718,45,g4ad,AC,g,16.0,64.0,25550.3882,AMD EPYC 7R32,AMD EPYC 7R32,AuthenticAMD
g4ad.4xlarge,us-west-2,usw2-az2,3,5.0,10.0,3.0,0.867,0.5747,33,g4ad,AC,g,16.0,64.0,25550.3882,AMD EPYC 7R32,AMD EPYC 7R32,AuthenticAMD
g4ad.4xlarge,us-west-2,usw2-az3,3,5.0,10.0,3.0,0.867,0.45,48,g4ad,AC,g,16.0,64.0,25550.3882,AMD EPYC 7R32,AMD EPYC 7R32,AuthenticAMD
g4ad.8xlarge,us-west-2,usw2-az1,3,5.0,5.0,3.0,1.734,0.6604,61,g4ad,AC,g,32.0,128.0,25550.3882,AMD EPYC 7R32,AMD EPYC 7R32,AuthenticAMD
g4ad.8xlarge,us-west-2,usw2-az2,3,1.0,5.0,3.0,1.734,0.8965,48,g4ad,AC,g,32.0,128.0,25550.3882,AMD EPYC 7R32,AMD EPYC 7R32,AuthenticAMD
g4ad.8xlarge,us-west-2,usw2-az3,3,15.0,25.0,3.0,1.734,0.6423,62,g4ad,AC,g,32.0,128.0,25550.3882,AMD EPYC 7R32,AMD EPYC 7R32,AuthenticAMD
g4ad.xlarge,us-west-2,usw2-az1,3,10.0,15.0,3.0,0.37853,0.1532,59,g4ad,AC,g,4.0,16.0,25550.3882,AMD EPYC 7R32,AMD EPYC 7R32,AuthenticAMD
g4ad.xlarge,us-west-2,usw2-az2,3,10.0,15.0,3.0,0.37853,0.1746,53,g4ad,AC,g,4.0,16.0,25550.3882,AMD EPYC 7R32,AMD EPYC 7R32,AuthenticAMD
g4ad.xlarge,us-west-2,usw2-az3,3,5.0,10.0,3.0,0.37853,0.1813,52,g4ad,AC,g,4.0,16.0,25550.3882,AMD EPYC 7R32,AMD EPYC 7R32,AuthenticAMD
g4dn.12xlarge,us-west-2,usw2-az1,3,30.0,40.0,2.0,3.912,1.392,64,g4dn,AC,g,48.0,192.0,23883.6025,Intel(R) Xeon(R) Platinum 8259CL CPU @ 2.50GHz,Intel(R) Xeon(R) Platinum 8259CL CPU @ 2.50GHz,Intel
g4dn.12xlarge,us-west-2,usw2-az2,3,30.0,45.0,2.0,3.912,1.4948,61,g4dn,AC,g,48.0,192.0,23883.6025,Intel(R) Xeon(R) Platinum 8259CL CPU @ 2.50GHz,Intel(R) Xeon(R) Platinum 8259CL CPU @ 2.50GHz,Intel
g4dn.12xlarge,us-west-2,usw2-az3,3,45.0,50.0,2.0,3.912,1.4856,62,g4dn,AC,g,48.0,192.0,23883.6025,Intel(R) Xeon(R) Platinum 8259CL CPU @ 2.50GHz,Intel(R) Xeon(R) Platinum 8259CL CPU @ 2.50GHz,Intel
g4dn.16xlarge,us-west-2,usw2-az1,3,10.0,25.0,1.0,4.352,1.383,68,g4dn,AC,g,64.0,256.0,23883.6025,Intel(R) Xeon(R) Platinum 8259CL CPU @ 2.50GHz,Intel(R) Xeon(R) Platinum 8259CL CPU @ 2.50GHz,Intel
g4dn.16xlarge,us-west-2,usw2-az2,3,15.0,20.0,1.0,4.352,1.4401,66,g4dn,AC,g,64.0,256.0,23883.6025,Intel(R) Xeon(R) Platinum 8259CL CPU @ 2.50GHz,Intel(R) Xeon(R) Platinum 8259CL CPU @ 2.50GHz,Intel
g4dn.16xlarge,us-west-2,usw2-az3,3,20.0,25.0,1.0,4.352,1.3439,69,g4dn,AC,g,64.0,256.0,23883.6025,Intel(R) Xeon(R) Platinum 8259CL CPU @ 2.50GHz,Intel(R) Xeon(R) Platinum 8259CL CPU @ 2.50GHz,Intel
g4dn.2xlarge,us-west-2,usw2-az1,3,50.0,50.0,1.0,0.752,0.3187,57,g4dn,AC,g,8.0,32.0,23883.6025,Intel(R) Xeon(R) Platinum 8259CL CPU @ 2.50GHz,Intel(R) Xeon(R) Platinum 8259CL CPU @ 2.50GHz,Intel
g4dn.2xlarge,us-west-2,usw2-az2,3,50.0,50.0,1.0,0.752,0.3282,56,g4dn,AC,g,8.0,32.0,23883.6025,Intel(R) Xeon(R) Platinum 8259CL CPU @ 2.50GHz,Intel(R) Xeon(R) Platinum 8259CL CPU @ 2.50GHz,Intel
g4dn.2xlarge,us-west-2,usw2-az3,3,50.0,50.0,1.0,0.752,0.3025,59,g4dn,AC,g,8.0,32.0,23883.6025,Intel(R) Xeon(R) Platinum 8259CL CPU @ 2.50GHz,Intel(R) Xeon(R) Platinum 8259CL CPU @ 2.50GHz,Intel
g4dn.4xlarge,us-west-2,usw2-az1,3,50.0,50.0,1.0,1.204,0.4195,65,g4dn,AC,g,16.0,64.0,23883.6025,Intel(R) Xeon(R) Platinum 8259CL CPU @ 2.50GHz,Intel(R) Xeon(R) Platinum 8259CL CPU @ 2.50GHz,Intel
g4dn.4xlarge,us-west-2,usw2-az2,3,50.0,50.0,1.0,1.204,0.4116,65,g4dn,AC,g,16.0,64.0,23883.6025,Intel(R) Xeon(R) Platinum 8259CL CPU @ 2.50GHz,Intel(R) Xeon(R) Platinum 8259CL CPU @ 2.50GHz,Intel
g4dn.4xlarge,us-west-2,usw2-az3,3,50.0,50.0,1.0,1.204,0.4268,64,g4dn,AC,g,16.0,64.0,23883.6025,Intel(R) Xeon(R) Platinum 8259CL CPU @ 2.50GHz,Intel(R) Xeon(R) Platinum 8259CL CPU @ 2.50GHz,Intel
g4dn.8xlarge,us-west-2,usw2-az1,3,35.0,45.0,1.0,2.176,0.759,65,g4dn,AC,g,32.0,128.0,23883.6025,Intel(R) Xeon(R) Platinum 8259CL CPU @ 2.50GHz,Intel(R) Xeon(R) Platinum 8259CL CPU @ 2.50GHz,Intel
g4dn.8xlarge,us-west-2,usw2-az2,3,10.0,15.0,1.0,2.176,0.827,61,g4dn,AC,g,32.0,128.0,23883.6025,Intel(R) Xeon(R) Platinum 8259CL CPU @ 2.50GHz,Intel(R) Xeon(R) Platinum 8259CL CPU @ 2.50GHz,Intel
g4dn.8xlarge,us-west-2,usw2-az3,3,35.0,50.0,1.0,2.176,0.7826,64,g4dn,AC,g,32.0,128.0,23883.6025,Intel(R) Xeon(R) Platinum 8259CL CPU @ 2.50GHz,Intel(R) Xeon(R) Platinum 8259CL CPU @ 2.50GHz,Intel
g4dn.xlarge,us-west-2,usw2-az1,3,50.0,50.0,1.5,0.526,0.2362,55,g4dn,AC,g,4.0,16.0,23883.6025,Intel(R) Xeon(R) Platinum 8259CL CPU @ 2.50GHz,Intel(R) Xeon(R) Platinum 8259CL CPU @ 2.50GHz,Intel
g4dn.xlarge,us-west-2,usw2-az2,3,50.0,50.0,1.5,0.526,0.2497,52,g4dn,AC,g,4.0,16.0,23883.6025,Intel(R) Xeon(R) Platinum 8259CL CPU @ 2.50GHz,Intel(R) Xeon(R) Platinum 8259CL CPU @ 2.50GHz,Intel
g4dn.xlarge,us-west-2,usw2-az3,3,50.0,50.0,1.5,0.526,0.22,58,g4dn,AC,g,4.0,16.0,23883.6025,Intel(R) Xeon(R) Platinum 8259CL CPU @ 2.50GHz,Intel(R) Xeon(R) Platinum 8259CL CPU @ 2.50GHz,Intel
g5.12xlarge,us-west-2,usw2-az1,3,1.0,1.0,1.0,5.672,2.489,56,g5,AC,g,48.0,192.0,25550.3882,AMD EPYC 7R32,AMD EPYC 7R32,AuthenticAMD
g5.12xlarge,us-west-2,usw2-az2,3,1.0,1.0,1.0,5.672,2.7466,51,g5,AC,g,48.0,192.0,25550.3882,AMD EPYC 7R32,AMD EPYC 7R32,AuthenticAMD
g5.12xlarge,us-west-2,usw2-az3,3,5.0,5.0,1.0,5.672,2.4666,56,g5,AC,g,48.0,192.0,25550.3882,AMD EPYC 7R32,AMD EPYC 7R32,AuthenticAMD
g5.16xlarge,us-west-2,usw2-az1,3,10.0,15.0,1.0,4.096,2.3,43,g5,AC,g,64.0,256.0,25550.3882,AMD EPYC 7R32,AMD EPYC 7R32,AuthenticAMD
g5.16xlarge,us-west-2,usw2-az2,3,1.0,1.0,1.0,4.096,2.2453,45,g5,AC,g,64.0,256.0,25550.3882,AMD EPYC 7R32,AMD EPYC 7R32,AuthenticAMD
g5.16xlarge,us-west-2,usw2-az3,3,1.0,1.0,1.0,4.096,2.3917,41,g5,AC,g,64.0,256.0,25550.3882,AMD EPYC 7R32,AMD EPYC 7R32,AuthenticAMD
g5.24xlarge,us-west-2,usw2-az1,3,1.0,1.0,1.0,8.144,3.2179,60,g5,AC,g,96.0,384.0,25550.3882,AMD EPYC 7R32,AMD EPYC 7R32,AuthenticAMD
g5.24xlarge,us-west-2,usw2-az2,2,0.0,1.0,1.0,8.144,3.9183,51,g5,AC,g,96.0,384.0,25550.3882,AMD EPYC 7R32,AMD EPYC 7R32,AuthenticAMD
g5.24xlarge,us-west-2,usw2-az3,3,1.0,1.0,1.0,8.144,3.3212,59,g5,AC,g,96.0,384.0,25550.3882,AMD EPYC 7R32,AMD EPYC 7R32,AuthenticAMD
g5.2xlarge,us-west-2,usw2-az1,3,50.0,50.0,1.0,1.212,0.5478,54,g5,AC,g,8.0,32.0,25550.3882,AMD EPYC 7R32,AMD EPYC 7R32,AuthenticAMD
g5.2xlarge,us-west-2,usw2-az2,3,50.0,50.0,1.0,1.212,0.5608,53,g5,AC,g,8.0,32.0,25550.3882,AMD EPYC 7R32,AMD EPYC 7R32,AuthenticAMD
g5.2xlarge,us-west-2,usw2-az3,3,50.0,50.0,1.0,1.212,0.5568,54,g5,AC,g,8.0,32.0,25550.3882,AMD EPYC 7R32,AMD EPYC 7R32,AuthenticAMD
g5.48xlarge,us-west-2,usw2-az1,3,1.0,1.0,1.0,16.288,6.254,61,g5,AC,g,192.0,768.0,25550.3882,AMD EPYC 7R32,AMD EPYC 7R32,AuthenticAMD
g5.48xlarge,us-west-2,usw2-az2,3,1.0,1.0,1.0,16.288,6.533,59,g5,AC,g,192.0,768.0,25550.3882,AMD EPYC 7R32,AMD EPYC 7R32,AuthenticAMD
g5.48xlarge,us-west-2,usw2-az3,3,5.0,10.0,1.0,16.288,6.1163,62,g5,AC,g,192.0,768.0,25550.3882,AMD EPYC 7R32,AMD EPYC 7R32,AuthenticAMD
g5.4xlarge,us-west-2,usw2-az1,3,50.0,50.0,1.0,1.624,0.6183,61,g5,AC,g,16.0,64.0,25550.3882,AMD EPYC 7R32,AMD EPYC 7R32,AuthenticAMD
g5.4xlarge,us-west-2,usw2-az2,3,50.0,50.0,1.0,1.624,0.6035,62,g5,AC,g,16.0,64.0,25550.3882,AMD EPYC 7R32,AMD EPYC 7R32,AuthenticAMD
g5.4xlarge,us-west-2,usw2-az3,3,50.0,50.0,1.0,1.624,0.6053,62,g5,AC,g,16.0,64.0,25550.3882,AMD EPYC 7R32,AMD EPYC 7R32,AuthenticAMD
g5.8xlarge,us-west-2,usw2-az1,3,50.0,50.0,1.0,2.448,0.8764,64,g5,AC,g,32.0,128.0,25550.3882,AMD EPYC 7R32,AMD EPYC 7R32,AuthenticAMD
g5.8xlarge,us-west-2,usw2-az2,3,30.0,40.0,1.0,2.448,0.8595,64,g5,AC,g,32.0,128.0,25550.3882,AMD EPYC 7R32,AMD EPYC 7R32,AuthenticAMD
g5.8xlarge,us-west-2,usw2-az3,3,20.0,30.0,1.0,2.448,0.9352,61,g5,AC,g,32.0,128.0,25550.3882,AMD EPYC 7R32,AMD EPYC 7R32,AuthenticAMD
g5.xlarge,us-west-2,usw2-az1,3,15.0,25.0,1.0,1.006,0.5689,43,g5,AC,g,4.0,16.0,25550.3882,AMD EPYC 7R32,AMD EPYC 7R32,AuthenticAMD
g5.xlarge,us-west-2,usw2-az2,3,10.0,20.0,1.0,1.006,0.5729,43,g5,AC,g,4.0,16.0,25550.3882,AMD EPYC 7R32,AMD EPYC 7R32,AuthenticAMD
g5.xlarge,us-west-2,usw2-az3,3,10.0,25.0,1.0,1.006,0.5543,44,g5,AC,g,4.0,16.0,25550.3882,AMD EPYC 7R32,AMD EPYC 7R32,AuthenticAMD
g5g.16xlarge,us-west-2,usw2-az1,3,10.0,15.0,3.0,2.744,0.887,67,g5g,AC,g,64.0,128.0,19336.1335,AWS Graviton2 Processor,Neoverse-N1,AWS
g5g.16xlarge,us-west-2,usw2-az2,3,15.0,25.0,3.0,2.744,0.8999,67,g5g,AC,g,64.0,128.0,19336.1335,AWS Graviton2 Processor,Neoverse-N1,AWS
g5g.16xlarge,us-west-2,usw2-az3,3,25.0,40.0,3.0,2.744,0.8255,69,g5g,AC,g,64.0,128.0,19336.1335,AWS Graviton2 Processor,Neoverse-N1,AWS
g5g.2xlarge,us-west-2,usw2-az1,3,1.0,1.0,2.5,0.556,0.2727,50,g5g,AC,g,8.0,16.0,19336.1335,AWS Graviton2 Processor,Neoverse-N1,AWS
g5g.2xlarge,us-west-2,usw2-az2,3,1.0,1.0,2.5,0.556,0.2861,48,g5g,AC,g,8.0,16.0,19336.1335,AWS Graviton2 Processor,Neoverse-N1,AWS
g5g.2xlarge,us-west-2,usw2-az3,3,1.0,5.0,2.5,0.556,0.1917,65,g5g,AC,g,8.0,16.0,19336.1335,AWS Graviton2 Processor,Neoverse-N1,AWS
g5g.4xlarge,us-west-2,usw2-az1,3,1.0,1.0,1.0,0.828,0.2684,67,g5g,AC,g,16.0,32.0,19336.1335,AWS Graviton2 Processor,Neoverse-N1,AWS
g5g.4xlarge,us-west-2,usw2-az2,3,5.0,5.0,1.0,0.828,0.3928,52,g5g,AC,g,16.0,32.0,19336.1335,AWS Graviton2 Processor,Neoverse-N1,AWS
g5g.4xlarge,us-west-2,usw2-az3,3,1.0,5.0,1.0,0.828,0.2838,65,g5g,AC,g,16.0,32.0,19336.1335,AWS Graviton2 Processor,Neoverse-N1,AWS
g5g.8xlarge,us-west-2,usw2-az1,3,1.0,5.0,3.0,1.372,0.56,59,g5g,AC,g,32.0,64.0,19336.1335,AWS Graviton2 Processor,Neoverse-N1,AWS
g5g.8xlarge,us-west-2,usw2-az2,3,1.0,5.0,3.0,1.372,0.7515,45,g5g,AC,g,32.0,64.0,19336.1335,AWS Graviton2 Processor,Neoverse-N1,AWS
g5g.8xlarge,us-west-2,usw2-az3,3,5.0,10.0,3.0,1.372,0.464,66,g5g,AC,g,32.0,64.0,19336.1335,AWS Graviton2 Processor,Neoverse-N1,AWS
g5g.xlarge,us-west-2,usw2-az1,3,10.0,20.0,3.0,0.42,0.1382,67,g5g,AC,g,4.0,8.0,19336.1335,AWS Graviton2 Processor,Neoverse-N1,AWS
g5g.xlarge,us-west-2,usw2-az2,3,15.0,20.0,3.0,0.42,0.1357,67,g5g,AC,g,4.0,8.0,19336.1335,AWS Graviton2 Processor,Neoverse-N1,AWS
g5g.xlarge,us-west-2,usw2-az3,3,10.0,20.0,3.0,0.42,0.1375,67,g5g,AC,g,4.0,8.0,19336.1335,AWS Graviton2 Processor,Neoverse-N1,AWS
g6.12xlarge,us-west-2,usw2-az1,1,0.0,0.0,1.0,4.6016,2.1917,52,g6,AC,g,48.0,192.0,33539.1601,AMD EPYC 7R13 Processor,AMD EPYC 7R13,AuthenticAMD
g6.12xlarge,us-west-2,usw2-az2,1,0.0,0.0,1.0,4.6016,2.3769,48,g6,AC,g,48.0,192.0,33539.1601,AMD EPYC 7R13 Processor,AMD EPYC 7R13,AuthenticAMD
g6.12xlarge,us-west-2,usw2-az3,3,1.0,1.0,1.0,4.6016,2.365,48,g6,AC,g,48.0,192.0,33539.1601,AMD EPYC 7R13 Processor,AMD EPYC 7R13,AuthenticAMD
g6.12xlarge,us-west-2,usw2-az4,1,0.0,0.0,1.0,4.6016,2.9855,35,g6,AC,g,48.0,192.0,33539.1601,AMD EPYC 7R13 Processor,AMD EPYC 7R13,AuthenticAMD
g6.16xlarge,us-west-2,usw2-az1,3,1.0,1.0,1.0,3.3968,2.0296,40,g6,AC,g,64.0,256.0,33539.1601,AMD EPYC 7R13 Processor,AMD EPYC 7R13,AuthenticAMD
g6.16xlarge,us-west-2,usw2-az2,1,0.0,0.0,1.0,3.3968,1.7284,49,g6,AC,g,64.0,256.0,33539.1601,AMD EPYC 7R13 Processor,AMD EPYC 7R13,AuthenticAMD
g6.16xlarge,us-west-2,usw2-az3,1,0.0,0.0,1.0,3.3968,1.8668,45,g6,AC,g,64.0,256.0,33539.1601,AMD EPYC 7R13 Processor,AMD EPYC 7R13,AuthenticAMD
g6.16xlarge,us-west-2,usw2-az4,1,0.0,0.0,1.0,3.3968,2.2714,33,g6,AC,g,64.0,256.0,33539.1601,AMD EPYC 7R13 Processor,AMD EPYC 7R13,AuthenticAMD
g6.24xlarge,us-west-2,usw2-az1,1,0.0,0.0,1.0,6.6752,3.2414,51,g6,AC,g,96.0,384.0,33539.1601,AMD EPYC 7R13 Processor,AMD EPYC 7R13,AuthenticAMD
g6.24xlarge,us-west-2,usw2-az2,1,0.0,0.0,1.0,6.6752,3.449,48,g6,AC,g,96.0,384.0,33539.1601,AMD EPYC 7R13 Processor,AMD EPYC 7R13,AuthenticAMD
g6.24xlarge,us-west-2,usw2-az3,1,0.0,0.0,1.0,6.6752,3.6055,45,g6,AC,g,96.0,384.0,33539.1601,AMD EPYC 7R13 Processor,AMD EPYC 7R13,AuthenticAMD
g6.24xlarge,us-west-2,usw2-az4,1,0.0,0.0,1.0,6.6752,3.0188,54,g6,AC,g,96.0,384.0,33539.1601,AMD EPYC 7R13 Processor,AMD EPYC 7R13,AuthenticAMD
g6.2xlarge,us-west-2,usw2-az1,3,15.0,15.0,1.0,0.9776,0.5387,44,g6,AC,g,8.0,32.0,33539.1601,AMD EPYC 7R13 Processor,AMD EPYC 7R13,AuthenticAMD
g6.2xlarge,us-west-2,usw2-az2,3,1.0,1.0,1.0,0.9776,0.8587,12,g6,AC,g,8.0,32.0,33539.1601,AMD EPYC 7R13 Processor,AMD EPYC 7R13,AuthenticAMD
g6.2xlarge,us-west-2,usw2-az3,3,5.0,10.0,1.0,0.9776,0.5164,47,g6,AC,g,8.0,32.0,33539.1601,AMD EPYC 7R13 Processor,AMD EPYC 7R13,AuthenticAMD
g6.2xlarge,us-west-2,usw2-az4,3,5.0,10.0,1.0,0.9776,0.5043,48,g6,AC,g,8.0,32.0,33539.1601,AMD EPYC 7R13 Processor,AMD EPYC 7R13,AuthenticAMD
g6.48xlarge,us-west-2,usw2-az1,1,0.0,0.0,1.0,13.3504,5.1597,61,g6,AC,g,192.0,768.0,33539.1601,AMD EPYC 7R13 Processor,AMD EPYC 7R13,AuthenticAMD
g6.48xlarge,us-west-2,usw2-az2,1,0.0,0.0,1.0,13.3504,4.9378,63,g6,AC,g,192.0,768.0,33539.1601,AMD EPYC 7R13 Processor,AMD EPYC 7R13,AuthenticAMD
g6.48xlarge,us-west-2,usw2-az3,1,0.0,0.0,1.0,13.3504,5.687,57,g6,AC,g,192.0,768.0,33539.1601,AMD EPYC 7R13 Processor,AMD EPYC 7R13,AuthenticAMD
g6.48xlarge,us-west-2,usw2-az4,1,0.0,0.0,1.0,13.3504,5.4081,59,g6,AC,g,192.0,768.0,33539.1601,AMD EPYC 7R13 Processor,AMD EPYC 7R13,AuthenticAMD
g6.4xlarge,us-west-2,usw2-az1,3,1.0,5.0,1.0,1.3232,0.6805,48,g6,AC,g,16.0,64.0,33539.1601,AMD EPYC 7R13 Processor,AMD EPYC 7R13,AuthenticAMD
g6.4xlarge,us-west-2,usw2-az2,3,1.0,1.0,1.0,1.3232,1.0739,18,g6,AC,g,16.0,64.0,33539.1601,AMD EPYC 7R13 Processor,AMD EPYC 7R13,AuthenticAMD
g6.4xlarge,us-west-2,usw2-az3,3,25.0,35.0,1.0,1.3232,0.5061,61,g6,AC,g,16.0,64.0,33539.1601,AMD EPYC 7R13 Processor,AMD EPYC 7R13,AuthenticAMD
g6.4xlarge,us-west-2,usw2-az4,3,5.0,5.0,1.0,1.3232,0.4987,62,g6,AC,g,16.0,64.0,33539.1601,AMD EPYC 7R13 Processor,AMD EPYC 7R13,AuthenticAMD
g6.8xlarge,us-west-2,usw2-az1,3,1.0,1.0,1.0,2.0144,1.038,48,g6,AC,g,32.0,128.0,33539.1601,AMD EPYC 7R13 Processor,AMD EPYC 7R13,AuthenticAMD
g6.8xlarge,us-west-2,usw2-az2,2,0.0,1.0,1.0,2.0144,1.1059,45,g6,AC,g,32.0,128.0,33539.1601,AMD EPYC 7R13 Processor,AMD EPYC 7R13,AuthenticAMD
g6.8xlarge,us-west-2,usw2-az3,3,1.0,5.0,1.0,2.0144,1.022,49,g6,AC,g,32.0,128.0,33539.1601,AMD EPYC 7R13 Processor,AMD EPYC 7R13,AuthenticAMD
g6.8xlarge,us-west-2,usw2-az4,3,1.0,1.0,1.0,2.0144,1.1105,44,g6,AC,g,32.0,128.0,33539.1601,AMD EPYC 7R13 Processor,AMD EPYC 7R13,AuthenticAMD
g6.xlarge,us-west-2,usw2-az1,3,15.0,20.0,1.0,0.8048,0.3853,52,g6,AC,g,4.0,16.0,33539.1601,AMD EPYC 7R13 Processor,AMD EPYC 7R13,AuthenticAMD
g6.xlarge,us-west-2,usw2-az2,3,1.0,1.0,1.0,0.8048,0.5953,26,g6,AC,g,4.0,16.0,33539.1601,AMD EPYC 7R13 Processor,AMD EPYC 7R13,AuthenticAMD
g6.xlarge,us-west-2,usw2-az3,3,35.0,50.0,1.0,0.8048,0.3888,51,g6,AC,g,4.0,16.0,33539.1601,AMD EPYC 7R13 Processor,AMD EPYC 7R13,AuthenticAMD
g6.xlarge,us-west-2,usw2-az4,3,15.0,25.0,1.0,0.8048,0.4326,46,g6,AC,g,4.0,16.0,33539.1601,AMD EPYC 7R13 Processor,AMD EPYC 7R13,AuthenticAMD
g6e.12xlarge,us-west-2,usw2-az1,2,0.0,1.0,1.0,10.49264,4.7518,54,g6e,AC,g,48.0,384.0,33539.1601,AMD EPYC 7R13 Processor,AMD EPYC 7R13,AuthenticAMD
g6e.12xlarge,us-west-2,usw2-az2,1,0.0,0.0,1.0,10.49264,5.0097,52,g6e,AC,g,48.0,384.0,33539.1601,AMD EPYC 7R13 Processor,AMD EPYC 7R13,AuthenticAMD
g6e.12xlarge,us-west-2,usw2-az3,1,0.0,0.0,1.0,10.49264,5.0394,51,g6e,AC,g,48.0,384.0,33539.1601,AMD EPYC 7R13 Processor,AMD EPYC 7R13,AuthenticAMD
g6e.12xlarge,us-west-2,usw2-az4,1,0.0,0.0,1.0,10.49264,6.2536,40,g6e,AC,g,48.0,384.0,33539.1601,AMD EPYC 7R13 Processor,AMD EPYC 7R13,AuthenticAMD
g6e.16xlarge,us-west-2,usw2-az1,2,0.0,1.0,1.5,7.57719,3.3032,56,g6e,AC,g,64.0,512.0,33539.1601,AMD EPYC 7R13 Processor,AMD EPYC 7R13,AuthenticAMD
g6e.16xlarge,us-west-2,usw2-az2,1,0.0,0.0,1.5,7.57719,3.4789,54,g6e,AC,g,64.0,512.0,33539.1601,AMD EPYC 7R13 Processor,AMD EPYC 7R13,AuthenticAMD
g6e.16xlarge,us-west-2,usw2-az3,1,0.0,0.0,1.5,7.57719,3.3384,55,g6e,AC,g,64.0,512.0,33539.1601,AMD EPYC 7R13 Processor,AMD EPYC 7R13,AuthenticAMD
g6e.16xlarge,us-west-2,usw2-az4,1,0.0,0.0,1.5,7.57719,3.7625,50,g6e,AC,g,64.0,512.0,33539.1601,AMD EPYC 7R13 Processor,AMD EPYC 7R13,AuthenticAMD
g6e.24xlarge,us-west-2,usw2-az1,1,0.0,0.0,1.0,15.06559,5.9334,60,g6e,AC,g,96.0,768.0,33539.1601,AMD EPYC 7R13 Processor,AMD EPYC 7R13,AuthenticAMD
g6e.24xlarge,us-west-2,usw2-az2,1,0.0,0.0,1.0,15.06559,6.9249,54,g6e,AC,g,96.0,768.0,33539.1601,AMD EPYC 7R13 Processor,AMD EPYC 7R13,AuthenticAMD
g6e.24xlarge,us-west-2,usw2-az3,1,0.0,0.0,1.0,15.06559,6.6921,55,g6e,AC,g,96.0,768.0,33539.1601,AMD EPYC 7R13 Processor,AMD EPYC 7R13,AuthenticAMD
g6e.24xlarge,us-west-2,usw2-az4,1,0.0,0.0,1.0,15.06559,6.4258,57,g6e,AC,g,96.0,768.0,33539.1601,AMD EPYC 7R13 Processor,AMD EPYC 7R13,AuthenticAMD
g6e.2xlarge,us-west-2,usw2-az1,3,1.0,1.0,1.0,2.24208,1.1994,46,g6e,AC,g,8.0,64.0,33539.1601,AMD EPYC 7R13 Processor,AMD EPYC 7R13,AuthenticAMD
g6e.2xlarge,us-west-2,usw2-az2,2,0.0,1.0,1.0,2.24208,1.2207,45,g6e,AC,g,8.0,64.0,33539.1601,AMD EPYC 7R13 Processor,AMD EPYC 7R13,AuthenticAMD
g6e.2xlarge,us-west-2,usw2-az3,3,1.0,5.0,1.0,2.24208,1.248,44,g6e,AC,g,8.0,64.0,33539.1601,AMD EPYC 7R13 Processor,AMD EPYC 7R13,AuthenticAMD
g6e.2xlarge,us-west-2,usw2-az4,3,1.0,1.0,1.0,2.24208,1.2973,42,g6e,AC,g,8.0,64.0,33539.1601,AMD EPYC 7R13 Processor,AMD EPYC 7R13,AuthenticAMD
g6e.48xlarge,us-west-2,usw2-az1,1,0.0,0.0,1.0,30.13118,12.7312,57,g6e,AC,g,192.0,1536.0,33539.1601,AMD EPYC 7R13 Processor,AMD EPYC 7R13,AuthenticAMD
g6e.48xlarge,us-west-2,usw2-az2,1,0.0,0.0,1.0,30.13118,10.7979,64,g6e,AC,g,192.0,1536.0,33539.1601,AMD EPYC 7R13 Processor,AMD EPYC 7R13,AuthenticAMD
g6e.48xlarge,us-west-2,usw2-az3,1,0.0,0.0,1.0,30.13118,11.9744,60,g6e,AC,g,192.0,1536.0,33539.1601,AMD EPYC 7R13 Processor,AMD EPYC 7R13,AuthenticAMD
g6e.48xlarge,us-west-2,usw2-az4,1,0.0,0.0,1.0,30.13118,12.7802,57,g6e,AC,g,192.0,1536.0,33539.1601,AMD EPYC 7R13 Processor,AMD EPYC 7R13,AuthenticAMD
g6e.4xlarge,us-west-2,usw2-az1,3,1.0,1.0,1.0,3.00424,1.3862,53,g6e,AC,g,16.0,128.0,33539.1601,AMD EPYC 7R13 Processor,AMD EPYC 7R13,AuthenticAMD
g6e.4xlarge,us-west-2,usw2-az2,3,1.0,1.0,1.0,3.00424,1.4302,52,g6e,AC,g,16.0,128.0,33539.1601,AMD EPYC 7R13 Processor,AMD EPYC 7R13,AuthenticAMD
g6e.4xlarge,us-west-2,usw2-az3,3,1.0,1.0,1.0,3.00424,1.5206,49,g6e,AC,g,16.0,128.0,33539.1601,AMD EPYC 7R13 Processor,AMD EPYC 7R13,AuthenticAMD
g6e.4xlarge,us-west-2,usw2-az4,2,0.0,1.0,1.0,3.00424,1.496,50,g6e,AC,g,16.0,128.0,33539.1601,AMD EPYC 7R13 Processor,AMD EPYC 7R13,AuthenticAMD
g6e.8xlarge,us-west-2,usw2-az1,3,1.0,5.0,1.0,4.52856,1.6194,64,g6e,AC,g,32.0,256.0,33539.1601,AMD EPYC 7R13 Processor,AMD EPYC 7R13,AuthenticAMD
g6e.8xlarge,us-west-2,usw2-az2,3,1.0,1.0,1.0,4.52856,1.6606,63,g6e,AC,g,32.0,256.0,33539.1601,AMD EPYC 7R13 Processor,AMD EPYC 7R13,AuthenticAMD
g6e.8xlarge,us-west-2,usw2-az3,3,5.0,5.0,1.0,4.52856,1.5185,66,g6e,AC,g,32.0,256.0,33539.1601,AMD EPYC 7R13 Processor,AMD EPYC 7R13,AuthenticAMD
g6e.8xlarge,us-west-2,usw2-az4,2,0.0,1.0,1.0,4.52856,1.5592,65,g6e,AC,g,32.0,256.0,33539.1601,AMD EPYC 7R13 Processor,AMD EPYC 7R13,AuthenticAMD
g6e.xlarge,us-west-2,usw2-az1,3,5.0,5.0,1.0,1.861,0.9933,46,g6e,AC,g,4.0,32.0,33539.1601,AMD EPYC 7R13 Processor,AMD EPYC 7R13,AuthenticAMD
g6e.xlarge,us-west-2,usw2-az2,2,0.0,1.0,1.0,1.861,0.8487,54,g6e,AC,g,4.0,32.0,33539.1601,AMD EPYC 7R13 Processor,AMD EPYC 7R13,AuthenticAMD
g6e.xlarge,us-west-2,usw2-az3,3,5.0,10.0,1.0,1.861,0.8559,54,g6e,AC,g,4.0,32.0,33539.1601,AMD EPYC 7R13 Processor,AMD EPYC 7R13,AuthenticAMD
g6e.xlarge,us-west-2,usw2-az4,1,0.0,0.0,1.0,1.861,1.3723,26,g6e,AC,g,4.0,32.0,33539.1601,AMD EPYC 7R13 Processor,AMD EPYC 7R13,AuthenticAMD
gr6.4xlarge,us-west-2,usw2-az1,3,1.0,5.0,1.0,1.5392,0.5739,62,gr6,gr,gr,16.0,128.0,33539.1601,AMD EPYC 7R13 Processor,AMD EPYC 7R13,AuthenticAMD
gr6.4xlarge,us-west-2,usw2-az2,3,1.0,1.0,1.0,1.5392,0.5583,63,gr6,gr,gr,16.0,128.0,33539.1601,AMD EPYC 7R13 Processor,AMD EPYC 7R13,AuthenticAMD
gr6.4xlarge,us-west-2,usw2-az3,3,1.0,5.0,1.0,1.5392,0.5575,63,gr6,gr,gr,16.0,128.0,33539.1601,AMD EPYC 7R13 Processor,AMD EPYC 7R13,AuthenticAMD
gr6.4xlarge,us-west-2,usw2-az4,3,1.0,5.0,1.0,1.5392,0.6356,58,gr6,gr,gr,16.0,128.0,33539.1601,AMD EPYC 7R13 Processor,AMD EPYC 7R13,AuthenticAMD
gr6.8xlarge,us-west-2,usw2-az1,3,1.0,1.0,1.0,2.4464,1.0165,58,gr6,gr,gr,32.0,256.0,33539.1601,AMD EPYC 7R13 Processor,AMD EPYC 7R13,AuthenticAMD
gr6.8xlarge,us-west-2,usw2-az2,1,0.0,0.0,1.0,2.4464,1.0547,56,gr6,gr,gr,32.0,256.0,33539.1601,AMD EPYC 7R13 Processor,AMD EPYC 7R13,AuthenticAMD
gr6.8xlarge,us-west-2,usw2-az3,3,1.0,1.0,1.0,2.4464,1.2337,49,gr6,gr,gr,32.0,256.0,33539.1601,AMD EPYC 7R13 Processor,AMD EPYC 7R13,AuthenticAMD
gr6.8xlarge,us-west-2,usw2-az4,3,1.0,1.0,1.0,2.4464,0.8281,66,gr6,gr,gr,32.0,256.0,33539.1601,AMD EPYC 7R13 Processor,AMD EPYC 7R13,AuthenticAMD
i3.16xlarge,us-west-2,usw2-az1,3,40.0,50.0,1.0,4.992,1.8385,63,i3,Storage,i,64.0,488.0,23883.6025,Intel(R) Xeon(R) CPU E5-2686 v4 @ 2.30GHz,Intel(R) Xeon(R) CPU E5-2686 v4 @ 2.30GHz,Intel
i3.16xlarge,us-west-2,usw2-az2,3,1.0,5.0,1.0,4.992,1.8222,63,i3,Storage,i,64.0,488.0,23883.6025,Intel(R) Xeon(R) CPU E5-2686 v4 @ 2.30GHz,Intel(R) Xeon(R) CPU E5-2686 v4 @ 2.30GHz,Intel
i3.16xlarge,us-west-2,usw2-az3,3,50.0,50.0,1.0,4.992,1.6815,66,i3,Storage,i,64.0,488.0,23883.6025,Intel(R) Xeon(R) CPU E5-2686 v4 @ 2.30GHz,Intel(R) Xeon(R) CPU E5-2686 v4 @ 2.30GHz,Intel
i3.16xlarge,us-west-2,usw2-az4,1,0.0,0.0,1.0,4.992,1.9418,61,i3,Storage,i,64.0,488.0,23883.6025,Intel(R) Xeon(R) CPU E5-2686 v4 @ 2.30GHz,Intel(R) Xeon(R) CPU E5-2686 v4 @ 2.30GHz,Intel
i3.2xlarge,us-west-2,usw2-az1,3,50.0,50.0,1.0,0.624,0.2766,55,i3,Storage,i,8.0,61.0,23883.6025,Intel(R) Xeon(R) CPU E5-2686 v4 @ 2.30GHz,Intel(R) Xeon(R) CPU E5-2686 v4 @ 2.30GHz,Intel
i3.2xlarge,us-west-2,usw2-az2,3,50.0,50.0,1.0,0.624,0.3371,45,i3,Storage,i,8.0,61.0,23883.6025,Intel(R) Xeon(R) CPU E5-2686 v4 @ 2.30GHz,Intel(R) Xeon(R) CPU E5-2686 v4 @ 2.30GHz,Intel
i3.2xlarge,us-west-2,usw2-az3,3,50.0,50.0,1.0,0.624,0.2787,55,i3,Storage,i,8.0,61.0,23883.6025,Intel(R) Xeon(R) CPU E5-2686 v4 @ 2.30GHz,Intel(R) Xeon(R) CPU E5-2686 v4 @ 2.30GHz,Intel
i3.2xlarge,us-west-2,usw2-az4,3,30.0,40.0,1.0,0.624,0.3018,51,i3,Storage,i,8.0,61.0,23883.6025,Intel(R) Xeon(R) CPU E5-2686 v4 @ 2.30GHz,Intel(R) Xeon(R) CPU E5-2686 v4 @ 2.30GHz,Intel
i3.4xlarge,us-west-2,usw2-az1,3,50.0,50.0,1.0,1.248,0.5824,53,i3,Storage,i,16.0,122.0,23883.6025,Intel(R) Xeon(R) CPU E5-2686 v4 @ 2.30GHz,Intel(R) Xeon(R) CPU E5-2686 v4 @ 2.30GHz,Intel
i3.4xlarge,us-west-2,usw2-az2,3,50.0,50.0,1.0,1.248,0.6484,48,i3,Storage,i,16.0,122.0,23883.6025,Intel(R) Xeon(R) CPU E5-2686 v4 @ 2.30GHz,Intel(R) Xeon(R) CPU E5-2686 v4 @ 2.30GHz,Intel
i3.4xlarge,us-west-2,usw2-az3,3,50.0,50.0,1.0,1.248,0.5364,57,i3,Storage,i,16.0,122.0,23883.6025,Intel(R) Xeon(R) CPU E5-2686 v4 @ 2.30GHz,Intel(R) Xeon(R) CPU E5-2686 v4 @ 2.30GHz,Intel
i3.4xlarge,us-west-2,usw2-az4,3,5.0,10.0,1.0,1.248,0.5521,55,i3,Storage,i,16.0,122.0,23883.6025,Intel(R) Xeon(R) CPU E5-2686 v4 @ 2.30GHz,Intel(R) Xeon(R) CPU E5-2686 v4 @ 2.30GHz,Intel
i3.8xlarge,us-west-2,usw2-az1,3,50.0,50.0,1.0,2.496,0.8685,65,i3,Storage,i,32.0,244.0,23883.6025,Intel(R) Xeon(R) CPU E5-2686 v4 @ 2.30GHz,Intel(R) Xeon(R) CPU E5-2686 v4 @ 2.30GHz,Intel
i3.8xlarge,us-west-2,usw2-az2,3,50.0,50.0,1.0,2.496,0.8532,65,i3,Storage,i,32.0,244.0,23883.6025,Intel(R) Xeon(R) CPU E5-2686 v4 @ 2.30GHz,Intel(R) Xeon(R) CPU E5-2686 v4 @ 2.30GHz,Intel
i3.8xlarge,us-west-2,usw2-az3,3,50.0,50.0,1.0,2.496,0.8395,66,i3,Storage,i,32.0,244.0,23883.6025,Intel(R) Xeon(R) CPU E5-2686 v4 @ 2.30GHz,Intel(R) Xeon(R) CPU E5-2686 v4 @ 2.30GHz,Intel
i3.8xlarge,us-west-2,usw2-az4,1,0.0,0.0,1.0,2.496,1.0568,57,i3,Storage,i,32.0,244.0,23883.6025,Intel(R) Xeon(R) CPU E5-2686 v4 @ 2.30GHz,Intel(R) Xeon(R) CPU E5-2686 v4 @ 2.30GHz,Intel
i3.large,us-west-2,usw2-az1,3,50.0,50.0,1.0,0.156,0.0486,68,i3,Storage,i,2.0,15.0,23883.6025,Intel(R) Xeon(R) CPU E5-2686 v4 @ 2.30GHz,Intel(R) Xeon(R) CPU E5-2686 v4 @ 2.30GHz,Intel
i3.large,us-west-2,usw2-az2,3,50.0,50.0,1.0,0.156,0.0479,69,i3,Storage,i,2.0,15.0,23883.6025,Intel(R) Xeon(R) CPU E5-2686 v4 @ 2.30GHz,Intel(R) Xeon(R) CPU E5-2686 v4 @ 2.30GHz,Intel
i3.large,us-west-2,usw2-az3,3,50.0,50.0,1.0,0.156,0.0485,68,i3,Storage,i,2.0,15.0,23883.6025,Intel(R) Xeon(R) CPU E5-2686 v4 @ 2.30GHz,Intel(R) Xeon(R) CPU E5-2686 v4 @ 2.30GHz,Intel
i3.large,us-west-2,usw2-az4,3,50.0,50.0,1.0,0.156,0.0404,74,i3,Storage,i,2.0,15.0,23883.6025,Intel(R) Xeon(R) CPU E5-2686 v4 @ 2.30GHz,Intel(R) Xeon(R) CPU E5-2686 v4 @ 2.30GHz,Intel
i3.xlarge,us-west-2,usw2-az1,3,50.0,50.0,1.0,0.312,0.1221,60,i3,Storage,i,4.0,30.0,23883.6025,Intel(R) Xeon(R) CPU E5-2686 v4 @ 2.30GHz,Intel(R) Xeon(R) CPU E5-2686 v4 @ 2.30GHz,Intel
i3.xlarge,us-west-2,usw2-az2,3,50.0,50.0,1.0,0.312,0.1206,61,i3,Storage,i,4.0,30.0,23883.6025,Intel(R) Xeon(R) CPU E5-2686 v4 @ 2.30GHz,Intel(R) Xeon(R) CPU E5-2686 v4 @ 2.30GHz,Intel
i3.xlarge,us-west-2,usw2-az3,3,50.0,50.0,1.0,0.312,0.1235,60,i3,Storage,i,4.0,30.0,23883.6025,Intel(R) Xeon(R) CPU E5-2686 v4 @ 2.30GHz,Intel(R) Xeon(R) CPU E5-2686 v4 @ 2.30GHz,Intel
i3.xlarge,us-west-2,usw2-az4,3,50.0,50.0,1.0,0.312,0.108,65,i3,Storage,i,4.0,30.0,23883.6025,Intel(R) Xeon(R) CPU E5-2686 v4 @ 2.30GHz,Intel(R) Xeon(R) CPU E5-2686 v4 @ 2.30GHz,Intel
i3en.12xlarge,us-west-2,usw2-az1,2,0.0,1.0,2.0,5.424,2.2167,59,i3en,Storage,i,48.0,384.0,23883.6025,Intel(R) Xeon(R) Platinum 8259CL CPU @ 2.50GHz,Intel(R) Xeon(R) Platinum 8259CL CPU @ 2.50GHz,Intel
i3en.12xlarge,us-west-2,usw2-az2,1,0.0,0.0,2.0,5.424,2.1352,60,i3en,Storage,i,48.0,384.0,23883.6025,Intel(R) Xeon(R) Platinum 8259CL CPU @ 2.50GHz,Intel(R) Xeon(R) Platinum 8259CL CPU @ 2.50GHz,Intel
i3en.12xlarge,us-west-2,usw2-az3,3,5.0,10.0,2.0,5.424,2.1889,59,i3en,Storage,i,48.0,384.0,23883.6025,Intel(R) Xeon(R) Platinum 8259CL CPU @ 2.50GHz,Intel(R) Xeon(R) Platinum 8259CL CPU @ 2.50GHz,Intel
i3en.12xlarge,us-west-2,usw2-az4,3,1.0,1.0,2.0,5.424,2.6521,51,i3en,Storage,i,48.0,384.0,23883.6025,Intel(R) Xeon(R) Platinum 8259CL CPU @ 2.50GHz,Intel(R) Xeon(R) Platinum 8259CL CPU @ 2.50GHz,Intel
i3en.24xlarge,us-west-2,usw2-az1,3,1.0,1.0,2.5,10.848,3.7143,65,i3en,Storage,i,96.0,768.0,23883.6025,Intel(R) Xeon(R) Platinum 8259CL CPU @ 2.50GHz,Intel(R) Xeon(R) Platinum 8259CL CPU @ 2.50GHz,Intel
i3en.24xlarge,us-west-2,usw2-az2,1,0.0,0.0,2.5,10.848,6.3946,41,i3en,Storage,i,96.0,768.0,23883.6025,Intel(R) Xeon(R) Platinum 8259CL CPU @ 2.50GHz,Intel(R) Xeon(R) Platinum 8259CL CPU @ 2.50GHz,Intel
i3en.24xlarge,us-west-2,usw2-az3,3,20.0,30.0,2.5,10.848,4.0223,62,i3en,Storage,i,96.0,768.0,23883.6025,Intel(R) Xeon(R) Platinum 8259CL CPU @ 2.50GHz,Intel(R) Xeon(R) Platinum 8259CL CPU @ 2.50GHz,Intel
i3en.24xlarge,us-west-2,usw2-az4,2,0.0,1.0,2.5,10.848,5.2498,51,i3en,Storage,i,96.0,768.0,23883.6025,Intel(R) Xeon(R) Platinum 8259CL CPU @ 2.50GHz,Intel(R) Xeon(R) Platinum 8259CL CPU @ 2.50GHz,Intel
i3en.2xlarge,us-west-2,usw2-az1,3,50.0,50.0,3.0,0.904,0.4033,55,i3en,Storage,i,8.0,64.0,23883.6025,Intel(R) Xeon(R) Platinum 8259CL CPU @ 2.50GHz,Intel(R) Xeon(R) Platinum 8259CL CPU @ 2.50GHz,Intel
i3en.2xlarge,us-west-2,usw2-az2,3,50.0,50.0,3.0,0.904,0.3284,63,i3en,Storage,i,8.0,64.0,23883.6025,Intel(R) Xeon(R) Platinum 8259CL CPU @ 2.50GHz,Intel(R) Xeon(R) Platinum 8259CL CPU @ 2.50GHz,Intel
i3en.2xlarge,us-west-2,usw2-az3,3,50.0,50.0,3.0,0.904,0.358,60,i3en,Storage,i,8.0,64.0,23883.6025,Intel(R) Xeon(R) Platinum 8259CL CPU @ 2.50GHz,Intel(R) Xeon(R) Platinum 8259CL CPU @ 2.50GHz,Intel
i3en.2xlarge,us-west-2,usw2-az4,3,5.0,5.0,3.0,0.904,0.3716,58,i3en,Storage,i,8.0,64.0,23883.6025,Intel(R) Xeon(R) Platinum 8259CL CPU @ 2.50GHz,Intel(R) Xeon(R) Platinum 8259CL CPU @ 2.50GHz,Intel
i3en.3xlarge,us-west-2,usw2-az1,3,50.0,50.0,3.0,1.356,0.4856,64,i3en,Storage,i,12.0,96.0,23883.6025,Intel(R) Xeon(R) Platinum 8259CL CPU @ 2.50GHz,Intel(R) Xeon(R) Platinum 8259CL CPU @ 2.50GHz,Intel
i3en.3xlarge,us-west-2,usw2-az2,3,50.0,50.0,3.0,1.356,0.459,66,i3en,Storage,i,12.0,96.0,23883.6025,Intel(R) Xeon(R) Platinum 8259CL CPU @ 2.50GHz,Intel(R) Xeon(R) Platinum 8259CL CPU @ 2.50GHz,Intel
i3en.3xlarge,us-west-2,usw2-az3,3,50.0,50.0,3.0,1.356,0.4888,63,i3en,Storage,i,12.0,96.0,23883.6025,Intel(R) Xeon(R) Platinum 8259CL CPU @ 2.50GHz,Intel(R) Xeon(R) Platinum 8259CL CPU @ 2.50GHz,Intel
i3en.3xlarge,us-west-2,usw2-az4,3,50.0,50.0,3.0,1.356,0.4307,68,i3en,Storage,i,12.0,96.0,23883.6025,Intel(R) Xeon(R) Platinum 8259CL CPU @ 2.50GHz,Intel(R) Xeon(R) Platinum 8259CL CPU @ 2.50GHz,Intel
i3en.6xlarge,us-west-2,usw2-az1,3,1.0,1.0,3.0,2.712,0.9172,66,i3en,Storage,i,24.0,192.0,23883.6025,Intel(R) Xeon(R) Platinum 8259CL CPU @ 2.50GHz,Intel(R) Xeon(R) Platinum 8259CL CPU @ 2.50GHz,Intel
i3en.6xlarge,us-west-2,usw2-az2,3,10.0,15.0,3.0,2.712,1.0829,60,i3en,Storage,i,24.0,192.0,23883.6025,Intel(R) Xeon(R) Platinum 8259CL CPU @ 2.50GHz,Intel(R) Xeon(R) Platinum 8259CL CPU @ 2.50GHz,Intel
i3en.6xlarge,us-west-2,usw2-az3,3,50.0,50.0,3.0,2.712,0.9711,64,i3en,Storage,i,24.0,192.0,23883.6025,Intel(R) Xeon(R) Platinum 8259CL CPU @ 2.50GHz,Intel(R) Xeon(R) Platinum 8259CL CPU @ 2.50GHz,Intel
i3en.6xlarge,us-west-2,usw2-az4,3,5.0,10.0,3.0,2.712,0.9841,63,i3en,Storage,i,24.0,192.0,23883.6025,Intel(R) Xeon(R) Platinum 8259CL CPU @ 2.50GHz,Intel(R) Xeon(R) Platinum 8259CL CPU @ 2.50GHz,Intel
i3en.large,us-west-2,usw2-az1,3,5.0,10.0,3.0,0.226,0.0746,66,i3en,Storage,i,2.0,16.0,23738.917,Intel(R) Xeon(R) Platinum 8175M CPU @ 2.50GHz,Intel(R) Xeon(R) Platinum 8175M CPU @ 2.50GHz,Intel
i3en.large,us-west-2,usw2-az2,3,5.0,10.0,3.0,0.226,0.0751,66,i3en,Storage,i,2.0,16.0,23738.917,Intel(R) Xeon(R) Platinum 8175M CPU @ 2.50GHz,Intel(R) Xeon(R) Platinum 8175M CPU @ 2.50GHz,Intel
i3en.large,us-west-2,usw2-az3,3,50.0,50.0,3.0,0.226,0.0721,68,i3en,Storage,i,2.0,16.0,23738.917,Intel(R) Xeon(R) Platinum 8175M CPU @ 2.50GHz,Intel(R) Xeon(R) Platinum 8175M CPU @ 2.50GHz,Intel
i3en.large,us-west-2,usw2-az4,3,35.0,50.0,3.0,0.226,0.0778,65,i3en,Storage,i,2.0,16.0,23738.917,Intel(R) Xeon(R) Platinum 8175M CPU @ 2.50GHz,Intel(R) Xeon(R) Platinum 8175M CPU @ 2.50GHz,Intel
i3en.xlarge,us-west-2,usw2-az1,3,50.0,50.0,3.0,0.452,0.1545,65,i3en,Storage,i,4.0,32.0,23883.6025,Intel(R) Xeon(R) Platinum 8259CL CPU @ 2.50GHz,Intel(R) Xeon(R) Platinum 8259CL CPU @ 2.50GHz,Intel
i3en.xlarge,us-west-2,usw2-az2,3,50.0,50.0,3.0,0.452,0.1481,67,i3en,Storage,i,4.0,32.0,23883.6025,Intel(R) Xeon(R) Platinum 8259CL CPU @ 2.50GHz,Intel(R) Xeon(R) Platinum 8259CL CPU @ 2.50GHz,Intel
i3en.xlarge,us-west-2,usw2-az3,3,50.0,50.0,3.0,0.452,0.1663,63,i3en,Storage,i,4.0,32.0,23883.6025,Intel(R) Xeon(R) Platinum 8259CL CPU @ 2.50GHz,Intel(R) Xeon(R) Platinum 8259CL CPU @ 2.50GHz,Intel
i3en.xlarge,us-west-2,usw2-az4,3,50.0,50.0,3.0,0.452,0.1651,63,i3en,Storage,i,4.0,32.0,23883.6025,Intel(R) Xeon(R) Platinum 8259CL CPU @ 2.50GHz,Intel(R) Xeon(R) Platinum 8259CL CPU @ 2.50GHz,Intel
i4g.16xlarge,us-west-2,usw2-az1,3,5.0,5.0,1.5,4.94208,2.3567,52,i4g,Storage,i,64.0,512.0,19336.1335,AWS Graviton2 Processor,AWS Graviton2 Processor,AWS
i4g.16xlarge,us-west-2,usw2-az2,3,1.0,1.0,1.5,4.94208,1.7676,64,i4g,Storage,i,64.0,512.0,19336.1335,AWS Graviton2 Processor,AWS Graviton2 Processor,AWS
i4g.16xlarge,us-west-2,usw2-az3,3,5.0,5.0,1.5,4.94208,1.7675,64,i4g,Storage,i,64.0,512.0,19336.1335,AWS Graviton2 Processor,AWS Graviton2 Processor,AWS
i4g.16xlarge,us-west-2,usw2-az4,1,0.0,0.0,1.5,4.94208,1.7276,65,i4g,Storage,i,64.0,512.0,19336.1335,AWS Graviton2 Processor,AWS Graviton2 Processor,AWS
i4g.2xlarge,us-west-2,usw2-az1,3,10.0,15.0,2.0,0.61776,0.2194,64,i4g,Storage,i,8.0,64.0,19336.1335,AWS Graviton2 Processor,AWS Graviton2 Processor,AWS
i4g.2xlarge,us-west-2,usw2-az2,3,30.0,45.0,2.0,0.61776,0.2191,64,i4g,Storage,i,8.0,64.0,19336.1335,AWS Graviton2 Processor,AWS Graviton2 Processor,AWS
i4g.2xlarge,us-west-2,usw2-az3,3,15.0,25.0,2.0,0.61776,0.2084,66,i4g,Storage,i,8.0,64.0,19336.1335,AWS Graviton2 Processor,AWS Graviton2 Processor,AWS
i4g.2xlarge,us-west-2,usw2-az4,2,0.0,1.0,2.0,0.61776,0.2311,62,i4g,Storage,i,8.0,64.0,19336.1335,AWS Graviton2 Processor,AWS Graviton2 Processor,AWS
i4g.4xlarge,us-west-2,usw2-az1,1,0.0,0.0,1.0,1.23552,0.44,64,i4g,Storage,i,16.0,128.0,19336.1335,AWS Graviton2 Processor,AWS Graviton2 Processor,AWS
i4g.4xlarge,us-west-2,usw2-az2,1,0.0,0.0,1.0,1.23552,0.4407,64,i4g,Storage,i,16.0,128.0,19336.1335,AWS Graviton2 Processor,AWS Graviton2 Processor,AWS
i4g.4xlarge,us-west-2,usw2-az3,3,1.0,1.0,1.0,1.23552,0.4397,64,i4g,Storage,i,16.0,128.0,19336.1335,AWS Graviton2 Processor,AWS Graviton2 Processor,AWS
i4g.4xlarge,us-west-2,usw2-az4,1,0.0,0.0,1.0,1.23552,0.4261,65,i4g,Storage,i,16.0,128.0,19336.1335,AWS Graviton2 Processor,AWS Graviton2 Processor,AWS
i4g.8xlarge,us-west-2,usw2-az1,3,1.0,5.0,1.0,2.47104,1.0563,57,i4g,Storage,i,32.0,256.0,19336.1335,AWS Graviton2 Processor,AWS Graviton2 Processor,AWS
i4g.8xlarge,us-west-2,usw2-az2,2,0.0,1.0,1.0,2.47104,1.085,56,i4g,Storage,i,32.0,256.0,19336.1335,AWS Graviton2 Processor,AWS Graviton2 Processor,AWS
i4g.8xlarge,us-west-2,usw2-az3,3,1.0,1.0,1.0,2.47104,1.1152,54,i4g,Storage,i,32.0,256.0,19336.1335,AWS Graviton2 Processor,AWS Graviton2 Processor,AWS
i4g.8xlarge,us-west-2,usw2-az4,1,0.0,0.0,1.0,2.47104,0.8266,66,i4g,Storage,i,32.0,256.0,19336.1335,AWS Graviton2 Processor,AWS Graviton2 Processor,AWS
i4g.large,us-west-2,usw2-az1,3,1.0,5.0,2.5,0.15444,0.0513,66,i4g,Storage,i,2.0,16.0,19336.1335,AWS Graviton2 Processor,AWS Graviton2 Processor,AWS
i4g.large,us-west-2,usw2-az2,3,10.0,15.0,2.5,0.15444,0.0511,66,i4g,Storage,i,2.0,16.0,19336.1335,AWS Graviton2 Processor,AWS Graviton2 Processor,AWS
i4g.large,us-west-2,usw2-az3,3,5.0,10.0,2.5,0.15444,0.0542,64,i4g,Storage,i,2.0,16.0,19336.1335,AWS Graviton2 Processor,AWS Graviton2 Processor,AWS
i4g.large,us-west-2,usw2-az4,3,15.0,20.0,2.5,0.15444,0.0504,67,i4g,Storage,i,2.0,16.0,19336.1335,AWS Graviton2 Processor,AWS Graviton2 Processor,AWS
i4g.xlarge,us-west-2,usw2-az1,3,1.0,1.0,1.0,0.30888,0.1624,47,i4g,Storage,i,4.0,32.0,19336.1335,AWS Graviton2 Processor,AWS Graviton2 Processor,AWS
i4g.xlarge,us-west-2,usw2-az2,3,5.0,5.0,1.0,0.30888,0.1206,60,i4g,Storage,i,4.0,32.0,19336.1335,AWS Graviton2 Processor,AWS Graviton2 Processor,AWS
i4g.xlarge,us-west-2,usw2-az3,3,1.0,5.0,1.0,0.30888,0.1115,63,i4g,Storage,i,4.0,32.0,19336.1335,AWS Graviton2 Processor,AWS Graviton2 Processor,AWS
i4g.xlarge,us-west-2,usw2-az4,3,5.0,5.0,1.0,0.30888,0.1073,65,i4g,Storage,i,4.0,32.0,19336.1335,AWS Graviton2 Processor,AWS Graviton2 Processor,AWS
i4i.12xlarge,us-west-2,usw2-az1,1,0.0,0.0,1.0,4.118,1.3629,66,i4i,Storage,i,48.0,384.0,28985.5594,Intel(R) Xeon(R) Platinum 8375C CPU @ 2.90GHz,Intel(R) Xeon(R) Platinum 8375C CPU @ 2.90GHz,AWS
i4i.12xlarge,us-west-2,usw2-az2,1,0.0,0.0,1.0,4.118,1.3734,66,i4i,Storage,i,48.0,384.0,28985.5594,Intel(R) Xeon(R) Platinum 8375C CPU @ 2.90GHz,Intel(R) Xeon(R) Platinum 8375C CPU @ 2.90GHz,AWS
i4i.12xlarge,us-west-2,usw2-az3,1,0.0,0.0,1.0,4.118,1.4014,65,i4i,Storage,i,48.0,384.0,28985.5594,Intel(R) Xeon(R) Platinum 8375C CPU @ 2.90GHz,Intel(R) Xeon(R) Platinum 8375C CPU @ 2.90GHz,AWS
i4i.12xlarge,us-west-2,usw2-az4,1,0.0,0.0,1.0,4.118,1.4078,65,i4i,Storage,i,48.0,384.0,28985.5594,Intel(R) Xeon(R) Platinum 8375C CPU @ 2.90GHz,Intel(R) Xeon(R) Platinum 8375C CPU @ 2.90GHz,AWS
i4i.16xlarge,us-west-2,usw2-az1,1,0.0,0.0,2.5,5.491,1.7619,67,i4i,Storage,i,64.0,512.0,28985.5594,Intel(R) Xeon(R) Platinum 8375C CPU @ 2.90GHz,Intel(R) Xeon(R) Platinum 8375C CPU @ 2.90GHz,Intel
i4i.16xlarge,us-west-2,usw2-az2,3,1.0,1.0,2.5,5.491,3.4688,36,i4i,Storage,i,64.0,512.0,28985.5594,Intel(R) Xeon(R) Platinum 8375C CPU @ 2.90GHz,Intel(R) Xeon(R) Platinum 8375C CPU @ 2.90GHz,Intel
i4i.16xlarge,us-west-2,usw2-az3,1,0.0,0.0,2.5,5.491,2.0546,62,i4i,Storage,i,64.0,512.0,28985.5594,Intel(R) Xeon(R) Platinum 8375C CPU @ 2.90GHz,Intel(R) Xeon(R) Platinum 8375C CPU @ 2.90GHz,Intel
i4i.16xlarge,us-west-2,usw2-az4,1,0.0,0.0,2.5,5.491,2.2047,59,i4i,Storage,i,64.0,512.0,28985.5594,Intel(R) Xeon(R) Platinum 8375C CPU @ 2.90GHz,Intel(R) Xeon(R) Platinum 8375C CPU @ 2.90GHz,Intel
i4i.24xlarge,us-west-2,usw2-az1,1,0.0,0.0,1.5,8.2368,3.1539,61,i4i,Storage,i,96.0,768.0,28985.5594,Intel(R) Xeon(R) Platinum 8375C CPU @ 2.90GHz,Intel(R) Xeon(R) Platinum 8375C CPU @ 2.90GHz,Intel
i4i.24xlarge,us-west-2,usw2-az2,1,0.0,0.0,1.5,8.2368,3.1793,61,i4i,Storage,i,96.0,768.0,28985.5594,Intel(R) Xeon(R) Platinum 8375C CPU @ 2.90GHz,Intel(R) Xeon(R) Platinum 8375C CPU @ 2.90GHz,Intel
i4i.24xlarge,us-west-2,usw2-az3,1,0.0,0.0,1.5,8.2368,3.1104,62,i4i,Storage,i,96.0,768.0,28985.5594,Intel(R) Xeon(R) Platinum 8375C CPU @ 2.90GHz,Intel(R) Xeon(R) Platinum 8375C CPU @ 2.90GHz,Intel
i4i.24xlarge,us-west-2,usw2-az4,1,0.0,0.0,1.5,8.2368,3.0964,62,i4i,Storage,i,96.0,768.0,28985.5594,Intel(R) Xeon(R) Platinum 8375C CPU @ 2.90GHz,Intel(R) Xeon(R) Platinum 8375C CPU @ 2.90GHz,Intel
i4i.2xlarge,us-west-2,usw2-az1,1,0.0,0.0,1.0,0.686,0.5603,18,i4i,Storage,i,8.0,64.0,28985.5594,Intel(R) Xeon(R) Platinum 8375C CPU @ 2.90GHz,Intel(R) Xeon(R) Platinum 8375C CPU @ 2.90GHz,Intel
i4i.2xlarge,us-west-2,usw2-az2,3,5.0,5.0,1.0,0.686,0.295,56,i4i,Storage,i,8.0,64.0,28985.5594,Intel(R) Xeon(R) Platinum 8375C CPU @ 2.90GHz,Intel(R) Xeon(R) Platinum 8375C CPU @ 2.90GHz,Intel
i4i.2xlarge,us-west-2,usw2-az3,3,1.0,1.0,1.0,0.686,0.3626,47,i4i,Storage,i,8.0,64.0,28985.5594,Intel(R) Xeon(R) Platinum 8375C CPU @ 2.90GHz,Intel(R) Xeon(R) Platinum 8375C CPU @ 2.90GHz,Intel
i4i.2xlarge,us-west-2,usw2-az4,1,0.0,0.0,1.0,0.686,0.3256,52,i4i,Storage,i,8.0,64.0,28985.5594,Intel(R) Xeon(R) Platinum 8375C CPU @ 2.90GHz,Intel(R) Xeon(R) Platinum 8375C CPU @ 2.90GHz,Intel
i4i.32xlarge,us-west-2,usw2-az1,1,0.0,0.0,1.0,10.9824,3.8153,65,i4i,Storage,i,128.0,1024.0,28985.5594,Intel(R) Xeon(R) Platinum 8375C CPU @ 2.90GHz,Intel(R) Xeon(R) Platinum 8375C CPU @ 2.90GHz,Intel
i4i.32xlarge,us-west-2,usw2-az2,1,0.0,0.0,1.0,10.9824,3.5844,67,i4i,Storage,i,128.0,1024.0,28985.5594,Intel(R) Xeon(R) Platinum 8375C CPU @ 2.90GHz,Intel(R) Xeon(R) Platinum 8375C CPU @ 2.90GHz,Intel
i4i.32xlarge,us-west-2,usw2-az3,2,0.0,1.0,1.0,10.9824,4.0393,63,i4i,Storage,i,128.0,1024.0,28985.5594,Intel(R) Xeon(R) Platinum 8375C CPU @ 2.90GHz,Intel(R) Xeon(R) Platinum 8375C CPU @ 2.90GHz,Intel
i4i.32xlarge,us-west-2,usw2-az4,1,0.0,0.0,1.0,10.9824,4.0329,63,i4i,Storage,i,128.0,1024.0,28985.5594,Intel(R) Xeon(R) Platinum 8375C CPU @ 2.90GHz,Intel(R) Xeon(R) Platinum 8375C CPU @ 2.90GHz,Intel
i4i.4xlarge,us-west-2,usw2-az1,1,0.0,0.0,1.5,1.373,0.7055,48,i4i,Storage,i,16.0,128.0,28985.5594,Intel(R) Xeon(R) Platinum 8375C CPU @ 2.90GHz,Intel(R) Xeon(R) Platinum 8375C CPU @ 2.90GHz,Intel
i4i.4xlarge,us-west-2,usw2-az2,3,1.0,5.0,1.5,1.373,0.7354,46,i4i,Storage,i,16.0,128.0,28985.5594,Intel(R) Xeon(R) Platinum 8375C CPU @ 2.90GHz,Intel(R) Xeon(R) Platinum 8375C CPU @ 2.90GHz,Intel
i4i.4xlarge,us-west-2,usw2-az3,3,1.0,1.0,1.5,1.373,0.6939,49,i4i,Storage,i,16.0,128.0,28985.5594,Intel(R) Xeon(R) Platinum 8375C CPU @ 2.90GHz,Intel(R) Xeon(R) Platinum 8375C CPU @ 2.90GHz,Intel
i4i.4xlarge,us-west-2,usw2-az4,1,0.0,0.0,1.5,1.373,0.5409,60,i4i,Storage,i,16.0,128.0,28985.5594,Intel(R) Xeon(R) Platinum 8375C CPU @ 2.90GHz,Intel(R) Xeon(R) Platinum 8375C CPU @ 2.90GHz,Intel
i4i.8xlarge,us-west-2,usw2-az1,3,50.0,50.0,3.0,2.746,1.2472,54,i4i,Storage,i,32.0,256.0,28985.5594,Intel(R) Xeon(R) Platinum 8375C CPU @ 2.90GHz,Intel(R) Xeon(R) Platinum 8375C CPU @ 2.90GHz,Intel
i4i.8xlarge,us-west-2,usw2-az2,3,50.0,50.0,3.0,2.746,1.3409,51,i4i,Storage,i,32.0,256.0,28985.5594,Intel(R) Xeon(R) Platinum 8375C CPU @ 2.90GHz,Intel(R) Xeon(R) Platinum 8375C CPU @ 2.90GHz,Intel
i4i.8xlarge,us-west-2,usw2-az3,3,50.0,50.0,3.0,2.746,1.2528,54,i4i,Storage,i,32.0,256.0,28985.5594,Intel(R) Xeon(R) Platinum 8375C CPU @ 2.90GHz,Intel(R) Xeon(R) Platinum 8375C CPU @ 2.90GHz,Intel
i4i.8xlarge,us-west-2,usw2-az4,1,0.0,0.0,3.0,2.746,1.0698,61,i4i,Storage,i,32.0,256.0,28985.5594,Intel(R) Xeon(R) Platinum 8375C CPU @ 2.90GHz,Intel(R) Xeon(R) Platinum 8375C CPU @ 2.90GHz,Intel
i4i.large,us-west-2,usw2-az1,3,50.0,50.0,3.0,0.172,0.0521,69,i4i,Storage,i,2.0,16.0,28985.5594,Intel(R) Xeon(R) Platinum 8375C CPU @ 2.90GHz,Intel(R) Xeon(R) Platinum 8375C CPU @ 2.90GHz,Intel
i4i.large,us-west-2,usw2-az2,3,50.0,50.0,3.0,0.172,0.0554,67,i4i,Storage,i,2.0,16.0,28985.5594,Intel(R) Xeon(R) Platinum 8375C CPU @ 2.90GHz,Intel(R) Xeon(R) Platinum 8375C CPU @ 2.90GHz,Intel
i4i.large,us-west-2,usw2-az3,3,50.0,50.0,3.0,0.172,0.0482,71,i4i,Storage,i,2.0,16.0,28985.5594,Intel(R) Xeon(R) Platinum 8375C CPU @ 2.90GHz,Intel(R) Xeon(R) Platinum 8375C CPU @ 2.90GHz,Intel
i4i.large,us-west-2,usw2-az4,3,50.0,50.0,3.0,0.172,0.0505,70,i4i,Storage,i,2.0,16.0,28985.5594,Intel(R) Xeon(R) Platinum 8375C CPU @ 2.90GHz,Intel(R) Xeon(R) Platinum 8375C CPU @ 2.90GHz,Intel
i4i.xlarge,us-west-2,usw2-az1,3,50.0,50.0,3.0,0.343,0.1238,63,i4i,Storage,i,4.0,32.0,28985.5594,Intel(R) Xeon(R) Platinum 8375C CPU @ 2.90GHz,Intel(R) Xeon(R) Platinum 8375C CPU @ 2.90GHz,Intel
i4i.xlarge,us-west-2,usw2-az2,3,50.0,50.0,3.0,0.343,0.1214,64,i4i,Storage,i,4.0,32.0,28985.5594,Intel(R) Xeon(R) Platinum 8375C CPU @ 2.90GHz,Intel(R) Xeon(R) Platinum 8375C CPU @ 2.90GHz,Intel
i4i.xlarge,us-west-2,usw2-az3,3,50.0,50.0,3.0,0.343,0.1131,67,i4i,Storage,i,4.0,32.0,28985.5594,Intel(R) Xeon(R) Platinum 8375C CPU @ 2.90GHz,Intel(R) Xeon(R) Platinum 8375C CPU @ 2.90GHz,Intel
i4i.xlarge,us-west-2,usw2-az4,3,50.0,50.0,3.0,0.343,0.1175,65,i4i,Storage,i,4.0,32.0,28985.5594,Intel(R) Xeon(R) Platinum 8375C CPU @ 2.90GHz,Intel(R) Xeon(R) Platinum 8375C CPU @ 2.90GHz,Intel
i7i.12xlarge,us-west-2,usw2-az1,1,0.0,0.0,2.5,4.5302,1.6191,64,i7i,Storage,i,48.0,384.0,33478.460852200005,,,Intel
i7i.12xlarge,us-west-2,usw2-az2,3,1.0,1.0,2.5,4.5302,1.6894,62,i7i,Storage,i,48.0,384.0,33478.460852200005,,,Intel
i7i.12xlarge,us-west-2,usw2-az3,2,0.0,1.0,2.5,4.5302,1.7983,60,i7i,Storage,i,48.0,384.0,33478.460852200005,,,Intel
i7i.12xlarge,us-west-2,usw2-az4,3,1.0,1.0,2.5,4.5302,1.909,57,i7i,Storage,i,48.0,384.0,33478.460852200005,,,Intel
i7i.16xlarge,us-west-2,usw2-az1,3,1.0,1.0,2.5,6.0403,2.3834,60,i7i,Storage,i,64.0,512.0,33760.77288,,,Intel
i7i.16xlarge,us-west-2,usw2-az2,3,1.0,1.0,2.5,6.0403,2.0583,65,i7i,Storage,i,64.0,512.0,33760.77288,,,Intel
i7i.16xlarge,us-west-2,usw2-az3,2,0.0,1.0,2.5,6.0403,2.4875,58,i7i,Storage,i,64.0,512.0,33760.77288,,,Intel
i7i.16xlarge,us-west-2,usw2-az4,3,5.0,10.0,2.5,6.0403,2.5823,57,i7i,Storage,i,64.0,512.0,33760.77288,,,Intel
i7i.24xlarge,us-west-2,usw2-az1,3,1.0,1.0,2.5,9.0605,3.6882,59,i7i,Storage,i,96.0,768.0,33576.66044,,,Intel
i7i.24xlarge,us-west-2,usw2-az2,2,0.0,1.0,2.5,9.0605,3.9053,56,i7i,Storage,i,96.0,768.0,33576.66044,,,Intel
i7i.24xlarge,us-west-2,usw2-az3,3,1.0,1.0,2.5,9.0605,3.6645,59,i7i,Storage,i,96.0,768.0,33576.66044,,,Intel
i7i.24xlarge,us-west-2,usw2-az4,3,,,2.5,9.0605,2.9472,67,i7i,Storage,i,96.0,768.0,33576.66044,,,Intel
i7i.2xlarge,us-west-2,usw2-az1,3,1.0,5.0,2.5,0.755,0.2862,62,i7i,Storage,i,8.0,64.0,33355.649534200005,,,Intel
i7i.2xlarge,us-west-2,usw2-az2,3,1.0,5.0,2.5,0.755,0.2753,63,i7i,Storage,i,8.0,64.0,33355.649534200005,,,Intel
i7i.2xlarge,us-west-2,usw2-az3,3,1.0,1.0,2.5,0.755,0.345,54,i7i,Storage,i,8.0,64.0,33355.649534200005,,,Intel
i7i.2xlarge,us-west-2,usw2-az4,3,,,2.5,0.755,0.3325,55,i7i,Storage,i,8.0,64.0,33355.649534200005,,,Intel
i7i.48xlarge,us-west-2,usw2-az1,3,1.0,1.0,3.0,18.121,6.7477,62,i7i,Storage,i,192.0,1536.0,33582.743330000005,,,Intel
i7i.48xlarge,us-west-2,usw2-az2,3,1.0,1.0,3.0,18.121,6.3695,64,i7i,Storage,i,192.0,1536.0,33582.743330000005,,,Intel
i7i.48xlarge,us-west-2,usw2-az3,3,5.0,5.0,3.0,18.121,6.5232,64,i7i,Storage,i,192.0,1536.0,33582.743330000005,,,Intel
i7i.48xlarge,us-west-2,usw2-az4,3,5.0,10.0,3.0,18.121,6.1347,66,i7i,Storage,i,192.0,1536.0,33582.743330000005,,,Intel
i7i.4xlarge,us-west-2,usw2-az1,3,1.0,5.0,1.5,1.5101,0.6232,58,i7i,Storage,i,16.0,128.0,33344.49283,,,Intel
i7i.4xlarge,us-west-2,usw2-az2,3,25.0,40.0,1.5,1.5101,0.7054,53,i7i,Storage,i,16.0,128.0,33344.49283,,,Intel
i7i.4xlarge,us-west-2,usw2-az3,3,1.0,1.0,1.5,1.5101,0.6756,55,i7i,Storage,i,16.0,128.0,33344.49283,,,Intel
i7i.4xlarge,us-west-2,usw2-az4,3,,,1.5,1.5101,0.6005,60,i7i,Storage,i,16.0,128.0,33344.49283,,,Intel
i7i.8xlarge,us-west-2,usw2-az1,3,1.0,1.0,1.5,3.0202,1.0705,64,i7i,Storage,i,32.0,256.0,33495.68447,,,Intel
i7i.8xlarge,us-west-2,usw2-az2,3,1.0,5.0,1.5,3.0202,1.1805,60,i7i,Storage,i,32.0,256.0,33495.68447,,,Intel
i7i.8xlarge,us-west-2,usw2-az3,3,1.0,1.0,1.5,3.0202,1.3463,55,i7i,Storage,i,32.0,256.0,33495.68447,,,Intel
i7i.8xlarge,us-west-2,usw2-az4,3,1.0,,1.5,3.0202,1.2595,58,i7i,Storage,i,32.0,256.0,33495.68447,,,Intel
i7i.large,us-west-2,usw2-az1,3,,,2.0,0.1888,0.0581,69,i7i,Storage,i,2.0,16.0,33140.98479,,,Intel
i7i.large,us-west-2,usw2-az2,3,,,2.0,0.1888,0.0642,65,i7i,Storage,i,2.0,16.0,33140.98479,,,Intel
i7i.large,us-west-2,usw2-az3,3,,,2.0,0.1888,0.0566,70,i7i,Storage,i,2.0,16.0,33140.98479,,,Intel
i7i.large,us-west-2,usw2-az4,3,,,2.0,0.1888,0.0501,73,i7i,Storage,i,2.0,16.0,33140.98479,,,Intel
i7i.metal-24xl,us-west-2,usw2-az1,2,0.0,1.0,2.0,9.0605,2.704,70,i7i,Storage,i,96.0,768.0,34483.24634,,,Intel
i7i.metal-24xl,us-west-2,usw2-az2,2,0.0,1.0,2.0,9.0605,3.1303,65,i7i,Storage,i,96.0,768.0,34483.24634,,,Intel
i7i.metal-24xl,us-west-2,usw2-az3,3,1.0,1.0,2.0,9.0605,2.8369,68,i7i,Storage,i,96.0,768.0,34483.24634,,,Intel
i7i.metal-24xl,us-west-2,usw2-az4,3,,,2.0,9.0605,2.4058,73,i7i,Storage,i,96.0,768.0,34483.24634,,,Intel
i7i.metal-48xl,us-west-2,usw2-az1,3,1.0,1.0,2.5,18.121,5.3851,70,i7i,Storage,i,192.0,1536.0,34471.1149,,,Intel
i7i.metal-48xl,us-west-2,usw2-az2,3,1.0,5.0,2.5,18.121,5.6304,68,i7i,Storage,i,192.0,1536.0,34471.1149,,,Intel
i7i.metal-48xl,us-west-2,usw2-az3,3,5.0,10.0,2.5,18.121,5.3133,70,i7i,Storage,i,192.0,1536.0,34471.1149,,,Intel
i7i.metal-48xl,us-west-2,usw2-az4,3,5.0,,2.5,18.121,4.8817,73,i7i,Storage,i,192.0,1536.0,34471.1149,,,Intel
i7i.xlarge,us-west-2,usw2-az1,3,5.0,10.0,3.0,0.3775,0.1226,67,i7i,Storage,i,4.0,32.0,31967.62784,,,Intel
i7i.xlarge,us-west-2,usw2-az2,3,10.0,15.0,3.0,0.3775,0.1324,64,i7i,Storage,i,4.0,32.0,31967.62784,,,Intel
i7i.xlarge,us-west-2,usw2-az3,3,10.0,15.0,3.0,0.3775,0.1206,68,i7i,Storage,i,4.0,32.0,31967.62784,,,Intel
i7i.xlarge,us-west-2,usw2-az4,3,,,3.0,0.3775,0.1074,71,i7i,Storage,i,4.0,32.0,31967.62784,,,Intel
i7ie.12xlarge,us-west-2,usw2-az1,1,0.0,0.0,1.0,6.2376,2.0746,66,i7ie,Storage,i,48.0,384.0,33642.43291,Intel Xeon Platinum 8559C,Intel Xeon Platinum 8559C,Intel
i7ie.12xlarge,us-west-2,usw2-az2,3,1.0,5.0,1.0,6.2376,2.249,63,i7ie,Storage,i,48.0,384.0,33642.43291,Intel Xeon Platinum 8559C,Intel Xeon Platinum 8559C,Intel
i7ie.12xlarge,us-west-2,usw2-az3,1,0.0,0.0,1.0,6.2376,2.2156,64,i7ie,Storage,i,48.0,384.0,33642.43291,Intel Xeon Platinum 8559C,Intel Xeon Platinum 8559C,Intel
i7ie.18xlarge,us-west-2,usw2-az1,1,0.0,0.0,2.0,9.3564,3.5975,61,i7ie,Storage,i,72.0,576.0,33717.5204,Intel Xeon Platinum 8559C,Intel Xeon Platinum 8559C,Intel
i7ie.18xlarge,us-west-2,usw2-az2,2,0.0,1.0,2.0,9.3564,3.4255,63,i7ie,Storage,i,72.0,576.0,33717.5204,Intel Xeon Platinum 8559C,Intel Xeon Platinum 8559C,Intel
i7ie.18xlarge,us-west-2,usw2-az3,1,0.0,0.0,2.0,9.3564,3.9128,58,i7ie,Storage,i,72.0,576.0,33717.5204,Intel Xeon Platinum 8559C,Intel Xeon Platinum 8559C,Intel
i7ie.24xlarge,us-west-2,usw2-az1,2,0.0,1.0,2.5,12.4752,4.4803,64,i7ie,Storage,i,96.0,768.0,33594.30248,Intel Xeon Platinum 8559C,Intel Xeon Platinum 8559C,Intel
i7ie.24xlarge,us-west-2,usw2-az2,2,0.0,1.0,2.5,12.4752,4.333,65,i7ie,Storage,i,96.0,768.0,33594.30248,Intel Xeon Platinum 8559C,Intel Xeon Platinum 8559C,Intel
i7ie.24xlarge,us-west-2,usw2-az3,2,0.0,1.0,2.5,12.4752,4.1504,66,i7ie,Storage,i,96.0,768.0,33594.30248,Intel Xeon Platinum 8559C,Intel Xeon Platinum 8559C,Intel
i7ie.2xlarge,us-west-2,usw2-az1,1,0.0,0.0,2.5,1.0396,0.3737,64,i7ie,Storage,i,8.0,64.0,33475.81081,Intel Xeon Platinum 8559C,Intel Xeon Platinum 8559C,Intel
i7ie.2xlarge,us-west-2,usw2-az2,3,1.0,5.0,2.5,1.0396,0.4868,53,i7ie,Storage,i,8.0,64.0,33475.81081,Intel Xeon Platinum 8559C,Intel Xeon Platinum 8559C,Intel
i7ie.2xlarge,us-west-2,usw2-az3,3,1.0,1.0,2.5,1.0396,0.3996,61,i7ie,Storage,i,8.0,64.0,33475.81081,Intel Xeon Platinum 8559C,Intel Xeon Platinum 8559C,Intel
i7ie.3xlarge,us-west-2,usw2-az1,3,15.0,20.0,1.5,1.5594,0.6232,60,i7ie,Storage,i,12.0,96.0,33605.76912,Intel Xeon Platinum 8559C,Intel Xeon Platinum 8559C,Intel
i7ie.3xlarge,us-west-2,usw2-az2,3,30.0,45.0,1.5,1.5594,0.5862,62,i7ie,Storage,i,12.0,96.0,33605.76912,Intel Xeon Platinum 8559C,Intel Xeon Platinum 8559C,Intel
i7ie.3xlarge,us-west-2,usw2-az3,3,15.0,20.0,1.5,1.5594,0.7193,53,i7ie,Storage,i,12.0,96.0,33605.76912,Intel Xeon Platinum 8559C,Intel Xeon Platinum 8559C,Intel
i7ie.48xlarge,us-west-2,usw2-az1,1,0.0,0.0,1.5,24.9504,15.394,38,i7ie,Storage,i,192.0,1536.0,33587.98549,Intel Xeon Platinum 8559C,Intel Xeon Platinum 8559C,Intel
i7ie.48xlarge,us-west-2,usw2-az2,1,0.0,0.0,1.5,24.9504,12.703,49,i7ie,Storage,i,192.0,1536.0,33587.98549,Intel Xeon Platinum 8559C,Intel Xeon Platinum 8559C,Intel
i7ie.48xlarge,us-west-2,usw2-az3,1,0.0,0.0,1.5,24.9504,11.7094,53,i7ie,Storage,i,192.0,1536.0,33587.98549,Intel Xeon Platinum 8559C,Intel Xeon Platinum 8559C,Intel
i7ie.6xlarge,us-west-2,usw2-az1,1,0.0,0.0,1.0,3.1188,1.0371,66,i7ie,Storage,i,24.0,192.0,33610.766535799994,Intel Xeon Platinum 8559C,Intel Xeon Platinum 8559C,Intel
i7ie.6xlarge,us-west-2,usw2-az2,3,1.0,1.0,1.0,3.1188,1.8161,41,i7ie,Storage,i,24.0,192.0,33610.766535799994,Intel Xeon Platinum 8559C,Intel Xeon Platinum 8559C,Intel
i7ie.6xlarge,us-west-2,usw2-az3,1,0.0,0.0,1.0,3.1188,1.1714,62,i7ie,Storage,i,24.0,192.0,33610.766535799994,Intel Xeon Platinum 8559C,Intel Xeon Platinum 8559C,Intel
i7ie.large,us-west-2,usw2-az1,1,0.0,0.0,2.0,0.2599,0.0785,69,i7ie,Storage,i,2.0,16.0,33437.67795,Intel Xeon Platinum 8559C,Intel Xeon Platinum 8559C,Intel
i7ie.large,us-west-2,usw2-az2,3,15.0,20.0,2.0,0.2599,0.0903,65,i7ie,Storage,i,2.0,16.0,33437.67795,Intel Xeon Platinum 8559C,Intel Xeon Platinum 8559C,Intel
i7ie.large,us-west-2,usw2-az3,3,15.0,20.0,2.0,0.2599,0.0715,72,i7ie,Storage,i,2.0,16.0,33437.67795,Intel Xeon Platinum 8559C,Intel Xeon Platinum 8559C,Intel
i7ie.metal-24xl,us-west-2,usw2-az1,1,0.0,0.0,1.0,12.4752,3.7628,69,i7ie,Storage,i,96.0,768.0,34477.30511,,,Intel
i7ie.metal-24xl,us-west-2,usw2-az2,2,0.0,1.0,1.0,12.4752,3.1611,74,i7ie,Storage,i,96.0,768.0,34477.30511,,,Intel
i7ie.metal-24xl,us-west-2,usw2-az3,1,0.0,0.0,1.0,12.4752,3.199,74,i7ie,Storage,i,96.0,768.0,34477.30511,,,Intel
i7ie.metal-24xl,us-west-2,usw2-az4,3,,,1.0,12.4752,2.9645,76,i7ie,Storage,i,96.0,768.0,34477.30511,,,Intel
i7ie.metal-48xl,us-west-2,usw2-az1,1,0.0,0.0,2.0,24.9504,7.4866,69,i7ie,Storage,i,192.0,1536.0,34474.20638,,,Intel
i7ie.metal-48xl,us-west-2,usw2-az2,3,1.0,1.0,2.0,24.9504,10.0642,59,i7ie,Storage,i,192.0,1536.0,34474.20638,,,Intel
i7ie.metal-48xl,us-west-2,usw2-az3,1,0.0,0.0,2.0,24.9504,8.2675,66,i7ie,Storage,i,192.0,1536.0,34474.20638,,,Intel
i7ie.metal-48xl,us-west-2,usw2-az4,3,,,2.0,24.9504,6.5933,73,i7ie,Storage,i,192.0,1536.0,34474.20638,,,Intel
i7ie.xlarge,us-west-2,usw2-az1,3,5.0,5.0,3.0,0.5198,0.1908,63,i7ie,Storage,i,4.0,32.0,34025.691704000004,Intel Xeon Platinum 8559C,Intel Xeon Platinum 8559C,Intel
i7ie.xlarge,us-west-2,usw2-az2,3,10.0,15.0,3.0,0.5198,0.1978,61,i7ie,Storage,i,4.0,32.0,34025.691704000004,Intel Xeon Platinum 8559C,Intel Xeon Platinum 8559C,Intel
i7ie.xlarge,us-west-2,usw2-az3,3,5.0,10.0,3.0,0.5198,0.1876,63,i7ie,Storage,i,4.0,32.0,34025.691704000004,Intel Xeon Platinum 8559C,Intel Xeon Platinum 8559C,Intel
i8g.12xlarge,us-west-2,usw2-az1,1,0.0,0.0,1.0,4.1184,3.1321,23,i8g,Storage,i,48.0,384.0,28972.26062,AWS Graviton4 Processor,AWS Graviton4 Processor,AWS
i8g.12xlarge,us-west-2,usw2-az2,1,0.0,0.0,1.0,4.1184,4.1184,0,i8g,Storage,i,48.0,384.0,28972.26062,AWS Graviton4 Processor,AWS Graviton4 Processor,AWS
i8g.12xlarge,us-west-2,usw2-az3,3,1.0,1.0,1.0,4.1184,1.2941,68,i8g,Storage,i,48.0,384.0,28972.26062,AWS Graviton4 Processor,AWS Graviton4 Processor,AWS
i8g.12xlarge,us-west-2,usw2-az4,3,1.0,1.0,1.0,4.1184,1.4384,65,i8g,Storage,i,48.0,384.0,28972.26062,AWS Graviton4 Processor,AWS Graviton4 Processor,AWS
i8g.16xlarge,us-west-2,usw2-az1,1,0.0,0.0,2.5,5.4912,3.5013,36,i8g,Storage,i,64.0,512.0,28982.98773,AWS Graviton4 Processor,AWS Graviton4 Processor,AWS
i8g.16xlarge,us-west-2,usw2-az2,1,0.0,0.0,2.5,5.4912,2.7225,50,i8g,Storage,i,64.0,512.0,28982.98773,AWS Graviton4 Processor,AWS Graviton4 Processor,AWS
i8g.16xlarge,us-west-2,usw2-az3,3,1.0,1.0,2.5,5.4912,2.1005,61,i8g,Storage,i,64.0,512.0,28982.98773,AWS Graviton4 Processor,AWS Graviton4 Processor,AWS
i8g.16xlarge,us-west-2,usw2-az4,3,1.0,1.0,2.5,5.4912,2.09,61,i8g,Storage,i,64.0,512.0,28982.98773,AWS Graviton4 Processor,AWS Graviton4 Processor,AWS
i8g.24xlarge,us-west-2,usw2-az1,1,0.0,0.0,3.0,8.2368,6.2466,24,i8g,Storage,i,96.0,768.0,28986.01158,AWS Graviton4 Processor,AWS Graviton4 Processor,AWS
i8g.24xlarge,us-west-2,usw2-az2,1,0.0,0.0,3.0,8.2368,7.6901,6,i8g,Storage,i,96.0,768.0,28986.01158,AWS Graviton4 Processor,AWS Graviton4 Processor,AWS
i8g.24xlarge,us-west-2,usw2-az3,3,1.0,1.0,3.0,8.2368,2.6699,67,i8g,Storage,i,96.0,768.0,28986.01158,AWS Graviton4 Processor,AWS Graviton4 Processor,AWS
i8g.24xlarge,us-west-2,usw2-az4,3,5.0,10.0,3.0,8.2368,3.0469,63,i8g,Storage,i,96.0,768.0,28986.01158,AWS Graviton4 Processor,AWS Graviton4 Processor,AWS
i8g.2xlarge,us-west-2,usw2-az1,1,0.0,0.0,2.5,0.6864,0.5164,24,i8g,Storage,i,8.0,64.0,28982.48326,AWS Graviton4 Processor,AWS Graviton4 Processor,AWS
i8g.2xlarge,us-west-2,usw2-az2,1,0.0,0.0,2.5,0.6864,0.5503,19,i8g,Storage,i,8.0,64.0,28982.48326,AWS Graviton4 Processor,AWS Graviton4 Processor,AWS
i8g.2xlarge,us-west-2,usw2-az3,3,10.0,15.0,2.5,0.6864,0.2272,66,i8g,Storage,i,8.0,64.0,28982.48326,AWS Graviton4 Processor,AWS Graviton4 Processor,AWS
i8g.2xlarge,us-west-2,usw2-az4,3,10.0,15.0,2.5,0.6864,0.2226,67,i8g,Storage,i,8.0,64.0,28982.48326,AWS Graviton4 Processor,AWS Graviton4 Processor,AWS
i8g.48xlarge,us-west-2,usw2-az1,1,0.0,0.0,3.0,16.4736,10.5907,35,i8g,Storage,i,192.0,1536.0,27930.154380600005,,,AWS
i8g.48xlarge,us-west-2,usw2-az2,1,0.0,0.0,3.0,16.4736,7.7641,52,i8g,Storage,i,192.0,1536.0,27930.154380600005,,,AWS
i8g.48xlarge,us-west-2,usw2-az3,3,10.0,15.0,3.0,16.4736,6.7307,59,i8g,Storage,i,192.0,1536.0,27930.154380600005,,,AWS
i8g.48xlarge,us-west-2,usw2-az4,3,1.0,1.0,3.0,16.4736,6.582,60,i8g,Storage,i,192.0,1536.0,27930.154380600005,,,AWS
i8g.4xlarge,us-west-2,usw2-az1,1,0.0,0.0,2.5,1.3728,1.0223,25,i8g,Storage,i,16.0,128.0,28980.46923,AWS Graviton4 Processor,AWS Graviton4 Processor,AWS
i8g.4xlarge,us-west-2,usw2-az2,1,0.0,0.0,2.5,1.3728,0.8844,35,i8g,Storage,i,16.0,128.0,28980.46923,AWS Graviton4 Processor,AWS Graviton4 Processor,AWS
i8g.4xlarge,us-west-2,usw2-az3,3,5.0,10.0,2.5,1.3728,0.5289,61,i8g,Storage,i,16.0,128.0,28980.46923,AWS Graviton4 Processor,AWS Graviton4 Processor,AWS
i8g.4xlarge,us-west-2,usw2-az4,3,5.0,5.0,2.5,1.3728,0.5165,62,i8g,Storage,i,16.0,128.0,28980.46923,AWS Graviton4 Processor,AWS Graviton4 Processor,AWS
i8g.8xlarge,us-west-2,usw2-az1,1,0.0,0.0,1.5,2.7456,2.1377,22,i8g,Storage,i,32.0,256.0,28983.15535,AWS Graviton4 Processor,AWS Graviton4 Processor,AWS
i8g.8xlarge,us-west-2,usw2-az2,1,0.0,0.0,1.5,2.7456,2.4547,10,i8g,Storage,i,32.0,256.0,28983.15535,AWS Graviton4 Processor,AWS Graviton4 Processor,AWS
i8g.8xlarge,us-west-2,usw2-az3,3,1.0,5.0,1.5,2.7456,1.1012,59,i8g,Storage,i,32.0,256.0,28983.15535,AWS Graviton4 Processor,AWS Graviton4 Processor,AWS
i8g.8xlarge,us-west-2,usw2-az4,3,5.0,5.0,1.5,2.7456,0.9077,66,i8g,Storage,i,32.0,256.0,28983.15535,AWS Graviton4 Processor,AWS Graviton4 Processor,AWS
i8g.large,us-west-2,usw2-az1,3,10.0,20.0,2.5,0.1716,0.1327,22,i8g,Storage,i,2.0,16.0,28980.13208,AWS Graviton4 Processor,AWS Graviton4 Processor,AWS
i8g.large,us-west-2,usw2-az2,3,1.0,1.0,2.5,0.1716,0.1507,12,i8g,Storage,i,2.0,16.0,28980.13208,AWS Graviton4 Processor,AWS Graviton4 Processor,AWS
i8g.large,us-west-2,usw2-az3,3,40.0,50.0,2.5,0.1716,0.0586,65,i8g,Storage,i,2.0,16.0,28980.13208,AWS Graviton4 Processor,AWS Graviton4 Processor,AWS
i8g.large,us-west-2,usw2-az4,3,50.0,50.0,2.5,0.1716,0.0499,70,i8g,Storage,i,2.0,16.0,28980.13208,AWS Graviton4 Processor,AWS Graviton4 Processor,AWS
i8g.metal-24xl,us-west-2,usw2-az1,1,0.0,0.0,2.5,8.2368,4.5346,44,i8g,Storage,i,96.0,768.0,29036.17469,,,AWS
i8g.metal-24xl,us-west-2,usw2-az2,1,0.0,0.0,2.5,8.2368,8.2368,0,i8g,Storage,i,96.0,768.0,29036.17469,,,AWS
i8g.metal-24xl,us-west-2,usw2-az3,3,1.0,1.0,2.5,8.2368,2.755,66,i8g,Storage,i,96.0,768.0,29036.17469,,,AWS
i8g.metal-24xl,us-west-2,usw2-az4,3,1.0,1.0,2.5,8.2368,2.159,73,i8g,Storage,i,96.0,768.0,29036.17469,,,AWS
i8g.xlarge,us-west-2,usw2-az1,2,0.0,1.0,2.5,0.3432,0.2394,30,i8g,Storage,i,4.0,32.0,28888.66295,AWS Graviton4 Processor,AWS Graviton4 Processor,AWS
i8g.xlarge,us-west-2,usw2-az2,1,0.0,0.0,2.5,0.3432,0.3273,4,i8g,Storage,i,4.0,32.0,28888.66295,AWS Graviton4 Processor,AWS Graviton4 Processor,AWS
i8g.xlarge,us-west-2,usw2-az3,3,20.0,30.0,2.5,0.3432,0.1139,66,i8g,Storage,i,4.0,32.0,28888.66295,AWS Graviton4 Processor,AWS Graviton4 Processor,AWS
i8g.xlarge,us-west-2,usw2-az4,3,25.0,40.0,2.5,0.3432,0.1084,68,i8g,Storage,i,4.0,32.0,28888.66295,AWS Graviton4 Processor,AWS Graviton4 Processor,AWS
im4gn.16xlarge,us-west-2,usw2-az1,1,0.0,0.0,3.0,5.82067,1.9605,66,im4gn,Storage,im,64.0,256.0,19336.1335,AWS Graviton2 Processor,Neoverse-N1,AWS
im4gn.16xlarge,us-west-2,usw2-az2,1,0.0,0.0,3.0,5.82067,2.0211,65,im4gn,Storage,im,64.0,256.0,19336.1335,AWS Graviton2 Processor,Neoverse-N1,AWS
im4gn.16xlarge,us-west-2,usw2-az3,1,0.0,0.0,3.0,5.82067,1.9792,65,im4gn,Storage,im,64.0,256.0,19336.1335,AWS Graviton2 Processor,Neoverse-N1,AWS
im4gn.2xlarge,us-west-2,usw2-az1,3,1.0,1.0,2.5,0.72758,0.2484,65,im4gn,Storage,im,8.0,32.0,19336.1335,AWS Graviton2 Processor,Neoverse-N1,AWS
im4gn.2xlarge,us-west-2,usw2-az2,1,0.0,0.0,2.5,0.72758,0.2251,69,im4gn,Storage,im,8.0,32.0,19336.1335,AWS Graviton2 Processor,Neoverse-N1,AWS
im4gn.2xlarge,us-west-2,usw2-az3,3,1.0,1.0,2.5,0.72758,0.2287,68,im4gn,Storage,im,8.0,32.0,19336.1335,AWS Graviton2 Processor,Neoverse-N1,AWS
im4gn.4xlarge,us-west-2,usw2-az1,3,1.0,1.0,1.0,1.45517,0.4852,66,im4gn,Storage,im,16.0,64.0,19336.1335,AWS Graviton2 Processor,Neoverse-N1,AWS
im4gn.4xlarge,us-west-2,usw2-az2,3,1.0,1.0,1.0,1.45517,0.5037,65,im4gn,Storage,im,16.0,64.0,19336.1335,AWS Graviton2 Processor,Neoverse-N1,AWS
im4gn.4xlarge,us-west-2,usw2-az3,3,1.0,1.0,1.0,1.45517,0.485,66,im4gn,Storage,im,16.0,64.0,19336.1335,AWS Graviton2 Processor,Neoverse-N1,AWS
im4gn.8xlarge,us-west-2,usw2-az1,1,0.0,0.0,3.0,2.91034,1.1826,59,im4gn,Storage,im,32.0,128.0,19336.1335,AWS Graviton2 Processor,Neoverse-N1,AWS
im4gn.8xlarge,us-west-2,usw2-az2,1,0.0,0.0,3.0,2.91034,1.3537,53,im4gn,Storage,im,32.0,128.0,19336.1335,AWS Graviton2 Processor,Neoverse-N1,AWS
im4gn.8xlarge,us-west-2,usw2-az3,1,0.0,0.0,3.0,2.91034,1.1533,60,im4gn,Storage,im,32.0,128.0,19336.1335,AWS Graviton2 Processor,Neoverse-N1,AWS
im4gn.large,us-west-2,usw2-az1,1,0.0,0.0,2.5,0.1819,0.0614,66,im4gn,Storage,im,2.0,8.0,19336.1335,AWS Graviton2 Processor,Neoverse-N1,AWS
im4gn.large,us-west-2,usw2-az2,3,1.0,1.0,2.5,0.1819,0.0578,68,im4gn,Storage,im,2.0,8.0,19336.1335,AWS Graviton2 Processor,Neoverse-N1,AWS
im4gn.large,us-west-2,usw2-az3,3,5.0,10.0,2.5,0.1819,0.061,66,im4gn,Storage,im,2.0,8.0,19336.1335,AWS Graviton2 Processor,Neoverse-N1,AWS
im4gn.xlarge,us-west-2,usw2-az1,1,0.0,0.0,1.5,0.36379,0.117,67,im4gn,Storage,im,4.0,16.0,19336.1335,AWS Graviton2 Processor,Neoverse-N1,AWS
im4gn.xlarge,us-west-2,usw2-az2,3,1.0,1.0,1.5,0.36379,0.1142,68,im4gn,Storage,im,4.0,16.0,19336.1335,AWS Graviton2 Processor,Neoverse-N1,AWS
im4gn.xlarge,us-west-2,usw2-az3,3,25.0,35.0,1.5,0.36379,0.1303,64,im4gn,Storage,im,4.0,16.0,19336.1335,AWS Graviton2 Processor,Neoverse-N1,AWS
inf1.24xlarge,us-west-2,usw2-az1,3,1.0,1.0,1.0,4.721,1.6225,65,inf1,AC,inf,96.0,192.0,28252.2637,Intel(R) Xeon(R) Platinum 8275CL CPU @ 3.00GHz,Intel(R) Xeon(R) Platinum 8275CL CPU @ 3.00GHz,Intel
inf1.24xlarge,us-west-2,usw2-az2,2,0.0,1.0,1.0,4.721,1.6032,66,inf1,AC,inf,96.0,192.0,28252.2637,Intel(R) Xeon(R) Platinum 8275CL CPU @ 3.00GHz,Intel(R) Xeon(R) Platinum 8275CL CPU @ 3.00GHz,Intel
inf1.24xlarge,us-west-2,usw2-az3,1,0.0,0.0,1.0,4.721,1.4377,69,inf1,AC,inf,96.0,192.0,28252.2637,Intel(R) Xeon(R) Platinum 8275CL CPU @ 3.00GHz,Intel(R) Xeon(R) Platinum 8275CL CPU @ 3.00GHz,Intel
inf1.24xlarge,us-west-2,usw2-az4,3,5.0,5.0,1.0,4.721,1.4622,69,inf1,AC,inf,96.0,192.0,28252.2637,Intel(R) Xeon(R) Platinum 8275CL CPU @ 3.00GHz,Intel(R) Xeon(R) Platinum 8275CL CPU @ 3.00GHz,Intel
inf1.2xlarge,us-west-2,usw2-az1,3,30.0,50.0,1.0,0.362,0.1226,66,inf1,AC,inf,8.0,16.0,28252.2637,Intel(R) Xeon(R) Platinum 8275CL CPU @ 3.00GHz,Intel(R) Xeon(R) Platinum 8275CL CPU @ 3.00GHz,Intel
inf1.2xlarge,us-west-2,usw2-az2,3,20.0,35.0,1.0,0.362,0.1127,68,inf1,AC,inf,8.0,16.0,28252.2637,Intel(R) Xeon(R) Platinum 8275CL CPU @ 3.00GHz,Intel(R) Xeon(R) Platinum 8275CL CPU @ 3.00GHz,Intel
inf1.2xlarge,us-west-2,usw2-az3,3,10.0,15.0,1.0,0.362,0.1124,68,inf1,AC,inf,8.0,16.0,28252.2637,Intel(R) Xeon(R) Platinum 8275CL CPU @ 3.00GHz,Intel(R) Xeon(R) Platinum 8275CL CPU @ 3.00GHz,Intel
inf1.2xlarge,us-west-2,usw2-az4,3,5.0,10.0,1.0,0.362,0.1234,65,inf1,AC,inf,8.0,16.0,28252.2637,Intel(R) Xeon(R) Platinum 8275CL CPU @ 3.00GHz,Intel(R) Xeon(R) Platinum 8275CL CPU @ 3.00GHz,Intel
inf1.6xlarge,us-west-2,usw2-az1,3,1.0,1.0,1.0,1.18,0.4059,65,inf1,AC,inf,24.0,48.0,28252.2637,Intel(R) Xeon(R) Platinum 8275CL CPU @ 3.00GHz,Intel(R) Xeon(R) Platinum 8275CL CPU @ 3.00GHz,Intel
inf1.6xlarge,us-west-2,usw2-az2,3,1.0,1.0,1.0,1.18,0.3829,67,inf1,AC,inf,24.0,48.0,28252.2637,Intel(R) Xeon(R) Platinum 8275CL CPU @ 3.00GHz,Intel(R) Xeon(R) Platinum 8275CL CPU @ 3.00GHz,Intel
inf1.6xlarge,us-west-2,usw2-az3,3,1.0,1.0,1.0,1.18,0.3687,68,inf1,AC,inf,24.0,48.0,28252.2637,Intel(R) Xeon(R) Platinum 8275CL CPU @ 3.00GHz,Intel(R) Xeon(R) Platinum 8275CL CPU @ 3.00GHz,Intel
inf1.6xlarge,us-west-2,usw2-az4,3,5.0,10.0,1.0,1.18,0.3913,66,inf1,AC,inf,24.0,48.0,28252.2637,Intel(R) Xeon(R) Platinum 8275CL CPU @ 3.00GHz,Intel(R) Xeon(R) Platinum 8275CL CPU @ 3.00GHz,Intel
inf1.xlarge,us-west-2,usw2-az1,3,40.0,50.0,1.0,0.228,0.0725,68,inf1,AC,inf,4.0,8.0,28252.2637,Intel(R) Xeon(R) Platinum 8275CL CPU @ 3.00GHz,Intel(R) Xeon(R) Platinum 8275CL CPU @ 3.00GHz,Intel
inf1.xlarge,us-west-2,usw2-az2,3,50.0,50.0,1.0,0.228,0.0728,68,inf1,AC,inf,4.0,8.0,28252.2637,Intel(R) Xeon(R) Platinum 8275CL CPU @ 3.00GHz,Intel(R) Xeon(R) Platinum 8275CL CPU @ 3.00GHz,Intel
inf1.xlarge,us-west-2,usw2-az3,3,25.0,40.0,1.0,0.228,0.0783,65,inf1,AC,inf,4.0,8.0,28252.2637,Intel(R) Xeon(R) Platinum 8275CL CPU @ 3.00GHz,Intel(R) Xeon(R) Platinum 8275CL CPU @ 3.00GHz,Intel
inf1.xlarge,us-west-2,usw2-az4,3,15.0,25.0,1.0,0.228,0.0718,68,inf1,AC,inf,4.0,8.0,28252.2637,Intel(R) Xeon(R) Platinum 8275CL CPU @ 3.00GHz,Intel(R) Xeon(R) Platinum 8275CL CPU @ 3.00GHz,Intel
inf2.24xlarge,us-west-2,usw2-az1,3,5.0,5.0,2.5,6.49063,2.1422,66,inf2,AC,inf,96.0,384.0,33539.1601,AMD EPYC 7R13 Processor,AMD EPYC 7R13,AuthenticAMD
inf2.24xlarge,us-west-2,usw2-az2,3,1.0,5.0,2.5,6.49063,2.167,66,inf2,AC,inf,96.0,384.0,33539.1601,AMD EPYC 7R13 Processor,AMD EPYC 7R13,AuthenticAMD
inf2.24xlarge,us-west-2,usw2-az3,3,10.0,15.0,2.5,6.49063,2.1183,67,inf2,AC,inf,96.0,384.0,33539.1601,AMD EPYC 7R13 Processor,AMD EPYC 7R13,AuthenticAMD
inf2.24xlarge,us-west-2,usw2-az4,3,1.0,1.0,2.5,6.49063,2.1404,67,inf2,AC,inf,96.0,384.0,33539.1601,AMD EPYC 7R13 Processor,AMD EPYC 7R13,AuthenticAMD
inf2.48xlarge,us-west-2,usw2-az1,3,15.0,25.0,3.0,12.98127,3.8437,70,inf2,AC,inf,192.0,768.0,33539.1601,AMD EPYC 7R13 Processor,AMD EPYC 7R13,AuthenticAMD
inf2.48xlarge,us-west-2,usw2-az2,3,10.0,20.0,3.0,12.98127,3.7526,71,inf2,AC,inf,192.0,768.0,33539.1601,AMD EPYC 7R13 Processor,AMD EPYC 7R13,AuthenticAMD
inf2.48xlarge,us-west-2,usw2-az3,3,50.0,50.0,3.0,12.98127,3.7048,71,inf2,AC,inf,192.0,768.0,33539.1601,AMD EPYC 7R13 Processor,AMD EPYC 7R13,AuthenticAMD
inf2.48xlarge,us-west-2,usw2-az4,3,35.0,50.0,3.0,12.98127,4.0431,68,inf2,AC,inf,192.0,768.0,33539.1601,AMD EPYC 7R13 Processor,AMD EPYC 7R13,AuthenticAMD
inf2.8xlarge,us-west-2,usw2-az1,3,1.0,5.0,3.0,1.96786,0.6665,66,inf2,AC,inf,32.0,128.0,33539.1601,AMD EPYC 7R13 Processor,AMD EPYC 7R13,AuthenticAMD
inf2.8xlarge,us-west-2,usw2-az2,3,1.0,1.0,3.0,1.96786,0.665,66,inf2,AC,inf,32.0,128.0,33539.1601,AMD EPYC 7R13 Processor,AMD EPYC 7R13,AuthenticAMD
inf2.8xlarge,us-west-2,usw2-az3,3,10.0,15.0,3.0,1.96786,0.6569,66,inf2,AC,inf,32.0,128.0,33539.1601,AMD EPYC 7R13 Processor,AMD EPYC 7R13,AuthenticAMD
inf2.8xlarge,us-west-2,usw2-az4,3,5.0,10.0,3.0,1.96786,0.6726,65,inf2,AC,inf,32.0,128.0,33539.1601,AMD EPYC 7R13 Processor,AMD EPYC 7R13,AuthenticAMD
inf2.xlarge,us-west-2,usw2-az1,3,50.0,50.0,3.0,0.7582,0.2432,67,inf2,AC,inf,4.0,16.0,33539.1601,AMD EPYC 7R13 Processor,AMD EPYC 7R13,AuthenticAMD
inf2.xlarge,us-west-2,usw2-az2,3,45.0,50.0,3.0,0.7582,0.2415,68,inf2,AC,inf,4.0,16.0,33539.1601,AMD EPYC 7R13 Processor,AMD EPYC 7R13,AuthenticAMD
inf2.xlarge,us-west-2,usw2-az3,3,50.0,50.0,3.0,0.7582,0.2321,69,inf2,AC,inf,4.0,16.0,33539.1601,AMD EPYC 7R13 Processor,AMD EPYC 7R13,AuthenticAMD
inf2.xlarge,us-west-2,usw2-az4,3,15.0,20.0,3.0,0.7582,0.2293,69,inf2,AC,inf,4.0,16.0,33539.1601,AMD EPYC 7R13 Processor,AMD EPYC 7R13,AuthenticAMD
is4gen.2xlarge,us-west-2,usw2-az1,1,0.0,0.0,1.0,1.1526,0.4299,62,is4gen,Storage,is,8.0,48.0,19336.1335,AWS Graviton2 Processor,Neoverse-N1,AWS
is4gen.2xlarge,us-west-2,usw2-az2,3,1.0,1.0,1.0,1.1526,0.4152,63,is4gen,Storage,is,8.0,48.0,19336.1335,AWS Graviton2 Processor,Neoverse-N1,AWS
is4gen.2xlarge,us-west-2,usw2-az3,1,0.0,0.0,1.0,1.1526,0.333,71,is4gen,Storage,is,8.0,48.0,19336.1335,AWS Graviton2 Processor,Neoverse-N1,AWS
is4gen.4xlarge,us-west-2,usw2-az1,1,0.0,0.0,2.5,2.3052,0.7277,68,is4gen,Storage,is,16.0,96.0,19336.1335,AWS Graviton2 Processor,Neoverse-N1,AWS
is4gen.4xlarge,us-west-2,usw2-az2,3,5.0,10.0,2.5,2.3052,0.8966,61,is4gen,Storage,is,16.0,96.0,19336.1335,AWS Graviton2 Processor,Neoverse-N1,AWS
is4gen.4xlarge,us-west-2,usw2-az3,3,10.0,15.0,2.5,2.3052,0.8306,63,is4gen,Storage,is,16.0,96.0,19336.1335,AWS Graviton2 Processor,Neoverse-N1,AWS
is4gen.8xlarge,us-west-2,usw2-az1,1,0.0,0.0,1.0,4.6104,3.6948,19,is4gen,Storage,is,32.0,192.0,19336.1335,AWS Graviton2 Processor,Neoverse-N1,AWS
is4gen.8xlarge,us-west-2,usw2-az2,1,0.0,0.0,1.0,4.6104,1.4481,68,is4gen,Storage,is,32.0,192.0,19336.1335,AWS Graviton2 Processor,Neoverse-N1,AWS
is4gen.8xlarge,us-west-2,usw2-az3,1,0.0,0.0,1.0,4.6104,1.5491,66,is4gen,Storage,is,32.0,192.0,19336.1335,AWS Graviton2 Processor,Neoverse-N1,AWS
is4gen.large,us-west-2,usw2-az1,3,5.0,10.0,3.0,0.28815,0.0887,69,is4gen,Storage,is,2.0,12.0,19336.1335,AWS Graviton2 Processor,Neoverse-N1,AWS
is4gen.large,us-west-2,usw2-az2,3,1.0,5.0,3.0,0.28815,0.1045,63,is4gen,Storage,is,2.0,12.0,19336.1335,AWS Graviton2 Processor,Neoverse-N1,AWS
is4gen.large,us-west-2,usw2-az3,3,1.0,5.0,3.0,0.28815,0.097,66,is4gen,Storage,is,2.0,12.0,19336.1335,AWS Graviton2 Processor,Neoverse-N1,AWS
is4gen.medium,us-west-2,usw2-az1,1,0.0,0.0,2.5,0.14408,0.1441,0,is4gen,Storage,is,1.0,6.0,19336.1335,AWS Graviton2 Processor,Neoverse-N1,AWS
is4gen.medium,us-west-2,usw2-az2,3,5.0,10.0,2.5,0.14408,0.0477,66,is4gen,Storage,is,1.0,6.0,19336.1335,AWS Graviton2 Processor,Neoverse-N1,AWS
is4gen.medium,us-west-2,usw2-az3,1,0.0,0.0,2.5,0.14408,0.0481,66,is4gen,Storage,is,1.0,6.0,19336.1335,AWS Graviton2 Processor,Neoverse-N1,AWS
is4gen.xlarge,us-west-2,usw2-az1,3,5.0,10.0,2.0,0.5763,0.1882,67,is4gen,Storage,is,4.0,24.0,19336.1335,AWS Graviton2 Processor,Neoverse-N1,AWS
is4gen.xlarge,us-west-2,usw2-az2,3,5.0,5.0,2.0,0.5763,0.199,65,is4gen,Storage,is,4.0,24.0,19336.1335,AWS Graviton2 Processor,Neoverse-N1,AWS
is4gen.xlarge,us-west-2,usw2-az3,3,10.0,15.0,2.0,0.5763,0.19,67,is4gen,Storage,is,4.0,24.0,19336.1335,AWS Graviton2 Processor,Neoverse-N1,AWS
m5.12xlarge,us-west-2,usw2-az1,3,1.0,5.0,1.0,2.304,0.7753,66,m5,General,m,48.0,192.0,23311.874026,Intel(R) Xeon(R) Platinum 8259CL CPU @ 2.50GHz,Intel(R) Xeon(R) Platinum 8259CL CPU @ 2.50GHz,Intel
m5.12xlarge,us-west-2,usw2-az2,3,1.0,5.0,1.0,2.304,0.7711,66,m5,General,m,48.0,192.0,23311.874026,Intel(R) Xeon(R) Platinum 8259CL CPU @ 2.50GHz,Intel(R) Xeon(R) Platinum 8259CL CPU @ 2.50GHz,Intel
m5.12xlarge,us-west-2,usw2-az3,1,0.0,0.0,1.0,2.304,0.7615,66,m5,General,m,48.0,192.0,23311.874026,Intel(R) Xeon(R) Platinum 8259CL CPU @ 2.50GHz,Intel(R) Xeon(R) Platinum 8259CL CPU @ 2.50GHz,Intel
m5.12xlarge,us-west-2,usw2-az4,3,1.0,1.0,1.0,2.304,0.7383,67,m5,General,m,48.0,192.0,23311.874026,Intel(R) Xeon(R) Platinum 8259CL CPU @ 2.50GHz,Intel(R) Xeon(R) Platinum 8259CL CPU @ 2.50GHz,Intel
m5.16xlarge,us-west-2,usw2-az1,3,10.0,15.0,1.0,3.072,1.0418,66,m5,General,m,64.0,256.0,21558.32553,Intel(R) Xeon(R) Platinum 8175M CPU @ 2.50GHz,Intel(R) Xeon(R) Platinum 8175M CPU @ 2.50GHz,Intel
m5.16xlarge,us-west-2,usw2-az2,3,1.0,1.0,1.0,3.072,1.3306,56,m5,General,m,64.0,256.0,21558.32553,Intel(R) Xeon(R) Platinum 8175M CPU @ 2.50GHz,Intel(R) Xeon(R) Platinum 8175M CPU @ 2.50GHz,Intel
m5.16xlarge,us-west-2,usw2-az3,3,1.0,5.0,1.0,3.072,1.2219,60,m5,General,m,64.0,256.0,21558.32553,Intel(R) Xeon(R) Platinum 8175M CPU @ 2.50GHz,Intel(R) Xeon(R) Platinum 8175M CPU @ 2.50GHz,Intel
m5.16xlarge,us-west-2,usw2-az4,3,1.0,1.0,1.0,3.072,1.5008,51,m5,General,m,64.0,256.0,21558.32553,Intel(R) Xeon(R) Platinum 8175M CPU @ 2.50GHz,Intel(R) Xeon(R) Platinum 8175M CPU @ 2.50GHz,Intel
m5.24xlarge,us-west-2,usw2-az1,1,0.0,0.0,1.0,4.608,1.8428,60,m5,General,m,96.0,384.0,25031.0445634,Intel(R) Xeon(R) Platinum 8259CL CPU @ 2.50GHz,Intel(R) Xeon(R) Platinum 8259CL CPU @ 2.50GHz,Intel
m5.24xlarge,us-west-2,usw2-az2,1,0.0,0.0,1.0,4.608,1.9912,56,m5,General,m,96.0,384.0,25031.0445634,Intel(R) Xeon(R) Platinum 8259CL CPU @ 2.50GHz,Intel(R) Xeon(R) Platinum 8259CL CPU @ 2.50GHz,Intel
m5.24xlarge,us-west-2,usw2-az3,1,0.0,0.0,1.0,4.608,1.6884,63,m5,General,m,96.0,384.0,25031.0445634,Intel(R) Xeon(R) Platinum 8259CL CPU @ 2.50GHz,Intel(R) Xeon(R) Platinum 8259CL CPU @ 2.50GHz,Intel
m5.24xlarge,us-west-2,usw2-az4,1,0.0,0.0,1.0,4.608,1.5923,65,m5,General,m,96.0,384.0,25031.0445634,Intel(R) Xeon(R) Platinum 8259CL CPU @ 2.50GHz,Intel(R) Xeon(R) Platinum 8259CL CPU @ 2.50GHz,Intel
m5.2xlarge,us-west-2,usw2-az1,3,50.0,50.0,1.5,0.384,0.1532,60,m5,General,m,8.0,32.0,21529.19497,Intel(R) Xeon(R) Platinum 8175M CPU @ 2.50GHz,Intel(R) Xeon(R) Platinum 8175M CPU @ 2.50GHz,Intel
m5.2xlarge,us-west-2,usw2-az2,3,50.0,50.0,1.5,0.384,0.1494,61,m5,General,m,8.0,32.0,21529.19497,Intel(R) Xeon(R) Platinum 8175M CPU @ 2.50GHz,Intel(R) Xeon(R) Platinum 8175M CPU @ 2.50GHz,Intel
m5.2xlarge,us-west-2,usw2-az3,3,50.0,50.0,1.5,0.384,0.1532,60,m5,General,m,8.0,32.0,21529.19497,Intel(R) Xeon(R) Platinum 8175M CPU @ 2.50GHz,Intel(R) Xeon(R) Platinum 8175M CPU @ 2.50GHz,Intel
m5.2xlarge,us-west-2,usw2-az4,3,5.0,10.0,1.5,0.384,0.1638,57,m5,General,m,8.0,32.0,21529.19497,Intel(R) Xeon(R) Platinum 8175M CPU @ 2.50GHz,Intel(R) Xeon(R) Platinum 8175M CPU @ 2.50GHz,Intel
m5.4xlarge,us-west-2,usw2-az1,3,50.0,50.0,1.0,0.768,0.3404,55,m5,General,m,16.0,64.0,22261.6066,Intel(R) Xeon(R) Platinum 8259CL CPU @ 2.50GHz,Intel(R) Xeon(R) Platinum 8259CL CPU @ 2.50GHz,Intel
m5.4xlarge,us-west-2,usw2-az2,3,50.0,50.0,1.0,0.768,0.3349,56,m5,General,m,16.0,64.0,22261.6066,Intel(R) Xeon(R) Platinum 8259CL CPU @ 2.50GHz,Intel(R) Xeon(R) Platinum 8259CL CPU @ 2.50GHz,Intel
m5.4xlarge,us-west-2,usw2-az3,3,50.0,50.0,1.0,0.768,0.3146,59,m5,General,m,16.0,64.0,22261.6066,Intel(R) Xeon(R) Platinum 8259CL CPU @ 2.50GHz,Intel(R) Xeon(R) Platinum 8259CL CPU @ 2.50GHz,Intel
m5.4xlarge,us-west-2,usw2-az4,3,5.0,15.0,1.0,0.768,0.3089,59,m5,General,m,16.0,64.0,22261.6066,Intel(R) Xeon(R) Platinum 8259CL CPU @ 2.50GHz,Intel(R) Xeon(R) Platinum 8259CL CPU @ 2.50GHz,Intel
m5.8xlarge,us-west-2,usw2-az1,3,50.0,50.0,1.0,1.536,0.5079,66,m5,General,m,32.0,128.0,21539.21191,Intel(R) Xeon(R) Platinum 8259CL CPU @ 2.50GHz,Intel(R) Xeon(R) Platinum 8259CL CPU @ 2.50GHz,Intel
m5.8xlarge,us-west-2,usw2-az2,3,50.0,50.0,1.0,1.536,0.5598,63,m5,General,m,32.0,128.0,21539.21191,Intel(R) Xeon(R) Platinum 8259CL CPU @ 2.50GHz,Intel(R) Xeon(R) Platinum 8259CL CPU @ 2.50GHz,Intel
m5.8xlarge,us-west-2,usw2-az3,3,30.0,45.0,1.0,1.536,0.5387,64,m5,General,m,32.0,128.0,21539.21191,Intel(R) Xeon(R) Platinum 8259CL CPU @ 2.50GHz,Intel(R) Xeon(R) Platinum 8259CL CPU @ 2.50GHz,Intel
m5.8xlarge,us-west-2,usw2-az4,3,5.0,5.0,1.0,1.536,0.5046,67,m5,General,m,32.0,128.0,21539.21191,Intel(R) Xeon(R) Platinum 8259CL CPU @ 2.50GHz,Intel(R) Xeon(R) Platinum 8259CL CPU @ 2.50GHz,Intel
m5.large,us-west-2,usw2-az1,3,50.0,50.0,2.0,0.096,0.0379,60,m5,General,m,2.0,8.0,21487.91459,Intel(R) Xeon(R) Platinum 8175M CPU @ 2.50GHz,Intel(R) Xeon(R) Platinum 8175M CPU @ 2.50GHz,Intel
m5.large,us-west-2,usw2-az2,3,50.0,50.0,2.0,0.096,0.0391,59,m5,General,m,2.0,8.0,21487.91459,Intel(R) Xeon(R) Platinum 8175M CPU @ 2.50GHz,Intel(R) Xeon(R) Platinum 8175M CPU @ 2.50GHz,Intel
m5.large,us-west-2,usw2-az3,3,50.0,50.0,2.0,0.096,0.0336,65,m5,General,m,2.0,8.0,21487.91459,Intel(R) Xeon(R) Platinum 8175M CPU @ 2.50GHz,Intel(R) Xeon(R) Platinum 8175M CPU @ 2.50GHz,Intel
m5.large,us-west-2,usw2-az4,3,50.0,50.0,2.0,0.096,0.0379,60,m5,General,m,2.0,8.0,21487.91459,Intel(R) Xeon(R) Platinum 8175M CPU @ 2.50GHz,Intel(R) Xeon(R) Platinum 8175M CPU @ 2.50GHz,Intel
m5.xlarge,us-west-2,usw2-az1,3,50.0,50.0,1.0,0.192,0.0693,63,m5,General,m,4.0,16.0,21534.0399352,Intel(R) Xeon(R) Platinum 8259CL CPU @ 2.50GHz,Intel(R) Xeon(R) Platinum 8259CL CPU @ 2.50GHz,Intel
m5.xlarge,us-west-2,usw2-az2,3,50.0,50.0,1.0,0.192,0.0732,61,m5,General,m,4.0,16.0,21534.0399352,Intel(R) Xeon(R) Platinum 8259CL CPU @ 2.50GHz,Intel(R) Xeon(R) Platinum 8259CL CPU @ 2.50GHz,Intel
m5.xlarge,us-west-2,usw2-az3,3,50.0,50.0,1.0,0.192,0.0614,68,m5,General,m,4.0,16.0,21534.0399352,Intel(R) Xeon(R) Platinum 8259CL CPU @ 2.50GHz,Intel(R) Xeon(R) Platinum 8259CL CPU @ 2.50GHz,Intel
m5.xlarge,us-west-2,usw2-az4,3,50.0,50.0,1.0,0.192,0.0682,64,m5,General,m,4.0,16.0,21534.0399352,Intel(R) Xeon(R) Platinum 8259CL CPU @ 2.50GHz,Intel(R) Xeon(R) Platinum 8259CL CPU @ 2.50GHz,Intel
m5a.12xlarge,us-west-2,usw2-az1,3,1.0,1.0,1.0,2.064,0.809,60,m5a,General,m,48.0,192.0,17001.2902464,AMD EPYC 7571,AMD EPYC 7571,AuthenticAMD
m5a.12xlarge,us-west-2,usw2-az2,3,1.0,1.0,1.0,2.064,0.9201,55,m5a,General,m,48.0,192.0,17001.2902464,AMD EPYC 7571,AMD EPYC 7571,AuthenticAMD
m5a.12xlarge,us-west-2,usw2-az3,3,1.0,1.0,1.0,2.064,0.829,59,m5a,General,m,48.0,192.0,17001.2902464,AMD EPYC 7571,AMD EPYC 7571,AuthenticAMD
m5a.12xlarge,us-west-2,usw2-az4,1,0.0,0.0,1.0,2.064,0.8214,60,m5a,General,m,48.0,192.0,17001.2902464,AMD EPYC 7571,AMD EPYC 7571,AuthenticAMD
m5a.16xlarge,us-west-2,usw2-az1,3,1.0,1.0,1.0,2.752,0.9682,64,m5a,General,m,64.0,256.0,17008.674469999998,AMD EPYC 7571,AMD EPYC 7571,AuthenticAMD
m5a.16xlarge,us-west-2,usw2-az2,3,1.0,5.0,1.0,2.752,1.1925,56,m5a,General,m,64.0,256.0,17008.674469999998,AMD EPYC 7571,AMD EPYC 7571,AuthenticAMD
m5a.16xlarge,us-west-2,usw2-az3,3,1.0,1.0,1.0,2.752,0.9627,65,m5a,General,m,64.0,256.0,17008.674469999998,AMD EPYC 7571,AMD EPYC 7571,AuthenticAMD
m5a.16xlarge,us-west-2,usw2-az4,1,0.0,0.0,1.0,2.752,1.4003,49,m5a,General,m,64.0,256.0,17008.674469999998,AMD EPYC 7571,AMD EPYC 7571,AuthenticAMD
m5a.24xlarge,us-west-2,usw2-az1,3,1.0,1.0,1.0,4.128,1.6843,59,m5a,General,m,96.0,384.0,16996.180620000003,AMD EPYC 7571,AMD EPYC 7571,AuthenticAMD
m5a.24xlarge,us-west-2,usw2-az2,3,5.0,5.0,1.0,4.128,1.7514,57,m5a,General,m,96.0,384.0,16996.180620000003,AMD EPYC 7571,AMD EPYC 7571,AuthenticAMD
m5a.24xlarge,us-west-2,usw2-az3,3,1.0,1.0,1.0,4.128,1.7317,58,m5a,General,m,96.0,384.0,16996.180620000003,AMD EPYC 7571,AMD EPYC 7571,AuthenticAMD
m5a.24xlarge,us-west-2,usw2-az4,1,0.0,0.0,1.0,4.128,1.7036,58,m5a,General,m,96.0,384.0,16996.180620000003,AMD EPYC 7571,AMD EPYC 7571,AuthenticAMD
m5a.2xlarge,us-west-2,usw2-az1,3,20.0,30.0,1.0,0.344,0.135,60,m5a,General,m,8.0,32.0,17008.0334594,AMD EPYC 7571,AMD EPYC 7571,AuthenticAMD
m5a.2xlarge,us-west-2,usw2-az2,3,30.0,40.0,1.0,0.344,0.1451,57,m5a,General,m,8.0,32.0,17008.0334594,AMD EPYC 7571,AMD EPYC 7571,AuthenticAMD
m5a.2xlarge,us-west-2,usw2-az3,3,20.0,30.0,1.0,0.344,0.1418,58,m5a,General,m,8.0,32.0,17008.0334594,AMD EPYC 7571,AMD EPYC 7571,AuthenticAMD
m5a.2xlarge,us-west-2,usw2-az4,3,5.0,10.0,1.0,0.344,0.1863,45,m5a,General,m,8.0,32.0,17008.0334594,AMD EPYC 7571,AMD EPYC 7571,AuthenticAMD
m5a.4xlarge,us-west-2,usw2-az1,3,35.0,50.0,1.0,0.688,0.3403,50,m5a,General,m,16.0,64.0,16992.7742506,AMD EPYC 7571,AMD EPYC 7571,AuthenticAMD
m5a.4xlarge,us-west-2,usw2-az2,3,35.0,50.0,1.0,0.688,0.3315,51,m5a,General,m,16.0,64.0,16992.7742506,AMD EPYC 7571,AMD EPYC 7571,AuthenticAMD
m5a.4xlarge,us-west-2,usw2-az3,3,10.0,10.0,1.0,0.688,0.3234,52,m5a,General,m,16.0,64.0,16992.7742506,AMD EPYC 7571,AMD EPYC 7571,AuthenticAMD
m5a.4xlarge,us-west-2,usw2-az4,3,1.0,1.0,1.0,0.688,0.3594,47,m5a,General,m,16.0,64.0,16992.7742506,AMD EPYC 7571,AMD EPYC 7571,AuthenticAMD
m5a.8xlarge,us-west-2,usw2-az1,3,5.0,10.0,1.0,1.376,0.5798,57,m5a,General,m,32.0,128.0,16986.5410094,AMD EPYC 7571,AMD EPYC 7571,AuthenticAMD
m5a.8xlarge,us-west-2,usw2-az2,3,15.0,20.0,1.0,1.376,0.628,54,m5a,General,m,32.0,128.0,16986.5410094,AMD EPYC 7571,AMD EPYC 7571,AuthenticAMD
m5a.8xlarge,us-west-2,usw2-az3,3,15.0,20.0,1.0,1.376,0.6178,55,m5a,General,m,32.0,128.0,16986.5410094,AMD EPYC 7571,AMD EPYC 7571,AuthenticAMD
m5a.8xlarge,us-west-2,usw2-az4,3,1.0,1.0,1.0,1.376,0.6117,55,m5a,General,m,32.0,128.0,16986.5410094,AMD EPYC 7571,AMD EPYC 7571,AuthenticAMD
m5a.large,us-west-2,usw2-az1,3,50.0,50.0,2.5,0.086,0.0291,66,m5a,General,m,2.0,8.0,16991.2263714,AMD EPYC 7571,AMD EPYC 7571,AuthenticAMD
m5a.large,us-west-2,usw2-az2,3,50.0,50.0,2.5,0.086,0.0437,49,m5a,General,m,2.0,8.0,16991.2263714,AMD EPYC 7571,AMD EPYC 7571,AuthenticAMD
m5a.large,us-west-2,usw2-az3,3,50.0,50.0,2.5,0.086,0.0287,66,m5a,General,m,2.0,8.0,16991.2263714,AMD EPYC 7571,AMD EPYC 7571,AuthenticAMD
m5a.large,us-west-2,usw2-az4,3,25.0,35.0,2.5,0.086,0.0305,64,m5a,General,m,2.0,8.0,16991.2263714,AMD EPYC 7571,AMD EPYC 7571,AuthenticAMD
m5a.xlarge,us-west-2,usw2-az1,3,50.0,50.0,2.0,0.172,0.0752,56,m5a,General,m,4.0,16.0,16997.3469222,AMD EPYC 7571,AMD EPYC 7571,AuthenticAMD
m5a.xlarge,us-west-2,usw2-az2,3,50.0,50.0,2.0,0.172,0.0795,53,m5a,General,m,4.0,16.0,16997.3469222,AMD EPYC 7571,AMD EPYC 7571,AuthenticAMD
m5a.xlarge,us-west-2,usw2-az3,3,20.0,30.0,2.0,0.172,0.0798,53,m5a,General,m,4.0,16.0,16997.3469222,AMD EPYC 7571,AMD EPYC 7571,AuthenticAMD
m5a.xlarge,us-west-2,usw2-az4,3,15.0,20.0,2.0,0.172,0.0818,52,m5a,General,m,4.0,16.0,16997.3469222,AMD EPYC 7571,AMD EPYC 7571,AuthenticAMD
m5ad.12xlarge,us-west-2,usw2-az1,3,1.0,1.0,1.0,2.472,0.8835,64,m5ad,General,m,48.0,192.0,16979.7236,AMD EPYC 7571,AMD EPYC 7571,AuthenticAMD
m5ad.12xlarge,us-west-2,usw2-az2,3,1.0,5.0,1.0,2.472,0.9472,61,m5ad,General,m,48.0,192.0,16979.7236,AMD EPYC 7571,AMD EPYC 7571,AuthenticAMD
m5ad.12xlarge,us-west-2,usw2-az3,3,1.0,1.0,1.0,2.472,0.9066,63,m5ad,General,m,48.0,192.0,16979.7236,AMD EPYC 7571,AMD EPYC 7571,AuthenticAMD
m5ad.12xlarge,us-west-2,usw2-az4,1,0.0,0.0,1.0,2.472,0.8076,67,m5ad,General,m,48.0,192.0,16979.7236,AMD EPYC 7571,AMD EPYC 7571,AuthenticAMD
m5ad.16xlarge,us-west-2,usw2-az1,3,1.0,1.0,1.0,3.296,1.1664,64,m5ad,General,m,64.0,256.0,17007.8717,AMD EPYC 7571,AMD EPYC 7571,AuthenticAMD
m5ad.16xlarge,us-west-2,usw2-az2,3,1.0,1.0,1.0,3.296,1.1986,63,m5ad,General,m,64.0,256.0,17007.8717,AMD EPYC 7571,AMD EPYC 7571,AuthenticAMD
m5ad.16xlarge,us-west-2,usw2-az3,3,1.0,1.0,1.0,3.296,1.1572,64,m5ad,General,m,64.0,256.0,17007.8717,AMD EPYC 7571,AMD EPYC 7571,AuthenticAMD
m5ad.16xlarge,us-west-2,usw2-az4,1,0.0,0.0,1.0,3.296,1.175,64,m5ad,General,m,64.0,256.0,17007.8717,AMD EPYC 7571,AMD EPYC 7571,AuthenticAMD
m5ad.24xlarge,us-west-2,usw2-az1,3,1.0,1.0,2.0,4.944,2.2592,54,m5ad,General,m,96.0,384.0,17006.6599,AMD EPYC 7571,AMD EPYC 7571,AuthenticAMD
m5ad.24xlarge,us-west-2,usw2-az2,3,1.0,1.0,2.0,4.944,2.1577,56,m5ad,General,m,96.0,384.0,17006.6599,AMD EPYC 7571,AMD EPYC 7571,AuthenticAMD
m5ad.24xlarge,us-west-2,usw2-az3,3,1.0,1.0,2.0,4.944,2.2312,54,m5ad,General,m,96.0,384.0,17006.6599,AMD EPYC 7571,AMD EPYC 7571,AuthenticAMD
m5ad.24xlarge,us-west-2,usw2-az4,1,0.0,0.0,2.0,4.944,2.1033,57,m5ad,General,m,96.0,384.0,17006.6599,AMD EPYC 7571,AMD EPYC 7571,AuthenticAMD
m5ad.2xlarge,us-west-2,usw2-az1,3,1.0,1.0,1.0,0.412,0.2097,49,m5ad,General,m,8.0,32.0,16995.203,AMD EPYC 7571,AMD EPYC 7571,AuthenticAMD
m5ad.2xlarge,us-west-2,usw2-az2,3,1.0,5.0,1.0,0.412,0.2147,47,m5ad,General,m,8.0,32.0,16995.203,AMD EPYC 7571,AMD EPYC 7571,AuthenticAMD
m5ad.2xlarge,us-west-2,usw2-az3,3,1.0,1.0,1.0,0.412,0.211,48,m5ad,General,m,8.0,32.0,16995.203,AMD EPYC 7571,AMD EPYC 7571,AuthenticAMD
m5ad.2xlarge,us-west-2,usw2-az4,3,1.0,1.0,1.0,0.412,0.2168,47,m5ad,General,m,8.0,32.0,16995.203,AMD EPYC 7571,AMD EPYC 7571,AuthenticAMD
m5ad.4xlarge,us-west-2,usw2-az1,3,1.0,5.0,1.0,0.824,0.3534,57,m5ad,General,m,16.0,64.0,16995.7808,AMD EPYC 7571,AMD EPYC 7571,AuthenticAMD
m5ad.4xlarge,us-west-2,usw2-az2,3,5.0,10.0,1.0,0.824,0.3597,56,m5ad,General,m,16.0,64.0,16995.7808,AMD EPYC 7571,AMD EPYC 7571,AuthenticAMD
m5ad.4xlarge,us-west-2,usw2-az3,3,1.0,5.0,1.0,0.824,0.3676,55,m5ad,General,m,16.0,64.0,16995.7808,AMD EPYC 7571,AMD EPYC 7571,AuthenticAMD
m5ad.4xlarge,us-west-2,usw2-az4,2,0.0,1.0,1.0,0.824,0.3615,56,m5ad,General,m,16.0,64.0,16995.7808,AMD EPYC 7571,AMD EPYC 7571,AuthenticAMD
m5ad.8xlarge,us-west-2,usw2-az1,3,1.0,1.0,1.0,1.648,0.6391,61,m5ad,General,m,32.0,128.0,16988.4346,AMD EPYC 7571,AMD EPYC 7571,AuthenticAMD
m5ad.8xlarge,us-west-2,usw2-az2,3,1.0,5.0,1.0,1.648,0.6384,61,m5ad,General,m,32.0,128.0,16988.4346,AMD EPYC 7571,AMD EPYC 7571,AuthenticAMD
m5ad.8xlarge,us-west-2,usw2-az3,2,0.0,1.0,1.0,1.648,0.7109,56,m5ad,General,m,32.0,128.0,16988.4346,AMD EPYC 7571,AMD EPYC 7571,AuthenticAMD
m5ad.8xlarge,us-west-2,usw2-az4,1,0.0,0.0,1.0,1.648,0.5779,64,m5ad,General,m,32.0,128.0,16988.4346,AMD EPYC 7571,AMD EPYC 7571,AuthenticAMD
m5ad.large,us-west-2,usw2-az1,3,50.0,50.0,3.0,0.103,0.0349,66,m5ad,General,m,2.0,8.0,16986.4371,AMD EPYC 7571,AMD EPYC 7571,AuthenticAMD
m5ad.large,us-west-2,usw2-az2,3,15.0,20.0,3.0,0.103,0.0395,61,m5ad,General,m,2.0,8.0,16986.4371,AMD EPYC 7571,AMD EPYC 7571,AuthenticAMD
m5ad.large,us-west-2,usw2-az3,3,50.0,50.0,3.0,0.103,0.0358,65,m5ad,General,m,2.0,8.0,16986.4371,AMD EPYC 7571,AMD EPYC 7571,AuthenticAMD
m5ad.large,us-west-2,usw2-az4,3,1.0,5.0,3.0,0.103,0.0448,56,m5ad,General,m,2.0,8.0,16986.4371,AMD EPYC 7571,AMD EPYC 7571,AuthenticAMD
m5ad.xlarge,us-west-2,usw2-az1,3,5.0,10.0,1.0,0.206,0.0778,62,m5ad,General,m,4.0,16.0,17004.0398,AMD EPYC 7571,AMD EPYC 7571,AuthenticAMD
m5ad.xlarge,us-west-2,usw2-az2,3,10.0,15.0,1.0,0.206,0.0785,61,m5ad,General,m,4.0,16.0,17004.0398,AMD EPYC 7571,AMD EPYC 7571,AuthenticAMD
m5ad.xlarge,us-west-2,usw2-az3,3,5.0,10.0,1.0,0.206,0.0898,56,m5ad,General,m,4.0,16.0,17004.0398,AMD EPYC 7571,AMD EPYC 7571,AuthenticAMD
m5ad.xlarge,us-west-2,usw2-az4,3,1.0,1.0,1.0,0.206,0.1115,45,m5ad,General,m,4.0,16.0,17004.0398,AMD EPYC 7571,AMD EPYC 7571,AuthenticAMD
m5d.12xlarge,us-west-2,usw2-az1,3,50.0,50.0,1.0,2.712,0.9281,65,m5d,General,m,48.0,192.0,25100.5329,Intel(R) Xeon(R) Platinum 8175M CPU @ 2.50GHz,Intel(R) Xeon(R) Platinum 8175M CPU @ 2.50GHz,Intel
m5d.12xlarge,us-west-2,usw2-az2,3,50.0,50.0,1.0,2.712,0.9609,64,m5d,General,m,48.0,192.0,25100.5329,Intel(R) Xeon(R) Platinum 8175M CPU @ 2.50GHz,Intel(R) Xeon(R) Platinum 8175M CPU @ 2.50GHz,Intel
m5d.12xlarge,us-west-2,usw2-az3,3,50.0,50.0,1.0,2.712,0.8889,67,m5d,General,m,48.0,192.0,25100.5329,Intel(R) Xeon(R) Platinum 8175M CPU @ 2.50GHz,Intel(R) Xeon(R) Platinum 8175M CPU @ 2.50GHz,Intel
m5d.12xlarge,us-west-2,usw2-az4,3,1.0,5.0,1.0,2.712,0.9584,64,m5d,General,m,48.0,192.0,25100.5329,Intel(R) Xeon(R) Platinum 8175M CPU @ 2.50GHz,Intel(R) Xeon(R) Platinum 8175M CPU @ 2.50GHz,Intel
m5d.16xlarge,us-west-2,usw2-az1,3,50.0,50.0,1.0,3.616,1.3517,62,m5d,General,m,64.0,256.0,23189.8066,Intel(R) Xeon(R) Platinum 8259CL CPU @ 2.50GHz,Intel(R) Xeon(R) Platinum 8259CL CPU @ 2.50GHz,Intel
m5d.16xlarge,us-west-2,usw2-az2,3,50.0,50.0,1.0,3.616,1.4641,59,m5d,General,m,64.0,256.0,23189.8066,Intel(R) Xeon(R) Platinum 8259CL CPU @ 2.50GHz,Intel(R) Xeon(R) Platinum 8259CL CPU @ 2.50GHz,Intel
m5d.16xlarge,us-west-2,usw2-az3,3,50.0,50.0,1.0,3.616,1.2812,64,m5d,General,m,64.0,256.0,23189.8066,Intel(R) Xeon(R) Platinum 8259CL CPU @ 2.50GHz,Intel(R) Xeon(R) Platinum 8259CL CPU @ 2.50GHz,Intel
m5d.16xlarge,us-west-2,usw2-az4,3,10.0,35.0,1.0,3.616,1.4083,61,m5d,General,m,64.0,256.0,23189.8066,Intel(R) Xeon(R) Platinum 8259CL CPU @ 2.50GHz,Intel(R) Xeon(R) Platinum 8259CL CPU @ 2.50GHz,Intel
m5d.24xlarge,us-west-2,usw2-az1,3,1.0,5.0,1.0,5.424,2.2893,57,m5d,General,m,96.0,384.0,25107.9953,Intel(R) Xeon(R) Platinum 8175M CPU @ 2.50GHz,Intel(R) Xeon(R) Platinum 8175M CPU @ 2.50GHz,Intel
m5d.24xlarge,us-west-2,usw2-az2,3,5.0,5.0,1.0,5.424,2.0926,61,m5d,General,m,96.0,384.0,25107.9953,Intel(R) Xeon(R) Platinum 8175M CPU @ 2.50GHz,Intel(R) Xeon(R) Platinum 8175M CPU @ 2.50GHz,Intel
m5d.24xlarge,us-west-2,usw2-az3,3,5.0,10.0,1.0,5.424,2.1871,59,m5d,General,m,96.0,384.0,25107.9953,Intel(R) Xeon(R) Platinum 8175M CPU @ 2.50GHz,Intel(R) Xeon(R) Platinum 8175M CPU @ 2.50GHz,Intel
m5d.24xlarge,us-west-2,usw2-az4,3,1.0,5.0,1.0,5.424,2.1279,60,m5d,General,m,96.0,384.0,25107.9953,Intel(R) Xeon(R) Platinum 8175M CPU @ 2.50GHz,Intel(R) Xeon(R) Platinum 8175M CPU @ 2.50GHz,Intel
m5d.2xlarge,us-west-2,usw2-az1,3,50.0,50.0,1.0,0.452,0.1621,64,m5d,General,m,8.0,32.0,23165.0997,Intel(R) Xeon(R) Platinum 8175M CPU @ 2.50GHz,Intel(R) Xeon(R) Platinum 8175M CPU @ 2.50GHz,Intel
m5d.2xlarge,us-west-2,usw2-az2,3,50.0,50.0,1.0,0.452,0.1698,62,m5d,General,m,8.0,32.0,23165.0997,Intel(R) Xeon(R) Platinum 8175M CPU @ 2.50GHz,Intel(R) Xeon(R) Platinum 8175M CPU @ 2.50GHz,Intel
m5d.2xlarge,us-west-2,usw2-az3,3,50.0,50.0,1.0,0.452,0.1569,65,m5d,General,m,8.0,32.0,23165.0997,Intel(R) Xeon(R) Platinum 8175M CPU @ 2.50GHz,Intel(R) Xeon(R) Platinum 8175M CPU @ 2.50GHz,Intel
m5d.2xlarge,us-west-2,usw2-az4,3,50.0,50.0,1.0,0.452,0.1431,68,m5d,General,m,8.0,32.0,23165.0997,Intel(R) Xeon(R) Platinum 8175M CPU @ 2.50GHz,Intel(R) Xeon(R) Platinum 8175M CPU @ 2.50GHz,Intel
m5d.4xlarge,us-west-2,usw2-az1,3,50.0,50.0,1.5,0.904,0.4026,55,m5d,General,m,16.0,64.0,23129.1055,Intel(R) Xeon(R) Platinum 8175M CPU @ 2.50GHz,Intel(R) Xeon(R) Platinum 8175M CPU @ 2.50GHz,Intel
m5d.4xlarge,us-west-2,usw2-az2,3,50.0,50.0,1.5,0.904,0.3967,56,m5d,General,m,16.0,64.0,23129.1055,Intel(R) Xeon(R) Platinum 8175M CPU @ 2.50GHz,Intel(R) Xeon(R) Platinum 8175M CPU @ 2.50GHz,Intel
m5d.4xlarge,us-west-2,usw2-az3,3,40.0,50.0,1.5,0.904,0.359,60,m5d,General,m,16.0,64.0,23129.1055,Intel(R) Xeon(R) Platinum 8175M CPU @ 2.50GHz,Intel(R) Xeon(R) Platinum 8175M CPU @ 2.50GHz,Intel
m5d.4xlarge,us-west-2,usw2-az4,3,1.0,1.0,1.5,0.904,0.3638,59,m5d,General,m,16.0,64.0,23129.1055,Intel(R) Xeon(R) Platinum 8175M CPU @ 2.50GHz,Intel(R) Xeon(R) Platinum 8175M CPU @ 2.50GHz,Intel
m5d.8xlarge,us-west-2,usw2-az1,3,50.0,50.0,2.0,1.808,0.7459,58,m5d,General,m,32.0,128.0,23161.5783,Intel(R) Xeon(R) Platinum 8175M CPU @ 2.50GHz,Intel(R) Xeon(R) Platinum 8175M CPU @ 2.50GHz,Intel
m5d.8xlarge,us-west-2,usw2-az2,3,50.0,50.0,2.0,1.808,0.7664,57,m5d,General,m,32.0,128.0,23161.5783,Intel(R) Xeon(R) Platinum 8175M CPU @ 2.50GHz,Intel(R) Xeon(R) Platinum 8175M CPU @ 2.50GHz,Intel
m5d.8xlarge,us-west-2,usw2-az3,3,50.0,50.0,2.0,1.808,0.6678,63,m5d,General,m,32.0,128.0,23161.5783,Intel(R) Xeon(R) Platinum 8175M CPU @ 2.50GHz,Intel(R) Xeon(R) Platinum 8175M CPU @ 2.50GHz,Intel
m5d.8xlarge,us-west-2,usw2-az4,3,1.0,5.0,2.0,1.808,0.636,64,m5d,General,m,32.0,128.0,23161.5783,Intel(R) Xeon(R) Platinum 8175M CPU @ 2.50GHz,Intel(R) Xeon(R) Platinum 8175M CPU @ 2.50GHz,Intel
m5d.large,us-west-2,usw2-az1,3,50.0,50.0,3.0,0.113,0.0391,65,m5d,General,m,2.0,8.0,23117.8323,Intel(R) Xeon(R) Platinum 8175M CPU @ 2.50GHz,Intel(R) Xeon(R) Platinum 8175M CPU @ 2.50GHz,Intel
m5d.large,us-west-2,usw2-az2,3,50.0,50.0,3.0,0.113,0.0429,62,m5d,General,m,2.0,8.0,23117.8323,Intel(R) Xeon(R) Platinum 8175M CPU @ 2.50GHz,Intel(R) Xeon(R) Platinum 8175M CPU @ 2.50GHz,Intel
m5d.large,us-west-2,usw2-az3,3,50.0,50.0,3.0,0.113,0.0391,65,m5d,General,m,2.0,8.0,23117.8323,Intel(R) Xeon(R) Platinum 8175M CPU @ 2.50GHz,Intel(R) Xeon(R) Platinum 8175M CPU @ 2.50GHz,Intel
m5d.large,us-west-2,usw2-az4,3,45.0,50.0,3.0,0.113,0.0428,62,m5d,General,m,2.0,8.0,23117.8323,Intel(R) Xeon(R) Platinum 8175M CPU @ 2.50GHz,Intel(R) Xeon(R) Platinum 8175M CPU @ 2.50GHz,Intel
m5d.xlarge,us-west-2,usw2-az1,3,50.0,50.0,3.0,0.226,0.0926,59,m5d,General,m,4.0,16.0,23096.6228,Intel(R) Xeon(R) Platinum 8175M CPU @ 2.50GHz,Intel(R) Xeon(R) Platinum 8175M CPU @ 2.50GHz,Intel
m5d.xlarge,us-west-2,usw2-az2,3,50.0,50.0,3.0,0.226,0.0957,57,m5d,General,m,4.0,16.0,23096.6228,Intel(R) Xeon(R) Platinum 8175M CPU @ 2.50GHz,Intel(R) Xeon(R) Platinum 8175M CPU @ 2.50GHz,Intel
m5d.xlarge,us-west-2,usw2-az3,3,50.0,50.0,3.0,0.226,0.0883,60,m5d,General,m,4.0,16.0,23096.6228,Intel(R) Xeon(R) Platinum 8175M CPU @ 2.50GHz,Intel(R) Xeon(R) Platinum 8175M CPU @ 2.50GHz,Intel
m5d.xlarge,us-west-2,usw2-az4,3,5.0,10.0,3.0,0.226,0.0789,65,m5d,General,m,4.0,16.0,23096.6228,Intel(R) Xeon(R) Platinum 8175M CPU @ 2.50GHz,Intel(R) Xeon(R) Platinum 8175M CPU @ 2.50GHz,Intel
m5dn.12xlarge,us-west-2,usw2-az1,3,1.0,1.0,1.0,3.264,1.5322,53,m5dn,General,m,48.0,192.0,25043.08,Intel(R) Xeon(R) Platinum 8259CL CPU @ 2.50GHz,Intel(R) Xeon(R) Platinum 8259CL CPU @ 2.50GHz,Intel
m5dn.12xlarge,us-west-2,usw2-az2,3,1.0,5.0,1.0,3.264,1.4101,56,m5dn,General,m,48.0,192.0,25043.08,Intel(R) Xeon(R) Platinum 8259CL CPU @ 2.50GHz,Intel(R) Xeon(R) Platinum 8259CL CPU @ 2.50GHz,Intel
m5dn.12xlarge,us-west-2,usw2-az3,2,0.0,1.0,1.0,3.264,1.6709,48,m5dn,General,m,48.0,192.0,25043.08,Intel(R) Xeon(R) Platinum 8259CL CPU @ 2.50GHz,Intel(R) Xeon(R) Platinum 8259CL CPU @ 2.50GHz,Intel
m5dn.16xlarge,us-west-2,usw2-az1,3,1.0,5.0,1.0,4.352,1.618,62,m5dn,General,m,64.0,256.0,23931.1209,Intel(R) Xeon(R) Platinum 8259CL CPU @ 2.50GHz,Intel(R) Xeon(R) Platinum 8259CL CPU @ 2.50GHz,Intel
m5dn.16xlarge,us-west-2,usw2-az2,2,0.0,1.0,1.0,4.352,1.4678,66,m5dn,General,m,64.0,256.0,23931.1209,Intel(R) Xeon(R) Platinum 8259CL CPU @ 2.50GHz,Intel(R) Xeon(R) Platinum 8259CL CPU @ 2.50GHz,Intel
m5dn.16xlarge,us-west-2,usw2-az3,3,10.0,15.0,1.0,4.352,1.6757,61,m5dn,General,m,64.0,256.0,23931.1209,Intel(R) Xeon(R) Platinum 8259CL CPU @ 2.50GHz,Intel(R) Xeon(R) Platinum 8259CL CPU @ 2.50GHz,Intel
m5dn.24xlarge,us-west-2,usw2-az1,3,5.0,10.0,2.5,6.528,2.5769,60,m5dn,General,m,96.0,384.0,25053.7489,Intel(R) Xeon(R) Platinum 8259CL CPU @ 2.50GHz,Intel(R) Xeon(R) Platinum 8259CL CPU @ 2.50GHz,Intel
m5dn.24xlarge,us-west-2,usw2-az2,1,0.0,0.0,2.5,6.528,2.6206,59,m5dn,General,m,96.0,384.0,25053.7489,Intel(R) Xeon(R) Platinum 8259CL CPU @ 2.50GHz,Intel(R) Xeon(R) Platinum 8259CL CPU @ 2.50GHz,Intel
m5dn.24xlarge,us-west-2,usw2-az3,3,15.0,20.0,2.5,6.528,2.9815,54,m5dn,General,m,96.0,384.0,25053.7489,Intel(R) Xeon(R) Platinum 8259CL CPU @ 2.50GHz,Intel(R) Xeon(R) Platinum 8259CL CPU @ 2.50GHz,Intel
m5dn.2xlarge,us-west-2,usw2-az1,3,15.0,20.0,3.0,0.544,0.2755,49,m5dn,General,m,8.0,32.0,23188.3017,Intel(R) Xeon(R) Platinum 8259CL CPU @ 2.50GHz,Intel(R) Xeon(R) Platinum 8259CL CPU @ 2.50GHz,Intel
m5dn.2xlarge,us-west-2,usw2-az2,3,15.0,25.0,3.0,0.544,0.2747,49,m5dn,General,m,8.0,32.0,23188.3017,Intel(R) Xeon(R) Platinum 8259CL CPU @ 2.50GHz,Intel(R) Xeon(R) Platinum 8259CL CPU @ 2.50GHz,Intel
m5dn.2xlarge,us-west-2,usw2-az3,3,15.0,15.0,3.0,0.544,0.2722,49,m5dn,General,m,8.0,32.0,23188.3017,Intel(R) Xeon(R) Platinum 8259CL CPU @ 2.50GHz,Intel(R) Xeon(R) Platinum 8259CL CPU @ 2.50GHz,Intel
m5dn.4xlarge,us-west-2,usw2-az1,3,5.0,5.0,1.0,1.088,0.501,53,m5dn,General,m,16.0,64.0,23161.4552,Intel(R) Xeon(R) Platinum 8259CL CPU @ 2.50GHz,Intel(R) Xeon(R) Platinum 8259CL CPU @ 2.50GHz,Intel
m5dn.4xlarge,us-west-2,usw2-az2,3,5.0,10.0,1.0,1.088,0.386,64,m5dn,General,m,16.0,64.0,23161.4552,Intel(R) Xeon(R) Platinum 8259CL CPU @ 2.50GHz,Intel(R) Xeon(R) Platinum 8259CL CPU @ 2.50GHz,Intel
m5dn.4xlarge,us-west-2,usw2-az3,3,10.0,20.0,1.0,1.088,0.6641,38,m5dn,General,m,16.0,64.0,23161.4552,Intel(R) Xeon(R) Platinum 8259CL CPU @ 2.50GHz,Intel(R) Xeon(R) Platinum 8259CL CPU @ 2.50GHz,Intel
m5dn.8xlarge,us-west-2,usw2-az1,3,5.0,5.0,1.0,2.176,0.9095,58,m5dn,General,m,32.0,128.0,23931.8093,Intel(R) Xeon(R) Platinum 8259CL CPU @ 2.50GHz,Intel(R) Xeon(R) Platinum 8259CL CPU @ 2.50GHz,Intel
m5dn.8xlarge,us-west-2,usw2-az2,2,0.0,1.0,1.0,2.176,0.9105,58,m5dn,General,m,32.0,128.0,23931.8093,Intel(R) Xeon(R) Platinum 8259CL CPU @ 2.50GHz,Intel(R) Xeon(R) Platinum 8259CL CPU @ 2.50GHz,Intel
m5dn.8xlarge,us-west-2,usw2-az3,3,5.0,10.0,1.0,2.176,1.0478,51,m5dn,General,m,32.0,128.0,23931.8093,Intel(R) Xeon(R) Platinum 8259CL CPU @ 2.50GHz,Intel(R) Xeon(R) Platinum 8259CL CPU @ 2.50GHz,Intel
m5dn.large,us-west-2,usw2-az1,3,25.0,35.0,3.0,0.136,0.0559,58,m5dn,General,m,2.0,8.0,23905.8751,Intel(R) Xeon(R) Platinum 8259CL CPU @ 2.50GHz,Intel(R) Xeon(R) Platinum 8259CL CPU @ 2.50GHz,Intel
m5dn.large,us-west-2,usw2-az2,3,15.0,20.0,3.0,0.136,0.0531,60,m5dn,General,m,2.0,8.0,23905.8751,Intel(R) Xeon(R) Platinum 8259CL CPU @ 2.50GHz,Intel(R) Xeon(R) Platinum 8259CL CPU @ 2.50GHz,Intel
m5dn.large,us-west-2,usw2-az3,3,40.0,50.0,3.0,0.136,0.0531,60,m5dn,General,m,2.0,8.0,23905.8751,Intel(R) Xeon(R) Platinum 8259CL CPU @ 2.50GHz,Intel(R) Xeon(R) Platinum 8259CL CPU @ 2.50GHz,Intel
m5dn.xlarge,us-west-2,usw2-az1,3,35.0,50.0,3.0,0.272,0.1318,51,m5dn,General,m,4.0,16.0,23921.1606,Intel(R) Xeon(R) Platinum 8259CL CPU @ 2.50GHz,Intel(R) Xeon(R) Platinum 8259CL CPU @ 2.50GHz,Intel
m5dn.xlarge,us-west-2,usw2-az2,3,25.0,45.0,3.0,0.272,0.1178,56,m5dn,General,m,4.0,16.0,23921.1606,Intel(R) Xeon(R) Platinum 8259CL CPU @ 2.50GHz,Intel(R) Xeon(R) Platinum 8259CL CPU @ 2.50GHz,Intel
m5dn.xlarge,us-west-2,usw2-az3,3,20.0,35.0,3.0,0.272,0.1169,57,m5dn,General,m,4.0,16.0,23921.1606,Intel(R) Xeon(R) Platinum 8259CL CPU @ 2.50GHz,Intel(R) Xeon(R) Platinum 8259CL CPU @ 2.50GHz,Intel
m5n.12xlarge,us-west-2,usw2-az1,3,20.0,35.0,1.0,2.856,1.014,64,m5n,General,m,48.0,192.0,25035.3071254,Intel(R) Xeon(R) Platinum 8259CL CPU @ 2.50GHz,Intel(R) Xeon(R) Platinum 8259CL CPU @ 2.50GHz,Intel
m5n.12xlarge,us-west-2,usw2-az2,3,10.0,25.0,1.0,2.856,1.0479,63,m5n,General,m,48.0,192.0,25035.3071254,Intel(R) Xeon(R) Platinum 8259CL CPU @ 2.50GHz,Intel(R) Xeon(R) Platinum 8259CL CPU @ 2.50GHz,Intel
m5n.12xlarge,us-west-2,usw2-az3,3,10.0,15.0,1.0,2.856,1.2574,55,m5n,General,m,48.0,192.0,25035.3071254,Intel(R) Xeon(R) Platinum 8259CL CPU @ 2.50GHz,Intel(R) Xeon(R) Platinum 8259CL CPU @ 2.50GHz,Intel
m5n.16xlarge,us-west-2,usw2-az1,3,1.0,5.0,1.0,3.808,1.7024,55,m5n,General,m,64.0,256.0,23897.292976000004,Intel(R) Xeon(R) Platinum 8259CL CPU @ 2.50GHz,Intel(R) Xeon(R) Platinum 8259CL CPU @ 2.50GHz,Intel
m5n.16xlarge,us-west-2,usw2-az2,3,5.0,5.0,1.0,3.808,1.4276,62,m5n,General,m,64.0,256.0,23897.292976000004,Intel(R) Xeon(R) Platinum 8259CL CPU @ 2.50GHz,Intel(R) Xeon(R) Platinum 8259CL CPU @ 2.50GHz,Intel
m5n.16xlarge,us-west-2,usw2-az3,3,1.0,1.0,1.0,3.808,1.8551,51,m5n,General,m,64.0,256.0,23897.292976000004,Intel(R) Xeon(R) Platinum 8259CL CPU @ 2.50GHz,Intel(R) Xeon(R) Platinum 8259CL CPU @ 2.50GHz,Intel
m5n.24xlarge,us-west-2,usw2-az1,3,1.0,1.0,1.5,5.712,2.5266,55,m5n,General,m,96.0,384.0,25002.528824,Intel(R) Xeon(R) Platinum 8259CL CPU @ 2.50GHz,Intel(R) Xeon(R) Platinum 8259CL CPU @ 2.50GHz,Intel
m5n.24xlarge,us-west-2,usw2-az2,3,5.0,10.0,1.5,5.712,2.3372,59,m5n,General,m,96.0,384.0,25002.528824,Intel(R) Xeon(R) Platinum 8259CL CPU @ 2.50GHz,Intel(R) Xeon(R) Platinum 8259CL CPU @ 2.50GHz,Intel
m5n.24xlarge,us-west-2,usw2-az3,3,5.0,5.0,1.5,5.712,2.5633,55,m5n,General,m,96.0,384.0,25002.528824,Intel(R) Xeon(R) Platinum 8259CL CPU @ 2.50GHz,Intel(R) Xeon(R) Platinum 8259CL CPU @ 2.50GHz,Intel
m5n.2xlarge,us-west-2,usw2-az1,3,50.0,50.0,2.5,0.476,0.2344,50,m5n,General,m,8.0,32.0,23497.469361400003,Intel(R) Xeon(R) Platinum 8259CL CPU @ 2.50GHz,Intel(R) Xeon(R) Platinum 8259CL CPU @ 2.50GHz,Intel
m5n.2xlarge,us-west-2,usw2-az2,3,30.0,45.0,2.5,0.476,0.2573,45,m5n,General,m,8.0,32.0,23497.469361400003,Intel(R) Xeon(R) Platinum 8259CL CPU @ 2.50GHz,Intel(R) Xeon(R) Platinum 8259CL CPU @ 2.50GHz,Intel
m5n.2xlarge,us-west-2,usw2-az3,3,50.0,50.0,2.5,0.476,0.2259,52,m5n,General,m,8.0,32.0,23497.469361400003,Intel(R) Xeon(R) Platinum 8259CL CPU @ 2.50GHz,Intel(R) Xeon(R) Platinum 8259CL CPU @ 2.50GHz,Intel
m5n.4xlarge,us-west-2,usw2-az1,3,45.0,50.0,1.0,0.952,0.367,61,m5n,General,m,16.0,64.0,23642.4236992,Intel(R) Xeon(R) Platinum 8259CL CPU @ 2.50GHz,Intel(R) Xeon(R) Platinum 8259CL CPU @ 2.50GHz,Intel
m5n.4xlarge,us-west-2,usw2-az2,3,25.0,40.0,1.0,0.952,0.376,60,m5n,General,m,16.0,64.0,23642.4236992,Intel(R) Xeon(R) Platinum 8259CL CPU @ 2.50GHz,Intel(R) Xeon(R) Platinum 8259CL CPU @ 2.50GHz,Intel
m5n.4xlarge,us-west-2,usw2-az3,3,50.0,50.0,1.0,0.952,0.4268,55,m5n,General,m,16.0,64.0,23642.4236992,Intel(R) Xeon(R) Platinum 8259CL CPU @ 2.50GHz,Intel(R) Xeon(R) Platinum 8259CL CPU @ 2.50GHz,Intel
m5n.8xlarge,us-west-2,usw2-az1,3,5.0,10.0,1.0,1.904,0.8365,56,m5n,General,m,32.0,128.0,23170.4868246,Intel(R) Xeon(R) Platinum 8259CL CPU @ 2.50GHz,Intel(R) Xeon(R) Platinum 8259CL CPU @ 2.50GHz,Intel
m5n.8xlarge,us-west-2,usw2-az2,3,5.0,5.0,1.0,1.904,0.7728,59,m5n,General,m,32.0,128.0,23170.4868246,Intel(R) Xeon(R) Platinum 8259CL CPU @ 2.50GHz,Intel(R) Xeon(R) Platinum 8259CL CPU @ 2.50GHz,Intel
m5n.8xlarge,us-west-2,usw2-az3,3,5.0,10.0,1.0,1.904,0.9044,52,m5n,General,m,32.0,128.0,23170.4868246,Intel(R) Xeon(R) Platinum 8259CL CPU @ 2.50GHz,Intel(R) Xeon(R) Platinum 8259CL CPU @ 2.50GHz,Intel
m5n.large,us-west-2,usw2-az1,3,10.0,15.0,2.5,0.119,0.0602,49,m5n,General,m,2.0,8.0,23159.3202476,Intel(R) Xeon(R) Platinum 8259CL CPU @ 2.50GHz,Intel(R) Xeon(R) Platinum 8259CL CPU @ 2.50GHz,Intel
m5n.large,us-west-2,usw2-az2,3,5.0,15.0,2.5,0.119,0.0594,50,m5n,General,m,2.0,8.0,23159.3202476,Intel(R) Xeon(R) Platinum 8259CL CPU @ 2.50GHz,Intel(R) Xeon(R) Platinum 8259CL CPU @ 2.50GHz,Intel
m5n.large,us-west-2,usw2-az3,3,20.0,30.0,2.5,0.119,0.0544,54,m5n,General,m,2.0,8.0,23159.3202476,Intel(R) Xeon(R) Platinum 8259CL CPU @ 2.50GHz,Intel(R) Xeon(R) Platinum 8259CL CPU @ 2.50GHz,Intel
m5n.xlarge,us-west-2,usw2-az1,3,15.0,25.0,2.5,0.238,0.1027,56,m5n,General,m,4.0,16.0,23910.0750202,Intel(R) Xeon(R) Platinum 8259CL CPU @ 2.50GHz,Intel(R) Xeon(R) Platinum 8259CL CPU @ 2.50GHz,Intel
m5n.xlarge,us-west-2,usw2-az2,3,5.0,5.0,2.5,0.238,0.117,50,m5n,General,m,4.0,16.0,23910.0750202,Intel(R) Xeon(R) Platinum 8259CL CPU @ 2.50GHz,Intel(R) Xeon(R) Platinum 8259CL CPU @ 2.50GHz,Intel
m5n.xlarge,us-west-2,usw2-az3,3,50.0,50.0,2.5,0.238,0.0943,60,m5n,General,m,4.0,16.0,23910.0750202,Intel(R) Xeon(R) Platinum 8259CL CPU @ 2.50GHz,Intel(R) Xeon(R) Platinum 8259CL CPU @ 2.50GHz,Intel
m5zn.12xlarge,us-west-2,usw2-az1,3,10.0,15.0,2.0,3.9641,1.6536,58,m5zn,General,m,48.0,192.0,33670.963411,Intel(R) Xeon(R) Platinum 8252C CPU @ 3.80GHz,Intel(R) Xeon(R) Platinum 8252C CPU @ 3.80GHz,Intel
m5zn.12xlarge,us-west-2,usw2-az2,3,1.0,5.0,2.0,3.9641,1.6872,57,m5zn,General,m,48.0,192.0,33670.963411,Intel(R) Xeon(R) Platinum 8252C CPU @ 3.80GHz,Intel(R) Xeon(R) Platinum 8252C CPU @ 3.80GHz,Intel
m5zn.12xlarge,us-west-2,usw2-az3,3,1.0,5.0,2.0,3.9641,1.7812,55,m5zn,General,m,48.0,192.0,33670.963411,Intel(R) Xeon(R) Platinum 8252C CPU @ 3.80GHz,Intel(R) Xeon(R) Platinum 8252C CPU @ 3.80GHz,Intel
m5zn.2xlarge,us-west-2,usw2-az1,3,5.0,5.0,2.5,0.6607,0.2951,55,m5zn,General,m,8.0,32.0,33697.7305016,Intel(R) Xeon(R) Platinum 8252C CPU @ 3.80GHz,Intel(R) Xeon(R) Platinum 8252C CPU @ 3.80GHz,Intel
m5zn.2xlarge,us-west-2,usw2-az2,3,1.0,5.0,2.5,0.6607,0.2835,57,m5zn,General,m,8.0,32.0,33697.7305016,Intel(R) Xeon(R) Platinum 8252C CPU @ 3.80GHz,Intel(R) Xeon(R) Platinum 8252C CPU @ 3.80GHz,Intel
m5zn.2xlarge,us-west-2,usw2-az3,3,10.0,15.0,2.5,0.6607,0.358,45,m5zn,General,m,8.0,32.0,33697.7305016,Intel(R) Xeon(R) Platinum 8252C CPU @ 3.80GHz,Intel(R) Xeon(R) Platinum 8252C CPU @ 3.80GHz,Intel
m5zn.3xlarge,us-west-2,usw2-az1,3,1.0,1.0,3.0,0.991,0.4914,50,m5zn,General,m,12.0,48.0,33696.603652000005,Intel(R) Xeon(R) Platinum 8252C CPU @ 3.80GHz,Intel(R) Xeon(R) Platinum 8252C CPU @ 3.80GHz,Intel
m5zn.3xlarge,us-west-2,usw2-az2,3,1.0,1.0,3.0,0.991,0.4909,50,m5zn,General,m,12.0,48.0,33696.603652000005,Intel(R) Xeon(R) Platinum 8252C CPU @ 3.80GHz,Intel(R) Xeon(R) Platinum 8252C CPU @ 3.80GHz,Intel
m5zn.3xlarge,us-west-2,usw2-az3,3,1.0,5.0,3.0,0.991,0.6473,34,m5zn,General,m,12.0,48.0,33696.603652000005,Intel(R) Xeon(R) Platinum 8252C CPU @ 3.80GHz,Intel(R) Xeon(R) Platinum 8252C CPU @ 3.80GHz,Intel
m5zn.6xlarge,us-west-2,usw2-az1,3,1.0,1.0,1.5,1.982,1.0518,46,m5zn,General,m,24.0,96.0,33686.5983748,Intel(R) Xeon(R) Platinum 8252C CPU @ 3.80GHz,Intel(R) Xeon(R) Platinum 8252C CPU @ 3.80GHz,Intel
m5zn.6xlarge,us-west-2,usw2-az2,3,1.0,1.0,1.5,1.982,1.0375,47,m5zn,General,m,24.0,96.0,33686.5983748,Intel(R) Xeon(R) Platinum 8252C CPU @ 3.80GHz,Intel(R) Xeon(R) Platinum 8252C CPU @ 3.80GHz,Intel
m5zn.6xlarge,us-west-2,usw2-az3,3,1.0,1.0,1.5,1.982,1.1876,40,m5zn,General,m,24.0,96.0,33686.5983748,Intel(R) Xeon(R) Platinum 8252C CPU @ 3.80GHz,Intel(R) Xeon(R) Platinum 8252C CPU @ 3.80GHz,Intel
m5zn.large,us-west-2,usw2-az1,3,20.0,30.0,3.0,0.1652,0.0588,64,m5zn,General,m,2.0,8.0,33689.556138600004,Intel(R) Xeon(R) Platinum 8252C CPU @ 3.80GHz,Intel(R) Xeon(R) Platinum 8252C CPU @ 3.80GHz,Intel
m5zn.large,us-west-2,usw2-az2,3,10.0,20.0,3.0,0.1652,0.058,64,m5zn,General,m,2.0,8.0,33689.556138600004,Intel(R) Xeon(R) Platinum 8252C CPU @ 3.80GHz,Intel(R) Xeon(R) Platinum 8252C CPU @ 3.80GHz,Intel
m5zn.large,us-west-2,usw2-az3,3,40.0,50.0,3.0,0.1652,0.0551,66,m5zn,General,m,2.0,8.0,33689.556138600004,Intel(R) Xeon(R) Platinum 8252C CPU @ 3.80GHz,Intel(R) Xeon(R) Platinum 8252C CPU @ 3.80GHz,Intel
m5zn.xlarge,us-west-2,usw2-az1,3,5.0,10.0,3.0,0.3303,0.1427,56,m5zn,General,m,4.0,16.0,33664.189208799995,Intel(R) Xeon(R) Platinum 8252C CPU @ 3.80GHz,Intel(R) Xeon(R) Platinum 8252C CPU @ 3.80GHz,Intel
m5zn.xlarge,us-west-2,usw2-az2,3,10.0,15.0,3.0,0.3303,0.1324,59,m5zn,General,m,4.0,16.0,33664.189208799995,Intel(R) Xeon(R) Platinum 8252C CPU @ 3.80GHz,Intel(R) Xeon(R) Platinum 8252C CPU @ 3.80GHz,Intel
m5zn.xlarge,us-west-2,usw2-az3,3,15.0,20.0,3.0,0.3303,0.1628,50,m5zn,General,m,4.0,16.0,33664.189208799995,Intel(R) Xeon(R) Platinum 8252C CPU @ 3.80GHz,Intel(R) Xeon(R) Platinum 8252C CPU @ 3.80GHz,Intel
m6a.12xlarge,us-west-2,usw2-az1,3,1.0,1.0,1.0,2.0736,0.7752,62,m6a,General,m,48.0,192.0,33522.85611420001,AMD EPYC 7R13 Processor,AMD EPYC 7R13 Processor,AuthenticAMD
m6a.12xlarge,us-west-2,usw2-az2,3,5.0,10.0,1.0,2.0736,0.769,62,m6a,General,m,48.0,192.0,33522.85611420001,AMD EPYC 7R13 Processor,AMD EPYC 7R13 Processor,AuthenticAMD
m6a.12xlarge,us-west-2,usw2-az3,3,1.0,5.0,1.0,2.0736,0.766,63,m6a,General,m,48.0,192.0,33522.85611420001,AMD EPYC 7R13 Processor,AMD EPYC 7R13 Processor,AuthenticAMD
m6a.12xlarge,us-west-2,usw2-az4,2,0.0,1.0,1.0,2.0736,0.9643,53,m6a,General,m,48.0,192.0,33522.85611420001,AMD EPYC 7R13 Processor,AMD EPYC 7R13 Processor,AuthenticAMD
m6a.16xlarge,us-west-2,usw2-az1,3,5.0,5.0,1.0,2.7648,0.9951,64,m6a,General,m,64.0,256.0,33364.7009806,AMD EPYC 7R13 Processor,AMD EPYC 7R13 Processor,AuthenticAMD
m6a.16xlarge,us-west-2,usw2-az2,3,10.0,15.0,1.0,2.7648,1.1326,59,m6a,General,m,64.0,256.0,33364.7009806,AMD EPYC 7R13 Processor,AMD EPYC 7R13 Processor,AuthenticAMD
m6a.16xlarge,us-west-2,usw2-az3,3,1.0,5.0,1.0,2.7648,1.0614,61,m6a,General,m,64.0,256.0,33364.7009806,AMD EPYC 7R13 Processor,AMD EPYC 7R13 Processor,AuthenticAMD
m6a.16xlarge,us-west-2,usw2-az4,3,1.0,1.0,1.0,2.7648,1.3673,50,m6a,General,m,64.0,256.0,33364.7009806,AMD EPYC 7R13 Processor,AMD EPYC 7R13 Processor,AuthenticAMD
m6a.24xlarge,us-west-2,usw2-az1,3,1.0,1.0,1.0,4.1472,1.6161,61,m6a,General,m,96.0,384.0,33350.926862800006,AMD EPYC 7R13 Processor,AMD EPYC 7R13 Processor,AuthenticAMD
m6a.24xlarge,us-west-2,usw2-az2,3,5.0,10.0,1.0,4.1472,1.6161,61,m6a,General,m,96.0,384.0,33350.926862800006,AMD EPYC 7R13 Processor,AMD EPYC 7R13 Processor,AuthenticAMD
m6a.24xlarge,us-west-2,usw2-az3,3,1.0,1.0,1.0,4.1472,1.6555,60,m6a,General,m,96.0,384.0,33350.926862800006,AMD EPYC 7R13 Processor,AMD EPYC 7R13 Processor,AuthenticAMD
m6a.24xlarge,us-west-2,usw2-az4,2,0.0,1.0,1.0,4.1472,1.7428,57,m6a,General,m,96.0,384.0,33350.926862800006,AMD EPYC 7R13 Processor,AMD EPYC 7R13 Processor,AuthenticAMD
m6a.2xlarge,us-west-2,usw2-az1,3,50.0,50.0,2.5,0.3456,0.1691,51,m6a,General,m,8.0,32.0,33335.892700200005,AMD EPYC 7R13 Processor,AMD EPYC 7R13 Processor,AuthenticAMD
m6a.2xlarge,us-west-2,usw2-az2,3,50.0,50.0,2.5,0.3456,0.1719,50,m6a,General,m,8.0,32.0,33335.892700200005,AMD EPYC 7R13 Processor,AMD EPYC 7R13 Processor,AuthenticAMD
m6a.2xlarge,us-west-2,usw2-az3,3,50.0,50.0,2.5,0.3456,0.1744,49,m6a,General,m,8.0,32.0,33335.892700200005,AMD EPYC 7R13 Processor,AMD EPYC 7R13 Processor,AuthenticAMD
m6a.2xlarge,us-west-2,usw2-az4,3,50.0,50.0,2.5,0.3456,0.1777,48,m6a,General,m,8.0,32.0,33335.892700200005,AMD EPYC 7R13 Processor,AMD EPYC 7R13 Processor,AuthenticAMD
m6a.32xlarge,us-west-2,usw2-az1,1,0.0,0.0,1.0,5.5296,1.9119,65,m6a,General,m,128.0,512.0,34260.509088,AMD EPYC 7R13 Processor,AMD EPYC 7R13 Processor,AuthenticAMD
m6a.32xlarge,us-west-2,usw2-az2,3,1.0,1.0,1.0,5.5296,2.075,62,m6a,General,m,128.0,512.0,34260.509088,AMD EPYC 7R13 Processor,AMD EPYC 7R13 Processor,AuthenticAMD
m6a.32xlarge,us-west-2,usw2-az3,1,0.0,0.0,1.0,5.5296,1.9155,65,m6a,General,m,128.0,512.0,34260.509088,AMD EPYC 7R13 Processor,AMD EPYC 7R13 Processor,AuthenticAMD
m6a.32xlarge,us-west-2,usw2-az4,2,0.0,1.0,1.0,5.5296,1.8128,67,m6a,General,m,128.0,512.0,34260.509088,AMD EPYC 7R13 Processor,AMD EPYC 7R13 Processor,AuthenticAMD
m6a.48xlarge,us-west-2,usw2-az1,1,0.0,0.0,1.0,8.2944,2.9217,64,m6a,General,m,192.0,768.0,33360.0555802,AMD EPYC 7R13 Processor,AMD EPYC 7R13 Processor,AuthenticAMD
m6a.48xlarge,us-west-2,usw2-az2,1,0.0,0.0,1.0,8.2944,2.6162,68,m6a,General,m,192.0,768.0,33360.0555802,AMD EPYC 7R13 Processor,AMD EPYC 7R13 Processor,AuthenticAMD
m6a.48xlarge,us-west-2,usw2-az3,1,0.0,0.0,1.0,8.2944,2.7125,67,m6a,General,m,192.0,768.0,33360.0555802,AMD EPYC 7R13 Processor,AMD EPYC 7R13 Processor,AuthenticAMD
m6a.48xlarge,us-west-2,usw2-az4,1,0.0,0.0,1.0,8.2944,2.4304,70,m6a,General,m,192.0,768.0,33360.0555802,AMD EPYC 7R13 Processor,AMD EPYC 7R13 Processor,AuthenticAMD
m6a.4xlarge,us-west-2,usw2-az1,3,50.0,50.0,2.0,0.6912,0.3248,53,m6a,General,m,16.0,64.0,33325.586020400006,AMD EPYC 7R13 Processor,AMD EPYC 7R13 Processor,AuthenticAMD
m6a.4xlarge,us-west-2,usw2-az2,3,40.0,50.0,2.0,0.6912,0.3238,53,m6a,General,m,16.0,64.0,33325.586020400006,AMD EPYC 7R13 Processor,AMD EPYC 7R13 Processor,AuthenticAMD
m6a.4xlarge,us-west-2,usw2-az3,3,50.0,50.0,2.0,0.6912,0.3266,52,m6a,General,m,16.0,64.0,33325.586020400006,AMD EPYC 7R13 Processor,AMD EPYC 7R13 Processor,AuthenticAMD
m6a.4xlarge,us-west-2,usw2-az4,3,10.0,15.0,2.0,0.6912,0.3008,56,m6a,General,m,16.0,64.0,33325.586020400006,AMD EPYC 7R13 Processor,AMD EPYC 7R13 Processor,AuthenticAMD
m6a.8xlarge,us-west-2,usw2-az1,3,50.0,50.0,1.5,1.3824,0.5771,58,m6a,General,m,32.0,128.0,33327.5873404,AMD EPYC 7R13 Processor,AMD EPYC 7R13 Processor,AuthenticAMD
m6a.8xlarge,us-west-2,usw2-az2,3,50.0,50.0,1.5,1.3824,0.5999,56,m6a,General,m,32.0,128.0,33327.5873404,AMD EPYC 7R13 Processor,AMD EPYC 7R13 Processor,AuthenticAMD
m6a.8xlarge,us-west-2,usw2-az3,3,45.0,50.0,1.5,1.3824,0.5642,59,m6a,General,m,32.0,128.0,33327.5873404,AMD EPYC 7R13 Processor,AMD EPYC 7R13 Processor,AuthenticAMD
m6a.8xlarge,us-west-2,usw2-az4,3,5.0,10.0,1.5,1.3824,0.603,56,m6a,General,m,32.0,128.0,33327.5873404,AMD EPYC 7R13 Processor,AMD EPYC 7R13 Processor,AuthenticAMD
m6a.large,us-west-2,usw2-az1,3,50.0,50.0,3.0,0.0864,0.0371,57,m6a,General,m,2.0,8.0,33335.858609400006,AMD EPYC 7R13 Processor,AMD EPYC 7R13 Processor,AuthenticAMD
m6a.large,us-west-2,usw2-az2,3,50.0,50.0,3.0,0.0864,0.0391,54,m6a,General,m,2.0,8.0,33335.858609400006,AMD EPYC 7R13 Processor,AMD EPYC 7R13 Processor,AuthenticAMD
m6a.large,us-west-2,usw2-az3,3,50.0,50.0,3.0,0.0864,0.0387,55,m6a,General,m,2.0,8.0,33335.858609400006,AMD EPYC 7R13 Processor,AMD EPYC 7R13 Processor,AuthenticAMD
m6a.large,us-west-2,usw2-az4,3,50.0,50.0,3.0,0.0864,0.0341,60,m6a,General,m,2.0,8.0,33335.858609400006,AMD EPYC 7R13 Processor,AMD EPYC 7R13 Processor,AuthenticAMD
m6a.xlarge,us-west-2,usw2-az1,3,50.0,50.0,3.0,0.1728,0.077,55,m6a,General,m,4.0,16.0,33287.7836416,AMD EPYC 7R13 Processor,AMD EPYC 7R13 Processor,AuthenticAMD
m6a.xlarge,us-west-2,usw2-az2,3,50.0,50.0,3.0,0.1728,0.0762,55,m6a,General,m,4.0,16.0,33287.7836416,AMD EPYC 7R13 Processor,AMD EPYC 7R13 Processor,AuthenticAMD
m6a.xlarge,us-west-2,usw2-az3,3,50.0,50.0,3.0,0.1728,0.0785,54,m6a,General,m,4.0,16.0,33287.7836416,AMD EPYC 7R13 Processor,AMD EPYC 7R13 Processor,AuthenticAMD
m6a.xlarge,us-west-2,usw2-az4,3,50.0,50.0,3.0,0.1728,0.0604,65,m6a,General,m,4.0,16.0,33287.7836416,AMD EPYC 7R13 Processor,AMD EPYC 7R13 Processor,AuthenticAMD
m6g.12xlarge,us-west-2,usw2-az1,3,10.0,15.0,1.0,1.848,0.6985,62,m6g,General,m,48.0,192.0,19342.9599576,AWS Graviton2 Processor,Neoverse-N1,AWS
m6g.12xlarge,us-west-2,usw2-az2,3,1.0,5.0,1.0,1.848,0.8666,53,m6g,General,m,48.0,192.0,19342.9599576,AWS Graviton2 Processor,Neoverse-N1,AWS
m6g.12xlarge,us-west-2,usw2-az3,3,30.0,30.0,1.0,1.848,0.6664,63,m6g,General,m,48.0,192.0,19342.9599576,AWS Graviton2 Processor,Neoverse-N1,AWS
m6g.12xlarge,us-west-2,usw2-az4,1,0.0,0.0,1.0,1.848,0.4985,73,m6g,General,m,48.0,192.0,19342.9599576,AWS Graviton2 Processor,Neoverse-N1,AWS
m6g.16xlarge,us-west-2,usw2-az1,3,5.0,10.0,1.0,2.464,0.7825,68,m6g,General,m,64.0,256.0,19336.6024214,AWS Graviton2 Processor,Neoverse-N1,AWS
m6g.16xlarge,us-west-2,usw2-az2,3,5.0,5.0,1.0,2.464,0.8436,65,m6g,General,m,64.0,256.0,19336.6024214,AWS Graviton2 Processor,Neoverse-N1,AWS
m6g.16xlarge,us-west-2,usw2-az3,3,30.0,30.0,1.0,2.464,0.8578,65,m6g,General,m,64.0,256.0,19336.6024214,AWS Graviton2 Processor,Neoverse-N1,AWS
m6g.16xlarge,us-west-2,usw2-az4,3,1.0,5.0,1.0,2.464,0.7721,68,m6g,General,m,64.0,256.0,19336.6024214,AWS Graviton2 Processor,Neoverse-N1,AWS
m6g.2xlarge,us-west-2,usw2-az1,3,40.0,50.0,1.0,0.308,0.1239,59,m6g,General,m,8.0,32.0,19342.736360200004,AWS Graviton2 Processor,Neoverse-N1,AWS
m6g.2xlarge,us-west-2,usw2-az2,3,45.0,50.0,1.0,0.308,0.1157,62,m6g,General,m,8.0,32.0,19342.736360200004,AWS Graviton2 Processor,Neoverse-N1,AWS
m6g.2xlarge,us-west-2,usw2-az3,3,50.0,50.0,1.0,0.308,0.1089,64,m6g,General,m,8.0,32.0,19342.736360200004,AWS Graviton2 Processor,Neoverse-N1,AWS
m6g.2xlarge,us-west-2,usw2-az4,3,1.0,1.0,1.0,0.308,0.1031,66,m6g,General,m,8.0,32.0,19342.736360200004,AWS Graviton2 Processor,Neoverse-N1,AWS
m6g.4xlarge,us-west-2,usw2-az1,3,50.0,50.0,1.0,0.616,0.2163,64,m6g,General,m,16.0,64.0,19335.256272,AWS Graviton2 Processor,Neoverse-N1,AWS
m6g.4xlarge,us-west-2,usw2-az2,3,50.0,50.0,1.0,0.616,0.2222,63,m6g,General,m,16.0,64.0,19335.256272,AWS Graviton2 Processor,Neoverse-N1,AWS
m6g.4xlarge,us-west-2,usw2-az3,3,50.0,50.0,1.0,0.616,0.221,64,m6g,General,m,16.0,64.0,19335.256272,AWS Graviton2 Processor,Neoverse-N1,AWS
m6g.4xlarge,us-west-2,usw2-az4,3,5.0,10.0,1.0,0.616,0.2032,67,m6g,General,m,16.0,64.0,19335.256272,AWS Graviton2 Processor,Neoverse-N1,AWS
m6g.8xlarge,us-west-2,usw2-az1,3,5.0,15.0,1.0,1.232,0.5338,56,m6g,General,m,32.0,128.0,19339.593148599997,AWS Graviton2 Processor,Neoverse-N1,AWS
m6g.8xlarge,us-west-2,usw2-az2,3,15.0,15.0,1.0,1.232,0.519,57,m6g,General,m,32.0,128.0,19339.593148599997,AWS Graviton2 Processor,Neoverse-N1,AWS
m6g.8xlarge,us-west-2,usw2-az3,3,20.0,25.0,1.0,1.232,0.4371,64,m6g,General,m,32.0,128.0,19339.593148599997,AWS Graviton2 Processor,Neoverse-N1,AWS
m6g.8xlarge,us-west-2,usw2-az4,2,0.0,1.0,1.0,1.232,0.4543,63,m6g,General,m,32.0,128.0,19339.593148599997,AWS Graviton2 Processor,Neoverse-N1,AWS
m6g.large,us-west-2,usw2-az1,3,50.0,50.0,2.0,0.077,0.0298,61,m6g,General,m,2.0,8.0,19337.722871600003,AWS Graviton2 Processor,Neoverse-N1,AWS
m6g.large,us-west-2,usw2-az2,3,50.0,50.0,2.0,0.077,0.0281,63,m6g,General,m,2.0,8.0,19337.722871600003,AWS Graviton2 Processor,Neoverse-N1,AWS
m6g.large,us-west-2,usw2-az3,3,50.0,50.0,2.0,0.077,0.0299,61,m6g,General,m,2.0,8.0,19337.722871600003,AWS Graviton2 Processor,Neoverse-N1,AWS
m6g.large,us-west-2,usw2-az4,3,15.0,35.0,2.0,0.077,0.0283,63,m6g,General,m,2.0,8.0,19337.722871600003,AWS Graviton2 Processor,Neoverse-N1,AWS
m6g.medium,us-west-2,usw2-az1,3,45.0,50.0,3.0,0.0385,0.0145,62,m6g,General,m,1.0,4.0,19328.8387944,AWS Graviton2 Processor,Neoverse-N1,AWS
m6g.medium,us-west-2,usw2-az2,3,40.0,50.0,3.0,0.0385,0.014,63,m6g,General,m,1.0,4.0,19328.8387944,AWS Graviton2 Processor,Neoverse-N1,AWS
m6g.medium,us-west-2,usw2-az3,3,10.0,20.0,3.0,0.0385,0.0138,64,m6g,General,m,1.0,4.0,19328.8387944,AWS Graviton2 Processor,Neoverse-N1,AWS
m6g.medium,us-west-2,usw2-az4,3,10.0,15.0,3.0,0.0385,0.0103,73,m6g,General,m,1.0,4.0,19328.8387944,AWS Graviton2 Processor,Neoverse-N1,AWS
m6g.xlarge,us-west-2,usw2-az1,3,50.0,50.0,1.0,0.154,0.0535,65,m6g,General,m,4.0,16.0,19339.4457884,AWS Graviton2 Processor,Neoverse-N1,AWS
m6g.xlarge,us-west-2,usw2-az2,3,50.0,50.0,1.0,0.154,0.0541,64,m6g,General,m,4.0,16.0,19339.4457884,AWS Graviton2 Processor,Neoverse-N1,AWS
m6g.xlarge,us-west-2,usw2-az3,3,50.0,50.0,1.0,0.154,0.0532,65,m6g,General,m,4.0,16.0,19339.4457884,AWS Graviton2 Processor,Neoverse-N1,AWS
m6g.xlarge,us-west-2,usw2-az4,3,20.0,25.0,1.0,0.154,0.0555,63,m6g,General,m,4.0,16.0,19339.4457884,AWS Graviton2 Processor,Neoverse-N1,AWS
m6gd.12xlarge,us-west-2,usw2-az1,3,15.0,15.0,1.0,2.1696,0.6791,68,m6gd,General,m,48.0,192.0,19335.2564,AWS Graviton2 Processor,Neoverse-N1,AWS
m6gd.12xlarge,us-west-2,usw2-az2,3,40.0,50.0,1.0,2.1696,0.7303,66,m6gd,General,m,48.0,192.0,19335.2564,AWS Graviton2 Processor,Neoverse-N1,AWS
m6gd.12xlarge,us-west-2,usw2-az3,3,10.0,10.0,1.0,2.1696,0.6682,69,m6gd,General,m,48.0,192.0,19335.2564,AWS Graviton2 Processor,Neoverse-N1,AWS
m6gd.12xlarge,us-west-2,usw2-az4,3,1.0,1.0,1.0,2.1696,0.5568,74,m6gd,General,m,48.0,192.0,19335.2564,AWS Graviton2 Processor,Neoverse-N1,AWS
m6gd.16xlarge,us-west-2,usw2-az1,3,15.0,15.0,1.0,2.8928,0.9543,67,m6gd,General,m,64.0,256.0,19339.2938,AWS Graviton2 Processor,Neoverse-N1,AWS
m6gd.16xlarge,us-west-2,usw2-az2,3,5.0,10.0,1.0,2.8928,1.0074,65,m6gd,General,m,64.0,256.0,19339.2938,AWS Graviton2 Processor,Neoverse-N1,AWS
m6gd.16xlarge,us-west-2,usw2-az3,3,1.0,5.0,1.0,2.8928,0.8403,70,m6gd,General,m,64.0,256.0,19339.2938,AWS Graviton2 Processor,Neoverse-N1,AWS
m6gd.16xlarge,us-west-2,usw2-az4,2,0.0,1.0,1.0,2.8928,0.6968,75,m6gd,General,m,64.0,256.0,19339.2938,AWS Graviton2 Processor,Neoverse-N1,AWS
m6gd.2xlarge,us-west-2,usw2-az1,3,15.0,30.0,1.0,0.3616,0.1401,61,m6gd,General,m,8.0,32.0,19333.3108,AWS Graviton2 Processor,Neoverse-N1,AWS
m6gd.2xlarge,us-west-2,usw2-az2,3,10.0,20.0,1.0,0.3616,0.1333,63,m6gd,General,m,8.0,32.0,19333.3108,AWS Graviton2 Processor,Neoverse-N1,AWS
m6gd.2xlarge,us-west-2,usw2-az3,3,10.0,15.0,1.0,0.3616,0.1352,62,m6gd,General,m,8.0,32.0,19333.3108,AWS Graviton2 Processor,Neoverse-N1,AWS
m6gd.2xlarge,us-west-2,usw2-az4,3,1.0,1.0,1.0,0.3616,0.2073,42,m6gd,General,m,8.0,32.0,19333.3108,AWS Graviton2 Processor,Neoverse-N1,AWS
m6gd.4xlarge,us-west-2,usw2-az1,3,40.0,50.0,1.0,0.7232,0.254,64,m6gd,General,m,16.0,64.0,19333.6849,AWS Graviton2 Processor,Neoverse-N1,AWS
m6gd.4xlarge,us-west-2,usw2-az2,3,35.0,50.0,1.0,0.7232,0.2769,61,m6gd,General,m,16.0,64.0,19333.6849,AWS Graviton2 Processor,Neoverse-N1,AWS
m6gd.4xlarge,us-west-2,usw2-az3,3,10.0,15.0,1.0,0.7232,0.2421,66,m6gd,General,m,16.0,64.0,19333.6849,AWS Graviton2 Processor,Neoverse-N1,AWS
m6gd.4xlarge,us-west-2,usw2-az4,3,1.0,1.0,1.0,0.7232,0.2742,62,m6gd,General,m,16.0,64.0,19333.6849,AWS Graviton2 Processor,Neoverse-N1,AWS
m6gd.8xlarge,us-west-2,usw2-az1,3,15.0,30.0,1.0,1.4464,0.512,64,m6gd,General,m,32.0,128.0,19334.1331,AWS Graviton2 Processor,Neoverse-N1,AWS
m6gd.8xlarge,us-west-2,usw2-az2,3,15.0,30.0,1.0,1.4464,0.5381,62,m6gd,General,m,32.0,128.0,19334.1331,AWS Graviton2 Processor,Neoverse-N1,AWS
m6gd.8xlarge,us-west-2,usw2-az3,3,5.0,5.0,1.0,1.4464,0.4939,65,m6gd,General,m,32.0,128.0,19334.1331,AWS Graviton2 Processor,Neoverse-N1,AWS
m6gd.8xlarge,us-west-2,usw2-az4,3,1.0,1.0,1.0,1.4464,0.784,45,m6gd,General,m,32.0,128.0,19334.1331,AWS Graviton2 Processor,Neoverse-N1,AWS
m6gd.large,us-west-2,usw2-az1,3,35.0,45.0,1.0,0.0904,0.0343,62,m6gd,General,m,2.0,8.0,19339.6689,AWS Graviton2 Processor,Neoverse-N1,AWS
m6gd.large,us-west-2,usw2-az2,3,30.0,45.0,1.0,0.0904,0.0352,61,m6gd,General,m,2.0,8.0,19339.6689,AWS Graviton2 Processor,Neoverse-N1,AWS
m6gd.large,us-west-2,usw2-az3,3,1.0,5.0,1.0,0.0904,0.0357,60,m6gd,General,m,2.0,8.0,19339.6689,AWS Graviton2 Processor,Neoverse-N1,AWS
m6gd.large,us-west-2,usw2-az4,3,1.0,5.0,1.0,0.0904,0.037,59,m6gd,General,m,2.0,8.0,19339.6689,AWS Graviton2 Processor,Neoverse-N1,AWS
m6gd.medium,us-west-2,usw2-az1,3,5.0,10.0,1.0,0.0452,0.0141,68,m6gd,General,m,1.0,4.0,19334.5127,AWS Graviton2 Processor,Neoverse-N1,AWS
m6gd.medium,us-west-2,usw2-az2,3,30.0,40.0,1.0,0.0452,0.0144,68,m6gd,General,m,1.0,4.0,19334.5127,AWS Graviton2 Processor,Neoverse-N1,AWS
m6gd.medium,us-west-2,usw2-az3,3,5.0,5.0,1.0,0.0452,0.0135,70,m6gd,General,m,1.0,4.0,19334.5127,AWS Graviton2 Processor,Neoverse-N1,AWS
m6gd.medium,us-west-2,usw2-az4,3,5.0,5.0,1.0,0.0452,0.0119,73,m6gd,General,m,1.0,4.0,19334.5127,AWS Graviton2 Processor,Neoverse-N1,AWS
m6gd.xlarge,us-west-2,usw2-az1,3,5.0,10.0,1.0,0.1808,0.0862,52,m6gd,General,m,4.0,16.0,19336.1573,AWS Graviton2 Processor,Neoverse-N1,AWS
m6gd.xlarge,us-west-2,usw2-az2,3,5.0,10.0,1.0,0.1808,0.0795,56,m6gd,General,m,4.0,16.0,19336.1573,AWS Graviton2 Processor,Neoverse-N1,AWS
m6gd.xlarge,us-west-2,usw2-az3,3,15.0,15.0,1.0,0.1808,0.0736,59,m6gd,General,m,4.0,16.0,19336.1573,AWS Graviton2 Processor,Neoverse-N1,AWS
m6gd.xlarge,us-west-2,usw2-az4,3,1.0,1.0,1.0,0.1808,0.0676,62,m6gd,General,m,4.0,16.0,19336.1573,AWS Graviton2 Processor,Neoverse-N1,AWS
m6i.12xlarge,us-west-2,usw2-az1,3,5.0,10.0,1.0,2.304,0.8084,64,m6i,General,m,48.0,192.0,28913.2309054,Intel(R) Xeon(R) Platinum 8375C CPU @ 2.90GHz,Intel(R) Xeon(R) Platinum 8375C CPU @ 2.90GHz,Intel
m6i.12xlarge,us-west-2,usw2-az2,3,15.0,20.0,1.0,2.304,0.8662,62,m6i,General,m,48.0,192.0,28913.2309054,Intel(R) Xeon(R) Platinum 8375C CPU @ 2.90GHz,Intel(R) Xeon(R) Platinum 8375C CPU @ 2.90GHz,Intel
m6i.12xlarge,us-west-2,usw2-az3,3,50.0,50.0,1.0,2.304,0.7694,66,m6i,General,m,48.0,192.0,28913.2309054,Intel(R) Xeon(R) Platinum 8375C CPU @ 2.90GHz,Intel(R) Xeon(R) Platinum 8375C CPU @ 2.90GHz,Intel
m6i.12xlarge,us-west-2,usw2-az4,3,1.0,1.0,1.0,2.304,0.9207,60,m6i,General,m,48.0,192.0,28913.2309054,Intel(R) Xeon(R) Platinum 8375C CPU @ 2.90GHz,Intel(R) Xeon(R) Platinum 8375C CPU @ 2.90GHz,Intel
m6i.16xlarge,us-west-2,usw2-az1,3,15.0,20.0,2.5,3.072,1.35,56,m6i,General,m,64.0,256.0,29031.286877600003,Intel(R) Xeon(R) Platinum 8375C CPU @ 2.90GHz,Intel(R) Xeon(R) Platinum 8375C CPU @ 2.90GHz,Intel
m6i.16xlarge,us-west-2,usw2-az2,3,15.0,25.0,2.5,3.072,1.3073,57,m6i,General,m,64.0,256.0,29031.286877600003,Intel(R) Xeon(R) Platinum 8375C CPU @ 2.90GHz,Intel(R) Xeon(R) Platinum 8375C CPU @ 2.90GHz,Intel
m6i.16xlarge,us-west-2,usw2-az3,3,25.0,50.0,2.5,3.072,1.3158,57,m6i,General,m,64.0,256.0,29031.286877600003,Intel(R) Xeon(R) Platinum 8375C CPU @ 2.90GHz,Intel(R) Xeon(R) Platinum 8375C CPU @ 2.90GHz,Intel
m6i.16xlarge,us-west-2,usw2-az4,3,1.0,1.0,2.5,3.072,1.172,61,m6i,General,m,64.0,256.0,29031.286877600003,Intel(R) Xeon(R) Platinum 8375C CPU @ 2.90GHz,Intel(R) Xeon(R) Platinum 8375C CPU @ 2.90GHz,Intel
m6i.24xlarge,us-west-2,usw2-az1,3,1.0,1.0,1.0,4.608,1.7506,62,m6i,General,m,96.0,384.0,29004.035257,Intel(R) Xeon(R) Platinum 8375C CPU @ 2.90GHz,Intel(R) Xeon(R) Platinum 8375C CPU @ 2.90GHz,Intel
m6i.24xlarge,us-west-2,usw2-az2,3,5.0,5.0,1.0,4.608,1.7356,62,m6i,General,m,96.0,384.0,29004.035257,Intel(R) Xeon(R) Platinum 8375C CPU @ 2.90GHz,Intel(R) Xeon(R) Platinum 8375C CPU @ 2.90GHz,Intel
m6i.24xlarge,us-west-2,usw2-az3,3,5.0,10.0,1.0,4.608,1.7835,61,m6i,General,m,96.0,384.0,29004.035257,Intel(R) Xeon(R) Platinum 8375C CPU @ 2.90GHz,Intel(R) Xeon(R) Platinum 8375C CPU @ 2.90GHz,Intel
m6i.24xlarge,us-west-2,usw2-az4,3,1.0,5.0,1.0,4.608,1.8933,58,m6i,General,m,96.0,384.0,29004.035257,Intel(R) Xeon(R) Platinum 8375C CPU @ 2.90GHz,Intel(R) Xeon(R) Platinum 8375C CPU @ 2.90GHz,Intel
m6i.2xlarge,us-west-2,usw2-az1,3,50.0,50.0,1.0,0.384,0.1474,61,m6i,General,m,8.0,32.0,28957.3014792,Intel(R) Xeon(R) Platinum 8375C CPU @ 2.90GHz,Intel(R) Xeon(R) Platinum 8375C CPU @ 2.90GHz,Intel
m6i.2xlarge,us-west-2,usw2-az2,3,50.0,50.0,1.0,0.384,0.1464,61,m6i,General,m,8.0,32.0,28957.3014792,Intel(R) Xeon(R) Platinum 8375C CPU @ 2.90GHz,Intel(R) Xeon(R) Platinum 8375C CPU @ 2.90GHz,Intel
m6i.2xlarge,us-west-2,usw2-az3,3,50.0,50.0,1.0,0.384,0.1415,63,m6i,General,m,8.0,32.0,28957.3014792,Intel(R) Xeon(R) Platinum 8375C CPU @ 2.90GHz,Intel(R) Xeon(R) Platinum 8375C CPU @ 2.90GHz,Intel
m6i.2xlarge,us-west-2,usw2-az4,3,50.0,50.0,1.0,0.384,0.1368,64,m6i,General,m,8.0,32.0,28957.3014792,Intel(R) Xeon(R) Platinum 8375C CPU @ 2.90GHz,Intel(R) Xeon(R) Platinum 8375C CPU @ 2.90GHz,Intel
m6i.32xlarge,us-west-2,usw2-az1,3,1.0,1.0,1.0,6.144,2.154,64,m6i,General,m,128.0,512.0,28895.912892,Intel(R) Xeon(R) Platinum 8375C CPU @ 2.90GHz,Intel(R) Xeon(R) Platinum 8375C CPU @ 2.90GHz,Intel
m6i.32xlarge,us-west-2,usw2-az2,3,1.0,5.0,1.0,6.144,2.437,60,m6i,General,m,128.0,512.0,28895.912892,Intel(R) Xeon(R) Platinum 8375C CPU @ 2.90GHz,Intel(R) Xeon(R) Platinum 8375C CPU @ 2.90GHz,Intel
m6i.32xlarge,us-west-2,usw2-az3,3,1.0,1.0,1.0,6.144,2.2387,63,m6i,General,m,128.0,512.0,28895.912892,Intel(R) Xeon(R) Platinum 8375C CPU @ 2.90GHz,Intel(R) Xeon(R) Platinum 8375C CPU @ 2.90GHz,Intel
m6i.32xlarge,us-west-2,usw2-az4,3,1.0,1.0,1.0,6.144,1.9852,67,m6i,General,m,128.0,512.0,28895.912892,Intel(R) Xeon(R) Platinum 8375C CPU @ 2.90GHz,Intel(R) Xeon(R) Platinum 8375C CPU @ 2.90GHz,Intel
m6i.4xlarge,us-west-2,usw2-az1,3,50.0,50.0,1.0,0.768,0.2915,62,m6i,General,m,16.0,64.0,28994.1645516,Intel(R) Xeon(R) Platinum 8375C CPU @ 2.90GHz,Intel(R) Xeon(R) Platinum 8375C CPU @ 2.90GHz,Intel
m6i.4xlarge,us-west-2,usw2-az2,3,50.0,50.0,1.0,0.768,0.314,59,m6i,General,m,16.0,64.0,28994.1645516,Intel(R) Xeon(R) Platinum 8375C CPU @ 2.90GHz,Intel(R) Xeon(R) Platinum 8375C CPU @ 2.90GHz,Intel
m6i.4xlarge,us-west-2,usw2-az3,3,50.0,50.0,1.0,0.768,0.3098,59,m6i,General,m,16.0,64.0,28994.1645516,Intel(R) Xeon(R) Platinum 8375C CPU @ 2.90GHz,Intel(R) Xeon(R) Platinum 8375C CPU @ 2.90GHz,Intel
m6i.4xlarge,us-west-2,usw2-az4,3,30.0,40.0,1.0,0.768,0.3728,51,m6i,General,m,16.0,64.0,28994.1645516,Intel(R) Xeon(R) Platinum 8375C CPU @ 2.90GHz,Intel(R) Xeon(R) Platinum 8375C CPU @ 2.90GHz,Intel
m6i.8xlarge,us-west-2,usw2-az1,3,20.0,35.0,1.0,1.536,0.5349,65,m6i,General,m,32.0,128.0,28994.7648462,Intel(R) Xeon(R) Platinum 8375C CPU @ 2.90GHz,Intel(R) Xeon(R) Platinum 8375C CPU @ 2.90GHz,Intel
m6i.8xlarge,us-west-2,usw2-az2,3,50.0,50.0,1.0,1.536,0.5797,62,m6i,General,m,32.0,128.0,28994.7648462,Intel(R) Xeon(R) Platinum 8375C CPU @ 2.90GHz,Intel(R) Xeon(R) Platinum 8375C CPU @ 2.90GHz,Intel
m6i.8xlarge,us-west-2,usw2-az3,3,50.0,50.0,1.0,1.536,0.5327,65,m6i,General,m,32.0,128.0,28994.7648462,Intel(R) Xeon(R) Platinum 8375C CPU @ 2.90GHz,Intel(R) Xeon(R) Platinum 8375C CPU @ 2.90GHz,Intel
m6i.8xlarge,us-west-2,usw2-az4,3,10.0,15.0,1.0,1.536,0.6586,57,m6i,General,m,32.0,128.0,28994.7648462,Intel(R) Xeon(R) Platinum 8375C CPU @ 2.90GHz,Intel(R) Xeon(R) Platinum 8375C CPU @ 2.90GHz,Intel
m6i.large,us-west-2,usw2-az1,3,50.0,50.0,3.0,0.096,0.0389,59,m6i,General,m,2.0,8.0,28952.036365,Intel(R) Xeon(R) Platinum 8375C CPU @ 2.90GHz,Intel(R) Xeon(R) Platinum 8375C CPU @ 2.90GHz,Intel
m6i.large,us-west-2,usw2-az2,3,50.0,50.0,3.0,0.096,0.0407,57,m6i,General,m,2.0,8.0,28952.036365,Intel(R) Xeon(R) Platinum 8375C CPU @ 2.90GHz,Intel(R) Xeon(R) Platinum 8375C CPU @ 2.90GHz,Intel
m6i.large,us-west-2,usw2-az3,3,50.0,50.0,3.0,0.096,0.0356,62,m6i,General,m,2.0,8.0,28952.036365,Intel(R) Xeon(R) Platinum 8375C CPU @ 2.90GHz,Intel(R) Xeon(R) Platinum 8375C CPU @ 2.90GHz,Intel
m6i.large,us-west-2,usw2-az4,3,50.0,50.0,3.0,0.096,0.035,63,m6i,General,m,2.0,8.0,28952.036365,Intel(R) Xeon(R) Platinum 8375C CPU @ 2.90GHz,Intel(R) Xeon(R) Platinum 8375C CPU @ 2.90GHz,Intel
m6i.xlarge,us-west-2,usw2-az1,3,50.0,50.0,2.5,0.192,0.0724,62,m6i,General,m,4.0,16.0,28989.554274,Intel(R) Xeon(R) Platinum 8375C CPU @ 2.90GHz,Intel(R) Xeon(R) Platinum 8375C CPU @ 2.90GHz,Intel
m6i.xlarge,us-west-2,usw2-az2,3,50.0,50.0,2.5,0.192,0.0749,60,m6i,General,m,4.0,16.0,28989.554274,Intel(R) Xeon(R) Platinum 8375C CPU @ 2.90GHz,Intel(R) Xeon(R) Platinum 8375C CPU @ 2.90GHz,Intel
m6i.xlarge,us-west-2,usw2-az3,3,50.0,50.0,2.5,0.192,0.0782,59,m6i,General,m,4.0,16.0,28989.554274,Intel(R) Xeon(R) Platinum 8375C CPU @ 2.90GHz,Intel(R) Xeon(R) Platinum 8375C CPU @ 2.90GHz,Intel
m6i.xlarge,us-west-2,usw2-az4,3,50.0,50.0,2.5,0.192,0.0688,64,m6i,General,m,4.0,16.0,28989.554274,Intel(R) Xeon(R) Platinum 8375C CPU @ 2.90GHz,Intel(R) Xeon(R) Platinum 8375C CPU @ 2.90GHz,Intel
m6id.12xlarge,us-west-2,usw2-az1,3,10.0,15.0,1.0,2.8476,0.9765,65,m6id,General,m,48.0,192.0,29006.2224,Intel(R) Xeon(R) Platinum 8375C CPU @ 2.90GHz,Intel(R) Xeon(R) Platinum 8375C CPU @ 2.90GHz,Intel
m6id.12xlarge,us-west-2,usw2-az2,3,10.0,15.0,1.0,2.8476,0.9349,67,m6id,General,m,48.0,192.0,29006.2224,Intel(R) Xeon(R) Platinum 8375C CPU @ 2.90GHz,Intel(R) Xeon(R) Platinum 8375C CPU @ 2.90GHz,Intel
m6id.12xlarge,us-west-2,usw2-az3,3,15.0,20.0,1.0,2.8476,0.9081,68,m6id,General,m,48.0,192.0,29006.2224,Intel(R) Xeon(R) Platinum 8375C CPU @ 2.90GHz,Intel(R) Xeon(R) Platinum 8375C CPU @ 2.90GHz,Intel
m6id.12xlarge,us-west-2,usw2-az4,3,1.0,5.0,1.0,2.8476,1.0106,64,m6id,General,m,48.0,192.0,29006.2224,Intel(R) Xeon(R) Platinum 8375C CPU @ 2.90GHz,Intel(R) Xeon(R) Platinum 8375C CPU @ 2.90GHz,Intel
m6id.16xlarge,us-west-2,usw2-az1,3,5.0,5.0,1.0,3.7968,1.3221,65,m6id,General,m,64.0,256.0,28989.1026,Intel(R) Xeon(R) Platinum 8375C CPU @ 2.90GHz,Intel(R) Xeon(R) Platinum 8375C CPU @ 2.90GHz,Intel
m6id.16xlarge,us-west-2,usw2-az2,3,5.0,5.0,1.0,3.7968,1.2975,65,m6id,General,m,64.0,256.0,28989.1026,Intel(R) Xeon(R) Platinum 8375C CPU @ 2.90GHz,Intel(R) Xeon(R) Platinum 8375C CPU @ 2.90GHz,Intel
m6id.16xlarge,us-west-2,usw2-az3,3,5.0,5.0,1.0,3.7968,1.2801,66,m6id,General,m,64.0,256.0,28989.1026,Intel(R) Xeon(R) Platinum 8375C CPU @ 2.90GHz,Intel(R) Xeon(R) Platinum 8375C CPU @ 2.90GHz,Intel
m6id.16xlarge,us-west-2,usw2-az4,2,0.0,1.0,1.0,3.7968,1.3807,63,m6id,General,m,64.0,256.0,28989.1026,Intel(R) Xeon(R) Platinum 8375C CPU @ 2.90GHz,Intel(R) Xeon(R) Platinum 8375C CPU @ 2.90GHz,Intel
m6id.24xlarge,us-west-2,usw2-az1,3,10.0,15.0,1.5,5.6952,2.0028,64,m6id,General,m,96.0,384.0,28993.1075,Intel(R) Xeon(R) Platinum 8375C CPU @ 2.90GHz,Intel(R) Xeon(R) Platinum 8375C CPU @ 2.90GHz,Intel
m6id.24xlarge,us-west-2,usw2-az2,3,20.0,35.0,1.5,5.6952,2.0635,63,m6id,General,m,96.0,384.0,28993.1075,Intel(R) Xeon(R) Platinum 8375C CPU @ 2.90GHz,Intel(R) Xeon(R) Platinum 8375C CPU @ 2.90GHz,Intel
m6id.24xlarge,us-west-2,usw2-az3,3,45.0,50.0,1.5,5.6952,2.0347,64,m6id,General,m,96.0,384.0,28993.1075,Intel(R) Xeon(R) Platinum 8375C CPU @ 2.90GHz,Intel(R) Xeon(R) Platinum 8375C CPU @ 2.90GHz,Intel
m6id.24xlarge,us-west-2,usw2-az4,3,1.0,5.0,1.5,5.6952,2.0209,64,m6id,General,m,96.0,384.0,28993.1075,Intel(R) Xeon(R) Platinum 8375C CPU @ 2.90GHz,Intel(R) Xeon(R) Platinum 8375C CPU @ 2.90GHz,Intel
m6id.2xlarge,us-west-2,usw2-az1,3,30.0,50.0,1.0,0.4746,0.1641,65,m6id,General,m,8.0,32.0,28974.4533,Intel(R) Xeon(R) Platinum 8375C CPU @ 2.90GHz,Intel(R) Xeon(R) Platinum 8375C CPU @ 2.90GHz,Intel
m6id.2xlarge,us-west-2,usw2-az2,3,15.0,20.0,1.0,0.4746,0.1857,60,m6id,General,m,8.0,32.0,28974.4533,Intel(R) Xeon(R) Platinum 8375C CPU @ 2.90GHz,Intel(R) Xeon(R) Platinum 8375C CPU @ 2.90GHz,Intel
m6id.2xlarge,us-west-2,usw2-az3,3,15.0,30.0,1.0,0.4746,0.1689,64,m6id,General,m,8.0,32.0,28974.4533,Intel(R) Xeon(R) Platinum 8375C CPU @ 2.90GHz,Intel(R) Xeon(R) Platinum 8375C CPU @ 2.90GHz,Intel
m6id.2xlarge,us-west-2,usw2-az4,3,5.0,10.0,1.0,0.4746,0.1609,66,m6id,General,m,8.0,32.0,28974.4533,Intel(R) Xeon(R) Platinum 8375C CPU @ 2.90GHz,Intel(R) Xeon(R) Platinum 8375C CPU @ 2.90GHz,Intel
m6id.32xlarge,us-west-2,usw2-az1,3,15.0,15.0,1.0,7.5936,3.2103,57,m6id,General,m,128.0,512.0,28945.2239,Intel(R) Xeon(R) Platinum 8375C CPU @ 2.90GHz,Intel(R) Xeon(R) Platinum 8375C CPU @ 2.90GHz,Intel
m6id.32xlarge,us-west-2,usw2-az2,3,5.0,10.0,1.0,7.5936,3.1695,58,m6id,General,m,128.0,512.0,28945.2239,Intel(R) Xeon(R) Platinum 8375C CPU @ 2.90GHz,Intel(R) Xeon(R) Platinum 8375C CPU @ 2.90GHz,Intel
m6id.32xlarge,us-west-2,usw2-az3,3,25.0,45.0,1.0,7.5936,3.4112,55,m6id,General,m,128.0,512.0,28945.2239,Intel(R) Xeon(R) Platinum 8375C CPU @ 2.90GHz,Intel(R) Xeon(R) Platinum 8375C CPU @ 2.90GHz,Intel
m6id.32xlarge,us-west-2,usw2-az4,3,1.0,1.0,1.0,7.5936,2.5057,67,m6id,General,m,128.0,512.0,28945.2239,Intel(R) Xeon(R) Platinum 8375C CPU @ 2.90GHz,Intel(R) Xeon(R) Platinum 8375C CPU @ 2.90GHz,Intel
m6id.4xlarge,us-west-2,usw2-az1,3,50.0,50.0,1.0,0.9492,0.3306,65,m6id,General,m,16.0,64.0,28930.3902,Intel(R) Xeon(R) Platinum 8375C CPU @ 2.90GHz,Intel(R) Xeon(R) Platinum 8375C CPU @ 2.90GHz,Intel
m6id.4xlarge,us-west-2,usw2-az2,3,50.0,50.0,1.0,0.9492,0.3485,63,m6id,General,m,16.0,64.0,28930.3902,Intel(R) Xeon(R) Platinum 8375C CPU @ 2.90GHz,Intel(R) Xeon(R) Platinum 8375C CPU @ 2.90GHz,Intel
m6id.4xlarge,us-west-2,usw2-az3,3,45.0,50.0,1.0,0.9492,0.4308,54,m6id,General,m,16.0,64.0,28930.3902,Intel(R) Xeon(R) Platinum 8375C CPU @ 2.90GHz,Intel(R) Xeon(R) Platinum 8375C CPU @ 2.90GHz,Intel
m6id.4xlarge,us-west-2,usw2-az4,3,25.0,35.0,1.0,0.9492,0.4162,56,m6id,General,m,16.0,64.0,28930.3902,Intel(R) Xeon(R) Platinum 8375C CPU @ 2.90GHz,Intel(R) Xeon(R) Platinum 8375C CPU @ 2.90GHz,Intel
m6id.8xlarge,us-west-2,usw2-az1,3,10.0,15.0,1.0,1.8984,0.8284,56,m6id,General,m,32.0,128.0,29002.8556,Intel(R) Xeon(R) Platinum 8375C CPU @ 2.90GHz,Intel(R) Xeon(R) Platinum 8375C CPU @ 2.90GHz,Intel
m6id.8xlarge,us-west-2,usw2-az2,3,5.0,10.0,1.0,1.8984,0.8488,55,m6id,General,m,32.0,128.0,29002.8556,Intel(R) Xeon(R) Platinum 8375C CPU @ 2.90GHz,Intel(R) Xeon(R) Platinum 8375C CPU @ 2.90GHz,Intel
m6id.8xlarge,us-west-2,usw2-az3,3,5.0,10.0,1.0,1.8984,0.7759,59,m6id,General,m,32.0,128.0,29002.8556,Intel(R) Xeon(R) Platinum 8375C CPU @ 2.90GHz,Intel(R) Xeon(R) Platinum 8375C CPU @ 2.90GHz,Intel
m6id.8xlarge,us-west-2,usw2-az4,3,15.0,25.0,1.0,1.8984,0.8679,54,m6id,General,m,32.0,128.0,29002.8556,Intel(R) Xeon(R) Platinum 8375C CPU @ 2.90GHz,Intel(R) Xeon(R) Platinum 8375C CPU @ 2.90GHz,Intel
m6id.large,us-west-2,usw2-az1,3,50.0,50.0,3.0,0.11865,0.042,64,m6id,General,m,2.0,8.0,28969.0605,Intel(R) Xeon(R) Platinum 8375C CPU @ 2.90GHz,Intel(R) Xeon(R) Platinum 8375C CPU @ 2.90GHz,Intel
m6id.large,us-west-2,usw2-az2,3,50.0,50.0,3.0,0.11865,0.0423,64,m6id,General,m,2.0,8.0,28969.0605,Intel(R) Xeon(R) Platinum 8375C CPU @ 2.90GHz,Intel(R) Xeon(R) Platinum 8375C CPU @ 2.90GHz,Intel
m6id.large,us-west-2,usw2-az3,3,40.0,50.0,3.0,0.11865,0.0435,63,m6id,General,m,2.0,8.0,28969.0605,Intel(R) Xeon(R) Platinum 8375C CPU @ 2.90GHz,Intel(R) Xeon(R) Platinum 8375C CPU @ 2.90GHz,Intel
m6id.large,us-west-2,usw2-az4,3,5.0,10.0,3.0,0.11865,0.0388,67,m6id,General,m,2.0,8.0,28969.0605,Intel(R) Xeon(R) Platinum 8375C CPU @ 2.90GHz,Intel(R) Xeon(R) Platinum 8375C CPU @ 2.90GHz,Intel
m6id.xlarge,us-west-2,usw2-az1,3,35.0,45.0,1.5,0.2373,0.0796,66,m6id,General,m,4.0,16.0,28983.8346,Intel(R) Xeon(R) Platinum 8375C CPU @ 2.90GHz,Intel(R) Xeon(R) Platinum 8375C CPU @ 2.90GHz,Intel
m6id.xlarge,us-west-2,usw2-az2,3,15.0,30.0,1.5,0.2373,0.0775,67,m6id,General,m,4.0,16.0,28983.8346,Intel(R) Xeon(R) Platinum 8375C CPU @ 2.90GHz,Intel(R) Xeon(R) Platinum 8375C CPU @ 2.90GHz,Intel
m6id.xlarge,us-west-2,usw2-az3,3,25.0,45.0,1.5,0.2373,0.0867,63,m6id,General,m,4.0,16.0,28983.8346,Intel(R) Xeon(R) Platinum 8375C CPU @ 2.90GHz,Intel(R) Xeon(R) Platinum 8375C CPU @ 2.90GHz,Intel
m6id.xlarge,us-west-2,usw2-az4,3,5.0,10.0,1.5,0.2373,0.0838,64,m6id,General,m,4.0,16.0,28983.8346,Intel(R) Xeon(R) Platinum 8375C CPU @ 2.90GHz,Intel(R) Xeon(R) Platinum 8375C CPU @ 2.90GHz,Intel
m6idn.12xlarge,us-west-2,usw2-az1,3,1.0,1.0,1.0,3.81888,1.6231,57,m6idn,General,m,48.0,192.0,29012.5965,Intel(R) Xeon(R) Platinum 8375C CPU @ 2.90GHz,Intel(R) Xeon(R) Platinum 8375C CPU @ 2.90GHz,Intel
m6idn.12xlarge,us-west-2,usw2-az2,3,1.0,1.0,1.0,3.81888,1.5787,58,m6idn,General,m,48.0,192.0,29012.5965,Intel(R) Xeon(R) Platinum 8375C CPU @ 2.90GHz,Intel(R) Xeon(R) Platinum 8375C CPU @ 2.90GHz,Intel
m6idn.12xlarge,us-west-2,usw2-az3,3,1.0,1.0,1.0,3.81888,1.4447,62,m6idn,General,m,48.0,192.0,29012.5965,Intel(R) Xeon(R) Platinum 8375C CPU @ 2.90GHz,Intel(R) Xeon(R) Platinum 8375C CPU @ 2.90GHz,Intel
m6idn.12xlarge,us-west-2,usw2-az4,1,0.0,0.0,1.0,3.81888,2.1452,43,m6idn,General,m,48.0,192.0,29012.5965,Intel(R) Xeon(R) Platinum 8375C CPU @ 2.90GHz,Intel(R) Xeon(R) Platinum 8375C CPU @ 2.90GHz,Intel
m6idn.16xlarge,us-west-2,usw2-az1,3,1.0,1.0,1.5,5.09184,2.1006,58,m6idn,General,m,64.0,256.0,29002.4238,Intel(R) Xeon(R) Platinum 8375C CPU @ 2.90GHz,Intel(R) Xeon(R) Platinum 8375C CPU @ 2.90GHz,Intel
m6idn.16xlarge,us-west-2,usw2-az2,1,0.0,0.0,1.5,5.09184,1.8801,63,m6idn,General,m,64.0,256.0,29002.4238,Intel(R) Xeon(R) Platinum 8375C CPU @ 2.90GHz,Intel(R) Xeon(R) Platinum 8375C CPU @ 2.90GHz,Intel
m6idn.16xlarge,us-west-2,usw2-az3,2,0.0,1.0,1.5,5.09184,1.9639,61,m6idn,General,m,64.0,256.0,29002.4238,Intel(R) Xeon(R) Platinum 8375C CPU @ 2.90GHz,Intel(R) Xeon(R) Platinum 8375C CPU @ 2.90GHz,Intel
m6idn.16xlarge,us-west-2,usw2-az4,1,0.0,0.0,1.5,5.09184,2.8336,44,m6idn,General,m,64.0,256.0,29002.4238,Intel(R) Xeon(R) Platinum 8375C CPU @ 2.90GHz,Intel(R) Xeon(R) Platinum 8375C CPU @ 2.90GHz,Intel
m6idn.24xlarge,us-west-2,usw2-az1,3,5.0,10.0,1.0,7.63776,2.8645,62,m6idn,General,m,96.0,384.0,29008.9116,Intel(R) Xeon(R) Platinum 8375C CPU @ 2.90GHz,Intel(R) Xeon(R) Platinum 8375C CPU @ 2.90GHz,Intel
m6idn.24xlarge,us-west-2,usw2-az2,3,1.0,5.0,1.0,7.63776,2.7664,63,m6idn,General,m,96.0,384.0,29008.9116,Intel(R) Xeon(R) Platinum 8375C CPU @ 2.90GHz,Intel(R) Xeon(R) Platinum 8375C CPU @ 2.90GHz,Intel
m6idn.24xlarge,us-west-2,usw2-az3,1,0.0,0.0,1.0,7.63776,3.2603,57,m6idn,General,m,96.0,384.0,29008.9116,Intel(R) Xeon(R) Platinum 8375C CPU @ 2.90GHz,Intel(R) Xeon(R) Platinum 8375C CPU @ 2.90GHz,Intel
m6idn.24xlarge,us-west-2,usw2-az4,1,0.0,0.0,1.0,7.63776,4.0558,46,m6idn,General,m,96.0,384.0,29008.9116,Intel(R) Xeon(R) Platinum 8375C CPU @ 2.90GHz,Intel(R) Xeon(R) Platinum 8375C CPU @ 2.90GHz,Intel
m6idn.2xlarge,us-west-2,usw2-az1,3,30.0,45.0,1.0,0.63648,0.2436,61,m6idn,General,m,8.0,32.0,29019.6649,Intel(R) Xeon(R) Platinum 8375C CPU @ 2.90GHz,Intel(R) Xeon(R) Platinum 8375C CPU @ 2.90GHz,Intel
m6idn.2xlarge,us-west-2,usw2-az2,3,15.0,25.0,1.0,0.63648,0.2348,63,m6idn,General,m,8.0,32.0,29019.6649,Intel(R) Xeon(R) Platinum 8375C CPU @ 2.90GHz,Intel(R) Xeon(R) Platinum 8375C CPU @ 2.90GHz,Intel
m6idn.2xlarge,us-west-2,usw2-az3,3,30.0,45.0,1.0,0.63648,0.2199,65,m6idn,General,m,8.0,32.0,29019.6649,Intel(R) Xeon(R) Platinum 8375C CPU @ 2.90GHz,Intel(R) Xeon(R) Platinum 8375C CPU @ 2.90GHz,Intel
m6idn.2xlarge,us-west-2,usw2-az4,1,0.0,0.0,1.0,0.63648,0.3471,45,m6idn,General,m,8.0,32.0,29019.6649,Intel(R) Xeon(R) Platinum 8375C CPU @ 2.90GHz,Intel(R) Xeon(R) Platinum 8375C CPU @ 2.90GHz,Intel
m6idn.32xlarge,us-west-2,usw2-az1,3,1.0,5.0,1.0,10.18368,4.7101,53,m6idn,General,m,128.0,512.0,28998.9751,Intel(R) Xeon(R) Platinum 8375C CPU @ 2.90GHz,Intel(R) Xeon(R) Platinum 8375C CPU @ 2.90GHz,Intel
m6idn.32xlarge,us-west-2,usw2-az2,3,1.0,1.0,1.0,10.18368,4.0467,60,m6idn,General,m,128.0,512.0,28998.9751,Intel(R) Xeon(R) Platinum 8375C CPU @ 2.90GHz,Intel(R) Xeon(R) Platinum 8375C CPU @ 2.90GHz,Intel
m6idn.32xlarge,us-west-2,usw2-az3,2,0.0,1.0,1.0,10.18368,3.7534,63,m6idn,General,m,128.0,512.0,28998.9751,Intel(R) Xeon(R) Platinum 8375C CPU @ 2.90GHz,Intel(R) Xeon(R) Platinum 8375C CPU @ 2.90GHz,Intel
m6idn.32xlarge,us-west-2,usw2-az4,1,0.0,0.0,1.0,10.18368,5.7312,43,m6idn,General,m,128.0,512.0,28998.9751,Intel(R) Xeon(R) Platinum 8375C CPU @ 2.90GHz,Intel(R) Xeon(R) Platinum 8375C CPU @ 2.90GHz,Intel
m6idn.4xlarge,us-west-2,usw2-az1,3,15.0,25.0,1.0,1.27296,0.4946,61,m6idn,General,m,16.0,64.0,28977.9684,Intel(R) Xeon(R) Platinum 8375C CPU @ 2.90GHz,Intel(R) Xeon(R) Platinum 8375C CPU @ 2.90GHz,Intel
m6idn.4xlarge,us-west-2,usw2-az2,3,10.0,15.0,1.0,1.27296,0.4258,66,m6idn,General,m,16.0,64.0,28977.9684,Intel(R) Xeon(R) Platinum 8375C CPU @ 2.90GHz,Intel(R) Xeon(R) Platinum 8375C CPU @ 2.90GHz,Intel
m6idn.4xlarge,us-west-2,usw2-az3,3,15.0,15.0,1.0,1.27296,0.4423,65,m6idn,General,m,16.0,64.0,28977.9684,Intel(R) Xeon(R) Platinum 8375C CPU @ 2.90GHz,Intel(R) Xeon(R) Platinum 8375C CPU @ 2.90GHz,Intel
m6idn.4xlarge,us-west-2,usw2-az4,3,1.0,1.0,1.0,1.27296,0.468,63,m6idn,General,m,16.0,64.0,28977.9684,Intel(R) Xeon(R) Platinum 8375C CPU @ 2.90GHz,Intel(R) Xeon(R) Platinum 8375C CPU @ 2.90GHz,Intel
m6idn.8xlarge,us-west-2,usw2-az1,3,5.0,10.0,2.0,2.54592,1.1855,53,m6idn,General,m,32.0,128.0,29005.3528,Intel(R) Xeon(R) Platinum 8375C CPU @ 2.90GHz,Intel(R) Xeon(R) Platinum 8375C CPU @ 2.90GHz,Intel
m6idn.8xlarge,us-west-2,usw2-az2,3,5.0,5.0,2.0,2.54592,1.2913,49,m6idn,General,m,32.0,128.0,29005.3528,Intel(R) Xeon(R) Platinum 8375C CPU @ 2.90GHz,Intel(R) Xeon(R) Platinum 8375C CPU @ 2.90GHz,Intel
m6idn.8xlarge,us-west-2,usw2-az3,3,1.0,5.0,2.0,2.54592,1.2124,52,m6idn,General,m,32.0,128.0,29005.3528,Intel(R) Xeon(R) Platinum 8375C CPU @ 2.90GHz,Intel(R) Xeon(R) Platinum 8375C CPU @ 2.90GHz,Intel
m6idn.8xlarge,us-west-2,usw2-az4,1,0.0,0.0,2.0,2.54592,1.5143,40,m6idn,General,m,32.0,128.0,29005.3528,Intel(R) Xeon(R) Platinum 8375C CPU @ 2.90GHz,Intel(R) Xeon(R) Platinum 8375C CPU @ 2.90GHz,Intel
m6idn.large,us-west-2,usw2-az1,3,25.0,40.0,2.5,0.15912,0.0556,65,m6idn,General,m,2.0,8.0,28982.9884,Intel(R) Xeon(R) Platinum 8375C CPU @ 2.90GHz,Intel(R) Xeon(R) Platinum 8375C CPU @ 2.90GHz,Intel
m6idn.large,us-west-2,usw2-az2,3,30.0,45.0,2.5,0.15912,0.0605,61,m6idn,General,m,2.0,8.0,28982.9884,Intel(R) Xeon(R) Platinum 8375C CPU @ 2.90GHz,Intel(R) Xeon(R) Platinum 8375C CPU @ 2.90GHz,Intel
m6idn.large,us-west-2,usw2-az3,3,10.0,20.0,2.5,0.15912,0.0497,68,m6idn,General,m,2.0,8.0,28982.9884,Intel(R) Xeon(R) Platinum 8375C CPU @ 2.90GHz,Intel(R) Xeon(R) Platinum 8375C CPU @ 2.90GHz,Intel
m6idn.large,us-west-2,usw2-az4,3,1.0,5.0,2.5,0.15912,0.0893,43,m6idn,General,m,2.0,8.0,28982.9884,Intel(R) Xeon(R) Platinum 8375C CPU @ 2.90GHz,Intel(R) Xeon(R) Platinum 8375C CPU @ 2.90GHz,Intel
m6idn.xlarge,us-west-2,usw2-az1,3,50.0,50.0,2.0,0.31824,0.1038,67,m6idn,General,m,4.0,16.0,28988.2075,Intel(R) Xeon(R) Platinum 8375C CPU @ 2.90GHz,Intel(R) Xeon(R) Platinum 8375C CPU @ 2.90GHz,Intel
m6idn.xlarge,us-west-2,usw2-az2,3,50.0,50.0,2.0,0.31824,0.1021,67,m6idn,General,m,4.0,16.0,28988.2075,Intel(R) Xeon(R) Platinum 8375C CPU @ 2.90GHz,Intel(R) Xeon(R) Platinum 8375C CPU @ 2.90GHz,Intel
m6idn.xlarge,us-west-2,usw2-az3,3,50.0,50.0,2.0,0.31824,0.104,67,m6idn,General,m,4.0,16.0,28988.2075,Intel(R) Xeon(R) Platinum 8375C CPU @ 2.90GHz,Intel(R) Xeon(R) Platinum 8375C CPU @ 2.90GHz,Intel
m6idn.xlarge,us-west-2,usw2-az4,3,1.0,5.0,2.0,0.31824,0.1838,42,m6idn,General,m,4.0,16.0,28988.2075,Intel(R) Xeon(R) Platinum 8375C CPU @ 2.90GHz,Intel(R) Xeon(R) Platinum 8375C CPU @ 2.90GHz,Intel
m6in.12xlarge,us-west-2,usw2-az1,3,1.0,1.0,1.5,3.34152,1.7226,48,m6in,General,m,48.0,192.0,29039.0516654,Intel(R) Xeon(R) Platinum 8375C CPU @ 2.90GHz,Intel(R) Xeon(R) Platinum 8375C CPU @ 2.90GHz,Intel
m6in.12xlarge,us-west-2,usw2-az2,3,1.0,1.0,1.5,3.34152,1.7996,46,m6in,General,m,48.0,192.0,29039.0516654,Intel(R) Xeon(R) Platinum 8375C CPU @ 2.90GHz,Intel(R) Xeon(R) Platinum 8375C CPU @ 2.90GHz,Intel
m6in.12xlarge,us-west-2,usw2-az3,2,0.0,1.0,1.5,3.34152,1.4446,56,m6in,General,m,48.0,192.0,29039.0516654,Intel(R) Xeon(R) Platinum 8375C CPU @ 2.90GHz,Intel(R) Xeon(R) Platinum 8375C CPU @ 2.90GHz,Intel
m6in.12xlarge,us-west-2,usw2-az4,1,0.0,0.0,1.5,3.34152,1.8295,45,m6in,General,m,48.0,192.0,29039.0516654,Intel(R) Xeon(R) Platinum 8375C CPU @ 2.90GHz,Intel(R) Xeon(R) Platinum 8375C CPU @ 2.90GHz,Intel
m6in.16xlarge,us-west-2,usw2-az1,3,5.0,10.0,1.0,4.45536,1.9749,55,m6in,General,m,64.0,256.0,29037.869522,Intel(R) Xeon(R) Platinum 8375C CPU @ 2.90GHz,Intel(R) Xeon(R) Platinum 8375C CPU @ 2.90GHz,Intel
m6in.16xlarge,us-west-2,usw2-az2,3,1.0,1.0,1.0,4.45536,2.0028,55,m6in,General,m,64.0,256.0,29037.869522,Intel(R) Xeon(R) Platinum 8375C CPU @ 2.90GHz,Intel(R) Xeon(R) Platinum 8375C CPU @ 2.90GHz,Intel
m6in.16xlarge,us-west-2,usw2-az3,2,0.0,1.0,1.0,4.45536,1.9798,55,m6in,General,m,64.0,256.0,29037.869522,Intel(R) Xeon(R) Platinum 8375C CPU @ 2.90GHz,Intel(R) Xeon(R) Platinum 8375C CPU @ 2.90GHz,Intel
m6in.16xlarge,us-west-2,usw2-az4,1,0.0,0.0,1.0,4.45536,2.4244,45,m6in,General,m,64.0,256.0,29037.869522,Intel(R) Xeon(R) Platinum 8375C CPU @ 2.90GHz,Intel(R) Xeon(R) Platinum 8375C CPU @ 2.90GHz,Intel
m6in.24xlarge,us-west-2,usw2-az1,3,1.0,1.0,1.5,6.68304,3.1935,52,m6in,General,m,96.0,384.0,29004.426484400006,Intel(R) Xeon(R) Platinum 8375C CPU @ 2.90GHz,Intel(R) Xeon(R) Platinum 8375C CPU @ 2.90GHz,Intel
m6in.24xlarge,us-west-2,usw2-az2,3,1.0,1.0,1.5,6.68304,2.8428,57,m6in,General,m,96.0,384.0,29004.426484400006,Intel(R) Xeon(R) Platinum 8375C CPU @ 2.90GHz,Intel(R) Xeon(R) Platinum 8375C CPU @ 2.90GHz,Intel
m6in.24xlarge,us-west-2,usw2-az3,1,0.0,0.0,1.5,6.68304,2.8655,57,m6in,General,m,96.0,384.0,29004.426484400006,Intel(R) Xeon(R) Platinum 8375C CPU @ 2.90GHz,Intel(R) Xeon(R) Platinum 8375C CPU @ 2.90GHz,Intel
m6in.24xlarge,us-west-2,usw2-az4,1,0.0,0.0,1.5,6.68304,3.4488,48,m6in,General,m,96.0,384.0,29004.426484400006,Intel(R) Xeon(R) Platinum 8375C CPU @ 2.90GHz,Intel(R) Xeon(R) Platinum 8375C CPU @ 2.90GHz,Intel
m6in.2xlarge,us-west-2,usw2-az1,3,50.0,50.0,2.5,0.55692,0.2343,57,m6in,General,m,8.0,32.0,28953.057775200003,Intel(R) Xeon(R) Platinum 8375C CPU @ 2.90GHz,Intel(R) Xeon(R) Platinum 8375C CPU @ 2.90GHz,Intel
m6in.2xlarge,us-west-2,usw2-az2,3,40.0,50.0,2.5,0.55692,0.2335,58,m6in,General,m,8.0,32.0,28953.057775200003,Intel(R) Xeon(R) Platinum 8375C CPU @ 2.90GHz,Intel(R) Xeon(R) Platinum 8375C CPU @ 2.90GHz,Intel
m6in.2xlarge,us-west-2,usw2-az3,3,30.0,45.0,2.5,0.55692,0.2444,56,m6in,General,m,8.0,32.0,28953.057775200003,Intel(R) Xeon(R) Platinum 8375C CPU @ 2.90GHz,Intel(R) Xeon(R) Platinum 8375C CPU @ 2.90GHz,Intel
m6in.2xlarge,us-west-2,usw2-az4,3,1.0,5.0,2.5,0.55692,0.2933,47,m6in,General,m,8.0,32.0,28953.057775200003,Intel(R) Xeon(R) Platinum 8375C CPU @ 2.90GHz,Intel(R) Xeon(R) Platinum 8375C CPU @ 2.90GHz,Intel
m6in.32xlarge,us-west-2,usw2-az1,3,1.0,5.0,1.0,8.91072,4.6177,48,m6in,General,m,128.0,512.0,29032.808087200003,Intel(R) Xeon(R) Platinum 8375C CPU @ 2.90GHz,Intel(R) Xeon(R) Platinum 8375C CPU @ 2.90GHz,Intel
m6in.32xlarge,us-west-2,usw2-az2,3,1.0,1.0,1.0,8.91072,4.54,49,m6in,General,m,128.0,512.0,29032.808087200003,Intel(R) Xeon(R) Platinum 8375C CPU @ 2.90GHz,Intel(R) Xeon(R) Platinum 8375C CPU @ 2.90GHz,Intel
m6in.32xlarge,us-west-2,usw2-az3,2,0.0,1.0,1.0,8.91072,3.3549,62,m6in,General,m,128.0,512.0,29032.808087200003,Intel(R) Xeon(R) Platinum 8375C CPU @ 2.90GHz,Intel(R) Xeon(R) Platinum 8375C CPU @ 2.90GHz,Intel
m6in.32xlarge,us-west-2,usw2-az4,1,0.0,0.0,1.0,8.91072,4.5176,49,m6in,General,m,128.0,512.0,29032.808087200003,Intel(R) Xeon(R) Platinum 8375C CPU @ 2.90GHz,Intel(R) Xeon(R) Platinum 8375C CPU @ 2.90GHz,Intel
m6in.4xlarge,us-west-2,usw2-az1,3,15.0,15.0,2.5,1.11384,0.5765,48,m6in,General,m,16.0,64.0,28968.217807599995,Intel(R) Xeon(R) Platinum 8375C CPU @ 2.90GHz,Intel(R) Xeon(R) Platinum 8375C CPU @ 2.90GHz,Intel
m6in.4xlarge,us-west-2,usw2-az2,3,10.0,15.0,2.5,1.11384,0.597,46,m6in,General,m,16.0,64.0,28968.217807599995,Intel(R) Xeon(R) Platinum 8375C CPU @ 2.90GHz,Intel(R) Xeon(R) Platinum 8375C CPU @ 2.90GHz,Intel
m6in.4xlarge,us-west-2,usw2-az3,3,35.0,50.0,2.5,1.11384,0.6165,44,m6in,General,m,16.0,64.0,28968.217807599995,Intel(R) Xeon(R) Platinum 8375C CPU @ 2.90GHz,Intel(R) Xeon(R) Platinum 8375C CPU @ 2.90GHz,Intel
m6in.4xlarge,us-west-2,usw2-az4,3,5.0,20.0,2.5,1.11384,0.4406,60,m6in,General,m,16.0,64.0,28968.217807599995,Intel(R) Xeon(R) Platinum 8375C CPU @ 2.90GHz,Intel(R) Xeon(R) Platinum 8375C CPU @ 2.90GHz,Intel
m6in.8xlarge,us-west-2,usw2-az1,3,15.0,20.0,1.0,2.22768,0.9379,57,m6in,General,m,32.0,128.0,28951.3269578,Intel(R) Xeon(R) Platinum 8375C CPU @ 2.90GHz,Intel(R) Xeon(R) Platinum 8375C CPU @ 2.90GHz,Intel
m6in.8xlarge,us-west-2,usw2-az2,3,25.0,35.0,1.0,2.22768,0.8772,60,m6in,General,m,32.0,128.0,28951.3269578,Intel(R) Xeon(R) Platinum 8375C CPU @ 2.90GHz,Intel(R) Xeon(R) Platinum 8375C CPU @ 2.90GHz,Intel
m6in.8xlarge,us-west-2,usw2-az3,3,5.0,10.0,1.0,2.22768,0.7997,64,m6in,General,m,32.0,128.0,28951.3269578,Intel(R) Xeon(R) Platinum 8375C CPU @ 2.90GHz,Intel(R) Xeon(R) Platinum 8375C CPU @ 2.90GHz,Intel
m6in.8xlarge,us-west-2,usw2-az4,1,0.0,0.0,1.0,2.22768,1.2686,43,m6in,General,m,32.0,128.0,28951.3269578,Intel(R) Xeon(R) Platinum 8375C CPU @ 2.90GHz,Intel(R) Xeon(R) Platinum 8375C CPU @ 2.90GHz,Intel
m6in.large,us-west-2,usw2-az1,3,50.0,50.0,2.5,0.13923,0.0503,63,m6in,General,m,2.0,8.0,28956.787883,Intel(R) Xeon(R) Platinum 8375C CPU @ 2.90GHz,Intel(R) Xeon(R) Platinum 8375C CPU @ 2.90GHz,Intel
m6in.large,us-west-2,usw2-az2,3,40.0,50.0,2.5,0.13923,0.0548,60,m6in,General,m,2.0,8.0,28956.787883,Intel(R) Xeon(R) Platinum 8375C CPU @ 2.90GHz,Intel(R) Xeon(R) Platinum 8375C CPU @ 2.90GHz,Intel
m6in.large,us-west-2,usw2-az3,3,30.0,40.0,2.5,0.13923,0.0467,66,m6in,General,m,2.0,8.0,28956.787883,Intel(R) Xeon(R) Platinum 8375C CPU @ 2.90GHz,Intel(R) Xeon(R) Platinum 8375C CPU @ 2.90GHz,Intel
m6in.large,us-west-2,usw2-az4,3,1.0,5.0,2.5,0.13923,0.0807,42,m6in,General,m,2.0,8.0,28956.787883,Intel(R) Xeon(R) Platinum 8375C CPU @ 2.90GHz,Intel(R) Xeon(R) Platinum 8375C CPU @ 2.90GHz,Intel
m6in.xlarge,us-west-2,usw2-az1,3,10.0,20.0,2.5,0.27846,0.144,48,m6in,General,m,4.0,16.0,28988.743332,Intel(R) Xeon(R) Platinum 8375C CPU @ 2.90GHz,Intel(R) Xeon(R) Platinum 8375C CPU @ 2.90GHz,Intel
m6in.xlarge,us-west-2,usw2-az2,3,15.0,25.0,2.5,0.27846,0.1119,59,m6in,General,m,4.0,16.0,28988.743332,Intel(R) Xeon(R) Platinum 8375C CPU @ 2.90GHz,Intel(R) Xeon(R) Platinum 8375C CPU @ 2.90GHz,Intel
m6in.xlarge,us-west-2,usw2-az3,3,10.0,15.0,2.5,0.27846,0.1087,60,m6in,General,m,4.0,16.0,28988.743332,Intel(R) Xeon(R) Platinum 8375C CPU @ 2.90GHz,Intel(R) Xeon(R) Platinum 8375C CPU @ 2.90GHz,Intel
m6in.xlarge,us-west-2,usw2-az4,3,5.0,5.0,2.5,0.27846,0.1459,47,m6in,General,m,4.0,16.0,28988.743332,Intel(R) Xeon(R) Platinum 8375C CPU @ 2.90GHz,Intel(R) Xeon(R) Platinum 8375C CPU @ 2.90GHz,Intel
m7a.12xlarge,us-west-2,usw2-az1,3,10.0,20.0,1.0,2.78208,0.9998,64,m7a,General,m,48.0,192.0,35537.8869594,AMD EPYC 9R14,AMD EPYC 9R14,AuthenticAMD
m7a.12xlarge,us-west-2,usw2-az2,3,10.0,15.0,1.0,2.78208,1.1668,58,m7a,General,m,48.0,192.0,35537.8869594,AMD EPYC 9R14,AMD EPYC 9R14,AuthenticAMD
m7a.12xlarge,us-west-2,usw2-az3,3,50.0,50.0,1.0,2.78208,0.9235,66,m7a,General,m,48.0,192.0,35537.8869594,AMD EPYC 9R14,AMD EPYC 9R14,AuthenticAMD
m7a.12xlarge,us-west-2,usw2-az4,1,0.0,0.0,1.0,2.78208,1.06,61,m7a,General,m,48.0,192.0,35537.8869594,AMD EPYC 9R14,AMD EPYC 9R14,AuthenticAMD
m7a.16xlarge,us-west-2,usw2-az1,3,10.0,15.0,1.0,3.70944,1.2284,66,m7a,General,m,64.0,256.0,35625.781371000005,AMD EPYC 9R14,AMD EPYC 9R14,AuthenticAMD
m7a.16xlarge,us-west-2,usw2-az2,3,50.0,50.0,1.0,3.70944,1.3666,63,m7a,General,m,64.0,256.0,35625.781371000005,AMD EPYC 9R14,AMD EPYC 9R14,AuthenticAMD
m7a.16xlarge,us-west-2,usw2-az3,3,10.0,15.0,1.0,3.70944,1.3586,63,m7a,General,m,64.0,256.0,35625.781371000005,AMD EPYC 9R14,AMD EPYC 9R14,AuthenticAMD
m7a.16xlarge,us-west-2,usw2-az4,1,0.0,0.0,1.0,3.70944,1.5731,57,m7a,General,m,64.0,256.0,35625.781371000005,AMD EPYC 9R14,AMD EPYC 9R14,AuthenticAMD
m7a.24xlarge,us-west-2,usw2-az1,3,10.0,15.0,1.0,5.56416,2.0605,62,m7a,General,m,96.0,384.0,35566.21822339999,AMD EPYC 9R14,AMD EPYC 9R14,AuthenticAMD
m7a.24xlarge,us-west-2,usw2-az2,3,10.0,15.0,1.0,5.56416,2.1004,62,m7a,General,m,96.0,384.0,35566.21822339999,AMD EPYC 9R14,AMD EPYC 9R14,AuthenticAMD
m7a.24xlarge,us-west-2,usw2-az3,3,10.0,15.0,1.0,5.56416,2.036,63,m7a,General,m,96.0,384.0,35566.21822339999,AMD EPYC 9R14,AMD EPYC 9R14,AuthenticAMD
m7a.24xlarge,us-west-2,usw2-az4,2,0.0,1.0,1.0,5.56416,2.0507,63,m7a,General,m,96.0,384.0,35566.21822339999,AMD EPYC 9R14,AMD EPYC 9R14,AuthenticAMD
m7a.2xlarge,us-west-2,usw2-az1,3,50.0,50.0,2.0,0.46368,0.1817,60,m7a,General,m,8.0,32.0,35573.4485604,AMD EPYC 9R14,AMD EPYC 9R14,AuthenticAMD
m7a.2xlarge,us-west-2,usw2-az2,3,50.0,50.0,2.0,0.46368,0.2019,56,m7a,General,m,8.0,32.0,35573.4485604,AMD EPYC 9R14,AMD EPYC 9R14,AuthenticAMD
m7a.2xlarge,us-west-2,usw2-az3,3,45.0,50.0,2.0,0.46368,0.1737,62,m7a,General,m,8.0,32.0,35573.4485604,AMD EPYC 9R14,AMD EPYC 9R14,AuthenticAMD
m7a.2xlarge,us-west-2,usw2-az4,3,1.0,5.0,2.0,0.46368,0.2019,56,m7a,General,m,8.0,32.0,35573.4485604,AMD EPYC 9R14,AMD EPYC 9R14,AuthenticAMD
m7a.32xlarge,us-west-2,usw2-az1,3,1.0,1.0,1.0,7.41888,2.8295,61,m7a,General,m,128.0,512.0,35559.1732954,AMD EPYC 9R14,AMD EPYC 9R14,AuthenticAMD
m7a.32xlarge,us-west-2,usw2-az2,3,1.0,1.0,1.0,7.41888,2.8058,62,m7a,General,m,128.0,512.0,35559.1732954,AMD EPYC 9R14,AMD EPYC 9R14,AuthenticAMD
m7a.32xlarge,us-west-2,usw2-az3,3,5.0,5.0,1.0,7.41888,2.527,65,m7a,General,m,128.0,512.0,35559.1732954,AMD EPYC 9R14,AMD EPYC 9R14,AuthenticAMD
m7a.32xlarge,us-west-2,usw2-az4,2,0.0,1.0,1.0,7.41888,2.5926,65,m7a,General,m,128.0,512.0,35559.1732954,AMD EPYC 9R14,AMD EPYC 9R14,AuthenticAMD
m7a.48xlarge,us-west-2,usw2-az1,3,5.0,5.0,1.0,11.12832,3.8907,65,m7a,General,m,192.0,768.0,35572.6817414,AMD EPYC 9R14,AMD EPYC 9R14,AuthenticAMD
m7a.48xlarge,us-west-2,usw2-az2,3,5.0,10.0,1.0,11.12832,3.8232,65,m7a,General,m,192.0,768.0,35572.6817414,AMD EPYC 9R14,AMD EPYC 9R14,AuthenticAMD
m7a.48xlarge,us-west-2,usw2-az3,3,5.0,15.0,1.0,11.12832,3.7996,65,m7a,General,m,192.0,768.0,35572.6817414,AMD EPYC 9R14,AMD EPYC 9R14,AuthenticAMD
m7a.48xlarge,us-west-2,usw2-az4,2,0.0,1.0,1.0,11.12832,3.8722,65,m7a,General,m,192.0,768.0,35572.6817414,AMD EPYC 9R14,AMD EPYC 9R14,AuthenticAMD
m7a.4xlarge,us-west-2,usw2-az1,3,50.0,50.0,1.0,0.92736,0.3635,60,m7a,General,m,16.0,64.0,35630.9504934,AMD EPYC 9R14,AMD EPYC 9R14,AuthenticAMD
m7a.4xlarge,us-west-2,usw2-az2,3,50.0,50.0,1.0,0.92736,0.3692,60,m7a,General,m,16.0,64.0,35630.9504934,AMD EPYC 9R14,AMD EPYC 9R14,AuthenticAMD
m7a.4xlarge,us-west-2,usw2-az3,3,50.0,50.0,1.0,0.92736,0.3456,62,m7a,General,m,16.0,64.0,35630.9504934,AMD EPYC 9R14,AMD EPYC 9R14,AuthenticAMD
m7a.4xlarge,us-west-2,usw2-az4,3,1.0,5.0,1.0,0.92736,0.439,52,m7a,General,m,16.0,64.0,35630.9504934,AMD EPYC 9R14,AMD EPYC 9R14,AuthenticAMD
m7a.8xlarge,us-west-2,usw2-az1,3,15.0,40.0,1.0,1.85472,0.7102,61,m7a,General,m,32.0,128.0,35620.733535,AMD EPYC 9R14,AMD EPYC 9R14,AuthenticAMD
m7a.8xlarge,us-west-2,usw2-az2,3,25.0,35.0,1.0,1.85472,0.7425,59,m7a,General,m,32.0,128.0,35620.733535,AMD EPYC 9R14,AMD EPYC 9R14,AuthenticAMD
m7a.8xlarge,us-west-2,usw2-az3,3,15.0,15.0,1.0,1.85472,0.6978,62,m7a,General,m,32.0,128.0,35620.733535,AMD EPYC 9R14,AMD EPYC 9R14,AuthenticAMD
m7a.8xlarge,us-west-2,usw2-az4,2,0.0,1.0,1.0,1.85472,0.7553,59,m7a,General,m,32.0,128.0,35620.733535,AMD EPYC 9R14,AMD EPYC 9R14,AuthenticAMD
m7a.large,us-west-2,usw2-az1,3,50.0,50.0,3.0,0.11592,0.0396,65,m7a,General,m,2.0,8.0,35597.8908984,AMD EPYC 9R14,AMD EPYC 9R14,AuthenticAMD
m7a.large,us-west-2,usw2-az2,3,50.0,50.0,3.0,0.11592,0.0453,60,m7a,General,m,2.0,8.0,35597.8908984,AMD EPYC 9R14,AMD EPYC 9R14,AuthenticAMD
m7a.large,us-west-2,usw2-az3,3,50.0,50.0,3.0,0.11592,0.0435,62,m7a,General,m,2.0,8.0,35597.8908984,AMD EPYC 9R14,AMD EPYC 9R14,AuthenticAMD
m7a.large,us-west-2,usw2-az4,3,15.0,25.0,3.0,0.11592,0.0383,66,m7a,General,m,2.0,8.0,35597.8908984,AMD EPYC 9R14,AMD EPYC 9R14,AuthenticAMD
m7a.medium,us-west-2,usw2-az1,3,50.0,50.0,3.0,0.05796,0.0187,67,m7a,General,m,1.0,4.0,35469.1661588,AMD EPYC 9R14,AMD EPYC 9R14,AuthenticAMD
m7a.medium,us-west-2,usw2-az2,3,50.0,50.0,3.0,0.05796,0.0204,64,m7a,General,m,1.0,4.0,35469.1661588,AMD EPYC 9R14,AMD EPYC 9R14,AuthenticAMD
m7a.medium,us-west-2,usw2-az3,3,50.0,50.0,3.0,0.05796,0.0182,68,m7a,General,m,1.0,4.0,35469.1661588,AMD EPYC 9R14,AMD EPYC 9R14,AuthenticAMD
m7a.medium,us-west-2,usw2-az4,3,50.0,50.0,3.0,0.05796,0.0158,72,m7a,General,m,1.0,4.0,35469.1661588,AMD EPYC 9R14,AMD EPYC 9R14,AuthenticAMD
m7a.xlarge,us-west-2,usw2-az1,3,50.0,50.0,2.5,0.23184,0.0887,61,m7a,General,m,4.0,16.0,35593.8236712,AMD EPYC 9R14,AMD EPYC 9R14,AuthenticAMD
m7a.xlarge,us-west-2,usw2-az2,3,50.0,50.0,2.5,0.23184,0.1039,55,m7a,General,m,4.0,16.0,35593.8236712,AMD EPYC 9R14,AMD EPYC 9R14,AuthenticAMD
m7a.xlarge,us-west-2,usw2-az3,3,50.0,50.0,2.5,0.23184,0.0834,64,m7a,General,m,4.0,16.0,35593.8236712,AMD EPYC 9R14,AMD EPYC 9R14,AuthenticAMD
m7a.xlarge,us-west-2,usw2-az4,3,50.0,50.0,2.5,0.23184,0.0839,63,m7a,General,m,4.0,16.0,35593.8236712,AMD EPYC 9R14,AMD EPYC 9R14,AuthenticAMD
m7g.12xlarge,us-west-2,usw2-az1,3,50.0,50.0,2.0,1.9584,0.591,69,m7g,General,m,48.0,192.0,24298.0526854,AWS Graviton3 Processor,AWS Graviton3 Processor,AWS
m7g.12xlarge,us-west-2,usw2-az2,3,50.0,50.0,2.0,1.9584,0.7333,62,m7g,General,m,48.0,192.0,24298.0526854,AWS Graviton3 Processor,AWS Graviton3 Processor,AWS
m7g.12xlarge,us-west-2,usw2-az3,3,50.0,50.0,2.0,1.9584,0.6347,67,m7g,General,m,48.0,192.0,24298.0526854,AWS Graviton3 Processor,AWS Graviton3 Processor,AWS
m7g.12xlarge,us-west-2,usw2-az4,3,35.0,50.0,2.0,1.9584,0.627,67,m7g,General,m,48.0,192.0,24298.0526854,AWS Graviton3 Processor,AWS Graviton3 Processor,AWS
m7g.16xlarge,us-west-2,usw2-az1,3,50.0,50.0,2.5,2.6112,0.9109,65,m7g,General,m,64.0,256.0,24280.108154,AWS Graviton3 Processor,AWS Graviton3 Processor,AWS
m7g.16xlarge,us-west-2,usw2-az2,3,50.0,50.0,2.5,2.6112,0.8674,66,m7g,General,m,64.0,256.0,24280.108154,AWS Graviton3 Processor,AWS Graviton3 Processor,AWS
m7g.16xlarge,us-west-2,usw2-az3,3,50.0,50.0,2.5,2.6112,0.8774,66,m7g,General,m,64.0,256.0,24280.108154,AWS Graviton3 Processor,AWS Graviton3 Processor,AWS
m7g.16xlarge,us-west-2,usw2-az4,3,50.0,50.0,2.5,2.6112,0.8446,67,m7g,General,m,64.0,256.0,24280.108154,AWS Graviton3 Processor,AWS Graviton3 Processor,AWS
m7g.2xlarge,us-west-2,usw2-az1,3,50.0,50.0,1.0,0.3264,0.1209,62,m7g,General,m,8.0,32.0,24280.9407438,AWS Graviton3 Processor,AWS Graviton3 Processor,AWS
m7g.2xlarge,us-west-2,usw2-az2,3,50.0,50.0,1.0,0.3264,0.1226,62,m7g,General,m,8.0,32.0,24280.9407438,AWS Graviton3 Processor,AWS Graviton3 Processor,AWS
m7g.2xlarge,us-west-2,usw2-az3,3,50.0,50.0,1.0,0.3264,0.1275,60,m7g,General,m,8.0,32.0,24280.9407438,AWS Graviton3 Processor,AWS Graviton3 Processor,AWS
m7g.2xlarge,us-west-2,usw2-az4,3,50.0,50.0,1.0,0.3264,0.1132,65,m7g,General,m,8.0,32.0,24280.9407438,AWS Graviton3 Processor,AWS Graviton3 Processor,AWS
m7g.4xlarge,us-west-2,usw2-az1,3,50.0,50.0,1.5,0.6528,0.249,61,m7g,General,m,16.0,64.0,24297.092525599997,AWS Graviton3 Processor,AWS Graviton3 Processor,AWS
m7g.4xlarge,us-west-2,usw2-az2,3,50.0,50.0,1.5,0.6528,0.2423,62,m7g,General,m,16.0,64.0,24297.092525599997,AWS Graviton3 Processor,AWS Graviton3 Processor,AWS
m7g.4xlarge,us-west-2,usw2-az3,3,50.0,50.0,1.5,0.6528,0.2608,60,m7g,General,m,16.0,64.0,24297.092525599997,AWS Graviton3 Processor,AWS Graviton3 Processor,AWS
m7g.4xlarge,us-west-2,usw2-az4,3,50.0,50.0,1.5,0.6528,0.2376,63,m7g,General,m,16.0,64.0,24297.092525599997,AWS Graviton3 Processor,AWS Graviton3 Processor,AWS
m7g.8xlarge,us-west-2,usw2-az1,3,50.0,50.0,2.5,1.3056,0.5101,60,m7g,General,m,32.0,128.0,24288.61628,AWS Graviton3 Processor,AWS Graviton3 Processor,AWS
m7g.8xlarge,us-west-2,usw2-az2,3,50.0,50.0,2.5,1.3056,0.5981,54,m7g,General,m,32.0,128.0,24288.61628,AWS Graviton3 Processor,AWS Graviton3 Processor,AWS
m7g.8xlarge,us-west-2,usw2-az3,3,50.0,50.0,2.5,1.3056,0.4892,62,m7g,General,m,32.0,128.0,24288.61628,AWS Graviton3 Processor,AWS Graviton3 Processor,AWS
m7g.8xlarge,us-west-2,usw2-az4,3,20.0,30.0,2.5,1.3056,0.4704,63,m7g,General,m,32.0,128.0,24288.61628,AWS Graviton3 Processor,AWS Graviton3 Processor,AWS
m7g.large,us-west-2,usw2-az1,3,50.0,50.0,2.5,0.0816,0.0307,62,m7g,General,m,2.0,8.0,24307.2543432,AWS Graviton3 Processor,AWS Graviton3 Processor,AWS
m7g.large,us-west-2,usw2-az2,3,50.0,50.0,2.5,0.0816,0.0284,65,m7g,General,m,2.0,8.0,24307.2543432,AWS Graviton3 Processor,AWS Graviton3 Processor,AWS
m7g.large,us-west-2,usw2-az3,3,50.0,50.0,2.5,0.0816,0.0286,64,m7g,General,m,2.0,8.0,24307.2543432,AWS Graviton3 Processor,AWS Graviton3 Processor,AWS
m7g.large,us-west-2,usw2-az4,3,50.0,50.0,2.5,0.0816,0.0342,58,m7g,General,m,2.0,8.0,24307.2543432,AWS Graviton3 Processor,AWS Graviton3 Processor,AWS
m7g.medium,us-west-2,usw2-az1,3,50.0,50.0,3.0,0.0408,0.0139,65,m7g,General,m,1.0,4.0,24331.51188,AWS Graviton3 Processor,AWS Graviton3 Processor,AWS
m7g.medium,us-west-2,usw2-az2,3,50.0,50.0,3.0,0.0408,0.0144,64,m7g,General,m,1.0,4.0,24331.51188,AWS Graviton3 Processor,AWS Graviton3 Processor,AWS
m7g.medium,us-west-2,usw2-az3,3,50.0,50.0,3.0,0.0408,0.0137,66,m7g,General,m,1.0,4.0,24331.51188,AWS Graviton3 Processor,AWS Graviton3 Processor,AWS
m7g.medium,us-west-2,usw2-az4,3,50.0,50.0,3.0,0.0408,0.0126,69,m7g,General,m,1.0,4.0,24331.51188,AWS Graviton3 Processor,AWS Graviton3 Processor,AWS
m7g.metal,us-west-2,usw2-az1,3,5.0,5.0,2.0,2.6112,0.7744,70,m7g,General,m,64.0,256.0,24350.5834232,,,AWS
m7g.metal,us-west-2,usw2-az2,3,10.0,15.0,2.0,2.6112,0.9768,62,m7g,General,m,64.0,256.0,24350.5834232,,,AWS
m7g.metal,us-west-2,usw2-az3,3,5.0,10.0,2.0,2.6112,0.8132,68,m7g,General,m,64.0,256.0,24350.5834232,,,AWS
m7g.metal,us-west-2,usw2-az4,3,10.0,15.0,2.0,2.6112,0.7415,71,m7g,General,m,64.0,256.0,24350.5834232,,,AWS
m7g.xlarge,us-west-2,usw2-az1,3,50.0,50.0,3.0,0.1632,0.0642,60,m7g,General,m,4.0,16.0,24294.260086,AWS Graviton3 Processor,AWS Graviton3 Processor,AWS
m7g.xlarge,us-west-2,usw2-az2,3,50.0,50.0,3.0,0.1632,0.0666,59,m7g,General,m,4.0,16.0,24294.260086,AWS Graviton3 Processor,AWS Graviton3 Processor,AWS
m7g.xlarge,us-west-2,usw2-az3,3,50.0,50.0,3.0,0.1632,0.0571,65,m7g,General,m,4.0,16.0,24294.260086,AWS Graviton3 Processor,AWS Graviton3 Processor,AWS
m7g.xlarge,us-west-2,usw2-az4,3,50.0,50.0,3.0,0.1632,0.0594,63,m7g,General,m,4.0,16.0,24294.260086,AWS Graviton3 Processor,AWS Graviton3 Processor,AWS
m7gd.12xlarge,us-west-2,usw2-az1,3,35.0,45.0,2.5,2.5628,0.8752,65,m7gd,General,m,48.0,192.0,24278.58991,AWS Graviton3 Processor,AWS Graviton3 Processor,AWS
m7gd.12xlarge,us-west-2,usw2-az2,3,50.0,50.0,2.5,2.5628,1.0576,58,m7gd,General,m,48.0,192.0,24278.58991,AWS Graviton3 Processor,AWS Graviton3 Processor,AWS
m7gd.12xlarge,us-west-2,usw2-az3,3,50.0,50.0,2.5,2.5628,0.9965,61,m7gd,General,m,48.0,192.0,24278.58991,AWS Graviton3 Processor,AWS Graviton3 Processor,AWS
m7gd.12xlarge,us-west-2,usw2-az4,3,20.0,30.0,2.5,2.5628,0.9053,64,m7gd,General,m,48.0,192.0,24278.58991,AWS Graviton3 Processor,AWS Graviton3 Processor,AWS
m7gd.16xlarge,us-west-2,usw2-az1,3,50.0,50.0,2.5,3.4171,1.0702,68,m7gd,General,m,64.0,256.0,24291.77699,AWS Graviton3 Processor,AWS Graviton3 Processor,AWS
m7gd.16xlarge,us-west-2,usw2-az2,3,50.0,50.0,2.5,3.4171,1.1418,66,m7gd,General,m,64.0,256.0,24291.77699,AWS Graviton3 Processor,AWS Graviton3 Processor,AWS
m7gd.16xlarge,us-west-2,usw2-az3,3,50.0,50.0,2.5,3.4171,1.0906,68,m7gd,General,m,64.0,256.0,24291.77699,AWS Graviton3 Processor,AWS Graviton3 Processor,AWS
m7gd.16xlarge,us-west-2,usw2-az4,3,15.0,20.0,2.5,3.4171,1.1813,65,m7gd,General,m,64.0,256.0,24291.77699,AWS Graviton3 Processor,AWS Graviton3 Processor,AWS
m7gd.2xlarge,us-west-2,usw2-az1,3,50.0,50.0,3.0,0.4271,0.1516,64,m7gd,General,m,8.0,32.0,24285.66587,AWS Graviton3 Processor,AWS Graviton3 Processor,AWS
m7gd.2xlarge,us-west-2,usw2-az2,3,50.0,50.0,3.0,0.4271,0.1557,63,m7gd,General,m,8.0,32.0,24285.66587,AWS Graviton3 Processor,AWS Graviton3 Processor,AWS
m7gd.2xlarge,us-west-2,usw2-az3,3,50.0,50.0,3.0,0.4271,0.1506,64,m7gd,General,m,8.0,32.0,24285.66587,AWS Graviton3 Processor,AWS Graviton3 Processor,AWS
m7gd.2xlarge,us-west-2,usw2-az4,3,50.0,50.0,3.0,0.4271,0.1388,67,m7gd,General,m,8.0,32.0,24285.66587,AWS Graviton3 Processor,AWS Graviton3 Processor,AWS
m7gd.4xlarge,us-west-2,usw2-az1,3,50.0,50.0,1.5,0.8543,0.3111,63,m7gd,General,m,16.0,64.0,24295.91393,AWS Graviton3 Processor,AWS Graviton3 Processor,AWS
m7gd.4xlarge,us-west-2,usw2-az2,3,50.0,50.0,1.5,0.8543,0.2942,65,m7gd,General,m,16.0,64.0,24295.91393,AWS Graviton3 Processor,AWS Graviton3 Processor,AWS
m7gd.4xlarge,us-west-2,usw2-az3,3,50.0,50.0,1.5,0.8543,0.2873,66,m7gd,General,m,16.0,64.0,24295.91393,AWS Graviton3 Processor,AWS Graviton3 Processor,AWS
m7gd.4xlarge,us-west-2,usw2-az4,3,5.0,5.0,1.5,0.8543,0.2949,65,m7gd,General,m,16.0,64.0,24295.91393,AWS Graviton3 Processor,AWS Graviton3 Processor,AWS
m7gd.8xlarge,us-west-2,usw2-az1,3,40.0,50.0,2.5,1.7086,0.6633,61,m7gd,General,m,32.0,128.0,24279.1627852,AWS Graviton3 Processor,AWS Graviton3 Processor,AWS
m7gd.8xlarge,us-west-2,usw2-az2,3,25.0,40.0,2.5,1.7086,0.6749,60,m7gd,General,m,32.0,128.0,24279.1627852,AWS Graviton3 Processor,AWS Graviton3 Processor,AWS
m7gd.8xlarge,us-west-2,usw2-az3,3,30.0,40.0,2.5,1.7086,0.651,61,m7gd,General,m,32.0,128.0,24279.1627852,AWS Graviton3 Processor,AWS Graviton3 Processor,AWS
m7gd.8xlarge,us-west-2,usw2-az4,3,10.0,15.0,2.5,1.7086,0.6712,60,m7gd,General,m,32.0,128.0,24279.1627852,AWS Graviton3 Processor,AWS Graviton3 Processor,AWS
m7gd.large,us-west-2,usw2-az1,3,40.0,50.0,3.0,0.1068,0.0423,60,m7gd,General,m,2.0,8.0,24311.2823744,AWS Graviton3 Processor,AWS Graviton3 Processor,AWS
m7gd.large,us-west-2,usw2-az2,3,25.0,40.0,3.0,0.1068,0.0423,60,m7gd,General,m,2.0,8.0,24311.2823744,AWS Graviton3 Processor,AWS Graviton3 Processor,AWS
m7gd.large,us-west-2,usw2-az3,3,50.0,50.0,3.0,0.1068,0.0378,64,m7gd,General,m,2.0,8.0,24311.2823744,AWS Graviton3 Processor,AWS Graviton3 Processor,AWS
m7gd.large,us-west-2,usw2-az4,3,35.0,50.0,3.0,0.1068,0.0375,64,m7gd,General,m,2.0,8.0,24311.2823744,AWS Graviton3 Processor,AWS Graviton3 Processor,AWS
m7gd.medium,us-west-2,usw2-az1,3,50.0,50.0,3.0,0.0534,0.0158,70,m7gd,General,m,1.0,4.0,24323.82784,AWS Graviton3 Processor,AWS Graviton3 Processor,AWS
m7gd.medium,us-west-2,usw2-az2,3,50.0,50.0,3.0,0.0534,0.0167,68,m7gd,General,m,1.0,4.0,24323.82784,AWS Graviton3 Processor,AWS Graviton3 Processor,AWS
m7gd.medium,us-west-2,usw2-az3,3,50.0,50.0,3.0,0.0534,0.0166,68,m7gd,General,m,1.0,4.0,24323.82784,AWS Graviton3 Processor,AWS Graviton3 Processor,AWS
m7gd.medium,us-west-2,usw2-az4,3,45.0,50.0,3.0,0.0534,0.0134,74,m7gd,General,m,1.0,4.0,24323.82784,AWS Graviton3 Processor,AWS Graviton3 Processor,AWS
m7gd.metal,us-west-2,usw2-az1,3,50.0,50.0,3.0,3.4171,0.9528,72,m7gd,General,m,64.0,256.0,24357.35114,,,AWS
m7gd.metal,us-west-2,usw2-az2,3,30.0,45.0,3.0,3.4171,0.9821,71,m7gd,General,m,64.0,256.0,24357.35114,,,AWS
m7gd.metal,us-west-2,usw2-az3,3,50.0,50.0,3.0,3.4171,0.9507,72,m7gd,General,m,64.0,256.0,24357.35114,,,AWS
m7gd.metal,us-west-2,usw2-az4,3,10.0,15.0,3.0,3.4171,0.8623,74,m7gd,General,m,64.0,256.0,24357.35114,,,AWS
m7gd.xlarge,us-west-2,usw2-az1,3,50.0,50.0,2.0,0.2136,0.0915,57,m7gd,General,m,4.0,16.0,24306.66157,AWS Graviton3 Processor,AWS Graviton3 Processor,AWS
m7gd.xlarge,us-west-2,usw2-az2,3,45.0,50.0,2.0,0.2136,0.0896,58,m7gd,General,m,4.0,16.0,24306.66157,AWS Graviton3 Processor,AWS Graviton3 Processor,AWS
m7gd.xlarge,us-west-2,usw2-az3,3,50.0,50.0,2.0,0.2136,0.0853,60,m7gd,General,m,4.0,16.0,24306.66157,AWS Graviton3 Processor,AWS Graviton3 Processor,AWS
m7gd.xlarge,us-west-2,usw2-az4,3,40.0,50.0,2.0,0.2136,0.0705,66,m7gd,General,m,4.0,16.0,24306.66157,AWS Graviton3 Processor,AWS Graviton3 Processor,AWS
m7i-flex.2xlarge,us-west-2,usw2-az1,3,50.0,50.0,2.5,0.38304,0.1627,57,m7i-flex,General,m,8.0,32.0,34847.849836199995,Intel(R) Xeon(R) Platinum 8488C,Intel(R) Xeon(R) Platinum 8488C,Intel
m7i-flex.2xlarge,us-west-2,usw2-az2,3,50.0,50.0,2.5,0.38304,0.1837,52,m7i-flex,General,m,8.0,32.0,34847.849836199995,Intel(R) Xeon(R) Platinum 8488C,Intel(R) Xeon(R) Platinum 8488C,Intel
m7i-flex.2xlarge,us-west-2,usw2-az3,3,50.0,50.0,2.5,0.38304,0.1727,54,m7i-flex,General,m,8.0,32.0,34847.849836199995,Intel(R) Xeon(R) Platinum 8488C,Intel(R) Xeon(R) Platinum 8488C,Intel
m7i-flex.2xlarge,us-west-2,usw2-az4,3,40.0,50.0,2.5,0.38304,0.1527,60,m7i-flex,General,m,8.0,32.0,34847.849836199995,Intel(R) Xeon(R) Platinum 8488C,Intel(R) Xeon(R) Platinum 8488C,Intel
m7i-flex.4xlarge,us-west-2,usw2-az1,3,30.0,40.0,1.0,0.76608,0.3269,57,m7i-flex,General,m,16.0,64.0,34834.042632599994,Intel(R) Xeon(R) Platinum 8488C,Intel(R) Xeon(R) Platinum 8488C,Intel
m7i-flex.4xlarge,us-west-2,usw2-az2,3,10.0,25.0,1.0,0.76608,0.3407,55,m7i-flex,General,m,16.0,64.0,34834.042632599994,Intel(R) Xeon(R) Platinum 8488C,Intel(R) Xeon(R) Platinum 8488C,Intel
m7i-flex.4xlarge,us-west-2,usw2-az3,3,25.0,50.0,1.0,0.76608,0.3429,55,m7i-flex,General,m,16.0,64.0,34834.042632599994,Intel(R) Xeon(R) Platinum 8488C,Intel(R) Xeon(R) Platinum 8488C,Intel
m7i-flex.4xlarge,us-west-2,usw2-az4,3,1.0,1.0,1.0,0.76608,0.3719,51,m7i-flex,General,m,16.0,64.0,34834.042632599994,Intel(R) Xeon(R) Platinum 8488C,Intel(R) Xeon(R) Platinum 8488C,Intel
m7i-flex.8xlarge,us-west-2,usw2-az1,3,15.0,20.0,1.0,1.53216,0.5651,63,m7i-flex,General,m,32.0,128.0,34807.886400999996,Intel(R) Xeon(R) Platinum 8488C,Intel(R) Xeon(R) Platinum 8488C,Intel
m7i-flex.8xlarge,us-west-2,usw2-az2,3,20.0,30.0,1.0,1.53216,0.6277,59,m7i-flex,General,m,32.0,128.0,34807.886400999996,Intel(R) Xeon(R) Platinum 8488C,Intel(R) Xeon(R) Platinum 8488C,Intel
m7i-flex.8xlarge,us-west-2,usw2-az3,3,15.0,25.0,1.0,1.53216,0.6356,58,m7i-flex,General,m,32.0,128.0,34807.886400999996,Intel(R) Xeon(R) Platinum 8488C,Intel(R) Xeon(R) Platinum 8488C,Intel
m7i-flex.8xlarge,us-west-2,usw2-az4,3,1.0,1.0,1.0,1.53216,0.655,57,m7i-flex,General,m,32.0,128.0,34807.886400999996,Intel(R) Xeon(R) Platinum 8488C,Intel(R) Xeon(R) Platinum 8488C,Intel
m7i-flex.large,us-west-2,usw2-az1,3,50.0,50.0,3.0,0.09576,0.0312,67,m7i-flex,General,m,2.0,8.0,34817.0428886,Intel(R) Xeon(R) Platinum 8488C,Intel(R) Xeon(R) Platinum 8488C,Intel
m7i-flex.large,us-west-2,usw2-az2,3,50.0,50.0,3.0,0.09576,0.0347,63,m7i-flex,General,m,2.0,8.0,34817.0428886,Intel(R) Xeon(R) Platinum 8488C,Intel(R) Xeon(R) Platinum 8488C,Intel
m7i-flex.large,us-west-2,usw2-az3,3,50.0,50.0,3.0,0.09576,0.0315,67,m7i-flex,General,m,2.0,8.0,34817.0428886,Intel(R) Xeon(R) Platinum 8488C,Intel(R) Xeon(R) Platinum 8488C,Intel
m7i-flex.large,us-west-2,usw2-az4,3,50.0,50.0,3.0,0.09576,0.0319,66,m7i-flex,General,m,2.0,8.0,34817.0428886,Intel(R) Xeon(R) Platinum 8488C,Intel(R) Xeon(R) Platinum 8488C,Intel
m7i-flex.xlarge,us-west-2,usw2-az1,3,50.0,50.0,2.5,0.19152,0.076,60,m7i-flex,General,m,4.0,16.0,34818.577664000004,Intel(R) Xeon(R) Platinum 8488C,Intel(R) Xeon(R) Platinum 8488C,Intel
m7i-flex.xlarge,us-west-2,usw2-az2,3,30.0,50.0,2.5,0.19152,0.074,61,m7i-flex,General,m,4.0,16.0,34818.577664000004,Intel(R) Xeon(R) Platinum 8488C,Intel(R) Xeon(R) Platinum 8488C,Intel
m7i-flex.xlarge,us-west-2,usw2-az3,3,50.0,50.0,2.5,0.19152,0.0747,60,m7i-flex,General,m,4.0,16.0,34818.577664000004,Intel(R) Xeon(R) Platinum 8488C,Intel(R) Xeon(R) Platinum 8488C,Intel
m7i-flex.xlarge,us-west-2,usw2-az4,3,45.0,50.0,2.5,0.19152,0.0639,66,m7i-flex,General,m,4.0,16.0,34818.577664000004,Intel(R) Xeon(R) Platinum 8488C,Intel(R) Xeon(R) Platinum 8488C,Intel
m7i.12xlarge,us-west-2,usw2-az1,3,30.0,45.0,1.0,2.4192,0.8953,62,m7i,General,m,48.0,192.0,34290.7909594,Intel(R) Xeon(R) Platinum 8488C,Intel(R) Xeon(R) Platinum 8488C,Intel
m7i.12xlarge,us-west-2,usw2-az2,3,15.0,35.0,1.0,2.4192,0.8865,63,m7i,General,m,48.0,192.0,34290.7909594,Intel(R) Xeon(R) Platinum 8488C,Intel(R) Xeon(R) Platinum 8488C,Intel
m7i.12xlarge,us-west-2,usw2-az3,3,25.0,35.0,1.0,2.4192,0.9221,61,m7i,General,m,48.0,192.0,34290.7909594,Intel(R) Xeon(R) Platinum 8488C,Intel(R) Xeon(R) Platinum 8488C,Intel
m7i.12xlarge,us-west-2,usw2-az4,3,5.0,10.0,1.0,2.4192,1.1652,51,m7i,General,m,48.0,192.0,34290.7909594,Intel(R) Xeon(R) Platinum 8488C,Intel(R) Xeon(R) Platinum 8488C,Intel
m7i.16xlarge,us-west-2,usw2-az1,3,50.0,50.0,1.0,3.2256,1.2312,61,m7i,General,m,64.0,256.0,34337.3600746,Intel(R) Xeon(R) Platinum 8488C,Intel(R) Xeon(R) Platinum 8488C,Intel
m7i.16xlarge,us-west-2,usw2-az2,3,45.0,50.0,1.0,3.2256,1.1793,63,m7i,General,m,64.0,256.0,34337.3600746,Intel(R) Xeon(R) Platinum 8488C,Intel(R) Xeon(R) Platinum 8488C,Intel
m7i.16xlarge,us-west-2,usw2-az3,3,35.0,50.0,1.0,3.2256,1.219,62,m7i,General,m,64.0,256.0,34337.3600746,Intel(R) Xeon(R) Platinum 8488C,Intel(R) Xeon(R) Platinum 8488C,Intel
m7i.16xlarge,us-west-2,usw2-az4,3,5.0,10.0,1.0,3.2256,1.2557,61,m7i,General,m,64.0,256.0,34337.3600746,Intel(R) Xeon(R) Platinum 8488C,Intel(R) Xeon(R) Platinum 8488C,Intel
m7i.24xlarge,us-west-2,usw2-az1,3,15.0,15.0,1.0,4.8384,1.6894,65,m7i,General,m,96.0,384.0,34341.39411760001,Intel(R) Xeon(R) Platinum 8488C,Intel(R) Xeon(R) Platinum 8488C,Intel
m7i.24xlarge,us-west-2,usw2-az2,3,15.0,15.0,1.0,4.8384,1.786,63,m7i,General,m,96.0,384.0,34341.39411760001,Intel(R) Xeon(R) Platinum 8488C,Intel(R) Xeon(R) Platinum 8488C,Intel
m7i.24xlarge,us-west-2,usw2-az3,3,15.0,15.0,1.0,4.8384,1.6668,65,m7i,General,m,96.0,384.0,34341.39411760001,Intel(R) Xeon(R) Platinum 8488C,Intel(R) Xeon(R) Platinum 8488C,Intel
m7i.24xlarge,us-west-2,usw2-az4,3,5.0,10.0,1.0,4.8384,1.8004,62,m7i,General,m,96.0,384.0,34341.39411760001,Intel(R) Xeon(R) Platinum 8488C,Intel(R) Xeon(R) Platinum 8488C,Intel
m7i.2xlarge,us-west-2,usw2-az1,3,50.0,50.0,2.5,0.4032,0.1834,54,m7i,General,m,8.0,32.0,34502.0987822,Intel(R) Xeon(R) Platinum 8488C,Intel(R) Xeon(R) Platinum 8488C,Intel
m7i.2xlarge,us-west-2,usw2-az2,3,50.0,50.0,2.5,0.4032,0.155,61,m7i,General,m,8.0,32.0,34502.0987822,Intel(R) Xeon(R) Platinum 8488C,Intel(R) Xeon(R) Platinum 8488C,Intel
m7i.2xlarge,us-west-2,usw2-az3,3,50.0,50.0,2.5,0.4032,0.1843,54,m7i,General,m,8.0,32.0,34502.0987822,Intel(R) Xeon(R) Platinum 8488C,Intel(R) Xeon(R) Platinum 8488C,Intel
m7i.2xlarge,us-west-2,usw2-az4,3,10.0,15.0,2.5,0.4032,0.1808,55,m7i,General,m,8.0,32.0,34502.0987822,Intel(R) Xeon(R) Platinum 8488C,Intel(R) Xeon(R) Platinum 8488C,Intel
m7i.48xlarge,us-west-2,usw2-az1,3,50.0,50.0,2.5,9.6768,4.3033,55,m7i,General,m,192.0,768.0,34387.444791999995,Intel(R) Xeon(R) Platinum 8488C,Intel(R) Xeon(R) Platinum 8488C,Intel
m7i.48xlarge,us-west-2,usw2-az2,3,50.0,50.0,2.5,9.6768,4.1629,56,m7i,General,m,192.0,768.0,34387.444791999995,Intel(R) Xeon(R) Platinum 8488C,Intel(R) Xeon(R) Platinum 8488C,Intel
m7i.48xlarge,us-west-2,usw2-az3,3,50.0,50.0,2.5,9.6768,4.3794,54,m7i,General,m,192.0,768.0,34387.444791999995,Intel(R) Xeon(R) Platinum 8488C,Intel(R) Xeon(R) Platinum 8488C,Intel
m7i.48xlarge,us-west-2,usw2-az4,3,50.0,50.0,2.5,9.6768,3.408,64,m7i,General,m,192.0,768.0,34387.444791999995,Intel(R) Xeon(R) Platinum 8488C,Intel(R) Xeon(R) Platinum 8488C,Intel
m7i.4xlarge,us-west-2,usw2-az1,3,50.0,50.0,1.5,0.8064,0.3298,59,m7i,General,m,16.0,64.0,34393.8374396,Intel(R) Xeon(R) Platinum 8488C,Intel(R) Xeon(R) Platinum 8488C,Intel
m7i.4xlarge,us-west-2,usw2-az2,3,50.0,50.0,1.5,0.8064,0.3374,58,m7i,General,m,16.0,64.0,34393.8374396,Intel(R) Xeon(R) Platinum 8488C,Intel(R) Xeon(R) Platinum 8488C,Intel
m7i.4xlarge,us-west-2,usw2-az3,3,50.0,50.0,1.5,0.8064,0.3601,55,m7i,General,m,16.0,64.0,34393.8374396,Intel(R) Xeon(R) Platinum 8488C,Intel(R) Xeon(R) Platinum 8488C,Intel
m7i.4xlarge,us-west-2,usw2-az4,3,15.0,20.0,1.5,0.8064,0.3547,56,m7i,General,m,16.0,64.0,34393.8374396,Intel(R) Xeon(R) Platinum 8488C,Intel(R) Xeon(R) Platinum 8488C,Intel
m7i.8xlarge,us-west-2,usw2-az1,3,50.0,50.0,2.0,1.6128,0.759,52,m7i,General,m,32.0,128.0,34267.728393599995,Intel(R) Xeon(R) Platinum 8488C,Intel(R) Xeon(R) Platinum 8488C,Intel
m7i.8xlarge,us-west-2,usw2-az2,3,50.0,50.0,2.0,1.6128,0.7694,52,m7i,General,m,32.0,128.0,34267.728393599995,Intel(R) Xeon(R) Platinum 8488C,Intel(R) Xeon(R) Platinum 8488C,Intel
m7i.8xlarge,us-west-2,usw2-az3,3,50.0,50.0,2.0,1.6128,0.7665,52,m7i,General,m,32.0,128.0,34267.728393599995,Intel(R) Xeon(R) Platinum 8488C,Intel(R) Xeon(R) Platinum 8488C,Intel
m7i.8xlarge,us-west-2,usw2-az4,3,1.0,5.0,2.0,1.6128,0.7147,55,m7i,General,m,32.0,128.0,34267.728393599995,Intel(R) Xeon(R) Platinum 8488C,Intel(R) Xeon(R) Platinum 8488C,Intel
m7i.large,us-west-2,usw2-az1,3,50.0,50.0,3.0,0.1008,0.0388,61,m7i,General,m,2.0,8.0,34922.852472399994,Intel(R) Xeon(R) Platinum 8488C,Intel(R) Xeon(R) Platinum 8488C,Intel
m7i.large,us-west-2,usw2-az2,3,50.0,50.0,3.0,0.1008,0.0403,60,m7i,General,m,2.0,8.0,34922.852472399994,Intel(R) Xeon(R) Platinum 8488C,Intel(R) Xeon(R) Platinum 8488C,Intel
m7i.large,us-west-2,usw2-az3,3,50.0,50.0,3.0,0.1008,0.0455,54,m7i,General,m,2.0,8.0,34922.852472399994,Intel(R) Xeon(R) Platinum 8488C,Intel(R) Xeon(R) Platinum 8488C,Intel
m7i.large,us-west-2,usw2-az4,3,50.0,50.0,3.0,0.1008,0.0408,59,m7i,General,m,2.0,8.0,34922.852472399994,Intel(R) Xeon(R) Platinum 8488C,Intel(R) Xeon(R) Platinum 8488C,Intel
m7i.xlarge,us-west-2,usw2-az1,3,50.0,50.0,2.5,0.2016,0.0702,65,m7i,General,m,4.0,16.0,31511.116901,Intel(R) Xeon(R) Platinum 8488C,Intel(R) Xeon(R) Platinum 8488C,Intel
m7i.xlarge,us-west-2,usw2-az2,3,50.0,50.0,2.5,0.2016,0.0771,61,m7i,General,m,4.0,16.0,31511.116901,Intel(R) Xeon(R) Platinum 8488C,Intel(R) Xeon(R) Platinum 8488C,Intel
m7i.xlarge,us-west-2,usw2-az3,3,50.0,50.0,2.5,0.2016,0.0803,60,m7i,General,m,4.0,16.0,31511.116901,Intel(R) Xeon(R) Platinum 8488C,Intel(R) Xeon(R) Platinum 8488C,Intel
m7i.xlarge,us-west-2,usw2-az4,3,50.0,50.0,2.5,0.2016,0.0741,63,m7i,General,m,4.0,16.0,31511.116901,Intel(R) Xeon(R) Platinum 8488C,Intel(R) Xeon(R) Platinum 8488C,Intel
m8g.12xlarge,us-west-2,usw2-az1,3,15.0,20.0,2.5,2.15424,0.7657,64,m8g,General,m,48.0,192.0,28982.48426,AWS Graviton4 Processor,AWS Graviton4 Processor,AWS
m8g.12xlarge,us-west-2,usw2-az2,3,10.0,15.0,2.5,2.15424,0.9707,54,m8g,General,m,48.0,192.0,28982.48426,AWS Graviton4 Processor,AWS Graviton4 Processor,AWS
m8g.12xlarge,us-west-2,usw2-az3,3,25.0,35.0,2.5,2.15424,0.7872,63,m8g,General,m,48.0,192.0,28982.48426,AWS Graviton4 Processor,AWS Graviton4 Processor,AWS
m8g.12xlarge,us-west-2,usw2-az4,3,1.0,1.0,2.5,2.15424,0.8013,62,m8g,General,m,48.0,192.0,28982.48426,AWS Graviton4 Processor,AWS Graviton4 Processor,AWS
m8g.16xlarge,us-west-2,usw2-az1,3,50.0,50.0,3.0,2.87232,0.9257,67,m8g,General,m,64.0,256.0,28987.860716200004,AWS Graviton4 Processor,AWS Graviton4 Processor,AWS
m8g.16xlarge,us-west-2,usw2-az2,3,50.0,50.0,3.0,2.87232,0.9216,67,m8g,General,m,64.0,256.0,28987.860716200004,AWS Graviton4 Processor,AWS Graviton4 Processor,AWS
m8g.16xlarge,us-west-2,usw2-az3,3,50.0,50.0,3.0,2.87232,0.9262,67,m8g,General,m,64.0,256.0,28987.860716200004,AWS Graviton4 Processor,AWS Graviton4 Processor,AWS
m8g.16xlarge,us-west-2,usw2-az4,3,5.0,10.0,3.0,2.87232,0.9409,67,m8g,General,m,64.0,256.0,28987.860716200004,AWS Graviton4 Processor,AWS Graviton4 Processor,AWS
m8g.24xlarge,us-west-2,usw2-az1,3,15.0,25.0,2.5,4.30848,1.6045,62,m8g,General,m,96.0,384.0,28983.49336,AWS Graviton4 Processor,AWS Graviton4 Processor,AWS
m8g.24xlarge,us-west-2,usw2-az2,3,15.0,20.0,2.5,4.30848,1.6099,62,m8g,General,m,96.0,384.0,28983.49336,AWS Graviton4 Processor,AWS Graviton4 Processor,AWS
m8g.24xlarge,us-west-2,usw2-az3,3,25.0,40.0,2.5,4.30848,1.4112,67,m8g,General,m,96.0,384.0,28983.49336,AWS Graviton4 Processor,AWS Graviton4 Processor,AWS
m8g.24xlarge,us-west-2,usw2-az4,3,5.0,10.0,2.5,4.30848,1.6343,62,m8g,General,m,96.0,384.0,28983.49336,AWS Graviton4 Processor,AWS Graviton4 Processor,AWS
m8g.2xlarge,us-west-2,usw2-az1,3,20.0,35.0,3.0,0.35904,0.1551,56,m8g,General,m,8.0,32.0,28981.1396,AWS Graviton4 Processor,AWS Graviton4 Processor,AWS
m8g.2xlarge,us-west-2,usw2-az2,3,35.0,50.0,3.0,0.35904,0.1379,61,m8g,General,m,8.0,32.0,28981.1396,AWS Graviton4 Processor,AWS Graviton4 Processor,AWS
m8g.2xlarge,us-west-2,usw2-az3,3,25.0,35.0,3.0,0.35904,0.1512,57,m8g,General,m,8.0,32.0,28981.1396,AWS Graviton4 Processor,AWS Graviton4 Processor,AWS
m8g.2xlarge,us-west-2,usw2-az4,3,10.0,15.0,3.0,0.35904,0.128,64,m8g,General,m,8.0,32.0,28981.1396,AWS Graviton4 Processor,AWS Graviton4 Processor,AWS
m8g.48xlarge,us-west-2,usw2-az1,3,5.0,10.0,3.0,8.61696,3.1204,63,m8g,General,m,192.0,768.0,27921.57549,AWS Graviton4 Processor,AWS Graviton4 Processor,AWS
m8g.48xlarge,us-west-2,usw2-az2,3,1.0,1.0,3.0,8.61696,3.476,59,m8g,General,m,192.0,768.0,27921.57549,AWS Graviton4 Processor,AWS Graviton4 Processor,AWS
m8g.48xlarge,us-west-2,usw2-az3,3,5.0,5.0,3.0,8.61696,4.1007,52,m8g,General,m,192.0,768.0,27921.57549,AWS Graviton4 Processor,AWS Graviton4 Processor,AWS
m8g.48xlarge,us-west-2,usw2-az4,3,5.0,5.0,3.0,8.61696,2.7543,68,m8g,General,m,192.0,768.0,27921.57549,AWS Graviton4 Processor,AWS Graviton4 Processor,AWS
m8g.4xlarge,us-west-2,usw2-az1,3,20.0,30.0,2.5,0.71808,0.2993,58,m8g,General,m,16.0,64.0,28943.9672,AWS Graviton4 Processor,AWS Graviton4 Processor,AWS
m8g.4xlarge,us-west-2,usw2-az2,3,20.0,30.0,2.5,0.71808,0.2728,62,m8g,General,m,16.0,64.0,28943.9672,AWS Graviton4 Processor,AWS Graviton4 Processor,AWS
m8g.4xlarge,us-west-2,usw2-az3,3,35.0,50.0,2.5,0.71808,0.2999,58,m8g,General,m,16.0,64.0,28943.9672,AWS Graviton4 Processor,AWS Graviton4 Processor,AWS
m8g.4xlarge,us-west-2,usw2-az4,3,5.0,10.0,2.5,0.71808,0.2717,62,m8g,General,m,16.0,64.0,28943.9672,AWS Graviton4 Processor,AWS Graviton4 Processor,AWS
m8g.8xlarge,us-west-2,usw2-az1,3,15.0,25.0,2.5,1.43616,0.6138,57,m8g,General,m,32.0,128.0,28983.82827,AWS Graviton4 Processor,AWS Graviton4 Processor,AWS
m8g.8xlarge,us-west-2,usw2-az2,3,5.0,15.0,2.5,1.43616,0.6588,54,m8g,General,m,32.0,128.0,28983.82827,AWS Graviton4 Processor,AWS Graviton4 Processor,AWS
m8g.8xlarge,us-west-2,usw2-az3,3,15.0,30.0,2.5,1.43616,0.6662,53,m8g,General,m,32.0,128.0,28983.82827,AWS Graviton4 Processor,AWS Graviton4 Processor,AWS
m8g.8xlarge,us-west-2,usw2-az4,3,1.0,5.0,2.5,1.43616,0.6388,55,m8g,General,m,32.0,128.0,28983.82827,AWS Graviton4 Processor,AWS Graviton4 Processor,AWS
m8g.large,us-west-2,usw2-az1,3,40.0,50.0,3.0,0.08976,0.0379,57,m8g,General,m,2.0,8.0,28984.50068,AWS Graviton4 Processor,AWS Graviton4 Processor,AWS
m8g.large,us-west-2,usw2-az2,3,45.0,50.0,3.0,0.08976,0.0412,54,m8g,General,m,2.0,8.0,28984.50068,AWS Graviton4 Processor,AWS Graviton4 Processor,AWS
m8g.large,us-west-2,usw2-az3,3,50.0,50.0,3.0,0.08976,0.0365,59,m8g,General,m,2.0,8.0,28984.50068,AWS Graviton4 Processor,AWS Graviton4 Processor,AWS
m8g.large,us-west-2,usw2-az4,3,50.0,50.0,3.0,0.08976,0.0318,64,m8g,General,m,2.0,8.0,28984.50068,AWS Graviton4 Processor,AWS Graviton4 Processor,AWS
m8g.medium,us-west-2,usw2-az1,3,50.0,50.0,3.0,0.04488,0.0165,63,m8g,General,m,1.0,4.0,28970.23798,AWS Graviton4 Processor,AWS Graviton4 Processor,AWS
m8g.medium,us-west-2,usw2-az2,3,50.0,50.0,3.0,0.04488,0.0148,67,m8g,General,m,1.0,4.0,28970.23798,AWS Graviton4 Processor,AWS Graviton4 Processor,AWS
m8g.medium,us-west-2,usw2-az3,3,50.0,50.0,3.0,0.04488,0.0163,63,m8g,General,m,1.0,4.0,28970.23798,AWS Graviton4 Processor,AWS Graviton4 Processor,AWS
m8g.medium,us-west-2,usw2-az4,3,50.0,50.0,3.0,0.04488,0.0168,62,m8g,General,m,1.0,4.0,28970.23798,AWS Graviton4 Processor,AWS Graviton4 Processor,AWS
m8g.metal-48xl,us-west-2,usw2-az1,2,0.0,1.0,2.0,8.61696,3.0005,65,m8g,General,m,192.0,768.0,28001.323002200003,,,AWS
m8g.metal-48xl,us-west-2,usw2-az2,3,1.0,1.0,2.0,8.61696,2.7818,67,m8g,General,m,192.0,768.0,28001.323002200003,,,AWS
m8g.metal-48xl,us-west-2,usw2-az3,3,1.0,1.0,2.0,8.61696,3.6635,57,m8g,General,m,192.0,768.0,28001.323002200003,,,AWS
m8g.metal-48xl,us-west-2,usw2-az4,3,1.0,5.0,2.0,8.61696,2.0599,76,m8g,General,m,192.0,768.0,28001.323002200003,,,AWS
m8g.xlarge,us-west-2,usw2-az1,3,50.0,50.0,2.5,0.17952,0.0655,63,m8g,General,m,4.0,16.0,28985.84451,AWS Graviton4 Processor,AWS Graviton4 Processor,AWS
m8g.xlarge,us-west-2,usw2-az2,3,50.0,50.0,2.5,0.17952,0.0705,60,m8g,General,m,4.0,16.0,28985.84451,AWS Graviton4 Processor,AWS Graviton4 Processor,AWS
m8g.xlarge,us-west-2,usw2-az3,3,50.0,50.0,2.5,0.17952,0.068,62,m8g,General,m,4.0,16.0,28985.84451,AWS Graviton4 Processor,AWS Graviton4 Processor,AWS
m8g.xlarge,us-west-2,usw2-az4,3,50.0,50.0,2.5,0.17952,0.0632,64,m8g,General,m,4.0,16.0,28985.84451,AWS Graviton4 Processor,AWS Graviton4 Processor,AWS
p3.16xlarge,us-west-2,usw2-az1,1,0.0,0.0,1.0,24.48,8.244,66,p3,AC,p,64.0,488.0,23738.917,Intel(R) Xeon(R) CPU E5-2686 v4 @ 2.30GHz,Intel(R) Xeon(R) CPU E5-2686 v4 @ 2.30GHz,Intel
p3.16xlarge,us-west-2,usw2-az2,1,0.0,0.0,1.0,24.48,8.7964,64,p3,AC,p,64.0,488.0,23738.917,Intel(R) Xeon(R) CPU E5-2686 v4 @ 2.30GHz,Intel(R) Xeon(R) CPU E5-2686 v4 @ 2.30GHz,Intel
p3.16xlarge,us-west-2,usw2-az3,1,0.0,0.0,1.0,24.48,9.0333,63,p3,AC,p,64.0,488.0,23738.917,Intel(R) Xeon(R) CPU E5-2686 v4 @ 2.30GHz,Intel(R) Xeon(R) CPU E5-2686 v4 @ 2.30GHz,Intel
p3.2xlarge,us-west-2,usw2-az1,3,45.0,50.0,1.0,3.06,0.9551,68,p3,AC,p,8.0,61.0,23738.917,Intel(R) Xeon(R) CPU E5-2686 v4 @ 2.30GHz,Intel(R) Xeon(R) CPU E5-2686 v4 @ 2.30GHz,Intel
p3.2xlarge,us-west-2,usw2-az2,3,40.0,50.0,1.0,3.06,0.8066,73,p3,AC,p,8.0,61.0,23738.917,Intel(R) Xeon(R) CPU E5-2686 v4 @ 2.30GHz,Intel(R) Xeon(R) CPU E5-2686 v4 @ 2.30GHz,Intel
p3.2xlarge,us-west-2,usw2-az3,3,5.0,15.0,1.0,3.06,0.9301,69,p3,AC,p,8.0,61.0,23738.917,Intel(R) Xeon(R) CPU E5-2686 v4 @ 2.30GHz,Intel(R) Xeon(R) CPU E5-2686 v4 @ 2.30GHz,Intel
p3.8xlarge,us-west-2,usw2-az1,1,0.0,0.0,1.0,12.24,4.4952,63,p3,AC,p,32.0,244.0,23738.917,Intel(R) Xeon(R) CPU E5-2686 v4 @ 2.30GHz,Intel(R) Xeon(R) CPU E5-2686 v4 @ 2.30GHz,Intel
p3.8xlarge,us-west-2,usw2-az2,1,0.0,0.0,1.0,12.24,5.6478,53,p3,AC,p,32.0,244.0,23738.917,Intel(R) Xeon(R) CPU E5-2686 v4 @ 2.30GHz,Intel(R) Xeon(R) CPU E5-2686 v4 @ 2.30GHz,Intel
p3.8xlarge,us-west-2,usw2-az3,1,0.0,0.0,1.0,12.24,4.5233,63,p3,AC,p,32.0,244.0,23738.917,Intel(R) Xeon(R) CPU E5-2686 v4 @ 2.30GHz,Intel(R) Xeon(R) CPU E5-2686 v4 @ 2.30GHz,Intel
p3dn.24xlarge,us-west-2,usw2-az1,3,1.0,1.0,1.0,31.212,10.555,66,p3dn,AC,p,96.0,768.0,23738.917,Intel(R) Xeon(R) Platinum 8175M CPU @ 2.50GHz,Intel(R) Xeon(R) Platinum 8175M CPU @ 2.50GHz,Intel
p3dn.24xlarge,us-west-2,usw2-az3,3,10.0,15.0,1.0,31.212,10.9687,64,p3dn,AC,p,96.0,768.0,23738.917,Intel(R) Xeon(R) Platinum 8175M CPU @ 2.50GHz,Intel(R) Xeon(R) Platinum 8175M CPU @ 2.50GHz,Intel
p4d.24xlarge,us-west-2,usw2-az1,1,0.0,0.0,1.0,21.95764,11.1343,49,p4d,AC,p,96.0,1152.0,23738.917,Intel(R) Xeon(R) Platinum 8175M CPU @ 2.50GHz,Intel(R) Xeon(R) Platinum 8175M CPU @ 2.50GHz,Intel
p4d.24xlarge,us-west-2,usw2-az2,1,0.0,0.0,1.0,21.95764,7.9809,63,p4d,AC,p,96.0,1152.0,23738.917,Intel(R) Xeon(R) Platinum 8175M CPU @ 2.50GHz,Intel(R) Xeon(R) Platinum 8175M CPU @ 2.50GHz,Intel
p4d.24xlarge,us-west-2,usw2-az3,1,0.0,0.0,1.0,21.95764,10.0809,54,p4d,AC,p,96.0,1152.0,23738.917,Intel(R) Xeon(R) Platinum 8175M CPU @ 2.50GHz,Intel(R) Xeon(R) Platinum 8175M CPU @ 2.50GHz,Intel
p5.48xlarge,us-west-2,usw2-az1,1,0.0,0.0,1.0,55.04,17.4327,68,p5,AC,p,192.0,2048.0,33539.1601,AMD EPYC 7R13 Processor,AMD EPYC 7R13,AuthenticAMD
p5.48xlarge,us-west-2,usw2-az2,1,0.0,0.0,1.0,55.04,18.8734,65,p5,AC,p,192.0,2048.0,33539.1601,AMD EPYC 7R13 Processor,AMD EPYC 7R13,AuthenticAMD
p5.48xlarge,us-west-2,usw2-az3,1,0.0,0.0,1.0,55.04,19.4068,64,p5,AC,p,192.0,2048.0,33539.1601,AMD EPYC 7R13 Processor,AMD EPYC 7R13,AuthenticAMD
p5.48xlarge,us-west-2,usw2-az4,1,0.0,0.0,1.0,55.04,18.7961,65,p5,AC,p,192.0,2048.0,33539.1601,AMD EPYC 7R13 Processor,AMD EPYC 7R13,AuthenticAMD
r5.12xlarge,us-west-2,usw2-az1,3,15.0,20.0,1.0,3.024,1.0622,64,r5,Memory,r,48.0,384.0,25106.0895558,Intel(R) Xeon(R) Platinum 8175M CPU @ 2.50GHz,Intel(R) Xeon(R) Platinum 8175M CPU @ 2.50GHz,Intel
r5.12xlarge,us-west-2,usw2-az2,3,30.0,50.0,1.0,3.024,1.1045,63,r5,Memory,r,48.0,384.0,25106.0895558,Intel(R) Xeon(R) Platinum 8175M CPU @ 2.50GHz,Intel(R) Xeon(R) Platinum 8175M CPU @ 2.50GHz,Intel
r5.12xlarge,us-west-2,usw2-az3,3,15.0,20.0,1.0,3.024,1.2016,60,r5,Memory,r,48.0,384.0,25106.0895558,Intel(R) Xeon(R) Platinum 8175M CPU @ 2.50GHz,Intel(R) Xeon(R) Platinum 8175M CPU @ 2.50GHz,Intel
r5.12xlarge,us-west-2,usw2-az4,3,5.0,10.0,1.0,3.024,1.3648,54,r5,Memory,r,48.0,384.0,25106.0895558,Intel(R) Xeon(R) Platinum 8175M CPU @ 2.50GHz,Intel(R) Xeon(R) Platinum 8175M CPU @ 2.50GHz,Intel
r5.16xlarge,us-west-2,usw2-az1,3,15.0,15.0,1.0,4.032,1.5429,61,r5,Memory,r,64.0,512.0,23138.969002,Intel(R) Xeon(R) Platinum 8175M CPU @ 2.50GHz,Intel(R) Xeon(R) Platinum 8175M CPU @ 2.50GHz,Intel
r5.16xlarge,us-west-2,usw2-az2,3,50.0,50.0,1.0,4.032,1.4655,63,r5,Memory,r,64.0,512.0,23138.969002,Intel(R) Xeon(R) Platinum 8175M CPU @ 2.50GHz,Intel(R) Xeon(R) Platinum 8175M CPU @ 2.50GHz,Intel
r5.16xlarge,us-west-2,usw2-az3,3,50.0,50.0,1.0,4.032,1.3539,66,r5,Memory,r,64.0,512.0,23138.969002,Intel(R) Xeon(R) Platinum 8175M CPU @ 2.50GHz,Intel(R) Xeon(R) Platinum 8175M CPU @ 2.50GHz,Intel
r5.16xlarge,us-west-2,usw2-az4,3,5.0,10.0,1.0,4.032,1.7543,56,r5,Memory,r,64.0,512.0,23138.969002,Intel(R) Xeon(R) Platinum 8175M CPU @ 2.50GHz,Intel(R) Xeon(R) Platinum 8175M CPU @ 2.50GHz,Intel
r5.24xlarge,us-west-2,usw2-az1,3,5.0,15.0,1.0,6.048,2.4955,58,r5,Memory,r,96.0,768.0,25101.5488438,Intel(R) Xeon(R) Platinum 8175M CPU @ 2.50GHz,Intel(R) Xeon(R) Platinum 8175M CPU @ 2.50GHz,Intel
r5.24xlarge,us-west-2,usw2-az2,3,10.0,30.0,1.0,6.048,2.3105,61,r5,Memory,r,96.0,768.0,25101.5488438,Intel(R) Xeon(R) Platinum 8175M CPU @ 2.50GHz,Intel(R) Xeon(R) Platinum 8175M CPU @ 2.50GHz,Intel
r5.24xlarge,us-west-2,usw2-az3,3,5.0,10.0,1.0,6.048,2.5901,57,r5,Memory,r,96.0,768.0,25101.5488438,Intel(R) Xeon(R) Platinum 8175M CPU @ 2.50GHz,Intel(R) Xeon(R) Platinum 8175M CPU @ 2.50GHz,Intel
r5.24xlarge,us-west-2,usw2-az4,3,10.0,20.0,1.0,6.048,2.7753,54,r5,Memory,r,96.0,768.0,25101.5488438,Intel(R) Xeon(R) Platinum 8175M CPU @ 2.50GHz,Intel(R) Xeon(R) Platinum 8175M CPU @ 2.50GHz,Intel
r5.2xlarge,us-west-2,usw2-az1,3,50.0,50.0,1.0,0.504,0.1909,62,r5,Memory,r,8.0,64.0,23157.4809938,Intel(R) Xeon(R) Platinum 8175M CPU @ 2.50GHz,Intel(R) Xeon(R) Platinum 8175M CPU @ 2.50GHz,Intel
r5.2xlarge,us-west-2,usw2-az2,3,50.0,50.0,1.0,0.504,0.1966,60,r5,Memory,r,8.0,64.0,23157.4809938,Intel(R) Xeon(R) Platinum 8175M CPU @ 2.50GHz,Intel(R) Xeon(R) Platinum 8175M CPU @ 2.50GHz,Intel
r5.2xlarge,us-west-2,usw2-az3,3,50.0,50.0,1.0,0.504,0.1935,61,r5,Memory,r,8.0,64.0,23157.4809938,Intel(R) Xeon(R) Platinum 8175M CPU @ 2.50GHz,Intel(R) Xeon(R) Platinum 8175M CPU @ 2.50GHz,Intel
r5.2xlarge,us-west-2,usw2-az4,3,25.0,35.0,1.0,0.504,0.2172,56,r5,Memory,r,8.0,64.0,23157.4809938,Intel(R) Xeon(R) Platinum 8175M CPU @ 2.50GHz,Intel(R) Xeon(R) Platinum 8175M CPU @ 2.50GHz,Intel
r5.4xlarge,us-west-2,usw2-az1,3,50.0,50.0,1.0,1.008,0.3944,60,r5,Memory,r,16.0,128.0,23189.498612000003,Intel(R) Xeon(R) Platinum 8259CL CPU @ 2.50GHz,Intel(R) Xeon(R) Platinum 8259CL CPU @ 2.50GHz,Intel
r5.4xlarge,us-west-2,usw2-az2,3,50.0,50.0,1.0,1.008,0.4041,59,r5,Memory,r,16.0,128.0,23189.498612000003,Intel(R) Xeon(R) Platinum 8259CL CPU @ 2.50GHz,Intel(R) Xeon(R) Platinum 8259CL CPU @ 2.50GHz,Intel
r5.4xlarge,us-west-2,usw2-az3,3,50.0,50.0,1.0,1.008,0.4097,59,r5,Memory,r,16.0,128.0,23189.498612000003,Intel(R) Xeon(R) Platinum 8259CL CPU @ 2.50GHz,Intel(R) Xeon(R) Platinum 8259CL CPU @ 2.50GHz,Intel
r5.4xlarge,us-west-2,usw2-az4,3,50.0,50.0,1.0,1.008,0.4369,56,r5,Memory,r,16.0,128.0,23189.498612000003,Intel(R) Xeon(R) Platinum 8259CL CPU @ 2.50GHz,Intel(R) Xeon(R) Platinum 8259CL CPU @ 2.50GHz,Intel
r5.8xlarge,us-west-2,usw2-az1,3,50.0,50.0,1.0,2.016,0.7391,63,r5,Memory,r,32.0,256.0,23163.177744,Intel(R) Xeon(R) Platinum 8259CL CPU @ 2.50GHz,Intel(R) Xeon(R) Platinum 8259CL CPU @ 2.50GHz,Intel
r5.8xlarge,us-west-2,usw2-az2,3,50.0,50.0,1.0,2.016,0.7888,60,r5,Memory,r,32.0,256.0,23163.177744,Intel(R) Xeon(R) Platinum 8259CL CPU @ 2.50GHz,Intel(R) Xeon(R) Platinum 8259CL CPU @ 2.50GHz,Intel
r5.8xlarge,us-west-2,usw2-az3,3,50.0,50.0,1.0,2.016,0.7798,61,r5,Memory,r,32.0,256.0,23163.177744,Intel(R) Xeon(R) Platinum 8259CL CPU @ 2.50GHz,Intel(R) Xeon(R) Platinum 8259CL CPU @ 2.50GHz,Intel
r5.8xlarge,us-west-2,usw2-az4,3,15.0,35.0,1.0,2.016,1.0673,47,r5,Memory,r,32.0,256.0,23163.177744,Intel(R) Xeon(R) Platinum 8259CL CPU @ 2.50GHz,Intel(R) Xeon(R) Platinum 8259CL CPU @ 2.50GHz,Intel
r5.large,us-west-2,usw2-az1,3,50.0,50.0,2.0,0.126,0.04,68,r5,Memory,r,2.0,16.0,23139.1854922,Intel(R) Xeon(R) Platinum 8175M CPU @ 2.50GHz,Intel(R) Xeon(R) Platinum 8175M CPU @ 2.50GHz,Intel
r5.large,us-west-2,usw2-az2,3,50.0,50.0,2.0,0.126,0.042,66,r5,Memory,r,2.0,16.0,23139.1854922,Intel(R) Xeon(R) Platinum 8175M CPU @ 2.50GHz,Intel(R) Xeon(R) Platinum 8175M CPU @ 2.50GHz,Intel
r5.large,us-west-2,usw2-az3,3,50.0,50.0,2.0,0.126,0.0401,68,r5,Memory,r,2.0,16.0,23139.1854922,Intel(R) Xeon(R) Platinum 8175M CPU @ 2.50GHz,Intel(R) Xeon(R) Platinum 8175M CPU @ 2.50GHz,Intel
r5.large,us-west-2,usw2-az4,3,50.0,50.0,2.0,0.126,0.0401,68,r5,Memory,r,2.0,16.0,23139.1854922,Intel(R) Xeon(R) Platinum 8175M CPU @ 2.50GHz,Intel(R) Xeon(R) Platinum 8175M CPU @ 2.50GHz,Intel
r5.xlarge,us-west-2,usw2-az1,3,50.0,50.0,1.0,0.252,0.0833,66,r5,Memory,r,4.0,32.0,23165.421097,Intel(R) Xeon(R) Platinum 8259CL CPU @ 2.50GHz,Intel(R) Xeon(R) Platinum 8259CL CPU @ 2.50GHz,Intel
r5.xlarge,us-west-2,usw2-az2,3,50.0,50.0,1.0,0.252,0.085,66,r5,Memory,r,4.0,32.0,23165.421097,Intel(R) Xeon(R) Platinum 8259CL CPU @ 2.50GHz,Intel(R) Xeon(R) Platinum 8259CL CPU @ 2.50GHz,Intel
r5.xlarge,us-west-2,usw2-az3,3,50.0,50.0,1.0,0.252,0.0857,65,r5,Memory,r,4.0,32.0,23165.421097,Intel(R) Xeon(R) Platinum 8259CL CPU @ 2.50GHz,Intel(R) Xeon(R) Platinum 8259CL CPU @ 2.50GHz,Intel
r5.xlarge,us-west-2,usw2-az4,3,50.0,50.0,1.0,0.252,0.086,65,r5,Memory,r,4.0,32.0,23165.421097,Intel(R) Xeon(R) Platinum 8259CL CPU @ 2.50GHz,Intel(R) Xeon(R) Platinum 8259CL CPU @ 2.50GHz,Intel
r5a.12xlarge,us-west-2,usw2-az1,3,1.0,1.0,1.0,2.712,0.9616,64,r5a,Memory,r,48.0,384.0,16971.3349448,AMD EPYC 7571,AMD EPYC 7571,AuthenticAMD
r5a.12xlarge,us-west-2,usw2-az2,1,0.0,0.0,1.0,2.712,1.0511,61,r5a,Memory,r,48.0,384.0,16971.3349448,AMD EPYC 7571,AMD EPYC 7571,AuthenticAMD
r5a.12xlarge,us-west-2,usw2-az3,3,1.0,5.0,1.0,2.712,1.041,61,r5a,Memory,r,48.0,384.0,16971.3349448,AMD EPYC 7571,AMD EPYC 7571,AuthenticAMD
r5a.12xlarge,us-west-2,usw2-az4,3,5.0,5.0,1.0,2.712,1.2645,53,r5a,Memory,r,48.0,384.0,16971.3349448,AMD EPYC 7571,AMD EPYC 7571,AuthenticAMD
r5a.16xlarge,us-west-2,usw2-az1,3,1.0,1.0,1.0,3.616,1.3067,63,r5a,Memory,r,64.0,512.0,16752.004235200002,AMD EPYC 7571,AMD EPYC 7571,AuthenticAMD
r5a.16xlarge,us-west-2,usw2-az2,1,0.0,0.0,1.0,3.616,1.356,62,r5a,Memory,r,64.0,512.0,16752.004235200002,AMD EPYC 7571,AMD EPYC 7571,AuthenticAMD
r5a.16xlarge,us-west-2,usw2-az3,3,5.0,5.0,1.0,3.616,1.4676,59,r5a,Memory,r,64.0,512.0,16752.004235200002,AMD EPYC 7571,AMD EPYC 7571,AuthenticAMD
r5a.16xlarge,us-west-2,usw2-az4,3,5.0,5.0,1.0,3.616,1.7886,50,r5a,Memory,r,64.0,512.0,16752.004235200002,AMD EPYC 7571,AMD EPYC 7571,AuthenticAMD
r5a.24xlarge,us-west-2,usw2-az1,3,1.0,1.0,1.0,5.424,2.096,61,r5a,Memory,r,96.0,768.0,16853.4135502,AMD EPYC 7571,AMD EPYC 7571,AuthenticAMD
r5a.24xlarge,us-west-2,usw2-az2,1,0.0,0.0,1.0,5.424,1.9365,64,r5a,Memory,r,96.0,768.0,16853.4135502,AMD EPYC 7571,AMD EPYC 7571,AuthenticAMD
r5a.24xlarge,us-west-2,usw2-az3,3,1.0,5.0,1.0,5.424,2.3777,56,r5a,Memory,r,96.0,768.0,16853.4135502,AMD EPYC 7571,AMD EPYC 7571,AuthenticAMD
r5a.24xlarge,us-west-2,usw2-az4,3,35.0,50.0,1.0,5.424,2.6404,51,r5a,Memory,r,96.0,768.0,16853.4135502,AMD EPYC 7571,AMD EPYC 7571,AuthenticAMD
r5a.2xlarge,us-west-2,usw2-az1,3,30.0,50.0,1.0,0.452,0.2258,50,r5a,Memory,r,8.0,64.0,16989.3689954,AMD EPYC 7571,AMD EPYC 7571,AuthenticAMD
r5a.2xlarge,us-west-2,usw2-az2,3,35.0,50.0,1.0,0.452,0.191,57,r5a,Memory,r,8.0,64.0,16989.3689954,AMD EPYC 7571,AMD EPYC 7571,AuthenticAMD
r5a.2xlarge,us-west-2,usw2-az3,3,50.0,50.0,1.0,0.452,0.1988,56,r5a,Memory,r,8.0,64.0,16989.3689954,AMD EPYC 7571,AMD EPYC 7571,AuthenticAMD
r5a.2xlarge,us-west-2,usw2-az4,3,20.0,30.0,1.0,0.452,0.2258,50,r5a,Memory,r,8.0,64.0,16989.3689954,AMD EPYC 7571,AMD EPYC 7571,AuthenticAMD
r5a.4xlarge,us-west-2,usw2-az1,3,50.0,50.0,1.0,0.904,0.3723,58,r5a,Memory,r,16.0,128.0,17011.155944399998,AMD EPYC 7571,AMD EPYC 7571,AuthenticAMD
r5a.4xlarge,us-west-2,usw2-az2,3,50.0,50.0,1.0,0.904,0.3648,59,r5a,Memory,r,16.0,128.0,17011.155944399998,AMD EPYC 7571,AMD EPYC 7571,AuthenticAMD
r5a.4xlarge,us-west-2,usw2-az3,3,50.0,50.0,1.0,0.904,0.3982,55,r5a,Memory,r,16.0,128.0,17011.155944399998,AMD EPYC 7571,AMD EPYC 7571,AuthenticAMD
r5a.4xlarge,us-west-2,usw2-az4,3,25.0,50.0,1.0,0.904,0.4742,47,r5a,Memory,r,16.0,128.0,17011.155944399998,AMD EPYC 7571,AMD EPYC 7571,AuthenticAMD
r5a.8xlarge,us-west-2,usw2-az1,3,15.0,20.0,1.0,1.808,0.7389,59,r5a,Memory,r,32.0,256.0,16999.4311834,AMD EPYC 7571,AMD EPYC 7571,AuthenticAMD
r5a.8xlarge,us-west-2,usw2-az2,3,1.0,1.0,1.0,1.808,0.7159,60,r5a,Memory,r,32.0,256.0,16999.4311834,AMD EPYC 7571,AMD EPYC 7571,AuthenticAMD
r5a.8xlarge,us-west-2,usw2-az3,3,5.0,10.0,1.0,1.808,0.7418,58,r5a,Memory,r,32.0,256.0,16999.4311834,AMD EPYC 7571,AMD EPYC 7571,AuthenticAMD
r5a.8xlarge,us-west-2,usw2-az4,3,1.0,1.0,1.0,1.808,0.8952,50,r5a,Memory,r,32.0,256.0,16999.4311834,AMD EPYC 7571,AMD EPYC 7571,AuthenticAMD
r5a.large,us-west-2,usw2-az1,3,40.0,50.0,2.5,0.113,0.0401,64,r5a,Memory,r,2.0,16.0,16915.113766200004,AMD EPYC 7571,AMD EPYC 7571,AuthenticAMD
r5a.large,us-west-2,usw2-az2,3,50.0,50.0,2.5,0.113,0.0711,37,r5a,Memory,r,2.0,16.0,16915.113766200004,AMD EPYC 7571,AMD EPYC 7571,AuthenticAMD
r5a.large,us-west-2,usw2-az3,3,50.0,50.0,2.5,0.113,0.0421,62,r5a,Memory,r,2.0,16.0,16915.113766200004,AMD EPYC 7571,AMD EPYC 7571,AuthenticAMD
r5a.large,us-west-2,usw2-az4,3,50.0,50.0,2.5,0.113,0.0368,67,r5a,Memory,r,2.0,16.0,16915.113766200004,AMD EPYC 7571,AMD EPYC 7571,AuthenticAMD
r5a.xlarge,us-west-2,usw2-az1,3,50.0,50.0,2.5,0.226,0.0965,57,r5a,Memory,r,4.0,32.0,16977.586285999998,AMD EPYC 7571,AMD EPYC 7571,AuthenticAMD
r5a.xlarge,us-west-2,usw2-az2,3,35.0,45.0,2.5,0.226,0.0975,56,r5a,Memory,r,4.0,32.0,16977.586285999998,AMD EPYC 7571,AMD EPYC 7571,AuthenticAMD
r5a.xlarge,us-west-2,usw2-az3,3,45.0,50.0,2.5,0.226,0.0942,58,r5a,Memory,r,4.0,32.0,16977.586285999998,AMD EPYC 7571,AMD EPYC 7571,AuthenticAMD
r5a.xlarge,us-west-2,usw2-az4,3,50.0,50.0,2.5,0.226,0.0789,65,r5a,Memory,r,4.0,32.0,16977.586285999998,AMD EPYC 7571,AMD EPYC 7571,AuthenticAMD
r5ad.12xlarge,us-west-2,usw2-az1,1,0.0,0.0,1.0,3.144,1.274,59,r5ad,Memory,r,48.0,384.0,16959.6965,AMD EPYC 7571,AMD EPYC 7571,AuthenticAMD
r5ad.12xlarge,us-west-2,usw2-az2,1,0.0,0.0,1.0,3.144,1.4673,53,r5ad,Memory,r,48.0,384.0,16959.6965,AMD EPYC 7571,AMD EPYC 7571,AuthenticAMD
r5ad.12xlarge,us-west-2,usw2-az3,2,0.0,1.0,1.0,3.144,1.3077,58,r5ad,Memory,r,48.0,384.0,16959.6965,AMD EPYC 7571,AMD EPYC 7571,AuthenticAMD
r5ad.12xlarge,us-west-2,usw2-az4,1,0.0,0.0,1.0,3.144,1.1957,61,r5ad,Memory,r,48.0,384.0,16959.6965,AMD EPYC 7571,AMD EPYC 7571,AuthenticAMD
r5ad.16xlarge,us-west-2,usw2-az1,3,1.0,1.0,1.0,4.192,1.5164,63,r5ad,Memory,r,64.0,512.0,16977.9413,AMD EPYC 7571,AMD EPYC 7571,AuthenticAMD
r5ad.16xlarge,us-west-2,usw2-az2,3,5.0,5.0,1.0,4.192,1.6634,60,r5ad,Memory,r,64.0,512.0,16977.9413,AMD EPYC 7571,AMD EPYC 7571,AuthenticAMD
r5ad.16xlarge,us-west-2,usw2-az3,3,1.0,1.0,1.0,4.192,1.6063,61,r5ad,Memory,r,64.0,512.0,16977.9413,AMD EPYC 7571,AMD EPYC 7571,AuthenticAMD
r5ad.16xlarge,us-west-2,usw2-az4,1,0.0,0.0,1.0,4.192,1.5339,63,r5ad,Memory,r,64.0,512.0,16977.9413,AMD EPYC 7571,AMD EPYC 7571,AuthenticAMD
r5ad.24xlarge,us-west-2,usw2-az1,3,1.0,5.0,1.0,6.288,2.6311,58,r5ad,Memory,r,96.0,768.0,16998.3747,AMD EPYC 7571,AMD EPYC 7571,AuthenticAMD
r5ad.24xlarge,us-west-2,usw2-az2,3,5.0,10.0,1.0,6.288,2.6468,57,r5ad,Memory,r,96.0,768.0,16998.3747,AMD EPYC 7571,AMD EPYC 7571,AuthenticAMD
r5ad.24xlarge,us-west-2,usw2-az3,3,1.0,5.0,1.0,6.288,2.538,59,r5ad,Memory,r,96.0,768.0,16998.3747,AMD EPYC 7571,AMD EPYC 7571,AuthenticAMD
r5ad.24xlarge,us-west-2,usw2-az4,1,0.0,0.0,1.0,6.288,2.2812,63,r5ad,Memory,r,96.0,768.0,16998.3747,AMD EPYC 7571,AMD EPYC 7571,AuthenticAMD
r5ad.2xlarge,us-west-2,usw2-az1,3,1.0,1.0,1.0,0.524,0.3754,28,r5ad,Memory,r,8.0,64.0,16996.7251,AMD EPYC 7571,AMD EPYC 7571,AuthenticAMD
r5ad.2xlarge,us-west-2,usw2-az2,3,1.0,1.0,1.0,0.524,0.4347,17,r5ad,Memory,r,8.0,64.0,16996.7251,AMD EPYC 7571,AMD EPYC 7571,AuthenticAMD
r5ad.2xlarge,us-west-2,usw2-az3,3,1.0,1.0,1.0,0.524,0.4007,23,r5ad,Memory,r,8.0,64.0,16996.7251,AMD EPYC 7571,AMD EPYC 7571,AuthenticAMD
r5ad.2xlarge,us-west-2,usw2-az4,2,0.0,1.0,1.0,0.524,0.2848,45,r5ad,Memory,r,8.0,64.0,16996.7251,AMD EPYC 7571,AMD EPYC 7571,AuthenticAMD
r5ad.4xlarge,us-west-2,usw2-az1,3,1.0,5.0,1.0,1.048,0.483,53,r5ad,Memory,r,16.0,128.0,16987.5317,AMD EPYC 7571,AMD EPYC 7571,AuthenticAMD
r5ad.4xlarge,us-west-2,usw2-az2,3,5.0,5.0,1.0,1.048,0.4937,52,r5ad,Memory,r,16.0,128.0,16987.5317,AMD EPYC 7571,AMD EPYC 7571,AuthenticAMD
r5ad.4xlarge,us-west-2,usw2-az3,3,1.0,5.0,1.0,1.048,0.4732,54,r5ad,Memory,r,16.0,128.0,16987.5317,AMD EPYC 7571,AMD EPYC 7571,AuthenticAMD
r5ad.4xlarge,us-west-2,usw2-az4,1,0.0,0.0,1.0,1.048,0.6536,37,r5ad,Memory,r,16.0,128.0,16987.5317,AMD EPYC 7571,AMD EPYC 7571,AuthenticAMD
r5ad.8xlarge,us-west-2,usw2-az1,3,5.0,5.0,1.0,2.096,0.8611,58,r5ad,Memory,r,32.0,256.0,16987.6585,AMD EPYC 7571,AMD EPYC 7571,AuthenticAMD
r5ad.8xlarge,us-west-2,usw2-az2,2,0.0,1.0,1.0,2.096,0.9616,54,r5ad,Memory,r,32.0,256.0,16987.6585,AMD EPYC 7571,AMD EPYC 7571,AuthenticAMD
r5ad.8xlarge,us-west-2,usw2-az3,3,1.0,1.0,1.0,2.096,0.8215,60,r5ad,Memory,r,32.0,256.0,16987.6585,AMD EPYC 7571,AMD EPYC 7571,AuthenticAMD
r5ad.8xlarge,us-west-2,usw2-az4,1,0.0,0.0,1.0,2.096,0.7207,65,r5ad,Memory,r,32.0,256.0,16987.6585,AMD EPYC 7571,AMD EPYC 7571,AuthenticAMD
r5ad.large,us-west-2,usw2-az1,3,25.0,40.0,3.0,0.131,0.0498,61,r5ad,Memory,r,2.0,16.0,16982.6224,AMD EPYC 7571,AMD EPYC 7571,AuthenticAMD
r5ad.large,us-west-2,usw2-az2,3,10.0,20.0,3.0,0.131,0.0572,56,r5ad,Memory,r,2.0,16.0,16982.6224,AMD EPYC 7571,AMD EPYC 7571,AuthenticAMD
r5ad.large,us-west-2,usw2-az3,3,10.0,15.0,3.0,0.131,0.0468,64,r5ad,Memory,r,2.0,16.0,16982.6224,AMD EPYC 7571,AMD EPYC 7571,AuthenticAMD
r5ad.large,us-west-2,usw2-az4,3,10.0,15.0,3.0,0.131,0.0515,60,r5ad,Memory,r,2.0,16.0,16982.6224,AMD EPYC 7571,AMD EPYC 7571,AuthenticAMD
r5ad.xlarge,us-west-2,usw2-az1,3,5.0,5.0,1.5,0.262,0.1267,51,r5ad,Memory,r,4.0,32.0,16992.2742,AMD EPYC 7571,AMD EPYC 7571,AuthenticAMD
r5ad.xlarge,us-west-2,usw2-az2,3,5.0,5.0,1.5,0.262,0.1323,49,r5ad,Memory,r,4.0,32.0,16992.2742,AMD EPYC 7571,AMD EPYC 7571,AuthenticAMD
r5ad.xlarge,us-west-2,usw2-az3,3,5.0,5.0,1.5,0.262,0.1124,57,r5ad,Memory,r,4.0,32.0,16992.2742,AMD EPYC 7571,AMD EPYC 7571,AuthenticAMD
r5ad.xlarge,us-west-2,usw2-az4,3,1.0,1.0,1.5,0.262,0.1135,56,r5ad,Memory,r,4.0,32.0,16992.2742,AMD EPYC 7571,AMD EPYC 7571,AuthenticAMD
r5b.12xlarge,us-west-2,usw2-az1,2,0.0,1.0,3.0,3.576,2.7584,22,r5b,Memory,r,48.0,384.0,25059.6538636,Intel(R) Xeon(R) Platinum 8259CL CPU @ 2.50GHz,Intel(R) Xeon(R) Platinum 8259CL CPU @ 2.50GHz,Intel
r5b.12xlarge,us-west-2,usw2-az2,2,0.0,1.0,3.0,3.576,2.4171,32,r5b,Memory,r,48.0,384.0,25059.6538636,Intel(R) Xeon(R) Platinum 8259CL CPU @ 2.50GHz,Intel(R) Xeon(R) Platinum 8259CL CPU @ 2.50GHz,Intel
r5b.12xlarge,us-west-2,usw2-az3,3,1.0,1.0,3.0,3.576,2.3485,34,r5b,Memory,r,48.0,384.0,25059.6538636,Intel(R) Xeon(R) Platinum 8259CL CPU @ 2.50GHz,Intel(R) Xeon(R) Platinum 8259CL CPU @ 2.50GHz,Intel
r5b.16xlarge,us-west-2,usw2-az1,3,10.0,15.0,3.0,4.768,3.2952,30,r5b,Memory,r,64.0,512.0,23920.0184832,Intel(R) Xeon(R) Platinum 8259CL CPU @ 2.50GHz,Intel(R) Xeon(R) Platinum 8259CL CPU @ 2.50GHz,Intel
r5b.16xlarge,us-west-2,usw2-az2,3,50.0,50.0,3.0,4.768,2.2172,53,r5b,Memory,r,64.0,512.0,23920.0184832,Intel(R) Xeon(R) Platinum 8259CL CPU @ 2.50GHz,Intel(R) Xeon(R) Platinum 8259CL CPU @ 2.50GHz,Intel
r5b.16xlarge,us-west-2,usw2-az3,3,10.0,25.0,3.0,4.768,2.7106,43,r5b,Memory,r,64.0,512.0,23920.0184832,Intel(R) Xeon(R) Platinum 8259CL CPU @ 2.50GHz,Intel(R) Xeon(R) Platinum 8259CL CPU @ 2.50GHz,Intel
r5b.24xlarge,us-west-2,usw2-az1,3,20.0,35.0,3.0,7.152,3.6752,48,r5b,Memory,r,96.0,768.0,25021.339616200003,Intel(R) Xeon(R) Platinum 8259CL CPU @ 2.50GHz,Intel(R) Xeon(R) Platinum 8259CL CPU @ 2.50GHz,Intel
r5b.24xlarge,us-west-2,usw2-az2,3,10.0,15.0,3.0,7.152,3.5585,50,r5b,Memory,r,96.0,768.0,25021.339616200003,Intel(R) Xeon(R) Platinum 8259CL CPU @ 2.50GHz,Intel(R) Xeon(R) Platinum 8259CL CPU @ 2.50GHz,Intel
r5b.24xlarge,us-west-2,usw2-az3,3,5.0,5.0,3.0,7.152,3.7719,47,r5b,Memory,r,96.0,768.0,25021.339616200003,Intel(R) Xeon(R) Platinum 8259CL CPU @ 2.50GHz,Intel(R) Xeon(R) Platinum 8259CL CPU @ 2.50GHz,Intel
r5b.2xlarge,us-west-2,usw2-az1,3,5.0,10.0,3.0,0.596,0.4011,32,r5b,Memory,r,8.0,64.0,23936.0482632,Intel(R) Xeon(R) Platinum 8259CL CPU @ 2.50GHz,Intel(R) Xeon(R) Platinum 8259CL CPU @ 2.50GHz,Intel
r5b.2xlarge,us-west-2,usw2-az2,3,1.0,1.0,3.0,0.596,0.3901,34,r5b,Memory,r,8.0,64.0,23936.0482632,Intel(R) Xeon(R) Platinum 8259CL CPU @ 2.50GHz,Intel(R) Xeon(R) Platinum 8259CL CPU @ 2.50GHz,Intel
r5b.2xlarge,us-west-2,usw2-az3,3,5.0,10.0,3.0,0.596,0.3836,35,r5b,Memory,r,8.0,64.0,23936.0482632,Intel(R) Xeon(R) Platinum 8259CL CPU @ 2.50GHz,Intel(R) Xeon(R) Platinum 8259CL CPU @ 2.50GHz,Intel
r5b.4xlarge,us-west-2,usw2-az1,3,1.0,5.0,3.0,1.192,1.0227,14,r5b,Memory,r,16.0,128.0,23146.9630418,Intel(R) Xeon(R) Platinum 8259CL CPU @ 2.50GHz,Intel(R) Xeon(R) Platinum 8259CL CPU @ 2.50GHz,Intel
r5b.4xlarge,us-west-2,usw2-az2,3,5.0,5.0,3.0,1.192,1.0997,7,r5b,Memory,r,16.0,128.0,23146.9630418,Intel(R) Xeon(R) Platinum 8259CL CPU @ 2.50GHz,Intel(R) Xeon(R) Platinum 8259CL CPU @ 2.50GHz,Intel
r5b.4xlarge,us-west-2,usw2-az3,3,5.0,10.0,3.0,1.192,0.6108,48,r5b,Memory,r,16.0,128.0,23146.9630418,Intel(R) Xeon(R) Platinum 8259CL CPU @ 2.50GHz,Intel(R) Xeon(R) Platinum 8259CL CPU @ 2.50GHz,Intel
r5b.8xlarge,us-west-2,usw2-az1,3,1.0,1.0,2.5,2.384,1.269,46,r5b,Memory,r,32.0,256.0,23938.1172104,Intel(R) Xeon(R) Platinum 8259CL CPU @ 2.50GHz,Intel(R) Xeon(R) Platinum 8259CL CPU @ 2.50GHz,Intel
r5b.8xlarge,us-west-2,usw2-az2,3,1.0,5.0,2.5,2.384,1.3044,45,r5b,Memory,r,32.0,256.0,23938.1172104,Intel(R) Xeon(R) Platinum 8259CL CPU @ 2.50GHz,Intel(R) Xeon(R) Platinum 8259CL CPU @ 2.50GHz,Intel
r5b.8xlarge,us-west-2,usw2-az3,3,1.0,1.0,2.5,2.384,1.2847,46,r5b,Memory,r,32.0,256.0,23938.1172104,Intel(R) Xeon(R) Platinum 8259CL CPU @ 2.50GHz,Intel(R) Xeon(R) Platinum 8259CL CPU @ 2.50GHz,Intel
r5b.large,us-west-2,usw2-az1,3,50.0,50.0,3.0,0.149,0.0559,62,r5b,Memory,r,2.0,16.0,23929.4200492,Intel(R) Xeon(R) Platinum 8259CL CPU @ 2.50GHz,Intel(R) Xeon(R) Platinum 8259CL CPU @ 2.50GHz,Intel
r5b.large,us-west-2,usw2-az2,3,25.0,35.0,3.0,0.149,0.0718,51,r5b,Memory,r,2.0,16.0,23929.4200492,Intel(R) Xeon(R) Platinum 8259CL CPU @ 2.50GHz,Intel(R) Xeon(R) Platinum 8259CL CPU @ 2.50GHz,Intel
r5b.large,us-west-2,usw2-az3,3,50.0,50.0,3.0,0.149,0.055,63,r5b,Memory,r,2.0,16.0,23929.4200492,Intel(R) Xeon(R) Platinum 8259CL CPU @ 2.50GHz,Intel(R) Xeon(R) Platinum 8259CL CPU @ 2.50GHz,Intel
r5b.xlarge,us-west-2,usw2-az1,3,15.0,25.0,3.0,0.298,0.163,45,r5b,Memory,r,4.0,32.0,23913.956567000005,Intel(R) Xeon(R) Platinum 8259CL CPU @ 2.50GHz,Intel(R) Xeon(R) Platinum 8259CL CPU @ 2.50GHz,Intel
r5b.xlarge,us-west-2,usw2-az2,3,5.0,15.0,3.0,0.298,0.162,45,r5b,Memory,r,4.0,32.0,23913.956567000005,Intel(R) Xeon(R) Platinum 8259CL CPU @ 2.50GHz,Intel(R) Xeon(R) Platinum 8259CL CPU @ 2.50GHz,Intel
r5b.xlarge,us-west-2,usw2-az3,3,20.0,30.0,3.0,0.298,0.1575,47,r5b,Memory,r,4.0,32.0,23913.956567000005,Intel(R) Xeon(R) Platinum 8259CL CPU @ 2.50GHz,Intel(R) Xeon(R) Platinum 8259CL CPU @ 2.50GHz,Intel
r5d.12xlarge,us-west-2,usw2-az1,3,10.0,15.0,1.0,3.456,1.6162,53,r5d,Memory,r,48.0,384.0,25048.1011,Intel(R) Xeon(R) Platinum 8259CL CPU @ 2.50GHz,Intel(R) Xeon(R) Platinum 8259CL CPU @ 2.50GHz,Intel
r5d.12xlarge,us-west-2,usw2-az2,3,20.0,45.0,1.0,3.456,1.6135,53,r5d,Memory,r,48.0,384.0,25048.1011,Intel(R) Xeon(R) Platinum 8259CL CPU @ 2.50GHz,Intel(R) Xeon(R) Platinum 8259CL CPU @ 2.50GHz,Intel
r5d.12xlarge,us-west-2,usw2-az3,3,20.0,35.0,1.0,3.456,1.5793,54,r5d,Memory,r,48.0,384.0,25048.1011,Intel(R) Xeon(R) Platinum 8259CL CPU @ 2.50GHz,Intel(R) Xeon(R) Platinum 8259CL CPU @ 2.50GHz,Intel
r5d.12xlarge,us-west-2,usw2-az4,3,1.0,1.0,1.0,3.456,1.4973,56,r5d,Memory,r,48.0,384.0,25048.1011,Intel(R) Xeon(R) Platinum 8259CL CPU @ 2.50GHz,Intel(R) Xeon(R) Platinum 8259CL CPU @ 2.50GHz,Intel
r5d.16xlarge,us-west-2,usw2-az1,3,50.0,50.0,1.0,4.608,1.8665,59,r5d,Memory,r,64.0,512.0,23188.1124,Intel(R) Xeon(R) Platinum 8259CL CPU @ 2.50GHz,Intel(R) Xeon(R) Platinum 8259CL CPU @ 2.50GHz,Intel
r5d.16xlarge,us-west-2,usw2-az2,3,50.0,50.0,1.0,4.608,1.7207,62,r5d,Memory,r,64.0,512.0,23188.1124,Intel(R) Xeon(R) Platinum 8259CL CPU @ 2.50GHz,Intel(R) Xeon(R) Platinum 8259CL CPU @ 2.50GHz,Intel
r5d.16xlarge,us-west-2,usw2-az3,3,50.0,50.0,1.0,4.608,2.0196,56,r5d,Memory,r,64.0,512.0,23188.1124,Intel(R) Xeon(R) Platinum 8259CL CPU @ 2.50GHz,Intel(R) Xeon(R) Platinum 8259CL CPU @ 2.50GHz,Intel
r5d.16xlarge,us-west-2,usw2-az4,3,5.0,10.0,1.0,4.608,2.1818,52,r5d,Memory,r,64.0,512.0,23188.1124,Intel(R) Xeon(R) Platinum 8259CL CPU @ 2.50GHz,Intel(R) Xeon(R) Platinum 8259CL CPU @ 2.50GHz,Intel
r5d.24xlarge,us-west-2,usw2-az1,3,50.0,50.0,1.5,6.912,2.8267,59,r5d,Memory,r,96.0,768.0,25114.6541,Intel(R) Xeon(R) Platinum 8175M CPU @ 2.50GHz,Intel(R) Xeon(R) Platinum 8175M CPU @ 2.50GHz,Intel
r5d.24xlarge,us-west-2,usw2-az2,3,50.0,50.0,1.5,6.912,2.8305,59,r5d,Memory,r,96.0,768.0,25114.6541,Intel(R) Xeon(R) Platinum 8175M CPU @ 2.50GHz,Intel(R) Xeon(R) Platinum 8175M CPU @ 2.50GHz,Intel
r5d.24xlarge,us-west-2,usw2-az3,3,50.0,50.0,1.5,6.912,2.7974,59,r5d,Memory,r,96.0,768.0,25114.6541,Intel(R) Xeon(R) Platinum 8175M CPU @ 2.50GHz,Intel(R) Xeon(R) Platinum 8175M CPU @ 2.50GHz,Intel
r5d.24xlarge,us-west-2,usw2-az4,3,10.0,25.0,1.5,6.912,3.2629,52,r5d,Memory,r,96.0,768.0,25114.6541,Intel(R) Xeon(R) Platinum 8175M CPU @ 2.50GHz,Intel(R) Xeon(R) Platinum 8175M CPU @ 2.50GHz,Intel
r5d.2xlarge,us-west-2,usw2-az1,3,50.0,50.0,1.5,0.576,0.2968,48,r5d,Memory,r,8.0,64.0,23103.9288,Intel(R) Xeon(R) Platinum 8259CL CPU @ 2.50GHz,Intel(R) Xeon(R) Platinum 8259CL CPU @ 2.50GHz,Intel
r5d.2xlarge,us-west-2,usw2-az2,3,50.0,50.0,1.5,0.576,0.2897,49,r5d,Memory,r,8.0,64.0,23103.9288,Intel(R) Xeon(R) Platinum 8259CL CPU @ 2.50GHz,Intel(R) Xeon(R) Platinum 8259CL CPU @ 2.50GHz,Intel
r5d.2xlarge,us-west-2,usw2-az3,3,50.0,50.0,1.5,0.576,0.2854,50,r5d,Memory,r,8.0,64.0,23103.9288,Intel(R) Xeon(R) Platinum 8259CL CPU @ 2.50GHz,Intel(R) Xeon(R) Platinum 8259CL CPU @ 2.50GHz,Intel
r5d.2xlarge,us-west-2,usw2-az4,3,5.0,10.0,1.5,0.576,0.2731,52,r5d,Memory,r,8.0,64.0,23103.9288,Intel(R) Xeon(R) Platinum 8259CL CPU @ 2.50GHz,Intel(R) Xeon(R) Platinum 8259CL CPU @ 2.50GHz,Intel
r5d.4xlarge,us-west-2,usw2-az1,3,50.0,50.0,1.0,1.152,0.5709,50,r5d,Memory,r,16.0,128.0,23125.8915,Intel(R) Xeon(R) Platinum 8175M CPU @ 2.50GHz,Intel(R) Xeon(R) Platinum 8175M CPU @ 2.50GHz,Intel
r5d.4xlarge,us-west-2,usw2-az2,3,50.0,50.0,1.0,1.152,0.5672,50,r5d,Memory,r,16.0,128.0,23125.8915,Intel(R) Xeon(R) Platinum 8175M CPU @ 2.50GHz,Intel(R) Xeon(R) Platinum 8175M CPU @ 2.50GHz,Intel
r5d.4xlarge,us-west-2,usw2-az3,3,50.0,50.0,1.0,1.152,0.5954,48,r5d,Memory,r,16.0,128.0,23125.8915,Intel(R) Xeon(R) Platinum 8175M CPU @ 2.50GHz,Intel(R) Xeon(R) Platinum 8175M CPU @ 2.50GHz,Intel
r5d.4xlarge,us-west-2,usw2-az4,3,5.0,15.0,1.0,1.152,0.6033,47,r5d,Memory,r,16.0,128.0,23125.8915,Intel(R) Xeon(R) Platinum 8175M CPU @ 2.50GHz,Intel(R) Xeon(R) Platinum 8175M CPU @ 2.50GHz,Intel
r5d.8xlarge,us-west-2,usw2-az1,3,50.0,50.0,1.0,2.304,1.1082,51,r5d,Memory,r,32.0,256.0,23911.1143,Intel(R) Xeon(R) Platinum 8175M CPU @ 2.50GHz,Intel(R) Xeon(R) Platinum 8175M CPU @ 2.50GHz,Intel
r5d.8xlarge,us-west-2,usw2-az2,3,50.0,50.0,1.0,2.304,1.0933,52,r5d,Memory,r,32.0,256.0,23911.1143,Intel(R) Xeon(R) Platinum 8175M CPU @ 2.50GHz,Intel(R) Xeon(R) Platinum 8175M CPU @ 2.50GHz,Intel
r5d.8xlarge,us-west-2,usw2-az3,3,50.0,50.0,1.0,2.304,1.0787,53,r5d,Memory,r,32.0,256.0,23911.1143,Intel(R) Xeon(R) Platinum 8175M CPU @ 2.50GHz,Intel(R) Xeon(R) Platinum 8175M CPU @ 2.50GHz,Intel
r5d.8xlarge,us-west-2,usw2-az4,3,5.0,10.0,1.0,2.304,1.0866,52,r5d,Memory,r,32.0,256.0,23911.1143,Intel(R) Xeon(R) Platinum 8175M CPU @ 2.50GHz,Intel(R) Xeon(R) Platinum 8175M CPU @ 2.50GHz,Intel
r5d.large,us-west-2,usw2-az1,3,50.0,50.0,3.0,0.144,0.0537,62,r5d,Memory,r,2.0,16.0,23160.492,Intel(R) Xeon(R) Platinum 8259CL CPU @ 2.50GHz,Intel(R) Xeon(R) Platinum 8259CL CPU @ 2.50GHz,Intel
r5d.large,us-west-2,usw2-az2,3,50.0,50.0,3.0,0.144,0.0622,56,r5d,Memory,r,2.0,16.0,23160.492,Intel(R) Xeon(R) Platinum 8259CL CPU @ 2.50GHz,Intel(R) Xeon(R) Platinum 8259CL CPU @ 2.50GHz,Intel
r5d.large,us-west-2,usw2-az3,3,50.0,50.0,3.0,0.144,0.0526,63,r5d,Memory,r,2.0,16.0,23160.492,Intel(R) Xeon(R) Platinum 8259CL CPU @ 2.50GHz,Intel(R) Xeon(R) Platinum 8259CL CPU @ 2.50GHz,Intel
r5d.large,us-west-2,usw2-az4,3,5.0,15.0,3.0,0.144,0.0553,61,r5d,Memory,r,2.0,16.0,23160.492,Intel(R) Xeon(R) Platinum 8259CL CPU @ 2.50GHz,Intel(R) Xeon(R) Platinum 8259CL CPU @ 2.50GHz,Intel
r5d.xlarge,us-west-2,usw2-az1,3,50.0,50.0,2.5,0.288,0.1497,48,r5d,Memory,r,4.0,32.0,23151.0518,Intel(R) Xeon(R) Platinum 8175M CPU @ 2.50GHz,Intel(R) Xeon(R) Platinum 8175M CPU @ 2.50GHz,Intel
r5d.xlarge,us-west-2,usw2-az2,3,50.0,50.0,2.5,0.288,0.146,49,r5d,Memory,r,4.0,32.0,23151.0518,Intel(R) Xeon(R) Platinum 8175M CPU @ 2.50GHz,Intel(R) Xeon(R) Platinum 8175M CPU @ 2.50GHz,Intel
r5d.xlarge,us-west-2,usw2-az3,3,25.0,35.0,2.5,0.288,0.1452,49,r5d,Memory,r,4.0,32.0,23151.0518,Intel(R) Xeon(R) Platinum 8175M CPU @ 2.50GHz,Intel(R) Xeon(R) Platinum 8175M CPU @ 2.50GHz,Intel
r5d.xlarge,us-west-2,usw2-az4,3,1.0,5.0,2.5,0.288,0.1258,56,r5d,Memory,r,4.0,32.0,23151.0518,Intel(R) Xeon(R) Platinum 8175M CPU @ 2.50GHz,Intel(R) Xeon(R) Platinum 8175M CPU @ 2.50GHz,Intel
r5dn.12xlarge,us-west-2,usw2-az1,3,5.0,10.0,1.5,4.008,1.8299,54,r5dn,Memory,r,48.0,384.0,25063.1634,Intel(R) Xeon(R) Platinum 8259CL CPU @ 2.50GHz,Intel(R) Xeon(R) Platinum 8259CL CPU @ 2.50GHz,Intel
r5dn.12xlarge,us-west-2,usw2-az2,3,5.0,10.0,1.5,4.008,1.6921,57,r5dn,Memory,r,48.0,384.0,25063.1634,Intel(R) Xeon(R) Platinum 8259CL CPU @ 2.50GHz,Intel(R) Xeon(R) Platinum 8259CL CPU @ 2.50GHz,Intel
r5dn.12xlarge,us-west-2,usw2-az3,3,5.0,10.0,1.5,4.008,1.6388,59,r5dn,Memory,r,48.0,384.0,25063.1634,Intel(R) Xeon(R) Platinum 8259CL CPU @ 2.50GHz,Intel(R) Xeon(R) Platinum 8259CL CPU @ 2.50GHz,Intel
r5dn.12xlarge,us-west-2,usw2-az4,1,0.0,0.0,1.5,4.008,1.8936,52,r5dn,Memory,r,48.0,384.0,25063.1634,Intel(R) Xeon(R) Platinum 8259CL CPU @ 2.50GHz,Intel(R) Xeon(R) Platinum 8259CL CPU @ 2.50GHz,Intel
r5dn.16xlarge,us-west-2,usw2-az1,3,15.0,20.0,1.0,5.344,2.2767,57,r5dn,Memory,r,64.0,512.0,23927.9205,Intel(R) Xeon(R) Platinum 8259CL CPU @ 2.50GHz,Intel(R) Xeon(R) Platinum 8259CL CPU @ 2.50GHz,Intel
r5dn.16xlarge,us-west-2,usw2-az2,3,10.0,20.0,1.0,5.344,2.1208,60,r5dn,Memory,r,64.0,512.0,23927.9205,Intel(R) Xeon(R) Platinum 8259CL CPU @ 2.50GHz,Intel(R) Xeon(R) Platinum 8259CL CPU @ 2.50GHz,Intel
r5dn.16xlarge,us-west-2,usw2-az3,3,5.0,10.0,1.0,5.344,2.1007,60,r5dn,Memory,r,64.0,512.0,23927.9205,Intel(R) Xeon(R) Platinum 8259CL CPU @ 2.50GHz,Intel(R) Xeon(R) Platinum 8259CL CPU @ 2.50GHz,Intel
r5dn.16xlarge,us-west-2,usw2-az4,2,0.0,1.0,1.0,5.344,2.426,54,r5dn,Memory,r,64.0,512.0,23927.9205,Intel(R) Xeon(R) Platinum 8259CL CPU @ 2.50GHz,Intel(R) Xeon(R) Platinum 8259CL CPU @ 2.50GHz,Intel
r5dn.24xlarge,us-west-2,usw2-az1,3,15.0,25.0,1.0,8.016,3.3572,58,r5dn,Memory,r,96.0,768.0,25037.1989,Intel(R) Xeon(R) Platinum 8259CL CPU @ 2.50GHz,Intel(R) Xeon(R) Platinum 8259CL CPU @ 2.50GHz,Intel
r5dn.24xlarge,us-west-2,usw2-az2,3,25.0,40.0,1.0,8.016,3.3291,58,r5dn,Memory,r,96.0,768.0,25037.1989,Intel(R) Xeon(R) Platinum 8259CL CPU @ 2.50GHz,Intel(R) Xeon(R) Platinum 8259CL CPU @ 2.50GHz,Intel
r5dn.24xlarge,us-west-2,usw2-az3,3,25.0,35.0,1.0,8.016,3.0448,62,r5dn,Memory,r,96.0,768.0,25037.1989,Intel(R) Xeon(R) Platinum 8259CL CPU @ 2.50GHz,Intel(R) Xeon(R) Platinum 8259CL CPU @ 2.50GHz,Intel
r5dn.24xlarge,us-west-2,usw2-az4,2,0.0,1.0,1.0,8.016,3.9402,50,r5dn,Memory,r,96.0,768.0,25037.1989,Intel(R) Xeon(R) Platinum 8259CL CPU @ 2.50GHz,Intel(R) Xeon(R) Platinum 8259CL CPU @ 2.50GHz,Intel
r5dn.2xlarge,us-west-2,usw2-az1,3,10.0,25.0,1.0,0.668,0.3869,42,r5dn,Memory,r,8.0,64.0,23184.7619,Intel(R) Xeon(R) Platinum 8259CL CPU @ 2.50GHz,Intel(R) Xeon(R) Platinum 8259CL CPU @ 2.50GHz,Intel
r5dn.2xlarge,us-west-2,usw2-az2,3,1.0,5.0,1.0,0.668,0.4006,40,r5dn,Memory,r,8.0,64.0,23184.7619,Intel(R) Xeon(R) Platinum 8259CL CPU @ 2.50GHz,Intel(R) Xeon(R) Platinum 8259CL CPU @ 2.50GHz,Intel
r5dn.2xlarge,us-west-2,usw2-az3,3,5.0,10.0,1.0,0.668,0.3545,46,r5dn,Memory,r,8.0,64.0,23184.7619,Intel(R) Xeon(R) Platinum 8259CL CPU @ 2.50GHz,Intel(R) Xeon(R) Platinum 8259CL CPU @ 2.50GHz,Intel
r5dn.2xlarge,us-west-2,usw2-az4,1,0.0,0.0,1.0,0.668,0.4415,33,r5dn,Memory,r,8.0,64.0,23184.7619,Intel(R) Xeon(R) Platinum 8259CL CPU @ 2.50GHz,Intel(R) Xeon(R) Platinum 8259CL CPU @ 2.50GHz,Intel
r5dn.4xlarge,us-west-2,usw2-az1,3,50.0,50.0,1.0,1.336,0.5589,58,r5dn,Memory,r,16.0,128.0,23159.7518,Intel(R) Xeon(R) Platinum 8259CL CPU @ 2.50GHz,Intel(R) Xeon(R) Platinum 8259CL CPU @ 2.50GHz,Intel
r5dn.4xlarge,us-west-2,usw2-az2,3,50.0,50.0,1.0,1.336,0.7031,47,r5dn,Memory,r,16.0,128.0,23159.7518,Intel(R) Xeon(R) Platinum 8259CL CPU @ 2.50GHz,Intel(R) Xeon(R) Platinum 8259CL CPU @ 2.50GHz,Intel
r5dn.4xlarge,us-west-2,usw2-az3,3,50.0,50.0,1.0,1.336,0.539,59,r5dn,Memory,r,16.0,128.0,23159.7518,Intel(R) Xeon(R) Platinum 8259CL CPU @ 2.50GHz,Intel(R) Xeon(R) Platinum 8259CL CPU @ 2.50GHz,Intel
r5dn.4xlarge,us-west-2,usw2-az4,3,1.0,1.0,1.0,1.336,0.6956,47,r5dn,Memory,r,16.0,128.0,23159.7518,Intel(R) Xeon(R) Platinum 8259CL CPU @ 2.50GHz,Intel(R) Xeon(R) Platinum 8259CL CPU @ 2.50GHz,Intel
r5dn.8xlarge,us-west-2,usw2-az1,3,5.0,5.0,1.0,2.672,1.4274,46,r5dn,Memory,r,32.0,256.0,23931.4672,Intel(R) Xeon(R) Platinum 8259CL CPU @ 2.50GHz,Intel(R) Xeon(R) Platinum 8259CL CPU @ 2.50GHz,Intel
r5dn.8xlarge,us-west-2,usw2-az2,3,5.0,10.0,1.0,2.672,1.2925,51,r5dn,Memory,r,32.0,256.0,23931.4672,Intel(R) Xeon(R) Platinum 8259CL CPU @ 2.50GHz,Intel(R) Xeon(R) Platinum 8259CL CPU @ 2.50GHz,Intel
r5dn.8xlarge,us-west-2,usw2-az3,3,5.0,10.0,1.0,2.672,1.3409,49,r5dn,Memory,r,32.0,256.0,23931.4672,Intel(R) Xeon(R) Platinum 8259CL CPU @ 2.50GHz,Intel(R) Xeon(R) Platinum 8259CL CPU @ 2.50GHz,Intel
r5dn.8xlarge,us-west-2,usw2-az4,1,0.0,0.0,1.0,2.672,1.5272,42,r5dn,Memory,r,32.0,256.0,23931.4672,Intel(R) Xeon(R) Platinum 8259CL CPU @ 2.50GHz,Intel(R) Xeon(R) Platinum 8259CL CPU @ 2.50GHz,Intel
r5dn.large,us-west-2,usw2-az1,3,50.0,50.0,3.0,0.167,0.058,65,r5dn,Memory,r,2.0,16.0,23142.5097,Intel(R) Xeon(R) Platinum 8259CL CPU @ 2.50GHz,Intel(R) Xeon(R) Platinum 8259CL CPU @ 2.50GHz,Intel
r5dn.large,us-west-2,usw2-az2,3,45.0,50.0,3.0,0.167,0.0602,63,r5dn,Memory,r,2.0,16.0,23142.5097,Intel(R) Xeon(R) Platinum 8259CL CPU @ 2.50GHz,Intel(R) Xeon(R) Platinum 8259CL CPU @ 2.50GHz,Intel
r5dn.large,us-west-2,usw2-az3,3,20.0,35.0,3.0,0.167,0.0591,64,r5dn,Memory,r,2.0,16.0,23142.5097,Intel(R) Xeon(R) Platinum 8259CL CPU @ 2.50GHz,Intel(R) Xeon(R) Platinum 8259CL CPU @ 2.50GHz,Intel
r5dn.large,us-west-2,usw2-az4,3,1.0,5.0,3.0,0.167,0.0531,68,r5dn,Memory,r,2.0,16.0,23142.5097,Intel(R) Xeon(R) Platinum 8259CL CPU @ 2.50GHz,Intel(R) Xeon(R) Platinum 8259CL CPU @ 2.50GHz,Intel
r5dn.xlarge,us-west-2,usw2-az1,3,10.0,15.0,2.5,0.334,0.1857,44,r5dn,Memory,r,4.0,32.0,23922.3073,Intel(R) Xeon(R) Platinum 8259CL CPU @ 2.50GHz,Intel(R) Xeon(R) Platinum 8259CL CPU @ 2.50GHz,Intel
r5dn.xlarge,us-west-2,usw2-az2,3,15.0,25.0,2.5,0.334,0.1686,49,r5dn,Memory,r,4.0,32.0,23922.3073,Intel(R) Xeon(R) Platinum 8259CL CPU @ 2.50GHz,Intel(R) Xeon(R) Platinum 8259CL CPU @ 2.50GHz,Intel
r5dn.xlarge,us-west-2,usw2-az3,3,5.0,5.0,2.5,0.334,0.1779,46,r5dn,Memory,r,4.0,32.0,23922.3073,Intel(R) Xeon(R) Platinum 8259CL CPU @ 2.50GHz,Intel(R) Xeon(R) Platinum 8259CL CPU @ 2.50GHz,Intel
r5dn.xlarge,us-west-2,usw2-az4,3,1.0,1.0,2.5,0.334,0.1585,52,r5dn,Memory,r,4.0,32.0,23922.3073,Intel(R) Xeon(R) Platinum 8259CL CPU @ 2.50GHz,Intel(R) Xeon(R) Platinum 8259CL CPU @ 2.50GHz,Intel
r5n.12xlarge,us-west-2,usw2-az1,3,10.0,15.0,1.5,3.576,1.5374,57,r5n,Memory,r,48.0,384.0,25022.027633,Intel(R) Xeon(R) Platinum 8259CL CPU @ 2.50GHz,Intel(R) Xeon(R) Platinum 8259CL CPU @ 2.50GHz,Intel
r5n.12xlarge,us-west-2,usw2-az2,3,15.0,20.0,1.5,3.576,1.5406,56,r5n,Memory,r,48.0,384.0,25022.027633,Intel(R) Xeon(R) Platinum 8259CL CPU @ 2.50GHz,Intel(R) Xeon(R) Platinum 8259CL CPU @ 2.50GHz,Intel
r5n.12xlarge,us-west-2,usw2-az3,3,10.0,20.0,1.5,3.576,1.4688,58,r5n,Memory,r,48.0,384.0,25022.027633,Intel(R) Xeon(R) Platinum 8259CL CPU @ 2.50GHz,Intel(R) Xeon(R) Platinum 8259CL CPU @ 2.50GHz,Intel
r5n.16xlarge,us-west-2,usw2-az1,3,15.0,25.0,1.0,4.768,1.8421,61,r5n,Memory,r,64.0,512.0,23177.227494,Intel(R) Xeon(R) Platinum 8259CL CPU @ 2.50GHz,Intel(R) Xeon(R) Platinum 8259CL CPU @ 2.50GHz,Intel
r5n.16xlarge,us-west-2,usw2-az2,3,20.0,35.0,1.0,4.768,1.8687,60,r5n,Memory,r,64.0,512.0,23177.227494,Intel(R) Xeon(R) Platinum 8259CL CPU @ 2.50GHz,Intel(R) Xeon(R) Platinum 8259CL CPU @ 2.50GHz,Intel
r5n.16xlarge,us-west-2,usw2-az3,3,15.0,25.0,1.0,4.768,1.9122,59,r5n,Memory,r,64.0,512.0,23177.227494,Intel(R) Xeon(R) Platinum 8259CL CPU @ 2.50GHz,Intel(R) Xeon(R) Platinum 8259CL CPU @ 2.50GHz,Intel
r5n.24xlarge,us-west-2,usw2-az1,3,5.0,10.0,1.0,7.152,2.8758,59,r5n,Memory,r,96.0,768.0,25023.693193000003,Intel(R) Xeon(R) Platinum 8259CL CPU @ 2.50GHz,Intel(R) Xeon(R) Platinum 8259CL CPU @ 2.50GHz,Intel
r5n.24xlarge,us-west-2,usw2-az2,3,5.0,10.0,1.0,7.152,3.0358,57,r5n,Memory,r,96.0,768.0,25023.693193000003,Intel(R) Xeon(R) Platinum 8259CL CPU @ 2.50GHz,Intel(R) Xeon(R) Platinum 8259CL CPU @ 2.50GHz,Intel
r5n.24xlarge,us-west-2,usw2-az3,3,5.0,5.0,1.0,7.152,2.8655,59,r5n,Memory,r,96.0,768.0,25023.693193000003,Intel(R) Xeon(R) Platinum 8259CL CPU @ 2.50GHz,Intel(R) Xeon(R) Platinum 8259CL CPU @ 2.50GHz,Intel
r5n.2xlarge,us-west-2,usw2-az1,3,25.0,40.0,2.0,0.596,0.3118,47,r5n,Memory,r,8.0,64.0,23924.942443400003,Intel(R) Xeon(R) Platinum 8259CL CPU @ 2.50GHz,Intel(R) Xeon(R) Platinum 8259CL CPU @ 2.50GHz,Intel
r5n.2xlarge,us-west-2,usw2-az2,3,10.0,20.0,2.0,0.596,0.3317,44,r5n,Memory,r,8.0,64.0,23924.942443400003,Intel(R) Xeon(R) Platinum 8259CL CPU @ 2.50GHz,Intel(R) Xeon(R) Platinum 8259CL CPU @ 2.50GHz,Intel
r5n.2xlarge,us-west-2,usw2-az3,3,10.0,15.0,2.0,0.596,0.291,51,r5n,Memory,r,8.0,64.0,23924.942443400003,Intel(R) Xeon(R) Platinum 8259CL CPU @ 2.50GHz,Intel(R) Xeon(R) Platinum 8259CL CPU @ 2.50GHz,Intel
r5n.4xlarge,us-west-2,usw2-az1,3,35.0,50.0,1.0,1.192,0.6582,44,r5n,Memory,r,16.0,128.0,23479.3262332,Intel(R) Xeon(R) Platinum 8259CL CPU @ 2.50GHz,Intel(R) Xeon(R) Platinum 8259CL CPU @ 2.50GHz,Intel
r5n.4xlarge,us-west-2,usw2-az2,3,50.0,50.0,1.0,1.192,0.5715,52,r5n,Memory,r,16.0,128.0,23479.3262332,Intel(R) Xeon(R) Platinum 8259CL CPU @ 2.50GHz,Intel(R) Xeon(R) Platinum 8259CL CPU @ 2.50GHz,Intel
r5n.4xlarge,us-west-2,usw2-az3,3,40.0,50.0,1.0,1.192,0.5385,54,r5n,Memory,r,16.0,128.0,23479.3262332,Intel(R) Xeon(R) Platinum 8259CL CPU @ 2.50GHz,Intel(R) Xeon(R) Platinum 8259CL CPU @ 2.50GHz,Intel
r5n.8xlarge,us-west-2,usw2-az1,3,10.0,15.0,1.0,2.384,1.3209,44,r5n,Memory,r,32.0,256.0,23150.0173536,Intel(R) Xeon(R) Platinum 8259CL CPU @ 2.50GHz,Intel(R) Xeon(R) Platinum 8259CL CPU @ 2.50GHz,Intel
r5n.8xlarge,us-west-2,usw2-az2,3,15.0,25.0,1.0,2.384,1.2381,48,r5n,Memory,r,32.0,256.0,23150.0173536,Intel(R) Xeon(R) Platinum 8259CL CPU @ 2.50GHz,Intel(R) Xeon(R) Platinum 8259CL CPU @ 2.50GHz,Intel
r5n.8xlarge,us-west-2,usw2-az3,3,30.0,45.0,1.0,2.384,1.2303,48,r5n,Memory,r,32.0,256.0,23150.0173536,Intel(R) Xeon(R) Platinum 8259CL CPU @ 2.50GHz,Intel(R) Xeon(R) Platinum 8259CL CPU @ 2.50GHz,Intel
r5n.large,us-west-2,usw2-az1,3,35.0,50.0,3.0,0.149,0.0679,54,r5n,Memory,r,2.0,16.0,23913.272210199997,Intel(R) Xeon(R) Platinum 8259CL CPU @ 2.50GHz,Intel(R) Xeon(R) Platinum 8259CL CPU @ 2.50GHz,Intel
r5n.large,us-west-2,usw2-az2,3,45.0,50.0,3.0,0.149,0.0604,59,r5n,Memory,r,2.0,16.0,23913.272210199997,Intel(R) Xeon(R) Platinum 8259CL CPU @ 2.50GHz,Intel(R) Xeon(R) Platinum 8259CL CPU @ 2.50GHz,Intel
r5n.large,us-west-2,usw2-az3,3,20.0,30.0,3.0,0.149,0.0714,52,r5n,Memory,r,2.0,16.0,23913.272210199997,Intel(R) Xeon(R) Platinum 8259CL CPU @ 2.50GHz,Intel(R) Xeon(R) Platinum 8259CL CPU @ 2.50GHz,Intel
r5n.xlarge,us-west-2,usw2-az1,3,35.0,50.0,2.5,0.298,0.1385,53,r5n,Memory,r,4.0,32.0,23885.442948,Intel(R) Xeon(R) Platinum 8259CL CPU @ 2.50GHz,Intel(R) Xeon(R) Platinum 8259CL CPU @ 2.50GHz,Intel
r5n.xlarge,us-west-2,usw2-az2,3,15.0,25.0,2.5,0.298,0.1485,50,r5n,Memory,r,4.0,32.0,23885.442948,Intel(R) Xeon(R) Platinum 8259CL CPU @ 2.50GHz,Intel(R) Xeon(R) Platinum 8259CL CPU @ 2.50GHz,Intel
r5n.xlarge,us-west-2,usw2-az3,3,20.0,30.0,2.5,0.298,0.1253,57,r5n,Memory,r,4.0,32.0,23885.442948,Intel(R) Xeon(R) Platinum 8259CL CPU @ 2.50GHz,Intel(R) Xeon(R) Platinum 8259CL CPU @ 2.50GHz,Intel
r6a.12xlarge,us-west-2,usw2-az1,3,15.0,20.0,1.0,2.7216,1.0185,62,r6a,Memory,r,48.0,384.0,34513.723203199996,AMD EPYC 7R13 Processor,AMD EPYC 7R13 Processor,AuthenticAMD
r6a.12xlarge,us-west-2,usw2-az2,3,5.0,10.0,1.0,2.7216,1.0372,61,r6a,Memory,r,48.0,384.0,34513.723203199996,AMD EPYC 7R13 Processor,AMD EPYC 7R13 Processor,AuthenticAMD
r6a.12xlarge,us-west-2,usw2-az3,3,5.0,10.0,1.0,2.7216,1.021,62,r6a,Memory,r,48.0,384.0,34513.723203199996,AMD EPYC 7R13 Processor,AMD EPYC 7R13 Processor,AuthenticAMD
r6a.12xlarge,us-west-2,usw2-az4,3,1.0,1.0,1.0,2.7216,1.2222,55,r6a,Memory,r,48.0,384.0,34513.723203199996,AMD EPYC 7R13 Processor,AMD EPYC 7R13 Processor,AuthenticAMD
r6a.16xlarge,us-west-2,usw2-az1,3,5.0,5.0,1.0,3.6288,1.3431,62,r6a,Memory,r,64.0,512.0,34425.4726516,AMD EPYC 7R13 Processor,AMD EPYC 7R13 Processor,AuthenticAMD
r6a.16xlarge,us-west-2,usw2-az2,3,10.0,15.0,1.0,3.6288,1.3772,62,r6a,Memory,r,64.0,512.0,34425.4726516,AMD EPYC 7R13 Processor,AMD EPYC 7R13 Processor,AuthenticAMD
r6a.16xlarge,us-west-2,usw2-az3,3,5.0,5.0,1.0,3.6288,1.3441,62,r6a,Memory,r,64.0,512.0,34425.4726516,AMD EPYC 7R13 Processor,AMD EPYC 7R13 Processor,AuthenticAMD
r6a.16xlarge,us-west-2,usw2-az4,3,1.0,1.0,1.0,3.6288,1.5711,56,r6a,Memory,r,64.0,512.0,34425.4726516,AMD EPYC 7R13 Processor,AMD EPYC 7R13 Processor,AuthenticAMD
r6a.24xlarge,us-west-2,usw2-az1,3,1.0,5.0,1.0,5.4432,2.1516,60,r6a,Memory,r,96.0,768.0,32987.9077922,AMD EPYC 7R13 Processor,AMD EPYC 7R13 Processor,AuthenticAMD
r6a.24xlarge,us-west-2,usw2-az2,3,10.0,15.0,1.0,5.4432,2.0067,63,r6a,Memory,r,96.0,768.0,32987.9077922,AMD EPYC 7R13 Processor,AMD EPYC 7R13 Processor,AuthenticAMD
r6a.24xlarge,us-west-2,usw2-az3,3,5.0,10.0,1.0,5.4432,1.9125,64,r6a,Memory,r,96.0,768.0,32987.9077922,AMD EPYC 7R13 Processor,AMD EPYC 7R13 Processor,AuthenticAMD
r6a.24xlarge,us-west-2,usw2-az4,2,0.0,1.0,1.0,5.4432,2.5112,53,r6a,Memory,r,96.0,768.0,32987.9077922,AMD EPYC 7R13 Processor,AMD EPYC 7R13 Processor,AuthenticAMD
r6a.2xlarge,us-west-2,usw2-az1,3,50.0,50.0,1.5,0.4536,0.22,51,r6a,Memory,r,8.0,64.0,33369.403579,AMD EPYC 7R13 Processor,AMD EPYC 7R13 Processor,AuthenticAMD
r6a.2xlarge,us-west-2,usw2-az2,3,50.0,50.0,1.5,0.4536,0.2021,55,r6a,Memory,r,8.0,64.0,33369.403579,AMD EPYC 7R13 Processor,AMD EPYC 7R13 Processor,AuthenticAMD
r6a.2xlarge,us-west-2,usw2-az3,3,50.0,50.0,1.5,0.4536,0.2128,53,r6a,Memory,r,8.0,64.0,33369.403579,AMD EPYC 7R13 Processor,AMD EPYC 7R13 Processor,AuthenticAMD
r6a.2xlarge,us-west-2,usw2-az4,3,15.0,20.0,1.5,0.4536,0.2491,45,r6a,Memory,r,8.0,64.0,33369.403579,AMD EPYC 7R13 Processor,AMD EPYC 7R13 Processor,AuthenticAMD
r6a.32xlarge,us-west-2,usw2-az1,1,0.0,0.0,1.0,7.2576,2.7172,62,r6a,Memory,r,128.0,1024.0,34452.409133199995,AMD EPYC 7R13 Processor,AMD EPYC 7R13 Processor,AuthenticAMD
r6a.32xlarge,us-west-2,usw2-az2,3,1.0,5.0,1.0,7.2576,2.45,66,r6a,Memory,r,128.0,1024.0,34452.409133199995,AMD EPYC 7R13 Processor,AMD EPYC 7R13 Processor,AuthenticAMD
r6a.32xlarge,us-west-2,usw2-az3,2,0.0,1.0,1.0,7.2576,2.4683,65,r6a,Memory,r,128.0,1024.0,34452.409133199995,AMD EPYC 7R13 Processor,AMD EPYC 7R13 Processor,AuthenticAMD
r6a.32xlarge,us-west-2,usw2-az4,1,0.0,0.0,1.0,7.2576,3.6825,49,r6a,Memory,r,128.0,1024.0,34452.409133199995,AMD EPYC 7R13 Processor,AMD EPYC 7R13 Processor,AuthenticAMD
r6a.48xlarge,us-west-2,usw2-az1,1,0.0,0.0,1.0,10.8864,3.7068,65,r6a,Memory,r,192.0,1536.0,33346.92279299999,AMD EPYC 7R13 Processor,AMD EPYC 7R13 Processor,AuthenticAMD
r6a.48xlarge,us-west-2,usw2-az2,3,5.0,10.0,1.0,10.8864,3.7483,65,r6a,Memory,r,192.0,1536.0,33346.92279299999,AMD EPYC 7R13 Processor,AMD EPYC 7R13 Processor,AuthenticAMD
r6a.48xlarge,us-west-2,usw2-az3,3,1.0,1.0,1.0,10.8864,3.7085,65,r6a,Memory,r,192.0,1536.0,33346.92279299999,AMD EPYC 7R13 Processor,AMD EPYC 7R13 Processor,AuthenticAMD
r6a.48xlarge,us-west-2,usw2-az4,1,0.0,0.0,1.0,10.8864,3.8667,64,r6a,Memory,r,192.0,1536.0,33346.92279299999,AMD EPYC 7R13 Processor,AMD EPYC 7R13 Processor,AuthenticAMD
r6a.4xlarge,us-west-2,usw2-az1,3,50.0,50.0,1.5,0.9072,0.4372,51,r6a,Memory,r,16.0,128.0,32801.894509599995,AMD EPYC 7R13 Processor,AMD EPYC 7R13 Processor,AuthenticAMD
r6a.4xlarge,us-west-2,usw2-az2,3,50.0,50.0,1.5,0.9072,0.4209,53,r6a,Memory,r,16.0,128.0,32801.894509599995,AMD EPYC 7R13 Processor,AMD EPYC 7R13 Processor,AuthenticAMD
r6a.4xlarge,us-west-2,usw2-az3,3,50.0,50.0,1.5,0.9072,0.4507,50,r6a,Memory,r,16.0,128.0,32801.894509599995,AMD EPYC 7R13 Processor,AMD EPYC 7R13 Processor,AuthenticAMD
r6a.4xlarge,us-west-2,usw2-az4,3,10.0,15.0,1.5,0.9072,0.4637,48,r6a,Memory,r,16.0,128.0,32801.894509599995,AMD EPYC 7R13 Processor,AMD EPYC 7R13 Processor,AuthenticAMD
r6a.8xlarge,us-west-2,usw2-az1,3,50.0,50.0,1.0,1.8144,0.7636,57,r6a,Memory,r,32.0,256.0,33314.439718,AMD EPYC 7R13 Processor,AMD EPYC 7R13 Processor,AuthenticAMD
r6a.8xlarge,us-west-2,usw2-az2,3,15.0,30.0,1.0,1.8144,0.7845,56,r6a,Memory,r,32.0,256.0,33314.439718,AMD EPYC 7R13 Processor,AMD EPYC 7R13 Processor,AuthenticAMD
r6a.8xlarge,us-west-2,usw2-az3,3,15.0,30.0,1.0,1.8144,0.7804,56,r6a,Memory,r,32.0,256.0,33314.439718,AMD EPYC 7R13 Processor,AMD EPYC 7R13 Processor,AuthenticAMD
r6a.8xlarge,us-west-2,usw2-az4,3,5.0,10.0,1.0,1.8144,0.9666,46,r6a,Memory,r,32.0,256.0,33314.439718,AMD EPYC 7R13 Processor,AMD EPYC 7R13 Processor,AuthenticAMD
r6a.large,us-west-2,usw2-az1,3,50.0,50.0,3.0,0.1134,0.041,63,r6a,Memory,r,2.0,16.0,33359.37735720001,AMD EPYC 7R13 Processor,AMD EPYC 7R13 Processor,AuthenticAMD
r6a.large,us-west-2,usw2-az2,3,50.0,50.0,3.0,0.1134,0.0518,54,r6a,Memory,r,2.0,16.0,33359.37735720001,AMD EPYC 7R13 Processor,AMD EPYC 7R13 Processor,AuthenticAMD
r6a.large,us-west-2,usw2-az3,3,50.0,50.0,3.0,0.1134,0.0432,61,r6a,Memory,r,2.0,16.0,33359.37735720001,AMD EPYC 7R13 Processor,AMD EPYC 7R13 Processor,AuthenticAMD
r6a.large,us-west-2,usw2-az4,3,50.0,50.0,3.0,0.1134,0.0394,65,r6a,Memory,r,2.0,16.0,33359.37735720001,AMD EPYC 7R13 Processor,AMD EPYC 7R13 Processor,AuthenticAMD
r6a.xlarge,us-west-2,usw2-az1,3,50.0,50.0,2.5,0.2268,0.0932,58,r6a,Memory,r,4.0,32.0,33331.1447322,AMD EPYC 7R13 Processor,AMD EPYC 7R13 Processor,AuthenticAMD
r6a.xlarge,us-west-2,usw2-az2,3,50.0,50.0,2.5,0.2268,0.0994,56,r6a,Memory,r,4.0,32.0,33331.1447322,AMD EPYC 7R13 Processor,AMD EPYC 7R13 Processor,AuthenticAMD
r6a.xlarge,us-west-2,usw2-az3,3,50.0,50.0,2.5,0.2268,0.0998,55,r6a,Memory,r,4.0,32.0,33331.1447322,AMD EPYC 7R13 Processor,AMD EPYC 7R13 Processor,AuthenticAMD
r6a.xlarge,us-west-2,usw2-az4,3,20.0,30.0,2.5,0.2268,0.0767,66,r6a,Memory,r,4.0,32.0,33331.1447322,AMD EPYC 7R13 Processor,AMD EPYC 7R13 Processor,AuthenticAMD
r6g.12xlarge,us-west-2,usw2-az1,3,50.0,50.0,1.0,2.4192,0.8616,64,r6g,Memory,r,48.0,384.0,19342.1370646,AWS Graviton2 Processor,Neoverse-N1,AWS
r6g.12xlarge,us-west-2,usw2-az2,3,50.0,50.0,1.0,2.4192,0.8453,65,r6g,Memory,r,48.0,384.0,19342.1370646,AWS Graviton2 Processor,Neoverse-N1,AWS
r6g.12xlarge,us-west-2,usw2-az3,3,50.0,50.0,1.0,2.4192,0.8144,66,r6g,Memory,r,48.0,384.0,19342.1370646,AWS Graviton2 Processor,Neoverse-N1,AWS
r6g.12xlarge,us-west-2,usw2-az4,3,1.0,1.0,1.0,2.4192,0.854,64,r6g,Memory,r,48.0,384.0,19342.1370646,AWS Graviton2 Processor,Neoverse-N1,AWS
r6g.16xlarge,us-west-2,usw2-az1,3,50.0,50.0,1.0,3.2256,1.0845,66,r6g,Memory,r,64.0,512.0,19339.070679400003,AWS Graviton2 Processor,Neoverse-N1,AWS
r6g.16xlarge,us-west-2,usw2-az2,3,50.0,50.0,1.0,3.2256,1.1414,64,r6g,Memory,r,64.0,512.0,19339.070679400003,AWS Graviton2 Processor,Neoverse-N1,AWS
r6g.16xlarge,us-west-2,usw2-az3,3,50.0,50.0,1.0,3.2256,1.1428,64,r6g,Memory,r,64.0,512.0,19339.070679400003,AWS Graviton2 Processor,Neoverse-N1,AWS
r6g.16xlarge,us-west-2,usw2-az4,3,1.0,1.0,1.0,3.2256,1.2707,60,r6g,Memory,r,64.0,512.0,19339.070679400003,AWS Graviton2 Processor,Neoverse-N1,AWS
r6g.2xlarge,us-west-2,usw2-az1,3,50.0,50.0,1.0,0.4032,0.1573,60,r6g,Memory,r,8.0,64.0,19342.061158,AWS Graviton2 Processor,Neoverse-N1,AWS
r6g.2xlarge,us-west-2,usw2-az2,3,50.0,50.0,1.0,0.4032,0.1372,65,r6g,Memory,r,8.0,64.0,19342.061158,AWS Graviton2 Processor,Neoverse-N1,AWS
r6g.2xlarge,us-west-2,usw2-az3,3,50.0,50.0,1.0,0.4032,0.1289,68,r6g,Memory,r,8.0,64.0,19342.061158,AWS Graviton2 Processor,Neoverse-N1,AWS
r6g.2xlarge,us-west-2,usw2-az4,3,10.0,25.0,1.0,0.4032,0.1437,64,r6g,Memory,r,8.0,64.0,19342.061158,AWS Graviton2 Processor,Neoverse-N1,AWS
r6g.4xlarge,us-west-2,usw2-az1,3,50.0,50.0,1.0,0.8064,0.3414,57,r6g,Memory,r,16.0,128.0,19333.535245,AWS Graviton2 Processor,Neoverse-N1,AWS
r6g.4xlarge,us-west-2,usw2-az2,3,50.0,50.0,1.0,0.8064,0.2883,64,r6g,Memory,r,16.0,128.0,19333.535245,AWS Graviton2 Processor,Neoverse-N1,AWS
r6g.4xlarge,us-west-2,usw2-az3,3,50.0,50.0,1.0,0.8064,0.2786,65,r6g,Memory,r,16.0,128.0,19333.535245,AWS Graviton2 Processor,Neoverse-N1,AWS
r6g.4xlarge,us-west-2,usw2-az4,3,35.0,50.0,1.0,0.8064,0.2837,64,r6g,Memory,r,16.0,128.0,19333.535245,AWS Graviton2 Processor,Neoverse-N1,AWS
r6g.8xlarge,us-west-2,usw2-az1,3,50.0,50.0,1.0,1.6128,0.581,63,r6g,Memory,r,32.0,256.0,19333.7593208,AWS Graviton2 Processor,Neoverse-N1,AWS
r6g.8xlarge,us-west-2,usw2-az2,3,50.0,50.0,1.0,1.6128,0.5893,63,r6g,Memory,r,32.0,256.0,19333.7593208,AWS Graviton2 Processor,Neoverse-N1,AWS
r6g.8xlarge,us-west-2,usw2-az3,3,50.0,50.0,1.0,1.6128,0.5666,64,r6g,Memory,r,32.0,256.0,19333.7593208,AWS Graviton2 Processor,Neoverse-N1,AWS
r6g.8xlarge,us-west-2,usw2-az4,3,15.0,20.0,1.0,1.6128,0.5953,63,r6g,Memory,r,32.0,256.0,19333.7593208,AWS Graviton2 Processor,Neoverse-N1,AWS
r6g.large,us-west-2,usw2-az1,3,50.0,50.0,2.0,0.1008,0.0423,58,r6g,Memory,r,2.0,16.0,19335.8529184,AWS Graviton2 Processor,Neoverse-N1,AWS
r6g.large,us-west-2,usw2-az2,3,50.0,50.0,2.0,0.1008,0.0361,64,r6g,Memory,r,2.0,16.0,19335.8529184,AWS Graviton2 Processor,Neoverse-N1,AWS
r6g.large,us-west-2,usw2-az3,3,50.0,50.0,2.0,0.1008,0.0349,65,r6g,Memory,r,2.0,16.0,19335.8529184,AWS Graviton2 Processor,Neoverse-N1,AWS
r6g.large,us-west-2,usw2-az4,3,10.0,30.0,2.0,0.1008,0.0302,70,r6g,Memory,r,2.0,16.0,19335.8529184,AWS Graviton2 Processor,Neoverse-N1,AWS
r6g.medium,us-west-2,usw2-az1,3,35.0,45.0,2.0,0.0504,0.0192,61,r6g,Memory,r,1.0,8.0,19335.10555,AWS Graviton2 Processor,Neoverse-N1,AWS
r6g.medium,us-west-2,usw2-az2,3,30.0,45.0,2.0,0.0504,0.0188,62,r6g,Memory,r,1.0,8.0,19335.10555,AWS Graviton2 Processor,Neoverse-N1,AWS
r6g.medium,us-west-2,usw2-az3,3,10.0,20.0,2.0,0.0504,0.0167,66,r6g,Memory,r,1.0,8.0,19335.10555,AWS Graviton2 Processor,Neoverse-N1,AWS
r6g.medium,us-west-2,usw2-az4,3,1.0,1.0,2.0,0.0504,0.0157,68,r6g,Memory,r,1.0,8.0,19335.10555,AWS Graviton2 Processor,Neoverse-N1,AWS
r6g.xlarge,us-west-2,usw2-az1,3,50.0,50.0,2.0,0.2016,0.07,65,r6g,Memory,r,4.0,32.0,19340.191838600003,AWS Graviton2 Processor,Neoverse-N1,AWS
r6g.xlarge,us-west-2,usw2-az2,3,50.0,50.0,2.0,0.2016,0.068,66,r6g,Memory,r,4.0,32.0,19340.191838600003,AWS Graviton2 Processor,Neoverse-N1,AWS
r6g.xlarge,us-west-2,usw2-az3,3,50.0,50.0,2.0,0.2016,0.0672,66,r6g,Memory,r,4.0,32.0,19340.191838600003,AWS Graviton2 Processor,Neoverse-N1,AWS
r6g.xlarge,us-west-2,usw2-az4,3,35.0,50.0,2.0,0.2016,0.0638,68,r6g,Memory,r,4.0,32.0,19340.191838600003,AWS Graviton2 Processor,Neoverse-N1,AWS
r6gd.12xlarge,us-west-2,usw2-az1,3,10.0,25.0,1.0,2.7648,0.9801,64,r6gd,Memory,r,48.0,384.0,19340.4905,AWS Graviton2 Processor,Neoverse-N1,AWS
r6gd.12xlarge,us-west-2,usw2-az2,3,1.0,5.0,1.0,2.7648,1.1864,57,r6gd,Memory,r,48.0,384.0,19340.4905,AWS Graviton2 Processor,Neoverse-N1,AWS
r6gd.12xlarge,us-west-2,usw2-az3,3,1.0,1.0,1.0,2.7648,1.0125,63,r6gd,Memory,r,48.0,384.0,19340.4905,AWS Graviton2 Processor,Neoverse-N1,AWS
r6gd.12xlarge,us-west-2,usw2-az4,1,0.0,0.0,1.0,2.7648,0.8921,67,r6gd,Memory,r,48.0,384.0,19340.4905,AWS Graviton2 Processor,Neoverse-N1,AWS
r6gd.16xlarge,us-west-2,usw2-az1,3,50.0,50.0,1.0,3.6864,1.2055,67,r6gd,Memory,r,64.0,512.0,19337.2003,AWS Graviton2 Processor,Neoverse-N1,AWS
r6gd.16xlarge,us-west-2,usw2-az2,3,1.0,1.0,1.0,3.6864,1.2433,66,r6gd,Memory,r,64.0,512.0,19337.2003,AWS Graviton2 Processor,Neoverse-N1,AWS
r6gd.16xlarge,us-west-2,usw2-az3,1,0.0,0.0,1.0,3.6864,1.3115,64,r6gd,Memory,r,64.0,512.0,19337.2003,AWS Graviton2 Processor,Neoverse-N1,AWS
r6gd.16xlarge,us-west-2,usw2-az4,1,0.0,0.0,1.0,3.6864,1.6,56,r6gd,Memory,r,64.0,512.0,19337.2003,AWS Graviton2 Processor,Neoverse-N1,AWS
r6gd.2xlarge,us-west-2,usw2-az1,3,50.0,50.0,3.0,0.4608,0.2006,56,r6gd,Memory,r,8.0,64.0,19337.049,AWS Graviton2 Processor,Neoverse-N1,AWS
r6gd.2xlarge,us-west-2,usw2-az2,3,50.0,50.0,3.0,0.4608,0.1967,57,r6gd,Memory,r,8.0,64.0,19337.049,AWS Graviton2 Processor,Neoverse-N1,AWS
r6gd.2xlarge,us-west-2,usw2-az3,3,50.0,50.0,3.0,0.4608,0.1893,58,r6gd,Memory,r,8.0,64.0,19337.049,AWS Graviton2 Processor,Neoverse-N1,AWS
r6gd.2xlarge,us-west-2,usw2-az4,1,0.0,0.0,3.0,0.4608,0.2249,51,r6gd,Memory,r,8.0,64.0,19337.049,AWS Graviton2 Processor,Neoverse-N1,AWS
r6gd.4xlarge,us-west-2,usw2-az1,3,50.0,50.0,2.0,0.9216,0.4182,54,r6gd,Memory,r,16.0,128.0,19333.6092,AWS Graviton2 Processor,Neoverse-N1,AWS
r6gd.4xlarge,us-west-2,usw2-az2,3,50.0,50.0,2.0,0.9216,0.4407,52,r6gd,Memory,r,16.0,128.0,19333.6092,AWS Graviton2 Processor,Neoverse-N1,AWS
r6gd.4xlarge,us-west-2,usw2-az3,3,50.0,50.0,2.0,0.9216,0.3793,58,r6gd,Memory,r,16.0,128.0,19333.6092,AWS Graviton2 Processor,Neoverse-N1,AWS
r6gd.4xlarge,us-west-2,usw2-az4,1,0.0,0.0,2.0,0.9216,0.4744,48,r6gd,Memory,r,16.0,128.0,19333.6092,AWS Graviton2 Processor,Neoverse-N1,AWS
r6gd.8xlarge,us-west-2,usw2-az1,3,20.0,25.0,1.0,1.8432,0.9051,50,r6gd,Memory,r,32.0,256.0,19337.0509,AWS Graviton2 Processor,Neoverse-N1,AWS
r6gd.8xlarge,us-west-2,usw2-az2,3,5.0,10.0,1.0,1.8432,0.8134,55,r6gd,Memory,r,32.0,256.0,19337.0509,AWS Graviton2 Processor,Neoverse-N1,AWS
r6gd.8xlarge,us-west-2,usw2-az3,2,0.0,1.0,1.0,1.8432,0.7683,58,r6gd,Memory,r,32.0,256.0,19337.0509,AWS Graviton2 Processor,Neoverse-N1,AWS
r6gd.8xlarge,us-west-2,usw2-az4,1,0.0,0.0,1.0,1.8432,1.222,33,r6gd,Memory,r,32.0,256.0,19337.0509,AWS Graviton2 Processor,Neoverse-N1,AWS
r6gd.large,us-west-2,usw2-az1,3,50.0,50.0,3.0,0.1152,0.0407,64,r6gd,Memory,r,2.0,16.0,19337.4989,AWS Graviton2 Processor,Neoverse-N1,AWS
r6gd.large,us-west-2,usw2-az2,3,50.0,50.0,3.0,0.1152,0.0415,63,r6gd,Memory,r,2.0,16.0,19337.4989,AWS Graviton2 Processor,Neoverse-N1,AWS
r6gd.large,us-west-2,usw2-az3,3,50.0,50.0,3.0,0.1152,0.0372,67,r6gd,Memory,r,2.0,16.0,19337.4989,AWS Graviton2 Processor,Neoverse-N1,AWS
r6gd.large,us-west-2,usw2-az4,3,50.0,50.0,3.0,0.1152,0.0339,70,r6gd,Memory,r,2.0,16.0,19337.4989,AWS Graviton2 Processor,Neoverse-N1,AWS
r6gd.medium,us-west-2,usw2-az1,3,50.0,50.0,1.0,0.0576,0.0193,66,r6gd,Memory,r,1.0,8.0,19334.5075,AWS Graviton2 Processor,Neoverse-N1,AWS
r6gd.medium,us-west-2,usw2-az2,3,10.0,15.0,1.0,0.0576,0.0218,62,r6gd,Memory,r,1.0,8.0,19334.5075,AWS Graviton2 Processor,Neoverse-N1,AWS
r6gd.medium,us-west-2,usw2-az3,3,15.0,20.0,1.0,0.0576,0.0183,68,r6gd,Memory,r,1.0,8.0,19334.5075,AWS Graviton2 Processor,Neoverse-N1,AWS
r6gd.medium,us-west-2,usw2-az4,2,0.0,1.0,1.0,0.0576,0.0183,68,r6gd,Memory,r,1.0,8.0,19334.5075,AWS Graviton2 Processor,Neoverse-N1,AWS
r6gd.xlarge,us-west-2,usw2-az1,3,45.0,50.0,2.5,0.2304,0.1285,44,r6gd,Memory,r,4.0,32.0,19341.0886,AWS Graviton2 Processor,Neoverse-N1,AWS
r6gd.xlarge,us-west-2,usw2-az2,3,40.0,50.0,2.5,0.2304,0.1247,45,r6gd,Memory,r,4.0,32.0,19341.0886,AWS Graviton2 Processor,Neoverse-N1,AWS
r6gd.xlarge,us-west-2,usw2-az3,3,45.0,50.0,2.5,0.2304,0.1118,51,r6gd,Memory,r,4.0,32.0,19341.0886,AWS Graviton2 Processor,Neoverse-N1,AWS
r6gd.xlarge,us-west-2,usw2-az4,3,1.0,1.0,2.5,0.2304,0.0874,62,r6gd,Memory,r,4.0,32.0,19341.0886,AWS Graviton2 Processor,Neoverse-N1,AWS
r6i.12xlarge,us-west-2,usw2-az1,3,1.0,5.0,1.0,3.024,1.0271,66,r6i,Memory,r,48.0,384.0,28960.7544498,Intel(R) Xeon(R) Platinum 8375C CPU @ 2.90GHz,Intel(R) Xeon(R) Platinum 8375C CPU @ 2.90GHz,Intel
r6i.12xlarge,us-west-2,usw2-az2,3,5.0,15.0,1.0,3.024,1.0623,64,r6i,Memory,r,48.0,384.0,28960.7544498,Intel(R) Xeon(R) Platinum 8375C CPU @ 2.90GHz,Intel(R) Xeon(R) Platinum 8375C CPU @ 2.90GHz,Intel
r6i.12xlarge,us-west-2,usw2-az3,3,5.0,10.0,1.0,3.024,1.1652,61,r6i,Memory,r,48.0,384.0,28960.7544498,Intel(R) Xeon(R) Platinum 8375C CPU @ 2.90GHz,Intel(R) Xeon(R) Platinum 8375C CPU @ 2.90GHz,Intel
r6i.12xlarge,us-west-2,usw2-az4,1,0.0,0.0,1.0,3.024,1.2698,58,r6i,Memory,r,48.0,384.0,28960.7544498,Intel(R) Xeon(R) Platinum 8375C CPU @ 2.90GHz,Intel(R) Xeon(R) Platinum 8375C CPU @ 2.90GHz,Intel
r6i.16xlarge,us-west-2,usw2-az1,3,5.0,10.0,1.0,4.032,1.3933,65,r6i,Memory,r,64.0,512.0,29000.555173,Intel(R) Xeon(R) Platinum 8375C CPU @ 2.90GHz,Intel(R) Xeon(R) Platinum 8375C CPU @ 2.90GHz,Intel
r6i.16xlarge,us-west-2,usw2-az2,3,10.0,15.0,1.0,4.032,1.3148,67,r6i,Memory,r,64.0,512.0,29000.555173,Intel(R) Xeon(R) Platinum 8375C CPU @ 2.90GHz,Intel(R) Xeon(R) Platinum 8375C CPU @ 2.90GHz,Intel
r6i.16xlarge,us-west-2,usw2-az3,3,35.0,50.0,1.0,4.032,1.4389,64,r6i,Memory,r,64.0,512.0,29000.555173,Intel(R) Xeon(R) Platinum 8375C CPU @ 2.90GHz,Intel(R) Xeon(R) Platinum 8375C CPU @ 2.90GHz,Intel
r6i.16xlarge,us-west-2,usw2-az4,3,10.0,15.0,1.0,4.032,1.9539,51,r6i,Memory,r,64.0,512.0,29000.555173,Intel(R) Xeon(R) Platinum 8375C CPU @ 2.90GHz,Intel(R) Xeon(R) Platinum 8375C CPU @ 2.90GHz,Intel
r6i.24xlarge,us-west-2,usw2-az1,3,1.0,1.0,1.0,6.048,2.3184,61,r6i,Memory,r,96.0,768.0,28989.500661799997,Intel(R) Xeon(R) Platinum 8375C CPU @ 2.90GHz,Intel(R) Xeon(R) Platinum 8375C CPU @ 2.90GHz,Intel
r6i.24xlarge,us-west-2,usw2-az2,3,1.0,5.0,1.0,6.048,1.971,67,r6i,Memory,r,96.0,768.0,28989.500661799997,Intel(R) Xeon(R) Platinum 8375C CPU @ 2.90GHz,Intel(R) Xeon(R) Platinum 8375C CPU @ 2.90GHz,Intel
r6i.24xlarge,us-west-2,usw2-az3,3,5.0,10.0,1.0,6.048,2.4046,60,r6i,Memory,r,96.0,768.0,28989.500661799997,Intel(R) Xeon(R) Platinum 8375C CPU @ 2.90GHz,Intel(R) Xeon(R) Platinum 8375C CPU @ 2.90GHz,Intel
r6i.24xlarge,us-west-2,usw2-az4,3,1.0,1.0,1.0,6.048,2.6888,55,r6i,Memory,r,96.0,768.0,28989.500661799997,Intel(R) Xeon(R) Platinum 8375C CPU @ 2.90GHz,Intel(R) Xeon(R) Platinum 8375C CPU @ 2.90GHz,Intel
r6i.2xlarge,us-west-2,usw2-az1,3,50.0,50.0,1.0,0.504,0.2129,57,r6i,Memory,r,8.0,64.0,29005.1851824,Intel(R) Xeon(R) Platinum 8375C CPU @ 2.90GHz,Intel(R) Xeon(R) Platinum 8375C CPU @ 2.90GHz,Intel
r6i.2xlarge,us-west-2,usw2-az2,3,50.0,50.0,1.0,0.504,0.2223,55,r6i,Memory,r,8.0,64.0,29005.1851824,Intel(R) Xeon(R) Platinum 8375C CPU @ 2.90GHz,Intel(R) Xeon(R) Platinum 8375C CPU @ 2.90GHz,Intel
r6i.2xlarge,us-west-2,usw2-az3,3,50.0,50.0,1.0,0.504,0.2441,51,r6i,Memory,r,8.0,64.0,29005.1851824,Intel(R) Xeon(R) Platinum 8375C CPU @ 2.90GHz,Intel(R) Xeon(R) Platinum 8375C CPU @ 2.90GHz,Intel
r6i.2xlarge,us-west-2,usw2-az4,3,10.0,15.0,1.0,0.504,0.2324,53,r6i,Memory,r,8.0,64.0,29005.1851824,Intel(R) Xeon(R) Platinum 8375C CPU @ 2.90GHz,Intel(R) Xeon(R) Platinum 8375C CPU @ 2.90GHz,Intel
r6i.32xlarge,us-west-2,usw2-az1,1,0.0,0.0,1.0,8.064,2.679,66,r6i,Memory,r,128.0,1024.0,28993.6617708,Intel(R) Xeon(R) Platinum 8375C CPU @ 2.90GHz,Intel(R) Xeon(R) Platinum 8375C CPU @ 2.90GHz,Intel
r6i.32xlarge,us-west-2,usw2-az2,3,1.0,1.0,1.0,8.064,3.0851,61,r6i,Memory,r,128.0,1024.0,28993.6617708,Intel(R) Xeon(R) Platinum 8375C CPU @ 2.90GHz,Intel(R) Xeon(R) Platinum 8375C CPU @ 2.90GHz,Intel
r6i.32xlarge,us-west-2,usw2-az3,3,5.0,10.0,1.0,8.064,2.9828,63,r6i,Memory,r,128.0,1024.0,28993.6617708,Intel(R) Xeon(R) Platinum 8375C CPU @ 2.90GHz,Intel(R) Xeon(R) Platinum 8375C CPU @ 2.90GHz,Intel
r6i.32xlarge,us-west-2,usw2-az4,3,1.0,1.0,1.0,8.064,3.2217,60,r6i,Memory,r,128.0,1024.0,28993.6617708,Intel(R) Xeon(R) Platinum 8375C CPU @ 2.90GHz,Intel(R) Xeon(R) Platinum 8375C CPU @ 2.90GHz,Intel
r6i.4xlarge,us-west-2,usw2-az1,3,50.0,50.0,1.0,1.008,0.3671,63,r6i,Memory,r,16.0,128.0,28946.0133376,Intel(R) Xeon(R) Platinum 8375C CPU @ 2.90GHz,Intel(R) Xeon(R) Platinum 8375C CPU @ 2.90GHz,Intel
r6i.4xlarge,us-west-2,usw2-az2,3,50.0,50.0,1.0,1.008,0.4583,54,r6i,Memory,r,16.0,128.0,28946.0133376,Intel(R) Xeon(R) Platinum 8375C CPU @ 2.90GHz,Intel(R) Xeon(R) Platinum 8375C CPU @ 2.90GHz,Intel
r6i.4xlarge,us-west-2,usw2-az3,3,50.0,50.0,1.0,1.008,0.4633,54,r6i,Memory,r,16.0,128.0,28946.0133376,Intel(R) Xeon(R) Platinum 8375C CPU @ 2.90GHz,Intel(R) Xeon(R) Platinum 8375C CPU @ 2.90GHz,Intel
r6i.4xlarge,us-west-2,usw2-az4,3,5.0,15.0,1.0,1.008,0.4808,52,r6i,Memory,r,16.0,128.0,28946.0133376,Intel(R) Xeon(R) Platinum 8375C CPU @ 2.90GHz,Intel(R) Xeon(R) Platinum 8375C CPU @ 2.90GHz,Intel
r6i.8xlarge,us-west-2,usw2-az1,3,15.0,30.0,1.0,2.016,0.6607,67,r6i,Memory,r,32.0,256.0,29027.5774204,Intel(R) Xeon(R) Platinum 8375C CPU @ 2.90GHz,Intel(R) Xeon(R) Platinum 8375C CPU @ 2.90GHz,Intel
r6i.8xlarge,us-west-2,usw2-az2,3,20.0,50.0,1.0,2.016,0.7797,61,r6i,Memory,r,32.0,256.0,29027.5774204,Intel(R) Xeon(R) Platinum 8375C CPU @ 2.90GHz,Intel(R) Xeon(R) Platinum 8375C CPU @ 2.90GHz,Intel
r6i.8xlarge,us-west-2,usw2-az3,3,50.0,50.0,1.0,2.016,0.7462,62,r6i,Memory,r,32.0,256.0,29027.5774204,Intel(R) Xeon(R) Platinum 8375C CPU @ 2.90GHz,Intel(R) Xeon(R) Platinum 8375C CPU @ 2.90GHz,Intel
r6i.8xlarge,us-west-2,usw2-az4,3,15.0,15.0,1.0,2.016,0.9322,53,r6i,Memory,r,32.0,256.0,29027.5774204,Intel(R) Xeon(R) Platinum 8375C CPU @ 2.90GHz,Intel(R) Xeon(R) Platinum 8375C CPU @ 2.90GHz,Intel
r6i.large,us-west-2,usw2-az1,3,50.0,50.0,2.0,0.126,0.0435,65,r6i,Memory,r,2.0,16.0,28978.137696800004,Intel(R) Xeon(R) Platinum 8375C CPU @ 2.90GHz,Intel(R) Xeon(R) Platinum 8375C CPU @ 2.90GHz,Intel
r6i.large,us-west-2,usw2-az2,3,50.0,50.0,2.0,0.126,0.0432,65,r6i,Memory,r,2.0,16.0,28978.137696800004,Intel(R) Xeon(R) Platinum 8375C CPU @ 2.90GHz,Intel(R) Xeon(R) Platinum 8375C CPU @ 2.90GHz,Intel
r6i.large,us-west-2,usw2-az3,3,50.0,50.0,2.0,0.126,0.0488,61,r6i,Memory,r,2.0,16.0,28978.137696800004,Intel(R) Xeon(R) Platinum 8375C CPU @ 2.90GHz,Intel(R) Xeon(R) Platinum 8375C CPU @ 2.90GHz,Intel
r6i.large,us-west-2,usw2-az4,3,30.0,50.0,2.0,0.126,0.042,66,r6i,Memory,r,2.0,16.0,28978.137696800004,Intel(R) Xeon(R) Platinum 8375C CPU @ 2.90GHz,Intel(R) Xeon(R) Platinum 8375C CPU @ 2.90GHz,Intel
r6i.xlarge,us-west-2,usw2-az1,3,50.0,50.0,2.0,0.252,0.0994,60,r6i,Memory,r,4.0,32.0,28951.9039336,Intel(R) Xeon(R) Platinum 8375C CPU @ 2.90GHz,Intel(R) Xeon(R) Platinum 8375C CPU @ 2.90GHz,Intel
r6i.xlarge,us-west-2,usw2-az2,3,50.0,50.0,2.0,0.252,0.113,55,r6i,Memory,r,4.0,32.0,28951.9039336,Intel(R) Xeon(R) Platinum 8375C CPU @ 2.90GHz,Intel(R) Xeon(R) Platinum 8375C CPU @ 2.90GHz,Intel
r6i.xlarge,us-west-2,usw2-az3,3,50.0,50.0,2.0,0.252,0.1237,50,r6i,Memory,r,4.0,32.0,28951.9039336,Intel(R) Xeon(R) Platinum 8375C CPU @ 2.90GHz,Intel(R) Xeon(R) Platinum 8375C CPU @ 2.90GHz,Intel
r6i.xlarge,us-west-2,usw2-az4,3,5.0,10.0,2.0,0.252,0.0947,62,r6i,Memory,r,4.0,32.0,28951.9039336,Intel(R) Xeon(R) Platinum 8375C CPU @ 2.90GHz,Intel(R) Xeon(R) Platinum 8375C CPU @ 2.90GHz,Intel
r6id.12xlarge,us-west-2,usw2-az1,3,10.0,15.0,1.0,3.6288,1.6045,55,r6id,Memory,r,48.0,384.0,28918.4386,Intel(R) Xeon(R) Platinum 8375C CPU @ 2.90GHz,Intel(R) Xeon(R) Platinum 8375C CPU @ 2.90GHz,Intel
r6id.12xlarge,us-west-2,usw2-az2,3,5.0,5.0,1.0,3.6288,1.3802,61,r6id,Memory,r,48.0,384.0,28918.4386,Intel(R) Xeon(R) Platinum 8375C CPU @ 2.90GHz,Intel(R) Xeon(R) Platinum 8375C CPU @ 2.90GHz,Intel
r6id.12xlarge,us-west-2,usw2-az3,3,10.0,15.0,1.0,3.6288,1.3622,62,r6id,Memory,r,48.0,384.0,28918.4386,Intel(R) Xeon(R) Platinum 8375C CPU @ 2.90GHz,Intel(R) Xeon(R) Platinum 8375C CPU @ 2.90GHz,Intel
r6id.12xlarge,us-west-2,usw2-az4,3,5.0,5.0,1.0,3.6288,1.5096,58,r6id,Memory,r,48.0,384.0,28918.4386,Intel(R) Xeon(R) Platinum 8375C CPU @ 2.90GHz,Intel(R) Xeon(R) Platinum 8375C CPU @ 2.90GHz,Intel
r6id.16xlarge,us-west-2,usw2-az1,3,5.0,10.0,1.0,4.8384,1.8143,62,r6id,Memory,r,64.0,512.0,29006.2364,Intel(R) Xeon(R) Platinum 8375C CPU @ 2.90GHz,Intel(R) Xeon(R) Platinum 8375C CPU @ 2.90GHz,Intel
r6id.16xlarge,us-west-2,usw2-az2,3,10.0,15.0,1.0,4.8384,1.7086,64,r6id,Memory,r,64.0,512.0,29006.2364,Intel(R) Xeon(R) Platinum 8375C CPU @ 2.90GHz,Intel(R) Xeon(R) Platinum 8375C CPU @ 2.90GHz,Intel
r6id.16xlarge,us-west-2,usw2-az3,3,5.0,5.0,1.0,4.8384,1.7777,63,r6id,Memory,r,64.0,512.0,29006.2364,Intel(R) Xeon(R) Platinum 8375C CPU @ 2.90GHz,Intel(R) Xeon(R) Platinum 8375C CPU @ 2.90GHz,Intel
r6id.16xlarge,us-west-2,usw2-az4,3,1.0,5.0,1.0,4.8384,2.0312,58,r6id,Memory,r,64.0,512.0,29006.2364,Intel(R) Xeon(R) Platinum 8375C CPU @ 2.90GHz,Intel(R) Xeon(R) Platinum 8375C CPU @ 2.90GHz,Intel
r6id.24xlarge,us-west-2,usw2-az1,3,20.0,30.0,2.0,7.2576,2.9498,59,r6id,Memory,r,96.0,768.0,29012.6147,Intel(R) Xeon(R) Platinum 8375C CPU @ 2.90GHz,Intel(R) Xeon(R) Platinum 8375C CPU @ 2.90GHz,Intel
r6id.24xlarge,us-west-2,usw2-az2,3,15.0,15.0,2.0,7.2576,2.7896,61,r6id,Memory,r,96.0,768.0,29012.6147,Intel(R) Xeon(R) Platinum 8375C CPU @ 2.90GHz,Intel(R) Xeon(R) Platinum 8375C CPU @ 2.90GHz,Intel
r6id.24xlarge,us-west-2,usw2-az3,3,10.0,15.0,2.0,7.2576,2.8456,60,r6id,Memory,r,96.0,768.0,29012.6147,Intel(R) Xeon(R) Platinum 8375C CPU @ 2.90GHz,Intel(R) Xeon(R) Platinum 8375C CPU @ 2.90GHz,Intel
r6id.24xlarge,us-west-2,usw2-az4,3,1.0,1.0,2.0,7.2576,3.383,53,r6id,Memory,r,96.0,768.0,29012.6147,Intel(R) Xeon(R) Platinum 8375C CPU @ 2.90GHz,Intel(R) Xeon(R) Platinum 8375C CPU @ 2.90GHz,Intel
r6id.2xlarge,us-west-2,usw2-az1,3,50.0,50.0,1.0,0.6048,0.2968,50,r6id,Memory,r,8.0,64.0,28977.79,Intel(R) Xeon(R) Platinum 8375C CPU @ 2.90GHz,Intel(R) Xeon(R) Platinum 8375C CPU @ 2.90GHz,Intel
r6id.2xlarge,us-west-2,usw2-az2,3,50.0,50.0,1.0,0.6048,0.2876,52,r6id,Memory,r,8.0,64.0,28977.79,Intel(R) Xeon(R) Platinum 8375C CPU @ 2.90GHz,Intel(R) Xeon(R) Platinum 8375C CPU @ 2.90GHz,Intel
r6id.2xlarge,us-west-2,usw2-az3,3,50.0,50.0,1.0,0.6048,0.2622,56,r6id,Memory,r,8.0,64.0,28977.79,Intel(R) Xeon(R) Platinum 8375C CPU @ 2.90GHz,Intel(R) Xeon(R) Platinum 8375C CPU @ 2.90GHz,Intel
r6id.2xlarge,us-west-2,usw2-az4,3,20.0,35.0,1.0,0.6048,0.2232,63,r6id,Memory,r,8.0,64.0,28977.79,Intel(R) Xeon(R) Platinum 8375C CPU @ 2.90GHz,Intel(R) Xeon(R) Platinum 8375C CPU @ 2.90GHz,Intel
r6id.32xlarge,us-west-2,usw2-az1,3,15.0,15.0,1.0,9.6768,4.3235,55,r6id,Memory,r,128.0,1024.0,29031.959,Intel(R) Xeon(R) Platinum 8375C CPU @ 2.90GHz,Intel(R) Xeon(R) Platinum 8375C CPU @ 2.90GHz,Intel
r6id.32xlarge,us-west-2,usw2-az2,3,5.0,10.0,1.0,9.6768,4.5242,53,r6id,Memory,r,128.0,1024.0,29031.959,Intel(R) Xeon(R) Platinum 8375C CPU @ 2.90GHz,Intel(R) Xeon(R) Platinum 8375C CPU @ 2.90GHz,Intel
r6id.32xlarge,us-west-2,usw2-az3,3,15.0,25.0,1.0,9.6768,4.3437,55,r6id,Memory,r,128.0,1024.0,29031.959,Intel(R) Xeon(R) Platinum 8375C CPU @ 2.90GHz,Intel(R) Xeon(R) Platinum 8375C CPU @ 2.90GHz,Intel
r6id.32xlarge,us-west-2,usw2-az4,3,1.0,1.0,1.0,9.6768,4.229,56,r6id,Memory,r,128.0,1024.0,29031.959,Intel(R) Xeon(R) Platinum 8375C CPU @ 2.90GHz,Intel(R) Xeon(R) Platinum 8375C CPU @ 2.90GHz,Intel
r6id.4xlarge,us-west-2,usw2-az1,3,50.0,50.0,1.0,1.2096,0.5227,56,r6id,Memory,r,16.0,128.0,28943.7916,Intel(R) Xeon(R) Platinum 8375C CPU @ 2.90GHz,Intel(R) Xeon(R) Platinum 8375C CPU @ 2.90GHz,Intel
r6id.4xlarge,us-west-2,usw2-az2,3,50.0,50.0,1.0,1.2096,0.4623,61,r6id,Memory,r,16.0,128.0,28943.7916,Intel(R) Xeon(R) Platinum 8375C CPU @ 2.90GHz,Intel(R) Xeon(R) Platinum 8375C CPU @ 2.90GHz,Intel
r6id.4xlarge,us-west-2,usw2-az3,3,50.0,50.0,1.0,1.2096,0.4856,59,r6id,Memory,r,16.0,128.0,28943.7916,Intel(R) Xeon(R) Platinum 8375C CPU @ 2.90GHz,Intel(R) Xeon(R) Platinum 8375C CPU @ 2.90GHz,Intel
r6id.4xlarge,us-west-2,usw2-az4,3,50.0,50.0,1.0,1.2096,0.4596,62,r6id,Memory,r,16.0,128.0,28943.7916,Intel(R) Xeon(R) Platinum 8375C CPU @ 2.90GHz,Intel(R) Xeon(R) Platinum 8375C CPU @ 2.90GHz,Intel
r6id.8xlarge,us-west-2,usw2-az1,3,15.0,25.0,1.0,2.4192,1.1634,51,r6id,Memory,r,32.0,256.0,29005.6967,Intel(R) Xeon(R) Platinum 8375C CPU @ 2.90GHz,Intel(R) Xeon(R) Platinum 8375C CPU @ 2.90GHz,Intel
r6id.8xlarge,us-west-2,usw2-az2,3,10.0,20.0,1.0,2.4192,1.0483,56,r6id,Memory,r,32.0,256.0,29005.6967,Intel(R) Xeon(R) Platinum 8375C CPU @ 2.90GHz,Intel(R) Xeon(R) Platinum 8375C CPU @ 2.90GHz,Intel
r6id.8xlarge,us-west-2,usw2-az3,3,10.0,20.0,1.0,2.4192,1.148,52,r6id,Memory,r,32.0,256.0,29005.6967,Intel(R) Xeon(R) Platinum 8375C CPU @ 2.90GHz,Intel(R) Xeon(R) Platinum 8375C CPU @ 2.90GHz,Intel
r6id.8xlarge,us-west-2,usw2-az4,3,1.0,1.0,1.0,2.4192,1.0425,56,r6id,Memory,r,32.0,256.0,29005.6967,Intel(R) Xeon(R) Platinum 8375C CPU @ 2.90GHz,Intel(R) Xeon(R) Platinum 8375C CPU @ 2.90GHz,Intel
r6id.large,us-west-2,usw2-az1,3,30.0,50.0,2.5,0.1512,0.0507,66,r6id,Memory,r,2.0,16.0,28967.8459,Intel(R) Xeon(R) Platinum 8375C CPU @ 2.90GHz,Intel(R) Xeon(R) Platinum 8375C CPU @ 2.90GHz,Intel
r6id.large,us-west-2,usw2-az2,3,30.0,40.0,2.5,0.1512,0.0554,63,r6id,Memory,r,2.0,16.0,28967.8459,Intel(R) Xeon(R) Platinum 8375C CPU @ 2.90GHz,Intel(R) Xeon(R) Platinum 8375C CPU @ 2.90GHz,Intel
r6id.large,us-west-2,usw2-az3,3,15.0,30.0,2.5,0.1512,0.053,64,r6id,Memory,r,2.0,16.0,28967.8459,Intel(R) Xeon(R) Platinum 8375C CPU @ 2.90GHz,Intel(R) Xeon(R) Platinum 8375C CPU @ 2.90GHz,Intel
r6id.large,us-west-2,usw2-az4,3,25.0,40.0,2.5,0.1512,0.0506,66,r6id,Memory,r,2.0,16.0,28967.8459,Intel(R) Xeon(R) Platinum 8375C CPU @ 2.90GHz,Intel(R) Xeon(R) Platinum 8375C CPU @ 2.90GHz,Intel
r6id.xlarge,us-west-2,usw2-az1,3,50.0,50.0,1.5,0.3024,0.1494,50,r6id,Memory,r,4.0,32.0,28994.2608,Intel(R) Xeon(R) Platinum 8375C CPU @ 2.90GHz,Intel(R) Xeon(R) Platinum 8375C CPU @ 2.90GHz,Intel
r6id.xlarge,us-west-2,usw2-az2,3,35.0,45.0,1.5,0.3024,0.1523,49,r6id,Memory,r,4.0,32.0,28994.2608,Intel(R) Xeon(R) Platinum 8375C CPU @ 2.90GHz,Intel(R) Xeon(R) Platinum 8375C CPU @ 2.90GHz,Intel
r6id.xlarge,us-west-2,usw2-az3,3,30.0,35.0,1.5,0.3024,0.1628,46,r6id,Memory,r,4.0,32.0,28994.2608,Intel(R) Xeon(R) Platinum 8375C CPU @ 2.90GHz,Intel(R) Xeon(R) Platinum 8375C CPU @ 2.90GHz,Intel
r6id.xlarge,us-west-2,usw2-az4,3,15.0,25.0,1.5,0.3024,0.1197,60,r6id,Memory,r,4.0,32.0,28994.2608,Intel(R) Xeon(R) Platinum 8375C CPU @ 2.90GHz,Intel(R) Xeon(R) Platinum 8375C CPU @ 2.90GHz,Intel
r6idn.12xlarge,us-west-2,usw2-az1,2,0.0,1.0,1.0,4.68936,2.219,52,r6idn,Memory,r,48.0,384.0,29014.8139,Intel(R) Xeon(R) Platinum 8375C CPU @ 2.90GHz,Intel(R) Xeon(R) Platinum 8375C CPU @ 2.90GHz,Intel
r6idn.12xlarge,us-west-2,usw2-az2,2,0.0,1.0,1.0,4.68936,1.7544,62,r6idn,Memory,r,48.0,384.0,29014.8139,Intel(R) Xeon(R) Platinum 8375C CPU @ 2.90GHz,Intel(R) Xeon(R) Platinum 8375C CPU @ 2.90GHz,Intel
r6idn.12xlarge,us-west-2,usw2-az3,2,0.0,1.0,1.0,4.68936,1.7299,63,r6idn,Memory,r,48.0,384.0,29014.8139,Intel(R) Xeon(R) Platinum 8375C CPU @ 2.90GHz,Intel(R) Xeon(R) Platinum 8375C CPU @ 2.90GHz,Intel
r6idn.16xlarge,us-west-2,usw2-az1,3,1.0,1.0,1.0,6.25248,2.4919,60,r6idn,Memory,r,64.0,512.0,29020.5131,Intel(R) Xeon(R) Platinum 8375C CPU @ 2.90GHz,Intel(R) Xeon(R) Platinum 8375C CPU @ 2.90GHz,Intel
r6idn.16xlarge,us-west-2,usw2-az2,1,0.0,0.0,1.0,6.25248,2.4113,61,r6idn,Memory,r,64.0,512.0,29020.5131,Intel(R) Xeon(R) Platinum 8375C CPU @ 2.90GHz,Intel(R) Xeon(R) Platinum 8375C CPU @ 2.90GHz,Intel
r6idn.16xlarge,us-west-2,usw2-az3,3,1.0,1.0,1.0,6.25248,2.118,66,r6idn,Memory,r,64.0,512.0,29020.5131,Intel(R) Xeon(R) Platinum 8375C CPU @ 2.90GHz,Intel(R) Xeon(R) Platinum 8375C CPU @ 2.90GHz,Intel
r6idn.24xlarge,us-west-2,usw2-az1,1,0.0,0.0,1.5,9.37872,3.7942,59,r6idn,Memory,r,96.0,768.0,28971.0329,Intel(R) Xeon(R) Platinum 8375C CPU @ 2.90GHz,Intel(R) Xeon(R) Platinum 8375C CPU @ 2.90GHz,Intel
r6idn.24xlarge,us-west-2,usw2-az2,1,0.0,0.0,1.5,9.37872,3.6078,61,r6idn,Memory,r,96.0,768.0,28971.0329,Intel(R) Xeon(R) Platinum 8375C CPU @ 2.90GHz,Intel(R) Xeon(R) Platinum 8375C CPU @ 2.90GHz,Intel
r6idn.24xlarge,us-west-2,usw2-az3,1,0.0,0.0,1.5,9.37872,3.5669,61,r6idn,Memory,r,96.0,768.0,28971.0329,Intel(R) Xeon(R) Platinum 8375C CPU @ 2.90GHz,Intel(R) Xeon(R) Platinum 8375C CPU @ 2.90GHz,Intel
r6idn.2xlarge,us-west-2,usw2-az1,3,5.0,10.0,1.0,0.78156,0.3983,49,r6idn,Memory,r,8.0,64.0,28964.403,Intel(R) Xeon(R) Platinum 8375C CPU @ 2.90GHz,Intel(R) Xeon(R) Platinum 8375C CPU @ 2.90GHz,Intel
r6idn.2xlarge,us-west-2,usw2-az2,3,5.0,10.0,1.0,0.78156,0.3634,53,r6idn,Memory,r,8.0,64.0,28964.403,Intel(R) Xeon(R) Platinum 8375C CPU @ 2.90GHz,Intel(R) Xeon(R) Platinum 8375C CPU @ 2.90GHz,Intel
r6idn.2xlarge,us-west-2,usw2-az3,3,1.0,5.0,1.0,0.78156,0.396,49,r6idn,Memory,r,8.0,64.0,28964.403,Intel(R) Xeon(R) Platinum 8375C CPU @ 2.90GHz,Intel(R) Xeon(R) Platinum 8375C CPU @ 2.90GHz,Intel
r6idn.32xlarge,us-west-2,usw2-az1,1,0.0,0.0,1.0,12.50496,4.7389,62,r6idn,Memory,r,128.0,1024.0,28995.1245,Intel(R) Xeon(R) Platinum 8375C CPU @ 2.90GHz,Intel(R) Xeon(R) Platinum 8375C CPU @ 2.90GHz,Intel
r6idn.32xlarge,us-west-2,usw2-az2,2,0.0,1.0,1.0,12.50496,5.3041,57,r6idn,Memory,r,128.0,1024.0,28995.1245,Intel(R) Xeon(R) Platinum 8375C CPU @ 2.90GHz,Intel(R) Xeon(R) Platinum 8375C CPU @ 2.90GHz,Intel
r6idn.32xlarge,us-west-2,usw2-az3,1,0.0,0.0,1.0,12.50496,5.1802,58,r6idn,Memory,r,128.0,1024.0,28995.1245,Intel(R) Xeon(R) Platinum 8375C CPU @ 2.90GHz,Intel(R) Xeon(R) Platinum 8375C CPU @ 2.90GHz,Intel
r6idn.4xlarge,us-west-2,usw2-az1,3,15.0,25.0,2.0,1.56312,0.7198,53,r6idn,Memory,r,16.0,128.0,29004.7108,Intel(R) Xeon(R) Platinum 8375C CPU @ 2.90GHz,Intel(R) Xeon(R) Platinum 8375C CPU @ 2.90GHz,Intel
r6idn.4xlarge,us-west-2,usw2-az2,3,15.0,25.0,2.0,1.56312,0.6675,57,r6idn,Memory,r,16.0,128.0,29004.7108,Intel(R) Xeon(R) Platinum 8375C CPU @ 2.90GHz,Intel(R) Xeon(R) Platinum 8375C CPU @ 2.90GHz,Intel
r6idn.4xlarge,us-west-2,usw2-az3,3,10.0,15.0,2.0,1.56312,0.7663,50,r6idn,Memory,r,16.0,128.0,29004.7108,Intel(R) Xeon(R) Platinum 8375C CPU @ 2.90GHz,Intel(R) Xeon(R) Platinum 8375C CPU @ 2.90GHz,Intel
r6idn.8xlarge,us-west-2,usw2-az1,2,0.0,1.0,1.0,3.12624,1.5503,50,r6idn,Memory,r,32.0,256.0,28956.5551,Intel(R) Xeon(R) Platinum 8375C CPU @ 2.90GHz,Intel(R) Xeon(R) Platinum 8375C CPU @ 2.90GHz,Intel
r6idn.8xlarge,us-west-2,usw2-az2,3,1.0,1.0,1.0,3.12624,1.4464,53,r6idn,Memory,r,32.0,256.0,28956.5551,Intel(R) Xeon(R) Platinum 8375C CPU @ 2.90GHz,Intel(R) Xeon(R) Platinum 8375C CPU @ 2.90GHz,Intel
r6idn.8xlarge,us-west-2,usw2-az3,3,1.0,1.0,1.0,3.12624,1.4359,54,r6idn,Memory,r,32.0,256.0,28956.5551,Intel(R) Xeon(R) Platinum 8375C CPU @ 2.90GHz,Intel(R) Xeon(R) Platinum 8375C CPU @ 2.90GHz,Intel
r6idn.large,us-west-2,usw2-az1,3,1.0,5.0,1.0,0.19539,0.0696,64,r6idn,Memory,r,2.0,16.0,28922.4831,Intel(R) Xeon(R) Platinum 8375C CPU @ 2.90GHz,Intel(R) Xeon(R) Platinum 8375C CPU @ 2.90GHz,Intel
r6idn.large,us-west-2,usw2-az2,3,10.0,15.0,1.0,0.19539,0.0652,66,r6idn,Memory,r,2.0,16.0,28922.4831,Intel(R) Xeon(R) Platinum 8375C CPU @ 2.90GHz,Intel(R) Xeon(R) Platinum 8375C CPU @ 2.90GHz,Intel
r6idn.large,us-west-2,usw2-az3,3,1.0,5.0,1.0,0.19539,0.0646,66,r6idn,Memory,r,2.0,16.0,28922.4831,Intel(R) Xeon(R) Platinum 8375C CPU @ 2.90GHz,Intel(R) Xeon(R) Platinum 8375C CPU @ 2.90GHz,Intel
r6idn.xlarge,us-west-2,usw2-az1,3,5.0,10.0,1.5,0.39078,0.1709,56,r6idn,Memory,r,4.0,32.0,29017.3107,Intel(R) Xeon(R) Platinum 8375C CPU @ 2.90GHz,Intel(R) Xeon(R) Platinum 8375C CPU @ 2.90GHz,Intel
r6idn.xlarge,us-west-2,usw2-az2,3,15.0,20.0,1.5,0.39078,0.1602,59,r6idn,Memory,r,4.0,32.0,29017.3107,Intel(R) Xeon(R) Platinum 8375C CPU @ 2.90GHz,Intel(R) Xeon(R) Platinum 8375C CPU @ 2.90GHz,Intel
r6idn.xlarge,us-west-2,usw2-az3,3,1.0,1.0,1.5,0.39078,0.1741,55,r6idn,Memory,r,4.0,32.0,29017.3107,Intel(R) Xeon(R) Platinum 8375C CPU @ 2.90GHz,Intel(R) Xeon(R) Platinum 8375C CPU @ 2.90GHz,Intel
r6in.12xlarge,us-west-2,usw2-az1,3,1.0,1.0,1.0,4.18392,1.6899,59,r6in,Memory,r,48.0,384.0,28999.8199294,Intel(R) Xeon(R) Platinum 8375C CPU @ 2.90GHz,Intel(R) Xeon(R) Platinum 8375C CPU @ 2.90GHz,Intel
r6in.12xlarge,us-west-2,usw2-az2,3,1.0,1.0,1.0,4.18392,1.5508,62,r6in,Memory,r,48.0,384.0,28999.8199294,Intel(R) Xeon(R) Platinum 8375C CPU @ 2.90GHz,Intel(R) Xeon(R) Platinum 8375C CPU @ 2.90GHz,Intel
r6in.12xlarge,us-west-2,usw2-az3,3,1.0,1.0,1.0,4.18392,1.7279,58,r6in,Memory,r,48.0,384.0,28999.8199294,Intel(R) Xeon(R) Platinum 8375C CPU @ 2.90GHz,Intel(R) Xeon(R) Platinum 8375C CPU @ 2.90GHz,Intel
r6in.16xlarge,us-west-2,usw2-az1,2,0.0,1.0,1.0,5.57856,1.857,66,r6in,Memory,r,64.0,512.0,29030.456523,Intel(R) Xeon(R) Platinum 8375C CPU @ 2.90GHz,Intel(R) Xeon(R) Platinum 8375C CPU @ 2.90GHz,Intel
r6in.16xlarge,us-west-2,usw2-az2,1,0.0,0.0,1.0,5.57856,1.9864,64,r6in,Memory,r,64.0,512.0,29030.456523,Intel(R) Xeon(R) Platinum 8375C CPU @ 2.90GHz,Intel(R) Xeon(R) Platinum 8375C CPU @ 2.90GHz,Intel
r6in.16xlarge,us-west-2,usw2-az3,2,0.0,1.0,1.0,5.57856,2.0127,63,r6in,Memory,r,64.0,512.0,29030.456523,Intel(R) Xeon(R) Platinum 8375C CPU @ 2.90GHz,Intel(R) Xeon(R) Platinum 8375C CPU @ 2.90GHz,Intel
r6in.24xlarge,us-west-2,usw2-az1,3,1.0,1.0,1.0,8.36784,3.0549,63,r6in,Memory,r,96.0,768.0,29007.549157400004,Intel(R) Xeon(R) Platinum 8375C CPU @ 2.90GHz,Intel(R) Xeon(R) Platinum 8375C CPU @ 2.90GHz,Intel
r6in.24xlarge,us-west-2,usw2-az2,2,0.0,1.0,1.0,8.36784,3.2972,60,r6in,Memory,r,96.0,768.0,29007.549157400004,Intel(R) Xeon(R) Platinum 8375C CPU @ 2.90GHz,Intel(R) Xeon(R) Platinum 8375C CPU @ 2.90GHz,Intel
r6in.24xlarge,us-west-2,usw2-az3,3,5.0,5.0,1.0,8.36784,3.5278,57,r6in,Memory,r,96.0,768.0,29007.549157400004,Intel(R) Xeon(R) Platinum 8375C CPU @ 2.90GHz,Intel(R) Xeon(R) Platinum 8375C CPU @ 2.90GHz,Intel
r6in.2xlarge,us-west-2,usw2-az1,3,1.0,5.0,1.0,0.69732,0.3316,52,r6in,Memory,r,8.0,64.0,29024.5758708,Intel(R) Xeon(R) Platinum 8375C CPU @ 2.90GHz,Intel(R) Xeon(R) Platinum 8375C CPU @ 2.90GHz,Intel
r6in.2xlarge,us-west-2,usw2-az2,3,1.0,5.0,1.0,0.69732,0.3503,49,r6in,Memory,r,8.0,64.0,29024.5758708,Intel(R) Xeon(R) Platinum 8375C CPU @ 2.90GHz,Intel(R) Xeon(R) Platinum 8375C CPU @ 2.90GHz,Intel
r6in.2xlarge,us-west-2,usw2-az3,3,5.0,5.0,1.0,0.69732,0.3042,56,r6in,Memory,r,8.0,64.0,29024.5758708,Intel(R) Xeon(R) Platinum 8375C CPU @ 2.90GHz,Intel(R) Xeon(R) Platinum 8375C CPU @ 2.90GHz,Intel
r6in.32xlarge,us-west-2,usw2-az1,1,0.0,0.0,1.0,11.15712,4.4839,59,r6in,Memory,r,128.0,1024.0,28971.875437800005,Intel(R) Xeon(R) Platinum 8375C CPU @ 2.90GHz,Intel(R) Xeon(R) Platinum 8375C CPU @ 2.90GHz,Intel
r6in.32xlarge,us-west-2,usw2-az2,1,0.0,0.0,1.0,11.15712,5.1015,54,r6in,Memory,r,128.0,1024.0,28971.875437800005,Intel(R) Xeon(R) Platinum 8375C CPU @ 2.90GHz,Intel(R) Xeon(R) Platinum 8375C CPU @ 2.90GHz,Intel
r6in.32xlarge,us-west-2,usw2-az3,1,0.0,0.0,1.0,11.15712,4.2964,61,r6in,Memory,r,128.0,1024.0,28971.875437800005,Intel(R) Xeon(R) Platinum 8375C CPU @ 2.90GHz,Intel(R) Xeon(R) Platinum 8375C CPU @ 2.90GHz,Intel
r6in.4xlarge,us-west-2,usw2-az1,3,10.0,20.0,1.0,1.39464,0.537,61,r6in,Memory,r,16.0,128.0,28981.0300328,Intel(R) Xeon(R) Platinum 8375C CPU @ 2.90GHz,Intel(R) Xeon(R) Platinum 8375C CPU @ 2.90GHz,Intel
r6in.4xlarge,us-west-2,usw2-az2,3,20.0,30.0,1.0,1.39464,0.6181,55,r6in,Memory,r,16.0,128.0,28981.0300328,Intel(R) Xeon(R) Platinum 8375C CPU @ 2.90GHz,Intel(R) Xeon(R) Platinum 8375C CPU @ 2.90GHz,Intel
r6in.4xlarge,us-west-2,usw2-az3,3,5.0,10.0,1.0,1.39464,0.6142,55,r6in,Memory,r,16.0,128.0,28981.0300328,Intel(R) Xeon(R) Platinum 8375C CPU @ 2.90GHz,Intel(R) Xeon(R) Platinum 8375C CPU @ 2.90GHz,Intel
r6in.8xlarge,us-west-2,usw2-az1,3,1.0,1.0,1.0,2.78928,1.3696,50,r6in,Memory,r,32.0,256.0,28979.4757428,Intel(R) Xeon(R) Platinum 8375C CPU @ 2.90GHz,Intel(R) Xeon(R) Platinum 8375C CPU @ 2.90GHz,Intel
r6in.8xlarge,us-west-2,usw2-az2,3,1.0,1.0,1.0,2.78928,1.3666,51,r6in,Memory,r,32.0,256.0,28979.4757428,Intel(R) Xeon(R) Platinum 8375C CPU @ 2.90GHz,Intel(R) Xeon(R) Platinum 8375C CPU @ 2.90GHz,Intel
r6in.8xlarge,us-west-2,usw2-az3,3,5.0,5.0,1.0,2.78928,1.2286,55,r6in,Memory,r,32.0,256.0,28979.4757428,Intel(R) Xeon(R) Platinum 8375C CPU @ 2.90GHz,Intel(R) Xeon(R) Platinum 8375C CPU @ 2.90GHz,Intel
r6in.large,us-west-2,usw2-az1,3,50.0,50.0,1.0,0.17433,0.0449,74,r6in,Memory,r,2.0,16.0,28982.6698086,Intel(R) Xeon(R) Platinum 8375C CPU @ 2.90GHz,Intel(R) Xeon(R) Platinum 8375C CPU @ 2.90GHz,Intel
r6in.large,us-west-2,usw2-az2,3,50.0,50.0,1.0,0.17433,0.0443,74,r6in,Memory,r,2.0,16.0,28982.6698086,Intel(R) Xeon(R) Platinum 8375C CPU @ 2.90GHz,Intel(R) Xeon(R) Platinum 8375C CPU @ 2.90GHz,Intel
r6in.large,us-west-2,usw2-az3,3,35.0,45.0,1.0,0.17433,0.0497,71,r6in,Memory,r,2.0,16.0,28982.6698086,Intel(R) Xeon(R) Platinum 8375C CPU @ 2.90GHz,Intel(R) Xeon(R) Platinum 8375C CPU @ 2.90GHz,Intel
r6in.xlarge,us-west-2,usw2-az1,3,1.0,5.0,1.0,0.34866,0.1387,60,r6in,Memory,r,4.0,32.0,29002.831699,Intel(R) Xeon(R) Platinum 8375C CPU @ 2.90GHz,Intel(R) Xeon(R) Platinum 8375C CPU @ 2.90GHz,Intel
r6in.xlarge,us-west-2,usw2-az2,3,1.0,1.0,1.0,0.34866,0.1418,59,r6in,Memory,r,4.0,32.0,29002.831699,Intel(R) Xeon(R) Platinum 8375C CPU @ 2.90GHz,Intel(R) Xeon(R) Platinum 8375C CPU @ 2.90GHz,Intel
r6in.xlarge,us-west-2,usw2-az3,3,5.0,5.0,1.0,0.34866,0.139,60,r6in,Memory,r,4.0,32.0,29002.831699,Intel(R) Xeon(R) Platinum 8375C CPU @ 2.90GHz,Intel(R) Xeon(R) Platinum 8375C CPU @ 2.90GHz,Intel
r7a.12xlarge,us-west-2,usw2-az1,3,10.0,15.0,1.0,3.6516,1.4641,59,r7a,Memory,r,48.0,384.0,35594.098298,AMD EPYC 9R14,AMD EPYC 9R14,AuthenticAMD
r7a.12xlarge,us-west-2,usw2-az2,3,10.0,15.0,1.0,3.6516,1.49,59,r7a,Memory,r,48.0,384.0,35594.098298,AMD EPYC 9R14,AMD EPYC 9R14,AuthenticAMD
r7a.12xlarge,us-west-2,usw2-az3,3,1.0,5.0,1.0,3.6516,1.4712,59,r7a,Memory,r,48.0,384.0,35594.098298,AMD EPYC 9R14,AMD EPYC 9R14,AuthenticAMD
r7a.12xlarge,us-west-2,usw2-az4,1,0.0,0.0,1.0,3.6516,1.4163,61,r7a,Memory,r,48.0,384.0,35594.098298,AMD EPYC 9R14,AMD EPYC 9R14,AuthenticAMD
r7a.16xlarge,us-west-2,usw2-az1,3,1.0,1.0,1.0,4.8688,1.9952,59,r7a,Memory,r,64.0,512.0,35552.02395340001,AMD EPYC 9R14,AMD EPYC 9R14,AuthenticAMD
r7a.16xlarge,us-west-2,usw2-az2,3,15.0,25.0,1.0,4.8688,1.8925,61,r7a,Memory,r,64.0,512.0,35552.02395340001,AMD EPYC 9R14,AMD EPYC 9R14,AuthenticAMD
r7a.16xlarge,us-west-2,usw2-az3,3,1.0,5.0,1.0,4.8688,1.8981,61,r7a,Memory,r,64.0,512.0,35552.02395340001,AMD EPYC 9R14,AMD EPYC 9R14,AuthenticAMD
r7a.16xlarge,us-west-2,usw2-az4,3,1.0,1.0,1.0,4.8688,2.1678,55,r7a,Memory,r,64.0,512.0,35552.02395340001,AMD EPYC 9R14,AMD EPYC 9R14,AuthenticAMD
r7a.24xlarge,us-west-2,usw2-az1,3,1.0,5.0,1.0,7.3032,3.3242,54,r7a,Memory,r,96.0,768.0,35605.2477766,AMD EPYC 9R14,AMD EPYC 9R14,AuthenticAMD
r7a.24xlarge,us-west-2,usw2-az2,3,15.0,50.0,1.0,7.3032,2.6446,63,r7a,Memory,r,96.0,768.0,35605.2477766,AMD EPYC 9R14,AMD EPYC 9R14,AuthenticAMD
r7a.24xlarge,us-west-2,usw2-az3,3,1.0,5.0,1.0,7.3032,3.4417,52,r7a,Memory,r,96.0,768.0,35605.2477766,AMD EPYC 9R14,AMD EPYC 9R14,AuthenticAMD
r7a.24xlarge,us-west-2,usw2-az4,3,1.0,1.0,1.0,7.3032,2.822,61,r7a,Memory,r,96.0,768.0,35605.2477766,AMD EPYC 9R14,AMD EPYC 9R14,AuthenticAMD
r7a.2xlarge,us-west-2,usw2-az1,3,50.0,50.0,2.0,0.6086,0.2083,65,r7a,Memory,r,8.0,64.0,35584.9629768,AMD EPYC 9R14,AMD EPYC 9R14,AuthenticAMD
r7a.2xlarge,us-west-2,usw2-az2,3,50.0,50.0,2.0,0.6086,0.2484,59,r7a,Memory,r,8.0,64.0,35584.9629768,AMD EPYC 9R14,AMD EPYC 9R14,AuthenticAMD
r7a.2xlarge,us-west-2,usw2-az3,3,50.0,50.0,2.0,0.6086,0.2149,64,r7a,Memory,r,8.0,64.0,35584.9629768,AMD EPYC 9R14,AMD EPYC 9R14,AuthenticAMD
r7a.2xlarge,us-west-2,usw2-az4,3,5.0,10.0,2.0,0.6086,0.2495,59,r7a,Memory,r,8.0,64.0,35584.9629768,AMD EPYC 9R14,AMD EPYC 9R14,AuthenticAMD
r7a.32xlarge,us-west-2,usw2-az1,3,1.0,5.0,1.0,9.7376,3.5534,63,r7a,Memory,r,128.0,1024.0,35624.4450724,AMD EPYC 9R14,AMD EPYC 9R14,AuthenticAMD
r7a.32xlarge,us-west-2,usw2-az2,3,10.0,15.0,1.0,9.7376,3.7269,61,r7a,Memory,r,128.0,1024.0,35624.4450724,AMD EPYC 9R14,AMD EPYC 9R14,AuthenticAMD
r7a.32xlarge,us-west-2,usw2-az3,3,1.0,1.0,1.0,9.7376,3.2919,66,r7a,Memory,r,128.0,1024.0,35624.4450724,AMD EPYC 9R14,AMD EPYC 9R14,AuthenticAMD
r7a.32xlarge,us-west-2,usw2-az4,3,1.0,1.0,1.0,9.7376,4.3222,55,r7a,Memory,r,128.0,1024.0,35624.4450724,AMD EPYC 9R14,AMD EPYC 9R14,AuthenticAMD
r7a.48xlarge,us-west-2,usw2-az1,3,5.0,5.0,1.0,14.6064,5.1235,64,r7a,Memory,r,192.0,1536.0,35643.6463564,AMD EPYC 9R14,AMD EPYC 9R14,AuthenticAMD
r7a.48xlarge,us-west-2,usw2-az2,3,15.0,15.0,1.0,14.6064,5.1061,65,r7a,Memory,r,192.0,1536.0,35643.6463564,AMD EPYC 9R14,AMD EPYC 9R14,AuthenticAMD
r7a.48xlarge,us-west-2,usw2-az3,3,1.0,1.0,1.0,14.6064,4.8533,66,r7a,Memory,r,192.0,1536.0,35643.6463564,AMD EPYC 9R14,AMD EPYC 9R14,AuthenticAMD
r7a.48xlarge,us-west-2,usw2-az4,3,1.0,1.0,1.0,14.6064,4.9065,66,r7a,Memory,r,192.0,1536.0,35643.6463564,AMD EPYC 9R14,AMD EPYC 9R14,AuthenticAMD
r7a.4xlarge,us-west-2,usw2-az1,3,50.0,50.0,1.0,1.2172,0.4969,59,r7a,Memory,r,16.0,128.0,35601.1796332,AMD EPYC 9R14,AMD EPYC 9R14,AuthenticAMD
r7a.4xlarge,us-west-2,usw2-az2,3,50.0,50.0,1.0,1.2172,0.532,56,r7a,Memory,r,16.0,128.0,35601.1796332,AMD EPYC 9R14,AMD EPYC 9R14,AuthenticAMD
r7a.4xlarge,us-west-2,usw2-az3,3,45.0,50.0,1.0,1.2172,0.5144,57,r7a,Memory,r,16.0,128.0,35601.1796332,AMD EPYC 9R14,AMD EPYC 9R14,AuthenticAMD
r7a.4xlarge,us-west-2,usw2-az4,3,5.0,10.0,1.0,1.2172,0.5161,57,r7a,Memory,r,16.0,128.0,35601.1796332,AMD EPYC 9R14,AMD EPYC 9R14,AuthenticAMD
r7a.8xlarge,us-west-2,usw2-az1,3,15.0,25.0,1.0,2.4344,0.9703,60,r7a,Memory,r,32.0,256.0,35566.829638,AMD EPYC 9R14,AMD EPYC 9R14,AuthenticAMD
r7a.8xlarge,us-west-2,usw2-az2,3,20.0,30.0,1.0,2.4344,1.0846,55,r7a,Memory,r,32.0,256.0,35566.829638,AMD EPYC 9R14,AMD EPYC 9R14,AuthenticAMD
r7a.8xlarge,us-west-2,usw2-az3,3,5.0,10.0,1.0,2.4344,1.0422,57,r7a,Memory,r,32.0,256.0,35566.829638,AMD EPYC 9R14,AMD EPYC 9R14,AuthenticAMD
r7a.8xlarge,us-west-2,usw2-az4,2,0.0,1.0,1.0,2.4344,0.9615,60,r7a,Memory,r,32.0,256.0,35566.829638,AMD EPYC 9R14,AMD EPYC 9R14,AuthenticAMD
r7a.large,us-west-2,usw2-az1,3,50.0,50.0,3.0,0.15215,0.0592,61,r7a,Memory,r,2.0,16.0,35626.7616784,AMD EPYC 9R14,AMD EPYC 9R14,AuthenticAMD
r7a.large,us-west-2,usw2-az2,3,50.0,50.0,3.0,0.15215,0.0559,63,r7a,Memory,r,2.0,16.0,35626.7616784,AMD EPYC 9R14,AMD EPYC 9R14,AuthenticAMD
r7a.large,us-west-2,usw2-az3,3,50.0,50.0,3.0,0.15215,0.0509,66,r7a,Memory,r,2.0,16.0,35626.7616784,AMD EPYC 9R14,AMD EPYC 9R14,AuthenticAMD
r7a.large,us-west-2,usw2-az4,3,45.0,50.0,3.0,0.15215,0.0494,67,r7a,Memory,r,2.0,16.0,35626.7616784,AMD EPYC 9R14,AMD EPYC 9R14,AuthenticAMD
r7a.medium,us-west-2,usw2-az1,3,50.0,50.0,3.0,0.07608,0.0248,67,r7a,Memory,r,1.0,8.0,35571.0988776,AMD EPYC 9R14,AMD EPYC 9R14,AuthenticAMD
r7a.medium,us-west-2,usw2-az2,3,50.0,50.0,3.0,0.07608,0.0296,61,r7a,Memory,r,1.0,8.0,35571.0988776,AMD EPYC 9R14,AMD EPYC 9R14,AuthenticAMD
r7a.medium,us-west-2,usw2-az3,3,50.0,50.0,3.0,0.07608,0.0259,65,r7a,Memory,r,1.0,8.0,35571.0988776,AMD EPYC 9R14,AMD EPYC 9R14,AuthenticAMD
r7a.medium,us-west-2,usw2-az4,3,50.0,50.0,3.0,0.07608,0.0284,62,r7a,Memory,r,1.0,8.0,35571.0988776,AMD EPYC 9R14,AMD EPYC 9R14,AuthenticAMD
r7a.xlarge,us-west-2,usw2-az1,3,50.0,50.0,2.5,0.3043,0.1036,65,r7a,Memory,r,4.0,32.0,35510.57794519999,AMD EPYC 9R14,AMD EPYC 9R14,AuthenticAMD
r7a.xlarge,us-west-2,usw2-az2,3,50.0,50.0,2.5,0.3043,0.1167,61,r7a,Memory,r,4.0,32.0,35510.57794519999,AMD EPYC 9R14,AMD EPYC 9R14,AuthenticAMD
r7a.xlarge,us-west-2,usw2-az3,3,50.0,50.0,2.5,0.3043,0.1016,66,r7a,Memory,r,4.0,32.0,35510.57794519999,AMD EPYC 9R14,AMD EPYC 9R14,AuthenticAMD
r7a.xlarge,us-west-2,usw2-az4,3,45.0,50.0,2.5,0.3043,0.0991,67,r7a,Memory,r,4.0,32.0,35510.57794519999,AMD EPYC 9R14,AMD EPYC 9R14,AuthenticAMD
r7g.12xlarge,us-west-2,usw2-az1,3,50.0,50.0,1.5,2.5704,0.879,65,r7g,Memory,r,48.0,384.0,24073.0669812,AWS Graviton3 Processor,AWS Graviton3 Processor,AWS
r7g.12xlarge,us-west-2,usw2-az2,3,50.0,50.0,1.5,2.5704,0.9072,64,r7g,Memory,r,48.0,384.0,24073.0669812,AWS Graviton3 Processor,AWS Graviton3 Processor,AWS
r7g.12xlarge,us-west-2,usw2-az3,3,50.0,50.0,1.5,2.5704,0.8982,65,r7g,Memory,r,48.0,384.0,24073.0669812,AWS Graviton3 Processor,AWS Graviton3 Processor,AWS
r7g.12xlarge,us-west-2,usw2-az4,3,30.0,45.0,1.5,2.5704,1.2744,50,r7g,Memory,r,48.0,384.0,24073.0669812,AWS Graviton3 Processor,AWS Graviton3 Processor,AWS
r7g.16xlarge,us-west-2,usw2-az1,3,50.0,50.0,2.5,3.4272,1.2081,64,r7g,Memory,r,64.0,512.0,24069.1302852,AWS Graviton3 Processor,AWS Graviton3 Processor,AWS
r7g.16xlarge,us-west-2,usw2-az2,3,50.0,50.0,2.5,3.4272,1.1366,66,r7g,Memory,r,64.0,512.0,24069.1302852,AWS Graviton3 Processor,AWS Graviton3 Processor,AWS
r7g.16xlarge,us-west-2,usw2-az3,3,50.0,50.0,2.5,3.4272,1.1737,65,r7g,Memory,r,64.0,512.0,24069.1302852,AWS Graviton3 Processor,AWS Graviton3 Processor,AWS
r7g.16xlarge,us-west-2,usw2-az4,3,40.0,50.0,2.5,3.4272,1.2575,63,r7g,Memory,r,64.0,512.0,24069.1302852,AWS Graviton3 Processor,AWS Graviton3 Processor,AWS
r7g.2xlarge,us-west-2,usw2-az1,3,50.0,50.0,1.5,0.4284,0.1603,62,r7g,Memory,r,8.0,64.0,24077.3574614,AWS Graviton3 Processor,AWS Graviton3 Processor,AWS
r7g.2xlarge,us-west-2,usw2-az2,3,50.0,50.0,1.5,0.4284,0.1619,62,r7g,Memory,r,8.0,64.0,24077.3574614,AWS Graviton3 Processor,AWS Graviton3 Processor,AWS
r7g.2xlarge,us-west-2,usw2-az3,3,50.0,50.0,1.5,0.4284,0.1619,62,r7g,Memory,r,8.0,64.0,24077.3574614,AWS Graviton3 Processor,AWS Graviton3 Processor,AWS
r7g.2xlarge,us-west-2,usw2-az4,3,40.0,50.0,1.5,0.4284,0.1745,59,r7g,Memory,r,8.0,64.0,24077.3574614,AWS Graviton3 Processor,AWS Graviton3 Processor,AWS
r7g.4xlarge,us-west-2,usw2-az1,3,50.0,50.0,1.0,0.8568,0.2801,67,r7g,Memory,r,16.0,128.0,24077.0095074,AWS Graviton3 Processor,AWS Graviton3 Processor,AWS
r7g.4xlarge,us-west-2,usw2-az2,3,50.0,50.0,1.0,0.8568,0.3122,63,r7g,Memory,r,16.0,128.0,24077.0095074,AWS Graviton3 Processor,AWS Graviton3 Processor,AWS
r7g.4xlarge,us-west-2,usw2-az3,3,50.0,50.0,1.0,0.8568,0.3051,64,r7g,Memory,r,16.0,128.0,24077.0095074,AWS Graviton3 Processor,AWS Graviton3 Processor,AWS
r7g.4xlarge,us-west-2,usw2-az4,3,35.0,50.0,1.0,0.8568,0.3419,60,r7g,Memory,r,16.0,128.0,24077.0095074,AWS Graviton3 Processor,AWS Graviton3 Processor,AWS
r7g.8xlarge,us-west-2,usw2-az1,3,50.0,50.0,1.0,1.7136,0.6369,62,r7g,Memory,r,32.0,256.0,24083.3886114,AWS Graviton3 Processor,AWS Graviton3 Processor,AWS
r7g.8xlarge,us-west-2,usw2-az2,3,50.0,50.0,1.0,1.7136,0.6558,61,r7g,Memory,r,32.0,256.0,24083.3886114,AWS Graviton3 Processor,AWS Graviton3 Processor,AWS
r7g.8xlarge,us-west-2,usw2-az3,3,50.0,50.0,1.0,1.7136,0.6358,62,r7g,Memory,r,32.0,256.0,24083.3886114,AWS Graviton3 Processor,AWS Graviton3 Processor,AWS
r7g.8xlarge,us-west-2,usw2-az4,3,20.0,35.0,1.0,1.7136,0.6215,63,r7g,Memory,r,32.0,256.0,24083.3886114,AWS Graviton3 Processor,AWS Graviton3 Processor,AWS
r7g.large,us-west-2,usw2-az1,3,50.0,50.0,1.0,0.1071,0.0356,66,r7g,Memory,r,2.0,16.0,24079.6750146,AWS Graviton3 Processor,AWS Graviton3 Processor,AWS
r7g.large,us-west-2,usw2-az2,3,50.0,50.0,1.0,0.1071,0.0433,59,r7g,Memory,r,2.0,16.0,24079.6750146,AWS Graviton3 Processor,AWS Graviton3 Processor,AWS
r7g.large,us-west-2,usw2-az3,3,50.0,50.0,1.0,0.1071,0.038,64,r7g,Memory,r,2.0,16.0,24079.6750146,AWS Graviton3 Processor,AWS Graviton3 Processor,AWS
r7g.large,us-west-2,usw2-az4,3,50.0,50.0,1.0,0.1071,0.0346,67,r7g,Memory,r,2.0,16.0,24079.6750146,AWS Graviton3 Processor,AWS Graviton3 Processor,AWS
r7g.medium,us-west-2,usw2-az1,3,50.0,50.0,3.0,0.0536,0.0161,69,r7g,Memory,r,1.0,8.0,24085.4820246,AWS Graviton3 Processor,AWS Graviton3 Processor,AWS
r7g.medium,us-west-2,usw2-az2,3,50.0,50.0,3.0,0.0536,0.0183,65,r7g,Memory,r,1.0,8.0,24085.4820246,AWS Graviton3 Processor,AWS Graviton3 Processor,AWS
r7g.medium,us-west-2,usw2-az3,3,50.0,50.0,3.0,0.0536,0.0162,69,r7g,Memory,r,1.0,8.0,24085.4820246,AWS Graviton3 Processor,AWS Graviton3 Processor,AWS
r7g.medium,us-west-2,usw2-az4,3,45.0,50.0,3.0,0.0536,0.0155,71,r7g,Memory,r,1.0,8.0,24085.4820246,AWS Graviton3 Processor,AWS Graviton3 Processor,AWS
r7g.xlarge,us-west-2,usw2-az1,3,50.0,50.0,2.0,0.2142,0.0687,67,r7g,Memory,r,4.0,32.0,24078.167410400005,AWS Graviton3 Processor,AWS Graviton3 Processor,AWS
r7g.xlarge,us-west-2,usw2-az2,3,50.0,50.0,2.0,0.2142,0.0688,67,r7g,Memory,r,4.0,32.0,24078.167410400005,AWS Graviton3 Processor,AWS Graviton3 Processor,AWS
r7g.xlarge,us-west-2,usw2-az3,3,50.0,50.0,2.0,0.2142,0.0707,66,r7g,Memory,r,4.0,32.0,24078.167410400005,AWS Graviton3 Processor,AWS Graviton3 Processor,AWS
r7g.xlarge,us-west-2,usw2-az4,3,40.0,50.0,2.0,0.2142,0.0757,64,r7g,Memory,r,4.0,32.0,24078.167410400005,AWS Graviton3 Processor,AWS Graviton3 Processor,AWS
r7gd.12xlarge,us-west-2,usw2-az1,3,50.0,50.0,2.0,3.2659,1.1454,64,r7gd,Memory,r,48.0,384.0,24077.081,AWS Graviton3 Processor,AWS Graviton3 Processor,AWS
r7gd.12xlarge,us-west-2,usw2-az2,3,30.0,50.0,2.0,3.2659,1.2609,61,r7gd,Memory,r,48.0,384.0,24077.081,AWS Graviton3 Processor,AWS Graviton3 Processor,AWS
r7gd.12xlarge,us-west-2,usw2-az3,3,30.0,50.0,2.0,3.2659,1.13,65,r7gd,Memory,r,48.0,384.0,24077.081,AWS Graviton3 Processor,AWS Graviton3 Processor,AWS
r7gd.12xlarge,us-west-2,usw2-az4,3,20.0,25.0,2.0,3.2659,1.2944,60,r7gd,Memory,r,48.0,384.0,24077.081,AWS Graviton3 Processor,AWS Graviton3 Processor,AWS
r7gd.16xlarge,us-west-2,usw2-az1,3,50.0,50.0,2.5,4.3546,1.4205,67,r7gd,Memory,r,64.0,512.0,24077.081,AWS Graviton3 Processor,AWS Graviton3 Processor,AWS
r7gd.16xlarge,us-west-2,usw2-az2,3,50.0,50.0,2.5,4.3546,1.5215,65,r7gd,Memory,r,64.0,512.0,24077.081,AWS Graviton3 Processor,AWS Graviton3 Processor,AWS
r7gd.16xlarge,us-west-2,usw2-az3,3,50.0,50.0,2.5,4.3546,1.4327,67,r7gd,Memory,r,64.0,512.0,24077.081,AWS Graviton3 Processor,AWS Graviton3 Processor,AWS
r7gd.16xlarge,us-west-2,usw2-az4,3,50.0,50.0,2.5,4.3546,1.5759,63,r7gd,Memory,r,64.0,512.0,24077.081,AWS Graviton3 Processor,AWS Graviton3 Processor,AWS
r7gd.2xlarge,us-west-2,usw2-az1,3,50.0,50.0,2.5,0.5443,0.2266,58,r7gd,Memory,r,8.0,64.0,24082.4604,AWS Graviton3 Processor,AWS Graviton3 Processor,AWS
r7gd.2xlarge,us-west-2,usw2-az2,3,40.0,50.0,2.5,0.5443,0.2276,58,r7gd,Memory,r,8.0,64.0,24082.4604,AWS Graviton3 Processor,AWS Graviton3 Processor,AWS
r7gd.2xlarge,us-west-2,usw2-az3,3,45.0,50.0,2.5,0.5443,0.2077,61,r7gd,Memory,r,8.0,64.0,24082.4604,AWS Graviton3 Processor,AWS Graviton3 Processor,AWS
r7gd.2xlarge,us-west-2,usw2-az4,3,30.0,45.0,2.5,0.5443,0.2206,59,r7gd,Memory,r,8.0,64.0,24082.4604,AWS Graviton3 Processor,AWS Graviton3 Processor,AWS
r7gd.4xlarge,us-west-2,usw2-az1,3,50.0,50.0,1.0,1.0886,0.4482,58,r7gd,Memory,r,16.0,128.0,24077.081,AWS Graviton3 Processor,AWS Graviton3 Processor,AWS
r7gd.4xlarge,us-west-2,usw2-az2,3,25.0,30.0,1.0,1.0886,0.4993,54,r7gd,Memory,r,16.0,128.0,24077.081,AWS Graviton3 Processor,AWS Graviton3 Processor,AWS
r7gd.4xlarge,us-west-2,usw2-az3,3,30.0,50.0,1.0,1.0886,0.3945,63,r7gd,Memory,r,16.0,128.0,24077.081,AWS Graviton3 Processor,AWS Graviton3 Processor,AWS
r7gd.4xlarge,us-west-2,usw2-az4,3,50.0,50.0,1.0,1.0886,0.4859,55,r7gd,Memory,r,16.0,128.0,24077.081,AWS Graviton3 Processor,AWS Graviton3 Processor,AWS
r7gd.8xlarge,us-west-2,usw2-az1,3,20.0,30.0,1.0,2.1773,1.0034,53,r7gd,Memory,r,32.0,256.0,24077.081,AWS Graviton3 Processor,AWS Graviton3 Processor,AWS
r7gd.8xlarge,us-west-2,usw2-az2,3,5.0,15.0,1.0,2.1773,0.9862,54,r7gd,Memory,r,32.0,256.0,24077.081,AWS Graviton3 Processor,AWS Graviton3 Processor,AWS
r7gd.8xlarge,us-west-2,usw2-az3,3,5.0,10.0,1.0,2.1773,0.971,55,r7gd,Memory,r,32.0,256.0,24077.081,AWS Graviton3 Processor,AWS Graviton3 Processor,AWS
r7gd.8xlarge,us-west-2,usw2-az4,3,25.0,40.0,1.0,2.1773,0.8717,59,r7gd,Memory,r,32.0,256.0,24077.081,AWS Graviton3 Processor,AWS Graviton3 Processor,AWS
r7gd.large,us-west-2,usw2-az1,3,40.0,50.0,3.0,0.1361,0.0459,66,r7gd,Memory,r,2.0,16.0,24093.7153,AWS Graviton3 Processor,AWS Graviton3 Processor,AWS
r7gd.large,us-west-2,usw2-az2,3,20.0,30.0,3.0,0.1361,0.0439,67,r7gd,Memory,r,2.0,16.0,24093.7153,AWS Graviton3 Processor,AWS Graviton3 Processor,AWS
r7gd.large,us-west-2,usw2-az3,3,15.0,25.0,3.0,0.1361,0.0466,65,r7gd,Memory,r,2.0,16.0,24093.7153,AWS Graviton3 Processor,AWS Graviton3 Processor,AWS
r7gd.large,us-west-2,usw2-az4,3,50.0,50.0,3.0,0.1361,0.0426,68,r7gd,Memory,r,2.0,16.0,24093.7153,AWS Graviton3 Processor,AWS Graviton3 Processor,AWS
r7gd.medium,us-west-2,usw2-az1,3,50.0,50.0,2.5,0.068,0.0231,66,r7gd,Memory,r,1.0,8.0,24077.081,AWS Graviton3 Processor,AWS Graviton3 Processor,AWS
r7gd.medium,us-west-2,usw2-az2,3,25.0,40.0,2.5,0.068,0.0227,66,r7gd,Memory,r,1.0,8.0,24077.081,AWS Graviton3 Processor,AWS Graviton3 Processor,AWS
r7gd.medium,us-west-2,usw2-az3,3,25.0,35.0,2.5,0.068,0.0212,68,r7gd,Memory,r,1.0,8.0,24077.081,AWS Graviton3 Processor,AWS Graviton3 Processor,AWS
r7gd.medium,us-west-2,usw2-az4,3,50.0,50.0,2.5,0.068,0.0199,70,r7gd,Memory,r,1.0,8.0,24077.081,AWS Graviton3 Processor,AWS Graviton3 Processor,AWS
r7gd.xlarge,us-west-2,usw2-az1,3,30.0,40.0,1.5,0.2722,0.1363,49,r7gd,Memory,r,4.0,32.0,24077.081,AWS Graviton3 Processor,AWS Graviton3 Processor,AWS
r7gd.xlarge,us-west-2,usw2-az2,3,25.0,35.0,1.5,0.2722,0.1248,54,r7gd,Memory,r,4.0,32.0,24077.081,AWS Graviton3 Processor,AWS Graviton3 Processor,AWS
r7gd.xlarge,us-west-2,usw2-az3,3,10.0,15.0,1.5,0.2722,0.129,52,r7gd,Memory,r,4.0,32.0,24077.081,AWS Graviton3 Processor,AWS Graviton3 Processor,AWS
r7gd.xlarge,us-west-2,usw2-az4,3,40.0,50.0,1.5,0.2722,0.1021,62,r7gd,Memory,r,4.0,32.0,24077.081,AWS Graviton3 Processor,AWS Graviton3 Processor,AWS
r7i.12xlarge,us-west-2,usw2-az1,3,10.0,15.0,1.0,3.1752,1.2233,61,r7i,Memory,r,48.0,384.0,34303.2326352,Intel(R) Xeon(R) Platinum 8488C,Intel(R) Xeon(R) Platinum 8488C,Intel
r7i.12xlarge,us-west-2,usw2-az2,3,5.0,5.0,1.0,3.1752,1.1803,62,r7i,Memory,r,48.0,384.0,34303.2326352,Intel(R) Xeon(R) Platinum 8488C,Intel(R) Xeon(R) Platinum 8488C,Intel
r7i.12xlarge,us-west-2,usw2-az3,3,5.0,10.0,1.0,3.1752,1.1853,62,r7i,Memory,r,48.0,384.0,34303.2326352,Intel(R) Xeon(R) Platinum 8488C,Intel(R) Xeon(R) Platinum 8488C,Intel
r7i.12xlarge,us-west-2,usw2-az4,3,1.0,5.0,1.0,3.1752,1.2418,60,r7i,Memory,r,48.0,384.0,34303.2326352,Intel(R) Xeon(R) Platinum 8488C,Intel(R) Xeon(R) Platinum 8488C,Intel
r7i.16xlarge,us-west-2,usw2-az1,3,10.0,15.0,1.0,4.2336,1.5334,63,r7i,Memory,r,64.0,512.0,34294.7839738,Intel(R) Xeon(R) Platinum 8488C,Intel(R) Xeon(R) Platinum 8488C,Intel
r7i.16xlarge,us-west-2,usw2-az2,3,10.0,20.0,1.0,4.2336,1.6684,60,r7i,Memory,r,64.0,512.0,34294.7839738,Intel(R) Xeon(R) Platinum 8488C,Intel(R) Xeon(R) Platinum 8488C,Intel
r7i.16xlarge,us-west-2,usw2-az3,3,5.0,5.0,1.0,4.2336,1.6265,61,r7i,Memory,r,64.0,512.0,34294.7839738,Intel(R) Xeon(R) Platinum 8488C,Intel(R) Xeon(R) Platinum 8488C,Intel
r7i.16xlarge,us-west-2,usw2-az4,3,10.0,15.0,1.0,4.2336,1.9281,54,r7i,Memory,r,64.0,512.0,34294.7839738,Intel(R) Xeon(R) Platinum 8488C,Intel(R) Xeon(R) Platinum 8488C,Intel
r7i.24xlarge,us-west-2,usw2-az1,3,1.0,1.0,1.0,6.3504,2.9738,53,r7i,Memory,r,96.0,768.0,34375.390687,Intel(R) Xeon(R) Platinum 8488C,Intel(R) Xeon(R) Platinum 8488C,Intel
r7i.24xlarge,us-west-2,usw2-az2,1,0.0,0.0,1.0,6.3504,3.122,50,r7i,Memory,r,96.0,768.0,34375.390687,Intel(R) Xeon(R) Platinum 8488C,Intel(R) Xeon(R) Platinum 8488C,Intel
r7i.24xlarge,us-west-2,usw2-az3,3,1.0,1.0,1.0,6.3504,3.0902,51,r7i,Memory,r,96.0,768.0,34375.390687,Intel(R) Xeon(R) Platinum 8488C,Intel(R) Xeon(R) Platinum 8488C,Intel
r7i.24xlarge,us-west-2,usw2-az4,3,5.0,10.0,1.0,6.3504,2.8209,55,r7i,Memory,r,96.0,768.0,34375.390687,Intel(R) Xeon(R) Platinum 8488C,Intel(R) Xeon(R) Platinum 8488C,Intel
r7i.2xlarge,us-west-2,usw2-az1,3,50.0,50.0,1.5,0.5292,0.2031,61,r7i,Memory,r,8.0,64.0,31225.026048,Intel(R) Xeon(R) Platinum 8488C,Intel(R) Xeon(R) Platinum 8488C,Intel
r7i.2xlarge,us-west-2,usw2-az2,3,35.0,50.0,1.5,0.5292,0.2091,60,r7i,Memory,r,8.0,64.0,31225.026048,Intel(R) Xeon(R) Platinum 8488C,Intel(R) Xeon(R) Platinum 8488C,Intel
r7i.2xlarge,us-west-2,usw2-az3,3,25.0,35.0,1.5,0.5292,0.205,61,r7i,Memory,r,8.0,64.0,31225.026048,Intel(R) Xeon(R) Platinum 8488C,Intel(R) Xeon(R) Platinum 8488C,Intel
r7i.2xlarge,us-west-2,usw2-az4,3,15.0,15.0,1.5,0.5292,0.2359,55,r7i,Memory,r,8.0,64.0,31225.026048,Intel(R) Xeon(R) Platinum 8488C,Intel(R) Xeon(R) Platinum 8488C,Intel
r7i.48xlarge,us-west-2,usw2-az1,3,1.0,5.0,1.0,12.7008,4.8264,61,r7i,Memory,r,192.0,1536.0,34337.6371492,Intel(R) Xeon(R) Platinum 8488C,Intel(R) Xeon(R) Platinum 8488C,Intel
r7i.48xlarge,us-west-2,usw2-az2,3,1.0,5.0,1.0,12.7008,6.0992,51,r7i,Memory,r,192.0,1536.0,34337.6371492,Intel(R) Xeon(R) Platinum 8488C,Intel(R) Xeon(R) Platinum 8488C,Intel
r7i.48xlarge,us-west-2,usw2-az3,3,5.0,5.0,1.0,12.7008,4.2309,66,r7i,Memory,r,192.0,1536.0,34337.6371492,Intel(R) Xeon(R) Platinum 8488C,Intel(R) Xeon(R) Platinum 8488C,Intel
r7i.48xlarge,us-west-2,usw2-az4,3,5.0,5.0,1.0,12.7008,4.6543,63,r7i,Memory,r,192.0,1536.0,34337.6371492,Intel(R) Xeon(R) Platinum 8488C,Intel(R) Xeon(R) Platinum 8488C,Intel
r7i.4xlarge,us-west-2,usw2-az1,3,30.0,50.0,1.0,1.0584,0.4294,59,r7i,Memory,r,16.0,128.0,34601.8810342,Intel(R) Xeon(R) Platinum 8488C,Intel(R) Xeon(R) Platinum 8488C,Intel
r7i.4xlarge,us-west-2,usw2-az2,3,25.0,30.0,1.0,1.0584,0.4232,60,r7i,Memory,r,16.0,128.0,34601.8810342,Intel(R) Xeon(R) Platinum 8488C,Intel(R) Xeon(R) Platinum 8488C,Intel
r7i.4xlarge,us-west-2,usw2-az3,3,30.0,50.0,1.0,1.0584,0.4324,59,r7i,Memory,r,16.0,128.0,34601.8810342,Intel(R) Xeon(R) Platinum 8488C,Intel(R) Xeon(R) Platinum 8488C,Intel
r7i.4xlarge,us-west-2,usw2-az4,3,30.0,50.0,1.0,1.0584,0.4579,56,r7i,Memory,r,16.0,128.0,34601.8810342,Intel(R) Xeon(R) Platinum 8488C,Intel(R) Xeon(R) Platinum 8488C,Intel
r7i.8xlarge,us-west-2,usw2-az1,3,20.0,30.0,1.0,2.1168,0.7743,63,r7i,Memory,r,32.0,256.0,34785.947861,Intel(R) Xeon(R) Platinum 8488C,Intel(R) Xeon(R) Platinum 8488C,Intel
r7i.8xlarge,us-west-2,usw2-az2,3,5.0,15.0,1.0,2.1168,0.848,59,r7i,Memory,r,32.0,256.0,34785.947861,Intel(R) Xeon(R) Platinum 8488C,Intel(R) Xeon(R) Platinum 8488C,Intel
r7i.8xlarge,us-west-2,usw2-az3,3,15.0,15.0,1.0,2.1168,0.8989,57,r7i,Memory,r,32.0,256.0,34785.947861,Intel(R) Xeon(R) Platinum 8488C,Intel(R) Xeon(R) Platinum 8488C,Intel
r7i.8xlarge,us-west-2,usw2-az4,3,15.0,20.0,1.0,2.1168,1.0555,50,r7i,Memory,r,32.0,256.0,34785.947861,Intel(R) Xeon(R) Platinum 8488C,Intel(R) Xeon(R) Platinum 8488C,Intel
r7i.large,us-west-2,usw2-az1,3,50.0,50.0,3.0,0.1323,0.0462,65,r7i,Memory,r,2.0,16.0,34697.75583940001,Intel(R) Xeon(R) Platinum 8488C,Intel(R) Xeon(R) Platinum 8488C,Intel
r7i.large,us-west-2,usw2-az2,3,50.0,50.0,3.0,0.1323,0.0479,63,r7i,Memory,r,2.0,16.0,34697.75583940001,Intel(R) Xeon(R) Platinum 8488C,Intel(R) Xeon(R) Platinum 8488C,Intel
r7i.large,us-west-2,usw2-az3,3,50.0,50.0,3.0,0.1323,0.0478,63,r7i,Memory,r,2.0,16.0,34697.75583940001,Intel(R) Xeon(R) Platinum 8488C,Intel(R) Xeon(R) Platinum 8488C,Intel
r7i.large,us-west-2,usw2-az4,3,35.0,50.0,3.0,0.1323,0.0438,66,r7i,Memory,r,2.0,16.0,34697.75583940001,Intel(R) Xeon(R) Platinum 8488C,Intel(R) Xeon(R) Platinum 8488C,Intel
r7i.xlarge,us-west-2,usw2-az1,3,50.0,50.0,2.5,0.2646,0.1055,60,r7i,Memory,r,4.0,32.0,34301.1909938,Intel(R) Xeon(R) Platinum 8488C,Intel(R) Xeon(R) Platinum 8488C,Intel
r7i.xlarge,us-west-2,usw2-az2,3,35.0,50.0,2.5,0.2646,0.1118,57,r7i,Memory,r,4.0,32.0,34301.1909938,Intel(R) Xeon(R) Platinum 8488C,Intel(R) Xeon(R) Platinum 8488C,Intel
r7i.xlarge,us-west-2,usw2-az3,3,35.0,50.0,2.5,0.2646,0.101,61,r7i,Memory,r,4.0,32.0,34301.1909938,Intel(R) Xeon(R) Platinum 8488C,Intel(R) Xeon(R) Platinum 8488C,Intel
r7i.xlarge,us-west-2,usw2-az4,3,50.0,50.0,2.5,0.2646,0.0865,67,r7i,Memory,r,4.0,32.0,34301.1909938,Intel(R) Xeon(R) Platinum 8488C,Intel(R) Xeon(R) Platinum 8488C,Intel
r7iz.12xlarge,us-west-2,usw2-az1,3,1.0,1.0,1.5,4.464,1.8171,59,r7iz,Memory,r,48.0,384.0,35860.09764139999,Intel(R) Xeon(R) Gold 6455B,Intel(R) Xeon(R) Platinum 8488C,Intel
r7iz.12xlarge,us-west-2,usw2-az2,1,0.0,0.0,1.5,4.464,1.9445,56,r7iz,Memory,r,48.0,384.0,35860.09764139999,Intel(R) Xeon(R) Gold 6455B,Intel(R) Xeon(R) Platinum 8488C,Intel
r7iz.12xlarge,us-west-2,usw2-az3,3,1.0,1.0,1.5,4.464,1.9033,57,r7iz,Memory,r,48.0,384.0,35860.09764139999,Intel(R) Xeon(R) Gold 6455B,Intel(R) Xeon(R) Platinum 8488C,Intel
r7iz.12xlarge,us-west-2,usw2-az4,2,0.0,1.0,1.5,4.464,1.6699,62,r7iz,Memory,r,48.0,384.0,35860.09764139999,Intel(R) Xeon(R) Gold 6455B,Intel(R) Xeon(R) Platinum 8488C,Intel
r7iz.16xlarge,us-west-2,usw2-az1,3,5.0,5.0,2.0,5.952,2.8446,52,r7iz,Memory,r,64.0,512.0,35871.1167232,Intel(R) Xeon(R) Gold 6455B,Intel(R) Xeon(R) Platinum 8488C,Intel
r7iz.16xlarge,us-west-2,usw2-az2,3,1.0,1.0,2.0,5.952,2.3048,61,r7iz,Memory,r,64.0,512.0,35871.1167232,Intel(R) Xeon(R) Gold 6455B,Intel(R) Xeon(R) Platinum 8488C,Intel
r7iz.16xlarge,us-west-2,usw2-az3,3,1.0,5.0,2.0,5.952,2.6118,56,r7iz,Memory,r,64.0,512.0,35871.1167232,Intel(R) Xeon(R) Gold 6455B,Intel(R) Xeon(R) Platinum 8488C,Intel
r7iz.16xlarge,us-west-2,usw2-az4,3,1.0,5.0,2.0,5.952,2.6099,56,r7iz,Memory,r,64.0,512.0,35871.1167232,Intel(R) Xeon(R) Gold 6455B,Intel(R) Xeon(R) Platinum 8488C,Intel
r7iz.2xlarge,us-west-2,usw2-az1,3,5.0,5.0,1.5,0.744,0.3036,59,r7iz,Memory,r,8.0,64.0,35854.9903118,Intel(R) Xeon(R) Gold 6455B,Intel(R) Xeon(R) Platinum 8488C,Intel
r7iz.2xlarge,us-west-2,usw2-az2,3,1.0,5.0,1.5,0.744,0.2777,62,r7iz,Memory,r,8.0,64.0,35854.9903118,Intel(R) Xeon(R) Gold 6455B,Intel(R) Xeon(R) Platinum 8488C,Intel
r7iz.2xlarge,us-west-2,usw2-az3,3,15.0,25.0,1.5,0.744,0.2967,60,r7iz,Memory,r,8.0,64.0,35854.9903118,Intel(R) Xeon(R) Gold 6455B,Intel(R) Xeon(R) Platinum 8488C,Intel
r7iz.2xlarge,us-west-2,usw2-az4,3,1.0,5.0,1.5,0.744,0.3043,59,r7iz,Memory,r,8.0,64.0,35854.9903118,Intel(R) Xeon(R) Gold 6455B,Intel(R) Xeon(R) Platinum 8488C,Intel
r7iz.32xlarge,us-west-2,usw2-az1,1,0.0,0.0,2.0,11.904,6.3314,46,r7iz,Memory,r,128.0,1024.0,35912.8514916,Intel(R) Xeon(R) Gold 6455B,Intel(R) Xeon(R) Platinum 8488C,Intel
r7iz.32xlarge,us-west-2,usw2-az2,1,0.0,0.0,2.0,11.904,4.8825,58,r7iz,Memory,r,128.0,1024.0,35912.8514916,Intel(R) Xeon(R) Gold 6455B,Intel(R) Xeon(R) Platinum 8488C,Intel
r7iz.32xlarge,us-west-2,usw2-az3,1,0.0,0.0,2.0,11.904,6.4932,45,r7iz,Memory,r,128.0,1024.0,35912.8514916,Intel(R) Xeon(R) Gold 6455B,Intel(R) Xeon(R) Platinum 8488C,Intel
r7iz.32xlarge,us-west-2,usw2-az4,2,0.0,1.0,2.0,11.904,6.2239,47,r7iz,Memory,r,128.0,1024.0,35912.8514916,Intel(R) Xeon(R) Gold 6455B,Intel(R) Xeon(R) Platinum 8488C,Intel
r7iz.4xlarge,us-west-2,usw2-az1,3,20.0,30.0,2.0,1.488,0.7856,47,r7iz,Memory,r,16.0,128.0,35862.87535839999,Intel(R) Xeon(R) Gold 6455B,Intel(R) Xeon(R) Platinum 8488C,Intel
r7iz.4xlarge,us-west-2,usw2-az2,3,5.0,5.0,2.0,1.488,0.6464,56,r7iz,Memory,r,16.0,128.0,35862.87535839999,Intel(R) Xeon(R) Gold 6455B,Intel(R) Xeon(R) Platinum 8488C,Intel
r7iz.4xlarge,us-west-2,usw2-az3,3,1.0,5.0,2.0,1.488,0.646,56,r7iz,Memory,r,16.0,128.0,35862.87535839999,Intel(R) Xeon(R) Gold 6455B,Intel(R) Xeon(R) Platinum 8488C,Intel
r7iz.4xlarge,us-west-2,usw2-az4,3,1.0,1.0,2.0,1.488,0.6619,55,r7iz,Memory,r,16.0,128.0,35862.87535839999,Intel(R) Xeon(R) Gold 6455B,Intel(R) Xeon(R) Platinum 8488C,Intel
r7iz.8xlarge,us-west-2,usw2-az1,3,10.0,20.0,1.5,2.976,1.3209,55,r7iz,Memory,r,32.0,256.0,35866.3119806,Intel(R) Xeon(R) Gold 6455B,Intel(R) Xeon(R) Platinum 8488C,Intel
r7iz.8xlarge,us-west-2,usw2-az2,3,1.0,5.0,1.5,2.976,1.1464,61,r7iz,Memory,r,32.0,256.0,35866.3119806,Intel(R) Xeon(R) Gold 6455B,Intel(R) Xeon(R) Platinum 8488C,Intel
r7iz.8xlarge,us-west-2,usw2-az3,3,5.0,10.0,1.5,2.976,1.328,55,r7iz,Memory,r,32.0,256.0,35866.3119806,Intel(R) Xeon(R) Gold 6455B,Intel(R) Xeon(R) Platinum 8488C,Intel
r7iz.8xlarge,us-west-2,usw2-az4,3,1.0,1.0,1.5,2.976,1.5977,46,r7iz,Memory,r,32.0,256.0,35866.3119806,Intel(R) Xeon(R) Gold 6455B,Intel(R) Xeon(R) Platinum 8488C,Intel
r7iz.large,us-west-2,usw2-az1,3,50.0,50.0,2.5,0.186,0.0576,69,r7iz,Memory,r,2.0,16.0,35805.645069000006,Intel(R) Xeon(R) Gold 6455B,Intel(R) Xeon(R) Platinum 8488C,Intel
r7iz.large,us-west-2,usw2-az2,3,50.0,50.0,2.5,0.186,0.0554,70,r7iz,Memory,r,2.0,16.0,35805.645069000006,Intel(R) Xeon(R) Gold 6455B,Intel(R) Xeon(R) Platinum 8488C,Intel
r7iz.large,us-west-2,usw2-az3,3,50.0,50.0,2.5,0.186,0.0579,68,r7iz,Memory,r,2.0,16.0,35805.645069000006,Intel(R) Xeon(R) Gold 6455B,Intel(R) Xeon(R) Platinum 8488C,Intel
r7iz.large,us-west-2,usw2-az4,3,15.0,25.0,2.5,0.186,0.0572,69,r7iz,Memory,r,2.0,16.0,35805.645069000006,Intel(R) Xeon(R) Gold 6455B,Intel(R) Xeon(R) Platinum 8488C,Intel
r7iz.xlarge,us-west-2,usw2-az1,3,15.0,20.0,2.5,0.372,0.1394,62,r7iz,Memory,r,4.0,32.0,35764.321865599995,Intel(R) Xeon(R) Gold 6455B,Intel(R) Xeon(R) Platinum 8488C,Intel
r7iz.xlarge,us-west-2,usw2-az2,3,1.0,5.0,2.5,0.372,0.1461,60,r7iz,Memory,r,4.0,32.0,35764.321865599995,Intel(R) Xeon(R) Gold 6455B,Intel(R) Xeon(R) Platinum 8488C,Intel
r7iz.xlarge,us-west-2,usw2-az3,3,5.0,10.0,2.5,0.372,0.1548,58,r7iz,Memory,r,4.0,32.0,35764.321865599995,Intel(R) Xeon(R) Gold 6455B,Intel(R) Xeon(R) Platinum 8488C,Intel
r7iz.xlarge,us-west-2,usw2-az4,3,5.0,10.0,2.5,0.372,0.1489,59,r7iz,Memory,r,4.0,32.0,35764.321865599995,Intel(R) Xeon(R) Gold 6455B,Intel(R) Xeon(R) Platinum 8488C,Intel
r8g.12xlarge,us-west-2,usw2-az1,3,1.0,1.0,1.0,2.82768,1.2359,56,r8g,Memory,r,48.0,384.0,28983.8286316,AWS Graviton4 Processor,AWS Graviton4 Processor,AWS
r8g.12xlarge,us-west-2,usw2-az2,3,1.0,1.0,1.0,2.82768,1.1289,60,r8g,Memory,r,48.0,384.0,28983.8286316,AWS Graviton4 Processor,AWS Graviton4 Processor,AWS
r8g.12xlarge,us-west-2,usw2-az3,1,0.0,0.0,1.0,2.82768,0.9994,64,r8g,Memory,r,48.0,384.0,28983.8286316,AWS Graviton4 Processor,AWS Graviton4 Processor,AWS
r8g.12xlarge,us-west-2,usw2-az4,2,0.0,1.0,1.0,2.82768,0.8777,68,r8g,Memory,r,48.0,384.0,28983.8286316,AWS Graviton4 Processor,AWS Graviton4 Processor,AWS
r8g.16xlarge,us-west-2,usw2-az1,3,1.0,1.0,3.0,3.77024,1.3034,65,r8g,Memory,r,64.0,512.0,28983.8286316,AWS Graviton4 Processor,AWS Graviton4 Processor,AWS
r8g.16xlarge,us-west-2,usw2-az2,3,50.0,50.0,3.0,3.77024,1.2987,65,r8g,Memory,r,64.0,512.0,28983.8286316,AWS Graviton4 Processor,AWS Graviton4 Processor,AWS
r8g.16xlarge,us-west-2,usw2-az3,3,50.0,50.0,3.0,3.77024,1.4006,62,r8g,Memory,r,64.0,512.0,28983.8286316,AWS Graviton4 Processor,AWS Graviton4 Processor,AWS
r8g.16xlarge,us-west-2,usw2-az4,3,1.0,5.0,3.0,3.77024,1.3189,65,r8g,Memory,r,64.0,512.0,28983.8286316,AWS Graviton4 Processor,AWS Graviton4 Processor,AWS
r8g.24xlarge,us-west-2,usw2-az1,3,1.0,1.0,1.5,5.65536,1.916,66,r8g,Memory,r,96.0,768.0,28987.1890368,AWS Graviton4 Processor,AWS Graviton4 Processor,AWS
r8g.24xlarge,us-west-2,usw2-az2,2,0.0,1.0,1.5,5.65536,2.0725,63,r8g,Memory,r,96.0,768.0,28987.1890368,AWS Graviton4 Processor,AWS Graviton4 Processor,AWS
r8g.24xlarge,us-west-2,usw2-az3,1,0.0,0.0,1.5,5.65536,1.8713,66,r8g,Memory,r,96.0,768.0,28987.1890368,AWS Graviton4 Processor,AWS Graviton4 Processor,AWS
r8g.24xlarge,us-west-2,usw2-az4,3,5.0,5.0,1.5,5.65536,1.9022,66,r8g,Memory,r,96.0,768.0,28987.1890368,AWS Graviton4 Processor,AWS Graviton4 Processor,AWS
r8g.2xlarge,us-west-2,usw2-az1,3,45.0,50.0,1.0,0.47128,0.1718,63,r8g,Memory,r,8.0,64.0,28989.37286,AWS Graviton4 Processor,AWS Graviton4 Processor,AWS
r8g.2xlarge,us-west-2,usw2-az2,3,15.0,20.0,1.0,0.47128,0.1749,62,r8g,Memory,r,8.0,64.0,28989.37286,AWS Graviton4 Processor,AWS Graviton4 Processor,AWS
r8g.2xlarge,us-west-2,usw2-az3,3,5.0,5.0,1.0,0.47128,0.1731,63,r8g,Memory,r,8.0,64.0,28989.37286,AWS Graviton4 Processor,AWS Graviton4 Processor,AWS
r8g.2xlarge,us-west-2,usw2-az4,3,5.0,5.0,1.0,0.47128,0.1653,64,r8g,Memory,r,8.0,64.0,28989.37286,AWS Graviton4 Processor,AWS Graviton4 Processor,AWS
r8g.48xlarge,us-west-2,usw2-az1,3,5.0,5.0,1.0,11.31072,3.791,66,r8g,Memory,r,192.0,1536.0,28983.8286316,AWS Graviton4 Processor,AWS Graviton4 Processor,AWS
r8g.48xlarge,us-west-2,usw2-az2,3,1.0,5.0,1.0,11.31072,4.1169,63,r8g,Memory,r,192.0,1536.0,28983.8286316,AWS Graviton4 Processor,AWS Graviton4 Processor,AWS
r8g.48xlarge,us-west-2,usw2-az3,1,0.0,0.0,1.0,11.31072,4.0122,64,r8g,Memory,r,192.0,1536.0,28983.8286316,AWS Graviton4 Processor,AWS Graviton4 Processor,AWS
r8g.48xlarge,us-west-2,usw2-az4,3,5.0,10.0,1.0,11.31072,3.7475,66,r8g,Memory,r,192.0,1536.0,28983.8286316,AWS Graviton4 Processor,AWS Graviton4 Processor,AWS
r8g.4xlarge,us-west-2,usw2-az1,3,50.0,50.0,1.5,0.94256,0.3523,62,r8g,Memory,r,16.0,128.0,28981.14998,AWS Graviton4 Processor,AWS Graviton4 Processor,AWS
r8g.4xlarge,us-west-2,usw2-az2,3,15.0,20.0,1.5,0.94256,0.3564,62,r8g,Memory,r,16.0,128.0,28981.14998,AWS Graviton4 Processor,AWS Graviton4 Processor,AWS
r8g.4xlarge,us-west-2,usw2-az3,3,1.0,5.0,1.5,0.94256,0.3189,66,r8g,Memory,r,16.0,128.0,28981.14998,AWS Graviton4 Processor,AWS Graviton4 Processor,AWS
r8g.4xlarge,us-west-2,usw2-az4,3,1.0,5.0,1.5,0.94256,0.3388,64,r8g,Memory,r,16.0,128.0,28981.14998,AWS Graviton4 Processor,AWS Graviton4 Processor,AWS
r8g.8xlarge,us-west-2,usw2-az1,3,45.0,50.0,1.0,1.88512,0.8348,55,r8g,Memory,r,32.0,256.0,28952.40156,AWS Graviton4 Processor,AWS Graviton4 Processor,AWS
r8g.8xlarge,us-west-2,usw2-az2,3,1.0,1.0,1.0,1.88512,0.7652,59,r8g,Memory,r,32.0,256.0,28952.40156,AWS Graviton4 Processor,AWS Graviton4 Processor,AWS
r8g.8xlarge,us-west-2,usw2-az3,3,1.0,5.0,1.0,1.88512,0.6339,66,r8g,Memory,r,32.0,256.0,28952.40156,AWS Graviton4 Processor,AWS Graviton4 Processor,AWS
r8g.8xlarge,us-west-2,usw2-az4,3,1.0,1.0,1.0,1.88512,0.6853,63,r8g,Memory,r,32.0,256.0,28952.40156,AWS Graviton4 Processor,AWS Graviton4 Processor,AWS
r8g.large,us-west-2,usw2-az1,3,50.0,50.0,2.0,0.11782,0.0411,65,r8g,Memory,r,2.0,16.0,28983.32312,AWS Graviton4 Processor,AWS Graviton4 Processor,AWS
r8g.large,us-west-2,usw2-az2,3,40.0,50.0,2.0,0.11782,0.0508,56,r8g,Memory,r,2.0,16.0,28983.32312,AWS Graviton4 Processor,AWS Graviton4 Processor,AWS
r8g.large,us-west-2,usw2-az3,3,10.0,20.0,2.0,0.11782,0.0454,61,r8g,Memory,r,2.0,16.0,28983.32312,AWS Graviton4 Processor,AWS Graviton4 Processor,AWS
r8g.large,us-west-2,usw2-az4,3,15.0,20.0,2.0,0.11782,0.0426,63,r8g,Memory,r,2.0,16.0,28983.32312,AWS Graviton4 Processor,AWS Graviton4 Processor,AWS
r8g.medium,us-west-2,usw2-az1,3,45.0,50.0,2.5,0.05891,0.0194,67,r8g,Memory,r,1.0,8.0,28979.47845,AWS Graviton4 Processor,AWS Graviton4 Processor,AWS
r8g.medium,us-west-2,usw2-az2,3,50.0,50.0,2.5,0.05891,0.0197,66,r8g,Memory,r,1.0,8.0,28979.47845,AWS Graviton4 Processor,AWS Graviton4 Processor,AWS
r8g.medium,us-west-2,usw2-az3,3,10.0,15.0,2.5,0.05891,0.0195,66,r8g,Memory,r,1.0,8.0,28979.47845,AWS Graviton4 Processor,AWS Graviton4 Processor,AWS
r8g.medium,us-west-2,usw2-az4,3,35.0,50.0,2.5,0.05891,0.0171,70,r8g,Memory,r,1.0,8.0,28979.47845,AWS Graviton4 Processor,AWS Graviton4 Processor,AWS
r8g.metal-24xl,us-west-2,usw2-az1,2,0.0,1.0,1.5,5.65536,1.5805,72,r8g,Memory,r,96.0,768.0,29003.97921,,,AWS
r8g.metal-24xl,us-west-2,usw2-az2,1,0.0,0.0,1.5,5.65536,1.8811,66,r8g,Memory,r,96.0,768.0,29003.97921,,,AWS
r8g.metal-24xl,us-west-2,usw2-az3,1,0.0,0.0,1.5,5.65536,2.0615,63,r8g,Memory,r,96.0,768.0,29003.97921,,,AWS
r8g.metal-24xl,us-west-2,usw2-az4,3,1.0,1.0,1.5,5.65536,1.4462,74,r8g,Memory,r,96.0,768.0,29003.97921,,,AWS
r8g.metal-48xl,us-west-2,usw2-az1,1,0.0,0.0,1.0,11.31072,2.9277,74,r8g,Memory,r,192.0,1536.0,27998.65795,,,AWS
r8g.metal-48xl,us-west-2,usw2-az2,1,0.0,0.0,1.0,11.31072,3.7961,66,r8g,Memory,r,192.0,1536.0,27998.65795,,,AWS
r8g.metal-48xl,us-west-2,usw2-az3,1,0.0,0.0,1.0,11.31072,3.1449,72,r8g,Memory,r,192.0,1536.0,27998.65795,,,AWS
r8g.metal-48xl,us-west-2,usw2-az4,1,0.0,0.0,1.0,11.31072,4.4349,60,r8g,Memory,r,192.0,1536.0,27998.65795,,,AWS
r8g.xlarge,us-west-2,usw2-az1,3,35.0,50.0,2.0,0.23564,0.0805,65,r8g,Memory,r,4.0,32.0,28989.036983799997,AWS Graviton4 Processor,AWS Graviton4 Processor,AWS
r8g.xlarge,us-west-2,usw2-az2,3,20.0,30.0,2.0,0.23564,0.0804,65,r8g,Memory,r,4.0,32.0,28989.036983799997,AWS Graviton4 Processor,AWS Graviton4 Processor,AWS
r8g.xlarge,us-west-2,usw2-az3,3,5.0,10.0,2.0,0.23564,0.0812,65,r8g,Memory,r,4.0,32.0,28989.036983799997,AWS Graviton4 Processor,AWS Graviton4 Processor,AWS
r8g.xlarge,us-west-2,usw2-az4,3,5.0,10.0,2.0,0.23564,0.0748,68,r8g,Memory,r,4.0,32.0,28989.036983799997,AWS Graviton4 Processor,AWS Graviton4 Processor,AWS
t2.2xlarge,us-west-2,usw2-az1,3,45.0,50.0,3.0,0.3712,0.1565,57,t2,General,t,8.0,32.0,18582.09222,Intel(R) Xeon(R) CPU E5-2686 v4 @ 2.30GHz,Intel(R) Xeon(R) CPU E5-2686 v4 @ 2.30GHz,Intel
t2.2xlarge,us-west-2,usw2-az2,3,50.0,50.0,3.0,0.3712,0.1363,63,t2,General,t,8.0,32.0,18582.09222,Intel(R) Xeon(R) CPU E5-2686 v4 @ 2.30GHz,Intel(R) Xeon(R) CPU E5-2686 v4 @ 2.30GHz,Intel
t2.2xlarge,us-west-2,usw2-az3,3,50.0,50.0,3.0,0.3712,0.1499,59,t2,General,t,8.0,32.0,18582.09222,Intel(R) Xeon(R) CPU E5-2686 v4 @ 2.30GHz,Intel(R) Xeon(R) CPU E5-2686 v4 @ 2.30GHz,Intel
t2.large,us-west-2,usw2-az1,3,50.0,50.0,3.0,0.0928,0.0389,58,t2,General,t,2.0,8.0,18595.94317,Intel(R) Xeon(R) CPU E5-2686 v4 @ 2.30GHz,Intel(R) Xeon(R) CPU E5-2686 v4 @ 2.30GHz,Intel
t2.large,us-west-2,usw2-az2,3,50.0,50.0,3.0,0.0928,0.0351,62,t2,General,t,2.0,8.0,18595.94317,Intel(R) Xeon(R) CPU E5-2686 v4 @ 2.30GHz,Intel(R) Xeon(R) CPU E5-2686 v4 @ 2.30GHz,Intel
t2.large,us-west-2,usw2-az3,3,50.0,50.0,3.0,0.0928,0.0394,57,t2,General,t,2.0,8.0,18595.94317,Intel(R) Xeon(R) CPU E5-2686 v4 @ 2.30GHz,Intel(R) Xeon(R) CPU E5-2686 v4 @ 2.30GHz,Intel
t2.medium,us-west-2,usw2-az1,3,50.0,50.0,3.0,0.0464,0.0157,66,t2,General,t,1.0,4.0,18677.2431552,Intel(R) Xeon(R) CPU E5-2676 v3 @ 2.40GHz,Intel(R) Xeon(R) CPU E5-2676 v3 @ 2.40GHz,Intel
t2.medium,us-west-2,usw2-az2,3,50.0,50.0,3.0,0.0464,0.0156,66,t2,General,t,1.0,4.0,18677.2431552,Intel(R) Xeon(R) CPU E5-2676 v3 @ 2.40GHz,Intel(R) Xeon(R) CPU E5-2676 v3 @ 2.40GHz,Intel
t2.medium,us-west-2,usw2-az3,3,50.0,50.0,3.0,0.0464,0.0159,65,t2,General,t,1.0,4.0,18677.2431552,Intel(R) Xeon(R) CPU E5-2676 v3 @ 2.40GHz,Intel(R) Xeon(R) CPU E5-2676 v3 @ 2.40GHz,Intel
t2.micro,us-west-2,usw2-az1,3,50.0,50.0,3.0,0.0116,0.0035,69,t2,General,t,1.0,1.0,18680.147313200003,Intel(R) Xeon(R) CPU E5-2676 v3 @ 2.40GHz,Intel(R) Xeon(R) CPU E5-2676 v3 @ 2.40GHz,Intel
t2.micro,us-west-2,usw2-az2,3,50.0,50.0,3.0,0.0116,0.0033,71,t2,General,t,1.0,1.0,18680.147313200003,Intel(R) Xeon(R) CPU E5-2676 v3 @ 2.40GHz,Intel(R) Xeon(R) CPU E5-2676 v3 @ 2.40GHz,Intel
t2.micro,us-west-2,usw2-az3,3,50.0,50.0,3.0,0.0116,0.0036,68,t2,General,t,1.0,1.0,18680.147313200003,Intel(R) Xeon(R) CPU E5-2676 v3 @ 2.40GHz,Intel(R) Xeon(R) CPU E5-2676 v3 @ 2.40GHz,Intel
t2.small,us-west-2,usw2-az1,3,50.0,50.0,3.0,0.023,0.007,69,t2,General,t,1.0,2.0,18456.5978276,Intel(R) Xeon(R) CPU E5-2676 v3 @ 2.40GHz,Intel(R) Xeon(R) CPU E5-2676 v3 @ 2.40GHz,Intel
t2.small,us-west-2,usw2-az2,3,50.0,50.0,3.0,0.023,0.0069,70,t2,General,t,1.0,2.0,18456.5978276,Intel(R) Xeon(R) CPU E5-2676 v3 @ 2.40GHz,Intel(R) Xeon(R) CPU E5-2676 v3 @ 2.40GHz,Intel
t2.small,us-west-2,usw2-az3,3,50.0,50.0,3.0,0.023,0.0073,68,t2,General,t,1.0,2.0,18456.5978276,Intel(R) Xeon(R) CPU E5-2676 v3 @ 2.40GHz,Intel(R) Xeon(R) CPU E5-2676 v3 @ 2.40GHz,Intel
t2.xlarge,us-west-2,usw2-az1,3,50.0,50.0,3.0,0.1856,0.0866,53,t2,General,t,4.0,16.0,18656.67052,Intel(R) Xeon(R) CPU E5-2686 v4 @ 2.30GHz,Intel(R) Xeon(R) CPU E5-2686 v4 @ 2.30GHz,Intel
t2.xlarge,us-west-2,usw2-az2,3,50.0,50.0,3.0,0.1856,0.0771,58,t2,General,t,4.0,16.0,18656.67052,Intel(R) Xeon(R) CPU E5-2686 v4 @ 2.30GHz,Intel(R) Xeon(R) CPU E5-2686 v4 @ 2.30GHz,Intel
t2.xlarge,us-west-2,usw2-az3,3,50.0,50.0,3.0,0.1856,0.0948,48,t2,General,t,4.0,16.0,18656.67052,Intel(R) Xeon(R) CPU E5-2686 v4 @ 2.30GHz,Intel(R) Xeon(R) CPU E5-2686 v4 @ 2.30GHz,Intel
t3.2xlarge,us-west-2,usw2-az1,3,50.0,50.0,2.5,0.3328,0.1252,62,t3,General,t,8.0,32.0,19030.82085,Intel(R) Xeon(R) Platinum 8259CL CPU @ 2.50GHz,Intel(R) Xeon(R) Platinum 8259CL CPU @ 2.50GHz,Intel
t3.2xlarge,us-west-2,usw2-az2,3,50.0,50.0,2.5,0.3328,0.1316,60,t3,General,t,8.0,32.0,19030.82085,Intel(R) Xeon(R) Platinum 8259CL CPU @ 2.50GHz,Intel(R) Xeon(R) Platinum 8259CL CPU @ 2.50GHz,Intel
t3.2xlarge,us-west-2,usw2-az3,3,50.0,50.0,2.5,0.3328,0.1164,65,t3,General,t,8.0,32.0,19030.82085,Intel(R) Xeon(R) Platinum 8259CL CPU @ 2.50GHz,Intel(R) Xeon(R) Platinum 8259CL CPU @ 2.50GHz,Intel
t3.2xlarge,us-west-2,usw2-az4,3,50.0,50.0,2.5,0.3328,0.1072,67,t3,General,t,8.0,32.0,19030.82085,Intel(R) Xeon(R) Platinum 8259CL CPU @ 2.50GHz,Intel(R) Xeon(R) Platinum 8259CL CPU @ 2.50GHz,Intel
t3.large,us-west-2,usw2-az1,3,50.0,50.0,3.0,0.0832,0.032,61,t3,General,t,2.0,8.0,18001.996257799998,Intel(R) Xeon(R) Platinum 8175M CPU @ 2.50GHz,Intel(R) Xeon(R) Platinum 8175M CPU @ 2.50GHz,Intel
t3.large,us-west-2,usw2-az2,3,50.0,50.0,3.0,0.0832,0.0337,59,t3,General,t,2.0,8.0,18001.996257799998,Intel(R) Xeon(R) Platinum 8175M CPU @ 2.50GHz,Intel(R) Xeon(R) Platinum 8175M CPU @ 2.50GHz,Intel
t3.large,us-west-2,usw2-az3,3,50.0,50.0,3.0,0.0832,0.0314,62,t3,General,t,2.0,8.0,18001.996257799998,Intel(R) Xeon(R) Platinum 8175M CPU @ 2.50GHz,Intel(R) Xeon(R) Platinum 8175M CPU @ 2.50GHz,Intel
t3.large,us-west-2,usw2-az4,3,50.0,50.0,3.0,0.0832,0.0301,63,t3,General,t,2.0,8.0,18001.996257799998,Intel(R) Xeon(R) Platinum 8175M CPU @ 2.50GHz,Intel(R) Xeon(R) Platinum 8175M CPU @ 2.50GHz,Intel
t3.medium,us-west-2,usw2-az1,3,50.0,50.0,3.0,0.0416,0.0167,59,t3,General,t,1.0,4.0,16266.43901,Intel(R) Xeon(R) Platinum 8259CL CPU @ 2.50GHz,Intel(R) Xeon(R) Platinum 8259CL CPU @ 2.50GHz,Intel
t3.medium,us-west-2,usw2-az2,3,50.0,50.0,3.0,0.0416,0.0174,58,t3,General,t,1.0,4.0,16266.43901,Intel(R) Xeon(R) Platinum 8259CL CPU @ 2.50GHz,Intel(R) Xeon(R) Platinum 8259CL CPU @ 2.50GHz,Intel
t3.medium,us-west-2,usw2-az3,3,50.0,50.0,3.0,0.0416,0.016,61,t3,General,t,1.0,4.0,16266.43901,Intel(R) Xeon(R) Platinum 8259CL CPU @ 2.50GHz,Intel(R) Xeon(R) Platinum 8259CL CPU @ 2.50GHz,Intel
t3.medium,us-west-2,usw2-az4,3,50.0,50.0,3.0,0.0416,0.015,63,t3,General,t,1.0,4.0,16266.43901,Intel(R) Xeon(R) Platinum 8259CL CPU @ 2.50GHz,Intel(R) Xeon(R) Platinum 8259CL CPU @ 2.50GHz,Intel
t3.micro,us-west-2,usw2-az1,3,50.0,50.0,2.5,0.0104,0.0034,67,t3,General,t,1.0,1.0,18372.679650600003,Intel(R) Xeon(R) Platinum 8259CL CPU @ 2.50GHz,Intel(R) Xeon(R) Platinum 8259CL CPU @ 2.50GHz,Intel
t3.micro,us-west-2,usw2-az2,3,50.0,50.0,2.5,0.0104,0.0035,66,t3,General,t,1.0,1.0,18372.679650600003,Intel(R) Xeon(R) Platinum 8259CL CPU @ 2.50GHz,Intel(R) Xeon(R) Platinum 8259CL CPU @ 2.50GHz,Intel
t3.micro,us-west-2,usw2-az3,3,50.0,50.0,2.5,0.0104,0.0034,67,t3,General,t,1.0,1.0,18372.679650600003,Intel(R) Xeon(R) Platinum 8259CL CPU @ 2.50GHz,Intel(R) Xeon(R) Platinum 8259CL CPU @ 2.50GHz,Intel
t3.micro,us-west-2,usw2-az4,3,50.0,50.0,2.5,0.0104,0.0036,65,t3,General,t,1.0,1.0,18372.679650600003,Intel(R) Xeon(R) Platinum 8259CL CPU @ 2.50GHz,Intel(R) Xeon(R) Platinum 8259CL CPU @ 2.50GHz,Intel
t3.nano,us-west-2,usw2-az1,3,50.0,50.0,3.0,0.0052,0.0014,73,t3,General,t,1.0,0.5,19838.44868,Intel(R) Xeon(R) Platinum 8259CL CPU @ 2.50GHz,Intel(R) Xeon(R) Platinum 8259CL CPU @ 2.50GHz,Intel
t3.nano,us-west-2,usw2-az2,3,50.0,50.0,3.0,0.0052,0.0015,71,t3,General,t,1.0,0.5,19838.44868,Intel(R) Xeon(R) Platinum 8259CL CPU @ 2.50GHz,Intel(R) Xeon(R) Platinum 8259CL CPU @ 2.50GHz,Intel
t3.nano,us-west-2,usw2-az3,3,50.0,50.0,3.0,0.0052,0.0016,69,t3,General,t,1.0,0.5,19838.44868,Intel(R) Xeon(R) Platinum 8259CL CPU @ 2.50GHz,Intel(R) Xeon(R) Platinum 8259CL CPU @ 2.50GHz,Intel
t3.nano,us-west-2,usw2-az4,3,50.0,50.0,3.0,0.0052,0.0015,71,t3,General,t,1.0,0.5,19838.44868,Intel(R) Xeon(R) Platinum 8259CL CPU @ 2.50GHz,Intel(R) Xeon(R) Platinum 8259CL CPU @ 2.50GHz,Intel
t3.small,us-west-2,usw2-az1,3,50.0,50.0,3.0,0.0208,0.0074,64,t3,General,t,1.0,2.0,17236.04337,Intel(R) Xeon(R) Platinum 8259CL CPU @ 2.50GHz,Intel(R) Xeon(R) Platinum 8259CL CPU @ 2.50GHz,Intel
t3.small,us-west-2,usw2-az2,3,50.0,50.0,3.0,0.0208,0.0073,64,t3,General,t,1.0,2.0,17236.04337,Intel(R) Xeon(R) Platinum 8259CL CPU @ 2.50GHz,Intel(R) Xeon(R) Platinum 8259CL CPU @ 2.50GHz,Intel
t3.small,us-west-2,usw2-az3,3,50.0,50.0,3.0,0.0208,0.0077,62,t3,General,t,1.0,2.0,17236.04337,Intel(R) Xeon(R) Platinum 8259CL CPU @ 2.50GHz,Intel(R) Xeon(R) Platinum 8259CL CPU @ 2.50GHz,Intel
t3.small,us-west-2,usw2-az4,3,50.0,50.0,3.0,0.0208,0.0067,67,t3,General,t,1.0,2.0,17236.04337,Intel(R) Xeon(R) Platinum 8259CL CPU @ 2.50GHz,Intel(R) Xeon(R) Platinum 8259CL CPU @ 2.50GHz,Intel
t3.xlarge,us-west-2,usw2-az1,3,50.0,50.0,2.0,0.1664,0.0611,63,t3,General,t,4.0,16.0,17927.58616,Intel(R) Xeon(R) Platinum 8175M CPU @ 2.50GHz,Intel(R) Xeon(R) Platinum 8175M CPU @ 2.50GHz,Intel
t3.xlarge,us-west-2,usw2-az2,3,50.0,50.0,2.0,0.1664,0.0726,56,t3,General,t,4.0,16.0,17927.58616,Intel(R) Xeon(R) Platinum 8175M CPU @ 2.50GHz,Intel(R) Xeon(R) Platinum 8175M CPU @ 2.50GHz,Intel
t3.xlarge,us-west-2,usw2-az3,3,50.0,50.0,2.0,0.1664,0.0565,66,t3,General,t,4.0,16.0,17927.58616,Intel(R) Xeon(R) Platinum 8175M CPU @ 2.50GHz,Intel(R) Xeon(R) Platinum 8175M CPU @ 2.50GHz,Intel
t3.xlarge,us-west-2,usw2-az4,3,50.0,50.0,2.0,0.1664,0.0668,59,t3,General,t,4.0,16.0,17927.58616,Intel(R) Xeon(R) Platinum 8175M CPU @ 2.50GHz,Intel(R) Xeon(R) Platinum 8175M CPU @ 2.50GHz,Intel
t3a.2xlarge,us-west-2,usw2-az1,3,50.0,50.0,1.5,0.3008,0.0986,67,t3a,General,t,8.0,32.0,16978.0766,AMD EPYC 7571,AMD EPYC 7571,AuthenticAMD
t3a.2xlarge,us-west-2,usw2-az2,3,50.0,50.0,1.5,0.3008,0.1085,63,t3a,General,t,8.0,32.0,16978.0766,AMD EPYC 7571,AMD EPYC 7571,AuthenticAMD
t3a.2xlarge,us-west-2,usw2-az3,3,50.0,50.0,1.5,0.3008,0.1165,61,t3a,General,t,8.0,32.0,16978.0766,AMD EPYC 7571,AMD EPYC 7571,AuthenticAMD
t3a.2xlarge,us-west-2,usw2-az4,3,50.0,50.0,1.5,0.3008,0.1198,60,t3a,General,t,8.0,32.0,16978.0766,AMD EPYC 7571,AMD EPYC 7571,AuthenticAMD
t3a.large,us-west-2,usw2-az1,3,50.0,50.0,1.0,0.0752,0.0262,65,t3a,General,t,2.0,8.0,16978.0766,AMD EPYC 7571,AMD EPYC 7571,AuthenticAMD
t3a.large,us-west-2,usw2-az2,3,50.0,50.0,1.0,0.0752,0.0259,65,t3a,General,t,2.0,8.0,16978.0766,AMD EPYC 7571,AMD EPYC 7571,AuthenticAMD
t3a.large,us-west-2,usw2-az3,3,50.0,50.0,1.0,0.0752,0.025,66,t3a,General,t,2.0,8.0,16978.0766,AMD EPYC 7571,AMD EPYC 7571,AuthenticAMD
t3a.large,us-west-2,usw2-az4,3,50.0,50.0,1.0,0.0752,0.0289,61,t3a,General,t,2.0,8.0,16978.0766,AMD EPYC 7571,AMD EPYC 7571,AuthenticAMD
t3a.medium,us-west-2,usw2-az1,3,50.0,50.0,2.0,0.0376,0.0152,59,t3a,General,t,1.0,4.0,16978.0766,AMD EPYC 7571,AMD EPYC 7571,AuthenticAMD
t3a.medium,us-west-2,usw2-az2,3,50.0,50.0,2.0,0.0376,0.0144,61,t3a,General,t,1.0,4.0,16978.0766,AMD EPYC 7571,AMD EPYC 7571,AuthenticAMD
t3a.medium,us-west-2,usw2-az3,3,50.0,50.0,2.0,0.0376,0.0145,61,t3a,General,t,1.0,4.0,16978.0766,AMD EPYC 7571,AMD EPYC 7571,AuthenticAMD
t3a.medium,us-west-2,usw2-az4,3,50.0,50.0,2.0,0.0376,0.0159,57,t3a,General,t,1.0,4.0,16978.0766,AMD EPYC 7571,AMD EPYC 7571,AuthenticAMD
t3a.micro,us-west-2,usw2-az1,3,50.0,50.0,2.5,0.0094,0.0039,58,t3a,General,t,1.0,1.0,16978.0766,AMD EPYC 7571,AMD EPYC 7571,AuthenticAMD
t3a.micro,us-west-2,usw2-az2,3,5.0,5.0,2.5,0.0094,0.0033,64,t3a,General,t,1.0,1.0,16978.0766,AMD EPYC 7571,AMD EPYC 7571,AuthenticAMD
t3a.micro,us-west-2,usw2-az3,3,35.0,50.0,2.5,0.0094,0.0037,60,t3a,General,t,1.0,1.0,16978.0766,AMD EPYC 7571,AMD EPYC 7571,AuthenticAMD
t3a.micro,us-west-2,usw2-az4,3,50.0,50.0,2.5,0.0094,0.0037,60,t3a,General,t,1.0,1.0,16978.0766,AMD EPYC 7571,AMD EPYC 7571,AuthenticAMD
t3a.nano,us-west-2,usw2-az1,3,50.0,50.0,3.0,0.0047,0.0015,68,t3a,General,t,1.0,0.5,16978.0766,AMD EPYC 7571,AMD EPYC 7571,AuthenticAMD
t3a.nano,us-west-2,usw2-az2,3,1.0,1.0,3.0,0.0047,0.0036,23,t3a,General,t,1.0,0.5,16978.0766,AMD EPYC 7571,AMD EPYC 7571,AuthenticAMD
t3a.nano,us-west-2,usw2-az3,3,5.0,5.0,3.0,0.0047,0.0035,25,t3a,General,t,1.0,0.5,16978.0766,AMD EPYC 7571,AMD EPYC 7571,AuthenticAMD
t3a.nano,us-west-2,usw2-az4,3,50.0,50.0,3.0,0.0047,0.0013,72,t3a,General,t,1.0,0.5,16978.0766,AMD EPYC 7571,AMD EPYC 7571,AuthenticAMD
t3a.small,us-west-2,usw2-az1,3,50.0,50.0,2.0,0.0188,0.0079,57,t3a,General,t,1.0,2.0,16978.0766,AMD EPYC 7571,AMD EPYC 7571,AuthenticAMD
t3a.small,us-west-2,usw2-az2,3,50.0,50.0,2.0,0.0188,0.008,57,t3a,General,t,1.0,2.0,16978.0766,AMD EPYC 7571,AMD EPYC 7571,AuthenticAMD
t3a.small,us-west-2,usw2-az3,3,50.0,50.0,2.0,0.0188,0.0078,58,t3a,General,t,1.0,2.0,16978.0766,AMD EPYC 7571,AMD EPYC 7571,AuthenticAMD
t3a.small,us-west-2,usw2-az4,3,50.0,50.0,2.0,0.0188,0.0087,53,t3a,General,t,1.0,2.0,16978.0766,AMD EPYC 7571,AMD EPYC 7571,AuthenticAMD
t3a.xlarge,us-west-2,usw2-az1,3,50.0,50.0,1.0,0.1504,0.0561,62,t3a,General,t,4.0,16.0,16978.0766,AMD EPYC 7571,AMD EPYC 7571,AuthenticAMD
t3a.xlarge,us-west-2,usw2-az2,3,50.0,50.0,1.0,0.1504,0.0576,61,t3a,General,t,4.0,16.0,16978.0766,AMD EPYC 7571,AMD EPYC 7571,AuthenticAMD
t3a.xlarge,us-west-2,usw2-az3,3,50.0,50.0,1.0,0.1504,0.0604,59,t3a,General,t,4.0,16.0,16978.0766,AMD EPYC 7571,AMD EPYC 7571,AuthenticAMD
t3a.xlarge,us-west-2,usw2-az4,3,50.0,50.0,1.0,0.1504,0.0629,58,t3a,General,t,4.0,16.0,16978.0766,AMD EPYC 7571,AMD EPYC 7571,AuthenticAMD
t4g.2xlarge,us-west-2,usw2-az1,3,15.0,25.0,2.5,0.2688,0.1323,50,t4g,General,t,8.0,32.0,18300.06135,AWS Graviton2 Processor,Neoverse-N1,AWS
t4g.2xlarge,us-west-2,usw2-az2,3,5.0,10.0,2.5,0.2688,0.1413,47,t4g,General,t,8.0,32.0,18300.06135,AWS Graviton2 Processor,Neoverse-N1,AWS
t4g.2xlarge,us-west-2,usw2-az3,3,5.0,15.0,2.5,0.2688,0.119,55,t4g,General,t,8.0,32.0,18300.06135,AWS Graviton2 Processor,Neoverse-N1,AWS
t4g.2xlarge,us-west-2,usw2-az4,3,10.0,15.0,2.5,0.2688,0.1027,61,t4g,General,t,8.0,32.0,18300.06135,AWS Graviton2 Processor,Neoverse-N1,AWS
t4g.large,us-west-2,usw2-az1,3,50.0,50.0,1.0,0.0672,0.0259,61,t4g,General,t,2.0,8.0,18018.79079,AWS Graviton2 Processor,Neoverse-N1,AWS
t4g.large,us-west-2,usw2-az2,3,45.0,50.0,1.0,0.0672,0.0288,57,t4g,General,t,2.0,8.0,18018.79079,AWS Graviton2 Processor,Neoverse-N1,AWS
t4g.large,us-west-2,usw2-az3,3,15.0,20.0,1.0,0.0672,0.0356,47,t4g,General,t,2.0,8.0,18018.79079,AWS Graviton2 Processor,Neoverse-N1,AWS
t4g.large,us-west-2,usw2-az4,3,10.0,30.0,1.0,0.0672,0.0197,70,t4g,General,t,2.0,8.0,18018.79079,AWS Graviton2 Processor,Neoverse-N1,AWS
t4g.medium,us-west-2,usw2-az1,3,50.0,50.0,1.0,0.0336,0.0137,59,t4g,General,t,1.0,4.0,18380.1536048,AWS Graviton2 Processor,Neoverse-N1,AWS
t4g.medium,us-west-2,usw2-az2,3,50.0,50.0,1.0,0.0336,0.0145,56,t4g,General,t,1.0,4.0,18380.1536048,AWS Graviton2 Processor,Neoverse-N1,AWS
t4g.medium,us-west-2,usw2-az3,3,30.0,45.0,1.0,0.0336,0.0153,54,t4g,General,t,1.0,4.0,18380.1536048,AWS Graviton2 Processor,Neoverse-N1,AWS
t4g.medium,us-west-2,usw2-az4,3,1.0,1.0,1.0,0.0336,0.0163,51,t4g,General,t,1.0,4.0,18380.1536048,AWS Graviton2 Processor,Neoverse-N1,AWS
t4g.micro,us-west-2,usw2-az1,3,50.0,50.0,1.0,0.0084,0.0036,57,t4g,General,t,1.0,1.0,18357.89179,AWS Graviton2 Processor,Neoverse-N1,AWS
t4g.micro,us-west-2,usw2-az2,3,35.0,50.0,1.0,0.0084,0.0033,60,t4g,General,t,1.0,1.0,18357.89179,AWS Graviton2 Processor,Neoverse-N1,AWS
t4g.micro,us-west-2,usw2-az3,3,50.0,50.0,1.0,0.0084,0.003,64,t4g,General,t,1.0,1.0,18357.89179,AWS Graviton2 Processor,Neoverse-N1,AWS
t4g.micro,us-west-2,usw2-az4,3,10.0,25.0,1.0,0.0084,0.0027,67,t4g,General,t,1.0,1.0,18357.89179,AWS Graviton2 Processor,Neoverse-N1,AWS
t4g.nano,us-west-2,usw2-az1,3,50.0,50.0,3.0,0.0042,0.0019,54,t4g,General,t,1.0,0.5,18328.2761066,AWS Graviton2 Processor,Neoverse-N1,AWS
t4g.nano,us-west-2,usw2-az2,3,15.0,15.0,3.0,0.0042,0.003,28,t4g,General,t,1.0,0.5,18328.2761066,AWS Graviton2 Processor,Neoverse-N1,AWS
t4g.nano,us-west-2,usw2-az3,3,10.0,15.0,3.0,0.0042,0.003,28,t4g,General,t,1.0,0.5,18328.2761066,AWS Graviton2 Processor,Neoverse-N1,AWS
t4g.nano,us-west-2,usw2-az4,3,45.0,50.0,3.0,0.0042,0.0019,54,t4g,General,t,1.0,0.5,18328.2761066,AWS Graviton2 Processor,Neoverse-N1,AWS
t4g.small,us-west-2,usw2-az1,3,50.0,50.0,1.5,0.0168,0.0083,50,t4g,General,t,1.0,2.0,18403.36735,AWS Graviton2 Processor,Neoverse-N1,AWS
t4g.small,us-west-2,usw2-az2,3,50.0,50.0,1.5,0.0168,0.0087,48,t4g,General,t,1.0,2.0,18403.36735,AWS Graviton2 Processor,Neoverse-N1,AWS
t4g.small,us-west-2,usw2-az3,3,50.0,50.0,1.5,0.0168,0.0077,54,t4g,General,t,1.0,2.0,18403.36735,AWS Graviton2 Processor,Neoverse-N1,AWS
t4g.small,us-west-2,usw2-az4,3,50.0,50.0,1.5,0.0168,0.0056,66,t4g,General,t,1.0,2.0,18403.36735,AWS Graviton2 Processor,Neoverse-N1,AWS
t4g.xlarge,us-west-2,usw2-az1,3,45.0,50.0,1.0,0.1344,0.0633,52,t4g,General,t,4.0,16.0,17963.92442,AWS Graviton2 Processor,Neoverse-N1,AWS
t4g.xlarge,us-west-2,usw2-az2,3,25.0,45.0,1.0,0.1344,0.055,59,t4g,General,t,4.0,16.0,17963.92442,AWS Graviton2 Processor,Neoverse-N1,AWS
t4g.xlarge,us-west-2,usw2-az3,3,25.0,40.0,1.0,0.1344,0.0633,52,t4g,General,t,4.0,16.0,17963.92442,AWS Graviton2 Processor,Neoverse-N1,AWS
t4g.xlarge,us-west-2,usw2-az4,3,10.0,15.0,1.0,0.1344,0.0601,55,t4g,General,t,4.0,16.0,17963.92442,AWS Graviton2 Processor,Neoverse-N1,AWS
trn1.2xlarge,us-west-2,usw2-az1,3,20.0,25.0,3.0,1.34375,0.432,67,trn1,AC,trn,8.0,32.0,28985.5594,Intel(R) Xeon(R) Platinum 8375C CPU @ 2.90GHz,Intel(R) Xeon(R) Platinum 8375C CPU @ 2.90GHz,Intel
trn1.2xlarge,us-west-2,usw2-az4,3,50.0,50.0,3.0,1.34375,0.3755,72,trn1,AC,trn,8.0,32.0,28985.5594,Intel(R) Xeon(R) Platinum 8375C CPU @ 2.90GHz,Intel(R) Xeon(R) Platinum 8375C CPU @ 2.90GHz,Intel
trn1.32xlarge,us-west-2,usw2-az1,1,0.0,0.0,2.5,21.5,7.0483,67,trn1,AC,trn,128.0,512.0,28985.5594,Intel(R) Xeon(R) Platinum 8375C CPU @ 2.90GHz,Intel(R) Xeon(R) Platinum 8375C CPU @ 2.90GHz,Intel
trn1.32xlarge,us-west-2,usw2-az4,3,50.0,50.0,2.5,21.5,5.4473,74,trn1,AC,trn,128.0,512.0,28985.5594,Intel(R) Xeon(R) Platinum 8375C CPU @ 2.90GHz,Intel(R) Xeon(R) Platinum 8375C CPU @ 2.90GHz,Intel
trn1n.32xlarge,us-west-2,usw2-az4,3,50.0,50.0,2.5,24.78,6.5127,73,trn1n,AC,trn,128.0,512.0,28985.5594,Intel(R) Xeon(R) Platinum 8375C CPU @ 2.90GHz,Intel(R) Xeon(R) Platinum 8375C CPU @ 2.90GHz,Intel
vt1.24xlarge,us-west-2,usw2-az1,1,0.0,0.0,3.0,5.2,1.6921,67,vt1,AC,vt,96.0,192.0,23883.6025,Intel(R) Xeon(R) Platinum 8259CL CPU @ 2.50GHz,Intel(R) Xeon(R) Platinum 8259CL CPU @ 2.50GHz,Intel
vt1.3xlarge,us-west-2,usw2-az1,1,0.0,0.0,1.0,0.65,0.2318,64,vt1,AC,vt,12.0,24.0,23883.6025,Intel(R) Xeon(R) Platinum 8259CL CPU @ 2.50GHz,Intel(R) Xeon(R) Platinum 8259CL CPU @ 2.50GHz,Intel
vt1.6xlarge,us-west-2,usw2-az1,1,0.0,0.0,1.0,1.3,0.4689,63,vt1,AC,vt,24.0,48.0,23883.6025,Intel(R) Xeon(R) Platinum 8259CL CPU @ 2.50GHz,Intel(R) Xeon(R) Platinum 8259CL CPU @ 2.50GHz,Intel
x1.16xlarge,us-west-2,usw2-az1,3,5.0,5.0,1.0,6.669,2.1766,67,x1,Memory,x,64.0,976.0,19527.2736,Intel(R) Xeon(R) CPU E7-8880 v3 @ 2.30GHz,Intel(R) Xeon(R) CPU E7-8880 v3 @ 2.30GHz,Intel
x1.16xlarge,us-west-2,usw2-az2,3,1.0,5.0,1.0,6.669,2.2136,66,x1,Memory,x,64.0,976.0,19527.2736,Intel(R) Xeon(R) CPU E7-8880 v3 @ 2.30GHz,Intel(R) Xeon(R) CPU E7-8880 v3 @ 2.30GHz,Intel
x1.16xlarge,us-west-2,usw2-az3,3,5.0,5.0,1.0,6.669,2.3464,64,x1,Memory,x,64.0,976.0,19527.2736,Intel(R) Xeon(R) CPU E7-8880 v3 @ 2.30GHz,Intel(R) Xeon(R) CPU E7-8880 v3 @ 2.30GHz,Intel
x1.32xlarge,us-west-2,usw2-az1,3,5.0,5.0,1.0,13.338,4.7303,64,x1,Memory,x,128.0,1952.0,19637.2612,Intel(R) Xeon(R) CPU E7-8880 v3 @ 2.30GHz,Intel(R) Xeon(R) CPU E7-8880 v3 @ 2.30GHz,Intel
x1.32xlarge,us-west-2,usw2-az2,3,5.0,5.0,1.0,13.338,4.5172,66,x1,Memory,x,128.0,1952.0,19637.2612,Intel(R) Xeon(R) CPU E7-8880 v3 @ 2.30GHz,Intel(R) Xeon(R) CPU E7-8880 v3 @ 2.30GHz,Intel
x1.32xlarge,us-west-2,usw2-az3,3,5.0,5.0,1.0,13.338,4.3023,67,x1,Memory,x,128.0,1952.0,19637.2612,Intel(R) Xeon(R) CPU E7-8880 v3 @ 2.30GHz,Intel(R) Xeon(R) CPU E7-8880 v3 @ 2.30GHz,Intel
x1e.16xlarge,us-west-2,usw2-az1,3,1.0,1.0,1.0,13.344,3.8249,71,x1e,Memory,x,64.0,1952.0,19744.483,Intel(R) Xeon(R) CPU E7-8880 v3 @ 2.30GHz,Intel(R) Xeon(R) CPU E7-8880 v3 @ 2.30GHz,Intel
x1e.16xlarge,us-west-2,usw2-az2,1,0.0,0.0,1.0,13.344,3.8847,70,x1e,Memory,x,64.0,1952.0,19744.483,Intel(R) Xeon(R) CPU E7-8880 v3 @ 2.30GHz,Intel(R) Xeon(R) CPU E7-8880 v3 @ 2.30GHz,Intel
x1e.16xlarge,us-west-2,usw2-az3,1,0.0,0.0,1.0,13.344,4.2772,67,x1e,Memory,x,64.0,1952.0,19744.483,Intel(R) Xeon(R) CPU E7-8880 v3 @ 2.30GHz,Intel(R) Xeon(R) CPU E7-8880 v3 @ 2.30GHz,Intel
x1e.2xlarge,us-west-2,usw2-az1,3,1.0,5.0,1.0,1.668,0.5531,66,x1e,Memory,x,8.0,244.0,19238.4694,Intel(R) Xeon(R) CPU E7-8880 v3 @ 2.30GHz,Intel(R) Xeon(R) CPU E7-8880 v3 @ 2.30GHz,Intel
x1e.2xlarge,us-west-2,usw2-az2,3,5.0,5.0,1.0,1.668,0.6115,63,x1e,Memory,x,8.0,244.0,19238.4694,Intel(R) Xeon(R) CPU E7-8880 v3 @ 2.30GHz,Intel(R) Xeon(R) CPU E7-8880 v3 @ 2.30GHz,Intel
x1e.2xlarge,us-west-2,usw2-az3,3,5.0,10.0,1.0,1.668,0.4946,70,x1e,Memory,x,8.0,244.0,19238.4694,Intel(R) Xeon(R) CPU E7-8880 v3 @ 2.30GHz,Intel(R) Xeon(R) CPU E7-8880 v3 @ 2.30GHz,Intel
x1e.32xlarge,us-west-2,usw2-az1,2,0.0,1.0,1.0,26.688,8.2608,69,x1e,Memory,x,128.0,3904.0,19742.1451,Intel(R) Xeon(R) CPU E7-8880 v3 @ 2.30GHz,Intel(R) Xeon(R) CPU E7-8880 v3 @ 2.30GHz,Intel
x1e.32xlarge,us-west-2,usw2-az2,1,0.0,0.0,1.0,26.688,9.1922,65,x1e,Memory,x,128.0,3904.0,19742.1451,Intel(R) Xeon(R) CPU E7-8880 v3 @ 2.30GHz,Intel(R) Xeon(R) CPU E7-8880 v3 @ 2.30GHz,Intel
x1e.32xlarge,us-west-2,usw2-az3,1,0.0,0.0,1.0,26.688,9.8756,62,x1e,Memory,x,128.0,3904.0,19742.1451,Intel(R) Xeon(R) CPU E7-8880 v3 @ 2.30GHz,Intel(R) Xeon(R) CPU E7-8880 v3 @ 2.30GHz,Intel
x1e.4xlarge,us-west-2,usw2-az1,3,1.0,5.0,1.0,3.336,1.2008,64,x1e,Memory,x,16.0,488.0,19204.477,Intel(R) Xeon(R) CPU E7-8880 v3 @ 2.30GHz,Intel(R) Xeon(R) CPU E7-8880 v3 @ 2.30GHz,Intel
x1e.4xlarge,us-west-2,usw2-az2,3,1.0,5.0,1.0,3.336,1.2303,63,x1e,Memory,x,16.0,488.0,19204.477,Intel(R) Xeon(R) CPU E7-8880 v3 @ 2.30GHz,Intel(R) Xeon(R) CPU E7-8880 v3 @ 2.30GHz,Intel
x1e.4xlarge,us-west-2,usw2-az3,1,0.0,0.0,1.0,3.336,1.1397,65,x1e,Memory,x,16.0,488.0,19204.477,Intel(R) Xeon(R) CPU E7-8880 v3 @ 2.30GHz,Intel(R) Xeon(R) CPU E7-8880 v3 @ 2.30GHz,Intel
x1e.8xlarge,us-west-2,usw2-az1,3,1.0,1.0,1.0,6.672,2.097,68,x1e,Memory,x,32.0,976.0,19390.351,Intel(R) Xeon(R) CPU E7-8880 v3 @ 2.30GHz,Intel(R) Xeon(R) CPU E7-8880 v3 @ 2.30GHz,Intel
x1e.8xlarge,us-west-2,usw2-az2,3,1.0,1.0,1.0,6.672,1.9137,71,x1e,Memory,x,32.0,976.0,19390.351,Intel(R) Xeon(R) CPU E7-8880 v3 @ 2.30GHz,Intel(R) Xeon(R) CPU E7-8880 v3 @ 2.30GHz,Intel
x1e.8xlarge,us-west-2,usw2-az3,1,0.0,0.0,1.0,6.672,1.8372,72,x1e,Memory,x,32.0,976.0,19390.351,Intel(R) Xeon(R) CPU E7-8880 v3 @ 2.30GHz,Intel(R) Xeon(R) CPU E7-8880 v3 @ 2.30GHz,Intel
x1e.xlarge,us-west-2,usw2-az1,3,40.0,50.0,1.0,0.834,0.2752,67,x1e,Memory,x,4.0,122.0,19229.0832,Intel(R) Xeon(R) CPU E7-8880 v3 @ 2.30GHz,Intel(R) Xeon(R) CPU E7-8880 v3 @ 2.30GHz,Intel
x1e.xlarge,us-west-2,usw2-az2,3,25.0,40.0,1.0,0.834,0.3086,62,x1e,Memory,x,4.0,122.0,19229.0832,Intel(R) Xeon(R) CPU E7-8880 v3 @ 2.30GHz,Intel(R) Xeon(R) CPU E7-8880 v3 @ 2.30GHz,Intel
x1e.xlarge,us-west-2,usw2-az3,3,5.0,5.0,1.0,0.834,0.2703,67,x1e,Memory,x,4.0,122.0,19229.0832,Intel(R) Xeon(R) CPU E7-8880 v3 @ 2.30GHz,Intel(R) Xeon(R) CPU E7-8880 v3 @ 2.30GHz,Intel
x2gd.12xlarge,us-west-2,usw2-az1,3,1.0,5.0,2.5,4.008,1.4239,64,x2gd,Memory,x,48.0,768.0,19336.603,AWS Graviton2 Processor,Neoverse-N1,AWS
x2gd.12xlarge,us-west-2,usw2-az2,3,1.0,5.0,2.5,4.008,1.7364,56,x2gd,Memory,x,48.0,768.0,19336.603,AWS Graviton2 Processor,Neoverse-N1,AWS
x2gd.12xlarge,us-west-2,usw2-az3,3,1.0,1.0,2.5,4.008,1.7166,57,x2gd,Memory,x,48.0,768.0,19336.603,AWS Graviton2 Processor,Neoverse-N1,AWS
x2gd.12xlarge,us-west-2,usw2-az4,3,1.0,1.0,2.5,4.008,1.689,57,x2gd,Memory,x,48.0,768.0,19336.603,AWS Graviton2 Processor,Neoverse-N1,AWS
x2gd.16xlarge,us-west-2,usw2-az1,3,40.0,50.0,3.0,5.344,1.9386,63,x2gd,Memory,x,64.0,1024.0,19343.2582,AWS Graviton2 Processor,Neoverse-N1,AWS
x2gd.16xlarge,us-west-2,usw2-az2,3,20.0,30.0,3.0,5.344,1.8548,65,x2gd,Memory,x,64.0,1024.0,19343.2582,AWS Graviton2 Processor,Neoverse-N1,AWS
x2gd.16xlarge,us-west-2,usw2-az3,3,5.0,5.0,3.0,5.344,1.7215,67,x2gd,Memory,x,64.0,1024.0,19343.2582,AWS Graviton2 Processor,Neoverse-N1,AWS
x2gd.16xlarge,us-west-2,usw2-az4,3,1.0,1.0,3.0,5.344,2.2786,57,x2gd,Memory,x,64.0,1024.0,19343.2582,AWS Graviton2 Processor,Neoverse-N1,AWS
x2gd.2xlarge,us-west-2,usw2-az1,3,30.0,45.0,3.0,0.668,0.2519,62,x2gd,Memory,x,8.0,128.0,19341.913,AWS Graviton2 Processor,Neoverse-N1,AWS
x2gd.2xlarge,us-west-2,usw2-az2,3,15.0,25.0,3.0,0.668,0.255,61,x2gd,Memory,x,8.0,128.0,19341.913,AWS Graviton2 Processor,Neoverse-N1,AWS
x2gd.2xlarge,us-west-2,usw2-az3,3,5.0,5.0,3.0,0.668,0.272,59,x2gd,Memory,x,8.0,128.0,19341.913,AWS Graviton2 Processor,Neoverse-N1,AWS
x2gd.2xlarge,us-west-2,usw2-az4,3,1.0,1.0,3.0,0.668,0.3248,51,x2gd,Memory,x,8.0,128.0,19341.913,AWS Graviton2 Processor,Neoverse-N1,AWS
x2gd.4xlarge,us-west-2,usw2-az1,3,25.0,35.0,2.5,1.336,0.491,63,x2gd,Memory,x,16.0,256.0,19334.6563,AWS Graviton2 Processor,Neoverse-N1,AWS
x2gd.4xlarge,us-west-2,usw2-az2,3,5.0,10.0,2.5,1.336,0.5185,61,x2gd,Memory,x,16.0,256.0,19334.6563,AWS Graviton2 Processor,Neoverse-N1,AWS
x2gd.4xlarge,us-west-2,usw2-az3,3,30.0,50.0,2.5,1.336,0.4539,66,x2gd,Memory,x,16.0,256.0,19334.6563,AWS Graviton2 Processor,Neoverse-N1,AWS
x2gd.4xlarge,us-west-2,usw2-az4,3,1.0,1.0,2.5,1.336,0.5631,57,x2gd,Memory,x,16.0,256.0,19334.6563,AWS Graviton2 Processor,Neoverse-N1,AWS
x2gd.8xlarge,us-west-2,usw2-az1,3,1.0,5.0,3.0,2.672,0.8393,68,x2gd,Memory,x,32.0,512.0,19346.4059,AWS Graviton2 Processor,Neoverse-N1,AWS
x2gd.8xlarge,us-west-2,usw2-az2,3,1.0,1.0,3.0,2.672,1.0567,60,x2gd,Memory,x,32.0,512.0,19346.4059,AWS Graviton2 Processor,Neoverse-N1,AWS
x2gd.8xlarge,us-west-2,usw2-az3,2,0.0,1.0,3.0,2.672,1.0632,60,x2gd,Memory,x,32.0,512.0,19346.4059,AWS Graviton2 Processor,Neoverse-N1,AWS
x2gd.8xlarge,us-west-2,usw2-az4,3,1.0,1.0,3.0,2.672,1.1695,56,x2gd,Memory,x,32.0,512.0,19346.4059,AWS Graviton2 Processor,Neoverse-N1,AWS
x2gd.large,us-west-2,usw2-az1,3,45.0,50.0,3.0,0.167,0.0561,66,x2gd,Memory,x,2.0,32.0,19349.9985,AWS Graviton2 Processor,Neoverse-N1,AWS
x2gd.large,us-west-2,usw2-az2,3,20.0,35.0,3.0,0.167,0.0541,67,x2gd,Memory,x,2.0,32.0,19349.9985,AWS Graviton2 Processor,Neoverse-N1,AWS
x2gd.large,us-west-2,usw2-az3,3,30.0,50.0,3.0,0.167,0.0564,66,x2gd,Memory,x,2.0,32.0,19349.9985,AWS Graviton2 Processor,Neoverse-N1,AWS
x2gd.large,us-west-2,usw2-az4,3,15.0,25.0,3.0,0.167,0.05,70,x2gd,Memory,x,2.0,32.0,19349.9985,AWS Graviton2 Processor,Neoverse-N1,AWS
x2gd.medium,us-west-2,usw2-az1,3,50.0,50.0,3.0,0.0835,0.0211,74,x2gd,Memory,x,1.0,16.0,19348.4254,AWS Graviton2 Processor,Neoverse-N1,AWS
x2gd.medium,us-west-2,usw2-az2,3,50.0,50.0,3.0,0.0835,0.0222,73,x2gd,Memory,x,1.0,16.0,19348.4254,AWS Graviton2 Processor,Neoverse-N1,AWS
x2gd.medium,us-west-2,usw2-az3,3,50.0,50.0,3.0,0.0835,0.0214,74,x2gd,Memory,x,1.0,16.0,19348.4254,AWS Graviton2 Processor,Neoverse-N1,AWS
x2gd.medium,us-west-2,usw2-az4,3,40.0,50.0,3.0,0.0835,0.0213,74,x2gd,Memory,x,1.0,16.0,19348.4254,AWS Graviton2 Processor,Neoverse-N1,AWS
x2gd.xlarge,us-west-2,usw2-az1,3,25.0,40.0,3.0,0.334,0.121,63,x2gd,Memory,x,4.0,64.0,19340.1922,AWS Graviton2 Processor,Neoverse-N1,AWS
x2gd.xlarge,us-west-2,usw2-az2,3,10.0,15.0,3.0,0.334,0.1382,58,x2gd,Memory,x,4.0,64.0,19340.1922,AWS Graviton2 Processor,Neoverse-N1,AWS
x2gd.xlarge,us-west-2,usw2-az3,3,10.0,15.0,3.0,0.334,0.1319,60,x2gd,Memory,x,4.0,64.0,19340.1922,AWS Graviton2 Processor,Neoverse-N1,AWS
x2gd.xlarge,us-west-2,usw2-az4,3,5.0,5.0,3.0,0.334,0.1091,67,x2gd,Memory,x,4.0,64.0,19340.1922,AWS Graviton2 Processor,Neoverse-N1,AWS
x2idn.16xlarge,us-west-2,usw2-az1,3,5.0,5.0,1.0,6.669,2.7874,58,x2idn,Memory,x,64.0,1024.0,29019.3273,Intel(R) Xeon(R) Platinum 8375C CPU @ 2.90GHz,Intel(R) Xeon(R) Platinum 8375C CPU @ 2.90GHz,Intel
x2idn.16xlarge,us-west-2,usw2-az2,3,1.0,1.0,1.0,6.669,3.0285,54,x2idn,Memory,x,64.0,1024.0,29019.3273,Intel(R) Xeon(R) Platinum 8375C CPU @ 2.90GHz,Intel(R) Xeon(R) Platinum 8375C CPU @ 2.90GHz,Intel
x2idn.16xlarge,us-west-2,usw2-az3,3,1.0,1.0,1.0,6.669,2.3825,64,x2idn,Memory,x,64.0,1024.0,29019.3273,Intel(R) Xeon(R) Platinum 8375C CPU @ 2.90GHz,Intel(R) Xeon(R) Platinum 8375C CPU @ 2.90GHz,Intel
x2idn.24xlarge,us-west-2,usw2-az1,3,1.0,1.0,1.5,10.0035,4.5158,54,x2idn,Memory,x,96.0,1536.0,28954.3734,Intel(R) Xeon(R) Platinum 8375C CPU @ 2.90GHz,Intel(R) Xeon(R) Platinum 8375C CPU @ 2.90GHz,Intel
x2idn.24xlarge,us-west-2,usw2-az2,2,0.0,1.0,1.5,10.0035,5.0973,49,x2idn,Memory,x,96.0,1536.0,28954.3734,Intel(R) Xeon(R) Platinum 8375C CPU @ 2.90GHz,Intel(R) Xeon(R) Platinum 8375C CPU @ 2.90GHz,Intel
x2idn.24xlarge,us-west-2,usw2-az3,3,1.0,1.0,1.5,10.0035,3.386,66,x2idn,Memory,x,96.0,1536.0,28954.3734,Intel(R) Xeon(R) Platinum 8375C CPU @ 2.90GHz,Intel(R) Xeon(R) Platinum 8375C CPU @ 2.90GHz,Intel
x2idn.32xlarge,us-west-2,usw2-az1,3,1.0,1.0,1.5,13.338,5.8235,56,x2idn,Memory,x,128.0,2048.0,28978.3536,Intel(R) Xeon(R) Platinum 8375C CPU @ 2.90GHz,Intel(R) Xeon(R) Platinum 8375C CPU @ 2.90GHz,Intel
x2idn.32xlarge,us-west-2,usw2-az2,3,1.0,1.0,1.5,13.338,8.1359,39,x2idn,Memory,x,128.0,2048.0,28978.3536,Intel(R) Xeon(R) Platinum 8375C CPU @ 2.90GHz,Intel(R) Xeon(R) Platinum 8375C CPU @ 2.90GHz,Intel
x2idn.32xlarge,us-west-2,usw2-az3,3,1.0,5.0,1.5,13.338,5.3583,59,x2idn,Memory,x,128.0,2048.0,28978.3536,Intel(R) Xeon(R) Platinum 8375C CPU @ 2.90GHz,Intel(R) Xeon(R) Platinum 8375C CPU @ 2.90GHz,Intel
x2iedn.16xlarge,us-west-2,usw2-az1,3,1.0,1.0,1.0,13.338,5.3586,59,x2iedn,Memory,x,64.0,2048.0,28890.2396,Intel(R) Xeon(R) Platinum 8375C CPU @ 2.90GHz,Intel(R) Xeon(R) Platinum 8375C CPU @ 2.90GHz,Intel
x2iedn.16xlarge,us-west-2,usw2-az2,3,1.0,5.0,1.0,13.338,4.5413,65,x2iedn,Memory,x,64.0,2048.0,28890.2396,Intel(R) Xeon(R) Platinum 8375C CPU @ 2.90GHz,Intel(R) Xeon(R) Platinum 8375C CPU @ 2.90GHz,Intel
x2iedn.16xlarge,us-west-2,usw2-az3,1,0.0,0.0,1.0,13.338,3.9551,70,x2iedn,Memory,x,64.0,2048.0,28890.2396,Intel(R) Xeon(R) Platinum 8375C CPU @ 2.90GHz,Intel(R) Xeon(R) Platinum 8375C CPU @ 2.90GHz,Intel
x2iedn.24xlarge,us-west-2,usw2-az1,3,1.0,1.0,1.0,20.007,9.0595,54,x2iedn,Memory,x,96.0,3072.0,29011.2577,Intel(R) Xeon(R) Platinum 8375C CPU @ 2.90GHz,Intel(R) Xeon(R) Platinum 8375C CPU @ 2.90GHz,Intel
x2iedn.24xlarge,us-west-2,usw2-az2,2,0.0,1.0,1.0,20.007,8.3478,58,x2iedn,Memory,x,96.0,3072.0,29011.2577,Intel(R) Xeon(R) Platinum 8375C CPU @ 2.90GHz,Intel(R) Xeon(R) Platinum 8375C CPU @ 2.90GHz,Intel
x2iedn.24xlarge,us-west-2,usw2-az3,2,0.0,1.0,1.0,20.007,6.3361,68,x2iedn,Memory,x,96.0,3072.0,29011.2577,Intel(R) Xeon(R) Platinum 8375C CPU @ 2.90GHz,Intel(R) Xeon(R) Platinum 8375C CPU @ 2.90GHz,Intel
x2iedn.2xlarge,us-west-2,usw2-az1,3,20.0,35.0,2.5,1.66725,0.6013,63,x2iedn,Memory,x,8.0,256.0,28991.5821,Intel(R) Xeon(R) Platinum 8375C CPU @ 2.90GHz,Intel(R) Xeon(R) Platinum 8375C CPU @ 2.90GHz,Intel
x2iedn.2xlarge,us-west-2,usw2-az2,3,15.0,25.0,2.5,1.66725,0.5355,67,x2iedn,Memory,x,8.0,256.0,28991.5821,Intel(R) Xeon(R) Platinum 8375C CPU @ 2.90GHz,Intel(R) Xeon(R) Platinum 8375C CPU @ 2.90GHz,Intel
x2iedn.2xlarge,us-west-2,usw2-az3,3,15.0,20.0,2.5,1.66725,0.5496,67,x2iedn,Memory,x,8.0,256.0,28991.5821,Intel(R) Xeon(R) Platinum 8375C CPU @ 2.90GHz,Intel(R) Xeon(R) Platinum 8375C CPU @ 2.90GHz,Intel
x2iedn.32xlarge,us-west-2,usw2-az1,3,1.0,5.0,1.0,26.676,12.7254,52,x2iedn,Memory,x,128.0,4096.0,28887.2738,Intel(R) Xeon(R) Platinum 8375C CPU @ 2.90GHz,Intel(R) Xeon(R) Platinum 8375C CPU @ 2.90GHz,Intel
x2iedn.32xlarge,us-west-2,usw2-az2,3,1.0,1.0,1.0,26.676,11.3006,57,x2iedn,Memory,x,128.0,4096.0,28887.2738,Intel(R) Xeon(R) Platinum 8375C CPU @ 2.90GHz,Intel(R) Xeon(R) Platinum 8375C CPU @ 2.90GHz,Intel
x2iedn.32xlarge,us-west-2,usw2-az3,1,0.0,0.0,1.0,26.676,9.5951,64,x2iedn,Memory,x,128.0,4096.0,28887.2738,Intel(R) Xeon(R) Platinum 8375C CPU @ 2.90GHz,Intel(R) Xeon(R) Platinum 8375C CPU @ 2.90GHz,Intel
x2iedn.4xlarge,us-west-2,usw2-az1,3,10.0,20.0,2.5,3.3345,1.0648,68,x2iedn,Memory,x,16.0,512.0,29005.7166,Intel(R) Xeon(R) Platinum 8375C CPU @ 2.90GHz,Intel(R) Xeon(R) Platinum 8375C CPU @ 2.90GHz,Intel
x2iedn.4xlarge,us-west-2,usw2-az2,3,10.0,20.0,2.5,3.3345,1.0726,67,x2iedn,Memory,x,16.0,512.0,29005.7166,Intel(R) Xeon(R) Platinum 8375C CPU @ 2.90GHz,Intel(R) Xeon(R) Platinum 8375C CPU @ 2.90GHz,Intel
x2iedn.4xlarge,us-west-2,usw2-az3,3,1.0,1.0,2.5,3.3345,1.1868,64,x2iedn,Memory,x,16.0,512.0,29005.7166,Intel(R) Xeon(R) Platinum 8375C CPU @ 2.90GHz,Intel(R) Xeon(R) Platinum 8375C CPU @ 2.90GHz,Intel
x2iedn.8xlarge,us-west-2,usw2-az1,3,1.0,1.0,1.5,6.669,2.613,60,x2iedn,Memory,x,32.0,1024.0,28998.0027,Intel(R) Xeon(R) Platinum 8375C CPU @ 2.90GHz,Intel(R) Xeon(R) Platinum 8375C CPU @ 2.90GHz,Intel
x2iedn.8xlarge,us-west-2,usw2-az2,3,5.0,5.0,1.5,6.669,2.2247,66,x2iedn,Memory,x,32.0,1024.0,28998.0027,Intel(R) Xeon(R) Platinum 8375C CPU @ 2.90GHz,Intel(R) Xeon(R) Platinum 8375C CPU @ 2.90GHz,Intel
x2iedn.8xlarge,us-west-2,usw2-az3,2,0.0,1.0,1.5,6.669,2.0262,69,x2iedn,Memory,x,32.0,1024.0,28998.0027,Intel(R) Xeon(R) Platinum 8375C CPU @ 2.90GHz,Intel(R) Xeon(R) Platinum 8375C CPU @ 2.90GHz,Intel
x2iedn.xlarge,us-west-2,usw2-az1,3,20.0,35.0,3.0,0.83363,0.2853,65,x2iedn,Memory,x,4.0,128.0,29008.0458,Intel(R) Xeon(R) Platinum 8375C CPU @ 2.90GHz,Intel(R) Xeon(R) Platinum 8375C CPU @ 2.90GHz,Intel
x2iedn.xlarge,us-west-2,usw2-az2,3,30.0,45.0,3.0,0.83363,0.2699,67,x2iedn,Memory,x,4.0,128.0,29008.0458,Intel(R) Xeon(R) Platinum 8375C CPU @ 2.90GHz,Intel(R) Xeon(R) Platinum 8375C CPU @ 2.90GHz,Intel
x2iedn.xlarge,us-west-2,usw2-az3,3,35.0,50.0,3.0,0.83363,0.2759,66,x2iedn,Memory,x,4.0,128.0,29008.0458,Intel(R) Xeon(R) Platinum 8375C CPU @ 2.90GHz,Intel(R) Xeon(R) Platinum 8375C CPU @ 2.90GHz,Intel
x2iezn.12xlarge,us-west-2,usw2-az1,3,35.0,50.0,3.0,10.008,3.2961,67,x2iezn,Memory,x,48.0,1536.0,33253.1041,Intel(R) Xeon(R) Platinum 8252C CPU @ 3.80GHz,Intel(R) Xeon(R) Platinum 8252C CPU @ 3.80GHz,Intel
x2iezn.12xlarge,us-west-2,usw2-az2,3,10.0,15.0,3.0,10.008,3.5016,65,x2iezn,Memory,x,48.0,1536.0,33253.1041,Intel(R) Xeon(R) Platinum 8252C CPU @ 3.80GHz,Intel(R) Xeon(R) Platinum 8252C CPU @ 3.80GHz,Intel
x2iezn.12xlarge,us-west-2,usw2-az3,3,15.0,20.0,3.0,10.008,3.0684,69,x2iezn,Memory,x,48.0,1536.0,33253.1041,Intel(R) Xeon(R) Platinum 8252C CPU @ 3.80GHz,Intel(R) Xeon(R) Platinum 8252C CPU @ 3.80GHz,Intel
x2iezn.2xlarge,us-west-2,usw2-az1,3,15.0,25.0,3.0,1.668,0.6998,58,x2iezn,Memory,x,8.0,256.0,33684.5898,Intel(R) Xeon(R) Platinum 8252C CPU @ 3.80GHz,Intel(R) Xeon(R) Platinum 8252C CPU @ 3.80GHz,Intel
x2iezn.2xlarge,us-west-2,usw2-az2,3,5.0,10.0,3.0,1.668,0.6186,62,x2iezn,Memory,x,8.0,256.0,33684.5898,Intel(R) Xeon(R) Platinum 8252C CPU @ 3.80GHz,Intel(R) Xeon(R) Platinum 8252C CPU @ 3.80GHz,Intel
x2iezn.2xlarge,us-west-2,usw2-az3,3,5.0,10.0,3.0,1.668,0.628,62,x2iezn,Memory,x,8.0,256.0,33684.5898,Intel(R) Xeon(R) Platinum 8252C CPU @ 3.80GHz,Intel(R) Xeon(R) Platinum 8252C CPU @ 3.80GHz,Intel
x2iezn.4xlarge,us-west-2,usw2-az1,3,5.0,5.0,3.0,3.336,1.1073,66,x2iezn,Memory,x,16.0,512.0,33627.016,Intel(R) Xeon(R) Platinum 8252C CPU @ 3.80GHz,Intel(R) Xeon(R) Platinum 8252C CPU @ 3.80GHz,Intel
x2iezn.4xlarge,us-west-2,usw2-az2,3,1.0,1.0,3.0,3.336,1.191,64,x2iezn,Memory,x,16.0,512.0,33627.016,Intel(R) Xeon(R) Platinum 8252C CPU @ 3.80GHz,Intel(R) Xeon(R) Platinum 8252C CPU @ 3.80GHz,Intel
x2iezn.4xlarge,us-west-2,usw2-az3,3,1.0,1.0,3.0,3.336,1.2996,61,x2iezn,Memory,x,16.0,512.0,33627.016,Intel(R) Xeon(R) Platinum 8252C CPU @ 3.80GHz,Intel(R) Xeon(R) Platinum 8252C CPU @ 3.80GHz,Intel
x2iezn.6xlarge,us-west-2,usw2-az1,3,1.0,5.0,3.0,5.004,2.2536,54,x2iezn,Memory,x,24.0,768.0,33705.6719,Intel(R) Xeon(R) Platinum 8252C CPU @ 3.80GHz,Intel(R) Xeon(R) Platinum 8252C CPU @ 3.80GHz,Intel
x2iezn.6xlarge,us-west-2,usw2-az2,3,1.0,1.0,3.0,5.004,1.6534,66,x2iezn,Memory,x,24.0,768.0,33705.6719,Intel(R) Xeon(R) Platinum 8252C CPU @ 3.80GHz,Intel(R) Xeon(R) Platinum 8252C CPU @ 3.80GHz,Intel
x2iezn.6xlarge,us-west-2,usw2-az3,3,1.0,5.0,3.0,5.004,2.1216,57,x2iezn,Memory,x,24.0,768.0,33705.6719,Intel(R) Xeon(R) Platinum 8252C CPU @ 3.80GHz,Intel(R) Xeon(R) Platinum 8252C CPU @ 3.80GHz,Intel
x2iezn.8xlarge,us-west-2,usw2-az1,3,5.0,10.0,3.0,6.672,2.4223,63,x2iezn,Memory,x,32.0,1024.0,33695.2893,Intel(R) Xeon(R) Platinum 8252C CPU @ 3.80GHz,Intel(R) Xeon(R) Platinum 8252C CPU @ 3.80GHz,Intel
x2iezn.8xlarge,us-west-2,usw2-az2,3,10.0,15.0,3.0,6.672,2.3689,64,x2iezn,Memory,x,32.0,1024.0,33695.2893,Intel(R) Xeon(R) Platinum 8252C CPU @ 3.80GHz,Intel(R) Xeon(R) Platinum 8252C CPU @ 3.80GHz,Intel
x2iezn.8xlarge,us-west-2,usw2-az3,3,1.0,1.0,3.0,6.672,2.2113,66,x2iezn,Memory,x,32.0,1024.0,33695.2893,Intel(R) Xeon(R) Platinum 8252C CPU @ 3.80GHz,Intel(R) Xeon(R) Platinum 8252C CPU @ 3.80GHz,Intel
x8g.12xlarge,us-west-2,usw2-az1,3,1.0,1.0,2.5,4.6896,1.7518,62,x8g,Memory,x,48.0,768.0,28977.782499400004,AWS Graviton4 Processor,AWS Graviton4 Processor,AWS
x8g.12xlarge,us-west-2,usw2-az2,1,0.0,0.0,2.5,4.6896,1.4768,68,x8g,Memory,x,48.0,768.0,28977.782499400004,AWS Graviton4 Processor,AWS Graviton4 Processor,AWS
x8g.12xlarge,us-west-2,usw2-az3,2,0.0,1.0,2.5,4.6896,1.4423,69,x8g,Memory,x,48.0,768.0,28977.782499400004,AWS Graviton4 Processor,AWS Graviton4 Processor,AWS
x8g.16xlarge,us-west-2,usw2-az1,3,25.0,40.0,2.5,6.2528,1.8836,69,x8g,Memory,x,64.0,1024.0,28990.88607,AWS Graviton4 Processor,AWS Graviton4 Processor,AWS
x8g.16xlarge,us-west-2,usw2-az2,3,10.0,15.0,2.5,6.2528,1.8548,70,x8g,Memory,x,64.0,1024.0,28990.88607,AWS Graviton4 Processor,AWS Graviton4 Processor,AWS
x8g.16xlarge,us-west-2,usw2-az3,3,20.0,30.0,2.5,6.2528,1.922,69,x8g,Memory,x,64.0,1024.0,28990.88607,AWS Graviton4 Processor,AWS Graviton4 Processor,AWS
x8g.24xlarge,us-west-2,usw2-az1,3,1.0,5.0,2.5,9.3792,3.1701,66,x8g,Memory,x,96.0,1536.0,28982.31599,AWS Graviton4 Processor,AWS Graviton4 Processor,AWS
x8g.24xlarge,us-west-2,usw2-az2,3,1.0,1.0,2.5,9.3792,3.0878,67,x8g,Memory,x,96.0,1536.0,28982.31599,AWS Graviton4 Processor,AWS Graviton4 Processor,AWS
x8g.24xlarge,us-west-2,usw2-az3,3,1.0,1.0,2.5,9.3792,2.8744,69,x8g,Memory,x,96.0,1536.0,28982.31599,AWS Graviton4 Processor,AWS Graviton4 Processor,AWS
x8g.2xlarge,us-west-2,usw2-az1,3,5.0,10.0,3.0,0.7816,0.256,67,x8g,Memory,x,8.0,128.0,28965.58656,AWS Graviton4 Processor,AWS Graviton4 Processor,AWS
x8g.2xlarge,us-west-2,usw2-az2,3,1.0,5.0,3.0,0.7816,0.2812,64,x8g,Memory,x,8.0,128.0,28965.58656,AWS Graviton4 Processor,AWS Graviton4 Processor,AWS
x8g.2xlarge,us-west-2,usw2-az3,3,1.0,5.0,3.0,0.7816,0.2885,63,x8g,Memory,x,8.0,128.0,28965.58656,AWS Graviton4 Processor,AWS Graviton4 Processor,AWS
x8g.48xlarge,us-west-2,usw2-az1,3,1.0,1.0,2.5,18.7584,6.3166,66,x8g,Memory,x,192.0,3072.0,27930.465304399997,AWS Graviton4 Processor,AWS Graviton4 Processor,AWS
x8g.48xlarge,us-west-2,usw2-az2,3,1.0,1.0,2.5,18.7584,5.3702,71,x8g,Memory,x,192.0,3072.0,27930.465304399997,AWS Graviton4 Processor,AWS Graviton4 Processor,AWS
x8g.48xlarge,us-west-2,usw2-az3,3,1.0,1.0,2.5,18.7584,5.8496,68,x8g,Memory,x,192.0,3072.0,27930.465304399997,AWS Graviton4 Processor,AWS Graviton4 Processor,AWS
x8g.4xlarge,us-west-2,usw2-az1,3,25.0,35.0,2.0,1.5632,0.4964,68,x8g,Memory,x,16.0,256.0,28948.83913,AWS Graviton4 Processor,AWS Graviton4 Processor,AWS
x8g.4xlarge,us-west-2,usw2-az2,3,15.0,20.0,2.0,1.5632,0.4966,68,x8g,Memory,x,16.0,256.0,28948.83913,AWS Graviton4 Processor,AWS Graviton4 Processor,AWS
x8g.4xlarge,us-west-2,usw2-az3,3,15.0,20.0,2.0,1.5632,0.4648,70,x8g,Memory,x,16.0,256.0,28948.83913,AWS Graviton4 Processor,AWS Graviton4 Processor,AWS
x8g.8xlarge,us-west-2,usw2-az1,3,1.0,1.0,3.0,3.1264,1.2156,61,x8g,Memory,x,32.0,512.0,28985.8438458,AWS Graviton4 Processor,AWS Graviton4 Processor,AWS
x8g.8xlarge,us-west-2,usw2-az2,3,1.0,1.0,3.0,3.1264,1.0324,66,x8g,Memory,x,32.0,512.0,28985.8438458,AWS Graviton4 Processor,AWS Graviton4 Processor,AWS
x8g.8xlarge,us-west-2,usw2-az3,3,1.0,1.0,3.0,3.1264,1.1874,62,x8g,Memory,x,32.0,512.0,28985.8438458,AWS Graviton4 Processor,AWS Graviton4 Processor,AWS
x8g.large,us-west-2,usw2-az1,3,35.0,50.0,2.5,0.1954,0.0593,69,x8g,Memory,x,2.0,32.0,28984.836102399997,AWS Graviton4 Processor,AWS Graviton4 Processor,AWS
x8g.large,us-west-2,usw2-az2,3,15.0,25.0,2.5,0.1954,0.056,71,x8g,Memory,x,2.0,32.0,28984.836102399997,AWS Graviton4 Processor,AWS Graviton4 Processor,AWS
x8g.large,us-west-2,usw2-az3,3,20.0,35.0,2.5,0.1954,0.0593,69,x8g,Memory,x,2.0,32.0,28984.836102399997,AWS Graviton4 Processor,AWS Graviton4 Processor,AWS
x8g.medium,us-west-2,usw2-az1,3,50.0,50.0,2.5,0.0977,0.026,73,x8g,Memory,x,1.0,16.0,28966.548239000003,AWS Graviton4 Processor,AWS Graviton4 Processor,AWS
x8g.medium,us-west-2,usw2-az2,3,40.0,50.0,2.5,0.0977,0.0253,74,x8g,Memory,x,1.0,16.0,28966.548239000003,AWS Graviton4 Processor,AWS Graviton4 Processor,AWS
x8g.medium,us-west-2,usw2-az3,3,45.0,50.0,2.5,0.0977,0.0275,71,x8g,Memory,x,1.0,16.0,28966.548239000003,AWS Graviton4 Processor,AWS Graviton4 Processor,AWS
x8g.metal-24xl,us-west-2,usw2-az1,3,1.0,1.0,2.0,9.3792,2.5087,73,x8g,,x,96.0,1536.0,29010.17077,,,AWS
x8g.metal-24xl,us-west-2,usw2-az2,3,1.0,1.0,2.0,9.3792,2.3538,74,x8g,,x,96.0,1536.0,29010.17077,,,AWS
x8g.metal-24xl,us-west-2,usw2-az3,3,1.0,1.0,2.0,9.3792,2.3159,75,x8g,,x,96.0,1536.0,29010.17077,,,AWS
x8g.metal-48xl,us-west-2,usw2-az1,3,1.0,1.0,2.5,18.7584,4.6723,75,x8g,,x,192.0,3072.0,28000.852160600003,,,AWS
x8g.metal-48xl,us-west-2,usw2-az2,2,0.0,1.0,2.5,18.7584,4.6225,75,x8g,,x,192.0,3072.0,28000.852160600003,,,AWS
x8g.metal-48xl,us-west-2,usw2-az3,3,1.0,1.0,2.5,18.7584,4.6796,75,x8g,,x,192.0,3072.0,28000.852160600003,,,AWS
x8g.xlarge,us-west-2,usw2-az1,3,20.0,30.0,3.0,0.3908,0.1307,66,x8g,Memory,x,4.0,64.0,28993.40806,AWS Graviton4 Processor,AWS Graviton4 Processor,AWS
x8g.xlarge,us-west-2,usw2-az2,3,5.0,10.0,3.0,0.3908,0.1408,63,x8g,Memory,x,4.0,64.0,28993.40806,AWS Graviton4 Processor,AWS Graviton4 Processor,AWS
x8g.xlarge,us-west-2,usw2-az3,3,5.0,10.0,3.0,0.3908,0.1538,60,x8g,Memory,x,4.0,64.0,28993.40806,AWS Graviton4 Processor,AWS Graviton4 Processor,AWS
z1d.12xlarge,us-west-2,usw2-az1,3,40.0,50.0,1.0,4.464,1.6668,62,z1d,Memory,z,48.0,384.0,29928.1188,Intel(R) Xeon(R) Platinum 8151 CPU @ 3.40GHz,Intel(R) Xeon(R) Platinum 8151 CPU @ 3.40GHz,Intel
z1d.12xlarge,us-west-2,usw2-az2,3,20.0,35.0,1.0,4.464,1.666,62,z1d,Memory,z,48.0,384.0,29928.1188,Intel(R) Xeon(R) Platinum 8151 CPU @ 3.40GHz,Intel(R) Xeon(R) Platinum 8151 CPU @ 3.40GHz,Intel
z1d.12xlarge,us-west-2,usw2-az3,3,10.0,15.0,1.0,4.464,1.6373,63,z1d,Memory,z,48.0,384.0,29928.1188,Intel(R) Xeon(R) Platinum 8151 CPU @ 3.40GHz,Intel(R) Xeon(R) Platinum 8151 CPU @ 3.40GHz,Intel
z1d.2xlarge,us-west-2,usw2-az1,3,10.0,20.0,1.0,0.744,0.2816,62,z1d,Memory,z,8.0,64.0,29932.6018,Intel(R) Xeon(R) Platinum 8151 CPU @ 3.40GHz,Intel(R) Xeon(R) Platinum 8151 CPU @ 3.40GHz,Intel
z1d.2xlarge,us-west-2,usw2-az2,3,1.0,5.0,1.0,0.744,0.2937,60,z1d,Memory,z,8.0,64.0,29932.6018,Intel(R) Xeon(R) Platinum 8151 CPU @ 3.40GHz,Intel(R) Xeon(R) Platinum 8151 CPU @ 3.40GHz,Intel
z1d.2xlarge,us-west-2,usw2-az3,3,20.0,30.0,1.0,0.744,0.2748,63,z1d,Memory,z,8.0,64.0,29932.6018,Intel(R) Xeon(R) Platinum 8151 CPU @ 3.40GHz,Intel(R) Xeon(R) Platinum 8151 CPU @ 3.40GHz,Intel
z1d.3xlarge,us-west-2,usw2-az1,3,50.0,50.0,1.0,1.116,0.413,62,z1d,Memory,z,12.0,96.0,29890.5849,Intel(R) Xeon(R) Platinum 8151 CPU @ 3.40GHz,Intel(R) Xeon(R) Platinum 8151 CPU @ 3.40GHz,Intel
z1d.3xlarge,us-west-2,usw2-az2,3,30.0,50.0,1.0,1.116,0.4238,62,z1d,Memory,z,12.0,96.0,29890.5849,Intel(R) Xeon(R) Platinum 8151 CPU @ 3.40GHz,Intel(R) Xeon(R) Platinum 8151 CPU @ 3.40GHz,Intel
z1d.3xlarge,us-west-2,usw2-az3,3,1.0,5.0,1.0,1.116,0.4496,59,z1d,Memory,z,12.0,96.0,29890.5849,Intel(R) Xeon(R) Platinum 8151 CPU @ 3.40GHz,Intel(R) Xeon(R) Platinum 8151 CPU @ 3.40GHz,Intel
z1d.6xlarge,us-west-2,usw2-az1,3,5.0,10.0,1.0,2.232,1.058,52,z1d,Memory,z,24.0,192.0,29941.0209,Intel(R) Xeon(R) Platinum 8151 CPU @ 3.40GHz,Intel(R) Xeon(R) Platinum 8151 CPU @ 3.40GHz,Intel
z1d.6xlarge,us-west-2,usw2-az2,3,10.0,15.0,1.0,2.232,0.8146,63,z1d,Memory,z,24.0,192.0,29941.0209,Intel(R) Xeon(R) Platinum 8151 CPU @ 3.40GHz,Intel(R) Xeon(R) Platinum 8151 CPU @ 3.40GHz,Intel
z1d.6xlarge,us-west-2,usw2-az3,3,1.0,1.0,1.0,2.232,0.7804,65,z1d,Memory,z,24.0,192.0,29941.0209,Intel(R) Xeon(R) Platinum 8151 CPU @ 3.40GHz,Intel(R) Xeon(R) Platinum 8151 CPU @ 3.40GHz,Intel
z1d.large,us-west-2,usw2-az1,3,45.0,50.0,1.0,0.186,0.0594,68,z1d,Memory,z,2.0,16.0,29910.9303,Intel(R) Xeon(R) Platinum 8151 CPU @ 3.40GHz,Intel(R) Xeon(R) Platinum 8151 CPU @ 3.40GHz,Intel
z1d.large,us-west-2,usw2-az2,3,20.0,30.0,1.0,0.186,0.0618,66,z1d,Memory,z,2.0,16.0,29910.9303,Intel(R) Xeon(R) Platinum 8151 CPU @ 3.40GHz,Intel(R) Xeon(R) Platinum 8151 CPU @ 3.40GHz,Intel
z1d.large,us-west-2,usw2-az3,3,15.0,25.0,1.0,0.186,0.0619,66,z1d,Memory,z,2.0,16.0,29910.9303,Intel(R) Xeon(R) Platinum 8151 CPU @ 3.40GHz,Intel(R) Xeon(R) Platinum 8151 CPU @ 3.40GHz,Intel
z1d.xlarge,us-west-2,usw2-az1,3,25.0,40.0,1.0,0.372,0.1322,64,z1d,Memory,z,4.0,32.0,29910.593,Intel(R) Xeon(R) Platinum 8151 CPU @ 3.40GHz,Intel(R) Xeon(R) Platinum 8151 CPU @ 3.40GHz,Intel
z1d.xlarge,us-west-2,usw2-az2,3,5.0,10.0,1.0,0.372,0.1397,62,z1d,Memory,z,4.0,32.0,29910.593,Intel(R) Xeon(R) Platinum 8151 CPU @ 3.40GHz,Intel(R) Xeon(R) Platinum 8151 CPU @ 3.40GHz,Intel
z1d.xlarge,us-west-2,usw2-az3,3,5.0,10.0,1.0,0.372,0.1272,65,z1d,Memory,z,4.0,32.0,29910.593,Intel(R) Xeon(R) Platinum 8151 CPU @ 3.40GHz,Intel(R) Xeon(R) Platinum 8151 CPU @ 3.40GHz,Intel
