InstanceType,Region,AZ,SPS,T3,T2,IF,OndemandPrice,SpotPrice,Savings,InstanceFamily,InstanceCategory,InstanceCharacter,vCPU,Memory,CoreMark,CpuModel,ModelName,Vendor
c4.2xlarge,us-east-1,use1-az1,3,10.0,20.0,2.5,0.398,0.1714,56,c4,Computing,c,8.0,15.0,24154.71519,Intel(R) Xeon(R) CPU E5-2666 v3 @ 2.90GHz,Intel(R) Xeon(R) CPU E5-2666 v3 @ 2.90GHz,Intel
c4.2xlarge,us-east-1,use1-az2,3,30.0,50.0,2.5,0.398,0.1835,53,c4,Computing,c,8.0,15.0,24154.71519,Intel(R) Xeon(R) CPU E5-2666 v3 @ 2.90GHz,Intel(R) Xeon(R) CPU E5-2666 v3 @ 2.90GHz,Intel
c4.2xlarge,us-east-1,use1-az3,3,15.0,20.0,2.5,0.398,0.1751,56,c4,Computing,c,8.0,15.0,24154.71519,Intel(R) Xeon(R) CPU E5-2666 v3 @ 2.90GHz,Intel(R) Xeon(R) CPU E5-2666 v3 @ 2.90GHz,Intel
c4.2xlarge,us-east-1,use1-az4,3,45.0,50.0,2.5,0.398,0.1667,58,c4,Computing,c,8.0,15.0,24154.71519,Intel(R) Xeon(R) CPU E5-2666 v3 @ 2.90GHz,Intel(R) Xeon(R) CPU E5-2666 v3 @ 2.90GHz,Intel
c4.2xlarge,us-east-1,use1-az5,3,15.0,30.0,2.5,0.398,0.158,60,c4,Computing,c,8.0,15.0,24154.71519,Intel(R) Xeon(R) CPU E5-2666 v3 @ 2.90GHz,Intel(R) Xeon(R) CPU E5-2666 v3 @ 2.90GHz,Intel
c4.2xlarge,us-east-1,use1-az6,3,35.0,50.0,2.5,0.398,0.1836,53,c4,Computing,c,8.0,15.0,24154.71519,Intel(R) Xeon(R) CPU E5-2666 v3 @ 2.90GHz,Intel(R) Xeon(R) CPU E5-2666 v3 @ 2.90GHz,Intel
c4.4xlarge,us-east-1,use1-az1,3,50.0,50.0,2.0,0.796,0.3527,55,c4,Computing,c,16.0,30.0,24157.426562800003,Intel(R) Xeon(R) CPU E5-2666 v3 @ 2.90GHz,Intel(R) Xeon(R) CPU E5-2666 v3 @ 2.90GHz,Intel
c4.4xlarge,us-east-1,use1-az2,3,50.0,50.0,2.0,0.796,0.3078,61,c4,Computing,c,16.0,30.0,24157.426562800003,Intel(R) Xeon(R) CPU E5-2666 v3 @ 2.90GHz,Intel(R) Xeon(R) CPU E5-2666 v3 @ 2.90GHz,Intel
c4.4xlarge,us-east-1,use1-az3,3,10.0,10.0,2.0,0.796,0.3417,57,c4,Computing,c,16.0,30.0,24157.426562800003,Intel(R) Xeon(R) CPU E5-2666 v3 @ 2.90GHz,Intel(R) Xeon(R) CPU E5-2666 v3 @ 2.90GHz,Intel
c4.4xlarge,us-east-1,use1-az4,3,50.0,50.0,2.0,0.796,0.3351,57,c4,Computing,c,16.0,30.0,24157.426562800003,Intel(R) Xeon(R) CPU E5-2666 v3 @ 2.90GHz,Intel(R) Xeon(R) CPU E5-2666 v3 @ 2.90GHz,Intel
c4.4xlarge,us-east-1,use1-az5,3,50.0,50.0,2.0,0.796,0.3232,59,c4,Computing,c,16.0,30.0,24157.426562800003,Intel(R) Xeon(R) CPU E5-2666 v3 @ 2.90GHz,Intel(R) Xeon(R) CPU E5-2666 v3 @ 2.90GHz,Intel
c4.4xlarge,us-east-1,use1-az6,3,35.0,45.0,2.0,0.796,0.302,62,c4,Computing,c,16.0,30.0,24157.426562800003,Intel(R) Xeon(R) CPU E5-2666 v3 @ 2.90GHz,Intel(R) Xeon(R) CPU E5-2666 v3 @ 2.90GHz,Intel
c4.8xlarge,us-east-1,use1-az1,3,15.0,30.0,1.5,1.591,0.6095,61,c4,Computing,c,32.0,60.0,24066.19746,Intel(R) Xeon(R) CPU E5-2666 v3 @ 2.90GHz,Intel(R) Xeon(R) CPU E5-2666 v3 @ 2.90GHz,Intel
c4.8xlarge,us-east-1,use1-az2,3,30.0,40.0,1.5,1.591,0.6602,58,c4,Computing,c,32.0,60.0,24066.19746,Intel(R) Xeon(R) CPU E5-2666 v3 @ 2.90GHz,Intel(R) Xeon(R) CPU E5-2666 v3 @ 2.90GHz,Intel
c4.8xlarge,us-east-1,use1-az3,3,5.0,5.0,1.5,1.591,0.6037,62,c4,Computing,c,32.0,60.0,24066.19746,Intel(R) Xeon(R) CPU E5-2666 v3 @ 2.90GHz,Intel(R) Xeon(R) CPU E5-2666 v3 @ 2.90GHz,Intel
c4.8xlarge,us-east-1,use1-az4,3,50.0,50.0,1.5,1.591,0.6334,60,c4,Computing,c,32.0,60.0,24066.19746,Intel(R) Xeon(R) CPU E5-2666 v3 @ 2.90GHz,Intel(R) Xeon(R) CPU E5-2666 v3 @ 2.90GHz,Intel
c4.8xlarge,us-east-1,use1-az5,3,50.0,50.0,1.5,1.591,0.581,63,c4,Computing,c,32.0,60.0,24066.19746,Intel(R) Xeon(R) CPU E5-2666 v3 @ 2.90GHz,Intel(R) Xeon(R) CPU E5-2666 v3 @ 2.90GHz,Intel
c4.8xlarge,us-east-1,use1-az6,3,35.0,50.0,1.5,1.591,0.5962,62,c4,Computing,c,32.0,60.0,24066.19746,Intel(R) Xeon(R) CPU E5-2666 v3 @ 2.90GHz,Intel(R) Xeon(R) CPU E5-2666 v3 @ 2.90GHz,Intel
c4.large,us-east-1,use1-az1,3,20.0,30.0,2.5,0.1,0.0379,62,c4,Computing,c,2.0,3.0,24008.115126800003,Intel(R) Xeon(R) CPU E5-2666 v3 @ 2.90GHz,Intel(R) Xeon(R) CPU E5-2666 v3 @ 2.90GHz,Intel
c4.large,us-east-1,use1-az2,3,50.0,50.0,2.5,0.1,0.0368,63,c4,Computing,c,2.0,3.0,24008.115126800003,Intel(R) Xeon(R) CPU E5-2666 v3 @ 2.90GHz,Intel(R) Xeon(R) CPU E5-2666 v3 @ 2.90GHz,Intel
c4.large,us-east-1,use1-az3,3,25.0,30.0,2.5,0.1,0.0623,37,c4,Computing,c,2.0,3.0,24008.115126800003,Intel(R) Xeon(R) CPU E5-2666 v3 @ 2.90GHz,Intel(R) Xeon(R) CPU E5-2666 v3 @ 2.90GHz,Intel
c4.large,us-east-1,use1-az4,3,50.0,50.0,2.5,0.1,0.0448,55,c4,Computing,c,2.0,3.0,24008.115126800003,Intel(R) Xeon(R) CPU E5-2666 v3 @ 2.90GHz,Intel(R) Xeon(R) CPU E5-2666 v3 @ 2.90GHz,Intel
c4.large,us-east-1,use1-az5,3,50.0,50.0,2.5,0.1,0.0362,63,c4,Computing,c,2.0,3.0,24008.115126800003,Intel(R) Xeon(R) CPU E5-2666 v3 @ 2.90GHz,Intel(R) Xeon(R) CPU E5-2666 v3 @ 2.90GHz,Intel
c4.large,us-east-1,use1-az6,3,50.0,50.0,2.5,0.1,0.042,58,c4,Computing,c,2.0,3.0,24008.115126800003,Intel(R) Xeon(R) CPU E5-2666 v3 @ 2.90GHz,Intel(R) Xeon(R) CPU E5-2666 v3 @ 2.90GHz,Intel
c4.xlarge,us-east-1,use1-az1,3,50.0,50.0,1.5,0.199,0.0721,63,c4,Computing,c,4.0,7.0,24078.4102712,Intel(R) Xeon(R) CPU E5-2666 v3 @ 2.90GHz,Intel(R) Xeon(R) CPU E5-2666 v3 @ 2.90GHz,Intel
c4.xlarge,us-east-1,use1-az2,3,50.0,50.0,1.5,0.199,0.071,64,c4,Computing,c,4.0,7.0,24078.4102712,Intel(R) Xeon(R) CPU E5-2666 v3 @ 2.90GHz,Intel(R) Xeon(R) CPU E5-2666 v3 @ 2.90GHz,Intel
c4.xlarge,us-east-1,use1-az3,3,50.0,50.0,1.5,0.199,0.0861,56,c4,Computing,c,4.0,7.0,24078.4102712,Intel(R) Xeon(R) CPU E5-2666 v3 @ 2.90GHz,Intel(R) Xeon(R) CPU E5-2666 v3 @ 2.90GHz,Intel
c4.xlarge,us-east-1,use1-az4,3,50.0,50.0,1.5,0.199,0.0735,63,c4,Computing,c,4.0,7.0,24078.4102712,Intel(R) Xeon(R) CPU E5-2666 v3 @ 2.90GHz,Intel(R) Xeon(R) CPU E5-2666 v3 @ 2.90GHz,Intel
c4.xlarge,us-east-1,use1-az5,3,50.0,50.0,1.5,0.199,0.0685,65,c4,Computing,c,4.0,7.0,24078.4102712,Intel(R) Xeon(R) CPU E5-2666 v3 @ 2.90GHz,Intel(R) Xeon(R) CPU E5-2666 v3 @ 2.90GHz,Intel
c4.xlarge,us-east-1,use1-az6,3,50.0,50.0,1.5,0.199,0.0759,61,c4,Computing,c,4.0,7.0,24078.4102712,Intel(R) Xeon(R) CPU E5-2666 v3 @ 2.90GHz,Intel(R) Xeon(R) CPU E5-2666 v3 @ 2.90GHz,Intel
c5.12xlarge,us-east-1,use1-az1,3,50.0,50.0,1.0,2.04,0.7063,65,c5,Computing,c,48.0,96.0,28280.3929114,Intel(R) Xeon(R) Platinum 8275CL CPU @ 3.00GHz,Intel(R) Xeon(R) Platinum 8275CL CPU @ 3.00GHz,Intel
c5.12xlarge,us-east-1,use1-az2,3,50.0,50.0,1.0,2.04,0.7001,65,c5,Computing,c,48.0,96.0,28280.3929114,Intel(R) Xeon(R) Platinum 8275CL CPU @ 3.00GHz,Intel(R) Xeon(R) Platinum 8275CL CPU @ 3.00GHz,Intel
c5.12xlarge,us-east-1,use1-az4,3,50.0,50.0,1.0,2.04,0.6998,65,c5,Computing,c,48.0,96.0,28280.3929114,Intel(R) Xeon(R) Platinum 8275CL CPU @ 3.00GHz,Intel(R) Xeon(R) Platinum 8275CL CPU @ 3.00GHz,Intel
c5.12xlarge,us-east-1,use1-az5,3,50.0,50.0,1.0,2.04,0.7698,62,c5,Computing,c,48.0,96.0,28280.3929114,Intel(R) Xeon(R) Platinum 8275CL CPU @ 3.00GHz,Intel(R) Xeon(R) Platinum 8275CL CPU @ 3.00GHz,Intel
c5.12xlarge,us-east-1,use1-az6,3,50.0,50.0,1.0,2.04,0.7273,64,c5,Computing,c,48.0,96.0,28280.3929114,Intel(R) Xeon(R) Platinum 8275CL CPU @ 3.00GHz,Intel(R) Xeon(R) Platinum 8275CL CPU @ 3.00GHz,Intel
c5.18xlarge,us-east-1,use1-az1,3,15.0,20.0,1.5,3.06,1.1149,63,c5,Computing,c,72.0,144.0,25753.4321812,Intel(R) Xeon(R) Platinum 8124M CPU @ 3.00GHz,Intel(R) Xeon(R) Platinum 8124M CPU @ 3.00GHz,Intel
c5.18xlarge,us-east-1,use1-az2,3,50.0,50.0,1.5,3.06,1.1183,63,c5,Computing,c,72.0,144.0,25753.4321812,Intel(R) Xeon(R) Platinum 8124M CPU @ 3.00GHz,Intel(R) Xeon(R) Platinum 8124M CPU @ 3.00GHz,Intel
c5.18xlarge,us-east-1,use1-az4,3,50.0,50.0,1.5,3.06,0.9745,68,c5,Computing,c,72.0,144.0,25753.4321812,Intel(R) Xeon(R) Platinum 8124M CPU @ 3.00GHz,Intel(R) Xeon(R) Platinum 8124M CPU @ 3.00GHz,Intel
c5.18xlarge,us-east-1,use1-az5,3,30.0,50.0,1.5,3.06,1.1332,62,c5,Computing,c,72.0,144.0,25753.4321812,Intel(R) Xeon(R) Platinum 8124M CPU @ 3.00GHz,Intel(R) Xeon(R) Platinum 8124M CPU @ 3.00GHz,Intel
c5.18xlarge,us-east-1,use1-az6,3,40.0,50.0,1.5,3.06,1.0191,66,c5,Computing,c,72.0,144.0,25753.4321812,Intel(R) Xeon(R) Platinum 8124M CPU @ 3.00GHz,Intel(R) Xeon(R) Platinum 8124M CPU @ 3.00GHz,Intel
c5.24xlarge,us-east-1,use1-az1,2,0.0,1.0,2.0,4.08,1.4137,65,c5,Computing,c,96.0,192.0,28198.69509,Intel(R) Xeon(R) Platinum 8275CL CPU @ 3.00GHz,Intel(R) Xeon(R) Platinum 8275CL CPU @ 3.00GHz,Intel
c5.24xlarge,us-east-1,use1-az2,3,50.0,50.0,2.0,4.08,1.3749,66,c5,Computing,c,96.0,192.0,28198.69509,Intel(R) Xeon(R) Platinum 8275CL CPU @ 3.00GHz,Intel(R) Xeon(R) Platinum 8275CL CPU @ 3.00GHz,Intel
c5.24xlarge,us-east-1,use1-az4,3,50.0,50.0,2.0,4.08,1.35,66,c5,Computing,c,96.0,192.0,28198.69509,Intel(R) Xeon(R) Platinum 8275CL CPU @ 3.00GHz,Intel(R) Xeon(R) Platinum 8275CL CPU @ 3.00GHz,Intel
c5.24xlarge,us-east-1,use1-az5,3,50.0,50.0,2.0,4.08,1.4682,64,c5,Computing,c,96.0,192.0,28198.69509,Intel(R) Xeon(R) Platinum 8275CL CPU @ 3.00GHz,Intel(R) Xeon(R) Platinum 8275CL CPU @ 3.00GHz,Intel
c5.24xlarge,us-east-1,use1-az6,3,50.0,50.0,2.0,4.08,1.3039,68,c5,Computing,c,96.0,192.0,28198.69509,Intel(R) Xeon(R) Platinum 8275CL CPU @ 3.00GHz,Intel(R) Xeon(R) Platinum 8275CL CPU @ 3.00GHz,Intel
c5.2xlarge,us-east-1,use1-az1,3,50.0,50.0,2.5,0.34,0.1374,59,c5,Computing,c,8.0,16.0,25185.5018574,Intel(R) Xeon(R) Platinum 8124M CPU @ 3.00GHz,Intel(R) Xeon(R) Platinum 8124M CPU @ 3.00GHz,Intel
c5.2xlarge,us-east-1,use1-az2,3,50.0,50.0,2.5,0.34,0.1364,59,c5,Computing,c,8.0,16.0,25185.5018574,Intel(R) Xeon(R) Platinum 8124M CPU @ 3.00GHz,Intel(R) Xeon(R) Platinum 8124M CPU @ 3.00GHz,Intel
c5.2xlarge,us-east-1,use1-az4,3,50.0,50.0,2.5,0.34,0.1362,59,c5,Computing,c,8.0,16.0,25185.5018574,Intel(R) Xeon(R) Platinum 8124M CPU @ 3.00GHz,Intel(R) Xeon(R) Platinum 8124M CPU @ 3.00GHz,Intel
c5.2xlarge,us-east-1,use1-az5,3,50.0,50.0,2.5,0.34,0.1546,54,c5,Computing,c,8.0,16.0,25185.5018574,Intel(R) Xeon(R) Platinum 8124M CPU @ 3.00GHz,Intel(R) Xeon(R) Platinum 8124M CPU @ 3.00GHz,Intel
c5.2xlarge,us-east-1,use1-az6,3,50.0,50.0,2.5,0.34,0.1326,61,c5,Computing,c,8.0,16.0,25185.5018574,Intel(R) Xeon(R) Platinum 8124M CPU @ 3.00GHz,Intel(R) Xeon(R) Platinum 8124M CPU @ 3.00GHz,Intel
c5.4xlarge,us-east-1,use1-az1,3,50.0,50.0,2.5,0.68,0.2608,61,c5,Computing,c,16.0,32.0,25416.9891866,Intel(R) Xeon(R) Platinum 8223CL CPU @ 3.00GHz,Intel(R) Xeon(R) Platinum 8275CL CPU @ 3.00GHz,Intel
c5.4xlarge,us-east-1,use1-az2,3,50.0,50.0,2.5,0.68,0.2379,65,c5,Computing,c,16.0,32.0,25416.9891866,Intel(R) Xeon(R) Platinum 8223CL CPU @ 3.00GHz,Intel(R) Xeon(R) Platinum 8275CL CPU @ 3.00GHz,Intel
c5.4xlarge,us-east-1,use1-az4,3,50.0,50.0,2.5,0.68,0.2333,65,c5,Computing,c,16.0,32.0,25416.9891866,Intel(R) Xeon(R) Platinum 8223CL CPU @ 3.00GHz,Intel(R) Xeon(R) Platinum 8275CL CPU @ 3.00GHz,Intel
c5.4xlarge,us-east-1,use1-az5,3,50.0,50.0,2.5,0.68,0.2613,61,c5,Computing,c,16.0,32.0,25416.9891866,Intel(R) Xeon(R) Platinum 8223CL CPU @ 3.00GHz,Intel(R) Xeon(R) Platinum 8275CL CPU @ 3.00GHz,Intel
c5.4xlarge,us-east-1,use1-az6,3,50.0,50.0,2.5,0.68,0.2456,63,c5,Computing,c,16.0,32.0,25416.9891866,Intel(R) Xeon(R) Platinum 8223CL CPU @ 3.00GHz,Intel(R) Xeon(R) Platinum 8275CL CPU @ 3.00GHz,Intel
c5.9xlarge,us-east-1,use1-az1,3,50.0,50.0,2.5,1.53,0.6579,57,c5,Computing,c,36.0,72.0,25775.331019800004,Intel(R) Xeon(R) Platinum 8124M CPU @ 3.00GHz,Intel(R) Xeon(R) Platinum 8124M CPU @ 3.00GHz,Intel
c5.9xlarge,us-east-1,use1-az2,3,50.0,50.0,2.5,1.53,0.6556,57,c5,Computing,c,36.0,72.0,25775.331019800004,Intel(R) Xeon(R) Platinum 8124M CPU @ 3.00GHz,Intel(R) Xeon(R) Platinum 8124M CPU @ 3.00GHz,Intel
c5.9xlarge,us-east-1,use1-az4,3,50.0,50.0,2.5,1.53,0.5519,63,c5,Computing,c,36.0,72.0,25775.331019800004,Intel(R) Xeon(R) Platinum 8124M CPU @ 3.00GHz,Intel(R) Xeon(R) Platinum 8124M CPU @ 3.00GHz,Intel
c5.9xlarge,us-east-1,use1-az5,3,50.0,50.0,2.5,1.53,0.584,61,c5,Computing,c,36.0,72.0,25775.331019800004,Intel(R) Xeon(R) Platinum 8124M CPU @ 3.00GHz,Intel(R) Xeon(R) Platinum 8124M CPU @ 3.00GHz,Intel
c5.9xlarge,us-east-1,use1-az6,3,50.0,50.0,2.5,1.53,0.6412,58,c5,Computing,c,36.0,72.0,25775.331019800004,Intel(R) Xeon(R) Platinum 8124M CPU @ 3.00GHz,Intel(R) Xeon(R) Platinum 8124M CPU @ 3.00GHz,Intel
c5.large,us-east-1,use1-az1,3,50.0,50.0,2.5,0.085,0.0325,61,c5,Computing,c,2.0,4.0,25334.1638072,Intel(R) Xeon(R) Platinum 8124M CPU @ 3.00GHz,Intel(R) Xeon(R) Platinum 8124M CPU @ 3.00GHz,Intel
c5.large,us-east-1,use1-az2,3,50.0,50.0,2.5,0.085,0.0316,62,c5,Computing,c,2.0,4.0,25334.1638072,Intel(R) Xeon(R) Platinum 8124M CPU @ 3.00GHz,Intel(R) Xeon(R) Platinum 8124M CPU @ 3.00GHz,Intel
c5.large,us-east-1,use1-az4,3,50.0,50.0,2.5,0.085,0.0326,61,c5,Computing,c,2.0,4.0,25334.1638072,Intel(R) Xeon(R) Platinum 8124M CPU @ 3.00GHz,Intel(R) Xeon(R) Platinum 8124M CPU @ 3.00GHz,Intel
c5.large,us-east-1,use1-az5,3,50.0,50.0,2.5,0.085,0.0347,59,c5,Computing,c,2.0,4.0,25334.1638072,Intel(R) Xeon(R) Platinum 8124M CPU @ 3.00GHz,Intel(R) Xeon(R) Platinum 8124M CPU @ 3.00GHz,Intel
c5.large,us-east-1,use1-az6,3,50.0,50.0,2.5,0.085,0.0319,62,c5,Computing,c,2.0,4.0,25334.1638072,Intel(R) Xeon(R) Platinum 8124M CPU @ 3.00GHz,Intel(R) Xeon(R) Platinum 8124M CPU @ 3.00GHz,Intel
c5.xlarge,us-east-1,use1-az1,3,50.0,50.0,3.0,0.17,0.0798,53,c5,Computing,c,4.0,8.0,25343.5530924,Intel(R) Xeon(R) Platinum 8124M CPU @ 3.00GHz,Intel(R) Xeon(R) Platinum 8124M CPU @ 3.00GHz,Intel
c5.xlarge,us-east-1,use1-az2,3,50.0,50.0,3.0,0.17,0.0735,56,c5,Computing,c,4.0,8.0,25343.5530924,Intel(R) Xeon(R) Platinum 8124M CPU @ 3.00GHz,Intel(R) Xeon(R) Platinum 8124M CPU @ 3.00GHz,Intel
c5.xlarge,us-east-1,use1-az4,3,50.0,50.0,3.0,0.17,0.0769,54,c5,Computing,c,4.0,8.0,25343.5530924,Intel(R) Xeon(R) Platinum 8124M CPU @ 3.00GHz,Intel(R) Xeon(R) Platinum 8124M CPU @ 3.00GHz,Intel
c5.xlarge,us-east-1,use1-az5,3,50.0,50.0,3.0,0.17,0.0673,60,c5,Computing,c,4.0,8.0,25343.5530924,Intel(R) Xeon(R) Platinum 8124M CPU @ 3.00GHz,Intel(R) Xeon(R) Platinum 8124M CPU @ 3.00GHz,Intel
c5.xlarge,us-east-1,use1-az6,3,50.0,50.0,3.0,0.17,0.0766,54,c5,Computing,c,4.0,8.0,25343.5530924,Intel(R) Xeon(R) Platinum 8124M CPU @ 3.00GHz,Intel(R) Xeon(R) Platinum 8124M CPU @ 3.00GHz,Intel
c5a.12xlarge,us-east-1,use1-az1,3,25.0,35.0,1.0,1.848,0.6514,64,c5a,Computing,c,48.0,96.0,25686.3364664,AMD EPYC 7R32,AMD EPYC 7R32,AuthenticAMD
c5a.12xlarge,us-east-1,use1-az2,3,10.0,15.0,1.0,1.848,0.8305,55,c5a,Computing,c,48.0,96.0,25686.3364664,AMD EPYC 7R32,AMD EPYC 7R32,AuthenticAMD
c5a.12xlarge,us-east-1,use1-az4,3,25.0,50.0,1.0,1.848,0.812,56,c5a,Computing,c,48.0,96.0,25686.3364664,AMD EPYC 7R32,AMD EPYC 7R32,AuthenticAMD
c5a.12xlarge,us-east-1,use1-az5,3,1.0,5.0,1.0,1.848,0.9051,51,c5a,Computing,c,48.0,96.0,25686.3364664,AMD EPYC 7R32,AMD EPYC 7R32,AuthenticAMD
c5a.12xlarge,us-east-1,use1-az6,3,10.0,20.0,1.0,1.848,0.9304,49,c5a,Computing,c,48.0,96.0,25686.3364664,AMD EPYC 7R32,AMD EPYC 7R32,AuthenticAMD
c5a.16xlarge,us-east-1,use1-az1,3,1.0,1.0,1.0,2.464,0.98,60,c5a,Computing,c,64.0,128.0,25261.390485400003,AMD EPYC 7R32,AMD EPYC 7R32,AuthenticAMD
c5a.16xlarge,us-east-1,use1-az2,3,1.0,1.0,1.0,2.464,1.1206,54,c5a,Computing,c,64.0,128.0,25261.390485400003,AMD EPYC 7R32,AMD EPYC 7R32,AuthenticAMD
c5a.16xlarge,us-east-1,use1-az4,3,1.0,1.0,1.0,2.464,1.1679,52,c5a,Computing,c,64.0,128.0,25261.390485400003,AMD EPYC 7R32,AMD EPYC 7R32,AuthenticAMD
c5a.16xlarge,us-east-1,use1-az5,3,1.0,1.0,1.0,2.464,1.0378,57,c5a,Computing,c,64.0,128.0,25261.390485400003,AMD EPYC 7R32,AMD EPYC 7R32,AuthenticAMD
c5a.16xlarge,us-east-1,use1-az6,3,1.0,5.0,1.0,2.464,1.075,56,c5a,Computing,c,64.0,128.0,25261.390485400003,AMD EPYC 7R32,AMD EPYC 7R32,AuthenticAMD
c5a.24xlarge,us-east-1,use1-az1,3,1.0,1.0,2.0,3.696,1.5087,59,c5a,Computing,c,96.0,192.0,25173.024361,AMD EPYC 7R32,AMD EPYC 7R32,AuthenticAMD
c5a.24xlarge,us-east-1,use1-az2,3,1.0,1.0,2.0,3.696,1.6334,55,c5a,Computing,c,96.0,192.0,25173.024361,AMD EPYC 7R32,AMD EPYC 7R32,AuthenticAMD
c5a.24xlarge,us-east-1,use1-az4,3,1.0,1.0,2.0,3.696,1.8051,51,c5a,Computing,c,96.0,192.0,25173.024361,AMD EPYC 7R32,AMD EPYC 7R32,AuthenticAMD
c5a.24xlarge,us-east-1,use1-az5,3,1.0,1.0,2.0,3.696,1.5092,59,c5a,Computing,c,96.0,192.0,25173.024361,AMD EPYC 7R32,AMD EPYC 7R32,AuthenticAMD
c5a.24xlarge,us-east-1,use1-az6,3,15.0,25.0,2.0,3.696,1.4351,61,c5a,Computing,c,96.0,192.0,25173.024361,AMD EPYC 7R32,AMD EPYC 7R32,AuthenticAMD
c5a.2xlarge,us-east-1,use1-az1,3,50.0,50.0,2.0,0.308,0.1414,54,c5a,Computing,c,8.0,16.0,25707.401216,AMD EPYC 7R32,AMD EPYC 7R32,AuthenticAMD
c5a.2xlarge,us-east-1,use1-az2,3,50.0,50.0,2.0,0.308,0.134,56,c5a,Computing,c,8.0,16.0,25707.401216,AMD EPYC 7R32,AMD EPYC 7R32,AuthenticAMD
c5a.2xlarge,us-east-1,use1-az4,3,50.0,50.0,2.0,0.308,0.1464,52,c5a,Computing,c,8.0,16.0,25707.401216,AMD EPYC 7R32,AMD EPYC 7R32,AuthenticAMD
c5a.2xlarge,us-east-1,use1-az5,3,50.0,50.0,2.0,0.308,0.1298,57,c5a,Computing,c,8.0,16.0,25707.401216,AMD EPYC 7R32,AMD EPYC 7R32,AuthenticAMD
c5a.2xlarge,us-east-1,use1-az6,3,50.0,50.0,2.0,0.308,0.1307,57,c5a,Computing,c,8.0,16.0,25707.401216,AMD EPYC 7R32,AMD EPYC 7R32,AuthenticAMD
c5a.4xlarge,us-east-1,use1-az1,3,15.0,25.0,2.0,0.616,0.2599,57,c5a,Computing,c,16.0,32.0,25652.725096799997,AMD EPYC 7R32,AMD EPYC 7R32,AuthenticAMD
c5a.4xlarge,us-east-1,use1-az2,3,50.0,50.0,2.0,0.616,0.281,54,c5a,Computing,c,16.0,32.0,25652.725096799997,AMD EPYC 7R32,AMD EPYC 7R32,AuthenticAMD
c5a.4xlarge,us-east-1,use1-az4,3,50.0,50.0,2.0,0.616,0.2552,58,c5a,Computing,c,16.0,32.0,25652.725096799997,AMD EPYC 7R32,AMD EPYC 7R32,AuthenticAMD
c5a.4xlarge,us-east-1,use1-az5,3,15.0,35.0,2.0,0.616,0.2704,56,c5a,Computing,c,16.0,32.0,25652.725096799997,AMD EPYC 7R32,AMD EPYC 7R32,AuthenticAMD
c5a.4xlarge,us-east-1,use1-az6,3,50.0,50.0,2.0,0.616,0.2602,57,c5a,Computing,c,16.0,32.0,25652.725096799997,AMD EPYC 7R32,AMD EPYC 7R32,AuthenticAMD
c5a.8xlarge,us-east-1,use1-az1,3,15.0,25.0,1.5,1.232,0.533,56,c5a,Computing,c,32.0,64.0,25695.0604604,AMD EPYC 7R32,AMD EPYC 7R32,AuthenticAMD
c5a.8xlarge,us-east-1,use1-az2,3,10.0,15.0,1.5,1.232,0.5655,54,c5a,Computing,c,32.0,64.0,25695.0604604,AMD EPYC 7R32,AMD EPYC 7R32,AuthenticAMD
c5a.8xlarge,us-east-1,use1-az4,3,15.0,20.0,1.5,1.232,0.552,55,c5a,Computing,c,32.0,64.0,25695.0604604,AMD EPYC 7R32,AMD EPYC 7R32,AuthenticAMD
c5a.8xlarge,us-east-1,use1-az5,3,15.0,25.0,1.5,1.232,0.5443,55,c5a,Computing,c,32.0,64.0,25695.0604604,AMD EPYC 7R32,AMD EPYC 7R32,AuthenticAMD
c5a.8xlarge,us-east-1,use1-az6,3,30.0,50.0,1.5,1.232,0.5672,53,c5a,Computing,c,32.0,64.0,25695.0604604,AMD EPYC 7R32,AMD EPYC 7R32,AuthenticAMD
c5a.large,us-east-1,use1-az1,3,50.0,50.0,3.0,0.077,0.0349,54,c5a,Computing,c,2.0,4.0,25741.5259838,AMD EPYC 7R32,AMD EPYC 7R32,AuthenticAMD
c5a.large,us-east-1,use1-az2,3,50.0,50.0,3.0,0.077,0.0301,60,c5a,Computing,c,2.0,4.0,25741.5259838,AMD EPYC 7R32,AMD EPYC 7R32,AuthenticAMD
c5a.large,us-east-1,use1-az4,3,50.0,50.0,3.0,0.077,0.0299,61,c5a,Computing,c,2.0,4.0,25741.5259838,AMD EPYC 7R32,AMD EPYC 7R32,AuthenticAMD
c5a.large,us-east-1,use1-az5,3,50.0,50.0,3.0,0.077,0.0283,63,c5a,Computing,c,2.0,4.0,25741.5259838,AMD EPYC 7R32,AMD EPYC 7R32,AuthenticAMD
c5a.large,us-east-1,use1-az6,3,50.0,50.0,3.0,0.077,0.0321,58,c5a,Computing,c,2.0,4.0,25741.5259838,AMD EPYC 7R32,AMD EPYC 7R32,AuthenticAMD
c5a.xlarge,us-east-1,use1-az1,3,50.0,50.0,3.0,0.154,0.079,48,c5a,Computing,c,4.0,8.0,25675.7815368,AMD EPYC 7R32,AMD EPYC 7R32,AuthenticAMD
c5a.xlarge,us-east-1,use1-az2,3,50.0,50.0,3.0,0.154,0.0683,55,c5a,Computing,c,4.0,8.0,25675.7815368,AMD EPYC 7R32,AMD EPYC 7R32,AuthenticAMD
c5a.xlarge,us-east-1,use1-az4,3,50.0,50.0,3.0,0.154,0.0743,51,c5a,Computing,c,4.0,8.0,25675.7815368,AMD EPYC 7R32,AMD EPYC 7R32,AuthenticAMD
c5a.xlarge,us-east-1,use1-az5,3,50.0,50.0,3.0,0.154,0.0651,57,c5a,Computing,c,4.0,8.0,25675.7815368,AMD EPYC 7R32,AMD EPYC 7R32,AuthenticAMD
c5a.xlarge,us-east-1,use1-az6,3,50.0,50.0,3.0,0.154,0.0793,48,c5a,Computing,c,4.0,8.0,25675.7815368,AMD EPYC 7R32,AMD EPYC 7R32,AuthenticAMD
c5ad.12xlarge,us-east-1,use1-az1,3,1.0,5.0,2.0,2.064,1.0713,48,c5ad,Computing,c,48.0,96.0,25675.4019,AMD EPYC 7R32,AMD EPYC 7R32,AuthenticAMD
c5ad.12xlarge,us-east-1,use1-az2,3,1.0,5.0,2.0,2.064,0.9874,52,c5ad,Computing,c,48.0,96.0,25675.4019,AMD EPYC 7R32,AMD EPYC 7R32,AuthenticAMD
c5ad.12xlarge,us-east-1,use1-az4,3,1.0,5.0,2.0,2.064,0.8554,58,c5ad,Computing,c,48.0,96.0,25675.4019,AMD EPYC 7R32,AMD EPYC 7R32,AuthenticAMD
c5ad.12xlarge,us-east-1,use1-az5,1,0.0,0.0,2.0,2.064,0.7995,61,c5ad,Computing,c,48.0,96.0,25675.4019,AMD EPYC 7R32,AMD EPYC 7R32,AuthenticAMD
c5ad.12xlarge,us-east-1,use1-az6,3,5.0,10.0,2.0,2.064,0.994,51,c5ad,Computing,c,48.0,96.0,25675.4019,AMD EPYC 7R32,AMD EPYC 7R32,AuthenticAMD
c5ad.16xlarge,us-east-1,use1-az1,3,1.0,1.0,2.0,2.752,1.3704,50,c5ad,Computing,c,64.0,128.0,25258.0656,AMD EPYC 7R32,AMD EPYC 7R32,AuthenticAMD
c5ad.16xlarge,us-east-1,use1-az2,3,5.0,5.0,2.0,2.752,1.3738,50,c5ad,Computing,c,64.0,128.0,25258.0656,AMD EPYC 7R32,AMD EPYC 7R32,AuthenticAMD
c5ad.16xlarge,us-east-1,use1-az4,3,5.0,5.0,2.0,2.752,1.2123,55,c5ad,Computing,c,64.0,128.0,25258.0656,AMD EPYC 7R32,AMD EPYC 7R32,AuthenticAMD
c5ad.16xlarge,us-east-1,use1-az5,3,1.0,1.0,2.0,2.752,1.014,63,c5ad,Computing,c,64.0,128.0,25258.0656,AMD EPYC 7R32,AMD EPYC 7R32,AuthenticAMD
c5ad.16xlarge,us-east-1,use1-az6,3,10.0,20.0,2.0,2.752,1.3862,49,c5ad,Computing,c,64.0,128.0,25258.0656,AMD EPYC 7R32,AMD EPYC 7R32,AuthenticAMD
c5ad.24xlarge,us-east-1,use1-az1,3,1.0,1.0,2.0,4.128,2.086,49,c5ad,Computing,c,96.0,192.0,25209.2465,AMD EPYC 7R32,AMD EPYC 7R32,AuthenticAMD
c5ad.24xlarge,us-east-1,use1-az2,3,5.0,5.0,2.0,4.128,1.9998,51,c5ad,Computing,c,96.0,192.0,25209.2465,AMD EPYC 7R32,AMD EPYC 7R32,AuthenticAMD
c5ad.24xlarge,us-east-1,use1-az4,3,5.0,10.0,2.0,4.128,1.859,54,c5ad,Computing,c,96.0,192.0,25209.2465,AMD EPYC 7R32,AMD EPYC 7R32,AuthenticAMD
c5ad.24xlarge,us-east-1,use1-az5,3,1.0,1.0,2.0,4.128,1.4932,63,c5ad,Computing,c,96.0,192.0,25209.2465,AMD EPYC 7R32,AMD EPYC 7R32,AuthenticAMD
c5ad.24xlarge,us-east-1,use1-az6,3,5.0,10.0,2.0,4.128,1.6548,59,c5ad,Computing,c,96.0,192.0,25209.2465,AMD EPYC 7R32,AMD EPYC 7R32,AuthenticAMD
c5ad.2xlarge,us-east-1,use1-az1,3,5.0,5.0,2.5,0.344,0.1588,53,c5ad,Computing,c,8.0,16.0,25382.921,AMD EPYC 7R32,AMD EPYC 7R32,AuthenticAMD
c5ad.2xlarge,us-east-1,use1-az2,3,20.0,35.0,2.5,0.344,0.1734,49,c5ad,Computing,c,8.0,16.0,25382.921,AMD EPYC 7R32,AMD EPYC 7R32,AuthenticAMD
c5ad.2xlarge,us-east-1,use1-az4,3,20.0,30.0,2.5,0.344,0.1836,46,c5ad,Computing,c,8.0,16.0,25382.921,AMD EPYC 7R32,AMD EPYC 7R32,AuthenticAMD
c5ad.2xlarge,us-east-1,use1-az5,3,5.0,5.0,2.5,0.344,0.1743,49,c5ad,Computing,c,8.0,16.0,25382.921,AMD EPYC 7R32,AMD EPYC 7R32,AuthenticAMD
c5ad.2xlarge,us-east-1,use1-az6,3,15.0,25.0,2.5,0.344,0.1901,44,c5ad,Computing,c,8.0,16.0,25382.921,AMD EPYC 7R32,AMD EPYC 7R32,AuthenticAMD
c5ad.4xlarge,us-east-1,use1-az1,3,10.0,15.0,1.5,0.688,0.3246,52,c5ad,Computing,c,16.0,32.0,25670.1421,AMD EPYC 7R32,AMD EPYC 7R32,AuthenticAMD
c5ad.4xlarge,us-east-1,use1-az2,3,10.0,20.0,1.5,0.688,0.3272,52,c5ad,Computing,c,16.0,32.0,25670.1421,AMD EPYC 7R32,AMD EPYC 7R32,AuthenticAMD
c5ad.4xlarge,us-east-1,use1-az4,3,5.0,10.0,1.5,0.688,0.2803,59,c5ad,Computing,c,16.0,32.0,25670.1421,AMD EPYC 7R32,AMD EPYC 7R32,AuthenticAMD
c5ad.4xlarge,us-east-1,use1-az5,3,1.0,5.0,1.5,0.688,0.2889,58,c5ad,Computing,c,16.0,32.0,25670.1421,AMD EPYC 7R32,AMD EPYC 7R32,AuthenticAMD
c5ad.4xlarge,us-east-1,use1-az6,3,40.0,50.0,1.5,0.688,0.3282,52,c5ad,Computing,c,16.0,32.0,25670.1421,AMD EPYC 7R32,AMD EPYC 7R32,AuthenticAMD
c5ad.8xlarge,us-east-1,use1-az1,3,1.0,1.0,2.0,1.376,0.6499,52,c5ad,Computing,c,32.0,64.0,25690.6216,AMD EPYC 7R32,AMD EPYC 7R32,AuthenticAMD
c5ad.8xlarge,us-east-1,use1-az2,3,5.0,10.0,2.0,1.376,0.7224,47,c5ad,Computing,c,32.0,64.0,25690.6216,AMD EPYC 7R32,AMD EPYC 7R32,AuthenticAMD
c5ad.8xlarge,us-east-1,use1-az4,3,5.0,5.0,2.0,1.376,0.6573,52,c5ad,Computing,c,32.0,64.0,25690.6216,AMD EPYC 7R32,AMD EPYC 7R32,AuthenticAMD
c5ad.8xlarge,us-east-1,use1-az5,3,1.0,1.0,2.0,1.376,0.5884,57,c5ad,Computing,c,32.0,64.0,25690.6216,AMD EPYC 7R32,AMD EPYC 7R32,AuthenticAMD
c5ad.8xlarge,us-east-1,use1-az6,3,5.0,5.0,2.0,1.376,0.7663,44,c5ad,Computing,c,32.0,64.0,25690.6216,AMD EPYC 7R32,AMD EPYC 7R32,AuthenticAMD
c5ad.large,us-east-1,use1-az1,3,15.0,20.0,2.5,0.086,0.0398,53,c5ad,Computing,c,2.0,4.0,25722.6759,AMD EPYC 7R32,AMD EPYC 7R32,AuthenticAMD
c5ad.large,us-east-1,use1-az2,3,45.0,50.0,2.5,0.086,0.0374,56,c5ad,Computing,c,2.0,4.0,25722.6759,AMD EPYC 7R32,AMD EPYC 7R32,AuthenticAMD
c5ad.large,us-east-1,use1-az4,3,20.0,35.0,2.5,0.086,0.0384,55,c5ad,Computing,c,2.0,4.0,25722.6759,AMD EPYC 7R32,AMD EPYC 7R32,AuthenticAMD
c5ad.large,us-east-1,use1-az5,3,20.0,35.0,2.5,0.086,0.0338,60,c5ad,Computing,c,2.0,4.0,25722.6759,AMD EPYC 7R32,AMD EPYC 7R32,AuthenticAMD
c5ad.large,us-east-1,use1-az6,3,50.0,50.0,2.5,0.086,0.0389,54,c5ad,Computing,c,2.0,4.0,25722.6759,AMD EPYC 7R32,AMD EPYC 7R32,AuthenticAMD
c5ad.xlarge,us-east-1,use1-az1,3,15.0,20.0,2.5,0.172,0.0714,58,c5ad,Computing,c,4.0,8.0,25603.8914,AMD EPYC 7R32,AMD EPYC 7R32,AuthenticAMD
c5ad.xlarge,us-east-1,use1-az2,3,20.0,45.0,2.5,0.172,0.071,58,c5ad,Computing,c,4.0,8.0,25603.8914,AMD EPYC 7R32,AMD EPYC 7R32,AuthenticAMD
c5ad.xlarge,us-east-1,use1-az4,3,15.0,25.0,2.5,0.172,0.082,52,c5ad,Computing,c,4.0,8.0,25603.8914,AMD EPYC 7R32,AMD EPYC 7R32,AuthenticAMD
c5ad.xlarge,us-east-1,use1-az5,3,5.0,10.0,2.5,0.172,0.0746,56,c5ad,Computing,c,4.0,8.0,25603.8914,AMD EPYC 7R32,AMD EPYC 7R32,AuthenticAMD
c5ad.xlarge,us-east-1,use1-az6,3,50.0,50.0,2.5,0.172,0.0808,53,c5ad,Computing,c,4.0,8.0,25603.8914,AMD EPYC 7R32,AMD EPYC 7R32,AuthenticAMD
c5d.12xlarge,us-east-1,use1-az2,3,10.0,20.0,2.0,2.304,0.8819,61,c5d,Computing,c,48.0,96.0,28283.4333,Intel(R) Xeon(R) Platinum 8275CL CPU @ 3.00GHz,Intel(R) Xeon(R) Platinum 8275CL CPU @ 3.00GHz,Intel
c5d.12xlarge,us-east-1,use1-az4,3,15.0,30.0,2.0,2.304,0.9343,59,c5d,Computing,c,48.0,96.0,28283.4333,Intel(R) Xeon(R) Platinum 8275CL CPU @ 3.00GHz,Intel(R) Xeon(R) Platinum 8275CL CPU @ 3.00GHz,Intel
c5d.12xlarge,us-east-1,use1-az6,3,20.0,30.0,2.0,2.304,0.9374,59,c5d,Computing,c,48.0,96.0,28283.4333,Intel(R) Xeon(R) Platinum 8275CL CPU @ 3.00GHz,Intel(R) Xeon(R) Platinum 8275CL CPU @ 3.00GHz,Intel
c5d.18xlarge,us-east-1,use1-az1,1,0.0,0.0,2.5,3.456,1.3956,59,c5d,Computing,c,72.0,144.0,25760.2507,Intel(R) Xeon(R) Platinum 8124M CPU @ 3.00GHz,Intel(R) Xeon(R) Platinum 8124M CPU @ 3.00GHz,Intel
c5d.18xlarge,us-east-1,use1-az2,3,50.0,50.0,2.5,3.456,1.1145,67,c5d,Computing,c,72.0,144.0,25760.2507,Intel(R) Xeon(R) Platinum 8124M CPU @ 3.00GHz,Intel(R) Xeon(R) Platinum 8124M CPU @ 3.00GHz,Intel
c5d.18xlarge,us-east-1,use1-az4,3,50.0,50.0,2.5,3.456,1.5703,54,c5d,Computing,c,72.0,144.0,25760.2507,Intel(R) Xeon(R) Platinum 8124M CPU @ 3.00GHz,Intel(R) Xeon(R) Platinum 8124M CPU @ 3.00GHz,Intel
c5d.18xlarge,us-east-1,use1-az5,3,15.0,25.0,2.5,3.456,1.2939,62,c5d,Computing,c,72.0,144.0,25760.2507,Intel(R) Xeon(R) Platinum 8124M CPU @ 3.00GHz,Intel(R) Xeon(R) Platinum 8124M CPU @ 3.00GHz,Intel
c5d.18xlarge,us-east-1,use1-az6,3,50.0,50.0,2.5,3.456,1.4218,58,c5d,Computing,c,72.0,144.0,25760.2507,Intel(R) Xeon(R) Platinum 8124M CPU @ 3.00GHz,Intel(R) Xeon(R) Platinum 8124M CPU @ 3.00GHz,Intel
c5d.24xlarge,us-east-1,use1-az2,3,5.0,10.0,1.0,4.608,1.4718,68,c5d,Computing,c,96.0,192.0,28263.4929,Intel(R) Xeon(R) Platinum 8275CL CPU @ 3.00GHz,Intel(R) Xeon(R) Platinum 8275CL CPU @ 3.00GHz,Intel
c5d.24xlarge,us-east-1,use1-az4,3,10.0,20.0,1.0,4.608,1.7498,62,c5d,Computing,c,96.0,192.0,28263.4929,Intel(R) Xeon(R) Platinum 8275CL CPU @ 3.00GHz,Intel(R) Xeon(R) Platinum 8275CL CPU @ 3.00GHz,Intel
c5d.24xlarge,us-east-1,use1-az6,3,45.0,50.0,1.0,4.608,1.549,66,c5d,Computing,c,96.0,192.0,28263.4929,Intel(R) Xeon(R) Platinum 8275CL CPU @ 3.00GHz,Intel(R) Xeon(R) Platinum 8275CL CPU @ 3.00GHz,Intel
c5d.2xlarge,us-east-1,use1-az1,3,35.0,45.0,2.5,0.384,0.1837,52,c5d,Computing,c,8.0,16.0,25406.7688,Intel(R) Xeon(R) Platinum 8124M CPU @ 3.00GHz,Intel(R) Xeon(R) Platinum 8124M CPU @ 3.00GHz,Intel
c5d.2xlarge,us-east-1,use1-az2,3,50.0,50.0,2.5,0.384,0.1709,55,c5d,Computing,c,8.0,16.0,25406.7688,Intel(R) Xeon(R) Platinum 8124M CPU @ 3.00GHz,Intel(R) Xeon(R) Platinum 8124M CPU @ 3.00GHz,Intel
c5d.2xlarge,us-east-1,use1-az4,3,50.0,50.0,2.5,0.384,0.1957,49,c5d,Computing,c,8.0,16.0,25406.7688,Intel(R) Xeon(R) Platinum 8124M CPU @ 3.00GHz,Intel(R) Xeon(R) Platinum 8124M CPU @ 3.00GHz,Intel
c5d.2xlarge,us-east-1,use1-az5,3,10.0,20.0,2.5,0.384,0.1626,57,c5d,Computing,c,8.0,16.0,25406.7688,Intel(R) Xeon(R) Platinum 8124M CPU @ 3.00GHz,Intel(R) Xeon(R) Platinum 8124M CPU @ 3.00GHz,Intel
c5d.2xlarge,us-east-1,use1-az6,3,50.0,50.0,2.5,0.384,0.1799,53,c5d,Computing,c,8.0,16.0,25406.7688,Intel(R) Xeon(R) Platinum 8124M CPU @ 3.00GHz,Intel(R) Xeon(R) Platinum 8124M CPU @ 3.00GHz,Intel
c5d.4xlarge,us-east-1,use1-az1,3,50.0,50.0,2.5,0.768,0.3728,51,c5d,Computing,c,16.0,32.0,25389.2496,Intel(R) Xeon(R) Platinum 8124M CPU @ 3.00GHz,Intel(R) Xeon(R) Platinum 8124M CPU @ 3.00GHz,Intel
c5d.4xlarge,us-east-1,use1-az2,3,50.0,50.0,2.5,0.768,0.3584,53,c5d,Computing,c,16.0,32.0,25389.2496,Intel(R) Xeon(R) Platinum 8124M CPU @ 3.00GHz,Intel(R) Xeon(R) Platinum 8124M CPU @ 3.00GHz,Intel
c5d.4xlarge,us-east-1,use1-az4,3,50.0,50.0,2.5,0.768,0.3801,50,c5d,Computing,c,16.0,32.0,25389.2496,Intel(R) Xeon(R) Platinum 8124M CPU @ 3.00GHz,Intel(R) Xeon(R) Platinum 8124M CPU @ 3.00GHz,Intel
c5d.4xlarge,us-east-1,use1-az5,3,15.0,25.0,2.5,0.768,0.3757,51,c5d,Computing,c,16.0,32.0,25389.2496,Intel(R) Xeon(R) Platinum 8124M CPU @ 3.00GHz,Intel(R) Xeon(R) Platinum 8124M CPU @ 3.00GHz,Intel
c5d.4xlarge,us-east-1,use1-az6,3,50.0,50.0,2.5,0.768,0.377,50,c5d,Computing,c,16.0,32.0,25389.2496,Intel(R) Xeon(R) Platinum 8124M CPU @ 3.00GHz,Intel(R) Xeon(R) Platinum 8124M CPU @ 3.00GHz,Intel
c5d.9xlarge,us-east-1,use1-az1,3,10.0,25.0,2.5,1.728,0.7747,55,c5d,Computing,c,36.0,72.0,25792.6322,Intel(R) Xeon(R) Platinum 8124M CPU @ 3.00GHz,Intel(R) Xeon(R) Platinum 8124M CPU @ 3.00GHz,Intel
c5d.9xlarge,us-east-1,use1-az2,3,50.0,50.0,2.5,1.728,0.6795,60,c5d,Computing,c,36.0,72.0,25792.6322,Intel(R) Xeon(R) Platinum 8124M CPU @ 3.00GHz,Intel(R) Xeon(R) Platinum 8124M CPU @ 3.00GHz,Intel
c5d.9xlarge,us-east-1,use1-az4,3,50.0,50.0,2.5,1.728,0.8137,52,c5d,Computing,c,36.0,72.0,25792.6322,Intel(R) Xeon(R) Platinum 8124M CPU @ 3.00GHz,Intel(R) Xeon(R) Platinum 8124M CPU @ 3.00GHz,Intel
c5d.9xlarge,us-east-1,use1-az5,3,25.0,35.0,2.5,1.728,0.6308,63,c5d,Computing,c,36.0,72.0,25792.6322,Intel(R) Xeon(R) Platinum 8124M CPU @ 3.00GHz,Intel(R) Xeon(R) Platinum 8124M CPU @ 3.00GHz,Intel
c5d.9xlarge,us-east-1,use1-az6,3,50.0,50.0,2.5,1.728,0.7799,54,c5d,Computing,c,36.0,72.0,25792.6322,Intel(R) Xeon(R) Platinum 8124M CPU @ 3.00GHz,Intel(R) Xeon(R) Platinum 8124M CPU @ 3.00GHz,Intel
c5d.large,us-east-1,use1-az1,3,50.0,50.0,3.0,0.096,0.0416,56,c5d,Computing,c,2.0,4.0,25379.4678,Intel(R) Xeon(R) Platinum 8124M CPU @ 3.00GHz,Intel(R) Xeon(R) Platinum 8124M CPU @ 3.00GHz,Intel
c5d.large,us-east-1,use1-az2,3,50.0,50.0,3.0,0.096,0.0461,51,c5d,Computing,c,2.0,4.0,25379.4678,Intel(R) Xeon(R) Platinum 8124M CPU @ 3.00GHz,Intel(R) Xeon(R) Platinum 8124M CPU @ 3.00GHz,Intel
c5d.large,us-east-1,use1-az4,3,50.0,50.0,3.0,0.096,0.0426,55,c5d,Computing,c,2.0,4.0,25379.4678,Intel(R) Xeon(R) Platinum 8124M CPU @ 3.00GHz,Intel(R) Xeon(R) Platinum 8124M CPU @ 3.00GHz,Intel
c5d.large,us-east-1,use1-az5,3,20.0,30.0,3.0,0.096,0.0383,60,c5d,Computing,c,2.0,4.0,25379.4678,Intel(R) Xeon(R) Platinum 8124M CPU @ 3.00GHz,Intel(R) Xeon(R) Platinum 8124M CPU @ 3.00GHz,Intel
c5d.large,us-east-1,use1-az6,3,50.0,50.0,3.0,0.096,0.0404,57,c5d,Computing,c,2.0,4.0,25379.4678,Intel(R) Xeon(R) Platinum 8124M CPU @ 3.00GHz,Intel(R) Xeon(R) Platinum 8124M CPU @ 3.00GHz,Intel
c5d.xlarge,us-east-1,use1-az1,3,50.0,50.0,3.0,0.192,0.0972,49,c5d,Computing,c,4.0,8.0,25422.1435,Intel(R) Xeon(R) Platinum 8124M CPU @ 3.00GHz,Intel(R) Xeon(R) Platinum 8124M CPU @ 3.00GHz,Intel
c5d.xlarge,us-east-1,use1-az2,3,50.0,50.0,3.0,0.192,0.0912,52,c5d,Computing,c,4.0,8.0,25422.1435,Intel(R) Xeon(R) Platinum 8124M CPU @ 3.00GHz,Intel(R) Xeon(R) Platinum 8124M CPU @ 3.00GHz,Intel
c5d.xlarge,us-east-1,use1-az4,3,50.0,50.0,3.0,0.192,0.0969,49,c5d,Computing,c,4.0,8.0,25422.1435,Intel(R) Xeon(R) Platinum 8124M CPU @ 3.00GHz,Intel(R) Xeon(R) Platinum 8124M CPU @ 3.00GHz,Intel
c5d.xlarge,us-east-1,use1-az5,3,10.0,25.0,3.0,0.192,0.073,61,c5d,Computing,c,4.0,8.0,25422.1435,Intel(R) Xeon(R) Platinum 8124M CPU @ 3.00GHz,Intel(R) Xeon(R) Platinum 8124M CPU @ 3.00GHz,Intel
c5d.xlarge,us-east-1,use1-az6,3,50.0,50.0,3.0,0.192,0.0892,53,c5d,Computing,c,4.0,8.0,25422.1435,Intel(R) Xeon(R) Platinum 8124M CPU @ 3.00GHz,Intel(R) Xeon(R) Platinum 8124M CPU @ 3.00GHz,Intel
c5n.18xlarge,us-east-1,use1-az1,3,50.0,50.0,3.0,3.888,1.6089,58,c5n,Computing,c,72.0,192.0,25763.0081642,Intel(R) Xeon(R) Platinum 8124M CPU @ 3.00GHz,Intel(R) Xeon(R) Platinum 8124M CPU @ 3.00GHz,Intel
c5n.18xlarge,us-east-1,use1-az2,3,15.0,20.0,3.0,3.888,1.8278,52,c5n,Computing,c,72.0,192.0,25763.0081642,Intel(R) Xeon(R) Platinum 8124M CPU @ 3.00GHz,Intel(R) Xeon(R) Platinum 8124M CPU @ 3.00GHz,Intel
c5n.18xlarge,us-east-1,use1-az4,3,50.0,50.0,3.0,3.888,1.6659,57,c5n,Computing,c,72.0,192.0,25763.0081642,Intel(R) Xeon(R) Platinum 8124M CPU @ 3.00GHz,Intel(R) Xeon(R) Platinum 8124M CPU @ 3.00GHz,Intel
c5n.18xlarge,us-east-1,use1-az5,3,5.0,10.0,3.0,3.888,1.4064,63,c5n,Computing,c,72.0,192.0,25763.0081642,Intel(R) Xeon(R) Platinum 8124M CPU @ 3.00GHz,Intel(R) Xeon(R) Platinum 8124M CPU @ 3.00GHz,Intel
c5n.18xlarge,us-east-1,use1-az6,1,0.0,0.0,3.0,3.888,1.6044,58,c5n,Computing,c,72.0,192.0,25763.0081642,Intel(R) Xeon(R) Platinum 8124M CPU @ 3.00GHz,Intel(R) Xeon(R) Platinum 8124M CPU @ 3.00GHz,Intel
c5n.2xlarge,us-east-1,use1-az1,3,35.0,50.0,1.5,0.432,0.2056,52,c5n,Computing,c,8.0,21.0,25394.801298,Intel(R) Xeon(R) Platinum 8124M CPU @ 3.00GHz,Intel(R) Xeon(R) Platinum 8124M CPU @ 3.00GHz,Intel
c5n.2xlarge,us-east-1,use1-az2,3,10.0,15.0,1.5,0.432,0.1982,54,c5n,Computing,c,8.0,21.0,25394.801298,Intel(R) Xeon(R) Platinum 8124M CPU @ 3.00GHz,Intel(R) Xeon(R) Platinum 8124M CPU @ 3.00GHz,Intel
c5n.2xlarge,us-east-1,use1-az4,3,30.0,45.0,1.5,0.432,0.195,54,c5n,Computing,c,8.0,21.0,25394.801298,Intel(R) Xeon(R) Platinum 8124M CPU @ 3.00GHz,Intel(R) Xeon(R) Platinum 8124M CPU @ 3.00GHz,Intel
c5n.2xlarge,us-east-1,use1-az5,3,5.0,10.0,1.5,0.432,0.1704,60,c5n,Computing,c,8.0,21.0,25394.801298,Intel(R) Xeon(R) Platinum 8124M CPU @ 3.00GHz,Intel(R) Xeon(R) Platinum 8124M CPU @ 3.00GHz,Intel
c5n.2xlarge,us-east-1,use1-az6,3,25.0,35.0,1.5,0.432,0.1848,57,c5n,Computing,c,8.0,21.0,25394.801298,Intel(R) Xeon(R) Platinum 8124M CPU @ 3.00GHz,Intel(R) Xeon(R) Platinum 8124M CPU @ 3.00GHz,Intel
c5n.4xlarge,us-east-1,use1-az1,3,40.0,50.0,1.0,0.864,0.3817,55,c5n,Computing,c,16.0,42.0,25403.409049,Intel(R) Xeon(R) Platinum 8124M CPU @ 3.00GHz,Intel(R) Xeon(R) Platinum 8124M CPU @ 3.00GHz,Intel
c5n.4xlarge,us-east-1,use1-az2,3,5.0,5.0,1.0,0.864,0.3931,54,c5n,Computing,c,16.0,42.0,25403.409049,Intel(R) Xeon(R) Platinum 8124M CPU @ 3.00GHz,Intel(R) Xeon(R) Platinum 8124M CPU @ 3.00GHz,Intel
c5n.4xlarge,us-east-1,use1-az4,3,20.0,35.0,1.0,0.864,0.4265,50,c5n,Computing,c,16.0,42.0,25403.409049,Intel(R) Xeon(R) Platinum 8124M CPU @ 3.00GHz,Intel(R) Xeon(R) Platinum 8124M CPU @ 3.00GHz,Intel
c5n.4xlarge,us-east-1,use1-az5,3,1.0,5.0,1.0,0.864,0.3683,57,c5n,Computing,c,16.0,42.0,25403.409049,Intel(R) Xeon(R) Platinum 8124M CPU @ 3.00GHz,Intel(R) Xeon(R) Platinum 8124M CPU @ 3.00GHz,Intel
c5n.4xlarge,us-east-1,use1-az6,3,1.0,5.0,1.0,0.864,0.3664,57,c5n,Computing,c,16.0,42.0,25403.409049,Intel(R) Xeon(R) Platinum 8124M CPU @ 3.00GHz,Intel(R) Xeon(R) Platinum 8124M CPU @ 3.00GHz,Intel
c5n.9xlarge,us-east-1,use1-az1,3,35.0,50.0,1.5,1.944,0.8974,53,c5n,Computing,c,36.0,96.0,25765.3756172,Intel(R) Xeon(R) Platinum 8124M CPU @ 3.00GHz,Intel(R) Xeon(R) Platinum 8124M CPU @ 3.00GHz,Intel
c5n.9xlarge,us-east-1,use1-az2,3,5.0,10.0,1.5,1.944,0.8537,56,c5n,Computing,c,36.0,96.0,25765.3756172,Intel(R) Xeon(R) Platinum 8124M CPU @ 3.00GHz,Intel(R) Xeon(R) Platinum 8124M CPU @ 3.00GHz,Intel
c5n.9xlarge,us-east-1,use1-az4,3,25.0,40.0,1.5,1.944,0.8822,54,c5n,Computing,c,36.0,96.0,25765.3756172,Intel(R) Xeon(R) Platinum 8124M CPU @ 3.00GHz,Intel(R) Xeon(R) Platinum 8124M CPU @ 3.00GHz,Intel
c5n.9xlarge,us-east-1,use1-az5,3,5.0,10.0,1.5,1.944,0.6313,67,c5n,Computing,c,36.0,96.0,25765.3756172,Intel(R) Xeon(R) Platinum 8124M CPU @ 3.00GHz,Intel(R) Xeon(R) Platinum 8124M CPU @ 3.00GHz,Intel
c5n.9xlarge,us-east-1,use1-az6,2,0.0,1.0,1.5,1.944,0.7316,62,c5n,Computing,c,36.0,96.0,25765.3756172,Intel(R) Xeon(R) Platinum 8124M CPU @ 3.00GHz,Intel(R) Xeon(R) Platinum 8124M CPU @ 3.00GHz,Intel
c5n.large,us-east-1,use1-az1,3,35.0,50.0,1.5,0.108,0.044,59,c5n,Computing,c,2.0,5.0,25378.780024,Intel(R) Xeon(R) Platinum 8124M CPU @ 3.00GHz,Intel(R) Xeon(R) Platinum 8124M CPU @ 3.00GHz,Intel
c5n.large,us-east-1,use1-az2,3,15.0,30.0,1.5,0.108,0.0437,59,c5n,Computing,c,2.0,5.0,25378.780024,Intel(R) Xeon(R) Platinum 8124M CPU @ 3.00GHz,Intel(R) Xeon(R) Platinum 8124M CPU @ 3.00GHz,Intel
c5n.large,us-east-1,use1-az4,3,50.0,50.0,1.5,0.108,0.0453,58,c5n,Computing,c,2.0,5.0,25378.780024,Intel(R) Xeon(R) Platinum 8124M CPU @ 3.00GHz,Intel(R) Xeon(R) Platinum 8124M CPU @ 3.00GHz,Intel
c5n.large,us-east-1,use1-az5,3,10.0,20.0,1.5,0.108,0.0372,65,c5n,Computing,c,2.0,5.0,25378.780024,Intel(R) Xeon(R) Platinum 8124M CPU @ 3.00GHz,Intel(R) Xeon(R) Platinum 8124M CPU @ 3.00GHz,Intel
c5n.large,us-east-1,use1-az6,3,10.0,20.0,1.5,0.108,0.0429,60,c5n,Computing,c,2.0,5.0,25378.780024,Intel(R) Xeon(R) Platinum 8124M CPU @ 3.00GHz,Intel(R) Xeon(R) Platinum 8124M CPU @ 3.00GHz,Intel
c5n.xlarge,us-east-1,use1-az1,3,30.0,40.0,2.5,0.216,0.1099,49,c5n,Computing,c,4.0,10.0,25402.903327,Intel(R) Xeon(R) Platinum 8124M CPU @ 3.00GHz,Intel(R) Xeon(R) Platinum 8124M CPU @ 3.00GHz,Intel
c5n.xlarge,us-east-1,use1-az2,3,10.0,15.0,2.5,0.216,0.0859,60,c5n,Computing,c,4.0,10.0,25402.903327,Intel(R) Xeon(R) Platinum 8124M CPU @ 3.00GHz,Intel(R) Xeon(R) Platinum 8124M CPU @ 3.00GHz,Intel
c5n.xlarge,us-east-1,use1-az4,3,50.0,50.0,2.5,0.216,0.0945,56,c5n,Computing,c,4.0,10.0,25402.903327,Intel(R) Xeon(R) Platinum 8124M CPU @ 3.00GHz,Intel(R) Xeon(R) Platinum 8124M CPU @ 3.00GHz,Intel
c5n.xlarge,us-east-1,use1-az5,3,1.0,5.0,2.5,0.216,0.0937,56,c5n,Computing,c,4.0,10.0,25402.903327,Intel(R) Xeon(R) Platinum 8124M CPU @ 3.00GHz,Intel(R) Xeon(R) Platinum 8124M CPU @ 3.00GHz,Intel
c5n.xlarge,us-east-1,use1-az6,3,5.0,5.0,2.5,0.216,0.1067,50,c5n,Computing,c,4.0,10.0,25402.903327,Intel(R) Xeon(R) Platinum 8124M CPU @ 3.00GHz,Intel(R) Xeon(R) Platinum 8124M CPU @ 3.00GHz,Intel
c6a.12xlarge,us-east-1,use1-az1,3,10.0,20.0,1.5,1.836,0.6931,62,c6a,Computing,c,48.0,96.0,33324.930290000004,AMD EPYC 7R13 Processor,AMD EPYC 7R13 Processor,AuthenticAMD
c6a.12xlarge,us-east-1,use1-az2,3,50.0,50.0,1.5,1.836,0.6859,62,c6a,Computing,c,48.0,96.0,33324.930290000004,AMD EPYC 7R13 Processor,AMD EPYC 7R13 Processor,AuthenticAMD
c6a.12xlarge,us-east-1,use1-az4,3,50.0,50.0,1.5,1.836,0.7223,60,c6a,Computing,c,48.0,96.0,33324.930290000004,AMD EPYC 7R13 Processor,AMD EPYC 7R13 Processor,AuthenticAMD
c6a.12xlarge,us-east-1,use1-az5,3,5.0,5.0,1.5,1.836,0.7447,59,c6a,Computing,c,48.0,96.0,33324.930290000004,AMD EPYC 7R13 Processor,AMD EPYC 7R13 Processor,AuthenticAMD
c6a.12xlarge,us-east-1,use1-az6,3,30.0,45.0,1.5,1.836,0.708,61,c6a,Computing,c,48.0,96.0,33324.930290000004,AMD EPYC 7R13 Processor,AMD EPYC 7R13 Processor,AuthenticAMD
c6a.16xlarge,us-east-1,use1-az1,3,1.0,5.0,2.0,2.448,1.0755,56,c6a,Computing,c,64.0,128.0,34519.2044584,AMD EPYC 7R13 Processor,AMD EPYC 7R13 Processor,AuthenticAMD
c6a.16xlarge,us-east-1,use1-az2,3,5.0,5.0,2.0,2.448,0.9556,60,c6a,Computing,c,64.0,128.0,34519.2044584,AMD EPYC 7R13 Processor,AMD EPYC 7R13 Processor,AuthenticAMD
c6a.16xlarge,us-east-1,use1-az4,3,15.0,25.0,2.0,2.448,0.9889,59,c6a,Computing,c,64.0,128.0,34519.2044584,AMD EPYC 7R13 Processor,AMD EPYC 7R13 Processor,AuthenticAMD
c6a.16xlarge,us-east-1,use1-az5,3,20.0,30.0,2.0,2.448,0.9463,61,c6a,Computing,c,64.0,128.0,34519.2044584,AMD EPYC 7R13 Processor,AMD EPYC 7R13 Processor,AuthenticAMD
c6a.16xlarge,us-east-1,use1-az6,3,35.0,50.0,2.0,2.448,1.1195,54,c6a,Computing,c,64.0,128.0,34519.2044584,AMD EPYC 7R13 Processor,AMD EPYC 7R13 Processor,AuthenticAMD
c6a.24xlarge,us-east-1,use1-az1,3,1.0,5.0,1.5,3.672,1.4283,61,c6a,Computing,c,96.0,192.0,33373.607559000004,AMD EPYC 7R13 Processor,AMD EPYC 7R13 Processor,AuthenticAMD
c6a.24xlarge,us-east-1,use1-az2,3,5.0,10.0,1.5,3.672,1.2559,65,c6a,Computing,c,96.0,192.0,33373.607559000004,AMD EPYC 7R13 Processor,AMD EPYC 7R13 Processor,AuthenticAMD
c6a.24xlarge,us-east-1,use1-az4,3,1.0,1.0,1.5,3.672,1.3794,62,c6a,Computing,c,96.0,192.0,33373.607559000004,AMD EPYC 7R13 Processor,AMD EPYC 7R13 Processor,AuthenticAMD
c6a.24xlarge,us-east-1,use1-az5,3,1.0,1.0,1.5,3.672,1.451,60,c6a,Computing,c,96.0,192.0,33373.607559000004,AMD EPYC 7R13 Processor,AMD EPYC 7R13 Processor,AuthenticAMD
c6a.24xlarge,us-east-1,use1-az6,3,25.0,40.0,1.5,3.672,1.4509,60,c6a,Computing,c,96.0,192.0,33373.607559000004,AMD EPYC 7R13 Processor,AMD EPYC 7R13 Processor,AuthenticAMD
c6a.2xlarge,us-east-1,use1-az1,3,50.0,50.0,3.0,0.306,0.1376,55,c6a,Computing,c,8.0,16.0,33373.383458000004,AMD EPYC 7R13 Processor,AMD EPYC 7R13 Processor,AuthenticAMD
c6a.2xlarge,us-east-1,use1-az2,3,50.0,50.0,3.0,0.306,0.1494,51,c6a,Computing,c,8.0,16.0,33373.383458000004,AMD EPYC 7R13 Processor,AMD EPYC 7R13 Processor,AuthenticAMD
c6a.2xlarge,us-east-1,use1-az4,3,50.0,50.0,3.0,0.306,0.1509,50,c6a,Computing,c,8.0,16.0,33373.383458000004,AMD EPYC 7R13 Processor,AMD EPYC 7R13 Processor,AuthenticAMD
c6a.2xlarge,us-east-1,use1-az5,3,25.0,35.0,3.0,0.306,0.1164,61,c6a,Computing,c,8.0,16.0,33373.383458000004,AMD EPYC 7R13 Processor,AMD EPYC 7R13 Processor,AuthenticAMD
c6a.2xlarge,us-east-1,use1-az6,3,50.0,50.0,3.0,0.306,0.1577,48,c6a,Computing,c,8.0,16.0,33373.383458000004,AMD EPYC 7R13 Processor,AMD EPYC 7R13 Processor,AuthenticAMD
c6a.32xlarge,us-east-1,use1-az1,1,0.0,0.0,1.0,4.896,1.9473,60,c6a,Computing,c,128.0,256.0,34539.950602799996,AMD EPYC 7R13 Processor,AMD EPYC 7R13 Processor,AuthenticAMD
c6a.32xlarge,us-east-1,use1-az2,3,1.0,1.0,1.0,4.896,1.7773,63,c6a,Computing,c,128.0,256.0,34539.950602799996,AMD EPYC 7R13 Processor,AMD EPYC 7R13 Processor,AuthenticAMD
c6a.32xlarge,us-east-1,use1-az4,3,1.0,1.0,1.0,4.896,1.831,62,c6a,Computing,c,128.0,256.0,34539.950602799996,AMD EPYC 7R13 Processor,AMD EPYC 7R13 Processor,AuthenticAMD
c6a.32xlarge,us-east-1,use1-az5,3,1.0,1.0,1.0,4.896,1.8913,61,c6a,Computing,c,128.0,256.0,34539.950602799996,AMD EPYC 7R13 Processor,AMD EPYC 7R13 Processor,AuthenticAMD
c6a.32xlarge,us-east-1,use1-az6,3,5.0,10.0,1.0,4.896,2.2223,54,c6a,Computing,c,128.0,256.0,34539.950602799996,AMD EPYC 7R13 Processor,AMD EPYC 7R13 Processor,AuthenticAMD
c6a.48xlarge,us-east-1,use1-az1,3,1.0,1.0,2.0,7.344,2.8786,60,c6a,Computing,c,192.0,384.0,33388.224271600004,AMD EPYC 7R13 Processor,AMD EPYC 7R13 Processor,AuthenticAMD
c6a.48xlarge,us-east-1,use1-az2,3,1.0,5.0,2.0,7.344,2.4614,66,c6a,Computing,c,192.0,384.0,33388.224271600004,AMD EPYC 7R13 Processor,AMD EPYC 7R13 Processor,AuthenticAMD
c6a.48xlarge,us-east-1,use1-az4,1,0.0,0.0,2.0,7.344,2.8031,61,c6a,Computing,c,192.0,384.0,33388.224271600004,AMD EPYC 7R13 Processor,AMD EPYC 7R13 Processor,AuthenticAMD
c6a.48xlarge,us-east-1,use1-az5,3,10.0,15.0,2.0,7.344,2.5302,65,c6a,Computing,c,192.0,384.0,33388.224271600004,AMD EPYC 7R13 Processor,AMD EPYC 7R13 Processor,AuthenticAMD
c6a.48xlarge,us-east-1,use1-az6,3,10.0,15.0,2.0,7.344,2.7598,62,c6a,Computing,c,192.0,384.0,33388.224271600004,AMD EPYC 7R13 Processor,AMD EPYC 7R13 Processor,AuthenticAMD
c6a.4xlarge,us-east-1,use1-az1,3,50.0,50.0,2.5,0.612,0.2602,57,c6a,Computing,c,16.0,32.0,33305.3249148,AMD EPYC 7R13 Processor,AMD EPYC 7R13 Processor,AuthenticAMD
c6a.4xlarge,us-east-1,use1-az2,3,50.0,50.0,2.5,0.612,0.27,55,c6a,Computing,c,16.0,32.0,33305.3249148,AMD EPYC 7R13 Processor,AMD EPYC 7R13 Processor,AuthenticAMD
c6a.4xlarge,us-east-1,use1-az4,3,50.0,50.0,2.5,0.612,0.2876,53,c6a,Computing,c,16.0,32.0,33305.3249148,AMD EPYC 7R13 Processor,AMD EPYC 7R13 Processor,AuthenticAMD
c6a.4xlarge,us-east-1,use1-az5,3,20.0,40.0,2.5,0.612,0.2879,52,c6a,Computing,c,16.0,32.0,33305.3249148,AMD EPYC 7R13 Processor,AMD EPYC 7R13 Processor,AuthenticAMD
c6a.4xlarge,us-east-1,use1-az6,3,50.0,50.0,2.5,0.612,0.2559,58,c6a,Computing,c,16.0,32.0,33305.3249148,AMD EPYC 7R13 Processor,AMD EPYC 7R13 Processor,AuthenticAMD
c6a.8xlarge,us-east-1,use1-az1,3,20.0,45.0,1.5,1.224,0.5849,52,c6a,Computing,c,32.0,64.0,33289.65002660001,AMD EPYC 7R13 Processor,AMD EPYC 7R13 Processor,AuthenticAMD
c6a.8xlarge,us-east-1,use1-az2,3,50.0,50.0,1.5,1.224,0.4608,62,c6a,Computing,c,32.0,64.0,33289.65002660001,AMD EPYC 7R13 Processor,AMD EPYC 7R13 Processor,AuthenticAMD
c6a.8xlarge,us-east-1,use1-az4,3,50.0,50.0,1.5,1.224,0.4967,59,c6a,Computing,c,32.0,64.0,33289.65002660001,AMD EPYC 7R13 Processor,AMD EPYC 7R13 Processor,AuthenticAMD
c6a.8xlarge,us-east-1,use1-az5,3,50.0,50.0,1.5,1.224,0.5683,53,c6a,Computing,c,32.0,64.0,33289.65002660001,AMD EPYC 7R13 Processor,AMD EPYC 7R13 Processor,AuthenticAMD
c6a.8xlarge,us-east-1,use1-az6,3,50.0,50.0,1.5,1.224,0.4886,60,c6a,Computing,c,32.0,64.0,33289.65002660001,AMD EPYC 7R13 Processor,AMD EPYC 7R13 Processor,AuthenticAMD
c6a.large,us-east-1,use1-az1,3,50.0,50.0,3.0,0.0765,0.033,56,c6a,Computing,c,2.0,4.0,33314.9004888,AMD EPYC 7R13 Processor,AMD EPYC 7R13 Processor,AuthenticAMD
c6a.large,us-east-1,use1-az2,3,50.0,50.0,3.0,0.0765,0.0314,58,c6a,Computing,c,2.0,4.0,33314.9004888,AMD EPYC 7R13 Processor,AMD EPYC 7R13 Processor,AuthenticAMD
c6a.large,us-east-1,use1-az4,3,50.0,50.0,3.0,0.0765,0.0328,57,c6a,Computing,c,2.0,4.0,33314.9004888,AMD EPYC 7R13 Processor,AMD EPYC 7R13 Processor,AuthenticAMD
c6a.large,us-east-1,use1-az5,3,50.0,50.0,3.0,0.0765,0.0286,62,c6a,Computing,c,2.0,4.0,33314.9004888,AMD EPYC 7R13 Processor,AMD EPYC 7R13 Processor,AuthenticAMD
c6a.large,us-east-1,use1-az6,3,50.0,50.0,3.0,0.0765,0.0318,58,c6a,Computing,c,2.0,4.0,33314.9004888,AMD EPYC 7R13 Processor,AMD EPYC 7R13 Processor,AuthenticAMD
c6a.xlarge,us-east-1,use1-az1,3,50.0,50.0,3.0,0.153,0.0627,59,c6a,Computing,c,4.0,8.0,33371.1748894,AMD EPYC 7R13 Processor,AMD EPYC 7R13 Processor,AuthenticAMD
c6a.xlarge,us-east-1,use1-az2,3,50.0,50.0,3.0,0.153,0.072,52,c6a,Computing,c,4.0,8.0,33371.1748894,AMD EPYC 7R13 Processor,AMD EPYC 7R13 Processor,AuthenticAMD
c6a.xlarge,us-east-1,use1-az4,3,50.0,50.0,3.0,0.153,0.0684,55,c6a,Computing,c,4.0,8.0,33371.1748894,AMD EPYC 7R13 Processor,AMD EPYC 7R13 Processor,AuthenticAMD
c6a.xlarge,us-east-1,use1-az5,3,50.0,50.0,3.0,0.153,0.0642,58,c6a,Computing,c,4.0,8.0,33371.1748894,AMD EPYC 7R13 Processor,AMD EPYC 7R13 Processor,AuthenticAMD
c6a.xlarge,us-east-1,use1-az6,3,50.0,50.0,3.0,0.153,0.0687,55,c6a,Computing,c,4.0,8.0,33371.1748894,AMD EPYC 7R13 Processor,AMD EPYC 7R13 Processor,AuthenticAMD
c6g.12xlarge,us-east-1,use1-az1,3,20.0,35.0,3.0,1.632,0.5428,66,c6g,Computing,c,48.0,96.0,19340.1904786,AWS Graviton2 Processor,Neoverse-N1,AWS
c6g.12xlarge,us-east-1,use1-az2,3,50.0,50.0,3.0,1.632,0.5375,67,c6g,Computing,c,48.0,96.0,19340.1904786,AWS Graviton2 Processor,Neoverse-N1,AWS
c6g.12xlarge,us-east-1,use1-az4,3,50.0,50.0,3.0,1.632,0.5471,66,c6g,Computing,c,48.0,96.0,19340.1904786,AWS Graviton2 Processor,Neoverse-N1,AWS
c6g.12xlarge,us-east-1,use1-az5,3,50.0,50.0,3.0,1.632,0.5329,67,c6g,Computing,c,48.0,96.0,19340.1904786,AWS Graviton2 Processor,Neoverse-N1,AWS
c6g.12xlarge,us-east-1,use1-az6,3,50.0,50.0,3.0,1.632,0.576,64,c6g,Computing,c,48.0,96.0,19340.1904786,AWS Graviton2 Processor,Neoverse-N1,AWS
c6g.16xlarge,us-east-1,use1-az1,3,1.0,5.0,2.5,2.176,0.9249,57,c6g,Computing,c,64.0,128.0,19338.6211634,AWS Graviton2 Processor,Neoverse-N1,AWS
c6g.16xlarge,us-east-1,use1-az2,3,50.0,50.0,2.5,2.176,0.704,67,c6g,Computing,c,64.0,128.0,19338.6211634,AWS Graviton2 Processor,Neoverse-N1,AWS
c6g.16xlarge,us-east-1,use1-az4,3,50.0,50.0,2.5,2.176,0.6891,68,c6g,Computing,c,64.0,128.0,19338.6211634,AWS Graviton2 Processor,Neoverse-N1,AWS
c6g.16xlarge,us-east-1,use1-az5,3,50.0,50.0,2.5,2.176,0.7439,65,c6g,Computing,c,64.0,128.0,19338.6211634,AWS Graviton2 Processor,Neoverse-N1,AWS
c6g.16xlarge,us-east-1,use1-az6,3,50.0,50.0,2.5,2.176,0.7369,66,c6g,Computing,c,64.0,128.0,19338.6211634,AWS Graviton2 Processor,Neoverse-N1,AWS
c6g.2xlarge,us-east-1,use1-az1,3,25.0,50.0,3.0,0.272,0.1353,50,c6g,Computing,c,8.0,16.0,19334.7323786,AWS Graviton2 Processor,Neoverse-N1,AWS
c6g.2xlarge,us-east-1,use1-az2,3,50.0,50.0,3.0,0.272,0.1056,61,c6g,Computing,c,8.0,16.0,19334.7323786,AWS Graviton2 Processor,Neoverse-N1,AWS
c6g.2xlarge,us-east-1,use1-az4,3,50.0,50.0,3.0,0.272,0.1047,61,c6g,Computing,c,8.0,16.0,19334.7323786,AWS Graviton2 Processor,Neoverse-N1,AWS
c6g.2xlarge,us-east-1,use1-az5,3,50.0,50.0,3.0,0.272,0.0941,65,c6g,Computing,c,8.0,16.0,19334.7323786,AWS Graviton2 Processor,Neoverse-N1,AWS
c6g.2xlarge,us-east-1,use1-az6,3,50.0,50.0,3.0,0.272,0.1056,61,c6g,Computing,c,8.0,16.0,19334.7323786,AWS Graviton2 Processor,Neoverse-N1,AWS
c6g.4xlarge,us-east-1,use1-az1,3,50.0,50.0,3.0,0.544,0.1993,63,c6g,Computing,c,16.0,32.0,19336.901911,AWS Graviton2 Processor,Neoverse-N1,AWS
c6g.4xlarge,us-east-1,use1-az2,3,50.0,50.0,3.0,0.544,0.1827,66,c6g,Computing,c,16.0,32.0,19336.901911,AWS Graviton2 Processor,Neoverse-N1,AWS
c6g.4xlarge,us-east-1,use1-az4,3,50.0,50.0,3.0,0.544,0.1845,66,c6g,Computing,c,16.0,32.0,19336.901911,AWS Graviton2 Processor,Neoverse-N1,AWS
c6g.4xlarge,us-east-1,use1-az5,3,50.0,50.0,3.0,0.544,0.1988,63,c6g,Computing,c,16.0,32.0,19336.901911,AWS Graviton2 Processor,Neoverse-N1,AWS
c6g.4xlarge,us-east-1,use1-az6,3,50.0,50.0,3.0,0.544,0.1867,65,c6g,Computing,c,16.0,32.0,19336.901911,AWS Graviton2 Processor,Neoverse-N1,AWS
c6g.8xlarge,us-east-1,use1-az1,3,50.0,50.0,3.0,1.088,0.3962,63,c6g,Computing,c,32.0,64.0,19338.9945948,AWS Graviton2 Processor,Neoverse-N1,AWS
c6g.8xlarge,us-east-1,use1-az2,3,50.0,50.0,3.0,1.088,0.3707,65,c6g,Computing,c,32.0,64.0,19338.9945948,AWS Graviton2 Processor,Neoverse-N1,AWS
c6g.8xlarge,us-east-1,use1-az4,3,50.0,50.0,3.0,1.088,0.3678,66,c6g,Computing,c,32.0,64.0,19338.9945948,AWS Graviton2 Processor,Neoverse-N1,AWS
c6g.8xlarge,us-east-1,use1-az5,3,50.0,50.0,3.0,1.088,0.3844,64,c6g,Computing,c,32.0,64.0,19338.9945948,AWS Graviton2 Processor,Neoverse-N1,AWS
c6g.8xlarge,us-east-1,use1-az6,3,50.0,50.0,3.0,1.088,0.3667,66,c6g,Computing,c,32.0,64.0,19338.9945948,AWS Graviton2 Processor,Neoverse-N1,AWS
c6g.large,us-east-1,use1-az1,3,50.0,50.0,2.5,0.068,0.0344,49,c6g,Computing,c,2.0,4.0,19338.172986800004,AWS Graviton2 Processor,Neoverse-N1,AWS
c6g.large,us-east-1,use1-az2,3,50.0,50.0,2.5,0.068,0.0277,59,c6g,Computing,c,2.0,4.0,19338.172986800004,AWS Graviton2 Processor,Neoverse-N1,AWS
c6g.large,us-east-1,use1-az4,3,50.0,50.0,2.5,0.068,0.0239,64,c6g,Computing,c,2.0,4.0,19338.172986800004,AWS Graviton2 Processor,Neoverse-N1,AWS
c6g.large,us-east-1,use1-az5,3,50.0,50.0,2.5,0.068,0.0276,59,c6g,Computing,c,2.0,4.0,19338.172986800004,AWS Graviton2 Processor,Neoverse-N1,AWS
c6g.large,us-east-1,use1-az6,3,50.0,50.0,2.5,0.068,0.0256,62,c6g,Computing,c,2.0,4.0,19338.172986800004,AWS Graviton2 Processor,Neoverse-N1,AWS
c6g.medium,us-east-1,use1-az1,3,10.0,15.0,3.0,0.034,0.0135,60,c6g,Computing,c,1.0,2.0,19336.375908,AWS Graviton2 Processor,Neoverse-N1,AWS
c6g.medium,us-east-1,use1-az2,3,50.0,50.0,3.0,0.034,0.0131,61,c6g,Computing,c,1.0,2.0,19336.375908,AWS Graviton2 Processor,Neoverse-N1,AWS
c6g.medium,us-east-1,use1-az4,3,50.0,50.0,3.0,0.034,0.0139,59,c6g,Computing,c,1.0,2.0,19336.375908,AWS Graviton2 Processor,Neoverse-N1,AWS
c6g.medium,us-east-1,use1-az5,3,50.0,50.0,3.0,0.034,0.0121,64,c6g,Computing,c,1.0,2.0,19336.375908,AWS Graviton2 Processor,Neoverse-N1,AWS
c6g.medium,us-east-1,use1-az6,3,35.0,50.0,3.0,0.034,0.0125,63,c6g,Computing,c,1.0,2.0,19336.375908,AWS Graviton2 Processor,Neoverse-N1,AWS
c6g.xlarge,us-east-1,use1-az1,3,50.0,50.0,3.0,0.136,0.0618,54,c6g,Computing,c,4.0,8.0,19240.044134999996,AWS Graviton2 Processor,Neoverse-N1,AWS
c6g.xlarge,us-east-1,use1-az2,3,50.0,50.0,3.0,0.136,0.0598,56,c6g,Computing,c,4.0,8.0,19240.044134999996,AWS Graviton2 Processor,Neoverse-N1,AWS
c6g.xlarge,us-east-1,use1-az4,3,50.0,50.0,3.0,0.136,0.0521,61,c6g,Computing,c,4.0,8.0,19240.044134999996,AWS Graviton2 Processor,Neoverse-N1,AWS
c6g.xlarge,us-east-1,use1-az5,3,50.0,50.0,3.0,0.136,0.0577,57,c6g,Computing,c,4.0,8.0,19240.044134999996,AWS Graviton2 Processor,Neoverse-N1,AWS
c6g.xlarge,us-east-1,use1-az6,3,50.0,50.0,3.0,0.136,0.0553,59,c6g,Computing,c,4.0,8.0,19240.044134999996,AWS Graviton2 Processor,Neoverse-N1,AWS
c6gd.12xlarge,us-east-1,use1-az1,3,1.0,5.0,1.0,1.8432,0.6865,62,c6gd,Computing,c,48.0,96.0,19335.1098,AWS Graviton2 Processor,Neoverse-N1,AWS
c6gd.12xlarge,us-east-1,use1-az2,3,50.0,50.0,1.0,1.8432,0.5426,70,c6gd,Computing,c,48.0,96.0,19335.1098,AWS Graviton2 Processor,Neoverse-N1,AWS
c6gd.12xlarge,us-east-1,use1-az4,3,40.0,50.0,1.0,1.8432,0.54,70,c6gd,Computing,c,48.0,96.0,19335.1098,AWS Graviton2 Processor,Neoverse-N1,AWS
c6gd.12xlarge,us-east-1,use1-az5,3,15.0,20.0,1.0,1.8432,0.5824,68,c6gd,Computing,c,48.0,96.0,19335.1098,AWS Graviton2 Processor,Neoverse-N1,AWS
c6gd.12xlarge,us-east-1,use1-az6,3,50.0,50.0,1.0,1.8432,0.5478,70,c6gd,Computing,c,48.0,96.0,19335.1098,AWS Graviton2 Processor,Neoverse-N1,AWS
c6gd.16xlarge,us-east-1,use1-az1,1,0.0,0.0,1.0,2.4576,0.8918,63,c6gd,Computing,c,64.0,128.0,19331.0703,AWS Graviton2 Processor,Neoverse-N1,AWS
c6gd.16xlarge,us-east-1,use1-az2,3,50.0,50.0,1.0,2.4576,0.7582,69,c6gd,Computing,c,64.0,128.0,19331.0703,AWS Graviton2 Processor,Neoverse-N1,AWS
c6gd.16xlarge,us-east-1,use1-az4,3,50.0,50.0,1.0,2.4576,0.6939,71,c6gd,Computing,c,64.0,128.0,19331.0703,AWS Graviton2 Processor,Neoverse-N1,AWS
c6gd.16xlarge,us-east-1,use1-az5,3,5.0,5.0,1.0,2.4576,0.7333,70,c6gd,Computing,c,64.0,128.0,19331.0703,AWS Graviton2 Processor,Neoverse-N1,AWS
c6gd.16xlarge,us-east-1,use1-az6,3,50.0,50.0,1.0,2.4576,0.7042,71,c6gd,Computing,c,64.0,128.0,19331.0703,AWS Graviton2 Processor,Neoverse-N1,AWS
c6gd.2xlarge,us-east-1,use1-az1,3,45.0,50.0,1.0,0.3072,0.1185,61,c6gd,Computing,c,8.0,16.0,19332.938,AWS Graviton2 Processor,Neoverse-N1,AWS
c6gd.2xlarge,us-east-1,use1-az2,3,50.0,50.0,1.0,0.3072,0.0859,72,c6gd,Computing,c,8.0,16.0,19332.938,AWS Graviton2 Processor,Neoverse-N1,AWS
c6gd.2xlarge,us-east-1,use1-az4,3,50.0,50.0,1.0,0.3072,0.0858,72,c6gd,Computing,c,8.0,16.0,19332.938,AWS Graviton2 Processor,Neoverse-N1,AWS
c6gd.2xlarge,us-east-1,use1-az5,3,35.0,50.0,1.0,0.3072,0.1101,64,c6gd,Computing,c,8.0,16.0,19332.938,AWS Graviton2 Processor,Neoverse-N1,AWS
c6gd.2xlarge,us-east-1,use1-az6,3,50.0,50.0,1.0,0.3072,0.0789,74,c6gd,Computing,c,8.0,16.0,19332.938,AWS Graviton2 Processor,Neoverse-N1,AWS
c6gd.4xlarge,us-east-1,use1-az1,3,25.0,45.0,1.0,0.6144,0.2575,58,c6gd,Computing,c,16.0,32.0,19340.5703,AWS Graviton2 Processor,Neoverse-N1,AWS
c6gd.4xlarge,us-east-1,use1-az2,3,50.0,50.0,1.0,0.6144,0.2318,62,c6gd,Computing,c,16.0,32.0,19340.5703,AWS Graviton2 Processor,Neoverse-N1,AWS
c6gd.4xlarge,us-east-1,use1-az4,3,50.0,50.0,1.0,0.6144,0.213,65,c6gd,Computing,c,16.0,32.0,19340.5703,AWS Graviton2 Processor,Neoverse-N1,AWS
c6gd.4xlarge,us-east-1,use1-az5,3,25.0,40.0,1.0,0.6144,0.2118,65,c6gd,Computing,c,16.0,32.0,19340.5703,AWS Graviton2 Processor,Neoverse-N1,AWS
c6gd.4xlarge,us-east-1,use1-az6,3,45.0,50.0,1.0,0.6144,0.2127,65,c6gd,Computing,c,16.0,32.0,19340.5703,AWS Graviton2 Processor,Neoverse-N1,AWS
c6gd.8xlarge,us-east-1,use1-az1,3,15.0,15.0,1.0,1.2288,0.4852,60,c6gd,Computing,c,32.0,64.0,19343.8567,AWS Graviton2 Processor,Neoverse-N1,AWS
c6gd.8xlarge,us-east-1,use1-az2,3,50.0,50.0,1.0,1.2288,0.4338,64,c6gd,Computing,c,32.0,64.0,19343.8567,AWS Graviton2 Processor,Neoverse-N1,AWS
c6gd.8xlarge,us-east-1,use1-az4,3,25.0,50.0,1.0,1.2288,0.3876,68,c6gd,Computing,c,32.0,64.0,19343.8567,AWS Graviton2 Processor,Neoverse-N1,AWS
c6gd.8xlarge,us-east-1,use1-az5,3,15.0,25.0,1.0,1.2288,0.3954,67,c6gd,Computing,c,32.0,64.0,19343.8567,AWS Graviton2 Processor,Neoverse-N1,AWS
c6gd.8xlarge,us-east-1,use1-az6,3,35.0,50.0,1.0,1.2288,0.4382,64,c6gd,Computing,c,32.0,64.0,19343.8567,AWS Graviton2 Processor,Neoverse-N1,AWS
c6gd.large,us-east-1,use1-az1,3,50.0,50.0,3.0,0.0768,0.0381,50,c6gd,Computing,c,2.0,4.0,19339.7418,AWS Graviton2 Processor,Neoverse-N1,AWS
c6gd.large,us-east-1,use1-az2,3,25.0,40.0,3.0,0.0768,0.029,62,c6gd,Computing,c,2.0,4.0,19339.7418,AWS Graviton2 Processor,Neoverse-N1,AWS
c6gd.large,us-east-1,use1-az4,3,50.0,50.0,3.0,0.0768,0.0347,54,c6gd,Computing,c,2.0,4.0,19339.7418,AWS Graviton2 Processor,Neoverse-N1,AWS
c6gd.large,us-east-1,use1-az5,3,40.0,50.0,3.0,0.0768,0.0301,60,c6gd,Computing,c,2.0,4.0,19339.7418,AWS Graviton2 Processor,Neoverse-N1,AWS
c6gd.large,us-east-1,use1-az6,3,50.0,50.0,3.0,0.0768,0.0338,55,c6gd,Computing,c,2.0,4.0,19339.7418,AWS Graviton2 Processor,Neoverse-N1,AWS
c6gd.medium,us-east-1,use1-az1,3,45.0,50.0,2.5,0.0384,0.0143,62,c6gd,Computing,c,1.0,2.0,19343.0382,AWS Graviton2 Processor,Neoverse-N1,AWS
c6gd.medium,us-east-1,use1-az2,3,25.0,40.0,2.5,0.0384,0.0141,63,c6gd,Computing,c,1.0,2.0,19343.0382,AWS Graviton2 Processor,Neoverse-N1,AWS
c6gd.medium,us-east-1,use1-az4,3,35.0,50.0,2.5,0.0384,0.0126,67,c6gd,Computing,c,1.0,2.0,19343.0382,AWS Graviton2 Processor,Neoverse-N1,AWS
c6gd.medium,us-east-1,use1-az5,3,50.0,50.0,2.5,0.0384,0.0124,67,c6gd,Computing,c,1.0,2.0,19343.0382,AWS Graviton2 Processor,Neoverse-N1,AWS
c6gd.medium,us-east-1,use1-az6,3,30.0,50.0,2.5,0.0384,0.0121,68,c6gd,Computing,c,1.0,2.0,19343.0382,AWS Graviton2 Processor,Neoverse-N1,AWS
c6gd.xlarge,us-east-1,use1-az1,3,45.0,50.0,2.5,0.1536,0.0648,57,c6gd,Computing,c,4.0,8.0,19339.6675,AWS Graviton2 Processor,Neoverse-N1,AWS
c6gd.xlarge,us-east-1,use1-az2,3,5.0,10.0,2.5,0.1536,0.0607,60,c6gd,Computing,c,4.0,8.0,19339.6675,AWS Graviton2 Processor,Neoverse-N1,AWS
c6gd.xlarge,us-east-1,use1-az4,3,35.0,50.0,2.5,0.1536,0.0622,59,c6gd,Computing,c,4.0,8.0,19339.6675,AWS Graviton2 Processor,Neoverse-N1,AWS
c6gd.xlarge,us-east-1,use1-az5,3,25.0,35.0,2.5,0.1536,0.0575,62,c6gd,Computing,c,4.0,8.0,19339.6675,AWS Graviton2 Processor,Neoverse-N1,AWS
c6gd.xlarge,us-east-1,use1-az6,3,30.0,40.0,2.5,0.1536,0.0688,55,c6gd,Computing,c,4.0,8.0,19339.6675,AWS Graviton2 Processor,Neoverse-N1,AWS
c6gn.12xlarge,us-east-1,use1-az1,3,10.0,15.0,2.5,2.0736,0.7199,65,c6gn,Computing,c,48.0,96.0,19336.9770258,AWS Graviton2 Processor,Neoverse-N1,AWS
c6gn.12xlarge,us-east-1,use1-az2,3,1.0,5.0,2.5,2.0736,0.6846,66,c6gn,Computing,c,48.0,96.0,19336.9770258,AWS Graviton2 Processor,Neoverse-N1,AWS
c6gn.12xlarge,us-east-1,use1-az4,1,0.0,0.0,2.5,2.0736,0.764,63,c6gn,Computing,c,48.0,96.0,19336.9770258,AWS Graviton2 Processor,Neoverse-N1,AWS
c6gn.12xlarge,us-east-1,use1-az5,3,10.0,15.0,2.5,2.0736,0.7202,65,c6gn,Computing,c,48.0,96.0,19336.9770258,AWS Graviton2 Processor,Neoverse-N1,AWS
c6gn.12xlarge,us-east-1,use1-az6,3,1.0,1.0,2.5,2.0736,0.6764,67,c6gn,Computing,c,48.0,96.0,19336.9770258,AWS Graviton2 Processor,Neoverse-N1,AWS
c6gn.16xlarge,us-east-1,use1-az1,3,50.0,50.0,2.5,2.7648,0.9139,66,c6gn,Computing,c,64.0,128.0,19332.7130206,AWS Graviton2 Processor,Neoverse-N1,AWS
c6gn.16xlarge,us-east-1,use1-az2,3,5.0,5.0,2.5,2.7648,0.9657,65,c6gn,Computing,c,64.0,128.0,19332.7130206,AWS Graviton2 Processor,Neoverse-N1,AWS
c6gn.16xlarge,us-east-1,use1-az4,1,0.0,0.0,2.5,2.7648,0.8423,69,c6gn,Computing,c,64.0,128.0,19332.7130206,AWS Graviton2 Processor,Neoverse-N1,AWS
c6gn.16xlarge,us-east-1,use1-az5,3,20.0,30.0,2.5,2.7648,0.9396,66,c6gn,Computing,c,64.0,128.0,19332.7130206,AWS Graviton2 Processor,Neoverse-N1,AWS
c6gn.16xlarge,us-east-1,use1-az6,3,10.0,15.0,2.5,2.7648,0.9225,66,c6gn,Computing,c,64.0,128.0,19332.7130206,AWS Graviton2 Processor,Neoverse-N1,AWS
c6gn.2xlarge,us-east-1,use1-az1,3,10.0,20.0,2.5,0.3456,0.1366,60,c6gn,Computing,c,8.0,16.0,19330.7700704,AWS Graviton2 Processor,Neoverse-N1,AWS
c6gn.2xlarge,us-east-1,use1-az2,3,1.0,1.0,2.5,0.3456,0.1566,54,c6gn,Computing,c,8.0,16.0,19330.7700704,AWS Graviton2 Processor,Neoverse-N1,AWS
c6gn.2xlarge,us-east-1,use1-az4,3,1.0,5.0,2.5,0.3456,0.12,65,c6gn,Computing,c,8.0,16.0,19330.7700704,AWS Graviton2 Processor,Neoverse-N1,AWS
c6gn.2xlarge,us-east-1,use1-az5,3,5.0,5.0,2.5,0.3456,0.1352,60,c6gn,Computing,c,8.0,16.0,19330.7700704,AWS Graviton2 Processor,Neoverse-N1,AWS
c6gn.2xlarge,us-east-1,use1-az6,3,5.0,5.0,2.5,0.3456,0.128,62,c6gn,Computing,c,8.0,16.0,19330.7700704,AWS Graviton2 Processor,Neoverse-N1,AWS
c6gn.4xlarge,us-east-1,use1-az1,3,25.0,35.0,2.5,0.6912,0.2676,61,c6gn,Computing,c,16.0,32.0,19333.908780599995,AWS Graviton2 Processor,Neoverse-N1,AWS
c6gn.4xlarge,us-east-1,use1-az2,3,1.0,5.0,2.5,0.6912,0.2706,60,c6gn,Computing,c,16.0,32.0,19333.908780599995,AWS Graviton2 Processor,Neoverse-N1,AWS
c6gn.4xlarge,us-east-1,use1-az4,2,0.0,1.0,2.5,0.6912,0.2337,66,c6gn,Computing,c,16.0,32.0,19333.908780599995,AWS Graviton2 Processor,Neoverse-N1,AWS
c6gn.4xlarge,us-east-1,use1-az5,3,5.0,5.0,2.5,0.6912,0.25,63,c6gn,Computing,c,16.0,32.0,19333.908780599995,AWS Graviton2 Processor,Neoverse-N1,AWS
c6gn.4xlarge,us-east-1,use1-az6,3,5.0,10.0,2.5,0.6912,0.2332,66,c6gn,Computing,c,16.0,32.0,19333.908780599995,AWS Graviton2 Processor,Neoverse-N1,AWS
c6gn.8xlarge,us-east-1,use1-az1,3,15.0,25.0,2.0,1.3824,0.5699,58,c6gn,Computing,c,32.0,64.0,19339.3687546,AWS Graviton2 Processor,Neoverse-N1,AWS
c6gn.8xlarge,us-east-1,use1-az2,3,5.0,5.0,2.0,1.3824,0.4637,66,c6gn,Computing,c,32.0,64.0,19339.3687546,AWS Graviton2 Processor,Neoverse-N1,AWS
c6gn.8xlarge,us-east-1,use1-az4,3,1.0,1.0,2.0,1.3824,0.514,62,c6gn,Computing,c,32.0,64.0,19339.3687546,AWS Graviton2 Processor,Neoverse-N1,AWS
c6gn.8xlarge,us-east-1,use1-az5,3,15.0,20.0,2.0,1.3824,0.481,65,c6gn,Computing,c,32.0,64.0,19339.3687546,AWS Graviton2 Processor,Neoverse-N1,AWS
c6gn.8xlarge,us-east-1,use1-az6,3,10.0,20.0,2.0,1.3824,0.4412,68,c6gn,Computing,c,32.0,64.0,19339.3687546,AWS Graviton2 Processor,Neoverse-N1,AWS
c6gn.large,us-east-1,use1-az1,3,30.0,50.0,1.0,0.0864,0.0345,60,c6gn,Computing,c,2.0,4.0,19340.7147556,AWS Graviton2 Processor,Neoverse-N1,AWS
c6gn.large,us-east-1,use1-az2,3,10.0,15.0,1.0,0.0864,0.0326,62,c6gn,Computing,c,2.0,4.0,19340.7147556,AWS Graviton2 Processor,Neoverse-N1,AWS
c6gn.large,us-east-1,use1-az4,1,0.0,0.0,1.0,0.0864,0.0447,48,c6gn,Computing,c,2.0,4.0,19340.7147556,AWS Graviton2 Processor,Neoverse-N1,AWS
c6gn.large,us-east-1,use1-az5,3,15.0,20.0,1.0,0.0864,0.0327,62,c6gn,Computing,c,2.0,4.0,19340.7147556,AWS Graviton2 Processor,Neoverse-N1,AWS
c6gn.large,us-east-1,use1-az6,3,10.0,15.0,1.0,0.0864,0.0328,62,c6gn,Computing,c,2.0,4.0,19340.7147556,AWS Graviton2 Processor,Neoverse-N1,AWS
c6gn.medium,us-east-1,use1-az1,3,25.0,40.0,1.5,0.0432,0.0149,65,c6gn,Computing,c,1.0,2.0,19318.908766400004,AWS Graviton2 Processor,Neoverse-N1,AWS
c6gn.medium,us-east-1,use1-az2,3,20.0,30.0,1.5,0.0432,0.0132,69,c6gn,Computing,c,1.0,2.0,19318.908766400004,AWS Graviton2 Processor,Neoverse-N1,AWS
c6gn.medium,us-east-1,use1-az4,1,0.0,0.0,1.5,0.0432,0.0139,67,c6gn,Computing,c,1.0,2.0,19318.908766400004,AWS Graviton2 Processor,Neoverse-N1,AWS
c6gn.medium,us-east-1,use1-az5,3,40.0,50.0,1.5,0.0432,0.0131,69,c6gn,Computing,c,1.0,2.0,19318.908766400004,AWS Graviton2 Processor,Neoverse-N1,AWS
c6gn.medium,us-east-1,use1-az6,3,10.0,15.0,1.5,0.0432,0.0158,63,c6gn,Computing,c,1.0,2.0,19318.908766400004,AWS Graviton2 Processor,Neoverse-N1,AWS
c6gn.xlarge,us-east-1,use1-az1,3,10.0,20.0,2.5,0.1728,0.0688,60,c6gn,Computing,c,4.0,8.0,19338.3219264,AWS Graviton2 Processor,Neoverse-N1,AWS
c6gn.xlarge,us-east-1,use1-az2,3,5.0,5.0,2.5,0.1728,0.0783,54,c6gn,Computing,c,4.0,8.0,19338.3219264,AWS Graviton2 Processor,Neoverse-N1,AWS
c6gn.xlarge,us-east-1,use1-az4,2,0.0,1.0,2.5,0.1728,0.0747,56,c6gn,Computing,c,4.0,8.0,19338.3219264,AWS Graviton2 Processor,Neoverse-N1,AWS
c6gn.xlarge,us-east-1,use1-az5,3,10.0,15.0,2.5,0.1728,0.0622,64,c6gn,Computing,c,4.0,8.0,19338.3219264,AWS Graviton2 Processor,Neoverse-N1,AWS
c6gn.xlarge,us-east-1,use1-az6,3,5.0,10.0,2.5,0.1728,0.0637,63,c6gn,Computing,c,4.0,8.0,19338.3219264,AWS Graviton2 Processor,Neoverse-N1,AWS
c6i.12xlarge,us-east-1,use1-az1,3,10.0,15.0,2.5,2.04,0.7698,62,c6i,Computing,c,48.0,96.0,28988.062929999996,Intel(R) Xeon(R) Platinum 8375C CPU @ 2.90GHz,Intel(R) Xeon(R) Platinum 8375C CPU @ 2.90GHz,Intel
c6i.12xlarge,us-east-1,use1-az2,3,50.0,50.0,2.5,2.04,0.8463,58,c6i,Computing,c,48.0,96.0,28988.062929999996,Intel(R) Xeon(R) Platinum 8375C CPU @ 2.90GHz,Intel(R) Xeon(R) Platinum 8375C CPU @ 2.90GHz,Intel
c6i.12xlarge,us-east-1,use1-az4,3,50.0,50.0,2.5,2.04,0.7558,62,c6i,Computing,c,48.0,96.0,28988.062929999996,Intel(R) Xeon(R) Platinum 8375C CPU @ 2.90GHz,Intel(R) Xeon(R) Platinum 8375C CPU @ 2.90GHz,Intel
c6i.12xlarge,us-east-1,use1-az5,3,10.0,10.0,2.5,2.04,0.8037,60,c6i,Computing,c,48.0,96.0,28988.062929999996,Intel(R) Xeon(R) Platinum 8375C CPU @ 2.90GHz,Intel(R) Xeon(R) Platinum 8375C CPU @ 2.90GHz,Intel
c6i.12xlarge,us-east-1,use1-az6,3,50.0,50.0,2.5,2.04,0.9815,51,c6i,Computing,c,48.0,96.0,28988.062929999996,Intel(R) Xeon(R) Platinum 8375C CPU @ 2.90GHz,Intel(R) Xeon(R) Platinum 8375C CPU @ 2.90GHz,Intel
c6i.16xlarge,us-east-1,use1-az1,3,1.0,5.0,2.5,2.72,1.024,62,c6i,Computing,c,64.0,128.0,28992.4932682,Intel(R) Xeon(R) Platinum 8375C CPU @ 2.90GHz,Intel(R) Xeon(R) Platinum 8375C CPU @ 2.90GHz,Intel
c6i.16xlarge,us-east-1,use1-az2,3,45.0,50.0,2.5,2.72,1.1236,58,c6i,Computing,c,64.0,128.0,28992.4932682,Intel(R) Xeon(R) Platinum 8375C CPU @ 2.90GHz,Intel(R) Xeon(R) Platinum 8375C CPU @ 2.90GHz,Intel
c6i.16xlarge,us-east-1,use1-az4,3,50.0,50.0,2.5,2.72,1.0885,59,c6i,Computing,c,64.0,128.0,28992.4932682,Intel(R) Xeon(R) Platinum 8375C CPU @ 2.90GHz,Intel(R) Xeon(R) Platinum 8375C CPU @ 2.90GHz,Intel
c6i.16xlarge,us-east-1,use1-az5,3,50.0,50.0,2.5,2.72,1.0067,62,c6i,Computing,c,64.0,128.0,28992.4932682,Intel(R) Xeon(R) Platinum 8375C CPU @ 2.90GHz,Intel(R) Xeon(R) Platinum 8375C CPU @ 2.90GHz,Intel
c6i.16xlarge,us-east-1,use1-az6,3,50.0,50.0,2.5,2.72,1.1057,59,c6i,Computing,c,64.0,128.0,28992.4932682,Intel(R) Xeon(R) Platinum 8375C CPU @ 2.90GHz,Intel(R) Xeon(R) Platinum 8375C CPU @ 2.90GHz,Intel
c6i.24xlarge,us-east-1,use1-az1,3,1.0,1.0,2.5,4.08,1.5312,62,c6i,Computing,c,96.0,192.0,28987.8711202,Intel(R) Xeon(R) Platinum 8375C CPU @ 2.90GHz,Intel(R) Xeon(R) Platinum 8375C CPU @ 2.90GHz,Intel
c6i.24xlarge,us-east-1,use1-az2,3,50.0,50.0,2.5,4.08,1.5747,61,c6i,Computing,c,96.0,192.0,28987.8711202,Intel(R) Xeon(R) Platinum 8375C CPU @ 2.90GHz,Intel(R) Xeon(R) Platinum 8375C CPU @ 2.90GHz,Intel
c6i.24xlarge,us-east-1,use1-az4,3,50.0,50.0,2.5,4.08,1.421,65,c6i,Computing,c,96.0,192.0,28987.8711202,Intel(R) Xeon(R) Platinum 8375C CPU @ 2.90GHz,Intel(R) Xeon(R) Platinum 8375C CPU @ 2.90GHz,Intel
c6i.24xlarge,us-east-1,use1-az5,3,10.0,20.0,2.5,4.08,1.5057,63,c6i,Computing,c,96.0,192.0,28987.8711202,Intel(R) Xeon(R) Platinum 8375C CPU @ 2.90GHz,Intel(R) Xeon(R) Platinum 8375C CPU @ 2.90GHz,Intel
c6i.24xlarge,us-east-1,use1-az6,3,35.0,45.0,2.5,4.08,1.5636,61,c6i,Computing,c,96.0,192.0,28987.8711202,Intel(R) Xeon(R) Platinum 8375C CPU @ 2.90GHz,Intel(R) Xeon(R) Platinum 8375C CPU @ 2.90GHz,Intel
c6i.2xlarge,us-east-1,use1-az1,3,50.0,50.0,2.5,0.34,0.1484,56,c6i,Computing,c,8.0,16.0,28993.581941399996,Intel(R) Xeon(R) Platinum 8375C CPU @ 2.90GHz,Intel(R) Xeon(R) Platinum 8375C CPU @ 2.90GHz,Intel
c6i.2xlarge,us-east-1,use1-az2,3,50.0,50.0,2.5,0.34,0.1548,54,c6i,Computing,c,8.0,16.0,28993.581941399996,Intel(R) Xeon(R) Platinum 8375C CPU @ 2.90GHz,Intel(R) Xeon(R) Platinum 8375C CPU @ 2.90GHz,Intel
c6i.2xlarge,us-east-1,use1-az4,3,50.0,50.0,2.5,0.34,0.1552,54,c6i,Computing,c,8.0,16.0,28993.581941399996,Intel(R) Xeon(R) Platinum 8375C CPU @ 2.90GHz,Intel(R) Xeon(R) Platinum 8375C CPU @ 2.90GHz,Intel
c6i.2xlarge,us-east-1,use1-az5,3,50.0,50.0,2.5,0.34,0.1606,52,c6i,Computing,c,8.0,16.0,28993.581941399996,Intel(R) Xeon(R) Platinum 8375C CPU @ 2.90GHz,Intel(R) Xeon(R) Platinum 8375C CPU @ 2.90GHz,Intel
c6i.2xlarge,us-east-1,use1-az6,3,50.0,50.0,2.5,0.34,0.1581,53,c6i,Computing,c,8.0,16.0,28993.581941399996,Intel(R) Xeon(R) Platinum 8375C CPU @ 2.90GHz,Intel(R) Xeon(R) Platinum 8375C CPU @ 2.90GHz,Intel
c6i.32xlarge,us-east-1,use1-az1,3,1.0,1.0,2.5,5.44,1.8701,65,c6i,Computing,c,128.0,256.0,29018.165251799997,Intel(R) Xeon(R) Platinum 8375C CPU @ 2.90GHz,Intel(R) Xeon(R) Platinum 8375C CPU @ 2.90GHz,Intel
c6i.32xlarge,us-east-1,use1-az2,3,50.0,50.0,2.5,5.44,1.9053,64,c6i,Computing,c,128.0,256.0,29018.165251799997,Intel(R) Xeon(R) Platinum 8375C CPU @ 2.90GHz,Intel(R) Xeon(R) Platinum 8375C CPU @ 2.90GHz,Intel
c6i.32xlarge,us-east-1,use1-az4,3,50.0,50.0,2.5,5.44,1.9165,64,c6i,Computing,c,128.0,256.0,29018.165251799997,Intel(R) Xeon(R) Platinum 8375C CPU @ 2.90GHz,Intel(R) Xeon(R) Platinum 8375C CPU @ 2.90GHz,Intel
c6i.32xlarge,us-east-1,use1-az5,3,50.0,50.0,2.5,5.44,1.9185,64,c6i,Computing,c,128.0,256.0,29018.165251799997,Intel(R) Xeon(R) Platinum 8375C CPU @ 2.90GHz,Intel(R) Xeon(R) Platinum 8375C CPU @ 2.90GHz,Intel
c6i.32xlarge,us-east-1,use1-az6,3,50.0,50.0,2.5,5.44,1.8549,65,c6i,Computing,c,128.0,256.0,29018.165251799997,Intel(R) Xeon(R) Platinum 8375C CPU @ 2.90GHz,Intel(R) Xeon(R) Platinum 8375C CPU @ 2.90GHz,Intel
c6i.4xlarge,us-east-1,use1-az1,3,10.0,45.0,2.0,0.68,0.269,60,c6i,Computing,c,16.0,32.0,28990.399477599996,Intel(R) Xeon(R) Platinum 8375C CPU @ 2.90GHz,Intel(R) Xeon(R) Platinum 8375C CPU @ 2.90GHz,Intel
c6i.4xlarge,us-east-1,use1-az2,3,50.0,50.0,2.0,0.68,0.2828,58,c6i,Computing,c,16.0,32.0,28990.399477599996,Intel(R) Xeon(R) Platinum 8375C CPU @ 2.90GHz,Intel(R) Xeon(R) Platinum 8375C CPU @ 2.90GHz,Intel
c6i.4xlarge,us-east-1,use1-az4,3,50.0,50.0,2.0,0.68,0.2753,59,c6i,Computing,c,16.0,32.0,28990.399477599996,Intel(R) Xeon(R) Platinum 8375C CPU @ 2.90GHz,Intel(R) Xeon(R) Platinum 8375C CPU @ 2.90GHz,Intel
c6i.4xlarge,us-east-1,use1-az5,3,50.0,50.0,2.0,0.68,0.2897,57,c6i,Computing,c,16.0,32.0,28990.399477599996,Intel(R) Xeon(R) Platinum 8375C CPU @ 2.90GHz,Intel(R) Xeon(R) Platinum 8375C CPU @ 2.90GHz,Intel
c6i.4xlarge,us-east-1,use1-az6,3,50.0,50.0,2.0,0.68,0.2967,56,c6i,Computing,c,16.0,32.0,28990.399477599996,Intel(R) Xeon(R) Platinum 8375C CPU @ 2.90GHz,Intel(R) Xeon(R) Platinum 8375C CPU @ 2.90GHz,Intel
c6i.8xlarge,us-east-1,use1-az1,3,35.0,50.0,2.5,1.36,0.5516,59,c6i,Computing,c,32.0,64.0,28991.614398399997,Intel(R) Xeon(R) Platinum 8375C CPU @ 2.90GHz,Intel(R) Xeon(R) Platinum 8375C CPU @ 2.90GHz,Intel
c6i.8xlarge,us-east-1,use1-az2,3,50.0,50.0,2.5,1.36,0.625,54,c6i,Computing,c,32.0,64.0,28991.614398399997,Intel(R) Xeon(R) Platinum 8375C CPU @ 2.90GHz,Intel(R) Xeon(R) Platinum 8375C CPU @ 2.90GHz,Intel
c6i.8xlarge,us-east-1,use1-az4,3,50.0,50.0,2.5,1.36,0.5508,59,c6i,Computing,c,32.0,64.0,28991.614398399997,Intel(R) Xeon(R) Platinum 8375C CPU @ 2.90GHz,Intel(R) Xeon(R) Platinum 8375C CPU @ 2.90GHz,Intel
c6i.8xlarge,us-east-1,use1-az5,3,50.0,50.0,2.5,1.36,0.5751,57,c6i,Computing,c,32.0,64.0,28991.614398399997,Intel(R) Xeon(R) Platinum 8375C CPU @ 2.90GHz,Intel(R) Xeon(R) Platinum 8375C CPU @ 2.90GHz,Intel
c6i.8xlarge,us-east-1,use1-az6,3,50.0,50.0,2.5,1.36,0.5779,57,c6i,Computing,c,32.0,64.0,28991.614398399997,Intel(R) Xeon(R) Platinum 8375C CPU @ 2.90GHz,Intel(R) Xeon(R) Platinum 8375C CPU @ 2.90GHz,Intel
c6i.large,us-east-1,use1-az1,3,50.0,50.0,2.5,0.085,0.0355,58,c6i,Computing,c,2.0,4.0,28979.9723826,Intel(R) Xeon(R) Platinum 8375C CPU @ 2.90GHz,Intel(R) Xeon(R) Platinum 8375C CPU @ 2.90GHz,Intel
c6i.large,us-east-1,use1-az2,3,50.0,50.0,2.5,0.085,0.0336,60,c6i,Computing,c,2.0,4.0,28979.9723826,Intel(R) Xeon(R) Platinum 8375C CPU @ 2.90GHz,Intel(R) Xeon(R) Platinum 8375C CPU @ 2.90GHz,Intel
c6i.large,us-east-1,use1-az4,3,50.0,50.0,2.5,0.085,0.0339,60,c6i,Computing,c,2.0,4.0,28979.9723826,Intel(R) Xeon(R) Platinum 8375C CPU @ 2.90GHz,Intel(R) Xeon(R) Platinum 8375C CPU @ 2.90GHz,Intel
c6i.large,us-east-1,use1-az5,3,50.0,50.0,2.5,0.085,0.0376,55,c6i,Computing,c,2.0,4.0,28979.9723826,Intel(R) Xeon(R) Platinum 8375C CPU @ 2.90GHz,Intel(R) Xeon(R) Platinum 8375C CPU @ 2.90GHz,Intel
c6i.large,us-east-1,use1-az6,3,50.0,50.0,2.5,0.085,0.0357,58,c6i,Computing,c,2.0,4.0,28979.9723826,Intel(R) Xeon(R) Platinum 8375C CPU @ 2.90GHz,Intel(R) Xeon(R) Platinum 8375C CPU @ 2.90GHz,Intel
c6i.xlarge,us-east-1,use1-az1,3,50.0,50.0,2.0,0.17,0.0625,63,c6i,Computing,c,4.0,8.0,28981.01301,Intel(R) Xeon(R) Platinum 8375C CPU @ 2.90GHz,Intel(R) Xeon(R) Platinum 8375C CPU @ 2.90GHz,Intel
c6i.xlarge,us-east-1,use1-az2,3,50.0,50.0,2.0,0.17,0.0685,59,c6i,Computing,c,4.0,8.0,28981.01301,Intel(R) Xeon(R) Platinum 8375C CPU @ 2.90GHz,Intel(R) Xeon(R) Platinum 8375C CPU @ 2.90GHz,Intel
c6i.xlarge,us-east-1,use1-az4,3,50.0,50.0,2.0,0.17,0.0702,58,c6i,Computing,c,4.0,8.0,28981.01301,Intel(R) Xeon(R) Platinum 8375C CPU @ 2.90GHz,Intel(R) Xeon(R) Platinum 8375C CPU @ 2.90GHz,Intel
c6i.xlarge,us-east-1,use1-az5,3,50.0,50.0,2.0,0.17,0.0643,62,c6i,Computing,c,4.0,8.0,28981.01301,Intel(R) Xeon(R) Platinum 8375C CPU @ 2.90GHz,Intel(R) Xeon(R) Platinum 8375C CPU @ 2.90GHz,Intel
c6i.xlarge,us-east-1,use1-az6,3,50.0,50.0,2.0,0.17,0.07,58,c6i,Computing,c,4.0,8.0,28981.01301,Intel(R) Xeon(R) Platinum 8375C CPU @ 2.90GHz,Intel(R) Xeon(R) Platinum 8375C CPU @ 2.90GHz,Intel
c6id.12xlarge,us-east-1,use1-az1,3,1.0,5.0,1.0,2.4192,1.0252,57,c6id,Computing,c,48.0,96.0,28961.0229,Intel(R) Xeon(R) Platinum 8375C CPU @ 2.90GHz,Intel(R) Xeon(R) Platinum 8375C CPU @ 2.90GHz,Intel
c6id.12xlarge,us-east-1,use1-az2,3,5.0,20.0,1.0,2.4192,0.8411,65,c6id,Computing,c,48.0,96.0,28961.0229,Intel(R) Xeon(R) Platinum 8375C CPU @ 2.90GHz,Intel(R) Xeon(R) Platinum 8375C CPU @ 2.90GHz,Intel
c6id.12xlarge,us-east-1,use1-az4,3,20.0,35.0,1.0,2.4192,0.8293,65,c6id,Computing,c,48.0,96.0,28961.0229,Intel(R) Xeon(R) Platinum 8375C CPU @ 2.90GHz,Intel(R) Xeon(R) Platinum 8375C CPU @ 2.90GHz,Intel
c6id.12xlarge,us-east-1,use1-az5,3,1.0,1.0,1.0,2.4192,0.8876,63,c6id,Computing,c,48.0,96.0,28961.0229,Intel(R) Xeon(R) Platinum 8375C CPU @ 2.90GHz,Intel(R) Xeon(R) Platinum 8375C CPU @ 2.90GHz,Intel
c6id.12xlarge,us-east-1,use1-az6,3,10.0,10.0,1.0,2.4192,0.8781,63,c6id,Computing,c,48.0,96.0,28961.0229,Intel(R) Xeon(R) Platinum 8375C CPU @ 2.90GHz,Intel(R) Xeon(R) Platinum 8375C CPU @ 2.90GHz,Intel
c6id.16xlarge,us-east-1,use1-az1,3,5.0,5.0,1.0,3.2256,1.3925,56,c6id,Computing,c,64.0,128.0,28990.2103,Intel(R) Xeon(R) Platinum 8375C CPU @ 2.90GHz,Intel(R) Xeon(R) Platinum 8375C CPU @ 2.90GHz,Intel
c6id.16xlarge,us-east-1,use1-az2,3,5.0,5.0,1.0,3.2256,1.1944,62,c6id,Computing,c,64.0,128.0,28990.2103,Intel(R) Xeon(R) Platinum 8375C CPU @ 2.90GHz,Intel(R) Xeon(R) Platinum 8375C CPU @ 2.90GHz,Intel
c6id.16xlarge,us-east-1,use1-az4,3,15.0,25.0,1.0,3.2256,1.1747,63,c6id,Computing,c,64.0,128.0,28990.2103,Intel(R) Xeon(R) Platinum 8375C CPU @ 2.90GHz,Intel(R) Xeon(R) Platinum 8375C CPU @ 2.90GHz,Intel
c6id.16xlarge,us-east-1,use1-az5,3,1.0,1.0,1.0,3.2256,1.116,65,c6id,Computing,c,64.0,128.0,28990.2103,Intel(R) Xeon(R) Platinum 8375C CPU @ 2.90GHz,Intel(R) Xeon(R) Platinum 8375C CPU @ 2.90GHz,Intel
c6id.16xlarge,us-east-1,use1-az6,3,5.0,10.0,1.0,3.2256,1.1999,62,c6id,Computing,c,64.0,128.0,28990.2103,Intel(R) Xeon(R) Platinum 8375C CPU @ 2.90GHz,Intel(R) Xeon(R) Platinum 8375C CPU @ 2.90GHz,Intel
c6id.24xlarge,us-east-1,use1-az1,3,1.0,5.0,1.0,4.8384,2.1656,55,c6id,Computing,c,96.0,192.0,29012.2559,Intel(R) Xeon(R) Platinum 8375C CPU @ 2.90GHz,Intel(R) Xeon(R) Platinum 8375C CPU @ 2.90GHz,Intel
c6id.24xlarge,us-east-1,use1-az2,3,5.0,10.0,1.0,4.8384,1.6613,65,c6id,Computing,c,96.0,192.0,29012.2559,Intel(R) Xeon(R) Platinum 8375C CPU @ 2.90GHz,Intel(R) Xeon(R) Platinum 8375C CPU @ 2.90GHz,Intel
c6id.24xlarge,us-east-1,use1-az4,3,15.0,30.0,1.0,4.8384,1.6858,65,c6id,Computing,c,96.0,192.0,29012.2559,Intel(R) Xeon(R) Platinum 8375C CPU @ 2.90GHz,Intel(R) Xeon(R) Platinum 8375C CPU @ 2.90GHz,Intel
c6id.24xlarge,us-east-1,use1-az5,3,1.0,1.0,1.0,4.8384,1.6523,65,c6id,Computing,c,96.0,192.0,29012.2559,Intel(R) Xeon(R) Platinum 8375C CPU @ 2.90GHz,Intel(R) Xeon(R) Platinum 8375C CPU @ 2.90GHz,Intel
c6id.24xlarge,us-east-1,use1-az6,3,15.0,30.0,1.0,4.8384,1.6391,66,c6id,Computing,c,96.0,192.0,29012.2559,Intel(R) Xeon(R) Platinum 8375C CPU @ 2.90GHz,Intel(R) Xeon(R) Platinum 8375C CPU @ 2.90GHz,Intel
c6id.2xlarge,us-east-1,use1-az1,3,5.0,5.0,1.0,0.4032,0.1789,55,c6id,Computing,c,8.0,16.0,28941.9924,Intel(R) Xeon(R) Platinum 8375C CPU @ 2.90GHz,Intel(R) Xeon(R) Platinum 8375C CPU @ 2.90GHz,Intel
c6id.2xlarge,us-east-1,use1-az2,3,5.0,10.0,1.0,0.4032,0.1626,59,c6id,Computing,c,8.0,16.0,28941.9924,Intel(R) Xeon(R) Platinum 8375C CPU @ 2.90GHz,Intel(R) Xeon(R) Platinum 8375C CPU @ 2.90GHz,Intel
c6id.2xlarge,us-east-1,use1-az4,3,5.0,10.0,1.0,0.4032,0.1734,56,c6id,Computing,c,8.0,16.0,28941.9924,Intel(R) Xeon(R) Platinum 8375C CPU @ 2.90GHz,Intel(R) Xeon(R) Platinum 8375C CPU @ 2.90GHz,Intel
c6id.2xlarge,us-east-1,use1-az5,3,1.0,1.0,1.0,0.4032,0.1649,59,c6id,Computing,c,8.0,16.0,28941.9924,Intel(R) Xeon(R) Platinum 8375C CPU @ 2.90GHz,Intel(R) Xeon(R) Platinum 8375C CPU @ 2.90GHz,Intel
c6id.2xlarge,us-east-1,use1-az6,3,5.0,10.0,1.0,0.4032,0.1707,57,c6id,Computing,c,8.0,16.0,28941.9924,Intel(R) Xeon(R) Platinum 8375C CPU @ 2.90GHz,Intel(R) Xeon(R) Platinum 8375C CPU @ 2.90GHz,Intel
c6id.32xlarge,us-east-1,use1-az1,3,5.0,10.0,1.5,6.4512,2.3123,64,c6id,Computing,c,128.0,256.0,29015.6428,Intel(R) Xeon(R) Platinum 8375C CPU @ 2.90GHz,Intel(R) Xeon(R) Platinum 8375C CPU @ 2.90GHz,Intel
c6id.32xlarge,us-east-1,use1-az2,3,10.0,15.0,1.5,6.4512,2.2458,65,c6id,Computing,c,128.0,256.0,29015.6428,Intel(R) Xeon(R) Platinum 8375C CPU @ 2.90GHz,Intel(R) Xeon(R) Platinum 8375C CPU @ 2.90GHz,Intel
c6id.32xlarge,us-east-1,use1-az4,3,25.0,45.0,1.5,6.4512,2.2222,65,c6id,Computing,c,128.0,256.0,29015.6428,Intel(R) Xeon(R) Platinum 8375C CPU @ 2.90GHz,Intel(R) Xeon(R) Platinum 8375C CPU @ 2.90GHz,Intel
c6id.32xlarge,us-east-1,use1-az5,3,5.0,10.0,1.5,6.4512,2.1329,66,c6id,Computing,c,128.0,256.0,29015.6428,Intel(R) Xeon(R) Platinum 8375C CPU @ 2.90GHz,Intel(R) Xeon(R) Platinum 8375C CPU @ 2.90GHz,Intel
c6id.32xlarge,us-east-1,use1-az6,3,35.0,50.0,1.5,6.4512,2.2536,65,c6id,Computing,c,128.0,256.0,29015.6428,Intel(R) Xeon(R) Platinum 8375C CPU @ 2.90GHz,Intel(R) Xeon(R) Platinum 8375C CPU @ 2.90GHz,Intel
c6id.4xlarge,us-east-1,use1-az1,3,1.0,5.0,1.0,0.8064,0.426,47,c6id,Computing,c,16.0,32.0,28976.8133,Intel(R) Xeon(R) Platinum 8375C CPU @ 2.90GHz,Intel(R) Xeon(R) Platinum 8375C CPU @ 2.90GHz,Intel
c6id.4xlarge,us-east-1,use1-az2,3,50.0,50.0,1.0,0.8064,0.279,65,c6id,Computing,c,16.0,32.0,28976.8133,Intel(R) Xeon(R) Platinum 8375C CPU @ 2.90GHz,Intel(R) Xeon(R) Platinum 8375C CPU @ 2.90GHz,Intel
c6id.4xlarge,us-east-1,use1-az4,3,50.0,50.0,1.0,0.8064,0.3059,62,c6id,Computing,c,16.0,32.0,28976.8133,Intel(R) Xeon(R) Platinum 8375C CPU @ 2.90GHz,Intel(R) Xeon(R) Platinum 8375C CPU @ 2.90GHz,Intel
c6id.4xlarge,us-east-1,use1-az5,3,5.0,5.0,1.0,0.8064,0.4113,48,c6id,Computing,c,16.0,32.0,28976.8133,Intel(R) Xeon(R) Platinum 8375C CPU @ 2.90GHz,Intel(R) Xeon(R) Platinum 8375C CPU @ 2.90GHz,Intel
c6id.4xlarge,us-east-1,use1-az6,3,50.0,50.0,1.0,0.8064,0.2895,64,c6id,Computing,c,16.0,32.0,28976.8133,Intel(R) Xeon(R) Platinum 8375C CPU @ 2.90GHz,Intel(R) Xeon(R) Platinum 8375C CPU @ 2.90GHz,Intel
c6id.8xlarge,us-east-1,use1-az1,3,5.0,5.0,1.0,1.6128,0.7608,52,c6id,Computing,c,32.0,64.0,28993.0782,Intel(R) Xeon(R) Platinum 8375C CPU @ 2.90GHz,Intel(R) Xeon(R) Platinum 8375C CPU @ 2.90GHz,Intel
c6id.8xlarge,us-east-1,use1-az2,3,5.0,5.0,1.0,1.6128,0.6594,59,c6id,Computing,c,32.0,64.0,28993.0782,Intel(R) Xeon(R) Platinum 8375C CPU @ 2.90GHz,Intel(R) Xeon(R) Platinum 8375C CPU @ 2.90GHz,Intel
c6id.8xlarge,us-east-1,use1-az4,3,15.0,25.0,1.0,1.6128,0.5836,63,c6id,Computing,c,32.0,64.0,28993.0782,Intel(R) Xeon(R) Platinum 8375C CPU @ 2.90GHz,Intel(R) Xeon(R) Platinum 8375C CPU @ 2.90GHz,Intel
c6id.8xlarge,us-east-1,use1-az5,3,1.0,1.0,1.0,1.6128,0.6123,62,c6id,Computing,c,32.0,64.0,28993.0782,Intel(R) Xeon(R) Platinum 8375C CPU @ 2.90GHz,Intel(R) Xeon(R) Platinum 8375C CPU @ 2.90GHz,Intel
c6id.8xlarge,us-east-1,use1-az6,3,5.0,10.0,1.0,1.6128,0.5972,62,c6id,Computing,c,32.0,64.0,28993.0782,Intel(R) Xeon(R) Platinum 8375C CPU @ 2.90GHz,Intel(R) Xeon(R) Platinum 8375C CPU @ 2.90GHz,Intel
c6id.large,us-east-1,use1-az1,3,5.0,10.0,2.0,0.1008,0.0458,54,c6id,Computing,c,2.0,4.0,28984.3719,Intel(R) Xeon(R) Platinum 8375C CPU @ 2.90GHz,Intel(R) Xeon(R) Platinum 8375C CPU @ 2.90GHz,Intel
c6id.large,us-east-1,use1-az2,3,10.0,20.0,2.0,0.1008,0.052,48,c6id,Computing,c,2.0,4.0,28984.3719,Intel(R) Xeon(R) Platinum 8375C CPU @ 2.90GHz,Intel(R) Xeon(R) Platinum 8375C CPU @ 2.90GHz,Intel
c6id.large,us-east-1,use1-az4,3,15.0,20.0,2.0,0.1008,0.0493,51,c6id,Computing,c,2.0,4.0,28984.3719,Intel(R) Xeon(R) Platinum 8375C CPU @ 2.90GHz,Intel(R) Xeon(R) Platinum 8375C CPU @ 2.90GHz,Intel
c6id.large,us-east-1,use1-az5,3,1.0,1.0,2.0,0.1008,0.0393,61,c6id,Computing,c,2.0,4.0,28984.3719,Intel(R) Xeon(R) Platinum 8375C CPU @ 2.90GHz,Intel(R) Xeon(R) Platinum 8375C CPU @ 2.90GHz,Intel
c6id.large,us-east-1,use1-az6,3,5.0,10.0,2.0,0.1008,0.0493,51,c6id,Computing,c,2.0,4.0,28984.3719,Intel(R) Xeon(R) Platinum 8375C CPU @ 2.90GHz,Intel(R) Xeon(R) Platinum 8375C CPU @ 2.90GHz,Intel
c6id.xlarge,us-east-1,use1-az1,3,5.0,10.0,1.5,0.2016,0.0869,56,c6id,Computing,c,4.0,8.0,28966.9726,Intel(R) Xeon(R) Platinum 8375C CPU @ 2.90GHz,Intel(R) Xeon(R) Platinum 8375C CPU @ 2.90GHz,Intel
c6id.xlarge,us-east-1,use1-az2,3,5.0,10.0,1.5,0.2016,0.089,55,c6id,Computing,c,4.0,8.0,28966.9726,Intel(R) Xeon(R) Platinum 8375C CPU @ 2.90GHz,Intel(R) Xeon(R) Platinum 8375C CPU @ 2.90GHz,Intel
c6id.xlarge,us-east-1,use1-az4,3,10.0,20.0,1.5,0.2016,0.0872,56,c6id,Computing,c,4.0,8.0,28966.9726,Intel(R) Xeon(R) Platinum 8375C CPU @ 2.90GHz,Intel(R) Xeon(R) Platinum 8375C CPU @ 2.90GHz,Intel
c6id.xlarge,us-east-1,use1-az5,3,1.0,1.0,1.5,0.2016,0.0739,63,c6id,Computing,c,4.0,8.0,28966.9726,Intel(R) Xeon(R) Platinum 8375C CPU @ 2.90GHz,Intel(R) Xeon(R) Platinum 8375C CPU @ 2.90GHz,Intel
c6id.xlarge,us-east-1,use1-az6,3,5.0,10.0,1.5,0.2016,0.0933,53,c6id,Computing,c,4.0,8.0,28966.9726,Intel(R) Xeon(R) Platinum 8375C CPU @ 2.90GHz,Intel(R) Xeon(R) Platinum 8375C CPU @ 2.90GHz,Intel
c6in.12xlarge,us-east-1,use1-az1,3,1.0,1.0,1.5,2.7216,1.2751,53,c6in,Computing,c,48.0,96.0,29019.6688264,Intel(R) Xeon(R) Platinum 8375C CPU @ 2.90GHz,Intel(R) Xeon(R) Platinum 8375C CPU @ 2.90GHz,Intel
c6in.12xlarge,us-east-1,use1-az2,3,10.0,20.0,1.5,2.7216,1.067,60,c6in,Computing,c,48.0,96.0,29019.6688264,Intel(R) Xeon(R) Platinum 8375C CPU @ 2.90GHz,Intel(R) Xeon(R) Platinum 8375C CPU @ 2.90GHz,Intel
c6in.12xlarge,us-east-1,use1-az4,3,10.0,20.0,1.5,2.7216,1.0727,60,c6in,Computing,c,48.0,96.0,29019.6688264,Intel(R) Xeon(R) Platinum 8375C CPU @ 2.90GHz,Intel(R) Xeon(R) Platinum 8375C CPU @ 2.90GHz,Intel
c6in.12xlarge,us-east-1,use1-az5,3,5.0,5.0,1.5,2.7216,0.9828,63,c6in,Computing,c,48.0,96.0,29019.6688264,Intel(R) Xeon(R) Platinum 8375C CPU @ 2.90GHz,Intel(R) Xeon(R) Platinum 8375C CPU @ 2.90GHz,Intel
c6in.12xlarge,us-east-1,use1-az6,3,10.0,15.0,1.5,2.7216,1.0417,61,c6in,Computing,c,48.0,96.0,29019.6688264,Intel(R) Xeon(R) Platinum 8375C CPU @ 2.90GHz,Intel(R) Xeon(R) Platinum 8375C CPU @ 2.90GHz,Intel
c6in.16xlarge,us-east-1,use1-az1,3,1.0,1.0,1.5,3.6288,1.6708,53,c6in,Computing,c,64.0,128.0,29027.4226862,Intel(R) Xeon(R) Platinum 8375C CPU @ 2.90GHz,Intel(R) Xeon(R) Platinum 8375C CPU @ 2.90GHz,Intel
c6in.16xlarge,us-east-1,use1-az2,3,1.0,1.0,1.5,3.6288,1.8345,49,c6in,Computing,c,64.0,128.0,29027.4226862,Intel(R) Xeon(R) Platinum 8375C CPU @ 2.90GHz,Intel(R) Xeon(R) Platinum 8375C CPU @ 2.90GHz,Intel
c6in.16xlarge,us-east-1,use1-az4,3,1.0,5.0,1.5,3.6288,1.5585,57,c6in,Computing,c,64.0,128.0,29027.4226862,Intel(R) Xeon(R) Platinum 8375C CPU @ 2.90GHz,Intel(R) Xeon(R) Platinum 8375C CPU @ 2.90GHz,Intel
c6in.16xlarge,us-east-1,use1-az5,1,0.0,0.0,1.5,3.6288,1.314,63,c6in,Computing,c,64.0,128.0,29027.4226862,Intel(R) Xeon(R) Platinum 8375C CPU @ 2.90GHz,Intel(R) Xeon(R) Platinum 8375C CPU @ 2.90GHz,Intel
c6in.16xlarge,us-east-1,use1-az6,3,1.0,1.0,1.5,3.6288,1.3813,61,c6in,Computing,c,64.0,128.0,29027.4226862,Intel(R) Xeon(R) Platinum 8375C CPU @ 2.90GHz,Intel(R) Xeon(R) Platinum 8375C CPU @ 2.90GHz,Intel
c6in.24xlarge,us-east-1,use1-az1,3,1.0,1.0,1.0,5.4432,2.2466,58,c6in,Computing,c,96.0,192.0,29013.6204948,Intel(R) Xeon(R) Platinum 8375C CPU @ 2.90GHz,Intel(R) Xeon(R) Platinum 8375C CPU @ 2.90GHz,Intel
c6in.24xlarge,us-east-1,use1-az2,3,1.0,5.0,1.0,5.4432,1.9972,63,c6in,Computing,c,96.0,192.0,29013.6204948,Intel(R) Xeon(R) Platinum 8375C CPU @ 2.90GHz,Intel(R) Xeon(R) Platinum 8375C CPU @ 2.90GHz,Intel
c6in.24xlarge,us-east-1,use1-az4,3,1.0,1.0,1.0,5.4432,2.0293,62,c6in,Computing,c,96.0,192.0,29013.6204948,Intel(R) Xeon(R) Platinum 8375C CPU @ 2.90GHz,Intel(R) Xeon(R) Platinum 8375C CPU @ 2.90GHz,Intel
c6in.24xlarge,us-east-1,use1-az5,1,0.0,0.0,1.0,5.4432,2.0123,63,c6in,Computing,c,96.0,192.0,29013.6204948,Intel(R) Xeon(R) Platinum 8375C CPU @ 2.90GHz,Intel(R) Xeon(R) Platinum 8375C CPU @ 2.90GHz,Intel
c6in.24xlarge,us-east-1,use1-az6,3,1.0,1.0,1.0,5.4432,2.0401,62,c6in,Computing,c,96.0,192.0,29013.6204948,Intel(R) Xeon(R) Platinum 8375C CPU @ 2.90GHz,Intel(R) Xeon(R) Platinum 8375C CPU @ 2.90GHz,Intel
c6in.2xlarge,us-east-1,use1-az1,3,1.0,5.0,1.0,0.4536,0.2469,45,c6in,Computing,c,8.0,16.0,28934.0283186,Intel(R) Xeon(R) Platinum 8375C CPU @ 2.90GHz,Intel(R) Xeon(R) Platinum 8375C CPU @ 2.90GHz,Intel
c6in.2xlarge,us-east-1,use1-az2,3,5.0,10.0,1.0,0.4536,0.1997,55,c6in,Computing,c,8.0,16.0,28934.0283186,Intel(R) Xeon(R) Platinum 8375C CPU @ 2.90GHz,Intel(R) Xeon(R) Platinum 8375C CPU @ 2.90GHz,Intel
c6in.2xlarge,us-east-1,use1-az4,3,5.0,10.0,1.0,0.4536,0.2003,55,c6in,Computing,c,8.0,16.0,28934.0283186,Intel(R) Xeon(R) Platinum 8375C CPU @ 2.90GHz,Intel(R) Xeon(R) Platinum 8375C CPU @ 2.90GHz,Intel
c6in.2xlarge,us-east-1,use1-az5,3,1.0,5.0,1.0,0.4536,0.1681,62,c6in,Computing,c,8.0,16.0,28934.0283186,Intel(R) Xeon(R) Platinum 8375C CPU @ 2.90GHz,Intel(R) Xeon(R) Platinum 8375C CPU @ 2.90GHz,Intel
c6in.2xlarge,us-east-1,use1-az6,3,5.0,10.0,1.0,0.4536,0.2154,52,c6in,Computing,c,8.0,16.0,28934.0283186,Intel(R) Xeon(R) Platinum 8375C CPU @ 2.90GHz,Intel(R) Xeon(R) Platinum 8375C CPU @ 2.90GHz,Intel
c6in.32xlarge,us-east-1,use1-az1,3,10.0,15.0,1.5,7.2576,2.7107,62,c6in,Computing,c,128.0,256.0,28975.820881599997,Intel(R) Xeon(R) Platinum 8375C CPU @ 2.90GHz,Intel(R) Xeon(R) Platinum 8375C CPU @ 2.90GHz,Intel
c6in.32xlarge,us-east-1,use1-az2,3,5.0,5.0,1.5,7.2576,2.3248,67,c6in,Computing,c,128.0,256.0,28975.820881599997,Intel(R) Xeon(R) Platinum 8375C CPU @ 2.90GHz,Intel(R) Xeon(R) Platinum 8375C CPU @ 2.90GHz,Intel
c6in.32xlarge,us-east-1,use1-az4,3,5.0,5.0,1.5,7.2576,2.5302,65,c6in,Computing,c,128.0,256.0,28975.820881599997,Intel(R) Xeon(R) Platinum 8375C CPU @ 2.90GHz,Intel(R) Xeon(R) Platinum 8375C CPU @ 2.90GHz,Intel
c6in.32xlarge,us-east-1,use1-az5,1,0.0,0.0,1.5,7.2576,2.4168,66,c6in,Computing,c,128.0,256.0,28975.820881599997,Intel(R) Xeon(R) Platinum 8375C CPU @ 2.90GHz,Intel(R) Xeon(R) Platinum 8375C CPU @ 2.90GHz,Intel
c6in.32xlarge,us-east-1,use1-az6,3,1.0,5.0,1.5,7.2576,2.596,64,c6in,Computing,c,128.0,256.0,28975.820881599997,Intel(R) Xeon(R) Platinum 8375C CPU @ 2.90GHz,Intel(R) Xeon(R) Platinum 8375C CPU @ 2.90GHz,Intel
c6in.4xlarge,us-east-1,use1-az1,3,5.0,10.0,1.0,0.9072,0.53,41,c6in,Computing,c,16.0,32.0,28975.161768800004,Intel(R) Xeon(R) Platinum 8375C CPU @ 2.90GHz,Intel(R) Xeon(R) Platinum 8375C CPU @ 2.90GHz,Intel
c6in.4xlarge,us-east-1,use1-az2,3,50.0,50.0,1.0,0.9072,0.3278,63,c6in,Computing,c,16.0,32.0,28975.161768800004,Intel(R) Xeon(R) Platinum 8375C CPU @ 2.90GHz,Intel(R) Xeon(R) Platinum 8375C CPU @ 2.90GHz,Intel
c6in.4xlarge,us-east-1,use1-az4,3,50.0,50.0,1.0,0.9072,0.3333,63,c6in,Computing,c,16.0,32.0,28975.161768800004,Intel(R) Xeon(R) Platinum 8375C CPU @ 2.90GHz,Intel(R) Xeon(R) Platinum 8375C CPU @ 2.90GHz,Intel
c6in.4xlarge,us-east-1,use1-az5,3,5.0,5.0,1.0,0.9072,0.3549,60,c6in,Computing,c,16.0,32.0,28975.161768800004,Intel(R) Xeon(R) Platinum 8375C CPU @ 2.90GHz,Intel(R) Xeon(R) Platinum 8375C CPU @ 2.90GHz,Intel
c6in.4xlarge,us-east-1,use1-az6,3,50.0,50.0,1.0,0.9072,0.3358,62,c6in,Computing,c,16.0,32.0,28975.161768800004,Intel(R) Xeon(R) Platinum 8375C CPU @ 2.90GHz,Intel(R) Xeon(R) Platinum 8375C CPU @ 2.90GHz,Intel
c6in.8xlarge,us-east-1,use1-az1,3,1.0,5.0,1.0,1.8144,0.8223,54,c6in,Computing,c,32.0,64.0,28996.797534200003,Intel(R) Xeon(R) Platinum 8375C CPU @ 2.90GHz,Intel(R) Xeon(R) Platinum 8375C CPU @ 2.90GHz,Intel
c6in.8xlarge,us-east-1,use1-az2,3,5.0,5.0,1.0,1.8144,0.754,58,c6in,Computing,c,32.0,64.0,28996.797534200003,Intel(R) Xeon(R) Platinum 8375C CPU @ 2.90GHz,Intel(R) Xeon(R) Platinum 8375C CPU @ 2.90GHz,Intel
c6in.8xlarge,us-east-1,use1-az4,3,5.0,10.0,1.0,1.8144,0.7019,61,c6in,Computing,c,32.0,64.0,28996.797534200003,Intel(R) Xeon(R) Platinum 8375C CPU @ 2.90GHz,Intel(R) Xeon(R) Platinum 8375C CPU @ 2.90GHz,Intel
c6in.8xlarge,us-east-1,use1-az5,1,0.0,0.0,1.0,1.8144,0.6901,61,c6in,Computing,c,32.0,64.0,28996.797534200003,Intel(R) Xeon(R) Platinum 8375C CPU @ 2.90GHz,Intel(R) Xeon(R) Platinum 8375C CPU @ 2.90GHz,Intel
c6in.8xlarge,us-east-1,use1-az6,3,1.0,5.0,1.0,1.8144,0.753,58,c6in,Computing,c,32.0,64.0,28996.797534200003,Intel(R) Xeon(R) Platinum 8375C CPU @ 2.90GHz,Intel(R) Xeon(R) Platinum 8375C CPU @ 2.90GHz,Intel
c6in.large,us-east-1,use1-az1,3,5.0,10.0,2.0,0.1134,0.0474,58,c6in,Computing,c,2.0,4.0,28961.0424924,Intel(R) Xeon(R) Platinum 8375C CPU @ 2.90GHz,Intel(R) Xeon(R) Platinum 8375C CPU @ 2.90GHz,Intel
c6in.large,us-east-1,use1-az2,3,15.0,25.0,2.0,0.1134,0.0408,64,c6in,Computing,c,2.0,4.0,28961.0424924,Intel(R) Xeon(R) Platinum 8375C CPU @ 2.90GHz,Intel(R) Xeon(R) Platinum 8375C CPU @ 2.90GHz,Intel
c6in.large,us-east-1,use1-az4,3,10.0,15.0,2.0,0.1134,0.0444,60,c6in,Computing,c,2.0,4.0,28961.0424924,Intel(R) Xeon(R) Platinum 8375C CPU @ 2.90GHz,Intel(R) Xeon(R) Platinum 8375C CPU @ 2.90GHz,Intel
c6in.large,us-east-1,use1-az5,3,1.0,1.0,2.0,0.1134,0.0439,61,c6in,Computing,c,2.0,4.0,28961.0424924,Intel(R) Xeon(R) Platinum 8375C CPU @ 2.90GHz,Intel(R) Xeon(R) Platinum 8375C CPU @ 2.90GHz,Intel
c6in.large,us-east-1,use1-az6,3,5.0,10.0,2.0,0.1134,0.0449,60,c6in,Computing,c,2.0,4.0,28961.0424924,Intel(R) Xeon(R) Platinum 8375C CPU @ 2.90GHz,Intel(R) Xeon(R) Platinum 8375C CPU @ 2.90GHz,Intel
c6in.xlarge,us-east-1,use1-az1,3,25.0,35.0,1.5,0.2268,0.081,64,c6in,Computing,c,4.0,8.0,28997.6357124,Intel(R) Xeon(R) Platinum 8375C CPU @ 2.90GHz,Intel(R) Xeon(R) Platinum 8375C CPU @ 2.90GHz,Intel
c6in.xlarge,us-east-1,use1-az2,3,20.0,30.0,1.5,0.2268,0.0886,60,c6in,Computing,c,4.0,8.0,28997.6357124,Intel(R) Xeon(R) Platinum 8375C CPU @ 2.90GHz,Intel(R) Xeon(R) Platinum 8375C CPU @ 2.90GHz,Intel
c6in.xlarge,us-east-1,use1-az4,3,10.0,20.0,1.5,0.2268,0.0871,61,c6in,Computing,c,4.0,8.0,28997.6357124,Intel(R) Xeon(R) Platinum 8375C CPU @ 2.90GHz,Intel(R) Xeon(R) Platinum 8375C CPU @ 2.90GHz,Intel
c6in.xlarge,us-east-1,use1-az5,1,0.0,0.0,1.5,0.2268,0.0966,57,c6in,Computing,c,4.0,8.0,28997.6357124,Intel(R) Xeon(R) Platinum 8375C CPU @ 2.90GHz,Intel(R) Xeon(R) Platinum 8375C CPU @ 2.90GHz,Intel
c6in.xlarge,us-east-1,use1-az6,3,30.0,40.0,1.5,0.2268,0.0827,63,c6in,Computing,c,4.0,8.0,28997.6357124,Intel(R) Xeon(R) Platinum 8375C CPU @ 2.90GHz,Intel(R) Xeon(R) Platinum 8375C CPU @ 2.90GHz,Intel
c7a.12xlarge,us-east-1,use1-az1,3,15.0,25.0,1.0,2.46336,0.8869,63,c7a,Computing,c,48.0,96.0,35551.062585,AMD EPYC 9R14,AMD EPYC 9R14,AuthenticAMD
c7a.12xlarge,us-east-1,use1-az2,3,50.0,50.0,1.0,2.46336,0.9607,61,c7a,Computing,c,48.0,96.0,35551.062585,AMD EPYC 9R14,AMD EPYC 9R14,AuthenticAMD
c7a.12xlarge,us-east-1,use1-az4,3,50.0,50.0,1.0,2.46336,0.8971,63,c7a,Computing,c,48.0,96.0,35551.062585,AMD EPYC 9R14,AMD EPYC 9R14,AuthenticAMD
c7a.12xlarge,us-east-1,use1-az5,3,1.0,1.0,1.0,2.46336,0.9613,60,c7a,Computing,c,48.0,96.0,35551.062585,AMD EPYC 9R14,AMD EPYC 9R14,AuthenticAMD
c7a.12xlarge,us-east-1,use1-az6,3,50.0,50.0,1.0,2.46336,1.006,59,c7a,Computing,c,48.0,96.0,35551.062585,AMD EPYC 9R14,AMD EPYC 9R14,AuthenticAMD
c7a.16xlarge,us-east-1,use1-az1,3,1.0,1.0,1.5,3.28448,1.1859,63,c7a,Computing,c,64.0,128.0,35578.873547400006,AMD EPYC 9R14,AMD EPYC 9R14,AuthenticAMD
c7a.16xlarge,us-east-1,use1-az2,3,10.0,15.0,1.5,3.28448,1.3352,59,c7a,Computing,c,64.0,128.0,35578.873547400006,AMD EPYC 9R14,AMD EPYC 9R14,AuthenticAMD
c7a.16xlarge,us-east-1,use1-az4,3,5.0,5.0,1.5,3.28448,1.4184,56,c7a,Computing,c,64.0,128.0,35578.873547400006,AMD EPYC 9R14,AMD EPYC 9R14,AuthenticAMD
c7a.16xlarge,us-east-1,use1-az5,3,1.0,1.0,1.5,3.28448,1.2102,63,c7a,Computing,c,64.0,128.0,35578.873547400006,AMD EPYC 9R14,AMD EPYC 9R14,AuthenticAMD
c7a.16xlarge,us-east-1,use1-az6,3,15.0,25.0,1.5,3.28448,1.4957,54,c7a,Computing,c,64.0,128.0,35578.873547400006,AMD EPYC 9R14,AMD EPYC 9R14,AuthenticAMD
c7a.24xlarge,us-east-1,use1-az1,1,0.0,0.0,1.0,4.92672,1.7616,64,c7a,Computing,c,96.0,192.0,35612.5678924,AMD EPYC 9R14,AMD EPYC 9R14,AuthenticAMD
c7a.24xlarge,us-east-1,use1-az2,3,10.0,20.0,1.0,4.92672,1.9463,60,c7a,Computing,c,96.0,192.0,35612.5678924,AMD EPYC 9R14,AMD EPYC 9R14,AuthenticAMD
c7a.24xlarge,us-east-1,use1-az4,3,1.0,5.0,1.0,4.92672,1.9254,60,c7a,Computing,c,96.0,192.0,35612.5678924,AMD EPYC 9R14,AMD EPYC 9R14,AuthenticAMD
c7a.24xlarge,us-east-1,use1-az5,3,1.0,1.0,1.0,4.92672,1.8047,63,c7a,Computing,c,96.0,192.0,35612.5678924,AMD EPYC 9R14,AMD EPYC 9R14,AuthenticAMD
c7a.24xlarge,us-east-1,use1-az6,3,5.0,5.0,1.0,4.92672,2.2927,53,c7a,Computing,c,96.0,192.0,35612.5678924,AMD EPYC 9R14,AMD EPYC 9R14,AuthenticAMD
c7a.2xlarge,us-east-1,use1-az1,3,15.0,25.0,2.5,0.41056,0.1882,54,c7a,Computing,c,8.0,16.0,35550.291669000006,AMD EPYC 9R14,AMD EPYC 9R14,AuthenticAMD
c7a.2xlarge,us-east-1,use1-az2,3,15.0,30.0,2.5,0.41056,0.184,55,c7a,Computing,c,8.0,16.0,35550.291669000006,AMD EPYC 9R14,AMD EPYC 9R14,AuthenticAMD
c7a.2xlarge,us-east-1,use1-az4,3,50.0,50.0,2.5,0.41056,0.2131,48,c7a,Computing,c,8.0,16.0,35550.291669000006,AMD EPYC 9R14,AMD EPYC 9R14,AuthenticAMD
c7a.2xlarge,us-east-1,use1-az5,3,10.0,15.0,2.5,0.41056,0.1578,61,c7a,Computing,c,8.0,16.0,35550.291669000006,AMD EPYC 9R14,AMD EPYC 9R14,AuthenticAMD
c7a.2xlarge,us-east-1,use1-az6,3,50.0,50.0,2.5,0.41056,0.1892,53,c7a,Computing,c,8.0,16.0,35550.291669000006,AMD EPYC 9R14,AMD EPYC 9R14,AuthenticAMD
c7a.32xlarge,us-east-1,use1-az1,3,1.0,1.0,2.0,6.56896,2.1535,67,c7a,Computing,c,128.0,256.0,35597.4270538,AMD EPYC 9R14,AMD EPYC 9R14,AuthenticAMD
c7a.32xlarge,us-east-1,use1-az2,3,15.0,25.0,2.0,6.56896,2.4535,62,c7a,Computing,c,128.0,256.0,35597.4270538,AMD EPYC 9R14,AMD EPYC 9R14,AuthenticAMD
c7a.32xlarge,us-east-1,use1-az4,3,5.0,5.0,2.0,6.56896,2.3192,64,c7a,Computing,c,128.0,256.0,35597.4270538,AMD EPYC 9R14,AMD EPYC 9R14,AuthenticAMD
c7a.32xlarge,us-east-1,use1-az5,3,1.0,5.0,2.0,6.56896,2.5304,61,c7a,Computing,c,128.0,256.0,35597.4270538,AMD EPYC 9R14,AMD EPYC 9R14,AuthenticAMD
c7a.32xlarge,us-east-1,use1-az6,3,25.0,35.0,2.0,6.56896,2.5986,60,c7a,Computing,c,128.0,256.0,35597.4270538,AMD EPYC 9R14,AMD EPYC 9R14,AuthenticAMD
c7a.48xlarge,us-east-1,use1-az1,3,1.0,1.0,1.0,9.85344,3.3862,65,c7a,Computing,c,192.0,384.0,35590.310902000005,AMD EPYC 9R14,AMD EPYC 9R14,AuthenticAMD
c7a.48xlarge,us-east-1,use1-az2,3,30.0,50.0,1.0,9.85344,3.419,65,c7a,Computing,c,192.0,384.0,35590.310902000005,AMD EPYC 9R14,AMD EPYC 9R14,AuthenticAMD
c7a.48xlarge,us-east-1,use1-az4,3,10.0,15.0,1.0,9.85344,3.4068,65,c7a,Computing,c,192.0,384.0,35590.310902000005,AMD EPYC 9R14,AMD EPYC 9R14,AuthenticAMD
c7a.48xlarge,us-east-1,use1-az5,3,1.0,1.0,1.0,9.85344,3.5256,64,c7a,Computing,c,192.0,384.0,35590.310902000005,AMD EPYC 9R14,AMD EPYC 9R14,AuthenticAMD
c7a.48xlarge,us-east-1,use1-az6,3,30.0,45.0,1.0,9.85344,3.5961,63,c7a,Computing,c,192.0,384.0,35590.310902000005,AMD EPYC 9R14,AMD EPYC 9R14,AuthenticAMD
c7a.4xlarge,us-east-1,use1-az1,3,40.0,50.0,2.0,0.82112,0.3141,61,c7a,Computing,c,16.0,32.0,35517.0023132,AMD EPYC 9R14,AMD EPYC 9R14,AuthenticAMD
c7a.4xlarge,us-east-1,use1-az2,3,50.0,50.0,2.0,0.82112,0.3375,58,c7a,Computing,c,16.0,32.0,35517.0023132,AMD EPYC 9R14,AMD EPYC 9R14,AuthenticAMD
c7a.4xlarge,us-east-1,use1-az4,3,50.0,50.0,2.0,0.82112,0.3274,60,c7a,Computing,c,16.0,32.0,35517.0023132,AMD EPYC 9R14,AMD EPYC 9R14,AuthenticAMD
c7a.4xlarge,us-east-1,use1-az5,3,5.0,10.0,2.0,0.82112,0.3646,55,c7a,Computing,c,16.0,32.0,35517.0023132,AMD EPYC 9R14,AMD EPYC 9R14,AuthenticAMD
c7a.4xlarge,us-east-1,use1-az6,3,50.0,50.0,2.0,0.82112,0.3572,56,c7a,Computing,c,16.0,32.0,35517.0023132,AMD EPYC 9R14,AMD EPYC 9R14,AuthenticAMD
c7a.8xlarge,us-east-1,use1-az1,3,5.0,5.0,1.5,1.64224,0.6741,58,c7a,Computing,c,32.0,64.0,30405.7913712,AMD EPYC 9R14,AMD EPYC 9R14,AuthenticAMD
c7a.8xlarge,us-east-1,use1-az2,3,15.0,25.0,1.5,1.64224,0.8278,49,c7a,Computing,c,32.0,64.0,30405.7913712,AMD EPYC 9R14,AMD EPYC 9R14,AuthenticAMD
c7a.8xlarge,us-east-1,use1-az4,3,10.0,20.0,1.5,1.64224,0.695,57,c7a,Computing,c,32.0,64.0,30405.7913712,AMD EPYC 9R14,AMD EPYC 9R14,AuthenticAMD
c7a.8xlarge,us-east-1,use1-az5,3,1.0,1.0,1.5,1.64224,0.639,61,c7a,Computing,c,32.0,64.0,30405.7913712,AMD EPYC 9R14,AMD EPYC 9R14,AuthenticAMD
c7a.8xlarge,us-east-1,use1-az6,3,25.0,35.0,1.5,1.64224,0.8327,49,c7a,Computing,c,32.0,64.0,30405.7913712,AMD EPYC 9R14,AMD EPYC 9R14,AuthenticAMD
c7a.large,us-east-1,use1-az1,3,10.0,15.0,2.5,0.10264,0.0389,62,c7a,Computing,c,2.0,4.0,35674.582822599994,AMD EPYC 9R14,AMD EPYC 9R14,AuthenticAMD
c7a.large,us-east-1,use1-az2,3,50.0,50.0,2.5,0.10264,0.0405,60,c7a,Computing,c,2.0,4.0,35674.582822599994,AMD EPYC 9R14,AMD EPYC 9R14,AuthenticAMD
c7a.large,us-east-1,use1-az4,3,50.0,50.0,2.5,0.10264,0.0425,58,c7a,Computing,c,2.0,4.0,35674.582822599994,AMD EPYC 9R14,AMD EPYC 9R14,AuthenticAMD
c7a.large,us-east-1,use1-az5,3,20.0,30.0,2.5,0.10264,0.0349,65,c7a,Computing,c,2.0,4.0,35674.582822599994,AMD EPYC 9R14,AMD EPYC 9R14,AuthenticAMD
c7a.large,us-east-1,use1-az6,3,50.0,50.0,2.5,0.10264,0.0381,62,c7a,Computing,c,2.0,4.0,35674.582822599994,AMD EPYC 9R14,AMD EPYC 9R14,AuthenticAMD
c7a.medium,us-east-1,use1-az1,3,25.0,35.0,3.0,0.05132,0.0225,56,c7a,Computing,c,1.0,2.0,35533.93280540001,AMD EPYC 9R14,AMD EPYC 9R14,AuthenticAMD
c7a.medium,us-east-1,use1-az2,3,50.0,50.0,3.0,0.05132,0.0202,60,c7a,Computing,c,1.0,2.0,35533.93280540001,AMD EPYC 9R14,AMD EPYC 9R14,AuthenticAMD
c7a.medium,us-east-1,use1-az4,3,50.0,50.0,3.0,0.05132,0.0205,60,c7a,Computing,c,1.0,2.0,35533.93280540001,AMD EPYC 9R14,AMD EPYC 9R14,AuthenticAMD
c7a.medium,us-east-1,use1-az5,3,45.0,50.0,3.0,0.05132,0.0204,60,c7a,Computing,c,1.0,2.0,35533.93280540001,AMD EPYC 9R14,AMD EPYC 9R14,AuthenticAMD
c7a.medium,us-east-1,use1-az6,3,50.0,50.0,3.0,0.05132,0.0196,61,c7a,Computing,c,1.0,2.0,35533.93280540001,AMD EPYC 9R14,AMD EPYC 9R14,AuthenticAMD
c7a.xlarge,us-east-1,use1-az1,3,15.0,25.0,3.0,0.20528,0.0943,54,c7a,Computing,c,4.0,8.0,35579.415888400006,AMD EPYC 9R14,AMD EPYC 9R14,AuthenticAMD
c7a.xlarge,us-east-1,use1-az2,3,25.0,40.0,3.0,0.20528,0.0986,51,c7a,Computing,c,4.0,8.0,35579.415888400006,AMD EPYC 9R14,AMD EPYC 9R14,AuthenticAMD
c7a.xlarge,us-east-1,use1-az4,3,50.0,50.0,3.0,0.20528,0.0959,53,c7a,Computing,c,4.0,8.0,35579.415888400006,AMD EPYC 9R14,AMD EPYC 9R14,AuthenticAMD
c7a.xlarge,us-east-1,use1-az5,3,10.0,15.0,3.0,0.20528,0.0836,59,c7a,Computing,c,4.0,8.0,35579.415888400006,AMD EPYC 9R14,AMD EPYC 9R14,AuthenticAMD
c7a.xlarge,us-east-1,use1-az6,3,50.0,50.0,3.0,0.20528,0.0849,58,c7a,Computing,c,4.0,8.0,35579.415888400006,AMD EPYC 9R14,AMD EPYC 9R14,AuthenticAMD
c7g.12xlarge,us-east-1,use1-az1,3,15.0,20.0,3.0,1.74,0.5844,66,c7g,Computing,c,48.0,96.0,24080.2585992,AWS Graviton3 Processor,AWS Graviton3 Processor,AWS
c7g.12xlarge,us-east-1,use1-az2,3,50.0,50.0,3.0,1.74,0.6384,63,c7g,Computing,c,48.0,96.0,24080.2585992,AWS Graviton3 Processor,AWS Graviton3 Processor,AWS
c7g.12xlarge,us-east-1,use1-az4,3,50.0,50.0,3.0,1.74,0.5582,67,c7g,Computing,c,48.0,96.0,24080.2585992,AWS Graviton3 Processor,AWS Graviton3 Processor,AWS
c7g.12xlarge,us-east-1,use1-az5,3,50.0,50.0,3.0,1.74,0.6243,64,c7g,Computing,c,48.0,96.0,24080.2585992,AWS Graviton3 Processor,AWS Graviton3 Processor,AWS
c7g.12xlarge,us-east-1,use1-az6,3,50.0,50.0,3.0,1.74,0.5648,67,c7g,Computing,c,48.0,96.0,24080.2585992,AWS Graviton3 Processor,AWS Graviton3 Processor,AWS
c7g.16xlarge,us-east-1,use1-az1,3,50.0,50.0,3.0,2.32,0.7937,65,c7g,Computing,c,64.0,128.0,24072.140036799996,AWS Graviton3 Processor,AWS Graviton3 Processor,AWS
c7g.16xlarge,us-east-1,use1-az2,3,50.0,50.0,3.0,2.32,0.835,64,c7g,Computing,c,64.0,128.0,24072.140036799996,AWS Graviton3 Processor,AWS Graviton3 Processor,AWS
c7g.16xlarge,us-east-1,use1-az4,3,50.0,50.0,3.0,2.32,0.7709,66,c7g,Computing,c,64.0,128.0,24072.140036799996,AWS Graviton3 Processor,AWS Graviton3 Processor,AWS
c7g.16xlarge,us-east-1,use1-az5,3,50.0,50.0,3.0,2.32,0.8079,65,c7g,Computing,c,64.0,128.0,24072.140036799996,AWS Graviton3 Processor,AWS Graviton3 Processor,AWS
c7g.16xlarge,us-east-1,use1-az6,3,50.0,50.0,3.0,2.32,0.806,65,c7g,Computing,c,64.0,128.0,24072.140036799996,AWS Graviton3 Processor,AWS Graviton3 Processor,AWS
c7g.2xlarge,us-east-1,use1-az1,3,50.0,50.0,3.0,0.29,0.1397,51,c7g,Computing,c,8.0,16.0,24082.576406,AWS Graviton3 Processor,AWS Graviton3 Processor,AWS
c7g.2xlarge,us-east-1,use1-az2,3,50.0,50.0,3.0,0.29,0.1037,64,c7g,Computing,c,8.0,16.0,24082.576406,AWS Graviton3 Processor,AWS Graviton3 Processor,AWS
c7g.2xlarge,us-east-1,use1-az4,3,50.0,50.0,3.0,0.29,0.1085,62,c7g,Computing,c,8.0,16.0,24082.576406,AWS Graviton3 Processor,AWS Graviton3 Processor,AWS
c7g.2xlarge,us-east-1,use1-az5,3,50.0,50.0,3.0,0.29,0.1045,63,c7g,Computing,c,8.0,16.0,24082.576406,AWS Graviton3 Processor,AWS Graviton3 Processor,AWS
c7g.2xlarge,us-east-1,use1-az6,3,50.0,50.0,3.0,0.29,0.1131,60,c7g,Computing,c,8.0,16.0,24082.576406,AWS Graviton3 Processor,AWS Graviton3 Processor,AWS
c7g.4xlarge,us-east-1,use1-az1,3,50.0,50.0,3.0,0.58,0.2855,50,c7g,Computing,c,16.0,32.0,24085.944039600006,AWS Graviton3 Processor,AWS Graviton3 Processor,AWS
c7g.4xlarge,us-east-1,use1-az2,3,50.0,50.0,3.0,0.58,0.196,66,c7g,Computing,c,16.0,32.0,24085.944039600006,AWS Graviton3 Processor,AWS Graviton3 Processor,AWS
c7g.4xlarge,us-east-1,use1-az4,3,50.0,50.0,3.0,0.58,0.1995,65,c7g,Computing,c,16.0,32.0,24085.944039600006,AWS Graviton3 Processor,AWS Graviton3 Processor,AWS
c7g.4xlarge,us-east-1,use1-az5,3,50.0,50.0,3.0,0.58,0.2129,63,c7g,Computing,c,16.0,32.0,24085.944039600006,AWS Graviton3 Processor,AWS Graviton3 Processor,AWS
c7g.4xlarge,us-east-1,use1-az6,3,50.0,50.0,3.0,0.58,0.1941,66,c7g,Computing,c,16.0,32.0,24085.944039600006,AWS Graviton3 Processor,AWS Graviton3 Processor,AWS
c7g.8xlarge,us-east-1,use1-az1,3,50.0,50.0,3.0,1.16,0.5382,53,c7g,Computing,c,32.0,64.0,24079.4466572,AWS Graviton3 Processor,AWS Graviton3 Processor,AWS
c7g.8xlarge,us-east-1,use1-az2,3,50.0,50.0,3.0,1.16,0.4338,62,c7g,Computing,c,32.0,64.0,24079.4466572,AWS Graviton3 Processor,AWS Graviton3 Processor,AWS
c7g.8xlarge,us-east-1,use1-az4,3,50.0,50.0,3.0,1.16,0.4038,65,c7g,Computing,c,32.0,64.0,24079.4466572,AWS Graviton3 Processor,AWS Graviton3 Processor,AWS
c7g.8xlarge,us-east-1,use1-az5,3,50.0,50.0,3.0,1.16,0.4136,64,c7g,Computing,c,32.0,64.0,24079.4466572,AWS Graviton3 Processor,AWS Graviton3 Processor,AWS
c7g.8xlarge,us-east-1,use1-az6,3,50.0,50.0,3.0,1.16,0.4275,63,c7g,Computing,c,32.0,64.0,24079.4466572,AWS Graviton3 Processor,AWS Graviton3 Processor,AWS
c7g.large,us-east-1,use1-az1,3,50.0,50.0,3.0,0.0725,0.0397,45,c7g,Computing,c,2.0,4.0,24092.0907476,AWS Graviton3 Processor,AWS Graviton3 Processor,AWS
c7g.large,us-east-1,use1-az2,3,50.0,50.0,3.0,0.0725,0.0342,52,c7g,Computing,c,2.0,4.0,24092.0907476,AWS Graviton3 Processor,AWS Graviton3 Processor,AWS
c7g.large,us-east-1,use1-az4,3,50.0,50.0,3.0,0.0725,0.0348,52,c7g,Computing,c,2.0,4.0,24092.0907476,AWS Graviton3 Processor,AWS Graviton3 Processor,AWS
c7g.large,us-east-1,use1-az5,3,50.0,50.0,3.0,0.0725,0.0323,55,c7g,Computing,c,2.0,4.0,24092.0907476,AWS Graviton3 Processor,AWS Graviton3 Processor,AWS
c7g.large,us-east-1,use1-az6,3,50.0,50.0,3.0,0.0725,0.0306,57,c7g,Computing,c,2.0,4.0,24092.0907476,AWS Graviton3 Processor,AWS Graviton3 Processor,AWS
c7g.medium,us-east-1,use1-az1,3,50.0,50.0,3.0,0.0363,0.0126,65,c7g,Computing,c,1.0,2.0,24081.4152806,AWS Graviton3 Processor,AWS Graviton3 Processor,AWS
c7g.medium,us-east-1,use1-az2,3,50.0,50.0,3.0,0.0363,0.0118,67,c7g,Computing,c,1.0,2.0,24081.4152806,AWS Graviton3 Processor,AWS Graviton3 Processor,AWS
c7g.medium,us-east-1,use1-az4,3,50.0,50.0,3.0,0.0363,0.0135,62,c7g,Computing,c,1.0,2.0,24081.4152806,AWS Graviton3 Processor,AWS Graviton3 Processor,AWS
c7g.medium,us-east-1,use1-az5,3,50.0,50.0,3.0,0.0363,0.0117,67,c7g,Computing,c,1.0,2.0,24081.4152806,AWS Graviton3 Processor,AWS Graviton3 Processor,AWS
c7g.medium,us-east-1,use1-az6,3,50.0,50.0,3.0,0.0363,0.0118,67,c7g,Computing,c,1.0,2.0,24081.4152806,AWS Graviton3 Processor,AWS Graviton3 Processor,AWS
c7g.xlarge,us-east-1,use1-az1,3,50.0,50.0,3.0,0.145,0.0608,58,c7g,Computing,c,4.0,8.0,24086.2931156,AWS Graviton3 Processor,AWS Graviton3 Processor,AWS
c7g.xlarge,us-east-1,use1-az2,3,50.0,50.0,3.0,0.145,0.0574,60,c7g,Computing,c,4.0,8.0,24086.2931156,AWS Graviton3 Processor,AWS Graviton3 Processor,AWS
c7g.xlarge,us-east-1,use1-az4,3,50.0,50.0,3.0,0.145,0.0612,57,c7g,Computing,c,4.0,8.0,24086.2931156,AWS Graviton3 Processor,AWS Graviton3 Processor,AWS
c7g.xlarge,us-east-1,use1-az5,3,50.0,50.0,3.0,0.145,0.0567,60,c7g,Computing,c,4.0,8.0,24086.2931156,AWS Graviton3 Processor,AWS Graviton3 Processor,AWS
c7g.xlarge,us-east-1,use1-az6,3,50.0,50.0,3.0,0.145,0.0563,61,c7g,Computing,c,4.0,8.0,24086.2931156,AWS Graviton3 Processor,AWS Graviton3 Processor,AWS
c7gd.12xlarge,us-east-1,use1-az1,3,10.0,20.0,2.5,2.1773,0.7437,65,c7gd,Computing,c,48.0,96.0,24077.081,AWS Graviton3 Processor,AWS Graviton3 Processor,AWS
c7gd.12xlarge,us-east-1,use1-az2,3,50.0,50.0,2.5,2.1773,0.8249,62,c7gd,Computing,c,48.0,96.0,24077.081,AWS Graviton3 Processor,AWS Graviton3 Processor,AWS
c7gd.12xlarge,us-east-1,use1-az4,3,50.0,50.0,2.5,2.1773,0.7696,64,c7gd,Computing,c,48.0,96.0,24077.081,AWS Graviton3 Processor,AWS Graviton3 Processor,AWS
c7gd.12xlarge,us-east-1,use1-az5,3,5.0,10.0,2.5,2.1773,0.6498,70,c7gd,Computing,c,48.0,96.0,24077.081,AWS Graviton3 Processor,AWS Graviton3 Processor,AWS
c7gd.12xlarge,us-east-1,use1-az6,3,50.0,50.0,2.5,2.1773,0.7074,67,c7gd,Computing,c,48.0,96.0,24077.081,AWS Graviton3 Processor,AWS Graviton3 Processor,AWS
c7gd.16xlarge,us-east-1,use1-az1,3,20.0,35.0,3.0,2.903,0.941,67,c7gd,Computing,c,64.0,128.0,24071.4446,AWS Graviton3 Processor,AWS Graviton3 Processor,AWS
c7gd.16xlarge,us-east-1,use1-az2,3,50.0,50.0,3.0,2.903,1.0777,62,c7gd,Computing,c,64.0,128.0,24071.4446,AWS Graviton3 Processor,AWS Graviton3 Processor,AWS
c7gd.16xlarge,us-east-1,use1-az4,3,50.0,50.0,3.0,2.903,0.9251,68,c7gd,Computing,c,64.0,128.0,24071.4446,AWS Graviton3 Processor,AWS Graviton3 Processor,AWS
c7gd.16xlarge,us-east-1,use1-az5,3,1.0,1.0,3.0,2.903,0.9497,67,c7gd,Computing,c,64.0,128.0,24071.4446,AWS Graviton3 Processor,AWS Graviton3 Processor,AWS
c7gd.16xlarge,us-east-1,use1-az6,3,50.0,50.0,3.0,2.903,0.9879,65,c7gd,Computing,c,64.0,128.0,24071.4446,AWS Graviton3 Processor,AWS Graviton3 Processor,AWS
c7gd.2xlarge,us-east-1,use1-az1,3,15.0,25.0,3.0,0.3629,0.1386,61,c7gd,Computing,c,8.0,16.0,24077.081,AWS Graviton3 Processor,AWS Graviton3 Processor,AWS
c7gd.2xlarge,us-east-1,use1-az2,3,50.0,50.0,3.0,0.3629,0.1248,65,c7gd,Computing,c,8.0,16.0,24077.081,AWS Graviton3 Processor,AWS Graviton3 Processor,AWS
c7gd.2xlarge,us-east-1,use1-az4,3,50.0,50.0,3.0,0.3629,0.1321,63,c7gd,Computing,c,8.0,16.0,24077.081,AWS Graviton3 Processor,AWS Graviton3 Processor,AWS
c7gd.2xlarge,us-east-1,use1-az5,3,1.0,5.0,3.0,0.3629,0.1268,65,c7gd,Computing,c,8.0,16.0,24077.081,AWS Graviton3 Processor,AWS Graviton3 Processor,AWS
c7gd.2xlarge,us-east-1,use1-az6,3,50.0,50.0,3.0,0.3629,0.1312,63,c7gd,Computing,c,8.0,16.0,24077.081,AWS Graviton3 Processor,AWS Graviton3 Processor,AWS
c7gd.4xlarge,us-east-1,use1-az1,3,30.0,40.0,3.0,0.7258,0.2478,65,c7gd,Computing,c,16.0,32.0,24077.081,AWS Graviton3 Processor,AWS Graviton3 Processor,AWS
c7gd.4xlarge,us-east-1,use1-az2,3,50.0,50.0,3.0,0.7258,0.2562,64,c7gd,Computing,c,16.0,32.0,24077.081,AWS Graviton3 Processor,AWS Graviton3 Processor,AWS
c7gd.4xlarge,us-east-1,use1-az4,3,50.0,50.0,3.0,0.7258,0.2419,66,c7gd,Computing,c,16.0,32.0,24077.081,AWS Graviton3 Processor,AWS Graviton3 Processor,AWS
c7gd.4xlarge,us-east-1,use1-az5,3,1.0,1.0,3.0,0.7258,0.277,61,c7gd,Computing,c,16.0,32.0,24077.081,AWS Graviton3 Processor,AWS Graviton3 Processor,AWS
c7gd.4xlarge,us-east-1,use1-az6,3,50.0,50.0,3.0,0.7258,0.254,65,c7gd,Computing,c,16.0,32.0,24077.081,AWS Graviton3 Processor,AWS Graviton3 Processor,AWS
c7gd.8xlarge,us-east-1,use1-az1,3,5.0,15.0,2.0,1.4515,0.4677,67,c7gd,Computing,c,32.0,64.0,24079.6751,AWS Graviton3 Processor,AWS Graviton3 Processor,AWS
c7gd.8xlarge,us-east-1,use1-az2,3,25.0,40.0,2.0,1.4515,0.5134,64,c7gd,Computing,c,32.0,64.0,24079.6751,AWS Graviton3 Processor,AWS Graviton3 Processor,AWS
c7gd.8xlarge,us-east-1,use1-az4,3,50.0,50.0,2.0,1.4515,0.516,64,c7gd,Computing,c,32.0,64.0,24079.6751,AWS Graviton3 Processor,AWS Graviton3 Processor,AWS
c7gd.8xlarge,us-east-1,use1-az5,3,1.0,5.0,2.0,1.4515,0.4971,65,c7gd,Computing,c,32.0,64.0,24079.6751,AWS Graviton3 Processor,AWS Graviton3 Processor,AWS
c7gd.8xlarge,us-east-1,use1-az6,3,50.0,50.0,2.0,1.4515,0.5404,62,c7gd,Computing,c,32.0,64.0,24079.6751,AWS Graviton3 Processor,AWS Graviton3 Processor,AWS
c7gd.large,us-east-1,use1-az1,3,10.0,20.0,3.0,0.0907,0.042,53,c7gd,Computing,c,2.0,4.0,24077.081,AWS Graviton3 Processor,AWS Graviton3 Processor,AWS
c7gd.large,us-east-1,use1-az2,3,50.0,50.0,3.0,0.0907,0.0344,62,c7gd,Computing,c,2.0,4.0,24077.081,AWS Graviton3 Processor,AWS Graviton3 Processor,AWS
c7gd.large,us-east-1,use1-az4,3,40.0,50.0,3.0,0.0907,0.0364,59,c7gd,Computing,c,2.0,4.0,24077.081,AWS Graviton3 Processor,AWS Graviton3 Processor,AWS
c7gd.large,us-east-1,use1-az5,3,10.0,20.0,3.0,0.0907,0.034,62,c7gd,Computing,c,2.0,4.0,24077.081,AWS Graviton3 Processor,AWS Graviton3 Processor,AWS
c7gd.large,us-east-1,use1-az6,3,50.0,50.0,3.0,0.0907,0.0345,61,c7gd,Computing,c,2.0,4.0,24077.081,AWS Graviton3 Processor,AWS Graviton3 Processor,AWS
c7gd.medium,us-east-1,use1-az1,3,20.0,30.0,2.5,0.0454,0.0165,63,c7gd,Computing,c,1.0,2.0,24092.5563,AWS Graviton3 Processor,AWS Graviton3 Processor,AWS
c7gd.medium,us-east-1,use1-az2,3,50.0,50.0,2.5,0.0454,0.0146,67,c7gd,Computing,c,1.0,2.0,24092.5563,AWS Graviton3 Processor,AWS Graviton3 Processor,AWS
c7gd.medium,us-east-1,use1-az4,3,50.0,50.0,2.5,0.0454,0.0151,66,c7gd,Computing,c,1.0,2.0,24092.5563,AWS Graviton3 Processor,AWS Graviton3 Processor,AWS
c7gd.medium,us-east-1,use1-az5,3,30.0,45.0,2.5,0.0454,0.0122,73,c7gd,Computing,c,1.0,2.0,24092.5563,AWS Graviton3 Processor,AWS Graviton3 Processor,AWS
c7gd.medium,us-east-1,use1-az6,3,50.0,50.0,2.5,0.0454,0.0147,67,c7gd,Computing,c,1.0,2.0,24092.5563,AWS Graviton3 Processor,AWS Graviton3 Processor,AWS
c7gd.xlarge,us-east-1,use1-az1,3,25.0,35.0,2.5,0.1814,0.0698,61,c7gd,Computing,c,4.0,8.0,24077.081,AWS Graviton3 Processor,AWS Graviton3 Processor,AWS
c7gd.xlarge,us-east-1,use1-az2,3,50.0,50.0,2.5,0.1814,0.071,60,c7gd,Computing,c,4.0,8.0,24077.081,AWS Graviton3 Processor,AWS Graviton3 Processor,AWS
c7gd.xlarge,us-east-1,use1-az4,3,10.0,15.0,2.5,0.1814,0.0726,59,c7gd,Computing,c,4.0,8.0,24077.081,AWS Graviton3 Processor,AWS Graviton3 Processor,AWS
c7gd.xlarge,us-east-1,use1-az5,3,5.0,5.0,2.5,0.1814,0.0635,64,c7gd,Computing,c,4.0,8.0,24077.081,AWS Graviton3 Processor,AWS Graviton3 Processor,AWS
c7gd.xlarge,us-east-1,use1-az6,3,45.0,50.0,2.5,0.1814,0.066,63,c7gd,Computing,c,4.0,8.0,24077.081,AWS Graviton3 Processor,AWS Graviton3 Processor,AWS
c7gn.12xlarge,us-east-1,use1-az1,3,1.0,5.0,2.5,2.9952,1.1679,61,c7gn,Computing,c,48.0,96.0,24076.4292834,AWS Graviton3 Processor,AWS Graviton3 Processor,AWS
c7gn.12xlarge,us-east-1,use1-az2,3,1.0,1.0,2.5,2.9952,1.0377,65,c7gn,Computing,c,48.0,96.0,24076.4292834,AWS Graviton3 Processor,AWS Graviton3 Processor,AWS
c7gn.12xlarge,us-east-1,use1-az4,1,0.0,0.0,2.5,2.9952,1.0651,64,c7gn,Computing,c,48.0,96.0,24076.4292834,AWS Graviton3 Processor,AWS Graviton3 Processor,AWS
c7gn.12xlarge,us-east-1,use1-az5,3,10.0,20.0,2.5,2.9952,1.0069,66,c7gn,Computing,c,48.0,96.0,24076.4292834,AWS Graviton3 Processor,AWS Graviton3 Processor,AWS
c7gn.12xlarge,us-east-1,use1-az6,3,1.0,5.0,2.5,2.9952,1.0007,66,c7gn,Computing,c,48.0,96.0,24076.4292834,AWS Graviton3 Processor,AWS Graviton3 Processor,AWS
c7gn.16xlarge,us-east-1,use1-az1,3,35.0,50.0,2.5,3.9936,1.4323,64,c7gn,Computing,c,64.0,128.0,24072.9521798,AWS Graviton3 Processor,AWS Graviton3 Processor,AWS
c7gn.16xlarge,us-east-1,use1-az2,3,5.0,10.0,2.5,3.9936,1.5164,62,c7gn,Computing,c,64.0,128.0,24072.9521798,AWS Graviton3 Processor,AWS Graviton3 Processor,AWS
c7gn.16xlarge,us-east-1,use1-az4,3,1.0,1.0,2.5,3.9936,1.4038,64,c7gn,Computing,c,64.0,128.0,24072.9521798,AWS Graviton3 Processor,AWS Graviton3 Processor,AWS
c7gn.16xlarge,us-east-1,use1-az5,3,50.0,50.0,2.5,3.9936,1.3028,67,c7gn,Computing,c,64.0,128.0,24072.9521798,AWS Graviton3 Processor,AWS Graviton3 Processor,AWS
c7gn.16xlarge,us-east-1,use1-az6,3,15.0,20.0,2.5,3.9936,1.245,68,c7gn,Computing,c,64.0,128.0,24072.9521798,AWS Graviton3 Processor,AWS Graviton3 Processor,AWS
c7gn.2xlarge,us-east-1,use1-az1,3,5.0,5.0,2.0,0.4992,0.2687,46,c7gn,Computing,c,8.0,16.0,24090.2329426,AWS Graviton3 Processor,AWS Graviton3 Processor,AWS
c7gn.2xlarge,us-east-1,use1-az2,3,1.0,1.0,2.0,0.4992,0.1649,66,c7gn,Computing,c,8.0,16.0,24090.2329426,AWS Graviton3 Processor,AWS Graviton3 Processor,AWS
c7gn.2xlarge,us-east-1,use1-az4,1,0.0,0.0,2.0,0.4992,0.1899,61,c7gn,Computing,c,8.0,16.0,24090.2329426,AWS Graviton3 Processor,AWS Graviton3 Processor,AWS
c7gn.2xlarge,us-east-1,use1-az5,3,50.0,50.0,2.0,0.4992,0.1612,67,c7gn,Computing,c,8.0,16.0,24090.2329426,AWS Graviton3 Processor,AWS Graviton3 Processor,AWS
c7gn.2xlarge,us-east-1,use1-az6,3,15.0,20.0,2.0,0.4992,0.1612,67,c7gn,Computing,c,8.0,16.0,24090.2329426,AWS Graviton3 Processor,AWS Graviton3 Processor,AWS
c7gn.4xlarge,us-east-1,use1-az1,3,1.0,1.0,2.5,0.9984,0.4878,51,c7gn,Computing,c,16.0,32.0,24079.212249,AWS Graviton3 Processor,AWS Graviton3 Processor,AWS
c7gn.4xlarge,us-east-1,use1-az2,2,0.0,1.0,2.5,0.9984,0.349,65,c7gn,Computing,c,16.0,32.0,24079.212249,AWS Graviton3 Processor,AWS Graviton3 Processor,AWS
c7gn.4xlarge,us-east-1,use1-az4,1,0.0,0.0,2.5,0.9984,0.3816,61,c7gn,Computing,c,16.0,32.0,24079.212249,AWS Graviton3 Processor,AWS Graviton3 Processor,AWS
c7gn.4xlarge,us-east-1,use1-az5,3,30.0,45.0,2.5,0.9984,0.366,63,c7gn,Computing,c,16.0,32.0,24079.212249,AWS Graviton3 Processor,AWS Graviton3 Processor,AWS
c7gn.4xlarge,us-east-1,use1-az6,3,1.0,1.0,2.5,0.9984,0.372,62,c7gn,Computing,c,16.0,32.0,24079.212249,AWS Graviton3 Processor,AWS Graviton3 Processor,AWS
c7gn.8xlarge,us-east-1,use1-az1,3,1.0,1.0,1.5,1.9968,1.0276,48,c7gn,Computing,c,32.0,64.0,24081.5307288,AWS Graviton3 Processor,AWS Graviton3 Processor,AWS
c7gn.8xlarge,us-east-1,use1-az2,3,1.0,1.0,1.5,1.9968,0.6258,68,c7gn,Computing,c,32.0,64.0,24081.5307288,AWS Graviton3 Processor,AWS Graviton3 Processor,AWS
c7gn.8xlarge,us-east-1,use1-az4,1,0.0,0.0,1.5,1.9968,0.6407,67,c7gn,Computing,c,32.0,64.0,24081.5307288,AWS Graviton3 Processor,AWS Graviton3 Processor,AWS
c7gn.8xlarge,us-east-1,use1-az5,3,15.0,20.0,1.5,1.9968,0.6422,67,c7gn,Computing,c,32.0,64.0,24081.5307288,AWS Graviton3 Processor,AWS Graviton3 Processor,AWS
c7gn.8xlarge,us-east-1,use1-az6,3,5.0,10.0,1.5,1.9968,0.7129,64,c7gn,Computing,c,32.0,64.0,24081.5307288,AWS Graviton3 Processor,AWS Graviton3 Processor,AWS
c7gn.large,us-east-1,use1-az1,3,25.0,35.0,2.0,0.1248,0.0517,58,c7gn,Computing,c,2.0,4.0,24061.1460458,AWS Graviton3 Processor,AWS Graviton3 Processor,AWS
c7gn.large,us-east-1,use1-az2,3,5.0,5.0,2.0,0.1248,0.0399,68,c7gn,Computing,c,2.0,4.0,24061.1460458,AWS Graviton3 Processor,AWS Graviton3 Processor,AWS
c7gn.large,us-east-1,use1-az4,1,0.0,0.0,2.0,0.1248,0.0618,50,c7gn,Computing,c,2.0,4.0,24061.1460458,AWS Graviton3 Processor,AWS Graviton3 Processor,AWS
c7gn.large,us-east-1,use1-az5,3,50.0,50.0,2.0,0.1248,0.0407,67,c7gn,Computing,c,2.0,4.0,24061.1460458,AWS Graviton3 Processor,AWS Graviton3 Processor,AWS
c7gn.large,us-east-1,use1-az6,3,10.0,15.0,2.0,0.1248,0.0458,63,c7gn,Computing,c,2.0,4.0,24061.1460458,AWS Graviton3 Processor,AWS Graviton3 Processor,AWS
c7gn.medium,us-east-1,use1-az1,3,50.0,50.0,2.5,0.0624,0.0194,68,c7gn,Computing,c,1.0,2.0,24090.3519922,AWS Graviton3 Processor,AWS Graviton3 Processor,AWS
c7gn.medium,us-east-1,use1-az2,1,0.0,0.0,2.5,0.0624,0.0244,60,c7gn,Computing,c,1.0,2.0,24090.3519922,AWS Graviton3 Processor,AWS Graviton3 Processor,AWS
c7gn.medium,us-east-1,use1-az4,1,0.0,0.0,2.5,0.0624,0.0354,43,c7gn,Computing,c,1.0,2.0,24090.3519922,AWS Graviton3 Processor,AWS Graviton3 Processor,AWS
c7gn.medium,us-east-1,use1-az5,3,50.0,50.0,2.5,0.0624,0.0176,71,c7gn,Computing,c,1.0,2.0,24090.3519922,AWS Graviton3 Processor,AWS Graviton3 Processor,AWS
c7gn.medium,us-east-1,use1-az6,3,15.0,25.0,2.5,0.0624,0.0182,70,c7gn,Computing,c,1.0,2.0,24090.3519922,AWS Graviton3 Processor,AWS Graviton3 Processor,AWS
c7gn.xlarge,us-east-1,use1-az1,3,5.0,10.0,3.0,0.2496,0.1172,53,c7gn,Computing,c,4.0,8.0,24086.8702568,AWS Graviton3 Processor,AWS Graviton3 Processor,AWS
c7gn.xlarge,us-east-1,use1-az2,3,1.0,1.0,3.0,0.2496,0.0916,63,c7gn,Computing,c,4.0,8.0,24086.8702568,AWS Graviton3 Processor,AWS Graviton3 Processor,AWS
c7gn.xlarge,us-east-1,use1-az4,1,0.0,0.0,3.0,0.2496,0.0841,66,c7gn,Computing,c,4.0,8.0,24086.8702568,AWS Graviton3 Processor,AWS Graviton3 Processor,AWS
c7gn.xlarge,us-east-1,use1-az5,3,50.0,50.0,3.0,0.2496,0.0883,64,c7gn,Computing,c,4.0,8.0,24086.8702568,AWS Graviton3 Processor,AWS Graviton3 Processor,AWS
c7gn.xlarge,us-east-1,use1-az6,3,5.0,10.0,3.0,0.2496,0.1001,59,c7gn,Computing,c,4.0,8.0,24086.8702568,AWS Graviton3 Processor,AWS Graviton3 Processor,AWS
c7i-flex.2xlarge,us-east-1,use1-az1,3,50.0,50.0,3.0,0.33915,0.185,45,c7i-flex,Computing,c,8.0,16.0,34210.7263,Intel(R) Xeon(R) Platinum 8488C,Intel(R) Xeon(R) Platinum 8488C,Intel
c7i-flex.2xlarge,us-east-1,use1-az2,3,50.0,50.0,3.0,0.33915,0.1704,49,c7i-flex,Computing,c,8.0,16.0,34210.7263,Intel(R) Xeon(R) Platinum 8488C,Intel(R) Xeon(R) Platinum 8488C,Intel
c7i-flex.2xlarge,us-east-1,use1-az4,3,50.0,50.0,3.0,0.33915,0.1754,48,c7i-flex,Computing,c,8.0,16.0,34210.7263,Intel(R) Xeon(R) Platinum 8488C,Intel(R) Xeon(R) Platinum 8488C,Intel
c7i-flex.2xlarge,us-east-1,use1-az5,3,10.0,20.0,3.0,0.33915,0.1442,57,c7i-flex,Computing,c,8.0,16.0,34210.7263,Intel(R) Xeon(R) Platinum 8488C,Intel(R) Xeon(R) Platinum 8488C,Intel
c7i-flex.2xlarge,us-east-1,use1-az6,3,50.0,50.0,3.0,0.33915,0.1692,50,c7i-flex,Computing,c,8.0,16.0,34210.7263,Intel(R) Xeon(R) Platinum 8488C,Intel(R) Xeon(R) Platinum 8488C,Intel
c7i-flex.4xlarge,us-east-1,use1-az1,3,1.0,5.0,2.0,0.6783,0.2911,57,c7i-flex,Computing,c,16.0,32.0,34210.7263,Intel(R) Xeon(R) Platinum 8488C,Intel(R) Xeon(R) Platinum 8488C,Intel
c7i-flex.4xlarge,us-east-1,use1-az2,3,5.0,15.0,2.0,0.6783,0.2677,60,c7i-flex,Computing,c,16.0,32.0,34210.7263,Intel(R) Xeon(R) Platinum 8488C,Intel(R) Xeon(R) Platinum 8488C,Intel
c7i-flex.4xlarge,us-east-1,use1-az4,3,5.0,5.0,2.0,0.6783,0.2843,58,c7i-flex,Computing,c,16.0,32.0,34210.7263,Intel(R) Xeon(R) Platinum 8488C,Intel(R) Xeon(R) Platinum 8488C,Intel
c7i-flex.4xlarge,us-east-1,use1-az5,1,0.0,0.0,2.0,0.6783,0.2922,56,c7i-flex,Computing,c,16.0,32.0,34210.7263,Intel(R) Xeon(R) Platinum 8488C,Intel(R) Xeon(R) Platinum 8488C,Intel
c7i-flex.4xlarge,us-east-1,use1-az6,3,5.0,10.0,2.0,0.6783,0.2745,59,c7i-flex,Computing,c,16.0,32.0,34210.7263,Intel(R) Xeon(R) Platinum 8488C,Intel(R) Xeon(R) Platinum 8488C,Intel
c7i-flex.8xlarge,us-east-1,use1-az1,2,0.0,1.0,1.5,1.3566,0.5263,61,c7i-flex,Computing,c,32.0,64.0,34210.7263,Intel(R) Xeon(R) Platinum 8488C,Intel(R) Xeon(R) Platinum 8488C,Intel
c7i-flex.8xlarge,us-east-1,use1-az2,3,5.0,5.0,1.5,1.3566,0.509,62,c7i-flex,Computing,c,32.0,64.0,34210.7263,Intel(R) Xeon(R) Platinum 8488C,Intel(R) Xeon(R) Platinum 8488C,Intel
c7i-flex.8xlarge,us-east-1,use1-az4,3,5.0,5.0,1.5,1.3566,0.5732,57,c7i-flex,Computing,c,32.0,64.0,34210.7263,Intel(R) Xeon(R) Platinum 8488C,Intel(R) Xeon(R) Platinum 8488C,Intel
c7i-flex.8xlarge,us-east-1,use1-az5,1,0.0,0.0,1.5,1.3566,0.5859,56,c7i-flex,Computing,c,32.0,64.0,34210.7263,Intel(R) Xeon(R) Platinum 8488C,Intel(R) Xeon(R) Platinum 8488C,Intel
c7i-flex.8xlarge,us-east-1,use1-az6,3,1.0,5.0,1.5,1.3566,0.5038,62,c7i-flex,Computing,c,32.0,64.0,34210.7263,Intel(R) Xeon(R) Platinum 8488C,Intel(R) Xeon(R) Platinum 8488C,Intel
c7i-flex.large,us-east-1,use1-az1,3,50.0,50.0,3.0,0.08479,0.0384,54,c7i-flex,Computing,c,2.0,4.0,34210.7263,Intel(R) Xeon(R) Platinum 8488C,Intel(R) Xeon(R) Platinum 8488C,Intel
c7i-flex.large,us-east-1,use1-az2,3,50.0,50.0,3.0,0.08479,0.0321,62,c7i-flex,Computing,c,2.0,4.0,34210.7263,Intel(R) Xeon(R) Platinum 8488C,Intel(R) Xeon(R) Platinum 8488C,Intel
c7i-flex.large,us-east-1,use1-az4,3,50.0,50.0,3.0,0.08479,0.0346,59,c7i-flex,Computing,c,2.0,4.0,34210.7263,Intel(R) Xeon(R) Platinum 8488C,Intel(R) Xeon(R) Platinum 8488C,Intel
c7i-flex.large,us-east-1,use1-az5,3,5.0,5.0,3.0,0.08479,0.0315,62,c7i-flex,Computing,c,2.0,4.0,34210.7263,Intel(R) Xeon(R) Platinum 8488C,Intel(R) Xeon(R) Platinum 8488C,Intel
c7i-flex.large,us-east-1,use1-az6,3,50.0,50.0,3.0,0.08479,0.0356,58,c7i-flex,Computing,c,2.0,4.0,34210.7263,Intel(R) Xeon(R) Platinum 8488C,Intel(R) Xeon(R) Platinum 8488C,Intel
c7i-flex.xlarge,us-east-1,use1-az1,3,45.0,50.0,3.0,0.16958,0.0734,56,c7i-flex,Computing,c,4.0,8.0,34210.7263,Intel(R) Xeon(R) Platinum 8488C,Intel(R) Xeon(R) Platinum 8488C,Intel
c7i-flex.xlarge,us-east-1,use1-az2,3,50.0,50.0,3.0,0.16958,0.0797,53,c7i-flex,Computing,c,4.0,8.0,34210.7263,Intel(R) Xeon(R) Platinum 8488C,Intel(R) Xeon(R) Platinum 8488C,Intel
c7i-flex.xlarge,us-east-1,use1-az4,3,25.0,40.0,3.0,0.16958,0.0722,57,c7i-flex,Computing,c,4.0,8.0,34210.7263,Intel(R) Xeon(R) Platinum 8488C,Intel(R) Xeon(R) Platinum 8488C,Intel
c7i-flex.xlarge,us-east-1,use1-az5,3,1.0,1.0,3.0,0.16958,0.0646,61,c7i-flex,Computing,c,4.0,8.0,34210.7263,Intel(R) Xeon(R) Platinum 8488C,Intel(R) Xeon(R) Platinum 8488C,Intel
c7i-flex.xlarge,us-east-1,use1-az6,3,50.0,50.0,3.0,0.16958,0.0808,52,c7i-flex,Computing,c,4.0,8.0,34210.7263,Intel(R) Xeon(R) Platinum 8488C,Intel(R) Xeon(R) Platinum 8488C,Intel
c7i.12xlarge,us-east-1,use1-az1,3,1.0,5.0,1.0,2.142,0.8619,59,c7i,Computing,c,48.0,96.0,34778.3111392,Intel(R) Xeon(R) Platinum 8488C,Intel(R) Xeon(R) Platinum 8488C,Intel
c7i.12xlarge,us-east-1,use1-az2,3,50.0,50.0,1.0,2.142,0.8312,61,c7i,Computing,c,48.0,96.0,34778.3111392,Intel(R) Xeon(R) Platinum 8488C,Intel(R) Xeon(R) Platinum 8488C,Intel
c7i.12xlarge,us-east-1,use1-az4,3,50.0,50.0,1.0,2.142,0.8245,61,c7i,Computing,c,48.0,96.0,34778.3111392,Intel(R) Xeon(R) Platinum 8488C,Intel(R) Xeon(R) Platinum 8488C,Intel
c7i.12xlarge,us-east-1,use1-az5,3,1.0,5.0,1.0,2.142,0.9277,56,c7i,Computing,c,48.0,96.0,34778.3111392,Intel(R) Xeon(R) Platinum 8488C,Intel(R) Xeon(R) Platinum 8488C,Intel
c7i.12xlarge,us-east-1,use1-az6,3,50.0,50.0,1.0,2.142,0.915,57,c7i,Computing,c,48.0,96.0,34778.3111392,Intel(R) Xeon(R) Platinum 8488C,Intel(R) Xeon(R) Platinum 8488C,Intel
c7i.16xlarge,us-east-1,use1-az1,3,5.0,5.0,2.0,2.856,1.1503,59,c7i,Computing,c,64.0,128.0,34370.7301538,Intel(R) Xeon(R) Platinum 8488C,Intel(R) Xeon(R) Platinum 8488C,Intel
c7i.16xlarge,us-east-1,use1-az2,3,45.0,50.0,2.0,2.856,1.1828,58,c7i,Computing,c,64.0,128.0,34370.7301538,Intel(R) Xeon(R) Platinum 8488C,Intel(R) Xeon(R) Platinum 8488C,Intel
c7i.16xlarge,us-east-1,use1-az4,3,45.0,50.0,2.0,2.856,1.0982,61,c7i,Computing,c,64.0,128.0,34370.7301538,Intel(R) Xeon(R) Platinum 8488C,Intel(R) Xeon(R) Platinum 8488C,Intel
c7i.16xlarge,us-east-1,use1-az5,3,1.0,1.0,2.0,2.856,1.0307,63,c7i,Computing,c,64.0,128.0,34370.7301538,Intel(R) Xeon(R) Platinum 8488C,Intel(R) Xeon(R) Platinum 8488C,Intel
c7i.16xlarge,us-east-1,use1-az6,3,40.0,50.0,2.0,2.856,1.1182,60,c7i,Computing,c,64.0,128.0,34370.7301538,Intel(R) Xeon(R) Platinum 8488C,Intel(R) Xeon(R) Platinum 8488C,Intel
c7i.24xlarge,us-east-1,use1-az1,3,10.0,15.0,2.5,4.284,2.3206,45,c7i,Computing,c,96.0,192.0,34352.6937346,Intel(R) Xeon(R) Platinum 8488C,Intel(R) Xeon(R) Platinum 8488C,Intel
c7i.24xlarge,us-east-1,use1-az2,3,50.0,50.0,2.5,4.284,1.6432,61,c7i,Computing,c,96.0,192.0,34352.6937346,Intel(R) Xeon(R) Platinum 8488C,Intel(R) Xeon(R) Platinum 8488C,Intel
c7i.24xlarge,us-east-1,use1-az4,3,50.0,50.0,2.5,4.284,1.5731,63,c7i,Computing,c,96.0,192.0,34352.6937346,Intel(R) Xeon(R) Platinum 8488C,Intel(R) Xeon(R) Platinum 8488C,Intel
c7i.24xlarge,us-east-1,use1-az5,3,10.0,15.0,2.5,4.284,1.6939,60,c7i,Computing,c,96.0,192.0,34352.6937346,Intel(R) Xeon(R) Platinum 8488C,Intel(R) Xeon(R) Platinum 8488C,Intel
c7i.24xlarge,us-east-1,use1-az6,3,50.0,50.0,2.5,4.284,1.6265,62,c7i,Computing,c,96.0,192.0,34352.6937346,Intel(R) Xeon(R) Platinum 8488C,Intel(R) Xeon(R) Platinum 8488C,Intel
c7i.2xlarge,us-east-1,use1-az1,3,20.0,50.0,1.5,0.357,0.1373,61,c7i,Computing,c,8.0,16.0,34927.205125199995,Intel(R) Xeon(R) Platinum 8488C,Intel(R) Xeon(R) Platinum 8488C,Intel
c7i.2xlarge,us-east-1,use1-az2,3,50.0,50.0,1.5,0.357,0.1439,59,c7i,Computing,c,8.0,16.0,34927.205125199995,Intel(R) Xeon(R) Platinum 8488C,Intel(R) Xeon(R) Platinum 8488C,Intel
c7i.2xlarge,us-east-1,use1-az4,3,50.0,50.0,1.5,0.357,0.1341,62,c7i,Computing,c,8.0,16.0,34927.205125199995,Intel(R) Xeon(R) Platinum 8488C,Intel(R) Xeon(R) Platinum 8488C,Intel
c7i.2xlarge,us-east-1,use1-az5,3,5.0,5.0,1.5,0.357,0.1326,62,c7i,Computing,c,8.0,16.0,34927.205125199995,Intel(R) Xeon(R) Platinum 8488C,Intel(R) Xeon(R) Platinum 8488C,Intel
c7i.2xlarge,us-east-1,use1-az6,3,50.0,50.0,1.5,0.357,0.1416,60,c7i,Computing,c,8.0,16.0,34927.205125199995,Intel(R) Xeon(R) Platinum 8488C,Intel(R) Xeon(R) Platinum 8488C,Intel
c7i.48xlarge,us-east-1,use1-az1,3,5.0,5.0,3.0,8.568,3.2672,61,c7i,Computing,c,192.0,384.0,34368.0759288,Intel(R) Xeon(R) Platinum 8488C,Intel(R) Xeon(R) Platinum 8488C,Intel
c7i.48xlarge,us-east-1,use1-az2,3,30.0,50.0,3.0,8.568,3.6547,57,c7i,Computing,c,192.0,384.0,34368.0759288,Intel(R) Xeon(R) Platinum 8488C,Intel(R) Xeon(R) Platinum 8488C,Intel
c7i.48xlarge,us-east-1,use1-az4,3,5.0,10.0,3.0,8.568,3.3776,60,c7i,Computing,c,192.0,384.0,34368.0759288,Intel(R) Xeon(R) Platinum 8488C,Intel(R) Xeon(R) Platinum 8488C,Intel
c7i.48xlarge,us-east-1,use1-az5,1,0.0,0.0,3.0,8.568,2.7554,67,c7i,Computing,c,192.0,384.0,34368.0759288,Intel(R) Xeon(R) Platinum 8488C,Intel(R) Xeon(R) Platinum 8488C,Intel
c7i.48xlarge,us-east-1,use1-az6,3,50.0,50.0,3.0,8.568,3.741,56,c7i,Computing,c,192.0,384.0,34368.0759288,Intel(R) Xeon(R) Platinum 8488C,Intel(R) Xeon(R) Platinum 8488C,Intel
c7i.4xlarge,us-east-1,use1-az1,3,15.0,20.0,2.0,0.714,0.2813,60,c7i,Computing,c,16.0,32.0,34333.2174978,Intel(R) Xeon(R) Platinum 8488C,Intel(R) Xeon(R) Platinum 8488C,Intel
c7i.4xlarge,us-east-1,use1-az2,3,50.0,50.0,2.0,0.714,0.2938,58,c7i,Computing,c,16.0,32.0,34333.2174978,Intel(R) Xeon(R) Platinum 8488C,Intel(R) Xeon(R) Platinum 8488C,Intel
c7i.4xlarge,us-east-1,use1-az4,3,50.0,50.0,2.0,0.714,0.2938,58,c7i,Computing,c,16.0,32.0,34333.2174978,Intel(R) Xeon(R) Platinum 8488C,Intel(R) Xeon(R) Platinum 8488C,Intel
c7i.4xlarge,us-east-1,use1-az5,3,5.0,10.0,2.0,0.714,0.2597,63,c7i,Computing,c,16.0,32.0,34333.2174978,Intel(R) Xeon(R) Platinum 8488C,Intel(R) Xeon(R) Platinum 8488C,Intel
c7i.4xlarge,us-east-1,use1-az6,3,50.0,50.0,2.0,0.714,0.2753,61,c7i,Computing,c,16.0,32.0,34333.2174978,Intel(R) Xeon(R) Platinum 8488C,Intel(R) Xeon(R) Platinum 8488C,Intel
c7i.8xlarge,us-east-1,use1-az1,3,5.0,5.0,2.0,1.428,0.5465,61,c7i,Computing,c,32.0,64.0,34415.6075862,Intel(R) Xeon(R) Platinum 8488C,Intel(R) Xeon(R) Platinum 8488C,Intel
c7i.8xlarge,us-east-1,use1-az2,3,50.0,50.0,2.0,1.428,0.6235,56,c7i,Computing,c,32.0,64.0,34415.6075862,Intel(R) Xeon(R) Platinum 8488C,Intel(R) Xeon(R) Platinum 8488C,Intel
c7i.8xlarge,us-east-1,use1-az4,3,50.0,50.0,2.0,1.428,0.5719,59,c7i,Computing,c,32.0,64.0,34415.6075862,Intel(R) Xeon(R) Platinum 8488C,Intel(R) Xeon(R) Platinum 8488C,Intel
c7i.8xlarge,us-east-1,use1-az5,3,1.0,1.0,2.0,1.428,0.6406,55,c7i,Computing,c,32.0,64.0,34415.6075862,Intel(R) Xeon(R) Platinum 8488C,Intel(R) Xeon(R) Platinum 8488C,Intel
c7i.8xlarge,us-east-1,use1-az6,3,50.0,50.0,2.0,1.428,0.5799,59,c7i,Computing,c,32.0,64.0,34415.6075862,Intel(R) Xeon(R) Platinum 8488C,Intel(R) Xeon(R) Platinum 8488C,Intel
c7i.large,us-east-1,use1-az1,3,30.0,50.0,1.5,0.08925,0.0299,66,c7i,Computing,c,2.0,4.0,33276.402084199995,Intel(R) Xeon(R) Platinum 8488C,Intel(R) Xeon(R) Platinum 8488C,Intel
c7i.large,us-east-1,use1-az2,3,50.0,50.0,1.5,0.08925,0.0319,64,c7i,Computing,c,2.0,4.0,33276.402084199995,Intel(R) Xeon(R) Platinum 8488C,Intel(R) Xeon(R) Platinum 8488C,Intel
c7i.large,us-east-1,use1-az4,3,50.0,50.0,1.5,0.08925,0.0306,65,c7i,Computing,c,2.0,4.0,33276.402084199995,Intel(R) Xeon(R) Platinum 8488C,Intel(R) Xeon(R) Platinum 8488C,Intel
c7i.large,us-east-1,use1-az5,3,10.0,15.0,1.5,0.08925,0.0296,66,c7i,Computing,c,2.0,4.0,33276.402084199995,Intel(R) Xeon(R) Platinum 8488C,Intel(R) Xeon(R) Platinum 8488C,Intel
c7i.large,us-east-1,use1-az6,3,50.0,50.0,1.5,0.08925,0.0303,66,c7i,Computing,c,2.0,4.0,33276.402084199995,Intel(R) Xeon(R) Platinum 8488C,Intel(R) Xeon(R) Platinum 8488C,Intel
c7i.xlarge,us-east-1,use1-az1,3,50.0,50.0,1.0,0.1785,0.0692,61,c7i,Computing,c,4.0,8.0,31918.1276076,Intel(R) Xeon(R) Platinum 8488C,Intel(R) Xeon(R) Platinum 8488C,Intel
c7i.xlarge,us-east-1,use1-az2,3,50.0,50.0,1.0,0.1785,0.069,61,c7i,Computing,c,4.0,8.0,31918.1276076,Intel(R) Xeon(R) Platinum 8488C,Intel(R) Xeon(R) Platinum 8488C,Intel
c7i.xlarge,us-east-1,use1-az4,3,50.0,50.0,1.0,0.1785,0.0694,61,c7i,Computing,c,4.0,8.0,31918.1276076,Intel(R) Xeon(R) Platinum 8488C,Intel(R) Xeon(R) Platinum 8488C,Intel
c7i.xlarge,us-east-1,use1-az5,3,10.0,15.0,1.0,0.1785,0.0658,63,c7i,Computing,c,4.0,8.0,31918.1276076,Intel(R) Xeon(R) Platinum 8488C,Intel(R) Xeon(R) Platinum 8488C,Intel
c7i.xlarge,us-east-1,use1-az6,3,50.0,50.0,1.0,0.1785,0.07,60,c7i,Computing,c,4.0,8.0,31918.1276076,Intel(R) Xeon(R) Platinum 8488C,Intel(R) Xeon(R) Platinum 8488C,Intel
c8g.12xlarge,us-east-1,use1-az1,3,1.0,1.0,2.0,1.91424,0.6586,65,c8g,Computing,c,48.0,96.0,28985.339696599996,AWS Graviton4 Processor,AWS Graviton4 Processor,AWS
c8g.12xlarge,us-east-1,use1-az2,3,10.0,15.0,2.0,1.91424,1.0292,46,c8g,Computing,c,48.0,96.0,28985.339696599996,AWS Graviton4 Processor,AWS Graviton4 Processor,AWS
c8g.12xlarge,us-east-1,use1-az4,3,50.0,50.0,2.0,1.91424,0.6593,65,c8g,Computing,c,48.0,96.0,28985.339696599996,AWS Graviton4 Processor,AWS Graviton4 Processor,AWS
c8g.12xlarge,us-east-1,use1-az5,1,0.0,0.0,2.0,1.91424,0.6744,64,c8g,Computing,c,48.0,96.0,28985.339696599996,AWS Graviton4 Processor,AWS Graviton4 Processor,AWS
c8g.12xlarge,us-east-1,use1-az6,3,50.0,50.0,2.0,1.91424,0.6969,63,c8g,Computing,c,48.0,96.0,28985.339696599996,AWS Graviton4 Processor,AWS Graviton4 Processor,AWS
c8g.16xlarge,us-east-1,use1-az1,3,50.0,50.0,3.0,2.55232,0.8738,65,c8g,Computing,c,64.0,128.0,28986.517522600003,AWS Graviton4 Processor,AWS Graviton4 Processor,AWS
c8g.16xlarge,us-east-1,use1-az2,3,50.0,50.0,3.0,2.55232,0.8508,66,c8g,Computing,c,64.0,128.0,28986.517522600003,AWS Graviton4 Processor,AWS Graviton4 Processor,AWS
c8g.16xlarge,us-east-1,use1-az4,3,50.0,50.0,3.0,2.55232,0.8641,66,c8g,Computing,c,64.0,128.0,28986.517522600003,AWS Graviton4 Processor,AWS Graviton4 Processor,AWS
c8g.16xlarge,us-east-1,use1-az5,3,50.0,50.0,3.0,2.55232,0.9055,64,c8g,Computing,c,64.0,128.0,28986.517522600003,AWS Graviton4 Processor,AWS Graviton4 Processor,AWS
c8g.16xlarge,us-east-1,use1-az6,3,50.0,50.0,3.0,2.55232,0.9076,64,c8g,Computing,c,64.0,128.0,28986.517522600003,AWS Graviton4 Processor,AWS Graviton4 Processor,AWS
c8g.24xlarge,us-east-1,use1-az1,3,1.0,1.0,2.5,3.82848,1.3109,65,c8g,Computing,c,96.0,192.0,28984.16483,AWS Graviton4 Processor,AWS Graviton4 Processor,AWS
c8g.24xlarge,us-east-1,use1-az2,3,1.0,1.0,2.5,3.82848,1.347,64,c8g,Computing,c,96.0,192.0,28984.16483,AWS Graviton4 Processor,AWS Graviton4 Processor,AWS
c8g.24xlarge,us-east-1,use1-az4,3,30.0,40.0,2.5,3.82848,1.1949,68,c8g,Computing,c,96.0,192.0,28984.16483,AWS Graviton4 Processor,AWS Graviton4 Processor,AWS
c8g.24xlarge,us-east-1,use1-az5,2,0.0,1.0,2.5,3.82848,1.2676,66,c8g,Computing,c,96.0,192.0,28984.16483,AWS Graviton4 Processor,AWS Graviton4 Processor,AWS
c8g.24xlarge,us-east-1,use1-az6,3,30.0,45.0,2.5,3.82848,1.3064,65,c8g,Computing,c,96.0,192.0,28984.16483,AWS Graviton4 Processor,AWS Graviton4 Processor,AWS
c8g.2xlarge,us-east-1,use1-az1,3,30.0,50.0,2.5,0.31904,0.1617,49,c8g,Computing,c,8.0,16.0,28984.836842800003,AWS Graviton4 Processor,AWS Graviton4 Processor,AWS
c8g.2xlarge,us-east-1,use1-az2,3,50.0,50.0,2.5,0.31904,0.1207,62,c8g,Computing,c,8.0,16.0,28984.836842800003,AWS Graviton4 Processor,AWS Graviton4 Processor,AWS
c8g.2xlarge,us-east-1,use1-az4,3,50.0,50.0,2.5,0.31904,0.1212,62,c8g,Computing,c,8.0,16.0,28984.836842800003,AWS Graviton4 Processor,AWS Graviton4 Processor,AWS
c8g.2xlarge,us-east-1,use1-az5,3,1.0,1.0,2.5,0.31904,0.1306,59,c8g,Computing,c,8.0,16.0,28984.836842800003,AWS Graviton4 Processor,AWS Graviton4 Processor,AWS
c8g.2xlarge,us-east-1,use1-az6,3,50.0,50.0,2.5,0.31904,0.1207,62,c8g,Computing,c,8.0,16.0,28984.836842800003,AWS Graviton4 Processor,AWS Graviton4 Processor,AWS
c8g.48xlarge,us-east-1,use1-az1,3,1.0,1.0,3.0,7.65696,2.6144,65,c8g,Computing,c,192.0,384.0,27923.915052000004,AWS Graviton4 Processor,AWS Graviton4 Processor,AWS
c8g.48xlarge,us-east-1,use1-az2,3,10.0,20.0,3.0,7.65696,2.3698,69,c8g,Computing,c,192.0,384.0,27923.915052000004,AWS Graviton4 Processor,AWS Graviton4 Processor,AWS
c8g.48xlarge,us-east-1,use1-az4,3,50.0,50.0,3.0,7.65696,2.5101,67,c8g,Computing,c,192.0,384.0,27923.915052000004,AWS Graviton4 Processor,AWS Graviton4 Processor,AWS
c8g.48xlarge,us-east-1,use1-az5,2,0.0,1.0,3.0,7.65696,2.4117,68,c8g,Computing,c,192.0,384.0,27923.915052000004,AWS Graviton4 Processor,AWS Graviton4 Processor,AWS
c8g.48xlarge,us-east-1,use1-az6,3,50.0,50.0,3.0,7.65696,2.503,67,c8g,Computing,c,192.0,384.0,27923.915052000004,AWS Graviton4 Processor,AWS Graviton4 Processor,AWS
c8g.4xlarge,us-east-1,use1-az1,3,10.0,10.0,2.5,0.63808,0.2458,61,c8g,Computing,c,16.0,32.0,28936.17795,AWS Graviton4 Processor,AWS Graviton4 Processor,AWS
c8g.4xlarge,us-east-1,use1-az2,3,15.0,25.0,2.5,0.63808,0.2198,65,c8g,Computing,c,16.0,32.0,28936.17795,AWS Graviton4 Processor,AWS Graviton4 Processor,AWS
c8g.4xlarge,us-east-1,use1-az4,3,50.0,50.0,2.5,0.63808,0.2296,64,c8g,Computing,c,16.0,32.0,28936.17795,AWS Graviton4 Processor,AWS Graviton4 Processor,AWS
c8g.4xlarge,us-east-1,use1-az5,3,1.0,1.0,2.5,0.63808,0.2582,59,c8g,Computing,c,16.0,32.0,28936.17795,AWS Graviton4 Processor,AWS Graviton4 Processor,AWS
c8g.4xlarge,us-east-1,use1-az6,3,30.0,40.0,2.5,0.63808,0.2373,62,c8g,Computing,c,16.0,32.0,28936.17795,AWS Graviton4 Processor,AWS Graviton4 Processor,AWS
c8g.8xlarge,us-east-1,use1-az1,3,35.0,45.0,1.5,1.27616,0.5187,59,c8g,Computing,c,32.0,64.0,28981.140538999996,AWS Graviton4 Processor,AWS Graviton4 Processor,AWS
c8g.8xlarge,us-east-1,use1-az2,3,5.0,10.0,1.5,1.27616,0.4916,61,c8g,Computing,c,32.0,64.0,28981.140538999996,AWS Graviton4 Processor,AWS Graviton4 Processor,AWS
c8g.8xlarge,us-east-1,use1-az4,3,50.0,50.0,1.5,1.27616,0.4825,62,c8g,Computing,c,32.0,64.0,28981.140538999996,AWS Graviton4 Processor,AWS Graviton4 Processor,AWS
c8g.8xlarge,us-east-1,use1-az5,3,1.0,1.0,1.5,1.27616,0.6282,50,c8g,Computing,c,32.0,64.0,28981.140538999996,AWS Graviton4 Processor,AWS Graviton4 Processor,AWS
c8g.8xlarge,us-east-1,use1-az6,3,50.0,50.0,1.5,1.27616,0.4694,63,c8g,Computing,c,32.0,64.0,28981.140538999996,AWS Graviton4 Processor,AWS Graviton4 Processor,AWS
c8g.large,us-east-1,use1-az1,3,5.0,10.0,3.0,0.07976,0.042,47,c8g,Computing,c,2.0,4.0,28990.0467,AWS Graviton4 Processor,AWS Graviton4 Processor,AWS
c8g.large,us-east-1,use1-az2,3,20.0,35.0,3.0,0.07976,0.0308,61,c8g,Computing,c,2.0,4.0,28990.0467,AWS Graviton4 Processor,AWS Graviton4 Processor,AWS
c8g.large,us-east-1,use1-az4,3,50.0,50.0,3.0,0.07976,0.0356,55,c8g,Computing,c,2.0,4.0,28990.0467,AWS Graviton4 Processor,AWS Graviton4 Processor,AWS
c8g.large,us-east-1,use1-az5,3,5.0,10.0,3.0,0.07976,0.0308,61,c8g,Computing,c,2.0,4.0,28990.0467,AWS Graviton4 Processor,AWS Graviton4 Processor,AWS
c8g.large,us-east-1,use1-az6,3,50.0,50.0,3.0,0.07976,0.0338,57,c8g,Computing,c,2.0,4.0,28990.0467,AWS Graviton4 Processor,AWS Graviton4 Processor,AWS
c8g.medium,us-east-1,use1-az1,3,10.0,20.0,3.0,0.03988,0.0157,60,c8g,Computing,c,1.0,2.0,28986.350975800004,AWS Graviton4 Processor,AWS Graviton4 Processor,AWS
c8g.medium,us-east-1,use1-az2,3,50.0,50.0,3.0,0.03988,0.0141,64,c8g,Computing,c,1.0,2.0,28986.350975800004,AWS Graviton4 Processor,AWS Graviton4 Processor,AWS
c8g.medium,us-east-1,use1-az4,3,50.0,50.0,3.0,0.03988,0.0142,64,c8g,Computing,c,1.0,2.0,28986.350975800004,AWS Graviton4 Processor,AWS Graviton4 Processor,AWS
c8g.medium,us-east-1,use1-az5,3,15.0,25.0,3.0,0.03988,0.0158,60,c8g,Computing,c,1.0,2.0,28986.350975800004,AWS Graviton4 Processor,AWS Graviton4 Processor,AWS
c8g.medium,us-east-1,use1-az6,3,50.0,50.0,3.0,0.03988,0.015,62,c8g,Computing,c,1.0,2.0,28986.350975800004,AWS Graviton4 Processor,AWS Graviton4 Processor,AWS
c8g.metal-24xl,us-east-1,use1-az1,2,0.0,1.0,3.0,3.82848,1.3889,63,c8g,Computing,c,96.0,192.0,29043.091182599997,,,AWS
c8g.metal-24xl,us-east-1,use1-az2,2,0.0,1.0,3.0,3.82848,1.3652,64,c8g,Computing,c,96.0,192.0,29043.091182599997,,,AWS
c8g.metal-24xl,us-east-1,use1-az4,3,1.0,5.0,3.0,3.82848,1.4203,62,c8g,Computing,c,96.0,192.0,29043.091182599997,,,AWS
c8g.metal-24xl,us-east-1,use1-az5,1,0.0,0.0,3.0,3.82848,1.2753,66,c8g,Computing,c,96.0,192.0,29043.091182599997,,,AWS
c8g.metal-24xl,us-east-1,use1-az6,3,10.0,15.0,3.0,3.82848,1.2351,67,c8g,Computing,c,96.0,192.0,29043.091182599997,,,AWS
c8g.metal-48xl,us-east-1,use1-az1,1,0.0,0.0,3.0,7.65696,2.368,69,c8g,Computing,c,192.0,384.0,27998.658803600003,,,AWS
c8g.metal-48xl,us-east-1,use1-az2,3,1.0,1.0,3.0,7.65696,2.4513,67,c8g,Computing,c,192.0,384.0,27998.658803600003,,,AWS
c8g.metal-48xl,us-east-1,use1-az4,3,5.0,10.0,3.0,7.65696,2.5337,66,c8g,Computing,c,192.0,384.0,27998.658803600003,,,AWS
c8g.metal-48xl,us-east-1,use1-az5,1,0.0,0.0,3.0,7.65696,2.5498,66,c8g,Computing,c,192.0,384.0,27998.658803600003,,,AWS
c8g.metal-48xl,us-east-1,use1-az6,3,5.0,5.0,3.0,7.65696,2.4829,67,c8g,Computing,c,192.0,384.0,27998.658803600003,,,AWS
c8g.xlarge,us-east-1,use1-az1,3,10.0,15.0,2.5,0.15952,0.0649,59,c8g,Computing,c,4.0,8.0,28973.42907,AWS Graviton4 Processor,AWS Graviton4 Processor,AWS
c8g.xlarge,us-east-1,use1-az2,3,50.0,50.0,2.5,0.15952,0.0585,63,c8g,Computing,c,4.0,8.0,28973.42907,AWS Graviton4 Processor,AWS Graviton4 Processor,AWS
c8g.xlarge,us-east-1,use1-az4,3,50.0,50.0,2.5,0.15952,0.0624,60,c8g,Computing,c,4.0,8.0,28973.42907,AWS Graviton4 Processor,AWS Graviton4 Processor,AWS
c8g.xlarge,us-east-1,use1-az5,3,1.0,5.0,2.5,0.15952,0.0631,60,c8g,Computing,c,4.0,8.0,28973.42907,AWS Graviton4 Processor,AWS Graviton4 Processor,AWS
c8g.xlarge,us-east-1,use1-az6,3,50.0,50.0,2.5,0.15952,0.0662,58,c8g,Computing,c,4.0,8.0,28973.42907,AWS Graviton4 Processor,AWS Graviton4 Processor,AWS
d3.2xlarge,us-east-1,use1-az1,3,10.0,15.0,3.0,0.999,0.4312,56,d3,Storage,d,8.0,64.0,23883.6025,Intel(R) Xeon(R) Platinum 8259CL CPU @ 2.50GHz,Intel(R) Xeon(R) Platinum 8259CL CPU @ 2.50GHz,Intel
d3.2xlarge,us-east-1,use1-az2,3,45.0,50.0,3.0,0.999,0.387,61,d3,Storage,d,8.0,64.0,23883.6025,Intel(R) Xeon(R) Platinum 8259CL CPU @ 2.50GHz,Intel(R) Xeon(R) Platinum 8259CL CPU @ 2.50GHz,Intel
d3.2xlarge,us-east-1,use1-az4,3,30.0,45.0,3.0,0.999,0.4055,59,d3,Storage,d,8.0,64.0,23883.6025,Intel(R) Xeon(R) Platinum 8259CL CPU @ 2.50GHz,Intel(R) Xeon(R) Platinum 8259CL CPU @ 2.50GHz,Intel
d3.2xlarge,us-east-1,use1-az6,3,45.0,50.0,3.0,0.999,0.382,61,d3,Storage,d,8.0,64.0,23883.6025,Intel(R) Xeon(R) Platinum 8259CL CPU @ 2.50GHz,Intel(R) Xeon(R) Platinum 8259CL CPU @ 2.50GHz,Intel
d3.4xlarge,us-east-1,use1-az1,3,1.0,5.0,3.0,1.998,0.9389,53,d3,Storage,d,16.0,128.0,23883.6025,Intel(R) Xeon(R) Platinum 8259CL CPU @ 2.50GHz,Intel(R) Xeon(R) Platinum 8259CL CPU @ 2.50GHz,Intel
d3.4xlarge,us-east-1,use1-az2,3,5.0,5.0,3.0,1.998,1.0281,48,d3,Storage,d,16.0,128.0,23883.6025,Intel(R) Xeon(R) Platinum 8259CL CPU @ 2.50GHz,Intel(R) Xeon(R) Platinum 8259CL CPU @ 2.50GHz,Intel
d3.4xlarge,us-east-1,use1-az4,3,10.0,20.0,3.0,1.998,0.8004,59,d3,Storage,d,16.0,128.0,23883.6025,Intel(R) Xeon(R) Platinum 8259CL CPU @ 2.50GHz,Intel(R) Xeon(R) Platinum 8259CL CPU @ 2.50GHz,Intel
d3.4xlarge,us-east-1,use1-az6,3,10.0,15.0,3.0,1.998,0.7734,61,d3,Storage,d,16.0,128.0,23883.6025,Intel(R) Xeon(R) Platinum 8259CL CPU @ 2.50GHz,Intel(R) Xeon(R) Platinum 8259CL CPU @ 2.50GHz,Intel
d3.8xlarge,us-east-1,use1-az1,3,5.0,5.0,3.0,3.99552,1.6798,57,d3,Storage,d,32.0,256.0,23883.6025,Intel(R) Xeon(R) Platinum 8259CL CPU @ 2.50GHz,Intel(R) Xeon(R) Platinum 8259CL CPU @ 2.50GHz,Intel
d3.8xlarge,us-east-1,use1-az2,3,45.0,50.0,3.0,3.99552,1.6672,58,d3,Storage,d,32.0,256.0,23883.6025,Intel(R) Xeon(R) Platinum 8259CL CPU @ 2.50GHz,Intel(R) Xeon(R) Platinum 8259CL CPU @ 2.50GHz,Intel
d3.8xlarge,us-east-1,use1-az4,3,25.0,40.0,3.0,3.99552,1.5633,60,d3,Storage,d,32.0,256.0,23883.6025,Intel(R) Xeon(R) Platinum 8259CL CPU @ 2.50GHz,Intel(R) Xeon(R) Platinum 8259CL CPU @ 2.50GHz,Intel
d3.8xlarge,us-east-1,use1-az6,3,40.0,50.0,3.0,3.99552,1.5681,60,d3,Storage,d,32.0,256.0,23883.6025,Intel(R) Xeon(R) Platinum 8259CL CPU @ 2.50GHz,Intel(R) Xeon(R) Platinum 8259CL CPU @ 2.50GHz,Intel
d3.xlarge,us-east-1,use1-az1,3,10.0,15.0,3.0,0.499,0.1903,61,d3,Storage,d,4.0,32.0,23883.6025,Intel(R) Xeon(R) Platinum 8259CL CPU @ 2.50GHz,Intel(R) Xeon(R) Platinum 8259CL CPU @ 2.50GHz,Intel
d3.xlarge,us-east-1,use1-az2,3,25.0,40.0,3.0,0.499,0.2098,57,d3,Storage,d,4.0,32.0,23883.6025,Intel(R) Xeon(R) Platinum 8259CL CPU @ 2.50GHz,Intel(R) Xeon(R) Platinum 8259CL CPU @ 2.50GHz,Intel
d3.xlarge,us-east-1,use1-az4,3,35.0,50.0,3.0,0.499,0.172,65,d3,Storage,d,4.0,32.0,23883.6025,Intel(R) Xeon(R) Platinum 8259CL CPU @ 2.50GHz,Intel(R) Xeon(R) Platinum 8259CL CPU @ 2.50GHz,Intel
d3.xlarge,us-east-1,use1-az6,3,50.0,50.0,3.0,0.499,0.1645,67,d3,Storage,d,4.0,32.0,23883.6025,Intel(R) Xeon(R) Platinum 8259CL CPU @ 2.50GHz,Intel(R) Xeon(R) Platinum 8259CL CPU @ 2.50GHz,Intel
d3en.12xlarge,us-east-1,use1-az1,3,1.0,1.0,3.0,6.30864,2.6609,57,d3en,Storage,d,48.0,192.0,23883.6025,Intel(R) Xeon(R) Platinum 8259CL CPU @ 2.50GHz,Intel(R) Xeon(R) Platinum 8259CL CPU @ 2.50GHz,Intel
d3en.12xlarge,us-east-1,use1-az2,3,25.0,35.0,3.0,6.30864,2.316,63,d3en,Storage,d,48.0,192.0,23883.6025,Intel(R) Xeon(R) Platinum 8259CL CPU @ 2.50GHz,Intel(R) Xeon(R) Platinum 8259CL CPU @ 2.50GHz,Intel
d3en.12xlarge,us-east-1,use1-az4,3,20.0,30.0,3.0,6.30864,2.4997,60,d3en,Storage,d,48.0,192.0,23883.6025,Intel(R) Xeon(R) Platinum 8259CL CPU @ 2.50GHz,Intel(R) Xeon(R) Platinum 8259CL CPU @ 2.50GHz,Intel
d3en.12xlarge,us-east-1,use1-az6,3,50.0,50.0,3.0,6.30864,1.8829,70,d3en,Storage,d,48.0,192.0,23883.6025,Intel(R) Xeon(R) Platinum 8259CL CPU @ 2.50GHz,Intel(R) Xeon(R) Platinum 8259CL CPU @ 2.50GHz,Intel
d3en.2xlarge,us-east-1,use1-az1,3,1.0,5.0,3.0,1.051,0.4753,54,d3en,Storage,d,8.0,32.0,23883.6025,Intel(R) Xeon(R) Platinum 8259CL CPU @ 2.50GHz,Intel(R) Xeon(R) Platinum 8259CL CPU @ 2.50GHz,Intel
d3en.2xlarge,us-east-1,use1-az2,3,15.0,30.0,3.0,1.051,0.4134,60,d3en,Storage,d,8.0,32.0,23883.6025,Intel(R) Xeon(R) Platinum 8259CL CPU @ 2.50GHz,Intel(R) Xeon(R) Platinum 8259CL CPU @ 2.50GHz,Intel
d3en.2xlarge,us-east-1,use1-az4,3,20.0,30.0,3.0,1.051,0.4183,60,d3en,Storage,d,8.0,32.0,23883.6025,Intel(R) Xeon(R) Platinum 8259CL CPU @ 2.50GHz,Intel(R) Xeon(R) Platinum 8259CL CPU @ 2.50GHz,Intel
d3en.2xlarge,us-east-1,use1-az6,3,50.0,50.0,3.0,1.051,0.3667,65,d3en,Storage,d,8.0,32.0,23883.6025,Intel(R) Xeon(R) Platinum 8259CL CPU @ 2.50GHz,Intel(R) Xeon(R) Platinum 8259CL CPU @ 2.50GHz,Intel
d3en.4xlarge,us-east-1,use1-az1,3,1.0,1.0,3.0,2.103,1.2642,39,d3en,Storage,d,16.0,64.0,23883.6025,Intel(R) Xeon(R) Platinum 8259CL CPU @ 2.50GHz,Intel(R) Xeon(R) Platinum 8259CL CPU @ 2.50GHz,Intel
d3en.4xlarge,us-east-1,use1-az2,3,5.0,5.0,3.0,2.103,1.1729,44,d3en,Storage,d,16.0,64.0,23883.6025,Intel(R) Xeon(R) Platinum 8259CL CPU @ 2.50GHz,Intel(R) Xeon(R) Platinum 8259CL CPU @ 2.50GHz,Intel
d3en.4xlarge,us-east-1,use1-az4,3,5.0,10.0,3.0,2.103,0.789,62,d3en,Storage,d,16.0,64.0,23883.6025,Intel(R) Xeon(R) Platinum 8259CL CPU @ 2.50GHz,Intel(R) Xeon(R) Platinum 8259CL CPU @ 2.50GHz,Intel
d3en.4xlarge,us-east-1,use1-az6,3,50.0,50.0,3.0,2.103,0.6786,67,d3en,Storage,d,16.0,64.0,23883.6025,Intel(R) Xeon(R) Platinum 8259CL CPU @ 2.50GHz,Intel(R) Xeon(R) Platinum 8259CL CPU @ 2.50GHz,Intel
d3en.6xlarge,us-east-1,use1-az1,2,0.0,1.0,3.0,3.154,1.526,51,d3en,Storage,d,24.0,96.0,23883.6025,Intel(R) Xeon(R) Platinum 8259CL CPU @ 2.50GHz,Intel(R) Xeon(R) Platinum 8259CL CPU @ 2.50GHz,Intel
d3en.6xlarge,us-east-1,use1-az2,3,5.0,5.0,3.0,3.154,1.3934,55,d3en,Storage,d,24.0,96.0,23883.6025,Intel(R) Xeon(R) Platinum 8259CL CPU @ 2.50GHz,Intel(R) Xeon(R) Platinum 8259CL CPU @ 2.50GHz,Intel
d3en.6xlarge,us-east-1,use1-az4,3,5.0,5.0,3.0,3.154,1.3945,55,d3en,Storage,d,24.0,96.0,23883.6025,Intel(R) Xeon(R) Platinum 8259CL CPU @ 2.50GHz,Intel(R) Xeon(R) Platinum 8259CL CPU @ 2.50GHz,Intel
d3en.6xlarge,us-east-1,use1-az6,3,50.0,50.0,3.0,3.154,1.078,65,d3en,Storage,d,24.0,96.0,23883.6025,Intel(R) Xeon(R) Platinum 8259CL CPU @ 2.50GHz,Intel(R) Xeon(R) Platinum 8259CL CPU @ 2.50GHz,Intel
d3en.8xlarge,us-east-1,use1-az1,3,1.0,1.0,3.0,4.20576,1.6869,59,d3en,Storage,d,32.0,128.0,23883.6025,Intel(R) Xeon(R) Platinum 8259CL CPU @ 2.50GHz,Intel(R) Xeon(R) Platinum 8259CL CPU @ 2.50GHz,Intel
d3en.8xlarge,us-east-1,use1-az2,3,10.0,20.0,3.0,4.20576,1.6698,60,d3en,Storage,d,32.0,128.0,23883.6025,Intel(R) Xeon(R) Platinum 8259CL CPU @ 2.50GHz,Intel(R) Xeon(R) Platinum 8259CL CPU @ 2.50GHz,Intel
d3en.8xlarge,us-east-1,use1-az4,3,5.0,5.0,3.0,4.20576,1.6607,60,d3en,Storage,d,32.0,128.0,23883.6025,Intel(R) Xeon(R) Platinum 8259CL CPU @ 2.50GHz,Intel(R) Xeon(R) Platinum 8259CL CPU @ 2.50GHz,Intel
d3en.8xlarge,us-east-1,use1-az6,3,50.0,50.0,3.0,4.20576,1.5379,63,d3en,Storage,d,32.0,128.0,23883.6025,Intel(R) Xeon(R) Platinum 8259CL CPU @ 2.50GHz,Intel(R) Xeon(R) Platinum 8259CL CPU @ 2.50GHz,Intel
d3en.xlarge,us-east-1,use1-az1,3,5.0,5.0,3.0,0.526,0.2104,60,d3en,Storage,d,4.0,16.0,23883.6025,Intel(R) Xeon(R) Platinum 8259CL CPU @ 2.50GHz,Intel(R) Xeon(R) Platinum 8259CL CPU @ 2.50GHz,Intel
d3en.xlarge,us-east-1,use1-az2,3,35.0,50.0,3.0,0.526,0.1806,65,d3en,Storage,d,4.0,16.0,23883.6025,Intel(R) Xeon(R) Platinum 8259CL CPU @ 2.50GHz,Intel(R) Xeon(R) Platinum 8259CL CPU @ 2.50GHz,Intel
d3en.xlarge,us-east-1,use1-az4,3,45.0,50.0,3.0,0.526,0.176,66,d3en,Storage,d,4.0,16.0,23883.6025,Intel(R) Xeon(R) Platinum 8259CL CPU @ 2.50GHz,Intel(R) Xeon(R) Platinum 8259CL CPU @ 2.50GHz,Intel
d3en.xlarge,us-east-1,use1-az6,3,50.0,50.0,3.0,0.526,0.1652,68,d3en,Storage,d,4.0,16.0,23883.6025,Intel(R) Xeon(R) Platinum 8259CL CPU @ 2.50GHz,Intel(R) Xeon(R) Platinum 8259CL CPU @ 2.50GHz,Intel
dl1.24xlarge,us-east-1,use1-az2,1,0.0,0.0,2.5,13.10904,3.4632,73,dl1,AC,dl,96.0,768.0,28252.2637,Intel(R) Xeon(R) Platinum 8275CL CPU @ 3.00GHz,Intel(R) Xeon(R) Platinum 8275CL CPU @ 3.00GHz,Intel
f2.12xlarge,us-east-1,use1-az1,1,0.0,0.0,3.0,3.96,1.3298,66,f2,AC,f,48.0,512.0,33539.1601,AMD EPYC 7R13 Processor,AMD EPYC 7R13,AuthenticAMD
f2.12xlarge,us-east-1,use1-az2,3,1.0,5.0,3.0,3.96,1.7181,56,f2,AC,f,48.0,512.0,33539.1601,AMD EPYC 7R13 Processor,AMD EPYC 7R13,AuthenticAMD
f2.12xlarge,us-east-1,use1-az4,3,1.0,1.0,3.0,3.96,1.7547,55,f2,AC,f,48.0,512.0,33539.1601,AMD EPYC 7R13 Processor,AMD EPYC 7R13,AuthenticAMD
f2.12xlarge,us-east-1,use1-az6,3,1.0,1.0,3.0,3.96,1.5406,61,f2,AC,f,48.0,512.0,33539.1601,AMD EPYC 7R13 Processor,AMD EPYC 7R13,AuthenticAMD
f2.48xlarge,us-east-1,use1-az1,1,0.0,0.0,3.0,15.84,4.7076,70,f2,AC,f,192.0,2048.0,33539.1601,AMD EPYC 7R13 Processor,AMD EPYC 7R13,AuthenticAMD
f2.48xlarge,us-east-1,use1-az2,3,5.0,10.0,3.0,15.84,6.0589,61,f2,AC,f,192.0,2048.0,33539.1601,AMD EPYC 7R13 Processor,AMD EPYC 7R13,AuthenticAMD
f2.48xlarge,us-east-1,use1-az4,3,5.0,5.0,3.0,15.84,5.1945,67,f2,AC,f,192.0,2048.0,33539.1601,AMD EPYC 7R13 Processor,AMD EPYC 7R13,AuthenticAMD
f2.48xlarge,us-east-1,use1-az6,3,5.0,5.0,3.0,15.84,5.065,68,f2,AC,f,192.0,2048.0,33539.1601,AMD EPYC 7R13 Processor,AMD EPYC 7R13,AuthenticAMD
g4ad.16xlarge,us-east-1,use1-az1,3,10.0,15.0,3.0,3.468,1.3728,60,g4ad,AC,g,64.0,256.0,25550.3882,AMD EPYC 7R32,AMD EPYC 7R32,AuthenticAMD
g4ad.16xlarge,us-east-1,use1-az2,3,10.0,20.0,3.0,3.468,1.8516,46,g4ad,AC,g,64.0,256.0,25550.3882,AMD EPYC 7R32,AMD EPYC 7R32,AuthenticAMD
g4ad.16xlarge,us-east-1,use1-az4,3,15.0,25.0,3.0,3.468,1.8193,47,g4ad,AC,g,64.0,256.0,25550.3882,AMD EPYC 7R32,AMD EPYC 7R32,AuthenticAMD
g4ad.16xlarge,us-east-1,use1-az6,3,15.0,25.0,3.0,3.468,1.8648,46,g4ad,AC,g,64.0,256.0,25550.3882,AMD EPYC 7R32,AMD EPYC 7R32,AuthenticAMD
g4ad.2xlarge,us-east-1,use1-az1,3,5.0,10.0,3.0,0.54117,0.2517,53,g4ad,AC,g,8.0,32.0,25550.3882,AMD EPYC 7R32,AMD EPYC 7R32,AuthenticAMD
g4ad.2xlarge,us-east-1,use1-az2,3,10.0,15.0,3.0,0.54117,0.2448,54,g4ad,AC,g,8.0,32.0,25550.3882,AMD EPYC 7R32,AMD EPYC 7R32,AuthenticAMD
g4ad.2xlarge,us-east-1,use1-az4,3,15.0,25.0,3.0,0.54117,0.2677,50,g4ad,AC,g,8.0,32.0,25550.3882,AMD EPYC 7R32,AMD EPYC 7R32,AuthenticAMD
g4ad.2xlarge,us-east-1,use1-az6,3,15.0,25.0,3.0,0.54117,0.2228,58,g4ad,AC,g,8.0,32.0,25550.3882,AMD EPYC 7R32,AMD EPYC 7R32,AuthenticAMD
g4ad.4xlarge,us-east-1,use1-az1,3,10.0,15.0,3.0,0.867,0.4057,53,g4ad,AC,g,16.0,64.0,25550.3882,AMD EPYC 7R32,AMD EPYC 7R32,AuthenticAMD
g4ad.4xlarge,us-east-1,use1-az2,3,15.0,25.0,3.0,0.867,0.4139,52,g4ad,AC,g,16.0,64.0,25550.3882,AMD EPYC 7R32,AMD EPYC 7R32,AuthenticAMD
g4ad.4xlarge,us-east-1,use1-az4,3,15.0,25.0,3.0,0.867,0.4051,53,g4ad,AC,g,16.0,64.0,25550.3882,AMD EPYC 7R32,AMD EPYC 7R32,AuthenticAMD
g4ad.4xlarge,us-east-1,use1-az6,3,10.0,20.0,3.0,0.867,0.4045,53,g4ad,AC,g,16.0,64.0,25550.3882,AMD EPYC 7R32,AMD EPYC 7R32,AuthenticAMD
g4ad.8xlarge,us-east-1,use1-az1,3,5.0,5.0,3.0,1.734,0.8547,50,g4ad,AC,g,32.0,128.0,25550.3882,AMD EPYC 7R32,AMD EPYC 7R32,AuthenticAMD
g4ad.8xlarge,us-east-1,use1-az2,3,5.0,10.0,3.0,1.734,0.7369,57,g4ad,AC,g,32.0,128.0,25550.3882,AMD EPYC 7R32,AMD EPYC 7R32,AuthenticAMD
g4ad.8xlarge,us-east-1,use1-az4,3,5.0,10.0,3.0,1.734,0.8209,52,g4ad,AC,g,32.0,128.0,25550.3882,AMD EPYC 7R32,AMD EPYC 7R32,AuthenticAMD
g4ad.8xlarge,us-east-1,use1-az6,3,5.0,10.0,3.0,1.734,0.8301,52,g4ad,AC,g,32.0,128.0,25550.3882,AMD EPYC 7R32,AMD EPYC 7R32,AuthenticAMD
g4ad.xlarge,us-east-1,use1-az1,3,15.0,20.0,3.0,0.37853,0.1354,64,g4ad,AC,g,4.0,16.0,25550.3882,AMD EPYC 7R32,AMD EPYC 7R32,AuthenticAMD
g4ad.xlarge,us-east-1,use1-az2,3,20.0,30.0,3.0,0.37853,0.1359,64,g4ad,AC,g,4.0,16.0,25550.3882,AMD EPYC 7R32,AMD EPYC 7R32,AuthenticAMD
g4ad.xlarge,us-east-1,use1-az4,3,25.0,35.0,3.0,0.37853,0.1415,62,g4ad,AC,g,4.0,16.0,25550.3882,AMD EPYC 7R32,AMD EPYC 7R32,AuthenticAMD
g4ad.xlarge,us-east-1,use1-az6,3,20.0,35.0,3.0,0.37853,0.137,63,g4ad,AC,g,4.0,16.0,25550.3882,AMD EPYC 7R32,AMD EPYC 7R32,AuthenticAMD
g4dn.12xlarge,us-east-1,use1-az1,3,1.0,1.0,2.5,3.912,1.525,61,g4dn,AC,g,48.0,192.0,23883.6025,Intel(R) Xeon(R) Platinum 8259CL CPU @ 2.50GHz,Intel(R) Xeon(R) Platinum 8259CL CPU @ 2.50GHz,Intel
g4dn.12xlarge,us-east-1,use1-az2,3,20.0,30.0,2.5,3.912,1.3772,64,g4dn,AC,g,48.0,192.0,23883.6025,Intel(R) Xeon(R) Platinum 8259CL CPU @ 2.50GHz,Intel(R) Xeon(R) Platinum 8259CL CPU @ 2.50GHz,Intel
g4dn.12xlarge,us-east-1,use1-az4,3,50.0,50.0,2.5,3.912,1.3092,66,g4dn,AC,g,48.0,192.0,23883.6025,Intel(R) Xeon(R) Platinum 8259CL CPU @ 2.50GHz,Intel(R) Xeon(R) Platinum 8259CL CPU @ 2.50GHz,Intel
g4dn.12xlarge,us-east-1,use1-az5,3,50.0,50.0,2.5,3.912,1.2883,67,g4dn,AC,g,48.0,192.0,23883.6025,Intel(R) Xeon(R) Platinum 8259CL CPU @ 2.50GHz,Intel(R) Xeon(R) Platinum 8259CL CPU @ 2.50GHz,Intel
g4dn.12xlarge,us-east-1,use1-az6,3,50.0,50.0,2.5,3.912,1.3909,64,g4dn,AC,g,48.0,192.0,23883.6025,Intel(R) Xeon(R) Platinum 8259CL CPU @ 2.50GHz,Intel(R) Xeon(R) Platinum 8259CL CPU @ 2.50GHz,Intel
g4dn.16xlarge,us-east-1,use1-az1,1,0.0,0.0,1.0,4.352,1.4836,65,g4dn,AC,g,64.0,256.0,23883.6025,Intel(R) Xeon(R) Platinum 8259CL CPU @ 2.50GHz,Intel(R) Xeon(R) Platinum 8259CL CPU @ 2.50GHz,Intel
g4dn.16xlarge,us-east-1,use1-az2,3,15.0,25.0,1.0,4.352,1.4452,66,g4dn,AC,g,64.0,256.0,23883.6025,Intel(R) Xeon(R) Platinum 8259CL CPU @ 2.50GHz,Intel(R) Xeon(R) Platinum 8259CL CPU @ 2.50GHz,Intel
g4dn.16xlarge,us-east-1,use1-az4,3,25.0,35.0,1.0,4.352,1.4221,67,g4dn,AC,g,64.0,256.0,23883.6025,Intel(R) Xeon(R) Platinum 8259CL CPU @ 2.50GHz,Intel(R) Xeon(R) Platinum 8259CL CPU @ 2.50GHz,Intel
g4dn.16xlarge,us-east-1,use1-az5,3,15.0,25.0,1.0,4.352,1.3833,68,g4dn,AC,g,64.0,256.0,23883.6025,Intel(R) Xeon(R) Platinum 8259CL CPU @ 2.50GHz,Intel(R) Xeon(R) Platinum 8259CL CPU @ 2.50GHz,Intel
g4dn.16xlarge,us-east-1,use1-az6,3,20.0,35.0,1.0,4.352,1.4488,66,g4dn,AC,g,64.0,256.0,23883.6025,Intel(R) Xeon(R) Platinum 8259CL CPU @ 2.50GHz,Intel(R) Xeon(R) Platinum 8259CL CPU @ 2.50GHz,Intel
g4dn.2xlarge,us-east-1,use1-az1,3,10.0,20.0,1.0,0.752,0.3518,53,g4dn,AC,g,8.0,32.0,23883.6025,Intel(R) Xeon(R) Platinum 8259CL CPU @ 2.50GHz,Intel(R) Xeon(R) Platinum 8259CL CPU @ 2.50GHz,Intel
g4dn.2xlarge,us-east-1,use1-az2,3,50.0,50.0,1.0,0.752,0.3494,53,g4dn,AC,g,8.0,32.0,23883.6025,Intel(R) Xeon(R) Platinum 8259CL CPU @ 2.50GHz,Intel(R) Xeon(R) Platinum 8259CL CPU @ 2.50GHz,Intel
g4dn.2xlarge,us-east-1,use1-az4,3,50.0,50.0,1.0,0.752,0.3566,52,g4dn,AC,g,8.0,32.0,23883.6025,Intel(R) Xeon(R) Platinum 8259CL CPU @ 2.50GHz,Intel(R) Xeon(R) Platinum 8259CL CPU @ 2.50GHz,Intel
g4dn.2xlarge,us-east-1,use1-az5,3,45.0,50.0,1.0,0.752,0.3587,52,g4dn,AC,g,8.0,32.0,23883.6025,Intel(R) Xeon(R) Platinum 8259CL CPU @ 2.50GHz,Intel(R) Xeon(R) Platinum 8259CL CPU @ 2.50GHz,Intel
g4dn.2xlarge,us-east-1,use1-az6,3,50.0,50.0,1.0,0.752,0.3415,54,g4dn,AC,g,8.0,32.0,23883.6025,Intel(R) Xeon(R) Platinum 8259CL CPU @ 2.50GHz,Intel(R) Xeon(R) Platinum 8259CL CPU @ 2.50GHz,Intel
g4dn.4xlarge,us-east-1,use1-az1,3,1.0,5.0,1.0,1.204,0.4522,62,g4dn,AC,g,16.0,64.0,23883.6025,Intel(R) Xeon(R) Platinum 8259CL CPU @ 2.50GHz,Intel(R) Xeon(R) Platinum 8259CL CPU @ 2.50GHz,Intel
g4dn.4xlarge,us-east-1,use1-az2,3,45.0,50.0,1.0,1.204,0.433,64,g4dn,AC,g,16.0,64.0,23883.6025,Intel(R) Xeon(R) Platinum 8259CL CPU @ 2.50GHz,Intel(R) Xeon(R) Platinum 8259CL CPU @ 2.50GHz,Intel
g4dn.4xlarge,us-east-1,use1-az4,3,45.0,50.0,1.0,1.204,0.4649,61,g4dn,AC,g,16.0,64.0,23883.6025,Intel(R) Xeon(R) Platinum 8259CL CPU @ 2.50GHz,Intel(R) Xeon(R) Platinum 8259CL CPU @ 2.50GHz,Intel
g4dn.4xlarge,us-east-1,use1-az5,3,40.0,50.0,1.0,1.204,0.4564,62,g4dn,AC,g,16.0,64.0,23883.6025,Intel(R) Xeon(R) Platinum 8259CL CPU @ 2.50GHz,Intel(R) Xeon(R) Platinum 8259CL CPU @ 2.50GHz,Intel
g4dn.4xlarge,us-east-1,use1-az6,3,45.0,50.0,1.0,1.204,0.449,62,g4dn,AC,g,16.0,64.0,23883.6025,Intel(R) Xeon(R) Platinum 8259CL CPU @ 2.50GHz,Intel(R) Xeon(R) Platinum 8259CL CPU @ 2.50GHz,Intel
g4dn.8xlarge,us-east-1,use1-az1,1,0.0,0.0,1.0,2.176,0.8127,62,g4dn,AC,g,32.0,128.0,23883.6025,Intel(R) Xeon(R) Platinum 8259CL CPU @ 2.50GHz,Intel(R) Xeon(R) Platinum 8259CL CPU @ 2.50GHz,Intel
g4dn.8xlarge,us-east-1,use1-az2,3,15.0,50.0,1.0,2.176,0.7994,63,g4dn,AC,g,32.0,128.0,23883.6025,Intel(R) Xeon(R) Platinum 8259CL CPU @ 2.50GHz,Intel(R) Xeon(R) Platinum 8259CL CPU @ 2.50GHz,Intel
g4dn.8xlarge,us-east-1,use1-az4,3,25.0,45.0,1.0,2.176,0.7937,63,g4dn,AC,g,32.0,128.0,23883.6025,Intel(R) Xeon(R) Platinum 8259CL CPU @ 2.50GHz,Intel(R) Xeon(R) Platinum 8259CL CPU @ 2.50GHz,Intel
g4dn.8xlarge,us-east-1,use1-az5,3,20.0,35.0,1.0,2.176,0.8298,61,g4dn,AC,g,32.0,128.0,23883.6025,Intel(R) Xeon(R) Platinum 8259CL CPU @ 2.50GHz,Intel(R) Xeon(R) Platinum 8259CL CPU @ 2.50GHz,Intel
g4dn.8xlarge,us-east-1,use1-az6,3,5.0,10.0,1.0,2.176,0.842,61,g4dn,AC,g,32.0,128.0,23883.6025,Intel(R) Xeon(R) Platinum 8259CL CPU @ 2.50GHz,Intel(R) Xeon(R) Platinum 8259CL CPU @ 2.50GHz,Intel
g4dn.xlarge,us-east-1,use1-az1,3,30.0,35.0,1.0,0.526,0.2096,60,g4dn,AC,g,4.0,16.0,23883.6025,Intel(R) Xeon(R) Platinum 8259CL CPU @ 2.50GHz,Intel(R) Xeon(R) Platinum 8259CL CPU @ 2.50GHz,Intel
g4dn.xlarge,us-east-1,use1-az2,3,50.0,50.0,1.0,0.526,0.2126,59,g4dn,AC,g,4.0,16.0,23883.6025,Intel(R) Xeon(R) Platinum 8259CL CPU @ 2.50GHz,Intel(R) Xeon(R) Platinum 8259CL CPU @ 2.50GHz,Intel
g4dn.xlarge,us-east-1,use1-az4,3,50.0,50.0,1.0,0.526,0.213,59,g4dn,AC,g,4.0,16.0,23883.6025,Intel(R) Xeon(R) Platinum 8259CL CPU @ 2.50GHz,Intel(R) Xeon(R) Platinum 8259CL CPU @ 2.50GHz,Intel
g4dn.xlarge,us-east-1,use1-az5,3,50.0,50.0,1.0,0.526,0.2166,58,g4dn,AC,g,4.0,16.0,23883.6025,Intel(R) Xeon(R) Platinum 8259CL CPU @ 2.50GHz,Intel(R) Xeon(R) Platinum 8259CL CPU @ 2.50GHz,Intel
g4dn.xlarge,us-east-1,use1-az6,3,50.0,50.0,1.0,0.526,0.2192,58,g4dn,AC,g,4.0,16.0,23883.6025,Intel(R) Xeon(R) Platinum 8259CL CPU @ 2.50GHz,Intel(R) Xeon(R) Platinum 8259CL CPU @ 2.50GHz,Intel
g5.12xlarge,us-east-1,use1-az1,1,0.0,0.0,1.0,5.672,2.9035,48,g5,AC,g,48.0,192.0,25550.3882,AMD EPYC 7R32,AMD EPYC 7R32,AuthenticAMD
g5.12xlarge,us-east-1,use1-az2,3,1.0,1.0,1.0,5.672,2.3265,58,g5,AC,g,48.0,192.0,25550.3882,AMD EPYC 7R32,AMD EPYC 7R32,AuthenticAMD
g5.12xlarge,us-east-1,use1-az4,3,1.0,1.0,1.0,5.672,2.4863,56,g5,AC,g,48.0,192.0,25550.3882,AMD EPYC 7R32,AMD EPYC 7R32,AuthenticAMD
g5.12xlarge,us-east-1,use1-az5,3,5.0,10.0,1.0,5.672,2.6364,53,g5,AC,g,48.0,192.0,25550.3882,AMD EPYC 7R32,AMD EPYC 7R32,AuthenticAMD
g5.12xlarge,us-east-1,use1-az6,3,10.0,15.0,1.0,5.672,2.6024,54,g5,AC,g,48.0,192.0,25550.3882,AMD EPYC 7R32,AMD EPYC 7R32,AuthenticAMD
g5.16xlarge,us-east-1,use1-az1,1,0.0,0.0,1.0,4.096,1.5195,62,g5,AC,g,64.0,256.0,25550.3882,AMD EPYC 7R32,AMD EPYC 7R32,AuthenticAMD
g5.16xlarge,us-east-1,use1-az2,3,1.0,5.0,1.0,4.096,1.6986,58,g5,AC,g,64.0,256.0,25550.3882,AMD EPYC 7R32,AMD EPYC 7R32,AuthenticAMD
g5.16xlarge,us-east-1,use1-az4,3,1.0,1.0,1.0,4.096,1.809,55,g5,AC,g,64.0,256.0,25550.3882,AMD EPYC 7R32,AMD EPYC 7R32,AuthenticAMD
g5.16xlarge,us-east-1,use1-az5,3,1.0,5.0,1.0,4.096,1.8414,55,g5,AC,g,64.0,256.0,25550.3882,AMD EPYC 7R32,AMD EPYC 7R32,AuthenticAMD
g5.16xlarge,us-east-1,use1-az6,3,1.0,5.0,1.0,4.096,1.7758,56,g5,AC,g,64.0,256.0,25550.3882,AMD EPYC 7R32,AMD EPYC 7R32,AuthenticAMD
g5.24xlarge,us-east-1,use1-az1,1,0.0,0.0,1.0,8.144,3.8836,52,g5,AC,g,96.0,384.0,25550.3882,AMD EPYC 7R32,AMD EPYC 7R32,AuthenticAMD
g5.24xlarge,us-east-1,use1-az2,3,1.0,1.0,1.0,8.144,4.0381,50,g5,AC,g,96.0,384.0,25550.3882,AMD EPYC 7R32,AMD EPYC 7R32,AuthenticAMD
g5.24xlarge,us-east-1,use1-az4,3,1.0,1.0,1.0,8.144,4.2249,48,g5,AC,g,96.0,384.0,25550.3882,AMD EPYC 7R32,AMD EPYC 7R32,AuthenticAMD
g5.24xlarge,us-east-1,use1-az5,3,1.0,1.0,1.0,8.144,3.9734,51,g5,AC,g,96.0,384.0,25550.3882,AMD EPYC 7R32,AMD EPYC 7R32,AuthenticAMD
g5.24xlarge,us-east-1,use1-az6,3,5.0,5.0,1.0,8.144,4.1015,49,g5,AC,g,96.0,384.0,25550.3882,AMD EPYC 7R32,AMD EPYC 7R32,AuthenticAMD
g5.2xlarge,us-east-1,use1-az1,3,1.0,5.0,1.0,1.212,0.5691,53,g5,AC,g,8.0,32.0,25550.3882,AMD EPYC 7R32,AMD EPYC 7R32,AuthenticAMD
g5.2xlarge,us-east-1,use1-az2,3,10.0,20.0,1.0,1.212,0.5327,56,g5,AC,g,8.0,32.0,25550.3882,AMD EPYC 7R32,AMD EPYC 7R32,AuthenticAMD
g5.2xlarge,us-east-1,use1-az4,3,10.0,20.0,1.0,1.212,0.5615,53,g5,AC,g,8.0,32.0,25550.3882,AMD EPYC 7R32,AMD EPYC 7R32,AuthenticAMD
g5.2xlarge,us-east-1,use1-az5,3,50.0,50.0,1.0,1.212,0.5546,54,g5,AC,g,8.0,32.0,25550.3882,AMD EPYC 7R32,AMD EPYC 7R32,AuthenticAMD
g5.2xlarge,us-east-1,use1-az6,3,50.0,50.0,1.0,1.212,0.5861,51,g5,AC,g,8.0,32.0,25550.3882,AMD EPYC 7R32,AMD EPYC 7R32,AuthenticAMD
g5.48xlarge,us-east-1,use1-az1,1,0.0,0.0,1.0,16.288,5.8414,64,g5,AC,g,192.0,768.0,25550.3882,AMD EPYC 7R32,AMD EPYC 7R32,AuthenticAMD
g5.48xlarge,us-east-1,use1-az2,2,0.0,1.0,1.0,16.288,7.9773,51,g5,AC,g,192.0,768.0,25550.3882,AMD EPYC 7R32,AMD EPYC 7R32,AuthenticAMD
g5.48xlarge,us-east-1,use1-az4,2,0.0,1.0,1.0,16.288,7.8808,51,g5,AC,g,192.0,768.0,25550.3882,AMD EPYC 7R32,AMD EPYC 7R32,AuthenticAMD
g5.48xlarge,us-east-1,use1-az5,3,5.0,10.0,1.0,16.288,7.7806,52,g5,AC,g,192.0,768.0,25550.3882,AMD EPYC 7R32,AMD EPYC 7R32,AuthenticAMD
g5.48xlarge,us-east-1,use1-az6,3,10.0,20.0,1.0,16.288,6.8162,58,g5,AC,g,192.0,768.0,25550.3882,AMD EPYC 7R32,AMD EPYC 7R32,AuthenticAMD
g5.4xlarge,us-east-1,use1-az1,3,10.0,15.0,1.0,1.624,0.6677,58,g5,AC,g,16.0,64.0,25550.3882,AMD EPYC 7R32,AMD EPYC 7R32,AuthenticAMD
g5.4xlarge,us-east-1,use1-az2,3,50.0,50.0,1.0,1.624,0.6646,59,g5,AC,g,16.0,64.0,25550.3882,AMD EPYC 7R32,AMD EPYC 7R32,AuthenticAMD
g5.4xlarge,us-east-1,use1-az4,3,50.0,50.0,1.0,1.624,0.6543,59,g5,AC,g,16.0,64.0,25550.3882,AMD EPYC 7R32,AMD EPYC 7R32,AuthenticAMD
g5.4xlarge,us-east-1,use1-az5,3,50.0,50.0,1.0,1.624,0.6876,57,g5,AC,g,16.0,64.0,25550.3882,AMD EPYC 7R32,AMD EPYC 7R32,AuthenticAMD
g5.4xlarge,us-east-1,use1-az6,3,50.0,50.0,1.0,1.624,0.6791,58,g5,AC,g,16.0,64.0,25550.3882,AMD EPYC 7R32,AMD EPYC 7R32,AuthenticAMD
g5.8xlarge,us-east-1,use1-az1,1,0.0,0.0,1.0,2.448,1.0616,56,g5,AC,g,32.0,128.0,25550.3882,AMD EPYC 7R32,AMD EPYC 7R32,AuthenticAMD
g5.8xlarge,us-east-1,use1-az2,3,5.0,10.0,1.0,2.448,1.1226,54,g5,AC,g,32.0,128.0,25550.3882,AMD EPYC 7R32,AMD EPYC 7R32,AuthenticAMD
g5.8xlarge,us-east-1,use1-az4,3,5.0,5.0,1.0,2.448,1.1021,54,g5,AC,g,32.0,128.0,25550.3882,AMD EPYC 7R32,AMD EPYC 7R32,AuthenticAMD
g5.8xlarge,us-east-1,use1-az5,3,10.0,20.0,1.0,2.448,1.1016,55,g5,AC,g,32.0,128.0,25550.3882,AMD EPYC 7R32,AMD EPYC 7R32,AuthenticAMD
g5.8xlarge,us-east-1,use1-az6,3,15.0,25.0,1.0,2.448,1.1379,53,g5,AC,g,32.0,128.0,25550.3882,AMD EPYC 7R32,AMD EPYC 7R32,AuthenticAMD
g5.xlarge,us-east-1,use1-az1,3,35.0,50.0,1.0,1.006,0.4245,57,g5,AC,g,4.0,16.0,25550.3882,AMD EPYC 7R32,AMD EPYC 7R32,AuthenticAMD
g5.xlarge,us-east-1,use1-az2,3,50.0,50.0,1.0,1.006,0.4284,57,g5,AC,g,4.0,16.0,25550.3882,AMD EPYC 7R32,AMD EPYC 7R32,AuthenticAMD
g5.xlarge,us-east-1,use1-az4,3,50.0,50.0,1.0,1.006,0.4233,57,g5,AC,g,4.0,16.0,25550.3882,AMD EPYC 7R32,AMD EPYC 7R32,AuthenticAMD
g5.xlarge,us-east-1,use1-az5,3,50.0,50.0,1.0,1.006,0.4613,54,g5,AC,g,4.0,16.0,25550.3882,AMD EPYC 7R32,AMD EPYC 7R32,AuthenticAMD
g5.xlarge,us-east-1,use1-az6,3,50.0,50.0,1.0,1.006,0.4654,53,g5,AC,g,4.0,16.0,25550.3882,AMD EPYC 7R32,AMD EPYC 7R32,AuthenticAMD
g5g.16xlarge,us-east-1,use1-az1,3,35.0,50.0,3.0,2.744,0.8718,68,g5g,AC,g,64.0,128.0,19336.1335,AWS Graviton2 Processor,Neoverse-N1,AWS
g5g.16xlarge,us-east-1,use1-az2,3,5.0,15.0,3.0,2.744,0.8952,67,g5g,AC,g,64.0,128.0,19336.1335,AWS Graviton2 Processor,Neoverse-N1,AWS
g5g.16xlarge,us-east-1,use1-az4,3,10.0,15.0,3.0,2.744,0.8684,68,g5g,AC,g,64.0,128.0,19336.1335,AWS Graviton2 Processor,Neoverse-N1,AWS
g5g.16xlarge,us-east-1,use1-az6,3,15.0,25.0,3.0,2.744,0.8843,67,g5g,AC,g,64.0,128.0,19336.1335,AWS Graviton2 Processor,Neoverse-N1,AWS
g5g.2xlarge,us-east-1,use1-az1,1,0.0,0.0,2.0,0.556,0.4182,24,g5g,AC,g,8.0,16.0,19336.1335,AWS Graviton2 Processor,Neoverse-N1,AWS
g5g.2xlarge,us-east-1,use1-az2,3,1.0,1.0,2.0,0.556,0.3366,39,g5g,AC,g,8.0,16.0,19336.1335,AWS Graviton2 Processor,Neoverse-N1,AWS
g5g.2xlarge,us-east-1,use1-az4,3,1.0,1.0,2.0,0.556,0.3476,37,g5g,AC,g,8.0,16.0,19336.1335,AWS Graviton2 Processor,Neoverse-N1,AWS
g5g.2xlarge,us-east-1,use1-az6,3,1.0,1.0,2.0,0.556,0.3827,31,g5g,AC,g,8.0,16.0,19336.1335,AWS Graviton2 Processor,Neoverse-N1,AWS
g5g.4xlarge,us-east-1,use1-az1,3,1.0,5.0,3.0,0.828,0.3287,60,g5g,AC,g,16.0,32.0,19336.1335,AWS Graviton2 Processor,Neoverse-N1,AWS
g5g.4xlarge,us-east-1,use1-az2,3,5.0,5.0,3.0,0.828,0.3007,63,g5g,AC,g,16.0,32.0,19336.1335,AWS Graviton2 Processor,Neoverse-N1,AWS
g5g.4xlarge,us-east-1,use1-az4,3,5.0,5.0,3.0,0.828,0.319,61,g5g,AC,g,16.0,32.0,19336.1335,AWS Graviton2 Processor,Neoverse-N1,AWS
g5g.4xlarge,us-east-1,use1-az6,3,5.0,5.0,3.0,0.828,0.2995,63,g5g,AC,g,16.0,32.0,19336.1335,AWS Graviton2 Processor,Neoverse-N1,AWS
g5g.8xlarge,us-east-1,use1-az1,3,5.0,5.0,2.5,1.372,0.6259,54,g5g,AC,g,32.0,64.0,19336.1335,AWS Graviton2 Processor,Neoverse-N1,AWS
g5g.8xlarge,us-east-1,use1-az2,3,5.0,5.0,2.5,1.372,0.6631,51,g5g,AC,g,32.0,64.0,19336.1335,AWS Graviton2 Processor,Neoverse-N1,AWS
g5g.8xlarge,us-east-1,use1-az4,3,5.0,10.0,2.5,1.372,0.6563,52,g5g,AC,g,32.0,64.0,19336.1335,AWS Graviton2 Processor,Neoverse-N1,AWS
g5g.8xlarge,us-east-1,use1-az6,3,5.0,10.0,2.5,1.372,0.6226,54,g5g,AC,g,32.0,64.0,19336.1335,AWS Graviton2 Processor,Neoverse-N1,AWS
g5g.xlarge,us-east-1,use1-az1,3,20.0,30.0,3.0,0.42,0.1619,61,g5g,AC,g,4.0,8.0,19336.1335,AWS Graviton2 Processor,Neoverse-N1,AWS
g5g.xlarge,us-east-1,use1-az2,3,10.0,15.0,3.0,0.42,0.1561,62,g5g,AC,g,4.0,8.0,19336.1335,AWS Graviton2 Processor,Neoverse-N1,AWS
g5g.xlarge,us-east-1,use1-az4,3,25.0,35.0,3.0,0.42,0.166,60,g5g,AC,g,4.0,8.0,19336.1335,AWS Graviton2 Processor,Neoverse-N1,AWS
g5g.xlarge,us-east-1,use1-az6,3,35.0,50.0,3.0,0.42,0.1636,61,g5g,AC,g,4.0,8.0,19336.1335,AWS Graviton2 Processor,Neoverse-N1,AWS
g6.12xlarge,us-east-1,use1-az1,1,0.0,0.0,1.0,4.6016,1.9798,56,g6,AC,g,48.0,192.0,33539.1601,AMD EPYC 7R13 Processor,AMD EPYC 7R13,AuthenticAMD
g6.12xlarge,us-east-1,use1-az2,3,1.0,1.0,1.0,4.6016,2.2991,50,g6,AC,g,48.0,192.0,33539.1601,AMD EPYC 7R13 Processor,AMD EPYC 7R13,AuthenticAMD
g6.12xlarge,us-east-1,use1-az4,3,1.0,1.0,1.0,4.6016,2.3955,47,g6,AC,g,48.0,192.0,33539.1601,AMD EPYC 7R13 Processor,AMD EPYC 7R13,AuthenticAMD
g6.12xlarge,us-east-1,use1-az6,3,5.0,10.0,1.0,4.6016,2.357,48,g6,AC,g,48.0,192.0,33539.1601,AMD EPYC 7R13 Processor,AMD EPYC 7R13,AuthenticAMD
g6.16xlarge,us-east-1,use1-az1,3,1.0,1.0,1.0,3.3968,1.478,56,g6,AC,g,64.0,256.0,33539.1601,AMD EPYC 7R13 Processor,AMD EPYC 7R13,AuthenticAMD
g6.16xlarge,us-east-1,use1-az2,3,1.0,1.0,1.0,3.3968,1.293,61,g6,AC,g,64.0,256.0,33539.1601,AMD EPYC 7R13 Processor,AMD EPYC 7R13,AuthenticAMD
g6.16xlarge,us-east-1,use1-az4,3,1.0,1.0,1.0,3.3968,1.3516,60,g6,AC,g,64.0,256.0,33539.1601,AMD EPYC 7R13 Processor,AMD EPYC 7R13,AuthenticAMD
g6.16xlarge,us-east-1,use1-az6,3,1.0,1.0,1.0,3.3968,1.3979,58,g6,AC,g,64.0,256.0,33539.1601,AMD EPYC 7R13 Processor,AMD EPYC 7R13,AuthenticAMD
g6.24xlarge,us-east-1,use1-az1,1,0.0,0.0,1.0,6.6752,3.2007,52,g6,AC,g,96.0,384.0,33539.1601,AMD EPYC 7R13 Processor,AMD EPYC 7R13,AuthenticAMD
g6.24xlarge,us-east-1,use1-az2,1,0.0,0.0,1.0,6.6752,2.9596,55,g6,AC,g,96.0,384.0,33539.1601,AMD EPYC 7R13 Processor,AMD EPYC 7R13,AuthenticAMD
g6.24xlarge,us-east-1,use1-az4,1,0.0,0.0,1.0,6.6752,3.8876,41,g6,AC,g,96.0,384.0,33539.1601,AMD EPYC 7R13 Processor,AMD EPYC 7R13,AuthenticAMD
g6.24xlarge,us-east-1,use1-az6,2,0.0,1.0,1.0,6.6752,3.9778,40,g6,AC,g,96.0,384.0,33539.1601,AMD EPYC 7R13 Processor,AMD EPYC 7R13,AuthenticAMD
g6.2xlarge,us-east-1,use1-az1,3,1.0,5.0,1.5,0.9776,0.5104,47,g6,AC,g,8.0,32.0,33539.1601,AMD EPYC 7R13 Processor,AMD EPYC 7R13,AuthenticAMD
g6.2xlarge,us-east-1,use1-az2,3,1.0,5.0,1.5,0.9776,0.5134,47,g6,AC,g,8.0,32.0,33539.1601,AMD EPYC 7R13 Processor,AMD EPYC 7R13,AuthenticAMD
g6.2xlarge,us-east-1,use1-az4,3,5.0,5.0,1.5,0.9776,0.5008,48,g6,AC,g,8.0,32.0,33539.1601,AMD EPYC 7R13 Processor,AMD EPYC 7R13,AuthenticAMD
g6.2xlarge,us-east-1,use1-az6,3,10.0,15.0,1.5,0.9776,0.4942,49,g6,AC,g,8.0,32.0,33539.1601,AMD EPYC 7R13 Processor,AMD EPYC 7R13,AuthenticAMD
g6.48xlarge,us-east-1,use1-az1,1,0.0,0.0,1.0,13.3504,4.9788,62,g6,AC,g,192.0,768.0,33539.1601,AMD EPYC 7R13 Processor,AMD EPYC 7R13,AuthenticAMD
g6.48xlarge,us-east-1,use1-az2,1,0.0,0.0,1.0,13.3504,9.7292,27,g6,AC,g,192.0,768.0,33539.1601,AMD EPYC 7R13 Processor,AMD EPYC 7R13,AuthenticAMD
g6.48xlarge,us-east-1,use1-az4,3,5.0,10.0,1.0,13.3504,5.7346,57,g6,AC,g,192.0,768.0,33539.1601,AMD EPYC 7R13 Processor,AMD EPYC 7R13,AuthenticAMD
g6.48xlarge,us-east-1,use1-az6,3,15.0,25.0,1.0,13.3504,6.3552,52,g6,AC,g,192.0,768.0,33539.1601,AMD EPYC 7R13 Processor,AMD EPYC 7R13,AuthenticAMD
g6.4xlarge,us-east-1,use1-az1,3,5.0,10.0,1.5,1.3232,0.6307,52,g6,AC,g,16.0,64.0,33539.1601,AMD EPYC 7R13 Processor,AMD EPYC 7R13,AuthenticAMD
g6.4xlarge,us-east-1,use1-az2,3,5.0,5.0,1.5,1.3232,0.7088,46,g6,AC,g,16.0,64.0,33539.1601,AMD EPYC 7R13 Processor,AMD EPYC 7R13,AuthenticAMD
g6.4xlarge,us-east-1,use1-az4,3,20.0,30.0,1.5,1.3232,0.6325,52,g6,AC,g,16.0,64.0,33539.1601,AMD EPYC 7R13 Processor,AMD EPYC 7R13,AuthenticAMD
g6.4xlarge,us-east-1,use1-az6,3,15.0,25.0,1.5,1.3232,0.6549,50,g6,AC,g,16.0,64.0,33539.1601,AMD EPYC 7R13 Processor,AMD EPYC 7R13,AuthenticAMD
g6.8xlarge,us-east-1,use1-az1,3,1.0,5.0,1.0,2.0144,0.8743,56,g6,AC,g,32.0,128.0,33539.1601,AMD EPYC 7R13 Processor,AMD EPYC 7R13,AuthenticAMD
g6.8xlarge,us-east-1,use1-az2,3,1.0,5.0,1.0,2.0144,0.8438,58,g6,AC,g,32.0,128.0,33539.1601,AMD EPYC 7R13 Processor,AMD EPYC 7R13,AuthenticAMD
g6.8xlarge,us-east-1,use1-az4,3,10.0,15.0,1.0,2.0144,0.8789,56,g6,AC,g,32.0,128.0,33539.1601,AMD EPYC 7R13 Processor,AMD EPYC 7R13,AuthenticAMD
g6.8xlarge,us-east-1,use1-az6,3,5.0,10.0,1.0,2.0144,0.9162,54,g6,AC,g,32.0,128.0,33539.1601,AMD EPYC 7R13 Processor,AMD EPYC 7R13,AuthenticAMD
g6.xlarge,us-east-1,use1-az1,3,1.0,5.0,1.0,0.8048,0.421,47,g6,AC,g,4.0,16.0,33539.1601,AMD EPYC 7R13 Processor,AMD EPYC 7R13,AuthenticAMD
g6.xlarge,us-east-1,use1-az2,3,5.0,10.0,1.0,0.8048,0.3855,52,g6,AC,g,4.0,16.0,33539.1601,AMD EPYC 7R13 Processor,AMD EPYC 7R13,AuthenticAMD
g6.xlarge,us-east-1,use1-az4,3,10.0,10.0,1.0,0.8048,0.4092,49,g6,AC,g,4.0,16.0,33539.1601,AMD EPYC 7R13 Processor,AMD EPYC 7R13,AuthenticAMD
g6.xlarge,us-east-1,use1-az6,3,10.0,15.0,1.0,0.8048,0.4114,48,g6,AC,g,4.0,16.0,33539.1601,AMD EPYC 7R13 Processor,AMD EPYC 7R13,AuthenticAMD
g6e.12xlarge,us-east-1,use1-az1,1,0.0,0.0,2.0,10.49264,5.1274,51,g6e,AC,g,48.0,384.0,33539.1601,AMD EPYC 7R13 Processor,AMD EPYC 7R13,AuthenticAMD
g6e.12xlarge,us-east-1,use1-az2,1,0.0,0.0,2.0,10.49264,4.9026,53,g6e,AC,g,48.0,384.0,33539.1601,AMD EPYC 7R13 Processor,AMD EPYC 7R13,AuthenticAMD
g6e.12xlarge,us-east-1,use1-az4,3,1.0,1.0,2.0,10.49264,5.4072,48,g6e,AC,g,48.0,384.0,33539.1601,AMD EPYC 7R13 Processor,AMD EPYC 7R13,AuthenticAMD
g6e.12xlarge,us-east-1,use1-az6,1,0.0,0.0,2.0,10.49264,3.8445,63,g6e,AC,g,48.0,384.0,33539.1601,AMD EPYC 7R13 Processor,AMD EPYC 7R13,AuthenticAMD
g6e.16xlarge,us-east-1,use1-az1,3,1.0,5.0,1.0,7.57719,3.0964,59,g6e,AC,g,64.0,512.0,33539.1601,AMD EPYC 7R13 Processor,AMD EPYC 7R13,AuthenticAMD
g6e.16xlarge,us-east-1,use1-az2,2,0.0,1.0,1.0,7.57719,2.8697,62,g6e,AC,g,64.0,512.0,33539.1601,AMD EPYC 7R13 Processor,AMD EPYC 7R13,AuthenticAMD
g6e.16xlarge,us-east-1,use1-az4,3,1.0,1.0,1.0,7.57719,3.0892,59,g6e,AC,g,64.0,512.0,33539.1601,AMD EPYC 7R13 Processor,AMD EPYC 7R13,AuthenticAMD
g6e.16xlarge,us-east-1,use1-az6,1,0.0,0.0,1.0,7.57719,2.7808,63,g6e,AC,g,64.0,512.0,33539.1601,AMD EPYC 7R13 Processor,AMD EPYC 7R13,AuthenticAMD
g6e.24xlarge,us-east-1,use1-az1,2,0.0,1.0,1.0,15.06559,5.6126,62,g6e,AC,g,96.0,768.0,33539.1601,AMD EPYC 7R13 Processor,AMD EPYC 7R13,AuthenticAMD
g6e.24xlarge,us-east-1,use1-az2,1,0.0,0.0,1.0,15.06559,6.1387,59,g6e,AC,g,96.0,768.0,33539.1601,AMD EPYC 7R13 Processor,AMD EPYC 7R13,AuthenticAMD
g6e.24xlarge,us-east-1,use1-az4,1,0.0,0.0,1.0,15.06559,6.061,59,g6e,AC,g,96.0,768.0,33539.1601,AMD EPYC 7R13 Processor,AMD EPYC 7R13,AuthenticAMD
g6e.24xlarge,us-east-1,use1-az6,2,0.0,1.0,1.0,15.06559,7.6425,49,g6e,AC,g,96.0,768.0,33539.1601,AMD EPYC 7R13 Processor,AMD EPYC 7R13,AuthenticAMD
g6e.2xlarge,us-east-1,use1-az1,3,10.0,10.0,2.5,2.24208,0.8632,61,g6e,AC,g,8.0,64.0,33539.1601,AMD EPYC 7R13 Processor,AMD EPYC 7R13,AuthenticAMD
g6e.2xlarge,us-east-1,use1-az2,3,5.0,10.0,2.5,2.24208,1.2129,45,g6e,AC,g,8.0,64.0,33539.1601,AMD EPYC 7R13 Processor,AMD EPYC 7R13,AuthenticAMD
g6e.2xlarge,us-east-1,use1-az4,3,5.0,10.0,2.5,2.24208,1.3384,40,g6e,AC,g,8.0,64.0,33539.1601,AMD EPYC 7R13 Processor,AMD EPYC 7R13,AuthenticAMD
g6e.2xlarge,us-east-1,use1-az6,3,1.0,1.0,2.5,2.24208,1.5491,30,g6e,AC,g,8.0,64.0,33539.1601,AMD EPYC 7R13 Processor,AMD EPYC 7R13,AuthenticAMD
g6e.48xlarge,us-east-1,use1-az1,1,0.0,0.0,1.0,30.13118,12.0995,59,g6e,AC,g,192.0,1536.0,33539.1601,AMD EPYC 7R13 Processor,AMD EPYC 7R13,AuthenticAMD
g6e.48xlarge,us-east-1,use1-az2,1,0.0,0.0,1.0,30.13118,23.3472,22,g6e,AC,g,192.0,1536.0,33539.1601,AMD EPYC 7R13 Processor,AMD EPYC 7R13,AuthenticAMD
g6e.48xlarge,us-east-1,use1-az4,3,1.0,1.0,1.0,30.13118,15.917,47,g6e,AC,g,192.0,1536.0,33539.1601,AMD EPYC 7R13 Processor,AMD EPYC 7R13,AuthenticAMD
g6e.48xlarge,us-east-1,use1-az6,1,0.0,0.0,1.0,30.13118,14.7486,51,g6e,AC,g,192.0,1536.0,33539.1601,AMD EPYC 7R13 Processor,AMD EPYC 7R13,AuthenticAMD
g6e.4xlarge,us-east-1,use1-az1,3,5.0,10.0,2.5,3.00424,1.1983,60,g6e,AC,g,16.0,128.0,33539.1601,AMD EPYC 7R13 Processor,AMD EPYC 7R13,AuthenticAMD
g6e.4xlarge,us-east-1,use1-az2,3,5.0,10.0,2.5,3.00424,1.2767,57,g6e,AC,g,16.0,128.0,33539.1601,AMD EPYC 7R13 Processor,AMD EPYC 7R13,AuthenticAMD
g6e.4xlarge,us-east-1,use1-az4,3,10.0,15.0,2.5,3.00424,1.2694,57,g6e,AC,g,16.0,128.0,33539.1601,AMD EPYC 7R13 Processor,AMD EPYC 7R13,AuthenticAMD
g6e.4xlarge,us-east-1,use1-az6,3,5.0,5.0,2.5,3.00424,1.4565,51,g6e,AC,g,16.0,128.0,33539.1601,AMD EPYC 7R13 Processor,AMD EPYC 7R13,AuthenticAMD
g6e.8xlarge,us-east-1,use1-az1,3,5.0,5.0,1.0,4.52856,1.6047,64,g6e,AC,g,32.0,256.0,33539.1601,AMD EPYC 7R13 Processor,AMD EPYC 7R13,AuthenticAMD
g6e.8xlarge,us-east-1,use1-az2,2,0.0,1.0,1.0,4.52856,1.5941,64,g6e,AC,g,32.0,256.0,33539.1601,AMD EPYC 7R13 Processor,AMD EPYC 7R13,AuthenticAMD
g6e.8xlarge,us-east-1,use1-az4,2,0.0,1.0,1.0,4.52856,1.7862,60,g6e,AC,g,32.0,256.0,33539.1601,AMD EPYC 7R13 Processor,AMD EPYC 7R13,AuthenticAMD
g6e.8xlarge,us-east-1,use1-az6,1,0.0,0.0,1.0,4.52856,1.5903,64,g6e,AC,g,32.0,256.0,33539.1601,AMD EPYC 7R13 Processor,AMD EPYC 7R13,AuthenticAMD
g6e.xlarge,us-east-1,use1-az1,3,25.0,40.0,1.0,1.861,0.9688,47,g6e,AC,g,4.0,32.0,33539.1601,AMD EPYC 7R13 Processor,AMD EPYC 7R13,AuthenticAMD
g6e.xlarge,us-east-1,use1-az2,3,1.0,1.0,1.0,1.861,1.0704,42,g6e,AC,g,4.0,32.0,33539.1601,AMD EPYC 7R13 Processor,AMD EPYC 7R13,AuthenticAMD
g6e.xlarge,us-east-1,use1-az4,3,1.0,1.0,1.0,1.861,1.0084,45,g6e,AC,g,4.0,32.0,33539.1601,AMD EPYC 7R13 Processor,AMD EPYC 7R13,AuthenticAMD
g6e.xlarge,us-east-1,use1-az6,1,0.0,0.0,1.0,1.861,1.232,33,g6e,AC,g,4.0,32.0,33539.1601,AMD EPYC 7R13 Processor,AMD EPYC 7R13,AuthenticAMD
gr6.4xlarge,us-east-1,use1-az1,3,1.0,1.0,1.0,1.5392,0.6906,55,gr6,gr,gr,16.0,128.0,33539.1601,AMD EPYC 7R13 Processor,AMD EPYC 7R13,AuthenticAMD
gr6.4xlarge,us-east-1,use1-az2,3,1.0,1.0,1.0,1.5392,0.7222,53,gr6,gr,gr,16.0,128.0,33539.1601,AMD EPYC 7R13 Processor,AMD EPYC 7R13,AuthenticAMD
gr6.4xlarge,us-east-1,use1-az4,3,1.0,1.0,1.0,1.5392,0.7416,51,gr6,gr,gr,16.0,128.0,33539.1601,AMD EPYC 7R13 Processor,AMD EPYC 7R13,AuthenticAMD
gr6.4xlarge,us-east-1,use1-az6,3,1.0,1.0,1.0,1.5392,0.7227,53,gr6,gr,gr,16.0,128.0,33539.1601,AMD EPYC 7R13 Processor,AMD EPYC 7R13,AuthenticAMD
gr6.8xlarge,us-east-1,use1-az1,3,1.0,1.0,2.5,2.4464,1.0313,57,gr6,gr,gr,32.0,256.0,33539.1601,AMD EPYC 7R13 Processor,AMD EPYC 7R13,AuthenticAMD
gr6.8xlarge,us-east-1,use1-az2,2,0.0,1.0,2.5,2.4464,1.0974,55,gr6,gr,gr,32.0,256.0,33539.1601,AMD EPYC 7R13 Processor,AMD EPYC 7R13,AuthenticAMD
gr6.8xlarge,us-east-1,use1-az4,3,1.0,1.0,2.5,2.4464,1.1031,54,gr6,gr,gr,32.0,256.0,33539.1601,AMD EPYC 7R13 Processor,AMD EPYC 7R13,AuthenticAMD
gr6.8xlarge,us-east-1,use1-az6,3,1.0,1.0,2.5,2.4464,1.0089,58,gr6,gr,gr,32.0,256.0,33539.1601,AMD EPYC 7R13 Processor,AMD EPYC 7R13,AuthenticAMD
i3.16xlarge,us-east-1,use1-az1,3,15.0,25.0,1.0,4.992,2.0203,59,i3,Storage,i,64.0,488.0,23883.6025,Intel(R) Xeon(R) CPU E5-2686 v4 @ 2.30GHz,Intel(R) Xeon(R) CPU E5-2686 v4 @ 2.30GHz,Intel
i3.16xlarge,us-east-1,use1-az2,3,15.0,25.0,1.0,4.992,2.2392,55,i3,Storage,i,64.0,488.0,23883.6025,Intel(R) Xeon(R) CPU E5-2686 v4 @ 2.30GHz,Intel(R) Xeon(R) CPU E5-2686 v4 @ 2.30GHz,Intel
i3.16xlarge,us-east-1,use1-az3,3,10.0,15.0,1.0,4.992,1.9619,60,i3,Storage,i,64.0,488.0,23883.6025,Intel(R) Xeon(R) CPU E5-2686 v4 @ 2.30GHz,Intel(R) Xeon(R) CPU E5-2686 v4 @ 2.30GHz,Intel
i3.16xlarge,us-east-1,use1-az4,3,50.0,50.0,1.0,4.992,2.2522,54,i3,Storage,i,64.0,488.0,23883.6025,Intel(R) Xeon(R) CPU E5-2686 v4 @ 2.30GHz,Intel(R) Xeon(R) CPU E5-2686 v4 @ 2.30GHz,Intel
i3.16xlarge,us-east-1,use1-az5,2,0.0,1.0,1.0,4.992,1.7522,64,i3,Storage,i,64.0,488.0,23883.6025,Intel(R) Xeon(R) CPU E5-2686 v4 @ 2.30GHz,Intel(R) Xeon(R) CPU E5-2686 v4 @ 2.30GHz,Intel
i3.16xlarge,us-east-1,use1-az6,3,50.0,50.0,1.0,4.992,2.0791,58,i3,Storage,i,64.0,488.0,23883.6025,Intel(R) Xeon(R) CPU E5-2686 v4 @ 2.30GHz,Intel(R) Xeon(R) CPU E5-2686 v4 @ 2.30GHz,Intel
i3.2xlarge,us-east-1,use1-az1,3,50.0,50.0,1.0,0.624,0.3407,45,i3,Storage,i,8.0,61.0,23883.6025,Intel(R) Xeon(R) CPU E5-2686 v4 @ 2.30GHz,Intel(R) Xeon(R) CPU E5-2686 v4 @ 2.30GHz,Intel
i3.2xlarge,us-east-1,use1-az2,3,50.0,50.0,1.0,0.624,0.3353,46,i3,Storage,i,8.0,61.0,23883.6025,Intel(R) Xeon(R) CPU E5-2686 v4 @ 2.30GHz,Intel(R) Xeon(R) CPU E5-2686 v4 @ 2.30GHz,Intel
i3.2xlarge,us-east-1,use1-az3,3,50.0,50.0,1.0,0.624,0.3107,50,i3,Storage,i,8.0,61.0,23883.6025,Intel(R) Xeon(R) CPU E5-2686 v4 @ 2.30GHz,Intel(R) Xeon(R) CPU E5-2686 v4 @ 2.30GHz,Intel
i3.2xlarge,us-east-1,use1-az4,3,50.0,50.0,1.0,0.624,0.3208,48,i3,Storage,i,8.0,61.0,23883.6025,Intel(R) Xeon(R) CPU E5-2686 v4 @ 2.30GHz,Intel(R) Xeon(R) CPU E5-2686 v4 @ 2.30GHz,Intel
i3.2xlarge,us-east-1,use1-az5,3,50.0,50.0,1.0,0.624,0.3135,49,i3,Storage,i,8.0,61.0,23883.6025,Intel(R) Xeon(R) CPU E5-2686 v4 @ 2.30GHz,Intel(R) Xeon(R) CPU E5-2686 v4 @ 2.30GHz,Intel
i3.2xlarge,us-east-1,use1-az6,3,50.0,50.0,1.0,0.624,0.294,52,i3,Storage,i,8.0,61.0,23883.6025,Intel(R) Xeon(R) CPU E5-2686 v4 @ 2.30GHz,Intel(R) Xeon(R) CPU E5-2686 v4 @ 2.30GHz,Intel
i3.4xlarge,us-east-1,use1-az1,3,50.0,50.0,1.0,1.248,0.7102,43,i3,Storage,i,16.0,122.0,23883.6025,Intel(R) Xeon(R) CPU E5-2686 v4 @ 2.30GHz,Intel(R) Xeon(R) CPU E5-2686 v4 @ 2.30GHz,Intel
i3.4xlarge,us-east-1,use1-az2,3,50.0,50.0,1.0,1.248,0.6287,49,i3,Storage,i,16.0,122.0,23883.6025,Intel(R) Xeon(R) CPU E5-2686 v4 @ 2.30GHz,Intel(R) Xeon(R) CPU E5-2686 v4 @ 2.30GHz,Intel
i3.4xlarge,us-east-1,use1-az3,3,50.0,50.0,1.0,1.248,0.5755,53,i3,Storage,i,16.0,122.0,23883.6025,Intel(R) Xeon(R) CPU E5-2686 v4 @ 2.30GHz,Intel(R) Xeon(R) CPU E5-2686 v4 @ 2.30GHz,Intel
i3.4xlarge,us-east-1,use1-az4,3,50.0,50.0,1.0,1.248,0.6603,47,i3,Storage,i,16.0,122.0,23883.6025,Intel(R) Xeon(R) CPU E5-2686 v4 @ 2.30GHz,Intel(R) Xeon(R) CPU E5-2686 v4 @ 2.30GHz,Intel
i3.4xlarge,us-east-1,use1-az5,3,35.0,45.0,1.0,1.248,0.6145,50,i3,Storage,i,16.0,122.0,23883.6025,Intel(R) Xeon(R) CPU E5-2686 v4 @ 2.30GHz,Intel(R) Xeon(R) CPU E5-2686 v4 @ 2.30GHz,Intel
i3.4xlarge,us-east-1,use1-az6,3,50.0,50.0,1.0,1.248,0.6212,50,i3,Storage,i,16.0,122.0,23883.6025,Intel(R) Xeon(R) CPU E5-2686 v4 @ 2.30GHz,Intel(R) Xeon(R) CPU E5-2686 v4 @ 2.30GHz,Intel
i3.8xlarge,us-east-1,use1-az1,3,35.0,50.0,1.0,2.496,1.3182,47,i3,Storage,i,32.0,244.0,23883.6025,Intel(R) Xeon(R) CPU E5-2686 v4 @ 2.30GHz,Intel(R) Xeon(R) CPU E5-2686 v4 @ 2.30GHz,Intel
i3.8xlarge,us-east-1,use1-az2,3,50.0,50.0,1.0,2.496,1.2008,51,i3,Storage,i,32.0,244.0,23883.6025,Intel(R) Xeon(R) CPU E5-2686 v4 @ 2.30GHz,Intel(R) Xeon(R) CPU E5-2686 v4 @ 2.30GHz,Intel
i3.8xlarge,us-east-1,use1-az3,3,50.0,50.0,1.0,2.496,1.0298,58,i3,Storage,i,32.0,244.0,23883.6025,Intel(R) Xeon(R) CPU E5-2686 v4 @ 2.30GHz,Intel(R) Xeon(R) CPU E5-2686 v4 @ 2.30GHz,Intel
i3.8xlarge,us-east-1,use1-az4,3,50.0,50.0,1.0,2.496,1.3325,46,i3,Storage,i,32.0,244.0,23883.6025,Intel(R) Xeon(R) CPU E5-2686 v4 @ 2.30GHz,Intel(R) Xeon(R) CPU E5-2686 v4 @ 2.30GHz,Intel
i3.8xlarge,us-east-1,use1-az5,3,30.0,40.0,1.0,2.496,1.1435,54,i3,Storage,i,32.0,244.0,23883.6025,Intel(R) Xeon(R) CPU E5-2686 v4 @ 2.30GHz,Intel(R) Xeon(R) CPU E5-2686 v4 @ 2.30GHz,Intel
i3.8xlarge,us-east-1,use1-az6,3,50.0,50.0,1.0,2.496,1.2307,50,i3,Storage,i,32.0,244.0,23883.6025,Intel(R) Xeon(R) CPU E5-2686 v4 @ 2.30GHz,Intel(R) Xeon(R) CPU E5-2686 v4 @ 2.30GHz,Intel
i3.large,us-east-1,use1-az1,3,50.0,50.0,1.0,0.156,0.0526,66,i3,Storage,i,2.0,15.0,23883.6025,Intel(R) Xeon(R) CPU E5-2686 v4 @ 2.30GHz,Intel(R) Xeon(R) CPU E5-2686 v4 @ 2.30GHz,Intel
i3.large,us-east-1,use1-az2,3,50.0,50.0,1.0,0.156,0.051,67,i3,Storage,i,2.0,15.0,23883.6025,Intel(R) Xeon(R) CPU E5-2686 v4 @ 2.30GHz,Intel(R) Xeon(R) CPU E5-2686 v4 @ 2.30GHz,Intel
i3.large,us-east-1,use1-az3,3,50.0,50.0,1.0,0.156,0.0543,65,i3,Storage,i,2.0,15.0,23883.6025,Intel(R) Xeon(R) CPU E5-2686 v4 @ 2.30GHz,Intel(R) Xeon(R) CPU E5-2686 v4 @ 2.30GHz,Intel
i3.large,us-east-1,use1-az4,3,50.0,50.0,1.0,0.156,0.0504,67,i3,Storage,i,2.0,15.0,23883.6025,Intel(R) Xeon(R) CPU E5-2686 v4 @ 2.30GHz,Intel(R) Xeon(R) CPU E5-2686 v4 @ 2.30GHz,Intel
i3.large,us-east-1,use1-az5,3,50.0,50.0,1.0,0.156,0.0541,65,i3,Storage,i,2.0,15.0,23883.6025,Intel(R) Xeon(R) CPU E5-2686 v4 @ 2.30GHz,Intel(R) Xeon(R) CPU E5-2686 v4 @ 2.30GHz,Intel
i3.large,us-east-1,use1-az6,3,50.0,50.0,1.0,0.156,0.0527,66,i3,Storage,i,2.0,15.0,23883.6025,Intel(R) Xeon(R) CPU E5-2686 v4 @ 2.30GHz,Intel(R) Xeon(R) CPU E5-2686 v4 @ 2.30GHz,Intel
i3.xlarge,us-east-1,use1-az1,3,50.0,50.0,1.0,0.312,0.1372,56,i3,Storage,i,4.0,30.0,23883.6025,Intel(R) Xeon(R) CPU E5-2686 v4 @ 2.30GHz,Intel(R) Xeon(R) CPU E5-2686 v4 @ 2.30GHz,Intel
i3.xlarge,us-east-1,use1-az2,3,50.0,50.0,1.0,0.312,0.1225,60,i3,Storage,i,4.0,30.0,23883.6025,Intel(R) Xeon(R) CPU E5-2686 v4 @ 2.30GHz,Intel(R) Xeon(R) CPU E5-2686 v4 @ 2.30GHz,Intel
i3.xlarge,us-east-1,use1-az3,3,50.0,50.0,1.0,0.312,0.1334,57,i3,Storage,i,4.0,30.0,23883.6025,Intel(R) Xeon(R) CPU E5-2686 v4 @ 2.30GHz,Intel(R) Xeon(R) CPU E5-2686 v4 @ 2.30GHz,Intel
i3.xlarge,us-east-1,use1-az4,3,50.0,50.0,1.0,0.312,0.1263,59,i3,Storage,i,4.0,30.0,23883.6025,Intel(R) Xeon(R) CPU E5-2686 v4 @ 2.30GHz,Intel(R) Xeon(R) CPU E5-2686 v4 @ 2.30GHz,Intel
i3.xlarge,us-east-1,use1-az5,3,50.0,50.0,1.0,0.312,0.1449,53,i3,Storage,i,4.0,30.0,23883.6025,Intel(R) Xeon(R) CPU E5-2686 v4 @ 2.30GHz,Intel(R) Xeon(R) CPU E5-2686 v4 @ 2.30GHz,Intel
i3.xlarge,us-east-1,use1-az6,3,50.0,50.0,1.0,0.312,0.1244,60,i3,Storage,i,4.0,30.0,23883.6025,Intel(R) Xeon(R) CPU E5-2686 v4 @ 2.30GHz,Intel(R) Xeon(R) CPU E5-2686 v4 @ 2.30GHz,Intel
i3en.12xlarge,us-east-1,use1-az1,3,1.0,10.0,1.0,5.424,2.097,61,i3en,Storage,i,48.0,384.0,23883.6025,Intel(R) Xeon(R) Platinum 8259CL CPU @ 2.50GHz,Intel(R) Xeon(R) Platinum 8259CL CPU @ 2.50GHz,Intel
i3en.12xlarge,us-east-1,use1-az2,3,1.0,1.0,1.0,5.424,2.1823,59,i3en,Storage,i,48.0,384.0,23883.6025,Intel(R) Xeon(R) Platinum 8259CL CPU @ 2.50GHz,Intel(R) Xeon(R) Platinum 8259CL CPU @ 2.50GHz,Intel
i3en.12xlarge,us-east-1,use1-az4,3,1.0,1.0,1.0,5.424,2.3067,57,i3en,Storage,i,48.0,384.0,23883.6025,Intel(R) Xeon(R) Platinum 8259CL CPU @ 2.50GHz,Intel(R) Xeon(R) Platinum 8259CL CPU @ 2.50GHz,Intel
i3en.12xlarge,us-east-1,use1-az5,1,0.0,0.0,1.0,5.424,2.249,58,i3en,Storage,i,48.0,384.0,23883.6025,Intel(R) Xeon(R) Platinum 8259CL CPU @ 2.50GHz,Intel(R) Xeon(R) Platinum 8259CL CPU @ 2.50GHz,Intel
i3en.12xlarge,us-east-1,use1-az6,3,1.0,1.0,1.0,5.424,2.0904,61,i3en,Storage,i,48.0,384.0,23883.6025,Intel(R) Xeon(R) Platinum 8259CL CPU @ 2.50GHz,Intel(R) Xeon(R) Platinum 8259CL CPU @ 2.50GHz,Intel
i3en.24xlarge,us-east-1,use1-az1,3,1.0,10.0,1.0,10.848,4.0032,63,i3en,Storage,i,96.0,768.0,23883.6025,Intel(R) Xeon(R) Platinum 8259CL CPU @ 2.50GHz,Intel(R) Xeon(R) Platinum 8259CL CPU @ 2.50GHz,Intel
i3en.24xlarge,us-east-1,use1-az2,3,1.0,1.0,1.0,10.848,4.1245,61,i3en,Storage,i,96.0,768.0,23883.6025,Intel(R) Xeon(R) Platinum 8259CL CPU @ 2.50GHz,Intel(R) Xeon(R) Platinum 8259CL CPU @ 2.50GHz,Intel
i3en.24xlarge,us-east-1,use1-az4,3,1.0,1.0,1.0,10.848,4.5696,57,i3en,Storage,i,96.0,768.0,23883.6025,Intel(R) Xeon(R) Platinum 8259CL CPU @ 2.50GHz,Intel(R) Xeon(R) Platinum 8259CL CPU @ 2.50GHz,Intel
i3en.24xlarge,us-east-1,use1-az5,1,0.0,0.0,1.0,10.848,5.0175,53,i3en,Storage,i,96.0,768.0,23883.6025,Intel(R) Xeon(R) Platinum 8259CL CPU @ 2.50GHz,Intel(R) Xeon(R) Platinum 8259CL CPU @ 2.50GHz,Intel
i3en.24xlarge,us-east-1,use1-az6,1,0.0,0.0,1.0,10.848,3.872,64,i3en,Storage,i,96.0,768.0,23883.6025,Intel(R) Xeon(R) Platinum 8259CL CPU @ 2.50GHz,Intel(R) Xeon(R) Platinum 8259CL CPU @ 2.50GHz,Intel
i3en.2xlarge,us-east-1,use1-az1,3,50.0,50.0,2.5,0.904,0.4486,50,i3en,Storage,i,8.0,64.0,23883.6025,Intel(R) Xeon(R) Platinum 8259CL CPU @ 2.50GHz,Intel(R) Xeon(R) Platinum 8259CL CPU @ 2.50GHz,Intel
i3en.2xlarge,us-east-1,use1-az2,3,50.0,50.0,2.5,0.904,0.423,53,i3en,Storage,i,8.0,64.0,23883.6025,Intel(R) Xeon(R) Platinum 8259CL CPU @ 2.50GHz,Intel(R) Xeon(R) Platinum 8259CL CPU @ 2.50GHz,Intel
i3en.2xlarge,us-east-1,use1-az4,3,50.0,50.0,2.5,0.904,0.3731,58,i3en,Storage,i,8.0,64.0,23883.6025,Intel(R) Xeon(R) Platinum 8259CL CPU @ 2.50GHz,Intel(R) Xeon(R) Platinum 8259CL CPU @ 2.50GHz,Intel
i3en.2xlarge,us-east-1,use1-az5,3,50.0,50.0,2.5,0.904,0.3581,60,i3en,Storage,i,8.0,64.0,23883.6025,Intel(R) Xeon(R) Platinum 8259CL CPU @ 2.50GHz,Intel(R) Xeon(R) Platinum 8259CL CPU @ 2.50GHz,Intel
i3en.2xlarge,us-east-1,use1-az6,3,50.0,50.0,2.5,0.904,0.3831,57,i3en,Storage,i,8.0,64.0,23883.6025,Intel(R) Xeon(R) Platinum 8259CL CPU @ 2.50GHz,Intel(R) Xeon(R) Platinum 8259CL CPU @ 2.50GHz,Intel
i3en.3xlarge,us-east-1,use1-az1,3,50.0,50.0,3.0,1.356,0.4951,63,i3en,Storage,i,12.0,96.0,23883.6025,Intel(R) Xeon(R) Platinum 8259CL CPU @ 2.50GHz,Intel(R) Xeon(R) Platinum 8259CL CPU @ 2.50GHz,Intel
i3en.3xlarge,us-east-1,use1-az2,3,50.0,50.0,3.0,1.356,0.5334,60,i3en,Storage,i,12.0,96.0,23883.6025,Intel(R) Xeon(R) Platinum 8259CL CPU @ 2.50GHz,Intel(R) Xeon(R) Platinum 8259CL CPU @ 2.50GHz,Intel
i3en.3xlarge,us-east-1,use1-az4,3,50.0,50.0,3.0,1.356,0.546,59,i3en,Storage,i,12.0,96.0,23883.6025,Intel(R) Xeon(R) Platinum 8259CL CPU @ 2.50GHz,Intel(R) Xeon(R) Platinum 8259CL CPU @ 2.50GHz,Intel
i3en.3xlarge,us-east-1,use1-az5,3,50.0,50.0,3.0,1.356,0.5,63,i3en,Storage,i,12.0,96.0,23883.6025,Intel(R) Xeon(R) Platinum 8259CL CPU @ 2.50GHz,Intel(R) Xeon(R) Platinum 8259CL CPU @ 2.50GHz,Intel
i3en.3xlarge,us-east-1,use1-az6,3,30.0,45.0,3.0,1.356,0.5589,58,i3en,Storage,i,12.0,96.0,23883.6025,Intel(R) Xeon(R) Platinum 8259CL CPU @ 2.50GHz,Intel(R) Xeon(R) Platinum 8259CL CPU @ 2.50GHz,Intel
i3en.6xlarge,us-east-1,use1-az1,3,50.0,50.0,2.0,2.712,1.1024,59,i3en,Storage,i,24.0,192.0,23883.6025,Intel(R) Xeon(R) Platinum 8259CL CPU @ 2.50GHz,Intel(R) Xeon(R) Platinum 8259CL CPU @ 2.50GHz,Intel
i3en.6xlarge,us-east-1,use1-az2,3,5.0,5.0,2.0,2.712,1.0706,60,i3en,Storage,i,24.0,192.0,23883.6025,Intel(R) Xeon(R) Platinum 8259CL CPU @ 2.50GHz,Intel(R) Xeon(R) Platinum 8259CL CPU @ 2.50GHz,Intel
i3en.6xlarge,us-east-1,use1-az4,1,0.0,0.0,2.0,2.712,1.0748,60,i3en,Storage,i,24.0,192.0,23883.6025,Intel(R) Xeon(R) Platinum 8259CL CPU @ 2.50GHz,Intel(R) Xeon(R) Platinum 8259CL CPU @ 2.50GHz,Intel
i3en.6xlarge,us-east-1,use1-az5,1,0.0,0.0,2.0,2.712,1.2549,53,i3en,Storage,i,24.0,192.0,23883.6025,Intel(R) Xeon(R) Platinum 8259CL CPU @ 2.50GHz,Intel(R) Xeon(R) Platinum 8259CL CPU @ 2.50GHz,Intel
i3en.6xlarge,us-east-1,use1-az6,3,10.0,15.0,2.0,2.712,1.1069,59,i3en,Storage,i,24.0,192.0,23883.6025,Intel(R) Xeon(R) Platinum 8259CL CPU @ 2.50GHz,Intel(R) Xeon(R) Platinum 8259CL CPU @ 2.50GHz,Intel
i3en.large,us-east-1,use1-az1,3,50.0,50.0,3.0,0.226,0.0809,64,i3en,Storage,i,2.0,16.0,23738.917,Intel(R) Xeon(R) Platinum 8175M CPU @ 2.50GHz,Intel(R) Xeon(R) Platinum 8175M CPU @ 2.50GHz,Intel
i3en.large,us-east-1,use1-az2,3,50.0,50.0,3.0,0.226,0.0763,66,i3en,Storage,i,2.0,16.0,23738.917,Intel(R) Xeon(R) Platinum 8175M CPU @ 2.50GHz,Intel(R) Xeon(R) Platinum 8175M CPU @ 2.50GHz,Intel
i3en.large,us-east-1,use1-az4,3,50.0,50.0,3.0,0.226,0.0898,60,i3en,Storage,i,2.0,16.0,23738.917,Intel(R) Xeon(R) Platinum 8175M CPU @ 2.50GHz,Intel(R) Xeon(R) Platinum 8175M CPU @ 2.50GHz,Intel
i3en.large,us-east-1,use1-az5,3,50.0,50.0,3.0,0.226,0.0767,66,i3en,Storage,i,2.0,16.0,23738.917,Intel(R) Xeon(R) Platinum 8175M CPU @ 2.50GHz,Intel(R) Xeon(R) Platinum 8175M CPU @ 2.50GHz,Intel
i3en.large,us-east-1,use1-az6,3,50.0,50.0,3.0,0.226,0.0792,64,i3en,Storage,i,2.0,16.0,23738.917,Intel(R) Xeon(R) Platinum 8175M CPU @ 2.50GHz,Intel(R) Xeon(R) Platinum 8175M CPU @ 2.50GHz,Intel
i3en.xlarge,us-east-1,use1-az1,3,50.0,50.0,3.0,0.452,0.1654,63,i3en,Storage,i,4.0,32.0,23883.6025,Intel(R) Xeon(R) Platinum 8259CL CPU @ 2.50GHz,Intel(R) Xeon(R) Platinum 8259CL CPU @ 2.50GHz,Intel
i3en.xlarge,us-east-1,use1-az2,3,50.0,50.0,3.0,0.452,0.159,64,i3en,Storage,i,4.0,32.0,23883.6025,Intel(R) Xeon(R) Platinum 8259CL CPU @ 2.50GHz,Intel(R) Xeon(R) Platinum 8259CL CPU @ 2.50GHz,Intel
i3en.xlarge,us-east-1,use1-az4,3,50.0,50.0,3.0,0.452,0.1673,62,i3en,Storage,i,4.0,32.0,23883.6025,Intel(R) Xeon(R) Platinum 8259CL CPU @ 2.50GHz,Intel(R) Xeon(R) Platinum 8259CL CPU @ 2.50GHz,Intel
i3en.xlarge,us-east-1,use1-az5,3,50.0,50.0,3.0,0.452,0.1577,65,i3en,Storage,i,4.0,32.0,23883.6025,Intel(R) Xeon(R) Platinum 8259CL CPU @ 2.50GHz,Intel(R) Xeon(R) Platinum 8259CL CPU @ 2.50GHz,Intel
i3en.xlarge,us-east-1,use1-az6,3,50.0,50.0,3.0,0.452,0.1691,62,i3en,Storage,i,4.0,32.0,23883.6025,Intel(R) Xeon(R) Platinum 8259CL CPU @ 2.50GHz,Intel(R) Xeon(R) Platinum 8259CL CPU @ 2.50GHz,Intel
i4g.16xlarge,us-east-1,use1-az1,1,0.0,0.0,1.0,4.94208,2.0112,59,i4g,Storage,i,64.0,512.0,19336.1335,AWS Graviton2 Processor,AWS Graviton2 Processor,AWS
i4g.16xlarge,us-east-1,use1-az2,1,0.0,0.0,1.0,4.94208,3.2053,35,i4g,Storage,i,64.0,512.0,19336.1335,AWS Graviton2 Processor,AWS Graviton2 Processor,AWS
i4g.16xlarge,us-east-1,use1-az4,3,10.0,20.0,1.0,4.94208,2.7642,44,i4g,Storage,i,64.0,512.0,19336.1335,AWS Graviton2 Processor,AWS Graviton2 Processor,AWS
i4g.16xlarge,us-east-1,use1-az5,3,5.0,5.0,1.0,4.94208,1.6823,65,i4g,Storage,i,64.0,512.0,19336.1335,AWS Graviton2 Processor,AWS Graviton2 Processor,AWS
i4g.16xlarge,us-east-1,use1-az6,3,20.0,30.0,1.0,4.94208,1.9269,61,i4g,Storage,i,64.0,512.0,19336.1335,AWS Graviton2 Processor,AWS Graviton2 Processor,AWS
i4g.2xlarge,us-east-1,use1-az1,3,5.0,5.0,2.0,0.61776,0.2458,60,i4g,Storage,i,8.0,64.0,19336.1335,AWS Graviton2 Processor,AWS Graviton2 Processor,AWS
i4g.2xlarge,us-east-1,use1-az2,3,20.0,30.0,2.0,0.61776,0.2433,60,i4g,Storage,i,8.0,64.0,19336.1335,AWS Graviton2 Processor,AWS Graviton2 Processor,AWS
i4g.2xlarge,us-east-1,use1-az4,3,25.0,35.0,2.0,0.61776,0.2299,62,i4g,Storage,i,8.0,64.0,19336.1335,AWS Graviton2 Processor,AWS Graviton2 Processor,AWS
i4g.2xlarge,us-east-1,use1-az5,3,10.0,20.0,2.0,0.61776,0.2278,63,i4g,Storage,i,8.0,64.0,19336.1335,AWS Graviton2 Processor,AWS Graviton2 Processor,AWS
i4g.2xlarge,us-east-1,use1-az6,3,30.0,50.0,2.0,0.61776,0.2457,60,i4g,Storage,i,8.0,64.0,19336.1335,AWS Graviton2 Processor,AWS Graviton2 Processor,AWS
i4g.4xlarge,us-east-1,use1-az1,1,0.0,0.0,1.0,1.23552,0.6016,51,i4g,Storage,i,16.0,128.0,19336.1335,AWS Graviton2 Processor,AWS Graviton2 Processor,AWS
i4g.4xlarge,us-east-1,use1-az2,3,10.0,15.0,1.0,1.23552,0.4945,59,i4g,Storage,i,16.0,128.0,19336.1335,AWS Graviton2 Processor,AWS Graviton2 Processor,AWS
i4g.4xlarge,us-east-1,use1-az4,3,10.0,15.0,1.0,1.23552,0.5859,52,i4g,Storage,i,16.0,128.0,19336.1335,AWS Graviton2 Processor,AWS Graviton2 Processor,AWS
i4g.4xlarge,us-east-1,use1-az5,3,10.0,15.0,1.0,1.23552,0.5971,51,i4g,Storage,i,16.0,128.0,19336.1335,AWS Graviton2 Processor,AWS Graviton2 Processor,AWS
i4g.4xlarge,us-east-1,use1-az6,3,10.0,25.0,1.0,1.23552,0.5358,56,i4g,Storage,i,16.0,128.0,19336.1335,AWS Graviton2 Processor,AWS Graviton2 Processor,AWS
i4g.8xlarge,us-east-1,use1-az1,2,0.0,1.0,1.0,2.47104,1.0667,56,i4g,Storage,i,32.0,256.0,19336.1335,AWS Graviton2 Processor,AWS Graviton2 Processor,AWS
i4g.8xlarge,us-east-1,use1-az2,1,0.0,0.0,1.0,2.47104,1.187,51,i4g,Storage,i,32.0,256.0,19336.1335,AWS Graviton2 Processor,AWS Graviton2 Processor,AWS
i4g.8xlarge,us-east-1,use1-az4,3,1.0,1.0,1.0,2.47104,1.4571,41,i4g,Storage,i,32.0,256.0,19336.1335,AWS Graviton2 Processor,AWS Graviton2 Processor,AWS
i4g.8xlarge,us-east-1,use1-az5,3,1.0,1.0,1.0,2.47104,1.1398,53,i4g,Storage,i,32.0,256.0,19336.1335,AWS Graviton2 Processor,AWS Graviton2 Processor,AWS
i4g.8xlarge,us-east-1,use1-az6,3,5.0,5.0,1.0,2.47104,1.2415,49,i4g,Storage,i,32.0,256.0,19336.1335,AWS Graviton2 Processor,AWS Graviton2 Processor,AWS
i4g.large,us-east-1,use1-az1,3,5.0,10.0,3.0,0.15444,0.0561,63,i4g,Storage,i,2.0,16.0,19336.1335,AWS Graviton2 Processor,AWS Graviton2 Processor,AWS
i4g.large,us-east-1,use1-az2,1,0.0,0.0,3.0,0.15444,0.0562,63,i4g,Storage,i,2.0,16.0,19336.1335,AWS Graviton2 Processor,AWS Graviton2 Processor,AWS
i4g.large,us-east-1,use1-az4,3,15.0,20.0,3.0,0.15444,0.0559,63,i4g,Storage,i,2.0,16.0,19336.1335,AWS Graviton2 Processor,AWS Graviton2 Processor,AWS
i4g.large,us-east-1,use1-az5,3,15.0,25.0,3.0,0.15444,0.0531,65,i4g,Storage,i,2.0,16.0,19336.1335,AWS Graviton2 Processor,AWS Graviton2 Processor,AWS
i4g.large,us-east-1,use1-az6,3,20.0,30.0,3.0,0.15444,0.0555,64,i4g,Storage,i,2.0,16.0,19336.1335,AWS Graviton2 Processor,AWS Graviton2 Processor,AWS
i4g.xlarge,us-east-1,use1-az1,3,1.0,5.0,1.0,0.30888,0.1247,59,i4g,Storage,i,4.0,32.0,19336.1335,AWS Graviton2 Processor,AWS Graviton2 Processor,AWS
i4g.xlarge,us-east-1,use1-az2,3,1.0,1.0,1.0,0.30888,0.1431,53,i4g,Storage,i,4.0,32.0,19336.1335,AWS Graviton2 Processor,AWS Graviton2 Processor,AWS
i4g.xlarge,us-east-1,use1-az4,3,5.0,5.0,1.0,0.30888,0.1416,54,i4g,Storage,i,4.0,32.0,19336.1335,AWS Graviton2 Processor,AWS Graviton2 Processor,AWS
i4g.xlarge,us-east-1,use1-az5,3,5.0,5.0,1.0,0.30888,0.1268,58,i4g,Storage,i,4.0,32.0,19336.1335,AWS Graviton2 Processor,AWS Graviton2 Processor,AWS
i4g.xlarge,us-east-1,use1-az6,3,5.0,15.0,1.0,0.30888,0.1392,54,i4g,Storage,i,4.0,32.0,19336.1335,AWS Graviton2 Processor,AWS Graviton2 Processor,AWS
i4i.12xlarge,us-east-1,use1-az1,2,0.0,1.0,1.0,4.118,1.4121,65,i4i,Storage,i,48.0,384.0,28985.5594,Intel(R) Xeon(R) Platinum 8375C CPU @ 2.90GHz,Intel(R) Xeon(R) Platinum 8375C CPU @ 2.90GHz,AWS
i4i.12xlarge,us-east-1,use1-az2,1,0.0,0.0,1.0,4.118,2.7569,33,i4i,Storage,i,48.0,384.0,28985.5594,Intel(R) Xeon(R) Platinum 8375C CPU @ 2.90GHz,Intel(R) Xeon(R) Platinum 8375C CPU @ 2.90GHz,AWS
i4i.12xlarge,us-east-1,use1-az4,1,0.0,0.0,1.0,4.118,1.4842,63,i4i,Storage,i,48.0,384.0,28985.5594,Intel(R) Xeon(R) Platinum 8375C CPU @ 2.90GHz,Intel(R) Xeon(R) Platinum 8375C CPU @ 2.90GHz,AWS
i4i.12xlarge,us-east-1,use1-az5,1,0.0,0.0,1.0,4.118,1.5875,61,i4i,Storage,i,48.0,384.0,28985.5594,Intel(R) Xeon(R) Platinum 8375C CPU @ 2.90GHz,Intel(R) Xeon(R) Platinum 8375C CPU @ 2.90GHz,AWS
i4i.12xlarge,us-east-1,use1-az6,1,0.0,0.0,1.0,4.118,1.6292,60,i4i,Storage,i,48.0,384.0,28985.5594,Intel(R) Xeon(R) Platinum 8375C CPU @ 2.90GHz,Intel(R) Xeon(R) Platinum 8375C CPU @ 2.90GHz,AWS
i4i.16xlarge,us-east-1,use1-az1,3,15.0,20.0,3.0,5.491,3.0389,44,i4i,Storage,i,64.0,512.0,28985.5594,Intel(R) Xeon(R) Platinum 8375C CPU @ 2.90GHz,Intel(R) Xeon(R) Platinum 8375C CPU @ 2.90GHz,Intel
i4i.16xlarge,us-east-1,use1-az2,3,10.0,20.0,3.0,5.491,2.7908,49,i4i,Storage,i,64.0,512.0,28985.5594,Intel(R) Xeon(R) Platinum 8375C CPU @ 2.90GHz,Intel(R) Xeon(R) Platinum 8375C CPU @ 2.90GHz,Intel
i4i.16xlarge,us-east-1,use1-az4,3,10.0,15.0,3.0,5.491,3.6063,34,i4i,Storage,i,64.0,512.0,28985.5594,Intel(R) Xeon(R) Platinum 8375C CPU @ 2.90GHz,Intel(R) Xeon(R) Platinum 8375C CPU @ 2.90GHz,Intel
i4i.16xlarge,us-east-1,use1-az5,1,0.0,0.0,3.0,5.491,1.9094,65,i4i,Storage,i,64.0,512.0,28985.5594,Intel(R) Xeon(R) Platinum 8375C CPU @ 2.90GHz,Intel(R) Xeon(R) Platinum 8375C CPU @ 2.90GHz,Intel
i4i.16xlarge,us-east-1,use1-az6,1,0.0,0.0,3.0,5.491,2.2791,58,i4i,Storage,i,64.0,512.0,28985.5594,Intel(R) Xeon(R) Platinum 8375C CPU @ 2.90GHz,Intel(R) Xeon(R) Platinum 8375C CPU @ 2.90GHz,Intel
i4i.24xlarge,us-east-1,use1-az1,1,0.0,0.0,1.0,8.2368,2.9185,64,i4i,Storage,i,96.0,768.0,28985.5594,Intel(R) Xeon(R) Platinum 8375C CPU @ 2.90GHz,Intel(R) Xeon(R) Platinum 8375C CPU @ 2.90GHz,Intel
i4i.24xlarge,us-east-1,use1-az2,1,0.0,0.0,1.0,8.2368,2.9459,64,i4i,Storage,i,96.0,768.0,28985.5594,Intel(R) Xeon(R) Platinum 8375C CPU @ 2.90GHz,Intel(R) Xeon(R) Platinum 8375C CPU @ 2.90GHz,Intel
i4i.24xlarge,us-east-1,use1-az4,1,0.0,0.0,1.0,8.2368,2.6656,67,i4i,Storage,i,96.0,768.0,28985.5594,Intel(R) Xeon(R) Platinum 8375C CPU @ 2.90GHz,Intel(R) Xeon(R) Platinum 8375C CPU @ 2.90GHz,Intel
i4i.24xlarge,us-east-1,use1-az5,1,0.0,0.0,1.0,8.2368,2.6414,67,i4i,Storage,i,96.0,768.0,28985.5594,Intel(R) Xeon(R) Platinum 8375C CPU @ 2.90GHz,Intel(R) Xeon(R) Platinum 8375C CPU @ 2.90GHz,Intel
i4i.24xlarge,us-east-1,use1-az6,1,0.0,0.0,1.0,8.2368,2.8643,65,i4i,Storage,i,96.0,768.0,28985.5594,Intel(R) Xeon(R) Platinum 8375C CPU @ 2.90GHz,Intel(R) Xeon(R) Platinum 8375C CPU @ 2.90GHz,Intel
i4i.2xlarge,us-east-1,use1-az1,3,15.0,25.0,1.5,0.686,0.3241,52,i4i,Storage,i,8.0,64.0,28985.5594,Intel(R) Xeon(R) Platinum 8375C CPU @ 2.90GHz,Intel(R) Xeon(R) Platinum 8375C CPU @ 2.90GHz,Intel
i4i.2xlarge,us-east-1,use1-az2,3,50.0,50.0,1.5,0.686,0.3043,55,i4i,Storage,i,8.0,64.0,28985.5594,Intel(R) Xeon(R) Platinum 8375C CPU @ 2.90GHz,Intel(R) Xeon(R) Platinum 8375C CPU @ 2.90GHz,Intel
i4i.2xlarge,us-east-1,use1-az4,3,50.0,50.0,1.5,0.686,0.2861,58,i4i,Storage,i,8.0,64.0,28985.5594,Intel(R) Xeon(R) Platinum 8375C CPU @ 2.90GHz,Intel(R) Xeon(R) Platinum 8375C CPU @ 2.90GHz,Intel
i4i.2xlarge,us-east-1,use1-az5,1,0.0,0.0,1.5,0.686,0.3774,44,i4i,Storage,i,8.0,64.0,28985.5594,Intel(R) Xeon(R) Platinum 8375C CPU @ 2.90GHz,Intel(R) Xeon(R) Platinum 8375C CPU @ 2.90GHz,Intel
i4i.2xlarge,us-east-1,use1-az6,3,50.0,50.0,1.5,0.686,0.2954,56,i4i,Storage,i,8.0,64.0,28985.5594,Intel(R) Xeon(R) Platinum 8375C CPU @ 2.90GHz,Intel(R) Xeon(R) Platinum 8375C CPU @ 2.90GHz,Intel
i4i.32xlarge,us-east-1,use1-az1,1,0.0,0.0,1.0,10.9824,3.344,69,i4i,Storage,i,128.0,1024.0,28985.5594,Intel(R) Xeon(R) Platinum 8375C CPU @ 2.90GHz,Intel(R) Xeon(R) Platinum 8375C CPU @ 2.90GHz,Intel
i4i.32xlarge,us-east-1,use1-az2,1,0.0,0.0,1.0,10.9824,3.8467,64,i4i,Storage,i,128.0,1024.0,28985.5594,Intel(R) Xeon(R) Platinum 8375C CPU @ 2.90GHz,Intel(R) Xeon(R) Platinum 8375C CPU @ 2.90GHz,Intel
i4i.32xlarge,us-east-1,use1-az4,1,0.0,0.0,1.0,10.9824,3.7991,65,i4i,Storage,i,128.0,1024.0,28985.5594,Intel(R) Xeon(R) Platinum 8375C CPU @ 2.90GHz,Intel(R) Xeon(R) Platinum 8375C CPU @ 2.90GHz,Intel
i4i.32xlarge,us-east-1,use1-az5,1,0.0,0.0,1.0,10.9824,3.5705,67,i4i,Storage,i,128.0,1024.0,28985.5594,Intel(R) Xeon(R) Platinum 8375C CPU @ 2.90GHz,Intel(R) Xeon(R) Platinum 8375C CPU @ 2.90GHz,Intel
i4i.32xlarge,us-east-1,use1-az6,1,0.0,0.0,1.0,10.9824,5.04,54,i4i,Storage,i,128.0,1024.0,28985.5594,Intel(R) Xeon(R) Platinum 8375C CPU @ 2.90GHz,Intel(R) Xeon(R) Platinum 8375C CPU @ 2.90GHz,Intel
i4i.4xlarge,us-east-1,use1-az1,3,1.0,5.0,1.0,1.373,0.6683,51,i4i,Storage,i,16.0,128.0,28985.5594,Intel(R) Xeon(R) Platinum 8375C CPU @ 2.90GHz,Intel(R) Xeon(R) Platinum 8375C CPU @ 2.90GHz,Intel
i4i.4xlarge,us-east-1,use1-az2,3,1.0,1.0,1.0,1.373,0.8271,39,i4i,Storage,i,16.0,128.0,28985.5594,Intel(R) Xeon(R) Platinum 8375C CPU @ 2.90GHz,Intel(R) Xeon(R) Platinum 8375C CPU @ 2.90GHz,Intel
i4i.4xlarge,us-east-1,use1-az4,2,0.0,1.0,1.0,1.373,0.7581,44,i4i,Storage,i,16.0,128.0,28985.5594,Intel(R) Xeon(R) Platinum 8375C CPU @ 2.90GHz,Intel(R) Xeon(R) Platinum 8375C CPU @ 2.90GHz,Intel
i4i.4xlarge,us-east-1,use1-az5,1,0.0,0.0,1.0,1.373,0.7202,47,i4i,Storage,i,16.0,128.0,28985.5594,Intel(R) Xeon(R) Platinum 8375C CPU @ 2.90GHz,Intel(R) Xeon(R) Platinum 8375C CPU @ 2.90GHz,Intel
i4i.4xlarge,us-east-1,use1-az6,3,5.0,10.0,1.0,1.373,0.7098,48,i4i,Storage,i,16.0,128.0,28985.5594,Intel(R) Xeon(R) Platinum 8375C CPU @ 2.90GHz,Intel(R) Xeon(R) Platinum 8375C CPU @ 2.90GHz,Intel
i4i.8xlarge,us-east-1,use1-az1,3,1.0,1.0,1.0,2.746,1.2013,56,i4i,Storage,i,32.0,256.0,28985.5594,Intel(R) Xeon(R) Platinum 8375C CPU @ 2.90GHz,Intel(R) Xeon(R) Platinum 8375C CPU @ 2.90GHz,Intel
i4i.8xlarge,us-east-1,use1-az2,3,5.0,10.0,1.0,2.746,1.6084,41,i4i,Storage,i,32.0,256.0,28985.5594,Intel(R) Xeon(R) Platinum 8375C CPU @ 2.90GHz,Intel(R) Xeon(R) Platinum 8375C CPU @ 2.90GHz,Intel
i4i.8xlarge,us-east-1,use1-az4,3,1.0,1.0,1.0,2.746,2.3255,15,i4i,Storage,i,32.0,256.0,28985.5594,Intel(R) Xeon(R) Platinum 8375C CPU @ 2.90GHz,Intel(R) Xeon(R) Platinum 8375C CPU @ 2.90GHz,Intel
i4i.8xlarge,us-east-1,use1-az5,1,0.0,0.0,1.0,2.746,1.1453,58,i4i,Storage,i,32.0,256.0,28985.5594,Intel(R) Xeon(R) Platinum 8375C CPU @ 2.90GHz,Intel(R) Xeon(R) Platinum 8375C CPU @ 2.90GHz,Intel
i4i.8xlarge,us-east-1,use1-az6,3,1.0,1.0,1.0,2.746,1.4598,46,i4i,Storage,i,32.0,256.0,28985.5594,Intel(R) Xeon(R) Platinum 8375C CPU @ 2.90GHz,Intel(R) Xeon(R) Platinum 8375C CPU @ 2.90GHz,Intel
i4i.large,us-east-1,use1-az1,3,50.0,50.0,3.0,0.172,0.0582,66,i4i,Storage,i,2.0,16.0,28985.5594,Intel(R) Xeon(R) Platinum 8375C CPU @ 2.90GHz,Intel(R) Xeon(R) Platinum 8375C CPU @ 2.90GHz,Intel
i4i.large,us-east-1,use1-az2,3,50.0,50.0,3.0,0.172,0.0585,65,i4i,Storage,i,2.0,16.0,28985.5594,Intel(R) Xeon(R) Platinum 8375C CPU @ 2.90GHz,Intel(R) Xeon(R) Platinum 8375C CPU @ 2.90GHz,Intel
i4i.large,us-east-1,use1-az4,3,50.0,50.0,3.0,0.172,0.0585,65,i4i,Storage,i,2.0,16.0,28985.5594,Intel(R) Xeon(R) Platinum 8375C CPU @ 2.90GHz,Intel(R) Xeon(R) Platinum 8375C CPU @ 2.90GHz,Intel
i4i.large,us-east-1,use1-az5,3,50.0,50.0,3.0,0.172,0.0579,66,i4i,Storage,i,2.0,16.0,28985.5594,Intel(R) Xeon(R) Platinum 8375C CPU @ 2.90GHz,Intel(R) Xeon(R) Platinum 8375C CPU @ 2.90GHz,Intel
i4i.large,us-east-1,use1-az6,3,50.0,50.0,3.0,0.172,0.0617,64,i4i,Storage,i,2.0,16.0,28985.5594,Intel(R) Xeon(R) Platinum 8375C CPU @ 2.90GHz,Intel(R) Xeon(R) Platinum 8375C CPU @ 2.90GHz,Intel
i4i.xlarge,us-east-1,use1-az1,3,50.0,50.0,3.0,0.343,0.1429,58,i4i,Storage,i,4.0,32.0,28985.5594,Intel(R) Xeon(R) Platinum 8375C CPU @ 2.90GHz,Intel(R) Xeon(R) Platinum 8375C CPU @ 2.90GHz,Intel
i4i.xlarge,us-east-1,use1-az2,3,50.0,50.0,3.0,0.343,0.1227,64,i4i,Storage,i,4.0,32.0,28985.5594,Intel(R) Xeon(R) Platinum 8375C CPU @ 2.90GHz,Intel(R) Xeon(R) Platinum 8375C CPU @ 2.90GHz,Intel
i4i.xlarge,us-east-1,use1-az4,3,50.0,50.0,3.0,0.343,0.1329,61,i4i,Storage,i,4.0,32.0,28985.5594,Intel(R) Xeon(R) Platinum 8375C CPU @ 2.90GHz,Intel(R) Xeon(R) Platinum 8375C CPU @ 2.90GHz,Intel
i4i.xlarge,us-east-1,use1-az5,3,50.0,50.0,3.0,0.343,0.1552,54,i4i,Storage,i,4.0,32.0,28985.5594,Intel(R) Xeon(R) Platinum 8375C CPU @ 2.90GHz,Intel(R) Xeon(R) Platinum 8375C CPU @ 2.90GHz,Intel
i4i.xlarge,us-east-1,use1-az6,3,50.0,50.0,3.0,0.343,0.1308,61,i4i,Storage,i,4.0,32.0,28985.5594,Intel(R) Xeon(R) Platinum 8375C CPU @ 2.90GHz,Intel(R) Xeon(R) Platinum 8375C CPU @ 2.90GHz,Intel
i7i.12xlarge,us-east-1,use1-az1,3,1.0,1.0,2.5,4.5302,2.0874,53,i7i,Storage,i,48.0,384.0,33478.460852200005,,,Intel
i7i.12xlarge,us-east-1,use1-az2,3,20.0,30.0,2.5,4.5302,2.1365,52,i7i,Storage,i,48.0,384.0,33478.460852200005,,,Intel
i7i.12xlarge,us-east-1,use1-az4,3,1.0,1.0,2.5,4.5302,1.8373,59,i7i,Storage,i,48.0,384.0,33478.460852200005,,,Intel
i7i.12xlarge,us-east-1,use1-az5,1,0.0,0.0,2.5,4.5302,1.842,59,i7i,Storage,i,48.0,384.0,33478.460852200005,,,Intel
i7i.12xlarge,us-east-1,use1-az6,3,1.0,1.0,2.5,4.5302,1.7624,61,i7i,Storage,i,48.0,384.0,33478.460852200005,,,Intel
i7i.16xlarge,us-east-1,use1-az1,3,1.0,1.0,2.5,6.0403,2.5996,56,i7i,Storage,i,64.0,512.0,33760.77288,,,Intel
i7i.16xlarge,us-east-1,use1-az2,3,5.0,10.0,2.5,6.0403,2.8366,53,i7i,Storage,i,64.0,512.0,33760.77288,,,Intel
i7i.16xlarge,us-east-1,use1-az4,3,1.0,1.0,2.5,6.0403,2.5351,58,i7i,Storage,i,64.0,512.0,33760.77288,,,Intel
i7i.16xlarge,us-east-1,use1-az5,3,1.0,1.0,2.5,6.0403,2.7212,54,i7i,Storage,i,64.0,512.0,33760.77288,,,Intel
i7i.16xlarge,us-east-1,use1-az6,3,1.0,1.0,2.5,6.0403,2.532,58,i7i,Storage,i,64.0,512.0,33760.77288,,,Intel
i7i.24xlarge,us-east-1,use1-az1,1,0.0,0.0,2.5,9.0605,3.8988,56,i7i,Storage,i,96.0,768.0,33576.66044,,,Intel
i7i.24xlarge,us-east-1,use1-az2,3,5.0,,2.5,9.0605,3.6386,59,i7i,Storage,i,96.0,768.0,33576.66044,,,Intel
i7i.24xlarge,us-east-1,use1-az4,2,0.0,1.0,2.5,9.0605,3.3618,62,i7i,Storage,i,96.0,768.0,33576.66044,,,Intel
i7i.24xlarge,us-east-1,use1-az5,3,1.0,1.0,2.5,9.0605,3.8239,57,i7i,Storage,i,96.0,768.0,33576.66044,,,Intel
i7i.24xlarge,us-east-1,use1-az6,3,1.0,1.0,2.5,9.0605,3.3558,62,i7i,Storage,i,96.0,768.0,33576.66044,,,Intel
i7i.2xlarge,us-east-1,use1-az1,3,45.0,,3.0,0.755,0.2762,63,i7i,Storage,i,8.0,64.0,33355.649534200005,,,Intel
i7i.2xlarge,us-east-1,use1-az2,3,50.0,50.0,3.0,0.755,0.3064,59,i7i,Storage,i,8.0,64.0,33355.649534200005,,,Intel
i7i.2xlarge,us-east-1,use1-az4,3,50.0,50.0,3.0,0.755,0.2743,63,i7i,Storage,i,8.0,64.0,33355.649534200005,,,Intel
i7i.2xlarge,us-east-1,use1-az5,3,15.0,25.0,3.0,0.755,0.2773,63,i7i,Storage,i,8.0,64.0,33355.649534200005,,,Intel
i7i.2xlarge,us-east-1,use1-az6,3,,,3.0,0.755,0.2826,62,i7i,Storage,i,8.0,64.0,33355.649534200005,,,Intel
i7i.48xlarge,us-east-1,use1-az1,3,1.0,1.0,3.0,18.121,9.2493,48,i7i,Storage,i,192.0,1536.0,33582.743330000005,,,Intel
i7i.48xlarge,us-east-1,use1-az2,3,5.0,5.0,3.0,18.121,12.3669,31,i7i,Storage,i,192.0,1536.0,33582.743330000005,,,Intel
i7i.48xlarge,us-east-1,use1-az4,3,1.0,5.0,3.0,18.121,8.5084,53,i7i,Storage,i,192.0,1536.0,33582.743330000005,,,Intel
i7i.48xlarge,us-east-1,use1-az5,1,0.0,0.0,3.0,18.121,7.955,56,i7i,Storage,i,192.0,1536.0,33582.743330000005,,,Intel
i7i.48xlarge,us-east-1,use1-az6,3,1.0,5.0,3.0,18.121,7.8341,56,i7i,Storage,i,192.0,1536.0,33582.743330000005,,,Intel
i7i.4xlarge,us-east-1,use1-az1,3,5.0,5.0,2.5,1.5101,0.7072,53,i7i,Storage,i,16.0,128.0,33344.49283,,,Intel
i7i.4xlarge,us-east-1,use1-az2,3,25.0,,2.5,1.5101,0.7191,52,i7i,Storage,i,16.0,128.0,33344.49283,,,Intel
i7i.4xlarge,us-east-1,use1-az4,3,15.0,20.0,2.5,1.5101,0.6937,54,i7i,Storage,i,16.0,128.0,33344.49283,,,Intel
i7i.4xlarge,us-east-1,use1-az5,3,5.0,10.0,2.5,1.5101,0.6916,54,i7i,Storage,i,16.0,128.0,33344.49283,,,Intel
i7i.4xlarge,us-east-1,use1-az6,3,20.0,30.0,2.5,1.5101,0.5997,60,i7i,Storage,i,16.0,128.0,33344.49283,,,Intel
i7i.8xlarge,us-east-1,use1-az1,3,1.0,5.0,2.5,3.0202,1.3855,54,i7i,Storage,i,32.0,256.0,33495.68447,,,Intel
i7i.8xlarge,us-east-1,use1-az2,3,30.0,40.0,2.5,3.0202,1.5112,49,i7i,Storage,i,32.0,256.0,33495.68447,,,Intel
i7i.8xlarge,us-east-1,use1-az4,3,5.0,10.0,2.5,3.0202,1.3873,54,i7i,Storage,i,32.0,256.0,33495.68447,,,Intel
i7i.8xlarge,us-east-1,use1-az5,3,1.0,1.0,2.5,3.0202,1.424,52,i7i,Storage,i,32.0,256.0,33495.68447,,,Intel
i7i.8xlarge,us-east-1,use1-az6,3,5.0,5.0,2.5,3.0202,1.1774,61,i7i,Storage,i,32.0,256.0,33495.68447,,,Intel
i7i.large,us-east-1,use1-az1,3,,,2.5,0.1888,0.0701,62,i7i,Storage,i,2.0,16.0,33140.98479,,,Intel
i7i.large,us-east-1,use1-az2,3,,,2.5,0.1888,0.0731,61,i7i,Storage,i,2.0,16.0,33140.98479,,,Intel
i7i.large,us-east-1,use1-az4,3,,,2.5,0.1888,0.0711,62,i7i,Storage,i,2.0,16.0,33140.98479,,,Intel
i7i.large,us-east-1,use1-az5,3,,,2.5,0.1888,0.0622,67,i7i,Storage,i,2.0,16.0,33140.98479,,,Intel
i7i.large,us-east-1,use1-az6,3,,,2.5,0.1888,0.0748,60,i7i,Storage,i,2.0,16.0,33140.98479,,,Intel
i7i.metal-24xl,us-east-1,use1-az1,3,50.0,50.0,3.0,9.0605,2.4039,73,i7i,Storage,i,96.0,768.0,34483.24634,,,Intel
i7i.metal-24xl,us-east-1,use1-az2,3,5.0,10.0,3.0,9.0605,2.6268,71,i7i,Storage,i,96.0,768.0,34483.24634,,,Intel
i7i.metal-24xl,us-east-1,use1-az4,3,50.0,50.0,3.0,9.0605,2.7172,70,i7i,Storage,i,96.0,768.0,34483.24634,,,Intel
i7i.metal-24xl,us-east-1,use1-az5,1,0.0,0.0,3.0,9.0605,2.4635,72,i7i,Storage,i,96.0,768.0,34483.24634,,,Intel
i7i.metal-24xl,us-east-1,use1-az6,3,30.0,40.0,3.0,9.0605,2.4595,72,i7i,Storage,i,96.0,768.0,34483.24634,,,Intel
i7i.metal-48xl,us-east-1,use1-az1,3,10.0,15.0,3.0,18.121,5.6548,68,i7i,Storage,i,192.0,1536.0,34471.1149,,,Intel
i7i.metal-48xl,us-east-1,use1-az2,3,10.0,15.0,3.0,18.121,5.8529,67,i7i,Storage,i,192.0,1536.0,34471.1149,,,Intel
i7i.metal-48xl,us-east-1,use1-az4,3,15.0,20.0,3.0,18.121,5.3325,70,i7i,Storage,i,192.0,1536.0,34471.1149,,,Intel
i7i.metal-48xl,us-east-1,use1-az5,1,0.0,0.0,3.0,18.121,5.1972,71,i7i,Storage,i,192.0,1536.0,34471.1149,,,Intel
i7i.metal-48xl,us-east-1,use1-az6,3,5.0,10.0,3.0,18.121,5.2058,71,i7i,Storage,i,192.0,1536.0,34471.1149,,,Intel
i7i.xlarge,us-east-1,use1-az1,3,,,3.0,0.3775,0.1355,64,i7i,Storage,i,4.0,32.0,31967.62784,,,Intel
i7i.xlarge,us-east-1,use1-az2,3,,,3.0,0.3775,0.1342,64,i7i,Storage,i,4.0,32.0,31967.62784,,,Intel
i7i.xlarge,us-east-1,use1-az4,3,,,3.0,0.3775,0.1394,63,i7i,Storage,i,4.0,32.0,31967.62784,,,Intel
i7i.xlarge,us-east-1,use1-az5,3,,,3.0,0.3775,0.1309,65,i7i,Storage,i,4.0,32.0,31967.62784,,,Intel
i7i.xlarge,us-east-1,use1-az6,3,,,3.0,0.3775,0.1344,64,i7i,Storage,i,4.0,32.0,31967.62784,,,Intel
i7ie.12xlarge,us-east-1,use1-az1,3,1.0,1.0,2.5,6.2376,2.6567,57,i7ie,Storage,i,48.0,384.0,33642.43291,Intel Xeon Platinum 8559C,Intel Xeon Platinum 8559C,Intel
i7ie.12xlarge,us-east-1,use1-az2,1,0.0,0.0,2.5,6.2376,2.2482,63,i7ie,Storage,i,48.0,384.0,33642.43291,Intel Xeon Platinum 8559C,Intel Xeon Platinum 8559C,Intel
i7ie.12xlarge,us-east-1,use1-az4,1,0.0,0.0,2.5,6.2376,3.7879,39,i7ie,Storage,i,48.0,384.0,33642.43291,Intel Xeon Platinum 8559C,Intel Xeon Platinum 8559C,Intel
i7ie.12xlarge,us-east-1,use1-az5,1,0.0,0.0,2.5,6.2376,6.2376,0,i7ie,Storage,i,48.0,384.0,33642.43291,Intel Xeon Platinum 8559C,Intel Xeon Platinum 8559C,Intel
i7ie.12xlarge,us-east-1,use1-az6,3,1.0,1.0,2.5,6.2376,3.2419,48,i7ie,Storage,i,48.0,384.0,33642.43291,Intel Xeon Platinum 8559C,Intel Xeon Platinum 8559C,Intel
i7ie.18xlarge,us-east-1,use1-az1,3,1.0,1.0,2.0,9.3564,3.454,63,i7ie,Storage,i,72.0,576.0,33717.5204,Intel Xeon Platinum 8559C,Intel Xeon Platinum 8559C,Intel
i7ie.18xlarge,us-east-1,use1-az2,1,0.0,0.0,2.0,9.3564,3.5512,62,i7ie,Storage,i,72.0,576.0,33717.5204,Intel Xeon Platinum 8559C,Intel Xeon Platinum 8559C,Intel
i7ie.18xlarge,us-east-1,use1-az4,1,0.0,0.0,2.0,9.3564,3.4846,62,i7ie,Storage,i,72.0,576.0,33717.5204,Intel Xeon Platinum 8559C,Intel Xeon Platinum 8559C,Intel
i7ie.18xlarge,us-east-1,use1-az5,1,0.0,0.0,2.0,9.3564,3.1518,66,i7ie,Storage,i,72.0,576.0,33717.5204,Intel Xeon Platinum 8559C,Intel Xeon Platinum 8559C,Intel
i7ie.18xlarge,us-east-1,use1-az6,3,20.0,30.0,2.0,9.3564,3.0273,67,i7ie,Storage,i,72.0,576.0,33717.5204,Intel Xeon Platinum 8559C,Intel Xeon Platinum 8559C,Intel
i7ie.24xlarge,us-east-1,use1-az1,3,1.0,1.0,2.5,12.4752,5.6011,55,i7ie,Storage,i,96.0,768.0,33594.30248,Intel Xeon Platinum 8559C,Intel Xeon Platinum 8559C,Intel
i7ie.24xlarge,us-east-1,use1-az2,1,0.0,0.0,2.5,12.4752,4.1776,66,i7ie,Storage,i,96.0,768.0,33594.30248,Intel Xeon Platinum 8559C,Intel Xeon Platinum 8559C,Intel
i7ie.24xlarge,us-east-1,use1-az4,1,0.0,0.0,2.5,12.4752,4.5133,63,i7ie,Storage,i,96.0,768.0,33594.30248,Intel Xeon Platinum 8559C,Intel Xeon Platinum 8559C,Intel
i7ie.24xlarge,us-east-1,use1-az5,1,0.0,0.0,2.5,12.4752,12.4752,0,i7ie,Storage,i,96.0,768.0,33594.30248,Intel Xeon Platinum 8559C,Intel Xeon Platinum 8559C,Intel
i7ie.24xlarge,us-east-1,use1-az6,3,5.0,10.0,2.5,12.4752,5.1004,59,i7ie,Storage,i,96.0,768.0,33594.30248,Intel Xeon Platinum 8559C,Intel Xeon Platinum 8559C,Intel
i7ie.2xlarge,us-east-1,use1-az1,3,5.0,10.0,3.0,1.0396,0.4849,53,i7ie,Storage,i,8.0,64.0,33475.81081,Intel Xeon Platinum 8559C,Intel Xeon Platinum 8559C,Intel
i7ie.2xlarge,us-east-1,use1-az2,3,20.0,30.0,3.0,1.0396,0.4018,61,i7ie,Storage,i,8.0,64.0,33475.81081,Intel Xeon Platinum 8559C,Intel Xeon Platinum 8559C,Intel
i7ie.2xlarge,us-east-1,use1-az4,1,0.0,0.0,3.0,1.0396,0.5379,48,i7ie,Storage,i,8.0,64.0,33475.81081,Intel Xeon Platinum 8559C,Intel Xeon Platinum 8559C,Intel
i7ie.2xlarge,us-east-1,use1-az5,1,0.0,0.0,3.0,1.0396,1.0396,0,i7ie,Storage,i,8.0,64.0,33475.81081,Intel Xeon Platinum 8559C,Intel Xeon Platinum 8559C,Intel
i7ie.2xlarge,us-east-1,use1-az6,3,50.0,50.0,3.0,1.0396,0.3755,63,i7ie,Storage,i,8.0,64.0,33475.81081,Intel Xeon Platinum 8559C,Intel Xeon Platinum 8559C,Intel
i7ie.3xlarge,us-east-1,use1-az1,3,5.0,10.0,3.0,1.5594,0.6407,58,i7ie,Storage,i,12.0,96.0,33605.76912,Intel Xeon Platinum 8559C,Intel Xeon Platinum 8559C,Intel
i7ie.3xlarge,us-east-1,use1-az2,1,0.0,0.0,3.0,1.5594,0.6361,59,i7ie,Storage,i,12.0,96.0,33605.76912,Intel Xeon Platinum 8559C,Intel Xeon Platinum 8559C,Intel
i7ie.3xlarge,us-east-1,use1-az4,1,0.0,0.0,3.0,1.5594,0.5807,62,i7ie,Storage,i,12.0,96.0,33605.76912,Intel Xeon Platinum 8559C,Intel Xeon Platinum 8559C,Intel
i7ie.3xlarge,us-east-1,use1-az5,1,0.0,0.0,3.0,1.5594,0.5167,66,i7ie,Storage,i,12.0,96.0,33605.76912,Intel Xeon Platinum 8559C,Intel Xeon Platinum 8559C,Intel
i7ie.3xlarge,us-east-1,use1-az6,3,15.0,25.0,3.0,1.5594,0.65,58,i7ie,Storage,i,12.0,96.0,33605.76912,Intel Xeon Platinum 8559C,Intel Xeon Platinum 8559C,Intel
i7ie.48xlarge,us-east-1,use1-az1,3,1.0,5.0,2.5,24.9504,12.082,51,i7ie,Storage,i,192.0,1536.0,33587.98549,Intel Xeon Platinum 8559C,Intel Xeon Platinum 8559C,Intel
i7ie.48xlarge,us-east-1,use1-az2,1,0.0,0.0,2.5,24.9504,9.5114,61,i7ie,Storage,i,192.0,1536.0,33587.98549,Intel Xeon Platinum 8559C,Intel Xeon Platinum 8559C,Intel
i7ie.48xlarge,us-east-1,use1-az4,1,0.0,0.0,2.5,24.9504,9.5851,61,i7ie,Storage,i,192.0,1536.0,33587.98549,Intel Xeon Platinum 8559C,Intel Xeon Platinum 8559C,Intel
i7ie.48xlarge,us-east-1,use1-az5,1,0.0,0.0,2.5,24.9504,24.9504,0,i7ie,Storage,i,192.0,1536.0,33587.98549,Intel Xeon Platinum 8559C,Intel Xeon Platinum 8559C,Intel
i7ie.48xlarge,us-east-1,use1-az6,3,1.0,1.0,2.5,24.9504,13.3649,46,i7ie,Storage,i,192.0,1536.0,33587.98549,Intel Xeon Platinum 8559C,Intel Xeon Platinum 8559C,Intel
i7ie.6xlarge,us-east-1,use1-az1,3,20.0,30.0,3.0,3.1188,1.7281,44,i7ie,Storage,i,24.0,192.0,33610.766535799994,Intel Xeon Platinum 8559C,Intel Xeon Platinum 8559C,Intel
i7ie.6xlarge,us-east-1,use1-az2,1,0.0,0.0,3.0,3.1188,1.2525,59,i7ie,Storage,i,24.0,192.0,33610.766535799994,Intel Xeon Platinum 8559C,Intel Xeon Platinum 8559C,Intel
i7ie.6xlarge,us-east-1,use1-az4,1,0.0,0.0,3.0,3.1188,1.0899,65,i7ie,Storage,i,24.0,192.0,33610.766535799994,Intel Xeon Platinum 8559C,Intel Xeon Platinum 8559C,Intel
i7ie.6xlarge,us-east-1,use1-az5,1,0.0,0.0,3.0,3.1188,2.8881,7,i7ie,Storage,i,24.0,192.0,33610.766535799994,Intel Xeon Platinum 8559C,Intel Xeon Platinum 8559C,Intel
i7ie.6xlarge,us-east-1,use1-az6,3,5.0,5.0,3.0,3.1188,1.2233,60,i7ie,Storage,i,24.0,192.0,33610.766535799994,Intel Xeon Platinum 8559C,Intel Xeon Platinum 8559C,Intel
i7ie.large,us-east-1,use1-az1,3,45.0,50.0,3.0,0.2599,0.0919,64,i7ie,Storage,i,2.0,16.0,33437.67795,Intel Xeon Platinum 8559C,Intel Xeon Platinum 8559C,Intel
i7ie.large,us-east-1,use1-az2,1,0.0,0.0,3.0,0.2599,0.088,66,i7ie,Storage,i,2.0,16.0,33437.67795,Intel Xeon Platinum 8559C,Intel Xeon Platinum 8559C,Intel
i7ie.large,us-east-1,use1-az4,3,10.0,15.0,3.0,0.2599,0.1006,61,i7ie,Storage,i,2.0,16.0,33437.67795,Intel Xeon Platinum 8559C,Intel Xeon Platinum 8559C,Intel
i7ie.large,us-east-1,use1-az5,1,0.0,0.0,3.0,0.2599,0.2599,0,i7ie,Storage,i,2.0,16.0,33437.67795,Intel Xeon Platinum 8559C,Intel Xeon Platinum 8559C,Intel
i7ie.large,us-east-1,use1-az6,3,50.0,50.0,3.0,0.2599,0.0934,64,i7ie,Storage,i,2.0,16.0,33437.67795,Intel Xeon Platinum 8559C,Intel Xeon Platinum 8559C,Intel
i7ie.metal-24xl,us-east-1,use1-az1,3,1.0,1.0,1.5,12.4752,3.7393,70,i7ie,Storage,i,96.0,768.0,34477.30511,,,Intel
i7ie.metal-24xl,us-east-1,use1-az2,1,0.0,0.0,1.5,12.4752,6.1164,50,i7ie,Storage,i,96.0,768.0,34477.30511,,,Intel
i7ie.metal-24xl,us-east-1,use1-az4,1,0.0,0.0,1.5,12.4752,6.8716,44,i7ie,Storage,i,96.0,768.0,34477.30511,,,Intel
i7ie.metal-24xl,us-east-1,use1-az6,3,1.0,1.0,1.5,12.4752,4.6522,62,i7ie,Storage,i,96.0,768.0,34477.30511,,,Intel
i7ie.metal-48xl,us-east-1,use1-az1,3,1.0,1.0,2.5,24.9504,7.9616,68,i7ie,Storage,i,192.0,1536.0,34474.20638,,,Intel
i7ie.metal-48xl,us-east-1,use1-az2,1,0.0,0.0,2.5,24.9504,6.177,75,i7ie,Storage,i,192.0,1536.0,34474.20638,,,Intel
i7ie.metal-48xl,us-east-1,use1-az4,1,0.0,0.0,2.5,24.9504,12.3669,50,i7ie,Storage,i,192.0,1536.0,34474.20638,,,Intel
i7ie.metal-48xl,us-east-1,use1-az6,3,5.0,10.0,2.5,24.9504,7.1343,71,i7ie,Storage,i,192.0,1536.0,34474.20638,,,Intel
i7ie.xlarge,us-east-1,use1-az1,3,10.0,10.0,3.0,0.5198,0.2225,57,i7ie,Storage,i,4.0,32.0,34025.691704000004,Intel Xeon Platinum 8559C,Intel Xeon Platinum 8559C,Intel
i7ie.xlarge,us-east-1,use1-az2,1,0.0,0.0,3.0,0.5198,0.2274,56,i7ie,Storage,i,4.0,32.0,34025.691704000004,Intel Xeon Platinum 8559C,Intel Xeon Platinum 8559C,Intel
i7ie.xlarge,us-east-1,use1-az4,1,0.0,0.0,3.0,0.5198,0.2189,57,i7ie,Storage,i,4.0,32.0,34025.691704000004,Intel Xeon Platinum 8559C,Intel Xeon Platinum 8559C,Intel
i7ie.xlarge,us-east-1,use1-az5,1,0.0,0.0,3.0,0.5198,0.5198,0,i7ie,Storage,i,4.0,32.0,34025.691704000004,Intel Xeon Platinum 8559C,Intel Xeon Platinum 8559C,Intel
i7ie.xlarge,us-east-1,use1-az6,3,30.0,50.0,3.0,0.5198,0.2278,56,i7ie,Storage,i,4.0,32.0,34025.691704000004,Intel Xeon Platinum 8559C,Intel Xeon Platinum 8559C,Intel
i8g.12xlarge,us-east-1,use1-az2,3,15.0,20.0,3.0,4.1184,2.7717,32,i8g,Storage,i,48.0,384.0,28972.26062,AWS Graviton4 Processor,AWS Graviton4 Processor,AWS
i8g.12xlarge,us-east-1,use1-az4,2,0.0,1.0,3.0,4.1184,3.1785,22,i8g,Storage,i,48.0,384.0,28972.26062,AWS Graviton4 Processor,AWS Graviton4 Processor,AWS
i8g.12xlarge,us-east-1,use1-az6,3,25.0,35.0,3.0,4.1184,2.6065,36,i8g,Storage,i,48.0,384.0,28972.26062,AWS Graviton4 Processor,AWS Graviton4 Processor,AWS
i8g.16xlarge,us-east-1,use1-az2,1,0.0,0.0,2.5,5.4912,1.9727,64,i8g,Storage,i,64.0,512.0,28982.98773,AWS Graviton4 Processor,AWS Graviton4 Processor,AWS
i8g.16xlarge,us-east-1,use1-az4,3,1.0,1.0,2.5,5.4912,3.778,31,i8g,Storage,i,64.0,512.0,28982.98773,AWS Graviton4 Processor,AWS Graviton4 Processor,AWS
i8g.16xlarge,us-east-1,use1-az6,3,10.0,15.0,2.5,5.4912,1.9033,65,i8g,Storage,i,64.0,512.0,28982.98773,AWS Graviton4 Processor,AWS Graviton4 Processor,AWS
i8g.24xlarge,us-east-1,use1-az2,3,10.0,15.0,3.0,8.2368,5.6971,30,i8g,Storage,i,96.0,768.0,28986.01158,AWS Graviton4 Processor,AWS Graviton4 Processor,AWS
i8g.24xlarge,us-east-1,use1-az4,3,1.0,5.0,3.0,8.2368,5.7445,30,i8g,Storage,i,96.0,768.0,28986.01158,AWS Graviton4 Processor,AWS Graviton4 Processor,AWS
i8g.24xlarge,us-east-1,use1-az6,3,10.0,20.0,3.0,8.2368,2.7822,66,i8g,Storage,i,96.0,768.0,28986.01158,AWS Graviton4 Processor,AWS Graviton4 Processor,AWS
i8g.2xlarge,us-east-1,use1-az2,3,1.0,1.0,1.0,0.6864,0.2292,66,i8g,Storage,i,8.0,64.0,28982.48326,AWS Graviton4 Processor,AWS Graviton4 Processor,AWS
i8g.2xlarge,us-east-1,use1-az4,1,0.0,0.0,1.0,0.6864,0.2431,64,i8g,Storage,i,8.0,64.0,28982.48326,AWS Graviton4 Processor,AWS Graviton4 Processor,AWS
i8g.2xlarge,us-east-1,use1-az6,3,1.0,1.0,1.0,0.6864,0.2496,63,i8g,Storage,i,8.0,64.0,28982.48326,AWS Graviton4 Processor,AWS Graviton4 Processor,AWS
i8g.48xlarge,us-east-1,use1-az2,1,0.0,0.0,2.0,16.4736,7.6274,53,i8g,Storage,i,192.0,1536.0,27930.154380600005,,,AWS
i8g.48xlarge,us-east-1,use1-az4,1,0.0,0.0,2.0,16.4736,8.087,50,i8g,Storage,i,192.0,1536.0,27930.154380600005,,,AWS
i8g.48xlarge,us-east-1,use1-az6,2,0.0,1.0,2.0,16.4736,11.6725,29,i8g,Storage,i,192.0,1536.0,27930.154380600005,,,AWS
i8g.4xlarge,us-east-1,use1-az2,3,1.0,1.0,1.0,1.3728,0.5899,57,i8g,Storage,i,16.0,128.0,28980.46923,AWS Graviton4 Processor,AWS Graviton4 Processor,AWS
i8g.4xlarge,us-east-1,use1-az4,1,0.0,0.0,1.0,1.3728,0.6064,55,i8g,Storage,i,16.0,128.0,28980.46923,AWS Graviton4 Processor,AWS Graviton4 Processor,AWS
i8g.4xlarge,us-east-1,use1-az6,3,5.0,10.0,1.0,1.3728,0.4792,65,i8g,Storage,i,16.0,128.0,28980.46923,AWS Graviton4 Processor,AWS Graviton4 Processor,AWS
i8g.8xlarge,us-east-1,use1-az2,1,0.0,0.0,1.0,2.7456,0.9676,64,i8g,Storage,i,32.0,256.0,28983.15535,AWS Graviton4 Processor,AWS Graviton4 Processor,AWS
i8g.8xlarge,us-east-1,use1-az4,1,0.0,0.0,1.0,2.7456,1.1456,58,i8g,Storage,i,32.0,256.0,28983.15535,AWS Graviton4 Processor,AWS Graviton4 Processor,AWS
i8g.8xlarge,us-east-1,use1-az6,3,1.0,1.0,1.0,2.7456,0.9801,64,i8g,Storage,i,32.0,256.0,28983.15535,AWS Graviton4 Processor,AWS Graviton4 Processor,AWS
i8g.large,us-east-1,use1-az2,3,1.0,1.0,3.0,0.1716,0.1202,29,i8g,Storage,i,2.0,16.0,28980.13208,AWS Graviton4 Processor,AWS Graviton4 Processor,AWS
i8g.large,us-east-1,use1-az4,3,5.0,5.0,3.0,0.1716,0.0643,62,i8g,Storage,i,2.0,16.0,28980.13208,AWS Graviton4 Processor,AWS Graviton4 Processor,AWS
i8g.large,us-east-1,use1-az6,3,10.0,20.0,3.0,0.1716,0.0631,63,i8g,Storage,i,2.0,16.0,28980.13208,AWS Graviton4 Processor,AWS Graviton4 Processor,AWS
i8g.metal-24xl,us-east-1,use1-az2,1,0.0,0.0,1.0,8.2368,8.2368,0,i8g,Storage,i,96.0,768.0,29036.17469,,,AWS
i8g.metal-24xl,us-east-1,use1-az4,1,0.0,0.0,1.0,8.2368,8.2368,0,i8g,Storage,i,96.0,768.0,29036.17469,,,AWS
i8g.metal-24xl,us-east-1,use1-az6,1,0.0,0.0,1.0,8.2368,6.2364,24,i8g,Storage,i,96.0,768.0,29036.17469,,,AWS
i8g.xlarge,us-east-1,use1-az2,2,0.0,1.0,3.0,0.3432,0.2188,36,i8g,Storage,i,4.0,32.0,28888.66295,AWS Graviton4 Processor,AWS Graviton4 Processor,AWS
i8g.xlarge,us-east-1,use1-az4,3,1.0,5.0,3.0,0.3432,0.1438,58,i8g,Storage,i,4.0,32.0,28888.66295,AWS Graviton4 Processor,AWS Graviton4 Processor,AWS
i8g.xlarge,us-east-1,use1-az6,3,5.0,10.0,3.0,0.3432,0.1485,56,i8g,Storage,i,4.0,32.0,28888.66295,AWS Graviton4 Processor,AWS Graviton4 Processor,AWS
im4gn.16xlarge,us-east-1,use1-az1,1,0.0,0.0,2.5,5.82067,1.8826,67,im4gn,Storage,im,64.0,256.0,19336.1335,AWS Graviton2 Processor,Neoverse-N1,AWS
im4gn.16xlarge,us-east-1,use1-az2,1,0.0,0.0,2.5,5.82067,2.0054,65,im4gn,Storage,im,64.0,256.0,19336.1335,AWS Graviton2 Processor,Neoverse-N1,AWS
im4gn.16xlarge,us-east-1,use1-az4,1,0.0,0.0,2.5,5.82067,1.7227,70,im4gn,Storage,im,64.0,256.0,19336.1335,AWS Graviton2 Processor,Neoverse-N1,AWS
im4gn.16xlarge,us-east-1,use1-az6,1,0.0,0.0,2.5,5.82067,1.831,68,im4gn,Storage,im,64.0,256.0,19336.1335,AWS Graviton2 Processor,Neoverse-N1,AWS
im4gn.2xlarge,us-east-1,use1-az1,1,0.0,0.0,2.5,0.72758,0.2278,68,im4gn,Storage,im,8.0,32.0,19336.1335,AWS Graviton2 Processor,Neoverse-N1,AWS
im4gn.2xlarge,us-east-1,use1-az2,2,0.0,1.0,2.5,0.72758,0.2353,67,im4gn,Storage,im,8.0,32.0,19336.1335,AWS Graviton2 Processor,Neoverse-N1,AWS
im4gn.2xlarge,us-east-1,use1-az4,1,0.0,0.0,2.5,0.72758,0.232,68,im4gn,Storage,im,8.0,32.0,19336.1335,AWS Graviton2 Processor,Neoverse-N1,AWS
im4gn.2xlarge,us-east-1,use1-az6,3,20.0,30.0,2.5,0.72758,0.2075,71,im4gn,Storage,im,8.0,32.0,19336.1335,AWS Graviton2 Processor,Neoverse-N1,AWS
im4gn.4xlarge,us-east-1,use1-az1,1,0.0,0.0,2.5,1.45517,0.495,65,im4gn,Storage,im,16.0,64.0,19336.1335,AWS Graviton2 Processor,Neoverse-N1,AWS
im4gn.4xlarge,us-east-1,use1-az2,1,0.0,0.0,2.5,1.45517,0.4457,69,im4gn,Storage,im,16.0,64.0,19336.1335,AWS Graviton2 Processor,Neoverse-N1,AWS
im4gn.4xlarge,us-east-1,use1-az4,1,0.0,0.0,2.5,1.45517,0.5352,63,im4gn,Storage,im,16.0,64.0,19336.1335,AWS Graviton2 Processor,Neoverse-N1,AWS
im4gn.4xlarge,us-east-1,use1-az6,1,0.0,0.0,2.5,1.45517,0.4868,66,im4gn,Storage,im,16.0,64.0,19336.1335,AWS Graviton2 Processor,Neoverse-N1,AWS
im4gn.8xlarge,us-east-1,use1-az1,3,5.0,10.0,3.0,2.91034,0.9869,66,im4gn,Storage,im,32.0,128.0,19336.1335,AWS Graviton2 Processor,Neoverse-N1,AWS
im4gn.8xlarge,us-east-1,use1-az2,1,0.0,0.0,3.0,2.91034,0.97,66,im4gn,Storage,im,32.0,128.0,19336.1335,AWS Graviton2 Processor,Neoverse-N1,AWS
im4gn.8xlarge,us-east-1,use1-az4,1,0.0,0.0,3.0,2.91034,0.9235,68,im4gn,Storage,im,32.0,128.0,19336.1335,AWS Graviton2 Processor,Neoverse-N1,AWS
im4gn.8xlarge,us-east-1,use1-az6,1,0.0,0.0,3.0,2.91034,0.9341,67,im4gn,Storage,im,32.0,128.0,19336.1335,AWS Graviton2 Processor,Neoverse-N1,AWS
im4gn.large,us-east-1,use1-az1,3,35.0,50.0,3.0,0.1819,0.0706,61,im4gn,Storage,im,2.0,8.0,19336.1335,AWS Graviton2 Processor,Neoverse-N1,AWS
im4gn.large,us-east-1,use1-az2,3,20.0,30.0,3.0,0.1819,0.0634,65,im4gn,Storage,im,2.0,8.0,19336.1335,AWS Graviton2 Processor,Neoverse-N1,AWS
im4gn.large,us-east-1,use1-az4,3,50.0,50.0,3.0,0.1819,0.0639,64,im4gn,Storage,im,2.0,8.0,19336.1335,AWS Graviton2 Processor,Neoverse-N1,AWS
im4gn.large,us-east-1,use1-az6,3,35.0,50.0,3.0,0.1819,0.0687,62,im4gn,Storage,im,2.0,8.0,19336.1335,AWS Graviton2 Processor,Neoverse-N1,AWS
im4gn.xlarge,us-east-1,use1-az1,3,20.0,35.0,2.5,0.36379,0.1306,64,im4gn,Storage,im,4.0,16.0,19336.1335,AWS Graviton2 Processor,Neoverse-N1,AWS
im4gn.xlarge,us-east-1,use1-az2,3,20.0,30.0,2.5,0.36379,0.1371,62,im4gn,Storage,im,4.0,16.0,19336.1335,AWS Graviton2 Processor,Neoverse-N1,AWS
im4gn.xlarge,us-east-1,use1-az4,3,40.0,50.0,2.5,0.36379,0.1404,61,im4gn,Storage,im,4.0,16.0,19336.1335,AWS Graviton2 Processor,Neoverse-N1,AWS
im4gn.xlarge,us-east-1,use1-az6,3,30.0,45.0,2.5,0.36379,0.1283,64,im4gn,Storage,im,4.0,16.0,19336.1335,AWS Graviton2 Processor,Neoverse-N1,AWS
inf1.24xlarge,us-east-1,use1-az1,1,0.0,0.0,1.0,4.721,4.346,7,inf1,AC,inf,96.0,192.0,28252.2637,Intel(R) Xeon(R) Platinum 8275CL CPU @ 3.00GHz,Intel(R) Xeon(R) Platinum 8275CL CPU @ 3.00GHz,Intel
inf1.24xlarge,us-east-1,use1-az2,1,0.0,0.0,1.0,4.721,4.6653,1,inf1,AC,inf,96.0,192.0,28252.2637,Intel(R) Xeon(R) Platinum 8275CL CPU @ 3.00GHz,Intel(R) Xeon(R) Platinum 8275CL CPU @ 3.00GHz,Intel
inf1.24xlarge,us-east-1,use1-az4,3,5.0,5.0,1.0,4.721,1.5331,67,inf1,AC,inf,96.0,192.0,28252.2637,Intel(R) Xeon(R) Platinum 8275CL CPU @ 3.00GHz,Intel(R) Xeon(R) Platinum 8275CL CPU @ 3.00GHz,Intel
inf1.24xlarge,us-east-1,use1-az5,3,1.0,1.0,1.0,4.721,3.8234,19,inf1,AC,inf,96.0,192.0,28252.2637,Intel(R) Xeon(R) Platinum 8275CL CPU @ 3.00GHz,Intel(R) Xeon(R) Platinum 8275CL CPU @ 3.00GHz,Intel
inf1.24xlarge,us-east-1,use1-az6,3,5.0,5.0,1.0,4.721,1.4576,69,inf1,AC,inf,96.0,192.0,28252.2637,Intel(R) Xeon(R) Platinum 8275CL CPU @ 3.00GHz,Intel(R) Xeon(R) Platinum 8275CL CPU @ 3.00GHz,Intel
inf1.2xlarge,us-east-1,use1-az1,3,25.0,40.0,1.0,0.362,0.1213,66,inf1,AC,inf,8.0,16.0,28252.2637,Intel(R) Xeon(R) Platinum 8275CL CPU @ 3.00GHz,Intel(R) Xeon(R) Platinum 8275CL CPU @ 3.00GHz,Intel
inf1.2xlarge,us-east-1,use1-az2,3,5.0,10.0,1.0,0.362,0.1273,64,inf1,AC,inf,8.0,16.0,28252.2637,Intel(R) Xeon(R) Platinum 8275CL CPU @ 3.00GHz,Intel(R) Xeon(R) Platinum 8275CL CPU @ 3.00GHz,Intel
inf1.2xlarge,us-east-1,use1-az4,3,25.0,40.0,1.0,0.362,0.1233,65,inf1,AC,inf,8.0,16.0,28252.2637,Intel(R) Xeon(R) Platinum 8275CL CPU @ 3.00GHz,Intel(R) Xeon(R) Platinum 8275CL CPU @ 3.00GHz,Intel
inf1.2xlarge,us-east-1,use1-az5,3,35.0,50.0,1.0,0.362,0.1273,64,inf1,AC,inf,8.0,16.0,28252.2637,Intel(R) Xeon(R) Platinum 8275CL CPU @ 3.00GHz,Intel(R) Xeon(R) Platinum 8275CL CPU @ 3.00GHz,Intel
inf1.2xlarge,us-east-1,use1-az6,3,45.0,50.0,1.0,0.362,0.1267,65,inf1,AC,inf,8.0,16.0,28252.2637,Intel(R) Xeon(R) Platinum 8275CL CPU @ 3.00GHz,Intel(R) Xeon(R) Platinum 8275CL CPU @ 3.00GHz,Intel
inf1.6xlarge,us-east-1,use1-az1,3,1.0,5.0,1.0,1.18,0.9813,16,inf1,AC,inf,24.0,48.0,28252.2637,Intel(R) Xeon(R) Platinum 8275CL CPU @ 3.00GHz,Intel(R) Xeon(R) Platinum 8275CL CPU @ 3.00GHz,Intel
inf1.6xlarge,us-east-1,use1-az2,1,0.0,0.0,1.0,1.18,0.9363,20,inf1,AC,inf,24.0,48.0,28252.2637,Intel(R) Xeon(R) Platinum 8275CL CPU @ 3.00GHz,Intel(R) Xeon(R) Platinum 8275CL CPU @ 3.00GHz,Intel
inf1.6xlarge,us-east-1,use1-az4,3,10.0,15.0,1.0,1.18,0.3849,67,inf1,AC,inf,24.0,48.0,28252.2637,Intel(R) Xeon(R) Platinum 8275CL CPU @ 3.00GHz,Intel(R) Xeon(R) Platinum 8275CL CPU @ 3.00GHz,Intel
inf1.6xlarge,us-east-1,use1-az5,3,1.0,1.0,1.0,1.18,0.3943,66,inf1,AC,inf,24.0,48.0,28252.2637,Intel(R) Xeon(R) Platinum 8275CL CPU @ 3.00GHz,Intel(R) Xeon(R) Platinum 8275CL CPU @ 3.00GHz,Intel
inf1.6xlarge,us-east-1,use1-az6,3,20.0,30.0,1.0,1.18,0.4395,62,inf1,AC,inf,24.0,48.0,28252.2637,Intel(R) Xeon(R) Platinum 8275CL CPU @ 3.00GHz,Intel(R) Xeon(R) Platinum 8275CL CPU @ 3.00GHz,Intel
inf1.xlarge,us-east-1,use1-az1,3,50.0,50.0,1.0,0.228,0.0745,67,inf1,AC,inf,4.0,8.0,28252.2637,Intel(R) Xeon(R) Platinum 8275CL CPU @ 3.00GHz,Intel(R) Xeon(R) Platinum 8275CL CPU @ 3.00GHz,Intel
inf1.xlarge,us-east-1,use1-az2,3,45.0,50.0,1.0,0.228,0.0784,65,inf1,AC,inf,4.0,8.0,28252.2637,Intel(R) Xeon(R) Platinum 8275CL CPU @ 3.00GHz,Intel(R) Xeon(R) Platinum 8275CL CPU @ 3.00GHz,Intel
inf1.xlarge,us-east-1,use1-az4,3,50.0,50.0,1.0,0.228,0.0762,66,inf1,AC,inf,4.0,8.0,28252.2637,Intel(R) Xeon(R) Platinum 8275CL CPU @ 3.00GHz,Intel(R) Xeon(R) Platinum 8275CL CPU @ 3.00GHz,Intel
inf1.xlarge,us-east-1,use1-az5,3,50.0,50.0,1.0,0.228,0.0764,66,inf1,AC,inf,4.0,8.0,28252.2637,Intel(R) Xeon(R) Platinum 8275CL CPU @ 3.00GHz,Intel(R) Xeon(R) Platinum 8275CL CPU @ 3.00GHz,Intel
inf1.xlarge,us-east-1,use1-az6,3,50.0,50.0,1.0,0.228,0.0805,64,inf1,AC,inf,4.0,8.0,28252.2637,Intel(R) Xeon(R) Platinum 8275CL CPU @ 3.00GHz,Intel(R) Xeon(R) Platinum 8275CL CPU @ 3.00GHz,Intel
inf2.24xlarge,us-east-1,use1-az2,3,1.0,1.0,3.0,6.49063,2.2183,65,inf2,AC,inf,96.0,384.0,33539.1601,AMD EPYC 7R13 Processor,AMD EPYC 7R13,AuthenticAMD
inf2.24xlarge,us-east-1,use1-az4,3,15.0,20.0,3.0,6.49063,1.9693,69,inf2,AC,inf,96.0,384.0,33539.1601,AMD EPYC 7R13 Processor,AMD EPYC 7R13,AuthenticAMD
inf2.24xlarge,us-east-1,use1-az5,3,1.0,1.0,3.0,6.49063,2.1432,66,inf2,AC,inf,96.0,384.0,33539.1601,AMD EPYC 7R13 Processor,AMD EPYC 7R13,AuthenticAMD
inf2.24xlarge,us-east-1,use1-az6,3,40.0,50.0,3.0,6.49063,1.9382,70,inf2,AC,inf,96.0,384.0,33539.1601,AMD EPYC 7R13 Processor,AMD EPYC 7R13,AuthenticAMD
inf2.48xlarge,us-east-1,use1-az2,1,0.0,0.0,2.5,12.98127,3.742,71,inf2,AC,inf,192.0,768.0,33539.1601,AMD EPYC 7R13 Processor,AMD EPYC 7R13,AuthenticAMD
inf2.48xlarge,us-east-1,use1-az4,3,10.0,15.0,2.5,12.98127,3.7267,71,inf2,AC,inf,192.0,768.0,33539.1601,AMD EPYC 7R13 Processor,AMD EPYC 7R13,AuthenticAMD
inf2.48xlarge,us-east-1,use1-az5,3,10.0,15.0,2.5,12.98127,3.939,69,inf2,AC,inf,192.0,768.0,33539.1601,AMD EPYC 7R13 Processor,AMD EPYC 7R13,AuthenticAMD
inf2.48xlarge,us-east-1,use1-az6,3,50.0,50.0,2.5,12.98127,3.4963,73,inf2,AC,inf,192.0,768.0,33539.1601,AMD EPYC 7R13 Processor,AMD EPYC 7R13,AuthenticAMD
inf2.8xlarge,us-east-1,use1-az2,3,1.0,5.0,3.0,1.96786,0.7155,63,inf2,AC,inf,32.0,128.0,33539.1601,AMD EPYC 7R13 Processor,AMD EPYC 7R13,AuthenticAMD
inf2.8xlarge,us-east-1,use1-az4,3,1.0,5.0,3.0,1.96786,0.6966,64,inf2,AC,inf,32.0,128.0,33539.1601,AMD EPYC 7R13 Processor,AMD EPYC 7R13,AuthenticAMD
inf2.8xlarge,us-east-1,use1-az5,3,1.0,5.0,3.0,1.96786,0.685,65,inf2,AC,inf,32.0,128.0,33539.1601,AMD EPYC 7R13 Processor,AMD EPYC 7R13,AuthenticAMD
inf2.8xlarge,us-east-1,use1-az6,3,10.0,15.0,3.0,1.96786,0.6887,65,inf2,AC,inf,32.0,128.0,33539.1601,AMD EPYC 7R13 Processor,AMD EPYC 7R13,AuthenticAMD
inf2.xlarge,us-east-1,use1-az2,3,50.0,50.0,2.5,0.7582,0.2484,67,inf2,AC,inf,4.0,16.0,33539.1601,AMD EPYC 7R13 Processor,AMD EPYC 7R13,AuthenticAMD
inf2.xlarge,us-east-1,use1-az4,3,50.0,50.0,2.5,0.7582,0.2544,66,inf2,AC,inf,4.0,16.0,33539.1601,AMD EPYC 7R13 Processor,AMD EPYC 7R13,AuthenticAMD
inf2.xlarge,us-east-1,use1-az5,3,50.0,50.0,2.5,0.7582,0.2522,66,inf2,AC,inf,4.0,16.0,33539.1601,AMD EPYC 7R13 Processor,AMD EPYC 7R13,AuthenticAMD
inf2.xlarge,us-east-1,use1-az6,3,50.0,50.0,2.5,0.7582,0.2621,65,inf2,AC,inf,4.0,16.0,33539.1601,AMD EPYC 7R13 Processor,AMD EPYC 7R13,AuthenticAMD
is4gen.2xlarge,us-east-1,use1-az1,3,1.0,1.0,3.0,1.1526,0.5142,55,is4gen,Storage,is,8.0,48.0,19336.1335,AWS Graviton2 Processor,Neoverse-N1,AWS
is4gen.2xlarge,us-east-1,use1-az2,3,50.0,50.0,3.0,1.1526,0.3871,66,is4gen,Storage,is,8.0,48.0,19336.1335,AWS Graviton2 Processor,Neoverse-N1,AWS
is4gen.2xlarge,us-east-1,use1-az4,3,50.0,50.0,3.0,1.1526,0.3606,68,is4gen,Storage,is,8.0,48.0,19336.1335,AWS Graviton2 Processor,Neoverse-N1,AWS
is4gen.2xlarge,us-east-1,use1-az6,3,50.0,50.0,3.0,1.1526,0.3638,68,is4gen,Storage,is,8.0,48.0,19336.1335,AWS Graviton2 Processor,Neoverse-N1,AWS
is4gen.4xlarge,us-east-1,use1-az1,1,0.0,0.0,1.5,2.3052,0.9859,57,is4gen,Storage,is,16.0,96.0,19336.1335,AWS Graviton2 Processor,Neoverse-N1,AWS
is4gen.4xlarge,us-east-1,use1-az2,1,0.0,0.0,1.5,2.3052,0.8599,62,is4gen,Storage,is,16.0,96.0,19336.1335,AWS Graviton2 Processor,Neoverse-N1,AWS
is4gen.4xlarge,us-east-1,use1-az4,3,1.0,1.0,1.5,2.3052,1.1549,49,is4gen,Storage,is,16.0,96.0,19336.1335,AWS Graviton2 Processor,Neoverse-N1,AWS
is4gen.4xlarge,us-east-1,use1-az6,2,0.0,1.0,1.5,2.3052,0.919,60,is4gen,Storage,is,16.0,96.0,19336.1335,AWS Graviton2 Processor,Neoverse-N1,AWS
is4gen.8xlarge,us-east-1,use1-az1,1,0.0,0.0,2.5,4.6104,1.6316,64,is4gen,Storage,is,32.0,192.0,19336.1335,AWS Graviton2 Processor,Neoverse-N1,AWS
is4gen.8xlarge,us-east-1,use1-az2,1,0.0,0.0,2.5,4.6104,1.6836,63,is4gen,Storage,is,32.0,192.0,19336.1335,AWS Graviton2 Processor,Neoverse-N1,AWS
is4gen.8xlarge,us-east-1,use1-az4,3,30.0,45.0,2.5,4.6104,1.4146,69,is4gen,Storage,is,32.0,192.0,19336.1335,AWS Graviton2 Processor,Neoverse-N1,AWS
is4gen.8xlarge,us-east-1,use1-az6,1,0.0,0.0,2.5,4.6104,1.5187,67,is4gen,Storage,is,32.0,192.0,19336.1335,AWS Graviton2 Processor,Neoverse-N1,AWS
is4gen.large,us-east-1,use1-az1,3,5.0,10.0,1.0,0.28815,0.13,54,is4gen,Storage,is,2.0,12.0,19336.1335,AWS Graviton2 Processor,Neoverse-N1,AWS
is4gen.large,us-east-1,use1-az2,3,1.0,1.0,1.0,0.28815,0.2333,19,is4gen,Storage,is,2.0,12.0,19336.1335,AWS Graviton2 Processor,Neoverse-N1,AWS
is4gen.large,us-east-1,use1-az4,3,30.0,45.0,1.0,0.28815,0.1107,61,is4gen,Storage,is,2.0,12.0,19336.1335,AWS Graviton2 Processor,Neoverse-N1,AWS
is4gen.large,us-east-1,use1-az6,3,30.0,45.0,1.0,0.28815,0.1265,56,is4gen,Storage,is,2.0,12.0,19336.1335,AWS Graviton2 Processor,Neoverse-N1,AWS
is4gen.medium,us-east-1,use1-az1,3,20.0,25.0,2.5,0.14408,0.0369,74,is4gen,Storage,is,1.0,6.0,19336.1335,AWS Graviton2 Processor,Neoverse-N1,AWS
is4gen.medium,us-east-1,use1-az2,3,35.0,50.0,2.5,0.14408,0.0388,73,is4gen,Storage,is,1.0,6.0,19336.1335,AWS Graviton2 Processor,Neoverse-N1,AWS
is4gen.medium,us-east-1,use1-az4,3,15.0,25.0,2.5,0.14408,0.0401,72,is4gen,Storage,is,1.0,6.0,19336.1335,AWS Graviton2 Processor,Neoverse-N1,AWS
is4gen.medium,us-east-1,use1-az6,3,25.0,30.0,2.5,0.14408,0.0399,72,is4gen,Storage,is,1.0,6.0,19336.1335,AWS Graviton2 Processor,Neoverse-N1,AWS
is4gen.xlarge,us-east-1,use1-az1,3,1.0,1.0,1.0,0.5763,0.3436,40,is4gen,Storage,is,4.0,24.0,19336.1335,AWS Graviton2 Processor,Neoverse-N1,AWS
is4gen.xlarge,us-east-1,use1-az2,3,5.0,5.0,1.0,0.5763,0.2713,52,is4gen,Storage,is,4.0,24.0,19336.1335,AWS Graviton2 Processor,Neoverse-N1,AWS
is4gen.xlarge,us-east-1,use1-az4,3,15.0,20.0,1.0,0.5763,0.2319,59,is4gen,Storage,is,4.0,24.0,19336.1335,AWS Graviton2 Processor,Neoverse-N1,AWS
is4gen.xlarge,us-east-1,use1-az6,3,1.0,5.0,1.0,0.5763,0.2888,49,is4gen,Storage,is,4.0,24.0,19336.1335,AWS Graviton2 Processor,Neoverse-N1,AWS
m5.12xlarge,us-east-1,use1-az1,3,10.0,15.0,1.0,2.304,0.8397,63,m5,General,m,48.0,192.0,23311.874026,Intel(R) Xeon(R) Platinum 8259CL CPU @ 2.50GHz,Intel(R) Xeon(R) Platinum 8259CL CPU @ 2.50GHz,Intel
m5.12xlarge,us-east-1,use1-az2,3,30.0,35.0,1.0,2.304,1.0153,55,m5,General,m,48.0,192.0,23311.874026,Intel(R) Xeon(R) Platinum 8259CL CPU @ 2.50GHz,Intel(R) Xeon(R) Platinum 8259CL CPU @ 2.50GHz,Intel
m5.12xlarge,us-east-1,use1-az4,3,20.0,30.0,1.0,2.304,0.9386,59,m5,General,m,48.0,192.0,23311.874026,Intel(R) Xeon(R) Platinum 8259CL CPU @ 2.50GHz,Intel(R) Xeon(R) Platinum 8259CL CPU @ 2.50GHz,Intel
m5.12xlarge,us-east-1,use1-az5,3,1.0,1.0,1.0,2.304,0.7489,67,m5,General,m,48.0,192.0,23311.874026,Intel(R) Xeon(R) Platinum 8259CL CPU @ 2.50GHz,Intel(R) Xeon(R) Platinum 8259CL CPU @ 2.50GHz,Intel
m5.12xlarge,us-east-1,use1-az6,3,20.0,40.0,1.0,2.304,0.9065,60,m5,General,m,48.0,192.0,23311.874026,Intel(R) Xeon(R) Platinum 8259CL CPU @ 2.50GHz,Intel(R) Xeon(R) Platinum 8259CL CPU @ 2.50GHz,Intel
m5.16xlarge,us-east-1,use1-az1,3,5.0,10.0,1.0,3.072,1.1868,61,m5,General,m,64.0,256.0,21558.32553,Intel(R) Xeon(R) Platinum 8175M CPU @ 2.50GHz,Intel(R) Xeon(R) Platinum 8175M CPU @ 2.50GHz,Intel
m5.16xlarge,us-east-1,use1-az2,3,25.0,30.0,1.0,3.072,1.1951,61,m5,General,m,64.0,256.0,21558.32553,Intel(R) Xeon(R) Platinum 8175M CPU @ 2.50GHz,Intel(R) Xeon(R) Platinum 8175M CPU @ 2.50GHz,Intel
m5.16xlarge,us-east-1,use1-az4,3,10.0,15.0,1.0,3.072,0.9894,67,m5,General,m,64.0,256.0,21558.32553,Intel(R) Xeon(R) Platinum 8175M CPU @ 2.50GHz,Intel(R) Xeon(R) Platinum 8175M CPU @ 2.50GHz,Intel
m5.16xlarge,us-east-1,use1-az5,2,0.0,1.0,1.0,3.072,1.097,64,m5,General,m,64.0,256.0,21558.32553,Intel(R) Xeon(R) Platinum 8175M CPU @ 2.50GHz,Intel(R) Xeon(R) Platinum 8175M CPU @ 2.50GHz,Intel
m5.16xlarge,us-east-1,use1-az6,3,35.0,50.0,1.0,3.072,1.051,65,m5,General,m,64.0,256.0,21558.32553,Intel(R) Xeon(R) Platinum 8175M CPU @ 2.50GHz,Intel(R) Xeon(R) Platinum 8175M CPU @ 2.50GHz,Intel
m5.24xlarge,us-east-1,use1-az1,3,1.0,5.0,1.0,4.608,1.633,64,m5,General,m,96.0,384.0,25031.0445634,Intel(R) Xeon(R) Platinum 8259CL CPU @ 2.50GHz,Intel(R) Xeon(R) Platinum 8259CL CPU @ 2.50GHz,Intel
m5.24xlarge,us-east-1,use1-az2,3,5.0,5.0,1.0,4.608,1.6076,65,m5,General,m,96.0,384.0,25031.0445634,Intel(R) Xeon(R) Platinum 8259CL CPU @ 2.50GHz,Intel(R) Xeon(R) Platinum 8259CL CPU @ 2.50GHz,Intel
m5.24xlarge,us-east-1,use1-az4,3,1.0,5.0,1.0,4.608,1.8607,59,m5,General,m,96.0,384.0,25031.0445634,Intel(R) Xeon(R) Platinum 8259CL CPU @ 2.50GHz,Intel(R) Xeon(R) Platinum 8259CL CPU @ 2.50GHz,Intel
m5.24xlarge,us-east-1,use1-az5,3,1.0,1.0,1.0,4.608,1.5096,67,m5,General,m,96.0,384.0,25031.0445634,Intel(R) Xeon(R) Platinum 8259CL CPU @ 2.50GHz,Intel(R) Xeon(R) Platinum 8259CL CPU @ 2.50GHz,Intel
m5.24xlarge,us-east-1,use1-az6,3,10.0,15.0,1.0,4.608,1.5582,66,m5,General,m,96.0,384.0,25031.0445634,Intel(R) Xeon(R) Platinum 8259CL CPU @ 2.50GHz,Intel(R) Xeon(R) Platinum 8259CL CPU @ 2.50GHz,Intel
m5.2xlarge,us-east-1,use1-az1,3,50.0,50.0,2.5,0.384,0.1786,53,m5,General,m,8.0,32.0,21529.19497,Intel(R) Xeon(R) Platinum 8175M CPU @ 2.50GHz,Intel(R) Xeon(R) Platinum 8175M CPU @ 2.50GHz,Intel
m5.2xlarge,us-east-1,use1-az2,3,50.0,50.0,2.5,0.384,0.1554,59,m5,General,m,8.0,32.0,21529.19497,Intel(R) Xeon(R) Platinum 8175M CPU @ 2.50GHz,Intel(R) Xeon(R) Platinum 8175M CPU @ 2.50GHz,Intel
m5.2xlarge,us-east-1,use1-az4,3,50.0,50.0,2.5,0.384,0.1584,58,m5,General,m,8.0,32.0,21529.19497,Intel(R) Xeon(R) Platinum 8175M CPU @ 2.50GHz,Intel(R) Xeon(R) Platinum 8175M CPU @ 2.50GHz,Intel
m5.2xlarge,us-east-1,use1-az5,3,50.0,50.0,2.5,0.384,0.1796,53,m5,General,m,8.0,32.0,21529.19497,Intel(R) Xeon(R) Platinum 8175M CPU @ 2.50GHz,Intel(R) Xeon(R) Platinum 8175M CPU @ 2.50GHz,Intel
m5.2xlarge,us-east-1,use1-az6,3,50.0,50.0,2.5,0.384,0.1597,58,m5,General,m,8.0,32.0,21529.19497,Intel(R) Xeon(R) Platinum 8175M CPU @ 2.50GHz,Intel(R) Xeon(R) Platinum 8175M CPU @ 2.50GHz,Intel
m5.4xlarge,us-east-1,use1-az1,3,50.0,50.0,1.0,0.768,0.3731,51,m5,General,m,16.0,64.0,22261.6066,Intel(R) Xeon(R) Platinum 8259CL CPU @ 2.50GHz,Intel(R) Xeon(R) Platinum 8259CL CPU @ 2.50GHz,Intel
m5.4xlarge,us-east-1,use1-az2,3,50.0,50.0,1.0,0.768,0.3779,50,m5,General,m,16.0,64.0,22261.6066,Intel(R) Xeon(R) Platinum 8259CL CPU @ 2.50GHz,Intel(R) Xeon(R) Platinum 8259CL CPU @ 2.50GHz,Intel
m5.4xlarge,us-east-1,use1-az4,3,50.0,50.0,1.0,0.768,0.3499,54,m5,General,m,16.0,64.0,22261.6066,Intel(R) Xeon(R) Platinum 8259CL CPU @ 2.50GHz,Intel(R) Xeon(R) Platinum 8259CL CPU @ 2.50GHz,Intel
m5.4xlarge,us-east-1,use1-az5,3,50.0,50.0,1.0,0.768,0.3219,58,m5,General,m,16.0,64.0,22261.6066,Intel(R) Xeon(R) Platinum 8259CL CPU @ 2.50GHz,Intel(R) Xeon(R) Platinum 8259CL CPU @ 2.50GHz,Intel
m5.4xlarge,us-east-1,use1-az6,3,50.0,50.0,1.0,0.768,0.3822,50,m5,General,m,16.0,64.0,22261.6066,Intel(R) Xeon(R) Platinum 8259CL CPU @ 2.50GHz,Intel(R) Xeon(R) Platinum 8259CL CPU @ 2.50GHz,Intel
m5.8xlarge,us-east-1,use1-az1,3,40.0,50.0,1.0,1.536,0.5547,63,m5,General,m,32.0,128.0,21539.21191,Intel(R) Xeon(R) Platinum 8259CL CPU @ 2.50GHz,Intel(R) Xeon(R) Platinum 8259CL CPU @ 2.50GHz,Intel
m5.8xlarge,us-east-1,use1-az2,3,50.0,50.0,1.0,1.536,0.6342,58,m5,General,m,32.0,128.0,21539.21191,Intel(R) Xeon(R) Platinum 8259CL CPU @ 2.50GHz,Intel(R) Xeon(R) Platinum 8259CL CPU @ 2.50GHz,Intel
m5.8xlarge,us-east-1,use1-az4,3,50.0,50.0,1.0,1.536,0.5982,61,m5,General,m,32.0,128.0,21539.21191,Intel(R) Xeon(R) Platinum 8259CL CPU @ 2.50GHz,Intel(R) Xeon(R) Platinum 8259CL CPU @ 2.50GHz,Intel
m5.8xlarge,us-east-1,use1-az5,3,30.0,40.0,1.0,1.536,0.5648,63,m5,General,m,32.0,128.0,21539.21191,Intel(R) Xeon(R) Platinum 8259CL CPU @ 2.50GHz,Intel(R) Xeon(R) Platinum 8259CL CPU @ 2.50GHz,Intel
m5.8xlarge,us-east-1,use1-az6,3,50.0,50.0,1.0,1.536,0.5374,65,m5,General,m,32.0,128.0,21539.21191,Intel(R) Xeon(R) Platinum 8259CL CPU @ 2.50GHz,Intel(R) Xeon(R) Platinum 8259CL CPU @ 2.50GHz,Intel
m5.large,us-east-1,use1-az1,3,50.0,50.0,2.5,0.096,0.0426,55,m5,General,m,2.0,8.0,21487.91459,Intel(R) Xeon(R) Platinum 8175M CPU @ 2.50GHz,Intel(R) Xeon(R) Platinum 8175M CPU @ 2.50GHz,Intel
m5.large,us-east-1,use1-az2,3,50.0,50.0,2.5,0.096,0.0391,59,m5,General,m,2.0,8.0,21487.91459,Intel(R) Xeon(R) Platinum 8175M CPU @ 2.50GHz,Intel(R) Xeon(R) Platinum 8175M CPU @ 2.50GHz,Intel
m5.large,us-east-1,use1-az4,3,50.0,50.0,2.5,0.096,0.0361,62,m5,General,m,2.0,8.0,21487.91459,Intel(R) Xeon(R) Platinum 8175M CPU @ 2.50GHz,Intel(R) Xeon(R) Platinum 8175M CPU @ 2.50GHz,Intel
m5.large,us-east-1,use1-az5,3,50.0,50.0,2.5,0.096,0.0368,61,m5,General,m,2.0,8.0,21487.91459,Intel(R) Xeon(R) Platinum 8175M CPU @ 2.50GHz,Intel(R) Xeon(R) Platinum 8175M CPU @ 2.50GHz,Intel
m5.large,us-east-1,use1-az6,3,50.0,50.0,2.5,0.096,0.04,58,m5,General,m,2.0,8.0,21487.91459,Intel(R) Xeon(R) Platinum 8175M CPU @ 2.50GHz,Intel(R) Xeon(R) Platinum 8175M CPU @ 2.50GHz,Intel
m5.xlarge,us-east-1,use1-az1,3,50.0,50.0,2.5,0.192,0.076,60,m5,General,m,4.0,16.0,21534.0399352,Intel(R) Xeon(R) Platinum 8259CL CPU @ 2.50GHz,Intel(R) Xeon(R) Platinum 8259CL CPU @ 2.50GHz,Intel
m5.xlarge,us-east-1,use1-az2,3,50.0,50.0,2.5,0.192,0.0694,63,m5,General,m,4.0,16.0,21534.0399352,Intel(R) Xeon(R) Platinum 8259CL CPU @ 2.50GHz,Intel(R) Xeon(R) Platinum 8259CL CPU @ 2.50GHz,Intel
m5.xlarge,us-east-1,use1-az4,3,50.0,50.0,2.5,0.192,0.0761,60,m5,General,m,4.0,16.0,21534.0399352,Intel(R) Xeon(R) Platinum 8259CL CPU @ 2.50GHz,Intel(R) Xeon(R) Platinum 8259CL CPU @ 2.50GHz,Intel
m5.xlarge,us-east-1,use1-az5,3,50.0,50.0,2.5,0.192,0.0735,61,m5,General,m,4.0,16.0,21534.0399352,Intel(R) Xeon(R) Platinum 8259CL CPU @ 2.50GHz,Intel(R) Xeon(R) Platinum 8259CL CPU @ 2.50GHz,Intel
m5.xlarge,us-east-1,use1-az6,3,50.0,50.0,2.5,0.192,0.0705,63,m5,General,m,4.0,16.0,21534.0399352,Intel(R) Xeon(R) Platinum 8259CL CPU @ 2.50GHz,Intel(R) Xeon(R) Platinum 8259CL CPU @ 2.50GHz,Intel
m5a.12xlarge,us-east-1,use1-az1,3,1.0,1.0,1.0,2.064,0.7999,61,m5a,General,m,48.0,192.0,17001.2902464,AMD EPYC 7571,AMD EPYC 7571,AuthenticAMD
m5a.12xlarge,us-east-1,use1-az2,3,1.0,1.0,1.0,2.064,0.8119,60,m5a,General,m,48.0,192.0,17001.2902464,AMD EPYC 7571,AMD EPYC 7571,AuthenticAMD
m5a.12xlarge,us-east-1,use1-az4,3,1.0,1.0,1.0,2.064,0.8365,59,m5a,General,m,48.0,192.0,17001.2902464,AMD EPYC 7571,AMD EPYC 7571,AuthenticAMD
m5a.12xlarge,us-east-1,use1-az5,3,1.0,1.0,1.0,2.064,0.9238,55,m5a,General,m,48.0,192.0,17001.2902464,AMD EPYC 7571,AMD EPYC 7571,AuthenticAMD
m5a.12xlarge,us-east-1,use1-az6,3,1.0,1.0,1.0,2.064,0.8112,60,m5a,General,m,48.0,192.0,17001.2902464,AMD EPYC 7571,AMD EPYC 7571,AuthenticAMD
m5a.16xlarge,us-east-1,use1-az1,2,0.0,1.0,1.0,2.752,1.1817,57,m5a,General,m,64.0,256.0,17008.674469999998,AMD EPYC 7571,AMD EPYC 7571,AuthenticAMD
m5a.16xlarge,us-east-1,use1-az2,3,1.0,1.0,1.0,2.752,1.1218,59,m5a,General,m,64.0,256.0,17008.674469999998,AMD EPYC 7571,AMD EPYC 7571,AuthenticAMD
m5a.16xlarge,us-east-1,use1-az4,3,5.0,5.0,1.0,2.752,1.0228,62,m5a,General,m,64.0,256.0,17008.674469999998,AMD EPYC 7571,AMD EPYC 7571,AuthenticAMD
m5a.16xlarge,us-east-1,use1-az5,3,1.0,1.0,1.0,2.752,1.3741,50,m5a,General,m,64.0,256.0,17008.674469999998,AMD EPYC 7571,AMD EPYC 7571,AuthenticAMD
m5a.16xlarge,us-east-1,use1-az6,3,1.0,5.0,1.0,2.752,1.1417,58,m5a,General,m,64.0,256.0,17008.674469999998,AMD EPYC 7571,AMD EPYC 7571,AuthenticAMD
m5a.24xlarge,us-east-1,use1-az1,3,1.0,5.0,1.0,4.128,1.3826,66,m5a,General,m,96.0,384.0,16996.180620000003,AMD EPYC 7571,AMD EPYC 7571,AuthenticAMD
m5a.24xlarge,us-east-1,use1-az2,3,1.0,5.0,1.0,4.128,1.5212,63,m5a,General,m,96.0,384.0,16996.180620000003,AMD EPYC 7571,AMD EPYC 7571,AuthenticAMD
m5a.24xlarge,us-east-1,use1-az4,3,5.0,5.0,1.0,4.128,1.4248,65,m5a,General,m,96.0,384.0,16996.180620000003,AMD EPYC 7571,AMD EPYC 7571,AuthenticAMD
m5a.24xlarge,us-east-1,use1-az5,3,15.0,25.0,1.0,4.128,1.6403,60,m5a,General,m,96.0,384.0,16996.180620000003,AMD EPYC 7571,AMD EPYC 7571,AuthenticAMD
m5a.24xlarge,us-east-1,use1-az6,3,20.0,30.0,1.0,4.128,1.5464,62,m5a,General,m,96.0,384.0,16996.180620000003,AMD EPYC 7571,AMD EPYC 7571,AuthenticAMD
m5a.2xlarge,us-east-1,use1-az1,3,30.0,50.0,1.5,0.344,0.1357,60,m5a,General,m,8.0,32.0,17008.0334594,AMD EPYC 7571,AMD EPYC 7571,AuthenticAMD
m5a.2xlarge,us-east-1,use1-az2,3,50.0,50.0,1.5,0.344,0.1538,55,m5a,General,m,8.0,32.0,17008.0334594,AMD EPYC 7571,AMD EPYC 7571,AuthenticAMD
m5a.2xlarge,us-east-1,use1-az4,3,50.0,50.0,1.5,0.344,0.1501,56,m5a,General,m,8.0,32.0,17008.0334594,AMD EPYC 7571,AMD EPYC 7571,AuthenticAMD
m5a.2xlarge,us-east-1,use1-az5,3,35.0,50.0,1.5,0.344,0.1548,55,m5a,General,m,8.0,32.0,17008.0334594,AMD EPYC 7571,AMD EPYC 7571,AuthenticAMD
m5a.2xlarge,us-east-1,use1-az6,3,50.0,50.0,1.5,0.344,0.163,52,m5a,General,m,8.0,32.0,17008.0334594,AMD EPYC 7571,AMD EPYC 7571,AuthenticAMD
m5a.4xlarge,us-east-1,use1-az1,3,10.0,20.0,1.0,0.688,0.3044,55,m5a,General,m,16.0,64.0,16992.7742506,AMD EPYC 7571,AMD EPYC 7571,AuthenticAMD
m5a.4xlarge,us-east-1,use1-az2,3,40.0,50.0,1.0,0.688,0.2971,56,m5a,General,m,16.0,64.0,16992.7742506,AMD EPYC 7571,AMD EPYC 7571,AuthenticAMD
m5a.4xlarge,us-east-1,use1-az4,3,40.0,50.0,1.0,0.688,0.3364,51,m5a,General,m,16.0,64.0,16992.7742506,AMD EPYC 7571,AMD EPYC 7571,AuthenticAMD
m5a.4xlarge,us-east-1,use1-az5,3,30.0,35.0,1.0,0.688,0.3487,49,m5a,General,m,16.0,64.0,16992.7742506,AMD EPYC 7571,AMD EPYC 7571,AuthenticAMD
m5a.4xlarge,us-east-1,use1-az6,3,50.0,50.0,1.0,0.688,0.2972,56,m5a,General,m,16.0,64.0,16992.7742506,AMD EPYC 7571,AMD EPYC 7571,AuthenticAMD
m5a.8xlarge,us-east-1,use1-az1,3,5.0,5.0,1.0,1.376,0.7036,48,m5a,General,m,32.0,128.0,16986.5410094,AMD EPYC 7571,AMD EPYC 7571,AuthenticAMD
m5a.8xlarge,us-east-1,use1-az2,3,5.0,10.0,1.0,1.376,0.6762,50,m5a,General,m,32.0,128.0,16986.5410094,AMD EPYC 7571,AMD EPYC 7571,AuthenticAMD
m5a.8xlarge,us-east-1,use1-az4,3,15.0,30.0,1.0,1.376,0.6841,50,m5a,General,m,32.0,128.0,16986.5410094,AMD EPYC 7571,AMD EPYC 7571,AuthenticAMD
m5a.8xlarge,us-east-1,use1-az5,3,1.0,5.0,1.0,1.376,0.6776,50,m5a,General,m,32.0,128.0,16986.5410094,AMD EPYC 7571,AMD EPYC 7571,AuthenticAMD
m5a.8xlarge,us-east-1,use1-az6,3,20.0,35.0,1.0,1.376,0.6598,52,m5a,General,m,32.0,128.0,16986.5410094,AMD EPYC 7571,AMD EPYC 7571,AuthenticAMD
m5a.large,us-east-1,use1-az1,3,50.0,50.0,2.0,0.086,0.0366,57,m5a,General,m,2.0,8.0,16991.2263714,AMD EPYC 7571,AMD EPYC 7571,AuthenticAMD
m5a.large,us-east-1,use1-az2,3,50.0,50.0,2.0,0.086,0.035,59,m5a,General,m,2.0,8.0,16991.2263714,AMD EPYC 7571,AMD EPYC 7571,AuthenticAMD
m5a.large,us-east-1,use1-az4,3,50.0,50.0,2.0,0.086,0.0348,59,m5a,General,m,2.0,8.0,16991.2263714,AMD EPYC 7571,AMD EPYC 7571,AuthenticAMD
m5a.large,us-east-1,use1-az5,3,20.0,35.0,2.0,0.086,0.0391,54,m5a,General,m,2.0,8.0,16991.2263714,AMD EPYC 7571,AMD EPYC 7571,AuthenticAMD
m5a.large,us-east-1,use1-az6,3,50.0,50.0,2.0,0.086,0.0327,61,m5a,General,m,2.0,8.0,16991.2263714,AMD EPYC 7571,AMD EPYC 7571,AuthenticAMD
m5a.xlarge,us-east-1,use1-az1,3,40.0,50.0,2.0,0.172,0.083,51,m5a,General,m,4.0,16.0,16997.3469222,AMD EPYC 7571,AMD EPYC 7571,AuthenticAMD
m5a.xlarge,us-east-1,use1-az2,3,50.0,50.0,2.0,0.172,0.0751,56,m5a,General,m,4.0,16.0,16997.3469222,AMD EPYC 7571,AMD EPYC 7571,AuthenticAMD
m5a.xlarge,us-east-1,use1-az4,3,50.0,50.0,2.0,0.172,0.0741,56,m5a,General,m,4.0,16.0,16997.3469222,AMD EPYC 7571,AMD EPYC 7571,AuthenticAMD
m5a.xlarge,us-east-1,use1-az5,3,20.0,35.0,2.0,0.172,0.0766,55,m5a,General,m,4.0,16.0,16997.3469222,AMD EPYC 7571,AMD EPYC 7571,AuthenticAMD
m5a.xlarge,us-east-1,use1-az6,3,50.0,50.0,2.0,0.172,0.0771,55,m5a,General,m,4.0,16.0,16997.3469222,AMD EPYC 7571,AMD EPYC 7571,AuthenticAMD
m5ad.12xlarge,us-east-1,use1-az1,3,1.0,1.0,2.0,2.472,1.6606,32,m5ad,General,m,48.0,192.0,16979.7236,AMD EPYC 7571,AMD EPYC 7571,AuthenticAMD
m5ad.12xlarge,us-east-1,use1-az2,1,0.0,0.0,2.0,2.472,1.2812,48,m5ad,General,m,48.0,192.0,16979.7236,AMD EPYC 7571,AMD EPYC 7571,AuthenticAMD
m5ad.12xlarge,us-east-1,use1-az4,2,0.0,1.0,2.0,2.472,1.3027,47,m5ad,General,m,48.0,192.0,16979.7236,AMD EPYC 7571,AMD EPYC 7571,AuthenticAMD
m5ad.12xlarge,us-east-1,use1-az5,1,0.0,0.0,2.0,2.472,1.5925,35,m5ad,General,m,48.0,192.0,16979.7236,AMD EPYC 7571,AMD EPYC 7571,AuthenticAMD
m5ad.12xlarge,us-east-1,use1-az6,1,0.0,0.0,2.0,2.472,1.1766,52,m5ad,General,m,48.0,192.0,16979.7236,AMD EPYC 7571,AMD EPYC 7571,AuthenticAMD
m5ad.16xlarge,us-east-1,use1-az1,3,1.0,1.0,2.0,3.296,1.6299,50,m5ad,General,m,64.0,256.0,17007.8717,AMD EPYC 7571,AMD EPYC 7571,AuthenticAMD
m5ad.16xlarge,us-east-1,use1-az2,3,1.0,1.0,2.0,3.296,1.4805,55,m5ad,General,m,64.0,256.0,17007.8717,AMD EPYC 7571,AMD EPYC 7571,AuthenticAMD
m5ad.16xlarge,us-east-1,use1-az4,3,1.0,5.0,2.0,3.296,1.6514,49,m5ad,General,m,64.0,256.0,17007.8717,AMD EPYC 7571,AMD EPYC 7571,AuthenticAMD
m5ad.16xlarge,us-east-1,use1-az5,2,0.0,1.0,2.0,3.296,1.8429,44,m5ad,General,m,64.0,256.0,17007.8717,AMD EPYC 7571,AMD EPYC 7571,AuthenticAMD
m5ad.16xlarge,us-east-1,use1-az6,3,1.0,1.0,2.0,3.296,1.3194,59,m5ad,General,m,64.0,256.0,17007.8717,AMD EPYC 7571,AMD EPYC 7571,AuthenticAMD
m5ad.24xlarge,us-east-1,use1-az1,3,1.0,1.0,2.0,4.944,2.5805,47,m5ad,General,m,96.0,384.0,17006.6599,AMD EPYC 7571,AMD EPYC 7571,AuthenticAMD
m5ad.24xlarge,us-east-1,use1-az2,3,1.0,1.0,2.0,4.944,2.0825,57,m5ad,General,m,96.0,384.0,17006.6599,AMD EPYC 7571,AMD EPYC 7571,AuthenticAMD
m5ad.24xlarge,us-east-1,use1-az4,3,1.0,5.0,2.0,4.944,2.1792,55,m5ad,General,m,96.0,384.0,17006.6599,AMD EPYC 7571,AMD EPYC 7571,AuthenticAMD
m5ad.24xlarge,us-east-1,use1-az5,1,0.0,0.0,2.0,4.944,2.6557,46,m5ad,General,m,96.0,384.0,17006.6599,AMD EPYC 7571,AMD EPYC 7571,AuthenticAMD
m5ad.24xlarge,us-east-1,use1-az6,3,5.0,5.0,2.0,4.944,1.942,60,m5ad,General,m,96.0,384.0,17006.6599,AMD EPYC 7571,AMD EPYC 7571,AuthenticAMD
m5ad.2xlarge,us-east-1,use1-az1,3,10.0,15.0,2.5,0.412,0.3429,16,m5ad,General,m,8.0,32.0,16995.203,AMD EPYC 7571,AMD EPYC 7571,AuthenticAMD
m5ad.2xlarge,us-east-1,use1-az2,3,1.0,5.0,2.5,0.412,0.2299,44,m5ad,General,m,8.0,32.0,16995.203,AMD EPYC 7571,AMD EPYC 7571,AuthenticAMD
m5ad.2xlarge,us-east-1,use1-az4,3,5.0,10.0,2.5,0.412,0.2278,44,m5ad,General,m,8.0,32.0,16995.203,AMD EPYC 7571,AMD EPYC 7571,AuthenticAMD
m5ad.2xlarge,us-east-1,use1-az5,3,5.0,5.0,2.5,0.412,0.2405,41,m5ad,General,m,8.0,32.0,16995.203,AMD EPYC 7571,AMD EPYC 7571,AuthenticAMD
m5ad.2xlarge,us-east-1,use1-az6,3,5.0,10.0,2.5,0.412,0.2475,39,m5ad,General,m,8.0,32.0,16995.203,AMD EPYC 7571,AMD EPYC 7571,AuthenticAMD
m5ad.4xlarge,us-east-1,use1-az1,3,5.0,5.0,2.5,0.824,0.6708,18,m5ad,General,m,16.0,64.0,16995.7808,AMD EPYC 7571,AMD EPYC 7571,AuthenticAMD
m5ad.4xlarge,us-east-1,use1-az2,3,1.0,1.0,2.5,0.824,0.4076,50,m5ad,General,m,16.0,64.0,16995.7808,AMD EPYC 7571,AMD EPYC 7571,AuthenticAMD
m5ad.4xlarge,us-east-1,use1-az4,3,1.0,1.0,2.5,0.824,0.5157,37,m5ad,General,m,16.0,64.0,16995.7808,AMD EPYC 7571,AMD EPYC 7571,AuthenticAMD
m5ad.4xlarge,us-east-1,use1-az5,2,0.0,1.0,2.5,0.824,0.7417,9,m5ad,General,m,16.0,64.0,16995.7808,AMD EPYC 7571,AMD EPYC 7571,AuthenticAMD
m5ad.4xlarge,us-east-1,use1-az6,3,1.0,1.0,2.5,0.824,0.4682,43,m5ad,General,m,16.0,64.0,16995.7808,AMD EPYC 7571,AMD EPYC 7571,AuthenticAMD
m5ad.8xlarge,us-east-1,use1-az1,3,1.0,1.0,1.5,1.648,0.9621,41,m5ad,General,m,32.0,128.0,16988.4346,AMD EPYC 7571,AMD EPYC 7571,AuthenticAMD
m5ad.8xlarge,us-east-1,use1-az2,3,1.0,5.0,1.5,1.648,0.8059,51,m5ad,General,m,32.0,128.0,16988.4346,AMD EPYC 7571,AMD EPYC 7571,AuthenticAMD
m5ad.8xlarge,us-east-1,use1-az4,3,1.0,1.0,1.5,1.648,0.8348,49,m5ad,General,m,32.0,128.0,16988.4346,AMD EPYC 7571,AMD EPYC 7571,AuthenticAMD
m5ad.8xlarge,us-east-1,use1-az5,1,0.0,0.0,1.5,1.648,1.3372,18,m5ad,General,m,32.0,128.0,16988.4346,AMD EPYC 7571,AMD EPYC 7571,AuthenticAMD
m5ad.8xlarge,us-east-1,use1-az6,2,0.0,1.0,1.5,1.648,0.8215,50,m5ad,General,m,32.0,128.0,16988.4346,AMD EPYC 7571,AMD EPYC 7571,AuthenticAMD
m5ad.large,us-east-1,use1-az1,3,25.0,40.0,3.0,0.103,0.0514,50,m5ad,General,m,2.0,8.0,16986.4371,AMD EPYC 7571,AMD EPYC 7571,AuthenticAMD
m5ad.large,us-east-1,use1-az2,3,5.0,10.0,3.0,0.103,0.047,54,m5ad,General,m,2.0,8.0,16986.4371,AMD EPYC 7571,AMD EPYC 7571,AuthenticAMD
m5ad.large,us-east-1,use1-az4,3,10.0,15.0,3.0,0.103,0.0541,47,m5ad,General,m,2.0,8.0,16986.4371,AMD EPYC 7571,AMD EPYC 7571,AuthenticAMD
m5ad.large,us-east-1,use1-az5,3,5.0,10.0,3.0,0.103,0.0476,53,m5ad,General,m,2.0,8.0,16986.4371,AMD EPYC 7571,AMD EPYC 7571,AuthenticAMD
m5ad.large,us-east-1,use1-az6,3,5.0,10.0,3.0,0.103,0.0557,45,m5ad,General,m,2.0,8.0,16986.4371,AMD EPYC 7571,AMD EPYC 7571,AuthenticAMD
m5ad.xlarge,us-east-1,use1-az1,3,5.0,10.0,2.0,0.206,0.1404,31,m5ad,General,m,4.0,16.0,17004.0398,AMD EPYC 7571,AMD EPYC 7571,AuthenticAMD
m5ad.xlarge,us-east-1,use1-az2,3,10.0,20.0,2.0,0.206,0.1085,47,m5ad,General,m,4.0,16.0,17004.0398,AMD EPYC 7571,AMD EPYC 7571,AuthenticAMD
m5ad.xlarge,us-east-1,use1-az4,3,5.0,10.0,2.0,0.206,0.1077,47,m5ad,General,m,4.0,16.0,17004.0398,AMD EPYC 7571,AMD EPYC 7571,AuthenticAMD
m5ad.xlarge,us-east-1,use1-az5,3,5.0,5.0,2.0,0.206,0.1151,44,m5ad,General,m,4.0,16.0,17004.0398,AMD EPYC 7571,AMD EPYC 7571,AuthenticAMD
m5ad.xlarge,us-east-1,use1-az6,3,5.0,10.0,2.0,0.206,0.1042,49,m5ad,General,m,4.0,16.0,17004.0398,AMD EPYC 7571,AMD EPYC 7571,AuthenticAMD
m5d.12xlarge,us-east-1,use1-az1,3,5.0,10.0,1.0,2.712,1.5324,43,m5d,General,m,48.0,192.0,25100.5329,Intel(R) Xeon(R) Platinum 8175M CPU @ 2.50GHz,Intel(R) Xeon(R) Platinum 8175M CPU @ 2.50GHz,Intel
m5d.12xlarge,us-east-1,use1-az2,3,15.0,25.0,1.0,2.712,0.9514,64,m5d,General,m,48.0,192.0,25100.5329,Intel(R) Xeon(R) Platinum 8175M CPU @ 2.50GHz,Intel(R) Xeon(R) Platinum 8175M CPU @ 2.50GHz,Intel
m5d.12xlarge,us-east-1,use1-az4,3,20.0,35.0,1.0,2.712,0.9522,64,m5d,General,m,48.0,192.0,25100.5329,Intel(R) Xeon(R) Platinum 8175M CPU @ 2.50GHz,Intel(R) Xeon(R) Platinum 8175M CPU @ 2.50GHz,Intel
m5d.12xlarge,us-east-1,use1-az5,3,5.0,5.0,1.0,2.712,1.0677,60,m5d,General,m,48.0,192.0,25100.5329,Intel(R) Xeon(R) Platinum 8175M CPU @ 2.50GHz,Intel(R) Xeon(R) Platinum 8175M CPU @ 2.50GHz,Intel
m5d.12xlarge,us-east-1,use1-az6,3,20.0,40.0,1.0,2.712,0.9859,63,m5d,General,m,48.0,192.0,25100.5329,Intel(R) Xeon(R) Platinum 8175M CPU @ 2.50GHz,Intel(R) Xeon(R) Platinum 8175M CPU @ 2.50GHz,Intel
m5d.16xlarge,us-east-1,use1-az1,3,5.0,10.0,2.0,3.616,1.7816,50,m5d,General,m,64.0,256.0,23189.8066,Intel(R) Xeon(R) Platinum 8259CL CPU @ 2.50GHz,Intel(R) Xeon(R) Platinum 8259CL CPU @ 2.50GHz,Intel
m5d.16xlarge,us-east-1,use1-az2,3,50.0,50.0,2.0,3.616,1.5158,58,m5d,General,m,64.0,256.0,23189.8066,Intel(R) Xeon(R) Platinum 8259CL CPU @ 2.50GHz,Intel(R) Xeon(R) Platinum 8259CL CPU @ 2.50GHz,Intel
m5d.16xlarge,us-east-1,use1-az4,3,50.0,50.0,2.0,3.616,1.6999,52,m5d,General,m,64.0,256.0,23189.8066,Intel(R) Xeon(R) Platinum 8259CL CPU @ 2.50GHz,Intel(R) Xeon(R) Platinum 8259CL CPU @ 2.50GHz,Intel
m5d.16xlarge,us-east-1,use1-az5,3,5.0,5.0,2.0,3.616,1.402,61,m5d,General,m,64.0,256.0,23189.8066,Intel(R) Xeon(R) Platinum 8259CL CPU @ 2.50GHz,Intel(R) Xeon(R) Platinum 8259CL CPU @ 2.50GHz,Intel
m5d.16xlarge,us-east-1,use1-az6,3,45.0,50.0,2.0,3.616,1.4692,59,m5d,General,m,64.0,256.0,23189.8066,Intel(R) Xeon(R) Platinum 8259CL CPU @ 2.50GHz,Intel(R) Xeon(R) Platinum 8259CL CPU @ 2.50GHz,Intel
m5d.24xlarge,us-east-1,use1-az1,3,10.0,15.0,1.5,5.424,2.9532,45,m5d,General,m,96.0,384.0,25107.9953,Intel(R) Xeon(R) Platinum 8175M CPU @ 2.50GHz,Intel(R) Xeon(R) Platinum 8175M CPU @ 2.50GHz,Intel
m5d.24xlarge,us-east-1,use1-az2,3,1.0,1.0,1.5,5.424,1.913,64,m5d,General,m,96.0,384.0,25107.9953,Intel(R) Xeon(R) Platinum 8175M CPU @ 2.50GHz,Intel(R) Xeon(R) Platinum 8175M CPU @ 2.50GHz,Intel
m5d.24xlarge,us-east-1,use1-az4,3,20.0,30.0,1.5,5.424,2.0589,62,m5d,General,m,96.0,384.0,25107.9953,Intel(R) Xeon(R) Platinum 8175M CPU @ 2.50GHz,Intel(R) Xeon(R) Platinum 8175M CPU @ 2.50GHz,Intel
m5d.24xlarge,us-east-1,use1-az5,3,5.0,5.0,1.5,5.424,2.3955,55,m5d,General,m,96.0,384.0,25107.9953,Intel(R) Xeon(R) Platinum 8175M CPU @ 2.50GHz,Intel(R) Xeon(R) Platinum 8175M CPU @ 2.50GHz,Intel
m5d.24xlarge,us-east-1,use1-az6,3,10.0,15.0,1.5,5.424,1.9916,63,m5d,General,m,96.0,384.0,25107.9953,Intel(R) Xeon(R) Platinum 8175M CPU @ 2.50GHz,Intel(R) Xeon(R) Platinum 8175M CPU @ 2.50GHz,Intel
m5d.2xlarge,us-east-1,use1-az1,3,30.0,45.0,2.5,0.452,0.25,44,m5d,General,m,8.0,32.0,23165.0997,Intel(R) Xeon(R) Platinum 8175M CPU @ 2.50GHz,Intel(R) Xeon(R) Platinum 8175M CPU @ 2.50GHz,Intel
m5d.2xlarge,us-east-1,use1-az2,3,50.0,50.0,2.5,0.452,0.2504,44,m5d,General,m,8.0,32.0,23165.0997,Intel(R) Xeon(R) Platinum 8175M CPU @ 2.50GHz,Intel(R) Xeon(R) Platinum 8175M CPU @ 2.50GHz,Intel
m5d.2xlarge,us-east-1,use1-az4,3,50.0,50.0,2.5,0.452,0.2463,45,m5d,General,m,8.0,32.0,23165.0997,Intel(R) Xeon(R) Platinum 8175M CPU @ 2.50GHz,Intel(R) Xeon(R) Platinum 8175M CPU @ 2.50GHz,Intel
m5d.2xlarge,us-east-1,use1-az5,3,5.0,5.0,2.5,0.452,0.2479,45,m5d,General,m,8.0,32.0,23165.0997,Intel(R) Xeon(R) Platinum 8175M CPU @ 2.50GHz,Intel(R) Xeon(R) Platinum 8175M CPU @ 2.50GHz,Intel
m5d.2xlarge,us-east-1,use1-az6,3,50.0,50.0,2.5,0.452,0.2576,43,m5d,General,m,8.0,32.0,23165.0997,Intel(R) Xeon(R) Platinum 8175M CPU @ 2.50GHz,Intel(R) Xeon(R) Platinum 8175M CPU @ 2.50GHz,Intel
m5d.4xlarge,us-east-1,use1-az1,3,30.0,35.0,2.0,0.904,0.4825,46,m5d,General,m,16.0,64.0,23129.1055,Intel(R) Xeon(R) Platinum 8175M CPU @ 2.50GHz,Intel(R) Xeon(R) Platinum 8175M CPU @ 2.50GHz,Intel
m5d.4xlarge,us-east-1,use1-az2,3,45.0,50.0,2.0,0.904,0.4402,51,m5d,General,m,16.0,64.0,23129.1055,Intel(R) Xeon(R) Platinum 8175M CPU @ 2.50GHz,Intel(R) Xeon(R) Platinum 8175M CPU @ 2.50GHz,Intel
m5d.4xlarge,us-east-1,use1-az4,3,50.0,50.0,2.0,0.904,0.5766,36,m5d,General,m,16.0,64.0,23129.1055,Intel(R) Xeon(R) Platinum 8175M CPU @ 2.50GHz,Intel(R) Xeon(R) Platinum 8175M CPU @ 2.50GHz,Intel
m5d.4xlarge,us-east-1,use1-az5,3,1.0,5.0,2.0,0.904,0.4049,55,m5d,General,m,16.0,64.0,23129.1055,Intel(R) Xeon(R) Platinum 8175M CPU @ 2.50GHz,Intel(R) Xeon(R) Platinum 8175M CPU @ 2.50GHz,Intel
m5d.4xlarge,us-east-1,use1-az6,3,50.0,50.0,2.0,0.904,0.4843,46,m5d,General,m,16.0,64.0,23129.1055,Intel(R) Xeon(R) Platinum 8175M CPU @ 2.50GHz,Intel(R) Xeon(R) Platinum 8175M CPU @ 2.50GHz,Intel
m5d.8xlarge,us-east-1,use1-az1,3,5.0,5.0,1.0,1.808,0.9727,46,m5d,General,m,32.0,128.0,23161.5783,Intel(R) Xeon(R) Platinum 8175M CPU @ 2.50GHz,Intel(R) Xeon(R) Platinum 8175M CPU @ 2.50GHz,Intel
m5d.8xlarge,us-east-1,use1-az2,3,40.0,50.0,1.0,1.808,0.9108,49,m5d,General,m,32.0,128.0,23161.5783,Intel(R) Xeon(R) Platinum 8175M CPU @ 2.50GHz,Intel(R) Xeon(R) Platinum 8175M CPU @ 2.50GHz,Intel
m5d.8xlarge,us-east-1,use1-az4,3,20.0,30.0,1.0,1.808,0.8926,50,m5d,General,m,32.0,128.0,23161.5783,Intel(R) Xeon(R) Platinum 8175M CPU @ 2.50GHz,Intel(R) Xeon(R) Platinum 8175M CPU @ 2.50GHz,Intel
m5d.8xlarge,us-east-1,use1-az5,3,1.0,1.0,1.0,1.808,0.7278,59,m5d,General,m,32.0,128.0,23161.5783,Intel(R) Xeon(R) Platinum 8175M CPU @ 2.50GHz,Intel(R) Xeon(R) Platinum 8175M CPU @ 2.50GHz,Intel
m5d.8xlarge,us-east-1,use1-az6,3,15.0,35.0,1.0,1.808,0.8593,52,m5d,General,m,32.0,128.0,23161.5783,Intel(R) Xeon(R) Platinum 8175M CPU @ 2.50GHz,Intel(R) Xeon(R) Platinum 8175M CPU @ 2.50GHz,Intel
m5d.large,us-east-1,use1-az1,3,50.0,50.0,3.0,0.113,0.0529,53,m5d,General,m,2.0,8.0,23117.8323,Intel(R) Xeon(R) Platinum 8175M CPU @ 2.50GHz,Intel(R) Xeon(R) Platinum 8175M CPU @ 2.50GHz,Intel
m5d.large,us-east-1,use1-az2,3,50.0,50.0,3.0,0.113,0.0492,56,m5d,General,m,2.0,8.0,23117.8323,Intel(R) Xeon(R) Platinum 8175M CPU @ 2.50GHz,Intel(R) Xeon(R) Platinum 8175M CPU @ 2.50GHz,Intel
m5d.large,us-east-1,use1-az4,3,50.0,50.0,3.0,0.113,0.0492,56,m5d,General,m,2.0,8.0,23117.8323,Intel(R) Xeon(R) Platinum 8175M CPU @ 2.50GHz,Intel(R) Xeon(R) Platinum 8175M CPU @ 2.50GHz,Intel
m5d.large,us-east-1,use1-az5,3,35.0,45.0,3.0,0.113,0.0471,58,m5d,General,m,2.0,8.0,23117.8323,Intel(R) Xeon(R) Platinum 8175M CPU @ 2.50GHz,Intel(R) Xeon(R) Platinum 8175M CPU @ 2.50GHz,Intel
m5d.large,us-east-1,use1-az6,3,50.0,50.0,3.0,0.113,0.0505,55,m5d,General,m,2.0,8.0,23117.8323,Intel(R) Xeon(R) Platinum 8175M CPU @ 2.50GHz,Intel(R) Xeon(R) Platinum 8175M CPU @ 2.50GHz,Intel
m5d.xlarge,us-east-1,use1-az1,3,50.0,50.0,2.5,0.226,0.103,54,m5d,General,m,4.0,16.0,23096.6228,Intel(R) Xeon(R) Platinum 8175M CPU @ 2.50GHz,Intel(R) Xeon(R) Platinum 8175M CPU @ 2.50GHz,Intel
m5d.xlarge,us-east-1,use1-az2,3,50.0,50.0,2.5,0.226,0.1118,50,m5d,General,m,4.0,16.0,23096.6228,Intel(R) Xeon(R) Platinum 8175M CPU @ 2.50GHz,Intel(R) Xeon(R) Platinum 8175M CPU @ 2.50GHz,Intel
m5d.xlarge,us-east-1,use1-az4,3,50.0,50.0,2.5,0.226,0.1085,51,m5d,General,m,4.0,16.0,23096.6228,Intel(R) Xeon(R) Platinum 8175M CPU @ 2.50GHz,Intel(R) Xeon(R) Platinum 8175M CPU @ 2.50GHz,Intel
m5d.xlarge,us-east-1,use1-az5,3,10.0,20.0,2.5,0.226,0.1166,48,m5d,General,m,4.0,16.0,23096.6228,Intel(R) Xeon(R) Platinum 8175M CPU @ 2.50GHz,Intel(R) Xeon(R) Platinum 8175M CPU @ 2.50GHz,Intel
m5d.xlarge,us-east-1,use1-az6,3,50.0,50.0,2.5,0.226,0.1112,50,m5d,General,m,4.0,16.0,23096.6228,Intel(R) Xeon(R) Platinum 8175M CPU @ 2.50GHz,Intel(R) Xeon(R) Platinum 8175M CPU @ 2.50GHz,Intel
m5dn.12xlarge,us-east-1,use1-az1,3,1.0,1.0,1.0,3.264,1.4075,56,m5dn,General,m,48.0,192.0,25043.08,Intel(R) Xeon(R) Platinum 8259CL CPU @ 2.50GHz,Intel(R) Xeon(R) Platinum 8259CL CPU @ 2.50GHz,Intel
m5dn.12xlarge,us-east-1,use1-az2,3,1.0,5.0,1.0,3.264,1.4314,56,m5dn,General,m,48.0,192.0,25043.08,Intel(R) Xeon(R) Platinum 8259CL CPU @ 2.50GHz,Intel(R) Xeon(R) Platinum 8259CL CPU @ 2.50GHz,Intel
m5dn.12xlarge,us-east-1,use1-az4,3,1.0,5.0,1.0,3.264,1.4712,54,m5dn,General,m,48.0,192.0,25043.08,Intel(R) Xeon(R) Platinum 8259CL CPU @ 2.50GHz,Intel(R) Xeon(R) Platinum 8259CL CPU @ 2.50GHz,Intel
m5dn.12xlarge,us-east-1,use1-az5,2,0.0,1.0,1.0,3.264,1.6864,48,m5dn,General,m,48.0,192.0,25043.08,Intel(R) Xeon(R) Platinum 8259CL CPU @ 2.50GHz,Intel(R) Xeon(R) Platinum 8259CL CPU @ 2.50GHz,Intel
m5dn.12xlarge,us-east-1,use1-az6,3,1.0,5.0,1.0,3.264,1.2803,60,m5dn,General,m,48.0,192.0,25043.08,Intel(R) Xeon(R) Platinum 8259CL CPU @ 2.50GHz,Intel(R) Xeon(R) Platinum 8259CL CPU @ 2.50GHz,Intel
m5dn.16xlarge,us-east-1,use1-az1,3,5.0,10.0,1.5,4.352,2.0096,53,m5dn,General,m,64.0,256.0,23931.1209,Intel(R) Xeon(R) Platinum 8259CL CPU @ 2.50GHz,Intel(R) Xeon(R) Platinum 8259CL CPU @ 2.50GHz,Intel
m5dn.16xlarge,us-east-1,use1-az2,3,5.0,10.0,1.5,4.352,1.8915,56,m5dn,General,m,64.0,256.0,23931.1209,Intel(R) Xeon(R) Platinum 8259CL CPU @ 2.50GHz,Intel(R) Xeon(R) Platinum 8259CL CPU @ 2.50GHz,Intel
m5dn.16xlarge,us-east-1,use1-az4,3,15.0,25.0,1.5,4.352,1.899,56,m5dn,General,m,64.0,256.0,23931.1209,Intel(R) Xeon(R) Platinum 8259CL CPU @ 2.50GHz,Intel(R) Xeon(R) Platinum 8259CL CPU @ 2.50GHz,Intel
m5dn.16xlarge,us-east-1,use1-az5,3,1.0,1.0,1.5,4.352,2.0759,52,m5dn,General,m,64.0,256.0,23931.1209,Intel(R) Xeon(R) Platinum 8259CL CPU @ 2.50GHz,Intel(R) Xeon(R) Platinum 8259CL CPU @ 2.50GHz,Intel
m5dn.16xlarge,us-east-1,use1-az6,3,1.0,5.0,1.5,4.352,1.7168,60,m5dn,General,m,64.0,256.0,23931.1209,Intel(R) Xeon(R) Platinum 8259CL CPU @ 2.50GHz,Intel(R) Xeon(R) Platinum 8259CL CPU @ 2.50GHz,Intel
m5dn.24xlarge,us-east-1,use1-az1,3,5.0,5.0,1.0,6.528,2.5141,61,m5dn,General,m,96.0,384.0,25053.7489,Intel(R) Xeon(R) Platinum 8259CL CPU @ 2.50GHz,Intel(R) Xeon(R) Platinum 8259CL CPU @ 2.50GHz,Intel
m5dn.24xlarge,us-east-1,use1-az2,3,5.0,10.0,1.0,6.528,2.7869,57,m5dn,General,m,96.0,384.0,25053.7489,Intel(R) Xeon(R) Platinum 8259CL CPU @ 2.50GHz,Intel(R) Xeon(R) Platinum 8259CL CPU @ 2.50GHz,Intel
m5dn.24xlarge,us-east-1,use1-az4,3,5.0,5.0,1.0,6.528,2.5919,60,m5dn,General,m,96.0,384.0,25053.7489,Intel(R) Xeon(R) Platinum 8259CL CPU @ 2.50GHz,Intel(R) Xeon(R) Platinum 8259CL CPU @ 2.50GHz,Intel
m5dn.24xlarge,us-east-1,use1-az5,3,1.0,1.0,1.0,6.528,2.8072,56,m5dn,General,m,96.0,384.0,25053.7489,Intel(R) Xeon(R) Platinum 8259CL CPU @ 2.50GHz,Intel(R) Xeon(R) Platinum 8259CL CPU @ 2.50GHz,Intel
m5dn.24xlarge,us-east-1,use1-az6,3,5.0,5.0,1.0,6.528,2.3713,63,m5dn,General,m,96.0,384.0,25053.7489,Intel(R) Xeon(R) Platinum 8259CL CPU @ 2.50GHz,Intel(R) Xeon(R) Platinum 8259CL CPU @ 2.50GHz,Intel
m5dn.2xlarge,us-east-1,use1-az1,3,15.0,20.0,2.0,0.544,0.2366,56,m5dn,General,m,8.0,32.0,23188.3017,Intel(R) Xeon(R) Platinum 8259CL CPU @ 2.50GHz,Intel(R) Xeon(R) Platinum 8259CL CPU @ 2.50GHz,Intel
m5dn.2xlarge,us-east-1,use1-az2,3,30.0,40.0,2.0,0.544,0.2599,52,m5dn,General,m,8.0,32.0,23188.3017,Intel(R) Xeon(R) Platinum 8259CL CPU @ 2.50GHz,Intel(R) Xeon(R) Platinum 8259CL CPU @ 2.50GHz,Intel
m5dn.2xlarge,us-east-1,use1-az4,3,35.0,50.0,2.0,0.544,0.2668,50,m5dn,General,m,8.0,32.0,23188.3017,Intel(R) Xeon(R) Platinum 8259CL CPU @ 2.50GHz,Intel(R) Xeon(R) Platinum 8259CL CPU @ 2.50GHz,Intel
m5dn.2xlarge,us-east-1,use1-az5,3,5.0,10.0,2.0,0.544,0.3038,44,m5dn,General,m,8.0,32.0,23188.3017,Intel(R) Xeon(R) Platinum 8259CL CPU @ 2.50GHz,Intel(R) Xeon(R) Platinum 8259CL CPU @ 2.50GHz,Intel
m5dn.2xlarge,us-east-1,use1-az6,3,30.0,45.0,2.0,0.544,0.2652,51,m5dn,General,m,8.0,32.0,23188.3017,Intel(R) Xeon(R) Platinum 8259CL CPU @ 2.50GHz,Intel(R) Xeon(R) Platinum 8259CL CPU @ 2.50GHz,Intel
m5dn.4xlarge,us-east-1,use1-az1,3,1.0,5.0,1.0,1.088,0.5356,50,m5dn,General,m,16.0,64.0,23161.4552,Intel(R) Xeon(R) Platinum 8259CL CPU @ 2.50GHz,Intel(R) Xeon(R) Platinum 8259CL CPU @ 2.50GHz,Intel
m5dn.4xlarge,us-east-1,use1-az2,3,10.0,20.0,1.0,1.088,0.502,53,m5dn,General,m,16.0,64.0,23161.4552,Intel(R) Xeon(R) Platinum 8259CL CPU @ 2.50GHz,Intel(R) Xeon(R) Platinum 8259CL CPU @ 2.50GHz,Intel
m5dn.4xlarge,us-east-1,use1-az4,3,5.0,5.0,1.0,1.088,0.5771,46,m5dn,General,m,16.0,64.0,23161.4552,Intel(R) Xeon(R) Platinum 8259CL CPU @ 2.50GHz,Intel(R) Xeon(R) Platinum 8259CL CPU @ 2.50GHz,Intel
m5dn.4xlarge,us-east-1,use1-az5,3,1.0,1.0,1.0,1.088,0.7374,32,m5dn,General,m,16.0,64.0,23161.4552,Intel(R) Xeon(R) Platinum 8259CL CPU @ 2.50GHz,Intel(R) Xeon(R) Platinum 8259CL CPU @ 2.50GHz,Intel
m5dn.4xlarge,us-east-1,use1-az6,3,5.0,5.0,1.0,1.088,0.5529,49,m5dn,General,m,16.0,64.0,23161.4552,Intel(R) Xeon(R) Platinum 8259CL CPU @ 2.50GHz,Intel(R) Xeon(R) Platinum 8259CL CPU @ 2.50GHz,Intel
m5dn.8xlarge,us-east-1,use1-az1,3,1.0,5.0,1.0,2.176,1.2637,41,m5dn,General,m,32.0,128.0,23931.8093,Intel(R) Xeon(R) Platinum 8259CL CPU @ 2.50GHz,Intel(R) Xeon(R) Platinum 8259CL CPU @ 2.50GHz,Intel
m5dn.8xlarge,us-east-1,use1-az2,3,1.0,1.0,1.0,2.176,1.159,46,m5dn,General,m,32.0,128.0,23931.8093,Intel(R) Xeon(R) Platinum 8259CL CPU @ 2.50GHz,Intel(R) Xeon(R) Platinum 8259CL CPU @ 2.50GHz,Intel
m5dn.8xlarge,us-east-1,use1-az4,3,1.0,1.0,1.0,2.176,1.3639,37,m5dn,General,m,32.0,128.0,23931.8093,Intel(R) Xeon(R) Platinum 8259CL CPU @ 2.50GHz,Intel(R) Xeon(R) Platinum 8259CL CPU @ 2.50GHz,Intel
m5dn.8xlarge,us-east-1,use1-az5,2,0.0,1.0,1.0,2.176,1.1448,47,m5dn,General,m,32.0,128.0,23931.8093,Intel(R) Xeon(R) Platinum 8259CL CPU @ 2.50GHz,Intel(R) Xeon(R) Platinum 8259CL CPU @ 2.50GHz,Intel
m5dn.8xlarge,us-east-1,use1-az6,3,1.0,1.0,1.0,2.176,1.2248,43,m5dn,General,m,32.0,128.0,23931.8093,Intel(R) Xeon(R) Platinum 8259CL CPU @ 2.50GHz,Intel(R) Xeon(R) Platinum 8259CL CPU @ 2.50GHz,Intel
m5dn.large,us-east-1,use1-az1,3,45.0,50.0,3.0,0.136,0.0612,55,m5dn,General,m,2.0,8.0,23905.8751,Intel(R) Xeon(R) Platinum 8259CL CPU @ 2.50GHz,Intel(R) Xeon(R) Platinum 8259CL CPU @ 2.50GHz,Intel
m5dn.large,us-east-1,use1-az2,3,15.0,20.0,3.0,0.136,0.0554,59,m5dn,General,m,2.0,8.0,23905.8751,Intel(R) Xeon(R) Platinum 8259CL CPU @ 2.50GHz,Intel(R) Xeon(R) Platinum 8259CL CPU @ 2.50GHz,Intel
m5dn.large,us-east-1,use1-az4,3,40.0,50.0,3.0,0.136,0.0482,64,m5dn,General,m,2.0,8.0,23905.8751,Intel(R) Xeon(R) Platinum 8259CL CPU @ 2.50GHz,Intel(R) Xeon(R) Platinum 8259CL CPU @ 2.50GHz,Intel
m5dn.large,us-east-1,use1-az5,3,25.0,45.0,3.0,0.136,0.0544,60,m5dn,General,m,2.0,8.0,23905.8751,Intel(R) Xeon(R) Platinum 8259CL CPU @ 2.50GHz,Intel(R) Xeon(R) Platinum 8259CL CPU @ 2.50GHz,Intel
m5dn.large,us-east-1,use1-az6,3,50.0,50.0,3.0,0.136,0.0516,62,m5dn,General,m,2.0,8.0,23905.8751,Intel(R) Xeon(R) Platinum 8259CL CPU @ 2.50GHz,Intel(R) Xeon(R) Platinum 8259CL CPU @ 2.50GHz,Intel
m5dn.xlarge,us-east-1,use1-az1,3,30.0,50.0,2.5,0.272,0.1095,59,m5dn,General,m,4.0,16.0,23921.1606,Intel(R) Xeon(R) Platinum 8259CL CPU @ 2.50GHz,Intel(R) Xeon(R) Platinum 8259CL CPU @ 2.50GHz,Intel
m5dn.xlarge,us-east-1,use1-az2,3,50.0,50.0,2.5,0.272,0.1135,58,m5dn,General,m,4.0,16.0,23921.1606,Intel(R) Xeon(R) Platinum 8259CL CPU @ 2.50GHz,Intel(R) Xeon(R) Platinum 8259CL CPU @ 2.50GHz,Intel
m5dn.xlarge,us-east-1,use1-az4,3,50.0,50.0,2.5,0.272,0.1081,60,m5dn,General,m,4.0,16.0,23921.1606,Intel(R) Xeon(R) Platinum 8259CL CPU @ 2.50GHz,Intel(R) Xeon(R) Platinum 8259CL CPU @ 2.50GHz,Intel
m5dn.xlarge,us-east-1,use1-az5,3,1.0,1.0,2.5,0.272,0.1522,44,m5dn,General,m,4.0,16.0,23921.1606,Intel(R) Xeon(R) Platinum 8259CL CPU @ 2.50GHz,Intel(R) Xeon(R) Platinum 8259CL CPU @ 2.50GHz,Intel
m5dn.xlarge,us-east-1,use1-az6,3,50.0,50.0,2.5,0.272,0.1236,54,m5dn,General,m,4.0,16.0,23921.1606,Intel(R) Xeon(R) Platinum 8259CL CPU @ 2.50GHz,Intel(R) Xeon(R) Platinum 8259CL CPU @ 2.50GHz,Intel
m5n.12xlarge,us-east-1,use1-az1,3,1.0,5.0,1.0,2.856,1.2822,55,m5n,General,m,48.0,192.0,25035.3071254,Intel(R) Xeon(R) Platinum 8259CL CPU @ 2.50GHz,Intel(R) Xeon(R) Platinum 8259CL CPU @ 2.50GHz,Intel
m5n.12xlarge,us-east-1,use1-az2,3,10.0,20.0,1.0,2.856,1.3902,51,m5n,General,m,48.0,192.0,25035.3071254,Intel(R) Xeon(R) Platinum 8259CL CPU @ 2.50GHz,Intel(R) Xeon(R) Platinum 8259CL CPU @ 2.50GHz,Intel
m5n.12xlarge,us-east-1,use1-az4,3,10.0,15.0,1.0,2.856,1.3863,51,m5n,General,m,48.0,192.0,25035.3071254,Intel(R) Xeon(R) Platinum 8259CL CPU @ 2.50GHz,Intel(R) Xeon(R) Platinum 8259CL CPU @ 2.50GHz,Intel
m5n.12xlarge,us-east-1,use1-az5,3,1.0,5.0,1.0,2.856,1.4209,50,m5n,General,m,48.0,192.0,25035.3071254,Intel(R) Xeon(R) Platinum 8259CL CPU @ 2.50GHz,Intel(R) Xeon(R) Platinum 8259CL CPU @ 2.50GHz,Intel
m5n.12xlarge,us-east-1,use1-az6,3,1.0,5.0,1.0,2.856,1.1916,58,m5n,General,m,48.0,192.0,25035.3071254,Intel(R) Xeon(R) Platinum 8259CL CPU @ 2.50GHz,Intel(R) Xeon(R) Platinum 8259CL CPU @ 2.50GHz,Intel
m5n.16xlarge,us-east-1,use1-az1,3,1.0,1.0,1.0,3.808,1.9262,49,m5n,General,m,64.0,256.0,23897.292976000004,Intel(R) Xeon(R) Platinum 8259CL CPU @ 2.50GHz,Intel(R) Xeon(R) Platinum 8259CL CPU @ 2.50GHz,Intel
m5n.16xlarge,us-east-1,use1-az2,3,1.0,1.0,1.0,3.808,1.9115,49,m5n,General,m,64.0,256.0,23897.292976000004,Intel(R) Xeon(R) Platinum 8259CL CPU @ 2.50GHz,Intel(R) Xeon(R) Platinum 8259CL CPU @ 2.50GHz,Intel
m5n.16xlarge,us-east-1,use1-az4,3,10.0,15.0,1.0,3.808,1.6991,55,m5n,General,m,64.0,256.0,23897.292976000004,Intel(R) Xeon(R) Platinum 8259CL CPU @ 2.50GHz,Intel(R) Xeon(R) Platinum 8259CL CPU @ 2.50GHz,Intel
m5n.16xlarge,us-east-1,use1-az5,3,1.0,1.0,1.0,3.808,2.0984,44,m5n,General,m,64.0,256.0,23897.292976000004,Intel(R) Xeon(R) Platinum 8259CL CPU @ 2.50GHz,Intel(R) Xeon(R) Platinum 8259CL CPU @ 2.50GHz,Intel
m5n.16xlarge,us-east-1,use1-az6,3,5.0,15.0,1.0,3.808,2.052,46,m5n,General,m,64.0,256.0,23897.292976000004,Intel(R) Xeon(R) Platinum 8259CL CPU @ 2.50GHz,Intel(R) Xeon(R) Platinum 8259CL CPU @ 2.50GHz,Intel
m5n.24xlarge,us-east-1,use1-az1,3,1.0,5.0,1.5,5.712,2.4323,57,m5n,General,m,96.0,384.0,25002.528824,Intel(R) Xeon(R) Platinum 8259CL CPU @ 2.50GHz,Intel(R) Xeon(R) Platinum 8259CL CPU @ 2.50GHz,Intel
m5n.24xlarge,us-east-1,use1-az2,3,1.0,5.0,1.5,5.712,2.439,57,m5n,General,m,96.0,384.0,25002.528824,Intel(R) Xeon(R) Platinum 8259CL CPU @ 2.50GHz,Intel(R) Xeon(R) Platinum 8259CL CPU @ 2.50GHz,Intel
m5n.24xlarge,us-east-1,use1-az4,3,1.0,5.0,1.5,5.712,2.4916,56,m5n,General,m,96.0,384.0,25002.528824,Intel(R) Xeon(R) Platinum 8259CL CPU @ 2.50GHz,Intel(R) Xeon(R) Platinum 8259CL CPU @ 2.50GHz,Intel
m5n.24xlarge,us-east-1,use1-az5,3,1.0,1.0,1.5,5.712,2.626,54,m5n,General,m,96.0,384.0,25002.528824,Intel(R) Xeon(R) Platinum 8259CL CPU @ 2.50GHz,Intel(R) Xeon(R) Platinum 8259CL CPU @ 2.50GHz,Intel
m5n.24xlarge,us-east-1,use1-az6,3,1.0,1.0,1.5,5.712,2.3614,58,m5n,General,m,96.0,384.0,25002.528824,Intel(R) Xeon(R) Platinum 8259CL CPU @ 2.50GHz,Intel(R) Xeon(R) Platinum 8259CL CPU @ 2.50GHz,Intel
m5n.2xlarge,us-east-1,use1-az1,3,30.0,50.0,2.0,0.476,0.2157,54,m5n,General,m,8.0,32.0,23497.469361400003,Intel(R) Xeon(R) Platinum 8259CL CPU @ 2.50GHz,Intel(R) Xeon(R) Platinum 8259CL CPU @ 2.50GHz,Intel
m5n.2xlarge,us-east-1,use1-az2,3,50.0,50.0,2.0,0.476,0.234,50,m5n,General,m,8.0,32.0,23497.469361400003,Intel(R) Xeon(R) Platinum 8259CL CPU @ 2.50GHz,Intel(R) Xeon(R) Platinum 8259CL CPU @ 2.50GHz,Intel
m5n.2xlarge,us-east-1,use1-az4,3,50.0,50.0,2.0,0.476,0.2568,46,m5n,General,m,8.0,32.0,23497.469361400003,Intel(R) Xeon(R) Platinum 8259CL CPU @ 2.50GHz,Intel(R) Xeon(R) Platinum 8259CL CPU @ 2.50GHz,Intel
m5n.2xlarge,us-east-1,use1-az5,3,30.0,40.0,2.0,0.476,0.223,53,m5n,General,m,8.0,32.0,23497.469361400003,Intel(R) Xeon(R) Platinum 8259CL CPU @ 2.50GHz,Intel(R) Xeon(R) Platinum 8259CL CPU @ 2.50GHz,Intel
m5n.2xlarge,us-east-1,use1-az6,3,45.0,50.0,2.0,0.476,0.2292,51,m5n,General,m,8.0,32.0,23497.469361400003,Intel(R) Xeon(R) Platinum 8259CL CPU @ 2.50GHz,Intel(R) Xeon(R) Platinum 8259CL CPU @ 2.50GHz,Intel
m5n.4xlarge,us-east-1,use1-az1,3,50.0,50.0,1.0,0.952,0.3899,59,m5n,General,m,16.0,64.0,23642.4236992,Intel(R) Xeon(R) Platinum 8259CL CPU @ 2.50GHz,Intel(R) Xeon(R) Platinum 8259CL CPU @ 2.50GHz,Intel
m5n.4xlarge,us-east-1,use1-az2,3,50.0,50.0,1.0,0.952,0.4737,50,m5n,General,m,16.0,64.0,23642.4236992,Intel(R) Xeon(R) Platinum 8259CL CPU @ 2.50GHz,Intel(R) Xeon(R) Platinum 8259CL CPU @ 2.50GHz,Intel
m5n.4xlarge,us-east-1,use1-az4,3,50.0,50.0,1.0,0.952,0.4611,51,m5n,General,m,16.0,64.0,23642.4236992,Intel(R) Xeon(R) Platinum 8259CL CPU @ 2.50GHz,Intel(R) Xeon(R) Platinum 8259CL CPU @ 2.50GHz,Intel
m5n.4xlarge,us-east-1,use1-az5,3,25.0,35.0,1.0,0.952,0.4943,48,m5n,General,m,16.0,64.0,23642.4236992,Intel(R) Xeon(R) Platinum 8259CL CPU @ 2.50GHz,Intel(R) Xeon(R) Platinum 8259CL CPU @ 2.50GHz,Intel
m5n.4xlarge,us-east-1,use1-az6,3,50.0,50.0,1.0,0.952,0.4409,53,m5n,General,m,16.0,64.0,23642.4236992,Intel(R) Xeon(R) Platinum 8259CL CPU @ 2.50GHz,Intel(R) Xeon(R) Platinum 8259CL CPU @ 2.50GHz,Intel
m5n.8xlarge,us-east-1,use1-az1,3,1.0,1.0,1.5,1.904,1.0023,47,m5n,General,m,32.0,128.0,23170.4868246,Intel(R) Xeon(R) Platinum 8259CL CPU @ 2.50GHz,Intel(R) Xeon(R) Platinum 8259CL CPU @ 2.50GHz,Intel
m5n.8xlarge,us-east-1,use1-az2,3,1.0,1.0,1.5,1.904,0.9467,50,m5n,General,m,32.0,128.0,23170.4868246,Intel(R) Xeon(R) Platinum 8259CL CPU @ 2.50GHz,Intel(R) Xeon(R) Platinum 8259CL CPU @ 2.50GHz,Intel
m5n.8xlarge,us-east-1,use1-az4,3,5.0,10.0,1.5,1.904,1.0013,47,m5n,General,m,32.0,128.0,23170.4868246,Intel(R) Xeon(R) Platinum 8259CL CPU @ 2.50GHz,Intel(R) Xeon(R) Platinum 8259CL CPU @ 2.50GHz,Intel
m5n.8xlarge,us-east-1,use1-az5,3,1.0,1.0,1.5,1.904,1.1442,39,m5n,General,m,32.0,128.0,23170.4868246,Intel(R) Xeon(R) Platinum 8259CL CPU @ 2.50GHz,Intel(R) Xeon(R) Platinum 8259CL CPU @ 2.50GHz,Intel
m5n.8xlarge,us-east-1,use1-az6,3,1.0,1.0,1.5,1.904,0.9961,47,m5n,General,m,32.0,128.0,23170.4868246,Intel(R) Xeon(R) Platinum 8259CL CPU @ 2.50GHz,Intel(R) Xeon(R) Platinum 8259CL CPU @ 2.50GHz,Intel
m5n.large,us-east-1,use1-az1,3,5.0,10.0,2.5,0.119,0.0588,50,m5n,General,m,2.0,8.0,23159.3202476,Intel(R) Xeon(R) Platinum 8259CL CPU @ 2.50GHz,Intel(R) Xeon(R) Platinum 8259CL CPU @ 2.50GHz,Intel
m5n.large,us-east-1,use1-az2,3,25.0,35.0,2.5,0.119,0.0558,53,m5n,General,m,2.0,8.0,23159.3202476,Intel(R) Xeon(R) Platinum 8259CL CPU @ 2.50GHz,Intel(R) Xeon(R) Platinum 8259CL CPU @ 2.50GHz,Intel
m5n.large,us-east-1,use1-az4,3,50.0,50.0,2.5,0.119,0.0575,51,m5n,General,m,2.0,8.0,23159.3202476,Intel(R) Xeon(R) Platinum 8259CL CPU @ 2.50GHz,Intel(R) Xeon(R) Platinum 8259CL CPU @ 2.50GHz,Intel
m5n.large,us-east-1,use1-az5,3,5.0,15.0,2.5,0.119,0.0551,53,m5n,General,m,2.0,8.0,23159.3202476,Intel(R) Xeon(R) Platinum 8259CL CPU @ 2.50GHz,Intel(R) Xeon(R) Platinum 8259CL CPU @ 2.50GHz,Intel
m5n.large,us-east-1,use1-az6,3,5.0,5.0,2.5,0.119,0.0608,48,m5n,General,m,2.0,8.0,23159.3202476,Intel(R) Xeon(R) Platinum 8259CL CPU @ 2.50GHz,Intel(R) Xeon(R) Platinum 8259CL CPU @ 2.50GHz,Intel
m5n.xlarge,us-east-1,use1-az1,3,30.0,50.0,2.0,0.238,0.0934,60,m5n,General,m,4.0,16.0,23910.0750202,Intel(R) Xeon(R) Platinum 8259CL CPU @ 2.50GHz,Intel(R) Xeon(R) Platinum 8259CL CPU @ 2.50GHz,Intel
m5n.xlarge,us-east-1,use1-az2,3,50.0,50.0,2.0,0.238,0.0963,59,m5n,General,m,4.0,16.0,23910.0750202,Intel(R) Xeon(R) Platinum 8259CL CPU @ 2.50GHz,Intel(R) Xeon(R) Platinum 8259CL CPU @ 2.50GHz,Intel
m5n.xlarge,us-east-1,use1-az4,3,50.0,50.0,2.0,0.238,0.0954,59,m5n,General,m,4.0,16.0,23910.0750202,Intel(R) Xeon(R) Platinum 8259CL CPU @ 2.50GHz,Intel(R) Xeon(R) Platinum 8259CL CPU @ 2.50GHz,Intel
m5n.xlarge,us-east-1,use1-az5,3,1.0,5.0,2.0,0.238,0.1258,47,m5n,General,m,4.0,16.0,23910.0750202,Intel(R) Xeon(R) Platinum 8259CL CPU @ 2.50GHz,Intel(R) Xeon(R) Platinum 8259CL CPU @ 2.50GHz,Intel
m5n.xlarge,us-east-1,use1-az6,3,30.0,50.0,2.0,0.238,0.1056,55,m5n,General,m,4.0,16.0,23910.0750202,Intel(R) Xeon(R) Platinum 8259CL CPU @ 2.50GHz,Intel(R) Xeon(R) Platinum 8259CL CPU @ 2.50GHz,Intel
m5zn.12xlarge,us-east-1,use1-az1,3,1.0,1.0,2.5,3.9641,2.2913,42,m5zn,General,m,48.0,192.0,33670.963411,Intel(R) Xeon(R) Platinum 8252C CPU @ 3.80GHz,Intel(R) Xeon(R) Platinum 8252C CPU @ 3.80GHz,Intel
m5zn.12xlarge,us-east-1,use1-az2,3,1.0,1.0,2.5,3.9641,2.0273,48,m5zn,General,m,48.0,192.0,33670.963411,Intel(R) Xeon(R) Platinum 8252C CPU @ 3.80GHz,Intel(R) Xeon(R) Platinum 8252C CPU @ 3.80GHz,Intel
m5zn.12xlarge,us-east-1,use1-az4,3,15.0,20.0,2.5,3.9641,1.9971,49,m5zn,General,m,48.0,192.0,33670.963411,Intel(R) Xeon(R) Platinum 8252C CPU @ 3.80GHz,Intel(R) Xeon(R) Platinum 8252C CPU @ 3.80GHz,Intel
m5zn.12xlarge,us-east-1,use1-az5,3,1.0,1.0,2.5,3.9641,2.0915,47,m5zn,General,m,48.0,192.0,33670.963411,Intel(R) Xeon(R) Platinum 8252C CPU @ 3.80GHz,Intel(R) Xeon(R) Platinum 8252C CPU @ 3.80GHz,Intel
m5zn.12xlarge,us-east-1,use1-az6,3,5.0,5.0,2.5,3.9641,2.1031,46,m5zn,General,m,48.0,192.0,33670.963411,Intel(R) Xeon(R) Platinum 8252C CPU @ 3.80GHz,Intel(R) Xeon(R) Platinum 8252C CPU @ 3.80GHz,Intel
m5zn.2xlarge,us-east-1,use1-az1,3,5.0,5.0,2.5,0.6607,0.3461,47,m5zn,General,m,8.0,32.0,33697.7305016,Intel(R) Xeon(R) Platinum 8252C CPU @ 3.80GHz,Intel(R) Xeon(R) Platinum 8252C CPU @ 3.80GHz,Intel
m5zn.2xlarge,us-east-1,use1-az2,3,1.0,5.0,2.5,0.6607,0.3398,48,m5zn,General,m,8.0,32.0,33697.7305016,Intel(R) Xeon(R) Platinum 8252C CPU @ 3.80GHz,Intel(R) Xeon(R) Platinum 8252C CPU @ 3.80GHz,Intel
m5zn.2xlarge,us-east-1,use1-az4,3,5.0,10.0,2.5,0.6607,0.3084,53,m5zn,General,m,8.0,32.0,33697.7305016,Intel(R) Xeon(R) Platinum 8252C CPU @ 3.80GHz,Intel(R) Xeon(R) Platinum 8252C CPU @ 3.80GHz,Intel
m5zn.2xlarge,us-east-1,use1-az5,3,1.0,1.0,2.5,0.6607,0.3426,48,m5zn,General,m,8.0,32.0,33697.7305016,Intel(R) Xeon(R) Platinum 8252C CPU @ 3.80GHz,Intel(R) Xeon(R) Platinum 8252C CPU @ 3.80GHz,Intel
m5zn.2xlarge,us-east-1,use1-az6,3,15.0,25.0,2.5,0.6607,0.3111,52,m5zn,General,m,8.0,32.0,33697.7305016,Intel(R) Xeon(R) Platinum 8252C CPU @ 3.80GHz,Intel(R) Xeon(R) Platinum 8252C CPU @ 3.80GHz,Intel
m5zn.3xlarge,us-east-1,use1-az1,3,1.0,1.0,2.0,0.991,0.5628,43,m5zn,General,m,12.0,48.0,33696.603652000005,Intel(R) Xeon(R) Platinum 8252C CPU @ 3.80GHz,Intel(R) Xeon(R) Platinum 8252C CPU @ 3.80GHz,Intel
m5zn.3xlarge,us-east-1,use1-az2,3,1.0,1.0,2.0,0.991,0.5324,46,m5zn,General,m,12.0,48.0,33696.603652000005,Intel(R) Xeon(R) Platinum 8252C CPU @ 3.80GHz,Intel(R) Xeon(R) Platinum 8252C CPU @ 3.80GHz,Intel
m5zn.3xlarge,us-east-1,use1-az4,3,1.0,1.0,2.0,0.991,0.5812,41,m5zn,General,m,12.0,48.0,33696.603652000005,Intel(R) Xeon(R) Platinum 8252C CPU @ 3.80GHz,Intel(R) Xeon(R) Platinum 8252C CPU @ 3.80GHz,Intel
m5zn.3xlarge,us-east-1,use1-az5,2,0.0,1.0,2.0,0.991,0.7017,29,m5zn,General,m,12.0,48.0,33696.603652000005,Intel(R) Xeon(R) Platinum 8252C CPU @ 3.80GHz,Intel(R) Xeon(R) Platinum 8252C CPU @ 3.80GHz,Intel
m5zn.3xlarge,us-east-1,use1-az6,3,10.0,20.0,2.0,0.991,0.5233,47,m5zn,General,m,12.0,48.0,33696.603652000005,Intel(R) Xeon(R) Platinum 8252C CPU @ 3.80GHz,Intel(R) Xeon(R) Platinum 8252C CPU @ 3.80GHz,Intel
m5zn.6xlarge,us-east-1,use1-az1,3,1.0,1.0,2.0,1.982,1.2801,35,m5zn,General,m,24.0,96.0,33686.5983748,Intel(R) Xeon(R) Platinum 8252C CPU @ 3.80GHz,Intel(R) Xeon(R) Platinum 8252C CPU @ 3.80GHz,Intel
m5zn.6xlarge,us-east-1,use1-az2,3,1.0,1.0,2.0,1.982,1.1441,42,m5zn,General,m,24.0,96.0,33686.5983748,Intel(R) Xeon(R) Platinum 8252C CPU @ 3.80GHz,Intel(R) Xeon(R) Platinum 8252C CPU @ 3.80GHz,Intel
m5zn.6xlarge,us-east-1,use1-az4,3,1.0,1.0,2.0,1.982,1.0791,45,m5zn,General,m,24.0,96.0,33686.5983748,Intel(R) Xeon(R) Platinum 8252C CPU @ 3.80GHz,Intel(R) Xeon(R) Platinum 8252C CPU @ 3.80GHz,Intel
m5zn.6xlarge,us-east-1,use1-az5,1,0.0,0.0,2.0,1.982,1.4476,26,m5zn,General,m,24.0,96.0,33686.5983748,Intel(R) Xeon(R) Platinum 8252C CPU @ 3.80GHz,Intel(R) Xeon(R) Platinum 8252C CPU @ 3.80GHz,Intel
m5zn.6xlarge,us-east-1,use1-az6,3,1.0,1.0,2.0,1.982,1.2746,35,m5zn,General,m,24.0,96.0,33686.5983748,Intel(R) Xeon(R) Platinum 8252C CPU @ 3.80GHz,Intel(R) Xeon(R) Platinum 8252C CPU @ 3.80GHz,Intel
m5zn.large,us-east-1,use1-az1,3,20.0,30.0,3.0,0.1652,0.0734,55,m5zn,General,m,2.0,8.0,33689.556138600004,Intel(R) Xeon(R) Platinum 8252C CPU @ 3.80GHz,Intel(R) Xeon(R) Platinum 8252C CPU @ 3.80GHz,Intel
m5zn.large,us-east-1,use1-az2,3,25.0,45.0,3.0,0.1652,0.0667,59,m5zn,General,m,2.0,8.0,33689.556138600004,Intel(R) Xeon(R) Platinum 8252C CPU @ 3.80GHz,Intel(R) Xeon(R) Platinum 8252C CPU @ 3.80GHz,Intel
m5zn.large,us-east-1,use1-az4,3,30.0,45.0,3.0,0.1652,0.0647,60,m5zn,General,m,2.0,8.0,33689.556138600004,Intel(R) Xeon(R) Platinum 8252C CPU @ 3.80GHz,Intel(R) Xeon(R) Platinum 8252C CPU @ 3.80GHz,Intel
m5zn.large,us-east-1,use1-az5,3,30.0,40.0,3.0,0.1652,0.0621,62,m5zn,General,m,2.0,8.0,33689.556138600004,Intel(R) Xeon(R) Platinum 8252C CPU @ 3.80GHz,Intel(R) Xeon(R) Platinum 8252C CPU @ 3.80GHz,Intel
m5zn.large,us-east-1,use1-az6,3,30.0,45.0,3.0,0.1652,0.0632,61,m5zn,General,m,2.0,8.0,33689.556138600004,Intel(R) Xeon(R) Platinum 8252C CPU @ 3.80GHz,Intel(R) Xeon(R) Platinum 8252C CPU @ 3.80GHz,Intel
m5zn.xlarge,us-east-1,use1-az1,3,5.0,10.0,2.5,0.3303,0.1776,46,m5zn,General,m,4.0,16.0,33664.189208799995,Intel(R) Xeon(R) Platinum 8252C CPU @ 3.80GHz,Intel(R) Xeon(R) Platinum 8252C CPU @ 3.80GHz,Intel
m5zn.xlarge,us-east-1,use1-az2,3,5.0,5.0,2.5,0.3303,0.1846,44,m5zn,General,m,4.0,16.0,33664.189208799995,Intel(R) Xeon(R) Platinum 8252C CPU @ 3.80GHz,Intel(R) Xeon(R) Platinum 8252C CPU @ 3.80GHz,Intel
m5zn.xlarge,us-east-1,use1-az4,3,5.0,5.0,2.5,0.3303,0.1623,50,m5zn,General,m,4.0,16.0,33664.189208799995,Intel(R) Xeon(R) Platinum 8252C CPU @ 3.80GHz,Intel(R) Xeon(R) Platinum 8252C CPU @ 3.80GHz,Intel
m5zn.xlarge,us-east-1,use1-az5,3,5.0,5.0,2.5,0.3303,0.1903,42,m5zn,General,m,4.0,16.0,33664.189208799995,Intel(R) Xeon(R) Platinum 8252C CPU @ 3.80GHz,Intel(R) Xeon(R) Platinum 8252C CPU @ 3.80GHz,Intel
m5zn.xlarge,us-east-1,use1-az6,3,20.0,30.0,2.5,0.3303,0.1605,51,m5zn,General,m,4.0,16.0,33664.189208799995,Intel(R) Xeon(R) Platinum 8252C CPU @ 3.80GHz,Intel(R) Xeon(R) Platinum 8252C CPU @ 3.80GHz,Intel
m6a.12xlarge,us-east-1,use1-az1,3,5.0,10.0,1.0,2.0736,0.8218,60,m6a,General,m,48.0,192.0,33522.85611420001,AMD EPYC 7R13 Processor,AMD EPYC 7R13 Processor,AuthenticAMD
m6a.12xlarge,us-east-1,use1-az2,3,10.0,15.0,1.0,2.0736,0.9098,56,m6a,General,m,48.0,192.0,33522.85611420001,AMD EPYC 7R13 Processor,AMD EPYC 7R13 Processor,AuthenticAMD
m6a.12xlarge,us-east-1,use1-az4,3,30.0,45.0,1.0,2.0736,0.8526,58,m6a,General,m,48.0,192.0,33522.85611420001,AMD EPYC 7R13 Processor,AMD EPYC 7R13 Processor,AuthenticAMD
m6a.12xlarge,us-east-1,use1-az5,3,1.0,1.0,1.0,2.0736,1.0351,50,m6a,General,m,48.0,192.0,33522.85611420001,AMD EPYC 7R13 Processor,AMD EPYC 7R13 Processor,AuthenticAMD
m6a.12xlarge,us-east-1,use1-az6,3,5.0,10.0,1.0,2.0736,0.8108,60,m6a,General,m,48.0,192.0,33522.85611420001,AMD EPYC 7R13 Processor,AMD EPYC 7R13 Processor,AuthenticAMD
m6a.16xlarge,us-east-1,use1-az1,3,1.0,5.0,1.5,2.7648,1.0652,61,m6a,General,m,64.0,256.0,33364.7009806,AMD EPYC 7R13 Processor,AMD EPYC 7R13 Processor,AuthenticAMD
m6a.16xlarge,us-east-1,use1-az2,3,1.0,1.0,1.5,2.7648,1.0859,60,m6a,General,m,64.0,256.0,33364.7009806,AMD EPYC 7R13 Processor,AMD EPYC 7R13 Processor,AuthenticAMD
m6a.16xlarge,us-east-1,use1-az4,3,5.0,5.0,1.5,2.7648,1.0312,62,m6a,General,m,64.0,256.0,33364.7009806,AMD EPYC 7R13 Processor,AMD EPYC 7R13 Processor,AuthenticAMD
m6a.16xlarge,us-east-1,use1-az5,2,0.0,1.0,1.5,2.7648,1.2777,53,m6a,General,m,64.0,256.0,33364.7009806,AMD EPYC 7R13 Processor,AMD EPYC 7R13 Processor,AuthenticAMD
m6a.16xlarge,us-east-1,use1-az6,3,1.0,5.0,1.5,2.7648,1.0093,63,m6a,General,m,64.0,256.0,33364.7009806,AMD EPYC 7R13 Processor,AMD EPYC 7R13 Processor,AuthenticAMD
m6a.24xlarge,us-east-1,use1-az1,3,1.0,1.0,1.0,4.1472,1.461,64,m6a,General,m,96.0,384.0,33350.926862800006,AMD EPYC 7R13 Processor,AMD EPYC 7R13 Processor,AuthenticAMD
m6a.24xlarge,us-east-1,use1-az2,3,1.0,5.0,1.0,4.1472,1.5768,61,m6a,General,m,96.0,384.0,33350.926862800006,AMD EPYC 7R13 Processor,AMD EPYC 7R13 Processor,AuthenticAMD
m6a.24xlarge,us-east-1,use1-az4,3,1.0,5.0,1.0,4.1472,1.4788,64,m6a,General,m,96.0,384.0,33350.926862800006,AMD EPYC 7R13 Processor,AMD EPYC 7R13 Processor,AuthenticAMD
m6a.24xlarge,us-east-1,use1-az5,3,1.0,5.0,1.0,4.1472,1.6676,59,m6a,General,m,96.0,384.0,33350.926862800006,AMD EPYC 7R13 Processor,AMD EPYC 7R13 Processor,AuthenticAMD
m6a.24xlarge,us-east-1,use1-az6,2,0.0,1.0,1.0,4.1472,1.5176,63,m6a,General,m,96.0,384.0,33350.926862800006,AMD EPYC 7R13 Processor,AMD EPYC 7R13 Processor,AuthenticAMD
m6a.2xlarge,us-east-1,use1-az1,3,50.0,50.0,2.5,0.3456,0.1531,55,m6a,General,m,8.0,32.0,33335.892700200005,AMD EPYC 7R13 Processor,AMD EPYC 7R13 Processor,AuthenticAMD
m6a.2xlarge,us-east-1,use1-az2,3,50.0,50.0,2.5,0.3456,0.1879,45,m6a,General,m,8.0,32.0,33335.892700200005,AMD EPYC 7R13 Processor,AMD EPYC 7R13 Processor,AuthenticAMD
m6a.2xlarge,us-east-1,use1-az4,3,50.0,50.0,2.5,0.3456,0.1894,45,m6a,General,m,8.0,32.0,33335.892700200005,AMD EPYC 7R13 Processor,AMD EPYC 7R13 Processor,AuthenticAMD
m6a.2xlarge,us-east-1,use1-az5,3,50.0,50.0,2.5,0.3456,0.1483,57,m6a,General,m,8.0,32.0,33335.892700200005,AMD EPYC 7R13 Processor,AMD EPYC 7R13 Processor,AuthenticAMD
m6a.2xlarge,us-east-1,use1-az6,3,50.0,50.0,2.5,0.3456,0.1699,50,m6a,General,m,8.0,32.0,33335.892700200005,AMD EPYC 7R13 Processor,AMD EPYC 7R13 Processor,AuthenticAMD
m6a.32xlarge,us-east-1,use1-az1,2,0.0,1.0,1.0,5.5296,2.0071,63,m6a,General,m,128.0,512.0,34260.509088,AMD EPYC 7R13 Processor,AMD EPYC 7R13 Processor,AuthenticAMD
m6a.32xlarge,us-east-1,use1-az2,2,0.0,1.0,1.0,5.5296,2.0339,63,m6a,General,m,128.0,512.0,34260.509088,AMD EPYC 7R13 Processor,AMD EPYC 7R13 Processor,AuthenticAMD
m6a.32xlarge,us-east-1,use1-az4,3,1.0,1.0,1.0,5.5296,1.9929,63,m6a,General,m,128.0,512.0,34260.509088,AMD EPYC 7R13 Processor,AMD EPYC 7R13 Processor,AuthenticAMD
m6a.32xlarge,us-east-1,use1-az5,2,0.0,1.0,1.0,5.5296,2.8397,48,m6a,General,m,128.0,512.0,34260.509088,AMD EPYC 7R13 Processor,AMD EPYC 7R13 Processor,AuthenticAMD
m6a.32xlarge,us-east-1,use1-az6,1,0.0,0.0,1.0,5.5296,1.8252,66,m6a,General,m,128.0,512.0,34260.509088,AMD EPYC 7R13 Processor,AMD EPYC 7R13 Processor,AuthenticAMD
m6a.48xlarge,us-east-1,use1-az1,3,1.0,1.0,1.0,8.2944,3.5499,57,m6a,General,m,192.0,768.0,33360.0555802,AMD EPYC 7R13 Processor,AMD EPYC 7R13 Processor,AuthenticAMD
m6a.48xlarge,us-east-1,use1-az2,1,0.0,0.0,1.0,8.2944,3.222,61,m6a,General,m,192.0,768.0,33360.0555802,AMD EPYC 7R13 Processor,AMD EPYC 7R13 Processor,AuthenticAMD
m6a.48xlarge,us-east-1,use1-az4,2,0.0,1.0,1.0,8.2944,2.9015,65,m6a,General,m,192.0,768.0,33360.0555802,AMD EPYC 7R13 Processor,AMD EPYC 7R13 Processor,AuthenticAMD
m6a.48xlarge,us-east-1,use1-az5,1,0.0,0.0,1.0,8.2944,3.9799,52,m6a,General,m,192.0,768.0,33360.0555802,AMD EPYC 7R13 Processor,AMD EPYC 7R13 Processor,AuthenticAMD
m6a.48xlarge,us-east-1,use1-az6,3,1.0,1.0,1.0,8.2944,3.7993,54,m6a,General,m,192.0,768.0,33360.0555802,AMD EPYC 7R13 Processor,AMD EPYC 7R13 Processor,AuthenticAMD
m6a.4xlarge,us-east-1,use1-az1,3,50.0,50.0,1.5,0.6912,0.3417,50,m6a,General,m,16.0,64.0,33325.586020400006,AMD EPYC 7R13 Processor,AMD EPYC 7R13 Processor,AuthenticAMD
m6a.4xlarge,us-east-1,use1-az2,3,50.0,50.0,1.5,0.6912,0.3525,49,m6a,General,m,16.0,64.0,33325.586020400006,AMD EPYC 7R13 Processor,AMD EPYC 7R13 Processor,AuthenticAMD
m6a.4xlarge,us-east-1,use1-az4,3,50.0,50.0,1.5,0.6912,0.4032,41,m6a,General,m,16.0,64.0,33325.586020400006,AMD EPYC 7R13 Processor,AMD EPYC 7R13 Processor,AuthenticAMD
m6a.4xlarge,us-east-1,use1-az5,3,50.0,50.0,1.5,0.6912,0.3675,46,m6a,General,m,16.0,64.0,33325.586020400006,AMD EPYC 7R13 Processor,AMD EPYC 7R13 Processor,AuthenticAMD
m6a.4xlarge,us-east-1,use1-az6,3,50.0,50.0,1.5,0.6912,0.3418,50,m6a,General,m,16.0,64.0,33325.586020400006,AMD EPYC 7R13 Processor,AMD EPYC 7R13 Processor,AuthenticAMD
m6a.8xlarge,us-east-1,use1-az1,3,30.0,45.0,1.5,1.3824,0.6179,55,m6a,General,m,32.0,128.0,33327.5873404,AMD EPYC 7R13 Processor,AMD EPYC 7R13 Processor,AuthenticAMD
m6a.8xlarge,us-east-1,use1-az2,3,50.0,50.0,1.5,1.3824,0.6229,54,m6a,General,m,32.0,128.0,33327.5873404,AMD EPYC 7R13 Processor,AMD EPYC 7R13 Processor,AuthenticAMD
m6a.8xlarge,us-east-1,use1-az4,3,50.0,50.0,1.5,1.3824,0.5806,58,m6a,General,m,32.0,128.0,33327.5873404,AMD EPYC 7R13 Processor,AMD EPYC 7R13 Processor,AuthenticAMD
m6a.8xlarge,us-east-1,use1-az5,3,20.0,35.0,1.5,1.3824,0.7047,49,m6a,General,m,32.0,128.0,33327.5873404,AMD EPYC 7R13 Processor,AMD EPYC 7R13 Processor,AuthenticAMD
m6a.8xlarge,us-east-1,use1-az6,3,40.0,50.0,1.5,1.3824,0.6144,55,m6a,General,m,32.0,128.0,33327.5873404,AMD EPYC 7R13 Processor,AMD EPYC 7R13 Processor,AuthenticAMD
m6a.large,us-east-1,use1-az1,3,50.0,50.0,3.0,0.0864,0.0375,56,m6a,General,m,2.0,8.0,33335.858609400006,AMD EPYC 7R13 Processor,AMD EPYC 7R13 Processor,AuthenticAMD
m6a.large,us-east-1,use1-az2,3,50.0,50.0,3.0,0.0864,0.039,54,m6a,General,m,2.0,8.0,33335.858609400006,AMD EPYC 7R13 Processor,AMD EPYC 7R13 Processor,AuthenticAMD
m6a.large,us-east-1,use1-az4,3,50.0,50.0,3.0,0.0864,0.0376,56,m6a,General,m,2.0,8.0,33335.858609400006,AMD EPYC 7R13 Processor,AMD EPYC 7R13 Processor,AuthenticAMD
m6a.large,us-east-1,use1-az5,3,50.0,50.0,3.0,0.0864,0.0356,58,m6a,General,m,2.0,8.0,33335.858609400006,AMD EPYC 7R13 Processor,AMD EPYC 7R13 Processor,AuthenticAMD
m6a.large,us-east-1,use1-az6,3,50.0,50.0,3.0,0.0864,0.0363,57,m6a,General,m,2.0,8.0,33335.858609400006,AMD EPYC 7R13 Processor,AMD EPYC 7R13 Processor,AuthenticAMD
m6a.xlarge,us-east-1,use1-az1,3,50.0,50.0,3.0,0.1728,0.0837,51,m6a,General,m,4.0,16.0,33287.7836416,AMD EPYC 7R13 Processor,AMD EPYC 7R13 Processor,AuthenticAMD
m6a.xlarge,us-east-1,use1-az2,3,50.0,50.0,3.0,0.1728,0.082,52,m6a,General,m,4.0,16.0,33287.7836416,AMD EPYC 7R13 Processor,AMD EPYC 7R13 Processor,AuthenticAMD
m6a.xlarge,us-east-1,use1-az4,3,50.0,50.0,3.0,0.1728,0.0827,52,m6a,General,m,4.0,16.0,33287.7836416,AMD EPYC 7R13 Processor,AMD EPYC 7R13 Processor,AuthenticAMD
m6a.xlarge,us-east-1,use1-az5,3,50.0,50.0,3.0,0.1728,0.0726,57,m6a,General,m,4.0,16.0,33287.7836416,AMD EPYC 7R13 Processor,AMD EPYC 7R13 Processor,AuthenticAMD
m6a.xlarge,us-east-1,use1-az6,3,50.0,50.0,3.0,0.1728,0.0774,55,m6a,General,m,4.0,16.0,33287.7836416,AMD EPYC 7R13 Processor,AMD EPYC 7R13 Processor,AuthenticAMD
m6g.12xlarge,us-east-1,use1-az1,3,30.0,45.0,1.0,1.848,0.7183,61,m6g,General,m,48.0,192.0,19342.9599576,AWS Graviton2 Processor,Neoverse-N1,AWS
m6g.12xlarge,us-east-1,use1-az2,3,50.0,50.0,1.0,1.848,0.6203,66,m6g,General,m,48.0,192.0,19342.9599576,AWS Graviton2 Processor,Neoverse-N1,AWS
m6g.12xlarge,us-east-1,use1-az4,3,50.0,50.0,1.0,1.848,0.6167,66,m6g,General,m,48.0,192.0,19342.9599576,AWS Graviton2 Processor,Neoverse-N1,AWS
m6g.12xlarge,us-east-1,use1-az5,3,5.0,10.0,1.0,1.848,0.6572,64,m6g,General,m,48.0,192.0,19342.9599576,AWS Graviton2 Processor,Neoverse-N1,AWS
m6g.12xlarge,us-east-1,use1-az6,3,50.0,50.0,1.0,1.848,0.6202,66,m6g,General,m,48.0,192.0,19342.9599576,AWS Graviton2 Processor,Neoverse-N1,AWS
m6g.16xlarge,us-east-1,use1-az1,3,10.0,15.0,2.0,2.464,0.8954,63,m6g,General,m,64.0,256.0,19336.6024214,AWS Graviton2 Processor,Neoverse-N1,AWS
m6g.16xlarge,us-east-1,use1-az2,3,50.0,50.0,2.0,2.464,0.8687,64,m6g,General,m,64.0,256.0,19336.6024214,AWS Graviton2 Processor,Neoverse-N1,AWS
m6g.16xlarge,us-east-1,use1-az4,3,50.0,50.0,2.0,2.464,0.8203,66,m6g,General,m,64.0,256.0,19336.6024214,AWS Graviton2 Processor,Neoverse-N1,AWS
m6g.16xlarge,us-east-1,use1-az5,3,1.0,1.0,2.0,2.464,0.8253,66,m6g,General,m,64.0,256.0,19336.6024214,AWS Graviton2 Processor,Neoverse-N1,AWS
m6g.16xlarge,us-east-1,use1-az6,3,50.0,50.0,2.0,2.464,0.8742,64,m6g,General,m,64.0,256.0,19336.6024214,AWS Graviton2 Processor,Neoverse-N1,AWS
m6g.2xlarge,us-east-1,use1-az1,3,50.0,50.0,2.0,0.308,0.1174,61,m6g,General,m,8.0,32.0,19342.736360200004,AWS Graviton2 Processor,Neoverse-N1,AWS
m6g.2xlarge,us-east-1,use1-az2,3,50.0,50.0,2.0,0.308,0.1188,61,m6g,General,m,8.0,32.0,19342.736360200004,AWS Graviton2 Processor,Neoverse-N1,AWS
m6g.2xlarge,us-east-1,use1-az4,3,50.0,50.0,2.0,0.308,0.1167,62,m6g,General,m,8.0,32.0,19342.736360200004,AWS Graviton2 Processor,Neoverse-N1,AWS
m6g.2xlarge,us-east-1,use1-az5,3,50.0,50.0,2.0,0.308,0.1101,64,m6g,General,m,8.0,32.0,19342.736360200004,AWS Graviton2 Processor,Neoverse-N1,AWS
m6g.2xlarge,us-east-1,use1-az6,3,50.0,50.0,2.0,0.308,0.1216,60,m6g,General,m,8.0,32.0,19342.736360200004,AWS Graviton2 Processor,Neoverse-N1,AWS
m6g.4xlarge,us-east-1,use1-az1,3,50.0,50.0,2.0,0.616,0.2592,57,m6g,General,m,16.0,64.0,19335.256272,AWS Graviton2 Processor,Neoverse-N1,AWS
m6g.4xlarge,us-east-1,use1-az2,3,50.0,50.0,2.0,0.616,0.2386,61,m6g,General,m,16.0,64.0,19335.256272,AWS Graviton2 Processor,Neoverse-N1,AWS
m6g.4xlarge,us-east-1,use1-az4,3,50.0,50.0,2.0,0.616,0.2375,61,m6g,General,m,16.0,64.0,19335.256272,AWS Graviton2 Processor,Neoverse-N1,AWS
m6g.4xlarge,us-east-1,use1-az5,3,50.0,50.0,2.0,0.616,0.2255,63,m6g,General,m,16.0,64.0,19335.256272,AWS Graviton2 Processor,Neoverse-N1,AWS
m6g.4xlarge,us-east-1,use1-az6,3,50.0,50.0,2.0,0.616,0.2225,63,m6g,General,m,16.0,64.0,19335.256272,AWS Graviton2 Processor,Neoverse-N1,AWS
m6g.8xlarge,us-east-1,use1-az1,3,20.0,35.0,1.5,1.232,0.5577,54,m6g,General,m,32.0,128.0,19339.593148599997,AWS Graviton2 Processor,Neoverse-N1,AWS
m6g.8xlarge,us-east-1,use1-az2,3,50.0,50.0,1.5,1.232,0.4738,61,m6g,General,m,32.0,128.0,19339.593148599997,AWS Graviton2 Processor,Neoverse-N1,AWS
m6g.8xlarge,us-east-1,use1-az4,3,50.0,50.0,1.5,1.232,0.4327,64,m6g,General,m,32.0,128.0,19339.593148599997,AWS Graviton2 Processor,Neoverse-N1,AWS
m6g.8xlarge,us-east-1,use1-az5,3,45.0,50.0,1.5,1.232,0.4587,62,m6g,General,m,32.0,128.0,19339.593148599997,AWS Graviton2 Processor,Neoverse-N1,AWS
m6g.8xlarge,us-east-1,use1-az6,3,50.0,50.0,1.5,1.232,0.4118,66,m6g,General,m,32.0,128.0,19339.593148599997,AWS Graviton2 Processor,Neoverse-N1,AWS
m6g.large,us-east-1,use1-az1,3,45.0,50.0,1.5,0.077,0.0372,51,m6g,General,m,2.0,8.0,19337.722871600003,AWS Graviton2 Processor,Neoverse-N1,AWS
m6g.large,us-east-1,use1-az2,3,50.0,50.0,1.5,0.077,0.0301,60,m6g,General,m,2.0,8.0,19337.722871600003,AWS Graviton2 Processor,Neoverse-N1,AWS
m6g.large,us-east-1,use1-az4,3,50.0,50.0,1.5,0.077,0.0282,63,m6g,General,m,2.0,8.0,19337.722871600003,AWS Graviton2 Processor,Neoverse-N1,AWS
m6g.large,us-east-1,use1-az5,3,50.0,50.0,1.5,0.077,0.0275,64,m6g,General,m,2.0,8.0,19337.722871600003,AWS Graviton2 Processor,Neoverse-N1,AWS
m6g.large,us-east-1,use1-az6,3,50.0,50.0,1.5,0.077,0.0284,63,m6g,General,m,2.0,8.0,19337.722871600003,AWS Graviton2 Processor,Neoverse-N1,AWS
m6g.medium,us-east-1,use1-az1,3,5.0,10.0,1.5,0.0385,0.0158,58,m6g,General,m,1.0,4.0,19328.8387944,AWS Graviton2 Processor,Neoverse-N1,AWS
m6g.medium,us-east-1,use1-az2,3,20.0,35.0,1.5,0.0385,0.0166,56,m6g,General,m,1.0,4.0,19328.8387944,AWS Graviton2 Processor,Neoverse-N1,AWS
m6g.medium,us-east-1,use1-az4,3,30.0,45.0,1.5,0.0385,0.0152,60,m6g,General,m,1.0,4.0,19328.8387944,AWS Graviton2 Processor,Neoverse-N1,AWS
m6g.medium,us-east-1,use1-az5,3,5.0,5.0,1.5,0.0385,0.0146,62,m6g,General,m,1.0,4.0,19328.8387944,AWS Graviton2 Processor,Neoverse-N1,AWS
m6g.medium,us-east-1,use1-az6,3,15.0,20.0,1.5,0.0385,0.0162,57,m6g,General,m,1.0,4.0,19328.8387944,AWS Graviton2 Processor,Neoverse-N1,AWS
m6g.xlarge,us-east-1,use1-az1,3,50.0,50.0,1.5,0.154,0.0582,62,m6g,General,m,4.0,16.0,19339.4457884,AWS Graviton2 Processor,Neoverse-N1,AWS
m6g.xlarge,us-east-1,use1-az2,3,50.0,50.0,1.5,0.154,0.0545,64,m6g,General,m,4.0,16.0,19339.4457884,AWS Graviton2 Processor,Neoverse-N1,AWS
m6g.xlarge,us-east-1,use1-az4,3,50.0,50.0,1.5,0.154,0.0568,63,m6g,General,m,4.0,16.0,19339.4457884,AWS Graviton2 Processor,Neoverse-N1,AWS
m6g.xlarge,us-east-1,use1-az5,3,50.0,50.0,1.5,0.154,0.0514,66,m6g,General,m,4.0,16.0,19339.4457884,AWS Graviton2 Processor,Neoverse-N1,AWS
m6g.xlarge,us-east-1,use1-az6,3,50.0,50.0,1.5,0.154,0.0528,65,m6g,General,m,4.0,16.0,19339.4457884,AWS Graviton2 Processor,Neoverse-N1,AWS
m6gd.12xlarge,us-east-1,use1-az1,1,0.0,0.0,1.0,2.1696,0.7887,63,m6gd,General,m,48.0,192.0,19335.2564,AWS Graviton2 Processor,Neoverse-N1,AWS
m6gd.12xlarge,us-east-1,use1-az2,3,5.0,10.0,1.0,2.1696,0.7133,67,m6gd,General,m,48.0,192.0,19335.2564,AWS Graviton2 Processor,Neoverse-N1,AWS
m6gd.12xlarge,us-east-1,use1-az4,3,1.0,1.0,1.0,2.1696,0.7419,65,m6gd,General,m,48.0,192.0,19335.2564,AWS Graviton2 Processor,Neoverse-N1,AWS
m6gd.12xlarge,us-east-1,use1-az5,3,50.0,50.0,1.0,2.1696,0.704,67,m6gd,General,m,48.0,192.0,19335.2564,AWS Graviton2 Processor,Neoverse-N1,AWS
m6gd.12xlarge,us-east-1,use1-az6,3,35.0,45.0,1.0,2.1696,0.7914,63,m6gd,General,m,48.0,192.0,19335.2564,AWS Graviton2 Processor,Neoverse-N1,AWS
m6gd.16xlarge,us-east-1,use1-az1,1,0.0,0.0,1.5,2.8928,1.4568,49,m6gd,General,m,64.0,256.0,19339.2938,AWS Graviton2 Processor,Neoverse-N1,AWS
m6gd.16xlarge,us-east-1,use1-az2,3,5.0,10.0,1.5,2.8928,1.0821,62,m6gd,General,m,64.0,256.0,19339.2938,AWS Graviton2 Processor,Neoverse-N1,AWS
m6gd.16xlarge,us-east-1,use1-az4,3,5.0,5.0,1.5,2.8928,1.0745,62,m6gd,General,m,64.0,256.0,19339.2938,AWS Graviton2 Processor,Neoverse-N1,AWS
m6gd.16xlarge,us-east-1,use1-az5,3,25.0,35.0,1.5,2.8928,0.9333,67,m6gd,General,m,64.0,256.0,19339.2938,AWS Graviton2 Processor,Neoverse-N1,AWS
m6gd.16xlarge,us-east-1,use1-az6,3,25.0,45.0,1.5,2.8928,1.0224,64,m6gd,General,m,64.0,256.0,19339.2938,AWS Graviton2 Processor,Neoverse-N1,AWS
m6gd.2xlarge,us-east-1,use1-az1,3,1.0,1.0,1.0,0.3616,0.2016,44,m6gd,General,m,8.0,32.0,19333.3108,AWS Graviton2 Processor,Neoverse-N1,AWS
m6gd.2xlarge,us-east-1,use1-az2,3,50.0,50.0,1.0,0.3616,0.133,63,m6gd,General,m,8.0,32.0,19333.3108,AWS Graviton2 Processor,Neoverse-N1,AWS
m6gd.2xlarge,us-east-1,use1-az4,3,50.0,50.0,1.0,0.3616,0.1274,64,m6gd,General,m,8.0,32.0,19333.3108,AWS Graviton2 Processor,Neoverse-N1,AWS
m6gd.2xlarge,us-east-1,use1-az5,3,30.0,45.0,1.0,0.3616,0.1446,60,m6gd,General,m,8.0,32.0,19333.3108,AWS Graviton2 Processor,Neoverse-N1,AWS
m6gd.2xlarge,us-east-1,use1-az6,3,5.0,15.0,1.0,0.3616,0.2243,37,m6gd,General,m,8.0,32.0,19333.3108,AWS Graviton2 Processor,Neoverse-N1,AWS
m6gd.4xlarge,us-east-1,use1-az1,1,0.0,0.0,1.0,0.7232,0.3782,47,m6gd,General,m,16.0,64.0,19333.6849,AWS Graviton2 Processor,Neoverse-N1,AWS
m6gd.4xlarge,us-east-1,use1-az2,3,10.0,10.0,1.0,0.7232,0.3609,50,m6gd,General,m,16.0,64.0,19333.6849,AWS Graviton2 Processor,Neoverse-N1,AWS
m6gd.4xlarge,us-east-1,use1-az4,3,1.0,1.0,1.0,0.7232,0.3647,49,m6gd,General,m,16.0,64.0,19333.6849,AWS Graviton2 Processor,Neoverse-N1,AWS
m6gd.4xlarge,us-east-1,use1-az5,3,50.0,50.0,1.0,0.7232,0.2747,62,m6gd,General,m,16.0,64.0,19333.6849,AWS Graviton2 Processor,Neoverse-N1,AWS
m6gd.4xlarge,us-east-1,use1-az6,3,15.0,20.0,1.0,0.7232,0.3688,49,m6gd,General,m,16.0,64.0,19333.6849,AWS Graviton2 Processor,Neoverse-N1,AWS
m6gd.8xlarge,us-east-1,use1-az1,1,0.0,0.0,1.0,1.4464,0.6614,54,m6gd,General,m,32.0,128.0,19334.1331,AWS Graviton2 Processor,Neoverse-N1,AWS
m6gd.8xlarge,us-east-1,use1-az2,3,10.0,15.0,1.0,1.4464,0.5551,61,m6gd,General,m,32.0,128.0,19334.1331,AWS Graviton2 Processor,Neoverse-N1,AWS
m6gd.8xlarge,us-east-1,use1-az4,3,1.0,5.0,1.0,1.4464,0.5648,60,m6gd,General,m,32.0,128.0,19334.1331,AWS Graviton2 Processor,Neoverse-N1,AWS
m6gd.8xlarge,us-east-1,use1-az5,3,10.0,20.0,1.0,1.4464,0.5694,60,m6gd,General,m,32.0,128.0,19334.1331,AWS Graviton2 Processor,Neoverse-N1,AWS
m6gd.8xlarge,us-east-1,use1-az6,3,15.0,30.0,1.0,1.4464,0.5994,58,m6gd,General,m,32.0,128.0,19334.1331,AWS Graviton2 Processor,Neoverse-N1,AWS
m6gd.large,us-east-1,use1-az1,3,50.0,50.0,2.5,0.0904,0.0403,55,m6gd,General,m,2.0,8.0,19339.6689,AWS Graviton2 Processor,Neoverse-N1,AWS
m6gd.large,us-east-1,use1-az2,3,50.0,50.0,2.5,0.0904,0.0344,61,m6gd,General,m,2.0,8.0,19339.6689,AWS Graviton2 Processor,Neoverse-N1,AWS
m6gd.large,us-east-1,use1-az4,3,50.0,50.0,2.5,0.0904,0.0325,64,m6gd,General,m,2.0,8.0,19339.6689,AWS Graviton2 Processor,Neoverse-N1,AWS
m6gd.large,us-east-1,use1-az5,3,20.0,35.0,2.5,0.0904,0.0346,61,m6gd,General,m,2.0,8.0,19339.6689,AWS Graviton2 Processor,Neoverse-N1,AWS
m6gd.large,us-east-1,use1-az6,3,45.0,50.0,2.5,0.0904,0.0348,61,m6gd,General,m,2.0,8.0,19339.6689,AWS Graviton2 Processor,Neoverse-N1,AWS
m6gd.medium,us-east-1,use1-az1,3,1.0,5.0,2.5,0.0452,0.0173,61,m6gd,General,m,1.0,4.0,19334.5127,AWS Graviton2 Processor,Neoverse-N1,AWS
m6gd.medium,us-east-1,use1-az2,3,5.0,5.0,2.5,0.0452,0.0171,62,m6gd,General,m,1.0,4.0,19334.5127,AWS Graviton2 Processor,Neoverse-N1,AWS
m6gd.medium,us-east-1,use1-az4,3,1.0,5.0,2.5,0.0452,0.0171,62,m6gd,General,m,1.0,4.0,19334.5127,AWS Graviton2 Processor,Neoverse-N1,AWS
m6gd.medium,us-east-1,use1-az5,3,10.0,15.0,2.5,0.0452,0.0148,67,m6gd,General,m,1.0,4.0,19334.5127,AWS Graviton2 Processor,Neoverse-N1,AWS
m6gd.medium,us-east-1,use1-az6,3,1.0,5.0,2.5,0.0452,0.0181,59,m6gd,General,m,1.0,4.0,19334.5127,AWS Graviton2 Processor,Neoverse-N1,AWS
m6gd.xlarge,us-east-1,use1-az1,3,1.0,10.0,1.0,0.1808,0.1224,32,m6gd,General,m,4.0,16.0,19336.1573,AWS Graviton2 Processor,Neoverse-N1,AWS
m6gd.xlarge,us-east-1,use1-az2,3,25.0,40.0,1.0,0.1808,0.0864,52,m6gd,General,m,4.0,16.0,19336.1573,AWS Graviton2 Processor,Neoverse-N1,AWS
m6gd.xlarge,us-east-1,use1-az4,3,15.0,25.0,1.0,0.1808,0.0974,46,m6gd,General,m,4.0,16.0,19336.1573,AWS Graviton2 Processor,Neoverse-N1,AWS
m6gd.xlarge,us-east-1,use1-az5,3,30.0,50.0,1.0,0.1808,0.0766,57,m6gd,General,m,4.0,16.0,19336.1573,AWS Graviton2 Processor,Neoverse-N1,AWS
m6gd.xlarge,us-east-1,use1-az6,3,25.0,30.0,1.0,0.1808,0.1003,44,m6gd,General,m,4.0,16.0,19336.1573,AWS Graviton2 Processor,Neoverse-N1,AWS
m6i.12xlarge,us-east-1,use1-az1,3,1.0,1.0,1.0,2.304,0.9965,56,m6i,General,m,48.0,192.0,28913.2309054,Intel(R) Xeon(R) Platinum 8375C CPU @ 2.90GHz,Intel(R) Xeon(R) Platinum 8375C CPU @ 2.90GHz,Intel
m6i.12xlarge,us-east-1,use1-az2,3,10.0,15.0,1.0,2.304,0.9001,60,m6i,General,m,48.0,192.0,28913.2309054,Intel(R) Xeon(R) Platinum 8375C CPU @ 2.90GHz,Intel(R) Xeon(R) Platinum 8375C CPU @ 2.90GHz,Intel
m6i.12xlarge,us-east-1,use1-az4,3,50.0,50.0,1.0,2.304,0.8035,65,m6i,General,m,48.0,192.0,28913.2309054,Intel(R) Xeon(R) Platinum 8375C CPU @ 2.90GHz,Intel(R) Xeon(R) Platinum 8375C CPU @ 2.90GHz,Intel
m6i.12xlarge,us-east-1,use1-az5,3,1.0,1.0,1.0,2.304,0.8493,63,m6i,General,m,48.0,192.0,28913.2309054,Intel(R) Xeon(R) Platinum 8375C CPU @ 2.90GHz,Intel(R) Xeon(R) Platinum 8375C CPU @ 2.90GHz,Intel
m6i.12xlarge,us-east-1,use1-az6,3,50.0,50.0,1.0,2.304,0.8026,65,m6i,General,m,48.0,192.0,28913.2309054,Intel(R) Xeon(R) Platinum 8375C CPU @ 2.90GHz,Intel(R) Xeon(R) Platinum 8375C CPU @ 2.90GHz,Intel
m6i.16xlarge,us-east-1,use1-az1,3,5.0,5.0,2.5,3.072,1.5149,50,m6i,General,m,64.0,256.0,29031.286877600003,Intel(R) Xeon(R) Platinum 8375C CPU @ 2.90GHz,Intel(R) Xeon(R) Platinum 8375C CPU @ 2.90GHz,Intel
m6i.16xlarge,us-east-1,use1-az2,3,45.0,50.0,2.5,3.072,1.2559,59,m6i,General,m,64.0,256.0,29031.286877600003,Intel(R) Xeon(R) Platinum 8375C CPU @ 2.90GHz,Intel(R) Xeon(R) Platinum 8375C CPU @ 2.90GHz,Intel
m6i.16xlarge,us-east-1,use1-az4,3,20.0,25.0,2.5,3.072,1.3862,54,m6i,General,m,64.0,256.0,29031.286877600003,Intel(R) Xeon(R) Platinum 8375C CPU @ 2.90GHz,Intel(R) Xeon(R) Platinum 8375C CPU @ 2.90GHz,Intel
m6i.16xlarge,us-east-1,use1-az5,3,5.0,5.0,2.5,3.072,1.1783,61,m6i,General,m,64.0,256.0,29031.286877600003,Intel(R) Xeon(R) Platinum 8375C CPU @ 2.90GHz,Intel(R) Xeon(R) Platinum 8375C CPU @ 2.90GHz,Intel
m6i.16xlarge,us-east-1,use1-az6,3,40.0,50.0,2.5,3.072,1.2315,59,m6i,General,m,64.0,256.0,29031.286877600003,Intel(R) Xeon(R) Platinum 8375C CPU @ 2.90GHz,Intel(R) Xeon(R) Platinum 8375C CPU @ 2.90GHz,Intel
m6i.24xlarge,us-east-1,use1-az1,3,1.0,1.0,1.0,4.608,1.6967,63,m6i,General,m,96.0,384.0,29004.035257,Intel(R) Xeon(R) Platinum 8375C CPU @ 2.90GHz,Intel(R) Xeon(R) Platinum 8375C CPU @ 2.90GHz,Intel
m6i.24xlarge,us-east-1,use1-az2,3,40.0,50.0,1.0,4.608,1.5105,67,m6i,General,m,96.0,384.0,29004.035257,Intel(R) Xeon(R) Platinum 8375C CPU @ 2.90GHz,Intel(R) Xeon(R) Platinum 8375C CPU @ 2.90GHz,Intel
m6i.24xlarge,us-east-1,use1-az4,3,35.0,45.0,1.0,4.608,1.543,66,m6i,General,m,96.0,384.0,29004.035257,Intel(R) Xeon(R) Platinum 8375C CPU @ 2.90GHz,Intel(R) Xeon(R) Platinum 8375C CPU @ 2.90GHz,Intel
m6i.24xlarge,us-east-1,use1-az5,3,25.0,35.0,1.0,4.608,1.4595,68,m6i,General,m,96.0,384.0,29004.035257,Intel(R) Xeon(R) Platinum 8375C CPU @ 2.90GHz,Intel(R) Xeon(R) Platinum 8375C CPU @ 2.90GHz,Intel
m6i.24xlarge,us-east-1,use1-az6,3,50.0,50.0,1.0,4.608,1.5786,65,m6i,General,m,96.0,384.0,29004.035257,Intel(R) Xeon(R) Platinum 8375C CPU @ 2.90GHz,Intel(R) Xeon(R) Platinum 8375C CPU @ 2.90GHz,Intel
m6i.2xlarge,us-east-1,use1-az1,3,50.0,50.0,2.0,0.384,0.141,63,m6i,General,m,8.0,32.0,28957.3014792,Intel(R) Xeon(R) Platinum 8375C CPU @ 2.90GHz,Intel(R) Xeon(R) Platinum 8375C CPU @ 2.90GHz,Intel
m6i.2xlarge,us-east-1,use1-az2,3,50.0,50.0,2.0,0.384,0.1765,54,m6i,General,m,8.0,32.0,28957.3014792,Intel(R) Xeon(R) Platinum 8375C CPU @ 2.90GHz,Intel(R) Xeon(R) Platinum 8375C CPU @ 2.90GHz,Intel
m6i.2xlarge,us-east-1,use1-az4,3,50.0,50.0,2.0,0.384,0.1597,58,m6i,General,m,8.0,32.0,28957.3014792,Intel(R) Xeon(R) Platinum 8375C CPU @ 2.90GHz,Intel(R) Xeon(R) Platinum 8375C CPU @ 2.90GHz,Intel
m6i.2xlarge,us-east-1,use1-az5,3,50.0,50.0,2.0,0.384,0.1409,63,m6i,General,m,8.0,32.0,28957.3014792,Intel(R) Xeon(R) Platinum 8375C CPU @ 2.90GHz,Intel(R) Xeon(R) Platinum 8375C CPU @ 2.90GHz,Intel
m6i.2xlarge,us-east-1,use1-az6,3,50.0,50.0,2.0,0.384,0.1729,54,m6i,General,m,8.0,32.0,28957.3014792,Intel(R) Xeon(R) Platinum 8375C CPU @ 2.90GHz,Intel(R) Xeon(R) Platinum 8375C CPU @ 2.90GHz,Intel
m6i.32xlarge,us-east-1,use1-az1,1,0.0,0.0,1.0,6.144,2.0264,67,m6i,General,m,128.0,512.0,28895.912892,Intel(R) Xeon(R) Platinum 8375C CPU @ 2.90GHz,Intel(R) Xeon(R) Platinum 8375C CPU @ 2.90GHz,Intel
m6i.32xlarge,us-east-1,use1-az2,3,35.0,50.0,1.0,6.144,2.2994,62,m6i,General,m,128.0,512.0,28895.912892,Intel(R) Xeon(R) Platinum 8375C CPU @ 2.90GHz,Intel(R) Xeon(R) Platinum 8375C CPU @ 2.90GHz,Intel
m6i.32xlarge,us-east-1,use1-az4,3,20.0,30.0,1.0,6.144,2.2664,63,m6i,General,m,128.0,512.0,28895.912892,Intel(R) Xeon(R) Platinum 8375C CPU @ 2.90GHz,Intel(R) Xeon(R) Platinum 8375C CPU @ 2.90GHz,Intel
m6i.32xlarge,us-east-1,use1-az5,3,20.0,30.0,1.0,6.144,2.163,64,m6i,General,m,128.0,512.0,28895.912892,Intel(R) Xeon(R) Platinum 8375C CPU @ 2.90GHz,Intel(R) Xeon(R) Platinum 8375C CPU @ 2.90GHz,Intel
m6i.32xlarge,us-east-1,use1-az6,3,30.0,40.0,1.0,6.144,2.2782,62,m6i,General,m,128.0,512.0,28895.912892,Intel(R) Xeon(R) Platinum 8375C CPU @ 2.90GHz,Intel(R) Xeon(R) Platinum 8375C CPU @ 2.90GHz,Intel
m6i.4xlarge,us-east-1,use1-az1,3,15.0,20.0,1.0,0.768,0.3203,58,m6i,General,m,16.0,64.0,28994.1645516,Intel(R) Xeon(R) Platinum 8375C CPU @ 2.90GHz,Intel(R) Xeon(R) Platinum 8375C CPU @ 2.90GHz,Intel
m6i.4xlarge,us-east-1,use1-az2,3,50.0,50.0,1.0,0.768,0.2816,63,m6i,General,m,16.0,64.0,28994.1645516,Intel(R) Xeon(R) Platinum 8375C CPU @ 2.90GHz,Intel(R) Xeon(R) Platinum 8375C CPU @ 2.90GHz,Intel
m6i.4xlarge,us-east-1,use1-az4,3,50.0,50.0,1.0,0.768,0.2798,63,m6i,General,m,16.0,64.0,28994.1645516,Intel(R) Xeon(R) Platinum 8375C CPU @ 2.90GHz,Intel(R) Xeon(R) Platinum 8375C CPU @ 2.90GHz,Intel
m6i.4xlarge,us-east-1,use1-az5,3,50.0,50.0,1.0,0.768,0.275,64,m6i,General,m,16.0,64.0,28994.1645516,Intel(R) Xeon(R) Platinum 8375C CPU @ 2.90GHz,Intel(R) Xeon(R) Platinum 8375C CPU @ 2.90GHz,Intel
m6i.4xlarge,us-east-1,use1-az6,3,50.0,50.0,1.0,0.768,0.3077,59,m6i,General,m,16.0,64.0,28994.1645516,Intel(R) Xeon(R) Platinum 8375C CPU @ 2.90GHz,Intel(R) Xeon(R) Platinum 8375C CPU @ 2.90GHz,Intel
m6i.8xlarge,us-east-1,use1-az1,3,5.0,10.0,1.0,1.536,0.7327,52,m6i,General,m,32.0,128.0,28994.7648462,Intel(R) Xeon(R) Platinum 8375C CPU @ 2.90GHz,Intel(R) Xeon(R) Platinum 8375C CPU @ 2.90GHz,Intel
m6i.8xlarge,us-east-1,use1-az2,3,50.0,50.0,1.0,1.536,0.5975,61,m6i,General,m,32.0,128.0,28994.7648462,Intel(R) Xeon(R) Platinum 8375C CPU @ 2.90GHz,Intel(R) Xeon(R) Platinum 8375C CPU @ 2.90GHz,Intel
m6i.8xlarge,us-east-1,use1-az4,3,50.0,50.0,1.0,1.536,0.6007,60,m6i,General,m,32.0,128.0,28994.7648462,Intel(R) Xeon(R) Platinum 8375C CPU @ 2.90GHz,Intel(R) Xeon(R) Platinum 8375C CPU @ 2.90GHz,Intel
m6i.8xlarge,us-east-1,use1-az5,3,35.0,50.0,1.0,1.536,0.499,67,m6i,General,m,32.0,128.0,28994.7648462,Intel(R) Xeon(R) Platinum 8375C CPU @ 2.90GHz,Intel(R) Xeon(R) Platinum 8375C CPU @ 2.90GHz,Intel
m6i.8xlarge,us-east-1,use1-az6,3,50.0,50.0,1.0,1.536,0.6201,59,m6i,General,m,32.0,128.0,28994.7648462,Intel(R) Xeon(R) Platinum 8375C CPU @ 2.90GHz,Intel(R) Xeon(R) Platinum 8375C CPU @ 2.90GHz,Intel
m6i.large,us-east-1,use1-az1,3,40.0,50.0,2.5,0.096,0.0377,60,m6i,General,m,2.0,8.0,28952.036365,Intel(R) Xeon(R) Platinum 8375C CPU @ 2.90GHz,Intel(R) Xeon(R) Platinum 8375C CPU @ 2.90GHz,Intel
m6i.large,us-east-1,use1-az2,3,50.0,50.0,2.5,0.096,0.0379,60,m6i,General,m,2.0,8.0,28952.036365,Intel(R) Xeon(R) Platinum 8375C CPU @ 2.90GHz,Intel(R) Xeon(R) Platinum 8375C CPU @ 2.90GHz,Intel
m6i.large,us-east-1,use1-az4,3,50.0,50.0,2.5,0.096,0.0436,54,m6i,General,m,2.0,8.0,28952.036365,Intel(R) Xeon(R) Platinum 8375C CPU @ 2.90GHz,Intel(R) Xeon(R) Platinum 8375C CPU @ 2.90GHz,Intel
m6i.large,us-east-1,use1-az5,3,50.0,50.0,2.5,0.096,0.0365,61,m6i,General,m,2.0,8.0,28952.036365,Intel(R) Xeon(R) Platinum 8375C CPU @ 2.90GHz,Intel(R) Xeon(R) Platinum 8375C CPU @ 2.90GHz,Intel
m6i.large,us-east-1,use1-az6,3,50.0,50.0,2.5,0.096,0.0372,61,m6i,General,m,2.0,8.0,28952.036365,Intel(R) Xeon(R) Platinum 8375C CPU @ 2.90GHz,Intel(R) Xeon(R) Platinum 8375C CPU @ 2.90GHz,Intel
m6i.xlarge,us-east-1,use1-az1,3,35.0,50.0,2.0,0.192,0.0824,57,m6i,General,m,4.0,16.0,28989.554274,Intel(R) Xeon(R) Platinum 8375C CPU @ 2.90GHz,Intel(R) Xeon(R) Platinum 8375C CPU @ 2.90GHz,Intel
m6i.xlarge,us-east-1,use1-az2,3,50.0,50.0,2.0,0.192,0.0688,64,m6i,General,m,4.0,16.0,28989.554274,Intel(R) Xeon(R) Platinum 8375C CPU @ 2.90GHz,Intel(R) Xeon(R) Platinum 8375C CPU @ 2.90GHz,Intel
m6i.xlarge,us-east-1,use1-az4,3,50.0,50.0,2.0,0.192,0.0822,57,m6i,General,m,4.0,16.0,28989.554274,Intel(R) Xeon(R) Platinum 8375C CPU @ 2.90GHz,Intel(R) Xeon(R) Platinum 8375C CPU @ 2.90GHz,Intel
m6i.xlarge,us-east-1,use1-az5,3,50.0,50.0,2.0,0.192,0.0709,63,m6i,General,m,4.0,16.0,28989.554274,Intel(R) Xeon(R) Platinum 8375C CPU @ 2.90GHz,Intel(R) Xeon(R) Platinum 8375C CPU @ 2.90GHz,Intel
m6i.xlarge,us-east-1,use1-az6,3,50.0,50.0,2.0,0.192,0.0755,60,m6i,General,m,4.0,16.0,28989.554274,Intel(R) Xeon(R) Platinum 8375C CPU @ 2.90GHz,Intel(R) Xeon(R) Platinum 8375C CPU @ 2.90GHz,Intel
m6id.12xlarge,us-east-1,use1-az1,3,1.0,1.0,1.0,2.8476,1.1876,58,m6id,General,m,48.0,192.0,29006.2224,Intel(R) Xeon(R) Platinum 8375C CPU @ 2.90GHz,Intel(R) Xeon(R) Platinum 8375C CPU @ 2.90GHz,Intel
m6id.12xlarge,us-east-1,use1-az2,3,5.0,5.0,1.0,2.8476,1.0576,62,m6id,General,m,48.0,192.0,29006.2224,Intel(R) Xeon(R) Platinum 8375C CPU @ 2.90GHz,Intel(R) Xeon(R) Platinum 8375C CPU @ 2.90GHz,Intel
m6id.12xlarge,us-east-1,use1-az4,3,1.0,1.0,1.0,2.8476,0.9743,65,m6id,General,m,48.0,192.0,29006.2224,Intel(R) Xeon(R) Platinum 8375C CPU @ 2.90GHz,Intel(R) Xeon(R) Platinum 8375C CPU @ 2.90GHz,Intel
m6id.12xlarge,us-east-1,use1-az5,3,1.0,1.0,1.0,2.8476,0.9907,65,m6id,General,m,48.0,192.0,29006.2224,Intel(R) Xeon(R) Platinum 8375C CPU @ 2.90GHz,Intel(R) Xeon(R) Platinum 8375C CPU @ 2.90GHz,Intel
m6id.12xlarge,us-east-1,use1-az6,3,5.0,5.0,1.0,2.8476,0.9565,66,m6id,General,m,48.0,192.0,29006.2224,Intel(R) Xeon(R) Platinum 8375C CPU @ 2.90GHz,Intel(R) Xeon(R) Platinum 8375C CPU @ 2.90GHz,Intel
m6id.16xlarge,us-east-1,use1-az1,3,1.0,1.0,1.0,3.7968,1.4783,61,m6id,General,m,64.0,256.0,28989.1026,Intel(R) Xeon(R) Platinum 8375C CPU @ 2.90GHz,Intel(R) Xeon(R) Platinum 8375C CPU @ 2.90GHz,Intel
m6id.16xlarge,us-east-1,use1-az2,3,1.0,1.0,1.0,3.7968,1.6552,56,m6id,General,m,64.0,256.0,28989.1026,Intel(R) Xeon(R) Platinum 8375C CPU @ 2.90GHz,Intel(R) Xeon(R) Platinum 8375C CPU @ 2.90GHz,Intel
m6id.16xlarge,us-east-1,use1-az4,3,1.0,1.0,1.0,3.7968,2.1405,43,m6id,General,m,64.0,256.0,28989.1026,Intel(R) Xeon(R) Platinum 8375C CPU @ 2.90GHz,Intel(R) Xeon(R) Platinum 8375C CPU @ 2.90GHz,Intel
m6id.16xlarge,us-east-1,use1-az5,3,1.0,1.0,1.0,3.7968,1.2636,66,m6id,General,m,64.0,256.0,28989.1026,Intel(R) Xeon(R) Platinum 8375C CPU @ 2.90GHz,Intel(R) Xeon(R) Platinum 8375C CPU @ 2.90GHz,Intel
m6id.16xlarge,us-east-1,use1-az6,3,5.0,5.0,1.0,3.7968,1.4468,61,m6id,General,m,64.0,256.0,28989.1026,Intel(R) Xeon(R) Platinum 8375C CPU @ 2.90GHz,Intel(R) Xeon(R) Platinum 8375C CPU @ 2.90GHz,Intel
m6id.24xlarge,us-east-1,use1-az1,3,1.0,5.0,1.5,5.6952,2.5499,55,m6id,General,m,96.0,384.0,28993.1075,Intel(R) Xeon(R) Platinum 8375C CPU @ 2.90GHz,Intel(R) Xeon(R) Platinum 8375C CPU @ 2.90GHz,Intel
m6id.24xlarge,us-east-1,use1-az2,3,20.0,30.0,1.5,5.6952,1.9008,66,m6id,General,m,96.0,384.0,28993.1075,Intel(R) Xeon(R) Platinum 8375C CPU @ 2.90GHz,Intel(R) Xeon(R) Platinum 8375C CPU @ 2.90GHz,Intel
m6id.24xlarge,us-east-1,use1-az4,3,10.0,15.0,1.5,5.6952,1.9986,64,m6id,General,m,96.0,384.0,28993.1075,Intel(R) Xeon(R) Platinum 8375C CPU @ 2.90GHz,Intel(R) Xeon(R) Platinum 8375C CPU @ 2.90GHz,Intel
m6id.24xlarge,us-east-1,use1-az5,3,10.0,20.0,1.5,5.6952,1.8822,66,m6id,General,m,96.0,384.0,28993.1075,Intel(R) Xeon(R) Platinum 8375C CPU @ 2.90GHz,Intel(R) Xeon(R) Platinum 8375C CPU @ 2.90GHz,Intel
m6id.24xlarge,us-east-1,use1-az6,3,25.0,50.0,1.5,5.6952,2.6707,53,m6id,General,m,96.0,384.0,28993.1075,Intel(R) Xeon(R) Platinum 8375C CPU @ 2.90GHz,Intel(R) Xeon(R) Platinum 8375C CPU @ 2.90GHz,Intel
m6id.2xlarge,us-east-1,use1-az1,3,5.0,5.0,1.0,0.4746,0.1662,64,m6id,General,m,8.0,32.0,28974.4533,Intel(R) Xeon(R) Platinum 8375C CPU @ 2.90GHz,Intel(R) Xeon(R) Platinum 8375C CPU @ 2.90GHz,Intel
m6id.2xlarge,us-east-1,use1-az2,3,1.0,5.0,1.0,0.4746,0.2365,50,m6id,General,m,8.0,32.0,28974.4533,Intel(R) Xeon(R) Platinum 8375C CPU @ 2.90GHz,Intel(R) Xeon(R) Platinum 8375C CPU @ 2.90GHz,Intel
m6id.2xlarge,us-east-1,use1-az4,3,1.0,1.0,1.0,0.4746,0.2064,56,m6id,General,m,8.0,32.0,28974.4533,Intel(R) Xeon(R) Platinum 8375C CPU @ 2.90GHz,Intel(R) Xeon(R) Platinum 8375C CPU @ 2.90GHz,Intel
m6id.2xlarge,us-east-1,use1-az5,3,1.0,1.0,1.0,0.4746,0.2175,54,m6id,General,m,8.0,32.0,28974.4533,Intel(R) Xeon(R) Platinum 8375C CPU @ 2.90GHz,Intel(R) Xeon(R) Platinum 8375C CPU @ 2.90GHz,Intel
m6id.2xlarge,us-east-1,use1-az6,3,15.0,20.0,1.0,0.4746,0.2235,52,m6id,General,m,8.0,32.0,28974.4533,Intel(R) Xeon(R) Platinum 8375C CPU @ 2.90GHz,Intel(R) Xeon(R) Platinum 8375C CPU @ 2.90GHz,Intel
m6id.32xlarge,us-east-1,use1-az1,3,5.0,10.0,2.0,7.5936,2.5844,65,m6id,General,m,128.0,512.0,28945.2239,Intel(R) Xeon(R) Platinum 8375C CPU @ 2.90GHz,Intel(R) Xeon(R) Platinum 8375C CPU @ 2.90GHz,Intel
m6id.32xlarge,us-east-1,use1-az2,3,10.0,15.0,2.0,7.5936,2.6621,64,m6id,General,m,128.0,512.0,28945.2239,Intel(R) Xeon(R) Platinum 8375C CPU @ 2.90GHz,Intel(R) Xeon(R) Platinum 8375C CPU @ 2.90GHz,Intel
m6id.32xlarge,us-east-1,use1-az4,3,35.0,50.0,2.0,7.5936,3.1679,58,m6id,General,m,128.0,512.0,28945.2239,Intel(R) Xeon(R) Platinum 8375C CPU @ 2.90GHz,Intel(R) Xeon(R) Platinum 8375C CPU @ 2.90GHz,Intel
m6id.32xlarge,us-east-1,use1-az5,3,20.0,35.0,2.0,7.5936,2.5126,66,m6id,General,m,128.0,512.0,28945.2239,Intel(R) Xeon(R) Platinum 8375C CPU @ 2.90GHz,Intel(R) Xeon(R) Platinum 8375C CPU @ 2.90GHz,Intel
m6id.32xlarge,us-east-1,use1-az6,3,50.0,50.0,2.0,7.5936,3.1183,58,m6id,General,m,128.0,512.0,28945.2239,Intel(R) Xeon(R) Platinum 8375C CPU @ 2.90GHz,Intel(R) Xeon(R) Platinum 8375C CPU @ 2.90GHz,Intel
m6id.4xlarge,us-east-1,use1-az1,3,30.0,50.0,1.0,0.9492,0.3459,63,m6id,General,m,16.0,64.0,28930.3902,Intel(R) Xeon(R) Platinum 8375C CPU @ 2.90GHz,Intel(R) Xeon(R) Platinum 8375C CPU @ 2.90GHz,Intel
m6id.4xlarge,us-east-1,use1-az2,3,35.0,45.0,1.0,0.9492,0.4224,55,m6id,General,m,16.0,64.0,28930.3902,Intel(R) Xeon(R) Platinum 8375C CPU @ 2.90GHz,Intel(R) Xeon(R) Platinum 8375C CPU @ 2.90GHz,Intel
m6id.4xlarge,us-east-1,use1-az4,3,45.0,50.0,1.0,0.9492,0.4175,56,m6id,General,m,16.0,64.0,28930.3902,Intel(R) Xeon(R) Platinum 8375C CPU @ 2.90GHz,Intel(R) Xeon(R) Platinum 8375C CPU @ 2.90GHz,Intel
m6id.4xlarge,us-east-1,use1-az5,3,20.0,25.0,1.0,0.9492,0.4187,55,m6id,General,m,16.0,64.0,28930.3902,Intel(R) Xeon(R) Platinum 8375C CPU @ 2.90GHz,Intel(R) Xeon(R) Platinum 8375C CPU @ 2.90GHz,Intel
m6id.4xlarge,us-east-1,use1-az6,3,50.0,50.0,1.0,0.9492,0.4473,52,m6id,General,m,16.0,64.0,28930.3902,Intel(R) Xeon(R) Platinum 8375C CPU @ 2.90GHz,Intel(R) Xeon(R) Platinum 8375C CPU @ 2.90GHz,Intel
m6id.8xlarge,us-east-1,use1-az1,3,5.0,5.0,2.0,1.8984,1.1893,37,m6id,General,m,32.0,128.0,29002.8556,Intel(R) Xeon(R) Platinum 8375C CPU @ 2.90GHz,Intel(R) Xeon(R) Platinum 8375C CPU @ 2.90GHz,Intel
m6id.8xlarge,us-east-1,use1-az2,3,1.0,1.0,2.0,1.8984,0.8476,55,m6id,General,m,32.0,128.0,29002.8556,Intel(R) Xeon(R) Platinum 8375C CPU @ 2.90GHz,Intel(R) Xeon(R) Platinum 8375C CPU @ 2.90GHz,Intel
m6id.8xlarge,us-east-1,use1-az4,3,10.0,35.0,2.0,1.8984,1.2526,34,m6id,General,m,32.0,128.0,29002.8556,Intel(R) Xeon(R) Platinum 8375C CPU @ 2.90GHz,Intel(R) Xeon(R) Platinum 8375C CPU @ 2.90GHz,Intel
m6id.8xlarge,us-east-1,use1-az5,3,1.0,1.0,2.0,1.8984,0.6446,66,m6id,General,m,32.0,128.0,29002.8556,Intel(R) Xeon(R) Platinum 8375C CPU @ 2.90GHz,Intel(R) Xeon(R) Platinum 8375C CPU @ 2.90GHz,Intel
m6id.8xlarge,us-east-1,use1-az6,3,10.0,20.0,2.0,1.8984,0.9529,49,m6id,General,m,32.0,128.0,29002.8556,Intel(R) Xeon(R) Platinum 8375C CPU @ 2.90GHz,Intel(R) Xeon(R) Platinum 8375C CPU @ 2.90GHz,Intel
m6id.large,us-east-1,use1-az1,3,15.0,20.0,2.5,0.11865,0.0463,60,m6id,General,m,2.0,8.0,28969.0605,Intel(R) Xeon(R) Platinum 8375C CPU @ 2.90GHz,Intel(R) Xeon(R) Platinum 8375C CPU @ 2.90GHz,Intel
m6id.large,us-east-1,use1-az2,3,50.0,50.0,2.5,0.11865,0.0467,60,m6id,General,m,2.0,8.0,28969.0605,Intel(R) Xeon(R) Platinum 8375C CPU @ 2.90GHz,Intel(R) Xeon(R) Platinum 8375C CPU @ 2.90GHz,Intel
m6id.large,us-east-1,use1-az4,3,20.0,35.0,2.5,0.11865,0.0457,61,m6id,General,m,2.0,8.0,28969.0605,Intel(R) Xeon(R) Platinum 8375C CPU @ 2.90GHz,Intel(R) Xeon(R) Platinum 8375C CPU @ 2.90GHz,Intel
m6id.large,us-east-1,use1-az5,3,5.0,10.0,2.5,0.11865,0.0462,61,m6id,General,m,2.0,8.0,28969.0605,Intel(R) Xeon(R) Platinum 8375C CPU @ 2.90GHz,Intel(R) Xeon(R) Platinum 8375C CPU @ 2.90GHz,Intel
m6id.large,us-east-1,use1-az6,3,50.0,50.0,2.5,0.11865,0.0494,58,m6id,General,m,2.0,8.0,28969.0605,Intel(R) Xeon(R) Platinum 8375C CPU @ 2.90GHz,Intel(R) Xeon(R) Platinum 8375C CPU @ 2.90GHz,Intel
m6id.xlarge,us-east-1,use1-az1,3,15.0,25.0,1.0,0.2373,0.0888,62,m6id,General,m,4.0,16.0,28983.8346,Intel(R) Xeon(R) Platinum 8375C CPU @ 2.90GHz,Intel(R) Xeon(R) Platinum 8375C CPU @ 2.90GHz,Intel
m6id.xlarge,us-east-1,use1-az2,3,15.0,25.0,1.0,0.2373,0.0846,64,m6id,General,m,4.0,16.0,28983.8346,Intel(R) Xeon(R) Platinum 8375C CPU @ 2.90GHz,Intel(R) Xeon(R) Platinum 8375C CPU @ 2.90GHz,Intel
m6id.xlarge,us-east-1,use1-az4,3,25.0,35.0,1.0,0.2373,0.0812,65,m6id,General,m,4.0,16.0,28983.8346,Intel(R) Xeon(R) Platinum 8375C CPU @ 2.90GHz,Intel(R) Xeon(R) Platinum 8375C CPU @ 2.90GHz,Intel
m6id.xlarge,us-east-1,use1-az5,3,5.0,10.0,1.0,0.2373,0.0954,59,m6id,General,m,4.0,16.0,28983.8346,Intel(R) Xeon(R) Platinum 8375C CPU @ 2.90GHz,Intel(R) Xeon(R) Platinum 8375C CPU @ 2.90GHz,Intel
m6id.xlarge,us-east-1,use1-az6,3,30.0,40.0,1.0,0.2373,0.0891,62,m6id,General,m,4.0,16.0,28983.8346,Intel(R) Xeon(R) Platinum 8375C CPU @ 2.90GHz,Intel(R) Xeon(R) Platinum 8375C CPU @ 2.90GHz,Intel
m6idn.12xlarge,us-east-1,use1-az1,1,0.0,0.0,1.0,3.81888,1.6595,56,m6idn,General,m,48.0,192.0,29012.5965,Intel(R) Xeon(R) Platinum 8375C CPU @ 2.90GHz,Intel(R) Xeon(R) Platinum 8375C CPU @ 2.90GHz,Intel
m6idn.12xlarge,us-east-1,use1-az2,3,5.0,10.0,1.0,3.81888,1.5553,59,m6idn,General,m,48.0,192.0,29012.5965,Intel(R) Xeon(R) Platinum 8375C CPU @ 2.90GHz,Intel(R) Xeon(R) Platinum 8375C CPU @ 2.90GHz,Intel
m6idn.12xlarge,us-east-1,use1-az4,3,1.0,5.0,1.0,3.81888,1.5374,59,m6idn,General,m,48.0,192.0,29012.5965,Intel(R) Xeon(R) Platinum 8375C CPU @ 2.90GHz,Intel(R) Xeon(R) Platinum 8375C CPU @ 2.90GHz,Intel
m6idn.12xlarge,us-east-1,use1-az5,2,0.0,1.0,1.0,3.81888,1.4544,61,m6idn,General,m,48.0,192.0,29012.5965,Intel(R) Xeon(R) Platinum 8375C CPU @ 2.90GHz,Intel(R) Xeon(R) Platinum 8375C CPU @ 2.90GHz,Intel
m6idn.12xlarge,us-east-1,use1-az6,2,0.0,1.0,1.0,3.81888,1.4987,60,m6idn,General,m,48.0,192.0,29012.5965,Intel(R) Xeon(R) Platinum 8375C CPU @ 2.90GHz,Intel(R) Xeon(R) Platinum 8375C CPU @ 2.90GHz,Intel
m6idn.16xlarge,us-east-1,use1-az1,3,5.0,5.0,1.5,5.09184,2.0873,59,m6idn,General,m,64.0,256.0,29002.4238,Intel(R) Xeon(R) Platinum 8375C CPU @ 2.90GHz,Intel(R) Xeon(R) Platinum 8375C CPU @ 2.90GHz,Intel
m6idn.16xlarge,us-east-1,use1-az2,3,5.0,5.0,1.5,5.09184,1.9858,61,m6idn,General,m,64.0,256.0,29002.4238,Intel(R) Xeon(R) Platinum 8375C CPU @ 2.90GHz,Intel(R) Xeon(R) Platinum 8375C CPU @ 2.90GHz,Intel
m6idn.16xlarge,us-east-1,use1-az4,3,1.0,5.0,1.5,5.09184,1.8098,64,m6idn,General,m,64.0,256.0,29002.4238,Intel(R) Xeon(R) Platinum 8375C CPU @ 2.90GHz,Intel(R) Xeon(R) Platinum 8375C CPU @ 2.90GHz,Intel
m6idn.16xlarge,us-east-1,use1-az5,3,1.0,1.0,1.5,5.09184,1.9869,60,m6idn,General,m,64.0,256.0,29002.4238,Intel(R) Xeon(R) Platinum 8375C CPU @ 2.90GHz,Intel(R) Xeon(R) Platinum 8375C CPU @ 2.90GHz,Intel
m6idn.16xlarge,us-east-1,use1-az6,2,0.0,1.0,1.5,5.09184,2.0371,59,m6idn,General,m,64.0,256.0,29002.4238,Intel(R) Xeon(R) Platinum 8375C CPU @ 2.90GHz,Intel(R) Xeon(R) Platinum 8375C CPU @ 2.90GHz,Intel
m6idn.24xlarge,us-east-1,use1-az1,3,1.0,5.0,1.0,7.63776,2.6851,64,m6idn,General,m,96.0,384.0,29008.9116,Intel(R) Xeon(R) Platinum 8375C CPU @ 2.90GHz,Intel(R) Xeon(R) Platinum 8375C CPU @ 2.90GHz,Intel
m6idn.24xlarge,us-east-1,use1-az2,3,5.0,10.0,1.0,7.63776,2.8051,63,m6idn,General,m,96.0,384.0,29008.9116,Intel(R) Xeon(R) Platinum 8375C CPU @ 2.90GHz,Intel(R) Xeon(R) Platinum 8375C CPU @ 2.90GHz,Intel
m6idn.24xlarge,us-east-1,use1-az4,3,5.0,5.0,1.0,7.63776,2.7881,63,m6idn,General,m,96.0,384.0,29008.9116,Intel(R) Xeon(R) Platinum 8375C CPU @ 2.90GHz,Intel(R) Xeon(R) Platinum 8375C CPU @ 2.90GHz,Intel
m6idn.24xlarge,us-east-1,use1-az5,3,1.0,1.0,1.0,7.63776,2.8154,63,m6idn,General,m,96.0,384.0,29008.9116,Intel(R) Xeon(R) Platinum 8375C CPU @ 2.90GHz,Intel(R) Xeon(R) Platinum 8375C CPU @ 2.90GHz,Intel
m6idn.24xlarge,us-east-1,use1-az6,3,1.0,1.0,1.0,7.63776,2.7283,64,m6idn,General,m,96.0,384.0,29008.9116,Intel(R) Xeon(R) Platinum 8375C CPU @ 2.90GHz,Intel(R) Xeon(R) Platinum 8375C CPU @ 2.90GHz,Intel
m6idn.2xlarge,us-east-1,use1-az1,3,5.0,15.0,2.0,0.63648,0.3248,48,m6idn,General,m,8.0,32.0,29019.6649,Intel(R) Xeon(R) Platinum 8375C CPU @ 2.90GHz,Intel(R) Xeon(R) Platinum 8375C CPU @ 2.90GHz,Intel
m6idn.2xlarge,us-east-1,use1-az2,3,10.0,15.0,2.0,0.63648,0.278,56,m6idn,General,m,8.0,32.0,29019.6649,Intel(R) Xeon(R) Platinum 8375C CPU @ 2.90GHz,Intel(R) Xeon(R) Platinum 8375C CPU @ 2.90GHz,Intel
m6idn.2xlarge,us-east-1,use1-az4,3,5.0,5.0,2.0,0.63648,0.3178,50,m6idn,General,m,8.0,32.0,29019.6649,Intel(R) Xeon(R) Platinum 8375C CPU @ 2.90GHz,Intel(R) Xeon(R) Platinum 8375C CPU @ 2.90GHz,Intel
m6idn.2xlarge,us-east-1,use1-az5,3,1.0,5.0,2.0,0.63648,0.2938,53,m6idn,General,m,8.0,32.0,29019.6649,Intel(R) Xeon(R) Platinum 8375C CPU @ 2.90GHz,Intel(R) Xeon(R) Platinum 8375C CPU @ 2.90GHz,Intel
m6idn.2xlarge,us-east-1,use1-az6,3,5.0,10.0,2.0,0.63648,0.3447,45,m6idn,General,m,8.0,32.0,29019.6649,Intel(R) Xeon(R) Platinum 8375C CPU @ 2.90GHz,Intel(R) Xeon(R) Platinum 8375C CPU @ 2.90GHz,Intel
m6idn.32xlarge,us-east-1,use1-az1,3,1.0,1.0,1.0,10.18368,3.9305,61,m6idn,General,m,128.0,512.0,28998.9751,Intel(R) Xeon(R) Platinum 8375C CPU @ 2.90GHz,Intel(R) Xeon(R) Platinum 8375C CPU @ 2.90GHz,Intel
m6idn.32xlarge,us-east-1,use1-az2,3,5.0,5.0,1.0,10.18368,3.5789,64,m6idn,General,m,128.0,512.0,28998.9751,Intel(R) Xeon(R) Platinum 8375C CPU @ 2.90GHz,Intel(R) Xeon(R) Platinum 8375C CPU @ 2.90GHz,Intel
m6idn.32xlarge,us-east-1,use1-az4,3,1.0,5.0,1.0,10.18368,3.9913,60,m6idn,General,m,128.0,512.0,28998.9751,Intel(R) Xeon(R) Platinum 8375C CPU @ 2.90GHz,Intel(R) Xeon(R) Platinum 8375C CPU @ 2.90GHz,Intel
m6idn.32xlarge,us-east-1,use1-az5,3,1.0,1.0,1.0,10.18368,3.8371,62,m6idn,General,m,128.0,512.0,28998.9751,Intel(R) Xeon(R) Platinum 8375C CPU @ 2.90GHz,Intel(R) Xeon(R) Platinum 8375C CPU @ 2.90GHz,Intel
m6idn.32xlarge,us-east-1,use1-az6,1,0.0,0.0,1.0,10.18368,3.5257,65,m6idn,General,m,128.0,512.0,28998.9751,Intel(R) Xeon(R) Platinum 8375C CPU @ 2.90GHz,Intel(R) Xeon(R) Platinum 8375C CPU @ 2.90GHz,Intel
m6idn.4xlarge,us-east-1,use1-az1,3,45.0,50.0,2.5,1.27296,0.7624,40,m6idn,General,m,16.0,64.0,28977.9684,Intel(R) Xeon(R) Platinum 8375C CPU @ 2.90GHz,Intel(R) Xeon(R) Platinum 8375C CPU @ 2.90GHz,Intel
m6idn.4xlarge,us-east-1,use1-az2,3,30.0,45.0,2.5,1.27296,0.629,50,m6idn,General,m,16.0,64.0,28977.9684,Intel(R) Xeon(R) Platinum 8375C CPU @ 2.90GHz,Intel(R) Xeon(R) Platinum 8375C CPU @ 2.90GHz,Intel
m6idn.4xlarge,us-east-1,use1-az4,3,10.0,35.0,2.5,1.27296,0.6432,49,m6idn,General,m,16.0,64.0,28977.9684,Intel(R) Xeon(R) Platinum 8375C CPU @ 2.90GHz,Intel(R) Xeon(R) Platinum 8375C CPU @ 2.90GHz,Intel
m6idn.4xlarge,us-east-1,use1-az5,3,5.0,5.0,2.5,1.27296,0.9107,28,m6idn,General,m,16.0,64.0,28977.9684,Intel(R) Xeon(R) Platinum 8375C CPU @ 2.90GHz,Intel(R) Xeon(R) Platinum 8375C CPU @ 2.90GHz,Intel
m6idn.4xlarge,us-east-1,use1-az6,3,25.0,40.0,2.5,1.27296,0.732,42,m6idn,General,m,16.0,64.0,28977.9684,Intel(R) Xeon(R) Platinum 8375C CPU @ 2.90GHz,Intel(R) Xeon(R) Platinum 8375C CPU @ 2.90GHz,Intel
m6idn.8xlarge,us-east-1,use1-az1,3,1.0,1.0,1.0,2.54592,1.2899,49,m6idn,General,m,32.0,128.0,29005.3528,Intel(R) Xeon(R) Platinum 8375C CPU @ 2.90GHz,Intel(R) Xeon(R) Platinum 8375C CPU @ 2.90GHz,Intel
m6idn.8xlarge,us-east-1,use1-az2,3,5.0,5.0,1.0,2.54592,1.2854,49,m6idn,General,m,32.0,128.0,29005.3528,Intel(R) Xeon(R) Platinum 8375C CPU @ 2.90GHz,Intel(R) Xeon(R) Platinum 8375C CPU @ 2.90GHz,Intel
m6idn.8xlarge,us-east-1,use1-az4,3,1.0,1.0,1.0,2.54592,1.3121,48,m6idn,General,m,32.0,128.0,29005.3528,Intel(R) Xeon(R) Platinum 8375C CPU @ 2.90GHz,Intel(R) Xeon(R) Platinum 8375C CPU @ 2.90GHz,Intel
m6idn.8xlarge,us-east-1,use1-az5,3,1.0,1.0,1.0,2.54592,1.178,53,m6idn,General,m,32.0,128.0,29005.3528,Intel(R) Xeon(R) Platinum 8375C CPU @ 2.90GHz,Intel(R) Xeon(R) Platinum 8375C CPU @ 2.90GHz,Intel
m6idn.8xlarge,us-east-1,use1-az6,3,1.0,1.0,1.0,2.54592,1.2502,50,m6idn,General,m,32.0,128.0,29005.3528,Intel(R) Xeon(R) Platinum 8375C CPU @ 2.90GHz,Intel(R) Xeon(R) Platinum 8375C CPU @ 2.90GHz,Intel
m6idn.large,us-east-1,use1-az1,3,20.0,35.0,3.0,0.15912,0.0736,53,m6idn,General,m,2.0,8.0,28982.9884,Intel(R) Xeon(R) Platinum 8375C CPU @ 2.90GHz,Intel(R) Xeon(R) Platinum 8375C CPU @ 2.90GHz,Intel
m6idn.large,us-east-1,use1-az2,3,25.0,40.0,3.0,0.15912,0.059,62,m6idn,General,m,2.0,8.0,28982.9884,Intel(R) Xeon(R) Platinum 8375C CPU @ 2.90GHz,Intel(R) Xeon(R) Platinum 8375C CPU @ 2.90GHz,Intel
m6idn.large,us-east-1,use1-az4,3,30.0,50.0,3.0,0.15912,0.064,59,m6idn,General,m,2.0,8.0,28982.9884,Intel(R) Xeon(R) Platinum 8375C CPU @ 2.90GHz,Intel(R) Xeon(R) Platinum 8375C CPU @ 2.90GHz,Intel
m6idn.large,us-east-1,use1-az5,3,10.0,20.0,3.0,0.15912,0.0582,63,m6idn,General,m,2.0,8.0,28982.9884,Intel(R) Xeon(R) Platinum 8375C CPU @ 2.90GHz,Intel(R) Xeon(R) Platinum 8375C CPU @ 2.90GHz,Intel
m6idn.large,us-east-1,use1-az6,3,25.0,40.0,3.0,0.15912,0.0599,62,m6idn,General,m,2.0,8.0,28982.9884,Intel(R) Xeon(R) Platinum 8375C CPU @ 2.90GHz,Intel(R) Xeon(R) Platinum 8375C CPU @ 2.90GHz,Intel
m6idn.xlarge,us-east-1,use1-az1,3,10.0,15.0,3.0,0.31824,0.1652,48,m6idn,General,m,4.0,16.0,28988.2075,Intel(R) Xeon(R) Platinum 8375C CPU @ 2.90GHz,Intel(R) Xeon(R) Platinum 8375C CPU @ 2.90GHz,Intel
m6idn.xlarge,us-east-1,use1-az2,3,35.0,50.0,3.0,0.31824,0.132,58,m6idn,General,m,4.0,16.0,28988.2075,Intel(R) Xeon(R) Platinum 8375C CPU @ 2.90GHz,Intel(R) Xeon(R) Platinum 8375C CPU @ 2.90GHz,Intel
m6idn.xlarge,us-east-1,use1-az4,3,50.0,50.0,3.0,0.31824,0.1329,58,m6idn,General,m,4.0,16.0,28988.2075,Intel(R) Xeon(R) Platinum 8375C CPU @ 2.90GHz,Intel(R) Xeon(R) Platinum 8375C CPU @ 2.90GHz,Intel
m6idn.xlarge,us-east-1,use1-az5,3,5.0,10.0,3.0,0.31824,0.1651,48,m6idn,General,m,4.0,16.0,28988.2075,Intel(R) Xeon(R) Platinum 8375C CPU @ 2.90GHz,Intel(R) Xeon(R) Platinum 8375C CPU @ 2.90GHz,Intel
m6idn.xlarge,us-east-1,use1-az6,3,5.0,10.0,3.0,0.31824,0.1434,54,m6idn,General,m,4.0,16.0,28988.2075,Intel(R) Xeon(R) Platinum 8375C CPU @ 2.90GHz,Intel(R) Xeon(R) Platinum 8375C CPU @ 2.90GHz,Intel
m6in.12xlarge,us-east-1,use1-az1,3,1.0,1.0,1.5,3.34152,1.6875,49,m6in,General,m,48.0,192.0,29039.0516654,Intel(R) Xeon(R) Platinum 8375C CPU @ 2.90GHz,Intel(R) Xeon(R) Platinum 8375C CPU @ 2.90GHz,Intel
m6in.12xlarge,us-east-1,use1-az2,3,1.0,1.0,1.5,3.34152,1.7652,47,m6in,General,m,48.0,192.0,29039.0516654,Intel(R) Xeon(R) Platinum 8375C CPU @ 2.90GHz,Intel(R) Xeon(R) Platinum 8375C CPU @ 2.90GHz,Intel
m6in.12xlarge,us-east-1,use1-az4,3,1.0,1.0,1.5,3.34152,1.8091,45,m6in,General,m,48.0,192.0,29039.0516654,Intel(R) Xeon(R) Platinum 8375C CPU @ 2.90GHz,Intel(R) Xeon(R) Platinum 8375C CPU @ 2.90GHz,Intel
m6in.12xlarge,us-east-1,use1-az5,2,0.0,1.0,1.5,3.34152,1.6832,49,m6in,General,m,48.0,192.0,29039.0516654,Intel(R) Xeon(R) Platinum 8375C CPU @ 2.90GHz,Intel(R) Xeon(R) Platinum 8375C CPU @ 2.90GHz,Intel
m6in.12xlarge,us-east-1,use1-az6,1,0.0,0.0,1.5,3.34152,1.6722,49,m6in,General,m,48.0,192.0,29039.0516654,Intel(R) Xeon(R) Platinum 8375C CPU @ 2.90GHz,Intel(R) Xeon(R) Platinum 8375C CPU @ 2.90GHz,Intel
m6in.16xlarge,us-east-1,use1-az1,3,5.0,5.0,1.5,4.45536,1.9528,56,m6in,General,m,64.0,256.0,29037.869522,Intel(R) Xeon(R) Platinum 8375C CPU @ 2.90GHz,Intel(R) Xeon(R) Platinum 8375C CPU @ 2.90GHz,Intel
m6in.16xlarge,us-east-1,use1-az2,3,25.0,35.0,1.5,4.45536,1.6543,62,m6in,General,m,64.0,256.0,29037.869522,Intel(R) Xeon(R) Platinum 8375C CPU @ 2.90GHz,Intel(R) Xeon(R) Platinum 8375C CPU @ 2.90GHz,Intel
m6in.16xlarge,us-east-1,use1-az4,3,1.0,5.0,1.5,4.45536,2.0302,54,m6in,General,m,64.0,256.0,29037.869522,Intel(R) Xeon(R) Platinum 8375C CPU @ 2.90GHz,Intel(R) Xeon(R) Platinum 8375C CPU @ 2.90GHz,Intel
m6in.16xlarge,us-east-1,use1-az5,1,0.0,0.0,1.5,4.45536,1.9546,56,m6in,General,m,64.0,256.0,29037.869522,Intel(R) Xeon(R) Platinum 8375C CPU @ 2.90GHz,Intel(R) Xeon(R) Platinum 8375C CPU @ 2.90GHz,Intel
m6in.16xlarge,us-east-1,use1-az6,2,0.0,1.0,1.5,4.45536,2.175,51,m6in,General,m,64.0,256.0,29037.869522,Intel(R) Xeon(R) Platinum 8375C CPU @ 2.90GHz,Intel(R) Xeon(R) Platinum 8375C CPU @ 2.90GHz,Intel
m6in.24xlarge,us-east-1,use1-az1,1,0.0,0.0,2.5,6.68304,3.1854,52,m6in,General,m,96.0,384.0,29004.426484400006,Intel(R) Xeon(R) Platinum 8375C CPU @ 2.90GHz,Intel(R) Xeon(R) Platinum 8375C CPU @ 2.90GHz,Intel
m6in.24xlarge,us-east-1,use1-az2,3,5.0,10.0,2.5,6.68304,3.1345,53,m6in,General,m,96.0,384.0,29004.426484400006,Intel(R) Xeon(R) Platinum 8375C CPU @ 2.90GHz,Intel(R) Xeon(R) Platinum 8375C CPU @ 2.90GHz,Intel
m6in.24xlarge,us-east-1,use1-az4,3,1.0,5.0,2.5,6.68304,3.3139,50,m6in,General,m,96.0,384.0,29004.426484400006,Intel(R) Xeon(R) Platinum 8375C CPU @ 2.90GHz,Intel(R) Xeon(R) Platinum 8375C CPU @ 2.90GHz,Intel
m6in.24xlarge,us-east-1,use1-az5,1,0.0,0.0,2.5,6.68304,3.0774,53,m6in,General,m,96.0,384.0,29004.426484400006,Intel(R) Xeon(R) Platinum 8375C CPU @ 2.90GHz,Intel(R) Xeon(R) Platinum 8375C CPU @ 2.90GHz,Intel
m6in.24xlarge,us-east-1,use1-az6,3,5.0,5.0,2.5,6.68304,3.2563,51,m6in,General,m,96.0,384.0,29004.426484400006,Intel(R) Xeon(R) Platinum 8375C CPU @ 2.90GHz,Intel(R) Xeon(R) Platinum 8375C CPU @ 2.90GHz,Intel
m6in.2xlarge,us-east-1,use1-az1,3,10.0,15.0,1.0,0.55692,0.2281,59,m6in,General,m,8.0,32.0,28953.057775200003,Intel(R) Xeon(R) Platinum 8375C CPU @ 2.90GHz,Intel(R) Xeon(R) Platinum 8375C CPU @ 2.90GHz,Intel
m6in.2xlarge,us-east-1,use1-az2,3,25.0,35.0,1.0,0.55692,0.2361,57,m6in,General,m,8.0,32.0,28953.057775200003,Intel(R) Xeon(R) Platinum 8375C CPU @ 2.90GHz,Intel(R) Xeon(R) Platinum 8375C CPU @ 2.90GHz,Intel
m6in.2xlarge,us-east-1,use1-az4,3,15.0,25.0,1.0,0.55692,0.2219,60,m6in,General,m,8.0,32.0,28953.057775200003,Intel(R) Xeon(R) Platinum 8375C CPU @ 2.90GHz,Intel(R) Xeon(R) Platinum 8375C CPU @ 2.90GHz,Intel
m6in.2xlarge,us-east-1,use1-az5,3,10.0,10.0,1.0,0.55692,0.2028,63,m6in,General,m,8.0,32.0,28953.057775200003,Intel(R) Xeon(R) Platinum 8375C CPU @ 2.90GHz,Intel(R) Xeon(R) Platinum 8375C CPU @ 2.90GHz,Intel
m6in.2xlarge,us-east-1,use1-az6,3,20.0,30.0,1.0,0.55692,0.2312,58,m6in,General,m,8.0,32.0,28953.057775200003,Intel(R) Xeon(R) Platinum 8375C CPU @ 2.90GHz,Intel(R) Xeon(R) Platinum 8375C CPU @ 2.90GHz,Intel
m6in.32xlarge,us-east-1,use1-az1,3,1.0,1.0,2.5,8.91072,4.2237,52,m6in,General,m,128.0,512.0,29032.808087200003,Intel(R) Xeon(R) Platinum 8375C CPU @ 2.90GHz,Intel(R) Xeon(R) Platinum 8375C CPU @ 2.90GHz,Intel
m6in.32xlarge,us-east-1,use1-az2,2,0.0,1.0,2.5,8.91072,3.9309,55,m6in,General,m,128.0,512.0,29032.808087200003,Intel(R) Xeon(R) Platinum 8375C CPU @ 2.90GHz,Intel(R) Xeon(R) Platinum 8375C CPU @ 2.90GHz,Intel
m6in.32xlarge,us-east-1,use1-az4,2,0.0,1.0,2.5,8.91072,3.8811,56,m6in,General,m,128.0,512.0,29032.808087200003,Intel(R) Xeon(R) Platinum 8375C CPU @ 2.90GHz,Intel(R) Xeon(R) Platinum 8375C CPU @ 2.90GHz,Intel
m6in.32xlarge,us-east-1,use1-az5,1,0.0,0.0,2.5,8.91072,3.8477,56,m6in,General,m,128.0,512.0,29032.808087200003,Intel(R) Xeon(R) Platinum 8375C CPU @ 2.90GHz,Intel(R) Xeon(R) Platinum 8375C CPU @ 2.90GHz,Intel
m6in.32xlarge,us-east-1,use1-az6,1,0.0,0.0,2.5,8.91072,3.3292,62,m6in,General,m,128.0,512.0,29032.808087200003,Intel(R) Xeon(R) Platinum 8375C CPU @ 2.90GHz,Intel(R) Xeon(R) Platinum 8375C CPU @ 2.90GHz,Intel
m6in.4xlarge,us-east-1,use1-az1,3,20.0,25.0,1.5,1.11384,0.5023,54,m6in,General,m,16.0,64.0,28968.217807599995,Intel(R) Xeon(R) Platinum 8375C CPU @ 2.90GHz,Intel(R) Xeon(R) Platinum 8375C CPU @ 2.90GHz,Intel
m6in.4xlarge,us-east-1,use1-az2,3,50.0,50.0,1.5,1.11384,0.5977,46,m6in,General,m,16.0,64.0,28968.217807599995,Intel(R) Xeon(R) Platinum 8375C CPU @ 2.90GHz,Intel(R) Xeon(R) Platinum 8375C CPU @ 2.90GHz,Intel
m6in.4xlarge,us-east-1,use1-az4,3,35.0,50.0,1.5,1.11384,0.8067,27,m6in,General,m,16.0,64.0,28968.217807599995,Intel(R) Xeon(R) Platinum 8375C CPU @ 2.90GHz,Intel(R) Xeon(R) Platinum 8375C CPU @ 2.90GHz,Intel
m6in.4xlarge,us-east-1,use1-az5,3,1.0,1.0,1.5,1.11384,0.5237,52,m6in,General,m,16.0,64.0,28968.217807599995,Intel(R) Xeon(R) Platinum 8375C CPU @ 2.90GHz,Intel(R) Xeon(R) Platinum 8375C CPU @ 2.90GHz,Intel
m6in.4xlarge,us-east-1,use1-az6,3,5.0,5.0,1.5,1.11384,0.8913,19,m6in,General,m,16.0,64.0,28968.217807599995,Intel(R) Xeon(R) Platinum 8375C CPU @ 2.90GHz,Intel(R) Xeon(R) Platinum 8375C CPU @ 2.90GHz,Intel
m6in.8xlarge,us-east-1,use1-az1,3,1.0,1.0,1.5,2.22768,1.2227,45,m6in,General,m,32.0,128.0,28951.3269578,Intel(R) Xeon(R) Platinum 8375C CPU @ 2.90GHz,Intel(R) Xeon(R) Platinum 8375C CPU @ 2.90GHz,Intel
m6in.8xlarge,us-east-1,use1-az2,3,10.0,15.0,1.5,2.22768,0.982,55,m6in,General,m,32.0,128.0,28951.3269578,Intel(R) Xeon(R) Platinum 8375C CPU @ 2.90GHz,Intel(R) Xeon(R) Platinum 8375C CPU @ 2.90GHz,Intel
m6in.8xlarge,us-east-1,use1-az4,3,5.0,5.0,1.5,2.22768,1.119,49,m6in,General,m,32.0,128.0,28951.3269578,Intel(R) Xeon(R) Platinum 8375C CPU @ 2.90GHz,Intel(R) Xeon(R) Platinum 8375C CPU @ 2.90GHz,Intel
m6in.8xlarge,us-east-1,use1-az5,3,1.0,5.0,1.5,2.22768,1.1735,47,m6in,General,m,32.0,128.0,28951.3269578,Intel(R) Xeon(R) Platinum 8375C CPU @ 2.90GHz,Intel(R) Xeon(R) Platinum 8375C CPU @ 2.90GHz,Intel
m6in.8xlarge,us-east-1,use1-az6,3,5.0,10.0,1.5,2.22768,0.9823,55,m6in,General,m,32.0,128.0,28951.3269578,Intel(R) Xeon(R) Platinum 8375C CPU @ 2.90GHz,Intel(R) Xeon(R) Platinum 8375C CPU @ 2.90GHz,Intel
m6in.large,us-east-1,use1-az1,3,10.0,15.0,3.0,0.13923,0.0577,58,m6in,General,m,2.0,8.0,28956.787883,Intel(R) Xeon(R) Platinum 8375C CPU @ 2.90GHz,Intel(R) Xeon(R) Platinum 8375C CPU @ 2.90GHz,Intel
m6in.large,us-east-1,use1-az2,3,40.0,50.0,3.0,0.13923,0.056,59,m6in,General,m,2.0,8.0,28956.787883,Intel(R) Xeon(R) Platinum 8375C CPU @ 2.90GHz,Intel(R) Xeon(R) Platinum 8375C CPU @ 2.90GHz,Intel
m6in.large,us-east-1,use1-az4,3,25.0,35.0,3.0,0.13923,0.0571,58,m6in,General,m,2.0,8.0,28956.787883,Intel(R) Xeon(R) Platinum 8375C CPU @ 2.90GHz,Intel(R) Xeon(R) Platinum 8375C CPU @ 2.90GHz,Intel
m6in.large,us-east-1,use1-az5,3,15.0,25.0,3.0,0.13923,0.0489,64,m6in,General,m,2.0,8.0,28956.787883,Intel(R) Xeon(R) Platinum 8375C CPU @ 2.90GHz,Intel(R) Xeon(R) Platinum 8375C CPU @ 2.90GHz,Intel
m6in.large,us-east-1,use1-az6,3,20.0,30.0,3.0,0.13923,0.0512,63,m6in,General,m,2.0,8.0,28956.787883,Intel(R) Xeon(R) Platinum 8375C CPU @ 2.90GHz,Intel(R) Xeon(R) Platinum 8375C CPU @ 2.90GHz,Intel
m6in.xlarge,us-east-1,use1-az1,3,5.0,10.0,2.5,0.27846,0.1329,52,m6in,General,m,4.0,16.0,28988.743332,Intel(R) Xeon(R) Platinum 8375C CPU @ 2.90GHz,Intel(R) Xeon(R) Platinum 8375C CPU @ 2.90GHz,Intel
m6in.xlarge,us-east-1,use1-az2,3,15.0,25.0,2.5,0.27846,0.12,56,m6in,General,m,4.0,16.0,28988.743332,Intel(R) Xeon(R) Platinum 8375C CPU @ 2.90GHz,Intel(R) Xeon(R) Platinum 8375C CPU @ 2.90GHz,Intel
m6in.xlarge,us-east-1,use1-az4,3,5.0,5.0,2.5,0.27846,0.1331,52,m6in,General,m,4.0,16.0,28988.743332,Intel(R) Xeon(R) Platinum 8375C CPU @ 2.90GHz,Intel(R) Xeon(R) Platinum 8375C CPU @ 2.90GHz,Intel
m6in.xlarge,us-east-1,use1-az5,3,1.0,5.0,2.5,0.27846,0.1323,52,m6in,General,m,4.0,16.0,28988.743332,Intel(R) Xeon(R) Platinum 8375C CPU @ 2.90GHz,Intel(R) Xeon(R) Platinum 8375C CPU @ 2.90GHz,Intel
m6in.xlarge,us-east-1,use1-az6,3,15.0,20.0,2.5,0.27846,0.1307,53,m6in,General,m,4.0,16.0,28988.743332,Intel(R) Xeon(R) Platinum 8375C CPU @ 2.90GHz,Intel(R) Xeon(R) Platinum 8375C CPU @ 2.90GHz,Intel
m7a.12xlarge,us-east-1,use1-az1,1,0.0,0.0,1.0,2.78208,1.0418,62,m7a,General,m,48.0,192.0,35537.8869594,AMD EPYC 9R14,AMD EPYC 9R14,AuthenticAMD
m7a.12xlarge,us-east-1,use1-az2,3,1.0,1.0,1.0,2.78208,1.0459,62,m7a,General,m,48.0,192.0,35537.8869594,AMD EPYC 9R14,AMD EPYC 9R14,AuthenticAMD
m7a.12xlarge,us-east-1,use1-az4,1,0.0,0.0,1.0,2.78208,0.9185,66,m7a,General,m,48.0,192.0,35537.8869594,AMD EPYC 9R14,AMD EPYC 9R14,AuthenticAMD
m7a.12xlarge,us-east-1,use1-az5,1,0.0,0.0,1.0,2.78208,1.6538,40,m7a,General,m,48.0,192.0,35537.8869594,AMD EPYC 9R14,AMD EPYC 9R14,AuthenticAMD
m7a.12xlarge,us-east-1,use1-az6,3,10.0,15.0,1.0,2.78208,1.1342,59,m7a,General,m,48.0,192.0,35537.8869594,AMD EPYC 9R14,AMD EPYC 9R14,AuthenticAMD
m7a.16xlarge,us-east-1,use1-az1,1,0.0,0.0,1.0,3.70944,1.3055,64,m7a,General,m,64.0,256.0,35625.781371000005,AMD EPYC 9R14,AMD EPYC 9R14,AuthenticAMD
m7a.16xlarge,us-east-1,use1-az2,3,1.0,5.0,1.0,3.70944,1.3374,63,m7a,General,m,64.0,256.0,35625.781371000005,AMD EPYC 9R14,AMD EPYC 9R14,AuthenticAMD
m7a.16xlarge,us-east-1,use1-az4,3,5.0,15.0,1.0,3.70944,1.2549,66,m7a,General,m,64.0,256.0,35625.781371000005,AMD EPYC 9R14,AMD EPYC 9R14,AuthenticAMD
m7a.16xlarge,us-east-1,use1-az5,1,0.0,0.0,1.0,3.70944,1.4947,59,m7a,General,m,64.0,256.0,35625.781371000005,AMD EPYC 9R14,AMD EPYC 9R14,AuthenticAMD
m7a.16xlarge,us-east-1,use1-az6,3,5.0,10.0,1.0,3.70944,1.3911,62,m7a,General,m,64.0,256.0,35625.781371000005,AMD EPYC 9R14,AMD EPYC 9R14,AuthenticAMD
m7a.24xlarge,us-east-1,use1-az1,1,0.0,0.0,1.0,5.56416,1.7533,68,m7a,General,m,96.0,384.0,35566.21822339999,AMD EPYC 9R14,AMD EPYC 9R14,AuthenticAMD
m7a.24xlarge,us-east-1,use1-az2,3,1.0,1.0,1.0,5.56416,1.9801,64,m7a,General,m,96.0,384.0,35566.21822339999,AMD EPYC 9R14,AMD EPYC 9R14,AuthenticAMD
m7a.24xlarge,us-east-1,use1-az4,3,1.0,1.0,1.0,5.56416,2.0455,63,m7a,General,m,96.0,384.0,35566.21822339999,AMD EPYC 9R14,AMD EPYC 9R14,AuthenticAMD
m7a.24xlarge,us-east-1,use1-az5,1,0.0,0.0,1.0,5.56416,3.4977,37,m7a,General,m,96.0,384.0,35566.21822339999,AMD EPYC 9R14,AMD EPYC 9R14,AuthenticAMD
m7a.24xlarge,us-east-1,use1-az6,3,10.0,15.0,1.0,5.56416,1.94,65,m7a,General,m,96.0,384.0,35566.21822339999,AMD EPYC 9R14,AMD EPYC 9R14,AuthenticAMD
m7a.2xlarge,us-east-1,use1-az1,3,50.0,50.0,1.5,0.46368,0.1945,58,m7a,General,m,8.0,32.0,35573.4485604,AMD EPYC 9R14,AMD EPYC 9R14,AuthenticAMD
m7a.2xlarge,us-east-1,use1-az2,3,50.0,50.0,1.5,0.46368,0.1868,59,m7a,General,m,8.0,32.0,35573.4485604,AMD EPYC 9R14,AMD EPYC 9R14,AuthenticAMD
m7a.2xlarge,us-east-1,use1-az4,3,50.0,50.0,1.5,0.46368,0.1679,63,m7a,General,m,8.0,32.0,35573.4485604,AMD EPYC 9R14,AMD EPYC 9R14,AuthenticAMD
m7a.2xlarge,us-east-1,use1-az5,3,1.0,5.0,1.5,0.46368,0.1779,61,m7a,General,m,8.0,32.0,35573.4485604,AMD EPYC 9R14,AMD EPYC 9R14,AuthenticAMD
m7a.2xlarge,us-east-1,use1-az6,3,50.0,50.0,1.5,0.46368,0.2108,54,m7a,General,m,8.0,32.0,35573.4485604,AMD EPYC 9R14,AMD EPYC 9R14,AuthenticAMD
m7a.32xlarge,us-east-1,use1-az1,1,0.0,0.0,1.0,7.41888,2.513,66,m7a,General,m,128.0,512.0,35559.1732954,AMD EPYC 9R14,AMD EPYC 9R14,AuthenticAMD
m7a.32xlarge,us-east-1,use1-az2,1,0.0,0.0,1.0,7.41888,2.6617,64,m7a,General,m,128.0,512.0,35559.1732954,AMD EPYC 9R14,AMD EPYC 9R14,AuthenticAMD
m7a.32xlarge,us-east-1,use1-az4,1,0.0,0.0,1.0,7.41888,2.9038,60,m7a,General,m,128.0,512.0,35559.1732954,AMD EPYC 9R14,AMD EPYC 9R14,AuthenticAMD
m7a.32xlarge,us-east-1,use1-az5,1,0.0,0.0,1.0,7.41888,5.2195,29,m7a,General,m,128.0,512.0,35559.1732954,AMD EPYC 9R14,AMD EPYC 9R14,AuthenticAMD
m7a.32xlarge,us-east-1,use1-az6,3,1.0,5.0,1.0,7.41888,2.3665,68,m7a,General,m,128.0,512.0,35559.1732954,AMD EPYC 9R14,AMD EPYC 9R14,AuthenticAMD
m7a.48xlarge,us-east-1,use1-az1,1,0.0,0.0,1.0,11.12832,3.7884,65,m7a,General,m,192.0,768.0,35572.6817414,AMD EPYC 9R14,AMD EPYC 9R14,AuthenticAMD
m7a.48xlarge,us-east-1,use1-az2,1,0.0,0.0,1.0,11.12832,4.0275,63,m7a,General,m,192.0,768.0,35572.6817414,AMD EPYC 9R14,AMD EPYC 9R14,AuthenticAMD
m7a.48xlarge,us-east-1,use1-az4,1,0.0,0.0,1.0,11.12832,3.4994,68,m7a,General,m,192.0,768.0,35572.6817414,AMD EPYC 9R14,AMD EPYC 9R14,AuthenticAMD
m7a.48xlarge,us-east-1,use1-az5,1,0.0,0.0,1.0,11.12832,8.5216,23,m7a,General,m,192.0,768.0,35572.6817414,AMD EPYC 9R14,AMD EPYC 9R14,AuthenticAMD
m7a.48xlarge,us-east-1,use1-az6,3,10.0,15.0,1.0,11.12832,3.5978,67,m7a,General,m,192.0,768.0,35572.6817414,AMD EPYC 9R14,AMD EPYC 9R14,AuthenticAMD
m7a.4xlarge,us-east-1,use1-az1,3,5.0,10.0,1.0,0.92736,0.4028,56,m7a,General,m,16.0,64.0,35630.9504934,AMD EPYC 9R14,AMD EPYC 9R14,AuthenticAMD
m7a.4xlarge,us-east-1,use1-az2,3,50.0,50.0,1.0,0.92736,0.3598,61,m7a,General,m,16.0,64.0,35630.9504934,AMD EPYC 9R14,AMD EPYC 9R14,AuthenticAMD
m7a.4xlarge,us-east-1,use1-az4,3,40.0,50.0,1.0,0.92736,0.3546,61,m7a,General,m,16.0,64.0,35630.9504934,AMD EPYC 9R14,AMD EPYC 9R14,AuthenticAMD
m7a.4xlarge,us-east-1,use1-az5,1,0.0,0.0,1.0,0.92736,0.4574,50,m7a,General,m,16.0,64.0,35630.9504934,AMD EPYC 9R14,AMD EPYC 9R14,AuthenticAMD
m7a.4xlarge,us-east-1,use1-az6,3,50.0,50.0,1.0,0.92736,0.4274,53,m7a,General,m,16.0,64.0,35630.9504934,AMD EPYC 9R14,AMD EPYC 9R14,AuthenticAMD
m7a.8xlarge,us-east-1,use1-az1,3,1.0,1.0,1.0,1.85472,0.7819,57,m7a,General,m,32.0,128.0,35620.733535,AMD EPYC 9R14,AMD EPYC 9R14,AuthenticAMD
m7a.8xlarge,us-east-1,use1-az2,3,10.0,15.0,1.0,1.85472,0.6802,63,m7a,General,m,32.0,128.0,35620.733535,AMD EPYC 9R14,AMD EPYC 9R14,AuthenticAMD
m7a.8xlarge,us-east-1,use1-az4,3,15.0,20.0,1.0,1.85472,0.6683,63,m7a,General,m,32.0,128.0,35620.733535,AMD EPYC 9R14,AMD EPYC 9R14,AuthenticAMD
m7a.8xlarge,us-east-1,use1-az5,1,0.0,0.0,1.0,1.85472,0.7571,59,m7a,General,m,32.0,128.0,35620.733535,AMD EPYC 9R14,AMD EPYC 9R14,AuthenticAMD
m7a.8xlarge,us-east-1,use1-az6,3,35.0,45.0,1.0,1.85472,0.7917,57,m7a,General,m,32.0,128.0,35620.733535,AMD EPYC 9R14,AMD EPYC 9R14,AuthenticAMD
m7a.large,us-east-1,use1-az1,3,50.0,50.0,3.0,0.11592,0.0528,54,m7a,General,m,2.0,8.0,35597.8908984,AMD EPYC 9R14,AMD EPYC 9R14,AuthenticAMD
m7a.large,us-east-1,use1-az2,3,50.0,50.0,3.0,0.11592,0.0434,62,m7a,General,m,2.0,8.0,35597.8908984,AMD EPYC 9R14,AMD EPYC 9R14,AuthenticAMD
m7a.large,us-east-1,use1-az4,3,50.0,50.0,3.0,0.11592,0.0455,60,m7a,General,m,2.0,8.0,35597.8908984,AMD EPYC 9R14,AMD EPYC 9R14,AuthenticAMD
m7a.large,us-east-1,use1-az5,3,1.0,1.0,3.0,0.11592,0.0445,61,m7a,General,m,2.0,8.0,35597.8908984,AMD EPYC 9R14,AMD EPYC 9R14,AuthenticAMD
m7a.large,us-east-1,use1-az6,3,50.0,50.0,3.0,0.11592,0.0396,65,m7a,General,m,2.0,8.0,35597.8908984,AMD EPYC 9R14,AMD EPYC 9R14,AuthenticAMD
m7a.medium,us-east-1,use1-az1,3,25.0,45.0,3.0,0.05796,0.0218,62,m7a,General,m,1.0,4.0,35469.1661588,AMD EPYC 9R14,AMD EPYC 9R14,AuthenticAMD
m7a.medium,us-east-1,use1-az2,3,50.0,50.0,3.0,0.05796,0.022,62,m7a,General,m,1.0,4.0,35469.1661588,AMD EPYC 9R14,AMD EPYC 9R14,AuthenticAMD
m7a.medium,us-east-1,use1-az4,3,50.0,50.0,3.0,0.05796,0.0229,60,m7a,General,m,1.0,4.0,35469.1661588,AMD EPYC 9R14,AMD EPYC 9R14,AuthenticAMD
m7a.medium,us-east-1,use1-az5,3,1.0,1.0,3.0,0.05796,0.0213,63,m7a,General,m,1.0,4.0,35469.1661588,AMD EPYC 9R14,AMD EPYC 9R14,AuthenticAMD
m7a.medium,us-east-1,use1-az6,3,50.0,50.0,3.0,0.05796,0.0208,64,m7a,General,m,1.0,4.0,35469.1661588,AMD EPYC 9R14,AMD EPYC 9R14,AuthenticAMD
m7a.xlarge,us-east-1,use1-az1,3,1.0,5.0,1.0,0.23184,0.1118,51,m7a,General,m,4.0,16.0,35593.8236712,AMD EPYC 9R14,AMD EPYC 9R14,AuthenticAMD
m7a.xlarge,us-east-1,use1-az2,3,15.0,30.0,1.0,0.23184,0.1026,55,m7a,General,m,4.0,16.0,35593.8236712,AMD EPYC 9R14,AMD EPYC 9R14,AuthenticAMD
m7a.xlarge,us-east-1,use1-az4,3,10.0,20.0,1.0,0.23184,0.0954,58,m7a,General,m,4.0,16.0,35593.8236712,AMD EPYC 9R14,AMD EPYC 9R14,AuthenticAMD
m7a.xlarge,us-east-1,use1-az5,3,5.0,5.0,1.0,0.23184,0.1,56,m7a,General,m,4.0,16.0,35593.8236712,AMD EPYC 9R14,AMD EPYC 9R14,AuthenticAMD
m7a.xlarge,us-east-1,use1-az6,3,30.0,40.0,1.0,0.23184,0.0856,63,m7a,General,m,4.0,16.0,35593.8236712,AMD EPYC 9R14,AMD EPYC 9R14,AuthenticAMD
m7g.12xlarge,us-east-1,use1-az1,3,50.0,50.0,1.5,1.9584,0.7064,63,m7g,General,m,48.0,192.0,24298.0526854,AWS Graviton3 Processor,AWS Graviton3 Processor,AWS
m7g.12xlarge,us-east-1,use1-az2,3,50.0,50.0,1.5,1.9584,0.8043,58,m7g,General,m,48.0,192.0,24298.0526854,AWS Graviton3 Processor,AWS Graviton3 Processor,AWS
m7g.12xlarge,us-east-1,use1-az4,3,50.0,50.0,1.5,1.9584,0.6625,66,m7g,General,m,48.0,192.0,24298.0526854,AWS Graviton3 Processor,AWS Graviton3 Processor,AWS
m7g.12xlarge,us-east-1,use1-az5,3,50.0,50.0,1.5,1.9584,0.6512,66,m7g,General,m,48.0,192.0,24298.0526854,AWS Graviton3 Processor,AWS Graviton3 Processor,AWS
m7g.12xlarge,us-east-1,use1-az6,3,50.0,50.0,1.5,1.9584,0.6808,65,m7g,General,m,48.0,192.0,24298.0526854,AWS Graviton3 Processor,AWS Graviton3 Processor,AWS
m7g.16xlarge,us-east-1,use1-az1,3,50.0,50.0,3.0,2.6112,0.8948,65,m7g,General,m,64.0,256.0,24280.108154,AWS Graviton3 Processor,AWS Graviton3 Processor,AWS
m7g.16xlarge,us-east-1,use1-az2,3,50.0,50.0,3.0,2.6112,0.9391,64,m7g,General,m,64.0,256.0,24280.108154,AWS Graviton3 Processor,AWS Graviton3 Processor,AWS
m7g.16xlarge,us-east-1,use1-az4,3,50.0,50.0,3.0,2.6112,0.9421,63,m7g,General,m,64.0,256.0,24280.108154,AWS Graviton3 Processor,AWS Graviton3 Processor,AWS
m7g.16xlarge,us-east-1,use1-az5,3,40.0,50.0,3.0,2.6112,0.8019,69,m7g,General,m,64.0,256.0,24280.108154,AWS Graviton3 Processor,AWS Graviton3 Processor,AWS
m7g.16xlarge,us-east-1,use1-az6,3,50.0,50.0,3.0,2.6112,0.9549,63,m7g,General,m,64.0,256.0,24280.108154,AWS Graviton3 Processor,AWS Graviton3 Processor,AWS
m7g.2xlarge,us-east-1,use1-az1,3,50.0,50.0,2.5,0.3264,0.1337,59,m7g,General,m,8.0,32.0,24280.9407438,AWS Graviton3 Processor,AWS Graviton3 Processor,AWS
m7g.2xlarge,us-east-1,use1-az2,3,50.0,50.0,2.5,0.3264,0.1341,58,m7g,General,m,8.0,32.0,24280.9407438,AWS Graviton3 Processor,AWS Graviton3 Processor,AWS
m7g.2xlarge,us-east-1,use1-az4,3,50.0,50.0,2.5,0.3264,0.1257,61,m7g,General,m,8.0,32.0,24280.9407438,AWS Graviton3 Processor,AWS Graviton3 Processor,AWS
m7g.2xlarge,us-east-1,use1-az5,3,50.0,50.0,2.5,0.3264,0.1193,63,m7g,General,m,8.0,32.0,24280.9407438,AWS Graviton3 Processor,AWS Graviton3 Processor,AWS
m7g.2xlarge,us-east-1,use1-az6,3,50.0,50.0,2.5,0.3264,0.1217,62,m7g,General,m,8.0,32.0,24280.9407438,AWS Graviton3 Processor,AWS Graviton3 Processor,AWS
m7g.4xlarge,us-east-1,use1-az1,3,50.0,50.0,3.0,0.6528,0.2847,56,m7g,General,m,16.0,64.0,24297.092525599997,AWS Graviton3 Processor,AWS Graviton3 Processor,AWS
m7g.4xlarge,us-east-1,use1-az2,3,50.0,50.0,3.0,0.6528,0.2985,54,m7g,General,m,16.0,64.0,24297.092525599997,AWS Graviton3 Processor,AWS Graviton3 Processor,AWS
m7g.4xlarge,us-east-1,use1-az4,3,50.0,50.0,3.0,0.6528,0.2724,58,m7g,General,m,16.0,64.0,24297.092525599997,AWS Graviton3 Processor,AWS Graviton3 Processor,AWS
m7g.4xlarge,us-east-1,use1-az5,3,50.0,50.0,3.0,0.6528,0.2663,59,m7g,General,m,16.0,64.0,24297.092525599997,AWS Graviton3 Processor,AWS Graviton3 Processor,AWS
m7g.4xlarge,us-east-1,use1-az6,3,50.0,50.0,3.0,0.6528,0.2697,58,m7g,General,m,16.0,64.0,24297.092525599997,AWS Graviton3 Processor,AWS Graviton3 Processor,AWS
m7g.8xlarge,us-east-1,use1-az1,3,50.0,50.0,2.5,1.3056,0.508,61,m7g,General,m,32.0,128.0,24288.61628,AWS Graviton3 Processor,AWS Graviton3 Processor,AWS
m7g.8xlarge,us-east-1,use1-az2,3,50.0,50.0,2.5,1.3056,0.4696,64,m7g,General,m,32.0,128.0,24288.61628,AWS Graviton3 Processor,AWS Graviton3 Processor,AWS
m7g.8xlarge,us-east-1,use1-az4,3,50.0,50.0,2.5,1.3056,0.4754,63,m7g,General,m,32.0,128.0,24288.61628,AWS Graviton3 Processor,AWS Graviton3 Processor,AWS
m7g.8xlarge,us-east-1,use1-az5,3,20.0,30.0,2.5,1.3056,0.4432,66,m7g,General,m,32.0,128.0,24288.61628,AWS Graviton3 Processor,AWS Graviton3 Processor,AWS
m7g.8xlarge,us-east-1,use1-az6,3,50.0,50.0,2.5,1.3056,0.4495,65,m7g,General,m,32.0,128.0,24288.61628,AWS Graviton3 Processor,AWS Graviton3 Processor,AWS
m7g.large,us-east-1,use1-az1,3,50.0,50.0,2.5,0.0816,0.0387,52,m7g,General,m,2.0,8.0,24307.2543432,AWS Graviton3 Processor,AWS Graviton3 Processor,AWS
m7g.large,us-east-1,use1-az2,3,50.0,50.0,2.5,0.0816,0.034,58,m7g,General,m,2.0,8.0,24307.2543432,AWS Graviton3 Processor,AWS Graviton3 Processor,AWS
m7g.large,us-east-1,use1-az4,3,50.0,50.0,2.5,0.0816,0.0291,64,m7g,General,m,2.0,8.0,24307.2543432,AWS Graviton3 Processor,AWS Graviton3 Processor,AWS
m7g.large,us-east-1,use1-az5,3,50.0,50.0,2.5,0.0816,0.0304,62,m7g,General,m,2.0,8.0,24307.2543432,AWS Graviton3 Processor,AWS Graviton3 Processor,AWS
m7g.large,us-east-1,use1-az6,3,50.0,50.0,2.5,0.0816,0.0337,58,m7g,General,m,2.0,8.0,24307.2543432,AWS Graviton3 Processor,AWS Graviton3 Processor,AWS
m7g.medium,us-east-1,use1-az1,3,50.0,50.0,3.0,0.0408,0.0167,59,m7g,General,m,1.0,4.0,24331.51188,AWS Graviton3 Processor,AWS Graviton3 Processor,AWS
m7g.medium,us-east-1,use1-az2,3,50.0,50.0,3.0,0.0408,0.0127,68,m7g,General,m,1.0,4.0,24331.51188,AWS Graviton3 Processor,AWS Graviton3 Processor,AWS
m7g.medium,us-east-1,use1-az4,3,50.0,50.0,3.0,0.0408,0.014,65,m7g,General,m,1.0,4.0,24331.51188,AWS Graviton3 Processor,AWS Graviton3 Processor,AWS
m7g.medium,us-east-1,use1-az5,3,50.0,50.0,3.0,0.0408,0.0148,63,m7g,General,m,1.0,4.0,24331.51188,AWS Graviton3 Processor,AWS Graviton3 Processor,AWS
m7g.medium,us-east-1,use1-az6,3,50.0,50.0,3.0,0.0408,0.013,68,m7g,General,m,1.0,4.0,24331.51188,AWS Graviton3 Processor,AWS Graviton3 Processor,AWS
m7g.metal,us-east-1,use1-az1,3,20.0,30.0,2.5,2.6112,0.8604,67,m7g,General,m,64.0,256.0,24350.5834232,,,AWS
m7g.metal,us-east-1,use1-az2,3,30.0,45.0,2.5,2.6112,0.9457,63,m7g,General,m,64.0,256.0,24350.5834232,,,AWS
m7g.metal,us-east-1,use1-az4,3,50.0,50.0,2.5,2.6112,0.8145,68,m7g,General,m,64.0,256.0,24350.5834232,,,AWS
m7g.metal,us-east-1,use1-az5,3,25.0,40.0,2.5,2.6112,0.7653,70,m7g,General,m,64.0,256.0,24350.5834232,,,AWS
m7g.metal,us-east-1,use1-az6,3,30.0,45.0,2.5,2.6112,0.8708,66,m7g,General,m,64.0,256.0,24350.5834232,,,AWS
m7g.xlarge,us-east-1,use1-az1,3,50.0,50.0,3.0,0.1632,0.0665,59,m7g,General,m,4.0,16.0,24294.260086,AWS Graviton3 Processor,AWS Graviton3 Processor,AWS
m7g.xlarge,us-east-1,use1-az2,3,50.0,50.0,3.0,0.1632,0.073,55,m7g,General,m,4.0,16.0,24294.260086,AWS Graviton3 Processor,AWS Graviton3 Processor,AWS
m7g.xlarge,us-east-1,use1-az4,3,50.0,50.0,3.0,0.1632,0.0626,61,m7g,General,m,4.0,16.0,24294.260086,AWS Graviton3 Processor,AWS Graviton3 Processor,AWS
m7g.xlarge,us-east-1,use1-az5,3,50.0,50.0,3.0,0.1632,0.0659,59,m7g,General,m,4.0,16.0,24294.260086,AWS Graviton3 Processor,AWS Graviton3 Processor,AWS
m7g.xlarge,us-east-1,use1-az6,3,50.0,50.0,3.0,0.1632,0.0639,60,m7g,General,m,4.0,16.0,24294.260086,AWS Graviton3 Processor,AWS Graviton3 Processor,AWS
m7gd.12xlarge,us-east-1,use1-az1,3,10.0,15.0,2.5,2.5628,0.9486,62,m7gd,General,m,48.0,192.0,24278.58991,AWS Graviton3 Processor,AWS Graviton3 Processor,AWS
m7gd.12xlarge,us-east-1,use1-az2,3,50.0,50.0,2.5,2.5628,0.8695,66,m7gd,General,m,48.0,192.0,24278.58991,AWS Graviton3 Processor,AWS Graviton3 Processor,AWS
m7gd.12xlarge,us-east-1,use1-az4,3,45.0,50.0,2.5,2.5628,0.8203,67,m7gd,General,m,48.0,192.0,24278.58991,AWS Graviton3 Processor,AWS Graviton3 Processor,AWS
m7gd.12xlarge,us-east-1,use1-az5,3,1.0,1.0,2.5,2.5628,0.9005,64,m7gd,General,m,48.0,192.0,24278.58991,AWS Graviton3 Processor,AWS Graviton3 Processor,AWS
m7gd.12xlarge,us-east-1,use1-az6,3,50.0,50.0,2.5,2.5628,0.8848,65,m7gd,General,m,48.0,192.0,24278.58991,AWS Graviton3 Processor,AWS Graviton3 Processor,AWS
m7gd.16xlarge,us-east-1,use1-az1,3,25.0,30.0,2.5,3.4171,1.1891,65,m7gd,General,m,64.0,256.0,24291.77699,AWS Graviton3 Processor,AWS Graviton3 Processor,AWS
m7gd.16xlarge,us-east-1,use1-az2,3,50.0,50.0,2.5,3.4171,1.107,67,m7gd,General,m,64.0,256.0,24291.77699,AWS Graviton3 Processor,AWS Graviton3 Processor,AWS
m7gd.16xlarge,us-east-1,use1-az4,3,35.0,50.0,2.5,3.4171,1.401,59,m7gd,General,m,64.0,256.0,24291.77699,AWS Graviton3 Processor,AWS Graviton3 Processor,AWS
m7gd.16xlarge,us-east-1,use1-az5,3,5.0,10.0,2.5,3.4171,1.201,64,m7gd,General,m,64.0,256.0,24291.77699,AWS Graviton3 Processor,AWS Graviton3 Processor,AWS
m7gd.16xlarge,us-east-1,use1-az6,3,50.0,50.0,2.5,3.4171,1.3562,60,m7gd,General,m,64.0,256.0,24291.77699,AWS Graviton3 Processor,AWS Graviton3 Processor,AWS
m7gd.2xlarge,us-east-1,use1-az1,3,35.0,50.0,1.0,0.4271,0.1538,63,m7gd,General,m,8.0,32.0,24285.66587,AWS Graviton3 Processor,AWS Graviton3 Processor,AWS
m7gd.2xlarge,us-east-1,use1-az2,3,50.0,50.0,1.0,0.4271,0.1457,65,m7gd,General,m,8.0,32.0,24285.66587,AWS Graviton3 Processor,AWS Graviton3 Processor,AWS
m7gd.2xlarge,us-east-1,use1-az4,3,35.0,45.0,1.0,0.4271,0.1947,54,m7gd,General,m,8.0,32.0,24285.66587,AWS Graviton3 Processor,AWS Graviton3 Processor,AWS
m7gd.2xlarge,us-east-1,use1-az5,3,15.0,25.0,1.0,0.4271,0.1485,65,m7gd,General,m,8.0,32.0,24285.66587,AWS Graviton3 Processor,AWS Graviton3 Processor,AWS
m7gd.2xlarge,us-east-1,use1-az6,3,15.0,25.0,1.0,0.4271,0.227,46,m7gd,General,m,8.0,32.0,24285.66587,AWS Graviton3 Processor,AWS Graviton3 Processor,AWS
m7gd.4xlarge,us-east-1,use1-az1,3,20.0,35.0,1.5,0.8543,0.3565,58,m7gd,General,m,16.0,64.0,24295.91393,AWS Graviton3 Processor,AWS Graviton3 Processor,AWS
m7gd.4xlarge,us-east-1,use1-az2,3,50.0,50.0,1.5,0.8543,0.3382,60,m7gd,General,m,16.0,64.0,24295.91393,AWS Graviton3 Processor,AWS Graviton3 Processor,AWS
m7gd.4xlarge,us-east-1,use1-az4,3,30.0,50.0,1.5,0.8543,0.4182,51,m7gd,General,m,16.0,64.0,24295.91393,AWS Graviton3 Processor,AWS Graviton3 Processor,AWS
m7gd.4xlarge,us-east-1,use1-az5,3,20.0,20.0,1.5,0.8543,0.3046,64,m7gd,General,m,16.0,64.0,24295.91393,AWS Graviton3 Processor,AWS Graviton3 Processor,AWS
m7gd.4xlarge,us-east-1,use1-az6,3,50.0,50.0,1.5,0.8543,0.3575,58,m7gd,General,m,16.0,64.0,24295.91393,AWS Graviton3 Processor,AWS Graviton3 Processor,AWS
m7gd.8xlarge,us-east-1,use1-az1,3,40.0,50.0,2.5,1.7086,0.6342,62,m7gd,General,m,32.0,128.0,24279.1627852,AWS Graviton3 Processor,AWS Graviton3 Processor,AWS
m7gd.8xlarge,us-east-1,use1-az2,3,50.0,50.0,2.5,1.7086,0.8108,52,m7gd,General,m,32.0,128.0,24279.1627852,AWS Graviton3 Processor,AWS Graviton3 Processor,AWS
m7gd.8xlarge,us-east-1,use1-az4,3,50.0,50.0,2.5,1.7086,0.6979,59,m7gd,General,m,32.0,128.0,24279.1627852,AWS Graviton3 Processor,AWS Graviton3 Processor,AWS
m7gd.8xlarge,us-east-1,use1-az5,3,10.0,15.0,2.5,1.7086,0.6833,60,m7gd,General,m,32.0,128.0,24279.1627852,AWS Graviton3 Processor,AWS Graviton3 Processor,AWS
m7gd.8xlarge,us-east-1,use1-az6,3,50.0,50.0,2.5,1.7086,0.6614,61,m7gd,General,m,32.0,128.0,24279.1627852,AWS Graviton3 Processor,AWS Graviton3 Processor,AWS
m7gd.large,us-east-1,use1-az1,3,50.0,50.0,1.5,0.1068,0.0463,56,m7gd,General,m,2.0,8.0,24311.2823744,AWS Graviton3 Processor,AWS Graviton3 Processor,AWS
m7gd.large,us-east-1,use1-az2,3,50.0,50.0,1.5,0.1068,0.0371,65,m7gd,General,m,2.0,8.0,24311.2823744,AWS Graviton3 Processor,AWS Graviton3 Processor,AWS
m7gd.large,us-east-1,use1-az4,3,50.0,50.0,1.5,0.1068,0.0455,57,m7gd,General,m,2.0,8.0,24311.2823744,AWS Graviton3 Processor,AWS Graviton3 Processor,AWS
m7gd.large,us-east-1,use1-az5,3,10.0,20.0,1.5,0.1068,0.0373,65,m7gd,General,m,2.0,8.0,24311.2823744,AWS Graviton3 Processor,AWS Graviton3 Processor,AWS
m7gd.large,us-east-1,use1-az6,3,50.0,50.0,1.5,0.1068,0.0397,62,m7gd,General,m,2.0,8.0,24311.2823744,AWS Graviton3 Processor,AWS Graviton3 Processor,AWS
m7gd.medium,us-east-1,use1-az1,3,30.0,45.0,3.0,0.0534,0.019,64,m7gd,General,m,1.0,4.0,24323.82784,AWS Graviton3 Processor,AWS Graviton3 Processor,AWS
m7gd.medium,us-east-1,use1-az2,3,50.0,50.0,3.0,0.0534,0.0164,69,m7gd,General,m,1.0,4.0,24323.82784,AWS Graviton3 Processor,AWS Graviton3 Processor,AWS
m7gd.medium,us-east-1,use1-az4,3,30.0,50.0,3.0,0.0534,0.0187,64,m7gd,General,m,1.0,4.0,24323.82784,AWS Graviton3 Processor,AWS Graviton3 Processor,AWS
m7gd.medium,us-east-1,use1-az5,3,30.0,45.0,3.0,0.0534,0.016,70,m7gd,General,m,1.0,4.0,24323.82784,AWS Graviton3 Processor,AWS Graviton3 Processor,AWS
m7gd.medium,us-east-1,use1-az6,3,50.0,50.0,3.0,0.0534,0.018,66,m7gd,General,m,1.0,4.0,24323.82784,AWS Graviton3 Processor,AWS Graviton3 Processor,AWS
m7gd.metal,us-east-1,use1-az1,3,50.0,50.0,2.5,3.4171,1.1747,65,m7gd,General,m,64.0,256.0,24357.35114,,,AWS
m7gd.metal,us-east-1,use1-az2,3,50.0,50.0,2.5,3.4171,1.0301,69,m7gd,General,m,64.0,256.0,24357.35114,,,AWS
m7gd.metal,us-east-1,use1-az4,3,10.0,20.0,2.5,3.4171,1.0134,70,m7gd,General,m,64.0,256.0,24357.35114,,,AWS
m7gd.metal,us-east-1,use1-az5,3,1.0,1.0,2.5,3.4171,1.0177,70,m7gd,General,m,64.0,256.0,24357.35114,,,AWS
m7gd.metal,us-east-1,use1-az6,3,50.0,50.0,2.5,3.4171,1.0753,68,m7gd,General,m,64.0,256.0,24357.35114,,,AWS
m7gd.xlarge,us-east-1,use1-az1,3,5.0,10.0,2.0,0.2136,0.0892,58,m7gd,General,m,4.0,16.0,24306.66157,AWS Graviton3 Processor,AWS Graviton3 Processor,AWS
m7gd.xlarge,us-east-1,use1-az2,3,50.0,50.0,2.0,0.2136,0.0872,59,m7gd,General,m,4.0,16.0,24306.66157,AWS Graviton3 Processor,AWS Graviton3 Processor,AWS
m7gd.xlarge,us-east-1,use1-az4,3,35.0,50.0,2.0,0.2136,0.097,54,m7gd,General,m,4.0,16.0,24306.66157,AWS Graviton3 Processor,AWS Graviton3 Processor,AWS
m7gd.xlarge,us-east-1,use1-az5,3,1.0,5.0,2.0,0.2136,0.0795,62,m7gd,General,m,4.0,16.0,24306.66157,AWS Graviton3 Processor,AWS Graviton3 Processor,AWS
m7gd.xlarge,us-east-1,use1-az6,3,50.0,50.0,2.0,0.2136,0.107,49,m7gd,General,m,4.0,16.0,24306.66157,AWS Graviton3 Processor,AWS Graviton3 Processor,AWS
m7i-flex.2xlarge,us-east-1,use1-az1,3,50.0,50.0,3.0,0.38304,0.1876,51,m7i-flex,General,m,8.0,32.0,34847.849836199995,Intel(R) Xeon(R) Platinum 8488C,Intel(R) Xeon(R) Platinum 8488C,Intel
m7i-flex.2xlarge,us-east-1,use1-az2,3,50.0,50.0,3.0,0.38304,0.1779,53,m7i-flex,General,m,8.0,32.0,34847.849836199995,Intel(R) Xeon(R) Platinum 8488C,Intel(R) Xeon(R) Platinum 8488C,Intel
m7i-flex.2xlarge,us-east-1,use1-az4,3,50.0,50.0,3.0,0.38304,0.1828,52,m7i-flex,General,m,8.0,32.0,34847.849836199995,Intel(R) Xeon(R) Platinum 8488C,Intel(R) Xeon(R) Platinum 8488C,Intel
m7i-flex.2xlarge,us-east-1,use1-az5,3,40.0,50.0,3.0,0.38304,0.1512,60,m7i-flex,General,m,8.0,32.0,34847.849836199995,Intel(R) Xeon(R) Platinum 8488C,Intel(R) Xeon(R) Platinum 8488C,Intel
m7i-flex.2xlarge,us-east-1,use1-az6,3,50.0,50.0,3.0,0.38304,0.2033,46,m7i-flex,General,m,8.0,32.0,34847.849836199995,Intel(R) Xeon(R) Platinum 8488C,Intel(R) Xeon(R) Platinum 8488C,Intel
m7i-flex.4xlarge,us-east-1,use1-az1,3,5.0,5.0,1.0,0.76608,0.3489,54,m7i-flex,General,m,16.0,64.0,34834.042632599994,Intel(R) Xeon(R) Platinum 8488C,Intel(R) Xeon(R) Platinum 8488C,Intel
m7i-flex.4xlarge,us-east-1,use1-az2,3,10.0,15.0,1.0,0.76608,0.3137,59,m7i-flex,General,m,16.0,64.0,34834.042632599994,Intel(R) Xeon(R) Platinum 8488C,Intel(R) Xeon(R) Platinum 8488C,Intel
m7i-flex.4xlarge,us-east-1,use1-az4,3,5.0,10.0,1.0,0.76608,0.3483,54,m7i-flex,General,m,16.0,64.0,34834.042632599994,Intel(R) Xeon(R) Platinum 8488C,Intel(R) Xeon(R) Platinum 8488C,Intel
m7i-flex.4xlarge,us-east-1,use1-az5,2,0.0,1.0,1.0,0.76608,0.3339,56,m7i-flex,General,m,16.0,64.0,34834.042632599994,Intel(R) Xeon(R) Platinum 8488C,Intel(R) Xeon(R) Platinum 8488C,Intel
m7i-flex.4xlarge,us-east-1,use1-az6,3,10.0,20.0,1.0,0.76608,0.2909,62,m7i-flex,General,m,16.0,64.0,34834.042632599994,Intel(R) Xeon(R) Platinum 8488C,Intel(R) Xeon(R) Platinum 8488C,Intel
m7i-flex.8xlarge,us-east-1,use1-az1,3,5.0,5.0,1.5,1.53216,0.7162,53,m7i-flex,General,m,32.0,128.0,34807.886400999996,Intel(R) Xeon(R) Platinum 8488C,Intel(R) Xeon(R) Platinum 8488C,Intel
m7i-flex.8xlarge,us-east-1,use1-az2,3,1.0,1.0,1.5,1.53216,0.7432,51,m7i-flex,General,m,32.0,128.0,34807.886400999996,Intel(R) Xeon(R) Platinum 8488C,Intel(R) Xeon(R) Platinum 8488C,Intel
m7i-flex.8xlarge,us-east-1,use1-az4,3,1.0,1.0,1.5,1.53216,0.5905,61,m7i-flex,General,m,32.0,128.0,34807.886400999996,Intel(R) Xeon(R) Platinum 8488C,Intel(R) Xeon(R) Platinum 8488C,Intel
m7i-flex.8xlarge,us-east-1,use1-az5,2,0.0,1.0,1.5,1.53216,0.5974,61,m7i-flex,General,m,32.0,128.0,34807.886400999996,Intel(R) Xeon(R) Platinum 8488C,Intel(R) Xeon(R) Platinum 8488C,Intel
m7i-flex.8xlarge,us-east-1,use1-az6,3,5.0,5.0,1.5,1.53216,0.6136,59,m7i-flex,General,m,32.0,128.0,34807.886400999996,Intel(R) Xeon(R) Platinum 8488C,Intel(R) Xeon(R) Platinum 8488C,Intel
m7i-flex.large,us-east-1,use1-az1,3,50.0,50.0,2.0,0.09576,0.0333,65,m7i-flex,General,m,2.0,8.0,34817.0428886,Intel(R) Xeon(R) Platinum 8488C,Intel(R) Xeon(R) Platinum 8488C,Intel
m7i-flex.large,us-east-1,use1-az2,3,50.0,50.0,2.0,0.09576,0.0335,65,m7i-flex,General,m,2.0,8.0,34817.0428886,Intel(R) Xeon(R) Platinum 8488C,Intel(R) Xeon(R) Platinum 8488C,Intel
m7i-flex.large,us-east-1,use1-az4,3,50.0,50.0,2.0,0.09576,0.0348,63,m7i-flex,General,m,2.0,8.0,34817.0428886,Intel(R) Xeon(R) Platinum 8488C,Intel(R) Xeon(R) Platinum 8488C,Intel
m7i-flex.large,us-east-1,use1-az5,3,35.0,45.0,2.0,0.09576,0.0354,63,m7i-flex,General,m,2.0,8.0,34817.0428886,Intel(R) Xeon(R) Platinum 8488C,Intel(R) Xeon(R) Platinum 8488C,Intel
m7i-flex.large,us-east-1,use1-az6,3,50.0,50.0,2.0,0.09576,0.0343,64,m7i-flex,General,m,2.0,8.0,34817.0428886,Intel(R) Xeon(R) Platinum 8488C,Intel(R) Xeon(R) Platinum 8488C,Intel
m7i-flex.xlarge,us-east-1,use1-az1,3,50.0,50.0,2.0,0.19152,0.0893,53,m7i-flex,General,m,4.0,16.0,34818.577664000004,Intel(R) Xeon(R) Platinum 8488C,Intel(R) Xeon(R) Platinum 8488C,Intel
m7i-flex.xlarge,us-east-1,use1-az2,3,50.0,50.0,2.0,0.19152,0.0819,57,m7i-flex,General,m,4.0,16.0,34818.577664000004,Intel(R) Xeon(R) Platinum 8488C,Intel(R) Xeon(R) Platinum 8488C,Intel
m7i-flex.xlarge,us-east-1,use1-az4,3,50.0,50.0,2.0,0.19152,0.071,62,m7i-flex,General,m,4.0,16.0,34818.577664000004,Intel(R) Xeon(R) Platinum 8488C,Intel(R) Xeon(R) Platinum 8488C,Intel
m7i-flex.xlarge,us-east-1,use1-az5,3,20.0,35.0,2.0,0.19152,0.0698,63,m7i-flex,General,m,4.0,16.0,34818.577664000004,Intel(R) Xeon(R) Platinum 8488C,Intel(R) Xeon(R) Platinum 8488C,Intel
m7i-flex.xlarge,us-east-1,use1-az6,3,50.0,50.0,2.0,0.19152,0.0742,61,m7i-flex,General,m,4.0,16.0,34818.577664000004,Intel(R) Xeon(R) Platinum 8488C,Intel(R) Xeon(R) Platinum 8488C,Intel
m7i.12xlarge,us-east-1,use1-az1,3,5.0,10.0,1.5,2.4192,0.8877,63,m7i,General,m,48.0,192.0,34290.7909594,Intel(R) Xeon(R) Platinum 8488C,Intel(R) Xeon(R) Platinum 8488C,Intel
m7i.12xlarge,us-east-1,use1-az2,3,15.0,25.0,1.5,2.4192,0.9128,62,m7i,General,m,48.0,192.0,34290.7909594,Intel(R) Xeon(R) Platinum 8488C,Intel(R) Xeon(R) Platinum 8488C,Intel
m7i.12xlarge,us-east-1,use1-az4,3,35.0,50.0,1.5,2.4192,0.9466,60,m7i,General,m,48.0,192.0,34290.7909594,Intel(R) Xeon(R) Platinum 8488C,Intel(R) Xeon(R) Platinum 8488C,Intel
m7i.12xlarge,us-east-1,use1-az5,3,1.0,1.0,1.5,2.4192,0.8859,63,m7i,General,m,48.0,192.0,34290.7909594,Intel(R) Xeon(R) Platinum 8488C,Intel(R) Xeon(R) Platinum 8488C,Intel
m7i.12xlarge,us-east-1,use1-az6,3,20.0,30.0,1.5,2.4192,1.1421,52,m7i,General,m,48.0,192.0,34290.7909594,Intel(R) Xeon(R) Platinum 8488C,Intel(R) Xeon(R) Platinum 8488C,Intel
m7i.16xlarge,us-east-1,use1-az1,3,5.0,5.0,1.0,3.2256,1.2464,61,m7i,General,m,64.0,256.0,34337.3600746,Intel(R) Xeon(R) Platinum 8488C,Intel(R) Xeon(R) Platinum 8488C,Intel
m7i.16xlarge,us-east-1,use1-az2,3,50.0,50.0,1.0,3.2256,1.1936,62,m7i,General,m,64.0,256.0,34337.3600746,Intel(R) Xeon(R) Platinum 8488C,Intel(R) Xeon(R) Platinum 8488C,Intel
m7i.16xlarge,us-east-1,use1-az4,3,35.0,50.0,1.0,3.2256,1.3029,59,m7i,General,m,64.0,256.0,34337.3600746,Intel(R) Xeon(R) Platinum 8488C,Intel(R) Xeon(R) Platinum 8488C,Intel
m7i.16xlarge,us-east-1,use1-az5,3,1.0,1.0,1.0,3.2256,1.1789,63,m7i,General,m,64.0,256.0,34337.3600746,Intel(R) Xeon(R) Platinum 8488C,Intel(R) Xeon(R) Platinum 8488C,Intel
m7i.16xlarge,us-east-1,use1-az6,3,50.0,50.0,1.0,3.2256,1.224,62,m7i,General,m,64.0,256.0,34337.3600746,Intel(R) Xeon(R) Platinum 8488C,Intel(R) Xeon(R) Platinum 8488C,Intel
m7i.24xlarge,us-east-1,use1-az1,3,1.0,1.0,1.0,4.8384,1.8359,62,m7i,General,m,96.0,384.0,34341.39411760001,Intel(R) Xeon(R) Platinum 8488C,Intel(R) Xeon(R) Platinum 8488C,Intel
m7i.24xlarge,us-east-1,use1-az2,3,20.0,35.0,1.0,4.8384,1.6396,66,m7i,General,m,96.0,384.0,34341.39411760001,Intel(R) Xeon(R) Platinum 8488C,Intel(R) Xeon(R) Platinum 8488C,Intel
m7i.24xlarge,us-east-1,use1-az4,3,10.0,20.0,1.0,4.8384,1.7374,64,m7i,General,m,96.0,384.0,34341.39411760001,Intel(R) Xeon(R) Platinum 8488C,Intel(R) Xeon(R) Platinum 8488C,Intel
m7i.24xlarge,us-east-1,use1-az5,2,0.0,1.0,1.0,4.8384,1.6967,64,m7i,General,m,96.0,384.0,34341.39411760001,Intel(R) Xeon(R) Platinum 8488C,Intel(R) Xeon(R) Platinum 8488C,Intel
m7i.24xlarge,us-east-1,use1-az6,3,25.0,35.0,1.0,4.8384,1.6981,64,m7i,General,m,96.0,384.0,34341.39411760001,Intel(R) Xeon(R) Platinum 8488C,Intel(R) Xeon(R) Platinum 8488C,Intel
m7i.2xlarge,us-east-1,use1-az1,3,20.0,35.0,1.0,0.4032,0.154,61,m7i,General,m,8.0,32.0,34502.0987822,Intel(R) Xeon(R) Platinum 8488C,Intel(R) Xeon(R) Platinum 8488C,Intel
m7i.2xlarge,us-east-1,use1-az2,3,50.0,50.0,1.0,0.4032,0.1587,60,m7i,General,m,8.0,32.0,34502.0987822,Intel(R) Xeon(R) Platinum 8488C,Intel(R) Xeon(R) Platinum 8488C,Intel
m7i.2xlarge,us-east-1,use1-az4,3,50.0,50.0,1.0,0.4032,0.157,61,m7i,General,m,8.0,32.0,34502.0987822,Intel(R) Xeon(R) Platinum 8488C,Intel(R) Xeon(R) Platinum 8488C,Intel
m7i.2xlarge,us-east-1,use1-az5,3,1.0,5.0,1.0,0.4032,0.1512,62,m7i,General,m,8.0,32.0,34502.0987822,Intel(R) Xeon(R) Platinum 8488C,Intel(R) Xeon(R) Platinum 8488C,Intel
m7i.2xlarge,us-east-1,use1-az6,3,50.0,50.0,1.0,0.4032,0.1637,59,m7i,General,m,8.0,32.0,34502.0987822,Intel(R) Xeon(R) Platinum 8488C,Intel(R) Xeon(R) Platinum 8488C,Intel
m7i.48xlarge,us-east-1,use1-az1,3,5.0,5.0,2.5,9.6768,4.0594,58,m7i,General,m,192.0,768.0,34387.444791999995,Intel(R) Xeon(R) Platinum 8488C,Intel(R) Xeon(R) Platinum 8488C,Intel
m7i.48xlarge,us-east-1,use1-az2,3,35.0,50.0,2.5,9.6768,3.4238,64,m7i,General,m,192.0,768.0,34387.444791999995,Intel(R) Xeon(R) Platinum 8488C,Intel(R) Xeon(R) Platinum 8488C,Intel
m7i.48xlarge,us-east-1,use1-az4,3,50.0,50.0,2.5,9.6768,4.0242,58,m7i,General,m,192.0,768.0,34387.444791999995,Intel(R) Xeon(R) Platinum 8488C,Intel(R) Xeon(R) Platinum 8488C,Intel
m7i.48xlarge,us-east-1,use1-az5,3,1.0,5.0,2.5,9.6768,4.2708,55,m7i,General,m,192.0,768.0,34387.444791999995,Intel(R) Xeon(R) Platinum 8488C,Intel(R) Xeon(R) Platinum 8488C,Intel
m7i.48xlarge,us-east-1,use1-az6,3,50.0,50.0,2.5,9.6768,3.3058,65,m7i,General,m,192.0,768.0,34387.444791999995,Intel(R) Xeon(R) Platinum 8488C,Intel(R) Xeon(R) Platinum 8488C,Intel
m7i.4xlarge,us-east-1,use1-az1,3,20.0,30.0,1.0,0.8064,0.3197,60,m7i,General,m,16.0,64.0,34393.8374396,Intel(R) Xeon(R) Platinum 8488C,Intel(R) Xeon(R) Platinum 8488C,Intel
m7i.4xlarge,us-east-1,use1-az2,3,50.0,50.0,1.0,0.8064,0.2984,62,m7i,General,m,16.0,64.0,34393.8374396,Intel(R) Xeon(R) Platinum 8488C,Intel(R) Xeon(R) Platinum 8488C,Intel
m7i.4xlarge,us-east-1,use1-az4,3,40.0,50.0,1.0,0.8064,0.3207,60,m7i,General,m,16.0,64.0,34393.8374396,Intel(R) Xeon(R) Platinum 8488C,Intel(R) Xeon(R) Platinum 8488C,Intel
m7i.4xlarge,us-east-1,use1-az5,3,1.0,5.0,1.0,0.8064,0.3013,62,m7i,General,m,16.0,64.0,34393.8374396,Intel(R) Xeon(R) Platinum 8488C,Intel(R) Xeon(R) Platinum 8488C,Intel
m7i.4xlarge,us-east-1,use1-az6,3,50.0,50.0,1.0,0.8064,0.3418,57,m7i,General,m,16.0,64.0,34393.8374396,Intel(R) Xeon(R) Platinum 8488C,Intel(R) Xeon(R) Platinum 8488C,Intel
m7i.8xlarge,us-east-1,use1-az1,3,1.0,5.0,2.0,1.6128,0.8474,47,m7i,General,m,32.0,128.0,34267.728393599995,Intel(R) Xeon(R) Platinum 8488C,Intel(R) Xeon(R) Platinum 8488C,Intel
m7i.8xlarge,us-east-1,use1-az2,3,35.0,45.0,2.0,1.6128,0.6027,62,m7i,General,m,32.0,128.0,34267.728393599995,Intel(R) Xeon(R) Platinum 8488C,Intel(R) Xeon(R) Platinum 8488C,Intel
m7i.8xlarge,us-east-1,use1-az4,3,50.0,50.0,2.0,1.6128,0.7768,51,m7i,General,m,32.0,128.0,34267.728393599995,Intel(R) Xeon(R) Platinum 8488C,Intel(R) Xeon(R) Platinum 8488C,Intel
m7i.8xlarge,us-east-1,use1-az5,3,5.0,5.0,2.0,1.6128,0.6562,59,m7i,General,m,32.0,128.0,34267.728393599995,Intel(R) Xeon(R) Platinum 8488C,Intel(R) Xeon(R) Platinum 8488C,Intel
m7i.8xlarge,us-east-1,use1-az6,3,35.0,50.0,2.0,1.6128,0.7595,52,m7i,General,m,32.0,128.0,34267.728393599995,Intel(R) Xeon(R) Platinum 8488C,Intel(R) Xeon(R) Platinum 8488C,Intel
m7i.large,us-east-1,use1-az1,3,50.0,50.0,2.0,0.1008,0.0414,58,m7i,General,m,2.0,8.0,34922.852472399994,Intel(R) Xeon(R) Platinum 8488C,Intel(R) Xeon(R) Platinum 8488C,Intel
m7i.large,us-east-1,use1-az2,3,50.0,50.0,2.0,0.1008,0.0381,62,m7i,General,m,2.0,8.0,34922.852472399994,Intel(R) Xeon(R) Platinum 8488C,Intel(R) Xeon(R) Platinum 8488C,Intel
m7i.large,us-east-1,use1-az4,3,50.0,50.0,2.0,0.1008,0.0405,59,m7i,General,m,2.0,8.0,34922.852472399994,Intel(R) Xeon(R) Platinum 8488C,Intel(R) Xeon(R) Platinum 8488C,Intel
m7i.large,us-east-1,use1-az5,3,35.0,50.0,2.0,0.1008,0.04,60,m7i,General,m,2.0,8.0,34922.852472399994,Intel(R) Xeon(R) Platinum 8488C,Intel(R) Xeon(R) Platinum 8488C,Intel
m7i.large,us-east-1,use1-az6,3,50.0,50.0,2.0,0.1008,0.0377,62,m7i,General,m,2.0,8.0,34922.852472399994,Intel(R) Xeon(R) Platinum 8488C,Intel(R) Xeon(R) Platinum 8488C,Intel
m7i.xlarge,us-east-1,use1-az1,3,25.0,50.0,1.0,0.2016,0.0829,58,m7i,General,m,4.0,16.0,31511.116901,Intel(R) Xeon(R) Platinum 8488C,Intel(R) Xeon(R) Platinum 8488C,Intel
m7i.xlarge,us-east-1,use1-az2,3,50.0,50.0,1.0,0.2016,0.0791,60,m7i,General,m,4.0,16.0,31511.116901,Intel(R) Xeon(R) Platinum 8488C,Intel(R) Xeon(R) Platinum 8488C,Intel
m7i.xlarge,us-east-1,use1-az4,3,50.0,50.0,1.0,0.2016,0.0721,64,m7i,General,m,4.0,16.0,31511.116901,Intel(R) Xeon(R) Platinum 8488C,Intel(R) Xeon(R) Platinum 8488C,Intel
m7i.xlarge,us-east-1,use1-az5,3,50.0,50.0,1.0,0.2016,0.078,61,m7i,General,m,4.0,16.0,31511.116901,Intel(R) Xeon(R) Platinum 8488C,Intel(R) Xeon(R) Platinum 8488C,Intel
m7i.xlarge,us-east-1,use1-az6,3,50.0,50.0,1.0,0.2016,0.0788,60,m7i,General,m,4.0,16.0,31511.116901,Intel(R) Xeon(R) Platinum 8488C,Intel(R) Xeon(R) Platinum 8488C,Intel
m8g.12xlarge,us-east-1,use1-az1,3,1.0,1.0,1.5,2.15424,0.7351,65,m8g,General,m,48.0,192.0,28982.48426,AWS Graviton4 Processor,AWS Graviton4 Processor,AWS
m8g.12xlarge,us-east-1,use1-az2,3,50.0,50.0,1.5,2.15424,0.7735,64,m8g,General,m,48.0,192.0,28982.48426,AWS Graviton4 Processor,AWS Graviton4 Processor,AWS
m8g.12xlarge,us-east-1,use1-az4,3,30.0,45.0,1.5,2.15424,0.724,66,m8g,General,m,48.0,192.0,28982.48426,AWS Graviton4 Processor,AWS Graviton4 Processor,AWS
m8g.12xlarge,us-east-1,use1-az5,1,0.0,0.0,1.5,2.15424,1.0795,49,m8g,General,m,48.0,192.0,28982.48426,AWS Graviton4 Processor,AWS Graviton4 Processor,AWS
m8g.12xlarge,us-east-1,use1-az6,3,20.0,35.0,1.5,2.15424,0.823,61,m8g,General,m,48.0,192.0,28982.48426,AWS Graviton4 Processor,AWS Graviton4 Processor,AWS
m8g.16xlarge,us-east-1,use1-az1,3,1.0,5.0,3.0,2.87232,1.0478,63,m8g,General,m,64.0,256.0,28987.860716200004,AWS Graviton4 Processor,AWS Graviton4 Processor,AWS
m8g.16xlarge,us-east-1,use1-az2,3,50.0,50.0,3.0,2.87232,0.9906,65,m8g,General,m,64.0,256.0,28987.860716200004,AWS Graviton4 Processor,AWS Graviton4 Processor,AWS
m8g.16xlarge,us-east-1,use1-az4,3,25.0,40.0,3.0,2.87232,1.2724,55,m8g,General,m,64.0,256.0,28987.860716200004,AWS Graviton4 Processor,AWS Graviton4 Processor,AWS
m8g.16xlarge,us-east-1,use1-az5,3,1.0,1.0,3.0,2.87232,1.0741,62,m8g,General,m,64.0,256.0,28987.860716200004,AWS Graviton4 Processor,AWS Graviton4 Processor,AWS
m8g.16xlarge,us-east-1,use1-az6,3,50.0,50.0,3.0,2.87232,1.0487,63,m8g,General,m,64.0,256.0,28987.860716200004,AWS Graviton4 Processor,AWS Graviton4 Processor,AWS
m8g.24xlarge,us-east-1,use1-az1,3,1.0,1.0,2.5,4.30848,1.4528,66,m8g,General,m,96.0,384.0,28983.49336,AWS Graviton4 Processor,AWS Graviton4 Processor,AWS
m8g.24xlarge,us-east-1,use1-az2,3,30.0,45.0,2.5,4.30848,1.5588,63,m8g,General,m,96.0,384.0,28983.49336,AWS Graviton4 Processor,AWS Graviton4 Processor,AWS
m8g.24xlarge,us-east-1,use1-az4,3,1.0,1.0,2.5,4.30848,1.4963,65,m8g,General,m,96.0,384.0,28983.49336,AWS Graviton4 Processor,AWS Graviton4 Processor,AWS
m8g.24xlarge,us-east-1,use1-az5,2,0.0,1.0,2.5,4.30848,1.5528,63,m8g,General,m,96.0,384.0,28983.49336,AWS Graviton4 Processor,AWS Graviton4 Processor,AWS
m8g.24xlarge,us-east-1,use1-az6,3,50.0,50.0,2.5,4.30848,1.4646,66,m8g,General,m,96.0,384.0,28983.49336,AWS Graviton4 Processor,AWS Graviton4 Processor,AWS
m8g.2xlarge,us-east-1,use1-az1,3,,,1.5,0.35904,0.1359,62,m8g,General,m,8.0,32.0,28981.1396,AWS Graviton4 Processor,AWS Graviton4 Processor,AWS
m8g.2xlarge,us-east-1,use1-az2,3,,,1.5,0.35904,0.1374,61,m8g,General,m,8.0,32.0,28981.1396,AWS Graviton4 Processor,AWS Graviton4 Processor,AWS
m8g.2xlarge,us-east-1,use1-az4,3,20.0,35.0,1.5,0.35904,0.129,64,m8g,General,m,8.0,32.0,28981.1396,AWS Graviton4 Processor,AWS Graviton4 Processor,AWS
m8g.2xlarge,us-east-1,use1-az5,3,1.0,5.0,1.5,0.35904,0.1387,61,m8g,General,m,8.0,32.0,28981.1396,AWS Graviton4 Processor,AWS Graviton4 Processor,AWS
m8g.2xlarge,us-east-1,use1-az6,3,,,1.5,0.35904,0.131,63,m8g,General,m,8.0,32.0,28981.1396,AWS Graviton4 Processor,AWS Graviton4 Processor,AWS
m8g.48xlarge,us-east-1,use1-az1,3,1.0,1.0,3.0,8.61696,3.2926,61,m8g,General,m,192.0,768.0,27921.57549,AWS Graviton4 Processor,AWS Graviton4 Processor,AWS
m8g.48xlarge,us-east-1,use1-az2,3,50.0,50.0,3.0,8.61696,3.1209,63,m8g,General,m,192.0,768.0,27921.57549,AWS Graviton4 Processor,AWS Graviton4 Processor,AWS
m8g.48xlarge,us-east-1,use1-az4,3,50.0,50.0,3.0,8.61696,3.0051,65,m8g,General,m,192.0,768.0,27921.57549,AWS Graviton4 Processor,AWS Graviton4 Processor,AWS
m8g.48xlarge,us-east-1,use1-az5,2,0.0,1.0,3.0,8.61696,3.2942,61,m8g,General,m,192.0,768.0,27921.57549,AWS Graviton4 Processor,AWS Graviton4 Processor,AWS
m8g.48xlarge,us-east-1,use1-az6,3,15.0,25.0,3.0,8.61696,3.0261,64,m8g,General,m,192.0,768.0,27921.57549,AWS Graviton4 Processor,AWS Graviton4 Processor,AWS
m8g.4xlarge,us-east-1,use1-az1,3,1.0,1.0,2.5,0.71808,0.2819,60,m8g,General,m,16.0,64.0,28943.9672,AWS Graviton4 Processor,AWS Graviton4 Processor,AWS
m8g.4xlarge,us-east-1,use1-az2,3,50.0,50.0,2.5,0.71808,0.306,57,m8g,General,m,16.0,64.0,28943.9672,AWS Graviton4 Processor,AWS Graviton4 Processor,AWS
m8g.4xlarge,us-east-1,use1-az4,3,50.0,50.0,2.5,0.71808,0.2815,60,m8g,General,m,16.0,64.0,28943.9672,AWS Graviton4 Processor,AWS Graviton4 Processor,AWS
m8g.4xlarge,us-east-1,use1-az5,3,1.0,1.0,2.5,0.71808,0.2721,62,m8g,General,m,16.0,64.0,28943.9672,AWS Graviton4 Processor,AWS Graviton4 Processor,AWS
m8g.4xlarge,us-east-1,use1-az6,3,50.0,50.0,2.5,0.71808,0.295,58,m8g,General,m,16.0,64.0,28943.9672,AWS Graviton4 Processor,AWS Graviton4 Processor,AWS
m8g.8xlarge,us-east-1,use1-az1,3,1.0,1.0,2.5,1.43616,0.5631,60,m8g,General,m,32.0,128.0,28983.82827,AWS Graviton4 Processor,AWS Graviton4 Processor,AWS
m8g.8xlarge,us-east-1,use1-az2,3,50.0,50.0,2.5,1.43616,0.5524,61,m8g,General,m,32.0,128.0,28983.82827,AWS Graviton4 Processor,AWS Graviton4 Processor,AWS
m8g.8xlarge,us-east-1,use1-az4,3,30.0,50.0,2.5,1.43616,0.5233,63,m8g,General,m,32.0,128.0,28983.82827,AWS Graviton4 Processor,AWS Graviton4 Processor,AWS
m8g.8xlarge,us-east-1,use1-az5,3,1.0,5.0,2.5,1.43616,0.5016,65,m8g,General,m,32.0,128.0,28983.82827,AWS Graviton4 Processor,AWS Graviton4 Processor,AWS
m8g.8xlarge,us-east-1,use1-az6,3,50.0,50.0,2.5,1.43616,0.5367,62,m8g,General,m,32.0,128.0,28983.82827,AWS Graviton4 Processor,AWS Graviton4 Processor,AWS
m8g.large,us-east-1,use1-az1,3,,,2.5,0.08976,0.0397,55,m8g,General,m,2.0,8.0,28984.50068,AWS Graviton4 Processor,AWS Graviton4 Processor,AWS
m8g.large,us-east-1,use1-az2,3,50.0,50.0,2.5,0.08976,0.0328,63,m8g,General,m,2.0,8.0,28984.50068,AWS Graviton4 Processor,AWS Graviton4 Processor,AWS
m8g.large,us-east-1,use1-az4,3,,,2.5,0.08976,0.042,53,m8g,General,m,2.0,8.0,28984.50068,AWS Graviton4 Processor,AWS Graviton4 Processor,AWS
m8g.large,us-east-1,use1-az5,3,,,2.5,0.08976,0.0329,63,m8g,General,m,2.0,8.0,28984.50068,AWS Graviton4 Processor,AWS Graviton4 Processor,AWS
m8g.large,us-east-1,use1-az6,3,50.0,50.0,2.5,0.08976,0.0334,62,m8g,General,m,2.0,8.0,28984.50068,AWS Graviton4 Processor,AWS Graviton4 Processor,AWS
m8g.medium,us-east-1,use1-az1,3,,,3.0,0.04488,0.0158,64,m8g,General,m,1.0,4.0,28970.23798,AWS Graviton4 Processor,AWS Graviton4 Processor,AWS
m8g.medium,us-east-1,use1-az2,3,50.0,50.0,3.0,0.04488,0.0152,66,m8g,General,m,1.0,4.0,28970.23798,AWS Graviton4 Processor,AWS Graviton4 Processor,AWS
m8g.medium,us-east-1,use1-az4,3,,,3.0,0.04488,0.016,64,m8g,General,m,1.0,4.0,28970.23798,AWS Graviton4 Processor,AWS Graviton4 Processor,AWS
m8g.medium,us-east-1,use1-az5,3,,,3.0,0.04488,0.0143,68,m8g,General,m,1.0,4.0,28970.23798,AWS Graviton4 Processor,AWS Graviton4 Processor,AWS
m8g.medium,us-east-1,use1-az6,3,,,3.0,0.04488,0.014,68,m8g,General,m,1.0,4.0,28970.23798,AWS Graviton4 Processor,AWS Graviton4 Processor,AWS
m8g.metal-48xl,us-east-1,use1-az1,3,1.0,1.0,2.5,8.61696,2.7299,68,m8g,General,m,192.0,768.0,28001.323002200003,,,AWS
m8g.metal-48xl,us-east-1,use1-az2,3,40.0,50.0,2.5,8.61696,2.7744,67,m8g,General,m,192.0,768.0,28001.323002200003,,,AWS
m8g.metal-48xl,us-east-1,use1-az4,3,1.0,1.0,2.5,8.61696,2.8748,66,m8g,General,m,192.0,768.0,28001.323002200003,,,AWS
m8g.metal-48xl,us-east-1,use1-az5,3,5.0,10.0,2.5,8.61696,2.7405,68,m8g,General,m,192.0,768.0,28001.323002200003,,,AWS
m8g.metal-48xl,us-east-1,use1-az6,3,15.0,25.0,2.5,8.61696,2.8973,66,m8g,General,m,192.0,768.0,28001.323002200003,,,AWS
m8g.xlarge,us-east-1,use1-az1,3,,,2.5,0.17952,0.0728,59,m8g,General,m,4.0,16.0,28985.84451,AWS Graviton4 Processor,AWS Graviton4 Processor,AWS
m8g.xlarge,us-east-1,use1-az2,3,,,2.5,0.17952,0.0675,62,m8g,General,m,4.0,16.0,28985.84451,AWS Graviton4 Processor,AWS Graviton4 Processor,AWS
m8g.xlarge,us-east-1,use1-az4,3,,,2.5,0.17952,0.0844,52,m8g,General,m,4.0,16.0,28985.84451,AWS Graviton4 Processor,AWS Graviton4 Processor,AWS
m8g.xlarge,us-east-1,use1-az5,3,5.0,,2.5,0.17952,0.0647,63,m8g,General,m,4.0,16.0,28985.84451,AWS Graviton4 Processor,AWS Graviton4 Processor,AWS
m8g.xlarge,us-east-1,use1-az6,3,50.0,50.0,2.5,0.17952,0.0691,61,m8g,General,m,4.0,16.0,28985.84451,AWS Graviton4 Processor,AWS Graviton4 Processor,AWS
p3.16xlarge,us-east-1,use1-az1,1,0.0,0.0,1.0,24.48,7.0639,71,p3,AC,p,64.0,488.0,23738.917,Intel(R) Xeon(R) CPU E5-2686 v4 @ 2.30GHz,Intel(R) Xeon(R) CPU E5-2686 v4 @ 2.30GHz,Intel
p3.16xlarge,us-east-1,use1-az2,1,0.0,0.0,1.0,24.48,8.0949,66,p3,AC,p,64.0,488.0,23738.917,Intel(R) Xeon(R) CPU E5-2686 v4 @ 2.30GHz,Intel(R) Xeon(R) CPU E5-2686 v4 @ 2.30GHz,Intel
p3.16xlarge,us-east-1,use1-az5,1,0.0,0.0,1.0,24.48,6.658,72,p3,AC,p,64.0,488.0,23738.917,Intel(R) Xeon(R) CPU E5-2686 v4 @ 2.30GHz,Intel(R) Xeon(R) CPU E5-2686 v4 @ 2.30GHz,Intel
p3.16xlarge,us-east-1,use1-az6,1,0.0,0.0,1.0,24.48,7.3147,70,p3,AC,p,64.0,488.0,23738.917,Intel(R) Xeon(R) CPU E5-2686 v4 @ 2.30GHz,Intel(R) Xeon(R) CPU E5-2686 v4 @ 2.30GHz,Intel
p3.2xlarge,us-east-1,use1-az1,3,50.0,50.0,1.0,3.06,0.8965,70,p3,AC,p,8.0,61.0,23738.917,Intel(R) Xeon(R) CPU E5-2686 v4 @ 2.30GHz,Intel(R) Xeon(R) CPU E5-2686 v4 @ 2.30GHz,Intel
p3.2xlarge,us-east-1,use1-az2,3,25.0,35.0,1.0,3.06,0.9875,67,p3,AC,p,8.0,61.0,23738.917,Intel(R) Xeon(R) CPU E5-2686 v4 @ 2.30GHz,Intel(R) Xeon(R) CPU E5-2686 v4 @ 2.30GHz,Intel
p3.2xlarge,us-east-1,use1-az5,3,50.0,50.0,1.0,3.06,0.9722,68,p3,AC,p,8.0,61.0,23738.917,Intel(R) Xeon(R) CPU E5-2686 v4 @ 2.30GHz,Intel(R) Xeon(R) CPU E5-2686 v4 @ 2.30GHz,Intel
p3.2xlarge,us-east-1,use1-az6,3,40.0,50.0,1.0,3.06,0.9905,67,p3,AC,p,8.0,61.0,23738.917,Intel(R) Xeon(R) CPU E5-2686 v4 @ 2.30GHz,Intel(R) Xeon(R) CPU E5-2686 v4 @ 2.30GHz,Intel
p3.8xlarge,us-east-1,use1-az1,1,0.0,0.0,1.0,12.24,3.363,72,p3,AC,p,32.0,244.0,23738.917,Intel(R) Xeon(R) CPU E5-2686 v4 @ 2.30GHz,Intel(R) Xeon(R) CPU E5-2686 v4 @ 2.30GHz,Intel
p3.8xlarge,us-east-1,use1-az2,1,0.0,0.0,1.0,12.24,3.4905,71,p3,AC,p,32.0,244.0,23738.917,Intel(R) Xeon(R) CPU E5-2686 v4 @ 2.30GHz,Intel(R) Xeon(R) CPU E5-2686 v4 @ 2.30GHz,Intel
p3.8xlarge,us-east-1,use1-az5,1,0.0,0.0,1.0,12.24,3.5391,71,p3,AC,p,32.0,244.0,23738.917,Intel(R) Xeon(R) CPU E5-2686 v4 @ 2.30GHz,Intel(R) Xeon(R) CPU E5-2686 v4 @ 2.30GHz,Intel
p3.8xlarge,us-east-1,use1-az6,1,0.0,0.0,1.0,12.24,3.2169,73,p3,AC,p,32.0,244.0,23738.917,Intel(R) Xeon(R) CPU E5-2686 v4 @ 2.30GHz,Intel(R) Xeon(R) CPU E5-2686 v4 @ 2.30GHz,Intel
p3dn.24xlarge,us-east-1,use1-az1,3,5.0,5.0,1.0,31.212,10.1454,67,p3dn,AC,p,96.0,768.0,23738.917,Intel(R) Xeon(R) Platinum 8175M CPU @ 2.50GHz,Intel(R) Xeon(R) Platinum 8175M CPU @ 2.50GHz,Intel
p3dn.24xlarge,us-east-1,use1-az6,3,50.0,50.0,1.0,31.212,10.299,67,p3dn,AC,p,96.0,768.0,23738.917,Intel(R) Xeon(R) Platinum 8175M CPU @ 2.50GHz,Intel(R) Xeon(R) Platinum 8175M CPU @ 2.50GHz,Intel
p4d.24xlarge,us-east-1,use1-az1,1,0.0,0.0,1.0,21.95764,8.4076,61,p4d,AC,p,96.0,1152.0,23738.917,Intel(R) Xeon(R) Platinum 8175M CPU @ 2.50GHz,Intel(R) Xeon(R) Platinum 8175M CPU @ 2.50GHz,Intel
p4d.24xlarge,us-east-1,use1-az2,1,0.0,0.0,1.0,21.95764,12.997,40,p4d,AC,p,96.0,1152.0,23738.917,Intel(R) Xeon(R) Platinum 8175M CPU @ 2.50GHz,Intel(R) Xeon(R) Platinum 8175M CPU @ 2.50GHz,Intel
p4d.24xlarge,us-east-1,use1-az6,1,0.0,0.0,1.0,21.95764,9.3596,57,p4d,AC,p,96.0,1152.0,23738.917,Intel(R) Xeon(R) Platinum 8175M CPU @ 2.50GHz,Intel(R) Xeon(R) Platinum 8175M CPU @ 2.50GHz,Intel
p5.48xlarge,us-east-1,use1-az1,1,0.0,0.0,1.5,55.04,21.0966,61,p5,AC,p,192.0,2048.0,33539.1601,AMD EPYC 7R13 Processor,AMD EPYC 7R13,AuthenticAMD
p5.48xlarge,us-east-1,use1-az2,1,0.0,0.0,1.5,55.04,19.3038,64,p5,AC,p,192.0,2048.0,33539.1601,AMD EPYC 7R13 Processor,AMD EPYC 7R13,AuthenticAMD
p5.48xlarge,us-east-1,use1-az3,2,0.0,1.0,1.5,55.04,18.9521,65,p5,AC,p,192.0,2048.0,33539.1601,AMD EPYC 7R13 Processor,AMD EPYC 7R13,AuthenticAMD
p5.48xlarge,us-east-1,use1-az4,1,0.0,0.0,1.5,55.04,20.7428,62,p5,AC,p,192.0,2048.0,33539.1601,AMD EPYC 7R13 Processor,AMD EPYC 7R13,AuthenticAMD
p5.48xlarge,us-east-1,use1-az5,3,1.0,1.0,1.5,55.04,17.5122,68,p5,AC,p,192.0,2048.0,33539.1601,AMD EPYC 7R13 Processor,AMD EPYC 7R13,AuthenticAMD
p5.48xlarge,us-east-1,use1-az6,1,0.0,0.0,1.5,55.04,18.0542,67,p5,AC,p,192.0,2048.0,33539.1601,AMD EPYC 7R13 Processor,AMD EPYC 7R13,AuthenticAMD
r5.12xlarge,us-east-1,use1-az1,3,10.0,20.0,1.0,3.024,1.0257,66,r5,Memory,r,48.0,384.0,25106.0895558,Intel(R) Xeon(R) Platinum 8175M CPU @ 2.50GHz,Intel(R) Xeon(R) Platinum 8175M CPU @ 2.50GHz,Intel
r5.12xlarge,us-east-1,use1-az2,3,15.0,20.0,1.0,3.024,1.017,66,r5,Memory,r,48.0,384.0,25106.0895558,Intel(R) Xeon(R) Platinum 8175M CPU @ 2.50GHz,Intel(R) Xeon(R) Platinum 8175M CPU @ 2.50GHz,Intel
r5.12xlarge,us-east-1,use1-az4,3,1.0,1.0,1.0,3.024,1.0751,64,r5,Memory,r,48.0,384.0,25106.0895558,Intel(R) Xeon(R) Platinum 8175M CPU @ 2.50GHz,Intel(R) Xeon(R) Platinum 8175M CPU @ 2.50GHz,Intel
r5.12xlarge,us-east-1,use1-az5,3,20.0,35.0,1.0,3.024,1.1133,63,r5,Memory,r,48.0,384.0,25106.0895558,Intel(R) Xeon(R) Platinum 8175M CPU @ 2.50GHz,Intel(R) Xeon(R) Platinum 8175M CPU @ 2.50GHz,Intel
r5.12xlarge,us-east-1,use1-az6,3,15.0,35.0,1.0,3.024,1.1019,63,r5,Memory,r,48.0,384.0,25106.0895558,Intel(R) Xeon(R) Platinum 8175M CPU @ 2.50GHz,Intel(R) Xeon(R) Platinum 8175M CPU @ 2.50GHz,Intel
r5.16xlarge,us-east-1,use1-az1,3,35.0,45.0,1.0,4.032,1.3125,67,r5,Memory,r,64.0,512.0,23138.969002,Intel(R) Xeon(R) Platinum 8175M CPU @ 2.50GHz,Intel(R) Xeon(R) Platinum 8175M CPU @ 2.50GHz,Intel
r5.16xlarge,us-east-1,use1-az2,3,30.0,45.0,1.0,4.032,1.3528,66,r5,Memory,r,64.0,512.0,23138.969002,Intel(R) Xeon(R) Platinum 8175M CPU @ 2.50GHz,Intel(R) Xeon(R) Platinum 8175M CPU @ 2.50GHz,Intel
r5.16xlarge,us-east-1,use1-az4,3,35.0,35.0,1.0,4.032,1.4199,64,r5,Memory,r,64.0,512.0,23138.969002,Intel(R) Xeon(R) Platinum 8175M CPU @ 2.50GHz,Intel(R) Xeon(R) Platinum 8175M CPU @ 2.50GHz,Intel
r5.16xlarge,us-east-1,use1-az5,3,50.0,50.0,1.0,4.032,1.4848,63,r5,Memory,r,64.0,512.0,23138.969002,Intel(R) Xeon(R) Platinum 8175M CPU @ 2.50GHz,Intel(R) Xeon(R) Platinum 8175M CPU @ 2.50GHz,Intel
r5.16xlarge,us-east-1,use1-az6,3,1.0,25.0,1.0,4.032,1.29,68,r5,Memory,r,64.0,512.0,23138.969002,Intel(R) Xeon(R) Platinum 8175M CPU @ 2.50GHz,Intel(R) Xeon(R) Platinum 8175M CPU @ 2.50GHz,Intel
r5.24xlarge,us-east-1,use1-az1,3,1.0,1.0,1.0,6.048,2.0124,66,r5,Memory,r,96.0,768.0,25101.5488438,Intel(R) Xeon(R) Platinum 8175M CPU @ 2.50GHz,Intel(R) Xeon(R) Platinum 8175M CPU @ 2.50GHz,Intel
r5.24xlarge,us-east-1,use1-az2,3,15.0,30.0,1.0,6.048,2.6231,56,r5,Memory,r,96.0,768.0,25101.5488438,Intel(R) Xeon(R) Platinum 8175M CPU @ 2.50GHz,Intel(R) Xeon(R) Platinum 8175M CPU @ 2.50GHz,Intel
r5.24xlarge,us-east-1,use1-az4,3,50.0,50.0,1.0,6.048,2.5524,57,r5,Memory,r,96.0,768.0,25101.5488438,Intel(R) Xeon(R) Platinum 8175M CPU @ 2.50GHz,Intel(R) Xeon(R) Platinum 8175M CPU @ 2.50GHz,Intel
r5.24xlarge,us-east-1,use1-az5,3,40.0,50.0,1.0,6.048,2.1288,64,r5,Memory,r,96.0,768.0,25101.5488438,Intel(R) Xeon(R) Platinum 8175M CPU @ 2.50GHz,Intel(R) Xeon(R) Platinum 8175M CPU @ 2.50GHz,Intel
r5.24xlarge,us-east-1,use1-az6,3,15.0,25.0,1.0,6.048,2.6593,56,r5,Memory,r,96.0,768.0,25101.5488438,Intel(R) Xeon(R) Platinum 8175M CPU @ 2.50GHz,Intel(R) Xeon(R) Platinum 8175M CPU @ 2.50GHz,Intel
r5.2xlarge,us-east-1,use1-az1,3,50.0,50.0,1.0,0.504,0.1922,61,r5,Memory,r,8.0,64.0,23157.4809938,Intel(R) Xeon(R) Platinum 8175M CPU @ 2.50GHz,Intel(R) Xeon(R) Platinum 8175M CPU @ 2.50GHz,Intel
r5.2xlarge,us-east-1,use1-az2,3,50.0,50.0,1.0,0.504,0.1869,62,r5,Memory,r,8.0,64.0,23157.4809938,Intel(R) Xeon(R) Platinum 8175M CPU @ 2.50GHz,Intel(R) Xeon(R) Platinum 8175M CPU @ 2.50GHz,Intel
r5.2xlarge,us-east-1,use1-az4,3,50.0,50.0,1.0,0.504,0.2071,58,r5,Memory,r,8.0,64.0,23157.4809938,Intel(R) Xeon(R) Platinum 8175M CPU @ 2.50GHz,Intel(R) Xeon(R) Platinum 8175M CPU @ 2.50GHz,Intel
r5.2xlarge,us-east-1,use1-az5,3,50.0,50.0,1.0,0.504,0.2001,60,r5,Memory,r,8.0,64.0,23157.4809938,Intel(R) Xeon(R) Platinum 8175M CPU @ 2.50GHz,Intel(R) Xeon(R) Platinum 8175M CPU @ 2.50GHz,Intel
r5.2xlarge,us-east-1,use1-az6,3,50.0,50.0,1.0,0.504,0.2014,60,r5,Memory,r,8.0,64.0,23157.4809938,Intel(R) Xeon(R) Platinum 8175M CPU @ 2.50GHz,Intel(R) Xeon(R) Platinum 8175M CPU @ 2.50GHz,Intel
r5.4xlarge,us-east-1,use1-az1,3,50.0,50.0,1.0,1.008,0.4042,59,r5,Memory,r,16.0,128.0,23189.498612000003,Intel(R) Xeon(R) Platinum 8259CL CPU @ 2.50GHz,Intel(R) Xeon(R) Platinum 8259CL CPU @ 2.50GHz,Intel
r5.4xlarge,us-east-1,use1-az2,3,50.0,50.0,1.0,1.008,0.3755,62,r5,Memory,r,16.0,128.0,23189.498612000003,Intel(R) Xeon(R) Platinum 8259CL CPU @ 2.50GHz,Intel(R) Xeon(R) Platinum 8259CL CPU @ 2.50GHz,Intel
r5.4xlarge,us-east-1,use1-az4,3,50.0,50.0,1.0,1.008,0.3781,62,r5,Memory,r,16.0,128.0,23189.498612000003,Intel(R) Xeon(R) Platinum 8259CL CPU @ 2.50GHz,Intel(R) Xeon(R) Platinum 8259CL CPU @ 2.50GHz,Intel
r5.4xlarge,us-east-1,use1-az5,3,50.0,50.0,1.0,1.008,0.3682,63,r5,Memory,r,16.0,128.0,23189.498612000003,Intel(R) Xeon(R) Platinum 8259CL CPU @ 2.50GHz,Intel(R) Xeon(R) Platinum 8259CL CPU @ 2.50GHz,Intel
r5.4xlarge,us-east-1,use1-az6,3,50.0,50.0,1.0,1.008,0.4302,57,r5,Memory,r,16.0,128.0,23189.498612000003,Intel(R) Xeon(R) Platinum 8259CL CPU @ 2.50GHz,Intel(R) Xeon(R) Platinum 8259CL CPU @ 2.50GHz,Intel
r5.8xlarge,us-east-1,use1-az1,3,50.0,50.0,1.0,2.016,0.6637,67,r5,Memory,r,32.0,256.0,23163.177744,Intel(R) Xeon(R) Platinum 8259CL CPU @ 2.50GHz,Intel(R) Xeon(R) Platinum 8259CL CPU @ 2.50GHz,Intel
r5.8xlarge,us-east-1,use1-az2,3,40.0,40.0,1.0,2.016,0.7031,65,r5,Memory,r,32.0,256.0,23163.177744,Intel(R) Xeon(R) Platinum 8259CL CPU @ 2.50GHz,Intel(R) Xeon(R) Platinum 8259CL CPU @ 2.50GHz,Intel
r5.8xlarge,us-east-1,use1-az4,3,45.0,50.0,1.0,2.016,0.7306,63,r5,Memory,r,32.0,256.0,23163.177744,Intel(R) Xeon(R) Platinum 8259CL CPU @ 2.50GHz,Intel(R) Xeon(R) Platinum 8259CL CPU @ 2.50GHz,Intel
r5.8xlarge,us-east-1,use1-az5,3,50.0,50.0,1.0,2.016,0.7023,65,r5,Memory,r,32.0,256.0,23163.177744,Intel(R) Xeon(R) Platinum 8259CL CPU @ 2.50GHz,Intel(R) Xeon(R) Platinum 8259CL CPU @ 2.50GHz,Intel
r5.8xlarge,us-east-1,use1-az6,3,50.0,50.0,1.0,2.016,0.6433,68,r5,Memory,r,32.0,256.0,23163.177744,Intel(R) Xeon(R) Platinum 8259CL CPU @ 2.50GHz,Intel(R) Xeon(R) Platinum 8259CL CPU @ 2.50GHz,Intel
r5.large,us-east-1,use1-az1,3,50.0,50.0,2.5,0.126,0.0521,58,r5,Memory,r,2.0,16.0,23139.1854922,Intel(R) Xeon(R) Platinum 8175M CPU @ 2.50GHz,Intel(R) Xeon(R) Platinum 8175M CPU @ 2.50GHz,Intel
r5.large,us-east-1,use1-az2,3,50.0,50.0,2.5,0.126,0.0437,65,r5,Memory,r,2.0,16.0,23139.1854922,Intel(R) Xeon(R) Platinum 8175M CPU @ 2.50GHz,Intel(R) Xeon(R) Platinum 8175M CPU @ 2.50GHz,Intel
r5.large,us-east-1,use1-az4,3,50.0,50.0,2.5,0.126,0.0521,58,r5,Memory,r,2.0,16.0,23139.1854922,Intel(R) Xeon(R) Platinum 8175M CPU @ 2.50GHz,Intel(R) Xeon(R) Platinum 8175M CPU @ 2.50GHz,Intel
r5.large,us-east-1,use1-az5,3,50.0,50.0,2.5,0.126,0.0484,61,r5,Memory,r,2.0,16.0,23139.1854922,Intel(R) Xeon(R) Platinum 8175M CPU @ 2.50GHz,Intel(R) Xeon(R) Platinum 8175M CPU @ 2.50GHz,Intel
r5.large,us-east-1,use1-az6,3,50.0,50.0,2.5,0.126,0.0529,58,r5,Memory,r,2.0,16.0,23139.1854922,Intel(R) Xeon(R) Platinum 8175M CPU @ 2.50GHz,Intel(R) Xeon(R) Platinum 8175M CPU @ 2.50GHz,Intel
r5.xlarge,us-east-1,use1-az1,3,50.0,50.0,1.0,0.252,0.0861,65,r5,Memory,r,4.0,32.0,23165.421097,Intel(R) Xeon(R) Platinum 8259CL CPU @ 2.50GHz,Intel(R) Xeon(R) Platinum 8259CL CPU @ 2.50GHz,Intel
r5.xlarge,us-east-1,use1-az2,3,50.0,50.0,1.0,0.252,0.0848,66,r5,Memory,r,4.0,32.0,23165.421097,Intel(R) Xeon(R) Platinum 8259CL CPU @ 2.50GHz,Intel(R) Xeon(R) Platinum 8259CL CPU @ 2.50GHz,Intel
r5.xlarge,us-east-1,use1-az4,3,50.0,50.0,1.0,0.252,0.0972,61,r5,Memory,r,4.0,32.0,23165.421097,Intel(R) Xeon(R) Platinum 8259CL CPU @ 2.50GHz,Intel(R) Xeon(R) Platinum 8259CL CPU @ 2.50GHz,Intel
r5.xlarge,us-east-1,use1-az5,3,50.0,50.0,1.0,0.252,0.0853,66,r5,Memory,r,4.0,32.0,23165.421097,Intel(R) Xeon(R) Platinum 8259CL CPU @ 2.50GHz,Intel(R) Xeon(R) Platinum 8259CL CPU @ 2.50GHz,Intel
r5.xlarge,us-east-1,use1-az6,3,50.0,50.0,1.0,0.252,0.0829,67,r5,Memory,r,4.0,32.0,23165.421097,Intel(R) Xeon(R) Platinum 8259CL CPU @ 2.50GHz,Intel(R) Xeon(R) Platinum 8259CL CPU @ 2.50GHz,Intel
r5a.12xlarge,us-east-1,use1-az1,3,1.0,5.0,1.0,2.712,1.2428,54,r5a,Memory,r,48.0,384.0,16971.3349448,AMD EPYC 7571,AMD EPYC 7571,AuthenticAMD
r5a.12xlarge,us-east-1,use1-az2,3,1.0,5.0,1.0,2.712,1.1828,56,r5a,Memory,r,48.0,384.0,16971.3349448,AMD EPYC 7571,AMD EPYC 7571,AuthenticAMD
r5a.12xlarge,us-east-1,use1-az4,3,20.0,30.0,1.0,2.712,1.0072,62,r5a,Memory,r,48.0,384.0,16971.3349448,AMD EPYC 7571,AMD EPYC 7571,AuthenticAMD
r5a.12xlarge,us-east-1,use1-az5,1,0.0,0.0,1.0,2.712,1.3047,51,r5a,Memory,r,48.0,384.0,16971.3349448,AMD EPYC 7571,AMD EPYC 7571,AuthenticAMD
r5a.12xlarge,us-east-1,use1-az6,3,1.0,1.0,1.0,2.712,1.1787,56,r5a,Memory,r,48.0,384.0,16971.3349448,AMD EPYC 7571,AMD EPYC 7571,AuthenticAMD
r5a.16xlarge,us-east-1,use1-az1,3,5.0,5.0,1.0,3.616,1.3772,61,r5a,Memory,r,64.0,512.0,16752.004235200002,AMD EPYC 7571,AMD EPYC 7571,AuthenticAMD
r5a.16xlarge,us-east-1,use1-az2,3,10.0,15.0,1.0,3.616,1.3498,62,r5a,Memory,r,64.0,512.0,16752.004235200002,AMD EPYC 7571,AMD EPYC 7571,AuthenticAMD
r5a.16xlarge,us-east-1,use1-az4,3,10.0,20.0,1.0,3.616,1.2265,66,r5a,Memory,r,64.0,512.0,16752.004235200002,AMD EPYC 7571,AMD EPYC 7571,AuthenticAMD
r5a.16xlarge,us-east-1,use1-az5,3,15.0,20.0,1.0,3.616,1.3288,63,r5a,Memory,r,64.0,512.0,16752.004235200002,AMD EPYC 7571,AMD EPYC 7571,AuthenticAMD
r5a.16xlarge,us-east-1,use1-az6,3,1.0,1.0,1.0,3.616,1.4153,60,r5a,Memory,r,64.0,512.0,16752.004235200002,AMD EPYC 7571,AMD EPYC 7571,AuthenticAMD
r5a.24xlarge,us-east-1,use1-az1,3,5.0,5.0,1.0,5.424,2.1039,61,r5a,Memory,r,96.0,768.0,16853.4135502,AMD EPYC 7571,AMD EPYC 7571,AuthenticAMD
r5a.24xlarge,us-east-1,use1-az2,3,15.0,20.0,1.0,5.424,1.8632,65,r5a,Memory,r,96.0,768.0,16853.4135502,AMD EPYC 7571,AMD EPYC 7571,AuthenticAMD
r5a.24xlarge,us-east-1,use1-az4,3,15.0,25.0,1.0,5.424,1.892,65,r5a,Memory,r,96.0,768.0,16853.4135502,AMD EPYC 7571,AMD EPYC 7571,AuthenticAMD
r5a.24xlarge,us-east-1,use1-az5,3,10.0,15.0,1.0,5.424,1.8889,65,r5a,Memory,r,96.0,768.0,16853.4135502,AMD EPYC 7571,AMD EPYC 7571,AuthenticAMD
r5a.24xlarge,us-east-1,use1-az6,3,1.0,5.0,1.0,5.424,1.9954,63,r5a,Memory,r,96.0,768.0,16853.4135502,AMD EPYC 7571,AMD EPYC 7571,AuthenticAMD
r5a.2xlarge,us-east-1,use1-az1,3,50.0,50.0,1.0,0.452,0.2042,54,r5a,Memory,r,8.0,64.0,16989.3689954,AMD EPYC 7571,AMD EPYC 7571,AuthenticAMD
r5a.2xlarge,us-east-1,use1-az2,3,50.0,50.0,1.0,0.452,0.2041,54,r5a,Memory,r,8.0,64.0,16989.3689954,AMD EPYC 7571,AMD EPYC 7571,AuthenticAMD
r5a.2xlarge,us-east-1,use1-az4,3,50.0,50.0,1.0,0.452,0.191,57,r5a,Memory,r,8.0,64.0,16989.3689954,AMD EPYC 7571,AMD EPYC 7571,AuthenticAMD
r5a.2xlarge,us-east-1,use1-az5,3,20.0,30.0,1.0,0.452,0.2251,50,r5a,Memory,r,8.0,64.0,16989.3689954,AMD EPYC 7571,AMD EPYC 7571,AuthenticAMD
r5a.2xlarge,us-east-1,use1-az6,3,20.0,40.0,1.0,0.452,0.192,57,r5a,Memory,r,8.0,64.0,16989.3689954,AMD EPYC 7571,AMD EPYC 7571,AuthenticAMD
r5a.4xlarge,us-east-1,use1-az1,3,50.0,50.0,1.0,0.904,0.4044,55,r5a,Memory,r,16.0,128.0,17011.155944399998,AMD EPYC 7571,AMD EPYC 7571,AuthenticAMD
r5a.4xlarge,us-east-1,use1-az2,3,50.0,50.0,1.0,0.904,0.3517,61,r5a,Memory,r,16.0,128.0,17011.155944399998,AMD EPYC 7571,AMD EPYC 7571,AuthenticAMD
r5a.4xlarge,us-east-1,use1-az4,3,50.0,50.0,1.0,0.904,0.3688,59,r5a,Memory,r,16.0,128.0,17011.155944399998,AMD EPYC 7571,AMD EPYC 7571,AuthenticAMD
r5a.4xlarge,us-east-1,use1-az5,3,5.0,15.0,1.0,0.904,0.3928,56,r5a,Memory,r,16.0,128.0,17011.155944399998,AMD EPYC 7571,AMD EPYC 7571,AuthenticAMD
r5a.4xlarge,us-east-1,use1-az6,3,50.0,50.0,1.0,0.904,0.3906,56,r5a,Memory,r,16.0,128.0,17011.155944399998,AMD EPYC 7571,AMD EPYC 7571,AuthenticAMD
r5a.8xlarge,us-east-1,use1-az1,3,15.0,20.0,1.0,1.808,0.866,52,r5a,Memory,r,32.0,256.0,16999.4311834,AMD EPYC 7571,AMD EPYC 7571,AuthenticAMD
r5a.8xlarge,us-east-1,use1-az2,3,45.0,50.0,1.0,1.808,0.7717,57,r5a,Memory,r,32.0,256.0,16999.4311834,AMD EPYC 7571,AMD EPYC 7571,AuthenticAMD
r5a.8xlarge,us-east-1,use1-az4,3,35.0,40.0,1.0,1.808,0.6869,62,r5a,Memory,r,32.0,256.0,16999.4311834,AMD EPYC 7571,AMD EPYC 7571,AuthenticAMD
r5a.8xlarge,us-east-1,use1-az5,3,25.0,35.0,1.0,1.808,0.6447,64,r5a,Memory,r,32.0,256.0,16999.4311834,AMD EPYC 7571,AMD EPYC 7571,AuthenticAMD
r5a.8xlarge,us-east-1,use1-az6,3,25.0,40.0,1.0,1.808,0.6699,62,r5a,Memory,r,32.0,256.0,16999.4311834,AMD EPYC 7571,AMD EPYC 7571,AuthenticAMD
r5a.large,us-east-1,use1-az1,3,50.0,50.0,2.5,0.113,0.0456,59,r5a,Memory,r,2.0,16.0,16915.113766200004,AMD EPYC 7571,AMD EPYC 7571,AuthenticAMD
r5a.large,us-east-1,use1-az2,3,50.0,50.0,2.5,0.113,0.0442,60,r5a,Memory,r,2.0,16.0,16915.113766200004,AMD EPYC 7571,AMD EPYC 7571,AuthenticAMD
r5a.large,us-east-1,use1-az4,3,50.0,50.0,2.5,0.113,0.0456,59,r5a,Memory,r,2.0,16.0,16915.113766200004,AMD EPYC 7571,AMD EPYC 7571,AuthenticAMD
r5a.large,us-east-1,use1-az5,3,20.0,30.0,2.5,0.113,0.0484,57,r5a,Memory,r,2.0,16.0,16915.113766200004,AMD EPYC 7571,AMD EPYC 7571,AuthenticAMD
r5a.large,us-east-1,use1-az6,3,50.0,50.0,2.5,0.113,0.0438,61,r5a,Memory,r,2.0,16.0,16915.113766200004,AMD EPYC 7571,AMD EPYC 7571,AuthenticAMD
r5a.xlarge,us-east-1,use1-az1,3,50.0,50.0,1.0,0.226,0.0985,56,r5a,Memory,r,4.0,32.0,16977.586285999998,AMD EPYC 7571,AMD EPYC 7571,AuthenticAMD
r5a.xlarge,us-east-1,use1-az2,3,50.0,50.0,1.0,0.226,0.0838,62,r5a,Memory,r,4.0,32.0,16977.586285999998,AMD EPYC 7571,AMD EPYC 7571,AuthenticAMD
r5a.xlarge,us-east-1,use1-az4,3,50.0,50.0,1.0,0.226,0.0841,62,r5a,Memory,r,4.0,32.0,16977.586285999998,AMD EPYC 7571,AMD EPYC 7571,AuthenticAMD
r5a.xlarge,us-east-1,use1-az5,3,15.0,25.0,1.0,0.226,0.1167,48,r5a,Memory,r,4.0,32.0,16977.586285999998,AMD EPYC 7571,AMD EPYC 7571,AuthenticAMD
r5a.xlarge,us-east-1,use1-az6,3,50.0,50.0,1.0,0.226,0.0839,62,r5a,Memory,r,4.0,32.0,16977.586285999998,AMD EPYC 7571,AMD EPYC 7571,AuthenticAMD
r5ad.12xlarge,us-east-1,use1-az1,1,0.0,0.0,1.0,3.144,1.5652,50,r5ad,Memory,r,48.0,384.0,16959.6965,AMD EPYC 7571,AMD EPYC 7571,AuthenticAMD
r5ad.12xlarge,us-east-1,use1-az2,1,0.0,0.0,1.0,3.144,1.5116,51,r5ad,Memory,r,48.0,384.0,16959.6965,AMD EPYC 7571,AMD EPYC 7571,AuthenticAMD
r5ad.12xlarge,us-east-1,use1-az4,2,0.0,1.0,1.0,3.144,1.5423,50,r5ad,Memory,r,48.0,384.0,16959.6965,AMD EPYC 7571,AMD EPYC 7571,AuthenticAMD
r5ad.12xlarge,us-east-1,use1-az5,1,0.0,0.0,1.0,3.144,1.3399,57,r5ad,Memory,r,48.0,384.0,16959.6965,AMD EPYC 7571,AMD EPYC 7571,AuthenticAMD
r5ad.12xlarge,us-east-1,use1-az6,3,1.0,1.0,1.0,3.144,1.4589,53,r5ad,Memory,r,48.0,384.0,16959.6965,AMD EPYC 7571,AMD EPYC 7571,AuthenticAMD
r5ad.16xlarge,us-east-1,use1-az1,1,0.0,0.0,1.5,4.192,1.5243,63,r5ad,Memory,r,64.0,512.0,16977.9413,AMD EPYC 7571,AMD EPYC 7571,AuthenticAMD
r5ad.16xlarge,us-east-1,use1-az2,3,1.0,1.0,1.5,4.192,1.5573,62,r5ad,Memory,r,64.0,512.0,16977.9413,AMD EPYC 7571,AMD EPYC 7571,AuthenticAMD
r5ad.16xlarge,us-east-1,use1-az4,3,10.0,15.0,1.5,4.192,1.6949,59,r5ad,Memory,r,64.0,512.0,16977.9413,AMD EPYC 7571,AMD EPYC 7571,AuthenticAMD
r5ad.16xlarge,us-east-1,use1-az5,1,0.0,0.0,1.5,4.192,1.6615,60,r5ad,Memory,r,64.0,512.0,16977.9413,AMD EPYC 7571,AMD EPYC 7571,AuthenticAMD
r5ad.16xlarge,us-east-1,use1-az6,3,1.0,15.0,1.5,4.192,1.7044,59,r5ad,Memory,r,64.0,512.0,16977.9413,AMD EPYC 7571,AMD EPYC 7571,AuthenticAMD
r5ad.24xlarge,us-east-1,use1-az1,1,0.0,0.0,2.0,6.288,2.2794,63,r5ad,Memory,r,96.0,768.0,16998.3747,AMD EPYC 7571,AMD EPYC 7571,AuthenticAMD
r5ad.24xlarge,us-east-1,use1-az2,3,1.0,1.0,2.0,6.288,2.4386,61,r5ad,Memory,r,96.0,768.0,16998.3747,AMD EPYC 7571,AMD EPYC 7571,AuthenticAMD
r5ad.24xlarge,us-east-1,use1-az4,3,1.0,10.0,2.0,6.288,2.3092,63,r5ad,Memory,r,96.0,768.0,16998.3747,AMD EPYC 7571,AMD EPYC 7571,AuthenticAMD
r5ad.24xlarge,us-east-1,use1-az5,3,1.0,1.0,2.0,6.288,2.3768,62,r5ad,Memory,r,96.0,768.0,16998.3747,AMD EPYC 7571,AMD EPYC 7571,AuthenticAMD
r5ad.24xlarge,us-east-1,use1-az6,3,10.0,15.0,2.0,6.288,2.1877,65,r5ad,Memory,r,96.0,768.0,16998.3747,AMD EPYC 7571,AMD EPYC 7571,AuthenticAMD
r5ad.2xlarge,us-east-1,use1-az1,3,1.0,1.0,1.5,0.524,0.2815,46,r5ad,Memory,r,8.0,64.0,16996.7251,AMD EPYC 7571,AMD EPYC 7571,AuthenticAMD
r5ad.2xlarge,us-east-1,use1-az2,3,1.0,1.0,1.5,0.524,0.2852,45,r5ad,Memory,r,8.0,64.0,16996.7251,AMD EPYC 7571,AMD EPYC 7571,AuthenticAMD
r5ad.2xlarge,us-east-1,use1-az4,3,5.0,10.0,1.5,0.524,0.3507,33,r5ad,Memory,r,8.0,64.0,16996.7251,AMD EPYC 7571,AMD EPYC 7571,AuthenticAMD
r5ad.2xlarge,us-east-1,use1-az5,3,1.0,1.0,1.5,0.524,0.2966,43,r5ad,Memory,r,8.0,64.0,16996.7251,AMD EPYC 7571,AMD EPYC 7571,AuthenticAMD
r5ad.2xlarge,us-east-1,use1-az6,3,5.0,10.0,1.5,0.524,0.2735,47,r5ad,Memory,r,8.0,64.0,16996.7251,AMD EPYC 7571,AMD EPYC 7571,AuthenticAMD
r5ad.4xlarge,us-east-1,use1-az1,3,1.0,1.0,1.0,1.048,0.5307,49,r5ad,Memory,r,16.0,128.0,16987.5317,AMD EPYC 7571,AMD EPYC 7571,AuthenticAMD
r5ad.4xlarge,us-east-1,use1-az2,3,1.0,1.0,1.0,1.048,0.4739,54,r5ad,Memory,r,16.0,128.0,16987.5317,AMD EPYC 7571,AMD EPYC 7571,AuthenticAMD
r5ad.4xlarge,us-east-1,use1-az4,3,25.0,35.0,1.0,1.048,0.6041,42,r5ad,Memory,r,16.0,128.0,16987.5317,AMD EPYC 7571,AMD EPYC 7571,AuthenticAMD
r5ad.4xlarge,us-east-1,use1-az5,3,1.0,5.0,1.0,1.048,0.5402,48,r5ad,Memory,r,16.0,128.0,16987.5317,AMD EPYC 7571,AMD EPYC 7571,AuthenticAMD
r5ad.4xlarge,us-east-1,use1-az6,3,10.0,15.0,1.0,1.048,0.5591,46,r5ad,Memory,r,16.0,128.0,16987.5317,AMD EPYC 7571,AMD EPYC 7571,AuthenticAMD
r5ad.8xlarge,us-east-1,use1-az1,1,0.0,0.0,1.0,2.096,1.0189,51,r5ad,Memory,r,32.0,256.0,16987.6585,AMD EPYC 7571,AMD EPYC 7571,AuthenticAMD
r5ad.8xlarge,us-east-1,use1-az2,1,0.0,0.0,1.0,2.096,0.9406,55,r5ad,Memory,r,32.0,256.0,16987.6585,AMD EPYC 7571,AMD EPYC 7571,AuthenticAMD
r5ad.8xlarge,us-east-1,use1-az4,3,10.0,20.0,1.0,2.096,1.0183,51,r5ad,Memory,r,32.0,256.0,16987.6585,AMD EPYC 7571,AMD EPYC 7571,AuthenticAMD
r5ad.8xlarge,us-east-1,use1-az5,1,0.0,0.0,1.0,2.096,1.0816,48,r5ad,Memory,r,32.0,256.0,16987.6585,AMD EPYC 7571,AMD EPYC 7571,AuthenticAMD
r5ad.8xlarge,us-east-1,use1-az6,3,15.0,30.0,1.0,2.096,0.8567,59,r5ad,Memory,r,32.0,256.0,16987.6585,AMD EPYC 7571,AMD EPYC 7571,AuthenticAMD
r5ad.large,us-east-1,use1-az1,3,10.0,15.0,2.0,0.131,0.05,61,r5ad,Memory,r,2.0,16.0,16982.6224,AMD EPYC 7571,AMD EPYC 7571,AuthenticAMD
r5ad.large,us-east-1,use1-az2,3,30.0,35.0,2.0,0.131,0.0448,65,r5ad,Memory,r,2.0,16.0,16982.6224,AMD EPYC 7571,AMD EPYC 7571,AuthenticAMD
r5ad.large,us-east-1,use1-az4,3,15.0,20.0,2.0,0.131,0.0625,52,r5ad,Memory,r,2.0,16.0,16982.6224,AMD EPYC 7571,AMD EPYC 7571,AuthenticAMD
r5ad.large,us-east-1,use1-az5,3,5.0,10.0,2.0,0.131,0.0474,63,r5ad,Memory,r,2.0,16.0,16982.6224,AMD EPYC 7571,AMD EPYC 7571,AuthenticAMD
r5ad.large,us-east-1,use1-az6,3,15.0,20.0,2.0,0.131,0.0534,59,r5ad,Memory,r,2.0,16.0,16982.6224,AMD EPYC 7571,AMD EPYC 7571,AuthenticAMD
r5ad.xlarge,us-east-1,use1-az1,3,1.0,1.0,1.5,0.262,0.1193,54,r5ad,Memory,r,4.0,32.0,16992.2742,AMD EPYC 7571,AMD EPYC 7571,AuthenticAMD
r5ad.xlarge,us-east-1,use1-az2,3,1.0,1.0,1.5,0.262,0.1036,60,r5ad,Memory,r,4.0,32.0,16992.2742,AMD EPYC 7571,AMD EPYC 7571,AuthenticAMD
r5ad.xlarge,us-east-1,use1-az4,3,15.0,20.0,1.5,0.262,0.1526,41,r5ad,Memory,r,4.0,32.0,16992.2742,AMD EPYC 7571,AMD EPYC 7571,AuthenticAMD
r5ad.xlarge,us-east-1,use1-az5,3,1.0,5.0,1.5,0.262,0.1331,49,r5ad,Memory,r,4.0,32.0,16992.2742,AMD EPYC 7571,AMD EPYC 7571,AuthenticAMD
r5ad.xlarge,us-east-1,use1-az6,3,15.0,20.0,1.5,0.262,0.1373,47,r5ad,Memory,r,4.0,32.0,16992.2742,AMD EPYC 7571,AMD EPYC 7571,AuthenticAMD
r5b.12xlarge,us-east-1,use1-az1,3,1.0,5.0,1.0,3.576,1.6099,54,r5b,Memory,r,48.0,384.0,25059.6538636,Intel(R) Xeon(R) Platinum 8259CL CPU @ 2.50GHz,Intel(R) Xeon(R) Platinum 8259CL CPU @ 2.50GHz,Intel
r5b.12xlarge,us-east-1,use1-az2,3,1.0,1.0,1.0,3.576,1.9427,45,r5b,Memory,r,48.0,384.0,25059.6538636,Intel(R) Xeon(R) Platinum 8259CL CPU @ 2.50GHz,Intel(R) Xeon(R) Platinum 8259CL CPU @ 2.50GHz,Intel
r5b.12xlarge,us-east-1,use1-az4,3,15.0,25.0,1.0,3.576,1.7507,51,r5b,Memory,r,48.0,384.0,25059.6538636,Intel(R) Xeon(R) Platinum 8259CL CPU @ 2.50GHz,Intel(R) Xeon(R) Platinum 8259CL CPU @ 2.50GHz,Intel
r5b.12xlarge,us-east-1,use1-az6,3,1.0,1.0,1.0,3.576,2.4661,31,r5b,Memory,r,48.0,384.0,25059.6538636,Intel(R) Xeon(R) Platinum 8259CL CPU @ 2.50GHz,Intel(R) Xeon(R) Platinum 8259CL CPU @ 2.50GHz,Intel
r5b.16xlarge,us-east-1,use1-az1,3,5.0,5.0,1.5,4.768,2.1693,54,r5b,Memory,r,64.0,512.0,23920.0184832,Intel(R) Xeon(R) Platinum 8259CL CPU @ 2.50GHz,Intel(R) Xeon(R) Platinum 8259CL CPU @ 2.50GHz,Intel
r5b.16xlarge,us-east-1,use1-az2,3,15.0,20.0,1.5,4.768,2.2849,52,r5b,Memory,r,64.0,512.0,23920.0184832,Intel(R) Xeon(R) Platinum 8259CL CPU @ 2.50GHz,Intel(R) Xeon(R) Platinum 8259CL CPU @ 2.50GHz,Intel
r5b.16xlarge,us-east-1,use1-az4,3,15.0,20.0,1.5,4.768,2.4957,47,r5b,Memory,r,64.0,512.0,23920.0184832,Intel(R) Xeon(R) Platinum 8259CL CPU @ 2.50GHz,Intel(R) Xeon(R) Platinum 8259CL CPU @ 2.50GHz,Intel
r5b.16xlarge,us-east-1,use1-az6,3,10.0,15.0,1.5,4.768,2.4349,48,r5b,Memory,r,64.0,512.0,23920.0184832,Intel(R) Xeon(R) Platinum 8259CL CPU @ 2.50GHz,Intel(R) Xeon(R) Platinum 8259CL CPU @ 2.50GHz,Intel
r5b.24xlarge,us-east-1,use1-az1,3,1.0,5.0,2.0,7.152,3.2673,54,r5b,Memory,r,96.0,768.0,25021.339616200003,Intel(R) Xeon(R) Platinum 8259CL CPU @ 2.50GHz,Intel(R) Xeon(R) Platinum 8259CL CPU @ 2.50GHz,Intel
r5b.24xlarge,us-east-1,use1-az2,3,1.0,1.0,2.0,7.152,3.5274,50,r5b,Memory,r,96.0,768.0,25021.339616200003,Intel(R) Xeon(R) Platinum 8259CL CPU @ 2.50GHz,Intel(R) Xeon(R) Platinum 8259CL CPU @ 2.50GHz,Intel
r5b.24xlarge,us-east-1,use1-az4,3,1.0,10.0,2.0,7.152,3.2889,54,r5b,Memory,r,96.0,768.0,25021.339616200003,Intel(R) Xeon(R) Platinum 8259CL CPU @ 2.50GHz,Intel(R) Xeon(R) Platinum 8259CL CPU @ 2.50GHz,Intel
r5b.24xlarge,us-east-1,use1-az6,3,1.0,1.0,2.0,7.152,3.5497,50,r5b,Memory,r,96.0,768.0,25021.339616200003,Intel(R) Xeon(R) Platinum 8259CL CPU @ 2.50GHz,Intel(R) Xeon(R) Platinum 8259CL CPU @ 2.50GHz,Intel
r5b.2xlarge,us-east-1,use1-az1,3,1.0,1.0,2.5,0.596,0.3374,43,r5b,Memory,r,8.0,64.0,23936.0482632,Intel(R) Xeon(R) Platinum 8259CL CPU @ 2.50GHz,Intel(R) Xeon(R) Platinum 8259CL CPU @ 2.50GHz,Intel
r5b.2xlarge,us-east-1,use1-az2,3,1.0,1.0,2.5,0.596,0.4605,22,r5b,Memory,r,8.0,64.0,23936.0482632,Intel(R) Xeon(R) Platinum 8259CL CPU @ 2.50GHz,Intel(R) Xeon(R) Platinum 8259CL CPU @ 2.50GHz,Intel
r5b.2xlarge,us-east-1,use1-az4,3,1.0,1.0,2.5,0.596,0.3481,41,r5b,Memory,r,8.0,64.0,23936.0482632,Intel(R) Xeon(R) Platinum 8259CL CPU @ 2.50GHz,Intel(R) Xeon(R) Platinum 8259CL CPU @ 2.50GHz,Intel
r5b.2xlarge,us-east-1,use1-az6,3,5.0,5.0,2.5,0.596,0.3277,45,r5b,Memory,r,8.0,64.0,23936.0482632,Intel(R) Xeon(R) Platinum 8259CL CPU @ 2.50GHz,Intel(R) Xeon(R) Platinum 8259CL CPU @ 2.50GHz,Intel
r5b.4xlarge,us-east-1,use1-az1,3,5.0,5.0,2.0,1.192,0.5997,49,r5b,Memory,r,16.0,128.0,23146.9630418,Intel(R) Xeon(R) Platinum 8259CL CPU @ 2.50GHz,Intel(R) Xeon(R) Platinum 8259CL CPU @ 2.50GHz,Intel
r5b.4xlarge,us-east-1,use1-az2,3,1.0,5.0,2.0,1.192,0.7779,34,r5b,Memory,r,16.0,128.0,23146.9630418,Intel(R) Xeon(R) Platinum 8259CL CPU @ 2.50GHz,Intel(R) Xeon(R) Platinum 8259CL CPU @ 2.50GHz,Intel
r5b.4xlarge,us-east-1,use1-az4,3,5.0,10.0,2.0,1.192,0.7817,34,r5b,Memory,r,16.0,128.0,23146.9630418,Intel(R) Xeon(R) Platinum 8259CL CPU @ 2.50GHz,Intel(R) Xeon(R) Platinum 8259CL CPU @ 2.50GHz,Intel
r5b.4xlarge,us-east-1,use1-az6,3,5.0,10.0,2.0,1.192,0.8507,28,r5b,Memory,r,16.0,128.0,23146.9630418,Intel(R) Xeon(R) Platinum 8259CL CPU @ 2.50GHz,Intel(R) Xeon(R) Platinum 8259CL CPU @ 2.50GHz,Intel
r5b.8xlarge,us-east-1,use1-az1,3,5.0,10.0,2.0,2.384,1.0696,55,r5b,Memory,r,32.0,256.0,23938.1172104,Intel(R) Xeon(R) Platinum 8259CL CPU @ 2.50GHz,Intel(R) Xeon(R) Platinum 8259CL CPU @ 2.50GHz,Intel
r5b.8xlarge,us-east-1,use1-az2,3,1.0,5.0,2.0,2.384,1.3192,44,r5b,Memory,r,32.0,256.0,23938.1172104,Intel(R) Xeon(R) Platinum 8259CL CPU @ 2.50GHz,Intel(R) Xeon(R) Platinum 8259CL CPU @ 2.50GHz,Intel
r5b.8xlarge,us-east-1,use1-az4,2,0.0,1.0,2.0,2.384,1.6158,32,r5b,Memory,r,32.0,256.0,23938.1172104,Intel(R) Xeon(R) Platinum 8259CL CPU @ 2.50GHz,Intel(R) Xeon(R) Platinum 8259CL CPU @ 2.50GHz,Intel
r5b.8xlarge,us-east-1,use1-az6,3,1.0,1.0,2.0,2.384,2.0091,15,r5b,Memory,r,32.0,256.0,23938.1172104,Intel(R) Xeon(R) Platinum 8259CL CPU @ 2.50GHz,Intel(R) Xeon(R) Platinum 8259CL CPU @ 2.50GHz,Intel
r5b.large,us-east-1,use1-az1,3,1.0,5.0,3.0,0.149,0.0574,61,r5b,Memory,r,2.0,16.0,23929.4200492,Intel(R) Xeon(R) Platinum 8259CL CPU @ 2.50GHz,Intel(R) Xeon(R) Platinum 8259CL CPU @ 2.50GHz,Intel
r5b.large,us-east-1,use1-az2,3,5.0,10.0,3.0,0.149,0.0595,60,r5b,Memory,r,2.0,16.0,23929.4200492,Intel(R) Xeon(R) Platinum 8259CL CPU @ 2.50GHz,Intel(R) Xeon(R) Platinum 8259CL CPU @ 2.50GHz,Intel
r5b.large,us-east-1,use1-az4,3,15.0,25.0,3.0,0.149,0.0598,59,r5b,Memory,r,2.0,16.0,23929.4200492,Intel(R) Xeon(R) Platinum 8259CL CPU @ 2.50GHz,Intel(R) Xeon(R) Platinum 8259CL CPU @ 2.50GHz,Intel
r5b.large,us-east-1,use1-az6,3,20.0,35.0,3.0,0.149,0.0581,61,r5b,Memory,r,2.0,16.0,23929.4200492,Intel(R) Xeon(R) Platinum 8259CL CPU @ 2.50GHz,Intel(R) Xeon(R) Platinum 8259CL CPU @ 2.50GHz,Intel
r5b.xlarge,us-east-1,use1-az1,3,1.0,1.0,2.5,0.298,0.1624,45,r5b,Memory,r,4.0,32.0,23913.956567000005,Intel(R) Xeon(R) Platinum 8259CL CPU @ 2.50GHz,Intel(R) Xeon(R) Platinum 8259CL CPU @ 2.50GHz,Intel
r5b.xlarge,us-east-1,use1-az2,3,1.0,1.0,2.5,0.298,0.1365,54,r5b,Memory,r,4.0,32.0,23913.956567000005,Intel(R) Xeon(R) Platinum 8259CL CPU @ 2.50GHz,Intel(R) Xeon(R) Platinum 8259CL CPU @ 2.50GHz,Intel
r5b.xlarge,us-east-1,use1-az4,3,5.0,5.0,2.5,0.298,0.1538,48,r5b,Memory,r,4.0,32.0,23913.956567000005,Intel(R) Xeon(R) Platinum 8259CL CPU @ 2.50GHz,Intel(R) Xeon(R) Platinum 8259CL CPU @ 2.50GHz,Intel
r5b.xlarge,us-east-1,use1-az6,3,5.0,5.0,2.5,0.298,0.1698,43,r5b,Memory,r,4.0,32.0,23913.956567000005,Intel(R) Xeon(R) Platinum 8259CL CPU @ 2.50GHz,Intel(R) Xeon(R) Platinum 8259CL CPU @ 2.50GHz,Intel
r5d.12xlarge,us-east-1,use1-az1,3,1.0,1.0,1.0,3.456,1.4845,57,r5d,Memory,r,48.0,384.0,25048.1011,Intel(R) Xeon(R) Platinum 8259CL CPU @ 2.50GHz,Intel(R) Xeon(R) Platinum 8259CL CPU @ 2.50GHz,Intel
r5d.12xlarge,us-east-1,use1-az2,3,10.0,15.0,1.0,3.456,1.3773,60,r5d,Memory,r,48.0,384.0,25048.1011,Intel(R) Xeon(R) Platinum 8259CL CPU @ 2.50GHz,Intel(R) Xeon(R) Platinum 8259CL CPU @ 2.50GHz,Intel
r5d.12xlarge,us-east-1,use1-az4,3,10.0,15.0,1.0,3.456,1.3888,59,r5d,Memory,r,48.0,384.0,25048.1011,Intel(R) Xeon(R) Platinum 8259CL CPU @ 2.50GHz,Intel(R) Xeon(R) Platinum 8259CL CPU @ 2.50GHz,Intel
r5d.12xlarge,us-east-1,use1-az5,2,0.0,1.0,1.0,3.456,1.494,56,r5d,Memory,r,48.0,384.0,25048.1011,Intel(R) Xeon(R) Platinum 8259CL CPU @ 2.50GHz,Intel(R) Xeon(R) Platinum 8259CL CPU @ 2.50GHz,Intel
r5d.12xlarge,us-east-1,use1-az6,3,15.0,20.0,1.0,3.456,1.3852,59,r5d,Memory,r,48.0,384.0,25048.1011,Intel(R) Xeon(R) Platinum 8259CL CPU @ 2.50GHz,Intel(R) Xeon(R) Platinum 8259CL CPU @ 2.50GHz,Intel
r5d.16xlarge,us-east-1,use1-az1,3,25.0,30.0,1.0,4.608,1.8826,59,r5d,Memory,r,64.0,512.0,23188.1124,Intel(R) Xeon(R) Platinum 8259CL CPU @ 2.50GHz,Intel(R) Xeon(R) Platinum 8259CL CPU @ 2.50GHz,Intel
r5d.16xlarge,us-east-1,use1-az2,3,50.0,50.0,1.0,4.608,1.6654,63,r5d,Memory,r,64.0,512.0,23188.1124,Intel(R) Xeon(R) Platinum 8259CL CPU @ 2.50GHz,Intel(R) Xeon(R) Platinum 8259CL CPU @ 2.50GHz,Intel
r5d.16xlarge,us-east-1,use1-az4,3,50.0,50.0,1.0,4.608,1.6039,65,r5d,Memory,r,64.0,512.0,23188.1124,Intel(R) Xeon(R) Platinum 8259CL CPU @ 2.50GHz,Intel(R) Xeon(R) Platinum 8259CL CPU @ 2.50GHz,Intel
r5d.16xlarge,us-east-1,use1-az5,3,10.0,20.0,1.0,4.608,1.7771,61,r5d,Memory,r,64.0,512.0,23188.1124,Intel(R) Xeon(R) Platinum 8259CL CPU @ 2.50GHz,Intel(R) Xeon(R) Platinum 8259CL CPU @ 2.50GHz,Intel
r5d.16xlarge,us-east-1,use1-az6,3,50.0,50.0,1.0,4.608,1.6691,63,r5d,Memory,r,64.0,512.0,23188.1124,Intel(R) Xeon(R) Platinum 8259CL CPU @ 2.50GHz,Intel(R) Xeon(R) Platinum 8259CL CPU @ 2.50GHz,Intel
r5d.24xlarge,us-east-1,use1-az1,3,5.0,5.0,1.0,6.912,2.5647,62,r5d,Memory,r,96.0,768.0,25114.6541,Intel(R) Xeon(R) Platinum 8175M CPU @ 2.50GHz,Intel(R) Xeon(R) Platinum 8175M CPU @ 2.50GHz,Intel
r5d.24xlarge,us-east-1,use1-az2,3,15.0,25.0,1.0,6.912,2.5181,63,r5d,Memory,r,96.0,768.0,25114.6541,Intel(R) Xeon(R) Platinum 8175M CPU @ 2.50GHz,Intel(R) Xeon(R) Platinum 8175M CPU @ 2.50GHz,Intel
r5d.24xlarge,us-east-1,use1-az4,3,15.0,25.0,1.0,6.912,2.3499,66,r5d,Memory,r,96.0,768.0,25114.6541,Intel(R) Xeon(R) Platinum 8175M CPU @ 2.50GHz,Intel(R) Xeon(R) Platinum 8175M CPU @ 2.50GHz,Intel
r5d.24xlarge,us-east-1,use1-az5,3,10.0,15.0,1.0,6.912,2.5926,62,r5d,Memory,r,96.0,768.0,25114.6541,Intel(R) Xeon(R) Platinum 8175M CPU @ 2.50GHz,Intel(R) Xeon(R) Platinum 8175M CPU @ 2.50GHz,Intel
r5d.24xlarge,us-east-1,use1-az6,3,30.0,40.0,1.0,6.912,2.3113,66,r5d,Memory,r,96.0,768.0,25114.6541,Intel(R) Xeon(R) Platinum 8175M CPU @ 2.50GHz,Intel(R) Xeon(R) Platinum 8175M CPU @ 2.50GHz,Intel
r5d.2xlarge,us-east-1,use1-az1,3,20.0,35.0,1.0,0.576,0.3527,38,r5d,Memory,r,8.0,64.0,23103.9288,Intel(R) Xeon(R) Platinum 8259CL CPU @ 2.50GHz,Intel(R) Xeon(R) Platinum 8259CL CPU @ 2.50GHz,Intel
r5d.2xlarge,us-east-1,use1-az2,3,35.0,50.0,1.0,0.576,0.3164,45,r5d,Memory,r,8.0,64.0,23103.9288,Intel(R) Xeon(R) Platinum 8259CL CPU @ 2.50GHz,Intel(R) Xeon(R) Platinum 8259CL CPU @ 2.50GHz,Intel
r5d.2xlarge,us-east-1,use1-az4,3,50.0,50.0,1.0,0.576,0.4117,28,r5d,Memory,r,8.0,64.0,23103.9288,Intel(R) Xeon(R) Platinum 8259CL CPU @ 2.50GHz,Intel(R) Xeon(R) Platinum 8259CL CPU @ 2.50GHz,Intel
r5d.2xlarge,us-east-1,use1-az5,3,1.0,5.0,1.0,0.576,0.3572,37,r5d,Memory,r,8.0,64.0,23103.9288,Intel(R) Xeon(R) Platinum 8259CL CPU @ 2.50GHz,Intel(R) Xeon(R) Platinum 8259CL CPU @ 2.50GHz,Intel
r5d.2xlarge,us-east-1,use1-az6,3,45.0,50.0,1.0,0.576,0.3455,40,r5d,Memory,r,8.0,64.0,23103.9288,Intel(R) Xeon(R) Platinum 8259CL CPU @ 2.50GHz,Intel(R) Xeon(R) Platinum 8259CL CPU @ 2.50GHz,Intel
r5d.4xlarge,us-east-1,use1-az1,3,20.0,30.0,1.0,1.152,0.6911,40,r5d,Memory,r,16.0,128.0,23125.8915,Intel(R) Xeon(R) Platinum 8175M CPU @ 2.50GHz,Intel(R) Xeon(R) Platinum 8175M CPU @ 2.50GHz,Intel
r5d.4xlarge,us-east-1,use1-az2,3,50.0,50.0,1.0,1.152,0.6179,46,r5d,Memory,r,16.0,128.0,23125.8915,Intel(R) Xeon(R) Platinum 8175M CPU @ 2.50GHz,Intel(R) Xeon(R) Platinum 8175M CPU @ 2.50GHz,Intel
r5d.4xlarge,us-east-1,use1-az4,3,50.0,50.0,1.0,1.152,0.6398,44,r5d,Memory,r,16.0,128.0,23125.8915,Intel(R) Xeon(R) Platinum 8175M CPU @ 2.50GHz,Intel(R) Xeon(R) Platinum 8175M CPU @ 2.50GHz,Intel
r5d.4xlarge,us-east-1,use1-az5,3,15.0,20.0,1.0,1.152,0.577,49,r5d,Memory,r,16.0,128.0,23125.8915,Intel(R) Xeon(R) Platinum 8175M CPU @ 2.50GHz,Intel(R) Xeon(R) Platinum 8175M CPU @ 2.50GHz,Intel
r5d.4xlarge,us-east-1,use1-az6,3,50.0,50.0,1.0,1.152,0.6403,44,r5d,Memory,r,16.0,128.0,23125.8915,Intel(R) Xeon(R) Platinum 8175M CPU @ 2.50GHz,Intel(R) Xeon(R) Platinum 8175M CPU @ 2.50GHz,Intel
r5d.8xlarge,us-east-1,use1-az1,3,5.0,15.0,1.0,2.304,1.2154,47,r5d,Memory,r,32.0,256.0,23911.1143,Intel(R) Xeon(R) Platinum 8175M CPU @ 2.50GHz,Intel(R) Xeon(R) Platinum 8175M CPU @ 2.50GHz,Intel
r5d.8xlarge,us-east-1,use1-az2,3,50.0,50.0,1.0,2.304,0.9145,60,r5d,Memory,r,32.0,256.0,23911.1143,Intel(R) Xeon(R) Platinum 8175M CPU @ 2.50GHz,Intel(R) Xeon(R) Platinum 8175M CPU @ 2.50GHz,Intel
r5d.8xlarge,us-east-1,use1-az4,3,50.0,50.0,1.0,2.304,0.8712,62,r5d,Memory,r,32.0,256.0,23911.1143,Intel(R) Xeon(R) Platinum 8175M CPU @ 2.50GHz,Intel(R) Xeon(R) Platinum 8175M CPU @ 2.50GHz,Intel
r5d.8xlarge,us-east-1,use1-az5,3,5.0,10.0,1.0,2.304,1.161,49,r5d,Memory,r,32.0,256.0,23911.1143,Intel(R) Xeon(R) Platinum 8175M CPU @ 2.50GHz,Intel(R) Xeon(R) Platinum 8175M CPU @ 2.50GHz,Intel
r5d.8xlarge,us-east-1,use1-az6,3,50.0,50.0,1.0,2.304,0.8813,61,r5d,Memory,r,32.0,256.0,23911.1143,Intel(R) Xeon(R) Platinum 8175M CPU @ 2.50GHz,Intel(R) Xeon(R) Platinum 8175M CPU @ 2.50GHz,Intel
r5d.large,us-east-1,use1-az1,3,15.0,15.0,2.5,0.144,0.0852,40,r5d,Memory,r,2.0,16.0,23160.492,Intel(R) Xeon(R) Platinum 8259CL CPU @ 2.50GHz,Intel(R) Xeon(R) Platinum 8259CL CPU @ 2.50GHz,Intel
r5d.large,us-east-1,use1-az2,3,50.0,50.0,2.5,0.144,0.0578,59,r5d,Memory,r,2.0,16.0,23160.492,Intel(R) Xeon(R) Platinum 8259CL CPU @ 2.50GHz,Intel(R) Xeon(R) Platinum 8259CL CPU @ 2.50GHz,Intel
r5d.large,us-east-1,use1-az4,3,50.0,50.0,2.5,0.144,0.0627,56,r5d,Memory,r,2.0,16.0,23160.492,Intel(R) Xeon(R) Platinum 8259CL CPU @ 2.50GHz,Intel(R) Xeon(R) Platinum 8259CL CPU @ 2.50GHz,Intel
r5d.large,us-east-1,use1-az5,3,10.0,15.0,2.5,0.144,0.071,50,r5d,Memory,r,2.0,16.0,23160.492,Intel(R) Xeon(R) Platinum 8259CL CPU @ 2.50GHz,Intel(R) Xeon(R) Platinum 8259CL CPU @ 2.50GHz,Intel
r5d.large,us-east-1,use1-az6,3,50.0,50.0,2.5,0.144,0.0576,60,r5d,Memory,r,2.0,16.0,23160.492,Intel(R) Xeon(R) Platinum 8259CL CPU @ 2.50GHz,Intel(R) Xeon(R) Platinum 8259CL CPU @ 2.50GHz,Intel
r5d.xlarge,us-east-1,use1-az1,3,10.0,35.0,1.0,0.288,0.178,38,r5d,Memory,r,4.0,32.0,23151.0518,Intel(R) Xeon(R) Platinum 8175M CPU @ 2.50GHz,Intel(R) Xeon(R) Platinum 8175M CPU @ 2.50GHz,Intel
r5d.xlarge,us-east-1,use1-az2,3,50.0,50.0,1.0,0.288,0.1518,47,r5d,Memory,r,4.0,32.0,23151.0518,Intel(R) Xeon(R) Platinum 8175M CPU @ 2.50GHz,Intel(R) Xeon(R) Platinum 8175M CPU @ 2.50GHz,Intel
r5d.xlarge,us-east-1,use1-az4,3,50.0,50.0,1.0,0.288,0.1659,42,r5d,Memory,r,4.0,32.0,23151.0518,Intel(R) Xeon(R) Platinum 8175M CPU @ 2.50GHz,Intel(R) Xeon(R) Platinum 8175M CPU @ 2.50GHz,Intel
r5d.xlarge,us-east-1,use1-az5,3,5.0,5.0,1.0,0.288,0.1743,39,r5d,Memory,r,4.0,32.0,23151.0518,Intel(R) Xeon(R) Platinum 8175M CPU @ 2.50GHz,Intel(R) Xeon(R) Platinum 8175M CPU @ 2.50GHz,Intel
r5d.xlarge,us-east-1,use1-az6,3,40.0,50.0,1.0,0.288,0.1624,43,r5d,Memory,r,4.0,32.0,23151.0518,Intel(R) Xeon(R) Platinum 8175M CPU @ 2.50GHz,Intel(R) Xeon(R) Platinum 8175M CPU @ 2.50GHz,Intel
r5dn.12xlarge,us-east-1,use1-az1,1,0.0,0.0,1.0,4.008,1.4868,62,r5dn,Memory,r,48.0,384.0,25063.1634,Intel(R) Xeon(R) Platinum 8259CL CPU @ 2.50GHz,Intel(R) Xeon(R) Platinum 8259CL CPU @ 2.50GHz,Intel
r5dn.12xlarge,us-east-1,use1-az2,3,10.0,15.0,1.0,4.008,1.5166,62,r5dn,Memory,r,48.0,384.0,25063.1634,Intel(R) Xeon(R) Platinum 8259CL CPU @ 2.50GHz,Intel(R) Xeon(R) Platinum 8259CL CPU @ 2.50GHz,Intel
r5dn.12xlarge,us-east-1,use1-az4,3,1.0,10.0,1.0,4.008,1.6508,58,r5dn,Memory,r,48.0,384.0,25063.1634,Intel(R) Xeon(R) Platinum 8259CL CPU @ 2.50GHz,Intel(R) Xeon(R) Platinum 8259CL CPU @ 2.50GHz,Intel
r5dn.12xlarge,us-east-1,use1-az5,1,0.0,0.0,1.0,4.008,2.0695,48,r5dn,Memory,r,48.0,384.0,25063.1634,Intel(R) Xeon(R) Platinum 8259CL CPU @ 2.50GHz,Intel(R) Xeon(R) Platinum 8259CL CPU @ 2.50GHz,Intel
r5dn.12xlarge,us-east-1,use1-az6,1,0.0,0.0,1.0,4.008,1.5762,60,r5dn,Memory,r,48.0,384.0,25063.1634,Intel(R) Xeon(R) Platinum 8259CL CPU @ 2.50GHz,Intel(R) Xeon(R) Platinum 8259CL CPU @ 2.50GHz,Intel
r5dn.16xlarge,us-east-1,use1-az1,3,1.0,10.0,1.0,5.344,1.901,64,r5dn,Memory,r,64.0,512.0,23927.9205,Intel(R) Xeon(R) Platinum 8259CL CPU @ 2.50GHz,Intel(R) Xeon(R) Platinum 8259CL CPU @ 2.50GHz,Intel
r5dn.16xlarge,us-east-1,use1-az2,3,45.0,50.0,1.0,5.344,1.8664,65,r5dn,Memory,r,64.0,512.0,23927.9205,Intel(R) Xeon(R) Platinum 8259CL CPU @ 2.50GHz,Intel(R) Xeon(R) Platinum 8259CL CPU @ 2.50GHz,Intel
r5dn.16xlarge,us-east-1,use1-az4,3,45.0,50.0,1.0,5.344,1.9784,62,r5dn,Memory,r,64.0,512.0,23927.9205,Intel(R) Xeon(R) Platinum 8259CL CPU @ 2.50GHz,Intel(R) Xeon(R) Platinum 8259CL CPU @ 2.50GHz,Intel
r5dn.16xlarge,us-east-1,use1-az5,3,20.0,25.0,1.0,5.344,1.9256,63,r5dn,Memory,r,64.0,512.0,23927.9205,Intel(R) Xeon(R) Platinum 8259CL CPU @ 2.50GHz,Intel(R) Xeon(R) Platinum 8259CL CPU @ 2.50GHz,Intel
r5dn.16xlarge,us-east-1,use1-az6,3,45.0,50.0,1.0,5.344,1.8784,64,r5dn,Memory,r,64.0,512.0,23927.9205,Intel(R) Xeon(R) Platinum 8259CL CPU @ 2.50GHz,Intel(R) Xeon(R) Platinum 8259CL CPU @ 2.50GHz,Intel
r5dn.24xlarge,us-east-1,use1-az1,2,0.0,1.0,1.0,8.016,2.9668,62,r5dn,Memory,r,96.0,768.0,25037.1989,Intel(R) Xeon(R) Platinum 8259CL CPU @ 2.50GHz,Intel(R) Xeon(R) Platinum 8259CL CPU @ 2.50GHz,Intel
r5dn.24xlarge,us-east-1,use1-az2,3,40.0,50.0,1.0,8.016,2.7804,65,r5dn,Memory,r,96.0,768.0,25037.1989,Intel(R) Xeon(R) Platinum 8259CL CPU @ 2.50GHz,Intel(R) Xeon(R) Platinum 8259CL CPU @ 2.50GHz,Intel
r5dn.24xlarge,us-east-1,use1-az4,3,35.0,45.0,1.0,8.016,2.755,65,r5dn,Memory,r,96.0,768.0,25037.1989,Intel(R) Xeon(R) Platinum 8259CL CPU @ 2.50GHz,Intel(R) Xeon(R) Platinum 8259CL CPU @ 2.50GHz,Intel
r5dn.24xlarge,us-east-1,use1-az5,3,1.0,15.0,1.0,8.016,2.8195,64,r5dn,Memory,r,96.0,768.0,25037.1989,Intel(R) Xeon(R) Platinum 8259CL CPU @ 2.50GHz,Intel(R) Xeon(R) Platinum 8259CL CPU @ 2.50GHz,Intel
r5dn.24xlarge,us-east-1,use1-az6,3,40.0,45.0,1.0,8.016,2.7797,65,r5dn,Memory,r,96.0,768.0,25037.1989,Intel(R) Xeon(R) Platinum 8259CL CPU @ 2.50GHz,Intel(R) Xeon(R) Platinum 8259CL CPU @ 2.50GHz,Intel
r5dn.2xlarge,us-east-1,use1-az1,3,50.0,50.0,1.0,0.668,0.3631,45,r5dn,Memory,r,8.0,64.0,23184.7619,Intel(R) Xeon(R) Platinum 8259CL CPU @ 2.50GHz,Intel(R) Xeon(R) Platinum 8259CL CPU @ 2.50GHz,Intel
r5dn.2xlarge,us-east-1,use1-az2,3,20.0,35.0,1.0,0.668,0.3303,50,r5dn,Memory,r,8.0,64.0,23184.7619,Intel(R) Xeon(R) Platinum 8259CL CPU @ 2.50GHz,Intel(R) Xeon(R) Platinum 8259CL CPU @ 2.50GHz,Intel
r5dn.2xlarge,us-east-1,use1-az4,3,40.0,50.0,1.0,0.668,0.4184,37,r5dn,Memory,r,8.0,64.0,23184.7619,Intel(R) Xeon(R) Platinum 8259CL CPU @ 2.50GHz,Intel(R) Xeon(R) Platinum 8259CL CPU @ 2.50GHz,Intel
r5dn.2xlarge,us-east-1,use1-az5,3,25.0,40.0,1.0,0.668,0.4333,35,r5dn,Memory,r,8.0,64.0,23184.7619,Intel(R) Xeon(R) Platinum 8259CL CPU @ 2.50GHz,Intel(R) Xeon(R) Platinum 8259CL CPU @ 2.50GHz,Intel
r5dn.2xlarge,us-east-1,use1-az6,3,15.0,20.0,1.0,0.668,0.3571,46,r5dn,Memory,r,8.0,64.0,23184.7619,Intel(R) Xeon(R) Platinum 8259CL CPU @ 2.50GHz,Intel(R) Xeon(R) Platinum 8259CL CPU @ 2.50GHz,Intel
r5dn.4xlarge,us-east-1,use1-az1,3,25.0,30.0,1.0,1.336,0.6469,51,r5dn,Memory,r,16.0,128.0,23159.7518,Intel(R) Xeon(R) Platinum 8259CL CPU @ 2.50GHz,Intel(R) Xeon(R) Platinum 8259CL CPU @ 2.50GHz,Intel
r5dn.4xlarge,us-east-1,use1-az2,3,40.0,50.0,1.0,1.336,0.6118,54,r5dn,Memory,r,16.0,128.0,23159.7518,Intel(R) Xeon(R) Platinum 8259CL CPU @ 2.50GHz,Intel(R) Xeon(R) Platinum 8259CL CPU @ 2.50GHz,Intel
r5dn.4xlarge,us-east-1,use1-az4,3,35.0,45.0,1.0,1.336,0.65,51,r5dn,Memory,r,16.0,128.0,23159.7518,Intel(R) Xeon(R) Platinum 8259CL CPU @ 2.50GHz,Intel(R) Xeon(R) Platinum 8259CL CPU @ 2.50GHz,Intel
r5dn.4xlarge,us-east-1,use1-az5,3,10.0,20.0,1.0,1.336,0.6673,50,r5dn,Memory,r,16.0,128.0,23159.7518,Intel(R) Xeon(R) Platinum 8259CL CPU @ 2.50GHz,Intel(R) Xeon(R) Platinum 8259CL CPU @ 2.50GHz,Intel
r5dn.4xlarge,us-east-1,use1-az6,3,45.0,50.0,1.0,1.336,0.6359,52,r5dn,Memory,r,16.0,128.0,23159.7518,Intel(R) Xeon(R) Platinum 8259CL CPU @ 2.50GHz,Intel(R) Xeon(R) Platinum 8259CL CPU @ 2.50GHz,Intel
r5dn.8xlarge,us-east-1,use1-az1,3,5.0,15.0,1.0,2.672,1.2311,53,r5dn,Memory,r,32.0,256.0,23931.4672,Intel(R) Xeon(R) Platinum 8259CL CPU @ 2.50GHz,Intel(R) Xeon(R) Platinum 8259CL CPU @ 2.50GHz,Intel
r5dn.8xlarge,us-east-1,use1-az2,3,50.0,50.0,1.0,2.672,1.039,61,r5dn,Memory,r,32.0,256.0,23931.4672,Intel(R) Xeon(R) Platinum 8259CL CPU @ 2.50GHz,Intel(R) Xeon(R) Platinum 8259CL CPU @ 2.50GHz,Intel
r5dn.8xlarge,us-east-1,use1-az4,3,30.0,35.0,1.0,2.672,1.2676,52,r5dn,Memory,r,32.0,256.0,23931.4672,Intel(R) Xeon(R) Platinum 8259CL CPU @ 2.50GHz,Intel(R) Xeon(R) Platinum 8259CL CPU @ 2.50GHz,Intel
r5dn.8xlarge,us-east-1,use1-az5,3,35.0,40.0,1.0,2.672,1.2546,53,r5dn,Memory,r,32.0,256.0,23931.4672,Intel(R) Xeon(R) Platinum 8259CL CPU @ 2.50GHz,Intel(R) Xeon(R) Platinum 8259CL CPU @ 2.50GHz,Intel
r5dn.8xlarge,us-east-1,use1-az6,3,50.0,50.0,1.0,2.672,0.996,62,r5dn,Memory,r,32.0,256.0,23931.4672,Intel(R) Xeon(R) Platinum 8259CL CPU @ 2.50GHz,Intel(R) Xeon(R) Platinum 8259CL CPU @ 2.50GHz,Intel
r5dn.large,us-east-1,use1-az1,3,50.0,50.0,1.0,0.167,0.0656,60,r5dn,Memory,r,2.0,16.0,23142.5097,Intel(R) Xeon(R) Platinum 8259CL CPU @ 2.50GHz,Intel(R) Xeon(R) Platinum 8259CL CPU @ 2.50GHz,Intel
r5dn.large,us-east-1,use1-az2,3,5.0,5.0,1.0,0.167,0.1335,20,r5dn,Memory,r,2.0,16.0,23142.5097,Intel(R) Xeon(R) Platinum 8259CL CPU @ 2.50GHz,Intel(R) Xeon(R) Platinum 8259CL CPU @ 2.50GHz,Intel
r5dn.large,us-east-1,use1-az4,3,50.0,50.0,1.0,0.167,0.0983,41,r5dn,Memory,r,2.0,16.0,23142.5097,Intel(R) Xeon(R) Platinum 8259CL CPU @ 2.50GHz,Intel(R) Xeon(R) Platinum 8259CL CPU @ 2.50GHz,Intel
r5dn.large,us-east-1,use1-az5,3,50.0,50.0,1.0,0.167,0.0632,62,r5dn,Memory,r,2.0,16.0,23142.5097,Intel(R) Xeon(R) Platinum 8259CL CPU @ 2.50GHz,Intel(R) Xeon(R) Platinum 8259CL CPU @ 2.50GHz,Intel
r5dn.large,us-east-1,use1-az6,3,35.0,50.0,1.0,0.167,0.0879,47,r5dn,Memory,r,2.0,16.0,23142.5097,Intel(R) Xeon(R) Platinum 8259CL CPU @ 2.50GHz,Intel(R) Xeon(R) Platinum 8259CL CPU @ 2.50GHz,Intel
r5dn.xlarge,us-east-1,use1-az1,3,30.0,45.0,2.5,0.334,0.1821,45,r5dn,Memory,r,4.0,32.0,23922.3073,Intel(R) Xeon(R) Platinum 8259CL CPU @ 2.50GHz,Intel(R) Xeon(R) Platinum 8259CL CPU @ 2.50GHz,Intel
r5dn.xlarge,us-east-1,use1-az2,3,35.0,50.0,2.5,0.334,0.1821,45,r5dn,Memory,r,4.0,32.0,23922.3073,Intel(R) Xeon(R) Platinum 8259CL CPU @ 2.50GHz,Intel(R) Xeon(R) Platinum 8259CL CPU @ 2.50GHz,Intel
r5dn.xlarge,us-east-1,use1-az4,3,45.0,50.0,2.5,0.334,0.1474,55,r5dn,Memory,r,4.0,32.0,23922.3073,Intel(R) Xeon(R) Platinum 8259CL CPU @ 2.50GHz,Intel(R) Xeon(R) Platinum 8259CL CPU @ 2.50GHz,Intel
r5dn.xlarge,us-east-1,use1-az5,3,15.0,20.0,2.5,0.334,0.1615,51,r5dn,Memory,r,4.0,32.0,23922.3073,Intel(R) Xeon(R) Platinum 8259CL CPU @ 2.50GHz,Intel(R) Xeon(R) Platinum 8259CL CPU @ 2.50GHz,Intel
r5dn.xlarge,us-east-1,use1-az6,3,25.0,35.0,2.5,0.334,0.1577,52,r5dn,Memory,r,4.0,32.0,23922.3073,Intel(R) Xeon(R) Platinum 8259CL CPU @ 2.50GHz,Intel(R) Xeon(R) Platinum 8259CL CPU @ 2.50GHz,Intel
r5n.12xlarge,us-east-1,use1-az1,2,0.0,1.0,1.0,3.576,1.3378,62,r5n,Memory,r,48.0,384.0,25022.027633,Intel(R) Xeon(R) Platinum 8259CL CPU @ 2.50GHz,Intel(R) Xeon(R) Platinum 8259CL CPU @ 2.50GHz,Intel
r5n.12xlarge,us-east-1,use1-az2,3,10.0,15.0,1.0,3.576,1.5191,57,r5n,Memory,r,48.0,384.0,25022.027633,Intel(R) Xeon(R) Platinum 8259CL CPU @ 2.50GHz,Intel(R) Xeon(R) Platinum 8259CL CPU @ 2.50GHz,Intel
r5n.12xlarge,us-east-1,use1-az4,3,20.0,25.0,1.0,3.576,1.3423,62,r5n,Memory,r,48.0,384.0,25022.027633,Intel(R) Xeon(R) Platinum 8259CL CPU @ 2.50GHz,Intel(R) Xeon(R) Platinum 8259CL CPU @ 2.50GHz,Intel
r5n.12xlarge,us-east-1,use1-az5,2,0.0,1.0,1.0,3.576,1.4242,60,r5n,Memory,r,48.0,384.0,25022.027633,Intel(R) Xeon(R) Platinum 8259CL CPU @ 2.50GHz,Intel(R) Xeon(R) Platinum 8259CL CPU @ 2.50GHz,Intel
r5n.12xlarge,us-east-1,use1-az6,3,15.0,25.0,1.0,3.576,1.4403,59,r5n,Memory,r,48.0,384.0,25022.027633,Intel(R) Xeon(R) Platinum 8259CL CPU @ 2.50GHz,Intel(R) Xeon(R) Platinum 8259CL CPU @ 2.50GHz,Intel
r5n.16xlarge,us-east-1,use1-az1,3,1.0,1.0,1.0,4.768,1.7279,63,r5n,Memory,r,64.0,512.0,23177.227494,Intel(R) Xeon(R) Platinum 8259CL CPU @ 2.50GHz,Intel(R) Xeon(R) Platinum 8259CL CPU @ 2.50GHz,Intel
r5n.16xlarge,us-east-1,use1-az2,3,30.0,40.0,1.0,4.768,1.7275,63,r5n,Memory,r,64.0,512.0,23177.227494,Intel(R) Xeon(R) Platinum 8259CL CPU @ 2.50GHz,Intel(R) Xeon(R) Platinum 8259CL CPU @ 2.50GHz,Intel
r5n.16xlarge,us-east-1,use1-az4,3,5.0,10.0,1.0,4.768,1.7543,63,r5n,Memory,r,64.0,512.0,23177.227494,Intel(R) Xeon(R) Platinum 8259CL CPU @ 2.50GHz,Intel(R) Xeon(R) Platinum 8259CL CPU @ 2.50GHz,Intel
r5n.16xlarge,us-east-1,use1-az5,3,1.0,1.0,1.0,4.768,1.7584,63,r5n,Memory,r,64.0,512.0,23177.227494,Intel(R) Xeon(R) Platinum 8259CL CPU @ 2.50GHz,Intel(R) Xeon(R) Platinum 8259CL CPU @ 2.50GHz,Intel
r5n.16xlarge,us-east-1,use1-az6,3,25.0,40.0,1.0,4.768,1.7626,63,r5n,Memory,r,64.0,512.0,23177.227494,Intel(R) Xeon(R) Platinum 8259CL CPU @ 2.50GHz,Intel(R) Xeon(R) Platinum 8259CL CPU @ 2.50GHz,Intel
r5n.24xlarge,us-east-1,use1-az1,2,0.0,1.0,1.0,7.152,2.5931,63,r5n,Memory,r,96.0,768.0,25023.693193000003,Intel(R) Xeon(R) Platinum 8259CL CPU @ 2.50GHz,Intel(R) Xeon(R) Platinum 8259CL CPU @ 2.50GHz,Intel
r5n.24xlarge,us-east-1,use1-az2,3,1.0,1.0,1.0,7.152,2.5297,64,r5n,Memory,r,96.0,768.0,25023.693193000003,Intel(R) Xeon(R) Platinum 8259CL CPU @ 2.50GHz,Intel(R) Xeon(R) Platinum 8259CL CPU @ 2.50GHz,Intel
r5n.24xlarge,us-east-1,use1-az4,3,5.0,10.0,1.0,7.152,2.4956,65,r5n,Memory,r,96.0,768.0,25023.693193000003,Intel(R) Xeon(R) Platinum 8259CL CPU @ 2.50GHz,Intel(R) Xeon(R) Platinum 8259CL CPU @ 2.50GHz,Intel
r5n.24xlarge,us-east-1,use1-az5,1,0.0,0.0,1.0,7.152,2.8422,60,r5n,Memory,r,96.0,768.0,25023.693193000003,Intel(R) Xeon(R) Platinum 8259CL CPU @ 2.50GHz,Intel(R) Xeon(R) Platinum 8259CL CPU @ 2.50GHz,Intel
r5n.24xlarge,us-east-1,use1-az6,3,1.0,1.0,1.0,7.152,2.6117,63,r5n,Memory,r,96.0,768.0,25023.693193000003,Intel(R) Xeon(R) Platinum 8259CL CPU @ 2.50GHz,Intel(R) Xeon(R) Platinum 8259CL CPU @ 2.50GHz,Intel
r5n.2xlarge,us-east-1,use1-az1,3,40.0,50.0,2.5,0.596,0.3238,45,r5n,Memory,r,8.0,64.0,23924.942443400003,Intel(R) Xeon(R) Platinum 8259CL CPU @ 2.50GHz,Intel(R) Xeon(R) Platinum 8259CL CPU @ 2.50GHz,Intel
r5n.2xlarge,us-east-1,use1-az2,3,20.0,40.0,2.5,0.596,0.3101,47,r5n,Memory,r,8.0,64.0,23924.942443400003,Intel(R) Xeon(R) Platinum 8259CL CPU @ 2.50GHz,Intel(R) Xeon(R) Platinum 8259CL CPU @ 2.50GHz,Intel
r5n.2xlarge,us-east-1,use1-az4,3,15.0,25.0,2.5,0.596,0.3174,46,r5n,Memory,r,8.0,64.0,23924.942443400003,Intel(R) Xeon(R) Platinum 8259CL CPU @ 2.50GHz,Intel(R) Xeon(R) Platinum 8259CL CPU @ 2.50GHz,Intel
r5n.2xlarge,us-east-1,use1-az5,3,10.0,15.0,2.5,0.596,0.3009,49,r5n,Memory,r,8.0,64.0,23924.942443400003,Intel(R) Xeon(R) Platinum 8259CL CPU @ 2.50GHz,Intel(R) Xeon(R) Platinum 8259CL CPU @ 2.50GHz,Intel
r5n.2xlarge,us-east-1,use1-az6,3,20.0,30.0,2.5,0.596,0.2932,50,r5n,Memory,r,8.0,64.0,23924.942443400003,Intel(R) Xeon(R) Platinum 8259CL CPU @ 2.50GHz,Intel(R) Xeon(R) Platinum 8259CL CPU @ 2.50GHz,Intel
r5n.4xlarge,us-east-1,use1-az1,3,15.0,25.0,1.0,1.192,0.54,54,r5n,Memory,r,16.0,128.0,23479.3262332,Intel(R) Xeon(R) Platinum 8259CL CPU @ 2.50GHz,Intel(R) Xeon(R) Platinum 8259CL CPU @ 2.50GHz,Intel
r5n.4xlarge,us-east-1,use1-az2,3,50.0,50.0,1.0,1.192,0.6132,48,r5n,Memory,r,16.0,128.0,23479.3262332,Intel(R) Xeon(R) Platinum 8259CL CPU @ 2.50GHz,Intel(R) Xeon(R) Platinum 8259CL CPU @ 2.50GHz,Intel
r5n.4xlarge,us-east-1,use1-az4,3,45.0,50.0,1.0,1.192,0.6097,48,r5n,Memory,r,16.0,128.0,23479.3262332,Intel(R) Xeon(R) Platinum 8259CL CPU @ 2.50GHz,Intel(R) Xeon(R) Platinum 8259CL CPU @ 2.50GHz,Intel
r5n.4xlarge,us-east-1,use1-az5,3,15.0,25.0,1.0,1.192,0.642,46,r5n,Memory,r,16.0,128.0,23479.3262332,Intel(R) Xeon(R) Platinum 8259CL CPU @ 2.50GHz,Intel(R) Xeon(R) Platinum 8259CL CPU @ 2.50GHz,Intel
r5n.4xlarge,us-east-1,use1-az6,3,50.0,50.0,1.0,1.192,0.6418,46,r5n,Memory,r,16.0,128.0,23479.3262332,Intel(R) Xeon(R) Platinum 8259CL CPU @ 2.50GHz,Intel(R) Xeon(R) Platinum 8259CL CPU @ 2.50GHz,Intel
r5n.8xlarge,us-east-1,use1-az1,3,10.0,15.0,1.0,2.384,0.9019,62,r5n,Memory,r,32.0,256.0,23150.0173536,Intel(R) Xeon(R) Platinum 8259CL CPU @ 2.50GHz,Intel(R) Xeon(R) Platinum 8259CL CPU @ 2.50GHz,Intel
r5n.8xlarge,us-east-1,use1-az2,3,50.0,50.0,1.0,2.384,0.9167,61,r5n,Memory,r,32.0,256.0,23150.0173536,Intel(R) Xeon(R) Platinum 8259CL CPU @ 2.50GHz,Intel(R) Xeon(R) Platinum 8259CL CPU @ 2.50GHz,Intel
r5n.8xlarge,us-east-1,use1-az4,3,50.0,50.0,1.0,2.384,0.8094,66,r5n,Memory,r,32.0,256.0,23150.0173536,Intel(R) Xeon(R) Platinum 8259CL CPU @ 2.50GHz,Intel(R) Xeon(R) Platinum 8259CL CPU @ 2.50GHz,Intel
r5n.8xlarge,us-east-1,use1-az5,3,1.0,1.0,1.0,2.384,0.9203,61,r5n,Memory,r,32.0,256.0,23150.0173536,Intel(R) Xeon(R) Platinum 8259CL CPU @ 2.50GHz,Intel(R) Xeon(R) Platinum 8259CL CPU @ 2.50GHz,Intel
r5n.8xlarge,us-east-1,use1-az6,3,50.0,50.0,1.0,2.384,0.8917,62,r5n,Memory,r,32.0,256.0,23150.0173536,Intel(R) Xeon(R) Platinum 8259CL CPU @ 2.50GHz,Intel(R) Xeon(R) Platinum 8259CL CPU @ 2.50GHz,Intel
r5n.large,us-east-1,use1-az1,3,35.0,50.0,3.0,0.149,0.0621,58,r5n,Memory,r,2.0,16.0,23913.272210199997,Intel(R) Xeon(R) Platinum 8259CL CPU @ 2.50GHz,Intel(R) Xeon(R) Platinum 8259CL CPU @ 2.50GHz,Intel
r5n.large,us-east-1,use1-az2,3,35.0,45.0,3.0,0.149,0.063,57,r5n,Memory,r,2.0,16.0,23913.272210199997,Intel(R) Xeon(R) Platinum 8259CL CPU @ 2.50GHz,Intel(R) Xeon(R) Platinum 8259CL CPU @ 2.50GHz,Intel
r5n.large,us-east-1,use1-az4,3,35.0,50.0,3.0,0.149,0.0709,52,r5n,Memory,r,2.0,16.0,23913.272210199997,Intel(R) Xeon(R) Platinum 8259CL CPU @ 2.50GHz,Intel(R) Xeon(R) Platinum 8259CL CPU @ 2.50GHz,Intel
r5n.large,us-east-1,use1-az5,3,35.0,45.0,3.0,0.149,0.0542,63,r5n,Memory,r,2.0,16.0,23913.272210199997,Intel(R) Xeon(R) Platinum 8259CL CPU @ 2.50GHz,Intel(R) Xeon(R) Platinum 8259CL CPU @ 2.50GHz,Intel
r5n.large,us-east-1,use1-az6,3,45.0,50.0,3.0,0.149,0.0603,59,r5n,Memory,r,2.0,16.0,23913.272210199997,Intel(R) Xeon(R) Platinum 8259CL CPU @ 2.50GHz,Intel(R) Xeon(R) Platinum 8259CL CPU @ 2.50GHz,Intel
r5n.xlarge,us-east-1,use1-az1,3,25.0,40.0,1.0,0.298,0.1539,48,r5n,Memory,r,4.0,32.0,23885.442948,Intel(R) Xeon(R) Platinum 8259CL CPU @ 2.50GHz,Intel(R) Xeon(R) Platinum 8259CL CPU @ 2.50GHz,Intel
r5n.xlarge,us-east-1,use1-az2,3,30.0,45.0,1.0,0.298,0.1581,46,r5n,Memory,r,4.0,32.0,23885.442948,Intel(R) Xeon(R) Platinum 8259CL CPU @ 2.50GHz,Intel(R) Xeon(R) Platinum 8259CL CPU @ 2.50GHz,Intel
r5n.xlarge,us-east-1,use1-az4,3,35.0,45.0,1.0,0.298,0.1183,60,r5n,Memory,r,4.0,32.0,23885.442948,Intel(R) Xeon(R) Platinum 8259CL CPU @ 2.50GHz,Intel(R) Xeon(R) Platinum 8259CL CPU @ 2.50GHz,Intel
r5n.xlarge,us-east-1,use1-az5,3,25.0,35.0,1.0,0.298,0.1454,51,r5n,Memory,r,4.0,32.0,23885.442948,Intel(R) Xeon(R) Platinum 8259CL CPU @ 2.50GHz,Intel(R) Xeon(R) Platinum 8259CL CPU @ 2.50GHz,Intel
r5n.xlarge,us-east-1,use1-az6,3,40.0,50.0,1.0,0.298,0.1144,61,r5n,Memory,r,4.0,32.0,23885.442948,Intel(R) Xeon(R) Platinum 8259CL CPU @ 2.50GHz,Intel(R) Xeon(R) Platinum 8259CL CPU @ 2.50GHz,Intel
r6a.12xlarge,us-east-1,use1-az1,3,1.0,1.0,1.0,2.7216,1.1609,57,r6a,Memory,r,48.0,384.0,34513.723203199996,AMD EPYC 7R13 Processor,AMD EPYC 7R13 Processor,AuthenticAMD
r6a.12xlarge,us-east-1,use1-az2,3,10.0,20.0,1.0,2.7216,1.0945,59,r6a,Memory,r,48.0,384.0,34513.723203199996,AMD EPYC 7R13 Processor,AMD EPYC 7R13 Processor,AuthenticAMD
r6a.12xlarge,us-east-1,use1-az4,3,10.0,15.0,1.0,2.7216,1.199,55,r6a,Memory,r,48.0,384.0,34513.723203199996,AMD EPYC 7R13 Processor,AMD EPYC 7R13 Processor,AuthenticAMD
r6a.12xlarge,us-east-1,use1-az5,3,1.0,1.0,1.0,2.7216,1.0567,61,r6a,Memory,r,48.0,384.0,34513.723203199996,AMD EPYC 7R13 Processor,AMD EPYC 7R13 Processor,AuthenticAMD
r6a.12xlarge,us-east-1,use1-az6,3,5.0,10.0,1.0,2.7216,0.9512,65,r6a,Memory,r,48.0,384.0,34513.723203199996,AMD EPYC 7R13 Processor,AMD EPYC 7R13 Processor,AuthenticAMD
r6a.16xlarge,us-east-1,use1-az1,3,10.0,20.0,1.0,3.6288,1.1835,67,r6a,Memory,r,64.0,512.0,34425.4726516,AMD EPYC 7R13 Processor,AMD EPYC 7R13 Processor,AuthenticAMD
r6a.16xlarge,us-east-1,use1-az2,3,35.0,45.0,1.0,3.6288,1.2512,65,r6a,Memory,r,64.0,512.0,34425.4726516,AMD EPYC 7R13 Processor,AMD EPYC 7R13 Processor,AuthenticAMD
r6a.16xlarge,us-east-1,use1-az4,3,1.0,1.0,1.0,3.6288,1.419,60,r6a,Memory,r,64.0,512.0,34425.4726516,AMD EPYC 7R13 Processor,AMD EPYC 7R13 Processor,AuthenticAMD
r6a.16xlarge,us-east-1,use1-az5,3,25.0,35.0,1.0,3.6288,1.0962,69,r6a,Memory,r,64.0,512.0,34425.4726516,AMD EPYC 7R13 Processor,AMD EPYC 7R13 Processor,AuthenticAMD
r6a.16xlarge,us-east-1,use1-az6,3,10.0,15.0,1.0,3.6288,1.1616,67,r6a,Memory,r,64.0,512.0,34425.4726516,AMD EPYC 7R13 Processor,AMD EPYC 7R13 Processor,AuthenticAMD
r6a.24xlarge,us-east-1,use1-az1,3,1.0,5.0,1.0,5.4432,2.2887,57,r6a,Memory,r,96.0,768.0,32987.9077922,AMD EPYC 7R13 Processor,AMD EPYC 7R13 Processor,AuthenticAMD
r6a.24xlarge,us-east-1,use1-az2,3,10.0,15.0,1.0,5.4432,1.7785,67,r6a,Memory,r,96.0,768.0,32987.9077922,AMD EPYC 7R13 Processor,AMD EPYC 7R13 Processor,AuthenticAMD
r6a.24xlarge,us-east-1,use1-az4,3,1.0,1.0,1.0,5.4432,1.9054,64,r6a,Memory,r,96.0,768.0,32987.9077922,AMD EPYC 7R13 Processor,AMD EPYC 7R13 Processor,AuthenticAMD
r6a.24xlarge,us-east-1,use1-az5,3,1.0,10.0,1.0,5.4432,1.8146,66,r6a,Memory,r,96.0,768.0,32987.9077922,AMD EPYC 7R13 Processor,AMD EPYC 7R13 Processor,AuthenticAMD
r6a.24xlarge,us-east-1,use1-az6,3,1.0,1.0,1.0,5.4432,1.8217,66,r6a,Memory,r,96.0,768.0,32987.9077922,AMD EPYC 7R13 Processor,AMD EPYC 7R13 Processor,AuthenticAMD
r6a.2xlarge,us-east-1,use1-az1,3,50.0,50.0,2.5,0.4536,0.2135,52,r6a,Memory,r,8.0,64.0,33369.403579,AMD EPYC 7R13 Processor,AMD EPYC 7R13 Processor,AuthenticAMD
r6a.2xlarge,us-east-1,use1-az2,3,50.0,50.0,2.5,0.4536,0.2063,54,r6a,Memory,r,8.0,64.0,33369.403579,AMD EPYC 7R13 Processor,AMD EPYC 7R13 Processor,AuthenticAMD
r6a.2xlarge,us-east-1,use1-az4,3,50.0,50.0,2.5,0.4536,0.18,60,r6a,Memory,r,8.0,64.0,33369.403579,AMD EPYC 7R13 Processor,AMD EPYC 7R13 Processor,AuthenticAMD
r6a.2xlarge,us-east-1,use1-az5,3,50.0,50.0,2.5,0.4536,0.2177,52,r6a,Memory,r,8.0,64.0,33369.403579,AMD EPYC 7R13 Processor,AMD EPYC 7R13 Processor,AuthenticAMD
r6a.2xlarge,us-east-1,use1-az6,3,50.0,50.0,2.5,0.4536,0.1825,59,r6a,Memory,r,8.0,64.0,33369.403579,AMD EPYC 7R13 Processor,AMD EPYC 7R13 Processor,AuthenticAMD
r6a.32xlarge,us-east-1,use1-az1,1,0.0,0.0,1.0,7.2576,2.7314,62,r6a,Memory,r,128.0,1024.0,34452.409133199995,AMD EPYC 7R13 Processor,AMD EPYC 7R13 Processor,AuthenticAMD
r6a.32xlarge,us-east-1,use1-az2,3,1.0,5.0,1.0,7.2576,2.5028,65,r6a,Memory,r,128.0,1024.0,34452.409133199995,AMD EPYC 7R13 Processor,AMD EPYC 7R13 Processor,AuthenticAMD
r6a.32xlarge,us-east-1,use1-az4,3,1.0,1.0,1.0,7.2576,2.4368,66,r6a,Memory,r,128.0,1024.0,34452.409133199995,AMD EPYC 7R13 Processor,AMD EPYC 7R13 Processor,AuthenticAMD
r6a.32xlarge,us-east-1,use1-az5,3,15.0,35.0,1.0,7.2576,2.2844,68,r6a,Memory,r,128.0,1024.0,34452.409133199995,AMD EPYC 7R13 Processor,AMD EPYC 7R13 Processor,AuthenticAMD
r6a.32xlarge,us-east-1,use1-az6,3,1.0,1.0,1.0,7.2576,2.29,68,r6a,Memory,r,128.0,1024.0,34452.409133199995,AMD EPYC 7R13 Processor,AMD EPYC 7R13 Processor,AuthenticAMD
r6a.48xlarge,us-east-1,use1-az1,1,0.0,0.0,1.0,10.8864,3.5276,67,r6a,Memory,r,192.0,1536.0,33346.92279299999,AMD EPYC 7R13 Processor,AMD EPYC 7R13 Processor,AuthenticAMD
r6a.48xlarge,us-east-1,use1-az2,3,1.0,10.0,1.0,10.8864,3.672,66,r6a,Memory,r,192.0,1536.0,33346.92279299999,AMD EPYC 7R13 Processor,AMD EPYC 7R13 Processor,AuthenticAMD
r6a.48xlarge,us-east-1,use1-az4,2,0.0,1.0,1.0,10.8864,3.2215,70,r6a,Memory,r,192.0,1536.0,33346.92279299999,AMD EPYC 7R13 Processor,AMD EPYC 7R13 Processor,AuthenticAMD
r6a.48xlarge,us-east-1,use1-az5,3,15.0,25.0,1.0,10.8864,3.5946,66,r6a,Memory,r,192.0,1536.0,33346.92279299999,AMD EPYC 7R13 Processor,AMD EPYC 7R13 Processor,AuthenticAMD
r6a.48xlarge,us-east-1,use1-az6,1,0.0,0.0,1.0,10.8864,3.26,70,r6a,Memory,r,192.0,1536.0,33346.92279299999,AMD EPYC 7R13 Processor,AMD EPYC 7R13 Processor,AuthenticAMD
r6a.4xlarge,us-east-1,use1-az1,3,50.0,50.0,1.0,0.9072,0.4194,53,r6a,Memory,r,16.0,128.0,32801.894509599995,AMD EPYC 7R13 Processor,AMD EPYC 7R13 Processor,AuthenticAMD
r6a.4xlarge,us-east-1,use1-az2,3,50.0,50.0,1.0,0.9072,0.4555,49,r6a,Memory,r,16.0,128.0,32801.894509599995,AMD EPYC 7R13 Processor,AMD EPYC 7R13 Processor,AuthenticAMD
r6a.4xlarge,us-east-1,use1-az4,3,50.0,50.0,1.0,0.9072,0.388,57,r6a,Memory,r,16.0,128.0,32801.894509599995,AMD EPYC 7R13 Processor,AMD EPYC 7R13 Processor,AuthenticAMD
r6a.4xlarge,us-east-1,use1-az5,3,50.0,50.0,1.0,0.9072,0.4332,52,r6a,Memory,r,16.0,128.0,32801.894509599995,AMD EPYC 7R13 Processor,AMD EPYC 7R13 Processor,AuthenticAMD
r6a.4xlarge,us-east-1,use1-az6,3,50.0,50.0,1.0,0.9072,0.3564,60,r6a,Memory,r,16.0,128.0,32801.894509599995,AMD EPYC 7R13 Processor,AMD EPYC 7R13 Processor,AuthenticAMD
r6a.8xlarge,us-east-1,use1-az1,3,50.0,50.0,1.0,1.8144,0.6209,65,r6a,Memory,r,32.0,256.0,33314.439718,AMD EPYC 7R13 Processor,AMD EPYC 7R13 Processor,AuthenticAMD
r6a.8xlarge,us-east-1,use1-az2,3,50.0,50.0,1.0,1.8144,0.607,66,r6a,Memory,r,32.0,256.0,33314.439718,AMD EPYC 7R13 Processor,AMD EPYC 7R13 Processor,AuthenticAMD
r6a.8xlarge,us-east-1,use1-az4,3,50.0,50.0,1.0,1.8144,0.5863,67,r6a,Memory,r,32.0,256.0,33314.439718,AMD EPYC 7R13 Processor,AMD EPYC 7R13 Processor,AuthenticAMD
r6a.8xlarge,us-east-1,use1-az5,3,50.0,50.0,1.0,1.8144,0.5761,68,r6a,Memory,r,32.0,256.0,33314.439718,AMD EPYC 7R13 Processor,AMD EPYC 7R13 Processor,AuthenticAMD
r6a.8xlarge,us-east-1,use1-az6,3,50.0,50.0,1.0,1.8144,0.5883,67,r6a,Memory,r,32.0,256.0,33314.439718,AMD EPYC 7R13 Processor,AMD EPYC 7R13 Processor,AuthenticAMD
r6a.large,us-east-1,use1-az1,3,50.0,50.0,3.0,0.1134,0.0474,58,r6a,Memory,r,2.0,16.0,33359.37735720001,AMD EPYC 7R13 Processor,AMD EPYC 7R13 Processor,AuthenticAMD
r6a.large,us-east-1,use1-az2,3,50.0,50.0,3.0,0.1134,0.0465,58,r6a,Memory,r,2.0,16.0,33359.37735720001,AMD EPYC 7R13 Processor,AMD EPYC 7R13 Processor,AuthenticAMD
r6a.large,us-east-1,use1-az4,3,50.0,50.0,3.0,0.1134,0.0469,58,r6a,Memory,r,2.0,16.0,33359.37735720001,AMD EPYC 7R13 Processor,AMD EPYC 7R13 Processor,AuthenticAMD
r6a.large,us-east-1,use1-az5,3,50.0,50.0,3.0,0.1134,0.042,62,r6a,Memory,r,2.0,16.0,33359.37735720001,AMD EPYC 7R13 Processor,AMD EPYC 7R13 Processor,AuthenticAMD
r6a.large,us-east-1,use1-az6,3,50.0,50.0,3.0,0.1134,0.0459,59,r6a,Memory,r,2.0,16.0,33359.37735720001,AMD EPYC 7R13 Processor,AMD EPYC 7R13 Processor,AuthenticAMD
r6a.xlarge,us-east-1,use1-az1,3,50.0,50.0,2.0,0.2268,0.083,63,r6a,Memory,r,4.0,32.0,33331.1447322,AMD EPYC 7R13 Processor,AMD EPYC 7R13 Processor,AuthenticAMD
r6a.xlarge,us-east-1,use1-az2,3,50.0,50.0,2.0,0.2268,0.0972,57,r6a,Memory,r,4.0,32.0,33331.1447322,AMD EPYC 7R13 Processor,AMD EPYC 7R13 Processor,AuthenticAMD
r6a.xlarge,us-east-1,use1-az4,3,50.0,50.0,2.0,0.2268,0.0795,64,r6a,Memory,r,4.0,32.0,33331.1447322,AMD EPYC 7R13 Processor,AMD EPYC 7R13 Processor,AuthenticAMD
r6a.xlarge,us-east-1,use1-az5,3,50.0,50.0,2.0,0.2268,0.0666,70,r6a,Memory,r,4.0,32.0,33331.1447322,AMD EPYC 7R13 Processor,AMD EPYC 7R13 Processor,AuthenticAMD
r6a.xlarge,us-east-1,use1-az6,3,50.0,50.0,2.0,0.2268,0.0967,57,r6a,Memory,r,4.0,32.0,33331.1447322,AMD EPYC 7R13 Processor,AMD EPYC 7R13 Processor,AuthenticAMD
r6g.12xlarge,us-east-1,use1-az1,3,15.0,25.0,1.0,2.4192,0.8979,62,r6g,Memory,r,48.0,384.0,19342.1370646,AWS Graviton2 Processor,Neoverse-N1,AWS
r6g.12xlarge,us-east-1,use1-az2,3,50.0,50.0,1.0,2.4192,0.8377,65,r6g,Memory,r,48.0,384.0,19342.1370646,AWS Graviton2 Processor,Neoverse-N1,AWS
r6g.12xlarge,us-east-1,use1-az4,3,45.0,50.0,1.0,2.4192,0.7716,68,r6g,Memory,r,48.0,384.0,19342.1370646,AWS Graviton2 Processor,Neoverse-N1,AWS
r6g.12xlarge,us-east-1,use1-az5,3,50.0,50.0,1.0,2.4192,0.8011,66,r6g,Memory,r,48.0,384.0,19342.1370646,AWS Graviton2 Processor,Neoverse-N1,AWS
r6g.12xlarge,us-east-1,use1-az6,3,50.0,50.0,1.0,2.4192,0.766,68,r6g,Memory,r,48.0,384.0,19342.1370646,AWS Graviton2 Processor,Neoverse-N1,AWS
r6g.16xlarge,us-east-1,use1-az1,3,50.0,50.0,2.5,3.2256,1.7765,44,r6g,Memory,r,64.0,512.0,19339.070679400003,AWS Graviton2 Processor,Neoverse-N1,AWS
r6g.16xlarge,us-east-1,use1-az2,3,50.0,50.0,2.5,3.2256,1.172,63,r6g,Memory,r,64.0,512.0,19339.070679400003,AWS Graviton2 Processor,Neoverse-N1,AWS
r6g.16xlarge,us-east-1,use1-az4,3,50.0,50.0,2.5,3.2256,1.1384,64,r6g,Memory,r,64.0,512.0,19339.070679400003,AWS Graviton2 Processor,Neoverse-N1,AWS
r6g.16xlarge,us-east-1,use1-az5,3,50.0,50.0,2.5,3.2256,1.0893,66,r6g,Memory,r,64.0,512.0,19339.070679400003,AWS Graviton2 Processor,Neoverse-N1,AWS
r6g.16xlarge,us-east-1,use1-az6,3,50.0,50.0,2.5,3.2256,1.045,67,r6g,Memory,r,64.0,512.0,19339.070679400003,AWS Graviton2 Processor,Neoverse-N1,AWS
r6g.2xlarge,us-east-1,use1-az1,3,35.0,50.0,1.0,0.4032,0.179,55,r6g,Memory,r,8.0,64.0,19342.061158,AWS Graviton2 Processor,Neoverse-N1,AWS
r6g.2xlarge,us-east-1,use1-az2,3,50.0,50.0,1.0,0.4032,0.1569,61,r6g,Memory,r,8.0,64.0,19342.061158,AWS Graviton2 Processor,Neoverse-N1,AWS
r6g.2xlarge,us-east-1,use1-az4,3,50.0,50.0,1.0,0.4032,0.1506,62,r6g,Memory,r,8.0,64.0,19342.061158,AWS Graviton2 Processor,Neoverse-N1,AWS
r6g.2xlarge,us-east-1,use1-az5,3,40.0,45.0,1.0,0.4032,0.1367,66,r6g,Memory,r,8.0,64.0,19342.061158,AWS Graviton2 Processor,Neoverse-N1,AWS
r6g.2xlarge,us-east-1,use1-az6,3,50.0,50.0,1.0,0.4032,0.1523,62,r6g,Memory,r,8.0,64.0,19342.061158,AWS Graviton2 Processor,Neoverse-N1,AWS
r6g.4xlarge,us-east-1,use1-az1,3,50.0,50.0,1.0,0.8064,0.3201,60,r6g,Memory,r,16.0,128.0,19333.535245,AWS Graviton2 Processor,Neoverse-N1,AWS
r6g.4xlarge,us-east-1,use1-az2,3,50.0,50.0,1.0,0.8064,0.2865,64,r6g,Memory,r,16.0,128.0,19333.535245,AWS Graviton2 Processor,Neoverse-N1,AWS
r6g.4xlarge,us-east-1,use1-az4,3,50.0,50.0,1.0,0.8064,0.3009,62,r6g,Memory,r,16.0,128.0,19333.535245,AWS Graviton2 Processor,Neoverse-N1,AWS
r6g.4xlarge,us-east-1,use1-az5,3,50.0,50.0,1.0,0.8064,0.259,67,r6g,Memory,r,16.0,128.0,19333.535245,AWS Graviton2 Processor,Neoverse-N1,AWS
r6g.4xlarge,us-east-1,use1-az6,3,50.0,50.0,1.0,0.8064,0.2715,66,r6g,Memory,r,16.0,128.0,19333.535245,AWS Graviton2 Processor,Neoverse-N1,AWS
r6g.8xlarge,us-east-1,use1-az1,3,30.0,40.0,1.0,1.6128,0.6197,61,r6g,Memory,r,32.0,256.0,19333.7593208,AWS Graviton2 Processor,Neoverse-N1,AWS
r6g.8xlarge,us-east-1,use1-az2,3,50.0,50.0,1.0,1.6128,0.5873,63,r6g,Memory,r,32.0,256.0,19333.7593208,AWS Graviton2 Processor,Neoverse-N1,AWS
r6g.8xlarge,us-east-1,use1-az4,3,50.0,50.0,1.0,1.6128,0.5447,66,r6g,Memory,r,32.0,256.0,19333.7593208,AWS Graviton2 Processor,Neoverse-N1,AWS
r6g.8xlarge,us-east-1,use1-az5,3,50.0,50.0,1.0,1.6128,0.502,68,r6g,Memory,r,32.0,256.0,19333.7593208,AWS Graviton2 Processor,Neoverse-N1,AWS
r6g.8xlarge,us-east-1,use1-az6,3,50.0,50.0,1.0,1.6128,0.5535,65,r6g,Memory,r,32.0,256.0,19333.7593208,AWS Graviton2 Processor,Neoverse-N1,AWS
r6g.large,us-east-1,use1-az1,3,50.0,50.0,1.5,0.1008,0.0377,62,r6g,Memory,r,2.0,16.0,19335.8529184,AWS Graviton2 Processor,Neoverse-N1,AWS
r6g.large,us-east-1,use1-az2,3,50.0,50.0,1.5,0.1008,0.0366,63,r6g,Memory,r,2.0,16.0,19335.8529184,AWS Graviton2 Processor,Neoverse-N1,AWS
r6g.large,us-east-1,use1-az4,3,50.0,50.0,1.5,0.1008,0.0375,62,r6g,Memory,r,2.0,16.0,19335.8529184,AWS Graviton2 Processor,Neoverse-N1,AWS
r6g.large,us-east-1,use1-az5,3,10.0,15.0,1.5,0.1008,0.0434,56,r6g,Memory,r,2.0,16.0,19335.8529184,AWS Graviton2 Processor,Neoverse-N1,AWS
r6g.large,us-east-1,use1-az6,3,50.0,50.0,1.5,0.1008,0.0383,62,r6g,Memory,r,2.0,16.0,19335.8529184,AWS Graviton2 Processor,Neoverse-N1,AWS
r6g.medium,us-east-1,use1-az1,3,10.0,20.0,1.5,0.0504,0.0172,65,r6g,Memory,r,1.0,8.0,19335.10555,AWS Graviton2 Processor,Neoverse-N1,AWS
r6g.medium,us-east-1,use1-az2,3,40.0,50.0,1.5,0.0504,0.0167,66,r6g,Memory,r,1.0,8.0,19335.10555,AWS Graviton2 Processor,Neoverse-N1,AWS
r6g.medium,us-east-1,use1-az4,3,50.0,50.0,1.5,0.0504,0.0191,62,r6g,Memory,r,1.0,8.0,19335.10555,AWS Graviton2 Processor,Neoverse-N1,AWS
r6g.medium,us-east-1,use1-az5,3,1.0,5.0,1.5,0.0504,0.0149,70,r6g,Memory,r,1.0,8.0,19335.10555,AWS Graviton2 Processor,Neoverse-N1,AWS
r6g.medium,us-east-1,use1-az6,3,20.0,35.0,1.5,0.0504,0.0173,65,r6g,Memory,r,1.0,8.0,19335.10555,AWS Graviton2 Processor,Neoverse-N1,AWS
r6g.xlarge,us-east-1,use1-az1,3,50.0,50.0,1.0,0.2016,0.0911,54,r6g,Memory,r,4.0,32.0,19340.191838600003,AWS Graviton2 Processor,Neoverse-N1,AWS
r6g.xlarge,us-east-1,use1-az2,3,50.0,50.0,1.0,0.2016,0.0703,65,r6g,Memory,r,4.0,32.0,19340.191838600003,AWS Graviton2 Processor,Neoverse-N1,AWS
r6g.xlarge,us-east-1,use1-az4,3,50.0,50.0,1.0,0.2016,0.0725,64,r6g,Memory,r,4.0,32.0,19340.191838600003,AWS Graviton2 Processor,Neoverse-N1,AWS
r6g.xlarge,us-east-1,use1-az5,3,50.0,50.0,1.0,0.2016,0.0682,66,r6g,Memory,r,4.0,32.0,19340.191838600003,AWS Graviton2 Processor,Neoverse-N1,AWS
r6g.xlarge,us-east-1,use1-az6,3,50.0,50.0,1.0,0.2016,0.0691,65,r6g,Memory,r,4.0,32.0,19340.191838600003,AWS Graviton2 Processor,Neoverse-N1,AWS
r6gd.12xlarge,us-east-1,use1-az1,3,1.0,1.0,1.0,2.7648,0.9351,66,r6gd,Memory,r,48.0,384.0,19340.4905,AWS Graviton2 Processor,Neoverse-N1,AWS
r6gd.12xlarge,us-east-1,use1-az2,2,0.0,1.0,1.0,2.7648,1.034,62,r6gd,Memory,r,48.0,384.0,19340.4905,AWS Graviton2 Processor,Neoverse-N1,AWS
r6gd.12xlarge,us-east-1,use1-az4,3,5.0,10.0,1.0,2.7648,0.9246,66,r6gd,Memory,r,48.0,384.0,19340.4905,AWS Graviton2 Processor,Neoverse-N1,AWS
r6gd.12xlarge,us-east-1,use1-az5,1,0.0,0.0,1.0,2.7648,0.8816,68,r6gd,Memory,r,48.0,384.0,19340.4905,AWS Graviton2 Processor,Neoverse-N1,AWS
r6gd.12xlarge,us-east-1,use1-az6,3,5.0,10.0,1.0,2.7648,0.9443,65,r6gd,Memory,r,48.0,384.0,19340.4905,AWS Graviton2 Processor,Neoverse-N1,AWS
r6gd.16xlarge,us-east-1,use1-az1,3,5.0,5.0,1.5,3.6864,2.3209,37,r6gd,Memory,r,64.0,512.0,19337.2003,AWS Graviton2 Processor,Neoverse-N1,AWS
r6gd.16xlarge,us-east-1,use1-az2,3,1.0,5.0,1.5,3.6864,2.0596,44,r6gd,Memory,r,64.0,512.0,19337.2003,AWS Graviton2 Processor,Neoverse-N1,AWS
r6gd.16xlarge,us-east-1,use1-az4,3,35.0,50.0,1.5,3.6864,1.5271,58,r6gd,Memory,r,64.0,512.0,19337.2003,AWS Graviton2 Processor,Neoverse-N1,AWS
r6gd.16xlarge,us-east-1,use1-az5,1,0.0,0.0,1.5,3.6864,1.192,67,r6gd,Memory,r,64.0,512.0,19337.2003,AWS Graviton2 Processor,Neoverse-N1,AWS
r6gd.16xlarge,us-east-1,use1-az6,3,40.0,40.0,1.5,3.6864,1.4546,60,r6gd,Memory,r,64.0,512.0,19337.2003,AWS Graviton2 Processor,Neoverse-N1,AWS
r6gd.2xlarge,us-east-1,use1-az1,3,5.0,5.0,1.0,0.4608,0.2467,46,r6gd,Memory,r,8.0,64.0,19337.049,AWS Graviton2 Processor,Neoverse-N1,AWS
r6gd.2xlarge,us-east-1,use1-az2,3,1.0,15.0,1.0,0.4608,0.2267,50,r6gd,Memory,r,8.0,64.0,19337.049,AWS Graviton2 Processor,Neoverse-N1,AWS
r6gd.2xlarge,us-east-1,use1-az4,3,20.0,50.0,1.0,0.4608,0.1868,59,r6gd,Memory,r,8.0,64.0,19337.049,AWS Graviton2 Processor,Neoverse-N1,AWS
r6gd.2xlarge,us-east-1,use1-az5,3,1.0,1.0,1.0,0.4608,0.2453,46,r6gd,Memory,r,8.0,64.0,19337.049,AWS Graviton2 Processor,Neoverse-N1,AWS
r6gd.2xlarge,us-east-1,use1-az6,3,50.0,50.0,1.0,0.4608,0.2483,46,r6gd,Memory,r,8.0,64.0,19337.049,AWS Graviton2 Processor,Neoverse-N1,AWS
r6gd.4xlarge,us-east-1,use1-az1,3,5.0,5.0,1.0,0.9216,0.438,52,r6gd,Memory,r,16.0,128.0,19333.6092,AWS Graviton2 Processor,Neoverse-N1,AWS
r6gd.4xlarge,us-east-1,use1-az2,3,5.0,5.0,1.0,0.9216,0.4783,48,r6gd,Memory,r,16.0,128.0,19333.6092,AWS Graviton2 Processor,Neoverse-N1,AWS
r6gd.4xlarge,us-east-1,use1-az4,3,45.0,50.0,1.0,0.9216,0.3564,61,r6gd,Memory,r,16.0,128.0,19333.6092,AWS Graviton2 Processor,Neoverse-N1,AWS
r6gd.4xlarge,us-east-1,use1-az5,1,0.0,0.0,1.0,0.9216,0.397,56,r6gd,Memory,r,16.0,128.0,19333.6092,AWS Graviton2 Processor,Neoverse-N1,AWS
r6gd.4xlarge,us-east-1,use1-az6,3,30.0,40.0,1.0,0.9216,0.3798,58,r6gd,Memory,r,16.0,128.0,19333.6092,AWS Graviton2 Processor,Neoverse-N1,AWS
r6gd.8xlarge,us-east-1,use1-az1,3,1.0,1.0,1.0,1.8432,0.8432,54,r6gd,Memory,r,32.0,256.0,19337.0509,AWS Graviton2 Processor,Neoverse-N1,AWS
r6gd.8xlarge,us-east-1,use1-az2,1,0.0,0.0,1.0,1.8432,0.8756,52,r6gd,Memory,r,32.0,256.0,19337.0509,AWS Graviton2 Processor,Neoverse-N1,AWS
r6gd.8xlarge,us-east-1,use1-az4,3,15.0,20.0,1.0,1.8432,0.6841,62,r6gd,Memory,r,32.0,256.0,19337.0509,AWS Graviton2 Processor,Neoverse-N1,AWS
r6gd.8xlarge,us-east-1,use1-az5,1,0.0,0.0,1.0,1.8432,0.6883,62,r6gd,Memory,r,32.0,256.0,19337.0509,AWS Graviton2 Processor,Neoverse-N1,AWS
r6gd.8xlarge,us-east-1,use1-az6,3,30.0,30.0,1.0,1.8432,0.6935,62,r6gd,Memory,r,32.0,256.0,19337.0509,AWS Graviton2 Processor,Neoverse-N1,AWS
r6gd.large,us-east-1,use1-az1,3,50.0,50.0,3.0,0.1152,0.0454,60,r6gd,Memory,r,2.0,16.0,19337.4989,AWS Graviton2 Processor,Neoverse-N1,AWS
r6gd.large,us-east-1,use1-az2,3,50.0,50.0,3.0,0.1152,0.0441,61,r6gd,Memory,r,2.0,16.0,19337.4989,AWS Graviton2 Processor,Neoverse-N1,AWS
r6gd.large,us-east-1,use1-az4,3,50.0,50.0,3.0,0.1152,0.0496,56,r6gd,Memory,r,2.0,16.0,19337.4989,AWS Graviton2 Processor,Neoverse-N1,AWS
r6gd.large,us-east-1,use1-az5,3,50.0,50.0,3.0,0.1152,0.0478,58,r6gd,Memory,r,2.0,16.0,19337.4989,AWS Graviton2 Processor,Neoverse-N1,AWS
r6gd.large,us-east-1,use1-az6,3,50.0,50.0,3.0,0.1152,0.0408,64,r6gd,Memory,r,2.0,16.0,19337.4989,AWS Graviton2 Processor,Neoverse-N1,AWS
r6gd.medium,us-east-1,use1-az1,3,10.0,10.0,1.0,0.0576,0.0206,64,r6gd,Memory,r,1.0,8.0,19334.5075,AWS Graviton2 Processor,Neoverse-N1,AWS
r6gd.medium,us-east-1,use1-az2,3,10.0,20.0,1.0,0.0576,0.0213,63,r6gd,Memory,r,1.0,8.0,19334.5075,AWS Graviton2 Processor,Neoverse-N1,AWS
r6gd.medium,us-east-1,use1-az4,3,5.0,10.0,1.0,0.0576,0.0213,63,r6gd,Memory,r,1.0,8.0,19334.5075,AWS Graviton2 Processor,Neoverse-N1,AWS
r6gd.medium,us-east-1,use1-az5,3,5.0,10.0,1.0,0.0576,0.0205,64,r6gd,Memory,r,1.0,8.0,19334.5075,AWS Graviton2 Processor,Neoverse-N1,AWS
r6gd.medium,us-east-1,use1-az6,3,5.0,10.0,1.0,0.0576,0.0211,63,r6gd,Memory,r,1.0,8.0,19334.5075,AWS Graviton2 Processor,Neoverse-N1,AWS
r6gd.xlarge,us-east-1,use1-az1,3,5.0,10.0,1.0,0.2304,0.1107,51,r6gd,Memory,r,4.0,32.0,19341.0886,AWS Graviton2 Processor,Neoverse-N1,AWS
r6gd.xlarge,us-east-1,use1-az2,3,1.0,1.0,1.0,0.2304,0.1135,50,r6gd,Memory,r,4.0,32.0,19341.0886,AWS Graviton2 Processor,Neoverse-N1,AWS
r6gd.xlarge,us-east-1,use1-az4,3,15.0,35.0,1.0,0.2304,0.1016,55,r6gd,Memory,r,4.0,32.0,19341.0886,AWS Graviton2 Processor,Neoverse-N1,AWS
r6gd.xlarge,us-east-1,use1-az5,3,10.0,15.0,1.0,0.2304,0.1036,55,r6gd,Memory,r,4.0,32.0,19341.0886,AWS Graviton2 Processor,Neoverse-N1,AWS
r6gd.xlarge,us-east-1,use1-az6,3,35.0,50.0,1.0,0.2304,0.1181,48,r6gd,Memory,r,4.0,32.0,19341.0886,AWS Graviton2 Processor,Neoverse-N1,AWS
r6i.12xlarge,us-east-1,use1-az1,3,1.0,10.0,1.0,3.024,1.1486,62,r6i,Memory,r,48.0,384.0,28960.7544498,Intel(R) Xeon(R) Platinum 8375C CPU @ 2.90GHz,Intel(R) Xeon(R) Platinum 8375C CPU @ 2.90GHz,Intel
r6i.12xlarge,us-east-1,use1-az2,3,15.0,25.0,1.0,3.024,1.1922,60,r6i,Memory,r,48.0,384.0,28960.7544498,Intel(R) Xeon(R) Platinum 8375C CPU @ 2.90GHz,Intel(R) Xeon(R) Platinum 8375C CPU @ 2.90GHz,Intel
r6i.12xlarge,us-east-1,use1-az4,3,5.0,15.0,1.0,3.024,1.0568,65,r6i,Memory,r,48.0,384.0,28960.7544498,Intel(R) Xeon(R) Platinum 8375C CPU @ 2.90GHz,Intel(R) Xeon(R) Platinum 8375C CPU @ 2.90GHz,Intel
r6i.12xlarge,us-east-1,use1-az5,3,1.0,1.0,1.0,3.024,1.1602,61,r6i,Memory,r,48.0,384.0,28960.7544498,Intel(R) Xeon(R) Platinum 8375C CPU @ 2.90GHz,Intel(R) Xeon(R) Platinum 8375C CPU @ 2.90GHz,Intel
r6i.12xlarge,us-east-1,use1-az6,3,1.0,5.0,1.0,3.024,1.1003,63,r6i,Memory,r,48.0,384.0,28960.7544498,Intel(R) Xeon(R) Platinum 8375C CPU @ 2.90GHz,Intel(R) Xeon(R) Platinum 8375C CPU @ 2.90GHz,Intel
r6i.16xlarge,us-east-1,use1-az1,3,1.0,1.0,1.0,4.032,1.5713,61,r6i,Memory,r,64.0,512.0,29000.555173,Intel(R) Xeon(R) Platinum 8375C CPU @ 2.90GHz,Intel(R) Xeon(R) Platinum 8375C CPU @ 2.90GHz,Intel
r6i.16xlarge,us-east-1,use1-az2,3,1.0,5.0,1.0,4.032,1.5027,62,r6i,Memory,r,64.0,512.0,29000.555173,Intel(R) Xeon(R) Platinum 8375C CPU @ 2.90GHz,Intel(R) Xeon(R) Platinum 8375C CPU @ 2.90GHz,Intel
r6i.16xlarge,us-east-1,use1-az4,3,10.0,15.0,1.0,4.032,1.4759,63,r6i,Memory,r,64.0,512.0,29000.555173,Intel(R) Xeon(R) Platinum 8375C CPU @ 2.90GHz,Intel(R) Xeon(R) Platinum 8375C CPU @ 2.90GHz,Intel
r6i.16xlarge,us-east-1,use1-az5,3,20.0,30.0,1.0,4.032,1.3151,67,r6i,Memory,r,64.0,512.0,29000.555173,Intel(R) Xeon(R) Platinum 8375C CPU @ 2.90GHz,Intel(R) Xeon(R) Platinum 8375C CPU @ 2.90GHz,Intel
r6i.16xlarge,us-east-1,use1-az6,3,1.0,1.0,1.0,4.032,1.5756,60,r6i,Memory,r,64.0,512.0,29000.555173,Intel(R) Xeon(R) Platinum 8375C CPU @ 2.90GHz,Intel(R) Xeon(R) Platinum 8375C CPU @ 2.90GHz,Intel
r6i.24xlarge,us-east-1,use1-az1,3,1.0,1.0,1.0,6.048,1.9993,66,r6i,Memory,r,96.0,768.0,28989.500661799997,Intel(R) Xeon(R) Platinum 8375C CPU @ 2.90GHz,Intel(R) Xeon(R) Platinum 8375C CPU @ 2.90GHz,Intel
r6i.24xlarge,us-east-1,use1-az2,1,0.0,0.0,1.0,6.048,2.1086,65,r6i,Memory,r,96.0,768.0,28989.500661799997,Intel(R) Xeon(R) Platinum 8375C CPU @ 2.90GHz,Intel(R) Xeon(R) Platinum 8375C CPU @ 2.90GHz,Intel
r6i.24xlarge,us-east-1,use1-az4,3,10.0,10.0,1.0,6.048,2.0353,66,r6i,Memory,r,96.0,768.0,28989.500661799997,Intel(R) Xeon(R) Platinum 8375C CPU @ 2.90GHz,Intel(R) Xeon(R) Platinum 8375C CPU @ 2.90GHz,Intel
r6i.24xlarge,us-east-1,use1-az5,3,5.0,10.0,1.0,6.048,2.0654,65,r6i,Memory,r,96.0,768.0,28989.500661799997,Intel(R) Xeon(R) Platinum 8375C CPU @ 2.90GHz,Intel(R) Xeon(R) Platinum 8375C CPU @ 2.90GHz,Intel
r6i.24xlarge,us-east-1,use1-az6,2,0.0,1.0,1.0,6.048,2.3775,60,r6i,Memory,r,96.0,768.0,28989.500661799997,Intel(R) Xeon(R) Platinum 8375C CPU @ 2.90GHz,Intel(R) Xeon(R) Platinum 8375C CPU @ 2.90GHz,Intel
r6i.2xlarge,us-east-1,use1-az1,3,50.0,50.0,1.0,0.504,0.2075,58,r6i,Memory,r,8.0,64.0,29005.1851824,Intel(R) Xeon(R) Platinum 8375C CPU @ 2.90GHz,Intel(R) Xeon(R) Platinum 8375C CPU @ 2.90GHz,Intel
r6i.2xlarge,us-east-1,use1-az2,3,50.0,50.0,1.0,0.504,0.2054,59,r6i,Memory,r,8.0,64.0,29005.1851824,Intel(R) Xeon(R) Platinum 8375C CPU @ 2.90GHz,Intel(R) Xeon(R) Platinum 8375C CPU @ 2.90GHz,Intel
r6i.2xlarge,us-east-1,use1-az4,3,50.0,50.0,1.0,0.504,0.2042,59,r6i,Memory,r,8.0,64.0,29005.1851824,Intel(R) Xeon(R) Platinum 8375C CPU @ 2.90GHz,Intel(R) Xeon(R) Platinum 8375C CPU @ 2.90GHz,Intel
r6i.2xlarge,us-east-1,use1-az5,3,40.0,50.0,1.0,0.504,0.2173,56,r6i,Memory,r,8.0,64.0,29005.1851824,Intel(R) Xeon(R) Platinum 8375C CPU @ 2.90GHz,Intel(R) Xeon(R) Platinum 8375C CPU @ 2.90GHz,Intel
r6i.2xlarge,us-east-1,use1-az6,3,50.0,50.0,1.0,0.504,0.1828,63,r6i,Memory,r,8.0,64.0,29005.1851824,Intel(R) Xeon(R) Platinum 8375C CPU @ 2.90GHz,Intel(R) Xeon(R) Platinum 8375C CPU @ 2.90GHz,Intel
r6i.32xlarge,us-east-1,use1-az1,1,0.0,0.0,1.0,8.064,2.7977,65,r6i,Memory,r,128.0,1024.0,28993.6617708,Intel(R) Xeon(R) Platinum 8375C CPU @ 2.90GHz,Intel(R) Xeon(R) Platinum 8375C CPU @ 2.90GHz,Intel
r6i.32xlarge,us-east-1,use1-az2,1,0.0,0.0,1.0,8.064,3.0898,61,r6i,Memory,r,128.0,1024.0,28993.6617708,Intel(R) Xeon(R) Platinum 8375C CPU @ 2.90GHz,Intel(R) Xeon(R) Platinum 8375C CPU @ 2.90GHz,Intel
r6i.32xlarge,us-east-1,use1-az4,3,5.0,5.0,1.0,8.064,2.8125,65,r6i,Memory,r,128.0,1024.0,28993.6617708,Intel(R) Xeon(R) Platinum 8375C CPU @ 2.90GHz,Intel(R) Xeon(R) Platinum 8375C CPU @ 2.90GHz,Intel
r6i.32xlarge,us-east-1,use1-az5,3,1.0,1.0,1.0,8.064,2.7573,65,r6i,Memory,r,128.0,1024.0,28993.6617708,Intel(R) Xeon(R) Platinum 8375C CPU @ 2.90GHz,Intel(R) Xeon(R) Platinum 8375C CPU @ 2.90GHz,Intel
r6i.32xlarge,us-east-1,use1-az6,1,0.0,0.0,1.0,8.064,2.6582,67,r6i,Memory,r,128.0,1024.0,28993.6617708,Intel(R) Xeon(R) Platinum 8375C CPU @ 2.90GHz,Intel(R) Xeon(R) Platinum 8375C CPU @ 2.90GHz,Intel
r6i.4xlarge,us-east-1,use1-az1,3,35.0,50.0,1.0,1.008,0.424,57,r6i,Memory,r,16.0,128.0,28946.0133376,Intel(R) Xeon(R) Platinum 8375C CPU @ 2.90GHz,Intel(R) Xeon(R) Platinum 8375C CPU @ 2.90GHz,Intel
r6i.4xlarge,us-east-1,use1-az2,3,50.0,50.0,1.0,1.008,0.4246,57,r6i,Memory,r,16.0,128.0,28946.0133376,Intel(R) Xeon(R) Platinum 8375C CPU @ 2.90GHz,Intel(R) Xeon(R) Platinum 8375C CPU @ 2.90GHz,Intel
r6i.4xlarge,us-east-1,use1-az4,3,50.0,50.0,1.0,1.008,0.4099,59,r6i,Memory,r,16.0,128.0,28946.0133376,Intel(R) Xeon(R) Platinum 8375C CPU @ 2.90GHz,Intel(R) Xeon(R) Platinum 8375C CPU @ 2.90GHz,Intel
r6i.4xlarge,us-east-1,use1-az5,3,20.0,50.0,1.0,1.008,0.4954,50,r6i,Memory,r,16.0,128.0,28946.0133376,Intel(R) Xeon(R) Platinum 8375C CPU @ 2.90GHz,Intel(R) Xeon(R) Platinum 8375C CPU @ 2.90GHz,Intel
r6i.4xlarge,us-east-1,use1-az6,3,35.0,45.0,1.0,1.008,0.3967,60,r6i,Memory,r,16.0,128.0,28946.0133376,Intel(R) Xeon(R) Platinum 8375C CPU @ 2.90GHz,Intel(R) Xeon(R) Platinum 8375C CPU @ 2.90GHz,Intel
r6i.8xlarge,us-east-1,use1-az1,3,10.0,15.0,1.0,2.016,0.802,60,r6i,Memory,r,32.0,256.0,29027.5774204,Intel(R) Xeon(R) Platinum 8375C CPU @ 2.90GHz,Intel(R) Xeon(R) Platinum 8375C CPU @ 2.90GHz,Intel
r6i.8xlarge,us-east-1,use1-az2,3,30.0,40.0,1.0,2.016,0.7796,61,r6i,Memory,r,32.0,256.0,29027.5774204,Intel(R) Xeon(R) Platinum 8375C CPU @ 2.90GHz,Intel(R) Xeon(R) Platinum 8375C CPU @ 2.90GHz,Intel
r6i.8xlarge,us-east-1,use1-az4,3,35.0,50.0,1.0,2.016,0.7177,64,r6i,Memory,r,32.0,256.0,29027.5774204,Intel(R) Xeon(R) Platinum 8375C CPU @ 2.90GHz,Intel(R) Xeon(R) Platinum 8375C CPU @ 2.90GHz,Intel
r6i.8xlarge,us-east-1,use1-az5,3,25.0,30.0,1.0,2.016,0.7859,61,r6i,Memory,r,32.0,256.0,29027.5774204,Intel(R) Xeon(R) Platinum 8375C CPU @ 2.90GHz,Intel(R) Xeon(R) Platinum 8375C CPU @ 2.90GHz,Intel
r6i.8xlarge,us-east-1,use1-az6,3,5.0,30.0,1.0,2.016,0.7549,62,r6i,Memory,r,32.0,256.0,29027.5774204,Intel(R) Xeon(R) Platinum 8375C CPU @ 2.90GHz,Intel(R) Xeon(R) Platinum 8375C CPU @ 2.90GHz,Intel
r6i.large,us-east-1,use1-az1,3,50.0,50.0,2.5,0.126,0.0475,62,r6i,Memory,r,2.0,16.0,28978.137696800004,Intel(R) Xeon(R) Platinum 8375C CPU @ 2.90GHz,Intel(R) Xeon(R) Platinum 8375C CPU @ 2.90GHz,Intel
r6i.large,us-east-1,use1-az2,3,50.0,50.0,2.5,0.126,0.0457,63,r6i,Memory,r,2.0,16.0,28978.137696800004,Intel(R) Xeon(R) Platinum 8375C CPU @ 2.90GHz,Intel(R) Xeon(R) Platinum 8375C CPU @ 2.90GHz,Intel
r6i.large,us-east-1,use1-az4,3,50.0,50.0,2.5,0.126,0.0491,61,r6i,Memory,r,2.0,16.0,28978.137696800004,Intel(R) Xeon(R) Platinum 8375C CPU @ 2.90GHz,Intel(R) Xeon(R) Platinum 8375C CPU @ 2.90GHz,Intel
r6i.large,us-east-1,use1-az5,3,50.0,50.0,2.5,0.126,0.0475,62,r6i,Memory,r,2.0,16.0,28978.137696800004,Intel(R) Xeon(R) Platinum 8375C CPU @ 2.90GHz,Intel(R) Xeon(R) Platinum 8375C CPU @ 2.90GHz,Intel
r6i.large,us-east-1,use1-az6,3,50.0,50.0,2.5,0.126,0.0433,65,r6i,Memory,r,2.0,16.0,28978.137696800004,Intel(R) Xeon(R) Platinum 8375C CPU @ 2.90GHz,Intel(R) Xeon(R) Platinum 8375C CPU @ 2.90GHz,Intel
r6i.xlarge,us-east-1,use1-az1,3,50.0,50.0,2.0,0.252,0.1068,57,r6i,Memory,r,4.0,32.0,28951.9039336,Intel(R) Xeon(R) Platinum 8375C CPU @ 2.90GHz,Intel(R) Xeon(R) Platinum 8375C CPU @ 2.90GHz,Intel
r6i.xlarge,us-east-1,use1-az2,3,50.0,50.0,2.0,0.252,0.103,59,r6i,Memory,r,4.0,32.0,28951.9039336,Intel(R) Xeon(R) Platinum 8375C CPU @ 2.90GHz,Intel(R) Xeon(R) Platinum 8375C CPU @ 2.90GHz,Intel
r6i.xlarge,us-east-1,use1-az4,3,50.0,50.0,2.0,0.252,0.1179,53,r6i,Memory,r,4.0,32.0,28951.9039336,Intel(R) Xeon(R) Platinum 8375C CPU @ 2.90GHz,Intel(R) Xeon(R) Platinum 8375C CPU @ 2.90GHz,Intel
r6i.xlarge,us-east-1,use1-az5,3,25.0,35.0,2.0,0.252,0.1159,54,r6i,Memory,r,4.0,32.0,28951.9039336,Intel(R) Xeon(R) Platinum 8375C CPU @ 2.90GHz,Intel(R) Xeon(R) Platinum 8375C CPU @ 2.90GHz,Intel
r6i.xlarge,us-east-1,use1-az6,3,50.0,50.0,2.0,0.252,0.0991,60,r6i,Memory,r,4.0,32.0,28951.9039336,Intel(R) Xeon(R) Platinum 8375C CPU @ 2.90GHz,Intel(R) Xeon(R) Platinum 8375C CPU @ 2.90GHz,Intel
r6id.12xlarge,us-east-1,use1-az1,3,1.0,1.0,1.5,3.6288,1.6668,54,r6id,Memory,r,48.0,384.0,28918.4386,Intel(R) Xeon(R) Platinum 8375C CPU @ 2.90GHz,Intel(R) Xeon(R) Platinum 8375C CPU @ 2.90GHz,Intel
r6id.12xlarge,us-east-1,use1-az2,3,20.0,25.0,1.5,3.6288,1.5173,58,r6id,Memory,r,48.0,384.0,28918.4386,Intel(R) Xeon(R) Platinum 8375C CPU @ 2.90GHz,Intel(R) Xeon(R) Platinum 8375C CPU @ 2.90GHz,Intel
r6id.12xlarge,us-east-1,use1-az4,3,15.0,20.0,1.5,3.6288,1.6012,55,r6id,Memory,r,48.0,384.0,28918.4386,Intel(R) Xeon(R) Platinum 8375C CPU @ 2.90GHz,Intel(R) Xeon(R) Platinum 8375C CPU @ 2.90GHz,Intel
r6id.12xlarge,us-east-1,use1-az5,3,1.0,1.0,1.5,3.6288,1.7795,50,r6id,Memory,r,48.0,384.0,28918.4386,Intel(R) Xeon(R) Platinum 8375C CPU @ 2.90GHz,Intel(R) Xeon(R) Platinum 8375C CPU @ 2.90GHz,Intel
r6id.12xlarge,us-east-1,use1-az6,3,25.0,35.0,1.5,3.6288,1.4042,61,r6id,Memory,r,48.0,384.0,28918.4386,Intel(R) Xeon(R) Platinum 8375C CPU @ 2.90GHz,Intel(R) Xeon(R) Platinum 8375C CPU @ 2.90GHz,Intel
r6id.16xlarge,us-east-1,use1-az1,3,1.0,1.0,1.0,4.8384,1.8781,61,r6id,Memory,r,64.0,512.0,29006.2364,Intel(R) Xeon(R) Platinum 8375C CPU @ 2.90GHz,Intel(R) Xeon(R) Platinum 8375C CPU @ 2.90GHz,Intel
r6id.16xlarge,us-east-1,use1-az2,3,30.0,40.0,1.0,4.8384,2.0243,58,r6id,Memory,r,64.0,512.0,29006.2364,Intel(R) Xeon(R) Platinum 8375C CPU @ 2.90GHz,Intel(R) Xeon(R) Platinum 8375C CPU @ 2.90GHz,Intel
r6id.16xlarge,us-east-1,use1-az4,3,10.0,15.0,1.0,4.8384,1.9608,59,r6id,Memory,r,64.0,512.0,29006.2364,Intel(R) Xeon(R) Platinum 8375C CPU @ 2.90GHz,Intel(R) Xeon(R) Platinum 8375C CPU @ 2.90GHz,Intel
r6id.16xlarge,us-east-1,use1-az5,3,1.0,1.0,1.0,4.8384,1.9327,60,r6id,Memory,r,64.0,512.0,29006.2364,Intel(R) Xeon(R) Platinum 8375C CPU @ 2.90GHz,Intel(R) Xeon(R) Platinum 8375C CPU @ 2.90GHz,Intel
r6id.16xlarge,us-east-1,use1-az6,3,20.0,30.0,1.0,4.8384,1.6778,65,r6id,Memory,r,64.0,512.0,29006.2364,Intel(R) Xeon(R) Platinum 8375C CPU @ 2.90GHz,Intel(R) Xeon(R) Platinum 8375C CPU @ 2.90GHz,Intel
r6id.24xlarge,us-east-1,use1-az1,3,10.0,15.0,2.0,7.2576,2.7428,62,r6id,Memory,r,96.0,768.0,29012.6147,Intel(R) Xeon(R) Platinum 8375C CPU @ 2.90GHz,Intel(R) Xeon(R) Platinum 8375C CPU @ 2.90GHz,Intel
r6id.24xlarge,us-east-1,use1-az2,3,35.0,50.0,2.0,7.2576,2.9218,59,r6id,Memory,r,96.0,768.0,29012.6147,Intel(R) Xeon(R) Platinum 8375C CPU @ 2.90GHz,Intel(R) Xeon(R) Platinum 8375C CPU @ 2.90GHz,Intel
r6id.24xlarge,us-east-1,use1-az4,3,5.0,10.0,2.0,7.2576,2.8239,61,r6id,Memory,r,96.0,768.0,29012.6147,Intel(R) Xeon(R) Platinum 8375C CPU @ 2.90GHz,Intel(R) Xeon(R) Platinum 8375C CPU @ 2.90GHz,Intel
r6id.24xlarge,us-east-1,use1-az5,3,25.0,40.0,2.0,7.2576,3.0881,57,r6id,Memory,r,96.0,768.0,29012.6147,Intel(R) Xeon(R) Platinum 8375C CPU @ 2.90GHz,Intel(R) Xeon(R) Platinum 8375C CPU @ 2.90GHz,Intel
r6id.24xlarge,us-east-1,use1-az6,3,40.0,50.0,2.0,7.2576,2.7049,62,r6id,Memory,r,96.0,768.0,29012.6147,Intel(R) Xeon(R) Platinum 8375C CPU @ 2.90GHz,Intel(R) Xeon(R) Platinum 8375C CPU @ 2.90GHz,Intel
r6id.2xlarge,us-east-1,use1-az1,3,10.0,20.0,1.0,0.6048,0.2673,55,r6id,Memory,r,8.0,64.0,28977.79,Intel(R) Xeon(R) Platinum 8375C CPU @ 2.90GHz,Intel(R) Xeon(R) Platinum 8375C CPU @ 2.90GHz,Intel
r6id.2xlarge,us-east-1,use1-az2,3,25.0,35.0,1.0,0.6048,0.27,55,r6id,Memory,r,8.0,64.0,28977.79,Intel(R) Xeon(R) Platinum 8375C CPU @ 2.90GHz,Intel(R) Xeon(R) Platinum 8375C CPU @ 2.90GHz,Intel
r6id.2xlarge,us-east-1,use1-az4,3,15.0,30.0,1.0,0.6048,0.2691,55,r6id,Memory,r,8.0,64.0,28977.79,Intel(R) Xeon(R) Platinum 8375C CPU @ 2.90GHz,Intel(R) Xeon(R) Platinum 8375C CPU @ 2.90GHz,Intel
r6id.2xlarge,us-east-1,use1-az5,3,5.0,10.0,1.0,0.6048,0.2429,59,r6id,Memory,r,8.0,64.0,28977.79,Intel(R) Xeon(R) Platinum 8375C CPU @ 2.90GHz,Intel(R) Xeon(R) Platinum 8375C CPU @ 2.90GHz,Intel
r6id.2xlarge,us-east-1,use1-az6,3,45.0,50.0,1.0,0.6048,0.2588,57,r6id,Memory,r,8.0,64.0,28977.79,Intel(R) Xeon(R) Platinum 8375C CPU @ 2.90GHz,Intel(R) Xeon(R) Platinum 8375C CPU @ 2.90GHz,Intel
r6id.32xlarge,us-east-1,use1-az1,3,1.0,1.0,1.0,9.6768,3.6525,62,r6id,Memory,r,128.0,1024.0,29031.959,Intel(R) Xeon(R) Platinum 8375C CPU @ 2.90GHz,Intel(R) Xeon(R) Platinum 8375C CPU @ 2.90GHz,Intel
r6id.32xlarge,us-east-1,use1-az2,3,30.0,50.0,1.0,9.6768,4.1724,56,r6id,Memory,r,128.0,1024.0,29031.959,Intel(R) Xeon(R) Platinum 8375C CPU @ 2.90GHz,Intel(R) Xeon(R) Platinum 8375C CPU @ 2.90GHz,Intel
r6id.32xlarge,us-east-1,use1-az4,3,1.0,10.0,1.0,9.6768,3.7567,61,r6id,Memory,r,128.0,1024.0,29031.959,Intel(R) Xeon(R) Platinum 8375C CPU @ 2.90GHz,Intel(R) Xeon(R) Platinum 8375C CPU @ 2.90GHz,Intel
r6id.32xlarge,us-east-1,use1-az5,3,15.0,20.0,1.0,9.6768,4.2617,55,r6id,Memory,r,128.0,1024.0,29031.959,Intel(R) Xeon(R) Platinum 8375C CPU @ 2.90GHz,Intel(R) Xeon(R) Platinum 8375C CPU @ 2.90GHz,Intel
r6id.32xlarge,us-east-1,use1-az6,3,35.0,45.0,1.0,9.6768,3.5432,63,r6id,Memory,r,128.0,1024.0,29031.959,Intel(R) Xeon(R) Platinum 8375C CPU @ 2.90GHz,Intel(R) Xeon(R) Platinum 8375C CPU @ 2.90GHz,Intel
r6id.4xlarge,us-east-1,use1-az1,3,50.0,50.0,1.0,1.2096,0.6695,44,r6id,Memory,r,16.0,128.0,28943.7916,Intel(R) Xeon(R) Platinum 8375C CPU @ 2.90GHz,Intel(R) Xeon(R) Platinum 8375C CPU @ 2.90GHz,Intel
r6id.4xlarge,us-east-1,use1-az2,3,50.0,50.0,1.0,1.2096,0.5902,51,r6id,Memory,r,16.0,128.0,28943.7916,Intel(R) Xeon(R) Platinum 8375C CPU @ 2.90GHz,Intel(R) Xeon(R) Platinum 8375C CPU @ 2.90GHz,Intel
r6id.4xlarge,us-east-1,use1-az4,3,50.0,50.0,1.0,1.2096,0.6282,48,r6id,Memory,r,16.0,128.0,28943.7916,Intel(R) Xeon(R) Platinum 8375C CPU @ 2.90GHz,Intel(R) Xeon(R) Platinum 8375C CPU @ 2.90GHz,Intel
r6id.4xlarge,us-east-1,use1-az5,3,30.0,45.0,1.0,1.2096,0.5826,51,r6id,Memory,r,16.0,128.0,28943.7916,Intel(R) Xeon(R) Platinum 8375C CPU @ 2.90GHz,Intel(R) Xeon(R) Platinum 8375C CPU @ 2.90GHz,Intel
r6id.4xlarge,us-east-1,use1-az6,3,50.0,50.0,1.0,1.2096,0.61,49,r6id,Memory,r,16.0,128.0,28943.7916,Intel(R) Xeon(R) Platinum 8375C CPU @ 2.90GHz,Intel(R) Xeon(R) Platinum 8375C CPU @ 2.90GHz,Intel
r6id.8xlarge,us-east-1,use1-az1,3,1.0,5.0,1.0,2.4192,1.2535,48,r6id,Memory,r,32.0,256.0,29005.6967,Intel(R) Xeon(R) Platinum 8375C CPU @ 2.90GHz,Intel(R) Xeon(R) Platinum 8375C CPU @ 2.90GHz,Intel
r6id.8xlarge,us-east-1,use1-az2,3,20.0,35.0,1.0,2.4192,1.0687,55,r6id,Memory,r,32.0,256.0,29005.6967,Intel(R) Xeon(R) Platinum 8375C CPU @ 2.90GHz,Intel(R) Xeon(R) Platinum 8375C CPU @ 2.90GHz,Intel
r6id.8xlarge,us-east-1,use1-az4,3,1.0,25.0,1.0,2.4192,1.207,50,r6id,Memory,r,32.0,256.0,29005.6967,Intel(R) Xeon(R) Platinum 8375C CPU @ 2.90GHz,Intel(R) Xeon(R) Platinum 8375C CPU @ 2.90GHz,Intel
r6id.8xlarge,us-east-1,use1-az5,3,10.0,25.0,1.0,2.4192,1.1512,52,r6id,Memory,r,32.0,256.0,29005.6967,Intel(R) Xeon(R) Platinum 8375C CPU @ 2.90GHz,Intel(R) Xeon(R) Platinum 8375C CPU @ 2.90GHz,Intel
r6id.8xlarge,us-east-1,use1-az6,3,30.0,35.0,1.0,2.4192,0.9449,60,r6id,Memory,r,32.0,256.0,29005.6967,Intel(R) Xeon(R) Platinum 8375C CPU @ 2.90GHz,Intel(R) Xeon(R) Platinum 8375C CPU @ 2.90GHz,Intel
r6id.large,us-east-1,use1-az1,3,10.0,20.0,2.5,0.1512,0.063,58,r6id,Memory,r,2.0,16.0,28967.8459,Intel(R) Xeon(R) Platinum 8375C CPU @ 2.90GHz,Intel(R) Xeon(R) Platinum 8375C CPU @ 2.90GHz,Intel
r6id.large,us-east-1,use1-az2,3,45.0,50.0,2.5,0.1512,0.0585,61,r6id,Memory,r,2.0,16.0,28967.8459,Intel(R) Xeon(R) Platinum 8375C CPU @ 2.90GHz,Intel(R) Xeon(R) Platinum 8375C CPU @ 2.90GHz,Intel
r6id.large,us-east-1,use1-az4,3,15.0,25.0,2.5,0.1512,0.0552,63,r6id,Memory,r,2.0,16.0,28967.8459,Intel(R) Xeon(R) Platinum 8375C CPU @ 2.90GHz,Intel(R) Xeon(R) Platinum 8375C CPU @ 2.90GHz,Intel
r6id.large,us-east-1,use1-az5,3,5.0,10.0,2.5,0.1512,0.0574,62,r6id,Memory,r,2.0,16.0,28967.8459,Intel(R) Xeon(R) Platinum 8375C CPU @ 2.90GHz,Intel(R) Xeon(R) Platinum 8375C CPU @ 2.90GHz,Intel
r6id.large,us-east-1,use1-az6,3,50.0,50.0,2.5,0.1512,0.0588,61,r6id,Memory,r,2.0,16.0,28967.8459,Intel(R) Xeon(R) Platinum 8375C CPU @ 2.90GHz,Intel(R) Xeon(R) Platinum 8375C CPU @ 2.90GHz,Intel
r6id.xlarge,us-east-1,use1-az1,3,35.0,45.0,1.0,0.3024,0.16,47,r6id,Memory,r,4.0,32.0,28994.2608,Intel(R) Xeon(R) Platinum 8375C CPU @ 2.90GHz,Intel(R) Xeon(R) Platinum 8375C CPU @ 2.90GHz,Intel
r6id.xlarge,us-east-1,use1-az2,3,50.0,50.0,1.0,0.3024,0.1328,56,r6id,Memory,r,4.0,32.0,28994.2608,Intel(R) Xeon(R) Platinum 8375C CPU @ 2.90GHz,Intel(R) Xeon(R) Platinum 8375C CPU @ 2.90GHz,Intel
r6id.xlarge,us-east-1,use1-az4,3,25.0,30.0,1.0,0.3024,0.1469,51,r6id,Memory,r,4.0,32.0,28994.2608,Intel(R) Xeon(R) Platinum 8375C CPU @ 2.90GHz,Intel(R) Xeon(R) Platinum 8375C CPU @ 2.90GHz,Intel
r6id.xlarge,us-east-1,use1-az5,3,10.0,25.0,1.0,0.3024,0.1444,52,r6id,Memory,r,4.0,32.0,28994.2608,Intel(R) Xeon(R) Platinum 8375C CPU @ 2.90GHz,Intel(R) Xeon(R) Platinum 8375C CPU @ 2.90GHz,Intel
r6id.xlarge,us-east-1,use1-az6,3,50.0,50.0,1.0,0.3024,0.1447,52,r6id,Memory,r,4.0,32.0,28994.2608,Intel(R) Xeon(R) Platinum 8375C CPU @ 2.90GHz,Intel(R) Xeon(R) Platinum 8375C CPU @ 2.90GHz,Intel
r6idn.12xlarge,us-east-1,use1-az1,1,0.0,0.0,1.0,4.68936,2.1655,53,r6idn,Memory,r,48.0,384.0,29014.8139,Intel(R) Xeon(R) Platinum 8375C CPU @ 2.90GHz,Intel(R) Xeon(R) Platinum 8375C CPU @ 2.90GHz,Intel
r6idn.12xlarge,us-east-1,use1-az2,1,0.0,0.0,1.0,4.68936,2.0846,55,r6idn,Memory,r,48.0,384.0,29014.8139,Intel(R) Xeon(R) Platinum 8375C CPU @ 2.90GHz,Intel(R) Xeon(R) Platinum 8375C CPU @ 2.90GHz,Intel
r6idn.12xlarge,us-east-1,use1-az4,1,0.0,0.0,1.0,4.68936,1.9389,58,r6idn,Memory,r,48.0,384.0,29014.8139,Intel(R) Xeon(R) Platinum 8375C CPU @ 2.90GHz,Intel(R) Xeon(R) Platinum 8375C CPU @ 2.90GHz,Intel
r6idn.12xlarge,us-east-1,use1-az5,1,0.0,0.0,1.0,4.68936,2.1446,54,r6idn,Memory,r,48.0,384.0,29014.8139,Intel(R) Xeon(R) Platinum 8375C CPU @ 2.90GHz,Intel(R) Xeon(R) Platinum 8375C CPU @ 2.90GHz,Intel
r6idn.12xlarge,us-east-1,use1-az6,2,0.0,1.0,1.0,4.68936,2.1784,53,r6idn,Memory,r,48.0,384.0,29014.8139,Intel(R) Xeon(R) Platinum 8375C CPU @ 2.90GHz,Intel(R) Xeon(R) Platinum 8375C CPU @ 2.90GHz,Intel
r6idn.16xlarge,us-east-1,use1-az1,3,1.0,1.0,1.0,6.25248,2.3075,63,r6idn,Memory,r,64.0,512.0,29020.5131,Intel(R) Xeon(R) Platinum 8375C CPU @ 2.90GHz,Intel(R) Xeon(R) Platinum 8375C CPU @ 2.90GHz,Intel
r6idn.16xlarge,us-east-1,use1-az2,2,0.0,1.0,1.0,6.25248,2.5108,59,r6idn,Memory,r,64.0,512.0,29020.5131,Intel(R) Xeon(R) Platinum 8375C CPU @ 2.90GHz,Intel(R) Xeon(R) Platinum 8375C CPU @ 2.90GHz,Intel
r6idn.16xlarge,us-east-1,use1-az4,3,1.0,1.0,1.0,6.25248,2.2645,63,r6idn,Memory,r,64.0,512.0,29020.5131,Intel(R) Xeon(R) Platinum 8375C CPU @ 2.90GHz,Intel(R) Xeon(R) Platinum 8375C CPU @ 2.90GHz,Intel
r6idn.16xlarge,us-east-1,use1-az5,1,0.0,0.0,1.0,6.25248,2.2102,64,r6idn,Memory,r,64.0,512.0,29020.5131,Intel(R) Xeon(R) Platinum 8375C CPU @ 2.90GHz,Intel(R) Xeon(R) Platinum 8375C CPU @ 2.90GHz,Intel
r6idn.16xlarge,us-east-1,use1-az6,3,15.0,15.0,1.0,6.25248,2.0364,67,r6idn,Memory,r,64.0,512.0,29020.5131,Intel(R) Xeon(R) Platinum 8375C CPU @ 2.90GHz,Intel(R) Xeon(R) Platinum 8375C CPU @ 2.90GHz,Intel
r6idn.24xlarge,us-east-1,use1-az1,3,1.0,1.0,1.0,9.37872,4.1215,56,r6idn,Memory,r,96.0,768.0,28971.0329,Intel(R) Xeon(R) Platinum 8375C CPU @ 2.90GHz,Intel(R) Xeon(R) Platinum 8375C CPU @ 2.90GHz,Intel
r6idn.24xlarge,us-east-1,use1-az2,2,0.0,1.0,1.0,9.37872,3.0881,67,r6idn,Memory,r,96.0,768.0,28971.0329,Intel(R) Xeon(R) Platinum 8375C CPU @ 2.90GHz,Intel(R) Xeon(R) Platinum 8375C CPU @ 2.90GHz,Intel
r6idn.24xlarge,us-east-1,use1-az4,3,1.0,1.0,1.0,9.37872,2.9885,68,r6idn,Memory,r,96.0,768.0,28971.0329,Intel(R) Xeon(R) Platinum 8375C CPU @ 2.90GHz,Intel(R) Xeon(R) Platinum 8375C CPU @ 2.90GHz,Intel
r6idn.24xlarge,us-east-1,use1-az5,1,0.0,0.0,1.0,9.37872,3.5199,62,r6idn,Memory,r,96.0,768.0,28971.0329,Intel(R) Xeon(R) Platinum 8375C CPU @ 2.90GHz,Intel(R) Xeon(R) Platinum 8375C CPU @ 2.90GHz,Intel
r6idn.24xlarge,us-east-1,use1-az6,3,10.0,20.0,1.0,9.37872,3.2556,65,r6idn,Memory,r,96.0,768.0,28971.0329,Intel(R) Xeon(R) Platinum 8375C CPU @ 2.90GHz,Intel(R) Xeon(R) Platinum 8375C CPU @ 2.90GHz,Intel
r6idn.2xlarge,us-east-1,use1-az1,3,1.0,1.0,1.0,0.78156,0.4603,41,r6idn,Memory,r,8.0,64.0,28964.403,Intel(R) Xeon(R) Platinum 8375C CPU @ 2.90GHz,Intel(R) Xeon(R) Platinum 8375C CPU @ 2.90GHz,Intel
r6idn.2xlarge,us-east-1,use1-az2,3,5.0,5.0,1.0,0.78156,0.374,52,r6idn,Memory,r,8.0,64.0,28964.403,Intel(R) Xeon(R) Platinum 8375C CPU @ 2.90GHz,Intel(R) Xeon(R) Platinum 8375C CPU @ 2.90GHz,Intel
r6idn.2xlarge,us-east-1,use1-az4,3,1.0,5.0,1.0,0.78156,0.5668,27,r6idn,Memory,r,8.0,64.0,28964.403,Intel(R) Xeon(R) Platinum 8375C CPU @ 2.90GHz,Intel(R) Xeon(R) Platinum 8375C CPU @ 2.90GHz,Intel
r6idn.2xlarge,us-east-1,use1-az5,3,1.0,1.0,1.0,0.78156,0.4449,43,r6idn,Memory,r,8.0,64.0,28964.403,Intel(R) Xeon(R) Platinum 8375C CPU @ 2.90GHz,Intel(R) Xeon(R) Platinum 8375C CPU @ 2.90GHz,Intel
r6idn.2xlarge,us-east-1,use1-az6,3,5.0,15.0,1.0,0.78156,0.3818,51,r6idn,Memory,r,8.0,64.0,28964.403,Intel(R) Xeon(R) Platinum 8375C CPU @ 2.90GHz,Intel(R) Xeon(R) Platinum 8375C CPU @ 2.90GHz,Intel
r6idn.32xlarge,us-east-1,use1-az1,2,0.0,1.0,1.0,12.50496,4.5526,63,r6idn,Memory,r,128.0,1024.0,28995.1245,Intel(R) Xeon(R) Platinum 8375C CPU @ 2.90GHz,Intel(R) Xeon(R) Platinum 8375C CPU @ 2.90GHz,Intel
r6idn.32xlarge,us-east-1,use1-az2,1,0.0,0.0,1.0,12.50496,4.3124,65,r6idn,Memory,r,128.0,1024.0,28995.1245,Intel(R) Xeon(R) Platinum 8375C CPU @ 2.90GHz,Intel(R) Xeon(R) Platinum 8375C CPU @ 2.90GHz,Intel
r6idn.32xlarge,us-east-1,use1-az4,3,1.0,1.0,1.0,12.50496,4.3942,64,r6idn,Memory,r,128.0,1024.0,28995.1245,Intel(R) Xeon(R) Platinum 8375C CPU @ 2.90GHz,Intel(R) Xeon(R) Platinum 8375C CPU @ 2.90GHz,Intel
r6idn.32xlarge,us-east-1,use1-az5,3,1.0,1.0,1.0,12.50496,4.8235,61,r6idn,Memory,r,128.0,1024.0,28995.1245,Intel(R) Xeon(R) Platinum 8375C CPU @ 2.90GHz,Intel(R) Xeon(R) Platinum 8375C CPU @ 2.90GHz,Intel
r6idn.32xlarge,us-east-1,use1-az6,3,15.0,20.0,1.0,12.50496,4.2852,65,r6idn,Memory,r,128.0,1024.0,28995.1245,Intel(R) Xeon(R) Platinum 8375C CPU @ 2.90GHz,Intel(R) Xeon(R) Platinum 8375C CPU @ 2.90GHz,Intel
r6idn.4xlarge,us-east-1,use1-az1,3,10.0,15.0,1.0,1.56312,0.8166,47,r6idn,Memory,r,16.0,128.0,29004.7108,Intel(R) Xeon(R) Platinum 8375C CPU @ 2.90GHz,Intel(R) Xeon(R) Platinum 8375C CPU @ 2.90GHz,Intel
r6idn.4xlarge,us-east-1,use1-az2,3,35.0,50.0,1.0,1.56312,0.6278,59,r6idn,Memory,r,16.0,128.0,29004.7108,Intel(R) Xeon(R) Platinum 8375C CPU @ 2.90GHz,Intel(R) Xeon(R) Platinum 8375C CPU @ 2.90GHz,Intel
r6idn.4xlarge,us-east-1,use1-az4,3,40.0,50.0,1.0,1.56312,0.7529,51,r6idn,Memory,r,16.0,128.0,29004.7108,Intel(R) Xeon(R) Platinum 8375C CPU @ 2.90GHz,Intel(R) Xeon(R) Platinum 8375C CPU @ 2.90GHz,Intel
r6idn.4xlarge,us-east-1,use1-az5,3,5.0,10.0,1.0,1.56312,0.7021,55,r6idn,Memory,r,16.0,128.0,29004.7108,Intel(R) Xeon(R) Platinum 8375C CPU @ 2.90GHz,Intel(R) Xeon(R) Platinum 8375C CPU @ 2.90GHz,Intel
r6idn.4xlarge,us-east-1,use1-az6,3,45.0,50.0,1.0,1.56312,0.6973,55,r6idn,Memory,r,16.0,128.0,29004.7108,Intel(R) Xeon(R) Platinum 8375C CPU @ 2.90GHz,Intel(R) Xeon(R) Platinum 8375C CPU @ 2.90GHz,Intel
r6idn.8xlarge,us-east-1,use1-az1,3,1.0,1.0,1.0,3.12624,1.5087,51,r6idn,Memory,r,32.0,256.0,28956.5551,Intel(R) Xeon(R) Platinum 8375C CPU @ 2.90GHz,Intel(R) Xeon(R) Platinum 8375C CPU @ 2.90GHz,Intel
r6idn.8xlarge,us-east-1,use1-az2,3,1.0,1.0,1.0,3.12624,1.3325,57,r6idn,Memory,r,32.0,256.0,28956.5551,Intel(R) Xeon(R) Platinum 8375C CPU @ 2.90GHz,Intel(R) Xeon(R) Platinum 8375C CPU @ 2.90GHz,Intel
r6idn.8xlarge,us-east-1,use1-az4,3,5.0,5.0,1.0,3.12624,1.3587,56,r6idn,Memory,r,32.0,256.0,28956.5551,Intel(R) Xeon(R) Platinum 8375C CPU @ 2.90GHz,Intel(R) Xeon(R) Platinum 8375C CPU @ 2.90GHz,Intel
r6idn.8xlarge,us-east-1,use1-az5,3,1.0,1.0,1.0,3.12624,1.4308,54,r6idn,Memory,r,32.0,256.0,28956.5551,Intel(R) Xeon(R) Platinum 8375C CPU @ 2.90GHz,Intel(R) Xeon(R) Platinum 8375C CPU @ 2.90GHz,Intel
r6idn.8xlarge,us-east-1,use1-az6,3,20.0,30.0,1.0,3.12624,1.1742,62,r6idn,Memory,r,32.0,256.0,28956.5551,Intel(R) Xeon(R) Platinum 8375C CPU @ 2.90GHz,Intel(R) Xeon(R) Platinum 8375C CPU @ 2.90GHz,Intel
r6idn.large,us-east-1,use1-az1,3,5.0,5.0,3.0,0.19539,0.0739,62,r6idn,Memory,r,2.0,16.0,28922.4831,Intel(R) Xeon(R) Platinum 8375C CPU @ 2.90GHz,Intel(R) Xeon(R) Platinum 8375C CPU @ 2.90GHz,Intel
r6idn.large,us-east-1,use1-az2,3,5.0,10.0,3.0,0.19539,0.0707,63,r6idn,Memory,r,2.0,16.0,28922.4831,Intel(R) Xeon(R) Platinum 8375C CPU @ 2.90GHz,Intel(R) Xeon(R) Platinum 8375C CPU @ 2.90GHz,Intel
r6idn.large,us-east-1,use1-az4,3,10.0,15.0,3.0,0.19539,0.0738,62,r6idn,Memory,r,2.0,16.0,28922.4831,Intel(R) Xeon(R) Platinum 8375C CPU @ 2.90GHz,Intel(R) Xeon(R) Platinum 8375C CPU @ 2.90GHz,Intel
r6idn.large,us-east-1,use1-az5,3,5.0,10.0,3.0,0.19539,0.0776,60,r6idn,Memory,r,2.0,16.0,28922.4831,Intel(R) Xeon(R) Platinum 8375C CPU @ 2.90GHz,Intel(R) Xeon(R) Platinum 8375C CPU @ 2.90GHz,Intel
r6idn.large,us-east-1,use1-az6,3,10.0,15.0,3.0,0.19539,0.0728,62,r6idn,Memory,r,2.0,16.0,28922.4831,Intel(R) Xeon(R) Platinum 8375C CPU @ 2.90GHz,Intel(R) Xeon(R) Platinum 8375C CPU @ 2.90GHz,Intel
r6idn.xlarge,us-east-1,use1-az1,3,5.0,10.0,1.5,0.39078,0.1828,53,r6idn,Memory,r,4.0,32.0,29017.3107,Intel(R) Xeon(R) Platinum 8375C CPU @ 2.90GHz,Intel(R) Xeon(R) Platinum 8375C CPU @ 2.90GHz,Intel
r6idn.xlarge,us-east-1,use1-az2,3,5.0,5.0,1.5,0.39078,0.1798,53,r6idn,Memory,r,4.0,32.0,29017.3107,Intel(R) Xeon(R) Platinum 8375C CPU @ 2.90GHz,Intel(R) Xeon(R) Platinum 8375C CPU @ 2.90GHz,Intel
r6idn.xlarge,us-east-1,use1-az4,3,5.0,10.0,1.5,0.39078,0.1764,54,r6idn,Memory,r,4.0,32.0,29017.3107,Intel(R) Xeon(R) Platinum 8375C CPU @ 2.90GHz,Intel(R) Xeon(R) Platinum 8375C CPU @ 2.90GHz,Intel
r6idn.xlarge,us-east-1,use1-az5,3,1.0,1.0,1.5,0.39078,0.2066,47,r6idn,Memory,r,4.0,32.0,29017.3107,Intel(R) Xeon(R) Platinum 8375C CPU @ 2.90GHz,Intel(R) Xeon(R) Platinum 8375C CPU @ 2.90GHz,Intel
r6idn.xlarge,us-east-1,use1-az6,3,10.0,15.0,1.5,0.39078,0.191,51,r6idn,Memory,r,4.0,32.0,29017.3107,Intel(R) Xeon(R) Platinum 8375C CPU @ 2.90GHz,Intel(R) Xeon(R) Platinum 8375C CPU @ 2.90GHz,Intel
r6in.12xlarge,us-east-1,use1-az1,2,0.0,1.0,1.0,4.18392,1.7325,58,r6in,Memory,r,48.0,384.0,28999.8199294,Intel(R) Xeon(R) Platinum 8375C CPU @ 2.90GHz,Intel(R) Xeon(R) Platinum 8375C CPU @ 2.90GHz,Intel
r6in.12xlarge,us-east-1,use1-az2,3,1.0,1.0,1.0,4.18392,1.6783,59,r6in,Memory,r,48.0,384.0,28999.8199294,Intel(R) Xeon(R) Platinum 8375C CPU @ 2.90GHz,Intel(R) Xeon(R) Platinum 8375C CPU @ 2.90GHz,Intel
r6in.12xlarge,us-east-1,use1-az4,3,1.0,1.0,1.0,4.18392,1.7517,58,r6in,Memory,r,48.0,384.0,28999.8199294,Intel(R) Xeon(R) Platinum 8375C CPU @ 2.90GHz,Intel(R) Xeon(R) Platinum 8375C CPU @ 2.90GHz,Intel
r6in.12xlarge,us-east-1,use1-az5,1,0.0,0.0,1.0,4.18392,1.7638,57,r6in,Memory,r,48.0,384.0,28999.8199294,Intel(R) Xeon(R) Platinum 8375C CPU @ 2.90GHz,Intel(R) Xeon(R) Platinum 8375C CPU @ 2.90GHz,Intel
r6in.12xlarge,us-east-1,use1-az6,3,1.0,5.0,1.0,4.18392,1.6852,59,r6in,Memory,r,48.0,384.0,28999.8199294,Intel(R) Xeon(R) Platinum 8375C CPU @ 2.90GHz,Intel(R) Xeon(R) Platinum 8375C CPU @ 2.90GHz,Intel
r6in.16xlarge,us-east-1,use1-az1,3,1.0,5.0,1.0,5.57856,1.9961,64,r6in,Memory,r,64.0,512.0,29030.456523,Intel(R) Xeon(R) Platinum 8375C CPU @ 2.90GHz,Intel(R) Xeon(R) Platinum 8375C CPU @ 2.90GHz,Intel
r6in.16xlarge,us-east-1,use1-az2,3,10.0,15.0,1.0,5.57856,1.9891,64,r6in,Memory,r,64.0,512.0,29030.456523,Intel(R) Xeon(R) Platinum 8375C CPU @ 2.90GHz,Intel(R) Xeon(R) Platinum 8375C CPU @ 2.90GHz,Intel
r6in.16xlarge,us-east-1,use1-az4,3,1.0,1.0,1.0,5.57856,2.0567,63,r6in,Memory,r,64.0,512.0,29030.456523,Intel(R) Xeon(R) Platinum 8375C CPU @ 2.90GHz,Intel(R) Xeon(R) Platinum 8375C CPU @ 2.90GHz,Intel
r6in.16xlarge,us-east-1,use1-az5,3,1.0,1.0,1.0,5.57856,2.0835,62,r6in,Memory,r,64.0,512.0,29030.456523,Intel(R) Xeon(R) Platinum 8375C CPU @ 2.90GHz,Intel(R) Xeon(R) Platinum 8375C CPU @ 2.90GHz,Intel
r6in.16xlarge,us-east-1,use1-az6,3,30.0,35.0,1.0,5.57856,1.9021,65,r6in,Memory,r,64.0,512.0,29030.456523,Intel(R) Xeon(R) Platinum 8375C CPU @ 2.90GHz,Intel(R) Xeon(R) Platinum 8375C CPU @ 2.90GHz,Intel
r6in.24xlarge,us-east-1,use1-az1,1,0.0,0.0,1.0,8.36784,3.0357,63,r6in,Memory,r,96.0,768.0,29007.549157400004,Intel(R) Xeon(R) Platinum 8375C CPU @ 2.90GHz,Intel(R) Xeon(R) Platinum 8375C CPU @ 2.90GHz,Intel
r6in.24xlarge,us-east-1,use1-az2,1,0.0,0.0,1.0,8.36784,3.1888,61,r6in,Memory,r,96.0,768.0,29007.549157400004,Intel(R) Xeon(R) Platinum 8375C CPU @ 2.90GHz,Intel(R) Xeon(R) Platinum 8375C CPU @ 2.90GHz,Intel
r6in.24xlarge,us-east-1,use1-az4,3,1.0,1.0,1.0,8.36784,2.9465,64,r6in,Memory,r,96.0,768.0,29007.549157400004,Intel(R) Xeon(R) Platinum 8375C CPU @ 2.90GHz,Intel(R) Xeon(R) Platinum 8375C CPU @ 2.90GHz,Intel
r6in.24xlarge,us-east-1,use1-az5,2,0.0,1.0,1.0,8.36784,2.9291,64,r6in,Memory,r,96.0,768.0,29007.549157400004,Intel(R) Xeon(R) Platinum 8375C CPU @ 2.90GHz,Intel(R) Xeon(R) Platinum 8375C CPU @ 2.90GHz,Intel
r6in.24xlarge,us-east-1,use1-az6,2,0.0,1.0,1.0,8.36784,3.4852,58,r6in,Memory,r,96.0,768.0,29007.549157400004,Intel(R) Xeon(R) Platinum 8375C CPU @ 2.90GHz,Intel(R) Xeon(R) Platinum 8375C CPU @ 2.90GHz,Intel
r6in.2xlarge,us-east-1,use1-az1,3,5.0,5.0,1.0,0.69732,0.3151,54,r6in,Memory,r,8.0,64.0,29024.5758708,Intel(R) Xeon(R) Platinum 8375C CPU @ 2.90GHz,Intel(R) Xeon(R) Platinum 8375C CPU @ 2.90GHz,Intel
r6in.2xlarge,us-east-1,use1-az2,3,10.0,15.0,1.0,0.69732,0.3156,54,r6in,Memory,r,8.0,64.0,29024.5758708,Intel(R) Xeon(R) Platinum 8375C CPU @ 2.90GHz,Intel(R) Xeon(R) Platinum 8375C CPU @ 2.90GHz,Intel
r6in.2xlarge,us-east-1,use1-az4,3,5.0,10.0,1.0,0.69732,0.3565,48,r6in,Memory,r,8.0,64.0,29024.5758708,Intel(R) Xeon(R) Platinum 8375C CPU @ 2.90GHz,Intel(R) Xeon(R) Platinum 8375C CPU @ 2.90GHz,Intel
r6in.2xlarge,us-east-1,use1-az5,3,1.0,1.0,1.0,0.69732,0.3316,52,r6in,Memory,r,8.0,64.0,29024.5758708,Intel(R) Xeon(R) Platinum 8375C CPU @ 2.90GHz,Intel(R) Xeon(R) Platinum 8375C CPU @ 2.90GHz,Intel
r6in.2xlarge,us-east-1,use1-az6,3,15.0,20.0,1.0,0.69732,0.333,52,r6in,Memory,r,8.0,64.0,29024.5758708,Intel(R) Xeon(R) Platinum 8375C CPU @ 2.90GHz,Intel(R) Xeon(R) Platinum 8375C CPU @ 2.90GHz,Intel
r6in.32xlarge,us-east-1,use1-az1,1,0.0,0.0,1.0,11.15712,4.1771,62,r6in,Memory,r,128.0,1024.0,28971.875437800005,Intel(R) Xeon(R) Platinum 8375C CPU @ 2.90GHz,Intel(R) Xeon(R) Platinum 8375C CPU @ 2.90GHz,Intel
r6in.32xlarge,us-east-1,use1-az2,1,0.0,0.0,1.0,11.15712,4.1478,62,r6in,Memory,r,128.0,1024.0,28971.875437800005,Intel(R) Xeon(R) Platinum 8375C CPU @ 2.90GHz,Intel(R) Xeon(R) Platinum 8375C CPU @ 2.90GHz,Intel
r6in.32xlarge,us-east-1,use1-az4,1,0.0,0.0,1.0,11.15712,4.2904,61,r6in,Memory,r,128.0,1024.0,28971.875437800005,Intel(R) Xeon(R) Platinum 8375C CPU @ 2.90GHz,Intel(R) Xeon(R) Platinum 8375C CPU @ 2.90GHz,Intel
r6in.32xlarge,us-east-1,use1-az5,1,0.0,0.0,1.0,11.15712,4.8741,56,r6in,Memory,r,128.0,1024.0,28971.875437800005,Intel(R) Xeon(R) Platinum 8375C CPU @ 2.90GHz,Intel(R) Xeon(R) Platinum 8375C CPU @ 2.90GHz,Intel
r6in.32xlarge,us-east-1,use1-az6,1,0.0,0.0,1.0,11.15712,4.5218,59,r6in,Memory,r,128.0,1024.0,28971.875437800005,Intel(R) Xeon(R) Platinum 8375C CPU @ 2.90GHz,Intel(R) Xeon(R) Platinum 8375C CPU @ 2.90GHz,Intel
r6in.4xlarge,us-east-1,use1-az1,3,15.0,30.0,1.0,1.39464,0.6625,52,r6in,Memory,r,16.0,128.0,28981.0300328,Intel(R) Xeon(R) Platinum 8375C CPU @ 2.90GHz,Intel(R) Xeon(R) Platinum 8375C CPU @ 2.90GHz,Intel
r6in.4xlarge,us-east-1,use1-az2,3,30.0,50.0,1.0,1.39464,0.5495,60,r6in,Memory,r,16.0,128.0,28981.0300328,Intel(R) Xeon(R) Platinum 8375C CPU @ 2.90GHz,Intel(R) Xeon(R) Platinum 8375C CPU @ 2.90GHz,Intel
r6in.4xlarge,us-east-1,use1-az4,3,30.0,40.0,1.0,1.39464,0.6138,55,r6in,Memory,r,16.0,128.0,28981.0300328,Intel(R) Xeon(R) Platinum 8375C CPU @ 2.90GHz,Intel(R) Xeon(R) Platinum 8375C CPU @ 2.90GHz,Intel
r6in.4xlarge,us-east-1,use1-az5,3,15.0,25.0,1.0,1.39464,0.6767,51,r6in,Memory,r,16.0,128.0,28981.0300328,Intel(R) Xeon(R) Platinum 8375C CPU @ 2.90GHz,Intel(R) Xeon(R) Platinum 8375C CPU @ 2.90GHz,Intel
r6in.4xlarge,us-east-1,use1-az6,3,20.0,30.0,1.0,1.39464,0.9038,35,r6in,Memory,r,16.0,128.0,28981.0300328,Intel(R) Xeon(R) Platinum 8375C CPU @ 2.90GHz,Intel(R) Xeon(R) Platinum 8375C CPU @ 2.90GHz,Intel
r6in.8xlarge,us-east-1,use1-az1,3,5.0,10.0,1.0,2.78928,1.0758,61,r6in,Memory,r,32.0,256.0,28979.4757428,Intel(R) Xeon(R) Platinum 8375C CPU @ 2.90GHz,Intel(R) Xeon(R) Platinum 8375C CPU @ 2.90GHz,Intel
r6in.8xlarge,us-east-1,use1-az2,3,5.0,15.0,1.0,2.78928,1.064,61,r6in,Memory,r,32.0,256.0,28979.4757428,Intel(R) Xeon(R) Platinum 8375C CPU @ 2.90GHz,Intel(R) Xeon(R) Platinum 8375C CPU @ 2.90GHz,Intel
r6in.8xlarge,us-east-1,use1-az4,3,20.0,40.0,1.0,2.78928,1.0553,62,r6in,Memory,r,32.0,256.0,28979.4757428,Intel(R) Xeon(R) Platinum 8375C CPU @ 2.90GHz,Intel(R) Xeon(R) Platinum 8375C CPU @ 2.90GHz,Intel
r6in.8xlarge,us-east-1,use1-az5,3,1.0,1.0,1.0,2.78928,0.9732,65,r6in,Memory,r,32.0,256.0,28979.4757428,Intel(R) Xeon(R) Platinum 8375C CPU @ 2.90GHz,Intel(R) Xeon(R) Platinum 8375C CPU @ 2.90GHz,Intel
r6in.8xlarge,us-east-1,use1-az6,3,50.0,50.0,1.0,2.78928,0.978,64,r6in,Memory,r,32.0,256.0,28979.4757428,Intel(R) Xeon(R) Platinum 8375C CPU @ 2.90GHz,Intel(R) Xeon(R) Platinum 8375C CPU @ 2.90GHz,Intel
r6in.large,us-east-1,use1-az1,3,50.0,50.0,1.0,0.17433,0.0574,67,r6in,Memory,r,2.0,16.0,28982.6698086,Intel(R) Xeon(R) Platinum 8375C CPU @ 2.90GHz,Intel(R) Xeon(R) Platinum 8375C CPU @ 2.90GHz,Intel
r6in.large,us-east-1,use1-az2,3,50.0,50.0,1.0,0.17433,0.055,68,r6in,Memory,r,2.0,16.0,28982.6698086,Intel(R) Xeon(R) Platinum 8375C CPU @ 2.90GHz,Intel(R) Xeon(R) Platinum 8375C CPU @ 2.90GHz,Intel
r6in.large,us-east-1,use1-az4,3,50.0,50.0,1.0,0.17433,0.0555,68,r6in,Memory,r,2.0,16.0,28982.6698086,Intel(R) Xeon(R) Platinum 8375C CPU @ 2.90GHz,Intel(R) Xeon(R) Platinum 8375C CPU @ 2.90GHz,Intel
r6in.large,us-east-1,use1-az5,3,20.0,45.0,1.0,0.17433,0.057,67,r6in,Memory,r,2.0,16.0,28982.6698086,Intel(R) Xeon(R) Platinum 8375C CPU @ 2.90GHz,Intel(R) Xeon(R) Platinum 8375C CPU @ 2.90GHz,Intel
r6in.large,us-east-1,use1-az6,3,50.0,50.0,1.0,0.17433,0.0563,67,r6in,Memory,r,2.0,16.0,28982.6698086,Intel(R) Xeon(R) Platinum 8375C CPU @ 2.90GHz,Intel(R) Xeon(R) Platinum 8375C CPU @ 2.90GHz,Intel
r6in.xlarge,us-east-1,use1-az1,3,5.0,5.0,1.0,0.34866,0.1615,53,r6in,Memory,r,4.0,32.0,29002.831699,Intel(R) Xeon(R) Platinum 8375C CPU @ 2.90GHz,Intel(R) Xeon(R) Platinum 8375C CPU @ 2.90GHz,Intel
r6in.xlarge,us-east-1,use1-az2,3,1.0,5.0,1.0,0.34866,0.1472,57,r6in,Memory,r,4.0,32.0,29002.831699,Intel(R) Xeon(R) Platinum 8375C CPU @ 2.90GHz,Intel(R) Xeon(R) Platinum 8375C CPU @ 2.90GHz,Intel
r6in.xlarge,us-east-1,use1-az4,3,5.0,10.0,1.0,0.34866,0.1335,61,r6in,Memory,r,4.0,32.0,29002.831699,Intel(R) Xeon(R) Platinum 8375C CPU @ 2.90GHz,Intel(R) Xeon(R) Platinum 8375C CPU @ 2.90GHz,Intel
r6in.xlarge,us-east-1,use1-az5,2,0.0,1.0,1.0,0.34866,0.1777,49,r6in,Memory,r,4.0,32.0,29002.831699,Intel(R) Xeon(R) Platinum 8375C CPU @ 2.90GHz,Intel(R) Xeon(R) Platinum 8375C CPU @ 2.90GHz,Intel
r6in.xlarge,us-east-1,use1-az6,3,5.0,10.0,1.0,0.34866,0.1582,54,r6in,Memory,r,4.0,32.0,29002.831699,Intel(R) Xeon(R) Platinum 8375C CPU @ 2.90GHz,Intel(R) Xeon(R) Platinum 8375C CPU @ 2.90GHz,Intel
r7a.12xlarge,us-east-1,use1-az1,1,0.0,0.0,1.0,3.6516,1.5027,58,r7a,Memory,r,48.0,384.0,35594.098298,AMD EPYC 9R14,AMD EPYC 9R14,AuthenticAMD
r7a.12xlarge,us-east-1,use1-az2,3,15.0,25.0,1.0,3.6516,1.2155,66,r7a,Memory,r,48.0,384.0,35594.098298,AMD EPYC 9R14,AMD EPYC 9R14,AuthenticAMD
r7a.12xlarge,us-east-1,use1-az4,3,1.0,10.0,1.0,3.6516,1.3943,61,r7a,Memory,r,48.0,384.0,35594.098298,AMD EPYC 9R14,AMD EPYC 9R14,AuthenticAMD
r7a.12xlarge,us-east-1,use1-az5,1,0.0,0.0,1.0,3.6516,1.1656,68,r7a,Memory,r,48.0,384.0,35594.098298,AMD EPYC 9R14,AMD EPYC 9R14,AuthenticAMD
r7a.12xlarge,us-east-1,use1-az6,3,10.0,15.0,1.0,3.6516,1.2911,64,r7a,Memory,r,48.0,384.0,35594.098298,AMD EPYC 9R14,AMD EPYC 9R14,AuthenticAMD
r7a.16xlarge,us-east-1,use1-az1,3,1.0,10.0,1.0,4.8688,1.7902,63,r7a,Memory,r,64.0,512.0,35552.02395340001,AMD EPYC 9R14,AMD EPYC 9R14,AuthenticAMD
r7a.16xlarge,us-east-1,use1-az2,3,40.0,50.0,1.0,4.8688,1.6023,67,r7a,Memory,r,64.0,512.0,35552.02395340001,AMD EPYC 9R14,AMD EPYC 9R14,AuthenticAMD
r7a.16xlarge,us-east-1,use1-az4,3,50.0,50.0,1.0,4.8688,1.5809,67,r7a,Memory,r,64.0,512.0,35552.02395340001,AMD EPYC 9R14,AMD EPYC 9R14,AuthenticAMD
r7a.16xlarge,us-east-1,use1-az5,1,0.0,0.0,1.0,4.8688,1.7899,63,r7a,Memory,r,64.0,512.0,35552.02395340001,AMD EPYC 9R14,AMD EPYC 9R14,AuthenticAMD
r7a.16xlarge,us-east-1,use1-az6,3,50.0,50.0,1.0,4.8688,1.7059,64,r7a,Memory,r,64.0,512.0,35552.02395340001,AMD EPYC 9R14,AMD EPYC 9R14,AuthenticAMD
r7a.24xlarge,us-east-1,use1-az1,3,1.0,1.0,1.0,7.3032,2.586,64,r7a,Memory,r,96.0,768.0,35605.2477766,AMD EPYC 9R14,AMD EPYC 9R14,AuthenticAMD
r7a.24xlarge,us-east-1,use1-az2,3,15.0,30.0,1.0,7.3032,2.6499,63,r7a,Memory,r,96.0,768.0,35605.2477766,AMD EPYC 9R14,AMD EPYC 9R14,AuthenticAMD
r7a.24xlarge,us-east-1,use1-az4,3,20.0,25.0,1.0,7.3032,2.6413,63,r7a,Memory,r,96.0,768.0,35605.2477766,AMD EPYC 9R14,AMD EPYC 9R14,AuthenticAMD
r7a.24xlarge,us-east-1,use1-az5,1,0.0,0.0,1.0,7.3032,3.0712,57,r7a,Memory,r,96.0,768.0,35605.2477766,AMD EPYC 9R14,AMD EPYC 9R14,AuthenticAMD
r7a.24xlarge,us-east-1,use1-az6,3,25.0,35.0,1.0,7.3032,2.7252,62,r7a,Memory,r,96.0,768.0,35605.2477766,AMD EPYC 9R14,AMD EPYC 9R14,AuthenticAMD
r7a.2xlarge,us-east-1,use1-az1,3,50.0,50.0,1.5,0.6086,0.2545,58,r7a,Memory,r,8.0,64.0,35584.9629768,AMD EPYC 9R14,AMD EPYC 9R14,AuthenticAMD
r7a.2xlarge,us-east-1,use1-az2,3,50.0,50.0,1.5,0.6086,0.228,62,r7a,Memory,r,8.0,64.0,35584.9629768,AMD EPYC 9R14,AMD EPYC 9R14,AuthenticAMD
r7a.2xlarge,us-east-1,use1-az4,3,50.0,50.0,1.5,0.6086,0.2296,62,r7a,Memory,r,8.0,64.0,35584.9629768,AMD EPYC 9R14,AMD EPYC 9R14,AuthenticAMD
r7a.2xlarge,us-east-1,use1-az5,1,0.0,0.0,1.5,0.6086,0.2365,61,r7a,Memory,r,8.0,64.0,35584.9629768,AMD EPYC 9R14,AMD EPYC 9R14,AuthenticAMD
r7a.2xlarge,us-east-1,use1-az6,3,50.0,50.0,1.5,0.6086,0.2203,63,r7a,Memory,r,8.0,64.0,35584.9629768,AMD EPYC 9R14,AMD EPYC 9R14,AuthenticAMD
r7a.32xlarge,us-east-1,use1-az1,3,1.0,1.0,1.0,9.7376,3.404,65,r7a,Memory,r,128.0,1024.0,35624.4450724,AMD EPYC 9R14,AMD EPYC 9R14,AuthenticAMD
r7a.32xlarge,us-east-1,use1-az2,3,1.0,1.0,1.0,9.7376,3.1872,67,r7a,Memory,r,128.0,1024.0,35624.4450724,AMD EPYC 9R14,AMD EPYC 9R14,AuthenticAMD
r7a.32xlarge,us-east-1,use1-az4,3,10.0,15.0,1.0,9.7376,2.6404,72,r7a,Memory,r,128.0,1024.0,35624.4450724,AMD EPYC 9R14,AMD EPYC 9R14,AuthenticAMD
r7a.32xlarge,us-east-1,use1-az5,1,0.0,0.0,1.0,9.7376,3.6389,62,r7a,Memory,r,128.0,1024.0,35624.4450724,AMD EPYC 9R14,AMD EPYC 9R14,AuthenticAMD
r7a.32xlarge,us-east-1,use1-az6,3,30.0,50.0,1.0,9.7376,2.6835,72,r7a,Memory,r,128.0,1024.0,35624.4450724,AMD EPYC 9R14,AMD EPYC 9R14,AuthenticAMD
r7a.48xlarge,us-east-1,use1-az1,2,0.0,1.0,1.0,14.6064,4.827,66,r7a,Memory,r,192.0,1536.0,35643.6463564,AMD EPYC 9R14,AMD EPYC 9R14,AuthenticAMD
r7a.48xlarge,us-east-1,use1-az2,3,10.0,15.0,1.0,14.6064,4.5401,68,r7a,Memory,r,192.0,1536.0,35643.6463564,AMD EPYC 9R14,AMD EPYC 9R14,AuthenticAMD
r7a.48xlarge,us-east-1,use1-az4,3,25.0,30.0,1.0,14.6064,4.1163,71,r7a,Memory,r,192.0,1536.0,35643.6463564,AMD EPYC 9R14,AMD EPYC 9R14,AuthenticAMD
r7a.48xlarge,us-east-1,use1-az5,1,0.0,0.0,1.0,14.6064,14.6064,0,r7a,Memory,r,192.0,1536.0,35643.6463564,AMD EPYC 9R14,AMD EPYC 9R14,AuthenticAMD
r7a.48xlarge,us-east-1,use1-az6,3,45.0,50.0,1.0,14.6064,4.0197,72,r7a,Memory,r,192.0,1536.0,35643.6463564,AMD EPYC 9R14,AMD EPYC 9R14,AuthenticAMD
r7a.4xlarge,us-east-1,use1-az1,3,20.0,30.0,1.0,1.2172,0.5058,58,r7a,Memory,r,16.0,128.0,35601.1796332,AMD EPYC 9R14,AMD EPYC 9R14,AuthenticAMD
r7a.4xlarge,us-east-1,use1-az2,3,50.0,50.0,1.0,1.2172,0.4409,63,r7a,Memory,r,16.0,128.0,35601.1796332,AMD EPYC 9R14,AMD EPYC 9R14,AuthenticAMD
r7a.4xlarge,us-east-1,use1-az4,3,50.0,50.0,1.0,1.2172,0.4807,60,r7a,Memory,r,16.0,128.0,35601.1796332,AMD EPYC 9R14,AMD EPYC 9R14,AuthenticAMD
r7a.4xlarge,us-east-1,use1-az5,3,1.0,5.0,1.0,1.2172,0.5023,58,r7a,Memory,r,16.0,128.0,35601.1796332,AMD EPYC 9R14,AMD EPYC 9R14,AuthenticAMD
r7a.4xlarge,us-east-1,use1-az6,3,50.0,50.0,1.0,1.2172,0.4431,63,r7a,Memory,r,16.0,128.0,35601.1796332,AMD EPYC 9R14,AMD EPYC 9R14,AuthenticAMD
r7a.8xlarge,us-east-1,use1-az1,3,15.0,30.0,1.0,2.4344,0.8851,63,r7a,Memory,r,32.0,256.0,35566.829638,AMD EPYC 9R14,AMD EPYC 9R14,AuthenticAMD
r7a.8xlarge,us-east-1,use1-az2,3,50.0,50.0,1.0,2.4344,0.7372,69,r7a,Memory,r,32.0,256.0,35566.829638,AMD EPYC 9R14,AMD EPYC 9R14,AuthenticAMD
r7a.8xlarge,us-east-1,use1-az4,3,50.0,50.0,1.0,2.4344,0.7509,69,r7a,Memory,r,32.0,256.0,35566.829638,AMD EPYC 9R14,AMD EPYC 9R14,AuthenticAMD
r7a.8xlarge,us-east-1,use1-az5,1,0.0,0.0,1.0,2.4344,0.8375,65,r7a,Memory,r,32.0,256.0,35566.829638,AMD EPYC 9R14,AMD EPYC 9R14,AuthenticAMD
r7a.8xlarge,us-east-1,use1-az6,3,50.0,50.0,1.0,2.4344,0.7551,68,r7a,Memory,r,32.0,256.0,35566.829638,AMD EPYC 9R14,AMD EPYC 9R14,AuthenticAMD
r7a.large,us-east-1,use1-az1,3,45.0,50.0,3.0,0.15215,0.063,58,r7a,Memory,r,2.0,16.0,35626.7616784,AMD EPYC 9R14,AMD EPYC 9R14,AuthenticAMD
r7a.large,us-east-1,use1-az2,3,50.0,50.0,3.0,0.15215,0.0579,61,r7a,Memory,r,2.0,16.0,35626.7616784,AMD EPYC 9R14,AMD EPYC 9R14,AuthenticAMD
r7a.large,us-east-1,use1-az4,3,50.0,50.0,3.0,0.15215,0.0591,61,r7a,Memory,r,2.0,16.0,35626.7616784,AMD EPYC 9R14,AMD EPYC 9R14,AuthenticAMD
r7a.large,us-east-1,use1-az5,1,0.0,0.0,3.0,0.15215,0.0667,56,r7a,Memory,r,2.0,16.0,35626.7616784,AMD EPYC 9R14,AMD EPYC 9R14,AuthenticAMD
r7a.large,us-east-1,use1-az6,3,50.0,50.0,3.0,0.15215,0.0608,60,r7a,Memory,r,2.0,16.0,35626.7616784,AMD EPYC 9R14,AMD EPYC 9R14,AuthenticAMD
r7a.medium,us-east-1,use1-az1,3,50.0,50.0,2.5,0.07608,0.0306,59,r7a,Memory,r,1.0,8.0,35571.0988776,AMD EPYC 9R14,AMD EPYC 9R14,AuthenticAMD
r7a.medium,us-east-1,use1-az2,3,50.0,50.0,2.5,0.07608,0.031,59,r7a,Memory,r,1.0,8.0,35571.0988776,AMD EPYC 9R14,AMD EPYC 9R14,AuthenticAMD
r7a.medium,us-east-1,use1-az4,3,50.0,50.0,2.5,0.07608,0.0331,56,r7a,Memory,r,1.0,8.0,35571.0988776,AMD EPYC 9R14,AMD EPYC 9R14,AuthenticAMD
r7a.medium,us-east-1,use1-az5,1,0.0,0.0,2.5,0.07608,0.0336,55,r7a,Memory,r,1.0,8.0,35571.0988776,AMD EPYC 9R14,AMD EPYC 9R14,AuthenticAMD
r7a.medium,us-east-1,use1-az6,3,50.0,50.0,2.5,0.07608,0.0381,49,r7a,Memory,r,1.0,8.0,35571.0988776,AMD EPYC 9R14,AMD EPYC 9R14,AuthenticAMD
r7a.xlarge,us-east-1,use1-az1,3,35.0,50.0,2.0,0.3043,0.1413,53,r7a,Memory,r,4.0,32.0,35510.57794519999,AMD EPYC 9R14,AMD EPYC 9R14,AuthenticAMD
r7a.xlarge,us-east-1,use1-az2,3,50.0,50.0,2.0,0.3043,0.1076,64,r7a,Memory,r,4.0,32.0,35510.57794519999,AMD EPYC 9R14,AMD EPYC 9R14,AuthenticAMD
r7a.xlarge,us-east-1,use1-az4,3,50.0,50.0,2.0,0.3043,0.117,61,r7a,Memory,r,4.0,32.0,35510.57794519999,AMD EPYC 9R14,AMD EPYC 9R14,AuthenticAMD
r7a.xlarge,us-east-1,use1-az5,1,0.0,0.0,2.0,0.3043,0.1303,57,r7a,Memory,r,4.0,32.0,35510.57794519999,AMD EPYC 9R14,AMD EPYC 9R14,AuthenticAMD
r7a.xlarge,us-east-1,use1-az6,3,50.0,50.0,2.0,0.3043,0.1087,64,r7a,Memory,r,4.0,32.0,35510.57794519999,AMD EPYC 9R14,AMD EPYC 9R14,AuthenticAMD
r7g.12xlarge,us-east-1,use1-az1,3,20.0,30.0,1.0,2.5704,1.0284,59,r7g,Memory,r,48.0,384.0,24073.0669812,AWS Graviton3 Processor,AWS Graviton3 Processor,AWS
r7g.12xlarge,us-east-1,use1-az2,3,50.0,50.0,1.0,2.5704,1.0446,59,r7g,Memory,r,48.0,384.0,24073.0669812,AWS Graviton3 Processor,AWS Graviton3 Processor,AWS
r7g.12xlarge,us-east-1,use1-az4,3,45.0,50.0,1.0,2.5704,1.0727,58,r7g,Memory,r,48.0,384.0,24073.0669812,AWS Graviton3 Processor,AWS Graviton3 Processor,AWS
r7g.12xlarge,us-east-1,use1-az5,3,20.0,35.0,1.0,2.5704,1.1072,56,r7g,Memory,r,48.0,384.0,24073.0669812,AWS Graviton3 Processor,AWS Graviton3 Processor,AWS
r7g.12xlarge,us-east-1,use1-az6,3,50.0,50.0,1.0,2.5704,0.9949,61,r7g,Memory,r,48.0,384.0,24073.0669812,AWS Graviton3 Processor,AWS Graviton3 Processor,AWS
r7g.16xlarge,us-east-1,use1-az1,3,15.0,20.0,1.0,3.4272,1.068,68,r7g,Memory,r,64.0,512.0,24069.1302852,AWS Graviton3 Processor,AWS Graviton3 Processor,AWS
r7g.16xlarge,us-east-1,use1-az2,3,50.0,50.0,1.0,3.4272,1.1266,67,r7g,Memory,r,64.0,512.0,24069.1302852,AWS Graviton3 Processor,AWS Graviton3 Processor,AWS
r7g.16xlarge,us-east-1,use1-az4,3,50.0,50.0,1.0,3.4272,1.2043,64,r7g,Memory,r,64.0,512.0,24069.1302852,AWS Graviton3 Processor,AWS Graviton3 Processor,AWS
r7g.16xlarge,us-east-1,use1-az5,3,1.0,15.0,1.0,3.4272,1.0757,68,r7g,Memory,r,64.0,512.0,24069.1302852,AWS Graviton3 Processor,AWS Graviton3 Processor,AWS
r7g.16xlarge,us-east-1,use1-az6,3,50.0,50.0,1.0,3.4272,1.0703,68,r7g,Memory,r,64.0,512.0,24069.1302852,AWS Graviton3 Processor,AWS Graviton3 Processor,AWS
r7g.2xlarge,us-east-1,use1-az1,3,50.0,50.0,1.0,0.4284,0.1831,57,r7g,Memory,r,8.0,64.0,24077.3574614,AWS Graviton3 Processor,AWS Graviton3 Processor,AWS
r7g.2xlarge,us-east-1,use1-az2,3,50.0,50.0,1.0,0.4284,0.1797,58,r7g,Memory,r,8.0,64.0,24077.3574614,AWS Graviton3 Processor,AWS Graviton3 Processor,AWS
r7g.2xlarge,us-east-1,use1-az4,3,50.0,50.0,1.0,0.4284,0.1818,57,r7g,Memory,r,8.0,64.0,24077.3574614,AWS Graviton3 Processor,AWS Graviton3 Processor,AWS
r7g.2xlarge,us-east-1,use1-az5,3,1.0,1.0,1.0,0.4284,0.1856,56,r7g,Memory,r,8.0,64.0,24077.3574614,AWS Graviton3 Processor,AWS Graviton3 Processor,AWS
r7g.2xlarge,us-east-1,use1-az6,3,50.0,50.0,1.0,0.4284,0.1997,53,r7g,Memory,r,8.0,64.0,24077.3574614,AWS Graviton3 Processor,AWS Graviton3 Processor,AWS
r7g.4xlarge,us-east-1,use1-az1,3,50.0,50.0,1.0,0.8568,0.378,55,r7g,Memory,r,16.0,128.0,24077.0095074,AWS Graviton3 Processor,AWS Graviton3 Processor,AWS
r7g.4xlarge,us-east-1,use1-az2,3,50.0,50.0,1.0,0.8568,0.3684,57,r7g,Memory,r,16.0,128.0,24077.0095074,AWS Graviton3 Processor,AWS Graviton3 Processor,AWS
r7g.4xlarge,us-east-1,use1-az4,3,50.0,50.0,1.0,0.8568,0.4127,51,r7g,Memory,r,16.0,128.0,24077.0095074,AWS Graviton3 Processor,AWS Graviton3 Processor,AWS
r7g.4xlarge,us-east-1,use1-az5,3,40.0,45.0,1.0,0.8568,0.3798,55,r7g,Memory,r,16.0,128.0,24077.0095074,AWS Graviton3 Processor,AWS Graviton3 Processor,AWS
r7g.4xlarge,us-east-1,use1-az6,3,40.0,50.0,1.0,0.8568,0.3498,59,r7g,Memory,r,16.0,128.0,24077.0095074,AWS Graviton3 Processor,AWS Graviton3 Processor,AWS
r7g.8xlarge,us-east-1,use1-az1,3,30.0,40.0,1.0,1.7136,0.6324,63,r7g,Memory,r,32.0,256.0,24083.3886114,AWS Graviton3 Processor,AWS Graviton3 Processor,AWS
r7g.8xlarge,us-east-1,use1-az2,3,50.0,50.0,1.0,1.7136,0.6272,63,r7g,Memory,r,32.0,256.0,24083.3886114,AWS Graviton3 Processor,AWS Graviton3 Processor,AWS
r7g.8xlarge,us-east-1,use1-az4,3,50.0,50.0,1.0,1.7136,0.7075,58,r7g,Memory,r,32.0,256.0,24083.3886114,AWS Graviton3 Processor,AWS Graviton3 Processor,AWS
r7g.8xlarge,us-east-1,use1-az5,3,40.0,50.0,1.0,1.7136,0.6612,61,r7g,Memory,r,32.0,256.0,24083.3886114,AWS Graviton3 Processor,AWS Graviton3 Processor,AWS
r7g.8xlarge,us-east-1,use1-az6,3,50.0,50.0,1.0,1.7136,0.5993,65,r7g,Memory,r,32.0,256.0,24083.3886114,AWS Graviton3 Processor,AWS Graviton3 Processor,AWS
r7g.large,us-east-1,use1-az1,3,50.0,50.0,2.5,0.1071,0.0485,54,r7g,Memory,r,2.0,16.0,24079.6750146,AWS Graviton3 Processor,AWS Graviton3 Processor,AWS
r7g.large,us-east-1,use1-az2,3,50.0,50.0,2.5,0.1071,0.0452,57,r7g,Memory,r,2.0,16.0,24079.6750146,AWS Graviton3 Processor,AWS Graviton3 Processor,AWS
r7g.large,us-east-1,use1-az4,3,50.0,50.0,2.5,0.1071,0.0376,64,r7g,Memory,r,2.0,16.0,24079.6750146,AWS Graviton3 Processor,AWS Graviton3 Processor,AWS
r7g.large,us-east-1,use1-az5,3,50.0,50.0,2.5,0.1071,0.0395,63,r7g,Memory,r,2.0,16.0,24079.6750146,AWS Graviton3 Processor,AWS Graviton3 Processor,AWS
r7g.large,us-east-1,use1-az6,3,50.0,50.0,2.5,0.1071,0.0415,61,r7g,Memory,r,2.0,16.0,24079.6750146,AWS Graviton3 Processor,AWS Graviton3 Processor,AWS
r7g.medium,us-east-1,use1-az1,3,50.0,50.0,3.0,0.0536,0.0181,66,r7g,Memory,r,1.0,8.0,24085.4820246,AWS Graviton3 Processor,AWS Graviton3 Processor,AWS
r7g.medium,us-east-1,use1-az2,3,50.0,50.0,3.0,0.0536,0.0178,66,r7g,Memory,r,1.0,8.0,24085.4820246,AWS Graviton3 Processor,AWS Graviton3 Processor,AWS
r7g.medium,us-east-1,use1-az4,3,50.0,50.0,3.0,0.0536,0.0177,66,r7g,Memory,r,1.0,8.0,24085.4820246,AWS Graviton3 Processor,AWS Graviton3 Processor,AWS
r7g.medium,us-east-1,use1-az5,3,50.0,50.0,3.0,0.0536,0.0184,65,r7g,Memory,r,1.0,8.0,24085.4820246,AWS Graviton3 Processor,AWS Graviton3 Processor,AWS
r7g.medium,us-east-1,use1-az6,3,50.0,50.0,3.0,0.0536,0.017,68,r7g,Memory,r,1.0,8.0,24085.4820246,AWS Graviton3 Processor,AWS Graviton3 Processor,AWS
r7g.xlarge,us-east-1,use1-az1,3,50.0,50.0,1.5,0.2142,0.0733,65,r7g,Memory,r,4.0,32.0,24078.167410400005,AWS Graviton3 Processor,AWS Graviton3 Processor,AWS
r7g.xlarge,us-east-1,use1-az2,3,50.0,50.0,1.5,0.2142,0.0737,65,r7g,Memory,r,4.0,32.0,24078.167410400005,AWS Graviton3 Processor,AWS Graviton3 Processor,AWS
r7g.xlarge,us-east-1,use1-az4,3,50.0,50.0,1.5,0.2142,0.0855,60,r7g,Memory,r,4.0,32.0,24078.167410400005,AWS Graviton3 Processor,AWS Graviton3 Processor,AWS
r7g.xlarge,us-east-1,use1-az5,3,40.0,50.0,1.5,0.2142,0.0711,66,r7g,Memory,r,4.0,32.0,24078.167410400005,AWS Graviton3 Processor,AWS Graviton3 Processor,AWS
r7g.xlarge,us-east-1,use1-az6,3,50.0,50.0,1.5,0.2142,0.0908,57,r7g,Memory,r,4.0,32.0,24078.167410400005,AWS Graviton3 Processor,AWS Graviton3 Processor,AWS
r7gd.12xlarge,us-east-1,use1-az1,3,15.0,30.0,1.0,3.2659,1.1634,64,r7gd,Memory,r,48.0,384.0,24077.081,AWS Graviton3 Processor,AWS Graviton3 Processor,AWS
r7gd.12xlarge,us-east-1,use1-az2,3,25.0,40.0,1.0,3.2659,1.1293,65,r7gd,Memory,r,48.0,384.0,24077.081,AWS Graviton3 Processor,AWS Graviton3 Processor,AWS
r7gd.12xlarge,us-east-1,use1-az4,3,45.0,50.0,1.0,3.2659,1.0724,67,r7gd,Memory,r,48.0,384.0,24077.081,AWS Graviton3 Processor,AWS Graviton3 Processor,AWS
r7gd.12xlarge,us-east-1,use1-az5,3,15.0,20.0,1.0,3.2659,1.0621,67,r7gd,Memory,r,48.0,384.0,24077.081,AWS Graviton3 Processor,AWS Graviton3 Processor,AWS
r7gd.12xlarge,us-east-1,use1-az6,3,50.0,50.0,1.0,3.2659,1.0181,68,r7gd,Memory,r,48.0,384.0,24077.081,AWS Graviton3 Processor,AWS Graviton3 Processor,AWS
r7gd.16xlarge,us-east-1,use1-az1,3,50.0,50.0,1.5,4.3546,1.645,62,r7gd,Memory,r,64.0,512.0,24077.081,AWS Graviton3 Processor,AWS Graviton3 Processor,AWS
r7gd.16xlarge,us-east-1,use1-az2,3,50.0,50.0,1.5,4.3546,1.6377,62,r7gd,Memory,r,64.0,512.0,24077.081,AWS Graviton3 Processor,AWS Graviton3 Processor,AWS
r7gd.16xlarge,us-east-1,use1-az4,3,50.0,50.0,1.5,4.3546,1.6461,62,r7gd,Memory,r,64.0,512.0,24077.081,AWS Graviton3 Processor,AWS Graviton3 Processor,AWS
r7gd.16xlarge,us-east-1,use1-az5,3,25.0,40.0,1.5,4.3546,1.7958,58,r7gd,Memory,r,64.0,512.0,24077.081,AWS Graviton3 Processor,AWS Graviton3 Processor,AWS
r7gd.16xlarge,us-east-1,use1-az6,3,50.0,50.0,1.5,4.3546,1.3247,69,r7gd,Memory,r,64.0,512.0,24077.081,AWS Graviton3 Processor,AWS Graviton3 Processor,AWS
r7gd.2xlarge,us-east-1,use1-az1,3,10.0,15.0,1.0,0.5443,0.2907,46,r7gd,Memory,r,8.0,64.0,24082.4604,AWS Graviton3 Processor,AWS Graviton3 Processor,AWS
r7gd.2xlarge,us-east-1,use1-az2,3,1.0,10.0,1.0,0.5443,0.2915,46,r7gd,Memory,r,8.0,64.0,24082.4604,AWS Graviton3 Processor,AWS Graviton3 Processor,AWS
r7gd.2xlarge,us-east-1,use1-az4,3,15.0,15.0,1.0,0.5443,0.3071,43,r7gd,Memory,r,8.0,64.0,24082.4604,AWS Graviton3 Processor,AWS Graviton3 Processor,AWS
r7gd.2xlarge,us-east-1,use1-az5,3,15.0,25.0,1.0,0.5443,0.2292,57,r7gd,Memory,r,8.0,64.0,24082.4604,AWS Graviton3 Processor,AWS Graviton3 Processor,AWS
r7gd.2xlarge,us-east-1,use1-az6,3,20.0,30.0,1.0,0.5443,0.2952,45,r7gd,Memory,r,8.0,64.0,24082.4604,AWS Graviton3 Processor,AWS Graviton3 Processor,AWS
r7gd.4xlarge,us-east-1,use1-az1,3,35.0,50.0,1.0,1.0886,0.5581,48,r7gd,Memory,r,16.0,128.0,24077.081,AWS Graviton3 Processor,AWS Graviton3 Processor,AWS
r7gd.4xlarge,us-east-1,use1-az2,3,45.0,50.0,1.0,1.0886,0.5127,52,r7gd,Memory,r,16.0,128.0,24077.081,AWS Graviton3 Processor,AWS Graviton3 Processor,AWS
r7gd.4xlarge,us-east-1,use1-az4,3,35.0,50.0,1.0,1.0886,0.523,51,r7gd,Memory,r,16.0,128.0,24077.081,AWS Graviton3 Processor,AWS Graviton3 Processor,AWS
r7gd.4xlarge,us-east-1,use1-az5,3,15.0,30.0,1.0,1.0886,0.5443,50,r7gd,Memory,r,16.0,128.0,24077.081,AWS Graviton3 Processor,AWS Graviton3 Processor,AWS
r7gd.4xlarge,us-east-1,use1-az6,3,45.0,50.0,1.0,1.0886,0.5042,53,r7gd,Memory,r,16.0,128.0,24077.081,AWS Graviton3 Processor,AWS Graviton3 Processor,AWS
r7gd.8xlarge,us-east-1,use1-az1,3,20.0,30.0,1.0,2.1773,0.965,55,r7gd,Memory,r,32.0,256.0,24077.081,AWS Graviton3 Processor,AWS Graviton3 Processor,AWS
r7gd.8xlarge,us-east-1,use1-az2,3,50.0,50.0,1.0,2.1773,0.9359,57,r7gd,Memory,r,32.0,256.0,24077.081,AWS Graviton3 Processor,AWS Graviton3 Processor,AWS
r7gd.8xlarge,us-east-1,use1-az4,3,50.0,50.0,1.0,2.1773,0.8848,59,r7gd,Memory,r,32.0,256.0,24077.081,AWS Graviton3 Processor,AWS Graviton3 Processor,AWS
r7gd.8xlarge,us-east-1,use1-az5,3,5.0,15.0,1.0,2.1773,1.0691,50,r7gd,Memory,r,32.0,256.0,24077.081,AWS Graviton3 Processor,AWS Graviton3 Processor,AWS
r7gd.8xlarge,us-east-1,use1-az6,3,50.0,50.0,1.0,2.1773,0.7739,64,r7gd,Memory,r,32.0,256.0,24077.081,AWS Graviton3 Processor,AWS Graviton3 Processor,AWS
r7gd.large,us-east-1,use1-az1,3,10.0,20.0,2.5,0.1361,0.0538,60,r7gd,Memory,r,2.0,16.0,24093.7153,AWS Graviton3 Processor,AWS Graviton3 Processor,AWS
r7gd.large,us-east-1,use1-az2,3,25.0,40.0,2.5,0.1361,0.0511,62,r7gd,Memory,r,2.0,16.0,24093.7153,AWS Graviton3 Processor,AWS Graviton3 Processor,AWS
r7gd.large,us-east-1,use1-az4,3,50.0,50.0,2.5,0.1361,0.0529,61,r7gd,Memory,r,2.0,16.0,24093.7153,AWS Graviton3 Processor,AWS Graviton3 Processor,AWS
r7gd.large,us-east-1,use1-az5,3,10.0,15.0,2.5,0.1361,0.0469,65,r7gd,Memory,r,2.0,16.0,24093.7153,AWS Graviton3 Processor,AWS Graviton3 Processor,AWS
r7gd.large,us-east-1,use1-az6,3,15.0,20.0,2.5,0.1361,0.0599,55,r7gd,Memory,r,2.0,16.0,24093.7153,AWS Graviton3 Processor,AWS Graviton3 Processor,AWS
r7gd.medium,us-east-1,use1-az1,3,20.0,30.0,3.0,0.068,0.0261,61,r7gd,Memory,r,1.0,8.0,24077.081,AWS Graviton3 Processor,AWS Graviton3 Processor,AWS
r7gd.medium,us-east-1,use1-az2,3,30.0,45.0,3.0,0.068,0.0221,67,r7gd,Memory,r,1.0,8.0,24077.081,AWS Graviton3 Processor,AWS Graviton3 Processor,AWS
r7gd.medium,us-east-1,use1-az4,3,15.0,20.0,3.0,0.068,0.0229,66,r7gd,Memory,r,1.0,8.0,24077.081,AWS Graviton3 Processor,AWS Graviton3 Processor,AWS
r7gd.medium,us-east-1,use1-az5,3,15.0,20.0,3.0,0.068,0.023,66,r7gd,Memory,r,1.0,8.0,24077.081,AWS Graviton3 Processor,AWS Graviton3 Processor,AWS
r7gd.medium,us-east-1,use1-az6,3,15.0,25.0,3.0,0.068,0.0226,66,r7gd,Memory,r,1.0,8.0,24077.081,AWS Graviton3 Processor,AWS Graviton3 Processor,AWS
r7gd.xlarge,us-east-1,use1-az1,3,25.0,35.0,1.0,0.2722,0.1215,55,r7gd,Memory,r,4.0,32.0,24077.081,AWS Graviton3 Processor,AWS Graviton3 Processor,AWS
r7gd.xlarge,us-east-1,use1-az2,3,30.0,45.0,1.0,0.2722,0.1172,56,r7gd,Memory,r,4.0,32.0,24077.081,AWS Graviton3 Processor,AWS Graviton3 Processor,AWS
r7gd.xlarge,us-east-1,use1-az4,3,10.0,15.0,1.0,0.2722,0.1217,55,r7gd,Memory,r,4.0,32.0,24077.081,AWS Graviton3 Processor,AWS Graviton3 Processor,AWS
r7gd.xlarge,us-east-1,use1-az5,3,10.0,15.0,1.0,0.2722,0.1073,60,r7gd,Memory,r,4.0,32.0,24077.081,AWS Graviton3 Processor,AWS Graviton3 Processor,AWS
r7gd.xlarge,us-east-1,use1-az6,3,25.0,35.0,1.0,0.2722,0.1205,55,r7gd,Memory,r,4.0,32.0,24077.081,AWS Graviton3 Processor,AWS Graviton3 Processor,AWS
r7i.12xlarge,us-east-1,use1-az1,3,1.0,1.0,1.0,3.1752,1.208,61,r7i,Memory,r,48.0,384.0,34303.2326352,Intel(R) Xeon(R) Platinum 8488C,Intel(R) Xeon(R) Platinum 8488C,Intel
r7i.12xlarge,us-east-1,use1-az2,3,5.0,5.0,1.0,3.1752,1.3285,58,r7i,Memory,r,48.0,384.0,34303.2326352,Intel(R) Xeon(R) Platinum 8488C,Intel(R) Xeon(R) Platinum 8488C,Intel
r7i.12xlarge,us-east-1,use1-az4,3,1.0,1.0,1.0,3.1752,1.2884,59,r7i,Memory,r,48.0,384.0,34303.2326352,Intel(R) Xeon(R) Platinum 8488C,Intel(R) Xeon(R) Platinum 8488C,Intel
r7i.12xlarge,us-east-1,use1-az5,2,0.0,1.0,1.0,3.1752,1.2646,60,r7i,Memory,r,48.0,384.0,34303.2326352,Intel(R) Xeon(R) Platinum 8488C,Intel(R) Xeon(R) Platinum 8488C,Intel
r7i.12xlarge,us-east-1,use1-az6,3,1.0,5.0,1.0,3.1752,1.3305,58,r7i,Memory,r,48.0,384.0,34303.2326352,Intel(R) Xeon(R) Platinum 8488C,Intel(R) Xeon(R) Platinum 8488C,Intel
r7i.16xlarge,us-east-1,use1-az1,3,1.0,1.0,1.0,4.2336,1.3456,68,r7i,Memory,r,64.0,512.0,34294.7839738,Intel(R) Xeon(R) Platinum 8488C,Intel(R) Xeon(R) Platinum 8488C,Intel
r7i.16xlarge,us-east-1,use1-az2,3,10.0,45.0,1.0,4.2336,1.4075,66,r7i,Memory,r,64.0,512.0,34294.7839738,Intel(R) Xeon(R) Platinum 8488C,Intel(R) Xeon(R) Platinum 8488C,Intel
r7i.16xlarge,us-east-1,use1-az4,3,50.0,50.0,1.0,4.2336,1.4497,65,r7i,Memory,r,64.0,512.0,34294.7839738,Intel(R) Xeon(R) Platinum 8488C,Intel(R) Xeon(R) Platinum 8488C,Intel
r7i.16xlarge,us-east-1,use1-az5,3,5.0,10.0,1.0,4.2336,1.5885,62,r7i,Memory,r,64.0,512.0,34294.7839738,Intel(R) Xeon(R) Platinum 8488C,Intel(R) Xeon(R) Platinum 8488C,Intel
r7i.16xlarge,us-east-1,use1-az6,3,50.0,50.0,1.0,4.2336,1.3086,69,r7i,Memory,r,64.0,512.0,34294.7839738,Intel(R) Xeon(R) Platinum 8488C,Intel(R) Xeon(R) Platinum 8488C,Intel
r7i.24xlarge,us-east-1,use1-az1,2,0.0,1.0,2.0,6.3504,2.5285,60,r7i,Memory,r,96.0,768.0,34375.390687,Intel(R) Xeon(R) Platinum 8488C,Intel(R) Xeon(R) Platinum 8488C,Intel
r7i.24xlarge,us-east-1,use1-az2,3,1.0,1.0,2.0,6.3504,2.9479,53,r7i,Memory,r,96.0,768.0,34375.390687,Intel(R) Xeon(R) Platinum 8488C,Intel(R) Xeon(R) Platinum 8488C,Intel
r7i.24xlarge,us-east-1,use1-az4,3,1.0,5.0,2.0,6.3504,2.8416,55,r7i,Memory,r,96.0,768.0,34375.390687,Intel(R) Xeon(R) Platinum 8488C,Intel(R) Xeon(R) Platinum 8488C,Intel
r7i.24xlarge,us-east-1,use1-az5,3,1.0,1.0,2.0,6.3504,2.274,64,r7i,Memory,r,96.0,768.0,34375.390687,Intel(R) Xeon(R) Platinum 8488C,Intel(R) Xeon(R) Platinum 8488C,Intel
r7i.24xlarge,us-east-1,use1-az6,3,15.0,50.0,2.0,6.3504,2.4954,60,r7i,Memory,r,96.0,768.0,34375.390687,Intel(R) Xeon(R) Platinum 8488C,Intel(R) Xeon(R) Platinum 8488C,Intel
r7i.2xlarge,us-east-1,use1-az1,3,45.0,50.0,1.0,0.5292,0.2168,59,r7i,Memory,r,8.0,64.0,31225.026048,Intel(R) Xeon(R) Platinum 8488C,Intel(R) Xeon(R) Platinum 8488C,Intel
r7i.2xlarge,us-east-1,use1-az2,3,50.0,50.0,1.0,0.5292,0.2125,59,r7i,Memory,r,8.0,64.0,31225.026048,Intel(R) Xeon(R) Platinum 8488C,Intel(R) Xeon(R) Platinum 8488C,Intel
r7i.2xlarge,us-east-1,use1-az4,3,50.0,50.0,1.0,0.5292,0.1972,62,r7i,Memory,r,8.0,64.0,31225.026048,Intel(R) Xeon(R) Platinum 8488C,Intel(R) Xeon(R) Platinum 8488C,Intel
r7i.2xlarge,us-east-1,use1-az5,3,10.0,15.0,1.0,0.5292,0.2533,52,r7i,Memory,r,8.0,64.0,31225.026048,Intel(R) Xeon(R) Platinum 8488C,Intel(R) Xeon(R) Platinum 8488C,Intel
r7i.2xlarge,us-east-1,use1-az6,3,50.0,50.0,1.0,0.5292,0.2058,61,r7i,Memory,r,8.0,64.0,31225.026048,Intel(R) Xeon(R) Platinum 8488C,Intel(R) Xeon(R) Platinum 8488C,Intel
r7i.48xlarge,us-east-1,use1-az1,2,0.0,1.0,2.5,12.7008,9.8082,22,r7i,Memory,r,192.0,1536.0,34337.6371492,Intel(R) Xeon(R) Platinum 8488C,Intel(R) Xeon(R) Platinum 8488C,Intel
r7i.48xlarge,us-east-1,use1-az2,3,1.0,1.0,2.5,12.7008,4.2418,66,r7i,Memory,r,192.0,1536.0,34337.6371492,Intel(R) Xeon(R) Platinum 8488C,Intel(R) Xeon(R) Platinum 8488C,Intel
r7i.48xlarge,us-east-1,use1-az4,3,15.0,25.0,2.5,12.7008,6.9863,44,r7i,Memory,r,192.0,1536.0,34337.6371492,Intel(R) Xeon(R) Platinum 8488C,Intel(R) Xeon(R) Platinum 8488C,Intel
r7i.48xlarge,us-east-1,use1-az5,3,1.0,1.0,2.5,12.7008,4.9396,61,r7i,Memory,r,192.0,1536.0,34337.6371492,Intel(R) Xeon(R) Platinum 8488C,Intel(R) Xeon(R) Platinum 8488C,Intel
r7i.48xlarge,us-east-1,use1-az6,3,50.0,50.0,2.5,12.7008,6.5257,48,r7i,Memory,r,192.0,1536.0,34337.6371492,Intel(R) Xeon(R) Platinum 8488C,Intel(R) Xeon(R) Platinum 8488C,Intel
r7i.4xlarge,us-east-1,use1-az1,3,1.0,10.0,1.0,1.0584,0.4027,61,r7i,Memory,r,16.0,128.0,34601.8810342,Intel(R) Xeon(R) Platinum 8488C,Intel(R) Xeon(R) Platinum 8488C,Intel
r7i.4xlarge,us-east-1,use1-az2,3,50.0,50.0,1.0,1.0584,0.4151,60,r7i,Memory,r,16.0,128.0,34601.8810342,Intel(R) Xeon(R) Platinum 8488C,Intel(R) Xeon(R) Platinum 8488C,Intel
r7i.4xlarge,us-east-1,use1-az4,3,50.0,50.0,1.0,1.0584,0.4077,61,r7i,Memory,r,16.0,128.0,34601.8810342,Intel(R) Xeon(R) Platinum 8488C,Intel(R) Xeon(R) Platinum 8488C,Intel
r7i.4xlarge,us-east-1,use1-az5,3,1.0,5.0,1.0,1.0584,0.4274,59,r7i,Memory,r,16.0,128.0,34601.8810342,Intel(R) Xeon(R) Platinum 8488C,Intel(R) Xeon(R) Platinum 8488C,Intel
r7i.4xlarge,us-east-1,use1-az6,3,50.0,50.0,1.0,1.0584,0.3913,63,r7i,Memory,r,16.0,128.0,34601.8810342,Intel(R) Xeon(R) Platinum 8488C,Intel(R) Xeon(R) Platinum 8488C,Intel
r7i.8xlarge,us-east-1,use1-az1,3,1.0,5.0,1.0,2.1168,0.6855,67,r7i,Memory,r,32.0,256.0,34785.947861,Intel(R) Xeon(R) Platinum 8488C,Intel(R) Xeon(R) Platinum 8488C,Intel
r7i.8xlarge,us-east-1,use1-az2,3,5.0,45.0,1.0,2.1168,0.6961,67,r7i,Memory,r,32.0,256.0,34785.947861,Intel(R) Xeon(R) Platinum 8488C,Intel(R) Xeon(R) Platinum 8488C,Intel
r7i.8xlarge,us-east-1,use1-az4,3,45.0,50.0,1.0,2.1168,0.6618,68,r7i,Memory,r,32.0,256.0,34785.947861,Intel(R) Xeon(R) Platinum 8488C,Intel(R) Xeon(R) Platinum 8488C,Intel
r7i.8xlarge,us-east-1,use1-az5,3,5.0,10.0,1.0,2.1168,0.8332,60,r7i,Memory,r,32.0,256.0,34785.947861,Intel(R) Xeon(R) Platinum 8488C,Intel(R) Xeon(R) Platinum 8488C,Intel
r7i.8xlarge,us-east-1,use1-az6,3,50.0,50.0,1.0,2.1168,0.6935,67,r7i,Memory,r,32.0,256.0,34785.947861,Intel(R) Xeon(R) Platinum 8488C,Intel(R) Xeon(R) Platinum 8488C,Intel
r7i.large,us-east-1,use1-az1,3,50.0,50.0,3.0,0.1323,0.0487,63,r7i,Memory,r,2.0,16.0,34697.75583940001,Intel(R) Xeon(R) Platinum 8488C,Intel(R) Xeon(R) Platinum 8488C,Intel
r7i.large,us-east-1,use1-az2,3,50.0,50.0,3.0,0.1323,0.0515,61,r7i,Memory,r,2.0,16.0,34697.75583940001,Intel(R) Xeon(R) Platinum 8488C,Intel(R) Xeon(R) Platinum 8488C,Intel
r7i.large,us-east-1,use1-az4,3,50.0,50.0,3.0,0.1323,0.0539,59,r7i,Memory,r,2.0,16.0,34697.75583940001,Intel(R) Xeon(R) Platinum 8488C,Intel(R) Xeon(R) Platinum 8488C,Intel
r7i.large,us-east-1,use1-az5,3,10.0,10.0,3.0,0.1323,0.0479,63,r7i,Memory,r,2.0,16.0,34697.75583940001,Intel(R) Xeon(R) Platinum 8488C,Intel(R) Xeon(R) Platinum 8488C,Intel
r7i.large,us-east-1,use1-az6,3,50.0,50.0,3.0,0.1323,0.0487,63,r7i,Memory,r,2.0,16.0,34697.75583940001,Intel(R) Xeon(R) Platinum 8488C,Intel(R) Xeon(R) Platinum 8488C,Intel
r7i.xlarge,us-east-1,use1-az1,3,20.0,30.0,2.0,0.2646,0.1196,54,r7i,Memory,r,4.0,32.0,34301.1909938,Intel(R) Xeon(R) Platinum 8488C,Intel(R) Xeon(R) Platinum 8488C,Intel
r7i.xlarge,us-east-1,use1-az2,3,50.0,50.0,2.0,0.2646,0.097,63,r7i,Memory,r,4.0,32.0,34301.1909938,Intel(R) Xeon(R) Platinum 8488C,Intel(R) Xeon(R) Platinum 8488C,Intel
r7i.xlarge,us-east-1,use1-az4,3,50.0,50.0,2.0,0.2646,0.1122,57,r7i,Memory,r,4.0,32.0,34301.1909938,Intel(R) Xeon(R) Platinum 8488C,Intel(R) Xeon(R) Platinum 8488C,Intel
r7i.xlarge,us-east-1,use1-az5,3,1.0,5.0,2.0,0.2646,0.1172,55,r7i,Memory,r,4.0,32.0,34301.1909938,Intel(R) Xeon(R) Platinum 8488C,Intel(R) Xeon(R) Platinum 8488C,Intel
r7i.xlarge,us-east-1,use1-az6,3,50.0,50.0,2.0,0.2646,0.1074,59,r7i,Memory,r,4.0,32.0,34301.1909938,Intel(R) Xeon(R) Platinum 8488C,Intel(R) Xeon(R) Platinum 8488C,Intel
r7iz.12xlarge,us-east-1,use1-az1,1,0.0,0.0,1.0,4.464,1.847,58,r7iz,Memory,r,48.0,384.0,35860.09764139999,Intel(R) Xeon(R) Gold 6455B,Intel(R) Xeon(R) Platinum 8488C,Intel
r7iz.12xlarge,us-east-1,use1-az2,1,0.0,0.0,1.0,4.464,1.9259,56,r7iz,Memory,r,48.0,384.0,35860.09764139999,Intel(R) Xeon(R) Gold 6455B,Intel(R) Xeon(R) Platinum 8488C,Intel
r7iz.12xlarge,us-east-1,use1-az4,3,1.0,1.0,1.0,4.464,2.0542,53,r7iz,Memory,r,48.0,384.0,35860.09764139999,Intel(R) Xeon(R) Gold 6455B,Intel(R) Xeon(R) Platinum 8488C,Intel
r7iz.12xlarge,us-east-1,use1-az5,1,0.0,0.0,1.0,4.464,1.6543,62,r7iz,Memory,r,48.0,384.0,35860.09764139999,Intel(R) Xeon(R) Gold 6455B,Intel(R) Xeon(R) Platinum 8488C,Intel
r7iz.12xlarge,us-east-1,use1-az6,2,0.0,1.0,1.0,4.464,1.7741,60,r7iz,Memory,r,48.0,384.0,35860.09764139999,Intel(R) Xeon(R) Gold 6455B,Intel(R) Xeon(R) Platinum 8488C,Intel
r7iz.16xlarge,us-east-1,use1-az1,1,0.0,0.0,1.0,5.952,2.2437,62,r7iz,Memory,r,64.0,512.0,35871.1167232,Intel(R) Xeon(R) Gold 6455B,Intel(R) Xeon(R) Platinum 8488C,Intel
r7iz.16xlarge,us-east-1,use1-az2,3,10.0,20.0,1.0,5.952,2.036,65,r7iz,Memory,r,64.0,512.0,35871.1167232,Intel(R) Xeon(R) Gold 6455B,Intel(R) Xeon(R) Platinum 8488C,Intel
r7iz.16xlarge,us-east-1,use1-az4,1,0.0,0.0,1.0,5.952,2.1742,63,r7iz,Memory,r,64.0,512.0,35871.1167232,Intel(R) Xeon(R) Gold 6455B,Intel(R) Xeon(R) Platinum 8488C,Intel
r7iz.16xlarge,us-east-1,use1-az5,3,1.0,1.0,1.0,5.952,2.1257,64,r7iz,Memory,r,64.0,512.0,35871.1167232,Intel(R) Xeon(R) Gold 6455B,Intel(R) Xeon(R) Platinum 8488C,Intel
r7iz.16xlarge,us-east-1,use1-az6,3,1.0,1.0,1.0,5.952,2.0473,65,r7iz,Memory,r,64.0,512.0,35871.1167232,Intel(R) Xeon(R) Gold 6455B,Intel(R) Xeon(R) Platinum 8488C,Intel
r7iz.2xlarge,us-east-1,use1-az1,3,1.0,1.0,1.0,0.744,0.326,56,r7iz,Memory,r,8.0,64.0,35854.9903118,Intel(R) Xeon(R) Gold 6455B,Intel(R) Xeon(R) Platinum 8488C,Intel
r7iz.2xlarge,us-east-1,use1-az2,3,1.0,1.0,1.0,0.744,0.3158,57,r7iz,Memory,r,8.0,64.0,35854.9903118,Intel(R) Xeon(R) Gold 6455B,Intel(R) Xeon(R) Platinum 8488C,Intel
r7iz.2xlarge,us-east-1,use1-az4,3,1.0,1.0,1.0,0.744,0.2972,60,r7iz,Memory,r,8.0,64.0,35854.9903118,Intel(R) Xeon(R) Gold 6455B,Intel(R) Xeon(R) Platinum 8488C,Intel
r7iz.2xlarge,us-east-1,use1-az5,3,1.0,1.0,1.0,0.744,0.3863,48,r7iz,Memory,r,8.0,64.0,35854.9903118,Intel(R) Xeon(R) Gold 6455B,Intel(R) Xeon(R) Platinum 8488C,Intel
r7iz.2xlarge,us-east-1,use1-az6,3,1.0,1.0,1.0,0.744,0.3165,57,r7iz,Memory,r,8.0,64.0,35854.9903118,Intel(R) Xeon(R) Gold 6455B,Intel(R) Xeon(R) Platinum 8488C,Intel
r7iz.32xlarge,us-east-1,use1-az1,2,0.0,1.0,1.0,11.904,4.782,59,r7iz,Memory,r,128.0,1024.0,35912.8514916,Intel(R) Xeon(R) Gold 6455B,Intel(R) Xeon(R) Platinum 8488C,Intel
r7iz.32xlarge,us-east-1,use1-az2,3,1.0,1.0,1.0,11.904,4.8688,59,r7iz,Memory,r,128.0,1024.0,35912.8514916,Intel(R) Xeon(R) Gold 6455B,Intel(R) Xeon(R) Platinum 8488C,Intel
r7iz.32xlarge,us-east-1,use1-az4,3,5.0,10.0,1.0,11.904,4.7141,60,r7iz,Memory,r,128.0,1024.0,35912.8514916,Intel(R) Xeon(R) Gold 6455B,Intel(R) Xeon(R) Platinum 8488C,Intel
r7iz.32xlarge,us-east-1,use1-az5,1,0.0,0.0,1.0,11.904,5.7634,51,r7iz,Memory,r,128.0,1024.0,35912.8514916,Intel(R) Xeon(R) Gold 6455B,Intel(R) Xeon(R) Platinum 8488C,Intel
r7iz.32xlarge,us-east-1,use1-az6,3,1.0,5.0,1.0,11.904,4.9557,58,r7iz,Memory,r,128.0,1024.0,35912.8514916,Intel(R) Xeon(R) Gold 6455B,Intel(R) Xeon(R) Platinum 8488C,Intel
r7iz.4xlarge,us-east-1,use1-az1,3,1.0,1.0,1.0,1.488,0.6911,53,r7iz,Memory,r,16.0,128.0,35862.87535839999,Intel(R) Xeon(R) Gold 6455B,Intel(R) Xeon(R) Platinum 8488C,Intel
r7iz.4xlarge,us-east-1,use1-az2,3,5.0,10.0,1.0,1.488,0.6452,56,r7iz,Memory,r,16.0,128.0,35862.87535839999,Intel(R) Xeon(R) Gold 6455B,Intel(R) Xeon(R) Platinum 8488C,Intel
r7iz.4xlarge,us-east-1,use1-az4,3,1.0,5.0,1.0,1.488,0.6605,55,r7iz,Memory,r,16.0,128.0,35862.87535839999,Intel(R) Xeon(R) Gold 6455B,Intel(R) Xeon(R) Platinum 8488C,Intel
r7iz.4xlarge,us-east-1,use1-az5,3,1.0,1.0,1.0,1.488,0.7669,48,r7iz,Memory,r,16.0,128.0,35862.87535839999,Intel(R) Xeon(R) Gold 6455B,Intel(R) Xeon(R) Platinum 8488C,Intel
r7iz.4xlarge,us-east-1,use1-az6,3,1.0,5.0,1.0,1.488,0.6164,58,r7iz,Memory,r,16.0,128.0,35862.87535839999,Intel(R) Xeon(R) Gold 6455B,Intel(R) Xeon(R) Platinum 8488C,Intel
r7iz.8xlarge,us-east-1,use1-az1,3,1.0,1.0,1.0,2.976,1.2743,57,r7iz,Memory,r,32.0,256.0,35866.3119806,Intel(R) Xeon(R) Gold 6455B,Intel(R) Xeon(R) Platinum 8488C,Intel
r7iz.8xlarge,us-east-1,use1-az2,3,5.0,15.0,1.0,2.976,1.0902,63,r7iz,Memory,r,32.0,256.0,35866.3119806,Intel(R) Xeon(R) Gold 6455B,Intel(R) Xeon(R) Platinum 8488C,Intel
r7iz.8xlarge,us-east-1,use1-az4,1,0.0,0.0,1.0,2.976,1.2049,59,r7iz,Memory,r,32.0,256.0,35866.3119806,Intel(R) Xeon(R) Gold 6455B,Intel(R) Xeon(R) Platinum 8488C,Intel
r7iz.8xlarge,us-east-1,use1-az5,3,1.0,1.0,1.0,2.976,1.1695,60,r7iz,Memory,r,32.0,256.0,35866.3119806,Intel(R) Xeon(R) Gold 6455B,Intel(R) Xeon(R) Platinum 8488C,Intel
r7iz.8xlarge,us-east-1,use1-az6,3,15.0,20.0,1.0,2.976,1.1239,62,r7iz,Memory,r,32.0,256.0,35866.3119806,Intel(R) Xeon(R) Gold 6455B,Intel(R) Xeon(R) Platinum 8488C,Intel
r7iz.large,us-east-1,use1-az1,3,15.0,15.0,2.5,0.186,0.0668,64,r7iz,Memory,r,2.0,16.0,35805.645069000006,Intel(R) Xeon(R) Gold 6455B,Intel(R) Xeon(R) Platinum 8488C,Intel
r7iz.large,us-east-1,use1-az2,3,5.0,15.0,2.5,0.186,0.0662,64,r7iz,Memory,r,2.0,16.0,35805.645069000006,Intel(R) Xeon(R) Gold 6455B,Intel(R) Xeon(R) Platinum 8488C,Intel
r7iz.large,us-east-1,use1-az4,3,5.0,5.0,2.5,0.186,0.0634,65,r7iz,Memory,r,2.0,16.0,35805.645069000006,Intel(R) Xeon(R) Gold 6455B,Intel(R) Xeon(R) Platinum 8488C,Intel
r7iz.large,us-east-1,use1-az5,3,15.0,25.0,2.5,0.186,0.0613,67,r7iz,Memory,r,2.0,16.0,35805.645069000006,Intel(R) Xeon(R) Gold 6455B,Intel(R) Xeon(R) Platinum 8488C,Intel
r7iz.large,us-east-1,use1-az6,3,5.0,5.0,2.5,0.186,0.0703,62,r7iz,Memory,r,2.0,16.0,35805.645069000006,Intel(R) Xeon(R) Gold 6455B,Intel(R) Xeon(R) Platinum 8488C,Intel
r7iz.xlarge,us-east-1,use1-az1,3,1.0,1.0,1.0,0.372,0.152,59,r7iz,Memory,r,4.0,32.0,35764.321865599995,Intel(R) Xeon(R) Gold 6455B,Intel(R) Xeon(R) Platinum 8488C,Intel
r7iz.xlarge,us-east-1,use1-az2,3,1.0,5.0,1.0,0.372,0.1457,60,r7iz,Memory,r,4.0,32.0,35764.321865599995,Intel(R) Xeon(R) Gold 6455B,Intel(R) Xeon(R) Platinum 8488C,Intel
r7iz.xlarge,us-east-1,use1-az4,3,1.0,5.0,1.0,0.372,0.1512,59,r7iz,Memory,r,4.0,32.0,35764.321865599995,Intel(R) Xeon(R) Gold 6455B,Intel(R) Xeon(R) Platinum 8488C,Intel
r7iz.xlarge,us-east-1,use1-az5,3,1.0,1.0,1.0,0.372,0.1543,58,r7iz,Memory,r,4.0,32.0,35764.321865599995,Intel(R) Xeon(R) Gold 6455B,Intel(R) Xeon(R) Platinum 8488C,Intel
r7iz.xlarge,us-east-1,use1-az6,3,1.0,5.0,1.0,0.372,0.1364,63,r7iz,Memory,r,4.0,32.0,35764.321865599995,Intel(R) Xeon(R) Gold 6455B,Intel(R) Xeon(R) Platinum 8488C,Intel
r8g.12xlarge,us-east-1,use1-az1,3,1.0,1.0,1.0,2.82768,1.0301,63,r8g,Memory,r,48.0,384.0,28983.8286316,AWS Graviton4 Processor,AWS Graviton4 Processor,AWS
r8g.12xlarge,us-east-1,use1-az2,3,1.0,5.0,1.0,2.82768,1.0477,62,r8g,Memory,r,48.0,384.0,28983.8286316,AWS Graviton4 Processor,AWS Graviton4 Processor,AWS
r8g.12xlarge,us-east-1,use1-az4,3,1.0,1.0,1.0,2.82768,0.9334,66,r8g,Memory,r,48.0,384.0,28983.8286316,AWS Graviton4 Processor,AWS Graviton4 Processor,AWS
r8g.12xlarge,us-east-1,use1-az5,1,0.0,0.0,1.0,2.82768,0.9817,65,r8g,Memory,r,48.0,384.0,28983.8286316,AWS Graviton4 Processor,AWS Graviton4 Processor,AWS
r8g.12xlarge,us-east-1,use1-az6,3,1.0,1.0,1.0,2.82768,0.9633,65,r8g,Memory,r,48.0,384.0,28983.8286316,AWS Graviton4 Processor,AWS Graviton4 Processor,AWS
r8g.16xlarge,us-east-1,use1-az1,3,15.0,25.0,1.0,3.77024,1.2175,67,r8g,Memory,r,64.0,512.0,28983.8286316,AWS Graviton4 Processor,AWS Graviton4 Processor,AWS
r8g.16xlarge,us-east-1,use1-az2,3,50.0,50.0,1.0,3.77024,1.349,64,r8g,Memory,r,64.0,512.0,28983.8286316,AWS Graviton4 Processor,AWS Graviton4 Processor,AWS
r8g.16xlarge,us-east-1,use1-az4,3,1.0,10.0,1.0,3.77024,1.3025,65,r8g,Memory,r,64.0,512.0,28983.8286316,AWS Graviton4 Processor,AWS Graviton4 Processor,AWS
r8g.16xlarge,us-east-1,use1-az5,3,15.0,20.0,1.0,3.77024,1.3394,64,r8g,Memory,r,64.0,512.0,28983.8286316,AWS Graviton4 Processor,AWS Graviton4 Processor,AWS
r8g.16xlarge,us-east-1,use1-az6,3,50.0,50.0,1.0,3.77024,1.1649,69,r8g,Memory,r,64.0,512.0,28983.8286316,AWS Graviton4 Processor,AWS Graviton4 Processor,AWS
r8g.24xlarge,us-east-1,use1-az1,3,1.0,1.0,1.0,5.65536,1.7809,68,r8g,Memory,r,96.0,768.0,28987.1890368,AWS Graviton4 Processor,AWS Graviton4 Processor,AWS
r8g.24xlarge,us-east-1,use1-az2,3,30.0,40.0,1.0,5.65536,1.7563,68,r8g,Memory,r,96.0,768.0,28987.1890368,AWS Graviton4 Processor,AWS Graviton4 Processor,AWS
r8g.24xlarge,us-east-1,use1-az4,3,1.0,1.0,1.0,5.65536,1.8691,66,r8g,Memory,r,96.0,768.0,28987.1890368,AWS Graviton4 Processor,AWS Graviton4 Processor,AWS
r8g.24xlarge,us-east-1,use1-az5,3,1.0,1.0,1.0,5.65536,1.8978,66,r8g,Memory,r,96.0,768.0,28987.1890368,AWS Graviton4 Processor,AWS Graviton4 Processor,AWS
r8g.24xlarge,us-east-1,use1-az6,3,1.0,10.0,1.0,5.65536,1.7035,69,r8g,Memory,r,96.0,768.0,28987.1890368,AWS Graviton4 Processor,AWS Graviton4 Processor,AWS
r8g.2xlarge,us-east-1,use1-az1,3,15.0,20.0,1.0,0.47128,0.1902,59,r8g,Memory,r,8.0,64.0,28989.37286,AWS Graviton4 Processor,AWS Graviton4 Processor,AWS
r8g.2xlarge,us-east-1,use1-az2,3,30.0,45.0,1.0,0.47128,0.1886,59,r8g,Memory,r,8.0,64.0,28989.37286,AWS Graviton4 Processor,AWS Graviton4 Processor,AWS
r8g.2xlarge,us-east-1,use1-az4,3,15.0,25.0,1.0,0.47128,0.2078,55,r8g,Memory,r,8.0,64.0,28989.37286,AWS Graviton4 Processor,AWS Graviton4 Processor,AWS
r8g.2xlarge,us-east-1,use1-az5,3,1.0,10.0,1.0,0.47128,0.1992,57,r8g,Memory,r,8.0,64.0,28989.37286,AWS Graviton4 Processor,AWS Graviton4 Processor,AWS
r8g.2xlarge,us-east-1,use1-az6,3,50.0,50.0,1.0,0.47128,0.1981,57,r8g,Memory,r,8.0,64.0,28989.37286,AWS Graviton4 Processor,AWS Graviton4 Processor,AWS
r8g.48xlarge,us-east-1,use1-az1,3,1.0,1.0,2.0,11.31072,3.7928,66,r8g,Memory,r,192.0,1536.0,28983.8286316,AWS Graviton4 Processor,AWS Graviton4 Processor,AWS
r8g.48xlarge,us-east-1,use1-az2,3,50.0,50.0,2.0,11.31072,3.9763,64,r8g,Memory,r,192.0,1536.0,28983.8286316,AWS Graviton4 Processor,AWS Graviton4 Processor,AWS
r8g.48xlarge,us-east-1,use1-az4,3,35.0,50.0,2.0,11.31072,3.814,66,r8g,Memory,r,192.0,1536.0,28983.8286316,AWS Graviton4 Processor,AWS Graviton4 Processor,AWS
r8g.48xlarge,us-east-1,use1-az5,3,10.0,15.0,2.0,11.31072,3.5823,68,r8g,Memory,r,192.0,1536.0,28983.8286316,AWS Graviton4 Processor,AWS Graviton4 Processor,AWS
r8g.48xlarge,us-east-1,use1-az6,3,15.0,20.0,2.0,11.31072,3.9953,64,r8g,Memory,r,192.0,1536.0,28983.8286316,AWS Graviton4 Processor,AWS Graviton4 Processor,AWS
r8g.4xlarge,us-east-1,use1-az1,3,10.0,15.0,1.0,0.94256,0.3909,58,r8g,Memory,r,16.0,128.0,28981.14998,AWS Graviton4 Processor,AWS Graviton4 Processor,AWS
r8g.4xlarge,us-east-1,use1-az2,3,20.0,25.0,1.0,0.94256,0.3652,61,r8g,Memory,r,16.0,128.0,28981.14998,AWS Graviton4 Processor,AWS Graviton4 Processor,AWS
r8g.4xlarge,us-east-1,use1-az4,3,25.0,35.0,1.0,0.94256,0.3499,62,r8g,Memory,r,16.0,128.0,28981.14998,AWS Graviton4 Processor,AWS Graviton4 Processor,AWS
r8g.4xlarge,us-east-1,use1-az5,3,1.0,10.0,1.0,0.94256,0.3881,58,r8g,Memory,r,16.0,128.0,28981.14998,AWS Graviton4 Processor,AWS Graviton4 Processor,AWS
r8g.4xlarge,us-east-1,use1-az6,3,30.0,50.0,1.0,0.94256,0.3843,59,r8g,Memory,r,16.0,128.0,28981.14998,AWS Graviton4 Processor,AWS Graviton4 Processor,AWS
r8g.8xlarge,us-east-1,use1-az1,3,5.0,10.0,1.0,1.88512,0.6858,63,r8g,Memory,r,32.0,256.0,28952.40156,AWS Graviton4 Processor,AWS Graviton4 Processor,AWS
r8g.8xlarge,us-east-1,use1-az2,3,50.0,50.0,1.0,1.88512,0.6283,66,r8g,Memory,r,32.0,256.0,28952.40156,AWS Graviton4 Processor,AWS Graviton4 Processor,AWS
r8g.8xlarge,us-east-1,use1-az4,3,20.0,25.0,1.0,1.88512,0.6255,66,r8g,Memory,r,32.0,256.0,28952.40156,AWS Graviton4 Processor,AWS Graviton4 Processor,AWS
r8g.8xlarge,us-east-1,use1-az5,3,20.0,30.0,1.0,1.88512,0.5885,68,r8g,Memory,r,32.0,256.0,28952.40156,AWS Graviton4 Processor,AWS Graviton4 Processor,AWS
r8g.8xlarge,us-east-1,use1-az6,3,50.0,50.0,1.0,1.88512,0.5973,68,r8g,Memory,r,32.0,256.0,28952.40156,AWS Graviton4 Processor,AWS Graviton4 Processor,AWS
r8g.large,us-east-1,use1-az1,3,10.0,10.0,1.5,0.11782,0.0463,60,r8g,Memory,r,2.0,16.0,28983.32312,AWS Graviton4 Processor,AWS Graviton4 Processor,AWS
r8g.large,us-east-1,use1-az2,3,20.0,35.0,1.5,0.11782,0.0436,62,r8g,Memory,r,2.0,16.0,28983.32312,AWS Graviton4 Processor,AWS Graviton4 Processor,AWS
r8g.large,us-east-1,use1-az4,3,20.0,30.0,1.5,0.11782,0.0398,66,r8g,Memory,r,2.0,16.0,28983.32312,AWS Graviton4 Processor,AWS Graviton4 Processor,AWS
r8g.large,us-east-1,use1-az5,3,10.0,10.0,1.5,0.11782,0.0422,64,r8g,Memory,r,2.0,16.0,28983.32312,AWS Graviton4 Processor,AWS Graviton4 Processor,AWS
r8g.large,us-east-1,use1-az6,3,50.0,50.0,1.5,0.11782,0.0427,63,r8g,Memory,r,2.0,16.0,28983.32312,AWS Graviton4 Processor,AWS Graviton4 Processor,AWS
r8g.medium,us-east-1,use1-az1,3,20.0,35.0,1.0,0.05891,0.0198,66,r8g,Memory,r,1.0,8.0,28979.47845,AWS Graviton4 Processor,AWS Graviton4 Processor,AWS
r8g.medium,us-east-1,use1-az2,3,40.0,50.0,1.0,0.05891,0.0188,68,r8g,Memory,r,1.0,8.0,28979.47845,AWS Graviton4 Processor,AWS Graviton4 Processor,AWS
r8g.medium,us-east-1,use1-az4,3,10.0,20.0,1.0,0.05891,0.0196,66,r8g,Memory,r,1.0,8.0,28979.47845,AWS Graviton4 Processor,AWS Graviton4 Processor,AWS
r8g.medium,us-east-1,use1-az5,3,25.0,35.0,1.0,0.05891,0.0196,66,r8g,Memory,r,1.0,8.0,28979.47845,AWS Graviton4 Processor,AWS Graviton4 Processor,AWS
r8g.medium,us-east-1,use1-az6,3,35.0,50.0,1.0,0.05891,0.0172,70,r8g,Memory,r,1.0,8.0,28979.47845,AWS Graviton4 Processor,AWS Graviton4 Processor,AWS
r8g.metal-24xl,us-east-1,use1-az1,1,0.0,0.0,1.0,5.65536,1.6436,70,r8g,Memory,r,96.0,768.0,29003.97921,,,AWS
r8g.metal-24xl,us-east-1,use1-az2,3,1.0,1.0,1.0,5.65536,1.8851,66,r8g,Memory,r,96.0,768.0,29003.97921,,,AWS
r8g.metal-24xl,us-east-1,use1-az4,1,0.0,0.0,1.0,5.65536,1.7546,68,r8g,Memory,r,96.0,768.0,29003.97921,,,AWS
r8g.metal-24xl,us-east-1,use1-az5,3,1.0,1.0,1.0,5.65536,1.8193,67,r8g,Memory,r,96.0,768.0,29003.97921,,,AWS
r8g.metal-24xl,us-east-1,use1-az6,1,0.0,0.0,1.0,5.65536,1.7786,68,r8g,Memory,r,96.0,768.0,29003.97921,,,AWS
r8g.metal-48xl,us-east-1,use1-az1,1,0.0,0.0,1.5,11.31072,3.1849,71,r8g,Memory,r,192.0,1536.0,27998.65795,,,AWS
r8g.metal-48xl,us-east-1,use1-az2,3,1.0,1.0,1.5,11.31072,3.5919,68,r8g,Memory,r,192.0,1536.0,27998.65795,,,AWS
r8g.metal-48xl,us-east-1,use1-az4,1,0.0,0.0,1.5,11.31072,3.4348,69,r8g,Memory,r,192.0,1536.0,27998.65795,,,AWS
r8g.metal-48xl,us-east-1,use1-az5,2,0.0,1.0,1.5,11.31072,3.498,69,r8g,Memory,r,192.0,1536.0,27998.65795,,,AWS
r8g.metal-48xl,us-east-1,use1-az6,1,0.0,0.0,1.5,11.31072,3.3995,69,r8g,Memory,r,192.0,1536.0,27998.65795,,,AWS
r8g.xlarge,us-east-1,use1-az1,3,5.0,10.0,1.0,0.23564,0.0947,59,r8g,Memory,r,4.0,32.0,28989.036983799997,AWS Graviton4 Processor,AWS Graviton4 Processor,AWS
r8g.xlarge,us-east-1,use1-az2,3,30.0,40.0,1.0,0.23564,0.0945,59,r8g,Memory,r,4.0,32.0,28989.036983799997,AWS Graviton4 Processor,AWS Graviton4 Processor,AWS
r8g.xlarge,us-east-1,use1-az4,3,20.0,25.0,1.0,0.23564,0.086,63,r8g,Memory,r,4.0,32.0,28989.036983799997,AWS Graviton4 Processor,AWS Graviton4 Processor,AWS
r8g.xlarge,us-east-1,use1-az5,3,1.0,5.0,1.0,0.23564,0.1006,57,r8g,Memory,r,4.0,32.0,28989.036983799997,AWS Graviton4 Processor,AWS Graviton4 Processor,AWS
r8g.xlarge,us-east-1,use1-az6,3,20.0,35.0,1.0,0.23564,0.0926,60,r8g,Memory,r,4.0,32.0,28989.036983799997,AWS Graviton4 Processor,AWS Graviton4 Processor,AWS
t2.2xlarge,us-east-1,use1-az1,3,50.0,50.0,3.0,0.3712,0.1308,64,t2,General,t,8.0,32.0,18582.09222,Intel(R) Xeon(R) CPU E5-2686 v4 @ 2.30GHz,Intel(R) Xeon(R) CPU E5-2686 v4 @ 2.30GHz,Intel
t2.2xlarge,us-east-1,use1-az2,3,50.0,50.0,3.0,0.3712,0.1649,55,t2,General,t,8.0,32.0,18582.09222,Intel(R) Xeon(R) CPU E5-2686 v4 @ 2.30GHz,Intel(R) Xeon(R) CPU E5-2686 v4 @ 2.30GHz,Intel
t2.2xlarge,us-east-1,use1-az3,3,25.0,35.0,3.0,0.3712,0.1396,62,t2,General,t,8.0,32.0,18582.09222,Intel(R) Xeon(R) CPU E5-2686 v4 @ 2.30GHz,Intel(R) Xeon(R) CPU E5-2686 v4 @ 2.30GHz,Intel
t2.2xlarge,us-east-1,use1-az4,3,50.0,50.0,3.0,0.3712,0.1456,60,t2,General,t,8.0,32.0,18582.09222,Intel(R) Xeon(R) CPU E5-2686 v4 @ 2.30GHz,Intel(R) Xeon(R) CPU E5-2686 v4 @ 2.30GHz,Intel
t2.2xlarge,us-east-1,use1-az5,3,50.0,50.0,3.0,0.3712,0.1224,67,t2,General,t,8.0,32.0,18582.09222,Intel(R) Xeon(R) CPU E5-2686 v4 @ 2.30GHz,Intel(R) Xeon(R) CPU E5-2686 v4 @ 2.30GHz,Intel
t2.2xlarge,us-east-1,use1-az6,3,50.0,50.0,3.0,0.3712,0.1482,60,t2,General,t,8.0,32.0,18582.09222,Intel(R) Xeon(R) CPU E5-2686 v4 @ 2.30GHz,Intel(R) Xeon(R) CPU E5-2686 v4 @ 2.30GHz,Intel
t2.large,us-east-1,use1-az1,3,45.0,50.0,3.0,0.0928,0.036,61,t2,General,t,2.0,8.0,18595.94317,Intel(R) Xeon(R) CPU E5-2686 v4 @ 2.30GHz,Intel(R) Xeon(R) CPU E5-2686 v4 @ 2.30GHz,Intel
t2.large,us-east-1,use1-az2,3,50.0,50.0,3.0,0.0928,0.0368,60,t2,General,t,2.0,8.0,18595.94317,Intel(R) Xeon(R) CPU E5-2686 v4 @ 2.30GHz,Intel(R) Xeon(R) CPU E5-2686 v4 @ 2.30GHz,Intel
t2.large,us-east-1,use1-az3,3,50.0,50.0,3.0,0.0928,0.0411,55,t2,General,t,2.0,8.0,18595.94317,Intel(R) Xeon(R) CPU E5-2686 v4 @ 2.30GHz,Intel(R) Xeon(R) CPU E5-2686 v4 @ 2.30GHz,Intel
t2.large,us-east-1,use1-az4,3,50.0,50.0,3.0,0.0928,0.0362,60,t2,General,t,2.0,8.0,18595.94317,Intel(R) Xeon(R) CPU E5-2686 v4 @ 2.30GHz,Intel(R) Xeon(R) CPU E5-2686 v4 @ 2.30GHz,Intel
t2.large,us-east-1,use1-az5,3,40.0,50.0,3.0,0.0928,0.0353,61,t2,General,t,2.0,8.0,18595.94317,Intel(R) Xeon(R) CPU E5-2686 v4 @ 2.30GHz,Intel(R) Xeon(R) CPU E5-2686 v4 @ 2.30GHz,Intel
t2.large,us-east-1,use1-az6,3,50.0,50.0,3.0,0.0928,0.0359,61,t2,General,t,2.0,8.0,18595.94317,Intel(R) Xeon(R) CPU E5-2686 v4 @ 2.30GHz,Intel(R) Xeon(R) CPU E5-2686 v4 @ 2.30GHz,Intel
t2.medium,us-east-1,use1-az1,3,50.0,50.0,3.0,0.0464,0.0183,60,t2,General,t,1.0,4.0,18677.2431552,Intel(R) Xeon(R) CPU E5-2676 v3 @ 2.40GHz,Intel(R) Xeon(R) CPU E5-2676 v3 @ 2.40GHz,Intel
t2.medium,us-east-1,use1-az2,3,50.0,50.0,3.0,0.0464,0.0153,67,t2,General,t,1.0,4.0,18677.2431552,Intel(R) Xeon(R) CPU E5-2676 v3 @ 2.40GHz,Intel(R) Xeon(R) CPU E5-2676 v3 @ 2.40GHz,Intel
t2.medium,us-east-1,use1-az3,3,50.0,50.0,3.0,0.0464,0.033,28,t2,General,t,1.0,4.0,18677.2431552,Intel(R) Xeon(R) CPU E5-2676 v3 @ 2.40GHz,Intel(R) Xeon(R) CPU E5-2676 v3 @ 2.40GHz,Intel
t2.medium,us-east-1,use1-az4,3,50.0,50.0,3.0,0.0464,0.0171,63,t2,General,t,1.0,4.0,18677.2431552,Intel(R) Xeon(R) CPU E5-2676 v3 @ 2.40GHz,Intel(R) Xeon(R) CPU E5-2676 v3 @ 2.40GHz,Intel
t2.medium,us-east-1,use1-az5,3,50.0,50.0,3.0,0.0464,0.0221,52,t2,General,t,1.0,4.0,18677.2431552,Intel(R) Xeon(R) CPU E5-2676 v3 @ 2.40GHz,Intel(R) Xeon(R) CPU E5-2676 v3 @ 2.40GHz,Intel
t2.medium,us-east-1,use1-az6,3,50.0,50.0,3.0,0.0464,0.0193,58,t2,General,t,1.0,4.0,18677.2431552,Intel(R) Xeon(R) CPU E5-2676 v3 @ 2.40GHz,Intel(R) Xeon(R) CPU E5-2676 v3 @ 2.40GHz,Intel
t2.micro,us-east-1,use1-az1,3,50.0,50.0,3.0,0.0116,0.004,65,t2,General,t,1.0,1.0,18680.147313200003,Intel(R) Xeon(R) CPU E5-2676 v3 @ 2.40GHz,Intel(R) Xeon(R) CPU E5-2676 v3 @ 2.40GHz,Intel
t2.micro,us-east-1,use1-az2,3,50.0,50.0,3.0,0.0116,0.0039,66,t2,General,t,1.0,1.0,18680.147313200003,Intel(R) Xeon(R) CPU E5-2676 v3 @ 2.40GHz,Intel(R) Xeon(R) CPU E5-2676 v3 @ 2.40GHz,Intel
t2.micro,us-east-1,use1-az3,3,50.0,50.0,3.0,0.0116,0.0039,66,t2,General,t,1.0,1.0,18680.147313200003,Intel(R) Xeon(R) CPU E5-2676 v3 @ 2.40GHz,Intel(R) Xeon(R) CPU E5-2676 v3 @ 2.40GHz,Intel
t2.micro,us-east-1,use1-az4,3,50.0,50.0,3.0,0.0116,0.0041,64,t2,General,t,1.0,1.0,18680.147313200003,Intel(R) Xeon(R) CPU E5-2676 v3 @ 2.40GHz,Intel(R) Xeon(R) CPU E5-2676 v3 @ 2.40GHz,Intel
t2.micro,us-east-1,use1-az5,3,50.0,50.0,3.0,0.0116,0.0043,62,t2,General,t,1.0,1.0,18680.147313200003,Intel(R) Xeon(R) CPU E5-2676 v3 @ 2.40GHz,Intel(R) Xeon(R) CPU E5-2676 v3 @ 2.40GHz,Intel
t2.micro,us-east-1,use1-az6,3,50.0,50.0,3.0,0.0116,0.0039,66,t2,General,t,1.0,1.0,18680.147313200003,Intel(R) Xeon(R) CPU E5-2676 v3 @ 2.40GHz,Intel(R) Xeon(R) CPU E5-2676 v3 @ 2.40GHz,Intel
t2.small,us-east-1,use1-az1,3,50.0,50.0,2.5,0.023,0.0087,62,t2,General,t,1.0,2.0,18456.5978276,Intel(R) Xeon(R) CPU E5-2676 v3 @ 2.40GHz,Intel(R) Xeon(R) CPU E5-2676 v3 @ 2.40GHz,Intel
t2.small,us-east-1,use1-az2,3,35.0,50.0,2.5,0.023,0.0104,54,t2,General,t,1.0,2.0,18456.5978276,Intel(R) Xeon(R) CPU E5-2676 v3 @ 2.40GHz,Intel(R) Xeon(R) CPU E5-2676 v3 @ 2.40GHz,Intel
t2.small,us-east-1,use1-az3,3,50.0,50.0,2.5,0.023,0.0089,61,t2,General,t,1.0,2.0,18456.5978276,Intel(R) Xeon(R) CPU E5-2676 v3 @ 2.40GHz,Intel(R) Xeon(R) CPU E5-2676 v3 @ 2.40GHz,Intel
t2.small,us-east-1,use1-az4,3,50.0,50.0,2.5,0.023,0.0084,63,t2,General,t,1.0,2.0,18456.5978276,Intel(R) Xeon(R) CPU E5-2676 v3 @ 2.40GHz,Intel(R) Xeon(R) CPU E5-2676 v3 @ 2.40GHz,Intel
t2.small,us-east-1,use1-az5,3,15.0,25.0,2.5,0.023,0.0114,50,t2,General,t,1.0,2.0,18456.5978276,Intel(R) Xeon(R) CPU E5-2676 v3 @ 2.40GHz,Intel(R) Xeon(R) CPU E5-2676 v3 @ 2.40GHz,Intel
t2.small,us-east-1,use1-az6,3,35.0,50.0,2.5,0.023,0.0106,53,t2,General,t,1.0,2.0,18456.5978276,Intel(R) Xeon(R) CPU E5-2676 v3 @ 2.40GHz,Intel(R) Xeon(R) CPU E5-2676 v3 @ 2.40GHz,Intel
t2.xlarge,us-east-1,use1-az1,3,50.0,50.0,2.5,0.1856,0.0681,63,t2,General,t,4.0,16.0,18656.67052,Intel(R) Xeon(R) CPU E5-2686 v4 @ 2.30GHz,Intel(R) Xeon(R) CPU E5-2686 v4 @ 2.30GHz,Intel
t2.xlarge,us-east-1,use1-az2,3,50.0,50.0,2.5,0.1856,0.0758,59,t2,General,t,4.0,16.0,18656.67052,Intel(R) Xeon(R) CPU E5-2686 v4 @ 2.30GHz,Intel(R) Xeon(R) CPU E5-2686 v4 @ 2.30GHz,Intel
t2.xlarge,us-east-1,use1-az3,3,40.0,50.0,2.5,0.1856,0.0635,65,t2,General,t,4.0,16.0,18656.67052,Intel(R) Xeon(R) CPU E5-2686 v4 @ 2.30GHz,Intel(R) Xeon(R) CPU E5-2686 v4 @ 2.30GHz,Intel
t2.xlarge,us-east-1,use1-az4,3,50.0,50.0,2.5,0.1856,0.0766,58,t2,General,t,4.0,16.0,18656.67052,Intel(R) Xeon(R) CPU E5-2686 v4 @ 2.30GHz,Intel(R) Xeon(R) CPU E5-2686 v4 @ 2.30GHz,Intel
t2.xlarge,us-east-1,use1-az5,3,10.0,20.0,2.5,0.1856,0.083,55,t2,General,t,4.0,16.0,18656.67052,Intel(R) Xeon(R) CPU E5-2686 v4 @ 2.30GHz,Intel(R) Xeon(R) CPU E5-2686 v4 @ 2.30GHz,Intel
t2.xlarge,us-east-1,use1-az6,3,50.0,50.0,2.5,0.1856,0.0721,61,t2,General,t,4.0,16.0,18656.67052,Intel(R) Xeon(R) CPU E5-2686 v4 @ 2.30GHz,Intel(R) Xeon(R) CPU E5-2686 v4 @ 2.30GHz,Intel
t3.2xlarge,us-east-1,use1-az1,3,50.0,50.0,1.0,0.3328,0.1182,64,t3,General,t,8.0,32.0,19030.82085,Intel(R) Xeon(R) Platinum 8259CL CPU @ 2.50GHz,Intel(R) Xeon(R) Platinum 8259CL CPU @ 2.50GHz,Intel
t3.2xlarge,us-east-1,use1-az2,3,50.0,50.0,1.0,0.3328,0.1161,65,t3,General,t,8.0,32.0,19030.82085,Intel(R) Xeon(R) Platinum 8259CL CPU @ 2.50GHz,Intel(R) Xeon(R) Platinum 8259CL CPU @ 2.50GHz,Intel
t3.2xlarge,us-east-1,use1-az4,3,50.0,50.0,1.0,0.3328,0.1173,64,t3,General,t,8.0,32.0,19030.82085,Intel(R) Xeon(R) Platinum 8259CL CPU @ 2.50GHz,Intel(R) Xeon(R) Platinum 8259CL CPU @ 2.50GHz,Intel
t3.2xlarge,us-east-1,use1-az5,3,50.0,50.0,1.0,0.3328,0.1112,66,t3,General,t,8.0,32.0,19030.82085,Intel(R) Xeon(R) Platinum 8259CL CPU @ 2.50GHz,Intel(R) Xeon(R) Platinum 8259CL CPU @ 2.50GHz,Intel
t3.2xlarge,us-east-1,use1-az6,3,50.0,50.0,1.0,0.3328,0.1127,66,t3,General,t,8.0,32.0,19030.82085,Intel(R) Xeon(R) Platinum 8259CL CPU @ 2.50GHz,Intel(R) Xeon(R) Platinum 8259CL CPU @ 2.50GHz,Intel
t3.large,us-east-1,use1-az1,3,50.0,50.0,2.5,0.0832,0.0319,61,t3,General,t,2.0,8.0,18001.996257799998,Intel(R) Xeon(R) Platinum 8175M CPU @ 2.50GHz,Intel(R) Xeon(R) Platinum 8175M CPU @ 2.50GHz,Intel
t3.large,us-east-1,use1-az2,3,50.0,50.0,2.5,0.0832,0.0297,64,t3,General,t,2.0,8.0,18001.996257799998,Intel(R) Xeon(R) Platinum 8175M CPU @ 2.50GHz,Intel(R) Xeon(R) Platinum 8175M CPU @ 2.50GHz,Intel
t3.large,us-east-1,use1-az4,3,50.0,50.0,2.5,0.0832,0.0339,59,t3,General,t,2.0,8.0,18001.996257799998,Intel(R) Xeon(R) Platinum 8175M CPU @ 2.50GHz,Intel(R) Xeon(R) Platinum 8175M CPU @ 2.50GHz,Intel
t3.large,us-east-1,use1-az5,3,50.0,50.0,2.5,0.0832,0.0362,56,t3,General,t,2.0,8.0,18001.996257799998,Intel(R) Xeon(R) Platinum 8175M CPU @ 2.50GHz,Intel(R) Xeon(R) Platinum 8175M CPU @ 2.50GHz,Intel
t3.large,us-east-1,use1-az6,3,50.0,50.0,2.5,0.0832,0.0309,62,t3,General,t,2.0,8.0,18001.996257799998,Intel(R) Xeon(R) Platinum 8175M CPU @ 2.50GHz,Intel(R) Xeon(R) Platinum 8175M CPU @ 2.50GHz,Intel
t3.medium,us-east-1,use1-az1,3,50.0,50.0,3.0,0.0416,0.0182,56,t3,General,t,1.0,4.0,16266.43901,Intel(R) Xeon(R) Platinum 8259CL CPU @ 2.50GHz,Intel(R) Xeon(R) Platinum 8259CL CPU @ 2.50GHz,Intel
t3.medium,us-east-1,use1-az2,3,50.0,50.0,3.0,0.0416,0.0155,62,t3,General,t,1.0,4.0,16266.43901,Intel(R) Xeon(R) Platinum 8259CL CPU @ 2.50GHz,Intel(R) Xeon(R) Platinum 8259CL CPU @ 2.50GHz,Intel
t3.medium,us-east-1,use1-az4,3,50.0,50.0,3.0,0.0416,0.017,59,t3,General,t,1.0,4.0,16266.43901,Intel(R) Xeon(R) Platinum 8259CL CPU @ 2.50GHz,Intel(R) Xeon(R) Platinum 8259CL CPU @ 2.50GHz,Intel
t3.medium,us-east-1,use1-az5,3,50.0,50.0,3.0,0.0416,0.0155,62,t3,General,t,1.0,4.0,16266.43901,Intel(R) Xeon(R) Platinum 8259CL CPU @ 2.50GHz,Intel(R) Xeon(R) Platinum 8259CL CPU @ 2.50GHz,Intel
t3.medium,us-east-1,use1-az6,3,50.0,50.0,3.0,0.0416,0.0158,62,t3,General,t,1.0,4.0,16266.43901,Intel(R) Xeon(R) Platinum 8259CL CPU @ 2.50GHz,Intel(R) Xeon(R) Platinum 8259CL CPU @ 2.50GHz,Intel
t3.micro,us-east-1,use1-az1,3,50.0,50.0,2.5,0.0104,0.0036,65,t3,General,t,1.0,1.0,18372.679650600003,Intel(R) Xeon(R) Platinum 8259CL CPU @ 2.50GHz,Intel(R) Xeon(R) Platinum 8259CL CPU @ 2.50GHz,Intel
t3.micro,us-east-1,use1-az2,3,50.0,50.0,2.5,0.0104,0.0041,60,t3,General,t,1.0,1.0,18372.679650600003,Intel(R) Xeon(R) Platinum 8259CL CPU @ 2.50GHz,Intel(R) Xeon(R) Platinum 8259CL CPU @ 2.50GHz,Intel
t3.micro,us-east-1,use1-az4,3,50.0,50.0,2.5,0.0104,0.0038,63,t3,General,t,1.0,1.0,18372.679650600003,Intel(R) Xeon(R) Platinum 8259CL CPU @ 2.50GHz,Intel(R) Xeon(R) Platinum 8259CL CPU @ 2.50GHz,Intel
t3.micro,us-east-1,use1-az5,3,50.0,50.0,2.5,0.0104,0.0037,64,t3,General,t,1.0,1.0,18372.679650600003,Intel(R) Xeon(R) Platinum 8259CL CPU @ 2.50GHz,Intel(R) Xeon(R) Platinum 8259CL CPU @ 2.50GHz,Intel
t3.micro,us-east-1,use1-az6,3,50.0,50.0,2.5,0.0104,0.0037,64,t3,General,t,1.0,1.0,18372.679650600003,Intel(R) Xeon(R) Platinum 8259CL CPU @ 2.50GHz,Intel(R) Xeon(R) Platinum 8259CL CPU @ 2.50GHz,Intel
t3.nano,us-east-1,use1-az1,3,50.0,50.0,3.0,0.0052,0.0016,69,t3,General,t,1.0,0.5,19838.44868,Intel(R) Xeon(R) Platinum 8259CL CPU @ 2.50GHz,Intel(R) Xeon(R) Platinum 8259CL CPU @ 2.50GHz,Intel
t3.nano,us-east-1,use1-az2,3,50.0,50.0,3.0,0.0052,0.0016,69,t3,General,t,1.0,0.5,19838.44868,Intel(R) Xeon(R) Platinum 8259CL CPU @ 2.50GHz,Intel(R) Xeon(R) Platinum 8259CL CPU @ 2.50GHz,Intel
t3.nano,us-east-1,use1-az4,3,50.0,50.0,3.0,0.0052,0.0018,65,t3,General,t,1.0,0.5,19838.44868,Intel(R) Xeon(R) Platinum 8259CL CPU @ 2.50GHz,Intel(R) Xeon(R) Platinum 8259CL CPU @ 2.50GHz,Intel
t3.nano,us-east-1,use1-az5,3,50.0,50.0,3.0,0.0052,0.0017,67,t3,General,t,1.0,0.5,19838.44868,Intel(R) Xeon(R) Platinum 8259CL CPU @ 2.50GHz,Intel(R) Xeon(R) Platinum 8259CL CPU @ 2.50GHz,Intel
t3.nano,us-east-1,use1-az6,3,50.0,50.0,3.0,0.0052,0.0016,69,t3,General,t,1.0,0.5,19838.44868,Intel(R) Xeon(R) Platinum 8259CL CPU @ 2.50GHz,Intel(R) Xeon(R) Platinum 8259CL CPU @ 2.50GHz,Intel
t3.small,us-east-1,use1-az1,3,50.0,50.0,3.0,0.0208,0.0081,61,t3,General,t,1.0,2.0,17236.04337,Intel(R) Xeon(R) Platinum 8259CL CPU @ 2.50GHz,Intel(R) Xeon(R) Platinum 8259CL CPU @ 2.50GHz,Intel
t3.small,us-east-1,use1-az2,3,50.0,50.0,3.0,0.0208,0.0086,58,t3,General,t,1.0,2.0,17236.04337,Intel(R) Xeon(R) Platinum 8259CL CPU @ 2.50GHz,Intel(R) Xeon(R) Platinum 8259CL CPU @ 2.50GHz,Intel
t3.small,us-east-1,use1-az4,3,50.0,50.0,3.0,0.0208,0.0083,60,t3,General,t,1.0,2.0,17236.04337,Intel(R) Xeon(R) Platinum 8259CL CPU @ 2.50GHz,Intel(R) Xeon(R) Platinum 8259CL CPU @ 2.50GHz,Intel
t3.small,us-east-1,use1-az5,3,50.0,50.0,3.0,0.0208,0.0082,60,t3,General,t,1.0,2.0,17236.04337,Intel(R) Xeon(R) Platinum 8259CL CPU @ 2.50GHz,Intel(R) Xeon(R) Platinum 8259CL CPU @ 2.50GHz,Intel
t3.small,us-east-1,use1-az6,3,50.0,50.0,3.0,0.0208,0.0076,63,t3,General,t,1.0,2.0,17236.04337,Intel(R) Xeon(R) Platinum 8259CL CPU @ 2.50GHz,Intel(R) Xeon(R) Platinum 8259CL CPU @ 2.50GHz,Intel
t3.xlarge,us-east-1,use1-az1,3,50.0,50.0,1.0,0.1664,0.072,56,t3,General,t,4.0,16.0,17927.58616,Intel(R) Xeon(R) Platinum 8175M CPU @ 2.50GHz,Intel(R) Xeon(R) Platinum 8175M CPU @ 2.50GHz,Intel
t3.xlarge,us-east-1,use1-az2,3,50.0,50.0,1.0,0.1664,0.0673,59,t3,General,t,4.0,16.0,17927.58616,Intel(R) Xeon(R) Platinum 8175M CPU @ 2.50GHz,Intel(R) Xeon(R) Platinum 8175M CPU @ 2.50GHz,Intel
t3.xlarge,us-east-1,use1-az4,3,50.0,50.0,1.0,0.1664,0.0713,57,t3,General,t,4.0,16.0,17927.58616,Intel(R) Xeon(R) Platinum 8175M CPU @ 2.50GHz,Intel(R) Xeon(R) Platinum 8175M CPU @ 2.50GHz,Intel
t3.xlarge,us-east-1,use1-az5,3,50.0,50.0,1.0,0.1664,0.0604,63,t3,General,t,4.0,16.0,17927.58616,Intel(R) Xeon(R) Platinum 8175M CPU @ 2.50GHz,Intel(R) Xeon(R) Platinum 8175M CPU @ 2.50GHz,Intel
t3.xlarge,us-east-1,use1-az6,3,50.0,50.0,1.0,0.1664,0.0691,58,t3,General,t,4.0,16.0,17927.58616,Intel(R) Xeon(R) Platinum 8175M CPU @ 2.50GHz,Intel(R) Xeon(R) Platinum 8175M CPU @ 2.50GHz,Intel
t3a.2xlarge,us-east-1,use1-az1,3,50.0,50.0,1.0,0.3008,0.1134,62,t3a,General,t,8.0,32.0,16978.0766,AMD EPYC 7571,AMD EPYC 7571,AuthenticAMD
t3a.2xlarge,us-east-1,use1-az2,3,50.0,50.0,1.0,0.3008,0.1257,58,t3a,General,t,8.0,32.0,16978.0766,AMD EPYC 7571,AMD EPYC 7571,AuthenticAMD
t3a.2xlarge,us-east-1,use1-az4,3,50.0,50.0,1.0,0.3008,0.1154,61,t3a,General,t,8.0,32.0,16978.0766,AMD EPYC 7571,AMD EPYC 7571,AuthenticAMD
t3a.2xlarge,us-east-1,use1-az5,3,35.0,50.0,1.0,0.3008,0.1171,61,t3a,General,t,8.0,32.0,16978.0766,AMD EPYC 7571,AMD EPYC 7571,AuthenticAMD
t3a.2xlarge,us-east-1,use1-az6,3,50.0,50.0,1.0,0.3008,0.1313,56,t3a,General,t,8.0,32.0,16978.0766,AMD EPYC 7571,AMD EPYC 7571,AuthenticAMD
t3a.large,us-east-1,use1-az1,3,50.0,50.0,1.0,0.0752,0.0282,62,t3a,General,t,2.0,8.0,16978.0766,AMD EPYC 7571,AMD EPYC 7571,AuthenticAMD
t3a.large,us-east-1,use1-az2,3,50.0,50.0,1.0,0.0752,0.0243,67,t3a,General,t,2.0,8.0,16978.0766,AMD EPYC 7571,AMD EPYC 7571,AuthenticAMD
t3a.large,us-east-1,use1-az4,3,50.0,50.0,1.0,0.0752,0.0321,57,t3a,General,t,2.0,8.0,16978.0766,AMD EPYC 7571,AMD EPYC 7571,AuthenticAMD
t3a.large,us-east-1,use1-az5,3,15.0,20.0,1.0,0.0752,0.0274,63,t3a,General,t,2.0,8.0,16978.0766,AMD EPYC 7571,AMD EPYC 7571,AuthenticAMD
t3a.large,us-east-1,use1-az6,3,50.0,50.0,1.0,0.0752,0.0268,64,t3a,General,t,2.0,8.0,16978.0766,AMD EPYC 7571,AMD EPYC 7571,AuthenticAMD
t3a.medium,us-east-1,use1-az1,3,50.0,50.0,1.5,0.0376,0.0154,59,t3a,General,t,1.0,4.0,16978.0766,AMD EPYC 7571,AMD EPYC 7571,AuthenticAMD
t3a.medium,us-east-1,use1-az2,3,50.0,50.0,1.5,0.0376,0.0155,58,t3a,General,t,1.0,4.0,16978.0766,AMD EPYC 7571,AMD EPYC 7571,AuthenticAMD
t3a.medium,us-east-1,use1-az4,3,50.0,50.0,1.5,0.0376,0.0168,55,t3a,General,t,1.0,4.0,16978.0766,AMD EPYC 7571,AMD EPYC 7571,AuthenticAMD
t3a.medium,us-east-1,use1-az5,3,35.0,50.0,1.5,0.0376,0.0203,46,t3a,General,t,1.0,4.0,16978.0766,AMD EPYC 7571,AMD EPYC 7571,AuthenticAMD
t3a.medium,us-east-1,use1-az6,3,50.0,50.0,1.5,0.0376,0.0143,61,t3a,General,t,1.0,4.0,16978.0766,AMD EPYC 7571,AMD EPYC 7571,AuthenticAMD
t3a.micro,us-east-1,use1-az1,3,50.0,50.0,2.5,0.0094,0.0037,60,t3a,General,t,1.0,1.0,16978.0766,AMD EPYC 7571,AMD EPYC 7571,AuthenticAMD
t3a.micro,us-east-1,use1-az2,3,50.0,50.0,2.5,0.0094,0.0039,58,t3a,General,t,1.0,1.0,16978.0766,AMD EPYC 7571,AMD EPYC 7571,AuthenticAMD
t3a.micro,us-east-1,use1-az4,3,30.0,50.0,2.5,0.0094,0.0037,60,t3a,General,t,1.0,1.0,16978.0766,AMD EPYC 7571,AMD EPYC 7571,AuthenticAMD
t3a.micro,us-east-1,use1-az5,3,15.0,20.0,2.5,0.0094,0.0048,48,t3a,General,t,1.0,1.0,16978.0766,AMD EPYC 7571,AMD EPYC 7571,AuthenticAMD
t3a.micro,us-east-1,use1-az6,3,50.0,50.0,2.5,0.0094,0.0035,62,t3a,General,t,1.0,1.0,16978.0766,AMD EPYC 7571,AMD EPYC 7571,AuthenticAMD
t3a.nano,us-east-1,use1-az1,3,50.0,50.0,3.0,0.0047,0.0017,63,t3a,General,t,1.0,0.5,16978.0766,AMD EPYC 7571,AMD EPYC 7571,AuthenticAMD
t3a.nano,us-east-1,use1-az2,3,50.0,50.0,3.0,0.0047,0.0016,65,t3a,General,t,1.0,0.5,16978.0766,AMD EPYC 7571,AMD EPYC 7571,AuthenticAMD
t3a.nano,us-east-1,use1-az4,3,50.0,50.0,3.0,0.0047,0.0018,61,t3a,General,t,1.0,0.5,16978.0766,AMD EPYC 7571,AMD EPYC 7571,AuthenticAMD
t3a.nano,us-east-1,use1-az5,3,25.0,35.0,3.0,0.0047,0.0018,61,t3a,General,t,1.0,0.5,16978.0766,AMD EPYC 7571,AMD EPYC 7571,AuthenticAMD
t3a.nano,us-east-1,use1-az6,3,50.0,50.0,3.0,0.0047,0.0018,61,t3a,General,t,1.0,0.5,16978.0766,AMD EPYC 7571,AMD EPYC 7571,AuthenticAMD
t3a.small,us-east-1,use1-az1,3,50.0,50.0,1.0,0.0188,0.0069,63,t3a,General,t,1.0,2.0,16978.0766,AMD EPYC 7571,AMD EPYC 7571,AuthenticAMD
t3a.small,us-east-1,use1-az2,3,50.0,50.0,1.0,0.0188,0.0074,60,t3a,General,t,1.0,2.0,16978.0766,AMD EPYC 7571,AMD EPYC 7571,AuthenticAMD
t3a.small,us-east-1,use1-az4,3,50.0,50.0,1.0,0.0188,0.007,62,t3a,General,t,1.0,2.0,16978.0766,AMD EPYC 7571,AMD EPYC 7571,AuthenticAMD
t3a.small,us-east-1,use1-az5,3,15.0,30.0,1.0,0.0188,0.0107,43,t3a,General,t,1.0,2.0,16978.0766,AMD EPYC 7571,AMD EPYC 7571,AuthenticAMD
t3a.small,us-east-1,use1-az6,3,50.0,50.0,1.0,0.0188,0.0071,62,t3a,General,t,1.0,2.0,16978.0766,AMD EPYC 7571,AMD EPYC 7571,AuthenticAMD
t3a.xlarge,us-east-1,use1-az1,3,50.0,50.0,1.0,0.1504,0.0561,62,t3a,General,t,4.0,16.0,16978.0766,AMD EPYC 7571,AMD EPYC 7571,AuthenticAMD
t3a.xlarge,us-east-1,use1-az2,3,50.0,50.0,1.0,0.1504,0.0553,63,t3a,General,t,4.0,16.0,16978.0766,AMD EPYC 7571,AMD EPYC 7571,AuthenticAMD
t3a.xlarge,us-east-1,use1-az4,3,50.0,50.0,1.0,0.1504,0.0534,64,t3a,General,t,4.0,16.0,16978.0766,AMD EPYC 7571,AMD EPYC 7571,AuthenticAMD
t3a.xlarge,us-east-1,use1-az5,3,20.0,30.0,1.0,0.1504,0.0541,64,t3a,General,t,4.0,16.0,16978.0766,AMD EPYC 7571,AMD EPYC 7571,AuthenticAMD
t3a.xlarge,us-east-1,use1-az6,3,50.0,50.0,1.0,0.1504,0.0567,62,t3a,General,t,4.0,16.0,16978.0766,AMD EPYC 7571,AMD EPYC 7571,AuthenticAMD
t4g.2xlarge,us-east-1,use1-az1,3,20.0,35.0,1.0,0.2688,0.1241,53,t4g,General,t,8.0,32.0,18300.06135,AWS Graviton2 Processor,Neoverse-N1,AWS
t4g.2xlarge,us-east-1,use1-az2,3,15.0,30.0,1.0,0.2688,0.0995,62,t4g,General,t,8.0,32.0,18300.06135,AWS Graviton2 Processor,Neoverse-N1,AWS
t4g.2xlarge,us-east-1,use1-az4,3,50.0,50.0,1.0,0.2688,0.1126,58,t4g,General,t,8.0,32.0,18300.06135,AWS Graviton2 Processor,Neoverse-N1,AWS
t4g.2xlarge,us-east-1,use1-az5,3,10.0,15.0,1.0,0.2688,0.095,64,t4g,General,t,8.0,32.0,18300.06135,AWS Graviton2 Processor,Neoverse-N1,AWS
t4g.2xlarge,us-east-1,use1-az6,3,50.0,50.0,1.0,0.2688,0.1181,56,t4g,General,t,8.0,32.0,18300.06135,AWS Graviton2 Processor,Neoverse-N1,AWS
t4g.large,us-east-1,use1-az1,3,50.0,50.0,1.0,0.0672,0.0263,60,t4g,General,t,2.0,8.0,18018.79079,AWS Graviton2 Processor,Neoverse-N1,AWS
t4g.large,us-east-1,use1-az2,3,35.0,50.0,1.0,0.0672,0.0283,57,t4g,General,t,2.0,8.0,18018.79079,AWS Graviton2 Processor,Neoverse-N1,AWS
t4g.large,us-east-1,use1-az4,3,50.0,50.0,1.0,0.0672,0.031,53,t4g,General,t,2.0,8.0,18018.79079,AWS Graviton2 Processor,Neoverse-N1,AWS
t4g.large,us-east-1,use1-az5,3,35.0,50.0,1.0,0.0672,0.0233,65,t4g,General,t,2.0,8.0,18018.79079,AWS Graviton2 Processor,Neoverse-N1,AWS
t4g.large,us-east-1,use1-az6,3,50.0,50.0,1.0,0.0672,0.0319,52,t4g,General,t,2.0,8.0,18018.79079,AWS Graviton2 Processor,Neoverse-N1,AWS
t4g.medium,us-east-1,use1-az1,3,50.0,50.0,1.5,0.0336,0.0159,52,t4g,General,t,1.0,4.0,18380.1536048,AWS Graviton2 Processor,Neoverse-N1,AWS
t4g.medium,us-east-1,use1-az2,3,50.0,50.0,1.5,0.0336,0.0134,60,t4g,General,t,1.0,4.0,18380.1536048,AWS Graviton2 Processor,Neoverse-N1,AWS
t4g.medium,us-east-1,use1-az4,3,50.0,50.0,1.5,0.0336,0.0126,62,t4g,General,t,1.0,4.0,18380.1536048,AWS Graviton2 Processor,Neoverse-N1,AWS
t4g.medium,us-east-1,use1-az5,3,15.0,25.0,1.5,0.0336,0.0135,59,t4g,General,t,1.0,4.0,18380.1536048,AWS Graviton2 Processor,Neoverse-N1,AWS
t4g.medium,us-east-1,use1-az6,3,50.0,50.0,1.5,0.0336,0.0136,59,t4g,General,t,1.0,4.0,18380.1536048,AWS Graviton2 Processor,Neoverse-N1,AWS
t4g.micro,us-east-1,use1-az1,3,50.0,50.0,1.0,0.0084,0.0031,63,t4g,General,t,1.0,1.0,18357.89179,AWS Graviton2 Processor,Neoverse-N1,AWS
t4g.micro,us-east-1,use1-az2,3,50.0,50.0,1.0,0.0084,0.0034,59,t4g,General,t,1.0,1.0,18357.89179,AWS Graviton2 Processor,Neoverse-N1,AWS
t4g.micro,us-east-1,use1-az4,3,50.0,50.0,1.0,0.0084,0.003,64,t4g,General,t,1.0,1.0,18357.89179,AWS Graviton2 Processor,Neoverse-N1,AWS
t4g.micro,us-east-1,use1-az5,3,1.0,1.0,1.0,0.0084,0.0071,15,t4g,General,t,1.0,1.0,18357.89179,AWS Graviton2 Processor,Neoverse-N1,AWS
t4g.micro,us-east-1,use1-az6,3,5.0,5.0,1.0,0.0084,0.0059,29,t4g,General,t,1.0,1.0,18357.89179,AWS Graviton2 Processor,Neoverse-N1,AWS
t4g.nano,us-east-1,use1-az1,3,50.0,50.0,2.0,0.0042,0.0021,50,t4g,General,t,1.0,0.5,18328.2761066,AWS Graviton2 Processor,Neoverse-N1,AWS
t4g.nano,us-east-1,use1-az2,3,50.0,50.0,2.0,0.0042,0.0019,54,t4g,General,t,1.0,0.5,18328.2761066,AWS Graviton2 Processor,Neoverse-N1,AWS
t4g.nano,us-east-1,use1-az4,3,50.0,50.0,2.0,0.0042,0.0021,50,t4g,General,t,1.0,0.5,18328.2761066,AWS Graviton2 Processor,Neoverse-N1,AWS
t4g.nano,us-east-1,use1-az5,3,1.0,1.0,2.0,0.0042,0.0035,16,t4g,General,t,1.0,0.5,18328.2761066,AWS Graviton2 Processor,Neoverse-N1,AWS
t4g.nano,us-east-1,use1-az6,3,50.0,50.0,2.0,0.0042,0.0024,42,t4g,General,t,1.0,0.5,18328.2761066,AWS Graviton2 Processor,Neoverse-N1,AWS
t4g.small,us-east-1,use1-az1,3,50.0,50.0,2.0,0.0168,0.0069,58,t4g,General,t,1.0,2.0,18403.36735,AWS Graviton2 Processor,Neoverse-N1,AWS
t4g.small,us-east-1,use1-az2,3,50.0,50.0,2.0,0.0168,0.0067,60,t4g,General,t,1.0,2.0,18403.36735,AWS Graviton2 Processor,Neoverse-N1,AWS
t4g.small,us-east-1,use1-az4,3,50.0,50.0,2.0,0.0168,0.0069,58,t4g,General,t,1.0,2.0,18403.36735,AWS Graviton2 Processor,Neoverse-N1,AWS
t4g.small,us-east-1,use1-az5,3,50.0,50.0,2.0,0.0168,0.0067,60,t4g,General,t,1.0,2.0,18403.36735,AWS Graviton2 Processor,Neoverse-N1,AWS
t4g.small,us-east-1,use1-az6,3,50.0,50.0,2.0,0.0168,0.0065,61,t4g,General,t,1.0,2.0,18403.36735,AWS Graviton2 Processor,Neoverse-N1,AWS
t4g.xlarge,us-east-1,use1-az1,3,15.0,35.0,1.0,0.1344,0.0585,56,t4g,General,t,4.0,16.0,17963.92442,AWS Graviton2 Processor,Neoverse-N1,AWS
t4g.xlarge,us-east-1,use1-az2,3,30.0,50.0,1.0,0.1344,0.0533,60,t4g,General,t,4.0,16.0,17963.92442,AWS Graviton2 Processor,Neoverse-N1,AWS
t4g.xlarge,us-east-1,use1-az4,3,50.0,50.0,1.0,0.1344,0.058,56,t4g,General,t,4.0,16.0,17963.92442,AWS Graviton2 Processor,Neoverse-N1,AWS
t4g.xlarge,us-east-1,use1-az5,3,40.0,50.0,1.0,0.1344,0.0502,62,t4g,General,t,4.0,16.0,17963.92442,AWS Graviton2 Processor,Neoverse-N1,AWS
t4g.xlarge,us-east-1,use1-az6,3,40.0,50.0,1.0,0.1344,0.0513,61,t4g,General,t,4.0,16.0,17963.92442,AWS Graviton2 Processor,Neoverse-N1,AWS
trn1.2xlarge,us-east-1,use1-az5,3,10.0,15.0,3.0,1.34375,0.4381,67,trn1,AC,trn,8.0,32.0,28985.5594,Intel(R) Xeon(R) Platinum 8375C CPU @ 2.90GHz,Intel(R) Xeon(R) Platinum 8375C CPU @ 2.90GHz,Intel
trn1.2xlarge,us-east-1,use1-az6,3,10.0,15.0,3.0,1.34375,0.4628,65,trn1,AC,trn,8.0,32.0,28985.5594,Intel(R) Xeon(R) Platinum 8375C CPU @ 2.90GHz,Intel(R) Xeon(R) Platinum 8375C CPU @ 2.90GHz,Intel
trn1.32xlarge,us-east-1,use1-az4,3,40.0,50.0,3.0,21.5,11.6987,45,trn1,AC,trn,128.0,512.0,28985.5594,Intel(R) Xeon(R) Platinum 8375C CPU @ 2.90GHz,Intel(R) Xeon(R) Platinum 8375C CPU @ 2.90GHz,Intel
trn1.32xlarge,us-east-1,use1-az5,3,5.0,5.0,3.0,21.5,6.2021,71,trn1,AC,trn,128.0,512.0,28985.5594,Intel(R) Xeon(R) Platinum 8375C CPU @ 2.90GHz,Intel(R) Xeon(R) Platinum 8375C CPU @ 2.90GHz,Intel
trn1.32xlarge,us-east-1,use1-az6,3,50.0,50.0,3.0,21.5,6.0941,71,trn1,AC,trn,128.0,512.0,28985.5594,Intel(R) Xeon(R) Platinum 8375C CPU @ 2.90GHz,Intel(R) Xeon(R) Platinum 8375C CPU @ 2.90GHz,Intel
trn1n.32xlarge,us-east-1,use1-az6,3,10.0,20.0,3.0,24.78,7.1286,71,trn1n,AC,trn,128.0,512.0,28985.5594,Intel(R) Xeon(R) Platinum 8375C CPU @ 2.90GHz,Intel(R) Xeon(R) Platinum 8375C CPU @ 2.90GHz,Intel
vt1.24xlarge,us-east-1,use1-az1,1,0.0,0.0,1.5,5.2,2.8541,45,vt1,AC,vt,96.0,192.0,23883.6025,Intel(R) Xeon(R) Platinum 8259CL CPU @ 2.50GHz,Intel(R) Xeon(R) Platinum 8259CL CPU @ 2.50GHz,Intel
vt1.24xlarge,us-east-1,use1-az2,3,1.0,1.0,1.5,5.2,2.011,61,vt1,AC,vt,96.0,192.0,23883.6025,Intel(R) Xeon(R) Platinum 8259CL CPU @ 2.50GHz,Intel(R) Xeon(R) Platinum 8259CL CPU @ 2.50GHz,Intel
vt1.3xlarge,us-east-1,use1-az1,1,0.0,0.0,3.0,0.65,0.2587,60,vt1,AC,vt,12.0,24.0,23883.6025,Intel(R) Xeon(R) Platinum 8259CL CPU @ 2.50GHz,Intel(R) Xeon(R) Platinum 8259CL CPU @ 2.50GHz,Intel
vt1.3xlarge,us-east-1,use1-az2,3,1.0,5.0,3.0,0.65,0.2856,56,vt1,AC,vt,12.0,24.0,23883.6025,Intel(R) Xeon(R) Platinum 8259CL CPU @ 2.50GHz,Intel(R) Xeon(R) Platinum 8259CL CPU @ 2.50GHz,Intel
vt1.6xlarge,us-east-1,use1-az1,1,0.0,0.0,2.5,1.3,0.5164,60,vt1,AC,vt,24.0,48.0,23883.6025,Intel(R) Xeon(R) Platinum 8259CL CPU @ 2.50GHz,Intel(R) Xeon(R) Platinum 8259CL CPU @ 2.50GHz,Intel
vt1.6xlarge,us-east-1,use1-az2,3,1.0,1.0,2.5,1.3,0.7058,45,vt1,AC,vt,24.0,48.0,23883.6025,Intel(R) Xeon(R) Platinum 8259CL CPU @ 2.50GHz,Intel(R) Xeon(R) Platinum 8259CL CPU @ 2.50GHz,Intel
x1.16xlarge,us-east-1,use1-az1,3,1.0,1.0,1.0,6.669,2.73,59,x1,Memory,x,64.0,976.0,19527.2736,Intel(R) Xeon(R) CPU E7-8880 v3 @ 2.30GHz,Intel(R) Xeon(R) CPU E7-8880 v3 @ 2.30GHz,Intel
x1.16xlarge,us-east-1,use1-az2,3,1.0,5.0,1.0,6.669,2.3984,64,x1,Memory,x,64.0,976.0,19527.2736,Intel(R) Xeon(R) CPU E7-8880 v3 @ 2.30GHz,Intel(R) Xeon(R) CPU E7-8880 v3 @ 2.30GHz,Intel
x1.16xlarge,us-east-1,use1-az3,1,0.0,0.0,1.0,6.669,1.8419,72,x1,Memory,x,64.0,976.0,19527.2736,Intel(R) Xeon(R) CPU E7-8880 v3 @ 2.30GHz,Intel(R) Xeon(R) CPU E7-8880 v3 @ 2.30GHz,Intel
x1.16xlarge,us-east-1,use1-az4,3,1.0,1.0,1.0,6.669,2.5455,61,x1,Memory,x,64.0,976.0,19527.2736,Intel(R) Xeon(R) CPU E7-8880 v3 @ 2.30GHz,Intel(R) Xeon(R) CPU E7-8880 v3 @ 2.30GHz,Intel
x1.16xlarge,us-east-1,use1-az5,2,0.0,1.0,1.0,6.669,2.3054,65,x1,Memory,x,64.0,976.0,19527.2736,Intel(R) Xeon(R) CPU E7-8880 v3 @ 2.30GHz,Intel(R) Xeon(R) CPU E7-8880 v3 @ 2.30GHz,Intel
x1.16xlarge,us-east-1,use1-az6,3,5.0,10.0,1.0,6.669,2.1905,67,x1,Memory,x,64.0,976.0,19527.2736,Intel(R) Xeon(R) CPU E7-8880 v3 @ 2.30GHz,Intel(R) Xeon(R) CPU E7-8880 v3 @ 2.30GHz,Intel
x1.32xlarge,us-east-1,use1-az1,1,0.0,0.0,1.0,13.338,4.4532,66,x1,Memory,x,128.0,1952.0,19637.2612,Intel(R) Xeon(R) CPU E7-8880 v3 @ 2.30GHz,Intel(R) Xeon(R) CPU E7-8880 v3 @ 2.30GHz,Intel
x1.32xlarge,us-east-1,use1-az2,1,0.0,0.0,1.0,13.338,5.3662,59,x1,Memory,x,128.0,1952.0,19637.2612,Intel(R) Xeon(R) CPU E7-8880 v3 @ 2.30GHz,Intel(R) Xeon(R) CPU E7-8880 v3 @ 2.30GHz,Intel
x1.32xlarge,us-east-1,use1-az3,1,0.0,0.0,1.0,13.338,3.4557,74,x1,Memory,x,128.0,1952.0,19637.2612,Intel(R) Xeon(R) CPU E7-8880 v3 @ 2.30GHz,Intel(R) Xeon(R) CPU E7-8880 v3 @ 2.30GHz,Intel
x1.32xlarge,us-east-1,use1-az4,3,5.0,5.0,1.0,13.338,5.8928,55,x1,Memory,x,128.0,1952.0,19637.2612,Intel(R) Xeon(R) CPU E7-8880 v3 @ 2.30GHz,Intel(R) Xeon(R) CPU E7-8880 v3 @ 2.30GHz,Intel
x1.32xlarge,us-east-1,use1-az5,1,0.0,0.0,1.0,13.338,8.0718,39,x1,Memory,x,128.0,1952.0,19637.2612,Intel(R) Xeon(R) CPU E7-8880 v3 @ 2.30GHz,Intel(R) Xeon(R) CPU E7-8880 v3 @ 2.30GHz,Intel
x1.32xlarge,us-east-1,use1-az6,3,1.0,5.0,1.0,13.338,3.7761,71,x1,Memory,x,128.0,1952.0,19637.2612,Intel(R) Xeon(R) CPU E7-8880 v3 @ 2.30GHz,Intel(R) Xeon(R) CPU E7-8880 v3 @ 2.30GHz,Intel
x1e.16xlarge,us-east-1,use1-az1,2,0.0,1.0,1.0,13.344,4.6027,65,x1e,Memory,x,64.0,1952.0,19744.483,Intel(R) Xeon(R) CPU E7-8880 v3 @ 2.30GHz,Intel(R) Xeon(R) CPU E7-8880 v3 @ 2.30GHz,Intel
x1e.16xlarge,us-east-1,use1-az2,3,1.0,1.0,1.0,13.344,4.8435,63,x1e,Memory,x,64.0,1952.0,19744.483,Intel(R) Xeon(R) CPU E7-8880 v3 @ 2.30GHz,Intel(R) Xeon(R) CPU E7-8880 v3 @ 2.30GHz,Intel
x1e.16xlarge,us-east-1,use1-az4,3,1.0,1.0,1.0,13.344,4.1881,68,x1e,Memory,x,64.0,1952.0,19744.483,Intel(R) Xeon(R) CPU E7-8880 v3 @ 2.30GHz,Intel(R) Xeon(R) CPU E7-8880 v3 @ 2.30GHz,Intel
x1e.16xlarge,us-east-1,use1-az6,3,1.0,1.0,1.0,13.344,3.9026,70,x1e,Memory,x,64.0,1952.0,19744.483,Intel(R) Xeon(R) CPU E7-8880 v3 @ 2.30GHz,Intel(R) Xeon(R) CPU E7-8880 v3 @ 2.30GHz,Intel
x1e.2xlarge,us-east-1,use1-az1,3,5.0,10.0,1.0,1.668,0.5997,64,x1e,Memory,x,8.0,244.0,19238.4694,Intel(R) Xeon(R) CPU E7-8880 v3 @ 2.30GHz,Intel(R) Xeon(R) CPU E7-8880 v3 @ 2.30GHz,Intel
x1e.2xlarge,us-east-1,use1-az2,3,10.0,15.0,1.0,1.668,0.6036,63,x1e,Memory,x,8.0,244.0,19238.4694,Intel(R) Xeon(R) CPU E7-8880 v3 @ 2.30GHz,Intel(R) Xeon(R) CPU E7-8880 v3 @ 2.30GHz,Intel
x1e.2xlarge,us-east-1,use1-az4,3,15.0,25.0,1.0,1.668,0.6058,63,x1e,Memory,x,8.0,244.0,19238.4694,Intel(R) Xeon(R) CPU E7-8880 v3 @ 2.30GHz,Intel(R) Xeon(R) CPU E7-8880 v3 @ 2.30GHz,Intel
x1e.2xlarge,us-east-1,use1-az6,3,10.0,20.0,1.0,1.668,0.6287,62,x1e,Memory,x,8.0,244.0,19238.4694,Intel(R) Xeon(R) CPU E7-8880 v3 @ 2.30GHz,Intel(R) Xeon(R) CPU E7-8880 v3 @ 2.30GHz,Intel
x1e.32xlarge,us-east-1,use1-az1,1,0.0,0.0,1.0,26.688,7.2385,72,x1e,Memory,x,128.0,3904.0,19742.1451,Intel(R) Xeon(R) CPU E7-8880 v3 @ 2.30GHz,Intel(R) Xeon(R) CPU E7-8880 v3 @ 2.30GHz,Intel
x1e.32xlarge,us-east-1,use1-az2,1,0.0,0.0,1.0,26.688,8.8462,66,x1e,Memory,x,128.0,3904.0,19742.1451,Intel(R) Xeon(R) CPU E7-8880 v3 @ 2.30GHz,Intel(R) Xeon(R) CPU E7-8880 v3 @ 2.30GHz,Intel
x1e.32xlarge,us-east-1,use1-az4,1,0.0,0.0,1.0,26.688,7.8577,70,x1e,Memory,x,128.0,3904.0,19742.1451,Intel(R) Xeon(R) CPU E7-8880 v3 @ 2.30GHz,Intel(R) Xeon(R) CPU E7-8880 v3 @ 2.30GHz,Intel
x1e.32xlarge,us-east-1,use1-az6,2,0.0,1.0,1.0,26.688,8.1107,69,x1e,Memory,x,128.0,3904.0,19742.1451,Intel(R) Xeon(R) CPU E7-8880 v3 @ 2.30GHz,Intel(R) Xeon(R) CPU E7-8880 v3 @ 2.30GHz,Intel
x1e.4xlarge,us-east-1,use1-az1,3,5.0,10.0,1.0,3.336,1.3461,59,x1e,Memory,x,16.0,488.0,19204.477,Intel(R) Xeon(R) CPU E7-8880 v3 @ 2.30GHz,Intel(R) Xeon(R) CPU E7-8880 v3 @ 2.30GHz,Intel
x1e.4xlarge,us-east-1,use1-az2,3,10.0,15.0,1.0,3.336,1.2499,62,x1e,Memory,x,16.0,488.0,19204.477,Intel(R) Xeon(R) CPU E7-8880 v3 @ 2.30GHz,Intel(R) Xeon(R) CPU E7-8880 v3 @ 2.30GHz,Intel
x1e.4xlarge,us-east-1,use1-az4,3,10.0,15.0,1.0,3.336,1.1279,66,x1e,Memory,x,16.0,488.0,19204.477,Intel(R) Xeon(R) CPU E7-8880 v3 @ 2.30GHz,Intel(R) Xeon(R) CPU E7-8880 v3 @ 2.30GHz,Intel
x1e.4xlarge,us-east-1,use1-az6,3,5.0,5.0,1.0,3.336,1.2136,63,x1e,Memory,x,16.0,488.0,19204.477,Intel(R) Xeon(R) CPU E7-8880 v3 @ 2.30GHz,Intel(R) Xeon(R) CPU E7-8880 v3 @ 2.30GHz,Intel
x1e.8xlarge,us-east-1,use1-az1,3,1.0,1.0,1.0,6.672,2.5764,61,x1e,Memory,x,32.0,976.0,19390.351,Intel(R) Xeon(R) CPU E7-8880 v3 @ 2.30GHz,Intel(R) Xeon(R) CPU E7-8880 v3 @ 2.30GHz,Intel
x1e.8xlarge,us-east-1,use1-az2,2,0.0,1.0,1.0,6.672,3.0201,54,x1e,Memory,x,32.0,976.0,19390.351,Intel(R) Xeon(R) CPU E7-8880 v3 @ 2.30GHz,Intel(R) Xeon(R) CPU E7-8880 v3 @ 2.30GHz,Intel
x1e.8xlarge,us-east-1,use1-az4,3,1.0,5.0,1.0,6.672,2.6857,59,x1e,Memory,x,32.0,976.0,19390.351,Intel(R) Xeon(R) CPU E7-8880 v3 @ 2.30GHz,Intel(R) Xeon(R) CPU E7-8880 v3 @ 2.30GHz,Intel
x1e.8xlarge,us-east-1,use1-az6,3,1.0,5.0,1.0,6.672,2.3722,64,x1e,Memory,x,32.0,976.0,19390.351,Intel(R) Xeon(R) CPU E7-8880 v3 @ 2.30GHz,Intel(R) Xeon(R) CPU E7-8880 v3 @ 2.30GHz,Intel
x1e.xlarge,us-east-1,use1-az1,3,5.0,10.0,1.0,0.834,0.2822,66,x1e,Memory,x,4.0,122.0,19229.0832,Intel(R) Xeon(R) CPU E7-8880 v3 @ 2.30GHz,Intel(R) Xeon(R) CPU E7-8880 v3 @ 2.30GHz,Intel
x1e.xlarge,us-east-1,use1-az2,3,40.0,50.0,1.0,0.834,0.2805,66,x1e,Memory,x,4.0,122.0,19229.0832,Intel(R) Xeon(R) CPU E7-8880 v3 @ 2.30GHz,Intel(R) Xeon(R) CPU E7-8880 v3 @ 2.30GHz,Intel
x1e.xlarge,us-east-1,use1-az4,3,20.0,30.0,1.0,0.834,0.3132,62,x1e,Memory,x,4.0,122.0,19229.0832,Intel(R) Xeon(R) CPU E7-8880 v3 @ 2.30GHz,Intel(R) Xeon(R) CPU E7-8880 v3 @ 2.30GHz,Intel
x1e.xlarge,us-east-1,use1-az6,3,10.0,15.0,1.0,0.834,0.293,64,x1e,Memory,x,4.0,122.0,19229.0832,Intel(R) Xeon(R) CPU E7-8880 v3 @ 2.30GHz,Intel(R) Xeon(R) CPU E7-8880 v3 @ 2.30GHz,Intel
x2gd.12xlarge,us-east-1,use1-az1,2,0.0,1.0,2.5,4.008,1.3715,65,x2gd,Memory,x,48.0,768.0,19336.603,AWS Graviton2 Processor,Neoverse-N1,AWS
x2gd.12xlarge,us-east-1,use1-az2,1,0.0,0.0,2.5,4.008,1.6225,59,x2gd,Memory,x,48.0,768.0,19336.603,AWS Graviton2 Processor,Neoverse-N1,AWS
x2gd.12xlarge,us-east-1,use1-az4,3,5.0,10.0,2.5,4.008,1.6769,58,x2gd,Memory,x,48.0,768.0,19336.603,AWS Graviton2 Processor,Neoverse-N1,AWS
x2gd.12xlarge,us-east-1,use1-az5,3,1.0,1.0,2.5,4.008,1.3029,67,x2gd,Memory,x,48.0,768.0,19336.603,AWS Graviton2 Processor,Neoverse-N1,AWS
x2gd.12xlarge,us-east-1,use1-az6,3,5.0,5.0,2.5,4.008,1.9698,50,x2gd,Memory,x,48.0,768.0,19336.603,AWS Graviton2 Processor,Neoverse-N1,AWS
x2gd.16xlarge,us-east-1,use1-az1,3,5.0,5.0,3.0,5.344,1.9741,63,x2gd,Memory,x,64.0,1024.0,19343.2582,AWS Graviton2 Processor,Neoverse-N1,AWS
x2gd.16xlarge,us-east-1,use1-az2,1,0.0,0.0,3.0,5.344,2.1437,59,x2gd,Memory,x,64.0,1024.0,19343.2582,AWS Graviton2 Processor,Neoverse-N1,AWS
x2gd.16xlarge,us-east-1,use1-az4,3,10.0,20.0,3.0,5.344,2.1681,59,x2gd,Memory,x,64.0,1024.0,19343.2582,AWS Graviton2 Processor,Neoverse-N1,AWS
x2gd.16xlarge,us-east-1,use1-az5,3,15.0,25.0,3.0,5.344,1.6514,69,x2gd,Memory,x,64.0,1024.0,19343.2582,AWS Graviton2 Processor,Neoverse-N1,AWS
x2gd.16xlarge,us-east-1,use1-az6,3,20.0,30.0,3.0,5.344,1.9758,63,x2gd,Memory,x,64.0,1024.0,19343.2582,AWS Graviton2 Processor,Neoverse-N1,AWS
x2gd.2xlarge,us-east-1,use1-az1,3,5.0,5.0,3.0,0.668,0.2975,55,x2gd,Memory,x,8.0,128.0,19341.913,AWS Graviton2 Processor,Neoverse-N1,AWS
x2gd.2xlarge,us-east-1,use1-az2,3,1.0,1.0,3.0,0.668,0.3508,47,x2gd,Memory,x,8.0,128.0,19341.913,AWS Graviton2 Processor,Neoverse-N1,AWS
x2gd.2xlarge,us-east-1,use1-az4,3,15.0,25.0,3.0,0.668,0.2385,64,x2gd,Memory,x,8.0,128.0,19341.913,AWS Graviton2 Processor,Neoverse-N1,AWS
x2gd.2xlarge,us-east-1,use1-az5,3,1.0,5.0,3.0,0.668,0.2446,63,x2gd,Memory,x,8.0,128.0,19341.913,AWS Graviton2 Processor,Neoverse-N1,AWS
x2gd.2xlarge,us-east-1,use1-az6,3,5.0,20.0,3.0,0.668,0.2728,59,x2gd,Memory,x,8.0,128.0,19341.913,AWS Graviton2 Processor,Neoverse-N1,AWS
x2gd.4xlarge,us-east-1,use1-az1,3,5.0,5.0,2.5,1.336,0.5668,57,x2gd,Memory,x,16.0,256.0,19334.6563,AWS Graviton2 Processor,Neoverse-N1,AWS
x2gd.4xlarge,us-east-1,use1-az2,3,10.0,20.0,2.5,1.336,0.507,62,x2gd,Memory,x,16.0,256.0,19334.6563,AWS Graviton2 Processor,Neoverse-N1,AWS
x2gd.4xlarge,us-east-1,use1-az4,3,15.0,25.0,2.5,1.336,0.4827,63,x2gd,Memory,x,16.0,256.0,19334.6563,AWS Graviton2 Processor,Neoverse-N1,AWS
x2gd.4xlarge,us-east-1,use1-az5,3,1.0,1.0,2.5,1.336,0.501,62,x2gd,Memory,x,16.0,256.0,19334.6563,AWS Graviton2 Processor,Neoverse-N1,AWS
x2gd.4xlarge,us-east-1,use1-az6,3,20.0,30.0,2.5,1.336,0.4851,63,x2gd,Memory,x,16.0,256.0,19334.6563,AWS Graviton2 Processor,Neoverse-N1,AWS
x2gd.8xlarge,us-east-1,use1-az1,2,0.0,1.0,2.0,2.672,0.9614,64,x2gd,Memory,x,32.0,512.0,19346.4059,AWS Graviton2 Processor,Neoverse-N1,AWS
x2gd.8xlarge,us-east-1,use1-az2,1,0.0,0.0,2.0,2.672,1.0045,62,x2gd,Memory,x,32.0,512.0,19346.4059,AWS Graviton2 Processor,Neoverse-N1,AWS
x2gd.8xlarge,us-east-1,use1-az4,3,1.0,5.0,2.0,2.672,0.9334,65,x2gd,Memory,x,32.0,512.0,19346.4059,AWS Graviton2 Processor,Neoverse-N1,AWS
x2gd.8xlarge,us-east-1,use1-az5,3,1.0,1.0,2.0,2.672,0.9425,64,x2gd,Memory,x,32.0,512.0,19346.4059,AWS Graviton2 Processor,Neoverse-N1,AWS
x2gd.8xlarge,us-east-1,use1-az6,3,1.0,5.0,2.0,2.672,1.0725,59,x2gd,Memory,x,32.0,512.0,19346.4059,AWS Graviton2 Processor,Neoverse-N1,AWS
x2gd.large,us-east-1,use1-az1,3,40.0,50.0,3.0,0.167,0.0611,63,x2gd,Memory,x,2.0,32.0,19349.9985,AWS Graviton2 Processor,Neoverse-N1,AWS
x2gd.large,us-east-1,use1-az2,3,35.0,50.0,3.0,0.167,0.0542,67,x2gd,Memory,x,2.0,32.0,19349.9985,AWS Graviton2 Processor,Neoverse-N1,AWS
x2gd.large,us-east-1,use1-az4,3,50.0,50.0,3.0,0.167,0.0579,65,x2gd,Memory,x,2.0,32.0,19349.9985,AWS Graviton2 Processor,Neoverse-N1,AWS
x2gd.large,us-east-1,use1-az5,3,20.0,35.0,3.0,0.167,0.0589,64,x2gd,Memory,x,2.0,32.0,19349.9985,AWS Graviton2 Processor,Neoverse-N1,AWS
x2gd.large,us-east-1,use1-az6,3,50.0,50.0,3.0,0.167,0.0592,64,x2gd,Memory,x,2.0,32.0,19349.9985,AWS Graviton2 Processor,Neoverse-N1,AWS
x2gd.medium,us-east-1,use1-az1,3,50.0,50.0,3.0,0.0835,0.0278,66,x2gd,Memory,x,1.0,16.0,19348.4254,AWS Graviton2 Processor,Neoverse-N1,AWS
x2gd.medium,us-east-1,use1-az2,3,50.0,50.0,3.0,0.0835,0.0269,67,x2gd,Memory,x,1.0,16.0,19348.4254,AWS Graviton2 Processor,Neoverse-N1,AWS
x2gd.medium,us-east-1,use1-az4,3,50.0,50.0,3.0,0.0835,0.0276,66,x2gd,Memory,x,1.0,16.0,19348.4254,AWS Graviton2 Processor,Neoverse-N1,AWS
x2gd.medium,us-east-1,use1-az5,3,45.0,50.0,3.0,0.0835,0.0251,69,x2gd,Memory,x,1.0,16.0,19348.4254,AWS Graviton2 Processor,Neoverse-N1,AWS
x2gd.medium,us-east-1,use1-az6,3,50.0,50.0,3.0,0.0835,0.0284,65,x2gd,Memory,x,1.0,16.0,19348.4254,AWS Graviton2 Processor,Neoverse-N1,AWS
x2gd.xlarge,us-east-1,use1-az1,3,15.0,20.0,3.0,0.334,0.1388,58,x2gd,Memory,x,4.0,64.0,19340.1922,AWS Graviton2 Processor,Neoverse-N1,AWS
x2gd.xlarge,us-east-1,use1-az2,3,10.0,15.0,3.0,0.334,0.1315,60,x2gd,Memory,x,4.0,64.0,19340.1922,AWS Graviton2 Processor,Neoverse-N1,AWS
x2gd.xlarge,us-east-1,use1-az4,3,5.0,15.0,3.0,0.334,0.1308,60,x2gd,Memory,x,4.0,64.0,19340.1922,AWS Graviton2 Processor,Neoverse-N1,AWS
x2gd.xlarge,us-east-1,use1-az5,3,5.0,15.0,3.0,0.334,0.1222,63,x2gd,Memory,x,4.0,64.0,19340.1922,AWS Graviton2 Processor,Neoverse-N1,AWS
x2gd.xlarge,us-east-1,use1-az6,3,20.0,35.0,3.0,0.334,0.1449,56,x2gd,Memory,x,4.0,64.0,19340.1922,AWS Graviton2 Processor,Neoverse-N1,AWS
x2idn.16xlarge,us-east-1,use1-az1,3,1.0,1.0,2.5,6.669,2.7235,59,x2idn,Memory,x,64.0,1024.0,29019.3273,Intel(R) Xeon(R) Platinum 8375C CPU @ 2.90GHz,Intel(R) Xeon(R) Platinum 8375C CPU @ 2.90GHz,Intel
x2idn.16xlarge,us-east-1,use1-az2,2,0.0,1.0,2.5,6.669,2.79,58,x2idn,Memory,x,64.0,1024.0,29019.3273,Intel(R) Xeon(R) Platinum 8375C CPU @ 2.90GHz,Intel(R) Xeon(R) Platinum 8375C CPU @ 2.90GHz,Intel
x2idn.16xlarge,us-east-1,use1-az4,3,1.0,1.0,2.5,6.669,2.4544,63,x2idn,Memory,x,64.0,1024.0,29019.3273,Intel(R) Xeon(R) Platinum 8375C CPU @ 2.90GHz,Intel(R) Xeon(R) Platinum 8375C CPU @ 2.90GHz,Intel
x2idn.16xlarge,us-east-1,use1-az5,3,1.0,1.0,2.5,6.669,2.3693,64,x2idn,Memory,x,64.0,1024.0,29019.3273,Intel(R) Xeon(R) Platinum 8375C CPU @ 2.90GHz,Intel(R) Xeon(R) Platinum 8375C CPU @ 2.90GHz,Intel
x2idn.16xlarge,us-east-1,use1-az6,3,1.0,1.0,2.5,6.669,2.4487,63,x2idn,Memory,x,64.0,1024.0,29019.3273,Intel(R) Xeon(R) Platinum 8375C CPU @ 2.90GHz,Intel(R) Xeon(R) Platinum 8375C CPU @ 2.90GHz,Intel
x2idn.24xlarge,us-east-1,use1-az1,3,5.0,5.0,2.5,10.0035,3.6553,63,x2idn,Memory,x,96.0,1536.0,28954.3734,Intel(R) Xeon(R) Platinum 8375C CPU @ 2.90GHz,Intel(R) Xeon(R) Platinum 8375C CPU @ 2.90GHz,Intel
x2idn.24xlarge,us-east-1,use1-az2,2,0.0,1.0,2.5,10.0035,5.0912,49,x2idn,Memory,x,96.0,1536.0,28954.3734,Intel(R) Xeon(R) Platinum 8375C CPU @ 2.90GHz,Intel(R) Xeon(R) Platinum 8375C CPU @ 2.90GHz,Intel
x2idn.24xlarge,us-east-1,use1-az4,3,1.0,1.0,2.5,10.0035,3.6491,63,x2idn,Memory,x,96.0,1536.0,28954.3734,Intel(R) Xeon(R) Platinum 8375C CPU @ 2.90GHz,Intel(R) Xeon(R) Platinum 8375C CPU @ 2.90GHz,Intel
x2idn.24xlarge,us-east-1,use1-az5,3,1.0,1.0,2.5,10.0035,3.0597,69,x2idn,Memory,x,96.0,1536.0,28954.3734,Intel(R) Xeon(R) Platinum 8375C CPU @ 2.90GHz,Intel(R) Xeon(R) Platinum 8375C CPU @ 2.90GHz,Intel
x2idn.24xlarge,us-east-1,use1-az6,1,0.0,0.0,2.5,10.0035,3.8864,61,x2idn,Memory,x,96.0,1536.0,28954.3734,Intel(R) Xeon(R) Platinum 8375C CPU @ 2.90GHz,Intel(R) Xeon(R) Platinum 8375C CPU @ 2.90GHz,Intel
x2idn.32xlarge,us-east-1,use1-az1,3,1.0,1.0,2.5,13.338,4.5886,65,x2idn,Memory,x,128.0,2048.0,28978.3536,Intel(R) Xeon(R) Platinum 8375C CPU @ 2.90GHz,Intel(R) Xeon(R) Platinum 8375C CPU @ 2.90GHz,Intel
x2idn.32xlarge,us-east-1,use1-az2,3,1.0,1.0,2.5,13.338,5.2982,60,x2idn,Memory,x,128.0,2048.0,28978.3536,Intel(R) Xeon(R) Platinum 8375C CPU @ 2.90GHz,Intel(R) Xeon(R) Platinum 8375C CPU @ 2.90GHz,Intel
x2idn.32xlarge,us-east-1,use1-az4,3,1.0,1.0,2.5,13.338,5.3268,60,x2idn,Memory,x,128.0,2048.0,28978.3536,Intel(R) Xeon(R) Platinum 8375C CPU @ 2.90GHz,Intel(R) Xeon(R) Platinum 8375C CPU @ 2.90GHz,Intel
x2idn.32xlarge,us-east-1,use1-az5,3,1.0,1.0,2.5,13.338,3.8895,70,x2idn,Memory,x,128.0,2048.0,28978.3536,Intel(R) Xeon(R) Platinum 8375C CPU @ 2.90GHz,Intel(R) Xeon(R) Platinum 8375C CPU @ 2.90GHz,Intel
x2idn.32xlarge,us-east-1,use1-az6,3,1.0,1.0,2.5,13.338,4.3342,67,x2idn,Memory,x,128.0,2048.0,28978.3536,Intel(R) Xeon(R) Platinum 8375C CPU @ 2.90GHz,Intel(R) Xeon(R) Platinum 8375C CPU @ 2.90GHz,Intel
x2iedn.16xlarge,us-east-1,use1-az1,3,1.0,1.0,2.0,13.338,4.9041,63,x2iedn,Memory,x,64.0,2048.0,28890.2396,Intel(R) Xeon(R) Platinum 8375C CPU @ 2.90GHz,Intel(R) Xeon(R) Platinum 8375C CPU @ 2.90GHz,Intel
x2iedn.16xlarge,us-east-1,use1-az2,3,1.0,1.0,2.0,13.338,5.023,62,x2iedn,Memory,x,64.0,2048.0,28890.2396,Intel(R) Xeon(R) Platinum 8375C CPU @ 2.90GHz,Intel(R) Xeon(R) Platinum 8375C CPU @ 2.90GHz,Intel
x2iedn.16xlarge,us-east-1,use1-az4,3,1.0,1.0,2.0,13.338,4.9575,62,x2iedn,Memory,x,64.0,2048.0,28890.2396,Intel(R) Xeon(R) Platinum 8375C CPU @ 2.90GHz,Intel(R) Xeon(R) Platinum 8375C CPU @ 2.90GHz,Intel
x2iedn.16xlarge,us-east-1,use1-az5,2,0.0,1.0,2.0,13.338,4.3126,67,x2iedn,Memory,x,64.0,2048.0,28890.2396,Intel(R) Xeon(R) Platinum 8375C CPU @ 2.90GHz,Intel(R) Xeon(R) Platinum 8375C CPU @ 2.90GHz,Intel
x2iedn.16xlarge,us-east-1,use1-az6,3,1.0,1.0,2.0,13.338,4.5425,65,x2iedn,Memory,x,64.0,2048.0,28890.2396,Intel(R) Xeon(R) Platinum 8375C CPU @ 2.90GHz,Intel(R) Xeon(R) Platinum 8375C CPU @ 2.90GHz,Intel
x2iedn.24xlarge,us-east-1,use1-az1,3,1.0,1.0,2.0,20.007,6.9862,65,x2iedn,Memory,x,96.0,3072.0,29011.2577,Intel(R) Xeon(R) Platinum 8375C CPU @ 2.90GHz,Intel(R) Xeon(R) Platinum 8375C CPU @ 2.90GHz,Intel
x2iedn.24xlarge,us-east-1,use1-az2,2,0.0,1.0,2.0,20.007,7.9249,60,x2iedn,Memory,x,96.0,3072.0,29011.2577,Intel(R) Xeon(R) Platinum 8375C CPU @ 2.90GHz,Intel(R) Xeon(R) Platinum 8375C CPU @ 2.90GHz,Intel
x2iedn.24xlarge,us-east-1,use1-az4,3,1.0,1.0,2.0,20.007,7.1799,64,x2iedn,Memory,x,96.0,3072.0,29011.2577,Intel(R) Xeon(R) Platinum 8375C CPU @ 2.90GHz,Intel(R) Xeon(R) Platinum 8375C CPU @ 2.90GHz,Intel
x2iedn.24xlarge,us-east-1,use1-az5,3,1.0,1.0,2.0,20.007,6.2123,68,x2iedn,Memory,x,96.0,3072.0,29011.2577,Intel(R) Xeon(R) Platinum 8375C CPU @ 2.90GHz,Intel(R) Xeon(R) Platinum 8375C CPU @ 2.90GHz,Intel
x2iedn.24xlarge,us-east-1,use1-az6,3,1.0,1.0,2.0,20.007,6.7881,66,x2iedn,Memory,x,96.0,3072.0,29011.2577,Intel(R) Xeon(R) Platinum 8375C CPU @ 2.90GHz,Intel(R) Xeon(R) Platinum 8375C CPU @ 2.90GHz,Intel
x2iedn.2xlarge,us-east-1,use1-az1,3,5.0,10.0,2.5,1.66725,0.5948,64,x2iedn,Memory,x,8.0,256.0,28991.5821,Intel(R) Xeon(R) Platinum 8375C CPU @ 2.90GHz,Intel(R) Xeon(R) Platinum 8375C CPU @ 2.90GHz,Intel
x2iedn.2xlarge,us-east-1,use1-az2,3,20.0,35.0,2.5,1.66725,0.5783,65,x2iedn,Memory,x,8.0,256.0,28991.5821,Intel(R) Xeon(R) Platinum 8375C CPU @ 2.90GHz,Intel(R) Xeon(R) Platinum 8375C CPU @ 2.90GHz,Intel
x2iedn.2xlarge,us-east-1,use1-az4,3,25.0,40.0,2.5,1.66725,0.6358,61,x2iedn,Memory,x,8.0,256.0,28991.5821,Intel(R) Xeon(R) Platinum 8375C CPU @ 2.90GHz,Intel(R) Xeon(R) Platinum 8375C CPU @ 2.90GHz,Intel
x2iedn.2xlarge,us-east-1,use1-az5,3,1.0,1.0,2.5,1.66725,0.6325,62,x2iedn,Memory,x,8.0,256.0,28991.5821,Intel(R) Xeon(R) Platinum 8375C CPU @ 2.90GHz,Intel(R) Xeon(R) Platinum 8375C CPU @ 2.90GHz,Intel
x2iedn.2xlarge,us-east-1,use1-az6,3,30.0,50.0,2.5,1.66725,0.6131,63,x2iedn,Memory,x,8.0,256.0,28991.5821,Intel(R) Xeon(R) Platinum 8375C CPU @ 2.90GHz,Intel(R) Xeon(R) Platinum 8375C CPU @ 2.90GHz,Intel
x2iedn.32xlarge,us-east-1,use1-az1,3,1.0,1.0,2.0,26.676,8.7861,67,x2iedn,Memory,x,128.0,4096.0,28887.2738,Intel(R) Xeon(R) Platinum 8375C CPU @ 2.90GHz,Intel(R) Xeon(R) Platinum 8375C CPU @ 2.90GHz,Intel
x2iedn.32xlarge,us-east-1,use1-az2,3,1.0,1.0,2.0,26.676,9.7778,63,x2iedn,Memory,x,128.0,4096.0,28887.2738,Intel(R) Xeon(R) Platinum 8375C CPU @ 2.90GHz,Intel(R) Xeon(R) Platinum 8375C CPU @ 2.90GHz,Intel
x2iedn.32xlarge,us-east-1,use1-az4,3,1.0,5.0,2.0,26.676,9.3262,65,x2iedn,Memory,x,128.0,4096.0,28887.2738,Intel(R) Xeon(R) Platinum 8375C CPU @ 2.90GHz,Intel(R) Xeon(R) Platinum 8375C CPU @ 2.90GHz,Intel
x2iedn.32xlarge,us-east-1,use1-az5,2,0.0,1.0,2.0,26.676,9.3694,64,x2iedn,Memory,x,128.0,4096.0,28887.2738,Intel(R) Xeon(R) Platinum 8375C CPU @ 2.90GHz,Intel(R) Xeon(R) Platinum 8375C CPU @ 2.90GHz,Intel
x2iedn.32xlarge,us-east-1,use1-az6,3,15.0,20.0,2.0,26.676,8.6391,67,x2iedn,Memory,x,128.0,4096.0,28887.2738,Intel(R) Xeon(R) Platinum 8375C CPU @ 2.90GHz,Intel(R) Xeon(R) Platinum 8375C CPU @ 2.90GHz,Intel
x2iedn.4xlarge,us-east-1,use1-az1,3,1.0,5.0,2.5,3.3345,1.1668,65,x2iedn,Memory,x,16.0,512.0,29005.7166,Intel(R) Xeon(R) Platinum 8375C CPU @ 2.90GHz,Intel(R) Xeon(R) Platinum 8375C CPU @ 2.90GHz,Intel
x2iedn.4xlarge,us-east-1,use1-az2,3,1.0,1.0,2.5,3.3345,1.1873,64,x2iedn,Memory,x,16.0,512.0,29005.7166,Intel(R) Xeon(R) Platinum 8375C CPU @ 2.90GHz,Intel(R) Xeon(R) Platinum 8375C CPU @ 2.90GHz,Intel
x2iedn.4xlarge,us-east-1,use1-az4,3,5.0,5.0,2.5,3.3345,1.1708,64,x2iedn,Memory,x,16.0,512.0,29005.7166,Intel(R) Xeon(R) Platinum 8375C CPU @ 2.90GHz,Intel(R) Xeon(R) Platinum 8375C CPU @ 2.90GHz,Intel
x2iedn.4xlarge,us-east-1,use1-az5,3,1.0,1.0,2.5,3.3345,1.1034,66,x2iedn,Memory,x,16.0,512.0,29005.7166,Intel(R) Xeon(R) Platinum 8375C CPU @ 2.90GHz,Intel(R) Xeon(R) Platinum 8375C CPU @ 2.90GHz,Intel
x2iedn.4xlarge,us-east-1,use1-az6,3,5.0,10.0,2.5,3.3345,1.0845,67,x2iedn,Memory,x,16.0,512.0,29005.7166,Intel(R) Xeon(R) Platinum 8375C CPU @ 2.90GHz,Intel(R) Xeon(R) Platinum 8375C CPU @ 2.90GHz,Intel
x2iedn.8xlarge,us-east-1,use1-az1,3,1.0,5.0,2.0,6.669,2.1798,67,x2iedn,Memory,x,32.0,1024.0,28998.0027,Intel(R) Xeon(R) Platinum 8375C CPU @ 2.90GHz,Intel(R) Xeon(R) Platinum 8375C CPU @ 2.90GHz,Intel
x2iedn.8xlarge,us-east-1,use1-az2,3,1.0,1.0,2.0,6.669,2.772,58,x2iedn,Memory,x,32.0,1024.0,28998.0027,Intel(R) Xeon(R) Platinum 8375C CPU @ 2.90GHz,Intel(R) Xeon(R) Platinum 8375C CPU @ 2.90GHz,Intel
x2iedn.8xlarge,us-east-1,use1-az4,3,5.0,10.0,2.0,6.669,2.8045,57,x2iedn,Memory,x,32.0,1024.0,28998.0027,Intel(R) Xeon(R) Platinum 8375C CPU @ 2.90GHz,Intel(R) Xeon(R) Platinum 8375C CPU @ 2.90GHz,Intel
x2iedn.8xlarge,us-east-1,use1-az5,3,1.0,1.0,2.0,6.669,2.0728,68,x2iedn,Memory,x,32.0,1024.0,28998.0027,Intel(R) Xeon(R) Platinum 8375C CPU @ 2.90GHz,Intel(R) Xeon(R) Platinum 8375C CPU @ 2.90GHz,Intel
x2iedn.8xlarge,us-east-1,use1-az6,3,10.0,15.0,2.0,6.669,2.2874,65,x2iedn,Memory,x,32.0,1024.0,28998.0027,Intel(R) Xeon(R) Platinum 8375C CPU @ 2.90GHz,Intel(R) Xeon(R) Platinum 8375C CPU @ 2.90GHz,Intel
x2iedn.xlarge,us-east-1,use1-az1,3,15.0,20.0,3.0,0.83363,0.2823,66,x2iedn,Memory,x,4.0,128.0,29008.0458,Intel(R) Xeon(R) Platinum 8375C CPU @ 2.90GHz,Intel(R) Xeon(R) Platinum 8375C CPU @ 2.90GHz,Intel
x2iedn.xlarge,us-east-1,use1-az2,3,10.0,25.0,3.0,0.83363,0.2945,64,x2iedn,Memory,x,4.0,128.0,29008.0458,Intel(R) Xeon(R) Platinum 8375C CPU @ 2.90GHz,Intel(R) Xeon(R) Platinum 8375C CPU @ 2.90GHz,Intel
x2iedn.xlarge,us-east-1,use1-az4,3,30.0,50.0,3.0,0.83363,0.2901,65,x2iedn,Memory,x,4.0,128.0,29008.0458,Intel(R) Xeon(R) Platinum 8375C CPU @ 2.90GHz,Intel(R) Xeon(R) Platinum 8375C CPU @ 2.90GHz,Intel
x2iedn.xlarge,us-east-1,use1-az5,3,1.0,5.0,3.0,0.83363,0.3129,62,x2iedn,Memory,x,4.0,128.0,29008.0458,Intel(R) Xeon(R) Platinum 8375C CPU @ 2.90GHz,Intel(R) Xeon(R) Platinum 8375C CPU @ 2.90GHz,Intel
x2iedn.xlarge,us-east-1,use1-az6,3,35.0,50.0,3.0,0.83363,0.3109,62,x2iedn,Memory,x,4.0,128.0,29008.0458,Intel(R) Xeon(R) Platinum 8375C CPU @ 2.90GHz,Intel(R) Xeon(R) Platinum 8375C CPU @ 2.90GHz,Intel
x2iezn.12xlarge,us-east-1,use1-az2,3,5.0,10.0,3.0,10.008,4.3678,56,x2iezn,Memory,x,48.0,1536.0,33253.1041,Intel(R) Xeon(R) Platinum 8252C CPU @ 3.80GHz,Intel(R) Xeon(R) Platinum 8252C CPU @ 3.80GHz,Intel
x2iezn.12xlarge,us-east-1,use1-az4,3,25.0,35.0,3.0,10.008,3.9661,60,x2iezn,Memory,x,48.0,1536.0,33253.1041,Intel(R) Xeon(R) Platinum 8252C CPU @ 3.80GHz,Intel(R) Xeon(R) Platinum 8252C CPU @ 3.80GHz,Intel
x2iezn.12xlarge,us-east-1,use1-az6,3,5.0,10.0,3.0,10.008,3.7761,62,x2iezn,Memory,x,48.0,1536.0,33253.1041,Intel(R) Xeon(R) Platinum 8252C CPU @ 3.80GHz,Intel(R) Xeon(R) Platinum 8252C CPU @ 3.80GHz,Intel
x2iezn.2xlarge,us-east-1,use1-az2,3,1.0,5.0,3.0,1.668,0.6244,62,x2iezn,Memory,x,8.0,256.0,33684.5898,Intel(R) Xeon(R) Platinum 8252C CPU @ 3.80GHz,Intel(R) Xeon(R) Platinum 8252C CPU @ 3.80GHz,Intel
x2iezn.2xlarge,us-east-1,use1-az4,3,20.0,30.0,3.0,1.668,0.6128,63,x2iezn,Memory,x,8.0,256.0,33684.5898,Intel(R) Xeon(R) Platinum 8252C CPU @ 3.80GHz,Intel(R) Xeon(R) Platinum 8252C CPU @ 3.80GHz,Intel
x2iezn.2xlarge,us-east-1,use1-az6,3,5.0,5.0,3.0,1.668,0.604,63,x2iezn,Memory,x,8.0,256.0,33684.5898,Intel(R) Xeon(R) Platinum 8252C CPU @ 3.80GHz,Intel(R) Xeon(R) Platinum 8252C CPU @ 3.80GHz,Intel
x2iezn.4xlarge,us-east-1,use1-az2,3,1.0,1.0,3.0,3.336,1.3536,59,x2iezn,Memory,x,16.0,512.0,33627.016,Intel(R) Xeon(R) Platinum 8252C CPU @ 3.80GHz,Intel(R) Xeon(R) Platinum 8252C CPU @ 3.80GHz,Intel
x2iezn.4xlarge,us-east-1,use1-az4,3,5.0,10.0,3.0,3.336,1.2312,63,x2iezn,Memory,x,16.0,512.0,33627.016,Intel(R) Xeon(R) Platinum 8252C CPU @ 3.80GHz,Intel(R) Xeon(R) Platinum 8252C CPU @ 3.80GHz,Intel
x2iezn.4xlarge,us-east-1,use1-az6,3,1.0,1.0,3.0,3.336,1.1356,65,x2iezn,Memory,x,16.0,512.0,33627.016,Intel(R) Xeon(R) Platinum 8252C CPU @ 3.80GHz,Intel(R) Xeon(R) Platinum 8252C CPU @ 3.80GHz,Intel
x2iezn.6xlarge,us-east-1,use1-az2,2,0.0,1.0,1.0,5.004,2.7514,45,x2iezn,Memory,x,24.0,768.0,33705.6719,Intel(R) Xeon(R) Platinum 8252C CPU @ 3.80GHz,Intel(R) Xeon(R) Platinum 8252C CPU @ 3.80GHz,Intel
x2iezn.6xlarge,us-east-1,use1-az4,3,10.0,15.0,1.0,5.004,1.8782,62,x2iezn,Memory,x,24.0,768.0,33705.6719,Intel(R) Xeon(R) Platinum 8252C CPU @ 3.80GHz,Intel(R) Xeon(R) Platinum 8252C CPU @ 3.80GHz,Intel
x2iezn.6xlarge,us-east-1,use1-az6,3,1.0,1.0,1.0,5.004,2.1503,57,x2iezn,Memory,x,24.0,768.0,33705.6719,Intel(R) Xeon(R) Platinum 8252C CPU @ 3.80GHz,Intel(R) Xeon(R) Platinum 8252C CPU @ 3.80GHz,Intel
x2iezn.8xlarge,us-east-1,use1-az2,3,1.0,1.0,3.0,6.672,2.9567,55,x2iezn,Memory,x,32.0,1024.0,33695.2893,Intel(R) Xeon(R) Platinum 8252C CPU @ 3.80GHz,Intel(R) Xeon(R) Platinum 8252C CPU @ 3.80GHz,Intel
x2iezn.8xlarge,us-east-1,use1-az4,2,0.0,1.0,3.0,6.672,3.5788,46,x2iezn,Memory,x,32.0,1024.0,33695.2893,Intel(R) Xeon(R) Platinum 8252C CPU @ 3.80GHz,Intel(R) Xeon(R) Platinum 8252C CPU @ 3.80GHz,Intel
x2iezn.8xlarge,us-east-1,use1-az6,3,5.0,5.0,3.0,6.672,2.2622,66,x2iezn,Memory,x,32.0,1024.0,33695.2893,Intel(R) Xeon(R) Platinum 8252C CPU @ 3.80GHz,Intel(R) Xeon(R) Platinum 8252C CPU @ 3.80GHz,Intel
x8g.12xlarge,us-east-1,use1-az1,3,1.0,1.0,2.5,4.6896,1.8949,59,x8g,Memory,x,48.0,768.0,28977.782499400004,AWS Graviton4 Processor,AWS Graviton4 Processor,AWS
x8g.12xlarge,us-east-1,use1-az2,3,1.0,1.0,2.5,4.6896,2.5059,46,x8g,Memory,x,48.0,768.0,28977.782499400004,AWS Graviton4 Processor,AWS Graviton4 Processor,AWS
x8g.12xlarge,us-east-1,use1-az4,3,25.0,35.0,2.5,4.6896,1.63,65,x8g,Memory,x,48.0,768.0,28977.782499400004,AWS Graviton4 Processor,AWS Graviton4 Processor,AWS
x8g.12xlarge,us-east-1,use1-az6,3,1.0,5.0,2.5,4.6896,2.0898,55,x8g,Memory,x,48.0,768.0,28977.782499400004,AWS Graviton4 Processor,AWS Graviton4 Processor,AWS
x8g.16xlarge,us-east-1,use1-az1,3,1.0,5.0,3.0,6.2528,2.417,61,x8g,Memory,x,64.0,1024.0,28990.88607,AWS Graviton4 Processor,AWS Graviton4 Processor,AWS
x8g.16xlarge,us-east-1,use1-az2,3,1.0,5.0,3.0,6.2528,2.9381,53,x8g,Memory,x,64.0,1024.0,28990.88607,AWS Graviton4 Processor,AWS Graviton4 Processor,AWS
x8g.16xlarge,us-east-1,use1-az4,3,5.0,5.0,3.0,6.2528,2.1667,65,x8g,Memory,x,64.0,1024.0,28990.88607,AWS Graviton4 Processor,AWS Graviton4 Processor,AWS
x8g.16xlarge,us-east-1,use1-az6,3,5.0,15.0,3.0,6.2528,2.0475,67,x8g,Memory,x,64.0,1024.0,28990.88607,AWS Graviton4 Processor,AWS Graviton4 Processor,AWS
x8g.24xlarge,us-east-1,use1-az1,3,1.0,1.0,3.0,9.3792,3.5654,61,x8g,Memory,x,96.0,1536.0,28982.31599,AWS Graviton4 Processor,AWS Graviton4 Processor,AWS
x8g.24xlarge,us-east-1,use1-az2,3,1.0,1.0,3.0,9.3792,3.2863,64,x8g,Memory,x,96.0,1536.0,28982.31599,AWS Graviton4 Processor,AWS Graviton4 Processor,AWS
x8g.24xlarge,us-east-1,use1-az4,3,5.0,15.0,3.0,9.3792,2.8617,69,x8g,Memory,x,96.0,1536.0,28982.31599,AWS Graviton4 Processor,AWS Graviton4 Processor,AWS
x8g.24xlarge,us-east-1,use1-az6,3,20.0,30.0,3.0,9.3792,2.8865,69,x8g,Memory,x,96.0,1536.0,28982.31599,AWS Graviton4 Processor,AWS Graviton4 Processor,AWS
x8g.2xlarge,us-east-1,use1-az1,3,1.0,5.0,3.0,0.7816,0.393,49,x8g,Memory,x,8.0,128.0,28965.58656,AWS Graviton4 Processor,AWS Graviton4 Processor,AWS
x8g.2xlarge,us-east-1,use1-az2,3,5.0,15.0,3.0,0.7816,0.3622,53,x8g,Memory,x,8.0,128.0,28965.58656,AWS Graviton4 Processor,AWS Graviton4 Processor,AWS
x8g.2xlarge,us-east-1,use1-az4,3,20.0,30.0,3.0,0.7816,0.3207,58,x8g,Memory,x,8.0,128.0,28965.58656,AWS Graviton4 Processor,AWS Graviton4 Processor,AWS
x8g.2xlarge,us-east-1,use1-az6,3,25.0,35.0,3.0,0.7816,0.3254,58,x8g,Memory,x,8.0,128.0,28965.58656,AWS Graviton4 Processor,AWS Graviton4 Processor,AWS
x8g.48xlarge,us-east-1,use1-az1,3,1.0,5.0,3.0,18.7584,5.3032,71,x8g,Memory,x,192.0,3072.0,27930.465304399997,AWS Graviton4 Processor,AWS Graviton4 Processor,AWS
x8g.48xlarge,us-east-1,use1-az2,3,5.0,5.0,3.0,18.7584,6.0065,67,x8g,Memory,x,192.0,3072.0,27930.465304399997,AWS Graviton4 Processor,AWS Graviton4 Processor,AWS
x8g.48xlarge,us-east-1,use1-az4,3,5.0,10.0,3.0,18.7584,5.8289,68,x8g,Memory,x,192.0,3072.0,27930.465304399997,AWS Graviton4 Processor,AWS Graviton4 Processor,AWS
x8g.48xlarge,us-east-1,use1-az6,3,1.0,1.0,3.0,18.7584,5.8845,68,x8g,Memory,x,192.0,3072.0,27930.465304399997,AWS Graviton4 Processor,AWS Graviton4 Processor,AWS
x8g.4xlarge,us-east-1,use1-az1,3,1.0,1.0,3.0,1.5632,0.9289,40,x8g,Memory,x,16.0,256.0,28948.83913,AWS Graviton4 Processor,AWS Graviton4 Processor,AWS
x8g.4xlarge,us-east-1,use1-az2,3,5.0,10.0,3.0,1.5632,0.5628,63,x8g,Memory,x,16.0,256.0,28948.83913,AWS Graviton4 Processor,AWS Graviton4 Processor,AWS
x8g.4xlarge,us-east-1,use1-az4,3,5.0,15.0,3.0,1.5632,0.5519,64,x8g,Memory,x,16.0,256.0,28948.83913,AWS Graviton4 Processor,AWS Graviton4 Processor,AWS
x8g.4xlarge,us-east-1,use1-az6,3,10.0,20.0,3.0,1.5632,0.5647,63,x8g,Memory,x,16.0,256.0,28948.83913,AWS Graviton4 Processor,AWS Graviton4 Processor,AWS
x8g.8xlarge,us-east-1,use1-az1,3,1.0,1.0,3.0,3.1264,1.6097,48,x8g,Memory,x,32.0,512.0,28985.8438458,AWS Graviton4 Processor,AWS Graviton4 Processor,AWS
x8g.8xlarge,us-east-1,use1-az2,3,1.0,5.0,3.0,3.1264,1.2704,59,x8g,Memory,x,32.0,512.0,28985.8438458,AWS Graviton4 Processor,AWS Graviton4 Processor,AWS
x8g.8xlarge,us-east-1,use1-az4,3,1.0,5.0,3.0,3.1264,1.3517,56,x8g,Memory,x,32.0,512.0,28985.8438458,AWS Graviton4 Processor,AWS Graviton4 Processor,AWS
x8g.8xlarge,us-east-1,use1-az6,3,5.0,5.0,3.0,3.1264,1.0859,65,x8g,Memory,x,32.0,512.0,28985.8438458,AWS Graviton4 Processor,AWS Graviton4 Processor,AWS
x8g.large,us-east-1,use1-az1,3,30.0,50.0,3.0,0.1954,0.0723,62,x8g,Memory,x,2.0,32.0,28984.836102399997,AWS Graviton4 Processor,AWS Graviton4 Processor,AWS
x8g.large,us-east-1,use1-az2,3,,,3.0,0.1954,0.073,62,x8g,Memory,x,2.0,32.0,28984.836102399997,AWS Graviton4 Processor,AWS Graviton4 Processor,AWS
x8g.large,us-east-1,use1-az4,3,50.0,50.0,3.0,0.1954,0.068,65,x8g,Memory,x,2.0,32.0,28984.836102399997,AWS Graviton4 Processor,AWS Graviton4 Processor,AWS
x8g.large,us-east-1,use1-az6,3,50.0,50.0,3.0,0.1954,0.0697,64,x8g,Memory,x,2.0,32.0,28984.836102399997,AWS Graviton4 Processor,AWS Graviton4 Processor,AWS
x8g.medium,us-east-1,use1-az1,3,50.0,50.0,3.0,0.0977,0.031,68,x8g,Memory,x,1.0,16.0,28966.548239000003,AWS Graviton4 Processor,AWS Graviton4 Processor,AWS
x8g.medium,us-east-1,use1-az2,3,,,3.0,0.0977,0.0284,70,x8g,Memory,x,1.0,16.0,28966.548239000003,AWS Graviton4 Processor,AWS Graviton4 Processor,AWS
x8g.medium,us-east-1,use1-az4,3,50.0,50.0,3.0,0.0977,0.0292,70,x8g,Memory,x,1.0,16.0,28966.548239000003,AWS Graviton4 Processor,AWS Graviton4 Processor,AWS
x8g.medium,us-east-1,use1-az6,3,50.0,50.0,3.0,0.0977,0.0278,71,x8g,Memory,x,1.0,16.0,28966.548239000003,AWS Graviton4 Processor,AWS Graviton4 Processor,AWS
x8g.metal-24xl,us-east-1,use1-az1,3,1.0,1.0,3.0,9.3792,3.2521,65,x8g,,x,96.0,1536.0,29010.17077,,,AWS
x8g.metal-24xl,us-east-1,use1-az2,3,1.0,1.0,3.0,9.3792,3.0662,67,x8g,,x,96.0,1536.0,29010.17077,,,AWS
x8g.metal-24xl,us-east-1,use1-az4,3,5.0,5.0,3.0,9.3792,2.8429,69,x8g,,x,96.0,1536.0,29010.17077,,,AWS
x8g.metal-24xl,us-east-1,use1-az6,3,5.0,5.0,3.0,9.3792,2.9503,68,x8g,,x,96.0,1536.0,29010.17077,,,AWS
x8g.metal-48xl,us-east-1,use1-az1,2,0.0,1.0,3.0,18.7584,5.5309,70,x8g,,x,192.0,3072.0,28000.852160600003,,,AWS
x8g.metal-48xl,us-east-1,use1-az2,3,1.0,1.0,3.0,18.7584,5.8917,68,x8g,,x,192.0,3072.0,28000.852160600003,,,AWS
x8g.metal-48xl,us-east-1,use1-az4,3,1.0,5.0,3.0,18.7584,5.7316,69,x8g,,x,192.0,3072.0,28000.852160600003,,,AWS
x8g.metal-48xl,us-east-1,use1-az6,3,1.0,1.0,3.0,18.7584,5.4679,70,x8g,,x,192.0,3072.0,28000.852160600003,,,AWS
x8g.xlarge,us-east-1,use1-az1,3,5.0,10.0,3.0,0.3908,0.1935,50,x8g,Memory,x,4.0,64.0,28993.40806,AWS Graviton4 Processor,AWS Graviton4 Processor,AWS
x8g.xlarge,us-east-1,use1-az2,3,20.0,35.0,3.0,0.3908,0.1836,53,x8g,Memory,x,4.0,64.0,28993.40806,AWS Graviton4 Processor,AWS Graviton4 Processor,AWS
x8g.xlarge,us-east-1,use1-az4,3,35.0,50.0,3.0,0.3908,0.1506,61,x8g,Memory,x,4.0,64.0,28993.40806,AWS Graviton4 Processor,AWS Graviton4 Processor,AWS
x8g.xlarge,us-east-1,use1-az6,3,50.0,50.0,3.0,0.3908,0.1482,62,x8g,Memory,x,4.0,64.0,28993.40806,AWS Graviton4 Processor,AWS Graviton4 Processor,AWS
z1d.12xlarge,us-east-1,use1-az1,3,5.0,5.0,1.0,4.464,1.553,65,z1d,Memory,z,48.0,384.0,29928.1188,Intel(R) Xeon(R) Platinum 8151 CPU @ 3.40GHz,Intel(R) Xeon(R) Platinum 8151 CPU @ 3.40GHz,Intel
z1d.12xlarge,us-east-1,use1-az2,3,1.0,1.0,1.0,4.464,1.5131,66,z1d,Memory,z,48.0,384.0,29928.1188,Intel(R) Xeon(R) Platinum 8151 CPU @ 3.40GHz,Intel(R) Xeon(R) Platinum 8151 CPU @ 3.40GHz,Intel
z1d.12xlarge,us-east-1,use1-az4,3,5.0,10.0,1.0,4.464,1.5882,64,z1d,Memory,z,48.0,384.0,29928.1188,Intel(R) Xeon(R) Platinum 8151 CPU @ 3.40GHz,Intel(R) Xeon(R) Platinum 8151 CPU @ 3.40GHz,Intel
z1d.12xlarge,us-east-1,use1-az5,2,0.0,1.0,1.0,4.464,1.3295,70,z1d,Memory,z,48.0,384.0,29928.1188,Intel(R) Xeon(R) Platinum 8151 CPU @ 3.40GHz,Intel(R) Xeon(R) Platinum 8151 CPU @ 3.40GHz,Intel
z1d.12xlarge,us-east-1,use1-az6,3,10.0,15.0,1.0,4.464,1.5239,65,z1d,Memory,z,48.0,384.0,29928.1188,Intel(R) Xeon(R) Platinum 8151 CPU @ 3.40GHz,Intel(R) Xeon(R) Platinum 8151 CPU @ 3.40GHz,Intel
z1d.2xlarge,us-east-1,use1-az1,3,5.0,5.0,1.0,0.744,0.292,60,z1d,Memory,z,8.0,64.0,29932.6018,Intel(R) Xeon(R) Platinum 8151 CPU @ 3.40GHz,Intel(R) Xeon(R) Platinum 8151 CPU @ 3.40GHz,Intel
z1d.2xlarge,us-east-1,use1-az2,3,5.0,10.0,1.0,0.744,0.2817,62,z1d,Memory,z,8.0,64.0,29932.6018,Intel(R) Xeon(R) Platinum 8151 CPU @ 3.40GHz,Intel(R) Xeon(R) Platinum 8151 CPU @ 3.40GHz,Intel
z1d.2xlarge,us-east-1,use1-az4,3,10.0,20.0,1.0,0.744,0.295,60,z1d,Memory,z,8.0,64.0,29932.6018,Intel(R) Xeon(R) Platinum 8151 CPU @ 3.40GHz,Intel(R) Xeon(R) Platinum 8151 CPU @ 3.40GHz,Intel
z1d.2xlarge,us-east-1,use1-az5,3,1.0,5.0,1.0,0.744,0.31,58,z1d,Memory,z,8.0,64.0,29932.6018,Intel(R) Xeon(R) Platinum 8151 CPU @ 3.40GHz,Intel(R) Xeon(R) Platinum 8151 CPU @ 3.40GHz,Intel
z1d.2xlarge,us-east-1,use1-az6,3,5.0,10.0,1.0,0.744,0.2831,61,z1d,Memory,z,8.0,64.0,29932.6018,Intel(R) Xeon(R) Platinum 8151 CPU @ 3.40GHz,Intel(R) Xeon(R) Platinum 8151 CPU @ 3.40GHz,Intel
z1d.3xlarge,us-east-1,use1-az1,3,5.0,5.0,1.0,1.116,0.4916,55,z1d,Memory,z,12.0,96.0,29890.5849,Intel(R) Xeon(R) Platinum 8151 CPU @ 3.40GHz,Intel(R) Xeon(R) Platinum 8151 CPU @ 3.40GHz,Intel
z1d.3xlarge,us-east-1,use1-az2,3,1.0,1.0,1.0,1.116,0.401,64,z1d,Memory,z,12.0,96.0,29890.5849,Intel(R) Xeon(R) Platinum 8151 CPU @ 3.40GHz,Intel(R) Xeon(R) Platinum 8151 CPU @ 3.40GHz,Intel
z1d.3xlarge,us-east-1,use1-az4,3,5.0,5.0,1.0,1.116,0.4318,61,z1d,Memory,z,12.0,96.0,29890.5849,Intel(R) Xeon(R) Platinum 8151 CPU @ 3.40GHz,Intel(R) Xeon(R) Platinum 8151 CPU @ 3.40GHz,Intel
z1d.3xlarge,us-east-1,use1-az5,3,1.0,10.0,1.0,1.116,0.387,65,z1d,Memory,z,12.0,96.0,29890.5849,Intel(R) Xeon(R) Platinum 8151 CPU @ 3.40GHz,Intel(R) Xeon(R) Platinum 8151 CPU @ 3.40GHz,Intel
z1d.3xlarge,us-east-1,use1-az6,3,5.0,10.0,1.0,1.116,0.4192,62,z1d,Memory,z,12.0,96.0,29890.5849,Intel(R) Xeon(R) Platinum 8151 CPU @ 3.40GHz,Intel(R) Xeon(R) Platinum 8151 CPU @ 3.40GHz,Intel
z1d.6xlarge,us-east-1,use1-az1,3,1.0,1.0,1.0,2.232,0.8187,63,z1d,Memory,z,24.0,192.0,29941.0209,Intel(R) Xeon(R) Platinum 8151 CPU @ 3.40GHz,Intel(R) Xeon(R) Platinum 8151 CPU @ 3.40GHz,Intel
z1d.6xlarge,us-east-1,use1-az2,3,1.0,1.0,1.0,2.232,0.8317,62,z1d,Memory,z,24.0,192.0,29941.0209,Intel(R) Xeon(R) Platinum 8151 CPU @ 3.40GHz,Intel(R) Xeon(R) Platinum 8151 CPU @ 3.40GHz,Intel
z1d.6xlarge,us-east-1,use1-az4,3,1.0,5.0,1.0,2.232,0.8274,62,z1d,Memory,z,24.0,192.0,29941.0209,Intel(R) Xeon(R) Platinum 8151 CPU @ 3.40GHz,Intel(R) Xeon(R) Platinum 8151 CPU @ 3.40GHz,Intel
z1d.6xlarge,us-east-1,use1-az5,1,0.0,0.0,1.0,2.232,0.8072,63,z1d,Memory,z,24.0,192.0,29941.0209,Intel(R) Xeon(R) Platinum 8151 CPU @ 3.40GHz,Intel(R) Xeon(R) Platinum 8151 CPU @ 3.40GHz,Intel
z1d.6xlarge,us-east-1,use1-az6,3,5.0,5.0,1.0,2.232,0.88,60,z1d,Memory,z,24.0,192.0,29941.0209,Intel(R) Xeon(R) Platinum 8151 CPU @ 3.40GHz,Intel(R) Xeon(R) Platinum 8151 CPU @ 3.40GHz,Intel
z1d.large,us-east-1,use1-az1,3,10.0,20.0,1.0,0.186,0.0641,65,z1d,Memory,z,2.0,16.0,29910.9303,Intel(R) Xeon(R) Platinum 8151 CPU @ 3.40GHz,Intel(R) Xeon(R) Platinum 8151 CPU @ 3.40GHz,Intel
z1d.large,us-east-1,use1-az2,3,15.0,20.0,1.0,0.186,0.0637,65,z1d,Memory,z,2.0,16.0,29910.9303,Intel(R) Xeon(R) Platinum 8151 CPU @ 3.40GHz,Intel(R) Xeon(R) Platinum 8151 CPU @ 3.40GHz,Intel
z1d.large,us-east-1,use1-az4,3,20.0,35.0,1.0,0.186,0.075,59,z1d,Memory,z,2.0,16.0,29910.9303,Intel(R) Xeon(R) Platinum 8151 CPU @ 3.40GHz,Intel(R) Xeon(R) Platinum 8151 CPU @ 3.40GHz,Intel
z1d.large,us-east-1,use1-az5,3,10.0,15.0,1.0,0.186,0.0748,59,z1d,Memory,z,2.0,16.0,29910.9303,Intel(R) Xeon(R) Platinum 8151 CPU @ 3.40GHz,Intel(R) Xeon(R) Platinum 8151 CPU @ 3.40GHz,Intel
z1d.large,us-east-1,use1-az6,3,15.0,25.0,1.0,0.186,0.0674,63,z1d,Memory,z,2.0,16.0,29910.9303,Intel(R) Xeon(R) Platinum 8151 CPU @ 3.40GHz,Intel(R) Xeon(R) Platinum 8151 CPU @ 3.40GHz,Intel
z1d.xlarge,us-east-1,use1-az1,3,10.0,20.0,1.0,0.372,0.1457,60,z1d,Memory,z,4.0,32.0,29910.593,Intel(R) Xeon(R) Platinum 8151 CPU @ 3.40GHz,Intel(R) Xeon(R) Platinum 8151 CPU @ 3.40GHz,Intel
z1d.xlarge,us-east-1,use1-az2,3,20.0,35.0,1.0,0.372,0.1299,65,z1d,Memory,z,4.0,32.0,29910.593,Intel(R) Xeon(R) Platinum 8151 CPU @ 3.40GHz,Intel(R) Xeon(R) Platinum 8151 CPU @ 3.40GHz,Intel
z1d.xlarge,us-east-1,use1-az4,3,25.0,35.0,1.0,0.372,0.1233,66,z1d,Memory,z,4.0,32.0,29910.593,Intel(R) Xeon(R) Platinum 8151 CPU @ 3.40GHz,Intel(R) Xeon(R) Platinum 8151 CPU @ 3.40GHz,Intel
z1d.xlarge,us-east-1,use1-az5,3,1.0,5.0,1.0,0.372,0.1292,65,z1d,Memory,z,4.0,32.0,29910.593,Intel(R) Xeon(R) Platinum 8151 CPU @ 3.40GHz,Intel(R) Xeon(R) Platinum 8151 CPU @ 3.40GHz,Intel
z1d.xlarge,us-east-1,use1-az6,3,35.0,50.0,1.0,0.372,0.1446,61,z1d,Memory,z,4.0,32.0,29910.593,Intel(R) Xeon(R) Platinum 8151 CPU @ 3.40GHz,Intel(R) Xeon(R) Platinum 8151 CPU @ 3.40GHz,Intel
