alpha,cost,performance,perf_per_cost,actual_pods,excess_pods,instance_types
0.0,0.6283000000000001,1959784,3119185.1026579654,100,0,"{'D2pls_v5_US East_1': 25, 'D2pls_v5_US East_2': 25}"
0.01,0.6283000000000001,1959784,3119185.1026579654,100,0,"{'D2pls_v5_US East_1': 25, 'D2pls_v5_US East_2': 25}"
0.02,0.6283000000000001,1959784,3119185.1026579654,100,0,"{'D2pls_v5_US East_1': 25, 'D2pls_v5_US East_2': 25}"
0.03,0.6283000000000001,1959784,3119185.1026579654,100,0,"{'D2pls_v5_US East_1': 25, 'D2pls_v5_US East_2': 25}"
0.04,0.6283000000000001,1959784,3119185.1026579654,100,0,"{'D2pls_v5_US East_1': 25, 'D2pls_v5_US East_2': 25}"
0.05,0.6283000000000001,1959784,3119185.1026579654,100,0,"{'D2pls_v5_US East_1': 25, 'D2pls_v5_US East_2': 25}"
0.06,0.6283000000000001,1959784,3119185.1026579654,100,0,"{'D2pls_v5_US East_1': 25, 'D2pls_v5_US East_2': 25}"
0.07,0.6283000000000001,1959784,3119185.1026579654,100,0,"{'D2pls_v5_US East_1': 25, 'D2pls_v5_US East_2': 25}"
0.08,0.6283000000000001,1959784,3119185.1026579654,100,0,"{'D2pls_v5_US East_1': 25, 'D2pls_v5_US East_2': 25}"
0.09,0.6283000000000001,1959784,3119185.1026579654,100,0,"{'D2pls_v5_US East_1': 25, 'D2pls_v5_US East_2': 25}"
0.1,0.6283000000000001,1959784,3119185.1026579654,100,0,"{'D2pls_v5_US East_1': 25, 'D2pls_v5_US East_2': 25}"
0.11,0.6283000000000001,1959784,3119185.1026579654,100,0,"{'D2pls_v5_US East_1': 25, 'D2pls_v5_US East_2': 25}"
0.12,0.6283000000000001,1959784,3119185.1026579654,100,0,"{'D2pls_v5_US East_1': 25, 'D2pls_v5_US East_2': 25}"
0.13,0.6283000000000001,1959784,3119185.1026579654,100,0,"{'D2pls_v5_US East_1': 25, 'D2pls_v5_US East_2': 25}"
0.14,0.6283000000000001,1959784,3119185.1026579654,100,0,"{'D2pls_v5_US East_1': 25, 'D2pls_v5_US East_2': 25}"
0.15,0.6283000000000001,1959784,3119185.1026579654,100,0,"{'D2pls_v5_US East_1': 25, 'D2pls_v5_US East_2': 25}"
0.16,0.6283000000000001,1959784,3119185.1026579654,100,0,"{'D2pls_v5_US East_1': 25, 'D2pls_v5_US East_2': 25}"
0.17,0.6283000000000001,1959784,3119185.1026579654,100,0,"{'D2pls_v5_US East_1': 25, 'D2pls_v5_US East_2': 25}"
0.18,0.6283000000000001,1959784,3119185.1026579654,100,0,"{'D2pls_v5_US East_1': 25, 'D2pls_v5_US East_2': 25}"
0.19,0.6283000000000001,1959784,3119185.1026579654,100,0,"{'D2pls_v5_US East_1': 25, 'D2pls_v5_US East_2': 25}"
0.2,0.6283000000000001,1959784,3119185.1026579654,100,0,"{'D2pls_v5_US East_1': 25, 'D2pls_v5_US East_2': 25}"
0.21,0.6283000000000001,1959784,3119185.1026579654,100,0,"{'D2pls_v5_US East_1': 25, 'D2pls_v5_US East_2': 25}"
0.22,0.6283000000000001,1959784,3119185.1026579654,100,0,"{'D2pls_v5_US East_1': 25, 'D2pls_v5_US East_2': 25}"
0.23,0.7876839999999999,3205423,4069427.5877128392,100,0,"{'D16als_v6_US East_3': 6, 'D2als_v6_US East_1': 2}"
0.24,0.7876839999999999,3205423,4069427.5877128392,100,0,"{'D16als_v6_US East_3': 6, 'D2als_v6_US East_1': 2}"
0.25,0.7876839999999999,3205423,4069427.5877128392,100,0,"{'D2als_v6_US East_1': 2, 'D32als_v6_US East_3': 3}"
0.26,0.7876839999999999,3205423,4069427.5877128392,100,0,"{'D16als_v6_US East_3': 6, 'D2als_v6_US East_1': 2}"
0.27,0.7876839999999999,3205423,4069427.5877128392,100,0,"{'D16als_v6_US East_3': 6, 'D2als_v6_US East_1': 2}"
0.28,0.7876839999999999,3205423,4069427.5877128392,100,0,"{'D2als_v6_US East_1': 2, 'D32als_v6_US East_3': 3}"
0.29,0.7876839999999999,3205423,4069427.5877128392,100,0,"{'D16als_v6_US East_3': 6, 'D2als_v6_US East_1': 2}"
0.3,0.7876839999999999,3205423,4069427.5877128392,100,0,"{'D16als_v6_US East_3': 6, 'D2als_v6_US East_1': 2}"
0.31,0.7876839999999999,3205423,4069427.5877128392,100,0,"{'D16als_v6_US East_3': 6, 'D2als_v6_US East_1': 2}"
0.32,0.7876839999999999,3205423,4069427.5877128392,100,0,"{'D2als_v6_US East_1': 2, 'D32als_v6_US East_3': 3}"
0.33,0.7876839999999999,3205423,4069427.5877128392,100,0,"{'D2als_v6_US East_1': 2, 'D32als_v6_US East_3': 3}"
0.34,0.7876839999999999,3205423,4069427.5877128392,100,0,"{'D2als_v6_US East_1': 2, 'D32als_v6_US East_3': 3}"
0.35000000000000003,0.7876839999999999,3205423,4069427.5877128392,100,0,"{'D16als_v6_US East_3': 6, 'D2als_v6_US East_1': 2}"
0.36,77.61695,315734165,4067850.714309181,9850,9750,"{'D16als_v6_US East_1': 25, 'D16als_v6_US East_3': 25, 'D2als_v6_US East_1': 25, 'D2als_v6_US East_2': 25, 'D2als_v6_US East_3': 25, 'D32als_v6_US East_1': 25, 'D32als_v6_US East_3': 25, 'D48als_v6_US East_1': 25, 'D48als_v6_US East_2': 25, 'D4als_v6_US East_1': 25, 'D4als_v6_US East_2': 25, 'D4als_v6_US East_3': 25, 'D64als_v6_US East_2': 25, 'D8als_v6_US East_1': 25, 'D8als_v6_US East_2': 25, 'D8als_v6_US East_3': 25, 'D96als_v6_US East_3': 25}"
0.37,77.61695,315734165,4067850.714309181,9850,9750,"{'D16als_v6_US East_1': 25, 'D16als_v6_US East_3': 25, 'D2als_v6_US East_1': 25, 'D2als_v6_US East_2': 25, 'D2als_v6_US East_3': 25, 'D32als_v6_US East_1': 25, 'D32als_v6_US East_3': 25, 'D48als_v6_US East_1': 25, 'D48als_v6_US East_2': 25, 'D4als_v6_US East_1': 25, 'D4als_v6_US East_2': 25, 'D4als_v6_US East_3': 25, 'D64als_v6_US East_2': 25, 'D8als_v6_US East_1': 25, 'D8als_v6_US East_2': 25, 'D8als_v6_US East_3': 25, 'D96als_v6_US East_3': 25}"
0.38,77.61695,315734165,4067850.714309181,9850,9750,"{'D16als_v6_US East_1': 25, 'D16als_v6_US East_3': 25, 'D2als_v6_US East_1': 25, 'D2als_v6_US East_2': 25, 'D2als_v6_US East_3': 25, 'D32als_v6_US East_1': 25, 'D32als_v6_US East_3': 25, 'D48als_v6_US East_1': 25, 'D48als_v6_US East_2': 25, 'D4als_v6_US East_1': 25, 'D4als_v6_US East_2': 25, 'D4als_v6_US East_3': 25, 'D64als_v6_US East_2': 25, 'D8als_v6_US East_1': 25, 'D8als_v6_US East_2': 25, 'D8als_v6_US East_3': 25, 'D96als_v6_US East_3': 25}"
0.39,142.13232499999998,548127333,3856457.938051742,17100,17000,"{'D16als_v6_US East_1': 25, 'D16als_v6_US East_3': 25, 'D16as_v6_US East_1': 25, 'D16as_v6_US East_2': 25, 'D2als_v6_US East_1': 25, 'D2als_v6_US East_2': 25, 'D2als_v6_US East_3': 25, 'D2as_v6_US East_1': 25, 'D2as_v6_US East_2': 25, 'D2as_v6_US East_3': 25, 'D32als_v6_US East_1': 25, 'D32als_v6_US East_3': 25, 'D32as_v6_US East_2': 25, 'D32as_v6_US East_3': 25, 'D48als_v6_US East_1': 25, 'D48als_v6_US East_2': 25, 'D4als_v6_US East_1': 25, 'D4als_v6_US East_2': 25, 'D4als_v6_US East_3': 25, 'D4as_v6_US East_1': 25, 'D4as_v6_US East_2': 25, 'D4as_v6_US East_3': 25, 'D64als_v6_US East_2': 25, 'D64as_v6_US East_3': 25, 'D8als_v6_US East_1': 25, 'D8als_v6_US East_2': 25, 'D8als_v6_US East_3': 25, 'D8as_v6_US East_1': 25, 'D8as_v6_US East_3': 25, 'D96als_v6_US East_3': 25, 'D96as_v6_US East_2': 25}"
0.4,175.64219999999995,660317138,3759444.700647112,20600,20500,"{'D16als_v6_US East_1': 25, 'D16als_v6_US East_3': 25, 'D16as_v6_US East_1': 25, 'D16as_v6_US East_2': 25, 'D2als_v6_US East_1': 25, 'D2als_v6_US East_2': 25, 'D2als_v6_US East_3': 25, 'D2as_v6_US East_1': 25, 'D2as_v6_US East_2': 25, 'D2as_v6_US East_3': 25, 'D32alds_v6_US East_2': 25, 'D32alds_v6_US East_3': 25, 'D32als_v6_US East_1': 25, 'D32als_v6_US East_3': 25, 'D32as_v6_US East_2': 25, 'D32as_v6_US East_3': 25, 'D48als_v6_US East_1': 25, 'D48als_v6_US East_2': 25, 'D4alds_v6_US East_1': 25, 'D4alds_v6_US East_2': 25, 'D4alds_v6_US East_3': 25, 'D4als_v6_US East_1': 25, 'D4als_v6_US East_2': 25, 'D4als_v6_US East_3': 25, 'D4as_v6_US East_1': 25, 'D4as_v6_US East_2': 25, 'D4as_v6_US East_3': 25, 'D64alds_v6_US East_1': 25, 'D64als_v6_US East_2': 25, 'D64as_v6_US East_3': 25, 'D8als_v6_US East_1': 25, 'D8als_v6_US East_2': 25, 'D8als_v6_US East_3': 25, 'D8as_v6_US East_1': 25, 'D8as_v6_US East_3': 25, 'D96als_v6_US East_3': 25, 'D96as_v6_US East_2': 25}"
0.41000000000000003,223.05794999999992,818985576,3671626.931476777,25550,25450,"{'D16alds_v6_US East_1': 25, 'D16alds_v6_US East_3': 25, 'D16als_v6_US East_1': 25, 'D16als_v6_US East_3': 25, 'D16as_v6_US East_1': 25, 'D16as_v6_US East_2': 25, 'D2alds_v6_US East_1': 25, 'D2alds_v6_US East_2': 25, 'D2alds_v6_US East_3': 25, 'D2als_v6_US East_1': 25, 'D2als_v6_US East_2': 25, 'D2als_v6_US East_3': 25, 'D2as_v6_US East_1': 25, 'D2as_v6_US East_2': 25, 'D2as_v6_US East_3': 25, 'D32alds_v6_US East_2': 25, 'D32alds_v6_US East_3': 25, 'D32als_v6_US East_1': 25, 'D32als_v6_US East_3': 25, 'D32as_v6_US East_2': 25, 'D32as_v6_US East_3': 25, 'D48alds_v6_US East_3': 25, 'D48als_v6_US East_1': 25, 'D48als_v6_US East_2': 25, 'D4alds_v6_US East_1': 25, 'D4alds_v6_US East_2': 25, 'D4alds_v6_US East_3': 25, 'D4als_v6_US East_1': 25, 'D4als_v6_US East_2': 25, 'D4als_v6_US East_3': 25, 'D4as_v6_US East_1': 25, 'D4as_v6_US East_2': 25, 'D4as_v6_US East_3': 25, 'D64alds_v6_US East_1': 25, 'D64als_v6_US East_2': 25, 'D64as_v6_US East_3': 25, 'D8alds_v6_US East_2': 25, 'D8alds_v6_US East_3': 25, 'D8als_v6_US East_1': 25, 'D8als_v6_US East_2': 25, 'D8als_v6_US East_3': 25, 'D8as_v6_US East_1': 25, 'D8as_v6_US East_3': 25, 'D96alds_v6_US East_3': 25, 'D96als_v6_US East_3': 25, 'D96as_v6_US East_2': 25}"
0.42,239.70842499999995,870919852,3633246.735069909,28200,28100,"{'D16alds_v6_US East_1': 25, 'D16alds_v6_US East_3': 25, 'D16als_v6_US East_1': 25, 'D16als_v6_US East_3': 25, 'D16as_v6_US East_1': 25, 'D16as_v6_US East_2': 25, 'D16pls_v5_US East_1': 25, 'D16pls_v5_US East_2': 25, 'D2alds_v6_US East_1': 25, 'D2alds_v6_US East_2': 25, 'D2alds_v6_US East_3': 25, 'D2als_v6_US East_1': 25, 'D2als_v6_US East_2': 25, 'D2als_v6_US East_3': 25, 'D2as_v6_US East_1': 25, 'D2as_v6_US East_2': 25, 'D2as_v6_US East_3': 25, 'D2pls_v5_US East_1': 25, 'D2pls_v5_US East_2': 25, 'D2pls_v5_US East_3': 25, 'D32alds_v6_US East_2': 25, 'D32alds_v6_US East_3': 25, 'D32als_v6_US East_1': 25, 'D32als_v6_US East_3': 25, 'D32as_v6_US East_2': 25, 'D32as_v6_US East_3': 25, 'D32pls_v5_US East_2': 25, 'D48alds_v6_US East_3': 25, 'D48als_v6_US East_1': 25, 'D48als_v6_US East_2': 25, 'D4alds_v6_US East_1': 25, 'D4alds_v6_US East_2': 25, 'D4alds_v6_US East_3': 25, 'D4als_v6_US East_1': 25, 'D4als_v6_US East_2': 25, 'D4als_v6_US East_3': 25, 'D4as_v6_US East_1': 25, 'D4as_v6_US East_2': 25, 'D4as_v6_US East_3': 25, 'D4pls_v5_US East_1': 25, 'D4pls_v5_US East_2': 25, 'D4pls_v5_US East_3': 25, 'D64alds_v6_US East_1': 25, 'D64als_v6_US East_2': 25, 'D64as_v6_US East_3': 25, 'D8alds_v6_US East_2': 25, 'D8alds_v6_US East_3': 25, 'D8als_v6_US East_1': 25, 'D8als_v6_US East_2': 25, 'D8als_v6_US East_3': 25, 'D8as_v6_US East_1': 25, 'D8as_v6_US East_3': 25, 'D8pls_v5_US East_1': 25, 'D8pls_v5_US East_2': 25, 'D8pls_v5_US East_3': 25, 'D96alds_v6_US East_3': 25, 'D96als_v6_US East_3': 25, 'D96as_v6_US East_2': 25}"
0.43,239.70842499999995,870919852,3633246.735069909,28200,28100,"{'D16alds_v6_US East_1': 25, 'D16alds_v6_US East_3': 25, 'D16als_v6_US East_1': 25, 'D16als_v6_US East_3': 25, 'D16as_v6_US East_1': 25, 'D16as_v6_US East_2': 25, 'D16pls_v5_US East_1': 25, 'D16pls_v5_US East_2': 25, 'D2alds_v6_US East_1': 25, 'D2alds_v6_US East_2': 25, 'D2alds_v6_US East_3': 25, 'D2als_v6_US East_1': 25, 'D2als_v6_US East_2': 25, 'D2als_v6_US East_3': 25, 'D2as_v6_US East_1': 25, 'D2as_v6_US East_2': 25, 'D2as_v6_US East_3': 25, 'D2pls_v5_US East_1': 25, 'D2pls_v5_US East_2': 25, 'D2pls_v5_US East_3': 25, 'D32alds_v6_US East_2': 25, 'D32alds_v6_US East_3': 25, 'D32als_v6_US East_1': 25, 'D32als_v6_US East_3': 25, 'D32as_v6_US East_2': 25, 'D32as_v6_US East_3': 25, 'D32pls_v5_US East_2': 25, 'D48alds_v6_US East_3': 25, 'D48als_v6_US East_1': 25, 'D48als_v6_US East_2': 25, 'D4alds_v6_US East_1': 25, 'D4alds_v6_US East_2': 25, 'D4alds_v6_US East_3': 25, 'D4als_v6_US East_1': 25, 'D4als_v6_US East_2': 25, 'D4als_v6_US East_3': 25, 'D4as_v6_US East_1': 25, 'D4as_v6_US East_2': 25, 'D4as_v6_US East_3': 25, 'D4pls_v5_US East_1': 25, 'D4pls_v5_US East_2': 25, 'D4pls_v5_US East_3': 25, 'D64alds_v6_US East_1': 25, 'D64als_v6_US East_2': 25, 'D64as_v6_US East_3': 25, 'D8alds_v6_US East_2': 25, 'D8alds_v6_US East_3': 25, 'D8als_v6_US East_1': 25, 'D8als_v6_US East_2': 25, 'D8als_v6_US East_3': 25, 'D8as_v6_US East_1': 25, 'D8as_v6_US East_3': 25, 'D8pls_v5_US East_1': 25, 'D8pls_v5_US East_2': 25, 'D8pls_v5_US East_3': 25, 'D96alds_v6_US East_3': 25, 'D96als_v6_US East_3': 25, 'D96as_v6_US East_2': 25}"
0.44,239.70842499999995,870919852,3633246.735069909,28200,28100,"{'D16alds_v6_US East_1': 25, 'D16alds_v6_US East_3': 25, 'D16als_v6_US East_1': 25, 'D16als_v6_US East_3': 25, 'D16as_v6_US East_1': 25, 'D16as_v6_US East_2': 25, 'D16pls_v5_US East_1': 25, 'D16pls_v5_US East_2': 25, 'D2alds_v6_US East_1': 25, 'D2alds_v6_US East_2': 25, 'D2alds_v6_US East_3': 25, 'D2als_v6_US East_1': 25, 'D2als_v6_US East_2': 25, 'D2als_v6_US East_3': 25, 'D2as_v6_US East_1': 25, 'D2as_v6_US East_2': 25, 'D2as_v6_US East_3': 25, 'D2pls_v5_US East_1': 25, 'D2pls_v5_US East_2': 25, 'D2pls_v5_US East_3': 25, 'D32alds_v6_US East_2': 25, 'D32alds_v6_US East_3': 25, 'D32als_v6_US East_1': 25, 'D32als_v6_US East_3': 25, 'D32as_v6_US East_2': 25, 'D32as_v6_US East_3': 25, 'D32pls_v5_US East_2': 25, 'D48alds_v6_US East_3': 25, 'D48als_v6_US East_1': 25, 'D48als_v6_US East_2': 25, 'D4alds_v6_US East_1': 25, 'D4alds_v6_US East_2': 25, 'D4alds_v6_US East_3': 25, 'D4als_v6_US East_1': 25, 'D4als_v6_US East_2': 25, 'D4als_v6_US East_3': 25, 'D4as_v6_US East_1': 25, 'D4as_v6_US East_2': 25, 'D4as_v6_US East_3': 25, 'D4pls_v5_US East_1': 25, 'D4pls_v5_US East_2': 25, 'D4pls_v5_US East_3': 25, 'D64alds_v6_US East_1': 25, 'D64als_v6_US East_2': 25, 'D64as_v6_US East_3': 25, 'D8alds_v6_US East_2': 25, 'D8alds_v6_US East_3': 25, 'D8als_v6_US East_1': 25, 'D8als_v6_US East_2': 25, 'D8als_v6_US East_3': 25, 'D8as_v6_US East_1': 25, 'D8as_v6_US East_3': 25, 'D8pls_v5_US East_1': 25, 'D8pls_v5_US East_2': 25, 'D8pls_v5_US East_3': 25, 'D96alds_v6_US East_3': 25, 'D96als_v6_US East_3': 25, 'D96as_v6_US East_2': 25}"
0.45,466.78105000000005,1499398329,3212209.0849660668,49400,49300,"{'D16ads_v6_US East_2': 25, 'D16ads_v6_US East_3': 25, 'D16alds_v6_US East_1': 25, 'D16alds_v6_US East_3': 25, 'D16als_v6_US East_1': 25, 'D16als_v6_US East_3': 25, 'D16as_v6_US East_1': 25, 'D16as_v6_US East_2': 25, 'D16plds_v5_US East_2': 25, 'D16plds_v5_US East_3': 25, 'D16pls_v5_US East_1': 25, 'D16pls_v5_US East_2': 25, 'D16ps_v5_US East_2': 25, 'D2ads_v6_US East_1': 25, 'D2ads_v6_US East_2': 25, 'D2ads_v6_US East_3': 25, 'D2alds_v6_US East_1': 25, 'D2alds_v6_US East_2': 25, 'D2alds_v6_US East_3': 25, 'D2als_v6_US East_1': 25, 'D2als_v6_US East_2': 25, 'D2als_v6_US East_3': 25, 'D2as_v6_US East_1': 25, 'D2as_v6_US East_2': 25, 'D2as_v6_US East_3': 25, 'D2plds_v5_US East_1': 25, 'D2plds_v5_US East_2': 25, 'D2plds_v5_US East_3': 25, 'D2pls_v5_US East_1': 25, 'D2pls_v5_US East_2': 25, 'D2pls_v5_US East_3': 25, 'D2ps_v5_US East_1': 25, 'D2ps_v5_US East_2': 25, 'D2ps_v5_US East_3': 25, 'D32ads_v6_US East_1': 25, 'D32ads_v6_US East_2': 25, 'D32alds_v6_US East_2': 25, 'D32alds_v6_US East_3': 25, 'D32als_v6_US East_1': 25, 'D32als_v6_US East_3': 25, 'D32as_v6_US East_2': 25, 'D32as_v6_US East_3': 25, 'D32plds_v5_US East_1': 25, 'D32pls_v5_US East_2': 25, 'D48ads_v6_US East_2': 25, 'D48alds_v6_US East_3': 25, 'D48als_v6_US East_1': 25, 'D48als_v6_US East_2': 25, 'D4ads_v6_US East_1': 25, 'D4ads_v6_US East_2': 25, 'D4ads_v6_US East_3': 25, 'D4alds_v6_US East_1': 25, 'D4alds_v6_US East_2': 25, 'D4alds_v6_US East_3': 25, 'D4als_v6_US East_1': 25, 'D4als_v6_US East_2': 25, 'D4als_v6_US East_3': 25, 'D4as_v6_US East_1': 25, 'D4as_v6_US East_2': 25, 'D4as_v6_US East_3': 25, 'D4plds_v5_US East_1': 25, 'D4plds_v5_US East_2': 25, 'D4plds_v5_US East_3': 25, 'D4pls_v5_US East_1': 25, 'D4pls_v5_US East_2': 25, 'D4pls_v5_US East_3': 25, 'D4ps_v5_US East_1': 25, 'D4ps_v5_US East_2': 25, 'D4ps_v5_US East_3': 25, 'D64ads_v6_US East_3': 25, 'D64alds_v6_US East_1': 25, 'D64als_v6_US East_2': 25, 'D64as_v6_US East_3': 25, 'D8ads_v6_US East_1': 25, 'D8ads_v6_US East_2': 25, 'D8alds_v6_US East_2': 25, 'D8alds_v6_US East_3': 25, 'D8als_v6_US East_1': 25, 'D8als_v6_US East_2': 25, 'D8als_v6_US East_3': 25, 'D8as_v6_US East_1': 25, 'D8as_v6_US East_3': 25, 'D8plds_v5_US East_1': 25, 'D8plds_v5_US East_2': 25, 'D8plds_v5_US East_3': 25, 'D8pls_v5_US East_1': 25, 'D8pls_v5_US East_2': 25, 'D8pls_v5_US East_3': 25, 'D8ps_v5_US East_1': 25, 'D8ps_v5_US East_2': 25, 'D8ps_v5_US East_3': 25, 'D96ads_v6_US East_3': 25, 'D96alds_v6_US East_3': 25, 'D96als_v6_US East_3': 25, 'D96as_v6_US East_2': 25, 'E16as_v6_US East_1': 25, 'E16as_v6_US East_2': 25, 'E20as_v6_US East_1': 25, 'E20as_v6_US East_3': 25, 'E2as_v6_US East_1': 25, 'E2as_v6_US East_2': 25, 'E2as_v6_US East_3': 25, 'E32as_v6_US East_2': 25, 'E48as_v6_US East_2': 25, 'E4as_v6_US East_1': 25, 'E4as_v6_US East_2': 25, 'E4as_v6_US East_3': 25, 'E64as_v6_US East_3': 25, 'E8as_v6_US East_2': 25, 'E8as_v6_US East_3': 25, 'E96as_v6_US East_1': 25}"
0.46,466.78105000000005,1499398329,3212209.0849660668,49400,49300,"{'D16ads_v6_US East_2': 25, 'D16ads_v6_US East_3': 25, 'D16alds_v6_US East_1': 25, 'D16alds_v6_US East_3': 25, 'D16als_v6_US East_1': 25, 'D16als_v6_US East_3': 25, 'D16as_v6_US East_1': 25, 'D16as_v6_US East_2': 25, 'D16plds_v5_US East_2': 25, 'D16plds_v5_US East_3': 25, 'D16pls_v5_US East_1': 25, 'D16pls_v5_US East_2': 25, 'D16ps_v5_US East_2': 25, 'D2ads_v6_US East_1': 25, 'D2ads_v6_US East_2': 25, 'D2ads_v6_US East_3': 25, 'D2alds_v6_US East_1': 25, 'D2alds_v6_US East_2': 25, 'D2alds_v6_US East_3': 25, 'D2als_v6_US East_1': 25, 'D2als_v6_US East_2': 25, 'D2als_v6_US East_3': 25, 'D2as_v6_US East_1': 25, 'D2as_v6_US East_2': 25, 'D2as_v6_US East_3': 25, 'D2plds_v5_US East_1': 25, 'D2plds_v5_US East_2': 25, 'D2plds_v5_US East_3': 25, 'D2pls_v5_US East_1': 25, 'D2pls_v5_US East_2': 25, 'D2pls_v5_US East_3': 25, 'D2ps_v5_US East_1': 25, 'D2ps_v5_US East_2': 25, 'D2ps_v5_US East_3': 25, 'D32ads_v6_US East_1': 25, 'D32ads_v6_US East_2': 25, 'D32alds_v6_US East_2': 25, 'D32alds_v6_US East_3': 25, 'D32als_v6_US East_1': 25, 'D32als_v6_US East_3': 25, 'D32as_v6_US East_2': 25, 'D32as_v6_US East_3': 25, 'D32plds_v5_US East_1': 25, 'D32pls_v5_US East_2': 25, 'D48ads_v6_US East_2': 25, 'D48alds_v6_US East_3': 25, 'D48als_v6_US East_1': 25, 'D48als_v6_US East_2': 25, 'D4ads_v6_US East_1': 25, 'D4ads_v6_US East_2': 25, 'D4ads_v6_US East_3': 25, 'D4alds_v6_US East_1': 25, 'D4alds_v6_US East_2': 25, 'D4alds_v6_US East_3': 25, 'D4als_v6_US East_1': 25, 'D4als_v6_US East_2': 25, 'D4als_v6_US East_3': 25, 'D4as_v6_US East_1': 25, 'D4as_v6_US East_2': 25, 'D4as_v6_US East_3': 25, 'D4plds_v5_US East_1': 25, 'D4plds_v5_US East_2': 25, 'D4plds_v5_US East_3': 25, 'D4pls_v5_US East_1': 25, 'D4pls_v5_US East_2': 25, 'D4pls_v5_US East_3': 25, 'D4ps_v5_US East_1': 25, 'D4ps_v5_US East_2': 25, 'D4ps_v5_US East_3': 25, 'D64ads_v6_US East_3': 25, 'D64alds_v6_US East_1': 25, 'D64als_v6_US East_2': 25, 'D64as_v6_US East_3': 25, 'D8ads_v6_US East_1': 25, 'D8ads_v6_US East_2': 25, 'D8alds_v6_US East_2': 25, 'D8alds_v6_US East_3': 25, 'D8als_v6_US East_1': 25, 'D8als_v6_US East_2': 25, 'D8als_v6_US East_3': 25, 'D8as_v6_US East_1': 25, 'D8as_v6_US East_3': 25, 'D8plds_v5_US East_1': 25, 'D8plds_v5_US East_2': 25, 'D8plds_v5_US East_3': 25, 'D8pls_v5_US East_1': 25, 'D8pls_v5_US East_2': 25, 'D8pls_v5_US East_3': 25, 'D8ps_v5_US East_1': 25, 'D8ps_v5_US East_2': 25, 'D8ps_v5_US East_3': 25, 'D96ads_v6_US East_3': 25, 'D96alds_v6_US East_3': 25, 'D96als_v6_US East_3': 25, 'D96as_v6_US East_2': 25, 'E16as_v6_US East_1': 25, 'E16as_v6_US East_2': 25, 'E20as_v6_US East_1': 25, 'E20as_v6_US East_3': 25, 'E2as_v6_US East_1': 25, 'E2as_v6_US East_2': 25, 'E2as_v6_US East_3': 25, 'E32as_v6_US East_2': 25, 'E48as_v6_US East_2': 25, 'E4as_v6_US East_1': 25, 'E4as_v6_US East_2': 25, 'E4as_v6_US East_3': 25, 'E64as_v6_US East_3': 25, 'E8as_v6_US East_2': 25, 'E8as_v6_US East_3': 25, 'E96as_v6_US East_1': 25}"
0.47000000000000003,466.78105000000005,1499398329,3212209.0849660668,49400,49300,"{'D16ads_v6_US East_2': 25, 'D16ads_v6_US East_3': 25, 'D16alds_v6_US East_1': 25, 'D16alds_v6_US East_3': 25, 'D16als_v6_US East_1': 25, 'D16als_v6_US East_3': 25, 'D16as_v6_US East_1': 25, 'D16as_v6_US East_2': 25, 'D16plds_v5_US East_2': 25, 'D16plds_v5_US East_3': 25, 'D16pls_v5_US East_1': 25, 'D16pls_v5_US East_2': 25, 'D16ps_v5_US East_2': 25, 'D2ads_v6_US East_1': 25, 'D2ads_v6_US East_2': 25, 'D2ads_v6_US East_3': 25, 'D2alds_v6_US East_1': 25, 'D2alds_v6_US East_2': 25, 'D2alds_v6_US East_3': 25, 'D2als_v6_US East_1': 25, 'D2als_v6_US East_2': 25, 'D2als_v6_US East_3': 25, 'D2as_v6_US East_1': 25, 'D2as_v6_US East_2': 25, 'D2as_v6_US East_3': 25, 'D2plds_v5_US East_1': 25, 'D2plds_v5_US East_2': 25, 'D2plds_v5_US East_3': 25, 'D2pls_v5_US East_1': 25, 'D2pls_v5_US East_2': 25, 'D2pls_v5_US East_3': 25, 'D2ps_v5_US East_1': 25, 'D2ps_v5_US East_2': 25, 'D2ps_v5_US East_3': 25, 'D32ads_v6_US East_1': 25, 'D32ads_v6_US East_2': 25, 'D32alds_v6_US East_2': 25, 'D32alds_v6_US East_3': 25, 'D32als_v6_US East_1': 25, 'D32als_v6_US East_3': 25, 'D32as_v6_US East_2': 25, 'D32as_v6_US East_3': 25, 'D32plds_v5_US East_1': 25, 'D32pls_v5_US East_2': 25, 'D48ads_v6_US East_2': 25, 'D48alds_v6_US East_3': 25, 'D48als_v6_US East_1': 25, 'D48als_v6_US East_2': 25, 'D4ads_v6_US East_1': 25, 'D4ads_v6_US East_2': 25, 'D4ads_v6_US East_3': 25, 'D4alds_v6_US East_1': 25, 'D4alds_v6_US East_2': 25, 'D4alds_v6_US East_3': 25, 'D4als_v6_US East_1': 25, 'D4als_v6_US East_2': 25, 'D4als_v6_US East_3': 25, 'D4as_v6_US East_1': 25, 'D4as_v6_US East_2': 25, 'D4as_v6_US East_3': 25, 'D4plds_v5_US East_1': 25, 'D4plds_v5_US East_2': 25, 'D4plds_v5_US East_3': 25, 'D4pls_v5_US East_1': 25, 'D4pls_v5_US East_2': 25, 'D4pls_v5_US East_3': 25, 'D4ps_v5_US East_1': 25, 'D4ps_v5_US East_2': 25, 'D4ps_v5_US East_3': 25, 'D64ads_v6_US East_3': 25, 'D64alds_v6_US East_1': 25, 'D64als_v6_US East_2': 25, 'D64as_v6_US East_3': 25, 'D8ads_v6_US East_1': 25, 'D8ads_v6_US East_2': 25, 'D8alds_v6_US East_2': 25, 'D8alds_v6_US East_3': 25, 'D8als_v6_US East_1': 25, 'D8als_v6_US East_2': 25, 'D8als_v6_US East_3': 25, 'D8as_v6_US East_1': 25, 'D8as_v6_US East_3': 25, 'D8plds_v5_US East_1': 25, 'D8plds_v5_US East_2': 25, 'D8plds_v5_US East_3': 25, 'D8pls_v5_US East_1': 25, 'D8pls_v5_US East_2': 25, 'D8pls_v5_US East_3': 25, 'D8ps_v5_US East_1': 25, 'D8ps_v5_US East_2': 25, 'D8ps_v5_US East_3': 25, 'D96ads_v6_US East_3': 25, 'D96alds_v6_US East_3': 25, 'D96als_v6_US East_3': 25, 'D96as_v6_US East_2': 25, 'E16as_v6_US East_1': 25, 'E16as_v6_US East_2': 25, 'E20as_v6_US East_1': 25, 'E20as_v6_US East_3': 25, 'E2as_v6_US East_1': 25, 'E2as_v6_US East_2': 25, 'E2as_v6_US East_3': 25, 'E32as_v6_US East_2': 25, 'E48as_v6_US East_2': 25, 'E4as_v6_US East_1': 25, 'E4as_v6_US East_2': 25, 'E4as_v6_US East_3': 25, 'E64as_v6_US East_3': 25, 'E8as_v6_US East_2': 25, 'E8as_v6_US East_3': 25, 'E96as_v6_US East_1': 25}"
0.48,533.2711499999999,1664477614,3121259.445593485,54550,54450,"{'D16ads_v6_US East_2': 25, 'D16ads_v6_US East_3': 25, 'D16alds_v6_US East_1': 25, 'D16alds_v6_US East_3': 25, 'D16als_v6_US East_1': 25, 'D16als_v6_US East_3': 25, 'D16as_v6_US East_1': 25, 'D16as_v6_US East_2': 25, 'D16plds_v5_US East_2': 25, 'D16plds_v5_US East_3': 25, 'D16pls_v5_US East_1': 25, 'D16pls_v5_US East_2': 25, 'D16ps_v5_US East_2': 25, 'D2ads_v6_US East_1': 25, 'D2ads_v6_US East_2': 25, 'D2ads_v6_US East_3': 25, 'D2alds_v6_US East_1': 25, 'D2alds_v6_US East_2': 25, 'D2alds_v6_US East_3': 25, 'D2als_v6_US East_1': 25, 'D2als_v6_US East_2': 25, 'D2als_v6_US East_3': 25, 'D2as_v6_US East_1': 25, 'D2as_v6_US East_2': 25, 'D2as_v6_US East_3': 25, 'D2plds_v5_US East_1': 25, 'D2plds_v5_US East_2': 25, 'D2plds_v5_US East_3': 25, 'D2pls_v5_US East_1': 25, 'D2pls_v5_US East_2': 25, 'D2pls_v5_US East_3': 25, 'D2ps_v5_US East_1': 25, 'D2ps_v5_US East_2': 25, 'D2ps_v5_US East_3': 25, 'D32ads_v6_US East_1': 25, 'D32ads_v6_US East_2': 25, 'D32alds_v6_US East_2': 25, 'D32alds_v6_US East_3': 25, 'D32als_v6_US East_1': 25, 'D32als_v6_US East_3': 25, 'D32as_v6_US East_2': 25, 'D32as_v6_US East_3': 25, 'D32plds_v5_US East_1': 25, 'D32pls_v5_US East_2': 25, 'D48ads_v6_US East_2': 25, 'D48alds_v6_US East_3': 25, 'D48als_v6_US East_1': 25, 'D48als_v6_US East_2': 25, 'D4ads_v6_US East_1': 25, 'D4ads_v6_US East_2': 25, 'D4ads_v6_US East_3': 25, 'D4alds_v6_US East_1': 25, 'D4alds_v6_US East_2': 25, 'D4alds_v6_US East_3': 25, 'D4als_v6_US East_1': 25, 'D4als_v6_US East_2': 25, 'D4als_v6_US East_3': 25, 'D4as_v6_US East_1': 25, 'D4as_v6_US East_2': 25, 'D4as_v6_US East_3': 25, 'D4plds_v5_US East_1': 25, 'D4plds_v5_US East_2': 25, 'D4plds_v5_US East_3': 25, 'D4pls_v5_US East_1': 25, 'D4pls_v5_US East_2': 25, 'D4pls_v5_US East_3': 25, 'D4ps_v5_US East_1': 25, 'D4ps_v5_US East_2': 25, 'D4ps_v5_US East_3': 25, 'D64ads_v6_US East_3': 25, 'D64alds_v6_US East_1': 25, 'D64als_v6_US East_2': 25, 'D64as_v6_US East_3': 25, 'D8ads_v6_US East_1': 25, 'D8ads_v6_US East_2': 25, 'D8alds_v6_US East_2': 25, 'D8alds_v6_US East_3': 25, 'D8als_v6_US East_1': 25, 'D8als_v6_US East_2': 25, 'D8als_v6_US East_3': 25, 'D8as_v6_US East_1': 25, 'D8as_v6_US East_3': 25, 'D8plds_v5_US East_1': 25, 'D8plds_v5_US East_2': 25, 'D8plds_v5_US East_3': 25, 'D8pls_v5_US East_1': 25, 'D8pls_v5_US East_2': 25, 'D8pls_v5_US East_3': 25, 'D8ps_v5_US East_1': 25, 'D8ps_v5_US East_2': 25, 'D8ps_v5_US East_3': 25, 'D96ads_v6_US East_3': 25, 'D96alds_v6_US East_3': 25, 'D96als_v6_US East_3': 25, 'D96as_v6_US East_2': 25, 'E16as_v6_US East_1': 25, 'E16as_v6_US East_2': 25, 'E20as_v6_US East_1': 25, 'E20as_v6_US East_3': 25, 'E2as_v6_US East_1': 25, 'E2as_v6_US East_2': 25, 'E2as_v6_US East_3': 25, 'E32as_v6_US East_2': 25, 'E48as_v6_US East_2': 25, 'E4as_v6_US East_1': 25, 'E4as_v6_US East_2': 25, 'E4as_v6_US East_3': 25, 'E64as_v6_US East_3': 25, 'E8as_v6_US East_2': 25, 'E8as_v6_US East_3': 25, 'E96as_v6_US East_1': 25, 'F16als_v6_US East_2': 25, 'F16als_v6_US East_3': 25, 'F2als_v6_US East_1': 25, 'F2als_v6_US East_2': 25, 'F2als_v6_US East_3': 25, 'F32als_v6_US East_2': 25, 'F48als_v6_US East_2': 25, 'F4als_v6_US East_1': 25, 'F4als_v6_US East_3': 25, 'F64als_v6_US East_3': 25, 'F8als_v6_US East_1': 25, 'F8als_v6_US East_3': 25}"
0.49,540.373025,1681135778,3111065.320109197,55400,55300,"{'D16ads_v6_US East_2': 25, 'D16ads_v6_US East_3': 25, 'D16alds_v6_US East_1': 25, 'D16alds_v6_US East_3': 25, 'D16als_v6_US East_1': 25, 'D16als_v6_US East_3': 25, 'D16as_v6_US East_1': 25, 'D16as_v6_US East_2': 25, 'D16pds_v5_US East_3': 25, 'D16plds_v5_US East_2': 25, 'D16plds_v5_US East_3': 25, 'D16pls_v5_US East_1': 25, 'D16pls_v5_US East_2': 25, 'D16ps_v5_US East_2': 25, 'D2ads_v6_US East_1': 25, 'D2ads_v6_US East_2': 25, 'D2ads_v6_US East_3': 25, 'D2alds_v6_US East_1': 25, 'D2alds_v6_US East_2': 25, 'D2alds_v6_US East_3': 25, 'D2als_v6_US East_1': 25, 'D2als_v6_US East_2': 25, 'D2als_v6_US East_3': 25, 'D2as_v6_US East_1': 25, 'D2as_v6_US East_2': 25, 'D2as_v6_US East_3': 25, 'D2pds_v5_US East_1': 25, 'D2pds_v5_US East_2': 25, 'D2pds_v5_US East_3': 25, 'D2plds_v5_US East_1': 25, 'D2plds_v5_US East_2': 25, 'D2plds_v5_US East_3': 25, 'D2pls_v5_US East_1': 25, 'D2pls_v5_US East_2': 25, 'D2pls_v5_US East_3': 25, 'D2ps_v5_US East_1': 25, 'D2ps_v5_US East_2': 25, 'D2ps_v5_US East_3': 25, 'D32ads_v6_US East_1': 25, 'D32ads_v6_US East_2': 25, 'D32alds_v6_US East_2': 25, 'D32alds_v6_US East_3': 25, 'D32als_v6_US East_1': 25, 'D32als_v6_US East_3': 25, 'D32as_v6_US East_2': 25, 'D32as_v6_US East_3': 25, 'D32plds_v5_US East_1': 25, 'D32pls_v5_US East_2': 25, 'D48ads_v6_US East_2': 25, 'D48alds_v6_US East_3': 25, 'D48als_v6_US East_1': 25, 'D48als_v6_US East_2': 25, 'D4ads_v6_US East_1': 25, 'D4ads_v6_US East_2': 25, 'D4ads_v6_US East_3': 25, 'D4alds_v6_US East_1': 25, 'D4alds_v6_US East_2': 25, 'D4alds_v6_US East_3': 25, 'D4als_v6_US East_1': 25, 'D4als_v6_US East_2': 25, 'D4als_v6_US East_3': 25, 'D4as_v6_US East_1': 25, 'D4as_v6_US East_2': 25, 'D4as_v6_US East_3': 25, 'D4pds_v5_US East_1': 25, 'D4pds_v5_US East_2': 25, 'D4pds_v5_US East_3': 25, 'D4plds_v5_US East_1': 25, 'D4plds_v5_US East_2': 25, 'D4plds_v5_US East_3': 25, 'D4pls_v5_US East_1': 25, 'D4pls_v5_US East_2': 25, 'D4pls_v5_US East_3': 25, 'D4ps_v5_US East_1': 25, 'D4ps_v5_US East_2': 25, 'D4ps_v5_US East_3': 25, 'D64ads_v6_US East_3': 25, 'D64alds_v6_US East_1': 25, 'D64als_v6_US East_2': 25, 'D64as_v6_US East_3': 25, 'D8ads_v6_US East_1': 25, 'D8ads_v6_US East_2': 25, 'D8alds_v6_US East_2': 25, 'D8alds_v6_US East_3': 25, 'D8als_v6_US East_1': 25, 'D8als_v6_US East_2': 25, 'D8als_v6_US East_3': 25, 'D8as_v6_US East_1': 25, 'D8as_v6_US East_3': 25, 'D8plds_v5_US East_1': 25, 'D8plds_v5_US East_2': 25, 'D8plds_v5_US East_3': 25, 'D8pls_v5_US East_1': 25, 'D8pls_v5_US East_2': 25, 'D8pls_v5_US East_3': 25, 'D8ps_v5_US East_1': 25, 'D8ps_v5_US East_2': 25, 'D8ps_v5_US East_3': 25, 'D96ads_v6_US East_3': 25, 'D96alds_v6_US East_3': 25, 'D96als_v6_US East_3': 25, 'D96as_v6_US East_2': 25, 'E16as_v6_US East_1': 25, 'E16as_v6_US East_2': 25, 'E20as_v6_US East_1': 25, 'E20as_v6_US East_3': 25, 'E2as_v6_US East_1': 25, 'E2as_v6_US East_2': 25, 'E2as_v6_US East_3': 25, 'E32as_v6_US East_2': 25, 'E48as_v6_US East_2': 25, 'E4as_v6_US East_1': 25, 'E4as_v6_US East_2': 25, 'E4as_v6_US East_3': 25, 'E64as_v6_US East_3': 25, 'E8as_v6_US East_2': 25, 'E8as_v6_US East_3': 25, 'E96as_v6_US East_1': 25, 'F16als_v6_US East_2': 25, 'F16als_v6_US East_3': 25, 'F2als_v6_US East_1': 25, 'F2als_v6_US East_2': 25, 'F2als_v6_US East_3': 25, 'F32als_v6_US East_2': 25, 'F48als_v6_US East_2': 25, 'F4als_v6_US East_1': 25, 'F4als_v6_US East_3': 25, 'F64als_v6_US East_3': 25, 'F8als_v6_US East_1': 25, 'F8als_v6_US East_3': 25}"
0.5,663.4561249999999,1958404867,2951822.726031808,64050,63950,"{'D16ads_v6_US East_2': 25, 'D16ads_v6_US East_3': 25, 'D16alds_v6_US East_1': 25, 'D16alds_v6_US East_3': 25, 'D16als_v6_US East_1': 25, 'D16als_v6_US East_3': 25, 'D16as_v6_US East_1': 25, 'D16as_v6_US East_2': 25, 'D16pds_v5_US East_3': 25, 'D16plds_v5_US East_2': 25, 'D16plds_v5_US East_3': 25, 'D16pls_v5_US East_1': 25, 'D16pls_v5_US East_2': 25, 'D16ps_v5_US East_2': 25, 'D2ads_v6_US East_1': 25, 'D2ads_v6_US East_2': 25, 'D2ads_v6_US East_3': 25, 'D2alds_v6_US East_1': 25, 'D2alds_v6_US East_2': 25, 'D2alds_v6_US East_3': 25, 'D2als_v6_US East_1': 25, 'D2als_v6_US East_2': 25, 'D2als_v6_US East_3': 25, 'D2as_v6_US East_1': 25, 'D2as_v6_US East_2': 25, 'D2as_v6_US East_3': 25, 'D2pds_v5_US East_1': 25, 'D2pds_v5_US East_2': 25, 'D2pds_v5_US East_3': 25, 'D2plds_v5_US East_1': 25, 'D2plds_v5_US East_2': 25, 'D2plds_v5_US East_3': 25, 'D2pls_v5_US East_1': 25, 'D2pls_v5_US East_2': 25, 'D2pls_v5_US East_3': 25, 'D2ps_v5_US East_1': 25, 'D2ps_v5_US East_2': 25, 'D2ps_v5_US East_3': 25, 'D32ads_v6_US East_1': 25, 'D32ads_v6_US East_2': 25, 'D32alds_v6_US East_2': 25, 'D32alds_v6_US East_3': 25, 'D32als_v6_US East_1': 25, 'D32als_v6_US East_3': 25, 'D32as_v6_US East_2': 25, 'D32as_v6_US East_3': 25, 'D32plds_v5_US East_1': 25, 'D32pls_v5_US East_2': 25, 'D48ads_v6_US East_2': 25, 'D48alds_v6_US East_3': 25, 'D48als_v6_US East_1': 25, 'D48als_v6_US East_2': 25, 'D4ads_v6_US East_1': 25, 'D4ads_v6_US East_2': 25, 'D4ads_v6_US East_3': 25, 'D4alds_v6_US East_1': 25, 'D4alds_v6_US East_2': 25, 'D4alds_v6_US East_3': 25, 'D4als_v6_US East_1': 25, 'D4als_v6_US East_2': 25, 'D4als_v6_US East_3': 25, 'D4as_v6_US East_1': 25, 'D4as_v6_US East_2': 25, 'D4as_v6_US East_3': 25, 'D4pds_v5_US East_1': 25, 'D4pds_v5_US East_2': 25, 'D4pds_v5_US East_3': 25, 'D4plds_v5_US East_1': 25, 'D4plds_v5_US East_2': 25, 'D4plds_v5_US East_3': 25, 'D4pls_v5_US East_1': 25, 'D4pls_v5_US East_2': 25, 'D4pls_v5_US East_3': 25, 'D4ps_v5_US East_1': 25, 'D4ps_v5_US East_2': 25, 'D4ps_v5_US East_3': 25, 'D64ads_v6_US East_3': 25, 'D64alds_v6_US East_1': 25, 'D64als_v6_US East_2': 25, 'D64as_v6_US East_3': 25, 'D8ads_v6_US East_1': 25, 'D8ads_v6_US East_2': 25, 'D8alds_v6_US East_2': 25, 'D8alds_v6_US East_3': 25, 'D8als_v6_US East_1': 25, 'D8als_v6_US East_2': 25, 'D8als_v6_US East_3': 25, 'D8as_v6_US East_1': 25, 'D8as_v6_US East_3': 25, 'D8plds_v5_US East_1': 25, 'D8plds_v5_US East_2': 25, 'D8plds_v5_US East_3': 25, 'D8pls_v5_US East_1': 25, 'D8pls_v5_US East_2': 25, 'D8pls_v5_US East_3': 25, 'D8ps_v5_US East_1': 25, 'D8ps_v5_US East_2': 25, 'D8ps_v5_US East_3': 25, 'D96ads_v6_US East_3': 25, 'D96alds_v6_US East_3': 25, 'D96als_v6_US East_3': 25, 'D96as_v6_US East_2': 25, 'E16ads_v6_US East_2': 25, 'E16ads_v6_US East_3': 25, 'E16as_v6_US East_1': 25, 'E16as_v6_US East_2': 25, 'E20ads_v6_US East_1': 25, 'E20ads_v6_US East_3': 25, 'E20as_v6_US East_1': 25, 'E20as_v6_US East_3': 25, 'E2ads_v6_US East_1': 25, 'E2ads_v6_US East_2': 25, 'E2ads_v6_US East_3': 25, 'E2as_v6_US East_1': 25, 'E2as_v6_US East_2': 25, 'E2as_v6_US East_3': 25, 'E32ads_v6_US East_2': 25, 'E32as_v6_US East_2': 25, 'E48ads_v6_US East_3': 25, 'E48as_v6_US East_2': 25, 'E4ads_v6_US East_1': 25, 'E4ads_v6_US East_2': 25, 'E4ads_v6_US East_3': 25, 'E4as_v6_US East_1': 25, 'E4as_v6_US East_2': 25, 'E4as_v6_US East_3': 25, 'E64ads_v6_US East_2': 25, 'E64as_v6_US East_3': 25, 'E8ads_v6_US East_2': 25, 'E8ads_v6_US East_3': 25, 'E8as_v6_US East_2': 25, 'E8as_v6_US East_3': 25, 'E96ads_v6_US East_3': 25, 'E96as_v6_US East_1': 25, 'F16als_v6_US East_2': 25, 'F16als_v6_US East_3': 25, 'F2als_v6_US East_1': 25, 'F2als_v6_US East_2': 25, 'F2als_v6_US East_3': 25, 'F32als_v6_US East_2': 25, 'F48als_v6_US East_2': 25, 'F4als_v6_US East_1': 25, 'F4als_v6_US East_3': 25, 'F64als_v6_US East_3': 25, 'F8als_v6_US East_1': 25, 'F8als_v6_US East_3': 25}"
0.51,738.5195249999999,2123484152,2875325.675377371,69200,69100,"{'D16ads_v6_US East_2': 25, 'D16ads_v6_US East_3': 25, 'D16alds_v6_US East_1': 25, 'D16alds_v6_US East_3': 25, 'D16als_v6_US East_1': 25, 'D16als_v6_US East_3': 25, 'D16as_v6_US East_1': 25, 'D16as_v6_US East_2': 25, 'D16pds_v5_US East_3': 25, 'D16plds_v5_US East_2': 25, 'D16plds_v5_US East_3': 25, 'D16pls_v5_US East_1': 25, 'D16pls_v5_US East_2': 25, 'D16ps_v5_US East_2': 25, 'D2ads_v6_US East_1': 25, 'D2ads_v6_US East_2': 25, 'D2ads_v6_US East_3': 25, 'D2alds_v6_US East_1': 25, 'D2alds_v6_US East_2': 25, 'D2alds_v6_US East_3': 25, 'D2als_v6_US East_1': 25, 'D2als_v6_US East_2': 25, 'D2als_v6_US East_3': 25, 'D2as_v6_US East_1': 25, 'D2as_v6_US East_2': 25, 'D2as_v6_US East_3': 25, 'D2pds_v5_US East_1': 25, 'D2pds_v5_US East_2': 25, 'D2pds_v5_US East_3': 25, 'D2plds_v5_US East_1': 25, 'D2plds_v5_US East_2': 25, 'D2plds_v5_US East_3': 25, 'D2pls_v5_US East_1': 25, 'D2pls_v5_US East_2': 25, 'D2pls_v5_US East_3': 25, 'D2ps_v5_US East_1': 25, 'D2ps_v5_US East_2': 25, 'D2ps_v5_US East_3': 25, 'D32ads_v6_US East_1': 25, 'D32ads_v6_US East_2': 25, 'D32alds_v6_US East_2': 25, 'D32alds_v6_US East_3': 25, 'D32als_v6_US East_1': 25, 'D32als_v6_US East_3': 25, 'D32as_v6_US East_2': 25, 'D32as_v6_US East_3': 25, 'D32plds_v5_US East_1': 25, 'D32pls_v5_US East_2': 25, 'D48ads_v6_US East_2': 25, 'D48alds_v6_US East_3': 25, 'D48als_v6_US East_1': 25, 'D48als_v6_US East_2': 25, 'D4ads_v6_US East_1': 25, 'D4ads_v6_US East_2': 25, 'D4ads_v6_US East_3': 25, 'D4alds_v6_US East_1': 25, 'D4alds_v6_US East_2': 25, 'D4alds_v6_US East_3': 25, 'D4als_v6_US East_1': 25, 'D4als_v6_US East_2': 25, 'D4als_v6_US East_3': 25, 'D4as_v6_US East_1': 25, 'D4as_v6_US East_2': 25, 'D4as_v6_US East_3': 25, 'D4pds_v5_US East_1': 25, 'D4pds_v5_US East_2': 25, 'D4pds_v5_US East_3': 25, 'D4plds_v5_US East_1': 25, 'D4plds_v5_US East_2': 25, 'D4plds_v5_US East_3': 25, 'D4pls_v5_US East_1': 25, 'D4pls_v5_US East_2': 25, 'D4pls_v5_US East_3': 25, 'D4ps_v5_US East_1': 25, 'D4ps_v5_US East_2': 25, 'D4ps_v5_US East_3': 25, 'D64ads_v6_US East_3': 25, 'D64alds_v6_US East_1': 25, 'D64als_v6_US East_2': 25, 'D64as_v6_US East_3': 25, 'D8ads_v6_US East_1': 25, 'D8ads_v6_US East_2': 25, 'D8alds_v6_US East_2': 25, 'D8alds_v6_US East_3': 25, 'D8als_v6_US East_1': 25, 'D8als_v6_US East_2': 25, 'D8als_v6_US East_3': 25, 'D8as_v6_US East_1': 25, 'D8as_v6_US East_3': 25, 'D8plds_v5_US East_1': 25, 'D8plds_v5_US East_2': 25, 'D8plds_v5_US East_3': 25, 'D8pls_v5_US East_1': 25, 'D8pls_v5_US East_2': 25, 'D8pls_v5_US East_3': 25, 'D8ps_v5_US East_1': 25, 'D8ps_v5_US East_2': 25, 'D8ps_v5_US East_3': 25, 'D96ads_v6_US East_3': 25, 'D96alds_v6_US East_3': 25, 'D96als_v6_US East_3': 25, 'D96as_v6_US East_2': 25, 'E16ads_v6_US East_2': 25, 'E16ads_v6_US East_3': 25, 'E16as_v6_US East_1': 25, 'E16as_v6_US East_2': 25, 'E20ads_v6_US East_1': 25, 'E20ads_v6_US East_3': 25, 'E20as_v6_US East_1': 25, 'E20as_v6_US East_3': 25, 'E2ads_v6_US East_1': 25, 'E2ads_v6_US East_2': 25, 'E2ads_v6_US East_3': 25, 'E2as_v6_US East_1': 25, 'E2as_v6_US East_2': 25, 'E2as_v6_US East_3': 25, 'E32ads_v6_US East_2': 25, 'E32as_v6_US East_2': 25, 'E48ads_v6_US East_3': 25, 'E48as_v6_US East_2': 25, 'E4ads_v6_US East_1': 25, 'E4ads_v6_US East_2': 25, 'E4ads_v6_US East_3': 25, 'E4as_v6_US East_1': 25, 'E4as_v6_US East_2': 25, 'E4as_v6_US East_3': 25, 'E64ads_v6_US East_2': 25, 'E64as_v6_US East_3': 25, 'E8ads_v6_US East_2': 25, 'E8ads_v6_US East_3': 25, 'E8as_v6_US East_2': 25, 'E8as_v6_US East_3': 25, 'E96ads_v6_US East_3': 25, 'E96as_v6_US East_1': 25, 'F16als_v6_US East_2': 25, 'F16als_v6_US East_3': 25, 'F16as_v6_US East_1': 25, 'F16as_v6_US East_3': 25, 'F2als_v6_US East_1': 25, 'F2als_v6_US East_2': 25, 'F2als_v6_US East_3': 25, 'F2as_v6_US East_1': 25, 'F2as_v6_US East_2': 25, 'F2as_v6_US East_3': 25, 'F32als_v6_US East_2': 25, 'F32as_v6_US East_1': 25, 'F48als_v6_US East_2': 25, 'F48as_v6_US East_2': 25, 'F4als_v6_US East_1': 25, 'F4als_v6_US East_3': 25, 'F4as_v6_US East_2': 25, 'F4as_v6_US East_3': 25, 'F64als_v6_US East_3': 25, 'F64as_v6_US East_2': 25, 'F8als_v6_US East_1': 25, 'F8als_v6_US East_3': 25, 'F8as_v6_US East_1': 25, 'F8as_v6_US East_2': 25}"
0.52,744.5809999999999,2136222748,2869026.6713762507,69850,69750,"{'D16ads_v6_US East_2': 25, 'D16ads_v6_US East_3': 25, 'D16alds_v6_US East_1': 25, 'D16alds_v6_US East_3': 25, 'D16als_v6_US East_1': 25, 'D16als_v6_US East_3': 25, 'D16as_v6_US East_1': 25, 'D16as_v6_US East_2': 25, 'D16pds_v5_US East_3': 25, 'D16plds_v5_US East_2': 25, 'D16plds_v5_US East_3': 25, 'D16pls_v5_US East_1': 25, 'D16pls_v5_US East_2': 25, 'D16ps_v5_US East_2': 25, 'D2ads_v6_US East_1': 25, 'D2ads_v6_US East_2': 25, 'D2ads_v6_US East_3': 25, 'D2alds_v6_US East_1': 25, 'D2alds_v6_US East_2': 25, 'D2alds_v6_US East_3': 25, 'D2als_v6_US East_1': 25, 'D2als_v6_US East_2': 25, 'D2als_v6_US East_3': 25, 'D2as_v6_US East_1': 25, 'D2as_v6_US East_2': 25, 'D2as_v6_US East_3': 25, 'D2pds_v5_US East_1': 25, 'D2pds_v5_US East_2': 25, 'D2pds_v5_US East_3': 25, 'D2plds_v5_US East_1': 25, 'D2plds_v5_US East_2': 25, 'D2plds_v5_US East_3': 25, 'D2pls_v5_US East_1': 25, 'D2pls_v5_US East_2': 25, 'D2pls_v5_US East_3': 25, 'D2ps_v5_US East_1': 25, 'D2ps_v5_US East_2': 25, 'D2ps_v5_US East_3': 25, 'D32ads_v6_US East_1': 25, 'D32ads_v6_US East_2': 25, 'D32alds_v6_US East_2': 25, 'D32alds_v6_US East_3': 25, 'D32als_v6_US East_1': 25, 'D32als_v6_US East_3': 25, 'D32as_v6_US East_2': 25, 'D32as_v6_US East_3': 25, 'D32plds_v5_US East_1': 25, 'D32pls_v5_US East_2': 25, 'D48ads_v6_US East_2': 25, 'D48alds_v6_US East_3': 25, 'D48als_v6_US East_1': 25, 'D48als_v6_US East_2': 25, 'D4ads_v6_US East_1': 25, 'D4ads_v6_US East_2': 25, 'D4ads_v6_US East_3': 25, 'D4alds_v6_US East_1': 25, 'D4alds_v6_US East_2': 25, 'D4alds_v6_US East_3': 25, 'D4als_v6_US East_1': 25, 'D4als_v6_US East_2': 25, 'D4als_v6_US East_3': 25, 'D4as_v6_US East_1': 25, 'D4as_v6_US East_2': 25, 'D4as_v6_US East_3': 25, 'D4pds_v5_US East_1': 25, 'D4pds_v5_US East_2': 25, 'D4pds_v5_US East_3': 25, 'D4plds_v5_US East_1': 25, 'D4plds_v5_US East_2': 25, 'D4plds_v5_US East_3': 25, 'D4pls_v5_US East_1': 25, 'D4pls_v5_US East_2': 25, 'D4pls_v5_US East_3': 25, 'D4ps_v5_US East_1': 25, 'D4ps_v5_US East_2': 25, 'D4ps_v5_US East_3': 25, 'D64ads_v6_US East_3': 25, 'D64alds_v6_US East_1': 25, 'D64als_v6_US East_2': 25, 'D64as_v6_US East_3': 25, 'D8ads_v6_US East_1': 25, 'D8ads_v6_US East_2': 25, 'D8alds_v6_US East_2': 25, 'D8alds_v6_US East_3': 25, 'D8als_v6_US East_1': 25, 'D8als_v6_US East_2': 25, 'D8als_v6_US East_3': 25, 'D8as_v6_US East_1': 25, 'D8as_v6_US East_3': 25, 'D8plds_v5_US East_1': 25, 'D8plds_v5_US East_2': 25, 'D8plds_v5_US East_3': 25, 'D8pls_v5_US East_1': 25, 'D8pls_v5_US East_2': 25, 'D8pls_v5_US East_3': 25, 'D8ps_v5_US East_1': 25, 'D8ps_v5_US East_2': 25, 'D8ps_v5_US East_3': 25, 'D96ads_v6_US East_3': 25, 'D96alds_v6_US East_3': 25, 'D96als_v6_US East_3': 25, 'D96as_v6_US East_2': 25, 'E16ads_v6_US East_2': 25, 'E16ads_v6_US East_3': 25, 'E16as_v6_US East_1': 25, 'E16as_v6_US East_2': 25, 'E20ads_v6_US East_1': 25, 'E20ads_v6_US East_3': 25, 'E20as_v6_US East_1': 25, 'E20as_v6_US East_3': 25, 'E2ads_v6_US East_1': 25, 'E2ads_v6_US East_2': 25, 'E2ads_v6_US East_3': 25, 'E2as_v6_US East_1': 25, 'E2as_v6_US East_2': 25, 'E2as_v6_US East_3': 25, 'E2ps_v5_US East_1': 25, 'E2ps_v5_US East_2': 25, 'E2ps_v5_US East_3': 25, 'E32ads_v6_US East_2': 25, 'E32as_v6_US East_2': 25, 'E48ads_v6_US East_3': 25, 'E48as_v6_US East_2': 25, 'E4ads_v6_US East_1': 25, 'E4ads_v6_US East_2': 25, 'E4ads_v6_US East_3': 25, 'E4as_v6_US East_1': 25, 'E4as_v6_US East_2': 25, 'E4as_v6_US East_3': 25, 'E4ps_v5_US East_1': 25, 'E4ps_v5_US East_2': 25, 'E4ps_v5_US East_3': 25, 'E64ads_v6_US East_2': 25, 'E64as_v6_US East_3': 25, 'E8ads_v6_US East_2': 25, 'E8ads_v6_US East_3': 25, 'E8as_v6_US East_2': 25, 'E8as_v6_US East_3': 25, 'E8ps_v5_US East_1': 25, 'E96ads_v6_US East_3': 25, 'E96as_v6_US East_1': 25, 'F16als_v6_US East_2': 25, 'F16als_v6_US East_3': 25, 'F16as_v6_US East_1': 25, 'F16as_v6_US East_3': 25, 'F2als_v6_US East_1': 25, 'F2als_v6_US East_2': 25, 'F2als_v6_US East_3': 25, 'F2as_v6_US East_1': 25, 'F2as_v6_US East_2': 25, 'F2as_v6_US East_3': 25, 'F32als_v6_US East_2': 25, 'F32as_v6_US East_1': 25, 'F48als_v6_US East_2': 25, 'F48as_v6_US East_2': 25, 'F4als_v6_US East_1': 25, 'F4als_v6_US East_3': 25, 'F4as_v6_US East_2': 25, 'F4as_v6_US East_3': 25, 'F64als_v6_US East_3': 25, 'F64as_v6_US East_2': 25, 'F8als_v6_US East_1': 25, 'F8als_v6_US East_3': 25, 'F8as_v6_US East_1': 25, 'F8as_v6_US East_2': 25}"
0.53,744.5809999999999,2136222748,2869026.6713762507,69850,69750,"{'D16ads_v6_US East_2': 25, 'D16ads_v6_US East_3': 25, 'D16alds_v6_US East_1': 25, 'D16alds_v6_US East_3': 25, 'D16als_v6_US East_1': 25, 'D16als_v6_US East_3': 25, 'D16as_v6_US East_1': 25, 'D16as_v6_US East_2': 25, 'D16pds_v5_US East_3': 25, 'D16plds_v5_US East_2': 25, 'D16plds_v5_US East_3': 25, 'D16pls_v5_US East_1': 25, 'D16pls_v5_US East_2': 25, 'D16ps_v5_US East_2': 25, 'D2ads_v6_US East_1': 25, 'D2ads_v6_US East_2': 25, 'D2ads_v6_US East_3': 25, 'D2alds_v6_US East_1': 25, 'D2alds_v6_US East_2': 25, 'D2alds_v6_US East_3': 25, 'D2als_v6_US East_1': 25, 'D2als_v6_US East_2': 25, 'D2als_v6_US East_3': 25, 'D2as_v6_US East_1': 25, 'D2as_v6_US East_2': 25, 'D2as_v6_US East_3': 25, 'D2pds_v5_US East_1': 25, 'D2pds_v5_US East_2': 25, 'D2pds_v5_US East_3': 25, 'D2plds_v5_US East_1': 25, 'D2plds_v5_US East_2': 25, 'D2plds_v5_US East_3': 25, 'D2pls_v5_US East_1': 25, 'D2pls_v5_US East_2': 25, 'D2pls_v5_US East_3': 25, 'D2ps_v5_US East_1': 25, 'D2ps_v5_US East_2': 25, 'D2ps_v5_US East_3': 25, 'D32ads_v6_US East_1': 25, 'D32ads_v6_US East_2': 25, 'D32alds_v6_US East_2': 25, 'D32alds_v6_US East_3': 25, 'D32als_v6_US East_1': 25, 'D32als_v6_US East_3': 25, 'D32as_v6_US East_2': 25, 'D32as_v6_US East_3': 25, 'D32plds_v5_US East_1': 25, 'D32pls_v5_US East_2': 25, 'D48ads_v6_US East_2': 25, 'D48alds_v6_US East_3': 25, 'D48als_v6_US East_1': 25, 'D48als_v6_US East_2': 25, 'D4ads_v6_US East_1': 25, 'D4ads_v6_US East_2': 25, 'D4ads_v6_US East_3': 25, 'D4alds_v6_US East_1': 25, 'D4alds_v6_US East_2': 25, 'D4alds_v6_US East_3': 25, 'D4als_v6_US East_1': 25, 'D4als_v6_US East_2': 25, 'D4als_v6_US East_3': 25, 'D4as_v6_US East_1': 25, 'D4as_v6_US East_2': 25, 'D4as_v6_US East_3': 25, 'D4pds_v5_US East_1': 25, 'D4pds_v5_US East_2': 25, 'D4pds_v5_US East_3': 25, 'D4plds_v5_US East_1': 25, 'D4plds_v5_US East_2': 25, 'D4plds_v5_US East_3': 25, 'D4pls_v5_US East_1': 25, 'D4pls_v5_US East_2': 25, 'D4pls_v5_US East_3': 25, 'D4ps_v5_US East_1': 25, 'D4ps_v5_US East_2': 25, 'D4ps_v5_US East_3': 25, 'D64ads_v6_US East_3': 25, 'D64alds_v6_US East_1': 25, 'D64als_v6_US East_2': 25, 'D64as_v6_US East_3': 25, 'D8ads_v6_US East_1': 25, 'D8ads_v6_US East_2': 25, 'D8alds_v6_US East_2': 25, 'D8alds_v6_US East_3': 25, 'D8als_v6_US East_1': 25, 'D8als_v6_US East_2': 25, 'D8als_v6_US East_3': 25, 'D8as_v6_US East_1': 25, 'D8as_v6_US East_3': 25, 'D8plds_v5_US East_1': 25, 'D8plds_v5_US East_2': 25, 'D8plds_v5_US East_3': 25, 'D8pls_v5_US East_1': 25, 'D8pls_v5_US East_2': 25, 'D8pls_v5_US East_3': 25, 'D8ps_v5_US East_1': 25, 'D8ps_v5_US East_2': 25, 'D8ps_v5_US East_3': 25, 'D96ads_v6_US East_3': 25, 'D96alds_v6_US East_3': 25, 'D96als_v6_US East_3': 25, 'D96as_v6_US East_2': 25, 'E16ads_v6_US East_2': 25, 'E16ads_v6_US East_3': 25, 'E16as_v6_US East_1': 25, 'E16as_v6_US East_2': 25, 'E20ads_v6_US East_1': 25, 'E20ads_v6_US East_3': 25, 'E20as_v6_US East_1': 25, 'E20as_v6_US East_3': 25, 'E2ads_v6_US East_1': 25, 'E2ads_v6_US East_2': 25, 'E2ads_v6_US East_3': 25, 'E2as_v6_US East_1': 25, 'E2as_v6_US East_2': 25, 'E2as_v6_US East_3': 25, 'E2ps_v5_US East_1': 25, 'E2ps_v5_US East_2': 25, 'E2ps_v5_US East_3': 25, 'E32ads_v6_US East_2': 25, 'E32as_v6_US East_2': 25, 'E48ads_v6_US East_3': 25, 'E48as_v6_US East_2': 25, 'E4ads_v6_US East_1': 25, 'E4ads_v6_US East_2': 25, 'E4ads_v6_US East_3': 25, 'E4as_v6_US East_1': 25, 'E4as_v6_US East_2': 25, 'E4as_v6_US East_3': 25, 'E4ps_v5_US East_1': 25, 'E4ps_v5_US East_2': 25, 'E4ps_v5_US East_3': 25, 'E64ads_v6_US East_2': 25, 'E64as_v6_US East_3': 25, 'E8ads_v6_US East_2': 25, 'E8ads_v6_US East_3': 25, 'E8as_v6_US East_2': 25, 'E8as_v6_US East_3': 25, 'E8ps_v5_US East_1': 25, 'E96ads_v6_US East_3': 25, 'E96as_v6_US East_1': 25, 'F16als_v6_US East_2': 25, 'F16als_v6_US East_3': 25, 'F16as_v6_US East_1': 25, 'F16as_v6_US East_3': 25, 'F2als_v6_US East_1': 25, 'F2als_v6_US East_2': 25, 'F2als_v6_US East_3': 25, 'F2as_v6_US East_1': 25, 'F2as_v6_US East_2': 25, 'F2as_v6_US East_3': 25, 'F32als_v6_US East_2': 25, 'F32as_v6_US East_1': 25, 'F48als_v6_US East_2': 25, 'F48as_v6_US East_2': 25, 'F4als_v6_US East_1': 25, 'F4als_v6_US East_3': 25, 'F4as_v6_US East_2': 25, 'F4as_v6_US East_3': 25, 'F64als_v6_US East_3': 25, 'F64as_v6_US East_2': 25, 'F8als_v6_US East_1': 25, 'F8als_v6_US East_3': 25, 'F8as_v6_US East_1': 25, 'F8as_v6_US East_2': 25}"
0.54,745.911575,2138797248,2867360.3141230247,69925,69825,"{'D16ads_v6_US East_2': 25, 'D16ads_v6_US East_3': 25, 'D16alds_v6_US East_1': 25, 'D16alds_v6_US East_3': 25, 'D16als_v6_US East_1': 25, 'D16als_v6_US East_3': 25, 'D16as_v6_US East_1': 25, 'D16as_v6_US East_2': 25, 'D16pds_v5_US East_3': 25, 'D16plds_v5_US East_2': 25, 'D16plds_v5_US East_3': 25, 'D16pls_v5_US East_1': 25, 'D16pls_v5_US East_2': 25, 'D16ps_v5_US East_2': 25, 'D2ads_v6_US East_1': 25, 'D2ads_v6_US East_2': 25, 'D2ads_v6_US East_3': 25, 'D2alds_v6_US East_1': 25, 'D2alds_v6_US East_2': 25, 'D2alds_v6_US East_3': 25, 'D2als_v6_US East_1': 25, 'D2als_v6_US East_2': 25, 'D2als_v6_US East_3': 25, 'D2as_v6_US East_1': 25, 'D2as_v6_US East_2': 25, 'D2as_v6_US East_3': 25, 'D2pds_v5_US East_1': 25, 'D2pds_v5_US East_2': 25, 'D2pds_v5_US East_3': 25, 'D2plds_v5_US East_1': 25, 'D2plds_v5_US East_2': 25, 'D2plds_v5_US East_3': 25, 'D2pls_v5_US East_1': 25, 'D2pls_v5_US East_2': 25, 'D2pls_v5_US East_3': 25, 'D2ps_v5_US East_1': 25, 'D2ps_v5_US East_2': 25, 'D2ps_v5_US East_3': 25, 'D32ads_v6_US East_1': 25, 'D32ads_v6_US East_2': 25, 'D32alds_v6_US East_2': 25, 'D32alds_v6_US East_3': 25, 'D32als_v6_US East_1': 25, 'D32als_v6_US East_3': 25, 'D32as_v6_US East_2': 25, 'D32as_v6_US East_3': 25, 'D32plds_v5_US East_1': 25, 'D32pls_v5_US East_2': 25, 'D48ads_v6_US East_2': 25, 'D48alds_v6_US East_3': 25, 'D48als_v6_US East_1': 25, 'D48als_v6_US East_2': 25, 'D4ads_v6_US East_1': 25, 'D4ads_v6_US East_2': 25, 'D4ads_v6_US East_3': 25, 'D4alds_v6_US East_1': 25, 'D4alds_v6_US East_2': 25, 'D4alds_v6_US East_3': 25, 'D4als_v6_US East_1': 25, 'D4als_v6_US East_2': 25, 'D4als_v6_US East_3': 25, 'D4as_v6_US East_1': 25, 'D4as_v6_US East_2': 25, 'D4as_v6_US East_3': 25, 'D4pds_v5_US East_1': 25, 'D4pds_v5_US East_2': 25, 'D4pds_v5_US East_3': 25, 'D4plds_v5_US East_1': 25, 'D4plds_v5_US East_2': 25, 'D4plds_v5_US East_3': 25, 'D4pls_v5_US East_1': 25, 'D4pls_v5_US East_2': 25, 'D4pls_v5_US East_3': 25, 'D4ps_v5_US East_1': 25, 'D4ps_v5_US East_2': 25, 'D4ps_v5_US East_3': 25, 'D64ads_v6_US East_3': 25, 'D64alds_v6_US East_1': 25, 'D64als_v6_US East_2': 25, 'D64as_v6_US East_3': 25, 'D8ads_v6_US East_1': 25, 'D8ads_v6_US East_2': 25, 'D8alds_v6_US East_2': 25, 'D8alds_v6_US East_3': 25, 'D8als_v6_US East_1': 25, 'D8als_v6_US East_2': 25, 'D8als_v6_US East_3': 25, 'D8as_v6_US East_1': 25, 'D8as_v6_US East_3': 25, 'D8plds_v5_US East_1': 25, 'D8plds_v5_US East_2': 25, 'D8plds_v5_US East_3': 25, 'D8pls_v5_US East_1': 25, 'D8pls_v5_US East_2': 25, 'D8pls_v5_US East_3': 25, 'D8ps_v5_US East_1': 25, 'D8ps_v5_US East_2': 25, 'D8ps_v5_US East_3': 25, 'D96ads_v6_US East_3': 25, 'D96alds_v6_US East_3': 25, 'D96als_v6_US East_3': 25, 'D96as_v6_US East_2': 25, 'DC1s_v2_US East_1': 25, 'DC2s_v2_US East_2': 25, 'E16ads_v6_US East_2': 25, 'E16ads_v6_US East_3': 25, 'E16as_v6_US East_1': 25, 'E16as_v6_US East_2': 25, 'E20ads_v6_US East_1': 25, 'E20ads_v6_US East_3': 25, 'E20as_v6_US East_1': 25, 'E20as_v6_US East_3': 25, 'E2ads_v6_US East_1': 25, 'E2ads_v6_US East_2': 25, 'E2ads_v6_US East_3': 25, 'E2as_v6_US East_1': 25, 'E2as_v6_US East_2': 25, 'E2as_v6_US East_3': 25, 'E2ps_v5_US East_1': 25, 'E2ps_v5_US East_2': 25, 'E2ps_v5_US East_3': 25, 'E32ads_v6_US East_2': 25, 'E32as_v6_US East_2': 25, 'E48ads_v6_US East_3': 25, 'E48as_v6_US East_2': 25, 'E4ads_v6_US East_1': 25, 'E4ads_v6_US East_2': 25, 'E4ads_v6_US East_3': 25, 'E4as_v6_US East_1': 25, 'E4as_v6_US East_2': 25, 'E4as_v6_US East_3': 25, 'E4ps_v5_US East_1': 25, 'E4ps_v5_US East_2': 25, 'E4ps_v5_US East_3': 25, 'E64ads_v6_US East_2': 25, 'E64as_v6_US East_3': 25, 'E8ads_v6_US East_2': 25, 'E8ads_v6_US East_3': 25, 'E8as_v6_US East_2': 25, 'E8as_v6_US East_3': 25, 'E8ps_v5_US East_1': 25, 'E96ads_v6_US East_3': 25, 'E96as_v6_US East_1': 25, 'F16als_v6_US East_2': 25, 'F16als_v6_US East_3': 25, 'F16as_v6_US East_1': 25, 'F16as_v6_US East_3': 25, 'F2als_v6_US East_1': 25, 'F2als_v6_US East_2': 25, 'F2als_v6_US East_3': 25, 'F2as_v6_US East_1': 25, 'F2as_v6_US East_2': 25, 'F2as_v6_US East_3': 25, 'F32als_v6_US East_2': 25, 'F32as_v6_US East_1': 25, 'F48als_v6_US East_2': 25, 'F48as_v6_US East_2': 25, 'F4als_v6_US East_1': 25, 'F4als_v6_US East_3': 25, 'F4as_v6_US East_2': 25, 'F4as_v6_US East_3': 25, 'F64als_v6_US East_3': 25, 'F64as_v6_US East_2': 25, 'F8als_v6_US East_1': 25, 'F8als_v6_US East_3': 25, 'F8as_v6_US East_1': 25, 'F8as_v6_US East_2': 25}"
0.55,745.911575,2138797248,2867360.3141230247,69925,69825,"{'D16ads_v6_US East_2': 25, 'D16ads_v6_US East_3': 25, 'D16alds_v6_US East_1': 25, 'D16alds_v6_US East_3': 25, 'D16als_v6_US East_1': 25, 'D16als_v6_US East_3': 25, 'D16as_v6_US East_1': 25, 'D16as_v6_US East_2': 25, 'D16pds_v5_US East_3': 25, 'D16plds_v5_US East_2': 25, 'D16plds_v5_US East_3': 25, 'D16pls_v5_US East_1': 25, 'D16pls_v5_US East_2': 25, 'D16ps_v5_US East_2': 25, 'D2ads_v6_US East_1': 25, 'D2ads_v6_US East_2': 25, 'D2ads_v6_US East_3': 25, 'D2alds_v6_US East_1': 25, 'D2alds_v6_US East_2': 25, 'D2alds_v6_US East_3': 25, 'D2als_v6_US East_1': 25, 'D2als_v6_US East_2': 25, 'D2als_v6_US East_3': 25, 'D2as_v6_US East_1': 25, 'D2as_v6_US East_2': 25, 'D2as_v6_US East_3': 25, 'D2pds_v5_US East_1': 25, 'D2pds_v5_US East_2': 25, 'D2pds_v5_US East_3': 25, 'D2plds_v5_US East_1': 25, 'D2plds_v5_US East_2': 25, 'D2plds_v5_US East_3': 25, 'D2pls_v5_US East_1': 25, 'D2pls_v5_US East_2': 25, 'D2pls_v5_US East_3': 25, 'D2ps_v5_US East_1': 25, 'D2ps_v5_US East_2': 25, 'D2ps_v5_US East_3': 25, 'D32ads_v6_US East_1': 25, 'D32ads_v6_US East_2': 25, 'D32alds_v6_US East_2': 25, 'D32alds_v6_US East_3': 25, 'D32als_v6_US East_1': 25, 'D32als_v6_US East_3': 25, 'D32as_v6_US East_2': 25, 'D32as_v6_US East_3': 25, 'D32plds_v5_US East_1': 25, 'D32pls_v5_US East_2': 25, 'D48ads_v6_US East_2': 25, 'D48alds_v6_US East_3': 25, 'D48als_v6_US East_1': 25, 'D48als_v6_US East_2': 25, 'D4ads_v6_US East_1': 25, 'D4ads_v6_US East_2': 25, 'D4ads_v6_US East_3': 25, 'D4alds_v6_US East_1': 25, 'D4alds_v6_US East_2': 25, 'D4alds_v6_US East_3': 25, 'D4als_v6_US East_1': 25, 'D4als_v6_US East_2': 25, 'D4als_v6_US East_3': 25, 'D4as_v6_US East_1': 25, 'D4as_v6_US East_2': 25, 'D4as_v6_US East_3': 25, 'D4pds_v5_US East_1': 25, 'D4pds_v5_US East_2': 25, 'D4pds_v5_US East_3': 25, 'D4plds_v5_US East_1': 25, 'D4plds_v5_US East_2': 25, 'D4plds_v5_US East_3': 25, 'D4pls_v5_US East_1': 25, 'D4pls_v5_US East_2': 25, 'D4pls_v5_US East_3': 25, 'D4ps_v5_US East_1': 25, 'D4ps_v5_US East_2': 25, 'D4ps_v5_US East_3': 25, 'D64ads_v6_US East_3': 25, 'D64alds_v6_US East_1': 25, 'D64als_v6_US East_2': 25, 'D64as_v6_US East_3': 25, 'D8ads_v6_US East_1': 25, 'D8ads_v6_US East_2': 25, 'D8alds_v6_US East_2': 25, 'D8alds_v6_US East_3': 25, 'D8als_v6_US East_1': 25, 'D8als_v6_US East_2': 25, 'D8als_v6_US East_3': 25, 'D8as_v6_US East_1': 25, 'D8as_v6_US East_3': 25, 'D8plds_v5_US East_1': 25, 'D8plds_v5_US East_2': 25, 'D8plds_v5_US East_3': 25, 'D8pls_v5_US East_1': 25, 'D8pls_v5_US East_2': 25, 'D8pls_v5_US East_3': 25, 'D8ps_v5_US East_1': 25, 'D8ps_v5_US East_2': 25, 'D8ps_v5_US East_3': 25, 'D96ads_v6_US East_3': 25, 'D96alds_v6_US East_3': 25, 'D96als_v6_US East_3': 25, 'D96as_v6_US East_2': 25, 'DC1s_v2_US East_1': 25, 'DC2s_v2_US East_2': 25, 'E16ads_v6_US East_2': 25, 'E16ads_v6_US East_3': 25, 'E16as_v6_US East_1': 25, 'E16as_v6_US East_2': 25, 'E20ads_v6_US East_1': 25, 'E20ads_v6_US East_3': 25, 'E20as_v6_US East_1': 25, 'E20as_v6_US East_3': 25, 'E2ads_v6_US East_1': 25, 'E2ads_v6_US East_2': 25, 'E2ads_v6_US East_3': 25, 'E2as_v6_US East_1': 25, 'E2as_v6_US East_2': 25, 'E2as_v6_US East_3': 25, 'E2ps_v5_US East_1': 25, 'E2ps_v5_US East_2': 25, 'E2ps_v5_US East_3': 25, 'E32ads_v6_US East_2': 25, 'E32as_v6_US East_2': 25, 'E48ads_v6_US East_3': 25, 'E48as_v6_US East_2': 25, 'E4ads_v6_US East_1': 25, 'E4ads_v6_US East_2': 25, 'E4ads_v6_US East_3': 25, 'E4as_v6_US East_1': 25, 'E4as_v6_US East_2': 25, 'E4as_v6_US East_3': 25, 'E4ps_v5_US East_1': 25, 'E4ps_v5_US East_2': 25, 'E4ps_v5_US East_3': 25, 'E64ads_v6_US East_2': 25, 'E64as_v6_US East_3': 25, 'E8ads_v6_US East_2': 25, 'E8ads_v6_US East_3': 25, 'E8as_v6_US East_2': 25, 'E8as_v6_US East_3': 25, 'E8ps_v5_US East_1': 25, 'E96ads_v6_US East_3': 25, 'E96as_v6_US East_1': 25, 'F16als_v6_US East_2': 25, 'F16als_v6_US East_3': 25, 'F16as_v6_US East_1': 25, 'F16as_v6_US East_3': 25, 'F2als_v6_US East_1': 25, 'F2als_v6_US East_2': 25, 'F2als_v6_US East_3': 25, 'F2as_v6_US East_1': 25, 'F2as_v6_US East_2': 25, 'F2as_v6_US East_3': 25, 'F32als_v6_US East_2': 25, 'F32as_v6_US East_1': 25, 'F48als_v6_US East_2': 25, 'F48as_v6_US East_2': 25, 'F4als_v6_US East_1': 25, 'F4als_v6_US East_3': 25, 'F4as_v6_US East_2': 25, 'F4as_v6_US East_3': 25, 'F64als_v6_US East_3': 25, 'F64as_v6_US East_2': 25, 'F8als_v6_US East_1': 25, 'F8als_v6_US East_3': 25, 'F8as_v6_US East_1': 25, 'F8as_v6_US East_2': 25}"
0.56,745.911575,2138797248,2867360.3141230247,69925,69825,"{'D16ads_v6_US East_2': 25, 'D16ads_v6_US East_3': 25, 'D16alds_v6_US East_1': 25, 'D16alds_v6_US East_3': 25, 'D16als_v6_US East_1': 25, 'D16als_v6_US East_3': 25, 'D16as_v6_US East_1': 25, 'D16as_v6_US East_2': 25, 'D16pds_v5_US East_3': 25, 'D16plds_v5_US East_2': 25, 'D16plds_v5_US East_3': 25, 'D16pls_v5_US East_1': 25, 'D16pls_v5_US East_2': 25, 'D16ps_v5_US East_2': 25, 'D2ads_v6_US East_1': 25, 'D2ads_v6_US East_2': 25, 'D2ads_v6_US East_3': 25, 'D2alds_v6_US East_1': 25, 'D2alds_v6_US East_2': 25, 'D2alds_v6_US East_3': 25, 'D2als_v6_US East_1': 25, 'D2als_v6_US East_2': 25, 'D2als_v6_US East_3': 25, 'D2as_v6_US East_1': 25, 'D2as_v6_US East_2': 25, 'D2as_v6_US East_3': 25, 'D2pds_v5_US East_1': 25, 'D2pds_v5_US East_2': 25, 'D2pds_v5_US East_3': 25, 'D2plds_v5_US East_1': 25, 'D2plds_v5_US East_2': 25, 'D2plds_v5_US East_3': 25, 'D2pls_v5_US East_1': 25, 'D2pls_v5_US East_2': 25, 'D2pls_v5_US East_3': 25, 'D2ps_v5_US East_1': 25, 'D2ps_v5_US East_2': 25, 'D2ps_v5_US East_3': 25, 'D32ads_v6_US East_1': 25, 'D32ads_v6_US East_2': 25, 'D32alds_v6_US East_2': 25, 'D32alds_v6_US East_3': 25, 'D32als_v6_US East_1': 25, 'D32als_v6_US East_3': 25, 'D32as_v6_US East_2': 25, 'D32as_v6_US East_3': 25, 'D32plds_v5_US East_1': 25, 'D32pls_v5_US East_2': 25, 'D48ads_v6_US East_2': 25, 'D48alds_v6_US East_3': 25, 'D48als_v6_US East_1': 25, 'D48als_v6_US East_2': 25, 'D4ads_v6_US East_1': 25, 'D4ads_v6_US East_2': 25, 'D4ads_v6_US East_3': 25, 'D4alds_v6_US East_1': 25, 'D4alds_v6_US East_2': 25, 'D4alds_v6_US East_3': 25, 'D4als_v6_US East_1': 25, 'D4als_v6_US East_2': 25, 'D4als_v6_US East_3': 25, 'D4as_v6_US East_1': 25, 'D4as_v6_US East_2': 25, 'D4as_v6_US East_3': 25, 'D4pds_v5_US East_1': 25, 'D4pds_v5_US East_2': 25, 'D4pds_v5_US East_3': 25, 'D4plds_v5_US East_1': 25, 'D4plds_v5_US East_2': 25, 'D4plds_v5_US East_3': 25, 'D4pls_v5_US East_1': 25, 'D4pls_v5_US East_2': 25, 'D4pls_v5_US East_3': 25, 'D4ps_v5_US East_1': 25, 'D4ps_v5_US East_2': 25, 'D4ps_v5_US East_3': 25, 'D64ads_v6_US East_3': 25, 'D64alds_v6_US East_1': 25, 'D64als_v6_US East_2': 25, 'D64as_v6_US East_3': 25, 'D8ads_v6_US East_1': 25, 'D8ads_v6_US East_2': 25, 'D8alds_v6_US East_2': 25, 'D8alds_v6_US East_3': 25, 'D8als_v6_US East_1': 25, 'D8als_v6_US East_2': 25, 'D8als_v6_US East_3': 25, 'D8as_v6_US East_1': 25, 'D8as_v6_US East_3': 25, 'D8plds_v5_US East_1': 25, 'D8plds_v5_US East_2': 25, 'D8plds_v5_US East_3': 25, 'D8pls_v5_US East_1': 25, 'D8pls_v5_US East_2': 25, 'D8pls_v5_US East_3': 25, 'D8ps_v5_US East_1': 25, 'D8ps_v5_US East_2': 25, 'D8ps_v5_US East_3': 25, 'D96ads_v6_US East_3': 25, 'D96alds_v6_US East_3': 25, 'D96als_v6_US East_3': 25, 'D96as_v6_US East_2': 25, 'DC1s_v2_US East_1': 25, 'DC2s_v2_US East_2': 25, 'E16ads_v6_US East_2': 25, 'E16ads_v6_US East_3': 25, 'E16as_v6_US East_1': 25, 'E16as_v6_US East_2': 25, 'E20ads_v6_US East_1': 25, 'E20ads_v6_US East_3': 25, 'E20as_v6_US East_1': 25, 'E20as_v6_US East_3': 25, 'E2ads_v6_US East_1': 25, 'E2ads_v6_US East_2': 25, 'E2ads_v6_US East_3': 25, 'E2as_v6_US East_1': 25, 'E2as_v6_US East_2': 25, 'E2as_v6_US East_3': 25, 'E2ps_v5_US East_1': 25, 'E2ps_v5_US East_2': 25, 'E2ps_v5_US East_3': 25, 'E32ads_v6_US East_2': 25, 'E32as_v6_US East_2': 25, 'E48ads_v6_US East_3': 25, 'E48as_v6_US East_2': 25, 'E4ads_v6_US East_1': 25, 'E4ads_v6_US East_2': 25, 'E4ads_v6_US East_3': 25, 'E4as_v6_US East_1': 25, 'E4as_v6_US East_2': 25, 'E4as_v6_US East_3': 25, 'E4ps_v5_US East_1': 25, 'E4ps_v5_US East_2': 25, 'E4ps_v5_US East_3': 25, 'E64ads_v6_US East_2': 25, 'E64as_v6_US East_3': 25, 'E8ads_v6_US East_2': 25, 'E8ads_v6_US East_3': 25, 'E8as_v6_US East_2': 25, 'E8as_v6_US East_3': 25, 'E8ps_v5_US East_1': 25, 'E96ads_v6_US East_3': 25, 'E96as_v6_US East_1': 25, 'F16als_v6_US East_2': 25, 'F16als_v6_US East_3': 25, 'F16as_v6_US East_1': 25, 'F16as_v6_US East_3': 25, 'F2als_v6_US East_1': 25, 'F2als_v6_US East_2': 25, 'F2als_v6_US East_3': 25, 'F2as_v6_US East_1': 25, 'F2as_v6_US East_2': 25, 'F2as_v6_US East_3': 25, 'F32als_v6_US East_2': 25, 'F32as_v6_US East_1': 25, 'F48als_v6_US East_2': 25, 'F48as_v6_US East_2': 25, 'F4als_v6_US East_1': 25, 'F4als_v6_US East_3': 25, 'F4as_v6_US East_2': 25, 'F4as_v6_US East_3': 25, 'F64als_v6_US East_3': 25, 'F64as_v6_US East_2': 25, 'F8als_v6_US East_1': 25, 'F8als_v6_US East_3': 25, 'F8as_v6_US East_1': 25, 'F8as_v6_US East_2': 25}"
0.5700000000000001,755.5997,2155476372,2852669.7032833654,70825,70725,"{'D16ads_v6_US East_2': 25, 'D16ads_v6_US East_3': 25, 'D16alds_v6_US East_1': 25, 'D16alds_v6_US East_3': 25, 'D16als_v6_US East_1': 25, 'D16als_v6_US East_3': 25, 'D16as_v6_US East_1': 25, 'D16as_v6_US East_2': 25, 'D16pds_v5_US East_3': 25, 'D16plds_v5_US East_2': 25, 'D16plds_v5_US East_3': 25, 'D16pls_v5_US East_1': 25, 'D16pls_v5_US East_2': 25, 'D16ps_v5_US East_2': 25, 'D2ads_v6_US East_1': 25, 'D2ads_v6_US East_2': 25, 'D2ads_v6_US East_3': 25, 'D2alds_v6_US East_1': 25, 'D2alds_v6_US East_2': 25, 'D2alds_v6_US East_3': 25, 'D2als_v6_US East_1': 25, 'D2als_v6_US East_2': 25, 'D2als_v6_US East_3': 25, 'D2as_v6_US East_1': 25, 'D2as_v6_US East_2': 25, 'D2as_v6_US East_3': 25, 'D2pds_v5_US East_1': 25, 'D2pds_v5_US East_2': 25, 'D2pds_v5_US East_3': 25, 'D2plds_v5_US East_1': 25, 'D2plds_v5_US East_2': 25, 'D2plds_v5_US East_3': 25, 'D2pls_v5_US East_1': 25, 'D2pls_v5_US East_2': 25, 'D2pls_v5_US East_3': 25, 'D2ps_v5_US East_1': 25, 'D2ps_v5_US East_2': 25, 'D2ps_v5_US East_3': 25, 'D32ads_v6_US East_1': 25, 'D32ads_v6_US East_2': 25, 'D32alds_v6_US East_2': 25, 'D32alds_v6_US East_3': 25, 'D32als_v6_US East_1': 25, 'D32als_v6_US East_3': 25, 'D32as_v6_US East_2': 25, 'D32as_v6_US East_3': 25, 'D32plds_v5_US East_1': 25, 'D32pls_v5_US East_2': 25, 'D48ads_v6_US East_2': 25, 'D48alds_v6_US East_3': 25, 'D48als_v6_US East_1': 25, 'D48als_v6_US East_2': 25, 'D4ads_v6_US East_1': 25, 'D4ads_v6_US East_2': 25, 'D4ads_v6_US East_3': 25, 'D4alds_v6_US East_1': 25, 'D4alds_v6_US East_2': 25, 'D4alds_v6_US East_3': 25, 'D4als_v6_US East_1': 25, 'D4als_v6_US East_2': 25, 'D4als_v6_US East_3': 25, 'D4as_v6_US East_1': 25, 'D4as_v6_US East_2': 25, 'D4as_v6_US East_3': 25, 'D4pds_v5_US East_1': 25, 'D4pds_v5_US East_2': 25, 'D4pds_v5_US East_3': 25, 'D4plds_v5_US East_1': 25, 'D4plds_v5_US East_2': 25, 'D4plds_v5_US East_3': 25, 'D4pls_v5_US East_1': 25, 'D4pls_v5_US East_2': 25, 'D4pls_v5_US East_3': 25, 'D4ps_v5_US East_1': 25, 'D4ps_v5_US East_2': 25, 'D4ps_v5_US East_3': 25, 'D64ads_v6_US East_3': 25, 'D64alds_v6_US East_1': 25, 'D64als_v6_US East_2': 25, 'D64as_v6_US East_3': 25, 'D8ads_v6_US East_1': 25, 'D8ads_v6_US East_2': 25, 'D8alds_v6_US East_2': 25, 'D8alds_v6_US East_3': 25, 'D8als_v6_US East_1': 25, 'D8als_v6_US East_2': 25, 'D8als_v6_US East_3': 25, 'D8as_v6_US East_1': 25, 'D8as_v6_US East_3': 25, 'D8plds_v5_US East_1': 25, 'D8plds_v5_US East_2': 25, 'D8plds_v5_US East_3': 25, 'D8pls_v5_US East_1': 25, 'D8pls_v5_US East_2': 25, 'D8pls_v5_US East_3': 25, 'D8ps_v5_US East_1': 25, 'D8ps_v5_US East_2': 25, 'D8ps_v5_US East_3': 25, 'D96ads_v6_US East_3': 25, 'D96alds_v6_US East_3': 25, 'D96als_v6_US East_3': 25, 'D96as_v6_US East_2': 25, 'DC1s_v2_US East_1': 25, 'DC2s_v2_US East_2': 25, 'E16ads_v6_US East_2': 25, 'E16ads_v6_US East_3': 25, 'E16as_v6_US East_1': 25, 'E16as_v6_US East_2': 25, 'E20ads_v6_US East_1': 25, 'E20ads_v6_US East_3': 25, 'E20as_v6_US East_1': 25, 'E20as_v6_US East_3': 25, 'E2ads_v6_US East_1': 25, 'E2ads_v6_US East_2': 25, 'E2ads_v6_US East_3': 25, 'E2as_v6_US East_1': 25, 'E2as_v6_US East_2': 25, 'E2as_v6_US East_3': 25, 'E2ps_v5_US East_1': 25, 'E2ps_v5_US East_2': 25, 'E2ps_v5_US East_3': 25, 'E32ads_v6_US East_2': 25, 'E32as_v6_US East_2': 25, 'E48ads_v6_US East_3': 25, 'E48as_v6_US East_2': 25, 'E4ads_v6_US East_1': 25, 'E4ads_v6_US East_2': 25, 'E4ads_v6_US East_3': 25, 'E4as_v6_US East_1': 25, 'E4as_v6_US East_2': 25, 'E4as_v6_US East_3': 25, 'E4ps_v5_US East_1': 25, 'E4ps_v5_US East_2': 25, 'E4ps_v5_US East_3': 25, 'E64ads_v6_US East_2': 25, 'E64as_v6_US East_3': 25, 'E8ads_v6_US East_2': 25, 'E8ads_v6_US East_3': 25, 'E8as_v6_US East_2': 25, 'E8as_v6_US East_3': 25, 'E8ps_v5_US East_1': 25, 'E96ads_v6_US East_3': 25, 'E96as_v6_US East_1': 25, 'F16als_v6_US East_2': 25, 'F16als_v6_US East_3': 25, 'F16as_v6_US East_1': 25, 'F16as_v6_US East_3': 25, 'F2als_v6_US East_1': 25, 'F2als_v6_US East_2': 25, 'F2als_v6_US East_3': 25, 'F2as_v6_US East_1': 25, 'F2as_v6_US East_2': 25, 'F2as_v6_US East_3': 25, 'F32als_v6_US East_2': 25, 'F32as_v6_US East_1': 25, 'F48als_v6_US East_2': 25, 'F48as_v6_US East_2': 25, 'F4als_v6_US East_1': 25, 'F4als_v6_US East_3': 25, 'F4as_v6_US East_2': 25, 'F4as_v6_US East_3': 25, 'F64als_v6_US East_3': 25, 'F64as_v6_US East_2': 25, 'F8als_v6_US East_1': 25, 'F8als_v6_US East_3': 25, 'F8as_v6_US East_1': 25, 'F8as_v6_US East_2': 25, 'NV4as_v4_US East_1': 25, 'NV4as_v4_US East_2': 25, 'NV4as_v4_US East_3': 25, 'NV8as_v4_US East_1': 25, 'NV8as_v4_US East_2': 25, 'NV8as_v4_US East_3': 25}"
0.58,853.9611,2320555656,2717402.0649184138,75975,75875,"{'D16ads_v6_US East_2': 25, 'D16ads_v6_US East_3': 25, 'D16alds_v6_US East_1': 25, 'D16alds_v6_US East_3': 25, 'D16als_v6_US East_1': 25, 'D16als_v6_US East_3': 25, 'D16as_v6_US East_1': 25, 'D16as_v6_US East_2': 25, 'D16pds_v5_US East_3': 25, 'D16plds_v5_US East_2': 25, 'D16plds_v5_US East_3': 25, 'D16pls_v5_US East_1': 25, 'D16pls_v5_US East_2': 25, 'D16ps_v5_US East_2': 25, 'D2ads_v6_US East_1': 25, 'D2ads_v6_US East_2': 25, 'D2ads_v6_US East_3': 25, 'D2alds_v6_US East_1': 25, 'D2alds_v6_US East_2': 25, 'D2alds_v6_US East_3': 25, 'D2als_v6_US East_1': 25, 'D2als_v6_US East_2': 25, 'D2als_v6_US East_3': 25, 'D2as_v6_US East_1': 25, 'D2as_v6_US East_2': 25, 'D2as_v6_US East_3': 25, 'D2pds_v5_US East_1': 25, 'D2pds_v5_US East_2': 25, 'D2pds_v5_US East_3': 25, 'D2plds_v5_US East_1': 25, 'D2plds_v5_US East_2': 25, 'D2plds_v5_US East_3': 25, 'D2pls_v5_US East_1': 25, 'D2pls_v5_US East_2': 25, 'D2pls_v5_US East_3': 25, 'D2ps_v5_US East_1': 25, 'D2ps_v5_US East_2': 25, 'D2ps_v5_US East_3': 25, 'D32ads_v6_US East_1': 25, 'D32ads_v6_US East_2': 25, 'D32alds_v6_US East_2': 25, 'D32alds_v6_US East_3': 25, 'D32als_v6_US East_1': 25, 'D32als_v6_US East_3': 25, 'D32as_v6_US East_2': 25, 'D32as_v6_US East_3': 25, 'D32plds_v5_US East_1': 25, 'D32pls_v5_US East_2': 25, 'D48ads_v6_US East_2': 25, 'D48alds_v6_US East_3': 25, 'D48als_v6_US East_1': 25, 'D48als_v6_US East_2': 25, 'D4ads_v6_US East_1': 25, 'D4ads_v6_US East_2': 25, 'D4ads_v6_US East_3': 25, 'D4alds_v6_US East_1': 25, 'D4alds_v6_US East_2': 25, 'D4alds_v6_US East_3': 25, 'D4als_v6_US East_1': 25, 'D4als_v6_US East_2': 25, 'D4als_v6_US East_3': 25, 'D4as_v6_US East_1': 25, 'D4as_v6_US East_2': 25, 'D4as_v6_US East_3': 25, 'D4pds_v5_US East_1': 25, 'D4pds_v5_US East_2': 25, 'D4pds_v5_US East_3': 25, 'D4plds_v5_US East_1': 25, 'D4plds_v5_US East_2': 25, 'D4plds_v5_US East_3': 25, 'D4pls_v5_US East_1': 25, 'D4pls_v5_US East_2': 25, 'D4pls_v5_US East_3': 25, 'D4ps_v5_US East_1': 25, 'D4ps_v5_US East_2': 25, 'D4ps_v5_US East_3': 25, 'D64ads_v6_US East_3': 25, 'D64alds_v6_US East_1': 25, 'D64als_v6_US East_2': 25, 'D64as_v6_US East_3': 25, 'D8ads_v6_US East_1': 25, 'D8ads_v6_US East_2': 25, 'D8alds_v6_US East_2': 25, 'D8alds_v6_US East_3': 25, 'D8als_v6_US East_1': 25, 'D8als_v6_US East_2': 25, 'D8als_v6_US East_3': 25, 'D8as_v6_US East_1': 25, 'D8as_v6_US East_3': 25, 'D8plds_v5_US East_1': 25, 'D8plds_v5_US East_2': 25, 'D8plds_v5_US East_3': 25, 'D8pls_v5_US East_1': 25, 'D8pls_v5_US East_2': 25, 'D8pls_v5_US East_3': 25, 'D8ps_v5_US East_1': 25, 'D8ps_v5_US East_2': 25, 'D8ps_v5_US East_3': 25, 'D96ads_v6_US East_3': 25, 'D96alds_v6_US East_3': 25, 'D96als_v6_US East_3': 25, 'D96as_v6_US East_2': 25, 'DC1s_v2_US East_1': 25, 'DC2s_v2_US East_2': 25, 'E16ads_v6_US East_2': 25, 'E16ads_v6_US East_3': 25, 'E16as_v6_US East_1': 25, 'E16as_v6_US East_2': 25, 'E20ads_v6_US East_1': 25, 'E20ads_v6_US East_3': 25, 'E20as_v6_US East_1': 25, 'E20as_v6_US East_3': 25, 'E2ads_v6_US East_1': 25, 'E2ads_v6_US East_2': 25, 'E2ads_v6_US East_3': 25, 'E2as_v6_US East_1': 25, 'E2as_v6_US East_2': 25, 'E2as_v6_US East_3': 25, 'E2ps_v5_US East_1': 25, 'E2ps_v5_US East_2': 25, 'E2ps_v5_US East_3': 25, 'E32ads_v6_US East_2': 25, 'E32as_v6_US East_2': 25, 'E48ads_v6_US East_3': 25, 'E48as_v6_US East_2': 25, 'E4ads_v6_US East_1': 25, 'E4ads_v6_US East_2': 25, 'E4ads_v6_US East_3': 25, 'E4as_v6_US East_1': 25, 'E4as_v6_US East_2': 25, 'E4as_v6_US East_3': 25, 'E4ps_v5_US East_1': 25, 'E4ps_v5_US East_2': 25, 'E4ps_v5_US East_3': 25, 'E64ads_v6_US East_2': 25, 'E64as_v6_US East_3': 25, 'E8ads_v6_US East_2': 25, 'E8ads_v6_US East_3': 25, 'E8as_v6_US East_2': 25, 'E8as_v6_US East_3': 25, 'E8ps_v5_US East_1': 25, 'E96ads_v6_US East_3': 25, 'E96as_v6_US East_1': 25, 'F16als_v6_US East_2': 25, 'F16als_v6_US East_3': 25, 'F16ams_v6_US East_2': 25, 'F16ams_v6_US East_3': 25, 'F16as_v6_US East_1': 25, 'F16as_v6_US East_3': 25, 'F2als_v6_US East_1': 25, 'F2als_v6_US East_2': 25, 'F2als_v6_US East_3': 25, 'F2ams_v6_US East_1': 25, 'F2ams_v6_US East_2': 25, 'F2ams_v6_US East_3': 25, 'F2as_v6_US East_1': 25, 'F2as_v6_US East_2': 25, 'F2as_v6_US East_3': 25, 'F32als_v6_US East_2': 25, 'F32ams_v6_US East_1': 25, 'F32as_v6_US East_1': 25, 'F48als_v6_US East_2': 25, 'F48ams_v6_US East_3': 25, 'F48as_v6_US East_2': 25, 'F4als_v6_US East_1': 25, 'F4als_v6_US East_3': 25, 'F4ams_v6_US East_2': 25, 'F4ams_v6_US East_3': 25, 'F4as_v6_US East_2': 25, 'F4as_v6_US East_3': 25, 'F64als_v6_US East_3': 25, 'F64ams_v6_US East_1': 25, 'F64as_v6_US East_2': 25, 'F8als_v6_US East_1': 25, 'F8als_v6_US East_3': 25, 'F8ams_v6_US East_1': 25, 'F8ams_v6_US East_3': 25, 'F8as_v6_US East_1': 25, 'F8as_v6_US East_2': 25, 'NV4as_v4_US East_1': 25, 'NV4as_v4_US East_2': 25, 'NV4as_v4_US East_3': 25, 'NV8as_v4_US East_1': 25, 'NV8as_v4_US East_2': 25, 'NV8as_v4_US East_3': 25}"
0.59,853.9611,2320555656,2717402.0649184138,75975,75875,"{'D16ads_v6_US East_2': 25, 'D16ads_v6_US East_3': 25, 'D16alds_v6_US East_1': 25, 'D16alds_v6_US East_3': 25, 'D16als_v6_US East_1': 25, 'D16als_v6_US East_3': 25, 'D16as_v6_US East_1': 25, 'D16as_v6_US East_2': 25, 'D16pds_v5_US East_3': 25, 'D16plds_v5_US East_2': 25, 'D16plds_v5_US East_3': 25, 'D16pls_v5_US East_1': 25, 'D16pls_v5_US East_2': 25, 'D16ps_v5_US East_2': 25, 'D2ads_v6_US East_1': 25, 'D2ads_v6_US East_2': 25, 'D2ads_v6_US East_3': 25, 'D2alds_v6_US East_1': 25, 'D2alds_v6_US East_2': 25, 'D2alds_v6_US East_3': 25, 'D2als_v6_US East_1': 25, 'D2als_v6_US East_2': 25, 'D2als_v6_US East_3': 25, 'D2as_v6_US East_1': 25, 'D2as_v6_US East_2': 25, 'D2as_v6_US East_3': 25, 'D2pds_v5_US East_1': 25, 'D2pds_v5_US East_2': 25, 'D2pds_v5_US East_3': 25, 'D2plds_v5_US East_1': 25, 'D2plds_v5_US East_2': 25, 'D2plds_v5_US East_3': 25, 'D2pls_v5_US East_1': 25, 'D2pls_v5_US East_2': 25, 'D2pls_v5_US East_3': 25, 'D2ps_v5_US East_1': 25, 'D2ps_v5_US East_2': 25, 'D2ps_v5_US East_3': 25, 'D32ads_v6_US East_1': 25, 'D32ads_v6_US East_2': 25, 'D32alds_v6_US East_2': 25, 'D32alds_v6_US East_3': 25, 'D32als_v6_US East_1': 25, 'D32als_v6_US East_3': 25, 'D32as_v6_US East_2': 25, 'D32as_v6_US East_3': 25, 'D32plds_v5_US East_1': 25, 'D32pls_v5_US East_2': 25, 'D48ads_v6_US East_2': 25, 'D48alds_v6_US East_3': 25, 'D48als_v6_US East_1': 25, 'D48als_v6_US East_2': 25, 'D4ads_v6_US East_1': 25, 'D4ads_v6_US East_2': 25, 'D4ads_v6_US East_3': 25, 'D4alds_v6_US East_1': 25, 'D4alds_v6_US East_2': 25, 'D4alds_v6_US East_3': 25, 'D4als_v6_US East_1': 25, 'D4als_v6_US East_2': 25, 'D4als_v6_US East_3': 25, 'D4as_v6_US East_1': 25, 'D4as_v6_US East_2': 25, 'D4as_v6_US East_3': 25, 'D4pds_v5_US East_1': 25, 'D4pds_v5_US East_2': 25, 'D4pds_v5_US East_3': 25, 'D4plds_v5_US East_1': 25, 'D4plds_v5_US East_2': 25, 'D4plds_v5_US East_3': 25, 'D4pls_v5_US East_1': 25, 'D4pls_v5_US East_2': 25, 'D4pls_v5_US East_3': 25, 'D4ps_v5_US East_1': 25, 'D4ps_v5_US East_2': 25, 'D4ps_v5_US East_3': 25, 'D64ads_v6_US East_3': 25, 'D64alds_v6_US East_1': 25, 'D64als_v6_US East_2': 25, 'D64as_v6_US East_3': 25, 'D8ads_v6_US East_1': 25, 'D8ads_v6_US East_2': 25, 'D8alds_v6_US East_2': 25, 'D8alds_v6_US East_3': 25, 'D8als_v6_US East_1': 25, 'D8als_v6_US East_2': 25, 'D8als_v6_US East_3': 25, 'D8as_v6_US East_1': 25, 'D8as_v6_US East_3': 25, 'D8plds_v5_US East_1': 25, 'D8plds_v5_US East_2': 25, 'D8plds_v5_US East_3': 25, 'D8pls_v5_US East_1': 25, 'D8pls_v5_US East_2': 25, 'D8pls_v5_US East_3': 25, 'D8ps_v5_US East_1': 25, 'D8ps_v5_US East_2': 25, 'D8ps_v5_US East_3': 25, 'D96ads_v6_US East_3': 25, 'D96alds_v6_US East_3': 25, 'D96als_v6_US East_3': 25, 'D96as_v6_US East_2': 25, 'DC1s_v2_US East_1': 25, 'DC2s_v2_US East_2': 25, 'E16ads_v6_US East_2': 25, 'E16ads_v6_US East_3': 25, 'E16as_v6_US East_1': 25, 'E16as_v6_US East_2': 25, 'E20ads_v6_US East_1': 25, 'E20ads_v6_US East_3': 25, 'E20as_v6_US East_1': 25, 'E20as_v6_US East_3': 25, 'E2ads_v6_US East_1': 25, 'E2ads_v6_US East_2': 25, 'E2ads_v6_US East_3': 25, 'E2as_v6_US East_1': 25, 'E2as_v6_US East_2': 25, 'E2as_v6_US East_3': 25, 'E2ps_v5_US East_1': 25, 'E2ps_v5_US East_2': 25, 'E2ps_v5_US East_3': 25, 'E32ads_v6_US East_2': 25, 'E32as_v6_US East_2': 25, 'E48ads_v6_US East_3': 25, 'E48as_v6_US East_2': 25, 'E4ads_v6_US East_1': 25, 'E4ads_v6_US East_2': 25, 'E4ads_v6_US East_3': 25, 'E4as_v6_US East_1': 25, 'E4as_v6_US East_2': 25, 'E4as_v6_US East_3': 25, 'E4ps_v5_US East_1': 25, 'E4ps_v5_US East_2': 25, 'E4ps_v5_US East_3': 25, 'E64ads_v6_US East_2': 25, 'E64as_v6_US East_3': 25, 'E8ads_v6_US East_2': 25, 'E8ads_v6_US East_3': 25, 'E8as_v6_US East_2': 25, 'E8as_v6_US East_3': 25, 'E8ps_v5_US East_1': 25, 'E96ads_v6_US East_3': 25, 'E96as_v6_US East_1': 25, 'F16als_v6_US East_2': 25, 'F16als_v6_US East_3': 25, 'F16ams_v6_US East_2': 25, 'F16ams_v6_US East_3': 25, 'F16as_v6_US East_1': 25, 'F16as_v6_US East_3': 25, 'F2als_v6_US East_1': 25, 'F2als_v6_US East_2': 25, 'F2als_v6_US East_3': 25, 'F2ams_v6_US East_1': 25, 'F2ams_v6_US East_2': 25, 'F2ams_v6_US East_3': 25, 'F2as_v6_US East_1': 25, 'F2as_v6_US East_2': 25, 'F2as_v6_US East_3': 25, 'F32als_v6_US East_2': 25, 'F32ams_v6_US East_1': 25, 'F32as_v6_US East_1': 25, 'F48als_v6_US East_2': 25, 'F48ams_v6_US East_3': 25, 'F48as_v6_US East_2': 25, 'F4als_v6_US East_1': 25, 'F4als_v6_US East_3': 25, 'F4ams_v6_US East_2': 25, 'F4ams_v6_US East_3': 25, 'F4as_v6_US East_2': 25, 'F4as_v6_US East_3': 25, 'F64als_v6_US East_3': 25, 'F64ams_v6_US East_1': 25, 'F64as_v6_US East_2': 25, 'F8als_v6_US East_1': 25, 'F8als_v6_US East_3': 25, 'F8ams_v6_US East_1': 25, 'F8ams_v6_US East_3': 25, 'F8as_v6_US East_1': 25, 'F8as_v6_US East_2': 25, 'NV4as_v4_US East_1': 25, 'NV4as_v4_US East_2': 25, 'NV4as_v4_US East_3': 25, 'NV8as_v4_US East_1': 25, 'NV8as_v4_US East_2': 25, 'NV8as_v4_US East_3': 25}"
0.6,853.9611,2320555656,2717402.0649184138,75975,75875,"{'D16ads_v6_US East_2': 25, 'D16ads_v6_US East_3': 25, 'D16alds_v6_US East_1': 25, 'D16alds_v6_US East_3': 25, 'D16als_v6_US East_1': 25, 'D16als_v6_US East_3': 25, 'D16as_v6_US East_1': 25, 'D16as_v6_US East_2': 25, 'D16pds_v5_US East_3': 25, 'D16plds_v5_US East_2': 25, 'D16plds_v5_US East_3': 25, 'D16pls_v5_US East_1': 25, 'D16pls_v5_US East_2': 25, 'D16ps_v5_US East_2': 25, 'D2ads_v6_US East_1': 25, 'D2ads_v6_US East_2': 25, 'D2ads_v6_US East_3': 25, 'D2alds_v6_US East_1': 25, 'D2alds_v6_US East_2': 25, 'D2alds_v6_US East_3': 25, 'D2als_v6_US East_1': 25, 'D2als_v6_US East_2': 25, 'D2als_v6_US East_3': 25, 'D2as_v6_US East_1': 25, 'D2as_v6_US East_2': 25, 'D2as_v6_US East_3': 25, 'D2pds_v5_US East_1': 25, 'D2pds_v5_US East_2': 25, 'D2pds_v5_US East_3': 25, 'D2plds_v5_US East_1': 25, 'D2plds_v5_US East_2': 25, 'D2plds_v5_US East_3': 25, 'D2pls_v5_US East_1': 25, 'D2pls_v5_US East_2': 25, 'D2pls_v5_US East_3': 25, 'D2ps_v5_US East_1': 25, 'D2ps_v5_US East_2': 25, 'D2ps_v5_US East_3': 25, 'D32ads_v6_US East_1': 25, 'D32ads_v6_US East_2': 25, 'D32alds_v6_US East_2': 25, 'D32alds_v6_US East_3': 25, 'D32als_v6_US East_1': 25, 'D32als_v6_US East_3': 25, 'D32as_v6_US East_2': 25, 'D32as_v6_US East_3': 25, 'D32plds_v5_US East_1': 25, 'D32pls_v5_US East_2': 25, 'D48ads_v6_US East_2': 25, 'D48alds_v6_US East_3': 25, 'D48als_v6_US East_1': 25, 'D48als_v6_US East_2': 25, 'D4ads_v6_US East_1': 25, 'D4ads_v6_US East_2': 25, 'D4ads_v6_US East_3': 25, 'D4alds_v6_US East_1': 25, 'D4alds_v6_US East_2': 25, 'D4alds_v6_US East_3': 25, 'D4als_v6_US East_1': 25, 'D4als_v6_US East_2': 25, 'D4als_v6_US East_3': 25, 'D4as_v6_US East_1': 25, 'D4as_v6_US East_2': 25, 'D4as_v6_US East_3': 25, 'D4pds_v5_US East_1': 25, 'D4pds_v5_US East_2': 25, 'D4pds_v5_US East_3': 25, 'D4plds_v5_US East_1': 25, 'D4plds_v5_US East_2': 25, 'D4plds_v5_US East_3': 25, 'D4pls_v5_US East_1': 25, 'D4pls_v5_US East_2': 25, 'D4pls_v5_US East_3': 25, 'D4ps_v5_US East_1': 25, 'D4ps_v5_US East_2': 25, 'D4ps_v5_US East_3': 25, 'D64ads_v6_US East_3': 25, 'D64alds_v6_US East_1': 25, 'D64als_v6_US East_2': 25, 'D64as_v6_US East_3': 25, 'D8ads_v6_US East_1': 25, 'D8ads_v6_US East_2': 25, 'D8alds_v6_US East_2': 25, 'D8alds_v6_US East_3': 25, 'D8als_v6_US East_1': 25, 'D8als_v6_US East_2': 25, 'D8als_v6_US East_3': 25, 'D8as_v6_US East_1': 25, 'D8as_v6_US East_3': 25, 'D8plds_v5_US East_1': 25, 'D8plds_v5_US East_2': 25, 'D8plds_v5_US East_3': 25, 'D8pls_v5_US East_1': 25, 'D8pls_v5_US East_2': 25, 'D8pls_v5_US East_3': 25, 'D8ps_v5_US East_1': 25, 'D8ps_v5_US East_2': 25, 'D8ps_v5_US East_3': 25, 'D96ads_v6_US East_3': 25, 'D96alds_v6_US East_3': 25, 'D96als_v6_US East_3': 25, 'D96as_v6_US East_2': 25, 'DC1s_v2_US East_1': 25, 'DC2s_v2_US East_2': 25, 'E16ads_v6_US East_2': 25, 'E16ads_v6_US East_3': 25, 'E16as_v6_US East_1': 25, 'E16as_v6_US East_2': 25, 'E20ads_v6_US East_1': 25, 'E20ads_v6_US East_3': 25, 'E20as_v6_US East_1': 25, 'E20as_v6_US East_3': 25, 'E2ads_v6_US East_1': 25, 'E2ads_v6_US East_2': 25, 'E2ads_v6_US East_3': 25, 'E2as_v6_US East_1': 25, 'E2as_v6_US East_2': 25, 'E2as_v6_US East_3': 25, 'E2ps_v5_US East_1': 25, 'E2ps_v5_US East_2': 25, 'E2ps_v5_US East_3': 25, 'E32ads_v6_US East_2': 25, 'E32as_v6_US East_2': 25, 'E48ads_v6_US East_3': 25, 'E48as_v6_US East_2': 25, 'E4ads_v6_US East_1': 25, 'E4ads_v6_US East_2': 25, 'E4ads_v6_US East_3': 25, 'E4as_v6_US East_1': 25, 'E4as_v6_US East_2': 25, 'E4as_v6_US East_3': 25, 'E4ps_v5_US East_1': 25, 'E4ps_v5_US East_2': 25, 'E4ps_v5_US East_3': 25, 'E64ads_v6_US East_2': 25, 'E64as_v6_US East_3': 25, 'E8ads_v6_US East_2': 25, 'E8ads_v6_US East_3': 25, 'E8as_v6_US East_2': 25, 'E8as_v6_US East_3': 25, 'E8ps_v5_US East_1': 25, 'E96ads_v6_US East_3': 25, 'E96as_v6_US East_1': 25, 'F16als_v6_US East_2': 25, 'F16als_v6_US East_3': 25, 'F16ams_v6_US East_2': 25, 'F16ams_v6_US East_3': 25, 'F16as_v6_US East_1': 25, 'F16as_v6_US East_3': 25, 'F2als_v6_US East_1': 25, 'F2als_v6_US East_2': 25, 'F2als_v6_US East_3': 25, 'F2ams_v6_US East_1': 25, 'F2ams_v6_US East_2': 25, 'F2ams_v6_US East_3': 25, 'F2as_v6_US East_1': 25, 'F2as_v6_US East_2': 25, 'F2as_v6_US East_3': 25, 'F32als_v6_US East_2': 25, 'F32ams_v6_US East_1': 25, 'F32as_v6_US East_1': 25, 'F48als_v6_US East_2': 25, 'F48ams_v6_US East_3': 25, 'F48as_v6_US East_2': 25, 'F4als_v6_US East_1': 25, 'F4als_v6_US East_3': 25, 'F4ams_v6_US East_2': 25, 'F4ams_v6_US East_3': 25, 'F4as_v6_US East_2': 25, 'F4as_v6_US East_3': 25, 'F64als_v6_US East_3': 25, 'F64ams_v6_US East_1': 25, 'F64as_v6_US East_2': 25, 'F8als_v6_US East_1': 25, 'F8als_v6_US East_3': 25, 'F8ams_v6_US East_1': 25, 'F8ams_v6_US East_3': 25, 'F8as_v6_US East_1': 25, 'F8as_v6_US East_2': 25, 'NV4as_v4_US East_1': 25, 'NV4as_v4_US East_2': 25, 'NV4as_v4_US East_3': 25, 'NV8as_v4_US East_1': 25, 'NV8as_v4_US East_2': 25, 'NV8as_v4_US East_3': 25}"
0.61,858.15605,2326714212,2711295.005727688,76275,76175,"{'D16ads_v6_US East_2': 25, 'D16ads_v6_US East_3': 25, 'D16alds_v6_US East_1': 25, 'D16alds_v6_US East_3': 25, 'D16als_v6_US East_1': 25, 'D16als_v6_US East_3': 25, 'D16as_v6_US East_1': 25, 'D16as_v6_US East_2': 25, 'D16pds_v5_US East_3': 25, 'D16plds_v5_US East_2': 25, 'D16plds_v5_US East_3': 25, 'D16pls_v5_US East_1': 25, 'D16pls_v5_US East_2': 25, 'D16ps_v5_US East_2': 25, 'D2ads_v6_US East_1': 25, 'D2ads_v6_US East_2': 25, 'D2ads_v6_US East_3': 25, 'D2alds_v6_US East_1': 25, 'D2alds_v6_US East_2': 25, 'D2alds_v6_US East_3': 25, 'D2als_v6_US East_1': 25, 'D2als_v6_US East_2': 25, 'D2als_v6_US East_3': 25, 'D2as_v6_US East_1': 25, 'D2as_v6_US East_2': 25, 'D2as_v6_US East_3': 25, 'D2pds_v5_US East_1': 25, 'D2pds_v5_US East_2': 25, 'D2pds_v5_US East_3': 25, 'D2plds_v5_US East_1': 25, 'D2plds_v5_US East_2': 25, 'D2plds_v5_US East_3': 25, 'D2pls_v5_US East_1': 25, 'D2pls_v5_US East_2': 25, 'D2pls_v5_US East_3': 25, 'D2ps_v5_US East_1': 25, 'D2ps_v5_US East_2': 25, 'D2ps_v5_US East_3': 25, 'D32ads_v6_US East_1': 25, 'D32ads_v6_US East_2': 25, 'D32alds_v6_US East_2': 25, 'D32alds_v6_US East_3': 25, 'D32als_v6_US East_1': 25, 'D32als_v6_US East_3': 25, 'D32as_v6_US East_2': 25, 'D32as_v6_US East_3': 25, 'D32plds_v5_US East_1': 25, 'D32pls_v5_US East_2': 25, 'D48ads_v6_US East_2': 25, 'D48alds_v6_US East_3': 25, 'D48als_v6_US East_1': 25, 'D48als_v6_US East_2': 25, 'D4ads_v6_US East_1': 25, 'D4ads_v6_US East_2': 25, 'D4ads_v6_US East_3': 25, 'D4alds_v6_US East_1': 25, 'D4alds_v6_US East_2': 25, 'D4alds_v6_US East_3': 25, 'D4als_v6_US East_1': 25, 'D4als_v6_US East_2': 25, 'D4als_v6_US East_3': 25, 'D4as_v6_US East_1': 25, 'D4as_v6_US East_2': 25, 'D4as_v6_US East_3': 25, 'D4pds_v5_US East_1': 25, 'D4pds_v5_US East_2': 25, 'D4pds_v5_US East_3': 25, 'D4plds_v5_US East_1': 25, 'D4plds_v5_US East_2': 25, 'D4plds_v5_US East_3': 25, 'D4pls_v5_US East_1': 25, 'D4pls_v5_US East_2': 25, 'D4pls_v5_US East_3': 25, 'D4ps_v5_US East_1': 25, 'D4ps_v5_US East_2': 25, 'D4ps_v5_US East_3': 25, 'D64ads_v6_US East_3': 25, 'D64alds_v6_US East_1': 25, 'D64als_v6_US East_2': 25, 'D64as_v6_US East_3': 25, 'D8ads_v6_US East_1': 25, 'D8ads_v6_US East_2': 25, 'D8alds_v6_US East_2': 25, 'D8alds_v6_US East_3': 25, 'D8als_v6_US East_1': 25, 'D8als_v6_US East_2': 25, 'D8als_v6_US East_3': 25, 'D8as_v6_US East_1': 25, 'D8as_v6_US East_3': 25, 'D8plds_v5_US East_1': 25, 'D8plds_v5_US East_2': 25, 'D8plds_v5_US East_3': 25, 'D8pls_v5_US East_1': 25, 'D8pls_v5_US East_2': 25, 'D8pls_v5_US East_3': 25, 'D8ps_v5_US East_1': 25, 'D8ps_v5_US East_2': 25, 'D8ps_v5_US East_3': 25, 'D96ads_v6_US East_3': 25, 'D96alds_v6_US East_3': 25, 'D96als_v6_US East_3': 25, 'D96as_v6_US East_2': 25, 'DC1s_v2_US East_1': 25, 'DC2s_v2_US East_2': 25, 'E16ads_v6_US East_2': 25, 'E16ads_v6_US East_3': 25, 'E16as_v6_US East_1': 25, 'E16as_v6_US East_2': 25, 'E20ads_v6_US East_1': 25, 'E20ads_v6_US East_3': 25, 'E20as_v6_US East_1': 25, 'E20as_v6_US East_3': 25, 'E2ads_v6_US East_1': 25, 'E2ads_v6_US East_2': 25, 'E2ads_v6_US East_3': 25, 'E2as_v6_US East_1': 25, 'E2as_v6_US East_2': 25, 'E2as_v6_US East_3': 25, 'E2ps_v5_US East_1': 25, 'E2ps_v5_US East_2': 25, 'E2ps_v5_US East_3': 25, 'E32ads_v6_US East_2': 25, 'E32as_v6_US East_2': 25, 'E48ads_v6_US East_3': 25, 'E48as_v6_US East_2': 25, 'E4ads_v6_US East_1': 25, 'E4ads_v6_US East_2': 25, 'E4ads_v6_US East_3': 25, 'E4as_v6_US East_1': 25, 'E4as_v6_US East_2': 25, 'E4as_v6_US East_3': 25, 'E4ps_v5_US East_1': 25, 'E4ps_v5_US East_2': 25, 'E4ps_v5_US East_3': 25, 'E64ads_v6_US East_2': 25, 'E64as_v6_US East_3': 25, 'E8ads_v6_US East_2': 25, 'E8ads_v6_US East_3': 25, 'E8as_v6_US East_2': 25, 'E8as_v6_US East_3': 25, 'E8ps_v5_US East_1': 25, 'E96ads_v6_US East_3': 25, 'E96as_v6_US East_1': 25, 'F16als_v6_US East_2': 25, 'F16als_v6_US East_3': 25, 'F16ams_v6_US East_2': 25, 'F16ams_v6_US East_3': 25, 'F16as_v6_US East_1': 25, 'F16as_v6_US East_3': 25, 'F2als_v6_US East_1': 25, 'F2als_v6_US East_2': 25, 'F2als_v6_US East_3': 25, 'F2ams_v6_US East_1': 25, 'F2ams_v6_US East_2': 25, 'F2ams_v6_US East_3': 25, 'F2as_v6_US East_1': 25, 'F2as_v6_US East_2': 25, 'F2as_v6_US East_3': 25, 'F32als_v6_US East_2': 25, 'F32ams_v6_US East_1': 25, 'F32as_v6_US East_1': 25, 'F48als_v6_US East_2': 25, 'F48ams_v6_US East_3': 25, 'F48as_v6_US East_2': 25, 'F4als_v6_US East_1': 25, 'F4als_v6_US East_3': 25, 'F4ams_v6_US East_2': 25, 'F4ams_v6_US East_3': 25, 'F4as_v6_US East_2': 25, 'F4as_v6_US East_3': 25, 'F64als_v6_US East_3': 25, 'F64ams_v6_US East_1': 25, 'F64as_v6_US East_2': 25, 'F8als_v6_US East_1': 25, 'F8als_v6_US East_3': 25, 'F8ams_v6_US East_1': 25, 'F8ams_v6_US East_3': 25, 'F8as_v6_US East_1': 25, 'F8as_v6_US East_2': 25, 'NV4as_v4_US East_1': 25, 'NV4as_v4_US East_2': 25, 'NV4as_v4_US East_3': 25, 'NV6ads_A10_v5_US East_1': 25, 'NV6ads_A10_v5_US East_2': 25, 'NV8as_v4_US East_1': 25, 'NV8as_v4_US East_2': 25, 'NV8as_v4_US East_3': 25}"
0.62,858.15605,2326714212,2711295.005727688,76275,76175,"{'D16ads_v6_US East_2': 25, 'D16ads_v6_US East_3': 25, 'D16alds_v6_US East_1': 25, 'D16alds_v6_US East_3': 25, 'D16als_v6_US East_1': 25, 'D16als_v6_US East_3': 25, 'D16as_v6_US East_1': 25, 'D16as_v6_US East_2': 25, 'D16pds_v5_US East_3': 25, 'D16plds_v5_US East_2': 25, 'D16plds_v5_US East_3': 25, 'D16pls_v5_US East_1': 25, 'D16pls_v5_US East_2': 25, 'D16ps_v5_US East_2': 25, 'D2ads_v6_US East_1': 25, 'D2ads_v6_US East_2': 25, 'D2ads_v6_US East_3': 25, 'D2alds_v6_US East_1': 25, 'D2alds_v6_US East_2': 25, 'D2alds_v6_US East_3': 25, 'D2als_v6_US East_1': 25, 'D2als_v6_US East_2': 25, 'D2als_v6_US East_3': 25, 'D2as_v6_US East_1': 25, 'D2as_v6_US East_2': 25, 'D2as_v6_US East_3': 25, 'D2pds_v5_US East_1': 25, 'D2pds_v5_US East_2': 25, 'D2pds_v5_US East_3': 25, 'D2plds_v5_US East_1': 25, 'D2plds_v5_US East_2': 25, 'D2plds_v5_US East_3': 25, 'D2pls_v5_US East_1': 25, 'D2pls_v5_US East_2': 25, 'D2pls_v5_US East_3': 25, 'D2ps_v5_US East_1': 25, 'D2ps_v5_US East_2': 25, 'D2ps_v5_US East_3': 25, 'D32ads_v6_US East_1': 25, 'D32ads_v6_US East_2': 25, 'D32alds_v6_US East_2': 25, 'D32alds_v6_US East_3': 25, 'D32als_v6_US East_1': 25, 'D32als_v6_US East_3': 25, 'D32as_v6_US East_2': 25, 'D32as_v6_US East_3': 25, 'D32plds_v5_US East_1': 25, 'D32pls_v5_US East_2': 25, 'D48ads_v6_US East_2': 25, 'D48alds_v6_US East_3': 25, 'D48als_v6_US East_1': 25, 'D48als_v6_US East_2': 25, 'D4ads_v6_US East_1': 25, 'D4ads_v6_US East_2': 25, 'D4ads_v6_US East_3': 25, 'D4alds_v6_US East_1': 25, 'D4alds_v6_US East_2': 25, 'D4alds_v6_US East_3': 25, 'D4als_v6_US East_1': 25, 'D4als_v6_US East_2': 25, 'D4als_v6_US East_3': 25, 'D4as_v6_US East_1': 25, 'D4as_v6_US East_2': 25, 'D4as_v6_US East_3': 25, 'D4pds_v5_US East_1': 25, 'D4pds_v5_US East_2': 25, 'D4pds_v5_US East_3': 25, 'D4plds_v5_US East_1': 25, 'D4plds_v5_US East_2': 25, 'D4plds_v5_US East_3': 25, 'D4pls_v5_US East_1': 25, 'D4pls_v5_US East_2': 25, 'D4pls_v5_US East_3': 25, 'D4ps_v5_US East_1': 25, 'D4ps_v5_US East_2': 25, 'D4ps_v5_US East_3': 25, 'D64ads_v6_US East_3': 25, 'D64alds_v6_US East_1': 25, 'D64als_v6_US East_2': 25, 'D64as_v6_US East_3': 25, 'D8ads_v6_US East_1': 25, 'D8ads_v6_US East_2': 25, 'D8alds_v6_US East_2': 25, 'D8alds_v6_US East_3': 25, 'D8als_v6_US East_1': 25, 'D8als_v6_US East_2': 25, 'D8als_v6_US East_3': 25, 'D8as_v6_US East_1': 25, 'D8as_v6_US East_3': 25, 'D8plds_v5_US East_1': 25, 'D8plds_v5_US East_2': 25, 'D8plds_v5_US East_3': 25, 'D8pls_v5_US East_1': 25, 'D8pls_v5_US East_2': 25, 'D8pls_v5_US East_3': 25, 'D8ps_v5_US East_1': 25, 'D8ps_v5_US East_2': 25, 'D8ps_v5_US East_3': 25, 'D96ads_v6_US East_3': 25, 'D96alds_v6_US East_3': 25, 'D96als_v6_US East_3': 25, 'D96as_v6_US East_2': 25, 'DC1s_v2_US East_1': 25, 'DC2s_v2_US East_2': 25, 'E16ads_v6_US East_2': 25, 'E16ads_v6_US East_3': 25, 'E16as_v6_US East_1': 25, 'E16as_v6_US East_2': 25, 'E20ads_v6_US East_1': 25, 'E20ads_v6_US East_3': 25, 'E20as_v6_US East_1': 25, 'E20as_v6_US East_3': 25, 'E2ads_v6_US East_1': 25, 'E2ads_v6_US East_2': 25, 'E2ads_v6_US East_3': 25, 'E2as_v6_US East_1': 25, 'E2as_v6_US East_2': 25, 'E2as_v6_US East_3': 25, 'E2ps_v5_US East_1': 25, 'E2ps_v5_US East_2': 25, 'E2ps_v5_US East_3': 25, 'E32ads_v6_US East_2': 25, 'E32as_v6_US East_2': 25, 'E48ads_v6_US East_3': 25, 'E48as_v6_US East_2': 25, 'E4ads_v6_US East_1': 25, 'E4ads_v6_US East_2': 25, 'E4ads_v6_US East_3': 25, 'E4as_v6_US East_1': 25, 'E4as_v6_US East_2': 25, 'E4as_v6_US East_3': 25, 'E4ps_v5_US East_1': 25, 'E4ps_v5_US East_2': 25, 'E4ps_v5_US East_3': 25, 'E64ads_v6_US East_2': 25, 'E64as_v6_US East_3': 25, 'E8ads_v6_US East_2': 25, 'E8ads_v6_US East_3': 25, 'E8as_v6_US East_2': 25, 'E8as_v6_US East_3': 25, 'E8ps_v5_US East_1': 25, 'E96ads_v6_US East_3': 25, 'E96as_v6_US East_1': 25, 'F16als_v6_US East_2': 25, 'F16als_v6_US East_3': 25, 'F16ams_v6_US East_2': 25, 'F16ams_v6_US East_3': 25, 'F16as_v6_US East_1': 25, 'F16as_v6_US East_3': 25, 'F2als_v6_US East_1': 25, 'F2als_v6_US East_2': 25, 'F2als_v6_US East_3': 25, 'F2ams_v6_US East_1': 25, 'F2ams_v6_US East_2': 25, 'F2ams_v6_US East_3': 25, 'F2as_v6_US East_1': 25, 'F2as_v6_US East_2': 25, 'F2as_v6_US East_3': 25, 'F32als_v6_US East_2': 25, 'F32ams_v6_US East_1': 25, 'F32as_v6_US East_1': 25, 'F48als_v6_US East_2': 25, 'F48ams_v6_US East_3': 25, 'F48as_v6_US East_2': 25, 'F4als_v6_US East_1': 25, 'F4als_v6_US East_3': 25, 'F4ams_v6_US East_2': 25, 'F4ams_v6_US East_3': 25, 'F4as_v6_US East_2': 25, 'F4as_v6_US East_3': 25, 'F64als_v6_US East_3': 25, 'F64ams_v6_US East_1': 25, 'F64as_v6_US East_2': 25, 'F8als_v6_US East_1': 25, 'F8als_v6_US East_3': 25, 'F8ams_v6_US East_1': 25, 'F8ams_v6_US East_3': 25, 'F8as_v6_US East_1': 25, 'F8as_v6_US East_2': 25, 'NV4as_v4_US East_1': 25, 'NV4as_v4_US East_2': 25, 'NV4as_v4_US East_3': 25, 'NV6ads_A10_v5_US East_1': 25, 'NV6ads_A10_v5_US East_2': 25, 'NV8as_v4_US East_1': 25, 'NV8as_v4_US East_2': 25, 'NV8as_v4_US East_3': 25}"
0.63,858.15605,2326714212,2711295.005727688,76275,76175,"{'D16ads_v6_US East_2': 25, 'D16ads_v6_US East_3': 25, 'D16alds_v6_US East_1': 25, 'D16alds_v6_US East_3': 25, 'D16als_v6_US East_1': 25, 'D16als_v6_US East_3': 25, 'D16as_v6_US East_1': 25, 'D16as_v6_US East_2': 25, 'D16pds_v5_US East_3': 25, 'D16plds_v5_US East_2': 25, 'D16plds_v5_US East_3': 25, 'D16pls_v5_US East_1': 25, 'D16pls_v5_US East_2': 25, 'D16ps_v5_US East_2': 25, 'D2ads_v6_US East_1': 25, 'D2ads_v6_US East_2': 25, 'D2ads_v6_US East_3': 25, 'D2alds_v6_US East_1': 25, 'D2alds_v6_US East_2': 25, 'D2alds_v6_US East_3': 25, 'D2als_v6_US East_1': 25, 'D2als_v6_US East_2': 25, 'D2als_v6_US East_3': 25, 'D2as_v6_US East_1': 25, 'D2as_v6_US East_2': 25, 'D2as_v6_US East_3': 25, 'D2pds_v5_US East_1': 25, 'D2pds_v5_US East_2': 25, 'D2pds_v5_US East_3': 25, 'D2plds_v5_US East_1': 25, 'D2plds_v5_US East_2': 25, 'D2plds_v5_US East_3': 25, 'D2pls_v5_US East_1': 25, 'D2pls_v5_US East_2': 25, 'D2pls_v5_US East_3': 25, 'D2ps_v5_US East_1': 25, 'D2ps_v5_US East_2': 25, 'D2ps_v5_US East_3': 25, 'D32ads_v6_US East_1': 25, 'D32ads_v6_US East_2': 25, 'D32alds_v6_US East_2': 25, 'D32alds_v6_US East_3': 25, 'D32als_v6_US East_1': 25, 'D32als_v6_US East_3': 25, 'D32as_v6_US East_2': 25, 'D32as_v6_US East_3': 25, 'D32plds_v5_US East_1': 25, 'D32pls_v5_US East_2': 25, 'D48ads_v6_US East_2': 25, 'D48alds_v6_US East_3': 25, 'D48als_v6_US East_1': 25, 'D48als_v6_US East_2': 25, 'D4ads_v6_US East_1': 25, 'D4ads_v6_US East_2': 25, 'D4ads_v6_US East_3': 25, 'D4alds_v6_US East_1': 25, 'D4alds_v6_US East_2': 25, 'D4alds_v6_US East_3': 25, 'D4als_v6_US East_1': 25, 'D4als_v6_US East_2': 25, 'D4als_v6_US East_3': 25, 'D4as_v6_US East_1': 25, 'D4as_v6_US East_2': 25, 'D4as_v6_US East_3': 25, 'D4pds_v5_US East_1': 25, 'D4pds_v5_US East_2': 25, 'D4pds_v5_US East_3': 25, 'D4plds_v5_US East_1': 25, 'D4plds_v5_US East_2': 25, 'D4plds_v5_US East_3': 25, 'D4pls_v5_US East_1': 25, 'D4pls_v5_US East_2': 25, 'D4pls_v5_US East_3': 25, 'D4ps_v5_US East_1': 25, 'D4ps_v5_US East_2': 25, 'D4ps_v5_US East_3': 25, 'D64ads_v6_US East_3': 25, 'D64alds_v6_US East_1': 25, 'D64als_v6_US East_2': 25, 'D64as_v6_US East_3': 25, 'D8ads_v6_US East_1': 25, 'D8ads_v6_US East_2': 25, 'D8alds_v6_US East_2': 25, 'D8alds_v6_US East_3': 25, 'D8als_v6_US East_1': 25, 'D8als_v6_US East_2': 25, 'D8als_v6_US East_3': 25, 'D8as_v6_US East_1': 25, 'D8as_v6_US East_3': 25, 'D8plds_v5_US East_1': 25, 'D8plds_v5_US East_2': 25, 'D8plds_v5_US East_3': 25, 'D8pls_v5_US East_1': 25, 'D8pls_v5_US East_2': 25, 'D8pls_v5_US East_3': 25, 'D8ps_v5_US East_1': 25, 'D8ps_v5_US East_2': 25, 'D8ps_v5_US East_3': 25, 'D96ads_v6_US East_3': 25, 'D96alds_v6_US East_3': 25, 'D96als_v6_US East_3': 25, 'D96as_v6_US East_2': 25, 'DC1s_v2_US East_1': 25, 'DC2s_v2_US East_2': 25, 'E16ads_v6_US East_2': 25, 'E16ads_v6_US East_3': 25, 'E16as_v6_US East_1': 25, 'E16as_v6_US East_2': 25, 'E20ads_v6_US East_1': 25, 'E20ads_v6_US East_3': 25, 'E20as_v6_US East_1': 25, 'E20as_v6_US East_3': 25, 'E2ads_v6_US East_1': 25, 'E2ads_v6_US East_2': 25, 'E2ads_v6_US East_3': 25, 'E2as_v6_US East_1': 25, 'E2as_v6_US East_2': 25, 'E2as_v6_US East_3': 25, 'E2ps_v5_US East_1': 25, 'E2ps_v5_US East_2': 25, 'E2ps_v5_US East_3': 25, 'E32ads_v6_US East_2': 25, 'E32as_v6_US East_2': 25, 'E48ads_v6_US East_3': 25, 'E48as_v6_US East_2': 25, 'E4ads_v6_US East_1': 25, 'E4ads_v6_US East_2': 25, 'E4ads_v6_US East_3': 25, 'E4as_v6_US East_1': 25, 'E4as_v6_US East_2': 25, 'E4as_v6_US East_3': 25, 'E4ps_v5_US East_1': 25, 'E4ps_v5_US East_2': 25, 'E4ps_v5_US East_3': 25, 'E64ads_v6_US East_2': 25, 'E64as_v6_US East_3': 25, 'E8ads_v6_US East_2': 25, 'E8ads_v6_US East_3': 25, 'E8as_v6_US East_2': 25, 'E8as_v6_US East_3': 25, 'E8ps_v5_US East_1': 25, 'E96ads_v6_US East_3': 25, 'E96as_v6_US East_1': 25, 'F16als_v6_US East_2': 25, 'F16als_v6_US East_3': 25, 'F16ams_v6_US East_2': 25, 'F16ams_v6_US East_3': 25, 'F16as_v6_US East_1': 25, 'F16as_v6_US East_3': 25, 'F2als_v6_US East_1': 25, 'F2als_v6_US East_2': 25, 'F2als_v6_US East_3': 25, 'F2ams_v6_US East_1': 25, 'F2ams_v6_US East_2': 25, 'F2ams_v6_US East_3': 25, 'F2as_v6_US East_1': 25, 'F2as_v6_US East_2': 25, 'F2as_v6_US East_3': 25, 'F32als_v6_US East_2': 25, 'F32ams_v6_US East_1': 25, 'F32as_v6_US East_1': 25, 'F48als_v6_US East_2': 25, 'F48ams_v6_US East_3': 25, 'F48as_v6_US East_2': 25, 'F4als_v6_US East_1': 25, 'F4als_v6_US East_3': 25, 'F4ams_v6_US East_2': 25, 'F4ams_v6_US East_3': 25, 'F4as_v6_US East_2': 25, 'F4as_v6_US East_3': 25, 'F64als_v6_US East_3': 25, 'F64ams_v6_US East_1': 25, 'F64as_v6_US East_2': 25, 'F8als_v6_US East_1': 25, 'F8als_v6_US East_3': 25, 'F8ams_v6_US East_1': 25, 'F8ams_v6_US East_3': 25, 'F8as_v6_US East_1': 25, 'F8as_v6_US East_2': 25, 'NV4as_v4_US East_1': 25, 'NV4as_v4_US East_2': 25, 'NV4as_v4_US East_3': 25, 'NV6ads_A10_v5_US East_1': 25, 'NV6ads_A10_v5_US East_2': 25, 'NV8as_v4_US East_1': 25, 'NV8as_v4_US East_2': 25, 'NV8as_v4_US East_3': 25}"
0.64,860.4240499999999,2329653888,2707564.8205091436,76425,76325,"{'B2pls_v2_US East_1': 25, 'B2pls_v2_US East_2': 25, 'B2pls_v2_US East_3': 25, 'D16ads_v6_US East_2': 25, 'D16ads_v6_US East_3': 25, 'D16alds_v6_US East_1': 25, 'D16alds_v6_US East_3': 25, 'D16als_v6_US East_1': 25, 'D16als_v6_US East_3': 25, 'D16as_v6_US East_1': 25, 'D16as_v6_US East_2': 25, 'D16pds_v5_US East_3': 25, 'D16plds_v5_US East_2': 25, 'D16plds_v5_US East_3': 25, 'D16pls_v5_US East_1': 25, 'D16pls_v5_US East_2': 25, 'D16ps_v5_US East_2': 25, 'D2ads_v6_US East_1': 25, 'D2ads_v6_US East_2': 25, 'D2ads_v6_US East_3': 25, 'D2alds_v6_US East_1': 25, 'D2alds_v6_US East_2': 25, 'D2alds_v6_US East_3': 25, 'D2als_v6_US East_1': 25, 'D2als_v6_US East_2': 25, 'D2als_v6_US East_3': 25, 'D2as_v6_US East_1': 25, 'D2as_v6_US East_2': 25, 'D2as_v6_US East_3': 25, 'D2pds_v5_US East_1': 25, 'D2pds_v5_US East_2': 25, 'D2pds_v5_US East_3': 25, 'D2plds_v5_US East_1': 25, 'D2plds_v5_US East_2': 25, 'D2plds_v5_US East_3': 25, 'D2pls_v5_US East_1': 25, 'D2pls_v5_US East_2': 25, 'D2pls_v5_US East_3': 25, 'D2ps_v5_US East_1': 25, 'D2ps_v5_US East_2': 25, 'D2ps_v5_US East_3': 25, 'D32ads_v6_US East_1': 25, 'D32ads_v6_US East_2': 25, 'D32alds_v6_US East_2': 25, 'D32alds_v6_US East_3': 25, 'D32als_v6_US East_1': 25, 'D32als_v6_US East_3': 25, 'D32as_v6_US East_2': 25, 'D32as_v6_US East_3': 25, 'D32plds_v5_US East_1': 25, 'D32pls_v5_US East_2': 25, 'D48ads_v6_US East_2': 25, 'D48alds_v6_US East_3': 25, 'D48als_v6_US East_1': 25, 'D48als_v6_US East_2': 25, 'D4ads_v6_US East_1': 25, 'D4ads_v6_US East_2': 25, 'D4ads_v6_US East_3': 25, 'D4alds_v6_US East_1': 25, 'D4alds_v6_US East_2': 25, 'D4alds_v6_US East_3': 25, 'D4als_v6_US East_1': 25, 'D4als_v6_US East_2': 25, 'D4als_v6_US East_3': 25, 'D4as_v6_US East_1': 25, 'D4as_v6_US East_2': 25, 'D4as_v6_US East_3': 25, 'D4pds_v5_US East_1': 25, 'D4pds_v5_US East_2': 25, 'D4pds_v5_US East_3': 25, 'D4plds_v5_US East_1': 25, 'D4plds_v5_US East_2': 25, 'D4plds_v5_US East_3': 25, 'D4pls_v5_US East_1': 25, 'D4pls_v5_US East_2': 25, 'D4pls_v5_US East_3': 25, 'D4ps_v5_US East_1': 25, 'D4ps_v5_US East_2': 25, 'D4ps_v5_US East_3': 25, 'D64ads_v6_US East_3': 25, 'D64alds_v6_US East_1': 25, 'D64als_v6_US East_2': 25, 'D64as_v6_US East_3': 25, 'D8ads_v6_US East_1': 25, 'D8ads_v6_US East_2': 25, 'D8alds_v6_US East_2': 25, 'D8alds_v6_US East_3': 25, 'D8als_v6_US East_1': 25, 'D8als_v6_US East_2': 25, 'D8als_v6_US East_3': 25, 'D8as_v6_US East_1': 25, 'D8as_v6_US East_3': 25, 'D8plds_v5_US East_1': 25, 'D8plds_v5_US East_2': 25, 'D8plds_v5_US East_3': 25, 'D8pls_v5_US East_1': 25, 'D8pls_v5_US East_2': 25, 'D8pls_v5_US East_3': 25, 'D8ps_v5_US East_1': 25, 'D8ps_v5_US East_2': 25, 'D8ps_v5_US East_3': 25, 'D96ads_v6_US East_3': 25, 'D96alds_v6_US East_3': 25, 'D96als_v6_US East_3': 25, 'D96as_v6_US East_2': 25, 'DC1s_v2_US East_1': 25, 'DC2s_v2_US East_2': 25, 'E16ads_v6_US East_2': 25, 'E16ads_v6_US East_3': 25, 'E16as_v6_US East_1': 25, 'E16as_v6_US East_2': 25, 'E20ads_v6_US East_1': 25, 'E20ads_v6_US East_3': 25, 'E20as_v6_US East_1': 25, 'E20as_v6_US East_3': 25, 'E2ads_v6_US East_1': 25, 'E2ads_v6_US East_2': 25, 'E2ads_v6_US East_3': 25, 'E2as_v6_US East_1': 25, 'E2as_v6_US East_2': 25, 'E2as_v6_US East_3': 25, 'E2ps_v5_US East_1': 25, 'E2ps_v5_US East_2': 25, 'E2ps_v5_US East_3': 25, 'E32ads_v6_US East_2': 25, 'E32as_v6_US East_2': 25, 'E48ads_v6_US East_3': 25, 'E48as_v6_US East_2': 25, 'E4ads_v6_US East_1': 25, 'E4ads_v6_US East_2': 25, 'E4ads_v6_US East_3': 25, 'E4as_v6_US East_1': 25, 'E4as_v6_US East_2': 25, 'E4as_v6_US East_3': 25, 'E4ps_v5_US East_1': 25, 'E4ps_v5_US East_2': 25, 'E4ps_v5_US East_3': 25, 'E64ads_v6_US East_2': 25, 'E64as_v6_US East_3': 25, 'E8ads_v6_US East_2': 25, 'E8ads_v6_US East_3': 25, 'E8as_v6_US East_2': 25, 'E8as_v6_US East_3': 25, 'E8ps_v5_US East_1': 25, 'E96ads_v6_US East_3': 25, 'E96as_v6_US East_1': 25, 'F16als_v6_US East_2': 25, 'F16als_v6_US East_3': 25, 'F16ams_v6_US East_2': 25, 'F16ams_v6_US East_3': 25, 'F16as_v6_US East_1': 25, 'F16as_v6_US East_3': 25, 'F2als_v6_US East_1': 25, 'F2als_v6_US East_2': 25, 'F2als_v6_US East_3': 25, 'F2ams_v6_US East_1': 25, 'F2ams_v6_US East_2': 25, 'F2ams_v6_US East_3': 25, 'F2as_v6_US East_1': 25, 'F2as_v6_US East_2': 25, 'F2as_v6_US East_3': 25, 'F32als_v6_US East_2': 25, 'F32ams_v6_US East_1': 25, 'F32as_v6_US East_1': 25, 'F48als_v6_US East_2': 25, 'F48ams_v6_US East_3': 25, 'F48as_v6_US East_2': 25, 'F4als_v6_US East_1': 25, 'F4als_v6_US East_3': 25, 'F4ams_v6_US East_2': 25, 'F4ams_v6_US East_3': 25, 'F4as_v6_US East_2': 25, 'F4as_v6_US East_3': 25, 'F64als_v6_US East_3': 25, 'F64ams_v6_US East_1': 25, 'F64as_v6_US East_2': 25, 'F8als_v6_US East_1': 25, 'F8als_v6_US East_3': 25, 'F8ams_v6_US East_1': 25, 'F8ams_v6_US East_3': 25, 'F8as_v6_US East_1': 25, 'F8as_v6_US East_2': 25, 'NV4as_v4_US East_1': 25, 'NV4as_v4_US East_2': 25, 'NV4as_v4_US East_3': 25, 'NV6ads_A10_v5_US East_1': 25, 'NV6ads_A10_v5_US East_2': 25, 'NV8as_v4_US East_1': 25, 'NV8as_v4_US East_2': 25, 'NV8as_v4_US East_3': 25}"
0.65,860.4240499999999,2329653888,2707564.8205091436,76425,76325,"{'B2pls_v2_US East_1': 25, 'B2pls_v2_US East_2': 25, 'B2pls_v2_US East_3': 25, 'D16ads_v6_US East_2': 25, 'D16ads_v6_US East_3': 25, 'D16alds_v6_US East_1': 25, 'D16alds_v6_US East_3': 25, 'D16als_v6_US East_1': 25, 'D16als_v6_US East_3': 25, 'D16as_v6_US East_1': 25, 'D16as_v6_US East_2': 25, 'D16pds_v5_US East_3': 25, 'D16plds_v5_US East_2': 25, 'D16plds_v5_US East_3': 25, 'D16pls_v5_US East_1': 25, 'D16pls_v5_US East_2': 25, 'D16ps_v5_US East_2': 25, 'D2ads_v6_US East_1': 25, 'D2ads_v6_US East_2': 25, 'D2ads_v6_US East_3': 25, 'D2alds_v6_US East_1': 25, 'D2alds_v6_US East_2': 25, 'D2alds_v6_US East_3': 25, 'D2als_v6_US East_1': 25, 'D2als_v6_US East_2': 25, 'D2als_v6_US East_3': 25, 'D2as_v6_US East_1': 25, 'D2as_v6_US East_2': 25, 'D2as_v6_US East_3': 25, 'D2pds_v5_US East_1': 25, 'D2pds_v5_US East_2': 25, 'D2pds_v5_US East_3': 25, 'D2plds_v5_US East_1': 25, 'D2plds_v5_US East_2': 25, 'D2plds_v5_US East_3': 25, 'D2pls_v5_US East_1': 25, 'D2pls_v5_US East_2': 25, 'D2pls_v5_US East_3': 25, 'D2ps_v5_US East_1': 25, 'D2ps_v5_US East_2': 25, 'D2ps_v5_US East_3': 25, 'D32ads_v6_US East_1': 25, 'D32ads_v6_US East_2': 25, 'D32alds_v6_US East_2': 25, 'D32alds_v6_US East_3': 25, 'D32als_v6_US East_1': 25, 'D32als_v6_US East_3': 25, 'D32as_v6_US East_2': 25, 'D32as_v6_US East_3': 25, 'D32plds_v5_US East_1': 25, 'D32pls_v5_US East_2': 25, 'D48ads_v6_US East_2': 25, 'D48alds_v6_US East_3': 25, 'D48als_v6_US East_1': 25, 'D48als_v6_US East_2': 25, 'D4ads_v6_US East_1': 25, 'D4ads_v6_US East_2': 25, 'D4ads_v6_US East_3': 25, 'D4alds_v6_US East_1': 25, 'D4alds_v6_US East_2': 25, 'D4alds_v6_US East_3': 25, 'D4als_v6_US East_1': 25, 'D4als_v6_US East_2': 25, 'D4als_v6_US East_3': 25, 'D4as_v6_US East_1': 25, 'D4as_v6_US East_2': 25, 'D4as_v6_US East_3': 25, 'D4pds_v5_US East_1': 25, 'D4pds_v5_US East_2': 25, 'D4pds_v5_US East_3': 25, 'D4plds_v5_US East_1': 25, 'D4plds_v5_US East_2': 25, 'D4plds_v5_US East_3': 25, 'D4pls_v5_US East_1': 25, 'D4pls_v5_US East_2': 25, 'D4pls_v5_US East_3': 25, 'D4ps_v5_US East_1': 25, 'D4ps_v5_US East_2': 25, 'D4ps_v5_US East_3': 25, 'D64ads_v6_US East_3': 25, 'D64alds_v6_US East_1': 25, 'D64als_v6_US East_2': 25, 'D64as_v6_US East_3': 25, 'D8ads_v6_US East_1': 25, 'D8ads_v6_US East_2': 25, 'D8alds_v6_US East_2': 25, 'D8alds_v6_US East_3': 25, 'D8als_v6_US East_1': 25, 'D8als_v6_US East_2': 25, 'D8als_v6_US East_3': 25, 'D8as_v6_US East_1': 25, 'D8as_v6_US East_3': 25, 'D8plds_v5_US East_1': 25, 'D8plds_v5_US East_2': 25, 'D8plds_v5_US East_3': 25, 'D8pls_v5_US East_1': 25, 'D8pls_v5_US East_2': 25, 'D8pls_v5_US East_3': 25, 'D8ps_v5_US East_1': 25, 'D8ps_v5_US East_2': 25, 'D8ps_v5_US East_3': 25, 'D96ads_v6_US East_3': 25, 'D96alds_v6_US East_3': 25, 'D96als_v6_US East_3': 25, 'D96as_v6_US East_2': 25, 'DC1s_v2_US East_1': 25, 'DC2s_v2_US East_2': 25, 'E16ads_v6_US East_2': 25, 'E16ads_v6_US East_3': 25, 'E16as_v6_US East_1': 25, 'E16as_v6_US East_2': 25, 'E20ads_v6_US East_1': 25, 'E20ads_v6_US East_3': 25, 'E20as_v6_US East_1': 25, 'E20as_v6_US East_3': 25, 'E2ads_v6_US East_1': 25, 'E2ads_v6_US East_2': 25, 'E2ads_v6_US East_3': 25, 'E2as_v6_US East_1': 25, 'E2as_v6_US East_2': 25, 'E2as_v6_US East_3': 25, 'E2ps_v5_US East_1': 25, 'E2ps_v5_US East_2': 25, 'E2ps_v5_US East_3': 25, 'E32ads_v6_US East_2': 25, 'E32as_v6_US East_2': 25, 'E48ads_v6_US East_3': 25, 'E48as_v6_US East_2': 25, 'E4ads_v6_US East_1': 25, 'E4ads_v6_US East_2': 25, 'E4ads_v6_US East_3': 25, 'E4as_v6_US East_1': 25, 'E4as_v6_US East_2': 25, 'E4as_v6_US East_3': 25, 'E4ps_v5_US East_1': 25, 'E4ps_v5_US East_2': 25, 'E4ps_v5_US East_3': 25, 'E64ads_v6_US East_2': 25, 'E64as_v6_US East_3': 25, 'E8ads_v6_US East_2': 25, 'E8ads_v6_US East_3': 25, 'E8as_v6_US East_2': 25, 'E8as_v6_US East_3': 25, 'E8ps_v5_US East_1': 25, 'E96ads_v6_US East_3': 25, 'E96as_v6_US East_1': 25, 'F16als_v6_US East_2': 25, 'F16als_v6_US East_3': 25, 'F16ams_v6_US East_2': 25, 'F16ams_v6_US East_3': 25, 'F16as_v6_US East_1': 25, 'F16as_v6_US East_3': 25, 'F2als_v6_US East_1': 25, 'F2als_v6_US East_2': 25, 'F2als_v6_US East_3': 25, 'F2ams_v6_US East_1': 25, 'F2ams_v6_US East_2': 25, 'F2ams_v6_US East_3': 25, 'F2as_v6_US East_1': 25, 'F2as_v6_US East_2': 25, 'F2as_v6_US East_3': 25, 'F32als_v6_US East_2': 25, 'F32ams_v6_US East_1': 25, 'F32as_v6_US East_1': 25, 'F48als_v6_US East_2': 25, 'F48ams_v6_US East_3': 25, 'F48as_v6_US East_2': 25, 'F4als_v6_US East_1': 25, 'F4als_v6_US East_3': 25, 'F4ams_v6_US East_2': 25, 'F4ams_v6_US East_3': 25, 'F4as_v6_US East_2': 25, 'F4as_v6_US East_3': 25, 'F64als_v6_US East_3': 25, 'F64ams_v6_US East_1': 25, 'F64as_v6_US East_2': 25, 'F8als_v6_US East_1': 25, 'F8als_v6_US East_3': 25, 'F8ams_v6_US East_1': 25, 'F8ams_v6_US East_3': 25, 'F8as_v6_US East_1': 25, 'F8as_v6_US East_2': 25, 'NV4as_v4_US East_1': 25, 'NV4as_v4_US East_2': 25, 'NV4as_v4_US East_3': 25, 'NV6ads_A10_v5_US East_1': 25, 'NV6ads_A10_v5_US East_2': 25, 'NV8as_v4_US East_1': 25, 'NV8as_v4_US East_2': 25, 'NV8as_v4_US East_3': 25}"
0.66,860.4240499999999,2329653888,2707564.8205091436,76425,76325,"{'B2pls_v2_US East_1': 25, 'B2pls_v2_US East_2': 25, 'B2pls_v2_US East_3': 25, 'D16ads_v6_US East_2': 25, 'D16ads_v6_US East_3': 25, 'D16alds_v6_US East_1': 25, 'D16alds_v6_US East_3': 25, 'D16als_v6_US East_1': 25, 'D16als_v6_US East_3': 25, 'D16as_v6_US East_1': 25, 'D16as_v6_US East_2': 25, 'D16pds_v5_US East_3': 25, 'D16plds_v5_US East_2': 25, 'D16plds_v5_US East_3': 25, 'D16pls_v5_US East_1': 25, 'D16pls_v5_US East_2': 25, 'D16ps_v5_US East_2': 25, 'D2ads_v6_US East_1': 25, 'D2ads_v6_US East_2': 25, 'D2ads_v6_US East_3': 25, 'D2alds_v6_US East_1': 25, 'D2alds_v6_US East_2': 25, 'D2alds_v6_US East_3': 25, 'D2als_v6_US East_1': 25, 'D2als_v6_US East_2': 25, 'D2als_v6_US East_3': 25, 'D2as_v6_US East_1': 25, 'D2as_v6_US East_2': 25, 'D2as_v6_US East_3': 25, 'D2pds_v5_US East_1': 25, 'D2pds_v5_US East_2': 25, 'D2pds_v5_US East_3': 25, 'D2plds_v5_US East_1': 25, 'D2plds_v5_US East_2': 25, 'D2plds_v5_US East_3': 25, 'D2pls_v5_US East_1': 25, 'D2pls_v5_US East_2': 25, 'D2pls_v5_US East_3': 25, 'D2ps_v5_US East_1': 25, 'D2ps_v5_US East_2': 25, 'D2ps_v5_US East_3': 25, 'D32ads_v6_US East_1': 25, 'D32ads_v6_US East_2': 25, 'D32alds_v6_US East_2': 25, 'D32alds_v6_US East_3': 25, 'D32als_v6_US East_1': 25, 'D32als_v6_US East_3': 25, 'D32as_v6_US East_2': 25, 'D32as_v6_US East_3': 25, 'D32plds_v5_US East_1': 25, 'D32pls_v5_US East_2': 25, 'D48ads_v6_US East_2': 25, 'D48alds_v6_US East_3': 25, 'D48als_v6_US East_1': 25, 'D48als_v6_US East_2': 25, 'D4ads_v6_US East_1': 25, 'D4ads_v6_US East_2': 25, 'D4ads_v6_US East_3': 25, 'D4alds_v6_US East_1': 25, 'D4alds_v6_US East_2': 25, 'D4alds_v6_US East_3': 25, 'D4als_v6_US East_1': 25, 'D4als_v6_US East_2': 25, 'D4als_v6_US East_3': 25, 'D4as_v6_US East_1': 25, 'D4as_v6_US East_2': 25, 'D4as_v6_US East_3': 25, 'D4pds_v5_US East_1': 25, 'D4pds_v5_US East_2': 25, 'D4pds_v5_US East_3': 25, 'D4plds_v5_US East_1': 25, 'D4plds_v5_US East_2': 25, 'D4plds_v5_US East_3': 25, 'D4pls_v5_US East_1': 25, 'D4pls_v5_US East_2': 25, 'D4pls_v5_US East_3': 25, 'D4ps_v5_US East_1': 25, 'D4ps_v5_US East_2': 25, 'D4ps_v5_US East_3': 25, 'D64ads_v6_US East_3': 25, 'D64alds_v6_US East_1': 25, 'D64als_v6_US East_2': 25, 'D64as_v6_US East_3': 25, 'D8ads_v6_US East_1': 25, 'D8ads_v6_US East_2': 25, 'D8alds_v6_US East_2': 25, 'D8alds_v6_US East_3': 25, 'D8als_v6_US East_1': 25, 'D8als_v6_US East_2': 25, 'D8als_v6_US East_3': 25, 'D8as_v6_US East_1': 25, 'D8as_v6_US East_3': 25, 'D8plds_v5_US East_1': 25, 'D8plds_v5_US East_2': 25, 'D8plds_v5_US East_3': 25, 'D8pls_v5_US East_1': 25, 'D8pls_v5_US East_2': 25, 'D8pls_v5_US East_3': 25, 'D8ps_v5_US East_1': 25, 'D8ps_v5_US East_2': 25, 'D8ps_v5_US East_3': 25, 'D96ads_v6_US East_3': 25, 'D96alds_v6_US East_3': 25, 'D96als_v6_US East_3': 25, 'D96as_v6_US East_2': 25, 'DC1s_v2_US East_1': 25, 'DC2s_v2_US East_2': 25, 'E16ads_v6_US East_2': 25, 'E16ads_v6_US East_3': 25, 'E16as_v6_US East_1': 25, 'E16as_v6_US East_2': 25, 'E20ads_v6_US East_1': 25, 'E20ads_v6_US East_3': 25, 'E20as_v6_US East_1': 25, 'E20as_v6_US East_3': 25, 'E2ads_v6_US East_1': 25, 'E2ads_v6_US East_2': 25, 'E2ads_v6_US East_3': 25, 'E2as_v6_US East_1': 25, 'E2as_v6_US East_2': 25, 'E2as_v6_US East_3': 25, 'E2ps_v5_US East_1': 25, 'E2ps_v5_US East_2': 25, 'E2ps_v5_US East_3': 25, 'E32ads_v6_US East_2': 25, 'E32as_v6_US East_2': 25, 'E48ads_v6_US East_3': 25, 'E48as_v6_US East_2': 25, 'E4ads_v6_US East_1': 25, 'E4ads_v6_US East_2': 25, 'E4ads_v6_US East_3': 25, 'E4as_v6_US East_1': 25, 'E4as_v6_US East_2': 25, 'E4as_v6_US East_3': 25, 'E4ps_v5_US East_1': 25, 'E4ps_v5_US East_2': 25, 'E4ps_v5_US East_3': 25, 'E64ads_v6_US East_2': 25, 'E64as_v6_US East_3': 25, 'E8ads_v6_US East_2': 25, 'E8ads_v6_US East_3': 25, 'E8as_v6_US East_2': 25, 'E8as_v6_US East_3': 25, 'E8ps_v5_US East_1': 25, 'E96ads_v6_US East_3': 25, 'E96as_v6_US East_1': 25, 'F16als_v6_US East_2': 25, 'F16als_v6_US East_3': 25, 'F16ams_v6_US East_2': 25, 'F16ams_v6_US East_3': 25, 'F16as_v6_US East_1': 25, 'F16as_v6_US East_3': 25, 'F2als_v6_US East_1': 25, 'F2als_v6_US East_2': 25, 'F2als_v6_US East_3': 25, 'F2ams_v6_US East_1': 25, 'F2ams_v6_US East_2': 25, 'F2ams_v6_US East_3': 25, 'F2as_v6_US East_1': 25, 'F2as_v6_US East_2': 25, 'F2as_v6_US East_3': 25, 'F32als_v6_US East_2': 25, 'F32ams_v6_US East_1': 25, 'F32as_v6_US East_1': 25, 'F48als_v6_US East_2': 25, 'F48ams_v6_US East_3': 25, 'F48as_v6_US East_2': 25, 'F4als_v6_US East_1': 25, 'F4als_v6_US East_3': 25, 'F4ams_v6_US East_2': 25, 'F4ams_v6_US East_3': 25, 'F4as_v6_US East_2': 25, 'F4as_v6_US East_3': 25, 'F64als_v6_US East_3': 25, 'F64ams_v6_US East_1': 25, 'F64as_v6_US East_2': 25, 'F8als_v6_US East_1': 25, 'F8als_v6_US East_3': 25, 'F8ams_v6_US East_1': 25, 'F8ams_v6_US East_3': 25, 'F8as_v6_US East_1': 25, 'F8as_v6_US East_2': 25, 'NV4as_v4_US East_1': 25, 'NV4as_v4_US East_2': 25, 'NV4as_v4_US East_3': 25, 'NV6ads_A10_v5_US East_1': 25, 'NV6ads_A10_v5_US East_2': 25, 'NV8as_v4_US East_1': 25, 'NV8as_v4_US East_2': 25, 'NV8as_v4_US East_3': 25}"
0.67,894.5770499999999,2368118964,2647193.9611015064,77625,77525,"{'B2pls_v2_US East_1': 25, 'B2pls_v2_US East_2': 25, 'B2pls_v2_US East_3': 25, 'D16ads_v6_US East_2': 25, 'D16ads_v6_US East_3': 25, 'D16alds_v6_US East_1': 25, 'D16alds_v6_US East_3': 25, 'D16als_v6_US East_1': 25, 'D16als_v6_US East_3': 25, 'D16as_v6_US East_1': 25, 'D16as_v6_US East_2': 25, 'D16pds_v5_US East_3': 25, 'D16plds_v5_US East_2': 25, 'D16plds_v5_US East_3': 25, 'D16pls_v5_US East_1': 25, 'D16pls_v5_US East_2': 25, 'D16ps_v5_US East_2': 25, 'D2ads_v6_US East_1': 25, 'D2ads_v6_US East_2': 25, 'D2ads_v6_US East_3': 25, 'D2alds_v6_US East_1': 25, 'D2alds_v6_US East_2': 25, 'D2alds_v6_US East_3': 25, 'D2als_v6_US East_1': 25, 'D2als_v6_US East_2': 25, 'D2als_v6_US East_3': 25, 'D2as_v6_US East_1': 25, 'D2as_v6_US East_2': 25, 'D2as_v6_US East_3': 25, 'D2pds_v5_US East_1': 25, 'D2pds_v5_US East_2': 25, 'D2pds_v5_US East_3': 25, 'D2plds_v5_US East_1': 25, 'D2plds_v5_US East_2': 25, 'D2plds_v5_US East_3': 25, 'D2pls_v5_US East_1': 25, 'D2pls_v5_US East_2': 25, 'D2pls_v5_US East_3': 25, 'D2ps_v5_US East_1': 25, 'D2ps_v5_US East_2': 25, 'D2ps_v5_US East_3': 25, 'D32ads_v6_US East_1': 25, 'D32ads_v6_US East_2': 25, 'D32alds_v6_US East_2': 25, 'D32alds_v6_US East_3': 25, 'D32als_v6_US East_1': 25, 'D32als_v6_US East_3': 25, 'D32as_v6_US East_2': 25, 'D32as_v6_US East_3': 25, 'D32plds_v5_US East_1': 25, 'D32pls_v5_US East_2': 25, 'D48ads_v6_US East_2': 25, 'D48alds_v6_US East_3': 25, 'D48als_v6_US East_1': 25, 'D48als_v6_US East_2': 25, 'D4ads_v6_US East_1': 25, 'D4ads_v6_US East_2': 25, 'D4ads_v6_US East_3': 25, 'D4alds_v6_US East_1': 25, 'D4alds_v6_US East_2': 25, 'D4alds_v6_US East_3': 25, 'D4als_v6_US East_1': 25, 'D4als_v6_US East_2': 25, 'D4als_v6_US East_3': 25, 'D4as_v6_US East_1': 25, 'D4as_v6_US East_2': 25, 'D4as_v6_US East_3': 25, 'D4pds_v5_US East_1': 25, 'D4pds_v5_US East_2': 25, 'D4pds_v5_US East_3': 25, 'D4plds_v5_US East_1': 25, 'D4plds_v5_US East_2': 25, 'D4plds_v5_US East_3': 25, 'D4pls_v5_US East_1': 25, 'D4pls_v5_US East_2': 25, 'D4pls_v5_US East_3': 25, 'D4ps_v5_US East_1': 25, 'D4ps_v5_US East_2': 25, 'D4ps_v5_US East_3': 25, 'D64ads_v6_US East_3': 25, 'D64alds_v6_US East_1': 25, 'D64als_v6_US East_2': 25, 'D64as_v6_US East_3': 25, 'D8ads_v6_US East_1': 25, 'D8ads_v6_US East_2': 25, 'D8alds_v6_US East_2': 25, 'D8alds_v6_US East_3': 25, 'D8als_v6_US East_1': 25, 'D8als_v6_US East_2': 25, 'D8als_v6_US East_3': 25, 'D8as_v6_US East_1': 25, 'D8as_v6_US East_3': 25, 'D8plds_v5_US East_1': 25, 'D8plds_v5_US East_2': 25, 'D8plds_v5_US East_3': 25, 'D8pls_v5_US East_1': 25, 'D8pls_v5_US East_2': 25, 'D8pls_v5_US East_3': 25, 'D8ps_v5_US East_1': 25, 'D8ps_v5_US East_2': 25, 'D8ps_v5_US East_3': 25, 'D96ads_v6_US East_3': 25, 'D96alds_v6_US East_3': 25, 'D96als_v6_US East_3': 25, 'D96as_v6_US East_2': 25, 'DC1s_v2_US East_1': 25, 'DC2s_v2_US East_2': 25, 'E16ads_v6_US East_2': 25, 'E16ads_v6_US East_3': 25, 'E16as_v6_US East_1': 25, 'E16as_v6_US East_2': 25, 'E20ads_v6_US East_1': 25, 'E20ads_v6_US East_3': 25, 'E20as_v6_US East_1': 25, 'E20as_v6_US East_3': 25, 'E2ads_v6_US East_1': 25, 'E2ads_v6_US East_2': 25, 'E2ads_v6_US East_3': 25, 'E2as_v6_US East_1': 25, 'E2as_v6_US East_2': 25, 'E2as_v6_US East_3': 25, 'E2ps_v5_US East_1': 25, 'E2ps_v5_US East_2': 25, 'E2ps_v5_US East_3': 25, 'E32ads_v6_US East_2': 25, 'E32as_v6_US East_2': 25, 'E48ads_v6_US East_3': 25, 'E48as_v6_US East_2': 25, 'E4ads_v6_US East_1': 25, 'E4ads_v6_US East_2': 25, 'E4ads_v6_US East_3': 25, 'E4as_v6_US East_1': 25, 'E4as_v6_US East_2': 25, 'E4as_v6_US East_3': 25, 'E4ps_v5_US East_1': 25, 'E4ps_v5_US East_2': 25, 'E4ps_v5_US East_3': 25, 'E64ads_v6_US East_2': 25, 'E64as_v6_US East_3': 25, 'E8ads_v6_US East_2': 25, 'E8ads_v6_US East_3': 25, 'E8as_v6_US East_2': 25, 'E8as_v6_US East_3': 25, 'E8ps_v5_US East_1': 25, 'E96-48ads_v6_US East_2': 25, 'E96ads_v6_US East_3': 25, 'E96as_v6_US East_1': 25, 'F16als_v6_US East_2': 25, 'F16als_v6_US East_3': 25, 'F16ams_v6_US East_2': 25, 'F16ams_v6_US East_3': 25, 'F16as_v6_US East_1': 25, 'F16as_v6_US East_3': 25, 'F2als_v6_US East_1': 25, 'F2als_v6_US East_2': 25, 'F2als_v6_US East_3': 25, 'F2ams_v6_US East_1': 25, 'F2ams_v6_US East_2': 25, 'F2ams_v6_US East_3': 25, 'F2as_v6_US East_1': 25, 'F2as_v6_US East_2': 25, 'F2as_v6_US East_3': 25, 'F32als_v6_US East_2': 25, 'F32ams_v6_US East_1': 25, 'F32as_v6_US East_1': 25, 'F48als_v6_US East_2': 25, 'F48ams_v6_US East_3': 25, 'F48as_v6_US East_2': 25, 'F4als_v6_US East_1': 25, 'F4als_v6_US East_3': 25, 'F4ams_v6_US East_2': 25, 'F4ams_v6_US East_3': 25, 'F4as_v6_US East_2': 25, 'F4as_v6_US East_3': 25, 'F64als_v6_US East_3': 25, 'F64ams_v6_US East_1': 25, 'F64as_v6_US East_2': 25, 'F8als_v6_US East_1': 25, 'F8als_v6_US East_3': 25, 'F8ams_v6_US East_1': 25, 'F8ams_v6_US East_3': 25, 'F8as_v6_US East_1': 25, 'F8as_v6_US East_2': 25, 'NV4as_v4_US East_1': 25, 'NV4as_v4_US East_2': 25, 'NV4as_v4_US East_3': 25, 'NV6ads_A10_v5_US East_1': 25, 'NV6ads_A10_v5_US East_2': 25, 'NV8as_v4_US East_1': 25, 'NV8as_v4_US East_2': 25, 'NV8as_v4_US East_3': 25}"
0.68,894.5770499999999,2368118964,2647193.9611015064,77625,77525,"{'B2pls_v2_US East_1': 25, 'B2pls_v2_US East_2': 25, 'B2pls_v2_US East_3': 25, 'D16ads_v6_US East_2': 25, 'D16ads_v6_US East_3': 25, 'D16alds_v6_US East_1': 25, 'D16alds_v6_US East_3': 25, 'D16als_v6_US East_1': 25, 'D16als_v6_US East_3': 25, 'D16as_v6_US East_1': 25, 'D16as_v6_US East_2': 25, 'D16pds_v5_US East_3': 25, 'D16plds_v5_US East_2': 25, 'D16plds_v5_US East_3': 25, 'D16pls_v5_US East_1': 25, 'D16pls_v5_US East_2': 25, 'D16ps_v5_US East_2': 25, 'D2ads_v6_US East_1': 25, 'D2ads_v6_US East_2': 25, 'D2ads_v6_US East_3': 25, 'D2alds_v6_US East_1': 25, 'D2alds_v6_US East_2': 25, 'D2alds_v6_US East_3': 25, 'D2als_v6_US East_1': 25, 'D2als_v6_US East_2': 25, 'D2als_v6_US East_3': 25, 'D2as_v6_US East_1': 25, 'D2as_v6_US East_2': 25, 'D2as_v6_US East_3': 25, 'D2pds_v5_US East_1': 25, 'D2pds_v5_US East_2': 25, 'D2pds_v5_US East_3': 25, 'D2plds_v5_US East_1': 25, 'D2plds_v5_US East_2': 25, 'D2plds_v5_US East_3': 25, 'D2pls_v5_US East_1': 25, 'D2pls_v5_US East_2': 25, 'D2pls_v5_US East_3': 25, 'D2ps_v5_US East_1': 25, 'D2ps_v5_US East_2': 25, 'D2ps_v5_US East_3': 25, 'D32ads_v6_US East_1': 25, 'D32ads_v6_US East_2': 25, 'D32alds_v6_US East_2': 25, 'D32alds_v6_US East_3': 25, 'D32als_v6_US East_1': 25, 'D32als_v6_US East_3': 25, 'D32as_v6_US East_2': 25, 'D32as_v6_US East_3': 25, 'D32plds_v5_US East_1': 25, 'D32pls_v5_US East_2': 25, 'D48ads_v6_US East_2': 25, 'D48alds_v6_US East_3': 25, 'D48als_v6_US East_1': 25, 'D48als_v6_US East_2': 25, 'D4ads_v6_US East_1': 25, 'D4ads_v6_US East_2': 25, 'D4ads_v6_US East_3': 25, 'D4alds_v6_US East_1': 25, 'D4alds_v6_US East_2': 25, 'D4alds_v6_US East_3': 25, 'D4als_v6_US East_1': 25, 'D4als_v6_US East_2': 25, 'D4als_v6_US East_3': 25, 'D4as_v6_US East_1': 25, 'D4as_v6_US East_2': 25, 'D4as_v6_US East_3': 25, 'D4pds_v5_US East_1': 25, 'D4pds_v5_US East_2': 25, 'D4pds_v5_US East_3': 25, 'D4plds_v5_US East_1': 25, 'D4plds_v5_US East_2': 25, 'D4plds_v5_US East_3': 25, 'D4pls_v5_US East_1': 25, 'D4pls_v5_US East_2': 25, 'D4pls_v5_US East_3': 25, 'D4ps_v5_US East_1': 25, 'D4ps_v5_US East_2': 25, 'D4ps_v5_US East_3': 25, 'D64ads_v6_US East_3': 25, 'D64alds_v6_US East_1': 25, 'D64als_v6_US East_2': 25, 'D64as_v6_US East_3': 25, 'D8ads_v6_US East_1': 25, 'D8ads_v6_US East_2': 25, 'D8alds_v6_US East_2': 25, 'D8alds_v6_US East_3': 25, 'D8als_v6_US East_1': 25, 'D8als_v6_US East_2': 25, 'D8als_v6_US East_3': 25, 'D8as_v6_US East_1': 25, 'D8as_v6_US East_3': 25, 'D8plds_v5_US East_1': 25, 'D8plds_v5_US East_2': 25, 'D8plds_v5_US East_3': 25, 'D8pls_v5_US East_1': 25, 'D8pls_v5_US East_2': 25, 'D8pls_v5_US East_3': 25, 'D8ps_v5_US East_1': 25, 'D8ps_v5_US East_2': 25, 'D8ps_v5_US East_3': 25, 'D96ads_v6_US East_3': 25, 'D96alds_v6_US East_3': 25, 'D96als_v6_US East_3': 25, 'D96as_v6_US East_2': 25, 'DC1s_v2_US East_1': 25, 'DC2s_v2_US East_2': 25, 'E16ads_v6_US East_2': 25, 'E16ads_v6_US East_3': 25, 'E16as_v6_US East_1': 25, 'E16as_v6_US East_2': 25, 'E20ads_v6_US East_1': 25, 'E20ads_v6_US East_3': 25, 'E20as_v6_US East_1': 25, 'E20as_v6_US East_3': 25, 'E2ads_v6_US East_1': 25, 'E2ads_v6_US East_2': 25, 'E2ads_v6_US East_3': 25, 'E2as_v6_US East_1': 25, 'E2as_v6_US East_2': 25, 'E2as_v6_US East_3': 25, 'E2ps_v5_US East_1': 25, 'E2ps_v5_US East_2': 25, 'E2ps_v5_US East_3': 25, 'E32ads_v6_US East_2': 25, 'E32as_v6_US East_2': 25, 'E48ads_v6_US East_3': 25, 'E48as_v6_US East_2': 25, 'E4ads_v6_US East_1': 25, 'E4ads_v6_US East_2': 25, 'E4ads_v6_US East_3': 25, 'E4as_v6_US East_1': 25, 'E4as_v6_US East_2': 25, 'E4as_v6_US East_3': 25, 'E4ps_v5_US East_1': 25, 'E4ps_v5_US East_2': 25, 'E4ps_v5_US East_3': 25, 'E64ads_v6_US East_2': 25, 'E64as_v6_US East_3': 25, 'E8ads_v6_US East_2': 25, 'E8ads_v6_US East_3': 25, 'E8as_v6_US East_2': 25, 'E8as_v6_US East_3': 25, 'E8ps_v5_US East_1': 25, 'E96-48ads_v6_US East_2': 25, 'E96ads_v6_US East_3': 25, 'E96as_v6_US East_1': 25, 'F16als_v6_US East_2': 25, 'F16als_v6_US East_3': 25, 'F16ams_v6_US East_2': 25, 'F16ams_v6_US East_3': 25, 'F16as_v6_US East_1': 25, 'F16as_v6_US East_3': 25, 'F2als_v6_US East_1': 25, 'F2als_v6_US East_2': 25, 'F2als_v6_US East_3': 25, 'F2ams_v6_US East_1': 25, 'F2ams_v6_US East_2': 25, 'F2ams_v6_US East_3': 25, 'F2as_v6_US East_1': 25, 'F2as_v6_US East_2': 25, 'F2as_v6_US East_3': 25, 'F32als_v6_US East_2': 25, 'F32ams_v6_US East_1': 25, 'F32as_v6_US East_1': 25, 'F48als_v6_US East_2': 25, 'F48ams_v6_US East_3': 25, 'F48as_v6_US East_2': 25, 'F4als_v6_US East_1': 25, 'F4als_v6_US East_3': 25, 'F4ams_v6_US East_2': 25, 'F4ams_v6_US East_3': 25, 'F4as_v6_US East_2': 25, 'F4as_v6_US East_3': 25, 'F64als_v6_US East_3': 25, 'F64ams_v6_US East_1': 25, 'F64as_v6_US East_2': 25, 'F8als_v6_US East_1': 25, 'F8als_v6_US East_3': 25, 'F8ams_v6_US East_1': 25, 'F8ams_v6_US East_3': 25, 'F8as_v6_US East_1': 25, 'F8as_v6_US East_2': 25, 'NV4as_v4_US East_1': 25, 'NV4as_v4_US East_2': 25, 'NV4as_v4_US East_3': 25, 'NV6ads_A10_v5_US East_1': 25, 'NV6ads_A10_v5_US East_2': 25, 'NV8as_v4_US East_1': 25, 'NV8as_v4_US East_2': 25, 'NV8as_v4_US East_3': 25}"
0.6900000000000001,894.5770499999999,2368118964,2647193.9611015064,77625,77525,"{'B2pls_v2_US East_1': 25, 'B2pls_v2_US East_2': 25, 'B2pls_v2_US East_3': 25, 'D16ads_v6_US East_2': 25, 'D16ads_v6_US East_3': 25, 'D16alds_v6_US East_1': 25, 'D16alds_v6_US East_3': 25, 'D16als_v6_US East_1': 25, 'D16als_v6_US East_3': 25, 'D16as_v6_US East_1': 25, 'D16as_v6_US East_2': 25, 'D16pds_v5_US East_3': 25, 'D16plds_v5_US East_2': 25, 'D16plds_v5_US East_3': 25, 'D16pls_v5_US East_1': 25, 'D16pls_v5_US East_2': 25, 'D16ps_v5_US East_2': 25, 'D2ads_v6_US East_1': 25, 'D2ads_v6_US East_2': 25, 'D2ads_v6_US East_3': 25, 'D2alds_v6_US East_1': 25, 'D2alds_v6_US East_2': 25, 'D2alds_v6_US East_3': 25, 'D2als_v6_US East_1': 25, 'D2als_v6_US East_2': 25, 'D2als_v6_US East_3': 25, 'D2as_v6_US East_1': 25, 'D2as_v6_US East_2': 25, 'D2as_v6_US East_3': 25, 'D2pds_v5_US East_1': 25, 'D2pds_v5_US East_2': 25, 'D2pds_v5_US East_3': 25, 'D2plds_v5_US East_1': 25, 'D2plds_v5_US East_2': 25, 'D2plds_v5_US East_3': 25, 'D2pls_v5_US East_1': 25, 'D2pls_v5_US East_2': 25, 'D2pls_v5_US East_3': 25, 'D2ps_v5_US East_1': 25, 'D2ps_v5_US East_2': 25, 'D2ps_v5_US East_3': 25, 'D32ads_v6_US East_1': 25, 'D32ads_v6_US East_2': 25, 'D32alds_v6_US East_2': 25, 'D32alds_v6_US East_3': 25, 'D32als_v6_US East_1': 25, 'D32als_v6_US East_3': 25, 'D32as_v6_US East_2': 25, 'D32as_v6_US East_3': 25, 'D32plds_v5_US East_1': 25, 'D32pls_v5_US East_2': 25, 'D48ads_v6_US East_2': 25, 'D48alds_v6_US East_3': 25, 'D48als_v6_US East_1': 25, 'D48als_v6_US East_2': 25, 'D4ads_v6_US East_1': 25, 'D4ads_v6_US East_2': 25, 'D4ads_v6_US East_3': 25, 'D4alds_v6_US East_1': 25, 'D4alds_v6_US East_2': 25, 'D4alds_v6_US East_3': 25, 'D4als_v6_US East_1': 25, 'D4als_v6_US East_2': 25, 'D4als_v6_US East_3': 25, 'D4as_v6_US East_1': 25, 'D4as_v6_US East_2': 25, 'D4as_v6_US East_3': 25, 'D4pds_v5_US East_1': 25, 'D4pds_v5_US East_2': 25, 'D4pds_v5_US East_3': 25, 'D4plds_v5_US East_1': 25, 'D4plds_v5_US East_2': 25, 'D4plds_v5_US East_3': 25, 'D4pls_v5_US East_1': 25, 'D4pls_v5_US East_2': 25, 'D4pls_v5_US East_3': 25, 'D4ps_v5_US East_1': 25, 'D4ps_v5_US East_2': 25, 'D4ps_v5_US East_3': 25, 'D64ads_v6_US East_3': 25, 'D64alds_v6_US East_1': 25, 'D64als_v6_US East_2': 25, 'D64as_v6_US East_3': 25, 'D8ads_v6_US East_1': 25, 'D8ads_v6_US East_2': 25, 'D8alds_v6_US East_2': 25, 'D8alds_v6_US East_3': 25, 'D8als_v6_US East_1': 25, 'D8als_v6_US East_2': 25, 'D8als_v6_US East_3': 25, 'D8as_v6_US East_1': 25, 'D8as_v6_US East_3': 25, 'D8plds_v5_US East_1': 25, 'D8plds_v5_US East_2': 25, 'D8plds_v5_US East_3': 25, 'D8pls_v5_US East_1': 25, 'D8pls_v5_US East_2': 25, 'D8pls_v5_US East_3': 25, 'D8ps_v5_US East_1': 25, 'D8ps_v5_US East_2': 25, 'D8ps_v5_US East_3': 25, 'D96ads_v6_US East_3': 25, 'D96alds_v6_US East_3': 25, 'D96als_v6_US East_3': 25, 'D96as_v6_US East_2': 25, 'DC1s_v2_US East_1': 25, 'DC2s_v2_US East_2': 25, 'E16ads_v6_US East_2': 25, 'E16ads_v6_US East_3': 25, 'E16as_v6_US East_1': 25, 'E16as_v6_US East_2': 25, 'E20ads_v6_US East_1': 25, 'E20ads_v6_US East_3': 25, 'E20as_v6_US East_1': 25, 'E20as_v6_US East_3': 25, 'E2ads_v6_US East_1': 25, 'E2ads_v6_US East_2': 25, 'E2ads_v6_US East_3': 25, 'E2as_v6_US East_1': 25, 'E2as_v6_US East_2': 25, 'E2as_v6_US East_3': 25, 'E2ps_v5_US East_1': 25, 'E2ps_v5_US East_2': 25, 'E2ps_v5_US East_3': 25, 'E32ads_v6_US East_2': 25, 'E32as_v6_US East_2': 25, 'E48ads_v6_US East_3': 25, 'E48as_v6_US East_2': 25, 'E4ads_v6_US East_1': 25, 'E4ads_v6_US East_2': 25, 'E4ads_v6_US East_3': 25, 'E4as_v6_US East_1': 25, 'E4as_v6_US East_2': 25, 'E4as_v6_US East_3': 25, 'E4ps_v5_US East_1': 25, 'E4ps_v5_US East_2': 25, 'E4ps_v5_US East_3': 25, 'E64ads_v6_US East_2': 25, 'E64as_v6_US East_3': 25, 'E8ads_v6_US East_2': 25, 'E8ads_v6_US East_3': 25, 'E8as_v6_US East_2': 25, 'E8as_v6_US East_3': 25, 'E8ps_v5_US East_1': 25, 'E96-48ads_v6_US East_2': 25, 'E96ads_v6_US East_3': 25, 'E96as_v6_US East_1': 25, 'F16als_v6_US East_2': 25, 'F16als_v6_US East_3': 25, 'F16ams_v6_US East_2': 25, 'F16ams_v6_US East_3': 25, 'F16as_v6_US East_1': 25, 'F16as_v6_US East_3': 25, 'F2als_v6_US East_1': 25, 'F2als_v6_US East_2': 25, 'F2als_v6_US East_3': 25, 'F2ams_v6_US East_1': 25, 'F2ams_v6_US East_2': 25, 'F2ams_v6_US East_3': 25, 'F2as_v6_US East_1': 25, 'F2as_v6_US East_2': 25, 'F2as_v6_US East_3': 25, 'F32als_v6_US East_2': 25, 'F32ams_v6_US East_1': 25, 'F32as_v6_US East_1': 25, 'F48als_v6_US East_2': 25, 'F48ams_v6_US East_3': 25, 'F48as_v6_US East_2': 25, 'F4als_v6_US East_1': 25, 'F4als_v6_US East_3': 25, 'F4ams_v6_US East_2': 25, 'F4ams_v6_US East_3': 25, 'F4as_v6_US East_2': 25, 'F4as_v6_US East_3': 25, 'F64als_v6_US East_3': 25, 'F64ams_v6_US East_1': 25, 'F64as_v6_US East_2': 25, 'F8als_v6_US East_1': 25, 'F8als_v6_US East_3': 25, 'F8ams_v6_US East_1': 25, 'F8ams_v6_US East_3': 25, 'F8as_v6_US East_1': 25, 'F8as_v6_US East_2': 25, 'NV4as_v4_US East_1': 25, 'NV4as_v4_US East_2': 25, 'NV4as_v4_US East_3': 25, 'NV6ads_A10_v5_US East_1': 25, 'NV6ads_A10_v5_US East_2': 25, 'NV8as_v4_US East_1': 25, 'NV8as_v4_US East_2': 25, 'NV8as_v4_US East_3': 25}"
0.7000000000000001,894.5770499999999,2368118964,2647193.9611015064,77625,77525,"{'B2pls_v2_US East_1': 25, 'B2pls_v2_US East_2': 25, 'B2pls_v2_US East_3': 25, 'D16ads_v6_US East_2': 25, 'D16ads_v6_US East_3': 25, 'D16alds_v6_US East_1': 25, 'D16alds_v6_US East_3': 25, 'D16als_v6_US East_1': 25, 'D16als_v6_US East_3': 25, 'D16as_v6_US East_1': 25, 'D16as_v6_US East_2': 25, 'D16pds_v5_US East_3': 25, 'D16plds_v5_US East_2': 25, 'D16plds_v5_US East_3': 25, 'D16pls_v5_US East_1': 25, 'D16pls_v5_US East_2': 25, 'D16ps_v5_US East_2': 25, 'D2ads_v6_US East_1': 25, 'D2ads_v6_US East_2': 25, 'D2ads_v6_US East_3': 25, 'D2alds_v6_US East_1': 25, 'D2alds_v6_US East_2': 25, 'D2alds_v6_US East_3': 25, 'D2als_v6_US East_1': 25, 'D2als_v6_US East_2': 25, 'D2als_v6_US East_3': 25, 'D2as_v6_US East_1': 25, 'D2as_v6_US East_2': 25, 'D2as_v6_US East_3': 25, 'D2pds_v5_US East_1': 25, 'D2pds_v5_US East_2': 25, 'D2pds_v5_US East_3': 25, 'D2plds_v5_US East_1': 25, 'D2plds_v5_US East_2': 25, 'D2plds_v5_US East_3': 25, 'D2pls_v5_US East_1': 25, 'D2pls_v5_US East_2': 25, 'D2pls_v5_US East_3': 25, 'D2ps_v5_US East_1': 25, 'D2ps_v5_US East_2': 25, 'D2ps_v5_US East_3': 25, 'D32ads_v6_US East_1': 25, 'D32ads_v6_US East_2': 25, 'D32alds_v6_US East_2': 25, 'D32alds_v6_US East_3': 25, 'D32als_v6_US East_1': 25, 'D32als_v6_US East_3': 25, 'D32as_v6_US East_2': 25, 'D32as_v6_US East_3': 25, 'D32plds_v5_US East_1': 25, 'D32pls_v5_US East_2': 25, 'D48ads_v6_US East_2': 25, 'D48alds_v6_US East_3': 25, 'D48als_v6_US East_1': 25, 'D48als_v6_US East_2': 25, 'D4ads_v6_US East_1': 25, 'D4ads_v6_US East_2': 25, 'D4ads_v6_US East_3': 25, 'D4alds_v6_US East_1': 25, 'D4alds_v6_US East_2': 25, 'D4alds_v6_US East_3': 25, 'D4als_v6_US East_1': 25, 'D4als_v6_US East_2': 25, 'D4als_v6_US East_3': 25, 'D4as_v6_US East_1': 25, 'D4as_v6_US East_2': 25, 'D4as_v6_US East_3': 25, 'D4pds_v5_US East_1': 25, 'D4pds_v5_US East_2': 25, 'D4pds_v5_US East_3': 25, 'D4plds_v5_US East_1': 25, 'D4plds_v5_US East_2': 25, 'D4plds_v5_US East_3': 25, 'D4pls_v5_US East_1': 25, 'D4pls_v5_US East_2': 25, 'D4pls_v5_US East_3': 25, 'D4ps_v5_US East_1': 25, 'D4ps_v5_US East_2': 25, 'D4ps_v5_US East_3': 25, 'D64ads_v6_US East_3': 25, 'D64alds_v6_US East_1': 25, 'D64als_v6_US East_2': 25, 'D64as_v6_US East_3': 25, 'D8ads_v6_US East_1': 25, 'D8ads_v6_US East_2': 25, 'D8alds_v6_US East_2': 25, 'D8alds_v6_US East_3': 25, 'D8als_v6_US East_1': 25, 'D8als_v6_US East_2': 25, 'D8als_v6_US East_3': 25, 'D8as_v6_US East_1': 25, 'D8as_v6_US East_3': 25, 'D8plds_v5_US East_1': 25, 'D8plds_v5_US East_2': 25, 'D8plds_v5_US East_3': 25, 'D8pls_v5_US East_1': 25, 'D8pls_v5_US East_2': 25, 'D8pls_v5_US East_3': 25, 'D8ps_v5_US East_1': 25, 'D8ps_v5_US East_2': 25, 'D8ps_v5_US East_3': 25, 'D96ads_v6_US East_3': 25, 'D96alds_v6_US East_3': 25, 'D96als_v6_US East_3': 25, 'D96as_v6_US East_2': 25, 'DC1s_v2_US East_1': 25, 'DC2s_v2_US East_2': 25, 'E16ads_v6_US East_2': 25, 'E16ads_v6_US East_3': 25, 'E16as_v6_US East_1': 25, 'E16as_v6_US East_2': 25, 'E20ads_v6_US East_1': 25, 'E20ads_v6_US East_3': 25, 'E20as_v6_US East_1': 25, 'E20as_v6_US East_3': 25, 'E2ads_v6_US East_1': 25, 'E2ads_v6_US East_2': 25, 'E2ads_v6_US East_3': 25, 'E2as_v6_US East_1': 25, 'E2as_v6_US East_2': 25, 'E2as_v6_US East_3': 25, 'E2ps_v5_US East_1': 25, 'E2ps_v5_US East_2': 25, 'E2ps_v5_US East_3': 25, 'E32ads_v6_US East_2': 25, 'E32as_v6_US East_2': 25, 'E48ads_v6_US East_3': 25, 'E48as_v6_US East_2': 25, 'E4ads_v6_US East_1': 25, 'E4ads_v6_US East_2': 25, 'E4ads_v6_US East_3': 25, 'E4as_v6_US East_1': 25, 'E4as_v6_US East_2': 25, 'E4as_v6_US East_3': 25, 'E4ps_v5_US East_1': 25, 'E4ps_v5_US East_2': 25, 'E4ps_v5_US East_3': 25, 'E64ads_v6_US East_2': 25, 'E64as_v6_US East_3': 25, 'E8ads_v6_US East_2': 25, 'E8ads_v6_US East_3': 25, 'E8as_v6_US East_2': 25, 'E8as_v6_US East_3': 25, 'E8ps_v5_US East_1': 25, 'E96-48ads_v6_US East_2': 25, 'E96ads_v6_US East_3': 25, 'E96as_v6_US East_1': 25, 'F16als_v6_US East_2': 25, 'F16als_v6_US East_3': 25, 'F16ams_v6_US East_2': 25, 'F16ams_v6_US East_3': 25, 'F16as_v6_US East_1': 25, 'F16as_v6_US East_3': 25, 'F2als_v6_US East_1': 25, 'F2als_v6_US East_2': 25, 'F2als_v6_US East_3': 25, 'F2ams_v6_US East_1': 25, 'F2ams_v6_US East_2': 25, 'F2ams_v6_US East_3': 25, 'F2as_v6_US East_1': 25, 'F2as_v6_US East_2': 25, 'F2as_v6_US East_3': 25, 'F32als_v6_US East_2': 25, 'F32ams_v6_US East_1': 25, 'F32as_v6_US East_1': 25, 'F48als_v6_US East_2': 25, 'F48ams_v6_US East_3': 25, 'F48as_v6_US East_2': 25, 'F4als_v6_US East_1': 25, 'F4als_v6_US East_3': 25, 'F4ams_v6_US East_2': 25, 'F4ams_v6_US East_3': 25, 'F4as_v6_US East_2': 25, 'F4as_v6_US East_3': 25, 'F64als_v6_US East_3': 25, 'F64ams_v6_US East_1': 25, 'F64as_v6_US East_2': 25, 'F8als_v6_US East_1': 25, 'F8als_v6_US East_3': 25, 'F8ams_v6_US East_1': 25, 'F8ams_v6_US East_3': 25, 'F8as_v6_US East_1': 25, 'F8as_v6_US East_2': 25, 'NV4as_v4_US East_1': 25, 'NV4as_v4_US East_2': 25, 'NV4as_v4_US East_3': 25, 'NV6ads_A10_v5_US East_1': 25, 'NV6ads_A10_v5_US East_2': 25, 'NV8as_v4_US East_1': 25, 'NV8as_v4_US East_2': 25, 'NV8as_v4_US East_3': 25}"
0.71,901.6918499999998,2374701708,2633606.712204397,77925,77825,"{'B2pls_v2_US East_1': 25, 'B2pls_v2_US East_2': 25, 'B2pls_v2_US East_3': 25, 'D16ads_v6_US East_2': 25, 'D16ads_v6_US East_3': 25, 'D16alds_v6_US East_1': 25, 'D16alds_v6_US East_3': 25, 'D16als_v6_US East_1': 25, 'D16als_v6_US East_3': 25, 'D16as_v6_US East_1': 25, 'D16as_v6_US East_2': 25, 'D16pds_v5_US East_3': 25, 'D16plds_v5_US East_2': 25, 'D16plds_v5_US East_3': 25, 'D16pls_v5_US East_1': 25, 'D16pls_v5_US East_2': 25, 'D16ps_v5_US East_2': 25, 'D2ads_v6_US East_1': 25, 'D2ads_v6_US East_2': 25, 'D2ads_v6_US East_3': 25, 'D2alds_v6_US East_1': 25, 'D2alds_v6_US East_2': 25, 'D2alds_v6_US East_3': 25, 'D2als_v6_US East_1': 25, 'D2als_v6_US East_2': 25, 'D2als_v6_US East_3': 25, 'D2as_v6_US East_1': 25, 'D2as_v6_US East_2': 25, 'D2as_v6_US East_3': 25, 'D2pds_v5_US East_1': 25, 'D2pds_v5_US East_2': 25, 'D2pds_v5_US East_3': 25, 'D2plds_v5_US East_1': 25, 'D2plds_v5_US East_2': 25, 'D2plds_v5_US East_3': 25, 'D2pls_v5_US East_1': 25, 'D2pls_v5_US East_2': 25, 'D2pls_v5_US East_3': 25, 'D2ps_v5_US East_1': 25, 'D2ps_v5_US East_2': 25, 'D2ps_v5_US East_3': 25, 'D32ads_v6_US East_1': 25, 'D32ads_v6_US East_2': 25, 'D32alds_v6_US East_2': 25, 'D32alds_v6_US East_3': 25, 'D32als_v6_US East_1': 25, 'D32als_v6_US East_3': 25, 'D32as_v6_US East_2': 25, 'D32as_v6_US East_3': 25, 'D32plds_v5_US East_1': 25, 'D32pls_v5_US East_2': 25, 'D48ads_v6_US East_2': 25, 'D48alds_v6_US East_3': 25, 'D48als_v6_US East_1': 25, 'D48als_v6_US East_2': 25, 'D4ads_v6_US East_1': 25, 'D4ads_v6_US East_2': 25, 'D4ads_v6_US East_3': 25, 'D4alds_v6_US East_1': 25, 'D4alds_v6_US East_2': 25, 'D4alds_v6_US East_3': 25, 'D4als_v6_US East_1': 25, 'D4als_v6_US East_2': 25, 'D4als_v6_US East_3': 25, 'D4as_v6_US East_1': 25, 'D4as_v6_US East_2': 25, 'D4as_v6_US East_3': 25, 'D4pds_v5_US East_1': 25, 'D4pds_v5_US East_2': 25, 'D4pds_v5_US East_3': 25, 'D4plds_v5_US East_1': 25, 'D4plds_v5_US East_2': 25, 'D4plds_v5_US East_3': 25, 'D4pls_v5_US East_1': 25, 'D4pls_v5_US East_2': 25, 'D4pls_v5_US East_3': 25, 'D4ps_v5_US East_1': 25, 'D4ps_v5_US East_2': 25, 'D4ps_v5_US East_3': 25, 'D64ads_v6_US East_3': 25, 'D64alds_v6_US East_1': 25, 'D64als_v6_US East_2': 25, 'D64as_v6_US East_3': 25, 'D8ads_v6_US East_1': 25, 'D8ads_v6_US East_2': 25, 'D8alds_v6_US East_2': 25, 'D8alds_v6_US East_3': 25, 'D8als_v6_US East_1': 25, 'D8als_v6_US East_2': 25, 'D8als_v6_US East_3': 25, 'D8as_v6_US East_1': 25, 'D8as_v6_US East_3': 25, 'D8plds_v5_US East_1': 25, 'D8plds_v5_US East_2': 25, 'D8plds_v5_US East_3': 25, 'D8pls_v5_US East_1': 25, 'D8pls_v5_US East_2': 25, 'D8pls_v5_US East_3': 25, 'D8ps_v5_US East_1': 25, 'D8ps_v5_US East_2': 25, 'D8ps_v5_US East_3': 25, 'D96ads_v6_US East_3': 25, 'D96alds_v6_US East_3': 25, 'D96als_v6_US East_3': 25, 'D96as_v6_US East_2': 25, 'DC1s_v2_US East_1': 25, 'DC2s_v2_US East_2': 25, 'E16ads_v6_US East_2': 25, 'E16ads_v6_US East_3': 25, 'E16as_v6_US East_1': 25, 'E16as_v6_US East_2': 25, 'E20ads_v6_US East_1': 25, 'E20ads_v6_US East_3': 25, 'E20as_v6_US East_1': 25, 'E20as_v6_US East_3': 25, 'E2ads_v6_US East_1': 25, 'E2ads_v6_US East_2': 25, 'E2ads_v6_US East_3': 25, 'E2as_v6_US East_1': 25, 'E2as_v6_US East_2': 25, 'E2as_v6_US East_3': 25, 'E2ps_v5_US East_1': 25, 'E2ps_v5_US East_2': 25, 'E2ps_v5_US East_3': 25, 'E32ads_v6_US East_2': 25, 'E32as_v6_US East_2': 25, 'E48ads_v6_US East_3': 25, 'E48as_v6_US East_2': 25, 'E4ads_v6_US East_1': 25, 'E4ads_v6_US East_2': 25, 'E4ads_v6_US East_3': 25, 'E4as_v6_US East_1': 25, 'E4as_v6_US East_2': 25, 'E4as_v6_US East_3': 25, 'E4ps_v5_US East_1': 25, 'E4ps_v5_US East_2': 25, 'E4ps_v5_US East_3': 25, 'E64ads_v6_US East_2': 25, 'E64as_v6_US East_3': 25, 'E8ads_v6_US East_2': 25, 'E8ads_v6_US East_3': 25, 'E8as_v6_US East_2': 25, 'E8as_v6_US East_3': 25, 'E8ps_v5_US East_1': 25, 'E96-48ads_v6_US East_2': 25, 'E96ads_v6_US East_3': 25, 'E96as_v6_US East_1': 25, 'F16als_v6_US East_2': 25, 'F16als_v6_US East_3': 25, 'F16ams_v6_US East_2': 25, 'F16ams_v6_US East_3': 25, 'F16as_v6_US East_1': 25, 'F16as_v6_US East_3': 25, 'F2als_v6_US East_1': 25, 'F2als_v6_US East_2': 25, 'F2als_v6_US East_3': 25, 'F2ams_v6_US East_1': 25, 'F2ams_v6_US East_2': 25, 'F2ams_v6_US East_3': 25, 'F2as_v6_US East_1': 25, 'F2as_v6_US East_2': 25, 'F2as_v6_US East_3': 25, 'F32als_v6_US East_2': 25, 'F32ams_v6_US East_1': 25, 'F32as_v6_US East_1': 25, 'F48als_v6_US East_2': 25, 'F48ams_v6_US East_3': 25, 'F48as_v6_US East_2': 25, 'F4als_v6_US East_1': 25, 'F4als_v6_US East_3': 25, 'F4ams_v6_US East_2': 25, 'F4ams_v6_US East_3': 25, 'F4as_v6_US East_2': 25, 'F4as_v6_US East_3': 25, 'F64als_v6_US East_3': 25, 'F64ams_v6_US East_1': 25, 'F64as_v6_US East_2': 25, 'F8als_v6_US East_1': 25, 'F8als_v6_US East_3': 25, 'F8ams_v6_US East_1': 25, 'F8ams_v6_US East_3': 25, 'F8as_v6_US East_1': 25, 'F8as_v6_US East_2': 25, 'M12s_v3_US East_3': 25, 'NV4as_v4_US East_1': 25, 'NV4as_v4_US East_2': 25, 'NV4as_v4_US East_3': 25, 'NV6ads_A10_v5_US East_1': 25, 'NV6ads_A10_v5_US East_2': 25, 'NV8as_v4_US East_1': 25, 'NV8as_v4_US East_2': 25, 'NV8as_v4_US East_3': 25}"
0.72,946.7414999999999,2413968324,2549764.982838505,80625,80525,"{'B2pls_v2_US East_1': 25, 'B2pls_v2_US East_2': 25, 'B2pls_v2_US East_3': 25, 'D16ads_v6_US East_2': 25, 'D16ads_v6_US East_3': 25, 'D16alds_v6_US East_1': 25, 'D16alds_v6_US East_3': 25, 'D16als_v6_US East_1': 25, 'D16als_v6_US East_3': 25, 'D16as_v6_US East_1': 25, 'D16as_v6_US East_2': 25, 'D16pds_v5_US East_3': 25, 'D16plds_v5_US East_2': 25, 'D16plds_v5_US East_3': 25, 'D16pls_v5_US East_1': 25, 'D16pls_v5_US East_2': 25, 'D16ps_v5_US East_2': 25, 'D2ads_v6_US East_1': 25, 'D2ads_v6_US East_2': 25, 'D2ads_v6_US East_3': 25, 'D2alds_v6_US East_1': 25, 'D2alds_v6_US East_2': 25, 'D2alds_v6_US East_3': 25, 'D2als_v6_US East_1': 25, 'D2als_v6_US East_2': 25, 'D2als_v6_US East_3': 25, 'D2as_v6_US East_1': 25, 'D2as_v6_US East_2': 25, 'D2as_v6_US East_3': 25, 'D2pds_v5_US East_1': 25, 'D2pds_v5_US East_2': 25, 'D2pds_v5_US East_3': 25, 'D2plds_v5_US East_1': 25, 'D2plds_v5_US East_2': 25, 'D2plds_v5_US East_3': 25, 'D2pls_v5_US East_1': 25, 'D2pls_v5_US East_2': 25, 'D2pls_v5_US East_3': 25, 'D2ps_v5_US East_1': 25, 'D2ps_v5_US East_2': 25, 'D2ps_v5_US East_3': 25, 'D32ads_v6_US East_1': 25, 'D32ads_v6_US East_2': 25, 'D32alds_v6_US East_2': 25, 'D32alds_v6_US East_3': 25, 'D32als_v6_US East_1': 25, 'D32als_v6_US East_3': 25, 'D32as_v6_US East_2': 25, 'D32as_v6_US East_3': 25, 'D32plds_v5_US East_1': 25, 'D32pls_v5_US East_2': 25, 'D48ads_v6_US East_2': 25, 'D48alds_v6_US East_3': 25, 'D48als_v6_US East_1': 25, 'D48als_v6_US East_2': 25, 'D4ads_v6_US East_1': 25, 'D4ads_v6_US East_2': 25, 'D4ads_v6_US East_3': 25, 'D4alds_v6_US East_1': 25, 'D4alds_v6_US East_2': 25, 'D4alds_v6_US East_3': 25, 'D4als_v6_US East_1': 25, 'D4als_v6_US East_2': 25, 'D4als_v6_US East_3': 25, 'D4as_v6_US East_1': 25, 'D4as_v6_US East_2': 25, 'D4as_v6_US East_3': 25, 'D4pds_v5_US East_1': 25, 'D4pds_v5_US East_2': 25, 'D4pds_v5_US East_3': 25, 'D4plds_v5_US East_1': 25, 'D4plds_v5_US East_2': 25, 'D4plds_v5_US East_3': 25, 'D4pls_v5_US East_1': 25, 'D4pls_v5_US East_2': 25, 'D4pls_v5_US East_3': 25, 'D4ps_v5_US East_1': 25, 'D4ps_v5_US East_2': 25, 'D4ps_v5_US East_3': 25, 'D64ads_v6_US East_3': 25, 'D64alds_v6_US East_1': 25, 'D64als_v6_US East_2': 25, 'D64as_v6_US East_3': 25, 'D8ads_v6_US East_1': 25, 'D8ads_v6_US East_2': 25, 'D8alds_v6_US East_2': 25, 'D8alds_v6_US East_3': 25, 'D8als_v6_US East_1': 25, 'D8als_v6_US East_2': 25, 'D8als_v6_US East_3': 25, 'D8as_v6_US East_1': 25, 'D8as_v6_US East_3': 25, 'D8plds_v5_US East_1': 25, 'D8plds_v5_US East_2': 25, 'D8plds_v5_US East_3': 25, 'D8pls_v5_US East_1': 25, 'D8pls_v5_US East_2': 25, 'D8pls_v5_US East_3': 25, 'D8ps_v5_US East_1': 25, 'D8ps_v5_US East_2': 25, 'D8ps_v5_US East_3': 25, 'D96ads_v6_US East_3': 25, 'D96alds_v6_US East_3': 25, 'D96als_v6_US East_3': 25, 'D96as_v6_US East_2': 25, 'DC1s_v2_US East_1': 25, 'DC2s_v2_US East_2': 25, 'E16ads_v6_US East_2': 25, 'E16ads_v6_US East_3': 25, 'E16as_v6_US East_1': 25, 'E16as_v6_US East_2': 25, 'E20ads_v6_US East_1': 25, 'E20ads_v6_US East_3': 25, 'E20as_v6_US East_1': 25, 'E20as_v6_US East_3': 25, 'E2ads_v6_US East_1': 25, 'E2ads_v6_US East_2': 25, 'E2ads_v6_US East_3': 25, 'E2as_v6_US East_1': 25, 'E2as_v6_US East_2': 25, 'E2as_v6_US East_3': 25, 'E2ps_v5_US East_1': 25, 'E2ps_v5_US East_2': 25, 'E2ps_v5_US East_3': 25, 'E32ads_v6_US East_2': 25, 'E32as_v6_US East_2': 25, 'E48ads_v6_US East_3': 25, 'E48as_v6_US East_2': 25, 'E4ads_v6_US East_1': 25, 'E4ads_v6_US East_2': 25, 'E4ads_v6_US East_3': 25, 'E4as_v6_US East_1': 25, 'E4as_v6_US East_2': 25, 'E4as_v6_US East_3': 25, 'E4ps_v5_US East_1': 25, 'E4ps_v5_US East_2': 25, 'E4ps_v5_US East_3': 25, 'E64ads_v6_US East_2': 25, 'E64as_v6_US East_3': 25, 'E8ads_v6_US East_2': 25, 'E8ads_v6_US East_3': 25, 'E8as_v6_US East_2': 25, 'E8as_v6_US East_3': 25, 'E8ps_v5_US East_1': 25, 'E96-48ads_v6_US East_2': 25, 'E96ads_v6_US East_3': 25, 'E96as_v6_US East_1': 25, 'F16als_v6_US East_2': 25, 'F16als_v6_US East_3': 25, 'F16ams_v6_US East_2': 25, 'F16ams_v6_US East_3': 25, 'F16as_v6_US East_1': 25, 'F16as_v6_US East_3': 25, 'F2als_v6_US East_1': 25, 'F2als_v6_US East_2': 25, 'F2als_v6_US East_3': 25, 'F2ams_v6_US East_1': 25, 'F2ams_v6_US East_2': 25, 'F2ams_v6_US East_3': 25, 'F2as_v6_US East_1': 25, 'F2as_v6_US East_2': 25, 'F2as_v6_US East_3': 25, 'F32als_v6_US East_2': 25, 'F32ams_v6_US East_1': 25, 'F32as_v6_US East_1': 25, 'F48als_v6_US East_2': 25, 'F48ams_v6_US East_3': 25, 'F48as_v6_US East_2': 25, 'F4als_v6_US East_1': 25, 'F4als_v6_US East_3': 25, 'F4ams_v6_US East_2': 25, 'F4ams_v6_US East_3': 25, 'F4as_v6_US East_2': 25, 'F4as_v6_US East_3': 25, 'F64als_v6_US East_3': 25, 'F64ams_v6_US East_1': 25, 'F64as_v6_US East_2': 25, 'F8als_v6_US East_1': 25, 'F8als_v6_US East_3': 25, 'F8ams_v6_US East_1': 25, 'F8ams_v6_US East_3': 25, 'F8as_v6_US East_1': 25, 'F8as_v6_US East_2': 25, 'M12ds_v3_US East_2': 25, 'M12s_v3_US East_3': 25, 'M32ts_US East_1': 25, 'M32ts_US East_2': 25, 'M32ts_US East_3': 25, 'NV4as_v4_US East_1': 25, 'NV4as_v4_US East_2': 25, 'NV4as_v4_US East_3': 25, 'NV6ads_A10_v5_US East_1': 25, 'NV6ads_A10_v5_US East_2': 25, 'NV8as_v4_US East_1': 25, 'NV8as_v4_US East_2': 25, 'NV8as_v4_US East_3': 25}"
0.73,946.7414999999999,2413968324,2549764.982838505,80625,80525,"{'B2pls_v2_US East_1': 25, 'B2pls_v2_US East_2': 25, 'B2pls_v2_US East_3': 25, 'D16ads_v6_US East_2': 25, 'D16ads_v6_US East_3': 25, 'D16alds_v6_US East_1': 25, 'D16alds_v6_US East_3': 25, 'D16als_v6_US East_1': 25, 'D16als_v6_US East_3': 25, 'D16as_v6_US East_1': 25, 'D16as_v6_US East_2': 25, 'D16pds_v5_US East_3': 25, 'D16plds_v5_US East_2': 25, 'D16plds_v5_US East_3': 25, 'D16pls_v5_US East_1': 25, 'D16pls_v5_US East_2': 25, 'D16ps_v5_US East_2': 25, 'D2ads_v6_US East_1': 25, 'D2ads_v6_US East_2': 25, 'D2ads_v6_US East_3': 25, 'D2alds_v6_US East_1': 25, 'D2alds_v6_US East_2': 25, 'D2alds_v6_US East_3': 25, 'D2als_v6_US East_1': 25, 'D2als_v6_US East_2': 25, 'D2als_v6_US East_3': 25, 'D2as_v6_US East_1': 25, 'D2as_v6_US East_2': 25, 'D2as_v6_US East_3': 25, 'D2pds_v5_US East_1': 25, 'D2pds_v5_US East_2': 25, 'D2pds_v5_US East_3': 25, 'D2plds_v5_US East_1': 25, 'D2plds_v5_US East_2': 25, 'D2plds_v5_US East_3': 25, 'D2pls_v5_US East_1': 25, 'D2pls_v5_US East_2': 25, 'D2pls_v5_US East_3': 25, 'D2ps_v5_US East_1': 25, 'D2ps_v5_US East_2': 25, 'D2ps_v5_US East_3': 25, 'D32ads_v6_US East_1': 25, 'D32ads_v6_US East_2': 25, 'D32alds_v6_US East_2': 25, 'D32alds_v6_US East_3': 25, 'D32als_v6_US East_1': 25, 'D32als_v6_US East_3': 25, 'D32as_v6_US East_2': 25, 'D32as_v6_US East_3': 25, 'D32plds_v5_US East_1': 25, 'D32pls_v5_US East_2': 25, 'D48ads_v6_US East_2': 25, 'D48alds_v6_US East_3': 25, 'D48als_v6_US East_1': 25, 'D48als_v6_US East_2': 25, 'D4ads_v6_US East_1': 25, 'D4ads_v6_US East_2': 25, 'D4ads_v6_US East_3': 25, 'D4alds_v6_US East_1': 25, 'D4alds_v6_US East_2': 25, 'D4alds_v6_US East_3': 25, 'D4als_v6_US East_1': 25, 'D4als_v6_US East_2': 25, 'D4als_v6_US East_3': 25, 'D4as_v6_US East_1': 25, 'D4as_v6_US East_2': 25, 'D4as_v6_US East_3': 25, 'D4pds_v5_US East_1': 25, 'D4pds_v5_US East_2': 25, 'D4pds_v5_US East_3': 25, 'D4plds_v5_US East_1': 25, 'D4plds_v5_US East_2': 25, 'D4plds_v5_US East_3': 25, 'D4pls_v5_US East_1': 25, 'D4pls_v5_US East_2': 25, 'D4pls_v5_US East_3': 25, 'D4ps_v5_US East_1': 25, 'D4ps_v5_US East_2': 25, 'D4ps_v5_US East_3': 25, 'D64ads_v6_US East_3': 25, 'D64alds_v6_US East_1': 25, 'D64als_v6_US East_2': 25, 'D64as_v6_US East_3': 25, 'D8ads_v6_US East_1': 25, 'D8ads_v6_US East_2': 25, 'D8alds_v6_US East_2': 25, 'D8alds_v6_US East_3': 25, 'D8als_v6_US East_1': 25, 'D8als_v6_US East_2': 25, 'D8als_v6_US East_3': 25, 'D8as_v6_US East_1': 25, 'D8as_v6_US East_3': 25, 'D8plds_v5_US East_1': 25, 'D8plds_v5_US East_2': 25, 'D8plds_v5_US East_3': 25, 'D8pls_v5_US East_1': 25, 'D8pls_v5_US East_2': 25, 'D8pls_v5_US East_3': 25, 'D8ps_v5_US East_1': 25, 'D8ps_v5_US East_2': 25, 'D8ps_v5_US East_3': 25, 'D96ads_v6_US East_3': 25, 'D96alds_v6_US East_3': 25, 'D96als_v6_US East_3': 25, 'D96as_v6_US East_2': 25, 'DC1s_v2_US East_1': 25, 'DC2s_v2_US East_2': 25, 'E16ads_v6_US East_2': 25, 'E16ads_v6_US East_3': 25, 'E16as_v6_US East_1': 25, 'E16as_v6_US East_2': 25, 'E20ads_v6_US East_1': 25, 'E20ads_v6_US East_3': 25, 'E20as_v6_US East_1': 25, 'E20as_v6_US East_3': 25, 'E2ads_v6_US East_1': 25, 'E2ads_v6_US East_2': 25, 'E2ads_v6_US East_3': 25, 'E2as_v6_US East_1': 25, 'E2as_v6_US East_2': 25, 'E2as_v6_US East_3': 25, 'E2ps_v5_US East_1': 25, 'E2ps_v5_US East_2': 25, 'E2ps_v5_US East_3': 25, 'E32ads_v6_US East_2': 25, 'E32as_v6_US East_2': 25, 'E48ads_v6_US East_3': 25, 'E48as_v6_US East_2': 25, 'E4ads_v6_US East_1': 25, 'E4ads_v6_US East_2': 25, 'E4ads_v6_US East_3': 25, 'E4as_v6_US East_1': 25, 'E4as_v6_US East_2': 25, 'E4as_v6_US East_3': 25, 'E4ps_v5_US East_1': 25, 'E4ps_v5_US East_2': 25, 'E4ps_v5_US East_3': 25, 'E64ads_v6_US East_2': 25, 'E64as_v6_US East_3': 25, 'E8ads_v6_US East_2': 25, 'E8ads_v6_US East_3': 25, 'E8as_v6_US East_2': 25, 'E8as_v6_US East_3': 25, 'E8ps_v5_US East_1': 25, 'E96-48ads_v6_US East_2': 25, 'E96ads_v6_US East_3': 25, 'E96as_v6_US East_1': 25, 'F16als_v6_US East_2': 25, 'F16als_v6_US East_3': 25, 'F16ams_v6_US East_2': 25, 'F16ams_v6_US East_3': 25, 'F16as_v6_US East_1': 25, 'F16as_v6_US East_3': 25, 'F2als_v6_US East_1': 25, 'F2als_v6_US East_2': 25, 'F2als_v6_US East_3': 25, 'F2ams_v6_US East_1': 25, 'F2ams_v6_US East_2': 25, 'F2ams_v6_US East_3': 25, 'F2as_v6_US East_1': 25, 'F2as_v6_US East_2': 25, 'F2as_v6_US East_3': 25, 'F32als_v6_US East_2': 25, 'F32ams_v6_US East_1': 25, 'F32as_v6_US East_1': 25, 'F48als_v6_US East_2': 25, 'F48ams_v6_US East_3': 25, 'F48as_v6_US East_2': 25, 'F4als_v6_US East_1': 25, 'F4als_v6_US East_3': 25, 'F4ams_v6_US East_2': 25, 'F4ams_v6_US East_3': 25, 'F4as_v6_US East_2': 25, 'F4as_v6_US East_3': 25, 'F64als_v6_US East_3': 25, 'F64ams_v6_US East_1': 25, 'F64as_v6_US East_2': 25, 'F8als_v6_US East_1': 25, 'F8als_v6_US East_3': 25, 'F8ams_v6_US East_1': 25, 'F8ams_v6_US East_3': 25, 'F8as_v6_US East_1': 25, 'F8as_v6_US East_2': 25, 'M12ds_v3_US East_2': 25, 'M12s_v3_US East_3': 25, 'M32ts_US East_1': 25, 'M32ts_US East_2': 25, 'M32ts_US East_3': 25, 'NV4as_v4_US East_1': 25, 'NV4as_v4_US East_2': 25, 'NV4as_v4_US East_3': 25, 'NV6ads_A10_v5_US East_1': 25, 'NV6ads_A10_v5_US East_2': 25, 'NV8as_v4_US East_1': 25, 'NV8as_v4_US East_2': 25, 'NV8as_v4_US East_3': 25}"
0.74,1016.4018249999998,2470886964,2431013.899940607,84625,84525,"{'B2pls_v2_US East_1': 25, 'B2pls_v2_US East_2': 25, 'B2pls_v2_US East_3': 25, 'D16ads_v6_US East_2': 25, 'D16ads_v6_US East_3': 25, 'D16alds_v6_US East_1': 25, 'D16alds_v6_US East_3': 25, 'D16als_v6_US East_1': 25, 'D16als_v6_US East_3': 25, 'D16as_v6_US East_1': 25, 'D16as_v6_US East_2': 25, 'D16pds_v5_US East_3': 25, 'D16plds_v5_US East_2': 25, 'D16plds_v5_US East_3': 25, 'D16pls_v5_US East_1': 25, 'D16pls_v5_US East_2': 25, 'D16ps_v5_US East_2': 25, 'D2ads_v6_US East_1': 25, 'D2ads_v6_US East_2': 25, 'D2ads_v6_US East_3': 25, 'D2alds_v6_US East_1': 25, 'D2alds_v6_US East_2': 25, 'D2alds_v6_US East_3': 25, 'D2als_v6_US East_1': 25, 'D2als_v6_US East_2': 25, 'D2als_v6_US East_3': 25, 'D2as_v6_US East_1': 25, 'D2as_v6_US East_2': 25, 'D2as_v6_US East_3': 25, 'D2pds_v5_US East_1': 25, 'D2pds_v5_US East_2': 25, 'D2pds_v5_US East_3': 25, 'D2plds_v5_US East_1': 25, 'D2plds_v5_US East_2': 25, 'D2plds_v5_US East_3': 25, 'D2pls_v5_US East_1': 25, 'D2pls_v5_US East_2': 25, 'D2pls_v5_US East_3': 25, 'D2ps_v5_US East_1': 25, 'D2ps_v5_US East_2': 25, 'D2ps_v5_US East_3': 25, 'D32ads_v6_US East_1': 25, 'D32ads_v6_US East_2': 25, 'D32alds_v6_US East_2': 25, 'D32alds_v6_US East_3': 25, 'D32als_v6_US East_1': 25, 'D32als_v6_US East_3': 25, 'D32as_v6_US East_2': 25, 'D32as_v6_US East_3': 25, 'D32plds_v5_US East_1': 25, 'D32pls_v5_US East_2': 25, 'D48ads_v6_US East_2': 25, 'D48alds_v6_US East_3': 25, 'D48als_v6_US East_1': 25, 'D48als_v6_US East_2': 25, 'D4ads_v6_US East_1': 25, 'D4ads_v6_US East_2': 25, 'D4ads_v6_US East_3': 25, 'D4alds_v6_US East_1': 25, 'D4alds_v6_US East_2': 25, 'D4alds_v6_US East_3': 25, 'D4als_v6_US East_1': 25, 'D4als_v6_US East_2': 25, 'D4als_v6_US East_3': 25, 'D4as_v6_US East_1': 25, 'D4as_v6_US East_2': 25, 'D4as_v6_US East_3': 25, 'D4pds_v5_US East_1': 25, 'D4pds_v5_US East_2': 25, 'D4pds_v5_US East_3': 25, 'D4plds_v5_US East_1': 25, 'D4plds_v5_US East_2': 25, 'D4plds_v5_US East_3': 25, 'D4pls_v5_US East_1': 25, 'D4pls_v5_US East_2': 25, 'D4pls_v5_US East_3': 25, 'D4ps_v5_US East_1': 25, 'D4ps_v5_US East_2': 25, 'D4ps_v5_US East_3': 25, 'D64ads_v6_US East_3': 25, 'D64alds_v6_US East_1': 25, 'D64als_v6_US East_2': 25, 'D64as_v6_US East_3': 25, 'D8ads_v6_US East_1': 25, 'D8ads_v6_US East_2': 25, 'D8alds_v6_US East_2': 25, 'D8alds_v6_US East_3': 25, 'D8als_v6_US East_1': 25, 'D8als_v6_US East_2': 25, 'D8als_v6_US East_3': 25, 'D8as_v6_US East_1': 25, 'D8as_v6_US East_3': 25, 'D8plds_v5_US East_1': 25, 'D8plds_v5_US East_2': 25, 'D8plds_v5_US East_3': 25, 'D8pls_v5_US East_1': 25, 'D8pls_v5_US East_2': 25, 'D8pls_v5_US East_3': 25, 'D8ps_v5_US East_1': 25, 'D8ps_v5_US East_2': 25, 'D8ps_v5_US East_3': 25, 'D96ads_v6_US East_3': 25, 'D96alds_v6_US East_3': 25, 'D96als_v6_US East_3': 25, 'D96as_v6_US East_2': 25, 'DC1s_v2_US East_1': 25, 'DC2s_v2_US East_2': 25, 'E16ads_v6_US East_2': 25, 'E16ads_v6_US East_3': 25, 'E16as_v6_US East_1': 25, 'E16as_v6_US East_2': 25, 'E20ads_v6_US East_1': 25, 'E20ads_v6_US East_3': 25, 'E20as_v6_US East_1': 25, 'E20as_v6_US East_3': 25, 'E2ads_v6_US East_1': 25, 'E2ads_v6_US East_2': 25, 'E2ads_v6_US East_3': 25, 'E2as_v6_US East_1': 25, 'E2as_v6_US East_2': 25, 'E2as_v6_US East_3': 25, 'E2ps_v5_US East_1': 25, 'E2ps_v5_US East_2': 25, 'E2ps_v5_US East_3': 25, 'E32ads_v6_US East_2': 25, 'E32as_v6_US East_2': 25, 'E48ads_v6_US East_3': 25, 'E48as_v6_US East_2': 25, 'E4ads_v6_US East_1': 25, 'E4ads_v6_US East_2': 25, 'E4ads_v6_US East_3': 25, 'E4as_v6_US East_1': 25, 'E4as_v6_US East_2': 25, 'E4as_v6_US East_3': 25, 'E4ps_v5_US East_1': 25, 'E4ps_v5_US East_2': 25, 'E4ps_v5_US East_3': 25, 'E64ads_v6_US East_2': 25, 'E64as_v6_US East_3': 25, 'E8ads_v6_US East_2': 25, 'E8ads_v6_US East_3': 25, 'E8as_v6_US East_2': 25, 'E8as_v6_US East_3': 25, 'E8ps_v5_US East_1': 25, 'E96-48ads_v6_US East_2': 25, 'E96ads_v6_US East_3': 25, 'E96as_v6_US East_1': 25, 'F16als_v6_US East_2': 25, 'F16als_v6_US East_3': 25, 'F16ams_v6_US East_2': 25, 'F16ams_v6_US East_3': 25, 'F16as_v6_US East_1': 25, 'F16as_v6_US East_3': 25, 'F2als_v6_US East_1': 25, 'F2als_v6_US East_2': 25, 'F2als_v6_US East_3': 25, 'F2ams_v6_US East_1': 25, 'F2ams_v6_US East_2': 25, 'F2ams_v6_US East_3': 25, 'F2as_v6_US East_1': 25, 'F2as_v6_US East_2': 25, 'F2as_v6_US East_3': 25, 'F32als_v6_US East_2': 25, 'F32ams_v6_US East_1': 25, 'F32as_v6_US East_1': 25, 'F48als_v6_US East_2': 25, 'F48ams_v6_US East_3': 25, 'F48as_v6_US East_2': 25, 'F4als_v6_US East_1': 25, 'F4als_v6_US East_3': 25, 'F4ams_v6_US East_2': 25, 'F4ams_v6_US East_3': 25, 'F4as_v6_US East_2': 25, 'F4as_v6_US East_3': 25, 'F64als_v6_US East_3': 25, 'F64ams_v6_US East_1': 25, 'F64as_v6_US East_2': 25, 'F8als_v6_US East_1': 25, 'F8als_v6_US East_3': 25, 'F8ams_v6_US East_1': 25, 'F8ams_v6_US East_3': 25, 'F8as_v6_US East_1': 25, 'F8as_v6_US East_2': 25, 'M12ds_v3_US East_2': 25, 'M12s_v3_US East_3': 25, 'M32ls_US East_1': 25, 'M32ls_US East_2': 25, 'M32ls_US East_3': 25, 'M32ts_US East_1': 25, 'M32ts_US East_2': 25, 'M32ts_US East_3': 25, 'M64s_v2_US East_3': 25, 'NV4as_v4_US East_1': 25, 'NV4as_v4_US East_2': 25, 'NV4as_v4_US East_3': 25, 'NV6ads_A10_v5_US East_1': 25, 'NV6ads_A10_v5_US East_2': 25, 'NV8as_v4_US East_1': 25, 'NV8as_v4_US East_2': 25, 'NV8as_v4_US East_3': 25}"
0.75,1016.4018249999998,2470886964,2431013.899940607,84625,84525,"{'B2pls_v2_US East_1': 25, 'B2pls_v2_US East_2': 25, 'B2pls_v2_US East_3': 25, 'D16ads_v6_US East_2': 25, 'D16ads_v6_US East_3': 25, 'D16alds_v6_US East_1': 25, 'D16alds_v6_US East_3': 25, 'D16als_v6_US East_1': 25, 'D16als_v6_US East_3': 25, 'D16as_v6_US East_1': 25, 'D16as_v6_US East_2': 25, 'D16pds_v5_US East_3': 25, 'D16plds_v5_US East_2': 25, 'D16plds_v5_US East_3': 25, 'D16pls_v5_US East_1': 25, 'D16pls_v5_US East_2': 25, 'D16ps_v5_US East_2': 25, 'D2ads_v6_US East_1': 25, 'D2ads_v6_US East_2': 25, 'D2ads_v6_US East_3': 25, 'D2alds_v6_US East_1': 25, 'D2alds_v6_US East_2': 25, 'D2alds_v6_US East_3': 25, 'D2als_v6_US East_1': 25, 'D2als_v6_US East_2': 25, 'D2als_v6_US East_3': 25, 'D2as_v6_US East_1': 25, 'D2as_v6_US East_2': 25, 'D2as_v6_US East_3': 25, 'D2pds_v5_US East_1': 25, 'D2pds_v5_US East_2': 25, 'D2pds_v5_US East_3': 25, 'D2plds_v5_US East_1': 25, 'D2plds_v5_US East_2': 25, 'D2plds_v5_US East_3': 25, 'D2pls_v5_US East_1': 25, 'D2pls_v5_US East_2': 25, 'D2pls_v5_US East_3': 25, 'D2ps_v5_US East_1': 25, 'D2ps_v5_US East_2': 25, 'D2ps_v5_US East_3': 25, 'D32ads_v6_US East_1': 25, 'D32ads_v6_US East_2': 25, 'D32alds_v6_US East_2': 25, 'D32alds_v6_US East_3': 25, 'D32als_v6_US East_1': 25, 'D32als_v6_US East_3': 25, 'D32as_v6_US East_2': 25, 'D32as_v6_US East_3': 25, 'D32plds_v5_US East_1': 25, 'D32pls_v5_US East_2': 25, 'D48ads_v6_US East_2': 25, 'D48alds_v6_US East_3': 25, 'D48als_v6_US East_1': 25, 'D48als_v6_US East_2': 25, 'D4ads_v6_US East_1': 25, 'D4ads_v6_US East_2': 25, 'D4ads_v6_US East_3': 25, 'D4alds_v6_US East_1': 25, 'D4alds_v6_US East_2': 25, 'D4alds_v6_US East_3': 25, 'D4als_v6_US East_1': 25, 'D4als_v6_US East_2': 25, 'D4als_v6_US East_3': 25, 'D4as_v6_US East_1': 25, 'D4as_v6_US East_2': 25, 'D4as_v6_US East_3': 25, 'D4pds_v5_US East_1': 25, 'D4pds_v5_US East_2': 25, 'D4pds_v5_US East_3': 25, 'D4plds_v5_US East_1': 25, 'D4plds_v5_US East_2': 25, 'D4plds_v5_US East_3': 25, 'D4pls_v5_US East_1': 25, 'D4pls_v5_US East_2': 25, 'D4pls_v5_US East_3': 25, 'D4ps_v5_US East_1': 25, 'D4ps_v5_US East_2': 25, 'D4ps_v5_US East_3': 25, 'D64ads_v6_US East_3': 25, 'D64alds_v6_US East_1': 25, 'D64als_v6_US East_2': 25, 'D64as_v6_US East_3': 25, 'D8ads_v6_US East_1': 25, 'D8ads_v6_US East_2': 25, 'D8alds_v6_US East_2': 25, 'D8alds_v6_US East_3': 25, 'D8als_v6_US East_1': 25, 'D8als_v6_US East_2': 25, 'D8als_v6_US East_3': 25, 'D8as_v6_US East_1': 25, 'D8as_v6_US East_3': 25, 'D8plds_v5_US East_1': 25, 'D8plds_v5_US East_2': 25, 'D8plds_v5_US East_3': 25, 'D8pls_v5_US East_1': 25, 'D8pls_v5_US East_2': 25, 'D8pls_v5_US East_3': 25, 'D8ps_v5_US East_1': 25, 'D8ps_v5_US East_2': 25, 'D8ps_v5_US East_3': 25, 'D96ads_v6_US East_3': 25, 'D96alds_v6_US East_3': 25, 'D96als_v6_US East_3': 25, 'D96as_v6_US East_2': 25, 'DC1s_v2_US East_1': 25, 'DC2s_v2_US East_2': 25, 'E16ads_v6_US East_2': 25, 'E16ads_v6_US East_3': 25, 'E16as_v6_US East_1': 25, 'E16as_v6_US East_2': 25, 'E20ads_v6_US East_1': 25, 'E20ads_v6_US East_3': 25, 'E20as_v6_US East_1': 25, 'E20as_v6_US East_3': 25, 'E2ads_v6_US East_1': 25, 'E2ads_v6_US East_2': 25, 'E2ads_v6_US East_3': 25, 'E2as_v6_US East_1': 25, 'E2as_v6_US East_2': 25, 'E2as_v6_US East_3': 25, 'E2ps_v5_US East_1': 25, 'E2ps_v5_US East_2': 25, 'E2ps_v5_US East_3': 25, 'E32ads_v6_US East_2': 25, 'E32as_v6_US East_2': 25, 'E48ads_v6_US East_3': 25, 'E48as_v6_US East_2': 25, 'E4ads_v6_US East_1': 25, 'E4ads_v6_US East_2': 25, 'E4ads_v6_US East_3': 25, 'E4as_v6_US East_1': 25, 'E4as_v6_US East_2': 25, 'E4as_v6_US East_3': 25, 'E4ps_v5_US East_1': 25, 'E4ps_v5_US East_2': 25, 'E4ps_v5_US East_3': 25, 'E64ads_v6_US East_2': 25, 'E64as_v6_US East_3': 25, 'E8ads_v6_US East_2': 25, 'E8ads_v6_US East_3': 25, 'E8as_v6_US East_2': 25, 'E8as_v6_US East_3': 25, 'E8ps_v5_US East_1': 25, 'E96-48ads_v6_US East_2': 25, 'E96ads_v6_US East_3': 25, 'E96as_v6_US East_1': 25, 'F16als_v6_US East_2': 25, 'F16als_v6_US East_3': 25, 'F16ams_v6_US East_2': 25, 'F16ams_v6_US East_3': 25, 'F16as_v6_US East_1': 25, 'F16as_v6_US East_3': 25, 'F2als_v6_US East_1': 25, 'F2als_v6_US East_2': 25, 'F2als_v6_US East_3': 25, 'F2ams_v6_US East_1': 25, 'F2ams_v6_US East_2': 25, 'F2ams_v6_US East_3': 25, 'F2as_v6_US East_1': 25, 'F2as_v6_US East_2': 25, 'F2as_v6_US East_3': 25, 'F32als_v6_US East_2': 25, 'F32ams_v6_US East_1': 25, 'F32as_v6_US East_1': 25, 'F48als_v6_US East_2': 25, 'F48ams_v6_US East_3': 25, 'F48as_v6_US East_2': 25, 'F4als_v6_US East_1': 25, 'F4als_v6_US East_3': 25, 'F4ams_v6_US East_2': 25, 'F4ams_v6_US East_3': 25, 'F4as_v6_US East_2': 25, 'F4as_v6_US East_3': 25, 'F64als_v6_US East_3': 25, 'F64ams_v6_US East_1': 25, 'F64as_v6_US East_2': 25, 'F8als_v6_US East_1': 25, 'F8als_v6_US East_3': 25, 'F8ams_v6_US East_1': 25, 'F8ams_v6_US East_3': 25, 'F8as_v6_US East_1': 25, 'F8as_v6_US East_2': 25, 'M12ds_v3_US East_2': 25, 'M12s_v3_US East_3': 25, 'M32ls_US East_1': 25, 'M32ls_US East_2': 25, 'M32ls_US East_3': 25, 'M32ts_US East_1': 25, 'M32ts_US East_2': 25, 'M32ts_US East_3': 25, 'M64s_v2_US East_3': 25, 'NV4as_v4_US East_1': 25, 'NV4as_v4_US East_2': 25, 'NV4as_v4_US East_3': 25, 'NV6ads_A10_v5_US East_1': 25, 'NV6ads_A10_v5_US East_2': 25, 'NV8as_v4_US East_1': 25, 'NV8as_v4_US East_2': 25, 'NV8as_v4_US East_3': 25}"
0.76,1072.6293250000006,2512042428,2341948.303995883,86725,86625,"{'B16pls_v2_US East_1': 25, 'B16pls_v2_US East_2': 25, 'B16pls_v2_US East_3': 25, 'B2pls_v2_US East_1': 25, 'B2pls_v2_US East_2': 25, 'B2pls_v2_US East_3': 25, 'B4pls_v2_US East_1': 25, 'B4pls_v2_US East_2': 25, 'B4pls_v2_US East_3': 25, 'B8pls_v2_US East_1': 25, 'B8pls_v2_US East_2': 25, 'B8pls_v2_US East_3': 25, 'D16ads_v6_US East_2': 25, 'D16ads_v6_US East_3': 25, 'D16alds_v6_US East_1': 25, 'D16alds_v6_US East_3': 25, 'D16als_v6_US East_1': 25, 'D16als_v6_US East_3': 25, 'D16as_v6_US East_1': 25, 'D16as_v6_US East_2': 25, 'D16pds_v5_US East_3': 25, 'D16plds_v5_US East_2': 25, 'D16plds_v5_US East_3': 25, 'D16pls_v5_US East_1': 25, 'D16pls_v5_US East_2': 25, 'D16ps_v5_US East_2': 25, 'D2ads_v6_US East_1': 25, 'D2ads_v6_US East_2': 25, 'D2ads_v6_US East_3': 25, 'D2alds_v6_US East_1': 25, 'D2alds_v6_US East_2': 25, 'D2alds_v6_US East_3': 25, 'D2als_v6_US East_1': 25, 'D2als_v6_US East_2': 25, 'D2als_v6_US East_3': 25, 'D2as_v6_US East_1': 25, 'D2as_v6_US East_2': 25, 'D2as_v6_US East_3': 25, 'D2pds_v5_US East_1': 25, 'D2pds_v5_US East_2': 25, 'D2pds_v5_US East_3': 25, 'D2plds_v5_US East_1': 25, 'D2plds_v5_US East_2': 25, 'D2plds_v5_US East_3': 25, 'D2pls_v5_US East_1': 25, 'D2pls_v5_US East_2': 25, 'D2pls_v5_US East_3': 25, 'D2ps_v5_US East_1': 25, 'D2ps_v5_US East_2': 25, 'D2ps_v5_US East_3': 25, 'D32ads_v6_US East_1': 25, 'D32ads_v6_US East_2': 25, 'D32alds_v6_US East_2': 25, 'D32alds_v6_US East_3': 25, 'D32als_v6_US East_1': 25, 'D32als_v6_US East_3': 25, 'D32as_v6_US East_2': 25, 'D32as_v6_US East_3': 25, 'D32plds_v5_US East_1': 25, 'D32pls_v5_US East_2': 25, 'D48ads_v6_US East_2': 25, 'D48alds_v6_US East_3': 25, 'D48als_v6_US East_1': 25, 'D48als_v6_US East_2': 25, 'D4ads_v6_US East_1': 25, 'D4ads_v6_US East_2': 25, 'D4ads_v6_US East_3': 25, 'D4alds_v6_US East_1': 25, 'D4alds_v6_US East_2': 25, 'D4alds_v6_US East_3': 25, 'D4als_v6_US East_1': 25, 'D4als_v6_US East_2': 25, 'D4als_v6_US East_3': 25, 'D4as_v6_US East_1': 25, 'D4as_v6_US East_2': 25, 'D4as_v6_US East_3': 25, 'D4pds_v5_US East_1': 25, 'D4pds_v5_US East_2': 25, 'D4pds_v5_US East_3': 25, 'D4plds_v5_US East_1': 25, 'D4plds_v5_US East_2': 25, 'D4plds_v5_US East_3': 25, 'D4pls_v5_US East_1': 25, 'D4pls_v5_US East_2': 25, 'D4pls_v5_US East_3': 25, 'D4ps_v5_US East_1': 25, 'D4ps_v5_US East_2': 25, 'D4ps_v5_US East_3': 25, 'D64ads_v6_US East_3': 25, 'D64alds_v6_US East_1': 25, 'D64als_v6_US East_2': 25, 'D64as_v6_US East_3': 25, 'D8ads_v6_US East_1': 25, 'D8ads_v6_US East_2': 25, 'D8alds_v6_US East_2': 25, 'D8alds_v6_US East_3': 25, 'D8als_v6_US East_1': 25, 'D8als_v6_US East_2': 25, 'D8als_v6_US East_3': 25, 'D8as_v6_US East_1': 25, 'D8as_v6_US East_3': 25, 'D8plds_v5_US East_1': 25, 'D8plds_v5_US East_2': 25, 'D8plds_v5_US East_3': 25, 'D8pls_v5_US East_1': 25, 'D8pls_v5_US East_2': 25, 'D8pls_v5_US East_3': 25, 'D8ps_v5_US East_1': 25, 'D8ps_v5_US East_2': 25, 'D8ps_v5_US East_3': 25, 'D96ads_v6_US East_3': 25, 'D96alds_v6_US East_3': 25, 'D96als_v6_US East_3': 25, 'D96as_v6_US East_2': 25, 'DC1s_v2_US East_1': 25, 'DC2s_v2_US East_2': 25, 'E16ads_v6_US East_2': 25, 'E16ads_v6_US East_3': 25, 'E16as_v6_US East_1': 25, 'E16as_v6_US East_2': 25, 'E20ads_v6_US East_1': 25, 'E20ads_v6_US East_3': 25, 'E20as_v6_US East_1': 25, 'E20as_v6_US East_3': 25, 'E2ads_v6_US East_1': 25, 'E2ads_v6_US East_2': 25, 'E2ads_v6_US East_3': 25, 'E2as_v6_US East_1': 25, 'E2as_v6_US East_2': 25, 'E2as_v6_US East_3': 25, 'E2ps_v5_US East_1': 25, 'E2ps_v5_US East_2': 25, 'E2ps_v5_US East_3': 25, 'E32ads_v6_US East_2': 25, 'E32as_v6_US East_2': 25, 'E48ads_v6_US East_3': 25, 'E48as_v6_US East_2': 25, 'E4ads_v6_US East_1': 25, 'E4ads_v6_US East_2': 25, 'E4ads_v6_US East_3': 25, 'E4as_v6_US East_1': 25, 'E4as_v6_US East_2': 25, 'E4as_v6_US East_3': 25, 'E4ps_v5_US East_1': 25, 'E4ps_v5_US East_2': 25, 'E4ps_v5_US East_3': 25, 'E64ads_v6_US East_2': 25, 'E64as_v6_US East_3': 25, 'E8ads_v6_US East_2': 25, 'E8ads_v6_US East_3': 25, 'E8as_v6_US East_2': 25, 'E8as_v6_US East_3': 25, 'E8ps_v5_US East_1': 25, 'E96-48ads_v6_US East_2': 25, 'E96ads_v6_US East_3': 25, 'E96as_v6_US East_1': 25, 'F16als_v6_US East_2': 25, 'F16als_v6_US East_3': 25, 'F16ams_v6_US East_2': 25, 'F16ams_v6_US East_3': 25, 'F16as_v6_US East_1': 25, 'F16as_v6_US East_3': 25, 'F2als_v6_US East_1': 25, 'F2als_v6_US East_2': 25, 'F2als_v6_US East_3': 25, 'F2ams_v6_US East_1': 25, 'F2ams_v6_US East_2': 25, 'F2ams_v6_US East_3': 25, 'F2as_v6_US East_1': 25, 'F2as_v6_US East_2': 25, 'F2as_v6_US East_3': 25, 'F32als_v6_US East_2': 25, 'F32ams_v6_US East_1': 25, 'F32as_v6_US East_1': 25, 'F48als_v6_US East_2': 25, 'F48ams_v6_US East_3': 25, 'F48as_v6_US East_2': 25, 'F4als_v6_US East_1': 25, 'F4als_v6_US East_3': 25, 'F4ams_v6_US East_2': 25, 'F4ams_v6_US East_3': 25, 'F4as_v6_US East_2': 25, 'F4as_v6_US East_3': 25, 'F64als_v6_US East_3': 25, 'F64ams_v6_US East_1': 25, 'F64as_v6_US East_2': 25, 'F8als_v6_US East_1': 25, 'F8als_v6_US East_3': 25, 'F8ams_v6_US East_1': 25, 'F8ams_v6_US East_3': 25, 'F8as_v6_US East_1': 25, 'F8as_v6_US East_2': 25, 'M12ds_v3_US East_2': 25, 'M12s_v3_US East_3': 25, 'M32ls_US East_1': 25, 'M32ls_US East_2': 25, 'M32ls_US East_3': 25, 'M32ts_US East_1': 25, 'M32ts_US East_2': 25, 'M32ts_US East_3': 25, 'M64s_v2_US East_3': 25, 'NV4as_v4_US East_1': 25, 'NV4as_v4_US East_2': 25, 'NV4as_v4_US East_3': 25, 'NV6ads_A10_v5_US East_1': 25, 'NV6ads_A10_v5_US East_2': 25, 'NV8as_v4_US East_1': 25, 'NV8as_v4_US East_2': 25, 'NV8as_v4_US East_3': 25}"
0.77,1072.6293250000006,2512042428,2341948.303995883,86725,86625,"{'B16pls_v2_US East_1': 25, 'B16pls_v2_US East_2': 25, 'B16pls_v2_US East_3': 25, 'B2pls_v2_US East_1': 25, 'B2pls_v2_US East_2': 25, 'B2pls_v2_US East_3': 25, 'B4pls_v2_US East_1': 25, 'B4pls_v2_US East_2': 25, 'B4pls_v2_US East_3': 25, 'B8pls_v2_US East_1': 25, 'B8pls_v2_US East_2': 25, 'B8pls_v2_US East_3': 25, 'D16ads_v6_US East_2': 25, 'D16ads_v6_US East_3': 25, 'D16alds_v6_US East_1': 25, 'D16alds_v6_US East_3': 25, 'D16als_v6_US East_1': 25, 'D16als_v6_US East_3': 25, 'D16as_v6_US East_1': 25, 'D16as_v6_US East_2': 25, 'D16pds_v5_US East_3': 25, 'D16plds_v5_US East_2': 25, 'D16plds_v5_US East_3': 25, 'D16pls_v5_US East_1': 25, 'D16pls_v5_US East_2': 25, 'D16ps_v5_US East_2': 25, 'D2ads_v6_US East_1': 25, 'D2ads_v6_US East_2': 25, 'D2ads_v6_US East_3': 25, 'D2alds_v6_US East_1': 25, 'D2alds_v6_US East_2': 25, 'D2alds_v6_US East_3': 25, 'D2als_v6_US East_1': 25, 'D2als_v6_US East_2': 25, 'D2als_v6_US East_3': 25, 'D2as_v6_US East_1': 25, 'D2as_v6_US East_2': 25, 'D2as_v6_US East_3': 25, 'D2pds_v5_US East_1': 25, 'D2pds_v5_US East_2': 25, 'D2pds_v5_US East_3': 25, 'D2plds_v5_US East_1': 25, 'D2plds_v5_US East_2': 25, 'D2plds_v5_US East_3': 25, 'D2pls_v5_US East_1': 25, 'D2pls_v5_US East_2': 25, 'D2pls_v5_US East_3': 25, 'D2ps_v5_US East_1': 25, 'D2ps_v5_US East_2': 25, 'D2ps_v5_US East_3': 25, 'D32ads_v6_US East_1': 25, 'D32ads_v6_US East_2': 25, 'D32alds_v6_US East_2': 25, 'D32alds_v6_US East_3': 25, 'D32als_v6_US East_1': 25, 'D32als_v6_US East_3': 25, 'D32as_v6_US East_2': 25, 'D32as_v6_US East_3': 25, 'D32plds_v5_US East_1': 25, 'D32pls_v5_US East_2': 25, 'D48ads_v6_US East_2': 25, 'D48alds_v6_US East_3': 25, 'D48als_v6_US East_1': 25, 'D48als_v6_US East_2': 25, 'D4ads_v6_US East_1': 25, 'D4ads_v6_US East_2': 25, 'D4ads_v6_US East_3': 25, 'D4alds_v6_US East_1': 25, 'D4alds_v6_US East_2': 25, 'D4alds_v6_US East_3': 25, 'D4als_v6_US East_1': 25, 'D4als_v6_US East_2': 25, 'D4als_v6_US East_3': 25, 'D4as_v6_US East_1': 25, 'D4as_v6_US East_2': 25, 'D4as_v6_US East_3': 25, 'D4pds_v5_US East_1': 25, 'D4pds_v5_US East_2': 25, 'D4pds_v5_US East_3': 25, 'D4plds_v5_US East_1': 25, 'D4plds_v5_US East_2': 25, 'D4plds_v5_US East_3': 25, 'D4pls_v5_US East_1': 25, 'D4pls_v5_US East_2': 25, 'D4pls_v5_US East_3': 25, 'D4ps_v5_US East_1': 25, 'D4ps_v5_US East_2': 25, 'D4ps_v5_US East_3': 25, 'D64ads_v6_US East_3': 25, 'D64alds_v6_US East_1': 25, 'D64als_v6_US East_2': 25, 'D64as_v6_US East_3': 25, 'D8ads_v6_US East_1': 25, 'D8ads_v6_US East_2': 25, 'D8alds_v6_US East_2': 25, 'D8alds_v6_US East_3': 25, 'D8als_v6_US East_1': 25, 'D8als_v6_US East_2': 25, 'D8als_v6_US East_3': 25, 'D8as_v6_US East_1': 25, 'D8as_v6_US East_3': 25, 'D8plds_v5_US East_1': 25, 'D8plds_v5_US East_2': 25, 'D8plds_v5_US East_3': 25, 'D8pls_v5_US East_1': 25, 'D8pls_v5_US East_2': 25, 'D8pls_v5_US East_3': 25, 'D8ps_v5_US East_1': 25, 'D8ps_v5_US East_2': 25, 'D8ps_v5_US East_3': 25, 'D96ads_v6_US East_3': 25, 'D96alds_v6_US East_3': 25, 'D96als_v6_US East_3': 25, 'D96as_v6_US East_2': 25, 'DC1s_v2_US East_1': 25, 'DC2s_v2_US East_2': 25, 'E16ads_v6_US East_2': 25, 'E16ads_v6_US East_3': 25, 'E16as_v6_US East_1': 25, 'E16as_v6_US East_2': 25, 'E20ads_v6_US East_1': 25, 'E20ads_v6_US East_3': 25, 'E20as_v6_US East_1': 25, 'E20as_v6_US East_3': 25, 'E2ads_v6_US East_1': 25, 'E2ads_v6_US East_2': 25, 'E2ads_v6_US East_3': 25, 'E2as_v6_US East_1': 25, 'E2as_v6_US East_2': 25, 'E2as_v6_US East_3': 25, 'E2ps_v5_US East_1': 25, 'E2ps_v5_US East_2': 25, 'E2ps_v5_US East_3': 25, 'E32ads_v6_US East_2': 25, 'E32as_v6_US East_2': 25, 'E48ads_v6_US East_3': 25, 'E48as_v6_US East_2': 25, 'E4ads_v6_US East_1': 25, 'E4ads_v6_US East_2': 25, 'E4ads_v6_US East_3': 25, 'E4as_v6_US East_1': 25, 'E4as_v6_US East_2': 25, 'E4as_v6_US East_3': 25, 'E4ps_v5_US East_1': 25, 'E4ps_v5_US East_2': 25, 'E4ps_v5_US East_3': 25, 'E64ads_v6_US East_2': 25, 'E64as_v6_US East_3': 25, 'E8ads_v6_US East_2': 25, 'E8ads_v6_US East_3': 25, 'E8as_v6_US East_2': 25, 'E8as_v6_US East_3': 25, 'E8ps_v5_US East_1': 25, 'E96-48ads_v6_US East_2': 25, 'E96ads_v6_US East_3': 25, 'E96as_v6_US East_1': 25, 'F16als_v6_US East_2': 25, 'F16als_v6_US East_3': 25, 'F16ams_v6_US East_2': 25, 'F16ams_v6_US East_3': 25, 'F16as_v6_US East_1': 25, 'F16as_v6_US East_3': 25, 'F2als_v6_US East_1': 25, 'F2als_v6_US East_2': 25, 'F2als_v6_US East_3': 25, 'F2ams_v6_US East_1': 25, 'F2ams_v6_US East_2': 25, 'F2ams_v6_US East_3': 25, 'F2as_v6_US East_1': 25, 'F2as_v6_US East_2': 25, 'F2as_v6_US East_3': 25, 'F32als_v6_US East_2': 25, 'F32ams_v6_US East_1': 25, 'F32as_v6_US East_1': 25, 'F48als_v6_US East_2': 25, 'F48ams_v6_US East_3': 25, 'F48as_v6_US East_2': 25, 'F4als_v6_US East_1': 25, 'F4als_v6_US East_3': 25, 'F4ams_v6_US East_2': 25, 'F4ams_v6_US East_3': 25, 'F4as_v6_US East_2': 25, 'F4as_v6_US East_3': 25, 'F64als_v6_US East_3': 25, 'F64ams_v6_US East_1': 25, 'F64as_v6_US East_2': 25, 'F8als_v6_US East_1': 25, 'F8als_v6_US East_3': 25, 'F8ams_v6_US East_1': 25, 'F8ams_v6_US East_3': 25, 'F8as_v6_US East_1': 25, 'F8as_v6_US East_2': 25, 'M12ds_v3_US East_2': 25, 'M12s_v3_US East_3': 25, 'M32ls_US East_1': 25, 'M32ls_US East_2': 25, 'M32ls_US East_3': 25, 'M32ts_US East_1': 25, 'M32ts_US East_2': 25, 'M32ts_US East_3': 25, 'M64s_v2_US East_3': 25, 'NV4as_v4_US East_1': 25, 'NV4as_v4_US East_2': 25, 'NV4as_v4_US East_3': 25, 'NV6ads_A10_v5_US East_1': 25, 'NV6ads_A10_v5_US East_2': 25, 'NV8as_v4_US East_1': 25, 'NV8as_v4_US East_2': 25, 'NV8as_v4_US East_3': 25}"
0.78,1116.4728250000005,2540459296,2275433.1673948257,88175,88075,"{'B16pls_v2_US East_1': 25, 'B16pls_v2_US East_2': 25, 'B16pls_v2_US East_3': 25, 'B16ps_v2_US East_3': 25, 'B2pls_v2_US East_1': 25, 'B2pls_v2_US East_2': 25, 'B2pls_v2_US East_3': 25, 'B2ps_v2_US East_1': 25, 'B2ps_v2_US East_2': 25, 'B2ps_v2_US East_3': 25, 'B4pls_v2_US East_1': 25, 'B4pls_v2_US East_2': 25, 'B4pls_v2_US East_3': 25, 'B4ps_v2_US East_1': 25, 'B4ps_v2_US East_2': 25, 'B4ps_v2_US East_3': 25, 'B8pls_v2_US East_1': 25, 'B8pls_v2_US East_2': 25, 'B8pls_v2_US East_3': 25, 'B8ps_v2_US East_1': 25, 'B8ps_v2_US East_2': 25, 'B8ps_v2_US East_3': 25, 'D16ads_v6_US East_2': 25, 'D16ads_v6_US East_3': 25, 'D16alds_v6_US East_1': 25, 'D16alds_v6_US East_3': 25, 'D16als_v6_US East_1': 25, 'D16als_v6_US East_3': 25, 'D16as_v6_US East_1': 25, 'D16as_v6_US East_2': 25, 'D16pds_v5_US East_3': 25, 'D16plds_v5_US East_2': 25, 'D16plds_v5_US East_3': 25, 'D16pls_v5_US East_1': 25, 'D16pls_v5_US East_2': 25, 'D16ps_v5_US East_2': 25, 'D2ads_v6_US East_1': 25, 'D2ads_v6_US East_2': 25, 'D2ads_v6_US East_3': 25, 'D2alds_v6_US East_1': 25, 'D2alds_v6_US East_2': 25, 'D2alds_v6_US East_3': 25, 'D2als_v6_US East_1': 25, 'D2als_v6_US East_2': 25, 'D2als_v6_US East_3': 25, 'D2as_v6_US East_1': 25, 'D2as_v6_US East_2': 25, 'D2as_v6_US East_3': 25, 'D2pds_v5_US East_1': 25, 'D2pds_v5_US East_2': 25, 'D2pds_v5_US East_3': 25, 'D2plds_v5_US East_1': 25, 'D2plds_v5_US East_2': 25, 'D2plds_v5_US East_3': 25, 'D2pls_v5_US East_1': 25, 'D2pls_v5_US East_2': 25, 'D2pls_v5_US East_3': 25, 'D2ps_v5_US East_1': 25, 'D2ps_v5_US East_2': 25, 'D2ps_v5_US East_3': 25, 'D32ads_v6_US East_1': 25, 'D32ads_v6_US East_2': 25, 'D32alds_v6_US East_2': 25, 'D32alds_v6_US East_3': 25, 'D32als_v6_US East_1': 25, 'D32als_v6_US East_3': 25, 'D32as_v6_US East_2': 25, 'D32as_v6_US East_3': 25, 'D32plds_v5_US East_1': 25, 'D32pls_v5_US East_2': 25, 'D48ads_v6_US East_2': 25, 'D48alds_v6_US East_3': 25, 'D48als_v6_US East_1': 25, 'D48als_v6_US East_2': 25, 'D4ads_v6_US East_1': 25, 'D4ads_v6_US East_2': 25, 'D4ads_v6_US East_3': 25, 'D4alds_v6_US East_1': 25, 'D4alds_v6_US East_2': 25, 'D4alds_v6_US East_3': 25, 'D4als_v6_US East_1': 25, 'D4als_v6_US East_2': 25, 'D4als_v6_US East_3': 25, 'D4as_v6_US East_1': 25, 'D4as_v6_US East_2': 25, 'D4as_v6_US East_3': 25, 'D4pds_v5_US East_1': 25, 'D4pds_v5_US East_2': 25, 'D4pds_v5_US East_3': 25, 'D4plds_v5_US East_1': 25, 'D4plds_v5_US East_2': 25, 'D4plds_v5_US East_3': 25, 'D4pls_v5_US East_1': 25, 'D4pls_v5_US East_2': 25, 'D4pls_v5_US East_3': 25, 'D4ps_v5_US East_1': 25, 'D4ps_v5_US East_2': 25, 'D4ps_v5_US East_3': 25, 'D64ads_v6_US East_3': 25, 'D64alds_v6_US East_1': 25, 'D64als_v6_US East_2': 25, 'D64as_v6_US East_3': 25, 'D8ads_v6_US East_1': 25, 'D8ads_v6_US East_2': 25, 'D8alds_v6_US East_2': 25, 'D8alds_v6_US East_3': 25, 'D8als_v6_US East_1': 25, 'D8als_v6_US East_2': 25, 'D8als_v6_US East_3': 25, 'D8as_v6_US East_1': 25, 'D8as_v6_US East_3': 25, 'D8plds_v5_US East_1': 25, 'D8plds_v5_US East_2': 25, 'D8plds_v5_US East_3': 25, 'D8pls_v5_US East_1': 25, 'D8pls_v5_US East_2': 25, 'D8pls_v5_US East_3': 25, 'D8ps_v5_US East_1': 25, 'D8ps_v5_US East_2': 25, 'D8ps_v5_US East_3': 25, 'D96ads_v6_US East_3': 25, 'D96alds_v6_US East_3': 25, 'D96als_v6_US East_3': 25, 'D96as_v6_US East_2': 25, 'DC1s_v2_US East_1': 25, 'DC2s_v2_US East_2': 25, 'E16ads_v6_US East_2': 25, 'E16ads_v6_US East_3': 25, 'E16as_v6_US East_1': 25, 'E16as_v6_US East_2': 25, 'E20ads_v6_US East_1': 25, 'E20ads_v6_US East_3': 25, 'E20as_v6_US East_1': 25, 'E20as_v6_US East_3': 25, 'E2ads_v6_US East_1': 25, 'E2ads_v6_US East_2': 25, 'E2ads_v6_US East_3': 25, 'E2as_v6_US East_1': 25, 'E2as_v6_US East_2': 25, 'E2as_v6_US East_3': 25, 'E2ps_v5_US East_1': 25, 'E2ps_v5_US East_2': 25, 'E2ps_v5_US East_3': 25, 'E32ads_v6_US East_2': 25, 'E32as_v6_US East_2': 25, 'E48ads_v6_US East_3': 25, 'E48as_v6_US East_2': 25, 'E4ads_v6_US East_1': 25, 'E4ads_v6_US East_2': 25, 'E4ads_v6_US East_3': 25, 'E4as_v6_US East_1': 25, 'E4as_v6_US East_2': 25, 'E4as_v6_US East_3': 25, 'E4ps_v5_US East_1': 25, 'E4ps_v5_US East_2': 25, 'E4ps_v5_US East_3': 25, 'E64ads_v6_US East_2': 25, 'E64as_v6_US East_3': 25, 'E8ads_v6_US East_2': 25, 'E8ads_v6_US East_3': 25, 'E8as_v6_US East_2': 25, 'E8as_v6_US East_3': 25, 'E8ps_v5_US East_1': 25, 'E96-48ads_v6_US East_2': 25, 'E96ads_v6_US East_3': 25, 'E96as_v6_US East_1': 25, 'F16als_v6_US East_2': 25, 'F16als_v6_US East_3': 25, 'F16ams_v6_US East_2': 25, 'F16ams_v6_US East_3': 25, 'F16as_v6_US East_1': 25, 'F16as_v6_US East_3': 25, 'F2als_v6_US East_1': 25, 'F2als_v6_US East_2': 25, 'F2als_v6_US East_3': 25, 'F2ams_v6_US East_1': 25, 'F2ams_v6_US East_2': 25, 'F2ams_v6_US East_3': 25, 'F2as_v6_US East_1': 25, 'F2as_v6_US East_2': 25, 'F2as_v6_US East_3': 25, 'F32als_v6_US East_2': 25, 'F32ams_v6_US East_1': 25, 'F32as_v6_US East_1': 25, 'F48als_v6_US East_2': 25, 'F48ams_v6_US East_3': 25, 'F48as_v6_US East_2': 25, 'F4als_v6_US East_1': 25, 'F4als_v6_US East_3': 25, 'F4ams_v6_US East_2': 25, 'F4ams_v6_US East_3': 25, 'F4as_v6_US East_2': 25, 'F4as_v6_US East_3': 25, 'F64als_v6_US East_3': 25, 'F64ams_v6_US East_1': 25, 'F64as_v6_US East_2': 25, 'F8als_v6_US East_1': 25, 'F8als_v6_US East_3': 25, 'F8ams_v6_US East_1': 25, 'F8ams_v6_US East_3': 25, 'F8as_v6_US East_1': 25, 'F8as_v6_US East_2': 25, 'M12ds_v3_US East_2': 25, 'M12s_v3_US East_3': 25, 'M32ls_US East_1': 25, 'M32ls_US East_2': 25, 'M32ls_US East_3': 25, 'M32ts_US East_1': 25, 'M32ts_US East_2': 25, 'M32ts_US East_3': 25, 'M64s_v2_US East_3': 25, 'NV4as_v4_US East_1': 25, 'NV4as_v4_US East_2': 25, 'NV4as_v4_US East_3': 25, 'NV6ads_A10_v5_US East_1': 25, 'NV6ads_A10_v5_US East_2': 25, 'NV8as_v4_US East_1': 25, 'NV8as_v4_US East_2': 25, 'NV8as_v4_US East_3': 25}"
0.79,1116.4728250000005,2540459296,2275433.1673948257,88175,88075,"{'B16pls_v2_US East_1': 25, 'B16pls_v2_US East_2': 25, 'B16pls_v2_US East_3': 25, 'B16ps_v2_US East_3': 25, 'B2pls_v2_US East_1': 25, 'B2pls_v2_US East_2': 25, 'B2pls_v2_US East_3': 25, 'B2ps_v2_US East_1': 25, 'B2ps_v2_US East_2': 25, 'B2ps_v2_US East_3': 25, 'B4pls_v2_US East_1': 25, 'B4pls_v2_US East_2': 25, 'B4pls_v2_US East_3': 25, 'B4ps_v2_US East_1': 25, 'B4ps_v2_US East_2': 25, 'B4ps_v2_US East_3': 25, 'B8pls_v2_US East_1': 25, 'B8pls_v2_US East_2': 25, 'B8pls_v2_US East_3': 25, 'B8ps_v2_US East_1': 25, 'B8ps_v2_US East_2': 25, 'B8ps_v2_US East_3': 25, 'D16ads_v6_US East_2': 25, 'D16ads_v6_US East_3': 25, 'D16alds_v6_US East_1': 25, 'D16alds_v6_US East_3': 25, 'D16als_v6_US East_1': 25, 'D16als_v6_US East_3': 25, 'D16as_v6_US East_1': 25, 'D16as_v6_US East_2': 25, 'D16pds_v5_US East_3': 25, 'D16plds_v5_US East_2': 25, 'D16plds_v5_US East_3': 25, 'D16pls_v5_US East_1': 25, 'D16pls_v5_US East_2': 25, 'D16ps_v5_US East_2': 25, 'D2ads_v6_US East_1': 25, 'D2ads_v6_US East_2': 25, 'D2ads_v6_US East_3': 25, 'D2alds_v6_US East_1': 25, 'D2alds_v6_US East_2': 25, 'D2alds_v6_US East_3': 25, 'D2als_v6_US East_1': 25, 'D2als_v6_US East_2': 25, 'D2als_v6_US East_3': 25, 'D2as_v6_US East_1': 25, 'D2as_v6_US East_2': 25, 'D2as_v6_US East_3': 25, 'D2pds_v5_US East_1': 25, 'D2pds_v5_US East_2': 25, 'D2pds_v5_US East_3': 25, 'D2plds_v5_US East_1': 25, 'D2plds_v5_US East_2': 25, 'D2plds_v5_US East_3': 25, 'D2pls_v5_US East_1': 25, 'D2pls_v5_US East_2': 25, 'D2pls_v5_US East_3': 25, 'D2ps_v5_US East_1': 25, 'D2ps_v5_US East_2': 25, 'D2ps_v5_US East_3': 25, 'D32ads_v6_US East_1': 25, 'D32ads_v6_US East_2': 25, 'D32alds_v6_US East_2': 25, 'D32alds_v6_US East_3': 25, 'D32als_v6_US East_1': 25, 'D32als_v6_US East_3': 25, 'D32as_v6_US East_2': 25, 'D32as_v6_US East_3': 25, 'D32plds_v5_US East_1': 25, 'D32pls_v5_US East_2': 25, 'D48ads_v6_US East_2': 25, 'D48alds_v6_US East_3': 25, 'D48als_v6_US East_1': 25, 'D48als_v6_US East_2': 25, 'D4ads_v6_US East_1': 25, 'D4ads_v6_US East_2': 25, 'D4ads_v6_US East_3': 25, 'D4alds_v6_US East_1': 25, 'D4alds_v6_US East_2': 25, 'D4alds_v6_US East_3': 25, 'D4als_v6_US East_1': 25, 'D4als_v6_US East_2': 25, 'D4als_v6_US East_3': 25, 'D4as_v6_US East_1': 25, 'D4as_v6_US East_2': 25, 'D4as_v6_US East_3': 25, 'D4pds_v5_US East_1': 25, 'D4pds_v5_US East_2': 25, 'D4pds_v5_US East_3': 25, 'D4plds_v5_US East_1': 25, 'D4plds_v5_US East_2': 25, 'D4plds_v5_US East_3': 25, 'D4pls_v5_US East_1': 25, 'D4pls_v5_US East_2': 25, 'D4pls_v5_US East_3': 25, 'D4ps_v5_US East_1': 25, 'D4ps_v5_US East_2': 25, 'D4ps_v5_US East_3': 25, 'D64ads_v6_US East_3': 25, 'D64alds_v6_US East_1': 25, 'D64als_v6_US East_2': 25, 'D64as_v6_US East_3': 25, 'D8ads_v6_US East_1': 25, 'D8ads_v6_US East_2': 25, 'D8alds_v6_US East_2': 25, 'D8alds_v6_US East_3': 25, 'D8als_v6_US East_1': 25, 'D8als_v6_US East_2': 25, 'D8als_v6_US East_3': 25, 'D8as_v6_US East_1': 25, 'D8as_v6_US East_3': 25, 'D8plds_v5_US East_1': 25, 'D8plds_v5_US East_2': 25, 'D8plds_v5_US East_3': 25, 'D8pls_v5_US East_1': 25, 'D8pls_v5_US East_2': 25, 'D8pls_v5_US East_3': 25, 'D8ps_v5_US East_1': 25, 'D8ps_v5_US East_2': 25, 'D8ps_v5_US East_3': 25, 'D96ads_v6_US East_3': 25, 'D96alds_v6_US East_3': 25, 'D96als_v6_US East_3': 25, 'D96as_v6_US East_2': 25, 'DC1s_v2_US East_1': 25, 'DC2s_v2_US East_2': 25, 'E16ads_v6_US East_2': 25, 'E16ads_v6_US East_3': 25, 'E16as_v6_US East_1': 25, 'E16as_v6_US East_2': 25, 'E20ads_v6_US East_1': 25, 'E20ads_v6_US East_3': 25, 'E20as_v6_US East_1': 25, 'E20as_v6_US East_3': 25, 'E2ads_v6_US East_1': 25, 'E2ads_v6_US East_2': 25, 'E2ads_v6_US East_3': 25, 'E2as_v6_US East_1': 25, 'E2as_v6_US East_2': 25, 'E2as_v6_US East_3': 25, 'E2ps_v5_US East_1': 25, 'E2ps_v5_US East_2': 25, 'E2ps_v5_US East_3': 25, 'E32ads_v6_US East_2': 25, 'E32as_v6_US East_2': 25, 'E48ads_v6_US East_3': 25, 'E48as_v6_US East_2': 25, 'E4ads_v6_US East_1': 25, 'E4ads_v6_US East_2': 25, 'E4ads_v6_US East_3': 25, 'E4as_v6_US East_1': 25, 'E4as_v6_US East_2': 25, 'E4as_v6_US East_3': 25, 'E4ps_v5_US East_1': 25, 'E4ps_v5_US East_2': 25, 'E4ps_v5_US East_3': 25, 'E64ads_v6_US East_2': 25, 'E64as_v6_US East_3': 25, 'E8ads_v6_US East_2': 25, 'E8ads_v6_US East_3': 25, 'E8as_v6_US East_2': 25, 'E8as_v6_US East_3': 25, 'E8ps_v5_US East_1': 25, 'E96-48ads_v6_US East_2': 25, 'E96ads_v6_US East_3': 25, 'E96as_v6_US East_1': 25, 'F16als_v6_US East_2': 25, 'F16als_v6_US East_3': 25, 'F16ams_v6_US East_2': 25, 'F16ams_v6_US East_3': 25, 'F16as_v6_US East_1': 25, 'F16as_v6_US East_3': 25, 'F2als_v6_US East_1': 25, 'F2als_v6_US East_2': 25, 'F2als_v6_US East_3': 25, 'F2ams_v6_US East_1': 25, 'F2ams_v6_US East_2': 25, 'F2ams_v6_US East_3': 25, 'F2as_v6_US East_1': 25, 'F2as_v6_US East_2': 25, 'F2as_v6_US East_3': 25, 'F32als_v6_US East_2': 25, 'F32ams_v6_US East_1': 25, 'F32as_v6_US East_1': 25, 'F48als_v6_US East_2': 25, 'F48ams_v6_US East_3': 25, 'F48as_v6_US East_2': 25, 'F4als_v6_US East_1': 25, 'F4als_v6_US East_3': 25, 'F4ams_v6_US East_2': 25, 'F4ams_v6_US East_3': 25, 'F4as_v6_US East_2': 25, 'F4as_v6_US East_3': 25, 'F64als_v6_US East_3': 25, 'F64ams_v6_US East_1': 25, 'F64as_v6_US East_2': 25, 'F8als_v6_US East_1': 25, 'F8als_v6_US East_3': 25, 'F8ams_v6_US East_1': 25, 'F8ams_v6_US East_3': 25, 'F8as_v6_US East_1': 25, 'F8as_v6_US East_2': 25, 'M12ds_v3_US East_2': 25, 'M12s_v3_US East_3': 25, 'M32ls_US East_1': 25, 'M32ls_US East_2': 25, 'M32ls_US East_3': 25, 'M32ts_US East_1': 25, 'M32ts_US East_2': 25, 'M32ts_US East_3': 25, 'M64s_v2_US East_3': 25, 'NV4as_v4_US East_1': 25, 'NV4as_v4_US East_2': 25, 'NV4as_v4_US East_3': 25, 'NV6ads_A10_v5_US East_1': 25, 'NV6ads_A10_v5_US East_2': 25, 'NV8as_v4_US East_1': 25, 'NV8as_v4_US East_2': 25, 'NV8as_v4_US East_3': 25}"
0.8,1150.6258250000005,2559691834,2224608.3643220845,88775,88675,"{'B16pls_v2_US East_1': 25, 'B16pls_v2_US East_2': 25, 'B16pls_v2_US East_3': 25, 'B16ps_v2_US East_3': 25, 'B2pls_v2_US East_1': 25, 'B2pls_v2_US East_2': 25, 'B2pls_v2_US East_3': 25, 'B2ps_v2_US East_1': 25, 'B2ps_v2_US East_2': 25, 'B2ps_v2_US East_3': 25, 'B4pls_v2_US East_1': 25, 'B4pls_v2_US East_2': 25, 'B4pls_v2_US East_3': 25, 'B4ps_v2_US East_1': 25, 'B4ps_v2_US East_2': 25, 'B4ps_v2_US East_3': 25, 'B8pls_v2_US East_1': 25, 'B8pls_v2_US East_2': 25, 'B8pls_v2_US East_3': 25, 'B8ps_v2_US East_1': 25, 'B8ps_v2_US East_2': 25, 'B8ps_v2_US East_3': 25, 'D16ads_v6_US East_2': 25, 'D16ads_v6_US East_3': 25, 'D16alds_v6_US East_1': 25, 'D16alds_v6_US East_3': 25, 'D16als_v6_US East_1': 25, 'D16als_v6_US East_3': 25, 'D16as_v6_US East_1': 25, 'D16as_v6_US East_2': 25, 'D16pds_v5_US East_3': 25, 'D16plds_v5_US East_2': 25, 'D16plds_v5_US East_3': 25, 'D16pls_v5_US East_1': 25, 'D16pls_v5_US East_2': 25, 'D16ps_v5_US East_2': 25, 'D2ads_v6_US East_1': 25, 'D2ads_v6_US East_2': 25, 'D2ads_v6_US East_3': 25, 'D2alds_v6_US East_1': 25, 'D2alds_v6_US East_2': 25, 'D2alds_v6_US East_3': 25, 'D2als_v6_US East_1': 25, 'D2als_v6_US East_2': 25, 'D2als_v6_US East_3': 25, 'D2as_v6_US East_1': 25, 'D2as_v6_US East_2': 25, 'D2as_v6_US East_3': 25, 'D2pds_v5_US East_1': 25, 'D2pds_v5_US East_2': 25, 'D2pds_v5_US East_3': 25, 'D2plds_v5_US East_1': 25, 'D2plds_v5_US East_2': 25, 'D2plds_v5_US East_3': 25, 'D2pls_v5_US East_1': 25, 'D2pls_v5_US East_2': 25, 'D2pls_v5_US East_3': 25, 'D2ps_v5_US East_1': 25, 'D2ps_v5_US East_2': 25, 'D2ps_v5_US East_3': 25, 'D32ads_v6_US East_1': 25, 'D32ads_v6_US East_2': 25, 'D32alds_v6_US East_2': 25, 'D32alds_v6_US East_3': 25, 'D32als_v6_US East_1': 25, 'D32als_v6_US East_3': 25, 'D32as_v6_US East_2': 25, 'D32as_v6_US East_3': 25, 'D32plds_v5_US East_1': 25, 'D32pls_v5_US East_2': 25, 'D48ads_v6_US East_2': 25, 'D48alds_v6_US East_3': 25, 'D48als_v6_US East_1': 25, 'D48als_v6_US East_2': 25, 'D4ads_v6_US East_1': 25, 'D4ads_v6_US East_2': 25, 'D4ads_v6_US East_3': 25, 'D4alds_v6_US East_1': 25, 'D4alds_v6_US East_2': 25, 'D4alds_v6_US East_3': 25, 'D4als_v6_US East_1': 25, 'D4als_v6_US East_2': 25, 'D4als_v6_US East_3': 25, 'D4as_v6_US East_1': 25, 'D4as_v6_US East_2': 25, 'D4as_v6_US East_3': 25, 'D4pds_v5_US East_1': 25, 'D4pds_v5_US East_2': 25, 'D4pds_v5_US East_3': 25, 'D4plds_v5_US East_1': 25, 'D4plds_v5_US East_2': 25, 'D4plds_v5_US East_3': 25, 'D4pls_v5_US East_1': 25, 'D4pls_v5_US East_2': 25, 'D4pls_v5_US East_3': 25, 'D4ps_v5_US East_1': 25, 'D4ps_v5_US East_2': 25, 'D4ps_v5_US East_3': 25, 'D64ads_v6_US East_3': 25, 'D64alds_v6_US East_1': 25, 'D64als_v6_US East_2': 25, 'D64as_v6_US East_3': 25, 'D8ads_v6_US East_1': 25, 'D8ads_v6_US East_2': 25, 'D8alds_v6_US East_2': 25, 'D8alds_v6_US East_3': 25, 'D8als_v6_US East_1': 25, 'D8als_v6_US East_2': 25, 'D8als_v6_US East_3': 25, 'D8as_v6_US East_1': 25, 'D8as_v6_US East_3': 25, 'D8plds_v5_US East_1': 25, 'D8plds_v5_US East_2': 25, 'D8plds_v5_US East_3': 25, 'D8pls_v5_US East_1': 25, 'D8pls_v5_US East_2': 25, 'D8pls_v5_US East_3': 25, 'D8ps_v5_US East_1': 25, 'D8ps_v5_US East_2': 25, 'D8ps_v5_US East_3': 25, 'D96ads_v6_US East_3': 25, 'D96alds_v6_US East_3': 25, 'D96als_v6_US East_3': 25, 'D96as_v6_US East_2': 25, 'DC1s_v2_US East_1': 25, 'DC2s_v2_US East_2': 25, 'E16ads_v6_US East_2': 25, 'E16ads_v6_US East_3': 25, 'E16as_v6_US East_1': 25, 'E16as_v6_US East_2': 25, 'E20ads_v6_US East_1': 25, 'E20ads_v6_US East_3': 25, 'E20as_v6_US East_1': 25, 'E20as_v6_US East_3': 25, 'E2ads_v6_US East_1': 25, 'E2ads_v6_US East_2': 25, 'E2ads_v6_US East_3': 25, 'E2as_v6_US East_1': 25, 'E2as_v6_US East_2': 25, 'E2as_v6_US East_3': 25, 'E2ps_v5_US East_1': 25, 'E2ps_v5_US East_2': 25, 'E2ps_v5_US East_3': 25, 'E32ads_v6_US East_2': 25, 'E32as_v6_US East_2': 25, 'E48ads_v6_US East_3': 25, 'E48as_v6_US East_2': 25, 'E4ads_v6_US East_1': 25, 'E4ads_v6_US East_2': 25, 'E4ads_v6_US East_3': 25, 'E4as_v6_US East_1': 25, 'E4as_v6_US East_2': 25, 'E4as_v6_US East_3': 25, 'E4ps_v5_US East_1': 25, 'E4ps_v5_US East_2': 25, 'E4ps_v5_US East_3': 25, 'E64ads_v6_US East_2': 25, 'E64as_v6_US East_3': 25, 'E8ads_v6_US East_2': 25, 'E8ads_v6_US East_3': 25, 'E8as_v6_US East_2': 25, 'E8as_v6_US East_3': 25, 'E8ps_v5_US East_1': 25, 'E96-24ads_v6_US East_3': 25, 'E96-48ads_v6_US East_2': 25, 'E96ads_v6_US East_3': 25, 'E96as_v6_US East_1': 25, 'F16als_v6_US East_2': 25, 'F16als_v6_US East_3': 25, 'F16ams_v6_US East_2': 25, 'F16ams_v6_US East_3': 25, 'F16as_v6_US East_1': 25, 'F16as_v6_US East_3': 25, 'F2als_v6_US East_1': 25, 'F2als_v6_US East_2': 25, 'F2als_v6_US East_3': 25, 'F2ams_v6_US East_1': 25, 'F2ams_v6_US East_2': 25, 'F2ams_v6_US East_3': 25, 'F2as_v6_US East_1': 25, 'F2as_v6_US East_2': 25, 'F2as_v6_US East_3': 25, 'F32als_v6_US East_2': 25, 'F32ams_v6_US East_1': 25, 'F32as_v6_US East_1': 25, 'F48als_v6_US East_2': 25, 'F48ams_v6_US East_3': 25, 'F48as_v6_US East_2': 25, 'F4als_v6_US East_1': 25, 'F4als_v6_US East_3': 25, 'F4ams_v6_US East_2': 25, 'F4ams_v6_US East_3': 25, 'F4as_v6_US East_2': 25, 'F4as_v6_US East_3': 25, 'F64als_v6_US East_3': 25, 'F64ams_v6_US East_1': 25, 'F64as_v6_US East_2': 25, 'F8als_v6_US East_1': 25, 'F8als_v6_US East_3': 25, 'F8ams_v6_US East_1': 25, 'F8ams_v6_US East_3': 25, 'F8as_v6_US East_1': 25, 'F8as_v6_US East_2': 25, 'M12ds_v3_US East_2': 25, 'M12s_v3_US East_3': 25, 'M32ls_US East_1': 25, 'M32ls_US East_2': 25, 'M32ls_US East_3': 25, 'M32ts_US East_1': 25, 'M32ts_US East_2': 25, 'M32ts_US East_3': 25, 'M64s_v2_US East_3': 25, 'NV4as_v4_US East_1': 25, 'NV4as_v4_US East_2': 25, 'NV4as_v4_US East_3': 25, 'NV6ads_A10_v5_US East_1': 25, 'NV6ads_A10_v5_US East_2': 25, 'NV8as_v4_US East_1': 25, 'NV8as_v4_US East_2': 25, 'NV8as_v4_US East_3': 25}"
0.81,1150.6258250000005,2559691834,2224608.3643220845,88775,88675,"{'B16pls_v2_US East_1': 25, 'B16pls_v2_US East_2': 25, 'B16pls_v2_US East_3': 25, 'B16ps_v2_US East_3': 25, 'B2pls_v2_US East_1': 25, 'B2pls_v2_US East_2': 25, 'B2pls_v2_US East_3': 25, 'B2ps_v2_US East_1': 25, 'B2ps_v2_US East_2': 25, 'B2ps_v2_US East_3': 25, 'B4pls_v2_US East_1': 25, 'B4pls_v2_US East_2': 25, 'B4pls_v2_US East_3': 25, 'B4ps_v2_US East_1': 25, 'B4ps_v2_US East_2': 25, 'B4ps_v2_US East_3': 25, 'B8pls_v2_US East_1': 25, 'B8pls_v2_US East_2': 25, 'B8pls_v2_US East_3': 25, 'B8ps_v2_US East_1': 25, 'B8ps_v2_US East_2': 25, 'B8ps_v2_US East_3': 25, 'D16ads_v6_US East_2': 25, 'D16ads_v6_US East_3': 25, 'D16alds_v6_US East_1': 25, 'D16alds_v6_US East_3': 25, 'D16als_v6_US East_1': 25, 'D16als_v6_US East_3': 25, 'D16as_v6_US East_1': 25, 'D16as_v6_US East_2': 25, 'D16pds_v5_US East_3': 25, 'D16plds_v5_US East_2': 25, 'D16plds_v5_US East_3': 25, 'D16pls_v5_US East_1': 25, 'D16pls_v5_US East_2': 25, 'D16ps_v5_US East_2': 25, 'D2ads_v6_US East_1': 25, 'D2ads_v6_US East_2': 25, 'D2ads_v6_US East_3': 25, 'D2alds_v6_US East_1': 25, 'D2alds_v6_US East_2': 25, 'D2alds_v6_US East_3': 25, 'D2als_v6_US East_1': 25, 'D2als_v6_US East_2': 25, 'D2als_v6_US East_3': 25, 'D2as_v6_US East_1': 25, 'D2as_v6_US East_2': 25, 'D2as_v6_US East_3': 25, 'D2pds_v5_US East_1': 25, 'D2pds_v5_US East_2': 25, 'D2pds_v5_US East_3': 25, 'D2plds_v5_US East_1': 25, 'D2plds_v5_US East_2': 25, 'D2plds_v5_US East_3': 25, 'D2pls_v5_US East_1': 25, 'D2pls_v5_US East_2': 25, 'D2pls_v5_US East_3': 25, 'D2ps_v5_US East_1': 25, 'D2ps_v5_US East_2': 25, 'D2ps_v5_US East_3': 25, 'D32ads_v6_US East_1': 25, 'D32ads_v6_US East_2': 25, 'D32alds_v6_US East_2': 25, 'D32alds_v6_US East_3': 25, 'D32als_v6_US East_1': 25, 'D32als_v6_US East_3': 25, 'D32as_v6_US East_2': 25, 'D32as_v6_US East_3': 25, 'D32plds_v5_US East_1': 25, 'D32pls_v5_US East_2': 25, 'D48ads_v6_US East_2': 25, 'D48alds_v6_US East_3': 25, 'D48als_v6_US East_1': 25, 'D48als_v6_US East_2': 25, 'D4ads_v6_US East_1': 25, 'D4ads_v6_US East_2': 25, 'D4ads_v6_US East_3': 25, 'D4alds_v6_US East_1': 25, 'D4alds_v6_US East_2': 25, 'D4alds_v6_US East_3': 25, 'D4als_v6_US East_1': 25, 'D4als_v6_US East_2': 25, 'D4als_v6_US East_3': 25, 'D4as_v6_US East_1': 25, 'D4as_v6_US East_2': 25, 'D4as_v6_US East_3': 25, 'D4pds_v5_US East_1': 25, 'D4pds_v5_US East_2': 25, 'D4pds_v5_US East_3': 25, 'D4plds_v5_US East_1': 25, 'D4plds_v5_US East_2': 25, 'D4plds_v5_US East_3': 25, 'D4pls_v5_US East_1': 25, 'D4pls_v5_US East_2': 25, 'D4pls_v5_US East_3': 25, 'D4ps_v5_US East_1': 25, 'D4ps_v5_US East_2': 25, 'D4ps_v5_US East_3': 25, 'D64ads_v6_US East_3': 25, 'D64alds_v6_US East_1': 25, 'D64als_v6_US East_2': 25, 'D64as_v6_US East_3': 25, 'D8ads_v6_US East_1': 25, 'D8ads_v6_US East_2': 25, 'D8alds_v6_US East_2': 25, 'D8alds_v6_US East_3': 25, 'D8als_v6_US East_1': 25, 'D8als_v6_US East_2': 25, 'D8als_v6_US East_3': 25, 'D8as_v6_US East_1': 25, 'D8as_v6_US East_3': 25, 'D8plds_v5_US East_1': 25, 'D8plds_v5_US East_2': 25, 'D8plds_v5_US East_3': 25, 'D8pls_v5_US East_1': 25, 'D8pls_v5_US East_2': 25, 'D8pls_v5_US East_3': 25, 'D8ps_v5_US East_1': 25, 'D8ps_v5_US East_2': 25, 'D8ps_v5_US East_3': 25, 'D96ads_v6_US East_3': 25, 'D96alds_v6_US East_3': 25, 'D96als_v6_US East_3': 25, 'D96as_v6_US East_2': 25, 'DC1s_v2_US East_1': 25, 'DC2s_v2_US East_2': 25, 'E16ads_v6_US East_2': 25, 'E16ads_v6_US East_3': 25, 'E16as_v6_US East_1': 25, 'E16as_v6_US East_2': 25, 'E20ads_v6_US East_1': 25, 'E20ads_v6_US East_3': 25, 'E20as_v6_US East_1': 25, 'E20as_v6_US East_3': 25, 'E2ads_v6_US East_1': 25, 'E2ads_v6_US East_2': 25, 'E2ads_v6_US East_3': 25, 'E2as_v6_US East_1': 25, 'E2as_v6_US East_2': 25, 'E2as_v6_US East_3': 25, 'E2ps_v5_US East_1': 25, 'E2ps_v5_US East_2': 25, 'E2ps_v5_US East_3': 25, 'E32ads_v6_US East_2': 25, 'E32as_v6_US East_2': 25, 'E48ads_v6_US East_3': 25, 'E48as_v6_US East_2': 25, 'E4ads_v6_US East_1': 25, 'E4ads_v6_US East_2': 25, 'E4ads_v6_US East_3': 25, 'E4as_v6_US East_1': 25, 'E4as_v6_US East_2': 25, 'E4as_v6_US East_3': 25, 'E4ps_v5_US East_1': 25, 'E4ps_v5_US East_2': 25, 'E4ps_v5_US East_3': 25, 'E64ads_v6_US East_2': 25, 'E64as_v6_US East_3': 25, 'E8ads_v6_US East_2': 25, 'E8ads_v6_US East_3': 25, 'E8as_v6_US East_2': 25, 'E8as_v6_US East_3': 25, 'E8ps_v5_US East_1': 25, 'E96-24ads_v6_US East_3': 25, 'E96-48ads_v6_US East_2': 25, 'E96ads_v6_US East_3': 25, 'E96as_v6_US East_1': 25, 'F16als_v6_US East_2': 25, 'F16als_v6_US East_3': 25, 'F16ams_v6_US East_2': 25, 'F16ams_v6_US East_3': 25, 'F16as_v6_US East_1': 25, 'F16as_v6_US East_3': 25, 'F2als_v6_US East_1': 25, 'F2als_v6_US East_2': 25, 'F2als_v6_US East_3': 25, 'F2ams_v6_US East_1': 25, 'F2ams_v6_US East_2': 25, 'F2ams_v6_US East_3': 25, 'F2as_v6_US East_1': 25, 'F2as_v6_US East_2': 25, 'F2as_v6_US East_3': 25, 'F32als_v6_US East_2': 25, 'F32ams_v6_US East_1': 25, 'F32as_v6_US East_1': 25, 'F48als_v6_US East_2': 25, 'F48ams_v6_US East_3': 25, 'F48as_v6_US East_2': 25, 'F4als_v6_US East_1': 25, 'F4als_v6_US East_3': 25, 'F4ams_v6_US East_2': 25, 'F4ams_v6_US East_3': 25, 'F4as_v6_US East_2': 25, 'F4as_v6_US East_3': 25, 'F64als_v6_US East_3': 25, 'F64ams_v6_US East_1': 25, 'F64as_v6_US East_2': 25, 'F8als_v6_US East_1': 25, 'F8als_v6_US East_3': 25, 'F8ams_v6_US East_1': 25, 'F8ams_v6_US East_3': 25, 'F8as_v6_US East_1': 25, 'F8as_v6_US East_2': 25, 'M12ds_v3_US East_2': 25, 'M12s_v3_US East_3': 25, 'M32ls_US East_1': 25, 'M32ls_US East_2': 25, 'M32ls_US East_3': 25, 'M32ts_US East_1': 25, 'M32ts_US East_2': 25, 'M32ts_US East_3': 25, 'M64s_v2_US East_3': 25, 'NV4as_v4_US East_1': 25, 'NV4as_v4_US East_2': 25, 'NV4as_v4_US East_3': 25, 'NV6ads_A10_v5_US East_1': 25, 'NV6ads_A10_v5_US East_2': 25, 'NV8as_v4_US East_1': 25, 'NV8as_v4_US East_2': 25, 'NV8as_v4_US East_3': 25}"
0.8200000000000001,1150.6258250000005,2559691834,2224608.3643220845,88775,88675,"{'B16pls_v2_US East_1': 25, 'B16pls_v2_US East_2': 25, 'B16pls_v2_US East_3': 25, 'B16ps_v2_US East_3': 25, 'B2pls_v2_US East_1': 25, 'B2pls_v2_US East_2': 25, 'B2pls_v2_US East_3': 25, 'B2ps_v2_US East_1': 25, 'B2ps_v2_US East_2': 25, 'B2ps_v2_US East_3': 25, 'B4pls_v2_US East_1': 25, 'B4pls_v2_US East_2': 25, 'B4pls_v2_US East_3': 25, 'B4ps_v2_US East_1': 25, 'B4ps_v2_US East_2': 25, 'B4ps_v2_US East_3': 25, 'B8pls_v2_US East_1': 25, 'B8pls_v2_US East_2': 25, 'B8pls_v2_US East_3': 25, 'B8ps_v2_US East_1': 25, 'B8ps_v2_US East_2': 25, 'B8ps_v2_US East_3': 25, 'D16ads_v6_US East_2': 25, 'D16ads_v6_US East_3': 25, 'D16alds_v6_US East_1': 25, 'D16alds_v6_US East_3': 25, 'D16als_v6_US East_1': 25, 'D16als_v6_US East_3': 25, 'D16as_v6_US East_1': 25, 'D16as_v6_US East_2': 25, 'D16pds_v5_US East_3': 25, 'D16plds_v5_US East_2': 25, 'D16plds_v5_US East_3': 25, 'D16pls_v5_US East_1': 25, 'D16pls_v5_US East_2': 25, 'D16ps_v5_US East_2': 25, 'D2ads_v6_US East_1': 25, 'D2ads_v6_US East_2': 25, 'D2ads_v6_US East_3': 25, 'D2alds_v6_US East_1': 25, 'D2alds_v6_US East_2': 25, 'D2alds_v6_US East_3': 25, 'D2als_v6_US East_1': 25, 'D2als_v6_US East_2': 25, 'D2als_v6_US East_3': 25, 'D2as_v6_US East_1': 25, 'D2as_v6_US East_2': 25, 'D2as_v6_US East_3': 25, 'D2pds_v5_US East_1': 25, 'D2pds_v5_US East_2': 25, 'D2pds_v5_US East_3': 25, 'D2plds_v5_US East_1': 25, 'D2plds_v5_US East_2': 25, 'D2plds_v5_US East_3': 25, 'D2pls_v5_US East_1': 25, 'D2pls_v5_US East_2': 25, 'D2pls_v5_US East_3': 25, 'D2ps_v5_US East_1': 25, 'D2ps_v5_US East_2': 25, 'D2ps_v5_US East_3': 25, 'D32ads_v6_US East_1': 25, 'D32ads_v6_US East_2': 25, 'D32alds_v6_US East_2': 25, 'D32alds_v6_US East_3': 25, 'D32als_v6_US East_1': 25, 'D32als_v6_US East_3': 25, 'D32as_v6_US East_2': 25, 'D32as_v6_US East_3': 25, 'D32plds_v5_US East_1': 25, 'D32pls_v5_US East_2': 25, 'D48ads_v6_US East_2': 25, 'D48alds_v6_US East_3': 25, 'D48als_v6_US East_1': 25, 'D48als_v6_US East_2': 25, 'D4ads_v6_US East_1': 25, 'D4ads_v6_US East_2': 25, 'D4ads_v6_US East_3': 25, 'D4alds_v6_US East_1': 25, 'D4alds_v6_US East_2': 25, 'D4alds_v6_US East_3': 25, 'D4als_v6_US East_1': 25, 'D4als_v6_US East_2': 25, 'D4als_v6_US East_3': 25, 'D4as_v6_US East_1': 25, 'D4as_v6_US East_2': 25, 'D4as_v6_US East_3': 25, 'D4pds_v5_US East_1': 25, 'D4pds_v5_US East_2': 25, 'D4pds_v5_US East_3': 25, 'D4plds_v5_US East_1': 25, 'D4plds_v5_US East_2': 25, 'D4plds_v5_US East_3': 25, 'D4pls_v5_US East_1': 25, 'D4pls_v5_US East_2': 25, 'D4pls_v5_US East_3': 25, 'D4ps_v5_US East_1': 25, 'D4ps_v5_US East_2': 25, 'D4ps_v5_US East_3': 25, 'D64ads_v6_US East_3': 25, 'D64alds_v6_US East_1': 25, 'D64als_v6_US East_2': 25, 'D64as_v6_US East_3': 25, 'D8ads_v6_US East_1': 25, 'D8ads_v6_US East_2': 25, 'D8alds_v6_US East_2': 25, 'D8alds_v6_US East_3': 25, 'D8als_v6_US East_1': 25, 'D8als_v6_US East_2': 25, 'D8als_v6_US East_3': 25, 'D8as_v6_US East_1': 25, 'D8as_v6_US East_3': 25, 'D8plds_v5_US East_1': 25, 'D8plds_v5_US East_2': 25, 'D8plds_v5_US East_3': 25, 'D8pls_v5_US East_1': 25, 'D8pls_v5_US East_2': 25, 'D8pls_v5_US East_3': 25, 'D8ps_v5_US East_1': 25, 'D8ps_v5_US East_2': 25, 'D8ps_v5_US East_3': 25, 'D96ads_v6_US East_3': 25, 'D96alds_v6_US East_3': 25, 'D96als_v6_US East_3': 25, 'D96as_v6_US East_2': 25, 'DC1s_v2_US East_1': 25, 'DC2s_v2_US East_2': 25, 'E16ads_v6_US East_2': 25, 'E16ads_v6_US East_3': 25, 'E16as_v6_US East_1': 25, 'E16as_v6_US East_2': 25, 'E20ads_v6_US East_1': 25, 'E20ads_v6_US East_3': 25, 'E20as_v6_US East_1': 25, 'E20as_v6_US East_3': 25, 'E2ads_v6_US East_1': 25, 'E2ads_v6_US East_2': 25, 'E2ads_v6_US East_3': 25, 'E2as_v6_US East_1': 25, 'E2as_v6_US East_2': 25, 'E2as_v6_US East_3': 25, 'E2ps_v5_US East_1': 25, 'E2ps_v5_US East_2': 25, 'E2ps_v5_US East_3': 25, 'E32ads_v6_US East_2': 25, 'E32as_v6_US East_2': 25, 'E48ads_v6_US East_3': 25, 'E48as_v6_US East_2': 25, 'E4ads_v6_US East_1': 25, 'E4ads_v6_US East_2': 25, 'E4ads_v6_US East_3': 25, 'E4as_v6_US East_1': 25, 'E4as_v6_US East_2': 25, 'E4as_v6_US East_3': 25, 'E4ps_v5_US East_1': 25, 'E4ps_v5_US East_2': 25, 'E4ps_v5_US East_3': 25, 'E64ads_v6_US East_2': 25, 'E64as_v6_US East_3': 25, 'E8ads_v6_US East_2': 25, 'E8ads_v6_US East_3': 25, 'E8as_v6_US East_2': 25, 'E8as_v6_US East_3': 25, 'E8ps_v5_US East_1': 25, 'E96-24ads_v6_US East_3': 25, 'E96-48ads_v6_US East_2': 25, 'E96ads_v6_US East_3': 25, 'E96as_v6_US East_1': 25, 'F16als_v6_US East_2': 25, 'F16als_v6_US East_3': 25, 'F16ams_v6_US East_2': 25, 'F16ams_v6_US East_3': 25, 'F16as_v6_US East_1': 25, 'F16as_v6_US East_3': 25, 'F2als_v6_US East_1': 25, 'F2als_v6_US East_2': 25, 'F2als_v6_US East_3': 25, 'F2ams_v6_US East_1': 25, 'F2ams_v6_US East_2': 25, 'F2ams_v6_US East_3': 25, 'F2as_v6_US East_1': 25, 'F2as_v6_US East_2': 25, 'F2as_v6_US East_3': 25, 'F32als_v6_US East_2': 25, 'F32ams_v6_US East_1': 25, 'F32as_v6_US East_1': 25, 'F48als_v6_US East_2': 25, 'F48ams_v6_US East_3': 25, 'F48as_v6_US East_2': 25, 'F4als_v6_US East_1': 25, 'F4als_v6_US East_3': 25, 'F4ams_v6_US East_2': 25, 'F4ams_v6_US East_3': 25, 'F4as_v6_US East_2': 25, 'F4as_v6_US East_3': 25, 'F64als_v6_US East_3': 25, 'F64ams_v6_US East_1': 25, 'F64as_v6_US East_2': 25, 'F8als_v6_US East_1': 25, 'F8als_v6_US East_3': 25, 'F8ams_v6_US East_1': 25, 'F8ams_v6_US East_3': 25, 'F8as_v6_US East_1': 25, 'F8as_v6_US East_2': 25, 'M12ds_v3_US East_2': 25, 'M12s_v3_US East_3': 25, 'M32ls_US East_1': 25, 'M32ls_US East_2': 25, 'M32ls_US East_3': 25, 'M32ts_US East_1': 25, 'M32ts_US East_2': 25, 'M32ts_US East_3': 25, 'M64s_v2_US East_3': 25, 'NV4as_v4_US East_1': 25, 'NV4as_v4_US East_2': 25, 'NV4as_v4_US East_3': 25, 'NV6ads_A10_v5_US East_1': 25, 'NV6ads_A10_v5_US East_2': 25, 'NV8as_v4_US East_1': 25, 'NV8as_v4_US East_2': 25, 'NV8as_v4_US East_3': 25}"
0.8300000000000001,1150.6258250000005,2559691834,2224608.3643220845,88775,88675,"{'B16pls_v2_US East_1': 25, 'B16pls_v2_US East_2': 25, 'B16pls_v2_US East_3': 25, 'B16ps_v2_US East_3': 25, 'B2pls_v2_US East_1': 25, 'B2pls_v2_US East_2': 25, 'B2pls_v2_US East_3': 25, 'B2ps_v2_US East_1': 25, 'B2ps_v2_US East_2': 25, 'B2ps_v2_US East_3': 25, 'B4pls_v2_US East_1': 25, 'B4pls_v2_US East_2': 25, 'B4pls_v2_US East_3': 25, 'B4ps_v2_US East_1': 25, 'B4ps_v2_US East_2': 25, 'B4ps_v2_US East_3': 25, 'B8pls_v2_US East_1': 25, 'B8pls_v2_US East_2': 25, 'B8pls_v2_US East_3': 25, 'B8ps_v2_US East_1': 25, 'B8ps_v2_US East_2': 25, 'B8ps_v2_US East_3': 25, 'D16ads_v6_US East_2': 25, 'D16ads_v6_US East_3': 25, 'D16alds_v6_US East_1': 25, 'D16alds_v6_US East_3': 25, 'D16als_v6_US East_1': 25, 'D16als_v6_US East_3': 25, 'D16as_v6_US East_1': 25, 'D16as_v6_US East_2': 25, 'D16pds_v5_US East_3': 25, 'D16plds_v5_US East_2': 25, 'D16plds_v5_US East_3': 25, 'D16pls_v5_US East_1': 25, 'D16pls_v5_US East_2': 25, 'D16ps_v5_US East_2': 25, 'D2ads_v6_US East_1': 25, 'D2ads_v6_US East_2': 25, 'D2ads_v6_US East_3': 25, 'D2alds_v6_US East_1': 25, 'D2alds_v6_US East_2': 25, 'D2alds_v6_US East_3': 25, 'D2als_v6_US East_1': 25, 'D2als_v6_US East_2': 25, 'D2als_v6_US East_3': 25, 'D2as_v6_US East_1': 25, 'D2as_v6_US East_2': 25, 'D2as_v6_US East_3': 25, 'D2pds_v5_US East_1': 25, 'D2pds_v5_US East_2': 25, 'D2pds_v5_US East_3': 25, 'D2plds_v5_US East_1': 25, 'D2plds_v5_US East_2': 25, 'D2plds_v5_US East_3': 25, 'D2pls_v5_US East_1': 25, 'D2pls_v5_US East_2': 25, 'D2pls_v5_US East_3': 25, 'D2ps_v5_US East_1': 25, 'D2ps_v5_US East_2': 25, 'D2ps_v5_US East_3': 25, 'D32ads_v6_US East_1': 25, 'D32ads_v6_US East_2': 25, 'D32alds_v6_US East_2': 25, 'D32alds_v6_US East_3': 25, 'D32als_v6_US East_1': 25, 'D32als_v6_US East_3': 25, 'D32as_v6_US East_2': 25, 'D32as_v6_US East_3': 25, 'D32plds_v5_US East_1': 25, 'D32pls_v5_US East_2': 25, 'D48ads_v6_US East_2': 25, 'D48alds_v6_US East_3': 25, 'D48als_v6_US East_1': 25, 'D48als_v6_US East_2': 25, 'D4ads_v6_US East_1': 25, 'D4ads_v6_US East_2': 25, 'D4ads_v6_US East_3': 25, 'D4alds_v6_US East_1': 25, 'D4alds_v6_US East_2': 25, 'D4alds_v6_US East_3': 25, 'D4als_v6_US East_1': 25, 'D4als_v6_US East_2': 25, 'D4als_v6_US East_3': 25, 'D4as_v6_US East_1': 25, 'D4as_v6_US East_2': 25, 'D4as_v6_US East_3': 25, 'D4pds_v5_US East_1': 25, 'D4pds_v5_US East_2': 25, 'D4pds_v5_US East_3': 25, 'D4plds_v5_US East_1': 25, 'D4plds_v5_US East_2': 25, 'D4plds_v5_US East_3': 25, 'D4pls_v5_US East_1': 25, 'D4pls_v5_US East_2': 25, 'D4pls_v5_US East_3': 25, 'D4ps_v5_US East_1': 25, 'D4ps_v5_US East_2': 25, 'D4ps_v5_US East_3': 25, 'D64ads_v6_US East_3': 25, 'D64alds_v6_US East_1': 25, 'D64als_v6_US East_2': 25, 'D64as_v6_US East_3': 25, 'D8ads_v6_US East_1': 25, 'D8ads_v6_US East_2': 25, 'D8alds_v6_US East_2': 25, 'D8alds_v6_US East_3': 25, 'D8als_v6_US East_1': 25, 'D8als_v6_US East_2': 25, 'D8als_v6_US East_3': 25, 'D8as_v6_US East_1': 25, 'D8as_v6_US East_3': 25, 'D8plds_v5_US East_1': 25, 'D8plds_v5_US East_2': 25, 'D8plds_v5_US East_3': 25, 'D8pls_v5_US East_1': 25, 'D8pls_v5_US East_2': 25, 'D8pls_v5_US East_3': 25, 'D8ps_v5_US East_1': 25, 'D8ps_v5_US East_2': 25, 'D8ps_v5_US East_3': 25, 'D96ads_v6_US East_3': 25, 'D96alds_v6_US East_3': 25, 'D96als_v6_US East_3': 25, 'D96as_v6_US East_2': 25, 'DC1s_v2_US East_1': 25, 'DC2s_v2_US East_2': 25, 'E16ads_v6_US East_2': 25, 'E16ads_v6_US East_3': 25, 'E16as_v6_US East_1': 25, 'E16as_v6_US East_2': 25, 'E20ads_v6_US East_1': 25, 'E20ads_v6_US East_3': 25, 'E20as_v6_US East_1': 25, 'E20as_v6_US East_3': 25, 'E2ads_v6_US East_1': 25, 'E2ads_v6_US East_2': 25, 'E2ads_v6_US East_3': 25, 'E2as_v6_US East_1': 25, 'E2as_v6_US East_2': 25, 'E2as_v6_US East_3': 25, 'E2ps_v5_US East_1': 25, 'E2ps_v5_US East_2': 25, 'E2ps_v5_US East_3': 25, 'E32ads_v6_US East_2': 25, 'E32as_v6_US East_2': 25, 'E48ads_v6_US East_3': 25, 'E48as_v6_US East_2': 25, 'E4ads_v6_US East_1': 25, 'E4ads_v6_US East_2': 25, 'E4ads_v6_US East_3': 25, 'E4as_v6_US East_1': 25, 'E4as_v6_US East_2': 25, 'E4as_v6_US East_3': 25, 'E4ps_v5_US East_1': 25, 'E4ps_v5_US East_2': 25, 'E4ps_v5_US East_3': 25, 'E64ads_v6_US East_2': 25, 'E64as_v6_US East_3': 25, 'E8ads_v6_US East_2': 25, 'E8ads_v6_US East_3': 25, 'E8as_v6_US East_2': 25, 'E8as_v6_US East_3': 25, 'E8ps_v5_US East_1': 25, 'E96-24ads_v6_US East_3': 25, 'E96-48ads_v6_US East_2': 25, 'E96ads_v6_US East_3': 25, 'E96as_v6_US East_1': 25, 'F16als_v6_US East_2': 25, 'F16als_v6_US East_3': 25, 'F16ams_v6_US East_2': 25, 'F16ams_v6_US East_3': 25, 'F16as_v6_US East_1': 25, 'F16as_v6_US East_3': 25, 'F2als_v6_US East_1': 25, 'F2als_v6_US East_2': 25, 'F2als_v6_US East_3': 25, 'F2ams_v6_US East_1': 25, 'F2ams_v6_US East_2': 25, 'F2ams_v6_US East_3': 25, 'F2as_v6_US East_1': 25, 'F2as_v6_US East_2': 25, 'F2as_v6_US East_3': 25, 'F32als_v6_US East_2': 25, 'F32ams_v6_US East_1': 25, 'F32as_v6_US East_1': 25, 'F48als_v6_US East_2': 25, 'F48ams_v6_US East_3': 25, 'F48as_v6_US East_2': 25, 'F4als_v6_US East_1': 25, 'F4als_v6_US East_3': 25, 'F4ams_v6_US East_2': 25, 'F4ams_v6_US East_3': 25, 'F4as_v6_US East_2': 25, 'F4as_v6_US East_3': 25, 'F64als_v6_US East_3': 25, 'F64ams_v6_US East_1': 25, 'F64as_v6_US East_2': 25, 'F8als_v6_US East_1': 25, 'F8als_v6_US East_3': 25, 'F8ams_v6_US East_1': 25, 'F8ams_v6_US East_3': 25, 'F8as_v6_US East_1': 25, 'F8as_v6_US East_2': 25, 'M12ds_v3_US East_2': 25, 'M12s_v3_US East_3': 25, 'M32ls_US East_1': 25, 'M32ls_US East_2': 25, 'M32ls_US East_3': 25, 'M32ts_US East_1': 25, 'M32ts_US East_2': 25, 'M32ts_US East_3': 25, 'M64s_v2_US East_3': 25, 'NV4as_v4_US East_1': 25, 'NV4as_v4_US East_2': 25, 'NV4as_v4_US East_3': 25, 'NV6ads_A10_v5_US East_1': 25, 'NV6ads_A10_v5_US East_2': 25, 'NV8as_v4_US East_1': 25, 'NV8as_v4_US East_2': 25, 'NV8as_v4_US East_3': 25}"
0.84,1319.5376750000005,2635380106,1997199.5922738614,93575,93475,"{'B16pls_v2_US East_1': 25, 'B16pls_v2_US East_2': 25, 'B16pls_v2_US East_3': 25, 'B16ps_v2_US East_3': 25, 'B2pls_v2_US East_1': 25, 'B2pls_v2_US East_2': 25, 'B2pls_v2_US East_3': 25, 'B2ps_v2_US East_1': 25, 'B2ps_v2_US East_2': 25, 'B2ps_v2_US East_3': 25, 'B4pls_v2_US East_1': 25, 'B4pls_v2_US East_2': 25, 'B4pls_v2_US East_3': 25, 'B4ps_v2_US East_1': 25, 'B4ps_v2_US East_2': 25, 'B4ps_v2_US East_3': 25, 'B8pls_v2_US East_1': 25, 'B8pls_v2_US East_2': 25, 'B8pls_v2_US East_3': 25, 'B8ps_v2_US East_1': 25, 'B8ps_v2_US East_2': 25, 'B8ps_v2_US East_3': 25, 'D16ads_v6_US East_2': 25, 'D16ads_v6_US East_3': 25, 'D16alds_v6_US East_1': 25, 'D16alds_v6_US East_3': 25, 'D16als_v6_US East_1': 25, 'D16als_v6_US East_3': 25, 'D16as_v6_US East_1': 25, 'D16as_v6_US East_2': 25, 'D16pds_v5_US East_3': 25, 'D16plds_v5_US East_2': 25, 'D16plds_v5_US East_3': 25, 'D16pls_v5_US East_1': 25, 'D16pls_v5_US East_2': 25, 'D16ps_v5_US East_2': 25, 'D2ads_v6_US East_1': 25, 'D2ads_v6_US East_2': 25, 'D2ads_v6_US East_3': 25, 'D2alds_v6_US East_1': 25, 'D2alds_v6_US East_2': 25, 'D2alds_v6_US East_3': 25, 'D2als_v6_US East_1': 25, 'D2als_v6_US East_2': 25, 'D2als_v6_US East_3': 25, 'D2as_v6_US East_1': 25, 'D2as_v6_US East_2': 25, 'D2as_v6_US East_3': 25, 'D2pds_v5_US East_1': 25, 'D2pds_v5_US East_2': 25, 'D2pds_v5_US East_3': 25, 'D2plds_v5_US East_1': 25, 'D2plds_v5_US East_2': 25, 'D2plds_v5_US East_3': 25, 'D2pls_v5_US East_1': 25, 'D2pls_v5_US East_2': 25, 'D2pls_v5_US East_3': 25, 'D2ps_v5_US East_1': 25, 'D2ps_v5_US East_2': 25, 'D2ps_v5_US East_3': 25, 'D32ads_v6_US East_1': 25, 'D32ads_v6_US East_2': 25, 'D32alds_v6_US East_2': 25, 'D32alds_v6_US East_3': 25, 'D32als_v6_US East_1': 25, 'D32als_v6_US East_3': 25, 'D32as_v6_US East_2': 25, 'D32as_v6_US East_3': 25, 'D32plds_v5_US East_1': 25, 'D32pls_v5_US East_2': 25, 'D48ads_v6_US East_2': 25, 'D48alds_v6_US East_3': 25, 'D48als_v6_US East_1': 25, 'D48als_v6_US East_2': 25, 'D4ads_v6_US East_1': 25, 'D4ads_v6_US East_2': 25, 'D4ads_v6_US East_3': 25, 'D4alds_v6_US East_1': 25, 'D4alds_v6_US East_2': 25, 'D4alds_v6_US East_3': 25, 'D4als_v6_US East_1': 25, 'D4als_v6_US East_2': 25, 'D4als_v6_US East_3': 25, 'D4as_v6_US East_1': 25, 'D4as_v6_US East_2': 25, 'D4as_v6_US East_3': 25, 'D4pds_v5_US East_1': 25, 'D4pds_v5_US East_2': 25, 'D4pds_v5_US East_3': 25, 'D4plds_v5_US East_1': 25, 'D4plds_v5_US East_2': 25, 'D4plds_v5_US East_3': 25, 'D4pls_v5_US East_1': 25, 'D4pls_v5_US East_2': 25, 'D4pls_v5_US East_3': 25, 'D4ps_v5_US East_1': 25, 'D4ps_v5_US East_2': 25, 'D4ps_v5_US East_3': 25, 'D64ads_v6_US East_3': 25, 'D64alds_v6_US East_1': 25, 'D64als_v6_US East_2': 25, 'D64as_v6_US East_3': 25, 'D8ads_v6_US East_1': 25, 'D8ads_v6_US East_2': 25, 'D8alds_v6_US East_2': 25, 'D8alds_v6_US East_3': 25, 'D8als_v6_US East_1': 25, 'D8als_v6_US East_2': 25, 'D8als_v6_US East_3': 25, 'D8as_v6_US East_1': 25, 'D8as_v6_US East_3': 25, 'D8plds_v5_US East_1': 25, 'D8plds_v5_US East_2': 25, 'D8plds_v5_US East_3': 25, 'D8pls_v5_US East_1': 25, 'D8pls_v5_US East_2': 25, 'D8pls_v5_US East_3': 25, 'D8ps_v5_US East_1': 25, 'D8ps_v5_US East_2': 25, 'D8ps_v5_US East_3': 25, 'D96ads_v6_US East_3': 25, 'D96alds_v6_US East_3': 25, 'D96als_v6_US East_3': 25, 'D96as_v6_US East_2': 25, 'DC1s_v2_US East_1': 25, 'DC2s_v2_US East_2': 25, 'E16ads_v6_US East_2': 25, 'E16ads_v6_US East_3': 25, 'E16as_v6_US East_1': 25, 'E16as_v6_US East_2': 25, 'E20ads_v6_US East_1': 25, 'E20ads_v6_US East_3': 25, 'E20as_v6_US East_1': 25, 'E20as_v6_US East_3': 25, 'E2ads_v6_US East_1': 25, 'E2ads_v6_US East_2': 25, 'E2ads_v6_US East_3': 25, 'E2as_v6_US East_1': 25, 'E2as_v6_US East_2': 25, 'E2as_v6_US East_3': 25, 'E2ps_v5_US East_1': 25, 'E2ps_v5_US East_2': 25, 'E2ps_v5_US East_3': 25, 'E32ads_v6_US East_2': 25, 'E32as_v6_US East_2': 25, 'E48ads_v6_US East_3': 25, 'E48as_v6_US East_2': 25, 'E4ads_v6_US East_1': 25, 'E4ads_v6_US East_2': 25, 'E4ads_v6_US East_3': 25, 'E4as_v6_US East_1': 25, 'E4as_v6_US East_2': 25, 'E4as_v6_US East_3': 25, 'E4ps_v5_US East_1': 25, 'E4ps_v5_US East_2': 25, 'E4ps_v5_US East_3': 25, 'E64ads_v6_US East_2': 25, 'E64as_v6_US East_3': 25, 'E8ads_v6_US East_2': 25, 'E8ads_v6_US East_3': 25, 'E8as_v6_US East_2': 25, 'E8as_v6_US East_3': 25, 'E8ps_v5_US East_1': 25, 'E96-24ads_v6_US East_3': 25, 'E96-48ads_v6_US East_2': 25, 'E96ads_v6_US East_3': 25, 'E96as_v6_US East_1': 25, 'F16als_v6_US East_2': 25, 'F16als_v6_US East_3': 25, 'F16ams_v6_US East_2': 25, 'F16ams_v6_US East_3': 25, 'F16as_v6_US East_1': 25, 'F16as_v6_US East_3': 25, 'F2als_v6_US East_1': 25, 'F2als_v6_US East_2': 25, 'F2als_v6_US East_3': 25, 'F2ams_v6_US East_1': 25, 'F2ams_v6_US East_2': 25, 'F2ams_v6_US East_3': 25, 'F2as_v6_US East_1': 25, 'F2as_v6_US East_2': 25, 'F2as_v6_US East_3': 25, 'F32als_v6_US East_2': 25, 'F32ams_v6_US East_1': 25, 'F32as_v6_US East_1': 25, 'F48als_v6_US East_2': 25, 'F48ams_v6_US East_3': 25, 'F48as_v6_US East_2': 25, 'F4als_v6_US East_1': 25, 'F4als_v6_US East_3': 25, 'F4ams_v6_US East_2': 25, 'F4ams_v6_US East_3': 25, 'F4as_v6_US East_2': 25, 'F4as_v6_US East_3': 25, 'F64als_v6_US East_3': 25, 'F64ams_v6_US East_1': 25, 'F64as_v6_US East_2': 25, 'F8als_v6_US East_1': 25, 'F8als_v6_US East_3': 25, 'F8ams_v6_US East_1': 25, 'F8ams_v6_US East_3': 25, 'F8as_v6_US East_1': 25, 'F8as_v6_US East_2': 25, 'M12ds_v3_US East_2': 25, 'M12s_v3_US East_3': 25, 'M32dms_v2_US East_1': 25, 'M32dms_v2_US East_2': 25, 'M32dms_v2_US East_3': 25, 'M32ls_US East_1': 25, 'M32ls_US East_2': 25, 'M32ls_US East_3': 25, 'M32ms_v2_US East_1': 25, 'M32ms_v2_US East_2': 25, 'M32ms_v2_US East_3': 25, 'M32ts_US East_1': 25, 'M32ts_US East_2': 25, 'M32ts_US East_3': 25, 'M64s_v2_US East_3': 25, 'NV4as_v4_US East_1': 25, 'NV4as_v4_US East_2': 25, 'NV4as_v4_US East_3': 25, 'NV6ads_A10_v5_US East_1': 25, 'NV6ads_A10_v5_US East_2': 25, 'NV8as_v4_US East_1': 25, 'NV8as_v4_US East_2': 25, 'NV8as_v4_US East_3': 25}"
0.85,1340.8335500000007,2643814756,1971769.5432814898,94175,94075,"{'B16pls_v2_US East_1': 25, 'B16pls_v2_US East_2': 25, 'B16pls_v2_US East_3': 25, 'B16ps_v2_US East_3': 25, 'B2pls_v2_US East_1': 25, 'B2pls_v2_US East_2': 25, 'B2pls_v2_US East_3': 25, 'B2ps_v2_US East_1': 25, 'B2ps_v2_US East_2': 25, 'B2ps_v2_US East_3': 25, 'B4pls_v2_US East_1': 25, 'B4pls_v2_US East_2': 25, 'B4pls_v2_US East_3': 25, 'B4ps_v2_US East_1': 25, 'B4ps_v2_US East_2': 25, 'B4ps_v2_US East_3': 25, 'B8pls_v2_US East_1': 25, 'B8pls_v2_US East_2': 25, 'B8pls_v2_US East_3': 25, 'B8ps_v2_US East_1': 25, 'B8ps_v2_US East_2': 25, 'B8ps_v2_US East_3': 25, 'D16ads_v6_US East_2': 25, 'D16ads_v6_US East_3': 25, 'D16alds_v6_US East_1': 25, 'D16alds_v6_US East_3': 25, 'D16als_v6_US East_1': 25, 'D16als_v6_US East_3': 25, 'D16as_v6_US East_1': 25, 'D16as_v6_US East_2': 25, 'D16pds_v5_US East_3': 25, 'D16plds_v5_US East_2': 25, 'D16plds_v5_US East_3': 25, 'D16pls_v5_US East_1': 25, 'D16pls_v5_US East_2': 25, 'D16ps_v5_US East_2': 25, 'D2ads_v6_US East_1': 25, 'D2ads_v6_US East_2': 25, 'D2ads_v6_US East_3': 25, 'D2alds_v6_US East_1': 25, 'D2alds_v6_US East_2': 25, 'D2alds_v6_US East_3': 25, 'D2als_v6_US East_1': 25, 'D2als_v6_US East_2': 25, 'D2als_v6_US East_3': 25, 'D2as_v6_US East_1': 25, 'D2as_v6_US East_2': 25, 'D2as_v6_US East_3': 25, 'D2pds_v5_US East_1': 25, 'D2pds_v5_US East_2': 25, 'D2pds_v5_US East_3': 25, 'D2plds_v5_US East_1': 25, 'D2plds_v5_US East_2': 25, 'D2plds_v5_US East_3': 25, 'D2pls_v5_US East_1': 25, 'D2pls_v5_US East_2': 25, 'D2pls_v5_US East_3': 25, 'D2ps_v5_US East_1': 25, 'D2ps_v5_US East_2': 25, 'D2ps_v5_US East_3': 25, 'D32ads_v6_US East_1': 25, 'D32ads_v6_US East_2': 25, 'D32alds_v6_US East_2': 25, 'D32alds_v6_US East_3': 25, 'D32als_v6_US East_1': 25, 'D32als_v6_US East_3': 25, 'D32as_v6_US East_2': 25, 'D32as_v6_US East_3': 25, 'D32plds_v5_US East_1': 25, 'D32pls_v5_US East_2': 25, 'D48ads_v6_US East_2': 25, 'D48alds_v6_US East_3': 25, 'D48als_v6_US East_1': 25, 'D48als_v6_US East_2': 25, 'D4ads_v6_US East_1': 25, 'D4ads_v6_US East_2': 25, 'D4ads_v6_US East_3': 25, 'D4alds_v6_US East_1': 25, 'D4alds_v6_US East_2': 25, 'D4alds_v6_US East_3': 25, 'D4als_v6_US East_1': 25, 'D4als_v6_US East_2': 25, 'D4als_v6_US East_3': 25, 'D4as_v6_US East_1': 25, 'D4as_v6_US East_2': 25, 'D4as_v6_US East_3': 25, 'D4pds_v5_US East_1': 25, 'D4pds_v5_US East_2': 25, 'D4pds_v5_US East_3': 25, 'D4plds_v5_US East_1': 25, 'D4plds_v5_US East_2': 25, 'D4plds_v5_US East_3': 25, 'D4pls_v5_US East_1': 25, 'D4pls_v5_US East_2': 25, 'D4pls_v5_US East_3': 25, 'D4ps_v5_US East_1': 25, 'D4ps_v5_US East_2': 25, 'D4ps_v5_US East_3': 25, 'D64ads_v6_US East_3': 25, 'D64alds_v6_US East_1': 25, 'D64als_v6_US East_2': 25, 'D64as_v6_US East_3': 25, 'D8ads_v6_US East_1': 25, 'D8ads_v6_US East_2': 25, 'D8alds_v6_US East_2': 25, 'D8alds_v6_US East_3': 25, 'D8als_v6_US East_1': 25, 'D8als_v6_US East_2': 25, 'D8als_v6_US East_3': 25, 'D8as_v6_US East_1': 25, 'D8as_v6_US East_3': 25, 'D8plds_v5_US East_1': 25, 'D8plds_v5_US East_2': 25, 'D8plds_v5_US East_3': 25, 'D8pls_v5_US East_1': 25, 'D8pls_v5_US East_2': 25, 'D8pls_v5_US East_3': 25, 'D8ps_v5_US East_1': 25, 'D8ps_v5_US East_2': 25, 'D8ps_v5_US East_3': 25, 'D96ads_v6_US East_3': 25, 'D96alds_v6_US East_3': 25, 'D96als_v6_US East_3': 25, 'D96as_v6_US East_2': 25, 'DC1s_v2_US East_1': 25, 'DC2s_v2_US East_2': 25, 'E16ads_v6_US East_2': 25, 'E16ads_v6_US East_3': 25, 'E16as_v6_US East_1': 25, 'E16as_v6_US East_2': 25, 'E20ads_v6_US East_1': 25, 'E20ads_v6_US East_3': 25, 'E20as_v6_US East_1': 25, 'E20as_v6_US East_3': 25, 'E2ads_v6_US East_1': 25, 'E2ads_v6_US East_2': 25, 'E2ads_v6_US East_3': 25, 'E2as_v6_US East_1': 25, 'E2as_v6_US East_2': 25, 'E2as_v6_US East_3': 25, 'E2ps_v5_US East_1': 25, 'E2ps_v5_US East_2': 25, 'E2ps_v5_US East_3': 25, 'E32ads_v6_US East_2': 25, 'E32as_v6_US East_2': 25, 'E48ads_v6_US East_3': 25, 'E48as_v6_US East_2': 25, 'E4ads_v6_US East_1': 25, 'E4ads_v6_US East_2': 25, 'E4ads_v6_US East_3': 25, 'E4as_v6_US East_1': 25, 'E4as_v6_US East_2': 25, 'E4as_v6_US East_3': 25, 'E4ps_v5_US East_1': 25, 'E4ps_v5_US East_2': 25, 'E4ps_v5_US East_3': 25, 'E64ads_v6_US East_2': 25, 'E64as_v6_US East_3': 25, 'E8ads_v6_US East_2': 25, 'E8ads_v6_US East_3': 25, 'E8as_v6_US East_2': 25, 'E8as_v6_US East_3': 25, 'E8ps_v5_US East_1': 25, 'E96-24ads_v6_US East_3': 25, 'E96-48ads_v6_US East_2': 25, 'E96ads_v6_US East_3': 25, 'E96as_v6_US East_1': 25, 'F16als_v6_US East_2': 25, 'F16als_v6_US East_3': 25, 'F16ams_v6_US East_2': 25, 'F16ams_v6_US East_3': 25, 'F16as_v6_US East_1': 25, 'F16as_v6_US East_3': 25, 'F2als_v6_US East_1': 25, 'F2als_v6_US East_2': 25, 'F2als_v6_US East_3': 25, 'F2ams_v6_US East_1': 25, 'F2ams_v6_US East_2': 25, 'F2ams_v6_US East_3': 25, 'F2as_v6_US East_1': 25, 'F2as_v6_US East_2': 25, 'F2as_v6_US East_3': 25, 'F32als_v6_US East_2': 25, 'F32ams_v6_US East_1': 25, 'F32as_v6_US East_1': 25, 'F48als_v6_US East_2': 25, 'F48ams_v6_US East_3': 25, 'F48as_v6_US East_2': 25, 'F4als_v6_US East_1': 25, 'F4als_v6_US East_3': 25, 'F4ams_v6_US East_2': 25, 'F4ams_v6_US East_3': 25, 'F4as_v6_US East_2': 25, 'F4as_v6_US East_3': 25, 'F64als_v6_US East_3': 25, 'F64ams_v6_US East_1': 25, 'F64as_v6_US East_2': 25, 'F8als_v6_US East_1': 25, 'F8als_v6_US East_3': 25, 'F8ams_v6_US East_1': 25, 'F8ams_v6_US East_3': 25, 'F8as_v6_US East_1': 25, 'F8as_v6_US East_2': 25, 'M12ds_v3_US East_2': 25, 'M12s_v3_US East_3': 25, 'M32dms_v2_US East_1': 25, 'M32dms_v2_US East_2': 25, 'M32dms_v2_US East_3': 25, 'M32ls_US East_1': 25, 'M32ls_US East_2': 25, 'M32ls_US East_3': 25, 'M32ms_v2_US East_1': 25, 'M32ms_v2_US East_2': 25, 'M32ms_v2_US East_3': 25, 'M32ts_US East_1': 25, 'M32ts_US East_2': 25, 'M32ts_US East_3': 25, 'M64s_v2_US East_3': 25, 'M8-4ms_US East_1': 25, 'M8-4ms_US East_2': 25, 'M8-4ms_US East_3': 25, 'NV4as_v4_US East_1': 25, 'NV4as_v4_US East_2': 25, 'NV4as_v4_US East_3': 25, 'NV6ads_A10_v5_US East_1': 25, 'NV6ads_A10_v5_US East_2': 25, 'NV8as_v4_US East_1': 25, 'NV8as_v4_US East_2': 25, 'NV8as_v4_US East_3': 25}"
0.86,1560.8910250000004,2729006130,1748364.2911586345,100375,100275,"{'B16pls_v2_US East_1': 25, 'B16pls_v2_US East_2': 25, 'B16pls_v2_US East_3': 25, 'B16ps_v2_US East_3': 25, 'B2pls_v2_US East_1': 25, 'B2pls_v2_US East_2': 25, 'B2pls_v2_US East_3': 25, 'B2ps_v2_US East_1': 25, 'B2ps_v2_US East_2': 25, 'B2ps_v2_US East_3': 25, 'B4pls_v2_US East_1': 25, 'B4pls_v2_US East_2': 25, 'B4pls_v2_US East_3': 25, 'B4ps_v2_US East_1': 25, 'B4ps_v2_US East_2': 25, 'B4ps_v2_US East_3': 25, 'B8pls_v2_US East_1': 25, 'B8pls_v2_US East_2': 25, 'B8pls_v2_US East_3': 25, 'B8ps_v2_US East_1': 25, 'B8ps_v2_US East_2': 25, 'B8ps_v2_US East_3': 25, 'D16ads_v6_US East_2': 25, 'D16ads_v6_US East_3': 25, 'D16alds_v6_US East_1': 25, 'D16alds_v6_US East_3': 25, 'D16als_v6_US East_1': 25, 'D16als_v6_US East_3': 25, 'D16as_v6_US East_1': 25, 'D16as_v6_US East_2': 25, 'D16pds_v5_US East_3': 25, 'D16plds_v5_US East_2': 25, 'D16plds_v5_US East_3': 25, 'D16pls_v5_US East_1': 25, 'D16pls_v5_US East_2': 25, 'D16ps_v5_US East_2': 25, 'D2ads_v6_US East_1': 25, 'D2ads_v6_US East_2': 25, 'D2ads_v6_US East_3': 25, 'D2alds_v6_US East_1': 25, 'D2alds_v6_US East_2': 25, 'D2alds_v6_US East_3': 25, 'D2als_v6_US East_1': 25, 'D2als_v6_US East_2': 25, 'D2als_v6_US East_3': 25, 'D2as_v6_US East_1': 25, 'D2as_v6_US East_2': 25, 'D2as_v6_US East_3': 25, 'D2pds_v5_US East_1': 25, 'D2pds_v5_US East_2': 25, 'D2pds_v5_US East_3': 25, 'D2plds_v5_US East_1': 25, 'D2plds_v5_US East_2': 25, 'D2plds_v5_US East_3': 25, 'D2pls_v5_US East_1': 25, 'D2pls_v5_US East_2': 25, 'D2pls_v5_US East_3': 25, 'D2ps_v5_US East_1': 25, 'D2ps_v5_US East_2': 25, 'D2ps_v5_US East_3': 25, 'D32ads_v6_US East_1': 25, 'D32ads_v6_US East_2': 25, 'D32alds_v6_US East_2': 25, 'D32alds_v6_US East_3': 25, 'D32als_v6_US East_1': 25, 'D32als_v6_US East_3': 25, 'D32as_v6_US East_2': 25, 'D32as_v6_US East_3': 25, 'D32plds_v5_US East_1': 25, 'D32pls_v5_US East_2': 25, 'D48ads_v6_US East_2': 25, 'D48alds_v6_US East_3': 25, 'D48als_v6_US East_1': 25, 'D48als_v6_US East_2': 25, 'D4ads_v6_US East_1': 25, 'D4ads_v6_US East_2': 25, 'D4ads_v6_US East_3': 25, 'D4alds_v6_US East_1': 25, 'D4alds_v6_US East_2': 25, 'D4alds_v6_US East_3': 25, 'D4als_v6_US East_1': 25, 'D4als_v6_US East_2': 25, 'D4als_v6_US East_3': 25, 'D4as_v6_US East_1': 25, 'D4as_v6_US East_2': 25, 'D4as_v6_US East_3': 25, 'D4pds_v5_US East_1': 25, 'D4pds_v5_US East_2': 25, 'D4pds_v5_US East_3': 25, 'D4plds_v5_US East_1': 25, 'D4plds_v5_US East_2': 25, 'D4plds_v5_US East_3': 25, 'D4pls_v5_US East_1': 25, 'D4pls_v5_US East_2': 25, 'D4pls_v5_US East_3': 25, 'D4ps_v5_US East_1': 25, 'D4ps_v5_US East_2': 25, 'D4ps_v5_US East_3': 25, 'D64ads_v6_US East_3': 25, 'D64alds_v6_US East_1': 25, 'D64als_v6_US East_2': 25, 'D64as_v6_US East_3': 25, 'D8ads_v6_US East_1': 25, 'D8ads_v6_US East_2': 25, 'D8alds_v6_US East_2': 25, 'D8alds_v6_US East_3': 25, 'D8als_v6_US East_1': 25, 'D8als_v6_US East_2': 25, 'D8als_v6_US East_3': 25, 'D8as_v6_US East_1': 25, 'D8as_v6_US East_3': 25, 'D8plds_v5_US East_1': 25, 'D8plds_v5_US East_2': 25, 'D8plds_v5_US East_3': 25, 'D8pls_v5_US East_1': 25, 'D8pls_v5_US East_2': 25, 'D8pls_v5_US East_3': 25, 'D8ps_v5_US East_1': 25, 'D8ps_v5_US East_2': 25, 'D8ps_v5_US East_3': 25, 'D96ads_v6_US East_3': 25, 'D96alds_v6_US East_3': 25, 'D96als_v6_US East_3': 25, 'D96as_v6_US East_2': 25, 'DC1s_v2_US East_1': 25, 'DC2s_v2_US East_2': 25, 'E16ads_v6_US East_2': 25, 'E16ads_v6_US East_3': 25, 'E16as_v6_US East_1': 25, 'E16as_v6_US East_2': 25, 'E20ads_v6_US East_1': 25, 'E20ads_v6_US East_3': 25, 'E20as_v6_US East_1': 25, 'E20as_v6_US East_3': 25, 'E2ads_v6_US East_1': 25, 'E2ads_v6_US East_2': 25, 'E2ads_v6_US East_3': 25, 'E2as_v6_US East_1': 25, 'E2as_v6_US East_2': 25, 'E2as_v6_US East_3': 25, 'E2ps_v5_US East_1': 25, 'E2ps_v5_US East_2': 25, 'E2ps_v5_US East_3': 25, 'E32ads_v6_US East_2': 25, 'E32as_v6_US East_2': 25, 'E48ads_v6_US East_3': 25, 'E48as_v6_US East_2': 25, 'E4ads_v6_US East_1': 25, 'E4ads_v6_US East_2': 25, 'E4ads_v6_US East_3': 25, 'E4as_v6_US East_1': 25, 'E4as_v6_US East_2': 25, 'E4as_v6_US East_3': 25, 'E4ps_v5_US East_1': 25, 'E4ps_v5_US East_2': 25, 'E4ps_v5_US East_3': 25, 'E64ads_v6_US East_2': 25, 'E64as_v6_US East_3': 25, 'E8ads_v6_US East_2': 25, 'E8ads_v6_US East_3': 25, 'E8as_v6_US East_2': 25, 'E8as_v6_US East_3': 25, 'E8ps_v5_US East_1': 25, 'E96-24ads_v6_US East_3': 25, 'E96-48ads_v6_US East_2': 25, 'E96ads_v6_US East_3': 25, 'E96as_v6_US East_1': 25, 'F16als_v6_US East_2': 25, 'F16als_v6_US East_3': 25, 'F16ams_v6_US East_2': 25, 'F16ams_v6_US East_3': 25, 'F16as_v6_US East_1': 25, 'F16as_v6_US East_3': 25, 'F2als_v6_US East_1': 25, 'F2als_v6_US East_2': 25, 'F2als_v6_US East_3': 25, 'F2ams_v6_US East_1': 25, 'F2ams_v6_US East_2': 25, 'F2ams_v6_US East_3': 25, 'F2as_v6_US East_1': 25, 'F2as_v6_US East_2': 25, 'F2as_v6_US East_3': 25, 'F32als_v6_US East_2': 25, 'F32ams_v6_US East_1': 25, 'F32as_v6_US East_1': 25, 'F48als_v6_US East_2': 25, 'F48ams_v6_US East_3': 25, 'F48as_v6_US East_2': 25, 'F4als_v6_US East_1': 25, 'F4als_v6_US East_3': 25, 'F4ams_v6_US East_2': 25, 'F4ams_v6_US East_3': 25, 'F4as_v6_US East_2': 25, 'F4as_v6_US East_3': 25, 'F64als_v6_US East_3': 25, 'F64ams_v6_US East_1': 25, 'F64as_v6_US East_2': 25, 'F8als_v6_US East_1': 25, 'F8als_v6_US East_3': 25, 'F8ams_v6_US East_1': 25, 'F8ams_v6_US East_3': 25, 'F8as_v6_US East_1': 25, 'F8as_v6_US East_2': 25, 'M12ds_v3_US East_2': 25, 'M12s_v3_US East_3': 25, 'M16-8ms_US East_1': 25, 'M16-8ms_US East_2': 25, 'M16-8ms_US East_3': 25, 'M16ms_US East_1': 25, 'M16ms_US East_2': 25, 'M16ms_US East_3': 25, 'M32-8ms_US East_1': 25, 'M32-8ms_US East_2': 25, 'M32dms_v2_US East_1': 25, 'M32dms_v2_US East_2': 25, 'M32dms_v2_US East_3': 25, 'M32ls_US East_1': 25, 'M32ls_US East_2': 25, 'M32ls_US East_3': 25, 'M32ms_US East_1': 25, 'M32ms_US East_2': 25, 'M32ms_v2_US East_1': 25, 'M32ms_v2_US East_2': 25, 'M32ms_v2_US East_3': 25, 'M32ts_US East_1': 25, 'M32ts_US East_2': 25, 'M32ts_US East_3': 25, 'M64s_v2_US East_3': 25, 'M8-4ms_US East_1': 25, 'M8-4ms_US East_2': 25, 'M8-4ms_US East_3': 25, 'M8ms_US East_1': 25, 'M8ms_US East_2': 25, 'M8ms_US East_3': 25, 'NV4as_v4_US East_1': 25, 'NV4as_v4_US East_2': 25, 'NV4as_v4_US East_3': 25, 'NV6ads_A10_v5_US East_1': 25, 'NV6ads_A10_v5_US East_2': 25, 'NV8as_v4_US East_1': 25, 'NV8as_v4_US East_2': 25, 'NV8as_v4_US East_3': 25}"
0.87,1560.8910250000004,2729006130,1748364.2911586345,100375,100275,"{'B16pls_v2_US East_1': 25, 'B16pls_v2_US East_2': 25, 'B16pls_v2_US East_3': 25, 'B16ps_v2_US East_3': 25, 'B2pls_v2_US East_1': 25, 'B2pls_v2_US East_2': 25, 'B2pls_v2_US East_3': 25, 'B2ps_v2_US East_1': 25, 'B2ps_v2_US East_2': 25, 'B2ps_v2_US East_3': 25, 'B4pls_v2_US East_1': 25, 'B4pls_v2_US East_2': 25, 'B4pls_v2_US East_3': 25, 'B4ps_v2_US East_1': 25, 'B4ps_v2_US East_2': 25, 'B4ps_v2_US East_3': 25, 'B8pls_v2_US East_1': 25, 'B8pls_v2_US East_2': 25, 'B8pls_v2_US East_3': 25, 'B8ps_v2_US East_1': 25, 'B8ps_v2_US East_2': 25, 'B8ps_v2_US East_3': 25, 'D16ads_v6_US East_2': 25, 'D16ads_v6_US East_3': 25, 'D16alds_v6_US East_1': 25, 'D16alds_v6_US East_3': 25, 'D16als_v6_US East_1': 25, 'D16als_v6_US East_3': 25, 'D16as_v6_US East_1': 25, 'D16as_v6_US East_2': 25, 'D16pds_v5_US East_3': 25, 'D16plds_v5_US East_2': 25, 'D16plds_v5_US East_3': 25, 'D16pls_v5_US East_1': 25, 'D16pls_v5_US East_2': 25, 'D16ps_v5_US East_2': 25, 'D2ads_v6_US East_1': 25, 'D2ads_v6_US East_2': 25, 'D2ads_v6_US East_3': 25, 'D2alds_v6_US East_1': 25, 'D2alds_v6_US East_2': 25, 'D2alds_v6_US East_3': 25, 'D2als_v6_US East_1': 25, 'D2als_v6_US East_2': 25, 'D2als_v6_US East_3': 25, 'D2as_v6_US East_1': 25, 'D2as_v6_US East_2': 25, 'D2as_v6_US East_3': 25, 'D2pds_v5_US East_1': 25, 'D2pds_v5_US East_2': 25, 'D2pds_v5_US East_3': 25, 'D2plds_v5_US East_1': 25, 'D2plds_v5_US East_2': 25, 'D2plds_v5_US East_3': 25, 'D2pls_v5_US East_1': 25, 'D2pls_v5_US East_2': 25, 'D2pls_v5_US East_3': 25, 'D2ps_v5_US East_1': 25, 'D2ps_v5_US East_2': 25, 'D2ps_v5_US East_3': 25, 'D32ads_v6_US East_1': 25, 'D32ads_v6_US East_2': 25, 'D32alds_v6_US East_2': 25, 'D32alds_v6_US East_3': 25, 'D32als_v6_US East_1': 25, 'D32als_v6_US East_3': 25, 'D32as_v6_US East_2': 25, 'D32as_v6_US East_3': 25, 'D32plds_v5_US East_1': 25, 'D32pls_v5_US East_2': 25, 'D48ads_v6_US East_2': 25, 'D48alds_v6_US East_3': 25, 'D48als_v6_US East_1': 25, 'D48als_v6_US East_2': 25, 'D4ads_v6_US East_1': 25, 'D4ads_v6_US East_2': 25, 'D4ads_v6_US East_3': 25, 'D4alds_v6_US East_1': 25, 'D4alds_v6_US East_2': 25, 'D4alds_v6_US East_3': 25, 'D4als_v6_US East_1': 25, 'D4als_v6_US East_2': 25, 'D4als_v6_US East_3': 25, 'D4as_v6_US East_1': 25, 'D4as_v6_US East_2': 25, 'D4as_v6_US East_3': 25, 'D4pds_v5_US East_1': 25, 'D4pds_v5_US East_2': 25, 'D4pds_v5_US East_3': 25, 'D4plds_v5_US East_1': 25, 'D4plds_v5_US East_2': 25, 'D4plds_v5_US East_3': 25, 'D4pls_v5_US East_1': 25, 'D4pls_v5_US East_2': 25, 'D4pls_v5_US East_3': 25, 'D4ps_v5_US East_1': 25, 'D4ps_v5_US East_2': 25, 'D4ps_v5_US East_3': 25, 'D64ads_v6_US East_3': 25, 'D64alds_v6_US East_1': 25, 'D64als_v6_US East_2': 25, 'D64as_v6_US East_3': 25, 'D8ads_v6_US East_1': 25, 'D8ads_v6_US East_2': 25, 'D8alds_v6_US East_2': 25, 'D8alds_v6_US East_3': 25, 'D8als_v6_US East_1': 25, 'D8als_v6_US East_2': 25, 'D8als_v6_US East_3': 25, 'D8as_v6_US East_1': 25, 'D8as_v6_US East_3': 25, 'D8plds_v5_US East_1': 25, 'D8plds_v5_US East_2': 25, 'D8plds_v5_US East_3': 25, 'D8pls_v5_US East_1': 25, 'D8pls_v5_US East_2': 25, 'D8pls_v5_US East_3': 25, 'D8ps_v5_US East_1': 25, 'D8ps_v5_US East_2': 25, 'D8ps_v5_US East_3': 25, 'D96ads_v6_US East_3': 25, 'D96alds_v6_US East_3': 25, 'D96als_v6_US East_3': 25, 'D96as_v6_US East_2': 25, 'DC1s_v2_US East_1': 25, 'DC2s_v2_US East_2': 25, 'E16ads_v6_US East_2': 25, 'E16ads_v6_US East_3': 25, 'E16as_v6_US East_1': 25, 'E16as_v6_US East_2': 25, 'E20ads_v6_US East_1': 25, 'E20ads_v6_US East_3': 25, 'E20as_v6_US East_1': 25, 'E20as_v6_US East_3': 25, 'E2ads_v6_US East_1': 25, 'E2ads_v6_US East_2': 25, 'E2ads_v6_US East_3': 25, 'E2as_v6_US East_1': 25, 'E2as_v6_US East_2': 25, 'E2as_v6_US East_3': 25, 'E2ps_v5_US East_1': 25, 'E2ps_v5_US East_2': 25, 'E2ps_v5_US East_3': 25, 'E32ads_v6_US East_2': 25, 'E32as_v6_US East_2': 25, 'E48ads_v6_US East_3': 25, 'E48as_v6_US East_2': 25, 'E4ads_v6_US East_1': 25, 'E4ads_v6_US East_2': 25, 'E4ads_v6_US East_3': 25, 'E4as_v6_US East_1': 25, 'E4as_v6_US East_2': 25, 'E4as_v6_US East_3': 25, 'E4ps_v5_US East_1': 25, 'E4ps_v5_US East_2': 25, 'E4ps_v5_US East_3': 25, 'E64ads_v6_US East_2': 25, 'E64as_v6_US East_3': 25, 'E8ads_v6_US East_2': 25, 'E8ads_v6_US East_3': 25, 'E8as_v6_US East_2': 25, 'E8as_v6_US East_3': 25, 'E8ps_v5_US East_1': 25, 'E96-24ads_v6_US East_3': 25, 'E96-48ads_v6_US East_2': 25, 'E96ads_v6_US East_3': 25, 'E96as_v6_US East_1': 25, 'F16als_v6_US East_2': 25, 'F16als_v6_US East_3': 25, 'F16ams_v6_US East_2': 25, 'F16ams_v6_US East_3': 25, 'F16as_v6_US East_1': 25, 'F16as_v6_US East_3': 25, 'F2als_v6_US East_1': 25, 'F2als_v6_US East_2': 25, 'F2als_v6_US East_3': 25, 'F2ams_v6_US East_1': 25, 'F2ams_v6_US East_2': 25, 'F2ams_v6_US East_3': 25, 'F2as_v6_US East_1': 25, 'F2as_v6_US East_2': 25, 'F2as_v6_US East_3': 25, 'F32als_v6_US East_2': 25, 'F32ams_v6_US East_1': 25, 'F32as_v6_US East_1': 25, 'F48als_v6_US East_2': 25, 'F48ams_v6_US East_3': 25, 'F48as_v6_US East_2': 25, 'F4als_v6_US East_1': 25, 'F4als_v6_US East_3': 25, 'F4ams_v6_US East_2': 25, 'F4ams_v6_US East_3': 25, 'F4as_v6_US East_2': 25, 'F4as_v6_US East_3': 25, 'F64als_v6_US East_3': 25, 'F64ams_v6_US East_1': 25, 'F64as_v6_US East_2': 25, 'F8als_v6_US East_1': 25, 'F8als_v6_US East_3': 25, 'F8ams_v6_US East_1': 25, 'F8ams_v6_US East_3': 25, 'F8as_v6_US East_1': 25, 'F8as_v6_US East_2': 25, 'M12ds_v3_US East_2': 25, 'M12s_v3_US East_3': 25, 'M16-8ms_US East_1': 25, 'M16-8ms_US East_2': 25, 'M16-8ms_US East_3': 25, 'M16ms_US East_1': 25, 'M16ms_US East_2': 25, 'M16ms_US East_3': 25, 'M32-8ms_US East_1': 25, 'M32-8ms_US East_2': 25, 'M32dms_v2_US East_1': 25, 'M32dms_v2_US East_2': 25, 'M32dms_v2_US East_3': 25, 'M32ls_US East_1': 25, 'M32ls_US East_2': 25, 'M32ls_US East_3': 25, 'M32ms_US East_1': 25, 'M32ms_US East_2': 25, 'M32ms_v2_US East_1': 25, 'M32ms_v2_US East_2': 25, 'M32ms_v2_US East_3': 25, 'M32ts_US East_1': 25, 'M32ts_US East_2': 25, 'M32ts_US East_3': 25, 'M64s_v2_US East_3': 25, 'M8-4ms_US East_1': 25, 'M8-4ms_US East_2': 25, 'M8-4ms_US East_3': 25, 'M8ms_US East_1': 25, 'M8ms_US East_2': 25, 'M8ms_US East_3': 25, 'NV4as_v4_US East_1': 25, 'NV4as_v4_US East_2': 25, 'NV4as_v4_US East_3': 25, 'NV6ads_A10_v5_US East_1': 25, 'NV6ads_A10_v5_US East_2': 25, 'NV8as_v4_US East_1': 25, 'NV8as_v4_US East_2': 25, 'NV8as_v4_US East_3': 25}"
0.88,1560.8910250000004,2729006130,1748364.2911586345,100375,100275,"{'B16pls_v2_US East_1': 25, 'B16pls_v2_US East_2': 25, 'B16pls_v2_US East_3': 25, 'B16ps_v2_US East_3': 25, 'B2pls_v2_US East_1': 25, 'B2pls_v2_US East_2': 25, 'B2pls_v2_US East_3': 25, 'B2ps_v2_US East_1': 25, 'B2ps_v2_US East_2': 25, 'B2ps_v2_US East_3': 25, 'B4pls_v2_US East_1': 25, 'B4pls_v2_US East_2': 25, 'B4pls_v2_US East_3': 25, 'B4ps_v2_US East_1': 25, 'B4ps_v2_US East_2': 25, 'B4ps_v2_US East_3': 25, 'B8pls_v2_US East_1': 25, 'B8pls_v2_US East_2': 25, 'B8pls_v2_US East_3': 25, 'B8ps_v2_US East_1': 25, 'B8ps_v2_US East_2': 25, 'B8ps_v2_US East_3': 25, 'D16ads_v6_US East_2': 25, 'D16ads_v6_US East_3': 25, 'D16alds_v6_US East_1': 25, 'D16alds_v6_US East_3': 25, 'D16als_v6_US East_1': 25, 'D16als_v6_US East_3': 25, 'D16as_v6_US East_1': 25, 'D16as_v6_US East_2': 25, 'D16pds_v5_US East_3': 25, 'D16plds_v5_US East_2': 25, 'D16plds_v5_US East_3': 25, 'D16pls_v5_US East_1': 25, 'D16pls_v5_US East_2': 25, 'D16ps_v5_US East_2': 25, 'D2ads_v6_US East_1': 25, 'D2ads_v6_US East_2': 25, 'D2ads_v6_US East_3': 25, 'D2alds_v6_US East_1': 25, 'D2alds_v6_US East_2': 25, 'D2alds_v6_US East_3': 25, 'D2als_v6_US East_1': 25, 'D2als_v6_US East_2': 25, 'D2als_v6_US East_3': 25, 'D2as_v6_US East_1': 25, 'D2as_v6_US East_2': 25, 'D2as_v6_US East_3': 25, 'D2pds_v5_US East_1': 25, 'D2pds_v5_US East_2': 25, 'D2pds_v5_US East_3': 25, 'D2plds_v5_US East_1': 25, 'D2plds_v5_US East_2': 25, 'D2plds_v5_US East_3': 25, 'D2pls_v5_US East_1': 25, 'D2pls_v5_US East_2': 25, 'D2pls_v5_US East_3': 25, 'D2ps_v5_US East_1': 25, 'D2ps_v5_US East_2': 25, 'D2ps_v5_US East_3': 25, 'D32ads_v6_US East_1': 25, 'D32ads_v6_US East_2': 25, 'D32alds_v6_US East_2': 25, 'D32alds_v6_US East_3': 25, 'D32als_v6_US East_1': 25, 'D32als_v6_US East_3': 25, 'D32as_v6_US East_2': 25, 'D32as_v6_US East_3': 25, 'D32plds_v5_US East_1': 25, 'D32pls_v5_US East_2': 25, 'D48ads_v6_US East_2': 25, 'D48alds_v6_US East_3': 25, 'D48als_v6_US East_1': 25, 'D48als_v6_US East_2': 25, 'D4ads_v6_US East_1': 25, 'D4ads_v6_US East_2': 25, 'D4ads_v6_US East_3': 25, 'D4alds_v6_US East_1': 25, 'D4alds_v6_US East_2': 25, 'D4alds_v6_US East_3': 25, 'D4als_v6_US East_1': 25, 'D4als_v6_US East_2': 25, 'D4als_v6_US East_3': 25, 'D4as_v6_US East_1': 25, 'D4as_v6_US East_2': 25, 'D4as_v6_US East_3': 25, 'D4pds_v5_US East_1': 25, 'D4pds_v5_US East_2': 25, 'D4pds_v5_US East_3': 25, 'D4plds_v5_US East_1': 25, 'D4plds_v5_US East_2': 25, 'D4plds_v5_US East_3': 25, 'D4pls_v5_US East_1': 25, 'D4pls_v5_US East_2': 25, 'D4pls_v5_US East_3': 25, 'D4ps_v5_US East_1': 25, 'D4ps_v5_US East_2': 25, 'D4ps_v5_US East_3': 25, 'D64ads_v6_US East_3': 25, 'D64alds_v6_US East_1': 25, 'D64als_v6_US East_2': 25, 'D64as_v6_US East_3': 25, 'D8ads_v6_US East_1': 25, 'D8ads_v6_US East_2': 25, 'D8alds_v6_US East_2': 25, 'D8alds_v6_US East_3': 25, 'D8als_v6_US East_1': 25, 'D8als_v6_US East_2': 25, 'D8als_v6_US East_3': 25, 'D8as_v6_US East_1': 25, 'D8as_v6_US East_3': 25, 'D8plds_v5_US East_1': 25, 'D8plds_v5_US East_2': 25, 'D8plds_v5_US East_3': 25, 'D8pls_v5_US East_1': 25, 'D8pls_v5_US East_2': 25, 'D8pls_v5_US East_3': 25, 'D8ps_v5_US East_1': 25, 'D8ps_v5_US East_2': 25, 'D8ps_v5_US East_3': 25, 'D96ads_v6_US East_3': 25, 'D96alds_v6_US East_3': 25, 'D96als_v6_US East_3': 25, 'D96as_v6_US East_2': 25, 'DC1s_v2_US East_1': 25, 'DC2s_v2_US East_2': 25, 'E16ads_v6_US East_2': 25, 'E16ads_v6_US East_3': 25, 'E16as_v6_US East_1': 25, 'E16as_v6_US East_2': 25, 'E20ads_v6_US East_1': 25, 'E20ads_v6_US East_3': 25, 'E20as_v6_US East_1': 25, 'E20as_v6_US East_3': 25, 'E2ads_v6_US East_1': 25, 'E2ads_v6_US East_2': 25, 'E2ads_v6_US East_3': 25, 'E2as_v6_US East_1': 25, 'E2as_v6_US East_2': 25, 'E2as_v6_US East_3': 25, 'E2ps_v5_US East_1': 25, 'E2ps_v5_US East_2': 25, 'E2ps_v5_US East_3': 25, 'E32ads_v6_US East_2': 25, 'E32as_v6_US East_2': 25, 'E48ads_v6_US East_3': 25, 'E48as_v6_US East_2': 25, 'E4ads_v6_US East_1': 25, 'E4ads_v6_US East_2': 25, 'E4ads_v6_US East_3': 25, 'E4as_v6_US East_1': 25, 'E4as_v6_US East_2': 25, 'E4as_v6_US East_3': 25, 'E4ps_v5_US East_1': 25, 'E4ps_v5_US East_2': 25, 'E4ps_v5_US East_3': 25, 'E64ads_v6_US East_2': 25, 'E64as_v6_US East_3': 25, 'E8ads_v6_US East_2': 25, 'E8ads_v6_US East_3': 25, 'E8as_v6_US East_2': 25, 'E8as_v6_US East_3': 25, 'E8ps_v5_US East_1': 25, 'E96-24ads_v6_US East_3': 25, 'E96-48ads_v6_US East_2': 25, 'E96ads_v6_US East_3': 25, 'E96as_v6_US East_1': 25, 'F16als_v6_US East_2': 25, 'F16als_v6_US East_3': 25, 'F16ams_v6_US East_2': 25, 'F16ams_v6_US East_3': 25, 'F16as_v6_US East_1': 25, 'F16as_v6_US East_3': 25, 'F2als_v6_US East_1': 25, 'F2als_v6_US East_2': 25, 'F2als_v6_US East_3': 25, 'F2ams_v6_US East_1': 25, 'F2ams_v6_US East_2': 25, 'F2ams_v6_US East_3': 25, 'F2as_v6_US East_1': 25, 'F2as_v6_US East_2': 25, 'F2as_v6_US East_3': 25, 'F32als_v6_US East_2': 25, 'F32ams_v6_US East_1': 25, 'F32as_v6_US East_1': 25, 'F48als_v6_US East_2': 25, 'F48ams_v6_US East_3': 25, 'F48as_v6_US East_2': 25, 'F4als_v6_US East_1': 25, 'F4als_v6_US East_3': 25, 'F4ams_v6_US East_2': 25, 'F4ams_v6_US East_3': 25, 'F4as_v6_US East_2': 25, 'F4as_v6_US East_3': 25, 'F64als_v6_US East_3': 25, 'F64ams_v6_US East_1': 25, 'F64as_v6_US East_2': 25, 'F8als_v6_US East_1': 25, 'F8als_v6_US East_3': 25, 'F8ams_v6_US East_1': 25, 'F8ams_v6_US East_3': 25, 'F8as_v6_US East_1': 25, 'F8as_v6_US East_2': 25, 'M12ds_v3_US East_2': 25, 'M12s_v3_US East_3': 25, 'M16-8ms_US East_1': 25, 'M16-8ms_US East_2': 25, 'M16-8ms_US East_3': 25, 'M16ms_US East_1': 25, 'M16ms_US East_2': 25, 'M16ms_US East_3': 25, 'M32-8ms_US East_1': 25, 'M32-8ms_US East_2': 25, 'M32dms_v2_US East_1': 25, 'M32dms_v2_US East_2': 25, 'M32dms_v2_US East_3': 25, 'M32ls_US East_1': 25, 'M32ls_US East_2': 25, 'M32ls_US East_3': 25, 'M32ms_US East_1': 25, 'M32ms_US East_2': 25, 'M32ms_v2_US East_1': 25, 'M32ms_v2_US East_2': 25, 'M32ms_v2_US East_3': 25, 'M32ts_US East_1': 25, 'M32ts_US East_2': 25, 'M32ts_US East_3': 25, 'M64s_v2_US East_3': 25, 'M8-4ms_US East_1': 25, 'M8-4ms_US East_2': 25, 'M8-4ms_US East_3': 25, 'M8ms_US East_1': 25, 'M8ms_US East_2': 25, 'M8ms_US East_3': 25, 'NV4as_v4_US East_1': 25, 'NV4as_v4_US East_2': 25, 'NV4as_v4_US East_3': 25, 'NV6ads_A10_v5_US East_1': 25, 'NV6ads_A10_v5_US East_2': 25, 'NV8as_v4_US East_1': 25, 'NV8as_v4_US East_2': 25, 'NV8as_v4_US East_3': 25}"
0.89,1560.8910250000004,2729006130,1748364.2911586345,100375,100275,"{'B16pls_v2_US East_1': 25, 'B16pls_v2_US East_2': 25, 'B16pls_v2_US East_3': 25, 'B16ps_v2_US East_3': 25, 'B2pls_v2_US East_1': 25, 'B2pls_v2_US East_2': 25, 'B2pls_v2_US East_3': 25, 'B2ps_v2_US East_1': 25, 'B2ps_v2_US East_2': 25, 'B2ps_v2_US East_3': 25, 'B4pls_v2_US East_1': 25, 'B4pls_v2_US East_2': 25, 'B4pls_v2_US East_3': 25, 'B4ps_v2_US East_1': 25, 'B4ps_v2_US East_2': 25, 'B4ps_v2_US East_3': 25, 'B8pls_v2_US East_1': 25, 'B8pls_v2_US East_2': 25, 'B8pls_v2_US East_3': 25, 'B8ps_v2_US East_1': 25, 'B8ps_v2_US East_2': 25, 'B8ps_v2_US East_3': 25, 'D16ads_v6_US East_2': 25, 'D16ads_v6_US East_3': 25, 'D16alds_v6_US East_1': 25, 'D16alds_v6_US East_3': 25, 'D16als_v6_US East_1': 25, 'D16als_v6_US East_3': 25, 'D16as_v6_US East_1': 25, 'D16as_v6_US East_2': 25, 'D16pds_v5_US East_3': 25, 'D16plds_v5_US East_2': 25, 'D16plds_v5_US East_3': 25, 'D16pls_v5_US East_1': 25, 'D16pls_v5_US East_2': 25, 'D16ps_v5_US East_2': 25, 'D2ads_v6_US East_1': 25, 'D2ads_v6_US East_2': 25, 'D2ads_v6_US East_3': 25, 'D2alds_v6_US East_1': 25, 'D2alds_v6_US East_2': 25, 'D2alds_v6_US East_3': 25, 'D2als_v6_US East_1': 25, 'D2als_v6_US East_2': 25, 'D2als_v6_US East_3': 25, 'D2as_v6_US East_1': 25, 'D2as_v6_US East_2': 25, 'D2as_v6_US East_3': 25, 'D2pds_v5_US East_1': 25, 'D2pds_v5_US East_2': 25, 'D2pds_v5_US East_3': 25, 'D2plds_v5_US East_1': 25, 'D2plds_v5_US East_2': 25, 'D2plds_v5_US East_3': 25, 'D2pls_v5_US East_1': 25, 'D2pls_v5_US East_2': 25, 'D2pls_v5_US East_3': 25, 'D2ps_v5_US East_1': 25, 'D2ps_v5_US East_2': 25, 'D2ps_v5_US East_3': 25, 'D32ads_v6_US East_1': 25, 'D32ads_v6_US East_2': 25, 'D32alds_v6_US East_2': 25, 'D32alds_v6_US East_3': 25, 'D32als_v6_US East_1': 25, 'D32als_v6_US East_3': 25, 'D32as_v6_US East_2': 25, 'D32as_v6_US East_3': 25, 'D32plds_v5_US East_1': 25, 'D32pls_v5_US East_2': 25, 'D48ads_v6_US East_2': 25, 'D48alds_v6_US East_3': 25, 'D48als_v6_US East_1': 25, 'D48als_v6_US East_2': 25, 'D4ads_v6_US East_1': 25, 'D4ads_v6_US East_2': 25, 'D4ads_v6_US East_3': 25, 'D4alds_v6_US East_1': 25, 'D4alds_v6_US East_2': 25, 'D4alds_v6_US East_3': 25, 'D4als_v6_US East_1': 25, 'D4als_v6_US East_2': 25, 'D4als_v6_US East_3': 25, 'D4as_v6_US East_1': 25, 'D4as_v6_US East_2': 25, 'D4as_v6_US East_3': 25, 'D4pds_v5_US East_1': 25, 'D4pds_v5_US East_2': 25, 'D4pds_v5_US East_3': 25, 'D4plds_v5_US East_1': 25, 'D4plds_v5_US East_2': 25, 'D4plds_v5_US East_3': 25, 'D4pls_v5_US East_1': 25, 'D4pls_v5_US East_2': 25, 'D4pls_v5_US East_3': 25, 'D4ps_v5_US East_1': 25, 'D4ps_v5_US East_2': 25, 'D4ps_v5_US East_3': 25, 'D64ads_v6_US East_3': 25, 'D64alds_v6_US East_1': 25, 'D64als_v6_US East_2': 25, 'D64as_v6_US East_3': 25, 'D8ads_v6_US East_1': 25, 'D8ads_v6_US East_2': 25, 'D8alds_v6_US East_2': 25, 'D8alds_v6_US East_3': 25, 'D8als_v6_US East_1': 25, 'D8als_v6_US East_2': 25, 'D8als_v6_US East_3': 25, 'D8as_v6_US East_1': 25, 'D8as_v6_US East_3': 25, 'D8plds_v5_US East_1': 25, 'D8plds_v5_US East_2': 25, 'D8plds_v5_US East_3': 25, 'D8pls_v5_US East_1': 25, 'D8pls_v5_US East_2': 25, 'D8pls_v5_US East_3': 25, 'D8ps_v5_US East_1': 25, 'D8ps_v5_US East_2': 25, 'D8ps_v5_US East_3': 25, 'D96ads_v6_US East_3': 25, 'D96alds_v6_US East_3': 25, 'D96als_v6_US East_3': 25, 'D96as_v6_US East_2': 25, 'DC1s_v2_US East_1': 25, 'DC2s_v2_US East_2': 25, 'E16ads_v6_US East_2': 25, 'E16ads_v6_US East_3': 25, 'E16as_v6_US East_1': 25, 'E16as_v6_US East_2': 25, 'E20ads_v6_US East_1': 25, 'E20ads_v6_US East_3': 25, 'E20as_v6_US East_1': 25, 'E20as_v6_US East_3': 25, 'E2ads_v6_US East_1': 25, 'E2ads_v6_US East_2': 25, 'E2ads_v6_US East_3': 25, 'E2as_v6_US East_1': 25, 'E2as_v6_US East_2': 25, 'E2as_v6_US East_3': 25, 'E2ps_v5_US East_1': 25, 'E2ps_v5_US East_2': 25, 'E2ps_v5_US East_3': 25, 'E32ads_v6_US East_2': 25, 'E32as_v6_US East_2': 25, 'E48ads_v6_US East_3': 25, 'E48as_v6_US East_2': 25, 'E4ads_v6_US East_1': 25, 'E4ads_v6_US East_2': 25, 'E4ads_v6_US East_3': 25, 'E4as_v6_US East_1': 25, 'E4as_v6_US East_2': 25, 'E4as_v6_US East_3': 25, 'E4ps_v5_US East_1': 25, 'E4ps_v5_US East_2': 25, 'E4ps_v5_US East_3': 25, 'E64ads_v6_US East_2': 25, 'E64as_v6_US East_3': 25, 'E8ads_v6_US East_2': 25, 'E8ads_v6_US East_3': 25, 'E8as_v6_US East_2': 25, 'E8as_v6_US East_3': 25, 'E8ps_v5_US East_1': 25, 'E96-24ads_v6_US East_3': 25, 'E96-48ads_v6_US East_2': 25, 'E96ads_v6_US East_3': 25, 'E96as_v6_US East_1': 25, 'F16als_v6_US East_2': 25, 'F16als_v6_US East_3': 25, 'F16ams_v6_US East_2': 25, 'F16ams_v6_US East_3': 25, 'F16as_v6_US East_1': 25, 'F16as_v6_US East_3': 25, 'F2als_v6_US East_1': 25, 'F2als_v6_US East_2': 25, 'F2als_v6_US East_3': 25, 'F2ams_v6_US East_1': 25, 'F2ams_v6_US East_2': 25, 'F2ams_v6_US East_3': 25, 'F2as_v6_US East_1': 25, 'F2as_v6_US East_2': 25, 'F2as_v6_US East_3': 25, 'F32als_v6_US East_2': 25, 'F32ams_v6_US East_1': 25, 'F32as_v6_US East_1': 25, 'F48als_v6_US East_2': 25, 'F48ams_v6_US East_3': 25, 'F48as_v6_US East_2': 25, 'F4als_v6_US East_1': 25, 'F4als_v6_US East_3': 25, 'F4ams_v6_US East_2': 25, 'F4ams_v6_US East_3': 25, 'F4as_v6_US East_2': 25, 'F4as_v6_US East_3': 25, 'F64als_v6_US East_3': 25, 'F64ams_v6_US East_1': 25, 'F64as_v6_US East_2': 25, 'F8als_v6_US East_1': 25, 'F8als_v6_US East_3': 25, 'F8ams_v6_US East_1': 25, 'F8ams_v6_US East_3': 25, 'F8as_v6_US East_1': 25, 'F8as_v6_US East_2': 25, 'M12ds_v3_US East_2': 25, 'M12s_v3_US East_3': 25, 'M16-8ms_US East_1': 25, 'M16-8ms_US East_2': 25, 'M16-8ms_US East_3': 25, 'M16ms_US East_1': 25, 'M16ms_US East_2': 25, 'M16ms_US East_3': 25, 'M32-8ms_US East_1': 25, 'M32-8ms_US East_2': 25, 'M32dms_v2_US East_1': 25, 'M32dms_v2_US East_2': 25, 'M32dms_v2_US East_3': 25, 'M32ls_US East_1': 25, 'M32ls_US East_2': 25, 'M32ls_US East_3': 25, 'M32ms_US East_1': 25, 'M32ms_US East_2': 25, 'M32ms_v2_US East_1': 25, 'M32ms_v2_US East_2': 25, 'M32ms_v2_US East_3': 25, 'M32ts_US East_1': 25, 'M32ts_US East_2': 25, 'M32ts_US East_3': 25, 'M64s_v2_US East_3': 25, 'M8-4ms_US East_1': 25, 'M8-4ms_US East_2': 25, 'M8-4ms_US East_3': 25, 'M8ms_US East_1': 25, 'M8ms_US East_2': 25, 'M8ms_US East_3': 25, 'NV4as_v4_US East_1': 25, 'NV4as_v4_US East_2': 25, 'NV4as_v4_US East_3': 25, 'NV6ads_A10_v5_US East_1': 25, 'NV6ads_A10_v5_US East_2': 25, 'NV8as_v4_US East_1': 25, 'NV8as_v4_US East_2': 25, 'NV8as_v4_US East_3': 25}"
0.9,1560.8910250000004,2729006130,1748364.2911586345,100375,100275,"{'B16pls_v2_US East_1': 25, 'B16pls_v2_US East_2': 25, 'B16pls_v2_US East_3': 25, 'B16ps_v2_US East_3': 25, 'B2pls_v2_US East_1': 25, 'B2pls_v2_US East_2': 25, 'B2pls_v2_US East_3': 25, 'B2ps_v2_US East_1': 25, 'B2ps_v2_US East_2': 25, 'B2ps_v2_US East_3': 25, 'B4pls_v2_US East_1': 25, 'B4pls_v2_US East_2': 25, 'B4pls_v2_US East_3': 25, 'B4ps_v2_US East_1': 25, 'B4ps_v2_US East_2': 25, 'B4ps_v2_US East_3': 25, 'B8pls_v2_US East_1': 25, 'B8pls_v2_US East_2': 25, 'B8pls_v2_US East_3': 25, 'B8ps_v2_US East_1': 25, 'B8ps_v2_US East_2': 25, 'B8ps_v2_US East_3': 25, 'D16ads_v6_US East_2': 25, 'D16ads_v6_US East_3': 25, 'D16alds_v6_US East_1': 25, 'D16alds_v6_US East_3': 25, 'D16als_v6_US East_1': 25, 'D16als_v6_US East_3': 25, 'D16as_v6_US East_1': 25, 'D16as_v6_US East_2': 25, 'D16pds_v5_US East_3': 25, 'D16plds_v5_US East_2': 25, 'D16plds_v5_US East_3': 25, 'D16pls_v5_US East_1': 25, 'D16pls_v5_US East_2': 25, 'D16ps_v5_US East_2': 25, 'D2ads_v6_US East_1': 25, 'D2ads_v6_US East_2': 25, 'D2ads_v6_US East_3': 25, 'D2alds_v6_US East_1': 25, 'D2alds_v6_US East_2': 25, 'D2alds_v6_US East_3': 25, 'D2als_v6_US East_1': 25, 'D2als_v6_US East_2': 25, 'D2als_v6_US East_3': 25, 'D2as_v6_US East_1': 25, 'D2as_v6_US East_2': 25, 'D2as_v6_US East_3': 25, 'D2pds_v5_US East_1': 25, 'D2pds_v5_US East_2': 25, 'D2pds_v5_US East_3': 25, 'D2plds_v5_US East_1': 25, 'D2plds_v5_US East_2': 25, 'D2plds_v5_US East_3': 25, 'D2pls_v5_US East_1': 25, 'D2pls_v5_US East_2': 25, 'D2pls_v5_US East_3': 25, 'D2ps_v5_US East_1': 25, 'D2ps_v5_US East_2': 25, 'D2ps_v5_US East_3': 25, 'D32ads_v6_US East_1': 25, 'D32ads_v6_US East_2': 25, 'D32alds_v6_US East_2': 25, 'D32alds_v6_US East_3': 25, 'D32als_v6_US East_1': 25, 'D32als_v6_US East_3': 25, 'D32as_v6_US East_2': 25, 'D32as_v6_US East_3': 25, 'D32plds_v5_US East_1': 25, 'D32pls_v5_US East_2': 25, 'D48ads_v6_US East_2': 25, 'D48alds_v6_US East_3': 25, 'D48als_v6_US East_1': 25, 'D48als_v6_US East_2': 25, 'D4ads_v6_US East_1': 25, 'D4ads_v6_US East_2': 25, 'D4ads_v6_US East_3': 25, 'D4alds_v6_US East_1': 25, 'D4alds_v6_US East_2': 25, 'D4alds_v6_US East_3': 25, 'D4als_v6_US East_1': 25, 'D4als_v6_US East_2': 25, 'D4als_v6_US East_3': 25, 'D4as_v6_US East_1': 25, 'D4as_v6_US East_2': 25, 'D4as_v6_US East_3': 25, 'D4pds_v5_US East_1': 25, 'D4pds_v5_US East_2': 25, 'D4pds_v5_US East_3': 25, 'D4plds_v5_US East_1': 25, 'D4plds_v5_US East_2': 25, 'D4plds_v5_US East_3': 25, 'D4pls_v5_US East_1': 25, 'D4pls_v5_US East_2': 25, 'D4pls_v5_US East_3': 25, 'D4ps_v5_US East_1': 25, 'D4ps_v5_US East_2': 25, 'D4ps_v5_US East_3': 25, 'D64ads_v6_US East_3': 25, 'D64alds_v6_US East_1': 25, 'D64als_v6_US East_2': 25, 'D64as_v6_US East_3': 25, 'D8ads_v6_US East_1': 25, 'D8ads_v6_US East_2': 25, 'D8alds_v6_US East_2': 25, 'D8alds_v6_US East_3': 25, 'D8als_v6_US East_1': 25, 'D8als_v6_US East_2': 25, 'D8als_v6_US East_3': 25, 'D8as_v6_US East_1': 25, 'D8as_v6_US East_3': 25, 'D8plds_v5_US East_1': 25, 'D8plds_v5_US East_2': 25, 'D8plds_v5_US East_3': 25, 'D8pls_v5_US East_1': 25, 'D8pls_v5_US East_2': 25, 'D8pls_v5_US East_3': 25, 'D8ps_v5_US East_1': 25, 'D8ps_v5_US East_2': 25, 'D8ps_v5_US East_3': 25, 'D96ads_v6_US East_3': 25, 'D96alds_v6_US East_3': 25, 'D96als_v6_US East_3': 25, 'D96as_v6_US East_2': 25, 'DC1s_v2_US East_1': 25, 'DC2s_v2_US East_2': 25, 'E16ads_v6_US East_2': 25, 'E16ads_v6_US East_3': 25, 'E16as_v6_US East_1': 25, 'E16as_v6_US East_2': 25, 'E20ads_v6_US East_1': 25, 'E20ads_v6_US East_3': 25, 'E20as_v6_US East_1': 25, 'E20as_v6_US East_3': 25, 'E2ads_v6_US East_1': 25, 'E2ads_v6_US East_2': 25, 'E2ads_v6_US East_3': 25, 'E2as_v6_US East_1': 25, 'E2as_v6_US East_2': 25, 'E2as_v6_US East_3': 25, 'E2ps_v5_US East_1': 25, 'E2ps_v5_US East_2': 25, 'E2ps_v5_US East_3': 25, 'E32ads_v6_US East_2': 25, 'E32as_v6_US East_2': 25, 'E48ads_v6_US East_3': 25, 'E48as_v6_US East_2': 25, 'E4ads_v6_US East_1': 25, 'E4ads_v6_US East_2': 25, 'E4ads_v6_US East_3': 25, 'E4as_v6_US East_1': 25, 'E4as_v6_US East_2': 25, 'E4as_v6_US East_3': 25, 'E4ps_v5_US East_1': 25, 'E4ps_v5_US East_2': 25, 'E4ps_v5_US East_3': 25, 'E64ads_v6_US East_2': 25, 'E64as_v6_US East_3': 25, 'E8ads_v6_US East_2': 25, 'E8ads_v6_US East_3': 25, 'E8as_v6_US East_2': 25, 'E8as_v6_US East_3': 25, 'E8ps_v5_US East_1': 25, 'E96-24ads_v6_US East_3': 25, 'E96-48ads_v6_US East_2': 25, 'E96ads_v6_US East_3': 25, 'E96as_v6_US East_1': 25, 'F16als_v6_US East_2': 25, 'F16als_v6_US East_3': 25, 'F16ams_v6_US East_2': 25, 'F16ams_v6_US East_3': 25, 'F16as_v6_US East_1': 25, 'F16as_v6_US East_3': 25, 'F2als_v6_US East_1': 25, 'F2als_v6_US East_2': 25, 'F2als_v6_US East_3': 25, 'F2ams_v6_US East_1': 25, 'F2ams_v6_US East_2': 25, 'F2ams_v6_US East_3': 25, 'F2as_v6_US East_1': 25, 'F2as_v6_US East_2': 25, 'F2as_v6_US East_3': 25, 'F32als_v6_US East_2': 25, 'F32ams_v6_US East_1': 25, 'F32as_v6_US East_1': 25, 'F48als_v6_US East_2': 25, 'F48ams_v6_US East_3': 25, 'F48as_v6_US East_2': 25, 'F4als_v6_US East_1': 25, 'F4als_v6_US East_3': 25, 'F4ams_v6_US East_2': 25, 'F4ams_v6_US East_3': 25, 'F4as_v6_US East_2': 25, 'F4as_v6_US East_3': 25, 'F64als_v6_US East_3': 25, 'F64ams_v6_US East_1': 25, 'F64as_v6_US East_2': 25, 'F8als_v6_US East_1': 25, 'F8als_v6_US East_3': 25, 'F8ams_v6_US East_1': 25, 'F8ams_v6_US East_3': 25, 'F8as_v6_US East_1': 25, 'F8as_v6_US East_2': 25, 'M12ds_v3_US East_2': 25, 'M12s_v3_US East_3': 25, 'M16-8ms_US East_1': 25, 'M16-8ms_US East_2': 25, 'M16-8ms_US East_3': 25, 'M16ms_US East_1': 25, 'M16ms_US East_2': 25, 'M16ms_US East_3': 25, 'M32-8ms_US East_1': 25, 'M32-8ms_US East_2': 25, 'M32dms_v2_US East_1': 25, 'M32dms_v2_US East_2': 25, 'M32dms_v2_US East_3': 25, 'M32ls_US East_1': 25, 'M32ls_US East_2': 25, 'M32ls_US East_3': 25, 'M32ms_US East_1': 25, 'M32ms_US East_2': 25, 'M32ms_v2_US East_1': 25, 'M32ms_v2_US East_2': 25, 'M32ms_v2_US East_3': 25, 'M32ts_US East_1': 25, 'M32ts_US East_2': 25, 'M32ts_US East_3': 25, 'M64s_v2_US East_3': 25, 'M8-4ms_US East_1': 25, 'M8-4ms_US East_2': 25, 'M8-4ms_US East_3': 25, 'M8ms_US East_1': 25, 'M8ms_US East_2': 25, 'M8ms_US East_3': 25, 'NV4as_v4_US East_1': 25, 'NV4as_v4_US East_2': 25, 'NV4as_v4_US East_3': 25, 'NV6ads_A10_v5_US East_1': 25, 'NV6ads_A10_v5_US East_2': 25, 'NV8as_v4_US East_1': 25, 'NV8as_v4_US East_2': 25, 'NV8as_v4_US East_3': 25}"
0.91,1560.8910250000004,2729006130,1748364.2911586345,100375,100275,"{'B16pls_v2_US East_1': 25, 'B16pls_v2_US East_2': 25, 'B16pls_v2_US East_3': 25, 'B16ps_v2_US East_3': 25, 'B2pls_v2_US East_1': 25, 'B2pls_v2_US East_2': 25, 'B2pls_v2_US East_3': 25, 'B2ps_v2_US East_1': 25, 'B2ps_v2_US East_2': 25, 'B2ps_v2_US East_3': 25, 'B4pls_v2_US East_1': 25, 'B4pls_v2_US East_2': 25, 'B4pls_v2_US East_3': 25, 'B4ps_v2_US East_1': 25, 'B4ps_v2_US East_2': 25, 'B4ps_v2_US East_3': 25, 'B8pls_v2_US East_1': 25, 'B8pls_v2_US East_2': 25, 'B8pls_v2_US East_3': 25, 'B8ps_v2_US East_1': 25, 'B8ps_v2_US East_2': 25, 'B8ps_v2_US East_3': 25, 'D16ads_v6_US East_2': 25, 'D16ads_v6_US East_3': 25, 'D16alds_v6_US East_1': 25, 'D16alds_v6_US East_3': 25, 'D16als_v6_US East_1': 25, 'D16als_v6_US East_3': 25, 'D16as_v6_US East_1': 25, 'D16as_v6_US East_2': 25, 'D16pds_v5_US East_3': 25, 'D16plds_v5_US East_2': 25, 'D16plds_v5_US East_3': 25, 'D16pls_v5_US East_1': 25, 'D16pls_v5_US East_2': 25, 'D16ps_v5_US East_2': 25, 'D2ads_v6_US East_1': 25, 'D2ads_v6_US East_2': 25, 'D2ads_v6_US East_3': 25, 'D2alds_v6_US East_1': 25, 'D2alds_v6_US East_2': 25, 'D2alds_v6_US East_3': 25, 'D2als_v6_US East_1': 25, 'D2als_v6_US East_2': 25, 'D2als_v6_US East_3': 25, 'D2as_v6_US East_1': 25, 'D2as_v6_US East_2': 25, 'D2as_v6_US East_3': 25, 'D2pds_v5_US East_1': 25, 'D2pds_v5_US East_2': 25, 'D2pds_v5_US East_3': 25, 'D2plds_v5_US East_1': 25, 'D2plds_v5_US East_2': 25, 'D2plds_v5_US East_3': 25, 'D2pls_v5_US East_1': 25, 'D2pls_v5_US East_2': 25, 'D2pls_v5_US East_3': 25, 'D2ps_v5_US East_1': 25, 'D2ps_v5_US East_2': 25, 'D2ps_v5_US East_3': 25, 'D32ads_v6_US East_1': 25, 'D32ads_v6_US East_2': 25, 'D32alds_v6_US East_2': 25, 'D32alds_v6_US East_3': 25, 'D32als_v6_US East_1': 25, 'D32als_v6_US East_3': 25, 'D32as_v6_US East_2': 25, 'D32as_v6_US East_3': 25, 'D32plds_v5_US East_1': 25, 'D32pls_v5_US East_2': 25, 'D48ads_v6_US East_2': 25, 'D48alds_v6_US East_3': 25, 'D48als_v6_US East_1': 25, 'D48als_v6_US East_2': 25, 'D4ads_v6_US East_1': 25, 'D4ads_v6_US East_2': 25, 'D4ads_v6_US East_3': 25, 'D4alds_v6_US East_1': 25, 'D4alds_v6_US East_2': 25, 'D4alds_v6_US East_3': 25, 'D4als_v6_US East_1': 25, 'D4als_v6_US East_2': 25, 'D4als_v6_US East_3': 25, 'D4as_v6_US East_1': 25, 'D4as_v6_US East_2': 25, 'D4as_v6_US East_3': 25, 'D4pds_v5_US East_1': 25, 'D4pds_v5_US East_2': 25, 'D4pds_v5_US East_3': 25, 'D4plds_v5_US East_1': 25, 'D4plds_v5_US East_2': 25, 'D4plds_v5_US East_3': 25, 'D4pls_v5_US East_1': 25, 'D4pls_v5_US East_2': 25, 'D4pls_v5_US East_3': 25, 'D4ps_v5_US East_1': 25, 'D4ps_v5_US East_2': 25, 'D4ps_v5_US East_3': 25, 'D64ads_v6_US East_3': 25, 'D64alds_v6_US East_1': 25, 'D64als_v6_US East_2': 25, 'D64as_v6_US East_3': 25, 'D8ads_v6_US East_1': 25, 'D8ads_v6_US East_2': 25, 'D8alds_v6_US East_2': 25, 'D8alds_v6_US East_3': 25, 'D8als_v6_US East_1': 25, 'D8als_v6_US East_2': 25, 'D8als_v6_US East_3': 25, 'D8as_v6_US East_1': 25, 'D8as_v6_US East_3': 25, 'D8plds_v5_US East_1': 25, 'D8plds_v5_US East_2': 25, 'D8plds_v5_US East_3': 25, 'D8pls_v5_US East_1': 25, 'D8pls_v5_US East_2': 25, 'D8pls_v5_US East_3': 25, 'D8ps_v5_US East_1': 25, 'D8ps_v5_US East_2': 25, 'D8ps_v5_US East_3': 25, 'D96ads_v6_US East_3': 25, 'D96alds_v6_US East_3': 25, 'D96als_v6_US East_3': 25, 'D96as_v6_US East_2': 25, 'DC1s_v2_US East_1': 25, 'DC2s_v2_US East_2': 25, 'E16ads_v6_US East_2': 25, 'E16ads_v6_US East_3': 25, 'E16as_v6_US East_1': 25, 'E16as_v6_US East_2': 25, 'E20ads_v6_US East_1': 25, 'E20ads_v6_US East_3': 25, 'E20as_v6_US East_1': 25, 'E20as_v6_US East_3': 25, 'E2ads_v6_US East_1': 25, 'E2ads_v6_US East_2': 25, 'E2ads_v6_US East_3': 25, 'E2as_v6_US East_1': 25, 'E2as_v6_US East_2': 25, 'E2as_v6_US East_3': 25, 'E2ps_v5_US East_1': 25, 'E2ps_v5_US East_2': 25, 'E2ps_v5_US East_3': 25, 'E32ads_v6_US East_2': 25, 'E32as_v6_US East_2': 25, 'E48ads_v6_US East_3': 25, 'E48as_v6_US East_2': 25, 'E4ads_v6_US East_1': 25, 'E4ads_v6_US East_2': 25, 'E4ads_v6_US East_3': 25, 'E4as_v6_US East_1': 25, 'E4as_v6_US East_2': 25, 'E4as_v6_US East_3': 25, 'E4ps_v5_US East_1': 25, 'E4ps_v5_US East_2': 25, 'E4ps_v5_US East_3': 25, 'E64ads_v6_US East_2': 25, 'E64as_v6_US East_3': 25, 'E8ads_v6_US East_2': 25, 'E8ads_v6_US East_3': 25, 'E8as_v6_US East_2': 25, 'E8as_v6_US East_3': 25, 'E8ps_v5_US East_1': 25, 'E96-24ads_v6_US East_3': 25, 'E96-48ads_v6_US East_2': 25, 'E96ads_v6_US East_3': 25, 'E96as_v6_US East_1': 25, 'F16als_v6_US East_2': 25, 'F16als_v6_US East_3': 25, 'F16ams_v6_US East_2': 25, 'F16ams_v6_US East_3': 25, 'F16as_v6_US East_1': 25, 'F16as_v6_US East_3': 25, 'F2als_v6_US East_1': 25, 'F2als_v6_US East_2': 25, 'F2als_v6_US East_3': 25, 'F2ams_v6_US East_1': 25, 'F2ams_v6_US East_2': 25, 'F2ams_v6_US East_3': 25, 'F2as_v6_US East_1': 25, 'F2as_v6_US East_2': 25, 'F2as_v6_US East_3': 25, 'F32als_v6_US East_2': 25, 'F32ams_v6_US East_1': 25, 'F32as_v6_US East_1': 25, 'F48als_v6_US East_2': 25, 'F48ams_v6_US East_3': 25, 'F48as_v6_US East_2': 25, 'F4als_v6_US East_1': 25, 'F4als_v6_US East_3': 25, 'F4ams_v6_US East_2': 25, 'F4ams_v6_US East_3': 25, 'F4as_v6_US East_2': 25, 'F4as_v6_US East_3': 25, 'F64als_v6_US East_3': 25, 'F64ams_v6_US East_1': 25, 'F64as_v6_US East_2': 25, 'F8als_v6_US East_1': 25, 'F8als_v6_US East_3': 25, 'F8ams_v6_US East_1': 25, 'F8ams_v6_US East_3': 25, 'F8as_v6_US East_1': 25, 'F8as_v6_US East_2': 25, 'M12ds_v3_US East_2': 25, 'M12s_v3_US East_3': 25, 'M16-8ms_US East_1': 25, 'M16-8ms_US East_2': 25, 'M16-8ms_US East_3': 25, 'M16ms_US East_1': 25, 'M16ms_US East_2': 25, 'M16ms_US East_3': 25, 'M32-8ms_US East_1': 25, 'M32-8ms_US East_2': 25, 'M32dms_v2_US East_1': 25, 'M32dms_v2_US East_2': 25, 'M32dms_v2_US East_3': 25, 'M32ls_US East_1': 25, 'M32ls_US East_2': 25, 'M32ls_US East_3': 25, 'M32ms_US East_1': 25, 'M32ms_US East_2': 25, 'M32ms_v2_US East_1': 25, 'M32ms_v2_US East_2': 25, 'M32ms_v2_US East_3': 25, 'M32ts_US East_1': 25, 'M32ts_US East_2': 25, 'M32ts_US East_3': 25, 'M64s_v2_US East_3': 25, 'M8-4ms_US East_1': 25, 'M8-4ms_US East_2': 25, 'M8-4ms_US East_3': 25, 'M8ms_US East_1': 25, 'M8ms_US East_2': 25, 'M8ms_US East_3': 25, 'NV4as_v4_US East_1': 25, 'NV4as_v4_US East_2': 25, 'NV4as_v4_US East_3': 25, 'NV6ads_A10_v5_US East_1': 25, 'NV6ads_A10_v5_US East_2': 25, 'NV8as_v4_US East_1': 25, 'NV8as_v4_US East_2': 25, 'NV8as_v4_US East_3': 25}"
0.92,1617.6800750000002,2740030882,1693802.7023050275,101175,101075,"{'B16pls_v2_US East_1': 25, 'B16pls_v2_US East_2': 25, 'B16pls_v2_US East_3': 25, 'B16ps_v2_US East_3': 25, 'B2pls_v2_US East_1': 25, 'B2pls_v2_US East_2': 25, 'B2pls_v2_US East_3': 25, 'B2ps_v2_US East_1': 25, 'B2ps_v2_US East_2': 25, 'B2ps_v2_US East_3': 25, 'B4pls_v2_US East_1': 25, 'B4pls_v2_US East_2': 25, 'B4pls_v2_US East_3': 25, 'B4ps_v2_US East_1': 25, 'B4ps_v2_US East_2': 25, 'B4ps_v2_US East_3': 25, 'B8pls_v2_US East_1': 25, 'B8pls_v2_US East_2': 25, 'B8pls_v2_US East_3': 25, 'B8ps_v2_US East_1': 25, 'B8ps_v2_US East_2': 25, 'B8ps_v2_US East_3': 25, 'D16ads_v6_US East_2': 25, 'D16ads_v6_US East_3': 25, 'D16alds_v6_US East_1': 25, 'D16alds_v6_US East_3': 25, 'D16als_v6_US East_1': 25, 'D16als_v6_US East_3': 25, 'D16as_v6_US East_1': 25, 'D16as_v6_US East_2': 25, 'D16pds_v5_US East_3': 25, 'D16plds_v5_US East_2': 25, 'D16plds_v5_US East_3': 25, 'D16pls_v5_US East_1': 25, 'D16pls_v5_US East_2': 25, 'D16ps_v5_US East_2': 25, 'D2ads_v6_US East_1': 25, 'D2ads_v6_US East_2': 25, 'D2ads_v6_US East_3': 25, 'D2alds_v6_US East_1': 25, 'D2alds_v6_US East_2': 25, 'D2alds_v6_US East_3': 25, 'D2als_v6_US East_1': 25, 'D2als_v6_US East_2': 25, 'D2als_v6_US East_3': 25, 'D2as_v6_US East_1': 25, 'D2as_v6_US East_2': 25, 'D2as_v6_US East_3': 25, 'D2pds_v5_US East_1': 25, 'D2pds_v5_US East_2': 25, 'D2pds_v5_US East_3': 25, 'D2plds_v5_US East_1': 25, 'D2plds_v5_US East_2': 25, 'D2plds_v5_US East_3': 25, 'D2pls_v5_US East_1': 25, 'D2pls_v5_US East_2': 25, 'D2pls_v5_US East_3': 25, 'D2ps_v5_US East_1': 25, 'D2ps_v5_US East_2': 25, 'D2ps_v5_US East_3': 25, 'D32ads_v6_US East_1': 25, 'D32ads_v6_US East_2': 25, 'D32alds_v6_US East_2': 25, 'D32alds_v6_US East_3': 25, 'D32als_v6_US East_1': 25, 'D32als_v6_US East_3': 25, 'D32as_v6_US East_2': 25, 'D32as_v6_US East_3': 25, 'D32plds_v5_US East_1': 25, 'D32pls_v5_US East_2': 25, 'D48ads_v6_US East_2': 25, 'D48alds_v6_US East_3': 25, 'D48als_v6_US East_1': 25, 'D48als_v6_US East_2': 25, 'D4ads_v6_US East_1': 25, 'D4ads_v6_US East_2': 25, 'D4ads_v6_US East_3': 25, 'D4alds_v6_US East_1': 25, 'D4alds_v6_US East_2': 25, 'D4alds_v6_US East_3': 25, 'D4als_v6_US East_1': 25, 'D4als_v6_US East_2': 25, 'D4als_v6_US East_3': 25, 'D4as_v6_US East_1': 25, 'D4as_v6_US East_2': 25, 'D4as_v6_US East_3': 25, 'D4pds_v5_US East_1': 25, 'D4pds_v5_US East_2': 25, 'D4pds_v5_US East_3': 25, 'D4plds_v5_US East_1': 25, 'D4plds_v5_US East_2': 25, 'D4plds_v5_US East_3': 25, 'D4pls_v5_US East_1': 25, 'D4pls_v5_US East_2': 25, 'D4pls_v5_US East_3': 25, 'D4ps_v5_US East_1': 25, 'D4ps_v5_US East_2': 25, 'D4ps_v5_US East_3': 25, 'D64ads_v6_US East_3': 25, 'D64alds_v6_US East_1': 25, 'D64als_v6_US East_2': 25, 'D64as_v6_US East_3': 25, 'D8ads_v6_US East_1': 25, 'D8ads_v6_US East_2': 25, 'D8alds_v6_US East_2': 25, 'D8alds_v6_US East_3': 25, 'D8als_v6_US East_1': 25, 'D8als_v6_US East_2': 25, 'D8als_v6_US East_3': 25, 'D8as_v6_US East_1': 25, 'D8as_v6_US East_3': 25, 'D8plds_v5_US East_1': 25, 'D8plds_v5_US East_2': 25, 'D8plds_v5_US East_3': 25, 'D8pls_v5_US East_1': 25, 'D8pls_v5_US East_2': 25, 'D8pls_v5_US East_3': 25, 'D8ps_v5_US East_1': 25, 'D8ps_v5_US East_2': 25, 'D8ps_v5_US East_3': 25, 'D96ads_v6_US East_3': 25, 'D96alds_v6_US East_3': 25, 'D96als_v6_US East_3': 25, 'D96as_v6_US East_2': 25, 'DC1s_v2_US East_1': 25, 'DC2s_v2_US East_2': 25, 'E16ads_v6_US East_2': 25, 'E16ads_v6_US East_3': 25, 'E16as_v6_US East_1': 25, 'E16as_v6_US East_2': 25, 'E20ads_v6_US East_1': 25, 'E20ads_v6_US East_3': 25, 'E20as_v6_US East_1': 25, 'E20as_v6_US East_3': 25, 'E2ads_v6_US East_1': 25, 'E2ads_v6_US East_2': 25, 'E2ads_v6_US East_3': 25, 'E2as_v6_US East_1': 25, 'E2as_v6_US East_2': 25, 'E2as_v6_US East_3': 25, 'E2ps_v5_US East_1': 25, 'E2ps_v5_US East_2': 25, 'E2ps_v5_US East_3': 25, 'E32ads_v6_US East_2': 25, 'E32as_v6_US East_2': 25, 'E48ads_v6_US East_3': 25, 'E48as_v6_US East_2': 25, 'E4ads_v6_US East_1': 25, 'E4ads_v6_US East_2': 25, 'E4ads_v6_US East_3': 25, 'E4as_v6_US East_1': 25, 'E4as_v6_US East_2': 25, 'E4as_v6_US East_3': 25, 'E4ps_v5_US East_1': 25, 'E4ps_v5_US East_2': 25, 'E4ps_v5_US East_3': 25, 'E64ads_v6_US East_2': 25, 'E64as_v6_US East_3': 25, 'E8ads_v6_US East_2': 25, 'E8ads_v6_US East_3': 25, 'E8as_v6_US East_2': 25, 'E8as_v6_US East_3': 25, 'E8ps_v5_US East_1': 25, 'E96-24ads_v6_US East_3': 25, 'E96-48ads_v6_US East_2': 25, 'E96ads_v6_US East_3': 25, 'E96as_v6_US East_1': 25, 'F16als_v6_US East_2': 25, 'F16als_v6_US East_3': 25, 'F16ams_v6_US East_2': 25, 'F16ams_v6_US East_3': 25, 'F16as_v6_US East_1': 25, 'F16as_v6_US East_3': 25, 'F2als_v6_US East_1': 25, 'F2als_v6_US East_2': 25, 'F2als_v6_US East_3': 25, 'F2ams_v6_US East_1': 25, 'F2ams_v6_US East_2': 25, 'F2ams_v6_US East_3': 25, 'F2as_v6_US East_1': 25, 'F2as_v6_US East_2': 25, 'F2as_v6_US East_3': 25, 'F32als_v6_US East_2': 25, 'F32ams_v6_US East_1': 25, 'F32as_v6_US East_1': 25, 'F48als_v6_US East_2': 25, 'F48ams_v6_US East_3': 25, 'F48as_v6_US East_2': 25, 'F4als_v6_US East_1': 25, 'F4als_v6_US East_3': 25, 'F4ams_v6_US East_2': 25, 'F4ams_v6_US East_3': 25, 'F4as_v6_US East_2': 25, 'F4as_v6_US East_3': 25, 'F64als_v6_US East_3': 25, 'F64ams_v6_US East_1': 25, 'F64as_v6_US East_2': 25, 'F8als_v6_US East_1': 25, 'F8als_v6_US East_3': 25, 'F8ams_v6_US East_1': 25, 'F8ams_v6_US East_3': 25, 'F8as_v6_US East_1': 25, 'F8as_v6_US East_2': 25, 'M12ds_v3_US East_2': 25, 'M12s_v3_US East_3': 25, 'M16-8ms_US East_1': 25, 'M16-8ms_US East_2': 25, 'M16-8ms_US East_3': 25, 'M16ms_US East_1': 25, 'M16ms_US East_2': 25, 'M16ms_US East_3': 25, 'M32-16ms_US East_1': 25, 'M32-16ms_US East_3': 25, 'M32-8ms_US East_1': 25, 'M32-8ms_US East_2': 25, 'M32dms_v2_US East_1': 25, 'M32dms_v2_US East_2': 25, 'M32dms_v2_US East_3': 25, 'M32ls_US East_1': 25, 'M32ls_US East_2': 25, 'M32ls_US East_3': 25, 'M32ms_US East_1': 25, 'M32ms_US East_2': 25, 'M32ms_v2_US East_1': 25, 'M32ms_v2_US East_2': 25, 'M32ms_v2_US East_3': 25, 'M32ts_US East_1': 25, 'M32ts_US East_2': 25, 'M32ts_US East_3': 25, 'M64s_v2_US East_3': 25, 'M8-4ms_US East_1': 25, 'M8-4ms_US East_2': 25, 'M8-4ms_US East_3': 25, 'M8ms_US East_1': 25, 'M8ms_US East_2': 25, 'M8ms_US East_3': 25, 'NV4as_v4_US East_1': 25, 'NV4as_v4_US East_2': 25, 'NV4as_v4_US East_3': 25, 'NV6ads_A10_v5_US East_1': 25, 'NV6ads_A10_v5_US East_2': 25, 'NV8as_v4_US East_1': 25, 'NV8as_v4_US East_2': 25, 'NV8as_v4_US East_3': 25}"
0.93,1617.6800750000002,2740030882,1693802.7023050275,101175,101075,"{'B16pls_v2_US East_1': 25, 'B16pls_v2_US East_2': 25, 'B16pls_v2_US East_3': 25, 'B16ps_v2_US East_3': 25, 'B2pls_v2_US East_1': 25, 'B2pls_v2_US East_2': 25, 'B2pls_v2_US East_3': 25, 'B2ps_v2_US East_1': 25, 'B2ps_v2_US East_2': 25, 'B2ps_v2_US East_3': 25, 'B4pls_v2_US East_1': 25, 'B4pls_v2_US East_2': 25, 'B4pls_v2_US East_3': 25, 'B4ps_v2_US East_1': 25, 'B4ps_v2_US East_2': 25, 'B4ps_v2_US East_3': 25, 'B8pls_v2_US East_1': 25, 'B8pls_v2_US East_2': 25, 'B8pls_v2_US East_3': 25, 'B8ps_v2_US East_1': 25, 'B8ps_v2_US East_2': 25, 'B8ps_v2_US East_3': 25, 'D16ads_v6_US East_2': 25, 'D16ads_v6_US East_3': 25, 'D16alds_v6_US East_1': 25, 'D16alds_v6_US East_3': 25, 'D16als_v6_US East_1': 25, 'D16als_v6_US East_3': 25, 'D16as_v6_US East_1': 25, 'D16as_v6_US East_2': 25, 'D16pds_v5_US East_3': 25, 'D16plds_v5_US East_2': 25, 'D16plds_v5_US East_3': 25, 'D16pls_v5_US East_1': 25, 'D16pls_v5_US East_2': 25, 'D16ps_v5_US East_2': 25, 'D2ads_v6_US East_1': 25, 'D2ads_v6_US East_2': 25, 'D2ads_v6_US East_3': 25, 'D2alds_v6_US East_1': 25, 'D2alds_v6_US East_2': 25, 'D2alds_v6_US East_3': 25, 'D2als_v6_US East_1': 25, 'D2als_v6_US East_2': 25, 'D2als_v6_US East_3': 25, 'D2as_v6_US East_1': 25, 'D2as_v6_US East_2': 25, 'D2as_v6_US East_3': 25, 'D2pds_v5_US East_1': 25, 'D2pds_v5_US East_2': 25, 'D2pds_v5_US East_3': 25, 'D2plds_v5_US East_1': 25, 'D2plds_v5_US East_2': 25, 'D2plds_v5_US East_3': 25, 'D2pls_v5_US East_1': 25, 'D2pls_v5_US East_2': 25, 'D2pls_v5_US East_3': 25, 'D2ps_v5_US East_1': 25, 'D2ps_v5_US East_2': 25, 'D2ps_v5_US East_3': 25, 'D32ads_v6_US East_1': 25, 'D32ads_v6_US East_2': 25, 'D32alds_v6_US East_2': 25, 'D32alds_v6_US East_3': 25, 'D32als_v6_US East_1': 25, 'D32als_v6_US East_3': 25, 'D32as_v6_US East_2': 25, 'D32as_v6_US East_3': 25, 'D32plds_v5_US East_1': 25, 'D32pls_v5_US East_2': 25, 'D48ads_v6_US East_2': 25, 'D48alds_v6_US East_3': 25, 'D48als_v6_US East_1': 25, 'D48als_v6_US East_2': 25, 'D4ads_v6_US East_1': 25, 'D4ads_v6_US East_2': 25, 'D4ads_v6_US East_3': 25, 'D4alds_v6_US East_1': 25, 'D4alds_v6_US East_2': 25, 'D4alds_v6_US East_3': 25, 'D4als_v6_US East_1': 25, 'D4als_v6_US East_2': 25, 'D4als_v6_US East_3': 25, 'D4as_v6_US East_1': 25, 'D4as_v6_US East_2': 25, 'D4as_v6_US East_3': 25, 'D4pds_v5_US East_1': 25, 'D4pds_v5_US East_2': 25, 'D4pds_v5_US East_3': 25, 'D4plds_v5_US East_1': 25, 'D4plds_v5_US East_2': 25, 'D4plds_v5_US East_3': 25, 'D4pls_v5_US East_1': 25, 'D4pls_v5_US East_2': 25, 'D4pls_v5_US East_3': 25, 'D4ps_v5_US East_1': 25, 'D4ps_v5_US East_2': 25, 'D4ps_v5_US East_3': 25, 'D64ads_v6_US East_3': 25, 'D64alds_v6_US East_1': 25, 'D64als_v6_US East_2': 25, 'D64as_v6_US East_3': 25, 'D8ads_v6_US East_1': 25, 'D8ads_v6_US East_2': 25, 'D8alds_v6_US East_2': 25, 'D8alds_v6_US East_3': 25, 'D8als_v6_US East_1': 25, 'D8als_v6_US East_2': 25, 'D8als_v6_US East_3': 25, 'D8as_v6_US East_1': 25, 'D8as_v6_US East_3': 25, 'D8plds_v5_US East_1': 25, 'D8plds_v5_US East_2': 25, 'D8plds_v5_US East_3': 25, 'D8pls_v5_US East_1': 25, 'D8pls_v5_US East_2': 25, 'D8pls_v5_US East_3': 25, 'D8ps_v5_US East_1': 25, 'D8ps_v5_US East_2': 25, 'D8ps_v5_US East_3': 25, 'D96ads_v6_US East_3': 25, 'D96alds_v6_US East_3': 25, 'D96als_v6_US East_3': 25, 'D96as_v6_US East_2': 25, 'DC1s_v2_US East_1': 25, 'DC2s_v2_US East_2': 25, 'E16ads_v6_US East_2': 25, 'E16ads_v6_US East_3': 25, 'E16as_v6_US East_1': 25, 'E16as_v6_US East_2': 25, 'E20ads_v6_US East_1': 25, 'E20ads_v6_US East_3': 25, 'E20as_v6_US East_1': 25, 'E20as_v6_US East_3': 25, 'E2ads_v6_US East_1': 25, 'E2ads_v6_US East_2': 25, 'E2ads_v6_US East_3': 25, 'E2as_v6_US East_1': 25, 'E2as_v6_US East_2': 25, 'E2as_v6_US East_3': 25, 'E2ps_v5_US East_1': 25, 'E2ps_v5_US East_2': 25, 'E2ps_v5_US East_3': 25, 'E32ads_v6_US East_2': 25, 'E32as_v6_US East_2': 25, 'E48ads_v6_US East_3': 25, 'E48as_v6_US East_2': 25, 'E4ads_v6_US East_1': 25, 'E4ads_v6_US East_2': 25, 'E4ads_v6_US East_3': 25, 'E4as_v6_US East_1': 25, 'E4as_v6_US East_2': 25, 'E4as_v6_US East_3': 25, 'E4ps_v5_US East_1': 25, 'E4ps_v5_US East_2': 25, 'E4ps_v5_US East_3': 25, 'E64ads_v6_US East_2': 25, 'E64as_v6_US East_3': 25, 'E8ads_v6_US East_2': 25, 'E8ads_v6_US East_3': 25, 'E8as_v6_US East_2': 25, 'E8as_v6_US East_3': 25, 'E8ps_v5_US East_1': 25, 'E96-24ads_v6_US East_3': 25, 'E96-48ads_v6_US East_2': 25, 'E96ads_v6_US East_3': 25, 'E96as_v6_US East_1': 25, 'F16als_v6_US East_2': 25, 'F16als_v6_US East_3': 25, 'F16ams_v6_US East_2': 25, 'F16ams_v6_US East_3': 25, 'F16as_v6_US East_1': 25, 'F16as_v6_US East_3': 25, 'F2als_v6_US East_1': 25, 'F2als_v6_US East_2': 25, 'F2als_v6_US East_3': 25, 'F2ams_v6_US East_1': 25, 'F2ams_v6_US East_2': 25, 'F2ams_v6_US East_3': 25, 'F2as_v6_US East_1': 25, 'F2as_v6_US East_2': 25, 'F2as_v6_US East_3': 25, 'F32als_v6_US East_2': 25, 'F32ams_v6_US East_1': 25, 'F32as_v6_US East_1': 25, 'F48als_v6_US East_2': 25, 'F48ams_v6_US East_3': 25, 'F48as_v6_US East_2': 25, 'F4als_v6_US East_1': 25, 'F4als_v6_US East_3': 25, 'F4ams_v6_US East_2': 25, 'F4ams_v6_US East_3': 25, 'F4as_v6_US East_2': 25, 'F4as_v6_US East_3': 25, 'F64als_v6_US East_3': 25, 'F64ams_v6_US East_1': 25, 'F64as_v6_US East_2': 25, 'F8als_v6_US East_1': 25, 'F8als_v6_US East_3': 25, 'F8ams_v6_US East_1': 25, 'F8ams_v6_US East_3': 25, 'F8as_v6_US East_1': 25, 'F8as_v6_US East_2': 25, 'M12ds_v3_US East_2': 25, 'M12s_v3_US East_3': 25, 'M16-8ms_US East_1': 25, 'M16-8ms_US East_2': 25, 'M16-8ms_US East_3': 25, 'M16ms_US East_1': 25, 'M16ms_US East_2': 25, 'M16ms_US East_3': 25, 'M32-16ms_US East_1': 25, 'M32-16ms_US East_3': 25, 'M32-8ms_US East_1': 25, 'M32-8ms_US East_2': 25, 'M32dms_v2_US East_1': 25, 'M32dms_v2_US East_2': 25, 'M32dms_v2_US East_3': 25, 'M32ls_US East_1': 25, 'M32ls_US East_2': 25, 'M32ls_US East_3': 25, 'M32ms_US East_1': 25, 'M32ms_US East_2': 25, 'M32ms_v2_US East_1': 25, 'M32ms_v2_US East_2': 25, 'M32ms_v2_US East_3': 25, 'M32ts_US East_1': 25, 'M32ts_US East_2': 25, 'M32ts_US East_3': 25, 'M64s_v2_US East_3': 25, 'M8-4ms_US East_1': 25, 'M8-4ms_US East_2': 25, 'M8-4ms_US East_3': 25, 'M8ms_US East_1': 25, 'M8ms_US East_2': 25, 'M8ms_US East_3': 25, 'NV4as_v4_US East_1': 25, 'NV4as_v4_US East_2': 25, 'NV4as_v4_US East_3': 25, 'NV6ads_A10_v5_US East_1': 25, 'NV6ads_A10_v5_US East_2': 25, 'NV8as_v4_US East_1': 25, 'NV8as_v4_US East_2': 25, 'NV8as_v4_US East_3': 25}"
0.9400000000000001,1617.6800750000002,2740030882,1693802.7023050275,101175,101075,"{'B16pls_v2_US East_1': 25, 'B16pls_v2_US East_2': 25, 'B16pls_v2_US East_3': 25, 'B16ps_v2_US East_3': 25, 'B2pls_v2_US East_1': 25, 'B2pls_v2_US East_2': 25, 'B2pls_v2_US East_3': 25, 'B2ps_v2_US East_1': 25, 'B2ps_v2_US East_2': 25, 'B2ps_v2_US East_3': 25, 'B4pls_v2_US East_1': 25, 'B4pls_v2_US East_2': 25, 'B4pls_v2_US East_3': 25, 'B4ps_v2_US East_1': 25, 'B4ps_v2_US East_2': 25, 'B4ps_v2_US East_3': 25, 'B8pls_v2_US East_1': 25, 'B8pls_v2_US East_2': 25, 'B8pls_v2_US East_3': 25, 'B8ps_v2_US East_1': 25, 'B8ps_v2_US East_2': 25, 'B8ps_v2_US East_3': 25, 'D16ads_v6_US East_2': 25, 'D16ads_v6_US East_3': 25, 'D16alds_v6_US East_1': 25, 'D16alds_v6_US East_3': 25, 'D16als_v6_US East_1': 25, 'D16als_v6_US East_3': 25, 'D16as_v6_US East_1': 25, 'D16as_v6_US East_2': 25, 'D16pds_v5_US East_3': 25, 'D16plds_v5_US East_2': 25, 'D16plds_v5_US East_3': 25, 'D16pls_v5_US East_1': 25, 'D16pls_v5_US East_2': 25, 'D16ps_v5_US East_2': 25, 'D2ads_v6_US East_1': 25, 'D2ads_v6_US East_2': 25, 'D2ads_v6_US East_3': 25, 'D2alds_v6_US East_1': 25, 'D2alds_v6_US East_2': 25, 'D2alds_v6_US East_3': 25, 'D2als_v6_US East_1': 25, 'D2als_v6_US East_2': 25, 'D2als_v6_US East_3': 25, 'D2as_v6_US East_1': 25, 'D2as_v6_US East_2': 25, 'D2as_v6_US East_3': 25, 'D2pds_v5_US East_1': 25, 'D2pds_v5_US East_2': 25, 'D2pds_v5_US East_3': 25, 'D2plds_v5_US East_1': 25, 'D2plds_v5_US East_2': 25, 'D2plds_v5_US East_3': 25, 'D2pls_v5_US East_1': 25, 'D2pls_v5_US East_2': 25, 'D2pls_v5_US East_3': 25, 'D2ps_v5_US East_1': 25, 'D2ps_v5_US East_2': 25, 'D2ps_v5_US East_3': 25, 'D32ads_v6_US East_1': 25, 'D32ads_v6_US East_2': 25, 'D32alds_v6_US East_2': 25, 'D32alds_v6_US East_3': 25, 'D32als_v6_US East_1': 25, 'D32als_v6_US East_3': 25, 'D32as_v6_US East_2': 25, 'D32as_v6_US East_3': 25, 'D32plds_v5_US East_1': 25, 'D32pls_v5_US East_2': 25, 'D48ads_v6_US East_2': 25, 'D48alds_v6_US East_3': 25, 'D48als_v6_US East_1': 25, 'D48als_v6_US East_2': 25, 'D4ads_v6_US East_1': 25, 'D4ads_v6_US East_2': 25, 'D4ads_v6_US East_3': 25, 'D4alds_v6_US East_1': 25, 'D4alds_v6_US East_2': 25, 'D4alds_v6_US East_3': 25, 'D4als_v6_US East_1': 25, 'D4als_v6_US East_2': 25, 'D4als_v6_US East_3': 25, 'D4as_v6_US East_1': 25, 'D4as_v6_US East_2': 25, 'D4as_v6_US East_3': 25, 'D4pds_v5_US East_1': 25, 'D4pds_v5_US East_2': 25, 'D4pds_v5_US East_3': 25, 'D4plds_v5_US East_1': 25, 'D4plds_v5_US East_2': 25, 'D4plds_v5_US East_3': 25, 'D4pls_v5_US East_1': 25, 'D4pls_v5_US East_2': 25, 'D4pls_v5_US East_3': 25, 'D4ps_v5_US East_1': 25, 'D4ps_v5_US East_2': 25, 'D4ps_v5_US East_3': 25, 'D64ads_v6_US East_3': 25, 'D64alds_v6_US East_1': 25, 'D64als_v6_US East_2': 25, 'D64as_v6_US East_3': 25, 'D8ads_v6_US East_1': 25, 'D8ads_v6_US East_2': 25, 'D8alds_v6_US East_2': 25, 'D8alds_v6_US East_3': 25, 'D8als_v6_US East_1': 25, 'D8als_v6_US East_2': 25, 'D8als_v6_US East_3': 25, 'D8as_v6_US East_1': 25, 'D8as_v6_US East_3': 25, 'D8plds_v5_US East_1': 25, 'D8plds_v5_US East_2': 25, 'D8plds_v5_US East_3': 25, 'D8pls_v5_US East_1': 25, 'D8pls_v5_US East_2': 25, 'D8pls_v5_US East_3': 25, 'D8ps_v5_US East_1': 25, 'D8ps_v5_US East_2': 25, 'D8ps_v5_US East_3': 25, 'D96ads_v6_US East_3': 25, 'D96alds_v6_US East_3': 25, 'D96als_v6_US East_3': 25, 'D96as_v6_US East_2': 25, 'DC1s_v2_US East_1': 25, 'DC2s_v2_US East_2': 25, 'E16ads_v6_US East_2': 25, 'E16ads_v6_US East_3': 25, 'E16as_v6_US East_1': 25, 'E16as_v6_US East_2': 25, 'E20ads_v6_US East_1': 25, 'E20ads_v6_US East_3': 25, 'E20as_v6_US East_1': 25, 'E20as_v6_US East_3': 25, 'E2ads_v6_US East_1': 25, 'E2ads_v6_US East_2': 25, 'E2ads_v6_US East_3': 25, 'E2as_v6_US East_1': 25, 'E2as_v6_US East_2': 25, 'E2as_v6_US East_3': 25, 'E2ps_v5_US East_1': 25, 'E2ps_v5_US East_2': 25, 'E2ps_v5_US East_3': 25, 'E32ads_v6_US East_2': 25, 'E32as_v6_US East_2': 25, 'E48ads_v6_US East_3': 25, 'E48as_v6_US East_2': 25, 'E4ads_v6_US East_1': 25, 'E4ads_v6_US East_2': 25, 'E4ads_v6_US East_3': 25, 'E4as_v6_US East_1': 25, 'E4as_v6_US East_2': 25, 'E4as_v6_US East_3': 25, 'E4ps_v5_US East_1': 25, 'E4ps_v5_US East_2': 25, 'E4ps_v5_US East_3': 25, 'E64ads_v6_US East_2': 25, 'E64as_v6_US East_3': 25, 'E8ads_v6_US East_2': 25, 'E8ads_v6_US East_3': 25, 'E8as_v6_US East_2': 25, 'E8as_v6_US East_3': 25, 'E8ps_v5_US East_1': 25, 'E96-24ads_v6_US East_3': 25, 'E96-48ads_v6_US East_2': 25, 'E96ads_v6_US East_3': 25, 'E96as_v6_US East_1': 25, 'F16als_v6_US East_2': 25, 'F16als_v6_US East_3': 25, 'F16ams_v6_US East_2': 25, 'F16ams_v6_US East_3': 25, 'F16as_v6_US East_1': 25, 'F16as_v6_US East_3': 25, 'F2als_v6_US East_1': 25, 'F2als_v6_US East_2': 25, 'F2als_v6_US East_3': 25, 'F2ams_v6_US East_1': 25, 'F2ams_v6_US East_2': 25, 'F2ams_v6_US East_3': 25, 'F2as_v6_US East_1': 25, 'F2as_v6_US East_2': 25, 'F2as_v6_US East_3': 25, 'F32als_v6_US East_2': 25, 'F32ams_v6_US East_1': 25, 'F32as_v6_US East_1': 25, 'F48als_v6_US East_2': 25, 'F48ams_v6_US East_3': 25, 'F48as_v6_US East_2': 25, 'F4als_v6_US East_1': 25, 'F4als_v6_US East_3': 25, 'F4ams_v6_US East_2': 25, 'F4ams_v6_US East_3': 25, 'F4as_v6_US East_2': 25, 'F4as_v6_US East_3': 25, 'F64als_v6_US East_3': 25, 'F64ams_v6_US East_1': 25, 'F64as_v6_US East_2': 25, 'F8als_v6_US East_1': 25, 'F8als_v6_US East_3': 25, 'F8ams_v6_US East_1': 25, 'F8ams_v6_US East_3': 25, 'F8as_v6_US East_1': 25, 'F8as_v6_US East_2': 25, 'M12ds_v3_US East_2': 25, 'M12s_v3_US East_3': 25, 'M16-8ms_US East_1': 25, 'M16-8ms_US East_2': 25, 'M16-8ms_US East_3': 25, 'M16ms_US East_1': 25, 'M16ms_US East_2': 25, 'M16ms_US East_3': 25, 'M32-16ms_US East_1': 25, 'M32-16ms_US East_3': 25, 'M32-8ms_US East_1': 25, 'M32-8ms_US East_2': 25, 'M32dms_v2_US East_1': 25, 'M32dms_v2_US East_2': 25, 'M32dms_v2_US East_3': 25, 'M32ls_US East_1': 25, 'M32ls_US East_2': 25, 'M32ls_US East_3': 25, 'M32ms_US East_1': 25, 'M32ms_US East_2': 25, 'M32ms_v2_US East_1': 25, 'M32ms_v2_US East_2': 25, 'M32ms_v2_US East_3': 25, 'M32ts_US East_1': 25, 'M32ts_US East_2': 25, 'M32ts_US East_3': 25, 'M64s_v2_US East_3': 25, 'M8-4ms_US East_1': 25, 'M8-4ms_US East_2': 25, 'M8-4ms_US East_3': 25, 'M8ms_US East_1': 25, 'M8ms_US East_2': 25, 'M8ms_US East_3': 25, 'NV4as_v4_US East_1': 25, 'NV4as_v4_US East_2': 25, 'NV4as_v4_US East_3': 25, 'NV6ads_A10_v5_US East_1': 25, 'NV6ads_A10_v5_US East_2': 25, 'NV8as_v4_US East_1': 25, 'NV8as_v4_US East_2': 25, 'NV8as_v4_US East_3': 25}"
0.9500000000000001,1617.6800750000002,2740030882,1693802.7023050275,101175,101075,"{'B16pls_v2_US East_1': 25, 'B16pls_v2_US East_2': 25, 'B16pls_v2_US East_3': 25, 'B16ps_v2_US East_3': 25, 'B2pls_v2_US East_1': 25, 'B2pls_v2_US East_2': 25, 'B2pls_v2_US East_3': 25, 'B2ps_v2_US East_1': 25, 'B2ps_v2_US East_2': 25, 'B2ps_v2_US East_3': 25, 'B4pls_v2_US East_1': 25, 'B4pls_v2_US East_2': 25, 'B4pls_v2_US East_3': 25, 'B4ps_v2_US East_1': 25, 'B4ps_v2_US East_2': 25, 'B4ps_v2_US East_3': 25, 'B8pls_v2_US East_1': 25, 'B8pls_v2_US East_2': 25, 'B8pls_v2_US East_3': 25, 'B8ps_v2_US East_1': 25, 'B8ps_v2_US East_2': 25, 'B8ps_v2_US East_3': 25, 'D16ads_v6_US East_2': 25, 'D16ads_v6_US East_3': 25, 'D16alds_v6_US East_1': 25, 'D16alds_v6_US East_3': 25, 'D16als_v6_US East_1': 25, 'D16als_v6_US East_3': 25, 'D16as_v6_US East_1': 25, 'D16as_v6_US East_2': 25, 'D16pds_v5_US East_3': 25, 'D16plds_v5_US East_2': 25, 'D16plds_v5_US East_3': 25, 'D16pls_v5_US East_1': 25, 'D16pls_v5_US East_2': 25, 'D16ps_v5_US East_2': 25, 'D2ads_v6_US East_1': 25, 'D2ads_v6_US East_2': 25, 'D2ads_v6_US East_3': 25, 'D2alds_v6_US East_1': 25, 'D2alds_v6_US East_2': 25, 'D2alds_v6_US East_3': 25, 'D2als_v6_US East_1': 25, 'D2als_v6_US East_2': 25, 'D2als_v6_US East_3': 25, 'D2as_v6_US East_1': 25, 'D2as_v6_US East_2': 25, 'D2as_v6_US East_3': 25, 'D2pds_v5_US East_1': 25, 'D2pds_v5_US East_2': 25, 'D2pds_v5_US East_3': 25, 'D2plds_v5_US East_1': 25, 'D2plds_v5_US East_2': 25, 'D2plds_v5_US East_3': 25, 'D2pls_v5_US East_1': 25, 'D2pls_v5_US East_2': 25, 'D2pls_v5_US East_3': 25, 'D2ps_v5_US East_1': 25, 'D2ps_v5_US East_2': 25, 'D2ps_v5_US East_3': 25, 'D32ads_v6_US East_1': 25, 'D32ads_v6_US East_2': 25, 'D32alds_v6_US East_2': 25, 'D32alds_v6_US East_3': 25, 'D32als_v6_US East_1': 25, 'D32als_v6_US East_3': 25, 'D32as_v6_US East_2': 25, 'D32as_v6_US East_3': 25, 'D32plds_v5_US East_1': 25, 'D32pls_v5_US East_2': 25, 'D48ads_v6_US East_2': 25, 'D48alds_v6_US East_3': 25, 'D48als_v6_US East_1': 25, 'D48als_v6_US East_2': 25, 'D4ads_v6_US East_1': 25, 'D4ads_v6_US East_2': 25, 'D4ads_v6_US East_3': 25, 'D4alds_v6_US East_1': 25, 'D4alds_v6_US East_2': 25, 'D4alds_v6_US East_3': 25, 'D4als_v6_US East_1': 25, 'D4als_v6_US East_2': 25, 'D4als_v6_US East_3': 25, 'D4as_v6_US East_1': 25, 'D4as_v6_US East_2': 25, 'D4as_v6_US East_3': 25, 'D4pds_v5_US East_1': 25, 'D4pds_v5_US East_2': 25, 'D4pds_v5_US East_3': 25, 'D4plds_v5_US East_1': 25, 'D4plds_v5_US East_2': 25, 'D4plds_v5_US East_3': 25, 'D4pls_v5_US East_1': 25, 'D4pls_v5_US East_2': 25, 'D4pls_v5_US East_3': 25, 'D4ps_v5_US East_1': 25, 'D4ps_v5_US East_2': 25, 'D4ps_v5_US East_3': 25, 'D64ads_v6_US East_3': 25, 'D64alds_v6_US East_1': 25, 'D64als_v6_US East_2': 25, 'D64as_v6_US East_3': 25, 'D8ads_v6_US East_1': 25, 'D8ads_v6_US East_2': 25, 'D8alds_v6_US East_2': 25, 'D8alds_v6_US East_3': 25, 'D8als_v6_US East_1': 25, 'D8als_v6_US East_2': 25, 'D8als_v6_US East_3': 25, 'D8as_v6_US East_1': 25, 'D8as_v6_US East_3': 25, 'D8plds_v5_US East_1': 25, 'D8plds_v5_US East_2': 25, 'D8plds_v5_US East_3': 25, 'D8pls_v5_US East_1': 25, 'D8pls_v5_US East_2': 25, 'D8pls_v5_US East_3': 25, 'D8ps_v5_US East_1': 25, 'D8ps_v5_US East_2': 25, 'D8ps_v5_US East_3': 25, 'D96ads_v6_US East_3': 25, 'D96alds_v6_US East_3': 25, 'D96als_v6_US East_3': 25, 'D96as_v6_US East_2': 25, 'DC1s_v2_US East_1': 25, 'DC2s_v2_US East_2': 25, 'E16ads_v6_US East_2': 25, 'E16ads_v6_US East_3': 25, 'E16as_v6_US East_1': 25, 'E16as_v6_US East_2': 25, 'E20ads_v6_US East_1': 25, 'E20ads_v6_US East_3': 25, 'E20as_v6_US East_1': 25, 'E20as_v6_US East_3': 25, 'E2ads_v6_US East_1': 25, 'E2ads_v6_US East_2': 25, 'E2ads_v6_US East_3': 25, 'E2as_v6_US East_1': 25, 'E2as_v6_US East_2': 25, 'E2as_v6_US East_3': 25, 'E2ps_v5_US East_1': 25, 'E2ps_v5_US East_2': 25, 'E2ps_v5_US East_3': 25, 'E32ads_v6_US East_2': 25, 'E32as_v6_US East_2': 25, 'E48ads_v6_US East_3': 25, 'E48as_v6_US East_2': 25, 'E4ads_v6_US East_1': 25, 'E4ads_v6_US East_2': 25, 'E4ads_v6_US East_3': 25, 'E4as_v6_US East_1': 25, 'E4as_v6_US East_2': 25, 'E4as_v6_US East_3': 25, 'E4ps_v5_US East_1': 25, 'E4ps_v5_US East_2': 25, 'E4ps_v5_US East_3': 25, 'E64ads_v6_US East_2': 25, 'E64as_v6_US East_3': 25, 'E8ads_v6_US East_2': 25, 'E8ads_v6_US East_3': 25, 'E8as_v6_US East_2': 25, 'E8as_v6_US East_3': 25, 'E8ps_v5_US East_1': 25, 'E96-24ads_v6_US East_3': 25, 'E96-48ads_v6_US East_2': 25, 'E96ads_v6_US East_3': 25, 'E96as_v6_US East_1': 25, 'F16als_v6_US East_2': 25, 'F16als_v6_US East_3': 25, 'F16ams_v6_US East_2': 25, 'F16ams_v6_US East_3': 25, 'F16as_v6_US East_1': 25, 'F16as_v6_US East_3': 25, 'F2als_v6_US East_1': 25, 'F2als_v6_US East_2': 25, 'F2als_v6_US East_3': 25, 'F2ams_v6_US East_1': 25, 'F2ams_v6_US East_2': 25, 'F2ams_v6_US East_3': 25, 'F2as_v6_US East_1': 25, 'F2as_v6_US East_2': 25, 'F2as_v6_US East_3': 25, 'F32als_v6_US East_2': 25, 'F32ams_v6_US East_1': 25, 'F32as_v6_US East_1': 25, 'F48als_v6_US East_2': 25, 'F48ams_v6_US East_3': 25, 'F48as_v6_US East_2': 25, 'F4als_v6_US East_1': 25, 'F4als_v6_US East_3': 25, 'F4ams_v6_US East_2': 25, 'F4ams_v6_US East_3': 25, 'F4as_v6_US East_2': 25, 'F4as_v6_US East_3': 25, 'F64als_v6_US East_3': 25, 'F64ams_v6_US East_1': 25, 'F64as_v6_US East_2': 25, 'F8als_v6_US East_1': 25, 'F8als_v6_US East_3': 25, 'F8ams_v6_US East_1': 25, 'F8ams_v6_US East_3': 25, 'F8as_v6_US East_1': 25, 'F8as_v6_US East_2': 25, 'M12ds_v3_US East_2': 25, 'M12s_v3_US East_3': 25, 'M16-8ms_US East_1': 25, 'M16-8ms_US East_2': 25, 'M16-8ms_US East_3': 25, 'M16ms_US East_1': 25, 'M16ms_US East_2': 25, 'M16ms_US East_3': 25, 'M32-16ms_US East_1': 25, 'M32-16ms_US East_3': 25, 'M32-8ms_US East_1': 25, 'M32-8ms_US East_2': 25, 'M32dms_v2_US East_1': 25, 'M32dms_v2_US East_2': 25, 'M32dms_v2_US East_3': 25, 'M32ls_US East_1': 25, 'M32ls_US East_2': 25, 'M32ls_US East_3': 25, 'M32ms_US East_1': 25, 'M32ms_US East_2': 25, 'M32ms_v2_US East_1': 25, 'M32ms_v2_US East_2': 25, 'M32ms_v2_US East_3': 25, 'M32ts_US East_1': 25, 'M32ts_US East_2': 25, 'M32ts_US East_3': 25, 'M64s_v2_US East_3': 25, 'M8-4ms_US East_1': 25, 'M8-4ms_US East_2': 25, 'M8-4ms_US East_3': 25, 'M8ms_US East_1': 25, 'M8ms_US East_2': 25, 'M8ms_US East_3': 25, 'NV4as_v4_US East_1': 25, 'NV4as_v4_US East_2': 25, 'NV4as_v4_US East_3': 25, 'NV6ads_A10_v5_US East_1': 25, 'NV6ads_A10_v5_US East_2': 25, 'NV8as_v4_US East_1': 25, 'NV8as_v4_US East_2': 25, 'NV8as_v4_US East_3': 25}"
0.96,1681.5677000000003,2746350307,1633208.2898000476,101625,101525,"{'B16pls_v2_US East_1': 25, 'B16pls_v2_US East_2': 25, 'B16pls_v2_US East_3': 25, 'B16ps_v2_US East_3': 25, 'B2pls_v2_US East_1': 25, 'B2pls_v2_US East_2': 25, 'B2pls_v2_US East_3': 25, 'B2ps_v2_US East_1': 25, 'B2ps_v2_US East_2': 25, 'B2ps_v2_US East_3': 25, 'B4pls_v2_US East_1': 25, 'B4pls_v2_US East_2': 25, 'B4pls_v2_US East_3': 25, 'B4ps_v2_US East_1': 25, 'B4ps_v2_US East_2': 25, 'B4ps_v2_US East_3': 25, 'B8pls_v2_US East_1': 25, 'B8pls_v2_US East_2': 25, 'B8pls_v2_US East_3': 25, 'B8ps_v2_US East_1': 25, 'B8ps_v2_US East_2': 25, 'B8ps_v2_US East_3': 25, 'D16ads_v6_US East_2': 25, 'D16ads_v6_US East_3': 25, 'D16alds_v6_US East_1': 25, 'D16alds_v6_US East_3': 25, 'D16als_v6_US East_1': 25, 'D16als_v6_US East_3': 25, 'D16as_v6_US East_1': 25, 'D16as_v6_US East_2': 25, 'D16pds_v5_US East_3': 25, 'D16plds_v5_US East_2': 25, 'D16plds_v5_US East_3': 25, 'D16pls_v5_US East_1': 25, 'D16pls_v5_US East_2': 25, 'D16ps_v5_US East_2': 25, 'D2ads_v6_US East_1': 25, 'D2ads_v6_US East_2': 25, 'D2ads_v6_US East_3': 25, 'D2alds_v6_US East_1': 25, 'D2alds_v6_US East_2': 25, 'D2alds_v6_US East_3': 25, 'D2als_v6_US East_1': 25, 'D2als_v6_US East_2': 25, 'D2als_v6_US East_3': 25, 'D2as_v6_US East_1': 25, 'D2as_v6_US East_2': 25, 'D2as_v6_US East_3': 25, 'D2pds_v5_US East_1': 25, 'D2pds_v5_US East_2': 25, 'D2pds_v5_US East_3': 25, 'D2plds_v5_US East_1': 25, 'D2plds_v5_US East_2': 25, 'D2plds_v5_US East_3': 25, 'D2pls_v5_US East_1': 25, 'D2pls_v5_US East_2': 25, 'D2pls_v5_US East_3': 25, 'D2ps_v5_US East_1': 25, 'D2ps_v5_US East_2': 25, 'D2ps_v5_US East_3': 25, 'D32ads_v6_US East_1': 25, 'D32ads_v6_US East_2': 25, 'D32alds_v6_US East_2': 25, 'D32alds_v6_US East_3': 25, 'D32als_v6_US East_1': 25, 'D32als_v6_US East_3': 25, 'D32as_v6_US East_2': 25, 'D32as_v6_US East_3': 25, 'D32plds_v5_US East_1': 25, 'D32pls_v5_US East_2': 25, 'D48ads_v6_US East_2': 25, 'D48alds_v6_US East_3': 25, 'D48als_v6_US East_1': 25, 'D48als_v6_US East_2': 25, 'D4ads_v6_US East_1': 25, 'D4ads_v6_US East_2': 25, 'D4ads_v6_US East_3': 25, 'D4alds_v6_US East_1': 25, 'D4alds_v6_US East_2': 25, 'D4alds_v6_US East_3': 25, 'D4als_v6_US East_1': 25, 'D4als_v6_US East_2': 25, 'D4als_v6_US East_3': 25, 'D4as_v6_US East_1': 25, 'D4as_v6_US East_2': 25, 'D4as_v6_US East_3': 25, 'D4pds_v5_US East_1': 25, 'D4pds_v5_US East_2': 25, 'D4pds_v5_US East_3': 25, 'D4plds_v5_US East_1': 25, 'D4plds_v5_US East_2': 25, 'D4plds_v5_US East_3': 25, 'D4pls_v5_US East_1': 25, 'D4pls_v5_US East_2': 25, 'D4pls_v5_US East_3': 25, 'D4ps_v5_US East_1': 25, 'D4ps_v5_US East_2': 25, 'D4ps_v5_US East_3': 25, 'D64ads_v6_US East_3': 25, 'D64alds_v6_US East_1': 25, 'D64als_v6_US East_2': 25, 'D64as_v6_US East_3': 25, 'D8ads_v6_US East_1': 25, 'D8ads_v6_US East_2': 25, 'D8alds_v6_US East_2': 25, 'D8alds_v6_US East_3': 25, 'D8als_v6_US East_1': 25, 'D8als_v6_US East_2': 25, 'D8als_v6_US East_3': 25, 'D8as_v6_US East_1': 25, 'D8as_v6_US East_3': 25, 'D8plds_v5_US East_1': 25, 'D8plds_v5_US East_2': 25, 'D8plds_v5_US East_3': 25, 'D8pls_v5_US East_1': 25, 'D8pls_v5_US East_2': 25, 'D8pls_v5_US East_3': 25, 'D8ps_v5_US East_1': 25, 'D8ps_v5_US East_2': 25, 'D8ps_v5_US East_3': 25, 'D96ads_v6_US East_3': 25, 'D96alds_v6_US East_3': 25, 'D96als_v6_US East_3': 25, 'D96as_v6_US East_2': 25, 'DC1s_v2_US East_1': 25, 'DC2s_v2_US East_2': 25, 'E16ads_v6_US East_2': 25, 'E16ads_v6_US East_3': 25, 'E16as_v6_US East_1': 25, 'E16as_v6_US East_2': 25, 'E20ads_v6_US East_1': 25, 'E20ads_v6_US East_3': 25, 'E20as_v6_US East_1': 25, 'E20as_v6_US East_3': 25, 'E2ads_v6_US East_1': 25, 'E2ads_v6_US East_2': 25, 'E2ads_v6_US East_3': 25, 'E2as_v6_US East_1': 25, 'E2as_v6_US East_2': 25, 'E2as_v6_US East_3': 25, 'E2ps_v5_US East_1': 25, 'E2ps_v5_US East_2': 25, 'E2ps_v5_US East_3': 25, 'E32ads_v6_US East_2': 25, 'E32as_v6_US East_2': 25, 'E48ads_v6_US East_3': 25, 'E48as_v6_US East_2': 25, 'E4ads_v6_US East_1': 25, 'E4ads_v6_US East_2': 25, 'E4ads_v6_US East_3': 25, 'E4as_v6_US East_1': 25, 'E4as_v6_US East_2': 25, 'E4as_v6_US East_3': 25, 'E4ps_v5_US East_1': 25, 'E4ps_v5_US East_2': 25, 'E4ps_v5_US East_3': 25, 'E64ads_v6_US East_2': 25, 'E64as_v6_US East_3': 25, 'E8ads_v6_US East_2': 25, 'E8ads_v6_US East_3': 25, 'E8as_v6_US East_2': 25, 'E8as_v6_US East_3': 25, 'E8ps_v5_US East_1': 25, 'E96-24ads_v6_US East_3': 25, 'E96-48ads_v6_US East_2': 25, 'E96ads_v6_US East_3': 25, 'E96as_v6_US East_1': 25, 'F16als_v6_US East_2': 25, 'F16als_v6_US East_3': 25, 'F16ams_v6_US East_2': 25, 'F16ams_v6_US East_3': 25, 'F16as_v6_US East_1': 25, 'F16as_v6_US East_3': 25, 'F2als_v6_US East_1': 25, 'F2als_v6_US East_2': 25, 'F2als_v6_US East_3': 25, 'F2ams_v6_US East_1': 25, 'F2ams_v6_US East_2': 25, 'F2ams_v6_US East_3': 25, 'F2as_v6_US East_1': 25, 'F2as_v6_US East_2': 25, 'F2as_v6_US East_3': 25, 'F32als_v6_US East_2': 25, 'F32ams_v6_US East_1': 25, 'F32as_v6_US East_1': 25, 'F48als_v6_US East_2': 25, 'F48ams_v6_US East_3': 25, 'F48as_v6_US East_2': 25, 'F4als_v6_US East_1': 25, 'F4als_v6_US East_3': 25, 'F4ams_v6_US East_2': 25, 'F4ams_v6_US East_3': 25, 'F4as_v6_US East_2': 25, 'F4as_v6_US East_3': 25, 'F64als_v6_US East_3': 25, 'F64ams_v6_US East_1': 25, 'F64as_v6_US East_2': 25, 'F8als_v6_US East_1': 25, 'F8als_v6_US East_3': 25, 'F8ams_v6_US East_1': 25, 'F8ams_v6_US East_3': 25, 'F8as_v6_US East_1': 25, 'F8as_v6_US East_2': 25, 'M12ds_v3_US East_2': 25, 'M12s_v3_US East_3': 25, 'M16-4ms_US East_1': 25, 'M16-4ms_US East_2': 25, 'M16-4ms_US East_3': 25, 'M16-8ms_US East_1': 25, 'M16-8ms_US East_2': 25, 'M16-8ms_US East_3': 25, 'M16ms_US East_1': 25, 'M16ms_US East_2': 25, 'M16ms_US East_3': 25, 'M32-16ms_US East_1': 25, 'M32-16ms_US East_3': 25, 'M32-8ms_US East_1': 25, 'M32-8ms_US East_2': 25, 'M32dms_v2_US East_1': 25, 'M32dms_v2_US East_2': 25, 'M32dms_v2_US East_3': 25, 'M32ls_US East_1': 25, 'M32ls_US East_2': 25, 'M32ls_US East_3': 25, 'M32ms_US East_1': 25, 'M32ms_US East_2': 25, 'M32ms_v2_US East_1': 25, 'M32ms_v2_US East_2': 25, 'M32ms_v2_US East_3': 25, 'M32ts_US East_1': 25, 'M32ts_US East_2': 25, 'M32ts_US East_3': 25, 'M64s_v2_US East_3': 25, 'M8-2ms_US East_1': 25, 'M8-2ms_US East_2': 25, 'M8-2ms_US East_3': 25, 'M8-4ms_US East_1': 25, 'M8-4ms_US East_2': 25, 'M8-4ms_US East_3': 25, 'M8ms_US East_1': 25, 'M8ms_US East_2': 25, 'M8ms_US East_3': 25, 'NV4as_v4_US East_1': 25, 'NV4as_v4_US East_2': 25, 'NV4as_v4_US East_3': 25, 'NV6ads_A10_v5_US East_1': 25, 'NV6ads_A10_v5_US East_2': 25, 'NV8as_v4_US East_1': 25, 'NV8as_v4_US East_2': 25, 'NV8as_v4_US East_3': 25}"
0.97,1681.5677000000003,2746350307,1633208.2898000476,101625,101525,"{'B16pls_v2_US East_1': 25, 'B16pls_v2_US East_2': 25, 'B16pls_v2_US East_3': 25, 'B16ps_v2_US East_3': 25, 'B2pls_v2_US East_1': 25, 'B2pls_v2_US East_2': 25, 'B2pls_v2_US East_3': 25, 'B2ps_v2_US East_1': 25, 'B2ps_v2_US East_2': 25, 'B2ps_v2_US East_3': 25, 'B4pls_v2_US East_1': 25, 'B4pls_v2_US East_2': 25, 'B4pls_v2_US East_3': 25, 'B4ps_v2_US East_1': 25, 'B4ps_v2_US East_2': 25, 'B4ps_v2_US East_3': 25, 'B8pls_v2_US East_1': 25, 'B8pls_v2_US East_2': 25, 'B8pls_v2_US East_3': 25, 'B8ps_v2_US East_1': 25, 'B8ps_v2_US East_2': 25, 'B8ps_v2_US East_3': 25, 'D16ads_v6_US East_2': 25, 'D16ads_v6_US East_3': 25, 'D16alds_v6_US East_1': 25, 'D16alds_v6_US East_3': 25, 'D16als_v6_US East_1': 25, 'D16als_v6_US East_3': 25, 'D16as_v6_US East_1': 25, 'D16as_v6_US East_2': 25, 'D16pds_v5_US East_3': 25, 'D16plds_v5_US East_2': 25, 'D16plds_v5_US East_3': 25, 'D16pls_v5_US East_1': 25, 'D16pls_v5_US East_2': 25, 'D16ps_v5_US East_2': 25, 'D2ads_v6_US East_1': 25, 'D2ads_v6_US East_2': 25, 'D2ads_v6_US East_3': 25, 'D2alds_v6_US East_1': 25, 'D2alds_v6_US East_2': 25, 'D2alds_v6_US East_3': 25, 'D2als_v6_US East_1': 25, 'D2als_v6_US East_2': 25, 'D2als_v6_US East_3': 25, 'D2as_v6_US East_1': 25, 'D2as_v6_US East_2': 25, 'D2as_v6_US East_3': 25, 'D2pds_v5_US East_1': 25, 'D2pds_v5_US East_2': 25, 'D2pds_v5_US East_3': 25, 'D2plds_v5_US East_1': 25, 'D2plds_v5_US East_2': 25, 'D2plds_v5_US East_3': 25, 'D2pls_v5_US East_1': 25, 'D2pls_v5_US East_2': 25, 'D2pls_v5_US East_3': 25, 'D2ps_v5_US East_1': 25, 'D2ps_v5_US East_2': 25, 'D2ps_v5_US East_3': 25, 'D32ads_v6_US East_1': 25, 'D32ads_v6_US East_2': 25, 'D32alds_v6_US East_2': 25, 'D32alds_v6_US East_3': 25, 'D32als_v6_US East_1': 25, 'D32als_v6_US East_3': 25, 'D32as_v6_US East_2': 25, 'D32as_v6_US East_3': 25, 'D32plds_v5_US East_1': 25, 'D32pls_v5_US East_2': 25, 'D48ads_v6_US East_2': 25, 'D48alds_v6_US East_3': 25, 'D48als_v6_US East_1': 25, 'D48als_v6_US East_2': 25, 'D4ads_v6_US East_1': 25, 'D4ads_v6_US East_2': 25, 'D4ads_v6_US East_3': 25, 'D4alds_v6_US East_1': 25, 'D4alds_v6_US East_2': 25, 'D4alds_v6_US East_3': 25, 'D4als_v6_US East_1': 25, 'D4als_v6_US East_2': 25, 'D4als_v6_US East_3': 25, 'D4as_v6_US East_1': 25, 'D4as_v6_US East_2': 25, 'D4as_v6_US East_3': 25, 'D4pds_v5_US East_1': 25, 'D4pds_v5_US East_2': 25, 'D4pds_v5_US East_3': 25, 'D4plds_v5_US East_1': 25, 'D4plds_v5_US East_2': 25, 'D4plds_v5_US East_3': 25, 'D4pls_v5_US East_1': 25, 'D4pls_v5_US East_2': 25, 'D4pls_v5_US East_3': 25, 'D4ps_v5_US East_1': 25, 'D4ps_v5_US East_2': 25, 'D4ps_v5_US East_3': 25, 'D64ads_v6_US East_3': 25, 'D64alds_v6_US East_1': 25, 'D64als_v6_US East_2': 25, 'D64as_v6_US East_3': 25, 'D8ads_v6_US East_1': 25, 'D8ads_v6_US East_2': 25, 'D8alds_v6_US East_2': 25, 'D8alds_v6_US East_3': 25, 'D8als_v6_US East_1': 25, 'D8als_v6_US East_2': 25, 'D8als_v6_US East_3': 25, 'D8as_v6_US East_1': 25, 'D8as_v6_US East_3': 25, 'D8plds_v5_US East_1': 25, 'D8plds_v5_US East_2': 25, 'D8plds_v5_US East_3': 25, 'D8pls_v5_US East_1': 25, 'D8pls_v5_US East_2': 25, 'D8pls_v5_US East_3': 25, 'D8ps_v5_US East_1': 25, 'D8ps_v5_US East_2': 25, 'D8ps_v5_US East_3': 25, 'D96ads_v6_US East_3': 25, 'D96alds_v6_US East_3': 25, 'D96als_v6_US East_3': 25, 'D96as_v6_US East_2': 25, 'DC1s_v2_US East_1': 25, 'DC2s_v2_US East_2': 25, 'E16ads_v6_US East_2': 25, 'E16ads_v6_US East_3': 25, 'E16as_v6_US East_1': 25, 'E16as_v6_US East_2': 25, 'E20ads_v6_US East_1': 25, 'E20ads_v6_US East_3': 25, 'E20as_v6_US East_1': 25, 'E20as_v6_US East_3': 25, 'E2ads_v6_US East_1': 25, 'E2ads_v6_US East_2': 25, 'E2ads_v6_US East_3': 25, 'E2as_v6_US East_1': 25, 'E2as_v6_US East_2': 25, 'E2as_v6_US East_3': 25, 'E2ps_v5_US East_1': 25, 'E2ps_v5_US East_2': 25, 'E2ps_v5_US East_3': 25, 'E32ads_v6_US East_2': 25, 'E32as_v6_US East_2': 25, 'E48ads_v6_US East_3': 25, 'E48as_v6_US East_2': 25, 'E4ads_v6_US East_1': 25, 'E4ads_v6_US East_2': 25, 'E4ads_v6_US East_3': 25, 'E4as_v6_US East_1': 25, 'E4as_v6_US East_2': 25, 'E4as_v6_US East_3': 25, 'E4ps_v5_US East_1': 25, 'E4ps_v5_US East_2': 25, 'E4ps_v5_US East_3': 25, 'E64ads_v6_US East_2': 25, 'E64as_v6_US East_3': 25, 'E8ads_v6_US East_2': 25, 'E8ads_v6_US East_3': 25, 'E8as_v6_US East_2': 25, 'E8as_v6_US East_3': 25, 'E8ps_v5_US East_1': 25, 'E96-24ads_v6_US East_3': 25, 'E96-48ads_v6_US East_2': 25, 'E96ads_v6_US East_3': 25, 'E96as_v6_US East_1': 25, 'F16als_v6_US East_2': 25, 'F16als_v6_US East_3': 25, 'F16ams_v6_US East_2': 25, 'F16ams_v6_US East_3': 25, 'F16as_v6_US East_1': 25, 'F16as_v6_US East_3': 25, 'F2als_v6_US East_1': 25, 'F2als_v6_US East_2': 25, 'F2als_v6_US East_3': 25, 'F2ams_v6_US East_1': 25, 'F2ams_v6_US East_2': 25, 'F2ams_v6_US East_3': 25, 'F2as_v6_US East_1': 25, 'F2as_v6_US East_2': 25, 'F2as_v6_US East_3': 25, 'F32als_v6_US East_2': 25, 'F32ams_v6_US East_1': 25, 'F32as_v6_US East_1': 25, 'F48als_v6_US East_2': 25, 'F48ams_v6_US East_3': 25, 'F48as_v6_US East_2': 25, 'F4als_v6_US East_1': 25, 'F4als_v6_US East_3': 25, 'F4ams_v6_US East_2': 25, 'F4ams_v6_US East_3': 25, 'F4as_v6_US East_2': 25, 'F4as_v6_US East_3': 25, 'F64als_v6_US East_3': 25, 'F64ams_v6_US East_1': 25, 'F64as_v6_US East_2': 25, 'F8als_v6_US East_1': 25, 'F8als_v6_US East_3': 25, 'F8ams_v6_US East_1': 25, 'F8ams_v6_US East_3': 25, 'F8as_v6_US East_1': 25, 'F8as_v6_US East_2': 25, 'M12ds_v3_US East_2': 25, 'M12s_v3_US East_3': 25, 'M16-4ms_US East_1': 25, 'M16-4ms_US East_2': 25, 'M16-4ms_US East_3': 25, 'M16-8ms_US East_1': 25, 'M16-8ms_US East_2': 25, 'M16-8ms_US East_3': 25, 'M16ms_US East_1': 25, 'M16ms_US East_2': 25, 'M16ms_US East_3': 25, 'M32-16ms_US East_1': 25, 'M32-16ms_US East_3': 25, 'M32-8ms_US East_1': 25, 'M32-8ms_US East_2': 25, 'M32dms_v2_US East_1': 25, 'M32dms_v2_US East_2': 25, 'M32dms_v2_US East_3': 25, 'M32ls_US East_1': 25, 'M32ls_US East_2': 25, 'M32ls_US East_3': 25, 'M32ms_US East_1': 25, 'M32ms_US East_2': 25, 'M32ms_v2_US East_1': 25, 'M32ms_v2_US East_2': 25, 'M32ms_v2_US East_3': 25, 'M32ts_US East_1': 25, 'M32ts_US East_2': 25, 'M32ts_US East_3': 25, 'M64s_v2_US East_3': 25, 'M8-2ms_US East_1': 25, 'M8-2ms_US East_2': 25, 'M8-2ms_US East_3': 25, 'M8-4ms_US East_1': 25, 'M8-4ms_US East_2': 25, 'M8-4ms_US East_3': 25, 'M8ms_US East_1': 25, 'M8ms_US East_2': 25, 'M8ms_US East_3': 25, 'NV4as_v4_US East_1': 25, 'NV4as_v4_US East_2': 25, 'NV4as_v4_US East_3': 25, 'NV6ads_A10_v5_US East_1': 25, 'NV6ads_A10_v5_US East_2': 25, 'NV8as_v4_US East_1': 25, 'NV8as_v4_US East_2': 25, 'NV8as_v4_US East_3': 25}"
0.98,1681.5677000000003,2746350307,1633208.2898000476,101625,101525,"{'B16pls_v2_US East_1': 25, 'B16pls_v2_US East_2': 25, 'B16pls_v2_US East_3': 25, 'B16ps_v2_US East_3': 25, 'B2pls_v2_US East_1': 25, 'B2pls_v2_US East_2': 25, 'B2pls_v2_US East_3': 25, 'B2ps_v2_US East_1': 25, 'B2ps_v2_US East_2': 25, 'B2ps_v2_US East_3': 25, 'B4pls_v2_US East_1': 25, 'B4pls_v2_US East_2': 25, 'B4pls_v2_US East_3': 25, 'B4ps_v2_US East_1': 25, 'B4ps_v2_US East_2': 25, 'B4ps_v2_US East_3': 25, 'B8pls_v2_US East_1': 25, 'B8pls_v2_US East_2': 25, 'B8pls_v2_US East_3': 25, 'B8ps_v2_US East_1': 25, 'B8ps_v2_US East_2': 25, 'B8ps_v2_US East_3': 25, 'D16ads_v6_US East_2': 25, 'D16ads_v6_US East_3': 25, 'D16alds_v6_US East_1': 25, 'D16alds_v6_US East_3': 25, 'D16als_v6_US East_1': 25, 'D16als_v6_US East_3': 25, 'D16as_v6_US East_1': 25, 'D16as_v6_US East_2': 25, 'D16pds_v5_US East_3': 25, 'D16plds_v5_US East_2': 25, 'D16plds_v5_US East_3': 25, 'D16pls_v5_US East_1': 25, 'D16pls_v5_US East_2': 25, 'D16ps_v5_US East_2': 25, 'D2ads_v6_US East_1': 25, 'D2ads_v6_US East_2': 25, 'D2ads_v6_US East_3': 25, 'D2alds_v6_US East_1': 25, 'D2alds_v6_US East_2': 25, 'D2alds_v6_US East_3': 25, 'D2als_v6_US East_1': 25, 'D2als_v6_US East_2': 25, 'D2als_v6_US East_3': 25, 'D2as_v6_US East_1': 25, 'D2as_v6_US East_2': 25, 'D2as_v6_US East_3': 25, 'D2pds_v5_US East_1': 25, 'D2pds_v5_US East_2': 25, 'D2pds_v5_US East_3': 25, 'D2plds_v5_US East_1': 25, 'D2plds_v5_US East_2': 25, 'D2plds_v5_US East_3': 25, 'D2pls_v5_US East_1': 25, 'D2pls_v5_US East_2': 25, 'D2pls_v5_US East_3': 25, 'D2ps_v5_US East_1': 25, 'D2ps_v5_US East_2': 25, 'D2ps_v5_US East_3': 25, 'D32ads_v6_US East_1': 25, 'D32ads_v6_US East_2': 25, 'D32alds_v6_US East_2': 25, 'D32alds_v6_US East_3': 25, 'D32als_v6_US East_1': 25, 'D32als_v6_US East_3': 25, 'D32as_v6_US East_2': 25, 'D32as_v6_US East_3': 25, 'D32plds_v5_US East_1': 25, 'D32pls_v5_US East_2': 25, 'D48ads_v6_US East_2': 25, 'D48alds_v6_US East_3': 25, 'D48als_v6_US East_1': 25, 'D48als_v6_US East_2': 25, 'D4ads_v6_US East_1': 25, 'D4ads_v6_US East_2': 25, 'D4ads_v6_US East_3': 25, 'D4alds_v6_US East_1': 25, 'D4alds_v6_US East_2': 25, 'D4alds_v6_US East_3': 25, 'D4als_v6_US East_1': 25, 'D4als_v6_US East_2': 25, 'D4als_v6_US East_3': 25, 'D4as_v6_US East_1': 25, 'D4as_v6_US East_2': 25, 'D4as_v6_US East_3': 25, 'D4pds_v5_US East_1': 25, 'D4pds_v5_US East_2': 25, 'D4pds_v5_US East_3': 25, 'D4plds_v5_US East_1': 25, 'D4plds_v5_US East_2': 25, 'D4plds_v5_US East_3': 25, 'D4pls_v5_US East_1': 25, 'D4pls_v5_US East_2': 25, 'D4pls_v5_US East_3': 25, 'D4ps_v5_US East_1': 25, 'D4ps_v5_US East_2': 25, 'D4ps_v5_US East_3': 25, 'D64ads_v6_US East_3': 25, 'D64alds_v6_US East_1': 25, 'D64als_v6_US East_2': 25, 'D64as_v6_US East_3': 25, 'D8ads_v6_US East_1': 25, 'D8ads_v6_US East_2': 25, 'D8alds_v6_US East_2': 25, 'D8alds_v6_US East_3': 25, 'D8als_v6_US East_1': 25, 'D8als_v6_US East_2': 25, 'D8als_v6_US East_3': 25, 'D8as_v6_US East_1': 25, 'D8as_v6_US East_3': 25, 'D8plds_v5_US East_1': 25, 'D8plds_v5_US East_2': 25, 'D8plds_v5_US East_3': 25, 'D8pls_v5_US East_1': 25, 'D8pls_v5_US East_2': 25, 'D8pls_v5_US East_3': 25, 'D8ps_v5_US East_1': 25, 'D8ps_v5_US East_2': 25, 'D8ps_v5_US East_3': 25, 'D96ads_v6_US East_3': 25, 'D96alds_v6_US East_3': 25, 'D96als_v6_US East_3': 25, 'D96as_v6_US East_2': 25, 'DC1s_v2_US East_1': 25, 'DC2s_v2_US East_2': 25, 'E16ads_v6_US East_2': 25, 'E16ads_v6_US East_3': 25, 'E16as_v6_US East_1': 25, 'E16as_v6_US East_2': 25, 'E20ads_v6_US East_1': 25, 'E20ads_v6_US East_3': 25, 'E20as_v6_US East_1': 25, 'E20as_v6_US East_3': 25, 'E2ads_v6_US East_1': 25, 'E2ads_v6_US East_2': 25, 'E2ads_v6_US East_3': 25, 'E2as_v6_US East_1': 25, 'E2as_v6_US East_2': 25, 'E2as_v6_US East_3': 25, 'E2ps_v5_US East_1': 25, 'E2ps_v5_US East_2': 25, 'E2ps_v5_US East_3': 25, 'E32ads_v6_US East_2': 25, 'E32as_v6_US East_2': 25, 'E48ads_v6_US East_3': 25, 'E48as_v6_US East_2': 25, 'E4ads_v6_US East_1': 25, 'E4ads_v6_US East_2': 25, 'E4ads_v6_US East_3': 25, 'E4as_v6_US East_1': 25, 'E4as_v6_US East_2': 25, 'E4as_v6_US East_3': 25, 'E4ps_v5_US East_1': 25, 'E4ps_v5_US East_2': 25, 'E4ps_v5_US East_3': 25, 'E64ads_v6_US East_2': 25, 'E64as_v6_US East_3': 25, 'E8ads_v6_US East_2': 25, 'E8ads_v6_US East_3': 25, 'E8as_v6_US East_2': 25, 'E8as_v6_US East_3': 25, 'E8ps_v5_US East_1': 25, 'E96-24ads_v6_US East_3': 25, 'E96-48ads_v6_US East_2': 25, 'E96ads_v6_US East_3': 25, 'E96as_v6_US East_1': 25, 'F16als_v6_US East_2': 25, 'F16als_v6_US East_3': 25, 'F16ams_v6_US East_2': 25, 'F16ams_v6_US East_3': 25, 'F16as_v6_US East_1': 25, 'F16as_v6_US East_3': 25, 'F2als_v6_US East_1': 25, 'F2als_v6_US East_2': 25, 'F2als_v6_US East_3': 25, 'F2ams_v6_US East_1': 25, 'F2ams_v6_US East_2': 25, 'F2ams_v6_US East_3': 25, 'F2as_v6_US East_1': 25, 'F2as_v6_US East_2': 25, 'F2as_v6_US East_3': 25, 'F32als_v6_US East_2': 25, 'F32ams_v6_US East_1': 25, 'F32as_v6_US East_1': 25, 'F48als_v6_US East_2': 25, 'F48ams_v6_US East_3': 25, 'F48as_v6_US East_2': 25, 'F4als_v6_US East_1': 25, 'F4als_v6_US East_3': 25, 'F4ams_v6_US East_2': 25, 'F4ams_v6_US East_3': 25, 'F4as_v6_US East_2': 25, 'F4as_v6_US East_3': 25, 'F64als_v6_US East_3': 25, 'F64ams_v6_US East_1': 25, 'F64as_v6_US East_2': 25, 'F8als_v6_US East_1': 25, 'F8als_v6_US East_3': 25, 'F8ams_v6_US East_1': 25, 'F8ams_v6_US East_3': 25, 'F8as_v6_US East_1': 25, 'F8as_v6_US East_2': 25, 'M12ds_v3_US East_2': 25, 'M12s_v3_US East_3': 25, 'M16-4ms_US East_1': 25, 'M16-4ms_US East_2': 25, 'M16-4ms_US East_3': 25, 'M16-8ms_US East_1': 25, 'M16-8ms_US East_2': 25, 'M16-8ms_US East_3': 25, 'M16ms_US East_1': 25, 'M16ms_US East_2': 25, 'M16ms_US East_3': 25, 'M32-16ms_US East_1': 25, 'M32-16ms_US East_3': 25, 'M32-8ms_US East_1': 25, 'M32-8ms_US East_2': 25, 'M32dms_v2_US East_1': 25, 'M32dms_v2_US East_2': 25, 'M32dms_v2_US East_3': 25, 'M32ls_US East_1': 25, 'M32ls_US East_2': 25, 'M32ls_US East_3': 25, 'M32ms_US East_1': 25, 'M32ms_US East_2': 25, 'M32ms_v2_US East_1': 25, 'M32ms_v2_US East_2': 25, 'M32ms_v2_US East_3': 25, 'M32ts_US East_1': 25, 'M32ts_US East_2': 25, 'M32ts_US East_3': 25, 'M64s_v2_US East_3': 25, 'M8-2ms_US East_1': 25, 'M8-2ms_US East_2': 25, 'M8-2ms_US East_3': 25, 'M8-4ms_US East_1': 25, 'M8-4ms_US East_2': 25, 'M8-4ms_US East_3': 25, 'M8ms_US East_1': 25, 'M8ms_US East_2': 25, 'M8ms_US East_3': 25, 'NV4as_v4_US East_1': 25, 'NV4as_v4_US East_2': 25, 'NV4as_v4_US East_3': 25, 'NV6ads_A10_v5_US East_1': 25, 'NV6ads_A10_v5_US East_2': 25, 'NV8as_v4_US East_1': 25, 'NV8as_v4_US East_2': 25, 'NV8as_v4_US East_3': 25}"
0.99,1681.5677000000003,2746350307,1633208.2898000476,101625,101525,"{'B16pls_v2_US East_1': 25, 'B16pls_v2_US East_2': 25, 'B16pls_v2_US East_3': 25, 'B16ps_v2_US East_3': 25, 'B2pls_v2_US East_1': 25, 'B2pls_v2_US East_2': 25, 'B2pls_v2_US East_3': 25, 'B2ps_v2_US East_1': 25, 'B2ps_v2_US East_2': 25, 'B2ps_v2_US East_3': 25, 'B4pls_v2_US East_1': 25, 'B4pls_v2_US East_2': 25, 'B4pls_v2_US East_3': 25, 'B4ps_v2_US East_1': 25, 'B4ps_v2_US East_2': 25, 'B4ps_v2_US East_3': 25, 'B8pls_v2_US East_1': 25, 'B8pls_v2_US East_2': 25, 'B8pls_v2_US East_3': 25, 'B8ps_v2_US East_1': 25, 'B8ps_v2_US East_2': 25, 'B8ps_v2_US East_3': 25, 'D16ads_v6_US East_2': 25, 'D16ads_v6_US East_3': 25, 'D16alds_v6_US East_1': 25, 'D16alds_v6_US East_3': 25, 'D16als_v6_US East_1': 25, 'D16als_v6_US East_3': 25, 'D16as_v6_US East_1': 25, 'D16as_v6_US East_2': 25, 'D16pds_v5_US East_3': 25, 'D16plds_v5_US East_2': 25, 'D16plds_v5_US East_3': 25, 'D16pls_v5_US East_1': 25, 'D16pls_v5_US East_2': 25, 'D16ps_v5_US East_2': 25, 'D2ads_v6_US East_1': 25, 'D2ads_v6_US East_2': 25, 'D2ads_v6_US East_3': 25, 'D2alds_v6_US East_1': 25, 'D2alds_v6_US East_2': 25, 'D2alds_v6_US East_3': 25, 'D2als_v6_US East_1': 25, 'D2als_v6_US East_2': 25, 'D2als_v6_US East_3': 25, 'D2as_v6_US East_1': 25, 'D2as_v6_US East_2': 25, 'D2as_v6_US East_3': 25, 'D2pds_v5_US East_1': 25, 'D2pds_v5_US East_2': 25, 'D2pds_v5_US East_3': 25, 'D2plds_v5_US East_1': 25, 'D2plds_v5_US East_2': 25, 'D2plds_v5_US East_3': 25, 'D2pls_v5_US East_1': 25, 'D2pls_v5_US East_2': 25, 'D2pls_v5_US East_3': 25, 'D2ps_v5_US East_1': 25, 'D2ps_v5_US East_2': 25, 'D2ps_v5_US East_3': 25, 'D32ads_v6_US East_1': 25, 'D32ads_v6_US East_2': 25, 'D32alds_v6_US East_2': 25, 'D32alds_v6_US East_3': 25, 'D32als_v6_US East_1': 25, 'D32als_v6_US East_3': 25, 'D32as_v6_US East_2': 25, 'D32as_v6_US East_3': 25, 'D32plds_v5_US East_1': 25, 'D32pls_v5_US East_2': 25, 'D48ads_v6_US East_2': 25, 'D48alds_v6_US East_3': 25, 'D48als_v6_US East_1': 25, 'D48als_v6_US East_2': 25, 'D4ads_v6_US East_1': 25, 'D4ads_v6_US East_2': 25, 'D4ads_v6_US East_3': 25, 'D4alds_v6_US East_1': 25, 'D4alds_v6_US East_2': 25, 'D4alds_v6_US East_3': 25, 'D4als_v6_US East_1': 25, 'D4als_v6_US East_2': 25, 'D4als_v6_US East_3': 25, 'D4as_v6_US East_1': 25, 'D4as_v6_US East_2': 25, 'D4as_v6_US East_3': 25, 'D4pds_v5_US East_1': 25, 'D4pds_v5_US East_2': 25, 'D4pds_v5_US East_3': 25, 'D4plds_v5_US East_1': 25, 'D4plds_v5_US East_2': 25, 'D4plds_v5_US East_3': 25, 'D4pls_v5_US East_1': 25, 'D4pls_v5_US East_2': 25, 'D4pls_v5_US East_3': 25, 'D4ps_v5_US East_1': 25, 'D4ps_v5_US East_2': 25, 'D4ps_v5_US East_3': 25, 'D64ads_v6_US East_3': 25, 'D64alds_v6_US East_1': 25, 'D64als_v6_US East_2': 25, 'D64as_v6_US East_3': 25, 'D8ads_v6_US East_1': 25, 'D8ads_v6_US East_2': 25, 'D8alds_v6_US East_2': 25, 'D8alds_v6_US East_3': 25, 'D8als_v6_US East_1': 25, 'D8als_v6_US East_2': 25, 'D8als_v6_US East_3': 25, 'D8as_v6_US East_1': 25, 'D8as_v6_US East_3': 25, 'D8plds_v5_US East_1': 25, 'D8plds_v5_US East_2': 25, 'D8plds_v5_US East_3': 25, 'D8pls_v5_US East_1': 25, 'D8pls_v5_US East_2': 25, 'D8pls_v5_US East_3': 25, 'D8ps_v5_US East_1': 25, 'D8ps_v5_US East_2': 25, 'D8ps_v5_US East_3': 25, 'D96ads_v6_US East_3': 25, 'D96alds_v6_US East_3': 25, 'D96als_v6_US East_3': 25, 'D96as_v6_US East_2': 25, 'DC1s_v2_US East_1': 25, 'DC2s_v2_US East_2': 25, 'E16ads_v6_US East_2': 25, 'E16ads_v6_US East_3': 25, 'E16as_v6_US East_1': 25, 'E16as_v6_US East_2': 25, 'E20ads_v6_US East_1': 25, 'E20ads_v6_US East_3': 25, 'E20as_v6_US East_1': 25, 'E20as_v6_US East_3': 25, 'E2ads_v6_US East_1': 25, 'E2ads_v6_US East_2': 25, 'E2ads_v6_US East_3': 25, 'E2as_v6_US East_1': 25, 'E2as_v6_US East_2': 25, 'E2as_v6_US East_3': 25, 'E2ps_v5_US East_1': 25, 'E2ps_v5_US East_2': 25, 'E2ps_v5_US East_3': 25, 'E32ads_v6_US East_2': 25, 'E32as_v6_US East_2': 25, 'E48ads_v6_US East_3': 25, 'E48as_v6_US East_2': 25, 'E4ads_v6_US East_1': 25, 'E4ads_v6_US East_2': 25, 'E4ads_v6_US East_3': 25, 'E4as_v6_US East_1': 25, 'E4as_v6_US East_2': 25, 'E4as_v6_US East_3': 25, 'E4ps_v5_US East_1': 25, 'E4ps_v5_US East_2': 25, 'E4ps_v5_US East_3': 25, 'E64ads_v6_US East_2': 25, 'E64as_v6_US East_3': 25, 'E8ads_v6_US East_2': 25, 'E8ads_v6_US East_3': 25, 'E8as_v6_US East_2': 25, 'E8as_v6_US East_3': 25, 'E8ps_v5_US East_1': 25, 'E96-24ads_v6_US East_3': 25, 'E96-48ads_v6_US East_2': 25, 'E96ads_v6_US East_3': 25, 'E96as_v6_US East_1': 25, 'F16als_v6_US East_2': 25, 'F16als_v6_US East_3': 25, 'F16ams_v6_US East_2': 25, 'F16ams_v6_US East_3': 25, 'F16as_v6_US East_1': 25, 'F16as_v6_US East_3': 25, 'F2als_v6_US East_1': 25, 'F2als_v6_US East_2': 25, 'F2als_v6_US East_3': 25, 'F2ams_v6_US East_1': 25, 'F2ams_v6_US East_2': 25, 'F2ams_v6_US East_3': 25, 'F2as_v6_US East_1': 25, 'F2as_v6_US East_2': 25, 'F2as_v6_US East_3': 25, 'F32als_v6_US East_2': 25, 'F32ams_v6_US East_1': 25, 'F32as_v6_US East_1': 25, 'F48als_v6_US East_2': 25, 'F48ams_v6_US East_3': 25, 'F48as_v6_US East_2': 25, 'F4als_v6_US East_1': 25, 'F4als_v6_US East_3': 25, 'F4ams_v6_US East_2': 25, 'F4ams_v6_US East_3': 25, 'F4as_v6_US East_2': 25, 'F4as_v6_US East_3': 25, 'F64als_v6_US East_3': 25, 'F64ams_v6_US East_1': 25, 'F64as_v6_US East_2': 25, 'F8als_v6_US East_1': 25, 'F8als_v6_US East_3': 25, 'F8ams_v6_US East_1': 25, 'F8ams_v6_US East_3': 25, 'F8as_v6_US East_1': 25, 'F8as_v6_US East_2': 25, 'M12ds_v3_US East_2': 25, 'M12s_v3_US East_3': 25, 'M16-4ms_US East_1': 25, 'M16-4ms_US East_2': 25, 'M16-4ms_US East_3': 25, 'M16-8ms_US East_1': 25, 'M16-8ms_US East_2': 25, 'M16-8ms_US East_3': 25, 'M16ms_US East_1': 25, 'M16ms_US East_2': 25, 'M16ms_US East_3': 25, 'M32-16ms_US East_1': 25, 'M32-16ms_US East_3': 25, 'M32-8ms_US East_1': 25, 'M32-8ms_US East_2': 25, 'M32dms_v2_US East_1': 25, 'M32dms_v2_US East_2': 25, 'M32dms_v2_US East_3': 25, 'M32ls_US East_1': 25, 'M32ls_US East_2': 25, 'M32ls_US East_3': 25, 'M32ms_US East_1': 25, 'M32ms_US East_2': 25, 'M32ms_v2_US East_1': 25, 'M32ms_v2_US East_2': 25, 'M32ms_v2_US East_3': 25, 'M32ts_US East_1': 25, 'M32ts_US East_2': 25, 'M32ts_US East_3': 25, 'M64s_v2_US East_3': 25, 'M8-2ms_US East_1': 25, 'M8-2ms_US East_2': 25, 'M8-2ms_US East_3': 25, 'M8-4ms_US East_1': 25, 'M8-4ms_US East_2': 25, 'M8-4ms_US East_3': 25, 'M8ms_US East_1': 25, 'M8ms_US East_2': 25, 'M8ms_US East_3': 25, 'NV4as_v4_US East_1': 25, 'NV4as_v4_US East_2': 25, 'NV4as_v4_US East_3': 25, 'NV6ads_A10_v5_US East_1': 25, 'NV6ads_A10_v5_US East_2': 25, 'NV8as_v4_US East_1': 25, 'NV8as_v4_US East_2': 25, 'NV8as_v4_US East_3': 25}"
1.0,1681.5677000000003,2746350307,1633208.2898000476,101625,101525,"{'B16pls_v2_US East_1': 25, 'B16pls_v2_US East_2': 25, 'B16pls_v2_US East_3': 25, 'B16ps_v2_US East_3': 25, 'B2pls_v2_US East_1': 25, 'B2pls_v2_US East_2': 25, 'B2pls_v2_US East_3': 25, 'B2ps_v2_US East_1': 25, 'B2ps_v2_US East_2': 25, 'B2ps_v2_US East_3': 25, 'B4pls_v2_US East_1': 25, 'B4pls_v2_US East_2': 25, 'B4pls_v2_US East_3': 25, 'B4ps_v2_US East_1': 25, 'B4ps_v2_US East_2': 25, 'B4ps_v2_US East_3': 25, 'B8pls_v2_US East_1': 25, 'B8pls_v2_US East_2': 25, 'B8pls_v2_US East_3': 25, 'B8ps_v2_US East_1': 25, 'B8ps_v2_US East_2': 25, 'B8ps_v2_US East_3': 25, 'D16ads_v6_US East_2': 25, 'D16ads_v6_US East_3': 25, 'D16alds_v6_US East_1': 25, 'D16alds_v6_US East_3': 25, 'D16als_v6_US East_1': 25, 'D16als_v6_US East_3': 25, 'D16as_v6_US East_1': 25, 'D16as_v6_US East_2': 25, 'D16pds_v5_US East_3': 25, 'D16plds_v5_US East_2': 25, 'D16plds_v5_US East_3': 25, 'D16pls_v5_US East_1': 25, 'D16pls_v5_US East_2': 25, 'D16ps_v5_US East_2': 25, 'D2ads_v6_US East_1': 25, 'D2ads_v6_US East_2': 25, 'D2ads_v6_US East_3': 25, 'D2alds_v6_US East_1': 25, 'D2alds_v6_US East_2': 25, 'D2alds_v6_US East_3': 25, 'D2als_v6_US East_1': 25, 'D2als_v6_US East_2': 25, 'D2als_v6_US East_3': 25, 'D2as_v6_US East_1': 25, 'D2as_v6_US East_2': 25, 'D2as_v6_US East_3': 25, 'D2pds_v5_US East_1': 25, 'D2pds_v5_US East_2': 25, 'D2pds_v5_US East_3': 25, 'D2plds_v5_US East_1': 25, 'D2plds_v5_US East_2': 25, 'D2plds_v5_US East_3': 25, 'D2pls_v5_US East_1': 25, 'D2pls_v5_US East_2': 25, 'D2pls_v5_US East_3': 25, 'D2ps_v5_US East_1': 25, 'D2ps_v5_US East_2': 25, 'D2ps_v5_US East_3': 25, 'D32ads_v6_US East_1': 25, 'D32ads_v6_US East_2': 25, 'D32alds_v6_US East_2': 25, 'D32alds_v6_US East_3': 25, 'D32als_v6_US East_1': 25, 'D32als_v6_US East_3': 25, 'D32as_v6_US East_2': 25, 'D32as_v6_US East_3': 25, 'D32plds_v5_US East_1': 25, 'D32pls_v5_US East_2': 25, 'D48ads_v6_US East_2': 25, 'D48alds_v6_US East_3': 25, 'D48als_v6_US East_1': 25, 'D48als_v6_US East_2': 25, 'D4ads_v6_US East_1': 25, 'D4ads_v6_US East_2': 25, 'D4ads_v6_US East_3': 25, 'D4alds_v6_US East_1': 25, 'D4alds_v6_US East_2': 25, 'D4alds_v6_US East_3': 25, 'D4als_v6_US East_1': 25, 'D4als_v6_US East_2': 25, 'D4als_v6_US East_3': 25, 'D4as_v6_US East_1': 25, 'D4as_v6_US East_2': 25, 'D4as_v6_US East_3': 25, 'D4pds_v5_US East_1': 25, 'D4pds_v5_US East_2': 25, 'D4pds_v5_US East_3': 25, 'D4plds_v5_US East_1': 25, 'D4plds_v5_US East_2': 25, 'D4plds_v5_US East_3': 25, 'D4pls_v5_US East_1': 25, 'D4pls_v5_US East_2': 25, 'D4pls_v5_US East_3': 25, 'D4ps_v5_US East_1': 25, 'D4ps_v5_US East_2': 25, 'D4ps_v5_US East_3': 25, 'D64ads_v6_US East_3': 25, 'D64alds_v6_US East_1': 25, 'D64als_v6_US East_2': 25, 'D64as_v6_US East_3': 25, 'D8ads_v6_US East_1': 25, 'D8ads_v6_US East_2': 25, 'D8alds_v6_US East_2': 25, 'D8alds_v6_US East_3': 25, 'D8als_v6_US East_1': 25, 'D8als_v6_US East_2': 25, 'D8als_v6_US East_3': 25, 'D8as_v6_US East_1': 25, 'D8as_v6_US East_3': 25, 'D8plds_v5_US East_1': 25, 'D8plds_v5_US East_2': 25, 'D8plds_v5_US East_3': 25, 'D8pls_v5_US East_1': 25, 'D8pls_v5_US East_2': 25, 'D8pls_v5_US East_3': 25, 'D8ps_v5_US East_1': 25, 'D8ps_v5_US East_2': 25, 'D8ps_v5_US East_3': 25, 'D96ads_v6_US East_3': 25, 'D96alds_v6_US East_3': 25, 'D96als_v6_US East_3': 25, 'D96as_v6_US East_2': 25, 'DC1s_v2_US East_1': 25, 'DC2s_v2_US East_2': 25, 'E16ads_v6_US East_2': 25, 'E16ads_v6_US East_3': 25, 'E16as_v6_US East_1': 25, 'E16as_v6_US East_2': 25, 'E20ads_v6_US East_1': 25, 'E20ads_v6_US East_3': 25, 'E20as_v6_US East_1': 25, 'E20as_v6_US East_3': 25, 'E2ads_v6_US East_1': 25, 'E2ads_v6_US East_2': 25, 'E2ads_v6_US East_3': 25, 'E2as_v6_US East_1': 25, 'E2as_v6_US East_2': 25, 'E2as_v6_US East_3': 25, 'E2ps_v5_US East_1': 25, 'E2ps_v5_US East_2': 25, 'E2ps_v5_US East_3': 25, 'E32ads_v6_US East_2': 25, 'E32as_v6_US East_2': 25, 'E48ads_v6_US East_3': 25, 'E48as_v6_US East_2': 25, 'E4ads_v6_US East_1': 25, 'E4ads_v6_US East_2': 25, 'E4ads_v6_US East_3': 25, 'E4as_v6_US East_1': 25, 'E4as_v6_US East_2': 25, 'E4as_v6_US East_3': 25, 'E4ps_v5_US East_1': 25, 'E4ps_v5_US East_2': 25, 'E4ps_v5_US East_3': 25, 'E64ads_v6_US East_2': 25, 'E64as_v6_US East_3': 25, 'E8ads_v6_US East_2': 25, 'E8ads_v6_US East_3': 25, 'E8as_v6_US East_2': 25, 'E8as_v6_US East_3': 25, 'E8ps_v5_US East_1': 25, 'E96-24ads_v6_US East_3': 25, 'E96-48ads_v6_US East_2': 25, 'E96ads_v6_US East_3': 25, 'E96as_v6_US East_1': 25, 'F16als_v6_US East_2': 25, 'F16als_v6_US East_3': 25, 'F16ams_v6_US East_2': 25, 'F16ams_v6_US East_3': 25, 'F16as_v6_US East_1': 25, 'F16as_v6_US East_3': 25, 'F2als_v6_US East_1': 25, 'F2als_v6_US East_2': 25, 'F2als_v6_US East_3': 25, 'F2ams_v6_US East_1': 25, 'F2ams_v6_US East_2': 25, 'F2ams_v6_US East_3': 25, 'F2as_v6_US East_1': 25, 'F2as_v6_US East_2': 25, 'F2as_v6_US East_3': 25, 'F32als_v6_US East_2': 25, 'F32ams_v6_US East_1': 25, 'F32as_v6_US East_1': 25, 'F48als_v6_US East_2': 25, 'F48ams_v6_US East_3': 25, 'F48as_v6_US East_2': 25, 'F4als_v6_US East_1': 25, 'F4als_v6_US East_3': 25, 'F4ams_v6_US East_2': 25, 'F4ams_v6_US East_3': 25, 'F4as_v6_US East_2': 25, 'F4as_v6_US East_3': 25, 'F64als_v6_US East_3': 25, 'F64ams_v6_US East_1': 25, 'F64as_v6_US East_2': 25, 'F8als_v6_US East_1': 25, 'F8als_v6_US East_3': 25, 'F8ams_v6_US East_1': 25, 'F8ams_v6_US East_3': 25, 'F8as_v6_US East_1': 25, 'F8as_v6_US East_2': 25, 'M12ds_v3_US East_2': 25, 'M12s_v3_US East_3': 25, 'M16-4ms_US East_1': 25, 'M16-4ms_US East_2': 25, 'M16-4ms_US East_3': 25, 'M16-8ms_US East_1': 25, 'M16-8ms_US East_2': 25, 'M16-8ms_US East_3': 25, 'M16ms_US East_1': 25, 'M16ms_US East_2': 25, 'M16ms_US East_3': 25, 'M32-16ms_US East_1': 25, 'M32-16ms_US East_3': 25, 'M32-8ms_US East_1': 25, 'M32-8ms_US East_2': 25, 'M32dms_v2_US East_1': 25, 'M32dms_v2_US East_2': 25, 'M32dms_v2_US East_3': 25, 'M32ls_US East_1': 25, 'M32ls_US East_2': 25, 'M32ls_US East_3': 25, 'M32ms_US East_1': 25, 'M32ms_US East_2': 25, 'M32ms_v2_US East_1': 25, 'M32ms_v2_US East_2': 25, 'M32ms_v2_US East_3': 25, 'M32ts_US East_1': 25, 'M32ts_US East_2': 25, 'M32ts_US East_3': 25, 'M64s_v2_US East_3': 25, 'M8-2ms_US East_1': 25, 'M8-2ms_US East_2': 25, 'M8-2ms_US East_3': 25, 'M8-4ms_US East_1': 25, 'M8-4ms_US East_2': 25, 'M8-4ms_US East_3': 25, 'M8ms_US East_1': 25, 'M8ms_US East_2': 25, 'M8ms_US East_3': 25, 'NV4as_v4_US East_1': 25, 'NV4as_v4_US East_2': 25, 'NV4as_v4_US East_3': 25, 'NV6ads_A10_v5_US East_1': 25, 'NV6ads_A10_v5_US East_2': 25, 'NV8as_v4_US East_1': 25, 'NV8as_v4_US East_2': 25, 'NV8as_v4_US East_3': 25}"
