alpha,cost,performance,perf_per_cost,actual_pods,excess_pods,instance_types
0.0,0.854514,333163,389886.2745373394,17,0,"{'D16pls_v5_US East_3': 8, 'D8pls_v5_US East_1': 1}"
0.01,0.854514,333163,389886.2745373394,17,0,"{'D32pls_v5_US East_2': 4, 'D8pls_v5_US East_1': 1}"
0.02,0.854514,333163,389886.2745373394,17,0,"{'D16pls_v5_US East_3': 8, 'D8pls_v5_US East_1': 1}"
0.03,0.854514,333163,389886.2745373394,17,0,"{'D16pls_v5_US East_3': 8, 'D8pls_v5_US East_1': 1}"
0.04,0.854514,333163,389886.2745373394,17,0,"{'D16pls_v5_US East_3': 8, 'D8pls_v5_US East_1': 1}"
0.05,0.854514,333163,389886.2745373394,17,0,"{'D32pls_v5_US East_2': 4, 'D8pls_v5_US East_1': 1}"
0.06,0.854514,333163,389886.2745373394,17,0,"{'D32pls_v5_US East_2': 4, 'D8pls_v5_US East_1': 1}"
0.07,0.854514,333163,389886.2745373394,17,0,"{'D16pls_v5_US East_3': 8, 'D8pls_v5_US East_1': 1}"
0.08,0.854514,333163,389886.2745373394,17,0,"{'D32pls_v5_US East_2': 4, 'D8pls_v5_US East_1': 1}"
0.09,0.854514,333163,389886.2745373394,17,0,"{'D16pls_v5_US East_3': 8, 'D8pls_v5_US East_1': 1}"
0.1,0.854514,333163,389886.2745373394,17,0,"{'D16pls_v5_US East_3': 8, 'D8pls_v5_US East_1': 1}"
0.11,0.854514,333163,389886.2745373394,17,0,"{'D16pls_v5_US East_3': 8, 'D8pls_v5_US East_1': 1}"
0.12,0.9064319999999999,445270,491234.6320518253,17,0,"{'D16pls_v5_US East_3': 4, 'D64als_v6_US East_3': 1}"
0.13,0.9064319999999999,445270,491234.6320518253,17,0,"{'D16pls_v5_US East_3': 4, 'D64als_v6_US East_3': 1}"
0.14,0.9064319999999999,445270,491234.6320518253,17,0,"{'D16pls_v5_US East_3': 4, 'D64als_v6_US East_3': 1}"
0.15,0.9064319999999999,445270,491234.6320518253,17,0,"{'D16pls_v5_US East_3': 4, 'D64als_v6_US East_3': 1}"
0.16,0.9064319999999999,445270,491234.6320518253,17,0,"{'D16pls_v5_US East_3': 4, 'D64als_v6_US East_3': 1}"
0.17,0.9064319999999999,445270,491234.6320518253,17,0,"{'D16pls_v5_US East_3': 4, 'D64als_v6_US East_3': 1}"
0.18,1.008616,576976,572047.3797758513,18,1,{'D64als_v6_US East_3': 2}
0.19,1.008616,576976,572047.3797758513,18,1,{'D64als_v6_US East_3': 2}
0.2,1.008616,576976,572047.3797758513,18,1,{'D64als_v6_US East_3': 2}
0.21,1.008616,576976,572047.3797758513,18,1,{'D64als_v6_US East_3': 2}
0.22,1.008616,576976,572047.3797758513,18,1,{'D64als_v6_US East_3': 2}
0.23,1.008616,576976,572047.3797758513,18,1,{'D64als_v6_US East_3': 2}
0.24,1.008616,576976,572047.3797758513,18,1,{'D64als_v6_US East_3': 2}
0.25,1.008616,576976,572047.3797758513,18,1,{'D64als_v6_US East_3': 2}
0.26,1.008616,576976,572047.3797758513,18,1,{'D64als_v6_US East_3': 2}
0.27,1.008616,576976,572047.3797758513,18,1,{'D64als_v6_US East_3': 2}
0.28,1.008616,576976,572047.3797758513,18,1,{'D64als_v6_US East_3': 2}
0.29,1.008616,576976,572047.3797758513,18,1,{'D64als_v6_US East_3': 2}
0.3,1.008616,576976,572047.3797758513,18,1,{'D64als_v6_US East_3': 2}
0.31,1.008616,576976,572047.3797758513,18,1,{'D64als_v6_US East_3': 2}
0.32,1.008616,576976,572047.3797758513,18,1,{'D64als_v6_US East_3': 2}
0.33,10.08616,5769761,572047.3797758514,180,163,{'D64als_v6_US East_3': 20}
0.34,25.21344,14103861,559378.6964412631,440,423,"{'D64als_v6_US East_3': 20, 'D96als_v6_US East_2': 20}"
0.35000000000000003,25.21344,14103861,559378.6964412631,440,423,"{'D64als_v6_US East_3': 20, 'D96als_v6_US East_2': 20}"
0.36,70.64624,37182906,526325.3472513186,1160,1143,"{'D16als_v6_US East_1': 20, 'D16als_v6_US East_3': 20, 'D32als_v6_US East_2': 20, 'D32als_v6_US East_3': 20, 'D48als_v6_US East_1': 20, 'D48als_v6_US East_3': 20, 'D64als_v6_US East_3': 20, 'D64as_v6_US East_2': 20, 'D8als_v6_US East_1': 20, 'D8als_v6_US East_2': 20, 'D8als_v6_US East_3': 20, 'D96als_v6_US East_2': 20}"
0.37,99.98670000000001,51286767,512935.900474763,1600,1583,"{'D16als_v6_US East_1': 20, 'D16als_v6_US East_3': 20, 'D32als_v6_US East_2': 20, 'D32als_v6_US East_3': 20, 'D48als_v6_US East_1': 20, 'D48als_v6_US East_3': 20, 'D64alds_v6_US East_3': 20, 'D64als_v6_US East_3': 20, 'D64as_v6_US East_2': 20, 'D8als_v6_US East_1': 20, 'D8als_v6_US East_2': 20, 'D8als_v6_US East_3': 20, 'D96als_v6_US East_2': 20, 'D96as_v6_US East_3': 20}"
0.38,139.72862000000003,69237136,495511.4907740446,2160,2143,"{'D16als_v6_US East_1': 20, 'D16als_v6_US East_3': 20, 'D16as_v6_US East_1': 20, 'D16as_v6_US East_2': 20, 'D32als_v6_US East_2': 20, 'D32als_v6_US East_3': 20, 'D32as_v6_US East_1': 20, 'D32as_v6_US East_3': 20, 'D48als_v6_US East_1': 20, 'D48als_v6_US East_3': 20, 'D64alds_v6_US East_3': 20, 'D64als_v6_US East_3': 20, 'D64as_v6_US East_2': 20, 'D8als_v6_US East_1': 20, 'D8als_v6_US East_2': 20, 'D8als_v6_US East_3': 20, 'D8as_v6_US East_1': 20, 'D8as_v6_US East_2': 20, 'D8as_v6_US East_3': 20, 'D96alds_v6_US East_2': 20, 'D96als_v6_US East_2': 20, 'D96as_v6_US East_3': 20}"
0.39,139.72862000000003,69237136,495511.4907740446,2160,2143,"{'D16als_v6_US East_1': 20, 'D16als_v6_US East_3': 20, 'D16as_v6_US East_1': 20, 'D16as_v6_US East_2': 20, 'D32als_v6_US East_2': 20, 'D32als_v6_US East_3': 20, 'D32as_v6_US East_1': 20, 'D32as_v6_US East_3': 20, 'D48als_v6_US East_1': 20, 'D48als_v6_US East_3': 20, 'D64alds_v6_US East_3': 20, 'D64als_v6_US East_3': 20, 'D64as_v6_US East_2': 20, 'D8als_v6_US East_1': 20, 'D8als_v6_US East_2': 20, 'D8als_v6_US East_3': 20, 'D8as_v6_US East_1': 20, 'D8as_v6_US East_2': 20, 'D8as_v6_US East_3': 20, 'D96alds_v6_US East_2': 20, 'D96als_v6_US East_2': 20, 'D96as_v6_US East_3': 20}"
0.4,171.91256000000004,82699913,481058.00646561245,2580,2563,"{'D16alds_v6_US East_1': 20, 'D16alds_v6_US East_3': 20, 'D16als_v6_US East_1': 20, 'D16als_v6_US East_3': 20, 'D16as_v6_US East_1': 20, 'D16as_v6_US East_2': 20, 'D32alds_v6_US East_1': 20, 'D32alds_v6_US East_3': 20, 'D32als_v6_US East_2': 20, 'D32als_v6_US East_3': 20, 'D32as_v6_US East_1': 20, 'D32as_v6_US East_3': 20, 'D48alds_v6_US East_2': 20, 'D48als_v6_US East_1': 20, 'D48als_v6_US East_3': 20, 'D64alds_v6_US East_3': 20, 'D64als_v6_US East_3': 20, 'D64as_v6_US East_2': 20, 'D8alds_v6_US East_1': 20, 'D8alds_v6_US East_2': 20, 'D8alds_v6_US East_3': 20, 'D8als_v6_US East_1': 20, 'D8als_v6_US East_2': 20, 'D8als_v6_US East_3': 20, 'D8as_v6_US East_1': 20, 'D8as_v6_US East_2': 20, 'D8as_v6_US East_3': 20, 'D96alds_v6_US East_2': 20, 'D96als_v6_US East_2': 20, 'D96as_v6_US East_3': 20}"
0.41000000000000003,171.91256000000004,82699913,481058.00646561245,2580,2563,"{'D16alds_v6_US East_1': 20, 'D16alds_v6_US East_3': 20, 'D16als_v6_US East_1': 20, 'D16als_v6_US East_3': 20, 'D16as_v6_US East_1': 20, 'D16as_v6_US East_2': 20, 'D32alds_v6_US East_1': 20, 'D32alds_v6_US East_3': 20, 'D32als_v6_US East_2': 20, 'D32als_v6_US East_3': 20, 'D32as_v6_US East_1': 20, 'D32as_v6_US East_3': 20, 'D48alds_v6_US East_2': 20, 'D48als_v6_US East_1': 20, 'D48als_v6_US East_3': 20, 'D64alds_v6_US East_3': 20, 'D64als_v6_US East_3': 20, 'D64as_v6_US East_2': 20, 'D8alds_v6_US East_1': 20, 'D8alds_v6_US East_2': 20, 'D8alds_v6_US East_3': 20, 'D8als_v6_US East_1': 20, 'D8als_v6_US East_2': 20, 'D8als_v6_US East_3': 20, 'D8as_v6_US East_1': 20, 'D8as_v6_US East_2': 20, 'D8as_v6_US East_3': 20, 'D96alds_v6_US East_2': 20, 'D96als_v6_US East_2': 20, 'D96as_v6_US East_3': 20}"
0.42,212.60144,98550961,463547.94680600474,3160,3143,"{'D16alds_v6_US East_1': 20, 'D16alds_v6_US East_3': 20, 'D16als_v6_US East_1': 20, 'D16als_v6_US East_3': 20, 'D16as_v6_US East_1': 20, 'D16as_v6_US East_2': 20, 'D16pls_v5_US East_2': 20, 'D16pls_v5_US East_3': 20, 'D32alds_v6_US East_1': 20, 'D32alds_v6_US East_3': 20, 'D32als_v6_US East_2': 20, 'D32als_v6_US East_3': 20, 'D32as_v6_US East_1': 20, 'D32as_v6_US East_3': 20, 'D32pls_v5_US East_2': 20, 'D48alds_v6_US East_2': 20, 'D48als_v6_US East_1': 20, 'D48als_v6_US East_3': 20, 'D64ads_v6_US East_2': 20, 'D64alds_v6_US East_3': 20, 'D64als_v6_US East_3': 20, 'D64as_v6_US East_2': 20, 'D8alds_v6_US East_1': 20, 'D8alds_v6_US East_2': 20, 'D8alds_v6_US East_3': 20, 'D8als_v6_US East_1': 20, 'D8als_v6_US East_2': 20, 'D8als_v6_US East_3': 20, 'D8as_v6_US East_1': 20, 'D8as_v6_US East_2': 20, 'D8as_v6_US East_3': 20, 'D8pls_v5_US East_1': 20, 'D8pls_v5_US East_2': 20, 'D8pls_v5_US East_3': 20, 'D96alds_v6_US East_2': 20, 'D96als_v6_US East_2': 20, 'D96as_v6_US East_3': 20, 'E64as_v6_US East_3': 20}"
0.43,257.051,115219160,448234.63281605596,3680,3663,"{'D16alds_v6_US East_1': 20, 'D16alds_v6_US East_3': 20, 'D16als_v6_US East_1': 20, 'D16als_v6_US East_3': 20, 'D16as_v6_US East_1': 20, 'D16as_v6_US East_2': 20, 'D16pls_v5_US East_2': 20, 'D16pls_v5_US East_3': 20, 'D32alds_v6_US East_1': 20, 'D32alds_v6_US East_3': 20, 'D32als_v6_US East_2': 20, 'D32als_v6_US East_3': 20, 'D32as_v6_US East_1': 20, 'D32as_v6_US East_3': 20, 'D32pls_v5_US East_2': 20, 'D48alds_v6_US East_2': 20, 'D48als_v6_US East_1': 20, 'D48als_v6_US East_3': 20, 'D64ads_v6_US East_2': 20, 'D64alds_v6_US East_3': 20, 'D64als_v6_US East_3': 20, 'D64as_v6_US East_2': 20, 'D8alds_v6_US East_1': 20, 'D8alds_v6_US East_2': 20, 'D8alds_v6_US East_3': 20, 'D8als_v6_US East_1': 20, 'D8als_v6_US East_2': 20, 'D8als_v6_US East_3': 20, 'D8as_v6_US East_1': 20, 'D8as_v6_US East_2': 20, 'D8as_v6_US East_3': 20, 'D8pls_v5_US East_1': 20, 'D8pls_v5_US East_2': 20, 'D8pls_v5_US East_3': 20, 'D96ads_v6_US East_1': 20, 'D96alds_v6_US East_2': 20, 'D96als_v6_US East_2': 20, 'D96as_v6_US East_3': 20, 'E64as_v6_US East_3': 20, 'E96as_v6_US East_2': 20}"
0.44,295.5848,128681937,435346.9366489749,4100,4083,"{'D16ads_v6_US East_2': 20, 'D16ads_v6_US East_3': 20, 'D16alds_v6_US East_1': 20, 'D16alds_v6_US East_3': 20, 'D16als_v6_US East_1': 20, 'D16als_v6_US East_3': 20, 'D16as_v6_US East_1': 20, 'D16as_v6_US East_2': 20, 'D16pls_v5_US East_2': 20, 'D16pls_v5_US East_3': 20, 'D32ads_v6_US East_1': 20, 'D32ads_v6_US East_3': 20, 'D32alds_v6_US East_1': 20, 'D32alds_v6_US East_3': 20, 'D32als_v6_US East_2': 20, 'D32als_v6_US East_3': 20, 'D32as_v6_US East_1': 20, 'D32as_v6_US East_3': 20, 'D32pls_v5_US East_2': 20, 'D48ads_v6_US East_1': 20, 'D48alds_v6_US East_2': 20, 'D48als_v6_US East_1': 20, 'D48als_v6_US East_3': 20, 'D64ads_v6_US East_2': 20, 'D64alds_v6_US East_3': 20, 'D64als_v6_US East_3': 20, 'D64as_v6_US East_2': 20, 'D8ads_v6_US East_1': 20, 'D8ads_v6_US East_2': 20, 'D8ads_v6_US East_3': 20, 'D8alds_v6_US East_1': 20, 'D8alds_v6_US East_2': 20, 'D8alds_v6_US East_3': 20, 'D8als_v6_US East_1': 20, 'D8als_v6_US East_2': 20, 'D8als_v6_US East_3': 20, 'D8as_v6_US East_1': 20, 'D8as_v6_US East_2': 20, 'D8as_v6_US East_3': 20, 'D8pls_v5_US East_1': 20, 'D8pls_v5_US East_2': 20, 'D8pls_v5_US East_3': 20, 'D96ads_v6_US East_1': 20, 'D96alds_v6_US East_2': 20, 'D96als_v6_US East_2': 20, 'D96as_v6_US East_3': 20, 'E64as_v6_US East_3': 20, 'E96as_v6_US East_2': 20}"
0.45,360.19702000000007,150980360,419160.4944427355,4920,4903,"{'D16ads_v6_US East_2': 20, 'D16ads_v6_US East_3': 20, 'D16alds_v6_US East_1': 20, 'D16alds_v6_US East_3': 20, 'D16als_v6_US East_1': 20, 'D16als_v6_US East_3': 20, 'D16as_v6_US East_1': 20, 'D16as_v6_US East_2': 20, 'D16plds_v5_US East_2': 20, 'D16plds_v5_US East_3': 20, 'D16pls_v5_US East_2': 20, 'D16pls_v5_US East_3': 20, 'D16ps_v5_US East_3': 20, 'D32ads_v6_US East_1': 20, 'D32ads_v6_US East_3': 20, 'D32alds_v6_US East_1': 20, 'D32alds_v6_US East_3': 20, 'D32als_v6_US East_2': 20, 'D32als_v6_US East_3': 20, 'D32as_v6_US East_1': 20, 'D32as_v6_US East_3': 20, 'D32plds_v5_US East_3': 20, 'D32pls_v5_US East_2': 20, 'D48ads_v6_US East_1': 20, 'D48alds_v6_US East_2': 20, 'D48als_v6_US East_1': 20, 'D48als_v6_US East_3': 20, 'D64ads_v6_US East_2': 20, 'D64alds_v6_US East_3': 20, 'D64als_v6_US East_3': 20, 'D64as_v6_US East_2': 20, 'D8ads_v6_US East_1': 20, 'D8ads_v6_US East_2': 20, 'D8ads_v6_US East_3': 20, 'D8alds_v6_US East_1': 20, 'D8alds_v6_US East_2': 20, 'D8alds_v6_US East_3': 20, 'D8als_v6_US East_1': 20, 'D8als_v6_US East_2': 20, 'D8als_v6_US East_3': 20, 'D8as_v6_US East_1': 20, 'D8as_v6_US East_2': 20, 'D8as_v6_US East_3': 20, 'D8plds_v5_US East_1': 20, 'D8plds_v5_US East_2': 20, 'D8plds_v5_US East_3': 20, 'D8pls_v5_US East_1': 20, 'D8pls_v5_US East_2': 20, 'D8pls_v5_US East_3': 20, 'D8ps_v5_US East_1': 20, 'D8ps_v5_US East_2': 20, 'D8ps_v5_US East_3': 20, 'D96ads_v6_US East_1': 20, 'D96alds_v6_US East_2': 20, 'D96als_v6_US East_2': 20, 'D96as_v6_US East_3': 20, 'E16as_v6_US East_1': 20, 'E16as_v6_US East_2': 20, 'E32as_v6_US East_2': 20, 'E48as_v6_US East_2': 20, 'E64as_v6_US East_3': 20, 'E8as_v6_US East_1': 20, 'E8as_v6_US East_3': 20, 'E96as_v6_US East_2': 20, 'F64als_v6_US East_1': 20}"
0.46,360.19702000000007,150980360,419160.4944427355,4920,4903,"{'D16ads_v6_US East_2': 20, 'D16ads_v6_US East_3': 20, 'D16alds_v6_US East_1': 20, 'D16alds_v6_US East_3': 20, 'D16als_v6_US East_1': 20, 'D16als_v6_US East_3': 20, 'D16as_v6_US East_1': 20, 'D16as_v6_US East_2': 20, 'D16plds_v5_US East_2': 20, 'D16plds_v5_US East_3': 20, 'D16pls_v5_US East_2': 20, 'D16pls_v5_US East_3': 20, 'D16ps_v5_US East_3': 20, 'D32ads_v6_US East_1': 20, 'D32ads_v6_US East_3': 20, 'D32alds_v6_US East_1': 20, 'D32alds_v6_US East_3': 20, 'D32als_v6_US East_2': 20, 'D32als_v6_US East_3': 20, 'D32as_v6_US East_1': 20, 'D32as_v6_US East_3': 20, 'D32plds_v5_US East_3': 20, 'D32pls_v5_US East_2': 20, 'D48ads_v6_US East_1': 20, 'D48alds_v6_US East_2': 20, 'D48als_v6_US East_1': 20, 'D48als_v6_US East_3': 20, 'D64ads_v6_US East_2': 20, 'D64alds_v6_US East_3': 20, 'D64als_v6_US East_3': 20, 'D64as_v6_US East_2': 20, 'D8ads_v6_US East_1': 20, 'D8ads_v6_US East_2': 20, 'D8ads_v6_US East_3': 20, 'D8alds_v6_US East_1': 20, 'D8alds_v6_US East_2': 20, 'D8alds_v6_US East_3': 20, 'D8als_v6_US East_1': 20, 'D8als_v6_US East_2': 20, 'D8als_v6_US East_3': 20, 'D8as_v6_US East_1': 20, 'D8as_v6_US East_2': 20, 'D8as_v6_US East_3': 20, 'D8plds_v5_US East_1': 20, 'D8plds_v5_US East_2': 20, 'D8plds_v5_US East_3': 20, 'D8pls_v5_US East_1': 20, 'D8pls_v5_US East_2': 20, 'D8pls_v5_US East_3': 20, 'D8ps_v5_US East_1': 20, 'D8ps_v5_US East_2': 20, 'D8ps_v5_US East_3': 20, 'D96ads_v6_US East_1': 20, 'D96alds_v6_US East_2': 20, 'D96als_v6_US East_2': 20, 'D96as_v6_US East_3': 20, 'E16as_v6_US East_1': 20, 'E16as_v6_US East_2': 20, 'E32as_v6_US East_2': 20, 'E48as_v6_US East_2': 20, 'E64as_v6_US East_3': 20, 'E8as_v6_US East_1': 20, 'E8as_v6_US East_3': 20, 'E96as_v6_US East_2': 20, 'F64als_v6_US East_1': 20}"
0.47000000000000003,411.46074,167007475,405889.2131482578,5420,5403,"{'D16ads_v6_US East_2': 20, 'D16ads_v6_US East_3': 20, 'D16alds_v6_US East_1': 20, 'D16alds_v6_US East_3': 20, 'D16als_v6_US East_1': 20, 'D16als_v6_US East_3': 20, 'D16as_v6_US East_1': 20, 'D16as_v6_US East_2': 20, 'D16plds_v5_US East_2': 20, 'D16plds_v5_US East_3': 20, 'D16pls_v5_US East_2': 20, 'D16pls_v5_US East_3': 20, 'D16ps_v5_US East_3': 20, 'D32ads_v6_US East_1': 20, 'D32ads_v6_US East_3': 20, 'D32alds_v6_US East_1': 20, 'D32alds_v6_US East_3': 20, 'D32als_v6_US East_2': 20, 'D32als_v6_US East_3': 20, 'D32as_v6_US East_1': 20, 'D32as_v6_US East_3': 20, 'D32plds_v5_US East_3': 20, 'D32pls_v5_US East_2': 20, 'D48ads_v6_US East_1': 20, 'D48alds_v6_US East_2': 20, 'D48als_v6_US East_1': 20, 'D48als_v6_US East_3': 20, 'D64ads_v6_US East_2': 20, 'D64alds_v6_US East_3': 20, 'D64als_v6_US East_3': 20, 'D64as_v6_US East_2': 20, 'D8ads_v6_US East_1': 20, 'D8ads_v6_US East_2': 20, 'D8ads_v6_US East_3': 20, 'D8alds_v6_US East_1': 20, 'D8alds_v6_US East_2': 20, 'D8alds_v6_US East_3': 20, 'D8als_v6_US East_1': 20, 'D8als_v6_US East_2': 20, 'D8als_v6_US East_3': 20, 'D8as_v6_US East_1': 20, 'D8as_v6_US East_2': 20, 'D8as_v6_US East_3': 20, 'D8plds_v5_US East_1': 20, 'D8plds_v5_US East_2': 20, 'D8plds_v5_US East_3': 20, 'D8pls_v5_US East_1': 20, 'D8pls_v5_US East_2': 20, 'D8pls_v5_US East_3': 20, 'D8ps_v5_US East_1': 20, 'D8ps_v5_US East_2': 20, 'D8ps_v5_US East_3': 20, 'D96ads_v6_US East_1': 20, 'D96alds_v6_US East_2': 20, 'D96als_v6_US East_2': 20, 'D96as_v6_US East_3': 20, 'E16as_v6_US East_1': 20, 'E16as_v6_US East_2': 20, 'E32as_v6_US East_2': 20, 'E48as_v6_US East_2': 20, 'E64ads_v6_US East_1': 20, 'E64as_v6_US East_3': 20, 'E8as_v6_US East_1': 20, 'E8as_v6_US East_3': 20, 'E96as_v6_US East_2': 20, 'F16als_v6_US East_2': 20, 'F16als_v6_US East_3': 20, 'F32als_v6_US East_3': 20, 'F48als_v6_US East_2': 20, 'F64als_v6_US East_1': 20, 'F8als_v6_US East_1': 20, 'F8als_v6_US East_2': 20}"
0.48,457.43856,181111337,395924.94607363205,5860,5843,"{'D16ads_v6_US East_2': 20, 'D16ads_v6_US East_3': 20, 'D16alds_v6_US East_1': 20, 'D16alds_v6_US East_3': 20, 'D16als_v6_US East_1': 20, 'D16als_v6_US East_3': 20, 'D16as_v6_US East_1': 20, 'D16as_v6_US East_2': 20, 'D16plds_v5_US East_2': 20, 'D16plds_v5_US East_3': 20, 'D16pls_v5_US East_2': 20, 'D16pls_v5_US East_3': 20, 'D16ps_v5_US East_3': 20, 'D32ads_v6_US East_1': 20, 'D32ads_v6_US East_3': 20, 'D32alds_v6_US East_1': 20, 'D32alds_v6_US East_3': 20, 'D32als_v6_US East_2': 20, 'D32als_v6_US East_3': 20, 'D32as_v6_US East_1': 20, 'D32as_v6_US East_3': 20, 'D32plds_v5_US East_3': 20, 'D32pls_v5_US East_2': 20, 'D48ads_v6_US East_1': 20, 'D48alds_v6_US East_2': 20, 'D48als_v6_US East_1': 20, 'D48als_v6_US East_3': 20, 'D64ads_v6_US East_2': 20, 'D64alds_v6_US East_3': 20, 'D64als_v6_US East_3': 20, 'D64as_v6_US East_2': 20, 'D8ads_v6_US East_1': 20, 'D8ads_v6_US East_2': 20, 'D8ads_v6_US East_3': 20, 'D8alds_v6_US East_1': 20, 'D8alds_v6_US East_2': 20, 'D8alds_v6_US East_3': 20, 'D8als_v6_US East_1': 20, 'D8als_v6_US East_2': 20, 'D8als_v6_US East_3': 20, 'D8as_v6_US East_1': 20, 'D8as_v6_US East_2': 20, 'D8as_v6_US East_3': 20, 'D8plds_v5_US East_1': 20, 'D8plds_v5_US East_2': 20, 'D8plds_v5_US East_3': 20, 'D8pls_v5_US East_1': 20, 'D8pls_v5_US East_2': 20, 'D8pls_v5_US East_3': 20, 'D8ps_v5_US East_1': 20, 'D8ps_v5_US East_2': 20, 'D8ps_v5_US East_3': 20, 'D96ads_v6_US East_1': 20, 'D96alds_v6_US East_2': 20, 'D96als_v6_US East_2': 20, 'D96as_v6_US East_3': 20, 'E16as_v6_US East_1': 20, 'E16as_v6_US East_2': 20, 'E32as_v6_US East_2': 20, 'E48as_v6_US East_2': 20, 'E64ads_v6_US East_1': 20, 'E64as_v6_US East_3': 20, 'E8as_v6_US East_1': 20, 'E8as_v6_US East_3': 20, 'E96ads_v6_US East_3': 20, 'E96as_v6_US East_2': 20, 'F16als_v6_US East_2': 20, 'F16als_v6_US East_3': 20, 'F32als_v6_US East_3': 20, 'F48als_v6_US East_2': 20, 'F64als_v6_US East_1': 20, 'F64as_v6_US East_1': 20, 'F8als_v6_US East_1': 20, 'F8als_v6_US East_2': 20}"
0.49,460.11075999999997,181895250,395329.26984798163,5900,5883,"{'D16ads_v6_US East_2': 20, 'D16ads_v6_US East_3': 20, 'D16alds_v6_US East_1': 20, 'D16alds_v6_US East_3': 20, 'D16als_v6_US East_1': 20, 'D16als_v6_US East_3': 20, 'D16as_v6_US East_1': 20, 'D16as_v6_US East_2': 20, 'D16pds_v5_US East_1': 20, 'D16plds_v5_US East_2': 20, 'D16plds_v5_US East_3': 20, 'D16pls_v5_US East_2': 20, 'D16pls_v5_US East_3': 20, 'D16ps_v5_US East_3': 20, 'D32ads_v6_US East_1': 20, 'D32ads_v6_US East_3': 20, 'D32alds_v6_US East_1': 20, 'D32alds_v6_US East_3': 20, 'D32als_v6_US East_2': 20, 'D32als_v6_US East_3': 20, 'D32as_v6_US East_1': 20, 'D32as_v6_US East_3': 20, 'D32plds_v5_US East_3': 20, 'D32pls_v5_US East_2': 20, 'D48ads_v6_US East_1': 20, 'D48alds_v6_US East_2': 20, 'D48als_v6_US East_1': 20, 'D48als_v6_US East_3': 20, 'D64ads_v6_US East_2': 20, 'D64alds_v6_US East_3': 20, 'D64als_v6_US East_3': 20, 'D64as_v6_US East_2': 20, 'D8ads_v6_US East_1': 20, 'D8ads_v6_US East_2': 20, 'D8ads_v6_US East_3': 20, 'D8alds_v6_US East_1': 20, 'D8alds_v6_US East_2': 20, 'D8alds_v6_US East_3': 20, 'D8als_v6_US East_1': 20, 'D8als_v6_US East_2': 20, 'D8als_v6_US East_3': 20, 'D8as_v6_US East_1': 20, 'D8as_v6_US East_2': 20, 'D8as_v6_US East_3': 20, 'D8plds_v5_US East_1': 20, 'D8plds_v5_US East_2': 20, 'D8plds_v5_US East_3': 20, 'D8pls_v5_US East_1': 20, 'D8pls_v5_US East_2': 20, 'D8pls_v5_US East_3': 20, 'D8ps_v5_US East_1': 20, 'D8ps_v5_US East_2': 20, 'D8ps_v5_US East_3': 20, 'D96ads_v6_US East_1': 20, 'D96alds_v6_US East_2': 20, 'D96als_v6_US East_2': 20, 'D96as_v6_US East_3': 20, 'E16as_v6_US East_1': 20, 'E16as_v6_US East_2': 20, 'E32as_v6_US East_2': 20, 'E48as_v6_US East_2': 20, 'E64ads_v6_US East_1': 20, 'E64as_v6_US East_3': 20, 'E8as_v6_US East_1': 20, 'E8as_v6_US East_3': 20, 'E96ads_v6_US East_3': 20, 'E96as_v6_US East_2': 20, 'F16als_v6_US East_2': 20, 'F16als_v6_US East_3': 20, 'F32als_v6_US East_3': 20, 'F48als_v6_US East_2': 20, 'F64als_v6_US East_1': 20, 'F64as_v6_US East_1': 20, 'F8als_v6_US East_1': 20, 'F8als_v6_US East_2': 20}"
0.5,533.8540600000001,202409957,379148.4848874238,6540,6523,"{'D16ads_v6_US East_2': 20, 'D16ads_v6_US East_3': 20, 'D16alds_v6_US East_1': 20, 'D16alds_v6_US East_3': 20, 'D16als_v6_US East_1': 20, 'D16als_v6_US East_3': 20, 'D16as_v6_US East_1': 20, 'D16as_v6_US East_2': 20, 'D16pds_v5_US East_1': 20, 'D16plds_v5_US East_2': 20, 'D16plds_v5_US East_3': 20, 'D16pls_v5_US East_2': 20, 'D16pls_v5_US East_3': 20, 'D16ps_v5_US East_3': 20, 'D32ads_v6_US East_1': 20, 'D32ads_v6_US East_3': 20, 'D32alds_v6_US East_1': 20, 'D32alds_v6_US East_3': 20, 'D32als_v6_US East_2': 20, 'D32als_v6_US East_3': 20, 'D32as_v6_US East_1': 20, 'D32as_v6_US East_3': 20, 'D32plds_v5_US East_3': 20, 'D32pls_v5_US East_2': 20, 'D48ads_v6_US East_1': 20, 'D48alds_v6_US East_2': 20, 'D48als_v6_US East_1': 20, 'D48als_v6_US East_3': 20, 'D64ads_v6_US East_2': 20, 'D64alds_v6_US East_3': 20, 'D64als_v6_US East_3': 20, 'D64as_v6_US East_2': 20, 'D8ads_v6_US East_1': 20, 'D8ads_v6_US East_2': 20, 'D8ads_v6_US East_3': 20, 'D8alds_v6_US East_1': 20, 'D8alds_v6_US East_2': 20, 'D8alds_v6_US East_3': 20, 'D8als_v6_US East_1': 20, 'D8als_v6_US East_2': 20, 'D8als_v6_US East_3': 20, 'D8as_v6_US East_1': 20, 'D8as_v6_US East_2': 20, 'D8as_v6_US East_3': 20, 'D8plds_v5_US East_1': 20, 'D8plds_v5_US East_2': 20, 'D8plds_v5_US East_3': 20, 'D8pls_v5_US East_1': 20, 'D8pls_v5_US East_2': 20, 'D8pls_v5_US East_3': 20, 'D8ps_v5_US East_1': 20, 'D8ps_v5_US East_2': 20, 'D8ps_v5_US East_3': 20, 'D96ads_v6_US East_1': 20, 'D96alds_v6_US East_2': 20, 'D96als_v6_US East_2': 20, 'D96as_v6_US East_3': 20, 'E16ads_v6_US East_1': 20, 'E16ads_v6_US East_2': 20, 'E16as_v6_US East_1': 20, 'E16as_v6_US East_2': 20, 'E32ads_v6_US East_2': 20, 'E32as_v6_US East_2': 20, 'E48ads_v6_US East_3': 20, 'E48as_v6_US East_2': 20, 'E64ads_v6_US East_1': 20, 'E64as_v6_US East_3': 20, 'E8ads_v6_US East_2': 20, 'E8ads_v6_US East_3': 20, 'E8as_v6_US East_1': 20, 'E8as_v6_US East_3': 20, 'E96ads_v6_US East_3': 20, 'E96as_v6_US East_2': 20, 'F16als_v6_US East_2': 20, 'F16als_v6_US East_3': 20, 'F16as_v6_US East_1': 20, 'F16as_v6_US East_3': 20, 'F32als_v6_US East_3': 20, 'F32as_v6_US East_1': 20, 'F48als_v6_US East_2': 20, 'F48as_v6_US East_1': 20, 'F64als_v6_US East_1': 20, 'F64as_v6_US East_1': 20, 'F8als_v6_US East_1': 20, 'F8als_v6_US East_2': 20, 'F8as_v6_US East_2': 20, 'F8as_v6_US East_3': 20}"
0.51,543.1993400000001,204974296,377346.364964287,6620,6603,"{'D16ads_v6_US East_2': 20, 'D16ads_v6_US East_3': 20, 'D16alds_v6_US East_1': 20, 'D16alds_v6_US East_3': 20, 'D16als_v6_US East_1': 20, 'D16als_v6_US East_3': 20, 'D16as_v6_US East_1': 20, 'D16as_v6_US East_2': 20, 'D16pds_v5_US East_1': 20, 'D16plds_v5_US East_2': 20, 'D16plds_v5_US East_3': 20, 'D16pls_v5_US East_2': 20, 'D16pls_v5_US East_3': 20, 'D16ps_v5_US East_3': 20, 'D32ads_v6_US East_1': 20, 'D32ads_v6_US East_3': 20, 'D32alds_v6_US East_1': 20, 'D32alds_v6_US East_3': 20, 'D32als_v6_US East_2': 20, 'D32als_v6_US East_3': 20, 'D32as_v6_US East_1': 20, 'D32as_v6_US East_3': 20, 'D32plds_v5_US East_3': 20, 'D32pls_v5_US East_2': 20, 'D48ads_v6_US East_1': 20, 'D48alds_v6_US East_2': 20, 'D48als_v6_US East_1': 20, 'D48als_v6_US East_3': 20, 'D64ads_v6_US East_2': 20, 'D64alds_v6_US East_3': 20, 'D64als_v6_US East_3': 20, 'D64as_v6_US East_2': 20, 'D8ads_v6_US East_1': 20, 'D8ads_v6_US East_2': 20, 'D8ads_v6_US East_3': 20, 'D8alds_v6_US East_1': 20, 'D8alds_v6_US East_2': 20, 'D8alds_v6_US East_3': 20, 'D8als_v6_US East_1': 20, 'D8als_v6_US East_2': 20, 'D8als_v6_US East_3': 20, 'D8as_v6_US East_1': 20, 'D8as_v6_US East_2': 20, 'D8as_v6_US East_3': 20, 'D8plds_v5_US East_1': 20, 'D8plds_v5_US East_2': 20, 'D8plds_v5_US East_3': 20, 'D8pls_v5_US East_1': 20, 'D8pls_v5_US East_2': 20, 'D8pls_v5_US East_3': 20, 'D8ps_v5_US East_1': 20, 'D8ps_v5_US East_2': 20, 'D8ps_v5_US East_3': 20, 'D96ads_v6_US East_1': 20, 'D96alds_v6_US East_2': 20, 'D96als_v6_US East_2': 20, 'D96as_v6_US East_3': 20, 'E16ads_v6_US East_1': 20, 'E16ads_v6_US East_2': 20, 'E16as_v6_US East_1': 20, 'E16as_v6_US East_2': 20, 'E20as_v6_US East_1': 20, 'E20as_v6_US East_3': 20, 'E32ads_v6_US East_2': 20, 'E32as_v6_US East_2': 20, 'E48ads_v6_US East_3': 20, 'E48as_v6_US East_2': 20, 'E64ads_v6_US East_1': 20, 'E64as_v6_US East_3': 20, 'E8ads_v6_US East_2': 20, 'E8ads_v6_US East_3': 20, 'E8as_v6_US East_1': 20, 'E8as_v6_US East_3': 20, 'E96ads_v6_US East_3': 20, 'E96as_v6_US East_2': 20, 'F16als_v6_US East_2': 20, 'F16als_v6_US East_3': 20, 'F16as_v6_US East_1': 20, 'F16as_v6_US East_3': 20, 'F32als_v6_US East_3': 20, 'F32as_v6_US East_1': 20, 'F48als_v6_US East_2': 20, 'F48as_v6_US East_1': 20, 'F64als_v6_US East_1': 20, 'F64as_v6_US East_1': 20, 'F8als_v6_US East_1': 20, 'F8als_v6_US East_2': 20, 'F8as_v6_US East_2': 20, 'F8as_v6_US East_3': 20}"
0.52,544.6888200000002,205366253,377034.08929891343,6640,6623,"{'D16ads_v6_US East_2': 20, 'D16ads_v6_US East_3': 20, 'D16alds_v6_US East_1': 20, 'D16alds_v6_US East_3': 20, 'D16als_v6_US East_1': 20, 'D16als_v6_US East_3': 20, 'D16as_v6_US East_1': 20, 'D16as_v6_US East_2': 20, 'D16pds_v5_US East_1': 20, 'D16plds_v5_US East_2': 20, 'D16plds_v5_US East_3': 20, 'D16pls_v5_US East_2': 20, 'D16pls_v5_US East_3': 20, 'D16ps_v5_US East_3': 20, 'D32ads_v6_US East_1': 20, 'D32ads_v6_US East_3': 20, 'D32alds_v6_US East_1': 20, 'D32alds_v6_US East_3': 20, 'D32als_v6_US East_2': 20, 'D32als_v6_US East_3': 20, 'D32as_v6_US East_1': 20, 'D32as_v6_US East_3': 20, 'D32plds_v5_US East_3': 20, 'D32pls_v5_US East_2': 20, 'D48ads_v6_US East_1': 20, 'D48alds_v6_US East_2': 20, 'D48als_v6_US East_1': 20, 'D48als_v6_US East_3': 20, 'D64ads_v6_US East_2': 20, 'D64alds_v6_US East_3': 20, 'D64als_v6_US East_3': 20, 'D64as_v6_US East_2': 20, 'D8ads_v6_US East_1': 20, 'D8ads_v6_US East_2': 20, 'D8ads_v6_US East_3': 20, 'D8alds_v6_US East_1': 20, 'D8alds_v6_US East_2': 20, 'D8alds_v6_US East_3': 20, 'D8als_v6_US East_1': 20, 'D8als_v6_US East_2': 20, 'D8als_v6_US East_3': 20, 'D8as_v6_US East_1': 20, 'D8as_v6_US East_2': 20, 'D8as_v6_US East_3': 20, 'D8plds_v5_US East_1': 20, 'D8plds_v5_US East_2': 20, 'D8plds_v5_US East_3': 20, 'D8pls_v5_US East_1': 20, 'D8pls_v5_US East_2': 20, 'D8pls_v5_US East_3': 20, 'D8ps_v5_US East_1': 20, 'D8ps_v5_US East_2': 20, 'D8ps_v5_US East_3': 20, 'D96ads_v6_US East_1': 20, 'D96alds_v6_US East_2': 20, 'D96als_v6_US East_2': 20, 'D96as_v6_US East_3': 20, 'E16ads_v6_US East_1': 20, 'E16ads_v6_US East_2': 20, 'E16as_v6_US East_1': 20, 'E16as_v6_US East_2': 20, 'E20as_v6_US East_1': 20, 'E20as_v6_US East_3': 20, 'E32ads_v6_US East_2': 20, 'E32as_v6_US East_2': 20, 'E48ads_v6_US East_3': 20, 'E48as_v6_US East_2': 20, 'E64ads_v6_US East_1': 20, 'E64as_v6_US East_3': 20, 'E8ads_v6_US East_2': 20, 'E8ads_v6_US East_3': 20, 'E8as_v6_US East_1': 20, 'E8as_v6_US East_3': 20, 'E8ps_v5_US East_2': 20, 'E96ads_v6_US East_3': 20, 'E96as_v6_US East_2': 20, 'F16als_v6_US East_2': 20, 'F16als_v6_US East_3': 20, 'F16as_v6_US East_1': 20, 'F16as_v6_US East_3': 20, 'F32als_v6_US East_3': 20, 'F32as_v6_US East_1': 20, 'F48als_v6_US East_2': 20, 'F48as_v6_US East_1': 20, 'F64als_v6_US East_1': 20, 'F64as_v6_US East_1': 20, 'F8als_v6_US East_1': 20, 'F8als_v6_US East_2': 20, 'F8as_v6_US East_2': 20, 'F8as_v6_US East_3': 20}"
0.53,544.6888200000002,205366253,377034.08929891343,6640,6623,"{'D16ads_v6_US East_2': 20, 'D16ads_v6_US East_3': 20, 'D16alds_v6_US East_1': 20, 'D16alds_v6_US East_3': 20, 'D16als_v6_US East_1': 20, 'D16als_v6_US East_3': 20, 'D16as_v6_US East_1': 20, 'D16as_v6_US East_2': 20, 'D16pds_v5_US East_1': 20, 'D16plds_v5_US East_2': 20, 'D16plds_v5_US East_3': 20, 'D16pls_v5_US East_2': 20, 'D16pls_v5_US East_3': 20, 'D16ps_v5_US East_3': 20, 'D32ads_v6_US East_1': 20, 'D32ads_v6_US East_3': 20, 'D32alds_v6_US East_1': 20, 'D32alds_v6_US East_3': 20, 'D32als_v6_US East_2': 20, 'D32als_v6_US East_3': 20, 'D32as_v6_US East_1': 20, 'D32as_v6_US East_3': 20, 'D32plds_v5_US East_3': 20, 'D32pls_v5_US East_2': 20, 'D48ads_v6_US East_1': 20, 'D48alds_v6_US East_2': 20, 'D48als_v6_US East_1': 20, 'D48als_v6_US East_3': 20, 'D64ads_v6_US East_2': 20, 'D64alds_v6_US East_3': 20, 'D64als_v6_US East_3': 20, 'D64as_v6_US East_2': 20, 'D8ads_v6_US East_1': 20, 'D8ads_v6_US East_2': 20, 'D8ads_v6_US East_3': 20, 'D8alds_v6_US East_1': 20, 'D8alds_v6_US East_2': 20, 'D8alds_v6_US East_3': 20, 'D8als_v6_US East_1': 20, 'D8als_v6_US East_2': 20, 'D8als_v6_US East_3': 20, 'D8as_v6_US East_1': 20, 'D8as_v6_US East_2': 20, 'D8as_v6_US East_3': 20, 'D8plds_v5_US East_1': 20, 'D8plds_v5_US East_2': 20, 'D8plds_v5_US East_3': 20, 'D8pls_v5_US East_1': 20, 'D8pls_v5_US East_2': 20, 'D8pls_v5_US East_3': 20, 'D8ps_v5_US East_1': 20, 'D8ps_v5_US East_2': 20, 'D8ps_v5_US East_3': 20, 'D96ads_v6_US East_1': 20, 'D96alds_v6_US East_2': 20, 'D96als_v6_US East_2': 20, 'D96as_v6_US East_3': 20, 'E16ads_v6_US East_1': 20, 'E16ads_v6_US East_2': 20, 'E16as_v6_US East_1': 20, 'E16as_v6_US East_2': 20, 'E20as_v6_US East_1': 20, 'E20as_v6_US East_3': 20, 'E32ads_v6_US East_2': 20, 'E32as_v6_US East_2': 20, 'E48ads_v6_US East_3': 20, 'E48as_v6_US East_2': 20, 'E64ads_v6_US East_1': 20, 'E64as_v6_US East_3': 20, 'E8ads_v6_US East_2': 20, 'E8ads_v6_US East_3': 20, 'E8as_v6_US East_1': 20, 'E8as_v6_US East_3': 20, 'E8ps_v5_US East_2': 20, 'E96ads_v6_US East_3': 20, 'E96as_v6_US East_2': 20, 'F16als_v6_US East_2': 20, 'F16als_v6_US East_3': 20, 'F16as_v6_US East_1': 20, 'F16as_v6_US East_3': 20, 'F32als_v6_US East_3': 20, 'F32as_v6_US East_1': 20, 'F48als_v6_US East_2': 20, 'F48as_v6_US East_1': 20, 'F64als_v6_US East_1': 20, 'F64as_v6_US East_1': 20, 'F8als_v6_US East_1': 20, 'F8als_v6_US East_2': 20, 'F8as_v6_US East_2': 20, 'F8as_v6_US East_3': 20}"
0.54,569.1359200000002,211136014,370976.4349436947,6820,6803,"{'D16ads_v6_US East_2': 20, 'D16ads_v6_US East_3': 20, 'D16alds_v6_US East_1': 20, 'D16alds_v6_US East_3': 20, 'D16als_v6_US East_1': 20, 'D16als_v6_US East_3': 20, 'D16as_v6_US East_1': 20, 'D16as_v6_US East_2': 20, 'D16pds_v5_US East_1': 20, 'D16plds_v5_US East_2': 20, 'D16plds_v5_US East_3': 20, 'D16pls_v5_US East_2': 20, 'D16pls_v5_US East_3': 20, 'D16ps_v5_US East_3': 20, 'D32ads_v6_US East_1': 20, 'D32ads_v6_US East_3': 20, 'D32alds_v6_US East_1': 20, 'D32alds_v6_US East_3': 20, 'D32als_v6_US East_2': 20, 'D32als_v6_US East_3': 20, 'D32as_v6_US East_1': 20, 'D32as_v6_US East_3': 20, 'D32plds_v5_US East_3': 20, 'D32pls_v5_US East_2': 20, 'D48ads_v6_US East_1': 20, 'D48alds_v6_US East_2': 20, 'D48als_v6_US East_1': 20, 'D48als_v6_US East_3': 20, 'D64ads_v6_US East_2': 20, 'D64alds_v6_US East_3': 20, 'D64als_v6_US East_3': 20, 'D64as_v6_US East_2': 20, 'D8ads_v6_US East_1': 20, 'D8ads_v6_US East_2': 20, 'D8ads_v6_US East_3': 20, 'D8alds_v6_US East_1': 20, 'D8alds_v6_US East_2': 20, 'D8alds_v6_US East_3': 20, 'D8als_v6_US East_1': 20, 'D8als_v6_US East_2': 20, 'D8als_v6_US East_3': 20, 'D8as_v6_US East_1': 20, 'D8as_v6_US East_2': 20, 'D8as_v6_US East_3': 20, 'D8plds_v5_US East_1': 20, 'D8plds_v5_US East_2': 20, 'D8plds_v5_US East_3': 20, 'D8pls_v5_US East_1': 20, 'D8pls_v5_US East_2': 20, 'D8pls_v5_US East_3': 20, 'D8ps_v5_US East_1': 20, 'D8ps_v5_US East_2': 20, 'D8ps_v5_US East_3': 20, 'D96ads_v6_US East_1': 20, 'D96alds_v6_US East_2': 20, 'D96als_v6_US East_2': 20, 'D96as_v6_US East_3': 20, 'E16ads_v6_US East_1': 20, 'E16ads_v6_US East_2': 20, 'E16as_v6_US East_1': 20, 'E16as_v6_US East_2': 20, 'E20as_v6_US East_1': 20, 'E20as_v6_US East_3': 20, 'E32ads_v6_US East_2': 20, 'E32as_v6_US East_2': 20, 'E48ads_v6_US East_3': 20, 'E48as_v6_US East_2': 20, 'E64ads_v6_US East_1': 20, 'E64as_v6_US East_3': 20, 'E8ads_v6_US East_2': 20, 'E8ads_v6_US East_3': 20, 'E8as_v6_US East_1': 20, 'E8as_v6_US East_3': 20, 'E8ps_v5_US East_2': 20, 'E96ads_v6_US East_3': 20, 'E96as_v6_US East_2': 20, 'F16als_v6_US East_2': 20, 'F16als_v6_US East_3': 20, 'F16as_v6_US East_1': 20, 'F16as_v6_US East_3': 20, 'F32als_v6_US East_3': 20, 'F32as_v6_US East_1': 20, 'F48als_v6_US East_2': 20, 'F48as_v6_US East_1': 20, 'F64als_v6_US East_1': 20, 'F64ams_v6_US East_1': 20, 'F64as_v6_US East_1': 20, 'F8als_v6_US East_1': 20, 'F8als_v6_US East_2': 20, 'F8as_v6_US East_2': 20, 'F8as_v6_US East_3': 20}"
0.55,580.5196000000002,213700352,368119.1005437195,6900,6883,"{'D16ads_v6_US East_2': 20, 'D16ads_v6_US East_3': 20, 'D16alds_v6_US East_1': 20, 'D16alds_v6_US East_3': 20, 'D16als_v6_US East_1': 20, 'D16als_v6_US East_3': 20, 'D16as_v6_US East_1': 20, 'D16as_v6_US East_2': 20, 'D16pds_v5_US East_1': 20, 'D16plds_v5_US East_2': 20, 'D16plds_v5_US East_3': 20, 'D16pls_v5_US East_2': 20, 'D16pls_v5_US East_3': 20, 'D16ps_v5_US East_3': 20, 'D32ads_v6_US East_1': 20, 'D32ads_v6_US East_3': 20, 'D32alds_v6_US East_1': 20, 'D32alds_v6_US East_3': 20, 'D32als_v6_US East_2': 20, 'D32als_v6_US East_3': 20, 'D32as_v6_US East_1': 20, 'D32as_v6_US East_3': 20, 'D32plds_v5_US East_3': 20, 'D32pls_v5_US East_2': 20, 'D48ads_v6_US East_1': 20, 'D48alds_v6_US East_2': 20, 'D48als_v6_US East_1': 20, 'D48als_v6_US East_3': 20, 'D64ads_v6_US East_2': 20, 'D64alds_v6_US East_3': 20, 'D64als_v6_US East_3': 20, 'D64as_v6_US East_2': 20, 'D8ads_v6_US East_1': 20, 'D8ads_v6_US East_2': 20, 'D8ads_v6_US East_3': 20, 'D8alds_v6_US East_1': 20, 'D8alds_v6_US East_2': 20, 'D8alds_v6_US East_3': 20, 'D8als_v6_US East_1': 20, 'D8als_v6_US East_2': 20, 'D8als_v6_US East_3': 20, 'D8as_v6_US East_1': 20, 'D8as_v6_US East_2': 20, 'D8as_v6_US East_3': 20, 'D8plds_v5_US East_1': 20, 'D8plds_v5_US East_2': 20, 'D8plds_v5_US East_3': 20, 'D8pls_v5_US East_1': 20, 'D8pls_v5_US East_2': 20, 'D8pls_v5_US East_3': 20, 'D8ps_v5_US East_1': 20, 'D8ps_v5_US East_2': 20, 'D8ps_v5_US East_3': 20, 'D96ads_v6_US East_1': 20, 'D96alds_v6_US East_2': 20, 'D96als_v6_US East_2': 20, 'D96as_v6_US East_3': 20, 'E16ads_v6_US East_1': 20, 'E16ads_v6_US East_2': 20, 'E16as_v6_US East_1': 20, 'E16as_v6_US East_2': 20, 'E20ads_v6_US East_2': 20, 'E20ads_v6_US East_3': 20, 'E20as_v6_US East_1': 20, 'E20as_v6_US East_3': 20, 'E32ads_v6_US East_2': 20, 'E32as_v6_US East_2': 20, 'E48ads_v6_US East_3': 20, 'E48as_v6_US East_2': 20, 'E64ads_v6_US East_1': 20, 'E64as_v6_US East_3': 20, 'E8ads_v6_US East_2': 20, 'E8ads_v6_US East_3': 20, 'E8as_v6_US East_1': 20, 'E8as_v6_US East_3': 20, 'E8ps_v5_US East_2': 20, 'E96ads_v6_US East_3': 20, 'E96as_v6_US East_2': 20, 'F16als_v6_US East_2': 20, 'F16als_v6_US East_3': 20, 'F16as_v6_US East_1': 20, 'F16as_v6_US East_3': 20, 'F32als_v6_US East_3': 20, 'F32as_v6_US East_1': 20, 'F48als_v6_US East_2': 20, 'F48as_v6_US East_1': 20, 'F64als_v6_US East_1': 20, 'F64ams_v6_US East_1': 20, 'F64as_v6_US East_1': 20, 'F8als_v6_US East_1': 20, 'F8als_v6_US East_2': 20, 'F8as_v6_US East_2': 20, 'F8as_v6_US East_3': 20}"
0.56,580.5196000000002,213700352,368119.1005437195,6900,6883,"{'D16ads_v6_US East_2': 20, 'D16ads_v6_US East_3': 20, 'D16alds_v6_US East_1': 20, 'D16alds_v6_US East_3': 20, 'D16als_v6_US East_1': 20, 'D16als_v6_US East_3': 20, 'D16as_v6_US East_1': 20, 'D16as_v6_US East_2': 20, 'D16pds_v5_US East_1': 20, 'D16plds_v5_US East_2': 20, 'D16plds_v5_US East_3': 20, 'D16pls_v5_US East_2': 20, 'D16pls_v5_US East_3': 20, 'D16ps_v5_US East_3': 20, 'D32ads_v6_US East_1': 20, 'D32ads_v6_US East_3': 20, 'D32alds_v6_US East_1': 20, 'D32alds_v6_US East_3': 20, 'D32als_v6_US East_2': 20, 'D32als_v6_US East_3': 20, 'D32as_v6_US East_1': 20, 'D32as_v6_US East_3': 20, 'D32plds_v5_US East_3': 20, 'D32pls_v5_US East_2': 20, 'D48ads_v6_US East_1': 20, 'D48alds_v6_US East_2': 20, 'D48als_v6_US East_1': 20, 'D48als_v6_US East_3': 20, 'D64ads_v6_US East_2': 20, 'D64alds_v6_US East_3': 20, 'D64als_v6_US East_3': 20, 'D64as_v6_US East_2': 20, 'D8ads_v6_US East_1': 20, 'D8ads_v6_US East_2': 20, 'D8ads_v6_US East_3': 20, 'D8alds_v6_US East_1': 20, 'D8alds_v6_US East_2': 20, 'D8alds_v6_US East_3': 20, 'D8als_v6_US East_1': 20, 'D8als_v6_US East_2': 20, 'D8als_v6_US East_3': 20, 'D8as_v6_US East_1': 20, 'D8as_v6_US East_2': 20, 'D8as_v6_US East_3': 20, 'D8plds_v5_US East_1': 20, 'D8plds_v5_US East_2': 20, 'D8plds_v5_US East_3': 20, 'D8pls_v5_US East_1': 20, 'D8pls_v5_US East_2': 20, 'D8pls_v5_US East_3': 20, 'D8ps_v5_US East_1': 20, 'D8ps_v5_US East_2': 20, 'D8ps_v5_US East_3': 20, 'D96ads_v6_US East_1': 20, 'D96alds_v6_US East_2': 20, 'D96als_v6_US East_2': 20, 'D96as_v6_US East_3': 20, 'E16ads_v6_US East_1': 20, 'E16ads_v6_US East_2': 20, 'E16as_v6_US East_1': 20, 'E16as_v6_US East_2': 20, 'E20ads_v6_US East_2': 20, 'E20ads_v6_US East_3': 20, 'E20as_v6_US East_1': 20, 'E20as_v6_US East_3': 20, 'E32ads_v6_US East_2': 20, 'E32as_v6_US East_2': 20, 'E48ads_v6_US East_3': 20, 'E48as_v6_US East_2': 20, 'E64ads_v6_US East_1': 20, 'E64as_v6_US East_3': 20, 'E8ads_v6_US East_2': 20, 'E8ads_v6_US East_3': 20, 'E8as_v6_US East_1': 20, 'E8as_v6_US East_3': 20, 'E8ps_v5_US East_2': 20, 'E96ads_v6_US East_3': 20, 'E96as_v6_US East_2': 20, 'F16als_v6_US East_2': 20, 'F16als_v6_US East_3': 20, 'F16as_v6_US East_1': 20, 'F16as_v6_US East_3': 20, 'F32als_v6_US East_3': 20, 'F32as_v6_US East_1': 20, 'F48als_v6_US East_2': 20, 'F48as_v6_US East_1': 20, 'F64als_v6_US East_1': 20, 'F64ams_v6_US East_1': 20, 'F64as_v6_US East_1': 20, 'F8als_v6_US East_1': 20, 'F8als_v6_US East_2': 20, 'F8as_v6_US East_2': 20, 'F8as_v6_US East_3': 20}"
0.5700000000000001,634.5808200000004,225069648,354674.52073322935,7280,7263,"{'D16ads_v6_US East_2': 20, 'D16ads_v6_US East_3': 20, 'D16alds_v6_US East_1': 20, 'D16alds_v6_US East_3': 20, 'D16als_v6_US East_1': 20, 'D16als_v6_US East_3': 20, 'D16as_v6_US East_1': 20, 'D16as_v6_US East_2': 20, 'D16pds_v5_US East_1': 20, 'D16plds_v5_US East_2': 20, 'D16plds_v5_US East_3': 20, 'D16pls_v5_US East_2': 20, 'D16pls_v5_US East_3': 20, 'D16ps_v5_US East_3': 20, 'D32ads_v6_US East_1': 20, 'D32ads_v6_US East_3': 20, 'D32alds_v6_US East_1': 20, 'D32alds_v6_US East_3': 20, 'D32als_v6_US East_2': 20, 'D32als_v6_US East_3': 20, 'D32as_v6_US East_1': 20, 'D32as_v6_US East_3': 20, 'D32plds_v5_US East_3': 20, 'D32pls_v5_US East_2': 20, 'D48ads_v6_US East_1': 20, 'D48alds_v6_US East_2': 20, 'D48als_v6_US East_1': 20, 'D48als_v6_US East_3': 20, 'D64ads_v6_US East_2': 20, 'D64alds_v6_US East_3': 20, 'D64als_v6_US East_3': 20, 'D64as_v6_US East_2': 20, 'D8ads_v6_US East_1': 20, 'D8ads_v6_US East_2': 20, 'D8ads_v6_US East_3': 20, 'D8alds_v6_US East_1': 20, 'D8alds_v6_US East_2': 20, 'D8alds_v6_US East_3': 20, 'D8als_v6_US East_1': 20, 'D8als_v6_US East_2': 20, 'D8als_v6_US East_3': 20, 'D8as_v6_US East_1': 20, 'D8as_v6_US East_2': 20, 'D8as_v6_US East_3': 20, 'D8plds_v5_US East_1': 20, 'D8plds_v5_US East_2': 20, 'D8plds_v5_US East_3': 20, 'D8pls_v5_US East_1': 20, 'D8pls_v5_US East_2': 20, 'D8pls_v5_US East_3': 20, 'D8ps_v5_US East_1': 20, 'D8ps_v5_US East_2': 20, 'D8ps_v5_US East_3': 20, 'D96ads_v6_US East_1': 20, 'D96alds_v6_US East_2': 20, 'D96als_v6_US East_2': 20, 'D96as_v6_US East_3': 20, 'E16ads_v6_US East_1': 20, 'E16ads_v6_US East_2': 20, 'E16as_v6_US East_1': 20, 'E16as_v6_US East_2': 20, 'E20ads_v6_US East_2': 20, 'E20ads_v6_US East_3': 20, 'E20as_v6_US East_1': 20, 'E20as_v6_US East_3': 20, 'E32ads_v6_US East_2': 20, 'E32as_v6_US East_2': 20, 'E48ads_v6_US East_3': 20, 'E48as_v6_US East_2': 20, 'E64ads_v6_US East_1': 20, 'E64as_v6_US East_3': 20, 'E8ads_v6_US East_2': 20, 'E8ads_v6_US East_3': 20, 'E8as_v6_US East_1': 20, 'E8as_v6_US East_3': 20, 'E8ps_v5_US East_2': 20, 'E96ads_v6_US East_3': 20, 'E96as_v6_US East_2': 20, 'F16als_v6_US East_2': 20, 'F16als_v6_US East_3': 20, 'F16ams_v6_US East_1': 20, 'F16ams_v6_US East_3': 20, 'F16as_v6_US East_1': 20, 'F16as_v6_US East_3': 20, 'F32als_v6_US East_3': 20, 'F32ams_v6_US East_1': 20, 'F32as_v6_US East_1': 20, 'F48als_v6_US East_2': 20, 'F48ams_v6_US East_2': 20, 'F48as_v6_US East_1': 20, 'F64als_v6_US East_1': 20, 'F64ams_v6_US East_1': 20, 'F64as_v6_US East_1': 20, 'F8als_v6_US East_1': 20, 'F8als_v6_US East_2': 20, 'F8ams_v6_US East_1': 20, 'F8ams_v6_US East_2': 20, 'F8as_v6_US East_2': 20, 'F8as_v6_US East_3': 20, 'NV8as_v4_US East_1': 20, 'NV8as_v4_US East_2': 20, 'NV8as_v4_US East_3': 20}"
0.58,634.5808200000004,225069648,354674.52073322935,7280,7263,"{'D16ads_v6_US East_2': 20, 'D16ads_v6_US East_3': 20, 'D16alds_v6_US East_1': 20, 'D16alds_v6_US East_3': 20, 'D16als_v6_US East_1': 20, 'D16als_v6_US East_3': 20, 'D16as_v6_US East_1': 20, 'D16as_v6_US East_2': 20, 'D16pds_v5_US East_1': 20, 'D16plds_v5_US East_2': 20, 'D16plds_v5_US East_3': 20, 'D16pls_v5_US East_2': 20, 'D16pls_v5_US East_3': 20, 'D16ps_v5_US East_3': 20, 'D32ads_v6_US East_1': 20, 'D32ads_v6_US East_3': 20, 'D32alds_v6_US East_1': 20, 'D32alds_v6_US East_3': 20, 'D32als_v6_US East_2': 20, 'D32als_v6_US East_3': 20, 'D32as_v6_US East_1': 20, 'D32as_v6_US East_3': 20, 'D32plds_v5_US East_3': 20, 'D32pls_v5_US East_2': 20, 'D48ads_v6_US East_1': 20, 'D48alds_v6_US East_2': 20, 'D48als_v6_US East_1': 20, 'D48als_v6_US East_3': 20, 'D64ads_v6_US East_2': 20, 'D64alds_v6_US East_3': 20, 'D64als_v6_US East_3': 20, 'D64as_v6_US East_2': 20, 'D8ads_v6_US East_1': 20, 'D8ads_v6_US East_2': 20, 'D8ads_v6_US East_3': 20, 'D8alds_v6_US East_1': 20, 'D8alds_v6_US East_2': 20, 'D8alds_v6_US East_3': 20, 'D8als_v6_US East_1': 20, 'D8als_v6_US East_2': 20, 'D8als_v6_US East_3': 20, 'D8as_v6_US East_1': 20, 'D8as_v6_US East_2': 20, 'D8as_v6_US East_3': 20, 'D8plds_v5_US East_1': 20, 'D8plds_v5_US East_2': 20, 'D8plds_v5_US East_3': 20, 'D8pls_v5_US East_1': 20, 'D8pls_v5_US East_2': 20, 'D8pls_v5_US East_3': 20, 'D8ps_v5_US East_1': 20, 'D8ps_v5_US East_2': 20, 'D8ps_v5_US East_3': 20, 'D96ads_v6_US East_1': 20, 'D96alds_v6_US East_2': 20, 'D96als_v6_US East_2': 20, 'D96as_v6_US East_3': 20, 'E16ads_v6_US East_1': 20, 'E16ads_v6_US East_2': 20, 'E16as_v6_US East_1': 20, 'E16as_v6_US East_2': 20, 'E20ads_v6_US East_2': 20, 'E20ads_v6_US East_3': 20, 'E20as_v6_US East_1': 20, 'E20as_v6_US East_3': 20, 'E32ads_v6_US East_2': 20, 'E32as_v6_US East_2': 20, 'E48ads_v6_US East_3': 20, 'E48as_v6_US East_2': 20, 'E64ads_v6_US East_1': 20, 'E64as_v6_US East_3': 20, 'E8ads_v6_US East_2': 20, 'E8ads_v6_US East_3': 20, 'E8as_v6_US East_1': 20, 'E8as_v6_US East_3': 20, 'E8ps_v5_US East_2': 20, 'E96ads_v6_US East_3': 20, 'E96as_v6_US East_2': 20, 'F16als_v6_US East_2': 20, 'F16als_v6_US East_3': 20, 'F16ams_v6_US East_1': 20, 'F16ams_v6_US East_3': 20, 'F16as_v6_US East_1': 20, 'F16as_v6_US East_3': 20, 'F32als_v6_US East_3': 20, 'F32ams_v6_US East_1': 20, 'F32as_v6_US East_1': 20, 'F48als_v6_US East_2': 20, 'F48ams_v6_US East_2': 20, 'F48as_v6_US East_1': 20, 'F64als_v6_US East_1': 20, 'F64ams_v6_US East_1': 20, 'F64as_v6_US East_1': 20, 'F8als_v6_US East_1': 20, 'F8als_v6_US East_2': 20, 'F8ams_v6_US East_1': 20, 'F8ams_v6_US East_2': 20, 'F8as_v6_US East_2': 20, 'F8as_v6_US East_3': 20, 'NV8as_v4_US East_1': 20, 'NV8as_v4_US East_2': 20, 'NV8as_v4_US East_3': 20}"
0.59,634.5808200000004,225069648,354674.52073322935,7280,7263,"{'D16ads_v6_US East_2': 20, 'D16ads_v6_US East_3': 20, 'D16alds_v6_US East_1': 20, 'D16alds_v6_US East_3': 20, 'D16als_v6_US East_1': 20, 'D16als_v6_US East_3': 20, 'D16as_v6_US East_1': 20, 'D16as_v6_US East_2': 20, 'D16pds_v5_US East_1': 20, 'D16plds_v5_US East_2': 20, 'D16plds_v5_US East_3': 20, 'D16pls_v5_US East_2': 20, 'D16pls_v5_US East_3': 20, 'D16ps_v5_US East_3': 20, 'D32ads_v6_US East_1': 20, 'D32ads_v6_US East_3': 20, 'D32alds_v6_US East_1': 20, 'D32alds_v6_US East_3': 20, 'D32als_v6_US East_2': 20, 'D32als_v6_US East_3': 20, 'D32as_v6_US East_1': 20, 'D32as_v6_US East_3': 20, 'D32plds_v5_US East_3': 20, 'D32pls_v5_US East_2': 20, 'D48ads_v6_US East_1': 20, 'D48alds_v6_US East_2': 20, 'D48als_v6_US East_1': 20, 'D48als_v6_US East_3': 20, 'D64ads_v6_US East_2': 20, 'D64alds_v6_US East_3': 20, 'D64als_v6_US East_3': 20, 'D64as_v6_US East_2': 20, 'D8ads_v6_US East_1': 20, 'D8ads_v6_US East_2': 20, 'D8ads_v6_US East_3': 20, 'D8alds_v6_US East_1': 20, 'D8alds_v6_US East_2': 20, 'D8alds_v6_US East_3': 20, 'D8als_v6_US East_1': 20, 'D8als_v6_US East_2': 20, 'D8als_v6_US East_3': 20, 'D8as_v6_US East_1': 20, 'D8as_v6_US East_2': 20, 'D8as_v6_US East_3': 20, 'D8plds_v5_US East_1': 20, 'D8plds_v5_US East_2': 20, 'D8plds_v5_US East_3': 20, 'D8pls_v5_US East_1': 20, 'D8pls_v5_US East_2': 20, 'D8pls_v5_US East_3': 20, 'D8ps_v5_US East_1': 20, 'D8ps_v5_US East_2': 20, 'D8ps_v5_US East_3': 20, 'D96ads_v6_US East_1': 20, 'D96alds_v6_US East_2': 20, 'D96als_v6_US East_2': 20, 'D96as_v6_US East_3': 20, 'E16ads_v6_US East_1': 20, 'E16ads_v6_US East_2': 20, 'E16as_v6_US East_1': 20, 'E16as_v6_US East_2': 20, 'E20ads_v6_US East_2': 20, 'E20ads_v6_US East_3': 20, 'E20as_v6_US East_1': 20, 'E20as_v6_US East_3': 20, 'E32ads_v6_US East_2': 20, 'E32as_v6_US East_2': 20, 'E48ads_v6_US East_3': 20, 'E48as_v6_US East_2': 20, 'E64ads_v6_US East_1': 20, 'E64as_v6_US East_3': 20, 'E8ads_v6_US East_2': 20, 'E8ads_v6_US East_3': 20, 'E8as_v6_US East_1': 20, 'E8as_v6_US East_3': 20, 'E8ps_v5_US East_2': 20, 'E96ads_v6_US East_3': 20, 'E96as_v6_US East_2': 20, 'F16als_v6_US East_2': 20, 'F16als_v6_US East_3': 20, 'F16ams_v6_US East_1': 20, 'F16ams_v6_US East_3': 20, 'F16as_v6_US East_1': 20, 'F16as_v6_US East_3': 20, 'F32als_v6_US East_3': 20, 'F32ams_v6_US East_1': 20, 'F32as_v6_US East_1': 20, 'F48als_v6_US East_2': 20, 'F48ams_v6_US East_2': 20, 'F48as_v6_US East_1': 20, 'F64als_v6_US East_1': 20, 'F64ams_v6_US East_1': 20, 'F64as_v6_US East_1': 20, 'F8als_v6_US East_1': 20, 'F8als_v6_US East_2': 20, 'F8ams_v6_US East_1': 20, 'F8ams_v6_US East_2': 20, 'F8as_v6_US East_2': 20, 'F8as_v6_US East_3': 20, 'NV8as_v4_US East_1': 20, 'NV8as_v4_US East_2': 20, 'NV8as_v4_US East_3': 20}"
0.6,634.5808200000004,225069648,354674.52073322935,7280,7263,"{'D16ads_v6_US East_2': 20, 'D16ads_v6_US East_3': 20, 'D16alds_v6_US East_1': 20, 'D16alds_v6_US East_3': 20, 'D16als_v6_US East_1': 20, 'D16als_v6_US East_3': 20, 'D16as_v6_US East_1': 20, 'D16as_v6_US East_2': 20, 'D16pds_v5_US East_1': 20, 'D16plds_v5_US East_2': 20, 'D16plds_v5_US East_3': 20, 'D16pls_v5_US East_2': 20, 'D16pls_v5_US East_3': 20, 'D16ps_v5_US East_3': 20, 'D32ads_v6_US East_1': 20, 'D32ads_v6_US East_3': 20, 'D32alds_v6_US East_1': 20, 'D32alds_v6_US East_3': 20, 'D32als_v6_US East_2': 20, 'D32als_v6_US East_3': 20, 'D32as_v6_US East_1': 20, 'D32as_v6_US East_3': 20, 'D32plds_v5_US East_3': 20, 'D32pls_v5_US East_2': 20, 'D48ads_v6_US East_1': 20, 'D48alds_v6_US East_2': 20, 'D48als_v6_US East_1': 20, 'D48als_v6_US East_3': 20, 'D64ads_v6_US East_2': 20, 'D64alds_v6_US East_3': 20, 'D64als_v6_US East_3': 20, 'D64as_v6_US East_2': 20, 'D8ads_v6_US East_1': 20, 'D8ads_v6_US East_2': 20, 'D8ads_v6_US East_3': 20, 'D8alds_v6_US East_1': 20, 'D8alds_v6_US East_2': 20, 'D8alds_v6_US East_3': 20, 'D8als_v6_US East_1': 20, 'D8als_v6_US East_2': 20, 'D8als_v6_US East_3': 20, 'D8as_v6_US East_1': 20, 'D8as_v6_US East_2': 20, 'D8as_v6_US East_3': 20, 'D8plds_v5_US East_1': 20, 'D8plds_v5_US East_2': 20, 'D8plds_v5_US East_3': 20, 'D8pls_v5_US East_1': 20, 'D8pls_v5_US East_2': 20, 'D8pls_v5_US East_3': 20, 'D8ps_v5_US East_1': 20, 'D8ps_v5_US East_2': 20, 'D8ps_v5_US East_3': 20, 'D96ads_v6_US East_1': 20, 'D96alds_v6_US East_2': 20, 'D96als_v6_US East_2': 20, 'D96as_v6_US East_3': 20, 'E16ads_v6_US East_1': 20, 'E16ads_v6_US East_2': 20, 'E16as_v6_US East_1': 20, 'E16as_v6_US East_2': 20, 'E20ads_v6_US East_2': 20, 'E20ads_v6_US East_3': 20, 'E20as_v6_US East_1': 20, 'E20as_v6_US East_3': 20, 'E32ads_v6_US East_2': 20, 'E32as_v6_US East_2': 20, 'E48ads_v6_US East_3': 20, 'E48as_v6_US East_2': 20, 'E64ads_v6_US East_1': 20, 'E64as_v6_US East_3': 20, 'E8ads_v6_US East_2': 20, 'E8ads_v6_US East_3': 20, 'E8as_v6_US East_1': 20, 'E8as_v6_US East_3': 20, 'E8ps_v5_US East_2': 20, 'E96ads_v6_US East_3': 20, 'E96as_v6_US East_2': 20, 'F16als_v6_US East_2': 20, 'F16als_v6_US East_3': 20, 'F16ams_v6_US East_1': 20, 'F16ams_v6_US East_3': 20, 'F16as_v6_US East_1': 20, 'F16as_v6_US East_3': 20, 'F32als_v6_US East_3': 20, 'F32ams_v6_US East_1': 20, 'F32as_v6_US East_1': 20, 'F48als_v6_US East_2': 20, 'F48ams_v6_US East_2': 20, 'F48as_v6_US East_1': 20, 'F64als_v6_US East_1': 20, 'F64ams_v6_US East_1': 20, 'F64as_v6_US East_1': 20, 'F8als_v6_US East_1': 20, 'F8als_v6_US East_2': 20, 'F8ams_v6_US East_1': 20, 'F8ams_v6_US East_2': 20, 'F8as_v6_US East_2': 20, 'F8as_v6_US East_3': 20, 'NV8as_v4_US East_1': 20, 'NV8as_v4_US East_2': 20, 'NV8as_v4_US East_3': 20}"
0.61,634.5808200000004,225069648,354674.52073322935,7280,7263,"{'D16ads_v6_US East_2': 20, 'D16ads_v6_US East_3': 20, 'D16alds_v6_US East_1': 20, 'D16alds_v6_US East_3': 20, 'D16als_v6_US East_1': 20, 'D16als_v6_US East_3': 20, 'D16as_v6_US East_1': 20, 'D16as_v6_US East_2': 20, 'D16pds_v5_US East_1': 20, 'D16plds_v5_US East_2': 20, 'D16plds_v5_US East_3': 20, 'D16pls_v5_US East_2': 20, 'D16pls_v5_US East_3': 20, 'D16ps_v5_US East_3': 20, 'D32ads_v6_US East_1': 20, 'D32ads_v6_US East_3': 20, 'D32alds_v6_US East_1': 20, 'D32alds_v6_US East_3': 20, 'D32als_v6_US East_2': 20, 'D32als_v6_US East_3': 20, 'D32as_v6_US East_1': 20, 'D32as_v6_US East_3': 20, 'D32plds_v5_US East_3': 20, 'D32pls_v5_US East_2': 20, 'D48ads_v6_US East_1': 20, 'D48alds_v6_US East_2': 20, 'D48als_v6_US East_1': 20, 'D48als_v6_US East_3': 20, 'D64ads_v6_US East_2': 20, 'D64alds_v6_US East_3': 20, 'D64als_v6_US East_3': 20, 'D64as_v6_US East_2': 20, 'D8ads_v6_US East_1': 20, 'D8ads_v6_US East_2': 20, 'D8ads_v6_US East_3': 20, 'D8alds_v6_US East_1': 20, 'D8alds_v6_US East_2': 20, 'D8alds_v6_US East_3': 20, 'D8als_v6_US East_1': 20, 'D8als_v6_US East_2': 20, 'D8als_v6_US East_3': 20, 'D8as_v6_US East_1': 20, 'D8as_v6_US East_2': 20, 'D8as_v6_US East_3': 20, 'D8plds_v5_US East_1': 20, 'D8plds_v5_US East_2': 20, 'D8plds_v5_US East_3': 20, 'D8pls_v5_US East_1': 20, 'D8pls_v5_US East_2': 20, 'D8pls_v5_US East_3': 20, 'D8ps_v5_US East_1': 20, 'D8ps_v5_US East_2': 20, 'D8ps_v5_US East_3': 20, 'D96ads_v6_US East_1': 20, 'D96alds_v6_US East_2': 20, 'D96als_v6_US East_2': 20, 'D96as_v6_US East_3': 20, 'E16ads_v6_US East_1': 20, 'E16ads_v6_US East_2': 20, 'E16as_v6_US East_1': 20, 'E16as_v6_US East_2': 20, 'E20ads_v6_US East_2': 20, 'E20ads_v6_US East_3': 20, 'E20as_v6_US East_1': 20, 'E20as_v6_US East_3': 20, 'E32ads_v6_US East_2': 20, 'E32as_v6_US East_2': 20, 'E48ads_v6_US East_3': 20, 'E48as_v6_US East_2': 20, 'E64ads_v6_US East_1': 20, 'E64as_v6_US East_3': 20, 'E8ads_v6_US East_2': 20, 'E8ads_v6_US East_3': 20, 'E8as_v6_US East_1': 20, 'E8as_v6_US East_3': 20, 'E8ps_v5_US East_2': 20, 'E96ads_v6_US East_3': 20, 'E96as_v6_US East_2': 20, 'F16als_v6_US East_2': 20, 'F16als_v6_US East_3': 20, 'F16ams_v6_US East_1': 20, 'F16ams_v6_US East_3': 20, 'F16as_v6_US East_1': 20, 'F16as_v6_US East_3': 20, 'F32als_v6_US East_3': 20, 'F32ams_v6_US East_1': 20, 'F32as_v6_US East_1': 20, 'F48als_v6_US East_2': 20, 'F48ams_v6_US East_2': 20, 'F48as_v6_US East_1': 20, 'F64als_v6_US East_1': 20, 'F64ams_v6_US East_1': 20, 'F64as_v6_US East_1': 20, 'F8als_v6_US East_1': 20, 'F8als_v6_US East_2': 20, 'F8ams_v6_US East_1': 20, 'F8ams_v6_US East_2': 20, 'F8as_v6_US East_2': 20, 'F8as_v6_US East_3': 20, 'NV8as_v4_US East_1': 20, 'NV8as_v4_US East_2': 20, 'NV8as_v4_US East_3': 20}"
0.62,634.5808200000004,225069648,354674.52073322935,7280,7263,"{'D16ads_v6_US East_2': 20, 'D16ads_v6_US East_3': 20, 'D16alds_v6_US East_1': 20, 'D16alds_v6_US East_3': 20, 'D16als_v6_US East_1': 20, 'D16als_v6_US East_3': 20, 'D16as_v6_US East_1': 20, 'D16as_v6_US East_2': 20, 'D16pds_v5_US East_1': 20, 'D16plds_v5_US East_2': 20, 'D16plds_v5_US East_3': 20, 'D16pls_v5_US East_2': 20, 'D16pls_v5_US East_3': 20, 'D16ps_v5_US East_3': 20, 'D32ads_v6_US East_1': 20, 'D32ads_v6_US East_3': 20, 'D32alds_v6_US East_1': 20, 'D32alds_v6_US East_3': 20, 'D32als_v6_US East_2': 20, 'D32als_v6_US East_3': 20, 'D32as_v6_US East_1': 20, 'D32as_v6_US East_3': 20, 'D32plds_v5_US East_3': 20, 'D32pls_v5_US East_2': 20, 'D48ads_v6_US East_1': 20, 'D48alds_v6_US East_2': 20, 'D48als_v6_US East_1': 20, 'D48als_v6_US East_3': 20, 'D64ads_v6_US East_2': 20, 'D64alds_v6_US East_3': 20, 'D64als_v6_US East_3': 20, 'D64as_v6_US East_2': 20, 'D8ads_v6_US East_1': 20, 'D8ads_v6_US East_2': 20, 'D8ads_v6_US East_3': 20, 'D8alds_v6_US East_1': 20, 'D8alds_v6_US East_2': 20, 'D8alds_v6_US East_3': 20, 'D8als_v6_US East_1': 20, 'D8als_v6_US East_2': 20, 'D8als_v6_US East_3': 20, 'D8as_v6_US East_1': 20, 'D8as_v6_US East_2': 20, 'D8as_v6_US East_3': 20, 'D8plds_v5_US East_1': 20, 'D8plds_v5_US East_2': 20, 'D8plds_v5_US East_3': 20, 'D8pls_v5_US East_1': 20, 'D8pls_v5_US East_2': 20, 'D8pls_v5_US East_3': 20, 'D8ps_v5_US East_1': 20, 'D8ps_v5_US East_2': 20, 'D8ps_v5_US East_3': 20, 'D96ads_v6_US East_1': 20, 'D96alds_v6_US East_2': 20, 'D96als_v6_US East_2': 20, 'D96as_v6_US East_3': 20, 'E16ads_v6_US East_1': 20, 'E16ads_v6_US East_2': 20, 'E16as_v6_US East_1': 20, 'E16as_v6_US East_2': 20, 'E20ads_v6_US East_2': 20, 'E20ads_v6_US East_3': 20, 'E20as_v6_US East_1': 20, 'E20as_v6_US East_3': 20, 'E32ads_v6_US East_2': 20, 'E32as_v6_US East_2': 20, 'E48ads_v6_US East_3': 20, 'E48as_v6_US East_2': 20, 'E64ads_v6_US East_1': 20, 'E64as_v6_US East_3': 20, 'E8ads_v6_US East_2': 20, 'E8ads_v6_US East_3': 20, 'E8as_v6_US East_1': 20, 'E8as_v6_US East_3': 20, 'E8ps_v5_US East_2': 20, 'E96ads_v6_US East_3': 20, 'E96as_v6_US East_2': 20, 'F16als_v6_US East_2': 20, 'F16als_v6_US East_3': 20, 'F16ams_v6_US East_1': 20, 'F16ams_v6_US East_3': 20, 'F16as_v6_US East_1': 20, 'F16as_v6_US East_3': 20, 'F32als_v6_US East_3': 20, 'F32ams_v6_US East_1': 20, 'F32as_v6_US East_1': 20, 'F48als_v6_US East_2': 20, 'F48ams_v6_US East_2': 20, 'F48as_v6_US East_1': 20, 'F64als_v6_US East_1': 20, 'F64ams_v6_US East_1': 20, 'F64as_v6_US East_1': 20, 'F8als_v6_US East_1': 20, 'F8als_v6_US East_2': 20, 'F8ams_v6_US East_1': 20, 'F8ams_v6_US East_2': 20, 'F8as_v6_US East_2': 20, 'F8as_v6_US East_3': 20, 'NV8as_v4_US East_1': 20, 'NV8as_v4_US East_2': 20, 'NV8as_v4_US East_3': 20}"
0.63,634.5808200000004,225069648,354674.52073322935,7280,7263,"{'D16ads_v6_US East_2': 20, 'D16ads_v6_US East_3': 20, 'D16alds_v6_US East_1': 20, 'D16alds_v6_US East_3': 20, 'D16als_v6_US East_1': 20, 'D16als_v6_US East_3': 20, 'D16as_v6_US East_1': 20, 'D16as_v6_US East_2': 20, 'D16pds_v5_US East_1': 20, 'D16plds_v5_US East_2': 20, 'D16plds_v5_US East_3': 20, 'D16pls_v5_US East_2': 20, 'D16pls_v5_US East_3': 20, 'D16ps_v5_US East_3': 20, 'D32ads_v6_US East_1': 20, 'D32ads_v6_US East_3': 20, 'D32alds_v6_US East_1': 20, 'D32alds_v6_US East_3': 20, 'D32als_v6_US East_2': 20, 'D32als_v6_US East_3': 20, 'D32as_v6_US East_1': 20, 'D32as_v6_US East_3': 20, 'D32plds_v5_US East_3': 20, 'D32pls_v5_US East_2': 20, 'D48ads_v6_US East_1': 20, 'D48alds_v6_US East_2': 20, 'D48als_v6_US East_1': 20, 'D48als_v6_US East_3': 20, 'D64ads_v6_US East_2': 20, 'D64alds_v6_US East_3': 20, 'D64als_v6_US East_3': 20, 'D64as_v6_US East_2': 20, 'D8ads_v6_US East_1': 20, 'D8ads_v6_US East_2': 20, 'D8ads_v6_US East_3': 20, 'D8alds_v6_US East_1': 20, 'D8alds_v6_US East_2': 20, 'D8alds_v6_US East_3': 20, 'D8als_v6_US East_1': 20, 'D8als_v6_US East_2': 20, 'D8als_v6_US East_3': 20, 'D8as_v6_US East_1': 20, 'D8as_v6_US East_2': 20, 'D8as_v6_US East_3': 20, 'D8plds_v5_US East_1': 20, 'D8plds_v5_US East_2': 20, 'D8plds_v5_US East_3': 20, 'D8pls_v5_US East_1': 20, 'D8pls_v5_US East_2': 20, 'D8pls_v5_US East_3': 20, 'D8ps_v5_US East_1': 20, 'D8ps_v5_US East_2': 20, 'D8ps_v5_US East_3': 20, 'D96ads_v6_US East_1': 20, 'D96alds_v6_US East_2': 20, 'D96als_v6_US East_2': 20, 'D96as_v6_US East_3': 20, 'E16ads_v6_US East_1': 20, 'E16ads_v6_US East_2': 20, 'E16as_v6_US East_1': 20, 'E16as_v6_US East_2': 20, 'E20ads_v6_US East_2': 20, 'E20ads_v6_US East_3': 20, 'E20as_v6_US East_1': 20, 'E20as_v6_US East_3': 20, 'E32ads_v6_US East_2': 20, 'E32as_v6_US East_2': 20, 'E48ads_v6_US East_3': 20, 'E48as_v6_US East_2': 20, 'E64ads_v6_US East_1': 20, 'E64as_v6_US East_3': 20, 'E8ads_v6_US East_2': 20, 'E8ads_v6_US East_3': 20, 'E8as_v6_US East_1': 20, 'E8as_v6_US East_3': 20, 'E8ps_v5_US East_2': 20, 'E96ads_v6_US East_3': 20, 'E96as_v6_US East_2': 20, 'F16als_v6_US East_2': 20, 'F16als_v6_US East_3': 20, 'F16ams_v6_US East_1': 20, 'F16ams_v6_US East_3': 20, 'F16as_v6_US East_1': 20, 'F16as_v6_US East_3': 20, 'F32als_v6_US East_3': 20, 'F32ams_v6_US East_1': 20, 'F32as_v6_US East_1': 20, 'F48als_v6_US East_2': 20, 'F48ams_v6_US East_2': 20, 'F48as_v6_US East_1': 20, 'F64als_v6_US East_1': 20, 'F64ams_v6_US East_1': 20, 'F64as_v6_US East_1': 20, 'F8als_v6_US East_1': 20, 'F8als_v6_US East_2': 20, 'F8ams_v6_US East_1': 20, 'F8ams_v6_US East_2': 20, 'F8as_v6_US East_2': 20, 'F8as_v6_US East_3': 20, 'NV8as_v4_US East_1': 20, 'NV8as_v4_US East_2': 20, 'NV8as_v4_US East_3': 20}"
0.64,634.5808200000004,225069648,354674.52073322935,7280,7263,"{'D16ads_v6_US East_2': 20, 'D16ads_v6_US East_3': 20, 'D16alds_v6_US East_1': 20, 'D16alds_v6_US East_3': 20, 'D16als_v6_US East_1': 20, 'D16als_v6_US East_3': 20, 'D16as_v6_US East_1': 20, 'D16as_v6_US East_2': 20, 'D16pds_v5_US East_1': 20, 'D16plds_v5_US East_2': 20, 'D16plds_v5_US East_3': 20, 'D16pls_v5_US East_2': 20, 'D16pls_v5_US East_3': 20, 'D16ps_v5_US East_3': 20, 'D32ads_v6_US East_1': 20, 'D32ads_v6_US East_3': 20, 'D32alds_v6_US East_1': 20, 'D32alds_v6_US East_3': 20, 'D32als_v6_US East_2': 20, 'D32als_v6_US East_3': 20, 'D32as_v6_US East_1': 20, 'D32as_v6_US East_3': 20, 'D32plds_v5_US East_3': 20, 'D32pls_v5_US East_2': 20, 'D48ads_v6_US East_1': 20, 'D48alds_v6_US East_2': 20, 'D48als_v6_US East_1': 20, 'D48als_v6_US East_3': 20, 'D64ads_v6_US East_2': 20, 'D64alds_v6_US East_3': 20, 'D64als_v6_US East_3': 20, 'D64as_v6_US East_2': 20, 'D8ads_v6_US East_1': 20, 'D8ads_v6_US East_2': 20, 'D8ads_v6_US East_3': 20, 'D8alds_v6_US East_1': 20, 'D8alds_v6_US East_2': 20, 'D8alds_v6_US East_3': 20, 'D8als_v6_US East_1': 20, 'D8als_v6_US East_2': 20, 'D8als_v6_US East_3': 20, 'D8as_v6_US East_1': 20, 'D8as_v6_US East_2': 20, 'D8as_v6_US East_3': 20, 'D8plds_v5_US East_1': 20, 'D8plds_v5_US East_2': 20, 'D8plds_v5_US East_3': 20, 'D8pls_v5_US East_1': 20, 'D8pls_v5_US East_2': 20, 'D8pls_v5_US East_3': 20, 'D8ps_v5_US East_1': 20, 'D8ps_v5_US East_2': 20, 'D8ps_v5_US East_3': 20, 'D96ads_v6_US East_1': 20, 'D96alds_v6_US East_2': 20, 'D96als_v6_US East_2': 20, 'D96as_v6_US East_3': 20, 'E16ads_v6_US East_1': 20, 'E16ads_v6_US East_2': 20, 'E16as_v6_US East_1': 20, 'E16as_v6_US East_2': 20, 'E20ads_v6_US East_2': 20, 'E20ads_v6_US East_3': 20, 'E20as_v6_US East_1': 20, 'E20as_v6_US East_3': 20, 'E32ads_v6_US East_2': 20, 'E32as_v6_US East_2': 20, 'E48ads_v6_US East_3': 20, 'E48as_v6_US East_2': 20, 'E64ads_v6_US East_1': 20, 'E64as_v6_US East_3': 20, 'E8ads_v6_US East_2': 20, 'E8ads_v6_US East_3': 20, 'E8as_v6_US East_1': 20, 'E8as_v6_US East_3': 20, 'E8ps_v5_US East_2': 20, 'E96ads_v6_US East_3': 20, 'E96as_v6_US East_2': 20, 'F16als_v6_US East_2': 20, 'F16als_v6_US East_3': 20, 'F16ams_v6_US East_1': 20, 'F16ams_v6_US East_3': 20, 'F16as_v6_US East_1': 20, 'F16as_v6_US East_3': 20, 'F32als_v6_US East_3': 20, 'F32ams_v6_US East_1': 20, 'F32as_v6_US East_1': 20, 'F48als_v6_US East_2': 20, 'F48ams_v6_US East_2': 20, 'F48as_v6_US East_1': 20, 'F64als_v6_US East_1': 20, 'F64ams_v6_US East_1': 20, 'F64as_v6_US East_1': 20, 'F8als_v6_US East_1': 20, 'F8als_v6_US East_2': 20, 'F8ams_v6_US East_1': 20, 'F8ams_v6_US East_2': 20, 'F8as_v6_US East_2': 20, 'F8as_v6_US East_3': 20, 'NV8as_v4_US East_1': 20, 'NV8as_v4_US East_2': 20, 'NV8as_v4_US East_3': 20}"
0.65,634.5808200000004,225069648,354674.52073322935,7280,7263,"{'D16ads_v6_US East_2': 20, 'D16ads_v6_US East_3': 20, 'D16alds_v6_US East_1': 20, 'D16alds_v6_US East_3': 20, 'D16als_v6_US East_1': 20, 'D16als_v6_US East_3': 20, 'D16as_v6_US East_1': 20, 'D16as_v6_US East_2': 20, 'D16pds_v5_US East_1': 20, 'D16plds_v5_US East_2': 20, 'D16plds_v5_US East_3': 20, 'D16pls_v5_US East_2': 20, 'D16pls_v5_US East_3': 20, 'D16ps_v5_US East_3': 20, 'D32ads_v6_US East_1': 20, 'D32ads_v6_US East_3': 20, 'D32alds_v6_US East_1': 20, 'D32alds_v6_US East_3': 20, 'D32als_v6_US East_2': 20, 'D32als_v6_US East_3': 20, 'D32as_v6_US East_1': 20, 'D32as_v6_US East_3': 20, 'D32plds_v5_US East_3': 20, 'D32pls_v5_US East_2': 20, 'D48ads_v6_US East_1': 20, 'D48alds_v6_US East_2': 20, 'D48als_v6_US East_1': 20, 'D48als_v6_US East_3': 20, 'D64ads_v6_US East_2': 20, 'D64alds_v6_US East_3': 20, 'D64als_v6_US East_3': 20, 'D64as_v6_US East_2': 20, 'D8ads_v6_US East_1': 20, 'D8ads_v6_US East_2': 20, 'D8ads_v6_US East_3': 20, 'D8alds_v6_US East_1': 20, 'D8alds_v6_US East_2': 20, 'D8alds_v6_US East_3': 20, 'D8als_v6_US East_1': 20, 'D8als_v6_US East_2': 20, 'D8als_v6_US East_3': 20, 'D8as_v6_US East_1': 20, 'D8as_v6_US East_2': 20, 'D8as_v6_US East_3': 20, 'D8plds_v5_US East_1': 20, 'D8plds_v5_US East_2': 20, 'D8plds_v5_US East_3': 20, 'D8pls_v5_US East_1': 20, 'D8pls_v5_US East_2': 20, 'D8pls_v5_US East_3': 20, 'D8ps_v5_US East_1': 20, 'D8ps_v5_US East_2': 20, 'D8ps_v5_US East_3': 20, 'D96ads_v6_US East_1': 20, 'D96alds_v6_US East_2': 20, 'D96als_v6_US East_2': 20, 'D96as_v6_US East_3': 20, 'E16ads_v6_US East_1': 20, 'E16ads_v6_US East_2': 20, 'E16as_v6_US East_1': 20, 'E16as_v6_US East_2': 20, 'E20ads_v6_US East_2': 20, 'E20ads_v6_US East_3': 20, 'E20as_v6_US East_1': 20, 'E20as_v6_US East_3': 20, 'E32ads_v6_US East_2': 20, 'E32as_v6_US East_2': 20, 'E48ads_v6_US East_3': 20, 'E48as_v6_US East_2': 20, 'E64ads_v6_US East_1': 20, 'E64as_v6_US East_3': 20, 'E8ads_v6_US East_2': 20, 'E8ads_v6_US East_3': 20, 'E8as_v6_US East_1': 20, 'E8as_v6_US East_3': 20, 'E8ps_v5_US East_2': 20, 'E96ads_v6_US East_3': 20, 'E96as_v6_US East_2': 20, 'F16als_v6_US East_2': 20, 'F16als_v6_US East_3': 20, 'F16ams_v6_US East_1': 20, 'F16ams_v6_US East_3': 20, 'F16as_v6_US East_1': 20, 'F16as_v6_US East_3': 20, 'F32als_v6_US East_3': 20, 'F32ams_v6_US East_1': 20, 'F32as_v6_US East_1': 20, 'F48als_v6_US East_2': 20, 'F48ams_v6_US East_2': 20, 'F48as_v6_US East_1': 20, 'F64als_v6_US East_1': 20, 'F64ams_v6_US East_1': 20, 'F64as_v6_US East_1': 20, 'F8als_v6_US East_1': 20, 'F8als_v6_US East_2': 20, 'F8ams_v6_US East_1': 20, 'F8ams_v6_US East_2': 20, 'F8as_v6_US East_2': 20, 'F8as_v6_US East_3': 20, 'NV8as_v4_US East_1': 20, 'NV8as_v4_US East_2': 20, 'NV8as_v4_US East_3': 20}"
0.66,634.5808200000004,225069648,354674.52073322935,7280,7263,"{'D16ads_v6_US East_2': 20, 'D16ads_v6_US East_3': 20, 'D16alds_v6_US East_1': 20, 'D16alds_v6_US East_3': 20, 'D16als_v6_US East_1': 20, 'D16als_v6_US East_3': 20, 'D16as_v6_US East_1': 20, 'D16as_v6_US East_2': 20, 'D16pds_v5_US East_1': 20, 'D16plds_v5_US East_2': 20, 'D16plds_v5_US East_3': 20, 'D16pls_v5_US East_2': 20, 'D16pls_v5_US East_3': 20, 'D16ps_v5_US East_3': 20, 'D32ads_v6_US East_1': 20, 'D32ads_v6_US East_3': 20, 'D32alds_v6_US East_1': 20, 'D32alds_v6_US East_3': 20, 'D32als_v6_US East_2': 20, 'D32als_v6_US East_3': 20, 'D32as_v6_US East_1': 20, 'D32as_v6_US East_3': 20, 'D32plds_v5_US East_3': 20, 'D32pls_v5_US East_2': 20, 'D48ads_v6_US East_1': 20, 'D48alds_v6_US East_2': 20, 'D48als_v6_US East_1': 20, 'D48als_v6_US East_3': 20, 'D64ads_v6_US East_2': 20, 'D64alds_v6_US East_3': 20, 'D64als_v6_US East_3': 20, 'D64as_v6_US East_2': 20, 'D8ads_v6_US East_1': 20, 'D8ads_v6_US East_2': 20, 'D8ads_v6_US East_3': 20, 'D8alds_v6_US East_1': 20, 'D8alds_v6_US East_2': 20, 'D8alds_v6_US East_3': 20, 'D8als_v6_US East_1': 20, 'D8als_v6_US East_2': 20, 'D8als_v6_US East_3': 20, 'D8as_v6_US East_1': 20, 'D8as_v6_US East_2': 20, 'D8as_v6_US East_3': 20, 'D8plds_v5_US East_1': 20, 'D8plds_v5_US East_2': 20, 'D8plds_v5_US East_3': 20, 'D8pls_v5_US East_1': 20, 'D8pls_v5_US East_2': 20, 'D8pls_v5_US East_3': 20, 'D8ps_v5_US East_1': 20, 'D8ps_v5_US East_2': 20, 'D8ps_v5_US East_3': 20, 'D96ads_v6_US East_1': 20, 'D96alds_v6_US East_2': 20, 'D96als_v6_US East_2': 20, 'D96as_v6_US East_3': 20, 'E16ads_v6_US East_1': 20, 'E16ads_v6_US East_2': 20, 'E16as_v6_US East_1': 20, 'E16as_v6_US East_2': 20, 'E20ads_v6_US East_2': 20, 'E20ads_v6_US East_3': 20, 'E20as_v6_US East_1': 20, 'E20as_v6_US East_3': 20, 'E32ads_v6_US East_2': 20, 'E32as_v6_US East_2': 20, 'E48ads_v6_US East_3': 20, 'E48as_v6_US East_2': 20, 'E64ads_v6_US East_1': 20, 'E64as_v6_US East_3': 20, 'E8ads_v6_US East_2': 20, 'E8ads_v6_US East_3': 20, 'E8as_v6_US East_1': 20, 'E8as_v6_US East_3': 20, 'E8ps_v5_US East_2': 20, 'E96ads_v6_US East_3': 20, 'E96as_v6_US East_2': 20, 'F16als_v6_US East_2': 20, 'F16als_v6_US East_3': 20, 'F16ams_v6_US East_1': 20, 'F16ams_v6_US East_3': 20, 'F16as_v6_US East_1': 20, 'F16as_v6_US East_3': 20, 'F32als_v6_US East_3': 20, 'F32ams_v6_US East_1': 20, 'F32as_v6_US East_1': 20, 'F48als_v6_US East_2': 20, 'F48ams_v6_US East_2': 20, 'F48as_v6_US East_1': 20, 'F64als_v6_US East_1': 20, 'F64ams_v6_US East_1': 20, 'F64as_v6_US East_1': 20, 'F8als_v6_US East_1': 20, 'F8als_v6_US East_2': 20, 'F8ams_v6_US East_1': 20, 'F8ams_v6_US East_2': 20, 'F8as_v6_US East_2': 20, 'F8as_v6_US East_3': 20, 'NV8as_v4_US East_1': 20, 'NV8as_v4_US East_2': 20, 'NV8as_v4_US East_3': 20}"
0.67,661.9032200000004,228916155,345845.3575735735,7400,7383,"{'D16ads_v6_US East_2': 20, 'D16ads_v6_US East_3': 20, 'D16alds_v6_US East_1': 20, 'D16alds_v6_US East_3': 20, 'D16als_v6_US East_1': 20, 'D16als_v6_US East_3': 20, 'D16as_v6_US East_1': 20, 'D16as_v6_US East_2': 20, 'D16pds_v5_US East_1': 20, 'D16plds_v5_US East_2': 20, 'D16plds_v5_US East_3': 20, 'D16pls_v5_US East_2': 20, 'D16pls_v5_US East_3': 20, 'D16ps_v5_US East_3': 20, 'D32ads_v6_US East_1': 20, 'D32ads_v6_US East_3': 20, 'D32alds_v6_US East_1': 20, 'D32alds_v6_US East_3': 20, 'D32als_v6_US East_2': 20, 'D32als_v6_US East_3': 20, 'D32as_v6_US East_1': 20, 'D32as_v6_US East_3': 20, 'D32plds_v5_US East_3': 20, 'D32pls_v5_US East_2': 20, 'D48ads_v6_US East_1': 20, 'D48alds_v6_US East_2': 20, 'D48als_v6_US East_1': 20, 'D48als_v6_US East_3': 20, 'D64ads_v6_US East_2': 20, 'D64alds_v6_US East_3': 20, 'D64als_v6_US East_3': 20, 'D64as_v6_US East_2': 20, 'D8ads_v6_US East_1': 20, 'D8ads_v6_US East_2': 20, 'D8ads_v6_US East_3': 20, 'D8alds_v6_US East_1': 20, 'D8alds_v6_US East_2': 20, 'D8alds_v6_US East_3': 20, 'D8als_v6_US East_1': 20, 'D8als_v6_US East_2': 20, 'D8als_v6_US East_3': 20, 'D8as_v6_US East_1': 20, 'D8as_v6_US East_2': 20, 'D8as_v6_US East_3': 20, 'D8plds_v5_US East_1': 20, 'D8plds_v5_US East_2': 20, 'D8plds_v5_US East_3': 20, 'D8pls_v5_US East_1': 20, 'D8pls_v5_US East_2': 20, 'D8pls_v5_US East_3': 20, 'D8ps_v5_US East_1': 20, 'D8ps_v5_US East_2': 20, 'D8ps_v5_US East_3': 20, 'D96ads_v6_US East_1': 20, 'D96alds_v6_US East_2': 20, 'D96als_v6_US East_2': 20, 'D96as_v6_US East_3': 20, 'E16ads_v6_US East_1': 20, 'E16ads_v6_US East_2': 20, 'E16as_v6_US East_1': 20, 'E16as_v6_US East_2': 20, 'E20ads_v6_US East_2': 20, 'E20ads_v6_US East_3': 20, 'E20as_v6_US East_1': 20, 'E20as_v6_US East_3': 20, 'E32ads_v6_US East_2': 20, 'E32as_v6_US East_2': 20, 'E48ads_v6_US East_3': 20, 'E48as_v6_US East_2': 20, 'E64ads_v6_US East_1': 20, 'E64as_v6_US East_3': 20, 'E8ads_v6_US East_2': 20, 'E8ads_v6_US East_3': 20, 'E8as_v6_US East_1': 20, 'E8as_v6_US East_3': 20, 'E8ps_v5_US East_2': 20, 'E96-48ads_v6_US East_2': 20, 'E96ads_v6_US East_3': 20, 'E96as_v6_US East_2': 20, 'F16als_v6_US East_2': 20, 'F16als_v6_US East_3': 20, 'F16ams_v6_US East_1': 20, 'F16ams_v6_US East_3': 20, 'F16as_v6_US East_1': 20, 'F16as_v6_US East_3': 20, 'F32als_v6_US East_3': 20, 'F32ams_v6_US East_1': 20, 'F32as_v6_US East_1': 20, 'F48als_v6_US East_2': 20, 'F48ams_v6_US East_2': 20, 'F48as_v6_US East_1': 20, 'F64als_v6_US East_1': 20, 'F64ams_v6_US East_1': 20, 'F64as_v6_US East_1': 20, 'F8als_v6_US East_1': 20, 'F8als_v6_US East_2': 20, 'F8ams_v6_US East_1': 20, 'F8ams_v6_US East_2': 20, 'F8as_v6_US East_2': 20, 'F8as_v6_US East_3': 20, 'NV8as_v4_US East_1': 20, 'NV8as_v4_US East_2': 20, 'NV8as_v4_US East_3': 20}"
0.68,661.9032200000004,228916155,345845.3575735735,7400,7383,"{'D16ads_v6_US East_2': 20, 'D16ads_v6_US East_3': 20, 'D16alds_v6_US East_1': 20, 'D16alds_v6_US East_3': 20, 'D16als_v6_US East_1': 20, 'D16als_v6_US East_3': 20, 'D16as_v6_US East_1': 20, 'D16as_v6_US East_2': 20, 'D16pds_v5_US East_1': 20, 'D16plds_v5_US East_2': 20, 'D16plds_v5_US East_3': 20, 'D16pls_v5_US East_2': 20, 'D16pls_v5_US East_3': 20, 'D16ps_v5_US East_3': 20, 'D32ads_v6_US East_1': 20, 'D32ads_v6_US East_3': 20, 'D32alds_v6_US East_1': 20, 'D32alds_v6_US East_3': 20, 'D32als_v6_US East_2': 20, 'D32als_v6_US East_3': 20, 'D32as_v6_US East_1': 20, 'D32as_v6_US East_3': 20, 'D32plds_v5_US East_3': 20, 'D32pls_v5_US East_2': 20, 'D48ads_v6_US East_1': 20, 'D48alds_v6_US East_2': 20, 'D48als_v6_US East_1': 20, 'D48als_v6_US East_3': 20, 'D64ads_v6_US East_2': 20, 'D64alds_v6_US East_3': 20, 'D64als_v6_US East_3': 20, 'D64as_v6_US East_2': 20, 'D8ads_v6_US East_1': 20, 'D8ads_v6_US East_2': 20, 'D8ads_v6_US East_3': 20, 'D8alds_v6_US East_1': 20, 'D8alds_v6_US East_2': 20, 'D8alds_v6_US East_3': 20, 'D8als_v6_US East_1': 20, 'D8als_v6_US East_2': 20, 'D8als_v6_US East_3': 20, 'D8as_v6_US East_1': 20, 'D8as_v6_US East_2': 20, 'D8as_v6_US East_3': 20, 'D8plds_v5_US East_1': 20, 'D8plds_v5_US East_2': 20, 'D8plds_v5_US East_3': 20, 'D8pls_v5_US East_1': 20, 'D8pls_v5_US East_2': 20, 'D8pls_v5_US East_3': 20, 'D8ps_v5_US East_1': 20, 'D8ps_v5_US East_2': 20, 'D8ps_v5_US East_3': 20, 'D96ads_v6_US East_1': 20, 'D96alds_v6_US East_2': 20, 'D96als_v6_US East_2': 20, 'D96as_v6_US East_3': 20, 'E16ads_v6_US East_1': 20, 'E16ads_v6_US East_2': 20, 'E16as_v6_US East_1': 20, 'E16as_v6_US East_2': 20, 'E20ads_v6_US East_2': 20, 'E20ads_v6_US East_3': 20, 'E20as_v6_US East_1': 20, 'E20as_v6_US East_3': 20, 'E32ads_v6_US East_2': 20, 'E32as_v6_US East_2': 20, 'E48ads_v6_US East_3': 20, 'E48as_v6_US East_2': 20, 'E64ads_v6_US East_1': 20, 'E64as_v6_US East_3': 20, 'E8ads_v6_US East_2': 20, 'E8ads_v6_US East_3': 20, 'E8as_v6_US East_1': 20, 'E8as_v6_US East_3': 20, 'E8ps_v5_US East_2': 20, 'E96-48ads_v6_US East_2': 20, 'E96ads_v6_US East_3': 20, 'E96as_v6_US East_2': 20, 'F16als_v6_US East_2': 20, 'F16als_v6_US East_3': 20, 'F16ams_v6_US East_1': 20, 'F16ams_v6_US East_3': 20, 'F16as_v6_US East_1': 20, 'F16as_v6_US East_3': 20, 'F32als_v6_US East_3': 20, 'F32ams_v6_US East_1': 20, 'F32as_v6_US East_1': 20, 'F48als_v6_US East_2': 20, 'F48ams_v6_US East_2': 20, 'F48as_v6_US East_1': 20, 'F64als_v6_US East_1': 20, 'F64ams_v6_US East_1': 20, 'F64as_v6_US East_1': 20, 'F8als_v6_US East_1': 20, 'F8als_v6_US East_2': 20, 'F8ams_v6_US East_1': 20, 'F8ams_v6_US East_2': 20, 'F8as_v6_US East_2': 20, 'F8as_v6_US East_3': 20, 'NV8as_v4_US East_1': 20, 'NV8as_v4_US East_2': 20, 'NV8as_v4_US East_3': 20}"
0.6900000000000001,661.9032200000004,228916155,345845.3575735735,7400,7383,"{'D16ads_v6_US East_2': 20, 'D16ads_v6_US East_3': 20, 'D16alds_v6_US East_1': 20, 'D16alds_v6_US East_3': 20, 'D16als_v6_US East_1': 20, 'D16als_v6_US East_3': 20, 'D16as_v6_US East_1': 20, 'D16as_v6_US East_2': 20, 'D16pds_v5_US East_1': 20, 'D16plds_v5_US East_2': 20, 'D16plds_v5_US East_3': 20, 'D16pls_v5_US East_2': 20, 'D16pls_v5_US East_3': 20, 'D16ps_v5_US East_3': 20, 'D32ads_v6_US East_1': 20, 'D32ads_v6_US East_3': 20, 'D32alds_v6_US East_1': 20, 'D32alds_v6_US East_3': 20, 'D32als_v6_US East_2': 20, 'D32als_v6_US East_3': 20, 'D32as_v6_US East_1': 20, 'D32as_v6_US East_3': 20, 'D32plds_v5_US East_3': 20, 'D32pls_v5_US East_2': 20, 'D48ads_v6_US East_1': 20, 'D48alds_v6_US East_2': 20, 'D48als_v6_US East_1': 20, 'D48als_v6_US East_3': 20, 'D64ads_v6_US East_2': 20, 'D64alds_v6_US East_3': 20, 'D64als_v6_US East_3': 20, 'D64as_v6_US East_2': 20, 'D8ads_v6_US East_1': 20, 'D8ads_v6_US East_2': 20, 'D8ads_v6_US East_3': 20, 'D8alds_v6_US East_1': 20, 'D8alds_v6_US East_2': 20, 'D8alds_v6_US East_3': 20, 'D8als_v6_US East_1': 20, 'D8als_v6_US East_2': 20, 'D8als_v6_US East_3': 20, 'D8as_v6_US East_1': 20, 'D8as_v6_US East_2': 20, 'D8as_v6_US East_3': 20, 'D8plds_v5_US East_1': 20, 'D8plds_v5_US East_2': 20, 'D8plds_v5_US East_3': 20, 'D8pls_v5_US East_1': 20, 'D8pls_v5_US East_2': 20, 'D8pls_v5_US East_3': 20, 'D8ps_v5_US East_1': 20, 'D8ps_v5_US East_2': 20, 'D8ps_v5_US East_3': 20, 'D96ads_v6_US East_1': 20, 'D96alds_v6_US East_2': 20, 'D96als_v6_US East_2': 20, 'D96as_v6_US East_3': 20, 'E16ads_v6_US East_1': 20, 'E16ads_v6_US East_2': 20, 'E16as_v6_US East_1': 20, 'E16as_v6_US East_2': 20, 'E20ads_v6_US East_2': 20, 'E20ads_v6_US East_3': 20, 'E20as_v6_US East_1': 20, 'E20as_v6_US East_3': 20, 'E32ads_v6_US East_2': 20, 'E32as_v6_US East_2': 20, 'E48ads_v6_US East_3': 20, 'E48as_v6_US East_2': 20, 'E64ads_v6_US East_1': 20, 'E64as_v6_US East_3': 20, 'E8ads_v6_US East_2': 20, 'E8ads_v6_US East_3': 20, 'E8as_v6_US East_1': 20, 'E8as_v6_US East_3': 20, 'E8ps_v5_US East_2': 20, 'E96-48ads_v6_US East_2': 20, 'E96ads_v6_US East_3': 20, 'E96as_v6_US East_2': 20, 'F16als_v6_US East_2': 20, 'F16als_v6_US East_3': 20, 'F16ams_v6_US East_1': 20, 'F16ams_v6_US East_3': 20, 'F16as_v6_US East_1': 20, 'F16as_v6_US East_3': 20, 'F32als_v6_US East_3': 20, 'F32ams_v6_US East_1': 20, 'F32as_v6_US East_1': 20, 'F48als_v6_US East_2': 20, 'F48ams_v6_US East_2': 20, 'F48as_v6_US East_1': 20, 'F64als_v6_US East_1': 20, 'F64ams_v6_US East_1': 20, 'F64as_v6_US East_1': 20, 'F8als_v6_US East_1': 20, 'F8als_v6_US East_2': 20, 'F8ams_v6_US East_1': 20, 'F8ams_v6_US East_2': 20, 'F8as_v6_US East_2': 20, 'F8as_v6_US East_3': 20, 'NV8as_v4_US East_1': 20, 'NV8as_v4_US East_2': 20, 'NV8as_v4_US East_3': 20}"
0.7000000000000001,661.9032200000004,228916155,345845.3575735735,7400,7383,"{'D16ads_v6_US East_2': 20, 'D16ads_v6_US East_3': 20, 'D16alds_v6_US East_1': 20, 'D16alds_v6_US East_3': 20, 'D16als_v6_US East_1': 20, 'D16als_v6_US East_3': 20, 'D16as_v6_US East_1': 20, 'D16as_v6_US East_2': 20, 'D16pds_v5_US East_1': 20, 'D16plds_v5_US East_2': 20, 'D16plds_v5_US East_3': 20, 'D16pls_v5_US East_2': 20, 'D16pls_v5_US East_3': 20, 'D16ps_v5_US East_3': 20, 'D32ads_v6_US East_1': 20, 'D32ads_v6_US East_3': 20, 'D32alds_v6_US East_1': 20, 'D32alds_v6_US East_3': 20, 'D32als_v6_US East_2': 20, 'D32als_v6_US East_3': 20, 'D32as_v6_US East_1': 20, 'D32as_v6_US East_3': 20, 'D32plds_v5_US East_3': 20, 'D32pls_v5_US East_2': 20, 'D48ads_v6_US East_1': 20, 'D48alds_v6_US East_2': 20, 'D48als_v6_US East_1': 20, 'D48als_v6_US East_3': 20, 'D64ads_v6_US East_2': 20, 'D64alds_v6_US East_3': 20, 'D64als_v6_US East_3': 20, 'D64as_v6_US East_2': 20, 'D8ads_v6_US East_1': 20, 'D8ads_v6_US East_2': 20, 'D8ads_v6_US East_3': 20, 'D8alds_v6_US East_1': 20, 'D8alds_v6_US East_2': 20, 'D8alds_v6_US East_3': 20, 'D8als_v6_US East_1': 20, 'D8als_v6_US East_2': 20, 'D8als_v6_US East_3': 20, 'D8as_v6_US East_1': 20, 'D8as_v6_US East_2': 20, 'D8as_v6_US East_3': 20, 'D8plds_v5_US East_1': 20, 'D8plds_v5_US East_2': 20, 'D8plds_v5_US East_3': 20, 'D8pls_v5_US East_1': 20, 'D8pls_v5_US East_2': 20, 'D8pls_v5_US East_3': 20, 'D8ps_v5_US East_1': 20, 'D8ps_v5_US East_2': 20, 'D8ps_v5_US East_3': 20, 'D96ads_v6_US East_1': 20, 'D96alds_v6_US East_2': 20, 'D96als_v6_US East_2': 20, 'D96as_v6_US East_3': 20, 'E16ads_v6_US East_1': 20, 'E16ads_v6_US East_2': 20, 'E16as_v6_US East_1': 20, 'E16as_v6_US East_2': 20, 'E20ads_v6_US East_2': 20, 'E20ads_v6_US East_3': 20, 'E20as_v6_US East_1': 20, 'E20as_v6_US East_3': 20, 'E32ads_v6_US East_2': 20, 'E32as_v6_US East_2': 20, 'E48ads_v6_US East_3': 20, 'E48as_v6_US East_2': 20, 'E64ads_v6_US East_1': 20, 'E64as_v6_US East_3': 20, 'E8ads_v6_US East_2': 20, 'E8ads_v6_US East_3': 20, 'E8as_v6_US East_1': 20, 'E8as_v6_US East_3': 20, 'E8ps_v5_US East_2': 20, 'E96-48ads_v6_US East_2': 20, 'E96ads_v6_US East_3': 20, 'E96as_v6_US East_2': 20, 'F16als_v6_US East_2': 20, 'F16als_v6_US East_3': 20, 'F16ams_v6_US East_1': 20, 'F16ams_v6_US East_3': 20, 'F16as_v6_US East_1': 20, 'F16as_v6_US East_3': 20, 'F32als_v6_US East_3': 20, 'F32ams_v6_US East_1': 20, 'F32as_v6_US East_1': 20, 'F48als_v6_US East_2': 20, 'F48ams_v6_US East_2': 20, 'F48as_v6_US East_1': 20, 'F64als_v6_US East_1': 20, 'F64ams_v6_US East_1': 20, 'F64as_v6_US East_1': 20, 'F8als_v6_US East_1': 20, 'F8als_v6_US East_2': 20, 'F8ams_v6_US East_1': 20, 'F8ams_v6_US East_2': 20, 'F8as_v6_US East_2': 20, 'F8as_v6_US East_3': 20, 'NV8as_v4_US East_1': 20, 'NV8as_v4_US East_2': 20, 'NV8as_v4_US East_3': 20}"
0.71,685.7756800000004,231664604,337813.9694309365,7580,7563,"{'D16ads_v6_US East_2': 20, 'D16ads_v6_US East_3': 20, 'D16alds_v6_US East_1': 20, 'D16alds_v6_US East_3': 20, 'D16als_v6_US East_1': 20, 'D16als_v6_US East_3': 20, 'D16as_v6_US East_1': 20, 'D16as_v6_US East_2': 20, 'D16pds_v5_US East_1': 20, 'D16plds_v5_US East_2': 20, 'D16plds_v5_US East_3': 20, 'D16pls_v5_US East_2': 20, 'D16pls_v5_US East_3': 20, 'D16ps_v5_US East_3': 20, 'D32ads_v6_US East_1': 20, 'D32ads_v6_US East_3': 20, 'D32alds_v6_US East_1': 20, 'D32alds_v6_US East_3': 20, 'D32als_v6_US East_2': 20, 'D32als_v6_US East_3': 20, 'D32as_v6_US East_1': 20, 'D32as_v6_US East_3': 20, 'D32plds_v5_US East_3': 20, 'D32pls_v5_US East_2': 20, 'D48ads_v6_US East_1': 20, 'D48alds_v6_US East_2': 20, 'D48als_v6_US East_1': 20, 'D48als_v6_US East_3': 20, 'D64ads_v6_US East_2': 20, 'D64alds_v6_US East_3': 20, 'D64als_v6_US East_3': 20, 'D64as_v6_US East_2': 20, 'D8ads_v6_US East_1': 20, 'D8ads_v6_US East_2': 20, 'D8ads_v6_US East_3': 20, 'D8alds_v6_US East_1': 20, 'D8alds_v6_US East_2': 20, 'D8alds_v6_US East_3': 20, 'D8als_v6_US East_1': 20, 'D8als_v6_US East_2': 20, 'D8als_v6_US East_3': 20, 'D8as_v6_US East_1': 20, 'D8as_v6_US East_2': 20, 'D8as_v6_US East_3': 20, 'D8plds_v5_US East_1': 20, 'D8plds_v5_US East_2': 20, 'D8plds_v5_US East_3': 20, 'D8pls_v5_US East_1': 20, 'D8pls_v5_US East_2': 20, 'D8pls_v5_US East_3': 20, 'D8ps_v5_US East_1': 20, 'D8ps_v5_US East_2': 20, 'D8ps_v5_US East_3': 20, 'D96ads_v6_US East_1': 20, 'D96alds_v6_US East_2': 20, 'D96als_v6_US East_2': 20, 'D96as_v6_US East_3': 20, 'E16ads_v6_US East_1': 20, 'E16ads_v6_US East_2': 20, 'E16as_v6_US East_1': 20, 'E16as_v6_US East_2': 20, 'E20ads_v6_US East_2': 20, 'E20ads_v6_US East_3': 20, 'E20as_v6_US East_1': 20, 'E20as_v6_US East_3': 20, 'E32ads_v6_US East_2': 20, 'E32as_v6_US East_2': 20, 'E48ads_v6_US East_3': 20, 'E48as_v6_US East_2': 20, 'E64ads_v6_US East_1': 20, 'E64as_v6_US East_3': 20, 'E8ads_v6_US East_2': 20, 'E8ads_v6_US East_3': 20, 'E8as_v6_US East_1': 20, 'E8as_v6_US East_3': 20, 'E8ps_v5_US East_2': 20, 'E96-48ads_v6_US East_2': 20, 'E96ads_v6_US East_3': 20, 'E96as_v6_US East_2': 20, 'F16als_v6_US East_2': 20, 'F16als_v6_US East_3': 20, 'F16ams_v6_US East_1': 20, 'F16ams_v6_US East_3': 20, 'F16as_v6_US East_1': 20, 'F16as_v6_US East_3': 20, 'F32als_v6_US East_3': 20, 'F32ams_v6_US East_1': 20, 'F32as_v6_US East_1': 20, 'F48als_v6_US East_2': 20, 'F48ams_v6_US East_2': 20, 'F48as_v6_US East_1': 20, 'F64als_v6_US East_1': 20, 'F64ams_v6_US East_1': 20, 'F64as_v6_US East_1': 20, 'F8als_v6_US East_1': 20, 'F8als_v6_US East_2': 20, 'F8ams_v6_US East_1': 20, 'F8ams_v6_US East_2': 20, 'F8as_v6_US East_2': 20, 'F8as_v6_US East_3': 20, 'M64s_v2_US East_1': 20, 'NV8as_v4_US East_1': 20, 'NV8as_v4_US East_2': 20, 'NV8as_v4_US East_3': 20}"
0.72,715.7909200000005,234932991,328214.5459459023,7820,7803,"{'D16ads_v6_US East_2': 20, 'D16ads_v6_US East_3': 20, 'D16alds_v6_US East_1': 20, 'D16alds_v6_US East_3': 20, 'D16als_v6_US East_1': 20, 'D16als_v6_US East_3': 20, 'D16as_v6_US East_1': 20, 'D16as_v6_US East_2': 20, 'D16pds_v5_US East_1': 20, 'D16plds_v5_US East_2': 20, 'D16plds_v5_US East_3': 20, 'D16pls_v5_US East_2': 20, 'D16pls_v5_US East_3': 20, 'D16ps_v5_US East_3': 20, 'D32ads_v6_US East_1': 20, 'D32ads_v6_US East_3': 20, 'D32alds_v6_US East_1': 20, 'D32alds_v6_US East_3': 20, 'D32als_v6_US East_2': 20, 'D32als_v6_US East_3': 20, 'D32as_v6_US East_1': 20, 'D32as_v6_US East_3': 20, 'D32plds_v5_US East_3': 20, 'D32pls_v5_US East_2': 20, 'D48ads_v6_US East_1': 20, 'D48alds_v6_US East_2': 20, 'D48als_v6_US East_1': 20, 'D48als_v6_US East_3': 20, 'D64ads_v6_US East_2': 20, 'D64alds_v6_US East_3': 20, 'D64als_v6_US East_3': 20, 'D64as_v6_US East_2': 20, 'D8ads_v6_US East_1': 20, 'D8ads_v6_US East_2': 20, 'D8ads_v6_US East_3': 20, 'D8alds_v6_US East_1': 20, 'D8alds_v6_US East_2': 20, 'D8alds_v6_US East_3': 20, 'D8als_v6_US East_1': 20, 'D8als_v6_US East_2': 20, 'D8als_v6_US East_3': 20, 'D8as_v6_US East_1': 20, 'D8as_v6_US East_2': 20, 'D8as_v6_US East_3': 20, 'D8plds_v5_US East_1': 20, 'D8plds_v5_US East_2': 20, 'D8plds_v5_US East_3': 20, 'D8pls_v5_US East_1': 20, 'D8pls_v5_US East_2': 20, 'D8pls_v5_US East_3': 20, 'D8ps_v5_US East_1': 20, 'D8ps_v5_US East_2': 20, 'D8ps_v5_US East_3': 20, 'D96ads_v6_US East_1': 20, 'D96alds_v6_US East_2': 20, 'D96als_v6_US East_2': 20, 'D96as_v6_US East_3': 20, 'E16ads_v6_US East_1': 20, 'E16ads_v6_US East_2': 20, 'E16as_v6_US East_1': 20, 'E16as_v6_US East_2': 20, 'E20ads_v6_US East_2': 20, 'E20ads_v6_US East_3': 20, 'E20as_v6_US East_1': 20, 'E20as_v6_US East_3': 20, 'E32ads_v6_US East_2': 20, 'E32as_v6_US East_2': 20, 'E48ads_v6_US East_3': 20, 'E48as_v6_US East_2': 20, 'E64ads_v6_US East_1': 20, 'E64as_v6_US East_3': 20, 'E8ads_v6_US East_2': 20, 'E8ads_v6_US East_3': 20, 'E8as_v6_US East_1': 20, 'E8as_v6_US East_3': 20, 'E8ps_v5_US East_2': 20, 'E96-48ads_v6_US East_2': 20, 'E96ads_v6_US East_3': 20, 'E96as_v6_US East_2': 20, 'F16als_v6_US East_2': 20, 'F16als_v6_US East_3': 20, 'F16ams_v6_US East_1': 20, 'F16ams_v6_US East_3': 20, 'F16as_v6_US East_1': 20, 'F16as_v6_US East_3': 20, 'F32als_v6_US East_3': 20, 'F32ams_v6_US East_1': 20, 'F32as_v6_US East_1': 20, 'F48als_v6_US East_2': 20, 'F48ams_v6_US East_2': 20, 'F48as_v6_US East_1': 20, 'F64als_v6_US East_1': 20, 'F64ams_v6_US East_1': 20, 'F64as_v6_US East_1': 20, 'F8als_v6_US East_1': 20, 'F8als_v6_US East_2': 20, 'F8ams_v6_US East_1': 20, 'F8ams_v6_US East_2': 20, 'F8as_v6_US East_2': 20, 'F8as_v6_US East_3': 20, 'M32ts_US East_1': 20, 'M32ts_US East_2': 20, 'M32ts_US East_3': 20, 'M64s_v2_US East_1': 20, 'NV8as_v4_US East_1': 20, 'NV8as_v4_US East_2': 20, 'NV8as_v4_US East_3': 20}"
0.73,747.6467200000005,238181790,318575.316160017,8060,8043,"{'D16ads_v6_US East_2': 20, 'D16ads_v6_US East_3': 20, 'D16alds_v6_US East_1': 20, 'D16alds_v6_US East_3': 20, 'D16als_v6_US East_1': 20, 'D16als_v6_US East_3': 20, 'D16as_v6_US East_1': 20, 'D16as_v6_US East_2': 20, 'D16pds_v5_US East_1': 20, 'D16plds_v5_US East_2': 20, 'D16plds_v5_US East_3': 20, 'D16pls_v5_US East_2': 20, 'D16pls_v5_US East_3': 20, 'D16ps_v5_US East_3': 20, 'D32ads_v6_US East_1': 20, 'D32ads_v6_US East_3': 20, 'D32alds_v6_US East_1': 20, 'D32alds_v6_US East_3': 20, 'D32als_v6_US East_2': 20, 'D32als_v6_US East_3': 20, 'D32as_v6_US East_1': 20, 'D32as_v6_US East_3': 20, 'D32plds_v5_US East_3': 20, 'D32pls_v5_US East_2': 20, 'D48ads_v6_US East_1': 20, 'D48alds_v6_US East_2': 20, 'D48als_v6_US East_1': 20, 'D48als_v6_US East_3': 20, 'D64ads_v6_US East_2': 20, 'D64alds_v6_US East_3': 20, 'D64als_v6_US East_3': 20, 'D64as_v6_US East_2': 20, 'D8ads_v6_US East_1': 20, 'D8ads_v6_US East_2': 20, 'D8ads_v6_US East_3': 20, 'D8alds_v6_US East_1': 20, 'D8alds_v6_US East_2': 20, 'D8alds_v6_US East_3': 20, 'D8als_v6_US East_1': 20, 'D8als_v6_US East_2': 20, 'D8als_v6_US East_3': 20, 'D8as_v6_US East_1': 20, 'D8as_v6_US East_2': 20, 'D8as_v6_US East_3': 20, 'D8plds_v5_US East_1': 20, 'D8plds_v5_US East_2': 20, 'D8plds_v5_US East_3': 20, 'D8pls_v5_US East_1': 20, 'D8pls_v5_US East_2': 20, 'D8pls_v5_US East_3': 20, 'D8ps_v5_US East_1': 20, 'D8ps_v5_US East_2': 20, 'D8ps_v5_US East_3': 20, 'D96ads_v6_US East_1': 20, 'D96alds_v6_US East_2': 20, 'D96als_v6_US East_2': 20, 'D96as_v6_US East_3': 20, 'E16ads_v6_US East_1': 20, 'E16ads_v6_US East_2': 20, 'E16as_v6_US East_1': 20, 'E16as_v6_US East_2': 20, 'E20ads_v6_US East_2': 20, 'E20ads_v6_US East_3': 20, 'E20as_v6_US East_1': 20, 'E20as_v6_US East_3': 20, 'E32ads_v6_US East_2': 20, 'E32as_v6_US East_2': 20, 'E48ads_v6_US East_3': 20, 'E48as_v6_US East_2': 20, 'E64ads_v6_US East_1': 20, 'E64as_v6_US East_3': 20, 'E8ads_v6_US East_2': 20, 'E8ads_v6_US East_3': 20, 'E8as_v6_US East_1': 20, 'E8as_v6_US East_3': 20, 'E8ps_v5_US East_2': 20, 'E96-48ads_v6_US East_2': 20, 'E96ads_v6_US East_3': 20, 'E96as_v6_US East_2': 20, 'F16als_v6_US East_2': 20, 'F16als_v6_US East_3': 20, 'F16ams_v6_US East_1': 20, 'F16ams_v6_US East_3': 20, 'F16as_v6_US East_1': 20, 'F16as_v6_US East_3': 20, 'F32als_v6_US East_3': 20, 'F32ams_v6_US East_1': 20, 'F32as_v6_US East_1': 20, 'F48als_v6_US East_2': 20, 'F48ams_v6_US East_2': 20, 'F48as_v6_US East_1': 20, 'F64als_v6_US East_1': 20, 'F64ams_v6_US East_1': 20, 'F64as_v6_US East_1': 20, 'F8als_v6_US East_1': 20, 'F8als_v6_US East_2': 20, 'F8ams_v6_US East_1': 20, 'F8ams_v6_US East_2': 20, 'F8as_v6_US East_2': 20, 'F8as_v6_US East_3': 20, 'M32ls_US East_1': 20, 'M32ls_US East_2': 20, 'M32ls_US East_3': 20, 'M32ts_US East_1': 20, 'M32ts_US East_2': 20, 'M32ts_US East_3': 20, 'M64s_v2_US East_1': 20, 'NV8as_v4_US East_1': 20, 'NV8as_v4_US East_2': 20, 'NV8as_v4_US East_3': 20}"
0.74,747.6467200000005,238181790,318575.316160017,8060,8043,"{'D16ads_v6_US East_2': 20, 'D16ads_v6_US East_3': 20, 'D16alds_v6_US East_1': 20, 'D16alds_v6_US East_3': 20, 'D16als_v6_US East_1': 20, 'D16als_v6_US East_3': 20, 'D16as_v6_US East_1': 20, 'D16as_v6_US East_2': 20, 'D16pds_v5_US East_1': 20, 'D16plds_v5_US East_2': 20, 'D16plds_v5_US East_3': 20, 'D16pls_v5_US East_2': 20, 'D16pls_v5_US East_3': 20, 'D16ps_v5_US East_3': 20, 'D32ads_v6_US East_1': 20, 'D32ads_v6_US East_3': 20, 'D32alds_v6_US East_1': 20, 'D32alds_v6_US East_3': 20, 'D32als_v6_US East_2': 20, 'D32als_v6_US East_3': 20, 'D32as_v6_US East_1': 20, 'D32as_v6_US East_3': 20, 'D32plds_v5_US East_3': 20, 'D32pls_v5_US East_2': 20, 'D48ads_v6_US East_1': 20, 'D48alds_v6_US East_2': 20, 'D48als_v6_US East_1': 20, 'D48als_v6_US East_3': 20, 'D64ads_v6_US East_2': 20, 'D64alds_v6_US East_3': 20, 'D64als_v6_US East_3': 20, 'D64as_v6_US East_2': 20, 'D8ads_v6_US East_1': 20, 'D8ads_v6_US East_2': 20, 'D8ads_v6_US East_3': 20, 'D8alds_v6_US East_1': 20, 'D8alds_v6_US East_2': 20, 'D8alds_v6_US East_3': 20, 'D8als_v6_US East_1': 20, 'D8als_v6_US East_2': 20, 'D8als_v6_US East_3': 20, 'D8as_v6_US East_1': 20, 'D8as_v6_US East_2': 20, 'D8as_v6_US East_3': 20, 'D8plds_v5_US East_1': 20, 'D8plds_v5_US East_2': 20, 'D8plds_v5_US East_3': 20, 'D8pls_v5_US East_1': 20, 'D8pls_v5_US East_2': 20, 'D8pls_v5_US East_3': 20, 'D8ps_v5_US East_1': 20, 'D8ps_v5_US East_2': 20, 'D8ps_v5_US East_3': 20, 'D96ads_v6_US East_1': 20, 'D96alds_v6_US East_2': 20, 'D96als_v6_US East_2': 20, 'D96as_v6_US East_3': 20, 'E16ads_v6_US East_1': 20, 'E16ads_v6_US East_2': 20, 'E16as_v6_US East_1': 20, 'E16as_v6_US East_2': 20, 'E20ads_v6_US East_2': 20, 'E20ads_v6_US East_3': 20, 'E20as_v6_US East_1': 20, 'E20as_v6_US East_3': 20, 'E32ads_v6_US East_2': 20, 'E32as_v6_US East_2': 20, 'E48ads_v6_US East_3': 20, 'E48as_v6_US East_2': 20, 'E64ads_v6_US East_1': 20, 'E64as_v6_US East_3': 20, 'E8ads_v6_US East_2': 20, 'E8ads_v6_US East_3': 20, 'E8as_v6_US East_1': 20, 'E8as_v6_US East_3': 20, 'E8ps_v5_US East_2': 20, 'E96-48ads_v6_US East_2': 20, 'E96ads_v6_US East_3': 20, 'E96as_v6_US East_2': 20, 'F16als_v6_US East_2': 20, 'F16als_v6_US East_3': 20, 'F16ams_v6_US East_1': 20, 'F16ams_v6_US East_3': 20, 'F16as_v6_US East_1': 20, 'F16as_v6_US East_3': 20, 'F32als_v6_US East_3': 20, 'F32ams_v6_US East_1': 20, 'F32as_v6_US East_1': 20, 'F48als_v6_US East_2': 20, 'F48ams_v6_US East_2': 20, 'F48as_v6_US East_1': 20, 'F64als_v6_US East_1': 20, 'F64ams_v6_US East_1': 20, 'F64as_v6_US East_1': 20, 'F8als_v6_US East_1': 20, 'F8als_v6_US East_2': 20, 'F8ams_v6_US East_1': 20, 'F8ams_v6_US East_2': 20, 'F8as_v6_US East_2': 20, 'F8as_v6_US East_3': 20, 'M32ls_US East_1': 20, 'M32ls_US East_2': 20, 'M32ls_US East_3': 20, 'M32ts_US East_1': 20, 'M32ts_US East_2': 20, 'M32ts_US East_3': 20, 'M64s_v2_US East_1': 20, 'NV8as_v4_US East_1': 20, 'NV8as_v4_US East_2': 20, 'NV8as_v4_US East_3': 20}"
0.75,786.2027200000007,241709401,307439.029719968,8240,8223,"{'B16pls_v2_US East_1': 20, 'B16pls_v2_US East_2': 20, 'B16pls_v2_US East_3': 20, 'B8pls_v2_US East_1': 20, 'B8pls_v2_US East_2': 20, 'B8pls_v2_US East_3': 20, 'D16ads_v6_US East_2': 20, 'D16ads_v6_US East_3': 20, 'D16alds_v6_US East_1': 20, 'D16alds_v6_US East_3': 20, 'D16als_v6_US East_1': 20, 'D16als_v6_US East_3': 20, 'D16as_v6_US East_1': 20, 'D16as_v6_US East_2': 20, 'D16pds_v5_US East_1': 20, 'D16plds_v5_US East_2': 20, 'D16plds_v5_US East_3': 20, 'D16pls_v5_US East_2': 20, 'D16pls_v5_US East_3': 20, 'D16ps_v5_US East_3': 20, 'D32ads_v6_US East_1': 20, 'D32ads_v6_US East_3': 20, 'D32alds_v6_US East_1': 20, 'D32alds_v6_US East_3': 20, 'D32als_v6_US East_2': 20, 'D32als_v6_US East_3': 20, 'D32as_v6_US East_1': 20, 'D32as_v6_US East_3': 20, 'D32plds_v5_US East_3': 20, 'D32pls_v5_US East_2': 20, 'D48ads_v6_US East_1': 20, 'D48alds_v6_US East_2': 20, 'D48als_v6_US East_1': 20, 'D48als_v6_US East_3': 20, 'D64ads_v6_US East_2': 20, 'D64alds_v6_US East_3': 20, 'D64als_v6_US East_3': 20, 'D64as_v6_US East_2': 20, 'D8ads_v6_US East_1': 20, 'D8ads_v6_US East_2': 20, 'D8ads_v6_US East_3': 20, 'D8alds_v6_US East_1': 20, 'D8alds_v6_US East_2': 20, 'D8alds_v6_US East_3': 20, 'D8als_v6_US East_1': 20, 'D8als_v6_US East_2': 20, 'D8als_v6_US East_3': 20, 'D8as_v6_US East_1': 20, 'D8as_v6_US East_2': 20, 'D8as_v6_US East_3': 20, 'D8plds_v5_US East_1': 20, 'D8plds_v5_US East_2': 20, 'D8plds_v5_US East_3': 20, 'D8pls_v5_US East_1': 20, 'D8pls_v5_US East_2': 20, 'D8pls_v5_US East_3': 20, 'D8ps_v5_US East_1': 20, 'D8ps_v5_US East_2': 20, 'D8ps_v5_US East_3': 20, 'D96ads_v6_US East_1': 20, 'D96alds_v6_US East_2': 20, 'D96als_v6_US East_2': 20, 'D96as_v6_US East_3': 20, 'E16ads_v6_US East_1': 20, 'E16ads_v6_US East_2': 20, 'E16as_v6_US East_1': 20, 'E16as_v6_US East_2': 20, 'E20ads_v6_US East_2': 20, 'E20ads_v6_US East_3': 20, 'E20as_v6_US East_1': 20, 'E20as_v6_US East_3': 20, 'E32ads_v6_US East_2': 20, 'E32as_v6_US East_2': 20, 'E48ads_v6_US East_3': 20, 'E48as_v6_US East_2': 20, 'E64ads_v6_US East_1': 20, 'E64as_v6_US East_3': 20, 'E8ads_v6_US East_2': 20, 'E8ads_v6_US East_3': 20, 'E8as_v6_US East_1': 20, 'E8as_v6_US East_3': 20, 'E8ps_v5_US East_2': 20, 'E96-48ads_v6_US East_2': 20, 'E96ads_v6_US East_3': 20, 'E96as_v6_US East_2': 20, 'F16als_v6_US East_2': 20, 'F16als_v6_US East_3': 20, 'F16ams_v6_US East_1': 20, 'F16ams_v6_US East_3': 20, 'F16as_v6_US East_1': 20, 'F16as_v6_US East_3': 20, 'F32als_v6_US East_3': 20, 'F32ams_v6_US East_1': 20, 'F32as_v6_US East_1': 20, 'F48als_v6_US East_2': 20, 'F48ams_v6_US East_2': 20, 'F48as_v6_US East_1': 20, 'F64als_v6_US East_1': 20, 'F64ams_v6_US East_1': 20, 'F64as_v6_US East_1': 20, 'F8als_v6_US East_1': 20, 'F8als_v6_US East_2': 20, 'F8ams_v6_US East_1': 20, 'F8ams_v6_US East_2': 20, 'F8as_v6_US East_2': 20, 'F8as_v6_US East_3': 20, 'M32ls_US East_1': 20, 'M32ls_US East_2': 20, 'M32ls_US East_3': 20, 'M32ts_US East_1': 20, 'M32ts_US East_2': 20, 'M32ts_US East_3': 20, 'M64s_v2_US East_1': 20, 'NV8as_v4_US East_1': 20, 'NV8as_v4_US East_2': 20, 'NV8as_v4_US East_3': 20}"
0.76,786.2027200000007,241709401,307439.029719968,8240,8223,"{'B16pls_v2_US East_1': 20, 'B16pls_v2_US East_2': 20, 'B16pls_v2_US East_3': 20, 'B8pls_v2_US East_1': 20, 'B8pls_v2_US East_2': 20, 'B8pls_v2_US East_3': 20, 'D16ads_v6_US East_2': 20, 'D16ads_v6_US East_3': 20, 'D16alds_v6_US East_1': 20, 'D16alds_v6_US East_3': 20, 'D16als_v6_US East_1': 20, 'D16als_v6_US East_3': 20, 'D16as_v6_US East_1': 20, 'D16as_v6_US East_2': 20, 'D16pds_v5_US East_1': 20, 'D16plds_v5_US East_2': 20, 'D16plds_v5_US East_3': 20, 'D16pls_v5_US East_2': 20, 'D16pls_v5_US East_3': 20, 'D16ps_v5_US East_3': 20, 'D32ads_v6_US East_1': 20, 'D32ads_v6_US East_3': 20, 'D32alds_v6_US East_1': 20, 'D32alds_v6_US East_3': 20, 'D32als_v6_US East_2': 20, 'D32als_v6_US East_3': 20, 'D32as_v6_US East_1': 20, 'D32as_v6_US East_3': 20, 'D32plds_v5_US East_3': 20, 'D32pls_v5_US East_2': 20, 'D48ads_v6_US East_1': 20, 'D48alds_v6_US East_2': 20, 'D48als_v6_US East_1': 20, 'D48als_v6_US East_3': 20, 'D64ads_v6_US East_2': 20, 'D64alds_v6_US East_3': 20, 'D64als_v6_US East_3': 20, 'D64as_v6_US East_2': 20, 'D8ads_v6_US East_1': 20, 'D8ads_v6_US East_2': 20, 'D8ads_v6_US East_3': 20, 'D8alds_v6_US East_1': 20, 'D8alds_v6_US East_2': 20, 'D8alds_v6_US East_3': 20, 'D8als_v6_US East_1': 20, 'D8als_v6_US East_2': 20, 'D8als_v6_US East_3': 20, 'D8as_v6_US East_1': 20, 'D8as_v6_US East_2': 20, 'D8as_v6_US East_3': 20, 'D8plds_v5_US East_1': 20, 'D8plds_v5_US East_2': 20, 'D8plds_v5_US East_3': 20, 'D8pls_v5_US East_1': 20, 'D8pls_v5_US East_2': 20, 'D8pls_v5_US East_3': 20, 'D8ps_v5_US East_1': 20, 'D8ps_v5_US East_2': 20, 'D8ps_v5_US East_3': 20, 'D96ads_v6_US East_1': 20, 'D96alds_v6_US East_2': 20, 'D96als_v6_US East_2': 20, 'D96as_v6_US East_3': 20, 'E16ads_v6_US East_1': 20, 'E16ads_v6_US East_2': 20, 'E16as_v6_US East_1': 20, 'E16as_v6_US East_2': 20, 'E20ads_v6_US East_2': 20, 'E20ads_v6_US East_3': 20, 'E20as_v6_US East_1': 20, 'E20as_v6_US East_3': 20, 'E32ads_v6_US East_2': 20, 'E32as_v6_US East_2': 20, 'E48ads_v6_US East_3': 20, 'E48as_v6_US East_2': 20, 'E64ads_v6_US East_1': 20, 'E64as_v6_US East_3': 20, 'E8ads_v6_US East_2': 20, 'E8ads_v6_US East_3': 20, 'E8as_v6_US East_1': 20, 'E8as_v6_US East_3': 20, 'E8ps_v5_US East_2': 20, 'E96-48ads_v6_US East_2': 20, 'E96ads_v6_US East_3': 20, 'E96as_v6_US East_2': 20, 'F16als_v6_US East_2': 20, 'F16als_v6_US East_3': 20, 'F16ams_v6_US East_1': 20, 'F16ams_v6_US East_3': 20, 'F16as_v6_US East_1': 20, 'F16as_v6_US East_3': 20, 'F32als_v6_US East_3': 20, 'F32ams_v6_US East_1': 20, 'F32as_v6_US East_1': 20, 'F48als_v6_US East_2': 20, 'F48ams_v6_US East_2': 20, 'F48as_v6_US East_1': 20, 'F64als_v6_US East_1': 20, 'F64ams_v6_US East_1': 20, 'F64as_v6_US East_1': 20, 'F8als_v6_US East_1': 20, 'F8als_v6_US East_2': 20, 'F8ams_v6_US East_1': 20, 'F8ams_v6_US East_2': 20, 'F8as_v6_US East_2': 20, 'F8as_v6_US East_3': 20, 'M32ls_US East_1': 20, 'M32ls_US East_2': 20, 'M32ls_US East_3': 20, 'M32ts_US East_1': 20, 'M32ts_US East_2': 20, 'M32ts_US East_3': 20, 'M64s_v2_US East_1': 20, 'NV8as_v4_US East_1': 20, 'NV8as_v4_US East_2': 20, 'NV8as_v4_US East_3': 20}"
0.77,786.2027200000007,241709401,307439.029719968,8240,8223,"{'B16pls_v2_US East_1': 20, 'B16pls_v2_US East_2': 20, 'B16pls_v2_US East_3': 20, 'B8pls_v2_US East_1': 20, 'B8pls_v2_US East_2': 20, 'B8pls_v2_US East_3': 20, 'D16ads_v6_US East_2': 20, 'D16ads_v6_US East_3': 20, 'D16alds_v6_US East_1': 20, 'D16alds_v6_US East_3': 20, 'D16als_v6_US East_1': 20, 'D16als_v6_US East_3': 20, 'D16as_v6_US East_1': 20, 'D16as_v6_US East_2': 20, 'D16pds_v5_US East_1': 20, 'D16plds_v5_US East_2': 20, 'D16plds_v5_US East_3': 20, 'D16pls_v5_US East_2': 20, 'D16pls_v5_US East_3': 20, 'D16ps_v5_US East_3': 20, 'D32ads_v6_US East_1': 20, 'D32ads_v6_US East_3': 20, 'D32alds_v6_US East_1': 20, 'D32alds_v6_US East_3': 20, 'D32als_v6_US East_2': 20, 'D32als_v6_US East_3': 20, 'D32as_v6_US East_1': 20, 'D32as_v6_US East_3': 20, 'D32plds_v5_US East_3': 20, 'D32pls_v5_US East_2': 20, 'D48ads_v6_US East_1': 20, 'D48alds_v6_US East_2': 20, 'D48als_v6_US East_1': 20, 'D48als_v6_US East_3': 20, 'D64ads_v6_US East_2': 20, 'D64alds_v6_US East_3': 20, 'D64als_v6_US East_3': 20, 'D64as_v6_US East_2': 20, 'D8ads_v6_US East_1': 20, 'D8ads_v6_US East_2': 20, 'D8ads_v6_US East_3': 20, 'D8alds_v6_US East_1': 20, 'D8alds_v6_US East_2': 20, 'D8alds_v6_US East_3': 20, 'D8als_v6_US East_1': 20, 'D8als_v6_US East_2': 20, 'D8als_v6_US East_3': 20, 'D8as_v6_US East_1': 20, 'D8as_v6_US East_2': 20, 'D8as_v6_US East_3': 20, 'D8plds_v5_US East_1': 20, 'D8plds_v5_US East_2': 20, 'D8plds_v5_US East_3': 20, 'D8pls_v5_US East_1': 20, 'D8pls_v5_US East_2': 20, 'D8pls_v5_US East_3': 20, 'D8ps_v5_US East_1': 20, 'D8ps_v5_US East_2': 20, 'D8ps_v5_US East_3': 20, 'D96ads_v6_US East_1': 20, 'D96alds_v6_US East_2': 20, 'D96als_v6_US East_2': 20, 'D96as_v6_US East_3': 20, 'E16ads_v6_US East_1': 20, 'E16ads_v6_US East_2': 20, 'E16as_v6_US East_1': 20, 'E16as_v6_US East_2': 20, 'E20ads_v6_US East_2': 20, 'E20ads_v6_US East_3': 20, 'E20as_v6_US East_1': 20, 'E20as_v6_US East_3': 20, 'E32ads_v6_US East_2': 20, 'E32as_v6_US East_2': 20, 'E48ads_v6_US East_3': 20, 'E48as_v6_US East_2': 20, 'E64ads_v6_US East_1': 20, 'E64as_v6_US East_3': 20, 'E8ads_v6_US East_2': 20, 'E8ads_v6_US East_3': 20, 'E8as_v6_US East_1': 20, 'E8as_v6_US East_3': 20, 'E8ps_v5_US East_2': 20, 'E96-48ads_v6_US East_2': 20, 'E96ads_v6_US East_3': 20, 'E96as_v6_US East_2': 20, 'F16als_v6_US East_2': 20, 'F16als_v6_US East_3': 20, 'F16ams_v6_US East_1': 20, 'F16ams_v6_US East_3': 20, 'F16as_v6_US East_1': 20, 'F16as_v6_US East_3': 20, 'F32als_v6_US East_3': 20, 'F32ams_v6_US East_1': 20, 'F32as_v6_US East_1': 20, 'F48als_v6_US East_2': 20, 'F48ams_v6_US East_2': 20, 'F48as_v6_US East_1': 20, 'F64als_v6_US East_1': 20, 'F64ams_v6_US East_1': 20, 'F64as_v6_US East_1': 20, 'F8als_v6_US East_1': 20, 'F8als_v6_US East_2': 20, 'F8ams_v6_US East_1': 20, 'F8ams_v6_US East_2': 20, 'F8as_v6_US East_2': 20, 'F8as_v6_US East_3': 20, 'M32ls_US East_1': 20, 'M32ls_US East_2': 20, 'M32ls_US East_3': 20, 'M32ts_US East_1': 20, 'M32ts_US East_2': 20, 'M32ts_US East_3': 20, 'M64s_v2_US East_1': 20, 'NV8as_v4_US East_1': 20, 'NV8as_v4_US East_2': 20, 'NV8as_v4_US East_3': 20}"
0.78,810.4127200000006,243669185,300672.952665402,8340,8323,"{'B16pls_v2_US East_1': 20, 'B16pls_v2_US East_2': 20, 'B16pls_v2_US East_3': 20, 'B16ps_v2_US East_3': 20, 'B8pls_v2_US East_1': 20, 'B8pls_v2_US East_2': 20, 'B8pls_v2_US East_3': 20, 'B8ps_v2_US East_1': 20, 'B8ps_v2_US East_2': 20, 'B8ps_v2_US East_3': 20, 'D16ads_v6_US East_2': 20, 'D16ads_v6_US East_3': 20, 'D16alds_v6_US East_1': 20, 'D16alds_v6_US East_3': 20, 'D16als_v6_US East_1': 20, 'D16als_v6_US East_3': 20, 'D16as_v6_US East_1': 20, 'D16as_v6_US East_2': 20, 'D16pds_v5_US East_1': 20, 'D16plds_v5_US East_2': 20, 'D16plds_v5_US East_3': 20, 'D16pls_v5_US East_2': 20, 'D16pls_v5_US East_3': 20, 'D16ps_v5_US East_3': 20, 'D32ads_v6_US East_1': 20, 'D32ads_v6_US East_3': 20, 'D32alds_v6_US East_1': 20, 'D32alds_v6_US East_3': 20, 'D32als_v6_US East_2': 20, 'D32als_v6_US East_3': 20, 'D32as_v6_US East_1': 20, 'D32as_v6_US East_3': 20, 'D32plds_v5_US East_3': 20, 'D32pls_v5_US East_2': 20, 'D48ads_v6_US East_1': 20, 'D48alds_v6_US East_2': 20, 'D48als_v6_US East_1': 20, 'D48als_v6_US East_3': 20, 'D64ads_v6_US East_2': 20, 'D64alds_v6_US East_3': 20, 'D64als_v6_US East_3': 20, 'D64as_v6_US East_2': 20, 'D8ads_v6_US East_1': 20, 'D8ads_v6_US East_2': 20, 'D8ads_v6_US East_3': 20, 'D8alds_v6_US East_1': 20, 'D8alds_v6_US East_2': 20, 'D8alds_v6_US East_3': 20, 'D8als_v6_US East_1': 20, 'D8als_v6_US East_2': 20, 'D8als_v6_US East_3': 20, 'D8as_v6_US East_1': 20, 'D8as_v6_US East_2': 20, 'D8as_v6_US East_3': 20, 'D8plds_v5_US East_1': 20, 'D8plds_v5_US East_2': 20, 'D8plds_v5_US East_3': 20, 'D8pls_v5_US East_1': 20, 'D8pls_v5_US East_2': 20, 'D8pls_v5_US East_3': 20, 'D8ps_v5_US East_1': 20, 'D8ps_v5_US East_2': 20, 'D8ps_v5_US East_3': 20, 'D96ads_v6_US East_1': 20, 'D96alds_v6_US East_2': 20, 'D96als_v6_US East_2': 20, 'D96as_v6_US East_3': 20, 'E16ads_v6_US East_1': 20, 'E16ads_v6_US East_2': 20, 'E16as_v6_US East_1': 20, 'E16as_v6_US East_2': 20, 'E20ads_v6_US East_2': 20, 'E20ads_v6_US East_3': 20, 'E20as_v6_US East_1': 20, 'E20as_v6_US East_3': 20, 'E32ads_v6_US East_2': 20, 'E32as_v6_US East_2': 20, 'E48ads_v6_US East_3': 20, 'E48as_v6_US East_2': 20, 'E64ads_v6_US East_1': 20, 'E64as_v6_US East_3': 20, 'E8ads_v6_US East_2': 20, 'E8ads_v6_US East_3': 20, 'E8as_v6_US East_1': 20, 'E8as_v6_US East_3': 20, 'E8ps_v5_US East_2': 20, 'E96-48ads_v6_US East_2': 20, 'E96ads_v6_US East_3': 20, 'E96as_v6_US East_2': 20, 'F16als_v6_US East_2': 20, 'F16als_v6_US East_3': 20, 'F16ams_v6_US East_1': 20, 'F16ams_v6_US East_3': 20, 'F16as_v6_US East_1': 20, 'F16as_v6_US East_3': 20, 'F32als_v6_US East_3': 20, 'F32ams_v6_US East_1': 20, 'F32as_v6_US East_1': 20, 'F48als_v6_US East_2': 20, 'F48ams_v6_US East_2': 20, 'F48as_v6_US East_1': 20, 'F64als_v6_US East_1': 20, 'F64ams_v6_US East_1': 20, 'F64as_v6_US East_1': 20, 'F8als_v6_US East_1': 20, 'F8als_v6_US East_2': 20, 'F8ams_v6_US East_1': 20, 'F8ams_v6_US East_2': 20, 'F8as_v6_US East_2': 20, 'F8as_v6_US East_3': 20, 'M32ls_US East_1': 20, 'M32ls_US East_2': 20, 'M32ls_US East_3': 20, 'M32ts_US East_1': 20, 'M32ts_US East_2': 20, 'M32ts_US East_3': 20, 'M64s_v2_US East_1': 20, 'NV8as_v4_US East_1': 20, 'NV8as_v4_US East_2': 20, 'NV8as_v4_US East_3': 20}"
0.79,810.4127200000006,243669185,300672.952665402,8340,8323,"{'B16pls_v2_US East_1': 20, 'B16pls_v2_US East_2': 20, 'B16pls_v2_US East_3': 20, 'B16ps_v2_US East_3': 20, 'B8pls_v2_US East_1': 20, 'B8pls_v2_US East_2': 20, 'B8pls_v2_US East_3': 20, 'B8ps_v2_US East_1': 20, 'B8ps_v2_US East_2': 20, 'B8ps_v2_US East_3': 20, 'D16ads_v6_US East_2': 20, 'D16ads_v6_US East_3': 20, 'D16alds_v6_US East_1': 20, 'D16alds_v6_US East_3': 20, 'D16als_v6_US East_1': 20, 'D16als_v6_US East_3': 20, 'D16as_v6_US East_1': 20, 'D16as_v6_US East_2': 20, 'D16pds_v5_US East_1': 20, 'D16plds_v5_US East_2': 20, 'D16plds_v5_US East_3': 20, 'D16pls_v5_US East_2': 20, 'D16pls_v5_US East_3': 20, 'D16ps_v5_US East_3': 20, 'D32ads_v6_US East_1': 20, 'D32ads_v6_US East_3': 20, 'D32alds_v6_US East_1': 20, 'D32alds_v6_US East_3': 20, 'D32als_v6_US East_2': 20, 'D32als_v6_US East_3': 20, 'D32as_v6_US East_1': 20, 'D32as_v6_US East_3': 20, 'D32plds_v5_US East_3': 20, 'D32pls_v5_US East_2': 20, 'D48ads_v6_US East_1': 20, 'D48alds_v6_US East_2': 20, 'D48als_v6_US East_1': 20, 'D48als_v6_US East_3': 20, 'D64ads_v6_US East_2': 20, 'D64alds_v6_US East_3': 20, 'D64als_v6_US East_3': 20, 'D64as_v6_US East_2': 20, 'D8ads_v6_US East_1': 20, 'D8ads_v6_US East_2': 20, 'D8ads_v6_US East_3': 20, 'D8alds_v6_US East_1': 20, 'D8alds_v6_US East_2': 20, 'D8alds_v6_US East_3': 20, 'D8als_v6_US East_1': 20, 'D8als_v6_US East_2': 20, 'D8als_v6_US East_3': 20, 'D8as_v6_US East_1': 20, 'D8as_v6_US East_2': 20, 'D8as_v6_US East_3': 20, 'D8plds_v5_US East_1': 20, 'D8plds_v5_US East_2': 20, 'D8plds_v5_US East_3': 20, 'D8pls_v5_US East_1': 20, 'D8pls_v5_US East_2': 20, 'D8pls_v5_US East_3': 20, 'D8ps_v5_US East_1': 20, 'D8ps_v5_US East_2': 20, 'D8ps_v5_US East_3': 20, 'D96ads_v6_US East_1': 20, 'D96alds_v6_US East_2': 20, 'D96als_v6_US East_2': 20, 'D96as_v6_US East_3': 20, 'E16ads_v6_US East_1': 20, 'E16ads_v6_US East_2': 20, 'E16as_v6_US East_1': 20, 'E16as_v6_US East_2': 20, 'E20ads_v6_US East_2': 20, 'E20ads_v6_US East_3': 20, 'E20as_v6_US East_1': 20, 'E20as_v6_US East_3': 20, 'E32ads_v6_US East_2': 20, 'E32as_v6_US East_2': 20, 'E48ads_v6_US East_3': 20, 'E48as_v6_US East_2': 20, 'E64ads_v6_US East_1': 20, 'E64as_v6_US East_3': 20, 'E8ads_v6_US East_2': 20, 'E8ads_v6_US East_3': 20, 'E8as_v6_US East_1': 20, 'E8as_v6_US East_3': 20, 'E8ps_v5_US East_2': 20, 'E96-48ads_v6_US East_2': 20, 'E96ads_v6_US East_3': 20, 'E96as_v6_US East_2': 20, 'F16als_v6_US East_2': 20, 'F16als_v6_US East_3': 20, 'F16ams_v6_US East_1': 20, 'F16ams_v6_US East_3': 20, 'F16as_v6_US East_1': 20, 'F16as_v6_US East_3': 20, 'F32als_v6_US East_3': 20, 'F32ams_v6_US East_1': 20, 'F32as_v6_US East_1': 20, 'F48als_v6_US East_2': 20, 'F48ams_v6_US East_2': 20, 'F48as_v6_US East_1': 20, 'F64als_v6_US East_1': 20, 'F64ams_v6_US East_1': 20, 'F64as_v6_US East_1': 20, 'F8als_v6_US East_1': 20, 'F8als_v6_US East_2': 20, 'F8ams_v6_US East_1': 20, 'F8ams_v6_US East_2': 20, 'F8as_v6_US East_2': 20, 'F8as_v6_US East_3': 20, 'M32ls_US East_1': 20, 'M32ls_US East_2': 20, 'M32ls_US East_3': 20, 'M32ts_US East_1': 20, 'M32ts_US East_2': 20, 'M32ts_US East_3': 20, 'M64s_v2_US East_1': 20, 'NV8as_v4_US East_1': 20, 'NV8as_v4_US East_2': 20, 'NV8as_v4_US East_3': 20}"
0.8,837.7351200000006,245592439,293162.4010224135,8400,8383,"{'B16pls_v2_US East_1': 20, 'B16pls_v2_US East_2': 20, 'B16pls_v2_US East_3': 20, 'B16ps_v2_US East_3': 20, 'B8pls_v2_US East_1': 20, 'B8pls_v2_US East_2': 20, 'B8pls_v2_US East_3': 20, 'B8ps_v2_US East_1': 20, 'B8ps_v2_US East_2': 20, 'B8ps_v2_US East_3': 20, 'D16ads_v6_US East_2': 20, 'D16ads_v6_US East_3': 20, 'D16alds_v6_US East_1': 20, 'D16alds_v6_US East_3': 20, 'D16als_v6_US East_1': 20, 'D16als_v6_US East_3': 20, 'D16as_v6_US East_1': 20, 'D16as_v6_US East_2': 20, 'D16pds_v5_US East_1': 20, 'D16plds_v5_US East_2': 20, 'D16plds_v5_US East_3': 20, 'D16pls_v5_US East_2': 20, 'D16pls_v5_US East_3': 20, 'D16ps_v5_US East_3': 20, 'D32ads_v6_US East_1': 20, 'D32ads_v6_US East_3': 20, 'D32alds_v6_US East_1': 20, 'D32alds_v6_US East_3': 20, 'D32als_v6_US East_2': 20, 'D32als_v6_US East_3': 20, 'D32as_v6_US East_1': 20, 'D32as_v6_US East_3': 20, 'D32plds_v5_US East_3': 20, 'D32pls_v5_US East_2': 20, 'D48ads_v6_US East_1': 20, 'D48alds_v6_US East_2': 20, 'D48als_v6_US East_1': 20, 'D48als_v6_US East_3': 20, 'D64ads_v6_US East_2': 20, 'D64alds_v6_US East_3': 20, 'D64als_v6_US East_3': 20, 'D64as_v6_US East_2': 20, 'D8ads_v6_US East_1': 20, 'D8ads_v6_US East_2': 20, 'D8ads_v6_US East_3': 20, 'D8alds_v6_US East_1': 20, 'D8alds_v6_US East_2': 20, 'D8alds_v6_US East_3': 20, 'D8als_v6_US East_1': 20, 'D8als_v6_US East_2': 20, 'D8als_v6_US East_3': 20, 'D8as_v6_US East_1': 20, 'D8as_v6_US East_2': 20, 'D8as_v6_US East_3': 20, 'D8plds_v5_US East_1': 20, 'D8plds_v5_US East_2': 20, 'D8plds_v5_US East_3': 20, 'D8pls_v5_US East_1': 20, 'D8pls_v5_US East_2': 20, 'D8pls_v5_US East_3': 20, 'D8ps_v5_US East_1': 20, 'D8ps_v5_US East_2': 20, 'D8ps_v5_US East_3': 20, 'D96ads_v6_US East_1': 20, 'D96alds_v6_US East_2': 20, 'D96als_v6_US East_2': 20, 'D96as_v6_US East_3': 20, 'E16ads_v6_US East_1': 20, 'E16ads_v6_US East_2': 20, 'E16as_v6_US East_1': 20, 'E16as_v6_US East_2': 20, 'E20ads_v6_US East_2': 20, 'E20ads_v6_US East_3': 20, 'E20as_v6_US East_1': 20, 'E20as_v6_US East_3': 20, 'E32ads_v6_US East_2': 20, 'E32as_v6_US East_2': 20, 'E48ads_v6_US East_3': 20, 'E48as_v6_US East_2': 20, 'E64ads_v6_US East_1': 20, 'E64as_v6_US East_3': 20, 'E8ads_v6_US East_2': 20, 'E8ads_v6_US East_3': 20, 'E8as_v6_US East_1': 20, 'E8as_v6_US East_3': 20, 'E8ps_v5_US East_2': 20, 'E96-24ads_v6_US East_1': 20, 'E96-48ads_v6_US East_2': 20, 'E96ads_v6_US East_3': 20, 'E96as_v6_US East_2': 20, 'F16als_v6_US East_2': 20, 'F16als_v6_US East_3': 20, 'F16ams_v6_US East_1': 20, 'F16ams_v6_US East_3': 20, 'F16as_v6_US East_1': 20, 'F16as_v6_US East_3': 20, 'F32als_v6_US East_3': 20, 'F32ams_v6_US East_1': 20, 'F32as_v6_US East_1': 20, 'F48als_v6_US East_2': 20, 'F48ams_v6_US East_2': 20, 'F48as_v6_US East_1': 20, 'F64als_v6_US East_1': 20, 'F64ams_v6_US East_1': 20, 'F64as_v6_US East_1': 20, 'F8als_v6_US East_1': 20, 'F8als_v6_US East_2': 20, 'F8ams_v6_US East_1': 20, 'F8ams_v6_US East_2': 20, 'F8as_v6_US East_2': 20, 'F8as_v6_US East_3': 20, 'M32ls_US East_1': 20, 'M32ls_US East_2': 20, 'M32ls_US East_3': 20, 'M32ts_US East_1': 20, 'M32ts_US East_2': 20, 'M32ts_US East_3': 20, 'M64s_v2_US East_1': 20, 'NV8as_v4_US East_1': 20, 'NV8as_v4_US East_2': 20, 'NV8as_v4_US East_3': 20}"
0.81,837.7351200000006,245592439,293162.4010224135,8400,8383,"{'B16pls_v2_US East_1': 20, 'B16pls_v2_US East_2': 20, 'B16pls_v2_US East_3': 20, 'B16ps_v2_US East_3': 20, 'B8pls_v2_US East_1': 20, 'B8pls_v2_US East_2': 20, 'B8pls_v2_US East_3': 20, 'B8ps_v2_US East_1': 20, 'B8ps_v2_US East_2': 20, 'B8ps_v2_US East_3': 20, 'D16ads_v6_US East_2': 20, 'D16ads_v6_US East_3': 20, 'D16alds_v6_US East_1': 20, 'D16alds_v6_US East_3': 20, 'D16als_v6_US East_1': 20, 'D16als_v6_US East_3': 20, 'D16as_v6_US East_1': 20, 'D16as_v6_US East_2': 20, 'D16pds_v5_US East_1': 20, 'D16plds_v5_US East_2': 20, 'D16plds_v5_US East_3': 20, 'D16pls_v5_US East_2': 20, 'D16pls_v5_US East_3': 20, 'D16ps_v5_US East_3': 20, 'D32ads_v6_US East_1': 20, 'D32ads_v6_US East_3': 20, 'D32alds_v6_US East_1': 20, 'D32alds_v6_US East_3': 20, 'D32als_v6_US East_2': 20, 'D32als_v6_US East_3': 20, 'D32as_v6_US East_1': 20, 'D32as_v6_US East_3': 20, 'D32plds_v5_US East_3': 20, 'D32pls_v5_US East_2': 20, 'D48ads_v6_US East_1': 20, 'D48alds_v6_US East_2': 20, 'D48als_v6_US East_1': 20, 'D48als_v6_US East_3': 20, 'D64ads_v6_US East_2': 20, 'D64alds_v6_US East_3': 20, 'D64als_v6_US East_3': 20, 'D64as_v6_US East_2': 20, 'D8ads_v6_US East_1': 20, 'D8ads_v6_US East_2': 20, 'D8ads_v6_US East_3': 20, 'D8alds_v6_US East_1': 20, 'D8alds_v6_US East_2': 20, 'D8alds_v6_US East_3': 20, 'D8als_v6_US East_1': 20, 'D8als_v6_US East_2': 20, 'D8als_v6_US East_3': 20, 'D8as_v6_US East_1': 20, 'D8as_v6_US East_2': 20, 'D8as_v6_US East_3': 20, 'D8plds_v5_US East_1': 20, 'D8plds_v5_US East_2': 20, 'D8plds_v5_US East_3': 20, 'D8pls_v5_US East_1': 20, 'D8pls_v5_US East_2': 20, 'D8pls_v5_US East_3': 20, 'D8ps_v5_US East_1': 20, 'D8ps_v5_US East_2': 20, 'D8ps_v5_US East_3': 20, 'D96ads_v6_US East_1': 20, 'D96alds_v6_US East_2': 20, 'D96als_v6_US East_2': 20, 'D96as_v6_US East_3': 20, 'E16ads_v6_US East_1': 20, 'E16ads_v6_US East_2': 20, 'E16as_v6_US East_1': 20, 'E16as_v6_US East_2': 20, 'E20ads_v6_US East_2': 20, 'E20ads_v6_US East_3': 20, 'E20as_v6_US East_1': 20, 'E20as_v6_US East_3': 20, 'E32ads_v6_US East_2': 20, 'E32as_v6_US East_2': 20, 'E48ads_v6_US East_3': 20, 'E48as_v6_US East_2': 20, 'E64ads_v6_US East_1': 20, 'E64as_v6_US East_3': 20, 'E8ads_v6_US East_2': 20, 'E8ads_v6_US East_3': 20, 'E8as_v6_US East_1': 20, 'E8as_v6_US East_3': 20, 'E8ps_v5_US East_2': 20, 'E96-24ads_v6_US East_1': 20, 'E96-48ads_v6_US East_2': 20, 'E96ads_v6_US East_3': 20, 'E96as_v6_US East_2': 20, 'F16als_v6_US East_2': 20, 'F16als_v6_US East_3': 20, 'F16ams_v6_US East_1': 20, 'F16ams_v6_US East_3': 20, 'F16as_v6_US East_1': 20, 'F16as_v6_US East_3': 20, 'F32als_v6_US East_3': 20, 'F32ams_v6_US East_1': 20, 'F32as_v6_US East_1': 20, 'F48als_v6_US East_2': 20, 'F48ams_v6_US East_2': 20, 'F48as_v6_US East_1': 20, 'F64als_v6_US East_1': 20, 'F64ams_v6_US East_1': 20, 'F64as_v6_US East_1': 20, 'F8als_v6_US East_1': 20, 'F8als_v6_US East_2': 20, 'F8ams_v6_US East_1': 20, 'F8ams_v6_US East_2': 20, 'F8as_v6_US East_2': 20, 'F8as_v6_US East_3': 20, 'M32ls_US East_1': 20, 'M32ls_US East_2': 20, 'M32ls_US East_3': 20, 'M32ts_US East_1': 20, 'M32ts_US East_2': 20, 'M32ts_US East_3': 20, 'M64s_v2_US East_1': 20, 'NV8as_v4_US East_1': 20, 'NV8as_v4_US East_2': 20, 'NV8as_v4_US East_3': 20}"
0.8200000000000001,837.7351200000006,245592439,293162.4010224135,8400,8383,"{'B16pls_v2_US East_1': 20, 'B16pls_v2_US East_2': 20, 'B16pls_v2_US East_3': 20, 'B16ps_v2_US East_3': 20, 'B8pls_v2_US East_1': 20, 'B8pls_v2_US East_2': 20, 'B8pls_v2_US East_3': 20, 'B8ps_v2_US East_1': 20, 'B8ps_v2_US East_2': 20, 'B8ps_v2_US East_3': 20, 'D16ads_v6_US East_2': 20, 'D16ads_v6_US East_3': 20, 'D16alds_v6_US East_1': 20, 'D16alds_v6_US East_3': 20, 'D16als_v6_US East_1': 20, 'D16als_v6_US East_3': 20, 'D16as_v6_US East_1': 20, 'D16as_v6_US East_2': 20, 'D16pds_v5_US East_1': 20, 'D16plds_v5_US East_2': 20, 'D16plds_v5_US East_3': 20, 'D16pls_v5_US East_2': 20, 'D16pls_v5_US East_3': 20, 'D16ps_v5_US East_3': 20, 'D32ads_v6_US East_1': 20, 'D32ads_v6_US East_3': 20, 'D32alds_v6_US East_1': 20, 'D32alds_v6_US East_3': 20, 'D32als_v6_US East_2': 20, 'D32als_v6_US East_3': 20, 'D32as_v6_US East_1': 20, 'D32as_v6_US East_3': 20, 'D32plds_v5_US East_3': 20, 'D32pls_v5_US East_2': 20, 'D48ads_v6_US East_1': 20, 'D48alds_v6_US East_2': 20, 'D48als_v6_US East_1': 20, 'D48als_v6_US East_3': 20, 'D64ads_v6_US East_2': 20, 'D64alds_v6_US East_3': 20, 'D64als_v6_US East_3': 20, 'D64as_v6_US East_2': 20, 'D8ads_v6_US East_1': 20, 'D8ads_v6_US East_2': 20, 'D8ads_v6_US East_3': 20, 'D8alds_v6_US East_1': 20, 'D8alds_v6_US East_2': 20, 'D8alds_v6_US East_3': 20, 'D8als_v6_US East_1': 20, 'D8als_v6_US East_2': 20, 'D8als_v6_US East_3': 20, 'D8as_v6_US East_1': 20, 'D8as_v6_US East_2': 20, 'D8as_v6_US East_3': 20, 'D8plds_v5_US East_1': 20, 'D8plds_v5_US East_2': 20, 'D8plds_v5_US East_3': 20, 'D8pls_v5_US East_1': 20, 'D8pls_v5_US East_2': 20, 'D8pls_v5_US East_3': 20, 'D8ps_v5_US East_1': 20, 'D8ps_v5_US East_2': 20, 'D8ps_v5_US East_3': 20, 'D96ads_v6_US East_1': 20, 'D96alds_v6_US East_2': 20, 'D96als_v6_US East_2': 20, 'D96as_v6_US East_3': 20, 'E16ads_v6_US East_1': 20, 'E16ads_v6_US East_2': 20, 'E16as_v6_US East_1': 20, 'E16as_v6_US East_2': 20, 'E20ads_v6_US East_2': 20, 'E20ads_v6_US East_3': 20, 'E20as_v6_US East_1': 20, 'E20as_v6_US East_3': 20, 'E32ads_v6_US East_2': 20, 'E32as_v6_US East_2': 20, 'E48ads_v6_US East_3': 20, 'E48as_v6_US East_2': 20, 'E64ads_v6_US East_1': 20, 'E64as_v6_US East_3': 20, 'E8ads_v6_US East_2': 20, 'E8ads_v6_US East_3': 20, 'E8as_v6_US East_1': 20, 'E8as_v6_US East_3': 20, 'E8ps_v5_US East_2': 20, 'E96-24ads_v6_US East_1': 20, 'E96-48ads_v6_US East_2': 20, 'E96ads_v6_US East_3': 20, 'E96as_v6_US East_2': 20, 'F16als_v6_US East_2': 20, 'F16als_v6_US East_3': 20, 'F16ams_v6_US East_1': 20, 'F16ams_v6_US East_3': 20, 'F16as_v6_US East_1': 20, 'F16as_v6_US East_3': 20, 'F32als_v6_US East_3': 20, 'F32ams_v6_US East_1': 20, 'F32as_v6_US East_1': 20, 'F48als_v6_US East_2': 20, 'F48ams_v6_US East_2': 20, 'F48as_v6_US East_1': 20, 'F64als_v6_US East_1': 20, 'F64ams_v6_US East_1': 20, 'F64as_v6_US East_1': 20, 'F8als_v6_US East_1': 20, 'F8als_v6_US East_2': 20, 'F8ams_v6_US East_1': 20, 'F8ams_v6_US East_2': 20, 'F8as_v6_US East_2': 20, 'F8as_v6_US East_3': 20, 'M32ls_US East_1': 20, 'M32ls_US East_2': 20, 'M32ls_US East_3': 20, 'M32ts_US East_1': 20, 'M32ts_US East_2': 20, 'M32ts_US East_3': 20, 'M64s_v2_US East_1': 20, 'NV8as_v4_US East_1': 20, 'NV8as_v4_US East_2': 20, 'NV8as_v4_US East_3': 20}"
0.8300000000000001,837.7351200000006,245592439,293162.4010224135,8400,8383,"{'B16pls_v2_US East_1': 20, 'B16pls_v2_US East_2': 20, 'B16pls_v2_US East_3': 20, 'B16ps_v2_US East_3': 20, 'B8pls_v2_US East_1': 20, 'B8pls_v2_US East_2': 20, 'B8pls_v2_US East_3': 20, 'B8ps_v2_US East_1': 20, 'B8ps_v2_US East_2': 20, 'B8ps_v2_US East_3': 20, 'D16ads_v6_US East_2': 20, 'D16ads_v6_US East_3': 20, 'D16alds_v6_US East_1': 20, 'D16alds_v6_US East_3': 20, 'D16als_v6_US East_1': 20, 'D16als_v6_US East_3': 20, 'D16as_v6_US East_1': 20, 'D16as_v6_US East_2': 20, 'D16pds_v5_US East_1': 20, 'D16plds_v5_US East_2': 20, 'D16plds_v5_US East_3': 20, 'D16pls_v5_US East_2': 20, 'D16pls_v5_US East_3': 20, 'D16ps_v5_US East_3': 20, 'D32ads_v6_US East_1': 20, 'D32ads_v6_US East_3': 20, 'D32alds_v6_US East_1': 20, 'D32alds_v6_US East_3': 20, 'D32als_v6_US East_2': 20, 'D32als_v6_US East_3': 20, 'D32as_v6_US East_1': 20, 'D32as_v6_US East_3': 20, 'D32plds_v5_US East_3': 20, 'D32pls_v5_US East_2': 20, 'D48ads_v6_US East_1': 20, 'D48alds_v6_US East_2': 20, 'D48als_v6_US East_1': 20, 'D48als_v6_US East_3': 20, 'D64ads_v6_US East_2': 20, 'D64alds_v6_US East_3': 20, 'D64als_v6_US East_3': 20, 'D64as_v6_US East_2': 20, 'D8ads_v6_US East_1': 20, 'D8ads_v6_US East_2': 20, 'D8ads_v6_US East_3': 20, 'D8alds_v6_US East_1': 20, 'D8alds_v6_US East_2': 20, 'D8alds_v6_US East_3': 20, 'D8als_v6_US East_1': 20, 'D8als_v6_US East_2': 20, 'D8als_v6_US East_3': 20, 'D8as_v6_US East_1': 20, 'D8as_v6_US East_2': 20, 'D8as_v6_US East_3': 20, 'D8plds_v5_US East_1': 20, 'D8plds_v5_US East_2': 20, 'D8plds_v5_US East_3': 20, 'D8pls_v5_US East_1': 20, 'D8pls_v5_US East_2': 20, 'D8pls_v5_US East_3': 20, 'D8ps_v5_US East_1': 20, 'D8ps_v5_US East_2': 20, 'D8ps_v5_US East_3': 20, 'D96ads_v6_US East_1': 20, 'D96alds_v6_US East_2': 20, 'D96als_v6_US East_2': 20, 'D96as_v6_US East_3': 20, 'E16ads_v6_US East_1': 20, 'E16ads_v6_US East_2': 20, 'E16as_v6_US East_1': 20, 'E16as_v6_US East_2': 20, 'E20ads_v6_US East_2': 20, 'E20ads_v6_US East_3': 20, 'E20as_v6_US East_1': 20, 'E20as_v6_US East_3': 20, 'E32ads_v6_US East_2': 20, 'E32as_v6_US East_2': 20, 'E48ads_v6_US East_3': 20, 'E48as_v6_US East_2': 20, 'E64ads_v6_US East_1': 20, 'E64as_v6_US East_3': 20, 'E8ads_v6_US East_2': 20, 'E8ads_v6_US East_3': 20, 'E8as_v6_US East_1': 20, 'E8as_v6_US East_3': 20, 'E8ps_v5_US East_2': 20, 'E96-24ads_v6_US East_1': 20, 'E96-48ads_v6_US East_2': 20, 'E96ads_v6_US East_3': 20, 'E96as_v6_US East_2': 20, 'F16als_v6_US East_2': 20, 'F16als_v6_US East_3': 20, 'F16ams_v6_US East_1': 20, 'F16ams_v6_US East_3': 20, 'F16as_v6_US East_1': 20, 'F16as_v6_US East_3': 20, 'F32als_v6_US East_3': 20, 'F32ams_v6_US East_1': 20, 'F32as_v6_US East_1': 20, 'F48als_v6_US East_2': 20, 'F48ams_v6_US East_2': 20, 'F48as_v6_US East_1': 20, 'F64als_v6_US East_1': 20, 'F64ams_v6_US East_1': 20, 'F64as_v6_US East_1': 20, 'F8als_v6_US East_1': 20, 'F8als_v6_US East_2': 20, 'F8ams_v6_US East_1': 20, 'F8ams_v6_US East_2': 20, 'F8as_v6_US East_2': 20, 'F8as_v6_US East_3': 20, 'M32ls_US East_1': 20, 'M32ls_US East_2': 20, 'M32ls_US East_3': 20, 'M32ts_US East_1': 20, 'M32ts_US East_2': 20, 'M32ts_US East_3': 20, 'M64s_v2_US East_1': 20, 'NV8as_v4_US East_1': 20, 'NV8as_v4_US East_2': 20, 'NV8as_v4_US East_3': 20}"
0.84,972.8646000000005,253161266,260222.50825037697,8880,8863,"{'B16pls_v2_US East_1': 20, 'B16pls_v2_US East_2': 20, 'B16pls_v2_US East_3': 20, 'B16ps_v2_US East_3': 20, 'B8pls_v2_US East_1': 20, 'B8pls_v2_US East_2': 20, 'B8pls_v2_US East_3': 20, 'B8ps_v2_US East_1': 20, 'B8ps_v2_US East_2': 20, 'B8ps_v2_US East_3': 20, 'D16ads_v6_US East_2': 20, 'D16ads_v6_US East_3': 20, 'D16alds_v6_US East_1': 20, 'D16alds_v6_US East_3': 20, 'D16als_v6_US East_1': 20, 'D16als_v6_US East_3': 20, 'D16as_v6_US East_1': 20, 'D16as_v6_US East_2': 20, 'D16pds_v5_US East_1': 20, 'D16plds_v5_US East_2': 20, 'D16plds_v5_US East_3': 20, 'D16pls_v5_US East_2': 20, 'D16pls_v5_US East_3': 20, 'D16ps_v5_US East_3': 20, 'D32ads_v6_US East_1': 20, 'D32ads_v6_US East_3': 20, 'D32alds_v6_US East_1': 20, 'D32alds_v6_US East_3': 20, 'D32als_v6_US East_2': 20, 'D32als_v6_US East_3': 20, 'D32as_v6_US East_1': 20, 'D32as_v6_US East_3': 20, 'D32plds_v5_US East_3': 20, 'D32pls_v5_US East_2': 20, 'D48ads_v6_US East_1': 20, 'D48alds_v6_US East_2': 20, 'D48als_v6_US East_1': 20, 'D48als_v6_US East_3': 20, 'D64ads_v6_US East_2': 20, 'D64alds_v6_US East_3': 20, 'D64als_v6_US East_3': 20, 'D64as_v6_US East_2': 20, 'D8ads_v6_US East_1': 20, 'D8ads_v6_US East_2': 20, 'D8ads_v6_US East_3': 20, 'D8alds_v6_US East_1': 20, 'D8alds_v6_US East_2': 20, 'D8alds_v6_US East_3': 20, 'D8als_v6_US East_1': 20, 'D8als_v6_US East_2': 20, 'D8als_v6_US East_3': 20, 'D8as_v6_US East_1': 20, 'D8as_v6_US East_2': 20, 'D8as_v6_US East_3': 20, 'D8plds_v5_US East_1': 20, 'D8plds_v5_US East_2': 20, 'D8plds_v5_US East_3': 20, 'D8pls_v5_US East_1': 20, 'D8pls_v5_US East_2': 20, 'D8pls_v5_US East_3': 20, 'D8ps_v5_US East_1': 20, 'D8ps_v5_US East_2': 20, 'D8ps_v5_US East_3': 20, 'D96ads_v6_US East_1': 20, 'D96alds_v6_US East_2': 20, 'D96als_v6_US East_2': 20, 'D96as_v6_US East_3': 20, 'E16ads_v6_US East_1': 20, 'E16ads_v6_US East_2': 20, 'E16as_v6_US East_1': 20, 'E16as_v6_US East_2': 20, 'E20ads_v6_US East_2': 20, 'E20ads_v6_US East_3': 20, 'E20as_v6_US East_1': 20, 'E20as_v6_US East_3': 20, 'E32ads_v6_US East_2': 20, 'E32as_v6_US East_2': 20, 'E48ads_v6_US East_3': 20, 'E48as_v6_US East_2': 20, 'E64ads_v6_US East_1': 20, 'E64as_v6_US East_3': 20, 'E8ads_v6_US East_2': 20, 'E8ads_v6_US East_3': 20, 'E8as_v6_US East_1': 20, 'E8as_v6_US East_3': 20, 'E8ps_v5_US East_2': 20, 'E96-24ads_v6_US East_1': 20, 'E96-48ads_v6_US East_2': 20, 'E96ads_v6_US East_3': 20, 'E96as_v6_US East_2': 20, 'F16als_v6_US East_2': 20, 'F16als_v6_US East_3': 20, 'F16ams_v6_US East_1': 20, 'F16ams_v6_US East_3': 20, 'F16as_v6_US East_1': 20, 'F16as_v6_US East_3': 20, 'F32als_v6_US East_3': 20, 'F32ams_v6_US East_1': 20, 'F32as_v6_US East_1': 20, 'F48als_v6_US East_2': 20, 'F48ams_v6_US East_2': 20, 'F48as_v6_US East_1': 20, 'F64als_v6_US East_1': 20, 'F64ams_v6_US East_1': 20, 'F64as_v6_US East_1': 20, 'F8als_v6_US East_1': 20, 'F8als_v6_US East_2': 20, 'F8ams_v6_US East_1': 20, 'F8ams_v6_US East_2': 20, 'F8as_v6_US East_2': 20, 'F8as_v6_US East_3': 20, 'M32dms_v2_US East_1': 20, 'M32dms_v2_US East_2': 20, 'M32dms_v2_US East_3': 20, 'M32ls_US East_1': 20, 'M32ls_US East_2': 20, 'M32ls_US East_3': 20, 'M32ms_v2_US East_1': 20, 'M32ms_v2_US East_2': 20, 'M32ms_v2_US East_3': 20, 'M32ts_US East_1': 20, 'M32ts_US East_2': 20, 'M32ts_US East_3': 20, 'M64s_v2_US East_1': 20, 'NV8as_v4_US East_1': 20, 'NV8as_v4_US East_2': 20, 'NV8as_v4_US East_3': 20}"
0.85,1120.5160400000007,260349539,232347.8914233121,9400,9383,"{'B16pls_v2_US East_1': 20, 'B16pls_v2_US East_2': 20, 'B16pls_v2_US East_3': 20, 'B16ps_v2_US East_3': 20, 'B8pls_v2_US East_1': 20, 'B8pls_v2_US East_2': 20, 'B8pls_v2_US East_3': 20, 'B8ps_v2_US East_1': 20, 'B8ps_v2_US East_2': 20, 'B8ps_v2_US East_3': 20, 'D16ads_v6_US East_2': 20, 'D16ads_v6_US East_3': 20, 'D16alds_v6_US East_1': 20, 'D16alds_v6_US East_3': 20, 'D16als_v6_US East_1': 20, 'D16als_v6_US East_3': 20, 'D16as_v6_US East_1': 20, 'D16as_v6_US East_2': 20, 'D16pds_v5_US East_1': 20, 'D16plds_v5_US East_2': 20, 'D16plds_v5_US East_3': 20, 'D16pls_v5_US East_2': 20, 'D16pls_v5_US East_3': 20, 'D16ps_v5_US East_3': 20, 'D32ads_v6_US East_1': 20, 'D32ads_v6_US East_3': 20, 'D32alds_v6_US East_1': 20, 'D32alds_v6_US East_3': 20, 'D32als_v6_US East_2': 20, 'D32als_v6_US East_3': 20, 'D32as_v6_US East_1': 20, 'D32as_v6_US East_3': 20, 'D32plds_v5_US East_3': 20, 'D32pls_v5_US East_2': 20, 'D48ads_v6_US East_1': 20, 'D48alds_v6_US East_2': 20, 'D48als_v6_US East_1': 20, 'D48als_v6_US East_3': 20, 'D64ads_v6_US East_2': 20, 'D64alds_v6_US East_3': 20, 'D64als_v6_US East_3': 20, 'D64as_v6_US East_2': 20, 'D8ads_v6_US East_1': 20, 'D8ads_v6_US East_2': 20, 'D8ads_v6_US East_3': 20, 'D8alds_v6_US East_1': 20, 'D8alds_v6_US East_2': 20, 'D8alds_v6_US East_3': 20, 'D8als_v6_US East_1': 20, 'D8als_v6_US East_2': 20, 'D8als_v6_US East_3': 20, 'D8as_v6_US East_1': 20, 'D8as_v6_US East_2': 20, 'D8as_v6_US East_3': 20, 'D8plds_v5_US East_1': 20, 'D8plds_v5_US East_2': 20, 'D8plds_v5_US East_3': 20, 'D8pls_v5_US East_1': 20, 'D8pls_v5_US East_2': 20, 'D8pls_v5_US East_3': 20, 'D8ps_v5_US East_1': 20, 'D8ps_v5_US East_2': 20, 'D8ps_v5_US East_3': 20, 'D96ads_v6_US East_1': 20, 'D96alds_v6_US East_2': 20, 'D96als_v6_US East_2': 20, 'D96as_v6_US East_3': 20, 'E16ads_v6_US East_1': 20, 'E16ads_v6_US East_2': 20, 'E16as_v6_US East_1': 20, 'E16as_v6_US East_2': 20, 'E20ads_v6_US East_2': 20, 'E20ads_v6_US East_3': 20, 'E20as_v6_US East_1': 20, 'E20as_v6_US East_3': 20, 'E32ads_v6_US East_2': 20, 'E32as_v6_US East_2': 20, 'E48ads_v6_US East_3': 20, 'E48as_v6_US East_2': 20, 'E64ads_v6_US East_1': 20, 'E64as_v6_US East_3': 20, 'E8ads_v6_US East_2': 20, 'E8ads_v6_US East_3': 20, 'E8as_v6_US East_1': 20, 'E8as_v6_US East_3': 20, 'E8ps_v5_US East_2': 20, 'E96-24ads_v6_US East_1': 20, 'E96-48ads_v6_US East_2': 20, 'E96ads_v6_US East_3': 20, 'E96as_v6_US East_2': 20, 'F16als_v6_US East_2': 20, 'F16als_v6_US East_3': 20, 'F16ams_v6_US East_1': 20, 'F16ams_v6_US East_3': 20, 'F16as_v6_US East_1': 20, 'F16as_v6_US East_3': 20, 'F32als_v6_US East_3': 20, 'F32ams_v6_US East_1': 20, 'F32as_v6_US East_1': 20, 'F48als_v6_US East_2': 20, 'F48ams_v6_US East_2': 20, 'F48as_v6_US East_1': 20, 'F64als_v6_US East_1': 20, 'F64ams_v6_US East_1': 20, 'F64as_v6_US East_1': 20, 'F8als_v6_US East_1': 20, 'F8als_v6_US East_2': 20, 'F8ams_v6_US East_1': 20, 'F8ams_v6_US East_2': 20, 'F8as_v6_US East_2': 20, 'F8as_v6_US East_3': 20, 'M16-8ms_US East_1': 20, 'M16-8ms_US East_2': 20, 'M16-8ms_US East_3': 20, 'M16ms_US East_1': 20, 'M16ms_US East_2': 20, 'M16ms_US East_3': 20, 'M32-8ms_US East_1': 20, 'M32-8ms_US East_3': 20, 'M32dms_v2_US East_1': 20, 'M32dms_v2_US East_2': 20, 'M32dms_v2_US East_3': 20, 'M32ls_US East_1': 20, 'M32ls_US East_2': 20, 'M32ls_US East_3': 20, 'M32ms_v2_US East_1': 20, 'M32ms_v2_US East_2': 20, 'M32ms_v2_US East_3': 20, 'M32ts_US East_1': 20, 'M32ts_US East_2': 20, 'M32ts_US East_3': 20, 'M64s_v2_US East_1': 20, 'M8-4ms_US East_1': 20, 'M8-4ms_US East_2': 20, 'M8-4ms_US East_3': 20, 'M8ms_US East_1': 20, 'M8ms_US East_2': 20, 'M8ms_US East_3': 20, 'NV8as_v4_US East_1': 20, 'NV8as_v4_US East_2': 20, 'NV8as_v4_US East_3': 20}"
0.86,1165.9472800000005,262523868,225159.29605324837,9560,9543,"{'B16pls_v2_US East_1': 20, 'B16pls_v2_US East_2': 20, 'B16pls_v2_US East_3': 20, 'B16ps_v2_US East_3': 20, 'B8pls_v2_US East_1': 20, 'B8pls_v2_US East_2': 20, 'B8pls_v2_US East_3': 20, 'B8ps_v2_US East_1': 20, 'B8ps_v2_US East_2': 20, 'B8ps_v2_US East_3': 20, 'D16ads_v6_US East_2': 20, 'D16ads_v6_US East_3': 20, 'D16alds_v6_US East_1': 20, 'D16alds_v6_US East_3': 20, 'D16als_v6_US East_1': 20, 'D16als_v6_US East_3': 20, 'D16as_v6_US East_1': 20, 'D16as_v6_US East_2': 20, 'D16pds_v5_US East_1': 20, 'D16plds_v5_US East_2': 20, 'D16plds_v5_US East_3': 20, 'D16pls_v5_US East_2': 20, 'D16pls_v5_US East_3': 20, 'D16ps_v5_US East_3': 20, 'D32ads_v6_US East_1': 20, 'D32ads_v6_US East_3': 20, 'D32alds_v6_US East_1': 20, 'D32alds_v6_US East_3': 20, 'D32als_v6_US East_2': 20, 'D32als_v6_US East_3': 20, 'D32as_v6_US East_1': 20, 'D32as_v6_US East_3': 20, 'D32plds_v5_US East_3': 20, 'D32pls_v5_US East_2': 20, 'D48ads_v6_US East_1': 20, 'D48alds_v6_US East_2': 20, 'D48als_v6_US East_1': 20, 'D48als_v6_US East_3': 20, 'D64ads_v6_US East_2': 20, 'D64alds_v6_US East_3': 20, 'D64als_v6_US East_3': 20, 'D64as_v6_US East_2': 20, 'D8ads_v6_US East_1': 20, 'D8ads_v6_US East_2': 20, 'D8ads_v6_US East_3': 20, 'D8alds_v6_US East_1': 20, 'D8alds_v6_US East_2': 20, 'D8alds_v6_US East_3': 20, 'D8als_v6_US East_1': 20, 'D8als_v6_US East_2': 20, 'D8als_v6_US East_3': 20, 'D8as_v6_US East_1': 20, 'D8as_v6_US East_2': 20, 'D8as_v6_US East_3': 20, 'D8plds_v5_US East_1': 20, 'D8plds_v5_US East_2': 20, 'D8plds_v5_US East_3': 20, 'D8pls_v5_US East_1': 20, 'D8pls_v5_US East_2': 20, 'D8pls_v5_US East_3': 20, 'D8ps_v5_US East_1': 20, 'D8ps_v5_US East_2': 20, 'D8ps_v5_US East_3': 20, 'D96ads_v6_US East_1': 20, 'D96alds_v6_US East_2': 20, 'D96als_v6_US East_2': 20, 'D96as_v6_US East_3': 20, 'E16ads_v6_US East_1': 20, 'E16ads_v6_US East_2': 20, 'E16as_v6_US East_1': 20, 'E16as_v6_US East_2': 20, 'E20ads_v6_US East_2': 20, 'E20ads_v6_US East_3': 20, 'E20as_v6_US East_1': 20, 'E20as_v6_US East_3': 20, 'E32ads_v6_US East_2': 20, 'E32as_v6_US East_2': 20, 'E48ads_v6_US East_3': 20, 'E48as_v6_US East_2': 20, 'E64ads_v6_US East_1': 20, 'E64as_v6_US East_3': 20, 'E8ads_v6_US East_2': 20, 'E8ads_v6_US East_3': 20, 'E8as_v6_US East_1': 20, 'E8as_v6_US East_3': 20, 'E8ps_v5_US East_2': 20, 'E96-24ads_v6_US East_1': 20, 'E96-48ads_v6_US East_2': 20, 'E96ads_v6_US East_3': 20, 'E96as_v6_US East_2': 20, 'F16als_v6_US East_2': 20, 'F16als_v6_US East_3': 20, 'F16ams_v6_US East_1': 20, 'F16ams_v6_US East_3': 20, 'F16as_v6_US East_1': 20, 'F16as_v6_US East_3': 20, 'F32als_v6_US East_3': 20, 'F32ams_v6_US East_1': 20, 'F32as_v6_US East_1': 20, 'F48als_v6_US East_2': 20, 'F48ams_v6_US East_2': 20, 'F48as_v6_US East_1': 20, 'F64als_v6_US East_1': 20, 'F64ams_v6_US East_1': 20, 'F64as_v6_US East_1': 20, 'F8als_v6_US East_1': 20, 'F8als_v6_US East_2': 20, 'F8ams_v6_US East_1': 20, 'F8ams_v6_US East_2': 20, 'F8as_v6_US East_2': 20, 'F8as_v6_US East_3': 20, 'M16-8ms_US East_1': 20, 'M16-8ms_US East_2': 20, 'M16-8ms_US East_3': 20, 'M16ms_US East_1': 20, 'M16ms_US East_2': 20, 'M16ms_US East_3': 20, 'M32-8ms_US East_1': 20, 'M32-8ms_US East_3': 20, 'M32dms_v2_US East_1': 20, 'M32dms_v2_US East_2': 20, 'M32dms_v2_US East_3': 20, 'M32ls_US East_1': 20, 'M32ls_US East_2': 20, 'M32ls_US East_3': 20, 'M32ms_US East_2': 20, 'M32ms_US East_3': 20, 'M32ms_v2_US East_1': 20, 'M32ms_v2_US East_2': 20, 'M32ms_v2_US East_3': 20, 'M32ts_US East_1': 20, 'M32ts_US East_2': 20, 'M32ts_US East_3': 20, 'M64s_v2_US East_1': 20, 'M8-4ms_US East_1': 20, 'M8-4ms_US East_2': 20, 'M8-4ms_US East_3': 20, 'M8ms_US East_1': 20, 'M8ms_US East_2': 20, 'M8ms_US East_3': 20, 'NV8as_v4_US East_1': 20, 'NV8as_v4_US East_2': 20, 'NV8as_v4_US East_3': 20}"
0.87,1165.9472800000005,262523868,225159.29605324837,9560,9543,"{'B16pls_v2_US East_1': 20, 'B16pls_v2_US East_2': 20, 'B16pls_v2_US East_3': 20, 'B16ps_v2_US East_3': 20, 'B8pls_v2_US East_1': 20, 'B8pls_v2_US East_2': 20, 'B8pls_v2_US East_3': 20, 'B8ps_v2_US East_1': 20, 'B8ps_v2_US East_2': 20, 'B8ps_v2_US East_3': 20, 'D16ads_v6_US East_2': 20, 'D16ads_v6_US East_3': 20, 'D16alds_v6_US East_1': 20, 'D16alds_v6_US East_3': 20, 'D16als_v6_US East_1': 20, 'D16als_v6_US East_3': 20, 'D16as_v6_US East_1': 20, 'D16as_v6_US East_2': 20, 'D16pds_v5_US East_1': 20, 'D16plds_v5_US East_2': 20, 'D16plds_v5_US East_3': 20, 'D16pls_v5_US East_2': 20, 'D16pls_v5_US East_3': 20, 'D16ps_v5_US East_3': 20, 'D32ads_v6_US East_1': 20, 'D32ads_v6_US East_3': 20, 'D32alds_v6_US East_1': 20, 'D32alds_v6_US East_3': 20, 'D32als_v6_US East_2': 20, 'D32als_v6_US East_3': 20, 'D32as_v6_US East_1': 20, 'D32as_v6_US East_3': 20, 'D32plds_v5_US East_3': 20, 'D32pls_v5_US East_2': 20, 'D48ads_v6_US East_1': 20, 'D48alds_v6_US East_2': 20, 'D48als_v6_US East_1': 20, 'D48als_v6_US East_3': 20, 'D64ads_v6_US East_2': 20, 'D64alds_v6_US East_3': 20, 'D64als_v6_US East_3': 20, 'D64as_v6_US East_2': 20, 'D8ads_v6_US East_1': 20, 'D8ads_v6_US East_2': 20, 'D8ads_v6_US East_3': 20, 'D8alds_v6_US East_1': 20, 'D8alds_v6_US East_2': 20, 'D8alds_v6_US East_3': 20, 'D8als_v6_US East_1': 20, 'D8als_v6_US East_2': 20, 'D8als_v6_US East_3': 20, 'D8as_v6_US East_1': 20, 'D8as_v6_US East_2': 20, 'D8as_v6_US East_3': 20, 'D8plds_v5_US East_1': 20, 'D8plds_v5_US East_2': 20, 'D8plds_v5_US East_3': 20, 'D8pls_v5_US East_1': 20, 'D8pls_v5_US East_2': 20, 'D8pls_v5_US East_3': 20, 'D8ps_v5_US East_1': 20, 'D8ps_v5_US East_2': 20, 'D8ps_v5_US East_3': 20, 'D96ads_v6_US East_1': 20, 'D96alds_v6_US East_2': 20, 'D96als_v6_US East_2': 20, 'D96as_v6_US East_3': 20, 'E16ads_v6_US East_1': 20, 'E16ads_v6_US East_2': 20, 'E16as_v6_US East_1': 20, 'E16as_v6_US East_2': 20, 'E20ads_v6_US East_2': 20, 'E20ads_v6_US East_3': 20, 'E20as_v6_US East_1': 20, 'E20as_v6_US East_3': 20, 'E32ads_v6_US East_2': 20, 'E32as_v6_US East_2': 20, 'E48ads_v6_US East_3': 20, 'E48as_v6_US East_2': 20, 'E64ads_v6_US East_1': 20, 'E64as_v6_US East_3': 20, 'E8ads_v6_US East_2': 20, 'E8ads_v6_US East_3': 20, 'E8as_v6_US East_1': 20, 'E8as_v6_US East_3': 20, 'E8ps_v5_US East_2': 20, 'E96-24ads_v6_US East_1': 20, 'E96-48ads_v6_US East_2': 20, 'E96ads_v6_US East_3': 20, 'E96as_v6_US East_2': 20, 'F16als_v6_US East_2': 20, 'F16als_v6_US East_3': 20, 'F16ams_v6_US East_1': 20, 'F16ams_v6_US East_3': 20, 'F16as_v6_US East_1': 20, 'F16as_v6_US East_3': 20, 'F32als_v6_US East_3': 20, 'F32ams_v6_US East_1': 20, 'F32as_v6_US East_1': 20, 'F48als_v6_US East_2': 20, 'F48ams_v6_US East_2': 20, 'F48as_v6_US East_1': 20, 'F64als_v6_US East_1': 20, 'F64ams_v6_US East_1': 20, 'F64as_v6_US East_1': 20, 'F8als_v6_US East_1': 20, 'F8als_v6_US East_2': 20, 'F8ams_v6_US East_1': 20, 'F8ams_v6_US East_2': 20, 'F8as_v6_US East_2': 20, 'F8as_v6_US East_3': 20, 'M16-8ms_US East_1': 20, 'M16-8ms_US East_2': 20, 'M16-8ms_US East_3': 20, 'M16ms_US East_1': 20, 'M16ms_US East_2': 20, 'M16ms_US East_3': 20, 'M32-8ms_US East_1': 20, 'M32-8ms_US East_3': 20, 'M32dms_v2_US East_1': 20, 'M32dms_v2_US East_2': 20, 'M32dms_v2_US East_3': 20, 'M32ls_US East_1': 20, 'M32ls_US East_2': 20, 'M32ls_US East_3': 20, 'M32ms_US East_2': 20, 'M32ms_US East_3': 20, 'M32ms_v2_US East_1': 20, 'M32ms_v2_US East_2': 20, 'M32ms_v2_US East_3': 20, 'M32ts_US East_1': 20, 'M32ts_US East_2': 20, 'M32ts_US East_3': 20, 'M64s_v2_US East_1': 20, 'M8-4ms_US East_1': 20, 'M8-4ms_US East_2': 20, 'M8-4ms_US East_3': 20, 'M8ms_US East_1': 20, 'M8ms_US East_2': 20, 'M8ms_US East_3': 20, 'NV8as_v4_US East_1': 20, 'NV8as_v4_US East_2': 20, 'NV8as_v4_US East_3': 20}"
0.88,1165.9472800000005,262523868,225159.29605324837,9560,9543,"{'B16pls_v2_US East_1': 20, 'B16pls_v2_US East_2': 20, 'B16pls_v2_US East_3': 20, 'B16ps_v2_US East_3': 20, 'B8pls_v2_US East_1': 20, 'B8pls_v2_US East_2': 20, 'B8pls_v2_US East_3': 20, 'B8ps_v2_US East_1': 20, 'B8ps_v2_US East_2': 20, 'B8ps_v2_US East_3': 20, 'D16ads_v6_US East_2': 20, 'D16ads_v6_US East_3': 20, 'D16alds_v6_US East_1': 20, 'D16alds_v6_US East_3': 20, 'D16als_v6_US East_1': 20, 'D16als_v6_US East_3': 20, 'D16as_v6_US East_1': 20, 'D16as_v6_US East_2': 20, 'D16pds_v5_US East_1': 20, 'D16plds_v5_US East_2': 20, 'D16plds_v5_US East_3': 20, 'D16pls_v5_US East_2': 20, 'D16pls_v5_US East_3': 20, 'D16ps_v5_US East_3': 20, 'D32ads_v6_US East_1': 20, 'D32ads_v6_US East_3': 20, 'D32alds_v6_US East_1': 20, 'D32alds_v6_US East_3': 20, 'D32als_v6_US East_2': 20, 'D32als_v6_US East_3': 20, 'D32as_v6_US East_1': 20, 'D32as_v6_US East_3': 20, 'D32plds_v5_US East_3': 20, 'D32pls_v5_US East_2': 20, 'D48ads_v6_US East_1': 20, 'D48alds_v6_US East_2': 20, 'D48als_v6_US East_1': 20, 'D48als_v6_US East_3': 20, 'D64ads_v6_US East_2': 20, 'D64alds_v6_US East_3': 20, 'D64als_v6_US East_3': 20, 'D64as_v6_US East_2': 20, 'D8ads_v6_US East_1': 20, 'D8ads_v6_US East_2': 20, 'D8ads_v6_US East_3': 20, 'D8alds_v6_US East_1': 20, 'D8alds_v6_US East_2': 20, 'D8alds_v6_US East_3': 20, 'D8als_v6_US East_1': 20, 'D8als_v6_US East_2': 20, 'D8als_v6_US East_3': 20, 'D8as_v6_US East_1': 20, 'D8as_v6_US East_2': 20, 'D8as_v6_US East_3': 20, 'D8plds_v5_US East_1': 20, 'D8plds_v5_US East_2': 20, 'D8plds_v5_US East_3': 20, 'D8pls_v5_US East_1': 20, 'D8pls_v5_US East_2': 20, 'D8pls_v5_US East_3': 20, 'D8ps_v5_US East_1': 20, 'D8ps_v5_US East_2': 20, 'D8ps_v5_US East_3': 20, 'D96ads_v6_US East_1': 20, 'D96alds_v6_US East_2': 20, 'D96als_v6_US East_2': 20, 'D96as_v6_US East_3': 20, 'E16ads_v6_US East_1': 20, 'E16ads_v6_US East_2': 20, 'E16as_v6_US East_1': 20, 'E16as_v6_US East_2': 20, 'E20ads_v6_US East_2': 20, 'E20ads_v6_US East_3': 20, 'E20as_v6_US East_1': 20, 'E20as_v6_US East_3': 20, 'E32ads_v6_US East_2': 20, 'E32as_v6_US East_2': 20, 'E48ads_v6_US East_3': 20, 'E48as_v6_US East_2': 20, 'E64ads_v6_US East_1': 20, 'E64as_v6_US East_3': 20, 'E8ads_v6_US East_2': 20, 'E8ads_v6_US East_3': 20, 'E8as_v6_US East_1': 20, 'E8as_v6_US East_3': 20, 'E8ps_v5_US East_2': 20, 'E96-24ads_v6_US East_1': 20, 'E96-48ads_v6_US East_2': 20, 'E96ads_v6_US East_3': 20, 'E96as_v6_US East_2': 20, 'F16als_v6_US East_2': 20, 'F16als_v6_US East_3': 20, 'F16ams_v6_US East_1': 20, 'F16ams_v6_US East_3': 20, 'F16as_v6_US East_1': 20, 'F16as_v6_US East_3': 20, 'F32als_v6_US East_3': 20, 'F32ams_v6_US East_1': 20, 'F32as_v6_US East_1': 20, 'F48als_v6_US East_2': 20, 'F48ams_v6_US East_2': 20, 'F48as_v6_US East_1': 20, 'F64als_v6_US East_1': 20, 'F64ams_v6_US East_1': 20, 'F64as_v6_US East_1': 20, 'F8als_v6_US East_1': 20, 'F8als_v6_US East_2': 20, 'F8ams_v6_US East_1': 20, 'F8ams_v6_US East_2': 20, 'F8as_v6_US East_2': 20, 'F8as_v6_US East_3': 20, 'M16-8ms_US East_1': 20, 'M16-8ms_US East_2': 20, 'M16-8ms_US East_3': 20, 'M16ms_US East_1': 20, 'M16ms_US East_2': 20, 'M16ms_US East_3': 20, 'M32-8ms_US East_1': 20, 'M32-8ms_US East_3': 20, 'M32dms_v2_US East_1': 20, 'M32dms_v2_US East_2': 20, 'M32dms_v2_US East_3': 20, 'M32ls_US East_1': 20, 'M32ls_US East_2': 20, 'M32ls_US East_3': 20, 'M32ms_US East_2': 20, 'M32ms_US East_3': 20, 'M32ms_v2_US East_1': 20, 'M32ms_v2_US East_2': 20, 'M32ms_v2_US East_3': 20, 'M32ts_US East_1': 20, 'M32ts_US East_2': 20, 'M32ts_US East_3': 20, 'M64s_v2_US East_1': 20, 'M8-4ms_US East_1': 20, 'M8-4ms_US East_2': 20, 'M8-4ms_US East_3': 20, 'M8ms_US East_1': 20, 'M8ms_US East_2': 20, 'M8ms_US East_3': 20, 'NV8as_v4_US East_1': 20, 'NV8as_v4_US East_2': 20, 'NV8as_v4_US East_3': 20}"
0.89,1165.9472800000005,262523868,225159.29605324837,9560,9543,"{'B16pls_v2_US East_1': 20, 'B16pls_v2_US East_2': 20, 'B16pls_v2_US East_3': 20, 'B16ps_v2_US East_3': 20, 'B8pls_v2_US East_1': 20, 'B8pls_v2_US East_2': 20, 'B8pls_v2_US East_3': 20, 'B8ps_v2_US East_1': 20, 'B8ps_v2_US East_2': 20, 'B8ps_v2_US East_3': 20, 'D16ads_v6_US East_2': 20, 'D16ads_v6_US East_3': 20, 'D16alds_v6_US East_1': 20, 'D16alds_v6_US East_3': 20, 'D16als_v6_US East_1': 20, 'D16als_v6_US East_3': 20, 'D16as_v6_US East_1': 20, 'D16as_v6_US East_2': 20, 'D16pds_v5_US East_1': 20, 'D16plds_v5_US East_2': 20, 'D16plds_v5_US East_3': 20, 'D16pls_v5_US East_2': 20, 'D16pls_v5_US East_3': 20, 'D16ps_v5_US East_3': 20, 'D32ads_v6_US East_1': 20, 'D32ads_v6_US East_3': 20, 'D32alds_v6_US East_1': 20, 'D32alds_v6_US East_3': 20, 'D32als_v6_US East_2': 20, 'D32als_v6_US East_3': 20, 'D32as_v6_US East_1': 20, 'D32as_v6_US East_3': 20, 'D32plds_v5_US East_3': 20, 'D32pls_v5_US East_2': 20, 'D48ads_v6_US East_1': 20, 'D48alds_v6_US East_2': 20, 'D48als_v6_US East_1': 20, 'D48als_v6_US East_3': 20, 'D64ads_v6_US East_2': 20, 'D64alds_v6_US East_3': 20, 'D64als_v6_US East_3': 20, 'D64as_v6_US East_2': 20, 'D8ads_v6_US East_1': 20, 'D8ads_v6_US East_2': 20, 'D8ads_v6_US East_3': 20, 'D8alds_v6_US East_1': 20, 'D8alds_v6_US East_2': 20, 'D8alds_v6_US East_3': 20, 'D8als_v6_US East_1': 20, 'D8als_v6_US East_2': 20, 'D8als_v6_US East_3': 20, 'D8as_v6_US East_1': 20, 'D8as_v6_US East_2': 20, 'D8as_v6_US East_3': 20, 'D8plds_v5_US East_1': 20, 'D8plds_v5_US East_2': 20, 'D8plds_v5_US East_3': 20, 'D8pls_v5_US East_1': 20, 'D8pls_v5_US East_2': 20, 'D8pls_v5_US East_3': 20, 'D8ps_v5_US East_1': 20, 'D8ps_v5_US East_2': 20, 'D8ps_v5_US East_3': 20, 'D96ads_v6_US East_1': 20, 'D96alds_v6_US East_2': 20, 'D96als_v6_US East_2': 20, 'D96as_v6_US East_3': 20, 'E16ads_v6_US East_1': 20, 'E16ads_v6_US East_2': 20, 'E16as_v6_US East_1': 20, 'E16as_v6_US East_2': 20, 'E20ads_v6_US East_2': 20, 'E20ads_v6_US East_3': 20, 'E20as_v6_US East_1': 20, 'E20as_v6_US East_3': 20, 'E32ads_v6_US East_2': 20, 'E32as_v6_US East_2': 20, 'E48ads_v6_US East_3': 20, 'E48as_v6_US East_2': 20, 'E64ads_v6_US East_1': 20, 'E64as_v6_US East_3': 20, 'E8ads_v6_US East_2': 20, 'E8ads_v6_US East_3': 20, 'E8as_v6_US East_1': 20, 'E8as_v6_US East_3': 20, 'E8ps_v5_US East_2': 20, 'E96-24ads_v6_US East_1': 20, 'E96-48ads_v6_US East_2': 20, 'E96ads_v6_US East_3': 20, 'E96as_v6_US East_2': 20, 'F16als_v6_US East_2': 20, 'F16als_v6_US East_3': 20, 'F16ams_v6_US East_1': 20, 'F16ams_v6_US East_3': 20, 'F16as_v6_US East_1': 20, 'F16as_v6_US East_3': 20, 'F32als_v6_US East_3': 20, 'F32ams_v6_US East_1': 20, 'F32as_v6_US East_1': 20, 'F48als_v6_US East_2': 20, 'F48ams_v6_US East_2': 20, 'F48as_v6_US East_1': 20, 'F64als_v6_US East_1': 20, 'F64ams_v6_US East_1': 20, 'F64as_v6_US East_1': 20, 'F8als_v6_US East_1': 20, 'F8als_v6_US East_2': 20, 'F8ams_v6_US East_1': 20, 'F8ams_v6_US East_2': 20, 'F8as_v6_US East_2': 20, 'F8as_v6_US East_3': 20, 'M16-8ms_US East_1': 20, 'M16-8ms_US East_2': 20, 'M16-8ms_US East_3': 20, 'M16ms_US East_1': 20, 'M16ms_US East_2': 20, 'M16ms_US East_3': 20, 'M32-8ms_US East_1': 20, 'M32-8ms_US East_3': 20, 'M32dms_v2_US East_1': 20, 'M32dms_v2_US East_2': 20, 'M32dms_v2_US East_3': 20, 'M32ls_US East_1': 20, 'M32ls_US East_2': 20, 'M32ls_US East_3': 20, 'M32ms_US East_2': 20, 'M32ms_US East_3': 20, 'M32ms_v2_US East_1': 20, 'M32ms_v2_US East_2': 20, 'M32ms_v2_US East_3': 20, 'M32ts_US East_1': 20, 'M32ts_US East_2': 20, 'M32ts_US East_3': 20, 'M64s_v2_US East_1': 20, 'M8-4ms_US East_1': 20, 'M8-4ms_US East_2': 20, 'M8-4ms_US East_3': 20, 'M8ms_US East_1': 20, 'M8ms_US East_2': 20, 'M8ms_US East_3': 20, 'NV8as_v4_US East_1': 20, 'NV8as_v4_US East_2': 20, 'NV8as_v4_US East_3': 20}"
0.9,1165.9472800000005,262523868,225159.29605324837,9560,9543,"{'B16pls_v2_US East_1': 20, 'B16pls_v2_US East_2': 20, 'B16pls_v2_US East_3': 20, 'B16ps_v2_US East_3': 20, 'B8pls_v2_US East_1': 20, 'B8pls_v2_US East_2': 20, 'B8pls_v2_US East_3': 20, 'B8ps_v2_US East_1': 20, 'B8ps_v2_US East_2': 20, 'B8ps_v2_US East_3': 20, 'D16ads_v6_US East_2': 20, 'D16ads_v6_US East_3': 20, 'D16alds_v6_US East_1': 20, 'D16alds_v6_US East_3': 20, 'D16als_v6_US East_1': 20, 'D16als_v6_US East_3': 20, 'D16as_v6_US East_1': 20, 'D16as_v6_US East_2': 20, 'D16pds_v5_US East_1': 20, 'D16plds_v5_US East_2': 20, 'D16plds_v5_US East_3': 20, 'D16pls_v5_US East_2': 20, 'D16pls_v5_US East_3': 20, 'D16ps_v5_US East_3': 20, 'D32ads_v6_US East_1': 20, 'D32ads_v6_US East_3': 20, 'D32alds_v6_US East_1': 20, 'D32alds_v6_US East_3': 20, 'D32als_v6_US East_2': 20, 'D32als_v6_US East_3': 20, 'D32as_v6_US East_1': 20, 'D32as_v6_US East_3': 20, 'D32plds_v5_US East_3': 20, 'D32pls_v5_US East_2': 20, 'D48ads_v6_US East_1': 20, 'D48alds_v6_US East_2': 20, 'D48als_v6_US East_1': 20, 'D48als_v6_US East_3': 20, 'D64ads_v6_US East_2': 20, 'D64alds_v6_US East_3': 20, 'D64als_v6_US East_3': 20, 'D64as_v6_US East_2': 20, 'D8ads_v6_US East_1': 20, 'D8ads_v6_US East_2': 20, 'D8ads_v6_US East_3': 20, 'D8alds_v6_US East_1': 20, 'D8alds_v6_US East_2': 20, 'D8alds_v6_US East_3': 20, 'D8als_v6_US East_1': 20, 'D8als_v6_US East_2': 20, 'D8als_v6_US East_3': 20, 'D8as_v6_US East_1': 20, 'D8as_v6_US East_2': 20, 'D8as_v6_US East_3': 20, 'D8plds_v5_US East_1': 20, 'D8plds_v5_US East_2': 20, 'D8plds_v5_US East_3': 20, 'D8pls_v5_US East_1': 20, 'D8pls_v5_US East_2': 20, 'D8pls_v5_US East_3': 20, 'D8ps_v5_US East_1': 20, 'D8ps_v5_US East_2': 20, 'D8ps_v5_US East_3': 20, 'D96ads_v6_US East_1': 20, 'D96alds_v6_US East_2': 20, 'D96als_v6_US East_2': 20, 'D96as_v6_US East_3': 20, 'E16ads_v6_US East_1': 20, 'E16ads_v6_US East_2': 20, 'E16as_v6_US East_1': 20, 'E16as_v6_US East_2': 20, 'E20ads_v6_US East_2': 20, 'E20ads_v6_US East_3': 20, 'E20as_v6_US East_1': 20, 'E20as_v6_US East_3': 20, 'E32ads_v6_US East_2': 20, 'E32as_v6_US East_2': 20, 'E48ads_v6_US East_3': 20, 'E48as_v6_US East_2': 20, 'E64ads_v6_US East_1': 20, 'E64as_v6_US East_3': 20, 'E8ads_v6_US East_2': 20, 'E8ads_v6_US East_3': 20, 'E8as_v6_US East_1': 20, 'E8as_v6_US East_3': 20, 'E8ps_v5_US East_2': 20, 'E96-24ads_v6_US East_1': 20, 'E96-48ads_v6_US East_2': 20, 'E96ads_v6_US East_3': 20, 'E96as_v6_US East_2': 20, 'F16als_v6_US East_2': 20, 'F16als_v6_US East_3': 20, 'F16ams_v6_US East_1': 20, 'F16ams_v6_US East_3': 20, 'F16as_v6_US East_1': 20, 'F16as_v6_US East_3': 20, 'F32als_v6_US East_3': 20, 'F32ams_v6_US East_1': 20, 'F32as_v6_US East_1': 20, 'F48als_v6_US East_2': 20, 'F48ams_v6_US East_2': 20, 'F48as_v6_US East_1': 20, 'F64als_v6_US East_1': 20, 'F64ams_v6_US East_1': 20, 'F64as_v6_US East_1': 20, 'F8als_v6_US East_1': 20, 'F8als_v6_US East_2': 20, 'F8ams_v6_US East_1': 20, 'F8ams_v6_US East_2': 20, 'F8as_v6_US East_2': 20, 'F8as_v6_US East_3': 20, 'M16-8ms_US East_1': 20, 'M16-8ms_US East_2': 20, 'M16-8ms_US East_3': 20, 'M16ms_US East_1': 20, 'M16ms_US East_2': 20, 'M16ms_US East_3': 20, 'M32-8ms_US East_1': 20, 'M32-8ms_US East_3': 20, 'M32dms_v2_US East_1': 20, 'M32dms_v2_US East_2': 20, 'M32dms_v2_US East_3': 20, 'M32ls_US East_1': 20, 'M32ls_US East_2': 20, 'M32ls_US East_3': 20, 'M32ms_US East_2': 20, 'M32ms_US East_3': 20, 'M32ms_v2_US East_1': 20, 'M32ms_v2_US East_2': 20, 'M32ms_v2_US East_3': 20, 'M32ts_US East_1': 20, 'M32ts_US East_2': 20, 'M32ts_US East_3': 20, 'M64s_v2_US East_1': 20, 'M8-4ms_US East_1': 20, 'M8-4ms_US East_2': 20, 'M8-4ms_US East_3': 20, 'M8ms_US East_1': 20, 'M8ms_US East_2': 20, 'M8ms_US East_3': 20, 'NV8as_v4_US East_1': 20, 'NV8as_v4_US East_2': 20, 'NV8as_v4_US East_3': 20}"
0.91,1165.9472800000005,262523868,225159.29605324837,9560,9543,"{'B16pls_v2_US East_1': 20, 'B16pls_v2_US East_2': 20, 'B16pls_v2_US East_3': 20, 'B16ps_v2_US East_3': 20, 'B8pls_v2_US East_1': 20, 'B8pls_v2_US East_2': 20, 'B8pls_v2_US East_3': 20, 'B8ps_v2_US East_1': 20, 'B8ps_v2_US East_2': 20, 'B8ps_v2_US East_3': 20, 'D16ads_v6_US East_2': 20, 'D16ads_v6_US East_3': 20, 'D16alds_v6_US East_1': 20, 'D16alds_v6_US East_3': 20, 'D16als_v6_US East_1': 20, 'D16als_v6_US East_3': 20, 'D16as_v6_US East_1': 20, 'D16as_v6_US East_2': 20, 'D16pds_v5_US East_1': 20, 'D16plds_v5_US East_2': 20, 'D16plds_v5_US East_3': 20, 'D16pls_v5_US East_2': 20, 'D16pls_v5_US East_3': 20, 'D16ps_v5_US East_3': 20, 'D32ads_v6_US East_1': 20, 'D32ads_v6_US East_3': 20, 'D32alds_v6_US East_1': 20, 'D32alds_v6_US East_3': 20, 'D32als_v6_US East_2': 20, 'D32als_v6_US East_3': 20, 'D32as_v6_US East_1': 20, 'D32as_v6_US East_3': 20, 'D32plds_v5_US East_3': 20, 'D32pls_v5_US East_2': 20, 'D48ads_v6_US East_1': 20, 'D48alds_v6_US East_2': 20, 'D48als_v6_US East_1': 20, 'D48als_v6_US East_3': 20, 'D64ads_v6_US East_2': 20, 'D64alds_v6_US East_3': 20, 'D64als_v6_US East_3': 20, 'D64as_v6_US East_2': 20, 'D8ads_v6_US East_1': 20, 'D8ads_v6_US East_2': 20, 'D8ads_v6_US East_3': 20, 'D8alds_v6_US East_1': 20, 'D8alds_v6_US East_2': 20, 'D8alds_v6_US East_3': 20, 'D8als_v6_US East_1': 20, 'D8als_v6_US East_2': 20, 'D8als_v6_US East_3': 20, 'D8as_v6_US East_1': 20, 'D8as_v6_US East_2': 20, 'D8as_v6_US East_3': 20, 'D8plds_v5_US East_1': 20, 'D8plds_v5_US East_2': 20, 'D8plds_v5_US East_3': 20, 'D8pls_v5_US East_1': 20, 'D8pls_v5_US East_2': 20, 'D8pls_v5_US East_3': 20, 'D8ps_v5_US East_1': 20, 'D8ps_v5_US East_2': 20, 'D8ps_v5_US East_3': 20, 'D96ads_v6_US East_1': 20, 'D96alds_v6_US East_2': 20, 'D96als_v6_US East_2': 20, 'D96as_v6_US East_3': 20, 'E16ads_v6_US East_1': 20, 'E16ads_v6_US East_2': 20, 'E16as_v6_US East_1': 20, 'E16as_v6_US East_2': 20, 'E20ads_v6_US East_2': 20, 'E20ads_v6_US East_3': 20, 'E20as_v6_US East_1': 20, 'E20as_v6_US East_3': 20, 'E32ads_v6_US East_2': 20, 'E32as_v6_US East_2': 20, 'E48ads_v6_US East_3': 20, 'E48as_v6_US East_2': 20, 'E64ads_v6_US East_1': 20, 'E64as_v6_US East_3': 20, 'E8ads_v6_US East_2': 20, 'E8ads_v6_US East_3': 20, 'E8as_v6_US East_1': 20, 'E8as_v6_US East_3': 20, 'E8ps_v5_US East_2': 20, 'E96-24ads_v6_US East_1': 20, 'E96-48ads_v6_US East_2': 20, 'E96ads_v6_US East_3': 20, 'E96as_v6_US East_2': 20, 'F16als_v6_US East_2': 20, 'F16als_v6_US East_3': 20, 'F16ams_v6_US East_1': 20, 'F16ams_v6_US East_3': 20, 'F16as_v6_US East_1': 20, 'F16as_v6_US East_3': 20, 'F32als_v6_US East_3': 20, 'F32ams_v6_US East_1': 20, 'F32as_v6_US East_1': 20, 'F48als_v6_US East_2': 20, 'F48ams_v6_US East_2': 20, 'F48as_v6_US East_1': 20, 'F64als_v6_US East_1': 20, 'F64ams_v6_US East_1': 20, 'F64as_v6_US East_1': 20, 'F8als_v6_US East_1': 20, 'F8als_v6_US East_2': 20, 'F8ams_v6_US East_1': 20, 'F8ams_v6_US East_2': 20, 'F8as_v6_US East_2': 20, 'F8as_v6_US East_3': 20, 'M16-8ms_US East_1': 20, 'M16-8ms_US East_2': 20, 'M16-8ms_US East_3': 20, 'M16ms_US East_1': 20, 'M16ms_US East_2': 20, 'M16ms_US East_3': 20, 'M32-8ms_US East_1': 20, 'M32-8ms_US East_3': 20, 'M32dms_v2_US East_1': 20, 'M32dms_v2_US East_2': 20, 'M32dms_v2_US East_3': 20, 'M32ls_US East_1': 20, 'M32ls_US East_2': 20, 'M32ls_US East_3': 20, 'M32ms_US East_2': 20, 'M32ms_US East_3': 20, 'M32ms_v2_US East_1': 20, 'M32ms_v2_US East_2': 20, 'M32ms_v2_US East_3': 20, 'M32ts_US East_1': 20, 'M32ts_US East_2': 20, 'M32ts_US East_3': 20, 'M64s_v2_US East_1': 20, 'M8-4ms_US East_1': 20, 'M8-4ms_US East_2': 20, 'M8-4ms_US East_3': 20, 'M8ms_US East_1': 20, 'M8ms_US East_2': 20, 'M8ms_US East_3': 20, 'NV8as_v4_US East_1': 20, 'NV8as_v4_US East_2': 20, 'NV8as_v4_US East_3': 20}"
0.92,1211.3785200000004,263626343,217625.0772549605,9640,9623,"{'B16pls_v2_US East_1': 20, 'B16pls_v2_US East_2': 20, 'B16pls_v2_US East_3': 20, 'B16ps_v2_US East_3': 20, 'B8pls_v2_US East_1': 20, 'B8pls_v2_US East_2': 20, 'B8pls_v2_US East_3': 20, 'B8ps_v2_US East_1': 20, 'B8ps_v2_US East_2': 20, 'B8ps_v2_US East_3': 20, 'D16ads_v6_US East_2': 20, 'D16ads_v6_US East_3': 20, 'D16alds_v6_US East_1': 20, 'D16alds_v6_US East_3': 20, 'D16als_v6_US East_1': 20, 'D16als_v6_US East_3': 20, 'D16as_v6_US East_1': 20, 'D16as_v6_US East_2': 20, 'D16pds_v5_US East_1': 20, 'D16plds_v5_US East_2': 20, 'D16plds_v5_US East_3': 20, 'D16pls_v5_US East_2': 20, 'D16pls_v5_US East_3': 20, 'D16ps_v5_US East_3': 20, 'D32ads_v6_US East_1': 20, 'D32ads_v6_US East_3': 20, 'D32alds_v6_US East_1': 20, 'D32alds_v6_US East_3': 20, 'D32als_v6_US East_2': 20, 'D32als_v6_US East_3': 20, 'D32as_v6_US East_1': 20, 'D32as_v6_US East_3': 20, 'D32plds_v5_US East_3': 20, 'D32pls_v5_US East_2': 20, 'D48ads_v6_US East_1': 20, 'D48alds_v6_US East_2': 20, 'D48als_v6_US East_1': 20, 'D48als_v6_US East_3': 20, 'D64ads_v6_US East_2': 20, 'D64alds_v6_US East_3': 20, 'D64als_v6_US East_3': 20, 'D64as_v6_US East_2': 20, 'D8ads_v6_US East_1': 20, 'D8ads_v6_US East_2': 20, 'D8ads_v6_US East_3': 20, 'D8alds_v6_US East_1': 20, 'D8alds_v6_US East_2': 20, 'D8alds_v6_US East_3': 20, 'D8als_v6_US East_1': 20, 'D8als_v6_US East_2': 20, 'D8als_v6_US East_3': 20, 'D8as_v6_US East_1': 20, 'D8as_v6_US East_2': 20, 'D8as_v6_US East_3': 20, 'D8plds_v5_US East_1': 20, 'D8plds_v5_US East_2': 20, 'D8plds_v5_US East_3': 20, 'D8pls_v5_US East_1': 20, 'D8pls_v5_US East_2': 20, 'D8pls_v5_US East_3': 20, 'D8ps_v5_US East_1': 20, 'D8ps_v5_US East_2': 20, 'D8ps_v5_US East_3': 20, 'D96ads_v6_US East_1': 20, 'D96alds_v6_US East_2': 20, 'D96als_v6_US East_2': 20, 'D96as_v6_US East_3': 20, 'E16ads_v6_US East_1': 20, 'E16ads_v6_US East_2': 20, 'E16as_v6_US East_1': 20, 'E16as_v6_US East_2': 20, 'E20ads_v6_US East_2': 20, 'E20ads_v6_US East_3': 20, 'E20as_v6_US East_1': 20, 'E20as_v6_US East_3': 20, 'E32ads_v6_US East_2': 20, 'E32as_v6_US East_2': 20, 'E48ads_v6_US East_3': 20, 'E48as_v6_US East_2': 20, 'E64ads_v6_US East_1': 20, 'E64as_v6_US East_3': 20, 'E8ads_v6_US East_2': 20, 'E8ads_v6_US East_3': 20, 'E8as_v6_US East_1': 20, 'E8as_v6_US East_3': 20, 'E8ps_v5_US East_2': 20, 'E96-24ads_v6_US East_1': 20, 'E96-48ads_v6_US East_2': 20, 'E96ads_v6_US East_3': 20, 'E96as_v6_US East_2': 20, 'F16als_v6_US East_2': 20, 'F16als_v6_US East_3': 20, 'F16ams_v6_US East_1': 20, 'F16ams_v6_US East_3': 20, 'F16as_v6_US East_1': 20, 'F16as_v6_US East_3': 20, 'F32als_v6_US East_3': 20, 'F32ams_v6_US East_1': 20, 'F32as_v6_US East_1': 20, 'F48als_v6_US East_2': 20, 'F48ams_v6_US East_2': 20, 'F48as_v6_US East_1': 20, 'F64als_v6_US East_1': 20, 'F64ams_v6_US East_1': 20, 'F64as_v6_US East_1': 20, 'F8als_v6_US East_1': 20, 'F8als_v6_US East_2': 20, 'F8ams_v6_US East_1': 20, 'F8ams_v6_US East_2': 20, 'F8as_v6_US East_2': 20, 'F8as_v6_US East_3': 20, 'M16-8ms_US East_1': 20, 'M16-8ms_US East_2': 20, 'M16-8ms_US East_3': 20, 'M16ms_US East_1': 20, 'M16ms_US East_2': 20, 'M16ms_US East_3': 20, 'M32-16ms_US East_1': 20, 'M32-16ms_US East_3': 20, 'M32-8ms_US East_1': 20, 'M32-8ms_US East_3': 20, 'M32dms_v2_US East_1': 20, 'M32dms_v2_US East_2': 20, 'M32dms_v2_US East_3': 20, 'M32ls_US East_1': 20, 'M32ls_US East_2': 20, 'M32ls_US East_3': 20, 'M32ms_US East_2': 20, 'M32ms_US East_3': 20, 'M32ms_v2_US East_1': 20, 'M32ms_v2_US East_2': 20, 'M32ms_v2_US East_3': 20, 'M32ts_US East_1': 20, 'M32ts_US East_2': 20, 'M32ts_US East_3': 20, 'M64s_v2_US East_1': 20, 'M8-4ms_US East_1': 20, 'M8-4ms_US East_2': 20, 'M8-4ms_US East_3': 20, 'M8ms_US East_1': 20, 'M8ms_US East_2': 20, 'M8ms_US East_3': 20, 'NV8as_v4_US East_1': 20, 'NV8as_v4_US East_2': 20, 'NV8as_v4_US East_3': 20}"
0.93,1211.3785200000004,263626343,217625.0772549605,9640,9623,"{'B16pls_v2_US East_1': 20, 'B16pls_v2_US East_2': 20, 'B16pls_v2_US East_3': 20, 'B16ps_v2_US East_3': 20, 'B8pls_v2_US East_1': 20, 'B8pls_v2_US East_2': 20, 'B8pls_v2_US East_3': 20, 'B8ps_v2_US East_1': 20, 'B8ps_v2_US East_2': 20, 'B8ps_v2_US East_3': 20, 'D16ads_v6_US East_2': 20, 'D16ads_v6_US East_3': 20, 'D16alds_v6_US East_1': 20, 'D16alds_v6_US East_3': 20, 'D16als_v6_US East_1': 20, 'D16als_v6_US East_3': 20, 'D16as_v6_US East_1': 20, 'D16as_v6_US East_2': 20, 'D16pds_v5_US East_1': 20, 'D16plds_v5_US East_2': 20, 'D16plds_v5_US East_3': 20, 'D16pls_v5_US East_2': 20, 'D16pls_v5_US East_3': 20, 'D16ps_v5_US East_3': 20, 'D32ads_v6_US East_1': 20, 'D32ads_v6_US East_3': 20, 'D32alds_v6_US East_1': 20, 'D32alds_v6_US East_3': 20, 'D32als_v6_US East_2': 20, 'D32als_v6_US East_3': 20, 'D32as_v6_US East_1': 20, 'D32as_v6_US East_3': 20, 'D32plds_v5_US East_3': 20, 'D32pls_v5_US East_2': 20, 'D48ads_v6_US East_1': 20, 'D48alds_v6_US East_2': 20, 'D48als_v6_US East_1': 20, 'D48als_v6_US East_3': 20, 'D64ads_v6_US East_2': 20, 'D64alds_v6_US East_3': 20, 'D64als_v6_US East_3': 20, 'D64as_v6_US East_2': 20, 'D8ads_v6_US East_1': 20, 'D8ads_v6_US East_2': 20, 'D8ads_v6_US East_3': 20, 'D8alds_v6_US East_1': 20, 'D8alds_v6_US East_2': 20, 'D8alds_v6_US East_3': 20, 'D8als_v6_US East_1': 20, 'D8als_v6_US East_2': 20, 'D8als_v6_US East_3': 20, 'D8as_v6_US East_1': 20, 'D8as_v6_US East_2': 20, 'D8as_v6_US East_3': 20, 'D8plds_v5_US East_1': 20, 'D8plds_v5_US East_2': 20, 'D8plds_v5_US East_3': 20, 'D8pls_v5_US East_1': 20, 'D8pls_v5_US East_2': 20, 'D8pls_v5_US East_3': 20, 'D8ps_v5_US East_1': 20, 'D8ps_v5_US East_2': 20, 'D8ps_v5_US East_3': 20, 'D96ads_v6_US East_1': 20, 'D96alds_v6_US East_2': 20, 'D96als_v6_US East_2': 20, 'D96as_v6_US East_3': 20, 'E16ads_v6_US East_1': 20, 'E16ads_v6_US East_2': 20, 'E16as_v6_US East_1': 20, 'E16as_v6_US East_2': 20, 'E20ads_v6_US East_2': 20, 'E20ads_v6_US East_3': 20, 'E20as_v6_US East_1': 20, 'E20as_v6_US East_3': 20, 'E32ads_v6_US East_2': 20, 'E32as_v6_US East_2': 20, 'E48ads_v6_US East_3': 20, 'E48as_v6_US East_2': 20, 'E64ads_v6_US East_1': 20, 'E64as_v6_US East_3': 20, 'E8ads_v6_US East_2': 20, 'E8ads_v6_US East_3': 20, 'E8as_v6_US East_1': 20, 'E8as_v6_US East_3': 20, 'E8ps_v5_US East_2': 20, 'E96-24ads_v6_US East_1': 20, 'E96-48ads_v6_US East_2': 20, 'E96ads_v6_US East_3': 20, 'E96as_v6_US East_2': 20, 'F16als_v6_US East_2': 20, 'F16als_v6_US East_3': 20, 'F16ams_v6_US East_1': 20, 'F16ams_v6_US East_3': 20, 'F16as_v6_US East_1': 20, 'F16as_v6_US East_3': 20, 'F32als_v6_US East_3': 20, 'F32ams_v6_US East_1': 20, 'F32as_v6_US East_1': 20, 'F48als_v6_US East_2': 20, 'F48ams_v6_US East_2': 20, 'F48as_v6_US East_1': 20, 'F64als_v6_US East_1': 20, 'F64ams_v6_US East_1': 20, 'F64as_v6_US East_1': 20, 'F8als_v6_US East_1': 20, 'F8als_v6_US East_2': 20, 'F8ams_v6_US East_1': 20, 'F8ams_v6_US East_2': 20, 'F8as_v6_US East_2': 20, 'F8as_v6_US East_3': 20, 'M16-8ms_US East_1': 20, 'M16-8ms_US East_2': 20, 'M16-8ms_US East_3': 20, 'M16ms_US East_1': 20, 'M16ms_US East_2': 20, 'M16ms_US East_3': 20, 'M32-16ms_US East_1': 20, 'M32-16ms_US East_3': 20, 'M32-8ms_US East_1': 20, 'M32-8ms_US East_3': 20, 'M32dms_v2_US East_1': 20, 'M32dms_v2_US East_2': 20, 'M32dms_v2_US East_3': 20, 'M32ls_US East_1': 20, 'M32ls_US East_2': 20, 'M32ls_US East_3': 20, 'M32ms_US East_2': 20, 'M32ms_US East_3': 20, 'M32ms_v2_US East_1': 20, 'M32ms_v2_US East_2': 20, 'M32ms_v2_US East_3': 20, 'M32ts_US East_1': 20, 'M32ts_US East_2': 20, 'M32ts_US East_3': 20, 'M64s_v2_US East_1': 20, 'M8-4ms_US East_1': 20, 'M8-4ms_US East_2': 20, 'M8-4ms_US East_3': 20, 'M8ms_US East_1': 20, 'M8ms_US East_2': 20, 'M8ms_US East_3': 20, 'NV8as_v4_US East_1': 20, 'NV8as_v4_US East_2': 20, 'NV8as_v4_US East_3': 20}"
0.9400000000000001,1211.3785200000004,263626343,217625.0772549605,9640,9623,"{'B16pls_v2_US East_1': 20, 'B16pls_v2_US East_2': 20, 'B16pls_v2_US East_3': 20, 'B16ps_v2_US East_3': 20, 'B8pls_v2_US East_1': 20, 'B8pls_v2_US East_2': 20, 'B8pls_v2_US East_3': 20, 'B8ps_v2_US East_1': 20, 'B8ps_v2_US East_2': 20, 'B8ps_v2_US East_3': 20, 'D16ads_v6_US East_2': 20, 'D16ads_v6_US East_3': 20, 'D16alds_v6_US East_1': 20, 'D16alds_v6_US East_3': 20, 'D16als_v6_US East_1': 20, 'D16als_v6_US East_3': 20, 'D16as_v6_US East_1': 20, 'D16as_v6_US East_2': 20, 'D16pds_v5_US East_1': 20, 'D16plds_v5_US East_2': 20, 'D16plds_v5_US East_3': 20, 'D16pls_v5_US East_2': 20, 'D16pls_v5_US East_3': 20, 'D16ps_v5_US East_3': 20, 'D32ads_v6_US East_1': 20, 'D32ads_v6_US East_3': 20, 'D32alds_v6_US East_1': 20, 'D32alds_v6_US East_3': 20, 'D32als_v6_US East_2': 20, 'D32als_v6_US East_3': 20, 'D32as_v6_US East_1': 20, 'D32as_v6_US East_3': 20, 'D32plds_v5_US East_3': 20, 'D32pls_v5_US East_2': 20, 'D48ads_v6_US East_1': 20, 'D48alds_v6_US East_2': 20, 'D48als_v6_US East_1': 20, 'D48als_v6_US East_3': 20, 'D64ads_v6_US East_2': 20, 'D64alds_v6_US East_3': 20, 'D64als_v6_US East_3': 20, 'D64as_v6_US East_2': 20, 'D8ads_v6_US East_1': 20, 'D8ads_v6_US East_2': 20, 'D8ads_v6_US East_3': 20, 'D8alds_v6_US East_1': 20, 'D8alds_v6_US East_2': 20, 'D8alds_v6_US East_3': 20, 'D8als_v6_US East_1': 20, 'D8als_v6_US East_2': 20, 'D8als_v6_US East_3': 20, 'D8as_v6_US East_1': 20, 'D8as_v6_US East_2': 20, 'D8as_v6_US East_3': 20, 'D8plds_v5_US East_1': 20, 'D8plds_v5_US East_2': 20, 'D8plds_v5_US East_3': 20, 'D8pls_v5_US East_1': 20, 'D8pls_v5_US East_2': 20, 'D8pls_v5_US East_3': 20, 'D8ps_v5_US East_1': 20, 'D8ps_v5_US East_2': 20, 'D8ps_v5_US East_3': 20, 'D96ads_v6_US East_1': 20, 'D96alds_v6_US East_2': 20, 'D96als_v6_US East_2': 20, 'D96as_v6_US East_3': 20, 'E16ads_v6_US East_1': 20, 'E16ads_v6_US East_2': 20, 'E16as_v6_US East_1': 20, 'E16as_v6_US East_2': 20, 'E20ads_v6_US East_2': 20, 'E20ads_v6_US East_3': 20, 'E20as_v6_US East_1': 20, 'E20as_v6_US East_3': 20, 'E32ads_v6_US East_2': 20, 'E32as_v6_US East_2': 20, 'E48ads_v6_US East_3': 20, 'E48as_v6_US East_2': 20, 'E64ads_v6_US East_1': 20, 'E64as_v6_US East_3': 20, 'E8ads_v6_US East_2': 20, 'E8ads_v6_US East_3': 20, 'E8as_v6_US East_1': 20, 'E8as_v6_US East_3': 20, 'E8ps_v5_US East_2': 20, 'E96-24ads_v6_US East_1': 20, 'E96-48ads_v6_US East_2': 20, 'E96ads_v6_US East_3': 20, 'E96as_v6_US East_2': 20, 'F16als_v6_US East_2': 20, 'F16als_v6_US East_3': 20, 'F16ams_v6_US East_1': 20, 'F16ams_v6_US East_3': 20, 'F16as_v6_US East_1': 20, 'F16as_v6_US East_3': 20, 'F32als_v6_US East_3': 20, 'F32ams_v6_US East_1': 20, 'F32as_v6_US East_1': 20, 'F48als_v6_US East_2': 20, 'F48ams_v6_US East_2': 20, 'F48as_v6_US East_1': 20, 'F64als_v6_US East_1': 20, 'F64ams_v6_US East_1': 20, 'F64as_v6_US East_1': 20, 'F8als_v6_US East_1': 20, 'F8als_v6_US East_2': 20, 'F8ams_v6_US East_1': 20, 'F8ams_v6_US East_2': 20, 'F8as_v6_US East_2': 20, 'F8as_v6_US East_3': 20, 'M16-8ms_US East_1': 20, 'M16-8ms_US East_2': 20, 'M16-8ms_US East_3': 20, 'M16ms_US East_1': 20, 'M16ms_US East_2': 20, 'M16ms_US East_3': 20, 'M32-16ms_US East_1': 20, 'M32-16ms_US East_3': 20, 'M32-8ms_US East_1': 20, 'M32-8ms_US East_3': 20, 'M32dms_v2_US East_1': 20, 'M32dms_v2_US East_2': 20, 'M32dms_v2_US East_3': 20, 'M32ls_US East_1': 20, 'M32ls_US East_2': 20, 'M32ls_US East_3': 20, 'M32ms_US East_2': 20, 'M32ms_US East_3': 20, 'M32ms_v2_US East_1': 20, 'M32ms_v2_US East_2': 20, 'M32ms_v2_US East_3': 20, 'M32ts_US East_1': 20, 'M32ts_US East_2': 20, 'M32ts_US East_3': 20, 'M64s_v2_US East_1': 20, 'M8-4ms_US East_1': 20, 'M8-4ms_US East_2': 20, 'M8-4ms_US East_3': 20, 'M8ms_US East_1': 20, 'M8ms_US East_2': 20, 'M8ms_US East_3': 20, 'NV8as_v4_US East_1': 20, 'NV8as_v4_US East_2': 20, 'NV8as_v4_US East_3': 20}"
0.9500000000000001,1211.3785200000004,263626343,217625.0772549605,9640,9623,"{'B16pls_v2_US East_1': 20, 'B16pls_v2_US East_2': 20, 'B16pls_v2_US East_3': 20, 'B16ps_v2_US East_3': 20, 'B8pls_v2_US East_1': 20, 'B8pls_v2_US East_2': 20, 'B8pls_v2_US East_3': 20, 'B8ps_v2_US East_1': 20, 'B8ps_v2_US East_2': 20, 'B8ps_v2_US East_3': 20, 'D16ads_v6_US East_2': 20, 'D16ads_v6_US East_3': 20, 'D16alds_v6_US East_1': 20, 'D16alds_v6_US East_3': 20, 'D16als_v6_US East_1': 20, 'D16als_v6_US East_3': 20, 'D16as_v6_US East_1': 20, 'D16as_v6_US East_2': 20, 'D16pds_v5_US East_1': 20, 'D16plds_v5_US East_2': 20, 'D16plds_v5_US East_3': 20, 'D16pls_v5_US East_2': 20, 'D16pls_v5_US East_3': 20, 'D16ps_v5_US East_3': 20, 'D32ads_v6_US East_1': 20, 'D32ads_v6_US East_3': 20, 'D32alds_v6_US East_1': 20, 'D32alds_v6_US East_3': 20, 'D32als_v6_US East_2': 20, 'D32als_v6_US East_3': 20, 'D32as_v6_US East_1': 20, 'D32as_v6_US East_3': 20, 'D32plds_v5_US East_3': 20, 'D32pls_v5_US East_2': 20, 'D48ads_v6_US East_1': 20, 'D48alds_v6_US East_2': 20, 'D48als_v6_US East_1': 20, 'D48als_v6_US East_3': 20, 'D64ads_v6_US East_2': 20, 'D64alds_v6_US East_3': 20, 'D64als_v6_US East_3': 20, 'D64as_v6_US East_2': 20, 'D8ads_v6_US East_1': 20, 'D8ads_v6_US East_2': 20, 'D8ads_v6_US East_3': 20, 'D8alds_v6_US East_1': 20, 'D8alds_v6_US East_2': 20, 'D8alds_v6_US East_3': 20, 'D8als_v6_US East_1': 20, 'D8als_v6_US East_2': 20, 'D8als_v6_US East_3': 20, 'D8as_v6_US East_1': 20, 'D8as_v6_US East_2': 20, 'D8as_v6_US East_3': 20, 'D8plds_v5_US East_1': 20, 'D8plds_v5_US East_2': 20, 'D8plds_v5_US East_3': 20, 'D8pls_v5_US East_1': 20, 'D8pls_v5_US East_2': 20, 'D8pls_v5_US East_3': 20, 'D8ps_v5_US East_1': 20, 'D8ps_v5_US East_2': 20, 'D8ps_v5_US East_3': 20, 'D96ads_v6_US East_1': 20, 'D96alds_v6_US East_2': 20, 'D96als_v6_US East_2': 20, 'D96as_v6_US East_3': 20, 'E16ads_v6_US East_1': 20, 'E16ads_v6_US East_2': 20, 'E16as_v6_US East_1': 20, 'E16as_v6_US East_2': 20, 'E20ads_v6_US East_2': 20, 'E20ads_v6_US East_3': 20, 'E20as_v6_US East_1': 20, 'E20as_v6_US East_3': 20, 'E32ads_v6_US East_2': 20, 'E32as_v6_US East_2': 20, 'E48ads_v6_US East_3': 20, 'E48as_v6_US East_2': 20, 'E64ads_v6_US East_1': 20, 'E64as_v6_US East_3': 20, 'E8ads_v6_US East_2': 20, 'E8ads_v6_US East_3': 20, 'E8as_v6_US East_1': 20, 'E8as_v6_US East_3': 20, 'E8ps_v5_US East_2': 20, 'E96-24ads_v6_US East_1': 20, 'E96-48ads_v6_US East_2': 20, 'E96ads_v6_US East_3': 20, 'E96as_v6_US East_2': 20, 'F16als_v6_US East_2': 20, 'F16als_v6_US East_3': 20, 'F16ams_v6_US East_1': 20, 'F16ams_v6_US East_3': 20, 'F16as_v6_US East_1': 20, 'F16as_v6_US East_3': 20, 'F32als_v6_US East_3': 20, 'F32ams_v6_US East_1': 20, 'F32as_v6_US East_1': 20, 'F48als_v6_US East_2': 20, 'F48ams_v6_US East_2': 20, 'F48as_v6_US East_1': 20, 'F64als_v6_US East_1': 20, 'F64ams_v6_US East_1': 20, 'F64as_v6_US East_1': 20, 'F8als_v6_US East_1': 20, 'F8als_v6_US East_2': 20, 'F8ams_v6_US East_1': 20, 'F8ams_v6_US East_2': 20, 'F8as_v6_US East_2': 20, 'F8as_v6_US East_3': 20, 'M16-8ms_US East_1': 20, 'M16-8ms_US East_2': 20, 'M16-8ms_US East_3': 20, 'M16ms_US East_1': 20, 'M16ms_US East_2': 20, 'M16ms_US East_3': 20, 'M32-16ms_US East_1': 20, 'M32-16ms_US East_3': 20, 'M32-8ms_US East_1': 20, 'M32-8ms_US East_3': 20, 'M32dms_v2_US East_1': 20, 'M32dms_v2_US East_2': 20, 'M32dms_v2_US East_3': 20, 'M32ls_US East_1': 20, 'M32ls_US East_2': 20, 'M32ls_US East_3': 20, 'M32ms_US East_2': 20, 'M32ms_US East_3': 20, 'M32ms_v2_US East_1': 20, 'M32ms_v2_US East_2': 20, 'M32ms_v2_US East_3': 20, 'M32ts_US East_1': 20, 'M32ts_US East_2': 20, 'M32ts_US East_3': 20, 'M64s_v2_US East_1': 20, 'M8-4ms_US East_1': 20, 'M8-4ms_US East_2': 20, 'M8-4ms_US East_3': 20, 'M8ms_US East_1': 20, 'M8ms_US East_2': 20, 'M8ms_US East_3': 20, 'NV8as_v4_US East_1': 20, 'NV8as_v4_US East_2': 20, 'NV8as_v4_US East_3': 20}"
0.96,1211.3785200000004,263626343,217625.0772549605,9640,9623,"{'B16pls_v2_US East_1': 20, 'B16pls_v2_US East_2': 20, 'B16pls_v2_US East_3': 20, 'B16ps_v2_US East_3': 20, 'B8pls_v2_US East_1': 20, 'B8pls_v2_US East_2': 20, 'B8pls_v2_US East_3': 20, 'B8ps_v2_US East_1': 20, 'B8ps_v2_US East_2': 20, 'B8ps_v2_US East_3': 20, 'D16ads_v6_US East_2': 20, 'D16ads_v6_US East_3': 20, 'D16alds_v6_US East_1': 20, 'D16alds_v6_US East_3': 20, 'D16als_v6_US East_1': 20, 'D16als_v6_US East_3': 20, 'D16as_v6_US East_1': 20, 'D16as_v6_US East_2': 20, 'D16pds_v5_US East_1': 20, 'D16plds_v5_US East_2': 20, 'D16plds_v5_US East_3': 20, 'D16pls_v5_US East_2': 20, 'D16pls_v5_US East_3': 20, 'D16ps_v5_US East_3': 20, 'D32ads_v6_US East_1': 20, 'D32ads_v6_US East_3': 20, 'D32alds_v6_US East_1': 20, 'D32alds_v6_US East_3': 20, 'D32als_v6_US East_2': 20, 'D32als_v6_US East_3': 20, 'D32as_v6_US East_1': 20, 'D32as_v6_US East_3': 20, 'D32plds_v5_US East_3': 20, 'D32pls_v5_US East_2': 20, 'D48ads_v6_US East_1': 20, 'D48alds_v6_US East_2': 20, 'D48als_v6_US East_1': 20, 'D48als_v6_US East_3': 20, 'D64ads_v6_US East_2': 20, 'D64alds_v6_US East_3': 20, 'D64als_v6_US East_3': 20, 'D64as_v6_US East_2': 20, 'D8ads_v6_US East_1': 20, 'D8ads_v6_US East_2': 20, 'D8ads_v6_US East_3': 20, 'D8alds_v6_US East_1': 20, 'D8alds_v6_US East_2': 20, 'D8alds_v6_US East_3': 20, 'D8als_v6_US East_1': 20, 'D8als_v6_US East_2': 20, 'D8als_v6_US East_3': 20, 'D8as_v6_US East_1': 20, 'D8as_v6_US East_2': 20, 'D8as_v6_US East_3': 20, 'D8plds_v5_US East_1': 20, 'D8plds_v5_US East_2': 20, 'D8plds_v5_US East_3': 20, 'D8pls_v5_US East_1': 20, 'D8pls_v5_US East_2': 20, 'D8pls_v5_US East_3': 20, 'D8ps_v5_US East_1': 20, 'D8ps_v5_US East_2': 20, 'D8ps_v5_US East_3': 20, 'D96ads_v6_US East_1': 20, 'D96alds_v6_US East_2': 20, 'D96als_v6_US East_2': 20, 'D96as_v6_US East_3': 20, 'E16ads_v6_US East_1': 20, 'E16ads_v6_US East_2': 20, 'E16as_v6_US East_1': 20, 'E16as_v6_US East_2': 20, 'E20ads_v6_US East_2': 20, 'E20ads_v6_US East_3': 20, 'E20as_v6_US East_1': 20, 'E20as_v6_US East_3': 20, 'E32ads_v6_US East_2': 20, 'E32as_v6_US East_2': 20, 'E48ads_v6_US East_3': 20, 'E48as_v6_US East_2': 20, 'E64ads_v6_US East_1': 20, 'E64as_v6_US East_3': 20, 'E8ads_v6_US East_2': 20, 'E8ads_v6_US East_3': 20, 'E8as_v6_US East_1': 20, 'E8as_v6_US East_3': 20, 'E8ps_v5_US East_2': 20, 'E96-24ads_v6_US East_1': 20, 'E96-48ads_v6_US East_2': 20, 'E96ads_v6_US East_3': 20, 'E96as_v6_US East_2': 20, 'F16als_v6_US East_2': 20, 'F16als_v6_US East_3': 20, 'F16ams_v6_US East_1': 20, 'F16ams_v6_US East_3': 20, 'F16as_v6_US East_1': 20, 'F16as_v6_US East_3': 20, 'F32als_v6_US East_3': 20, 'F32ams_v6_US East_1': 20, 'F32as_v6_US East_1': 20, 'F48als_v6_US East_2': 20, 'F48ams_v6_US East_2': 20, 'F48as_v6_US East_1': 20, 'F64als_v6_US East_1': 20, 'F64ams_v6_US East_1': 20, 'F64as_v6_US East_1': 20, 'F8als_v6_US East_1': 20, 'F8als_v6_US East_2': 20, 'F8ams_v6_US East_1': 20, 'F8ams_v6_US East_2': 20, 'F8as_v6_US East_2': 20, 'F8as_v6_US East_3': 20, 'M16-8ms_US East_1': 20, 'M16-8ms_US East_2': 20, 'M16-8ms_US East_3': 20, 'M16ms_US East_1': 20, 'M16ms_US East_2': 20, 'M16ms_US East_3': 20, 'M32-16ms_US East_1': 20, 'M32-16ms_US East_3': 20, 'M32-8ms_US East_1': 20, 'M32-8ms_US East_3': 20, 'M32dms_v2_US East_1': 20, 'M32dms_v2_US East_2': 20, 'M32dms_v2_US East_3': 20, 'M32ls_US East_1': 20, 'M32ls_US East_2': 20, 'M32ls_US East_3': 20, 'M32ms_US East_2': 20, 'M32ms_US East_3': 20, 'M32ms_v2_US East_1': 20, 'M32ms_v2_US East_2': 20, 'M32ms_v2_US East_3': 20, 'M32ts_US East_1': 20, 'M32ts_US East_2': 20, 'M32ts_US East_3': 20, 'M64s_v2_US East_1': 20, 'M8-4ms_US East_1': 20, 'M8-4ms_US East_2': 20, 'M8-4ms_US East_3': 20, 'M8ms_US East_1': 20, 'M8ms_US East_2': 20, 'M8ms_US East_3': 20, 'NV8as_v4_US East_1': 20, 'NV8as_v4_US East_2': 20, 'NV8as_v4_US East_3': 20}"
0.97,1211.3785200000004,263626343,217625.0772549605,9640,9623,"{'B16pls_v2_US East_1': 20, 'B16pls_v2_US East_2': 20, 'B16pls_v2_US East_3': 20, 'B16ps_v2_US East_3': 20, 'B8pls_v2_US East_1': 20, 'B8pls_v2_US East_2': 20, 'B8pls_v2_US East_3': 20, 'B8ps_v2_US East_1': 20, 'B8ps_v2_US East_2': 20, 'B8ps_v2_US East_3': 20, 'D16ads_v6_US East_2': 20, 'D16ads_v6_US East_3': 20, 'D16alds_v6_US East_1': 20, 'D16alds_v6_US East_3': 20, 'D16als_v6_US East_1': 20, 'D16als_v6_US East_3': 20, 'D16as_v6_US East_1': 20, 'D16as_v6_US East_2': 20, 'D16pds_v5_US East_1': 20, 'D16plds_v5_US East_2': 20, 'D16plds_v5_US East_3': 20, 'D16pls_v5_US East_2': 20, 'D16pls_v5_US East_3': 20, 'D16ps_v5_US East_3': 20, 'D32ads_v6_US East_1': 20, 'D32ads_v6_US East_3': 20, 'D32alds_v6_US East_1': 20, 'D32alds_v6_US East_3': 20, 'D32als_v6_US East_2': 20, 'D32als_v6_US East_3': 20, 'D32as_v6_US East_1': 20, 'D32as_v6_US East_3': 20, 'D32plds_v5_US East_3': 20, 'D32pls_v5_US East_2': 20, 'D48ads_v6_US East_1': 20, 'D48alds_v6_US East_2': 20, 'D48als_v6_US East_1': 20, 'D48als_v6_US East_3': 20, 'D64ads_v6_US East_2': 20, 'D64alds_v6_US East_3': 20, 'D64als_v6_US East_3': 20, 'D64as_v6_US East_2': 20, 'D8ads_v6_US East_1': 20, 'D8ads_v6_US East_2': 20, 'D8ads_v6_US East_3': 20, 'D8alds_v6_US East_1': 20, 'D8alds_v6_US East_2': 20, 'D8alds_v6_US East_3': 20, 'D8als_v6_US East_1': 20, 'D8als_v6_US East_2': 20, 'D8als_v6_US East_3': 20, 'D8as_v6_US East_1': 20, 'D8as_v6_US East_2': 20, 'D8as_v6_US East_3': 20, 'D8plds_v5_US East_1': 20, 'D8plds_v5_US East_2': 20, 'D8plds_v5_US East_3': 20, 'D8pls_v5_US East_1': 20, 'D8pls_v5_US East_2': 20, 'D8pls_v5_US East_3': 20, 'D8ps_v5_US East_1': 20, 'D8ps_v5_US East_2': 20, 'D8ps_v5_US East_3': 20, 'D96ads_v6_US East_1': 20, 'D96alds_v6_US East_2': 20, 'D96als_v6_US East_2': 20, 'D96as_v6_US East_3': 20, 'E16ads_v6_US East_1': 20, 'E16ads_v6_US East_2': 20, 'E16as_v6_US East_1': 20, 'E16as_v6_US East_2': 20, 'E20ads_v6_US East_2': 20, 'E20ads_v6_US East_3': 20, 'E20as_v6_US East_1': 20, 'E20as_v6_US East_3': 20, 'E32ads_v6_US East_2': 20, 'E32as_v6_US East_2': 20, 'E48ads_v6_US East_3': 20, 'E48as_v6_US East_2': 20, 'E64ads_v6_US East_1': 20, 'E64as_v6_US East_3': 20, 'E8ads_v6_US East_2': 20, 'E8ads_v6_US East_3': 20, 'E8as_v6_US East_1': 20, 'E8as_v6_US East_3': 20, 'E8ps_v5_US East_2': 20, 'E96-24ads_v6_US East_1': 20, 'E96-48ads_v6_US East_2': 20, 'E96ads_v6_US East_3': 20, 'E96as_v6_US East_2': 20, 'F16als_v6_US East_2': 20, 'F16als_v6_US East_3': 20, 'F16ams_v6_US East_1': 20, 'F16ams_v6_US East_3': 20, 'F16as_v6_US East_1': 20, 'F16as_v6_US East_3': 20, 'F32als_v6_US East_3': 20, 'F32ams_v6_US East_1': 20, 'F32as_v6_US East_1': 20, 'F48als_v6_US East_2': 20, 'F48ams_v6_US East_2': 20, 'F48as_v6_US East_1': 20, 'F64als_v6_US East_1': 20, 'F64ams_v6_US East_1': 20, 'F64as_v6_US East_1': 20, 'F8als_v6_US East_1': 20, 'F8als_v6_US East_2': 20, 'F8ams_v6_US East_1': 20, 'F8ams_v6_US East_2': 20, 'F8as_v6_US East_2': 20, 'F8as_v6_US East_3': 20, 'M16-8ms_US East_1': 20, 'M16-8ms_US East_2': 20, 'M16-8ms_US East_3': 20, 'M16ms_US East_1': 20, 'M16ms_US East_2': 20, 'M16ms_US East_3': 20, 'M32-16ms_US East_1': 20, 'M32-16ms_US East_3': 20, 'M32-8ms_US East_1': 20, 'M32-8ms_US East_3': 20, 'M32dms_v2_US East_1': 20, 'M32dms_v2_US East_2': 20, 'M32dms_v2_US East_3': 20, 'M32ls_US East_1': 20, 'M32ls_US East_2': 20, 'M32ls_US East_3': 20, 'M32ms_US East_2': 20, 'M32ms_US East_3': 20, 'M32ms_v2_US East_1': 20, 'M32ms_v2_US East_2': 20, 'M32ms_v2_US East_3': 20, 'M32ts_US East_1': 20, 'M32ts_US East_2': 20, 'M32ts_US East_3': 20, 'M64s_v2_US East_1': 20, 'M8-4ms_US East_1': 20, 'M8-4ms_US East_2': 20, 'M8-4ms_US East_3': 20, 'M8ms_US East_1': 20, 'M8ms_US East_2': 20, 'M8ms_US East_3': 20, 'NV8as_v4_US East_1': 20, 'NV8as_v4_US East_2': 20, 'NV8as_v4_US East_3': 20}"
0.98,1211.3785200000004,263626343,217625.0772549605,9640,9623,"{'B16pls_v2_US East_1': 20, 'B16pls_v2_US East_2': 20, 'B16pls_v2_US East_3': 20, 'B16ps_v2_US East_3': 20, 'B8pls_v2_US East_1': 20, 'B8pls_v2_US East_2': 20, 'B8pls_v2_US East_3': 20, 'B8ps_v2_US East_1': 20, 'B8ps_v2_US East_2': 20, 'B8ps_v2_US East_3': 20, 'D16ads_v6_US East_2': 20, 'D16ads_v6_US East_3': 20, 'D16alds_v6_US East_1': 20, 'D16alds_v6_US East_3': 20, 'D16als_v6_US East_1': 20, 'D16als_v6_US East_3': 20, 'D16as_v6_US East_1': 20, 'D16as_v6_US East_2': 20, 'D16pds_v5_US East_1': 20, 'D16plds_v5_US East_2': 20, 'D16plds_v5_US East_3': 20, 'D16pls_v5_US East_2': 20, 'D16pls_v5_US East_3': 20, 'D16ps_v5_US East_3': 20, 'D32ads_v6_US East_1': 20, 'D32ads_v6_US East_3': 20, 'D32alds_v6_US East_1': 20, 'D32alds_v6_US East_3': 20, 'D32als_v6_US East_2': 20, 'D32als_v6_US East_3': 20, 'D32as_v6_US East_1': 20, 'D32as_v6_US East_3': 20, 'D32plds_v5_US East_3': 20, 'D32pls_v5_US East_2': 20, 'D48ads_v6_US East_1': 20, 'D48alds_v6_US East_2': 20, 'D48als_v6_US East_1': 20, 'D48als_v6_US East_3': 20, 'D64ads_v6_US East_2': 20, 'D64alds_v6_US East_3': 20, 'D64als_v6_US East_3': 20, 'D64as_v6_US East_2': 20, 'D8ads_v6_US East_1': 20, 'D8ads_v6_US East_2': 20, 'D8ads_v6_US East_3': 20, 'D8alds_v6_US East_1': 20, 'D8alds_v6_US East_2': 20, 'D8alds_v6_US East_3': 20, 'D8als_v6_US East_1': 20, 'D8als_v6_US East_2': 20, 'D8als_v6_US East_3': 20, 'D8as_v6_US East_1': 20, 'D8as_v6_US East_2': 20, 'D8as_v6_US East_3': 20, 'D8plds_v5_US East_1': 20, 'D8plds_v5_US East_2': 20, 'D8plds_v5_US East_3': 20, 'D8pls_v5_US East_1': 20, 'D8pls_v5_US East_2': 20, 'D8pls_v5_US East_3': 20, 'D8ps_v5_US East_1': 20, 'D8ps_v5_US East_2': 20, 'D8ps_v5_US East_3': 20, 'D96ads_v6_US East_1': 20, 'D96alds_v6_US East_2': 20, 'D96als_v6_US East_2': 20, 'D96as_v6_US East_3': 20, 'E16ads_v6_US East_1': 20, 'E16ads_v6_US East_2': 20, 'E16as_v6_US East_1': 20, 'E16as_v6_US East_2': 20, 'E20ads_v6_US East_2': 20, 'E20ads_v6_US East_3': 20, 'E20as_v6_US East_1': 20, 'E20as_v6_US East_3': 20, 'E32ads_v6_US East_2': 20, 'E32as_v6_US East_2': 20, 'E48ads_v6_US East_3': 20, 'E48as_v6_US East_2': 20, 'E64ads_v6_US East_1': 20, 'E64as_v6_US East_3': 20, 'E8ads_v6_US East_2': 20, 'E8ads_v6_US East_3': 20, 'E8as_v6_US East_1': 20, 'E8as_v6_US East_3': 20, 'E8ps_v5_US East_2': 20, 'E96-24ads_v6_US East_1': 20, 'E96-48ads_v6_US East_2': 20, 'E96ads_v6_US East_3': 20, 'E96as_v6_US East_2': 20, 'F16als_v6_US East_2': 20, 'F16als_v6_US East_3': 20, 'F16ams_v6_US East_1': 20, 'F16ams_v6_US East_3': 20, 'F16as_v6_US East_1': 20, 'F16as_v6_US East_3': 20, 'F32als_v6_US East_3': 20, 'F32ams_v6_US East_1': 20, 'F32as_v6_US East_1': 20, 'F48als_v6_US East_2': 20, 'F48ams_v6_US East_2': 20, 'F48as_v6_US East_1': 20, 'F64als_v6_US East_1': 20, 'F64ams_v6_US East_1': 20, 'F64as_v6_US East_1': 20, 'F8als_v6_US East_1': 20, 'F8als_v6_US East_2': 20, 'F8ams_v6_US East_1': 20, 'F8ams_v6_US East_2': 20, 'F8as_v6_US East_2': 20, 'F8as_v6_US East_3': 20, 'M16-8ms_US East_1': 20, 'M16-8ms_US East_2': 20, 'M16-8ms_US East_3': 20, 'M16ms_US East_1': 20, 'M16ms_US East_2': 20, 'M16ms_US East_3': 20, 'M32-16ms_US East_1': 20, 'M32-16ms_US East_3': 20, 'M32-8ms_US East_1': 20, 'M32-8ms_US East_3': 20, 'M32dms_v2_US East_1': 20, 'M32dms_v2_US East_2': 20, 'M32dms_v2_US East_3': 20, 'M32ls_US East_1': 20, 'M32ls_US East_2': 20, 'M32ls_US East_3': 20, 'M32ms_US East_2': 20, 'M32ms_US East_3': 20, 'M32ms_v2_US East_1': 20, 'M32ms_v2_US East_2': 20, 'M32ms_v2_US East_3': 20, 'M32ts_US East_1': 20, 'M32ts_US East_2': 20, 'M32ts_US East_3': 20, 'M64s_v2_US East_1': 20, 'M8-4ms_US East_1': 20, 'M8-4ms_US East_2': 20, 'M8-4ms_US East_3': 20, 'M8ms_US East_1': 20, 'M8ms_US East_2': 20, 'M8ms_US East_3': 20, 'NV8as_v4_US East_1': 20, 'NV8as_v4_US East_2': 20, 'NV8as_v4_US East_3': 20}"
0.99,1211.3785200000004,263626343,217625.0772549605,9640,9623,"{'B16pls_v2_US East_1': 20, 'B16pls_v2_US East_2': 20, 'B16pls_v2_US East_3': 20, 'B16ps_v2_US East_3': 20, 'B8pls_v2_US East_1': 20, 'B8pls_v2_US East_2': 20, 'B8pls_v2_US East_3': 20, 'B8ps_v2_US East_1': 20, 'B8ps_v2_US East_2': 20, 'B8ps_v2_US East_3': 20, 'D16ads_v6_US East_2': 20, 'D16ads_v6_US East_3': 20, 'D16alds_v6_US East_1': 20, 'D16alds_v6_US East_3': 20, 'D16als_v6_US East_1': 20, 'D16als_v6_US East_3': 20, 'D16as_v6_US East_1': 20, 'D16as_v6_US East_2': 20, 'D16pds_v5_US East_1': 20, 'D16plds_v5_US East_2': 20, 'D16plds_v5_US East_3': 20, 'D16pls_v5_US East_2': 20, 'D16pls_v5_US East_3': 20, 'D16ps_v5_US East_3': 20, 'D32ads_v6_US East_1': 20, 'D32ads_v6_US East_3': 20, 'D32alds_v6_US East_1': 20, 'D32alds_v6_US East_3': 20, 'D32als_v6_US East_2': 20, 'D32als_v6_US East_3': 20, 'D32as_v6_US East_1': 20, 'D32as_v6_US East_3': 20, 'D32plds_v5_US East_3': 20, 'D32pls_v5_US East_2': 20, 'D48ads_v6_US East_1': 20, 'D48alds_v6_US East_2': 20, 'D48als_v6_US East_1': 20, 'D48als_v6_US East_3': 20, 'D64ads_v6_US East_2': 20, 'D64alds_v6_US East_3': 20, 'D64als_v6_US East_3': 20, 'D64as_v6_US East_2': 20, 'D8ads_v6_US East_1': 20, 'D8ads_v6_US East_2': 20, 'D8ads_v6_US East_3': 20, 'D8alds_v6_US East_1': 20, 'D8alds_v6_US East_2': 20, 'D8alds_v6_US East_3': 20, 'D8als_v6_US East_1': 20, 'D8als_v6_US East_2': 20, 'D8als_v6_US East_3': 20, 'D8as_v6_US East_1': 20, 'D8as_v6_US East_2': 20, 'D8as_v6_US East_3': 20, 'D8plds_v5_US East_1': 20, 'D8plds_v5_US East_2': 20, 'D8plds_v5_US East_3': 20, 'D8pls_v5_US East_1': 20, 'D8pls_v5_US East_2': 20, 'D8pls_v5_US East_3': 20, 'D8ps_v5_US East_1': 20, 'D8ps_v5_US East_2': 20, 'D8ps_v5_US East_3': 20, 'D96ads_v6_US East_1': 20, 'D96alds_v6_US East_2': 20, 'D96als_v6_US East_2': 20, 'D96as_v6_US East_3': 20, 'E16ads_v6_US East_1': 20, 'E16ads_v6_US East_2': 20, 'E16as_v6_US East_1': 20, 'E16as_v6_US East_2': 20, 'E20ads_v6_US East_2': 20, 'E20ads_v6_US East_3': 20, 'E20as_v6_US East_1': 20, 'E20as_v6_US East_3': 20, 'E32ads_v6_US East_2': 20, 'E32as_v6_US East_2': 20, 'E48ads_v6_US East_3': 20, 'E48as_v6_US East_2': 20, 'E64ads_v6_US East_1': 20, 'E64as_v6_US East_3': 20, 'E8ads_v6_US East_2': 20, 'E8ads_v6_US East_3': 20, 'E8as_v6_US East_1': 20, 'E8as_v6_US East_3': 20, 'E8ps_v5_US East_2': 20, 'E96-24ads_v6_US East_1': 20, 'E96-48ads_v6_US East_2': 20, 'E96ads_v6_US East_3': 20, 'E96as_v6_US East_2': 20, 'F16als_v6_US East_2': 20, 'F16als_v6_US East_3': 20, 'F16ams_v6_US East_1': 20, 'F16ams_v6_US East_3': 20, 'F16as_v6_US East_1': 20, 'F16as_v6_US East_3': 20, 'F32als_v6_US East_3': 20, 'F32ams_v6_US East_1': 20, 'F32as_v6_US East_1': 20, 'F48als_v6_US East_2': 20, 'F48ams_v6_US East_2': 20, 'F48as_v6_US East_1': 20, 'F64als_v6_US East_1': 20, 'F64ams_v6_US East_1': 20, 'F64as_v6_US East_1': 20, 'F8als_v6_US East_1': 20, 'F8als_v6_US East_2': 20, 'F8ams_v6_US East_1': 20, 'F8ams_v6_US East_2': 20, 'F8as_v6_US East_2': 20, 'F8as_v6_US East_3': 20, 'M16-8ms_US East_1': 20, 'M16-8ms_US East_2': 20, 'M16-8ms_US East_3': 20, 'M16ms_US East_1': 20, 'M16ms_US East_2': 20, 'M16ms_US East_3': 20, 'M32-16ms_US East_1': 20, 'M32-16ms_US East_3': 20, 'M32-8ms_US East_1': 20, 'M32-8ms_US East_3': 20, 'M32dms_v2_US East_1': 20, 'M32dms_v2_US East_2': 20, 'M32dms_v2_US East_3': 20, 'M32ls_US East_1': 20, 'M32ls_US East_2': 20, 'M32ls_US East_3': 20, 'M32ms_US East_2': 20, 'M32ms_US East_3': 20, 'M32ms_v2_US East_1': 20, 'M32ms_v2_US East_2': 20, 'M32ms_v2_US East_3': 20, 'M32ts_US East_1': 20, 'M32ts_US East_2': 20, 'M32ts_US East_3': 20, 'M64s_v2_US East_1': 20, 'M8-4ms_US East_1': 20, 'M8-4ms_US East_2': 20, 'M8-4ms_US East_3': 20, 'M8ms_US East_1': 20, 'M8ms_US East_2': 20, 'M8ms_US East_3': 20, 'NV8as_v4_US East_1': 20, 'NV8as_v4_US East_2': 20, 'NV8as_v4_US East_3': 20}"
1.0,1211.3785200000004,263626343,217625.0772549605,9640,9623,"{'B16pls_v2_US East_1': 20, 'B16pls_v2_US East_2': 20, 'B16pls_v2_US East_3': 20, 'B16ps_v2_US East_3': 20, 'B8pls_v2_US East_1': 20, 'B8pls_v2_US East_2': 20, 'B8pls_v2_US East_3': 20, 'B8ps_v2_US East_1': 20, 'B8ps_v2_US East_2': 20, 'B8ps_v2_US East_3': 20, 'D16ads_v6_US East_2': 20, 'D16ads_v6_US East_3': 20, 'D16alds_v6_US East_1': 20, 'D16alds_v6_US East_3': 20, 'D16als_v6_US East_1': 20, 'D16als_v6_US East_3': 20, 'D16as_v6_US East_1': 20, 'D16as_v6_US East_2': 20, 'D16pds_v5_US East_1': 20, 'D16plds_v5_US East_2': 20, 'D16plds_v5_US East_3': 20, 'D16pls_v5_US East_2': 20, 'D16pls_v5_US East_3': 20, 'D16ps_v5_US East_3': 20, 'D32ads_v6_US East_1': 20, 'D32ads_v6_US East_3': 20, 'D32alds_v6_US East_1': 20, 'D32alds_v6_US East_3': 20, 'D32als_v6_US East_2': 20, 'D32als_v6_US East_3': 20, 'D32as_v6_US East_1': 20, 'D32as_v6_US East_3': 20, 'D32plds_v5_US East_3': 20, 'D32pls_v5_US East_2': 20, 'D48ads_v6_US East_1': 20, 'D48alds_v6_US East_2': 20, 'D48als_v6_US East_1': 20, 'D48als_v6_US East_3': 20, 'D64ads_v6_US East_2': 20, 'D64alds_v6_US East_3': 20, 'D64als_v6_US East_3': 20, 'D64as_v6_US East_2': 20, 'D8ads_v6_US East_1': 20, 'D8ads_v6_US East_2': 20, 'D8ads_v6_US East_3': 20, 'D8alds_v6_US East_1': 20, 'D8alds_v6_US East_2': 20, 'D8alds_v6_US East_3': 20, 'D8als_v6_US East_1': 20, 'D8als_v6_US East_2': 20, 'D8als_v6_US East_3': 20, 'D8as_v6_US East_1': 20, 'D8as_v6_US East_2': 20, 'D8as_v6_US East_3': 20, 'D8plds_v5_US East_1': 20, 'D8plds_v5_US East_2': 20, 'D8plds_v5_US East_3': 20, 'D8pls_v5_US East_1': 20, 'D8pls_v5_US East_2': 20, 'D8pls_v5_US East_3': 20, 'D8ps_v5_US East_1': 20, 'D8ps_v5_US East_2': 20, 'D8ps_v5_US East_3': 20, 'D96ads_v6_US East_1': 20, 'D96alds_v6_US East_2': 20, 'D96als_v6_US East_2': 20, 'D96as_v6_US East_3': 20, 'E16ads_v6_US East_1': 20, 'E16ads_v6_US East_2': 20, 'E16as_v6_US East_1': 20, 'E16as_v6_US East_2': 20, 'E20ads_v6_US East_2': 20, 'E20ads_v6_US East_3': 20, 'E20as_v6_US East_1': 20, 'E20as_v6_US East_3': 20, 'E32ads_v6_US East_2': 20, 'E32as_v6_US East_2': 20, 'E48ads_v6_US East_3': 20, 'E48as_v6_US East_2': 20, 'E64ads_v6_US East_1': 20, 'E64as_v6_US East_3': 20, 'E8ads_v6_US East_2': 20, 'E8ads_v6_US East_3': 20, 'E8as_v6_US East_1': 20, 'E8as_v6_US East_3': 20, 'E8ps_v5_US East_2': 20, 'E96-24ads_v6_US East_1': 20, 'E96-48ads_v6_US East_2': 20, 'E96ads_v6_US East_3': 20, 'E96as_v6_US East_2': 20, 'F16als_v6_US East_2': 20, 'F16als_v6_US East_3': 20, 'F16ams_v6_US East_1': 20, 'F16ams_v6_US East_3': 20, 'F16as_v6_US East_1': 20, 'F16as_v6_US East_3': 20, 'F32als_v6_US East_3': 20, 'F32ams_v6_US East_1': 20, 'F32as_v6_US East_1': 20, 'F48als_v6_US East_2': 20, 'F48ams_v6_US East_2': 20, 'F48as_v6_US East_1': 20, 'F64als_v6_US East_1': 20, 'F64ams_v6_US East_1': 20, 'F64as_v6_US East_1': 20, 'F8als_v6_US East_1': 20, 'F8als_v6_US East_2': 20, 'F8ams_v6_US East_1': 20, 'F8ams_v6_US East_2': 20, 'F8as_v6_US East_2': 20, 'F8as_v6_US East_3': 20, 'M16-8ms_US East_1': 20, 'M16-8ms_US East_2': 20, 'M16-8ms_US East_3': 20, 'M16ms_US East_1': 20, 'M16ms_US East_2': 20, 'M16ms_US East_3': 20, 'M32-16ms_US East_1': 20, 'M32-16ms_US East_3': 20, 'M32-8ms_US East_1': 20, 'M32-8ms_US East_3': 20, 'M32dms_v2_US East_1': 20, 'M32dms_v2_US East_2': 20, 'M32dms_v2_US East_3': 20, 'M32ls_US East_1': 20, 'M32ls_US East_2': 20, 'M32ls_US East_3': 20, 'M32ms_US East_2': 20, 'M32ms_US East_3': 20, 'M32ms_v2_US East_1': 20, 'M32ms_v2_US East_2': 20, 'M32ms_v2_US East_3': 20, 'M32ts_US East_1': 20, 'M32ts_US East_2': 20, 'M32ts_US East_3': 20, 'M64s_v2_US East_1': 20, 'M8-4ms_US East_1': 20, 'M8-4ms_US East_2': 20, 'M8-4ms_US East_3': 20, 'M8ms_US East_1': 20, 'M8ms_US East_2': 20, 'M8ms_US East_3': 20, 'NV8as_v4_US East_1': 20, 'NV8as_v4_US East_2': 20, 'NV8as_v4_US East_3': 20}"
