alpha,cost,performance,perf_per_cost,actual_pods,excess_pods,instance_types
0.0,2.8459000000000003,7839136,2754536.701922063,400,0,"{'D4ps_v5_US East_1': 20, 'D4ps_v5_US East_2': 20, 'D4ps_v5_US East_3': 20, 'D8ps_v5_US East_1': 20}"
0.01,2.8459000000000003,7839136,2754536.701922063,400,0,"{'D4ps_v5_US East_1': 20, 'D4ps_v5_US East_2': 20, 'D4ps_v5_US East_3': 20, 'D8ps_v5_US East_1': 20}"
0.02,2.8459000000000003,7839136,2754536.701922063,400,0,"{'D4ps_v5_US East_1': 20, 'D4ps_v5_US East_2': 20, 'D4ps_v5_US East_3': 20, 'D8ps_v5_US East_1': 20}"
0.03,2.8459000000000003,7839136,2754536.701922063,400,0,"{'D4ps_v5_US East_1': 20, 'D4ps_v5_US East_2': 20, 'D4ps_v5_US East_3': 20, 'D8ps_v5_US East_1': 20}"
0.04,2.8459000000000003,7839136,2754536.701922063,400,0,"{'D4ps_v5_US East_1': 20, 'D4ps_v5_US East_2': 20, 'D4ps_v5_US East_3': 20, 'D8ps_v5_US East_1': 20}"
0.05,2.8459000000000003,7839136,2754536.701922063,400,0,"{'D4ps_v5_US East_1': 20, 'D4ps_v5_US East_2': 20, 'D4ps_v5_US East_3': 20, 'D8ps_v5_US East_1': 20}"
0.06,2.8459000000000003,7839136,2754536.701922063,400,0,"{'D4ps_v5_US East_1': 20, 'D4ps_v5_US East_2': 20, 'D4ps_v5_US East_3': 20, 'D8ps_v5_US East_1': 20}"
0.07,2.8459000000000003,7839136,2754536.701922063,400,0,"{'D4ps_v5_US East_1': 20, 'D4ps_v5_US East_2': 20, 'D4ps_v5_US East_3': 20, 'D8ps_v5_US East_1': 20}"
0.08,2.8459000000000003,7839136,2754536.701922063,400,0,"{'D4ps_v5_US East_1': 20, 'D4ps_v5_US East_2': 20, 'D4ps_v5_US East_3': 20, 'D8ps_v5_US East_1': 20}"
0.09,2.8459000000000003,7839136,2754536.701922063,400,0,"{'D4ps_v5_US East_1': 20, 'D4ps_v5_US East_2': 20, 'D4ps_v5_US East_3': 20, 'D8ps_v5_US East_1': 20}"
0.1,2.8459000000000003,7839136,2754536.701922063,400,0,"{'D4ps_v5_US East_1': 20, 'D4ps_v5_US East_2': 20, 'D4ps_v5_US East_3': 20, 'D8ps_v5_US East_1': 20}"
0.11,2.8459000000000003,7839136,2754536.701922063,400,0,"{'D4ps_v5_US East_1': 20, 'D4ps_v5_US East_2': 20, 'D4ps_v5_US East_3': 20, 'D8ps_v5_US East_1': 20}"
0.12,2.8459000000000003,7839136,2754536.701922063,400,0,"{'D4ps_v5_US East_1': 20, 'D4ps_v5_US East_2': 20, 'D4ps_v5_US East_3': 20, 'D8ps_v5_US East_1': 20}"
0.13,2.8459000000000003,7839136,2754536.701922063,400,0,"{'D4ps_v5_US East_1': 20, 'D4ps_v5_US East_2': 20, 'D4ps_v5_US East_3': 20, 'D8ps_v5_US East_1': 20}"
0.14,2.8459000000000003,7839136,2754536.701922063,400,0,"{'D4ps_v5_US East_1': 20, 'D4ps_v5_US East_2': 20, 'D4ps_v5_US East_3': 20, 'D8ps_v5_US East_1': 20}"
0.15,2.8459000000000003,7839136,2754536.701922063,400,0,"{'D4ps_v5_US East_1': 20, 'D4ps_v5_US East_2': 20, 'D4ps_v5_US East_3': 20, 'D8ps_v5_US East_1': 20}"
0.16,2.8459000000000003,7839136,2754536.701922063,400,0,"{'D4ps_v5_US East_1': 20, 'D4ps_v5_US East_2': 20, 'D4ps_v5_US East_3': 20, 'D8ps_v5_US East_1': 20}"
0.17,2.8459000000000003,7839136,2754536.701922063,400,0,"{'D4ps_v5_US East_1': 20, 'D4ps_v5_US East_2': 20, 'D4ps_v5_US East_3': 20, 'D8ps_v5_US East_1': 20}"
0.18,2.8459000000000003,7839136,2754536.701922063,400,0,"{'D4ps_v5_US East_1': 20, 'D4ps_v5_US East_2': 20, 'D4ps_v5_US East_3': 20, 'D8ps_v5_US East_1': 20}"
0.19,3.5574,12821692,3604231.1800753362,400,0,"{'D16as_v6_US East_1': 20, 'D16as_v6_US East_2': 5}"
0.2,3.5574,12821692,3604231.1800753362,400,0,"{'D16as_v6_US East_1': 20, 'D16as_v6_US East_2': 5}"
0.21,3.5574,12821692,3604231.1800753362,400,0,"{'D16as_v6_US East_1': 20, 'D16as_v6_US East_2': 5}"
0.22,3.5574000000000003,12821692,3604231.180075336,400,0,"{'D8as_v6_US East_1': 10, 'D8as_v6_US East_2': 20, 'D8as_v6_US East_3': 20}"
0.23,3.5574,12821692,3604231.1800753362,400,0,"{'D16as_v6_US East_1': 20, 'D16as_v6_US East_2': 5}"
0.24,3.5574,12821692,3604231.1800753362,400,0,"{'D16as_v6_US East_1': 20, 'D16as_v6_US East_2': 5}"
0.25,3.5574000000000003,12821692,3604231.180075336,400,0,"{'D8as_v6_US East_1': 10, 'D8as_v6_US East_2': 20, 'D8as_v6_US East_3': 20}"
0.26,3.5574,12821692,3604231.1800753362,400,0,"{'D16as_v6_US East_1': 20, 'D16as_v6_US East_2': 5}"
0.27,3.5574,12821692,3604231.1800753362,400,0,"{'D16as_v6_US East_1': 20, 'D16as_v6_US East_2': 5}"
0.28,3.5574,12821692,3604231.1800753362,400,0,"{'D16as_v6_US East_1': 20, 'D16as_v6_US East_2': 5}"
0.29,3.5574000000000003,12821692,3604231.180075336,400,0,"{'D8as_v6_US East_1': 10, 'D8as_v6_US East_2': 20, 'D8as_v6_US East_3': 20}"
0.3,3.5574000000000003,12821692,3604231.180075336,400,0,"{'D8as_v6_US East_1': 10, 'D8as_v6_US East_2': 20, 'D8as_v6_US East_3': 20}"
0.31,53.03526,191043210,3602192.4055807404,5960,5560,"{'D16as_v6_US East_1': 20, 'D16as_v6_US East_2': 20, 'D2as_v6_US East_1': 20, 'D2as_v6_US East_2': 20, 'D2as_v6_US East_3': 20, 'D32as_v6_US East_1': 20, 'D32as_v6_US East_3': 20, 'D4as_v6_US East_1': 20, 'D4as_v6_US East_2': 20, 'D4as_v6_US East_3': 20, 'D64as_v6_US East_2': 20, 'D8as_v6_US East_1': 20, 'D8as_v6_US East_2': 20, 'D8as_v6_US East_3': 20, 'D96as_v6_US East_3': 20}"
0.32,53.03526,191043210,3602192.4055807404,5960,5560,"{'D16as_v6_US East_1': 20, 'D16as_v6_US East_2': 20, 'D2as_v6_US East_1': 20, 'D2as_v6_US East_2': 20, 'D2as_v6_US East_3': 20, 'D32as_v6_US East_1': 20, 'D32as_v6_US East_3': 20, 'D4as_v6_US East_1': 20, 'D4as_v6_US East_2': 20, 'D4as_v6_US East_3': 20, 'D64as_v6_US East_2': 20, 'D8as_v6_US East_1': 20, 'D8as_v6_US East_2': 20, 'D8as_v6_US East_3': 20, 'D96as_v6_US East_3': 20}"
0.33,53.03526,191043210,3602192.4055807404,5960,5560,"{'D16as_v6_US East_1': 20, 'D16as_v6_US East_2': 20, 'D2as_v6_US East_1': 20, 'D2as_v6_US East_2': 20, 'D2as_v6_US East_3': 20, 'D32as_v6_US East_1': 20, 'D32as_v6_US East_3': 20, 'D4as_v6_US East_1': 20, 'D4as_v6_US East_2': 20, 'D4as_v6_US East_3': 20, 'D64as_v6_US East_2': 20, 'D8as_v6_US East_1': 20, 'D8as_v6_US East_2': 20, 'D8as_v6_US East_3': 20, 'D96as_v6_US East_3': 20}"
0.34,53.03526,191043210,3602192.4055807404,5960,5560,"{'D16as_v6_US East_1': 20, 'D16as_v6_US East_2': 20, 'D2as_v6_US East_1': 20, 'D2as_v6_US East_2': 20, 'D2as_v6_US East_3': 20, 'D32as_v6_US East_1': 20, 'D32as_v6_US East_3': 20, 'D4as_v6_US East_1': 20, 'D4as_v6_US East_2': 20, 'D4as_v6_US East_3': 20, 'D64as_v6_US East_2': 20, 'D8as_v6_US East_1': 20, 'D8as_v6_US East_2': 20, 'D8as_v6_US East_3': 20, 'D96as_v6_US East_3': 20}"
0.35000000000000003,53.03526,191043210,3602192.4055807404,5960,5560,"{'D16as_v6_US East_1': 20, 'D16as_v6_US East_2': 20, 'D2as_v6_US East_1': 20, 'D2as_v6_US East_2': 20, 'D2as_v6_US East_3': 20, 'D32as_v6_US East_1': 20, 'D32as_v6_US East_3': 20, 'D4as_v6_US East_1': 20, 'D4as_v6_US East_2': 20, 'D4as_v6_US East_3': 20, 'D64as_v6_US East_2': 20, 'D8as_v6_US East_1': 20, 'D8as_v6_US East_2': 20, 'D8as_v6_US East_3': 20, 'D96as_v6_US East_3': 20}"
0.36,132.39659999999998,412858482,3118346.5617697146,12880,12480,"{'D16ads_v6_US East_2': 20, 'D16ads_v6_US East_3': 20, 'D16as_v6_US East_1': 20, 'D16as_v6_US East_2': 20, 'D2ads_v6_US East_1': 20, 'D2ads_v6_US East_2': 20, 'D2ads_v6_US East_3': 20, 'D2as_v6_US East_1': 20, 'D2as_v6_US East_2': 20, 'D2as_v6_US East_3': 20, 'D32ads_v6_US East_1': 20, 'D32ads_v6_US East_3': 20, 'D32as_v6_US East_1': 20, 'D32as_v6_US East_3': 20, 'D48ads_v6_US East_1': 20, 'D4ads_v6_US East_1': 20, 'D4ads_v6_US East_2': 20, 'D4ads_v6_US East_3': 20, 'D4as_v6_US East_1': 20, 'D4as_v6_US East_2': 20, 'D4as_v6_US East_3': 20, 'D64ads_v6_US East_2': 20, 'D64as_v6_US East_2': 20, 'D8ads_v6_US East_1': 20, 'D8ads_v6_US East_2': 20, 'D8ads_v6_US East_3': 20, 'D8as_v6_US East_1': 20, 'D8as_v6_US East_2': 20, 'D8as_v6_US East_3': 20, 'D96ads_v6_US East_1': 20, 'D96as_v6_US East_3': 20}"
0.37,221.48408000000003,657407248,2968191.8826852012,20960,20560,"{'D16ads_v6_US East_2': 20, 'D16ads_v6_US East_3': 20, 'D16as_v6_US East_1': 20, 'D16as_v6_US East_2': 20, 'D16ps_v5_US East_3': 20, 'D2ads_v6_US East_1': 20, 'D2ads_v6_US East_2': 20, 'D2ads_v6_US East_3': 20, 'D2as_v6_US East_1': 20, 'D2as_v6_US East_2': 20, 'D2as_v6_US East_3': 20, 'D2ps_v5_US East_1': 20, 'D2ps_v5_US East_2': 20, 'D2ps_v5_US East_3': 20, 'D32ads_v6_US East_1': 20, 'D32ads_v6_US East_3': 20, 'D32as_v6_US East_1': 20, 'D32as_v6_US East_3': 20, 'D48ads_v6_US East_1': 20, 'D4ads_v6_US East_1': 20, 'D4ads_v6_US East_2': 20, 'D4ads_v6_US East_3': 20, 'D4as_v6_US East_1': 20, 'D4as_v6_US East_2': 20, 'D4as_v6_US East_3': 20, 'D4ps_v5_US East_1': 20, 'D4ps_v5_US East_2': 20, 'D4ps_v5_US East_3': 20, 'D64ads_v6_US East_2': 20, 'D64as_v6_US East_2': 20, 'D8ads_v6_US East_1': 20, 'D8ads_v6_US East_2': 20, 'D8ads_v6_US East_3': 20, 'D8as_v6_US East_1': 20, 'D8as_v6_US East_2': 20, 'D8as_v6_US East_3': 20, 'D8ps_v5_US East_1': 20, 'D8ps_v5_US East_2': 20, 'D8ps_v5_US East_3': 20, 'D96ads_v6_US East_1': 20, 'D96as_v6_US East_3': 20, 'E16as_v6_US East_1': 20, 'E16as_v6_US East_2': 20, 'E20as_v6_US East_1': 20, 'E20as_v6_US East_3': 20, 'E2as_v6_US East_1': 20, 'E2as_v6_US East_2': 20, 'E2as_v6_US East_3': 20, 'E32as_v6_US East_2': 20, 'E48as_v6_US East_2': 20, 'E4as_v6_US East_1': 20, 'E4as_v6_US East_2': 20, 'E4as_v6_US East_3': 20, 'E64as_v6_US East_3': 20, 'E8as_v6_US East_1': 20, 'E8as_v6_US East_3': 20, 'E96as_v6_US East_2': 20}"
0.38,221.48408000000003,657407248,2968191.8826852012,20960,20560,"{'D16ads_v6_US East_2': 20, 'D16ads_v6_US East_3': 20, 'D16as_v6_US East_1': 20, 'D16as_v6_US East_2': 20, 'D16ps_v5_US East_3': 20, 'D2ads_v6_US East_1': 20, 'D2ads_v6_US East_2': 20, 'D2ads_v6_US East_3': 20, 'D2as_v6_US East_1': 20, 'D2as_v6_US East_2': 20, 'D2as_v6_US East_3': 20, 'D2ps_v5_US East_1': 20, 'D2ps_v5_US East_2': 20, 'D2ps_v5_US East_3': 20, 'D32ads_v6_US East_1': 20, 'D32ads_v6_US East_3': 20, 'D32as_v6_US East_1': 20, 'D32as_v6_US East_3': 20, 'D48ads_v6_US East_1': 20, 'D4ads_v6_US East_1': 20, 'D4ads_v6_US East_2': 20, 'D4ads_v6_US East_3': 20, 'D4as_v6_US East_1': 20, 'D4as_v6_US East_2': 20, 'D4as_v6_US East_3': 20, 'D4ps_v5_US East_1': 20, 'D4ps_v5_US East_2': 20, 'D4ps_v5_US East_3': 20, 'D64ads_v6_US East_2': 20, 'D64as_v6_US East_2': 20, 'D8ads_v6_US East_1': 20, 'D8ads_v6_US East_2': 20, 'D8ads_v6_US East_3': 20, 'D8as_v6_US East_1': 20, 'D8as_v6_US East_2': 20, 'D8as_v6_US East_3': 20, 'D8ps_v5_US East_1': 20, 'D8ps_v5_US East_2': 20, 'D8ps_v5_US East_3': 20, 'D96ads_v6_US East_1': 20, 'D96as_v6_US East_3': 20, 'E16as_v6_US East_1': 20, 'E16as_v6_US East_2': 20, 'E20as_v6_US East_1': 20, 'E20as_v6_US East_3': 20, 'E2as_v6_US East_1': 20, 'E2as_v6_US East_2': 20, 'E2as_v6_US East_3': 20, 'E32as_v6_US East_2': 20, 'E48as_v6_US East_2': 20, 'E4as_v6_US East_1': 20, 'E4as_v6_US East_2': 20, 'E4as_v6_US East_3': 20, 'E64as_v6_US East_3': 20, 'E8as_v6_US East_1': 20, 'E8as_v6_US East_3': 20, 'E96as_v6_US East_2': 20}"
0.39,221.48408000000003,657407248,2968191.8826852012,20960,20560,"{'D16ads_v6_US East_2': 20, 'D16ads_v6_US East_3': 20, 'D16as_v6_US East_1': 20, 'D16as_v6_US East_2': 20, 'D16ps_v5_US East_3': 20, 'D2ads_v6_US East_1': 20, 'D2ads_v6_US East_2': 20, 'D2ads_v6_US East_3': 20, 'D2as_v6_US East_1': 20, 'D2as_v6_US East_2': 20, 'D2as_v6_US East_3': 20, 'D2ps_v5_US East_1': 20, 'D2ps_v5_US East_2': 20, 'D2ps_v5_US East_3': 20, 'D32ads_v6_US East_1': 20, 'D32ads_v6_US East_3': 20, 'D32as_v6_US East_1': 20, 'D32as_v6_US East_3': 20, 'D48ads_v6_US East_1': 20, 'D4ads_v6_US East_1': 20, 'D4ads_v6_US East_2': 20, 'D4ads_v6_US East_3': 20, 'D4as_v6_US East_1': 20, 'D4as_v6_US East_2': 20, 'D4as_v6_US East_3': 20, 'D4ps_v5_US East_1': 20, 'D4ps_v5_US East_2': 20, 'D4ps_v5_US East_3': 20, 'D64ads_v6_US East_2': 20, 'D64as_v6_US East_2': 20, 'D8ads_v6_US East_1': 20, 'D8ads_v6_US East_2': 20, 'D8ads_v6_US East_3': 20, 'D8as_v6_US East_1': 20, 'D8as_v6_US East_2': 20, 'D8as_v6_US East_3': 20, 'D8ps_v5_US East_1': 20, 'D8ps_v5_US East_2': 20, 'D8ps_v5_US East_3': 20, 'D96ads_v6_US East_1': 20, 'D96as_v6_US East_3': 20, 'E16as_v6_US East_1': 20, 'E16as_v6_US East_2': 20, 'E20as_v6_US East_1': 20, 'E20as_v6_US East_3': 20, 'E2as_v6_US East_1': 20, 'E2as_v6_US East_2': 20, 'E2as_v6_US East_3': 20, 'E32as_v6_US East_2': 20, 'E48as_v6_US East_2': 20, 'E4as_v6_US East_1': 20, 'E4as_v6_US East_2': 20, 'E4as_v6_US East_3': 20, 'E64as_v6_US East_3': 20, 'E8as_v6_US East_1': 20, 'E8as_v6_US East_3': 20, 'E96as_v6_US East_2': 20}"
0.4,227.16558000000006,670733779,2952620.6373342285,21640,21240,"{'D16ads_v6_US East_2': 20, 'D16ads_v6_US East_3': 20, 'D16as_v6_US East_1': 20, 'D16as_v6_US East_2': 20, 'D16pds_v5_US East_1': 20, 'D16ps_v5_US East_3': 20, 'D2ads_v6_US East_1': 20, 'D2ads_v6_US East_2': 20, 'D2ads_v6_US East_3': 20, 'D2as_v6_US East_1': 20, 'D2as_v6_US East_2': 20, 'D2as_v6_US East_3': 20, 'D2pds_v5_US East_1': 20, 'D2pds_v5_US East_2': 20, 'D2pds_v5_US East_3': 20, 'D2ps_v5_US East_1': 20, 'D2ps_v5_US East_2': 20, 'D2ps_v5_US East_3': 20, 'D32ads_v6_US East_1': 20, 'D32ads_v6_US East_3': 20, 'D32as_v6_US East_1': 20, 'D32as_v6_US East_3': 20, 'D48ads_v6_US East_1': 20, 'D4ads_v6_US East_1': 20, 'D4ads_v6_US East_2': 20, 'D4ads_v6_US East_3': 20, 'D4as_v6_US East_1': 20, 'D4as_v6_US East_2': 20, 'D4as_v6_US East_3': 20, 'D4pds_v5_US East_1': 20, 'D4pds_v5_US East_2': 20, 'D4pds_v5_US East_3': 20, 'D4ps_v5_US East_1': 20, 'D4ps_v5_US East_2': 20, 'D4ps_v5_US East_3': 20, 'D64ads_v6_US East_2': 20, 'D64as_v6_US East_2': 20, 'D8ads_v6_US East_1': 20, 'D8ads_v6_US East_2': 20, 'D8ads_v6_US East_3': 20, 'D8as_v6_US East_1': 20, 'D8as_v6_US East_2': 20, 'D8as_v6_US East_3': 20, 'D8ps_v5_US East_1': 20, 'D8ps_v5_US East_2': 20, 'D8ps_v5_US East_3': 20, 'D96ads_v6_US East_1': 20, 'D96as_v6_US East_3': 20, 'E16as_v6_US East_1': 20, 'E16as_v6_US East_2': 20, 'E20as_v6_US East_1': 20, 'E20as_v6_US East_3': 20, 'E2as_v6_US East_1': 20, 'E2as_v6_US East_2': 20, 'E2as_v6_US East_3': 20, 'E32as_v6_US East_2': 20, 'E48as_v6_US East_2': 20, 'E4as_v6_US East_1': 20, 'E4as_v6_US East_2': 20, 'E4as_v6_US East_3': 20, 'E64as_v6_US East_3': 20, 'E8as_v6_US East_1': 20, 'E8as_v6_US East_3': 20, 'E96as_v6_US East_2': 20}"
0.41000000000000003,325.63206,892549051,2740974.1264419723,28560,28160,"{'D16ads_v6_US East_2': 20, 'D16ads_v6_US East_3': 20, 'D16as_v6_US East_1': 20, 'D16as_v6_US East_2': 20, 'D16pds_v5_US East_1': 20, 'D16ps_v5_US East_3': 20, 'D2ads_v6_US East_1': 20, 'D2ads_v6_US East_2': 20, 'D2ads_v6_US East_3': 20, 'D2as_v6_US East_1': 20, 'D2as_v6_US East_2': 20, 'D2as_v6_US East_3': 20, 'D2pds_v5_US East_1': 20, 'D2pds_v5_US East_2': 20, 'D2pds_v5_US East_3': 20, 'D2ps_v5_US East_1': 20, 'D2ps_v5_US East_2': 20, 'D2ps_v5_US East_3': 20, 'D32ads_v6_US East_1': 20, 'D32ads_v6_US East_3': 20, 'D32as_v6_US East_1': 20, 'D32as_v6_US East_3': 20, 'D48ads_v6_US East_1': 20, 'D4ads_v6_US East_1': 20, 'D4ads_v6_US East_2': 20, 'D4ads_v6_US East_3': 20, 'D4as_v6_US East_1': 20, 'D4as_v6_US East_2': 20, 'D4as_v6_US East_3': 20, 'D4pds_v5_US East_1': 20, 'D4pds_v5_US East_2': 20, 'D4pds_v5_US East_3': 20, 'D4ps_v5_US East_1': 20, 'D4ps_v5_US East_2': 20, 'D4ps_v5_US East_3': 20, 'D64ads_v6_US East_2': 20, 'D64as_v6_US East_2': 20, 'D8ads_v6_US East_1': 20, 'D8ads_v6_US East_2': 20, 'D8ads_v6_US East_3': 20, 'D8as_v6_US East_1': 20, 'D8as_v6_US East_2': 20, 'D8as_v6_US East_3': 20, 'D8ps_v5_US East_1': 20, 'D8ps_v5_US East_2': 20, 'D8ps_v5_US East_3': 20, 'D96ads_v6_US East_1': 20, 'D96as_v6_US East_3': 20, 'E16ads_v6_US East_1': 20, 'E16ads_v6_US East_2': 20, 'E16as_v6_US East_1': 20, 'E16as_v6_US East_2': 20, 'E20ads_v6_US East_2': 20, 'E20ads_v6_US East_3': 20, 'E20as_v6_US East_1': 20, 'E20as_v6_US East_3': 20, 'E2ads_v6_US East_1': 20, 'E2ads_v6_US East_2': 20, 'E2ads_v6_US East_3': 20, 'E2as_v6_US East_1': 20, 'E2as_v6_US East_2': 20, 'E2as_v6_US East_3': 20, 'E32ads_v6_US East_2': 20, 'E32as_v6_US East_2': 20, 'E48ads_v6_US East_3': 20, 'E48as_v6_US East_2': 20, 'E4ads_v6_US East_1': 20, 'E4ads_v6_US East_2': 20, 'E4ads_v6_US East_3': 20, 'E4as_v6_US East_1': 20, 'E4as_v6_US East_2': 20, 'E4as_v6_US East_3': 20, 'E64ads_v6_US East_1': 20, 'E64as_v6_US East_3': 20, 'E8ads_v6_US East_2': 20, 'E8ads_v6_US East_3': 20, 'E8as_v6_US East_1': 20, 'E8as_v6_US East_3': 20, 'E96ads_v6_US East_3': 20, 'E96as_v6_US East_2': 20}"
0.42,386.84794,1027176817,2655246.9613771243,32760,32360,"{'D16ads_v6_US East_2': 20, 'D16ads_v6_US East_3': 20, 'D16as_v6_US East_1': 20, 'D16as_v6_US East_2': 20, 'D16pds_v5_US East_1': 20, 'D16ps_v5_US East_3': 20, 'D2ads_v6_US East_1': 20, 'D2ads_v6_US East_2': 20, 'D2ads_v6_US East_3': 20, 'D2as_v6_US East_1': 20, 'D2as_v6_US East_2': 20, 'D2as_v6_US East_3': 20, 'D2pds_v5_US East_1': 20, 'D2pds_v5_US East_2': 20, 'D2pds_v5_US East_3': 20, 'D2ps_v5_US East_1': 20, 'D2ps_v5_US East_2': 20, 'D2ps_v5_US East_3': 20, 'D32ads_v6_US East_1': 20, 'D32ads_v6_US East_3': 20, 'D32as_v6_US East_1': 20, 'D32as_v6_US East_3': 20, 'D48ads_v6_US East_1': 20, 'D4ads_v6_US East_1': 20, 'D4ads_v6_US East_2': 20, 'D4ads_v6_US East_3': 20, 'D4as_v6_US East_1': 20, 'D4as_v6_US East_2': 20, 'D4as_v6_US East_3': 20, 'D4pds_v5_US East_1': 20, 'D4pds_v5_US East_2': 20, 'D4pds_v5_US East_3': 20, 'D4ps_v5_US East_1': 20, 'D4ps_v5_US East_2': 20, 'D4ps_v5_US East_3': 20, 'D64ads_v6_US East_2': 20, 'D64as_v6_US East_2': 20, 'D8ads_v6_US East_1': 20, 'D8ads_v6_US East_2': 20, 'D8ads_v6_US East_3': 20, 'D8as_v6_US East_1': 20, 'D8as_v6_US East_2': 20, 'D8as_v6_US East_3': 20, 'D8ps_v5_US East_1': 20, 'D8ps_v5_US East_2': 20, 'D8ps_v5_US East_3': 20, 'D96ads_v6_US East_1': 20, 'D96as_v6_US East_3': 20, 'E16ads_v6_US East_1': 20, 'E16ads_v6_US East_2': 20, 'E16as_v6_US East_1': 20, 'E16as_v6_US East_2': 20, 'E20ads_v6_US East_2': 20, 'E20ads_v6_US East_3': 20, 'E20as_v6_US East_1': 20, 'E20as_v6_US East_3': 20, 'E2ads_v6_US East_1': 20, 'E2ads_v6_US East_2': 20, 'E2ads_v6_US East_3': 20, 'E2as_v6_US East_1': 20, 'E2as_v6_US East_2': 20, 'E2as_v6_US East_3': 20, 'E32ads_v6_US East_2': 20, 'E32as_v6_US East_2': 20, 'E48ads_v6_US East_3': 20, 'E48as_v6_US East_2': 20, 'E4ads_v6_US East_1': 20, 'E4ads_v6_US East_2': 20, 'E4ads_v6_US East_3': 20, 'E4as_v6_US East_1': 20, 'E4as_v6_US East_2': 20, 'E4as_v6_US East_3': 20, 'E64ads_v6_US East_1': 20, 'E64as_v6_US East_3': 20, 'E8ads_v6_US East_2': 20, 'E8ads_v6_US East_3': 20, 'E8as_v6_US East_1': 20, 'E8as_v6_US East_3': 20, 'E96ads_v6_US East_3': 20, 'E96as_v6_US East_2': 20, 'F16as_v6_US East_1': 20, 'F16as_v6_US East_3': 20, 'F2as_v6_US East_1': 20, 'F2as_v6_US East_2': 20, 'F2as_v6_US East_3': 20, 'F32as_v6_US East_1': 20, 'F48as_v6_US East_1': 20, 'F4as_v6_US East_1': 20, 'F4as_v6_US East_2': 20, 'F4as_v6_US East_3': 20, 'F64as_v6_US East_1': 20, 'F8as_v6_US East_2': 20, 'F8as_v6_US East_3': 20}"
0.43,391.69712000000004,1037367694,2648392.4466945278,33280,32880,"{'D16ads_v6_US East_2': 20, 'D16ads_v6_US East_3': 20, 'D16as_v6_US East_1': 20, 'D16as_v6_US East_2': 20, 'D16pds_v5_US East_1': 20, 'D16ps_v5_US East_3': 20, 'D2ads_v6_US East_1': 20, 'D2ads_v6_US East_2': 20, 'D2ads_v6_US East_3': 20, 'D2as_v6_US East_1': 20, 'D2as_v6_US East_2': 20, 'D2as_v6_US East_3': 20, 'D2pds_v5_US East_1': 20, 'D2pds_v5_US East_2': 20, 'D2pds_v5_US East_3': 20, 'D2ps_v5_US East_1': 20, 'D2ps_v5_US East_2': 20, 'D2ps_v5_US East_3': 20, 'D32ads_v6_US East_1': 20, 'D32ads_v6_US East_3': 20, 'D32as_v6_US East_1': 20, 'D32as_v6_US East_3': 20, 'D48ads_v6_US East_1': 20, 'D4ads_v6_US East_1': 20, 'D4ads_v6_US East_2': 20, 'D4ads_v6_US East_3': 20, 'D4as_v6_US East_1': 20, 'D4as_v6_US East_2': 20, 'D4as_v6_US East_3': 20, 'D4pds_v5_US East_1': 20, 'D4pds_v5_US East_2': 20, 'D4pds_v5_US East_3': 20, 'D4ps_v5_US East_1': 20, 'D4ps_v5_US East_2': 20, 'D4ps_v5_US East_3': 20, 'D64ads_v6_US East_2': 20, 'D64as_v6_US East_2': 20, 'D8ads_v6_US East_1': 20, 'D8ads_v6_US East_2': 20, 'D8ads_v6_US East_3': 20, 'D8as_v6_US East_1': 20, 'D8as_v6_US East_2': 20, 'D8as_v6_US East_3': 20, 'D8ps_v5_US East_1': 20, 'D8ps_v5_US East_2': 20, 'D8ps_v5_US East_3': 20, 'D96ads_v6_US East_1': 20, 'D96as_v6_US East_3': 20, 'E16ads_v6_US East_1': 20, 'E16ads_v6_US East_2': 20, 'E16as_v6_US East_1': 20, 'E16as_v6_US East_2': 20, 'E20ads_v6_US East_2': 20, 'E20ads_v6_US East_3': 20, 'E20as_v6_US East_1': 20, 'E20as_v6_US East_3': 20, 'E2ads_v6_US East_1': 20, 'E2ads_v6_US East_2': 20, 'E2ads_v6_US East_3': 20, 'E2as_v6_US East_1': 20, 'E2as_v6_US East_2': 20, 'E2as_v6_US East_3': 20, 'E2ps_v5_US East_1': 20, 'E2ps_v5_US East_2': 20, 'E2ps_v5_US East_3': 20, 'E32ads_v6_US East_2': 20, 'E32as_v6_US East_2': 20, 'E48ads_v6_US East_3': 20, 'E48as_v6_US East_2': 20, 'E4ads_v6_US East_1': 20, 'E4ads_v6_US East_2': 20, 'E4ads_v6_US East_3': 20, 'E4as_v6_US East_1': 20, 'E4as_v6_US East_2': 20, 'E4as_v6_US East_3': 20, 'E4ps_v5_US East_1': 20, 'E4ps_v5_US East_2': 20, 'E4ps_v5_US East_3': 20, 'E64ads_v6_US East_1': 20, 'E64as_v6_US East_3': 20, 'E8ads_v6_US East_2': 20, 'E8ads_v6_US East_3': 20, 'E8as_v6_US East_1': 20, 'E8as_v6_US East_3': 20, 'E8ps_v5_US East_2': 20, 'E96ads_v6_US East_3': 20, 'E96as_v6_US East_2': 20, 'F16as_v6_US East_1': 20, 'F16as_v6_US East_3': 20, 'F2as_v6_US East_1': 20, 'F2as_v6_US East_2': 20, 'F2as_v6_US East_3': 20, 'F32as_v6_US East_1': 20, 'F48as_v6_US East_1': 20, 'F4as_v6_US East_1': 20, 'F4as_v6_US East_2': 20, 'F4as_v6_US East_3': 20, 'F64as_v6_US East_1': 20, 'F8as_v6_US East_2': 20, 'F8as_v6_US East_3': 20}"
0.44,453.7906799999998,1163661360,2564313.0445076595,37220,36820,"{'D16ads_v6_US East_2': 20, 'D16ads_v6_US East_3': 20, 'D16als_v6_US East_1': 20, 'D16als_v6_US East_3': 20, 'D16as_v6_US East_1': 20, 'D16as_v6_US East_2': 20, 'D16pds_v5_US East_1': 20, 'D16ps_v5_US East_3': 20, 'D2ads_v6_US East_1': 20, 'D2ads_v6_US East_2': 20, 'D2ads_v6_US East_3': 20, 'D2als_v6_US East_1': 20, 'D2als_v6_US East_2': 20, 'D2als_v6_US East_3': 20, 'D2as_v6_US East_1': 20, 'D2as_v6_US East_2': 20, 'D2as_v6_US East_3': 20, 'D2pds_v5_US East_1': 20, 'D2pds_v5_US East_2': 20, 'D2pds_v5_US East_3': 20, 'D2ps_v5_US East_1': 20, 'D2ps_v5_US East_2': 20, 'D2ps_v5_US East_3': 20, 'D32ads_v6_US East_1': 20, 'D32ads_v6_US East_3': 20, 'D32als_v6_US East_2': 20, 'D32als_v6_US East_3': 20, 'D32as_v6_US East_1': 20, 'D32as_v6_US East_3': 20, 'D48ads_v6_US East_1': 20, 'D48als_v6_US East_1': 20, 'D48als_v6_US East_3': 20, 'D4ads_v6_US East_1': 20, 'D4ads_v6_US East_2': 20, 'D4ads_v6_US East_3': 20, 'D4als_v6_US East_1': 20, 'D4als_v6_US East_2': 20, 'D4als_v6_US East_3': 20, 'D4as_v6_US East_1': 20, 'D4as_v6_US East_2': 20, 'D4as_v6_US East_3': 20, 'D4pds_v5_US East_1': 20, 'D4pds_v5_US East_2': 20, 'D4pds_v5_US East_3': 20, 'D4ps_v5_US East_1': 20, 'D4ps_v5_US East_2': 20, 'D4ps_v5_US East_3': 20, 'D64ads_v6_US East_2': 20, 'D64als_v6_US East_3': 20, 'D64as_v6_US East_2': 20, 'D8ads_v6_US East_1': 20, 'D8ads_v6_US East_2': 20, 'D8ads_v6_US East_3': 20, 'D8als_v6_US East_1': 20, 'D8als_v6_US East_2': 20, 'D8als_v6_US East_3': 20, 'D8as_v6_US East_1': 20, 'D8as_v6_US East_2': 20, 'D8as_v6_US East_3': 20, 'D8ps_v5_US East_1': 20, 'D8ps_v5_US East_2': 20, 'D8ps_v5_US East_3': 20, 'D96ads_v6_US East_1': 20, 'D96als_v6_US East_2': 20, 'D96as_v6_US East_3': 20, 'E16ads_v6_US East_1': 20, 'E16ads_v6_US East_2': 20, 'E16as_v6_US East_1': 20, 'E16as_v6_US East_2': 20, 'E20ads_v6_US East_2': 20, 'E20ads_v6_US East_3': 20, 'E20as_v6_US East_1': 20, 'E20as_v6_US East_3': 20, 'E2ads_v6_US East_1': 20, 'E2ads_v6_US East_2': 20, 'E2ads_v6_US East_3': 20, 'E2as_v6_US East_1': 20, 'E2as_v6_US East_2': 20, 'E2as_v6_US East_3': 20, 'E2ps_v5_US East_1': 20, 'E2ps_v5_US East_2': 20, 'E2ps_v5_US East_3': 20, 'E32ads_v6_US East_2': 20, 'E32as_v6_US East_2': 20, 'E48ads_v6_US East_3': 20, 'E48as_v6_US East_2': 20, 'E4ads_v6_US East_1': 20, 'E4ads_v6_US East_2': 20, 'E4ads_v6_US East_3': 20, 'E4as_v6_US East_1': 20, 'E4as_v6_US East_2': 20, 'E4as_v6_US East_3': 20, 'E4ps_v5_US East_1': 20, 'E4ps_v5_US East_2': 20, 'E4ps_v5_US East_3': 20, 'E64ads_v6_US East_1': 20, 'E64as_v6_US East_3': 20, 'E8ads_v6_US East_2': 20, 'E8ads_v6_US East_3': 20, 'E8as_v6_US East_1': 20, 'E8as_v6_US East_3': 20, 'E8ps_v5_US East_2': 20, 'E96ads_v6_US East_3': 20, 'E96as_v6_US East_2': 20, 'F16as_v6_US East_1': 20, 'F16as_v6_US East_3': 20, 'F2as_v6_US East_1': 20, 'F2as_v6_US East_2': 20, 'F2as_v6_US East_3': 20, 'F32as_v6_US East_1': 20, 'F48as_v6_US East_1': 20, 'F4as_v6_US East_1': 20, 'F4as_v6_US East_2': 20, 'F4as_v6_US East_3': 20, 'F64as_v6_US East_1': 20, 'F8as_v6_US East_2': 20, 'F8as_v6_US East_3': 20}"
0.45,454.8551399999998,1165720960,2562840.029025507,37280,36880,"{'D16ads_v6_US East_2': 20, 'D16ads_v6_US East_3': 20, 'D16als_v6_US East_1': 20, 'D16als_v6_US East_3': 20, 'D16as_v6_US East_1': 20, 'D16as_v6_US East_2': 20, 'D16pds_v5_US East_1': 20, 'D16ps_v5_US East_3': 20, 'D2ads_v6_US East_1': 20, 'D2ads_v6_US East_2': 20, 'D2ads_v6_US East_3': 20, 'D2als_v6_US East_1': 20, 'D2als_v6_US East_2': 20, 'D2als_v6_US East_3': 20, 'D2as_v6_US East_1': 20, 'D2as_v6_US East_2': 20, 'D2as_v6_US East_3': 20, 'D2pds_v5_US East_1': 20, 'D2pds_v5_US East_2': 20, 'D2pds_v5_US East_3': 20, 'D2ps_v5_US East_1': 20, 'D2ps_v5_US East_2': 20, 'D2ps_v5_US East_3': 20, 'D32ads_v6_US East_1': 20, 'D32ads_v6_US East_3': 20, 'D32als_v6_US East_2': 20, 'D32als_v6_US East_3': 20, 'D32as_v6_US East_1': 20, 'D32as_v6_US East_3': 20, 'D48ads_v6_US East_1': 20, 'D48als_v6_US East_1': 20, 'D48als_v6_US East_3': 20, 'D4ads_v6_US East_1': 20, 'D4ads_v6_US East_2': 20, 'D4ads_v6_US East_3': 20, 'D4als_v6_US East_1': 20, 'D4als_v6_US East_2': 20, 'D4als_v6_US East_3': 20, 'D4as_v6_US East_1': 20, 'D4as_v6_US East_2': 20, 'D4as_v6_US East_3': 20, 'D4pds_v5_US East_1': 20, 'D4pds_v5_US East_2': 20, 'D4pds_v5_US East_3': 20, 'D4ps_v5_US East_1': 20, 'D4ps_v5_US East_2': 20, 'D4ps_v5_US East_3': 20, 'D64ads_v6_US East_2': 20, 'D64als_v6_US East_3': 20, 'D64as_v6_US East_2': 20, 'D8ads_v6_US East_1': 20, 'D8ads_v6_US East_2': 20, 'D8ads_v6_US East_3': 20, 'D8als_v6_US East_1': 20, 'D8als_v6_US East_2': 20, 'D8als_v6_US East_3': 20, 'D8as_v6_US East_1': 20, 'D8as_v6_US East_2': 20, 'D8as_v6_US East_3': 20, 'D8ps_v5_US East_1': 20, 'D8ps_v5_US East_2': 20, 'D8ps_v5_US East_3': 20, 'D96ads_v6_US East_1': 20, 'D96als_v6_US East_2': 20, 'D96as_v6_US East_3': 20, 'DC1s_v2_US East_3': 20, 'DC2s_v2_US East_2': 20, 'E16ads_v6_US East_1': 20, 'E16ads_v6_US East_2': 20, 'E16as_v6_US East_1': 20, 'E16as_v6_US East_2': 20, 'E20ads_v6_US East_2': 20, 'E20ads_v6_US East_3': 20, 'E20as_v6_US East_1': 20, 'E20as_v6_US East_3': 20, 'E2ads_v6_US East_1': 20, 'E2ads_v6_US East_2': 20, 'E2ads_v6_US East_3': 20, 'E2as_v6_US East_1': 20, 'E2as_v6_US East_2': 20, 'E2as_v6_US East_3': 20, 'E2ps_v5_US East_1': 20, 'E2ps_v5_US East_2': 20, 'E2ps_v5_US East_3': 20, 'E32ads_v6_US East_2': 20, 'E32as_v6_US East_2': 20, 'E48ads_v6_US East_3': 20, 'E48as_v6_US East_2': 20, 'E4ads_v6_US East_1': 20, 'E4ads_v6_US East_2': 20, 'E4ads_v6_US East_3': 20, 'E4as_v6_US East_1': 20, 'E4as_v6_US East_2': 20, 'E4as_v6_US East_3': 20, 'E4ps_v5_US East_1': 20, 'E4ps_v5_US East_2': 20, 'E4ps_v5_US East_3': 20, 'E64ads_v6_US East_1': 20, 'E64as_v6_US East_3': 20, 'E8ads_v6_US East_2': 20, 'E8ads_v6_US East_3': 20, 'E8as_v6_US East_1': 20, 'E8as_v6_US East_3': 20, 'E8ps_v5_US East_2': 20, 'E96ads_v6_US East_3': 20, 'E96as_v6_US East_2': 20, 'F16as_v6_US East_1': 20, 'F16as_v6_US East_3': 20, 'F2as_v6_US East_1': 20, 'F2as_v6_US East_2': 20, 'F2as_v6_US East_3': 20, 'F32as_v6_US East_1': 20, 'F48as_v6_US East_1': 20, 'F4as_v6_US East_1': 20, 'F4as_v6_US East_2': 20, 'F4as_v6_US East_3': 20, 'F64as_v6_US East_1': 20, 'F8as_v6_US East_2': 20, 'F8as_v6_US East_3': 20}"
0.46,454.8551399999998,1165720960,2562840.029025507,37280,36880,"{'D16ads_v6_US East_2': 20, 'D16ads_v6_US East_3': 20, 'D16als_v6_US East_1': 20, 'D16als_v6_US East_3': 20, 'D16as_v6_US East_1': 20, 'D16as_v6_US East_2': 20, 'D16pds_v5_US East_1': 20, 'D16ps_v5_US East_3': 20, 'D2ads_v6_US East_1': 20, 'D2ads_v6_US East_2': 20, 'D2ads_v6_US East_3': 20, 'D2als_v6_US East_1': 20, 'D2als_v6_US East_2': 20, 'D2als_v6_US East_3': 20, 'D2as_v6_US East_1': 20, 'D2as_v6_US East_2': 20, 'D2as_v6_US East_3': 20, 'D2pds_v5_US East_1': 20, 'D2pds_v5_US East_2': 20, 'D2pds_v5_US East_3': 20, 'D2ps_v5_US East_1': 20, 'D2ps_v5_US East_2': 20, 'D2ps_v5_US East_3': 20, 'D32ads_v6_US East_1': 20, 'D32ads_v6_US East_3': 20, 'D32als_v6_US East_2': 20, 'D32als_v6_US East_3': 20, 'D32as_v6_US East_1': 20, 'D32as_v6_US East_3': 20, 'D48ads_v6_US East_1': 20, 'D48als_v6_US East_1': 20, 'D48als_v6_US East_3': 20, 'D4ads_v6_US East_1': 20, 'D4ads_v6_US East_2': 20, 'D4ads_v6_US East_3': 20, 'D4als_v6_US East_1': 20, 'D4als_v6_US East_2': 20, 'D4als_v6_US East_3': 20, 'D4as_v6_US East_1': 20, 'D4as_v6_US East_2': 20, 'D4as_v6_US East_3': 20, 'D4pds_v5_US East_1': 20, 'D4pds_v5_US East_2': 20, 'D4pds_v5_US East_3': 20, 'D4ps_v5_US East_1': 20, 'D4ps_v5_US East_2': 20, 'D4ps_v5_US East_3': 20, 'D64ads_v6_US East_2': 20, 'D64als_v6_US East_3': 20, 'D64as_v6_US East_2': 20, 'D8ads_v6_US East_1': 20, 'D8ads_v6_US East_2': 20, 'D8ads_v6_US East_3': 20, 'D8als_v6_US East_1': 20, 'D8als_v6_US East_2': 20, 'D8als_v6_US East_3': 20, 'D8as_v6_US East_1': 20, 'D8as_v6_US East_2': 20, 'D8as_v6_US East_3': 20, 'D8ps_v5_US East_1': 20, 'D8ps_v5_US East_2': 20, 'D8ps_v5_US East_3': 20, 'D96ads_v6_US East_1': 20, 'D96als_v6_US East_2': 20, 'D96as_v6_US East_3': 20, 'DC1s_v2_US East_3': 20, 'DC2s_v2_US East_2': 20, 'E16ads_v6_US East_1': 20, 'E16ads_v6_US East_2': 20, 'E16as_v6_US East_1': 20, 'E16as_v6_US East_2': 20, 'E20ads_v6_US East_2': 20, 'E20ads_v6_US East_3': 20, 'E20as_v6_US East_1': 20, 'E20as_v6_US East_3': 20, 'E2ads_v6_US East_1': 20, 'E2ads_v6_US East_2': 20, 'E2ads_v6_US East_3': 20, 'E2as_v6_US East_1': 20, 'E2as_v6_US East_2': 20, 'E2as_v6_US East_3': 20, 'E2ps_v5_US East_1': 20, 'E2ps_v5_US East_2': 20, 'E2ps_v5_US East_3': 20, 'E32ads_v6_US East_2': 20, 'E32as_v6_US East_2': 20, 'E48ads_v6_US East_3': 20, 'E48as_v6_US East_2': 20, 'E4ads_v6_US East_1': 20, 'E4ads_v6_US East_2': 20, 'E4ads_v6_US East_3': 20, 'E4as_v6_US East_1': 20, 'E4as_v6_US East_2': 20, 'E4as_v6_US East_3': 20, 'E4ps_v5_US East_1': 20, 'E4ps_v5_US East_2': 20, 'E4ps_v5_US East_3': 20, 'E64ads_v6_US East_1': 20, 'E64as_v6_US East_3': 20, 'E8ads_v6_US East_2': 20, 'E8ads_v6_US East_3': 20, 'E8as_v6_US East_1': 20, 'E8as_v6_US East_3': 20, 'E8ps_v5_US East_2': 20, 'E96ads_v6_US East_3': 20, 'E96as_v6_US East_2': 20, 'F16as_v6_US East_1': 20, 'F16as_v6_US East_3': 20, 'F2as_v6_US East_1': 20, 'F2as_v6_US East_2': 20, 'F2as_v6_US East_3': 20, 'F32as_v6_US East_1': 20, 'F48as_v6_US East_1': 20, 'F4as_v6_US East_1': 20, 'F4as_v6_US East_2': 20, 'F4as_v6_US East_3': 20, 'F64as_v6_US East_1': 20, 'F8as_v6_US East_2': 20, 'F8as_v6_US East_3': 20}"
0.47000000000000003,454.8551399999998,1165720960,2562840.029025507,37280,36880,"{'D16ads_v6_US East_2': 20, 'D16ads_v6_US East_3': 20, 'D16als_v6_US East_1': 20, 'D16als_v6_US East_3': 20, 'D16as_v6_US East_1': 20, 'D16as_v6_US East_2': 20, 'D16pds_v5_US East_1': 20, 'D16ps_v5_US East_3': 20, 'D2ads_v6_US East_1': 20, 'D2ads_v6_US East_2': 20, 'D2ads_v6_US East_3': 20, 'D2als_v6_US East_1': 20, 'D2als_v6_US East_2': 20, 'D2als_v6_US East_3': 20, 'D2as_v6_US East_1': 20, 'D2as_v6_US East_2': 20, 'D2as_v6_US East_3': 20, 'D2pds_v5_US East_1': 20, 'D2pds_v5_US East_2': 20, 'D2pds_v5_US East_3': 20, 'D2ps_v5_US East_1': 20, 'D2ps_v5_US East_2': 20, 'D2ps_v5_US East_3': 20, 'D32ads_v6_US East_1': 20, 'D32ads_v6_US East_3': 20, 'D32als_v6_US East_2': 20, 'D32als_v6_US East_3': 20, 'D32as_v6_US East_1': 20, 'D32as_v6_US East_3': 20, 'D48ads_v6_US East_1': 20, 'D48als_v6_US East_1': 20, 'D48als_v6_US East_3': 20, 'D4ads_v6_US East_1': 20, 'D4ads_v6_US East_2': 20, 'D4ads_v6_US East_3': 20, 'D4als_v6_US East_1': 20, 'D4als_v6_US East_2': 20, 'D4als_v6_US East_3': 20, 'D4as_v6_US East_1': 20, 'D4as_v6_US East_2': 20, 'D4as_v6_US East_3': 20, 'D4pds_v5_US East_1': 20, 'D4pds_v5_US East_2': 20, 'D4pds_v5_US East_3': 20, 'D4ps_v5_US East_1': 20, 'D4ps_v5_US East_2': 20, 'D4ps_v5_US East_3': 20, 'D64ads_v6_US East_2': 20, 'D64als_v6_US East_3': 20, 'D64as_v6_US East_2': 20, 'D8ads_v6_US East_1': 20, 'D8ads_v6_US East_2': 20, 'D8ads_v6_US East_3': 20, 'D8als_v6_US East_1': 20, 'D8als_v6_US East_2': 20, 'D8als_v6_US East_3': 20, 'D8as_v6_US East_1': 20, 'D8as_v6_US East_2': 20, 'D8as_v6_US East_3': 20, 'D8ps_v5_US East_1': 20, 'D8ps_v5_US East_2': 20, 'D8ps_v5_US East_3': 20, 'D96ads_v6_US East_1': 20, 'D96als_v6_US East_2': 20, 'D96as_v6_US East_3': 20, 'DC1s_v2_US East_3': 20, 'DC2s_v2_US East_2': 20, 'E16ads_v6_US East_1': 20, 'E16ads_v6_US East_2': 20, 'E16as_v6_US East_1': 20, 'E16as_v6_US East_2': 20, 'E20ads_v6_US East_2': 20, 'E20ads_v6_US East_3': 20, 'E20as_v6_US East_1': 20, 'E20as_v6_US East_3': 20, 'E2ads_v6_US East_1': 20, 'E2ads_v6_US East_2': 20, 'E2ads_v6_US East_3': 20, 'E2as_v6_US East_1': 20, 'E2as_v6_US East_2': 20, 'E2as_v6_US East_3': 20, 'E2ps_v5_US East_1': 20, 'E2ps_v5_US East_2': 20, 'E2ps_v5_US East_3': 20, 'E32ads_v6_US East_2': 20, 'E32as_v6_US East_2': 20, 'E48ads_v6_US East_3': 20, 'E48as_v6_US East_2': 20, 'E4ads_v6_US East_1': 20, 'E4ads_v6_US East_2': 20, 'E4ads_v6_US East_3': 20, 'E4as_v6_US East_1': 20, 'E4as_v6_US East_2': 20, 'E4as_v6_US East_3': 20, 'E4ps_v5_US East_1': 20, 'E4ps_v5_US East_2': 20, 'E4ps_v5_US East_3': 20, 'E64ads_v6_US East_1': 20, 'E64as_v6_US East_3': 20, 'E8ads_v6_US East_2': 20, 'E8ads_v6_US East_3': 20, 'E8as_v6_US East_1': 20, 'E8as_v6_US East_3': 20, 'E8ps_v5_US East_2': 20, 'E96ads_v6_US East_3': 20, 'E96as_v6_US East_2': 20, 'F16as_v6_US East_1': 20, 'F16as_v6_US East_3': 20, 'F2as_v6_US East_1': 20, 'F2as_v6_US East_2': 20, 'F2as_v6_US East_3': 20, 'F32as_v6_US East_1': 20, 'F48as_v6_US East_1': 20, 'F4as_v6_US East_1': 20, 'F4as_v6_US East_2': 20, 'F4as_v6_US East_3': 20, 'F64as_v6_US East_1': 20, 'F8as_v6_US East_2': 20, 'F8as_v6_US East_3': 20}"
0.48,454.8551399999998,1165720960,2562840.029025507,37280,36880,"{'D16ads_v6_US East_2': 20, 'D16ads_v6_US East_3': 20, 'D16als_v6_US East_1': 20, 'D16als_v6_US East_3': 20, 'D16as_v6_US East_1': 20, 'D16as_v6_US East_2': 20, 'D16pds_v5_US East_1': 20, 'D16ps_v5_US East_3': 20, 'D2ads_v6_US East_1': 20, 'D2ads_v6_US East_2': 20, 'D2ads_v6_US East_3': 20, 'D2als_v6_US East_1': 20, 'D2als_v6_US East_2': 20, 'D2als_v6_US East_3': 20, 'D2as_v6_US East_1': 20, 'D2as_v6_US East_2': 20, 'D2as_v6_US East_3': 20, 'D2pds_v5_US East_1': 20, 'D2pds_v5_US East_2': 20, 'D2pds_v5_US East_3': 20, 'D2ps_v5_US East_1': 20, 'D2ps_v5_US East_2': 20, 'D2ps_v5_US East_3': 20, 'D32ads_v6_US East_1': 20, 'D32ads_v6_US East_3': 20, 'D32als_v6_US East_2': 20, 'D32als_v6_US East_3': 20, 'D32as_v6_US East_1': 20, 'D32as_v6_US East_3': 20, 'D48ads_v6_US East_1': 20, 'D48als_v6_US East_1': 20, 'D48als_v6_US East_3': 20, 'D4ads_v6_US East_1': 20, 'D4ads_v6_US East_2': 20, 'D4ads_v6_US East_3': 20, 'D4als_v6_US East_1': 20, 'D4als_v6_US East_2': 20, 'D4als_v6_US East_3': 20, 'D4as_v6_US East_1': 20, 'D4as_v6_US East_2': 20, 'D4as_v6_US East_3': 20, 'D4pds_v5_US East_1': 20, 'D4pds_v5_US East_2': 20, 'D4pds_v5_US East_3': 20, 'D4ps_v5_US East_1': 20, 'D4ps_v5_US East_2': 20, 'D4ps_v5_US East_3': 20, 'D64ads_v6_US East_2': 20, 'D64als_v6_US East_3': 20, 'D64as_v6_US East_2': 20, 'D8ads_v6_US East_1': 20, 'D8ads_v6_US East_2': 20, 'D8ads_v6_US East_3': 20, 'D8als_v6_US East_1': 20, 'D8als_v6_US East_2': 20, 'D8als_v6_US East_3': 20, 'D8as_v6_US East_1': 20, 'D8as_v6_US East_2': 20, 'D8as_v6_US East_3': 20, 'D8ps_v5_US East_1': 20, 'D8ps_v5_US East_2': 20, 'D8ps_v5_US East_3': 20, 'D96ads_v6_US East_1': 20, 'D96als_v6_US East_2': 20, 'D96as_v6_US East_3': 20, 'DC1s_v2_US East_3': 20, 'DC2s_v2_US East_2': 20, 'E16ads_v6_US East_1': 20, 'E16ads_v6_US East_2': 20, 'E16as_v6_US East_1': 20, 'E16as_v6_US East_2': 20, 'E20ads_v6_US East_2': 20, 'E20ads_v6_US East_3': 20, 'E20as_v6_US East_1': 20, 'E20as_v6_US East_3': 20, 'E2ads_v6_US East_1': 20, 'E2ads_v6_US East_2': 20, 'E2ads_v6_US East_3': 20, 'E2as_v6_US East_1': 20, 'E2as_v6_US East_2': 20, 'E2as_v6_US East_3': 20, 'E2ps_v5_US East_1': 20, 'E2ps_v5_US East_2': 20, 'E2ps_v5_US East_3': 20, 'E32ads_v6_US East_2': 20, 'E32as_v6_US East_2': 20, 'E48ads_v6_US East_3': 20, 'E48as_v6_US East_2': 20, 'E4ads_v6_US East_1': 20, 'E4ads_v6_US East_2': 20, 'E4ads_v6_US East_3': 20, 'E4as_v6_US East_1': 20, 'E4as_v6_US East_2': 20, 'E4as_v6_US East_3': 20, 'E4ps_v5_US East_1': 20, 'E4ps_v5_US East_2': 20, 'E4ps_v5_US East_3': 20, 'E64ads_v6_US East_1': 20, 'E64as_v6_US East_3': 20, 'E8ads_v6_US East_2': 20, 'E8ads_v6_US East_3': 20, 'E8as_v6_US East_1': 20, 'E8as_v6_US East_3': 20, 'E8ps_v5_US East_2': 20, 'E96ads_v6_US East_3': 20, 'E96as_v6_US East_2': 20, 'F16as_v6_US East_1': 20, 'F16as_v6_US East_3': 20, 'F2as_v6_US East_1': 20, 'F2as_v6_US East_2': 20, 'F2as_v6_US East_3': 20, 'F32as_v6_US East_1': 20, 'F48as_v6_US East_1': 20, 'F4as_v6_US East_1': 20, 'F4as_v6_US East_2': 20, 'F4as_v6_US East_3': 20, 'F64as_v6_US East_1': 20, 'F8as_v6_US East_2': 20, 'F8as_v6_US East_3': 20}"
0.49,601.3458399999998,1411256361,2346829.8408782543,44940,44540,"{'D16ads_v6_US East_2': 20, 'D16ads_v6_US East_3': 20, 'D16alds_v6_US East_1': 20, 'D16alds_v6_US East_3': 20, 'D16als_v6_US East_1': 20, 'D16als_v6_US East_3': 20, 'D16as_v6_US East_1': 20, 'D16as_v6_US East_2': 20, 'D16pds_v5_US East_1': 20, 'D16ps_v5_US East_3': 20, 'D2ads_v6_US East_1': 20, 'D2ads_v6_US East_2': 20, 'D2ads_v6_US East_3': 20, 'D2alds_v6_US East_1': 20, 'D2alds_v6_US East_2': 20, 'D2alds_v6_US East_3': 20, 'D2als_v6_US East_1': 20, 'D2als_v6_US East_2': 20, 'D2als_v6_US East_3': 20, 'D2as_v6_US East_1': 20, 'D2as_v6_US East_2': 20, 'D2as_v6_US East_3': 20, 'D2pds_v5_US East_1': 20, 'D2pds_v5_US East_2': 20, 'D2pds_v5_US East_3': 20, 'D2ps_v5_US East_1': 20, 'D2ps_v5_US East_2': 20, 'D2ps_v5_US East_3': 20, 'D32ads_v6_US East_1': 20, 'D32ads_v6_US East_3': 20, 'D32alds_v6_US East_1': 20, 'D32alds_v6_US East_3': 20, 'D32als_v6_US East_2': 20, 'D32als_v6_US East_3': 20, 'D32as_v6_US East_1': 20, 'D32as_v6_US East_3': 20, 'D48ads_v6_US East_1': 20, 'D48alds_v6_US East_2': 20, 'D48als_v6_US East_1': 20, 'D48als_v6_US East_3': 20, 'D4ads_v6_US East_1': 20, 'D4ads_v6_US East_2': 20, 'D4ads_v6_US East_3': 20, 'D4alds_v6_US East_1': 20, 'D4alds_v6_US East_2': 20, 'D4alds_v6_US East_3': 20, 'D4als_v6_US East_1': 20, 'D4als_v6_US East_2': 20, 'D4als_v6_US East_3': 20, 'D4as_v6_US East_1': 20, 'D4as_v6_US East_2': 20, 'D4as_v6_US East_3': 20, 'D4pds_v5_US East_1': 20, 'D4pds_v5_US East_2': 20, 'D4pds_v5_US East_3': 20, 'D4ps_v5_US East_1': 20, 'D4ps_v5_US East_2': 20, 'D4ps_v5_US East_3': 20, 'D64ads_v6_US East_2': 20, 'D64alds_v6_US East_3': 20, 'D64als_v6_US East_3': 20, 'D64as_v6_US East_2': 20, 'D8ads_v6_US East_1': 20, 'D8ads_v6_US East_2': 20, 'D8ads_v6_US East_3': 20, 'D8alds_v6_US East_1': 20, 'D8alds_v6_US East_2': 20, 'D8alds_v6_US East_3': 20, 'D8als_v6_US East_1': 20, 'D8als_v6_US East_2': 20, 'D8als_v6_US East_3': 20, 'D8as_v6_US East_1': 20, 'D8as_v6_US East_2': 20, 'D8as_v6_US East_3': 20, 'D8ps_v5_US East_1': 20, 'D8ps_v5_US East_2': 20, 'D8ps_v5_US East_3': 20, 'D96ads_v6_US East_1': 20, 'D96alds_v6_US East_2': 20, 'D96als_v6_US East_2': 20, 'D96as_v6_US East_3': 20, 'DC1s_v2_US East_3': 20, 'DC2s_v2_US East_2': 20, 'E16ads_v6_US East_1': 20, 'E16ads_v6_US East_2': 20, 'E16as_v6_US East_1': 20, 'E16as_v6_US East_2': 20, 'E20ads_v6_US East_2': 20, 'E20ads_v6_US East_3': 20, 'E20as_v6_US East_1': 20, 'E20as_v6_US East_3': 20, 'E2ads_v6_US East_1': 20, 'E2ads_v6_US East_2': 20, 'E2ads_v6_US East_3': 20, 'E2as_v6_US East_1': 20, 'E2as_v6_US East_2': 20, 'E2as_v6_US East_3': 20, 'E2ps_v5_US East_1': 20, 'E2ps_v5_US East_2': 20, 'E2ps_v5_US East_3': 20, 'E32ads_v6_US East_2': 20, 'E32as_v6_US East_2': 20, 'E48ads_v6_US East_3': 20, 'E48as_v6_US East_2': 20, 'E4ads_v6_US East_1': 20, 'E4ads_v6_US East_2': 20, 'E4ads_v6_US East_3': 20, 'E4as_v6_US East_1': 20, 'E4as_v6_US East_2': 20, 'E4as_v6_US East_3': 20, 'E4ps_v5_US East_1': 20, 'E4ps_v5_US East_2': 20, 'E4ps_v5_US East_3': 20, 'E64ads_v6_US East_1': 20, 'E64as_v6_US East_3': 20, 'E8ads_v6_US East_2': 20, 'E8ads_v6_US East_3': 20, 'E8as_v6_US East_1': 20, 'E8as_v6_US East_3': 20, 'E8ps_v5_US East_2': 20, 'E96ads_v6_US East_3': 20, 'E96as_v6_US East_2': 20, 'F16ams_v6_US East_1': 20, 'F16ams_v6_US East_3': 20, 'F16as_v6_US East_1': 20, 'F16as_v6_US East_3': 20, 'F2ams_v6_US East_1': 20, 'F2ams_v6_US East_2': 20, 'F2ams_v6_US East_3': 20, 'F2as_v6_US East_1': 20, 'F2as_v6_US East_2': 20, 'F2as_v6_US East_3': 20, 'F32ams_v6_US East_1': 20, 'F32as_v6_US East_1': 20, 'F48ams_v6_US East_2': 20, 'F48as_v6_US East_1': 20, 'F4ams_v6_US East_1': 20, 'F4ams_v6_US East_2': 20, 'F4ams_v6_US East_3': 20, 'F4as_v6_US East_1': 20, 'F4as_v6_US East_2': 20, 'F4as_v6_US East_3': 20, 'F64ams_v6_US East_1': 20, 'F64as_v6_US East_1': 20, 'F8ams_v6_US East_1': 20, 'F8ams_v6_US East_2': 20, 'F8as_v6_US East_2': 20, 'F8as_v6_US East_3': 20}"
0.5,602.0997999999998,1412432232,2345844.048445125,45000,44600,"{'D16ads_v6_US East_2': 20, 'D16ads_v6_US East_3': 20, 'D16alds_v6_US East_1': 20, 'D16alds_v6_US East_3': 20, 'D16als_v6_US East_1': 20, 'D16als_v6_US East_3': 20, 'D16as_v6_US East_1': 20, 'D16as_v6_US East_2': 20, 'D16pds_v5_US East_1': 20, 'D16ps_v5_US East_3': 20, 'D2ads_v6_US East_1': 20, 'D2ads_v6_US East_2': 20, 'D2ads_v6_US East_3': 20, 'D2alds_v6_US East_1': 20, 'D2alds_v6_US East_2': 20, 'D2alds_v6_US East_3': 20, 'D2als_v6_US East_1': 20, 'D2als_v6_US East_2': 20, 'D2als_v6_US East_3': 20, 'D2as_v6_US East_1': 20, 'D2as_v6_US East_2': 20, 'D2as_v6_US East_3': 20, 'D2pds_v5_US East_1': 20, 'D2pds_v5_US East_2': 20, 'D2pds_v5_US East_3': 20, 'D2pls_v5_US East_1': 20, 'D2pls_v5_US East_2': 20, 'D2pls_v5_US East_3': 20, 'D2ps_v5_US East_1': 20, 'D2ps_v5_US East_2': 20, 'D2ps_v5_US East_3': 20, 'D32ads_v6_US East_1': 20, 'D32ads_v6_US East_3': 20, 'D32alds_v6_US East_1': 20, 'D32alds_v6_US East_3': 20, 'D32als_v6_US East_2': 20, 'D32als_v6_US East_3': 20, 'D32as_v6_US East_1': 20, 'D32as_v6_US East_3': 20, 'D48ads_v6_US East_1': 20, 'D48alds_v6_US East_2': 20, 'D48als_v6_US East_1': 20, 'D48als_v6_US East_3': 20, 'D4ads_v6_US East_1': 20, 'D4ads_v6_US East_2': 20, 'D4ads_v6_US East_3': 20, 'D4alds_v6_US East_1': 20, 'D4alds_v6_US East_2': 20, 'D4alds_v6_US East_3': 20, 'D4als_v6_US East_1': 20, 'D4als_v6_US East_2': 20, 'D4als_v6_US East_3': 20, 'D4as_v6_US East_1': 20, 'D4as_v6_US East_2': 20, 'D4as_v6_US East_3': 20, 'D4pds_v5_US East_1': 20, 'D4pds_v5_US East_2': 20, 'D4pds_v5_US East_3': 20, 'D4ps_v5_US East_1': 20, 'D4ps_v5_US East_2': 20, 'D4ps_v5_US East_3': 20, 'D64ads_v6_US East_2': 20, 'D64alds_v6_US East_3': 20, 'D64als_v6_US East_3': 20, 'D64as_v6_US East_2': 20, 'D8ads_v6_US East_1': 20, 'D8ads_v6_US East_2': 20, 'D8ads_v6_US East_3': 20, 'D8alds_v6_US East_1': 20, 'D8alds_v6_US East_2': 20, 'D8alds_v6_US East_3': 20, 'D8als_v6_US East_1': 20, 'D8als_v6_US East_2': 20, 'D8als_v6_US East_3': 20, 'D8as_v6_US East_1': 20, 'D8as_v6_US East_2': 20, 'D8as_v6_US East_3': 20, 'D8ps_v5_US East_1': 20, 'D8ps_v5_US East_2': 20, 'D8ps_v5_US East_3': 20, 'D96ads_v6_US East_1': 20, 'D96alds_v6_US East_2': 20, 'D96als_v6_US East_2': 20, 'D96as_v6_US East_3': 20, 'DC1s_v2_US East_3': 20, 'DC2s_v2_US East_2': 20, 'E16ads_v6_US East_1': 20, 'E16ads_v6_US East_2': 20, 'E16as_v6_US East_1': 20, 'E16as_v6_US East_2': 20, 'E20ads_v6_US East_2': 20, 'E20ads_v6_US East_3': 20, 'E20as_v6_US East_1': 20, 'E20as_v6_US East_3': 20, 'E2ads_v6_US East_1': 20, 'E2ads_v6_US East_2': 20, 'E2ads_v6_US East_3': 20, 'E2as_v6_US East_1': 20, 'E2as_v6_US East_2': 20, 'E2as_v6_US East_3': 20, 'E2ps_v5_US East_1': 20, 'E2ps_v5_US East_2': 20, 'E2ps_v5_US East_3': 20, 'E32ads_v6_US East_2': 20, 'E32as_v6_US East_2': 20, 'E48ads_v6_US East_3': 20, 'E48as_v6_US East_2': 20, 'E4ads_v6_US East_1': 20, 'E4ads_v6_US East_2': 20, 'E4ads_v6_US East_3': 20, 'E4as_v6_US East_1': 20, 'E4as_v6_US East_2': 20, 'E4as_v6_US East_3': 20, 'E4ps_v5_US East_1': 20, 'E4ps_v5_US East_2': 20, 'E4ps_v5_US East_3': 20, 'E64ads_v6_US East_1': 20, 'E64as_v6_US East_3': 20, 'E8ads_v6_US East_2': 20, 'E8ads_v6_US East_3': 20, 'E8as_v6_US East_1': 20, 'E8as_v6_US East_3': 20, 'E8ps_v5_US East_2': 20, 'E96ads_v6_US East_3': 20, 'E96as_v6_US East_2': 20, 'F16ams_v6_US East_1': 20, 'F16ams_v6_US East_3': 20, 'F16as_v6_US East_1': 20, 'F16as_v6_US East_3': 20, 'F2ams_v6_US East_1': 20, 'F2ams_v6_US East_2': 20, 'F2ams_v6_US East_3': 20, 'F2as_v6_US East_1': 20, 'F2as_v6_US East_2': 20, 'F2as_v6_US East_3': 20, 'F32ams_v6_US East_1': 20, 'F32as_v6_US East_1': 20, 'F48ams_v6_US East_2': 20, 'F48as_v6_US East_1': 20, 'F4ams_v6_US East_1': 20, 'F4ams_v6_US East_2': 20, 'F4ams_v6_US East_3': 20, 'F4as_v6_US East_1': 20, 'F4as_v6_US East_2': 20, 'F4as_v6_US East_3': 20, 'F64ams_v6_US East_1': 20, 'F64as_v6_US East_1': 20, 'F8ams_v6_US East_1': 20, 'F8ams_v6_US East_2': 20, 'F8as_v6_US East_2': 20, 'F8as_v6_US East_3': 20}"
0.51,619.83324,1439813663,2322904.8890633876,46420,46020,"{'D16ads_v6_US East_2': 20, 'D16ads_v6_US East_3': 20, 'D16alds_v6_US East_1': 20, 'D16alds_v6_US East_3': 20, 'D16als_v6_US East_1': 20, 'D16als_v6_US East_3': 20, 'D16as_v6_US East_1': 20, 'D16as_v6_US East_2': 20, 'D16pds_v5_US East_1': 20, 'D16pls_v5_US East_2': 20, 'D16pls_v5_US East_3': 20, 'D16ps_v5_US East_3': 20, 'D2ads_v6_US East_1': 20, 'D2ads_v6_US East_2': 20, 'D2ads_v6_US East_3': 20, 'D2alds_v6_US East_1': 20, 'D2alds_v6_US East_2': 20, 'D2alds_v6_US East_3': 20, 'D2als_v6_US East_1': 20, 'D2als_v6_US East_2': 20, 'D2als_v6_US East_3': 20, 'D2as_v6_US East_1': 20, 'D2as_v6_US East_2': 20, 'D2as_v6_US East_3': 20, 'D2pds_v5_US East_1': 20, 'D2pds_v5_US East_2': 20, 'D2pds_v5_US East_3': 20, 'D2pls_v5_US East_1': 20, 'D2pls_v5_US East_2': 20, 'D2pls_v5_US East_3': 20, 'D2ps_v5_US East_1': 20, 'D2ps_v5_US East_2': 20, 'D2ps_v5_US East_3': 20, 'D32ads_v6_US East_1': 20, 'D32ads_v6_US East_3': 20, 'D32alds_v6_US East_1': 20, 'D32alds_v6_US East_3': 20, 'D32als_v6_US East_2': 20, 'D32als_v6_US East_3': 20, 'D32as_v6_US East_1': 20, 'D32as_v6_US East_3': 20, 'D32pls_v5_US East_2': 20, 'D48ads_v6_US East_1': 20, 'D48alds_v6_US East_2': 20, 'D48als_v6_US East_1': 20, 'D48als_v6_US East_3': 20, 'D4ads_v6_US East_1': 20, 'D4ads_v6_US East_2': 20, 'D4ads_v6_US East_3': 20, 'D4alds_v6_US East_1': 20, 'D4alds_v6_US East_2': 20, 'D4alds_v6_US East_3': 20, 'D4als_v6_US East_1': 20, 'D4als_v6_US East_2': 20, 'D4als_v6_US East_3': 20, 'D4as_v6_US East_1': 20, 'D4as_v6_US East_2': 20, 'D4as_v6_US East_3': 20, 'D4pds_v5_US East_1': 20, 'D4pds_v5_US East_2': 20, 'D4pds_v5_US East_3': 20, 'D4pls_v5_US East_1': 20, 'D4pls_v5_US East_2': 20, 'D4pls_v5_US East_3': 20, 'D4ps_v5_US East_1': 20, 'D4ps_v5_US East_2': 20, 'D4ps_v5_US East_3': 20, 'D64ads_v6_US East_2': 20, 'D64alds_v6_US East_3': 20, 'D64als_v6_US East_3': 20, 'D64as_v6_US East_2': 20, 'D8ads_v6_US East_1': 20, 'D8ads_v6_US East_2': 20, 'D8ads_v6_US East_3': 20, 'D8alds_v6_US East_1': 20, 'D8alds_v6_US East_2': 20, 'D8alds_v6_US East_3': 20, 'D8als_v6_US East_1': 20, 'D8als_v6_US East_2': 20, 'D8als_v6_US East_3': 20, 'D8as_v6_US East_1': 20, 'D8as_v6_US East_2': 20, 'D8as_v6_US East_3': 20, 'D8pls_v5_US East_1': 20, 'D8pls_v5_US East_2': 20, 'D8pls_v5_US East_3': 20, 'D8ps_v5_US East_1': 20, 'D8ps_v5_US East_2': 20, 'D8ps_v5_US East_3': 20, 'D96ads_v6_US East_1': 20, 'D96alds_v6_US East_2': 20, 'D96als_v6_US East_2': 20, 'D96as_v6_US East_3': 20, 'DC1s_v2_US East_3': 20, 'DC2s_v2_US East_2': 20, 'E16ads_v6_US East_1': 20, 'E16ads_v6_US East_2': 20, 'E16as_v6_US East_1': 20, 'E16as_v6_US East_2': 20, 'E20ads_v6_US East_2': 20, 'E20ads_v6_US East_3': 20, 'E20as_v6_US East_1': 20, 'E20as_v6_US East_3': 20, 'E2ads_v6_US East_1': 20, 'E2ads_v6_US East_2': 20, 'E2ads_v6_US East_3': 20, 'E2as_v6_US East_1': 20, 'E2as_v6_US East_2': 20, 'E2as_v6_US East_3': 20, 'E2ps_v5_US East_1': 20, 'E2ps_v5_US East_2': 20, 'E2ps_v5_US East_3': 20, 'E32ads_v6_US East_2': 20, 'E32as_v6_US East_2': 20, 'E48ads_v6_US East_3': 20, 'E48as_v6_US East_2': 20, 'E4ads_v6_US East_1': 20, 'E4ads_v6_US East_2': 20, 'E4ads_v6_US East_3': 20, 'E4as_v6_US East_1': 20, 'E4as_v6_US East_2': 20, 'E4as_v6_US East_3': 20, 'E4ps_v5_US East_1': 20, 'E4ps_v5_US East_2': 20, 'E4ps_v5_US East_3': 20, 'E64ads_v6_US East_1': 20, 'E64as_v6_US East_3': 20, 'E8ads_v6_US East_2': 20, 'E8ads_v6_US East_3': 20, 'E8as_v6_US East_1': 20, 'E8as_v6_US East_3': 20, 'E8ps_v5_US East_2': 20, 'E96ads_v6_US East_3': 20, 'E96as_v6_US East_2': 20, 'F16ams_v6_US East_1': 20, 'F16ams_v6_US East_3': 20, 'F16as_v6_US East_1': 20, 'F16as_v6_US East_3': 20, 'F2ams_v6_US East_1': 20, 'F2ams_v6_US East_2': 20, 'F2ams_v6_US East_3': 20, 'F2as_v6_US East_1': 20, 'F2as_v6_US East_2': 20, 'F2as_v6_US East_3': 20, 'F32ams_v6_US East_1': 20, 'F32as_v6_US East_1': 20, 'F48ams_v6_US East_2': 20, 'F48as_v6_US East_1': 20, 'F4ams_v6_US East_1': 20, 'F4ams_v6_US East_2': 20, 'F4ams_v6_US East_3': 20, 'F4as_v6_US East_1': 20, 'F4as_v6_US East_2': 20, 'F4as_v6_US East_3': 20, 'F64ams_v6_US East_1': 20, 'F64as_v6_US East_1': 20, 'F8ams_v6_US East_1': 20, 'F8ams_v6_US East_2': 20, 'F8as_v6_US East_2': 20, 'F8as_v6_US East_3': 20, 'NV8as_v4_US East_1': 20, 'NV8as_v4_US East_2': 20, 'NV8as_v4_US East_3': 20}"
0.52,623.1892000000001,1444740508,2318301.582248216,46660,46260,"{'D16ads_v6_US East_2': 20, 'D16ads_v6_US East_3': 20, 'D16alds_v6_US East_1': 20, 'D16alds_v6_US East_3': 20, 'D16als_v6_US East_1': 20, 'D16als_v6_US East_3': 20, 'D16as_v6_US East_1': 20, 'D16as_v6_US East_2': 20, 'D16pds_v5_US East_1': 20, 'D16pls_v5_US East_2': 20, 'D16pls_v5_US East_3': 20, 'D16ps_v5_US East_3': 20, 'D2ads_v6_US East_1': 20, 'D2ads_v6_US East_2': 20, 'D2ads_v6_US East_3': 20, 'D2alds_v6_US East_1': 20, 'D2alds_v6_US East_2': 20, 'D2alds_v6_US East_3': 20, 'D2als_v6_US East_1': 20, 'D2als_v6_US East_2': 20, 'D2als_v6_US East_3': 20, 'D2as_v6_US East_1': 20, 'D2as_v6_US East_2': 20, 'D2as_v6_US East_3': 20, 'D2pds_v5_US East_1': 20, 'D2pds_v5_US East_2': 20, 'D2pds_v5_US East_3': 20, 'D2pls_v5_US East_1': 20, 'D2pls_v5_US East_2': 20, 'D2pls_v5_US East_3': 20, 'D2ps_v5_US East_1': 20, 'D2ps_v5_US East_2': 20, 'D2ps_v5_US East_3': 20, 'D32ads_v6_US East_1': 20, 'D32ads_v6_US East_3': 20, 'D32alds_v6_US East_1': 20, 'D32alds_v6_US East_3': 20, 'D32als_v6_US East_2': 20, 'D32als_v6_US East_3': 20, 'D32as_v6_US East_1': 20, 'D32as_v6_US East_3': 20, 'D32pls_v5_US East_2': 20, 'D48ads_v6_US East_1': 20, 'D48alds_v6_US East_2': 20, 'D48als_v6_US East_1': 20, 'D48als_v6_US East_3': 20, 'D4ads_v6_US East_1': 20, 'D4ads_v6_US East_2': 20, 'D4ads_v6_US East_3': 20, 'D4alds_v6_US East_1': 20, 'D4alds_v6_US East_2': 20, 'D4alds_v6_US East_3': 20, 'D4als_v6_US East_1': 20, 'D4als_v6_US East_2': 20, 'D4als_v6_US East_3': 20, 'D4as_v6_US East_1': 20, 'D4as_v6_US East_2': 20, 'D4as_v6_US East_3': 20, 'D4pds_v5_US East_1': 20, 'D4pds_v5_US East_2': 20, 'D4pds_v5_US East_3': 20, 'D4pls_v5_US East_1': 20, 'D4pls_v5_US East_2': 20, 'D4pls_v5_US East_3': 20, 'D4ps_v5_US East_1': 20, 'D4ps_v5_US East_2': 20, 'D4ps_v5_US East_3': 20, 'D64ads_v6_US East_2': 20, 'D64alds_v6_US East_3': 20, 'D64als_v6_US East_3': 20, 'D64as_v6_US East_2': 20, 'D8ads_v6_US East_1': 20, 'D8ads_v6_US East_2': 20, 'D8ads_v6_US East_3': 20, 'D8alds_v6_US East_1': 20, 'D8alds_v6_US East_2': 20, 'D8alds_v6_US East_3': 20, 'D8als_v6_US East_1': 20, 'D8als_v6_US East_2': 20, 'D8als_v6_US East_3': 20, 'D8as_v6_US East_1': 20, 'D8as_v6_US East_2': 20, 'D8as_v6_US East_3': 20, 'D8pls_v5_US East_1': 20, 'D8pls_v5_US East_2': 20, 'D8pls_v5_US East_3': 20, 'D8ps_v5_US East_1': 20, 'D8ps_v5_US East_2': 20, 'D8ps_v5_US East_3': 20, 'D96ads_v6_US East_1': 20, 'D96alds_v6_US East_2': 20, 'D96als_v6_US East_2': 20, 'D96as_v6_US East_3': 20, 'DC1s_v2_US East_3': 20, 'DC2s_v2_US East_2': 20, 'E16ads_v6_US East_1': 20, 'E16ads_v6_US East_2': 20, 'E16as_v6_US East_1': 20, 'E16as_v6_US East_2': 20, 'E20ads_v6_US East_2': 20, 'E20ads_v6_US East_3': 20, 'E20as_v6_US East_1': 20, 'E20as_v6_US East_3': 20, 'E2ads_v6_US East_1': 20, 'E2ads_v6_US East_2': 20, 'E2ads_v6_US East_3': 20, 'E2as_v6_US East_1': 20, 'E2as_v6_US East_2': 20, 'E2as_v6_US East_3': 20, 'E2ps_v5_US East_1': 20, 'E2ps_v5_US East_2': 20, 'E2ps_v5_US East_3': 20, 'E32ads_v6_US East_2': 20, 'E32as_v6_US East_2': 20, 'E48ads_v6_US East_3': 20, 'E48as_v6_US East_2': 20, 'E4ads_v6_US East_1': 20, 'E4ads_v6_US East_2': 20, 'E4ads_v6_US East_3': 20, 'E4as_v6_US East_1': 20, 'E4as_v6_US East_2': 20, 'E4as_v6_US East_3': 20, 'E4ps_v5_US East_1': 20, 'E4ps_v5_US East_2': 20, 'E4ps_v5_US East_3': 20, 'E64ads_v6_US East_1': 20, 'E64as_v6_US East_3': 20, 'E8ads_v6_US East_2': 20, 'E8ads_v6_US East_3': 20, 'E8as_v6_US East_1': 20, 'E8as_v6_US East_3': 20, 'E8ps_v5_US East_2': 20, 'E96ads_v6_US East_3': 20, 'E96as_v6_US East_2': 20, 'F16ams_v6_US East_1': 20, 'F16ams_v6_US East_3': 20, 'F16as_v6_US East_1': 20, 'F16as_v6_US East_3': 20, 'F2ams_v6_US East_1': 20, 'F2ams_v6_US East_2': 20, 'F2ams_v6_US East_3': 20, 'F2as_v6_US East_1': 20, 'F2as_v6_US East_2': 20, 'F2as_v6_US East_3': 20, 'F32ams_v6_US East_1': 20, 'F32as_v6_US East_1': 20, 'F48ams_v6_US East_2': 20, 'F48as_v6_US East_1': 20, 'F4ams_v6_US East_1': 20, 'F4ams_v6_US East_2': 20, 'F4ams_v6_US East_3': 20, 'F4as_v6_US East_1': 20, 'F4as_v6_US East_2': 20, 'F4as_v6_US East_3': 20, 'F64ams_v6_US East_1': 20, 'F64as_v6_US East_1': 20, 'F8ams_v6_US East_1': 20, 'F8ams_v6_US East_2': 20, 'F8as_v6_US East_2': 20, 'F8as_v6_US East_3': 20, 'NV6ads_A10_v5_US East_1': 20, 'NV6ads_A10_v5_US East_2': 20, 'NV8as_v4_US East_1': 20, 'NV8as_v4_US East_2': 20, 'NV8as_v4_US East_3': 20}"
0.53,623.1892000000001,1444740508,2318301.582248216,46660,46260,"{'D16ads_v6_US East_2': 20, 'D16ads_v6_US East_3': 20, 'D16alds_v6_US East_1': 20, 'D16alds_v6_US East_3': 20, 'D16als_v6_US East_1': 20, 'D16als_v6_US East_3': 20, 'D16as_v6_US East_1': 20, 'D16as_v6_US East_2': 20, 'D16pds_v5_US East_1': 20, 'D16pls_v5_US East_2': 20, 'D16pls_v5_US East_3': 20, 'D16ps_v5_US East_3': 20, 'D2ads_v6_US East_1': 20, 'D2ads_v6_US East_2': 20, 'D2ads_v6_US East_3': 20, 'D2alds_v6_US East_1': 20, 'D2alds_v6_US East_2': 20, 'D2alds_v6_US East_3': 20, 'D2als_v6_US East_1': 20, 'D2als_v6_US East_2': 20, 'D2als_v6_US East_3': 20, 'D2as_v6_US East_1': 20, 'D2as_v6_US East_2': 20, 'D2as_v6_US East_3': 20, 'D2pds_v5_US East_1': 20, 'D2pds_v5_US East_2': 20, 'D2pds_v5_US East_3': 20, 'D2pls_v5_US East_1': 20, 'D2pls_v5_US East_2': 20, 'D2pls_v5_US East_3': 20, 'D2ps_v5_US East_1': 20, 'D2ps_v5_US East_2': 20, 'D2ps_v5_US East_3': 20, 'D32ads_v6_US East_1': 20, 'D32ads_v6_US East_3': 20, 'D32alds_v6_US East_1': 20, 'D32alds_v6_US East_3': 20, 'D32als_v6_US East_2': 20, 'D32als_v6_US East_3': 20, 'D32as_v6_US East_1': 20, 'D32as_v6_US East_3': 20, 'D32pls_v5_US East_2': 20, 'D48ads_v6_US East_1': 20, 'D48alds_v6_US East_2': 20, 'D48als_v6_US East_1': 20, 'D48als_v6_US East_3': 20, 'D4ads_v6_US East_1': 20, 'D4ads_v6_US East_2': 20, 'D4ads_v6_US East_3': 20, 'D4alds_v6_US East_1': 20, 'D4alds_v6_US East_2': 20, 'D4alds_v6_US East_3': 20, 'D4als_v6_US East_1': 20, 'D4als_v6_US East_2': 20, 'D4als_v6_US East_3': 20, 'D4as_v6_US East_1': 20, 'D4as_v6_US East_2': 20, 'D4as_v6_US East_3': 20, 'D4pds_v5_US East_1': 20, 'D4pds_v5_US East_2': 20, 'D4pds_v5_US East_3': 20, 'D4pls_v5_US East_1': 20, 'D4pls_v5_US East_2': 20, 'D4pls_v5_US East_3': 20, 'D4ps_v5_US East_1': 20, 'D4ps_v5_US East_2': 20, 'D4ps_v5_US East_3': 20, 'D64ads_v6_US East_2': 20, 'D64alds_v6_US East_3': 20, 'D64als_v6_US East_3': 20, 'D64as_v6_US East_2': 20, 'D8ads_v6_US East_1': 20, 'D8ads_v6_US East_2': 20, 'D8ads_v6_US East_3': 20, 'D8alds_v6_US East_1': 20, 'D8alds_v6_US East_2': 20, 'D8alds_v6_US East_3': 20, 'D8als_v6_US East_1': 20, 'D8als_v6_US East_2': 20, 'D8als_v6_US East_3': 20, 'D8as_v6_US East_1': 20, 'D8as_v6_US East_2': 20, 'D8as_v6_US East_3': 20, 'D8pls_v5_US East_1': 20, 'D8pls_v5_US East_2': 20, 'D8pls_v5_US East_3': 20, 'D8ps_v5_US East_1': 20, 'D8ps_v5_US East_2': 20, 'D8ps_v5_US East_3': 20, 'D96ads_v6_US East_1': 20, 'D96alds_v6_US East_2': 20, 'D96als_v6_US East_2': 20, 'D96as_v6_US East_3': 20, 'DC1s_v2_US East_3': 20, 'DC2s_v2_US East_2': 20, 'E16ads_v6_US East_1': 20, 'E16ads_v6_US East_2': 20, 'E16as_v6_US East_1': 20, 'E16as_v6_US East_2': 20, 'E20ads_v6_US East_2': 20, 'E20ads_v6_US East_3': 20, 'E20as_v6_US East_1': 20, 'E20as_v6_US East_3': 20, 'E2ads_v6_US East_1': 20, 'E2ads_v6_US East_2': 20, 'E2ads_v6_US East_3': 20, 'E2as_v6_US East_1': 20, 'E2as_v6_US East_2': 20, 'E2as_v6_US East_3': 20, 'E2ps_v5_US East_1': 20, 'E2ps_v5_US East_2': 20, 'E2ps_v5_US East_3': 20, 'E32ads_v6_US East_2': 20, 'E32as_v6_US East_2': 20, 'E48ads_v6_US East_3': 20, 'E48as_v6_US East_2': 20, 'E4ads_v6_US East_1': 20, 'E4ads_v6_US East_2': 20, 'E4ads_v6_US East_3': 20, 'E4as_v6_US East_1': 20, 'E4as_v6_US East_2': 20, 'E4as_v6_US East_3': 20, 'E4ps_v5_US East_1': 20, 'E4ps_v5_US East_2': 20, 'E4ps_v5_US East_3': 20, 'E64ads_v6_US East_1': 20, 'E64as_v6_US East_3': 20, 'E8ads_v6_US East_2': 20, 'E8ads_v6_US East_3': 20, 'E8as_v6_US East_1': 20, 'E8as_v6_US East_3': 20, 'E8ps_v5_US East_2': 20, 'E96ads_v6_US East_3': 20, 'E96as_v6_US East_2': 20, 'F16ams_v6_US East_1': 20, 'F16ams_v6_US East_3': 20, 'F16as_v6_US East_1': 20, 'F16as_v6_US East_3': 20, 'F2ams_v6_US East_1': 20, 'F2ams_v6_US East_2': 20, 'F2ams_v6_US East_3': 20, 'F2as_v6_US East_1': 20, 'F2as_v6_US East_2': 20, 'F2as_v6_US East_3': 20, 'F32ams_v6_US East_1': 20, 'F32as_v6_US East_1': 20, 'F48ams_v6_US East_2': 20, 'F48as_v6_US East_1': 20, 'F4ams_v6_US East_1': 20, 'F4ams_v6_US East_2': 20, 'F4ams_v6_US East_3': 20, 'F4as_v6_US East_1': 20, 'F4as_v6_US East_2': 20, 'F4as_v6_US East_3': 20, 'F64ams_v6_US East_1': 20, 'F64as_v6_US East_1': 20, 'F8ams_v6_US East_1': 20, 'F8ams_v6_US East_2': 20, 'F8as_v6_US East_2': 20, 'F8as_v6_US East_3': 20, 'NV6ads_A10_v5_US East_1': 20, 'NV6ads_A10_v5_US East_2': 20, 'NV8as_v4_US East_1': 20, 'NV8as_v4_US East_2': 20, 'NV8as_v4_US East_3': 20}"
0.54,638.2334199999998,1465514218,2296204.1360980454,47720,47320,"{'D16ads_v6_US East_2': 20, 'D16ads_v6_US East_3': 20, 'D16alds_v6_US East_1': 20, 'D16alds_v6_US East_3': 20, 'D16als_v6_US East_1': 20, 'D16als_v6_US East_3': 20, 'D16as_v6_US East_1': 20, 'D16as_v6_US East_2': 20, 'D16pds_v5_US East_1': 20, 'D16plds_v5_US East_2': 20, 'D16plds_v5_US East_3': 20, 'D16pls_v5_US East_2': 20, 'D16pls_v5_US East_3': 20, 'D16ps_v5_US East_3': 20, 'D2ads_v6_US East_1': 20, 'D2ads_v6_US East_2': 20, 'D2ads_v6_US East_3': 20, 'D2alds_v6_US East_1': 20, 'D2alds_v6_US East_2': 20, 'D2alds_v6_US East_3': 20, 'D2als_v6_US East_1': 20, 'D2als_v6_US East_2': 20, 'D2als_v6_US East_3': 20, 'D2as_v6_US East_1': 20, 'D2as_v6_US East_2': 20, 'D2as_v6_US East_3': 20, 'D2pds_v5_US East_1': 20, 'D2pds_v5_US East_2': 20, 'D2pds_v5_US East_3': 20, 'D2plds_v5_US East_1': 20, 'D2plds_v5_US East_2': 20, 'D2plds_v5_US East_3': 20, 'D2pls_v5_US East_1': 20, 'D2pls_v5_US East_2': 20, 'D2pls_v5_US East_3': 20, 'D2ps_v5_US East_1': 20, 'D2ps_v5_US East_2': 20, 'D2ps_v5_US East_3': 20, 'D32ads_v6_US East_1': 20, 'D32ads_v6_US East_3': 20, 'D32alds_v6_US East_1': 20, 'D32alds_v6_US East_3': 20, 'D32als_v6_US East_2': 20, 'D32als_v6_US East_3': 20, 'D32as_v6_US East_1': 20, 'D32as_v6_US East_3': 20, 'D32plds_v5_US East_3': 20, 'D32pls_v5_US East_2': 20, 'D48ads_v6_US East_1': 20, 'D48alds_v6_US East_2': 20, 'D48als_v6_US East_1': 20, 'D48als_v6_US East_3': 20, 'D4ads_v6_US East_1': 20, 'D4ads_v6_US East_2': 20, 'D4ads_v6_US East_3': 20, 'D4alds_v6_US East_1': 20, 'D4alds_v6_US East_2': 20, 'D4alds_v6_US East_3': 20, 'D4als_v6_US East_1': 20, 'D4als_v6_US East_2': 20, 'D4als_v6_US East_3': 20, 'D4as_v6_US East_1': 20, 'D4as_v6_US East_2': 20, 'D4as_v6_US East_3': 20, 'D4pds_v5_US East_1': 20, 'D4pds_v5_US East_2': 20, 'D4pds_v5_US East_3': 20, 'D4plds_v5_US East_1': 20, 'D4plds_v5_US East_2': 20, 'D4plds_v5_US East_3': 20, 'D4pls_v5_US East_1': 20, 'D4pls_v5_US East_2': 20, 'D4pls_v5_US East_3': 20, 'D4ps_v5_US East_1': 20, 'D4ps_v5_US East_2': 20, 'D4ps_v5_US East_3': 20, 'D64ads_v6_US East_2': 20, 'D64alds_v6_US East_3': 20, 'D64als_v6_US East_3': 20, 'D64as_v6_US East_2': 20, 'D8ads_v6_US East_1': 20, 'D8ads_v6_US East_2': 20, 'D8ads_v6_US East_3': 20, 'D8alds_v6_US East_1': 20, 'D8alds_v6_US East_2': 20, 'D8alds_v6_US East_3': 20, 'D8als_v6_US East_1': 20, 'D8als_v6_US East_2': 20, 'D8als_v6_US East_3': 20, 'D8as_v6_US East_1': 20, 'D8as_v6_US East_2': 20, 'D8as_v6_US East_3': 20, 'D8plds_v5_US East_1': 20, 'D8plds_v5_US East_2': 20, 'D8plds_v5_US East_3': 20, 'D8pls_v5_US East_1': 20, 'D8pls_v5_US East_2': 20, 'D8pls_v5_US East_3': 20, 'D8ps_v5_US East_1': 20, 'D8ps_v5_US East_2': 20, 'D8ps_v5_US East_3': 20, 'D96ads_v6_US East_1': 20, 'D96alds_v6_US East_2': 20, 'D96als_v6_US East_2': 20, 'D96as_v6_US East_3': 20, 'DC1s_v2_US East_3': 20, 'DC2s_v2_US East_2': 20, 'E16ads_v6_US East_1': 20, 'E16ads_v6_US East_2': 20, 'E16as_v6_US East_1': 20, 'E16as_v6_US East_2': 20, 'E20ads_v6_US East_2': 20, 'E20ads_v6_US East_3': 20, 'E20as_v6_US East_1': 20, 'E20as_v6_US East_3': 20, 'E2ads_v6_US East_1': 20, 'E2ads_v6_US East_2': 20, 'E2ads_v6_US East_3': 20, 'E2as_v6_US East_1': 20, 'E2as_v6_US East_2': 20, 'E2as_v6_US East_3': 20, 'E2ps_v5_US East_1': 20, 'E2ps_v5_US East_2': 20, 'E2ps_v5_US East_3': 20, 'E32ads_v6_US East_2': 20, 'E32as_v6_US East_2': 20, 'E48ads_v6_US East_3': 20, 'E48as_v6_US East_2': 20, 'E4ads_v6_US East_1': 20, 'E4ads_v6_US East_2': 20, 'E4ads_v6_US East_3': 20, 'E4as_v6_US East_1': 20, 'E4as_v6_US East_2': 20, 'E4as_v6_US East_3': 20, 'E4ps_v5_US East_1': 20, 'E4ps_v5_US East_2': 20, 'E4ps_v5_US East_3': 20, 'E64ads_v6_US East_1': 20, 'E64as_v6_US East_3': 20, 'E8ads_v6_US East_2': 20, 'E8ads_v6_US East_3': 20, 'E8as_v6_US East_1': 20, 'E8as_v6_US East_3': 20, 'E8ps_v5_US East_2': 20, 'E96ads_v6_US East_3': 20, 'E96as_v6_US East_2': 20, 'F16ams_v6_US East_1': 20, 'F16ams_v6_US East_3': 20, 'F16as_v6_US East_1': 20, 'F16as_v6_US East_3': 20, 'F2ams_v6_US East_1': 20, 'F2ams_v6_US East_2': 20, 'F2ams_v6_US East_3': 20, 'F2as_v6_US East_1': 20, 'F2as_v6_US East_2': 20, 'F2as_v6_US East_3': 20, 'F32ams_v6_US East_1': 20, 'F32as_v6_US East_1': 20, 'F48ams_v6_US East_2': 20, 'F48as_v6_US East_1': 20, 'F4ams_v6_US East_1': 20, 'F4ams_v6_US East_2': 20, 'F4ams_v6_US East_3': 20, 'F4as_v6_US East_1': 20, 'F4as_v6_US East_2': 20, 'F4as_v6_US East_3': 20, 'F64ams_v6_US East_1': 20, 'F64as_v6_US East_1': 20, 'F8ams_v6_US East_1': 20, 'F8ams_v6_US East_2': 20, 'F8as_v6_US East_2': 20, 'F8as_v6_US East_3': 20, 'NV6ads_A10_v5_US East_1': 20, 'NV6ads_A10_v5_US East_2': 20, 'NV8as_v4_US East_1': 20, 'NV8as_v4_US East_2': 20, 'NV8as_v4_US East_3': 20}"
0.55,640.8168999999999,1468850043,2292152.475379473,47900,47500,"{'D16ads_v6_US East_2': 20, 'D16ads_v6_US East_3': 20, 'D16alds_v6_US East_1': 20, 'D16alds_v6_US East_3': 20, 'D16als_v6_US East_1': 20, 'D16als_v6_US East_3': 20, 'D16as_v6_US East_1': 20, 'D16as_v6_US East_2': 20, 'D16pds_v5_US East_1': 20, 'D16plds_v5_US East_2': 20, 'D16plds_v5_US East_3': 20, 'D16pls_v5_US East_2': 20, 'D16pls_v5_US East_3': 20, 'D16ps_v5_US East_3': 20, 'D2ads_v6_US East_1': 20, 'D2ads_v6_US East_2': 20, 'D2ads_v6_US East_3': 20, 'D2alds_v6_US East_1': 20, 'D2alds_v6_US East_2': 20, 'D2alds_v6_US East_3': 20, 'D2als_v6_US East_1': 20, 'D2als_v6_US East_2': 20, 'D2als_v6_US East_3': 20, 'D2as_v6_US East_1': 20, 'D2as_v6_US East_2': 20, 'D2as_v6_US East_3': 20, 'D2pds_v5_US East_1': 20, 'D2pds_v5_US East_2': 20, 'D2pds_v5_US East_3': 20, 'D2plds_v5_US East_1': 20, 'D2plds_v5_US East_2': 20, 'D2plds_v5_US East_3': 20, 'D2pls_v5_US East_1': 20, 'D2pls_v5_US East_2': 20, 'D2pls_v5_US East_3': 20, 'D2ps_v5_US East_1': 20, 'D2ps_v5_US East_2': 20, 'D2ps_v5_US East_3': 20, 'D32ads_v6_US East_1': 20, 'D32ads_v6_US East_3': 20, 'D32alds_v6_US East_1': 20, 'D32alds_v6_US East_3': 20, 'D32als_v6_US East_2': 20, 'D32als_v6_US East_3': 20, 'D32as_v6_US East_1': 20, 'D32as_v6_US East_3': 20, 'D32plds_v5_US East_3': 20, 'D32pls_v5_US East_2': 20, 'D48ads_v6_US East_1': 20, 'D48alds_v6_US East_2': 20, 'D48als_v6_US East_1': 20, 'D48als_v6_US East_3': 20, 'D4ads_v6_US East_1': 20, 'D4ads_v6_US East_2': 20, 'D4ads_v6_US East_3': 20, 'D4alds_v6_US East_1': 20, 'D4alds_v6_US East_2': 20, 'D4alds_v6_US East_3': 20, 'D4als_v6_US East_1': 20, 'D4als_v6_US East_2': 20, 'D4als_v6_US East_3': 20, 'D4as_v6_US East_1': 20, 'D4as_v6_US East_2': 20, 'D4as_v6_US East_3': 20, 'D4pds_v5_US East_1': 20, 'D4pds_v5_US East_2': 20, 'D4pds_v5_US East_3': 20, 'D4plds_v5_US East_1': 20, 'D4plds_v5_US East_2': 20, 'D4plds_v5_US East_3': 20, 'D4pls_v5_US East_1': 20, 'D4pls_v5_US East_2': 20, 'D4pls_v5_US East_3': 20, 'D4ps_v5_US East_1': 20, 'D4ps_v5_US East_2': 20, 'D4ps_v5_US East_3': 20, 'D64ads_v6_US East_2': 20, 'D64alds_v6_US East_3': 20, 'D64als_v6_US East_3': 20, 'D64as_v6_US East_2': 20, 'D8ads_v6_US East_1': 20, 'D8ads_v6_US East_2': 20, 'D8ads_v6_US East_3': 20, 'D8alds_v6_US East_1': 20, 'D8alds_v6_US East_2': 20, 'D8alds_v6_US East_3': 20, 'D8als_v6_US East_1': 20, 'D8als_v6_US East_2': 20, 'D8als_v6_US East_3': 20, 'D8as_v6_US East_1': 20, 'D8as_v6_US East_2': 20, 'D8as_v6_US East_3': 20, 'D8plds_v5_US East_1': 20, 'D8plds_v5_US East_2': 20, 'D8plds_v5_US East_3': 20, 'D8pls_v5_US East_1': 20, 'D8pls_v5_US East_2': 20, 'D8pls_v5_US East_3': 20, 'D8ps_v5_US East_1': 20, 'D8ps_v5_US East_2': 20, 'D8ps_v5_US East_3': 20, 'D96ads_v6_US East_1': 20, 'D96alds_v6_US East_2': 20, 'D96als_v6_US East_2': 20, 'D96as_v6_US East_3': 20, 'DC1s_v2_US East_3': 20, 'DC2s_v2_US East_2': 20, 'E16ads_v6_US East_1': 20, 'E16ads_v6_US East_2': 20, 'E16as_v6_US East_1': 20, 'E16as_v6_US East_2': 20, 'E20ads_v6_US East_2': 20, 'E20ads_v6_US East_3': 20, 'E20as_v6_US East_1': 20, 'E20as_v6_US East_3': 20, 'E2ads_v6_US East_1': 20, 'E2ads_v6_US East_2': 20, 'E2ads_v6_US East_3': 20, 'E2as_v6_US East_1': 20, 'E2as_v6_US East_2': 20, 'E2as_v6_US East_3': 20, 'E2ps_v5_US East_1': 20, 'E2ps_v5_US East_2': 20, 'E2ps_v5_US East_3': 20, 'E32ads_v6_US East_2': 20, 'E32as_v6_US East_2': 20, 'E48ads_v6_US East_3': 20, 'E48as_v6_US East_2': 20, 'E4ads_v6_US East_1': 20, 'E4ads_v6_US East_2': 20, 'E4ads_v6_US East_3': 20, 'E4as_v6_US East_1': 20, 'E4as_v6_US East_2': 20, 'E4as_v6_US East_3': 20, 'E4ps_v5_US East_1': 20, 'E4ps_v5_US East_2': 20, 'E4ps_v5_US East_3': 20, 'E64ads_v6_US East_1': 20, 'E64as_v6_US East_3': 20, 'E8ads_v6_US East_2': 20, 'E8ads_v6_US East_3': 20, 'E8as_v6_US East_1': 20, 'E8as_v6_US East_3': 20, 'E8ps_v5_US East_2': 20, 'E96ads_v6_US East_3': 20, 'E96as_v6_US East_2': 20, 'F16ams_v6_US East_1': 20, 'F16ams_v6_US East_3': 20, 'F16as_v6_US East_1': 20, 'F16as_v6_US East_3': 20, 'F2ams_v6_US East_1': 20, 'F2ams_v6_US East_2': 20, 'F2ams_v6_US East_3': 20, 'F2as_v6_US East_1': 20, 'F2as_v6_US East_2': 20, 'F2as_v6_US East_3': 20, 'F32ams_v6_US East_1': 20, 'F32as_v6_US East_1': 20, 'F48ams_v6_US East_2': 20, 'F48as_v6_US East_1': 20, 'F4ams_v6_US East_1': 20, 'F4ams_v6_US East_2': 20, 'F4ams_v6_US East_3': 20, 'F4as_v6_US East_1': 20, 'F4as_v6_US East_2': 20, 'F4as_v6_US East_3': 20, 'F64ams_v6_US East_1': 20, 'F64as_v6_US East_1': 20, 'F8ams_v6_US East_1': 20, 'F8ams_v6_US East_2': 20, 'F8as_v6_US East_2': 20, 'F8as_v6_US East_3': 20, 'NV4as_v4_US East_1': 20, 'NV4as_v4_US East_2': 20, 'NV4as_v4_US East_3': 20, 'NV6ads_A10_v5_US East_1': 20, 'NV6ads_A10_v5_US East_2': 20, 'NV8as_v4_US East_1': 20, 'NV8as_v4_US East_2': 20, 'NV8as_v4_US East_3': 20}"
0.56,695.0418400000001,1536163926,2210174.7523573544,50000,49600,"{'D16ads_v6_US East_2': 20, 'D16ads_v6_US East_3': 20, 'D16alds_v6_US East_1': 20, 'D16alds_v6_US East_3': 20, 'D16als_v6_US East_1': 20, 'D16als_v6_US East_3': 20, 'D16as_v6_US East_1': 20, 'D16as_v6_US East_2': 20, 'D16pds_v5_US East_1': 20, 'D16plds_v5_US East_2': 20, 'D16plds_v5_US East_3': 20, 'D16pls_v5_US East_2': 20, 'D16pls_v5_US East_3': 20, 'D16ps_v5_US East_3': 20, 'D2ads_v6_US East_1': 20, 'D2ads_v6_US East_2': 20, 'D2ads_v6_US East_3': 20, 'D2alds_v6_US East_1': 20, 'D2alds_v6_US East_2': 20, 'D2alds_v6_US East_3': 20, 'D2als_v6_US East_1': 20, 'D2als_v6_US East_2': 20, 'D2als_v6_US East_3': 20, 'D2as_v6_US East_1': 20, 'D2as_v6_US East_2': 20, 'D2as_v6_US East_3': 20, 'D2pds_v5_US East_1': 20, 'D2pds_v5_US East_2': 20, 'D2pds_v5_US East_3': 20, 'D2plds_v5_US East_1': 20, 'D2plds_v5_US East_2': 20, 'D2plds_v5_US East_3': 20, 'D2pls_v5_US East_1': 20, 'D2pls_v5_US East_2': 20, 'D2pls_v5_US East_3': 20, 'D2ps_v5_US East_1': 20, 'D2ps_v5_US East_2': 20, 'D2ps_v5_US East_3': 20, 'D32ads_v6_US East_1': 20, 'D32ads_v6_US East_3': 20, 'D32alds_v6_US East_1': 20, 'D32alds_v6_US East_3': 20, 'D32als_v6_US East_2': 20, 'D32als_v6_US East_3': 20, 'D32as_v6_US East_1': 20, 'D32as_v6_US East_3': 20, 'D32plds_v5_US East_3': 20, 'D32pls_v5_US East_2': 20, 'D48ads_v6_US East_1': 20, 'D48alds_v6_US East_2': 20, 'D48als_v6_US East_1': 20, 'D48als_v6_US East_3': 20, 'D4ads_v6_US East_1': 20, 'D4ads_v6_US East_2': 20, 'D4ads_v6_US East_3': 20, 'D4alds_v6_US East_1': 20, 'D4alds_v6_US East_2': 20, 'D4alds_v6_US East_3': 20, 'D4als_v6_US East_1': 20, 'D4als_v6_US East_2': 20, 'D4als_v6_US East_3': 20, 'D4as_v6_US East_1': 20, 'D4as_v6_US East_2': 20, 'D4as_v6_US East_3': 20, 'D4pds_v5_US East_1': 20, 'D4pds_v5_US East_2': 20, 'D4pds_v5_US East_3': 20, 'D4plds_v5_US East_1': 20, 'D4plds_v5_US East_2': 20, 'D4plds_v5_US East_3': 20, 'D4pls_v5_US East_1': 20, 'D4pls_v5_US East_2': 20, 'D4pls_v5_US East_3': 20, 'D4ps_v5_US East_1': 20, 'D4ps_v5_US East_2': 20, 'D4ps_v5_US East_3': 20, 'D64ads_v6_US East_2': 20, 'D64alds_v6_US East_3': 20, 'D64als_v6_US East_3': 20, 'D64as_v6_US East_2': 20, 'D8ads_v6_US East_1': 20, 'D8ads_v6_US East_2': 20, 'D8ads_v6_US East_3': 20, 'D8alds_v6_US East_1': 20, 'D8alds_v6_US East_2': 20, 'D8alds_v6_US East_3': 20, 'D8als_v6_US East_1': 20, 'D8als_v6_US East_2': 20, 'D8als_v6_US East_3': 20, 'D8as_v6_US East_1': 20, 'D8as_v6_US East_2': 20, 'D8as_v6_US East_3': 20, 'D8plds_v5_US East_1': 20, 'D8plds_v5_US East_2': 20, 'D8plds_v5_US East_3': 20, 'D8pls_v5_US East_1': 20, 'D8pls_v5_US East_2': 20, 'D8pls_v5_US East_3': 20, 'D8ps_v5_US East_1': 20, 'D8ps_v5_US East_2': 20, 'D8ps_v5_US East_3': 20, 'D96ads_v6_US East_1': 20, 'D96alds_v6_US East_2': 20, 'D96als_v6_US East_2': 20, 'D96as_v6_US East_3': 20, 'DC1s_v2_US East_3': 20, 'DC2s_v2_US East_2': 20, 'E16ads_v6_US East_1': 20, 'E16ads_v6_US East_2': 20, 'E16as_v6_US East_1': 20, 'E16as_v6_US East_2': 20, 'E20ads_v6_US East_2': 20, 'E20ads_v6_US East_3': 20, 'E20as_v6_US East_1': 20, 'E20as_v6_US East_3': 20, 'E2ads_v6_US East_1': 20, 'E2ads_v6_US East_2': 20, 'E2ads_v6_US East_3': 20, 'E2as_v6_US East_1': 20, 'E2as_v6_US East_2': 20, 'E2as_v6_US East_3': 20, 'E2ps_v5_US East_1': 20, 'E2ps_v5_US East_2': 20, 'E2ps_v5_US East_3': 20, 'E32ads_v6_US East_2': 20, 'E32as_v6_US East_2': 20, 'E48ads_v6_US East_3': 20, 'E48as_v6_US East_2': 20, 'E4ads_v6_US East_1': 20, 'E4ads_v6_US East_2': 20, 'E4ads_v6_US East_3': 20, 'E4as_v6_US East_1': 20, 'E4as_v6_US East_2': 20, 'E4as_v6_US East_3': 20, 'E4ps_v5_US East_1': 20, 'E4ps_v5_US East_2': 20, 'E4ps_v5_US East_3': 20, 'E64ads_v6_US East_1': 20, 'E64as_v6_US East_3': 20, 'E8ads_v6_US East_2': 20, 'E8ads_v6_US East_3': 20, 'E8as_v6_US East_1': 20, 'E8as_v6_US East_3': 20, 'E8ps_v5_US East_2': 20, 'E96ads_v6_US East_3': 20, 'E96as_v6_US East_2': 20, 'F16als_v6_US East_2': 20, 'F16als_v6_US East_3': 20, 'F16ams_v6_US East_1': 20, 'F16ams_v6_US East_3': 20, 'F16as_v6_US East_1': 20, 'F16as_v6_US East_3': 20, 'F2als_v6_US East_1': 20, 'F2als_v6_US East_2': 20, 'F2als_v6_US East_3': 20, 'F2ams_v6_US East_1': 20, 'F2ams_v6_US East_2': 20, 'F2ams_v6_US East_3': 20, 'F2as_v6_US East_1': 20, 'F2as_v6_US East_2': 20, 'F2as_v6_US East_3': 20, 'F32als_v6_US East_3': 20, 'F32ams_v6_US East_1': 20, 'F32as_v6_US East_1': 20, 'F48als_v6_US East_2': 20, 'F48ams_v6_US East_2': 20, 'F48as_v6_US East_1': 20, 'F4als_v6_US East_1': 20, 'F4als_v6_US East_2': 20, 'F4als_v6_US East_3': 20, 'F4ams_v6_US East_1': 20, 'F4ams_v6_US East_2': 20, 'F4ams_v6_US East_3': 20, 'F4as_v6_US East_1': 20, 'F4as_v6_US East_2': 20, 'F4as_v6_US East_3': 20, 'F64als_v6_US East_1': 20, 'F64ams_v6_US East_1': 20, 'F64as_v6_US East_1': 20, 'F8als_v6_US East_1': 20, 'F8als_v6_US East_2': 20, 'F8ams_v6_US East_1': 20, 'F8ams_v6_US East_2': 20, 'F8as_v6_US East_2': 20, 'F8as_v6_US East_3': 20, 'NV4as_v4_US East_1': 20, 'NV4as_v4_US East_2': 20, 'NV4as_v4_US East_3': 20, 'NV6ads_A10_v5_US East_1': 20, 'NV6ads_A10_v5_US East_2': 20, 'NV8as_v4_US East_1': 20, 'NV8as_v4_US East_2': 20, 'NV8as_v4_US East_3': 20}"
0.5700000000000001,695.0418400000001,1536163926,2210174.7523573544,50000,49600,"{'D16ads_v6_US East_2': 20, 'D16ads_v6_US East_3': 20, 'D16alds_v6_US East_1': 20, 'D16alds_v6_US East_3': 20, 'D16als_v6_US East_1': 20, 'D16als_v6_US East_3': 20, 'D16as_v6_US East_1': 20, 'D16as_v6_US East_2': 20, 'D16pds_v5_US East_1': 20, 'D16plds_v5_US East_2': 20, 'D16plds_v5_US East_3': 20, 'D16pls_v5_US East_2': 20, 'D16pls_v5_US East_3': 20, 'D16ps_v5_US East_3': 20, 'D2ads_v6_US East_1': 20, 'D2ads_v6_US East_2': 20, 'D2ads_v6_US East_3': 20, 'D2alds_v6_US East_1': 20, 'D2alds_v6_US East_2': 20, 'D2alds_v6_US East_3': 20, 'D2als_v6_US East_1': 20, 'D2als_v6_US East_2': 20, 'D2als_v6_US East_3': 20, 'D2as_v6_US East_1': 20, 'D2as_v6_US East_2': 20, 'D2as_v6_US East_3': 20, 'D2pds_v5_US East_1': 20, 'D2pds_v5_US East_2': 20, 'D2pds_v5_US East_3': 20, 'D2plds_v5_US East_1': 20, 'D2plds_v5_US East_2': 20, 'D2plds_v5_US East_3': 20, 'D2pls_v5_US East_1': 20, 'D2pls_v5_US East_2': 20, 'D2pls_v5_US East_3': 20, 'D2ps_v5_US East_1': 20, 'D2ps_v5_US East_2': 20, 'D2ps_v5_US East_3': 20, 'D32ads_v6_US East_1': 20, 'D32ads_v6_US East_3': 20, 'D32alds_v6_US East_1': 20, 'D32alds_v6_US East_3': 20, 'D32als_v6_US East_2': 20, 'D32als_v6_US East_3': 20, 'D32as_v6_US East_1': 20, 'D32as_v6_US East_3': 20, 'D32plds_v5_US East_3': 20, 'D32pls_v5_US East_2': 20, 'D48ads_v6_US East_1': 20, 'D48alds_v6_US East_2': 20, 'D48als_v6_US East_1': 20, 'D48als_v6_US East_3': 20, 'D4ads_v6_US East_1': 20, 'D4ads_v6_US East_2': 20, 'D4ads_v6_US East_3': 20, 'D4alds_v6_US East_1': 20, 'D4alds_v6_US East_2': 20, 'D4alds_v6_US East_3': 20, 'D4als_v6_US East_1': 20, 'D4als_v6_US East_2': 20, 'D4als_v6_US East_3': 20, 'D4as_v6_US East_1': 20, 'D4as_v6_US East_2': 20, 'D4as_v6_US East_3': 20, 'D4pds_v5_US East_1': 20, 'D4pds_v5_US East_2': 20, 'D4pds_v5_US East_3': 20, 'D4plds_v5_US East_1': 20, 'D4plds_v5_US East_2': 20, 'D4plds_v5_US East_3': 20, 'D4pls_v5_US East_1': 20, 'D4pls_v5_US East_2': 20, 'D4pls_v5_US East_3': 20, 'D4ps_v5_US East_1': 20, 'D4ps_v5_US East_2': 20, 'D4ps_v5_US East_3': 20, 'D64ads_v6_US East_2': 20, 'D64alds_v6_US East_3': 20, 'D64als_v6_US East_3': 20, 'D64as_v6_US East_2': 20, 'D8ads_v6_US East_1': 20, 'D8ads_v6_US East_2': 20, 'D8ads_v6_US East_3': 20, 'D8alds_v6_US East_1': 20, 'D8alds_v6_US East_2': 20, 'D8alds_v6_US East_3': 20, 'D8als_v6_US East_1': 20, 'D8als_v6_US East_2': 20, 'D8als_v6_US East_3': 20, 'D8as_v6_US East_1': 20, 'D8as_v6_US East_2': 20, 'D8as_v6_US East_3': 20, 'D8plds_v5_US East_1': 20, 'D8plds_v5_US East_2': 20, 'D8plds_v5_US East_3': 20, 'D8pls_v5_US East_1': 20, 'D8pls_v5_US East_2': 20, 'D8pls_v5_US East_3': 20, 'D8ps_v5_US East_1': 20, 'D8ps_v5_US East_2': 20, 'D8ps_v5_US East_3': 20, 'D96ads_v6_US East_1': 20, 'D96alds_v6_US East_2': 20, 'D96als_v6_US East_2': 20, 'D96as_v6_US East_3': 20, 'DC1s_v2_US East_3': 20, 'DC2s_v2_US East_2': 20, 'E16ads_v6_US East_1': 20, 'E16ads_v6_US East_2': 20, 'E16as_v6_US East_1': 20, 'E16as_v6_US East_2': 20, 'E20ads_v6_US East_2': 20, 'E20ads_v6_US East_3': 20, 'E20as_v6_US East_1': 20, 'E20as_v6_US East_3': 20, 'E2ads_v6_US East_1': 20, 'E2ads_v6_US East_2': 20, 'E2ads_v6_US East_3': 20, 'E2as_v6_US East_1': 20, 'E2as_v6_US East_2': 20, 'E2as_v6_US East_3': 20, 'E2ps_v5_US East_1': 20, 'E2ps_v5_US East_2': 20, 'E2ps_v5_US East_3': 20, 'E32ads_v6_US East_2': 20, 'E32as_v6_US East_2': 20, 'E48ads_v6_US East_3': 20, 'E48as_v6_US East_2': 20, 'E4ads_v6_US East_1': 20, 'E4ads_v6_US East_2': 20, 'E4ads_v6_US East_3': 20, 'E4as_v6_US East_1': 20, 'E4as_v6_US East_2': 20, 'E4as_v6_US East_3': 20, 'E4ps_v5_US East_1': 20, 'E4ps_v5_US East_2': 20, 'E4ps_v5_US East_3': 20, 'E64ads_v6_US East_1': 20, 'E64as_v6_US East_3': 20, 'E8ads_v6_US East_2': 20, 'E8ads_v6_US East_3': 20, 'E8as_v6_US East_1': 20, 'E8as_v6_US East_3': 20, 'E8ps_v5_US East_2': 20, 'E96ads_v6_US East_3': 20, 'E96as_v6_US East_2': 20, 'F16als_v6_US East_2': 20, 'F16als_v6_US East_3': 20, 'F16ams_v6_US East_1': 20, 'F16ams_v6_US East_3': 20, 'F16as_v6_US East_1': 20, 'F16as_v6_US East_3': 20, 'F2als_v6_US East_1': 20, 'F2als_v6_US East_2': 20, 'F2als_v6_US East_3': 20, 'F2ams_v6_US East_1': 20, 'F2ams_v6_US East_2': 20, 'F2ams_v6_US East_3': 20, 'F2as_v6_US East_1': 20, 'F2as_v6_US East_2': 20, 'F2as_v6_US East_3': 20, 'F32als_v6_US East_3': 20, 'F32ams_v6_US East_1': 20, 'F32as_v6_US East_1': 20, 'F48als_v6_US East_2': 20, 'F48ams_v6_US East_2': 20, 'F48as_v6_US East_1': 20, 'F4als_v6_US East_1': 20, 'F4als_v6_US East_2': 20, 'F4als_v6_US East_3': 20, 'F4ams_v6_US East_1': 20, 'F4ams_v6_US East_2': 20, 'F4ams_v6_US East_3': 20, 'F4as_v6_US East_1': 20, 'F4as_v6_US East_2': 20, 'F4as_v6_US East_3': 20, 'F64als_v6_US East_1': 20, 'F64ams_v6_US East_1': 20, 'F64as_v6_US East_1': 20, 'F8als_v6_US East_1': 20, 'F8als_v6_US East_2': 20, 'F8ams_v6_US East_1': 20, 'F8ams_v6_US East_2': 20, 'F8as_v6_US East_2': 20, 'F8as_v6_US East_3': 20, 'NV4as_v4_US East_1': 20, 'NV4as_v4_US East_2': 20, 'NV4as_v4_US East_3': 20, 'NV6ads_A10_v5_US East_1': 20, 'NV6ads_A10_v5_US East_2': 20, 'NV8as_v4_US East_1': 20, 'NV8as_v4_US East_2': 20, 'NV8as_v4_US East_3': 20}"
0.58,695.0418400000001,1536163926,2210174.7523573544,50000,49600,"{'D16ads_v6_US East_2': 20, 'D16ads_v6_US East_3': 20, 'D16alds_v6_US East_1': 20, 'D16alds_v6_US East_3': 20, 'D16als_v6_US East_1': 20, 'D16als_v6_US East_3': 20, 'D16as_v6_US East_1': 20, 'D16as_v6_US East_2': 20, 'D16pds_v5_US East_1': 20, 'D16plds_v5_US East_2': 20, 'D16plds_v5_US East_3': 20, 'D16pls_v5_US East_2': 20, 'D16pls_v5_US East_3': 20, 'D16ps_v5_US East_3': 20, 'D2ads_v6_US East_1': 20, 'D2ads_v6_US East_2': 20, 'D2ads_v6_US East_3': 20, 'D2alds_v6_US East_1': 20, 'D2alds_v6_US East_2': 20, 'D2alds_v6_US East_3': 20, 'D2als_v6_US East_1': 20, 'D2als_v6_US East_2': 20, 'D2als_v6_US East_3': 20, 'D2as_v6_US East_1': 20, 'D2as_v6_US East_2': 20, 'D2as_v6_US East_3': 20, 'D2pds_v5_US East_1': 20, 'D2pds_v5_US East_2': 20, 'D2pds_v5_US East_3': 20, 'D2plds_v5_US East_1': 20, 'D2plds_v5_US East_2': 20, 'D2plds_v5_US East_3': 20, 'D2pls_v5_US East_1': 20, 'D2pls_v5_US East_2': 20, 'D2pls_v5_US East_3': 20, 'D2ps_v5_US East_1': 20, 'D2ps_v5_US East_2': 20, 'D2ps_v5_US East_3': 20, 'D32ads_v6_US East_1': 20, 'D32ads_v6_US East_3': 20, 'D32alds_v6_US East_1': 20, 'D32alds_v6_US East_3': 20, 'D32als_v6_US East_2': 20, 'D32als_v6_US East_3': 20, 'D32as_v6_US East_1': 20, 'D32as_v6_US East_3': 20, 'D32plds_v5_US East_3': 20, 'D32pls_v5_US East_2': 20, 'D48ads_v6_US East_1': 20, 'D48alds_v6_US East_2': 20, 'D48als_v6_US East_1': 20, 'D48als_v6_US East_3': 20, 'D4ads_v6_US East_1': 20, 'D4ads_v6_US East_2': 20, 'D4ads_v6_US East_3': 20, 'D4alds_v6_US East_1': 20, 'D4alds_v6_US East_2': 20, 'D4alds_v6_US East_3': 20, 'D4als_v6_US East_1': 20, 'D4als_v6_US East_2': 20, 'D4als_v6_US East_3': 20, 'D4as_v6_US East_1': 20, 'D4as_v6_US East_2': 20, 'D4as_v6_US East_3': 20, 'D4pds_v5_US East_1': 20, 'D4pds_v5_US East_2': 20, 'D4pds_v5_US East_3': 20, 'D4plds_v5_US East_1': 20, 'D4plds_v5_US East_2': 20, 'D4plds_v5_US East_3': 20, 'D4pls_v5_US East_1': 20, 'D4pls_v5_US East_2': 20, 'D4pls_v5_US East_3': 20, 'D4ps_v5_US East_1': 20, 'D4ps_v5_US East_2': 20, 'D4ps_v5_US East_3': 20, 'D64ads_v6_US East_2': 20, 'D64alds_v6_US East_3': 20, 'D64als_v6_US East_3': 20, 'D64as_v6_US East_2': 20, 'D8ads_v6_US East_1': 20, 'D8ads_v6_US East_2': 20, 'D8ads_v6_US East_3': 20, 'D8alds_v6_US East_1': 20, 'D8alds_v6_US East_2': 20, 'D8alds_v6_US East_3': 20, 'D8als_v6_US East_1': 20, 'D8als_v6_US East_2': 20, 'D8als_v6_US East_3': 20, 'D8as_v6_US East_1': 20, 'D8as_v6_US East_2': 20, 'D8as_v6_US East_3': 20, 'D8plds_v5_US East_1': 20, 'D8plds_v5_US East_2': 20, 'D8plds_v5_US East_3': 20, 'D8pls_v5_US East_1': 20, 'D8pls_v5_US East_2': 20, 'D8pls_v5_US East_3': 20, 'D8ps_v5_US East_1': 20, 'D8ps_v5_US East_2': 20, 'D8ps_v5_US East_3': 20, 'D96ads_v6_US East_1': 20, 'D96alds_v6_US East_2': 20, 'D96als_v6_US East_2': 20, 'D96as_v6_US East_3': 20, 'DC1s_v2_US East_3': 20, 'DC2s_v2_US East_2': 20, 'E16ads_v6_US East_1': 20, 'E16ads_v6_US East_2': 20, 'E16as_v6_US East_1': 20, 'E16as_v6_US East_2': 20, 'E20ads_v6_US East_2': 20, 'E20ads_v6_US East_3': 20, 'E20as_v6_US East_1': 20, 'E20as_v6_US East_3': 20, 'E2ads_v6_US East_1': 20, 'E2ads_v6_US East_2': 20, 'E2ads_v6_US East_3': 20, 'E2as_v6_US East_1': 20, 'E2as_v6_US East_2': 20, 'E2as_v6_US East_3': 20, 'E2ps_v5_US East_1': 20, 'E2ps_v5_US East_2': 20, 'E2ps_v5_US East_3': 20, 'E32ads_v6_US East_2': 20, 'E32as_v6_US East_2': 20, 'E48ads_v6_US East_3': 20, 'E48as_v6_US East_2': 20, 'E4ads_v6_US East_1': 20, 'E4ads_v6_US East_2': 20, 'E4ads_v6_US East_3': 20, 'E4as_v6_US East_1': 20, 'E4as_v6_US East_2': 20, 'E4as_v6_US East_3': 20, 'E4ps_v5_US East_1': 20, 'E4ps_v5_US East_2': 20, 'E4ps_v5_US East_3': 20, 'E64ads_v6_US East_1': 20, 'E64as_v6_US East_3': 20, 'E8ads_v6_US East_2': 20, 'E8ads_v6_US East_3': 20, 'E8as_v6_US East_1': 20, 'E8as_v6_US East_3': 20, 'E8ps_v5_US East_2': 20, 'E96ads_v6_US East_3': 20, 'E96as_v6_US East_2': 20, 'F16als_v6_US East_2': 20, 'F16als_v6_US East_3': 20, 'F16ams_v6_US East_1': 20, 'F16ams_v6_US East_3': 20, 'F16as_v6_US East_1': 20, 'F16as_v6_US East_3': 20, 'F2als_v6_US East_1': 20, 'F2als_v6_US East_2': 20, 'F2als_v6_US East_3': 20, 'F2ams_v6_US East_1': 20, 'F2ams_v6_US East_2': 20, 'F2ams_v6_US East_3': 20, 'F2as_v6_US East_1': 20, 'F2as_v6_US East_2': 20, 'F2as_v6_US East_3': 20, 'F32als_v6_US East_3': 20, 'F32ams_v6_US East_1': 20, 'F32as_v6_US East_1': 20, 'F48als_v6_US East_2': 20, 'F48ams_v6_US East_2': 20, 'F48as_v6_US East_1': 20, 'F4als_v6_US East_1': 20, 'F4als_v6_US East_2': 20, 'F4als_v6_US East_3': 20, 'F4ams_v6_US East_1': 20, 'F4ams_v6_US East_2': 20, 'F4ams_v6_US East_3': 20, 'F4as_v6_US East_1': 20, 'F4as_v6_US East_2': 20, 'F4as_v6_US East_3': 20, 'F64als_v6_US East_1': 20, 'F64ams_v6_US East_1': 20, 'F64as_v6_US East_1': 20, 'F8als_v6_US East_1': 20, 'F8als_v6_US East_2': 20, 'F8ams_v6_US East_1': 20, 'F8ams_v6_US East_2': 20, 'F8as_v6_US East_2': 20, 'F8as_v6_US East_3': 20, 'NV4as_v4_US East_1': 20, 'NV4as_v4_US East_2': 20, 'NV4as_v4_US East_3': 20, 'NV6ads_A10_v5_US East_1': 20, 'NV6ads_A10_v5_US East_2': 20, 'NV8as_v4_US East_1': 20, 'NV8as_v4_US East_2': 20, 'NV8as_v4_US East_3': 20}"
0.59,722.3642400000001,1566935987,2169177.127871114,50960,50560,"{'D16ads_v6_US East_2': 20, 'D16ads_v6_US East_3': 20, 'D16alds_v6_US East_1': 20, 'D16alds_v6_US East_3': 20, 'D16als_v6_US East_1': 20, 'D16als_v6_US East_3': 20, 'D16as_v6_US East_1': 20, 'D16as_v6_US East_2': 20, 'D16pds_v5_US East_1': 20, 'D16plds_v5_US East_2': 20, 'D16plds_v5_US East_3': 20, 'D16pls_v5_US East_2': 20, 'D16pls_v5_US East_3': 20, 'D16ps_v5_US East_3': 20, 'D2ads_v6_US East_1': 20, 'D2ads_v6_US East_2': 20, 'D2ads_v6_US East_3': 20, 'D2alds_v6_US East_1': 20, 'D2alds_v6_US East_2': 20, 'D2alds_v6_US East_3': 20, 'D2als_v6_US East_1': 20, 'D2als_v6_US East_2': 20, 'D2als_v6_US East_3': 20, 'D2as_v6_US East_1': 20, 'D2as_v6_US East_2': 20, 'D2as_v6_US East_3': 20, 'D2pds_v5_US East_1': 20, 'D2pds_v5_US East_2': 20, 'D2pds_v5_US East_3': 20, 'D2plds_v5_US East_1': 20, 'D2plds_v5_US East_2': 20, 'D2plds_v5_US East_3': 20, 'D2pls_v5_US East_1': 20, 'D2pls_v5_US East_2': 20, 'D2pls_v5_US East_3': 20, 'D2ps_v5_US East_1': 20, 'D2ps_v5_US East_2': 20, 'D2ps_v5_US East_3': 20, 'D32ads_v6_US East_1': 20, 'D32ads_v6_US East_3': 20, 'D32alds_v6_US East_1': 20, 'D32alds_v6_US East_3': 20, 'D32als_v6_US East_2': 20, 'D32als_v6_US East_3': 20, 'D32as_v6_US East_1': 20, 'D32as_v6_US East_3': 20, 'D32plds_v5_US East_3': 20, 'D32pls_v5_US East_2': 20, 'D48ads_v6_US East_1': 20, 'D48alds_v6_US East_2': 20, 'D48als_v6_US East_1': 20, 'D48als_v6_US East_3': 20, 'D4ads_v6_US East_1': 20, 'D4ads_v6_US East_2': 20, 'D4ads_v6_US East_3': 20, 'D4alds_v6_US East_1': 20, 'D4alds_v6_US East_2': 20, 'D4alds_v6_US East_3': 20, 'D4als_v6_US East_1': 20, 'D4als_v6_US East_2': 20, 'D4als_v6_US East_3': 20, 'D4as_v6_US East_1': 20, 'D4as_v6_US East_2': 20, 'D4as_v6_US East_3': 20, 'D4pds_v5_US East_1': 20, 'D4pds_v5_US East_2': 20, 'D4pds_v5_US East_3': 20, 'D4plds_v5_US East_1': 20, 'D4plds_v5_US East_2': 20, 'D4plds_v5_US East_3': 20, 'D4pls_v5_US East_1': 20, 'D4pls_v5_US East_2': 20, 'D4pls_v5_US East_3': 20, 'D4ps_v5_US East_1': 20, 'D4ps_v5_US East_2': 20, 'D4ps_v5_US East_3': 20, 'D64ads_v6_US East_2': 20, 'D64alds_v6_US East_3': 20, 'D64als_v6_US East_3': 20, 'D64as_v6_US East_2': 20, 'D8ads_v6_US East_1': 20, 'D8ads_v6_US East_2': 20, 'D8ads_v6_US East_3': 20, 'D8alds_v6_US East_1': 20, 'D8alds_v6_US East_2': 20, 'D8alds_v6_US East_3': 20, 'D8als_v6_US East_1': 20, 'D8als_v6_US East_2': 20, 'D8als_v6_US East_3': 20, 'D8as_v6_US East_1': 20, 'D8as_v6_US East_2': 20, 'D8as_v6_US East_3': 20, 'D8plds_v5_US East_1': 20, 'D8plds_v5_US East_2': 20, 'D8plds_v5_US East_3': 20, 'D8pls_v5_US East_1': 20, 'D8pls_v5_US East_2': 20, 'D8pls_v5_US East_3': 20, 'D8ps_v5_US East_1': 20, 'D8ps_v5_US East_2': 20, 'D8ps_v5_US East_3': 20, 'D96ads_v6_US East_1': 20, 'D96alds_v6_US East_2': 20, 'D96als_v6_US East_2': 20, 'D96as_v6_US East_3': 20, 'DC1s_v2_US East_3': 20, 'DC2s_v2_US East_2': 20, 'E16ads_v6_US East_1': 20, 'E16ads_v6_US East_2': 20, 'E16as_v6_US East_1': 20, 'E16as_v6_US East_2': 20, 'E20ads_v6_US East_2': 20, 'E20ads_v6_US East_3': 20, 'E20as_v6_US East_1': 20, 'E20as_v6_US East_3': 20, 'E2ads_v6_US East_1': 20, 'E2ads_v6_US East_2': 20, 'E2ads_v6_US East_3': 20, 'E2as_v6_US East_1': 20, 'E2as_v6_US East_2': 20, 'E2as_v6_US East_3': 20, 'E2ps_v5_US East_1': 20, 'E2ps_v5_US East_2': 20, 'E2ps_v5_US East_3': 20, 'E32ads_v6_US East_2': 20, 'E32as_v6_US East_2': 20, 'E48ads_v6_US East_3': 20, 'E48as_v6_US East_2': 20, 'E4ads_v6_US East_1': 20, 'E4ads_v6_US East_2': 20, 'E4ads_v6_US East_3': 20, 'E4as_v6_US East_1': 20, 'E4as_v6_US East_2': 20, 'E4as_v6_US East_3': 20, 'E4ps_v5_US East_1': 20, 'E4ps_v5_US East_2': 20, 'E4ps_v5_US East_3': 20, 'E64ads_v6_US East_1': 20, 'E64as_v6_US East_3': 20, 'E8ads_v6_US East_2': 20, 'E8ads_v6_US East_3': 20, 'E8as_v6_US East_1': 20, 'E8as_v6_US East_3': 20, 'E8ps_v5_US East_2': 20, 'E96-48ads_v6_US East_2': 20, 'E96ads_v6_US East_3': 20, 'E96as_v6_US East_2': 20, 'F16als_v6_US East_2': 20, 'F16als_v6_US East_3': 20, 'F16ams_v6_US East_1': 20, 'F16ams_v6_US East_3': 20, 'F16as_v6_US East_1': 20, 'F16as_v6_US East_3': 20, 'F2als_v6_US East_1': 20, 'F2als_v6_US East_2': 20, 'F2als_v6_US East_3': 20, 'F2ams_v6_US East_1': 20, 'F2ams_v6_US East_2': 20, 'F2ams_v6_US East_3': 20, 'F2as_v6_US East_1': 20, 'F2as_v6_US East_2': 20, 'F2as_v6_US East_3': 20, 'F32als_v6_US East_3': 20, 'F32ams_v6_US East_1': 20, 'F32as_v6_US East_1': 20, 'F48als_v6_US East_2': 20, 'F48ams_v6_US East_2': 20, 'F48as_v6_US East_1': 20, 'F4als_v6_US East_1': 20, 'F4als_v6_US East_2': 20, 'F4als_v6_US East_3': 20, 'F4ams_v6_US East_1': 20, 'F4ams_v6_US East_2': 20, 'F4ams_v6_US East_3': 20, 'F4as_v6_US East_1': 20, 'F4as_v6_US East_2': 20, 'F4as_v6_US East_3': 20, 'F64als_v6_US East_1': 20, 'F64ams_v6_US East_1': 20, 'F64as_v6_US East_1': 20, 'F8als_v6_US East_1': 20, 'F8als_v6_US East_2': 20, 'F8ams_v6_US East_1': 20, 'F8ams_v6_US East_2': 20, 'F8as_v6_US East_2': 20, 'F8as_v6_US East_3': 20, 'NV4as_v4_US East_1': 20, 'NV4as_v4_US East_2': 20, 'NV4as_v4_US East_3': 20, 'NV6ads_A10_v5_US East_1': 20, 'NV6ads_A10_v5_US East_2': 20, 'NV8as_v4_US East_1': 20, 'NV8as_v4_US East_2': 20, 'NV8as_v4_US East_3': 20}"
0.6,722.3642400000001,1566935987,2169177.127871114,50960,50560,"{'D16ads_v6_US East_2': 20, 'D16ads_v6_US East_3': 20, 'D16alds_v6_US East_1': 20, 'D16alds_v6_US East_3': 20, 'D16als_v6_US East_1': 20, 'D16als_v6_US East_3': 20, 'D16as_v6_US East_1': 20, 'D16as_v6_US East_2': 20, 'D16pds_v5_US East_1': 20, 'D16plds_v5_US East_2': 20, 'D16plds_v5_US East_3': 20, 'D16pls_v5_US East_2': 20, 'D16pls_v5_US East_3': 20, 'D16ps_v5_US East_3': 20, 'D2ads_v6_US East_1': 20, 'D2ads_v6_US East_2': 20, 'D2ads_v6_US East_3': 20, 'D2alds_v6_US East_1': 20, 'D2alds_v6_US East_2': 20, 'D2alds_v6_US East_3': 20, 'D2als_v6_US East_1': 20, 'D2als_v6_US East_2': 20, 'D2als_v6_US East_3': 20, 'D2as_v6_US East_1': 20, 'D2as_v6_US East_2': 20, 'D2as_v6_US East_3': 20, 'D2pds_v5_US East_1': 20, 'D2pds_v5_US East_2': 20, 'D2pds_v5_US East_3': 20, 'D2plds_v5_US East_1': 20, 'D2plds_v5_US East_2': 20, 'D2plds_v5_US East_3': 20, 'D2pls_v5_US East_1': 20, 'D2pls_v5_US East_2': 20, 'D2pls_v5_US East_3': 20, 'D2ps_v5_US East_1': 20, 'D2ps_v5_US East_2': 20, 'D2ps_v5_US East_3': 20, 'D32ads_v6_US East_1': 20, 'D32ads_v6_US East_3': 20, 'D32alds_v6_US East_1': 20, 'D32alds_v6_US East_3': 20, 'D32als_v6_US East_2': 20, 'D32als_v6_US East_3': 20, 'D32as_v6_US East_1': 20, 'D32as_v6_US East_3': 20, 'D32plds_v5_US East_3': 20, 'D32pls_v5_US East_2': 20, 'D48ads_v6_US East_1': 20, 'D48alds_v6_US East_2': 20, 'D48als_v6_US East_1': 20, 'D48als_v6_US East_3': 20, 'D4ads_v6_US East_1': 20, 'D4ads_v6_US East_2': 20, 'D4ads_v6_US East_3': 20, 'D4alds_v6_US East_1': 20, 'D4alds_v6_US East_2': 20, 'D4alds_v6_US East_3': 20, 'D4als_v6_US East_1': 20, 'D4als_v6_US East_2': 20, 'D4als_v6_US East_3': 20, 'D4as_v6_US East_1': 20, 'D4as_v6_US East_2': 20, 'D4as_v6_US East_3': 20, 'D4pds_v5_US East_1': 20, 'D4pds_v5_US East_2': 20, 'D4pds_v5_US East_3': 20, 'D4plds_v5_US East_1': 20, 'D4plds_v5_US East_2': 20, 'D4plds_v5_US East_3': 20, 'D4pls_v5_US East_1': 20, 'D4pls_v5_US East_2': 20, 'D4pls_v5_US East_3': 20, 'D4ps_v5_US East_1': 20, 'D4ps_v5_US East_2': 20, 'D4ps_v5_US East_3': 20, 'D64ads_v6_US East_2': 20, 'D64alds_v6_US East_3': 20, 'D64als_v6_US East_3': 20, 'D64as_v6_US East_2': 20, 'D8ads_v6_US East_1': 20, 'D8ads_v6_US East_2': 20, 'D8ads_v6_US East_3': 20, 'D8alds_v6_US East_1': 20, 'D8alds_v6_US East_2': 20, 'D8alds_v6_US East_3': 20, 'D8als_v6_US East_1': 20, 'D8als_v6_US East_2': 20, 'D8als_v6_US East_3': 20, 'D8as_v6_US East_1': 20, 'D8as_v6_US East_2': 20, 'D8as_v6_US East_3': 20, 'D8plds_v5_US East_1': 20, 'D8plds_v5_US East_2': 20, 'D8plds_v5_US East_3': 20, 'D8pls_v5_US East_1': 20, 'D8pls_v5_US East_2': 20, 'D8pls_v5_US East_3': 20, 'D8ps_v5_US East_1': 20, 'D8ps_v5_US East_2': 20, 'D8ps_v5_US East_3': 20, 'D96ads_v6_US East_1': 20, 'D96alds_v6_US East_2': 20, 'D96als_v6_US East_2': 20, 'D96as_v6_US East_3': 20, 'DC1s_v2_US East_3': 20, 'DC2s_v2_US East_2': 20, 'E16ads_v6_US East_1': 20, 'E16ads_v6_US East_2': 20, 'E16as_v6_US East_1': 20, 'E16as_v6_US East_2': 20, 'E20ads_v6_US East_2': 20, 'E20ads_v6_US East_3': 20, 'E20as_v6_US East_1': 20, 'E20as_v6_US East_3': 20, 'E2ads_v6_US East_1': 20, 'E2ads_v6_US East_2': 20, 'E2ads_v6_US East_3': 20, 'E2as_v6_US East_1': 20, 'E2as_v6_US East_2': 20, 'E2as_v6_US East_3': 20, 'E2ps_v5_US East_1': 20, 'E2ps_v5_US East_2': 20, 'E2ps_v5_US East_3': 20, 'E32ads_v6_US East_2': 20, 'E32as_v6_US East_2': 20, 'E48ads_v6_US East_3': 20, 'E48as_v6_US East_2': 20, 'E4ads_v6_US East_1': 20, 'E4ads_v6_US East_2': 20, 'E4ads_v6_US East_3': 20, 'E4as_v6_US East_1': 20, 'E4as_v6_US East_2': 20, 'E4as_v6_US East_3': 20, 'E4ps_v5_US East_1': 20, 'E4ps_v5_US East_2': 20, 'E4ps_v5_US East_3': 20, 'E64ads_v6_US East_1': 20, 'E64as_v6_US East_3': 20, 'E8ads_v6_US East_2': 20, 'E8ads_v6_US East_3': 20, 'E8as_v6_US East_1': 20, 'E8as_v6_US East_3': 20, 'E8ps_v5_US East_2': 20, 'E96-48ads_v6_US East_2': 20, 'E96ads_v6_US East_3': 20, 'E96as_v6_US East_2': 20, 'F16als_v6_US East_2': 20, 'F16als_v6_US East_3': 20, 'F16ams_v6_US East_1': 20, 'F16ams_v6_US East_3': 20, 'F16as_v6_US East_1': 20, 'F16as_v6_US East_3': 20, 'F2als_v6_US East_1': 20, 'F2als_v6_US East_2': 20, 'F2als_v6_US East_3': 20, 'F2ams_v6_US East_1': 20, 'F2ams_v6_US East_2': 20, 'F2ams_v6_US East_3': 20, 'F2as_v6_US East_1': 20, 'F2as_v6_US East_2': 20, 'F2as_v6_US East_3': 20, 'F32als_v6_US East_3': 20, 'F32ams_v6_US East_1': 20, 'F32as_v6_US East_1': 20, 'F48als_v6_US East_2': 20, 'F48ams_v6_US East_2': 20, 'F48as_v6_US East_1': 20, 'F4als_v6_US East_1': 20, 'F4als_v6_US East_2': 20, 'F4als_v6_US East_3': 20, 'F4ams_v6_US East_1': 20, 'F4ams_v6_US East_2': 20, 'F4ams_v6_US East_3': 20, 'F4as_v6_US East_1': 20, 'F4as_v6_US East_2': 20, 'F4as_v6_US East_3': 20, 'F64als_v6_US East_1': 20, 'F64ams_v6_US East_1': 20, 'F64as_v6_US East_1': 20, 'F8als_v6_US East_1': 20, 'F8als_v6_US East_2': 20, 'F8ams_v6_US East_1': 20, 'F8ams_v6_US East_2': 20, 'F8as_v6_US East_2': 20, 'F8as_v6_US East_3': 20, 'NV4as_v4_US East_1': 20, 'NV4as_v4_US East_2': 20, 'NV4as_v4_US East_3': 20, 'NV6ads_A10_v5_US East_1': 20, 'NV6ads_A10_v5_US East_2': 20, 'NV8as_v4_US East_1': 20, 'NV8as_v4_US East_2': 20, 'NV8as_v4_US East_3': 20}"
0.61,722.3642400000001,1566935987,2169177.127871114,50960,50560,"{'D16ads_v6_US East_2': 20, 'D16ads_v6_US East_3': 20, 'D16alds_v6_US East_1': 20, 'D16alds_v6_US East_3': 20, 'D16als_v6_US East_1': 20, 'D16als_v6_US East_3': 20, 'D16as_v6_US East_1': 20, 'D16as_v6_US East_2': 20, 'D16pds_v5_US East_1': 20, 'D16plds_v5_US East_2': 20, 'D16plds_v5_US East_3': 20, 'D16pls_v5_US East_2': 20, 'D16pls_v5_US East_3': 20, 'D16ps_v5_US East_3': 20, 'D2ads_v6_US East_1': 20, 'D2ads_v6_US East_2': 20, 'D2ads_v6_US East_3': 20, 'D2alds_v6_US East_1': 20, 'D2alds_v6_US East_2': 20, 'D2alds_v6_US East_3': 20, 'D2als_v6_US East_1': 20, 'D2als_v6_US East_2': 20, 'D2als_v6_US East_3': 20, 'D2as_v6_US East_1': 20, 'D2as_v6_US East_2': 20, 'D2as_v6_US East_3': 20, 'D2pds_v5_US East_1': 20, 'D2pds_v5_US East_2': 20, 'D2pds_v5_US East_3': 20, 'D2plds_v5_US East_1': 20, 'D2plds_v5_US East_2': 20, 'D2plds_v5_US East_3': 20, 'D2pls_v5_US East_1': 20, 'D2pls_v5_US East_2': 20, 'D2pls_v5_US East_3': 20, 'D2ps_v5_US East_1': 20, 'D2ps_v5_US East_2': 20, 'D2ps_v5_US East_3': 20, 'D32ads_v6_US East_1': 20, 'D32ads_v6_US East_3': 20, 'D32alds_v6_US East_1': 20, 'D32alds_v6_US East_3': 20, 'D32als_v6_US East_2': 20, 'D32als_v6_US East_3': 20, 'D32as_v6_US East_1': 20, 'D32as_v6_US East_3': 20, 'D32plds_v5_US East_3': 20, 'D32pls_v5_US East_2': 20, 'D48ads_v6_US East_1': 20, 'D48alds_v6_US East_2': 20, 'D48als_v6_US East_1': 20, 'D48als_v6_US East_3': 20, 'D4ads_v6_US East_1': 20, 'D4ads_v6_US East_2': 20, 'D4ads_v6_US East_3': 20, 'D4alds_v6_US East_1': 20, 'D4alds_v6_US East_2': 20, 'D4alds_v6_US East_3': 20, 'D4als_v6_US East_1': 20, 'D4als_v6_US East_2': 20, 'D4als_v6_US East_3': 20, 'D4as_v6_US East_1': 20, 'D4as_v6_US East_2': 20, 'D4as_v6_US East_3': 20, 'D4pds_v5_US East_1': 20, 'D4pds_v5_US East_2': 20, 'D4pds_v5_US East_3': 20, 'D4plds_v5_US East_1': 20, 'D4plds_v5_US East_2': 20, 'D4plds_v5_US East_3': 20, 'D4pls_v5_US East_1': 20, 'D4pls_v5_US East_2': 20, 'D4pls_v5_US East_3': 20, 'D4ps_v5_US East_1': 20, 'D4ps_v5_US East_2': 20, 'D4ps_v5_US East_3': 20, 'D64ads_v6_US East_2': 20, 'D64alds_v6_US East_3': 20, 'D64als_v6_US East_3': 20, 'D64as_v6_US East_2': 20, 'D8ads_v6_US East_1': 20, 'D8ads_v6_US East_2': 20, 'D8ads_v6_US East_3': 20, 'D8alds_v6_US East_1': 20, 'D8alds_v6_US East_2': 20, 'D8alds_v6_US East_3': 20, 'D8als_v6_US East_1': 20, 'D8als_v6_US East_2': 20, 'D8als_v6_US East_3': 20, 'D8as_v6_US East_1': 20, 'D8as_v6_US East_2': 20, 'D8as_v6_US East_3': 20, 'D8plds_v5_US East_1': 20, 'D8plds_v5_US East_2': 20, 'D8plds_v5_US East_3': 20, 'D8pls_v5_US East_1': 20, 'D8pls_v5_US East_2': 20, 'D8pls_v5_US East_3': 20, 'D8ps_v5_US East_1': 20, 'D8ps_v5_US East_2': 20, 'D8ps_v5_US East_3': 20, 'D96ads_v6_US East_1': 20, 'D96alds_v6_US East_2': 20, 'D96als_v6_US East_2': 20, 'D96as_v6_US East_3': 20, 'DC1s_v2_US East_3': 20, 'DC2s_v2_US East_2': 20, 'E16ads_v6_US East_1': 20, 'E16ads_v6_US East_2': 20, 'E16as_v6_US East_1': 20, 'E16as_v6_US East_2': 20, 'E20ads_v6_US East_2': 20, 'E20ads_v6_US East_3': 20, 'E20as_v6_US East_1': 20, 'E20as_v6_US East_3': 20, 'E2ads_v6_US East_1': 20, 'E2ads_v6_US East_2': 20, 'E2ads_v6_US East_3': 20, 'E2as_v6_US East_1': 20, 'E2as_v6_US East_2': 20, 'E2as_v6_US East_3': 20, 'E2ps_v5_US East_1': 20, 'E2ps_v5_US East_2': 20, 'E2ps_v5_US East_3': 20, 'E32ads_v6_US East_2': 20, 'E32as_v6_US East_2': 20, 'E48ads_v6_US East_3': 20, 'E48as_v6_US East_2': 20, 'E4ads_v6_US East_1': 20, 'E4ads_v6_US East_2': 20, 'E4ads_v6_US East_3': 20, 'E4as_v6_US East_1': 20, 'E4as_v6_US East_2': 20, 'E4as_v6_US East_3': 20, 'E4ps_v5_US East_1': 20, 'E4ps_v5_US East_2': 20, 'E4ps_v5_US East_3': 20, 'E64ads_v6_US East_1': 20, 'E64as_v6_US East_3': 20, 'E8ads_v6_US East_2': 20, 'E8ads_v6_US East_3': 20, 'E8as_v6_US East_1': 20, 'E8as_v6_US East_3': 20, 'E8ps_v5_US East_2': 20, 'E96-48ads_v6_US East_2': 20, 'E96ads_v6_US East_3': 20, 'E96as_v6_US East_2': 20, 'F16als_v6_US East_2': 20, 'F16als_v6_US East_3': 20, 'F16ams_v6_US East_1': 20, 'F16ams_v6_US East_3': 20, 'F16as_v6_US East_1': 20, 'F16as_v6_US East_3': 20, 'F2als_v6_US East_1': 20, 'F2als_v6_US East_2': 20, 'F2als_v6_US East_3': 20, 'F2ams_v6_US East_1': 20, 'F2ams_v6_US East_2': 20, 'F2ams_v6_US East_3': 20, 'F2as_v6_US East_1': 20, 'F2as_v6_US East_2': 20, 'F2as_v6_US East_3': 20, 'F32als_v6_US East_3': 20, 'F32ams_v6_US East_1': 20, 'F32as_v6_US East_1': 20, 'F48als_v6_US East_2': 20, 'F48ams_v6_US East_2': 20, 'F48as_v6_US East_1': 20, 'F4als_v6_US East_1': 20, 'F4als_v6_US East_2': 20, 'F4als_v6_US East_3': 20, 'F4ams_v6_US East_1': 20, 'F4ams_v6_US East_2': 20, 'F4ams_v6_US East_3': 20, 'F4as_v6_US East_1': 20, 'F4as_v6_US East_2': 20, 'F4as_v6_US East_3': 20, 'F64als_v6_US East_1': 20, 'F64ams_v6_US East_1': 20, 'F64as_v6_US East_1': 20, 'F8als_v6_US East_1': 20, 'F8als_v6_US East_2': 20, 'F8ams_v6_US East_1': 20, 'F8ams_v6_US East_2': 20, 'F8as_v6_US East_2': 20, 'F8as_v6_US East_3': 20, 'NV4as_v4_US East_1': 20, 'NV4as_v4_US East_2': 20, 'NV4as_v4_US East_3': 20, 'NV6ads_A10_v5_US East_1': 20, 'NV6ads_A10_v5_US East_2': 20, 'NV8as_v4_US East_1': 20, 'NV8as_v4_US East_2': 20, 'NV8as_v4_US East_3': 20}"
0.62,722.3642400000001,1566935987,2169177.127871114,50960,50560,"{'D16ads_v6_US East_2': 20, 'D16ads_v6_US East_3': 20, 'D16alds_v6_US East_1': 20, 'D16alds_v6_US East_3': 20, 'D16als_v6_US East_1': 20, 'D16als_v6_US East_3': 20, 'D16as_v6_US East_1': 20, 'D16as_v6_US East_2': 20, 'D16pds_v5_US East_1': 20, 'D16plds_v5_US East_2': 20, 'D16plds_v5_US East_3': 20, 'D16pls_v5_US East_2': 20, 'D16pls_v5_US East_3': 20, 'D16ps_v5_US East_3': 20, 'D2ads_v6_US East_1': 20, 'D2ads_v6_US East_2': 20, 'D2ads_v6_US East_3': 20, 'D2alds_v6_US East_1': 20, 'D2alds_v6_US East_2': 20, 'D2alds_v6_US East_3': 20, 'D2als_v6_US East_1': 20, 'D2als_v6_US East_2': 20, 'D2als_v6_US East_3': 20, 'D2as_v6_US East_1': 20, 'D2as_v6_US East_2': 20, 'D2as_v6_US East_3': 20, 'D2pds_v5_US East_1': 20, 'D2pds_v5_US East_2': 20, 'D2pds_v5_US East_3': 20, 'D2plds_v5_US East_1': 20, 'D2plds_v5_US East_2': 20, 'D2plds_v5_US East_3': 20, 'D2pls_v5_US East_1': 20, 'D2pls_v5_US East_2': 20, 'D2pls_v5_US East_3': 20, 'D2ps_v5_US East_1': 20, 'D2ps_v5_US East_2': 20, 'D2ps_v5_US East_3': 20, 'D32ads_v6_US East_1': 20, 'D32ads_v6_US East_3': 20, 'D32alds_v6_US East_1': 20, 'D32alds_v6_US East_3': 20, 'D32als_v6_US East_2': 20, 'D32als_v6_US East_3': 20, 'D32as_v6_US East_1': 20, 'D32as_v6_US East_3': 20, 'D32plds_v5_US East_3': 20, 'D32pls_v5_US East_2': 20, 'D48ads_v6_US East_1': 20, 'D48alds_v6_US East_2': 20, 'D48als_v6_US East_1': 20, 'D48als_v6_US East_3': 20, 'D4ads_v6_US East_1': 20, 'D4ads_v6_US East_2': 20, 'D4ads_v6_US East_3': 20, 'D4alds_v6_US East_1': 20, 'D4alds_v6_US East_2': 20, 'D4alds_v6_US East_3': 20, 'D4als_v6_US East_1': 20, 'D4als_v6_US East_2': 20, 'D4als_v6_US East_3': 20, 'D4as_v6_US East_1': 20, 'D4as_v6_US East_2': 20, 'D4as_v6_US East_3': 20, 'D4pds_v5_US East_1': 20, 'D4pds_v5_US East_2': 20, 'D4pds_v5_US East_3': 20, 'D4plds_v5_US East_1': 20, 'D4plds_v5_US East_2': 20, 'D4plds_v5_US East_3': 20, 'D4pls_v5_US East_1': 20, 'D4pls_v5_US East_2': 20, 'D4pls_v5_US East_3': 20, 'D4ps_v5_US East_1': 20, 'D4ps_v5_US East_2': 20, 'D4ps_v5_US East_3': 20, 'D64ads_v6_US East_2': 20, 'D64alds_v6_US East_3': 20, 'D64als_v6_US East_3': 20, 'D64as_v6_US East_2': 20, 'D8ads_v6_US East_1': 20, 'D8ads_v6_US East_2': 20, 'D8ads_v6_US East_3': 20, 'D8alds_v6_US East_1': 20, 'D8alds_v6_US East_2': 20, 'D8alds_v6_US East_3': 20, 'D8als_v6_US East_1': 20, 'D8als_v6_US East_2': 20, 'D8als_v6_US East_3': 20, 'D8as_v6_US East_1': 20, 'D8as_v6_US East_2': 20, 'D8as_v6_US East_3': 20, 'D8plds_v5_US East_1': 20, 'D8plds_v5_US East_2': 20, 'D8plds_v5_US East_3': 20, 'D8pls_v5_US East_1': 20, 'D8pls_v5_US East_2': 20, 'D8pls_v5_US East_3': 20, 'D8ps_v5_US East_1': 20, 'D8ps_v5_US East_2': 20, 'D8ps_v5_US East_3': 20, 'D96ads_v6_US East_1': 20, 'D96alds_v6_US East_2': 20, 'D96als_v6_US East_2': 20, 'D96as_v6_US East_3': 20, 'DC1s_v2_US East_3': 20, 'DC2s_v2_US East_2': 20, 'E16ads_v6_US East_1': 20, 'E16ads_v6_US East_2': 20, 'E16as_v6_US East_1': 20, 'E16as_v6_US East_2': 20, 'E20ads_v6_US East_2': 20, 'E20ads_v6_US East_3': 20, 'E20as_v6_US East_1': 20, 'E20as_v6_US East_3': 20, 'E2ads_v6_US East_1': 20, 'E2ads_v6_US East_2': 20, 'E2ads_v6_US East_3': 20, 'E2as_v6_US East_1': 20, 'E2as_v6_US East_2': 20, 'E2as_v6_US East_3': 20, 'E2ps_v5_US East_1': 20, 'E2ps_v5_US East_2': 20, 'E2ps_v5_US East_3': 20, 'E32ads_v6_US East_2': 20, 'E32as_v6_US East_2': 20, 'E48ads_v6_US East_3': 20, 'E48as_v6_US East_2': 20, 'E4ads_v6_US East_1': 20, 'E4ads_v6_US East_2': 20, 'E4ads_v6_US East_3': 20, 'E4as_v6_US East_1': 20, 'E4as_v6_US East_2': 20, 'E4as_v6_US East_3': 20, 'E4ps_v5_US East_1': 20, 'E4ps_v5_US East_2': 20, 'E4ps_v5_US East_3': 20, 'E64ads_v6_US East_1': 20, 'E64as_v6_US East_3': 20, 'E8ads_v6_US East_2': 20, 'E8ads_v6_US East_3': 20, 'E8as_v6_US East_1': 20, 'E8as_v6_US East_3': 20, 'E8ps_v5_US East_2': 20, 'E96-48ads_v6_US East_2': 20, 'E96ads_v6_US East_3': 20, 'E96as_v6_US East_2': 20, 'F16als_v6_US East_2': 20, 'F16als_v6_US East_3': 20, 'F16ams_v6_US East_1': 20, 'F16ams_v6_US East_3': 20, 'F16as_v6_US East_1': 20, 'F16as_v6_US East_3': 20, 'F2als_v6_US East_1': 20, 'F2als_v6_US East_2': 20, 'F2als_v6_US East_3': 20, 'F2ams_v6_US East_1': 20, 'F2ams_v6_US East_2': 20, 'F2ams_v6_US East_3': 20, 'F2as_v6_US East_1': 20, 'F2as_v6_US East_2': 20, 'F2as_v6_US East_3': 20, 'F32als_v6_US East_3': 20, 'F32ams_v6_US East_1': 20, 'F32as_v6_US East_1': 20, 'F48als_v6_US East_2': 20, 'F48ams_v6_US East_2': 20, 'F48as_v6_US East_1': 20, 'F4als_v6_US East_1': 20, 'F4als_v6_US East_2': 20, 'F4als_v6_US East_3': 20, 'F4ams_v6_US East_1': 20, 'F4ams_v6_US East_2': 20, 'F4ams_v6_US East_3': 20, 'F4as_v6_US East_1': 20, 'F4as_v6_US East_2': 20, 'F4as_v6_US East_3': 20, 'F64als_v6_US East_1': 20, 'F64ams_v6_US East_1': 20, 'F64as_v6_US East_1': 20, 'F8als_v6_US East_1': 20, 'F8als_v6_US East_2': 20, 'F8ams_v6_US East_1': 20, 'F8ams_v6_US East_2': 20, 'F8as_v6_US East_2': 20, 'F8as_v6_US East_3': 20, 'NV4as_v4_US East_1': 20, 'NV4as_v4_US East_2': 20, 'NV4as_v4_US East_3': 20, 'NV6ads_A10_v5_US East_1': 20, 'NV6ads_A10_v5_US East_2': 20, 'NV8as_v4_US East_1': 20, 'NV8as_v4_US East_2': 20, 'NV8as_v4_US East_3': 20}"
0.63,722.3642400000001,1566935987,2169177.127871114,50960,50560,"{'D16ads_v6_US East_2': 20, 'D16ads_v6_US East_3': 20, 'D16alds_v6_US East_1': 20, 'D16alds_v6_US East_3': 20, 'D16als_v6_US East_1': 20, 'D16als_v6_US East_3': 20, 'D16as_v6_US East_1': 20, 'D16as_v6_US East_2': 20, 'D16pds_v5_US East_1': 20, 'D16plds_v5_US East_2': 20, 'D16plds_v5_US East_3': 20, 'D16pls_v5_US East_2': 20, 'D16pls_v5_US East_3': 20, 'D16ps_v5_US East_3': 20, 'D2ads_v6_US East_1': 20, 'D2ads_v6_US East_2': 20, 'D2ads_v6_US East_3': 20, 'D2alds_v6_US East_1': 20, 'D2alds_v6_US East_2': 20, 'D2alds_v6_US East_3': 20, 'D2als_v6_US East_1': 20, 'D2als_v6_US East_2': 20, 'D2als_v6_US East_3': 20, 'D2as_v6_US East_1': 20, 'D2as_v6_US East_2': 20, 'D2as_v6_US East_3': 20, 'D2pds_v5_US East_1': 20, 'D2pds_v5_US East_2': 20, 'D2pds_v5_US East_3': 20, 'D2plds_v5_US East_1': 20, 'D2plds_v5_US East_2': 20, 'D2plds_v5_US East_3': 20, 'D2pls_v5_US East_1': 20, 'D2pls_v5_US East_2': 20, 'D2pls_v5_US East_3': 20, 'D2ps_v5_US East_1': 20, 'D2ps_v5_US East_2': 20, 'D2ps_v5_US East_3': 20, 'D32ads_v6_US East_1': 20, 'D32ads_v6_US East_3': 20, 'D32alds_v6_US East_1': 20, 'D32alds_v6_US East_3': 20, 'D32als_v6_US East_2': 20, 'D32als_v6_US East_3': 20, 'D32as_v6_US East_1': 20, 'D32as_v6_US East_3': 20, 'D32plds_v5_US East_3': 20, 'D32pls_v5_US East_2': 20, 'D48ads_v6_US East_1': 20, 'D48alds_v6_US East_2': 20, 'D48als_v6_US East_1': 20, 'D48als_v6_US East_3': 20, 'D4ads_v6_US East_1': 20, 'D4ads_v6_US East_2': 20, 'D4ads_v6_US East_3': 20, 'D4alds_v6_US East_1': 20, 'D4alds_v6_US East_2': 20, 'D4alds_v6_US East_3': 20, 'D4als_v6_US East_1': 20, 'D4als_v6_US East_2': 20, 'D4als_v6_US East_3': 20, 'D4as_v6_US East_1': 20, 'D4as_v6_US East_2': 20, 'D4as_v6_US East_3': 20, 'D4pds_v5_US East_1': 20, 'D4pds_v5_US East_2': 20, 'D4pds_v5_US East_3': 20, 'D4plds_v5_US East_1': 20, 'D4plds_v5_US East_2': 20, 'D4plds_v5_US East_3': 20, 'D4pls_v5_US East_1': 20, 'D4pls_v5_US East_2': 20, 'D4pls_v5_US East_3': 20, 'D4ps_v5_US East_1': 20, 'D4ps_v5_US East_2': 20, 'D4ps_v5_US East_3': 20, 'D64ads_v6_US East_2': 20, 'D64alds_v6_US East_3': 20, 'D64als_v6_US East_3': 20, 'D64as_v6_US East_2': 20, 'D8ads_v6_US East_1': 20, 'D8ads_v6_US East_2': 20, 'D8ads_v6_US East_3': 20, 'D8alds_v6_US East_1': 20, 'D8alds_v6_US East_2': 20, 'D8alds_v6_US East_3': 20, 'D8als_v6_US East_1': 20, 'D8als_v6_US East_2': 20, 'D8als_v6_US East_3': 20, 'D8as_v6_US East_1': 20, 'D8as_v6_US East_2': 20, 'D8as_v6_US East_3': 20, 'D8plds_v5_US East_1': 20, 'D8plds_v5_US East_2': 20, 'D8plds_v5_US East_3': 20, 'D8pls_v5_US East_1': 20, 'D8pls_v5_US East_2': 20, 'D8pls_v5_US East_3': 20, 'D8ps_v5_US East_1': 20, 'D8ps_v5_US East_2': 20, 'D8ps_v5_US East_3': 20, 'D96ads_v6_US East_1': 20, 'D96alds_v6_US East_2': 20, 'D96als_v6_US East_2': 20, 'D96as_v6_US East_3': 20, 'DC1s_v2_US East_3': 20, 'DC2s_v2_US East_2': 20, 'E16ads_v6_US East_1': 20, 'E16ads_v6_US East_2': 20, 'E16as_v6_US East_1': 20, 'E16as_v6_US East_2': 20, 'E20ads_v6_US East_2': 20, 'E20ads_v6_US East_3': 20, 'E20as_v6_US East_1': 20, 'E20as_v6_US East_3': 20, 'E2ads_v6_US East_1': 20, 'E2ads_v6_US East_2': 20, 'E2ads_v6_US East_3': 20, 'E2as_v6_US East_1': 20, 'E2as_v6_US East_2': 20, 'E2as_v6_US East_3': 20, 'E2ps_v5_US East_1': 20, 'E2ps_v5_US East_2': 20, 'E2ps_v5_US East_3': 20, 'E32ads_v6_US East_2': 20, 'E32as_v6_US East_2': 20, 'E48ads_v6_US East_3': 20, 'E48as_v6_US East_2': 20, 'E4ads_v6_US East_1': 20, 'E4ads_v6_US East_2': 20, 'E4ads_v6_US East_3': 20, 'E4as_v6_US East_1': 20, 'E4as_v6_US East_2': 20, 'E4as_v6_US East_3': 20, 'E4ps_v5_US East_1': 20, 'E4ps_v5_US East_2': 20, 'E4ps_v5_US East_3': 20, 'E64ads_v6_US East_1': 20, 'E64as_v6_US East_3': 20, 'E8ads_v6_US East_2': 20, 'E8ads_v6_US East_3': 20, 'E8as_v6_US East_1': 20, 'E8as_v6_US East_3': 20, 'E8ps_v5_US East_2': 20, 'E96-48ads_v6_US East_2': 20, 'E96ads_v6_US East_3': 20, 'E96as_v6_US East_2': 20, 'F16als_v6_US East_2': 20, 'F16als_v6_US East_3': 20, 'F16ams_v6_US East_1': 20, 'F16ams_v6_US East_3': 20, 'F16as_v6_US East_1': 20, 'F16as_v6_US East_3': 20, 'F2als_v6_US East_1': 20, 'F2als_v6_US East_2': 20, 'F2als_v6_US East_3': 20, 'F2ams_v6_US East_1': 20, 'F2ams_v6_US East_2': 20, 'F2ams_v6_US East_3': 20, 'F2as_v6_US East_1': 20, 'F2as_v6_US East_2': 20, 'F2as_v6_US East_3': 20, 'F32als_v6_US East_3': 20, 'F32ams_v6_US East_1': 20, 'F32as_v6_US East_1': 20, 'F48als_v6_US East_2': 20, 'F48ams_v6_US East_2': 20, 'F48as_v6_US East_1': 20, 'F4als_v6_US East_1': 20, 'F4als_v6_US East_2': 20, 'F4als_v6_US East_3': 20, 'F4ams_v6_US East_1': 20, 'F4ams_v6_US East_2': 20, 'F4ams_v6_US East_3': 20, 'F4as_v6_US East_1': 20, 'F4as_v6_US East_2': 20, 'F4as_v6_US East_3': 20, 'F64als_v6_US East_1': 20, 'F64ams_v6_US East_1': 20, 'F64as_v6_US East_1': 20, 'F8als_v6_US East_1': 20, 'F8als_v6_US East_2': 20, 'F8ams_v6_US East_1': 20, 'F8ams_v6_US East_2': 20, 'F8as_v6_US East_2': 20, 'F8as_v6_US East_3': 20, 'NV4as_v4_US East_1': 20, 'NV4as_v4_US East_2': 20, 'NV4as_v4_US East_3': 20, 'NV6ads_A10_v5_US East_1': 20, 'NV6ads_A10_v5_US East_2': 20, 'NV8as_v4_US East_1': 20, 'NV8as_v4_US East_2': 20, 'NV8as_v4_US East_3': 20}"
0.64,722.3642400000001,1566935987,2169177.127871114,50960,50560,"{'D16ads_v6_US East_2': 20, 'D16ads_v6_US East_3': 20, 'D16alds_v6_US East_1': 20, 'D16alds_v6_US East_3': 20, 'D16als_v6_US East_1': 20, 'D16als_v6_US East_3': 20, 'D16as_v6_US East_1': 20, 'D16as_v6_US East_2': 20, 'D16pds_v5_US East_1': 20, 'D16plds_v5_US East_2': 20, 'D16plds_v5_US East_3': 20, 'D16pls_v5_US East_2': 20, 'D16pls_v5_US East_3': 20, 'D16ps_v5_US East_3': 20, 'D2ads_v6_US East_1': 20, 'D2ads_v6_US East_2': 20, 'D2ads_v6_US East_3': 20, 'D2alds_v6_US East_1': 20, 'D2alds_v6_US East_2': 20, 'D2alds_v6_US East_3': 20, 'D2als_v6_US East_1': 20, 'D2als_v6_US East_2': 20, 'D2als_v6_US East_3': 20, 'D2as_v6_US East_1': 20, 'D2as_v6_US East_2': 20, 'D2as_v6_US East_3': 20, 'D2pds_v5_US East_1': 20, 'D2pds_v5_US East_2': 20, 'D2pds_v5_US East_3': 20, 'D2plds_v5_US East_1': 20, 'D2plds_v5_US East_2': 20, 'D2plds_v5_US East_3': 20, 'D2pls_v5_US East_1': 20, 'D2pls_v5_US East_2': 20, 'D2pls_v5_US East_3': 20, 'D2ps_v5_US East_1': 20, 'D2ps_v5_US East_2': 20, 'D2ps_v5_US East_3': 20, 'D32ads_v6_US East_1': 20, 'D32ads_v6_US East_3': 20, 'D32alds_v6_US East_1': 20, 'D32alds_v6_US East_3': 20, 'D32als_v6_US East_2': 20, 'D32als_v6_US East_3': 20, 'D32as_v6_US East_1': 20, 'D32as_v6_US East_3': 20, 'D32plds_v5_US East_3': 20, 'D32pls_v5_US East_2': 20, 'D48ads_v6_US East_1': 20, 'D48alds_v6_US East_2': 20, 'D48als_v6_US East_1': 20, 'D48als_v6_US East_3': 20, 'D4ads_v6_US East_1': 20, 'D4ads_v6_US East_2': 20, 'D4ads_v6_US East_3': 20, 'D4alds_v6_US East_1': 20, 'D4alds_v6_US East_2': 20, 'D4alds_v6_US East_3': 20, 'D4als_v6_US East_1': 20, 'D4als_v6_US East_2': 20, 'D4als_v6_US East_3': 20, 'D4as_v6_US East_1': 20, 'D4as_v6_US East_2': 20, 'D4as_v6_US East_3': 20, 'D4pds_v5_US East_1': 20, 'D4pds_v5_US East_2': 20, 'D4pds_v5_US East_3': 20, 'D4plds_v5_US East_1': 20, 'D4plds_v5_US East_2': 20, 'D4plds_v5_US East_3': 20, 'D4pls_v5_US East_1': 20, 'D4pls_v5_US East_2': 20, 'D4pls_v5_US East_3': 20, 'D4ps_v5_US East_1': 20, 'D4ps_v5_US East_2': 20, 'D4ps_v5_US East_3': 20, 'D64ads_v6_US East_2': 20, 'D64alds_v6_US East_3': 20, 'D64als_v6_US East_3': 20, 'D64as_v6_US East_2': 20, 'D8ads_v6_US East_1': 20, 'D8ads_v6_US East_2': 20, 'D8ads_v6_US East_3': 20, 'D8alds_v6_US East_1': 20, 'D8alds_v6_US East_2': 20, 'D8alds_v6_US East_3': 20, 'D8als_v6_US East_1': 20, 'D8als_v6_US East_2': 20, 'D8als_v6_US East_3': 20, 'D8as_v6_US East_1': 20, 'D8as_v6_US East_2': 20, 'D8as_v6_US East_3': 20, 'D8plds_v5_US East_1': 20, 'D8plds_v5_US East_2': 20, 'D8plds_v5_US East_3': 20, 'D8pls_v5_US East_1': 20, 'D8pls_v5_US East_2': 20, 'D8pls_v5_US East_3': 20, 'D8ps_v5_US East_1': 20, 'D8ps_v5_US East_2': 20, 'D8ps_v5_US East_3': 20, 'D96ads_v6_US East_1': 20, 'D96alds_v6_US East_2': 20, 'D96als_v6_US East_2': 20, 'D96as_v6_US East_3': 20, 'DC1s_v2_US East_3': 20, 'DC2s_v2_US East_2': 20, 'E16ads_v6_US East_1': 20, 'E16ads_v6_US East_2': 20, 'E16as_v6_US East_1': 20, 'E16as_v6_US East_2': 20, 'E20ads_v6_US East_2': 20, 'E20ads_v6_US East_3': 20, 'E20as_v6_US East_1': 20, 'E20as_v6_US East_3': 20, 'E2ads_v6_US East_1': 20, 'E2ads_v6_US East_2': 20, 'E2ads_v6_US East_3': 20, 'E2as_v6_US East_1': 20, 'E2as_v6_US East_2': 20, 'E2as_v6_US East_3': 20, 'E2ps_v5_US East_1': 20, 'E2ps_v5_US East_2': 20, 'E2ps_v5_US East_3': 20, 'E32ads_v6_US East_2': 20, 'E32as_v6_US East_2': 20, 'E48ads_v6_US East_3': 20, 'E48as_v6_US East_2': 20, 'E4ads_v6_US East_1': 20, 'E4ads_v6_US East_2': 20, 'E4ads_v6_US East_3': 20, 'E4as_v6_US East_1': 20, 'E4as_v6_US East_2': 20, 'E4as_v6_US East_3': 20, 'E4ps_v5_US East_1': 20, 'E4ps_v5_US East_2': 20, 'E4ps_v5_US East_3': 20, 'E64ads_v6_US East_1': 20, 'E64as_v6_US East_3': 20, 'E8ads_v6_US East_2': 20, 'E8ads_v6_US East_3': 20, 'E8as_v6_US East_1': 20, 'E8as_v6_US East_3': 20, 'E8ps_v5_US East_2': 20, 'E96-48ads_v6_US East_2': 20, 'E96ads_v6_US East_3': 20, 'E96as_v6_US East_2': 20, 'F16als_v6_US East_2': 20, 'F16als_v6_US East_3': 20, 'F16ams_v6_US East_1': 20, 'F16ams_v6_US East_3': 20, 'F16as_v6_US East_1': 20, 'F16as_v6_US East_3': 20, 'F2als_v6_US East_1': 20, 'F2als_v6_US East_2': 20, 'F2als_v6_US East_3': 20, 'F2ams_v6_US East_1': 20, 'F2ams_v6_US East_2': 20, 'F2ams_v6_US East_3': 20, 'F2as_v6_US East_1': 20, 'F2as_v6_US East_2': 20, 'F2as_v6_US East_3': 20, 'F32als_v6_US East_3': 20, 'F32ams_v6_US East_1': 20, 'F32as_v6_US East_1': 20, 'F48als_v6_US East_2': 20, 'F48ams_v6_US East_2': 20, 'F48as_v6_US East_1': 20, 'F4als_v6_US East_1': 20, 'F4als_v6_US East_2': 20, 'F4als_v6_US East_3': 20, 'F4ams_v6_US East_1': 20, 'F4ams_v6_US East_2': 20, 'F4ams_v6_US East_3': 20, 'F4as_v6_US East_1': 20, 'F4as_v6_US East_2': 20, 'F4as_v6_US East_3': 20, 'F64als_v6_US East_1': 20, 'F64ams_v6_US East_1': 20, 'F64as_v6_US East_1': 20, 'F8als_v6_US East_1': 20, 'F8als_v6_US East_2': 20, 'F8ams_v6_US East_1': 20, 'F8ams_v6_US East_2': 20, 'F8as_v6_US East_2': 20, 'F8as_v6_US East_3': 20, 'NV4as_v4_US East_1': 20, 'NV4as_v4_US East_2': 20, 'NV4as_v4_US East_3': 20, 'NV6ads_A10_v5_US East_1': 20, 'NV6ads_A10_v5_US East_2': 20, 'NV8as_v4_US East_1': 20, 'NV8as_v4_US East_2': 20, 'NV8as_v4_US East_3': 20}"
0.65,752.3794800000002,1593083085,2117393.0541008376,52880,52480,"{'D16ads_v6_US East_2': 20, 'D16ads_v6_US East_3': 20, 'D16alds_v6_US East_1': 20, 'D16alds_v6_US East_3': 20, 'D16als_v6_US East_1': 20, 'D16als_v6_US East_3': 20, 'D16as_v6_US East_1': 20, 'D16as_v6_US East_2': 20, 'D16pds_v5_US East_1': 20, 'D16plds_v5_US East_2': 20, 'D16plds_v5_US East_3': 20, 'D16pls_v5_US East_2': 20, 'D16pls_v5_US East_3': 20, 'D16ps_v5_US East_3': 20, 'D2ads_v6_US East_1': 20, 'D2ads_v6_US East_2': 20, 'D2ads_v6_US East_3': 20, 'D2alds_v6_US East_1': 20, 'D2alds_v6_US East_2': 20, 'D2alds_v6_US East_3': 20, 'D2als_v6_US East_1': 20, 'D2als_v6_US East_2': 20, 'D2als_v6_US East_3': 20, 'D2as_v6_US East_1': 20, 'D2as_v6_US East_2': 20, 'D2as_v6_US East_3': 20, 'D2pds_v5_US East_1': 20, 'D2pds_v5_US East_2': 20, 'D2pds_v5_US East_3': 20, 'D2plds_v5_US East_1': 20, 'D2plds_v5_US East_2': 20, 'D2plds_v5_US East_3': 20, 'D2pls_v5_US East_1': 20, 'D2pls_v5_US East_2': 20, 'D2pls_v5_US East_3': 20, 'D2ps_v5_US East_1': 20, 'D2ps_v5_US East_2': 20, 'D2ps_v5_US East_3': 20, 'D32ads_v6_US East_1': 20, 'D32ads_v6_US East_3': 20, 'D32alds_v6_US East_1': 20, 'D32alds_v6_US East_3': 20, 'D32als_v6_US East_2': 20, 'D32als_v6_US East_3': 20, 'D32as_v6_US East_1': 20, 'D32as_v6_US East_3': 20, 'D32plds_v5_US East_3': 20, 'D32pls_v5_US East_2': 20, 'D48ads_v6_US East_1': 20, 'D48alds_v6_US East_2': 20, 'D48als_v6_US East_1': 20, 'D48als_v6_US East_3': 20, 'D4ads_v6_US East_1': 20, 'D4ads_v6_US East_2': 20, 'D4ads_v6_US East_3': 20, 'D4alds_v6_US East_1': 20, 'D4alds_v6_US East_2': 20, 'D4alds_v6_US East_3': 20, 'D4als_v6_US East_1': 20, 'D4als_v6_US East_2': 20, 'D4als_v6_US East_3': 20, 'D4as_v6_US East_1': 20, 'D4as_v6_US East_2': 20, 'D4as_v6_US East_3': 20, 'D4pds_v5_US East_1': 20, 'D4pds_v5_US East_2': 20, 'D4pds_v5_US East_3': 20, 'D4plds_v5_US East_1': 20, 'D4plds_v5_US East_2': 20, 'D4plds_v5_US East_3': 20, 'D4pls_v5_US East_1': 20, 'D4pls_v5_US East_2': 20, 'D4pls_v5_US East_3': 20, 'D4ps_v5_US East_1': 20, 'D4ps_v5_US East_2': 20, 'D4ps_v5_US East_3': 20, 'D64ads_v6_US East_2': 20, 'D64alds_v6_US East_3': 20, 'D64als_v6_US East_3': 20, 'D64as_v6_US East_2': 20, 'D8ads_v6_US East_1': 20, 'D8ads_v6_US East_2': 20, 'D8ads_v6_US East_3': 20, 'D8alds_v6_US East_1': 20, 'D8alds_v6_US East_2': 20, 'D8alds_v6_US East_3': 20, 'D8als_v6_US East_1': 20, 'D8als_v6_US East_2': 20, 'D8als_v6_US East_3': 20, 'D8as_v6_US East_1': 20, 'D8as_v6_US East_2': 20, 'D8as_v6_US East_3': 20, 'D8plds_v5_US East_1': 20, 'D8plds_v5_US East_2': 20, 'D8plds_v5_US East_3': 20, 'D8pls_v5_US East_1': 20, 'D8pls_v5_US East_2': 20, 'D8pls_v5_US East_3': 20, 'D8ps_v5_US East_1': 20, 'D8ps_v5_US East_2': 20, 'D8ps_v5_US East_3': 20, 'D96ads_v6_US East_1': 20, 'D96alds_v6_US East_2': 20, 'D96als_v6_US East_2': 20, 'D96as_v6_US East_3': 20, 'DC1s_v2_US East_3': 20, 'DC2s_v2_US East_2': 20, 'E16ads_v6_US East_1': 20, 'E16ads_v6_US East_2': 20, 'E16as_v6_US East_1': 20, 'E16as_v6_US East_2': 20, 'E20ads_v6_US East_2': 20, 'E20ads_v6_US East_3': 20, 'E20as_v6_US East_1': 20, 'E20as_v6_US East_3': 20, 'E2ads_v6_US East_1': 20, 'E2ads_v6_US East_2': 20, 'E2ads_v6_US East_3': 20, 'E2as_v6_US East_1': 20, 'E2as_v6_US East_2': 20, 'E2as_v6_US East_3': 20, 'E2ps_v5_US East_1': 20, 'E2ps_v5_US East_2': 20, 'E2ps_v5_US East_3': 20, 'E32ads_v6_US East_2': 20, 'E32as_v6_US East_2': 20, 'E48ads_v6_US East_3': 20, 'E48as_v6_US East_2': 20, 'E4ads_v6_US East_1': 20, 'E4ads_v6_US East_2': 20, 'E4ads_v6_US East_3': 20, 'E4as_v6_US East_1': 20, 'E4as_v6_US East_2': 20, 'E4as_v6_US East_3': 20, 'E4ps_v5_US East_1': 20, 'E4ps_v5_US East_2': 20, 'E4ps_v5_US East_3': 20, 'E64ads_v6_US East_1': 20, 'E64as_v6_US East_3': 20, 'E8ads_v6_US East_2': 20, 'E8ads_v6_US East_3': 20, 'E8as_v6_US East_1': 20, 'E8as_v6_US East_3': 20, 'E8ps_v5_US East_2': 20, 'E96-48ads_v6_US East_2': 20, 'E96ads_v6_US East_3': 20, 'E96as_v6_US East_2': 20, 'F16als_v6_US East_2': 20, 'F16als_v6_US East_3': 20, 'F16ams_v6_US East_1': 20, 'F16ams_v6_US East_3': 20, 'F16as_v6_US East_1': 20, 'F16as_v6_US East_3': 20, 'F2als_v6_US East_1': 20, 'F2als_v6_US East_2': 20, 'F2als_v6_US East_3': 20, 'F2ams_v6_US East_1': 20, 'F2ams_v6_US East_2': 20, 'F2ams_v6_US East_3': 20, 'F2as_v6_US East_1': 20, 'F2as_v6_US East_2': 20, 'F2as_v6_US East_3': 20, 'F32als_v6_US East_3': 20, 'F32ams_v6_US East_1': 20, 'F32as_v6_US East_1': 20, 'F48als_v6_US East_2': 20, 'F48ams_v6_US East_2': 20, 'F48as_v6_US East_1': 20, 'F4als_v6_US East_1': 20, 'F4als_v6_US East_2': 20, 'F4als_v6_US East_3': 20, 'F4ams_v6_US East_1': 20, 'F4ams_v6_US East_2': 20, 'F4ams_v6_US East_3': 20, 'F4as_v6_US East_1': 20, 'F4as_v6_US East_2': 20, 'F4as_v6_US East_3': 20, 'F64als_v6_US East_1': 20, 'F64ams_v6_US East_1': 20, 'F64as_v6_US East_1': 20, 'F8als_v6_US East_1': 20, 'F8als_v6_US East_2': 20, 'F8ams_v6_US East_1': 20, 'F8ams_v6_US East_2': 20, 'F8as_v6_US East_2': 20, 'F8as_v6_US East_3': 20, 'M32ts_US East_1': 20, 'M32ts_US East_2': 20, 'M32ts_US East_3': 20, 'NV4as_v4_US East_1': 20, 'NV4as_v4_US East_2': 20, 'NV4as_v4_US East_3': 20, 'NV6ads_A10_v5_US East_1': 20, 'NV6ads_A10_v5_US East_2': 20, 'NV8as_v4_US East_1': 20, 'NV8as_v4_US East_2': 20, 'NV8as_v4_US East_3': 20}"
0.66,808.1077400000003,1638617997,2027722.1908553925,56080,55680,"{'D16ads_v6_US East_2': 20, 'D16ads_v6_US East_3': 20, 'D16alds_v6_US East_1': 20, 'D16alds_v6_US East_3': 20, 'D16als_v6_US East_1': 20, 'D16als_v6_US East_3': 20, 'D16as_v6_US East_1': 20, 'D16as_v6_US East_2': 20, 'D16pds_v5_US East_1': 20, 'D16plds_v5_US East_2': 20, 'D16plds_v5_US East_3': 20, 'D16pls_v5_US East_2': 20, 'D16pls_v5_US East_3': 20, 'D16ps_v5_US East_3': 20, 'D2ads_v6_US East_1': 20, 'D2ads_v6_US East_2': 20, 'D2ads_v6_US East_3': 20, 'D2alds_v6_US East_1': 20, 'D2alds_v6_US East_2': 20, 'D2alds_v6_US East_3': 20, 'D2als_v6_US East_1': 20, 'D2als_v6_US East_2': 20, 'D2als_v6_US East_3': 20, 'D2as_v6_US East_1': 20, 'D2as_v6_US East_2': 20, 'D2as_v6_US East_3': 20, 'D2pds_v5_US East_1': 20, 'D2pds_v5_US East_2': 20, 'D2pds_v5_US East_3': 20, 'D2plds_v5_US East_1': 20, 'D2plds_v5_US East_2': 20, 'D2plds_v5_US East_3': 20, 'D2pls_v5_US East_1': 20, 'D2pls_v5_US East_2': 20, 'D2pls_v5_US East_3': 20, 'D2ps_v5_US East_1': 20, 'D2ps_v5_US East_2': 20, 'D2ps_v5_US East_3': 20, 'D32ads_v6_US East_1': 20, 'D32ads_v6_US East_3': 20, 'D32alds_v6_US East_1': 20, 'D32alds_v6_US East_3': 20, 'D32als_v6_US East_2': 20, 'D32als_v6_US East_3': 20, 'D32as_v6_US East_1': 20, 'D32as_v6_US East_3': 20, 'D32plds_v5_US East_3': 20, 'D32pls_v5_US East_2': 20, 'D48ads_v6_US East_1': 20, 'D48alds_v6_US East_2': 20, 'D48als_v6_US East_1': 20, 'D48als_v6_US East_3': 20, 'D4ads_v6_US East_1': 20, 'D4ads_v6_US East_2': 20, 'D4ads_v6_US East_3': 20, 'D4alds_v6_US East_1': 20, 'D4alds_v6_US East_2': 20, 'D4alds_v6_US East_3': 20, 'D4als_v6_US East_1': 20, 'D4als_v6_US East_2': 20, 'D4als_v6_US East_3': 20, 'D4as_v6_US East_1': 20, 'D4as_v6_US East_2': 20, 'D4as_v6_US East_3': 20, 'D4pds_v5_US East_1': 20, 'D4pds_v5_US East_2': 20, 'D4pds_v5_US East_3': 20, 'D4plds_v5_US East_1': 20, 'D4plds_v5_US East_2': 20, 'D4plds_v5_US East_3': 20, 'D4pls_v5_US East_1': 20, 'D4pls_v5_US East_2': 20, 'D4pls_v5_US East_3': 20, 'D4ps_v5_US East_1': 20, 'D4ps_v5_US East_2': 20, 'D4ps_v5_US East_3': 20, 'D64ads_v6_US East_2': 20, 'D64alds_v6_US East_3': 20, 'D64als_v6_US East_3': 20, 'D64as_v6_US East_2': 20, 'D8ads_v6_US East_1': 20, 'D8ads_v6_US East_2': 20, 'D8ads_v6_US East_3': 20, 'D8alds_v6_US East_1': 20, 'D8alds_v6_US East_2': 20, 'D8alds_v6_US East_3': 20, 'D8als_v6_US East_1': 20, 'D8als_v6_US East_2': 20, 'D8als_v6_US East_3': 20, 'D8as_v6_US East_1': 20, 'D8as_v6_US East_2': 20, 'D8as_v6_US East_3': 20, 'D8plds_v5_US East_1': 20, 'D8plds_v5_US East_2': 20, 'D8plds_v5_US East_3': 20, 'D8pls_v5_US East_1': 20, 'D8pls_v5_US East_2': 20, 'D8pls_v5_US East_3': 20, 'D8ps_v5_US East_1': 20, 'D8ps_v5_US East_2': 20, 'D8ps_v5_US East_3': 20, 'D96ads_v6_US East_1': 20, 'D96alds_v6_US East_2': 20, 'D96als_v6_US East_2': 20, 'D96as_v6_US East_3': 20, 'DC1s_v2_US East_3': 20, 'DC2s_v2_US East_2': 20, 'E16ads_v6_US East_1': 20, 'E16ads_v6_US East_2': 20, 'E16as_v6_US East_1': 20, 'E16as_v6_US East_2': 20, 'E20ads_v6_US East_2': 20, 'E20ads_v6_US East_3': 20, 'E20as_v6_US East_1': 20, 'E20as_v6_US East_3': 20, 'E2ads_v6_US East_1': 20, 'E2ads_v6_US East_2': 20, 'E2ads_v6_US East_3': 20, 'E2as_v6_US East_1': 20, 'E2as_v6_US East_2': 20, 'E2as_v6_US East_3': 20, 'E2ps_v5_US East_1': 20, 'E2ps_v5_US East_2': 20, 'E2ps_v5_US East_3': 20, 'E32ads_v6_US East_2': 20, 'E32as_v6_US East_2': 20, 'E48ads_v6_US East_3': 20, 'E48as_v6_US East_2': 20, 'E4ads_v6_US East_1': 20, 'E4ads_v6_US East_2': 20, 'E4ads_v6_US East_3': 20, 'E4as_v6_US East_1': 20, 'E4as_v6_US East_2': 20, 'E4as_v6_US East_3': 20, 'E4ps_v5_US East_1': 20, 'E4ps_v5_US East_2': 20, 'E4ps_v5_US East_3': 20, 'E64ads_v6_US East_1': 20, 'E64as_v6_US East_3': 20, 'E8ads_v6_US East_2': 20, 'E8ads_v6_US East_3': 20, 'E8as_v6_US East_1': 20, 'E8as_v6_US East_3': 20, 'E8ps_v5_US East_2': 20, 'E96-48ads_v6_US East_2': 20, 'E96ads_v6_US East_3': 20, 'E96as_v6_US East_2': 20, 'F16als_v6_US East_2': 20, 'F16als_v6_US East_3': 20, 'F16ams_v6_US East_1': 20, 'F16ams_v6_US East_3': 20, 'F16as_v6_US East_1': 20, 'F16as_v6_US East_3': 20, 'F2als_v6_US East_1': 20, 'F2als_v6_US East_2': 20, 'F2als_v6_US East_3': 20, 'F2ams_v6_US East_1': 20, 'F2ams_v6_US East_2': 20, 'F2ams_v6_US East_3': 20, 'F2as_v6_US East_1': 20, 'F2as_v6_US East_2': 20, 'F2as_v6_US East_3': 20, 'F32als_v6_US East_3': 20, 'F32ams_v6_US East_1': 20, 'F32as_v6_US East_1': 20, 'F48als_v6_US East_2': 20, 'F48ams_v6_US East_2': 20, 'F48as_v6_US East_1': 20, 'F4als_v6_US East_1': 20, 'F4als_v6_US East_2': 20, 'F4als_v6_US East_3': 20, 'F4ams_v6_US East_1': 20, 'F4ams_v6_US East_2': 20, 'F4ams_v6_US East_3': 20, 'F4as_v6_US East_1': 20, 'F4as_v6_US East_2': 20, 'F4as_v6_US East_3': 20, 'F64als_v6_US East_1': 20, 'F64ams_v6_US East_1': 20, 'F64as_v6_US East_1': 20, 'F8als_v6_US East_1': 20, 'F8als_v6_US East_2': 20, 'F8ams_v6_US East_1': 20, 'F8ams_v6_US East_2': 20, 'F8as_v6_US East_2': 20, 'F8as_v6_US East_3': 20, 'M32ls_US East_1': 20, 'M32ls_US East_2': 20, 'M32ls_US East_3': 20, 'M32ts_US East_1': 20, 'M32ts_US East_2': 20, 'M32ts_US East_3': 20, 'M64s_v2_US East_1': 20, 'NV4as_v4_US East_1': 20, 'NV4as_v4_US East_2': 20, 'NV4as_v4_US East_3': 20, 'NV6ads_A10_v5_US East_1': 20, 'NV6ads_A10_v5_US East_2': 20, 'NV8as_v4_US East_1': 20, 'NV8as_v4_US East_2': 20, 'NV8as_v4_US East_3': 20}"
0.67,808.1077400000003,1638617997,2027722.1908553925,56080,55680,"{'D16ads_v6_US East_2': 20, 'D16ads_v6_US East_3': 20, 'D16alds_v6_US East_1': 20, 'D16alds_v6_US East_3': 20, 'D16als_v6_US East_1': 20, 'D16als_v6_US East_3': 20, 'D16as_v6_US East_1': 20, 'D16as_v6_US East_2': 20, 'D16pds_v5_US East_1': 20, 'D16plds_v5_US East_2': 20, 'D16plds_v5_US East_3': 20, 'D16pls_v5_US East_2': 20, 'D16pls_v5_US East_3': 20, 'D16ps_v5_US East_3': 20, 'D2ads_v6_US East_1': 20, 'D2ads_v6_US East_2': 20, 'D2ads_v6_US East_3': 20, 'D2alds_v6_US East_1': 20, 'D2alds_v6_US East_2': 20, 'D2alds_v6_US East_3': 20, 'D2als_v6_US East_1': 20, 'D2als_v6_US East_2': 20, 'D2als_v6_US East_3': 20, 'D2as_v6_US East_1': 20, 'D2as_v6_US East_2': 20, 'D2as_v6_US East_3': 20, 'D2pds_v5_US East_1': 20, 'D2pds_v5_US East_2': 20, 'D2pds_v5_US East_3': 20, 'D2plds_v5_US East_1': 20, 'D2plds_v5_US East_2': 20, 'D2plds_v5_US East_3': 20, 'D2pls_v5_US East_1': 20, 'D2pls_v5_US East_2': 20, 'D2pls_v5_US East_3': 20, 'D2ps_v5_US East_1': 20, 'D2ps_v5_US East_2': 20, 'D2ps_v5_US East_3': 20, 'D32ads_v6_US East_1': 20, 'D32ads_v6_US East_3': 20, 'D32alds_v6_US East_1': 20, 'D32alds_v6_US East_3': 20, 'D32als_v6_US East_2': 20, 'D32als_v6_US East_3': 20, 'D32as_v6_US East_1': 20, 'D32as_v6_US East_3': 20, 'D32plds_v5_US East_3': 20, 'D32pls_v5_US East_2': 20, 'D48ads_v6_US East_1': 20, 'D48alds_v6_US East_2': 20, 'D48als_v6_US East_1': 20, 'D48als_v6_US East_3': 20, 'D4ads_v6_US East_1': 20, 'D4ads_v6_US East_2': 20, 'D4ads_v6_US East_3': 20, 'D4alds_v6_US East_1': 20, 'D4alds_v6_US East_2': 20, 'D4alds_v6_US East_3': 20, 'D4als_v6_US East_1': 20, 'D4als_v6_US East_2': 20, 'D4als_v6_US East_3': 20, 'D4as_v6_US East_1': 20, 'D4as_v6_US East_2': 20, 'D4as_v6_US East_3': 20, 'D4pds_v5_US East_1': 20, 'D4pds_v5_US East_2': 20, 'D4pds_v5_US East_3': 20, 'D4plds_v5_US East_1': 20, 'D4plds_v5_US East_2': 20, 'D4plds_v5_US East_3': 20, 'D4pls_v5_US East_1': 20, 'D4pls_v5_US East_2': 20, 'D4pls_v5_US East_3': 20, 'D4ps_v5_US East_1': 20, 'D4ps_v5_US East_2': 20, 'D4ps_v5_US East_3': 20, 'D64ads_v6_US East_2': 20, 'D64alds_v6_US East_3': 20, 'D64als_v6_US East_3': 20, 'D64as_v6_US East_2': 20, 'D8ads_v6_US East_1': 20, 'D8ads_v6_US East_2': 20, 'D8ads_v6_US East_3': 20, 'D8alds_v6_US East_1': 20, 'D8alds_v6_US East_2': 20, 'D8alds_v6_US East_3': 20, 'D8als_v6_US East_1': 20, 'D8als_v6_US East_2': 20, 'D8als_v6_US East_3': 20, 'D8as_v6_US East_1': 20, 'D8as_v6_US East_2': 20, 'D8as_v6_US East_3': 20, 'D8plds_v5_US East_1': 20, 'D8plds_v5_US East_2': 20, 'D8plds_v5_US East_3': 20, 'D8pls_v5_US East_1': 20, 'D8pls_v5_US East_2': 20, 'D8pls_v5_US East_3': 20, 'D8ps_v5_US East_1': 20, 'D8ps_v5_US East_2': 20, 'D8ps_v5_US East_3': 20, 'D96ads_v6_US East_1': 20, 'D96alds_v6_US East_2': 20, 'D96als_v6_US East_2': 20, 'D96as_v6_US East_3': 20, 'DC1s_v2_US East_3': 20, 'DC2s_v2_US East_2': 20, 'E16ads_v6_US East_1': 20, 'E16ads_v6_US East_2': 20, 'E16as_v6_US East_1': 20, 'E16as_v6_US East_2': 20, 'E20ads_v6_US East_2': 20, 'E20ads_v6_US East_3': 20, 'E20as_v6_US East_1': 20, 'E20as_v6_US East_3': 20, 'E2ads_v6_US East_1': 20, 'E2ads_v6_US East_2': 20, 'E2ads_v6_US East_3': 20, 'E2as_v6_US East_1': 20, 'E2as_v6_US East_2': 20, 'E2as_v6_US East_3': 20, 'E2ps_v5_US East_1': 20, 'E2ps_v5_US East_2': 20, 'E2ps_v5_US East_3': 20, 'E32ads_v6_US East_2': 20, 'E32as_v6_US East_2': 20, 'E48ads_v6_US East_3': 20, 'E48as_v6_US East_2': 20, 'E4ads_v6_US East_1': 20, 'E4ads_v6_US East_2': 20, 'E4ads_v6_US East_3': 20, 'E4as_v6_US East_1': 20, 'E4as_v6_US East_2': 20, 'E4as_v6_US East_3': 20, 'E4ps_v5_US East_1': 20, 'E4ps_v5_US East_2': 20, 'E4ps_v5_US East_3': 20, 'E64ads_v6_US East_1': 20, 'E64as_v6_US East_3': 20, 'E8ads_v6_US East_2': 20, 'E8ads_v6_US East_3': 20, 'E8as_v6_US East_1': 20, 'E8as_v6_US East_3': 20, 'E8ps_v5_US East_2': 20, 'E96-48ads_v6_US East_2': 20, 'E96ads_v6_US East_3': 20, 'E96as_v6_US East_2': 20, 'F16als_v6_US East_2': 20, 'F16als_v6_US East_3': 20, 'F16ams_v6_US East_1': 20, 'F16ams_v6_US East_3': 20, 'F16as_v6_US East_1': 20, 'F16as_v6_US East_3': 20, 'F2als_v6_US East_1': 20, 'F2als_v6_US East_2': 20, 'F2als_v6_US East_3': 20, 'F2ams_v6_US East_1': 20, 'F2ams_v6_US East_2': 20, 'F2ams_v6_US East_3': 20, 'F2as_v6_US East_1': 20, 'F2as_v6_US East_2': 20, 'F2as_v6_US East_3': 20, 'F32als_v6_US East_3': 20, 'F32ams_v6_US East_1': 20, 'F32as_v6_US East_1': 20, 'F48als_v6_US East_2': 20, 'F48ams_v6_US East_2': 20, 'F48as_v6_US East_1': 20, 'F4als_v6_US East_1': 20, 'F4als_v6_US East_2': 20, 'F4als_v6_US East_3': 20, 'F4ams_v6_US East_1': 20, 'F4ams_v6_US East_2': 20, 'F4ams_v6_US East_3': 20, 'F4as_v6_US East_1': 20, 'F4as_v6_US East_2': 20, 'F4as_v6_US East_3': 20, 'F64als_v6_US East_1': 20, 'F64ams_v6_US East_1': 20, 'F64as_v6_US East_1': 20, 'F8als_v6_US East_1': 20, 'F8als_v6_US East_2': 20, 'F8ams_v6_US East_1': 20, 'F8ams_v6_US East_2': 20, 'F8as_v6_US East_2': 20, 'F8as_v6_US East_3': 20, 'M32ls_US East_1': 20, 'M32ls_US East_2': 20, 'M32ls_US East_3': 20, 'M32ts_US East_1': 20, 'M32ts_US East_2': 20, 'M32ts_US East_3': 20, 'M64s_v2_US East_1': 20, 'NV4as_v4_US East_1': 20, 'NV4as_v4_US East_2': 20, 'NV4as_v4_US East_3': 20, 'NV6ads_A10_v5_US East_1': 20, 'NV6ads_A10_v5_US East_2': 20, 'NV8as_v4_US East_1': 20, 'NV8as_v4_US East_2': 20, 'NV8as_v4_US East_3': 20}"
0.68,808.1077400000003,1638617997,2027722.1908553925,56080,55680,"{'D16ads_v6_US East_2': 20, 'D16ads_v6_US East_3': 20, 'D16alds_v6_US East_1': 20, 'D16alds_v6_US East_3': 20, 'D16als_v6_US East_1': 20, 'D16als_v6_US East_3': 20, 'D16as_v6_US East_1': 20, 'D16as_v6_US East_2': 20, 'D16pds_v5_US East_1': 20, 'D16plds_v5_US East_2': 20, 'D16plds_v5_US East_3': 20, 'D16pls_v5_US East_2': 20, 'D16pls_v5_US East_3': 20, 'D16ps_v5_US East_3': 20, 'D2ads_v6_US East_1': 20, 'D2ads_v6_US East_2': 20, 'D2ads_v6_US East_3': 20, 'D2alds_v6_US East_1': 20, 'D2alds_v6_US East_2': 20, 'D2alds_v6_US East_3': 20, 'D2als_v6_US East_1': 20, 'D2als_v6_US East_2': 20, 'D2als_v6_US East_3': 20, 'D2as_v6_US East_1': 20, 'D2as_v6_US East_2': 20, 'D2as_v6_US East_3': 20, 'D2pds_v5_US East_1': 20, 'D2pds_v5_US East_2': 20, 'D2pds_v5_US East_3': 20, 'D2plds_v5_US East_1': 20, 'D2plds_v5_US East_2': 20, 'D2plds_v5_US East_3': 20, 'D2pls_v5_US East_1': 20, 'D2pls_v5_US East_2': 20, 'D2pls_v5_US East_3': 20, 'D2ps_v5_US East_1': 20, 'D2ps_v5_US East_2': 20, 'D2ps_v5_US East_3': 20, 'D32ads_v6_US East_1': 20, 'D32ads_v6_US East_3': 20, 'D32alds_v6_US East_1': 20, 'D32alds_v6_US East_3': 20, 'D32als_v6_US East_2': 20, 'D32als_v6_US East_3': 20, 'D32as_v6_US East_1': 20, 'D32as_v6_US East_3': 20, 'D32plds_v5_US East_3': 20, 'D32pls_v5_US East_2': 20, 'D48ads_v6_US East_1': 20, 'D48alds_v6_US East_2': 20, 'D48als_v6_US East_1': 20, 'D48als_v6_US East_3': 20, 'D4ads_v6_US East_1': 20, 'D4ads_v6_US East_2': 20, 'D4ads_v6_US East_3': 20, 'D4alds_v6_US East_1': 20, 'D4alds_v6_US East_2': 20, 'D4alds_v6_US East_3': 20, 'D4als_v6_US East_1': 20, 'D4als_v6_US East_2': 20, 'D4als_v6_US East_3': 20, 'D4as_v6_US East_1': 20, 'D4as_v6_US East_2': 20, 'D4as_v6_US East_3': 20, 'D4pds_v5_US East_1': 20, 'D4pds_v5_US East_2': 20, 'D4pds_v5_US East_3': 20, 'D4plds_v5_US East_1': 20, 'D4plds_v5_US East_2': 20, 'D4plds_v5_US East_3': 20, 'D4pls_v5_US East_1': 20, 'D4pls_v5_US East_2': 20, 'D4pls_v5_US East_3': 20, 'D4ps_v5_US East_1': 20, 'D4ps_v5_US East_2': 20, 'D4ps_v5_US East_3': 20, 'D64ads_v6_US East_2': 20, 'D64alds_v6_US East_3': 20, 'D64als_v6_US East_3': 20, 'D64as_v6_US East_2': 20, 'D8ads_v6_US East_1': 20, 'D8ads_v6_US East_2': 20, 'D8ads_v6_US East_3': 20, 'D8alds_v6_US East_1': 20, 'D8alds_v6_US East_2': 20, 'D8alds_v6_US East_3': 20, 'D8als_v6_US East_1': 20, 'D8als_v6_US East_2': 20, 'D8als_v6_US East_3': 20, 'D8as_v6_US East_1': 20, 'D8as_v6_US East_2': 20, 'D8as_v6_US East_3': 20, 'D8plds_v5_US East_1': 20, 'D8plds_v5_US East_2': 20, 'D8plds_v5_US East_3': 20, 'D8pls_v5_US East_1': 20, 'D8pls_v5_US East_2': 20, 'D8pls_v5_US East_3': 20, 'D8ps_v5_US East_1': 20, 'D8ps_v5_US East_2': 20, 'D8ps_v5_US East_3': 20, 'D96ads_v6_US East_1': 20, 'D96alds_v6_US East_2': 20, 'D96als_v6_US East_2': 20, 'D96as_v6_US East_3': 20, 'DC1s_v2_US East_3': 20, 'DC2s_v2_US East_2': 20, 'E16ads_v6_US East_1': 20, 'E16ads_v6_US East_2': 20, 'E16as_v6_US East_1': 20, 'E16as_v6_US East_2': 20, 'E20ads_v6_US East_2': 20, 'E20ads_v6_US East_3': 20, 'E20as_v6_US East_1': 20, 'E20as_v6_US East_3': 20, 'E2ads_v6_US East_1': 20, 'E2ads_v6_US East_2': 20, 'E2ads_v6_US East_3': 20, 'E2as_v6_US East_1': 20, 'E2as_v6_US East_2': 20, 'E2as_v6_US East_3': 20, 'E2ps_v5_US East_1': 20, 'E2ps_v5_US East_2': 20, 'E2ps_v5_US East_3': 20, 'E32ads_v6_US East_2': 20, 'E32as_v6_US East_2': 20, 'E48ads_v6_US East_3': 20, 'E48as_v6_US East_2': 20, 'E4ads_v6_US East_1': 20, 'E4ads_v6_US East_2': 20, 'E4ads_v6_US East_3': 20, 'E4as_v6_US East_1': 20, 'E4as_v6_US East_2': 20, 'E4as_v6_US East_3': 20, 'E4ps_v5_US East_1': 20, 'E4ps_v5_US East_2': 20, 'E4ps_v5_US East_3': 20, 'E64ads_v6_US East_1': 20, 'E64as_v6_US East_3': 20, 'E8ads_v6_US East_2': 20, 'E8ads_v6_US East_3': 20, 'E8as_v6_US East_1': 20, 'E8as_v6_US East_3': 20, 'E8ps_v5_US East_2': 20, 'E96-48ads_v6_US East_2': 20, 'E96ads_v6_US East_3': 20, 'E96as_v6_US East_2': 20, 'F16als_v6_US East_2': 20, 'F16als_v6_US East_3': 20, 'F16ams_v6_US East_1': 20, 'F16ams_v6_US East_3': 20, 'F16as_v6_US East_1': 20, 'F16as_v6_US East_3': 20, 'F2als_v6_US East_1': 20, 'F2als_v6_US East_2': 20, 'F2als_v6_US East_3': 20, 'F2ams_v6_US East_1': 20, 'F2ams_v6_US East_2': 20, 'F2ams_v6_US East_3': 20, 'F2as_v6_US East_1': 20, 'F2as_v6_US East_2': 20, 'F2as_v6_US East_3': 20, 'F32als_v6_US East_3': 20, 'F32ams_v6_US East_1': 20, 'F32as_v6_US East_1': 20, 'F48als_v6_US East_2': 20, 'F48ams_v6_US East_2': 20, 'F48as_v6_US East_1': 20, 'F4als_v6_US East_1': 20, 'F4als_v6_US East_2': 20, 'F4als_v6_US East_3': 20, 'F4ams_v6_US East_1': 20, 'F4ams_v6_US East_2': 20, 'F4ams_v6_US East_3': 20, 'F4as_v6_US East_1': 20, 'F4as_v6_US East_2': 20, 'F4as_v6_US East_3': 20, 'F64als_v6_US East_1': 20, 'F64ams_v6_US East_1': 20, 'F64as_v6_US East_1': 20, 'F8als_v6_US East_1': 20, 'F8als_v6_US East_2': 20, 'F8ams_v6_US East_1': 20, 'F8ams_v6_US East_2': 20, 'F8as_v6_US East_2': 20, 'F8as_v6_US East_3': 20, 'M32ls_US East_1': 20, 'M32ls_US East_2': 20, 'M32ls_US East_3': 20, 'M32ts_US East_1': 20, 'M32ts_US East_2': 20, 'M32ts_US East_3': 20, 'M64s_v2_US East_1': 20, 'NV4as_v4_US East_1': 20, 'NV4as_v4_US East_2': 20, 'NV4as_v4_US East_3': 20, 'NV6ads_A10_v5_US East_1': 20, 'NV6ads_A10_v5_US East_2': 20, 'NV8as_v4_US East_1': 20, 'NV8as_v4_US East_2': 20, 'NV8as_v4_US East_3': 20}"
0.6900000000000001,808.1077400000003,1638617997,2027722.1908553925,56080,55680,"{'D16ads_v6_US East_2': 20, 'D16ads_v6_US East_3': 20, 'D16alds_v6_US East_1': 20, 'D16alds_v6_US East_3': 20, 'D16als_v6_US East_1': 20, 'D16als_v6_US East_3': 20, 'D16as_v6_US East_1': 20, 'D16as_v6_US East_2': 20, 'D16pds_v5_US East_1': 20, 'D16plds_v5_US East_2': 20, 'D16plds_v5_US East_3': 20, 'D16pls_v5_US East_2': 20, 'D16pls_v5_US East_3': 20, 'D16ps_v5_US East_3': 20, 'D2ads_v6_US East_1': 20, 'D2ads_v6_US East_2': 20, 'D2ads_v6_US East_3': 20, 'D2alds_v6_US East_1': 20, 'D2alds_v6_US East_2': 20, 'D2alds_v6_US East_3': 20, 'D2als_v6_US East_1': 20, 'D2als_v6_US East_2': 20, 'D2als_v6_US East_3': 20, 'D2as_v6_US East_1': 20, 'D2as_v6_US East_2': 20, 'D2as_v6_US East_3': 20, 'D2pds_v5_US East_1': 20, 'D2pds_v5_US East_2': 20, 'D2pds_v5_US East_3': 20, 'D2plds_v5_US East_1': 20, 'D2plds_v5_US East_2': 20, 'D2plds_v5_US East_3': 20, 'D2pls_v5_US East_1': 20, 'D2pls_v5_US East_2': 20, 'D2pls_v5_US East_3': 20, 'D2ps_v5_US East_1': 20, 'D2ps_v5_US East_2': 20, 'D2ps_v5_US East_3': 20, 'D32ads_v6_US East_1': 20, 'D32ads_v6_US East_3': 20, 'D32alds_v6_US East_1': 20, 'D32alds_v6_US East_3': 20, 'D32als_v6_US East_2': 20, 'D32als_v6_US East_3': 20, 'D32as_v6_US East_1': 20, 'D32as_v6_US East_3': 20, 'D32plds_v5_US East_3': 20, 'D32pls_v5_US East_2': 20, 'D48ads_v6_US East_1': 20, 'D48alds_v6_US East_2': 20, 'D48als_v6_US East_1': 20, 'D48als_v6_US East_3': 20, 'D4ads_v6_US East_1': 20, 'D4ads_v6_US East_2': 20, 'D4ads_v6_US East_3': 20, 'D4alds_v6_US East_1': 20, 'D4alds_v6_US East_2': 20, 'D4alds_v6_US East_3': 20, 'D4als_v6_US East_1': 20, 'D4als_v6_US East_2': 20, 'D4als_v6_US East_3': 20, 'D4as_v6_US East_1': 20, 'D4as_v6_US East_2': 20, 'D4as_v6_US East_3': 20, 'D4pds_v5_US East_1': 20, 'D4pds_v5_US East_2': 20, 'D4pds_v5_US East_3': 20, 'D4plds_v5_US East_1': 20, 'D4plds_v5_US East_2': 20, 'D4plds_v5_US East_3': 20, 'D4pls_v5_US East_1': 20, 'D4pls_v5_US East_2': 20, 'D4pls_v5_US East_3': 20, 'D4ps_v5_US East_1': 20, 'D4ps_v5_US East_2': 20, 'D4ps_v5_US East_3': 20, 'D64ads_v6_US East_2': 20, 'D64alds_v6_US East_3': 20, 'D64als_v6_US East_3': 20, 'D64as_v6_US East_2': 20, 'D8ads_v6_US East_1': 20, 'D8ads_v6_US East_2': 20, 'D8ads_v6_US East_3': 20, 'D8alds_v6_US East_1': 20, 'D8alds_v6_US East_2': 20, 'D8alds_v6_US East_3': 20, 'D8als_v6_US East_1': 20, 'D8als_v6_US East_2': 20, 'D8als_v6_US East_3': 20, 'D8as_v6_US East_1': 20, 'D8as_v6_US East_2': 20, 'D8as_v6_US East_3': 20, 'D8plds_v5_US East_1': 20, 'D8plds_v5_US East_2': 20, 'D8plds_v5_US East_3': 20, 'D8pls_v5_US East_1': 20, 'D8pls_v5_US East_2': 20, 'D8pls_v5_US East_3': 20, 'D8ps_v5_US East_1': 20, 'D8ps_v5_US East_2': 20, 'D8ps_v5_US East_3': 20, 'D96ads_v6_US East_1': 20, 'D96alds_v6_US East_2': 20, 'D96als_v6_US East_2': 20, 'D96as_v6_US East_3': 20, 'DC1s_v2_US East_3': 20, 'DC2s_v2_US East_2': 20, 'E16ads_v6_US East_1': 20, 'E16ads_v6_US East_2': 20, 'E16as_v6_US East_1': 20, 'E16as_v6_US East_2': 20, 'E20ads_v6_US East_2': 20, 'E20ads_v6_US East_3': 20, 'E20as_v6_US East_1': 20, 'E20as_v6_US East_3': 20, 'E2ads_v6_US East_1': 20, 'E2ads_v6_US East_2': 20, 'E2ads_v6_US East_3': 20, 'E2as_v6_US East_1': 20, 'E2as_v6_US East_2': 20, 'E2as_v6_US East_3': 20, 'E2ps_v5_US East_1': 20, 'E2ps_v5_US East_2': 20, 'E2ps_v5_US East_3': 20, 'E32ads_v6_US East_2': 20, 'E32as_v6_US East_2': 20, 'E48ads_v6_US East_3': 20, 'E48as_v6_US East_2': 20, 'E4ads_v6_US East_1': 20, 'E4ads_v6_US East_2': 20, 'E4ads_v6_US East_3': 20, 'E4as_v6_US East_1': 20, 'E4as_v6_US East_2': 20, 'E4as_v6_US East_3': 20, 'E4ps_v5_US East_1': 20, 'E4ps_v5_US East_2': 20, 'E4ps_v5_US East_3': 20, 'E64ads_v6_US East_1': 20, 'E64as_v6_US East_3': 20, 'E8ads_v6_US East_2': 20, 'E8ads_v6_US East_3': 20, 'E8as_v6_US East_1': 20, 'E8as_v6_US East_3': 20, 'E8ps_v5_US East_2': 20, 'E96-48ads_v6_US East_2': 20, 'E96ads_v6_US East_3': 20, 'E96as_v6_US East_2': 20, 'F16als_v6_US East_2': 20, 'F16als_v6_US East_3': 20, 'F16ams_v6_US East_1': 20, 'F16ams_v6_US East_3': 20, 'F16as_v6_US East_1': 20, 'F16as_v6_US East_3': 20, 'F2als_v6_US East_1': 20, 'F2als_v6_US East_2': 20, 'F2als_v6_US East_3': 20, 'F2ams_v6_US East_1': 20, 'F2ams_v6_US East_2': 20, 'F2ams_v6_US East_3': 20, 'F2as_v6_US East_1': 20, 'F2as_v6_US East_2': 20, 'F2as_v6_US East_3': 20, 'F32als_v6_US East_3': 20, 'F32ams_v6_US East_1': 20, 'F32as_v6_US East_1': 20, 'F48als_v6_US East_2': 20, 'F48ams_v6_US East_2': 20, 'F48as_v6_US East_1': 20, 'F4als_v6_US East_1': 20, 'F4als_v6_US East_2': 20, 'F4als_v6_US East_3': 20, 'F4ams_v6_US East_1': 20, 'F4ams_v6_US East_2': 20, 'F4ams_v6_US East_3': 20, 'F4as_v6_US East_1': 20, 'F4as_v6_US East_2': 20, 'F4as_v6_US East_3': 20, 'F64als_v6_US East_1': 20, 'F64ams_v6_US East_1': 20, 'F64as_v6_US East_1': 20, 'F8als_v6_US East_1': 20, 'F8als_v6_US East_2': 20, 'F8ams_v6_US East_1': 20, 'F8ams_v6_US East_2': 20, 'F8as_v6_US East_2': 20, 'F8as_v6_US East_3': 20, 'M32ls_US East_1': 20, 'M32ls_US East_2': 20, 'M32ls_US East_3': 20, 'M32ts_US East_1': 20, 'M32ts_US East_2': 20, 'M32ts_US East_3': 20, 'M64s_v2_US East_1': 20, 'NV4as_v4_US East_1': 20, 'NV4as_v4_US East_2': 20, 'NV4as_v4_US East_3': 20, 'NV6ads_A10_v5_US East_1': 20, 'NV6ads_A10_v5_US East_2': 20, 'NV8as_v4_US East_1': 20, 'NV8as_v4_US East_2': 20, 'NV8as_v4_US East_3': 20}"
0.7000000000000001,808.1077400000003,1638617997,2027722.1908553925,56080,55680,"{'D16ads_v6_US East_2': 20, 'D16ads_v6_US East_3': 20, 'D16alds_v6_US East_1': 20, 'D16alds_v6_US East_3': 20, 'D16als_v6_US East_1': 20, 'D16als_v6_US East_3': 20, 'D16as_v6_US East_1': 20, 'D16as_v6_US East_2': 20, 'D16pds_v5_US East_1': 20, 'D16plds_v5_US East_2': 20, 'D16plds_v5_US East_3': 20, 'D16pls_v5_US East_2': 20, 'D16pls_v5_US East_3': 20, 'D16ps_v5_US East_3': 20, 'D2ads_v6_US East_1': 20, 'D2ads_v6_US East_2': 20, 'D2ads_v6_US East_3': 20, 'D2alds_v6_US East_1': 20, 'D2alds_v6_US East_2': 20, 'D2alds_v6_US East_3': 20, 'D2als_v6_US East_1': 20, 'D2als_v6_US East_2': 20, 'D2als_v6_US East_3': 20, 'D2as_v6_US East_1': 20, 'D2as_v6_US East_2': 20, 'D2as_v6_US East_3': 20, 'D2pds_v5_US East_1': 20, 'D2pds_v5_US East_2': 20, 'D2pds_v5_US East_3': 20, 'D2plds_v5_US East_1': 20, 'D2plds_v5_US East_2': 20, 'D2plds_v5_US East_3': 20, 'D2pls_v5_US East_1': 20, 'D2pls_v5_US East_2': 20, 'D2pls_v5_US East_3': 20, 'D2ps_v5_US East_1': 20, 'D2ps_v5_US East_2': 20, 'D2ps_v5_US East_3': 20, 'D32ads_v6_US East_1': 20, 'D32ads_v6_US East_3': 20, 'D32alds_v6_US East_1': 20, 'D32alds_v6_US East_3': 20, 'D32als_v6_US East_2': 20, 'D32als_v6_US East_3': 20, 'D32as_v6_US East_1': 20, 'D32as_v6_US East_3': 20, 'D32plds_v5_US East_3': 20, 'D32pls_v5_US East_2': 20, 'D48ads_v6_US East_1': 20, 'D48alds_v6_US East_2': 20, 'D48als_v6_US East_1': 20, 'D48als_v6_US East_3': 20, 'D4ads_v6_US East_1': 20, 'D4ads_v6_US East_2': 20, 'D4ads_v6_US East_3': 20, 'D4alds_v6_US East_1': 20, 'D4alds_v6_US East_2': 20, 'D4alds_v6_US East_3': 20, 'D4als_v6_US East_1': 20, 'D4als_v6_US East_2': 20, 'D4als_v6_US East_3': 20, 'D4as_v6_US East_1': 20, 'D4as_v6_US East_2': 20, 'D4as_v6_US East_3': 20, 'D4pds_v5_US East_1': 20, 'D4pds_v5_US East_2': 20, 'D4pds_v5_US East_3': 20, 'D4plds_v5_US East_1': 20, 'D4plds_v5_US East_2': 20, 'D4plds_v5_US East_3': 20, 'D4pls_v5_US East_1': 20, 'D4pls_v5_US East_2': 20, 'D4pls_v5_US East_3': 20, 'D4ps_v5_US East_1': 20, 'D4ps_v5_US East_2': 20, 'D4ps_v5_US East_3': 20, 'D64ads_v6_US East_2': 20, 'D64alds_v6_US East_3': 20, 'D64als_v6_US East_3': 20, 'D64as_v6_US East_2': 20, 'D8ads_v6_US East_1': 20, 'D8ads_v6_US East_2': 20, 'D8ads_v6_US East_3': 20, 'D8alds_v6_US East_1': 20, 'D8alds_v6_US East_2': 20, 'D8alds_v6_US East_3': 20, 'D8als_v6_US East_1': 20, 'D8als_v6_US East_2': 20, 'D8als_v6_US East_3': 20, 'D8as_v6_US East_1': 20, 'D8as_v6_US East_2': 20, 'D8as_v6_US East_3': 20, 'D8plds_v5_US East_1': 20, 'D8plds_v5_US East_2': 20, 'D8plds_v5_US East_3': 20, 'D8pls_v5_US East_1': 20, 'D8pls_v5_US East_2': 20, 'D8pls_v5_US East_3': 20, 'D8ps_v5_US East_1': 20, 'D8ps_v5_US East_2': 20, 'D8ps_v5_US East_3': 20, 'D96ads_v6_US East_1': 20, 'D96alds_v6_US East_2': 20, 'D96als_v6_US East_2': 20, 'D96as_v6_US East_3': 20, 'DC1s_v2_US East_3': 20, 'DC2s_v2_US East_2': 20, 'E16ads_v6_US East_1': 20, 'E16ads_v6_US East_2': 20, 'E16as_v6_US East_1': 20, 'E16as_v6_US East_2': 20, 'E20ads_v6_US East_2': 20, 'E20ads_v6_US East_3': 20, 'E20as_v6_US East_1': 20, 'E20as_v6_US East_3': 20, 'E2ads_v6_US East_1': 20, 'E2ads_v6_US East_2': 20, 'E2ads_v6_US East_3': 20, 'E2as_v6_US East_1': 20, 'E2as_v6_US East_2': 20, 'E2as_v6_US East_3': 20, 'E2ps_v5_US East_1': 20, 'E2ps_v5_US East_2': 20, 'E2ps_v5_US East_3': 20, 'E32ads_v6_US East_2': 20, 'E32as_v6_US East_2': 20, 'E48ads_v6_US East_3': 20, 'E48as_v6_US East_2': 20, 'E4ads_v6_US East_1': 20, 'E4ads_v6_US East_2': 20, 'E4ads_v6_US East_3': 20, 'E4as_v6_US East_1': 20, 'E4as_v6_US East_2': 20, 'E4as_v6_US East_3': 20, 'E4ps_v5_US East_1': 20, 'E4ps_v5_US East_2': 20, 'E4ps_v5_US East_3': 20, 'E64ads_v6_US East_1': 20, 'E64as_v6_US East_3': 20, 'E8ads_v6_US East_2': 20, 'E8ads_v6_US East_3': 20, 'E8as_v6_US East_1': 20, 'E8as_v6_US East_3': 20, 'E8ps_v5_US East_2': 20, 'E96-48ads_v6_US East_2': 20, 'E96ads_v6_US East_3': 20, 'E96as_v6_US East_2': 20, 'F16als_v6_US East_2': 20, 'F16als_v6_US East_3': 20, 'F16ams_v6_US East_1': 20, 'F16ams_v6_US East_3': 20, 'F16as_v6_US East_1': 20, 'F16as_v6_US East_3': 20, 'F2als_v6_US East_1': 20, 'F2als_v6_US East_2': 20, 'F2als_v6_US East_3': 20, 'F2ams_v6_US East_1': 20, 'F2ams_v6_US East_2': 20, 'F2ams_v6_US East_3': 20, 'F2as_v6_US East_1': 20, 'F2as_v6_US East_2': 20, 'F2as_v6_US East_3': 20, 'F32als_v6_US East_3': 20, 'F32ams_v6_US East_1': 20, 'F32as_v6_US East_1': 20, 'F48als_v6_US East_2': 20, 'F48ams_v6_US East_2': 20, 'F48as_v6_US East_1': 20, 'F4als_v6_US East_1': 20, 'F4als_v6_US East_2': 20, 'F4als_v6_US East_3': 20, 'F4ams_v6_US East_1': 20, 'F4ams_v6_US East_2': 20, 'F4ams_v6_US East_3': 20, 'F4as_v6_US East_1': 20, 'F4as_v6_US East_2': 20, 'F4as_v6_US East_3': 20, 'F64als_v6_US East_1': 20, 'F64ams_v6_US East_1': 20, 'F64as_v6_US East_1': 20, 'F8als_v6_US East_1': 20, 'F8als_v6_US East_2': 20, 'F8ams_v6_US East_1': 20, 'F8ams_v6_US East_2': 20, 'F8as_v6_US East_2': 20, 'F8as_v6_US East_3': 20, 'M32ls_US East_1': 20, 'M32ls_US East_2': 20, 'M32ls_US East_3': 20, 'M32ts_US East_1': 20, 'M32ts_US East_2': 20, 'M32ts_US East_3': 20, 'M64s_v2_US East_1': 20, 'NV4as_v4_US East_1': 20, 'NV4as_v4_US East_2': 20, 'NV4as_v4_US East_3': 20, 'NV6ads_A10_v5_US East_1': 20, 'NV6ads_A10_v5_US East_2': 20, 'NV8as_v4_US East_1': 20, 'NV8as_v4_US East_2': 20, 'NV8as_v4_US East_3': 20}"
0.71,844.9969400000002,1662527361,1967495.127023774,57300,56900,"{'B16ps_v2_US East_3': 20, 'B2pls_v2_US East_1': 20, 'B2pls_v2_US East_2': 20, 'B2pls_v2_US East_3': 20, 'B2ps_v2_US East_1': 20, 'B2ps_v2_US East_2': 20, 'B2ps_v2_US East_3': 20, 'B4ps_v2_US East_1': 20, 'B4ps_v2_US East_2': 20, 'B4ps_v2_US East_3': 20, 'B8ps_v2_US East_1': 20, 'B8ps_v2_US East_2': 20, 'B8ps_v2_US East_3': 20, 'D16ads_v6_US East_2': 20, 'D16ads_v6_US East_3': 20, 'D16alds_v6_US East_1': 20, 'D16alds_v6_US East_3': 20, 'D16als_v6_US East_1': 20, 'D16als_v6_US East_3': 20, 'D16as_v6_US East_1': 20, 'D16as_v6_US East_2': 20, 'D16pds_v5_US East_1': 20, 'D16plds_v5_US East_2': 20, 'D16plds_v5_US East_3': 20, 'D16pls_v5_US East_2': 20, 'D16pls_v5_US East_3': 20, 'D16ps_v5_US East_3': 20, 'D2ads_v6_US East_1': 20, 'D2ads_v6_US East_2': 20, 'D2ads_v6_US East_3': 20, 'D2alds_v6_US East_1': 20, 'D2alds_v6_US East_2': 20, 'D2alds_v6_US East_3': 20, 'D2als_v6_US East_1': 20, 'D2als_v6_US East_2': 20, 'D2als_v6_US East_3': 20, 'D2as_v6_US East_1': 20, 'D2as_v6_US East_2': 20, 'D2as_v6_US East_3': 20, 'D2pds_v5_US East_1': 20, 'D2pds_v5_US East_2': 20, 'D2pds_v5_US East_3': 20, 'D2plds_v5_US East_1': 20, 'D2plds_v5_US East_2': 20, 'D2plds_v5_US East_3': 20, 'D2pls_v5_US East_1': 20, 'D2pls_v5_US East_2': 20, 'D2pls_v5_US East_3': 20, 'D2ps_v5_US East_1': 20, 'D2ps_v5_US East_2': 20, 'D2ps_v5_US East_3': 20, 'D32ads_v6_US East_1': 20, 'D32ads_v6_US East_3': 20, 'D32alds_v6_US East_1': 20, 'D32alds_v6_US East_3': 20, 'D32als_v6_US East_2': 20, 'D32als_v6_US East_3': 20, 'D32as_v6_US East_1': 20, 'D32as_v6_US East_3': 20, 'D32plds_v5_US East_3': 20, 'D32pls_v5_US East_2': 20, 'D48ads_v6_US East_1': 20, 'D48alds_v6_US East_2': 20, 'D48als_v6_US East_1': 20, 'D48als_v6_US East_3': 20, 'D4ads_v6_US East_1': 20, 'D4ads_v6_US East_2': 20, 'D4ads_v6_US East_3': 20, 'D4alds_v6_US East_1': 20, 'D4alds_v6_US East_2': 20, 'D4alds_v6_US East_3': 20, 'D4als_v6_US East_1': 20, 'D4als_v6_US East_2': 20, 'D4als_v6_US East_3': 20, 'D4as_v6_US East_1': 20, 'D4as_v6_US East_2': 20, 'D4as_v6_US East_3': 20, 'D4pds_v5_US East_1': 20, 'D4pds_v5_US East_2': 20, 'D4pds_v5_US East_3': 20, 'D4plds_v5_US East_1': 20, 'D4plds_v5_US East_2': 20, 'D4plds_v5_US East_3': 20, 'D4pls_v5_US East_1': 20, 'D4pls_v5_US East_2': 20, 'D4pls_v5_US East_3': 20, 'D4ps_v5_US East_1': 20, 'D4ps_v5_US East_2': 20, 'D4ps_v5_US East_3': 20, 'D64ads_v6_US East_2': 20, 'D64alds_v6_US East_3': 20, 'D64als_v6_US East_3': 20, 'D64as_v6_US East_2': 20, 'D8ads_v6_US East_1': 20, 'D8ads_v6_US East_2': 20, 'D8ads_v6_US East_3': 20, 'D8alds_v6_US East_1': 20, 'D8alds_v6_US East_2': 20, 'D8alds_v6_US East_3': 20, 'D8als_v6_US East_1': 20, 'D8als_v6_US East_2': 20, 'D8als_v6_US East_3': 20, 'D8as_v6_US East_1': 20, 'D8as_v6_US East_2': 20, 'D8as_v6_US East_3': 20, 'D8plds_v5_US East_1': 20, 'D8plds_v5_US East_2': 20, 'D8plds_v5_US East_3': 20, 'D8pls_v5_US East_1': 20, 'D8pls_v5_US East_2': 20, 'D8pls_v5_US East_3': 20, 'D8ps_v5_US East_1': 20, 'D8ps_v5_US East_2': 20, 'D8ps_v5_US East_3': 20, 'D96ads_v6_US East_1': 20, 'D96alds_v6_US East_2': 20, 'D96als_v6_US East_2': 20, 'D96as_v6_US East_3': 20, 'DC1s_v2_US East_3': 20, 'DC2s_v2_US East_2': 20, 'E16ads_v6_US East_1': 20, 'E16ads_v6_US East_2': 20, 'E16as_v6_US East_1': 20, 'E16as_v6_US East_2': 20, 'E20ads_v6_US East_2': 20, 'E20ads_v6_US East_3': 20, 'E20as_v6_US East_1': 20, 'E20as_v6_US East_3': 20, 'E2ads_v6_US East_1': 20, 'E2ads_v6_US East_2': 20, 'E2ads_v6_US East_3': 20, 'E2as_v6_US East_1': 20, 'E2as_v6_US East_2': 20, 'E2as_v6_US East_3': 20, 'E2ps_v5_US East_1': 20, 'E2ps_v5_US East_2': 20, 'E2ps_v5_US East_3': 20, 'E32ads_v6_US East_2': 20, 'E32as_v6_US East_2': 20, 'E48ads_v6_US East_3': 20, 'E48as_v6_US East_2': 20, 'E4ads_v6_US East_1': 20, 'E4ads_v6_US East_2': 20, 'E4ads_v6_US East_3': 20, 'E4as_v6_US East_1': 20, 'E4as_v6_US East_2': 20, 'E4as_v6_US East_3': 20, 'E4ps_v5_US East_1': 20, 'E4ps_v5_US East_2': 20, 'E4ps_v5_US East_3': 20, 'E64ads_v6_US East_1': 20, 'E64as_v6_US East_3': 20, 'E8ads_v6_US East_2': 20, 'E8ads_v6_US East_3': 20, 'E8as_v6_US East_1': 20, 'E8as_v6_US East_3': 20, 'E8ps_v5_US East_2': 20, 'E96-48ads_v6_US East_2': 20, 'E96ads_v6_US East_3': 20, 'E96as_v6_US East_2': 20, 'F16als_v6_US East_2': 20, 'F16als_v6_US East_3': 20, 'F16ams_v6_US East_1': 20, 'F16ams_v6_US East_3': 20, 'F16as_v6_US East_1': 20, 'F16as_v6_US East_3': 20, 'F2als_v6_US East_1': 20, 'F2als_v6_US East_2': 20, 'F2als_v6_US East_3': 20, 'F2ams_v6_US East_1': 20, 'F2ams_v6_US East_2': 20, 'F2ams_v6_US East_3': 20, 'F2as_v6_US East_1': 20, 'F2as_v6_US East_2': 20, 'F2as_v6_US East_3': 20, 'F32als_v6_US East_3': 20, 'F32ams_v6_US East_1': 20, 'F32as_v6_US East_1': 20, 'F48als_v6_US East_2': 20, 'F48ams_v6_US East_2': 20, 'F48as_v6_US East_1': 20, 'F4als_v6_US East_1': 20, 'F4als_v6_US East_2': 20, 'F4als_v6_US East_3': 20, 'F4ams_v6_US East_1': 20, 'F4ams_v6_US East_2': 20, 'F4ams_v6_US East_3': 20, 'F4as_v6_US East_1': 20, 'F4as_v6_US East_2': 20, 'F4as_v6_US East_3': 20, 'F64als_v6_US East_1': 20, 'F64ams_v6_US East_1': 20, 'F64as_v6_US East_1': 20, 'F8als_v6_US East_1': 20, 'F8als_v6_US East_2': 20, 'F8ams_v6_US East_1': 20, 'F8ams_v6_US East_2': 20, 'F8as_v6_US East_2': 20, 'F8as_v6_US East_3': 20, 'M32ls_US East_1': 20, 'M32ls_US East_2': 20, 'M32ls_US East_3': 20, 'M32ts_US East_1': 20, 'M32ts_US East_2': 20, 'M32ts_US East_3': 20, 'M64s_v2_US East_1': 20, 'NV4as_v4_US East_1': 20, 'NV4as_v4_US East_2': 20, 'NV4as_v4_US East_3': 20, 'NV6ads_A10_v5_US East_1': 20, 'NV6ads_A10_v5_US East_2': 20, 'NV8as_v4_US East_1': 20, 'NV8as_v4_US East_2': 20, 'NV8as_v4_US East_3': 20}"
0.72,844.9969400000002,1662527361,1967495.127023774,57300,56900,"{'B16ps_v2_US East_3': 20, 'B2pls_v2_US East_1': 20, 'B2pls_v2_US East_2': 20, 'B2pls_v2_US East_3': 20, 'B2ps_v2_US East_1': 20, 'B2ps_v2_US East_2': 20, 'B2ps_v2_US East_3': 20, 'B4ps_v2_US East_1': 20, 'B4ps_v2_US East_2': 20, 'B4ps_v2_US East_3': 20, 'B8ps_v2_US East_1': 20, 'B8ps_v2_US East_2': 20, 'B8ps_v2_US East_3': 20, 'D16ads_v6_US East_2': 20, 'D16ads_v6_US East_3': 20, 'D16alds_v6_US East_1': 20, 'D16alds_v6_US East_3': 20, 'D16als_v6_US East_1': 20, 'D16als_v6_US East_3': 20, 'D16as_v6_US East_1': 20, 'D16as_v6_US East_2': 20, 'D16pds_v5_US East_1': 20, 'D16plds_v5_US East_2': 20, 'D16plds_v5_US East_3': 20, 'D16pls_v5_US East_2': 20, 'D16pls_v5_US East_3': 20, 'D16ps_v5_US East_3': 20, 'D2ads_v6_US East_1': 20, 'D2ads_v6_US East_2': 20, 'D2ads_v6_US East_3': 20, 'D2alds_v6_US East_1': 20, 'D2alds_v6_US East_2': 20, 'D2alds_v6_US East_3': 20, 'D2als_v6_US East_1': 20, 'D2als_v6_US East_2': 20, 'D2als_v6_US East_3': 20, 'D2as_v6_US East_1': 20, 'D2as_v6_US East_2': 20, 'D2as_v6_US East_3': 20, 'D2pds_v5_US East_1': 20, 'D2pds_v5_US East_2': 20, 'D2pds_v5_US East_3': 20, 'D2plds_v5_US East_1': 20, 'D2plds_v5_US East_2': 20, 'D2plds_v5_US East_3': 20, 'D2pls_v5_US East_1': 20, 'D2pls_v5_US East_2': 20, 'D2pls_v5_US East_3': 20, 'D2ps_v5_US East_1': 20, 'D2ps_v5_US East_2': 20, 'D2ps_v5_US East_3': 20, 'D32ads_v6_US East_1': 20, 'D32ads_v6_US East_3': 20, 'D32alds_v6_US East_1': 20, 'D32alds_v6_US East_3': 20, 'D32als_v6_US East_2': 20, 'D32als_v6_US East_3': 20, 'D32as_v6_US East_1': 20, 'D32as_v6_US East_3': 20, 'D32plds_v5_US East_3': 20, 'D32pls_v5_US East_2': 20, 'D48ads_v6_US East_1': 20, 'D48alds_v6_US East_2': 20, 'D48als_v6_US East_1': 20, 'D48als_v6_US East_3': 20, 'D4ads_v6_US East_1': 20, 'D4ads_v6_US East_2': 20, 'D4ads_v6_US East_3': 20, 'D4alds_v6_US East_1': 20, 'D4alds_v6_US East_2': 20, 'D4alds_v6_US East_3': 20, 'D4als_v6_US East_1': 20, 'D4als_v6_US East_2': 20, 'D4als_v6_US East_3': 20, 'D4as_v6_US East_1': 20, 'D4as_v6_US East_2': 20, 'D4as_v6_US East_3': 20, 'D4pds_v5_US East_1': 20, 'D4pds_v5_US East_2': 20, 'D4pds_v5_US East_3': 20, 'D4plds_v5_US East_1': 20, 'D4plds_v5_US East_2': 20, 'D4plds_v5_US East_3': 20, 'D4pls_v5_US East_1': 20, 'D4pls_v5_US East_2': 20, 'D4pls_v5_US East_3': 20, 'D4ps_v5_US East_1': 20, 'D4ps_v5_US East_2': 20, 'D4ps_v5_US East_3': 20, 'D64ads_v6_US East_2': 20, 'D64alds_v6_US East_3': 20, 'D64als_v6_US East_3': 20, 'D64as_v6_US East_2': 20, 'D8ads_v6_US East_1': 20, 'D8ads_v6_US East_2': 20, 'D8ads_v6_US East_3': 20, 'D8alds_v6_US East_1': 20, 'D8alds_v6_US East_2': 20, 'D8alds_v6_US East_3': 20, 'D8als_v6_US East_1': 20, 'D8als_v6_US East_2': 20, 'D8als_v6_US East_3': 20, 'D8as_v6_US East_1': 20, 'D8as_v6_US East_2': 20, 'D8as_v6_US East_3': 20, 'D8plds_v5_US East_1': 20, 'D8plds_v5_US East_2': 20, 'D8plds_v5_US East_3': 20, 'D8pls_v5_US East_1': 20, 'D8pls_v5_US East_2': 20, 'D8pls_v5_US East_3': 20, 'D8ps_v5_US East_1': 20, 'D8ps_v5_US East_2': 20, 'D8ps_v5_US East_3': 20, 'D96ads_v6_US East_1': 20, 'D96alds_v6_US East_2': 20, 'D96als_v6_US East_2': 20, 'D96as_v6_US East_3': 20, 'DC1s_v2_US East_3': 20, 'DC2s_v2_US East_2': 20, 'E16ads_v6_US East_1': 20, 'E16ads_v6_US East_2': 20, 'E16as_v6_US East_1': 20, 'E16as_v6_US East_2': 20, 'E20ads_v6_US East_2': 20, 'E20ads_v6_US East_3': 20, 'E20as_v6_US East_1': 20, 'E20as_v6_US East_3': 20, 'E2ads_v6_US East_1': 20, 'E2ads_v6_US East_2': 20, 'E2ads_v6_US East_3': 20, 'E2as_v6_US East_1': 20, 'E2as_v6_US East_2': 20, 'E2as_v6_US East_3': 20, 'E2ps_v5_US East_1': 20, 'E2ps_v5_US East_2': 20, 'E2ps_v5_US East_3': 20, 'E32ads_v6_US East_2': 20, 'E32as_v6_US East_2': 20, 'E48ads_v6_US East_3': 20, 'E48as_v6_US East_2': 20, 'E4ads_v6_US East_1': 20, 'E4ads_v6_US East_2': 20, 'E4ads_v6_US East_3': 20, 'E4as_v6_US East_1': 20, 'E4as_v6_US East_2': 20, 'E4as_v6_US East_3': 20, 'E4ps_v5_US East_1': 20, 'E4ps_v5_US East_2': 20, 'E4ps_v5_US East_3': 20, 'E64ads_v6_US East_1': 20, 'E64as_v6_US East_3': 20, 'E8ads_v6_US East_2': 20, 'E8ads_v6_US East_3': 20, 'E8as_v6_US East_1': 20, 'E8as_v6_US East_3': 20, 'E8ps_v5_US East_2': 20, 'E96-48ads_v6_US East_2': 20, 'E96ads_v6_US East_3': 20, 'E96as_v6_US East_2': 20, 'F16als_v6_US East_2': 20, 'F16als_v6_US East_3': 20, 'F16ams_v6_US East_1': 20, 'F16ams_v6_US East_3': 20, 'F16as_v6_US East_1': 20, 'F16as_v6_US East_3': 20, 'F2als_v6_US East_1': 20, 'F2als_v6_US East_2': 20, 'F2als_v6_US East_3': 20, 'F2ams_v6_US East_1': 20, 'F2ams_v6_US East_2': 20, 'F2ams_v6_US East_3': 20, 'F2as_v6_US East_1': 20, 'F2as_v6_US East_2': 20, 'F2as_v6_US East_3': 20, 'F32als_v6_US East_3': 20, 'F32ams_v6_US East_1': 20, 'F32as_v6_US East_1': 20, 'F48als_v6_US East_2': 20, 'F48ams_v6_US East_2': 20, 'F48as_v6_US East_1': 20, 'F4als_v6_US East_1': 20, 'F4als_v6_US East_2': 20, 'F4als_v6_US East_3': 20, 'F4ams_v6_US East_1': 20, 'F4ams_v6_US East_2': 20, 'F4ams_v6_US East_3': 20, 'F4as_v6_US East_1': 20, 'F4as_v6_US East_2': 20, 'F4as_v6_US East_3': 20, 'F64als_v6_US East_1': 20, 'F64ams_v6_US East_1': 20, 'F64as_v6_US East_1': 20, 'F8als_v6_US East_1': 20, 'F8als_v6_US East_2': 20, 'F8ams_v6_US East_1': 20, 'F8ams_v6_US East_2': 20, 'F8as_v6_US East_2': 20, 'F8as_v6_US East_3': 20, 'M32ls_US East_1': 20, 'M32ls_US East_2': 20, 'M32ls_US East_3': 20, 'M32ts_US East_1': 20, 'M32ts_US East_2': 20, 'M32ts_US East_3': 20, 'M64s_v2_US East_1': 20, 'NV4as_v4_US East_1': 20, 'NV4as_v4_US East_2': 20, 'NV4as_v4_US East_3': 20, 'NV6ads_A10_v5_US East_1': 20, 'NV6ads_A10_v5_US East_2': 20, 'NV8as_v4_US East_1': 20, 'NV8as_v4_US East_2': 20, 'NV8as_v4_US East_3': 20}"
0.73,844.9969400000002,1662527361,1967495.127023774,57300,56900,"{'B16ps_v2_US East_3': 20, 'B2pls_v2_US East_1': 20, 'B2pls_v2_US East_2': 20, 'B2pls_v2_US East_3': 20, 'B2ps_v2_US East_1': 20, 'B2ps_v2_US East_2': 20, 'B2ps_v2_US East_3': 20, 'B4ps_v2_US East_1': 20, 'B4ps_v2_US East_2': 20, 'B4ps_v2_US East_3': 20, 'B8ps_v2_US East_1': 20, 'B8ps_v2_US East_2': 20, 'B8ps_v2_US East_3': 20, 'D16ads_v6_US East_2': 20, 'D16ads_v6_US East_3': 20, 'D16alds_v6_US East_1': 20, 'D16alds_v6_US East_3': 20, 'D16als_v6_US East_1': 20, 'D16als_v6_US East_3': 20, 'D16as_v6_US East_1': 20, 'D16as_v6_US East_2': 20, 'D16pds_v5_US East_1': 20, 'D16plds_v5_US East_2': 20, 'D16plds_v5_US East_3': 20, 'D16pls_v5_US East_2': 20, 'D16pls_v5_US East_3': 20, 'D16ps_v5_US East_3': 20, 'D2ads_v6_US East_1': 20, 'D2ads_v6_US East_2': 20, 'D2ads_v6_US East_3': 20, 'D2alds_v6_US East_1': 20, 'D2alds_v6_US East_2': 20, 'D2alds_v6_US East_3': 20, 'D2als_v6_US East_1': 20, 'D2als_v6_US East_2': 20, 'D2als_v6_US East_3': 20, 'D2as_v6_US East_1': 20, 'D2as_v6_US East_2': 20, 'D2as_v6_US East_3': 20, 'D2pds_v5_US East_1': 20, 'D2pds_v5_US East_2': 20, 'D2pds_v5_US East_3': 20, 'D2plds_v5_US East_1': 20, 'D2plds_v5_US East_2': 20, 'D2plds_v5_US East_3': 20, 'D2pls_v5_US East_1': 20, 'D2pls_v5_US East_2': 20, 'D2pls_v5_US East_3': 20, 'D2ps_v5_US East_1': 20, 'D2ps_v5_US East_2': 20, 'D2ps_v5_US East_3': 20, 'D32ads_v6_US East_1': 20, 'D32ads_v6_US East_3': 20, 'D32alds_v6_US East_1': 20, 'D32alds_v6_US East_3': 20, 'D32als_v6_US East_2': 20, 'D32als_v6_US East_3': 20, 'D32as_v6_US East_1': 20, 'D32as_v6_US East_3': 20, 'D32plds_v5_US East_3': 20, 'D32pls_v5_US East_2': 20, 'D48ads_v6_US East_1': 20, 'D48alds_v6_US East_2': 20, 'D48als_v6_US East_1': 20, 'D48als_v6_US East_3': 20, 'D4ads_v6_US East_1': 20, 'D4ads_v6_US East_2': 20, 'D4ads_v6_US East_3': 20, 'D4alds_v6_US East_1': 20, 'D4alds_v6_US East_2': 20, 'D4alds_v6_US East_3': 20, 'D4als_v6_US East_1': 20, 'D4als_v6_US East_2': 20, 'D4als_v6_US East_3': 20, 'D4as_v6_US East_1': 20, 'D4as_v6_US East_2': 20, 'D4as_v6_US East_3': 20, 'D4pds_v5_US East_1': 20, 'D4pds_v5_US East_2': 20, 'D4pds_v5_US East_3': 20, 'D4plds_v5_US East_1': 20, 'D4plds_v5_US East_2': 20, 'D4plds_v5_US East_3': 20, 'D4pls_v5_US East_1': 20, 'D4pls_v5_US East_2': 20, 'D4pls_v5_US East_3': 20, 'D4ps_v5_US East_1': 20, 'D4ps_v5_US East_2': 20, 'D4ps_v5_US East_3': 20, 'D64ads_v6_US East_2': 20, 'D64alds_v6_US East_3': 20, 'D64als_v6_US East_3': 20, 'D64as_v6_US East_2': 20, 'D8ads_v6_US East_1': 20, 'D8ads_v6_US East_2': 20, 'D8ads_v6_US East_3': 20, 'D8alds_v6_US East_1': 20, 'D8alds_v6_US East_2': 20, 'D8alds_v6_US East_3': 20, 'D8als_v6_US East_1': 20, 'D8als_v6_US East_2': 20, 'D8als_v6_US East_3': 20, 'D8as_v6_US East_1': 20, 'D8as_v6_US East_2': 20, 'D8as_v6_US East_3': 20, 'D8plds_v5_US East_1': 20, 'D8plds_v5_US East_2': 20, 'D8plds_v5_US East_3': 20, 'D8pls_v5_US East_1': 20, 'D8pls_v5_US East_2': 20, 'D8pls_v5_US East_3': 20, 'D8ps_v5_US East_1': 20, 'D8ps_v5_US East_2': 20, 'D8ps_v5_US East_3': 20, 'D96ads_v6_US East_1': 20, 'D96alds_v6_US East_2': 20, 'D96als_v6_US East_2': 20, 'D96as_v6_US East_3': 20, 'DC1s_v2_US East_3': 20, 'DC2s_v2_US East_2': 20, 'E16ads_v6_US East_1': 20, 'E16ads_v6_US East_2': 20, 'E16as_v6_US East_1': 20, 'E16as_v6_US East_2': 20, 'E20ads_v6_US East_2': 20, 'E20ads_v6_US East_3': 20, 'E20as_v6_US East_1': 20, 'E20as_v6_US East_3': 20, 'E2ads_v6_US East_1': 20, 'E2ads_v6_US East_2': 20, 'E2ads_v6_US East_3': 20, 'E2as_v6_US East_1': 20, 'E2as_v6_US East_2': 20, 'E2as_v6_US East_3': 20, 'E2ps_v5_US East_1': 20, 'E2ps_v5_US East_2': 20, 'E2ps_v5_US East_3': 20, 'E32ads_v6_US East_2': 20, 'E32as_v6_US East_2': 20, 'E48ads_v6_US East_3': 20, 'E48as_v6_US East_2': 20, 'E4ads_v6_US East_1': 20, 'E4ads_v6_US East_2': 20, 'E4ads_v6_US East_3': 20, 'E4as_v6_US East_1': 20, 'E4as_v6_US East_2': 20, 'E4as_v6_US East_3': 20, 'E4ps_v5_US East_1': 20, 'E4ps_v5_US East_2': 20, 'E4ps_v5_US East_3': 20, 'E64ads_v6_US East_1': 20, 'E64as_v6_US East_3': 20, 'E8ads_v6_US East_2': 20, 'E8ads_v6_US East_3': 20, 'E8as_v6_US East_1': 20, 'E8as_v6_US East_3': 20, 'E8ps_v5_US East_2': 20, 'E96-48ads_v6_US East_2': 20, 'E96ads_v6_US East_3': 20, 'E96as_v6_US East_2': 20, 'F16als_v6_US East_2': 20, 'F16als_v6_US East_3': 20, 'F16ams_v6_US East_1': 20, 'F16ams_v6_US East_3': 20, 'F16as_v6_US East_1': 20, 'F16as_v6_US East_3': 20, 'F2als_v6_US East_1': 20, 'F2als_v6_US East_2': 20, 'F2als_v6_US East_3': 20, 'F2ams_v6_US East_1': 20, 'F2ams_v6_US East_2': 20, 'F2ams_v6_US East_3': 20, 'F2as_v6_US East_1': 20, 'F2as_v6_US East_2': 20, 'F2as_v6_US East_3': 20, 'F32als_v6_US East_3': 20, 'F32ams_v6_US East_1': 20, 'F32as_v6_US East_1': 20, 'F48als_v6_US East_2': 20, 'F48ams_v6_US East_2': 20, 'F48as_v6_US East_1': 20, 'F4als_v6_US East_1': 20, 'F4als_v6_US East_2': 20, 'F4als_v6_US East_3': 20, 'F4ams_v6_US East_1': 20, 'F4ams_v6_US East_2': 20, 'F4ams_v6_US East_3': 20, 'F4as_v6_US East_1': 20, 'F4as_v6_US East_2': 20, 'F4as_v6_US East_3': 20, 'F64als_v6_US East_1': 20, 'F64ams_v6_US East_1': 20, 'F64as_v6_US East_1': 20, 'F8als_v6_US East_1': 20, 'F8als_v6_US East_2': 20, 'F8ams_v6_US East_1': 20, 'F8ams_v6_US East_2': 20, 'F8as_v6_US East_2': 20, 'F8as_v6_US East_3': 20, 'M32ls_US East_1': 20, 'M32ls_US East_2': 20, 'M32ls_US East_3': 20, 'M32ts_US East_1': 20, 'M32ts_US East_2': 20, 'M32ts_US East_3': 20, 'M64s_v2_US East_1': 20, 'NV4as_v4_US East_1': 20, 'NV4as_v4_US East_2': 20, 'NV4as_v4_US East_3': 20, 'NV6ads_A10_v5_US East_1': 20, 'NV6ads_A10_v5_US East_2': 20, 'NV8as_v4_US East_1': 20, 'NV8as_v4_US East_2': 20, 'NV8as_v4_US East_3': 20}"
0.74,872.3193400000002,1677913392,1923508.1870361837,57780,57380,"{'B16ps_v2_US East_3': 20, 'B2pls_v2_US East_1': 20, 'B2pls_v2_US East_2': 20, 'B2pls_v2_US East_3': 20, 'B2ps_v2_US East_1': 20, 'B2ps_v2_US East_2': 20, 'B2ps_v2_US East_3': 20, 'B4ps_v2_US East_1': 20, 'B4ps_v2_US East_2': 20, 'B4ps_v2_US East_3': 20, 'B8ps_v2_US East_1': 20, 'B8ps_v2_US East_2': 20, 'B8ps_v2_US East_3': 20, 'D16ads_v6_US East_2': 20, 'D16ads_v6_US East_3': 20, 'D16alds_v6_US East_1': 20, 'D16alds_v6_US East_3': 20, 'D16als_v6_US East_1': 20, 'D16als_v6_US East_3': 20, 'D16as_v6_US East_1': 20, 'D16as_v6_US East_2': 20, 'D16pds_v5_US East_1': 20, 'D16plds_v5_US East_2': 20, 'D16plds_v5_US East_3': 20, 'D16pls_v5_US East_2': 20, 'D16pls_v5_US East_3': 20, 'D16ps_v5_US East_3': 20, 'D2ads_v6_US East_1': 20, 'D2ads_v6_US East_2': 20, 'D2ads_v6_US East_3': 20, 'D2alds_v6_US East_1': 20, 'D2alds_v6_US East_2': 20, 'D2alds_v6_US East_3': 20, 'D2als_v6_US East_1': 20, 'D2als_v6_US East_2': 20, 'D2als_v6_US East_3': 20, 'D2as_v6_US East_1': 20, 'D2as_v6_US East_2': 20, 'D2as_v6_US East_3': 20, 'D2pds_v5_US East_1': 20, 'D2pds_v5_US East_2': 20, 'D2pds_v5_US East_3': 20, 'D2plds_v5_US East_1': 20, 'D2plds_v5_US East_2': 20, 'D2plds_v5_US East_3': 20, 'D2pls_v5_US East_1': 20, 'D2pls_v5_US East_2': 20, 'D2pls_v5_US East_3': 20, 'D2ps_v5_US East_1': 20, 'D2ps_v5_US East_2': 20, 'D2ps_v5_US East_3': 20, 'D32ads_v6_US East_1': 20, 'D32ads_v6_US East_3': 20, 'D32alds_v6_US East_1': 20, 'D32alds_v6_US East_3': 20, 'D32als_v6_US East_2': 20, 'D32als_v6_US East_3': 20, 'D32as_v6_US East_1': 20, 'D32as_v6_US East_3': 20, 'D32plds_v5_US East_3': 20, 'D32pls_v5_US East_2': 20, 'D48ads_v6_US East_1': 20, 'D48alds_v6_US East_2': 20, 'D48als_v6_US East_1': 20, 'D48als_v6_US East_3': 20, 'D4ads_v6_US East_1': 20, 'D4ads_v6_US East_2': 20, 'D4ads_v6_US East_3': 20, 'D4alds_v6_US East_1': 20, 'D4alds_v6_US East_2': 20, 'D4alds_v6_US East_3': 20, 'D4als_v6_US East_1': 20, 'D4als_v6_US East_2': 20, 'D4als_v6_US East_3': 20, 'D4as_v6_US East_1': 20, 'D4as_v6_US East_2': 20, 'D4as_v6_US East_3': 20, 'D4pds_v5_US East_1': 20, 'D4pds_v5_US East_2': 20, 'D4pds_v5_US East_3': 20, 'D4plds_v5_US East_1': 20, 'D4plds_v5_US East_2': 20, 'D4plds_v5_US East_3': 20, 'D4pls_v5_US East_1': 20, 'D4pls_v5_US East_2': 20, 'D4pls_v5_US East_3': 20, 'D4ps_v5_US East_1': 20, 'D4ps_v5_US East_2': 20, 'D4ps_v5_US East_3': 20, 'D64ads_v6_US East_2': 20, 'D64alds_v6_US East_3': 20, 'D64als_v6_US East_3': 20, 'D64as_v6_US East_2': 20, 'D8ads_v6_US East_1': 20, 'D8ads_v6_US East_2': 20, 'D8ads_v6_US East_3': 20, 'D8alds_v6_US East_1': 20, 'D8alds_v6_US East_2': 20, 'D8alds_v6_US East_3': 20, 'D8als_v6_US East_1': 20, 'D8als_v6_US East_2': 20, 'D8als_v6_US East_3': 20, 'D8as_v6_US East_1': 20, 'D8as_v6_US East_2': 20, 'D8as_v6_US East_3': 20, 'D8plds_v5_US East_1': 20, 'D8plds_v5_US East_2': 20, 'D8plds_v5_US East_3': 20, 'D8pls_v5_US East_1': 20, 'D8pls_v5_US East_2': 20, 'D8pls_v5_US East_3': 20, 'D8ps_v5_US East_1': 20, 'D8ps_v5_US East_2': 20, 'D8ps_v5_US East_3': 20, 'D96ads_v6_US East_1': 20, 'D96alds_v6_US East_2': 20, 'D96als_v6_US East_2': 20, 'D96as_v6_US East_3': 20, 'DC1s_v2_US East_3': 20, 'DC2s_v2_US East_2': 20, 'E16ads_v6_US East_1': 20, 'E16ads_v6_US East_2': 20, 'E16as_v6_US East_1': 20, 'E16as_v6_US East_2': 20, 'E20ads_v6_US East_2': 20, 'E20ads_v6_US East_3': 20, 'E20as_v6_US East_1': 20, 'E20as_v6_US East_3': 20, 'E2ads_v6_US East_1': 20, 'E2ads_v6_US East_2': 20, 'E2ads_v6_US East_3': 20, 'E2as_v6_US East_1': 20, 'E2as_v6_US East_2': 20, 'E2as_v6_US East_3': 20, 'E2ps_v5_US East_1': 20, 'E2ps_v5_US East_2': 20, 'E2ps_v5_US East_3': 20, 'E32ads_v6_US East_2': 20, 'E32as_v6_US East_2': 20, 'E48ads_v6_US East_3': 20, 'E48as_v6_US East_2': 20, 'E4ads_v6_US East_1': 20, 'E4ads_v6_US East_2': 20, 'E4ads_v6_US East_3': 20, 'E4as_v6_US East_1': 20, 'E4as_v6_US East_2': 20, 'E4as_v6_US East_3': 20, 'E4ps_v5_US East_1': 20, 'E4ps_v5_US East_2': 20, 'E4ps_v5_US East_3': 20, 'E64ads_v6_US East_1': 20, 'E64as_v6_US East_3': 20, 'E8ads_v6_US East_2': 20, 'E8ads_v6_US East_3': 20, 'E8as_v6_US East_1': 20, 'E8as_v6_US East_3': 20, 'E8ps_v5_US East_2': 20, 'E96-24ads_v6_US East_1': 20, 'E96-48ads_v6_US East_2': 20, 'E96ads_v6_US East_3': 20, 'E96as_v6_US East_2': 20, 'F16als_v6_US East_2': 20, 'F16als_v6_US East_3': 20, 'F16ams_v6_US East_1': 20, 'F16ams_v6_US East_3': 20, 'F16as_v6_US East_1': 20, 'F16as_v6_US East_3': 20, 'F2als_v6_US East_1': 20, 'F2als_v6_US East_2': 20, 'F2als_v6_US East_3': 20, 'F2ams_v6_US East_1': 20, 'F2ams_v6_US East_2': 20, 'F2ams_v6_US East_3': 20, 'F2as_v6_US East_1': 20, 'F2as_v6_US East_2': 20, 'F2as_v6_US East_3': 20, 'F32als_v6_US East_3': 20, 'F32ams_v6_US East_1': 20, 'F32as_v6_US East_1': 20, 'F48als_v6_US East_2': 20, 'F48ams_v6_US East_2': 20, 'F48as_v6_US East_1': 20, 'F4als_v6_US East_1': 20, 'F4als_v6_US East_2': 20, 'F4als_v6_US East_3': 20, 'F4ams_v6_US East_1': 20, 'F4ams_v6_US East_2': 20, 'F4ams_v6_US East_3': 20, 'F4as_v6_US East_1': 20, 'F4as_v6_US East_2': 20, 'F4as_v6_US East_3': 20, 'F64als_v6_US East_1': 20, 'F64ams_v6_US East_1': 20, 'F64as_v6_US East_1': 20, 'F8als_v6_US East_1': 20, 'F8als_v6_US East_2': 20, 'F8ams_v6_US East_1': 20, 'F8ams_v6_US East_2': 20, 'F8as_v6_US East_2': 20, 'F8as_v6_US East_3': 20, 'M32ls_US East_1': 20, 'M32ls_US East_2': 20, 'M32ls_US East_3': 20, 'M32ts_US East_1': 20, 'M32ts_US East_2': 20, 'M32ts_US East_3': 20, 'M64s_v2_US East_1': 20, 'NV4as_v4_US East_1': 20, 'NV4as_v4_US East_2': 20, 'NV4as_v4_US East_3': 20, 'NV6ads_A10_v5_US East_1': 20, 'NV6ads_A10_v5_US East_2': 20, 'NV8as_v4_US East_1': 20, 'NV8as_v4_US East_2': 20, 'NV8as_v4_US East_3': 20}"
0.75,872.3193400000002,1677913392,1923508.1870361837,57780,57380,"{'B16ps_v2_US East_3': 20, 'B2pls_v2_US East_1': 20, 'B2pls_v2_US East_2': 20, 'B2pls_v2_US East_3': 20, 'B2ps_v2_US East_1': 20, 'B2ps_v2_US East_2': 20, 'B2ps_v2_US East_3': 20, 'B4ps_v2_US East_1': 20, 'B4ps_v2_US East_2': 20, 'B4ps_v2_US East_3': 20, 'B8ps_v2_US East_1': 20, 'B8ps_v2_US East_2': 20, 'B8ps_v2_US East_3': 20, 'D16ads_v6_US East_2': 20, 'D16ads_v6_US East_3': 20, 'D16alds_v6_US East_1': 20, 'D16alds_v6_US East_3': 20, 'D16als_v6_US East_1': 20, 'D16als_v6_US East_3': 20, 'D16as_v6_US East_1': 20, 'D16as_v6_US East_2': 20, 'D16pds_v5_US East_1': 20, 'D16plds_v5_US East_2': 20, 'D16plds_v5_US East_3': 20, 'D16pls_v5_US East_2': 20, 'D16pls_v5_US East_3': 20, 'D16ps_v5_US East_3': 20, 'D2ads_v6_US East_1': 20, 'D2ads_v6_US East_2': 20, 'D2ads_v6_US East_3': 20, 'D2alds_v6_US East_1': 20, 'D2alds_v6_US East_2': 20, 'D2alds_v6_US East_3': 20, 'D2als_v6_US East_1': 20, 'D2als_v6_US East_2': 20, 'D2als_v6_US East_3': 20, 'D2as_v6_US East_1': 20, 'D2as_v6_US East_2': 20, 'D2as_v6_US East_3': 20, 'D2pds_v5_US East_1': 20, 'D2pds_v5_US East_2': 20, 'D2pds_v5_US East_3': 20, 'D2plds_v5_US East_1': 20, 'D2plds_v5_US East_2': 20, 'D2plds_v5_US East_3': 20, 'D2pls_v5_US East_1': 20, 'D2pls_v5_US East_2': 20, 'D2pls_v5_US East_3': 20, 'D2ps_v5_US East_1': 20, 'D2ps_v5_US East_2': 20, 'D2ps_v5_US East_3': 20, 'D32ads_v6_US East_1': 20, 'D32ads_v6_US East_3': 20, 'D32alds_v6_US East_1': 20, 'D32alds_v6_US East_3': 20, 'D32als_v6_US East_2': 20, 'D32als_v6_US East_3': 20, 'D32as_v6_US East_1': 20, 'D32as_v6_US East_3': 20, 'D32plds_v5_US East_3': 20, 'D32pls_v5_US East_2': 20, 'D48ads_v6_US East_1': 20, 'D48alds_v6_US East_2': 20, 'D48als_v6_US East_1': 20, 'D48als_v6_US East_3': 20, 'D4ads_v6_US East_1': 20, 'D4ads_v6_US East_2': 20, 'D4ads_v6_US East_3': 20, 'D4alds_v6_US East_1': 20, 'D4alds_v6_US East_2': 20, 'D4alds_v6_US East_3': 20, 'D4als_v6_US East_1': 20, 'D4als_v6_US East_2': 20, 'D4als_v6_US East_3': 20, 'D4as_v6_US East_1': 20, 'D4as_v6_US East_2': 20, 'D4as_v6_US East_3': 20, 'D4pds_v5_US East_1': 20, 'D4pds_v5_US East_2': 20, 'D4pds_v5_US East_3': 20, 'D4plds_v5_US East_1': 20, 'D4plds_v5_US East_2': 20, 'D4plds_v5_US East_3': 20, 'D4pls_v5_US East_1': 20, 'D4pls_v5_US East_2': 20, 'D4pls_v5_US East_3': 20, 'D4ps_v5_US East_1': 20, 'D4ps_v5_US East_2': 20, 'D4ps_v5_US East_3': 20, 'D64ads_v6_US East_2': 20, 'D64alds_v6_US East_3': 20, 'D64als_v6_US East_3': 20, 'D64as_v6_US East_2': 20, 'D8ads_v6_US East_1': 20, 'D8ads_v6_US East_2': 20, 'D8ads_v6_US East_3': 20, 'D8alds_v6_US East_1': 20, 'D8alds_v6_US East_2': 20, 'D8alds_v6_US East_3': 20, 'D8als_v6_US East_1': 20, 'D8als_v6_US East_2': 20, 'D8als_v6_US East_3': 20, 'D8as_v6_US East_1': 20, 'D8as_v6_US East_2': 20, 'D8as_v6_US East_3': 20, 'D8plds_v5_US East_1': 20, 'D8plds_v5_US East_2': 20, 'D8plds_v5_US East_3': 20, 'D8pls_v5_US East_1': 20, 'D8pls_v5_US East_2': 20, 'D8pls_v5_US East_3': 20, 'D8ps_v5_US East_1': 20, 'D8ps_v5_US East_2': 20, 'D8ps_v5_US East_3': 20, 'D96ads_v6_US East_1': 20, 'D96alds_v6_US East_2': 20, 'D96als_v6_US East_2': 20, 'D96as_v6_US East_3': 20, 'DC1s_v2_US East_3': 20, 'DC2s_v2_US East_2': 20, 'E16ads_v6_US East_1': 20, 'E16ads_v6_US East_2': 20, 'E16as_v6_US East_1': 20, 'E16as_v6_US East_2': 20, 'E20ads_v6_US East_2': 20, 'E20ads_v6_US East_3': 20, 'E20as_v6_US East_1': 20, 'E20as_v6_US East_3': 20, 'E2ads_v6_US East_1': 20, 'E2ads_v6_US East_2': 20, 'E2ads_v6_US East_3': 20, 'E2as_v6_US East_1': 20, 'E2as_v6_US East_2': 20, 'E2as_v6_US East_3': 20, 'E2ps_v5_US East_1': 20, 'E2ps_v5_US East_2': 20, 'E2ps_v5_US East_3': 20, 'E32ads_v6_US East_2': 20, 'E32as_v6_US East_2': 20, 'E48ads_v6_US East_3': 20, 'E48as_v6_US East_2': 20, 'E4ads_v6_US East_1': 20, 'E4ads_v6_US East_2': 20, 'E4ads_v6_US East_3': 20, 'E4as_v6_US East_1': 20, 'E4as_v6_US East_2': 20, 'E4as_v6_US East_3': 20, 'E4ps_v5_US East_1': 20, 'E4ps_v5_US East_2': 20, 'E4ps_v5_US East_3': 20, 'E64ads_v6_US East_1': 20, 'E64as_v6_US East_3': 20, 'E8ads_v6_US East_2': 20, 'E8ads_v6_US East_3': 20, 'E8as_v6_US East_1': 20, 'E8as_v6_US East_3': 20, 'E8ps_v5_US East_2': 20, 'E96-24ads_v6_US East_1': 20, 'E96-48ads_v6_US East_2': 20, 'E96ads_v6_US East_3': 20, 'E96as_v6_US East_2': 20, 'F16als_v6_US East_2': 20, 'F16als_v6_US East_3': 20, 'F16ams_v6_US East_1': 20, 'F16ams_v6_US East_3': 20, 'F16as_v6_US East_1': 20, 'F16as_v6_US East_3': 20, 'F2als_v6_US East_1': 20, 'F2als_v6_US East_2': 20, 'F2als_v6_US East_3': 20, 'F2ams_v6_US East_1': 20, 'F2ams_v6_US East_2': 20, 'F2ams_v6_US East_3': 20, 'F2as_v6_US East_1': 20, 'F2as_v6_US East_2': 20, 'F2as_v6_US East_3': 20, 'F32als_v6_US East_3': 20, 'F32ams_v6_US East_1': 20, 'F32as_v6_US East_1': 20, 'F48als_v6_US East_2': 20, 'F48ams_v6_US East_2': 20, 'F48as_v6_US East_1': 20, 'F4als_v6_US East_1': 20, 'F4als_v6_US East_2': 20, 'F4als_v6_US East_3': 20, 'F4ams_v6_US East_1': 20, 'F4ams_v6_US East_2': 20, 'F4ams_v6_US East_3': 20, 'F4as_v6_US East_1': 20, 'F4as_v6_US East_2': 20, 'F4as_v6_US East_3': 20, 'F64als_v6_US East_1': 20, 'F64ams_v6_US East_1': 20, 'F64as_v6_US East_1': 20, 'F8als_v6_US East_1': 20, 'F8als_v6_US East_2': 20, 'F8ams_v6_US East_1': 20, 'F8ams_v6_US East_2': 20, 'F8as_v6_US East_2': 20, 'F8as_v6_US East_3': 20, 'M32ls_US East_1': 20, 'M32ls_US East_2': 20, 'M32ls_US East_3': 20, 'M32ts_US East_1': 20, 'M32ts_US East_2': 20, 'M32ts_US East_3': 20, 'M64s_v2_US East_1': 20, 'NV4as_v4_US East_1': 20, 'NV4as_v4_US East_2': 20, 'NV4as_v4_US East_3': 20, 'NV6ads_A10_v5_US East_1': 20, 'NV6ads_A10_v5_US East_2': 20, 'NV8as_v4_US East_1': 20, 'NV8as_v4_US East_2': 20, 'NV8as_v4_US East_3': 20}"
0.76,872.3193400000002,1677913392,1923508.1870361837,57780,57380,"{'B16ps_v2_US East_3': 20, 'B2pls_v2_US East_1': 20, 'B2pls_v2_US East_2': 20, 'B2pls_v2_US East_3': 20, 'B2ps_v2_US East_1': 20, 'B2ps_v2_US East_2': 20, 'B2ps_v2_US East_3': 20, 'B4ps_v2_US East_1': 20, 'B4ps_v2_US East_2': 20, 'B4ps_v2_US East_3': 20, 'B8ps_v2_US East_1': 20, 'B8ps_v2_US East_2': 20, 'B8ps_v2_US East_3': 20, 'D16ads_v6_US East_2': 20, 'D16ads_v6_US East_3': 20, 'D16alds_v6_US East_1': 20, 'D16alds_v6_US East_3': 20, 'D16als_v6_US East_1': 20, 'D16als_v6_US East_3': 20, 'D16as_v6_US East_1': 20, 'D16as_v6_US East_2': 20, 'D16pds_v5_US East_1': 20, 'D16plds_v5_US East_2': 20, 'D16plds_v5_US East_3': 20, 'D16pls_v5_US East_2': 20, 'D16pls_v5_US East_3': 20, 'D16ps_v5_US East_3': 20, 'D2ads_v6_US East_1': 20, 'D2ads_v6_US East_2': 20, 'D2ads_v6_US East_3': 20, 'D2alds_v6_US East_1': 20, 'D2alds_v6_US East_2': 20, 'D2alds_v6_US East_3': 20, 'D2als_v6_US East_1': 20, 'D2als_v6_US East_2': 20, 'D2als_v6_US East_3': 20, 'D2as_v6_US East_1': 20, 'D2as_v6_US East_2': 20, 'D2as_v6_US East_3': 20, 'D2pds_v5_US East_1': 20, 'D2pds_v5_US East_2': 20, 'D2pds_v5_US East_3': 20, 'D2plds_v5_US East_1': 20, 'D2plds_v5_US East_2': 20, 'D2plds_v5_US East_3': 20, 'D2pls_v5_US East_1': 20, 'D2pls_v5_US East_2': 20, 'D2pls_v5_US East_3': 20, 'D2ps_v5_US East_1': 20, 'D2ps_v5_US East_2': 20, 'D2ps_v5_US East_3': 20, 'D32ads_v6_US East_1': 20, 'D32ads_v6_US East_3': 20, 'D32alds_v6_US East_1': 20, 'D32alds_v6_US East_3': 20, 'D32als_v6_US East_2': 20, 'D32als_v6_US East_3': 20, 'D32as_v6_US East_1': 20, 'D32as_v6_US East_3': 20, 'D32plds_v5_US East_3': 20, 'D32pls_v5_US East_2': 20, 'D48ads_v6_US East_1': 20, 'D48alds_v6_US East_2': 20, 'D48als_v6_US East_1': 20, 'D48als_v6_US East_3': 20, 'D4ads_v6_US East_1': 20, 'D4ads_v6_US East_2': 20, 'D4ads_v6_US East_3': 20, 'D4alds_v6_US East_1': 20, 'D4alds_v6_US East_2': 20, 'D4alds_v6_US East_3': 20, 'D4als_v6_US East_1': 20, 'D4als_v6_US East_2': 20, 'D4als_v6_US East_3': 20, 'D4as_v6_US East_1': 20, 'D4as_v6_US East_2': 20, 'D4as_v6_US East_3': 20, 'D4pds_v5_US East_1': 20, 'D4pds_v5_US East_2': 20, 'D4pds_v5_US East_3': 20, 'D4plds_v5_US East_1': 20, 'D4plds_v5_US East_2': 20, 'D4plds_v5_US East_3': 20, 'D4pls_v5_US East_1': 20, 'D4pls_v5_US East_2': 20, 'D4pls_v5_US East_3': 20, 'D4ps_v5_US East_1': 20, 'D4ps_v5_US East_2': 20, 'D4ps_v5_US East_3': 20, 'D64ads_v6_US East_2': 20, 'D64alds_v6_US East_3': 20, 'D64als_v6_US East_3': 20, 'D64as_v6_US East_2': 20, 'D8ads_v6_US East_1': 20, 'D8ads_v6_US East_2': 20, 'D8ads_v6_US East_3': 20, 'D8alds_v6_US East_1': 20, 'D8alds_v6_US East_2': 20, 'D8alds_v6_US East_3': 20, 'D8als_v6_US East_1': 20, 'D8als_v6_US East_2': 20, 'D8als_v6_US East_3': 20, 'D8as_v6_US East_1': 20, 'D8as_v6_US East_2': 20, 'D8as_v6_US East_3': 20, 'D8plds_v5_US East_1': 20, 'D8plds_v5_US East_2': 20, 'D8plds_v5_US East_3': 20, 'D8pls_v5_US East_1': 20, 'D8pls_v5_US East_2': 20, 'D8pls_v5_US East_3': 20, 'D8ps_v5_US East_1': 20, 'D8ps_v5_US East_2': 20, 'D8ps_v5_US East_3': 20, 'D96ads_v6_US East_1': 20, 'D96alds_v6_US East_2': 20, 'D96als_v6_US East_2': 20, 'D96as_v6_US East_3': 20, 'DC1s_v2_US East_3': 20, 'DC2s_v2_US East_2': 20, 'E16ads_v6_US East_1': 20, 'E16ads_v6_US East_2': 20, 'E16as_v6_US East_1': 20, 'E16as_v6_US East_2': 20, 'E20ads_v6_US East_2': 20, 'E20ads_v6_US East_3': 20, 'E20as_v6_US East_1': 20, 'E20as_v6_US East_3': 20, 'E2ads_v6_US East_1': 20, 'E2ads_v6_US East_2': 20, 'E2ads_v6_US East_3': 20, 'E2as_v6_US East_1': 20, 'E2as_v6_US East_2': 20, 'E2as_v6_US East_3': 20, 'E2ps_v5_US East_1': 20, 'E2ps_v5_US East_2': 20, 'E2ps_v5_US East_3': 20, 'E32ads_v6_US East_2': 20, 'E32as_v6_US East_2': 20, 'E48ads_v6_US East_3': 20, 'E48as_v6_US East_2': 20, 'E4ads_v6_US East_1': 20, 'E4ads_v6_US East_2': 20, 'E4ads_v6_US East_3': 20, 'E4as_v6_US East_1': 20, 'E4as_v6_US East_2': 20, 'E4as_v6_US East_3': 20, 'E4ps_v5_US East_1': 20, 'E4ps_v5_US East_2': 20, 'E4ps_v5_US East_3': 20, 'E64ads_v6_US East_1': 20, 'E64as_v6_US East_3': 20, 'E8ads_v6_US East_2': 20, 'E8ads_v6_US East_3': 20, 'E8as_v6_US East_1': 20, 'E8as_v6_US East_3': 20, 'E8ps_v5_US East_2': 20, 'E96-24ads_v6_US East_1': 20, 'E96-48ads_v6_US East_2': 20, 'E96ads_v6_US East_3': 20, 'E96as_v6_US East_2': 20, 'F16als_v6_US East_2': 20, 'F16als_v6_US East_3': 20, 'F16ams_v6_US East_1': 20, 'F16ams_v6_US East_3': 20, 'F16as_v6_US East_1': 20, 'F16as_v6_US East_3': 20, 'F2als_v6_US East_1': 20, 'F2als_v6_US East_2': 20, 'F2als_v6_US East_3': 20, 'F2ams_v6_US East_1': 20, 'F2ams_v6_US East_2': 20, 'F2ams_v6_US East_3': 20, 'F2as_v6_US East_1': 20, 'F2as_v6_US East_2': 20, 'F2as_v6_US East_3': 20, 'F32als_v6_US East_3': 20, 'F32ams_v6_US East_1': 20, 'F32as_v6_US East_1': 20, 'F48als_v6_US East_2': 20, 'F48ams_v6_US East_2': 20, 'F48as_v6_US East_1': 20, 'F4als_v6_US East_1': 20, 'F4als_v6_US East_2': 20, 'F4als_v6_US East_3': 20, 'F4ams_v6_US East_1': 20, 'F4ams_v6_US East_2': 20, 'F4ams_v6_US East_3': 20, 'F4as_v6_US East_1': 20, 'F4as_v6_US East_2': 20, 'F4as_v6_US East_3': 20, 'F64als_v6_US East_1': 20, 'F64ams_v6_US East_1': 20, 'F64as_v6_US East_1': 20, 'F8als_v6_US East_1': 20, 'F8als_v6_US East_2': 20, 'F8ams_v6_US East_1': 20, 'F8ams_v6_US East_2': 20, 'F8as_v6_US East_2': 20, 'F8as_v6_US East_3': 20, 'M32ls_US East_1': 20, 'M32ls_US East_2': 20, 'M32ls_US East_3': 20, 'M32ts_US East_1': 20, 'M32ts_US East_2': 20, 'M32ts_US East_3': 20, 'M64s_v2_US East_1': 20, 'NV4as_v4_US East_1': 20, 'NV4as_v4_US East_2': 20, 'NV4as_v4_US East_3': 20, 'NV6ads_A10_v5_US East_1': 20, 'NV6ads_A10_v5_US East_2': 20, 'NV8as_v4_US East_1': 20, 'NV8as_v4_US East_2': 20, 'NV8as_v4_US East_3': 20}"
0.77,872.3193400000002,1677913392,1923508.1870361837,57780,57380,"{'B16ps_v2_US East_3': 20, 'B2pls_v2_US East_1': 20, 'B2pls_v2_US East_2': 20, 'B2pls_v2_US East_3': 20, 'B2ps_v2_US East_1': 20, 'B2ps_v2_US East_2': 20, 'B2ps_v2_US East_3': 20, 'B4ps_v2_US East_1': 20, 'B4ps_v2_US East_2': 20, 'B4ps_v2_US East_3': 20, 'B8ps_v2_US East_1': 20, 'B8ps_v2_US East_2': 20, 'B8ps_v2_US East_3': 20, 'D16ads_v6_US East_2': 20, 'D16ads_v6_US East_3': 20, 'D16alds_v6_US East_1': 20, 'D16alds_v6_US East_3': 20, 'D16als_v6_US East_1': 20, 'D16als_v6_US East_3': 20, 'D16as_v6_US East_1': 20, 'D16as_v6_US East_2': 20, 'D16pds_v5_US East_1': 20, 'D16plds_v5_US East_2': 20, 'D16plds_v5_US East_3': 20, 'D16pls_v5_US East_2': 20, 'D16pls_v5_US East_3': 20, 'D16ps_v5_US East_3': 20, 'D2ads_v6_US East_1': 20, 'D2ads_v6_US East_2': 20, 'D2ads_v6_US East_3': 20, 'D2alds_v6_US East_1': 20, 'D2alds_v6_US East_2': 20, 'D2alds_v6_US East_3': 20, 'D2als_v6_US East_1': 20, 'D2als_v6_US East_2': 20, 'D2als_v6_US East_3': 20, 'D2as_v6_US East_1': 20, 'D2as_v6_US East_2': 20, 'D2as_v6_US East_3': 20, 'D2pds_v5_US East_1': 20, 'D2pds_v5_US East_2': 20, 'D2pds_v5_US East_3': 20, 'D2plds_v5_US East_1': 20, 'D2plds_v5_US East_2': 20, 'D2plds_v5_US East_3': 20, 'D2pls_v5_US East_1': 20, 'D2pls_v5_US East_2': 20, 'D2pls_v5_US East_3': 20, 'D2ps_v5_US East_1': 20, 'D2ps_v5_US East_2': 20, 'D2ps_v5_US East_3': 20, 'D32ads_v6_US East_1': 20, 'D32ads_v6_US East_3': 20, 'D32alds_v6_US East_1': 20, 'D32alds_v6_US East_3': 20, 'D32als_v6_US East_2': 20, 'D32als_v6_US East_3': 20, 'D32as_v6_US East_1': 20, 'D32as_v6_US East_3': 20, 'D32plds_v5_US East_3': 20, 'D32pls_v5_US East_2': 20, 'D48ads_v6_US East_1': 20, 'D48alds_v6_US East_2': 20, 'D48als_v6_US East_1': 20, 'D48als_v6_US East_3': 20, 'D4ads_v6_US East_1': 20, 'D4ads_v6_US East_2': 20, 'D4ads_v6_US East_3': 20, 'D4alds_v6_US East_1': 20, 'D4alds_v6_US East_2': 20, 'D4alds_v6_US East_3': 20, 'D4als_v6_US East_1': 20, 'D4als_v6_US East_2': 20, 'D4als_v6_US East_3': 20, 'D4as_v6_US East_1': 20, 'D4as_v6_US East_2': 20, 'D4as_v6_US East_3': 20, 'D4pds_v5_US East_1': 20, 'D4pds_v5_US East_2': 20, 'D4pds_v5_US East_3': 20, 'D4plds_v5_US East_1': 20, 'D4plds_v5_US East_2': 20, 'D4plds_v5_US East_3': 20, 'D4pls_v5_US East_1': 20, 'D4pls_v5_US East_2': 20, 'D4pls_v5_US East_3': 20, 'D4ps_v5_US East_1': 20, 'D4ps_v5_US East_2': 20, 'D4ps_v5_US East_3': 20, 'D64ads_v6_US East_2': 20, 'D64alds_v6_US East_3': 20, 'D64als_v6_US East_3': 20, 'D64as_v6_US East_2': 20, 'D8ads_v6_US East_1': 20, 'D8ads_v6_US East_2': 20, 'D8ads_v6_US East_3': 20, 'D8alds_v6_US East_1': 20, 'D8alds_v6_US East_2': 20, 'D8alds_v6_US East_3': 20, 'D8als_v6_US East_1': 20, 'D8als_v6_US East_2': 20, 'D8als_v6_US East_3': 20, 'D8as_v6_US East_1': 20, 'D8as_v6_US East_2': 20, 'D8as_v6_US East_3': 20, 'D8plds_v5_US East_1': 20, 'D8plds_v5_US East_2': 20, 'D8plds_v5_US East_3': 20, 'D8pls_v5_US East_1': 20, 'D8pls_v5_US East_2': 20, 'D8pls_v5_US East_3': 20, 'D8ps_v5_US East_1': 20, 'D8ps_v5_US East_2': 20, 'D8ps_v5_US East_3': 20, 'D96ads_v6_US East_1': 20, 'D96alds_v6_US East_2': 20, 'D96als_v6_US East_2': 20, 'D96as_v6_US East_3': 20, 'DC1s_v2_US East_3': 20, 'DC2s_v2_US East_2': 20, 'E16ads_v6_US East_1': 20, 'E16ads_v6_US East_2': 20, 'E16as_v6_US East_1': 20, 'E16as_v6_US East_2': 20, 'E20ads_v6_US East_2': 20, 'E20ads_v6_US East_3': 20, 'E20as_v6_US East_1': 20, 'E20as_v6_US East_3': 20, 'E2ads_v6_US East_1': 20, 'E2ads_v6_US East_2': 20, 'E2ads_v6_US East_3': 20, 'E2as_v6_US East_1': 20, 'E2as_v6_US East_2': 20, 'E2as_v6_US East_3': 20, 'E2ps_v5_US East_1': 20, 'E2ps_v5_US East_2': 20, 'E2ps_v5_US East_3': 20, 'E32ads_v6_US East_2': 20, 'E32as_v6_US East_2': 20, 'E48ads_v6_US East_3': 20, 'E48as_v6_US East_2': 20, 'E4ads_v6_US East_1': 20, 'E4ads_v6_US East_2': 20, 'E4ads_v6_US East_3': 20, 'E4as_v6_US East_1': 20, 'E4as_v6_US East_2': 20, 'E4as_v6_US East_3': 20, 'E4ps_v5_US East_1': 20, 'E4ps_v5_US East_2': 20, 'E4ps_v5_US East_3': 20, 'E64ads_v6_US East_1': 20, 'E64as_v6_US East_3': 20, 'E8ads_v6_US East_2': 20, 'E8ads_v6_US East_3': 20, 'E8as_v6_US East_1': 20, 'E8as_v6_US East_3': 20, 'E8ps_v5_US East_2': 20, 'E96-24ads_v6_US East_1': 20, 'E96-48ads_v6_US East_2': 20, 'E96ads_v6_US East_3': 20, 'E96as_v6_US East_2': 20, 'F16als_v6_US East_2': 20, 'F16als_v6_US East_3': 20, 'F16ams_v6_US East_1': 20, 'F16ams_v6_US East_3': 20, 'F16as_v6_US East_1': 20, 'F16as_v6_US East_3': 20, 'F2als_v6_US East_1': 20, 'F2als_v6_US East_2': 20, 'F2als_v6_US East_3': 20, 'F2ams_v6_US East_1': 20, 'F2ams_v6_US East_2': 20, 'F2ams_v6_US East_3': 20, 'F2as_v6_US East_1': 20, 'F2as_v6_US East_2': 20, 'F2as_v6_US East_3': 20, 'F32als_v6_US East_3': 20, 'F32ams_v6_US East_1': 20, 'F32as_v6_US East_1': 20, 'F48als_v6_US East_2': 20, 'F48ams_v6_US East_2': 20, 'F48as_v6_US East_1': 20, 'F4als_v6_US East_1': 20, 'F4als_v6_US East_2': 20, 'F4als_v6_US East_3': 20, 'F4ams_v6_US East_1': 20, 'F4ams_v6_US East_2': 20, 'F4ams_v6_US East_3': 20, 'F4as_v6_US East_1': 20, 'F4as_v6_US East_2': 20, 'F4as_v6_US East_3': 20, 'F64als_v6_US East_1': 20, 'F64ams_v6_US East_1': 20, 'F64as_v6_US East_1': 20, 'F8als_v6_US East_1': 20, 'F8als_v6_US East_2': 20, 'F8ams_v6_US East_1': 20, 'F8ams_v6_US East_2': 20, 'F8as_v6_US East_2': 20, 'F8as_v6_US East_3': 20, 'M32ls_US East_1': 20, 'M32ls_US East_2': 20, 'M32ls_US East_3': 20, 'M32ts_US East_1': 20, 'M32ts_US East_2': 20, 'M32ts_US East_3': 20, 'M64s_v2_US East_1': 20, 'NV4as_v4_US East_1': 20, 'NV4as_v4_US East_2': 20, 'NV4as_v4_US East_3': 20, 'NV6ads_A10_v5_US East_1': 20, 'NV6ads_A10_v5_US East_2': 20, 'NV8as_v4_US East_1': 20, 'NV8as_v4_US East_2': 20, 'NV8as_v4_US East_3': 20}"
0.78,1007.4488200000001,1738464009,1725610.2496601266,61620,61220,"{'B16ps_v2_US East_3': 20, 'B2pls_v2_US East_1': 20, 'B2pls_v2_US East_2': 20, 'B2pls_v2_US East_3': 20, 'B2ps_v2_US East_1': 20, 'B2ps_v2_US East_2': 20, 'B2ps_v2_US East_3': 20, 'B4ps_v2_US East_1': 20, 'B4ps_v2_US East_2': 20, 'B4ps_v2_US East_3': 20, 'B8ps_v2_US East_1': 20, 'B8ps_v2_US East_2': 20, 'B8ps_v2_US East_3': 20, 'D16ads_v6_US East_2': 20, 'D16ads_v6_US East_3': 20, 'D16alds_v6_US East_1': 20, 'D16alds_v6_US East_3': 20, 'D16als_v6_US East_1': 20, 'D16als_v6_US East_3': 20, 'D16as_v6_US East_1': 20, 'D16as_v6_US East_2': 20, 'D16pds_v5_US East_1': 20, 'D16plds_v5_US East_2': 20, 'D16plds_v5_US East_3': 20, 'D16pls_v5_US East_2': 20, 'D16pls_v5_US East_3': 20, 'D16ps_v5_US East_3': 20, 'D2ads_v6_US East_1': 20, 'D2ads_v6_US East_2': 20, 'D2ads_v6_US East_3': 20, 'D2alds_v6_US East_1': 20, 'D2alds_v6_US East_2': 20, 'D2alds_v6_US East_3': 20, 'D2als_v6_US East_1': 20, 'D2als_v6_US East_2': 20, 'D2als_v6_US East_3': 20, 'D2as_v6_US East_1': 20, 'D2as_v6_US East_2': 20, 'D2as_v6_US East_3': 20, 'D2pds_v5_US East_1': 20, 'D2pds_v5_US East_2': 20, 'D2pds_v5_US East_3': 20, 'D2plds_v5_US East_1': 20, 'D2plds_v5_US East_2': 20, 'D2plds_v5_US East_3': 20, 'D2pls_v5_US East_1': 20, 'D2pls_v5_US East_2': 20, 'D2pls_v5_US East_3': 20, 'D2ps_v5_US East_1': 20, 'D2ps_v5_US East_2': 20, 'D2ps_v5_US East_3': 20, 'D32ads_v6_US East_1': 20, 'D32ads_v6_US East_3': 20, 'D32alds_v6_US East_1': 20, 'D32alds_v6_US East_3': 20, 'D32als_v6_US East_2': 20, 'D32als_v6_US East_3': 20, 'D32as_v6_US East_1': 20, 'D32as_v6_US East_3': 20, 'D32plds_v5_US East_3': 20, 'D32pls_v5_US East_2': 20, 'D48ads_v6_US East_1': 20, 'D48alds_v6_US East_2': 20, 'D48als_v6_US East_1': 20, 'D48als_v6_US East_3': 20, 'D4ads_v6_US East_1': 20, 'D4ads_v6_US East_2': 20, 'D4ads_v6_US East_3': 20, 'D4alds_v6_US East_1': 20, 'D4alds_v6_US East_2': 20, 'D4alds_v6_US East_3': 20, 'D4als_v6_US East_1': 20, 'D4als_v6_US East_2': 20, 'D4als_v6_US East_3': 20, 'D4as_v6_US East_1': 20, 'D4as_v6_US East_2': 20, 'D4as_v6_US East_3': 20, 'D4pds_v5_US East_1': 20, 'D4pds_v5_US East_2': 20, 'D4pds_v5_US East_3': 20, 'D4plds_v5_US East_1': 20, 'D4plds_v5_US East_2': 20, 'D4plds_v5_US East_3': 20, 'D4pls_v5_US East_1': 20, 'D4pls_v5_US East_2': 20, 'D4pls_v5_US East_3': 20, 'D4ps_v5_US East_1': 20, 'D4ps_v5_US East_2': 20, 'D4ps_v5_US East_3': 20, 'D64ads_v6_US East_2': 20, 'D64alds_v6_US East_3': 20, 'D64als_v6_US East_3': 20, 'D64as_v6_US East_2': 20, 'D8ads_v6_US East_1': 20, 'D8ads_v6_US East_2': 20, 'D8ads_v6_US East_3': 20, 'D8alds_v6_US East_1': 20, 'D8alds_v6_US East_2': 20, 'D8alds_v6_US East_3': 20, 'D8als_v6_US East_1': 20, 'D8als_v6_US East_2': 20, 'D8als_v6_US East_3': 20, 'D8as_v6_US East_1': 20, 'D8as_v6_US East_2': 20, 'D8as_v6_US East_3': 20, 'D8plds_v5_US East_1': 20, 'D8plds_v5_US East_2': 20, 'D8plds_v5_US East_3': 20, 'D8pls_v5_US East_1': 20, 'D8pls_v5_US East_2': 20, 'D8pls_v5_US East_3': 20, 'D8ps_v5_US East_1': 20, 'D8ps_v5_US East_2': 20, 'D8ps_v5_US East_3': 20, 'D96ads_v6_US East_1': 20, 'D96alds_v6_US East_2': 20, 'D96als_v6_US East_2': 20, 'D96as_v6_US East_3': 20, 'DC1s_v2_US East_3': 20, 'DC2s_v2_US East_2': 20, 'E16ads_v6_US East_1': 20, 'E16ads_v6_US East_2': 20, 'E16as_v6_US East_1': 20, 'E16as_v6_US East_2': 20, 'E20ads_v6_US East_2': 20, 'E20ads_v6_US East_3': 20, 'E20as_v6_US East_1': 20, 'E20as_v6_US East_3': 20, 'E2ads_v6_US East_1': 20, 'E2ads_v6_US East_2': 20, 'E2ads_v6_US East_3': 20, 'E2as_v6_US East_1': 20, 'E2as_v6_US East_2': 20, 'E2as_v6_US East_3': 20, 'E2ps_v5_US East_1': 20, 'E2ps_v5_US East_2': 20, 'E2ps_v5_US East_3': 20, 'E32ads_v6_US East_2': 20, 'E32as_v6_US East_2': 20, 'E48ads_v6_US East_3': 20, 'E48as_v6_US East_2': 20, 'E4ads_v6_US East_1': 20, 'E4ads_v6_US East_2': 20, 'E4ads_v6_US East_3': 20, 'E4as_v6_US East_1': 20, 'E4as_v6_US East_2': 20, 'E4as_v6_US East_3': 20, 'E4ps_v5_US East_1': 20, 'E4ps_v5_US East_2': 20, 'E4ps_v5_US East_3': 20, 'E64ads_v6_US East_1': 20, 'E64as_v6_US East_3': 20, 'E8ads_v6_US East_2': 20, 'E8ads_v6_US East_3': 20, 'E8as_v6_US East_1': 20, 'E8as_v6_US East_3': 20, 'E8ps_v5_US East_2': 20, 'E96-24ads_v6_US East_1': 20, 'E96-48ads_v6_US East_2': 20, 'E96ads_v6_US East_3': 20, 'E96as_v6_US East_2': 20, 'F16als_v6_US East_2': 20, 'F16als_v6_US East_3': 20, 'F16ams_v6_US East_1': 20, 'F16ams_v6_US East_3': 20, 'F16as_v6_US East_1': 20, 'F16as_v6_US East_3': 20, 'F2als_v6_US East_1': 20, 'F2als_v6_US East_2': 20, 'F2als_v6_US East_3': 20, 'F2ams_v6_US East_1': 20, 'F2ams_v6_US East_2': 20, 'F2ams_v6_US East_3': 20, 'F2as_v6_US East_1': 20, 'F2as_v6_US East_2': 20, 'F2as_v6_US East_3': 20, 'F32als_v6_US East_3': 20, 'F32ams_v6_US East_1': 20, 'F32as_v6_US East_1': 20, 'F48als_v6_US East_2': 20, 'F48ams_v6_US East_2': 20, 'F48as_v6_US East_1': 20, 'F4als_v6_US East_1': 20, 'F4als_v6_US East_2': 20, 'F4als_v6_US East_3': 20, 'F4ams_v6_US East_1': 20, 'F4ams_v6_US East_2': 20, 'F4ams_v6_US East_3': 20, 'F4as_v6_US East_1': 20, 'F4as_v6_US East_2': 20, 'F4as_v6_US East_3': 20, 'F64als_v6_US East_1': 20, 'F64ams_v6_US East_1': 20, 'F64as_v6_US East_1': 20, 'F8als_v6_US East_1': 20, 'F8als_v6_US East_2': 20, 'F8ams_v6_US East_1': 20, 'F8ams_v6_US East_2': 20, 'F8as_v6_US East_2': 20, 'F8as_v6_US East_3': 20, 'M32dms_v2_US East_1': 20, 'M32dms_v2_US East_2': 20, 'M32dms_v2_US East_3': 20, 'M32ls_US East_1': 20, 'M32ls_US East_2': 20, 'M32ls_US East_3': 20, 'M32ms_v2_US East_1': 20, 'M32ms_v2_US East_2': 20, 'M32ms_v2_US East_3': 20, 'M32ts_US East_1': 20, 'M32ts_US East_2': 20, 'M32ts_US East_3': 20, 'M64s_v2_US East_1': 20, 'NV4as_v4_US East_1': 20, 'NV4as_v4_US East_2': 20, 'NV4as_v4_US East_3': 20, 'NV6ads_A10_v5_US East_1': 20, 'NV6ads_A10_v5_US East_2': 20, 'NV8as_v4_US East_1': 20, 'NV8as_v4_US East_2': 20, 'NV8as_v4_US East_3': 20}"
0.79,1007.4488200000001,1738464009,1725610.2496601266,61620,61220,"{'B16ps_v2_US East_3': 20, 'B2pls_v2_US East_1': 20, 'B2pls_v2_US East_2': 20, 'B2pls_v2_US East_3': 20, 'B2ps_v2_US East_1': 20, 'B2ps_v2_US East_2': 20, 'B2ps_v2_US East_3': 20, 'B4ps_v2_US East_1': 20, 'B4ps_v2_US East_2': 20, 'B4ps_v2_US East_3': 20, 'B8ps_v2_US East_1': 20, 'B8ps_v2_US East_2': 20, 'B8ps_v2_US East_3': 20, 'D16ads_v6_US East_2': 20, 'D16ads_v6_US East_3': 20, 'D16alds_v6_US East_1': 20, 'D16alds_v6_US East_3': 20, 'D16als_v6_US East_1': 20, 'D16als_v6_US East_3': 20, 'D16as_v6_US East_1': 20, 'D16as_v6_US East_2': 20, 'D16pds_v5_US East_1': 20, 'D16plds_v5_US East_2': 20, 'D16plds_v5_US East_3': 20, 'D16pls_v5_US East_2': 20, 'D16pls_v5_US East_3': 20, 'D16ps_v5_US East_3': 20, 'D2ads_v6_US East_1': 20, 'D2ads_v6_US East_2': 20, 'D2ads_v6_US East_3': 20, 'D2alds_v6_US East_1': 20, 'D2alds_v6_US East_2': 20, 'D2alds_v6_US East_3': 20, 'D2als_v6_US East_1': 20, 'D2als_v6_US East_2': 20, 'D2als_v6_US East_3': 20, 'D2as_v6_US East_1': 20, 'D2as_v6_US East_2': 20, 'D2as_v6_US East_3': 20, 'D2pds_v5_US East_1': 20, 'D2pds_v5_US East_2': 20, 'D2pds_v5_US East_3': 20, 'D2plds_v5_US East_1': 20, 'D2plds_v5_US East_2': 20, 'D2plds_v5_US East_3': 20, 'D2pls_v5_US East_1': 20, 'D2pls_v5_US East_2': 20, 'D2pls_v5_US East_3': 20, 'D2ps_v5_US East_1': 20, 'D2ps_v5_US East_2': 20, 'D2ps_v5_US East_3': 20, 'D32ads_v6_US East_1': 20, 'D32ads_v6_US East_3': 20, 'D32alds_v6_US East_1': 20, 'D32alds_v6_US East_3': 20, 'D32als_v6_US East_2': 20, 'D32als_v6_US East_3': 20, 'D32as_v6_US East_1': 20, 'D32as_v6_US East_3': 20, 'D32plds_v5_US East_3': 20, 'D32pls_v5_US East_2': 20, 'D48ads_v6_US East_1': 20, 'D48alds_v6_US East_2': 20, 'D48als_v6_US East_1': 20, 'D48als_v6_US East_3': 20, 'D4ads_v6_US East_1': 20, 'D4ads_v6_US East_2': 20, 'D4ads_v6_US East_3': 20, 'D4alds_v6_US East_1': 20, 'D4alds_v6_US East_2': 20, 'D4alds_v6_US East_3': 20, 'D4als_v6_US East_1': 20, 'D4als_v6_US East_2': 20, 'D4als_v6_US East_3': 20, 'D4as_v6_US East_1': 20, 'D4as_v6_US East_2': 20, 'D4as_v6_US East_3': 20, 'D4pds_v5_US East_1': 20, 'D4pds_v5_US East_2': 20, 'D4pds_v5_US East_3': 20, 'D4plds_v5_US East_1': 20, 'D4plds_v5_US East_2': 20, 'D4plds_v5_US East_3': 20, 'D4pls_v5_US East_1': 20, 'D4pls_v5_US East_2': 20, 'D4pls_v5_US East_3': 20, 'D4ps_v5_US East_1': 20, 'D4ps_v5_US East_2': 20, 'D4ps_v5_US East_3': 20, 'D64ads_v6_US East_2': 20, 'D64alds_v6_US East_3': 20, 'D64als_v6_US East_3': 20, 'D64as_v6_US East_2': 20, 'D8ads_v6_US East_1': 20, 'D8ads_v6_US East_2': 20, 'D8ads_v6_US East_3': 20, 'D8alds_v6_US East_1': 20, 'D8alds_v6_US East_2': 20, 'D8alds_v6_US East_3': 20, 'D8als_v6_US East_1': 20, 'D8als_v6_US East_2': 20, 'D8als_v6_US East_3': 20, 'D8as_v6_US East_1': 20, 'D8as_v6_US East_2': 20, 'D8as_v6_US East_3': 20, 'D8plds_v5_US East_1': 20, 'D8plds_v5_US East_2': 20, 'D8plds_v5_US East_3': 20, 'D8pls_v5_US East_1': 20, 'D8pls_v5_US East_2': 20, 'D8pls_v5_US East_3': 20, 'D8ps_v5_US East_1': 20, 'D8ps_v5_US East_2': 20, 'D8ps_v5_US East_3': 20, 'D96ads_v6_US East_1': 20, 'D96alds_v6_US East_2': 20, 'D96als_v6_US East_2': 20, 'D96as_v6_US East_3': 20, 'DC1s_v2_US East_3': 20, 'DC2s_v2_US East_2': 20, 'E16ads_v6_US East_1': 20, 'E16ads_v6_US East_2': 20, 'E16as_v6_US East_1': 20, 'E16as_v6_US East_2': 20, 'E20ads_v6_US East_2': 20, 'E20ads_v6_US East_3': 20, 'E20as_v6_US East_1': 20, 'E20as_v6_US East_3': 20, 'E2ads_v6_US East_1': 20, 'E2ads_v6_US East_2': 20, 'E2ads_v6_US East_3': 20, 'E2as_v6_US East_1': 20, 'E2as_v6_US East_2': 20, 'E2as_v6_US East_3': 20, 'E2ps_v5_US East_1': 20, 'E2ps_v5_US East_2': 20, 'E2ps_v5_US East_3': 20, 'E32ads_v6_US East_2': 20, 'E32as_v6_US East_2': 20, 'E48ads_v6_US East_3': 20, 'E48as_v6_US East_2': 20, 'E4ads_v6_US East_1': 20, 'E4ads_v6_US East_2': 20, 'E4ads_v6_US East_3': 20, 'E4as_v6_US East_1': 20, 'E4as_v6_US East_2': 20, 'E4as_v6_US East_3': 20, 'E4ps_v5_US East_1': 20, 'E4ps_v5_US East_2': 20, 'E4ps_v5_US East_3': 20, 'E64ads_v6_US East_1': 20, 'E64as_v6_US East_3': 20, 'E8ads_v6_US East_2': 20, 'E8ads_v6_US East_3': 20, 'E8as_v6_US East_1': 20, 'E8as_v6_US East_3': 20, 'E8ps_v5_US East_2': 20, 'E96-24ads_v6_US East_1': 20, 'E96-48ads_v6_US East_2': 20, 'E96ads_v6_US East_3': 20, 'E96as_v6_US East_2': 20, 'F16als_v6_US East_2': 20, 'F16als_v6_US East_3': 20, 'F16ams_v6_US East_1': 20, 'F16ams_v6_US East_3': 20, 'F16as_v6_US East_1': 20, 'F16as_v6_US East_3': 20, 'F2als_v6_US East_1': 20, 'F2als_v6_US East_2': 20, 'F2als_v6_US East_3': 20, 'F2ams_v6_US East_1': 20, 'F2ams_v6_US East_2': 20, 'F2ams_v6_US East_3': 20, 'F2as_v6_US East_1': 20, 'F2as_v6_US East_2': 20, 'F2as_v6_US East_3': 20, 'F32als_v6_US East_3': 20, 'F32ams_v6_US East_1': 20, 'F32as_v6_US East_1': 20, 'F48als_v6_US East_2': 20, 'F48ams_v6_US East_2': 20, 'F48as_v6_US East_1': 20, 'F4als_v6_US East_1': 20, 'F4als_v6_US East_2': 20, 'F4als_v6_US East_3': 20, 'F4ams_v6_US East_1': 20, 'F4ams_v6_US East_2': 20, 'F4ams_v6_US East_3': 20, 'F4as_v6_US East_1': 20, 'F4as_v6_US East_2': 20, 'F4as_v6_US East_3': 20, 'F64als_v6_US East_1': 20, 'F64ams_v6_US East_1': 20, 'F64as_v6_US East_1': 20, 'F8als_v6_US East_1': 20, 'F8als_v6_US East_2': 20, 'F8ams_v6_US East_1': 20, 'F8ams_v6_US East_2': 20, 'F8as_v6_US East_2': 20, 'F8as_v6_US East_3': 20, 'M32dms_v2_US East_1': 20, 'M32dms_v2_US East_2': 20, 'M32dms_v2_US East_3': 20, 'M32ls_US East_1': 20, 'M32ls_US East_2': 20, 'M32ls_US East_3': 20, 'M32ms_v2_US East_1': 20, 'M32ms_v2_US East_2': 20, 'M32ms_v2_US East_3': 20, 'M32ts_US East_1': 20, 'M32ts_US East_2': 20, 'M32ts_US East_3': 20, 'M64s_v2_US East_1': 20, 'NV4as_v4_US East_1': 20, 'NV4as_v4_US East_2': 20, 'NV4as_v4_US East_3': 20, 'NV6ads_A10_v5_US East_1': 20, 'NV6ads_A10_v5_US East_2': 20, 'NV8as_v4_US East_1': 20, 'NV8as_v4_US East_2': 20, 'NV8as_v4_US East_3': 20}"
0.8,1024.48552,1745211729,1703500.6310289288,62100,61700,"{'B16ps_v2_US East_3': 20, 'B2pls_v2_US East_1': 20, 'B2pls_v2_US East_2': 20, 'B2pls_v2_US East_3': 20, 'B2ps_v2_US East_1': 20, 'B2ps_v2_US East_2': 20, 'B2ps_v2_US East_3': 20, 'B4ps_v2_US East_1': 20, 'B4ps_v2_US East_2': 20, 'B4ps_v2_US East_3': 20, 'B8ps_v2_US East_1': 20, 'B8ps_v2_US East_2': 20, 'B8ps_v2_US East_3': 20, 'D16ads_v6_US East_2': 20, 'D16ads_v6_US East_3': 20, 'D16alds_v6_US East_1': 20, 'D16alds_v6_US East_3': 20, 'D16als_v6_US East_1': 20, 'D16als_v6_US East_3': 20, 'D16as_v6_US East_1': 20, 'D16as_v6_US East_2': 20, 'D16pds_v5_US East_1': 20, 'D16plds_v5_US East_2': 20, 'D16plds_v5_US East_3': 20, 'D16pls_v5_US East_2': 20, 'D16pls_v5_US East_3': 20, 'D16ps_v5_US East_3': 20, 'D2ads_v6_US East_1': 20, 'D2ads_v6_US East_2': 20, 'D2ads_v6_US East_3': 20, 'D2alds_v6_US East_1': 20, 'D2alds_v6_US East_2': 20, 'D2alds_v6_US East_3': 20, 'D2als_v6_US East_1': 20, 'D2als_v6_US East_2': 20, 'D2als_v6_US East_3': 20, 'D2as_v6_US East_1': 20, 'D2as_v6_US East_2': 20, 'D2as_v6_US East_3': 20, 'D2pds_v5_US East_1': 20, 'D2pds_v5_US East_2': 20, 'D2pds_v5_US East_3': 20, 'D2plds_v5_US East_1': 20, 'D2plds_v5_US East_2': 20, 'D2plds_v5_US East_3': 20, 'D2pls_v5_US East_1': 20, 'D2pls_v5_US East_2': 20, 'D2pls_v5_US East_3': 20, 'D2ps_v5_US East_1': 20, 'D2ps_v5_US East_2': 20, 'D2ps_v5_US East_3': 20, 'D32ads_v6_US East_1': 20, 'D32ads_v6_US East_3': 20, 'D32alds_v6_US East_1': 20, 'D32alds_v6_US East_3': 20, 'D32als_v6_US East_2': 20, 'D32als_v6_US East_3': 20, 'D32as_v6_US East_1': 20, 'D32as_v6_US East_3': 20, 'D32plds_v5_US East_3': 20, 'D32pls_v5_US East_2': 20, 'D48ads_v6_US East_1': 20, 'D48alds_v6_US East_2': 20, 'D48als_v6_US East_1': 20, 'D48als_v6_US East_3': 20, 'D4ads_v6_US East_1': 20, 'D4ads_v6_US East_2': 20, 'D4ads_v6_US East_3': 20, 'D4alds_v6_US East_1': 20, 'D4alds_v6_US East_2': 20, 'D4alds_v6_US East_3': 20, 'D4als_v6_US East_1': 20, 'D4als_v6_US East_2': 20, 'D4als_v6_US East_3': 20, 'D4as_v6_US East_1': 20, 'D4as_v6_US East_2': 20, 'D4as_v6_US East_3': 20, 'D4pds_v5_US East_1': 20, 'D4pds_v5_US East_2': 20, 'D4pds_v5_US East_3': 20, 'D4plds_v5_US East_1': 20, 'D4plds_v5_US East_2': 20, 'D4plds_v5_US East_3': 20, 'D4pls_v5_US East_1': 20, 'D4pls_v5_US East_2': 20, 'D4pls_v5_US East_3': 20, 'D4ps_v5_US East_1': 20, 'D4ps_v5_US East_2': 20, 'D4ps_v5_US East_3': 20, 'D64ads_v6_US East_2': 20, 'D64alds_v6_US East_3': 20, 'D64als_v6_US East_3': 20, 'D64as_v6_US East_2': 20, 'D8ads_v6_US East_1': 20, 'D8ads_v6_US East_2': 20, 'D8ads_v6_US East_3': 20, 'D8alds_v6_US East_1': 20, 'D8alds_v6_US East_2': 20, 'D8alds_v6_US East_3': 20, 'D8als_v6_US East_1': 20, 'D8als_v6_US East_2': 20, 'D8als_v6_US East_3': 20, 'D8as_v6_US East_1': 20, 'D8as_v6_US East_2': 20, 'D8as_v6_US East_3': 20, 'D8plds_v5_US East_1': 20, 'D8plds_v5_US East_2': 20, 'D8plds_v5_US East_3': 20, 'D8pls_v5_US East_1': 20, 'D8pls_v5_US East_2': 20, 'D8pls_v5_US East_3': 20, 'D8ps_v5_US East_1': 20, 'D8ps_v5_US East_2': 20, 'D8ps_v5_US East_3': 20, 'D96ads_v6_US East_1': 20, 'D96alds_v6_US East_2': 20, 'D96als_v6_US East_2': 20, 'D96as_v6_US East_3': 20, 'DC1s_v2_US East_3': 20, 'DC2s_v2_US East_2': 20, 'E16ads_v6_US East_1': 20, 'E16ads_v6_US East_2': 20, 'E16as_v6_US East_1': 20, 'E16as_v6_US East_2': 20, 'E20ads_v6_US East_2': 20, 'E20ads_v6_US East_3': 20, 'E20as_v6_US East_1': 20, 'E20as_v6_US East_3': 20, 'E2ads_v6_US East_1': 20, 'E2ads_v6_US East_2': 20, 'E2ads_v6_US East_3': 20, 'E2as_v6_US East_1': 20, 'E2as_v6_US East_2': 20, 'E2as_v6_US East_3': 20, 'E2ps_v5_US East_1': 20, 'E2ps_v5_US East_2': 20, 'E2ps_v5_US East_3': 20, 'E32ads_v6_US East_2': 20, 'E32as_v6_US East_2': 20, 'E48ads_v6_US East_3': 20, 'E48as_v6_US East_2': 20, 'E4ads_v6_US East_1': 20, 'E4ads_v6_US East_2': 20, 'E4ads_v6_US East_3': 20, 'E4as_v6_US East_1': 20, 'E4as_v6_US East_2': 20, 'E4as_v6_US East_3': 20, 'E4ps_v5_US East_1': 20, 'E4ps_v5_US East_2': 20, 'E4ps_v5_US East_3': 20, 'E64ads_v6_US East_1': 20, 'E64as_v6_US East_3': 20, 'E8ads_v6_US East_2': 20, 'E8ads_v6_US East_3': 20, 'E8as_v6_US East_1': 20, 'E8as_v6_US East_3': 20, 'E8ps_v5_US East_2': 20, 'E96-24ads_v6_US East_1': 20, 'E96-48ads_v6_US East_2': 20, 'E96ads_v6_US East_3': 20, 'E96as_v6_US East_2': 20, 'F16als_v6_US East_2': 20, 'F16als_v6_US East_3': 20, 'F16ams_v6_US East_1': 20, 'F16ams_v6_US East_3': 20, 'F16as_v6_US East_1': 20, 'F16as_v6_US East_3': 20, 'F2als_v6_US East_1': 20, 'F2als_v6_US East_2': 20, 'F2als_v6_US East_3': 20, 'F2ams_v6_US East_1': 20, 'F2ams_v6_US East_2': 20, 'F2ams_v6_US East_3': 20, 'F2as_v6_US East_1': 20, 'F2as_v6_US East_2': 20, 'F2as_v6_US East_3': 20, 'F32als_v6_US East_3': 20, 'F32ams_v6_US East_1': 20, 'F32as_v6_US East_1': 20, 'F48als_v6_US East_2': 20, 'F48ams_v6_US East_2': 20, 'F48as_v6_US East_1': 20, 'F4als_v6_US East_1': 20, 'F4als_v6_US East_2': 20, 'F4als_v6_US East_3': 20, 'F4ams_v6_US East_1': 20, 'F4ams_v6_US East_2': 20, 'F4ams_v6_US East_3': 20, 'F4as_v6_US East_1': 20, 'F4as_v6_US East_2': 20, 'F4as_v6_US East_3': 20, 'F64als_v6_US East_1': 20, 'F64ams_v6_US East_1': 20, 'F64as_v6_US East_1': 20, 'F8als_v6_US East_1': 20, 'F8als_v6_US East_2': 20, 'F8ams_v6_US East_1': 20, 'F8ams_v6_US East_2': 20, 'F8as_v6_US East_2': 20, 'F8as_v6_US East_3': 20, 'M32dms_v2_US East_1': 20, 'M32dms_v2_US East_2': 20, 'M32dms_v2_US East_3': 20, 'M32ls_US East_1': 20, 'M32ls_US East_2': 20, 'M32ls_US East_3': 20, 'M32ms_v2_US East_1': 20, 'M32ms_v2_US East_2': 20, 'M32ms_v2_US East_3': 20, 'M32ts_US East_1': 20, 'M32ts_US East_2': 20, 'M32ts_US East_3': 20, 'M64s_v2_US East_1': 20, 'M8-4ms_US East_1': 20, 'M8-4ms_US East_2': 20, 'M8-4ms_US East_3': 20, 'NV4as_v4_US East_1': 20, 'NV4as_v4_US East_2': 20, 'NV4as_v4_US East_3': 20, 'NV6ads_A10_v5_US East_1': 20, 'NV6ads_A10_v5_US East_2': 20, 'NV8as_v4_US East_1': 20, 'NV8as_v4_US East_2': 20, 'NV8as_v4_US East_3': 20}"
0.81,1245.5134999999996,1829827014,1469134.6296928946,67900,67500,"{'B16pls_v2_US East_1': 20, 'B16pls_v2_US East_2': 20, 'B16pls_v2_US East_3': 20, 'B16ps_v2_US East_3': 20, 'B2pls_v2_US East_1': 20, 'B2pls_v2_US East_2': 20, 'B2pls_v2_US East_3': 20, 'B2ps_v2_US East_1': 20, 'B2ps_v2_US East_2': 20, 'B2ps_v2_US East_3': 20, 'B4pls_v2_US East_1': 20, 'B4pls_v2_US East_2': 20, 'B4pls_v2_US East_3': 20, 'B4ps_v2_US East_1': 20, 'B4ps_v2_US East_2': 20, 'B4ps_v2_US East_3': 20, 'B8pls_v2_US East_1': 20, 'B8pls_v2_US East_2': 20, 'B8pls_v2_US East_3': 20, 'B8ps_v2_US East_1': 20, 'B8ps_v2_US East_2': 20, 'B8ps_v2_US East_3': 20, 'D16ads_v6_US East_2': 20, 'D16ads_v6_US East_3': 20, 'D16alds_v6_US East_1': 20, 'D16alds_v6_US East_3': 20, 'D16als_v6_US East_1': 20, 'D16als_v6_US East_3': 20, 'D16as_v6_US East_1': 20, 'D16as_v6_US East_2': 20, 'D16pds_v5_US East_1': 20, 'D16plds_v5_US East_2': 20, 'D16plds_v5_US East_3': 20, 'D16pls_v5_US East_2': 20, 'D16pls_v5_US East_3': 20, 'D16ps_v5_US East_3': 20, 'D2ads_v6_US East_1': 20, 'D2ads_v6_US East_2': 20, 'D2ads_v6_US East_3': 20, 'D2alds_v6_US East_1': 20, 'D2alds_v6_US East_2': 20, 'D2alds_v6_US East_3': 20, 'D2als_v6_US East_1': 20, 'D2als_v6_US East_2': 20, 'D2als_v6_US East_3': 20, 'D2as_v6_US East_1': 20, 'D2as_v6_US East_2': 20, 'D2as_v6_US East_3': 20, 'D2pds_v5_US East_1': 20, 'D2pds_v5_US East_2': 20, 'D2pds_v5_US East_3': 20, 'D2plds_v5_US East_1': 20, 'D2plds_v5_US East_2': 20, 'D2plds_v5_US East_3': 20, 'D2pls_v5_US East_1': 20, 'D2pls_v5_US East_2': 20, 'D2pls_v5_US East_3': 20, 'D2ps_v5_US East_1': 20, 'D2ps_v5_US East_2': 20, 'D2ps_v5_US East_3': 20, 'D32ads_v6_US East_1': 20, 'D32ads_v6_US East_3': 20, 'D32alds_v6_US East_1': 20, 'D32alds_v6_US East_3': 20, 'D32als_v6_US East_2': 20, 'D32als_v6_US East_3': 20, 'D32as_v6_US East_1': 20, 'D32as_v6_US East_3': 20, 'D32plds_v5_US East_3': 20, 'D32pls_v5_US East_2': 20, 'D48ads_v6_US East_1': 20, 'D48alds_v6_US East_2': 20, 'D48als_v6_US East_1': 20, 'D48als_v6_US East_3': 20, 'D4ads_v6_US East_1': 20, 'D4ads_v6_US East_2': 20, 'D4ads_v6_US East_3': 20, 'D4alds_v6_US East_1': 20, 'D4alds_v6_US East_2': 20, 'D4alds_v6_US East_3': 20, 'D4als_v6_US East_1': 20, 'D4als_v6_US East_2': 20, 'D4als_v6_US East_3': 20, 'D4as_v6_US East_1': 20, 'D4as_v6_US East_2': 20, 'D4as_v6_US East_3': 20, 'D4pds_v5_US East_1': 20, 'D4pds_v5_US East_2': 20, 'D4pds_v5_US East_3': 20, 'D4plds_v5_US East_1': 20, 'D4plds_v5_US East_2': 20, 'D4plds_v5_US East_3': 20, 'D4pls_v5_US East_1': 20, 'D4pls_v5_US East_2': 20, 'D4pls_v5_US East_3': 20, 'D4ps_v5_US East_1': 20, 'D4ps_v5_US East_2': 20, 'D4ps_v5_US East_3': 20, 'D64ads_v6_US East_2': 20, 'D64alds_v6_US East_3': 20, 'D64als_v6_US East_3': 20, 'D64as_v6_US East_2': 20, 'D8ads_v6_US East_1': 20, 'D8ads_v6_US East_2': 20, 'D8ads_v6_US East_3': 20, 'D8alds_v6_US East_1': 20, 'D8alds_v6_US East_2': 20, 'D8alds_v6_US East_3': 20, 'D8als_v6_US East_1': 20, 'D8als_v6_US East_2': 20, 'D8als_v6_US East_3': 20, 'D8as_v6_US East_1': 20, 'D8as_v6_US East_2': 20, 'D8as_v6_US East_3': 20, 'D8plds_v5_US East_1': 20, 'D8plds_v5_US East_2': 20, 'D8plds_v5_US East_3': 20, 'D8pls_v5_US East_1': 20, 'D8pls_v5_US East_2': 20, 'D8pls_v5_US East_3': 20, 'D8ps_v5_US East_1': 20, 'D8ps_v5_US East_2': 20, 'D8ps_v5_US East_3': 20, 'D96ads_v6_US East_1': 20, 'D96alds_v6_US East_2': 20, 'D96als_v6_US East_2': 20, 'D96as_v6_US East_3': 20, 'DC1s_v2_US East_3': 20, 'DC2s_v2_US East_2': 20, 'E16ads_v6_US East_1': 20, 'E16ads_v6_US East_2': 20, 'E16as_v6_US East_1': 20, 'E16as_v6_US East_2': 20, 'E20ads_v6_US East_2': 20, 'E20ads_v6_US East_3': 20, 'E20as_v6_US East_1': 20, 'E20as_v6_US East_3': 20, 'E2ads_v6_US East_1': 20, 'E2ads_v6_US East_2': 20, 'E2ads_v6_US East_3': 20, 'E2as_v6_US East_1': 20, 'E2as_v6_US East_2': 20, 'E2as_v6_US East_3': 20, 'E2ps_v5_US East_1': 20, 'E2ps_v5_US East_2': 20, 'E2ps_v5_US East_3': 20, 'E32ads_v6_US East_2': 20, 'E32as_v6_US East_2': 20, 'E48ads_v6_US East_3': 20, 'E48as_v6_US East_2': 20, 'E4ads_v6_US East_1': 20, 'E4ads_v6_US East_2': 20, 'E4ads_v6_US East_3': 20, 'E4as_v6_US East_1': 20, 'E4as_v6_US East_2': 20, 'E4as_v6_US East_3': 20, 'E4ps_v5_US East_1': 20, 'E4ps_v5_US East_2': 20, 'E4ps_v5_US East_3': 20, 'E64ads_v6_US East_1': 20, 'E64as_v6_US East_3': 20, 'E8ads_v6_US East_2': 20, 'E8ads_v6_US East_3': 20, 'E8as_v6_US East_1': 20, 'E8as_v6_US East_3': 20, 'E8ps_v5_US East_2': 20, 'E96-24ads_v6_US East_1': 20, 'E96-48ads_v6_US East_2': 20, 'E96ads_v6_US East_3': 20, 'E96as_v6_US East_2': 20, 'F16als_v6_US East_2': 20, 'F16als_v6_US East_3': 20, 'F16ams_v6_US East_1': 20, 'F16ams_v6_US East_3': 20, 'F16as_v6_US East_1': 20, 'F16as_v6_US East_3': 20, 'F2als_v6_US East_1': 20, 'F2als_v6_US East_2': 20, 'F2als_v6_US East_3': 20, 'F2ams_v6_US East_1': 20, 'F2ams_v6_US East_2': 20, 'F2ams_v6_US East_3': 20, 'F2as_v6_US East_1': 20, 'F2as_v6_US East_2': 20, 'F2as_v6_US East_3': 20, 'F32als_v6_US East_3': 20, 'F32ams_v6_US East_1': 20, 'F32as_v6_US East_1': 20, 'F48als_v6_US East_2': 20, 'F48ams_v6_US East_2': 20, 'F48as_v6_US East_1': 20, 'F4als_v6_US East_1': 20, 'F4als_v6_US East_2': 20, 'F4als_v6_US East_3': 20, 'F4ams_v6_US East_1': 20, 'F4ams_v6_US East_2': 20, 'F4ams_v6_US East_3': 20, 'F4as_v6_US East_1': 20, 'F4as_v6_US East_2': 20, 'F4as_v6_US East_3': 20, 'F64als_v6_US East_1': 20, 'F64ams_v6_US East_1': 20, 'F64as_v6_US East_1': 20, 'F8als_v6_US East_1': 20, 'F8als_v6_US East_2': 20, 'F8ams_v6_US East_1': 20, 'F8ams_v6_US East_2': 20, 'F8as_v6_US East_2': 20, 'F8as_v6_US East_3': 20, 'M16-8ms_US East_1': 20, 'M16-8ms_US East_2': 20, 'M16-8ms_US East_3': 20, 'M16ms_US East_1': 20, 'M16ms_US East_2': 20, 'M16ms_US East_3': 20, 'M32-8ms_US East_1': 20, 'M32-8ms_US East_3': 20, 'M32dms_v2_US East_1': 20, 'M32dms_v2_US East_2': 20, 'M32dms_v2_US East_3': 20, 'M32ls_US East_1': 20, 'M32ls_US East_2': 20, 'M32ls_US East_3': 20, 'M32ms_US East_2': 20, 'M32ms_US East_3': 20, 'M32ms_v2_US East_1': 20, 'M32ms_v2_US East_2': 20, 'M32ms_v2_US East_3': 20, 'M32ts_US East_1': 20, 'M32ts_US East_2': 20, 'M32ts_US East_3': 20, 'M64s_v2_US East_1': 20, 'M8-4ms_US East_1': 20, 'M8-4ms_US East_2': 20, 'M8-4ms_US East_3': 20, 'M8ms_US East_1': 20, 'M8ms_US East_2': 20, 'M8ms_US East_3': 20, 'NV4as_v4_US East_1': 20, 'NV4as_v4_US East_2': 20, 'NV4as_v4_US East_3': 20, 'NV6ads_A10_v5_US East_1': 20, 'NV6ads_A10_v5_US East_2': 20, 'NV8as_v4_US East_1': 20, 'NV8as_v4_US East_2': 20, 'NV8as_v4_US East_3': 20}"
0.8200000000000001,1245.5134999999996,1829827014,1469134.6296928946,67900,67500,"{'B16pls_v2_US East_1': 20, 'B16pls_v2_US East_2': 20, 'B16pls_v2_US East_3': 20, 'B16ps_v2_US East_3': 20, 'B2pls_v2_US East_1': 20, 'B2pls_v2_US East_2': 20, 'B2pls_v2_US East_3': 20, 'B2ps_v2_US East_1': 20, 'B2ps_v2_US East_2': 20, 'B2ps_v2_US East_3': 20, 'B4pls_v2_US East_1': 20, 'B4pls_v2_US East_2': 20, 'B4pls_v2_US East_3': 20, 'B4ps_v2_US East_1': 20, 'B4ps_v2_US East_2': 20, 'B4ps_v2_US East_3': 20, 'B8pls_v2_US East_1': 20, 'B8pls_v2_US East_2': 20, 'B8pls_v2_US East_3': 20, 'B8ps_v2_US East_1': 20, 'B8ps_v2_US East_2': 20, 'B8ps_v2_US East_3': 20, 'D16ads_v6_US East_2': 20, 'D16ads_v6_US East_3': 20, 'D16alds_v6_US East_1': 20, 'D16alds_v6_US East_3': 20, 'D16als_v6_US East_1': 20, 'D16als_v6_US East_3': 20, 'D16as_v6_US East_1': 20, 'D16as_v6_US East_2': 20, 'D16pds_v5_US East_1': 20, 'D16plds_v5_US East_2': 20, 'D16plds_v5_US East_3': 20, 'D16pls_v5_US East_2': 20, 'D16pls_v5_US East_3': 20, 'D16ps_v5_US East_3': 20, 'D2ads_v6_US East_1': 20, 'D2ads_v6_US East_2': 20, 'D2ads_v6_US East_3': 20, 'D2alds_v6_US East_1': 20, 'D2alds_v6_US East_2': 20, 'D2alds_v6_US East_3': 20, 'D2als_v6_US East_1': 20, 'D2als_v6_US East_2': 20, 'D2als_v6_US East_3': 20, 'D2as_v6_US East_1': 20, 'D2as_v6_US East_2': 20, 'D2as_v6_US East_3': 20, 'D2pds_v5_US East_1': 20, 'D2pds_v5_US East_2': 20, 'D2pds_v5_US East_3': 20, 'D2plds_v5_US East_1': 20, 'D2plds_v5_US East_2': 20, 'D2plds_v5_US East_3': 20, 'D2pls_v5_US East_1': 20, 'D2pls_v5_US East_2': 20, 'D2pls_v5_US East_3': 20, 'D2ps_v5_US East_1': 20, 'D2ps_v5_US East_2': 20, 'D2ps_v5_US East_3': 20, 'D32ads_v6_US East_1': 20, 'D32ads_v6_US East_3': 20, 'D32alds_v6_US East_1': 20, 'D32alds_v6_US East_3': 20, 'D32als_v6_US East_2': 20, 'D32als_v6_US East_3': 20, 'D32as_v6_US East_1': 20, 'D32as_v6_US East_3': 20, 'D32plds_v5_US East_3': 20, 'D32pls_v5_US East_2': 20, 'D48ads_v6_US East_1': 20, 'D48alds_v6_US East_2': 20, 'D48als_v6_US East_1': 20, 'D48als_v6_US East_3': 20, 'D4ads_v6_US East_1': 20, 'D4ads_v6_US East_2': 20, 'D4ads_v6_US East_3': 20, 'D4alds_v6_US East_1': 20, 'D4alds_v6_US East_2': 20, 'D4alds_v6_US East_3': 20, 'D4als_v6_US East_1': 20, 'D4als_v6_US East_2': 20, 'D4als_v6_US East_3': 20, 'D4as_v6_US East_1': 20, 'D4as_v6_US East_2': 20, 'D4as_v6_US East_3': 20, 'D4pds_v5_US East_1': 20, 'D4pds_v5_US East_2': 20, 'D4pds_v5_US East_3': 20, 'D4plds_v5_US East_1': 20, 'D4plds_v5_US East_2': 20, 'D4plds_v5_US East_3': 20, 'D4pls_v5_US East_1': 20, 'D4pls_v5_US East_2': 20, 'D4pls_v5_US East_3': 20, 'D4ps_v5_US East_1': 20, 'D4ps_v5_US East_2': 20, 'D4ps_v5_US East_3': 20, 'D64ads_v6_US East_2': 20, 'D64alds_v6_US East_3': 20, 'D64als_v6_US East_3': 20, 'D64as_v6_US East_2': 20, 'D8ads_v6_US East_1': 20, 'D8ads_v6_US East_2': 20, 'D8ads_v6_US East_3': 20, 'D8alds_v6_US East_1': 20, 'D8alds_v6_US East_2': 20, 'D8alds_v6_US East_3': 20, 'D8als_v6_US East_1': 20, 'D8als_v6_US East_2': 20, 'D8als_v6_US East_3': 20, 'D8as_v6_US East_1': 20, 'D8as_v6_US East_2': 20, 'D8as_v6_US East_3': 20, 'D8plds_v5_US East_1': 20, 'D8plds_v5_US East_2': 20, 'D8plds_v5_US East_3': 20, 'D8pls_v5_US East_1': 20, 'D8pls_v5_US East_2': 20, 'D8pls_v5_US East_3': 20, 'D8ps_v5_US East_1': 20, 'D8ps_v5_US East_2': 20, 'D8ps_v5_US East_3': 20, 'D96ads_v6_US East_1': 20, 'D96alds_v6_US East_2': 20, 'D96als_v6_US East_2': 20, 'D96as_v6_US East_3': 20, 'DC1s_v2_US East_3': 20, 'DC2s_v2_US East_2': 20, 'E16ads_v6_US East_1': 20, 'E16ads_v6_US East_2': 20, 'E16as_v6_US East_1': 20, 'E16as_v6_US East_2': 20, 'E20ads_v6_US East_2': 20, 'E20ads_v6_US East_3': 20, 'E20as_v6_US East_1': 20, 'E20as_v6_US East_3': 20, 'E2ads_v6_US East_1': 20, 'E2ads_v6_US East_2': 20, 'E2ads_v6_US East_3': 20, 'E2as_v6_US East_1': 20, 'E2as_v6_US East_2': 20, 'E2as_v6_US East_3': 20, 'E2ps_v5_US East_1': 20, 'E2ps_v5_US East_2': 20, 'E2ps_v5_US East_3': 20, 'E32ads_v6_US East_2': 20, 'E32as_v6_US East_2': 20, 'E48ads_v6_US East_3': 20, 'E48as_v6_US East_2': 20, 'E4ads_v6_US East_1': 20, 'E4ads_v6_US East_2': 20, 'E4ads_v6_US East_3': 20, 'E4as_v6_US East_1': 20, 'E4as_v6_US East_2': 20, 'E4as_v6_US East_3': 20, 'E4ps_v5_US East_1': 20, 'E4ps_v5_US East_2': 20, 'E4ps_v5_US East_3': 20, 'E64ads_v6_US East_1': 20, 'E64as_v6_US East_3': 20, 'E8ads_v6_US East_2': 20, 'E8ads_v6_US East_3': 20, 'E8as_v6_US East_1': 20, 'E8as_v6_US East_3': 20, 'E8ps_v5_US East_2': 20, 'E96-24ads_v6_US East_1': 20, 'E96-48ads_v6_US East_2': 20, 'E96ads_v6_US East_3': 20, 'E96as_v6_US East_2': 20, 'F16als_v6_US East_2': 20, 'F16als_v6_US East_3': 20, 'F16ams_v6_US East_1': 20, 'F16ams_v6_US East_3': 20, 'F16as_v6_US East_1': 20, 'F16as_v6_US East_3': 20, 'F2als_v6_US East_1': 20, 'F2als_v6_US East_2': 20, 'F2als_v6_US East_3': 20, 'F2ams_v6_US East_1': 20, 'F2ams_v6_US East_2': 20, 'F2ams_v6_US East_3': 20, 'F2as_v6_US East_1': 20, 'F2as_v6_US East_2': 20, 'F2as_v6_US East_3': 20, 'F32als_v6_US East_3': 20, 'F32ams_v6_US East_1': 20, 'F32as_v6_US East_1': 20, 'F48als_v6_US East_2': 20, 'F48ams_v6_US East_2': 20, 'F48as_v6_US East_1': 20, 'F4als_v6_US East_1': 20, 'F4als_v6_US East_2': 20, 'F4als_v6_US East_3': 20, 'F4ams_v6_US East_1': 20, 'F4ams_v6_US East_2': 20, 'F4ams_v6_US East_3': 20, 'F4as_v6_US East_1': 20, 'F4as_v6_US East_2': 20, 'F4as_v6_US East_3': 20, 'F64als_v6_US East_1': 20, 'F64ams_v6_US East_1': 20, 'F64as_v6_US East_1': 20, 'F8als_v6_US East_1': 20, 'F8als_v6_US East_2': 20, 'F8ams_v6_US East_1': 20, 'F8ams_v6_US East_2': 20, 'F8as_v6_US East_2': 20, 'F8as_v6_US East_3': 20, 'M16-8ms_US East_1': 20, 'M16-8ms_US East_2': 20, 'M16-8ms_US East_3': 20, 'M16ms_US East_1': 20, 'M16ms_US East_2': 20, 'M16ms_US East_3': 20, 'M32-8ms_US East_1': 20, 'M32-8ms_US East_3': 20, 'M32dms_v2_US East_1': 20, 'M32dms_v2_US East_2': 20, 'M32dms_v2_US East_3': 20, 'M32ls_US East_1': 20, 'M32ls_US East_2': 20, 'M32ls_US East_3': 20, 'M32ms_US East_2': 20, 'M32ms_US East_3': 20, 'M32ms_v2_US East_1': 20, 'M32ms_v2_US East_2': 20, 'M32ms_v2_US East_3': 20, 'M32ts_US East_1': 20, 'M32ts_US East_2': 20, 'M32ts_US East_3': 20, 'M64s_v2_US East_1': 20, 'M8-4ms_US East_1': 20, 'M8-4ms_US East_2': 20, 'M8-4ms_US East_3': 20, 'M8ms_US East_1': 20, 'M8ms_US East_2': 20, 'M8ms_US East_3': 20, 'NV4as_v4_US East_1': 20, 'NV4as_v4_US East_2': 20, 'NV4as_v4_US East_3': 20, 'NV6ads_A10_v5_US East_1': 20, 'NV6ads_A10_v5_US East_2': 20, 'NV8as_v4_US East_1': 20, 'NV8as_v4_US East_2': 20, 'NV8as_v4_US East_3': 20}"
0.8300000000000001,1245.5134999999996,1829827014,1469134.6296928946,67900,67500,"{'B16pls_v2_US East_1': 20, 'B16pls_v2_US East_2': 20, 'B16pls_v2_US East_3': 20, 'B16ps_v2_US East_3': 20, 'B2pls_v2_US East_1': 20, 'B2pls_v2_US East_2': 20, 'B2pls_v2_US East_3': 20, 'B2ps_v2_US East_1': 20, 'B2ps_v2_US East_2': 20, 'B2ps_v2_US East_3': 20, 'B4pls_v2_US East_1': 20, 'B4pls_v2_US East_2': 20, 'B4pls_v2_US East_3': 20, 'B4ps_v2_US East_1': 20, 'B4ps_v2_US East_2': 20, 'B4ps_v2_US East_3': 20, 'B8pls_v2_US East_1': 20, 'B8pls_v2_US East_2': 20, 'B8pls_v2_US East_3': 20, 'B8ps_v2_US East_1': 20, 'B8ps_v2_US East_2': 20, 'B8ps_v2_US East_3': 20, 'D16ads_v6_US East_2': 20, 'D16ads_v6_US East_3': 20, 'D16alds_v6_US East_1': 20, 'D16alds_v6_US East_3': 20, 'D16als_v6_US East_1': 20, 'D16als_v6_US East_3': 20, 'D16as_v6_US East_1': 20, 'D16as_v6_US East_2': 20, 'D16pds_v5_US East_1': 20, 'D16plds_v5_US East_2': 20, 'D16plds_v5_US East_3': 20, 'D16pls_v5_US East_2': 20, 'D16pls_v5_US East_3': 20, 'D16ps_v5_US East_3': 20, 'D2ads_v6_US East_1': 20, 'D2ads_v6_US East_2': 20, 'D2ads_v6_US East_3': 20, 'D2alds_v6_US East_1': 20, 'D2alds_v6_US East_2': 20, 'D2alds_v6_US East_3': 20, 'D2als_v6_US East_1': 20, 'D2als_v6_US East_2': 20, 'D2als_v6_US East_3': 20, 'D2as_v6_US East_1': 20, 'D2as_v6_US East_2': 20, 'D2as_v6_US East_3': 20, 'D2pds_v5_US East_1': 20, 'D2pds_v5_US East_2': 20, 'D2pds_v5_US East_3': 20, 'D2plds_v5_US East_1': 20, 'D2plds_v5_US East_2': 20, 'D2plds_v5_US East_3': 20, 'D2pls_v5_US East_1': 20, 'D2pls_v5_US East_2': 20, 'D2pls_v5_US East_3': 20, 'D2ps_v5_US East_1': 20, 'D2ps_v5_US East_2': 20, 'D2ps_v5_US East_3': 20, 'D32ads_v6_US East_1': 20, 'D32ads_v6_US East_3': 20, 'D32alds_v6_US East_1': 20, 'D32alds_v6_US East_3': 20, 'D32als_v6_US East_2': 20, 'D32als_v6_US East_3': 20, 'D32as_v6_US East_1': 20, 'D32as_v6_US East_3': 20, 'D32plds_v5_US East_3': 20, 'D32pls_v5_US East_2': 20, 'D48ads_v6_US East_1': 20, 'D48alds_v6_US East_2': 20, 'D48als_v6_US East_1': 20, 'D48als_v6_US East_3': 20, 'D4ads_v6_US East_1': 20, 'D4ads_v6_US East_2': 20, 'D4ads_v6_US East_3': 20, 'D4alds_v6_US East_1': 20, 'D4alds_v6_US East_2': 20, 'D4alds_v6_US East_3': 20, 'D4als_v6_US East_1': 20, 'D4als_v6_US East_2': 20, 'D4als_v6_US East_3': 20, 'D4as_v6_US East_1': 20, 'D4as_v6_US East_2': 20, 'D4as_v6_US East_3': 20, 'D4pds_v5_US East_1': 20, 'D4pds_v5_US East_2': 20, 'D4pds_v5_US East_3': 20, 'D4plds_v5_US East_1': 20, 'D4plds_v5_US East_2': 20, 'D4plds_v5_US East_3': 20, 'D4pls_v5_US East_1': 20, 'D4pls_v5_US East_2': 20, 'D4pls_v5_US East_3': 20, 'D4ps_v5_US East_1': 20, 'D4ps_v5_US East_2': 20, 'D4ps_v5_US East_3': 20, 'D64ads_v6_US East_2': 20, 'D64alds_v6_US East_3': 20, 'D64als_v6_US East_3': 20, 'D64as_v6_US East_2': 20, 'D8ads_v6_US East_1': 20, 'D8ads_v6_US East_2': 20, 'D8ads_v6_US East_3': 20, 'D8alds_v6_US East_1': 20, 'D8alds_v6_US East_2': 20, 'D8alds_v6_US East_3': 20, 'D8als_v6_US East_1': 20, 'D8als_v6_US East_2': 20, 'D8als_v6_US East_3': 20, 'D8as_v6_US East_1': 20, 'D8as_v6_US East_2': 20, 'D8as_v6_US East_3': 20, 'D8plds_v5_US East_1': 20, 'D8plds_v5_US East_2': 20, 'D8plds_v5_US East_3': 20, 'D8pls_v5_US East_1': 20, 'D8pls_v5_US East_2': 20, 'D8pls_v5_US East_3': 20, 'D8ps_v5_US East_1': 20, 'D8ps_v5_US East_2': 20, 'D8ps_v5_US East_3': 20, 'D96ads_v6_US East_1': 20, 'D96alds_v6_US East_2': 20, 'D96als_v6_US East_2': 20, 'D96as_v6_US East_3': 20, 'DC1s_v2_US East_3': 20, 'DC2s_v2_US East_2': 20, 'E16ads_v6_US East_1': 20, 'E16ads_v6_US East_2': 20, 'E16as_v6_US East_1': 20, 'E16as_v6_US East_2': 20, 'E20ads_v6_US East_2': 20, 'E20ads_v6_US East_3': 20, 'E20as_v6_US East_1': 20, 'E20as_v6_US East_3': 20, 'E2ads_v6_US East_1': 20, 'E2ads_v6_US East_2': 20, 'E2ads_v6_US East_3': 20, 'E2as_v6_US East_1': 20, 'E2as_v6_US East_2': 20, 'E2as_v6_US East_3': 20, 'E2ps_v5_US East_1': 20, 'E2ps_v5_US East_2': 20, 'E2ps_v5_US East_3': 20, 'E32ads_v6_US East_2': 20, 'E32as_v6_US East_2': 20, 'E48ads_v6_US East_3': 20, 'E48as_v6_US East_2': 20, 'E4ads_v6_US East_1': 20, 'E4ads_v6_US East_2': 20, 'E4ads_v6_US East_3': 20, 'E4as_v6_US East_1': 20, 'E4as_v6_US East_2': 20, 'E4as_v6_US East_3': 20, 'E4ps_v5_US East_1': 20, 'E4ps_v5_US East_2': 20, 'E4ps_v5_US East_3': 20, 'E64ads_v6_US East_1': 20, 'E64as_v6_US East_3': 20, 'E8ads_v6_US East_2': 20, 'E8ads_v6_US East_3': 20, 'E8as_v6_US East_1': 20, 'E8as_v6_US East_3': 20, 'E8ps_v5_US East_2': 20, 'E96-24ads_v6_US East_1': 20, 'E96-48ads_v6_US East_2': 20, 'E96ads_v6_US East_3': 20, 'E96as_v6_US East_2': 20, 'F16als_v6_US East_2': 20, 'F16als_v6_US East_3': 20, 'F16ams_v6_US East_1': 20, 'F16ams_v6_US East_3': 20, 'F16as_v6_US East_1': 20, 'F16as_v6_US East_3': 20, 'F2als_v6_US East_1': 20, 'F2als_v6_US East_2': 20, 'F2als_v6_US East_3': 20, 'F2ams_v6_US East_1': 20, 'F2ams_v6_US East_2': 20, 'F2ams_v6_US East_3': 20, 'F2as_v6_US East_1': 20, 'F2as_v6_US East_2': 20, 'F2as_v6_US East_3': 20, 'F32als_v6_US East_3': 20, 'F32ams_v6_US East_1': 20, 'F32as_v6_US East_1': 20, 'F48als_v6_US East_2': 20, 'F48ams_v6_US East_2': 20, 'F48as_v6_US East_1': 20, 'F4als_v6_US East_1': 20, 'F4als_v6_US East_2': 20, 'F4als_v6_US East_3': 20, 'F4ams_v6_US East_1': 20, 'F4ams_v6_US East_2': 20, 'F4ams_v6_US East_3': 20, 'F4as_v6_US East_1': 20, 'F4as_v6_US East_2': 20, 'F4as_v6_US East_3': 20, 'F64als_v6_US East_1': 20, 'F64ams_v6_US East_1': 20, 'F64as_v6_US East_1': 20, 'F8als_v6_US East_1': 20, 'F8als_v6_US East_2': 20, 'F8ams_v6_US East_1': 20, 'F8ams_v6_US East_2': 20, 'F8as_v6_US East_2': 20, 'F8as_v6_US East_3': 20, 'M16-8ms_US East_1': 20, 'M16-8ms_US East_2': 20, 'M16-8ms_US East_3': 20, 'M16ms_US East_1': 20, 'M16ms_US East_2': 20, 'M16ms_US East_3': 20, 'M32-8ms_US East_1': 20, 'M32-8ms_US East_3': 20, 'M32dms_v2_US East_1': 20, 'M32dms_v2_US East_2': 20, 'M32dms_v2_US East_3': 20, 'M32ls_US East_1': 20, 'M32ls_US East_2': 20, 'M32ls_US East_3': 20, 'M32ms_US East_2': 20, 'M32ms_US East_3': 20, 'M32ms_v2_US East_1': 20, 'M32ms_v2_US East_2': 20, 'M32ms_v2_US East_3': 20, 'M32ts_US East_1': 20, 'M32ts_US East_2': 20, 'M32ts_US East_3': 20, 'M64s_v2_US East_1': 20, 'M8-4ms_US East_1': 20, 'M8-4ms_US East_2': 20, 'M8-4ms_US East_3': 20, 'M8ms_US East_1': 20, 'M8ms_US East_2': 20, 'M8ms_US East_3': 20, 'NV4as_v4_US East_1': 20, 'NV4as_v4_US East_2': 20, 'NV4as_v4_US East_3': 20, 'NV6ads_A10_v5_US East_1': 20, 'NV6ads_A10_v5_US East_2': 20, 'NV8as_v4_US East_1': 20, 'NV8as_v4_US East_2': 20, 'NV8as_v4_US East_3': 20}"
0.84,1245.5134999999996,1829827014,1469134.6296928946,67900,67500,"{'B16pls_v2_US East_1': 20, 'B16pls_v2_US East_2': 20, 'B16pls_v2_US East_3': 20, 'B16ps_v2_US East_3': 20, 'B2pls_v2_US East_1': 20, 'B2pls_v2_US East_2': 20, 'B2pls_v2_US East_3': 20, 'B2ps_v2_US East_1': 20, 'B2ps_v2_US East_2': 20, 'B2ps_v2_US East_3': 20, 'B4pls_v2_US East_1': 20, 'B4pls_v2_US East_2': 20, 'B4pls_v2_US East_3': 20, 'B4ps_v2_US East_1': 20, 'B4ps_v2_US East_2': 20, 'B4ps_v2_US East_3': 20, 'B8pls_v2_US East_1': 20, 'B8pls_v2_US East_2': 20, 'B8pls_v2_US East_3': 20, 'B8ps_v2_US East_1': 20, 'B8ps_v2_US East_2': 20, 'B8ps_v2_US East_3': 20, 'D16ads_v6_US East_2': 20, 'D16ads_v6_US East_3': 20, 'D16alds_v6_US East_1': 20, 'D16alds_v6_US East_3': 20, 'D16als_v6_US East_1': 20, 'D16als_v6_US East_3': 20, 'D16as_v6_US East_1': 20, 'D16as_v6_US East_2': 20, 'D16pds_v5_US East_1': 20, 'D16plds_v5_US East_2': 20, 'D16plds_v5_US East_3': 20, 'D16pls_v5_US East_2': 20, 'D16pls_v5_US East_3': 20, 'D16ps_v5_US East_3': 20, 'D2ads_v6_US East_1': 20, 'D2ads_v6_US East_2': 20, 'D2ads_v6_US East_3': 20, 'D2alds_v6_US East_1': 20, 'D2alds_v6_US East_2': 20, 'D2alds_v6_US East_3': 20, 'D2als_v6_US East_1': 20, 'D2als_v6_US East_2': 20, 'D2als_v6_US East_3': 20, 'D2as_v6_US East_1': 20, 'D2as_v6_US East_2': 20, 'D2as_v6_US East_3': 20, 'D2pds_v5_US East_1': 20, 'D2pds_v5_US East_2': 20, 'D2pds_v5_US East_3': 20, 'D2plds_v5_US East_1': 20, 'D2plds_v5_US East_2': 20, 'D2plds_v5_US East_3': 20, 'D2pls_v5_US East_1': 20, 'D2pls_v5_US East_2': 20, 'D2pls_v5_US East_3': 20, 'D2ps_v5_US East_1': 20, 'D2ps_v5_US East_2': 20, 'D2ps_v5_US East_3': 20, 'D32ads_v6_US East_1': 20, 'D32ads_v6_US East_3': 20, 'D32alds_v6_US East_1': 20, 'D32alds_v6_US East_3': 20, 'D32als_v6_US East_2': 20, 'D32als_v6_US East_3': 20, 'D32as_v6_US East_1': 20, 'D32as_v6_US East_3': 20, 'D32plds_v5_US East_3': 20, 'D32pls_v5_US East_2': 20, 'D48ads_v6_US East_1': 20, 'D48alds_v6_US East_2': 20, 'D48als_v6_US East_1': 20, 'D48als_v6_US East_3': 20, 'D4ads_v6_US East_1': 20, 'D4ads_v6_US East_2': 20, 'D4ads_v6_US East_3': 20, 'D4alds_v6_US East_1': 20, 'D4alds_v6_US East_2': 20, 'D4alds_v6_US East_3': 20, 'D4als_v6_US East_1': 20, 'D4als_v6_US East_2': 20, 'D4als_v6_US East_3': 20, 'D4as_v6_US East_1': 20, 'D4as_v6_US East_2': 20, 'D4as_v6_US East_3': 20, 'D4pds_v5_US East_1': 20, 'D4pds_v5_US East_2': 20, 'D4pds_v5_US East_3': 20, 'D4plds_v5_US East_1': 20, 'D4plds_v5_US East_2': 20, 'D4plds_v5_US East_3': 20, 'D4pls_v5_US East_1': 20, 'D4pls_v5_US East_2': 20, 'D4pls_v5_US East_3': 20, 'D4ps_v5_US East_1': 20, 'D4ps_v5_US East_2': 20, 'D4ps_v5_US East_3': 20, 'D64ads_v6_US East_2': 20, 'D64alds_v6_US East_3': 20, 'D64als_v6_US East_3': 20, 'D64as_v6_US East_2': 20, 'D8ads_v6_US East_1': 20, 'D8ads_v6_US East_2': 20, 'D8ads_v6_US East_3': 20, 'D8alds_v6_US East_1': 20, 'D8alds_v6_US East_2': 20, 'D8alds_v6_US East_3': 20, 'D8als_v6_US East_1': 20, 'D8als_v6_US East_2': 20, 'D8als_v6_US East_3': 20, 'D8as_v6_US East_1': 20, 'D8as_v6_US East_2': 20, 'D8as_v6_US East_3': 20, 'D8plds_v5_US East_1': 20, 'D8plds_v5_US East_2': 20, 'D8plds_v5_US East_3': 20, 'D8pls_v5_US East_1': 20, 'D8pls_v5_US East_2': 20, 'D8pls_v5_US East_3': 20, 'D8ps_v5_US East_1': 20, 'D8ps_v5_US East_2': 20, 'D8ps_v5_US East_3': 20, 'D96ads_v6_US East_1': 20, 'D96alds_v6_US East_2': 20, 'D96als_v6_US East_2': 20, 'D96as_v6_US East_3': 20, 'DC1s_v2_US East_3': 20, 'DC2s_v2_US East_2': 20, 'E16ads_v6_US East_1': 20, 'E16ads_v6_US East_2': 20, 'E16as_v6_US East_1': 20, 'E16as_v6_US East_2': 20, 'E20ads_v6_US East_2': 20, 'E20ads_v6_US East_3': 20, 'E20as_v6_US East_1': 20, 'E20as_v6_US East_3': 20, 'E2ads_v6_US East_1': 20, 'E2ads_v6_US East_2': 20, 'E2ads_v6_US East_3': 20, 'E2as_v6_US East_1': 20, 'E2as_v6_US East_2': 20, 'E2as_v6_US East_3': 20, 'E2ps_v5_US East_1': 20, 'E2ps_v5_US East_2': 20, 'E2ps_v5_US East_3': 20, 'E32ads_v6_US East_2': 20, 'E32as_v6_US East_2': 20, 'E48ads_v6_US East_3': 20, 'E48as_v6_US East_2': 20, 'E4ads_v6_US East_1': 20, 'E4ads_v6_US East_2': 20, 'E4ads_v6_US East_3': 20, 'E4as_v6_US East_1': 20, 'E4as_v6_US East_2': 20, 'E4as_v6_US East_3': 20, 'E4ps_v5_US East_1': 20, 'E4ps_v5_US East_2': 20, 'E4ps_v5_US East_3': 20, 'E64ads_v6_US East_1': 20, 'E64as_v6_US East_3': 20, 'E8ads_v6_US East_2': 20, 'E8ads_v6_US East_3': 20, 'E8as_v6_US East_1': 20, 'E8as_v6_US East_3': 20, 'E8ps_v5_US East_2': 20, 'E96-24ads_v6_US East_1': 20, 'E96-48ads_v6_US East_2': 20, 'E96ads_v6_US East_3': 20, 'E96as_v6_US East_2': 20, 'F16als_v6_US East_2': 20, 'F16als_v6_US East_3': 20, 'F16ams_v6_US East_1': 20, 'F16ams_v6_US East_3': 20, 'F16as_v6_US East_1': 20, 'F16as_v6_US East_3': 20, 'F2als_v6_US East_1': 20, 'F2als_v6_US East_2': 20, 'F2als_v6_US East_3': 20, 'F2ams_v6_US East_1': 20, 'F2ams_v6_US East_2': 20, 'F2ams_v6_US East_3': 20, 'F2as_v6_US East_1': 20, 'F2as_v6_US East_2': 20, 'F2as_v6_US East_3': 20, 'F32als_v6_US East_3': 20, 'F32ams_v6_US East_1': 20, 'F32as_v6_US East_1': 20, 'F48als_v6_US East_2': 20, 'F48ams_v6_US East_2': 20, 'F48as_v6_US East_1': 20, 'F4als_v6_US East_1': 20, 'F4als_v6_US East_2': 20, 'F4als_v6_US East_3': 20, 'F4ams_v6_US East_1': 20, 'F4ams_v6_US East_2': 20, 'F4ams_v6_US East_3': 20, 'F4as_v6_US East_1': 20, 'F4as_v6_US East_2': 20, 'F4as_v6_US East_3': 20, 'F64als_v6_US East_1': 20, 'F64ams_v6_US East_1': 20, 'F64as_v6_US East_1': 20, 'F8als_v6_US East_1': 20, 'F8als_v6_US East_2': 20, 'F8ams_v6_US East_1': 20, 'F8ams_v6_US East_2': 20, 'F8as_v6_US East_2': 20, 'F8as_v6_US East_3': 20, 'M16-8ms_US East_1': 20, 'M16-8ms_US East_2': 20, 'M16-8ms_US East_3': 20, 'M16ms_US East_1': 20, 'M16ms_US East_2': 20, 'M16ms_US East_3': 20, 'M32-8ms_US East_1': 20, 'M32-8ms_US East_3': 20, 'M32dms_v2_US East_1': 20, 'M32dms_v2_US East_2': 20, 'M32dms_v2_US East_3': 20, 'M32ls_US East_1': 20, 'M32ls_US East_2': 20, 'M32ls_US East_3': 20, 'M32ms_US East_2': 20, 'M32ms_US East_3': 20, 'M32ms_v2_US East_1': 20, 'M32ms_v2_US East_2': 20, 'M32ms_v2_US East_3': 20, 'M32ts_US East_1': 20, 'M32ts_US East_2': 20, 'M32ts_US East_3': 20, 'M64s_v2_US East_1': 20, 'M8-4ms_US East_1': 20, 'M8-4ms_US East_2': 20, 'M8-4ms_US East_3': 20, 'M8ms_US East_1': 20, 'M8ms_US East_2': 20, 'M8ms_US East_3': 20, 'NV4as_v4_US East_1': 20, 'NV4as_v4_US East_2': 20, 'NV4as_v4_US East_3': 20, 'NV6ads_A10_v5_US East_1': 20, 'NV6ads_A10_v5_US East_2': 20, 'NV8as_v4_US East_1': 20, 'NV8as_v4_US East_2': 20, 'NV8as_v4_US East_3': 20}"
0.85,1245.5134999999996,1829827014,1469134.6296928946,67900,67500,"{'B16pls_v2_US East_1': 20, 'B16pls_v2_US East_2': 20, 'B16pls_v2_US East_3': 20, 'B16ps_v2_US East_3': 20, 'B2pls_v2_US East_1': 20, 'B2pls_v2_US East_2': 20, 'B2pls_v2_US East_3': 20, 'B2ps_v2_US East_1': 20, 'B2ps_v2_US East_2': 20, 'B2ps_v2_US East_3': 20, 'B4pls_v2_US East_1': 20, 'B4pls_v2_US East_2': 20, 'B4pls_v2_US East_3': 20, 'B4ps_v2_US East_1': 20, 'B4ps_v2_US East_2': 20, 'B4ps_v2_US East_3': 20, 'B8pls_v2_US East_1': 20, 'B8pls_v2_US East_2': 20, 'B8pls_v2_US East_3': 20, 'B8ps_v2_US East_1': 20, 'B8ps_v2_US East_2': 20, 'B8ps_v2_US East_3': 20, 'D16ads_v6_US East_2': 20, 'D16ads_v6_US East_3': 20, 'D16alds_v6_US East_1': 20, 'D16alds_v6_US East_3': 20, 'D16als_v6_US East_1': 20, 'D16als_v6_US East_3': 20, 'D16as_v6_US East_1': 20, 'D16as_v6_US East_2': 20, 'D16pds_v5_US East_1': 20, 'D16plds_v5_US East_2': 20, 'D16plds_v5_US East_3': 20, 'D16pls_v5_US East_2': 20, 'D16pls_v5_US East_3': 20, 'D16ps_v5_US East_3': 20, 'D2ads_v6_US East_1': 20, 'D2ads_v6_US East_2': 20, 'D2ads_v6_US East_3': 20, 'D2alds_v6_US East_1': 20, 'D2alds_v6_US East_2': 20, 'D2alds_v6_US East_3': 20, 'D2als_v6_US East_1': 20, 'D2als_v6_US East_2': 20, 'D2als_v6_US East_3': 20, 'D2as_v6_US East_1': 20, 'D2as_v6_US East_2': 20, 'D2as_v6_US East_3': 20, 'D2pds_v5_US East_1': 20, 'D2pds_v5_US East_2': 20, 'D2pds_v5_US East_3': 20, 'D2plds_v5_US East_1': 20, 'D2plds_v5_US East_2': 20, 'D2plds_v5_US East_3': 20, 'D2pls_v5_US East_1': 20, 'D2pls_v5_US East_2': 20, 'D2pls_v5_US East_3': 20, 'D2ps_v5_US East_1': 20, 'D2ps_v5_US East_2': 20, 'D2ps_v5_US East_3': 20, 'D32ads_v6_US East_1': 20, 'D32ads_v6_US East_3': 20, 'D32alds_v6_US East_1': 20, 'D32alds_v6_US East_3': 20, 'D32als_v6_US East_2': 20, 'D32als_v6_US East_3': 20, 'D32as_v6_US East_1': 20, 'D32as_v6_US East_3': 20, 'D32plds_v5_US East_3': 20, 'D32pls_v5_US East_2': 20, 'D48ads_v6_US East_1': 20, 'D48alds_v6_US East_2': 20, 'D48als_v6_US East_1': 20, 'D48als_v6_US East_3': 20, 'D4ads_v6_US East_1': 20, 'D4ads_v6_US East_2': 20, 'D4ads_v6_US East_3': 20, 'D4alds_v6_US East_1': 20, 'D4alds_v6_US East_2': 20, 'D4alds_v6_US East_3': 20, 'D4als_v6_US East_1': 20, 'D4als_v6_US East_2': 20, 'D4als_v6_US East_3': 20, 'D4as_v6_US East_1': 20, 'D4as_v6_US East_2': 20, 'D4as_v6_US East_3': 20, 'D4pds_v5_US East_1': 20, 'D4pds_v5_US East_2': 20, 'D4pds_v5_US East_3': 20, 'D4plds_v5_US East_1': 20, 'D4plds_v5_US East_2': 20, 'D4plds_v5_US East_3': 20, 'D4pls_v5_US East_1': 20, 'D4pls_v5_US East_2': 20, 'D4pls_v5_US East_3': 20, 'D4ps_v5_US East_1': 20, 'D4ps_v5_US East_2': 20, 'D4ps_v5_US East_3': 20, 'D64ads_v6_US East_2': 20, 'D64alds_v6_US East_3': 20, 'D64als_v6_US East_3': 20, 'D64as_v6_US East_2': 20, 'D8ads_v6_US East_1': 20, 'D8ads_v6_US East_2': 20, 'D8ads_v6_US East_3': 20, 'D8alds_v6_US East_1': 20, 'D8alds_v6_US East_2': 20, 'D8alds_v6_US East_3': 20, 'D8als_v6_US East_1': 20, 'D8als_v6_US East_2': 20, 'D8als_v6_US East_3': 20, 'D8as_v6_US East_1': 20, 'D8as_v6_US East_2': 20, 'D8as_v6_US East_3': 20, 'D8plds_v5_US East_1': 20, 'D8plds_v5_US East_2': 20, 'D8plds_v5_US East_3': 20, 'D8pls_v5_US East_1': 20, 'D8pls_v5_US East_2': 20, 'D8pls_v5_US East_3': 20, 'D8ps_v5_US East_1': 20, 'D8ps_v5_US East_2': 20, 'D8ps_v5_US East_3': 20, 'D96ads_v6_US East_1': 20, 'D96alds_v6_US East_2': 20, 'D96als_v6_US East_2': 20, 'D96as_v6_US East_3': 20, 'DC1s_v2_US East_3': 20, 'DC2s_v2_US East_2': 20, 'E16ads_v6_US East_1': 20, 'E16ads_v6_US East_2': 20, 'E16as_v6_US East_1': 20, 'E16as_v6_US East_2': 20, 'E20ads_v6_US East_2': 20, 'E20ads_v6_US East_3': 20, 'E20as_v6_US East_1': 20, 'E20as_v6_US East_3': 20, 'E2ads_v6_US East_1': 20, 'E2ads_v6_US East_2': 20, 'E2ads_v6_US East_3': 20, 'E2as_v6_US East_1': 20, 'E2as_v6_US East_2': 20, 'E2as_v6_US East_3': 20, 'E2ps_v5_US East_1': 20, 'E2ps_v5_US East_2': 20, 'E2ps_v5_US East_3': 20, 'E32ads_v6_US East_2': 20, 'E32as_v6_US East_2': 20, 'E48ads_v6_US East_3': 20, 'E48as_v6_US East_2': 20, 'E4ads_v6_US East_1': 20, 'E4ads_v6_US East_2': 20, 'E4ads_v6_US East_3': 20, 'E4as_v6_US East_1': 20, 'E4as_v6_US East_2': 20, 'E4as_v6_US East_3': 20, 'E4ps_v5_US East_1': 20, 'E4ps_v5_US East_2': 20, 'E4ps_v5_US East_3': 20, 'E64ads_v6_US East_1': 20, 'E64as_v6_US East_3': 20, 'E8ads_v6_US East_2': 20, 'E8ads_v6_US East_3': 20, 'E8as_v6_US East_1': 20, 'E8as_v6_US East_3': 20, 'E8ps_v5_US East_2': 20, 'E96-24ads_v6_US East_1': 20, 'E96-48ads_v6_US East_2': 20, 'E96ads_v6_US East_3': 20, 'E96as_v6_US East_2': 20, 'F16als_v6_US East_2': 20, 'F16als_v6_US East_3': 20, 'F16ams_v6_US East_1': 20, 'F16ams_v6_US East_3': 20, 'F16as_v6_US East_1': 20, 'F16as_v6_US East_3': 20, 'F2als_v6_US East_1': 20, 'F2als_v6_US East_2': 20, 'F2als_v6_US East_3': 20, 'F2ams_v6_US East_1': 20, 'F2ams_v6_US East_2': 20, 'F2ams_v6_US East_3': 20, 'F2as_v6_US East_1': 20, 'F2as_v6_US East_2': 20, 'F2as_v6_US East_3': 20, 'F32als_v6_US East_3': 20, 'F32ams_v6_US East_1': 20, 'F32as_v6_US East_1': 20, 'F48als_v6_US East_2': 20, 'F48ams_v6_US East_2': 20, 'F48as_v6_US East_1': 20, 'F4als_v6_US East_1': 20, 'F4als_v6_US East_2': 20, 'F4als_v6_US East_3': 20, 'F4ams_v6_US East_1': 20, 'F4ams_v6_US East_2': 20, 'F4ams_v6_US East_3': 20, 'F4as_v6_US East_1': 20, 'F4as_v6_US East_2': 20, 'F4as_v6_US East_3': 20, 'F64als_v6_US East_1': 20, 'F64ams_v6_US East_1': 20, 'F64as_v6_US East_1': 20, 'F8als_v6_US East_1': 20, 'F8als_v6_US East_2': 20, 'F8ams_v6_US East_1': 20, 'F8ams_v6_US East_2': 20, 'F8as_v6_US East_2': 20, 'F8as_v6_US East_3': 20, 'M16-8ms_US East_1': 20, 'M16-8ms_US East_2': 20, 'M16-8ms_US East_3': 20, 'M16ms_US East_1': 20, 'M16ms_US East_2': 20, 'M16ms_US East_3': 20, 'M32-8ms_US East_1': 20, 'M32-8ms_US East_3': 20, 'M32dms_v2_US East_1': 20, 'M32dms_v2_US East_2': 20, 'M32dms_v2_US East_3': 20, 'M32ls_US East_1': 20, 'M32ls_US East_2': 20, 'M32ls_US East_3': 20, 'M32ms_US East_2': 20, 'M32ms_US East_3': 20, 'M32ms_v2_US East_1': 20, 'M32ms_v2_US East_2': 20, 'M32ms_v2_US East_3': 20, 'M32ts_US East_1': 20, 'M32ts_US East_2': 20, 'M32ts_US East_3': 20, 'M64s_v2_US East_1': 20, 'M8-4ms_US East_1': 20, 'M8-4ms_US East_2': 20, 'M8-4ms_US East_3': 20, 'M8ms_US East_1': 20, 'M8ms_US East_2': 20, 'M8ms_US East_3': 20, 'NV4as_v4_US East_1': 20, 'NV4as_v4_US East_2': 20, 'NV4as_v4_US East_3': 20, 'NV6ads_A10_v5_US East_1': 20, 'NV6ads_A10_v5_US East_2': 20, 'NV8as_v4_US East_1': 20, 'NV8as_v4_US East_2': 20, 'NV8as_v4_US East_3': 20}"
0.86,1245.5134999999996,1829827014,1469134.6296928946,67900,67500,"{'B16pls_v2_US East_1': 20, 'B16pls_v2_US East_2': 20, 'B16pls_v2_US East_3': 20, 'B16ps_v2_US East_3': 20, 'B2pls_v2_US East_1': 20, 'B2pls_v2_US East_2': 20, 'B2pls_v2_US East_3': 20, 'B2ps_v2_US East_1': 20, 'B2ps_v2_US East_2': 20, 'B2ps_v2_US East_3': 20, 'B4pls_v2_US East_1': 20, 'B4pls_v2_US East_2': 20, 'B4pls_v2_US East_3': 20, 'B4ps_v2_US East_1': 20, 'B4ps_v2_US East_2': 20, 'B4ps_v2_US East_3': 20, 'B8pls_v2_US East_1': 20, 'B8pls_v2_US East_2': 20, 'B8pls_v2_US East_3': 20, 'B8ps_v2_US East_1': 20, 'B8ps_v2_US East_2': 20, 'B8ps_v2_US East_3': 20, 'D16ads_v6_US East_2': 20, 'D16ads_v6_US East_3': 20, 'D16alds_v6_US East_1': 20, 'D16alds_v6_US East_3': 20, 'D16als_v6_US East_1': 20, 'D16als_v6_US East_3': 20, 'D16as_v6_US East_1': 20, 'D16as_v6_US East_2': 20, 'D16pds_v5_US East_1': 20, 'D16plds_v5_US East_2': 20, 'D16plds_v5_US East_3': 20, 'D16pls_v5_US East_2': 20, 'D16pls_v5_US East_3': 20, 'D16ps_v5_US East_3': 20, 'D2ads_v6_US East_1': 20, 'D2ads_v6_US East_2': 20, 'D2ads_v6_US East_3': 20, 'D2alds_v6_US East_1': 20, 'D2alds_v6_US East_2': 20, 'D2alds_v6_US East_3': 20, 'D2als_v6_US East_1': 20, 'D2als_v6_US East_2': 20, 'D2als_v6_US East_3': 20, 'D2as_v6_US East_1': 20, 'D2as_v6_US East_2': 20, 'D2as_v6_US East_3': 20, 'D2pds_v5_US East_1': 20, 'D2pds_v5_US East_2': 20, 'D2pds_v5_US East_3': 20, 'D2plds_v5_US East_1': 20, 'D2plds_v5_US East_2': 20, 'D2plds_v5_US East_3': 20, 'D2pls_v5_US East_1': 20, 'D2pls_v5_US East_2': 20, 'D2pls_v5_US East_3': 20, 'D2ps_v5_US East_1': 20, 'D2ps_v5_US East_2': 20, 'D2ps_v5_US East_3': 20, 'D32ads_v6_US East_1': 20, 'D32ads_v6_US East_3': 20, 'D32alds_v6_US East_1': 20, 'D32alds_v6_US East_3': 20, 'D32als_v6_US East_2': 20, 'D32als_v6_US East_3': 20, 'D32as_v6_US East_1': 20, 'D32as_v6_US East_3': 20, 'D32plds_v5_US East_3': 20, 'D32pls_v5_US East_2': 20, 'D48ads_v6_US East_1': 20, 'D48alds_v6_US East_2': 20, 'D48als_v6_US East_1': 20, 'D48als_v6_US East_3': 20, 'D4ads_v6_US East_1': 20, 'D4ads_v6_US East_2': 20, 'D4ads_v6_US East_3': 20, 'D4alds_v6_US East_1': 20, 'D4alds_v6_US East_2': 20, 'D4alds_v6_US East_3': 20, 'D4als_v6_US East_1': 20, 'D4als_v6_US East_2': 20, 'D4als_v6_US East_3': 20, 'D4as_v6_US East_1': 20, 'D4as_v6_US East_2': 20, 'D4as_v6_US East_3': 20, 'D4pds_v5_US East_1': 20, 'D4pds_v5_US East_2': 20, 'D4pds_v5_US East_3': 20, 'D4plds_v5_US East_1': 20, 'D4plds_v5_US East_2': 20, 'D4plds_v5_US East_3': 20, 'D4pls_v5_US East_1': 20, 'D4pls_v5_US East_2': 20, 'D4pls_v5_US East_3': 20, 'D4ps_v5_US East_1': 20, 'D4ps_v5_US East_2': 20, 'D4ps_v5_US East_3': 20, 'D64ads_v6_US East_2': 20, 'D64alds_v6_US East_3': 20, 'D64als_v6_US East_3': 20, 'D64as_v6_US East_2': 20, 'D8ads_v6_US East_1': 20, 'D8ads_v6_US East_2': 20, 'D8ads_v6_US East_3': 20, 'D8alds_v6_US East_1': 20, 'D8alds_v6_US East_2': 20, 'D8alds_v6_US East_3': 20, 'D8als_v6_US East_1': 20, 'D8als_v6_US East_2': 20, 'D8als_v6_US East_3': 20, 'D8as_v6_US East_1': 20, 'D8as_v6_US East_2': 20, 'D8as_v6_US East_3': 20, 'D8plds_v5_US East_1': 20, 'D8plds_v5_US East_2': 20, 'D8plds_v5_US East_3': 20, 'D8pls_v5_US East_1': 20, 'D8pls_v5_US East_2': 20, 'D8pls_v5_US East_3': 20, 'D8ps_v5_US East_1': 20, 'D8ps_v5_US East_2': 20, 'D8ps_v5_US East_3': 20, 'D96ads_v6_US East_1': 20, 'D96alds_v6_US East_2': 20, 'D96als_v6_US East_2': 20, 'D96as_v6_US East_3': 20, 'DC1s_v2_US East_3': 20, 'DC2s_v2_US East_2': 20, 'E16ads_v6_US East_1': 20, 'E16ads_v6_US East_2': 20, 'E16as_v6_US East_1': 20, 'E16as_v6_US East_2': 20, 'E20ads_v6_US East_2': 20, 'E20ads_v6_US East_3': 20, 'E20as_v6_US East_1': 20, 'E20as_v6_US East_3': 20, 'E2ads_v6_US East_1': 20, 'E2ads_v6_US East_2': 20, 'E2ads_v6_US East_3': 20, 'E2as_v6_US East_1': 20, 'E2as_v6_US East_2': 20, 'E2as_v6_US East_3': 20, 'E2ps_v5_US East_1': 20, 'E2ps_v5_US East_2': 20, 'E2ps_v5_US East_3': 20, 'E32ads_v6_US East_2': 20, 'E32as_v6_US East_2': 20, 'E48ads_v6_US East_3': 20, 'E48as_v6_US East_2': 20, 'E4ads_v6_US East_1': 20, 'E4ads_v6_US East_2': 20, 'E4ads_v6_US East_3': 20, 'E4as_v6_US East_1': 20, 'E4as_v6_US East_2': 20, 'E4as_v6_US East_3': 20, 'E4ps_v5_US East_1': 20, 'E4ps_v5_US East_2': 20, 'E4ps_v5_US East_3': 20, 'E64ads_v6_US East_1': 20, 'E64as_v6_US East_3': 20, 'E8ads_v6_US East_2': 20, 'E8ads_v6_US East_3': 20, 'E8as_v6_US East_1': 20, 'E8as_v6_US East_3': 20, 'E8ps_v5_US East_2': 20, 'E96-24ads_v6_US East_1': 20, 'E96-48ads_v6_US East_2': 20, 'E96ads_v6_US East_3': 20, 'E96as_v6_US East_2': 20, 'F16als_v6_US East_2': 20, 'F16als_v6_US East_3': 20, 'F16ams_v6_US East_1': 20, 'F16ams_v6_US East_3': 20, 'F16as_v6_US East_1': 20, 'F16as_v6_US East_3': 20, 'F2als_v6_US East_1': 20, 'F2als_v6_US East_2': 20, 'F2als_v6_US East_3': 20, 'F2ams_v6_US East_1': 20, 'F2ams_v6_US East_2': 20, 'F2ams_v6_US East_3': 20, 'F2as_v6_US East_1': 20, 'F2as_v6_US East_2': 20, 'F2as_v6_US East_3': 20, 'F32als_v6_US East_3': 20, 'F32ams_v6_US East_1': 20, 'F32as_v6_US East_1': 20, 'F48als_v6_US East_2': 20, 'F48ams_v6_US East_2': 20, 'F48as_v6_US East_1': 20, 'F4als_v6_US East_1': 20, 'F4als_v6_US East_2': 20, 'F4als_v6_US East_3': 20, 'F4ams_v6_US East_1': 20, 'F4ams_v6_US East_2': 20, 'F4ams_v6_US East_3': 20, 'F4as_v6_US East_1': 20, 'F4as_v6_US East_2': 20, 'F4as_v6_US East_3': 20, 'F64als_v6_US East_1': 20, 'F64ams_v6_US East_1': 20, 'F64as_v6_US East_1': 20, 'F8als_v6_US East_1': 20, 'F8als_v6_US East_2': 20, 'F8ams_v6_US East_1': 20, 'F8ams_v6_US East_2': 20, 'F8as_v6_US East_2': 20, 'F8as_v6_US East_3': 20, 'M16-8ms_US East_1': 20, 'M16-8ms_US East_2': 20, 'M16-8ms_US East_3': 20, 'M16ms_US East_1': 20, 'M16ms_US East_2': 20, 'M16ms_US East_3': 20, 'M32-8ms_US East_1': 20, 'M32-8ms_US East_3': 20, 'M32dms_v2_US East_1': 20, 'M32dms_v2_US East_2': 20, 'M32dms_v2_US East_3': 20, 'M32ls_US East_1': 20, 'M32ls_US East_2': 20, 'M32ls_US East_3': 20, 'M32ms_US East_2': 20, 'M32ms_US East_3': 20, 'M32ms_v2_US East_1': 20, 'M32ms_v2_US East_2': 20, 'M32ms_v2_US East_3': 20, 'M32ts_US East_1': 20, 'M32ts_US East_2': 20, 'M32ts_US East_3': 20, 'M64s_v2_US East_1': 20, 'M8-4ms_US East_1': 20, 'M8-4ms_US East_2': 20, 'M8-4ms_US East_3': 20, 'M8ms_US East_1': 20, 'M8ms_US East_2': 20, 'M8ms_US East_3': 20, 'NV4as_v4_US East_1': 20, 'NV4as_v4_US East_2': 20, 'NV4as_v4_US East_3': 20, 'NV6ads_A10_v5_US East_1': 20, 'NV6ads_A10_v5_US East_2': 20, 'NV8as_v4_US East_1': 20, 'NV8as_v4_US East_2': 20, 'NV8as_v4_US East_3': 20}"
0.87,1245.5134999999996,1829827014,1469134.6296928946,67900,67500,"{'B16pls_v2_US East_1': 20, 'B16pls_v2_US East_2': 20, 'B16pls_v2_US East_3': 20, 'B16ps_v2_US East_3': 20, 'B2pls_v2_US East_1': 20, 'B2pls_v2_US East_2': 20, 'B2pls_v2_US East_3': 20, 'B2ps_v2_US East_1': 20, 'B2ps_v2_US East_2': 20, 'B2ps_v2_US East_3': 20, 'B4pls_v2_US East_1': 20, 'B4pls_v2_US East_2': 20, 'B4pls_v2_US East_3': 20, 'B4ps_v2_US East_1': 20, 'B4ps_v2_US East_2': 20, 'B4ps_v2_US East_3': 20, 'B8pls_v2_US East_1': 20, 'B8pls_v2_US East_2': 20, 'B8pls_v2_US East_3': 20, 'B8ps_v2_US East_1': 20, 'B8ps_v2_US East_2': 20, 'B8ps_v2_US East_3': 20, 'D16ads_v6_US East_2': 20, 'D16ads_v6_US East_3': 20, 'D16alds_v6_US East_1': 20, 'D16alds_v6_US East_3': 20, 'D16als_v6_US East_1': 20, 'D16als_v6_US East_3': 20, 'D16as_v6_US East_1': 20, 'D16as_v6_US East_2': 20, 'D16pds_v5_US East_1': 20, 'D16plds_v5_US East_2': 20, 'D16plds_v5_US East_3': 20, 'D16pls_v5_US East_2': 20, 'D16pls_v5_US East_3': 20, 'D16ps_v5_US East_3': 20, 'D2ads_v6_US East_1': 20, 'D2ads_v6_US East_2': 20, 'D2ads_v6_US East_3': 20, 'D2alds_v6_US East_1': 20, 'D2alds_v6_US East_2': 20, 'D2alds_v6_US East_3': 20, 'D2als_v6_US East_1': 20, 'D2als_v6_US East_2': 20, 'D2als_v6_US East_3': 20, 'D2as_v6_US East_1': 20, 'D2as_v6_US East_2': 20, 'D2as_v6_US East_3': 20, 'D2pds_v5_US East_1': 20, 'D2pds_v5_US East_2': 20, 'D2pds_v5_US East_3': 20, 'D2plds_v5_US East_1': 20, 'D2plds_v5_US East_2': 20, 'D2plds_v5_US East_3': 20, 'D2pls_v5_US East_1': 20, 'D2pls_v5_US East_2': 20, 'D2pls_v5_US East_3': 20, 'D2ps_v5_US East_1': 20, 'D2ps_v5_US East_2': 20, 'D2ps_v5_US East_3': 20, 'D32ads_v6_US East_1': 20, 'D32ads_v6_US East_3': 20, 'D32alds_v6_US East_1': 20, 'D32alds_v6_US East_3': 20, 'D32als_v6_US East_2': 20, 'D32als_v6_US East_3': 20, 'D32as_v6_US East_1': 20, 'D32as_v6_US East_3': 20, 'D32plds_v5_US East_3': 20, 'D32pls_v5_US East_2': 20, 'D48ads_v6_US East_1': 20, 'D48alds_v6_US East_2': 20, 'D48als_v6_US East_1': 20, 'D48als_v6_US East_3': 20, 'D4ads_v6_US East_1': 20, 'D4ads_v6_US East_2': 20, 'D4ads_v6_US East_3': 20, 'D4alds_v6_US East_1': 20, 'D4alds_v6_US East_2': 20, 'D4alds_v6_US East_3': 20, 'D4als_v6_US East_1': 20, 'D4als_v6_US East_2': 20, 'D4als_v6_US East_3': 20, 'D4as_v6_US East_1': 20, 'D4as_v6_US East_2': 20, 'D4as_v6_US East_3': 20, 'D4pds_v5_US East_1': 20, 'D4pds_v5_US East_2': 20, 'D4pds_v5_US East_3': 20, 'D4plds_v5_US East_1': 20, 'D4plds_v5_US East_2': 20, 'D4plds_v5_US East_3': 20, 'D4pls_v5_US East_1': 20, 'D4pls_v5_US East_2': 20, 'D4pls_v5_US East_3': 20, 'D4ps_v5_US East_1': 20, 'D4ps_v5_US East_2': 20, 'D4ps_v5_US East_3': 20, 'D64ads_v6_US East_2': 20, 'D64alds_v6_US East_3': 20, 'D64als_v6_US East_3': 20, 'D64as_v6_US East_2': 20, 'D8ads_v6_US East_1': 20, 'D8ads_v6_US East_2': 20, 'D8ads_v6_US East_3': 20, 'D8alds_v6_US East_1': 20, 'D8alds_v6_US East_2': 20, 'D8alds_v6_US East_3': 20, 'D8als_v6_US East_1': 20, 'D8als_v6_US East_2': 20, 'D8als_v6_US East_3': 20, 'D8as_v6_US East_1': 20, 'D8as_v6_US East_2': 20, 'D8as_v6_US East_3': 20, 'D8plds_v5_US East_1': 20, 'D8plds_v5_US East_2': 20, 'D8plds_v5_US East_3': 20, 'D8pls_v5_US East_1': 20, 'D8pls_v5_US East_2': 20, 'D8pls_v5_US East_3': 20, 'D8ps_v5_US East_1': 20, 'D8ps_v5_US East_2': 20, 'D8ps_v5_US East_3': 20, 'D96ads_v6_US East_1': 20, 'D96alds_v6_US East_2': 20, 'D96als_v6_US East_2': 20, 'D96as_v6_US East_3': 20, 'DC1s_v2_US East_3': 20, 'DC2s_v2_US East_2': 20, 'E16ads_v6_US East_1': 20, 'E16ads_v6_US East_2': 20, 'E16as_v6_US East_1': 20, 'E16as_v6_US East_2': 20, 'E20ads_v6_US East_2': 20, 'E20ads_v6_US East_3': 20, 'E20as_v6_US East_1': 20, 'E20as_v6_US East_3': 20, 'E2ads_v6_US East_1': 20, 'E2ads_v6_US East_2': 20, 'E2ads_v6_US East_3': 20, 'E2as_v6_US East_1': 20, 'E2as_v6_US East_2': 20, 'E2as_v6_US East_3': 20, 'E2ps_v5_US East_1': 20, 'E2ps_v5_US East_2': 20, 'E2ps_v5_US East_3': 20, 'E32ads_v6_US East_2': 20, 'E32as_v6_US East_2': 20, 'E48ads_v6_US East_3': 20, 'E48as_v6_US East_2': 20, 'E4ads_v6_US East_1': 20, 'E4ads_v6_US East_2': 20, 'E4ads_v6_US East_3': 20, 'E4as_v6_US East_1': 20, 'E4as_v6_US East_2': 20, 'E4as_v6_US East_3': 20, 'E4ps_v5_US East_1': 20, 'E4ps_v5_US East_2': 20, 'E4ps_v5_US East_3': 20, 'E64ads_v6_US East_1': 20, 'E64as_v6_US East_3': 20, 'E8ads_v6_US East_2': 20, 'E8ads_v6_US East_3': 20, 'E8as_v6_US East_1': 20, 'E8as_v6_US East_3': 20, 'E8ps_v5_US East_2': 20, 'E96-24ads_v6_US East_1': 20, 'E96-48ads_v6_US East_2': 20, 'E96ads_v6_US East_3': 20, 'E96as_v6_US East_2': 20, 'F16als_v6_US East_2': 20, 'F16als_v6_US East_3': 20, 'F16ams_v6_US East_1': 20, 'F16ams_v6_US East_3': 20, 'F16as_v6_US East_1': 20, 'F16as_v6_US East_3': 20, 'F2als_v6_US East_1': 20, 'F2als_v6_US East_2': 20, 'F2als_v6_US East_3': 20, 'F2ams_v6_US East_1': 20, 'F2ams_v6_US East_2': 20, 'F2ams_v6_US East_3': 20, 'F2as_v6_US East_1': 20, 'F2as_v6_US East_2': 20, 'F2as_v6_US East_3': 20, 'F32als_v6_US East_3': 20, 'F32ams_v6_US East_1': 20, 'F32as_v6_US East_1': 20, 'F48als_v6_US East_2': 20, 'F48ams_v6_US East_2': 20, 'F48as_v6_US East_1': 20, 'F4als_v6_US East_1': 20, 'F4als_v6_US East_2': 20, 'F4als_v6_US East_3': 20, 'F4ams_v6_US East_1': 20, 'F4ams_v6_US East_2': 20, 'F4ams_v6_US East_3': 20, 'F4as_v6_US East_1': 20, 'F4as_v6_US East_2': 20, 'F4as_v6_US East_3': 20, 'F64als_v6_US East_1': 20, 'F64ams_v6_US East_1': 20, 'F64as_v6_US East_1': 20, 'F8als_v6_US East_1': 20, 'F8als_v6_US East_2': 20, 'F8ams_v6_US East_1': 20, 'F8ams_v6_US East_2': 20, 'F8as_v6_US East_2': 20, 'F8as_v6_US East_3': 20, 'M16-8ms_US East_1': 20, 'M16-8ms_US East_2': 20, 'M16-8ms_US East_3': 20, 'M16ms_US East_1': 20, 'M16ms_US East_2': 20, 'M16ms_US East_3': 20, 'M32-8ms_US East_1': 20, 'M32-8ms_US East_3': 20, 'M32dms_v2_US East_1': 20, 'M32dms_v2_US East_2': 20, 'M32dms_v2_US East_3': 20, 'M32ls_US East_1': 20, 'M32ls_US East_2': 20, 'M32ls_US East_3': 20, 'M32ms_US East_2': 20, 'M32ms_US East_3': 20, 'M32ms_v2_US East_1': 20, 'M32ms_v2_US East_2': 20, 'M32ms_v2_US East_3': 20, 'M32ts_US East_1': 20, 'M32ts_US East_2': 20, 'M32ts_US East_3': 20, 'M64s_v2_US East_1': 20, 'M8-4ms_US East_1': 20, 'M8-4ms_US East_2': 20, 'M8-4ms_US East_3': 20, 'M8ms_US East_1': 20, 'M8ms_US East_2': 20, 'M8ms_US East_3': 20, 'NV4as_v4_US East_1': 20, 'NV4as_v4_US East_2': 20, 'NV4as_v4_US East_3': 20, 'NV6ads_A10_v5_US East_1': 20, 'NV6ads_A10_v5_US East_2': 20, 'NV8as_v4_US East_1': 20, 'NV8as_v4_US East_2': 20, 'NV8as_v4_US East_3': 20}"
0.88,1245.5134999999996,1829827014,1469134.6296928946,67900,67500,"{'B16pls_v2_US East_1': 20, 'B16pls_v2_US East_2': 20, 'B16pls_v2_US East_3': 20, 'B16ps_v2_US East_3': 20, 'B2pls_v2_US East_1': 20, 'B2pls_v2_US East_2': 20, 'B2pls_v2_US East_3': 20, 'B2ps_v2_US East_1': 20, 'B2ps_v2_US East_2': 20, 'B2ps_v2_US East_3': 20, 'B4pls_v2_US East_1': 20, 'B4pls_v2_US East_2': 20, 'B4pls_v2_US East_3': 20, 'B4ps_v2_US East_1': 20, 'B4ps_v2_US East_2': 20, 'B4ps_v2_US East_3': 20, 'B8pls_v2_US East_1': 20, 'B8pls_v2_US East_2': 20, 'B8pls_v2_US East_3': 20, 'B8ps_v2_US East_1': 20, 'B8ps_v2_US East_2': 20, 'B8ps_v2_US East_3': 20, 'D16ads_v6_US East_2': 20, 'D16ads_v6_US East_3': 20, 'D16alds_v6_US East_1': 20, 'D16alds_v6_US East_3': 20, 'D16als_v6_US East_1': 20, 'D16als_v6_US East_3': 20, 'D16as_v6_US East_1': 20, 'D16as_v6_US East_2': 20, 'D16pds_v5_US East_1': 20, 'D16plds_v5_US East_2': 20, 'D16plds_v5_US East_3': 20, 'D16pls_v5_US East_2': 20, 'D16pls_v5_US East_3': 20, 'D16ps_v5_US East_3': 20, 'D2ads_v6_US East_1': 20, 'D2ads_v6_US East_2': 20, 'D2ads_v6_US East_3': 20, 'D2alds_v6_US East_1': 20, 'D2alds_v6_US East_2': 20, 'D2alds_v6_US East_3': 20, 'D2als_v6_US East_1': 20, 'D2als_v6_US East_2': 20, 'D2als_v6_US East_3': 20, 'D2as_v6_US East_1': 20, 'D2as_v6_US East_2': 20, 'D2as_v6_US East_3': 20, 'D2pds_v5_US East_1': 20, 'D2pds_v5_US East_2': 20, 'D2pds_v5_US East_3': 20, 'D2plds_v5_US East_1': 20, 'D2plds_v5_US East_2': 20, 'D2plds_v5_US East_3': 20, 'D2pls_v5_US East_1': 20, 'D2pls_v5_US East_2': 20, 'D2pls_v5_US East_3': 20, 'D2ps_v5_US East_1': 20, 'D2ps_v5_US East_2': 20, 'D2ps_v5_US East_3': 20, 'D32ads_v6_US East_1': 20, 'D32ads_v6_US East_3': 20, 'D32alds_v6_US East_1': 20, 'D32alds_v6_US East_3': 20, 'D32als_v6_US East_2': 20, 'D32als_v6_US East_3': 20, 'D32as_v6_US East_1': 20, 'D32as_v6_US East_3': 20, 'D32plds_v5_US East_3': 20, 'D32pls_v5_US East_2': 20, 'D48ads_v6_US East_1': 20, 'D48alds_v6_US East_2': 20, 'D48als_v6_US East_1': 20, 'D48als_v6_US East_3': 20, 'D4ads_v6_US East_1': 20, 'D4ads_v6_US East_2': 20, 'D4ads_v6_US East_3': 20, 'D4alds_v6_US East_1': 20, 'D4alds_v6_US East_2': 20, 'D4alds_v6_US East_3': 20, 'D4als_v6_US East_1': 20, 'D4als_v6_US East_2': 20, 'D4als_v6_US East_3': 20, 'D4as_v6_US East_1': 20, 'D4as_v6_US East_2': 20, 'D4as_v6_US East_3': 20, 'D4pds_v5_US East_1': 20, 'D4pds_v5_US East_2': 20, 'D4pds_v5_US East_3': 20, 'D4plds_v5_US East_1': 20, 'D4plds_v5_US East_2': 20, 'D4plds_v5_US East_3': 20, 'D4pls_v5_US East_1': 20, 'D4pls_v5_US East_2': 20, 'D4pls_v5_US East_3': 20, 'D4ps_v5_US East_1': 20, 'D4ps_v5_US East_2': 20, 'D4ps_v5_US East_3': 20, 'D64ads_v6_US East_2': 20, 'D64alds_v6_US East_3': 20, 'D64als_v6_US East_3': 20, 'D64as_v6_US East_2': 20, 'D8ads_v6_US East_1': 20, 'D8ads_v6_US East_2': 20, 'D8ads_v6_US East_3': 20, 'D8alds_v6_US East_1': 20, 'D8alds_v6_US East_2': 20, 'D8alds_v6_US East_3': 20, 'D8als_v6_US East_1': 20, 'D8als_v6_US East_2': 20, 'D8als_v6_US East_3': 20, 'D8as_v6_US East_1': 20, 'D8as_v6_US East_2': 20, 'D8as_v6_US East_3': 20, 'D8plds_v5_US East_1': 20, 'D8plds_v5_US East_2': 20, 'D8plds_v5_US East_3': 20, 'D8pls_v5_US East_1': 20, 'D8pls_v5_US East_2': 20, 'D8pls_v5_US East_3': 20, 'D8ps_v5_US East_1': 20, 'D8ps_v5_US East_2': 20, 'D8ps_v5_US East_3': 20, 'D96ads_v6_US East_1': 20, 'D96alds_v6_US East_2': 20, 'D96als_v6_US East_2': 20, 'D96as_v6_US East_3': 20, 'DC1s_v2_US East_3': 20, 'DC2s_v2_US East_2': 20, 'E16ads_v6_US East_1': 20, 'E16ads_v6_US East_2': 20, 'E16as_v6_US East_1': 20, 'E16as_v6_US East_2': 20, 'E20ads_v6_US East_2': 20, 'E20ads_v6_US East_3': 20, 'E20as_v6_US East_1': 20, 'E20as_v6_US East_3': 20, 'E2ads_v6_US East_1': 20, 'E2ads_v6_US East_2': 20, 'E2ads_v6_US East_3': 20, 'E2as_v6_US East_1': 20, 'E2as_v6_US East_2': 20, 'E2as_v6_US East_3': 20, 'E2ps_v5_US East_1': 20, 'E2ps_v5_US East_2': 20, 'E2ps_v5_US East_3': 20, 'E32ads_v6_US East_2': 20, 'E32as_v6_US East_2': 20, 'E48ads_v6_US East_3': 20, 'E48as_v6_US East_2': 20, 'E4ads_v6_US East_1': 20, 'E4ads_v6_US East_2': 20, 'E4ads_v6_US East_3': 20, 'E4as_v6_US East_1': 20, 'E4as_v6_US East_2': 20, 'E4as_v6_US East_3': 20, 'E4ps_v5_US East_1': 20, 'E4ps_v5_US East_2': 20, 'E4ps_v5_US East_3': 20, 'E64ads_v6_US East_1': 20, 'E64as_v6_US East_3': 20, 'E8ads_v6_US East_2': 20, 'E8ads_v6_US East_3': 20, 'E8as_v6_US East_1': 20, 'E8as_v6_US East_3': 20, 'E8ps_v5_US East_2': 20, 'E96-24ads_v6_US East_1': 20, 'E96-48ads_v6_US East_2': 20, 'E96ads_v6_US East_3': 20, 'E96as_v6_US East_2': 20, 'F16als_v6_US East_2': 20, 'F16als_v6_US East_3': 20, 'F16ams_v6_US East_1': 20, 'F16ams_v6_US East_3': 20, 'F16as_v6_US East_1': 20, 'F16as_v6_US East_3': 20, 'F2als_v6_US East_1': 20, 'F2als_v6_US East_2': 20, 'F2als_v6_US East_3': 20, 'F2ams_v6_US East_1': 20, 'F2ams_v6_US East_2': 20, 'F2ams_v6_US East_3': 20, 'F2as_v6_US East_1': 20, 'F2as_v6_US East_2': 20, 'F2as_v6_US East_3': 20, 'F32als_v6_US East_3': 20, 'F32ams_v6_US East_1': 20, 'F32as_v6_US East_1': 20, 'F48als_v6_US East_2': 20, 'F48ams_v6_US East_2': 20, 'F48as_v6_US East_1': 20, 'F4als_v6_US East_1': 20, 'F4als_v6_US East_2': 20, 'F4als_v6_US East_3': 20, 'F4ams_v6_US East_1': 20, 'F4ams_v6_US East_2': 20, 'F4ams_v6_US East_3': 20, 'F4as_v6_US East_1': 20, 'F4as_v6_US East_2': 20, 'F4as_v6_US East_3': 20, 'F64als_v6_US East_1': 20, 'F64ams_v6_US East_1': 20, 'F64as_v6_US East_1': 20, 'F8als_v6_US East_1': 20, 'F8als_v6_US East_2': 20, 'F8ams_v6_US East_1': 20, 'F8ams_v6_US East_2': 20, 'F8as_v6_US East_2': 20, 'F8as_v6_US East_3': 20, 'M16-8ms_US East_1': 20, 'M16-8ms_US East_2': 20, 'M16-8ms_US East_3': 20, 'M16ms_US East_1': 20, 'M16ms_US East_2': 20, 'M16ms_US East_3': 20, 'M32-8ms_US East_1': 20, 'M32-8ms_US East_3': 20, 'M32dms_v2_US East_1': 20, 'M32dms_v2_US East_2': 20, 'M32dms_v2_US East_3': 20, 'M32ls_US East_1': 20, 'M32ls_US East_2': 20, 'M32ls_US East_3': 20, 'M32ms_US East_2': 20, 'M32ms_US East_3': 20, 'M32ms_v2_US East_1': 20, 'M32ms_v2_US East_2': 20, 'M32ms_v2_US East_3': 20, 'M32ts_US East_1': 20, 'M32ts_US East_2': 20, 'M32ts_US East_3': 20, 'M64s_v2_US East_1': 20, 'M8-4ms_US East_1': 20, 'M8-4ms_US East_2': 20, 'M8-4ms_US East_3': 20, 'M8ms_US East_1': 20, 'M8ms_US East_2': 20, 'M8ms_US East_3': 20, 'NV4as_v4_US East_1': 20, 'NV4as_v4_US East_2': 20, 'NV4as_v4_US East_3': 20, 'NV6ads_A10_v5_US East_1': 20, 'NV6ads_A10_v5_US East_2': 20, 'NV8as_v4_US East_1': 20, 'NV8as_v4_US East_2': 20, 'NV8as_v4_US East_3': 20}"
0.89,1290.9447399999997,1838646816,1424264.5399368533,68540,68140,"{'B16pls_v2_US East_1': 20, 'B16pls_v2_US East_2': 20, 'B16pls_v2_US East_3': 20, 'B16ps_v2_US East_3': 20, 'B2pls_v2_US East_1': 20, 'B2pls_v2_US East_2': 20, 'B2pls_v2_US East_3': 20, 'B2ps_v2_US East_1': 20, 'B2ps_v2_US East_2': 20, 'B2ps_v2_US East_3': 20, 'B4pls_v2_US East_1': 20, 'B4pls_v2_US East_2': 20, 'B4pls_v2_US East_3': 20, 'B4ps_v2_US East_1': 20, 'B4ps_v2_US East_2': 20, 'B4ps_v2_US East_3': 20, 'B8pls_v2_US East_1': 20, 'B8pls_v2_US East_2': 20, 'B8pls_v2_US East_3': 20, 'B8ps_v2_US East_1': 20, 'B8ps_v2_US East_2': 20, 'B8ps_v2_US East_3': 20, 'D16ads_v6_US East_2': 20, 'D16ads_v6_US East_3': 20, 'D16alds_v6_US East_1': 20, 'D16alds_v6_US East_3': 20, 'D16als_v6_US East_1': 20, 'D16als_v6_US East_3': 20, 'D16as_v6_US East_1': 20, 'D16as_v6_US East_2': 20, 'D16pds_v5_US East_1': 20, 'D16plds_v5_US East_2': 20, 'D16plds_v5_US East_3': 20, 'D16pls_v5_US East_2': 20, 'D16pls_v5_US East_3': 20, 'D16ps_v5_US East_3': 20, 'D2ads_v6_US East_1': 20, 'D2ads_v6_US East_2': 20, 'D2ads_v6_US East_3': 20, 'D2alds_v6_US East_1': 20, 'D2alds_v6_US East_2': 20, 'D2alds_v6_US East_3': 20, 'D2als_v6_US East_1': 20, 'D2als_v6_US East_2': 20, 'D2als_v6_US East_3': 20, 'D2as_v6_US East_1': 20, 'D2as_v6_US East_2': 20, 'D2as_v6_US East_3': 20, 'D2pds_v5_US East_1': 20, 'D2pds_v5_US East_2': 20, 'D2pds_v5_US East_3': 20, 'D2plds_v5_US East_1': 20, 'D2plds_v5_US East_2': 20, 'D2plds_v5_US East_3': 20, 'D2pls_v5_US East_1': 20, 'D2pls_v5_US East_2': 20, 'D2pls_v5_US East_3': 20, 'D2ps_v5_US East_1': 20, 'D2ps_v5_US East_2': 20, 'D2ps_v5_US East_3': 20, 'D32ads_v6_US East_1': 20, 'D32ads_v6_US East_3': 20, 'D32alds_v6_US East_1': 20, 'D32alds_v6_US East_3': 20, 'D32als_v6_US East_2': 20, 'D32als_v6_US East_3': 20, 'D32as_v6_US East_1': 20, 'D32as_v6_US East_3': 20, 'D32plds_v5_US East_3': 20, 'D32pls_v5_US East_2': 20, 'D48ads_v6_US East_1': 20, 'D48alds_v6_US East_2': 20, 'D48als_v6_US East_1': 20, 'D48als_v6_US East_3': 20, 'D4ads_v6_US East_1': 20, 'D4ads_v6_US East_2': 20, 'D4ads_v6_US East_3': 20, 'D4alds_v6_US East_1': 20, 'D4alds_v6_US East_2': 20, 'D4alds_v6_US East_3': 20, 'D4als_v6_US East_1': 20, 'D4als_v6_US East_2': 20, 'D4als_v6_US East_3': 20, 'D4as_v6_US East_1': 20, 'D4as_v6_US East_2': 20, 'D4as_v6_US East_3': 20, 'D4pds_v5_US East_1': 20, 'D4pds_v5_US East_2': 20, 'D4pds_v5_US East_3': 20, 'D4plds_v5_US East_1': 20, 'D4plds_v5_US East_2': 20, 'D4plds_v5_US East_3': 20, 'D4pls_v5_US East_1': 20, 'D4pls_v5_US East_2': 20, 'D4pls_v5_US East_3': 20, 'D4ps_v5_US East_1': 20, 'D4ps_v5_US East_2': 20, 'D4ps_v5_US East_3': 20, 'D64ads_v6_US East_2': 20, 'D64alds_v6_US East_3': 20, 'D64als_v6_US East_3': 20, 'D64as_v6_US East_2': 20, 'D8ads_v6_US East_1': 20, 'D8ads_v6_US East_2': 20, 'D8ads_v6_US East_3': 20, 'D8alds_v6_US East_1': 20, 'D8alds_v6_US East_2': 20, 'D8alds_v6_US East_3': 20, 'D8als_v6_US East_1': 20, 'D8als_v6_US East_2': 20, 'D8als_v6_US East_3': 20, 'D8as_v6_US East_1': 20, 'D8as_v6_US East_2': 20, 'D8as_v6_US East_3': 20, 'D8plds_v5_US East_1': 20, 'D8plds_v5_US East_2': 20, 'D8plds_v5_US East_3': 20, 'D8pls_v5_US East_1': 20, 'D8pls_v5_US East_2': 20, 'D8pls_v5_US East_3': 20, 'D8ps_v5_US East_1': 20, 'D8ps_v5_US East_2': 20, 'D8ps_v5_US East_3': 20, 'D96ads_v6_US East_1': 20, 'D96alds_v6_US East_2': 20, 'D96als_v6_US East_2': 20, 'D96as_v6_US East_3': 20, 'DC1s_v2_US East_3': 20, 'DC2s_v2_US East_2': 20, 'E16ads_v6_US East_1': 20, 'E16ads_v6_US East_2': 20, 'E16as_v6_US East_1': 20, 'E16as_v6_US East_2': 20, 'E20ads_v6_US East_2': 20, 'E20ads_v6_US East_3': 20, 'E20as_v6_US East_1': 20, 'E20as_v6_US East_3': 20, 'E2ads_v6_US East_1': 20, 'E2ads_v6_US East_2': 20, 'E2ads_v6_US East_3': 20, 'E2as_v6_US East_1': 20, 'E2as_v6_US East_2': 20, 'E2as_v6_US East_3': 20, 'E2ps_v5_US East_1': 20, 'E2ps_v5_US East_2': 20, 'E2ps_v5_US East_3': 20, 'E32ads_v6_US East_2': 20, 'E32as_v6_US East_2': 20, 'E48ads_v6_US East_3': 20, 'E48as_v6_US East_2': 20, 'E4ads_v6_US East_1': 20, 'E4ads_v6_US East_2': 20, 'E4ads_v6_US East_3': 20, 'E4as_v6_US East_1': 20, 'E4as_v6_US East_2': 20, 'E4as_v6_US East_3': 20, 'E4ps_v5_US East_1': 20, 'E4ps_v5_US East_2': 20, 'E4ps_v5_US East_3': 20, 'E64ads_v6_US East_1': 20, 'E64as_v6_US East_3': 20, 'E8ads_v6_US East_2': 20, 'E8ads_v6_US East_3': 20, 'E8as_v6_US East_1': 20, 'E8as_v6_US East_3': 20, 'E8ps_v5_US East_2': 20, 'E96-24ads_v6_US East_1': 20, 'E96-48ads_v6_US East_2': 20, 'E96ads_v6_US East_3': 20, 'E96as_v6_US East_2': 20, 'F16als_v6_US East_2': 20, 'F16als_v6_US East_3': 20, 'F16ams_v6_US East_1': 20, 'F16ams_v6_US East_3': 20, 'F16as_v6_US East_1': 20, 'F16as_v6_US East_3': 20, 'F2als_v6_US East_1': 20, 'F2als_v6_US East_2': 20, 'F2als_v6_US East_3': 20, 'F2ams_v6_US East_1': 20, 'F2ams_v6_US East_2': 20, 'F2ams_v6_US East_3': 20, 'F2as_v6_US East_1': 20, 'F2as_v6_US East_2': 20, 'F2as_v6_US East_3': 20, 'F32als_v6_US East_3': 20, 'F32ams_v6_US East_1': 20, 'F32as_v6_US East_1': 20, 'F48als_v6_US East_2': 20, 'F48ams_v6_US East_2': 20, 'F48as_v6_US East_1': 20, 'F4als_v6_US East_1': 20, 'F4als_v6_US East_2': 20, 'F4als_v6_US East_3': 20, 'F4ams_v6_US East_1': 20, 'F4ams_v6_US East_2': 20, 'F4ams_v6_US East_3': 20, 'F4as_v6_US East_1': 20, 'F4as_v6_US East_2': 20, 'F4as_v6_US East_3': 20, 'F64als_v6_US East_1': 20, 'F64ams_v6_US East_1': 20, 'F64as_v6_US East_1': 20, 'F8als_v6_US East_1': 20, 'F8als_v6_US East_2': 20, 'F8ams_v6_US East_1': 20, 'F8ams_v6_US East_2': 20, 'F8as_v6_US East_2': 20, 'F8as_v6_US East_3': 20, 'M16-8ms_US East_1': 20, 'M16-8ms_US East_2': 20, 'M16-8ms_US East_3': 20, 'M16ms_US East_1': 20, 'M16ms_US East_2': 20, 'M16ms_US East_3': 20, 'M32-16ms_US East_1': 20, 'M32-16ms_US East_3': 20, 'M32-8ms_US East_1': 20, 'M32-8ms_US East_3': 20, 'M32dms_v2_US East_1': 20, 'M32dms_v2_US East_2': 20, 'M32dms_v2_US East_3': 20, 'M32ls_US East_1': 20, 'M32ls_US East_2': 20, 'M32ls_US East_3': 20, 'M32ms_US East_2': 20, 'M32ms_US East_3': 20, 'M32ms_v2_US East_1': 20, 'M32ms_v2_US East_2': 20, 'M32ms_v2_US East_3': 20, 'M32ts_US East_1': 20, 'M32ts_US East_2': 20, 'M32ts_US East_3': 20, 'M64s_v2_US East_1': 20, 'M8-4ms_US East_1': 20, 'M8-4ms_US East_2': 20, 'M8-4ms_US East_3': 20, 'M8ms_US East_1': 20, 'M8ms_US East_2': 20, 'M8ms_US East_3': 20, 'NV4as_v4_US East_1': 20, 'NV4as_v4_US East_2': 20, 'NV4as_v4_US East_3': 20, 'NV6ads_A10_v5_US East_1': 20, 'NV6ads_A10_v5_US East_2': 20, 'NV8as_v4_US East_1': 20, 'NV8as_v4_US East_2': 20, 'NV8as_v4_US East_3': 20}"
0.9,1290.9447399999997,1838646816,1424264.5399368533,68540,68140,"{'B16pls_v2_US East_1': 20, 'B16pls_v2_US East_2': 20, 'B16pls_v2_US East_3': 20, 'B16ps_v2_US East_3': 20, 'B2pls_v2_US East_1': 20, 'B2pls_v2_US East_2': 20, 'B2pls_v2_US East_3': 20, 'B2ps_v2_US East_1': 20, 'B2ps_v2_US East_2': 20, 'B2ps_v2_US East_3': 20, 'B4pls_v2_US East_1': 20, 'B4pls_v2_US East_2': 20, 'B4pls_v2_US East_3': 20, 'B4ps_v2_US East_1': 20, 'B4ps_v2_US East_2': 20, 'B4ps_v2_US East_3': 20, 'B8pls_v2_US East_1': 20, 'B8pls_v2_US East_2': 20, 'B8pls_v2_US East_3': 20, 'B8ps_v2_US East_1': 20, 'B8ps_v2_US East_2': 20, 'B8ps_v2_US East_3': 20, 'D16ads_v6_US East_2': 20, 'D16ads_v6_US East_3': 20, 'D16alds_v6_US East_1': 20, 'D16alds_v6_US East_3': 20, 'D16als_v6_US East_1': 20, 'D16als_v6_US East_3': 20, 'D16as_v6_US East_1': 20, 'D16as_v6_US East_2': 20, 'D16pds_v5_US East_1': 20, 'D16plds_v5_US East_2': 20, 'D16plds_v5_US East_3': 20, 'D16pls_v5_US East_2': 20, 'D16pls_v5_US East_3': 20, 'D16ps_v5_US East_3': 20, 'D2ads_v6_US East_1': 20, 'D2ads_v6_US East_2': 20, 'D2ads_v6_US East_3': 20, 'D2alds_v6_US East_1': 20, 'D2alds_v6_US East_2': 20, 'D2alds_v6_US East_3': 20, 'D2als_v6_US East_1': 20, 'D2als_v6_US East_2': 20, 'D2als_v6_US East_3': 20, 'D2as_v6_US East_1': 20, 'D2as_v6_US East_2': 20, 'D2as_v6_US East_3': 20, 'D2pds_v5_US East_1': 20, 'D2pds_v5_US East_2': 20, 'D2pds_v5_US East_3': 20, 'D2plds_v5_US East_1': 20, 'D2plds_v5_US East_2': 20, 'D2plds_v5_US East_3': 20, 'D2pls_v5_US East_1': 20, 'D2pls_v5_US East_2': 20, 'D2pls_v5_US East_3': 20, 'D2ps_v5_US East_1': 20, 'D2ps_v5_US East_2': 20, 'D2ps_v5_US East_3': 20, 'D32ads_v6_US East_1': 20, 'D32ads_v6_US East_3': 20, 'D32alds_v6_US East_1': 20, 'D32alds_v6_US East_3': 20, 'D32als_v6_US East_2': 20, 'D32als_v6_US East_3': 20, 'D32as_v6_US East_1': 20, 'D32as_v6_US East_3': 20, 'D32plds_v5_US East_3': 20, 'D32pls_v5_US East_2': 20, 'D48ads_v6_US East_1': 20, 'D48alds_v6_US East_2': 20, 'D48als_v6_US East_1': 20, 'D48als_v6_US East_3': 20, 'D4ads_v6_US East_1': 20, 'D4ads_v6_US East_2': 20, 'D4ads_v6_US East_3': 20, 'D4alds_v6_US East_1': 20, 'D4alds_v6_US East_2': 20, 'D4alds_v6_US East_3': 20, 'D4als_v6_US East_1': 20, 'D4als_v6_US East_2': 20, 'D4als_v6_US East_3': 20, 'D4as_v6_US East_1': 20, 'D4as_v6_US East_2': 20, 'D4as_v6_US East_3': 20, 'D4pds_v5_US East_1': 20, 'D4pds_v5_US East_2': 20, 'D4pds_v5_US East_3': 20, 'D4plds_v5_US East_1': 20, 'D4plds_v5_US East_2': 20, 'D4plds_v5_US East_3': 20, 'D4pls_v5_US East_1': 20, 'D4pls_v5_US East_2': 20, 'D4pls_v5_US East_3': 20, 'D4ps_v5_US East_1': 20, 'D4ps_v5_US East_2': 20, 'D4ps_v5_US East_3': 20, 'D64ads_v6_US East_2': 20, 'D64alds_v6_US East_3': 20, 'D64als_v6_US East_3': 20, 'D64as_v6_US East_2': 20, 'D8ads_v6_US East_1': 20, 'D8ads_v6_US East_2': 20, 'D8ads_v6_US East_3': 20, 'D8alds_v6_US East_1': 20, 'D8alds_v6_US East_2': 20, 'D8alds_v6_US East_3': 20, 'D8als_v6_US East_1': 20, 'D8als_v6_US East_2': 20, 'D8als_v6_US East_3': 20, 'D8as_v6_US East_1': 20, 'D8as_v6_US East_2': 20, 'D8as_v6_US East_3': 20, 'D8plds_v5_US East_1': 20, 'D8plds_v5_US East_2': 20, 'D8plds_v5_US East_3': 20, 'D8pls_v5_US East_1': 20, 'D8pls_v5_US East_2': 20, 'D8pls_v5_US East_3': 20, 'D8ps_v5_US East_1': 20, 'D8ps_v5_US East_2': 20, 'D8ps_v5_US East_3': 20, 'D96ads_v6_US East_1': 20, 'D96alds_v6_US East_2': 20, 'D96als_v6_US East_2': 20, 'D96as_v6_US East_3': 20, 'DC1s_v2_US East_3': 20, 'DC2s_v2_US East_2': 20, 'E16ads_v6_US East_1': 20, 'E16ads_v6_US East_2': 20, 'E16as_v6_US East_1': 20, 'E16as_v6_US East_2': 20, 'E20ads_v6_US East_2': 20, 'E20ads_v6_US East_3': 20, 'E20as_v6_US East_1': 20, 'E20as_v6_US East_3': 20, 'E2ads_v6_US East_1': 20, 'E2ads_v6_US East_2': 20, 'E2ads_v6_US East_3': 20, 'E2as_v6_US East_1': 20, 'E2as_v6_US East_2': 20, 'E2as_v6_US East_3': 20, 'E2ps_v5_US East_1': 20, 'E2ps_v5_US East_2': 20, 'E2ps_v5_US East_3': 20, 'E32ads_v6_US East_2': 20, 'E32as_v6_US East_2': 20, 'E48ads_v6_US East_3': 20, 'E48as_v6_US East_2': 20, 'E4ads_v6_US East_1': 20, 'E4ads_v6_US East_2': 20, 'E4ads_v6_US East_3': 20, 'E4as_v6_US East_1': 20, 'E4as_v6_US East_2': 20, 'E4as_v6_US East_3': 20, 'E4ps_v5_US East_1': 20, 'E4ps_v5_US East_2': 20, 'E4ps_v5_US East_3': 20, 'E64ads_v6_US East_1': 20, 'E64as_v6_US East_3': 20, 'E8ads_v6_US East_2': 20, 'E8ads_v6_US East_3': 20, 'E8as_v6_US East_1': 20, 'E8as_v6_US East_3': 20, 'E8ps_v5_US East_2': 20, 'E96-24ads_v6_US East_1': 20, 'E96-48ads_v6_US East_2': 20, 'E96ads_v6_US East_3': 20, 'E96as_v6_US East_2': 20, 'F16als_v6_US East_2': 20, 'F16als_v6_US East_3': 20, 'F16ams_v6_US East_1': 20, 'F16ams_v6_US East_3': 20, 'F16as_v6_US East_1': 20, 'F16as_v6_US East_3': 20, 'F2als_v6_US East_1': 20, 'F2als_v6_US East_2': 20, 'F2als_v6_US East_3': 20, 'F2ams_v6_US East_1': 20, 'F2ams_v6_US East_2': 20, 'F2ams_v6_US East_3': 20, 'F2as_v6_US East_1': 20, 'F2as_v6_US East_2': 20, 'F2as_v6_US East_3': 20, 'F32als_v6_US East_3': 20, 'F32ams_v6_US East_1': 20, 'F32as_v6_US East_1': 20, 'F48als_v6_US East_2': 20, 'F48ams_v6_US East_2': 20, 'F48as_v6_US East_1': 20, 'F4als_v6_US East_1': 20, 'F4als_v6_US East_2': 20, 'F4als_v6_US East_3': 20, 'F4ams_v6_US East_1': 20, 'F4ams_v6_US East_2': 20, 'F4ams_v6_US East_3': 20, 'F4as_v6_US East_1': 20, 'F4as_v6_US East_2': 20, 'F4as_v6_US East_3': 20, 'F64als_v6_US East_1': 20, 'F64ams_v6_US East_1': 20, 'F64as_v6_US East_1': 20, 'F8als_v6_US East_1': 20, 'F8als_v6_US East_2': 20, 'F8ams_v6_US East_1': 20, 'F8ams_v6_US East_2': 20, 'F8as_v6_US East_2': 20, 'F8as_v6_US East_3': 20, 'M16-8ms_US East_1': 20, 'M16-8ms_US East_2': 20, 'M16-8ms_US East_3': 20, 'M16ms_US East_1': 20, 'M16ms_US East_2': 20, 'M16ms_US East_3': 20, 'M32-16ms_US East_1': 20, 'M32-16ms_US East_3': 20, 'M32-8ms_US East_1': 20, 'M32-8ms_US East_3': 20, 'M32dms_v2_US East_1': 20, 'M32dms_v2_US East_2': 20, 'M32dms_v2_US East_3': 20, 'M32ls_US East_1': 20, 'M32ls_US East_2': 20, 'M32ls_US East_3': 20, 'M32ms_US East_2': 20, 'M32ms_US East_3': 20, 'M32ms_v2_US East_1': 20, 'M32ms_v2_US East_2': 20, 'M32ms_v2_US East_3': 20, 'M32ts_US East_1': 20, 'M32ts_US East_2': 20, 'M32ts_US East_3': 20, 'M64s_v2_US East_1': 20, 'M8-4ms_US East_1': 20, 'M8-4ms_US East_2': 20, 'M8-4ms_US East_3': 20, 'M8ms_US East_1': 20, 'M8ms_US East_2': 20, 'M8ms_US East_3': 20, 'NV4as_v4_US East_1': 20, 'NV4as_v4_US East_2': 20, 'NV4as_v4_US East_3': 20, 'NV6ads_A10_v5_US East_1': 20, 'NV6ads_A10_v5_US East_2': 20, 'NV8as_v4_US East_1': 20, 'NV8as_v4_US East_2': 20, 'NV8as_v4_US East_3': 20}"
0.91,1290.9447399999997,1838646816,1424264.5399368533,68540,68140,"{'B16pls_v2_US East_1': 20, 'B16pls_v2_US East_2': 20, 'B16pls_v2_US East_3': 20, 'B16ps_v2_US East_3': 20, 'B2pls_v2_US East_1': 20, 'B2pls_v2_US East_2': 20, 'B2pls_v2_US East_3': 20, 'B2ps_v2_US East_1': 20, 'B2ps_v2_US East_2': 20, 'B2ps_v2_US East_3': 20, 'B4pls_v2_US East_1': 20, 'B4pls_v2_US East_2': 20, 'B4pls_v2_US East_3': 20, 'B4ps_v2_US East_1': 20, 'B4ps_v2_US East_2': 20, 'B4ps_v2_US East_3': 20, 'B8pls_v2_US East_1': 20, 'B8pls_v2_US East_2': 20, 'B8pls_v2_US East_3': 20, 'B8ps_v2_US East_1': 20, 'B8ps_v2_US East_2': 20, 'B8ps_v2_US East_3': 20, 'D16ads_v6_US East_2': 20, 'D16ads_v6_US East_3': 20, 'D16alds_v6_US East_1': 20, 'D16alds_v6_US East_3': 20, 'D16als_v6_US East_1': 20, 'D16als_v6_US East_3': 20, 'D16as_v6_US East_1': 20, 'D16as_v6_US East_2': 20, 'D16pds_v5_US East_1': 20, 'D16plds_v5_US East_2': 20, 'D16plds_v5_US East_3': 20, 'D16pls_v5_US East_2': 20, 'D16pls_v5_US East_3': 20, 'D16ps_v5_US East_3': 20, 'D2ads_v6_US East_1': 20, 'D2ads_v6_US East_2': 20, 'D2ads_v6_US East_3': 20, 'D2alds_v6_US East_1': 20, 'D2alds_v6_US East_2': 20, 'D2alds_v6_US East_3': 20, 'D2als_v6_US East_1': 20, 'D2als_v6_US East_2': 20, 'D2als_v6_US East_3': 20, 'D2as_v6_US East_1': 20, 'D2as_v6_US East_2': 20, 'D2as_v6_US East_3': 20, 'D2pds_v5_US East_1': 20, 'D2pds_v5_US East_2': 20, 'D2pds_v5_US East_3': 20, 'D2plds_v5_US East_1': 20, 'D2plds_v5_US East_2': 20, 'D2plds_v5_US East_3': 20, 'D2pls_v5_US East_1': 20, 'D2pls_v5_US East_2': 20, 'D2pls_v5_US East_3': 20, 'D2ps_v5_US East_1': 20, 'D2ps_v5_US East_2': 20, 'D2ps_v5_US East_3': 20, 'D32ads_v6_US East_1': 20, 'D32ads_v6_US East_3': 20, 'D32alds_v6_US East_1': 20, 'D32alds_v6_US East_3': 20, 'D32als_v6_US East_2': 20, 'D32als_v6_US East_3': 20, 'D32as_v6_US East_1': 20, 'D32as_v6_US East_3': 20, 'D32plds_v5_US East_3': 20, 'D32pls_v5_US East_2': 20, 'D48ads_v6_US East_1': 20, 'D48alds_v6_US East_2': 20, 'D48als_v6_US East_1': 20, 'D48als_v6_US East_3': 20, 'D4ads_v6_US East_1': 20, 'D4ads_v6_US East_2': 20, 'D4ads_v6_US East_3': 20, 'D4alds_v6_US East_1': 20, 'D4alds_v6_US East_2': 20, 'D4alds_v6_US East_3': 20, 'D4als_v6_US East_1': 20, 'D4als_v6_US East_2': 20, 'D4als_v6_US East_3': 20, 'D4as_v6_US East_1': 20, 'D4as_v6_US East_2': 20, 'D4as_v6_US East_3': 20, 'D4pds_v5_US East_1': 20, 'D4pds_v5_US East_2': 20, 'D4pds_v5_US East_3': 20, 'D4plds_v5_US East_1': 20, 'D4plds_v5_US East_2': 20, 'D4plds_v5_US East_3': 20, 'D4pls_v5_US East_1': 20, 'D4pls_v5_US East_2': 20, 'D4pls_v5_US East_3': 20, 'D4ps_v5_US East_1': 20, 'D4ps_v5_US East_2': 20, 'D4ps_v5_US East_3': 20, 'D64ads_v6_US East_2': 20, 'D64alds_v6_US East_3': 20, 'D64als_v6_US East_3': 20, 'D64as_v6_US East_2': 20, 'D8ads_v6_US East_1': 20, 'D8ads_v6_US East_2': 20, 'D8ads_v6_US East_3': 20, 'D8alds_v6_US East_1': 20, 'D8alds_v6_US East_2': 20, 'D8alds_v6_US East_3': 20, 'D8als_v6_US East_1': 20, 'D8als_v6_US East_2': 20, 'D8als_v6_US East_3': 20, 'D8as_v6_US East_1': 20, 'D8as_v6_US East_2': 20, 'D8as_v6_US East_3': 20, 'D8plds_v5_US East_1': 20, 'D8plds_v5_US East_2': 20, 'D8plds_v5_US East_3': 20, 'D8pls_v5_US East_1': 20, 'D8pls_v5_US East_2': 20, 'D8pls_v5_US East_3': 20, 'D8ps_v5_US East_1': 20, 'D8ps_v5_US East_2': 20, 'D8ps_v5_US East_3': 20, 'D96ads_v6_US East_1': 20, 'D96alds_v6_US East_2': 20, 'D96als_v6_US East_2': 20, 'D96as_v6_US East_3': 20, 'DC1s_v2_US East_3': 20, 'DC2s_v2_US East_2': 20, 'E16ads_v6_US East_1': 20, 'E16ads_v6_US East_2': 20, 'E16as_v6_US East_1': 20, 'E16as_v6_US East_2': 20, 'E20ads_v6_US East_2': 20, 'E20ads_v6_US East_3': 20, 'E20as_v6_US East_1': 20, 'E20as_v6_US East_3': 20, 'E2ads_v6_US East_1': 20, 'E2ads_v6_US East_2': 20, 'E2ads_v6_US East_3': 20, 'E2as_v6_US East_1': 20, 'E2as_v6_US East_2': 20, 'E2as_v6_US East_3': 20, 'E2ps_v5_US East_1': 20, 'E2ps_v5_US East_2': 20, 'E2ps_v5_US East_3': 20, 'E32ads_v6_US East_2': 20, 'E32as_v6_US East_2': 20, 'E48ads_v6_US East_3': 20, 'E48as_v6_US East_2': 20, 'E4ads_v6_US East_1': 20, 'E4ads_v6_US East_2': 20, 'E4ads_v6_US East_3': 20, 'E4as_v6_US East_1': 20, 'E4as_v6_US East_2': 20, 'E4as_v6_US East_3': 20, 'E4ps_v5_US East_1': 20, 'E4ps_v5_US East_2': 20, 'E4ps_v5_US East_3': 20, 'E64ads_v6_US East_1': 20, 'E64as_v6_US East_3': 20, 'E8ads_v6_US East_2': 20, 'E8ads_v6_US East_3': 20, 'E8as_v6_US East_1': 20, 'E8as_v6_US East_3': 20, 'E8ps_v5_US East_2': 20, 'E96-24ads_v6_US East_1': 20, 'E96-48ads_v6_US East_2': 20, 'E96ads_v6_US East_3': 20, 'E96as_v6_US East_2': 20, 'F16als_v6_US East_2': 20, 'F16als_v6_US East_3': 20, 'F16ams_v6_US East_1': 20, 'F16ams_v6_US East_3': 20, 'F16as_v6_US East_1': 20, 'F16as_v6_US East_3': 20, 'F2als_v6_US East_1': 20, 'F2als_v6_US East_2': 20, 'F2als_v6_US East_3': 20, 'F2ams_v6_US East_1': 20, 'F2ams_v6_US East_2': 20, 'F2ams_v6_US East_3': 20, 'F2as_v6_US East_1': 20, 'F2as_v6_US East_2': 20, 'F2as_v6_US East_3': 20, 'F32als_v6_US East_3': 20, 'F32ams_v6_US East_1': 20, 'F32as_v6_US East_1': 20, 'F48als_v6_US East_2': 20, 'F48ams_v6_US East_2': 20, 'F48as_v6_US East_1': 20, 'F4als_v6_US East_1': 20, 'F4als_v6_US East_2': 20, 'F4als_v6_US East_3': 20, 'F4ams_v6_US East_1': 20, 'F4ams_v6_US East_2': 20, 'F4ams_v6_US East_3': 20, 'F4as_v6_US East_1': 20, 'F4as_v6_US East_2': 20, 'F4as_v6_US East_3': 20, 'F64als_v6_US East_1': 20, 'F64ams_v6_US East_1': 20, 'F64as_v6_US East_1': 20, 'F8als_v6_US East_1': 20, 'F8als_v6_US East_2': 20, 'F8ams_v6_US East_1': 20, 'F8ams_v6_US East_2': 20, 'F8as_v6_US East_2': 20, 'F8as_v6_US East_3': 20, 'M16-8ms_US East_1': 20, 'M16-8ms_US East_2': 20, 'M16-8ms_US East_3': 20, 'M16ms_US East_1': 20, 'M16ms_US East_2': 20, 'M16ms_US East_3': 20, 'M32-16ms_US East_1': 20, 'M32-16ms_US East_3': 20, 'M32-8ms_US East_1': 20, 'M32-8ms_US East_3': 20, 'M32dms_v2_US East_1': 20, 'M32dms_v2_US East_2': 20, 'M32dms_v2_US East_3': 20, 'M32ls_US East_1': 20, 'M32ls_US East_2': 20, 'M32ls_US East_3': 20, 'M32ms_US East_2': 20, 'M32ms_US East_3': 20, 'M32ms_v2_US East_1': 20, 'M32ms_v2_US East_2': 20, 'M32ms_v2_US East_3': 20, 'M32ts_US East_1': 20, 'M32ts_US East_2': 20, 'M32ts_US East_3': 20, 'M64s_v2_US East_1': 20, 'M8-4ms_US East_1': 20, 'M8-4ms_US East_2': 20, 'M8-4ms_US East_3': 20, 'M8ms_US East_1': 20, 'M8ms_US East_2': 20, 'M8ms_US East_3': 20, 'NV4as_v4_US East_1': 20, 'NV4as_v4_US East_2': 20, 'NV4as_v4_US East_3': 20, 'NV6ads_A10_v5_US East_1': 20, 'NV6ads_A10_v5_US East_2': 20, 'NV8as_v4_US East_1': 20, 'NV8as_v4_US East_2': 20, 'NV8as_v4_US East_3': 20}"
0.92,1290.9447399999997,1838646816,1424264.5399368533,68540,68140,"{'B16pls_v2_US East_1': 20, 'B16pls_v2_US East_2': 20, 'B16pls_v2_US East_3': 20, 'B16ps_v2_US East_3': 20, 'B2pls_v2_US East_1': 20, 'B2pls_v2_US East_2': 20, 'B2pls_v2_US East_3': 20, 'B2ps_v2_US East_1': 20, 'B2ps_v2_US East_2': 20, 'B2ps_v2_US East_3': 20, 'B4pls_v2_US East_1': 20, 'B4pls_v2_US East_2': 20, 'B4pls_v2_US East_3': 20, 'B4ps_v2_US East_1': 20, 'B4ps_v2_US East_2': 20, 'B4ps_v2_US East_3': 20, 'B8pls_v2_US East_1': 20, 'B8pls_v2_US East_2': 20, 'B8pls_v2_US East_3': 20, 'B8ps_v2_US East_1': 20, 'B8ps_v2_US East_2': 20, 'B8ps_v2_US East_3': 20, 'D16ads_v6_US East_2': 20, 'D16ads_v6_US East_3': 20, 'D16alds_v6_US East_1': 20, 'D16alds_v6_US East_3': 20, 'D16als_v6_US East_1': 20, 'D16als_v6_US East_3': 20, 'D16as_v6_US East_1': 20, 'D16as_v6_US East_2': 20, 'D16pds_v5_US East_1': 20, 'D16plds_v5_US East_2': 20, 'D16plds_v5_US East_3': 20, 'D16pls_v5_US East_2': 20, 'D16pls_v5_US East_3': 20, 'D16ps_v5_US East_3': 20, 'D2ads_v6_US East_1': 20, 'D2ads_v6_US East_2': 20, 'D2ads_v6_US East_3': 20, 'D2alds_v6_US East_1': 20, 'D2alds_v6_US East_2': 20, 'D2alds_v6_US East_3': 20, 'D2als_v6_US East_1': 20, 'D2als_v6_US East_2': 20, 'D2als_v6_US East_3': 20, 'D2as_v6_US East_1': 20, 'D2as_v6_US East_2': 20, 'D2as_v6_US East_3': 20, 'D2pds_v5_US East_1': 20, 'D2pds_v5_US East_2': 20, 'D2pds_v5_US East_3': 20, 'D2plds_v5_US East_1': 20, 'D2plds_v5_US East_2': 20, 'D2plds_v5_US East_3': 20, 'D2pls_v5_US East_1': 20, 'D2pls_v5_US East_2': 20, 'D2pls_v5_US East_3': 20, 'D2ps_v5_US East_1': 20, 'D2ps_v5_US East_2': 20, 'D2ps_v5_US East_3': 20, 'D32ads_v6_US East_1': 20, 'D32ads_v6_US East_3': 20, 'D32alds_v6_US East_1': 20, 'D32alds_v6_US East_3': 20, 'D32als_v6_US East_2': 20, 'D32als_v6_US East_3': 20, 'D32as_v6_US East_1': 20, 'D32as_v6_US East_3': 20, 'D32plds_v5_US East_3': 20, 'D32pls_v5_US East_2': 20, 'D48ads_v6_US East_1': 20, 'D48alds_v6_US East_2': 20, 'D48als_v6_US East_1': 20, 'D48als_v6_US East_3': 20, 'D4ads_v6_US East_1': 20, 'D4ads_v6_US East_2': 20, 'D4ads_v6_US East_3': 20, 'D4alds_v6_US East_1': 20, 'D4alds_v6_US East_2': 20, 'D4alds_v6_US East_3': 20, 'D4als_v6_US East_1': 20, 'D4als_v6_US East_2': 20, 'D4als_v6_US East_3': 20, 'D4as_v6_US East_1': 20, 'D4as_v6_US East_2': 20, 'D4as_v6_US East_3': 20, 'D4pds_v5_US East_1': 20, 'D4pds_v5_US East_2': 20, 'D4pds_v5_US East_3': 20, 'D4plds_v5_US East_1': 20, 'D4plds_v5_US East_2': 20, 'D4plds_v5_US East_3': 20, 'D4pls_v5_US East_1': 20, 'D4pls_v5_US East_2': 20, 'D4pls_v5_US East_3': 20, 'D4ps_v5_US East_1': 20, 'D4ps_v5_US East_2': 20, 'D4ps_v5_US East_3': 20, 'D64ads_v6_US East_2': 20, 'D64alds_v6_US East_3': 20, 'D64als_v6_US East_3': 20, 'D64as_v6_US East_2': 20, 'D8ads_v6_US East_1': 20, 'D8ads_v6_US East_2': 20, 'D8ads_v6_US East_3': 20, 'D8alds_v6_US East_1': 20, 'D8alds_v6_US East_2': 20, 'D8alds_v6_US East_3': 20, 'D8als_v6_US East_1': 20, 'D8als_v6_US East_2': 20, 'D8als_v6_US East_3': 20, 'D8as_v6_US East_1': 20, 'D8as_v6_US East_2': 20, 'D8as_v6_US East_3': 20, 'D8plds_v5_US East_1': 20, 'D8plds_v5_US East_2': 20, 'D8plds_v5_US East_3': 20, 'D8pls_v5_US East_1': 20, 'D8pls_v5_US East_2': 20, 'D8pls_v5_US East_3': 20, 'D8ps_v5_US East_1': 20, 'D8ps_v5_US East_2': 20, 'D8ps_v5_US East_3': 20, 'D96ads_v6_US East_1': 20, 'D96alds_v6_US East_2': 20, 'D96als_v6_US East_2': 20, 'D96as_v6_US East_3': 20, 'DC1s_v2_US East_3': 20, 'DC2s_v2_US East_2': 20, 'E16ads_v6_US East_1': 20, 'E16ads_v6_US East_2': 20, 'E16as_v6_US East_1': 20, 'E16as_v6_US East_2': 20, 'E20ads_v6_US East_2': 20, 'E20ads_v6_US East_3': 20, 'E20as_v6_US East_1': 20, 'E20as_v6_US East_3': 20, 'E2ads_v6_US East_1': 20, 'E2ads_v6_US East_2': 20, 'E2ads_v6_US East_3': 20, 'E2as_v6_US East_1': 20, 'E2as_v6_US East_2': 20, 'E2as_v6_US East_3': 20, 'E2ps_v5_US East_1': 20, 'E2ps_v5_US East_2': 20, 'E2ps_v5_US East_3': 20, 'E32ads_v6_US East_2': 20, 'E32as_v6_US East_2': 20, 'E48ads_v6_US East_3': 20, 'E48as_v6_US East_2': 20, 'E4ads_v6_US East_1': 20, 'E4ads_v6_US East_2': 20, 'E4ads_v6_US East_3': 20, 'E4as_v6_US East_1': 20, 'E4as_v6_US East_2': 20, 'E4as_v6_US East_3': 20, 'E4ps_v5_US East_1': 20, 'E4ps_v5_US East_2': 20, 'E4ps_v5_US East_3': 20, 'E64ads_v6_US East_1': 20, 'E64as_v6_US East_3': 20, 'E8ads_v6_US East_2': 20, 'E8ads_v6_US East_3': 20, 'E8as_v6_US East_1': 20, 'E8as_v6_US East_3': 20, 'E8ps_v5_US East_2': 20, 'E96-24ads_v6_US East_1': 20, 'E96-48ads_v6_US East_2': 20, 'E96ads_v6_US East_3': 20, 'E96as_v6_US East_2': 20, 'F16als_v6_US East_2': 20, 'F16als_v6_US East_3': 20, 'F16ams_v6_US East_1': 20, 'F16ams_v6_US East_3': 20, 'F16as_v6_US East_1': 20, 'F16as_v6_US East_3': 20, 'F2als_v6_US East_1': 20, 'F2als_v6_US East_2': 20, 'F2als_v6_US East_3': 20, 'F2ams_v6_US East_1': 20, 'F2ams_v6_US East_2': 20, 'F2ams_v6_US East_3': 20, 'F2as_v6_US East_1': 20, 'F2as_v6_US East_2': 20, 'F2as_v6_US East_3': 20, 'F32als_v6_US East_3': 20, 'F32ams_v6_US East_1': 20, 'F32as_v6_US East_1': 20, 'F48als_v6_US East_2': 20, 'F48ams_v6_US East_2': 20, 'F48as_v6_US East_1': 20, 'F4als_v6_US East_1': 20, 'F4als_v6_US East_2': 20, 'F4als_v6_US East_3': 20, 'F4ams_v6_US East_1': 20, 'F4ams_v6_US East_2': 20, 'F4ams_v6_US East_3': 20, 'F4as_v6_US East_1': 20, 'F4as_v6_US East_2': 20, 'F4as_v6_US East_3': 20, 'F64als_v6_US East_1': 20, 'F64ams_v6_US East_1': 20, 'F64as_v6_US East_1': 20, 'F8als_v6_US East_1': 20, 'F8als_v6_US East_2': 20, 'F8ams_v6_US East_1': 20, 'F8ams_v6_US East_2': 20, 'F8as_v6_US East_2': 20, 'F8as_v6_US East_3': 20, 'M16-8ms_US East_1': 20, 'M16-8ms_US East_2': 20, 'M16-8ms_US East_3': 20, 'M16ms_US East_1': 20, 'M16ms_US East_2': 20, 'M16ms_US East_3': 20, 'M32-16ms_US East_1': 20, 'M32-16ms_US East_3': 20, 'M32-8ms_US East_1': 20, 'M32-8ms_US East_3': 20, 'M32dms_v2_US East_1': 20, 'M32dms_v2_US East_2': 20, 'M32dms_v2_US East_3': 20, 'M32ls_US East_1': 20, 'M32ls_US East_2': 20, 'M32ls_US East_3': 20, 'M32ms_US East_2': 20, 'M32ms_US East_3': 20, 'M32ms_v2_US East_1': 20, 'M32ms_v2_US East_2': 20, 'M32ms_v2_US East_3': 20, 'M32ts_US East_1': 20, 'M32ts_US East_2': 20, 'M32ts_US East_3': 20, 'M64s_v2_US East_1': 20, 'M8-4ms_US East_1': 20, 'M8-4ms_US East_2': 20, 'M8-4ms_US East_3': 20, 'M8ms_US East_1': 20, 'M8ms_US East_2': 20, 'M8ms_US East_3': 20, 'NV4as_v4_US East_1': 20, 'NV4as_v4_US East_2': 20, 'NV4as_v4_US East_3': 20, 'NV6ads_A10_v5_US East_1': 20, 'NV6ads_A10_v5_US East_2': 20, 'NV8as_v4_US East_1': 20, 'NV8as_v4_US East_2': 20, 'NV8as_v4_US East_3': 20}"
0.93,1290.9447399999997,1838646816,1424264.5399368533,68540,68140,"{'B16pls_v2_US East_1': 20, 'B16pls_v2_US East_2': 20, 'B16pls_v2_US East_3': 20, 'B16ps_v2_US East_3': 20, 'B2pls_v2_US East_1': 20, 'B2pls_v2_US East_2': 20, 'B2pls_v2_US East_3': 20, 'B2ps_v2_US East_1': 20, 'B2ps_v2_US East_2': 20, 'B2ps_v2_US East_3': 20, 'B4pls_v2_US East_1': 20, 'B4pls_v2_US East_2': 20, 'B4pls_v2_US East_3': 20, 'B4ps_v2_US East_1': 20, 'B4ps_v2_US East_2': 20, 'B4ps_v2_US East_3': 20, 'B8pls_v2_US East_1': 20, 'B8pls_v2_US East_2': 20, 'B8pls_v2_US East_3': 20, 'B8ps_v2_US East_1': 20, 'B8ps_v2_US East_2': 20, 'B8ps_v2_US East_3': 20, 'D16ads_v6_US East_2': 20, 'D16ads_v6_US East_3': 20, 'D16alds_v6_US East_1': 20, 'D16alds_v6_US East_3': 20, 'D16als_v6_US East_1': 20, 'D16als_v6_US East_3': 20, 'D16as_v6_US East_1': 20, 'D16as_v6_US East_2': 20, 'D16pds_v5_US East_1': 20, 'D16plds_v5_US East_2': 20, 'D16plds_v5_US East_3': 20, 'D16pls_v5_US East_2': 20, 'D16pls_v5_US East_3': 20, 'D16ps_v5_US East_3': 20, 'D2ads_v6_US East_1': 20, 'D2ads_v6_US East_2': 20, 'D2ads_v6_US East_3': 20, 'D2alds_v6_US East_1': 20, 'D2alds_v6_US East_2': 20, 'D2alds_v6_US East_3': 20, 'D2als_v6_US East_1': 20, 'D2als_v6_US East_2': 20, 'D2als_v6_US East_3': 20, 'D2as_v6_US East_1': 20, 'D2as_v6_US East_2': 20, 'D2as_v6_US East_3': 20, 'D2pds_v5_US East_1': 20, 'D2pds_v5_US East_2': 20, 'D2pds_v5_US East_3': 20, 'D2plds_v5_US East_1': 20, 'D2plds_v5_US East_2': 20, 'D2plds_v5_US East_3': 20, 'D2pls_v5_US East_1': 20, 'D2pls_v5_US East_2': 20, 'D2pls_v5_US East_3': 20, 'D2ps_v5_US East_1': 20, 'D2ps_v5_US East_2': 20, 'D2ps_v5_US East_3': 20, 'D32ads_v6_US East_1': 20, 'D32ads_v6_US East_3': 20, 'D32alds_v6_US East_1': 20, 'D32alds_v6_US East_3': 20, 'D32als_v6_US East_2': 20, 'D32als_v6_US East_3': 20, 'D32as_v6_US East_1': 20, 'D32as_v6_US East_3': 20, 'D32plds_v5_US East_3': 20, 'D32pls_v5_US East_2': 20, 'D48ads_v6_US East_1': 20, 'D48alds_v6_US East_2': 20, 'D48als_v6_US East_1': 20, 'D48als_v6_US East_3': 20, 'D4ads_v6_US East_1': 20, 'D4ads_v6_US East_2': 20, 'D4ads_v6_US East_3': 20, 'D4alds_v6_US East_1': 20, 'D4alds_v6_US East_2': 20, 'D4alds_v6_US East_3': 20, 'D4als_v6_US East_1': 20, 'D4als_v6_US East_2': 20, 'D4als_v6_US East_3': 20, 'D4as_v6_US East_1': 20, 'D4as_v6_US East_2': 20, 'D4as_v6_US East_3': 20, 'D4pds_v5_US East_1': 20, 'D4pds_v5_US East_2': 20, 'D4pds_v5_US East_3': 20, 'D4plds_v5_US East_1': 20, 'D4plds_v5_US East_2': 20, 'D4plds_v5_US East_3': 20, 'D4pls_v5_US East_1': 20, 'D4pls_v5_US East_2': 20, 'D4pls_v5_US East_3': 20, 'D4ps_v5_US East_1': 20, 'D4ps_v5_US East_2': 20, 'D4ps_v5_US East_3': 20, 'D64ads_v6_US East_2': 20, 'D64alds_v6_US East_3': 20, 'D64als_v6_US East_3': 20, 'D64as_v6_US East_2': 20, 'D8ads_v6_US East_1': 20, 'D8ads_v6_US East_2': 20, 'D8ads_v6_US East_3': 20, 'D8alds_v6_US East_1': 20, 'D8alds_v6_US East_2': 20, 'D8alds_v6_US East_3': 20, 'D8als_v6_US East_1': 20, 'D8als_v6_US East_2': 20, 'D8als_v6_US East_3': 20, 'D8as_v6_US East_1': 20, 'D8as_v6_US East_2': 20, 'D8as_v6_US East_3': 20, 'D8plds_v5_US East_1': 20, 'D8plds_v5_US East_2': 20, 'D8plds_v5_US East_3': 20, 'D8pls_v5_US East_1': 20, 'D8pls_v5_US East_2': 20, 'D8pls_v5_US East_3': 20, 'D8ps_v5_US East_1': 20, 'D8ps_v5_US East_2': 20, 'D8ps_v5_US East_3': 20, 'D96ads_v6_US East_1': 20, 'D96alds_v6_US East_2': 20, 'D96als_v6_US East_2': 20, 'D96as_v6_US East_3': 20, 'DC1s_v2_US East_3': 20, 'DC2s_v2_US East_2': 20, 'E16ads_v6_US East_1': 20, 'E16ads_v6_US East_2': 20, 'E16as_v6_US East_1': 20, 'E16as_v6_US East_2': 20, 'E20ads_v6_US East_2': 20, 'E20ads_v6_US East_3': 20, 'E20as_v6_US East_1': 20, 'E20as_v6_US East_3': 20, 'E2ads_v6_US East_1': 20, 'E2ads_v6_US East_2': 20, 'E2ads_v6_US East_3': 20, 'E2as_v6_US East_1': 20, 'E2as_v6_US East_2': 20, 'E2as_v6_US East_3': 20, 'E2ps_v5_US East_1': 20, 'E2ps_v5_US East_2': 20, 'E2ps_v5_US East_3': 20, 'E32ads_v6_US East_2': 20, 'E32as_v6_US East_2': 20, 'E48ads_v6_US East_3': 20, 'E48as_v6_US East_2': 20, 'E4ads_v6_US East_1': 20, 'E4ads_v6_US East_2': 20, 'E4ads_v6_US East_3': 20, 'E4as_v6_US East_1': 20, 'E4as_v6_US East_2': 20, 'E4as_v6_US East_3': 20, 'E4ps_v5_US East_1': 20, 'E4ps_v5_US East_2': 20, 'E4ps_v5_US East_3': 20, 'E64ads_v6_US East_1': 20, 'E64as_v6_US East_3': 20, 'E8ads_v6_US East_2': 20, 'E8ads_v6_US East_3': 20, 'E8as_v6_US East_1': 20, 'E8as_v6_US East_3': 20, 'E8ps_v5_US East_2': 20, 'E96-24ads_v6_US East_1': 20, 'E96-48ads_v6_US East_2': 20, 'E96ads_v6_US East_3': 20, 'E96as_v6_US East_2': 20, 'F16als_v6_US East_2': 20, 'F16als_v6_US East_3': 20, 'F16ams_v6_US East_1': 20, 'F16ams_v6_US East_3': 20, 'F16as_v6_US East_1': 20, 'F16as_v6_US East_3': 20, 'F2als_v6_US East_1': 20, 'F2als_v6_US East_2': 20, 'F2als_v6_US East_3': 20, 'F2ams_v6_US East_1': 20, 'F2ams_v6_US East_2': 20, 'F2ams_v6_US East_3': 20, 'F2as_v6_US East_1': 20, 'F2as_v6_US East_2': 20, 'F2as_v6_US East_3': 20, 'F32als_v6_US East_3': 20, 'F32ams_v6_US East_1': 20, 'F32as_v6_US East_1': 20, 'F48als_v6_US East_2': 20, 'F48ams_v6_US East_2': 20, 'F48as_v6_US East_1': 20, 'F4als_v6_US East_1': 20, 'F4als_v6_US East_2': 20, 'F4als_v6_US East_3': 20, 'F4ams_v6_US East_1': 20, 'F4ams_v6_US East_2': 20, 'F4ams_v6_US East_3': 20, 'F4as_v6_US East_1': 20, 'F4as_v6_US East_2': 20, 'F4as_v6_US East_3': 20, 'F64als_v6_US East_1': 20, 'F64ams_v6_US East_1': 20, 'F64as_v6_US East_1': 20, 'F8als_v6_US East_1': 20, 'F8als_v6_US East_2': 20, 'F8ams_v6_US East_1': 20, 'F8ams_v6_US East_2': 20, 'F8as_v6_US East_2': 20, 'F8as_v6_US East_3': 20, 'M16-8ms_US East_1': 20, 'M16-8ms_US East_2': 20, 'M16-8ms_US East_3': 20, 'M16ms_US East_1': 20, 'M16ms_US East_2': 20, 'M16ms_US East_3': 20, 'M32-16ms_US East_1': 20, 'M32-16ms_US East_3': 20, 'M32-8ms_US East_1': 20, 'M32-8ms_US East_3': 20, 'M32dms_v2_US East_1': 20, 'M32dms_v2_US East_2': 20, 'M32dms_v2_US East_3': 20, 'M32ls_US East_1': 20, 'M32ls_US East_2': 20, 'M32ls_US East_3': 20, 'M32ms_US East_2': 20, 'M32ms_US East_3': 20, 'M32ms_v2_US East_1': 20, 'M32ms_v2_US East_2': 20, 'M32ms_v2_US East_3': 20, 'M32ts_US East_1': 20, 'M32ts_US East_2': 20, 'M32ts_US East_3': 20, 'M64s_v2_US East_1': 20, 'M8-4ms_US East_1': 20, 'M8-4ms_US East_2': 20, 'M8-4ms_US East_3': 20, 'M8ms_US East_1': 20, 'M8ms_US East_2': 20, 'M8ms_US East_3': 20, 'NV4as_v4_US East_1': 20, 'NV4as_v4_US East_2': 20, 'NV4as_v4_US East_3': 20, 'NV6ads_A10_v5_US East_1': 20, 'NV6ads_A10_v5_US East_2': 20, 'NV8as_v4_US East_1': 20, 'NV8as_v4_US East_2': 20, 'NV8as_v4_US East_3': 20}"
0.9400000000000001,1290.9447399999997,1838646816,1424264.5399368533,68540,68140,"{'B16pls_v2_US East_1': 20, 'B16pls_v2_US East_2': 20, 'B16pls_v2_US East_3': 20, 'B16ps_v2_US East_3': 20, 'B2pls_v2_US East_1': 20, 'B2pls_v2_US East_2': 20, 'B2pls_v2_US East_3': 20, 'B2ps_v2_US East_1': 20, 'B2ps_v2_US East_2': 20, 'B2ps_v2_US East_3': 20, 'B4pls_v2_US East_1': 20, 'B4pls_v2_US East_2': 20, 'B4pls_v2_US East_3': 20, 'B4ps_v2_US East_1': 20, 'B4ps_v2_US East_2': 20, 'B4ps_v2_US East_3': 20, 'B8pls_v2_US East_1': 20, 'B8pls_v2_US East_2': 20, 'B8pls_v2_US East_3': 20, 'B8ps_v2_US East_1': 20, 'B8ps_v2_US East_2': 20, 'B8ps_v2_US East_3': 20, 'D16ads_v6_US East_2': 20, 'D16ads_v6_US East_3': 20, 'D16alds_v6_US East_1': 20, 'D16alds_v6_US East_3': 20, 'D16als_v6_US East_1': 20, 'D16als_v6_US East_3': 20, 'D16as_v6_US East_1': 20, 'D16as_v6_US East_2': 20, 'D16pds_v5_US East_1': 20, 'D16plds_v5_US East_2': 20, 'D16plds_v5_US East_3': 20, 'D16pls_v5_US East_2': 20, 'D16pls_v5_US East_3': 20, 'D16ps_v5_US East_3': 20, 'D2ads_v6_US East_1': 20, 'D2ads_v6_US East_2': 20, 'D2ads_v6_US East_3': 20, 'D2alds_v6_US East_1': 20, 'D2alds_v6_US East_2': 20, 'D2alds_v6_US East_3': 20, 'D2als_v6_US East_1': 20, 'D2als_v6_US East_2': 20, 'D2als_v6_US East_3': 20, 'D2as_v6_US East_1': 20, 'D2as_v6_US East_2': 20, 'D2as_v6_US East_3': 20, 'D2pds_v5_US East_1': 20, 'D2pds_v5_US East_2': 20, 'D2pds_v5_US East_3': 20, 'D2plds_v5_US East_1': 20, 'D2plds_v5_US East_2': 20, 'D2plds_v5_US East_3': 20, 'D2pls_v5_US East_1': 20, 'D2pls_v5_US East_2': 20, 'D2pls_v5_US East_3': 20, 'D2ps_v5_US East_1': 20, 'D2ps_v5_US East_2': 20, 'D2ps_v5_US East_3': 20, 'D32ads_v6_US East_1': 20, 'D32ads_v6_US East_3': 20, 'D32alds_v6_US East_1': 20, 'D32alds_v6_US East_3': 20, 'D32als_v6_US East_2': 20, 'D32als_v6_US East_3': 20, 'D32as_v6_US East_1': 20, 'D32as_v6_US East_3': 20, 'D32plds_v5_US East_3': 20, 'D32pls_v5_US East_2': 20, 'D48ads_v6_US East_1': 20, 'D48alds_v6_US East_2': 20, 'D48als_v6_US East_1': 20, 'D48als_v6_US East_3': 20, 'D4ads_v6_US East_1': 20, 'D4ads_v6_US East_2': 20, 'D4ads_v6_US East_3': 20, 'D4alds_v6_US East_1': 20, 'D4alds_v6_US East_2': 20, 'D4alds_v6_US East_3': 20, 'D4als_v6_US East_1': 20, 'D4als_v6_US East_2': 20, 'D4als_v6_US East_3': 20, 'D4as_v6_US East_1': 20, 'D4as_v6_US East_2': 20, 'D4as_v6_US East_3': 20, 'D4pds_v5_US East_1': 20, 'D4pds_v5_US East_2': 20, 'D4pds_v5_US East_3': 20, 'D4plds_v5_US East_1': 20, 'D4plds_v5_US East_2': 20, 'D4plds_v5_US East_3': 20, 'D4pls_v5_US East_1': 20, 'D4pls_v5_US East_2': 20, 'D4pls_v5_US East_3': 20, 'D4ps_v5_US East_1': 20, 'D4ps_v5_US East_2': 20, 'D4ps_v5_US East_3': 20, 'D64ads_v6_US East_2': 20, 'D64alds_v6_US East_3': 20, 'D64als_v6_US East_3': 20, 'D64as_v6_US East_2': 20, 'D8ads_v6_US East_1': 20, 'D8ads_v6_US East_2': 20, 'D8ads_v6_US East_3': 20, 'D8alds_v6_US East_1': 20, 'D8alds_v6_US East_2': 20, 'D8alds_v6_US East_3': 20, 'D8als_v6_US East_1': 20, 'D8als_v6_US East_2': 20, 'D8als_v6_US East_3': 20, 'D8as_v6_US East_1': 20, 'D8as_v6_US East_2': 20, 'D8as_v6_US East_3': 20, 'D8plds_v5_US East_1': 20, 'D8plds_v5_US East_2': 20, 'D8plds_v5_US East_3': 20, 'D8pls_v5_US East_1': 20, 'D8pls_v5_US East_2': 20, 'D8pls_v5_US East_3': 20, 'D8ps_v5_US East_1': 20, 'D8ps_v5_US East_2': 20, 'D8ps_v5_US East_3': 20, 'D96ads_v6_US East_1': 20, 'D96alds_v6_US East_2': 20, 'D96als_v6_US East_2': 20, 'D96as_v6_US East_3': 20, 'DC1s_v2_US East_3': 20, 'DC2s_v2_US East_2': 20, 'E16ads_v6_US East_1': 20, 'E16ads_v6_US East_2': 20, 'E16as_v6_US East_1': 20, 'E16as_v6_US East_2': 20, 'E20ads_v6_US East_2': 20, 'E20ads_v6_US East_3': 20, 'E20as_v6_US East_1': 20, 'E20as_v6_US East_3': 20, 'E2ads_v6_US East_1': 20, 'E2ads_v6_US East_2': 20, 'E2ads_v6_US East_3': 20, 'E2as_v6_US East_1': 20, 'E2as_v6_US East_2': 20, 'E2as_v6_US East_3': 20, 'E2ps_v5_US East_1': 20, 'E2ps_v5_US East_2': 20, 'E2ps_v5_US East_3': 20, 'E32ads_v6_US East_2': 20, 'E32as_v6_US East_2': 20, 'E48ads_v6_US East_3': 20, 'E48as_v6_US East_2': 20, 'E4ads_v6_US East_1': 20, 'E4ads_v6_US East_2': 20, 'E4ads_v6_US East_3': 20, 'E4as_v6_US East_1': 20, 'E4as_v6_US East_2': 20, 'E4as_v6_US East_3': 20, 'E4ps_v5_US East_1': 20, 'E4ps_v5_US East_2': 20, 'E4ps_v5_US East_3': 20, 'E64ads_v6_US East_1': 20, 'E64as_v6_US East_3': 20, 'E8ads_v6_US East_2': 20, 'E8ads_v6_US East_3': 20, 'E8as_v6_US East_1': 20, 'E8as_v6_US East_3': 20, 'E8ps_v5_US East_2': 20, 'E96-24ads_v6_US East_1': 20, 'E96-48ads_v6_US East_2': 20, 'E96ads_v6_US East_3': 20, 'E96as_v6_US East_2': 20, 'F16als_v6_US East_2': 20, 'F16als_v6_US East_3': 20, 'F16ams_v6_US East_1': 20, 'F16ams_v6_US East_3': 20, 'F16as_v6_US East_1': 20, 'F16as_v6_US East_3': 20, 'F2als_v6_US East_1': 20, 'F2als_v6_US East_2': 20, 'F2als_v6_US East_3': 20, 'F2ams_v6_US East_1': 20, 'F2ams_v6_US East_2': 20, 'F2ams_v6_US East_3': 20, 'F2as_v6_US East_1': 20, 'F2as_v6_US East_2': 20, 'F2as_v6_US East_3': 20, 'F32als_v6_US East_3': 20, 'F32ams_v6_US East_1': 20, 'F32as_v6_US East_1': 20, 'F48als_v6_US East_2': 20, 'F48ams_v6_US East_2': 20, 'F48as_v6_US East_1': 20, 'F4als_v6_US East_1': 20, 'F4als_v6_US East_2': 20, 'F4als_v6_US East_3': 20, 'F4ams_v6_US East_1': 20, 'F4ams_v6_US East_2': 20, 'F4ams_v6_US East_3': 20, 'F4as_v6_US East_1': 20, 'F4as_v6_US East_2': 20, 'F4as_v6_US East_3': 20, 'F64als_v6_US East_1': 20, 'F64ams_v6_US East_1': 20, 'F64as_v6_US East_1': 20, 'F8als_v6_US East_1': 20, 'F8als_v6_US East_2': 20, 'F8ams_v6_US East_1': 20, 'F8ams_v6_US East_2': 20, 'F8as_v6_US East_2': 20, 'F8as_v6_US East_3': 20, 'M16-8ms_US East_1': 20, 'M16-8ms_US East_2': 20, 'M16-8ms_US East_3': 20, 'M16ms_US East_1': 20, 'M16ms_US East_2': 20, 'M16ms_US East_3': 20, 'M32-16ms_US East_1': 20, 'M32-16ms_US East_3': 20, 'M32-8ms_US East_1': 20, 'M32-8ms_US East_3': 20, 'M32dms_v2_US East_1': 20, 'M32dms_v2_US East_2': 20, 'M32dms_v2_US East_3': 20, 'M32ls_US East_1': 20, 'M32ls_US East_2': 20, 'M32ls_US East_3': 20, 'M32ms_US East_2': 20, 'M32ms_US East_3': 20, 'M32ms_v2_US East_1': 20, 'M32ms_v2_US East_2': 20, 'M32ms_v2_US East_3': 20, 'M32ts_US East_1': 20, 'M32ts_US East_2': 20, 'M32ts_US East_3': 20, 'M64s_v2_US East_1': 20, 'M8-4ms_US East_1': 20, 'M8-4ms_US East_2': 20, 'M8-4ms_US East_3': 20, 'M8ms_US East_1': 20, 'M8ms_US East_2': 20, 'M8ms_US East_3': 20, 'NV4as_v4_US East_1': 20, 'NV4as_v4_US East_2': 20, 'NV4as_v4_US East_3': 20, 'NV6ads_A10_v5_US East_1': 20, 'NV6ads_A10_v5_US East_2': 20, 'NV8as_v4_US East_1': 20, 'NV8as_v4_US East_2': 20, 'NV8as_v4_US East_3': 20}"
0.9500000000000001,1342.05484,1843702356,1373790.6240850785,68900,68500,"{'B16pls_v2_US East_1': 20, 'B16pls_v2_US East_2': 20, 'B16pls_v2_US East_3': 20, 'B16ps_v2_US East_3': 20, 'B2pls_v2_US East_1': 20, 'B2pls_v2_US East_2': 20, 'B2pls_v2_US East_3': 20, 'B2ps_v2_US East_1': 20, 'B2ps_v2_US East_2': 20, 'B2ps_v2_US East_3': 20, 'B4pls_v2_US East_1': 20, 'B4pls_v2_US East_2': 20, 'B4pls_v2_US East_3': 20, 'B4ps_v2_US East_1': 20, 'B4ps_v2_US East_2': 20, 'B4ps_v2_US East_3': 20, 'B8pls_v2_US East_1': 20, 'B8pls_v2_US East_2': 20, 'B8pls_v2_US East_3': 20, 'B8ps_v2_US East_1': 20, 'B8ps_v2_US East_2': 20, 'B8ps_v2_US East_3': 20, 'D16ads_v6_US East_2': 20, 'D16ads_v6_US East_3': 20, 'D16alds_v6_US East_1': 20, 'D16alds_v6_US East_3': 20, 'D16als_v6_US East_1': 20, 'D16als_v6_US East_3': 20, 'D16as_v6_US East_1': 20, 'D16as_v6_US East_2': 20, 'D16pds_v5_US East_1': 20, 'D16plds_v5_US East_2': 20, 'D16plds_v5_US East_3': 20, 'D16pls_v5_US East_2': 20, 'D16pls_v5_US East_3': 20, 'D16ps_v5_US East_3': 20, 'D2ads_v6_US East_1': 20, 'D2ads_v6_US East_2': 20, 'D2ads_v6_US East_3': 20, 'D2alds_v6_US East_1': 20, 'D2alds_v6_US East_2': 20, 'D2alds_v6_US East_3': 20, 'D2als_v6_US East_1': 20, 'D2als_v6_US East_2': 20, 'D2als_v6_US East_3': 20, 'D2as_v6_US East_1': 20, 'D2as_v6_US East_2': 20, 'D2as_v6_US East_3': 20, 'D2pds_v5_US East_1': 20, 'D2pds_v5_US East_2': 20, 'D2pds_v5_US East_3': 20, 'D2plds_v5_US East_1': 20, 'D2plds_v5_US East_2': 20, 'D2plds_v5_US East_3': 20, 'D2pls_v5_US East_1': 20, 'D2pls_v5_US East_2': 20, 'D2pls_v5_US East_3': 20, 'D2ps_v5_US East_1': 20, 'D2ps_v5_US East_2': 20, 'D2ps_v5_US East_3': 20, 'D32ads_v6_US East_1': 20, 'D32ads_v6_US East_3': 20, 'D32alds_v6_US East_1': 20, 'D32alds_v6_US East_3': 20, 'D32als_v6_US East_2': 20, 'D32als_v6_US East_3': 20, 'D32as_v6_US East_1': 20, 'D32as_v6_US East_3': 20, 'D32plds_v5_US East_3': 20, 'D32pls_v5_US East_2': 20, 'D48ads_v6_US East_1': 20, 'D48alds_v6_US East_2': 20, 'D48als_v6_US East_1': 20, 'D48als_v6_US East_3': 20, 'D4ads_v6_US East_1': 20, 'D4ads_v6_US East_2': 20, 'D4ads_v6_US East_3': 20, 'D4alds_v6_US East_1': 20, 'D4alds_v6_US East_2': 20, 'D4alds_v6_US East_3': 20, 'D4als_v6_US East_1': 20, 'D4als_v6_US East_2': 20, 'D4als_v6_US East_3': 20, 'D4as_v6_US East_1': 20, 'D4as_v6_US East_2': 20, 'D4as_v6_US East_3': 20, 'D4pds_v5_US East_1': 20, 'D4pds_v5_US East_2': 20, 'D4pds_v5_US East_3': 20, 'D4plds_v5_US East_1': 20, 'D4plds_v5_US East_2': 20, 'D4plds_v5_US East_3': 20, 'D4pls_v5_US East_1': 20, 'D4pls_v5_US East_2': 20, 'D4pls_v5_US East_3': 20, 'D4ps_v5_US East_1': 20, 'D4ps_v5_US East_2': 20, 'D4ps_v5_US East_3': 20, 'D64ads_v6_US East_2': 20, 'D64alds_v6_US East_3': 20, 'D64als_v6_US East_3': 20, 'D64as_v6_US East_2': 20, 'D8ads_v6_US East_1': 20, 'D8ads_v6_US East_2': 20, 'D8ads_v6_US East_3': 20, 'D8alds_v6_US East_1': 20, 'D8alds_v6_US East_2': 20, 'D8alds_v6_US East_3': 20, 'D8als_v6_US East_1': 20, 'D8als_v6_US East_2': 20, 'D8als_v6_US East_3': 20, 'D8as_v6_US East_1': 20, 'D8as_v6_US East_2': 20, 'D8as_v6_US East_3': 20, 'D8plds_v5_US East_1': 20, 'D8plds_v5_US East_2': 20, 'D8plds_v5_US East_3': 20, 'D8pls_v5_US East_1': 20, 'D8pls_v5_US East_2': 20, 'D8pls_v5_US East_3': 20, 'D8ps_v5_US East_1': 20, 'D8ps_v5_US East_2': 20, 'D8ps_v5_US East_3': 20, 'D96ads_v6_US East_1': 20, 'D96alds_v6_US East_2': 20, 'D96als_v6_US East_2': 20, 'D96as_v6_US East_3': 20, 'DC1s_v2_US East_3': 20, 'DC2s_v2_US East_2': 20, 'E16ads_v6_US East_1': 20, 'E16ads_v6_US East_2': 20, 'E16as_v6_US East_1': 20, 'E16as_v6_US East_2': 20, 'E20ads_v6_US East_2': 20, 'E20ads_v6_US East_3': 20, 'E20as_v6_US East_1': 20, 'E20as_v6_US East_3': 20, 'E2ads_v6_US East_1': 20, 'E2ads_v6_US East_2': 20, 'E2ads_v6_US East_3': 20, 'E2as_v6_US East_1': 20, 'E2as_v6_US East_2': 20, 'E2as_v6_US East_3': 20, 'E2ps_v5_US East_1': 20, 'E2ps_v5_US East_2': 20, 'E2ps_v5_US East_3': 20, 'E32ads_v6_US East_2': 20, 'E32as_v6_US East_2': 20, 'E48ads_v6_US East_3': 20, 'E48as_v6_US East_2': 20, 'E4ads_v6_US East_1': 20, 'E4ads_v6_US East_2': 20, 'E4ads_v6_US East_3': 20, 'E4as_v6_US East_1': 20, 'E4as_v6_US East_2': 20, 'E4as_v6_US East_3': 20, 'E4ps_v5_US East_1': 20, 'E4ps_v5_US East_2': 20, 'E4ps_v5_US East_3': 20, 'E64ads_v6_US East_1': 20, 'E64as_v6_US East_3': 20, 'E8ads_v6_US East_2': 20, 'E8ads_v6_US East_3': 20, 'E8as_v6_US East_1': 20, 'E8as_v6_US East_3': 20, 'E8ps_v5_US East_2': 20, 'E96-24ads_v6_US East_1': 20, 'E96-48ads_v6_US East_2': 20, 'E96ads_v6_US East_3': 20, 'E96as_v6_US East_2': 20, 'F16als_v6_US East_2': 20, 'F16als_v6_US East_3': 20, 'F16ams_v6_US East_1': 20, 'F16ams_v6_US East_3': 20, 'F16as_v6_US East_1': 20, 'F16as_v6_US East_3': 20, 'F2als_v6_US East_1': 20, 'F2als_v6_US East_2': 20, 'F2als_v6_US East_3': 20, 'F2ams_v6_US East_1': 20, 'F2ams_v6_US East_2': 20, 'F2ams_v6_US East_3': 20, 'F2as_v6_US East_1': 20, 'F2as_v6_US East_2': 20, 'F2as_v6_US East_3': 20, 'F32als_v6_US East_3': 20, 'F32ams_v6_US East_1': 20, 'F32as_v6_US East_1': 20, 'F48als_v6_US East_2': 20, 'F48ams_v6_US East_2': 20, 'F48as_v6_US East_1': 20, 'F4als_v6_US East_1': 20, 'F4als_v6_US East_2': 20, 'F4als_v6_US East_3': 20, 'F4ams_v6_US East_1': 20, 'F4ams_v6_US East_2': 20, 'F4ams_v6_US East_3': 20, 'F4as_v6_US East_1': 20, 'F4as_v6_US East_2': 20, 'F4as_v6_US East_3': 20, 'F64als_v6_US East_1': 20, 'F64ams_v6_US East_1': 20, 'F64as_v6_US East_1': 20, 'F8als_v6_US East_1': 20, 'F8als_v6_US East_2': 20, 'F8ams_v6_US East_1': 20, 'F8ams_v6_US East_2': 20, 'F8as_v6_US East_2': 20, 'F8as_v6_US East_3': 20, 'M16-4ms_US East_1': 20, 'M16-4ms_US East_2': 20, 'M16-4ms_US East_3': 20, 'M16-8ms_US East_1': 20, 'M16-8ms_US East_2': 20, 'M16-8ms_US East_3': 20, 'M16ms_US East_1': 20, 'M16ms_US East_2': 20, 'M16ms_US East_3': 20, 'M32-16ms_US East_1': 20, 'M32-16ms_US East_3': 20, 'M32-8ms_US East_1': 20, 'M32-8ms_US East_3': 20, 'M32dms_v2_US East_1': 20, 'M32dms_v2_US East_2': 20, 'M32dms_v2_US East_3': 20, 'M32ls_US East_1': 20, 'M32ls_US East_2': 20, 'M32ls_US East_3': 20, 'M32ms_US East_2': 20, 'M32ms_US East_3': 20, 'M32ms_v2_US East_1': 20, 'M32ms_v2_US East_2': 20, 'M32ms_v2_US East_3': 20, 'M32ts_US East_1': 20, 'M32ts_US East_2': 20, 'M32ts_US East_3': 20, 'M64s_v2_US East_1': 20, 'M8-2ms_US East_1': 20, 'M8-2ms_US East_2': 20, 'M8-2ms_US East_3': 20, 'M8-4ms_US East_1': 20, 'M8-4ms_US East_2': 20, 'M8-4ms_US East_3': 20, 'M8ms_US East_1': 20, 'M8ms_US East_2': 20, 'M8ms_US East_3': 20, 'NV4as_v4_US East_1': 20, 'NV4as_v4_US East_2': 20, 'NV4as_v4_US East_3': 20, 'NV6ads_A10_v5_US East_1': 20, 'NV6ads_A10_v5_US East_2': 20, 'NV8as_v4_US East_1': 20, 'NV8as_v4_US East_2': 20, 'NV8as_v4_US East_3': 20}"
0.96,1342.05484,1843702356,1373790.6240850785,68900,68500,"{'B16pls_v2_US East_1': 20, 'B16pls_v2_US East_2': 20, 'B16pls_v2_US East_3': 20, 'B16ps_v2_US East_3': 20, 'B2pls_v2_US East_1': 20, 'B2pls_v2_US East_2': 20, 'B2pls_v2_US East_3': 20, 'B2ps_v2_US East_1': 20, 'B2ps_v2_US East_2': 20, 'B2ps_v2_US East_3': 20, 'B4pls_v2_US East_1': 20, 'B4pls_v2_US East_2': 20, 'B4pls_v2_US East_3': 20, 'B4ps_v2_US East_1': 20, 'B4ps_v2_US East_2': 20, 'B4ps_v2_US East_3': 20, 'B8pls_v2_US East_1': 20, 'B8pls_v2_US East_2': 20, 'B8pls_v2_US East_3': 20, 'B8ps_v2_US East_1': 20, 'B8ps_v2_US East_2': 20, 'B8ps_v2_US East_3': 20, 'D16ads_v6_US East_2': 20, 'D16ads_v6_US East_3': 20, 'D16alds_v6_US East_1': 20, 'D16alds_v6_US East_3': 20, 'D16als_v6_US East_1': 20, 'D16als_v6_US East_3': 20, 'D16as_v6_US East_1': 20, 'D16as_v6_US East_2': 20, 'D16pds_v5_US East_1': 20, 'D16plds_v5_US East_2': 20, 'D16plds_v5_US East_3': 20, 'D16pls_v5_US East_2': 20, 'D16pls_v5_US East_3': 20, 'D16ps_v5_US East_3': 20, 'D2ads_v6_US East_1': 20, 'D2ads_v6_US East_2': 20, 'D2ads_v6_US East_3': 20, 'D2alds_v6_US East_1': 20, 'D2alds_v6_US East_2': 20, 'D2alds_v6_US East_3': 20, 'D2als_v6_US East_1': 20, 'D2als_v6_US East_2': 20, 'D2als_v6_US East_3': 20, 'D2as_v6_US East_1': 20, 'D2as_v6_US East_2': 20, 'D2as_v6_US East_3': 20, 'D2pds_v5_US East_1': 20, 'D2pds_v5_US East_2': 20, 'D2pds_v5_US East_3': 20, 'D2plds_v5_US East_1': 20, 'D2plds_v5_US East_2': 20, 'D2plds_v5_US East_3': 20, 'D2pls_v5_US East_1': 20, 'D2pls_v5_US East_2': 20, 'D2pls_v5_US East_3': 20, 'D2ps_v5_US East_1': 20, 'D2ps_v5_US East_2': 20, 'D2ps_v5_US East_3': 20, 'D32ads_v6_US East_1': 20, 'D32ads_v6_US East_3': 20, 'D32alds_v6_US East_1': 20, 'D32alds_v6_US East_3': 20, 'D32als_v6_US East_2': 20, 'D32als_v6_US East_3': 20, 'D32as_v6_US East_1': 20, 'D32as_v6_US East_3': 20, 'D32plds_v5_US East_3': 20, 'D32pls_v5_US East_2': 20, 'D48ads_v6_US East_1': 20, 'D48alds_v6_US East_2': 20, 'D48als_v6_US East_1': 20, 'D48als_v6_US East_3': 20, 'D4ads_v6_US East_1': 20, 'D4ads_v6_US East_2': 20, 'D4ads_v6_US East_3': 20, 'D4alds_v6_US East_1': 20, 'D4alds_v6_US East_2': 20, 'D4alds_v6_US East_3': 20, 'D4als_v6_US East_1': 20, 'D4als_v6_US East_2': 20, 'D4als_v6_US East_3': 20, 'D4as_v6_US East_1': 20, 'D4as_v6_US East_2': 20, 'D4as_v6_US East_3': 20, 'D4pds_v5_US East_1': 20, 'D4pds_v5_US East_2': 20, 'D4pds_v5_US East_3': 20, 'D4plds_v5_US East_1': 20, 'D4plds_v5_US East_2': 20, 'D4plds_v5_US East_3': 20, 'D4pls_v5_US East_1': 20, 'D4pls_v5_US East_2': 20, 'D4pls_v5_US East_3': 20, 'D4ps_v5_US East_1': 20, 'D4ps_v5_US East_2': 20, 'D4ps_v5_US East_3': 20, 'D64ads_v6_US East_2': 20, 'D64alds_v6_US East_3': 20, 'D64als_v6_US East_3': 20, 'D64as_v6_US East_2': 20, 'D8ads_v6_US East_1': 20, 'D8ads_v6_US East_2': 20, 'D8ads_v6_US East_3': 20, 'D8alds_v6_US East_1': 20, 'D8alds_v6_US East_2': 20, 'D8alds_v6_US East_3': 20, 'D8als_v6_US East_1': 20, 'D8als_v6_US East_2': 20, 'D8als_v6_US East_3': 20, 'D8as_v6_US East_1': 20, 'D8as_v6_US East_2': 20, 'D8as_v6_US East_3': 20, 'D8plds_v5_US East_1': 20, 'D8plds_v5_US East_2': 20, 'D8plds_v5_US East_3': 20, 'D8pls_v5_US East_1': 20, 'D8pls_v5_US East_2': 20, 'D8pls_v5_US East_3': 20, 'D8ps_v5_US East_1': 20, 'D8ps_v5_US East_2': 20, 'D8ps_v5_US East_3': 20, 'D96ads_v6_US East_1': 20, 'D96alds_v6_US East_2': 20, 'D96als_v6_US East_2': 20, 'D96as_v6_US East_3': 20, 'DC1s_v2_US East_3': 20, 'DC2s_v2_US East_2': 20, 'E16ads_v6_US East_1': 20, 'E16ads_v6_US East_2': 20, 'E16as_v6_US East_1': 20, 'E16as_v6_US East_2': 20, 'E20ads_v6_US East_2': 20, 'E20ads_v6_US East_3': 20, 'E20as_v6_US East_1': 20, 'E20as_v6_US East_3': 20, 'E2ads_v6_US East_1': 20, 'E2ads_v6_US East_2': 20, 'E2ads_v6_US East_3': 20, 'E2as_v6_US East_1': 20, 'E2as_v6_US East_2': 20, 'E2as_v6_US East_3': 20, 'E2ps_v5_US East_1': 20, 'E2ps_v5_US East_2': 20, 'E2ps_v5_US East_3': 20, 'E32ads_v6_US East_2': 20, 'E32as_v6_US East_2': 20, 'E48ads_v6_US East_3': 20, 'E48as_v6_US East_2': 20, 'E4ads_v6_US East_1': 20, 'E4ads_v6_US East_2': 20, 'E4ads_v6_US East_3': 20, 'E4as_v6_US East_1': 20, 'E4as_v6_US East_2': 20, 'E4as_v6_US East_3': 20, 'E4ps_v5_US East_1': 20, 'E4ps_v5_US East_2': 20, 'E4ps_v5_US East_3': 20, 'E64ads_v6_US East_1': 20, 'E64as_v6_US East_3': 20, 'E8ads_v6_US East_2': 20, 'E8ads_v6_US East_3': 20, 'E8as_v6_US East_1': 20, 'E8as_v6_US East_3': 20, 'E8ps_v5_US East_2': 20, 'E96-24ads_v6_US East_1': 20, 'E96-48ads_v6_US East_2': 20, 'E96ads_v6_US East_3': 20, 'E96as_v6_US East_2': 20, 'F16als_v6_US East_2': 20, 'F16als_v6_US East_3': 20, 'F16ams_v6_US East_1': 20, 'F16ams_v6_US East_3': 20, 'F16as_v6_US East_1': 20, 'F16as_v6_US East_3': 20, 'F2als_v6_US East_1': 20, 'F2als_v6_US East_2': 20, 'F2als_v6_US East_3': 20, 'F2ams_v6_US East_1': 20, 'F2ams_v6_US East_2': 20, 'F2ams_v6_US East_3': 20, 'F2as_v6_US East_1': 20, 'F2as_v6_US East_2': 20, 'F2as_v6_US East_3': 20, 'F32als_v6_US East_3': 20, 'F32ams_v6_US East_1': 20, 'F32as_v6_US East_1': 20, 'F48als_v6_US East_2': 20, 'F48ams_v6_US East_2': 20, 'F48as_v6_US East_1': 20, 'F4als_v6_US East_1': 20, 'F4als_v6_US East_2': 20, 'F4als_v6_US East_3': 20, 'F4ams_v6_US East_1': 20, 'F4ams_v6_US East_2': 20, 'F4ams_v6_US East_3': 20, 'F4as_v6_US East_1': 20, 'F4as_v6_US East_2': 20, 'F4as_v6_US East_3': 20, 'F64als_v6_US East_1': 20, 'F64ams_v6_US East_1': 20, 'F64as_v6_US East_1': 20, 'F8als_v6_US East_1': 20, 'F8als_v6_US East_2': 20, 'F8ams_v6_US East_1': 20, 'F8ams_v6_US East_2': 20, 'F8as_v6_US East_2': 20, 'F8as_v6_US East_3': 20, 'M16-4ms_US East_1': 20, 'M16-4ms_US East_2': 20, 'M16-4ms_US East_3': 20, 'M16-8ms_US East_1': 20, 'M16-8ms_US East_2': 20, 'M16-8ms_US East_3': 20, 'M16ms_US East_1': 20, 'M16ms_US East_2': 20, 'M16ms_US East_3': 20, 'M32-16ms_US East_1': 20, 'M32-16ms_US East_3': 20, 'M32-8ms_US East_1': 20, 'M32-8ms_US East_3': 20, 'M32dms_v2_US East_1': 20, 'M32dms_v2_US East_2': 20, 'M32dms_v2_US East_3': 20, 'M32ls_US East_1': 20, 'M32ls_US East_2': 20, 'M32ls_US East_3': 20, 'M32ms_US East_2': 20, 'M32ms_US East_3': 20, 'M32ms_v2_US East_1': 20, 'M32ms_v2_US East_2': 20, 'M32ms_v2_US East_3': 20, 'M32ts_US East_1': 20, 'M32ts_US East_2': 20, 'M32ts_US East_3': 20, 'M64s_v2_US East_1': 20, 'M8-2ms_US East_1': 20, 'M8-2ms_US East_2': 20, 'M8-2ms_US East_3': 20, 'M8-4ms_US East_1': 20, 'M8-4ms_US East_2': 20, 'M8-4ms_US East_3': 20, 'M8ms_US East_1': 20, 'M8ms_US East_2': 20, 'M8ms_US East_3': 20, 'NV4as_v4_US East_1': 20, 'NV4as_v4_US East_2': 20, 'NV4as_v4_US East_3': 20, 'NV6ads_A10_v5_US East_1': 20, 'NV6ads_A10_v5_US East_2': 20, 'NV8as_v4_US East_1': 20, 'NV8as_v4_US East_2': 20, 'NV8as_v4_US East_3': 20}"
0.97,1342.05484,1843702356,1373790.6240850785,68900,68500,"{'B16pls_v2_US East_1': 20, 'B16pls_v2_US East_2': 20, 'B16pls_v2_US East_3': 20, 'B16ps_v2_US East_3': 20, 'B2pls_v2_US East_1': 20, 'B2pls_v2_US East_2': 20, 'B2pls_v2_US East_3': 20, 'B2ps_v2_US East_1': 20, 'B2ps_v2_US East_2': 20, 'B2ps_v2_US East_3': 20, 'B4pls_v2_US East_1': 20, 'B4pls_v2_US East_2': 20, 'B4pls_v2_US East_3': 20, 'B4ps_v2_US East_1': 20, 'B4ps_v2_US East_2': 20, 'B4ps_v2_US East_3': 20, 'B8pls_v2_US East_1': 20, 'B8pls_v2_US East_2': 20, 'B8pls_v2_US East_3': 20, 'B8ps_v2_US East_1': 20, 'B8ps_v2_US East_2': 20, 'B8ps_v2_US East_3': 20, 'D16ads_v6_US East_2': 20, 'D16ads_v6_US East_3': 20, 'D16alds_v6_US East_1': 20, 'D16alds_v6_US East_3': 20, 'D16als_v6_US East_1': 20, 'D16als_v6_US East_3': 20, 'D16as_v6_US East_1': 20, 'D16as_v6_US East_2': 20, 'D16pds_v5_US East_1': 20, 'D16plds_v5_US East_2': 20, 'D16plds_v5_US East_3': 20, 'D16pls_v5_US East_2': 20, 'D16pls_v5_US East_3': 20, 'D16ps_v5_US East_3': 20, 'D2ads_v6_US East_1': 20, 'D2ads_v6_US East_2': 20, 'D2ads_v6_US East_3': 20, 'D2alds_v6_US East_1': 20, 'D2alds_v6_US East_2': 20, 'D2alds_v6_US East_3': 20, 'D2als_v6_US East_1': 20, 'D2als_v6_US East_2': 20, 'D2als_v6_US East_3': 20, 'D2as_v6_US East_1': 20, 'D2as_v6_US East_2': 20, 'D2as_v6_US East_3': 20, 'D2pds_v5_US East_1': 20, 'D2pds_v5_US East_2': 20, 'D2pds_v5_US East_3': 20, 'D2plds_v5_US East_1': 20, 'D2plds_v5_US East_2': 20, 'D2plds_v5_US East_3': 20, 'D2pls_v5_US East_1': 20, 'D2pls_v5_US East_2': 20, 'D2pls_v5_US East_3': 20, 'D2ps_v5_US East_1': 20, 'D2ps_v5_US East_2': 20, 'D2ps_v5_US East_3': 20, 'D32ads_v6_US East_1': 20, 'D32ads_v6_US East_3': 20, 'D32alds_v6_US East_1': 20, 'D32alds_v6_US East_3': 20, 'D32als_v6_US East_2': 20, 'D32als_v6_US East_3': 20, 'D32as_v6_US East_1': 20, 'D32as_v6_US East_3': 20, 'D32plds_v5_US East_3': 20, 'D32pls_v5_US East_2': 20, 'D48ads_v6_US East_1': 20, 'D48alds_v6_US East_2': 20, 'D48als_v6_US East_1': 20, 'D48als_v6_US East_3': 20, 'D4ads_v6_US East_1': 20, 'D4ads_v6_US East_2': 20, 'D4ads_v6_US East_3': 20, 'D4alds_v6_US East_1': 20, 'D4alds_v6_US East_2': 20, 'D4alds_v6_US East_3': 20, 'D4als_v6_US East_1': 20, 'D4als_v6_US East_2': 20, 'D4als_v6_US East_3': 20, 'D4as_v6_US East_1': 20, 'D4as_v6_US East_2': 20, 'D4as_v6_US East_3': 20, 'D4pds_v5_US East_1': 20, 'D4pds_v5_US East_2': 20, 'D4pds_v5_US East_3': 20, 'D4plds_v5_US East_1': 20, 'D4plds_v5_US East_2': 20, 'D4plds_v5_US East_3': 20, 'D4pls_v5_US East_1': 20, 'D4pls_v5_US East_2': 20, 'D4pls_v5_US East_3': 20, 'D4ps_v5_US East_1': 20, 'D4ps_v5_US East_2': 20, 'D4ps_v5_US East_3': 20, 'D64ads_v6_US East_2': 20, 'D64alds_v6_US East_3': 20, 'D64als_v6_US East_3': 20, 'D64as_v6_US East_2': 20, 'D8ads_v6_US East_1': 20, 'D8ads_v6_US East_2': 20, 'D8ads_v6_US East_3': 20, 'D8alds_v6_US East_1': 20, 'D8alds_v6_US East_2': 20, 'D8alds_v6_US East_3': 20, 'D8als_v6_US East_1': 20, 'D8als_v6_US East_2': 20, 'D8als_v6_US East_3': 20, 'D8as_v6_US East_1': 20, 'D8as_v6_US East_2': 20, 'D8as_v6_US East_3': 20, 'D8plds_v5_US East_1': 20, 'D8plds_v5_US East_2': 20, 'D8plds_v5_US East_3': 20, 'D8pls_v5_US East_1': 20, 'D8pls_v5_US East_2': 20, 'D8pls_v5_US East_3': 20, 'D8ps_v5_US East_1': 20, 'D8ps_v5_US East_2': 20, 'D8ps_v5_US East_3': 20, 'D96ads_v6_US East_1': 20, 'D96alds_v6_US East_2': 20, 'D96als_v6_US East_2': 20, 'D96as_v6_US East_3': 20, 'DC1s_v2_US East_3': 20, 'DC2s_v2_US East_2': 20, 'E16ads_v6_US East_1': 20, 'E16ads_v6_US East_2': 20, 'E16as_v6_US East_1': 20, 'E16as_v6_US East_2': 20, 'E20ads_v6_US East_2': 20, 'E20ads_v6_US East_3': 20, 'E20as_v6_US East_1': 20, 'E20as_v6_US East_3': 20, 'E2ads_v6_US East_1': 20, 'E2ads_v6_US East_2': 20, 'E2ads_v6_US East_3': 20, 'E2as_v6_US East_1': 20, 'E2as_v6_US East_2': 20, 'E2as_v6_US East_3': 20, 'E2ps_v5_US East_1': 20, 'E2ps_v5_US East_2': 20, 'E2ps_v5_US East_3': 20, 'E32ads_v6_US East_2': 20, 'E32as_v6_US East_2': 20, 'E48ads_v6_US East_3': 20, 'E48as_v6_US East_2': 20, 'E4ads_v6_US East_1': 20, 'E4ads_v6_US East_2': 20, 'E4ads_v6_US East_3': 20, 'E4as_v6_US East_1': 20, 'E4as_v6_US East_2': 20, 'E4as_v6_US East_3': 20, 'E4ps_v5_US East_1': 20, 'E4ps_v5_US East_2': 20, 'E4ps_v5_US East_3': 20, 'E64ads_v6_US East_1': 20, 'E64as_v6_US East_3': 20, 'E8ads_v6_US East_2': 20, 'E8ads_v6_US East_3': 20, 'E8as_v6_US East_1': 20, 'E8as_v6_US East_3': 20, 'E8ps_v5_US East_2': 20, 'E96-24ads_v6_US East_1': 20, 'E96-48ads_v6_US East_2': 20, 'E96ads_v6_US East_3': 20, 'E96as_v6_US East_2': 20, 'F16als_v6_US East_2': 20, 'F16als_v6_US East_3': 20, 'F16ams_v6_US East_1': 20, 'F16ams_v6_US East_3': 20, 'F16as_v6_US East_1': 20, 'F16as_v6_US East_3': 20, 'F2als_v6_US East_1': 20, 'F2als_v6_US East_2': 20, 'F2als_v6_US East_3': 20, 'F2ams_v6_US East_1': 20, 'F2ams_v6_US East_2': 20, 'F2ams_v6_US East_3': 20, 'F2as_v6_US East_1': 20, 'F2as_v6_US East_2': 20, 'F2as_v6_US East_3': 20, 'F32als_v6_US East_3': 20, 'F32ams_v6_US East_1': 20, 'F32as_v6_US East_1': 20, 'F48als_v6_US East_2': 20, 'F48ams_v6_US East_2': 20, 'F48as_v6_US East_1': 20, 'F4als_v6_US East_1': 20, 'F4als_v6_US East_2': 20, 'F4als_v6_US East_3': 20, 'F4ams_v6_US East_1': 20, 'F4ams_v6_US East_2': 20, 'F4ams_v6_US East_3': 20, 'F4as_v6_US East_1': 20, 'F4as_v6_US East_2': 20, 'F4as_v6_US East_3': 20, 'F64als_v6_US East_1': 20, 'F64ams_v6_US East_1': 20, 'F64as_v6_US East_1': 20, 'F8als_v6_US East_1': 20, 'F8als_v6_US East_2': 20, 'F8ams_v6_US East_1': 20, 'F8ams_v6_US East_2': 20, 'F8as_v6_US East_2': 20, 'F8as_v6_US East_3': 20, 'M16-4ms_US East_1': 20, 'M16-4ms_US East_2': 20, 'M16-4ms_US East_3': 20, 'M16-8ms_US East_1': 20, 'M16-8ms_US East_2': 20, 'M16-8ms_US East_3': 20, 'M16ms_US East_1': 20, 'M16ms_US East_2': 20, 'M16ms_US East_3': 20, 'M32-16ms_US East_1': 20, 'M32-16ms_US East_3': 20, 'M32-8ms_US East_1': 20, 'M32-8ms_US East_3': 20, 'M32dms_v2_US East_1': 20, 'M32dms_v2_US East_2': 20, 'M32dms_v2_US East_3': 20, 'M32ls_US East_1': 20, 'M32ls_US East_2': 20, 'M32ls_US East_3': 20, 'M32ms_US East_2': 20, 'M32ms_US East_3': 20, 'M32ms_v2_US East_1': 20, 'M32ms_v2_US East_2': 20, 'M32ms_v2_US East_3': 20, 'M32ts_US East_1': 20, 'M32ts_US East_2': 20, 'M32ts_US East_3': 20, 'M64s_v2_US East_1': 20, 'M8-2ms_US East_1': 20, 'M8-2ms_US East_2': 20, 'M8-2ms_US East_3': 20, 'M8-4ms_US East_1': 20, 'M8-4ms_US East_2': 20, 'M8-4ms_US East_3': 20, 'M8ms_US East_1': 20, 'M8ms_US East_2': 20, 'M8ms_US East_3': 20, 'NV4as_v4_US East_1': 20, 'NV4as_v4_US East_2': 20, 'NV4as_v4_US East_3': 20, 'NV6ads_A10_v5_US East_1': 20, 'NV6ads_A10_v5_US East_2': 20, 'NV8as_v4_US East_1': 20, 'NV8as_v4_US East_2': 20, 'NV8as_v4_US East_3': 20}"
0.98,1342.05484,1843702356,1373790.6240850785,68900,68500,"{'B16pls_v2_US East_1': 20, 'B16pls_v2_US East_2': 20, 'B16pls_v2_US East_3': 20, 'B16ps_v2_US East_3': 20, 'B2pls_v2_US East_1': 20, 'B2pls_v2_US East_2': 20, 'B2pls_v2_US East_3': 20, 'B2ps_v2_US East_1': 20, 'B2ps_v2_US East_2': 20, 'B2ps_v2_US East_3': 20, 'B4pls_v2_US East_1': 20, 'B4pls_v2_US East_2': 20, 'B4pls_v2_US East_3': 20, 'B4ps_v2_US East_1': 20, 'B4ps_v2_US East_2': 20, 'B4ps_v2_US East_3': 20, 'B8pls_v2_US East_1': 20, 'B8pls_v2_US East_2': 20, 'B8pls_v2_US East_3': 20, 'B8ps_v2_US East_1': 20, 'B8ps_v2_US East_2': 20, 'B8ps_v2_US East_3': 20, 'D16ads_v6_US East_2': 20, 'D16ads_v6_US East_3': 20, 'D16alds_v6_US East_1': 20, 'D16alds_v6_US East_3': 20, 'D16als_v6_US East_1': 20, 'D16als_v6_US East_3': 20, 'D16as_v6_US East_1': 20, 'D16as_v6_US East_2': 20, 'D16pds_v5_US East_1': 20, 'D16plds_v5_US East_2': 20, 'D16plds_v5_US East_3': 20, 'D16pls_v5_US East_2': 20, 'D16pls_v5_US East_3': 20, 'D16ps_v5_US East_3': 20, 'D2ads_v6_US East_1': 20, 'D2ads_v6_US East_2': 20, 'D2ads_v6_US East_3': 20, 'D2alds_v6_US East_1': 20, 'D2alds_v6_US East_2': 20, 'D2alds_v6_US East_3': 20, 'D2als_v6_US East_1': 20, 'D2als_v6_US East_2': 20, 'D2als_v6_US East_3': 20, 'D2as_v6_US East_1': 20, 'D2as_v6_US East_2': 20, 'D2as_v6_US East_3': 20, 'D2pds_v5_US East_1': 20, 'D2pds_v5_US East_2': 20, 'D2pds_v5_US East_3': 20, 'D2plds_v5_US East_1': 20, 'D2plds_v5_US East_2': 20, 'D2plds_v5_US East_3': 20, 'D2pls_v5_US East_1': 20, 'D2pls_v5_US East_2': 20, 'D2pls_v5_US East_3': 20, 'D2ps_v5_US East_1': 20, 'D2ps_v5_US East_2': 20, 'D2ps_v5_US East_3': 20, 'D32ads_v6_US East_1': 20, 'D32ads_v6_US East_3': 20, 'D32alds_v6_US East_1': 20, 'D32alds_v6_US East_3': 20, 'D32als_v6_US East_2': 20, 'D32als_v6_US East_3': 20, 'D32as_v6_US East_1': 20, 'D32as_v6_US East_3': 20, 'D32plds_v5_US East_3': 20, 'D32pls_v5_US East_2': 20, 'D48ads_v6_US East_1': 20, 'D48alds_v6_US East_2': 20, 'D48als_v6_US East_1': 20, 'D48als_v6_US East_3': 20, 'D4ads_v6_US East_1': 20, 'D4ads_v6_US East_2': 20, 'D4ads_v6_US East_3': 20, 'D4alds_v6_US East_1': 20, 'D4alds_v6_US East_2': 20, 'D4alds_v6_US East_3': 20, 'D4als_v6_US East_1': 20, 'D4als_v6_US East_2': 20, 'D4als_v6_US East_3': 20, 'D4as_v6_US East_1': 20, 'D4as_v6_US East_2': 20, 'D4as_v6_US East_3': 20, 'D4pds_v5_US East_1': 20, 'D4pds_v5_US East_2': 20, 'D4pds_v5_US East_3': 20, 'D4plds_v5_US East_1': 20, 'D4plds_v5_US East_2': 20, 'D4plds_v5_US East_3': 20, 'D4pls_v5_US East_1': 20, 'D4pls_v5_US East_2': 20, 'D4pls_v5_US East_3': 20, 'D4ps_v5_US East_1': 20, 'D4ps_v5_US East_2': 20, 'D4ps_v5_US East_3': 20, 'D64ads_v6_US East_2': 20, 'D64alds_v6_US East_3': 20, 'D64als_v6_US East_3': 20, 'D64as_v6_US East_2': 20, 'D8ads_v6_US East_1': 20, 'D8ads_v6_US East_2': 20, 'D8ads_v6_US East_3': 20, 'D8alds_v6_US East_1': 20, 'D8alds_v6_US East_2': 20, 'D8alds_v6_US East_3': 20, 'D8als_v6_US East_1': 20, 'D8als_v6_US East_2': 20, 'D8als_v6_US East_3': 20, 'D8as_v6_US East_1': 20, 'D8as_v6_US East_2': 20, 'D8as_v6_US East_3': 20, 'D8plds_v5_US East_1': 20, 'D8plds_v5_US East_2': 20, 'D8plds_v5_US East_3': 20, 'D8pls_v5_US East_1': 20, 'D8pls_v5_US East_2': 20, 'D8pls_v5_US East_3': 20, 'D8ps_v5_US East_1': 20, 'D8ps_v5_US East_2': 20, 'D8ps_v5_US East_3': 20, 'D96ads_v6_US East_1': 20, 'D96alds_v6_US East_2': 20, 'D96als_v6_US East_2': 20, 'D96as_v6_US East_3': 20, 'DC1s_v2_US East_3': 20, 'DC2s_v2_US East_2': 20, 'E16ads_v6_US East_1': 20, 'E16ads_v6_US East_2': 20, 'E16as_v6_US East_1': 20, 'E16as_v6_US East_2': 20, 'E20ads_v6_US East_2': 20, 'E20ads_v6_US East_3': 20, 'E20as_v6_US East_1': 20, 'E20as_v6_US East_3': 20, 'E2ads_v6_US East_1': 20, 'E2ads_v6_US East_2': 20, 'E2ads_v6_US East_3': 20, 'E2as_v6_US East_1': 20, 'E2as_v6_US East_2': 20, 'E2as_v6_US East_3': 20, 'E2ps_v5_US East_1': 20, 'E2ps_v5_US East_2': 20, 'E2ps_v5_US East_3': 20, 'E32ads_v6_US East_2': 20, 'E32as_v6_US East_2': 20, 'E48ads_v6_US East_3': 20, 'E48as_v6_US East_2': 20, 'E4ads_v6_US East_1': 20, 'E4ads_v6_US East_2': 20, 'E4ads_v6_US East_3': 20, 'E4as_v6_US East_1': 20, 'E4as_v6_US East_2': 20, 'E4as_v6_US East_3': 20, 'E4ps_v5_US East_1': 20, 'E4ps_v5_US East_2': 20, 'E4ps_v5_US East_3': 20, 'E64ads_v6_US East_1': 20, 'E64as_v6_US East_3': 20, 'E8ads_v6_US East_2': 20, 'E8ads_v6_US East_3': 20, 'E8as_v6_US East_1': 20, 'E8as_v6_US East_3': 20, 'E8ps_v5_US East_2': 20, 'E96-24ads_v6_US East_1': 20, 'E96-48ads_v6_US East_2': 20, 'E96ads_v6_US East_3': 20, 'E96as_v6_US East_2': 20, 'F16als_v6_US East_2': 20, 'F16als_v6_US East_3': 20, 'F16ams_v6_US East_1': 20, 'F16ams_v6_US East_3': 20, 'F16as_v6_US East_1': 20, 'F16as_v6_US East_3': 20, 'F2als_v6_US East_1': 20, 'F2als_v6_US East_2': 20, 'F2als_v6_US East_3': 20, 'F2ams_v6_US East_1': 20, 'F2ams_v6_US East_2': 20, 'F2ams_v6_US East_3': 20, 'F2as_v6_US East_1': 20, 'F2as_v6_US East_2': 20, 'F2as_v6_US East_3': 20, 'F32als_v6_US East_3': 20, 'F32ams_v6_US East_1': 20, 'F32as_v6_US East_1': 20, 'F48als_v6_US East_2': 20, 'F48ams_v6_US East_2': 20, 'F48as_v6_US East_1': 20, 'F4als_v6_US East_1': 20, 'F4als_v6_US East_2': 20, 'F4als_v6_US East_3': 20, 'F4ams_v6_US East_1': 20, 'F4ams_v6_US East_2': 20, 'F4ams_v6_US East_3': 20, 'F4as_v6_US East_1': 20, 'F4as_v6_US East_2': 20, 'F4as_v6_US East_3': 20, 'F64als_v6_US East_1': 20, 'F64ams_v6_US East_1': 20, 'F64as_v6_US East_1': 20, 'F8als_v6_US East_1': 20, 'F8als_v6_US East_2': 20, 'F8ams_v6_US East_1': 20, 'F8ams_v6_US East_2': 20, 'F8as_v6_US East_2': 20, 'F8as_v6_US East_3': 20, 'M16-4ms_US East_1': 20, 'M16-4ms_US East_2': 20, 'M16-4ms_US East_3': 20, 'M16-8ms_US East_1': 20, 'M16-8ms_US East_2': 20, 'M16-8ms_US East_3': 20, 'M16ms_US East_1': 20, 'M16ms_US East_2': 20, 'M16ms_US East_3': 20, 'M32-16ms_US East_1': 20, 'M32-16ms_US East_3': 20, 'M32-8ms_US East_1': 20, 'M32-8ms_US East_3': 20, 'M32dms_v2_US East_1': 20, 'M32dms_v2_US East_2': 20, 'M32dms_v2_US East_3': 20, 'M32ls_US East_1': 20, 'M32ls_US East_2': 20, 'M32ls_US East_3': 20, 'M32ms_US East_2': 20, 'M32ms_US East_3': 20, 'M32ms_v2_US East_1': 20, 'M32ms_v2_US East_2': 20, 'M32ms_v2_US East_3': 20, 'M32ts_US East_1': 20, 'M32ts_US East_2': 20, 'M32ts_US East_3': 20, 'M64s_v2_US East_1': 20, 'M8-2ms_US East_1': 20, 'M8-2ms_US East_2': 20, 'M8-2ms_US East_3': 20, 'M8-4ms_US East_1': 20, 'M8-4ms_US East_2': 20, 'M8-4ms_US East_3': 20, 'M8ms_US East_1': 20, 'M8ms_US East_2': 20, 'M8ms_US East_3': 20, 'NV4as_v4_US East_1': 20, 'NV4as_v4_US East_2': 20, 'NV4as_v4_US East_3': 20, 'NV6ads_A10_v5_US East_1': 20, 'NV6ads_A10_v5_US East_2': 20, 'NV8as_v4_US East_1': 20, 'NV8as_v4_US East_2': 20, 'NV8as_v4_US East_3': 20}"
0.99,1342.05484,1843702356,1373790.6240850785,68900,68500,"{'B16pls_v2_US East_1': 20, 'B16pls_v2_US East_2': 20, 'B16pls_v2_US East_3': 20, 'B16ps_v2_US East_3': 20, 'B2pls_v2_US East_1': 20, 'B2pls_v2_US East_2': 20, 'B2pls_v2_US East_3': 20, 'B2ps_v2_US East_1': 20, 'B2ps_v2_US East_2': 20, 'B2ps_v2_US East_3': 20, 'B4pls_v2_US East_1': 20, 'B4pls_v2_US East_2': 20, 'B4pls_v2_US East_3': 20, 'B4ps_v2_US East_1': 20, 'B4ps_v2_US East_2': 20, 'B4ps_v2_US East_3': 20, 'B8pls_v2_US East_1': 20, 'B8pls_v2_US East_2': 20, 'B8pls_v2_US East_3': 20, 'B8ps_v2_US East_1': 20, 'B8ps_v2_US East_2': 20, 'B8ps_v2_US East_3': 20, 'D16ads_v6_US East_2': 20, 'D16ads_v6_US East_3': 20, 'D16alds_v6_US East_1': 20, 'D16alds_v6_US East_3': 20, 'D16als_v6_US East_1': 20, 'D16als_v6_US East_3': 20, 'D16as_v6_US East_1': 20, 'D16as_v6_US East_2': 20, 'D16pds_v5_US East_1': 20, 'D16plds_v5_US East_2': 20, 'D16plds_v5_US East_3': 20, 'D16pls_v5_US East_2': 20, 'D16pls_v5_US East_3': 20, 'D16ps_v5_US East_3': 20, 'D2ads_v6_US East_1': 20, 'D2ads_v6_US East_2': 20, 'D2ads_v6_US East_3': 20, 'D2alds_v6_US East_1': 20, 'D2alds_v6_US East_2': 20, 'D2alds_v6_US East_3': 20, 'D2als_v6_US East_1': 20, 'D2als_v6_US East_2': 20, 'D2als_v6_US East_3': 20, 'D2as_v6_US East_1': 20, 'D2as_v6_US East_2': 20, 'D2as_v6_US East_3': 20, 'D2pds_v5_US East_1': 20, 'D2pds_v5_US East_2': 20, 'D2pds_v5_US East_3': 20, 'D2plds_v5_US East_1': 20, 'D2plds_v5_US East_2': 20, 'D2plds_v5_US East_3': 20, 'D2pls_v5_US East_1': 20, 'D2pls_v5_US East_2': 20, 'D2pls_v5_US East_3': 20, 'D2ps_v5_US East_1': 20, 'D2ps_v5_US East_2': 20, 'D2ps_v5_US East_3': 20, 'D32ads_v6_US East_1': 20, 'D32ads_v6_US East_3': 20, 'D32alds_v6_US East_1': 20, 'D32alds_v6_US East_3': 20, 'D32als_v6_US East_2': 20, 'D32als_v6_US East_3': 20, 'D32as_v6_US East_1': 20, 'D32as_v6_US East_3': 20, 'D32plds_v5_US East_3': 20, 'D32pls_v5_US East_2': 20, 'D48ads_v6_US East_1': 20, 'D48alds_v6_US East_2': 20, 'D48als_v6_US East_1': 20, 'D48als_v6_US East_3': 20, 'D4ads_v6_US East_1': 20, 'D4ads_v6_US East_2': 20, 'D4ads_v6_US East_3': 20, 'D4alds_v6_US East_1': 20, 'D4alds_v6_US East_2': 20, 'D4alds_v6_US East_3': 20, 'D4als_v6_US East_1': 20, 'D4als_v6_US East_2': 20, 'D4als_v6_US East_3': 20, 'D4as_v6_US East_1': 20, 'D4as_v6_US East_2': 20, 'D4as_v6_US East_3': 20, 'D4pds_v5_US East_1': 20, 'D4pds_v5_US East_2': 20, 'D4pds_v5_US East_3': 20, 'D4plds_v5_US East_1': 20, 'D4plds_v5_US East_2': 20, 'D4plds_v5_US East_3': 20, 'D4pls_v5_US East_1': 20, 'D4pls_v5_US East_2': 20, 'D4pls_v5_US East_3': 20, 'D4ps_v5_US East_1': 20, 'D4ps_v5_US East_2': 20, 'D4ps_v5_US East_3': 20, 'D64ads_v6_US East_2': 20, 'D64alds_v6_US East_3': 20, 'D64als_v6_US East_3': 20, 'D64as_v6_US East_2': 20, 'D8ads_v6_US East_1': 20, 'D8ads_v6_US East_2': 20, 'D8ads_v6_US East_3': 20, 'D8alds_v6_US East_1': 20, 'D8alds_v6_US East_2': 20, 'D8alds_v6_US East_3': 20, 'D8als_v6_US East_1': 20, 'D8als_v6_US East_2': 20, 'D8als_v6_US East_3': 20, 'D8as_v6_US East_1': 20, 'D8as_v6_US East_2': 20, 'D8as_v6_US East_3': 20, 'D8plds_v5_US East_1': 20, 'D8plds_v5_US East_2': 20, 'D8plds_v5_US East_3': 20, 'D8pls_v5_US East_1': 20, 'D8pls_v5_US East_2': 20, 'D8pls_v5_US East_3': 20, 'D8ps_v5_US East_1': 20, 'D8ps_v5_US East_2': 20, 'D8ps_v5_US East_3': 20, 'D96ads_v6_US East_1': 20, 'D96alds_v6_US East_2': 20, 'D96als_v6_US East_2': 20, 'D96as_v6_US East_3': 20, 'DC1s_v2_US East_3': 20, 'DC2s_v2_US East_2': 20, 'E16ads_v6_US East_1': 20, 'E16ads_v6_US East_2': 20, 'E16as_v6_US East_1': 20, 'E16as_v6_US East_2': 20, 'E20ads_v6_US East_2': 20, 'E20ads_v6_US East_3': 20, 'E20as_v6_US East_1': 20, 'E20as_v6_US East_3': 20, 'E2ads_v6_US East_1': 20, 'E2ads_v6_US East_2': 20, 'E2ads_v6_US East_3': 20, 'E2as_v6_US East_1': 20, 'E2as_v6_US East_2': 20, 'E2as_v6_US East_3': 20, 'E2ps_v5_US East_1': 20, 'E2ps_v5_US East_2': 20, 'E2ps_v5_US East_3': 20, 'E32ads_v6_US East_2': 20, 'E32as_v6_US East_2': 20, 'E48ads_v6_US East_3': 20, 'E48as_v6_US East_2': 20, 'E4ads_v6_US East_1': 20, 'E4ads_v6_US East_2': 20, 'E4ads_v6_US East_3': 20, 'E4as_v6_US East_1': 20, 'E4as_v6_US East_2': 20, 'E4as_v6_US East_3': 20, 'E4ps_v5_US East_1': 20, 'E4ps_v5_US East_2': 20, 'E4ps_v5_US East_3': 20, 'E64ads_v6_US East_1': 20, 'E64as_v6_US East_3': 20, 'E8ads_v6_US East_2': 20, 'E8ads_v6_US East_3': 20, 'E8as_v6_US East_1': 20, 'E8as_v6_US East_3': 20, 'E8ps_v5_US East_2': 20, 'E96-24ads_v6_US East_1': 20, 'E96-48ads_v6_US East_2': 20, 'E96ads_v6_US East_3': 20, 'E96as_v6_US East_2': 20, 'F16als_v6_US East_2': 20, 'F16als_v6_US East_3': 20, 'F16ams_v6_US East_1': 20, 'F16ams_v6_US East_3': 20, 'F16as_v6_US East_1': 20, 'F16as_v6_US East_3': 20, 'F2als_v6_US East_1': 20, 'F2als_v6_US East_2': 20, 'F2als_v6_US East_3': 20, 'F2ams_v6_US East_1': 20, 'F2ams_v6_US East_2': 20, 'F2ams_v6_US East_3': 20, 'F2as_v6_US East_1': 20, 'F2as_v6_US East_2': 20, 'F2as_v6_US East_3': 20, 'F32als_v6_US East_3': 20, 'F32ams_v6_US East_1': 20, 'F32as_v6_US East_1': 20, 'F48als_v6_US East_2': 20, 'F48ams_v6_US East_2': 20, 'F48as_v6_US East_1': 20, 'F4als_v6_US East_1': 20, 'F4als_v6_US East_2': 20, 'F4als_v6_US East_3': 20, 'F4ams_v6_US East_1': 20, 'F4ams_v6_US East_2': 20, 'F4ams_v6_US East_3': 20, 'F4as_v6_US East_1': 20, 'F4as_v6_US East_2': 20, 'F4as_v6_US East_3': 20, 'F64als_v6_US East_1': 20, 'F64ams_v6_US East_1': 20, 'F64as_v6_US East_1': 20, 'F8als_v6_US East_1': 20, 'F8als_v6_US East_2': 20, 'F8ams_v6_US East_1': 20, 'F8ams_v6_US East_2': 20, 'F8as_v6_US East_2': 20, 'F8as_v6_US East_3': 20, 'M16-4ms_US East_1': 20, 'M16-4ms_US East_2': 20, 'M16-4ms_US East_3': 20, 'M16-8ms_US East_1': 20, 'M16-8ms_US East_2': 20, 'M16-8ms_US East_3': 20, 'M16ms_US East_1': 20, 'M16ms_US East_2': 20, 'M16ms_US East_3': 20, 'M32-16ms_US East_1': 20, 'M32-16ms_US East_3': 20, 'M32-8ms_US East_1': 20, 'M32-8ms_US East_3': 20, 'M32dms_v2_US East_1': 20, 'M32dms_v2_US East_2': 20, 'M32dms_v2_US East_3': 20, 'M32ls_US East_1': 20, 'M32ls_US East_2': 20, 'M32ls_US East_3': 20, 'M32ms_US East_2': 20, 'M32ms_US East_3': 20, 'M32ms_v2_US East_1': 20, 'M32ms_v2_US East_2': 20, 'M32ms_v2_US East_3': 20, 'M32ts_US East_1': 20, 'M32ts_US East_2': 20, 'M32ts_US East_3': 20, 'M64s_v2_US East_1': 20, 'M8-2ms_US East_1': 20, 'M8-2ms_US East_2': 20, 'M8-2ms_US East_3': 20, 'M8-4ms_US East_1': 20, 'M8-4ms_US East_2': 20, 'M8-4ms_US East_3': 20, 'M8ms_US East_1': 20, 'M8ms_US East_2': 20, 'M8ms_US East_3': 20, 'NV4as_v4_US East_1': 20, 'NV4as_v4_US East_2': 20, 'NV4as_v4_US East_3': 20, 'NV6ads_A10_v5_US East_1': 20, 'NV6ads_A10_v5_US East_2': 20, 'NV8as_v4_US East_1': 20, 'NV8as_v4_US East_2': 20, 'NV8as_v4_US East_3': 20}"
1.0,1342.05484,1843702356,1373790.6240850785,68900,68500,"{'B16pls_v2_US East_1': 20, 'B16pls_v2_US East_2': 20, 'B16pls_v2_US East_3': 20, 'B16ps_v2_US East_3': 20, 'B2pls_v2_US East_1': 20, 'B2pls_v2_US East_2': 20, 'B2pls_v2_US East_3': 20, 'B2ps_v2_US East_1': 20, 'B2ps_v2_US East_2': 20, 'B2ps_v2_US East_3': 20, 'B4pls_v2_US East_1': 20, 'B4pls_v2_US East_2': 20, 'B4pls_v2_US East_3': 20, 'B4ps_v2_US East_1': 20, 'B4ps_v2_US East_2': 20, 'B4ps_v2_US East_3': 20, 'B8pls_v2_US East_1': 20, 'B8pls_v2_US East_2': 20, 'B8pls_v2_US East_3': 20, 'B8ps_v2_US East_1': 20, 'B8ps_v2_US East_2': 20, 'B8ps_v2_US East_3': 20, 'D16ads_v6_US East_2': 20, 'D16ads_v6_US East_3': 20, 'D16alds_v6_US East_1': 20, 'D16alds_v6_US East_3': 20, 'D16als_v6_US East_1': 20, 'D16als_v6_US East_3': 20, 'D16as_v6_US East_1': 20, 'D16as_v6_US East_2': 20, 'D16pds_v5_US East_1': 20, 'D16plds_v5_US East_2': 20, 'D16plds_v5_US East_3': 20, 'D16pls_v5_US East_2': 20, 'D16pls_v5_US East_3': 20, 'D16ps_v5_US East_3': 20, 'D2ads_v6_US East_1': 20, 'D2ads_v6_US East_2': 20, 'D2ads_v6_US East_3': 20, 'D2alds_v6_US East_1': 20, 'D2alds_v6_US East_2': 20, 'D2alds_v6_US East_3': 20, 'D2als_v6_US East_1': 20, 'D2als_v6_US East_2': 20, 'D2als_v6_US East_3': 20, 'D2as_v6_US East_1': 20, 'D2as_v6_US East_2': 20, 'D2as_v6_US East_3': 20, 'D2pds_v5_US East_1': 20, 'D2pds_v5_US East_2': 20, 'D2pds_v5_US East_3': 20, 'D2plds_v5_US East_1': 20, 'D2plds_v5_US East_2': 20, 'D2plds_v5_US East_3': 20, 'D2pls_v5_US East_1': 20, 'D2pls_v5_US East_2': 20, 'D2pls_v5_US East_3': 20, 'D2ps_v5_US East_1': 20, 'D2ps_v5_US East_2': 20, 'D2ps_v5_US East_3': 20, 'D32ads_v6_US East_1': 20, 'D32ads_v6_US East_3': 20, 'D32alds_v6_US East_1': 20, 'D32alds_v6_US East_3': 20, 'D32als_v6_US East_2': 20, 'D32als_v6_US East_3': 20, 'D32as_v6_US East_1': 20, 'D32as_v6_US East_3': 20, 'D32plds_v5_US East_3': 20, 'D32pls_v5_US East_2': 20, 'D48ads_v6_US East_1': 20, 'D48alds_v6_US East_2': 20, 'D48als_v6_US East_1': 20, 'D48als_v6_US East_3': 20, 'D4ads_v6_US East_1': 20, 'D4ads_v6_US East_2': 20, 'D4ads_v6_US East_3': 20, 'D4alds_v6_US East_1': 20, 'D4alds_v6_US East_2': 20, 'D4alds_v6_US East_3': 20, 'D4als_v6_US East_1': 20, 'D4als_v6_US East_2': 20, 'D4als_v6_US East_3': 20, 'D4as_v6_US East_1': 20, 'D4as_v6_US East_2': 20, 'D4as_v6_US East_3': 20, 'D4pds_v5_US East_1': 20, 'D4pds_v5_US East_2': 20, 'D4pds_v5_US East_3': 20, 'D4plds_v5_US East_1': 20, 'D4plds_v5_US East_2': 20, 'D4plds_v5_US East_3': 20, 'D4pls_v5_US East_1': 20, 'D4pls_v5_US East_2': 20, 'D4pls_v5_US East_3': 20, 'D4ps_v5_US East_1': 20, 'D4ps_v5_US East_2': 20, 'D4ps_v5_US East_3': 20, 'D64ads_v6_US East_2': 20, 'D64alds_v6_US East_3': 20, 'D64als_v6_US East_3': 20, 'D64as_v6_US East_2': 20, 'D8ads_v6_US East_1': 20, 'D8ads_v6_US East_2': 20, 'D8ads_v6_US East_3': 20, 'D8alds_v6_US East_1': 20, 'D8alds_v6_US East_2': 20, 'D8alds_v6_US East_3': 20, 'D8als_v6_US East_1': 20, 'D8als_v6_US East_2': 20, 'D8als_v6_US East_3': 20, 'D8as_v6_US East_1': 20, 'D8as_v6_US East_2': 20, 'D8as_v6_US East_3': 20, 'D8plds_v5_US East_1': 20, 'D8plds_v5_US East_2': 20, 'D8plds_v5_US East_3': 20, 'D8pls_v5_US East_1': 20, 'D8pls_v5_US East_2': 20, 'D8pls_v5_US East_3': 20, 'D8ps_v5_US East_1': 20, 'D8ps_v5_US East_2': 20, 'D8ps_v5_US East_3': 20, 'D96ads_v6_US East_1': 20, 'D96alds_v6_US East_2': 20, 'D96als_v6_US East_2': 20, 'D96as_v6_US East_3': 20, 'DC1s_v2_US East_3': 20, 'DC2s_v2_US East_2': 20, 'E16ads_v6_US East_1': 20, 'E16ads_v6_US East_2': 20, 'E16as_v6_US East_1': 20, 'E16as_v6_US East_2': 20, 'E20ads_v6_US East_2': 20, 'E20ads_v6_US East_3': 20, 'E20as_v6_US East_1': 20, 'E20as_v6_US East_3': 20, 'E2ads_v6_US East_1': 20, 'E2ads_v6_US East_2': 20, 'E2ads_v6_US East_3': 20, 'E2as_v6_US East_1': 20, 'E2as_v6_US East_2': 20, 'E2as_v6_US East_3': 20, 'E2ps_v5_US East_1': 20, 'E2ps_v5_US East_2': 20, 'E2ps_v5_US East_3': 20, 'E32ads_v6_US East_2': 20, 'E32as_v6_US East_2': 20, 'E48ads_v6_US East_3': 20, 'E48as_v6_US East_2': 20, 'E4ads_v6_US East_1': 20, 'E4ads_v6_US East_2': 20, 'E4ads_v6_US East_3': 20, 'E4as_v6_US East_1': 20, 'E4as_v6_US East_2': 20, 'E4as_v6_US East_3': 20, 'E4ps_v5_US East_1': 20, 'E4ps_v5_US East_2': 20, 'E4ps_v5_US East_3': 20, 'E64ads_v6_US East_1': 20, 'E64as_v6_US East_3': 20, 'E8ads_v6_US East_2': 20, 'E8ads_v6_US East_3': 20, 'E8as_v6_US East_1': 20, 'E8as_v6_US East_3': 20, 'E8ps_v5_US East_2': 20, 'E96-24ads_v6_US East_1': 20, 'E96-48ads_v6_US East_2': 20, 'E96ads_v6_US East_3': 20, 'E96as_v6_US East_2': 20, 'F16als_v6_US East_2': 20, 'F16als_v6_US East_3': 20, 'F16ams_v6_US East_1': 20, 'F16ams_v6_US East_3': 20, 'F16as_v6_US East_1': 20, 'F16as_v6_US East_3': 20, 'F2als_v6_US East_1': 20, 'F2als_v6_US East_2': 20, 'F2als_v6_US East_3': 20, 'F2ams_v6_US East_1': 20, 'F2ams_v6_US East_2': 20, 'F2ams_v6_US East_3': 20, 'F2as_v6_US East_1': 20, 'F2as_v6_US East_2': 20, 'F2as_v6_US East_3': 20, 'F32als_v6_US East_3': 20, 'F32ams_v6_US East_1': 20, 'F32as_v6_US East_1': 20, 'F48als_v6_US East_2': 20, 'F48ams_v6_US East_2': 20, 'F48as_v6_US East_1': 20, 'F4als_v6_US East_1': 20, 'F4als_v6_US East_2': 20, 'F4als_v6_US East_3': 20, 'F4ams_v6_US East_1': 20, 'F4ams_v6_US East_2': 20, 'F4ams_v6_US East_3': 20, 'F4as_v6_US East_1': 20, 'F4as_v6_US East_2': 20, 'F4as_v6_US East_3': 20, 'F64als_v6_US East_1': 20, 'F64ams_v6_US East_1': 20, 'F64as_v6_US East_1': 20, 'F8als_v6_US East_1': 20, 'F8als_v6_US East_2': 20, 'F8ams_v6_US East_1': 20, 'F8ams_v6_US East_2': 20, 'F8as_v6_US East_2': 20, 'F8as_v6_US East_3': 20, 'M16-4ms_US East_1': 20, 'M16-4ms_US East_2': 20, 'M16-4ms_US East_3': 20, 'M16-8ms_US East_1': 20, 'M16-8ms_US East_2': 20, 'M16-8ms_US East_3': 20, 'M16ms_US East_1': 20, 'M16ms_US East_2': 20, 'M16ms_US East_3': 20, 'M32-16ms_US East_1': 20, 'M32-16ms_US East_3': 20, 'M32-8ms_US East_1': 20, 'M32-8ms_US East_3': 20, 'M32dms_v2_US East_1': 20, 'M32dms_v2_US East_2': 20, 'M32dms_v2_US East_3': 20, 'M32ls_US East_1': 20, 'M32ls_US East_2': 20, 'M32ls_US East_3': 20, 'M32ms_US East_2': 20, 'M32ms_US East_3': 20, 'M32ms_v2_US East_1': 20, 'M32ms_v2_US East_2': 20, 'M32ms_v2_US East_3': 20, 'M32ts_US East_1': 20, 'M32ts_US East_2': 20, 'M32ts_US East_3': 20, 'M64s_v2_US East_1': 20, 'M8-2ms_US East_1': 20, 'M8-2ms_US East_2': 20, 'M8-2ms_US East_3': 20, 'M8-4ms_US East_1': 20, 'M8-4ms_US East_2': 20, 'M8-4ms_US East_3': 20, 'M8ms_US East_1': 20, 'M8ms_US East_2': 20, 'M8ms_US East_3': 20, 'NV4as_v4_US East_1': 20, 'NV4as_v4_US East_2': 20, 'NV4as_v4_US East_3': 20, 'NV6ads_A10_v5_US East_1': 20, 'NV6ads_A10_v5_US East_2': 20, 'NV8as_v4_US East_1': 20, 'NV8as_v4_US East_2': 20, 'NV8as_v4_US East_3': 20}"
