time,pods,cpu,memory,karpenter,kubecaps,region
2025-08-20 14:00:00+09:00,10,1,1,"{'performance': np.float64(385375.1046336001), 'cost': np.float64(0.2069), 'assignable_pod': np.float64(16.0), 'excess_pod': np.float64(6.0), 'efficiency': np.float64(116413.45596713391), 'nodepool': [{'instance_type': 'c7g.4xlarge', 'availability_zone': 'us-west-2d', 'num_instances': 1, 'T3': np.float64(50.0)}]}","{'performance': 183578.9179, 'cost': 0.028800000000000003, 'actual_pods': 10.0, 'excess_pods': 0.0, 'efficiency': 637426.7982638888, 'nodepool': [{'instance_type': 't4g.micro', 'availability_zone': 'us-west-2c', 'num_instances': 6, 'T3': 50.0}, {'instance_type': 't4g.micro', 'availability_zone': 'us-west-2d', 'num_instances': 4, 'T3': 10.0}]}",us-west-2
2025-08-20 14:00:00+09:00,10,1,2,"{'performance': np.float64(385375.1046336001), 'cost': np.float64(0.2069), 'assignable_pod': np.float64(16.0), 'excess_pod': np.float64(6.0), 'efficiency': np.float64(116413.45596713391), 'nodepool': [{'instance_type': 'c7g.4xlarge', 'availability_zone': 'us-west-2d', 'num_instances': 1, 'T3': np.float64(50.0)}]}","{'performance': 333149.00488799997, 'cost': 0.099, 'actual_pods': 10.0, 'excess_pods': 0.0, 'efficiency': 336514.14635151514, 'nodepool': [{'instance_type': 'c6a.large', 'availability_zone': 'us-west-2d', 'num_instances': 5, 'T3': 50.0}]}",us-west-2
2025-08-23 11:00:00+09:00,10,1,1,"{'performance': np.float64(385375.1046336001), 'cost': np.float64(0.2135), 'assignable_pod': np.float64(16.0), 'excess_pod': np.float64(6.0), 'efficiency': np.float64(112814.72618079628), 'nodepool': [{'instance_type': 'c7g.4xlarge', 'availability_zone': 'us-west-2d', 'num_instances': 1, 'T3': np.float64(50.0)}]}","{'performance': 183578.9179, 'cost': 0.028, 'actual_pods': 10.0, 'excess_pods': 0.0, 'efficiency': 655638.9924999999, 'nodepool': [{'instance_type': 't4g.micro', 'availability_zone': 'us-west-2d', 'num_instances': 10, 'T3': 30.0}]}",us-west-2
2025-08-23 11:00:00+09:00,10,1,2,"{'performance': np.float64(385375.1046336001), 'cost': np.float64(0.2135), 'assignable_pod': np.float64(16.0), 'excess_pod': np.float64(6.0), 'efficiency': np.float64(112814.72618079628), 'nodepool': [{'instance_type': 'c7g.4xlarge', 'availability_zone': 'us-west-2d', 'num_instances': 1, 'T3': np.float64(50.0)}]}","{'performance': 333149.00488799997, 'cost': 0.104, 'actual_pods': 10.0, 'excess_pods': 0.0, 'efficiency': 320335.58162307687, 'nodepool': [{'instance_type': 'c6a.large', 'availability_zone': 'us-west-2d', 'num_instances': 5, 'T3': 50.0}]}",us-west-2
2025-08-23 11:00:00+09:00,10,1,4,"{'performance': np.float64(388753.48040959996), 'cost': np.float64(0.2389), 'assignable_pod': np.float64(16.0), 'excess_pod': np.float64(6.0), 'efficiency': np.float64(101704.02898953536), 'nodepool': [{'instance_type': 'm7g.4xlarge', 'availability_zone': 'us-west-2d', 'num_instances': 1, 'T3': np.float64(50.0)}]}","{'performance': 337135.5093772, 'cost': 0.1447, 'actual_pods': 10.0, 'excess_pods': 0.0, 'efficiency': 232989.29466288871, 'nodepool': [{'instance_type': 'i7ie.large', 'availability_zone': 'us-west-2d', 'num_instances': 4, 'T3': 10.0}, {'instance_type': 'm7i-flex.large', 'availability_zone': 'us-west-2c', 'num_instances': 1, 'T3': 50.0}]}",us-west-2
2025-08-23 11:00:00+09:00,10,2,2,"{'performance': np.float64(309501.7072), 'cost': np.float64(0.4324), 'assignable_pod': np.float64(16.0), 'excess_pod': np.float64(6.0), 'efficiency': np.float64(44736.02382053654), 'nodepool': [{'instance_type': 'c6gd.8xlarge', 'availability_zone': 'us-west-2d', 'num_instances': 1, 'T3': np.float64(35.0)}]}","{'performance': 333149.00488799997, 'cost': 0.208, 'actual_pods': 10.0, 'excess_pods': 0.0, 'efficiency': 160167.79081153843, 'nodepool': [{'instance_type': 'c6a.large', 'availability_zone': 'us-west-2d', 'num_instances': 10, 'T3': 50.0}]}",us-west-2
2025-08-23 11:00:00+09:00,50,1,2,"{'performance': np.float64(1540616.9623551997), 'cost': np.float64(0.7817), 'assignable_pod': np.float64(64.0), 'excess_pod': np.float64(14.0), 'efficiency': np.float64(30794.60155660739), 'nodepool': [{'instance_type': 'c7g.16xlarge', 'availability_zone': 'us-west-2d', 'num_instances': 1, 'T3': np.float64(50.0)}]}","{'performance': 1516629.693052, 'cost': 0.475, 'actual_pods': 50.0, 'excess_pods': 0.0, 'efficiency': 63858.09233903157, 'nodepool': [{'instance_type': 'c6a.large', 'availability_zone': 'us-west-2d', 'num_instances': 20, 'T3': 50.0}, {'instance_type': 't4g.small', 'availability_zone': 'us-west-2d', 'num_instances': 10, 'T3': 50.0}]}",us-west-2
2025-08-23 11:00:00+09:00,50,1,4,"{'performance': np.float64(1553926.921856), 'cost': np.float64(0.8729), 'assignable_pod': np.float64(64.0), 'excess_pod': np.float64(14.0), 'efficiency': np.float64(27815.452118226603), 'nodepool': [{'instance_type': 'm7g.16xlarge', 'availability_zone': 'us-west-2d', 'num_instances': 1, 'T3': np.float64(50.0)}]}","{'performance': 1723700.1879332, 'cost': 0.7721, 'actual_pods': 50.0, 'excess_pods': 0.0, 'efficiency': 44649.661648314985, 'nodepool': [{'instance_type': 'i7ie.large', 'availability_zone': 'us-west-2d', 'num_instances': 4, 'T3': 10.0}, {'instance_type': 'm6a.xlarge', 'availability_zone': 'us-west-2d', 'num_instances': 1, 'T3': 50.0}, {'instance_type': 'm7i-flex.large', 'availability_zone': 'us-west-2c', 'num_instances': 19, 'T3': 50.0}]}",us-west-2
2025-08-23 11:00:00+09:00,50,2,2,"{'performance': np.float64(2680695.8449920006), 'cost': np.float64(2.449), 'assignable_pod': np.float64(96.0), 'excess_pod': np.float64(46.0), 'efficiency': np.float64(11402.170294814214), 'nodepool': [{'instance_type': 'c8g.48xlarge', 'availability_zone': 'us-west-2d', 'num_instances': 1, 'T3': np.float64(1.0)}]}","{'performance': 1678286.5857967997, 'cost': 1.142, 'actual_pods': 50.0, 'excess_pods': 0.0, 'efficiency': 29392.059295915937, 'nodepool': [{'instance_type': 'c6a.large', 'availability_zone': 'us-west-2a', 'num_instances': 16, 'T3': 50.0}, {'instance_type': 'c6a.large', 'availability_zone': 'us-west-2d', 'num_instances': 20, 'T3': 50.0}, {'instance_type': 'c7i-flex.large', 'availability_zone': 'us-west-2d', 'num_instances': 14, 'T3': 35.0}]}",us-west-2
2025-08-23 11:00:00+09:00,100,1,2,"{'performance': np.float64(5361391.689984001), 'cost': np.float64(2.449), 'assignable_pod': np.float64(192.0), 'excess_pod': np.float64(92.0), 'efficiency': np.float64(11402.170294814214), 'nodepool': [{'instance_type': 'c8g.48xlarge', 'availability_zone': 'us-west-2d', 'num_instances': 1, 'T3': np.float64(1.0)}]}","{'performance': 2880042.8768832, 'cost': 0.9368, 'actual_pods': 100.0, 'excess_pods': 0.0, 'efficiency': 30743.41243470538, 'nodepool': [{'instance_type': 'c6a.large', 'availability_zone': 'us-west-2d', 'num_instances': 20, 'T3': 50.0}, {'instance_type': 'c7i-flex.large', 'availability_zone': 'us-west-2d', 'num_instances': 14, 'T3': 35.0}, {'instance_type': 't2.small', 'availability_zone': 'us-west-2a', 'num_instances': 12, 'T3': 50.0}, {'instance_type': 't4g.small', 'availability_zone': 'us-west-2d', 'num_instances': 20, 'T3': 50.0}]}",us-west-2
2025-08-23 11:00:00+09:00,100,1,4,"{'performance': np.float64(5360942.49408), 'cost': np.float64(2.864), 'assignable_pod': np.float64(192.0), 'excess_pod': np.float64(92.0), 'efficiency': np.float64(9749.153453212291), 'nodepool': [{'instance_type': 'm8g.48xlarge', 'availability_zone': 'us-west-2d', 'num_instances': 1, 'T3': np.float64(5.0)}]}","{'performance': 3391147.8885072004, 'cost': 1.5284, 'actual_pods': 100.0, 'excess_pods': 0.0, 'efficiency': 22187.56796981942, 'nodepool': [{'instance_type': 'i7ie.large', 'availability_zone': 'us-west-2d', 'num_instances': 4, 'T3': 10.0}, {'instance_type': 'm6a.xlarge', 'availability_zone': 'us-west-2d', 'num_instances': 13, 'T3': 50.0}, {'instance_type': 'm7i-flex.large', 'availability_zone': 'us-west-2c', 'num_instances': 20, 'T3': 50.0}]}",us-west-2
2025-08-22 11:00:00+09:00,10,1,1,"{'performance': np.float64(385375.1046336001), 'cost': np.float64(0.2085), 'assignable_pod': np.float64(16.0), 'excess_pod': np.float64(6.0), 'efficiency': np.float64(115520.11529784177), 'nodepool': [{'instance_type': 'c7g.4xlarge', 'availability_zone': 'us-west-2d', 'num_instances': 1, 'T3': np.float64(50.0)}]}","{'performance': 183578.9179, 'cost': 0.028, 'actual_pods': 10.0, 'excess_pods': 0.0, 'efficiency': 655638.9924999999, 'nodepool': [{'instance_type': 't4g.micro', 'availability_zone': 'us-west-2d', 'num_instances': 10, 'T3': 25.0}]}",us-west-2
2025-08-22 11:00:00+09:00,10,1,2,"{'performance': np.float64(385375.1046336001), 'cost': np.float64(0.2085), 'assignable_pod': np.float64(16.0), 'excess_pod': np.float64(6.0), 'efficiency': np.float64(115520.11529784177), 'nodepool': [{'instance_type': 'c7g.4xlarge', 'availability_zone': 'us-west-2d', 'num_instances': 1, 'T3': np.float64(50.0)}]}","{'performance': 333149.00488799997, 'cost': 0.10149999999999999, 'actual_pods': 10.0, 'excess_pods': 0.0, 'efficiency': 328225.62057931034, 'nodepool': [{'instance_type': 'c6a.large', 'availability_zone': 'us-west-2d', 'num_instances': 5, 'T3': 50.0}]}",us-west-2
2025-08-22 11:00:00+09:00,10,1,4,"{'performance': np.float64(388753.48040959996), 'cost': np.float64(0.237), 'assignable_pod': np.float64(16.0), 'excess_pod': np.float64(6.0), 'efficiency': np.float64(102519.37774514768), 'nodepool': [{'instance_type': 'm7g.4xlarge', 'availability_zone': 'us-west-2d', 'num_instances': 1, 'T3': np.float64(50.0)}]}","{'performance': 334376.77949999995, 'cost': 0.1355, 'actual_pods': 10.0, 'excess_pods': 0.0, 'efficiency': 246772.5309963099, 'nodepool': [{'instance_type': 'i7ie.large', 'availability_zone': 'us-west-2d', 'num_instances': 5, 'T3': 15.0}]}",us-west-2
2025-08-22 11:00:00+09:00,10,2,2,"{'performance': np.float64(309501.7072), 'cost': np.float64(0.437), 'assignable_pod': np.float64(16.0), 'excess_pod': np.float64(6.0), 'efficiency': np.float64(44265.118306636155), 'nodepool': [{'instance_type': 'c6gd.8xlarge', 'availability_zone': 'us-west-2d', 'num_instances': 1, 'T3': np.float64(35.0)}]}","{'performance': 333149.00488799997, 'cost': 0.20299999999999999, 'actual_pods': 10.0, 'excess_pods': 0.0, 'efficiency': 164112.81028965517, 'nodepool': [{'instance_type': 'c6a.large', 'availability_zone': 'us-west-2d', 'num_instances': 10, 'T3': 50.0}]}",us-west-2
2025-08-22 11:00:00+09:00,50,1,2,"{'performance': np.float64(1540616.9623551997), 'cost': np.float64(0.7798), 'assignable_pod': np.float64(64.0), 'excess_pod': np.float64(14.0), 'efficiency': np.float64(30869.633286483706), 'nodepool': [{'instance_type': 'c7g.16xlarge', 'availability_zone': 'us-west-2d', 'num_instances': 1, 'T3': np.float64(50.0)}]}","{'performance': 1516629.693052, 'cost': 0.46399999999999997, 'actual_pods': 50.0, 'excess_pods': 0.0, 'efficiency': 65371.969528103444, 'nodepool': [{'instance_type': 'c6a.large', 'availability_zone': 'us-west-2d', 'num_instances': 20, 'T3': 50.0}, {'instance_type': 't4g.small', 'availability_zone': 'us-west-2d', 'num_instances': 10, 'T3': 50.0}]}",us-west-2
2025-08-22 11:00:00+09:00,50,1,4,"{'performance': np.float64(1555060.0093088), 'cost': np.float64(0.8781), 'assignable_pod': np.float64(64.0), 'excess_pod': np.float64(14.0), 'efficiency': np.float64(27670.894710682158), 'nodepool': [{'instance_type': 'm7g.12xlarge', 'availability_zone': 'us-west-2d', 'num_instances': 1, 'T3': np.float64(35.0)}, {'instance_type': 'm7g.4xlarge', 'availability_zone': 'us-west-2d', 'num_instances': 1, 'T3': np.float64(50.0)}]}","{'performance': 1669246.4322748, 'cost': 0.734, 'actual_pods': 50.0, 'excess_pods': 0.0, 'efficiency': 45483.554012937326, 'nodepool': [{'instance_type': 'i7ie.large', 'availability_zone': 'us-west-2d', 'num_instances': 6, 'T3': 15.0}, {'instance_type': 'm6a.xlarge', 'availability_zone': 'us-west-2d', 'num_instances': 9, 'T3': 50.0}, {'instance_type': 'm7i-flex.large', 'availability_zone': 'us-west-2c', 'num_instances': 1, 'T3': 50.0}]}",us-west-2
2025-08-22 11:00:00+09:00,50,2,2,"{'performance': np.float64(2680695.8449920006), 'cost': np.float64(2.43), 'assignable_pod': np.float64(96.0), 'excess_pod': np.float64(46.0), 'efficiency': np.float64(11491.323066666668), 'nodepool': [{'instance_type': 'c8g.48xlarge', 'availability_zone': 'us-west-2d', 'num_instances': 1, 'T3': np.float64(1.0)}]}","{'performance': 1681869.8890415998, 'cost': 1.1128, 'actual_pods': 50.0, 'excess_pods': 0.0, 'efficiency': 30227.71188069015, 'nodepool': [{'instance_type': 'c6a.large', 'availability_zone': 'us-west-2a', 'num_instances': 12, 'T3': 50.0}, {'instance_type': 'c6a.large', 'availability_zone': 'us-west-2d', 'num_instances': 20, 'T3': 50.0}, {'instance_type': 'c7i-flex.large', 'availability_zone': 'us-west-2d', 'num_instances': 18, 'T3': 45.0}]}",us-west-2
2025-08-22 11:00:00+09:00,100,1,2,"{'performance': np.float64(5361391.689984001), 'cost': np.float64(2.43), 'assignable_pod': np.float64(192.0), 'excess_pod': np.float64(92.0), 'efficiency': np.float64(11491.323066666668), 'nodepool': [{'instance_type': 'c8g.48xlarge', 'availability_zone': 'us-west-2d', 'num_instances': 1, 'T3': np.float64(1.0)}]}","{'performance': 3006075.9046624, 'cost': 0.9504, 'actual_pods': 100.0, 'excess_pods': 0.0, 'efficiency': 31629.586538956228, 'nodepool': [{'instance_type': 'c6a.large', 'availability_zone': 'us-west-2d', 'num_instances': 20, 'T3': 50.0}, {'instance_type': 'c7i-flex.large', 'availability_zone': 'us-west-2d', 'num_instances': 18, 'T3': 45.0}, {'instance_type': 't2.small', 'availability_zone': 'us-west-2a', 'num_instances': 4, 'T3': 50.0}, {'instance_type': 't4g.small', 'availability_zone': 'us-west-2d', 'num_instances': 20, 'T3': 50.0}]}",us-west-2
2025-08-19 22:00:00+09:00,10,1,1,"{'performance': np.float64(385375.1046336001), 'cost': np.float64(0.2038), 'assignable_pod': np.float64(16.0), 'excess_pod': np.float64(6.0), 'efficiency': np.float64(118184.2200176644), 'nodepool': [{'instance_type': 'c7g.4xlarge', 'availability_zone': 'us-west-2c', 'num_instances': 1, 'T3': np.float64(50.0)}]}","{'performance': 183578.9179, 'cost': 0.0276, 'actual_pods': 10.0, 'excess_pods': 0.0, 'efficiency': 665141.0068840579, 'nodepool': [{'instance_type': 't4g.micro', 'availability_zone': 'us-west-2c', 'num_instances': 2, 'T3': 50.0}, {'instance_type': 't4g.micro', 'availability_zone': 'us-west-2d', 'num_instances': 8, 'T3': 20.0}]}",us-west-2
2025-08-19 22:00:00+09:00,10,1,2,"{'performance': np.float64(385375.1046336001), 'cost': np.float64(0.2038), 'assignable_pod': np.float64(16.0), 'excess_pod': np.float64(6.0), 'efficiency': np.float64(118184.2200176644), 'nodepool': [{'instance_type': 'c7g.4xlarge', 'availability_zone': 'us-west-2c', 'num_instances': 1, 'T3': np.float64(50.0)}]}","{'performance': 333149.00488799997, 'cost': 0.09849999999999999, 'actual_pods': 10.0, 'excess_pods': 0.0, 'efficiency': 338222.3399878173, 'nodepool': [{'instance_type': 'c6a.large', 'availability_zone': 'us-west-2d', 'num_instances': 5, 'T3': 50.0}]}",us-west-2
2025-08-19 22:00:00+09:00,10,1,4,"{'performance': np.float64(388753.48040959996), 'cost': np.float64(0.236), 'assignable_pod': np.float64(16.0), 'excess_pod': np.float64(6.0), 'efficiency': np.float64(102953.78188813559), 'nodepool': [{'instance_type': 'm7g.4xlarge', 'availability_zone': 'us-west-2d', 'num_instances': 1, 'T3': np.float64(50.0)}]}","{'performance': 354691.661588, 'cost': 0.155, 'actual_pods': 10.0, 'excess_pods': 0.0, 'efficiency': 228833.3300567742, 'nodepool': [{'instance_type': 'm7a.medium', 'availability_zone': 'us-west-2d', 'num_instances': 10, 'T3': 50.0}]}",us-west-2
2025-08-19 22:00:00+09:00,10,2,2,"{'performance': np.float64(309501.7072), 'cost': np.float64(0.4206), 'assignable_pod': np.float64(16.0), 'excess_pod': np.float64(6.0), 'efficiency': np.float64(45991.100095102236), 'nodepool': [{'instance_type': 'c6gd.8xlarge', 'availability_zone': 'us-west-2d', 'num_instances': 1, 'T3': np.float64(25.0)}]}","{'performance': 333149.00488799997, 'cost': 0.19699999999999998, 'actual_pods': 10.0, 'excess_pods': 0.0, 'efficiency': 169111.16999390864, 'nodepool': [{'instance_type': 'c6a.large', 'availability_zone': 'us-west-2d', 'num_instances': 10, 'T3': 50.0}]}",us-west-2
2025-08-19 22:00:00+09:00,50,1,2,"{'performance': np.float64(1540616.9623551997), 'cost': np.float64(0.752), 'assignable_pod': np.float64(64.0), 'excess_pod': np.float64(14.0), 'efficiency': np.float64(32010.824517021272), 'nodepool': [{'instance_type': 'c7g.16xlarge', 'availability_zone': 'us-west-2c', 'num_instances': 1, 'T3': np.float64(50.0)}]}","{'performance': 1516629.693052, 'cost': 0.44899999999999995, 'actual_pods': 50.0, 'excess_pods': 0.0, 'efficiency': 67555.88833193763, 'nodepool': [{'instance_type': 'c6a.large', 'availability_zone': 'us-west-2d', 'num_instances': 20, 'T3': 50.0}, {'instance_type': 't4g.small', 'availability_zone': 'us-west-2d', 'num_instances': 10, 'T3': 50.0}]}",us-west-2
2025-08-19 22:00:00+09:00,50,1,4,"{'performance': np.float64(1553926.921856), 'cost': np.float64(0.8304), 'assignable_pod': np.float64(64.0), 'excess_pod': np.float64(14.0), 'efficiency': np.float64(29239.051245183044), 'nodepool': [{'instance_type': 'm7g.16xlarge', 'availability_zone': 'us-west-2d', 'num_instances': 1, 'T3': np.float64(50.0)}]}","{'performance': 1753894.609834, 'cost': 0.7705, 'actual_pods': 50.0, 'excess_pods': 0.0, 'efficiency': 45526.14172184296, 'nodepool': [{'instance_type': 'm7a.medium', 'availability_zone': 'us-west-2d', 'num_instances': 20, 'T3': 50.0}, {'instance_type': 'm7i-flex.large', 'availability_zone': 'us-west-2a', 'num_instances': 15, 'T3': 50.0}]}",us-west-2
2025-08-19 22:00:00+09:00,50,2,2,"{'performance': np.float64(2278235.3314432), 'cost': np.float64(2.3077), 'assignable_pod': np.float64(64.0), 'excess_pod': np.float64(14.0), 'efficiency': np.float64(15425.500304978983), 'nodepool': [{'instance_type': 'c7a.32xlarge', 'availability_zone': 'us-west-2d', 'num_instances': 1, 'T3': np.float64(5.0)}]}","{'performance': 1680078.2374192001, 'cost': 1.0796, 'actual_pods': 50.0, 'excess_pods': 0.0, 'efficiency': 31124.08739198222, 'nodepool': [{'instance_type': 'c6a.large', 'availability_zone': 'us-west-2a', 'num_instances': 14, 'T3': 50.0}, {'instance_type': 'c6a.large', 'availability_zone': 'us-west-2d', 'num_instances': 20, 'T3': 50.0}, {'instance_type': 'c7i-flex.large', 'availability_zone': 'us-west-2d', 'num_instances': 16, 'T3': 40.0}]}",us-west-2
2025-08-19 22:00:00+09:00,100,1,2,"{'performance': np.float64(4556470.6628864), 'cost': np.float64(2.3077), 'assignable_pod': np.float64(128.0), 'excess_pod': np.float64(28.0), 'efficiency': np.float64(15425.500304978983), 'nodepool': [{'instance_type': 'c7a.32xlarge', 'availability_zone': 'us-west-2d', 'num_instances': 1, 'T3': np.float64(5.0)}]}","{'performance': 2943059.3907728004, 'cost': 0.8919999999999999, 'actual_pods': 100.0, 'excess_pods': 0.0, 'efficiency': 32993.93935843947, 'nodepool': [{'instance_type': 'c6a.large', 'availability_zone': 'us-west-2d', 'num_instances': 20, 'T3': 50.0}, {'instance_type': 'c7i-flex.large', 'availability_zone': 'us-west-2d', 'num_instances': 16, 'T3': 40.0}, {'instance_type': 't2.small', 'availability_zone': 'us-west-2b', 'num_instances': 8, 'T3': 50.0}, {'instance_type': 't4g.small', 'availability_zone': 'us-west-2d', 'num_instances': 20, 'T3': 50.0}]}",us-west-2
2025-08-22 23:00:00+09:00,10,1,1,"{'performance': np.float64(385375.1046336001), 'cost': np.float64(0.2106), 'assignable_pod': np.float64(16.0), 'excess_pod': np.float64(6.0), 'efficiency': np.float64(114368.20531623934), 'nodepool': [{'instance_type': 'c7g.4xlarge', 'availability_zone': 'us-west-2d', 'num_instances': 1, 'T3': np.float64(50.0)}]}","{'performance': 183578.9179, 'cost': 0.0284, 'actual_pods': 10.0, 'excess_pods': 0.0, 'efficiency': 646404.6404929577, 'nodepool': [{'instance_type': 't4g.micro', 'availability_zone': 'us-west-2c', 'num_instances': 2, 'T3': 50.0}, {'instance_type': 't4g.micro', 'availability_zone': 'us-west-2d', 'num_instances': 8, 'T3': 20.0}]}",us-west-2
2025-08-22 23:00:00+09:00,10,1,2,"{'performance': np.float64(385375.1046336001), 'cost': np.float64(0.2106), 'assignable_pod': np.float64(16.0), 'excess_pod': np.float64(6.0), 'efficiency': np.float64(114368.20531623934), 'nodepool': [{'instance_type': 'c7g.4xlarge', 'availability_zone': 'us-west-2d', 'num_instances': 1, 'T3': np.float64(50.0)}]}","{'performance': 333149.00488799997, 'cost': 0.10200000000000001, 'actual_pods': 10.0, 'excess_pods': 0.0, 'efficiency': 326616.6714588235, 'nodepool': [{'instance_type': 'c6a.large', 'availability_zone': 'us-west-2d', 'num_instances': 5, 'T3': 50.0}]}",us-west-2
2025-08-22 23:00:00+09:00,10,1,4,"{'performance': np.float64(388753.48040959996), 'cost': np.float64(0.2383), 'assignable_pod': np.float64(16.0), 'excess_pod': np.float64(6.0), 'efficiency': np.float64(101960.10291900963), 'nodepool': [{'instance_type': 'm7g.4xlarge', 'availability_zone': 'us-west-2d', 'num_instances': 1, 'T3': np.float64(50.0)}]}","{'performance': 348170.428886, 'cost': 0.15699999999999997, 'actual_pods': 10.0, 'excess_pods': 0.0, 'efficiency': 221764.6043859873, 'nodepool': [{'instance_type': 'm7i-flex.large', 'availability_zone': 'us-west-2c', 'num_instances': 5, 'T3': 50.0}]}",us-west-2
2025-08-22 23:00:00+09:00,10,2,2,"{'performance': np.float64(309501.7072), 'cost': np.float64(0.4364), 'assignable_pod': np.float64(16.0), 'excess_pod': np.float64(6.0), 'efficiency': np.float64(44325.97777268561), 'nodepool': [{'instance_type': 'c6gd.8xlarge', 'availability_zone': 'us-west-2d', 'num_instances': 1, 'T3': np.float64(30.0)}]}","{'performance': 333149.00488799997, 'cost': 0.20400000000000001, 'actual_pods': 10.0, 'excess_pods': 0.0, 'efficiency': 163308.33572941174, 'nodepool': [{'instance_type': 'c6a.large', 'availability_zone': 'us-west-2d', 'num_instances': 10, 'T3': 50.0}]}",us-west-2
2025-08-22 23:00:00+09:00,50,1,2,"{'performance': np.float64(1540616.9623551997), 'cost': np.float64(0.7833), 'assignable_pod': np.float64(64.0), 'excess_pod': np.float64(14.0), 'efficiency': np.float64(30731.699268224176), 'nodepool': [{'instance_type': 'c7g.16xlarge', 'availability_zone': 'us-west-2d', 'num_instances': 1, 'T3': np.float64(50.0)}]}","{'performance': 1516629.693052, 'cost': 0.466, 'actual_pods': 50.0, 'excess_pods': 0.0, 'efficiency': 65091.40313527896, 'nodepool': [{'instance_type': 'c6a.large', 'availability_zone': 'us-west-2d', 'num_instances': 20, 'T3': 50.0}, {'instance_type': 't4g.small', 'availability_zone': 'us-west-2d', 'num_instances': 10, 'T3': 50.0}]}",us-west-2
2025-08-22 23:00:00+09:00,50,1,4,"{'performance': np.float64(1553926.921856), 'cost': np.float64(0.8711), 'assignable_pod': np.float64(64.0), 'excess_pod': np.float64(14.0), 'efficiency': np.float64(27872.928658018598), 'nodepool': [{'instance_type': 'm7g.16xlarge', 'availability_zone': 'us-west-2d', 'num_instances': 1, 'T3': np.float64(50.0)}]}","{'performance': 1728618.070454, 'cost': 0.7807999999999999, 'actual_pods': 50.0, 'excess_pods': 0.0, 'efficiency': 44278.126804661886, 'nodepool': [{'instance_type': 'm6a.xlarge', 'availability_zone': 'us-west-2d', 'num_instances': 2, 'T3': 50.0}, {'instance_type': 'm7i-flex.large', 'availability_zone': 'us-west-2a', 'num_instances': 1, 'T3': 50.0}, {'instance_type': 'm7i-flex.large', 'availability_zone': 'us-west-2c', 'num_instances': 20, 'T3': 50.0}]}",us-west-2
2025-08-22 23:00:00+09:00,50,2,2,"{'performance': np.float64(2680695.8449920006), 'cost': np.float64(2.4357), 'assignable_pod': np.float64(96.0), 'excess_pod': np.float64(46.0), 'efficiency': np.float64(11464.431191033382), 'nodepool': [{'instance_type': 'c8g.48xlarge', 'availability_zone': 'us-west-2d', 'num_instances': 1, 'T3': np.float64(1.0)}]}","{'performance': 1678286.5857967997, 'cost': 1.131, 'actual_pods': 50.0, 'excess_pods': 0.0, 'efficiency': 29677.923709934566, 'nodepool': [{'instance_type': 'c6a.large', 'availability_zone': 'us-west-2a', 'num_instances': 16, 'T3': 50.0}, {'instance_type': 'c6a.large', 'availability_zone': 'us-west-2d', 'num_instances': 20, 'T3': 50.0}, {'instance_type': 'c7i-flex.large', 'availability_zone': 'us-west-2d', 'num_instances': 14, 'T3': 35.0}]}",us-west-2
2025-08-22 23:00:00+09:00,100,1,2,"{'performance': np.float64(5361391.689984001), 'cost': np.float64(2.4357), 'assignable_pod': np.float64(192.0), 'excess_pod': np.float64(92.0), 'efficiency': np.float64(11464.431191033382), 'nodepool': [{'instance_type': 'c8g.48xlarge', 'availability_zone': 'us-west-2d', 'num_instances': 1, 'T3': np.float64(1.0)}]}","{'performance': 2880042.8768832, 'cost': 0.9242, 'actual_pods': 100.0, 'excess_pods': 0.0, 'efficiency': 31162.550063657214, 'nodepool': [{'instance_type': 'c6a.large', 'availability_zone': 'us-west-2d', 'num_instances': 20, 'T3': 50.0}, {'instance_type': 'c7i-flex.large', 'availability_zone': 'us-west-2d', 'num_instances': 14, 'T3': 35.0}, {'instance_type': 't2.small', 'availability_zone': 'us-west-2a', 'num_instances': 12, 'T3': 50.0}, {'instance_type': 't4g.small', 'availability_zone': 'us-west-2d', 'num_instances': 20, 'T3': 50.0}]}",us-west-2
2025-08-22 23:00:00+09:00,100,1,4,"{'performance': np.float64(5360942.49408), 'cost': np.float64(2.8365), 'assignable_pod': np.float64(192.0), 'excess_pod': np.float64(92.0), 'efficiency': np.float64(9843.671951348493), 'nodepool': [{'instance_type': 'm8g.48xlarge', 'availability_zone': 'us-west-2d', 'num_instances': 1, 'T3': np.float64(5.0)}]}","{'performance': 3389948.73404, 'cost': 1.5354999999999999, 'actual_pods': 100.0, 'excess_pods': 0.0, 'efficiency': 22077.165314490398, 'nodepool': [{'instance_type': 'm6a.xlarge', 'availability_zone': 'us-west-2d', 'num_instances': 15, 'T3': 50.0}, {'instance_type': 'm7i-flex.large', 'availability_zone': 'us-west-2c', 'num_instances': 20, 'T3': 50.0}]}",us-west-2
2025-08-22 23:00:00+09:00,100,2,2,"{'performance': np.float64(2873383.397308801), 'cost': np.float64(2.6463), 'assignable_pod': np.float64(104.0), 'excess_pod': np.float64(4.0), 'efficiency': np.float64(10440.496736040746), 'nodepool': [{'instance_type': 'c7g.4xlarge', 'availability_zone': 'us-west-2d', 'num_instances': 1, 'T3': np.float64(50.0)}, {'instance_type': 'c8g.48xlarge', 'availability_zone': 'us-west-2d', 'num_instances': 1, 'T3': np.float64(1.0)}]}","{'performance': 3346282.5862608, 'cost': 2.4616000000000002, 'actual_pods': 100.0, 'excess_pods': 0.0, 'efficiency': 13593.93315835554, 'nodepool': [{'instance_type': 'c6a.large', 'availability_zone': 'us-west-2a', 'num_instances': 20, 'T3': 50.0}, {'instance_type': 'c6a.large', 'availability_zone': 'us-west-2c', 'num_instances': 6, 'T3': 50.0}, {'instance_type': 'c6a.large', 'availability_zone': 'us-west-2d', 'num_instances': 20, 'T3': 50.0}, {'instance_type': 'c6a.xlarge', 'availability_zone': 'us-west-2d', 'num_instances': 20, 'T3': 50.0}, {'instance_type': 'c7i-flex.large', 'availability_zone': 'us-west-2d', 'num_instances': 14, 'T3': 35.0}]}",us-west-2
2025-08-23 07:00:00+09:00,10,1,1,"{'performance': np.float64(385375.1046336001), 'cost': np.float64(0.2122), 'assignable_pod': np.float64(16.0), 'excess_pod': np.float64(6.0), 'efficiency': np.float64(113505.86258058439), 'nodepool': [{'instance_type': 'c7g.4xlarge', 'availability_zone': 'us-west-2d', 'num_instances': 1, 'T3': np.float64(50.0)}]}","{'performance': 183578.9179, 'cost': 0.028, 'actual_pods': 10.0, 'excess_pods': 0.0, 'efficiency': 655638.9924999999, 'nodepool': [{'instance_type': 't4g.micro', 'availability_zone': 'us-west-2d', 'num_instances': 10, 'T3': 30.0}]}",us-west-2
2025-08-23 07:00:00+09:00,10,1,2,"{'performance': np.float64(385375.1046336001), 'cost': np.float64(0.2122), 'assignable_pod': np.float64(16.0), 'excess_pod': np.float64(6.0), 'efficiency': np.float64(113505.86258058439), 'nodepool': [{'instance_type': 'c7g.4xlarge', 'availability_zone': 'us-west-2d', 'num_instances': 1, 'T3': np.float64(50.0)}]}","{'performance': 333149.00488799997, 'cost': 0.104, 'actual_pods': 10.0, 'excess_pods': 0.0, 'efficiency': 320335.58162307687, 'nodepool': [{'instance_type': 'c6a.large', 'availability_zone': 'us-west-2d', 'num_instances': 5, 'T3': 50.0}]}",us-west-2
2025-08-23 07:00:00+09:00,10,1,4,"{'performance': np.float64(388753.48040959996), 'cost': np.float64(0.2384), 'assignable_pod': np.float64(16.0), 'excess_pod': np.float64(6.0), 'efficiency': np.float64(101917.33441946308), 'nodepool': [{'instance_type': 'm7g.4xlarge', 'availability_zone': 'us-west-2d', 'num_instances': 1, 'T3': np.float64(50.0)}]}","{'performance': 348170.428886, 'cost': 0.1565, 'actual_pods': 10.0, 'excess_pods': 0.0, 'efficiency': 222473.11749904155, 'nodepool': [{'instance_type': 'm7i-flex.large', 'availability_zone': 'us-west-2c', 'num_instances': 5, 'T3': 50.0}]}",us-west-2
2025-08-23 07:00:00+09:00,10,2,2,"{'performance': np.float64(309501.7072), 'cost': np.float64(0.4324), 'assignable_pod': np.float64(16.0), 'excess_pod': np.float64(6.0), 'efficiency': np.float64(44736.02382053654), 'nodepool': [{'instance_type': 'c6gd.8xlarge', 'availability_zone': 'us-west-2d', 'num_instances': 1, 'T3': np.float64(35.0)}]}","{'performance': 333149.00488799997, 'cost': 0.208, 'actual_pods': 10.0, 'excess_pods': 0.0, 'efficiency': 160167.79081153843, 'nodepool': [{'instance_type': 'c6a.large', 'availability_zone': 'us-west-2d', 'num_instances': 10, 'T3': 50.0}]}",us-west-2
2025-08-23 07:00:00+09:00,50,1,2,"{'performance': np.float64(1540616.9623551997), 'cost': np.float64(0.7826), 'assignable_pod': np.float64(64.0), 'excess_pod': np.float64(14.0), 'efficiency': np.float64(30759.187371326345), 'nodepool': [{'instance_type': 'c7g.16xlarge', 'availability_zone': 'us-west-2d', 'num_instances': 1, 'T3': np.float64(50.0)}]}","{'performance': 1516629.693052, 'cost': 0.475, 'actual_pods': 50.0, 'excess_pods': 0.0, 'efficiency': 63858.09233903157, 'nodepool': [{'instance_type': 'c6a.large', 'availability_zone': 'us-west-2d', 'num_instances': 20, 'T3': 50.0}, {'instance_type': 't4g.small', 'availability_zone': 'us-west-2d', 'num_instances': 10, 'T3': 50.0}]}",us-west-2
2025-08-23 07:00:00+09:00,50,1,4,"{'performance': np.float64(1553926.921856), 'cost': np.float64(0.8722), 'assignable_pod': np.float64(64.0), 'excess_pod': np.float64(14.0), 'efficiency': np.float64(27837.775916074297), 'nodepool': [{'instance_type': 'm7g.16xlarge', 'availability_zone': 'us-west-2d', 'num_instances': 1, 'T3': np.float64(50.0)}]}","{'performance': 1722501.033466, 'cost': 0.7759, 'actual_pods': 50.0, 'excess_pods': 0.0, 'efficiency': 44400.078192189714, 'nodepool': [{'instance_type': 'm6a.xlarge', 'availability_zone': 'us-west-2d', 'num_instances': 3, 'T3': 50.0}, {'instance_type': 'm7i-flex.large', 'availability_zone': 'us-west-2c', 'num_instances': 19, 'T3': 50.0}]}",us-west-2
2025-08-23 07:00:00+09:00,50,2,2,"{'performance': np.float64(2680695.8449920006), 'cost': np.float64(2.449), 'assignable_pod': np.float64(96.0), 'excess_pod': np.float64(46.0), 'efficiency': np.float64(11402.170294814214), 'nodepool': [{'instance_type': 'c8g.48xlarge', 'availability_zone': 'us-west-2d', 'num_instances': 1, 'T3': np.float64(1.0)}]}","{'performance': 1674703.282552, 'cost': 1.154, 'actual_pods': 50.0, 'excess_pods': 0.0, 'efficiency': 29024.32032152513, 'nodepool': [{'instance_type': 'c6a.large', 'availability_zone': 'us-west-2a', 'num_instances': 20, 'T3': 50.0}, {'instance_type': 'c6a.large', 'availability_zone': 'us-west-2d', 'num_instances': 20, 'T3': 50.0}, {'instance_type': 'c7i-flex.large', 'availability_zone': 'us-west-2d', 'num_instances': 10, 'T3': 25.0}]}",us-west-2
2025-08-23 07:00:00+09:00,100,1,2,"{'performance': np.float64(5361391.689984001), 'cost': np.float64(2.449), 'assignable_pod': np.float64(192.0), 'excess_pod': np.float64(92.0), 'efficiency': np.float64(11402.170294814214), 'nodepool': [{'instance_type': 'c8g.48xlarge', 'availability_zone': 'us-west-2d', 'num_instances': 1, 'T3': np.float64(1.0)}]}","{'performance': 2754009.849104, 'cost': 0.9039999999999999, 'actual_pods': 100.0, 'excess_pods': 0.0, 'efficiency': 30464.71072017699, 'nodepool': [{'instance_type': 'c6a.large', 'availability_zone': 'us-west-2d', 'num_instances': 20, 'T3': 50.0}, {'instance_type': 'c7i-flex.large', 'availability_zone': 'us-west-2d', 'num_instances': 10, 'T3': 25.0}, {'instance_type': 't2.small', 'availability_zone': 'us-west-2a', 'num_instances': 20, 'T3': 50.0}, {'instance_type': 't4g.small', 'availability_zone': 'us-west-2d', 'num_instances': 20, 'T3': 50.0}]}",us-west-2
2025-08-22 15:00:00+09:00,10,1,1,"{'performance': np.float64(385375.1046336001), 'cost': np.float64(0.2085), 'assignable_pod': np.float64(16.0), 'excess_pod': np.float64(6.0), 'efficiency': np.float64(115520.11529784177), 'nodepool': [{'instance_type': 'c7g.4xlarge', 'availability_zone': 'us-west-2d', 'num_instances': 1, 'T3': np.float64(50.0)}]}","{'performance': 183578.9179, 'cost': 0.029200000000000004, 'actual_pods': 10.0, 'excess_pods': 0.0, 'efficiency': 628694.9243150684, 'nodepool': [{'instance_type': 't4g.micro', 'availability_zone': 'us-west-2c', 'num_instances': 6, 'T3': 50.0}, {'instance_type': 't4g.micro', 'availability_zone': 'us-west-2d', 'num_instances': 4, 'T3': 10.0}]}",us-west-2
2025-08-22 15:00:00+09:00,10,1,2,"{'performance': np.float64(385375.1046336001), 'cost': np.float64(0.2085), 'assignable_pod': np.float64(16.0), 'excess_pod': np.float64(6.0), 'efficiency': np.float64(115520.11529784177), 'nodepool': [{'instance_type': 'c7g.4xlarge', 'availability_zone': 'us-west-2d', 'num_instances': 1, 'T3': np.float64(50.0)}]}","{'performance': 333149.00488799997, 'cost': 0.10200000000000001, 'actual_pods': 10.0, 'excess_pods': 0.0, 'efficiency': 326616.6714588235, 'nodepool': [{'instance_type': 'c6a.large', 'availability_zone': 'us-west-2d', 'num_instances': 5, 'T3': 50.0}]}",us-west-2
2025-08-22 15:00:00+09:00,10,1,4,"{'performance': np.float64(388753.48040959996), 'cost': np.float64(0.2378), 'assignable_pod': np.float64(16.0), 'excess_pod': np.float64(6.0), 'efficiency': np.float64(102174.4849688814), 'nodepool': [{'instance_type': 'm7g.4xlarge', 'availability_zone': 'us-west-2d', 'num_instances': 1, 'T3': np.float64(50.0)}]}","{'performance': 348170.428886, 'cost': 0.15699999999999997, 'actual_pods': 10.0, 'excess_pods': 0.0, 'efficiency': 221764.6043859873, 'nodepool': [{'instance_type': 'm7i-flex.large', 'availability_zone': 'us-west-2c', 'num_instances': 5, 'T3': 50.0}]}",us-west-2
2025-08-22 15:00:00+09:00,10,2,2,"{'performance': np.float64(309501.7072), 'cost': np.float64(0.437), 'assignable_pod': np.float64(16.0), 'excess_pod': np.float64(6.0), 'efficiency': np.float64(44265.118306636155), 'nodepool': [{'instance_type': 'c6gd.8xlarge', 'availability_zone': 'us-west-2d', 'num_instances': 1, 'T3': np.float64(35.0)}]}","{'performance': 333149.00488799997, 'cost': 0.20400000000000001, 'actual_pods': 10.0, 'excess_pods': 0.0, 'efficiency': 163308.33572941174, 'nodepool': [{'instance_type': 'c6a.large', 'availability_zone': 'us-west-2d', 'num_instances': 10, 'T3': 50.0}]}",us-west-2
2025-08-22 15:00:00+09:00,50,1,2,"{'performance': np.float64(1540616.9623551997), 'cost': np.float64(0.7798), 'assignable_pod': np.float64(64.0), 'excess_pod': np.float64(14.0), 'efficiency': np.float64(30869.633286483706), 'nodepool': [{'instance_type': 'c7g.16xlarge', 'availability_zone': 'us-west-2d', 'num_instances': 1, 'T3': np.float64(50.0)}]}","{'performance': 1516629.693052, 'cost': 0.466, 'actual_pods': 50.0, 'excess_pods': 0.0, 'efficiency': 65091.40313527896, 'nodepool': [{'instance_type': 'c6a.large', 'availability_zone': 'us-west-2d', 'num_instances': 20, 'T3': 50.0}, {'instance_type': 't4g.small', 'availability_zone': 'us-west-2d', 'num_instances': 10, 'T3': 50.0}]}",us-west-2
2025-08-22 15:00:00+09:00,50,1,4,"{'performance': np.float64(1555060.0093088), 'cost': np.float64(0.8802), 'assignable_pod': np.float64(64.0), 'excess_pod': np.float64(14.0), 'efficiency': np.float64(27604.87689780732), 'nodepool': [{'instance_type': 'm7g.12xlarge', 'availability_zone': 'us-west-2d', 'num_instances': 1, 'T3': np.float64(40.0)}, {'instance_type': 'm7g.4xlarge', 'availability_zone': 'us-west-2d', 'num_instances': 1, 'T3': np.float64(50.0)}]}","{'performance': 1740852.14443, 'cost': 0.7859999999999999, 'actual_pods': 50.0, 'excess_pods': 0.0, 'efficiency': 44296.49222468194, 'nodepool': [{'instance_type': 'm7i-flex.large', 'availability_zone': 'us-west-2a', 'num_instances': 5, 'T3': 50.0}, {'instance_type': 'm7i-flex.large', 'availability_zone': 'us-west-2c', 'num_instances': 20, 'T3': 50.0}]}",us-west-2
2025-08-22 15:00:00+09:00,50,2,2,"{'performance': np.float64(2680695.8449920006), 'cost': np.float64(2.4301), 'assignable_pod': np.float64(96.0), 'excess_pod': np.float64(46.0), 'efficiency': np.float64(11490.850192173164), 'nodepool': [{'instance_type': 'c8g.48xlarge', 'availability_zone': 'us-west-2d', 'num_instances': 1, 'T3': np.float64(1.0)}]}","{'performance': 1683661.540664, 'cost': 1.108, 'actual_pods': 50.0, 'excess_pods': 0.0, 'efficiency': 30391.002539061366, 'nodepool': [{'instance_type': 'c6a.large', 'availability_zone': 'us-west-2a', 'num_instances': 10, 'T3': 50.0}, {'instance_type': 'c6a.large', 'availability_zone': 'us-west-2d', 'num_instances': 20, 'T3': 50.0}, {'instance_type': 'c7i-flex.large', 'availability_zone': 'us-west-2d', 'num_instances': 20, 'T3': 50.0}]}",us-west-2
2025-08-22 15:00:00+09:00,100,1,2,"{'performance': np.float64(5361391.689984001), 'cost': np.float64(2.4301), 'assignable_pod': np.float64(192.0), 'excess_pod': np.float64(92.0), 'efficiency': np.float64(11490.850192173164), 'nodepool': [{'instance_type': 'c8g.48xlarge', 'availability_zone': 'us-west-2d', 'num_instances': 1, 'T3': np.float64(1.0)}]}","{'performance': 3069092.418552, 'cost': 0.9680000000000001, 'actual_pods': 100.0, 'excess_pods': 0.0, 'efficiency': 31705.50019165289, 'nodepool': [{'instance_type': 'c6a.large', 'availability_zone': 'us-west-2d', 'num_instances': 20, 'T3': 50.0}, {'instance_type': 'c7i-flex.large', 'availability_zone': 'us-west-2d', 'num_instances': 20, 'T3': 50.0}, {'instance_type': 't4g.small', 'availability_zone': 'us-west-2d', 'num_instances': 20, 'T3': 50.0}]}",us-west-2
2025-08-20 10:00:00+09:00,10,1,1,"{'performance': np.float64(385375.1046336001), 'cost': np.float64(0.205), 'assignable_pod': np.float64(16.0), 'excess_pod': np.float64(6.0), 'efficiency': np.float64(117492.40994926833), 'nodepool': [{'instance_type': 'c7g.4xlarge', 'availability_zone': 'us-west-2c', 'num_instances': 1, 'T3': np.float64(50.0)}]}","{'performance': 183578.9179, 'cost': 0.027000000000000003, 'actual_pods': 10.0, 'excess_pods': 0.0, 'efficiency': 679921.9181481481, 'nodepool': [{'instance_type': 't4g.micro', 'availability_zone': 'us-west-2d', 'num_instances': 10, 'T3': 30.0}]}",us-west-2
2025-08-20 10:00:00+09:00,10,1,2,"{'performance': np.float64(385375.1046336001), 'cost': np.float64(0.205), 'assignable_pod': np.float64(16.0), 'excess_pod': np.float64(6.0), 'efficiency': np.float64(117492.40994926833), 'nodepool': [{'instance_type': 'c7g.4xlarge', 'availability_zone': 'us-west-2c', 'num_instances': 1, 'T3': np.float64(50.0)}]}","{'performance': 333149.00488799997, 'cost': 0.099, 'actual_pods': 10.0, 'excess_pods': 0.0, 'efficiency': 336514.14635151514, 'nodepool': [{'instance_type': 'c6a.large', 'availability_zone': 'us-west-2d', 'num_instances': 5, 'T3': 50.0}]}",us-west-2
2025-08-20 06:00:00+09:00,10,1,1,"{'performance': np.float64(385375.1046336001), 'cost': np.float64(0.205), 'assignable_pod': np.float64(16.0), 'excess_pod': np.float64(6.0), 'efficiency': np.float64(117492.40994926833), 'nodepool': [{'instance_type': 'c7g.4xlarge', 'availability_zone': 'us-west-2c', 'num_instances': 1, 'T3': np.float64(50.0)}]}","{'performance': 183578.9179, 'cost': 0.0282, 'actual_pods': 10.0, 'excess_pods': 0.0, 'efficiency': 650989.070567376, 'nodepool': [{'instance_type': 't4g.micro', 'availability_zone': 'us-west-2c', 'num_instances': 4, 'T3': 50.0}, {'instance_type': 't4g.micro', 'availability_zone': 'us-west-2d', 'num_instances': 6, 'T3': 15.0}]}",us-west-2
2025-08-20 06:00:00+09:00,10,1,2,"{'performance': np.float64(385375.1046336001), 'cost': np.float64(0.205), 'assignable_pod': np.float64(16.0), 'excess_pod': np.float64(6.0), 'efficiency': np.float64(117492.40994926833), 'nodepool': [{'instance_type': 'c7g.4xlarge', 'availability_zone': 'us-west-2c', 'num_instances': 1, 'T3': np.float64(50.0)}]}","{'performance': 184033.6735, 'cost': 0.056, 'actual_pods': 10.0, 'excess_pods': 0.0, 'efficiency': 328631.55982142856, 'nodepool': [{'instance_type': 't4g.small', 'availability_zone': 'us-west-2d', 'num_instances': 10, 'T3': 50.0}]}",us-west-2
2025-08-20 06:00:00+09:00,10,1,4,"{'performance': np.float64(388753.48040959996), 'cost': np.float64(0.2376), 'assignable_pod': np.float64(16.0), 'excess_pod': np.float64(6.0), 'efficiency': np.float64(102260.49042760942), 'nodepool': [{'instance_type': 'm7g.4xlarge', 'availability_zone': 'us-west-2d', 'num_instances': 1, 'T3': np.float64(50.0)}]}","{'performance': 354691.661588, 'cost': 0.155, 'actual_pods': 10.0, 'excess_pods': 0.0, 'efficiency': 228833.3300567742, 'nodepool': [{'instance_type': 'm7a.medium', 'availability_zone': 'us-west-2d', 'num_instances': 10, 'T3': 50.0}]}",us-west-2
2025-08-20 06:00:00+09:00,10,2,2,"{'performance': np.float64(309501.7072), 'cost': np.float64(0.4234), 'assignable_pod': np.float64(16.0), 'excess_pod': np.float64(6.0), 'efficiency': np.float64(45686.95488899386), 'nodepool': [{'instance_type': 'c6gd.8xlarge', 'availability_zone': 'us-west-2d', 'num_instances': 1, 'T3': np.float64(30.0)}]}","{'performance': 333149.00488799997, 'cost': 0.19699999999999998, 'actual_pods': 10.0, 'excess_pods': 0.0, 'efficiency': 169111.16999390864, 'nodepool': [{'instance_type': 'c6a.large', 'availability_zone': 'us-west-2d', 'num_instances': 10, 'T3': 50.0}]}",us-west-2
2025-08-20 06:00:00+09:00,50,1,2,"{'performance': np.float64(1540616.9623551997), 'cost': np.float64(0.7494), 'assignable_pod': np.float64(64.0), 'excess_pod': np.float64(14.0), 'efficiency': np.float64(32121.884223111818), 'nodepool': [{'instance_type': 'c7g.16xlarge', 'availability_zone': 'us-west-2c', 'num_instances': 1, 'T3': np.float64(50.0)}]}","{'performance': 1516629.693052, 'cost': 0.44999999999999996, 'actual_pods': 50.0, 'excess_pods': 0.0, 'efficiency': 67405.76413564445, 'nodepool': [{'instance_type': 'c6a.large', 'availability_zone': 'us-west-2d', 'num_instances': 20, 'T3': 50.0}, {'instance_type': 't4g.small', 'availability_zone': 'us-west-2d', 'num_instances': 10, 'T3': 50.0}]}",us-west-2
2025-08-20 06:00:00+09:00,50,1,4,"{'performance': np.float64(1553926.921856), 'cost': np.float64(0.8352), 'assignable_pod': np.float64(64.0), 'excess_pod': np.float64(14.0), 'efficiency': np.float64(29071.01072078544), 'nodepool': [{'instance_type': 'm7g.16xlarge', 'availability_zone': 'us-west-2d', 'num_instances': 1, 'T3': np.float64(50.0)}]}","{'performance': 1753894.609834, 'cost': 0.772, 'actual_pods': 50.0, 'excess_pods': 0.0, 'efficiency': 45437.68419259067, 'nodepool': [{'instance_type': 'm7a.medium', 'availability_zone': 'us-west-2d', 'num_instances': 20, 'T3': 50.0}, {'instance_type': 'm7i-flex.large', 'availability_zone': 'us-west-2a', 'num_instances': 15, 'T3': 50.0}]}",us-west-2
2025-08-20 06:00:00+09:00,50,2,2,"{'performance': np.float64(2680695.8449920006), 'cost': np.float64(2.3121), 'assignable_pod': np.float64(96.0), 'excess_pod': np.float64(46.0), 'efficiency': np.float64(12077.295554690543), 'nodepool': [{'instance_type': 'c8g.48xlarge', 'availability_zone': 'us-west-2d', 'num_instances': 1, 'T3': np.float64(1.0)}]}","{'performance': 1680078.2374192001, 'cost': 1.0856, 'actual_pods': 50.0, 'excess_pods': 0.0, 'efficiency': 30952.067749064117, 'nodepool': [{'instance_type': 'c6a.large', 'availability_zone': 'us-west-2a', 'num_instances': 14, 'T3': 50.0}, {'instance_type': 'c6a.large', 'availability_zone': 'us-west-2d', 'num_instances': 20, 'T3': 50.0}, {'instance_type': 'c7i-flex.large', 'availability_zone': 'us-west-2d', 'num_instances': 16, 'T3': 40.0}]}",us-west-2
2025-08-20 06:00:00+09:00,100,1,2,"{'performance': np.float64(5361391.689984001), 'cost': np.float64(2.3121), 'assignable_pod': np.float64(192.0), 'excess_pod': np.float64(92.0), 'efficiency': np.float64(12077.295554690543), 'nodepool': [{'instance_type': 'c8g.48xlarge', 'availability_zone': 'us-west-2d', 'num_instances': 1, 'T3': np.float64(1.0)}]}","{'performance': 2943059.3907728004, 'cost': 0.8964, 'actual_pods': 100.0, 'excess_pods': 0.0, 'efficiency': 32831.987848871046, 'nodepool': [{'instance_type': 'c6a.large', 'availability_zone': 'us-west-2d', 'num_instances': 20, 'T3': 50.0}, {'instance_type': 'c7i-flex.large', 'availability_zone': 'us-west-2d', 'num_instances': 16, 'T3': 40.0}, {'instance_type': 't2.small', 'availability_zone': 'us-west-2b', 'num_instances': 8, 'T3': 50.0}, {'instance_type': 't4g.small', 'availability_zone': 'us-west-2d', 'num_instances': 20, 'T3': 50.0}]}",us-west-2
2025-08-20 02:00:00+09:00,10,1,1,"{'performance': np.float64(385375.1046336001), 'cost': np.float64(0.2045), 'assignable_pod': np.float64(16.0), 'excess_pod': np.float64(6.0), 'efficiency': np.float64(117779.67745525677), 'nodepool': [{'instance_type': 'c7g.4xlarge', 'availability_zone': 'us-west-2c', 'num_instances': 1, 'T3': np.float64(50.0)}]}","{'performance': 183578.9179, 'cost': 0.0276, 'actual_pods': 10.0, 'excess_pods': 0.0, 'efficiency': 665141.0068840579, 'nodepool': [{'instance_type': 't4g.micro', 'availability_zone': 'us-west-2c', 'num_instances': 2, 'T3': 50.0}, {'instance_type': 't4g.micro', 'availability_zone': 'us-west-2d', 'num_instances': 8, 'T3': 20.0}]}",us-west-2
2025-08-20 02:00:00+09:00,10,1,2,"{'performance': np.float64(385375.1046336001), 'cost': np.float64(0.2045), 'assignable_pod': np.float64(16.0), 'excess_pod': np.float64(6.0), 'efficiency': np.float64(117779.67745525677), 'nodepool': [{'instance_type': 'c7g.4xlarge', 'availability_zone': 'us-west-2c', 'num_instances': 1, 'T3': np.float64(50.0)}]}","{'performance': 333149.00488799997, 'cost': 0.09849999999999999, 'actual_pods': 10.0, 'excess_pods': 0.0, 'efficiency': 338222.3399878173, 'nodepool': [{'instance_type': 'c6a.large', 'availability_zone': 'us-west-2d', 'num_instances': 5, 'T3': 50.0}]}",us-west-2
2025-08-20 02:00:00+09:00,10,1,4,"{'performance': np.float64(388753.48040959996), 'cost': np.float64(0.2376), 'assignable_pod': np.float64(16.0), 'excess_pod': np.float64(6.0), 'efficiency': np.float64(102260.49042760942), 'nodepool': [{'instance_type': 'm7g.4xlarge', 'availability_zone': 'us-west-2d', 'num_instances': 1, 'T3': np.float64(50.0)}]}","{'performance': 354691.661588, 'cost': 0.155, 'actual_pods': 10.0, 'excess_pods': 0.0, 'efficiency': 228833.3300567742, 'nodepool': [{'instance_type': 'm7a.medium', 'availability_zone': 'us-west-2d', 'num_instances': 10, 'T3': 50.0}]}",us-west-2
2025-08-20 02:00:00+09:00,10,2,2,"{'performance': np.float64(309501.7072), 'cost': np.float64(0.4206), 'assignable_pod': np.float64(16.0), 'excess_pod': np.float64(6.0), 'efficiency': np.float64(45991.100095102236), 'nodepool': [{'instance_type': 'c6gd.8xlarge', 'availability_zone': 'us-west-2d', 'num_instances': 1, 'T3': np.float64(30.0)}]}","{'performance': 333149.00488799997, 'cost': 0.19699999999999998, 'actual_pods': 10.0, 'excess_pods': 0.0, 'efficiency': 169111.16999390864, 'nodepool': [{'instance_type': 'c6a.large', 'availability_zone': 'us-west-2d', 'num_instances': 10, 'T3': 50.0}]}",us-west-2
2025-08-20 02:00:00+09:00,50,1,2,"{'performance': np.float64(1540616.9623551997), 'cost': np.float64(0.7494), 'assignable_pod': np.float64(64.0), 'excess_pod': np.float64(14.0), 'efficiency': np.float64(32121.884223111818), 'nodepool': [{'instance_type': 'c7g.16xlarge', 'availability_zone': 'us-west-2c', 'num_instances': 1, 'T3': np.float64(50.0)}]}","{'performance': 1516629.693052, 'cost': 0.44899999999999995, 'actual_pods': 50.0, 'excess_pods': 0.0, 'efficiency': 67555.88833193763, 'nodepool': [{'instance_type': 'c6a.large', 'availability_zone': 'us-west-2d', 'num_instances': 20, 'T3': 50.0}, {'instance_type': 't4g.small', 'availability_zone': 'us-west-2d', 'num_instances': 10, 'T3': 50.0}]}",us-west-2
2025-08-20 02:00:00+09:00,50,1,4,"{'performance': np.float64(1553926.921856), 'cost': np.float64(0.8304), 'assignable_pod': np.float64(64.0), 'excess_pod': np.float64(14.0), 'efficiency': np.float64(29239.051245183044), 'nodepool': [{'instance_type': 'm7g.16xlarge', 'availability_zone': 'us-west-2d', 'num_instances': 1, 'T3': np.float64(50.0)}]}","{'performance': 1753894.609834, 'cost': 0.7705, 'actual_pods': 50.0, 'excess_pods': 0.0, 'efficiency': 45526.14172184296, 'nodepool': [{'instance_type': 'm7a.medium', 'availability_zone': 'us-west-2d', 'num_instances': 20, 'T3': 50.0}, {'instance_type': 'm7i-flex.large', 'availability_zone': 'us-west-2a', 'num_instances': 15, 'T3': 50.0}]}",us-west-2
2025-08-20 02:00:00+09:00,50,2,2,"{'performance': np.float64(2680695.8449920006), 'cost': np.float64(2.3121), 'assignable_pod': np.float64(96.0), 'excess_pod': np.float64(46.0), 'efficiency': np.float64(12077.295554690543), 'nodepool': [{'instance_type': 'c8g.48xlarge', 'availability_zone': 'us-west-2d', 'num_instances': 1, 'T3': np.float64(1.0)}]}","{'performance': 1672911.6309296, 'cost': 1.1166, 'actual_pods': 50.0, 'excess_pods': 0.0, 'efficiency': 29964.385293383486, 'nodepool': [{'instance_type': 'c6a.large', 'availability_zone': 'us-west-2a', 'num_instances': 20, 'T3': 50.0}, {'instance_type': 'c6a.large', 'availability_zone': 'us-west-2c', 'num_instances': 2, 'T3': 50.0}, {'instance_type': 'c6a.large', 'availability_zone': 'us-west-2d', 'num_instances': 20, 'T3': 50.0}, {'instance_type': 'c7i-flex.large', 'availability_zone': 'us-west-2d', 'num_instances': 8, 'T3': 20.0}]}",us-west-2
2025-08-20 02:00:00+09:00,100,1,2,"{'performance': np.float64(5361391.689984001), 'cost': np.float64(2.3121), 'assignable_pod': np.float64(192.0), 'excess_pod': np.float64(92.0), 'efficiency': np.float64(12077.295554690543), 'nodepool': [{'instance_type': 'c8g.48xlarge', 'availability_zone': 'us-west-2d', 'num_instances': 1, 'T3': np.float64(1.0)}]}","{'performance': 2690993.3352144, 'cost': 0.834, 'actual_pods': 100.0, 'excess_pods': 0.0, 'efficiency': 32266.107136863317, 'nodepool': [{'instance_type': 'c6a.large', 'availability_zone': 'us-west-2d', 'num_instances': 20, 'T3': 50.0}, {'instance_type': 'c7i-flex.large', 'availability_zone': 'us-west-2d', 'num_instances': 8, 'T3': 20.0}, {'instance_type': 't2.small', 'availability_zone': 'us-west-2a', 'num_instances': 4, 'T3': 50.0}, {'instance_type': 't2.small', 'availability_zone': 'us-west-2b', 'num_instances': 20, 'T3': 50.0}, {'instance_type': 't4g.small', 'availability_zone': 'us-west-2d', 'num_instances': 20, 'T3': 50.0}]}",us-west-2
2025-08-20 02:00:00+09:00,100,2,2,"{'performance': np.float64(2873383.397308801), 'cost': np.float64(2.5166), 'assignable_pod': np.float64(104.0), 'excess_pod': np.float64(4.0), 'efficiency': np.float64(10978.576854718518), 'nodepool': [{'instance_type': 'c7g.4xlarge', 'availability_zone': 'us-west-2c', 'num_instances': 1, 'T3': np.float64(50.0)}, {'instance_type': 'c8g.48xlarge', 'availability_zone': 'us-west-2d', 'num_instances': 1, 'T3': np.float64(1.0)}]}","{'performance': 3340457.4361887993, 'cost': 2.4232, 'actual_pods': 100.0, 'excess_pods': 0.0, 'efficiency': 13785.314609560908, 'nodepool': [{'instance_type': 'c6a.large', 'availability_zone': 'us-west-2a', 'num_instances': 20, 'T3': 50.0}, {'instance_type': 'c6a.large', 'availability_zone': 'us-west-2c', 'num_instances': 20, 'T3': 50.0}, {'instance_type': 'c6a.large', 'availability_zone': 'us-west-2d', 'num_instances': 20, 'T3': 50.0}, {'instance_type': 'c6a.xlarge', 'availability_zone': 'us-west-2d', 'num_instances': 16, 'T3': 50.0}, {'instance_type': 'c7i-flex.large', 'availability_zone': 'us-west-2d', 'num_instances': 8, 'T3': 20.0}]}",us-west-2
2025-08-22 19:00:00+09:00,10,1,1,"{'performance': np.float64(385375.1046336001), 'cost': np.float64(0.2096), 'assignable_pod': np.float64(16.0), 'excess_pod': np.float64(6.0), 'efficiency': np.float64(114913.85515076338), 'nodepool': [{'instance_type': 'c7g.4xlarge', 'availability_zone': 'us-west-2d', 'num_instances': 1, 'T3': np.float64(50.0)}]}","{'performance': 183578.9179, 'cost': 0.0284, 'actual_pods': 10.0, 'excess_pods': 0.0, 'efficiency': 646404.6404929577, 'nodepool': [{'instance_type': 't4g.micro', 'availability_zone': 'us-west-2c', 'num_instances': 2, 'T3': 50.0}, {'instance_type': 't4g.micro', 'availability_zone': 'us-west-2d', 'num_instances': 8, 'T3': 20.0}]}",us-west-2
2025-08-22 19:00:00+09:00,10,1,2,"{'performance': np.float64(385375.1046336001), 'cost': np.float64(0.2096), 'assignable_pod': np.float64(16.0), 'excess_pod': np.float64(6.0), 'efficiency': np.float64(114913.85515076338), 'nodepool': [{'instance_type': 'c7g.4xlarge', 'availability_zone': 'us-west-2d', 'num_instances': 1, 'T3': np.float64(50.0)}]}","{'performance': 333149.00488799997, 'cost': 0.10200000000000001, 'actual_pods': 10.0, 'excess_pods': 0.0, 'efficiency': 326616.6714588235, 'nodepool': [{'instance_type': 'c6a.large', 'availability_zone': 'us-west-2d', 'num_instances': 5, 'T3': 50.0}]}",us-west-2
2025-08-22 19:00:00+09:00,10,1,4,"{'performance': np.float64(388753.48040959996), 'cost': np.float64(0.2393), 'assignable_pod': np.float64(16.0), 'excess_pod': np.float64(6.0), 'efficiency': np.float64(101534.02643376513), 'nodepool': [{'instance_type': 'm7g.4xlarge', 'availability_zone': 'us-west-2d', 'num_instances': 1, 'T3': np.float64(50.0)}]}","{'performance': 348170.428886, 'cost': 0.1565, 'actual_pods': 10.0, 'excess_pods': 0.0, 'efficiency': 222473.11749904155, 'nodepool': [{'instance_type': 'm7i-flex.large', 'availability_zone': 'us-west-2c', 'num_instances': 5, 'T3': 50.0}]}",us-west-2
2025-08-22 19:00:00+09:00,10,2,2,"{'performance': np.float64(309501.7072), 'cost': np.float64(0.4358), 'assignable_pod': np.float64(16.0), 'excess_pod': np.float64(6.0), 'efficiency': np.float64(44387.004818724185), 'nodepool': [{'instance_type': 'c6gd.8xlarge', 'availability_zone': 'us-west-2d', 'num_instances': 1, 'T3': np.float64(30.0)}]}","{'performance': 333149.00488799997, 'cost': 0.20400000000000001, 'actual_pods': 10.0, 'excess_pods': 0.0, 'efficiency': 163308.33572941174, 'nodepool': [{'instance_type': 'c6a.large', 'availability_zone': 'us-west-2d', 'num_instances': 10, 'T3': 50.0}]}",us-west-2
2025-08-22 19:00:00+09:00,50,1,2,"{'performance': np.float64(1540616.9623551997), 'cost': np.float64(0.7833), 'assignable_pod': np.float64(64.0), 'excess_pod': np.float64(14.0), 'efficiency': np.float64(30731.699268224176), 'nodepool': [{'instance_type': 'c7g.16xlarge', 'availability_zone': 'us-west-2d', 'num_instances': 1, 'T3': np.float64(50.0)}]}","{'performance': 1516629.693052, 'cost': 0.466, 'actual_pods': 50.0, 'excess_pods': 0.0, 'efficiency': 65091.40313527896, 'nodepool': [{'instance_type': 'c6a.large', 'availability_zone': 'us-west-2d', 'num_instances': 20, 'T3': 50.0}, {'instance_type': 't4g.small', 'availability_zone': 'us-west-2d', 'num_instances': 10, 'T3': 50.0}]}",us-west-2
2025-08-22 19:00:00+09:00,50,1,4,"{'performance': np.float64(1553926.921856), 'cost': np.float64(0.8681), 'assignable_pod': np.float64(64.0), 'excess_pod': np.float64(14.0), 'efficiency': np.float64(27969.252567676536), 'nodepool': [{'instance_type': 'm7g.16xlarge', 'availability_zone': 'us-west-2d', 'num_instances': 1, 'T3': np.float64(50.0)}]}","{'performance': 1740852.14443, 'cost': 0.784, 'actual_pods': 50.0, 'excess_pods': 0.0, 'efficiency': 44409.493480357145, 'nodepool': [{'instance_type': 'm7i-flex.large', 'availability_zone': 'us-west-2a', 'num_instances': 5, 'T3': 50.0}, {'instance_type': 'm7i-flex.large', 'availability_zone': 'us-west-2c', 'num_instances': 20, 'T3': 50.0}]}",us-west-2
2025-08-22 19:00:00+09:00,50,2,2,"{'performance': np.float64(2680695.8449920006), 'cost': np.float64(2.4301), 'assignable_pod': np.float64(96.0), 'excess_pod': np.float64(46.0), 'efficiency': np.float64(11490.850192173164), 'nodepool': [{'instance_type': 'c8g.48xlarge', 'availability_zone': 'us-west-2d', 'num_instances': 1, 'T3': np.float64(1.0)}]}","{'performance': 1683661.540664, 'cost': 1.113, 'actual_pods': 50.0, 'excess_pods': 0.0, 'efficiency': 30254.47512424079, 'nodepool': [{'instance_type': 'c6a.large', 'availability_zone': 'us-west-2a', 'num_instances': 10, 'T3': 50.0}, {'instance_type': 'c6a.large', 'availability_zone': 'us-west-2d', 'num_instances': 20, 'T3': 50.0}, {'instance_type': 'c7i-flex.large', 'availability_zone': 'us-west-2d', 'num_instances': 20, 'T3': 50.0}]}",us-west-2
2025-08-22 19:00:00+09:00,100,1,2,"{'performance': np.float64(5361391.689984001), 'cost': np.float64(2.4301), 'assignable_pod': np.float64(192.0), 'excess_pod': np.float64(92.0), 'efficiency': np.float64(11490.850192173164), 'nodepool': [{'instance_type': 'c8g.48xlarge', 'availability_zone': 'us-west-2d', 'num_instances': 1, 'T3': np.float64(1.0)}]}","{'performance': 3069092.418552, 'cost': 0.9720000000000001, 'actual_pods': 100.0, 'excess_pods': 0.0, 'efficiency': 31575.024882222224, 'nodepool': [{'instance_type': 'c6a.large', 'availability_zone': 'us-west-2d', 'num_instances': 20, 'T3': 50.0}, {'instance_type': 'c7i-flex.large', 'availability_zone': 'us-west-2d', 'num_instances': 20, 'T3': 50.0}, {'instance_type': 't4g.small', 'availability_zone': 'us-west-2d', 'num_instances': 20, 'T3': 50.0}]}",us-west-2
2025-08-20 22:00:00+09:00,10,1,1,"{'performance': np.float64(385375.1046336001), 'cost': np.float64(0.2085), 'assignable_pod': np.float64(16.0), 'excess_pod': np.float64(6.0), 'efficiency': np.float64(115520.11529784177), 'nodepool': [{'instance_type': 'c7g.4xlarge', 'availability_zone': 'us-west-2d', 'num_instances': 1, 'T3': np.float64(50.0)}]}","{'performance': 183578.9179, 'cost': 0.027800000000000002, 'actual_pods': 10.0, 'excess_pods': 0.0, 'efficiency': 660355.8197841726, 'nodepool': [{'instance_type': 't4g.micro', 'availability_zone': 'us-west-2c', 'num_instances': 2, 'T3': 50.0}, {'instance_type': 't4g.micro', 'availability_zone': 'us-west-2d', 'num_instances': 8, 'T3': 20.0}]}",us-west-2
2025-08-20 22:00:00+09:00,10,1,2,"{'performance': np.float64(385375.1046336001), 'cost': np.float64(0.2085), 'assignable_pod': np.float64(16.0), 'excess_pod': np.float64(6.0), 'efficiency': np.float64(115520.11529784177), 'nodepool': [{'instance_type': 'c7g.4xlarge', 'availability_zone': 'us-west-2d', 'num_instances': 1, 'T3': np.float64(50.0)}]}","{'performance': 333149.00488799997, 'cost': 0.0995, 'actual_pods': 10.0, 'excess_pods': 0.0, 'efficiency': 334823.1204904522, 'nodepool': [{'instance_type': 'c6a.large', 'availability_zone': 'us-west-2d', 'num_instances': 5, 'T3': 50.0}]}",us-west-2
2025-08-20 22:00:00+09:00,10,1,4,"{'performance': np.float64(388753.48040959996), 'cost': np.float64(0.2379), 'assignable_pod': np.float64(16.0), 'excess_pod': np.float64(6.0), 'efficiency': np.float64(102131.53646742327), 'nodepool': [{'instance_type': 'm7g.4xlarge', 'availability_zone': 'us-west-2d', 'num_instances': 1, 'T3': np.float64(50.0)}]}","{'performance': 348170.428886, 'cost': 0.156, 'actual_pods': 10.0, 'excess_pods': 0.0, 'efficiency': 223186.1723628205, 'nodepool': [{'instance_type': 'm7i-flex.large', 'availability_zone': 'us-west-2a', 'num_instances': 5, 'T3': 50.0}]}",us-west-2
2025-08-20 22:00:00+09:00,10,2,2,"{'performance': np.float64(309501.7072), 'cost': np.float64(0.4281), 'assignable_pod': np.float64(16.0), 'excess_pod': np.float64(6.0), 'efficiency': np.float64(45185.369539827145), 'nodepool': [{'instance_type': 'c6gd.8xlarge', 'availability_zone': 'us-west-2d', 'num_instances': 1, 'T3': np.float64(30.0)}]}","{'performance': 333149.00488799997, 'cost': 0.199, 'actual_pods': 10.0, 'excess_pods': 0.0, 'efficiency': 167411.5602452261, 'nodepool': [{'instance_type': 'c6a.large', 'availability_zone': 'us-west-2d', 'num_instances': 10, 'T3': 50.0}]}",us-west-2
2025-08-20 22:00:00+09:00,50,1,2,"{'performance': np.float64(1540616.9623551997), 'cost': np.float64(0.7501), 'assignable_pod': np.float64(64.0), 'excess_pod': np.float64(14.0), 'efficiency': np.float64(32091.907794694034), 'nodepool': [{'instance_type': 'c7g.16xlarge', 'availability_zone': 'us-west-2c', 'num_instances': 1, 'T3': np.float64(50.0)}]}","{'performance': 1516629.693052, 'cost': 0.454, 'actual_pods': 50.0, 'excess_pods': 0.0, 'efficiency': 66811.88075118943, 'nodepool': [{'instance_type': 'c6a.large', 'availability_zone': 'us-west-2d', 'num_instances': 20, 'T3': 50.0}, {'instance_type': 't4g.small', 'availability_zone': 'us-west-2d', 'num_instances': 10, 'T3': 50.0}]}",us-west-2
2025-08-20 22:00:00+09:00,50,1,4,"{'performance': np.float64(1553926.921856), 'cost': np.float64(0.8523), 'assignable_pod': np.float64(64.0), 'excess_pod': np.float64(14.0), 'efficiency': np.float64(28487.748626070636), 'nodepool': [{'instance_type': 'm7g.16xlarge', 'availability_zone': 'us-west-2d', 'num_instances': 1, 'T3': np.float64(50.0)}]}","{'performance': 1747373.377132, 'cost': 0.784, 'actual_pods': 50.0, 'excess_pods': 0.0, 'efficiency': 44575.851457448975, 'nodepool': [{'instance_type': 'm7a.medium', 'availability_zone': 'us-west-2d', 'num_instances': 10, 'T3': 50.0}, {'instance_type': 'm7i-flex.large', 'availability_zone': 'us-west-2a', 'num_instances': 20, 'T3': 50.0}]}",us-west-2
2025-08-20 18:00:00+09:00,10,1,1,"{'performance': np.float64(385375.1046336001), 'cost': np.float64(0.2085), 'assignable_pod': np.float64(16.0), 'excess_pod': np.float64(6.0), 'efficiency': np.float64(115520.11529784177), 'nodepool': [{'instance_type': 'c7g.4xlarge', 'availability_zone': 'us-west-2d', 'num_instances': 1, 'T3': np.float64(50.0)}]}","{'performance': 183578.9179, 'cost': 0.0276, 'actual_pods': 10.0, 'excess_pods': 0.0, 'efficiency': 665141.0068840579, 'nodepool': [{'instance_type': 't4g.micro', 'availability_zone': 'us-west-2c', 'num_instances': 2, 'T3': 50.0}, {'instance_type': 't4g.micro', 'availability_zone': 'us-west-2d', 'num_instances': 8, 'T3': 20.0}]}",us-west-2
2025-08-20 18:00:00+09:00,10,1,2,"{'performance': np.float64(385375.1046336001), 'cost': np.float64(0.2085), 'assignable_pod': np.float64(16.0), 'excess_pod': np.float64(6.0), 'efficiency': np.float64(115520.11529784177), 'nodepool': [{'instance_type': 'c7g.4xlarge', 'availability_zone': 'us-west-2d', 'num_instances': 1, 'T3': np.float64(50.0)}]}","{'performance': 333149.00488799997, 'cost': 0.0995, 'actual_pods': 10.0, 'excess_pods': 0.0, 'efficiency': 334823.1204904522, 'nodepool': [{'instance_type': 'c6a.large', 'availability_zone': 'us-west-2d', 'num_instances': 5, 'T3': 50.0}]}",us-west-2
2025-08-20 18:00:00+09:00,10,1,4,"{'performance': np.float64(388753.48040959996), 'cost': np.float64(0.2379), 'assignable_pod': np.float64(16.0), 'excess_pod': np.float64(6.0), 'efficiency': np.float64(102131.53646742327), 'nodepool': [{'instance_type': 'm7g.4xlarge', 'availability_zone': 'us-west-2d', 'num_instances': 1, 'T3': np.float64(50.0)}]}","{'performance': 354691.661588, 'cost': 0.15800000000000003, 'actual_pods': 10.0, 'excess_pods': 0.0, 'efficiency': 224488.39341012656, 'nodepool': [{'instance_type': 'm7a.medium', 'availability_zone': 'us-west-2d', 'num_instances': 10, 'T3': 50.0}]}",us-west-2
2025-08-23 03:00:00+09:00,10,1,1,"{'performance': np.float64(385375.1046336001), 'cost': np.float64(0.2116), 'assignable_pod': np.float64(16.0), 'excess_pod': np.float64(6.0), 'efficiency': np.float64(113827.71285255201), 'nodepool': [{'instance_type': 'c7g.4xlarge', 'availability_zone': 'us-west-2d', 'num_instances': 1, 'T3': np.float64(50.0)}]}","{'performance': 183578.9179, 'cost': 0.0288, 'actual_pods': 10.0, 'excess_pods': 0.0, 'efficiency': 637426.7982638889, 'nodepool': [{'instance_type': 't4g.micro', 'availability_zone': 'us-west-2c', 'num_instances': 4, 'T3': 50.0}, {'instance_type': 't4g.micro', 'availability_zone': 'us-west-2d', 'num_instances': 6, 'T3': 15.0}]}",us-west-2
2025-08-23 03:00:00+09:00,10,1,2,"{'performance': np.float64(385375.1046336001), 'cost': np.float64(0.2116), 'assignable_pod': np.float64(16.0), 'excess_pod': np.float64(6.0), 'efficiency': np.float64(113827.71285255201), 'nodepool': [{'instance_type': 'c7g.4xlarge', 'availability_zone': 'us-west-2d', 'num_instances': 1, 'T3': np.float64(50.0)}]}","{'performance': 333149.00488799997, 'cost': 0.10300000000000001, 'actual_pods': 10.0, 'excess_pods': 0.0, 'efficiency': 323445.6358135922, 'nodepool': [{'instance_type': 'c6a.large', 'availability_zone': 'us-west-2d', 'num_instances': 5, 'T3': 50.0}]}",us-west-2
2025-08-23 03:00:00+09:00,10,1,4,"{'performance': np.float64(388753.48040959996), 'cost': np.float64(0.2383), 'assignable_pod': np.float64(16.0), 'excess_pod': np.float64(6.0), 'efficiency': np.float64(101960.10291900963), 'nodepool': [{'instance_type': 'm7g.4xlarge', 'availability_zone': 'us-west-2d', 'num_instances': 1, 'T3': np.float64(50.0)}]}","{'performance': 348170.428886, 'cost': 0.15699999999999997, 'actual_pods': 10.0, 'excess_pods': 0.0, 'efficiency': 221764.6043859873, 'nodepool': [{'instance_type': 'm7i-flex.large', 'availability_zone': 'us-west-2c', 'num_instances': 5, 'T3': 50.0}]}",us-west-2
2025-08-23 03:00:00+09:00,10,2,2,"{'performance': np.float64(309501.7072), 'cost': np.float64(0.4323), 'assignable_pod': np.float64(16.0), 'excess_pod': np.float64(6.0), 'efficiency': np.float64(44746.37219523479), 'nodepool': [{'instance_type': 'c6gd.8xlarge', 'availability_zone': 'us-west-2d', 'num_instances': 1, 'T3': np.float64(35.0)}]}","{'performance': 333149.00488799997, 'cost': 0.20600000000000002, 'actual_pods': 10.0, 'excess_pods': 0.0, 'efficiency': 161722.8179067961, 'nodepool': [{'instance_type': 'c6a.large', 'availability_zone': 'us-west-2d', 'num_instances': 10, 'T3': 50.0}]}",us-west-2
2025-08-23 03:00:00+09:00,50,1,2,"{'performance': np.float64(1540616.9623551997), 'cost': np.float64(0.7812), 'assignable_pod': np.float64(64.0), 'excess_pod': np.float64(14.0), 'efficiency': np.float64(30814.31136303123), 'nodepool': [{'instance_type': 'c7g.16xlarge', 'availability_zone': 'us-west-2d', 'num_instances': 1, 'T3': np.float64(50.0)}]}","{'performance': 1516629.693052, 'cost': 0.47100000000000003, 'actual_pods': 50.0, 'excess_pods': 0.0, 'efficiency': 64400.41159456475, 'nodepool': [{'instance_type': 'c6a.large', 'availability_zone': 'us-west-2d', 'num_instances': 20, 'T3': 50.0}, {'instance_type': 't4g.small', 'availability_zone': 'us-west-2d', 'num_instances': 10, 'T3': 50.0}]}",us-west-2
2025-08-23 03:00:00+09:00,50,1,4,"{'performance': np.float64(1553926.921856), 'cost': np.float64(0.8711), 'assignable_pod': np.float64(64.0), 'excess_pod': np.float64(14.0), 'efficiency': np.float64(27872.928658018598), 'nodepool': [{'instance_type': 'm7g.16xlarge', 'availability_zone': 'us-west-2d', 'num_instances': 1, 'T3': np.float64(50.0)}]}","{'performance': 1722501.033466, 'cost': 0.7780999999999999, 'actual_pods': 50.0, 'excess_pods': 0.0, 'efficiency': 44274.5414076854, 'nodepool': [{'instance_type': 'm6a.xlarge', 'availability_zone': 'us-west-2d', 'num_instances': 3, 'T3': 50.0}, {'instance_type': 'm7i-flex.large', 'availability_zone': 'us-west-2c', 'num_instances': 19, 'T3': 50.0}]}",us-west-2
2025-08-23 03:00:00+09:00,50,2,2,"{'performance': np.float64(2680695.8449920006), 'cost': np.float64(2.4357), 'assignable_pod': np.float64(96.0), 'excess_pod': np.float64(46.0), 'efficiency': np.float64(11464.431191033382), 'nodepool': [{'instance_type': 'c8g.48xlarge', 'availability_zone': 'us-west-2d', 'num_instances': 1, 'T3': np.float64(1.0)}]}","{'performance': 1674703.282552, 'cost': 1.147, 'actual_pods': 50.0, 'excess_pods': 0.0, 'efficiency': 29201.452180505665, 'nodepool': [{'instance_type': 'c6a.large', 'availability_zone': 'us-west-2a', 'num_instances': 20, 'T3': 50.0}, {'instance_type': 'c6a.large', 'availability_zone': 'us-west-2d', 'num_instances': 20, 'T3': 50.0}, {'instance_type': 'c7i-flex.large', 'availability_zone': 'us-west-2d', 'num_instances': 10, 'T3': 25.0}]}",us-west-2
2025-08-23 03:00:00+09:00,100,1,2,"{'performance': np.float64(5361391.689984001), 'cost': np.float64(2.4357), 'assignable_pod': np.float64(192.0), 'excess_pod': np.float64(92.0), 'efficiency': np.float64(11464.431191033382), 'nodepool': [{'instance_type': 'c8g.48xlarge', 'availability_zone': 'us-west-2d', 'num_instances': 1, 'T3': np.float64(1.0)}]}","{'performance': 2754009.849104, 'cost': 0.899, 'actual_pods': 100.0, 'excess_pods': 0.0, 'efficiency': 30634.147376017794, 'nodepool': [{'instance_type': 'c6a.large', 'availability_zone': 'us-west-2d', 'num_instances': 20, 'T3': 50.0}, {'instance_type': 'c7i-flex.large', 'availability_zone': 'us-west-2d', 'num_instances': 10, 'T3': 25.0}, {'instance_type': 't2.small', 'availability_zone': 'us-west-2a', 'num_instances': 20, 'T3': 50.0}, {'instance_type': 't4g.small', 'availability_zone': 'us-west-2d', 'num_instances': 20, 'T3': 50.0}]}",us-west-2
2025-08-23 03:00:00+09:00,100,1,4,"{'performance': np.float64(5360942.49408), 'cost': np.float64(2.8592), 'assignable_pod': np.float64(192.0), 'excess_pod': np.float64(92.0), 'efficiency': np.float64(9765.520246922215), 'nodepool': [{'instance_type': 'm8g.48xlarge', 'availability_zone': 'us-west-2d', 'num_instances': 1, 'T3': np.float64(5.0)}]}","{'performance': 3389948.73404, 'cost': 1.5354999999999999, 'actual_pods': 100.0, 'excess_pods': 0.0, 'efficiency': 22077.165314490398, 'nodepool': [{'instance_type': 'm6a.xlarge', 'availability_zone': 'us-west-2d', 'num_instances': 15, 'T3': 50.0}, {'instance_type': 'm7i-flex.large', 'availability_zone': 'us-west-2c', 'num_instances': 20, 'T3': 50.0}]}",us-west-2
2025-08-23 11:10:00+09:00,17,7,7,"{'performance': np.float64(773278.644404), 'cost': np.float64(2.5547999999999997), 'assignable_pod': np.float64(28.0), 'excess_pod': np.float64(11.0), 'efficiency': np.float64(10809.88509589792), 'nodepool': [{'instance_type': 'c6gd.2xlarge', 'availability_zone': 'us-west-2d', 'num_instances': 1, 'T3': np.float64(15.0)}, {'instance_type': 'c8g.48xlarge', 'availability_zone': 'us-west-2d', 'num_instances': 1, 'T3': np.float64(1.0)}]}","{'performance': 621345.6802512001, 'cost': 1.9152, 'actual_pods': 18.0, 'excess_pods': 1.0, 'efficiency': 18023.81185171262, 'nodepool': [{'instance_type': 'c6a.16xlarge', 'availability_zone': 'us-west-2b', 'num_instances': 2, 'T3': 5.0}]}",us-west-2
2025-08-19 22:10:00+09:00,17,7,7,"{'performance': np.float64(463623.1777592), 'cost': np.float64(2.033), 'assignable_pod': np.float64(17.0), 'excess_pod': np.float64(0.0), 'efficiency': np.float64(13414.634349677382), 'nodepool': [{'instance_type': 'c6gd.2xlarge', 'availability_zone': 'us-west-2d', 'num_instances': 2, 'T3': np.float64(35.0)}, {'instance_type': 'c7g.4xlarge', 'availability_zone': 'us-west-2c', 'num_instances': 1, 'T3': np.float64(50.0)}, {'instance_type': 'm8g.24xlarge', 'availability_zone': 'us-west-2d', 'num_instances': 1, 'T3': np.float64(5.0)}]}","{'performance': 621345.6802512001, 'cost': 1.8536, 'actual_pods': 18.0, 'excess_pods': 1.0, 'efficiency': 18622.79049331032, 'nodepool': [{'instance_type': 'c6a.16xlarge', 'availability_zone': 'us-west-2b', 'num_instances': 2, 'T3': 10.0}]}",us-west-2
2025-08-19 22:10:00+09:00,75,3,5,"{'performance': np.float64(2175899.4062944003), 'cost': np.float64(2.9440999999999997), 'assignable_pod': np.float64(80.0), 'excess_pod': np.float64(5.0), 'efficiency': np.float64(9238.389517570738), 'nodepool': [{'instance_type': 'c8g.48xlarge', 'availability_zone': 'us-west-2d', 'num_instances': 1, 'T3': np.float64(1.0)}, {'instance_type': 'm7g.12xlarge', 'availability_zone': 'us-west-2d', 'num_instances': 1, 'T3': np.float64(35.0)}]}","{'performance': 2503114.0285378005, 'cost': 3.0699999999999994, 'actual_pods': 75.0, 'excess_pods': 0.0, 'efficiency': 10871.287854670147, 'nodepool': [{'instance_type': 'c6a.48xlarge', 'availability_zone': 'us-west-2b', 'num_instances': 1, 'T3': 5.0}, {'instance_type': 'c6a.8xlarge', 'availability_zone': 'us-west-2d', 'num_instances': 1, 'T3': 5.0}, {'instance_type': 'c6a.xlarge', 'availability_zone': 'us-west-2d', 'num_instances': 1, 'T3': 50.0}]}",us-west-2
2025-08-19 22:10:00+09:00,100,1,4,"{'performance': np.float64(3025625.7010544003), 'cost': np.float64(2.8024), 'assignable_pod': np.float64(106.0), 'excess_pod': np.float64(6.0), 'efficiency': np.float64(10185.426309303617), 'nodepool': [{'instance_type': 'i8g.24xlarge', 'availability_zone': 'us-west-2c', 'num_instances': 1, 'T3': np.float64(1.0)}, {'instance_type': 'm7g.large', 'availability_zone': 'us-west-2c', 'num_instances': 1, 'T3': np.float64(50.0)}, {'instance_type': 'm7g.xlarge', 'availability_zone': 'us-west-2c', 'num_instances': 2, 'T3': np.float64(50.0)}]}","{'performance': 3494746.754264, 'cost': 1.5499999999999998, 'actual_pods': 100.0, 'excess_pods': 0.0, 'efficiency': 22546.753253316132, 'nodepool': [{'instance_type': 'm7a.medium', 'availability_zone': 'us-west-2d', 'num_instances': 20, 'T3': 50.0}, {'instance_type': 'm7i-flex.large', 'availability_zone': 'us-west-2a', 'num_instances': 20, 'T3': 50.0}, {'instance_type': 'm7i-flex.large', 'availability_zone': 'us-west-2c', 'num_instances': 20, 'T3': 50.0}]}",us-west-2
2025-08-19 22:10:00+09:00,100,2,2,"{'performance': np.float64(3251387.0803664), 'cost': np.float64(3.3164000000000002), 'assignable_pod': np.float64(106.0), 'excess_pod': np.float64(6.0), 'efficiency': np.float64(9249.023948355001), 'nodepool': [{'instance_type': 'c6g.2xlarge', 'availability_zone': 'us-west-2c', 'num_instances': 1, 'T3': np.float64(50.0)}, {'instance_type': 'c6gd.2xlarge', 'availability_zone': 'us-west-2d', 'num_instances': 1, 'T3': np.float64(35.0)}, {'instance_type': 'c7a.32xlarge', 'availability_zone': 'us-west-2d', 'num_instances': 1, 'T3': np.float64(5.0)}, {'instance_type': 'c7g.16xlarge', 'availability_zone': 'us-west-2c', 'num_instances': 1, 'T3': np.float64(50.0)}, {'instance_type': 'c7g.xlarge', 'availability_zone': 'us-west-2d', 'num_instances': 1, 'T3': np.float64(50.0)}]}","{'performance': 3348074.2378832, 'cost': 2.3815999999999997, 'actual_pods': 100.0, 'excess_pods': 0.0, 'efficiency': 14058.087999173666, 'nodepool': [{'instance_type': 'c6a.large', 'availability_zone': 'us-west-2a', 'num_instances': 20, 'T3': 50.0}, {'instance_type': 'c6a.large', 'availability_zone': 'us-west-2c', 'num_instances': 4, 'T3': 50.0}, {'instance_type': 'c6a.large', 'availability_zone': 'us-west-2d', 'num_instances': 20, 'T3': 50.0}, {'instance_type': 'c6a.xlarge', 'availability_zone': 'us-west-2d', 'num_instances': 20, 'T3': 50.0}, {'instance_type': 'c7i-flex.large', 'availability_zone': 'us-west-2d', 'num_instances': 16, 'T3': 40.0}]}",us-west-2
2025-08-19 22:10:00+09:00,400,1,2,"{'performance': np.float64(12294231.724262401), 'cost': np.float64(6.8055), 'assignable_pod': np.float64(416.0), 'excess_pod': np.float64(16.0), 'efficiency': np.float64(4342.581977057019), 'nodepool': [{'instance_type': 'c6gd.8xlarge', 'availability_zone': 'us-west-2d', 'num_instances': 1, 'T3': np.float64(25.0)}, {'instance_type': 'c7a.32xlarge', 'availability_zone': 'us-west-2d', 'num_instances': 1, 'T3': np.float64(5.0)}, {'instance_type': 'm7g.16xlarge', 'availability_zone': 'us-west-2d', 'num_instances': 1, 'T3': np.float64(50.0)}, {'instance_type': 'm8g.24xlarge', 'availability_zone': 'us-west-2d', 'num_instances': 2, 'T3': np.float64(5.0)}]}","{'performance': 11029882.670534, 'cost': 4.0504, 'actual_pods': 400.0, 'excess_pods': 0.0, 'efficiency': 6807.89716480718, 'nodepool': [{'instance_type': 'c6a.large', 'availability_zone': 'us-west-2a', 'num_instances': 20, 'T3': 50.0}, {'instance_type': 'c6a.large', 'availability_zone': 'us-west-2c', 'num_instances': 20, 'T3': 50.0}, {'instance_type': 'c6a.large', 'availability_zone': 'us-west-2d', 'num_instances': 20, 'T3': 50.0}, {'instance_type': 'c6a.xlarge', 'availability_zone': 'us-west-2d', 'num_instances': 20, 'T3': 50.0}, {'instance_type': 'c7g.medium', 'availability_zone': 'us-west-2d', 'num_instances': 20, 'T3': 50.0}, {'instance_type': 'c7i-flex.large', 'availability_zone': 'us-west-2d', 'num_instances': 16, 'T3': 40.0}, {'instance_type': 'c8g.medium', 'availability_zone': 'us-west-2b', 'num_instances': 10, 'T3': 25.0}, {'instance_type': 't2.small', 'availability_zone': 'us-west-2a', 'num_instances': 20, 'T3': 50.0}, {'instance_type': 't2.small', 'availability_zone': 'us-west-2b', 'num_instances': 20, 'T3': 50.0}, {'instance_type': 't2.small', 'availability_zone': 'us-west-2c', 'num_instances': 20, 'T3': 50.0}, {'instance_type': 't3.small', 'availability_zone': 'us-west-2b', 'num_instances': 20, 'T3': 50.0}, {'instance_type': 't3.small', 'availability_zone': 'us-west-2d', 'num_instances': 20, 'T3': 50.0}, {'instance_type': 't4g.small', 'availability_zone': 'us-west-2c', 'num_instances': 18, 'T3': 50.0}, {'instance_type': 't4g.small', 'availability_zone': 'us-west-2d', 'num_instances': 20, 'T3': 50.0}]}",us-west-2
2025-08-19 22:10:00+09:00,400,1,4,"{'performance': np.float64(12275811.910016), 'cost': np.float64(6.308), 'assignable_pod': np.float64(448.0), 'excess_pod': np.float64(48.0), 'efficiency': np.float64(4343.907081574418), 'nodepool': [{'instance_type': 'm7g.16xlarge', 'availability_zone': 'us-west-2d', 'num_instances': 1, 'T3': np.float64(50.0)}, {'instance_type': 'm8g.48xlarge', 'availability_zone': 'us-west-2d', 'num_instances': 2, 'T3': np.float64(5.0)}]}","{'performance': 12508507.758281602, 'cost': 5.6815, 'actual_pods': 400.0, 'excess_pods': 0.0, 'efficiency': 5504.051640535775, 'nodepool': [{'instance_type': 'm6a.xlarge', 'availability_zone': 'us-west-2d', 'num_instances': 15, 'T3': 50.0}, {'instance_type': 'm7a.medium', 'availability_zone': 'us-west-2d', 'num_instances': 20, 'T3': 50.0}, {'instance_type': 'm7g.metal', 'availability_zone': 'us-west-2d', 'num_instances': 2, 'T3': 5.0}, {'instance_type': 'm7i-flex.large', 'availability_zone': 'us-west-2a', 'num_instances': 20, 'T3': 50.0}, {'instance_type': 'm7i-flex.large', 'availability_zone': 'us-west-2c', 'num_instances': 20, 'T3': 50.0}, {'instance_type': 'm7i-flex.large', 'availability_zone': 'us-west-2d', 'num_instances': 20, 'T3': 50.0}, {'instance_type': 'm7i-flex.xlarge', 'availability_zone': 'us-west-2d', 'num_instances': 18, 'T3': 45.0}]}",us-west-2
2025-08-19 22:10:00+09:00,400,2,2,"{'performance': np.float64(12598558.197862402), 'cost': np.float64(11.587399999999999), 'assignable_pod': np.float64(416.0), 'excess_pod': np.float64(16.0), 'efficiency': np.float64(2613.6144146174697), 'nodepool': [{'instance_type': 'c7a.32xlarge', 'availability_zone': 'us-west-2d', 'num_instances': 2, 'T3': np.float64(5.0)}, {'instance_type': 'c8g.48xlarge', 'availability_zone': 'us-west-2d', 'num_instances': 3, 'T3': np.float64(1.0)}]}","{'performance': 13367443.7245952, 'cost': 10.418000000000001, 'actual_pods': 400.0, 'excess_pods': 0.0, 'efficiency': 3207.775898587828, 'nodepool': [{'instance_type': 'c6a.2xlarge', 'availability_zone': 'us-west-2b', 'num_instances': 6, 'T3': 50.0}, {'instance_type': 'c6a.48xlarge', 'availability_zone': 'us-west-2b', 'num_instances': 2, 'T3': 5.0}, {'instance_type': 'c6a.large', 'availability_zone': 'us-west-2a', 'num_instances': 20, 'T3': 50.0}, {'instance_type': 'c6a.large', 'availability_zone': 'us-west-2b', 'num_instances': 20, 'T3': 50.0}, {'instance_type': 'c6a.large', 'availability_zone': 'us-west-2c', 'num_instances': 20, 'T3': 50.0}, {'instance_type': 'c6a.large', 'availability_zone': 'us-west-2d', 'num_instances': 20, 'T3': 50.0}, {'instance_type': 'c6a.xlarge', 'availability_zone': 'us-west-2b', 'num_instances': 20, 'T3': 50.0}, {'instance_type': 'c6a.xlarge', 'availability_zone': 'us-west-2d', 'num_instances': 20, 'T3': 50.0}, {'instance_type': 'c7i-flex.large', 'availability_zone': 'us-west-2d', 'num_instances': 16, 'T3': 40.0}, {'instance_type': 'c7i-flex.xlarge', 'availability_zone': 'us-west-2d', 'num_instances': 4, 'T3': 10.0}]}",us-west-2
2025-08-19 22:10:00+09:00,1000,1,2,"{'performance': np.float64(29572208.113516804), 'cost': np.float64(14.099899999999998), 'assignable_pod': np.float64(1056.0), 'excess_pod': np.float64(56.0), 'efficiency': np.float64(1986.1123097314041), 'nodepool': [{'instance_type': 'c6gd.8xlarge', 'availability_zone': 'us-west-2d', 'num_instances': 2, 'T3': np.float64(25.0)}, {'instance_type': 'c7a.32xlarge', 'availability_zone': 'us-west-2d', 'num_instances': 1, 'T3': np.float64(5.0)}, {'instance_type': 'c8g.48xlarge', 'availability_zone': 'us-west-2d', 'num_instances': 3, 'T3': np.float64(1.0)}, {'instance_type': 'm7g.12xlarge', 'availability_zone': 'us-west-2d', 'num_instances': 2, 'T3': np.float64(35.0)}, {'instance_type': 'm8g.48xlarge', 'availability_zone': 'us-west-2d', 'num_instances': 1, 'T3': np.float64(5.0)}]}","{'performance': 30564241.5816244, 'cost': 11.9026, 'actual_pods': 1000.0, 'excess_pods': 0.0, 'efficiency': 2567.8626167076436, 'nodepool': [{'instance_type': 'c6a.2xlarge', 'availability_zone': 'us-west-2b', 'num_instances': 5, 'T3': 50.0}, {'instance_type': 'c6a.48xlarge', 'availability_zone': 'us-west-2b', 'num_instances': 2, 'T3': 5.0}, {'instance_type': 'c6a.large', 'availability_zone': 'us-west-2a', 'num_instances': 20, 'T3': 50.0}, {'instance_type': 'c6a.large', 'availability_zone': 'us-west-2b', 'num_instances': 20, 'T3': 50.0}, {'instance_type': 'c6a.large', 'availability_zone': 'us-west-2c', 'num_instances': 20, 'T3': 50.0}, {'instance_type': 'c6a.large', 'availability_zone': 'us-west-2d', 'num_instances': 20, 'T3': 50.0}, {'instance_type': 'c6a.xlarge', 'availability_zone': 'us-west-2b', 'num_instances': 20, 'T3': 50.0}, {'instance_type': 'c6a.xlarge', 'availability_zone': 'us-west-2d', 'num_instances': 20, 'T3': 50.0}, {'instance_type': 'c7g.medium', 'availability_zone': 'us-west-2a', 'num_instances': 20, 'T3': 50.0}, {'instance_type': 'c7g.medium', 'availability_zone': 'us-west-2d', 'num_instances': 20, 'T3': 50.0}, {'instance_type': 'c7i-flex.large', 'availability_zone': 'us-west-2d', 'num_instances': 16, 'T3': 40.0}, {'instance_type': 'c7i-flex.xlarge', 'availability_zone': 'us-west-2d', 'num_instances': 4, 'T3': 10.0}, {'instance_type': 'c8g.medium', 'availability_zone': 'us-west-2b', 'num_instances': 10, 'T3': 25.0}, {'instance_type': 't2.small', 'availability_zone': 'us-west-2a', 'num_instances': 20, 'T3': 50.0}, {'instance_type': 't2.small', 'availability_zone': 'us-west-2b', 'num_instances': 20, 'T3': 50.0}, {'instance_type': 't2.small', 'availability_zone': 'us-west-2c', 'num_instances': 20, 'T3': 50.0}, {'instance_type': 't3.small', 'availability_zone': 'us-west-2a', 'num_instances': 18, 'T3': 50.0}, {'instance_type': 't3.small', 'availability_zone': 'us-west-2b', 'num_instances': 20, 'T3': 50.0}, {'instance_type': 't3.small', 'availability_zone': 'us-west-2d', 'num_instances': 20, 'T3': 50.0}, {'instance_type': 't4g.small', 'availability_zone': 'us-west-2c', 'num_instances': 20, 'T3': 50.0}, {'instance_type': 't4g.small', 'availability_zone': 'us-west-2d', 'num_instances': 20, 'T3': 50.0}]}",us-west-2
2025-08-22 23:10:00+09:00,17,7,7,"{'performance': np.float64(753945.706404), 'cost': np.float64(2.4357), 'assignable_pod': np.float64(27.0), 'excess_pod': np.float64(10.0), 'efficiency': np.float64(11464.431191033378), 'nodepool': [{'instance_type': 'c8g.48xlarge', 'availability_zone': 'us-west-2d', 'num_instances': 1, 'T3': np.float64(1.0)}]}","{'performance': 621345.6802512001, 'cost': 1.89, 'actual_pods': 18.0, 'excess_pods': 1.0, 'efficiency': 18264.129343068787, 'nodepool': [{'instance_type': 'c6a.16xlarge', 'availability_zone': 'us-west-2b', 'num_instances': 2, 'T3': 5.0}]}",us-west-2
2025-08-23 07:10:00+09:00,17,7,7,"{'performance': np.float64(753945.706404), 'cost': np.float64(2.449), 'assignable_pod': np.float64(27.0), 'excess_pod': np.float64(10.0), 'efficiency': np.float64(11402.170294814212), 'nodepool': [{'instance_type': 'c8g.48xlarge', 'availability_zone': 'us-west-2d', 'num_instances': 1, 'T3': np.float64(1.0)}]}","{'performance': 621345.6802512001, 'cost': 1.9026, 'actual_pods': 18.0, 'excess_pods': 1.0, 'efficiency': 18143.174844108067, 'nodepool': [{'instance_type': 'c6a.16xlarge', 'availability_zone': 'us-west-2b', 'num_instances': 2, 'T3': 5.0}]}",us-west-2
2025-08-23 07:10:00+09:00,100,1,4,"{'performance': np.float64(5360942.49408), 'cost': np.float64(2.8592), 'assignable_pod': np.float64(192.0), 'excess_pod': np.float64(92.0), 'efficiency': np.float64(9765.520246922215), 'nodepool': [{'instance_type': 'm8g.48xlarge', 'availability_zone': 'us-west-2d', 'num_instances': 1, 'T3': np.float64(5.0)}]}","{'performance': 3389948.73404, 'cost': 1.532, 'actual_pods': 100.0, 'excess_pods': 0.0, 'efficiency': 22127.60270261097, 'nodepool': [{'instance_type': 'm6a.xlarge', 'availability_zone': 'us-west-2d', 'num_instances': 15, 'T3': 50.0}, {'instance_type': 'm7i-flex.large', 'availability_zone': 'us-west-2c', 'num_instances': 20, 'T3': 50.0}]}",us-west-2
2025-08-23 07:10:00+09:00,100,2,2,"{'performance': np.float64(2873383.397308801), 'cost': np.float64(2.6612), 'assignable_pod': np.float64(104.0), 'excess_pod': np.float64(4.0), 'efficiency': np.float64(10382.040625501513), 'nodepool': [{'instance_type': 'c7g.4xlarge', 'availability_zone': 'us-west-2d', 'num_instances': 1, 'T3': np.float64(50.0)}, {'instance_type': 'c8g.48xlarge', 'availability_zone': 'us-west-2d', 'num_instances': 1, 'T3': np.float64(1.0)}]}","{'performance': 3341573.795004, 'cost': 2.508, 'actual_pods': 100.0, 'excess_pods': 0.0, 'efficiency': 13323.659469712919, 'nodepool': [{'instance_type': 'c6a.large', 'availability_zone': 'us-west-2a', 'num_instances': 20, 'T3': 50.0}, {'instance_type': 'c6a.large', 'availability_zone': 'us-west-2b', 'num_instances': 10, 'T3': 50.0}, {'instance_type': 'c6a.large', 'availability_zone': 'us-west-2c', 'num_instances': 20, 'T3': 50.0}, {'instance_type': 'c6a.large', 'availability_zone': 'us-west-2d', 'num_instances': 20, 'T3': 50.0}, {'instance_type': 'c6a.xlarge', 'availability_zone': 'us-west-2d', 'num_instances': 10, 'T3': 25.0}, {'instance_type': 'c7i-flex.large', 'availability_zone': 'us-west-2d', 'num_instances': 10, 'T3': 25.0}]}",us-west-2
2025-08-22 15:10:00+09:00,17,7,7,"{'performance': np.float64(371400.1139312), 'cost': np.float64(1.6538), 'assignable_pod': np.float64(17.0), 'excess_pod': np.float64(0.0), 'efficiency': np.float64(13210.222230840916), 'nodepool': [{'instance_type': 'c6gd.8xlarge', 'availability_zone': 'us-west-2d', 'num_instances': 2, 'T3': np.float64(35.0)}, {'instance_type': 'c7g.16xlarge', 'availability_zone': 'us-west-2d', 'num_instances': 1, 'T3': np.float64(50.0)}]}","{'performance': 621345.6802512001, 'cost': 1.8796, 'actual_pods': 18.0, 'excess_pods': 1.0, 'efficiency': 18365.18645371356, 'nodepool': [{'instance_type': 'c6a.16xlarge', 'availability_zone': 'us-west-2b', 'num_instances': 2, 'T3': 25.0}]}",us-west-2
2025-08-22 15:10:00+09:00,400,1,4,"{'performance': np.float64(11888191.5170592), 'cost': np.float64(6.297000000000001), 'assignable_pod': np.float64(432.0), 'excess_pod': np.float64(32.0), 'efficiency': np.float64(4370.17021518889), 'nodepool': [{'instance_type': 'm7g.12xlarge', 'availability_zone': 'us-west-2d', 'num_instances': 1, 'T3': np.float64(40.0)}, {'instance_type': 'm8g.48xlarge', 'availability_zone': 'us-west-2d', 'num_instances': 2, 'T3': np.float64(5.0)}]}","{'performance': 13693399.732773602, 'cost': 6.3624, 'actual_pods': 400.0, 'excess_pods': 0.0, 'efficiency': 5380.59526781309, 'nodepool': [{'instance_type': 'm6a.12xlarge', 'availability_zone': 'us-west-2b', 'num_instances': 2, 'T3': 5.0}, {'instance_type': 'm6a.xlarge', 'availability_zone': 'us-west-2d', 'num_instances': 20, 'T3': 50.0}, {'instance_type': 'm7a.medium', 'availability_zone': 'us-west-2d', 'num_instances': 20, 'T3': 50.0}, {'instance_type': 'm7i-flex.large', 'availability_zone': 'us-west-2a', 'num_instances': 20, 'T3': 50.0}, {'instance_type': 'm7i-flex.large', 'availability_zone': 'us-west-2b', 'num_instances': 2, 'T3': 50.0}, {'instance_type': 'm7i-flex.large', 'availability_zone': 'us-west-2c', 'num_instances': 20, 'T3': 50.0}, {'instance_type': 'm7i-flex.large', 'availability_zone': 'us-west-2d', 'num_instances': 20, 'T3': 50.0}, {'instance_type': 'm7i-flex.xlarge', 'availability_zone': 'us-west-2d', 'num_instances': 20, 'T3': 50.0}]}",us-west-2
2025-08-20 06:10:00+09:00,17,7,7,"{'performance': np.float64(753945.706404), 'cost': np.float64(2.3121), 'assignable_pod': np.float64(27.0), 'excess_pod': np.float64(10.0), 'efficiency': np.float64(12077.295554690541), 'nodepool': [{'instance_type': 'c8g.48xlarge', 'availability_zone': 'us-west-2d', 'num_instances': 1, 'T3': np.float64(1.0)}]}","{'performance': 621345.6802512001, 'cost': 1.8376, 'actual_pods': 18.0, 'excess_pods': 1.0, 'efficiency': 18784.93930039182, 'nodepool': [{'instance_type': 'c6a.16xlarge', 'availability_zone': 'us-west-2b', 'num_instances': 2, 'T3': 5.0}]}",us-west-2
2025-08-20 06:10:00+09:00,75,3,5,"{'performance': np.float64(2096492.3201280003), 'cost': np.float64(2.8994), 'assignable_pod': np.float64(80.0), 'excess_pod': np.float64(5.0), 'efficiency': np.float64(9038.474857418778), 'nodepool': [{'instance_type': 'c6gd.12xlarge', 'availability_zone': 'us-west-2d', 'num_instances': 1, 'T3': np.float64(25.0)}, {'instance_type': 'c8g.48xlarge', 'availability_zone': 'us-west-2d', 'num_instances': 1, 'T3': np.float64(1.0)}]}","{'performance': 2549575.5314222, 'cost': 3.2544999999999997, 'actual_pods': 75.0, 'excess_pods': 0.0, 'efficiency': 10445.334281444975, 'nodepool': [{'instance_type': 'c6a.12xlarge', 'availability_zone': 'us-west-2c', 'num_instances': 2, 'T3': 5.0}, {'instance_type': 'c6a.16xlarge', 'availability_zone': 'us-west-2b', 'num_instances': 2, 'T3': 5.0}, {'instance_type': 'c6a.xlarge', 'availability_zone': 'us-west-2d', 'num_instances': 1, 'T3': 35.0}]}",us-west-2
2025-08-20 06:10:00+09:00,100,1,4,"{'performance': np.float64(5360942.49408), 'cost': np.float64(2.7346), 'assignable_pod': np.float64(192.0), 'excess_pod': np.float64(92.0), 'efficiency': np.float64(10210.47885979668), 'nodepool': [{'instance_type': 'm8g.48xlarge', 'availability_zone': 'us-west-2d', 'num_instances': 1, 'T3': np.float64(5.0)}]}","{'performance': 3433576.3843839997, 'cost': 1.5259999999999998, 'actual_pods': 100.0, 'excess_pods': 0.0, 'efficiency': 22500.500552975103, 'nodepool': [{'instance_type': 'm6a.xlarge', 'availability_zone': 'us-west-2d', 'num_instances': 10, 'T3': 50.0}, {'instance_type': 'm7a.medium', 'availability_zone': 'us-west-2d', 'num_instances': 20, 'T3': 50.0}, {'instance_type': 'm7i-flex.large', 'availability_zone': 'us-west-2a', 'num_instances': 20, 'T3': 50.0}]}",us-west-2
2025-08-20 06:10:00+09:00,100,2,2,"{'performance': np.float64(2873383.397308801), 'cost': np.float64(2.5171), 'assignable_pod': np.float64(104.0), 'excess_pod': np.float64(4.0), 'efficiency': np.float64(10976.396056010735), 'nodepool': [{'instance_type': 'c7g.4xlarge', 'availability_zone': 'us-west-2c', 'num_instances': 1, 'T3': np.float64(50.0)}, {'instance_type': 'c8g.48xlarge', 'availability_zone': 'us-west-2d', 'num_instances': 1, 'T3': np.float64(1.0)}]}","{'performance': 3347173.8474736, 'cost': 2.3875999999999995, 'actual_pods': 100.0, 'excess_pods': 0.0, 'efficiency': 14018.98914170548, 'nodepool': [{'instance_type': 'c6a.large', 'availability_zone': 'us-west-2a', 'num_instances': 20, 'T3': 50.0}, {'instance_type': 'c6a.large', 'availability_zone': 'us-west-2c', 'num_instances': 20, 'T3': 50.0}, {'instance_type': 'c6a.large', 'availability_zone': 'us-west-2d', 'num_instances': 20, 'T3': 50.0}, {'instance_type': 'c6a.xlarge', 'availability_zone': 'us-west-2d', 'num_instances': 12, 'T3': 35.0}, {'instance_type': 'c7i-flex.large', 'availability_zone': 'us-west-2d', 'num_instances': 16, 'T3': 40.0}]}",us-west-2
2025-08-20 06:10:00+09:00,400,1,2,"{'performance': np.float64(11340888.40256), 'cost': np.float64(5.8926), 'assignable_pod': np.float64(416.0), 'excess_pod': np.float64(16.0), 'efficiency': np.float64(4626.438408799564), 'nodepool': [{'instance_type': 'c6gd.8xlarge', 'availability_zone': 'us-west-2d', 'num_instances': 1, 'T3': np.float64(30.0)}, {'instance_type': 'm8g.48xlarge', 'availability_zone': 'us-west-2d', 'num_instances': 2, 'T3': np.float64(5.0)}]}","{'performance': 10658664.905849598, 'cost': 3.9222, 'actual_pods': 400.0, 'excess_pods': 0.0, 'efficiency': 6793.805074862065, 'nodepool': [{'instance_type': 'c6a.large', 'availability_zone': 'us-west-2a', 'num_instances': 20, 'T3': 50.0}, {'instance_type': 'c6a.large', 'availability_zone': 'us-west-2c', 'num_instances': 20, 'T3': 50.0}, {'instance_type': 'c6a.large', 'availability_zone': 'us-west-2d', 'num_instances': 20, 'T3': 50.0}, {'instance_type': 'c6a.xlarge', 'availability_zone': 'us-west-2d', 'num_instances': 14, 'T3': 35.0}, {'instance_type': 'c7g.medium', 'availability_zone': 'us-west-2a', 'num_instances': 2, 'T3': 50.0}, {'instance_type': 'c7g.medium', 'availability_zone': 'us-west-2d', 'num_instances': 20, 'T3': 50.0}, {'instance_type': 'c7i-flex.large', 'availability_zone': 'us-west-2d', 'num_instances': 16, 'T3': 40.0}, {'instance_type': 'c8g.medium', 'availability_zone': 'us-west-2b', 'num_instances': 10, 'T3': 25.0}, {'instance_type': 't2.small', 'availability_zone': 'us-west-2a', 'num_instances': 20, 'T3': 50.0}, {'instance_type': 't2.small', 'availability_zone': 'us-west-2b', 'num_instances': 20, 'T3': 50.0}, {'instance_type': 't2.small', 'availability_zone': 'us-west-2c', 'num_instances': 20, 'T3': 50.0}, {'instance_type': 't3.small', 'availability_zone': 'us-west-2a', 'num_instances': 20, 'T3': 50.0}, {'instance_type': 't3.small', 'availability_zone': 'us-west-2b', 'num_instances': 20, 'T3': 50.0}, {'instance_type': 't3.small', 'availability_zone': 'us-west-2d', 'num_instances': 20, 'T3': 50.0}, {'instance_type': 't4g.small', 'availability_zone': 'us-west-2c', 'num_instances': 20, 'T3': 50.0}, {'instance_type': 't4g.small', 'availability_zone': 'us-west-2d', 'num_instances': 20, 'T3': 50.0}]}",us-west-2
2025-08-20 06:10:00+09:00,400,2,2,"{'performance': np.float64(11186601.417216001), 'cost': np.float64(10.2582), 'assignable_pod': np.float64(408.0), 'excess_pod': np.float64(8.0), 'efficiency': np.float64(2672.802317021562), 'nodepool': [{'instance_type': 'c6gd.12xlarge', 'availability_zone': 'us-west-2d', 'num_instances': 1, 'T3': np.float64(25.0)}, {'instance_type': 'c8g.48xlarge', 'availability_zone': 'us-west-2d', 'num_instances': 3, 'T3': np.float64(1.0)}, {'instance_type': 'm8g.48xlarge', 'availability_zone': 'us-west-2d', 'num_instances': 1, 'T3': np.float64(5.0)}]}","{'performance': 13392215.062787201, 'cost': 10.756300000000001, 'actual_pods': 400.0, 'excess_pods': 0.0, 'efficiency': 3112.64446482229, 'nodepool': [{'instance_type': 'c5a.large', 'availability_zone': 'us-west-2d', 'num_instances': 12, 'T3': 50.0}, {'instance_type': 'c6a.12xlarge', 'availability_zone': 'us-west-2c', 'num_instances': 1, 'T3': 5.0}, {'instance_type': 'c6a.16xlarge', 'availability_zone': 'us-west-2b', 'num_instances': 2, 'T3': 5.0}, {'instance_type': 'c6a.2xlarge', 'availability_zone': 'us-west-2b', 'num_instances': 20, 'T3': 50.0}, {'instance_type': 'c6a.large', 'availability_zone': 'us-west-2a', 'num_instances': 20, 'T3': 50.0}, {'instance_type': 'c6a.large', 'availability_zone': 'us-west-2b', 'num_instances': 20, 'T3': 50.0}, {'instance_type': 'c6a.large', 'availability_zone': 'us-west-2c', 'num_instances': 20, 'T3': 50.0}, {'instance_type': 'c6a.large', 'availability_zone': 'us-west-2d', 'num_instances': 20, 'T3': 50.0}, {'instance_type': 'c6a.xlarge', 'availability_zone': 'us-west-2b', 'num_instances': 20, 'T3': 50.0}, {'instance_type': 'c6a.xlarge', 'availability_zone': 'us-west-2d', 'num_instances': 14, 'T3': 35.0}, {'instance_type': 'c7i-flex.large', 'availability_zone': 'us-west-2d', 'num_instances': 16, 'T3': 40.0}, {'instance_type': 'c7i-flex.xlarge', 'availability_zone': 'us-west-2d', 'num_instances': 4, 'T3': 10.0}, {'instance_type': 'c7i.24xlarge', 'availability_zone': 'us-west-2d', 'num_instances': 1, 'T3': 10.0}]}",us-west-2
2025-08-20 06:10:00+09:00,1000,1,2,"{'performance': np.float64(29588026.224768), 'cost': np.float64(14.4603), 'assignable_pod': np.float64(1056.0), 'excess_pod': np.float64(56.0), 'efficiency': np.float64(1937.6475057917194), 'nodepool': [{'instance_type': 'c8g.48xlarge', 'availability_zone': 'us-west-2d', 'num_instances': 2, 'T3': np.float64(1.0)}, {'instance_type': 'm8g.24xlarge', 'availability_zone': 'us-west-2d', 'num_instances': 1, 'T3': np.float64(5.0)}, {'instance_type': 'm8g.48xlarge', 'availability_zone': 'us-west-2d', 'num_instances': 3, 'T3': np.float64(5.0)}]}","{'performance': 30402069.758515604, 'cost': 12.1294, 'actual_pods': 1000.0, 'excess_pods': 0.0, 'efficiency': 2506.4776294388516, 'nodepool': [{'instance_type': 'c6a.12xlarge', 'availability_zone': 'us-west-2c', 'num_instances': 2, 'T3': 5.0}, {'instance_type': 'c6a.16xlarge', 'availability_zone': 'us-west-2b', 'num_instances': 2, 'T3': 5.0}, {'instance_type': 'c6a.2xlarge', 'availability_zone': 'us-west-2b', 'num_instances': 20, 'T3': 50.0}, {'instance_type': 'c6a.large', 'availability_zone': 'us-west-2a', 'num_instances': 20, 'T3': 50.0}, {'instance_type': 'c6a.large', 'availability_zone': 'us-west-2b', 'num_instances': 20, 'T3': 50.0}, {'instance_type': 'c6a.large', 'availability_zone': 'us-west-2c', 'num_instances': 20, 'T3': 50.0}, {'instance_type': 'c6a.large', 'availability_zone': 'us-west-2d', 'num_instances': 20, 'T3': 50.0}, {'instance_type': 'c6a.xlarge', 'availability_zone': 'us-west-2b', 'num_instances': 20, 'T3': 50.0}, {'instance_type': 'c6a.xlarge', 'availability_zone': 'us-west-2d', 'num_instances': 14, 'T3': 35.0}, {'instance_type': 'c7a.medium', 'availability_zone': 'us-west-2c', 'num_instances': 20, 'T3': 50.0}, {'instance_type': 'c7a.medium', 'availability_zone': 'us-west-2d', 'num_instances': 20, 'T3': 50.0}, {'instance_type': 'c7g.medium', 'availability_zone': 'us-west-2a', 'num_instances': 20, 'T3': 50.0}, {'instance_type': 'c7g.medium', 'availability_zone': 'us-west-2d', 'num_instances': 20, 'T3': 50.0}, {'instance_type': 'c7i-flex.large', 'availability_zone': 'us-west-2d', 'num_instances': 16, 'T3': 40.0}, {'instance_type': 'c7i-flex.xlarge', 'availability_zone': 'us-west-2d', 'num_instances': 4, 'T3': 10.0}, {'instance_type': 'c8g.medium', 'availability_zone': 'us-west-2b', 'num_instances': 10, 'T3': 25.0}, {'instance_type': 't2.small', 'availability_zone': 'us-west-2a', 'num_instances': 20, 'T3': 50.0}, {'instance_type': 't2.small', 'availability_zone': 'us-west-2b', 'num_instances': 20, 'T3': 50.0}, {'instance_type': 't2.small', 'availability_zone': 'us-west-2c', 'num_instances': 20, 'T3': 50.0}, {'instance_type': 't3.small', 'availability_zone': 'us-west-2a', 'num_instances': 20, 'T3': 50.0}, {'instance_type': 't3.small', 'availability_zone': 'us-west-2b', 'num_instances': 20, 'T3': 50.0}, {'instance_type': 't3.small', 'availability_zone': 'us-west-2c', 'num_instances': 20, 'T3': 50.0}, {'instance_type': 't3.small', 'availability_zone': 'us-west-2d', 'num_instances': 20, 'T3': 50.0}, {'instance_type': 't4g.small', 'availability_zone': 'us-west-2a', 'num_instances': 2, 'T3': 50.0}, {'instance_type': 't4g.small', 'availability_zone': 'us-west-2c', 'num_instances': 20, 'T3': 50.0}, {'instance_type': 't4g.small', 'availability_zone': 'us-west-2d', 'num_instances': 20, 'T3': 50.0}]}",us-west-2
2025-08-20 02:10:00+09:00,17,7,7,"{'performance': np.float64(753945.706404), 'cost': np.float64(2.3121), 'assignable_pod': np.float64(27.0), 'excess_pod': np.float64(10.0), 'efficiency': np.float64(12077.295554690541), 'nodepool': [{'instance_type': 'c8g.48xlarge', 'availability_zone': 'us-west-2d', 'num_instances': 1, 'T3': np.float64(1.0)}]}","{'performance': 621345.6802512001, 'cost': 1.8376, 'actual_pods': 18.0, 'excess_pods': 1.0, 'efficiency': 18784.93930039182, 'nodepool': [{'instance_type': 'c6a.16xlarge', 'availability_zone': 'us-west-2b', 'num_instances': 2, 'T3': 5.0}]}",us-west-2
2025-08-20 02:10:00+09:00,75,3,5,"{'performance': np.float64(2096492.3201280003), 'cost': np.float64(2.8994), 'assignable_pod': np.float64(80.0), 'excess_pod': np.float64(5.0), 'efficiency': np.float64(9038.474857418778), 'nodepool': [{'instance_type': 'c6gd.12xlarge', 'availability_zone': 'us-west-2d', 'num_instances': 1, 'T3': np.float64(20.0)}, {'instance_type': 'c8g.48xlarge', 'availability_zone': 'us-west-2d', 'num_instances': 1, 'T3': np.float64(1.0)}]}","{'performance': 2549575.5314222, 'cost': 3.2502999999999997, 'actual_pods': 75.0, 'excess_pods': 0.0, 'efficiency': 10458.83162137731, 'nodepool': [{'instance_type': 'c6a.12xlarge', 'availability_zone': 'us-west-2c', 'num_instances': 2, 'T3': 10.0}, {'instance_type': 'c6a.16xlarge', 'availability_zone': 'us-west-2b', 'num_instances': 2, 'T3': 5.0}, {'instance_type': 'c6a.xlarge', 'availability_zone': 'us-west-2d', 'num_instances': 1, 'T3': 40.0}]}",us-west-2
2025-08-20 02:10:00+09:00,100,1,4,"{'performance': np.float64(5360942.49408), 'cost': np.float64(2.7388), 'assignable_pod': np.float64(192.0), 'excess_pod': np.float64(92.0), 'efficiency': np.float64(10194.82090331532), 'nodepool': [{'instance_type': 'm8g.48xlarge', 'availability_zone': 'us-west-2d', 'num_instances': 1, 'T3': np.float64(5.0)}]}","{'performance': 3494746.754264, 'cost': 1.5499999999999998, 'actual_pods': 100.0, 'excess_pods': 0.0, 'efficiency': 22546.753253316132, 'nodepool': [{'instance_type': 'm7a.medium', 'availability_zone': 'us-west-2d', 'num_instances': 20, 'T3': 50.0}, {'instance_type': 'm7i-flex.large', 'availability_zone': 'us-west-2a', 'num_instances': 20, 'T3': 50.0}, {'instance_type': 'm7i-flex.large', 'availability_zone': 'us-west-2c', 'num_instances': 20, 'T3': 50.0}]}",us-west-2
2025-08-20 02:10:00+09:00,400,1,2,"{'performance': np.float64(11341337.598464001), 'cost': np.float64(5.4715), 'assignable_pod': np.float64(416.0), 'excess_pod': np.float64(16.0), 'efficiency': np.float64(4982.6977548274635), 'nodepool': [{'instance_type': 'c6gd.8xlarge', 'availability_zone': 'us-west-2d', 'num_instances': 1, 'T3': np.float64(30.0)}, {'instance_type': 'c8g.48xlarge', 'availability_zone': 'us-west-2d', 'num_instances': 1, 'T3': np.float64(1.0)}, {'instance_type': 'm8g.48xlarge', 'availability_zone': 'us-west-2d', 'num_instances': 1, 'T3': np.float64(5.0)}]}","{'performance': 10570914.006409597, 'cost': 3.9312, 'actual_pods': 400.0, 'excess_pods': 0.0, 'efficiency': 6722.447348398451, 'nodepool': [{'instance_type': 'c6a.large', 'availability_zone': 'us-west-2a', 'num_instances': 20, 'T3': 50.0}, {'instance_type': 'c6a.large', 'availability_zone': 'us-west-2c', 'num_instances': 20, 'T3': 50.0}, {'instance_type': 'c6a.large', 'availability_zone': 'us-west-2d', 'num_instances': 20, 'T3': 50.0}, {'instance_type': 'c6a.xlarge', 'availability_zone': 'us-west-2d', 'num_instances': 16, 'T3': 40.0}, {'instance_type': 'c7g.medium', 'availability_zone': 'us-west-2a', 'num_instances': 10, 'T3': 50.0}, {'instance_type': 'c7g.medium', 'availability_zone': 'us-west-2d', 'num_instances': 20, 'T3': 50.0}, {'instance_type': 'c7i-flex.large', 'availability_zone': 'us-west-2d', 'num_instances': 8, 'T3': 20.0}, {'instance_type': 'c8g.medium', 'availability_zone': 'us-west-2b', 'num_instances': 10, 'T3': 25.0}, {'instance_type': 't2.small', 'availability_zone': 'us-west-2a', 'num_instances': 20, 'T3': 50.0}, {'instance_type': 't2.small', 'availability_zone': 'us-west-2b', 'num_instances': 20, 'T3': 50.0}, {'instance_type': 't2.small', 'availability_zone': 'us-west-2c', 'num_instances': 20, 'T3': 50.0}, {'instance_type': 't3.small', 'availability_zone': 'us-west-2a', 'num_instances': 20, 'T3': 50.0}, {'instance_type': 't3.small', 'availability_zone': 'us-west-2b', 'num_instances': 20, 'T3': 50.0}, {'instance_type': 't3.small', 'availability_zone': 'us-west-2d', 'num_instances': 20, 'T3': 50.0}, {'instance_type': 't4g.small', 'availability_zone': 'us-west-2c', 'num_instances': 20, 'T3': 50.0}, {'instance_type': 't4g.small', 'availability_zone': 'us-west-2d', 'num_instances': 20, 'T3': 50.0}]}",us-west-2
2025-08-20 02:10:00+09:00,400,2,2,"{'performance': np.float64(8505905.572224002), 'cost': np.float64(7.9503), 'assignable_pod': np.float64(312.0), 'excess_pod': np.float64(-88.0), 'efficiency': np.float64(3429.1181288369385), 'nodepool': [{'instance_type': 'c6gd.12xlarge', 'availability_zone': 'us-west-2d', 'num_instances': 1, 'T3': np.float64(20.0)}, {'instance_type': 'c8g.48xlarge', 'availability_zone': 'us-west-2d', 'num_instances': 2, 'T3': np.float64(1.0)}, {'instance_type': 'm8g.48xlarge', 'availability_zone': 'us-west-2d', 'num_instances': 1, 'T3': np.float64(5.0)}]}","{'performance': 13423244.882726401, 'cost': 10.798, 'actual_pods': 400.0, 'excess_pods': 0.0, 'efficiency': 3107.808131766624, 'nodepool': [{'instance_type': 'c6a.12xlarge', 'availability_zone': 'us-west-2c', 'num_instances': 4, 'T3': 10.0}, {'instance_type': 'c6a.16xlarge', 'availability_zone': 'us-west-2b', 'num_instances': 2, 'T3': 5.0}, {'instance_type': 'c6a.2xlarge', 'availability_zone': 'us-west-2b', 'num_instances': 19, 'T3': 50.0}, {'instance_type': 'c6a.large', 'availability_zone': 'us-west-2a', 'num_instances': 20, 'T3': 50.0}, {'instance_type': 'c6a.large', 'availability_zone': 'us-west-2b', 'num_instances': 20, 'T3': 50.0}, {'instance_type': 'c6a.large', 'availability_zone': 'us-west-2c', 'num_instances': 20, 'T3': 50.0}, {'instance_type': 'c6a.large', 'availability_zone': 'us-west-2d', 'num_instances': 20, 'T3': 50.0}, {'instance_type': 'c6a.xlarge', 'availability_zone': 'us-west-2b', 'num_instances': 20, 'T3': 50.0}, {'instance_type': 'c6a.xlarge', 'availability_zone': 'us-west-2d', 'num_instances': 16, 'T3': 40.0}, {'instance_type': 'c7i-flex.large', 'availability_zone': 'us-west-2d', 'num_instances': 8, 'T3': 20.0}, {'instance_type': 'c7i-flex.xlarge', 'availability_zone': 'us-west-2d', 'num_instances': 2, 'T3': 5.0}]}",us-west-2
2025-08-20 02:10:00+09:00,1000,1,2,"{'performance': np.float64(22984836.1345792), 'cost': np.float64(11.2779), 'assignable_pod': np.float64(832.0), 'excess_pod': np.float64(-168.0), 'efficiency': np.float64(2449.569952690319), 'nodepool': [{'instance_type': 'c7g.16xlarge', 'availability_zone': 'us-west-2c', 'num_instances': 1, 'T3': np.float64(50.0)}, {'instance_type': 'c8g.48xlarge', 'availability_zone': 'us-west-2d', 'num_instances': 1, 'T3': np.float64(1.0)}, {'instance_type': 'm8g.48xlarge', 'availability_zone': 'us-west-2d', 'num_instances': 3, 'T3': np.float64(5.0)}]}","{'performance': 30173448.00693481, 'cost': 12.067599999999999, 'actual_pods': 1000.0, 'excess_pods': 0.0, 'efficiency': 2500.3685908494494, 'nodepool': [{'instance_type': 'c6a.12xlarge', 'availability_zone': 'us-west-2c', 'num_instances': 3, 'T3': 10.0}, {'instance_type': 'c6a.16xlarge', 'availability_zone': 'us-west-2b', 'num_instances': 2, 'T3': 5.0}, {'instance_type': 'c6a.2xlarge', 'availability_zone': 'us-west-2b', 'num_instances': 20, 'T3': 50.0}, {'instance_type': 'c6a.large', 'availability_zone': 'us-west-2a', 'num_instances': 20, 'T3': 50.0}, {'instance_type': 'c6a.large', 'availability_zone': 'us-west-2b', 'num_instances': 20, 'T3': 50.0}, {'instance_type': 'c6a.large', 'availability_zone': 'us-west-2c', 'num_instances': 20, 'T3': 50.0}, {'instance_type': 'c6a.large', 'availability_zone': 'us-west-2d', 'num_instances': 20, 'T3': 50.0}, {'instance_type': 'c6a.xlarge', 'availability_zone': 'us-west-2b', 'num_instances': 20, 'T3': 50.0}, {'instance_type': 'c6a.xlarge', 'availability_zone': 'us-west-2d', 'num_instances': 16, 'T3': 40.0}, {'instance_type': 'c7g.medium', 'availability_zone': 'us-west-2a', 'num_instances': 20, 'T3': 50.0}, {'instance_type': 'c7g.medium', 'availability_zone': 'us-west-2d', 'num_instances': 20, 'T3': 50.0}, {'instance_type': 'c7i-flex.large', 'availability_zone': 'us-west-2d', 'num_instances': 8, 'T3': 20.0}, {'instance_type': 'c7i-flex.xlarge', 'availability_zone': 'us-west-2d', 'num_instances': 2, 'T3': 5.0}, {'instance_type': 'c8g.medium', 'availability_zone': 'us-west-2b', 'num_instances': 10, 'T3': 25.0}, {'instance_type': 't2.small', 'availability_zone': 'us-west-2a', 'num_instances': 20, 'T3': 50.0}, {'instance_type': 't2.small', 'availability_zone': 'us-west-2b', 'num_instances': 20, 'T3': 50.0}, {'instance_type': 't2.small', 'availability_zone': 'us-west-2c', 'num_instances': 20, 'T3': 50.0}, {'instance_type': 't3.small', 'availability_zone': 'us-west-2a', 'num_instances': 20, 'T3': 50.0}, {'instance_type': 't3.small', 'availability_zone': 'us-west-2b', 'num_instances': 20, 'T3': 50.0}, {'instance_type': 't3.small', 'availability_zone': 'us-west-2c', 'num_instances': 20, 'T3': 50.0}, {'instance_type': 't3.small', 'availability_zone': 'us-west-2d', 'num_instances': 20, 'T3': 50.0}, {'instance_type': 't4g.small', 'availability_zone': 'us-west-2a', 'num_instances': 10, 'T3': 50.0}, {'instance_type': 't4g.small', 'availability_zone': 'us-west-2c', 'num_instances': 20, 'T3': 50.0}, {'instance_type': 't4g.small', 'availability_zone': 'us-west-2d', 'num_instances': 20, 'T3': 50.0}]}",us-west-2
2025-08-22 19:10:00+09:00,17,7,7,"{'performance': np.float64(753945.706404), 'cost': np.float64(2.4301), 'assignable_pod': np.float64(27.0), 'excess_pod': np.float64(10.0), 'efficiency': np.float64(11490.850192173162), 'nodepool': [{'instance_type': 'c8g.48xlarge', 'availability_zone': 'us-west-2d', 'num_instances': 1, 'T3': np.float64(1.0)}]}","{'performance': 621345.6802512001, 'cost': 1.8796, 'actual_pods': 18.0, 'excess_pods': 1.0, 'efficiency': 18365.18645371356, 'nodepool': [{'instance_type': 'c6a.16xlarge', 'availability_zone': 'us-west-2b', 'num_instances': 2, 'T3': 15.0}]}",us-west-2
2025-08-22 19:10:00+09:00,100,1,4,"{'performance': np.float64(5360942.49408), 'cost': np.float64(2.8365), 'assignable_pod': np.float64(192.0), 'excess_pod': np.float64(92.0), 'efficiency': np.float64(9843.671951348493), 'nodepool': [{'instance_type': 'm8g.48xlarge', 'availability_zone': 'us-west-2d', 'num_instances': 1, 'T3': np.float64(5.0)}]}","{'performance': 3451119.1039199997, 'cost': 1.5605000000000002, 'actual_pods': 100.0, 'excess_pods': 0.0, 'efficiency': 22115.470066773465, 'nodepool': [{'instance_type': 'm6a.xlarge', 'availability_zone': 'us-west-2d', 'num_instances': 5, 'T3': 50.0}, {'instance_type': 'm7i-flex.large', 'availability_zone': 'us-west-2a', 'num_instances': 20, 'T3': 50.0}, {'instance_type': 'm7i-flex.large', 'availability_zone': 'us-west-2c', 'num_instances': 20, 'T3': 50.0}]}",us-west-2
2025-08-23 03:10:00+09:00,17,7,7,"{'performance': np.float64(753945.706404), 'cost': np.float64(2.4357), 'assignable_pod': np.float64(27.0), 'excess_pod': np.float64(10.0), 'efficiency': np.float64(11464.431191033378), 'nodepool': [{'instance_type': 'c8g.48xlarge', 'availability_zone': 'us-west-2d', 'num_instances': 1, 'T3': np.float64(1.0)}]}","{'performance': 621345.6802512001, 'cost': 1.9654, 'actual_pods': 18.0, 'excess_pods': 1.0, 'efficiency': 17563.44991268953, 'nodepool': [{'instance_type': 'c6a.16xlarge', 'availability_zone': 'us-west-2a', 'num_instances': 2, 'T3': 5.0}]}",us-west-2
2025-08-23 03:10:00+09:00,75,3,5,"{'performance': np.float64(2096492.3201280003), 'cost': np.float64(3.0358), 'assignable_pod': np.float64(80.0), 'excess_pod': np.float64(5.0), 'efficiency': np.float64(8632.371698267345), 'nodepool': [{'instance_type': 'c6gd.12xlarge', 'availability_zone': 'us-west-2d', 'num_instances': 1, 'T3': np.float64(25.0)}, {'instance_type': 'c8g.48xlarge', 'availability_zone': 'us-west-2d', 'num_instances': 1, 'T3': np.float64(1.0)}]}","{'performance': 2110798.825715, 'cost': 2.9621000000000004, 'actual_pods': 75.0, 'excess_pods': 0.0, 'efficiency': 9501.361987396327, 'nodepool': [{'instance_type': 'c6a.12xlarge', 'availability_zone': 'us-west-2c', 'num_instances': 2, 'T3': 5.0}, {'instance_type': 'c6a.xlarge', 'availability_zone': 'us-west-2d', 'num_instances': 1, 'T3': 25.0}, {'instance_type': 'c7g.16xlarge', 'availability_zone': 'us-west-2c', 'num_instances': 2, 'T3': 50.0}]}",us-west-2
2025-08-22 11:40:00+09:00,1000,1,1,"{'performance': np.float64(28346227.8245632), 'cost': np.float64(14.1217), 'assignable_pod': np.float64(1024.0), 'excess_pod': np.float64(24.0), 'efficiency': np.float64(1960.2358859007768), 'nodepool': [{'instance_type': 'c7g.16xlarge', 'availability_zone': 'us-west-2d', 'num_instances': 1, 'T3': np.float64(50.0)}, {'instance_type': 'c8g.48xlarge', 'availability_zone': 'us-west-2d', 'num_instances': 2, 'T3': np.float64(1.0)}, {'instance_type': 'm8g.48xlarge', 'availability_zone': 'us-west-2d', 'num_instances': 3, 'T3': np.float64(5.0)}]}","{'performance': 24737534.276809614, 'cost': 8.8794, 'actual_pods': 1000.0, 'excess_pods': 0.0, 'efficiency': 2785.9466041410024, 'nodepool': [{'instance_type': 'c6a.2xlarge', 'availability_zone': 'us-west-2b', 'num_instances': 2, 'T3': 50.0}, {'instance_type': 'c6a.large', 'availability_zone': 'us-west-2a', 'num_instances': 20, 'T3': 50.0}, {'instance_type': 'c6a.large', 'availability_zone': 'us-west-2b', 'num_instances': 20, 'T3': 50.0}, {'instance_type': 'c6a.large', 'availability_zone': 'us-west-2c', 'num_instances': 20, 'T3': 50.0}, {'instance_type': 'c6a.large', 'availability_zone': 'us-west-2d', 'num_instances': 20, 'T3': 50.0}, {'instance_type': 'c6a.xlarge', 'availability_zone': 'us-west-2b', 'num_instances': 20, 'T3': 50.0}, {'instance_type': 'c6a.xlarge', 'availability_zone': 'us-west-2d', 'num_instances': 20, 'T3': 50.0}, {'instance_type': 'c7g.medium', 'availability_zone': 'us-west-2a', 'num_instances': 20, 'T3': 50.0}, {'instance_type': 'c7g.medium', 'availability_zone': 'us-west-2d', 'num_instances': 20, 'T3': 50.0}, {'instance_type': 'c7i-flex.large', 'availability_zone': 'us-west-2d', 'num_instances': 18, 'T3': 45.0}, {'instance_type': 'c7i-flex.xlarge', 'availability_zone': 'us-west-2d', 'num_instances': 10, 'T3': 25.0}, {'instance_type': 'c8g.medium', 'availability_zone': 'us-west-2b', 'num_instances': 12, 'T3': 30.0}, {'instance_type': 't2.micro', 'availability_zone': 'us-west-2a', 'num_instances': 20, 'T3': 50.0}, {'instance_type': 't2.micro', 'availability_zone': 'us-west-2b', 'num_instances': 20, 'T3': 50.0}, {'instance_type': 't2.micro', 'availability_zone': 'us-west-2c', 'num_instances': 20, 'T3': 50.0}, {'instance_type': 't2.small', 'availability_zone': 'us-west-2a', 'num_instances': 20, 'T3': 50.0}, {'instance_type': 't2.small', 'availability_zone': 'us-west-2b', 'num_instances': 20, 'T3': 50.0}, {'instance_type': 't2.small', 'availability_zone': 'us-west-2c', 'num_instances': 20, 'T3': 50.0}, {'instance_type': 't3.micro', 'availability_zone': 'us-west-2a', 'num_instances': 20, 'T3': 50.0}, {'instance_type': 't3.micro', 'availability_zone': 'us-west-2b', 'num_instances': 20, 'T3': 50.0}, {'instance_type': 't3.micro', 'availability_zone': 'us-west-2c', 'num_instances': 20, 'T3': 50.0}, {'instance_type': 't3.micro', 'availability_zone': 'us-west-2d', 'num_instances': 20, 'T3': 50.0}, {'instance_type': 't3.small', 'availability_zone': 'us-west-2a', 'num_instances': 20, 'T3': 50.0}, {'instance_type': 't3.small', 'availability_zone': 'us-west-2b', 'num_instances': 20, 'T3': 50.0}, {'instance_type': 't3.small', 'availability_zone': 'us-west-2c', 'num_instances': 20, 'T3': 50.0}, {'instance_type': 't3.small', 'availability_zone': 'us-west-2d', 'num_instances': 20, 'T3': 50.0}, {'instance_type': 't3a.micro', 'availability_zone': 'us-west-2a', 'num_instances': 20, 'T3': 50.0}, {'instance_type': 't3a.micro', 'availability_zone': 'us-west-2b', 'num_instances': 2, 'T3': 5.0}, {'instance_type': 't3a.micro', 'availability_zone': 'us-west-2c', 'num_instances': 12, 'T3': 30.0}, {'instance_type': 't3a.micro', 'availability_zone': 'us-west-2d', 'num_instances': 20, 'T3': 50.0}, {'instance_type': 't3a.small', 'availability_zone': 'us-west-2a', 'num_instances': 20, 'T3': 50.0}, {'instance_type': 't3a.small', 'availability_zone': 'us-west-2b', 'num_instances': 20, 'T3': 50.0}, {'instance_type': 't3a.small', 'availability_zone': 'us-west-2c', 'num_instances': 20, 'T3': 50.0}, {'instance_type': 't4g.micro', 'availability_zone': 'us-west-2a', 'num_instances': 20, 'T3': 50.0}, {'instance_type': 't4g.micro', 'availability_zone': 'us-west-2b', 'num_instances': 16, 'T3': 40.0}, {'instance_type': 't4g.micro', 'availability_zone': 'us-west-2c', 'num_instances': 20, 'T3': 50.0}, {'instance_type': 't4g.micro', 'availability_zone': 'us-west-2d', 'num_instances': 10, 'T3': 25.0}, {'instance_type': 't4g.small', 'availability_zone': 'us-west-2a', 'num_instances': 20, 'T3': 50.0}, {'instance_type': 't4g.small', 'availability_zone': 'us-west-2b', 'num_instances': 16, 'T3': 50.0}, {'instance_type': 't4g.small', 'availability_zone': 'us-west-2c', 'num_instances': 20, 'T3': 50.0}, {'instance_type': 't4g.small', 'availability_zone': 'us-west-2d', 'num_instances': 20, 'T3': 50.0}]}",us-west-2
2025-08-19 22:30:00+09:00,115,4,2,"{'performance': np.float64(3376299.6856320007), 'cost': np.float64(6.5916999999999994), 'assignable_pod': np.float64(120.0), 'excess_pod': np.float64(5.0), 'efficiency': np.float64(4268.372455299848), 'nodepool': [{'instance_type': 'c8g.48xlarge', 'availability_zone': 'us-west-2a', 'num_instances': 1, 'T3': np.float64(5.0)}, {'instance_type': 'c8g.48xlarge', 'availability_zone': 'us-west-2d', 'num_instances': 1, 'T3': np.float64(1.0)}, {'instance_type': 'm8g.24xlarge', 'availability_zone': 'us-west-2d', 'num_instances': 1, 'T3': np.float64(5.0)}]}","{'performance': 3839321.8529722, 'cost': 6.1021, 'actual_pods': 115.0, 'excess_pods': 0.0, 'efficiency': 5471.134104185374, 'nodepool': [{'instance_type': 'c6a.48xlarge', 'availability_zone': 'us-west-2b', 'num_instances': 2, 'T3': 5.0}, {'instance_type': 'c6a.xlarge', 'availability_zone': 'us-west-2d', 'num_instances': 19, 'T3': 50.0}]}",us-west-2
2025-08-19 22:30:00+09:00,1000,1,1,"{'performance': np.float64(27973264.978819206), 'cost': np.float64(12.880700000000001), 'assignable_pod': np.float64(1008.0), 'excess_pod': np.float64(8.0), 'efficiency': np.float64(2154.4834472741986), 'nodepool': [{'instance_type': 'c8g.48xlarge', 'availability_zone': 'us-west-2a', 'num_instances': 2, 'T3': np.float64(5.0)}, {'instance_type': 'c8g.48xlarge', 'availability_zone': 'us-west-2d', 'num_instances': 3, 'T3': np.float64(1.0)}, {'instance_type': 'm7g.12xlarge', 'availability_zone': 'us-west-2d', 'num_instances': 1, 'T3': np.float64(35.0)}]}","{'performance': 26958129.789381202, 'cost': 9.4986, 'actual_pods': 1000.0, 'excess_pods': 0.0, 'efficiency': 2838.116121257996, 'nodepool': [{'instance_type': 'c6a.48xlarge', 'availability_zone': 'us-west-2b', 'num_instances': 2, 'T3': 5.0}, {'instance_type': 'c6a.large', 'availability_zone': 'us-west-2a', 'num_instances': 20, 'T3': 50.0}, {'instance_type': 'c6a.large', 'availability_zone': 'us-west-2d', 'num_instances': 20, 'T3': 50.0}, {'instance_type': 'c6a.xlarge', 'availability_zone': 'us-west-2d', 'num_instances': 18, 'T3': 50.0}, {'instance_type': 'c7g.medium', 'availability_zone': 'us-west-2d', 'num_instances': 20, 'T3': 50.0}, {'instance_type': 'c7i-flex.large', 'availability_zone': 'us-west-2d', 'num_instances': 14, 'T3': 35.0}, {'instance_type': 'c8g.medium', 'availability_zone': 'us-west-2b', 'num_instances': 10, 'T3': 25.0}, {'instance_type': 't2.micro', 'availability_zone': 'us-west-2a', 'num_instances': 20, 'T3': 50.0}, {'instance_type': 't2.micro', 'availability_zone': 'us-west-2b', 'num_instances': 20, 'T3': 50.0}, {'instance_type': 't2.micro', 'availability_zone': 'us-west-2c', 'num_instances': 20, 'T3': 50.0}, {'instance_type': 't2.small', 'availability_zone': 'us-west-2a', 'num_instances': 20, 'T3': 50.0}, {'instance_type': 't2.small', 'availability_zone': 'us-west-2b', 'num_instances': 20, 'T3': 50.0}, {'instance_type': 't2.small', 'availability_zone': 'us-west-2c', 'num_instances': 20, 'T3': 50.0}, {'instance_type': 't3.micro', 'availability_zone': 'us-west-2a', 'num_instances': 20, 'T3': 50.0}, {'instance_type': 't3.micro', 'availability_zone': 'us-west-2b', 'num_instances': 20, 'T3': 50.0}, {'instance_type': 't3.micro', 'availability_zone': 'us-west-2c', 'num_instances': 20, 'T3': 50.0}, {'instance_type': 't3.micro', 'availability_zone': 'us-west-2d', 'num_instances': 20, 'T3': 50.0}, {'instance_type': 't3.small', 'availability_zone': 'us-west-2a', 'num_instances': 20, 'T3': 50.0}, {'instance_type': 't3.small', 'availability_zone': 'us-west-2b', 'num_instances': 20, 'T3': 50.0}, {'instance_type': 't3.small', 'availability_zone': 'us-west-2d', 'num_instances': 20, 'T3': 50.0}, {'instance_type': 't3a.micro', 'availability_zone': 'us-west-2a', 'num_instances': 20, 'T3': 50.0}, {'instance_type': 't3a.micro', 'availability_zone': 'us-west-2b', 'num_instances': 2, 'T3': 5.0}, {'instance_type': 't3a.micro', 'availability_zone': 'us-west-2c', 'num_instances': 12, 'T3': 30.0}, {'instance_type': 't3a.micro', 'availability_zone': 'us-west-2d', 'num_instances': 20, 'T3': 50.0}, {'instance_type': 't4g.micro', 'availability_zone': 'us-west-2a', 'num_instances': 14, 'T3': 35.0}, {'instance_type': 't4g.micro', 'availability_zone': 'us-west-2b', 'num_instances': 10, 'T3': 25.0}, {'instance_type': 't4g.micro', 'availability_zone': 'us-west-2c', 'num_instances': 20, 'T3': 50.0}, {'instance_type': 't4g.micro', 'availability_zone': 'us-west-2d', 'num_instances': 8, 'T3': 20.0}, {'instance_type': 't4g.small', 'availability_zone': 'us-west-2c', 'num_instances': 20, 'T3': 50.0}, {'instance_type': 't4g.small', 'availability_zone': 'us-west-2d', 'num_instances': 20, 'T3': 50.0}]}",us-west-2
2025-08-19 22:30:00+09:00,1000,1,4,"{'performance': np.float64(27806436.955190398), 'cost': np.float64(21.8696), 'assignable_pod': np.float64(1046.0), 'excess_pod': np.float64(46.0), 'efficiency': np.float64(1215.5499750961915), 'nodepool': [{'instance_type': 'i8g.24xlarge', 'availability_zone': 'us-west-2c', 'num_instances': 1, 'T3': np.float64(1.0)}, {'instance_type': 'm7g.12xlarge', 'availability_zone': 'us-west-2c', 'num_instances': 1, 'T3': np.float64(50.0)}, {'instance_type': 'm7g.16xlarge', 'availability_zone': 'us-west-2d', 'num_instances': 1, 'T3': np.float64(50.0)}, {'instance_type': 'm7g.8xlarge', 'availability_zone': 'us-west-2d', 'num_instances': 1, 'T3': np.float64(15.0)}, {'instance_type': 'm7g.large', 'availability_zone': 'us-west-2c', 'num_instances': 1, 'T3': np.float64(50.0)}, {'instance_type': 'm7g.xlarge', 'availability_zone': 'us-west-2c', 'num_instances': 1, 'T3': np.float64(50.0)}, {'instance_type': 'm8g.24xlarge', 'availability_zone': 'us-west-2d', 'num_instances': 1, 'T3': np.float64(5.0)}, {'instance_type': 'm8g.48xlarge', 'availability_zone': 'us-west-2d', 'num_instances': 2, 'T3': np.float64(5.0)}, {'instance_type': 'x1.32xlarge', 'availability_zone': 'us-west-2c', 'num_instances': 1, 'T3': np.float64(5.0)}, {'instance_type': 'x8g.48xlarge', 'availability_zone': 'us-west-2c', 'num_instances': 1, 'T3': np.float64(1.0)}]}","{'performance': 32560995.916854408, 'cost': 15.1205, 'actual_pods': 1000.0, 'excess_pods': 0.0, 'efficiency': 2153.4338095204794, 'nodepool': [{'instance_type': 'm6a.12xlarge', 'availability_zone': 'us-west-2b', 'num_instances': 4, 'T3': 10.0}, {'instance_type': 'm6a.12xlarge', 'availability_zone': 'us-west-2c', 'num_instances': 6, 'T3': 20.0}, {'instance_type': 'm6a.16xlarge', 'availability_zone': 'us-west-2a', 'num_instances': 2, 'T3': 5.0}, {'instance_type': 'm6a.xlarge', 'availability_zone': 'us-west-2d', 'num_instances': 20, 'T3': 50.0}, {'instance_type': 'm7a.medium', 'availability_zone': 'us-west-2d', 'num_instances': 20, 'T3': 50.0}, {'instance_type': 'm7g.metal', 'availability_zone': 'us-west-2d', 'num_instances': 2, 'T3': 5.0}, {'instance_type': 'm7i-flex.large', 'availability_zone': 'us-west-2a', 'num_instances': 20, 'T3': 50.0}, {'instance_type': 'm7i-flex.large', 'availability_zone': 'us-west-2c', 'num_instances': 20, 'T3': 50.0}, {'instance_type': 'm7i-flex.large', 'availability_zone': 'us-west-2d', 'num_instances': 20, 'T3': 50.0}, {'instance_type': 'm7i-flex.xlarge', 'availability_zone': 'us-west-2d', 'num_instances': 11, 'T3': 40.0}]}",us-west-2
2025-08-19 22:30:00+09:00,1000,2,2,"{'performance': np.float64(22482660.455233604), 'cost': np.float64(22.0184), 'assignable_pod': np.float64(780.0), 'excess_pod': np.float64(-220.0), 'efficiency': np.float64(1309.0834783887976), 'nodepool': [{'instance_type': 'c6gd.2xlarge', 'availability_zone': 'us-west-2d', 'num_instances': 1, 'T3': np.float64(35.0)}, {'instance_type': 'c6gd.8xlarge', 'availability_zone': 'us-west-2d', 'num_instances': 1, 'T3': np.float64(25.0)}, {'instance_type': 'c7a.32xlarge', 'availability_zone': 'us-west-2d', 'num_instances': 2, 'T3': np.float64(5.0)}, {'instance_type': 'c7g.16xlarge', 'availability_zone': 'us-west-2c', 'num_instances': 1, 'T3': np.float64(50.0)}, {'instance_type': 'c8g.48xlarge', 'availability_zone': 'us-west-2a', 'num_instances': 2, 'T3': np.float64(5.0)}, {'instance_type': 'c8g.48xlarge', 'availability_zone': 'us-west-2d', 'num_instances': 3, 'T3': np.float64(1.0)}, {'instance_type': 'm7g.12xlarge', 'availability_zone': 'us-west-2d', 'num_instances': 1, 'T3': np.float64(35.0)}, {'instance_type': 'm8g.24xlarge', 'availability_zone': 'us-west-2d', 'num_instances': 2, 'T3': np.float64(5.0)}]}","{'performance': 33558593.68148601, 'cost': 27.388099999999998, 'actual_pods': 1000.0, 'excess_pods': 0.0, 'efficiency': 1225.2983478768522, 'nodepool': [{'instance_type': 'c5a.large', 'availability_zone': 'us-west-2d', 'num_instances': 2, 'T3': 50.0}, {'instance_type': 'c6a.12xlarge', 'availability_zone': 'us-west-2c', 'num_instances': 6, 'T3': 15.0}, {'instance_type': 'c6a.16xlarge', 'availability_zone': 'us-west-2b', 'num_instances': 4, 'T3': 10.0}, {'instance_type': 'c6a.24xlarge', 'availability_zone': 'us-west-2a', 'num_instances': 2, 'T3': 5.0}, {'instance_type': 'c6a.24xlarge', 'availability_zone': 'us-west-2c', 'num_instances': 2, 'T3': 5.0}, {'instance_type': 'c6a.2xlarge', 'availability_zone': 'us-west-2b', 'num_instances': 20, 'T3': 50.0}, {'instance_type': 'c6a.48xlarge', 'availability_zone': 'us-west-2b', 'num_instances': 2, 'T3': 5.0}, {'instance_type': 'c6a.8xlarge', 'availability_zone': 'us-west-2d', 'num_instances': 2, 'T3': 5.0}, {'instance_type': 'c6a.large', 'availability_zone': 'us-west-2a', 'num_instances': 20, 'T3': 50.0}, {'instance_type': 'c6a.large', 'availability_zone': 'us-west-2b', 'num_instances': 20, 'T3': 50.0}, {'instance_type': 'c6a.large', 'availability_zone': 'us-west-2c', 'num_instances': 20, 'T3': 50.0}, {'instance_type': 'c6a.large', 'availability_zone': 'us-west-2d', 'num_instances': 20, 'T3': 50.0}, {'instance_type': 'c6a.xlarge', 'availability_zone': 'us-west-2b', 'num_instances': 20, 'T3': 50.0}, {'instance_type': 'c6a.xlarge', 'availability_zone': 'us-west-2d', 'num_instances': 20, 'T3': 50.0}, {'instance_type': 'c7i-flex.large', 'availability_zone': 'us-west-2d', 'num_instances': 14, 'T3': 35.0}, {'instance_type': 'c7i-flex.xlarge', 'availability_zone': 'us-west-2d', 'num_instances': 4, 'T3': 10.0}, {'instance_type': 'c7i.24xlarge', 'availability_zone': 'us-west-2d', 'num_instances': 1, 'T3': 5.0}]}",us-west-2
2025-08-20 06:30:00+09:00,115,4,2,"{'performance': np.float64(3376299.6856320007), 'cost': np.float64(6.2565), 'assignable_pod': np.float64(120.0), 'excess_pod': np.float64(5.0), 'efficiency': np.float64(4497.055975961001), 'nodepool': [{'instance_type': 'c8g.48xlarge', 'availability_zone': 'us-west-2d', 'num_instances': 2, 'T3': np.float64(1.0)}, {'instance_type': 'm8g.24xlarge', 'availability_zone': 'us-west-2d', 'num_instances': 1, 'T3': np.float64(1.0)}]}","{'performance': 3877521.8157292, 'cost': 6.3769, 'actual_pods': 115.0, 'excess_pods': 0.0, 'efficiency': 5287.45644534819, 'nodepool': [{'instance_type': 'c6a.16xlarge', 'availability_zone': 'us-west-2b', 'num_instances': 2, 'T3': 5.0}, {'instance_type': 'c6a.2xlarge', 'availability_zone': 'us-west-2b', 'num_instances': 20, 'T3': 50.0}, {'instance_type': 'c6a.4xlarge', 'availability_zone': 'us-west-2d', 'num_instances': 1, 'T3': 10.0}, {'instance_type': 'c6a.xlarge', 'availability_zone': 'us-west-2b', 'num_instances': 20, 'T3': 50.0}, {'instance_type': 'c6a.xlarge', 'availability_zone': 'us-west-2d', 'num_instances': 14, 'T3': 35.0}, {'instance_type': 'c7i-flex.xlarge', 'availability_zone': 'us-west-2d', 'num_instances': 4, 'T3': 10.0}, {'instance_type': 'm6a.xlarge', 'availability_zone': 'us-west-2d', 'num_instances': 1, 'T3': 50.0}]}",us-west-2
2025-08-20 06:30:00+09:00,1000,1,1,"{'performance': np.float64(22372753.638528004), 'cost': np.float64(10.6807), 'assignable_pod': np.float64(816.0), 'excess_pod': np.float64(-184.0), 'efficiency': np.float64(2567.0218471911135), 'nodepool': [{'instance_type': 'c6gd.12xlarge', 'availability_zone': 'us-west-2d', 'num_instances': 1, 'T3': np.float64(25.0)}, {'instance_type': 'c8g.48xlarge', 'availability_zone': 'us-west-2d', 'num_instances': 2, 'T3': np.float64(1.0)}, {'instance_type': 'm8g.48xlarge', 'availability_zone': 'us-west-2d', 'num_instances': 2, 'T3': np.float64(5.0)}]}","{'performance': 25377675.46236041, 'cost': 8.999200000000002, 'actual_pods': 1000.0, 'excess_pods': 0.0, 'efficiency': 2819.992384029736, 'nodepool': [{'instance_type': 'c6a.2xlarge', 'availability_zone': 'us-west-2b', 'num_instances': 14, 'T3': 50.0}, {'instance_type': 'c6a.large', 'availability_zone': 'us-west-2a', 'num_instances': 20, 'T3': 50.0}, {'instance_type': 'c6a.large', 'availability_zone': 'us-west-2b', 'num_instances': 20, 'T3': 50.0}, {'instance_type': 'c6a.large', 'availability_zone': 'us-west-2c', 'num_instances': 20, 'T3': 50.0}, {'instance_type': 'c6a.large', 'availability_zone': 'us-west-2d', 'num_instances': 20, 'T3': 50.0}, {'instance_type': 'c6a.xlarge', 'availability_zone': 'us-west-2b', 'num_instances': 20, 'T3': 50.0}, {'instance_type': 'c6a.xlarge', 'availability_zone': 'us-west-2d', 'num_instances': 14, 'T3': 35.0}, {'instance_type': 'c7g.medium', 'availability_zone': 'us-west-2a', 'num_instances': 20, 'T3': 50.0}, {'instance_type': 'c7g.medium', 'availability_zone': 'us-west-2d', 'num_instances': 20, 'T3': 50.0}, {'instance_type': 'c7i-flex.large', 'availability_zone': 'us-west-2d', 'num_instances': 16, 'T3': 40.0}, {'instance_type': 'c7i-flex.xlarge', 'availability_zone': 'us-west-2d', 'num_instances': 4, 'T3': 10.0}, {'instance_type': 'c8g.medium', 'availability_zone': 'us-west-2b', 'num_instances': 10, 'T3': 25.0}, {'instance_type': 't2.micro', 'availability_zone': 'us-west-2a', 'num_instances': 20, 'T3': 50.0}, {'instance_type': 't2.micro', 'availability_zone': 'us-west-2b', 'num_instances': 20, 'T3': 50.0}, {'instance_type': 't2.micro', 'availability_zone': 'us-west-2c', 'num_instances': 20, 'T3': 50.0}, {'instance_type': 't2.small', 'availability_zone': 'us-west-2a', 'num_instances': 20, 'T3': 50.0}, {'instance_type': 't2.small', 'availability_zone': 'us-west-2b', 'num_instances': 20, 'T3': 50.0}, {'instance_type': 't2.small', 'availability_zone': 'us-west-2c', 'num_instances': 20, 'T3': 50.0}, {'instance_type': 't3.micro', 'availability_zone': 'us-west-2a', 'num_instances': 20, 'T3': 50.0}, {'instance_type': 't3.micro', 'availability_zone': 'us-west-2b', 'num_instances': 20, 'T3': 50.0}, {'instance_type': 't3.micro', 'availability_zone': 'us-west-2c', 'num_instances': 20, 'T3': 50.0}, {'instance_type': 't3.micro', 'availability_zone': 'us-west-2d', 'num_instances': 20, 'T3': 50.0}, {'instance_type': 't3.small', 'availability_zone': 'us-west-2a', 'num_instances': 20, 'T3': 50.0}, {'instance_type': 't3.small', 'availability_zone': 'us-west-2b', 'num_instances': 20, 'T3': 50.0}, {'instance_type': 't3.small', 'availability_zone': 'us-west-2c', 'num_instances': 20, 'T3': 50.0}, {'instance_type': 't3.small', 'availability_zone': 'us-west-2d', 'num_instances': 20, 'T3': 50.0}, {'instance_type': 't3a.micro', 'availability_zone': 'us-west-2a', 'num_instances': 20, 'T3': 50.0}, {'instance_type': 't3a.micro', 'availability_zone': 'us-west-2b', 'num_instances': 2, 'T3': 5.0}, {'instance_type': 't3a.micro', 'availability_zone': 'us-west-2c', 'num_instances': 14, 'T3': 35.0}, {'instance_type': 't3a.micro', 'availability_zone': 'us-west-2d', 'num_instances': 20, 'T3': 50.0}, {'instance_type': 't3a.small', 'availability_zone': 'us-west-2a', 'num_instances': 20, 'T3': 50.0}, {'instance_type': 't3a.small', 'availability_zone': 'us-west-2c', 'num_instances': 20, 'T3': 50.0}, {'instance_type': 't4g.micro', 'availability_zone': 'us-west-2a', 'num_instances': 20, 'T3': 50.0}, {'instance_type': 't4g.micro', 'availability_zone': 'us-west-2b', 'num_instances': 12, 'T3': 30.0}, {'instance_type': 't4g.micro', 'availability_zone': 'us-west-2c', 'num_instances': 20, 'T3': 50.0}, {'instance_type': 't4g.micro', 'availability_zone': 'us-west-2d', 'num_instances': 6, 'T3': 15.0}, {'instance_type': 't4g.small', 'availability_zone': 'us-west-2a', 'num_instances': 20, 'T3': 50.0}, {'instance_type': 't4g.small', 'availability_zone': 'us-west-2c', 'num_instances': 20, 'T3': 50.0}, {'instance_type': 't4g.small', 'availability_zone': 'us-west-2d', 'num_instances': 20, 'T3': 50.0}]}",us-west-2
2025-08-20 02:30:00+09:00,115,4,2,"{'performance': np.float64(3376299.6856320007), 'cost': np.float64(6.2476), 'assignable_pod': np.float64(120.0), 'excess_pod': np.float64(5.0), 'efficiency': np.float64(4503.4622436775735), 'nodepool': [{'instance_type': 'c8g.48xlarge', 'availability_zone': 'us-west-2d', 'num_instances': 2, 'T3': np.float64(1.0)}, {'instance_type': 'm8g.24xlarge', 'availability_zone': 'us-west-2d', 'num_instances': 1, 'T3': np.float64(1.0)}]}","{'performance': 3875842.7129079998, 'cost': 6.3562, 'actual_pods': 115.0, 'excess_pods': 0.0, 'efficiency': 5302.378797432974, 'nodepool': [{'instance_type': 'c6a.16xlarge', 'availability_zone': 'us-west-2b', 'num_instances': 2, 'T3': 5.0}, {'instance_type': 'c6a.2xlarge', 'availability_zone': 'us-west-2b', 'num_instances': 20, 'T3': 50.0}, {'instance_type': 'c6a.4xlarge', 'availability_zone': 'us-west-2d', 'num_instances': 1, 'T3': 15.0}, {'instance_type': 'c6a.xlarge', 'availability_zone': 'us-west-2b', 'num_instances': 20, 'T3': 50.0}, {'instance_type': 'c6a.xlarge', 'availability_zone': 'us-west-2d', 'num_instances': 16, 'T3': 40.0}, {'instance_type': 'c7i-flex.xlarge', 'availability_zone': 'us-west-2d', 'num_instances': 2, 'T3': 5.0}, {'instance_type': 'm6a.xlarge', 'availability_zone': 'us-west-2d', 'num_instances': 1, 'T3': 50.0}]}",us-west-2
2025-08-20 02:30:00+09:00,1000,1,1,"{'performance': np.float64(24227083.730688002), 'cost': np.float64(11.725200000000001), 'assignable_pod': np.float64(864.0), 'excess_pod': np.float64(-136.0), 'efficiency': np.float64(2391.4821213947544), 'nodepool': [{'instance_type': 'c8g.48xlarge', 'availability_zone': 'us-west-2d', 'num_instances': 2, 'T3': np.float64(1.0)}, {'instance_type': 'm8g.24xlarge', 'availability_zone': 'us-west-2d', 'num_instances': 1, 'T3': np.float64(1.0)}, {'instance_type': 'm8g.48xlarge', 'availability_zone': 'us-west-2d', 'num_instances': 2, 'T3': np.float64(5.0)}]}","{'performance': 25876692.124299604, 'cost': 9.237799999999998, 'actual_pods': 1000.0, 'excess_pods': 0.0, 'efficiency': 2801.174752029662, 'nodepool': [{'instance_type': 'c6a.2xlarge', 'availability_zone': 'us-west-2b', 'num_instances': 20, 'T3': 50.0}, {'instance_type': 'c6a.large', 'availability_zone': 'us-west-2a', 'num_instances': 20, 'T3': 50.0}, {'instance_type': 'c6a.large', 'availability_zone': 'us-west-2b', 'num_instances': 20, 'T3': 50.0}, {'instance_type': 'c6a.large', 'availability_zone': 'us-west-2c', 'num_instances': 20, 'T3': 50.0}, {'instance_type': 'c6a.large', 'availability_zone': 'us-west-2d', 'num_instances': 20, 'T3': 50.0}, {'instance_type': 'c6a.xlarge', 'availability_zone': 'us-west-2b', 'num_instances': 20, 'T3': 50.0}, {'instance_type': 'c6a.xlarge', 'availability_zone': 'us-west-2d', 'num_instances': 16, 'T3': 40.0}, {'instance_type': 'c7g.medium', 'availability_zone': 'us-west-2a', 'num_instances': 20, 'T3': 50.0}, {'instance_type': 'c7g.medium', 'availability_zone': 'us-west-2d', 'num_instances': 20, 'T3': 50.0}, {'instance_type': 'c7i-flex.large', 'availability_zone': 'us-west-2d', 'num_instances': 8, 'T3': 20.0}, {'instance_type': 'c7i-flex.xlarge', 'availability_zone': 'us-west-2d', 'num_instances': 2, 'T3': 5.0}, {'instance_type': 'c8g.medium', 'availability_zone': 'us-west-2b', 'num_instances': 10, 'T3': 25.0}, {'instance_type': 't2.micro', 'availability_zone': 'us-west-2a', 'num_instances': 20, 'T3': 50.0}, {'instance_type': 't2.micro', 'availability_zone': 'us-west-2b', 'num_instances': 20, 'T3': 50.0}, {'instance_type': 't2.micro', 'availability_zone': 'us-west-2c', 'num_instances': 20, 'T3': 50.0}, {'instance_type': 't2.small', 'availability_zone': 'us-west-2a', 'num_instances': 20, 'T3': 50.0}, {'instance_type': 't2.small', 'availability_zone': 'us-west-2b', 'num_instances': 20, 'T3': 50.0}, {'instance_type': 't2.small', 'availability_zone': 'us-west-2c', 'num_instances': 20, 'T3': 50.0}, {'instance_type': 't3.micro', 'availability_zone': 'us-west-2a', 'num_instances': 20, 'T3': 50.0}, {'instance_type': 't3.micro', 'availability_zone': 'us-west-2b', 'num_instances': 20, 'T3': 50.0}, {'instance_type': 't3.micro', 'availability_zone': 'us-west-2c', 'num_instances': 20, 'T3': 50.0}, {'instance_type': 't3.micro', 'availability_zone': 'us-west-2d', 'num_instances': 20, 'T3': 50.0}, {'instance_type': 't3.small', 'availability_zone': 'us-west-2a', 'num_instances': 20, 'T3': 50.0}, {'instance_type': 't3.small', 'availability_zone': 'us-west-2b', 'num_instances': 20, 'T3': 50.0}, {'instance_type': 't3.small', 'availability_zone': 'us-west-2c', 'num_instances': 20, 'T3': 50.0}, {'instance_type': 't3.small', 'availability_zone': 'us-west-2d', 'num_instances': 20, 'T3': 50.0}, {'instance_type': 't3a.micro', 'availability_zone': 'us-west-2a', 'num_instances': 20, 'T3': 50.0}, {'instance_type': 't3a.micro', 'availability_zone': 'us-west-2b', 'num_instances': 2, 'T3': 5.0}, {'instance_type': 't3a.micro', 'availability_zone': 'us-west-2c', 'num_instances': 12, 'T3': 30.0}, {'instance_type': 't3a.micro', 'availability_zone': 'us-west-2d', 'num_instances': 20, 'T3': 50.0}, {'instance_type': 't3a.small', 'availability_zone': 'us-west-2a', 'num_instances': 14, 'T3': 50.0}, {'instance_type': 't4g.micro', 'availability_zone': 'us-west-2a', 'num_instances': 18, 'T3': 45.0}, {'instance_type': 't4g.micro', 'availability_zone': 'us-west-2b', 'num_instances': 8, 'T3': 20.0}, {'instance_type': 't4g.micro', 'availability_zone': 'us-west-2c', 'num_instances': 20, 'T3': 50.0}, {'instance_type': 't4g.micro', 'availability_zone': 'us-west-2d', 'num_instances': 8, 'T3': 20.0}, {'instance_type': 't4g.small', 'availability_zone': 'us-west-2a', 'num_instances': 20, 'T3': 50.0}, {'instance_type': 't4g.small', 'availability_zone': 'us-west-2c', 'num_instances': 20, 'T3': 50.0}, {'instance_type': 't4g.small', 'availability_zone': 'us-west-2d', 'num_instances': 20, 'T3': 50.0}]}",us-west-2
2025-08-22 11:30:00+09:00,1000,1,4,"{'performance': np.float64(26075229.2687584), 'cost': np.float64(18.3793), 'assignable_pod': np.float64(1000.0), 'excess_pod': np.float64(0.0), 'efficiency': np.float64(1418.7280945824052), 'nodepool': [{'instance_type': 'c8g.48xlarge', 'availability_zone': 'us-west-2d', 'num_instances': 1, 'T3': np.float64(1.0)}, {'instance_type': 'm7g.12xlarge', 'availability_zone': 'us-west-2d', 'num_instances': 1, 'T3': np.float64(35.0)}, {'instance_type': 'm7g.16xlarge', 'availability_zone': 'us-west-2d', 'num_instances': 1, 'T3': np.float64(50.0)}, {'instance_type': 'm8g.48xlarge', 'availability_zone': 'us-west-2d', 'num_instances': 3, 'T3': np.float64(5.0)}, {'instance_type': 'r7g.16xlarge', 'availability_zone': 'us-west-2b', 'num_instances': 1, 'T3': np.float64(50.0)}, {'instance_type': 'r7g.4xlarge', 'availability_zone': 'us-west-2a', 'num_instances': 1, 'T3': np.float64(50.0)}, {'instance_type': 't3.2xlarge', 'availability_zone': 'us-west-2d', 'num_instances': 1, 'T3': np.float64(50.0)}, {'instance_type': 'x1.32xlarge', 'availability_zone': 'us-west-2c', 'num_instances': 1, 'T3': np.float64(1.0)}]}","{'performance': 30536469.753091205, 'cost': 14.656099999999999, 'actual_pods': 1000.0, 'excess_pods': 0.0, 'efficiency': 2083.533119526423, 'nodepool': [{'instance_type': 'm6a.12xlarge', 'availability_zone': 'us-west-2a', 'num_instances': 2, 'T3': 5.0}, {'instance_type': 'm6a.12xlarge', 'availability_zone': 'us-west-2b', 'num_instances': 2, 'T3': 5.0}, {'instance_type': 'm6a.12xlarge', 'availability_zone': 'us-west-2c', 'num_instances': 2, 'T3': 5.0}, {'instance_type': 'm6a.xlarge', 'availability_zone': 'us-west-2d', 'num_instances': 20, 'T3': 50.0}, {'instance_type': 'm7a.medium', 'availability_zone': 'us-west-2d', 'num_instances': 20, 'T3': 50.0}, {'instance_type': 'm7g.metal', 'availability_zone': 'us-west-2d', 'num_instances': 4, 'T3': 10.0}, {'instance_type': 'm7i-flex.large', 'availability_zone': 'us-west-2a', 'num_instances': 20, 'T3': 50.0}, {'instance_type': 'm7i-flex.large', 'availability_zone': 'us-west-2c', 'num_instances': 20, 'T3': 50.0}, {'instance_type': 'm7i-flex.large', 'availability_zone': 'us-west-2d', 'num_instances': 20, 'T3': 50.0}, {'instance_type': 'm7i-flex.xlarge', 'availability_zone': 'us-west-2d', 'num_instances': 11, 'T3': 30.0}, {'instance_type': 'm8g.16xlarge', 'availability_zone': 'us-west-2b', 'num_instances': 3, 'T3': 50.0}]}",us-west-2
2025-08-19 22:20:00+09:00,439,1,9,"{'performance': np.float64(9878366.2661168), 'cost': np.float64(14.2653), 'assignable_pod': np.float64(461.0), 'excess_pod': np.float64(22.0), 'efficiency': np.float64(1502.115370213658), 'nodepool': [{'instance_type': 'i8g.24xlarge', 'availability_zone': 'us-west-2c', 'num_instances': 1, 'T3': np.float64(1.0)}, {'instance_type': 'r6g.12xlarge', 'availability_zone': 'us-west-2a', 'num_instances': 1, 'T3': np.float64(50.0)}, {'instance_type': 'r7g.4xlarge', 'availability_zone': 'us-west-2a', 'num_instances': 1, 'T3': np.float64(50.0)}, {'instance_type': 'x1.32xlarge', 'availability_zone': 'us-west-2c', 'num_instances': 2, 'T3': np.float64(5.0)}, {'instance_type': 'x2gd.16xlarge', 'availability_zone': 'us-west-2a', 'num_instances': 1, 'T3': np.float64(35.0)}]}","{'performance': 14744323.140882995, 'cost': 9.7135, 'actual_pods': 439.0, 'excess_pods': 0.0, 'efficiency': 3457.6782309483315, 'nodepool': [{'instance_type': 'r6a.12xlarge', 'availability_zone': 'us-west-2a', 'num_instances': 1, 'T3': 5.0}, {'instance_type': 'r6a.16xlarge', 'availability_zone': 'us-west-2c', 'num_instances': 1, 'T3': 15.0}, {'instance_type': 'r6a.48xlarge', 'availability_zone': 'us-west-2c', 'num_instances': 2, 'T3': 5.0}, {'instance_type': 'x8g.medium', 'availability_zone': 'us-west-2b', 'num_instances': 1, 'T3': 20.0}]}",us-west-2
2025-08-23 07:20:00+09:00,439,1,9,"{'performance': np.float64(13098632.5935396), 'cost': np.float64(15.0236), 'assignable_pod': np.float64(469.0), 'excess_pod': np.float64(30.0), 'efficiency': np.float64(1858.9987848456876), 'nodepool': [{'instance_type': 'm8g.48xlarge', 'availability_zone': 'us-west-2d', 'num_instances': 1, 'T3': np.float64(5.0)}, {'instance_type': 'x8g.48xlarge', 'availability_zone': 'us-west-2c', 'num_instances': 2, 'T3': np.float64(1.0)}]}","{'performance': 13809120.574696599, 'cost': 10.3011, 'actual_pods': 439.0, 'excess_pods': 0.0, 'efficiency': 3053.6404387130383, 'nodepool': [{'instance_type': 'r6a.12xlarge', 'availability_zone': 'us-west-2a', 'num_instances': 2, 'T3': 5.0}, {'instance_type': 'r6a.16xlarge', 'availability_zone': 'us-west-2b', 'num_instances': 2, 'T3': 5.0}, {'instance_type': 'r6a.xlarge', 'availability_zone': 'us-west-2d', 'num_instances': 1, 'T3': 30.0}, {'instance_type': 'r8g.48xlarge', 'availability_zone': 'us-west-2d', 'num_instances': 1, 'T3': 5.0}, {'instance_type': 'r8g.4xlarge', 'availability_zone': 'us-west-2c', 'num_instances': 1, 'T3': 10.0}, {'instance_type': 'r8g.8xlarge', 'availability_zone': 'us-west-2c', 'num_instances': 2, 'T3': 5.0}]}",us-west-2
2025-08-20 06:20:00+09:00,439,1,9,"{'performance': np.float64(12047927.5399962), 'cost': np.float64(13.5184), 'assignable_pod': np.float64(447.0), 'excess_pod': np.float64(8.0), 'efficiency': np.float64(1993.790539657904), 'nodepool': [{'instance_type': 'm7g.12xlarge', 'availability_zone': 'us-west-2d', 'num_instances': 1, 'T3': np.float64(40.0)}, {'instance_type': 'r6g.12xlarge', 'availability_zone': 'us-west-2a', 'num_instances': 1, 'T3': np.float64(50.0)}, {'instance_type': 'x8g.48xlarge', 'availability_zone': 'us-west-2a', 'num_instances': 1, 'T3': np.float64(1.0)}, {'instance_type': 'x8g.48xlarge', 'availability_zone': 'us-west-2c', 'num_instances': 1, 'T3': np.float64(1.0)}]}","{'performance': 14868820.0073634, 'cost': 10.441, 'actual_pods': 439.0, 'excess_pods': 0.0, 'efficiency': 3243.918154132462, 'nodepool': [{'instance_type': 'r6a.12xlarge', 'availability_zone': 'us-west-2a', 'num_instances': 1, 'T3': 5.0}, {'instance_type': 'r6a.16xlarge', 'availability_zone': 'us-west-2a', 'num_instances': 2, 'T3': 5.0}, {'instance_type': 'r6a.16xlarge', 'availability_zone': 'us-west-2b', 'num_instances': 2, 'T3': 5.0}, {'instance_type': 'r6a.24xlarge', 'availability_zone': 'us-west-2b', 'num_instances': 2, 'T3': 5.0}, {'instance_type': 'r6a.xlarge', 'availability_zone': 'us-west-2d', 'num_instances': 1, 'T3': 15.0}]}",us-west-2
2025-08-20 06:20:00+09:00,1000,1,4,"{'performance': np.float64(31551898.508273598), 'cost': np.float64(25.340700000000002), 'assignable_pod': np.float64(1092.0), 'excess_pod': np.float64(92.0), 'efficiency': np.float64(1140.2084375187544), 'nodepool': [{'instance_type': 'i7i.48xlarge', 'availability_zone': 'us-west-2d', 'num_instances': 1, 'T3': np.float64(15.0)}, {'instance_type': 'm7g.8xlarge', 'availability_zone': 'us-west-2d', 'num_instances': 1, 'T3': np.float64(15.0)}, {'instance_type': 'm7g.xlarge', 'availability_zone': 'us-west-2c', 'num_instances': 1, 'T3': np.float64(50.0)}, {'instance_type': 'm8g.24xlarge', 'availability_zone': 'us-west-2d', 'num_instances': 1, 'T3': np.float64(1.0)}, {'instance_type': 'm8g.48xlarge', 'availability_zone': 'us-west-2d', 'num_instances': 2, 'T3': np.float64(5.0)}, {'instance_type': 'x8g.48xlarge', 'availability_zone': 'us-west-2c', 'num_instances': 2, 'T3': np.float64(1.0)}]}","{'performance': 31407170.45220241, 'cost': 14.774200000000002, 'actual_pods': 1000.0, 'excess_pods': 0.0, 'efficiency': 2125.8119188993246, 'nodepool': [{'instance_type': 'm6a.12xlarge', 'availability_zone': 'us-west-2a', 'num_instances': 4, 'T3': 10.0}, {'instance_type': 'm6a.12xlarge', 'availability_zone': 'us-west-2b', 'num_instances': 2, 'T3': 5.0}, {'instance_type': 'm6a.12xlarge', 'availability_zone': 'us-west-2c', 'num_instances': 4, 'T3': 10.0}, {'instance_type': 'm6a.xlarge', 'availability_zone': 'us-west-2d', 'num_instances': 20, 'T3': 50.0}, {'instance_type': 'm7a.medium', 'availability_zone': 'us-west-2d', 'num_instances': 20, 'T3': 50.0}, {'instance_type': 'm7g.metal', 'availability_zone': 'us-west-2a', 'num_instances': 2, 'T3': 5.0}, {'instance_type': 'm7g.metal', 'availability_zone': 'us-west-2d', 'num_instances': 2, 'T3': 5.0}, {'instance_type': 'm7i-flex.large', 'availability_zone': 'us-west-2a', 'num_instances': 20, 'T3': 50.0}, {'instance_type': 'm7i-flex.large', 'availability_zone': 'us-west-2b', 'num_instances': 6, 'T3': 50.0}, {'instance_type': 'm7i-flex.large', 'availability_zone': 'us-west-2c', 'num_instances': 20, 'T3': 50.0}, {'instance_type': 'm7i-flex.large', 'availability_zone': 'us-west-2d', 'num_instances': 20, 'T3': 50.0}, {'instance_type': 'm7i-flex.xlarge', 'availability_zone': 'us-west-2d', 'num_instances': 8, 'T3': 20.0}]}",us-west-2
2025-08-20 06:20:00+09:00,1000,2,2,"{'performance': np.float64(28568126.9702912), 'cost': np.float64(27.882600000000004), 'assignable_pod': np.float64(1016.0), 'excess_pod': np.float64(16.0), 'efficiency': np.float64(1008.4509768450404), 'nodepool': [{'instance_type': 'c6gd.12xlarge', 'availability_zone': 'us-west-2d', 'num_instances': 1, 'T3': np.float64(25.0)}, {'instance_type': 'c6gd.8xlarge', 'availability_zone': 'us-west-2d', 'num_instances': 1, 'T3': np.float64(30.0)}, {'instance_type': 'c7a.32xlarge', 'availability_zone': 'us-west-2d', 'num_instances': 1, 'T3': np.float64(5.0)}, {'instance_type': 'c8g.48xlarge', 'availability_zone': 'us-west-2d', 'num_instances': 4, 'T3': np.float64(1.0)}, {'instance_type': 'm8g.24xlarge', 'availability_zone': 'us-west-2d', 'num_instances': 1, 'T3': np.float64(1.0)}, {'instance_type': 'm8g.48xlarge', 'availability_zone': 'us-west-2d', 'num_instances': 5, 'T3': np.float64(5.0)}]}","{'performance': 33734477.95288079, 'cost': 28.708999999999996, 'actual_pods': 1000.0, 'excess_pods': 0.0, 'efficiency': 1175.0488680511614, 'nodepool': [{'instance_type': 'c5a.large', 'availability_zone': 'us-west-2d', 'num_instances': 20, 'T3': 50.0}, {'instance_type': 'c6a.12xlarge', 'availability_zone': 'us-west-2b', 'num_instances': 2, 'T3': 5.0}, {'instance_type': 'c6a.12xlarge', 'availability_zone': 'us-west-2c', 'num_instances': 2, 'T3': 5.0}, {'instance_type': 'c6a.16xlarge', 'availability_zone': 'us-west-2a', 'num_instances': 2, 'T3': 5.0}, {'instance_type': 'c6a.16xlarge', 'availability_zone': 'us-west-2b', 'num_instances': 2, 'T3': 5.0}, {'instance_type': 'c6a.2xlarge', 'availability_zone': 'us-west-2a', 'num_instances': 20, 'T3': 50.0}, {'instance_type': 'c6a.2xlarge', 'availability_zone': 'us-west-2b', 'num_instances': 20, 'T3': 50.0}, {'instance_type': 'c6a.4xlarge', 'availability_zone': 'us-west-2d', 'num_instances': 4, 'T3': 10.0}, {'instance_type': 'c6a.8xlarge', 'availability_zone': 'us-west-2d', 'num_instances': 2, 'T3': 5.0}, {'instance_type': 'c6a.large', 'availability_zone': 'us-west-2a', 'num_instances': 20, 'T3': 50.0}, {'instance_type': 'c6a.large', 'availability_zone': 'us-west-2b', 'num_instances': 20, 'T3': 50.0}, {'instance_type': 'c6a.large', 'availability_zone': 'us-west-2c', 'num_instances': 20, 'T3': 50.0}, {'instance_type': 'c6a.large', 'availability_zone': 'us-west-2d', 'num_instances': 20, 'T3': 50.0}, {'instance_type': 'c6a.xlarge', 'availability_zone': 'us-west-2b', 'num_instances': 20, 'T3': 50.0}, {'instance_type': 'c6a.xlarge', 'availability_zone': 'us-west-2d', 'num_instances': 14, 'T3': 35.0}, {'instance_type': 'c7i-flex.large', 'availability_zone': 'us-west-2c', 'num_instances': 20, 'T3': 50.0}, {'instance_type': 'c7i-flex.large', 'availability_zone': 'us-west-2d', 'num_instances': 16, 'T3': 40.0}, {'instance_type': 'c7i-flex.xlarge', 'availability_zone': 'us-west-2d', 'num_instances': 4, 'T3': 10.0}, {'instance_type': 'c7i.16xlarge', 'availability_zone': 'us-west-2d', 'num_instances': 4, 'T3': 20.0}, {'instance_type': 'c7i.24xlarge', 'availability_zone': 'us-west-2d', 'num_instances': 4, 'T3': 10.0}, {'instance_type': 'm7i-flex.large', 'availability_zone': 'us-west-2a', 'num_instances': 20, 'T3': 50.0}]}",us-west-2
2025-08-20 02:20:00+09:00,287,1,6,"{'performance': np.float64(8936611.0011648), 'cost': np.float64(8.541), 'assignable_pod': np.float64(320.0), 'excess_pod': np.float64(33.0), 'efficiency': np.float64(3269.7470294625923), 'nodepool': [{'instance_type': 'm8g.48xlarge', 'availability_zone': 'us-west-2d', 'num_instances': 1, 'T3': np.float64(5.0)}, {'instance_type': 'x8g.48xlarge', 'availability_zone': 'us-west-2c', 'num_instances': 1, 'T3': np.float64(1.0)}]}","{'performance': 9397953.015979799, 'cost': 5.480299999999999, 'actual_pods': 287.0, 'excess_pods': 0.0, 'efficiency': 5975.125612086141, 'nodepool': [{'instance_type': 'r6a.48xlarge', 'availability_zone': 'us-west-2b', 'num_instances': 1, 'T3': 5.0}, {'instance_type': 'r6a.large', 'availability_zone': 'us-west-2a', 'num_instances': 3, 'T3': 50.0}, {'instance_type': 'r6a.large', 'availability_zone': 'us-west-2d', 'num_instances': 20, 'T3': 50.0}, {'instance_type': 'r6a.xlarge', 'availability_zone': 'us-west-2d', 'num_instances': 6, 'T3': 15.0}, {'instance_type': 'r7g.medium', 'availability_zone': 'us-west-2d', 'num_instances': 13, 'T3': 35.0}, {'instance_type': 'r8g.medium', 'availability_zone': 'us-west-2d', 'num_instances': 12, 'T3': 30.0}]}",us-west-2
2025-08-20 02:20:00+09:00,439,1,9,"{'performance': np.float64(10389788.2056448), 'cost': np.float64(14.3398), 'assignable_pod': np.float64(448.0), 'excess_pod': np.float64(9.0), 'efficiency': np.float64(1617.281379827971), 'nodepool': [{'instance_type': 'x1.32xlarge', 'availability_zone': 'us-west-2c', 'num_instances': 2, 'T3': np.float64(5.0)}, {'instance_type': 'x8g.48xlarge', 'availability_zone': 'us-west-2c', 'num_instances': 1, 'T3': np.float64(1.0)}]}","{'performance': 14744323.140882995, 'cost': 9.8102, 'actual_pods': 439.0, 'excess_pods': 0.0, 'efficiency': 3423.5955940058934, 'nodepool': [{'instance_type': 'r6a.12xlarge', 'availability_zone': 'us-west-2a', 'num_instances': 1, 'T3': 5.0}, {'instance_type': 'r6a.16xlarge', 'availability_zone': 'us-west-2c', 'num_instances': 1, 'T3': 5.0}, {'instance_type': 'r6a.48xlarge', 'availability_zone': 'us-west-2b', 'num_instances': 2, 'T3': 5.0}, {'instance_type': 'x8g.medium', 'availability_zone': 'us-west-2b', 'num_instances': 1, 'T3': 20.0}]}",us-west-2
2025-08-20 02:20:00+09:00,1000,2,2,"{'performance': np.float64(26403599.544563204), 'cost': np.float64(24.8339), 'assignable_pod': np.float64(928.0), 'excess_pod': np.float64(-72.0), 'efficiency': np.float64(1145.6982061472982), 'nodepool': [{'instance_type': 'c7a.32xlarge', 'availability_zone': 'us-west-2d', 'num_instances': 1, 'T3': np.float64(5.0)}, {'instance_type': 'c8g.48xlarge', 'availability_zone': 'us-west-2d', 'num_instances': 5, 'T3': np.float64(1.0)}, {'instance_type': 'm8g.48xlarge', 'availability_zone': 'us-west-2d', 'num_instances': 4, 'T3': np.float64(5.0)}]}","{'performance': 33559313.0341376, 'cost': 28.446799999999996, 'actual_pods': 1000.0, 'excess_pods': 0.0, 'efficiency': 1179.7219031362968, 'nodepool': [{'instance_type': 'c5a.large', 'availability_zone': 'us-west-2d', 'num_instances': 20, 'T3': 50.0}, {'instance_type': 'c6a.12xlarge', 'availability_zone': 'us-west-2b', 'num_instances': 2, 'T3': 5.0}, {'instance_type': 'c6a.12xlarge', 'availability_zone': 'us-west-2c', 'num_instances': 4, 'T3': 10.0}, {'instance_type': 'c6a.16xlarge', 'availability_zone': 'us-west-2a', 'num_instances': 2, 'T3': 5.0}, {'instance_type': 'c6a.16xlarge', 'availability_zone': 'us-west-2b', 'num_instances': 2, 'T3': 5.0}, {'instance_type': 'c6a.2xlarge', 'availability_zone': 'us-west-2b', 'num_instances': 20, 'T3': 50.0}, {'instance_type': 'c6a.48xlarge', 'availability_zone': 'us-west-2d', 'num_instances': 2, 'T3': 5.0}, {'instance_type': 'c6a.4xlarge', 'availability_zone': 'us-west-2d', 'num_instances': 6, 'T3': 15.0}, {'instance_type': 'c6a.8xlarge', 'availability_zone': 'us-west-2d', 'num_instances': 2, 'T3': 5.0}, {'instance_type': 'c6a.large', 'availability_zone': 'us-west-2a', 'num_instances': 20, 'T3': 50.0}, {'instance_type': 'c6a.large', 'availability_zone': 'us-west-2b', 'num_instances': 20, 'T3': 50.0}, {'instance_type': 'c6a.large', 'availability_zone': 'us-west-2c', 'num_instances': 20, 'T3': 50.0}, {'instance_type': 'c6a.large', 'availability_zone': 'us-west-2d', 'num_instances': 20, 'T3': 50.0}, {'instance_type': 'c6a.xlarge', 'availability_zone': 'us-west-2b', 'num_instances': 20, 'T3': 50.0}, {'instance_type': 'c6a.xlarge', 'availability_zone': 'us-west-2d', 'num_instances': 16, 'T3': 40.0}, {'instance_type': 'c7i-flex.large', 'availability_zone': 'us-west-2c', 'num_instances': 12, 'T3': 50.0}, {'instance_type': 'c7i-flex.large', 'availability_zone': 'us-west-2d', 'num_instances': 8, 'T3': 20.0}, {'instance_type': 'c7i-flex.xlarge', 'availability_zone': 'us-west-2d', 'num_instances': 2, 'T3': 5.0}, {'instance_type': 'c7i.16xlarge', 'availability_zone': 'us-west-2d', 'num_instances': 2, 'T3': 10.0}, {'instance_type': 'c7i.24xlarge', 'availability_zone': 'us-west-2d', 'num_instances': 2, 'T3': 5.0}, {'instance_type': 'm7i-flex.large', 'availability_zone': 'us-west-2a', 'num_instances': 20, 'T3': 50.0}]}",us-west-2
2025-08-22 11:20:00+09:00,400,1,4,"{'performance': np.float64(13403030.029056001), 'cost': np.float64(10.1173), 'assignable_pod': np.float64(480.0), 'excess_pod': np.float64(80.0), 'efficiency': np.float64(2759.9240140353654), 'nodepool': [{'instance_type': 'c8g.48xlarge', 'availability_zone': 'us-west-2d', 'num_instances': 3, 'T3': np.float64(1.0)}, {'instance_type': 'm8g.48xlarge', 'availability_zone': 'us-west-2d', 'num_instances': 1, 'T3': np.float64(5.0)}]}","{'performance': 13614640.440916803, 'cost': 6.299900000000001, 'actual_pods': 400.0, 'excess_pods': 0.0, 'efficiency': 5402.720853075763, 'nodepool': [{'instance_type': 'i7ie.large', 'availability_zone': 'us-west-2d', 'num_instances': 6, 'T3': 15.0}, {'instance_type': 'm6a.12xlarge', 'availability_zone': 'us-west-2b', 'num_instances': 2, 'T3': 5.0}, {'instance_type': 'm6a.12xlarge', 'availability_zone': 'us-west-2c', 'num_instances': 1, 'T3': 5.0}, {'instance_type': 'm6a.xlarge', 'availability_zone': 'us-west-2d', 'num_instances': 20, 'T3': 50.0}, {'instance_type': 'm7a.medium', 'availability_zone': 'us-west-2d', 'num_instances': 20, 'T3': 50.0}, {'instance_type': 'm7i-flex.large', 'availability_zone': 'us-west-2a', 'num_instances': 20, 'T3': 50.0}, {'instance_type': 'm7i-flex.large', 'availability_zone': 'us-west-2c', 'num_instances': 20, 'T3': 50.0}, {'instance_type': 'm7i-flex.large', 'availability_zone': 'us-west-2d', 'num_instances': 20, 'T3': 50.0}, {'instance_type': 'm7i-flex.xlarge', 'availability_zone': 'us-west-2d', 'num_instances': 6, 'T3': 30.0}]}",us-west-2
