alpha,cost,performance,perf_per_cost,actual_pods,excess_pods,instance_types
0.0,2.8902669999999997,2253751,779772.8029970934,115,0,"{'D16pls_v5_US East_2': 13, 'D16pls_v5_US East_3': 15, 'D4pls_v5_US East_1': 3}"
0.01,2.8902669999999997,2253751,779772.8029970934,115,0,"{'D16pls_v5_US East_2': 13, 'D16pls_v5_US East_3': 15, 'D4pls_v5_US East_1': 3}"
0.02,2.8902669999999997,2253751,779772.8029970934,115,0,"{'D16pls_v5_US East_2': 13, 'D16pls_v5_US East_3': 15, 'D4pls_v5_US East_1': 3}"
0.03,2.8902669999999997,2253751,779772.8029970934,115,0,"{'D16pls_v5_US East_2': 13, 'D16pls_v5_US East_3': 15, 'D4pls_v5_US East_1': 3}"
0.04,2.8902669999999997,2253751,779772.8029970934,115,0,"{'D16pls_v5_US East_2': 13, 'D16pls_v5_US East_3': 15, 'D4pls_v5_US East_1': 3}"
0.05,2.8902669999999997,2253751,779772.8029970934,115,0,"{'D16pls_v5_US East_2': 13, 'D16pls_v5_US East_3': 15, 'D4pls_v5_US East_1': 3}"
0.06,2.8902669999999997,2253751,779772.8029970934,115,0,"{'D16pls_v5_US East_2': 13, 'D16pls_v5_US East_3': 15, 'D4pls_v5_US East_1': 3}"
0.07,2.8902669999999997,2253751,779772.8029970934,115,0,"{'D16pls_v5_US East_2': 13, 'D16pls_v5_US East_3': 15, 'D4pls_v5_US East_1': 3}"
0.08,2.8902669999999997,2253751,779772.8029970934,115,0,"{'D32pls_v5_US East_3': 14, 'D4pls_v5_US East_1': 3}"
0.09,2.8902669999999997,2253751,779772.8029970934,115,0,"{'D16pls_v5_US East_2': 13, 'D16pls_v5_US East_3': 15, 'D4pls_v5_US East_1': 3}"
0.1,2.8902669999999997,2253751,779772.8029970934,115,0,"{'D32pls_v5_US East_3': 14, 'D4pls_v5_US East_1': 3}"
0.11,2.8902669999999997,2253751,779772.8029970934,115,0,"{'D16pls_v5_US East_2': 13, 'D16pls_v5_US East_3': 15, 'D4pls_v5_US East_1': 3}"
0.12,2.8902669999999997,2253751,779772.8029970934,115,0,"{'D32pls_v5_US East_3': 14, 'D4pls_v5_US East_1': 3}"
0.13,2.8902669999999997,2253751,779772.8029970934,115,0,"{'D16pls_v5_US East_2': 13, 'D16pls_v5_US East_3': 15, 'D4pls_v5_US East_1': 3}"
0.14,2.8902669999999997,2253751,779772.8029970934,115,0,"{'D32pls_v5_US East_3': 14, 'D4pls_v5_US East_1': 3}"
0.15,2.8902669999999997,2253751,779772.8029970934,115,0,"{'D16pls_v5_US East_2': 13, 'D16pls_v5_US East_3': 15, 'D4pls_v5_US East_1': 3}"
0.16,2.8902669999999997,2253751,779772.8029970934,115,0,"{'D32pls_v5_US East_3': 14, 'D4pls_v5_US East_1': 3}"
0.17,2.8902669999999997,2253751,779772.8029970934,115,0,"{'D16pls_v5_US East_2': 13, 'D16pls_v5_US East_3': 15, 'D4pls_v5_US East_1': 3}"
0.18,2.8902669999999997,2253751,779772.8029970934,115,0,"{'D32pls_v5_US East_3': 14, 'D4pls_v5_US East_1': 3}"
0.19,2.8902669999999997,2253751,779772.8029970934,115,0,"{'D16pls_v5_US East_2': 13, 'D16pls_v5_US East_3': 15, 'D4pls_v5_US East_1': 3}"
0.2,2.8902669999999997,2253751,779772.8029970934,115,0,"{'D32pls_v5_US East_3': 14, 'D4pls_v5_US East_1': 3}"
0.21,2.8902669999999997,2253751,779772.8029970934,115,0,"{'D16pls_v5_US East_2': 13, 'D16pls_v5_US East_3': 15, 'D4pls_v5_US East_1': 3}"
0.22,2.8902669999999997,2253751,779772.8029970934,115,0,"{'D16pls_v5_US East_2': 13, 'D16pls_v5_US East_3': 15, 'D4pls_v5_US East_1': 3}"
0.23,3.623452,3686236,1017327.247608082,115,0,"{'D32als_v6_US East_2': 14, 'D4als_v6_US East_1': 3}"
0.24,3.623452,3686236,1017327.247608082,115,0,"{'D16als_v6_US East_2': 13, 'D16als_v6_US East_3': 15, 'D4als_v6_US East_1': 3}"
0.25,3.623452,3686236,1017327.247608082,115,0,"{'D16als_v6_US East_2': 13, 'D16als_v6_US East_3': 15, 'D4als_v6_US East_1': 3}"
0.26,3.623452,3686236,1017327.247608082,115,0,"{'D16als_v6_US East_2': 13, 'D16als_v6_US East_3': 15, 'D4als_v6_US East_1': 3}"
0.27,3.623452,3686236,1017327.247608082,115,0,"{'D32als_v6_US East_2': 14, 'D4als_v6_US East_1': 3}"
0.28,3.623452,3686236,1017327.247608082,115,0,"{'D16als_v6_US East_2': 13, 'D16als_v6_US East_3': 15, 'D4als_v6_US East_1': 3}"
0.29,3.623452,3686236,1017327.247608082,115,0,"{'D32als_v6_US East_2': 14, 'D4als_v6_US East_1': 3}"
0.3,3.623452,3686236,1017327.247608082,115,0,"{'D16als_v6_US East_2': 13, 'D16als_v6_US East_3': 15, 'D4als_v6_US East_1': 3}"
0.31,3.623452,3686236,1017327.247608082,115,0,"{'D32als_v6_US East_2': 14, 'D4als_v6_US East_1': 3}"
0.32,3.623452,3686236,1017327.247608082,115,0,"{'D16als_v6_US East_2': 13, 'D16als_v6_US East_3': 15, 'D4als_v6_US East_1': 3}"
0.33,3.623452,3686236,1017327.247608082,115,0,"{'D32als_v6_US East_2': 14, 'D4als_v6_US East_1': 3}"
0.34,3.623452,3686236,1017327.247608082,115,0,"{'D16als_v6_US East_2': 13, 'D16als_v6_US East_3': 15, 'D4als_v6_US East_1': 3}"
0.35000000000000003,3.623452,3686236,1017327.247608082,115,0,"{'D16als_v6_US East_2': 13, 'D16als_v6_US East_3': 15, 'D4als_v6_US East_1': 3}"
0.36,44.91438,45677277,1016985.6012706843,1425,1310,"{'D16als_v6_US East_2': 15, 'D16als_v6_US East_3': 15, 'D32als_v6_US East_2': 15, 'D32als_v6_US East_3': 15, 'D48als_v6_US East_2': 15, 'D48als_v6_US East_3': 15, 'D4als_v6_US East_1': 15, 'D4als_v6_US East_2': 15, 'D4als_v6_US East_3': 15, 'D64als_v6_US East_3': 15, 'D8als_v6_US East_1': 15, 'D8als_v6_US East_3': 15, 'D96als_v6_US East_1': 15}"
0.37,44.91438,45677277,1016985.6012706843,1425,1310,"{'D16als_v6_US East_2': 15, 'D16als_v6_US East_3': 15, 'D32als_v6_US East_2': 15, 'D32als_v6_US East_3': 15, 'D48als_v6_US East_2': 15, 'D48als_v6_US East_3': 15, 'D4als_v6_US East_1': 15, 'D4als_v6_US East_2': 15, 'D4als_v6_US East_3': 15, 'D64als_v6_US East_3': 15, 'D8als_v6_US East_1': 15, 'D8als_v6_US East_3': 15, 'D96als_v6_US East_1': 15}"
0.38,44.91438,45677277,1016985.6012706843,1425,1310,"{'D16als_v6_US East_2': 15, 'D16als_v6_US East_3': 15, 'D32als_v6_US East_2': 15, 'D32als_v6_US East_3': 15, 'D48als_v6_US East_2': 15, 'D48als_v6_US East_3': 15, 'D4als_v6_US East_1': 15, 'D4als_v6_US East_2': 15, 'D4als_v6_US East_3': 15, 'D64als_v6_US East_3': 15, 'D8als_v6_US East_1': 15, 'D8als_v6_US East_3': 15, 'D96als_v6_US East_1': 15}"
0.39,82.82274000000001,79815032,963685.0060744188,2490,2375,"{'D16als_v6_US East_2': 15, 'D16als_v6_US East_3': 15, 'D16as_v6_US East_1': 15, 'D16as_v6_US East_2': 15, 'D32als_v6_US East_2': 15, 'D32als_v6_US East_3': 15, 'D32as_v6_US East_1': 15, 'D32as_v6_US East_3': 15, 'D48als_v6_US East_2': 15, 'D48als_v6_US East_3': 15, 'D4als_v6_US East_1': 15, 'D4als_v6_US East_2': 15, 'D4als_v6_US East_3': 15, 'D4as_v6_US East_1': 15, 'D4as_v6_US East_2': 15, 'D4as_v6_US East_3': 15, 'D64als_v6_US East_3': 15, 'D64as_v6_US East_1': 15, 'D8als_v6_US East_1': 15, 'D8als_v6_US East_3': 15, 'D8as_v6_US East_1': 15, 'D8as_v6_US East_3': 15, 'D96als_v6_US East_1': 15, 'D96as_v6_US East_1': 15}"
0.4,82.82274000000001,79815032,963685.0060744188,2490,2375,"{'D16als_v6_US East_2': 15, 'D16als_v6_US East_3': 15, 'D16as_v6_US East_1': 15, 'D16as_v6_US East_2': 15, 'D32als_v6_US East_2': 15, 'D32als_v6_US East_3': 15, 'D32as_v6_US East_1': 15, 'D32as_v6_US East_3': 15, 'D48als_v6_US East_2': 15, 'D48als_v6_US East_3': 15, 'D4als_v6_US East_1': 15, 'D4als_v6_US East_2': 15, 'D4als_v6_US East_3': 15, 'D4as_v6_US East_1': 15, 'D4as_v6_US East_2': 15, 'D4as_v6_US East_3': 15, 'D64als_v6_US East_3': 15, 'D64as_v6_US East_1': 15, 'D8als_v6_US East_1': 15, 'D8als_v6_US East_3': 15, 'D8as_v6_US East_1': 15, 'D8as_v6_US East_3': 15, 'D96als_v6_US East_1': 15, 'D96as_v6_US East_1': 15}"
0.41000000000000003,130.516185,119722549,917300.4026282261,3735,3620,"{'D16alds_v6_US East_1': 15, 'D16alds_v6_US East_2': 15, 'D16als_v6_US East_2': 15, 'D16als_v6_US East_3': 15, 'D16as_v6_US East_1': 15, 'D16as_v6_US East_2': 15, 'D32alds_v6_US East_2': 15, 'D32alds_v6_US East_3': 15, 'D32als_v6_US East_2': 15, 'D32als_v6_US East_3': 15, 'D32as_v6_US East_1': 15, 'D32as_v6_US East_3': 15, 'D48alds_v6_US East_3': 15, 'D48als_v6_US East_2': 15, 'D48als_v6_US East_3': 15, 'D4alds_v6_US East_1': 15, 'D4alds_v6_US East_2': 15, 'D4alds_v6_US East_3': 15, 'D4als_v6_US East_1': 15, 'D4als_v6_US East_2': 15, 'D4als_v6_US East_3': 15, 'D4as_v6_US East_1': 15, 'D4as_v6_US East_2': 15, 'D4as_v6_US East_3': 15, 'D64alds_v6_US East_3': 15, 'D64als_v6_US East_3': 15, 'D64as_v6_US East_1': 15, 'D8alds_v6_US East_2': 15, 'D8alds_v6_US East_3': 15, 'D8als_v6_US East_1': 15, 'D8als_v6_US East_3': 15, 'D8as_v6_US East_1': 15, 'D8as_v6_US East_3': 15, 'D96alds_v6_US East_1': 15, 'D96als_v6_US East_1': 15, 'D96as_v6_US East_1': 15}"
0.42,139.94099999999995,127071739,908037.9520655142,4110,3995,"{'D16alds_v6_US East_1': 15, 'D16alds_v6_US East_2': 15, 'D16als_v6_US East_2': 15, 'D16als_v6_US East_3': 15, 'D16as_v6_US East_1': 15, 'D16as_v6_US East_2': 15, 'D16pls_v5_US East_2': 15, 'D16pls_v5_US East_3': 15, 'D32alds_v6_US East_2': 15, 'D32alds_v6_US East_3': 15, 'D32als_v6_US East_2': 15, 'D32als_v6_US East_3': 15, 'D32as_v6_US East_1': 15, 'D32as_v6_US East_3': 15, 'D32pls_v5_US East_3': 15, 'D48alds_v6_US East_3': 15, 'D48als_v6_US East_2': 15, 'D48als_v6_US East_3': 15, 'D4alds_v6_US East_1': 15, 'D4alds_v6_US East_2': 15, 'D4alds_v6_US East_3': 15, 'D4als_v6_US East_1': 15, 'D4als_v6_US East_2': 15, 'D4als_v6_US East_3': 15, 'D4as_v6_US East_1': 15, 'D4as_v6_US East_2': 15, 'D4as_v6_US East_3': 15, 'D4pls_v5_US East_1': 15, 'D4pls_v5_US East_2': 15, 'D4pls_v5_US East_3': 15, 'D64alds_v6_US East_3': 15, 'D64als_v6_US East_3': 15, 'D64as_v6_US East_1': 15, 'D8alds_v6_US East_2': 15, 'D8alds_v6_US East_3': 15, 'D8als_v6_US East_1': 15, 'D8als_v6_US East_3': 15, 'D8as_v6_US East_1': 15, 'D8as_v6_US East_3': 15, 'D8pls_v5_US East_1': 15, 'D8pls_v5_US East_2': 15, 'D8pls_v5_US East_3': 15, 'D96alds_v6_US East_1': 15, 'D96als_v6_US East_1': 15, 'D96as_v6_US East_1': 15}"
0.43,139.94099999999995,127071739,908037.9520655142,4110,3995,"{'D16alds_v6_US East_1': 15, 'D16alds_v6_US East_2': 15, 'D16als_v6_US East_2': 15, 'D16als_v6_US East_3': 15, 'D16as_v6_US East_1': 15, 'D16as_v6_US East_2': 15, 'D16pls_v5_US East_2': 15, 'D16pls_v5_US East_3': 15, 'D32alds_v6_US East_2': 15, 'D32alds_v6_US East_3': 15, 'D32als_v6_US East_2': 15, 'D32als_v6_US East_3': 15, 'D32as_v6_US East_1': 15, 'D32as_v6_US East_3': 15, 'D32pls_v5_US East_3': 15, 'D48alds_v6_US East_3': 15, 'D48als_v6_US East_2': 15, 'D48als_v6_US East_3': 15, 'D4alds_v6_US East_1': 15, 'D4alds_v6_US East_2': 15, 'D4alds_v6_US East_3': 15, 'D4als_v6_US East_1': 15, 'D4als_v6_US East_2': 15, 'D4als_v6_US East_3': 15, 'D4as_v6_US East_1': 15, 'D4as_v6_US East_2': 15, 'D4as_v6_US East_3': 15, 'D4pls_v5_US East_1': 15, 'D4pls_v5_US East_2': 15, 'D4pls_v5_US East_3': 15, 'D64alds_v6_US East_3': 15, 'D64als_v6_US East_3': 15, 'D64as_v6_US East_1': 15, 'D8alds_v6_US East_2': 15, 'D8alds_v6_US East_3': 15, 'D8als_v6_US East_1': 15, 'D8als_v6_US East_3': 15, 'D8as_v6_US East_1': 15, 'D8as_v6_US East_3': 15, 'D8pls_v5_US East_1': 15, 'D8pls_v5_US East_2': 15, 'D8pls_v5_US East_3': 15, 'D96alds_v6_US East_1': 15, 'D96als_v6_US East_1': 15, 'D96as_v6_US East_1': 15}"
0.44,139.94099999999995,127071739,908037.9520655142,4110,3995,"{'D16alds_v6_US East_1': 15, 'D16alds_v6_US East_2': 15, 'D16als_v6_US East_2': 15, 'D16als_v6_US East_3': 15, 'D16as_v6_US East_1': 15, 'D16as_v6_US East_2': 15, 'D16pls_v5_US East_2': 15, 'D16pls_v5_US East_3': 15, 'D32alds_v6_US East_2': 15, 'D32alds_v6_US East_3': 15, 'D32als_v6_US East_2': 15, 'D32als_v6_US East_3': 15, 'D32as_v6_US East_1': 15, 'D32as_v6_US East_3': 15, 'D32pls_v5_US East_3': 15, 'D48alds_v6_US East_3': 15, 'D48als_v6_US East_2': 15, 'D48als_v6_US East_3': 15, 'D4alds_v6_US East_1': 15, 'D4alds_v6_US East_2': 15, 'D4alds_v6_US East_3': 15, 'D4als_v6_US East_1': 15, 'D4als_v6_US East_2': 15, 'D4als_v6_US East_3': 15, 'D4as_v6_US East_1': 15, 'D4as_v6_US East_2': 15, 'D4as_v6_US East_3': 15, 'D4pls_v5_US East_1': 15, 'D4pls_v5_US East_2': 15, 'D4pls_v5_US East_3': 15, 'D64alds_v6_US East_3': 15, 'D64als_v6_US East_3': 15, 'D64as_v6_US East_1': 15, 'D8alds_v6_US East_2': 15, 'D8alds_v6_US East_3': 15, 'D8als_v6_US East_1': 15, 'D8als_v6_US East_3': 15, 'D8as_v6_US East_1': 15, 'D8as_v6_US East_3': 15, 'D8pls_v5_US East_1': 15, 'D8pls_v5_US East_2': 15, 'D8pls_v5_US East_3': 15, 'D96alds_v6_US East_1': 15, 'D96als_v6_US East_1': 15, 'D96as_v6_US East_1': 15}"
0.45,272.12407499999983,218538354,803083.4978492818,7185,7070,"{'D16ads_v6_US East_2': 15, 'D16ads_v6_US East_3': 15, 'D16alds_v6_US East_1': 15, 'D16alds_v6_US East_2': 15, 'D16als_v6_US East_2': 15, 'D16als_v6_US East_3': 15, 'D16as_v6_US East_1': 15, 'D16as_v6_US East_2': 15, 'D16plds_v5_US East_1': 15, 'D16plds_v5_US East_3': 15, 'D16pls_v5_US East_2': 15, 'D16pls_v5_US East_3': 15, 'D16ps_v5_US East_2': 15, 'D32ads_v6_US East_1': 15, 'D32ads_v6_US East_3': 15, 'D32alds_v6_US East_2': 15, 'D32alds_v6_US East_3': 15, 'D32als_v6_US East_2': 15, 'D32als_v6_US East_3': 15, 'D32as_v6_US East_1': 15, 'D32as_v6_US East_3': 15, 'D32plds_v5_US East_1': 15, 'D32pls_v5_US East_3': 15, 'D48ads_v6_US East_3': 15, 'D48alds_v6_US East_3': 15, 'D48als_v6_US East_2': 15, 'D48als_v6_US East_3': 15, 'D4ads_v6_US East_1': 15, 'D4ads_v6_US East_2': 15, 'D4ads_v6_US East_3': 15, 'D4alds_v6_US East_1': 15, 'D4alds_v6_US East_2': 15, 'D4alds_v6_US East_3': 15, 'D4als_v6_US East_1': 15, 'D4als_v6_US East_2': 15, 'D4als_v6_US East_3': 15, 'D4as_v6_US East_1': 15, 'D4as_v6_US East_2': 15, 'D4as_v6_US East_3': 15, 'D4plds_v5_US East_1': 15, 'D4plds_v5_US East_2': 15, 'D4plds_v5_US East_3': 15, 'D4pls_v5_US East_1': 15, 'D4pls_v5_US East_2': 15, 'D4pls_v5_US East_3': 15, 'D4ps_v5_US East_1': 15, 'D4ps_v5_US East_2': 15, 'D4ps_v5_US East_3': 15, 'D64ads_v6_US East_3': 15, 'D64alds_v6_US East_3': 15, 'D64als_v6_US East_3': 15, 'D64as_v6_US East_1': 15, 'D8ads_v6_US East_2': 15, 'D8ads_v6_US East_3': 15, 'D8alds_v6_US East_2': 15, 'D8alds_v6_US East_3': 15, 'D8als_v6_US East_1': 15, 'D8als_v6_US East_3': 15, 'D8as_v6_US East_1': 15, 'D8as_v6_US East_3': 15, 'D8plds_v5_US East_1': 15, 'D8plds_v5_US East_2': 15, 'D8plds_v5_US East_3': 15, 'D8pls_v5_US East_1': 15, 'D8pls_v5_US East_2': 15, 'D8pls_v5_US East_3': 15, 'D8ps_v5_US East_1': 15, 'D8ps_v5_US East_2': 15, 'D8ps_v5_US East_3': 15, 'D96ads_v6_US East_1': 15, 'D96alds_v6_US East_1': 15, 'D96als_v6_US East_1': 15, 'D96as_v6_US East_1': 15, 'E16as_v6_US East_2': 15, 'E16as_v6_US East_3': 15, 'E20as_v6_US East_1': 15, 'E20as_v6_US East_3': 15, 'E32as_v6_US East_2': 15, 'E48as_v6_US East_3': 15, 'E4as_v6_US East_1': 15, 'E4as_v6_US East_3': 15, 'E64as_v6_US East_3': 15, 'E8as_v6_US East_2': 15, 'E8as_v6_US East_3': 15, 'E96as_v6_US East_1': 15}"
0.46,272.12407499999983,218538354,803083.4978492818,7185,7070,"{'D16ads_v6_US East_2': 15, 'D16ads_v6_US East_3': 15, 'D16alds_v6_US East_1': 15, 'D16alds_v6_US East_2': 15, 'D16als_v6_US East_2': 15, 'D16als_v6_US East_3': 15, 'D16as_v6_US East_1': 15, 'D16as_v6_US East_2': 15, 'D16plds_v5_US East_1': 15, 'D16plds_v5_US East_3': 15, 'D16pls_v5_US East_2': 15, 'D16pls_v5_US East_3': 15, 'D16ps_v5_US East_2': 15, 'D32ads_v6_US East_1': 15, 'D32ads_v6_US East_3': 15, 'D32alds_v6_US East_2': 15, 'D32alds_v6_US East_3': 15, 'D32als_v6_US East_2': 15, 'D32als_v6_US East_3': 15, 'D32as_v6_US East_1': 15, 'D32as_v6_US East_3': 15, 'D32plds_v5_US East_1': 15, 'D32pls_v5_US East_3': 15, 'D48ads_v6_US East_3': 15, 'D48alds_v6_US East_3': 15, 'D48als_v6_US East_2': 15, 'D48als_v6_US East_3': 15, 'D4ads_v6_US East_1': 15, 'D4ads_v6_US East_2': 15, 'D4ads_v6_US East_3': 15, 'D4alds_v6_US East_1': 15, 'D4alds_v6_US East_2': 15, 'D4alds_v6_US East_3': 15, 'D4als_v6_US East_1': 15, 'D4als_v6_US East_2': 15, 'D4als_v6_US East_3': 15, 'D4as_v6_US East_1': 15, 'D4as_v6_US East_2': 15, 'D4as_v6_US East_3': 15, 'D4plds_v5_US East_1': 15, 'D4plds_v5_US East_2': 15, 'D4plds_v5_US East_3': 15, 'D4pls_v5_US East_1': 15, 'D4pls_v5_US East_2': 15, 'D4pls_v5_US East_3': 15, 'D4ps_v5_US East_1': 15, 'D4ps_v5_US East_2': 15, 'D4ps_v5_US East_3': 15, 'D64ads_v6_US East_3': 15, 'D64alds_v6_US East_3': 15, 'D64als_v6_US East_3': 15, 'D64as_v6_US East_1': 15, 'D8ads_v6_US East_2': 15, 'D8ads_v6_US East_3': 15, 'D8alds_v6_US East_2': 15, 'D8alds_v6_US East_3': 15, 'D8als_v6_US East_1': 15, 'D8als_v6_US East_3': 15, 'D8as_v6_US East_1': 15, 'D8as_v6_US East_3': 15, 'D8plds_v5_US East_1': 15, 'D8plds_v5_US East_2': 15, 'D8plds_v5_US East_3': 15, 'D8pls_v5_US East_1': 15, 'D8pls_v5_US East_2': 15, 'D8pls_v5_US East_3': 15, 'D8ps_v5_US East_1': 15, 'D8ps_v5_US East_2': 15, 'D8ps_v5_US East_3': 15, 'D96ads_v6_US East_1': 15, 'D96alds_v6_US East_1': 15, 'D96als_v6_US East_1': 15, 'D96as_v6_US East_1': 15, 'E16as_v6_US East_2': 15, 'E16as_v6_US East_3': 15, 'E20as_v6_US East_1': 15, 'E20as_v6_US East_3': 15, 'E32as_v6_US East_2': 15, 'E48as_v6_US East_3': 15, 'E4as_v6_US East_1': 15, 'E4as_v6_US East_3': 15, 'E64as_v6_US East_3': 15, 'E8as_v6_US East_2': 15, 'E8as_v6_US East_3': 15, 'E96as_v6_US East_1': 15}"
0.47000000000000003,272.12407499999983,218538354,803083.4978492818,7185,7070,"{'D16ads_v6_US East_2': 15, 'D16ads_v6_US East_3': 15, 'D16alds_v6_US East_1': 15, 'D16alds_v6_US East_2': 15, 'D16als_v6_US East_2': 15, 'D16als_v6_US East_3': 15, 'D16as_v6_US East_1': 15, 'D16as_v6_US East_2': 15, 'D16plds_v5_US East_1': 15, 'D16plds_v5_US East_3': 15, 'D16pls_v5_US East_2': 15, 'D16pls_v5_US East_3': 15, 'D16ps_v5_US East_2': 15, 'D32ads_v6_US East_1': 15, 'D32ads_v6_US East_3': 15, 'D32alds_v6_US East_2': 15, 'D32alds_v6_US East_3': 15, 'D32als_v6_US East_2': 15, 'D32als_v6_US East_3': 15, 'D32as_v6_US East_1': 15, 'D32as_v6_US East_3': 15, 'D32plds_v5_US East_1': 15, 'D32pls_v5_US East_3': 15, 'D48ads_v6_US East_3': 15, 'D48alds_v6_US East_3': 15, 'D48als_v6_US East_2': 15, 'D48als_v6_US East_3': 15, 'D4ads_v6_US East_1': 15, 'D4ads_v6_US East_2': 15, 'D4ads_v6_US East_3': 15, 'D4alds_v6_US East_1': 15, 'D4alds_v6_US East_2': 15, 'D4alds_v6_US East_3': 15, 'D4als_v6_US East_1': 15, 'D4als_v6_US East_2': 15, 'D4als_v6_US East_3': 15, 'D4as_v6_US East_1': 15, 'D4as_v6_US East_2': 15, 'D4as_v6_US East_3': 15, 'D4plds_v5_US East_1': 15, 'D4plds_v5_US East_2': 15, 'D4plds_v5_US East_3': 15, 'D4pls_v5_US East_1': 15, 'D4pls_v5_US East_2': 15, 'D4pls_v5_US East_3': 15, 'D4ps_v5_US East_1': 15, 'D4ps_v5_US East_2': 15, 'D4ps_v5_US East_3': 15, 'D64ads_v6_US East_3': 15, 'D64alds_v6_US East_3': 15, 'D64als_v6_US East_3': 15, 'D64as_v6_US East_1': 15, 'D8ads_v6_US East_2': 15, 'D8ads_v6_US East_3': 15, 'D8alds_v6_US East_2': 15, 'D8alds_v6_US East_3': 15, 'D8als_v6_US East_1': 15, 'D8als_v6_US East_3': 15, 'D8as_v6_US East_1': 15, 'D8as_v6_US East_3': 15, 'D8plds_v5_US East_1': 15, 'D8plds_v5_US East_2': 15, 'D8plds_v5_US East_3': 15, 'D8pls_v5_US East_1': 15, 'D8pls_v5_US East_2': 15, 'D8pls_v5_US East_3': 15, 'D8ps_v5_US East_1': 15, 'D8ps_v5_US East_2': 15, 'D8ps_v5_US East_3': 15, 'D96ads_v6_US East_1': 15, 'D96alds_v6_US East_1': 15, 'D96als_v6_US East_1': 15, 'D96as_v6_US East_1': 15, 'E16as_v6_US East_2': 15, 'E16as_v6_US East_3': 15, 'E20as_v6_US East_1': 15, 'E20as_v6_US East_3': 15, 'E32as_v6_US East_2': 15, 'E48as_v6_US East_3': 15, 'E4as_v6_US East_1': 15, 'E4as_v6_US East_3': 15, 'E64as_v6_US East_3': 15, 'E8as_v6_US East_2': 15, 'E8as_v6_US East_3': 15, 'E96as_v6_US East_1': 15}"
0.48,310.85618999999986,242579026,780357.7162159784,7935,7820,"{'D16ads_v6_US East_2': 15, 'D16ads_v6_US East_3': 15, 'D16alds_v6_US East_1': 15, 'D16alds_v6_US East_2': 15, 'D16als_v6_US East_2': 15, 'D16als_v6_US East_3': 15, 'D16as_v6_US East_1': 15, 'D16as_v6_US East_2': 15, 'D16plds_v5_US East_1': 15, 'D16plds_v5_US East_3': 15, 'D16pls_v5_US East_2': 15, 'D16pls_v5_US East_3': 15, 'D16ps_v5_US East_2': 15, 'D32ads_v6_US East_1': 15, 'D32ads_v6_US East_3': 15, 'D32alds_v6_US East_2': 15, 'D32alds_v6_US East_3': 15, 'D32als_v6_US East_2': 15, 'D32als_v6_US East_3': 15, 'D32as_v6_US East_1': 15, 'D32as_v6_US East_3': 15, 'D32plds_v5_US East_1': 15, 'D32pls_v5_US East_3': 15, 'D48ads_v6_US East_3': 15, 'D48alds_v6_US East_3': 15, 'D48als_v6_US East_2': 15, 'D48als_v6_US East_3': 15, 'D4ads_v6_US East_1': 15, 'D4ads_v6_US East_2': 15, 'D4ads_v6_US East_3': 15, 'D4alds_v6_US East_1': 15, 'D4alds_v6_US East_2': 15, 'D4alds_v6_US East_3': 15, 'D4als_v6_US East_1': 15, 'D4als_v6_US East_2': 15, 'D4als_v6_US East_3': 15, 'D4as_v6_US East_1': 15, 'D4as_v6_US East_2': 15, 'D4as_v6_US East_3': 15, 'D4plds_v5_US East_1': 15, 'D4plds_v5_US East_2': 15, 'D4plds_v5_US East_3': 15, 'D4pls_v5_US East_1': 15, 'D4pls_v5_US East_2': 15, 'D4pls_v5_US East_3': 15, 'D4ps_v5_US East_1': 15, 'D4ps_v5_US East_2': 15, 'D4ps_v5_US East_3': 15, 'D64ads_v6_US East_3': 15, 'D64alds_v6_US East_3': 15, 'D64als_v6_US East_3': 15, 'D64as_v6_US East_1': 15, 'D8ads_v6_US East_2': 15, 'D8ads_v6_US East_3': 15, 'D8alds_v6_US East_2': 15, 'D8alds_v6_US East_3': 15, 'D8als_v6_US East_1': 15, 'D8als_v6_US East_3': 15, 'D8as_v6_US East_1': 15, 'D8as_v6_US East_3': 15, 'D8plds_v5_US East_1': 15, 'D8plds_v5_US East_2': 15, 'D8plds_v5_US East_3': 15, 'D8pls_v5_US East_1': 15, 'D8pls_v5_US East_2': 15, 'D8pls_v5_US East_3': 15, 'D8ps_v5_US East_1': 15, 'D8ps_v5_US East_2': 15, 'D8ps_v5_US East_3': 15, 'D96ads_v6_US East_1': 15, 'D96alds_v6_US East_1': 15, 'D96als_v6_US East_1': 15, 'D96as_v6_US East_1': 15, 'E16as_v6_US East_2': 15, 'E16as_v6_US East_3': 15, 'E20as_v6_US East_1': 15, 'E20as_v6_US East_3': 15, 'E32as_v6_US East_2': 15, 'E48as_v6_US East_3': 15, 'E4as_v6_US East_1': 15, 'E4as_v6_US East_3': 15, 'E64as_v6_US East_3': 15, 'E8as_v6_US East_2': 15, 'E8as_v6_US East_3': 15, 'E96as_v6_US East_1': 15, 'F16als_v6_US East_1': 15, 'F16als_v6_US East_3': 15, 'F32als_v6_US East_2': 15, 'F48als_v6_US East_1': 15, 'F4als_v6_US East_1': 15, 'F4als_v6_US East_3': 15, 'F64als_v6_US East_3': 15, 'F8als_v6_US East_1': 15, 'F8als_v6_US East_2': 15}"
0.49,314.3655449999998,244636799,778192.1511150347,8040,7925,"{'D16ads_v6_US East_2': 15, 'D16ads_v6_US East_3': 15, 'D16alds_v6_US East_1': 15, 'D16alds_v6_US East_2': 15, 'D16als_v6_US East_2': 15, 'D16als_v6_US East_3': 15, 'D16as_v6_US East_1': 15, 'D16as_v6_US East_2': 15, 'D16pds_v5_US East_2': 15, 'D16plds_v5_US East_1': 15, 'D16plds_v5_US East_3': 15, 'D16pls_v5_US East_2': 15, 'D16pls_v5_US East_3': 15, 'D16ps_v5_US East_2': 15, 'D32ads_v6_US East_1': 15, 'D32ads_v6_US East_3': 15, 'D32alds_v6_US East_2': 15, 'D32alds_v6_US East_3': 15, 'D32als_v6_US East_2': 15, 'D32als_v6_US East_3': 15, 'D32as_v6_US East_1': 15, 'D32as_v6_US East_3': 15, 'D32plds_v5_US East_1': 15, 'D32pls_v5_US East_3': 15, 'D48ads_v6_US East_3': 15, 'D48alds_v6_US East_3': 15, 'D48als_v6_US East_2': 15, 'D48als_v6_US East_3': 15, 'D4ads_v6_US East_1': 15, 'D4ads_v6_US East_2': 15, 'D4ads_v6_US East_3': 15, 'D4alds_v6_US East_1': 15, 'D4alds_v6_US East_2': 15, 'D4alds_v6_US East_3': 15, 'D4als_v6_US East_1': 15, 'D4als_v6_US East_2': 15, 'D4als_v6_US East_3': 15, 'D4as_v6_US East_1': 15, 'D4as_v6_US East_2': 15, 'D4as_v6_US East_3': 15, 'D4pds_v5_US East_1': 15, 'D4pds_v5_US East_2': 15, 'D4pds_v5_US East_3': 15, 'D4plds_v5_US East_1': 15, 'D4plds_v5_US East_2': 15, 'D4plds_v5_US East_3': 15, 'D4pls_v5_US East_1': 15, 'D4pls_v5_US East_2': 15, 'D4pls_v5_US East_3': 15, 'D4ps_v5_US East_1': 15, 'D4ps_v5_US East_2': 15, 'D4ps_v5_US East_3': 15, 'D64ads_v6_US East_3': 15, 'D64alds_v6_US East_3': 15, 'D64als_v6_US East_3': 15, 'D64as_v6_US East_1': 15, 'D8ads_v6_US East_2': 15, 'D8ads_v6_US East_3': 15, 'D8alds_v6_US East_2': 15, 'D8alds_v6_US East_3': 15, 'D8als_v6_US East_1': 15, 'D8als_v6_US East_3': 15, 'D8as_v6_US East_1': 15, 'D8as_v6_US East_3': 15, 'D8plds_v5_US East_1': 15, 'D8plds_v5_US East_2': 15, 'D8plds_v5_US East_3': 15, 'D8pls_v5_US East_1': 15, 'D8pls_v5_US East_2': 15, 'D8pls_v5_US East_3': 15, 'D8ps_v5_US East_1': 15, 'D8ps_v5_US East_2': 15, 'D8ps_v5_US East_3': 15, 'D96ads_v6_US East_1': 15, 'D96alds_v6_US East_1': 15, 'D96als_v6_US East_1': 15, 'D96as_v6_US East_1': 15, 'E16as_v6_US East_2': 15, 'E16as_v6_US East_3': 15, 'E20as_v6_US East_1': 15, 'E20as_v6_US East_3': 15, 'E32as_v6_US East_2': 15, 'E48as_v6_US East_3': 15, 'E4as_v6_US East_1': 15, 'E4as_v6_US East_3': 15, 'E64as_v6_US East_3': 15, 'E8as_v6_US East_2': 15, 'E8as_v6_US East_3': 15, 'E96as_v6_US East_1': 15, 'F16als_v6_US East_1': 15, 'F16als_v6_US East_3': 15, 'F32als_v6_US East_2': 15, 'F48als_v6_US East_1': 15, 'F4als_v6_US East_1': 15, 'F4als_v6_US East_3': 15, 'F64als_v6_US East_3': 15, 'F8als_v6_US East_1': 15, 'F8als_v6_US East_2': 15}"
0.5,386.0839049999999,285025129,738246.5982362049,9300,9185,"{'D16ads_v6_US East_2': 15, 'D16ads_v6_US East_3': 15, 'D16alds_v6_US East_1': 15, 'D16alds_v6_US East_2': 15, 'D16als_v6_US East_2': 15, 'D16als_v6_US East_3': 15, 'D16as_v6_US East_1': 15, 'D16as_v6_US East_2': 15, 'D16pds_v5_US East_2': 15, 'D16plds_v5_US East_1': 15, 'D16plds_v5_US East_3': 15, 'D16pls_v5_US East_2': 15, 'D16pls_v5_US East_3': 15, 'D16ps_v5_US East_2': 15, 'D32ads_v6_US East_1': 15, 'D32ads_v6_US East_3': 15, 'D32alds_v6_US East_2': 15, 'D32alds_v6_US East_3': 15, 'D32als_v6_US East_2': 15, 'D32als_v6_US East_3': 15, 'D32as_v6_US East_1': 15, 'D32as_v6_US East_3': 15, 'D32plds_v5_US East_1': 15, 'D32pls_v5_US East_3': 15, 'D48ads_v6_US East_3': 15, 'D48alds_v6_US East_3': 15, 'D48als_v6_US East_2': 15, 'D48als_v6_US East_3': 15, 'D4ads_v6_US East_1': 15, 'D4ads_v6_US East_2': 15, 'D4ads_v6_US East_3': 15, 'D4alds_v6_US East_1': 15, 'D4alds_v6_US East_2': 15, 'D4alds_v6_US East_3': 15, 'D4als_v6_US East_1': 15, 'D4als_v6_US East_2': 15, 'D4als_v6_US East_3': 15, 'D4as_v6_US East_1': 15, 'D4as_v6_US East_2': 15, 'D4as_v6_US East_3': 15, 'D4pds_v5_US East_1': 15, 'D4pds_v5_US East_2': 15, 'D4pds_v5_US East_3': 15, 'D4plds_v5_US East_1': 15, 'D4plds_v5_US East_2': 15, 'D4plds_v5_US East_3': 15, 'D4pls_v5_US East_1': 15, 'D4pls_v5_US East_2': 15, 'D4pls_v5_US East_3': 15, 'D4ps_v5_US East_1': 15, 'D4ps_v5_US East_2': 15, 'D4ps_v5_US East_3': 15, 'D64ads_v6_US East_3': 15, 'D64alds_v6_US East_3': 15, 'D64als_v6_US East_3': 15, 'D64as_v6_US East_1': 15, 'D8ads_v6_US East_2': 15, 'D8ads_v6_US East_3': 15, 'D8alds_v6_US East_2': 15, 'D8alds_v6_US East_3': 15, 'D8als_v6_US East_1': 15, 'D8als_v6_US East_3': 15, 'D8as_v6_US East_1': 15, 'D8as_v6_US East_3': 15, 'D8plds_v5_US East_1': 15, 'D8plds_v5_US East_2': 15, 'D8plds_v5_US East_3': 15, 'D8pls_v5_US East_1': 15, 'D8pls_v5_US East_2': 15, 'D8pls_v5_US East_3': 15, 'D8ps_v5_US East_1': 15, 'D8ps_v5_US East_2': 15, 'D8ps_v5_US East_3': 15, 'D96ads_v6_US East_1': 15, 'D96alds_v6_US East_1': 15, 'D96als_v6_US East_1': 15, 'D96as_v6_US East_1': 15, 'E16ads_v6_US East_1': 15, 'E16ads_v6_US East_3': 15, 'E16as_v6_US East_2': 15, 'E16as_v6_US East_3': 15, 'E20ads_v6_US East_2': 15, 'E20ads_v6_US East_3': 15, 'E20as_v6_US East_1': 15, 'E20as_v6_US East_3': 15, 'E32ads_v6_US East_2': 15, 'E32as_v6_US East_2': 15, 'E48ads_v6_US East_1': 15, 'E48as_v6_US East_3': 15, 'E4ads_v6_US East_1': 15, 'E4ads_v6_US East_2': 15, 'E4as_v6_US East_1': 15, 'E4as_v6_US East_3': 15, 'E64ads_v6_US East_3': 15, 'E64as_v6_US East_3': 15, 'E8ads_v6_US East_1': 15, 'E8ads_v6_US East_3': 15, 'E8as_v6_US East_2': 15, 'E8as_v6_US East_3': 15, 'E96ads_v6_US East_1': 15, 'E96as_v6_US East_1': 15, 'F16als_v6_US East_1': 15, 'F16als_v6_US East_3': 15, 'F32als_v6_US East_2': 15, 'F48als_v6_US East_1': 15, 'F4als_v6_US East_1': 15, 'F4als_v6_US East_3': 15, 'F64als_v6_US East_3': 15, 'F8als_v6_US East_1': 15, 'F8als_v6_US East_2': 15}"
0.51,429.806325,309065802,719081.5584205281,10050,9935,"{'D16ads_v6_US East_2': 15, 'D16ads_v6_US East_3': 15, 'D16alds_v6_US East_1': 15, 'D16alds_v6_US East_2': 15, 'D16als_v6_US East_2': 15, 'D16als_v6_US East_3': 15, 'D16as_v6_US East_1': 15, 'D16as_v6_US East_2': 15, 'D16pds_v5_US East_2': 15, 'D16plds_v5_US East_1': 15, 'D16plds_v5_US East_3': 15, 'D16pls_v5_US East_2': 15, 'D16pls_v5_US East_3': 15, 'D16ps_v5_US East_2': 15, 'D32ads_v6_US East_1': 15, 'D32ads_v6_US East_3': 15, 'D32alds_v6_US East_2': 15, 'D32alds_v6_US East_3': 15, 'D32als_v6_US East_2': 15, 'D32als_v6_US East_3': 15, 'D32as_v6_US East_1': 15, 'D32as_v6_US East_3': 15, 'D32plds_v5_US East_1': 15, 'D32pls_v5_US East_3': 15, 'D48ads_v6_US East_3': 15, 'D48alds_v6_US East_3': 15, 'D48als_v6_US East_2': 15, 'D48als_v6_US East_3': 15, 'D4ads_v6_US East_1': 15, 'D4ads_v6_US East_2': 15, 'D4ads_v6_US East_3': 15, 'D4alds_v6_US East_1': 15, 'D4alds_v6_US East_2': 15, 'D4alds_v6_US East_3': 15, 'D4als_v6_US East_1': 15, 'D4als_v6_US East_2': 15, 'D4als_v6_US East_3': 15, 'D4as_v6_US East_1': 15, 'D4as_v6_US East_2': 15, 'D4as_v6_US East_3': 15, 'D4pds_v5_US East_1': 15, 'D4pds_v5_US East_2': 15, 'D4pds_v5_US East_3': 15, 'D4plds_v5_US East_1': 15, 'D4plds_v5_US East_2': 15, 'D4plds_v5_US East_3': 15, 'D4pls_v5_US East_1': 15, 'D4pls_v5_US East_2': 15, 'D4pls_v5_US East_3': 15, 'D4ps_v5_US East_1': 15, 'D4ps_v5_US East_2': 15, 'D4ps_v5_US East_3': 15, 'D64ads_v6_US East_3': 15, 'D64alds_v6_US East_3': 15, 'D64als_v6_US East_3': 15, 'D64as_v6_US East_1': 15, 'D8ads_v6_US East_2': 15, 'D8ads_v6_US East_3': 15, 'D8alds_v6_US East_2': 15, 'D8alds_v6_US East_3': 15, 'D8als_v6_US East_1': 15, 'D8als_v6_US East_3': 15, 'D8as_v6_US East_1': 15, 'D8as_v6_US East_3': 15, 'D8plds_v5_US East_1': 15, 'D8plds_v5_US East_2': 15, 'D8plds_v5_US East_3': 15, 'D8pls_v5_US East_1': 15, 'D8pls_v5_US East_2': 15, 'D8pls_v5_US East_3': 15, 'D8ps_v5_US East_1': 15, 'D8ps_v5_US East_2': 15, 'D8ps_v5_US East_3': 15, 'D96ads_v6_US East_1': 15, 'D96alds_v6_US East_1': 15, 'D96als_v6_US East_1': 15, 'D96as_v6_US East_1': 15, 'E16ads_v6_US East_1': 15, 'E16ads_v6_US East_3': 15, 'E16as_v6_US East_2': 15, 'E16as_v6_US East_3': 15, 'E20ads_v6_US East_2': 15, 'E20ads_v6_US East_3': 15, 'E20as_v6_US East_1': 15, 'E20as_v6_US East_3': 15, 'E32ads_v6_US East_2': 15, 'E32as_v6_US East_2': 15, 'E48ads_v6_US East_1': 15, 'E48as_v6_US East_3': 15, 'E4ads_v6_US East_1': 15, 'E4ads_v6_US East_2': 15, 'E4as_v6_US East_1': 15, 'E4as_v6_US East_3': 15, 'E64ads_v6_US East_3': 15, 'E64as_v6_US East_3': 15, 'E8ads_v6_US East_1': 15, 'E8ads_v6_US East_3': 15, 'E8as_v6_US East_2': 15, 'E8as_v6_US East_3': 15, 'E96ads_v6_US East_1': 15, 'E96as_v6_US East_1': 15, 'F16als_v6_US East_1': 15, 'F16als_v6_US East_3': 15, 'F16as_v6_US East_1': 15, 'F16as_v6_US East_3': 15, 'F32als_v6_US East_2': 15, 'F32as_v6_US East_2': 15, 'F48als_v6_US East_1': 15, 'F48as_v6_US East_2': 15, 'F4als_v6_US East_1': 15, 'F4als_v6_US East_3': 15, 'F4as_v6_US East_2': 15, 'F4as_v6_US East_3': 15, 'F64als_v6_US East_3': 15, 'F64as_v6_US East_3': 15, 'F8als_v6_US East_1': 15, 'F8als_v6_US East_2': 15, 'F8as_v6_US East_2': 15, 'F8as_v6_US East_3': 15}"
0.52,432.6032850000001,310535639,717830.0553126865,10125,10010,"{'D16ads_v6_US East_2': 15, 'D16ads_v6_US East_3': 15, 'D16alds_v6_US East_1': 15, 'D16alds_v6_US East_2': 15, 'D16als_v6_US East_2': 15, 'D16als_v6_US East_3': 15, 'D16as_v6_US East_1': 15, 'D16as_v6_US East_2': 15, 'D16pds_v5_US East_2': 15, 'D16plds_v5_US East_1': 15, 'D16plds_v5_US East_3': 15, 'D16pls_v5_US East_2': 15, 'D16pls_v5_US East_3': 15, 'D16ps_v5_US East_2': 15, 'D32ads_v6_US East_1': 15, 'D32ads_v6_US East_3': 15, 'D32alds_v6_US East_2': 15, 'D32alds_v6_US East_3': 15, 'D32als_v6_US East_2': 15, 'D32als_v6_US East_3': 15, 'D32as_v6_US East_1': 15, 'D32as_v6_US East_3': 15, 'D32plds_v5_US East_1': 15, 'D32pls_v5_US East_3': 15, 'D48ads_v6_US East_3': 15, 'D48alds_v6_US East_3': 15, 'D48als_v6_US East_2': 15, 'D48als_v6_US East_3': 15, 'D4ads_v6_US East_1': 15, 'D4ads_v6_US East_2': 15, 'D4ads_v6_US East_3': 15, 'D4alds_v6_US East_1': 15, 'D4alds_v6_US East_2': 15, 'D4alds_v6_US East_3': 15, 'D4als_v6_US East_1': 15, 'D4als_v6_US East_2': 15, 'D4als_v6_US East_3': 15, 'D4as_v6_US East_1': 15, 'D4as_v6_US East_2': 15, 'D4as_v6_US East_3': 15, 'D4pds_v5_US East_1': 15, 'D4pds_v5_US East_2': 15, 'D4pds_v5_US East_3': 15, 'D4plds_v5_US East_1': 15, 'D4plds_v5_US East_2': 15, 'D4plds_v5_US East_3': 15, 'D4pls_v5_US East_1': 15, 'D4pls_v5_US East_2': 15, 'D4pls_v5_US East_3': 15, 'D4ps_v5_US East_1': 15, 'D4ps_v5_US East_2': 15, 'D4ps_v5_US East_3': 15, 'D64ads_v6_US East_3': 15, 'D64alds_v6_US East_3': 15, 'D64als_v6_US East_3': 15, 'D64as_v6_US East_1': 15, 'D8ads_v6_US East_2': 15, 'D8ads_v6_US East_3': 15, 'D8alds_v6_US East_2': 15, 'D8alds_v6_US East_3': 15, 'D8als_v6_US East_1': 15, 'D8als_v6_US East_3': 15, 'D8as_v6_US East_1': 15, 'D8as_v6_US East_3': 15, 'D8plds_v5_US East_1': 15, 'D8plds_v5_US East_2': 15, 'D8plds_v5_US East_3': 15, 'D8pls_v5_US East_1': 15, 'D8pls_v5_US East_2': 15, 'D8pls_v5_US East_3': 15, 'D8ps_v5_US East_1': 15, 'D8ps_v5_US East_2': 15, 'D8ps_v5_US East_3': 15, 'D96ads_v6_US East_1': 15, 'D96alds_v6_US East_1': 15, 'D96als_v6_US East_1': 15, 'D96as_v6_US East_1': 15, 'E16ads_v6_US East_1': 15, 'E16ads_v6_US East_3': 15, 'E16as_v6_US East_2': 15, 'E16as_v6_US East_3': 15, 'E20ads_v6_US East_2': 15, 'E20ads_v6_US East_3': 15, 'E20as_v6_US East_1': 15, 'E20as_v6_US East_3': 15, 'E32ads_v6_US East_2': 15, 'E32as_v6_US East_2': 15, 'E48ads_v6_US East_1': 15, 'E48as_v6_US East_3': 15, 'E4ads_v6_US East_1': 15, 'E4ads_v6_US East_2': 15, 'E4as_v6_US East_1': 15, 'E4as_v6_US East_3': 15, 'E4ps_v5_US East_1': 15, 'E4ps_v5_US East_2': 15, 'E4ps_v5_US East_3': 15, 'E64ads_v6_US East_3': 15, 'E64as_v6_US East_3': 15, 'E8ads_v6_US East_1': 15, 'E8ads_v6_US East_3': 15, 'E8as_v6_US East_2': 15, 'E8as_v6_US East_3': 15, 'E8ps_v5_US East_1': 15, 'E96ads_v6_US East_1': 15, 'E96as_v6_US East_1': 15, 'F16als_v6_US East_1': 15, 'F16als_v6_US East_3': 15, 'F16as_v6_US East_1': 15, 'F16as_v6_US East_3': 15, 'F32als_v6_US East_2': 15, 'F32as_v6_US East_2': 15, 'F48als_v6_US East_1': 15, 'F48as_v6_US East_2': 15, 'F4als_v6_US East_1': 15, 'F4als_v6_US East_3': 15, 'F4as_v6_US East_2': 15, 'F4as_v6_US East_3': 15, 'F64als_v6_US East_3': 15, 'F64as_v6_US East_3': 15, 'F8als_v6_US East_1': 15, 'F8als_v6_US East_2': 15, 'F8as_v6_US East_2': 15, 'F8as_v6_US East_3': 15}"
0.53,432.6032850000001,310535639,717830.0553126865,10125,10010,"{'D16ads_v6_US East_2': 15, 'D16ads_v6_US East_3': 15, 'D16alds_v6_US East_1': 15, 'D16alds_v6_US East_2': 15, 'D16als_v6_US East_2': 15, 'D16als_v6_US East_3': 15, 'D16as_v6_US East_1': 15, 'D16as_v6_US East_2': 15, 'D16pds_v5_US East_2': 15, 'D16plds_v5_US East_1': 15, 'D16plds_v5_US East_3': 15, 'D16pls_v5_US East_2': 15, 'D16pls_v5_US East_3': 15, 'D16ps_v5_US East_2': 15, 'D32ads_v6_US East_1': 15, 'D32ads_v6_US East_3': 15, 'D32alds_v6_US East_2': 15, 'D32alds_v6_US East_3': 15, 'D32als_v6_US East_2': 15, 'D32als_v6_US East_3': 15, 'D32as_v6_US East_1': 15, 'D32as_v6_US East_3': 15, 'D32plds_v5_US East_1': 15, 'D32pls_v5_US East_3': 15, 'D48ads_v6_US East_3': 15, 'D48alds_v6_US East_3': 15, 'D48als_v6_US East_2': 15, 'D48als_v6_US East_3': 15, 'D4ads_v6_US East_1': 15, 'D4ads_v6_US East_2': 15, 'D4ads_v6_US East_3': 15, 'D4alds_v6_US East_1': 15, 'D4alds_v6_US East_2': 15, 'D4alds_v6_US East_3': 15, 'D4als_v6_US East_1': 15, 'D4als_v6_US East_2': 15, 'D4als_v6_US East_3': 15, 'D4as_v6_US East_1': 15, 'D4as_v6_US East_2': 15, 'D4as_v6_US East_3': 15, 'D4pds_v5_US East_1': 15, 'D4pds_v5_US East_2': 15, 'D4pds_v5_US East_3': 15, 'D4plds_v5_US East_1': 15, 'D4plds_v5_US East_2': 15, 'D4plds_v5_US East_3': 15, 'D4pls_v5_US East_1': 15, 'D4pls_v5_US East_2': 15, 'D4pls_v5_US East_3': 15, 'D4ps_v5_US East_1': 15, 'D4ps_v5_US East_2': 15, 'D4ps_v5_US East_3': 15, 'D64ads_v6_US East_3': 15, 'D64alds_v6_US East_3': 15, 'D64als_v6_US East_3': 15, 'D64as_v6_US East_1': 15, 'D8ads_v6_US East_2': 15, 'D8ads_v6_US East_3': 15, 'D8alds_v6_US East_2': 15, 'D8alds_v6_US East_3': 15, 'D8als_v6_US East_1': 15, 'D8als_v6_US East_3': 15, 'D8as_v6_US East_1': 15, 'D8as_v6_US East_3': 15, 'D8plds_v5_US East_1': 15, 'D8plds_v5_US East_2': 15, 'D8plds_v5_US East_3': 15, 'D8pls_v5_US East_1': 15, 'D8pls_v5_US East_2': 15, 'D8pls_v5_US East_3': 15, 'D8ps_v5_US East_1': 15, 'D8ps_v5_US East_2': 15, 'D8ps_v5_US East_3': 15, 'D96ads_v6_US East_1': 15, 'D96alds_v6_US East_1': 15, 'D96als_v6_US East_1': 15, 'D96as_v6_US East_1': 15, 'E16ads_v6_US East_1': 15, 'E16ads_v6_US East_3': 15, 'E16as_v6_US East_2': 15, 'E16as_v6_US East_3': 15, 'E20ads_v6_US East_2': 15, 'E20ads_v6_US East_3': 15, 'E20as_v6_US East_1': 15, 'E20as_v6_US East_3': 15, 'E32ads_v6_US East_2': 15, 'E32as_v6_US East_2': 15, 'E48ads_v6_US East_1': 15, 'E48as_v6_US East_3': 15, 'E4ads_v6_US East_1': 15, 'E4ads_v6_US East_2': 15, 'E4as_v6_US East_1': 15, 'E4as_v6_US East_3': 15, 'E4ps_v5_US East_1': 15, 'E4ps_v5_US East_2': 15, 'E4ps_v5_US East_3': 15, 'E64ads_v6_US East_3': 15, 'E64as_v6_US East_3': 15, 'E8ads_v6_US East_1': 15, 'E8ads_v6_US East_3': 15, 'E8as_v6_US East_2': 15, 'E8as_v6_US East_3': 15, 'E8ps_v5_US East_1': 15, 'E96ads_v6_US East_1': 15, 'E96as_v6_US East_1': 15, 'F16als_v6_US East_1': 15, 'F16als_v6_US East_3': 15, 'F16as_v6_US East_1': 15, 'F16as_v6_US East_3': 15, 'F32als_v6_US East_2': 15, 'F32as_v6_US East_2': 15, 'F48als_v6_US East_1': 15, 'F48as_v6_US East_2': 15, 'F4als_v6_US East_1': 15, 'F4als_v6_US East_3': 15, 'F4as_v6_US East_2': 15, 'F4as_v6_US East_3': 15, 'F64als_v6_US East_3': 15, 'F64as_v6_US East_3': 15, 'F8als_v6_US East_1': 15, 'F8als_v6_US East_2': 15, 'F8as_v6_US East_2': 15, 'F8as_v6_US East_3': 15}"
0.54,432.6032850000001,310535639,717830.0553126865,10125,10010,"{'D16ads_v6_US East_2': 15, 'D16ads_v6_US East_3': 15, 'D16alds_v6_US East_1': 15, 'D16alds_v6_US East_2': 15, 'D16als_v6_US East_2': 15, 'D16als_v6_US East_3': 15, 'D16as_v6_US East_1': 15, 'D16as_v6_US East_2': 15, 'D16pds_v5_US East_2': 15, 'D16plds_v5_US East_1': 15, 'D16plds_v5_US East_3': 15, 'D16pls_v5_US East_2': 15, 'D16pls_v5_US East_3': 15, 'D16ps_v5_US East_2': 15, 'D32ads_v6_US East_1': 15, 'D32ads_v6_US East_3': 15, 'D32alds_v6_US East_2': 15, 'D32alds_v6_US East_3': 15, 'D32als_v6_US East_2': 15, 'D32als_v6_US East_3': 15, 'D32as_v6_US East_1': 15, 'D32as_v6_US East_3': 15, 'D32plds_v5_US East_1': 15, 'D32pls_v5_US East_3': 15, 'D48ads_v6_US East_3': 15, 'D48alds_v6_US East_3': 15, 'D48als_v6_US East_2': 15, 'D48als_v6_US East_3': 15, 'D4ads_v6_US East_1': 15, 'D4ads_v6_US East_2': 15, 'D4ads_v6_US East_3': 15, 'D4alds_v6_US East_1': 15, 'D4alds_v6_US East_2': 15, 'D4alds_v6_US East_3': 15, 'D4als_v6_US East_1': 15, 'D4als_v6_US East_2': 15, 'D4als_v6_US East_3': 15, 'D4as_v6_US East_1': 15, 'D4as_v6_US East_2': 15, 'D4as_v6_US East_3': 15, 'D4pds_v5_US East_1': 15, 'D4pds_v5_US East_2': 15, 'D4pds_v5_US East_3': 15, 'D4plds_v5_US East_1': 15, 'D4plds_v5_US East_2': 15, 'D4plds_v5_US East_3': 15, 'D4pls_v5_US East_1': 15, 'D4pls_v5_US East_2': 15, 'D4pls_v5_US East_3': 15, 'D4ps_v5_US East_1': 15, 'D4ps_v5_US East_2': 15, 'D4ps_v5_US East_3': 15, 'D64ads_v6_US East_3': 15, 'D64alds_v6_US East_3': 15, 'D64als_v6_US East_3': 15, 'D64as_v6_US East_1': 15, 'D8ads_v6_US East_2': 15, 'D8ads_v6_US East_3': 15, 'D8alds_v6_US East_2': 15, 'D8alds_v6_US East_3': 15, 'D8als_v6_US East_1': 15, 'D8als_v6_US East_3': 15, 'D8as_v6_US East_1': 15, 'D8as_v6_US East_3': 15, 'D8plds_v5_US East_1': 15, 'D8plds_v5_US East_2': 15, 'D8plds_v5_US East_3': 15, 'D8pls_v5_US East_1': 15, 'D8pls_v5_US East_2': 15, 'D8pls_v5_US East_3': 15, 'D8ps_v5_US East_1': 15, 'D8ps_v5_US East_2': 15, 'D8ps_v5_US East_3': 15, 'D96ads_v6_US East_1': 15, 'D96alds_v6_US East_1': 15, 'D96als_v6_US East_1': 15, 'D96as_v6_US East_1': 15, 'E16ads_v6_US East_1': 15, 'E16ads_v6_US East_3': 15, 'E16as_v6_US East_2': 15, 'E16as_v6_US East_3': 15, 'E20ads_v6_US East_2': 15, 'E20ads_v6_US East_3': 15, 'E20as_v6_US East_1': 15, 'E20as_v6_US East_3': 15, 'E32ads_v6_US East_2': 15, 'E32as_v6_US East_2': 15, 'E48ads_v6_US East_1': 15, 'E48as_v6_US East_3': 15, 'E4ads_v6_US East_1': 15, 'E4ads_v6_US East_2': 15, 'E4as_v6_US East_1': 15, 'E4as_v6_US East_3': 15, 'E4ps_v5_US East_1': 15, 'E4ps_v5_US East_2': 15, 'E4ps_v5_US East_3': 15, 'E64ads_v6_US East_3': 15, 'E64as_v6_US East_3': 15, 'E8ads_v6_US East_1': 15, 'E8ads_v6_US East_3': 15, 'E8as_v6_US East_2': 15, 'E8as_v6_US East_3': 15, 'E8ps_v5_US East_1': 15, 'E96ads_v6_US East_1': 15, 'E96as_v6_US East_1': 15, 'F16als_v6_US East_1': 15, 'F16als_v6_US East_3': 15, 'F16as_v6_US East_1': 15, 'F16as_v6_US East_3': 15, 'F32als_v6_US East_2': 15, 'F32as_v6_US East_2': 15, 'F48als_v6_US East_1': 15, 'F48as_v6_US East_2': 15, 'F4als_v6_US East_1': 15, 'F4als_v6_US East_3': 15, 'F4as_v6_US East_2': 15, 'F4as_v6_US East_3': 15, 'F64als_v6_US East_3': 15, 'F64as_v6_US East_3': 15, 'F8als_v6_US East_1': 15, 'F8als_v6_US East_2': 15, 'F8as_v6_US East_2': 15, 'F8as_v6_US East_3': 15}"
0.55,432.6032850000001,310535639,717830.0553126865,10125,10010,"{'D16ads_v6_US East_2': 15, 'D16ads_v6_US East_3': 15, 'D16alds_v6_US East_1': 15, 'D16alds_v6_US East_2': 15, 'D16als_v6_US East_2': 15, 'D16als_v6_US East_3': 15, 'D16as_v6_US East_1': 15, 'D16as_v6_US East_2': 15, 'D16pds_v5_US East_2': 15, 'D16plds_v5_US East_1': 15, 'D16plds_v5_US East_3': 15, 'D16pls_v5_US East_2': 15, 'D16pls_v5_US East_3': 15, 'D16ps_v5_US East_2': 15, 'D32ads_v6_US East_1': 15, 'D32ads_v6_US East_3': 15, 'D32alds_v6_US East_2': 15, 'D32alds_v6_US East_3': 15, 'D32als_v6_US East_2': 15, 'D32als_v6_US East_3': 15, 'D32as_v6_US East_1': 15, 'D32as_v6_US East_3': 15, 'D32plds_v5_US East_1': 15, 'D32pls_v5_US East_3': 15, 'D48ads_v6_US East_3': 15, 'D48alds_v6_US East_3': 15, 'D48als_v6_US East_2': 15, 'D48als_v6_US East_3': 15, 'D4ads_v6_US East_1': 15, 'D4ads_v6_US East_2': 15, 'D4ads_v6_US East_3': 15, 'D4alds_v6_US East_1': 15, 'D4alds_v6_US East_2': 15, 'D4alds_v6_US East_3': 15, 'D4als_v6_US East_1': 15, 'D4als_v6_US East_2': 15, 'D4als_v6_US East_3': 15, 'D4as_v6_US East_1': 15, 'D4as_v6_US East_2': 15, 'D4as_v6_US East_3': 15, 'D4pds_v5_US East_1': 15, 'D4pds_v5_US East_2': 15, 'D4pds_v5_US East_3': 15, 'D4plds_v5_US East_1': 15, 'D4plds_v5_US East_2': 15, 'D4plds_v5_US East_3': 15, 'D4pls_v5_US East_1': 15, 'D4pls_v5_US East_2': 15, 'D4pls_v5_US East_3': 15, 'D4ps_v5_US East_1': 15, 'D4ps_v5_US East_2': 15, 'D4ps_v5_US East_3': 15, 'D64ads_v6_US East_3': 15, 'D64alds_v6_US East_3': 15, 'D64als_v6_US East_3': 15, 'D64as_v6_US East_1': 15, 'D8ads_v6_US East_2': 15, 'D8ads_v6_US East_3': 15, 'D8alds_v6_US East_2': 15, 'D8alds_v6_US East_3': 15, 'D8als_v6_US East_1': 15, 'D8als_v6_US East_3': 15, 'D8as_v6_US East_1': 15, 'D8as_v6_US East_3': 15, 'D8plds_v5_US East_1': 15, 'D8plds_v5_US East_2': 15, 'D8plds_v5_US East_3': 15, 'D8pls_v5_US East_1': 15, 'D8pls_v5_US East_2': 15, 'D8pls_v5_US East_3': 15, 'D8ps_v5_US East_1': 15, 'D8ps_v5_US East_2': 15, 'D8ps_v5_US East_3': 15, 'D96ads_v6_US East_1': 15, 'D96alds_v6_US East_1': 15, 'D96als_v6_US East_1': 15, 'D96as_v6_US East_1': 15, 'E16ads_v6_US East_1': 15, 'E16ads_v6_US East_3': 15, 'E16as_v6_US East_2': 15, 'E16as_v6_US East_3': 15, 'E20ads_v6_US East_2': 15, 'E20ads_v6_US East_3': 15, 'E20as_v6_US East_1': 15, 'E20as_v6_US East_3': 15, 'E32ads_v6_US East_2': 15, 'E32as_v6_US East_2': 15, 'E48ads_v6_US East_1': 15, 'E48as_v6_US East_3': 15, 'E4ads_v6_US East_1': 15, 'E4ads_v6_US East_2': 15, 'E4as_v6_US East_1': 15, 'E4as_v6_US East_3': 15, 'E4ps_v5_US East_1': 15, 'E4ps_v5_US East_2': 15, 'E4ps_v5_US East_3': 15, 'E64ads_v6_US East_3': 15, 'E64as_v6_US East_3': 15, 'E8ads_v6_US East_1': 15, 'E8ads_v6_US East_3': 15, 'E8as_v6_US East_2': 15, 'E8as_v6_US East_3': 15, 'E8ps_v5_US East_1': 15, 'E96ads_v6_US East_1': 15, 'E96as_v6_US East_1': 15, 'F16als_v6_US East_1': 15, 'F16als_v6_US East_3': 15, 'F16as_v6_US East_1': 15, 'F16as_v6_US East_3': 15, 'F32als_v6_US East_2': 15, 'F32as_v6_US East_2': 15, 'F48als_v6_US East_1': 15, 'F48as_v6_US East_2': 15, 'F4als_v6_US East_1': 15, 'F4als_v6_US East_3': 15, 'F4as_v6_US East_2': 15, 'F4as_v6_US East_3': 15, 'F64als_v6_US East_3': 15, 'F64as_v6_US East_3': 15, 'F8als_v6_US East_1': 15, 'F8als_v6_US East_2': 15, 'F8as_v6_US East_2': 15, 'F8as_v6_US East_3': 15}"
0.56,432.6032850000001,310535639,717830.0553126865,10125,10010,"{'D16ads_v6_US East_2': 15, 'D16ads_v6_US East_3': 15, 'D16alds_v6_US East_1': 15, 'D16alds_v6_US East_2': 15, 'D16als_v6_US East_2': 15, 'D16als_v6_US East_3': 15, 'D16as_v6_US East_1': 15, 'D16as_v6_US East_2': 15, 'D16pds_v5_US East_2': 15, 'D16plds_v5_US East_1': 15, 'D16plds_v5_US East_3': 15, 'D16pls_v5_US East_2': 15, 'D16pls_v5_US East_3': 15, 'D16ps_v5_US East_2': 15, 'D32ads_v6_US East_1': 15, 'D32ads_v6_US East_3': 15, 'D32alds_v6_US East_2': 15, 'D32alds_v6_US East_3': 15, 'D32als_v6_US East_2': 15, 'D32als_v6_US East_3': 15, 'D32as_v6_US East_1': 15, 'D32as_v6_US East_3': 15, 'D32plds_v5_US East_1': 15, 'D32pls_v5_US East_3': 15, 'D48ads_v6_US East_3': 15, 'D48alds_v6_US East_3': 15, 'D48als_v6_US East_2': 15, 'D48als_v6_US East_3': 15, 'D4ads_v6_US East_1': 15, 'D4ads_v6_US East_2': 15, 'D4ads_v6_US East_3': 15, 'D4alds_v6_US East_1': 15, 'D4alds_v6_US East_2': 15, 'D4alds_v6_US East_3': 15, 'D4als_v6_US East_1': 15, 'D4als_v6_US East_2': 15, 'D4als_v6_US East_3': 15, 'D4as_v6_US East_1': 15, 'D4as_v6_US East_2': 15, 'D4as_v6_US East_3': 15, 'D4pds_v5_US East_1': 15, 'D4pds_v5_US East_2': 15, 'D4pds_v5_US East_3': 15, 'D4plds_v5_US East_1': 15, 'D4plds_v5_US East_2': 15, 'D4plds_v5_US East_3': 15, 'D4pls_v5_US East_1': 15, 'D4pls_v5_US East_2': 15, 'D4pls_v5_US East_3': 15, 'D4ps_v5_US East_1': 15, 'D4ps_v5_US East_2': 15, 'D4ps_v5_US East_3': 15, 'D64ads_v6_US East_3': 15, 'D64alds_v6_US East_3': 15, 'D64als_v6_US East_3': 15, 'D64as_v6_US East_1': 15, 'D8ads_v6_US East_2': 15, 'D8ads_v6_US East_3': 15, 'D8alds_v6_US East_2': 15, 'D8alds_v6_US East_3': 15, 'D8als_v6_US East_1': 15, 'D8als_v6_US East_3': 15, 'D8as_v6_US East_1': 15, 'D8as_v6_US East_3': 15, 'D8plds_v5_US East_1': 15, 'D8plds_v5_US East_2': 15, 'D8plds_v5_US East_3': 15, 'D8pls_v5_US East_1': 15, 'D8pls_v5_US East_2': 15, 'D8pls_v5_US East_3': 15, 'D8ps_v5_US East_1': 15, 'D8ps_v5_US East_2': 15, 'D8ps_v5_US East_3': 15, 'D96ads_v6_US East_1': 15, 'D96alds_v6_US East_1': 15, 'D96als_v6_US East_1': 15, 'D96as_v6_US East_1': 15, 'E16ads_v6_US East_1': 15, 'E16ads_v6_US East_3': 15, 'E16as_v6_US East_2': 15, 'E16as_v6_US East_3': 15, 'E20ads_v6_US East_2': 15, 'E20ads_v6_US East_3': 15, 'E20as_v6_US East_1': 15, 'E20as_v6_US East_3': 15, 'E32ads_v6_US East_2': 15, 'E32as_v6_US East_2': 15, 'E48ads_v6_US East_1': 15, 'E48as_v6_US East_3': 15, 'E4ads_v6_US East_1': 15, 'E4ads_v6_US East_2': 15, 'E4as_v6_US East_1': 15, 'E4as_v6_US East_3': 15, 'E4ps_v5_US East_1': 15, 'E4ps_v5_US East_2': 15, 'E4ps_v5_US East_3': 15, 'E64ads_v6_US East_3': 15, 'E64as_v6_US East_3': 15, 'E8ads_v6_US East_1': 15, 'E8ads_v6_US East_3': 15, 'E8as_v6_US East_2': 15, 'E8as_v6_US East_3': 15, 'E8ps_v5_US East_1': 15, 'E96ads_v6_US East_1': 15, 'E96as_v6_US East_1': 15, 'F16als_v6_US East_1': 15, 'F16als_v6_US East_3': 15, 'F16as_v6_US East_1': 15, 'F16as_v6_US East_3': 15, 'F32als_v6_US East_2': 15, 'F32as_v6_US East_2': 15, 'F48als_v6_US East_1': 15, 'F48as_v6_US East_2': 15, 'F4als_v6_US East_1': 15, 'F4als_v6_US East_3': 15, 'F4as_v6_US East_2': 15, 'F4as_v6_US East_3': 15, 'F64als_v6_US East_3': 15, 'F64as_v6_US East_3': 15, 'F8als_v6_US East_1': 15, 'F8als_v6_US East_2': 15, 'F8as_v6_US East_2': 15, 'F8as_v6_US East_3': 15}"
0.5700000000000001,438.41616000000016,313037508,714019.092270686,10260,10145,"{'D16ads_v6_US East_2': 15, 'D16ads_v6_US East_3': 15, 'D16alds_v6_US East_1': 15, 'D16alds_v6_US East_2': 15, 'D16als_v6_US East_2': 15, 'D16als_v6_US East_3': 15, 'D16as_v6_US East_1': 15, 'D16as_v6_US East_2': 15, 'D16pds_v5_US East_2': 15, 'D16plds_v5_US East_1': 15, 'D16plds_v5_US East_3': 15, 'D16pls_v5_US East_2': 15, 'D16pls_v5_US East_3': 15, 'D16ps_v5_US East_2': 15, 'D32ads_v6_US East_1': 15, 'D32ads_v6_US East_3': 15, 'D32alds_v6_US East_2': 15, 'D32alds_v6_US East_3': 15, 'D32als_v6_US East_2': 15, 'D32als_v6_US East_3': 15, 'D32as_v6_US East_1': 15, 'D32as_v6_US East_3': 15, 'D32plds_v5_US East_1': 15, 'D32pls_v5_US East_3': 15, 'D48ads_v6_US East_3': 15, 'D48alds_v6_US East_3': 15, 'D48als_v6_US East_2': 15, 'D48als_v6_US East_3': 15, 'D4ads_v6_US East_1': 15, 'D4ads_v6_US East_2': 15, 'D4ads_v6_US East_3': 15, 'D4alds_v6_US East_1': 15, 'D4alds_v6_US East_2': 15, 'D4alds_v6_US East_3': 15, 'D4als_v6_US East_1': 15, 'D4als_v6_US East_2': 15, 'D4als_v6_US East_3': 15, 'D4as_v6_US East_1': 15, 'D4as_v6_US East_2': 15, 'D4as_v6_US East_3': 15, 'D4pds_v5_US East_1': 15, 'D4pds_v5_US East_2': 15, 'D4pds_v5_US East_3': 15, 'D4plds_v5_US East_1': 15, 'D4plds_v5_US East_2': 15, 'D4plds_v5_US East_3': 15, 'D4pls_v5_US East_1': 15, 'D4pls_v5_US East_2': 15, 'D4pls_v5_US East_3': 15, 'D4ps_v5_US East_1': 15, 'D4ps_v5_US East_2': 15, 'D4ps_v5_US East_3': 15, 'D64ads_v6_US East_3': 15, 'D64alds_v6_US East_3': 15, 'D64als_v6_US East_3': 15, 'D64as_v6_US East_1': 15, 'D8ads_v6_US East_2': 15, 'D8ads_v6_US East_3': 15, 'D8alds_v6_US East_2': 15, 'D8alds_v6_US East_3': 15, 'D8als_v6_US East_1': 15, 'D8als_v6_US East_3': 15, 'D8as_v6_US East_1': 15, 'D8as_v6_US East_3': 15, 'D8plds_v5_US East_1': 15, 'D8plds_v5_US East_2': 15, 'D8plds_v5_US East_3': 15, 'D8pls_v5_US East_1': 15, 'D8pls_v5_US East_2': 15, 'D8pls_v5_US East_3': 15, 'D8ps_v5_US East_1': 15, 'D8ps_v5_US East_2': 15, 'D8ps_v5_US East_3': 15, 'D96ads_v6_US East_1': 15, 'D96alds_v6_US East_1': 15, 'D96als_v6_US East_1': 15, 'D96as_v6_US East_1': 15, 'E16ads_v6_US East_1': 15, 'E16ads_v6_US East_3': 15, 'E16as_v6_US East_2': 15, 'E16as_v6_US East_3': 15, 'E20ads_v6_US East_2': 15, 'E20ads_v6_US East_3': 15, 'E20as_v6_US East_1': 15, 'E20as_v6_US East_3': 15, 'E32ads_v6_US East_2': 15, 'E32as_v6_US East_2': 15, 'E48ads_v6_US East_1': 15, 'E48as_v6_US East_3': 15, 'E4ads_v6_US East_1': 15, 'E4ads_v6_US East_2': 15, 'E4as_v6_US East_1': 15, 'E4as_v6_US East_3': 15, 'E4ps_v5_US East_1': 15, 'E4ps_v5_US East_2': 15, 'E4ps_v5_US East_3': 15, 'E64ads_v6_US East_3': 15, 'E64as_v6_US East_3': 15, 'E8ads_v6_US East_1': 15, 'E8ads_v6_US East_3': 15, 'E8as_v6_US East_2': 15, 'E8as_v6_US East_3': 15, 'E8ps_v5_US East_1': 15, 'E96ads_v6_US East_1': 15, 'E96as_v6_US East_1': 15, 'F16als_v6_US East_1': 15, 'F16als_v6_US East_3': 15, 'F16as_v6_US East_1': 15, 'F16as_v6_US East_3': 15, 'F32als_v6_US East_2': 15, 'F32as_v6_US East_2': 15, 'F48als_v6_US East_1': 15, 'F48as_v6_US East_2': 15, 'F4als_v6_US East_1': 15, 'F4als_v6_US East_3': 15, 'F4as_v6_US East_2': 15, 'F4as_v6_US East_3': 15, 'F64als_v6_US East_3': 15, 'F64as_v6_US East_3': 15, 'F8als_v6_US East_1': 15, 'F8als_v6_US East_2': 15, 'F8as_v6_US East_2': 15, 'F8as_v6_US East_3': 15, 'NV4as_v4_US East_1': 15, 'NV4as_v4_US East_2': 15, 'NV4as_v4_US East_3': 15, 'NV8as_v4_US East_1': 15, 'NV8as_v4_US East_2': 15, 'NV8as_v4_US East_3': 15}"
0.58,495.71404500000017,337078181,679985.1335662674,11010,10895,"{'D16ads_v6_US East_2': 15, 'D16ads_v6_US East_3': 15, 'D16alds_v6_US East_1': 15, 'D16alds_v6_US East_2': 15, 'D16als_v6_US East_2': 15, 'D16als_v6_US East_3': 15, 'D16as_v6_US East_1': 15, 'D16as_v6_US East_2': 15, 'D16pds_v5_US East_2': 15, 'D16plds_v5_US East_1': 15, 'D16plds_v5_US East_3': 15, 'D16pls_v5_US East_2': 15, 'D16pls_v5_US East_3': 15, 'D16ps_v5_US East_2': 15, 'D32ads_v6_US East_1': 15, 'D32ads_v6_US East_3': 15, 'D32alds_v6_US East_2': 15, 'D32alds_v6_US East_3': 15, 'D32als_v6_US East_2': 15, 'D32als_v6_US East_3': 15, 'D32as_v6_US East_1': 15, 'D32as_v6_US East_3': 15, 'D32plds_v5_US East_1': 15, 'D32pls_v5_US East_3': 15, 'D48ads_v6_US East_3': 15, 'D48alds_v6_US East_3': 15, 'D48als_v6_US East_2': 15, 'D48als_v6_US East_3': 15, 'D4ads_v6_US East_1': 15, 'D4ads_v6_US East_2': 15, 'D4ads_v6_US East_3': 15, 'D4alds_v6_US East_1': 15, 'D4alds_v6_US East_2': 15, 'D4alds_v6_US East_3': 15, 'D4als_v6_US East_1': 15, 'D4als_v6_US East_2': 15, 'D4als_v6_US East_3': 15, 'D4as_v6_US East_1': 15, 'D4as_v6_US East_2': 15, 'D4as_v6_US East_3': 15, 'D4pds_v5_US East_1': 15, 'D4pds_v5_US East_2': 15, 'D4pds_v5_US East_3': 15, 'D4plds_v5_US East_1': 15, 'D4plds_v5_US East_2': 15, 'D4plds_v5_US East_3': 15, 'D4pls_v5_US East_1': 15, 'D4pls_v5_US East_2': 15, 'D4pls_v5_US East_3': 15, 'D4ps_v5_US East_1': 15, 'D4ps_v5_US East_2': 15, 'D4ps_v5_US East_3': 15, 'D64ads_v6_US East_3': 15, 'D64alds_v6_US East_3': 15, 'D64als_v6_US East_3': 15, 'D64as_v6_US East_1': 15, 'D8ads_v6_US East_2': 15, 'D8ads_v6_US East_3': 15, 'D8alds_v6_US East_2': 15, 'D8alds_v6_US East_3': 15, 'D8als_v6_US East_1': 15, 'D8als_v6_US East_3': 15, 'D8as_v6_US East_1': 15, 'D8as_v6_US East_3': 15, 'D8plds_v5_US East_1': 15, 'D8plds_v5_US East_2': 15, 'D8plds_v5_US East_3': 15, 'D8pls_v5_US East_1': 15, 'D8pls_v5_US East_2': 15, 'D8pls_v5_US East_3': 15, 'D8ps_v5_US East_1': 15, 'D8ps_v5_US East_2': 15, 'D8ps_v5_US East_3': 15, 'D96ads_v6_US East_1': 15, 'D96alds_v6_US East_1': 15, 'D96als_v6_US East_1': 15, 'D96as_v6_US East_1': 15, 'E16ads_v6_US East_1': 15, 'E16ads_v6_US East_3': 15, 'E16as_v6_US East_2': 15, 'E16as_v6_US East_3': 15, 'E20ads_v6_US East_2': 15, 'E20ads_v6_US East_3': 15, 'E20as_v6_US East_1': 15, 'E20as_v6_US East_3': 15, 'E32ads_v6_US East_2': 15, 'E32as_v6_US East_2': 15, 'E48ads_v6_US East_1': 15, 'E48as_v6_US East_3': 15, 'E4ads_v6_US East_1': 15, 'E4ads_v6_US East_2': 15, 'E4as_v6_US East_1': 15, 'E4as_v6_US East_3': 15, 'E4ps_v5_US East_1': 15, 'E4ps_v5_US East_2': 15, 'E4ps_v5_US East_3': 15, 'E64ads_v6_US East_3': 15, 'E64as_v6_US East_3': 15, 'E8ads_v6_US East_1': 15, 'E8ads_v6_US East_3': 15, 'E8as_v6_US East_2': 15, 'E8as_v6_US East_3': 15, 'E8ps_v5_US East_1': 15, 'E96ads_v6_US East_1': 15, 'E96as_v6_US East_1': 15, 'F16als_v6_US East_1': 15, 'F16als_v6_US East_3': 15, 'F16ams_v6_US East_2': 15, 'F16ams_v6_US East_3': 15, 'F16as_v6_US East_1': 15, 'F16as_v6_US East_3': 15, 'F32als_v6_US East_2': 15, 'F32ams_v6_US East_2': 15, 'F32as_v6_US East_2': 15, 'F48als_v6_US East_1': 15, 'F48ams_v6_US East_3': 15, 'F48as_v6_US East_2': 15, 'F4als_v6_US East_1': 15, 'F4als_v6_US East_3': 15, 'F4ams_v6_US East_2': 15, 'F4ams_v6_US East_3': 15, 'F4as_v6_US East_2': 15, 'F4as_v6_US East_3': 15, 'F64als_v6_US East_3': 15, 'F64ams_v6_US East_3': 15, 'F64as_v6_US East_3': 15, 'F8als_v6_US East_1': 15, 'F8als_v6_US East_2': 15, 'F8ams_v6_US East_1': 15, 'F8ams_v6_US East_3': 15, 'F8as_v6_US East_2': 15, 'F8as_v6_US East_3': 15, 'NV4as_v4_US East_1': 15, 'NV4as_v4_US East_2': 15, 'NV4as_v4_US East_3': 15, 'NV8as_v4_US East_1': 15, 'NV8as_v4_US East_2': 15, 'NV8as_v4_US East_3': 15}"
0.59,495.71404500000017,337078181,679985.1335662674,11010,10895,"{'D16ads_v6_US East_2': 15, 'D16ads_v6_US East_3': 15, 'D16alds_v6_US East_1': 15, 'D16alds_v6_US East_2': 15, 'D16als_v6_US East_2': 15, 'D16als_v6_US East_3': 15, 'D16as_v6_US East_1': 15, 'D16as_v6_US East_2': 15, 'D16pds_v5_US East_2': 15, 'D16plds_v5_US East_1': 15, 'D16plds_v5_US East_3': 15, 'D16pls_v5_US East_2': 15, 'D16pls_v5_US East_3': 15, 'D16ps_v5_US East_2': 15, 'D32ads_v6_US East_1': 15, 'D32ads_v6_US East_3': 15, 'D32alds_v6_US East_2': 15, 'D32alds_v6_US East_3': 15, 'D32als_v6_US East_2': 15, 'D32als_v6_US East_3': 15, 'D32as_v6_US East_1': 15, 'D32as_v6_US East_3': 15, 'D32plds_v5_US East_1': 15, 'D32pls_v5_US East_3': 15, 'D48ads_v6_US East_3': 15, 'D48alds_v6_US East_3': 15, 'D48als_v6_US East_2': 15, 'D48als_v6_US East_3': 15, 'D4ads_v6_US East_1': 15, 'D4ads_v6_US East_2': 15, 'D4ads_v6_US East_3': 15, 'D4alds_v6_US East_1': 15, 'D4alds_v6_US East_2': 15, 'D4alds_v6_US East_3': 15, 'D4als_v6_US East_1': 15, 'D4als_v6_US East_2': 15, 'D4als_v6_US East_3': 15, 'D4as_v6_US East_1': 15, 'D4as_v6_US East_2': 15, 'D4as_v6_US East_3': 15, 'D4pds_v5_US East_1': 15, 'D4pds_v5_US East_2': 15, 'D4pds_v5_US East_3': 15, 'D4plds_v5_US East_1': 15, 'D4plds_v5_US East_2': 15, 'D4plds_v5_US East_3': 15, 'D4pls_v5_US East_1': 15, 'D4pls_v5_US East_2': 15, 'D4pls_v5_US East_3': 15, 'D4ps_v5_US East_1': 15, 'D4ps_v5_US East_2': 15, 'D4ps_v5_US East_3': 15, 'D64ads_v6_US East_3': 15, 'D64alds_v6_US East_3': 15, 'D64als_v6_US East_3': 15, 'D64as_v6_US East_1': 15, 'D8ads_v6_US East_2': 15, 'D8ads_v6_US East_3': 15, 'D8alds_v6_US East_2': 15, 'D8alds_v6_US East_3': 15, 'D8als_v6_US East_1': 15, 'D8als_v6_US East_3': 15, 'D8as_v6_US East_1': 15, 'D8as_v6_US East_3': 15, 'D8plds_v5_US East_1': 15, 'D8plds_v5_US East_2': 15, 'D8plds_v5_US East_3': 15, 'D8pls_v5_US East_1': 15, 'D8pls_v5_US East_2': 15, 'D8pls_v5_US East_3': 15, 'D8ps_v5_US East_1': 15, 'D8ps_v5_US East_2': 15, 'D8ps_v5_US East_3': 15, 'D96ads_v6_US East_1': 15, 'D96alds_v6_US East_1': 15, 'D96als_v6_US East_1': 15, 'D96as_v6_US East_1': 15, 'E16ads_v6_US East_1': 15, 'E16ads_v6_US East_3': 15, 'E16as_v6_US East_2': 15, 'E16as_v6_US East_3': 15, 'E20ads_v6_US East_2': 15, 'E20ads_v6_US East_3': 15, 'E20as_v6_US East_1': 15, 'E20as_v6_US East_3': 15, 'E32ads_v6_US East_2': 15, 'E32as_v6_US East_2': 15, 'E48ads_v6_US East_1': 15, 'E48as_v6_US East_3': 15, 'E4ads_v6_US East_1': 15, 'E4ads_v6_US East_2': 15, 'E4as_v6_US East_1': 15, 'E4as_v6_US East_3': 15, 'E4ps_v5_US East_1': 15, 'E4ps_v5_US East_2': 15, 'E4ps_v5_US East_3': 15, 'E64ads_v6_US East_3': 15, 'E64as_v6_US East_3': 15, 'E8ads_v6_US East_1': 15, 'E8ads_v6_US East_3': 15, 'E8as_v6_US East_2': 15, 'E8as_v6_US East_3': 15, 'E8ps_v5_US East_1': 15, 'E96ads_v6_US East_1': 15, 'E96as_v6_US East_1': 15, 'F16als_v6_US East_1': 15, 'F16als_v6_US East_3': 15, 'F16ams_v6_US East_2': 15, 'F16ams_v6_US East_3': 15, 'F16as_v6_US East_1': 15, 'F16as_v6_US East_3': 15, 'F32als_v6_US East_2': 15, 'F32ams_v6_US East_2': 15, 'F32as_v6_US East_2': 15, 'F48als_v6_US East_1': 15, 'F48ams_v6_US East_3': 15, 'F48as_v6_US East_2': 15, 'F4als_v6_US East_1': 15, 'F4als_v6_US East_3': 15, 'F4ams_v6_US East_2': 15, 'F4ams_v6_US East_3': 15, 'F4as_v6_US East_2': 15, 'F4as_v6_US East_3': 15, 'F64als_v6_US East_3': 15, 'F64ams_v6_US East_3': 15, 'F64as_v6_US East_3': 15, 'F8als_v6_US East_1': 15, 'F8als_v6_US East_2': 15, 'F8ams_v6_US East_1': 15, 'F8ams_v6_US East_3': 15, 'F8as_v6_US East_2': 15, 'F8as_v6_US East_3': 15, 'NV4as_v4_US East_1': 15, 'NV4as_v4_US East_2': 15, 'NV4as_v4_US East_3': 15, 'NV8as_v4_US East_1': 15, 'NV8as_v4_US East_2': 15, 'NV8as_v4_US East_3': 15}"
0.6,495.71404500000017,337078181,679985.1335662674,11010,10895,"{'D16ads_v6_US East_2': 15, 'D16ads_v6_US East_3': 15, 'D16alds_v6_US East_1': 15, 'D16alds_v6_US East_2': 15, 'D16als_v6_US East_2': 15, 'D16als_v6_US East_3': 15, 'D16as_v6_US East_1': 15, 'D16as_v6_US East_2': 15, 'D16pds_v5_US East_2': 15, 'D16plds_v5_US East_1': 15, 'D16plds_v5_US East_3': 15, 'D16pls_v5_US East_2': 15, 'D16pls_v5_US East_3': 15, 'D16ps_v5_US East_2': 15, 'D32ads_v6_US East_1': 15, 'D32ads_v6_US East_3': 15, 'D32alds_v6_US East_2': 15, 'D32alds_v6_US East_3': 15, 'D32als_v6_US East_2': 15, 'D32als_v6_US East_3': 15, 'D32as_v6_US East_1': 15, 'D32as_v6_US East_3': 15, 'D32plds_v5_US East_1': 15, 'D32pls_v5_US East_3': 15, 'D48ads_v6_US East_3': 15, 'D48alds_v6_US East_3': 15, 'D48als_v6_US East_2': 15, 'D48als_v6_US East_3': 15, 'D4ads_v6_US East_1': 15, 'D4ads_v6_US East_2': 15, 'D4ads_v6_US East_3': 15, 'D4alds_v6_US East_1': 15, 'D4alds_v6_US East_2': 15, 'D4alds_v6_US East_3': 15, 'D4als_v6_US East_1': 15, 'D4als_v6_US East_2': 15, 'D4als_v6_US East_3': 15, 'D4as_v6_US East_1': 15, 'D4as_v6_US East_2': 15, 'D4as_v6_US East_3': 15, 'D4pds_v5_US East_1': 15, 'D4pds_v5_US East_2': 15, 'D4pds_v5_US East_3': 15, 'D4plds_v5_US East_1': 15, 'D4plds_v5_US East_2': 15, 'D4plds_v5_US East_3': 15, 'D4pls_v5_US East_1': 15, 'D4pls_v5_US East_2': 15, 'D4pls_v5_US East_3': 15, 'D4ps_v5_US East_1': 15, 'D4ps_v5_US East_2': 15, 'D4ps_v5_US East_3': 15, 'D64ads_v6_US East_3': 15, 'D64alds_v6_US East_3': 15, 'D64als_v6_US East_3': 15, 'D64as_v6_US East_1': 15, 'D8ads_v6_US East_2': 15, 'D8ads_v6_US East_3': 15, 'D8alds_v6_US East_2': 15, 'D8alds_v6_US East_3': 15, 'D8als_v6_US East_1': 15, 'D8als_v6_US East_3': 15, 'D8as_v6_US East_1': 15, 'D8as_v6_US East_3': 15, 'D8plds_v5_US East_1': 15, 'D8plds_v5_US East_2': 15, 'D8plds_v5_US East_3': 15, 'D8pls_v5_US East_1': 15, 'D8pls_v5_US East_2': 15, 'D8pls_v5_US East_3': 15, 'D8ps_v5_US East_1': 15, 'D8ps_v5_US East_2': 15, 'D8ps_v5_US East_3': 15, 'D96ads_v6_US East_1': 15, 'D96alds_v6_US East_1': 15, 'D96als_v6_US East_1': 15, 'D96as_v6_US East_1': 15, 'E16ads_v6_US East_1': 15, 'E16ads_v6_US East_3': 15, 'E16as_v6_US East_2': 15, 'E16as_v6_US East_3': 15, 'E20ads_v6_US East_2': 15, 'E20ads_v6_US East_3': 15, 'E20as_v6_US East_1': 15, 'E20as_v6_US East_3': 15, 'E32ads_v6_US East_2': 15, 'E32as_v6_US East_2': 15, 'E48ads_v6_US East_1': 15, 'E48as_v6_US East_3': 15, 'E4ads_v6_US East_1': 15, 'E4ads_v6_US East_2': 15, 'E4as_v6_US East_1': 15, 'E4as_v6_US East_3': 15, 'E4ps_v5_US East_1': 15, 'E4ps_v5_US East_2': 15, 'E4ps_v5_US East_3': 15, 'E64ads_v6_US East_3': 15, 'E64as_v6_US East_3': 15, 'E8ads_v6_US East_1': 15, 'E8ads_v6_US East_3': 15, 'E8as_v6_US East_2': 15, 'E8as_v6_US East_3': 15, 'E8ps_v5_US East_1': 15, 'E96ads_v6_US East_1': 15, 'E96as_v6_US East_1': 15, 'F16als_v6_US East_1': 15, 'F16als_v6_US East_3': 15, 'F16ams_v6_US East_2': 15, 'F16ams_v6_US East_3': 15, 'F16as_v6_US East_1': 15, 'F16as_v6_US East_3': 15, 'F32als_v6_US East_2': 15, 'F32ams_v6_US East_2': 15, 'F32as_v6_US East_2': 15, 'F48als_v6_US East_1': 15, 'F48ams_v6_US East_3': 15, 'F48as_v6_US East_2': 15, 'F4als_v6_US East_1': 15, 'F4als_v6_US East_3': 15, 'F4ams_v6_US East_2': 15, 'F4ams_v6_US East_3': 15, 'F4as_v6_US East_2': 15, 'F4as_v6_US East_3': 15, 'F64als_v6_US East_3': 15, 'F64ams_v6_US East_3': 15, 'F64as_v6_US East_3': 15, 'F8als_v6_US East_1': 15, 'F8als_v6_US East_2': 15, 'F8ams_v6_US East_1': 15, 'F8ams_v6_US East_3': 15, 'F8as_v6_US East_2': 15, 'F8as_v6_US East_3': 15, 'NV4as_v4_US East_1': 15, 'NV4as_v4_US East_2': 15, 'NV4as_v4_US East_3': 15, 'NV8as_v4_US East_1': 15, 'NV8as_v4_US East_2': 15, 'NV8as_v4_US East_3': 15}"
0.61,495.71404500000017,337078181,679985.1335662674,11010,10895,"{'D16ads_v6_US East_2': 15, 'D16ads_v6_US East_3': 15, 'D16alds_v6_US East_1': 15, 'D16alds_v6_US East_2': 15, 'D16als_v6_US East_2': 15, 'D16als_v6_US East_3': 15, 'D16as_v6_US East_1': 15, 'D16as_v6_US East_2': 15, 'D16pds_v5_US East_2': 15, 'D16plds_v5_US East_1': 15, 'D16plds_v5_US East_3': 15, 'D16pls_v5_US East_2': 15, 'D16pls_v5_US East_3': 15, 'D16ps_v5_US East_2': 15, 'D32ads_v6_US East_1': 15, 'D32ads_v6_US East_3': 15, 'D32alds_v6_US East_2': 15, 'D32alds_v6_US East_3': 15, 'D32als_v6_US East_2': 15, 'D32als_v6_US East_3': 15, 'D32as_v6_US East_1': 15, 'D32as_v6_US East_3': 15, 'D32plds_v5_US East_1': 15, 'D32pls_v5_US East_3': 15, 'D48ads_v6_US East_3': 15, 'D48alds_v6_US East_3': 15, 'D48als_v6_US East_2': 15, 'D48als_v6_US East_3': 15, 'D4ads_v6_US East_1': 15, 'D4ads_v6_US East_2': 15, 'D4ads_v6_US East_3': 15, 'D4alds_v6_US East_1': 15, 'D4alds_v6_US East_2': 15, 'D4alds_v6_US East_3': 15, 'D4als_v6_US East_1': 15, 'D4als_v6_US East_2': 15, 'D4als_v6_US East_3': 15, 'D4as_v6_US East_1': 15, 'D4as_v6_US East_2': 15, 'D4as_v6_US East_3': 15, 'D4pds_v5_US East_1': 15, 'D4pds_v5_US East_2': 15, 'D4pds_v5_US East_3': 15, 'D4plds_v5_US East_1': 15, 'D4plds_v5_US East_2': 15, 'D4plds_v5_US East_3': 15, 'D4pls_v5_US East_1': 15, 'D4pls_v5_US East_2': 15, 'D4pls_v5_US East_3': 15, 'D4ps_v5_US East_1': 15, 'D4ps_v5_US East_2': 15, 'D4ps_v5_US East_3': 15, 'D64ads_v6_US East_3': 15, 'D64alds_v6_US East_3': 15, 'D64als_v6_US East_3': 15, 'D64as_v6_US East_1': 15, 'D8ads_v6_US East_2': 15, 'D8ads_v6_US East_3': 15, 'D8alds_v6_US East_2': 15, 'D8alds_v6_US East_3': 15, 'D8als_v6_US East_1': 15, 'D8als_v6_US East_3': 15, 'D8as_v6_US East_1': 15, 'D8as_v6_US East_3': 15, 'D8plds_v5_US East_1': 15, 'D8plds_v5_US East_2': 15, 'D8plds_v5_US East_3': 15, 'D8pls_v5_US East_1': 15, 'D8pls_v5_US East_2': 15, 'D8pls_v5_US East_3': 15, 'D8ps_v5_US East_1': 15, 'D8ps_v5_US East_2': 15, 'D8ps_v5_US East_3': 15, 'D96ads_v6_US East_1': 15, 'D96alds_v6_US East_1': 15, 'D96als_v6_US East_1': 15, 'D96as_v6_US East_1': 15, 'E16ads_v6_US East_1': 15, 'E16ads_v6_US East_3': 15, 'E16as_v6_US East_2': 15, 'E16as_v6_US East_3': 15, 'E20ads_v6_US East_2': 15, 'E20ads_v6_US East_3': 15, 'E20as_v6_US East_1': 15, 'E20as_v6_US East_3': 15, 'E32ads_v6_US East_2': 15, 'E32as_v6_US East_2': 15, 'E48ads_v6_US East_1': 15, 'E48as_v6_US East_3': 15, 'E4ads_v6_US East_1': 15, 'E4ads_v6_US East_2': 15, 'E4as_v6_US East_1': 15, 'E4as_v6_US East_3': 15, 'E4ps_v5_US East_1': 15, 'E4ps_v5_US East_2': 15, 'E4ps_v5_US East_3': 15, 'E64ads_v6_US East_3': 15, 'E64as_v6_US East_3': 15, 'E8ads_v6_US East_1': 15, 'E8ads_v6_US East_3': 15, 'E8as_v6_US East_2': 15, 'E8as_v6_US East_3': 15, 'E8ps_v5_US East_1': 15, 'E96ads_v6_US East_1': 15, 'E96as_v6_US East_1': 15, 'F16als_v6_US East_1': 15, 'F16als_v6_US East_3': 15, 'F16ams_v6_US East_2': 15, 'F16ams_v6_US East_3': 15, 'F16as_v6_US East_1': 15, 'F16as_v6_US East_3': 15, 'F32als_v6_US East_2': 15, 'F32ams_v6_US East_2': 15, 'F32as_v6_US East_2': 15, 'F48als_v6_US East_1': 15, 'F48ams_v6_US East_3': 15, 'F48as_v6_US East_2': 15, 'F4als_v6_US East_1': 15, 'F4als_v6_US East_3': 15, 'F4ams_v6_US East_2': 15, 'F4ams_v6_US East_3': 15, 'F4as_v6_US East_2': 15, 'F4as_v6_US East_3': 15, 'F64als_v6_US East_3': 15, 'F64ams_v6_US East_3': 15, 'F64as_v6_US East_3': 15, 'F8als_v6_US East_1': 15, 'F8als_v6_US East_2': 15, 'F8ams_v6_US East_1': 15, 'F8ams_v6_US East_3': 15, 'F8as_v6_US East_2': 15, 'F8as_v6_US East_3': 15, 'NV4as_v4_US East_1': 15, 'NV4as_v4_US East_2': 15, 'NV4as_v4_US East_3': 15, 'NV8as_v4_US East_1': 15, 'NV8as_v4_US East_2': 15, 'NV8as_v4_US East_3': 15}"
0.62,495.71404500000017,337078181,679985.1335662674,11010,10895,"{'D16ads_v6_US East_2': 15, 'D16ads_v6_US East_3': 15, 'D16alds_v6_US East_1': 15, 'D16alds_v6_US East_2': 15, 'D16als_v6_US East_2': 15, 'D16als_v6_US East_3': 15, 'D16as_v6_US East_1': 15, 'D16as_v6_US East_2': 15, 'D16pds_v5_US East_2': 15, 'D16plds_v5_US East_1': 15, 'D16plds_v5_US East_3': 15, 'D16pls_v5_US East_2': 15, 'D16pls_v5_US East_3': 15, 'D16ps_v5_US East_2': 15, 'D32ads_v6_US East_1': 15, 'D32ads_v6_US East_3': 15, 'D32alds_v6_US East_2': 15, 'D32alds_v6_US East_3': 15, 'D32als_v6_US East_2': 15, 'D32als_v6_US East_3': 15, 'D32as_v6_US East_1': 15, 'D32as_v6_US East_3': 15, 'D32plds_v5_US East_1': 15, 'D32pls_v5_US East_3': 15, 'D48ads_v6_US East_3': 15, 'D48alds_v6_US East_3': 15, 'D48als_v6_US East_2': 15, 'D48als_v6_US East_3': 15, 'D4ads_v6_US East_1': 15, 'D4ads_v6_US East_2': 15, 'D4ads_v6_US East_3': 15, 'D4alds_v6_US East_1': 15, 'D4alds_v6_US East_2': 15, 'D4alds_v6_US East_3': 15, 'D4als_v6_US East_1': 15, 'D4als_v6_US East_2': 15, 'D4als_v6_US East_3': 15, 'D4as_v6_US East_1': 15, 'D4as_v6_US East_2': 15, 'D4as_v6_US East_3': 15, 'D4pds_v5_US East_1': 15, 'D4pds_v5_US East_2': 15, 'D4pds_v5_US East_3': 15, 'D4plds_v5_US East_1': 15, 'D4plds_v5_US East_2': 15, 'D4plds_v5_US East_3': 15, 'D4pls_v5_US East_1': 15, 'D4pls_v5_US East_2': 15, 'D4pls_v5_US East_3': 15, 'D4ps_v5_US East_1': 15, 'D4ps_v5_US East_2': 15, 'D4ps_v5_US East_3': 15, 'D64ads_v6_US East_3': 15, 'D64alds_v6_US East_3': 15, 'D64als_v6_US East_3': 15, 'D64as_v6_US East_1': 15, 'D8ads_v6_US East_2': 15, 'D8ads_v6_US East_3': 15, 'D8alds_v6_US East_2': 15, 'D8alds_v6_US East_3': 15, 'D8als_v6_US East_1': 15, 'D8als_v6_US East_3': 15, 'D8as_v6_US East_1': 15, 'D8as_v6_US East_3': 15, 'D8plds_v5_US East_1': 15, 'D8plds_v5_US East_2': 15, 'D8plds_v5_US East_3': 15, 'D8pls_v5_US East_1': 15, 'D8pls_v5_US East_2': 15, 'D8pls_v5_US East_3': 15, 'D8ps_v5_US East_1': 15, 'D8ps_v5_US East_2': 15, 'D8ps_v5_US East_3': 15, 'D96ads_v6_US East_1': 15, 'D96alds_v6_US East_1': 15, 'D96als_v6_US East_1': 15, 'D96as_v6_US East_1': 15, 'E16ads_v6_US East_1': 15, 'E16ads_v6_US East_3': 15, 'E16as_v6_US East_2': 15, 'E16as_v6_US East_3': 15, 'E20ads_v6_US East_2': 15, 'E20ads_v6_US East_3': 15, 'E20as_v6_US East_1': 15, 'E20as_v6_US East_3': 15, 'E32ads_v6_US East_2': 15, 'E32as_v6_US East_2': 15, 'E48ads_v6_US East_1': 15, 'E48as_v6_US East_3': 15, 'E4ads_v6_US East_1': 15, 'E4ads_v6_US East_2': 15, 'E4as_v6_US East_1': 15, 'E4as_v6_US East_3': 15, 'E4ps_v5_US East_1': 15, 'E4ps_v5_US East_2': 15, 'E4ps_v5_US East_3': 15, 'E64ads_v6_US East_3': 15, 'E64as_v6_US East_3': 15, 'E8ads_v6_US East_1': 15, 'E8ads_v6_US East_3': 15, 'E8as_v6_US East_2': 15, 'E8as_v6_US East_3': 15, 'E8ps_v5_US East_1': 15, 'E96ads_v6_US East_1': 15, 'E96as_v6_US East_1': 15, 'F16als_v6_US East_1': 15, 'F16als_v6_US East_3': 15, 'F16ams_v6_US East_2': 15, 'F16ams_v6_US East_3': 15, 'F16as_v6_US East_1': 15, 'F16as_v6_US East_3': 15, 'F32als_v6_US East_2': 15, 'F32ams_v6_US East_2': 15, 'F32as_v6_US East_2': 15, 'F48als_v6_US East_1': 15, 'F48ams_v6_US East_3': 15, 'F48as_v6_US East_2': 15, 'F4als_v6_US East_1': 15, 'F4als_v6_US East_3': 15, 'F4ams_v6_US East_2': 15, 'F4ams_v6_US East_3': 15, 'F4as_v6_US East_2': 15, 'F4as_v6_US East_3': 15, 'F64als_v6_US East_3': 15, 'F64ams_v6_US East_3': 15, 'F64as_v6_US East_3': 15, 'F8als_v6_US East_1': 15, 'F8als_v6_US East_2': 15, 'F8ams_v6_US East_1': 15, 'F8ams_v6_US East_3': 15, 'F8as_v6_US East_2': 15, 'F8as_v6_US East_3': 15, 'NV4as_v4_US East_1': 15, 'NV4as_v4_US East_2': 15, 'NV4as_v4_US East_3': 15, 'NV8as_v4_US East_1': 15, 'NV8as_v4_US East_2': 15, 'NV8as_v4_US East_3': 15}"
0.63,495.71404500000017,337078181,679985.1335662674,11010,10895,"{'D16ads_v6_US East_2': 15, 'D16ads_v6_US East_3': 15, 'D16alds_v6_US East_1': 15, 'D16alds_v6_US East_2': 15, 'D16als_v6_US East_2': 15, 'D16als_v6_US East_3': 15, 'D16as_v6_US East_1': 15, 'D16as_v6_US East_2': 15, 'D16pds_v5_US East_2': 15, 'D16plds_v5_US East_1': 15, 'D16plds_v5_US East_3': 15, 'D16pls_v5_US East_2': 15, 'D16pls_v5_US East_3': 15, 'D16ps_v5_US East_2': 15, 'D32ads_v6_US East_1': 15, 'D32ads_v6_US East_3': 15, 'D32alds_v6_US East_2': 15, 'D32alds_v6_US East_3': 15, 'D32als_v6_US East_2': 15, 'D32als_v6_US East_3': 15, 'D32as_v6_US East_1': 15, 'D32as_v6_US East_3': 15, 'D32plds_v5_US East_1': 15, 'D32pls_v5_US East_3': 15, 'D48ads_v6_US East_3': 15, 'D48alds_v6_US East_3': 15, 'D48als_v6_US East_2': 15, 'D48als_v6_US East_3': 15, 'D4ads_v6_US East_1': 15, 'D4ads_v6_US East_2': 15, 'D4ads_v6_US East_3': 15, 'D4alds_v6_US East_1': 15, 'D4alds_v6_US East_2': 15, 'D4alds_v6_US East_3': 15, 'D4als_v6_US East_1': 15, 'D4als_v6_US East_2': 15, 'D4als_v6_US East_3': 15, 'D4as_v6_US East_1': 15, 'D4as_v6_US East_2': 15, 'D4as_v6_US East_3': 15, 'D4pds_v5_US East_1': 15, 'D4pds_v5_US East_2': 15, 'D4pds_v5_US East_3': 15, 'D4plds_v5_US East_1': 15, 'D4plds_v5_US East_2': 15, 'D4plds_v5_US East_3': 15, 'D4pls_v5_US East_1': 15, 'D4pls_v5_US East_2': 15, 'D4pls_v5_US East_3': 15, 'D4ps_v5_US East_1': 15, 'D4ps_v5_US East_2': 15, 'D4ps_v5_US East_3': 15, 'D64ads_v6_US East_3': 15, 'D64alds_v6_US East_3': 15, 'D64als_v6_US East_3': 15, 'D64as_v6_US East_1': 15, 'D8ads_v6_US East_2': 15, 'D8ads_v6_US East_3': 15, 'D8alds_v6_US East_2': 15, 'D8alds_v6_US East_3': 15, 'D8als_v6_US East_1': 15, 'D8als_v6_US East_3': 15, 'D8as_v6_US East_1': 15, 'D8as_v6_US East_3': 15, 'D8plds_v5_US East_1': 15, 'D8plds_v5_US East_2': 15, 'D8plds_v5_US East_3': 15, 'D8pls_v5_US East_1': 15, 'D8pls_v5_US East_2': 15, 'D8pls_v5_US East_3': 15, 'D8ps_v5_US East_1': 15, 'D8ps_v5_US East_2': 15, 'D8ps_v5_US East_3': 15, 'D96ads_v6_US East_1': 15, 'D96alds_v6_US East_1': 15, 'D96als_v6_US East_1': 15, 'D96as_v6_US East_1': 15, 'E16ads_v6_US East_1': 15, 'E16ads_v6_US East_3': 15, 'E16as_v6_US East_2': 15, 'E16as_v6_US East_3': 15, 'E20ads_v6_US East_2': 15, 'E20ads_v6_US East_3': 15, 'E20as_v6_US East_1': 15, 'E20as_v6_US East_3': 15, 'E32ads_v6_US East_2': 15, 'E32as_v6_US East_2': 15, 'E48ads_v6_US East_1': 15, 'E48as_v6_US East_3': 15, 'E4ads_v6_US East_1': 15, 'E4ads_v6_US East_2': 15, 'E4as_v6_US East_1': 15, 'E4as_v6_US East_3': 15, 'E4ps_v5_US East_1': 15, 'E4ps_v5_US East_2': 15, 'E4ps_v5_US East_3': 15, 'E64ads_v6_US East_3': 15, 'E64as_v6_US East_3': 15, 'E8ads_v6_US East_1': 15, 'E8ads_v6_US East_3': 15, 'E8as_v6_US East_2': 15, 'E8as_v6_US East_3': 15, 'E8ps_v5_US East_1': 15, 'E96ads_v6_US East_1': 15, 'E96as_v6_US East_1': 15, 'F16als_v6_US East_1': 15, 'F16als_v6_US East_3': 15, 'F16ams_v6_US East_2': 15, 'F16ams_v6_US East_3': 15, 'F16as_v6_US East_1': 15, 'F16as_v6_US East_3': 15, 'F32als_v6_US East_2': 15, 'F32ams_v6_US East_2': 15, 'F32as_v6_US East_2': 15, 'F48als_v6_US East_1': 15, 'F48ams_v6_US East_3': 15, 'F48as_v6_US East_2': 15, 'F4als_v6_US East_1': 15, 'F4als_v6_US East_3': 15, 'F4ams_v6_US East_2': 15, 'F4ams_v6_US East_3': 15, 'F4as_v6_US East_2': 15, 'F4as_v6_US East_3': 15, 'F64als_v6_US East_3': 15, 'F64ams_v6_US East_3': 15, 'F64as_v6_US East_3': 15, 'F8als_v6_US East_1': 15, 'F8als_v6_US East_2': 15, 'F8ams_v6_US East_1': 15, 'F8ams_v6_US East_3': 15, 'F8as_v6_US East_2': 15, 'F8as_v6_US East_3': 15, 'NV4as_v4_US East_1': 15, 'NV4as_v4_US East_2': 15, 'NV4as_v4_US East_3': 15, 'NV8as_v4_US East_1': 15, 'NV8as_v4_US East_2': 15, 'NV8as_v4_US East_3': 15}"
0.64,495.71404500000017,337078181,679985.1335662674,11010,10895,"{'D16ads_v6_US East_2': 15, 'D16ads_v6_US East_3': 15, 'D16alds_v6_US East_1': 15, 'D16alds_v6_US East_2': 15, 'D16als_v6_US East_2': 15, 'D16als_v6_US East_3': 15, 'D16as_v6_US East_1': 15, 'D16as_v6_US East_2': 15, 'D16pds_v5_US East_2': 15, 'D16plds_v5_US East_1': 15, 'D16plds_v5_US East_3': 15, 'D16pls_v5_US East_2': 15, 'D16pls_v5_US East_3': 15, 'D16ps_v5_US East_2': 15, 'D32ads_v6_US East_1': 15, 'D32ads_v6_US East_3': 15, 'D32alds_v6_US East_2': 15, 'D32alds_v6_US East_3': 15, 'D32als_v6_US East_2': 15, 'D32als_v6_US East_3': 15, 'D32as_v6_US East_1': 15, 'D32as_v6_US East_3': 15, 'D32plds_v5_US East_1': 15, 'D32pls_v5_US East_3': 15, 'D48ads_v6_US East_3': 15, 'D48alds_v6_US East_3': 15, 'D48als_v6_US East_2': 15, 'D48als_v6_US East_3': 15, 'D4ads_v6_US East_1': 15, 'D4ads_v6_US East_2': 15, 'D4ads_v6_US East_3': 15, 'D4alds_v6_US East_1': 15, 'D4alds_v6_US East_2': 15, 'D4alds_v6_US East_3': 15, 'D4als_v6_US East_1': 15, 'D4als_v6_US East_2': 15, 'D4als_v6_US East_3': 15, 'D4as_v6_US East_1': 15, 'D4as_v6_US East_2': 15, 'D4as_v6_US East_3': 15, 'D4pds_v5_US East_1': 15, 'D4pds_v5_US East_2': 15, 'D4pds_v5_US East_3': 15, 'D4plds_v5_US East_1': 15, 'D4plds_v5_US East_2': 15, 'D4plds_v5_US East_3': 15, 'D4pls_v5_US East_1': 15, 'D4pls_v5_US East_2': 15, 'D4pls_v5_US East_3': 15, 'D4ps_v5_US East_1': 15, 'D4ps_v5_US East_2': 15, 'D4ps_v5_US East_3': 15, 'D64ads_v6_US East_3': 15, 'D64alds_v6_US East_3': 15, 'D64als_v6_US East_3': 15, 'D64as_v6_US East_1': 15, 'D8ads_v6_US East_2': 15, 'D8ads_v6_US East_3': 15, 'D8alds_v6_US East_2': 15, 'D8alds_v6_US East_3': 15, 'D8als_v6_US East_1': 15, 'D8als_v6_US East_3': 15, 'D8as_v6_US East_1': 15, 'D8as_v6_US East_3': 15, 'D8plds_v5_US East_1': 15, 'D8plds_v5_US East_2': 15, 'D8plds_v5_US East_3': 15, 'D8pls_v5_US East_1': 15, 'D8pls_v5_US East_2': 15, 'D8pls_v5_US East_3': 15, 'D8ps_v5_US East_1': 15, 'D8ps_v5_US East_2': 15, 'D8ps_v5_US East_3': 15, 'D96ads_v6_US East_1': 15, 'D96alds_v6_US East_1': 15, 'D96als_v6_US East_1': 15, 'D96as_v6_US East_1': 15, 'E16ads_v6_US East_1': 15, 'E16ads_v6_US East_3': 15, 'E16as_v6_US East_2': 15, 'E16as_v6_US East_3': 15, 'E20ads_v6_US East_2': 15, 'E20ads_v6_US East_3': 15, 'E20as_v6_US East_1': 15, 'E20as_v6_US East_3': 15, 'E32ads_v6_US East_2': 15, 'E32as_v6_US East_2': 15, 'E48ads_v6_US East_1': 15, 'E48as_v6_US East_3': 15, 'E4ads_v6_US East_1': 15, 'E4ads_v6_US East_2': 15, 'E4as_v6_US East_1': 15, 'E4as_v6_US East_3': 15, 'E4ps_v5_US East_1': 15, 'E4ps_v5_US East_2': 15, 'E4ps_v5_US East_3': 15, 'E64ads_v6_US East_3': 15, 'E64as_v6_US East_3': 15, 'E8ads_v6_US East_1': 15, 'E8ads_v6_US East_3': 15, 'E8as_v6_US East_2': 15, 'E8as_v6_US East_3': 15, 'E8ps_v5_US East_1': 15, 'E96ads_v6_US East_1': 15, 'E96as_v6_US East_1': 15, 'F16als_v6_US East_1': 15, 'F16als_v6_US East_3': 15, 'F16ams_v6_US East_2': 15, 'F16ams_v6_US East_3': 15, 'F16as_v6_US East_1': 15, 'F16as_v6_US East_3': 15, 'F32als_v6_US East_2': 15, 'F32ams_v6_US East_2': 15, 'F32as_v6_US East_2': 15, 'F48als_v6_US East_1': 15, 'F48ams_v6_US East_3': 15, 'F48as_v6_US East_2': 15, 'F4als_v6_US East_1': 15, 'F4als_v6_US East_3': 15, 'F4ams_v6_US East_2': 15, 'F4ams_v6_US East_3': 15, 'F4as_v6_US East_2': 15, 'F4as_v6_US East_3': 15, 'F64als_v6_US East_3': 15, 'F64ams_v6_US East_3': 15, 'F64as_v6_US East_3': 15, 'F8als_v6_US East_1': 15, 'F8als_v6_US East_2': 15, 'F8ams_v6_US East_1': 15, 'F8ams_v6_US East_3': 15, 'F8as_v6_US East_2': 15, 'F8as_v6_US East_3': 15, 'NV4as_v4_US East_1': 15, 'NV4as_v4_US East_2': 15, 'NV4as_v4_US East_3': 15, 'NV8as_v4_US East_1': 15, 'NV8as_v4_US East_2': 15, 'NV8as_v4_US East_3': 15}"
0.65,495.71404500000017,337078181,679985.1335662674,11010,10895,"{'D16ads_v6_US East_2': 15, 'D16ads_v6_US East_3': 15, 'D16alds_v6_US East_1': 15, 'D16alds_v6_US East_2': 15, 'D16als_v6_US East_2': 15, 'D16als_v6_US East_3': 15, 'D16as_v6_US East_1': 15, 'D16as_v6_US East_2': 15, 'D16pds_v5_US East_2': 15, 'D16plds_v5_US East_1': 15, 'D16plds_v5_US East_3': 15, 'D16pls_v5_US East_2': 15, 'D16pls_v5_US East_3': 15, 'D16ps_v5_US East_2': 15, 'D32ads_v6_US East_1': 15, 'D32ads_v6_US East_3': 15, 'D32alds_v6_US East_2': 15, 'D32alds_v6_US East_3': 15, 'D32als_v6_US East_2': 15, 'D32als_v6_US East_3': 15, 'D32as_v6_US East_1': 15, 'D32as_v6_US East_3': 15, 'D32plds_v5_US East_1': 15, 'D32pls_v5_US East_3': 15, 'D48ads_v6_US East_3': 15, 'D48alds_v6_US East_3': 15, 'D48als_v6_US East_2': 15, 'D48als_v6_US East_3': 15, 'D4ads_v6_US East_1': 15, 'D4ads_v6_US East_2': 15, 'D4ads_v6_US East_3': 15, 'D4alds_v6_US East_1': 15, 'D4alds_v6_US East_2': 15, 'D4alds_v6_US East_3': 15, 'D4als_v6_US East_1': 15, 'D4als_v6_US East_2': 15, 'D4als_v6_US East_3': 15, 'D4as_v6_US East_1': 15, 'D4as_v6_US East_2': 15, 'D4as_v6_US East_3': 15, 'D4pds_v5_US East_1': 15, 'D4pds_v5_US East_2': 15, 'D4pds_v5_US East_3': 15, 'D4plds_v5_US East_1': 15, 'D4plds_v5_US East_2': 15, 'D4plds_v5_US East_3': 15, 'D4pls_v5_US East_1': 15, 'D4pls_v5_US East_2': 15, 'D4pls_v5_US East_3': 15, 'D4ps_v5_US East_1': 15, 'D4ps_v5_US East_2': 15, 'D4ps_v5_US East_3': 15, 'D64ads_v6_US East_3': 15, 'D64alds_v6_US East_3': 15, 'D64als_v6_US East_3': 15, 'D64as_v6_US East_1': 15, 'D8ads_v6_US East_2': 15, 'D8ads_v6_US East_3': 15, 'D8alds_v6_US East_2': 15, 'D8alds_v6_US East_3': 15, 'D8als_v6_US East_1': 15, 'D8als_v6_US East_3': 15, 'D8as_v6_US East_1': 15, 'D8as_v6_US East_3': 15, 'D8plds_v5_US East_1': 15, 'D8plds_v5_US East_2': 15, 'D8plds_v5_US East_3': 15, 'D8pls_v5_US East_1': 15, 'D8pls_v5_US East_2': 15, 'D8pls_v5_US East_3': 15, 'D8ps_v5_US East_1': 15, 'D8ps_v5_US East_2': 15, 'D8ps_v5_US East_3': 15, 'D96ads_v6_US East_1': 15, 'D96alds_v6_US East_1': 15, 'D96als_v6_US East_1': 15, 'D96as_v6_US East_1': 15, 'E16ads_v6_US East_1': 15, 'E16ads_v6_US East_3': 15, 'E16as_v6_US East_2': 15, 'E16as_v6_US East_3': 15, 'E20ads_v6_US East_2': 15, 'E20ads_v6_US East_3': 15, 'E20as_v6_US East_1': 15, 'E20as_v6_US East_3': 15, 'E32ads_v6_US East_2': 15, 'E32as_v6_US East_2': 15, 'E48ads_v6_US East_1': 15, 'E48as_v6_US East_3': 15, 'E4ads_v6_US East_1': 15, 'E4ads_v6_US East_2': 15, 'E4as_v6_US East_1': 15, 'E4as_v6_US East_3': 15, 'E4ps_v5_US East_1': 15, 'E4ps_v5_US East_2': 15, 'E4ps_v5_US East_3': 15, 'E64ads_v6_US East_3': 15, 'E64as_v6_US East_3': 15, 'E8ads_v6_US East_1': 15, 'E8ads_v6_US East_3': 15, 'E8as_v6_US East_2': 15, 'E8as_v6_US East_3': 15, 'E8ps_v5_US East_1': 15, 'E96ads_v6_US East_1': 15, 'E96as_v6_US East_1': 15, 'F16als_v6_US East_1': 15, 'F16als_v6_US East_3': 15, 'F16ams_v6_US East_2': 15, 'F16ams_v6_US East_3': 15, 'F16as_v6_US East_1': 15, 'F16as_v6_US East_3': 15, 'F32als_v6_US East_2': 15, 'F32ams_v6_US East_2': 15, 'F32as_v6_US East_2': 15, 'F48als_v6_US East_1': 15, 'F48ams_v6_US East_3': 15, 'F48as_v6_US East_2': 15, 'F4als_v6_US East_1': 15, 'F4als_v6_US East_3': 15, 'F4ams_v6_US East_2': 15, 'F4ams_v6_US East_3': 15, 'F4as_v6_US East_2': 15, 'F4as_v6_US East_3': 15, 'F64als_v6_US East_3': 15, 'F64ams_v6_US East_3': 15, 'F64as_v6_US East_3': 15, 'F8als_v6_US East_1': 15, 'F8als_v6_US East_2': 15, 'F8ams_v6_US East_1': 15, 'F8ams_v6_US East_3': 15, 'F8as_v6_US East_2': 15, 'F8as_v6_US East_3': 15, 'NV4as_v4_US East_1': 15, 'NV4as_v4_US East_2': 15, 'NV4as_v4_US East_3': 15, 'NV8as_v4_US East_1': 15, 'NV8as_v4_US East_2': 15, 'NV8as_v4_US East_3': 15}"
0.66,495.71404500000017,337078181,679985.1335662674,11010,10895,"{'D16ads_v6_US East_2': 15, 'D16ads_v6_US East_3': 15, 'D16alds_v6_US East_1': 15, 'D16alds_v6_US East_2': 15, 'D16als_v6_US East_2': 15, 'D16als_v6_US East_3': 15, 'D16as_v6_US East_1': 15, 'D16as_v6_US East_2': 15, 'D16pds_v5_US East_2': 15, 'D16plds_v5_US East_1': 15, 'D16plds_v5_US East_3': 15, 'D16pls_v5_US East_2': 15, 'D16pls_v5_US East_3': 15, 'D16ps_v5_US East_2': 15, 'D32ads_v6_US East_1': 15, 'D32ads_v6_US East_3': 15, 'D32alds_v6_US East_2': 15, 'D32alds_v6_US East_3': 15, 'D32als_v6_US East_2': 15, 'D32als_v6_US East_3': 15, 'D32as_v6_US East_1': 15, 'D32as_v6_US East_3': 15, 'D32plds_v5_US East_1': 15, 'D32pls_v5_US East_3': 15, 'D48ads_v6_US East_3': 15, 'D48alds_v6_US East_3': 15, 'D48als_v6_US East_2': 15, 'D48als_v6_US East_3': 15, 'D4ads_v6_US East_1': 15, 'D4ads_v6_US East_2': 15, 'D4ads_v6_US East_3': 15, 'D4alds_v6_US East_1': 15, 'D4alds_v6_US East_2': 15, 'D4alds_v6_US East_3': 15, 'D4als_v6_US East_1': 15, 'D4als_v6_US East_2': 15, 'D4als_v6_US East_3': 15, 'D4as_v6_US East_1': 15, 'D4as_v6_US East_2': 15, 'D4as_v6_US East_3': 15, 'D4pds_v5_US East_1': 15, 'D4pds_v5_US East_2': 15, 'D4pds_v5_US East_3': 15, 'D4plds_v5_US East_1': 15, 'D4plds_v5_US East_2': 15, 'D4plds_v5_US East_3': 15, 'D4pls_v5_US East_1': 15, 'D4pls_v5_US East_2': 15, 'D4pls_v5_US East_3': 15, 'D4ps_v5_US East_1': 15, 'D4ps_v5_US East_2': 15, 'D4ps_v5_US East_3': 15, 'D64ads_v6_US East_3': 15, 'D64alds_v6_US East_3': 15, 'D64als_v6_US East_3': 15, 'D64as_v6_US East_1': 15, 'D8ads_v6_US East_2': 15, 'D8ads_v6_US East_3': 15, 'D8alds_v6_US East_2': 15, 'D8alds_v6_US East_3': 15, 'D8als_v6_US East_1': 15, 'D8als_v6_US East_3': 15, 'D8as_v6_US East_1': 15, 'D8as_v6_US East_3': 15, 'D8plds_v5_US East_1': 15, 'D8plds_v5_US East_2': 15, 'D8plds_v5_US East_3': 15, 'D8pls_v5_US East_1': 15, 'D8pls_v5_US East_2': 15, 'D8pls_v5_US East_3': 15, 'D8ps_v5_US East_1': 15, 'D8ps_v5_US East_2': 15, 'D8ps_v5_US East_3': 15, 'D96ads_v6_US East_1': 15, 'D96alds_v6_US East_1': 15, 'D96als_v6_US East_1': 15, 'D96as_v6_US East_1': 15, 'E16ads_v6_US East_1': 15, 'E16ads_v6_US East_3': 15, 'E16as_v6_US East_2': 15, 'E16as_v6_US East_3': 15, 'E20ads_v6_US East_2': 15, 'E20ads_v6_US East_3': 15, 'E20as_v6_US East_1': 15, 'E20as_v6_US East_3': 15, 'E32ads_v6_US East_2': 15, 'E32as_v6_US East_2': 15, 'E48ads_v6_US East_1': 15, 'E48as_v6_US East_3': 15, 'E4ads_v6_US East_1': 15, 'E4ads_v6_US East_2': 15, 'E4as_v6_US East_1': 15, 'E4as_v6_US East_3': 15, 'E4ps_v5_US East_1': 15, 'E4ps_v5_US East_2': 15, 'E4ps_v5_US East_3': 15, 'E64ads_v6_US East_3': 15, 'E64as_v6_US East_3': 15, 'E8ads_v6_US East_1': 15, 'E8ads_v6_US East_3': 15, 'E8as_v6_US East_2': 15, 'E8as_v6_US East_3': 15, 'E8ps_v5_US East_1': 15, 'E96ads_v6_US East_1': 15, 'E96as_v6_US East_1': 15, 'F16als_v6_US East_1': 15, 'F16als_v6_US East_3': 15, 'F16ams_v6_US East_2': 15, 'F16ams_v6_US East_3': 15, 'F16as_v6_US East_1': 15, 'F16as_v6_US East_3': 15, 'F32als_v6_US East_2': 15, 'F32ams_v6_US East_2': 15, 'F32as_v6_US East_2': 15, 'F48als_v6_US East_1': 15, 'F48ams_v6_US East_3': 15, 'F48as_v6_US East_2': 15, 'F4als_v6_US East_1': 15, 'F4als_v6_US East_3': 15, 'F4ams_v6_US East_2': 15, 'F4ams_v6_US East_3': 15, 'F4as_v6_US East_2': 15, 'F4as_v6_US East_3': 15, 'F64als_v6_US East_3': 15, 'F64ams_v6_US East_3': 15, 'F64as_v6_US East_3': 15, 'F8als_v6_US East_1': 15, 'F8als_v6_US East_2': 15, 'F8ams_v6_US East_1': 15, 'F8ams_v6_US East_3': 15, 'F8as_v6_US East_2': 15, 'F8as_v6_US East_3': 15, 'NV4as_v4_US East_1': 15, 'NV4as_v4_US East_2': 15, 'NV4as_v4_US East_3': 15, 'NV8as_v4_US East_1': 15, 'NV8as_v4_US East_2': 15, 'NV8as_v4_US East_3': 15}"
0.67,516.205845,342847942,664169.0438433527,11190,11075,"{'D16ads_v6_US East_2': 15, 'D16ads_v6_US East_3': 15, 'D16alds_v6_US East_1': 15, 'D16alds_v6_US East_2': 15, 'D16als_v6_US East_2': 15, 'D16als_v6_US East_3': 15, 'D16as_v6_US East_1': 15, 'D16as_v6_US East_2': 15, 'D16pds_v5_US East_2': 15, 'D16plds_v5_US East_1': 15, 'D16plds_v5_US East_3': 15, 'D16pls_v5_US East_2': 15, 'D16pls_v5_US East_3': 15, 'D16ps_v5_US East_2': 15, 'D32ads_v6_US East_1': 15, 'D32ads_v6_US East_3': 15, 'D32alds_v6_US East_2': 15, 'D32alds_v6_US East_3': 15, 'D32als_v6_US East_2': 15, 'D32als_v6_US East_3': 15, 'D32as_v6_US East_1': 15, 'D32as_v6_US East_3': 15, 'D32plds_v5_US East_1': 15, 'D32pls_v5_US East_3': 15, 'D48ads_v6_US East_3': 15, 'D48alds_v6_US East_3': 15, 'D48als_v6_US East_2': 15, 'D48als_v6_US East_3': 15, 'D4ads_v6_US East_1': 15, 'D4ads_v6_US East_2': 15, 'D4ads_v6_US East_3': 15, 'D4alds_v6_US East_1': 15, 'D4alds_v6_US East_2': 15, 'D4alds_v6_US East_3': 15, 'D4als_v6_US East_1': 15, 'D4als_v6_US East_2': 15, 'D4als_v6_US East_3': 15, 'D4as_v6_US East_1': 15, 'D4as_v6_US East_2': 15, 'D4as_v6_US East_3': 15, 'D4pds_v5_US East_1': 15, 'D4pds_v5_US East_2': 15, 'D4pds_v5_US East_3': 15, 'D4plds_v5_US East_1': 15, 'D4plds_v5_US East_2': 15, 'D4plds_v5_US East_3': 15, 'D4pls_v5_US East_1': 15, 'D4pls_v5_US East_2': 15, 'D4pls_v5_US East_3': 15, 'D4ps_v5_US East_1': 15, 'D4ps_v5_US East_2': 15, 'D4ps_v5_US East_3': 15, 'D64ads_v6_US East_3': 15, 'D64alds_v6_US East_3': 15, 'D64als_v6_US East_3': 15, 'D64as_v6_US East_1': 15, 'D8ads_v6_US East_2': 15, 'D8ads_v6_US East_3': 15, 'D8alds_v6_US East_2': 15, 'D8alds_v6_US East_3': 15, 'D8als_v6_US East_1': 15, 'D8als_v6_US East_3': 15, 'D8as_v6_US East_1': 15, 'D8as_v6_US East_3': 15, 'D8plds_v5_US East_1': 15, 'D8plds_v5_US East_2': 15, 'D8plds_v5_US East_3': 15, 'D8pls_v5_US East_1': 15, 'D8pls_v5_US East_2': 15, 'D8pls_v5_US East_3': 15, 'D8ps_v5_US East_1': 15, 'D8ps_v5_US East_2': 15, 'D8ps_v5_US East_3': 15, 'D96ads_v6_US East_1': 15, 'D96alds_v6_US East_1': 15, 'D96als_v6_US East_1': 15, 'D96as_v6_US East_1': 15, 'E16ads_v6_US East_1': 15, 'E16ads_v6_US East_3': 15, 'E16as_v6_US East_2': 15, 'E16as_v6_US East_3': 15, 'E20ads_v6_US East_2': 15, 'E20ads_v6_US East_3': 15, 'E20as_v6_US East_1': 15, 'E20as_v6_US East_3': 15, 'E32ads_v6_US East_2': 15, 'E32as_v6_US East_2': 15, 'E48ads_v6_US East_1': 15, 'E48as_v6_US East_3': 15, 'E4ads_v6_US East_1': 15, 'E4ads_v6_US East_2': 15, 'E4as_v6_US East_1': 15, 'E4as_v6_US East_3': 15, 'E4ps_v5_US East_1': 15, 'E4ps_v5_US East_2': 15, 'E4ps_v5_US East_3': 15, 'E64ads_v6_US East_3': 15, 'E64as_v6_US East_3': 15, 'E8ads_v6_US East_1': 15, 'E8ads_v6_US East_3': 15, 'E8as_v6_US East_2': 15, 'E8as_v6_US East_3': 15, 'E8ps_v5_US East_1': 15, 'E96-48ads_v6_US East_3': 15, 'E96ads_v6_US East_1': 15, 'E96as_v6_US East_1': 15, 'F16als_v6_US East_1': 15, 'F16als_v6_US East_3': 15, 'F16ams_v6_US East_2': 15, 'F16ams_v6_US East_3': 15, 'F16as_v6_US East_1': 15, 'F16as_v6_US East_3': 15, 'F32als_v6_US East_2': 15, 'F32ams_v6_US East_2': 15, 'F32as_v6_US East_2': 15, 'F48als_v6_US East_1': 15, 'F48ams_v6_US East_3': 15, 'F48as_v6_US East_2': 15, 'F4als_v6_US East_1': 15, 'F4als_v6_US East_3': 15, 'F4ams_v6_US East_2': 15, 'F4ams_v6_US East_3': 15, 'F4as_v6_US East_2': 15, 'F4as_v6_US East_3': 15, 'F64als_v6_US East_3': 15, 'F64ams_v6_US East_3': 15, 'F64as_v6_US East_3': 15, 'F8als_v6_US East_1': 15, 'F8als_v6_US East_2': 15, 'F8ams_v6_US East_1': 15, 'F8ams_v6_US East_3': 15, 'F8as_v6_US East_2': 15, 'F8as_v6_US East_3': 15, 'NV4as_v4_US East_1': 15, 'NV4as_v4_US East_2': 15, 'NV4as_v4_US East_3': 15, 'NV8as_v4_US East_1': 15, 'NV8as_v4_US East_2': 15, 'NV8as_v4_US East_3': 15}"
0.68,516.205845,342847942,664169.0438433527,11190,11075,"{'D16ads_v6_US East_2': 15, 'D16ads_v6_US East_3': 15, 'D16alds_v6_US East_1': 15, 'D16alds_v6_US East_2': 15, 'D16als_v6_US East_2': 15, 'D16als_v6_US East_3': 15, 'D16as_v6_US East_1': 15, 'D16as_v6_US East_2': 15, 'D16pds_v5_US East_2': 15, 'D16plds_v5_US East_1': 15, 'D16plds_v5_US East_3': 15, 'D16pls_v5_US East_2': 15, 'D16pls_v5_US East_3': 15, 'D16ps_v5_US East_2': 15, 'D32ads_v6_US East_1': 15, 'D32ads_v6_US East_3': 15, 'D32alds_v6_US East_2': 15, 'D32alds_v6_US East_3': 15, 'D32als_v6_US East_2': 15, 'D32als_v6_US East_3': 15, 'D32as_v6_US East_1': 15, 'D32as_v6_US East_3': 15, 'D32plds_v5_US East_1': 15, 'D32pls_v5_US East_3': 15, 'D48ads_v6_US East_3': 15, 'D48alds_v6_US East_3': 15, 'D48als_v6_US East_2': 15, 'D48als_v6_US East_3': 15, 'D4ads_v6_US East_1': 15, 'D4ads_v6_US East_2': 15, 'D4ads_v6_US East_3': 15, 'D4alds_v6_US East_1': 15, 'D4alds_v6_US East_2': 15, 'D4alds_v6_US East_3': 15, 'D4als_v6_US East_1': 15, 'D4als_v6_US East_2': 15, 'D4als_v6_US East_3': 15, 'D4as_v6_US East_1': 15, 'D4as_v6_US East_2': 15, 'D4as_v6_US East_3': 15, 'D4pds_v5_US East_1': 15, 'D4pds_v5_US East_2': 15, 'D4pds_v5_US East_3': 15, 'D4plds_v5_US East_1': 15, 'D4plds_v5_US East_2': 15, 'D4plds_v5_US East_3': 15, 'D4pls_v5_US East_1': 15, 'D4pls_v5_US East_2': 15, 'D4pls_v5_US East_3': 15, 'D4ps_v5_US East_1': 15, 'D4ps_v5_US East_2': 15, 'D4ps_v5_US East_3': 15, 'D64ads_v6_US East_3': 15, 'D64alds_v6_US East_3': 15, 'D64als_v6_US East_3': 15, 'D64as_v6_US East_1': 15, 'D8ads_v6_US East_2': 15, 'D8ads_v6_US East_3': 15, 'D8alds_v6_US East_2': 15, 'D8alds_v6_US East_3': 15, 'D8als_v6_US East_1': 15, 'D8als_v6_US East_3': 15, 'D8as_v6_US East_1': 15, 'D8as_v6_US East_3': 15, 'D8plds_v5_US East_1': 15, 'D8plds_v5_US East_2': 15, 'D8plds_v5_US East_3': 15, 'D8pls_v5_US East_1': 15, 'D8pls_v5_US East_2': 15, 'D8pls_v5_US East_3': 15, 'D8ps_v5_US East_1': 15, 'D8ps_v5_US East_2': 15, 'D8ps_v5_US East_3': 15, 'D96ads_v6_US East_1': 15, 'D96alds_v6_US East_1': 15, 'D96als_v6_US East_1': 15, 'D96as_v6_US East_1': 15, 'E16ads_v6_US East_1': 15, 'E16ads_v6_US East_3': 15, 'E16as_v6_US East_2': 15, 'E16as_v6_US East_3': 15, 'E20ads_v6_US East_2': 15, 'E20ads_v6_US East_3': 15, 'E20as_v6_US East_1': 15, 'E20as_v6_US East_3': 15, 'E32ads_v6_US East_2': 15, 'E32as_v6_US East_2': 15, 'E48ads_v6_US East_1': 15, 'E48as_v6_US East_3': 15, 'E4ads_v6_US East_1': 15, 'E4ads_v6_US East_2': 15, 'E4as_v6_US East_1': 15, 'E4as_v6_US East_3': 15, 'E4ps_v5_US East_1': 15, 'E4ps_v5_US East_2': 15, 'E4ps_v5_US East_3': 15, 'E64ads_v6_US East_3': 15, 'E64as_v6_US East_3': 15, 'E8ads_v6_US East_1': 15, 'E8ads_v6_US East_3': 15, 'E8as_v6_US East_2': 15, 'E8as_v6_US East_3': 15, 'E8ps_v5_US East_1': 15, 'E96-48ads_v6_US East_3': 15, 'E96ads_v6_US East_1': 15, 'E96as_v6_US East_1': 15, 'F16als_v6_US East_1': 15, 'F16als_v6_US East_3': 15, 'F16ams_v6_US East_2': 15, 'F16ams_v6_US East_3': 15, 'F16as_v6_US East_1': 15, 'F16as_v6_US East_3': 15, 'F32als_v6_US East_2': 15, 'F32ams_v6_US East_2': 15, 'F32as_v6_US East_2': 15, 'F48als_v6_US East_1': 15, 'F48ams_v6_US East_3': 15, 'F48as_v6_US East_2': 15, 'F4als_v6_US East_1': 15, 'F4als_v6_US East_3': 15, 'F4ams_v6_US East_2': 15, 'F4ams_v6_US East_3': 15, 'F4as_v6_US East_2': 15, 'F4as_v6_US East_3': 15, 'F64als_v6_US East_3': 15, 'F64ams_v6_US East_3': 15, 'F64as_v6_US East_3': 15, 'F8als_v6_US East_1': 15, 'F8als_v6_US East_2': 15, 'F8ams_v6_US East_1': 15, 'F8ams_v6_US East_3': 15, 'F8as_v6_US East_2': 15, 'F8as_v6_US East_3': 15, 'NV4as_v4_US East_1': 15, 'NV4as_v4_US East_2': 15, 'NV4as_v4_US East_3': 15, 'NV8as_v4_US East_1': 15, 'NV8as_v4_US East_2': 15, 'NV8as_v4_US East_3': 15}"
0.6900000000000001,516.205845,342847942,664169.0438433527,11190,11075,"{'D16ads_v6_US East_2': 15, 'D16ads_v6_US East_3': 15, 'D16alds_v6_US East_1': 15, 'D16alds_v6_US East_2': 15, 'D16als_v6_US East_2': 15, 'D16als_v6_US East_3': 15, 'D16as_v6_US East_1': 15, 'D16as_v6_US East_2': 15, 'D16pds_v5_US East_2': 15, 'D16plds_v5_US East_1': 15, 'D16plds_v5_US East_3': 15, 'D16pls_v5_US East_2': 15, 'D16pls_v5_US East_3': 15, 'D16ps_v5_US East_2': 15, 'D32ads_v6_US East_1': 15, 'D32ads_v6_US East_3': 15, 'D32alds_v6_US East_2': 15, 'D32alds_v6_US East_3': 15, 'D32als_v6_US East_2': 15, 'D32als_v6_US East_3': 15, 'D32as_v6_US East_1': 15, 'D32as_v6_US East_3': 15, 'D32plds_v5_US East_1': 15, 'D32pls_v5_US East_3': 15, 'D48ads_v6_US East_3': 15, 'D48alds_v6_US East_3': 15, 'D48als_v6_US East_2': 15, 'D48als_v6_US East_3': 15, 'D4ads_v6_US East_1': 15, 'D4ads_v6_US East_2': 15, 'D4ads_v6_US East_3': 15, 'D4alds_v6_US East_1': 15, 'D4alds_v6_US East_2': 15, 'D4alds_v6_US East_3': 15, 'D4als_v6_US East_1': 15, 'D4als_v6_US East_2': 15, 'D4als_v6_US East_3': 15, 'D4as_v6_US East_1': 15, 'D4as_v6_US East_2': 15, 'D4as_v6_US East_3': 15, 'D4pds_v5_US East_1': 15, 'D4pds_v5_US East_2': 15, 'D4pds_v5_US East_3': 15, 'D4plds_v5_US East_1': 15, 'D4plds_v5_US East_2': 15, 'D4plds_v5_US East_3': 15, 'D4pls_v5_US East_1': 15, 'D4pls_v5_US East_2': 15, 'D4pls_v5_US East_3': 15, 'D4ps_v5_US East_1': 15, 'D4ps_v5_US East_2': 15, 'D4ps_v5_US East_3': 15, 'D64ads_v6_US East_3': 15, 'D64alds_v6_US East_3': 15, 'D64als_v6_US East_3': 15, 'D64as_v6_US East_1': 15, 'D8ads_v6_US East_2': 15, 'D8ads_v6_US East_3': 15, 'D8alds_v6_US East_2': 15, 'D8alds_v6_US East_3': 15, 'D8als_v6_US East_1': 15, 'D8als_v6_US East_3': 15, 'D8as_v6_US East_1': 15, 'D8as_v6_US East_3': 15, 'D8plds_v5_US East_1': 15, 'D8plds_v5_US East_2': 15, 'D8plds_v5_US East_3': 15, 'D8pls_v5_US East_1': 15, 'D8pls_v5_US East_2': 15, 'D8pls_v5_US East_3': 15, 'D8ps_v5_US East_1': 15, 'D8ps_v5_US East_2': 15, 'D8ps_v5_US East_3': 15, 'D96ads_v6_US East_1': 15, 'D96alds_v6_US East_1': 15, 'D96als_v6_US East_1': 15, 'D96as_v6_US East_1': 15, 'E16ads_v6_US East_1': 15, 'E16ads_v6_US East_3': 15, 'E16as_v6_US East_2': 15, 'E16as_v6_US East_3': 15, 'E20ads_v6_US East_2': 15, 'E20ads_v6_US East_3': 15, 'E20as_v6_US East_1': 15, 'E20as_v6_US East_3': 15, 'E32ads_v6_US East_2': 15, 'E32as_v6_US East_2': 15, 'E48ads_v6_US East_1': 15, 'E48as_v6_US East_3': 15, 'E4ads_v6_US East_1': 15, 'E4ads_v6_US East_2': 15, 'E4as_v6_US East_1': 15, 'E4as_v6_US East_3': 15, 'E4ps_v5_US East_1': 15, 'E4ps_v5_US East_2': 15, 'E4ps_v5_US East_3': 15, 'E64ads_v6_US East_3': 15, 'E64as_v6_US East_3': 15, 'E8ads_v6_US East_1': 15, 'E8ads_v6_US East_3': 15, 'E8as_v6_US East_2': 15, 'E8as_v6_US East_3': 15, 'E8ps_v5_US East_1': 15, 'E96-48ads_v6_US East_3': 15, 'E96ads_v6_US East_1': 15, 'E96as_v6_US East_1': 15, 'F16als_v6_US East_1': 15, 'F16als_v6_US East_3': 15, 'F16ams_v6_US East_2': 15, 'F16ams_v6_US East_3': 15, 'F16as_v6_US East_1': 15, 'F16as_v6_US East_3': 15, 'F32als_v6_US East_2': 15, 'F32ams_v6_US East_2': 15, 'F32as_v6_US East_2': 15, 'F48als_v6_US East_1': 15, 'F48ams_v6_US East_3': 15, 'F48as_v6_US East_2': 15, 'F4als_v6_US East_1': 15, 'F4als_v6_US East_3': 15, 'F4ams_v6_US East_2': 15, 'F4ams_v6_US East_3': 15, 'F4as_v6_US East_2': 15, 'F4as_v6_US East_3': 15, 'F64als_v6_US East_3': 15, 'F64ams_v6_US East_3': 15, 'F64as_v6_US East_3': 15, 'F8als_v6_US East_1': 15, 'F8als_v6_US East_2': 15, 'F8ams_v6_US East_1': 15, 'F8ams_v6_US East_3': 15, 'F8as_v6_US East_2': 15, 'F8as_v6_US East_3': 15, 'NV4as_v4_US East_1': 15, 'NV4as_v4_US East_2': 15, 'NV4as_v4_US East_3': 15, 'NV8as_v4_US East_1': 15, 'NV8as_v4_US East_2': 15, 'NV8as_v4_US East_3': 15}"
0.7000000000000001,516.205845,342847942,664169.0438433527,11190,11075,"{'D16ads_v6_US East_2': 15, 'D16ads_v6_US East_3': 15, 'D16alds_v6_US East_1': 15, 'D16alds_v6_US East_2': 15, 'D16als_v6_US East_2': 15, 'D16als_v6_US East_3': 15, 'D16as_v6_US East_1': 15, 'D16as_v6_US East_2': 15, 'D16pds_v5_US East_2': 15, 'D16plds_v5_US East_1': 15, 'D16plds_v5_US East_3': 15, 'D16pls_v5_US East_2': 15, 'D16pls_v5_US East_3': 15, 'D16ps_v5_US East_2': 15, 'D32ads_v6_US East_1': 15, 'D32ads_v6_US East_3': 15, 'D32alds_v6_US East_2': 15, 'D32alds_v6_US East_3': 15, 'D32als_v6_US East_2': 15, 'D32als_v6_US East_3': 15, 'D32as_v6_US East_1': 15, 'D32as_v6_US East_3': 15, 'D32plds_v5_US East_1': 15, 'D32pls_v5_US East_3': 15, 'D48ads_v6_US East_3': 15, 'D48alds_v6_US East_3': 15, 'D48als_v6_US East_2': 15, 'D48als_v6_US East_3': 15, 'D4ads_v6_US East_1': 15, 'D4ads_v6_US East_2': 15, 'D4ads_v6_US East_3': 15, 'D4alds_v6_US East_1': 15, 'D4alds_v6_US East_2': 15, 'D4alds_v6_US East_3': 15, 'D4als_v6_US East_1': 15, 'D4als_v6_US East_2': 15, 'D4als_v6_US East_3': 15, 'D4as_v6_US East_1': 15, 'D4as_v6_US East_2': 15, 'D4as_v6_US East_3': 15, 'D4pds_v5_US East_1': 15, 'D4pds_v5_US East_2': 15, 'D4pds_v5_US East_3': 15, 'D4plds_v5_US East_1': 15, 'D4plds_v5_US East_2': 15, 'D4plds_v5_US East_3': 15, 'D4pls_v5_US East_1': 15, 'D4pls_v5_US East_2': 15, 'D4pls_v5_US East_3': 15, 'D4ps_v5_US East_1': 15, 'D4ps_v5_US East_2': 15, 'D4ps_v5_US East_3': 15, 'D64ads_v6_US East_3': 15, 'D64alds_v6_US East_3': 15, 'D64als_v6_US East_3': 15, 'D64as_v6_US East_1': 15, 'D8ads_v6_US East_2': 15, 'D8ads_v6_US East_3': 15, 'D8alds_v6_US East_2': 15, 'D8alds_v6_US East_3': 15, 'D8als_v6_US East_1': 15, 'D8als_v6_US East_3': 15, 'D8as_v6_US East_1': 15, 'D8as_v6_US East_3': 15, 'D8plds_v5_US East_1': 15, 'D8plds_v5_US East_2': 15, 'D8plds_v5_US East_3': 15, 'D8pls_v5_US East_1': 15, 'D8pls_v5_US East_2': 15, 'D8pls_v5_US East_3': 15, 'D8ps_v5_US East_1': 15, 'D8ps_v5_US East_2': 15, 'D8ps_v5_US East_3': 15, 'D96ads_v6_US East_1': 15, 'D96alds_v6_US East_1': 15, 'D96als_v6_US East_1': 15, 'D96as_v6_US East_1': 15, 'E16ads_v6_US East_1': 15, 'E16ads_v6_US East_3': 15, 'E16as_v6_US East_2': 15, 'E16as_v6_US East_3': 15, 'E20ads_v6_US East_2': 15, 'E20ads_v6_US East_3': 15, 'E20as_v6_US East_1': 15, 'E20as_v6_US East_3': 15, 'E32ads_v6_US East_2': 15, 'E32as_v6_US East_2': 15, 'E48ads_v6_US East_1': 15, 'E48as_v6_US East_3': 15, 'E4ads_v6_US East_1': 15, 'E4ads_v6_US East_2': 15, 'E4as_v6_US East_1': 15, 'E4as_v6_US East_3': 15, 'E4ps_v5_US East_1': 15, 'E4ps_v5_US East_2': 15, 'E4ps_v5_US East_3': 15, 'E64ads_v6_US East_3': 15, 'E64as_v6_US East_3': 15, 'E8ads_v6_US East_1': 15, 'E8ads_v6_US East_3': 15, 'E8as_v6_US East_2': 15, 'E8as_v6_US East_3': 15, 'E8ps_v5_US East_1': 15, 'E96-48ads_v6_US East_3': 15, 'E96ads_v6_US East_1': 15, 'E96as_v6_US East_1': 15, 'F16als_v6_US East_1': 15, 'F16als_v6_US East_3': 15, 'F16ams_v6_US East_2': 15, 'F16ams_v6_US East_3': 15, 'F16as_v6_US East_1': 15, 'F16as_v6_US East_3': 15, 'F32als_v6_US East_2': 15, 'F32ams_v6_US East_2': 15, 'F32as_v6_US East_2': 15, 'F48als_v6_US East_1': 15, 'F48ams_v6_US East_3': 15, 'F48as_v6_US East_2': 15, 'F4als_v6_US East_1': 15, 'F4als_v6_US East_3': 15, 'F4ams_v6_US East_2': 15, 'F4ams_v6_US East_3': 15, 'F4as_v6_US East_2': 15, 'F4as_v6_US East_3': 15, 'F64als_v6_US East_3': 15, 'F64ams_v6_US East_3': 15, 'F64as_v6_US East_3': 15, 'F8als_v6_US East_1': 15, 'F8als_v6_US East_2': 15, 'F8ams_v6_US East_1': 15, 'F8ams_v6_US East_3': 15, 'F8as_v6_US East_2': 15, 'F8as_v6_US East_3': 15, 'NV4as_v4_US East_1': 15, 'NV4as_v4_US East_2': 15, 'NV4as_v4_US East_3': 15, 'NV8as_v4_US East_1': 15, 'NV8as_v4_US East_2': 15, 'NV8as_v4_US East_3': 15}"
0.71,516.205845,342847942,664169.0438433527,11190,11075,"{'D16ads_v6_US East_2': 15, 'D16ads_v6_US East_3': 15, 'D16alds_v6_US East_1': 15, 'D16alds_v6_US East_2': 15, 'D16als_v6_US East_2': 15, 'D16als_v6_US East_3': 15, 'D16as_v6_US East_1': 15, 'D16as_v6_US East_2': 15, 'D16pds_v5_US East_2': 15, 'D16plds_v5_US East_1': 15, 'D16plds_v5_US East_3': 15, 'D16pls_v5_US East_2': 15, 'D16pls_v5_US East_3': 15, 'D16ps_v5_US East_2': 15, 'D32ads_v6_US East_1': 15, 'D32ads_v6_US East_3': 15, 'D32alds_v6_US East_2': 15, 'D32alds_v6_US East_3': 15, 'D32als_v6_US East_2': 15, 'D32als_v6_US East_3': 15, 'D32as_v6_US East_1': 15, 'D32as_v6_US East_3': 15, 'D32plds_v5_US East_1': 15, 'D32pls_v5_US East_3': 15, 'D48ads_v6_US East_3': 15, 'D48alds_v6_US East_3': 15, 'D48als_v6_US East_2': 15, 'D48als_v6_US East_3': 15, 'D4ads_v6_US East_1': 15, 'D4ads_v6_US East_2': 15, 'D4ads_v6_US East_3': 15, 'D4alds_v6_US East_1': 15, 'D4alds_v6_US East_2': 15, 'D4alds_v6_US East_3': 15, 'D4als_v6_US East_1': 15, 'D4als_v6_US East_2': 15, 'D4als_v6_US East_3': 15, 'D4as_v6_US East_1': 15, 'D4as_v6_US East_2': 15, 'D4as_v6_US East_3': 15, 'D4pds_v5_US East_1': 15, 'D4pds_v5_US East_2': 15, 'D4pds_v5_US East_3': 15, 'D4plds_v5_US East_1': 15, 'D4plds_v5_US East_2': 15, 'D4plds_v5_US East_3': 15, 'D4pls_v5_US East_1': 15, 'D4pls_v5_US East_2': 15, 'D4pls_v5_US East_3': 15, 'D4ps_v5_US East_1': 15, 'D4ps_v5_US East_2': 15, 'D4ps_v5_US East_3': 15, 'D64ads_v6_US East_3': 15, 'D64alds_v6_US East_3': 15, 'D64als_v6_US East_3': 15, 'D64as_v6_US East_1': 15, 'D8ads_v6_US East_2': 15, 'D8ads_v6_US East_3': 15, 'D8alds_v6_US East_2': 15, 'D8alds_v6_US East_3': 15, 'D8als_v6_US East_1': 15, 'D8als_v6_US East_3': 15, 'D8as_v6_US East_1': 15, 'D8as_v6_US East_3': 15, 'D8plds_v5_US East_1': 15, 'D8plds_v5_US East_2': 15, 'D8plds_v5_US East_3': 15, 'D8pls_v5_US East_1': 15, 'D8pls_v5_US East_2': 15, 'D8pls_v5_US East_3': 15, 'D8ps_v5_US East_1': 15, 'D8ps_v5_US East_2': 15, 'D8ps_v5_US East_3': 15, 'D96ads_v6_US East_1': 15, 'D96alds_v6_US East_1': 15, 'D96als_v6_US East_1': 15, 'D96as_v6_US East_1': 15, 'E16ads_v6_US East_1': 15, 'E16ads_v6_US East_3': 15, 'E16as_v6_US East_2': 15, 'E16as_v6_US East_3': 15, 'E20ads_v6_US East_2': 15, 'E20ads_v6_US East_3': 15, 'E20as_v6_US East_1': 15, 'E20as_v6_US East_3': 15, 'E32ads_v6_US East_2': 15, 'E32as_v6_US East_2': 15, 'E48ads_v6_US East_1': 15, 'E48as_v6_US East_3': 15, 'E4ads_v6_US East_1': 15, 'E4ads_v6_US East_2': 15, 'E4as_v6_US East_1': 15, 'E4as_v6_US East_3': 15, 'E4ps_v5_US East_1': 15, 'E4ps_v5_US East_2': 15, 'E4ps_v5_US East_3': 15, 'E64ads_v6_US East_3': 15, 'E64as_v6_US East_3': 15, 'E8ads_v6_US East_1': 15, 'E8ads_v6_US East_3': 15, 'E8as_v6_US East_2': 15, 'E8as_v6_US East_3': 15, 'E8ps_v5_US East_1': 15, 'E96-48ads_v6_US East_3': 15, 'E96ads_v6_US East_1': 15, 'E96as_v6_US East_1': 15, 'F16als_v6_US East_1': 15, 'F16als_v6_US East_3': 15, 'F16ams_v6_US East_2': 15, 'F16ams_v6_US East_3': 15, 'F16as_v6_US East_1': 15, 'F16as_v6_US East_3': 15, 'F32als_v6_US East_2': 15, 'F32ams_v6_US East_2': 15, 'F32as_v6_US East_2': 15, 'F48als_v6_US East_1': 15, 'F48ams_v6_US East_3': 15, 'F48as_v6_US East_2': 15, 'F4als_v6_US East_1': 15, 'F4als_v6_US East_3': 15, 'F4ams_v6_US East_2': 15, 'F4ams_v6_US East_3': 15, 'F4as_v6_US East_2': 15, 'F4as_v6_US East_3': 15, 'F64als_v6_US East_3': 15, 'F64ams_v6_US East_3': 15, 'F64as_v6_US East_3': 15, 'F8als_v6_US East_1': 15, 'F8als_v6_US East_2': 15, 'F8ams_v6_US East_1': 15, 'F8ams_v6_US East_3': 15, 'F8as_v6_US East_2': 15, 'F8as_v6_US East_3': 15, 'NV4as_v4_US East_1': 15, 'NV4as_v4_US East_2': 15, 'NV4as_v4_US East_3': 15, 'NV8as_v4_US East_1': 15, 'NV8as_v4_US East_2': 15, 'NV8as_v4_US East_3': 15}"
0.72,538.717275,347750523,645515.8195920114,11550,11435,"{'D16ads_v6_US East_2': 15, 'D16ads_v6_US East_3': 15, 'D16alds_v6_US East_1': 15, 'D16alds_v6_US East_2': 15, 'D16als_v6_US East_2': 15, 'D16als_v6_US East_3': 15, 'D16as_v6_US East_1': 15, 'D16as_v6_US East_2': 15, 'D16pds_v5_US East_2': 15, 'D16plds_v5_US East_1': 15, 'D16plds_v5_US East_3': 15, 'D16pls_v5_US East_2': 15, 'D16pls_v5_US East_3': 15, 'D16ps_v5_US East_2': 15, 'D32ads_v6_US East_1': 15, 'D32ads_v6_US East_3': 15, 'D32alds_v6_US East_2': 15, 'D32alds_v6_US East_3': 15, 'D32als_v6_US East_2': 15, 'D32als_v6_US East_3': 15, 'D32as_v6_US East_1': 15, 'D32as_v6_US East_3': 15, 'D32plds_v5_US East_1': 15, 'D32pls_v5_US East_3': 15, 'D48ads_v6_US East_3': 15, 'D48alds_v6_US East_3': 15, 'D48als_v6_US East_2': 15, 'D48als_v6_US East_3': 15, 'D4ads_v6_US East_1': 15, 'D4ads_v6_US East_2': 15, 'D4ads_v6_US East_3': 15, 'D4alds_v6_US East_1': 15, 'D4alds_v6_US East_2': 15, 'D4alds_v6_US East_3': 15, 'D4als_v6_US East_1': 15, 'D4als_v6_US East_2': 15, 'D4als_v6_US East_3': 15, 'D4as_v6_US East_1': 15, 'D4as_v6_US East_2': 15, 'D4as_v6_US East_3': 15, 'D4pds_v5_US East_1': 15, 'D4pds_v5_US East_2': 15, 'D4pds_v5_US East_3': 15, 'D4plds_v5_US East_1': 15, 'D4plds_v5_US East_2': 15, 'D4plds_v5_US East_3': 15, 'D4pls_v5_US East_1': 15, 'D4pls_v5_US East_2': 15, 'D4pls_v5_US East_3': 15, 'D4ps_v5_US East_1': 15, 'D4ps_v5_US East_2': 15, 'D4ps_v5_US East_3': 15, 'D64ads_v6_US East_3': 15, 'D64alds_v6_US East_3': 15, 'D64als_v6_US East_3': 15, 'D64as_v6_US East_1': 15, 'D8ads_v6_US East_2': 15, 'D8ads_v6_US East_3': 15, 'D8alds_v6_US East_2': 15, 'D8alds_v6_US East_3': 15, 'D8als_v6_US East_1': 15, 'D8als_v6_US East_3': 15, 'D8as_v6_US East_1': 15, 'D8as_v6_US East_3': 15, 'D8plds_v5_US East_1': 15, 'D8plds_v5_US East_2': 15, 'D8plds_v5_US East_3': 15, 'D8pls_v5_US East_1': 15, 'D8pls_v5_US East_2': 15, 'D8pls_v5_US East_3': 15, 'D8ps_v5_US East_1': 15, 'D8ps_v5_US East_2': 15, 'D8ps_v5_US East_3': 15, 'D96ads_v6_US East_1': 15, 'D96alds_v6_US East_1': 15, 'D96als_v6_US East_1': 15, 'D96as_v6_US East_1': 15, 'E16ads_v6_US East_1': 15, 'E16ads_v6_US East_3': 15, 'E16as_v6_US East_2': 15, 'E16as_v6_US East_3': 15, 'E20ads_v6_US East_2': 15, 'E20ads_v6_US East_3': 15, 'E20as_v6_US East_1': 15, 'E20as_v6_US East_3': 15, 'E32ads_v6_US East_2': 15, 'E32as_v6_US East_2': 15, 'E48ads_v6_US East_1': 15, 'E48as_v6_US East_3': 15, 'E4ads_v6_US East_1': 15, 'E4ads_v6_US East_2': 15, 'E4as_v6_US East_1': 15, 'E4as_v6_US East_3': 15, 'E4ps_v5_US East_1': 15, 'E4ps_v5_US East_2': 15, 'E4ps_v5_US East_3': 15, 'E64ads_v6_US East_3': 15, 'E64as_v6_US East_3': 15, 'E8ads_v6_US East_1': 15, 'E8ads_v6_US East_3': 15, 'E8as_v6_US East_2': 15, 'E8as_v6_US East_3': 15, 'E8ps_v5_US East_1': 15, 'E96-48ads_v6_US East_3': 15, 'E96ads_v6_US East_1': 15, 'E96as_v6_US East_1': 15, 'F16als_v6_US East_1': 15, 'F16als_v6_US East_3': 15, 'F16ams_v6_US East_2': 15, 'F16ams_v6_US East_3': 15, 'F16as_v6_US East_1': 15, 'F16as_v6_US East_3': 15, 'F32als_v6_US East_2': 15, 'F32ams_v6_US East_2': 15, 'F32as_v6_US East_2': 15, 'F48als_v6_US East_1': 15, 'F48ams_v6_US East_3': 15, 'F48as_v6_US East_2': 15, 'F4als_v6_US East_1': 15, 'F4als_v6_US East_3': 15, 'F4ams_v6_US East_2': 15, 'F4ams_v6_US East_3': 15, 'F4as_v6_US East_2': 15, 'F4as_v6_US East_3': 15, 'F64als_v6_US East_3': 15, 'F64ams_v6_US East_3': 15, 'F64as_v6_US East_3': 15, 'F8als_v6_US East_1': 15, 'F8als_v6_US East_2': 15, 'F8ams_v6_US East_1': 15, 'F8ams_v6_US East_3': 15, 'F8as_v6_US East_2': 15, 'F8as_v6_US East_3': 15, 'M32ts_US East_1': 15, 'M32ts_US East_2': 15, 'M32ts_US East_3': 15, 'NV4as_v4_US East_1': 15, 'NV4as_v4_US East_2': 15, 'NV4as_v4_US East_3': 15, 'NV8as_v4_US East_1': 15, 'NV8as_v4_US East_2': 15, 'NV8as_v4_US East_3': 15}"
0.73,538.717275,347750523,645515.8195920114,11550,11435,"{'D16ads_v6_US East_2': 15, 'D16ads_v6_US East_3': 15, 'D16alds_v6_US East_1': 15, 'D16alds_v6_US East_2': 15, 'D16als_v6_US East_2': 15, 'D16als_v6_US East_3': 15, 'D16as_v6_US East_1': 15, 'D16as_v6_US East_2': 15, 'D16pds_v5_US East_2': 15, 'D16plds_v5_US East_1': 15, 'D16plds_v5_US East_3': 15, 'D16pls_v5_US East_2': 15, 'D16pls_v5_US East_3': 15, 'D16ps_v5_US East_2': 15, 'D32ads_v6_US East_1': 15, 'D32ads_v6_US East_3': 15, 'D32alds_v6_US East_2': 15, 'D32alds_v6_US East_3': 15, 'D32als_v6_US East_2': 15, 'D32als_v6_US East_3': 15, 'D32as_v6_US East_1': 15, 'D32as_v6_US East_3': 15, 'D32plds_v5_US East_1': 15, 'D32pls_v5_US East_3': 15, 'D48ads_v6_US East_3': 15, 'D48alds_v6_US East_3': 15, 'D48als_v6_US East_2': 15, 'D48als_v6_US East_3': 15, 'D4ads_v6_US East_1': 15, 'D4ads_v6_US East_2': 15, 'D4ads_v6_US East_3': 15, 'D4alds_v6_US East_1': 15, 'D4alds_v6_US East_2': 15, 'D4alds_v6_US East_3': 15, 'D4als_v6_US East_1': 15, 'D4als_v6_US East_2': 15, 'D4als_v6_US East_3': 15, 'D4as_v6_US East_1': 15, 'D4as_v6_US East_2': 15, 'D4as_v6_US East_3': 15, 'D4pds_v5_US East_1': 15, 'D4pds_v5_US East_2': 15, 'D4pds_v5_US East_3': 15, 'D4plds_v5_US East_1': 15, 'D4plds_v5_US East_2': 15, 'D4plds_v5_US East_3': 15, 'D4pls_v5_US East_1': 15, 'D4pls_v5_US East_2': 15, 'D4pls_v5_US East_3': 15, 'D4ps_v5_US East_1': 15, 'D4ps_v5_US East_2': 15, 'D4ps_v5_US East_3': 15, 'D64ads_v6_US East_3': 15, 'D64alds_v6_US East_3': 15, 'D64als_v6_US East_3': 15, 'D64as_v6_US East_1': 15, 'D8ads_v6_US East_2': 15, 'D8ads_v6_US East_3': 15, 'D8alds_v6_US East_2': 15, 'D8alds_v6_US East_3': 15, 'D8als_v6_US East_1': 15, 'D8als_v6_US East_3': 15, 'D8as_v6_US East_1': 15, 'D8as_v6_US East_3': 15, 'D8plds_v5_US East_1': 15, 'D8plds_v5_US East_2': 15, 'D8plds_v5_US East_3': 15, 'D8pls_v5_US East_1': 15, 'D8pls_v5_US East_2': 15, 'D8pls_v5_US East_3': 15, 'D8ps_v5_US East_1': 15, 'D8ps_v5_US East_2': 15, 'D8ps_v5_US East_3': 15, 'D96ads_v6_US East_1': 15, 'D96alds_v6_US East_1': 15, 'D96als_v6_US East_1': 15, 'D96as_v6_US East_1': 15, 'E16ads_v6_US East_1': 15, 'E16ads_v6_US East_3': 15, 'E16as_v6_US East_2': 15, 'E16as_v6_US East_3': 15, 'E20ads_v6_US East_2': 15, 'E20ads_v6_US East_3': 15, 'E20as_v6_US East_1': 15, 'E20as_v6_US East_3': 15, 'E32ads_v6_US East_2': 15, 'E32as_v6_US East_2': 15, 'E48ads_v6_US East_1': 15, 'E48as_v6_US East_3': 15, 'E4ads_v6_US East_1': 15, 'E4ads_v6_US East_2': 15, 'E4as_v6_US East_1': 15, 'E4as_v6_US East_3': 15, 'E4ps_v5_US East_1': 15, 'E4ps_v5_US East_2': 15, 'E4ps_v5_US East_3': 15, 'E64ads_v6_US East_3': 15, 'E64as_v6_US East_3': 15, 'E8ads_v6_US East_1': 15, 'E8ads_v6_US East_3': 15, 'E8as_v6_US East_2': 15, 'E8as_v6_US East_3': 15, 'E8ps_v5_US East_1': 15, 'E96-48ads_v6_US East_3': 15, 'E96ads_v6_US East_1': 15, 'E96as_v6_US East_1': 15, 'F16als_v6_US East_1': 15, 'F16als_v6_US East_3': 15, 'F16ams_v6_US East_2': 15, 'F16ams_v6_US East_3': 15, 'F16as_v6_US East_1': 15, 'F16as_v6_US East_3': 15, 'F32als_v6_US East_2': 15, 'F32ams_v6_US East_2': 15, 'F32as_v6_US East_2': 15, 'F48als_v6_US East_1': 15, 'F48ams_v6_US East_3': 15, 'F48as_v6_US East_2': 15, 'F4als_v6_US East_1': 15, 'F4als_v6_US East_3': 15, 'F4ams_v6_US East_2': 15, 'F4ams_v6_US East_3': 15, 'F4as_v6_US East_2': 15, 'F4as_v6_US East_3': 15, 'F64als_v6_US East_3': 15, 'F64ams_v6_US East_3': 15, 'F64as_v6_US East_3': 15, 'F8als_v6_US East_1': 15, 'F8als_v6_US East_2': 15, 'F8ams_v6_US East_1': 15, 'F8ams_v6_US East_3': 15, 'F8as_v6_US East_2': 15, 'F8as_v6_US East_3': 15, 'M32ts_US East_1': 15, 'M32ts_US East_2': 15, 'M32ts_US East_3': 15, 'NV4as_v4_US East_1': 15, 'NV4as_v4_US East_2': 15, 'NV4as_v4_US East_3': 15, 'NV8as_v4_US East_1': 15, 'NV8as_v4_US East_2': 15, 'NV8as_v4_US East_3': 15}"
0.74,580.5134699999999,356288319,613746.8598273869,12150,12035,"{'D16ads_v6_US East_2': 15, 'D16ads_v6_US East_3': 15, 'D16alds_v6_US East_1': 15, 'D16alds_v6_US East_2': 15, 'D16als_v6_US East_2': 15, 'D16als_v6_US East_3': 15, 'D16as_v6_US East_1': 15, 'D16as_v6_US East_2': 15, 'D16pds_v5_US East_2': 15, 'D16plds_v5_US East_1': 15, 'D16plds_v5_US East_3': 15, 'D16pls_v5_US East_2': 15, 'D16pls_v5_US East_3': 15, 'D16ps_v5_US East_2': 15, 'D32ads_v6_US East_1': 15, 'D32ads_v6_US East_3': 15, 'D32alds_v6_US East_2': 15, 'D32alds_v6_US East_3': 15, 'D32als_v6_US East_2': 15, 'D32als_v6_US East_3': 15, 'D32as_v6_US East_1': 15, 'D32as_v6_US East_3': 15, 'D32plds_v5_US East_1': 15, 'D32pls_v5_US East_3': 15, 'D48ads_v6_US East_3': 15, 'D48alds_v6_US East_3': 15, 'D48als_v6_US East_2': 15, 'D48als_v6_US East_3': 15, 'D4ads_v6_US East_1': 15, 'D4ads_v6_US East_2': 15, 'D4ads_v6_US East_3': 15, 'D4alds_v6_US East_1': 15, 'D4alds_v6_US East_2': 15, 'D4alds_v6_US East_3': 15, 'D4als_v6_US East_1': 15, 'D4als_v6_US East_2': 15, 'D4als_v6_US East_3': 15, 'D4as_v6_US East_1': 15, 'D4as_v6_US East_2': 15, 'D4as_v6_US East_3': 15, 'D4pds_v5_US East_1': 15, 'D4pds_v5_US East_2': 15, 'D4pds_v5_US East_3': 15, 'D4plds_v5_US East_1': 15, 'D4plds_v5_US East_2': 15, 'D4plds_v5_US East_3': 15, 'D4pls_v5_US East_1': 15, 'D4pls_v5_US East_2': 15, 'D4pls_v5_US East_3': 15, 'D4ps_v5_US East_1': 15, 'D4ps_v5_US East_2': 15, 'D4ps_v5_US East_3': 15, 'D64ads_v6_US East_3': 15, 'D64alds_v6_US East_3': 15, 'D64als_v6_US East_3': 15, 'D64as_v6_US East_1': 15, 'D8ads_v6_US East_2': 15, 'D8ads_v6_US East_3': 15, 'D8alds_v6_US East_2': 15, 'D8alds_v6_US East_3': 15, 'D8als_v6_US East_1': 15, 'D8als_v6_US East_3': 15, 'D8as_v6_US East_1': 15, 'D8as_v6_US East_3': 15, 'D8plds_v5_US East_1': 15, 'D8plds_v5_US East_2': 15, 'D8plds_v5_US East_3': 15, 'D8pls_v5_US East_1': 15, 'D8pls_v5_US East_2': 15, 'D8pls_v5_US East_3': 15, 'D8ps_v5_US East_1': 15, 'D8ps_v5_US East_2': 15, 'D8ps_v5_US East_3': 15, 'D96ads_v6_US East_1': 15, 'D96alds_v6_US East_1': 15, 'D96als_v6_US East_1': 15, 'D96as_v6_US East_1': 15, 'E16ads_v6_US East_1': 15, 'E16ads_v6_US East_3': 15, 'E16as_v6_US East_2': 15, 'E16as_v6_US East_3': 15, 'E20ads_v6_US East_2': 15, 'E20ads_v6_US East_3': 15, 'E20as_v6_US East_1': 15, 'E20as_v6_US East_3': 15, 'E32ads_v6_US East_2': 15, 'E32as_v6_US East_2': 15, 'E48ads_v6_US East_1': 15, 'E48as_v6_US East_3': 15, 'E4ads_v6_US East_1': 15, 'E4ads_v6_US East_2': 15, 'E4as_v6_US East_1': 15, 'E4as_v6_US East_3': 15, 'E4ps_v5_US East_1': 15, 'E4ps_v5_US East_2': 15, 'E4ps_v5_US East_3': 15, 'E64ads_v6_US East_3': 15, 'E64as_v6_US East_3': 15, 'E8ads_v6_US East_1': 15, 'E8ads_v6_US East_3': 15, 'E8as_v6_US East_2': 15, 'E8as_v6_US East_3': 15, 'E8ps_v5_US East_1': 15, 'E96-48ads_v6_US East_3': 15, 'E96ads_v6_US East_1': 15, 'E96as_v6_US East_1': 15, 'F16als_v6_US East_1': 15, 'F16als_v6_US East_3': 15, 'F16ams_v6_US East_2': 15, 'F16ams_v6_US East_3': 15, 'F16as_v6_US East_1': 15, 'F16as_v6_US East_3': 15, 'F32als_v6_US East_2': 15, 'F32ams_v6_US East_2': 15, 'F32as_v6_US East_2': 15, 'F48als_v6_US East_1': 15, 'F48ams_v6_US East_3': 15, 'F48as_v6_US East_2': 15, 'F4als_v6_US East_1': 15, 'F4als_v6_US East_3': 15, 'F4ams_v6_US East_2': 15, 'F4ams_v6_US East_3': 15, 'F4as_v6_US East_2': 15, 'F4as_v6_US East_3': 15, 'F64als_v6_US East_3': 15, 'F64ams_v6_US East_3': 15, 'F64as_v6_US East_3': 15, 'F8als_v6_US East_1': 15, 'F8als_v6_US East_2': 15, 'F8ams_v6_US East_1': 15, 'F8ams_v6_US East_3': 15, 'F8as_v6_US East_2': 15, 'F8as_v6_US East_3': 15, 'M32ls_US East_1': 15, 'M32ls_US East_2': 15, 'M32ls_US East_3': 15, 'M32ts_US East_1': 15, 'M32ts_US East_2': 15, 'M32ts_US East_3': 15, 'M64s_v2_US East_1': 15, 'NV4as_v4_US East_1': 15, 'NV4as_v4_US East_2': 15, 'NV4as_v4_US East_3': 15, 'NV8as_v4_US East_1': 15, 'NV8as_v4_US East_2': 15, 'NV8as_v4_US East_3': 15}"
0.75,580.5134699999999,356288319,613746.8598273869,12150,12035,"{'D16ads_v6_US East_2': 15, 'D16ads_v6_US East_3': 15, 'D16alds_v6_US East_1': 15, 'D16alds_v6_US East_2': 15, 'D16als_v6_US East_2': 15, 'D16als_v6_US East_3': 15, 'D16as_v6_US East_1': 15, 'D16as_v6_US East_2': 15, 'D16pds_v5_US East_2': 15, 'D16plds_v5_US East_1': 15, 'D16plds_v5_US East_3': 15, 'D16pls_v5_US East_2': 15, 'D16pls_v5_US East_3': 15, 'D16ps_v5_US East_2': 15, 'D32ads_v6_US East_1': 15, 'D32ads_v6_US East_3': 15, 'D32alds_v6_US East_2': 15, 'D32alds_v6_US East_3': 15, 'D32als_v6_US East_2': 15, 'D32als_v6_US East_3': 15, 'D32as_v6_US East_1': 15, 'D32as_v6_US East_3': 15, 'D32plds_v5_US East_1': 15, 'D32pls_v5_US East_3': 15, 'D48ads_v6_US East_3': 15, 'D48alds_v6_US East_3': 15, 'D48als_v6_US East_2': 15, 'D48als_v6_US East_3': 15, 'D4ads_v6_US East_1': 15, 'D4ads_v6_US East_2': 15, 'D4ads_v6_US East_3': 15, 'D4alds_v6_US East_1': 15, 'D4alds_v6_US East_2': 15, 'D4alds_v6_US East_3': 15, 'D4als_v6_US East_1': 15, 'D4als_v6_US East_2': 15, 'D4als_v6_US East_3': 15, 'D4as_v6_US East_1': 15, 'D4as_v6_US East_2': 15, 'D4as_v6_US East_3': 15, 'D4pds_v5_US East_1': 15, 'D4pds_v5_US East_2': 15, 'D4pds_v5_US East_3': 15, 'D4plds_v5_US East_1': 15, 'D4plds_v5_US East_2': 15, 'D4plds_v5_US East_3': 15, 'D4pls_v5_US East_1': 15, 'D4pls_v5_US East_2': 15, 'D4pls_v5_US East_3': 15, 'D4ps_v5_US East_1': 15, 'D4ps_v5_US East_2': 15, 'D4ps_v5_US East_3': 15, 'D64ads_v6_US East_3': 15, 'D64alds_v6_US East_3': 15, 'D64als_v6_US East_3': 15, 'D64as_v6_US East_1': 15, 'D8ads_v6_US East_2': 15, 'D8ads_v6_US East_3': 15, 'D8alds_v6_US East_2': 15, 'D8alds_v6_US East_3': 15, 'D8als_v6_US East_1': 15, 'D8als_v6_US East_3': 15, 'D8as_v6_US East_1': 15, 'D8as_v6_US East_3': 15, 'D8plds_v5_US East_1': 15, 'D8plds_v5_US East_2': 15, 'D8plds_v5_US East_3': 15, 'D8pls_v5_US East_1': 15, 'D8pls_v5_US East_2': 15, 'D8pls_v5_US East_3': 15, 'D8ps_v5_US East_1': 15, 'D8ps_v5_US East_2': 15, 'D8ps_v5_US East_3': 15, 'D96ads_v6_US East_1': 15, 'D96alds_v6_US East_1': 15, 'D96als_v6_US East_1': 15, 'D96as_v6_US East_1': 15, 'E16ads_v6_US East_1': 15, 'E16ads_v6_US East_3': 15, 'E16as_v6_US East_2': 15, 'E16as_v6_US East_3': 15, 'E20ads_v6_US East_2': 15, 'E20ads_v6_US East_3': 15, 'E20as_v6_US East_1': 15, 'E20as_v6_US East_3': 15, 'E32ads_v6_US East_2': 15, 'E32as_v6_US East_2': 15, 'E48ads_v6_US East_1': 15, 'E48as_v6_US East_3': 15, 'E4ads_v6_US East_1': 15, 'E4ads_v6_US East_2': 15, 'E4as_v6_US East_1': 15, 'E4as_v6_US East_3': 15, 'E4ps_v5_US East_1': 15, 'E4ps_v5_US East_2': 15, 'E4ps_v5_US East_3': 15, 'E64ads_v6_US East_3': 15, 'E64as_v6_US East_3': 15, 'E8ads_v6_US East_1': 15, 'E8ads_v6_US East_3': 15, 'E8as_v6_US East_2': 15, 'E8as_v6_US East_3': 15, 'E8ps_v5_US East_1': 15, 'E96-48ads_v6_US East_3': 15, 'E96ads_v6_US East_1': 15, 'E96as_v6_US East_1': 15, 'F16als_v6_US East_1': 15, 'F16als_v6_US East_3': 15, 'F16ams_v6_US East_2': 15, 'F16ams_v6_US East_3': 15, 'F16as_v6_US East_1': 15, 'F16as_v6_US East_3': 15, 'F32als_v6_US East_2': 15, 'F32ams_v6_US East_2': 15, 'F32as_v6_US East_2': 15, 'F48als_v6_US East_1': 15, 'F48ams_v6_US East_3': 15, 'F48as_v6_US East_2': 15, 'F4als_v6_US East_1': 15, 'F4als_v6_US East_3': 15, 'F4ams_v6_US East_2': 15, 'F4ams_v6_US East_3': 15, 'F4as_v6_US East_2': 15, 'F4as_v6_US East_3': 15, 'F64als_v6_US East_3': 15, 'F64ams_v6_US East_3': 15, 'F64as_v6_US East_3': 15, 'F8als_v6_US East_1': 15, 'F8als_v6_US East_2': 15, 'F8ams_v6_US East_1': 15, 'F8ams_v6_US East_3': 15, 'F8as_v6_US East_2': 15, 'F8as_v6_US East_3': 15, 'M32ls_US East_1': 15, 'M32ls_US East_2': 15, 'M32ls_US East_3': 15, 'M32ts_US East_1': 15, 'M32ts_US East_2': 15, 'M32ts_US East_3': 15, 'M64s_v2_US East_1': 15, 'NV4as_v4_US East_1': 15, 'NV4as_v4_US East_2': 15, 'NV4as_v4_US East_3': 15, 'NV8as_v4_US East_1': 15, 'NV8as_v4_US East_2': 15, 'NV8as_v4_US East_3': 15}"
0.76,614.2499700000002,362461638,590088.1670372725,12465,12350,"{'B16pls_v2_US East_1': 15, 'B16pls_v2_US East_2': 15, 'B16pls_v2_US East_3': 15, 'B4pls_v2_US East_1': 15, 'B4pls_v2_US East_2': 15, 'B4pls_v2_US East_3': 15, 'B8pls_v2_US East_1': 15, 'B8pls_v2_US East_2': 15, 'B8pls_v2_US East_3': 15, 'D16ads_v6_US East_2': 15, 'D16ads_v6_US East_3': 15, 'D16alds_v6_US East_1': 15, 'D16alds_v6_US East_2': 15, 'D16als_v6_US East_2': 15, 'D16als_v6_US East_3': 15, 'D16as_v6_US East_1': 15, 'D16as_v6_US East_2': 15, 'D16pds_v5_US East_2': 15, 'D16plds_v5_US East_1': 15, 'D16plds_v5_US East_3': 15, 'D16pls_v5_US East_2': 15, 'D16pls_v5_US East_3': 15, 'D16ps_v5_US East_2': 15, 'D32ads_v6_US East_1': 15, 'D32ads_v6_US East_3': 15, 'D32alds_v6_US East_2': 15, 'D32alds_v6_US East_3': 15, 'D32als_v6_US East_2': 15, 'D32als_v6_US East_3': 15, 'D32as_v6_US East_1': 15, 'D32as_v6_US East_3': 15, 'D32plds_v5_US East_1': 15, 'D32pls_v5_US East_3': 15, 'D48ads_v6_US East_3': 15, 'D48alds_v6_US East_3': 15, 'D48als_v6_US East_2': 15, 'D48als_v6_US East_3': 15, 'D4ads_v6_US East_1': 15, 'D4ads_v6_US East_2': 15, 'D4ads_v6_US East_3': 15, 'D4alds_v6_US East_1': 15, 'D4alds_v6_US East_2': 15, 'D4alds_v6_US East_3': 15, 'D4als_v6_US East_1': 15, 'D4als_v6_US East_2': 15, 'D4als_v6_US East_3': 15, 'D4as_v6_US East_1': 15, 'D4as_v6_US East_2': 15, 'D4as_v6_US East_3': 15, 'D4pds_v5_US East_1': 15, 'D4pds_v5_US East_2': 15, 'D4pds_v5_US East_3': 15, 'D4plds_v5_US East_1': 15, 'D4plds_v5_US East_2': 15, 'D4plds_v5_US East_3': 15, 'D4pls_v5_US East_1': 15, 'D4pls_v5_US East_2': 15, 'D4pls_v5_US East_3': 15, 'D4ps_v5_US East_1': 15, 'D4ps_v5_US East_2': 15, 'D4ps_v5_US East_3': 15, 'D64ads_v6_US East_3': 15, 'D64alds_v6_US East_3': 15, 'D64als_v6_US East_3': 15, 'D64as_v6_US East_1': 15, 'D8ads_v6_US East_2': 15, 'D8ads_v6_US East_3': 15, 'D8alds_v6_US East_2': 15, 'D8alds_v6_US East_3': 15, 'D8als_v6_US East_1': 15, 'D8als_v6_US East_3': 15, 'D8as_v6_US East_1': 15, 'D8as_v6_US East_3': 15, 'D8plds_v5_US East_1': 15, 'D8plds_v5_US East_2': 15, 'D8plds_v5_US East_3': 15, 'D8pls_v5_US East_1': 15, 'D8pls_v5_US East_2': 15, 'D8pls_v5_US East_3': 15, 'D8ps_v5_US East_1': 15, 'D8ps_v5_US East_2': 15, 'D8ps_v5_US East_3': 15, 'D96ads_v6_US East_1': 15, 'D96alds_v6_US East_1': 15, 'D96als_v6_US East_1': 15, 'D96as_v6_US East_1': 15, 'E16ads_v6_US East_1': 15, 'E16ads_v6_US East_3': 15, 'E16as_v6_US East_2': 15, 'E16as_v6_US East_3': 15, 'E20ads_v6_US East_2': 15, 'E20ads_v6_US East_3': 15, 'E20as_v6_US East_1': 15, 'E20as_v6_US East_3': 15, 'E32ads_v6_US East_2': 15, 'E32as_v6_US East_2': 15, 'E48ads_v6_US East_1': 15, 'E48as_v6_US East_3': 15, 'E4ads_v6_US East_1': 15, 'E4ads_v6_US East_2': 15, 'E4as_v6_US East_1': 15, 'E4as_v6_US East_3': 15, 'E4ps_v5_US East_1': 15, 'E4ps_v5_US East_2': 15, 'E4ps_v5_US East_3': 15, 'E64ads_v6_US East_3': 15, 'E64as_v6_US East_3': 15, 'E8ads_v6_US East_1': 15, 'E8ads_v6_US East_3': 15, 'E8as_v6_US East_2': 15, 'E8as_v6_US East_3': 15, 'E8ps_v5_US East_1': 15, 'E96-48ads_v6_US East_3': 15, 'E96ads_v6_US East_1': 15, 'E96as_v6_US East_1': 15, 'F16als_v6_US East_1': 15, 'F16als_v6_US East_3': 15, 'F16ams_v6_US East_2': 15, 'F16ams_v6_US East_3': 15, 'F16as_v6_US East_1': 15, 'F16as_v6_US East_3': 15, 'F32als_v6_US East_2': 15, 'F32ams_v6_US East_2': 15, 'F32as_v6_US East_2': 15, 'F48als_v6_US East_1': 15, 'F48ams_v6_US East_3': 15, 'F48as_v6_US East_2': 15, 'F4als_v6_US East_1': 15, 'F4als_v6_US East_3': 15, 'F4ams_v6_US East_2': 15, 'F4ams_v6_US East_3': 15, 'F4as_v6_US East_2': 15, 'F4as_v6_US East_3': 15, 'F64als_v6_US East_3': 15, 'F64ams_v6_US East_3': 15, 'F64as_v6_US East_3': 15, 'F8als_v6_US East_1': 15, 'F8als_v6_US East_2': 15, 'F8ams_v6_US East_1': 15, 'F8ams_v6_US East_3': 15, 'F8as_v6_US East_2': 15, 'F8as_v6_US East_3': 15, 'M32ls_US East_1': 15, 'M32ls_US East_2': 15, 'M32ls_US East_3': 15, 'M32ts_US East_1': 15, 'M32ts_US East_2': 15, 'M32ts_US East_3': 15, 'M64s_v2_US East_1': 15, 'NV4as_v4_US East_1': 15, 'NV4as_v4_US East_2': 15, 'NV4as_v4_US East_3': 15, 'NV8as_v4_US East_1': 15, 'NV8as_v4_US East_2': 15, 'NV8as_v4_US East_3': 15}"
0.77,614.2499700000002,362461638,590088.1670372725,12465,12350,"{'B16pls_v2_US East_1': 15, 'B16pls_v2_US East_2': 15, 'B16pls_v2_US East_3': 15, 'B4pls_v2_US East_1': 15, 'B4pls_v2_US East_2': 15, 'B4pls_v2_US East_3': 15, 'B8pls_v2_US East_1': 15, 'B8pls_v2_US East_2': 15, 'B8pls_v2_US East_3': 15, 'D16ads_v6_US East_2': 15, 'D16ads_v6_US East_3': 15, 'D16alds_v6_US East_1': 15, 'D16alds_v6_US East_2': 15, 'D16als_v6_US East_2': 15, 'D16als_v6_US East_3': 15, 'D16as_v6_US East_1': 15, 'D16as_v6_US East_2': 15, 'D16pds_v5_US East_2': 15, 'D16plds_v5_US East_1': 15, 'D16plds_v5_US East_3': 15, 'D16pls_v5_US East_2': 15, 'D16pls_v5_US East_3': 15, 'D16ps_v5_US East_2': 15, 'D32ads_v6_US East_1': 15, 'D32ads_v6_US East_3': 15, 'D32alds_v6_US East_2': 15, 'D32alds_v6_US East_3': 15, 'D32als_v6_US East_2': 15, 'D32als_v6_US East_3': 15, 'D32as_v6_US East_1': 15, 'D32as_v6_US East_3': 15, 'D32plds_v5_US East_1': 15, 'D32pls_v5_US East_3': 15, 'D48ads_v6_US East_3': 15, 'D48alds_v6_US East_3': 15, 'D48als_v6_US East_2': 15, 'D48als_v6_US East_3': 15, 'D4ads_v6_US East_1': 15, 'D4ads_v6_US East_2': 15, 'D4ads_v6_US East_3': 15, 'D4alds_v6_US East_1': 15, 'D4alds_v6_US East_2': 15, 'D4alds_v6_US East_3': 15, 'D4als_v6_US East_1': 15, 'D4als_v6_US East_2': 15, 'D4als_v6_US East_3': 15, 'D4as_v6_US East_1': 15, 'D4as_v6_US East_2': 15, 'D4as_v6_US East_3': 15, 'D4pds_v5_US East_1': 15, 'D4pds_v5_US East_2': 15, 'D4pds_v5_US East_3': 15, 'D4plds_v5_US East_1': 15, 'D4plds_v5_US East_2': 15, 'D4plds_v5_US East_3': 15, 'D4pls_v5_US East_1': 15, 'D4pls_v5_US East_2': 15, 'D4pls_v5_US East_3': 15, 'D4ps_v5_US East_1': 15, 'D4ps_v5_US East_2': 15, 'D4ps_v5_US East_3': 15, 'D64ads_v6_US East_3': 15, 'D64alds_v6_US East_3': 15, 'D64als_v6_US East_3': 15, 'D64as_v6_US East_1': 15, 'D8ads_v6_US East_2': 15, 'D8ads_v6_US East_3': 15, 'D8alds_v6_US East_2': 15, 'D8alds_v6_US East_3': 15, 'D8als_v6_US East_1': 15, 'D8als_v6_US East_3': 15, 'D8as_v6_US East_1': 15, 'D8as_v6_US East_3': 15, 'D8plds_v5_US East_1': 15, 'D8plds_v5_US East_2': 15, 'D8plds_v5_US East_3': 15, 'D8pls_v5_US East_1': 15, 'D8pls_v5_US East_2': 15, 'D8pls_v5_US East_3': 15, 'D8ps_v5_US East_1': 15, 'D8ps_v5_US East_2': 15, 'D8ps_v5_US East_3': 15, 'D96ads_v6_US East_1': 15, 'D96alds_v6_US East_1': 15, 'D96als_v6_US East_1': 15, 'D96as_v6_US East_1': 15, 'E16ads_v6_US East_1': 15, 'E16ads_v6_US East_3': 15, 'E16as_v6_US East_2': 15, 'E16as_v6_US East_3': 15, 'E20ads_v6_US East_2': 15, 'E20ads_v6_US East_3': 15, 'E20as_v6_US East_1': 15, 'E20as_v6_US East_3': 15, 'E32ads_v6_US East_2': 15, 'E32as_v6_US East_2': 15, 'E48ads_v6_US East_1': 15, 'E48as_v6_US East_3': 15, 'E4ads_v6_US East_1': 15, 'E4ads_v6_US East_2': 15, 'E4as_v6_US East_1': 15, 'E4as_v6_US East_3': 15, 'E4ps_v5_US East_1': 15, 'E4ps_v5_US East_2': 15, 'E4ps_v5_US East_3': 15, 'E64ads_v6_US East_3': 15, 'E64as_v6_US East_3': 15, 'E8ads_v6_US East_1': 15, 'E8ads_v6_US East_3': 15, 'E8as_v6_US East_2': 15, 'E8as_v6_US East_3': 15, 'E8ps_v5_US East_1': 15, 'E96-48ads_v6_US East_3': 15, 'E96ads_v6_US East_1': 15, 'E96as_v6_US East_1': 15, 'F16als_v6_US East_1': 15, 'F16als_v6_US East_3': 15, 'F16ams_v6_US East_2': 15, 'F16ams_v6_US East_3': 15, 'F16as_v6_US East_1': 15, 'F16as_v6_US East_3': 15, 'F32als_v6_US East_2': 15, 'F32ams_v6_US East_2': 15, 'F32as_v6_US East_2': 15, 'F48als_v6_US East_1': 15, 'F48ams_v6_US East_3': 15, 'F48as_v6_US East_2': 15, 'F4als_v6_US East_1': 15, 'F4als_v6_US East_3': 15, 'F4ams_v6_US East_2': 15, 'F4ams_v6_US East_3': 15, 'F4as_v6_US East_2': 15, 'F4as_v6_US East_3': 15, 'F64als_v6_US East_3': 15, 'F64ams_v6_US East_3': 15, 'F64as_v6_US East_3': 15, 'F8als_v6_US East_1': 15, 'F8als_v6_US East_2': 15, 'F8ams_v6_US East_1': 15, 'F8ams_v6_US East_3': 15, 'F8as_v6_US East_2': 15, 'F8as_v6_US East_3': 15, 'M32ls_US East_1': 15, 'M32ls_US East_2': 15, 'M32ls_US East_3': 15, 'M32ts_US East_1': 15, 'M32ts_US East_2': 15, 'M32ts_US East_3': 15, 'M64s_v2_US East_1': 15, 'NV4as_v4_US East_1': 15, 'NV4as_v4_US East_2': 15, 'NV4as_v4_US East_3': 15, 'NV8as_v4_US East_1': 15, 'NV8as_v4_US East_2': 15, 'NV8as_v4_US East_3': 15}"
0.78,637.8344700000002,366283217,574260.6192167689,12660,12545,"{'B16pls_v2_US East_1': 15, 'B16pls_v2_US East_2': 15, 'B16pls_v2_US East_3': 15, 'B16ps_v2_US East_3': 15, 'B4pls_v2_US East_1': 15, 'B4pls_v2_US East_2': 15, 'B4pls_v2_US East_3': 15, 'B4ps_v2_US East_1': 15, 'B4ps_v2_US East_2': 15, 'B4ps_v2_US East_3': 15, 'B8pls_v2_US East_1': 15, 'B8pls_v2_US East_2': 15, 'B8pls_v2_US East_3': 15, 'B8ps_v2_US East_1': 15, 'B8ps_v2_US East_2': 15, 'B8ps_v2_US East_3': 15, 'D16ads_v6_US East_2': 15, 'D16ads_v6_US East_3': 15, 'D16alds_v6_US East_1': 15, 'D16alds_v6_US East_2': 15, 'D16als_v6_US East_2': 15, 'D16als_v6_US East_3': 15, 'D16as_v6_US East_1': 15, 'D16as_v6_US East_2': 15, 'D16pds_v5_US East_2': 15, 'D16plds_v5_US East_1': 15, 'D16plds_v5_US East_3': 15, 'D16pls_v5_US East_2': 15, 'D16pls_v5_US East_3': 15, 'D16ps_v5_US East_2': 15, 'D32ads_v6_US East_1': 15, 'D32ads_v6_US East_3': 15, 'D32alds_v6_US East_2': 15, 'D32alds_v6_US East_3': 15, 'D32als_v6_US East_2': 15, 'D32als_v6_US East_3': 15, 'D32as_v6_US East_1': 15, 'D32as_v6_US East_3': 15, 'D32plds_v5_US East_1': 15, 'D32pls_v5_US East_3': 15, 'D48ads_v6_US East_3': 15, 'D48alds_v6_US East_3': 15, 'D48als_v6_US East_2': 15, 'D48als_v6_US East_3': 15, 'D4ads_v6_US East_1': 15, 'D4ads_v6_US East_2': 15, 'D4ads_v6_US East_3': 15, 'D4alds_v6_US East_1': 15, 'D4alds_v6_US East_2': 15, 'D4alds_v6_US East_3': 15, 'D4als_v6_US East_1': 15, 'D4als_v6_US East_2': 15, 'D4als_v6_US East_3': 15, 'D4as_v6_US East_1': 15, 'D4as_v6_US East_2': 15, 'D4as_v6_US East_3': 15, 'D4pds_v5_US East_1': 15, 'D4pds_v5_US East_2': 15, 'D4pds_v5_US East_3': 15, 'D4plds_v5_US East_1': 15, 'D4plds_v5_US East_2': 15, 'D4plds_v5_US East_3': 15, 'D4pls_v5_US East_1': 15, 'D4pls_v5_US East_2': 15, 'D4pls_v5_US East_3': 15, 'D4ps_v5_US East_1': 15, 'D4ps_v5_US East_2': 15, 'D4ps_v5_US East_3': 15, 'D64ads_v6_US East_3': 15, 'D64alds_v6_US East_3': 15, 'D64als_v6_US East_3': 15, 'D64as_v6_US East_1': 15, 'D8ads_v6_US East_2': 15, 'D8ads_v6_US East_3': 15, 'D8alds_v6_US East_2': 15, 'D8alds_v6_US East_3': 15, 'D8als_v6_US East_1': 15, 'D8als_v6_US East_3': 15, 'D8as_v6_US East_1': 15, 'D8as_v6_US East_3': 15, 'D8plds_v5_US East_1': 15, 'D8plds_v5_US East_2': 15, 'D8plds_v5_US East_3': 15, 'D8pls_v5_US East_1': 15, 'D8pls_v5_US East_2': 15, 'D8pls_v5_US East_3': 15, 'D8ps_v5_US East_1': 15, 'D8ps_v5_US East_2': 15, 'D8ps_v5_US East_3': 15, 'D96ads_v6_US East_1': 15, 'D96alds_v6_US East_1': 15, 'D96als_v6_US East_1': 15, 'D96as_v6_US East_1': 15, 'E16ads_v6_US East_1': 15, 'E16ads_v6_US East_3': 15, 'E16as_v6_US East_2': 15, 'E16as_v6_US East_3': 15, 'E20ads_v6_US East_2': 15, 'E20ads_v6_US East_3': 15, 'E20as_v6_US East_1': 15, 'E20as_v6_US East_3': 15, 'E32ads_v6_US East_2': 15, 'E32as_v6_US East_2': 15, 'E48ads_v6_US East_1': 15, 'E48as_v6_US East_3': 15, 'E4ads_v6_US East_1': 15, 'E4ads_v6_US East_2': 15, 'E4as_v6_US East_1': 15, 'E4as_v6_US East_3': 15, 'E4ps_v5_US East_1': 15, 'E4ps_v5_US East_2': 15, 'E4ps_v5_US East_3': 15, 'E64ads_v6_US East_3': 15, 'E64as_v6_US East_3': 15, 'E8ads_v6_US East_1': 15, 'E8ads_v6_US East_3': 15, 'E8as_v6_US East_2': 15, 'E8as_v6_US East_3': 15, 'E8ps_v5_US East_1': 15, 'E96-48ads_v6_US East_3': 15, 'E96ads_v6_US East_1': 15, 'E96as_v6_US East_1': 15, 'F16als_v6_US East_1': 15, 'F16als_v6_US East_3': 15, 'F16ams_v6_US East_2': 15, 'F16ams_v6_US East_3': 15, 'F16as_v6_US East_1': 15, 'F16as_v6_US East_3': 15, 'F32als_v6_US East_2': 15, 'F32ams_v6_US East_2': 15, 'F32as_v6_US East_2': 15, 'F48als_v6_US East_1': 15, 'F48ams_v6_US East_3': 15, 'F48as_v6_US East_2': 15, 'F4als_v6_US East_1': 15, 'F4als_v6_US East_3': 15, 'F4ams_v6_US East_2': 15, 'F4ams_v6_US East_3': 15, 'F4as_v6_US East_2': 15, 'F4as_v6_US East_3': 15, 'F64als_v6_US East_3': 15, 'F64ams_v6_US East_3': 15, 'F64as_v6_US East_3': 15, 'F8als_v6_US East_1': 15, 'F8als_v6_US East_2': 15, 'F8ams_v6_US East_1': 15, 'F8ams_v6_US East_3': 15, 'F8as_v6_US East_2': 15, 'F8as_v6_US East_3': 15, 'M32ls_US East_1': 15, 'M32ls_US East_2': 15, 'M32ls_US East_3': 15, 'M32ts_US East_1': 15, 'M32ts_US East_2': 15, 'M32ts_US East_3': 15, 'M64s_v2_US East_1': 15, 'NV4as_v4_US East_1': 15, 'NV4as_v4_US East_2': 15, 'NV4as_v4_US East_3': 15, 'NV8as_v4_US East_1': 15, 'NV8as_v4_US East_2': 15, 'NV8as_v4_US East_3': 15}"
0.79,637.8344700000002,366283217,574260.6192167689,12660,12545,"{'B16pls_v2_US East_1': 15, 'B16pls_v2_US East_2': 15, 'B16pls_v2_US East_3': 15, 'B16ps_v2_US East_3': 15, 'B4pls_v2_US East_1': 15, 'B4pls_v2_US East_2': 15, 'B4pls_v2_US East_3': 15, 'B4ps_v2_US East_1': 15, 'B4ps_v2_US East_2': 15, 'B4ps_v2_US East_3': 15, 'B8pls_v2_US East_1': 15, 'B8pls_v2_US East_2': 15, 'B8pls_v2_US East_3': 15, 'B8ps_v2_US East_1': 15, 'B8ps_v2_US East_2': 15, 'B8ps_v2_US East_3': 15, 'D16ads_v6_US East_2': 15, 'D16ads_v6_US East_3': 15, 'D16alds_v6_US East_1': 15, 'D16alds_v6_US East_2': 15, 'D16als_v6_US East_2': 15, 'D16als_v6_US East_3': 15, 'D16as_v6_US East_1': 15, 'D16as_v6_US East_2': 15, 'D16pds_v5_US East_2': 15, 'D16plds_v5_US East_1': 15, 'D16plds_v5_US East_3': 15, 'D16pls_v5_US East_2': 15, 'D16pls_v5_US East_3': 15, 'D16ps_v5_US East_2': 15, 'D32ads_v6_US East_1': 15, 'D32ads_v6_US East_3': 15, 'D32alds_v6_US East_2': 15, 'D32alds_v6_US East_3': 15, 'D32als_v6_US East_2': 15, 'D32als_v6_US East_3': 15, 'D32as_v6_US East_1': 15, 'D32as_v6_US East_3': 15, 'D32plds_v5_US East_1': 15, 'D32pls_v5_US East_3': 15, 'D48ads_v6_US East_3': 15, 'D48alds_v6_US East_3': 15, 'D48als_v6_US East_2': 15, 'D48als_v6_US East_3': 15, 'D4ads_v6_US East_1': 15, 'D4ads_v6_US East_2': 15, 'D4ads_v6_US East_3': 15, 'D4alds_v6_US East_1': 15, 'D4alds_v6_US East_2': 15, 'D4alds_v6_US East_3': 15, 'D4als_v6_US East_1': 15, 'D4als_v6_US East_2': 15, 'D4als_v6_US East_3': 15, 'D4as_v6_US East_1': 15, 'D4as_v6_US East_2': 15, 'D4as_v6_US East_3': 15, 'D4pds_v5_US East_1': 15, 'D4pds_v5_US East_2': 15, 'D4pds_v5_US East_3': 15, 'D4plds_v5_US East_1': 15, 'D4plds_v5_US East_2': 15, 'D4plds_v5_US East_3': 15, 'D4pls_v5_US East_1': 15, 'D4pls_v5_US East_2': 15, 'D4pls_v5_US East_3': 15, 'D4ps_v5_US East_1': 15, 'D4ps_v5_US East_2': 15, 'D4ps_v5_US East_3': 15, 'D64ads_v6_US East_3': 15, 'D64alds_v6_US East_3': 15, 'D64als_v6_US East_3': 15, 'D64as_v6_US East_1': 15, 'D8ads_v6_US East_2': 15, 'D8ads_v6_US East_3': 15, 'D8alds_v6_US East_2': 15, 'D8alds_v6_US East_3': 15, 'D8als_v6_US East_1': 15, 'D8als_v6_US East_3': 15, 'D8as_v6_US East_1': 15, 'D8as_v6_US East_3': 15, 'D8plds_v5_US East_1': 15, 'D8plds_v5_US East_2': 15, 'D8plds_v5_US East_3': 15, 'D8pls_v5_US East_1': 15, 'D8pls_v5_US East_2': 15, 'D8pls_v5_US East_3': 15, 'D8ps_v5_US East_1': 15, 'D8ps_v5_US East_2': 15, 'D8ps_v5_US East_3': 15, 'D96ads_v6_US East_1': 15, 'D96alds_v6_US East_1': 15, 'D96als_v6_US East_1': 15, 'D96as_v6_US East_1': 15, 'E16ads_v6_US East_1': 15, 'E16ads_v6_US East_3': 15, 'E16as_v6_US East_2': 15, 'E16as_v6_US East_3': 15, 'E20ads_v6_US East_2': 15, 'E20ads_v6_US East_3': 15, 'E20as_v6_US East_1': 15, 'E20as_v6_US East_3': 15, 'E32ads_v6_US East_2': 15, 'E32as_v6_US East_2': 15, 'E48ads_v6_US East_1': 15, 'E48as_v6_US East_3': 15, 'E4ads_v6_US East_1': 15, 'E4ads_v6_US East_2': 15, 'E4as_v6_US East_1': 15, 'E4as_v6_US East_3': 15, 'E4ps_v5_US East_1': 15, 'E4ps_v5_US East_2': 15, 'E4ps_v5_US East_3': 15, 'E64ads_v6_US East_3': 15, 'E64as_v6_US East_3': 15, 'E8ads_v6_US East_1': 15, 'E8ads_v6_US East_3': 15, 'E8as_v6_US East_2': 15, 'E8as_v6_US East_3': 15, 'E8ps_v5_US East_1': 15, 'E96-48ads_v6_US East_3': 15, 'E96ads_v6_US East_1': 15, 'E96as_v6_US East_1': 15, 'F16als_v6_US East_1': 15, 'F16als_v6_US East_3': 15, 'F16ams_v6_US East_2': 15, 'F16ams_v6_US East_3': 15, 'F16as_v6_US East_1': 15, 'F16as_v6_US East_3': 15, 'F32als_v6_US East_2': 15, 'F32ams_v6_US East_2': 15, 'F32as_v6_US East_2': 15, 'F48als_v6_US East_1': 15, 'F48ams_v6_US East_3': 15, 'F48as_v6_US East_2': 15, 'F4als_v6_US East_1': 15, 'F4als_v6_US East_3': 15, 'F4ams_v6_US East_2': 15, 'F4ams_v6_US East_3': 15, 'F4as_v6_US East_2': 15, 'F4as_v6_US East_3': 15, 'F64als_v6_US East_3': 15, 'F64ams_v6_US East_3': 15, 'F64as_v6_US East_3': 15, 'F8als_v6_US East_1': 15, 'F8als_v6_US East_2': 15, 'F8ams_v6_US East_1': 15, 'F8ams_v6_US East_3': 15, 'F8as_v6_US East_2': 15, 'F8as_v6_US East_3': 15, 'M32ls_US East_1': 15, 'M32ls_US East_2': 15, 'M32ls_US East_3': 15, 'M32ts_US East_1': 15, 'M32ts_US East_2': 15, 'M32ts_US East_3': 15, 'M64s_v2_US East_1': 15, 'NV4as_v4_US East_1': 15, 'NV4as_v4_US East_2': 15, 'NV4as_v4_US East_3': 15, 'NV8as_v4_US East_1': 15, 'NV8as_v4_US East_2': 15, 'NV8as_v4_US East_3': 15}"
0.8,658.32627,369168098,560767.684996073,12750,12635,"{'B16pls_v2_US East_1': 15, 'B16pls_v2_US East_2': 15, 'B16pls_v2_US East_3': 15, 'B16ps_v2_US East_3': 15, 'B4pls_v2_US East_1': 15, 'B4pls_v2_US East_2': 15, 'B4pls_v2_US East_3': 15, 'B4ps_v2_US East_1': 15, 'B4ps_v2_US East_2': 15, 'B4ps_v2_US East_3': 15, 'B8pls_v2_US East_1': 15, 'B8pls_v2_US East_2': 15, 'B8pls_v2_US East_3': 15, 'B8ps_v2_US East_1': 15, 'B8ps_v2_US East_2': 15, 'B8ps_v2_US East_3': 15, 'D16ads_v6_US East_2': 15, 'D16ads_v6_US East_3': 15, 'D16alds_v6_US East_1': 15, 'D16alds_v6_US East_2': 15, 'D16als_v6_US East_2': 15, 'D16als_v6_US East_3': 15, 'D16as_v6_US East_1': 15, 'D16as_v6_US East_2': 15, 'D16pds_v5_US East_2': 15, 'D16plds_v5_US East_1': 15, 'D16plds_v5_US East_3': 15, 'D16pls_v5_US East_2': 15, 'D16pls_v5_US East_3': 15, 'D16ps_v5_US East_2': 15, 'D32ads_v6_US East_1': 15, 'D32ads_v6_US East_3': 15, 'D32alds_v6_US East_2': 15, 'D32alds_v6_US East_3': 15, 'D32als_v6_US East_2': 15, 'D32als_v6_US East_3': 15, 'D32as_v6_US East_1': 15, 'D32as_v6_US East_3': 15, 'D32plds_v5_US East_1': 15, 'D32pls_v5_US East_3': 15, 'D48ads_v6_US East_3': 15, 'D48alds_v6_US East_3': 15, 'D48als_v6_US East_2': 15, 'D48als_v6_US East_3': 15, 'D4ads_v6_US East_1': 15, 'D4ads_v6_US East_2': 15, 'D4ads_v6_US East_3': 15, 'D4alds_v6_US East_1': 15, 'D4alds_v6_US East_2': 15, 'D4alds_v6_US East_3': 15, 'D4als_v6_US East_1': 15, 'D4als_v6_US East_2': 15, 'D4als_v6_US East_3': 15, 'D4as_v6_US East_1': 15, 'D4as_v6_US East_2': 15, 'D4as_v6_US East_3': 15, 'D4pds_v5_US East_1': 15, 'D4pds_v5_US East_2': 15, 'D4pds_v5_US East_3': 15, 'D4plds_v5_US East_1': 15, 'D4plds_v5_US East_2': 15, 'D4plds_v5_US East_3': 15, 'D4pls_v5_US East_1': 15, 'D4pls_v5_US East_2': 15, 'D4pls_v5_US East_3': 15, 'D4ps_v5_US East_1': 15, 'D4ps_v5_US East_2': 15, 'D4ps_v5_US East_3': 15, 'D64ads_v6_US East_3': 15, 'D64alds_v6_US East_3': 15, 'D64als_v6_US East_3': 15, 'D64as_v6_US East_1': 15, 'D8ads_v6_US East_2': 15, 'D8ads_v6_US East_3': 15, 'D8alds_v6_US East_2': 15, 'D8alds_v6_US East_3': 15, 'D8als_v6_US East_1': 15, 'D8als_v6_US East_3': 15, 'D8as_v6_US East_1': 15, 'D8as_v6_US East_3': 15, 'D8plds_v5_US East_1': 15, 'D8plds_v5_US East_2': 15, 'D8plds_v5_US East_3': 15, 'D8pls_v5_US East_1': 15, 'D8pls_v5_US East_2': 15, 'D8pls_v5_US East_3': 15, 'D8ps_v5_US East_1': 15, 'D8ps_v5_US East_2': 15, 'D8ps_v5_US East_3': 15, 'D96ads_v6_US East_1': 15, 'D96alds_v6_US East_1': 15, 'D96als_v6_US East_1': 15, 'D96as_v6_US East_1': 15, 'E16ads_v6_US East_1': 15, 'E16ads_v6_US East_3': 15, 'E16as_v6_US East_2': 15, 'E16as_v6_US East_3': 15, 'E20ads_v6_US East_2': 15, 'E20ads_v6_US East_3': 15, 'E20as_v6_US East_1': 15, 'E20as_v6_US East_3': 15, 'E32ads_v6_US East_2': 15, 'E32as_v6_US East_2': 15, 'E48ads_v6_US East_1': 15, 'E48as_v6_US East_3': 15, 'E4ads_v6_US East_1': 15, 'E4ads_v6_US East_2': 15, 'E4as_v6_US East_1': 15, 'E4as_v6_US East_3': 15, 'E4ps_v5_US East_1': 15, 'E4ps_v5_US East_2': 15, 'E4ps_v5_US East_3': 15, 'E64ads_v6_US East_3': 15, 'E64as_v6_US East_3': 15, 'E8ads_v6_US East_1': 15, 'E8ads_v6_US East_3': 15, 'E8as_v6_US East_2': 15, 'E8as_v6_US East_3': 15, 'E8ps_v5_US East_1': 15, 'E96-24ads_v6_US East_1': 15, 'E96-48ads_v6_US East_3': 15, 'E96ads_v6_US East_1': 15, 'E96as_v6_US East_1': 15, 'F16als_v6_US East_1': 15, 'F16als_v6_US East_3': 15, 'F16ams_v6_US East_2': 15, 'F16ams_v6_US East_3': 15, 'F16as_v6_US East_1': 15, 'F16as_v6_US East_3': 15, 'F32als_v6_US East_2': 15, 'F32ams_v6_US East_2': 15, 'F32as_v6_US East_2': 15, 'F48als_v6_US East_1': 15, 'F48ams_v6_US East_3': 15, 'F48as_v6_US East_2': 15, 'F4als_v6_US East_1': 15, 'F4als_v6_US East_3': 15, 'F4ams_v6_US East_2': 15, 'F4ams_v6_US East_3': 15, 'F4as_v6_US East_2': 15, 'F4as_v6_US East_3': 15, 'F64als_v6_US East_3': 15, 'F64ams_v6_US East_3': 15, 'F64as_v6_US East_3': 15, 'F8als_v6_US East_1': 15, 'F8als_v6_US East_2': 15, 'F8ams_v6_US East_1': 15, 'F8ams_v6_US East_3': 15, 'F8as_v6_US East_2': 15, 'F8as_v6_US East_3': 15, 'M32ls_US East_1': 15, 'M32ls_US East_2': 15, 'M32ls_US East_3': 15, 'M32ts_US East_1': 15, 'M32ts_US East_2': 15, 'M32ts_US East_3': 15, 'M64s_v2_US East_1': 15, 'NV4as_v4_US East_1': 15, 'NV4as_v4_US East_2': 15, 'NV4as_v4_US East_3': 15, 'NV8as_v4_US East_1': 15, 'NV8as_v4_US East_2': 15, 'NV8as_v4_US East_3': 15}"
0.81,658.32627,369168098,560767.684996073,12750,12635,"{'B16pls_v2_US East_1': 15, 'B16pls_v2_US East_2': 15, 'B16pls_v2_US East_3': 15, 'B16ps_v2_US East_3': 15, 'B4pls_v2_US East_1': 15, 'B4pls_v2_US East_2': 15, 'B4pls_v2_US East_3': 15, 'B4ps_v2_US East_1': 15, 'B4ps_v2_US East_2': 15, 'B4ps_v2_US East_3': 15, 'B8pls_v2_US East_1': 15, 'B8pls_v2_US East_2': 15, 'B8pls_v2_US East_3': 15, 'B8ps_v2_US East_1': 15, 'B8ps_v2_US East_2': 15, 'B8ps_v2_US East_3': 15, 'D16ads_v6_US East_2': 15, 'D16ads_v6_US East_3': 15, 'D16alds_v6_US East_1': 15, 'D16alds_v6_US East_2': 15, 'D16als_v6_US East_2': 15, 'D16als_v6_US East_3': 15, 'D16as_v6_US East_1': 15, 'D16as_v6_US East_2': 15, 'D16pds_v5_US East_2': 15, 'D16plds_v5_US East_1': 15, 'D16plds_v5_US East_3': 15, 'D16pls_v5_US East_2': 15, 'D16pls_v5_US East_3': 15, 'D16ps_v5_US East_2': 15, 'D32ads_v6_US East_1': 15, 'D32ads_v6_US East_3': 15, 'D32alds_v6_US East_2': 15, 'D32alds_v6_US East_3': 15, 'D32als_v6_US East_2': 15, 'D32als_v6_US East_3': 15, 'D32as_v6_US East_1': 15, 'D32as_v6_US East_3': 15, 'D32plds_v5_US East_1': 15, 'D32pls_v5_US East_3': 15, 'D48ads_v6_US East_3': 15, 'D48alds_v6_US East_3': 15, 'D48als_v6_US East_2': 15, 'D48als_v6_US East_3': 15, 'D4ads_v6_US East_1': 15, 'D4ads_v6_US East_2': 15, 'D4ads_v6_US East_3': 15, 'D4alds_v6_US East_1': 15, 'D4alds_v6_US East_2': 15, 'D4alds_v6_US East_3': 15, 'D4als_v6_US East_1': 15, 'D4als_v6_US East_2': 15, 'D4als_v6_US East_3': 15, 'D4as_v6_US East_1': 15, 'D4as_v6_US East_2': 15, 'D4as_v6_US East_3': 15, 'D4pds_v5_US East_1': 15, 'D4pds_v5_US East_2': 15, 'D4pds_v5_US East_3': 15, 'D4plds_v5_US East_1': 15, 'D4plds_v5_US East_2': 15, 'D4plds_v5_US East_3': 15, 'D4pls_v5_US East_1': 15, 'D4pls_v5_US East_2': 15, 'D4pls_v5_US East_3': 15, 'D4ps_v5_US East_1': 15, 'D4ps_v5_US East_2': 15, 'D4ps_v5_US East_3': 15, 'D64ads_v6_US East_3': 15, 'D64alds_v6_US East_3': 15, 'D64als_v6_US East_3': 15, 'D64as_v6_US East_1': 15, 'D8ads_v6_US East_2': 15, 'D8ads_v6_US East_3': 15, 'D8alds_v6_US East_2': 15, 'D8alds_v6_US East_3': 15, 'D8als_v6_US East_1': 15, 'D8als_v6_US East_3': 15, 'D8as_v6_US East_1': 15, 'D8as_v6_US East_3': 15, 'D8plds_v5_US East_1': 15, 'D8plds_v5_US East_2': 15, 'D8plds_v5_US East_3': 15, 'D8pls_v5_US East_1': 15, 'D8pls_v5_US East_2': 15, 'D8pls_v5_US East_3': 15, 'D8ps_v5_US East_1': 15, 'D8ps_v5_US East_2': 15, 'D8ps_v5_US East_3': 15, 'D96ads_v6_US East_1': 15, 'D96alds_v6_US East_1': 15, 'D96als_v6_US East_1': 15, 'D96as_v6_US East_1': 15, 'E16ads_v6_US East_1': 15, 'E16ads_v6_US East_3': 15, 'E16as_v6_US East_2': 15, 'E16as_v6_US East_3': 15, 'E20ads_v6_US East_2': 15, 'E20ads_v6_US East_3': 15, 'E20as_v6_US East_1': 15, 'E20as_v6_US East_3': 15, 'E32ads_v6_US East_2': 15, 'E32as_v6_US East_2': 15, 'E48ads_v6_US East_1': 15, 'E48as_v6_US East_3': 15, 'E4ads_v6_US East_1': 15, 'E4ads_v6_US East_2': 15, 'E4as_v6_US East_1': 15, 'E4as_v6_US East_3': 15, 'E4ps_v5_US East_1': 15, 'E4ps_v5_US East_2': 15, 'E4ps_v5_US East_3': 15, 'E64ads_v6_US East_3': 15, 'E64as_v6_US East_3': 15, 'E8ads_v6_US East_1': 15, 'E8ads_v6_US East_3': 15, 'E8as_v6_US East_2': 15, 'E8as_v6_US East_3': 15, 'E8ps_v5_US East_1': 15, 'E96-24ads_v6_US East_1': 15, 'E96-48ads_v6_US East_3': 15, 'E96ads_v6_US East_1': 15, 'E96as_v6_US East_1': 15, 'F16als_v6_US East_1': 15, 'F16als_v6_US East_3': 15, 'F16ams_v6_US East_2': 15, 'F16ams_v6_US East_3': 15, 'F16as_v6_US East_1': 15, 'F16as_v6_US East_3': 15, 'F32als_v6_US East_2': 15, 'F32ams_v6_US East_2': 15, 'F32as_v6_US East_2': 15, 'F48als_v6_US East_1': 15, 'F48ams_v6_US East_3': 15, 'F48as_v6_US East_2': 15, 'F4als_v6_US East_1': 15, 'F4als_v6_US East_3': 15, 'F4ams_v6_US East_2': 15, 'F4ams_v6_US East_3': 15, 'F4as_v6_US East_2': 15, 'F4as_v6_US East_3': 15, 'F64als_v6_US East_3': 15, 'F64ams_v6_US East_3': 15, 'F64as_v6_US East_3': 15, 'F8als_v6_US East_1': 15, 'F8als_v6_US East_2': 15, 'F8ams_v6_US East_1': 15, 'F8ams_v6_US East_3': 15, 'F8as_v6_US East_2': 15, 'F8as_v6_US East_3': 15, 'M32ls_US East_1': 15, 'M32ls_US East_2': 15, 'M32ls_US East_3': 15, 'M32ts_US East_1': 15, 'M32ts_US East_2': 15, 'M32ts_US East_3': 15, 'M64s_v2_US East_1': 15, 'NV4as_v4_US East_1': 15, 'NV4as_v4_US East_2': 15, 'NV4as_v4_US East_3': 15, 'NV8as_v4_US East_1': 15, 'NV8as_v4_US East_2': 15, 'NV8as_v4_US East_3': 15}"
0.8200000000000001,658.32627,369168098,560767.684996073,12750,12635,"{'B16pls_v2_US East_1': 15, 'B16pls_v2_US East_2': 15, 'B16pls_v2_US East_3': 15, 'B16ps_v2_US East_3': 15, 'B4pls_v2_US East_1': 15, 'B4pls_v2_US East_2': 15, 'B4pls_v2_US East_3': 15, 'B4ps_v2_US East_1': 15, 'B4ps_v2_US East_2': 15, 'B4ps_v2_US East_3': 15, 'B8pls_v2_US East_1': 15, 'B8pls_v2_US East_2': 15, 'B8pls_v2_US East_3': 15, 'B8ps_v2_US East_1': 15, 'B8ps_v2_US East_2': 15, 'B8ps_v2_US East_3': 15, 'D16ads_v6_US East_2': 15, 'D16ads_v6_US East_3': 15, 'D16alds_v6_US East_1': 15, 'D16alds_v6_US East_2': 15, 'D16als_v6_US East_2': 15, 'D16als_v6_US East_3': 15, 'D16as_v6_US East_1': 15, 'D16as_v6_US East_2': 15, 'D16pds_v5_US East_2': 15, 'D16plds_v5_US East_1': 15, 'D16plds_v5_US East_3': 15, 'D16pls_v5_US East_2': 15, 'D16pls_v5_US East_3': 15, 'D16ps_v5_US East_2': 15, 'D32ads_v6_US East_1': 15, 'D32ads_v6_US East_3': 15, 'D32alds_v6_US East_2': 15, 'D32alds_v6_US East_3': 15, 'D32als_v6_US East_2': 15, 'D32als_v6_US East_3': 15, 'D32as_v6_US East_1': 15, 'D32as_v6_US East_3': 15, 'D32plds_v5_US East_1': 15, 'D32pls_v5_US East_3': 15, 'D48ads_v6_US East_3': 15, 'D48alds_v6_US East_3': 15, 'D48als_v6_US East_2': 15, 'D48als_v6_US East_3': 15, 'D4ads_v6_US East_1': 15, 'D4ads_v6_US East_2': 15, 'D4ads_v6_US East_3': 15, 'D4alds_v6_US East_1': 15, 'D4alds_v6_US East_2': 15, 'D4alds_v6_US East_3': 15, 'D4als_v6_US East_1': 15, 'D4als_v6_US East_2': 15, 'D4als_v6_US East_3': 15, 'D4as_v6_US East_1': 15, 'D4as_v6_US East_2': 15, 'D4as_v6_US East_3': 15, 'D4pds_v5_US East_1': 15, 'D4pds_v5_US East_2': 15, 'D4pds_v5_US East_3': 15, 'D4plds_v5_US East_1': 15, 'D4plds_v5_US East_2': 15, 'D4plds_v5_US East_3': 15, 'D4pls_v5_US East_1': 15, 'D4pls_v5_US East_2': 15, 'D4pls_v5_US East_3': 15, 'D4ps_v5_US East_1': 15, 'D4ps_v5_US East_2': 15, 'D4ps_v5_US East_3': 15, 'D64ads_v6_US East_3': 15, 'D64alds_v6_US East_3': 15, 'D64als_v6_US East_3': 15, 'D64as_v6_US East_1': 15, 'D8ads_v6_US East_2': 15, 'D8ads_v6_US East_3': 15, 'D8alds_v6_US East_2': 15, 'D8alds_v6_US East_3': 15, 'D8als_v6_US East_1': 15, 'D8als_v6_US East_3': 15, 'D8as_v6_US East_1': 15, 'D8as_v6_US East_3': 15, 'D8plds_v5_US East_1': 15, 'D8plds_v5_US East_2': 15, 'D8plds_v5_US East_3': 15, 'D8pls_v5_US East_1': 15, 'D8pls_v5_US East_2': 15, 'D8pls_v5_US East_3': 15, 'D8ps_v5_US East_1': 15, 'D8ps_v5_US East_2': 15, 'D8ps_v5_US East_3': 15, 'D96ads_v6_US East_1': 15, 'D96alds_v6_US East_1': 15, 'D96als_v6_US East_1': 15, 'D96as_v6_US East_1': 15, 'E16ads_v6_US East_1': 15, 'E16ads_v6_US East_3': 15, 'E16as_v6_US East_2': 15, 'E16as_v6_US East_3': 15, 'E20ads_v6_US East_2': 15, 'E20ads_v6_US East_3': 15, 'E20as_v6_US East_1': 15, 'E20as_v6_US East_3': 15, 'E32ads_v6_US East_2': 15, 'E32as_v6_US East_2': 15, 'E48ads_v6_US East_1': 15, 'E48as_v6_US East_3': 15, 'E4ads_v6_US East_1': 15, 'E4ads_v6_US East_2': 15, 'E4as_v6_US East_1': 15, 'E4as_v6_US East_3': 15, 'E4ps_v5_US East_1': 15, 'E4ps_v5_US East_2': 15, 'E4ps_v5_US East_3': 15, 'E64ads_v6_US East_3': 15, 'E64as_v6_US East_3': 15, 'E8ads_v6_US East_1': 15, 'E8ads_v6_US East_3': 15, 'E8as_v6_US East_2': 15, 'E8as_v6_US East_3': 15, 'E8ps_v5_US East_1': 15, 'E96-24ads_v6_US East_1': 15, 'E96-48ads_v6_US East_3': 15, 'E96ads_v6_US East_1': 15, 'E96as_v6_US East_1': 15, 'F16als_v6_US East_1': 15, 'F16als_v6_US East_3': 15, 'F16ams_v6_US East_2': 15, 'F16ams_v6_US East_3': 15, 'F16as_v6_US East_1': 15, 'F16as_v6_US East_3': 15, 'F32als_v6_US East_2': 15, 'F32ams_v6_US East_2': 15, 'F32as_v6_US East_2': 15, 'F48als_v6_US East_1': 15, 'F48ams_v6_US East_3': 15, 'F48as_v6_US East_2': 15, 'F4als_v6_US East_1': 15, 'F4als_v6_US East_3': 15, 'F4ams_v6_US East_2': 15, 'F4ams_v6_US East_3': 15, 'F4as_v6_US East_2': 15, 'F4as_v6_US East_3': 15, 'F64als_v6_US East_3': 15, 'F64ams_v6_US East_3': 15, 'F64as_v6_US East_3': 15, 'F8als_v6_US East_1': 15, 'F8als_v6_US East_2': 15, 'F8ams_v6_US East_1': 15, 'F8ams_v6_US East_3': 15, 'F8as_v6_US East_2': 15, 'F8as_v6_US East_3': 15, 'M32ls_US East_1': 15, 'M32ls_US East_2': 15, 'M32ls_US East_3': 15, 'M32ts_US East_1': 15, 'M32ts_US East_2': 15, 'M32ts_US East_3': 15, 'M64s_v2_US East_1': 15, 'NV4as_v4_US East_1': 15, 'NV4as_v4_US East_2': 15, 'NV4as_v4_US East_3': 15, 'NV8as_v4_US East_1': 15, 'NV8as_v4_US East_2': 15, 'NV8as_v4_US East_3': 15}"
0.8300000000000001,658.32627,369168098,560767.684996073,12750,12635,"{'B16pls_v2_US East_1': 15, 'B16pls_v2_US East_2': 15, 'B16pls_v2_US East_3': 15, 'B16ps_v2_US East_3': 15, 'B4pls_v2_US East_1': 15, 'B4pls_v2_US East_2': 15, 'B4pls_v2_US East_3': 15, 'B4ps_v2_US East_1': 15, 'B4ps_v2_US East_2': 15, 'B4ps_v2_US East_3': 15, 'B8pls_v2_US East_1': 15, 'B8pls_v2_US East_2': 15, 'B8pls_v2_US East_3': 15, 'B8ps_v2_US East_1': 15, 'B8ps_v2_US East_2': 15, 'B8ps_v2_US East_3': 15, 'D16ads_v6_US East_2': 15, 'D16ads_v6_US East_3': 15, 'D16alds_v6_US East_1': 15, 'D16alds_v6_US East_2': 15, 'D16als_v6_US East_2': 15, 'D16als_v6_US East_3': 15, 'D16as_v6_US East_1': 15, 'D16as_v6_US East_2': 15, 'D16pds_v5_US East_2': 15, 'D16plds_v5_US East_1': 15, 'D16plds_v5_US East_3': 15, 'D16pls_v5_US East_2': 15, 'D16pls_v5_US East_3': 15, 'D16ps_v5_US East_2': 15, 'D32ads_v6_US East_1': 15, 'D32ads_v6_US East_3': 15, 'D32alds_v6_US East_2': 15, 'D32alds_v6_US East_3': 15, 'D32als_v6_US East_2': 15, 'D32als_v6_US East_3': 15, 'D32as_v6_US East_1': 15, 'D32as_v6_US East_3': 15, 'D32plds_v5_US East_1': 15, 'D32pls_v5_US East_3': 15, 'D48ads_v6_US East_3': 15, 'D48alds_v6_US East_3': 15, 'D48als_v6_US East_2': 15, 'D48als_v6_US East_3': 15, 'D4ads_v6_US East_1': 15, 'D4ads_v6_US East_2': 15, 'D4ads_v6_US East_3': 15, 'D4alds_v6_US East_1': 15, 'D4alds_v6_US East_2': 15, 'D4alds_v6_US East_3': 15, 'D4als_v6_US East_1': 15, 'D4als_v6_US East_2': 15, 'D4als_v6_US East_3': 15, 'D4as_v6_US East_1': 15, 'D4as_v6_US East_2': 15, 'D4as_v6_US East_3': 15, 'D4pds_v5_US East_1': 15, 'D4pds_v5_US East_2': 15, 'D4pds_v5_US East_3': 15, 'D4plds_v5_US East_1': 15, 'D4plds_v5_US East_2': 15, 'D4plds_v5_US East_3': 15, 'D4pls_v5_US East_1': 15, 'D4pls_v5_US East_2': 15, 'D4pls_v5_US East_3': 15, 'D4ps_v5_US East_1': 15, 'D4ps_v5_US East_2': 15, 'D4ps_v5_US East_3': 15, 'D64ads_v6_US East_3': 15, 'D64alds_v6_US East_3': 15, 'D64als_v6_US East_3': 15, 'D64as_v6_US East_1': 15, 'D8ads_v6_US East_2': 15, 'D8ads_v6_US East_3': 15, 'D8alds_v6_US East_2': 15, 'D8alds_v6_US East_3': 15, 'D8als_v6_US East_1': 15, 'D8als_v6_US East_3': 15, 'D8as_v6_US East_1': 15, 'D8as_v6_US East_3': 15, 'D8plds_v5_US East_1': 15, 'D8plds_v5_US East_2': 15, 'D8plds_v5_US East_3': 15, 'D8pls_v5_US East_1': 15, 'D8pls_v5_US East_2': 15, 'D8pls_v5_US East_3': 15, 'D8ps_v5_US East_1': 15, 'D8ps_v5_US East_2': 15, 'D8ps_v5_US East_3': 15, 'D96ads_v6_US East_1': 15, 'D96alds_v6_US East_1': 15, 'D96als_v6_US East_1': 15, 'D96as_v6_US East_1': 15, 'E16ads_v6_US East_1': 15, 'E16ads_v6_US East_3': 15, 'E16as_v6_US East_2': 15, 'E16as_v6_US East_3': 15, 'E20ads_v6_US East_2': 15, 'E20ads_v6_US East_3': 15, 'E20as_v6_US East_1': 15, 'E20as_v6_US East_3': 15, 'E32ads_v6_US East_2': 15, 'E32as_v6_US East_2': 15, 'E48ads_v6_US East_1': 15, 'E48as_v6_US East_3': 15, 'E4ads_v6_US East_1': 15, 'E4ads_v6_US East_2': 15, 'E4as_v6_US East_1': 15, 'E4as_v6_US East_3': 15, 'E4ps_v5_US East_1': 15, 'E4ps_v5_US East_2': 15, 'E4ps_v5_US East_3': 15, 'E64ads_v6_US East_3': 15, 'E64as_v6_US East_3': 15, 'E8ads_v6_US East_1': 15, 'E8ads_v6_US East_3': 15, 'E8as_v6_US East_2': 15, 'E8as_v6_US East_3': 15, 'E8ps_v5_US East_1': 15, 'E96-24ads_v6_US East_1': 15, 'E96-48ads_v6_US East_3': 15, 'E96ads_v6_US East_1': 15, 'E96as_v6_US East_1': 15, 'F16als_v6_US East_1': 15, 'F16als_v6_US East_3': 15, 'F16ams_v6_US East_2': 15, 'F16ams_v6_US East_3': 15, 'F16as_v6_US East_1': 15, 'F16as_v6_US East_3': 15, 'F32als_v6_US East_2': 15, 'F32ams_v6_US East_2': 15, 'F32as_v6_US East_2': 15, 'F48als_v6_US East_1': 15, 'F48ams_v6_US East_3': 15, 'F48as_v6_US East_2': 15, 'F4als_v6_US East_1': 15, 'F4als_v6_US East_3': 15, 'F4ams_v6_US East_2': 15, 'F4ams_v6_US East_3': 15, 'F4as_v6_US East_2': 15, 'F4as_v6_US East_3': 15, 'F64als_v6_US East_3': 15, 'F64ams_v6_US East_3': 15, 'F64as_v6_US East_3': 15, 'F8als_v6_US East_1': 15, 'F8als_v6_US East_2': 15, 'F8ams_v6_US East_1': 15, 'F8ams_v6_US East_3': 15, 'F8as_v6_US East_2': 15, 'F8as_v6_US East_3': 15, 'M32ls_US East_1': 15, 'M32ls_US East_2': 15, 'M32ls_US East_3': 15, 'M32ts_US East_1': 15, 'M32ts_US East_2': 15, 'M32ts_US East_3': 15, 'M64s_v2_US East_1': 15, 'NV4as_v4_US East_1': 15, 'NV4as_v4_US East_2': 15, 'NV4as_v4_US East_3': 15, 'NV8as_v4_US East_1': 15, 'NV8as_v4_US East_2': 15, 'NV8as_v4_US East_3': 15}"
0.84,725.8910099999999,376736925,518999.29935762647,13230,13115,"{'B16pls_v2_US East_1': 15, 'B16pls_v2_US East_2': 15, 'B16pls_v2_US East_3': 15, 'B16ps_v2_US East_3': 15, 'B4pls_v2_US East_1': 15, 'B4pls_v2_US East_2': 15, 'B4pls_v2_US East_3': 15, 'B4ps_v2_US East_1': 15, 'B4ps_v2_US East_2': 15, 'B4ps_v2_US East_3': 15, 'B8pls_v2_US East_1': 15, 'B8pls_v2_US East_2': 15, 'B8pls_v2_US East_3': 15, 'B8ps_v2_US East_1': 15, 'B8ps_v2_US East_2': 15, 'B8ps_v2_US East_3': 15, 'D16ads_v6_US East_2': 15, 'D16ads_v6_US East_3': 15, 'D16alds_v6_US East_1': 15, 'D16alds_v6_US East_2': 15, 'D16als_v6_US East_2': 15, 'D16als_v6_US East_3': 15, 'D16as_v6_US East_1': 15, 'D16as_v6_US East_2': 15, 'D16pds_v5_US East_2': 15, 'D16plds_v5_US East_1': 15, 'D16plds_v5_US East_3': 15, 'D16pls_v5_US East_2': 15, 'D16pls_v5_US East_3': 15, 'D16ps_v5_US East_2': 15, 'D32ads_v6_US East_1': 15, 'D32ads_v6_US East_3': 15, 'D32alds_v6_US East_2': 15, 'D32alds_v6_US East_3': 15, 'D32als_v6_US East_2': 15, 'D32als_v6_US East_3': 15, 'D32as_v6_US East_1': 15, 'D32as_v6_US East_3': 15, 'D32plds_v5_US East_1': 15, 'D32pls_v5_US East_3': 15, 'D48ads_v6_US East_3': 15, 'D48alds_v6_US East_3': 15, 'D48als_v6_US East_2': 15, 'D48als_v6_US East_3': 15, 'D4ads_v6_US East_1': 15, 'D4ads_v6_US East_2': 15, 'D4ads_v6_US East_3': 15, 'D4alds_v6_US East_1': 15, 'D4alds_v6_US East_2': 15, 'D4alds_v6_US East_3': 15, 'D4als_v6_US East_1': 15, 'D4als_v6_US East_2': 15, 'D4als_v6_US East_3': 15, 'D4as_v6_US East_1': 15, 'D4as_v6_US East_2': 15, 'D4as_v6_US East_3': 15, 'D4pds_v5_US East_1': 15, 'D4pds_v5_US East_2': 15, 'D4pds_v5_US East_3': 15, 'D4plds_v5_US East_1': 15, 'D4plds_v5_US East_2': 15, 'D4plds_v5_US East_3': 15, 'D4pls_v5_US East_1': 15, 'D4pls_v5_US East_2': 15, 'D4pls_v5_US East_3': 15, 'D4ps_v5_US East_1': 15, 'D4ps_v5_US East_2': 15, 'D4ps_v5_US East_3': 15, 'D64ads_v6_US East_3': 15, 'D64alds_v6_US East_3': 15, 'D64als_v6_US East_3': 15, 'D64as_v6_US East_1': 15, 'D8ads_v6_US East_2': 15, 'D8ads_v6_US East_3': 15, 'D8alds_v6_US East_2': 15, 'D8alds_v6_US East_3': 15, 'D8als_v6_US East_1': 15, 'D8als_v6_US East_3': 15, 'D8as_v6_US East_1': 15, 'D8as_v6_US East_3': 15, 'D8plds_v5_US East_1': 15, 'D8plds_v5_US East_2': 15, 'D8plds_v5_US East_3': 15, 'D8pls_v5_US East_1': 15, 'D8pls_v5_US East_2': 15, 'D8pls_v5_US East_3': 15, 'D8ps_v5_US East_1': 15, 'D8ps_v5_US East_2': 15, 'D8ps_v5_US East_3': 15, 'D96ads_v6_US East_1': 15, 'D96alds_v6_US East_1': 15, 'D96als_v6_US East_1': 15, 'D96as_v6_US East_1': 15, 'E16ads_v6_US East_1': 15, 'E16ads_v6_US East_3': 15, 'E16as_v6_US East_2': 15, 'E16as_v6_US East_3': 15, 'E20ads_v6_US East_2': 15, 'E20ads_v6_US East_3': 15, 'E20as_v6_US East_1': 15, 'E20as_v6_US East_3': 15, 'E32ads_v6_US East_2': 15, 'E32as_v6_US East_2': 15, 'E48ads_v6_US East_1': 15, 'E48as_v6_US East_3': 15, 'E4ads_v6_US East_1': 15, 'E4ads_v6_US East_2': 15, 'E4as_v6_US East_1': 15, 'E4as_v6_US East_3': 15, 'E4ps_v5_US East_1': 15, 'E4ps_v5_US East_2': 15, 'E4ps_v5_US East_3': 15, 'E64ads_v6_US East_3': 15, 'E64as_v6_US East_3': 15, 'E8ads_v6_US East_1': 15, 'E8ads_v6_US East_3': 15, 'E8as_v6_US East_2': 15, 'E8as_v6_US East_3': 15, 'E8ps_v5_US East_1': 15, 'E96-24ads_v6_US East_1': 15, 'E96-48ads_v6_US East_3': 15, 'E96ads_v6_US East_1': 15, 'E96as_v6_US East_1': 15, 'F16als_v6_US East_1': 15, 'F16als_v6_US East_3': 15, 'F16ams_v6_US East_2': 15, 'F16ams_v6_US East_3': 15, 'F16as_v6_US East_1': 15, 'F16as_v6_US East_3': 15, 'F32als_v6_US East_2': 15, 'F32ams_v6_US East_2': 15, 'F32as_v6_US East_2': 15, 'F48als_v6_US East_1': 15, 'F48ams_v6_US East_3': 15, 'F48as_v6_US East_2': 15, 'F4als_v6_US East_1': 15, 'F4als_v6_US East_3': 15, 'F4ams_v6_US East_2': 15, 'F4ams_v6_US East_3': 15, 'F4as_v6_US East_2': 15, 'F4as_v6_US East_3': 15, 'F64als_v6_US East_3': 15, 'F64ams_v6_US East_3': 15, 'F64as_v6_US East_3': 15, 'F8als_v6_US East_1': 15, 'F8als_v6_US East_2': 15, 'F8ams_v6_US East_1': 15, 'F8ams_v6_US East_3': 15, 'F8as_v6_US East_2': 15, 'F8as_v6_US East_3': 15, 'M32dms_v2_US East_1': 15, 'M32dms_v2_US East_2': 15, 'M32ls_US East_1': 15, 'M32ls_US East_2': 15, 'M32ls_US East_3': 15, 'M32ms_v2_US East_1': 15, 'M32ms_v2_US East_2': 15, 'M32ts_US East_1': 15, 'M32ts_US East_2': 15, 'M32ts_US East_3': 15, 'M64s_v2_US East_1': 15, 'NV4as_v4_US East_1': 15, 'NV4as_v4_US East_2': 15, 'NV4as_v4_US East_3': 15, 'NV8as_v4_US East_1': 15, 'NV8as_v4_US East_2': 15, 'NV8as_v4_US East_3': 15}"
0.85,738.668535,378002123,511734.4318720707,13320,13205,"{'B16pls_v2_US East_1': 15, 'B16pls_v2_US East_2': 15, 'B16pls_v2_US East_3': 15, 'B16ps_v2_US East_3': 15, 'B4pls_v2_US East_1': 15, 'B4pls_v2_US East_2': 15, 'B4pls_v2_US East_3': 15, 'B4ps_v2_US East_1': 15, 'B4ps_v2_US East_2': 15, 'B4ps_v2_US East_3': 15, 'B8pls_v2_US East_1': 15, 'B8pls_v2_US East_2': 15, 'B8pls_v2_US East_3': 15, 'B8ps_v2_US East_1': 15, 'B8ps_v2_US East_2': 15, 'B8ps_v2_US East_3': 15, 'D16ads_v6_US East_2': 15, 'D16ads_v6_US East_3': 15, 'D16alds_v6_US East_1': 15, 'D16alds_v6_US East_2': 15, 'D16als_v6_US East_2': 15, 'D16als_v6_US East_3': 15, 'D16as_v6_US East_1': 15, 'D16as_v6_US East_2': 15, 'D16pds_v5_US East_2': 15, 'D16plds_v5_US East_1': 15, 'D16plds_v5_US East_3': 15, 'D16pls_v5_US East_2': 15, 'D16pls_v5_US East_3': 15, 'D16ps_v5_US East_2': 15, 'D32ads_v6_US East_1': 15, 'D32ads_v6_US East_3': 15, 'D32alds_v6_US East_2': 15, 'D32alds_v6_US East_3': 15, 'D32als_v6_US East_2': 15, 'D32als_v6_US East_3': 15, 'D32as_v6_US East_1': 15, 'D32as_v6_US East_3': 15, 'D32plds_v5_US East_1': 15, 'D32pls_v5_US East_3': 15, 'D48ads_v6_US East_3': 15, 'D48alds_v6_US East_3': 15, 'D48als_v6_US East_2': 15, 'D48als_v6_US East_3': 15, 'D4ads_v6_US East_1': 15, 'D4ads_v6_US East_2': 15, 'D4ads_v6_US East_3': 15, 'D4alds_v6_US East_1': 15, 'D4alds_v6_US East_2': 15, 'D4alds_v6_US East_3': 15, 'D4als_v6_US East_1': 15, 'D4als_v6_US East_2': 15, 'D4als_v6_US East_3': 15, 'D4as_v6_US East_1': 15, 'D4as_v6_US East_2': 15, 'D4as_v6_US East_3': 15, 'D4pds_v5_US East_1': 15, 'D4pds_v5_US East_2': 15, 'D4pds_v5_US East_3': 15, 'D4plds_v5_US East_1': 15, 'D4plds_v5_US East_2': 15, 'D4plds_v5_US East_3': 15, 'D4pls_v5_US East_1': 15, 'D4pls_v5_US East_2': 15, 'D4pls_v5_US East_3': 15, 'D4ps_v5_US East_1': 15, 'D4ps_v5_US East_2': 15, 'D4ps_v5_US East_3': 15, 'D64ads_v6_US East_3': 15, 'D64alds_v6_US East_3': 15, 'D64als_v6_US East_3': 15, 'D64as_v6_US East_1': 15, 'D8ads_v6_US East_2': 15, 'D8ads_v6_US East_3': 15, 'D8alds_v6_US East_2': 15, 'D8alds_v6_US East_3': 15, 'D8als_v6_US East_1': 15, 'D8als_v6_US East_3': 15, 'D8as_v6_US East_1': 15, 'D8as_v6_US East_3': 15, 'D8plds_v5_US East_1': 15, 'D8plds_v5_US East_2': 15, 'D8plds_v5_US East_3': 15, 'D8pls_v5_US East_1': 15, 'D8pls_v5_US East_2': 15, 'D8pls_v5_US East_3': 15, 'D8ps_v5_US East_1': 15, 'D8ps_v5_US East_2': 15, 'D8ps_v5_US East_3': 15, 'D96ads_v6_US East_1': 15, 'D96alds_v6_US East_1': 15, 'D96als_v6_US East_1': 15, 'D96as_v6_US East_1': 15, 'E16ads_v6_US East_1': 15, 'E16ads_v6_US East_3': 15, 'E16as_v6_US East_2': 15, 'E16as_v6_US East_3': 15, 'E20ads_v6_US East_2': 15, 'E20ads_v6_US East_3': 15, 'E20as_v6_US East_1': 15, 'E20as_v6_US East_3': 15, 'E32ads_v6_US East_2': 15, 'E32as_v6_US East_2': 15, 'E48ads_v6_US East_1': 15, 'E48as_v6_US East_3': 15, 'E4ads_v6_US East_1': 15, 'E4ads_v6_US East_2': 15, 'E4as_v6_US East_1': 15, 'E4as_v6_US East_3': 15, 'E4ps_v5_US East_1': 15, 'E4ps_v5_US East_2': 15, 'E4ps_v5_US East_3': 15, 'E64ads_v6_US East_3': 15, 'E64as_v6_US East_3': 15, 'E8ads_v6_US East_1': 15, 'E8ads_v6_US East_3': 15, 'E8as_v6_US East_2': 15, 'E8as_v6_US East_3': 15, 'E8ps_v5_US East_1': 15, 'E96-24ads_v6_US East_1': 15, 'E96-48ads_v6_US East_3': 15, 'E96ads_v6_US East_1': 15, 'E96as_v6_US East_1': 15, 'F16als_v6_US East_1': 15, 'F16als_v6_US East_3': 15, 'F16ams_v6_US East_2': 15, 'F16ams_v6_US East_3': 15, 'F16as_v6_US East_1': 15, 'F16as_v6_US East_3': 15, 'F32als_v6_US East_2': 15, 'F32ams_v6_US East_2': 15, 'F32as_v6_US East_2': 15, 'F48als_v6_US East_1': 15, 'F48ams_v6_US East_3': 15, 'F48as_v6_US East_2': 15, 'F4als_v6_US East_1': 15, 'F4als_v6_US East_3': 15, 'F4ams_v6_US East_2': 15, 'F4ams_v6_US East_3': 15, 'F4as_v6_US East_2': 15, 'F4as_v6_US East_3': 15, 'F64als_v6_US East_3': 15, 'F64ams_v6_US East_3': 15, 'F64as_v6_US East_3': 15, 'F8als_v6_US East_1': 15, 'F8als_v6_US East_2': 15, 'F8ams_v6_US East_1': 15, 'F8ams_v6_US East_3': 15, 'F8as_v6_US East_2': 15, 'F8as_v6_US East_3': 15, 'M32dms_v2_US East_1': 15, 'M32dms_v2_US East_2': 15, 'M32ls_US East_1': 15, 'M32ls_US East_2': 15, 'M32ls_US East_3': 15, 'M32ms_v2_US East_1': 15, 'M32ms_v2_US East_2': 15, 'M32ts_US East_1': 15, 'M32ts_US East_2': 15, 'M32ts_US East_3': 15, 'M64s_v2_US East_1': 15, 'M8-4ms_US East_1': 15, 'M8-4ms_US East_2': 15, 'M8-4ms_US East_3': 15, 'NV4as_v4_US East_1': 15, 'NV4as_v4_US East_2': 15, 'NV4as_v4_US East_3': 15, 'NV8as_v4_US East_1': 15, 'NV8as_v4_US East_2': 15, 'NV8as_v4_US East_3': 15}"
0.86,870.7030200000003,390780829,448810.69690099335,14250,14135,"{'B16pls_v2_US East_1': 15, 'B16pls_v2_US East_2': 15, 'B16pls_v2_US East_3': 15, 'B16ps_v2_US East_3': 15, 'B4pls_v2_US East_1': 15, 'B4pls_v2_US East_2': 15, 'B4pls_v2_US East_3': 15, 'B4ps_v2_US East_1': 15, 'B4ps_v2_US East_2': 15, 'B4ps_v2_US East_3': 15, 'B8pls_v2_US East_1': 15, 'B8pls_v2_US East_2': 15, 'B8pls_v2_US East_3': 15, 'B8ps_v2_US East_1': 15, 'B8ps_v2_US East_2': 15, 'B8ps_v2_US East_3': 15, 'D16ads_v6_US East_2': 15, 'D16ads_v6_US East_3': 15, 'D16alds_v6_US East_1': 15, 'D16alds_v6_US East_2': 15, 'D16als_v6_US East_2': 15, 'D16als_v6_US East_3': 15, 'D16as_v6_US East_1': 15, 'D16as_v6_US East_2': 15, 'D16pds_v5_US East_2': 15, 'D16plds_v5_US East_1': 15, 'D16plds_v5_US East_3': 15, 'D16pls_v5_US East_2': 15, 'D16pls_v5_US East_3': 15, 'D16ps_v5_US East_2': 15, 'D32ads_v6_US East_1': 15, 'D32ads_v6_US East_3': 15, 'D32alds_v6_US East_2': 15, 'D32alds_v6_US East_3': 15, 'D32als_v6_US East_2': 15, 'D32als_v6_US East_3': 15, 'D32as_v6_US East_1': 15, 'D32as_v6_US East_3': 15, 'D32plds_v5_US East_1': 15, 'D32pls_v5_US East_3': 15, 'D48ads_v6_US East_3': 15, 'D48alds_v6_US East_3': 15, 'D48als_v6_US East_2': 15, 'D48als_v6_US East_3': 15, 'D4ads_v6_US East_1': 15, 'D4ads_v6_US East_2': 15, 'D4ads_v6_US East_3': 15, 'D4alds_v6_US East_1': 15, 'D4alds_v6_US East_2': 15, 'D4alds_v6_US East_3': 15, 'D4als_v6_US East_1': 15, 'D4als_v6_US East_2': 15, 'D4als_v6_US East_3': 15, 'D4as_v6_US East_1': 15, 'D4as_v6_US East_2': 15, 'D4as_v6_US East_3': 15, 'D4pds_v5_US East_1': 15, 'D4pds_v5_US East_2': 15, 'D4pds_v5_US East_3': 15, 'D4plds_v5_US East_1': 15, 'D4plds_v5_US East_2': 15, 'D4plds_v5_US East_3': 15, 'D4pls_v5_US East_1': 15, 'D4pls_v5_US East_2': 15, 'D4pls_v5_US East_3': 15, 'D4ps_v5_US East_1': 15, 'D4ps_v5_US East_2': 15, 'D4ps_v5_US East_3': 15, 'D64ads_v6_US East_3': 15, 'D64alds_v6_US East_3': 15, 'D64als_v6_US East_3': 15, 'D64as_v6_US East_1': 15, 'D8ads_v6_US East_2': 15, 'D8ads_v6_US East_3': 15, 'D8alds_v6_US East_2': 15, 'D8alds_v6_US East_3': 15, 'D8als_v6_US East_1': 15, 'D8als_v6_US East_3': 15, 'D8as_v6_US East_1': 15, 'D8as_v6_US East_3': 15, 'D8plds_v5_US East_1': 15, 'D8plds_v5_US East_2': 15, 'D8plds_v5_US East_3': 15, 'D8pls_v5_US East_1': 15, 'D8pls_v5_US East_2': 15, 'D8pls_v5_US East_3': 15, 'D8ps_v5_US East_1': 15, 'D8ps_v5_US East_2': 15, 'D8ps_v5_US East_3': 15, 'D96ads_v6_US East_1': 15, 'D96alds_v6_US East_1': 15, 'D96als_v6_US East_1': 15, 'D96as_v6_US East_1': 15, 'E16ads_v6_US East_1': 15, 'E16ads_v6_US East_3': 15, 'E16as_v6_US East_2': 15, 'E16as_v6_US East_3': 15, 'E20ads_v6_US East_2': 15, 'E20ads_v6_US East_3': 15, 'E20as_v6_US East_1': 15, 'E20as_v6_US East_3': 15, 'E32ads_v6_US East_2': 15, 'E32as_v6_US East_2': 15, 'E48ads_v6_US East_1': 15, 'E48as_v6_US East_3': 15, 'E4ads_v6_US East_1': 15, 'E4ads_v6_US East_2': 15, 'E4as_v6_US East_1': 15, 'E4as_v6_US East_3': 15, 'E4ps_v5_US East_1': 15, 'E4ps_v5_US East_2': 15, 'E4ps_v5_US East_3': 15, 'E64ads_v6_US East_3': 15, 'E64as_v6_US East_3': 15, 'E8ads_v6_US East_1': 15, 'E8ads_v6_US East_3': 15, 'E8as_v6_US East_2': 15, 'E8as_v6_US East_3': 15, 'E8ps_v5_US East_1': 15, 'E96-24ads_v6_US East_1': 15, 'E96-48ads_v6_US East_3': 15, 'E96ads_v6_US East_1': 15, 'E96as_v6_US East_1': 15, 'F16als_v6_US East_1': 15, 'F16als_v6_US East_3': 15, 'F16ams_v6_US East_2': 15, 'F16ams_v6_US East_3': 15, 'F16as_v6_US East_1': 15, 'F16as_v6_US East_3': 15, 'F32als_v6_US East_2': 15, 'F32ams_v6_US East_2': 15, 'F32as_v6_US East_2': 15, 'F48als_v6_US East_1': 15, 'F48ams_v6_US East_3': 15, 'F48as_v6_US East_2': 15, 'F4als_v6_US East_1': 15, 'F4als_v6_US East_3': 15, 'F4ams_v6_US East_2': 15, 'F4ams_v6_US East_3': 15, 'F4as_v6_US East_2': 15, 'F4as_v6_US East_3': 15, 'F64als_v6_US East_3': 15, 'F64ams_v6_US East_3': 15, 'F64as_v6_US East_3': 15, 'F8als_v6_US East_1': 15, 'F8als_v6_US East_2': 15, 'F8ams_v6_US East_1': 15, 'F8ams_v6_US East_3': 15, 'F8as_v6_US East_2': 15, 'F8as_v6_US East_3': 15, 'M16-8ms_US East_1': 15, 'M16-8ms_US East_2': 15, 'M16-8ms_US East_3': 15, 'M16ms_US East_1': 15, 'M16ms_US East_2': 15, 'M16ms_US East_3': 15, 'M32-8ms_US East_1': 15, 'M32-8ms_US East_2': 15, 'M32dms_v2_US East_1': 15, 'M32dms_v2_US East_2': 15, 'M32ls_US East_1': 15, 'M32ls_US East_2': 15, 'M32ls_US East_3': 15, 'M32ms_US East_1': 15, 'M32ms_US East_2': 15, 'M32ms_v2_US East_1': 15, 'M32ms_v2_US East_2': 15, 'M32ts_US East_1': 15, 'M32ts_US East_2': 15, 'M32ts_US East_3': 15, 'M64s_v2_US East_1': 15, 'M8-4ms_US East_1': 15, 'M8-4ms_US East_2': 15, 'M8-4ms_US East_3': 15, 'M8ms_US East_1': 15, 'M8ms_US East_2': 15, 'M8ms_US East_3': 15, 'NV4as_v4_US East_1': 15, 'NV4as_v4_US East_2': 15, 'NV4as_v4_US East_3': 15, 'NV8as_v4_US East_1': 15, 'NV8as_v4_US East_2': 15, 'NV8as_v4_US East_3': 15}"
0.87,870.7030200000003,390780829,448810.69690099335,14250,14135,"{'B16pls_v2_US East_1': 15, 'B16pls_v2_US East_2': 15, 'B16pls_v2_US East_3': 15, 'B16ps_v2_US East_3': 15, 'B4pls_v2_US East_1': 15, 'B4pls_v2_US East_2': 15, 'B4pls_v2_US East_3': 15, 'B4ps_v2_US East_1': 15, 'B4ps_v2_US East_2': 15, 'B4ps_v2_US East_3': 15, 'B8pls_v2_US East_1': 15, 'B8pls_v2_US East_2': 15, 'B8pls_v2_US East_3': 15, 'B8ps_v2_US East_1': 15, 'B8ps_v2_US East_2': 15, 'B8ps_v2_US East_3': 15, 'D16ads_v6_US East_2': 15, 'D16ads_v6_US East_3': 15, 'D16alds_v6_US East_1': 15, 'D16alds_v6_US East_2': 15, 'D16als_v6_US East_2': 15, 'D16als_v6_US East_3': 15, 'D16as_v6_US East_1': 15, 'D16as_v6_US East_2': 15, 'D16pds_v5_US East_2': 15, 'D16plds_v5_US East_1': 15, 'D16plds_v5_US East_3': 15, 'D16pls_v5_US East_2': 15, 'D16pls_v5_US East_3': 15, 'D16ps_v5_US East_2': 15, 'D32ads_v6_US East_1': 15, 'D32ads_v6_US East_3': 15, 'D32alds_v6_US East_2': 15, 'D32alds_v6_US East_3': 15, 'D32als_v6_US East_2': 15, 'D32als_v6_US East_3': 15, 'D32as_v6_US East_1': 15, 'D32as_v6_US East_3': 15, 'D32plds_v5_US East_1': 15, 'D32pls_v5_US East_3': 15, 'D48ads_v6_US East_3': 15, 'D48alds_v6_US East_3': 15, 'D48als_v6_US East_2': 15, 'D48als_v6_US East_3': 15, 'D4ads_v6_US East_1': 15, 'D4ads_v6_US East_2': 15, 'D4ads_v6_US East_3': 15, 'D4alds_v6_US East_1': 15, 'D4alds_v6_US East_2': 15, 'D4alds_v6_US East_3': 15, 'D4als_v6_US East_1': 15, 'D4als_v6_US East_2': 15, 'D4als_v6_US East_3': 15, 'D4as_v6_US East_1': 15, 'D4as_v6_US East_2': 15, 'D4as_v6_US East_3': 15, 'D4pds_v5_US East_1': 15, 'D4pds_v5_US East_2': 15, 'D4pds_v5_US East_3': 15, 'D4plds_v5_US East_1': 15, 'D4plds_v5_US East_2': 15, 'D4plds_v5_US East_3': 15, 'D4pls_v5_US East_1': 15, 'D4pls_v5_US East_2': 15, 'D4pls_v5_US East_3': 15, 'D4ps_v5_US East_1': 15, 'D4ps_v5_US East_2': 15, 'D4ps_v5_US East_3': 15, 'D64ads_v6_US East_3': 15, 'D64alds_v6_US East_3': 15, 'D64als_v6_US East_3': 15, 'D64as_v6_US East_1': 15, 'D8ads_v6_US East_2': 15, 'D8ads_v6_US East_3': 15, 'D8alds_v6_US East_2': 15, 'D8alds_v6_US East_3': 15, 'D8als_v6_US East_1': 15, 'D8als_v6_US East_3': 15, 'D8as_v6_US East_1': 15, 'D8as_v6_US East_3': 15, 'D8plds_v5_US East_1': 15, 'D8plds_v5_US East_2': 15, 'D8plds_v5_US East_3': 15, 'D8pls_v5_US East_1': 15, 'D8pls_v5_US East_2': 15, 'D8pls_v5_US East_3': 15, 'D8ps_v5_US East_1': 15, 'D8ps_v5_US East_2': 15, 'D8ps_v5_US East_3': 15, 'D96ads_v6_US East_1': 15, 'D96alds_v6_US East_1': 15, 'D96als_v6_US East_1': 15, 'D96as_v6_US East_1': 15, 'E16ads_v6_US East_1': 15, 'E16ads_v6_US East_3': 15, 'E16as_v6_US East_2': 15, 'E16as_v6_US East_3': 15, 'E20ads_v6_US East_2': 15, 'E20ads_v6_US East_3': 15, 'E20as_v6_US East_1': 15, 'E20as_v6_US East_3': 15, 'E32ads_v6_US East_2': 15, 'E32as_v6_US East_2': 15, 'E48ads_v6_US East_1': 15, 'E48as_v6_US East_3': 15, 'E4ads_v6_US East_1': 15, 'E4ads_v6_US East_2': 15, 'E4as_v6_US East_1': 15, 'E4as_v6_US East_3': 15, 'E4ps_v5_US East_1': 15, 'E4ps_v5_US East_2': 15, 'E4ps_v5_US East_3': 15, 'E64ads_v6_US East_3': 15, 'E64as_v6_US East_3': 15, 'E8ads_v6_US East_1': 15, 'E8ads_v6_US East_3': 15, 'E8as_v6_US East_2': 15, 'E8as_v6_US East_3': 15, 'E8ps_v5_US East_1': 15, 'E96-24ads_v6_US East_1': 15, 'E96-48ads_v6_US East_3': 15, 'E96ads_v6_US East_1': 15, 'E96as_v6_US East_1': 15, 'F16als_v6_US East_1': 15, 'F16als_v6_US East_3': 15, 'F16ams_v6_US East_2': 15, 'F16ams_v6_US East_3': 15, 'F16as_v6_US East_1': 15, 'F16as_v6_US East_3': 15, 'F32als_v6_US East_2': 15, 'F32ams_v6_US East_2': 15, 'F32as_v6_US East_2': 15, 'F48als_v6_US East_1': 15, 'F48ams_v6_US East_3': 15, 'F48as_v6_US East_2': 15, 'F4als_v6_US East_1': 15, 'F4als_v6_US East_3': 15, 'F4ams_v6_US East_2': 15, 'F4ams_v6_US East_3': 15, 'F4as_v6_US East_2': 15, 'F4as_v6_US East_3': 15, 'F64als_v6_US East_3': 15, 'F64ams_v6_US East_3': 15, 'F64as_v6_US East_3': 15, 'F8als_v6_US East_1': 15, 'F8als_v6_US East_2': 15, 'F8ams_v6_US East_1': 15, 'F8ams_v6_US East_3': 15, 'F8as_v6_US East_2': 15, 'F8as_v6_US East_3': 15, 'M16-8ms_US East_1': 15, 'M16-8ms_US East_2': 15, 'M16-8ms_US East_3': 15, 'M16ms_US East_1': 15, 'M16ms_US East_2': 15, 'M16ms_US East_3': 15, 'M32-8ms_US East_1': 15, 'M32-8ms_US East_2': 15, 'M32dms_v2_US East_1': 15, 'M32dms_v2_US East_2': 15, 'M32ls_US East_1': 15, 'M32ls_US East_2': 15, 'M32ls_US East_3': 15, 'M32ms_US East_1': 15, 'M32ms_US East_2': 15, 'M32ms_v2_US East_1': 15, 'M32ms_v2_US East_2': 15, 'M32ts_US East_1': 15, 'M32ts_US East_2': 15, 'M32ts_US East_3': 15, 'M64s_v2_US East_1': 15, 'M8-4ms_US East_1': 15, 'M8-4ms_US East_2': 15, 'M8-4ms_US East_3': 15, 'M8ms_US East_1': 15, 'M8ms_US East_2': 15, 'M8ms_US East_3': 15, 'NV4as_v4_US East_1': 15, 'NV4as_v4_US East_2': 15, 'NV4as_v4_US East_3': 15, 'NV8as_v4_US East_1': 15, 'NV8as_v4_US East_2': 15, 'NV8as_v4_US East_3': 15}"
0.88,870.7030200000003,390780829,448810.69690099335,14250,14135,"{'B16pls_v2_US East_1': 15, 'B16pls_v2_US East_2': 15, 'B16pls_v2_US East_3': 15, 'B16ps_v2_US East_3': 15, 'B4pls_v2_US East_1': 15, 'B4pls_v2_US East_2': 15, 'B4pls_v2_US East_3': 15, 'B4ps_v2_US East_1': 15, 'B4ps_v2_US East_2': 15, 'B4ps_v2_US East_3': 15, 'B8pls_v2_US East_1': 15, 'B8pls_v2_US East_2': 15, 'B8pls_v2_US East_3': 15, 'B8ps_v2_US East_1': 15, 'B8ps_v2_US East_2': 15, 'B8ps_v2_US East_3': 15, 'D16ads_v6_US East_2': 15, 'D16ads_v6_US East_3': 15, 'D16alds_v6_US East_1': 15, 'D16alds_v6_US East_2': 15, 'D16als_v6_US East_2': 15, 'D16als_v6_US East_3': 15, 'D16as_v6_US East_1': 15, 'D16as_v6_US East_2': 15, 'D16pds_v5_US East_2': 15, 'D16plds_v5_US East_1': 15, 'D16plds_v5_US East_3': 15, 'D16pls_v5_US East_2': 15, 'D16pls_v5_US East_3': 15, 'D16ps_v5_US East_2': 15, 'D32ads_v6_US East_1': 15, 'D32ads_v6_US East_3': 15, 'D32alds_v6_US East_2': 15, 'D32alds_v6_US East_3': 15, 'D32als_v6_US East_2': 15, 'D32als_v6_US East_3': 15, 'D32as_v6_US East_1': 15, 'D32as_v6_US East_3': 15, 'D32plds_v5_US East_1': 15, 'D32pls_v5_US East_3': 15, 'D48ads_v6_US East_3': 15, 'D48alds_v6_US East_3': 15, 'D48als_v6_US East_2': 15, 'D48als_v6_US East_3': 15, 'D4ads_v6_US East_1': 15, 'D4ads_v6_US East_2': 15, 'D4ads_v6_US East_3': 15, 'D4alds_v6_US East_1': 15, 'D4alds_v6_US East_2': 15, 'D4alds_v6_US East_3': 15, 'D4als_v6_US East_1': 15, 'D4als_v6_US East_2': 15, 'D4als_v6_US East_3': 15, 'D4as_v6_US East_1': 15, 'D4as_v6_US East_2': 15, 'D4as_v6_US East_3': 15, 'D4pds_v5_US East_1': 15, 'D4pds_v5_US East_2': 15, 'D4pds_v5_US East_3': 15, 'D4plds_v5_US East_1': 15, 'D4plds_v5_US East_2': 15, 'D4plds_v5_US East_3': 15, 'D4pls_v5_US East_1': 15, 'D4pls_v5_US East_2': 15, 'D4pls_v5_US East_3': 15, 'D4ps_v5_US East_1': 15, 'D4ps_v5_US East_2': 15, 'D4ps_v5_US East_3': 15, 'D64ads_v6_US East_3': 15, 'D64alds_v6_US East_3': 15, 'D64als_v6_US East_3': 15, 'D64as_v6_US East_1': 15, 'D8ads_v6_US East_2': 15, 'D8ads_v6_US East_3': 15, 'D8alds_v6_US East_2': 15, 'D8alds_v6_US East_3': 15, 'D8als_v6_US East_1': 15, 'D8als_v6_US East_3': 15, 'D8as_v6_US East_1': 15, 'D8as_v6_US East_3': 15, 'D8plds_v5_US East_1': 15, 'D8plds_v5_US East_2': 15, 'D8plds_v5_US East_3': 15, 'D8pls_v5_US East_1': 15, 'D8pls_v5_US East_2': 15, 'D8pls_v5_US East_3': 15, 'D8ps_v5_US East_1': 15, 'D8ps_v5_US East_2': 15, 'D8ps_v5_US East_3': 15, 'D96ads_v6_US East_1': 15, 'D96alds_v6_US East_1': 15, 'D96als_v6_US East_1': 15, 'D96as_v6_US East_1': 15, 'E16ads_v6_US East_1': 15, 'E16ads_v6_US East_3': 15, 'E16as_v6_US East_2': 15, 'E16as_v6_US East_3': 15, 'E20ads_v6_US East_2': 15, 'E20ads_v6_US East_3': 15, 'E20as_v6_US East_1': 15, 'E20as_v6_US East_3': 15, 'E32ads_v6_US East_2': 15, 'E32as_v6_US East_2': 15, 'E48ads_v6_US East_1': 15, 'E48as_v6_US East_3': 15, 'E4ads_v6_US East_1': 15, 'E4ads_v6_US East_2': 15, 'E4as_v6_US East_1': 15, 'E4as_v6_US East_3': 15, 'E4ps_v5_US East_1': 15, 'E4ps_v5_US East_2': 15, 'E4ps_v5_US East_3': 15, 'E64ads_v6_US East_3': 15, 'E64as_v6_US East_3': 15, 'E8ads_v6_US East_1': 15, 'E8ads_v6_US East_3': 15, 'E8as_v6_US East_2': 15, 'E8as_v6_US East_3': 15, 'E8ps_v5_US East_1': 15, 'E96-24ads_v6_US East_1': 15, 'E96-48ads_v6_US East_3': 15, 'E96ads_v6_US East_1': 15, 'E96as_v6_US East_1': 15, 'F16als_v6_US East_1': 15, 'F16als_v6_US East_3': 15, 'F16ams_v6_US East_2': 15, 'F16ams_v6_US East_3': 15, 'F16as_v6_US East_1': 15, 'F16as_v6_US East_3': 15, 'F32als_v6_US East_2': 15, 'F32ams_v6_US East_2': 15, 'F32as_v6_US East_2': 15, 'F48als_v6_US East_1': 15, 'F48ams_v6_US East_3': 15, 'F48as_v6_US East_2': 15, 'F4als_v6_US East_1': 15, 'F4als_v6_US East_3': 15, 'F4ams_v6_US East_2': 15, 'F4ams_v6_US East_3': 15, 'F4as_v6_US East_2': 15, 'F4as_v6_US East_3': 15, 'F64als_v6_US East_3': 15, 'F64ams_v6_US East_3': 15, 'F64as_v6_US East_3': 15, 'F8als_v6_US East_1': 15, 'F8als_v6_US East_2': 15, 'F8ams_v6_US East_1': 15, 'F8ams_v6_US East_3': 15, 'F8as_v6_US East_2': 15, 'F8as_v6_US East_3': 15, 'M16-8ms_US East_1': 15, 'M16-8ms_US East_2': 15, 'M16-8ms_US East_3': 15, 'M16ms_US East_1': 15, 'M16ms_US East_2': 15, 'M16ms_US East_3': 15, 'M32-8ms_US East_1': 15, 'M32-8ms_US East_2': 15, 'M32dms_v2_US East_1': 15, 'M32dms_v2_US East_2': 15, 'M32ls_US East_1': 15, 'M32ls_US East_2': 15, 'M32ls_US East_3': 15, 'M32ms_US East_1': 15, 'M32ms_US East_2': 15, 'M32ms_v2_US East_1': 15, 'M32ms_v2_US East_2': 15, 'M32ts_US East_1': 15, 'M32ts_US East_2': 15, 'M32ts_US East_3': 15, 'M64s_v2_US East_1': 15, 'M8-4ms_US East_1': 15, 'M8-4ms_US East_2': 15, 'M8-4ms_US East_3': 15, 'M8ms_US East_1': 15, 'M8ms_US East_2': 15, 'M8ms_US East_3': 15, 'NV4as_v4_US East_1': 15, 'NV4as_v4_US East_2': 15, 'NV4as_v4_US East_3': 15, 'NV8as_v4_US East_1': 15, 'NV8as_v4_US East_2': 15, 'NV8as_v4_US East_3': 15}"
0.89,870.7030200000003,390780829,448810.69690099335,14250,14135,"{'B16pls_v2_US East_1': 15, 'B16pls_v2_US East_2': 15, 'B16pls_v2_US East_3': 15, 'B16ps_v2_US East_3': 15, 'B4pls_v2_US East_1': 15, 'B4pls_v2_US East_2': 15, 'B4pls_v2_US East_3': 15, 'B4ps_v2_US East_1': 15, 'B4ps_v2_US East_2': 15, 'B4ps_v2_US East_3': 15, 'B8pls_v2_US East_1': 15, 'B8pls_v2_US East_2': 15, 'B8pls_v2_US East_3': 15, 'B8ps_v2_US East_1': 15, 'B8ps_v2_US East_2': 15, 'B8ps_v2_US East_3': 15, 'D16ads_v6_US East_2': 15, 'D16ads_v6_US East_3': 15, 'D16alds_v6_US East_1': 15, 'D16alds_v6_US East_2': 15, 'D16als_v6_US East_2': 15, 'D16als_v6_US East_3': 15, 'D16as_v6_US East_1': 15, 'D16as_v6_US East_2': 15, 'D16pds_v5_US East_2': 15, 'D16plds_v5_US East_1': 15, 'D16plds_v5_US East_3': 15, 'D16pls_v5_US East_2': 15, 'D16pls_v5_US East_3': 15, 'D16ps_v5_US East_2': 15, 'D32ads_v6_US East_1': 15, 'D32ads_v6_US East_3': 15, 'D32alds_v6_US East_2': 15, 'D32alds_v6_US East_3': 15, 'D32als_v6_US East_2': 15, 'D32als_v6_US East_3': 15, 'D32as_v6_US East_1': 15, 'D32as_v6_US East_3': 15, 'D32plds_v5_US East_1': 15, 'D32pls_v5_US East_3': 15, 'D48ads_v6_US East_3': 15, 'D48alds_v6_US East_3': 15, 'D48als_v6_US East_2': 15, 'D48als_v6_US East_3': 15, 'D4ads_v6_US East_1': 15, 'D4ads_v6_US East_2': 15, 'D4ads_v6_US East_3': 15, 'D4alds_v6_US East_1': 15, 'D4alds_v6_US East_2': 15, 'D4alds_v6_US East_3': 15, 'D4als_v6_US East_1': 15, 'D4als_v6_US East_2': 15, 'D4als_v6_US East_3': 15, 'D4as_v6_US East_1': 15, 'D4as_v6_US East_2': 15, 'D4as_v6_US East_3': 15, 'D4pds_v5_US East_1': 15, 'D4pds_v5_US East_2': 15, 'D4pds_v5_US East_3': 15, 'D4plds_v5_US East_1': 15, 'D4plds_v5_US East_2': 15, 'D4plds_v5_US East_3': 15, 'D4pls_v5_US East_1': 15, 'D4pls_v5_US East_2': 15, 'D4pls_v5_US East_3': 15, 'D4ps_v5_US East_1': 15, 'D4ps_v5_US East_2': 15, 'D4ps_v5_US East_3': 15, 'D64ads_v6_US East_3': 15, 'D64alds_v6_US East_3': 15, 'D64als_v6_US East_3': 15, 'D64as_v6_US East_1': 15, 'D8ads_v6_US East_2': 15, 'D8ads_v6_US East_3': 15, 'D8alds_v6_US East_2': 15, 'D8alds_v6_US East_3': 15, 'D8als_v6_US East_1': 15, 'D8als_v6_US East_3': 15, 'D8as_v6_US East_1': 15, 'D8as_v6_US East_3': 15, 'D8plds_v5_US East_1': 15, 'D8plds_v5_US East_2': 15, 'D8plds_v5_US East_3': 15, 'D8pls_v5_US East_1': 15, 'D8pls_v5_US East_2': 15, 'D8pls_v5_US East_3': 15, 'D8ps_v5_US East_1': 15, 'D8ps_v5_US East_2': 15, 'D8ps_v5_US East_3': 15, 'D96ads_v6_US East_1': 15, 'D96alds_v6_US East_1': 15, 'D96als_v6_US East_1': 15, 'D96as_v6_US East_1': 15, 'E16ads_v6_US East_1': 15, 'E16ads_v6_US East_3': 15, 'E16as_v6_US East_2': 15, 'E16as_v6_US East_3': 15, 'E20ads_v6_US East_2': 15, 'E20ads_v6_US East_3': 15, 'E20as_v6_US East_1': 15, 'E20as_v6_US East_3': 15, 'E32ads_v6_US East_2': 15, 'E32as_v6_US East_2': 15, 'E48ads_v6_US East_1': 15, 'E48as_v6_US East_3': 15, 'E4ads_v6_US East_1': 15, 'E4ads_v6_US East_2': 15, 'E4as_v6_US East_1': 15, 'E4as_v6_US East_3': 15, 'E4ps_v5_US East_1': 15, 'E4ps_v5_US East_2': 15, 'E4ps_v5_US East_3': 15, 'E64ads_v6_US East_3': 15, 'E64as_v6_US East_3': 15, 'E8ads_v6_US East_1': 15, 'E8ads_v6_US East_3': 15, 'E8as_v6_US East_2': 15, 'E8as_v6_US East_3': 15, 'E8ps_v5_US East_1': 15, 'E96-24ads_v6_US East_1': 15, 'E96-48ads_v6_US East_3': 15, 'E96ads_v6_US East_1': 15, 'E96as_v6_US East_1': 15, 'F16als_v6_US East_1': 15, 'F16als_v6_US East_3': 15, 'F16ams_v6_US East_2': 15, 'F16ams_v6_US East_3': 15, 'F16as_v6_US East_1': 15, 'F16as_v6_US East_3': 15, 'F32als_v6_US East_2': 15, 'F32ams_v6_US East_2': 15, 'F32as_v6_US East_2': 15, 'F48als_v6_US East_1': 15, 'F48ams_v6_US East_3': 15, 'F48as_v6_US East_2': 15, 'F4als_v6_US East_1': 15, 'F4als_v6_US East_3': 15, 'F4ams_v6_US East_2': 15, 'F4ams_v6_US East_3': 15, 'F4as_v6_US East_2': 15, 'F4as_v6_US East_3': 15, 'F64als_v6_US East_3': 15, 'F64ams_v6_US East_3': 15, 'F64as_v6_US East_3': 15, 'F8als_v6_US East_1': 15, 'F8als_v6_US East_2': 15, 'F8ams_v6_US East_1': 15, 'F8ams_v6_US East_3': 15, 'F8as_v6_US East_2': 15, 'F8as_v6_US East_3': 15, 'M16-8ms_US East_1': 15, 'M16-8ms_US East_2': 15, 'M16-8ms_US East_3': 15, 'M16ms_US East_1': 15, 'M16ms_US East_2': 15, 'M16ms_US East_3': 15, 'M32-8ms_US East_1': 15, 'M32-8ms_US East_2': 15, 'M32dms_v2_US East_1': 15, 'M32dms_v2_US East_2': 15, 'M32ls_US East_1': 15, 'M32ls_US East_2': 15, 'M32ls_US East_3': 15, 'M32ms_US East_1': 15, 'M32ms_US East_2': 15, 'M32ms_v2_US East_1': 15, 'M32ms_v2_US East_2': 15, 'M32ts_US East_1': 15, 'M32ts_US East_2': 15, 'M32ts_US East_3': 15, 'M64s_v2_US East_1': 15, 'M8-4ms_US East_1': 15, 'M8-4ms_US East_2': 15, 'M8-4ms_US East_3': 15, 'M8ms_US East_1': 15, 'M8ms_US East_2': 15, 'M8ms_US East_3': 15, 'NV4as_v4_US East_1': 15, 'NV4as_v4_US East_2': 15, 'NV4as_v4_US East_3': 15, 'NV8as_v4_US East_1': 15, 'NV8as_v4_US East_2': 15, 'NV8as_v4_US East_3': 15}"
0.9,870.7030200000003,390780829,448810.69690099335,14250,14135,"{'B16pls_v2_US East_1': 15, 'B16pls_v2_US East_2': 15, 'B16pls_v2_US East_3': 15, 'B16ps_v2_US East_3': 15, 'B4pls_v2_US East_1': 15, 'B4pls_v2_US East_2': 15, 'B4pls_v2_US East_3': 15, 'B4ps_v2_US East_1': 15, 'B4ps_v2_US East_2': 15, 'B4ps_v2_US East_3': 15, 'B8pls_v2_US East_1': 15, 'B8pls_v2_US East_2': 15, 'B8pls_v2_US East_3': 15, 'B8ps_v2_US East_1': 15, 'B8ps_v2_US East_2': 15, 'B8ps_v2_US East_3': 15, 'D16ads_v6_US East_2': 15, 'D16ads_v6_US East_3': 15, 'D16alds_v6_US East_1': 15, 'D16alds_v6_US East_2': 15, 'D16als_v6_US East_2': 15, 'D16als_v6_US East_3': 15, 'D16as_v6_US East_1': 15, 'D16as_v6_US East_2': 15, 'D16pds_v5_US East_2': 15, 'D16plds_v5_US East_1': 15, 'D16plds_v5_US East_3': 15, 'D16pls_v5_US East_2': 15, 'D16pls_v5_US East_3': 15, 'D16ps_v5_US East_2': 15, 'D32ads_v6_US East_1': 15, 'D32ads_v6_US East_3': 15, 'D32alds_v6_US East_2': 15, 'D32alds_v6_US East_3': 15, 'D32als_v6_US East_2': 15, 'D32als_v6_US East_3': 15, 'D32as_v6_US East_1': 15, 'D32as_v6_US East_3': 15, 'D32plds_v5_US East_1': 15, 'D32pls_v5_US East_3': 15, 'D48ads_v6_US East_3': 15, 'D48alds_v6_US East_3': 15, 'D48als_v6_US East_2': 15, 'D48als_v6_US East_3': 15, 'D4ads_v6_US East_1': 15, 'D4ads_v6_US East_2': 15, 'D4ads_v6_US East_3': 15, 'D4alds_v6_US East_1': 15, 'D4alds_v6_US East_2': 15, 'D4alds_v6_US East_3': 15, 'D4als_v6_US East_1': 15, 'D4als_v6_US East_2': 15, 'D4als_v6_US East_3': 15, 'D4as_v6_US East_1': 15, 'D4as_v6_US East_2': 15, 'D4as_v6_US East_3': 15, 'D4pds_v5_US East_1': 15, 'D4pds_v5_US East_2': 15, 'D4pds_v5_US East_3': 15, 'D4plds_v5_US East_1': 15, 'D4plds_v5_US East_2': 15, 'D4plds_v5_US East_3': 15, 'D4pls_v5_US East_1': 15, 'D4pls_v5_US East_2': 15, 'D4pls_v5_US East_3': 15, 'D4ps_v5_US East_1': 15, 'D4ps_v5_US East_2': 15, 'D4ps_v5_US East_3': 15, 'D64ads_v6_US East_3': 15, 'D64alds_v6_US East_3': 15, 'D64als_v6_US East_3': 15, 'D64as_v6_US East_1': 15, 'D8ads_v6_US East_2': 15, 'D8ads_v6_US East_3': 15, 'D8alds_v6_US East_2': 15, 'D8alds_v6_US East_3': 15, 'D8als_v6_US East_1': 15, 'D8als_v6_US East_3': 15, 'D8as_v6_US East_1': 15, 'D8as_v6_US East_3': 15, 'D8plds_v5_US East_1': 15, 'D8plds_v5_US East_2': 15, 'D8plds_v5_US East_3': 15, 'D8pls_v5_US East_1': 15, 'D8pls_v5_US East_2': 15, 'D8pls_v5_US East_3': 15, 'D8ps_v5_US East_1': 15, 'D8ps_v5_US East_2': 15, 'D8ps_v5_US East_3': 15, 'D96ads_v6_US East_1': 15, 'D96alds_v6_US East_1': 15, 'D96als_v6_US East_1': 15, 'D96as_v6_US East_1': 15, 'E16ads_v6_US East_1': 15, 'E16ads_v6_US East_3': 15, 'E16as_v6_US East_2': 15, 'E16as_v6_US East_3': 15, 'E20ads_v6_US East_2': 15, 'E20ads_v6_US East_3': 15, 'E20as_v6_US East_1': 15, 'E20as_v6_US East_3': 15, 'E32ads_v6_US East_2': 15, 'E32as_v6_US East_2': 15, 'E48ads_v6_US East_1': 15, 'E48as_v6_US East_3': 15, 'E4ads_v6_US East_1': 15, 'E4ads_v6_US East_2': 15, 'E4as_v6_US East_1': 15, 'E4as_v6_US East_3': 15, 'E4ps_v5_US East_1': 15, 'E4ps_v5_US East_2': 15, 'E4ps_v5_US East_3': 15, 'E64ads_v6_US East_3': 15, 'E64as_v6_US East_3': 15, 'E8ads_v6_US East_1': 15, 'E8ads_v6_US East_3': 15, 'E8as_v6_US East_2': 15, 'E8as_v6_US East_3': 15, 'E8ps_v5_US East_1': 15, 'E96-24ads_v6_US East_1': 15, 'E96-48ads_v6_US East_3': 15, 'E96ads_v6_US East_1': 15, 'E96as_v6_US East_1': 15, 'F16als_v6_US East_1': 15, 'F16als_v6_US East_3': 15, 'F16ams_v6_US East_2': 15, 'F16ams_v6_US East_3': 15, 'F16as_v6_US East_1': 15, 'F16as_v6_US East_3': 15, 'F32als_v6_US East_2': 15, 'F32ams_v6_US East_2': 15, 'F32as_v6_US East_2': 15, 'F48als_v6_US East_1': 15, 'F48ams_v6_US East_3': 15, 'F48as_v6_US East_2': 15, 'F4als_v6_US East_1': 15, 'F4als_v6_US East_3': 15, 'F4ams_v6_US East_2': 15, 'F4ams_v6_US East_3': 15, 'F4as_v6_US East_2': 15, 'F4as_v6_US East_3': 15, 'F64als_v6_US East_3': 15, 'F64ams_v6_US East_3': 15, 'F64as_v6_US East_3': 15, 'F8als_v6_US East_1': 15, 'F8als_v6_US East_2': 15, 'F8ams_v6_US East_1': 15, 'F8ams_v6_US East_3': 15, 'F8as_v6_US East_2': 15, 'F8as_v6_US East_3': 15, 'M16-8ms_US East_1': 15, 'M16-8ms_US East_2': 15, 'M16-8ms_US East_3': 15, 'M16ms_US East_1': 15, 'M16ms_US East_2': 15, 'M16ms_US East_3': 15, 'M32-8ms_US East_1': 15, 'M32-8ms_US East_2': 15, 'M32dms_v2_US East_1': 15, 'M32dms_v2_US East_2': 15, 'M32ls_US East_1': 15, 'M32ls_US East_2': 15, 'M32ls_US East_3': 15, 'M32ms_US East_1': 15, 'M32ms_US East_2': 15, 'M32ms_v2_US East_1': 15, 'M32ms_v2_US East_2': 15, 'M32ts_US East_1': 15, 'M32ts_US East_2': 15, 'M32ts_US East_3': 15, 'M64s_v2_US East_1': 15, 'M8-4ms_US East_1': 15, 'M8-4ms_US East_2': 15, 'M8-4ms_US East_3': 15, 'M8ms_US East_1': 15, 'M8ms_US East_2': 15, 'M8ms_US East_3': 15, 'NV4as_v4_US East_1': 15, 'NV4as_v4_US East_2': 15, 'NV4as_v4_US East_3': 15, 'NV8as_v4_US East_1': 15, 'NV8as_v4_US East_2': 15, 'NV8as_v4_US East_3': 15}"
0.91,870.7030200000003,390780829,448810.69690099335,14250,14135,"{'B16pls_v2_US East_1': 15, 'B16pls_v2_US East_2': 15, 'B16pls_v2_US East_3': 15, 'B16ps_v2_US East_3': 15, 'B4pls_v2_US East_1': 15, 'B4pls_v2_US East_2': 15, 'B4pls_v2_US East_3': 15, 'B4ps_v2_US East_1': 15, 'B4ps_v2_US East_2': 15, 'B4ps_v2_US East_3': 15, 'B8pls_v2_US East_1': 15, 'B8pls_v2_US East_2': 15, 'B8pls_v2_US East_3': 15, 'B8ps_v2_US East_1': 15, 'B8ps_v2_US East_2': 15, 'B8ps_v2_US East_3': 15, 'D16ads_v6_US East_2': 15, 'D16ads_v6_US East_3': 15, 'D16alds_v6_US East_1': 15, 'D16alds_v6_US East_2': 15, 'D16als_v6_US East_2': 15, 'D16als_v6_US East_3': 15, 'D16as_v6_US East_1': 15, 'D16as_v6_US East_2': 15, 'D16pds_v5_US East_2': 15, 'D16plds_v5_US East_1': 15, 'D16plds_v5_US East_3': 15, 'D16pls_v5_US East_2': 15, 'D16pls_v5_US East_3': 15, 'D16ps_v5_US East_2': 15, 'D32ads_v6_US East_1': 15, 'D32ads_v6_US East_3': 15, 'D32alds_v6_US East_2': 15, 'D32alds_v6_US East_3': 15, 'D32als_v6_US East_2': 15, 'D32als_v6_US East_3': 15, 'D32as_v6_US East_1': 15, 'D32as_v6_US East_3': 15, 'D32plds_v5_US East_1': 15, 'D32pls_v5_US East_3': 15, 'D48ads_v6_US East_3': 15, 'D48alds_v6_US East_3': 15, 'D48als_v6_US East_2': 15, 'D48als_v6_US East_3': 15, 'D4ads_v6_US East_1': 15, 'D4ads_v6_US East_2': 15, 'D4ads_v6_US East_3': 15, 'D4alds_v6_US East_1': 15, 'D4alds_v6_US East_2': 15, 'D4alds_v6_US East_3': 15, 'D4als_v6_US East_1': 15, 'D4als_v6_US East_2': 15, 'D4als_v6_US East_3': 15, 'D4as_v6_US East_1': 15, 'D4as_v6_US East_2': 15, 'D4as_v6_US East_3': 15, 'D4pds_v5_US East_1': 15, 'D4pds_v5_US East_2': 15, 'D4pds_v5_US East_3': 15, 'D4plds_v5_US East_1': 15, 'D4plds_v5_US East_2': 15, 'D4plds_v5_US East_3': 15, 'D4pls_v5_US East_1': 15, 'D4pls_v5_US East_2': 15, 'D4pls_v5_US East_3': 15, 'D4ps_v5_US East_1': 15, 'D4ps_v5_US East_2': 15, 'D4ps_v5_US East_3': 15, 'D64ads_v6_US East_3': 15, 'D64alds_v6_US East_3': 15, 'D64als_v6_US East_3': 15, 'D64as_v6_US East_1': 15, 'D8ads_v6_US East_2': 15, 'D8ads_v6_US East_3': 15, 'D8alds_v6_US East_2': 15, 'D8alds_v6_US East_3': 15, 'D8als_v6_US East_1': 15, 'D8als_v6_US East_3': 15, 'D8as_v6_US East_1': 15, 'D8as_v6_US East_3': 15, 'D8plds_v5_US East_1': 15, 'D8plds_v5_US East_2': 15, 'D8plds_v5_US East_3': 15, 'D8pls_v5_US East_1': 15, 'D8pls_v5_US East_2': 15, 'D8pls_v5_US East_3': 15, 'D8ps_v5_US East_1': 15, 'D8ps_v5_US East_2': 15, 'D8ps_v5_US East_3': 15, 'D96ads_v6_US East_1': 15, 'D96alds_v6_US East_1': 15, 'D96als_v6_US East_1': 15, 'D96as_v6_US East_1': 15, 'E16ads_v6_US East_1': 15, 'E16ads_v6_US East_3': 15, 'E16as_v6_US East_2': 15, 'E16as_v6_US East_3': 15, 'E20ads_v6_US East_2': 15, 'E20ads_v6_US East_3': 15, 'E20as_v6_US East_1': 15, 'E20as_v6_US East_3': 15, 'E32ads_v6_US East_2': 15, 'E32as_v6_US East_2': 15, 'E48ads_v6_US East_1': 15, 'E48as_v6_US East_3': 15, 'E4ads_v6_US East_1': 15, 'E4ads_v6_US East_2': 15, 'E4as_v6_US East_1': 15, 'E4as_v6_US East_3': 15, 'E4ps_v5_US East_1': 15, 'E4ps_v5_US East_2': 15, 'E4ps_v5_US East_3': 15, 'E64ads_v6_US East_3': 15, 'E64as_v6_US East_3': 15, 'E8ads_v6_US East_1': 15, 'E8ads_v6_US East_3': 15, 'E8as_v6_US East_2': 15, 'E8as_v6_US East_3': 15, 'E8ps_v5_US East_1': 15, 'E96-24ads_v6_US East_1': 15, 'E96-48ads_v6_US East_3': 15, 'E96ads_v6_US East_1': 15, 'E96as_v6_US East_1': 15, 'F16als_v6_US East_1': 15, 'F16als_v6_US East_3': 15, 'F16ams_v6_US East_2': 15, 'F16ams_v6_US East_3': 15, 'F16as_v6_US East_1': 15, 'F16as_v6_US East_3': 15, 'F32als_v6_US East_2': 15, 'F32ams_v6_US East_2': 15, 'F32as_v6_US East_2': 15, 'F48als_v6_US East_1': 15, 'F48ams_v6_US East_3': 15, 'F48as_v6_US East_2': 15, 'F4als_v6_US East_1': 15, 'F4als_v6_US East_3': 15, 'F4ams_v6_US East_2': 15, 'F4ams_v6_US East_3': 15, 'F4as_v6_US East_2': 15, 'F4as_v6_US East_3': 15, 'F64als_v6_US East_3': 15, 'F64ams_v6_US East_3': 15, 'F64as_v6_US East_3': 15, 'F8als_v6_US East_1': 15, 'F8als_v6_US East_2': 15, 'F8ams_v6_US East_1': 15, 'F8ams_v6_US East_3': 15, 'F8as_v6_US East_2': 15, 'F8as_v6_US East_3': 15, 'M16-8ms_US East_1': 15, 'M16-8ms_US East_2': 15, 'M16-8ms_US East_3': 15, 'M16ms_US East_1': 15, 'M16ms_US East_2': 15, 'M16ms_US East_3': 15, 'M32-8ms_US East_1': 15, 'M32-8ms_US East_2': 15, 'M32dms_v2_US East_1': 15, 'M32dms_v2_US East_2': 15, 'M32ls_US East_1': 15, 'M32ls_US East_2': 15, 'M32ls_US East_3': 15, 'M32ms_US East_1': 15, 'M32ms_US East_2': 15, 'M32ms_v2_US East_1': 15, 'M32ms_v2_US East_2': 15, 'M32ts_US East_1': 15, 'M32ts_US East_2': 15, 'M32ts_US East_3': 15, 'M64s_v2_US East_1': 15, 'M8-4ms_US East_1': 15, 'M8-4ms_US East_2': 15, 'M8-4ms_US East_3': 15, 'M8ms_US East_1': 15, 'M8ms_US East_2': 15, 'M8ms_US East_3': 15, 'NV4as_v4_US East_1': 15, 'NV4as_v4_US East_2': 15, 'NV4as_v4_US East_3': 15, 'NV8as_v4_US East_1': 15, 'NV8as_v4_US East_2': 15, 'NV8as_v4_US East_3': 15}"
0.92,870.7030200000003,390780829,448810.69690099335,14250,14135,"{'B16pls_v2_US East_1': 15, 'B16pls_v2_US East_2': 15, 'B16pls_v2_US East_3': 15, 'B16ps_v2_US East_3': 15, 'B4pls_v2_US East_1': 15, 'B4pls_v2_US East_2': 15, 'B4pls_v2_US East_3': 15, 'B4ps_v2_US East_1': 15, 'B4ps_v2_US East_2': 15, 'B4ps_v2_US East_3': 15, 'B8pls_v2_US East_1': 15, 'B8pls_v2_US East_2': 15, 'B8pls_v2_US East_3': 15, 'B8ps_v2_US East_1': 15, 'B8ps_v2_US East_2': 15, 'B8ps_v2_US East_3': 15, 'D16ads_v6_US East_2': 15, 'D16ads_v6_US East_3': 15, 'D16alds_v6_US East_1': 15, 'D16alds_v6_US East_2': 15, 'D16als_v6_US East_2': 15, 'D16als_v6_US East_3': 15, 'D16as_v6_US East_1': 15, 'D16as_v6_US East_2': 15, 'D16pds_v5_US East_2': 15, 'D16plds_v5_US East_1': 15, 'D16plds_v5_US East_3': 15, 'D16pls_v5_US East_2': 15, 'D16pls_v5_US East_3': 15, 'D16ps_v5_US East_2': 15, 'D32ads_v6_US East_1': 15, 'D32ads_v6_US East_3': 15, 'D32alds_v6_US East_2': 15, 'D32alds_v6_US East_3': 15, 'D32als_v6_US East_2': 15, 'D32als_v6_US East_3': 15, 'D32as_v6_US East_1': 15, 'D32as_v6_US East_3': 15, 'D32plds_v5_US East_1': 15, 'D32pls_v5_US East_3': 15, 'D48ads_v6_US East_3': 15, 'D48alds_v6_US East_3': 15, 'D48als_v6_US East_2': 15, 'D48als_v6_US East_3': 15, 'D4ads_v6_US East_1': 15, 'D4ads_v6_US East_2': 15, 'D4ads_v6_US East_3': 15, 'D4alds_v6_US East_1': 15, 'D4alds_v6_US East_2': 15, 'D4alds_v6_US East_3': 15, 'D4als_v6_US East_1': 15, 'D4als_v6_US East_2': 15, 'D4als_v6_US East_3': 15, 'D4as_v6_US East_1': 15, 'D4as_v6_US East_2': 15, 'D4as_v6_US East_3': 15, 'D4pds_v5_US East_1': 15, 'D4pds_v5_US East_2': 15, 'D4pds_v5_US East_3': 15, 'D4plds_v5_US East_1': 15, 'D4plds_v5_US East_2': 15, 'D4plds_v5_US East_3': 15, 'D4pls_v5_US East_1': 15, 'D4pls_v5_US East_2': 15, 'D4pls_v5_US East_3': 15, 'D4ps_v5_US East_1': 15, 'D4ps_v5_US East_2': 15, 'D4ps_v5_US East_3': 15, 'D64ads_v6_US East_3': 15, 'D64alds_v6_US East_3': 15, 'D64als_v6_US East_3': 15, 'D64as_v6_US East_1': 15, 'D8ads_v6_US East_2': 15, 'D8ads_v6_US East_3': 15, 'D8alds_v6_US East_2': 15, 'D8alds_v6_US East_3': 15, 'D8als_v6_US East_1': 15, 'D8als_v6_US East_3': 15, 'D8as_v6_US East_1': 15, 'D8as_v6_US East_3': 15, 'D8plds_v5_US East_1': 15, 'D8plds_v5_US East_2': 15, 'D8plds_v5_US East_3': 15, 'D8pls_v5_US East_1': 15, 'D8pls_v5_US East_2': 15, 'D8pls_v5_US East_3': 15, 'D8ps_v5_US East_1': 15, 'D8ps_v5_US East_2': 15, 'D8ps_v5_US East_3': 15, 'D96ads_v6_US East_1': 15, 'D96alds_v6_US East_1': 15, 'D96als_v6_US East_1': 15, 'D96as_v6_US East_1': 15, 'E16ads_v6_US East_1': 15, 'E16ads_v6_US East_3': 15, 'E16as_v6_US East_2': 15, 'E16as_v6_US East_3': 15, 'E20ads_v6_US East_2': 15, 'E20ads_v6_US East_3': 15, 'E20as_v6_US East_1': 15, 'E20as_v6_US East_3': 15, 'E32ads_v6_US East_2': 15, 'E32as_v6_US East_2': 15, 'E48ads_v6_US East_1': 15, 'E48as_v6_US East_3': 15, 'E4ads_v6_US East_1': 15, 'E4ads_v6_US East_2': 15, 'E4as_v6_US East_1': 15, 'E4as_v6_US East_3': 15, 'E4ps_v5_US East_1': 15, 'E4ps_v5_US East_2': 15, 'E4ps_v5_US East_3': 15, 'E64ads_v6_US East_3': 15, 'E64as_v6_US East_3': 15, 'E8ads_v6_US East_1': 15, 'E8ads_v6_US East_3': 15, 'E8as_v6_US East_2': 15, 'E8as_v6_US East_3': 15, 'E8ps_v5_US East_1': 15, 'E96-24ads_v6_US East_1': 15, 'E96-48ads_v6_US East_3': 15, 'E96ads_v6_US East_1': 15, 'E96as_v6_US East_1': 15, 'F16als_v6_US East_1': 15, 'F16als_v6_US East_3': 15, 'F16ams_v6_US East_2': 15, 'F16ams_v6_US East_3': 15, 'F16as_v6_US East_1': 15, 'F16as_v6_US East_3': 15, 'F32als_v6_US East_2': 15, 'F32ams_v6_US East_2': 15, 'F32as_v6_US East_2': 15, 'F48als_v6_US East_1': 15, 'F48ams_v6_US East_3': 15, 'F48as_v6_US East_2': 15, 'F4als_v6_US East_1': 15, 'F4als_v6_US East_3': 15, 'F4ams_v6_US East_2': 15, 'F4ams_v6_US East_3': 15, 'F4as_v6_US East_2': 15, 'F4as_v6_US East_3': 15, 'F64als_v6_US East_3': 15, 'F64ams_v6_US East_3': 15, 'F64as_v6_US East_3': 15, 'F8als_v6_US East_1': 15, 'F8als_v6_US East_2': 15, 'F8ams_v6_US East_1': 15, 'F8ams_v6_US East_3': 15, 'F8as_v6_US East_2': 15, 'F8as_v6_US East_3': 15, 'M16-8ms_US East_1': 15, 'M16-8ms_US East_2': 15, 'M16-8ms_US East_3': 15, 'M16ms_US East_1': 15, 'M16ms_US East_2': 15, 'M16ms_US East_3': 15, 'M32-8ms_US East_1': 15, 'M32-8ms_US East_2': 15, 'M32dms_v2_US East_1': 15, 'M32dms_v2_US East_2': 15, 'M32ls_US East_1': 15, 'M32ls_US East_2': 15, 'M32ls_US East_3': 15, 'M32ms_US East_1': 15, 'M32ms_US East_2': 15, 'M32ms_v2_US East_1': 15, 'M32ms_v2_US East_2': 15, 'M32ts_US East_1': 15, 'M32ts_US East_2': 15, 'M32ts_US East_3': 15, 'M64s_v2_US East_1': 15, 'M8-4ms_US East_1': 15, 'M8-4ms_US East_2': 15, 'M8-4ms_US East_3': 15, 'M8ms_US East_1': 15, 'M8ms_US East_2': 15, 'M8ms_US East_3': 15, 'NV4as_v4_US East_1': 15, 'NV4as_v4_US East_2': 15, 'NV4as_v4_US East_3': 15, 'NV8as_v4_US East_1': 15, 'NV8as_v4_US East_2': 15, 'NV8as_v4_US East_3': 15}"
0.93,904.7764500000002,392434541,433736.46827346087,14370,14255,"{'B16pls_v2_US East_1': 15, 'B16pls_v2_US East_2': 15, 'B16pls_v2_US East_3': 15, 'B16ps_v2_US East_3': 15, 'B4pls_v2_US East_1': 15, 'B4pls_v2_US East_2': 15, 'B4pls_v2_US East_3': 15, 'B4ps_v2_US East_1': 15, 'B4ps_v2_US East_2': 15, 'B4ps_v2_US East_3': 15, 'B8pls_v2_US East_1': 15, 'B8pls_v2_US East_2': 15, 'B8pls_v2_US East_3': 15, 'B8ps_v2_US East_1': 15, 'B8ps_v2_US East_2': 15, 'B8ps_v2_US East_3': 15, 'D16ads_v6_US East_2': 15, 'D16ads_v6_US East_3': 15, 'D16alds_v6_US East_1': 15, 'D16alds_v6_US East_2': 15, 'D16als_v6_US East_2': 15, 'D16als_v6_US East_3': 15, 'D16as_v6_US East_1': 15, 'D16as_v6_US East_2': 15, 'D16pds_v5_US East_2': 15, 'D16plds_v5_US East_1': 15, 'D16plds_v5_US East_3': 15, 'D16pls_v5_US East_2': 15, 'D16pls_v5_US East_3': 15, 'D16ps_v5_US East_2': 15, 'D32ads_v6_US East_1': 15, 'D32ads_v6_US East_3': 15, 'D32alds_v6_US East_2': 15, 'D32alds_v6_US East_3': 15, 'D32als_v6_US East_2': 15, 'D32als_v6_US East_3': 15, 'D32as_v6_US East_1': 15, 'D32as_v6_US East_3': 15, 'D32plds_v5_US East_1': 15, 'D32pls_v5_US East_3': 15, 'D48ads_v6_US East_3': 15, 'D48alds_v6_US East_3': 15, 'D48als_v6_US East_2': 15, 'D48als_v6_US East_3': 15, 'D4ads_v6_US East_1': 15, 'D4ads_v6_US East_2': 15, 'D4ads_v6_US East_3': 15, 'D4alds_v6_US East_1': 15, 'D4alds_v6_US East_2': 15, 'D4alds_v6_US East_3': 15, 'D4als_v6_US East_1': 15, 'D4als_v6_US East_2': 15, 'D4als_v6_US East_3': 15, 'D4as_v6_US East_1': 15, 'D4as_v6_US East_2': 15, 'D4as_v6_US East_3': 15, 'D4pds_v5_US East_1': 15, 'D4pds_v5_US East_2': 15, 'D4pds_v5_US East_3': 15, 'D4plds_v5_US East_1': 15, 'D4plds_v5_US East_2': 15, 'D4plds_v5_US East_3': 15, 'D4pls_v5_US East_1': 15, 'D4pls_v5_US East_2': 15, 'D4pls_v5_US East_3': 15, 'D4ps_v5_US East_1': 15, 'D4ps_v5_US East_2': 15, 'D4ps_v5_US East_3': 15, 'D64ads_v6_US East_3': 15, 'D64alds_v6_US East_3': 15, 'D64als_v6_US East_3': 15, 'D64as_v6_US East_1': 15, 'D8ads_v6_US East_2': 15, 'D8ads_v6_US East_3': 15, 'D8alds_v6_US East_2': 15, 'D8alds_v6_US East_3': 15, 'D8als_v6_US East_1': 15, 'D8als_v6_US East_3': 15, 'D8as_v6_US East_1': 15, 'D8as_v6_US East_3': 15, 'D8plds_v5_US East_1': 15, 'D8plds_v5_US East_2': 15, 'D8plds_v5_US East_3': 15, 'D8pls_v5_US East_1': 15, 'D8pls_v5_US East_2': 15, 'D8pls_v5_US East_3': 15, 'D8ps_v5_US East_1': 15, 'D8ps_v5_US East_2': 15, 'D8ps_v5_US East_3': 15, 'D96ads_v6_US East_1': 15, 'D96alds_v6_US East_1': 15, 'D96als_v6_US East_1': 15, 'D96as_v6_US East_1': 15, 'E16ads_v6_US East_1': 15, 'E16ads_v6_US East_3': 15, 'E16as_v6_US East_2': 15, 'E16as_v6_US East_3': 15, 'E20ads_v6_US East_2': 15, 'E20ads_v6_US East_3': 15, 'E20as_v6_US East_1': 15, 'E20as_v6_US East_3': 15, 'E32ads_v6_US East_2': 15, 'E32as_v6_US East_2': 15, 'E48ads_v6_US East_1': 15, 'E48as_v6_US East_3': 15, 'E4ads_v6_US East_1': 15, 'E4ads_v6_US East_2': 15, 'E4as_v6_US East_1': 15, 'E4as_v6_US East_3': 15, 'E4ps_v5_US East_1': 15, 'E4ps_v5_US East_2': 15, 'E4ps_v5_US East_3': 15, 'E64ads_v6_US East_3': 15, 'E64as_v6_US East_3': 15, 'E8ads_v6_US East_1': 15, 'E8ads_v6_US East_3': 15, 'E8as_v6_US East_2': 15, 'E8as_v6_US East_3': 15, 'E8ps_v5_US East_1': 15, 'E96-24ads_v6_US East_1': 15, 'E96-48ads_v6_US East_3': 15, 'E96ads_v6_US East_1': 15, 'E96as_v6_US East_1': 15, 'F16als_v6_US East_1': 15, 'F16als_v6_US East_3': 15, 'F16ams_v6_US East_2': 15, 'F16ams_v6_US East_3': 15, 'F16as_v6_US East_1': 15, 'F16as_v6_US East_3': 15, 'F32als_v6_US East_2': 15, 'F32ams_v6_US East_2': 15, 'F32as_v6_US East_2': 15, 'F48als_v6_US East_1': 15, 'F48ams_v6_US East_3': 15, 'F48as_v6_US East_2': 15, 'F4als_v6_US East_1': 15, 'F4als_v6_US East_3': 15, 'F4ams_v6_US East_2': 15, 'F4ams_v6_US East_3': 15, 'F4as_v6_US East_2': 15, 'F4as_v6_US East_3': 15, 'F64als_v6_US East_3': 15, 'F64ams_v6_US East_3': 15, 'F64as_v6_US East_3': 15, 'F8als_v6_US East_1': 15, 'F8als_v6_US East_2': 15, 'F8ams_v6_US East_1': 15, 'F8ams_v6_US East_3': 15, 'F8as_v6_US East_2': 15, 'F8as_v6_US East_3': 15, 'M16-8ms_US East_1': 15, 'M16-8ms_US East_2': 15, 'M16-8ms_US East_3': 15, 'M16ms_US East_1': 15, 'M16ms_US East_2': 15, 'M16ms_US East_3': 15, 'M32-16ms_US East_1': 15, 'M32-16ms_US East_3': 15, 'M32-8ms_US East_1': 15, 'M32-8ms_US East_2': 15, 'M32dms_v2_US East_1': 15, 'M32dms_v2_US East_2': 15, 'M32ls_US East_1': 15, 'M32ls_US East_2': 15, 'M32ls_US East_3': 15, 'M32ms_US East_1': 15, 'M32ms_US East_2': 15, 'M32ms_v2_US East_1': 15, 'M32ms_v2_US East_2': 15, 'M32ts_US East_1': 15, 'M32ts_US East_2': 15, 'M32ts_US East_3': 15, 'M64s_v2_US East_1': 15, 'M8-4ms_US East_1': 15, 'M8-4ms_US East_2': 15, 'M8-4ms_US East_3': 15, 'M8ms_US East_1': 15, 'M8ms_US East_2': 15, 'M8ms_US East_3': 15, 'NV4as_v4_US East_1': 15, 'NV4as_v4_US East_2': 15, 'NV4as_v4_US East_3': 15, 'NV8as_v4_US East_1': 15, 'NV8as_v4_US East_2': 15, 'NV8as_v4_US East_3': 15}"
0.9400000000000001,904.7764500000002,392434541,433736.46827346087,14370,14255,"{'B16pls_v2_US East_1': 15, 'B16pls_v2_US East_2': 15, 'B16pls_v2_US East_3': 15, 'B16ps_v2_US East_3': 15, 'B4pls_v2_US East_1': 15, 'B4pls_v2_US East_2': 15, 'B4pls_v2_US East_3': 15, 'B4ps_v2_US East_1': 15, 'B4ps_v2_US East_2': 15, 'B4ps_v2_US East_3': 15, 'B8pls_v2_US East_1': 15, 'B8pls_v2_US East_2': 15, 'B8pls_v2_US East_3': 15, 'B8ps_v2_US East_1': 15, 'B8ps_v2_US East_2': 15, 'B8ps_v2_US East_3': 15, 'D16ads_v6_US East_2': 15, 'D16ads_v6_US East_3': 15, 'D16alds_v6_US East_1': 15, 'D16alds_v6_US East_2': 15, 'D16als_v6_US East_2': 15, 'D16als_v6_US East_3': 15, 'D16as_v6_US East_1': 15, 'D16as_v6_US East_2': 15, 'D16pds_v5_US East_2': 15, 'D16plds_v5_US East_1': 15, 'D16plds_v5_US East_3': 15, 'D16pls_v5_US East_2': 15, 'D16pls_v5_US East_3': 15, 'D16ps_v5_US East_2': 15, 'D32ads_v6_US East_1': 15, 'D32ads_v6_US East_3': 15, 'D32alds_v6_US East_2': 15, 'D32alds_v6_US East_3': 15, 'D32als_v6_US East_2': 15, 'D32als_v6_US East_3': 15, 'D32as_v6_US East_1': 15, 'D32as_v6_US East_3': 15, 'D32plds_v5_US East_1': 15, 'D32pls_v5_US East_3': 15, 'D48ads_v6_US East_3': 15, 'D48alds_v6_US East_3': 15, 'D48als_v6_US East_2': 15, 'D48als_v6_US East_3': 15, 'D4ads_v6_US East_1': 15, 'D4ads_v6_US East_2': 15, 'D4ads_v6_US East_3': 15, 'D4alds_v6_US East_1': 15, 'D4alds_v6_US East_2': 15, 'D4alds_v6_US East_3': 15, 'D4als_v6_US East_1': 15, 'D4als_v6_US East_2': 15, 'D4als_v6_US East_3': 15, 'D4as_v6_US East_1': 15, 'D4as_v6_US East_2': 15, 'D4as_v6_US East_3': 15, 'D4pds_v5_US East_1': 15, 'D4pds_v5_US East_2': 15, 'D4pds_v5_US East_3': 15, 'D4plds_v5_US East_1': 15, 'D4plds_v5_US East_2': 15, 'D4plds_v5_US East_3': 15, 'D4pls_v5_US East_1': 15, 'D4pls_v5_US East_2': 15, 'D4pls_v5_US East_3': 15, 'D4ps_v5_US East_1': 15, 'D4ps_v5_US East_2': 15, 'D4ps_v5_US East_3': 15, 'D64ads_v6_US East_3': 15, 'D64alds_v6_US East_3': 15, 'D64als_v6_US East_3': 15, 'D64as_v6_US East_1': 15, 'D8ads_v6_US East_2': 15, 'D8ads_v6_US East_3': 15, 'D8alds_v6_US East_2': 15, 'D8alds_v6_US East_3': 15, 'D8als_v6_US East_1': 15, 'D8als_v6_US East_3': 15, 'D8as_v6_US East_1': 15, 'D8as_v6_US East_3': 15, 'D8plds_v5_US East_1': 15, 'D8plds_v5_US East_2': 15, 'D8plds_v5_US East_3': 15, 'D8pls_v5_US East_1': 15, 'D8pls_v5_US East_2': 15, 'D8pls_v5_US East_3': 15, 'D8ps_v5_US East_1': 15, 'D8ps_v5_US East_2': 15, 'D8ps_v5_US East_3': 15, 'D96ads_v6_US East_1': 15, 'D96alds_v6_US East_1': 15, 'D96als_v6_US East_1': 15, 'D96as_v6_US East_1': 15, 'E16ads_v6_US East_1': 15, 'E16ads_v6_US East_3': 15, 'E16as_v6_US East_2': 15, 'E16as_v6_US East_3': 15, 'E20ads_v6_US East_2': 15, 'E20ads_v6_US East_3': 15, 'E20as_v6_US East_1': 15, 'E20as_v6_US East_3': 15, 'E32ads_v6_US East_2': 15, 'E32as_v6_US East_2': 15, 'E48ads_v6_US East_1': 15, 'E48as_v6_US East_3': 15, 'E4ads_v6_US East_1': 15, 'E4ads_v6_US East_2': 15, 'E4as_v6_US East_1': 15, 'E4as_v6_US East_3': 15, 'E4ps_v5_US East_1': 15, 'E4ps_v5_US East_2': 15, 'E4ps_v5_US East_3': 15, 'E64ads_v6_US East_3': 15, 'E64as_v6_US East_3': 15, 'E8ads_v6_US East_1': 15, 'E8ads_v6_US East_3': 15, 'E8as_v6_US East_2': 15, 'E8as_v6_US East_3': 15, 'E8ps_v5_US East_1': 15, 'E96-24ads_v6_US East_1': 15, 'E96-48ads_v6_US East_3': 15, 'E96ads_v6_US East_1': 15, 'E96as_v6_US East_1': 15, 'F16als_v6_US East_1': 15, 'F16als_v6_US East_3': 15, 'F16ams_v6_US East_2': 15, 'F16ams_v6_US East_3': 15, 'F16as_v6_US East_1': 15, 'F16as_v6_US East_3': 15, 'F32als_v6_US East_2': 15, 'F32ams_v6_US East_2': 15, 'F32as_v6_US East_2': 15, 'F48als_v6_US East_1': 15, 'F48ams_v6_US East_3': 15, 'F48as_v6_US East_2': 15, 'F4als_v6_US East_1': 15, 'F4als_v6_US East_3': 15, 'F4ams_v6_US East_2': 15, 'F4ams_v6_US East_3': 15, 'F4as_v6_US East_2': 15, 'F4as_v6_US East_3': 15, 'F64als_v6_US East_3': 15, 'F64ams_v6_US East_3': 15, 'F64as_v6_US East_3': 15, 'F8als_v6_US East_1': 15, 'F8als_v6_US East_2': 15, 'F8ams_v6_US East_1': 15, 'F8ams_v6_US East_3': 15, 'F8as_v6_US East_2': 15, 'F8as_v6_US East_3': 15, 'M16-8ms_US East_1': 15, 'M16-8ms_US East_2': 15, 'M16-8ms_US East_3': 15, 'M16ms_US East_1': 15, 'M16ms_US East_2': 15, 'M16ms_US East_3': 15, 'M32-16ms_US East_1': 15, 'M32-16ms_US East_3': 15, 'M32-8ms_US East_1': 15, 'M32-8ms_US East_2': 15, 'M32dms_v2_US East_1': 15, 'M32dms_v2_US East_2': 15, 'M32ls_US East_1': 15, 'M32ls_US East_2': 15, 'M32ls_US East_3': 15, 'M32ms_US East_1': 15, 'M32ms_US East_2': 15, 'M32ms_v2_US East_1': 15, 'M32ms_v2_US East_2': 15, 'M32ts_US East_1': 15, 'M32ts_US East_2': 15, 'M32ts_US East_3': 15, 'M64s_v2_US East_1': 15, 'M8-4ms_US East_1': 15, 'M8-4ms_US East_2': 15, 'M8-4ms_US East_3': 15, 'M8ms_US East_1': 15, 'M8ms_US East_2': 15, 'M8ms_US East_3': 15, 'NV4as_v4_US East_1': 15, 'NV4as_v4_US East_2': 15, 'NV4as_v4_US East_3': 15, 'NV8as_v4_US East_1': 15, 'NV8as_v4_US East_2': 15, 'NV8as_v4_US East_3': 15}"
0.9500000000000001,904.7764500000002,392434541,433736.46827346087,14370,14255,"{'B16pls_v2_US East_1': 15, 'B16pls_v2_US East_2': 15, 'B16pls_v2_US East_3': 15, 'B16ps_v2_US East_3': 15, 'B4pls_v2_US East_1': 15, 'B4pls_v2_US East_2': 15, 'B4pls_v2_US East_3': 15, 'B4ps_v2_US East_1': 15, 'B4ps_v2_US East_2': 15, 'B4ps_v2_US East_3': 15, 'B8pls_v2_US East_1': 15, 'B8pls_v2_US East_2': 15, 'B8pls_v2_US East_3': 15, 'B8ps_v2_US East_1': 15, 'B8ps_v2_US East_2': 15, 'B8ps_v2_US East_3': 15, 'D16ads_v6_US East_2': 15, 'D16ads_v6_US East_3': 15, 'D16alds_v6_US East_1': 15, 'D16alds_v6_US East_2': 15, 'D16als_v6_US East_2': 15, 'D16als_v6_US East_3': 15, 'D16as_v6_US East_1': 15, 'D16as_v6_US East_2': 15, 'D16pds_v5_US East_2': 15, 'D16plds_v5_US East_1': 15, 'D16plds_v5_US East_3': 15, 'D16pls_v5_US East_2': 15, 'D16pls_v5_US East_3': 15, 'D16ps_v5_US East_2': 15, 'D32ads_v6_US East_1': 15, 'D32ads_v6_US East_3': 15, 'D32alds_v6_US East_2': 15, 'D32alds_v6_US East_3': 15, 'D32als_v6_US East_2': 15, 'D32als_v6_US East_3': 15, 'D32as_v6_US East_1': 15, 'D32as_v6_US East_3': 15, 'D32plds_v5_US East_1': 15, 'D32pls_v5_US East_3': 15, 'D48ads_v6_US East_3': 15, 'D48alds_v6_US East_3': 15, 'D48als_v6_US East_2': 15, 'D48als_v6_US East_3': 15, 'D4ads_v6_US East_1': 15, 'D4ads_v6_US East_2': 15, 'D4ads_v6_US East_3': 15, 'D4alds_v6_US East_1': 15, 'D4alds_v6_US East_2': 15, 'D4alds_v6_US East_3': 15, 'D4als_v6_US East_1': 15, 'D4als_v6_US East_2': 15, 'D4als_v6_US East_3': 15, 'D4as_v6_US East_1': 15, 'D4as_v6_US East_2': 15, 'D4as_v6_US East_3': 15, 'D4pds_v5_US East_1': 15, 'D4pds_v5_US East_2': 15, 'D4pds_v5_US East_3': 15, 'D4plds_v5_US East_1': 15, 'D4plds_v5_US East_2': 15, 'D4plds_v5_US East_3': 15, 'D4pls_v5_US East_1': 15, 'D4pls_v5_US East_2': 15, 'D4pls_v5_US East_3': 15, 'D4ps_v5_US East_1': 15, 'D4ps_v5_US East_2': 15, 'D4ps_v5_US East_3': 15, 'D64ads_v6_US East_3': 15, 'D64alds_v6_US East_3': 15, 'D64als_v6_US East_3': 15, 'D64as_v6_US East_1': 15, 'D8ads_v6_US East_2': 15, 'D8ads_v6_US East_3': 15, 'D8alds_v6_US East_2': 15, 'D8alds_v6_US East_3': 15, 'D8als_v6_US East_1': 15, 'D8als_v6_US East_3': 15, 'D8as_v6_US East_1': 15, 'D8as_v6_US East_3': 15, 'D8plds_v5_US East_1': 15, 'D8plds_v5_US East_2': 15, 'D8plds_v5_US East_3': 15, 'D8pls_v5_US East_1': 15, 'D8pls_v5_US East_2': 15, 'D8pls_v5_US East_3': 15, 'D8ps_v5_US East_1': 15, 'D8ps_v5_US East_2': 15, 'D8ps_v5_US East_3': 15, 'D96ads_v6_US East_1': 15, 'D96alds_v6_US East_1': 15, 'D96als_v6_US East_1': 15, 'D96as_v6_US East_1': 15, 'E16ads_v6_US East_1': 15, 'E16ads_v6_US East_3': 15, 'E16as_v6_US East_2': 15, 'E16as_v6_US East_3': 15, 'E20ads_v6_US East_2': 15, 'E20ads_v6_US East_3': 15, 'E20as_v6_US East_1': 15, 'E20as_v6_US East_3': 15, 'E32ads_v6_US East_2': 15, 'E32as_v6_US East_2': 15, 'E48ads_v6_US East_1': 15, 'E48as_v6_US East_3': 15, 'E4ads_v6_US East_1': 15, 'E4ads_v6_US East_2': 15, 'E4as_v6_US East_1': 15, 'E4as_v6_US East_3': 15, 'E4ps_v5_US East_1': 15, 'E4ps_v5_US East_2': 15, 'E4ps_v5_US East_3': 15, 'E64ads_v6_US East_3': 15, 'E64as_v6_US East_3': 15, 'E8ads_v6_US East_1': 15, 'E8ads_v6_US East_3': 15, 'E8as_v6_US East_2': 15, 'E8as_v6_US East_3': 15, 'E8ps_v5_US East_1': 15, 'E96-24ads_v6_US East_1': 15, 'E96-48ads_v6_US East_3': 15, 'E96ads_v6_US East_1': 15, 'E96as_v6_US East_1': 15, 'F16als_v6_US East_1': 15, 'F16als_v6_US East_3': 15, 'F16ams_v6_US East_2': 15, 'F16ams_v6_US East_3': 15, 'F16as_v6_US East_1': 15, 'F16as_v6_US East_3': 15, 'F32als_v6_US East_2': 15, 'F32ams_v6_US East_2': 15, 'F32as_v6_US East_2': 15, 'F48als_v6_US East_1': 15, 'F48ams_v6_US East_3': 15, 'F48as_v6_US East_2': 15, 'F4als_v6_US East_1': 15, 'F4als_v6_US East_3': 15, 'F4ams_v6_US East_2': 15, 'F4ams_v6_US East_3': 15, 'F4as_v6_US East_2': 15, 'F4as_v6_US East_3': 15, 'F64als_v6_US East_3': 15, 'F64ams_v6_US East_3': 15, 'F64as_v6_US East_3': 15, 'F8als_v6_US East_1': 15, 'F8als_v6_US East_2': 15, 'F8ams_v6_US East_1': 15, 'F8ams_v6_US East_3': 15, 'F8as_v6_US East_2': 15, 'F8as_v6_US East_3': 15, 'M16-8ms_US East_1': 15, 'M16-8ms_US East_2': 15, 'M16-8ms_US East_3': 15, 'M16ms_US East_1': 15, 'M16ms_US East_2': 15, 'M16ms_US East_3': 15, 'M32-16ms_US East_1': 15, 'M32-16ms_US East_3': 15, 'M32-8ms_US East_1': 15, 'M32-8ms_US East_2': 15, 'M32dms_v2_US East_1': 15, 'M32dms_v2_US East_2': 15, 'M32ls_US East_1': 15, 'M32ls_US East_2': 15, 'M32ls_US East_3': 15, 'M32ms_US East_1': 15, 'M32ms_US East_2': 15, 'M32ms_v2_US East_1': 15, 'M32ms_v2_US East_2': 15, 'M32ts_US East_1': 15, 'M32ts_US East_2': 15, 'M32ts_US East_3': 15, 'M64s_v2_US East_1': 15, 'M8-4ms_US East_1': 15, 'M8-4ms_US East_2': 15, 'M8-4ms_US East_3': 15, 'M8ms_US East_1': 15, 'M8ms_US East_2': 15, 'M8ms_US East_3': 15, 'NV4as_v4_US East_1': 15, 'NV4as_v4_US East_2': 15, 'NV4as_v4_US East_3': 15, 'NV8as_v4_US East_1': 15, 'NV8as_v4_US East_2': 15, 'NV8as_v4_US East_3': 15}"
0.96,930.3315000000003,393066994,422502.08070993994,14415,14300,"{'B16pls_v2_US East_1': 15, 'B16pls_v2_US East_2': 15, 'B16pls_v2_US East_3': 15, 'B16ps_v2_US East_3': 15, 'B4pls_v2_US East_1': 15, 'B4pls_v2_US East_2': 15, 'B4pls_v2_US East_3': 15, 'B4ps_v2_US East_1': 15, 'B4ps_v2_US East_2': 15, 'B4ps_v2_US East_3': 15, 'B8pls_v2_US East_1': 15, 'B8pls_v2_US East_2': 15, 'B8pls_v2_US East_3': 15, 'B8ps_v2_US East_1': 15, 'B8ps_v2_US East_2': 15, 'B8ps_v2_US East_3': 15, 'D16ads_v6_US East_2': 15, 'D16ads_v6_US East_3': 15, 'D16alds_v6_US East_1': 15, 'D16alds_v6_US East_2': 15, 'D16als_v6_US East_2': 15, 'D16als_v6_US East_3': 15, 'D16as_v6_US East_1': 15, 'D16as_v6_US East_2': 15, 'D16pds_v5_US East_2': 15, 'D16plds_v5_US East_1': 15, 'D16plds_v5_US East_3': 15, 'D16pls_v5_US East_2': 15, 'D16pls_v5_US East_3': 15, 'D16ps_v5_US East_2': 15, 'D32ads_v6_US East_1': 15, 'D32ads_v6_US East_3': 15, 'D32alds_v6_US East_2': 15, 'D32alds_v6_US East_3': 15, 'D32als_v6_US East_2': 15, 'D32als_v6_US East_3': 15, 'D32as_v6_US East_1': 15, 'D32as_v6_US East_3': 15, 'D32plds_v5_US East_1': 15, 'D32pls_v5_US East_3': 15, 'D48ads_v6_US East_3': 15, 'D48alds_v6_US East_3': 15, 'D48als_v6_US East_2': 15, 'D48als_v6_US East_3': 15, 'D4ads_v6_US East_1': 15, 'D4ads_v6_US East_2': 15, 'D4ads_v6_US East_3': 15, 'D4alds_v6_US East_1': 15, 'D4alds_v6_US East_2': 15, 'D4alds_v6_US East_3': 15, 'D4als_v6_US East_1': 15, 'D4als_v6_US East_2': 15, 'D4als_v6_US East_3': 15, 'D4as_v6_US East_1': 15, 'D4as_v6_US East_2': 15, 'D4as_v6_US East_3': 15, 'D4pds_v5_US East_1': 15, 'D4pds_v5_US East_2': 15, 'D4pds_v5_US East_3': 15, 'D4plds_v5_US East_1': 15, 'D4plds_v5_US East_2': 15, 'D4plds_v5_US East_3': 15, 'D4pls_v5_US East_1': 15, 'D4pls_v5_US East_2': 15, 'D4pls_v5_US East_3': 15, 'D4ps_v5_US East_1': 15, 'D4ps_v5_US East_2': 15, 'D4ps_v5_US East_3': 15, 'D64ads_v6_US East_3': 15, 'D64alds_v6_US East_3': 15, 'D64als_v6_US East_3': 15, 'D64as_v6_US East_1': 15, 'D8ads_v6_US East_2': 15, 'D8ads_v6_US East_3': 15, 'D8alds_v6_US East_2': 15, 'D8alds_v6_US East_3': 15, 'D8als_v6_US East_1': 15, 'D8als_v6_US East_3': 15, 'D8as_v6_US East_1': 15, 'D8as_v6_US East_3': 15, 'D8plds_v5_US East_1': 15, 'D8plds_v5_US East_2': 15, 'D8plds_v5_US East_3': 15, 'D8pls_v5_US East_1': 15, 'D8pls_v5_US East_2': 15, 'D8pls_v5_US East_3': 15, 'D8ps_v5_US East_1': 15, 'D8ps_v5_US East_2': 15, 'D8ps_v5_US East_3': 15, 'D96ads_v6_US East_1': 15, 'D96alds_v6_US East_1': 15, 'D96als_v6_US East_1': 15, 'D96as_v6_US East_1': 15, 'E16ads_v6_US East_1': 15, 'E16ads_v6_US East_3': 15, 'E16as_v6_US East_2': 15, 'E16as_v6_US East_3': 15, 'E20ads_v6_US East_2': 15, 'E20ads_v6_US East_3': 15, 'E20as_v6_US East_1': 15, 'E20as_v6_US East_3': 15, 'E32ads_v6_US East_2': 15, 'E32as_v6_US East_2': 15, 'E48ads_v6_US East_1': 15, 'E48as_v6_US East_3': 15, 'E4ads_v6_US East_1': 15, 'E4ads_v6_US East_2': 15, 'E4as_v6_US East_1': 15, 'E4as_v6_US East_3': 15, 'E4ps_v5_US East_1': 15, 'E4ps_v5_US East_2': 15, 'E4ps_v5_US East_3': 15, 'E64ads_v6_US East_3': 15, 'E64as_v6_US East_3': 15, 'E8ads_v6_US East_1': 15, 'E8ads_v6_US East_3': 15, 'E8as_v6_US East_2': 15, 'E8as_v6_US East_3': 15, 'E8ps_v5_US East_1': 15, 'E96-24ads_v6_US East_1': 15, 'E96-48ads_v6_US East_3': 15, 'E96ads_v6_US East_1': 15, 'E96as_v6_US East_1': 15, 'F16als_v6_US East_1': 15, 'F16als_v6_US East_3': 15, 'F16ams_v6_US East_2': 15, 'F16ams_v6_US East_3': 15, 'F16as_v6_US East_1': 15, 'F16as_v6_US East_3': 15, 'F32als_v6_US East_2': 15, 'F32ams_v6_US East_2': 15, 'F32as_v6_US East_2': 15, 'F48als_v6_US East_1': 15, 'F48ams_v6_US East_3': 15, 'F48as_v6_US East_2': 15, 'F4als_v6_US East_1': 15, 'F4als_v6_US East_3': 15, 'F4ams_v6_US East_2': 15, 'F4ams_v6_US East_3': 15, 'F4as_v6_US East_2': 15, 'F4as_v6_US East_3': 15, 'F64als_v6_US East_3': 15, 'F64ams_v6_US East_3': 15, 'F64as_v6_US East_3': 15, 'F8als_v6_US East_1': 15, 'F8als_v6_US East_2': 15, 'F8ams_v6_US East_1': 15, 'F8ams_v6_US East_3': 15, 'F8as_v6_US East_2': 15, 'F8as_v6_US East_3': 15, 'M16-4ms_US East_1': 15, 'M16-4ms_US East_2': 15, 'M16-4ms_US East_3': 15, 'M16-8ms_US East_1': 15, 'M16-8ms_US East_2': 15, 'M16-8ms_US East_3': 15, 'M16ms_US East_1': 15, 'M16ms_US East_2': 15, 'M16ms_US East_3': 15, 'M32-16ms_US East_1': 15, 'M32-16ms_US East_3': 15, 'M32-8ms_US East_1': 15, 'M32-8ms_US East_2': 15, 'M32dms_v2_US East_1': 15, 'M32dms_v2_US East_2': 15, 'M32ls_US East_1': 15, 'M32ls_US East_2': 15, 'M32ls_US East_3': 15, 'M32ms_US East_1': 15, 'M32ms_US East_2': 15, 'M32ms_v2_US East_1': 15, 'M32ms_v2_US East_2': 15, 'M32ts_US East_1': 15, 'M32ts_US East_2': 15, 'M32ts_US East_3': 15, 'M64s_v2_US East_1': 15, 'M8-4ms_US East_1': 15, 'M8-4ms_US East_2': 15, 'M8-4ms_US East_3': 15, 'M8ms_US East_1': 15, 'M8ms_US East_2': 15, 'M8ms_US East_3': 15, 'NV4as_v4_US East_1': 15, 'NV4as_v4_US East_2': 15, 'NV4as_v4_US East_3': 15, 'NV8as_v4_US East_1': 15, 'NV8as_v4_US East_2': 15, 'NV8as_v4_US East_3': 15}"
0.97,930.3315000000003,393066994,422502.08070993994,14415,14300,"{'B16pls_v2_US East_1': 15, 'B16pls_v2_US East_2': 15, 'B16pls_v2_US East_3': 15, 'B16ps_v2_US East_3': 15, 'B4pls_v2_US East_1': 15, 'B4pls_v2_US East_2': 15, 'B4pls_v2_US East_3': 15, 'B4ps_v2_US East_1': 15, 'B4ps_v2_US East_2': 15, 'B4ps_v2_US East_3': 15, 'B8pls_v2_US East_1': 15, 'B8pls_v2_US East_2': 15, 'B8pls_v2_US East_3': 15, 'B8ps_v2_US East_1': 15, 'B8ps_v2_US East_2': 15, 'B8ps_v2_US East_3': 15, 'D16ads_v6_US East_2': 15, 'D16ads_v6_US East_3': 15, 'D16alds_v6_US East_1': 15, 'D16alds_v6_US East_2': 15, 'D16als_v6_US East_2': 15, 'D16als_v6_US East_3': 15, 'D16as_v6_US East_1': 15, 'D16as_v6_US East_2': 15, 'D16pds_v5_US East_2': 15, 'D16plds_v5_US East_1': 15, 'D16plds_v5_US East_3': 15, 'D16pls_v5_US East_2': 15, 'D16pls_v5_US East_3': 15, 'D16ps_v5_US East_2': 15, 'D32ads_v6_US East_1': 15, 'D32ads_v6_US East_3': 15, 'D32alds_v6_US East_2': 15, 'D32alds_v6_US East_3': 15, 'D32als_v6_US East_2': 15, 'D32als_v6_US East_3': 15, 'D32as_v6_US East_1': 15, 'D32as_v6_US East_3': 15, 'D32plds_v5_US East_1': 15, 'D32pls_v5_US East_3': 15, 'D48ads_v6_US East_3': 15, 'D48alds_v6_US East_3': 15, 'D48als_v6_US East_2': 15, 'D48als_v6_US East_3': 15, 'D4ads_v6_US East_1': 15, 'D4ads_v6_US East_2': 15, 'D4ads_v6_US East_3': 15, 'D4alds_v6_US East_1': 15, 'D4alds_v6_US East_2': 15, 'D4alds_v6_US East_3': 15, 'D4als_v6_US East_1': 15, 'D4als_v6_US East_2': 15, 'D4als_v6_US East_3': 15, 'D4as_v6_US East_1': 15, 'D4as_v6_US East_2': 15, 'D4as_v6_US East_3': 15, 'D4pds_v5_US East_1': 15, 'D4pds_v5_US East_2': 15, 'D4pds_v5_US East_3': 15, 'D4plds_v5_US East_1': 15, 'D4plds_v5_US East_2': 15, 'D4plds_v5_US East_3': 15, 'D4pls_v5_US East_1': 15, 'D4pls_v5_US East_2': 15, 'D4pls_v5_US East_3': 15, 'D4ps_v5_US East_1': 15, 'D4ps_v5_US East_2': 15, 'D4ps_v5_US East_3': 15, 'D64ads_v6_US East_3': 15, 'D64alds_v6_US East_3': 15, 'D64als_v6_US East_3': 15, 'D64as_v6_US East_1': 15, 'D8ads_v6_US East_2': 15, 'D8ads_v6_US East_3': 15, 'D8alds_v6_US East_2': 15, 'D8alds_v6_US East_3': 15, 'D8als_v6_US East_1': 15, 'D8als_v6_US East_3': 15, 'D8as_v6_US East_1': 15, 'D8as_v6_US East_3': 15, 'D8plds_v5_US East_1': 15, 'D8plds_v5_US East_2': 15, 'D8plds_v5_US East_3': 15, 'D8pls_v5_US East_1': 15, 'D8pls_v5_US East_2': 15, 'D8pls_v5_US East_3': 15, 'D8ps_v5_US East_1': 15, 'D8ps_v5_US East_2': 15, 'D8ps_v5_US East_3': 15, 'D96ads_v6_US East_1': 15, 'D96alds_v6_US East_1': 15, 'D96als_v6_US East_1': 15, 'D96as_v6_US East_1': 15, 'E16ads_v6_US East_1': 15, 'E16ads_v6_US East_3': 15, 'E16as_v6_US East_2': 15, 'E16as_v6_US East_3': 15, 'E20ads_v6_US East_2': 15, 'E20ads_v6_US East_3': 15, 'E20as_v6_US East_1': 15, 'E20as_v6_US East_3': 15, 'E32ads_v6_US East_2': 15, 'E32as_v6_US East_2': 15, 'E48ads_v6_US East_1': 15, 'E48as_v6_US East_3': 15, 'E4ads_v6_US East_1': 15, 'E4ads_v6_US East_2': 15, 'E4as_v6_US East_1': 15, 'E4as_v6_US East_3': 15, 'E4ps_v5_US East_1': 15, 'E4ps_v5_US East_2': 15, 'E4ps_v5_US East_3': 15, 'E64ads_v6_US East_3': 15, 'E64as_v6_US East_3': 15, 'E8ads_v6_US East_1': 15, 'E8ads_v6_US East_3': 15, 'E8as_v6_US East_2': 15, 'E8as_v6_US East_3': 15, 'E8ps_v5_US East_1': 15, 'E96-24ads_v6_US East_1': 15, 'E96-48ads_v6_US East_3': 15, 'E96ads_v6_US East_1': 15, 'E96as_v6_US East_1': 15, 'F16als_v6_US East_1': 15, 'F16als_v6_US East_3': 15, 'F16ams_v6_US East_2': 15, 'F16ams_v6_US East_3': 15, 'F16as_v6_US East_1': 15, 'F16as_v6_US East_3': 15, 'F32als_v6_US East_2': 15, 'F32ams_v6_US East_2': 15, 'F32as_v6_US East_2': 15, 'F48als_v6_US East_1': 15, 'F48ams_v6_US East_3': 15, 'F48as_v6_US East_2': 15, 'F4als_v6_US East_1': 15, 'F4als_v6_US East_3': 15, 'F4ams_v6_US East_2': 15, 'F4ams_v6_US East_3': 15, 'F4as_v6_US East_2': 15, 'F4as_v6_US East_3': 15, 'F64als_v6_US East_3': 15, 'F64ams_v6_US East_3': 15, 'F64as_v6_US East_3': 15, 'F8als_v6_US East_1': 15, 'F8als_v6_US East_2': 15, 'F8ams_v6_US East_1': 15, 'F8ams_v6_US East_3': 15, 'F8as_v6_US East_2': 15, 'F8as_v6_US East_3': 15, 'M16-4ms_US East_1': 15, 'M16-4ms_US East_2': 15, 'M16-4ms_US East_3': 15, 'M16-8ms_US East_1': 15, 'M16-8ms_US East_2': 15, 'M16-8ms_US East_3': 15, 'M16ms_US East_1': 15, 'M16ms_US East_2': 15, 'M16ms_US East_3': 15, 'M32-16ms_US East_1': 15, 'M32-16ms_US East_3': 15, 'M32-8ms_US East_1': 15, 'M32-8ms_US East_2': 15, 'M32dms_v2_US East_1': 15, 'M32dms_v2_US East_2': 15, 'M32ls_US East_1': 15, 'M32ls_US East_2': 15, 'M32ls_US East_3': 15, 'M32ms_US East_1': 15, 'M32ms_US East_2': 15, 'M32ms_v2_US East_1': 15, 'M32ms_v2_US East_2': 15, 'M32ts_US East_1': 15, 'M32ts_US East_2': 15, 'M32ts_US East_3': 15, 'M64s_v2_US East_1': 15, 'M8-4ms_US East_1': 15, 'M8-4ms_US East_2': 15, 'M8-4ms_US East_3': 15, 'M8ms_US East_1': 15, 'M8ms_US East_2': 15, 'M8ms_US East_3': 15, 'NV4as_v4_US East_1': 15, 'NV4as_v4_US East_2': 15, 'NV4as_v4_US East_3': 15, 'NV8as_v4_US East_1': 15, 'NV8as_v4_US East_2': 15, 'NV8as_v4_US East_3': 15}"
0.98,930.3315000000003,393066994,422502.08070993994,14415,14300,"{'B16pls_v2_US East_1': 15, 'B16pls_v2_US East_2': 15, 'B16pls_v2_US East_3': 15, 'B16ps_v2_US East_3': 15, 'B4pls_v2_US East_1': 15, 'B4pls_v2_US East_2': 15, 'B4pls_v2_US East_3': 15, 'B4ps_v2_US East_1': 15, 'B4ps_v2_US East_2': 15, 'B4ps_v2_US East_3': 15, 'B8pls_v2_US East_1': 15, 'B8pls_v2_US East_2': 15, 'B8pls_v2_US East_3': 15, 'B8ps_v2_US East_1': 15, 'B8ps_v2_US East_2': 15, 'B8ps_v2_US East_3': 15, 'D16ads_v6_US East_2': 15, 'D16ads_v6_US East_3': 15, 'D16alds_v6_US East_1': 15, 'D16alds_v6_US East_2': 15, 'D16als_v6_US East_2': 15, 'D16als_v6_US East_3': 15, 'D16as_v6_US East_1': 15, 'D16as_v6_US East_2': 15, 'D16pds_v5_US East_2': 15, 'D16plds_v5_US East_1': 15, 'D16plds_v5_US East_3': 15, 'D16pls_v5_US East_2': 15, 'D16pls_v5_US East_3': 15, 'D16ps_v5_US East_2': 15, 'D32ads_v6_US East_1': 15, 'D32ads_v6_US East_3': 15, 'D32alds_v6_US East_2': 15, 'D32alds_v6_US East_3': 15, 'D32als_v6_US East_2': 15, 'D32als_v6_US East_3': 15, 'D32as_v6_US East_1': 15, 'D32as_v6_US East_3': 15, 'D32plds_v5_US East_1': 15, 'D32pls_v5_US East_3': 15, 'D48ads_v6_US East_3': 15, 'D48alds_v6_US East_3': 15, 'D48als_v6_US East_2': 15, 'D48als_v6_US East_3': 15, 'D4ads_v6_US East_1': 15, 'D4ads_v6_US East_2': 15, 'D4ads_v6_US East_3': 15, 'D4alds_v6_US East_1': 15, 'D4alds_v6_US East_2': 15, 'D4alds_v6_US East_3': 15, 'D4als_v6_US East_1': 15, 'D4als_v6_US East_2': 15, 'D4als_v6_US East_3': 15, 'D4as_v6_US East_1': 15, 'D4as_v6_US East_2': 15, 'D4as_v6_US East_3': 15, 'D4pds_v5_US East_1': 15, 'D4pds_v5_US East_2': 15, 'D4pds_v5_US East_3': 15, 'D4plds_v5_US East_1': 15, 'D4plds_v5_US East_2': 15, 'D4plds_v5_US East_3': 15, 'D4pls_v5_US East_1': 15, 'D4pls_v5_US East_2': 15, 'D4pls_v5_US East_3': 15, 'D4ps_v5_US East_1': 15, 'D4ps_v5_US East_2': 15, 'D4ps_v5_US East_3': 15, 'D64ads_v6_US East_3': 15, 'D64alds_v6_US East_3': 15, 'D64als_v6_US East_3': 15, 'D64as_v6_US East_1': 15, 'D8ads_v6_US East_2': 15, 'D8ads_v6_US East_3': 15, 'D8alds_v6_US East_2': 15, 'D8alds_v6_US East_3': 15, 'D8als_v6_US East_1': 15, 'D8als_v6_US East_3': 15, 'D8as_v6_US East_1': 15, 'D8as_v6_US East_3': 15, 'D8plds_v5_US East_1': 15, 'D8plds_v5_US East_2': 15, 'D8plds_v5_US East_3': 15, 'D8pls_v5_US East_1': 15, 'D8pls_v5_US East_2': 15, 'D8pls_v5_US East_3': 15, 'D8ps_v5_US East_1': 15, 'D8ps_v5_US East_2': 15, 'D8ps_v5_US East_3': 15, 'D96ads_v6_US East_1': 15, 'D96alds_v6_US East_1': 15, 'D96als_v6_US East_1': 15, 'D96as_v6_US East_1': 15, 'E16ads_v6_US East_1': 15, 'E16ads_v6_US East_3': 15, 'E16as_v6_US East_2': 15, 'E16as_v6_US East_3': 15, 'E20ads_v6_US East_2': 15, 'E20ads_v6_US East_3': 15, 'E20as_v6_US East_1': 15, 'E20as_v6_US East_3': 15, 'E32ads_v6_US East_2': 15, 'E32as_v6_US East_2': 15, 'E48ads_v6_US East_1': 15, 'E48as_v6_US East_3': 15, 'E4ads_v6_US East_1': 15, 'E4ads_v6_US East_2': 15, 'E4as_v6_US East_1': 15, 'E4as_v6_US East_3': 15, 'E4ps_v5_US East_1': 15, 'E4ps_v5_US East_2': 15, 'E4ps_v5_US East_3': 15, 'E64ads_v6_US East_3': 15, 'E64as_v6_US East_3': 15, 'E8ads_v6_US East_1': 15, 'E8ads_v6_US East_3': 15, 'E8as_v6_US East_2': 15, 'E8as_v6_US East_3': 15, 'E8ps_v5_US East_1': 15, 'E96-24ads_v6_US East_1': 15, 'E96-48ads_v6_US East_3': 15, 'E96ads_v6_US East_1': 15, 'E96as_v6_US East_1': 15, 'F16als_v6_US East_1': 15, 'F16als_v6_US East_3': 15, 'F16ams_v6_US East_2': 15, 'F16ams_v6_US East_3': 15, 'F16as_v6_US East_1': 15, 'F16as_v6_US East_3': 15, 'F32als_v6_US East_2': 15, 'F32ams_v6_US East_2': 15, 'F32as_v6_US East_2': 15, 'F48als_v6_US East_1': 15, 'F48ams_v6_US East_3': 15, 'F48as_v6_US East_2': 15, 'F4als_v6_US East_1': 15, 'F4als_v6_US East_3': 15, 'F4ams_v6_US East_2': 15, 'F4ams_v6_US East_3': 15, 'F4as_v6_US East_2': 15, 'F4as_v6_US East_3': 15, 'F64als_v6_US East_3': 15, 'F64ams_v6_US East_3': 15, 'F64as_v6_US East_3': 15, 'F8als_v6_US East_1': 15, 'F8als_v6_US East_2': 15, 'F8ams_v6_US East_1': 15, 'F8ams_v6_US East_3': 15, 'F8as_v6_US East_2': 15, 'F8as_v6_US East_3': 15, 'M16-4ms_US East_1': 15, 'M16-4ms_US East_2': 15, 'M16-4ms_US East_3': 15, 'M16-8ms_US East_1': 15, 'M16-8ms_US East_2': 15, 'M16-8ms_US East_3': 15, 'M16ms_US East_1': 15, 'M16ms_US East_2': 15, 'M16ms_US East_3': 15, 'M32-16ms_US East_1': 15, 'M32-16ms_US East_3': 15, 'M32-8ms_US East_1': 15, 'M32-8ms_US East_2': 15, 'M32dms_v2_US East_1': 15, 'M32dms_v2_US East_2': 15, 'M32ls_US East_1': 15, 'M32ls_US East_2': 15, 'M32ls_US East_3': 15, 'M32ms_US East_1': 15, 'M32ms_US East_2': 15, 'M32ms_v2_US East_1': 15, 'M32ms_v2_US East_2': 15, 'M32ts_US East_1': 15, 'M32ts_US East_2': 15, 'M32ts_US East_3': 15, 'M64s_v2_US East_1': 15, 'M8-4ms_US East_1': 15, 'M8-4ms_US East_2': 15, 'M8-4ms_US East_3': 15, 'M8ms_US East_1': 15, 'M8ms_US East_2': 15, 'M8ms_US East_3': 15, 'NV4as_v4_US East_1': 15, 'NV4as_v4_US East_2': 15, 'NV4as_v4_US East_3': 15, 'NV8as_v4_US East_1': 15, 'NV8as_v4_US East_2': 15, 'NV8as_v4_US East_3': 15}"
0.99,930.3315000000003,393066994,422502.08070993994,14415,14300,"{'B16pls_v2_US East_1': 15, 'B16pls_v2_US East_2': 15, 'B16pls_v2_US East_3': 15, 'B16ps_v2_US East_3': 15, 'B4pls_v2_US East_1': 15, 'B4pls_v2_US East_2': 15, 'B4pls_v2_US East_3': 15, 'B4ps_v2_US East_1': 15, 'B4ps_v2_US East_2': 15, 'B4ps_v2_US East_3': 15, 'B8pls_v2_US East_1': 15, 'B8pls_v2_US East_2': 15, 'B8pls_v2_US East_3': 15, 'B8ps_v2_US East_1': 15, 'B8ps_v2_US East_2': 15, 'B8ps_v2_US East_3': 15, 'D16ads_v6_US East_2': 15, 'D16ads_v6_US East_3': 15, 'D16alds_v6_US East_1': 15, 'D16alds_v6_US East_2': 15, 'D16als_v6_US East_2': 15, 'D16als_v6_US East_3': 15, 'D16as_v6_US East_1': 15, 'D16as_v6_US East_2': 15, 'D16pds_v5_US East_2': 15, 'D16plds_v5_US East_1': 15, 'D16plds_v5_US East_3': 15, 'D16pls_v5_US East_2': 15, 'D16pls_v5_US East_3': 15, 'D16ps_v5_US East_2': 15, 'D32ads_v6_US East_1': 15, 'D32ads_v6_US East_3': 15, 'D32alds_v6_US East_2': 15, 'D32alds_v6_US East_3': 15, 'D32als_v6_US East_2': 15, 'D32als_v6_US East_3': 15, 'D32as_v6_US East_1': 15, 'D32as_v6_US East_3': 15, 'D32plds_v5_US East_1': 15, 'D32pls_v5_US East_3': 15, 'D48ads_v6_US East_3': 15, 'D48alds_v6_US East_3': 15, 'D48als_v6_US East_2': 15, 'D48als_v6_US East_3': 15, 'D4ads_v6_US East_1': 15, 'D4ads_v6_US East_2': 15, 'D4ads_v6_US East_3': 15, 'D4alds_v6_US East_1': 15, 'D4alds_v6_US East_2': 15, 'D4alds_v6_US East_3': 15, 'D4als_v6_US East_1': 15, 'D4als_v6_US East_2': 15, 'D4als_v6_US East_3': 15, 'D4as_v6_US East_1': 15, 'D4as_v6_US East_2': 15, 'D4as_v6_US East_3': 15, 'D4pds_v5_US East_1': 15, 'D4pds_v5_US East_2': 15, 'D4pds_v5_US East_3': 15, 'D4plds_v5_US East_1': 15, 'D4plds_v5_US East_2': 15, 'D4plds_v5_US East_3': 15, 'D4pls_v5_US East_1': 15, 'D4pls_v5_US East_2': 15, 'D4pls_v5_US East_3': 15, 'D4ps_v5_US East_1': 15, 'D4ps_v5_US East_2': 15, 'D4ps_v5_US East_3': 15, 'D64ads_v6_US East_3': 15, 'D64alds_v6_US East_3': 15, 'D64als_v6_US East_3': 15, 'D64as_v6_US East_1': 15, 'D8ads_v6_US East_2': 15, 'D8ads_v6_US East_3': 15, 'D8alds_v6_US East_2': 15, 'D8alds_v6_US East_3': 15, 'D8als_v6_US East_1': 15, 'D8als_v6_US East_3': 15, 'D8as_v6_US East_1': 15, 'D8as_v6_US East_3': 15, 'D8plds_v5_US East_1': 15, 'D8plds_v5_US East_2': 15, 'D8plds_v5_US East_3': 15, 'D8pls_v5_US East_1': 15, 'D8pls_v5_US East_2': 15, 'D8pls_v5_US East_3': 15, 'D8ps_v5_US East_1': 15, 'D8ps_v5_US East_2': 15, 'D8ps_v5_US East_3': 15, 'D96ads_v6_US East_1': 15, 'D96alds_v6_US East_1': 15, 'D96als_v6_US East_1': 15, 'D96as_v6_US East_1': 15, 'E16ads_v6_US East_1': 15, 'E16ads_v6_US East_3': 15, 'E16as_v6_US East_2': 15, 'E16as_v6_US East_3': 15, 'E20ads_v6_US East_2': 15, 'E20ads_v6_US East_3': 15, 'E20as_v6_US East_1': 15, 'E20as_v6_US East_3': 15, 'E32ads_v6_US East_2': 15, 'E32as_v6_US East_2': 15, 'E48ads_v6_US East_1': 15, 'E48as_v6_US East_3': 15, 'E4ads_v6_US East_1': 15, 'E4ads_v6_US East_2': 15, 'E4as_v6_US East_1': 15, 'E4as_v6_US East_3': 15, 'E4ps_v5_US East_1': 15, 'E4ps_v5_US East_2': 15, 'E4ps_v5_US East_3': 15, 'E64ads_v6_US East_3': 15, 'E64as_v6_US East_3': 15, 'E8ads_v6_US East_1': 15, 'E8ads_v6_US East_3': 15, 'E8as_v6_US East_2': 15, 'E8as_v6_US East_3': 15, 'E8ps_v5_US East_1': 15, 'E96-24ads_v6_US East_1': 15, 'E96-48ads_v6_US East_3': 15, 'E96ads_v6_US East_1': 15, 'E96as_v6_US East_1': 15, 'F16als_v6_US East_1': 15, 'F16als_v6_US East_3': 15, 'F16ams_v6_US East_2': 15, 'F16ams_v6_US East_3': 15, 'F16as_v6_US East_1': 15, 'F16as_v6_US East_3': 15, 'F32als_v6_US East_2': 15, 'F32ams_v6_US East_2': 15, 'F32as_v6_US East_2': 15, 'F48als_v6_US East_1': 15, 'F48ams_v6_US East_3': 15, 'F48as_v6_US East_2': 15, 'F4als_v6_US East_1': 15, 'F4als_v6_US East_3': 15, 'F4ams_v6_US East_2': 15, 'F4ams_v6_US East_3': 15, 'F4as_v6_US East_2': 15, 'F4as_v6_US East_3': 15, 'F64als_v6_US East_3': 15, 'F64ams_v6_US East_3': 15, 'F64as_v6_US East_3': 15, 'F8als_v6_US East_1': 15, 'F8als_v6_US East_2': 15, 'F8ams_v6_US East_1': 15, 'F8ams_v6_US East_3': 15, 'F8as_v6_US East_2': 15, 'F8as_v6_US East_3': 15, 'M16-4ms_US East_1': 15, 'M16-4ms_US East_2': 15, 'M16-4ms_US East_3': 15, 'M16-8ms_US East_1': 15, 'M16-8ms_US East_2': 15, 'M16-8ms_US East_3': 15, 'M16ms_US East_1': 15, 'M16ms_US East_2': 15, 'M16ms_US East_3': 15, 'M32-16ms_US East_1': 15, 'M32-16ms_US East_3': 15, 'M32-8ms_US East_1': 15, 'M32-8ms_US East_2': 15, 'M32dms_v2_US East_1': 15, 'M32dms_v2_US East_2': 15, 'M32ls_US East_1': 15, 'M32ls_US East_2': 15, 'M32ls_US East_3': 15, 'M32ms_US East_1': 15, 'M32ms_US East_2': 15, 'M32ms_v2_US East_1': 15, 'M32ms_v2_US East_2': 15, 'M32ts_US East_1': 15, 'M32ts_US East_2': 15, 'M32ts_US East_3': 15, 'M64s_v2_US East_1': 15, 'M8-4ms_US East_1': 15, 'M8-4ms_US East_2': 15, 'M8-4ms_US East_3': 15, 'M8ms_US East_1': 15, 'M8ms_US East_2': 15, 'M8ms_US East_3': 15, 'NV4as_v4_US East_1': 15, 'NV4as_v4_US East_2': 15, 'NV4as_v4_US East_3': 15, 'NV8as_v4_US East_1': 15, 'NV8as_v4_US East_2': 15, 'NV8as_v4_US East_3': 15}"
1.0,930.3315000000003,393066994,422502.08070993994,14415,14300,"{'B16pls_v2_US East_1': 15, 'B16pls_v2_US East_2': 15, 'B16pls_v2_US East_3': 15, 'B16ps_v2_US East_3': 15, 'B4pls_v2_US East_1': 15, 'B4pls_v2_US East_2': 15, 'B4pls_v2_US East_3': 15, 'B4ps_v2_US East_1': 15, 'B4ps_v2_US East_2': 15, 'B4ps_v2_US East_3': 15, 'B8pls_v2_US East_1': 15, 'B8pls_v2_US East_2': 15, 'B8pls_v2_US East_3': 15, 'B8ps_v2_US East_1': 15, 'B8ps_v2_US East_2': 15, 'B8ps_v2_US East_3': 15, 'D16ads_v6_US East_2': 15, 'D16ads_v6_US East_3': 15, 'D16alds_v6_US East_1': 15, 'D16alds_v6_US East_2': 15, 'D16als_v6_US East_2': 15, 'D16als_v6_US East_3': 15, 'D16as_v6_US East_1': 15, 'D16as_v6_US East_2': 15, 'D16pds_v5_US East_2': 15, 'D16plds_v5_US East_1': 15, 'D16plds_v5_US East_3': 15, 'D16pls_v5_US East_2': 15, 'D16pls_v5_US East_3': 15, 'D16ps_v5_US East_2': 15, 'D32ads_v6_US East_1': 15, 'D32ads_v6_US East_3': 15, 'D32alds_v6_US East_2': 15, 'D32alds_v6_US East_3': 15, 'D32als_v6_US East_2': 15, 'D32als_v6_US East_3': 15, 'D32as_v6_US East_1': 15, 'D32as_v6_US East_3': 15, 'D32plds_v5_US East_1': 15, 'D32pls_v5_US East_3': 15, 'D48ads_v6_US East_3': 15, 'D48alds_v6_US East_3': 15, 'D48als_v6_US East_2': 15, 'D48als_v6_US East_3': 15, 'D4ads_v6_US East_1': 15, 'D4ads_v6_US East_2': 15, 'D4ads_v6_US East_3': 15, 'D4alds_v6_US East_1': 15, 'D4alds_v6_US East_2': 15, 'D4alds_v6_US East_3': 15, 'D4als_v6_US East_1': 15, 'D4als_v6_US East_2': 15, 'D4als_v6_US East_3': 15, 'D4as_v6_US East_1': 15, 'D4as_v6_US East_2': 15, 'D4as_v6_US East_3': 15, 'D4pds_v5_US East_1': 15, 'D4pds_v5_US East_2': 15, 'D4pds_v5_US East_3': 15, 'D4plds_v5_US East_1': 15, 'D4plds_v5_US East_2': 15, 'D4plds_v5_US East_3': 15, 'D4pls_v5_US East_1': 15, 'D4pls_v5_US East_2': 15, 'D4pls_v5_US East_3': 15, 'D4ps_v5_US East_1': 15, 'D4ps_v5_US East_2': 15, 'D4ps_v5_US East_3': 15, 'D64ads_v6_US East_3': 15, 'D64alds_v6_US East_3': 15, 'D64als_v6_US East_3': 15, 'D64as_v6_US East_1': 15, 'D8ads_v6_US East_2': 15, 'D8ads_v6_US East_3': 15, 'D8alds_v6_US East_2': 15, 'D8alds_v6_US East_3': 15, 'D8als_v6_US East_1': 15, 'D8als_v6_US East_3': 15, 'D8as_v6_US East_1': 15, 'D8as_v6_US East_3': 15, 'D8plds_v5_US East_1': 15, 'D8plds_v5_US East_2': 15, 'D8plds_v5_US East_3': 15, 'D8pls_v5_US East_1': 15, 'D8pls_v5_US East_2': 15, 'D8pls_v5_US East_3': 15, 'D8ps_v5_US East_1': 15, 'D8ps_v5_US East_2': 15, 'D8ps_v5_US East_3': 15, 'D96ads_v6_US East_1': 15, 'D96alds_v6_US East_1': 15, 'D96als_v6_US East_1': 15, 'D96as_v6_US East_1': 15, 'E16ads_v6_US East_1': 15, 'E16ads_v6_US East_3': 15, 'E16as_v6_US East_2': 15, 'E16as_v6_US East_3': 15, 'E20ads_v6_US East_2': 15, 'E20ads_v6_US East_3': 15, 'E20as_v6_US East_1': 15, 'E20as_v6_US East_3': 15, 'E32ads_v6_US East_2': 15, 'E32as_v6_US East_2': 15, 'E48ads_v6_US East_1': 15, 'E48as_v6_US East_3': 15, 'E4ads_v6_US East_1': 15, 'E4ads_v6_US East_2': 15, 'E4as_v6_US East_1': 15, 'E4as_v6_US East_3': 15, 'E4ps_v5_US East_1': 15, 'E4ps_v5_US East_2': 15, 'E4ps_v5_US East_3': 15, 'E64ads_v6_US East_3': 15, 'E64as_v6_US East_3': 15, 'E8ads_v6_US East_1': 15, 'E8ads_v6_US East_3': 15, 'E8as_v6_US East_2': 15, 'E8as_v6_US East_3': 15, 'E8ps_v5_US East_1': 15, 'E96-24ads_v6_US East_1': 15, 'E96-48ads_v6_US East_3': 15, 'E96ads_v6_US East_1': 15, 'E96as_v6_US East_1': 15, 'F16als_v6_US East_1': 15, 'F16als_v6_US East_3': 15, 'F16ams_v6_US East_2': 15, 'F16ams_v6_US East_3': 15, 'F16as_v6_US East_1': 15, 'F16as_v6_US East_3': 15, 'F32als_v6_US East_2': 15, 'F32ams_v6_US East_2': 15, 'F32as_v6_US East_2': 15, 'F48als_v6_US East_1': 15, 'F48ams_v6_US East_3': 15, 'F48as_v6_US East_2': 15, 'F4als_v6_US East_1': 15, 'F4als_v6_US East_3': 15, 'F4ams_v6_US East_2': 15, 'F4ams_v6_US East_3': 15, 'F4as_v6_US East_2': 15, 'F4as_v6_US East_3': 15, 'F64als_v6_US East_3': 15, 'F64ams_v6_US East_3': 15, 'F64as_v6_US East_3': 15, 'F8als_v6_US East_1': 15, 'F8als_v6_US East_2': 15, 'F8ams_v6_US East_1': 15, 'F8ams_v6_US East_3': 15, 'F8as_v6_US East_2': 15, 'F8as_v6_US East_3': 15, 'M16-4ms_US East_1': 15, 'M16-4ms_US East_2': 15, 'M16-4ms_US East_3': 15, 'M16-8ms_US East_1': 15, 'M16-8ms_US East_2': 15, 'M16-8ms_US East_3': 15, 'M16ms_US East_1': 15, 'M16ms_US East_2': 15, 'M16ms_US East_3': 15, 'M32-16ms_US East_1': 15, 'M32-16ms_US East_3': 15, 'M32-8ms_US East_1': 15, 'M32-8ms_US East_2': 15, 'M32dms_v2_US East_1': 15, 'M32dms_v2_US East_2': 15, 'M32ls_US East_1': 15, 'M32ls_US East_2': 15, 'M32ls_US East_3': 15, 'M32ms_US East_1': 15, 'M32ms_US East_2': 15, 'M32ms_v2_US East_1': 15, 'M32ms_v2_US East_2': 15, 'M32ts_US East_1': 15, 'M32ts_US East_2': 15, 'M32ts_US East_3': 15, 'M64s_v2_US East_1': 15, 'M8-4ms_US East_1': 15, 'M8-4ms_US East_2': 15, 'M8-4ms_US East_3': 15, 'M8ms_US East_1': 15, 'M8ms_US East_2': 15, 'M8ms_US East_3': 15, 'NV4as_v4_US East_1': 15, 'NV4as_v4_US East_2': 15, 'NV4as_v4_US East_3': 15, 'NV8as_v4_US East_1': 15, 'NV8as_v4_US East_2': 15, 'NV8as_v4_US East_3': 15}"
