[INFO] Starting benchmark for m8g.12xlarge (run_uri=m8g12xlarge)
[INFO] Starting benchmark for m8g.16xlarge (run_uri=m8g16xlarge)
[INFO] Starting benchmark for m8g.48xlarge (run_uri=m8g48xlarge)
[INFO] Starting benchmark for m8g.metal-24xl (run_uri=m8gmetal24xl)
[INFO] Starting benchmark for m8g.metal-48xl (run_uri=m8gmetal48xl)
[INFO] Starting benchmark for m8g.24xlarge (run_uri=m8g24xlarge)
[ERROR] Benchmark for m8g.16xlarge did not succeed (status: FAILED). Skipping upload.
./test.sh: line 73: ./coremark_results/failures.log: No such file or directory
[ERROR] Benchmark for m8g.24xlarge did not succeed (status: FAILED). Skipping upload.
./test.sh: line 73: ./coremark_results/failures.log: No such file or directory
[ERROR] Benchmark for m8g.metal-48xl did not succeed (status: FAILED). Skipping upload.
./test.sh: line 73: ./coremark_results/failures.log: No such file or directory
[ERROR] Benchmark for m8g.48xlarge did not succeed (status: FAILED). Skipping upload.
./test.sh: line 73: ./coremark_results/failures.log: No such file or directory
[ERROR] Benchmark for m8g.metal-24xl did not succeed (status: FAILED). Skipping upload.
./test.sh: line 73: ./coremark_results/failures.log: No such file or directory
[ERROR] Benchmark for m8g.12xlarge did not succeed (status: FAILED). Skipping upload.
./test.sh: line 73: ./coremark_results/failures.log: No such file or directory
[ALL DONE] 모든 벤치마크 및 업로드 완료!
[INFO] Starting benchmark for m8g.16xlarge (run_uri=m8g16xlarge)
[INFO] Starting benchmark for m8g.12xlarge (run_uri=m8g12xlarge)
[INFO] Starting benchmark for m8g.24xlarge (run_uri=m8g24xlarge)
[INFO] Starting benchmark for m8g.metal-24xl (run_uri=m8gmetal24xl)
[INFO] Starting benchmark for m8g.48xlarge (run_uri=m8g48xlarge)
[INFO] Starting benchmark for m8g.metal-48xl (run_uri=m8gmetal48xl)
[ERROR] Benchmark for m8g.12xlarge did not succeed (status: FAILED). Skipping upload.
./test.sh: line 73: ./coremark_results/failures.log: No such file or directory
[ERROR] Benchmark for m8g.16xlarge did not succeed (status: FAILED). Skipping upload.
./test.sh: line 73: ./coremark_results/failures.log: No such file or directory
[ERROR] Benchmark for m8g.48xlarge did not succeed (status: FAILED). Skipping upload.
./test.sh: line 73: ./coremark_results/failures.log: No such file or directory
[ERROR] Benchmark for m8g.metal-24xl did not succeed (status: FAILED). Skipping upload.
./test.sh: line 73: ./coremark_results/failures.log: No such file or directory
[ERROR] Benchmark for m8g.metal-48xl did not succeed (status: FAILED). Skipping upload.
./test.sh: line 73: ./coremark_results/failures.log: No such file or directory
[ERROR] Benchmark for m8g.24xlarge did not succeed (status: FAILED). Skipping upload.
./test.sh: line 73: ./coremark_results/failures.log: No such file or directory
[ALL DONE] 모든 벤치마크 및 업로드 완료!
[INFO] Starting benchmark for m8g.12xlarge (run_uri=m8g12xlarge)
[INFO] Starting benchmark for m8g.24xlarge (run_uri=m8g24xlarge)
[INFO] Starting benchmark for m8g.16xlarge (run_uri=m8g16xlarge)
[INFO] Starting benchmark for m8g.48xlarge (run_uri=m8g48xlarge)
[INFO] Starting benchmark for m8g.metal-48xl (run_uri=m8gmetal48xl)
[INFO] Starting benchmark for m8g.metal-24xl (run_uri=m8gmetal24xl)
[ERROR] Benchmark for m8g.metal-48xl did not succeed (status: FAILED). Skipping upload.
./test.sh: line 73: ./coremark_results/failures.log: No such file or directory
[ERROR] Benchmark for m8g.48xlarge did not succeed (status: FAILED). Skipping upload.
./test.sh: line 73: ./coremark_results/failures.log: No such file or directory
[INFO] Starting benchmark for m8g.48xlarge (run_uri=m8g48xlarge)
[INFO] Starting benchmark for m8g.metal-48xl (run_uri=m8gmetal48xl)
[INFO] Benchmark for m8g.24xlarge succeeded. Proceeding with upload.
[INFO] Uploading results to s3://2025-coremark/coremark-results/m8g.24xlarge
Completed 125 Bytes/604.3 KiB (1.4 KiB/s) with 7 file(s) remaining
upload: ../../../../../tmp/perfkitbenchmarker/runs/m8g24xlarge/completion_statuses.json to s3://2025-coremark/coremark-results/m8g.24xlarge/completion_statuses.json
Completed 125 Bytes/604.3 KiB (1.4 KiB/s) with 6 file(s) remaining
Completed 2.5 KiB/604.3 KiB (25.5 KiB/s) with 6 file(s) remaining 
upload: ../../../../../tmp/perfkitbenchmarker/runs/m8g24xlarge/perfkitbenchmarker_keyfile to s3://2025-coremark/coremark-results/m8g.24xlarge/perfkitbenchmarker_keyfile
Completed 2.5 KiB/604.3 KiB (25.5 KiB/s) with 5 file(s) remaining
Completed 15.6 KiB/604.3 KiB (152.2 KiB/s) with 5 file(s) remaining
upload: ../../../../../tmp/perfkitbenchmarker/runs/m8g24xlarge/coremark0 to s3://2025-coremark/coremark-results/m8g.24xlarge/coremark0
Completed 15.6 KiB/604.3 KiB (152.2 KiB/s) with 4 file(s) remaining
Completed 544.5 KiB/604.3 KiB (5.1 MiB/s) with 4 file(s) remaining 
Completed 545.1 KiB/604.3 KiB (4.3 MiB/s) with 4 file(s) remaining 
upload: ../../../../../tmp/perfkitbenchmarker/runs/m8g24xlarge/perfkitbenchmarker_keyfile.pub to s3://2025-coremark/coremark-results/m8g.24xlarge/perfkitbenchmarker_keyfile.pub
Completed 545.1 KiB/604.3 KiB (4.3 MiB/s) with 3 file(s) remaining
Completed 546.3 KiB/604.3 KiB (4.1 MiB/s) with 3 file(s) remaining
upload: ../../../../../tmp/perfkitbenchmarker/runs/m8g24xlarge/ssh_config to s3://2025-coremark/coremark-results/m8g.24xlarge/ssh_config
Completed 546.3 KiB/604.3 KiB (4.1 MiB/s) with 2 file(s) remaining
Completed 604.3 KiB/604.3 KiB (3.3 MiB/s) with 2 file(s) remaining
upload: ../../../../../tmp/perfkitbenchmarker/runs/m8g24xlarge/perfkitbenchmarker_results.json to s3://2025-coremark/coremark-results/m8g.24xlarge/perfkitbenchmarker_results.json
Completed 604.3 KiB/604.3 KiB (3.3 MiB/s) with 1 file(s) remaining
upload: ../../../../../tmp/perfkitbenchmarker/runs/m8g24xlarge/pkb.log to s3://2025-coremark/coremark-results/m8g.24xlarge/pkb.log
[DONE] m8g.24xlarge benchmark and upload complete.
[INFO] Benchmark for m8g.12xlarge succeeded. Proceeding with upload.
[INFO] Uploading results to s3://2025-coremark/coremark-results/m8g.12xlarge
Completed 505.1 KiB/577.4 KiB (4.9 MiB/s) with 7 file(s) remaining
Completed 517.8 KiB/577.4 KiB (4.8 MiB/s) with 7 file(s) remaining
upload: ../../../../../tmp/perfkitbenchmarker/runs/m8g12xlarge/coremark0 to s3://2025-coremark/coremark-results/m8g.12xlarge/coremark0
Completed 517.8 KiB/577.4 KiB (4.8 MiB/s) with 6 file(s) remaining
Completed 518.4 KiB/577.4 KiB (4.7 MiB/s) with 6 file(s) remaining
upload: ../../../../../tmp/perfkitbenchmarker/runs/m8g12xlarge/perfkitbenchmarker_keyfile.pub to s3://2025-coremark/coremark-results/m8g.12xlarge/perfkitbenchmarker_keyfile.pub
Completed 518.4 KiB/577.4 KiB (4.7 MiB/s) with 5 file(s) remaining
Completed 520.8 KiB/577.4 KiB (4.6 MiB/s) with 5 file(s) remaining
upload: ../../../../../tmp/perfkitbenchmarker/runs/m8g12xlarge/perfkitbenchmarker_keyfile to s3://2025-coremark/coremark-results/m8g.12xlarge/perfkitbenchmarker_keyfile
Completed 520.8 KiB/577.4 KiB (4.6 MiB/s) with 4 file(s) remaining
Completed 520.9 KiB/577.4 KiB (4.6 MiB/s) with 4 file(s) remaining
upload: ../../../../../tmp/perfkitbenchmarker/runs/m8g12xlarge/completion_statuses.json to s3://2025-coremark/coremark-results/m8g.12xlarge/completion_statuses.json
Completed 520.9 KiB/577.4 KiB (4.6 MiB/s) with 3 file(s) remaining
Completed 576.3 KiB/577.4 KiB (4.8 MiB/s) with 3 file(s) remaining
upload: ../../../../../tmp/perfkitbenchmarker/runs/m8g12xlarge/perfkitbenchmarker_results.json to s3://2025-coremark/coremark-results/m8g.12xlarge/perfkitbenchmarker_results.json
Completed 576.3 KiB/577.4 KiB (4.8 MiB/s) with 2 file(s) remaining
Completed 577.4 KiB/577.4 KiB (4.7 MiB/s) with 2 file(s) remaining
upload: ../../../../../tmp/perfkitbenchmarker/runs/m8g12xlarge/ssh_config to s3://2025-coremark/coremark-results/m8g.12xlarge/ssh_config
Completed 577.4 KiB/577.4 KiB (4.7 MiB/s) with 1 file(s) remaining
upload: ../../../../../tmp/perfkitbenchmarker/runs/m8g12xlarge/pkb.log to s3://2025-coremark/coremark-results/m8g.12xlarge/pkb.log
[DONE] m8g.12xlarge benchmark and upload complete.
[INFO] Benchmark for m8g.16xlarge succeeded. Proceeding with upload.
[INFO] Uploading results to s3://2025-coremark/coremark-results/m8g.16xlarge
Completed 56.4 KiB/588.4 KiB (541.0 KiB/s) with 7 file(s) remaining
upload: ../../../../../tmp/perfkitbenchmarker/runs/m8g16xlarge/perfkitbenchmarker_results.json to s3://2025-coremark/coremark-results/m8g.16xlarge/perfkitbenchmarker_results.json
Completed 56.4 KiB/588.4 KiB (541.0 KiB/s) with 6 file(s) remaining
Completed 56.5 KiB/588.4 KiB (536.5 KiB/s) with 6 file(s) remaining
upload: ../../../../../tmp/perfkitbenchmarker/runs/m8g16xlarge/completion_statuses.json to s3://2025-coremark/coremark-results/m8g.16xlarge/completion_statuses.json
Completed 56.5 KiB/588.4 KiB (536.5 KiB/s) with 5 file(s) remaining
Completed 58.9 KiB/588.4 KiB (532.2 KiB/s) with 5 file(s) remaining
upload: ../../../../../tmp/perfkitbenchmarker/runs/m8g16xlarge/perfkitbenchmarker_keyfile to s3://2025-coremark/coremark-results/m8g.16xlarge/perfkitbenchmarker_keyfile
Completed 58.9 KiB/588.4 KiB (532.2 KiB/s) with 4 file(s) remaining
Completed 60.1 KiB/588.4 KiB (527.0 KiB/s) with 4 file(s) remaining
upload: ../../../../../tmp/perfkitbenchmarker/runs/m8g16xlarge/ssh_config to s3://2025-coremark/coremark-results/m8g.16xlarge/ssh_config
Completed 60.1 KiB/588.4 KiB (527.0 KiB/s) with 3 file(s) remaining
Completed 72.9 KiB/588.4 KiB (635.0 KiB/s) with 3 file(s) remaining
upload: ../../../../../tmp/perfkitbenchmarker/runs/m8g16xlarge/coremark0 to s3://2025-coremark/coremark-results/m8g.16xlarge/coremark0
Completed 72.9 KiB/588.4 KiB (635.0 KiB/s) with 2 file(s) remaining
Completed 73.5 KiB/588.4 KiB (525.0 KiB/s) with 2 file(s) remaining
upload: ../../../../../tmp/perfkitbenchmarker/runs/m8g16xlarge/perfkitbenchmarker_keyfile.pub to s3://2025-coremark/coremark-results/m8g.16xlarge/perfkitbenchmarker_keyfile.pub
Completed 73.5 KiB/588.4 KiB (525.0 KiB/s) with 1 file(s) remaining
Completed 588.4 KiB/588.4 KiB (3.3 MiB/s) with 1 file(s) remaining 
upload: ../../../../../tmp/perfkitbenchmarker/runs/m8g16xlarge/pkb.log to s3://2025-coremark/coremark-results/m8g.16xlarge/pkb.log
[DONE] m8g.16xlarge benchmark and upload complete.
[INFO] Starting benchmark for m8g.48xlarge (run_uri=m8g48xlarge)
[INFO] Starting benchmark for m8g.metal-48xl (run_uri=m8gmetal48xl)
touch: cannot touch './coremark_results/failures.log': No such file or directory
[ERROR] Benchmark for m8g.48xlarge did not succeed (status: FAILED). Skipping upload.
./test.sh: line 74: ./coremark_results/failures.log: No such file or directory
touch: cannot touch './coremark_results/failures.log': No such file or directory
[ERROR] Benchmark for m8g.metal-48xl did not succeed (status: FAILED). Skipping upload.
./test.sh: line 74: ./coremark_results/failures.log: No such file or directory
[ALL DONE] 모든 벤치마크 및 업로드 완료!
[INFO] Starting benchmark for m8g.metal-48xl (run_uri=m8gmetal48xl)
[INFO] Starting benchmark for m8g.48xlarge (run_uri=m8g48xlarge)
[ERROR] Status file /tmp/perfkitbenchmarker/runs/m8gmetal24xl/completion_statuses.json not found for m8g.metal-24xl. Skipping upload.
./test.sh: line 60: ./coremark_results/failures.log: No such file or directory
[ALL DONE] 모든 벤치마크 및 업로드 완료!
touch: cannot touch './coremark_results/failures.log': No such file or directory
[ERROR] Benchmark for m8g.metal-48xl did not succeed (status: FAILED). Skipping upload.
./test.sh: line 74: ./coremark_results/failures.log: No such file or directory
[ERROR] Benchmark for m8g.48xlarge did not succeed (status: FAILED). Skipping upload.
./test.sh: line 73: ./coremark_results/failures.log: No such file or directory
[INFO] Starting benchmark for m8g.metal-48xl (run_uri=m8gmetal48xl)
[ERROR] Benchmark for m8g.metal-48xl did not succeed (status: FAILED). Skipping upload.
./test.sh: line 73: ./coremark_results/failures.log: No such file or directory
[ALL DONE] 모든 벤치마크 및 업로드 완료!
[INFO] Benchmark for m8g.48xlarge succeeded. Proceeding with upload.
[INFO] Uploading results to s3://2025-coremark/m8g.48xlarge
Completed 450.8 KiB/532.9 KiB (4.5 MiB/s) with 7 file(s) remaining
Completed 451.4 KiB/532.9 KiB (4.0 MiB/s) with 7 file(s) remaining
upload: ../../../../../tmp/perfkitbenchmarker/runs/m8g48xlarge/perfkitbenchmarker_keyfile.pub to s3://2025-coremark/m8g.48xlarge/perfkitbenchmarker_keyfile.pub
Completed 451.4 KiB/532.9 KiB (4.0 MiB/s) with 6 file(s) remaining
Completed 451.5 KiB/532.9 KiB (4.0 MiB/s) with 6 file(s) remaining
upload: ../../../../../tmp/perfkitbenchmarker/runs/m8g48xlarge/completion_statuses.json to s3://2025-coremark/m8g.48xlarge/completion_statuses.json
Completed 451.5 KiB/532.9 KiB (4.0 MiB/s) with 5 file(s) remaining
Completed 453.9 KiB/532.9 KiB (3.9 MiB/s) with 5 file(s) remaining
upload: ../../../../../tmp/perfkitbenchmarker/runs/m8g48xlarge/perfkitbenchmarker_keyfile to s3://2025-coremark/m8g.48xlarge/perfkitbenchmarker_keyfile
Completed 453.9 KiB/532.9 KiB (3.9 MiB/s) with 4 file(s) remaining
Completed 467.8 KiB/532.9 KiB (3.8 MiB/s) with 4 file(s) remaining
upload: ../../../../../tmp/perfkitbenchmarker/runs/m8g48xlarge/coremark0 to s3://2025-coremark/m8g.48xlarge/coremark0
Completed 467.8 KiB/532.9 KiB (3.8 MiB/s) with 3 file(s) remaining
Completed 531.8 KiB/532.9 KiB (4.2 MiB/s) with 3 file(s) remaining
upload: ../../../../../tmp/perfkitbenchmarker/runs/m8g48xlarge/perfkitbenchmarker_results.json to s3://2025-coremark/m8g.48xlarge/perfkitbenchmarker_results.json
Completed 531.8 KiB/532.9 KiB (4.2 MiB/s) with 2 file(s) remaining
upload: ../../../../../tmp/perfkitbenchmarker/runs/m8g48xlarge/pkb.log to s3://2025-coremark/m8g.48xlarge/pkb.log
Completed 531.8 KiB/532.9 KiB (4.2 MiB/s) with 1 file(s) remaining
Completed 532.9 KiB/532.9 KiB (4.0 MiB/s) with 1 file(s) remaining
upload: ../../../../../tmp/perfkitbenchmarker/runs/m8g48xlarge/ssh_config to s3://2025-coremark/m8g.48xlarge/ssh_config
[DONE] m8g.48xlarge benchmark and upload complete.
[ALL DONE] 모든 벤치마크 및 업로드 완료!
[INFO] Benchmark for m8g.metal-48xl succeeded. Proceeding with upload.
[INFO] Uploading results to s3://2025-coremark/m8g.metal-48xl
Completed 531.8 KiB/614.1 KiB (5.0 MiB/s) with 7 file(s) remaining
Completed 532.4 KiB/614.1 KiB (4.5 MiB/s) with 7 file(s) remaining
upload: ../../../../../tmp/perfkitbenchmarker/runs/m8gmetal48xl/perfkitbenchmarker_keyfile.pub to s3://2025-coremark/m8g.metal-48xl/perfkitbenchmarker_keyfile.pub
Completed 532.4 KiB/614.1 KiB (4.5 MiB/s) with 6 file(s) remaining
Completed 532.5 KiB/614.1 KiB (4.2 MiB/s) with 6 file(s) remaining
upload: ../../../../../tmp/perfkitbenchmarker/runs/m8gmetal48xl/completion_statuses.json to s3://2025-coremark/m8g.metal-48xl/completion_statuses.json
Completed 532.5 KiB/614.1 KiB (4.2 MiB/s) with 5 file(s) remaining
Completed 533.7 KiB/614.1 KiB (4.0 MiB/s) with 5 file(s) remaining
upload: ../../../../../tmp/perfkitbenchmarker/runs/m8gmetal48xl/ssh_config to s3://2025-coremark/m8g.metal-48xl/ssh_config
Completed 533.7 KiB/614.1 KiB (4.0 MiB/s) with 4 file(s) remaining
Completed 547.6 KiB/614.1 KiB (3.8 MiB/s) with 4 file(s) remaining
upload: ../../../../../tmp/perfkitbenchmarker/runs/m8gmetal48xl/coremark0 to s3://2025-coremark/m8g.metal-48xl/coremark0
Completed 547.6 KiB/614.1 KiB (3.8 MiB/s) with 3 file(s) remaining
Completed 550.0 KiB/614.1 KiB (3.7 MiB/s) with 3 file(s) remaining
upload: ../../../../../tmp/perfkitbenchmarker/runs/m8gmetal48xl/perfkitbenchmarker_keyfile to s3://2025-coremark/m8g.metal-48xl/perfkitbenchmarker_keyfile
Completed 550.0 KiB/614.1 KiB (3.7 MiB/s) with 2 file(s) remaining
Completed 614.1 KiB/614.1 KiB (3.8 MiB/s) with 2 file(s) remaining
upload: ../../../../../tmp/perfkitbenchmarker/runs/m8gmetal48xl/perfkitbenchmarker_results.json to s3://2025-coremark/m8g.metal-48xl/perfkitbenchmarker_results.json
Completed 614.1 KiB/614.1 KiB (3.8 MiB/s) with 1 file(s) remaining
upload: ../../../../../tmp/perfkitbenchmarker/runs/m8gmetal48xl/pkb.log to s3://2025-coremark/m8g.metal-48xl/pkb.log
[DONE] m8g.metal-48xl benchmark and upload complete.
[ALL DONE] 모든 벤치마크 및 업로드 완료!
[INFO] Starting benchmark for m7g.medium (run_uri=m7gmedium)
[INFO] Starting benchmark for m7g.large (run_uri=m7glarge)
[INFO] Starting benchmark for m7g.xlarge (run_uri=m7gxlarge)
[INFO] Starting benchmark for m7g.8xlarge (run_uri=m7g8xlarge)
[INFO] Starting benchmark for m7g.metal (run_uri=m7gmetal)
[INFO] Starting benchmark for m7g.16xlarge (run_uri=m7g16xlarge)
[INFO] Starting benchmark for m7g.4xlarge (run_uri=m7g4xlarge)
[INFO] Starting benchmark for m7g.2xlarge (run_uri=m7g2xlarge)
[INFO] Starting benchmark for m7gd.xlarge (run_uri=m7gdxlarge)
[INFO] Starting benchmark for m7gd.8xlarge (run_uri=m7gd8xlarge)
[INFO] Starting benchmark for m7g.12xlarge (run_uri=m7g12xlarge)
[INFO] Starting benchmark for m7gd.2xlarge (run_uri=m7gd2xlarge)
[INFO] Starting benchmark for m7gd.16xlarge (run_uri=m7gd16xlarge)
[INFO] Starting benchmark for m7gd.4xlarge (run_uri=m7gd4xlarge)
[INFO] Starting benchmark for m7gd.12xlarge (run_uri=m7gd12xlarge)
[INFO] Starting benchmark for m7gd.large (run_uri=m7gdlarge)
[INFO] Starting benchmark for m7gd.metal (run_uri=m7gdmetal)
[INFO] Starting benchmark for m7gd.medium (run_uri=m7gdmedium)
[ERROR] Benchmark for m7gd.8xlarge did not succeed (status: FAILED). Skipping upload.
[ERROR] Benchmark for m7g.metal did not succeed (status: FAILED). Skipping upload.
[ERROR] Benchmark for m7gd.metal did not succeed (status: FAILED). Skipping upload.
[ERROR] Benchmark for m7gd.12xlarge did not succeed (status: FAILED). Skipping upload.
[ERROR] Benchmark for m7g.8xlarge did not succeed (status: FAILED). Skipping upload.
[ERROR] Benchmark for m7gd.4xlarge did not succeed (status: FAILED). Skipping upload.
[ERROR] Benchmark for m7gd.16xlarge did not succeed (status: FAILED). Skipping upload.
[ERROR] Benchmark for m7g.16xlarge did not succeed (status: FAILED). Skipping upload.
[ERROR] Benchmark for m7gd.xlarge did not succeed (status: FAILED). Skipping upload.
[INFO] Benchmark for m7gd.medium succeeded. Proceeding with upload.
[INFO] Uploading results to s3://2025-coremark/m7gd.medium
Completed 528.5 KiB/598.3 KiB (4.3 MiB/s) with 7 file(s) remaining
Completed 529.0 KiB/598.3 KiB (3.9 MiB/s) with 7 file(s) remaining
upload: ../../../../../tmp/perfkitbenchmarker/runs/m7gdmedium/perfkitbenchmarker_keyfile.pub to s3://2025-coremark/m7gd.medium/perfkitbenchmarker_keyfile.pub
Completed 529.0 KiB/598.3 KiB (3.9 MiB/s) with 6 file(s) remaining
Completed 531.4 KiB/598.3 KiB (3.8 MiB/s) with 6 file(s) remaining
upload: ../../../../../tmp/perfkitbenchmarker/runs/m7gdmedium/perfkitbenchmarker_keyfile to s3://2025-coremark/m7gd.medium/perfkitbenchmarker_keyfile
Completed 531.4 KiB/598.3 KiB (3.8 MiB/s) with 5 file(s) remaining
Completed 531.6 KiB/598.3 KiB (3.8 MiB/s) with 5 file(s) remaining
upload: ../../../../../tmp/perfkitbenchmarker/runs/m7gdmedium/completion_statuses.json to s3://2025-coremark/m7gd.medium/completion_statuses.json
Completed 531.6 KiB/598.3 KiB (3.8 MiB/s) with 4 file(s) remaining
Completed 584.7 KiB/598.3 KiB (3.9 MiB/s) with 4 file(s) remaining
upload: ../../../../../tmp/perfkitbenchmarker/runs/m7gdmedium/perfkitbenchmarker_results.json to s3://2025-coremark/m7gd.medium/perfkitbenchmarker_results.json
Completed 584.7 KiB/598.3 KiB (3.9 MiB/s) with 3 file(s) remaining
Completed 585.9 KiB/598.3 KiB (3.8 MiB/s) with 3 file(s) remaining
upload: ../../../../../tmp/perfkitbenchmarker/runs/m7gdmedium/ssh_config to s3://2025-coremark/m7gd.medium/ssh_config
Completed 585.9 KiB/598.3 KiB (3.8 MiB/s) with 2 file(s) remaining
Completed 598.3 KiB/598.3 KiB (3.7 MiB/s) with 2 file(s) remaining
upload: ../../../../../tmp/perfkitbenchmarker/runs/m7gdmedium/coremark0 to s3://2025-coremark/m7gd.medium/coremark0
Completed 598.3 KiB/598.3 KiB (3.7 MiB/s) with 1 file(s) remaining
upload: ../../../../../tmp/perfkitbenchmarker/runs/m7gdmedium/pkb.log to s3://2025-coremark/m7gd.medium/pkb.log
[DONE] m7gd.medium benchmark and upload complete.
[INFO] Benchmark for m7g.xlarge succeeded. Proceeding with upload.
[INFO] Uploading results to s3://2025-coremark/m7g.xlarge
Completed 123 Bytes/599.3 KiB (1.3 KiB/s) with 7 file(s) remaining
upload: ../../../../../tmp/perfkitbenchmarker/runs/m7gxlarge/completion_statuses.json to s3://2025-coremark/m7g.xlarge/completion_statuses.json
Completed 123 Bytes/599.3 KiB (1.3 KiB/s) with 6 file(s) remaining
Completed 530.4 KiB/599.3 KiB (5.1 MiB/s) with 6 file(s) remaining
Completed 542.8 KiB/599.3 KiB (5.2 MiB/s) with 6 file(s) remaining
upload: ../../../../../tmp/perfkitbenchmarker/runs/m7gxlarge/coremark0 to s3://2025-coremark/m7g.xlarge/coremark0
Completed 542.8 KiB/599.3 KiB (5.2 MiB/s) with 5 file(s) remaining
Completed 545.2 KiB/599.3 KiB (5.1 MiB/s) with 5 file(s) remaining
upload: ../../../../../tmp/perfkitbenchmarker/runs/m7gxlarge/perfkitbenchmarker_keyfile to s3://2025-coremark/m7g.xlarge/perfkitbenchmarker_keyfile
Completed 545.2 KiB/599.3 KiB (5.1 MiB/s) with 4 file(s) remaining
Completed 546.3 KiB/599.3 KiB (5.1 MiB/s) with 4 file(s) remaining
upload: ../../../../../tmp/perfkitbenchmarker/runs/m7gxlarge/ssh_config to s3://2025-coremark/m7g.xlarge/ssh_config
Completed 546.3 KiB/599.3 KiB (5.1 MiB/s) with 3 file(s) remaining
Completed 546.9 KiB/599.3 KiB (4.2 MiB/s) with 3 file(s) remaining
upload: ../../../../../tmp/perfkitbenchmarker/runs/m7gxlarge/perfkitbenchmarker_keyfile.pub to s3://2025-coremark/m7g.xlarge/perfkitbenchmarker_keyfile.pub
Completed 546.9 KiB/599.3 KiB (4.2 MiB/s) with 2 file(s) remaining
upload: ../../../../../tmp/perfkitbenchmarker/runs/m7gxlarge/pkb.log to s3://2025-coremark/m7g.xlarge/pkb.log
Completed 546.9 KiB/599.3 KiB (4.2 MiB/s) with 1 file(s) remaining
Completed 599.3 KiB/599.3 KiB (3.6 MiB/s) with 1 file(s) remaining
upload: ../../../../../tmp/perfkitbenchmarker/runs/m7gxlarge/perfkitbenchmarker_results.json to s3://2025-coremark/m7g.xlarge/perfkitbenchmarker_results.json
[DONE] m7g.xlarge benchmark and upload complete.
[INFO] Benchmark for m7g.large succeeded. Proceeding with upload.
[INFO] Uploading results to s3://2025-coremark/m7g.large
Completed 521.8 KiB/590.6 KiB (5.3 MiB/s) with 7 file(s) remaining
Completed 524.2 KiB/590.6 KiB (5.1 MiB/s) with 7 file(s) remaining
upload: ../../../../../tmp/perfkitbenchmarker/runs/m7glarge/perfkitbenchmarker_keyfile to s3://2025-coremark/m7g.large/perfkitbenchmarker_keyfile
Completed 524.2 KiB/590.6 KiB (5.1 MiB/s) with 6 file(s) remaining
Completed 524.4 KiB/590.6 KiB (4.7 MiB/s) with 6 file(s) remaining
upload: ../../../../../tmp/perfkitbenchmarker/runs/m7glarge/completion_statuses.json to s3://2025-coremark/m7g.large/completion_statuses.json
Completed 524.4 KiB/590.6 KiB (4.7 MiB/s) with 5 file(s) remaining
Completed 536.7 KiB/590.6 KiB (4.5 MiB/s) with 5 file(s) remaining
upload: ../../../../../tmp/perfkitbenchmarker/runs/m7glarge/coremark0 to s3://2025-coremark/m7g.large/coremark0
Completed 536.7 KiB/590.6 KiB (4.5 MiB/s) with 4 file(s) remaining
Completed 537.9 KiB/590.6 KiB (4.3 MiB/s) with 4 file(s) remaining
upload: ../../../../../tmp/perfkitbenchmarker/runs/m7glarge/ssh_config to s3://2025-coremark/m7g.large/ssh_config
Completed 537.9 KiB/590.6 KiB (4.3 MiB/s) with 3 file(s) remaining
Completed 538.5 KiB/590.6 KiB (4.3 MiB/s) with 3 file(s) remaining
upload: ../../../../../tmp/perfkitbenchmarker/runs/m7glarge/perfkitbenchmarker_keyfile.pub to s3://2025-coremark/m7g.large/perfkitbenchmarker_keyfile.pub
Completed 538.5 KiB/590.6 KiB (4.3 MiB/s) with 2 file(s) remaining
upload: ../../../../../tmp/perfkitbenchmarker/runs/m7glarge/pkb.log to s3://2025-coremark/m7g.large/pkb.log
Completed 538.5 KiB/590.6 KiB (4.3 MiB/s) with 1 file(s) remaining
Completed 590.6 KiB/590.6 KiB (3.2 MiB/s) with 1 file(s) remaining
upload: ../../../../../tmp/perfkitbenchmarker/runs/m7glarge/perfkitbenchmarker_results.json to s3://2025-coremark/m7g.large/perfkitbenchmarker_results.json
[DONE] m7g.large benchmark and upload complete.
[INFO] Benchmark for m7g.4xlarge succeeded. Proceeding with upload.
[INFO] Uploading results to s3://2025-coremark/m7g.4xlarge
Completed 541.0 KiB/610.9 KiB (5.4 MiB/s) with 7 file(s) remaining
Completed 541.1 KiB/610.9 KiB (5.2 MiB/s) with 7 file(s) remaining
upload: ../../../../../tmp/perfkitbenchmarker/runs/m7g4xlarge/completion_statuses.json to s3://2025-coremark/m7g.4xlarge/completion_statuses.json
Completed 541.1 KiB/610.9 KiB (5.2 MiB/s) with 6 file(s) remaining
Completed 541.7 KiB/610.9 KiB (4.4 MiB/s) with 6 file(s) remaining
upload: ../../../../../tmp/perfkitbenchmarker/runs/m7g4xlarge/perfkitbenchmarker_keyfile.pub to s3://2025-coremark/m7g.4xlarge/perfkitbenchmarker_keyfile.pub
Completed 541.7 KiB/610.9 KiB (4.4 MiB/s) with 5 file(s) remaining
upload: ../../../../../tmp/perfkitbenchmarker/runs/m7g4xlarge/pkb.log to s3://2025-coremark/m7g.4xlarge/pkb.log
Completed 541.7 KiB/610.9 KiB (4.4 MiB/s) with 4 file(s) remaining
Completed 542.8 KiB/610.9 KiB (4.0 MiB/s) with 4 file(s) remaining
upload: ../../../../../tmp/perfkitbenchmarker/runs/m7g4xlarge/ssh_config to s3://2025-coremark/m7g.4xlarge/ssh_config
Completed 542.8 KiB/610.9 KiB (4.0 MiB/s) with 3 file(s) remaining
Completed 545.2 KiB/610.9 KiB (3.3 MiB/s) with 3 file(s) remaining
upload: ../../../../../tmp/perfkitbenchmarker/runs/m7g4xlarge/perfkitbenchmarker_keyfile to s3://2025-coremark/m7g.4xlarge/perfkitbenchmarker_keyfile
Completed 545.2 KiB/610.9 KiB (3.3 MiB/s) with 2 file(s) remaining
Completed 598.4 KiB/610.9 KiB (3.0 MiB/s) with 2 file(s) remaining
upload: ../../../../../tmp/perfkitbenchmarker/runs/m7g4xlarge/perfkitbenchmarker_results.json to s3://2025-coremark/m7g.4xlarge/perfkitbenchmarker_results.json
Completed 598.4 KiB/610.9 KiB (3.0 MiB/s) with 1 file(s) remaining
Completed 610.9 KiB/610.9 KiB (3.0 MiB/s) with 1 file(s) remaining
upload: ../../../../../tmp/perfkitbenchmarker/runs/m7g4xlarge/coremark0 to s3://2025-coremark/m7g.4xlarge/coremark0
[DONE] m7g.4xlarge benchmark and upload complete.
[INFO] Benchmark for m7g.medium succeeded. Proceeding with upload.
[INFO] Uploading results to s3://2025-coremark/m7g.medium
Completed 531.9 KiB/600.7 KiB (4.7 MiB/s) with 7 file(s) remaining
Completed 544.2 KiB/600.7 KiB (4.3 MiB/s) with 7 file(s) remaining
upload: ../../../../../tmp/perfkitbenchmarker/runs/m7gmedium/coremark0 to s3://2025-coremark/m7g.medium/coremark0
Completed 544.2 KiB/600.7 KiB (4.3 MiB/s) with 6 file(s) remaining
Completed 544.8 KiB/600.7 KiB (4.3 MiB/s) with 6 file(s) remaining
upload: ../../../../../tmp/perfkitbenchmarker/runs/m7gmedium/perfkitbenchmarker_keyfile.pub to s3://2025-coremark/m7g.medium/perfkitbenchmarker_keyfile.pub
Completed 544.8 KiB/600.7 KiB (4.3 MiB/s) with 5 file(s) remaining
Completed 597.0 KiB/600.7 KiB (4.6 MiB/s) with 5 file(s) remaining
upload: ../../../../../tmp/perfkitbenchmarker/runs/m7gmedium/perfkitbenchmarker_results.json to s3://2025-coremark/m7g.medium/perfkitbenchmarker_results.json
Completed 597.0 KiB/600.7 KiB (4.6 MiB/s) with 4 file(s) remaining
Completed 598.2 KiB/600.7 KiB (4.4 MiB/s) with 4 file(s) remaining
upload: ../../../../../tmp/perfkitbenchmarker/runs/m7gmedium/ssh_config to s3://2025-coremark/m7g.medium/ssh_config
Completed 598.2 KiB/600.7 KiB (4.4 MiB/s) with 3 file(s) remaining
Completed 600.6 KiB/600.7 KiB (4.2 MiB/s) with 3 file(s) remaining
upload: ../../../../../tmp/perfkitbenchmarker/runs/m7gmedium/perfkitbenchmarker_keyfile to s3://2025-coremark/m7g.medium/perfkitbenchmarker_keyfile
Completed 600.6 KiB/600.7 KiB (4.2 MiB/s) with 2 file(s) remaining
Completed 600.7 KiB/600.7 KiB (4.1 MiB/s) with 2 file(s) remaining
upload: ../../../../../tmp/perfkitbenchmarker/runs/m7gmedium/completion_statuses.json to s3://2025-coremark/m7g.medium/completion_statuses.json
Completed 600.7 KiB/600.7 KiB (4.1 MiB/s) with 1 file(s) remaining
upload: ../../../../../tmp/perfkitbenchmarker/runs/m7gmedium/pkb.log to s3://2025-coremark/m7g.medium/pkb.log
[DONE] m7g.medium benchmark and upload complete.
[INFO] Benchmark for m7gd.large succeeded. Proceeding with upload.
[INFO] Uploading results to s3://2025-coremark/m7gd.large
Completed 123 Bytes/603.9 KiB (1.0 KiB/s) with 7 file(s) remaining
upload: ../../../../../tmp/perfkitbenchmarker/runs/m7gdlarge/completion_statuses.json to s3://2025-coremark/m7gd.large/completion_statuses.json
Completed 123 Bytes/603.9 KiB (1.0 KiB/s) with 6 file(s) remaining
Completed 715 Bytes/603.9 KiB (5.8 KiB/s) with 6 file(s) remaining
upload: ../../../../../tmp/perfkitbenchmarker/runs/m7gdlarge/perfkitbenchmarker_keyfile.pub to s3://2025-coremark/m7gd.large/perfkitbenchmarker_keyfile.pub
Completed 715 Bytes/603.9 KiB (5.8 KiB/s) with 5 file(s) remaining
Completed 3.1 KiB/603.9 KiB (25.5 KiB/s) with 5 file(s) remaining 
upload: ../../../../../tmp/perfkitbenchmarker/runs/m7gdlarge/perfkitbenchmarker_keyfile to s3://2025-coremark/m7gd.large/perfkitbenchmarker_keyfile
Completed 3.1 KiB/603.9 KiB (25.5 KiB/s) with 4 file(s) remaining
Completed 537.2 KiB/603.9 KiB (4.3 MiB/s) with 4 file(s) remaining
Completed 549.6 KiB/603.9 KiB (4.3 MiB/s) with 4 file(s) remaining
upload: ../../../../../tmp/perfkitbenchmarker/runs/m7gdlarge/coremark0 to s3://2025-coremark/m7gd.large/coremark0
Completed 549.6 KiB/603.9 KiB (4.3 MiB/s) with 3 file(s) remaining
Completed 550.8 KiB/603.9 KiB (4.3 MiB/s) with 3 file(s) remaining
upload: ../../../../../tmp/perfkitbenchmarker/runs/m7gdlarge/ssh_config to s3://2025-coremark/m7gd.large/ssh_config
Completed 550.8 KiB/603.9 KiB (4.3 MiB/s) with 2 file(s) remaining
Completed 603.9 KiB/603.9 KiB (3.2 MiB/s) with 2 file(s) remaining
upload: ../../../../../tmp/perfkitbenchmarker/runs/m7gdlarge/perfkitbenchmarker_results.json to s3://2025-coremark/m7gd.large/perfkitbenchmarker_results.json
Completed 603.9 KiB/603.9 KiB (3.2 MiB/s) with 1 file(s) remaining
upload: ../../../../../tmp/perfkitbenchmarker/runs/m7gdlarge/pkb.log to s3://2025-coremark/m7gd.large/pkb.log
[DONE] m7gd.large benchmark and upload complete.
[INFO] Benchmark for m7g.2xlarge succeeded. Proceeding with upload.
[INFO] Uploading results to s3://2025-coremark/m7g.2xlarge
Completed 536.8 KiB/606.3 KiB (7.4 MiB/s) with 7 file(s) remaining
Completed 589.6 KiB/606.3 KiB (5.7 MiB/s) with 7 file(s) remaining
upload: ../../../../../tmp/perfkitbenchmarker/runs/m7g2xlarge/perfkitbenchmarker_results.json to s3://2025-coremark/m7g.2xlarge/perfkitbenchmarker_results.json
Completed 589.6 KiB/606.3 KiB (5.7 MiB/s) with 6 file(s) remaining
Completed 590.8 KiB/606.3 KiB (5.3 MiB/s) with 6 file(s) remaining
upload: ../../../../../tmp/perfkitbenchmarker/runs/m7g2xlarge/ssh_config to s3://2025-coremark/m7g.2xlarge/ssh_config
Completed 590.8 KiB/606.3 KiB (5.3 MiB/s) with 5 file(s) remaining
Completed 590.9 KiB/606.3 KiB (5.0 MiB/s) with 5 file(s) remaining
upload: ../../../../../tmp/perfkitbenchmarker/runs/m7g2xlarge/completion_statuses.json to s3://2025-coremark/m7g.2xlarge/completion_statuses.json
Completed 590.9 KiB/606.3 KiB (5.0 MiB/s) with 4 file(s) remaining
Completed 591.5 KiB/606.3 KiB (4.6 MiB/s) with 4 file(s) remaining
upload: ../../../../../tmp/perfkitbenchmarker/runs/m7g2xlarge/perfkitbenchmarker_keyfile.pub to s3://2025-coremark/m7g.2xlarge/perfkitbenchmarker_keyfile.pub
Completed 591.5 KiB/606.3 KiB (4.6 MiB/s) with 3 file(s) remaining
Completed 603.9 KiB/606.3 KiB (4.7 MiB/s) with 3 file(s) remaining
upload: ../../../../../tmp/perfkitbenchmarker/runs/m7g2xlarge/coremark0 to s3://2025-coremark/m7g.2xlarge/coremark0
Completed 603.9 KiB/606.3 KiB (4.7 MiB/s) with 2 file(s) remaining
upload: ../../../../../tmp/perfkitbenchmarker/runs/m7g2xlarge/pkb.log to s3://2025-coremark/m7g.2xlarge/pkb.log
Completed 603.9 KiB/606.3 KiB (4.7 MiB/s) with 1 file(s) remaining
Completed 606.3 KiB/606.3 KiB (4.6 MiB/s) with 1 file(s) remaining
upload: ../../../../../tmp/perfkitbenchmarker/runs/m7g2xlarge/perfkitbenchmarker_keyfile to s3://2025-coremark/m7g.2xlarge/perfkitbenchmarker_keyfile
[DONE] m7g.2xlarge benchmark and upload complete.
[INFO] Benchmark for m7g.12xlarge succeeded. Proceeding with upload.
[INFO] Uploading results to s3://2025-coremark/m7g.12xlarge
Completed 125 Bytes/644.2 KiB (1021 Bytes/s) with 7 file(s) remaining
upload: ../../../../../tmp/perfkitbenchmarker/runs/m7g12xlarge/completion_statuses.json to s3://2025-coremark/m7g.12xlarge/completion_statuses.json
Completed 125 Bytes/644.2 KiB (1021 Bytes/s) with 6 file(s) remaining
Completed 1.3 KiB/644.2 KiB (10.3 KiB/s) with 6 file(s) remaining    
upload: ../../../../../tmp/perfkitbenchmarker/runs/m7g12xlarge/ssh_config to s3://2025-coremark/m7g.12xlarge/ssh_config
Completed 1.3 KiB/644.2 KiB (10.3 KiB/s) with 5 file(s) remaining
Completed 56.4 KiB/644.2 KiB (439.0 KiB/s) with 5 file(s) remaining
upload: ../../../../../tmp/perfkitbenchmarker/runs/m7g12xlarge/perfkitbenchmarker_results.json to s3://2025-coremark/m7g.12xlarge/perfkitbenchmarker_results.json
Completed 56.4 KiB/644.2 KiB (439.0 KiB/s) with 4 file(s) remaining
Completed 58.8 KiB/644.2 KiB (455.1 KiB/s) with 4 file(s) remaining
upload: ../../../../../tmp/perfkitbenchmarker/runs/m7g12xlarge/perfkitbenchmarker_keyfile to s3://2025-coremark/m7g.12xlarge/perfkitbenchmarker_keyfile
Completed 58.8 KiB/644.2 KiB (455.1 KiB/s) with 3 file(s) remaining
Completed 59.3 KiB/644.2 KiB (448.0 KiB/s) with 3 file(s) remaining
upload: ../../../../../tmp/perfkitbenchmarker/runs/m7g12xlarge/perfkitbenchmarker_keyfile.pub to s3://2025-coremark/m7g.12xlarge/perfkitbenchmarker_keyfile.pub
Completed 59.3 KiB/644.2 KiB (448.0 KiB/s) with 2 file(s) remaining
Completed 72.1 KiB/644.2 KiB (491.6 KiB/s) with 2 file(s) remaining
upload: ../../../../../tmp/perfkitbenchmarker/runs/m7g12xlarge/coremark0 to s3://2025-coremark/m7g.12xlarge/coremark0
Completed 72.1 KiB/644.2 KiB (491.6 KiB/s) with 1 file(s) remaining
Completed 644.2 KiB/644.2 KiB (3.4 MiB/s) with 1 file(s) remaining 
upload: ../../../../../tmp/perfkitbenchmarker/runs/m7g12xlarge/pkb.log to s3://2025-coremark/m7g.12xlarge/pkb.log
[DONE] m7g.12xlarge benchmark and upload complete.
[INFO] Benchmark for m7gd.2xlarge succeeded. Proceeding with upload.
[INFO] Uploading results to s3://2025-coremark/m7gd.2xlarge
Completed 125 Bytes/613.8 KiB (1.2 KiB/s) with 7 file(s) remaining
upload: ../../../../../tmp/perfkitbenchmarker/runs/m7gd2xlarge/completion_statuses.json to s3://2025-coremark/m7gd.2xlarge/completion_statuses.json
Completed 125 Bytes/613.8 KiB (1.2 KiB/s) with 6 file(s) remaining
Completed 543.5 KiB/613.8 KiB (5.2 MiB/s) with 6 file(s) remaining
Completed 544.1 KiB/613.8 KiB (5.0 MiB/s) with 6 file(s) remaining
upload: ../../../../../tmp/perfkitbenchmarker/runs/m7gd2xlarge/perfkitbenchmarker_keyfile.pub to s3://2025-coremark/m7gd.2xlarge/perfkitbenchmarker_keyfile.pub
Completed 544.1 KiB/613.8 KiB (5.0 MiB/s) with 5 file(s) remaining
Completed 556.5 KiB/613.8 KiB (5.1 MiB/s) with 5 file(s) remaining
upload: ../../../../../tmp/perfkitbenchmarker/runs/m7gd2xlarge/coremark0 to s3://2025-coremark/m7gd.2xlarge/coremark0
Completed 556.5 KiB/613.8 KiB (5.1 MiB/s) with 4 file(s) remaining
Completed 558.9 KiB/613.8 KiB (5.1 MiB/s) with 4 file(s) remaining
upload: ../../../../../tmp/perfkitbenchmarker/runs/m7gd2xlarge/perfkitbenchmarker_keyfile to s3://2025-coremark/m7gd.2xlarge/perfkitbenchmarker_keyfile
Completed 558.9 KiB/613.8 KiB (5.1 MiB/s) with 3 file(s) remaining
Completed 612.6 KiB/613.8 KiB (5.1 MiB/s) with 3 file(s) remaining
upload: ../../../../../tmp/perfkitbenchmarker/runs/m7gd2xlarge/perfkitbenchmarker_results.json to s3://2025-coremark/m7gd.2xlarge/perfkitbenchmarker_results.json
Completed 612.6 KiB/613.8 KiB (5.1 MiB/s) with 2 file(s) remaining
Completed 613.8 KiB/613.8 KiB (4.1 MiB/s) with 2 file(s) remaining
upload: ../../../../../tmp/perfkitbenchmarker/runs/m7gd2xlarge/ssh_config to s3://2025-coremark/m7gd.2xlarge/ssh_config
Completed 613.8 KiB/613.8 KiB (4.1 MiB/s) with 1 file(s) remaining
upload: ../../../../../tmp/perfkitbenchmarker/runs/m7gd2xlarge/pkb.log to s3://2025-coremark/m7gd.2xlarge/pkb.log
[DONE] m7gd.2xlarge benchmark and upload complete.
[ALL DONE] 모든 벤치마크 및 업로드 완료!
[INFO] Starting benchmark for m7g.8xlarge (run_uri=m7g8xlarge)
[INFO] Starting benchmark for m7g.16xlarge (run_uri=m7g16xlarge)
[INFO] Starting benchmark for m7g.metal (run_uri=m7gmetal)
[INFO] Starting benchmark for m7gd.4xlarge (run_uri=m7gd4xlarge)
[INFO] Starting benchmark for m7gd.12xlarge (run_uri=m7gd12xlarge)
[INFO] Starting benchmark for m7gd.16xlarge (run_uri=m7gd16xlarge)
[INFO] Starting benchmark for m7gd.8xlarge (run_uri=m7gd8xlarge)
[INFO] Starting benchmark for m7gd.metal (run_uri=m7gdmetal)
[INFO] Starting benchmark for m7gd.xlarge (run_uri=m7gdxlarge)
[ERROR] Benchmark for m7g.8xlarge did not succeed (status: FAILED). Skipping upload.
[ERROR] Benchmark for m7gd.16xlarge did not succeed (status: FAILED). Skipping upload.
[ERROR] Benchmark for m7gd.4xlarge did not succeed (status: FAILED). Skipping upload.
[ERROR] Benchmark for m7gd.12xlarge did not succeed (status: FAILED). Skipping upload.
[ERROR] Benchmark for m7gd.8xlarge did not succeed (status: FAILED). Skipping upload.
[ERROR] Benchmark for m7gd.metal did not succeed (status: FAILED). Skipping upload.
[ERROR] Benchmark for m7gd.xlarge did not succeed (status: FAILED). Skipping upload.
[INFO] Starting benchmark for m7gd.xlarge (run_uri=m7gdxlarge)
[INFO] Starting benchmark for m7g.8xlarge (run_uri=m7g8xlarge)
[INFO] Starting benchmark for m7gd.4xlarge (run_uri=m7gd4xlarge)
[INFO] Starting benchmark for m7gd.12xlarge (run_uri=m7gd12xlarge)
[INFO] Starting benchmark for m7gd.8xlarge (run_uri=m7gd8xlarge)
[INFO] Starting benchmark for m7gd.16xlarge (run_uri=m7gd16xlarge)
[INFO] Starting benchmark for m7gd.metal (run_uri=m7gdmetal)
[ERROR] Benchmark for m7gd.16xlarge did not succeed (status: FAILED). Skipping upload.
[ERROR] Benchmark for m7gd.metal did not succeed (status: FAILED). Skipping upload.
[ERROR] Benchmark for m7gd.4xlarge did not succeed (status: FAILED). Skipping upload.
[ERROR] Benchmark for m7g.8xlarge did not succeed (status: FAILED). Skipping upload.
[ERROR] Benchmark for m7gd.12xlarge did not succeed (status: FAILED). Skipping upload.
[ERROR] Benchmark for m7gd.8xlarge did not succeed (status: FAILED). Skipping upload.
[ERROR] Benchmark for m7gd.xlarge did not succeed (status: FAILED). Skipping upload.
[ALL DONE] 모든 벤치마크 및 업로드 완료!
[INFO] Starting benchmark for m7g.8xlarge (run_uri=m7g8xlarge)
[INFO] Starting benchmark for m7gd.xlarge (run_uri=m7gdxlarge)
[INFO] Starting benchmark for m7gd.4xlarge (run_uri=m7gd4xlarge)
[INFO] Starting benchmark for m7gd.8xlarge (run_uri=m7gd8xlarge)
[INFO] Starting benchmark for m7gd.12xlarge (run_uri=m7gd12xlarge)
[INFO] Starting benchmark for m7gd.metal (run_uri=m7gdmetal)
[INFO] Starting benchmark for m7gd.16xlarge (run_uri=m7gd16xlarge)
[ERROR] Benchmark for m7gd.metal did not succeed (status: FAILED). Skipping upload.
[ERROR] Benchmark for m7gd.xlarge did not succeed (status: FAILED). Skipping upload.
[ERROR] Benchmark for m7gd.4xlarge did not succeed (status: FAILED). Skipping upload.
[ERROR] Benchmark for m7g.8xlarge did not succeed (status: FAILED). Skipping upload.
[ERROR] Benchmark for m7gd.12xlarge did not succeed (status: FAILED). Skipping upload.
[ERROR] Benchmark for m7gd.16xlarge did not succeed (status: FAILED). Skipping upload.
[ERROR] Benchmark for m7gd.8xlarge did not succeed (status: FAILED). Skipping upload.
[ALL DONE] 모든 벤치마크 및 업로드 완료!
[INFO] Starting benchmark for m7gd.xlarge (run_uri=m7gdxlarge)
[INFO] Starting benchmark for m7gd.4xlarge (run_uri=m7gd4xlarge)
[INFO] Starting benchmark for m7g.8xlarge (run_uri=m7g8xlarge)
[INFO] Starting benchmark for m7gd.8xlarge (run_uri=m7gd8xlarge)
[INFO] Starting benchmark for m7gd.16xlarge (run_uri=m7gd16xlarge)
[INFO] Starting benchmark for m7gd.metal (run_uri=m7gdmetal)
[INFO] Starting benchmark for m7gd.12xlarge (run_uri=m7gd12xlarge)
[ERROR] Benchmark for m7gd.16xlarge did not succeed (status: FAILED). Skipping upload.
[ERROR] Benchmark for m7gd.4xlarge did not succeed (status: FAILED). Skipping upload.
[ERROR] Benchmark for m7gd.12xlarge did not succeed (status: FAILED). Skipping upload.
[ERROR] Benchmark for m7gd.xlarge did not succeed (status: FAILED). Skipping upload.
[ERROR] Benchmark for m7gd.8xlarge did not succeed (status: FAILED). Skipping upload.
[ERROR] Benchmark for m7gd.metal did not succeed (status: FAILED). Skipping upload.
[INFO] Benchmark for m7g.16xlarge succeeded. Proceeding with upload.
[INFO] Uploading results to s3://2025-coremark/m7g.16xlarge
[ERROR] Benchmark for m7g.8xlarge did not succeed (status: FAILED). Skipping upload.
[ALL DONE] 모든 벤치마크 및 업로드 완료!
Completed 125 Bytes/642.0 KiB (1.1 KiB/s) with 7 file(s) remaining
upload: ../../../../../tmp/perfkitbenchmarker/runs/m7g16xlarge/completion_statuses.json to s3://2025-coremark/m7g.16xlarge/completion_statuses.json
Completed 125 Bytes/642.0 KiB (1.1 KiB/s) with 6 file(s) remaining
Completed 569.0 KiB/642.0 KiB (4.6 MiB/s) with 6 file(s) remaining
Completed 569.6 KiB/642.0 KiB (4.5 MiB/s) with 6 file(s) remaining
upload: ../../../../../tmp/perfkitbenchmarker/runs/m7g16xlarge/perfkitbenchmarker_keyfile.pub to s3://2025-coremark/m7g.16xlarge/perfkitbenchmarker_keyfile.pub
Completed 569.6 KiB/642.0 KiB (4.5 MiB/s) with 5 file(s) remaining
Completed 572.0 KiB/642.0 KiB (4.4 MiB/s) with 5 file(s) remaining
upload: ../../../../../tmp/perfkitbenchmarker/runs/m7g16xlarge/perfkitbenchmarker_keyfile to s3://2025-coremark/m7g.16xlarge/perfkitbenchmarker_keyfile
Completed 572.0 KiB/642.0 KiB (4.4 MiB/s) with 4 file(s) remaining
Completed 584.9 KiB/642.0 KiB (4.0 MiB/s) with 4 file(s) remaining
upload: ../../../../../tmp/perfkitbenchmarker/runs/m7g16xlarge/coremark0 to s3://2025-coremark/m7g.16xlarge/coremark0
Completed 584.9 KiB/642.0 KiB (4.0 MiB/s) with 3 file(s) remaining
Completed 640.8 KiB/642.0 KiB (4.4 MiB/s) with 3 file(s) remaining
upload: ../../../../../tmp/perfkitbenchmarker/runs/m7g16xlarge/perfkitbenchmarker_results.json to s3://2025-coremark/m7g.16xlarge/perfkitbenchmarker_results.json
Completed 640.8 KiB/642.0 KiB (4.4 MiB/s) with 2 file(s) remaining
Completed 642.0 KiB/642.0 KiB (3.8 MiB/s) with 2 file(s) remaining
upload: ../../../../../tmp/perfkitbenchmarker/runs/m7g16xlarge/ssh_config to s3://2025-coremark/m7g.16xlarge/ssh_config
Completed 642.0 KiB/642.0 KiB (3.8 MiB/s) with 1 file(s) remaining
upload: ../../../../../tmp/perfkitbenchmarker/runs/m7g16xlarge/pkb.log to s3://2025-coremark/m7g.16xlarge/pkb.log
[DONE] m7g.16xlarge benchmark and upload complete.
[INFO] Benchmark for m7g.metal succeeded. Proceeding with upload.
[INFO] Uploading results to s3://2025-coremark/m7g.metal
Completed 600.1 KiB/672.6 KiB (5.7 MiB/s) with 7 file(s) remaining
Completed 600.2 KiB/672.6 KiB (4.9 MiB/s) with 7 file(s) remaining
upload: ../../../../../tmp/perfkitbenchmarker/runs/m7gmetal/completion_statuses.json to s3://2025-coremark/m7g.metal/completion_statuses.json
Completed 600.2 KiB/672.6 KiB (4.9 MiB/s) with 6 file(s) remaining
Completed 601.4 KiB/672.6 KiB (4.6 MiB/s) with 6 file(s) remaining
upload: ../../../../../tmp/perfkitbenchmarker/runs/m7gmetal/ssh_config to s3://2025-coremark/m7g.metal/ssh_config
Completed 601.4 KiB/672.6 KiB (4.6 MiB/s) with 5 file(s) remaining
Completed 614.2 KiB/672.6 KiB (4.6 MiB/s) with 5 file(s) remaining
upload: ../../../../../tmp/perfkitbenchmarker/runs/m7gmetal/coremark0 to s3://2025-coremark/m7g.metal/coremark0
Completed 614.2 KiB/672.6 KiB (4.6 MiB/s) with 4 file(s) remaining
Completed 614.8 KiB/672.6 KiB (4.6 MiB/s) with 4 file(s) remaining
upload: ../../../../../tmp/perfkitbenchmarker/runs/m7gmetal/perfkitbenchmarker_keyfile.pub to s3://2025-coremark/m7g.metal/perfkitbenchmarker_keyfile.pub
Completed 614.8 KiB/672.6 KiB (4.6 MiB/s) with 3 file(s) remaining
Completed 670.2 KiB/672.6 KiB (4.7 MiB/s) with 3 file(s) remaining
upload: ../../../../../tmp/perfkitbenchmarker/runs/m7gmetal/perfkitbenchmarker_results.json to s3://2025-coremark/m7g.metal/perfkitbenchmarker_results.json
Completed 670.2 KiB/672.6 KiB (4.7 MiB/s) with 2 file(s) remaining
Completed 672.6 KiB/672.6 KiB (4.7 MiB/s) with 2 file(s) remaining
upload: ../../../../../tmp/perfkitbenchmarker/runs/m7gmetal/perfkitbenchmarker_keyfile to s3://2025-coremark/m7g.metal/perfkitbenchmarker_keyfile
Completed 672.6 KiB/672.6 KiB (4.7 MiB/s) with 1 file(s) remaining
upload: ../../../../../tmp/perfkitbenchmarker/runs/m7gmetal/pkb.log to s3://2025-coremark/m7g.metal/pkb.log
[DONE] m7g.metal benchmark and upload complete.
[ALL DONE] 모든 벤치마크 및 업로드 완료!
./test.sh: line 90: unexpected EOF while looking for matching `"'
[INFO] Starting benchmark for m7g.8xlarge (run_uri=m7g8xlarge)
[INFO] Starting benchmark for m7gd.xlarge (run_uri=m7gdxlarge)
[INFO] Starting benchmark for m7gd.4xlarge (run_uri=m7gd4xlarge)
[INFO] Starting benchmark for m7gd.12xlarge (run_uri=m7gd12xlarge)
[INFO] Starting benchmark for m7gd.8xlarge (run_uri=m7gd8xlarge)
[INFO] Starting benchmark for m7gd.metal (run_uri=m7gdmetal)
[INFO] Starting benchmark for m7gd.16xlarge (run_uri=m7gd16xlarge)
[ERROR] Benchmark for m7gd.16xlarge did not succeed (status: FAILED). Skipping upload.
[ERROR] Benchmark for m7gd.8xlarge did not succeed (status: FAILED). Skipping upload.
[ERROR] Benchmark for m7gd.12xlarge did not succeed (status: FAILED). Skipping upload.
[ERROR] Benchmark for m7g.8xlarge did not succeed (status: FAILED). Skipping upload.
[ERROR] Benchmark for m7gd.xlarge did not succeed (status: FAILED). Skipping upload.
[ERROR] Benchmark for m7gd.metal did not succeed (status: FAILED). Skipping upload.
[ERROR] Benchmark for m7gd.4xlarge did not succeed (status: FAILED). Skipping upload.
[ALL DONE] 모든 벤치마크 및 업로드 완료!
[INFO] Starting benchmark for m7g.8xlarge (run_uri=m7g8xlarge)
[INFO] Starting benchmark for m7gd.xlarge (run_uri=m7gdxlarge)
[INFO] Starting benchmark for m7gd.4xlarge (run_uri=m7gd4xlarge)
[INFO] Starting benchmark for m7gd.12xlarge (run_uri=m7gd12xlarge)
[INFO] Starting benchmark for m7gd.8xlarge (run_uri=m7gd8xlarge)
[INFO] Starting benchmark for m7gd.metal (run_uri=m7gdmetal)
[INFO] Starting benchmark for m7gd.16xlarge (run_uri=m7gd16xlarge)
[ERROR] Benchmark for m7gd.8xlarge did not succeed (status: FAILED). Skipping upload.
[ERROR] Benchmark for m7gd.metal did not succeed (status: FAILED). Skipping upload.
[ERROR] Benchmark for m7g.8xlarge did not succeed (status: FAILED). Skipping upload.
[ERROR] Benchmark for m7gd.12xlarge did not succeed (status: FAILED). Skipping upload.
[ERROR] Benchmark for m7gd.16xlarge did not succeed (status: FAILED). Skipping upload.
[ERROR] Benchmark for m7gd.4xlarge did not succeed (status: FAILED). Skipping upload.
[ERROR] Benchmark for m7gd.xlarge did not succeed (status: FAILED). Skipping upload.
[ALL DONE] 모든 벤치마크 및 업로드 완료!
[INFO] Starting benchmark for m7g.8xlarge (run_uri=m7g8xlarge)
[INFO] Starting benchmark for m7gd.xlarge (run_uri=m7gdxlarge)
[INFO] Starting benchmark for m7gd.4xlarge (run_uri=m7gd4xlarge)
[INFO] Starting benchmark for m7gd.12xlarge (run_uri=m7gd12xlarge)
[INFO] Starting benchmark for m7gd.8xlarge (run_uri=m7gd8xlarge)
[INFO] Starting benchmark for m7gd.metal (run_uri=m7gdmetal)
[INFO] Starting benchmark for m7gd.16xlarge (run_uri=m7gd16xlarge)
[ERROR] Benchmark for m7gd.12xlarge did not succeed (status: FAILED). Skipping upload.
[ERROR] Benchmark for m7g.8xlarge did not succeed (status: FAILED). Skipping upload.
[ERROR] Benchmark for m7gd.metal did not succeed (status: FAILED). Skipping upload.
[ERROR] Benchmark for m7gd.4xlarge did not succeed (status: FAILED). Skipping upload.
[ERROR] Benchmark for m7gd.xlarge did not succeed (status: FAILED). Skipping upload.
[ERROR] Benchmark for m7gd.16xlarge did not succeed (status: FAILED). Skipping upload.
[ERROR] Benchmark for m7gd.8xlarge did not succeed (status: FAILED). Skipping upload.
[ALL DONE] 모든 벤치마크 및 업로드 완료!
[INFO] Starting benchmark for m7g.8xlarge (run_uri=m7g8xlarge)
[INFO] Starting benchmark for m7gd.xlarge (run_uri=m7gdxlarge)
[INFO] Starting benchmark for m7gd.4xlarge (run_uri=m7gd4xlarge)
[INFO] Starting benchmark for m7gd.16xlarge (run_uri=m7gd16xlarge)
[INFO] Starting benchmark for m7gd.8xlarge (run_uri=m7gd8xlarge)
[INFO] Starting benchmark for m7gd.12xlarge (run_uri=m7gd12xlarge)
[INFO] Starting benchmark for m7gd.metal (run_uri=m7gdmetal)
[ERROR] Benchmark for m7gd.4xlarge did not succeed (status: FAILED). Skipping upload.
[ERROR] Benchmark for m7gd.metal did not succeed (status: FAILED). Skipping upload.
[ERROR] Benchmark for m7g.8xlarge did not succeed (status: FAILED). Skipping upload.
[ERROR] Benchmark for m7gd.16xlarge did not succeed (status: FAILED). Skipping upload.
[ERROR] Benchmark for m7gd.xlarge did not succeed (status: FAILED). Skipping upload.
[ERROR] Benchmark for m7gd.8xlarge did not succeed (status: FAILED). Skipping upload.
[ERROR] Benchmark for m7gd.12xlarge did not succeed (status: FAILED). Skipping upload.
[ALL DONE] 모든 벤치마크 및 업로드 완료!
[INFO] Starting benchmark for m7g.8xlarge (run_uri=m7g8xlarge)
[INFO] Starting benchmark for m7gd.xlarge (run_uri=m7gdxlarge)
[INFO] Starting benchmark for m7gd.12xlarge (run_uri=m7gd12xlarge)
[INFO] Starting benchmark for m7gd.4xlarge (run_uri=m7gd4xlarge)
[INFO] Starting benchmark for m7gd.metal (run_uri=m7gdmetal)
[INFO] Starting benchmark for m7gd.8xlarge (run_uri=m7gd8xlarge)
[INFO] Starting benchmark for m7gd.16xlarge (run_uri=m7gd16xlarge)
[ERROR] Benchmark for m7gd.16xlarge did not succeed (status: FAILED). Skipping upload.
[ERROR] Benchmark for m7gd.metal did not succeed (status: FAILED). Skipping upload.
[ERROR] Benchmark for m7gd.12xlarge did not succeed (status: FAILED). Skipping upload.
[ERROR] Benchmark for m7g.8xlarge did not succeed (status: FAILED). Skipping upload.
[ERROR] Benchmark for m7gd.8xlarge did not succeed (status: FAILED). Skipping upload.
[ERROR] Benchmark for m7gd.4xlarge did not succeed (status: FAILED). Skipping upload.
[ERROR] Benchmark for m7gd.xlarge did not succeed (status: FAILED). Skipping upload.
[ALL DONE] 모든 벤치마크 및 업로드 완료!
[INFO] Starting benchmark for m7g.8xlarge (run_uri=m7g8xlarge)
[INFO] Starting benchmark for m7gd.xlarge (run_uri=m7gdxlarge)
[INFO] Starting benchmark for m7gd.4xlarge (run_uri=m7gd4xlarge)
[INFO] Starting benchmark for m7gd.8xlarge (run_uri=m7gd8xlarge)
[INFO] Starting benchmark for m7gd.12xlarge (run_uri=m7gd12xlarge)
[INFO] Starting benchmark for m7gd.metal (run_uri=m7gdmetal)
[INFO] Starting benchmark for m7gd.16xlarge (run_uri=m7gd16xlarge)
[ERROR] Benchmark for m7gd.12xlarge did not succeed (status: FAILED). Skipping upload.
[ERROR] Benchmark for m7gd.4xlarge did not succeed (status: FAILED). Skipping upload.
[ERROR] Benchmark for m7gd.8xlarge did not succeed (status: FAILED). Skipping upload.
[ERROR] Benchmark for m7gd.xlarge did not succeed (status: FAILED). Skipping upload.
[ERROR] Benchmark for m7gd.metal did not succeed (status: FAILED). Skipping upload.
[ERROR] Benchmark for m7gd.16xlarge did not succeed (status: FAILED). Skipping upload.
[INFO] Starting benchmark for m7gd.xlarge (run_uri=m7gdxlarge)
[INFO] Starting benchmark for m7gd.4xlarge (run_uri=m7gd4xlarge)
[INFO] Starting benchmark for m7gd.8xlarge (run_uri=m7gd8xlarge)
[INFO] Starting benchmark for m7gd.12xlarge (run_uri=m7gd12xlarge)
[INFO] Starting benchmark for m7gd.16xlarge (run_uri=m7gd16xlarge)
[INFO] Starting benchmark for m7gd.metal (run_uri=m7gdmetal)
[ERROR] Benchmark for m7gd.4xlarge did not succeed (status: FAILED). Skipping upload.
[ERROR] Benchmark for m7gd.8xlarge did not succeed (status: FAILED). Skipping upload.
[ERROR] Benchmark for m7gd.metal did not succeed (status: FAILED). Skipping upload.
[ERROR] Benchmark for m7gd.xlarge did not succeed (status: FAILED). Skipping upload.
[ERROR] Benchmark for m7gd.16xlarge did not succeed (status: FAILED). Skipping upload.
[ERROR] Benchmark for m7gd.12xlarge did not succeed (status: FAILED). Skipping upload.
[ALL DONE] 모든 벤치마크 및 업로드 완료!
[INFO] Starting benchmark for m7gd.xlarge (run_uri=m7gdxlarge)
[INFO] Starting benchmark for m7gd.4xlarge (run_uri=m7gd4xlarge)
[INFO] Starting benchmark for m7gd.8xlarge (run_uri=m7gd8xlarge)
[INFO] Starting benchmark for m7gd.16xlarge (run_uri=m7gd16xlarge)
[INFO] Starting benchmark for m7gd.12xlarge (run_uri=m7gd12xlarge)
[INFO] Starting benchmark for m7gd.metal (run_uri=m7gdmetal)
[ERROR] Benchmark for m7gd.xlarge did not succeed (status: FAILED). Skipping upload.
[ERROR] Benchmark for m7gd.12xlarge did not succeed (status: FAILED). Skipping upload.
[ERROR] Benchmark for m7gd.8xlarge did not succeed (status: FAILED). Skipping upload.
[ERROR] Benchmark for m7gd.16xlarge did not succeed (status: FAILED). Skipping upload.
[ERROR] Benchmark for m7gd.metal did not succeed (status: FAILED). Skipping upload.
[ERROR] Benchmark for m7gd.4xlarge did not succeed (status: FAILED). Skipping upload.
[ALL DONE] 모든 벤치마크 및 업로드 완료!
[INFO] Starting benchmark for m7gd.xlarge (run_uri=m7gdxlarge)
[INFO] Starting benchmark for m7gd.4xlarge (run_uri=m7gd4xlarge)
[INFO] Starting benchmark for m7gd.8xlarge (run_uri=m7gd8xlarge)
[INFO] Starting benchmark for m7gd.16xlarge (run_uri=m7gd16xlarge)
[INFO] Starting benchmark for m7gd.12xlarge (run_uri=m7gd12xlarge)
[INFO] Starting benchmark for m7gd.metal (run_uri=m7gdmetal)
[ERROR] Benchmark for m7gd.4xlarge did not succeed (status: FAILED). Skipping upload.
[ERROR] Benchmark for m7gd.16xlarge did not succeed (status: FAILED). Skipping upload.
[ERROR] Benchmark for m7gd.8xlarge did not succeed (status: FAILED). Skipping upload.
[ERROR] Benchmark for m7gd.xlarge did not succeed (status: FAILED). Skipping upload.
[ERROR] Benchmark for m7gd.metal did not succeed (status: FAILED). Skipping upload.
[ERROR] Benchmark for m7gd.12xlarge did not succeed (status: FAILED). Skipping upload.
[ALL DONE] 모든 벤치마크 및 업로드 완료!
[INFO] Benchmark for m7g.8xlarge succeeded. Proceeding with upload.
[INFO] Uploading results to s3://2025-coremark/m7g.8xlarge
Completed 829.0 KiB/900.2 KiB (7.5 MiB/s) with 7 file(s) remaining
Completed 829.2 KiB/900.2 KiB (7.0 MiB/s) with 7 file(s) remaining
upload: ../../../../../tmp/perfkitbenchmarker/runs/m7g8xlarge/completion_statuses.json to s3://2025-coremark/m7g.8xlarge/completion_statuses.json
Completed 829.2 KiB/900.2 KiB (7.0 MiB/s) with 6 file(s) remaining
Completed 841.9 KiB/900.2 KiB (6.9 MiB/s) with 6 file(s) remaining
upload: ../../../../../tmp/perfkitbenchmarker/runs/m7g8xlarge/coremark0 to s3://2025-coremark/m7g.8xlarge/coremark0
Completed 841.9 KiB/900.2 KiB (6.9 MiB/s) with 5 file(s) remaining
Completed 842.5 KiB/900.2 KiB (6.7 MiB/s) with 5 file(s) remaining
upload: ../../../../../tmp/perfkitbenchmarker/runs/m7g8xlarge/perfkitbenchmarker_keyfile.pub to s3://2025-coremark/m7g.8xlarge/perfkitbenchmarker_keyfile.pub
Completed 842.5 KiB/900.2 KiB (6.7 MiB/s) with 4 file(s) remaining
Completed 843.6 KiB/900.2 KiB (6.2 MiB/s) with 4 file(s) remaining
upload: ../../../../../tmp/perfkitbenchmarker/runs/m7g8xlarge/ssh_config to s3://2025-coremark/m7g.8xlarge/ssh_config
Completed 843.6 KiB/900.2 KiB (6.2 MiB/s) with 3 file(s) remaining
upload: ../../../../../tmp/perfkitbenchmarker/runs/m7g8xlarge/pkb.log to s3://2025-coremark/m7g.8xlarge/pkb.log
Completed 843.6 KiB/900.2 KiB (6.2 MiB/s) with 2 file(s) remaining
Completed 897.8 KiB/900.2 KiB (5.4 MiB/s) with 2 file(s) remaining
upload: ../../../../../tmp/perfkitbenchmarker/runs/m7g8xlarge/perfkitbenchmarker_results.json to s3://2025-coremark/m7g.8xlarge/perfkitbenchmarker_results.json
Completed 897.8 KiB/900.2 KiB (5.4 MiB/s) with 1 file(s) remaining
Completed 900.2 KiB/900.2 KiB (4.5 MiB/s) with 1 file(s) remaining
upload: ../../../../../tmp/perfkitbenchmarker/runs/m7g8xlarge/perfkitbenchmarker_keyfile to s3://2025-coremark/m7g.8xlarge/perfkitbenchmarker_keyfile
[DONE] m7g.8xlarge benchmark and upload complete.
[ALL DONE] 모든 벤치마크 및 업로드 완료!
[INFO] Starting benchmark for m7gd.4xlarge (run_uri=m7gd4xlarge)
[INFO] Starting benchmark for m7gd.xlarge (run_uri=m7gdxlarge)
[INFO] Starting benchmark for m7gd.8xlarge (run_uri=m7gd8xlarge)
[INFO] Starting benchmark for m7gd.16xlarge (run_uri=m7gd16xlarge)
[INFO] Starting benchmark for m7gd.12xlarge (run_uri=m7gd12xlarge)
[INFO] Starting benchmark for m7gd.metal (run_uri=m7gdmetal)
[ERROR] Benchmark for m7gd.xlarge did not succeed (status: FAILED). Skipping upload.
[ERROR] Benchmark for m7gd.8xlarge did not succeed (status: FAILED). Skipping upload.
[ERROR] Benchmark for m7gd.4xlarge did not succeed (status: FAILED). Skipping upload.
[ERROR] Benchmark for m7gd.16xlarge did not succeed (status: FAILED). Skipping upload.
[ERROR] Benchmark for m7gd.12xlarge did not succeed (status: FAILED). Skipping upload.
[ERROR] Benchmark for m7gd.metal did not succeed (status: FAILED). Skipping upload.
[ALL DONE] 모든 벤치마크 및 업로드 완료!
[INFO] Starting benchmark for m7gd.xlarge (run_uri=m7gdxlarge)
[INFO] Starting benchmark for m7gd.4xlarge (run_uri=m7gd4xlarge)
[INFO] Starting benchmark for m7gd.8xlarge (run_uri=m7gd8xlarge)
[INFO] Starting benchmark for m7gd.metal (run_uri=m7gdmetal)
[INFO] Starting benchmark for m7gd.16xlarge (run_uri=m7gd16xlarge)
[INFO] Starting benchmark for m7gd.12xlarge (run_uri=m7gd12xlarge)
[INFO] Starting benchmark for c8g.medium (run_uri=c8gmedium)
[INFO] Starting benchmark for c8g.large (run_uri=c8glarge)
[INFO] Starting benchmark for c8g.xlarge (run_uri=c8gxlarge)
[INFO] Starting benchmark for c8g.4xlarge (run_uri=c8g4xlarge)
[INFO] Starting benchmark for c8g.48xlarge (run_uri=c8g48xlarge)
[INFO] Starting benchmark for c8g.2xlarge (run_uri=c8g2xlarge)
[INFO] Starting benchmark for c8g.metal-48xl (run_uri=c8gmetal48xl)
[INFO] Starting benchmark for c8g.12xlarge (run_uri=c8g12xlarge)
[INFO] Starting benchmark for c8g.metal-24xl (run_uri=c8gmetal24xl)
[INFO] Starting benchmark for c8g.8xlarge (run_uri=c8g8xlarge)
[INFO] Starting benchmark for c8g.16xlarge (run_uri=c8g16xlarge)
[INFO] Starting benchmark for c8g.24xlarge (run_uri=c8g24xlarge)
[ERROR] Benchmark for c8g.4xlarge did not succeed (status: FAILED). Skipping upload.
[ERROR] Benchmark for c8g.xlarge did not succeed (status: FAILED). Skipping upload.
[ERROR] Benchmark for c8g.metal-48xl did not succeed (status: FAILED). Skipping upload.
[ERROR] Benchmark for c8g.24xlarge did not succeed (status: FAILED). Skipping upload.
[ERROR] Benchmark for c8g.metal-24xl did not succeed (status: FAILED). Skipping upload.
[ERROR] Benchmark for c8g.16xlarge did not succeed (status: FAILED). Skipping upload.
[ERROR] Benchmark for c8g.48xlarge did not succeed (status: FAILED). Skipping upload.
[INFO] Benchmark for m7gd.16xlarge succeeded. Proceeding with upload.
[INFO] Uploading results to s3://2025-coremark/m7gd.16xlarge
Completed 2.4 KiB/982.9 KiB (22.3 KiB/s) with 7 file(s) remaining
upload: ../../../../../tmp/perfkitbenchmarker/runs/m7gd16xlarge/perfkitbenchmarker_keyfile to s3://2025-coremark/m7gd.16xlarge/perfkitbenchmarker_keyfile
Completed 2.4 KiB/982.9 KiB (22.3 KiB/s) with 6 file(s) remaining
Completed 15.2 KiB/982.9 KiB (131.1 KiB/s) with 6 file(s) remaining
upload: ../../../../../tmp/perfkitbenchmarker/runs/m7gd16xlarge/coremark0 to s3://2025-coremark/m7gd.16xlarge/coremark0
Completed 15.2 KiB/982.9 KiB (131.1 KiB/s) with 5 file(s) remaining
Completed 15.4 KiB/982.9 KiB (130.9 KiB/s) with 5 file(s) remaining
upload: ../../../../../tmp/perfkitbenchmarker/runs/m7gd16xlarge/completion_statuses.json to s3://2025-coremark/m7gd.16xlarge/completion_statuses.json
Completed 15.4 KiB/982.9 KiB (130.9 KiB/s) with 4 file(s) remaining
Completed 923.2 KiB/982.9 KiB (7.3 MiB/s) with 4 file(s) remaining 
Completed 924.4 KiB/982.9 KiB (6.6 MiB/s) with 4 file(s) remaining 
upload: ../../../../../tmp/perfkitbenchmarker/runs/m7gd16xlarge/ssh_config to s3://2025-coremark/m7gd.16xlarge/ssh_config
Completed 924.4 KiB/982.9 KiB (6.6 MiB/s) with 3 file(s) remaining
Completed 925.0 KiB/982.9 KiB (5.5 MiB/s) with 3 file(s) remaining
upload: ../../../../../tmp/perfkitbenchmarker/runs/m7gd16xlarge/perfkitbenchmarker_keyfile.pub to s3://2025-coremark/m7gd.16xlarge/perfkitbenchmarker_keyfile.pub
Completed 925.0 KiB/982.9 KiB (5.5 MiB/s) with 2 file(s) remaining
Completed 982.9 KiB/982.9 KiB (5.5 MiB/s) with 2 file(s) remaining
upload: ../../../../../tmp/perfkitbenchmarker/runs/m7gd16xlarge/perfkitbenchmarker_results.json to s3://2025-coremark/m7gd.16xlarge/perfkitbenchmarker_results.json
Completed 982.9 KiB/982.9 KiB (5.5 MiB/s) with 1 file(s) remaining
upload: ../../../../../tmp/perfkitbenchmarker/runs/m7gd16xlarge/pkb.log to s3://2025-coremark/m7gd.16xlarge/pkb.log
[DONE] m7gd.16xlarge benchmark and upload complete.
[INFO] Benchmark for m7gd.4xlarge succeeded. Proceeding with upload.
[INFO] Uploading results to s3://2025-coremark/m7gd.4xlarge
Completed 871.6 KiB/942.5 KiB (9.0 MiB/s) with 7 file(s) remaining
Completed 871.7 KiB/942.5 KiB (7.9 MiB/s) with 7 file(s) remaining
upload: ../../../../../tmp/perfkitbenchmarker/runs/m7gd4xlarge/completion_statuses.json to s3://2025-coremark/m7gd.4xlarge/completion_statuses.json
Completed 871.7 KiB/942.5 KiB (7.9 MiB/s) with 6 file(s) remaining
Completed 884.1 KiB/942.5 KiB (7.9 MiB/s) with 6 file(s) remaining
upload: ../../../../../tmp/perfkitbenchmarker/runs/m7gd4xlarge/coremark0 to s3://2025-coremark/m7gd.4xlarge/coremark0
Completed 884.1 KiB/942.5 KiB (7.9 MiB/s) with 5 file(s) remaining
Completed 938.4 KiB/942.5 KiB (8.3 MiB/s) with 5 file(s) remaining
upload: ../../../../../tmp/perfkitbenchmarker/runs/m7gd4xlarge/perfkitbenchmarker_results.json to s3://2025-coremark/m7gd.4xlarge/perfkitbenchmarker_results.json
Completed 938.4 KiB/942.5 KiB (8.3 MiB/s) with 4 file(s) remaining
Completed 939.5 KiB/942.5 KiB (8.2 MiB/s) with 4 file(s) remaining
upload: ../../../../../tmp/perfkitbenchmarker/runs/m7gd4xlarge/ssh_config to s3://2025-coremark/m7gd.4xlarge/ssh_config
Completed 939.5 KiB/942.5 KiB (8.2 MiB/s) with 3 file(s) remaining
Completed 940.1 KiB/942.5 KiB (8.2 MiB/s) with 3 file(s) remaining
upload: ../../../../../tmp/perfkitbenchmarker/runs/m7gd4xlarge/perfkitbenchmarker_keyfile.pub to s3://2025-coremark/m7gd.4xlarge/perfkitbenchmarker_keyfile.pub
Completed 940.1 KiB/942.5 KiB (8.2 MiB/s) with 2 file(s) remaining
Completed 942.5 KiB/942.5 KiB (7.0 MiB/s) with 2 file(s) remaining
upload: ../../../../../tmp/perfkitbenchmarker/runs/m7gd4xlarge/perfkitbenchmarker_keyfile to s3://2025-coremark/m7gd.4xlarge/perfkitbenchmarker_keyfile
Completed 942.5 KiB/942.5 KiB (7.0 MiB/s) with 1 file(s) remaining
upload: ../../../../../tmp/perfkitbenchmarker/runs/m7gd4xlarge/pkb.log to s3://2025-coremark/m7gd.4xlarge/pkb.log
[DONE] m7gd.4xlarge benchmark and upload complete.
[INFO] Benchmark for m7gd.12xlarge succeeded. Proceeding with upload.
[INFO] Uploading results to s3://2025-coremark/m7gd.12xlarge
Completed 886.5 KiB/960.4 KiB (9.8 MiB/s) with 7 file(s) remaining
Completed 886.6 KiB/960.4 KiB (9.4 MiB/s) with 7 file(s) remaining
upload: ../../../../../tmp/perfkitbenchmarker/runs/m7gd12xlarge/completion_statuses.json to s3://2025-coremark/m7gd.12xlarge/completion_statuses.json
Completed 886.6 KiB/960.4 KiB (9.4 MiB/s) with 6 file(s) remaining
Completed 899.4 KiB/960.4 KiB (9.3 MiB/s) with 6 file(s) remaining
upload: ../../../../../tmp/perfkitbenchmarker/runs/m7gd12xlarge/coremark0 to s3://2025-coremark/m7gd.12xlarge/coremark0
Completed 899.4 KiB/960.4 KiB (9.3 MiB/s) with 5 file(s) remaining
Completed 900.5 KiB/960.4 KiB (8.8 MiB/s) with 5 file(s) remaining
upload: ../../../../../tmp/perfkitbenchmarker/runs/m7gd12xlarge/ssh_config to s3://2025-coremark/m7gd.12xlarge/ssh_config
Completed 900.5 KiB/960.4 KiB (8.8 MiB/s) with 4 file(s) remaining
Completed 901.1 KiB/960.4 KiB (8.2 MiB/s) with 4 file(s) remaining
upload: ../../../../../tmp/perfkitbenchmarker/runs/m7gd12xlarge/perfkitbenchmarker_keyfile.pub to s3://2025-coremark/m7gd.12xlarge/perfkitbenchmarker_keyfile.pub
Completed 901.1 KiB/960.4 KiB (8.2 MiB/s) with 3 file(s) remaining
Completed 903.5 KiB/960.4 KiB (7.4 MiB/s) with 3 file(s) remaining
upload: ../../../../../tmp/perfkitbenchmarker/runs/m7gd12xlarge/perfkitbenchmarker_keyfile to s3://2025-coremark/m7gd.12xlarge/perfkitbenchmarker_keyfile
Completed 903.5 KiB/960.4 KiB (7.4 MiB/s) with 2 file(s) remaining
Completed 960.4 KiB/960.4 KiB (6.7 MiB/s) with 2 file(s) remaining
upload: ../../../../../tmp/perfkitbenchmarker/runs/m7gd12xlarge/perfkitbenchmarker_results.json to s3://2025-coremark/m7gd.12xlarge/perfkitbenchmarker_results.json
Completed 960.4 KiB/960.4 KiB (6.7 MiB/s) with 1 file(s) remaining
upload: ../../../../../tmp/perfkitbenchmarker/runs/m7gd12xlarge/pkb.log to s3://2025-coremark/m7gd.12xlarge/pkb.log
[DONE] m7gd.12xlarge benchmark and upload complete.
[INFO] Benchmark for m7gd.xlarge succeeded. Proceeding with upload.
[INFO] Uploading results to s3://2025-coremark/m7gd.xlarge
Completed 124 Bytes/947.0 KiB (1.1 KiB/s) with 7 file(s) remaining
upload: ../../../../../tmp/perfkitbenchmarker/runs/m7gdxlarge/completion_statuses.json to s3://2025-coremark/m7gd.xlarge/completion_statuses.json
Completed 124 Bytes/947.0 KiB (1.1 KiB/s) with 6 file(s) remaining
Completed 2.5 KiB/947.0 KiB (21.6 KiB/s) with 6 file(s) remaining 
upload: ../../../../../tmp/perfkitbenchmarker/runs/m7gdxlarge/perfkitbenchmarker_keyfile to s3://2025-coremark/m7gd.xlarge/perfkitbenchmarker_keyfile
Completed 2.5 KiB/947.0 KiB (21.6 KiB/s) with 5 file(s) remaining
Completed 3.7 KiB/947.0 KiB (30.5 KiB/s) with 5 file(s) remaining
upload: ../../../../../tmp/perfkitbenchmarker/runs/m7gdxlarge/ssh_config to s3://2025-coremark/m7gd.xlarge/ssh_config
Completed 3.7 KiB/947.0 KiB (30.5 KiB/s) with 4 file(s) remaining
Completed 4.3 KiB/947.0 KiB (34.9 KiB/s) with 4 file(s) remaining
upload: ../../../../../tmp/perfkitbenchmarker/runs/m7gdxlarge/perfkitbenchmarker_keyfile.pub to s3://2025-coremark/m7gd.xlarge/perfkitbenchmarker_keyfile.pub
Completed 4.3 KiB/947.0 KiB (34.9 KiB/s) with 3 file(s) remaining
Completed 16.6 KiB/947.0 KiB (127.1 KiB/s) with 3 file(s) remaining
upload: ../../../../../tmp/perfkitbenchmarker/runs/m7gdxlarge/coremark0 to s3://2025-coremark/m7gd.xlarge/coremark0
Completed 16.6 KiB/947.0 KiB (127.1 KiB/s) with 2 file(s) remaining
Completed 893.5 KiB/947.0 KiB (6.3 MiB/s) with 2 file(s) remaining 
upload: ../../../../../tmp/perfkitbenchmarker/runs/m7gdxlarge/pkb.log to s3://2025-coremark/m7gd.xlarge/pkb.log
Completed 893.5 KiB/947.0 KiB (6.3 MiB/s) with 1 file(s) remaining
Completed 947.0 KiB/947.0 KiB (3.8 MiB/s) with 1 file(s) remaining
upload: ../../../../../tmp/perfkitbenchmarker/runs/m7gdxlarge/perfkitbenchmarker_results.json to s3://2025-coremark/m7gd.xlarge/perfkitbenchmarker_results.json
[DONE] m7gd.xlarge benchmark and upload complete.
[INFO] Benchmark for m7gd.8xlarge succeeded. Proceeding with upload.
[INFO] Uploading results to s3://2025-coremark/m7gd.8xlarge
Completed 125 Bytes/969.3 KiB (1.5 KiB/s) with 7 file(s) remaining
upload: ../../../../../tmp/perfkitbenchmarker/runs/m7gd8xlarge/completion_statuses.json to s3://2025-coremark/m7gd.8xlarge/completion_statuses.json
Completed 125 Bytes/969.3 KiB (1.5 KiB/s) with 6 file(s) remaining
Completed 897.4 KiB/969.3 KiB (7.7 MiB/s) with 6 file(s) remaining
Completed 898.0 KiB/969.3 KiB (6.8 MiB/s) with 6 file(s) remaining
upload: ../../../../../tmp/perfkitbenchmarker/runs/m7gd8xlarge/perfkitbenchmarker_keyfile.pub to s3://2025-coremark/m7gd.8xlarge/perfkitbenchmarker_keyfile.pub
Completed 898.0 KiB/969.3 KiB (6.8 MiB/s) with 5 file(s) remaining
Completed 899.2 KiB/969.3 KiB (6.2 MiB/s) with 5 file(s) remaining
upload: ../../../../../tmp/perfkitbenchmarker/runs/m7gd8xlarge/ssh_config to s3://2025-coremark/m7gd.8xlarge/ssh_config
Completed 899.2 KiB/969.3 KiB (6.2 MiB/s) with 4 file(s) remaining
Completed 911.7 KiB/969.3 KiB (5.5 MiB/s) with 4 file(s) remaining
upload: ../../../../../tmp/perfkitbenchmarker/runs/m7gd8xlarge/coremark0 to s3://2025-coremark/m7gd.8xlarge/coremark0
Completed 911.7 KiB/969.3 KiB (5.5 MiB/s) with 3 file(s) remaining
Completed 966.9 KiB/969.3 KiB (5.1 MiB/s) with 3 file(s) remaining
upload: ../../../../../tmp/perfkitbenchmarker/runs/m7gd8xlarge/perfkitbenchmarker_results.json to s3://2025-coremark/m7gd.8xlarge/perfkitbenchmarker_results.json
Completed 966.9 KiB/969.3 KiB (5.1 MiB/s) with 2 file(s) remaining
upload: ../../../../../tmp/perfkitbenchmarker/runs/m7gd8xlarge/pkb.log to s3://2025-coremark/m7gd.8xlarge/pkb.log
Completed 966.9 KiB/969.3 KiB (5.1 MiB/s) with 1 file(s) remaining
Completed 969.3 KiB/969.3 KiB (4.8 MiB/s) with 1 file(s) remaining
upload: ../../../../../tmp/perfkitbenchmarker/runs/m7gd8xlarge/perfkitbenchmarker_keyfile to s3://2025-coremark/m7gd.8xlarge/perfkitbenchmarker_keyfile
[DONE] m7gd.8xlarge benchmark and upload complete.
[INFO] Starting benchmark for c8g.xlarge (run_uri=c8gxlarge)
[INFO] Starting benchmark for c8g.4xlarge (run_uri=c8g4xlarge)
[INFO] Starting benchmark for c8g.16xlarge (run_uri=c8g16xlarge)
[INFO] Starting benchmark for c8g.48xlarge (run_uri=c8g48xlarge)
[INFO] Starting benchmark for c8g.metal-24xl (run_uri=c8gmetal24xl)
[INFO] Starting benchmark for c8g.metal-48xl (run_uri=c8gmetal48xl)
[INFO] Starting benchmark for c8g.24xlarge (run_uri=c8g24xlarge)
[ERROR] Benchmark for c8g.24xlarge did not succeed (status: FAILED). Skipping upload.
[ERROR] Benchmark for c8g.metal-24xl did not succeed (status: FAILED). Skipping upload.
[ERROR] Benchmark for c8g.xlarge did not succeed (status: FAILED). Skipping upload.
[INFO] Starting benchmark for c8g.xlarge (run_uri=c8gxlarge)
[INFO] Starting benchmark for c8g.metal-24xl (run_uri=c8gmetal24xl)
[INFO] Starting benchmark for c8g.24xlarge (run_uri=c8g24xlarge)
[INFO] Benchmark for c8g.large succeeded. Proceeding with upload.
[INFO] Uploading results to s3://2025-coremark/c8g.large
Completed 12.5 KiB/569.4 KiB (121.1 KiB/s) with 7 file(s) remaining
upload: ../../../../../tmp/perfkitbenchmarker/runs/c8glarge/coremark0 to s3://2025-coremark/c8g.large/coremark0
Completed 12.5 KiB/569.4 KiB (121.1 KiB/s) with 6 file(s) remaining
Completed 12.7 KiB/569.4 KiB (120.5 KiB/s) with 6 file(s) remaining
upload: ../../../../../tmp/perfkitbenchmarker/runs/c8glarge/completion_statuses.json to s3://2025-coremark/c8g.large/completion_statuses.json
Completed 12.7 KiB/569.4 KiB (120.5 KiB/s) with 5 file(s) remaining
Completed 15.1 KiB/569.4 KiB (131.9 KiB/s) with 5 file(s) remaining
upload: ../../../../../tmp/perfkitbenchmarker/runs/c8glarge/perfkitbenchmarker_keyfile to s3://2025-coremark/c8g.large/perfkitbenchmarker_keyfile
Completed 15.1 KiB/569.4 KiB (131.9 KiB/s) with 4 file(s) remaining
Completed 15.6 KiB/569.4 KiB (125.2 KiB/s) with 4 file(s) remaining
upload: ../../../../../tmp/perfkitbenchmarker/runs/c8glarge/perfkitbenchmarker_keyfile.pub to s3://2025-coremark/c8g.large/perfkitbenchmarker_keyfile.pub
Completed 15.6 KiB/569.4 KiB (125.2 KiB/s) with 3 file(s) remaining
Completed 16.8 KiB/569.4 KiB (106.1 KiB/s) with 3 file(s) remaining
upload: ../../../../../tmp/perfkitbenchmarker/runs/c8glarge/ssh_config to s3://2025-coremark/c8g.large/ssh_config
Completed 16.8 KiB/569.4 KiB (106.1 KiB/s) with 2 file(s) remaining
Completed 69.3 KiB/569.4 KiB (384.8 KiB/s) with 2 file(s) remaining
upload: ../../../../../tmp/perfkitbenchmarker/runs/c8glarge/perfkitbenchmarker_results.json to s3://2025-coremark/c8g.large/perfkitbenchmarker_results.json
Completed 69.3 KiB/569.4 KiB (384.8 KiB/s) with 1 file(s) remaining
Completed 569.4 KiB/569.4 KiB (3.0 MiB/s) with 1 file(s) remaining 
upload: ../../../../../tmp/perfkitbenchmarker/runs/c8glarge/pkb.log to s3://2025-coremark/c8g.large/pkb.log
[DONE] c8g.large benchmark and upload complete.
[INFO] Benchmark for c8g.2xlarge succeeded. Proceeding with upload.
[INFO] Uploading results to s3://2025-coremark/c8g.2xlarge
Completed 505.6 KiB/575.5 KiB (5.4 MiB/s) with 7 file(s) remaining
Completed 506.2 KiB/575.5 KiB (4.2 MiB/s) with 7 file(s) remaining
upload: ../../../../../tmp/perfkitbenchmarker/runs/c8g2xlarge/perfkitbenchmarker_keyfile.pub to s3://2025-coremark/c8g.2xlarge/perfkitbenchmarker_keyfile.pub
Completed 506.2 KiB/575.5 KiB (4.2 MiB/s) with 6 file(s) remaining
Completed 518.8 KiB/575.5 KiB (4.2 MiB/s) with 6 file(s) remaining
upload: ../../../../../tmp/perfkitbenchmarker/runs/c8g2xlarge/coremark0 to s3://2025-coremark/c8g.2xlarge/coremark0
Completed 518.8 KiB/575.5 KiB (4.2 MiB/s) with 5 file(s) remaining
Completed 518.9 KiB/575.5 KiB (4.2 MiB/s) with 5 file(s) remaining
upload: ../../../../../tmp/perfkitbenchmarker/runs/c8g2xlarge/completion_statuses.json to s3://2025-coremark/c8g.2xlarge/completion_statuses.json
Completed 518.9 KiB/575.5 KiB (4.2 MiB/s) with 4 file(s) remaining
Completed 521.3 KiB/575.5 KiB (4.0 MiB/s) with 4 file(s) remaining
upload: ../../../../../tmp/perfkitbenchmarker/runs/c8g2xlarge/perfkitbenchmarker_keyfile to s3://2025-coremark/c8g.2xlarge/perfkitbenchmarker_keyfile
Completed 521.3 KiB/575.5 KiB (4.0 MiB/s) with 3 file(s) remaining
Completed 522.5 KiB/575.5 KiB (3.7 MiB/s) with 3 file(s) remaining
upload: ../../../../../tmp/perfkitbenchmarker/runs/c8g2xlarge/ssh_config to s3://2025-coremark/c8g.2xlarge/ssh_config
Completed 522.5 KiB/575.5 KiB (3.7 MiB/s) with 2 file(s) remaining
upload: ../../../../../tmp/perfkitbenchmarker/runs/c8g2xlarge/pkb.log to s3://2025-coremark/c8g.2xlarge/pkb.log
Completed 522.5 KiB/575.5 KiB (3.7 MiB/s) with 1 file(s) remaining
Completed 575.5 KiB/575.5 KiB (3.1 MiB/s) with 1 file(s) remaining
upload: ../../../../../tmp/perfkitbenchmarker/runs/c8g2xlarge/perfkitbenchmarker_results.json to s3://2025-coremark/c8g.2xlarge/perfkitbenchmarker_results.json
[DONE] c8g.2xlarge benchmark and upload complete.
[INFO] Benchmark for c8g.medium succeeded. Proceeding with upload.
[INFO] Uploading results to s3://2025-coremark/c8g.medium
Completed 505.3 KiB/574.5 KiB (3.5 MiB/s) with 7 file(s) remaining
Completed 505.4 KiB/574.5 KiB (3.3 MiB/s) with 7 file(s) remaining
upload: ../../../../../tmp/perfkitbenchmarker/runs/c8gmedium/completion_statuses.json to s3://2025-coremark/c8g.medium/completion_statuses.json
Completed 505.4 KiB/574.5 KiB (3.3 MiB/s) with 6 file(s) remaining
Completed 506.6 KiB/574.5 KiB (3.2 MiB/s) with 6 file(s) remaining
upload: ../../../../../tmp/perfkitbenchmarker/runs/c8gmedium/ssh_config to s3://2025-coremark/c8g.medium/ssh_config
Completed 506.6 KiB/574.5 KiB (3.2 MiB/s) with 5 file(s) remaining
Completed 507.2 KiB/574.5 KiB (3.0 MiB/s) with 5 file(s) remaining
upload: ../../../../../tmp/perfkitbenchmarker/runs/c8gmedium/perfkitbenchmarker_keyfile.pub to s3://2025-coremark/c8g.medium/perfkitbenchmarker_keyfile.pub
Completed 507.2 KiB/574.5 KiB (3.0 MiB/s) with 4 file(s) remaining
Completed 519.7 KiB/574.5 KiB (3.0 MiB/s) with 4 file(s) remaining
upload: ../../../../../tmp/perfkitbenchmarker/runs/c8gmedium/coremark0 to s3://2025-coremark/c8g.medium/coremark0
Completed 519.7 KiB/574.5 KiB (3.0 MiB/s) with 3 file(s) remaining
Completed 522.1 KiB/574.5 KiB (3.0 MiB/s) with 3 file(s) remaining
upload: ../../../../../tmp/perfkitbenchmarker/runs/c8gmedium/perfkitbenchmarker_keyfile to s3://2025-coremark/c8g.medium/perfkitbenchmarker_keyfile
Completed 522.1 KiB/574.5 KiB (3.0 MiB/s) with 2 file(s) remaining
upload: ../../../../../tmp/perfkitbenchmarker/runs/c8gmedium/pkb.log to s3://2025-coremark/c8g.medium/pkb.log
Completed 522.1 KiB/574.5 KiB (3.0 MiB/s) with 1 file(s) remaining
Completed 574.5 KiB/574.5 KiB (2.8 MiB/s) with 1 file(s) remaining
upload: ../../../../../tmp/perfkitbenchmarker/runs/c8gmedium/perfkitbenchmarker_results.json to s3://2025-coremark/c8g.medium/perfkitbenchmarker_results.json
[DONE] c8g.medium benchmark and upload complete.
[INFO] Benchmark for c8g.12xlarge succeeded. Proceeding with upload.
[INFO] Uploading results to s3://2025-coremark/c8g.12xlarge
Completed 538.2 KiB/610.8 KiB (3.4 MiB/s) with 7 file(s) remaining
Completed 538.8 KiB/610.8 KiB (3.2 MiB/s) with 7 file(s) remaining
upload: ../../../../../tmp/perfkitbenchmarker/runs/c8g12xlarge/perfkitbenchmarker_keyfile.pub to s3://2025-coremark/c8g.12xlarge/perfkitbenchmarker_keyfile.pub
Completed 538.8 KiB/610.8 KiB (3.2 MiB/s) with 6 file(s) remaining
Completed 594.2 KiB/610.8 KiB (3.3 MiB/s) with 6 file(s) remaining
upload: ../../../../../tmp/perfkitbenchmarker/runs/c8g12xlarge/perfkitbenchmarker_results.json to s3://2025-coremark/c8g.12xlarge/perfkitbenchmarker_results.json
Completed 594.2 KiB/610.8 KiB (3.3 MiB/s) with 5 file(s) remaining
Completed 607.1 KiB/610.8 KiB (3.3 MiB/s) with 5 file(s) remaining
upload: ../../../../../tmp/perfkitbenchmarker/runs/c8g12xlarge/coremark0 to s3://2025-coremark/c8g.12xlarge/coremark0
Completed 607.1 KiB/610.8 KiB (3.3 MiB/s) with 4 file(s) remaining
Completed 608.3 KiB/610.8 KiB (3.3 MiB/s) with 4 file(s) remaining
upload: ../../../../../tmp/perfkitbenchmarker/runs/c8g12xlarge/ssh_config to s3://2025-coremark/c8g.12xlarge/ssh_config
Completed 608.3 KiB/610.8 KiB (3.3 MiB/s) with 3 file(s) remaining
Completed 608.4 KiB/610.8 KiB (3.2 MiB/s) with 3 file(s) remaining
upload: ../../../../../tmp/perfkitbenchmarker/runs/c8g12xlarge/completion_statuses.json to s3://2025-coremark/c8g.12xlarge/completion_statuses.json
Completed 608.4 KiB/610.8 KiB (3.2 MiB/s) with 2 file(s) remaining
Completed 610.8 KiB/610.8 KiB (3.2 MiB/s) with 2 file(s) remaining
upload: ../../../../../tmp/perfkitbenchmarker/runs/c8g12xlarge/perfkitbenchmarker_keyfile to s3://2025-coremark/c8g.12xlarge/perfkitbenchmarker_keyfile
Completed 610.8 KiB/610.8 KiB (3.2 MiB/s) with 1 file(s) remaining
upload: ../../../../../tmp/perfkitbenchmarker/runs/c8g12xlarge/pkb.log to s3://2025-coremark/c8g.12xlarge/pkb.log
[DONE] c8g.12xlarge benchmark and upload complete.
[INFO] Benchmark for c8g.8xlarge succeeded. Proceeding with upload.
[INFO] Uploading results to s3://2025-coremark/c8g.8xlarge
Completed 2.4 KiB/599.7 KiB (26.0 KiB/s) with 7 file(s) remaining
upload: ../../../../../tmp/perfkitbenchmarker/runs/c8g8xlarge/perfkitbenchmarker_keyfile to s3://2025-coremark/c8g.8xlarge/perfkitbenchmarker_keyfile
Completed 2.4 KiB/599.7 KiB (26.0 KiB/s) with 6 file(s) remaining
Completed 530.6 KiB/599.7 KiB (5.5 MiB/s) with 6 file(s) remaining
Completed 530.7 KiB/599.7 KiB (5.3 MiB/s) with 6 file(s) remaining
Completed 585.2 KiB/599.7 KiB (5.8 MiB/s) with 6 file(s) remaining
upload: ../../../../../tmp/perfkitbenchmarker/runs/c8g8xlarge/perfkitbenchmarker_results.json to s3://2025-coremark/c8g.8xlarge/perfkitbenchmarker_results.json
Completed 585.2 KiB/599.7 KiB (5.8 MiB/s) with 5 file(s) remaining
upload: ../../../../../tmp/perfkitbenchmarker/runs/c8g8xlarge/completion_statuses.json to s3://2025-coremark/c8g.8xlarge/completion_statuses.json
Completed 585.2 KiB/599.7 KiB (5.8 MiB/s) with 4 file(s) remaining
Completed 598.0 KiB/599.7 KiB (5.9 MiB/s) with 4 file(s) remaining
upload: ../../../../../tmp/perfkitbenchmarker/runs/c8g8xlarge/coremark0 to s3://2025-coremark/c8g.8xlarge/coremark0
Completed 598.0 KiB/599.7 KiB (5.9 MiB/s) with 3 file(s) remaining
Completed 598.6 KiB/599.7 KiB (5.4 MiB/s) with 3 file(s) remaining
upload: ../../../../../tmp/perfkitbenchmarker/runs/c8g8xlarge/perfkitbenchmarker_keyfile.pub to s3://2025-coremark/c8g.8xlarge/perfkitbenchmarker_keyfile.pub
Completed 598.6 KiB/599.7 KiB (5.4 MiB/s) with 2 file(s) remaining
Completed 599.7 KiB/599.7 KiB (4.4 MiB/s) with 2 file(s) remaining
upload: ../../../../../tmp/perfkitbenchmarker/runs/c8g8xlarge/ssh_config to s3://2025-coremark/c8g.8xlarge/ssh_config
Completed 599.7 KiB/599.7 KiB (4.4 MiB/s) with 1 file(s) remaining
upload: ../../../../../tmp/perfkitbenchmarker/runs/c8g8xlarge/pkb.log to s3://2025-coremark/c8g.8xlarge/pkb.log
[DONE] c8g.8xlarge benchmark and upload complete.
[ALL DONE] 모든 벤치마크 및 업로드 완료!
[INFO] Benchmark for m7gd.metal succeeded. Proceeding with upload.
[INFO] Uploading results to s3://2025-coremark/m7gd.metal
Completed 123 Bytes/1.0 MiB (1.3 KiB/s) with 7 file(s) remaining
upload: ../../../../../tmp/perfkitbenchmarker/runs/m7gdmetal/completion_statuses.json to s3://2025-coremark/m7gd.metal/completion_statuses.json
Completed 123 Bytes/1.0 MiB (1.3 KiB/s) with 6 file(s) remaining
Completed 949.9 KiB/1.0 MiB (8.0 MiB/s) with 6 file(s) remaining
Completed 952.3 KiB/1.0 MiB (7.1 MiB/s) with 6 file(s) remaining
upload: ../../../../../tmp/perfkitbenchmarker/runs/m7gdmetal/perfkitbenchmarker_keyfile to s3://2025-coremark/m7gd.metal/perfkitbenchmarker_keyfile
Completed 952.3 KiB/1.0 MiB (7.1 MiB/s) with 5 file(s) remaining
Completed 1009.7 KiB/1.0 MiB (7.0 MiB/s) with 5 file(s) remaining
upload: ../../../../../tmp/perfkitbenchmarker/runs/m7gdmetal/perfkitbenchmarker_results.json to s3://2025-coremark/m7gd.metal/perfkitbenchmarker_results.json
Completed 1009.7 KiB/1.0 MiB (7.0 MiB/s) with 4 file(s) remaining
Completed 1010.8 KiB/1.0 MiB (6.8 MiB/s) with 4 file(s) remaining
upload: ../../../../../tmp/perfkitbenchmarker/runs/m7gdmetal/ssh_config to s3://2025-coremark/m7gd.metal/ssh_config
Completed 1010.8 KiB/1.0 MiB (6.8 MiB/s) with 3 file(s) remaining
Completed 1011.4 KiB/1.0 MiB (6.3 MiB/s) with 3 file(s) remaining
upload: ../../../../../tmp/perfkitbenchmarker/runs/m7gdmetal/perfkitbenchmarker_keyfile.pub to s3://2025-coremark/m7gd.metal/perfkitbenchmarker_keyfile.pub
Completed 1011.4 KiB/1.0 MiB (6.3 MiB/s) with 2 file(s) remaining
Completed 1.0 MiB/1.0 MiB (6.2 MiB/s) with 2 file(s) remaining   
upload: ../../../../../tmp/perfkitbenchmarker/runs/m7gdmetal/coremark0 to s3://2025-coremark/m7gd.metal/coremark0
Completed 1.0 MiB/1.0 MiB (6.2 MiB/s) with 1 file(s) remaining
upload: ../../../../../tmp/perfkitbenchmarker/runs/m7gdmetal/pkb.log to s3://2025-coremark/m7gd.metal/pkb.log
[DONE] m7gd.metal benchmark and upload complete.
[ALL DONE] 모든 벤치마크 및 업로드 완료!
[INFO] Benchmark for c8g.4xlarge succeeded. Proceeding with upload.
[INFO] Uploading results to s3://2025-coremark/c8g.4xlarge
Completed 124 Bytes/639.3 KiB (1.4 KiB/s) with 7 file(s) remaining
upload: ../../../../../tmp/perfkitbenchmarker/runs/c8g4xlarge/completion_statuses.json to s3://2025-coremark/c8g.4xlarge/completion_statuses.json
Completed 124 Bytes/639.3 KiB (1.4 KiB/s) with 6 file(s) remaining
Completed 568.9 KiB/639.3 KiB (6.5 MiB/s) with 6 file(s) remaining
Completed 571.3 KiB/639.3 KiB (5.7 MiB/s) with 6 file(s) remaining
upload: ../../../../../tmp/perfkitbenchmarker/runs/c8g4xlarge/perfkitbenchmarker_keyfile to s3://2025-coremark/c8g.4xlarge/perfkitbenchmarker_keyfile
Completed 571.3 KiB/639.3 KiB (5.7 MiB/s) with 5 file(s) remaining
Completed 624.9 KiB/639.3 KiB (5.9 MiB/s) with 5 file(s) remaining
upload: ../../../../../tmp/perfkitbenchmarker/runs/c8g4xlarge/perfkitbenchmarker_results.json to s3://2025-coremark/c8g.4xlarge/perfkitbenchmarker_results.json
Completed 624.9 KiB/639.3 KiB (5.9 MiB/s) with 4 file(s) remaining
Completed 625.5 KiB/639.3 KiB (5.3 MiB/s) with 4 file(s) remaining
upload: ../../../../../tmp/perfkitbenchmarker/runs/c8g4xlarge/perfkitbenchmarker_keyfile.pub to s3://2025-coremark/c8g.4xlarge/perfkitbenchmarker_keyfile.pub
Completed 625.5 KiB/639.3 KiB (5.3 MiB/s) with 3 file(s) remaining
Completed 638.2 KiB/639.3 KiB (4.8 MiB/s) with 3 file(s) remaining
upload: ../../../../../tmp/perfkitbenchmarker/runs/c8g4xlarge/coremark0 to s3://2025-coremark/c8g.4xlarge/coremark0
Completed 638.2 KiB/639.3 KiB (4.8 MiB/s) with 2 file(s) remaining
upload: ../../../../../tmp/perfkitbenchmarker/runs/c8g4xlarge/pkb.log to s3://2025-coremark/c8g.4xlarge/pkb.log
Completed 638.2 KiB/639.3 KiB (4.8 MiB/s) with 1 file(s) remaining
Completed 639.3 KiB/639.3 KiB (3.6 MiB/s) with 1 file(s) remaining
upload: ../../../../../tmp/perfkitbenchmarker/runs/c8g4xlarge/ssh_config to s3://2025-coremark/c8g.4xlarge/ssh_config
[DONE] c8g.4xlarge benchmark and upload complete.
[INFO] Benchmark for c8g.48xlarge succeeded. Proceeding with upload.
[INFO] Uploading results to s3://2025-coremark/c8g.48xlarge
Completed 125 Bytes/770.2 KiB (1.4 KiB/s) with 7 file(s) remaining
upload: ../../../../../tmp/perfkitbenchmarker/runs/c8g48xlarge/completion_statuses.json to s3://2025-coremark/c8g.48xlarge/completion_statuses.json
Completed 125 Bytes/770.2 KiB (1.4 KiB/s) with 6 file(s) remaining
Completed 717 Bytes/770.2 KiB (7.8 KiB/s) with 6 file(s) remaining
upload: ../../../../../tmp/perfkitbenchmarker/runs/c8g48xlarge/perfkitbenchmarker_keyfile.pub to s3://2025-coremark/c8g.48xlarge/perfkitbenchmarker_keyfile.pub
Completed 717 Bytes/770.2 KiB (7.8 KiB/s) with 5 file(s) remaining
Completed 3.1 KiB/770.2 KiB (29.8 KiB/s) with 5 file(s) remaining 
upload: ../../../../../tmp/perfkitbenchmarker/runs/c8g48xlarge/perfkitbenchmarker_keyfile to s3://2025-coremark/c8g.48xlarge/perfkitbenchmarker_keyfile
Completed 3.1 KiB/770.2 KiB (29.8 KiB/s) with 4 file(s) remaining
Completed 691.1 KiB/770.2 KiB (6.4 MiB/s) with 4 file(s) remaining
Completed 705.3 KiB/770.2 KiB (6.4 MiB/s) with 4 file(s) remaining
upload: ../../../../../tmp/perfkitbenchmarker/runs/c8g48xlarge/coremark0 to s3://2025-coremark/c8g.48xlarge/coremark0
Completed 705.3 KiB/770.2 KiB (6.4 MiB/s) with 3 file(s) remaining
Completed 706.4 KiB/770.2 KiB (6.0 MiB/s) with 3 file(s) remaining
upload: ../../../../../tmp/perfkitbenchmarker/runs/c8g48xlarge/ssh_config to s3://2025-coremark/c8g.48xlarge/ssh_config
Completed 706.4 KiB/770.2 KiB (6.0 MiB/s) with 2 file(s) remaining
Completed 770.2 KiB/770.2 KiB (5.3 MiB/s) with 2 file(s) remaining
upload: ../../../../../tmp/perfkitbenchmarker/runs/c8g48xlarge/perfkitbenchmarker_results.json to s3://2025-coremark/c8g.48xlarge/perfkitbenchmarker_results.json
Completed 770.2 KiB/770.2 KiB (5.3 MiB/s) with 1 file(s) remaining
upload: ../../../../../tmp/perfkitbenchmarker/runs/c8g48xlarge/pkb.log to s3://2025-coremark/c8g.48xlarge/pkb.log
[DONE] c8g.48xlarge benchmark and upload complete.
[INFO] Benchmark for c8g.16xlarge succeeded. Proceeding with upload.
[INFO] Uploading results to s3://2025-coremark/c8g.16xlarge
Completed 125 Bytes/678.3 KiB (1.1 KiB/s) with 7 file(s) remaining
upload: ../../../../../tmp/perfkitbenchmarker/runs/c8g16xlarge/completion_statuses.json to s3://2025-coremark/c8g.16xlarge/completion_statuses.json
Completed 125 Bytes/678.3 KiB (1.1 KiB/s) with 6 file(s) remaining
Completed 717 Bytes/678.3 KiB (6.3 KiB/s) with 6 file(s) remaining
upload: ../../../../../tmp/perfkitbenchmarker/runs/c8g16xlarge/perfkitbenchmarker_keyfile.pub to s3://2025-coremark/c8g.16xlarge/perfkitbenchmarker_keyfile.pub
Completed 717 Bytes/678.3 KiB (6.3 KiB/s) with 5 file(s) remaining
Completed 13.8 KiB/678.3 KiB (114.6 KiB/s) with 5 file(s) remaining
upload: ../../../../../tmp/perfkitbenchmarker/runs/c8g16xlarge/coremark0 to s3://2025-coremark/c8g.16xlarge/coremark0
Completed 13.8 KiB/678.3 KiB (114.6 KiB/s) with 4 file(s) remaining
Completed 16.2 KiB/678.3 KiB (133.7 KiB/s) with 4 file(s) remaining
upload: ../../../../../tmp/perfkitbenchmarker/runs/c8g16xlarge/perfkitbenchmarker_keyfile to s3://2025-coremark/c8g.16xlarge/perfkitbenchmarker_keyfile
Completed 16.2 KiB/678.3 KiB (133.7 KiB/s) with 3 file(s) remaining
Completed 17.3 KiB/678.3 KiB (141.7 KiB/s) with 3 file(s) remaining
upload: ../../../../../tmp/perfkitbenchmarker/runs/c8g16xlarge/ssh_config to s3://2025-coremark/c8g.16xlarge/ssh_config
Completed 17.3 KiB/678.3 KiB (141.7 KiB/s) with 2 file(s) remaining
Completed 73.7 KiB/678.3 KiB (443.8 KiB/s) with 2 file(s) remaining
upload: ../../../../../tmp/perfkitbenchmarker/runs/c8g16xlarge/perfkitbenchmarker_results.json to s3://2025-coremark/c8g.16xlarge/perfkitbenchmarker_results.json
Completed 73.7 KiB/678.3 KiB (443.8 KiB/s) with 1 file(s) remaining
Completed 678.3 KiB/678.3 KiB (3.1 MiB/s) with 1 file(s) remaining 
upload: ../../../../../tmp/perfkitbenchmarker/runs/c8g16xlarge/pkb.log to s3://2025-coremark/c8g.16xlarge/pkb.log
[DONE] c8g.16xlarge benchmark and upload complete.
[INFO] Benchmark for c8g.xlarge succeeded. Proceeding with upload.
[INFO] Uploading results to s3://2025-coremark/c8g.xlarge
Completed 123 Bytes/678.5 KiB (1.3 KiB/s) with 7 file(s) remaining
upload: ../../../../../tmp/perfkitbenchmarker/runs/c8gxlarge/completion_statuses.json to s3://2025-coremark/c8g.xlarge/completion_statuses.json
Completed 123 Bytes/678.5 KiB (1.3 KiB/s) with 6 file(s) remaining
Completed 12.7 KiB/678.5 KiB (131.6 KiB/s) with 6 file(s) remaining
upload: ../../../../../tmp/perfkitbenchmarker/runs/c8gxlarge/coremark0 to s3://2025-coremark/c8g.xlarge/coremark0
Completed 12.7 KiB/678.5 KiB (131.6 KiB/s) with 5 file(s) remaining
Completed 15.1 KiB/678.5 KiB (144.1 KiB/s) with 5 file(s) remaining
upload: ../../../../../tmp/perfkitbenchmarker/runs/c8gxlarge/perfkitbenchmarker_keyfile to s3://2025-coremark/c8g.xlarge/perfkitbenchmarker_keyfile
Completed 15.1 KiB/678.5 KiB (144.1 KiB/s) with 4 file(s) remaining
Completed 15.7 KiB/678.5 KiB (134.2 KiB/s) with 4 file(s) remaining
upload: ../../../../../tmp/perfkitbenchmarker/runs/c8gxlarge/perfkitbenchmarker_keyfile.pub to s3://2025-coremark/c8g.xlarge/perfkitbenchmarker_keyfile.pub
Completed 15.7 KiB/678.5 KiB (134.2 KiB/s) with 3 file(s) remaining
Completed 16.8 KiB/678.5 KiB (120.2 KiB/s) with 3 file(s) remaining
upload: ../../../../../tmp/perfkitbenchmarker/runs/c8gxlarge/ssh_config to s3://2025-coremark/c8g.xlarge/ssh_config
Completed 16.8 KiB/678.5 KiB (120.2 KiB/s) with 2 file(s) remaining
Completed 69.6 KiB/678.5 KiB (445.9 KiB/s) with 2 file(s) remaining
upload: ../../../../../tmp/perfkitbenchmarker/runs/c8gxlarge/perfkitbenchmarker_results.json to s3://2025-coremark/c8g.xlarge/perfkitbenchmarker_results.json
Completed 69.6 KiB/678.5 KiB (445.9 KiB/s) with 1 file(s) remaining
Completed 678.5 KiB/678.5 KiB (2.3 MiB/s) with 1 file(s) remaining 
upload: ../../../../../tmp/perfkitbenchmarker/runs/c8gxlarge/pkb.log to s3://2025-coremark/c8g.xlarge/pkb.log
[DONE] c8g.xlarge benchmark and upload complete.
[INFO] Benchmark for c8g.24xlarge succeeded. Proceeding with upload.
[INFO] Uploading results to s3://2025-coremark/c8g.24xlarge
Completed 2.4 KiB/741.4 KiB (26.9 KiB/s) with 7 file(s) remaining
upload: ../../../../../tmp/perfkitbenchmarker/runs/c8g24xlarge/perfkitbenchmarker_keyfile to s3://2025-coremark/c8g.24xlarge/perfkitbenchmarker_keyfile
Completed 2.4 KiB/741.4 KiB (26.9 KiB/s) with 6 file(s) remaining
Completed 2.5 KiB/741.4 KiB (28.0 KiB/s) with 6 file(s) remaining
upload: ../../../../../tmp/perfkitbenchmarker/runs/c8g24xlarge/completion_statuses.json to s3://2025-coremark/c8g.24xlarge/completion_statuses.json
Completed 2.5 KiB/741.4 KiB (28.0 KiB/s) with 5 file(s) remaining
Completed 668.3 KiB/741.4 KiB (7.1 MiB/s) with 5 file(s) remaining
Completed 681.6 KiB/741.4 KiB (6.8 MiB/s) with 5 file(s) remaining
upload: ../../../../../tmp/perfkitbenchmarker/runs/c8g24xlarge/coremark0 to s3://2025-coremark/c8g.24xlarge/coremark0
Completed 681.6 KiB/741.4 KiB (6.8 MiB/s) with 4 file(s) remaining
Completed 682.2 KiB/741.4 KiB (6.3 MiB/s) with 4 file(s) remaining
upload: ../../../../../tmp/perfkitbenchmarker/runs/c8g24xlarge/perfkitbenchmarker_keyfile.pub to s3://2025-coremark/c8g.24xlarge/perfkitbenchmarker_keyfile.pub
Completed 682.2 KiB/741.4 KiB (6.3 MiB/s) with 3 file(s) remaining
Completed 683.4 KiB/741.4 KiB (5.9 MiB/s) with 3 file(s) remaining
upload: ../../../../../tmp/perfkitbenchmarker/runs/c8g24xlarge/ssh_config to s3://2025-coremark/c8g.24xlarge/ssh_config
Completed 683.4 KiB/741.4 KiB (5.9 MiB/s) with 2 file(s) remaining
Completed 741.4 KiB/741.4 KiB (5.3 MiB/s) with 2 file(s) remaining
upload: ../../../../../tmp/perfkitbenchmarker/runs/c8g24xlarge/perfkitbenchmarker_results.json to s3://2025-coremark/c8g.24xlarge/perfkitbenchmarker_results.json
Completed 741.4 KiB/741.4 KiB (5.3 MiB/s) with 1 file(s) remaining
upload: ../../../../../tmp/perfkitbenchmarker/runs/c8g24xlarge/pkb.log to s3://2025-coremark/c8g.24xlarge/pkb.log
[DONE] c8g.24xlarge benchmark and upload complete.
[INFO] Benchmark for c8g.metal-48xl succeeded. Proceeding with upload.
[INFO] Uploading results to s3://2025-coremark/c8g.metal-48xl
Completed 126 Bytes/803.1 KiB (1.3 KiB/s) with 7 file(s) remaining
upload: ../../../../../tmp/perfkitbenchmarker/runs/c8gmetal48xl/completion_statuses.json to s3://2025-coremark/c8g.metal-48xl/completion_statuses.json
Completed 126 Bytes/803.1 KiB (1.3 KiB/s) with 6 file(s) remaining
Completed 2.5 KiB/803.1 KiB (25.7 KiB/s) with 6 file(s) remaining 
upload: ../../../../../tmp/perfkitbenchmarker/runs/c8gmetal48xl/perfkitbenchmarker_keyfile to s3://2025-coremark/c8g.metal-48xl/perfkitbenchmarker_keyfile
Completed 2.5 KiB/803.1 KiB (25.7 KiB/s) with 5 file(s) remaining
Completed 3.1 KiB/803.1 KiB (27.5 KiB/s) with 5 file(s) remaining
upload: ../../../../../tmp/perfkitbenchmarker/runs/c8gmetal48xl/perfkitbenchmarker_keyfile.pub to s3://2025-coremark/c8g.metal-48xl/perfkitbenchmarker_keyfile.pub
Completed 3.1 KiB/803.1 KiB (27.5 KiB/s) with 4 file(s) remaining
Completed 17.2 KiB/803.1 KiB (150.3 KiB/s) with 4 file(s) remaining
upload: ../../../../../tmp/perfkitbenchmarker/runs/c8gmetal48xl/coremark0 to s3://2025-coremark/c8g.metal-48xl/coremark0
Completed 17.2 KiB/803.1 KiB (150.3 KiB/s) with 3 file(s) remaining
Completed 18.4 KiB/803.1 KiB (151.4 KiB/s) with 3 file(s) remaining
upload: ../../../../../tmp/perfkitbenchmarker/runs/c8gmetal48xl/ssh_config to s3://2025-coremark/c8g.metal-48xl/ssh_config
Completed 18.4 KiB/803.1 KiB (151.4 KiB/s) with 2 file(s) remaining
Completed 82.4 KiB/803.1 KiB (671.7 KiB/s) with 2 file(s) remaining
upload: ../../../../../tmp/perfkitbenchmarker/runs/c8gmetal48xl/perfkitbenchmarker_results.json to s3://2025-coremark/c8g.metal-48xl/perfkitbenchmarker_results.json
Completed 82.4 KiB/803.1 KiB (671.7 KiB/s) with 1 file(s) remaining
Completed 803.1 KiB/803.1 KiB (4.3 MiB/s) with 1 file(s) remaining 
upload: ../../../../../tmp/perfkitbenchmarker/runs/c8gmetal48xl/pkb.log to s3://2025-coremark/c8g.metal-48xl/pkb.log
[DONE] c8g.metal-48xl benchmark and upload complete.
[ALL DONE] 모든 벤치마크 및 업로드 완료!
[INFO] Benchmark for c8g.metal-24xl succeeded. Proceeding with upload.
[INFO] Uploading results to s3://2025-coremark/c8g.metal-24xl
Completed 126 Bytes/777.1 KiB (1.4 KiB/s) with 7 file(s) remaining
upload: ../../../../../tmp/perfkitbenchmarker/runs/c8gmetal24xl/completion_statuses.json to s3://2025-coremark/c8g.metal-24xl/completion_statuses.json
Completed 126 Bytes/777.1 KiB (1.4 KiB/s) with 6 file(s) remaining
Completed 2.5 KiB/777.1 KiB (26.6 KiB/s) with 6 file(s) remaining 
upload: ../../../../../tmp/perfkitbenchmarker/runs/c8gmetal24xl/perfkitbenchmarker_keyfile to s3://2025-coremark/c8g.metal-24xl/perfkitbenchmarker_keyfile
Completed 2.5 KiB/777.1 KiB (26.6 KiB/s) with 5 file(s) remaining
Completed 703.9 KiB/777.1 KiB (7.2 MiB/s) with 5 file(s) remaining
Completed 704.4 KiB/777.1 KiB (6.7 MiB/s) with 5 file(s) remaining
upload: ../../../../../tmp/perfkitbenchmarker/runs/c8gmetal24xl/perfkitbenchmarker_keyfile.pub to s3://2025-coremark/c8g.metal-24xl/perfkitbenchmarker_keyfile.pub
Completed 704.4 KiB/777.1 KiB (6.7 MiB/s) with 4 file(s) remaining
Completed 717.8 KiB/777.1 KiB (6.1 MiB/s) with 4 file(s) remaining
upload: ../../../../../tmp/perfkitbenchmarker/runs/c8gmetal24xl/coremark0 to s3://2025-coremark/c8g.metal-24xl/coremark0
Completed 717.8 KiB/777.1 KiB (6.1 MiB/s) with 3 file(s) remaining
upload: ../../../../../tmp/perfkitbenchmarker/runs/c8gmetal24xl/pkb.log to s3://2025-coremark/c8g.metal-24xl/pkb.log
Completed 717.8 KiB/777.1 KiB (6.1 MiB/s) with 2 file(s) remaining
Completed 775.9 KiB/777.1 KiB (5.5 MiB/s) with 2 file(s) remaining
upload: ../../../../../tmp/perfkitbenchmarker/runs/c8gmetal24xl/perfkitbenchmarker_results.json to s3://2025-coremark/c8g.metal-24xl/perfkitbenchmarker_results.json
Completed 775.9 KiB/777.1 KiB (5.5 MiB/s) with 1 file(s) remaining
Completed 777.1 KiB/777.1 KiB (4.6 MiB/s) with 1 file(s) remaining
upload: ../../../../../tmp/perfkitbenchmarker/runs/c8gmetal24xl/ssh_config to s3://2025-coremark/c8g.metal-24xl/ssh_config
[DONE] c8g.metal-24xl benchmark and upload complete.
[ALL DONE] 모든 벤치마크 및 업로드 완료!
[INFO] Starting benchmark for x8g.medium (run_uri=x8gmedium)
[INFO] Starting benchmark for x8g.xlarge (run_uri=x8gxlarge)
[INFO] Starting benchmark for x8g.large (run_uri=x8glarge)
[INFO] Starting benchmark for x8g.metal-48xl (run_uri=x8gmetal48xl)
[INFO] Starting benchmark for x8g.8xlarge (run_uri=x8g8xlarge)
[INFO] Starting benchmark for x8g.48xlarge (run_uri=x8g48xlarge)
[INFO] Starting benchmark for x8g.12xlarge (run_uri=x8g12xlarge)
[INFO] Starting benchmark for x8g.2xlarge (run_uri=x8g2xlarge)
[INFO] Starting benchmark for x8g.16xlarge (run_uri=x8g16xlarge)
[INFO] Starting benchmark for x8g.metal-24xl (run_uri=x8gmetal24xl)
[INFO] Starting benchmark for x8g.24xlarge (run_uri=x8g24xlarge)
[INFO] Starting benchmark for x8g.4xlarge (run_uri=x8g4xlarge)
[ERROR] Benchmark for x8g.12xlarge did not succeed (status: FAILED). Skipping upload.
[ERROR] Benchmark for x8g.metal-48xl did not succeed (status: FAILED). Skipping upload.
[ERROR] Benchmark for x8g.metal-24xl did not succeed (status: FAILED). Skipping upload.
[ERROR] Benchmark for x8g.2xlarge did not succeed (status: FAILED). Skipping upload.
[ERROR] Benchmark for x8g.8xlarge did not succeed (status: FAILED). Skipping upload.
[ERROR] Benchmark for x8g.4xlarge did not succeed (status: FAILED). Skipping upload.
[ERROR] Benchmark for x8g.24xlarge did not succeed (status: FAILED). Skipping upload.
[ERROR] Benchmark for x8g.xlarge did not succeed (status: FAILED). Skipping upload.
[ERROR] Benchmark for x8g.16xlarge did not succeed (status: FAILED). Skipping upload.
[ERROR] Benchmark for x8g.48xlarge did not succeed (status: FAILED). Skipping upload.
[ERROR] Benchmark for x8g.large did not succeed (status: FAILED). Skipping upload.
[ERROR] Benchmark for x8g.medium did not succeed (status: FAILED). Skipping upload.
[ALL DONE] 모든 벤치마크 및 업로드 완료!
[INFO] Starting benchmark for x8g.medium (run_uri=x8gmedium)
[INFO] Starting benchmark for x8g.large (run_uri=x8glarge)
[INFO] Starting benchmark for x8g.xlarge (run_uri=x8gxlarge)
[INFO] Starting benchmark for x8g.16xlarge (run_uri=x8g16xlarge)
[INFO] Starting benchmark for x8g.8xlarge (run_uri=x8g8xlarge)
[INFO] Starting benchmark for x8g.12xlarge (run_uri=x8g12xlarge)
[INFO] Starting benchmark for x8g.24xlarge (run_uri=x8g24xlarge)
[INFO] Starting benchmark for x8g.2xlarge (run_uri=x8g2xlarge)
[INFO] Starting benchmark for x8g.metal-48xl (run_uri=x8gmetal48xl)
[INFO] Starting benchmark for x8g.metal-24xl (run_uri=x8gmetal24xl)
[INFO] Starting benchmark for x8g.4xlarge (run_uri=x8g4xlarge)
[INFO] Starting benchmark for x8g.48xlarge (run_uri=x8g48xlarge)
[ERROR] Benchmark for x8g.8xlarge did not succeed (status: FAILED). Skipping upload.
[ERROR] Benchmark for x8g.24xlarge did not succeed (status: FAILED). Skipping upload.
[ERROR] Benchmark for x8g.4xlarge did not succeed (status: FAILED). Skipping upload.
[ERROR] Benchmark for x8g.metal-24xl did not succeed (status: FAILED). Skipping upload.
[ERROR] Benchmark for x8g.large did not succeed (status: FAILED). Skipping upload.
[ERROR] Benchmark for x8g.48xlarge did not succeed (status: FAILED). Skipping upload.
[ERROR] Benchmark for x8g.xlarge did not succeed (status: FAILED). Skipping upload.
[ERROR] Benchmark for x8g.12xlarge did not succeed (status: FAILED). Skipping upload.
[ERROR] Benchmark for x8g.metal-48xl did not succeed (status: FAILED). Skipping upload.
[ERROR] Benchmark for x8g.medium did not succeed (status: FAILED). Skipping upload.
[ERROR] Benchmark for x8g.2xlarge did not succeed (status: FAILED). Skipping upload.
[ERROR] Benchmark for x8g.16xlarge did not succeed (status: FAILED). Skipping upload.
[ALL DONE] 모든 벤치마크 및 업로드 완료!
[INFO] Starting benchmark for x8g.medium (run_uri=x8gmedium)
[INFO] Starting benchmark for x8g.large (run_uri=x8glarge)
[INFO] Starting benchmark for x8g.xlarge (run_uri=x8gxlarge)
[INFO] Starting benchmark for x8g.24xlarge (run_uri=x8g24xlarge)
[INFO] Starting benchmark for x8g.8xlarge (run_uri=x8g8xlarge)
[INFO] Starting benchmark for x8g.2xlarge (run_uri=x8g2xlarge)
[INFO] Starting benchmark for x8g.16xlarge (run_uri=x8g16xlarge)
[INFO] Starting benchmark for x8g.4xlarge (run_uri=x8g4xlarge)
[INFO] Starting benchmark for x8g.12xlarge (run_uri=x8g12xlarge)
[INFO] Starting benchmark for x8g.metal-48xl (run_uri=x8gmetal48xl)
[INFO] Starting benchmark for x8g.metal-24xl (run_uri=x8gmetal24xl)
[INFO] Starting benchmark for x8g.48xlarge (run_uri=x8g48xlarge)
[ERROR] Benchmark for x8g.48xlarge did not succeed (status: FAILED). Skipping upload.
[ERROR] Benchmark for x8g.medium did not succeed (status: FAILED). Skipping upload.
[ERROR] Benchmark for x8g.12xlarge did not succeed (status: FAILED). Skipping upload.
[ERROR] Benchmark for x8g.16xlarge did not succeed (status: FAILED). Skipping upload.
[ERROR] Benchmark for x8g.2xlarge did not succeed (status: FAILED). Skipping upload.
[ERROR] Benchmark for x8g.large did not succeed (status: FAILED). Skipping upload.
[ERROR] Benchmark for x8g.8xlarge did not succeed (status: FAILED). Skipping upload.
[ERROR] Benchmark for x8g.4xlarge did not succeed (status: FAILED). Skipping upload.
[ERROR] Benchmark for x8g.metal-48xl did not succeed (status: FAILED). Skipping upload.
[ERROR] Benchmark for x8g.xlarge did not succeed (status: FAILED). Skipping upload.
[ERROR] Benchmark for x8g.24xlarge did not succeed (status: FAILED). Skipping upload.
[ERROR] Benchmark for x8g.metal-24xl did not succeed (status: FAILED). Skipping upload.
[ALL DONE] 모든 벤치마크 및 업로드 완료!
[INFO] Starting benchmark for x8g.medium (run_uri=x8gmedium)
[INFO] Starting benchmark for x8g.large (run_uri=x8glarge)
[INFO] Starting benchmark for x8g.xlarge (run_uri=x8gxlarge)
[INFO] Starting benchmark for x8g.metal-48xl (run_uri=x8gmetal48xl)
[INFO] Starting benchmark for x8g.8xlarge (run_uri=x8g8xlarge)
[INFO] Starting benchmark for x8g.48xlarge (run_uri=x8g48xlarge)
[INFO] Starting benchmark for x8g.12xlarge (run_uri=x8g12xlarge)
[INFO] Starting benchmark for x8g.16xlarge (run_uri=x8g16xlarge)
[INFO] Starting benchmark for x8g.metal-24xl (run_uri=x8gmetal24xl)
[INFO] Starting benchmark for x8g.24xlarge (run_uri=x8g24xlarge)
[INFO] Starting benchmark for x8g.2xlarge (run_uri=x8g2xlarge)
[INFO] Starting benchmark for x8g.4xlarge (run_uri=x8g4xlarge)
[ERROR] Benchmark for x8g.metal-24xl did not succeed (status: FAILED). Skipping upload.
[ERROR] Benchmark for x8g.48xlarge did not succeed (status: FAILED). Skipping upload.
[ERROR] Benchmark for x8g.metal-48xl did not succeed (status: FAILED). Skipping upload.
[ERROR] Benchmark for x8g.4xlarge did not succeed (status: FAILED). Skipping upload.
[ERROR] Benchmark for x8g.xlarge did not succeed (status: FAILED). Skipping upload.
[ERROR] Benchmark for x8g.16xlarge did not succeed (status: FAILED). Skipping upload.
[ERROR] Benchmark for x8g.24xlarge did not succeed (status: FAILED). Skipping upload.
[ERROR] Benchmark for x8g.medium did not succeed (status: FAILED). Skipping upload.
[ERROR] Benchmark for x8g.12xlarge did not succeed (status: FAILED). Skipping upload.
[ERROR] Benchmark for x8g.2xlarge did not succeed (status: FAILED). Skipping upload.
[ERROR] Benchmark for x8g.8xlarge did not succeed (status: FAILED). Skipping upload.
[ERROR] Benchmark for x8g.large did not succeed (status: FAILED). Skipping upload.
[ALL DONE] 모든 벤치마크 및 업로드 완료!
[INFO] Starting benchmark for x8g.medium (run_uri=x8gmedium)
[INFO] Starting benchmark for x8g.large (run_uri=x8glarge)
[INFO] Starting benchmark for x8g.xlarge (run_uri=x8gxlarge)
[INFO] Starting benchmark for x8g.metal-24xl (run_uri=x8gmetal24xl)
[INFO] Starting benchmark for x8g.24xlarge (run_uri=x8g24xlarge)
[INFO] Starting benchmark for x8g.16xlarge (run_uri=x8g16xlarge)
[INFO] Starting benchmark for x8g.4xlarge (run_uri=x8g4xlarge)
[INFO] Starting benchmark for x8g.12xlarge (run_uri=x8g12xlarge)
[INFO] Starting benchmark for x8g.8xlarge (run_uri=x8g8xlarge)
[INFO] Starting benchmark for x8g.2xlarge (run_uri=x8g2xlarge)
[INFO] Starting benchmark for x8g.48xlarge (run_uri=x8g48xlarge)
[INFO] Starting benchmark for x8g.metal-48xl (run_uri=x8gmetal48xl)
[ERROR] Benchmark for x8g.24xlarge did not succeed (status: FAILED). Skipping upload.
[ERROR] Benchmark for x8g.medium did not succeed (status: FAILED). Skipping upload.
[ERROR] Benchmark for x8g.8xlarge did not succeed (status: FAILED). Skipping upload.
[ERROR] Benchmark for x8g.2xlarge did not succeed (status: FAILED). Skipping upload.
[ERROR] Benchmark for x8g.16xlarge did not succeed (status: FAILED). Skipping upload.
[ERROR] Benchmark for x8g.large did not succeed (status: FAILED). Skipping upload.
[ERROR] Benchmark for x8g.metal-24xl did not succeed (status: FAILED). Skipping upload.
[ERROR] Benchmark for x8g.48xlarge did not succeed (status: FAILED). Skipping upload.
[ERROR] Benchmark for x8g.metal-48xl did not succeed (status: FAILED). Skipping upload.
[ERROR] Benchmark for x8g.4xlarge did not succeed (status: FAILED). Skipping upload.
[ERROR] Benchmark for x8g.12xlarge did not succeed (status: FAILED). Skipping upload.
[ERROR] Benchmark for x8g.xlarge did not succeed (status: FAILED). Skipping upload.
[ALL DONE] 모든 벤치마크 및 업로드 완료!
[INFO] Starting benchmark for x8g.medium (run_uri=x8gmedium)
[INFO] Starting benchmark for x8g.xlarge (run_uri=x8gxlarge)
[INFO] Starting benchmark for x8g.large (run_uri=x8glarge)
[INFO] Starting benchmark for x8g.8xlarge (run_uri=x8g8xlarge)
[INFO] Starting benchmark for x8g.48xlarge (run_uri=x8g48xlarge)
[INFO] Starting benchmark for x8g.12xlarge (run_uri=x8g12xlarge)
[INFO] Starting benchmark for x8g.metal-24xl (run_uri=x8gmetal24xl)
[INFO] Starting benchmark for x8g.24xlarge (run_uri=x8g24xlarge)
[INFO] Starting benchmark for x8g.16xlarge (run_uri=x8g16xlarge)
[INFO] Starting benchmark for x8g.2xlarge (run_uri=x8g2xlarge)
[INFO] Starting benchmark for x8g.4xlarge (run_uri=x8g4xlarge)
[INFO] Starting benchmark for x8g.metal-48xl (run_uri=x8gmetal48xl)
[ERROR] Benchmark for x8g.2xlarge did not succeed (status: FAILED). Skipping upload.
[ERROR] Benchmark for x8g.metal-24xl did not succeed (status: FAILED). Skipping upload.
[ERROR] Benchmark for x8g.12xlarge did not succeed (status: FAILED). Skipping upload.
[ERROR] Benchmark for x8g.24xlarge did not succeed (status: FAILED). Skipping upload.
[ERROR] Benchmark for x8g.4xlarge did not succeed (status: FAILED). Skipping upload.
[ERROR] Benchmark for x8g.48xlarge did not succeed (status: FAILED). Skipping upload.
[ERROR] Benchmark for x8g.16xlarge did not succeed (status: FAILED). Skipping upload.
[ERROR] Benchmark for x8g.xlarge did not succeed (status: FAILED). Skipping upload.
[ERROR] Benchmark for x8g.8xlarge did not succeed (status: FAILED). Skipping upload.
[ERROR] Benchmark for x8g.metal-48xl did not succeed (status: FAILED). Skipping upload.
[INFO] Starting benchmark for x8g.xlarge (run_uri=x8gxlarge)
[INFO] Starting benchmark for x8g.2xlarge (run_uri=x8g2xlarge)
[INFO] Starting benchmark for x8g.4xlarge (run_uri=x8g4xlarge)
[INFO] Starting benchmark for x8g.16xlarge (run_uri=x8g16xlarge)
[INFO] Starting benchmark for x8g.48xlarge (run_uri=x8g48xlarge)
[INFO] Starting benchmark for x8g.8xlarge (run_uri=x8g8xlarge)
[INFO] Starting benchmark for x8g.metal-24xl (run_uri=x8gmetal24xl)
[INFO] Starting benchmark for x8g.metal-48xl (run_uri=x8gmetal48xl)
[INFO] Starting benchmark for x8g.12xlarge (run_uri=x8g12xlarge)
[INFO] Starting benchmark for x8g.24xlarge (run_uri=x8g24xlarge)
[ERROR] Benchmark for x8g.metal-48xl did not succeed (status: FAILED). Skipping upload.
[ERROR] Benchmark for x8g.metal-24xl did not succeed (status: FAILED). Skipping upload.
[ERROR] Benchmark for x8g.48xlarge did not succeed (status: FAILED). Skipping upload.
[ERROR] Benchmark for x8g.xlarge did not succeed (status: FAILED). Skipping upload.
[INFO] Starting benchmark for x8g.xlarge (run_uri=x8gxlarge)
[INFO] Starting benchmark for x8g.48xlarge (run_uri=x8g48xlarge)
[INFO] Starting benchmark for x8g.metal-24xl (run_uri=x8gmetal24xl)
[INFO] Starting benchmark for x8g.metal-48xl (run_uri=x8gmetal48xl)
[ERROR] Benchmark for x8g.48xlarge did not succeed (status: FAILED). Skipping upload.
[ERROR] Benchmark for x8g.metal-48xl did not succeed (status: FAILED). Skipping upload.
[ERROR] Benchmark for x8g.xlarge did not succeed (status: FAILED). Skipping upload.
[ERROR] Benchmark for x8g.metal-24xl did not succeed (status: FAILED). Skipping upload.
[ALL DONE] 모든 벤치마크 및 업로드 완료!
[INFO] Starting benchmark for x8g.xlarge (run_uri=x8gxlarge)
[INFO] Starting benchmark for x8g.48xlarge (run_uri=x8g48xlarge)
[INFO] Starting benchmark for x8g.metal-48xl (run_uri=x8gmetal48xl)
[INFO] Starting benchmark for x8g.metal-24xl (run_uri=x8gmetal24xl)
[ERROR] Benchmark for x8g.metal-48xl did not succeed (status: FAILED). Skipping upload.
[ERROR] Benchmark for x8g.metal-24xl did not succeed (status: FAILED). Skipping upload.
[ERROR] Benchmark for x8g.xlarge did not succeed (status: FAILED). Skipping upload.
[ERROR] Benchmark for x8g.48xlarge did not succeed (status: FAILED). Skipping upload.
[ALL DONE] 모든 벤치마크 및 업로드 완료!
[INFO] Starting benchmark for x8g.xlarge (run_uri=x8gxlarge)
[INFO] Starting benchmark for x8g.metal-48xl (run_uri=x8gmetal48xl)
[INFO] Starting benchmark for x8g.metal-24xl (run_uri=x8gmetal24xl)
[INFO] Starting benchmark for x8g.48xlarge (run_uri=x8g48xlarge)
[ERROR] Benchmark for x8g.48xlarge did not succeed (status: FAILED). Skipping upload.
[ERROR] Benchmark for x8g.xlarge did not succeed (status: FAILED). Skipping upload.
[ERROR] Benchmark for x8g.metal-24xl did not succeed (status: FAILED). Skipping upload.
[ERROR] Benchmark for x8g.metal-48xl did not succeed (status: FAILED). Skipping upload.
[ALL DONE] 모든 벤치마크 및 업로드 완료!
[INFO] Starting benchmark for x8g.xlarge (run_uri=x8gxlarge)
[INFO] Starting benchmark for x8g.48xlarge (run_uri=x8g48xlarge)
[INFO] Starting benchmark for x8g.metal-24xl (run_uri=x8gmetal24xl)
[INFO] Starting benchmark for x8g.metal-48xl (run_uri=x8gmetal48xl)
[ERROR] Benchmark for x8g.metal-24xl did not succeed (status: FAILED). Skipping upload.
[ERROR] Benchmark for x8g.xlarge did not succeed (status: FAILED). Skipping upload.
[ERROR] Benchmark for x8g.48xlarge did not succeed (status: FAILED). Skipping upload.
[ERROR] Benchmark for x8g.metal-48xl did not succeed (status: FAILED). Skipping upload.
[ALL DONE] 모든 벤치마크 및 업로드 완료!
[INFO] Benchmark for x8g.large succeeded. Proceeding with upload.
[INFO] Uploading results to s3://2025-coremark/x8g.large
Completed 2.4 KiB/714.3 KiB (23.3 KiB/s) with 7 file(s) remaining
upload: ../../../../../tmp/perfkitbenchmarker/runs/x8glarge/perfkitbenchmarker_keyfile to s3://2025-coremark/x8g.large/perfkitbenchmarker_keyfile
Completed 2.4 KiB/714.3 KiB (23.3 KiB/s) with 6 file(s) remaining
Completed 2.5 KiB/714.3 KiB (24.2 KiB/s) with 6 file(s) remaining
upload: ../../../../../tmp/perfkitbenchmarker/runs/x8glarge/completion_statuses.json to s3://2025-coremark/x8g.large/completion_statuses.json
Completed 2.5 KiB/714.3 KiB (24.2 KiB/s) with 5 file(s) remaining
Completed 3.1 KiB/714.3 KiB (28.4 KiB/s) with 5 file(s) remaining
upload: ../../../../../tmp/perfkitbenchmarker/runs/x8glarge/perfkitbenchmarker_keyfile.pub to s3://2025-coremark/x8g.large/perfkitbenchmarker_keyfile.pub
Completed 3.1 KiB/714.3 KiB (28.4 KiB/s) with 4 file(s) remaining
Completed 648.1 KiB/714.3 KiB (5.6 MiB/s) with 4 file(s) remaining
Completed 649.2 KiB/714.3 KiB (5.4 MiB/s) with 4 file(s) remaining
upload: ../../../../../tmp/perfkitbenchmarker/runs/x8glarge/ssh_config to s3://2025-coremark/x8g.large/ssh_config
Completed 649.2 KiB/714.3 KiB (5.4 MiB/s) with 3 file(s) remaining
Completed 661.7 KiB/714.3 KiB (5.0 MiB/s) with 3 file(s) remaining
upload: ../../../../../tmp/perfkitbenchmarker/runs/x8glarge/coremark0 to s3://2025-coremark/x8g.large/coremark0
Completed 661.7 KiB/714.3 KiB (5.0 MiB/s) with 2 file(s) remaining
Completed 714.3 KiB/714.3 KiB (4.9 MiB/s) with 2 file(s) remaining
upload: ../../../../../tmp/perfkitbenchmarker/runs/x8glarge/perfkitbenchmarker_results.json to s3://2025-coremark/x8g.large/perfkitbenchmarker_results.json
Completed 714.3 KiB/714.3 KiB (4.9 MiB/s) with 1 file(s) remaining
upload: ../../../../../tmp/perfkitbenchmarker/runs/x8glarge/pkb.log to s3://2025-coremark/x8g.large/pkb.log
[DONE] x8g.large benchmark and upload complete.
[INFO] Benchmark for x8g.medium succeeded. Proceeding with upload.
[INFO] Uploading results to s3://2025-coremark/x8g.medium
Completed 123 Bytes/716.5 KiB (1.2 KiB/s) with 7 file(s) remaining
upload: ../../../../../tmp/perfkitbenchmarker/runs/x8gmedium/completion_statuses.json to s3://2025-coremark/x8g.medium/completion_statuses.json
Completed 123 Bytes/716.5 KiB (1.2 KiB/s) with 6 file(s) remaining
Completed 647.3 KiB/716.5 KiB (6.0 MiB/s) with 6 file(s) remaining
Completed 699.8 KiB/716.5 KiB (6.1 MiB/s) with 6 file(s) remaining
upload: ../../../../../tmp/perfkitbenchmarker/runs/x8gmedium/perfkitbenchmarker_results.json to s3://2025-coremark/x8g.medium/perfkitbenchmarker_results.json
Completed 699.8 KiB/716.5 KiB (6.1 MiB/s) with 5 file(s) remaining
Completed 700.4 KiB/716.5 KiB (5.8 MiB/s) with 5 file(s) remaining
upload: ../../../../../tmp/perfkitbenchmarker/runs/x8gmedium/perfkitbenchmarker_keyfile.pub to s3://2025-coremark/x8g.medium/perfkitbenchmarker_keyfile.pub
Completed 700.4 KiB/716.5 KiB (5.8 MiB/s) with 4 file(s) remaining
Completed 712.9 KiB/716.5 KiB (5.8 MiB/s) with 4 file(s) remaining
upload: ../../../../../tmp/perfkitbenchmarker/runs/x8gmedium/coremark0 to s3://2025-coremark/x8g.medium/coremark0
Completed 712.9 KiB/716.5 KiB (5.8 MiB/s) with 3 file(s) remaining
upload: ../../../../../tmp/perfkitbenchmarker/runs/x8gmedium/pkb.log to s3://2025-coremark/x8g.medium/pkb.log
Completed 712.9 KiB/716.5 KiB (5.8 MiB/s) with 2 file(s) remaining
Completed 715.3 KiB/716.5 KiB (5.2 MiB/s) with 2 file(s) remaining
upload: ../../../../../tmp/perfkitbenchmarker/runs/x8gmedium/perfkitbenchmarker_keyfile to s3://2025-coremark/x8g.medium/perfkitbenchmarker_keyfile
Completed 715.3 KiB/716.5 KiB (5.2 MiB/s) with 1 file(s) remaining
Completed 716.5 KiB/716.5 KiB (3.5 MiB/s) with 1 file(s) remaining
upload: ../../../../../tmp/perfkitbenchmarker/runs/x8gmedium/ssh_config to s3://2025-coremark/x8g.medium/ssh_config
[DONE] x8g.medium benchmark and upload complete.
[ALL DONE] 모든 벤치마크 및 업로드 완료!
[INFO] Starting benchmark for x8g.xlarge (run_uri=x8gxlarge)
[INFO] Starting benchmark for x8g.metal-24xl (run_uri=x8gmetal24xl)
[INFO] Starting benchmark for x8g.48xlarge (run_uri=x8g48xlarge)
[INFO] Starting benchmark for x8g.metal-48xl (run_uri=x8gmetal48xl)
[INFO] Benchmark for x8g.4xlarge succeeded. Proceeding with upload.
[INFO] Uploading results to s3://2025-coremark/x8g.4xlarge
Completed 124 Bytes/755.6 KiB (1.2 KiB/s) with 7 file(s) remaining
upload: ../../../../../tmp/perfkitbenchmarker/runs/x8g4xlarge/completion_statuses.json to s3://2025-coremark/x8g.4xlarge/completion_statuses.json
Completed 124 Bytes/755.6 KiB (1.2 KiB/s) with 6 file(s) remaining
Completed 685.3 KiB/755.6 KiB (6.6 MiB/s) with 6 file(s) remaining
Completed 697.9 KiB/755.6 KiB (6.7 MiB/s) with 6 file(s) remaining
upload: ../../../../../tmp/perfkitbenchmarker/runs/x8g4xlarge/coremark0 to s3://2025-coremark/x8g.4xlarge/coremark0
Completed 697.9 KiB/755.6 KiB (6.7 MiB/s) with 5 file(s) remaining
Completed 698.5 KiB/755.6 KiB (6.6 MiB/s) with 5 file(s) remaining
upload: ../../../../../tmp/perfkitbenchmarker/runs/x8g4xlarge/perfkitbenchmarker_keyfile.pub to s3://2025-coremark/x8g.4xlarge/perfkitbenchmarker_keyfile.pub
Completed 698.5 KiB/755.6 KiB (6.6 MiB/s) with 4 file(s) remaining
Completed 700.9 KiB/755.6 KiB (6.0 MiB/s) with 4 file(s) remaining
upload: ../../../../../tmp/perfkitbenchmarker/runs/x8g4xlarge/perfkitbenchmarker_keyfile to s3://2025-coremark/x8g.4xlarge/perfkitbenchmarker_keyfile
Completed 700.9 KiB/755.6 KiB (6.0 MiB/s) with 3 file(s) remaining
Completed 702.1 KiB/755.6 KiB (5.9 MiB/s) with 3 file(s) remaining
upload: ../../../../../tmp/perfkitbenchmarker/runs/x8g4xlarge/ssh_config to s3://2025-coremark/x8g.4xlarge/ssh_config
Completed 702.1 KiB/755.6 KiB (5.9 MiB/s) with 2 file(s) remaining
Completed 755.6 KiB/755.6 KiB (5.3 MiB/s) with 2 file(s) remaining
upload: ../../../../../tmp/perfkitbenchmarker/runs/x8g4xlarge/perfkitbenchmarker_results.json to s3://2025-coremark/x8g.4xlarge/perfkitbenchmarker_results.json
Completed 755.6 KiB/755.6 KiB (5.3 MiB/s) with 1 file(s) remaining
upload: ../../../../../tmp/perfkitbenchmarker/runs/x8g4xlarge/pkb.log to s3://2025-coremark/x8g.4xlarge/pkb.log
[DONE] x8g.4xlarge benchmark and upload complete.
[INFO] Benchmark for x8g.24xlarge succeeded. Proceeding with upload.
[INFO] Uploading results to s3://2025-coremark/x8g.24xlarge
Completed 592 Bytes/831.0 KiB (5.5 KiB/s) with 7 file(s) remaining
upload: ../../../../../tmp/perfkitbenchmarker/runs/x8g24xlarge/perfkitbenchmarker_keyfile.pub to s3://2025-coremark/x8g.24xlarge/perfkitbenchmarker_keyfile.pub
Completed 592 Bytes/831.0 KiB (5.5 KiB/s) with 6 file(s) remaining
Completed 717 Bytes/831.0 KiB (6.3 KiB/s) with 6 file(s) remaining
upload: ../../../../../tmp/perfkitbenchmarker/runs/x8g24xlarge/completion_statuses.json to s3://2025-coremark/x8g.24xlarge/completion_statuses.json
Completed 717 Bytes/831.0 KiB (6.3 KiB/s) with 5 file(s) remaining
Completed 3.1 KiB/831.0 KiB (26.4 KiB/s) with 5 file(s) remaining 
upload: ../../../../../tmp/perfkitbenchmarker/runs/x8g24xlarge/perfkitbenchmarker_keyfile to s3://2025-coremark/x8g.24xlarge/perfkitbenchmarker_keyfile
Completed 3.1 KiB/831.0 KiB (26.4 KiB/s) with 4 file(s) remaining
Completed 4.3 KiB/831.0 KiB (34.9 KiB/s) with 4 file(s) remaining
upload: ../../../../../tmp/perfkitbenchmarker/runs/x8g24xlarge/ssh_config to s3://2025-coremark/x8g.24xlarge/ssh_config
Completed 4.3 KiB/831.0 KiB (34.9 KiB/s) with 3 file(s) remaining
Completed 62.2 KiB/831.0 KiB (487.7 KiB/s) with 3 file(s) remaining
upload: ../../../../../tmp/perfkitbenchmarker/runs/x8g24xlarge/perfkitbenchmarker_results.json to s3://2025-coremark/x8g.24xlarge/perfkitbenchmarker_results.json
Completed 62.2 KiB/831.0 KiB (487.7 KiB/s) with 2 file(s) remaining
Completed 75.5 KiB/831.0 KiB (544.8 KiB/s) with 2 file(s) remaining
upload: ../../../../../tmp/perfkitbenchmarker/runs/x8g24xlarge/coremark0 to s3://2025-coremark/x8g.24xlarge/coremark0
Completed 75.5 KiB/831.0 KiB (544.8 KiB/s) with 1 file(s) remaining
Completed 831.0 KiB/831.0 KiB (4.4 MiB/s) with 1 file(s) remaining 
upload: ../../../../../tmp/perfkitbenchmarker/runs/x8g24xlarge/pkb.log to s3://2025-coremark/x8g.24xlarge/pkb.log
[DONE] x8g.24xlarge benchmark and upload complete.
[INFO] Benchmark for x8g.8xlarge succeeded. Proceeding with upload.
[INFO] Benchmark for x8g.16xlarge succeeded. Proceeding with upload.
[INFO] Uploading results to s3://2025-coremark/x8g.8xlarge
[INFO] Uploading results to s3://2025-coremark/x8g.16xlarge
Completed 124 Bytes/783.4 KiB (1.2 KiB/s) with 7 file(s) remaining
upload: ../../../../../tmp/perfkitbenchmarker/runs/x8g8xlarge/completion_statuses.json to s3://2025-coremark/x8g.8xlarge/completion_statuses.json
Completed 124 Bytes/783.4 KiB (1.2 KiB/s) with 6 file(s) remaining
Completed 2.5 KiB/783.4 KiB (22.1 KiB/s) with 6 file(s) remaining 
upload: ../../../../../tmp/perfkitbenchmarker/runs/x8g8xlarge/perfkitbenchmarker_keyfile to s3://2025-coremark/x8g.8xlarge/perfkitbenchmarker_keyfile
Completed 2.5 KiB/783.4 KiB (22.1 KiB/s) with 5 file(s) remaining
Completed 714.4 KiB/783.4 KiB (5.4 MiB/s) with 5 file(s) remaining
Completed 715.6 KiB/783.4 KiB (5.1 MiB/s) with 5 file(s) remaining
upload: ../../../../../tmp/perfkitbenchmarker/runs/x8g8xlarge/ssh_config to s3://2025-coremark/x8g.8xlarge/ssh_config
Completed 715.6 KiB/783.4 KiB (5.1 MiB/s) with 4 file(s) remaining
Completed 770.0 KiB/783.4 KiB (5.3 MiB/s) with 4 file(s) remaining
upload: ../../../../../tmp/perfkitbenchmarker/runs/x8g8xlarge/perfkitbenchmarker_results.json to s3://2025-coremark/x8g.8xlarge/perfkitbenchmarker_results.json
Completed 770.0 KiB/783.4 KiB (5.3 MiB/s) with 3 file(s) remaining
Completed 770.6 KiB/783.4 KiB (5.1 MiB/s) with 3 file(s) remaining
upload: ../../../../../tmp/perfkitbenchmarker/runs/x8g8xlarge/perfkitbenchmarker_keyfile.pub to s3://2025-coremark/x8g.8xlarge/perfkitbenchmarker_keyfile.pub
Completed 770.6 KiB/783.4 KiB (5.1 MiB/s) with 2 file(s) remaining
Completed 783.4 KiB/783.4 KiB (4.6 MiB/s) with 2 file(s) remaining
upload: ../../../../../tmp/perfkitbenchmarker/runs/x8g8xlarge/coremark0 to s3://2025-coremark/x8g.8xlarge/coremark0
Completed 783.4 KiB/783.4 KiB (4.6 MiB/s) with 1 file(s) remaining
Completed 731.2 KiB/804.9 KiB (5.8 MiB/s) with 7 file(s) remaining
Completed 731.4 KiB/804.9 KiB (5.7 MiB/s) with 7 file(s) remaining
upload: ../../../../../tmp/perfkitbenchmarker/runs/x8g16xlarge/completion_statuses.json to s3://2025-coremark/x8g.16xlarge/completion_statuses.json
Completed 731.4 KiB/804.9 KiB (5.7 MiB/s) with 6 file(s) remaining
Completed 733.8 KiB/804.9 KiB (5.2 MiB/s) with 6 file(s) remaining
upload: ../../../../../tmp/perfkitbenchmarker/runs/x8g16xlarge/perfkitbenchmarker_keyfile to s3://2025-coremark/x8g.16xlarge/perfkitbenchmarker_keyfile
Completed 733.8 KiB/804.9 KiB (5.2 MiB/s) with 5 file(s) remaining
Completed 734.3 KiB/804.9 KiB (5.1 MiB/s) with 5 file(s) remaining
upload: ../../../../../tmp/perfkitbenchmarker/runs/x8g16xlarge/perfkitbenchmarker_keyfile.pub to s3://2025-coremark/x8g.16xlarge/perfkitbenchmarker_keyfile.pub
Completed 734.3 KiB/804.9 KiB (5.1 MiB/s) with 4 file(s) remaining
Completed 790.7 KiB/804.9 KiB (5.3 MiB/s) with 4 file(s) remaining
upload: ../../../../../tmp/perfkitbenchmarker/runs/x8g16xlarge/perfkitbenchmarker_results.json to s3://2025-coremark/x8g.16xlarge/perfkitbenchmarker_results.json
Completed 790.7 KiB/804.9 KiB (5.3 MiB/s) with 3 file(s) remaining
Completed 803.7 KiB/804.9 KiB (5.1 MiB/s) with 3 file(s) remaining
upload: ../../../../../tmp/perfkitbenchmarker/runs/x8g16xlarge/coremark0 to s3://2025-coremark/x8g.16xlarge/coremark0
Completed 803.7 KiB/804.9 KiB (5.1 MiB/s) with 2 file(s) remaining
Completed 804.9 KiB/804.9 KiB (4.5 MiB/s) with 2 file(s) remaining
upload: ../../../../../tmp/perfkitbenchmarker/runs/x8g16xlarge/ssh_config to s3://2025-coremark/x8g.16xlarge/ssh_config
Completed 804.9 KiB/804.9 KiB (4.5 MiB/s) with 1 file(s) remaining
upload: ../../../../../tmp/perfkitbenchmarker/runs/x8g16xlarge/pkb.log to s3://2025-coremark/x8g.16xlarge/pkb.log
upload: ../../../../../tmp/perfkitbenchmarker/runs/x8g8xlarge/pkb.log to s3://2025-coremark/x8g.8xlarge/pkb.log
[DONE] x8g.16xlarge benchmark and upload complete.
[DONE] x8g.8xlarge benchmark and upload complete.
[INFO] Benchmark for x8g.12xlarge succeeded. Proceeding with upload.
[INFO] Uploading results to s3://2025-coremark/x8g.12xlarge
Completed 713.3 KiB/785.7 KiB (7.6 MiB/s) with 7 file(s) remaining
Completed 713.4 KiB/785.7 KiB (7.0 MiB/s) with 7 file(s) remaining
upload: ../../../../../tmp/perfkitbenchmarker/runs/x8g12xlarge/completion_statuses.json to s3://2025-coremark/x8g.12xlarge/completion_statuses.json
Completed 713.4 KiB/785.7 KiB (7.0 MiB/s) with 6 file(s) remaining
Completed 715.8 KiB/785.7 KiB (6.6 MiB/s) with 6 file(s) remaining
upload: ../../../../../tmp/perfkitbenchmarker/runs/x8g12xlarge/perfkitbenchmarker_keyfile to s3://2025-coremark/x8g.12xlarge/perfkitbenchmarker_keyfile
Completed 715.8 KiB/785.7 KiB (6.6 MiB/s) with 5 file(s) remaining
Completed 728.7 KiB/785.7 KiB (6.6 MiB/s) with 5 file(s) remaining
upload: ../../../../../tmp/perfkitbenchmarker/runs/x8g12xlarge/coremark0 to s3://2025-coremark/x8g.12xlarge/coremark0
Completed 728.7 KiB/785.7 KiB (6.6 MiB/s) with 4 file(s) remaining
Completed 729.3 KiB/785.7 KiB (6.0 MiB/s) with 4 file(s) remaining
upload: ../../../../../tmp/perfkitbenchmarker/runs/x8g12xlarge/perfkitbenchmarker_keyfile.pub to s3://2025-coremark/x8g.12xlarge/perfkitbenchmarker_keyfile.pub
Completed 729.3 KiB/785.7 KiB (6.0 MiB/s) with 3 file(s) remaining
Completed 730.4 KiB/785.7 KiB (5.9 MiB/s) with 3 file(s) remaining
upload: ../../../../../tmp/perfkitbenchmarker/runs/x8g12xlarge/ssh_config to s3://2025-coremark/x8g.12xlarge/ssh_config
Completed 730.4 KiB/785.7 KiB (5.9 MiB/s) with 2 file(s) remaining
upload: ../../../../../tmp/perfkitbenchmarker/runs/x8g12xlarge/pkb.log to s3://2025-coremark/x8g.12xlarge/pkb.log
Completed 730.4 KiB/785.7 KiB (5.9 MiB/s) with 1 file(s) remaining
Completed 785.7 KiB/785.7 KiB (5.5 MiB/s) with 1 file(s) remaining
upload: ../../../../../tmp/perfkitbenchmarker/runs/x8g12xlarge/perfkitbenchmarker_results.json to s3://2025-coremark/x8g.12xlarge/perfkitbenchmarker_results.json
[DONE] x8g.12xlarge benchmark and upload complete.
[INFO] Benchmark for x8g.2xlarge succeeded. Proceeding with upload.
[INFO] Uploading results to s3://2025-coremark/x8g.2xlarge
Completed 592 Bytes/759.7 KiB (5.7 KiB/s) with 7 file(s) remaining
upload: ../../../../../tmp/perfkitbenchmarker/runs/x8g2xlarge/perfkitbenchmarker_keyfile.pub to s3://2025-coremark/x8g.2xlarge/perfkitbenchmarker_keyfile.pub
Completed 592 Bytes/759.7 KiB (5.7 KiB/s) with 6 file(s) remaining
Completed 690.4 KiB/759.7 KiB (6.5 MiB/s) with 6 file(s) remaining
Completed 703.0 KiB/759.7 KiB (6.6 MiB/s) with 6 file(s) remaining
upload: ../../../../../tmp/perfkitbenchmarker/runs/x8g2xlarge/coremark0 to s3://2025-coremark/x8g.2xlarge/coremark0
Completed 703.0 KiB/759.7 KiB (6.6 MiB/s) with 5 file(s) remaining
Completed 756.0 KiB/759.7 KiB (6.7 MiB/s) with 5 file(s) remaining
upload: ../../../../../tmp/perfkitbenchmarker/runs/x8g2xlarge/perfkitbenchmarker_results.json to s3://2025-coremark/x8g.2xlarge/perfkitbenchmarker_results.json
Completed 756.0 KiB/759.7 KiB (6.7 MiB/s) with 4 file(s) remaining
Completed 756.2 KiB/759.7 KiB (6.3 MiB/s) with 4 file(s) remaining
upload: ../../../../../tmp/perfkitbenchmarker/runs/x8g2xlarge/completion_statuses.json to s3://2025-coremark/x8g.2xlarge/completion_statuses.json
Completed 756.2 KiB/759.7 KiB (6.3 MiB/s) with 3 file(s) remaining
Completed 758.6 KiB/759.7 KiB (5.4 MiB/s) with 3 file(s) remaining
upload: ../../../../../tmp/perfkitbenchmarker/runs/x8g2xlarge/perfkitbenchmarker_keyfile to s3://2025-coremark/x8g.2xlarge/perfkitbenchmarker_keyfile
Completed 758.6 KiB/759.7 KiB (5.4 MiB/s) with 2 file(s) remaining
Completed 759.7 KiB/759.7 KiB (5.2 MiB/s) with 2 file(s) remaining
upload: ../../../../../tmp/perfkitbenchmarker/runs/x8g2xlarge/ssh_config to s3://2025-coremark/x8g.2xlarge/ssh_config
Completed 759.7 KiB/759.7 KiB (5.2 MiB/s) with 1 file(s) remaining
upload: ../../../../../tmp/perfkitbenchmarker/runs/x8g2xlarge/pkb.log to s3://2025-coremark/x8g.2xlarge/pkb.log
[DONE] x8g.2xlarge benchmark and upload complete.
[ALL DONE] 모든 벤치마크 및 업로드 완료!
[INFO] Benchmark for x8g.xlarge succeeded. Proceeding with upload.
[INFO] Uploading results to s3://2025-coremark/x8g.xlarge
Completed 716.6 KiB/786.0 KiB (7.4 MiB/s) with 7 file(s) remaining
Completed 719.0 KiB/786.0 KiB (6.4 MiB/s) with 7 file(s) remaining
upload: ../../../../../tmp/perfkitbenchmarker/runs/x8gxlarge/perfkitbenchmarker_keyfile to s3://2025-coremark/x8g.xlarge/perfkitbenchmarker_keyfile
Completed 719.0 KiB/786.0 KiB (6.4 MiB/s) with 6 file(s) remaining
Completed 720.2 KiB/786.0 KiB (6.2 MiB/s) with 6 file(s) remaining
upload: ../../../../../tmp/perfkitbenchmarker/runs/x8gxlarge/ssh_config to s3://2025-coremark/x8g.xlarge/ssh_config
Completed 720.2 KiB/786.0 KiB (6.2 MiB/s) with 5 file(s) remaining
Completed 720.3 KiB/786.0 KiB (5.9 MiB/s) with 5 file(s) remaining
upload: ../../../../../tmp/perfkitbenchmarker/runs/x8gxlarge/completion_statuses.json to s3://2025-coremark/x8g.xlarge/completion_statuses.json
Completed 720.3 KiB/786.0 KiB (5.9 MiB/s) with 4 file(s) remaining
Completed 720.9 KiB/786.0 KiB (5.4 MiB/s) with 4 file(s) remaining
upload: ../../../../../tmp/perfkitbenchmarker/runs/x8gxlarge/perfkitbenchmarker_keyfile.pub to s3://2025-coremark/x8g.xlarge/perfkitbenchmarker_keyfile.pub
Completed 720.9 KiB/786.0 KiB (5.4 MiB/s) with 3 file(s) remaining
Completed 773.7 KiB/786.0 KiB (5.4 MiB/s) with 3 file(s) remaining
upload: ../../../../../tmp/perfkitbenchmarker/runs/x8gxlarge/perfkitbenchmarker_results.json to s3://2025-coremark/x8g.xlarge/perfkitbenchmarker_results.json
Completed 773.7 KiB/786.0 KiB (5.4 MiB/s) with 2 file(s) remaining
Completed 786.0 KiB/786.0 KiB (5.1 MiB/s) with 2 file(s) remaining
upload: ../../../../../tmp/perfkitbenchmarker/runs/x8gxlarge/coremark0 to s3://2025-coremark/x8g.xlarge/coremark0
Completed 786.0 KiB/786.0 KiB (5.1 MiB/s) with 1 file(s) remaining
upload: ../../../../../tmp/perfkitbenchmarker/runs/x8gxlarge/pkb.log to s3://2025-coremark/x8g.xlarge/pkb.log
[DONE] x8g.xlarge benchmark and upload complete.
[INFO] Benchmark for x8g.48xlarge succeeded. Proceeding with upload.
[INFO] Uploading results to s3://2025-coremark/x8g.48xlarge
Completed 2.4 KiB/959.6 KiB (21.5 KiB/s) with 7 file(s) remaining
upload: ../../../../../tmp/perfkitbenchmarker/runs/x8g48xlarge/perfkitbenchmarker_keyfile to s3://2025-coremark/x8g.48xlarge/perfkitbenchmarker_keyfile
Completed 2.4 KiB/959.6 KiB (21.5 KiB/s) with 6 file(s) remaining
Completed 2.5 KiB/959.6 KiB (21.2 KiB/s) with 6 file(s) remaining
upload: ../../../../../tmp/perfkitbenchmarker/runs/x8g48xlarge/completion_statuses.json to s3://2025-coremark/x8g.48xlarge/completion_statuses.json
Completed 2.5 KiB/959.6 KiB (21.2 KiB/s) with 5 file(s) remaining
Completed 880.1 KiB/959.6 KiB (7.1 MiB/s) with 5 file(s) remaining
Completed 880.7 KiB/959.6 KiB (7.0 MiB/s) with 5 file(s) remaining
upload: ../../../../../tmp/perfkitbenchmarker/runs/x8g48xlarge/perfkitbenchmarker_keyfile.pub to s3://2025-coremark/x8g.48xlarge/perfkitbenchmarker_keyfile.pub
Completed 880.7 KiB/959.6 KiB (7.0 MiB/s) with 4 file(s) remaining
Completed 881.9 KiB/959.6 KiB (6.9 MiB/s) with 4 file(s) remaining
upload: ../../../../../tmp/perfkitbenchmarker/runs/x8g48xlarge/ssh_config to s3://2025-coremark/x8g.48xlarge/ssh_config
Completed 881.9 KiB/959.6 KiB (6.9 MiB/s) with 3 file(s) remaining
Completed 945.7 KiB/959.6 KiB (7.3 MiB/s) with 3 file(s) remaining
upload: ../../../../../tmp/perfkitbenchmarker/runs/x8g48xlarge/perfkitbenchmarker_results.json to s3://2025-coremark/x8g.48xlarge/perfkitbenchmarker_results.json
Completed 945.7 KiB/959.6 KiB (7.3 MiB/s) with 2 file(s) remaining
Completed 959.6 KiB/959.6 KiB (7.3 MiB/s) with 2 file(s) remaining
upload: ../../../../../tmp/perfkitbenchmarker/runs/x8g48xlarge/coremark0 to s3://2025-coremark/x8g.48xlarge/coremark0
Completed 959.6 KiB/959.6 KiB (7.3 MiB/s) with 1 file(s) remaining
upload: ../../../../../tmp/perfkitbenchmarker/runs/x8g48xlarge/pkb.log to s3://2025-coremark/x8g.48xlarge/pkb.log
[DONE] x8g.48xlarge benchmark and upload complete.
[INFO] Benchmark for x8g.metal-48xl succeeded. Proceeding with upload.
[INFO] Uploading results to s3://2025-coremark/x8g.metal-48xl
Completed 888.6 KiB/970.7 KiB (9.1 MiB/s) with 7 file(s) remaining
Completed 888.7 KiB/970.7 KiB (8.4 MiB/s) with 7 file(s) remaining
upload: ../../../../../tmp/perfkitbenchmarker/runs/x8gmetal48xl/completion_statuses.json to s3://2025-coremark/x8g.metal-48xl/completion_statuses.json
Completed 888.7 KiB/970.7 KiB (8.4 MiB/s) with 6 file(s) remaining
Completed 889.3 KiB/970.7 KiB (8.3 MiB/s) with 6 file(s) remaining
upload: ../../../../../tmp/perfkitbenchmarker/runs/x8gmetal48xl/perfkitbenchmarker_keyfile.pub to s3://2025-coremark/x8g.metal-48xl/perfkitbenchmarker_keyfile.pub
Completed 889.3 KiB/970.7 KiB (8.3 MiB/s) with 5 file(s) remaining
Completed 953.3 KiB/970.7 KiB (8.0 MiB/s) with 5 file(s) remaining
upload: ../../../../../tmp/perfkitbenchmarker/runs/x8gmetal48xl/perfkitbenchmarker_results.json to s3://2025-coremark/x8g.metal-48xl/perfkitbenchmarker_results.json
Completed 953.3 KiB/970.7 KiB (8.0 MiB/s) with 4 file(s) remaining
Completed 967.2 KiB/970.7 KiB (7.0 MiB/s) with 4 file(s) remaining
upload: ../../../../../tmp/perfkitbenchmarker/runs/x8gmetal48xl/coremark0 to s3://2025-coremark/x8g.metal-48xl/coremark0
Completed 967.2 KiB/970.7 KiB (7.0 MiB/s) with 3 file(s) remaining
Completed 969.6 KiB/970.7 KiB (7.0 MiB/s) with 3 file(s) remaining
upload: ../../../../../tmp/perfkitbenchmarker/runs/x8gmetal48xl/perfkitbenchmarker_keyfile to s3://2025-coremark/x8g.metal-48xl/perfkitbenchmarker_keyfile
Completed 969.6 KiB/970.7 KiB (7.0 MiB/s) with 2 file(s) remaining
upload: ../../../../../tmp/perfkitbenchmarker/runs/x8gmetal48xl/pkb.log to s3://2025-coremark/x8g.metal-48xl/pkb.log
Completed 969.6 KiB/970.7 KiB (7.0 MiB/s) with 1 file(s) remaining
Completed 970.7 KiB/970.7 KiB (6.5 MiB/s) with 1 file(s) remaining
upload: ../../../../../tmp/perfkitbenchmarker/runs/x8gmetal48xl/ssh_config to s3://2025-coremark/x8g.metal-48xl/ssh_config
[DONE] x8g.metal-48xl benchmark and upload complete.
[INFO] Benchmark for x8g.metal-24xl succeeded. Proceeding with upload.
[INFO] Uploading results to s3://2025-coremark/x8g.metal-24xl
Completed 126 Bytes/906.4 KiB (1.4 KiB/s) with 7 file(s) remaining
upload: ../../../../../tmp/perfkitbenchmarker/runs/x8gmetal24xl/completion_statuses.json to s3://2025-coremark/x8g.metal-24xl/completion_statuses.json
Completed 126 Bytes/906.4 KiB (1.4 KiB/s) with 6 file(s) remaining
Completed 13.2 KiB/906.4 KiB (134.5 KiB/s) with 6 file(s) remaining
upload: ../../../../../tmp/perfkitbenchmarker/runs/x8gmetal24xl/coremark0 to s3://2025-coremark/x8g.metal-24xl/coremark0
Completed 13.2 KiB/906.4 KiB (134.5 KiB/s) with 5 file(s) remaining
Completed 843.9 KiB/906.4 KiB (8.1 MiB/s) with 5 file(s) remaining 
Completed 846.3 KiB/906.4 KiB (8.0 MiB/s) with 5 file(s) remaining 
upload: ../../../../../tmp/perfkitbenchmarker/runs/x8gmetal24xl/perfkitbenchmarker_keyfile to s3://2025-coremark/x8g.metal-24xl/perfkitbenchmarker_keyfile
Completed 846.3 KiB/906.4 KiB (8.0 MiB/s) with 4 file(s) remaining
Completed 846.9 KiB/906.4 KiB (7.6 MiB/s) with 4 file(s) remaining
upload: ../../../../../tmp/perfkitbenchmarker/runs/x8gmetal24xl/perfkitbenchmarker_keyfile.pub to s3://2025-coremark/x8g.metal-24xl/perfkitbenchmarker_keyfile.pub
Completed 846.9 KiB/906.4 KiB (7.6 MiB/s) with 3 file(s) remaining
Completed 848.1 KiB/906.4 KiB (7.0 MiB/s) with 3 file(s) remaining
upload: ../../../../../tmp/perfkitbenchmarker/runs/x8gmetal24xl/ssh_config to s3://2025-coremark/x8g.metal-24xl/ssh_config
Completed 848.1 KiB/906.4 KiB (7.0 MiB/s) with 2 file(s) remaining
Completed 906.4 KiB/906.4 KiB (5.8 MiB/s) with 2 file(s) remaining
upload: ../../../../../tmp/perfkitbenchmarker/runs/x8gmetal24xl/perfkitbenchmarker_results.json to s3://2025-coremark/x8g.metal-24xl/perfkitbenchmarker_results.json
Completed 906.4 KiB/906.4 KiB (5.8 MiB/s) with 1 file(s) remaining
upload: ../../../../../tmp/perfkitbenchmarker/runs/x8gmetal24xl/pkb.log to s3://2025-coremark/x8g.metal-24xl/pkb.log
[DONE] x8g.metal-24xl benchmark and upload complete.
[ALL DONE] 모든 벤치마크 및 업로드 완료!
[INFO] Starting benchmark for r8g.medium (run_uri=r8gmedium)
[INFO] Starting benchmark for r8g.xlarge (run_uri=r8gxlarge)
[INFO] Starting benchmark for r8g.large (run_uri=r8glarge)
[INFO] Starting benchmark for r8g.12xlarge (run_uri=r8g12xlarge)
[INFO] Starting benchmark for r8g.48xlarge (run_uri=r8g48xlarge)
[INFO] Starting benchmark for r8g.metal-24xl (run_uri=r8gmetal24xl)
[INFO] Starting benchmark for r8g.2xlarge (run_uri=r8g2xlarge)
[INFO] Starting benchmark for r8g.4xlarge (run_uri=r8g4xlarge)
[INFO] Starting benchmark for r8g.8xlarge (run_uri=r8g8xlarge)
[INFO] Starting benchmark for r8g.24xlarge (run_uri=r8g24xlarge)
[INFO] Starting benchmark for r8g.metal-48xl (run_uri=r8gmetal48xl)
[INFO] Starting benchmark for r8g.16xlarge (run_uri=r8g16xlarge)
[ERROR] Benchmark for r8g.medium did not succeed (status: FAILED). Skipping upload.
[ERROR] Benchmark for r8g.12xlarge did not succeed (status: FAILED). Skipping upload.
[ERROR] Benchmark for r8g.metal-24xl did not succeed (status: FAILED). Skipping upload.
[ERROR] Benchmark for r8g.8xlarge did not succeed (status: FAILED). Skipping upload.
[ERROR] Benchmark for r8g.4xlarge did not succeed (status: FAILED). Skipping upload.
[ERROR] Benchmark for r8g.16xlarge did not succeed (status: FAILED). Skipping upload.
[ERROR] Benchmark for r8g.2xlarge did not succeed (status: FAILED). Skipping upload.
[ERROR] Benchmark for r8g.metal-48xl did not succeed (status: FAILED). Skipping upload.
[ERROR] Benchmark for r8g.24xlarge did not succeed (status: FAILED). Skipping upload.
[INFO] Starting benchmark for r8g.medium (run_uri=r8gmedium)
[INFO] Starting benchmark for r8g.2xlarge (run_uri=r8g2xlarge)
[INFO] Starting benchmark for r8g.4xlarge (run_uri=r8g4xlarge)
[INFO] Starting benchmark for r8g.12xlarge (run_uri=r8g12xlarge)
[INFO] Starting benchmark for r8g.metal-24xl (run_uri=r8gmetal24xl)
[INFO] Starting benchmark for r8g.8xlarge (run_uri=r8g8xlarge)
[INFO] Starting benchmark for r8g.24xlarge (run_uri=r8g24xlarge)
[INFO] Starting benchmark for r8g.16xlarge (run_uri=r8g16xlarge)
[INFO] Starting benchmark for r8g.metal-48xl (run_uri=r8gmetal48xl)
[ERROR] Benchmark for r8g.8xlarge did not succeed (status: FAILED). Skipping upload.
[ERROR] Benchmark for r8g.4xlarge did not succeed (status: FAILED). Skipping upload.
[ERROR] Benchmark for r8g.24xlarge did not succeed (status: FAILED). Skipping upload.
[ERROR] Benchmark for r8g.2xlarge did not succeed (status: FAILED). Skipping upload.
[ERROR] Benchmark for r8g.16xlarge did not succeed (status: FAILED). Skipping upload.
[ERROR] Benchmark for r8g.medium did not succeed (status: FAILED). Skipping upload.
[ERROR] Benchmark for r8g.12xlarge did not succeed (status: FAILED). Skipping upload.
[ERROR] Benchmark for r8g.metal-48xl did not succeed (status: FAILED). Skipping upload.
[ERROR] Benchmark for r8g.metal-24xl did not succeed (status: FAILED). Skipping upload.
[ALL DONE] 모든 벤치마크 및 업로드 완료!
./test.sh: line 92: unexpected EOF while looking for matching `"'
[INFO] Starting benchmark for r8g.medium (run_uri=r8gmedium)
[INFO] Starting benchmark for r8g.2xlarge (run_uri=r8g2xlarge)
[INFO] Starting benchmark for r8g.12xlarge (run_uri=r8g12xlarge)
[INFO] Starting benchmark for r8g.8xlarge (run_uri=r8g8xlarge)
[INFO] Starting benchmark for r8g.16xlarge (run_uri=r8g16xlarge)
[INFO] Starting benchmark for r8g.metal-24xl (run_uri=r8gmetal24xl)
[INFO] Starting benchmark for r8g.metal-48xl (run_uri=r8gmetal48xl)
[INFO] Starting benchmark for r8g.24xlarge (run_uri=r8g24xlarge)
[INFO] Starting benchmark for r8g.4xlarge (run_uri=r8g4xlarge)
[ERROR] Benchmark for r8g.metal-48xl did not succeed (status: FAILED). Skipping upload.
[ERROR] Benchmark for r8g.24xlarge did not succeed (status: FAILED). Skipping upload.
[ERROR] Benchmark for r8g.8xlarge did not succeed (status: FAILED). Skipping upload.
[ERROR] Benchmark for r8g.metal-24xl did not succeed (status: FAILED). Skipping upload.
[ERROR] Benchmark for r8g.12xlarge did not succeed (status: FAILED). Skipping upload.
[ERROR] Benchmark for r8g.4xlarge did not succeed (status: FAILED). Skipping upload.
[INFO] Starting benchmark for r8g.8xlarge (run_uri=r8g8xlarge)
[INFO] Starting benchmark for r8g.12xlarge (run_uri=r8g12xlarge)
[INFO] Starting benchmark for r8g.4xlarge (run_uri=r8g4xlarge)
[INFO] Starting benchmark for r8g.24xlarge (run_uri=r8g24xlarge)
[INFO] Starting benchmark for r8g.metal-48xl (run_uri=r8gmetal48xl)
[INFO] Starting benchmark for r8g.metal-24xl (run_uri=r8gmetal24xl)
[ERROR] Benchmark for r8g.8xlarge did not succeed (status: FAILED). Skipping upload.
[ERROR] Benchmark for r8g.4xlarge did not succeed (status: FAILED). Skipping upload.
[ERROR] Benchmark for r8g.12xlarge did not succeed (status: FAILED). Skipping upload.
[ERROR] Benchmark for r8g.24xlarge did not succeed (status: FAILED). Skipping upload.
[ERROR] Benchmark for r8g.metal-48xl did not succeed (status: FAILED). Skipping upload.
[ERROR] Benchmark for r8g.metal-24xl did not succeed (status: FAILED). Skipping upload.
[ALL DONE] 모든 벤치마크 및 업로드 완료!
[INFO] Benchmark for r8g.large succeeded. Proceeding with upload.
[INFO] Uploading results to s3://2025-coremark/r8g.large
Completed 122 Bytes/553.1 KiB (1.3 KiB/s) with 7 file(s) remaining
upload: ../../../../../tmp/perfkitbenchmarker/runs/r8glarge/completion_statuses.json to s3://2025-coremark/r8g.large/completion_statuses.json
Completed 122 Bytes/553.1 KiB (1.3 KiB/s) with 6 file(s) remaining
Completed 12.7 KiB/553.1 KiB (115.0 KiB/s) with 6 file(s) remaining
upload: ../../../../../tmp/perfkitbenchmarker/runs/r8glarge/coremark0 to s3://2025-coremark/r8g.large/coremark0
Completed 12.7 KiB/553.1 KiB (115.0 KiB/s) with 5 file(s) remaining
Completed 13.2 KiB/553.1 KiB (117.0 KiB/s) with 5 file(s) remaining
upload: ../../../../../tmp/perfkitbenchmarker/runs/r8glarge/perfkitbenchmarker_keyfile.pub to s3://2025-coremark/r8g.large/perfkitbenchmarker_keyfile.pub
Completed 13.2 KiB/553.1 KiB (117.0 KiB/s) with 4 file(s) remaining
Completed 497.0 KiB/553.1 KiB (4.2 MiB/s) with 4 file(s) remaining 
Completed 549.5 KiB/553.1 KiB (3.6 MiB/s) with 4 file(s) remaining 
upload: ../../../../../tmp/perfkitbenchmarker/runs/r8glarge/perfkitbenchmarker_results.json to s3://2025-coremark/r8g.large/perfkitbenchmarker_results.json
Completed 549.5 KiB/553.1 KiB (3.6 MiB/s) with 3 file(s) remaining
Completed 551.9 KiB/553.1 KiB (3.4 MiB/s) with 3 file(s) remaining
upload: ../../../../../tmp/perfkitbenchmarker/runs/r8glarge/perfkitbenchmarker_keyfile to s3://2025-coremark/r8g.large/perfkitbenchmarker_keyfile
Completed 551.9 KiB/553.1 KiB (3.4 MiB/s) with 2 file(s) remaining
Completed 553.1 KiB/553.1 KiB (3.4 MiB/s) with 2 file(s) remaining
upload: ../../../../../tmp/perfkitbenchmarker/runs/r8glarge/ssh_config to s3://2025-coremark/r8g.large/ssh_config
Completed 553.1 KiB/553.1 KiB (3.4 MiB/s) with 1 file(s) remaining
upload: ../../../../../tmp/perfkitbenchmarker/runs/r8glarge/pkb.log to s3://2025-coremark/r8g.large/pkb.log
[DONE] r8g.large benchmark and upload complete.
[INFO] Starting benchmark for r8g.4xlarge (run_uri=r8g4xlarge)
[INFO] Starting benchmark for r8g.8xlarge (run_uri=r8g8xlarge)
[INFO] Starting benchmark for r8g.12xlarge (run_uri=r8g12xlarge)
[INFO] Starting benchmark for r8g.24xlarge (run_uri=r8g24xlarge)
[INFO] Starting benchmark for r8g.metal-24xl (run_uri=r8gmetal24xl)
[INFO] Starting benchmark for r8g.metal-48xl (run_uri=r8gmetal48xl)
[ERROR] Benchmark for r8g.48xlarge did not succeed (status: FAILED). Skipping upload.
[INFO] Benchmark for r8g.xlarge succeeded. Proceeding with upload.
[INFO] Uploading results to s3://2025-coremark/r8g.xlarge
Completed 123 Bytes/564.5 KiB (1.1 KiB/s) with 7 file(s) remaining
upload: ../../../../../tmp/perfkitbenchmarker/runs/r8gxlarge/completion_statuses.json to s3://2025-coremark/r8g.xlarge/completion_statuses.json
Completed 123 Bytes/564.5 KiB (1.1 KiB/s) with 6 file(s) remaining
Completed 495.1 KiB/564.5 KiB (3.9 MiB/s) with 6 file(s) remaining
upload: ../../../../../tmp/perfkitbenchmarker/runs/r8gxlarge/pkb.log to s3://2025-coremark/r8g.xlarge/pkb.log
Completed 495.1 KiB/564.5 KiB (3.9 MiB/s) with 5 file(s) remaining
Completed 497.5 KiB/564.5 KiB (3.1 MiB/s) with 5 file(s) remaining
upload: ../../../../../tmp/perfkitbenchmarker/runs/r8gxlarge/perfkitbenchmarker_keyfile to s3://2025-coremark/r8g.xlarge/perfkitbenchmarker_keyfile
Completed 497.5 KiB/564.5 KiB (3.1 MiB/s) with 4 file(s) remaining
Completed 510.1 KiB/564.5 KiB (3.1 MiB/s) with 4 file(s) remaining
upload: ../../../../../tmp/perfkitbenchmarker/runs/r8gxlarge/coremark0 to s3://2025-coremark/r8g.xlarge/coremark0
Completed 510.1 KiB/564.5 KiB (3.1 MiB/s) with 3 file(s) remaining
Completed 510.7 KiB/564.5 KiB (2.7 MiB/s) with 3 file(s) remaining
upload: ../../../../../tmp/perfkitbenchmarker/runs/r8gxlarge/perfkitbenchmarker_keyfile.pub to s3://2025-coremark/r8g.xlarge/perfkitbenchmarker_keyfile.pub
Completed 510.7 KiB/564.5 KiB (2.7 MiB/s) with 2 file(s) remaining
Completed 563.4 KiB/564.5 KiB (2.7 MiB/s) with 2 file(s) remaining
upload: ../../../../../tmp/perfkitbenchmarker/runs/r8gxlarge/perfkitbenchmarker_results.json to s3://2025-coremark/r8g.xlarge/perfkitbenchmarker_results.json
Completed 563.4 KiB/564.5 KiB (2.7 MiB/s) with 1 file(s) remaining
Completed 564.5 KiB/564.5 KiB (2.2 MiB/s) with 1 file(s) remaining
upload: ../../../../../tmp/perfkitbenchmarker/runs/r8gxlarge/ssh_config to s3://2025-coremark/r8g.xlarge/ssh_config
[DONE] r8g.xlarge benchmark and upload complete.
[ALL DONE] 모든 벤치마크 및 업로드 완료!
[ERROR] Benchmark for r8g.metal-24xl did not succeed (status: FAILED). Skipping upload.
[ERROR] Benchmark for r8g.24xlarge did not succeed (status: FAILED). Skipping upload.
[ERROR] Benchmark for r8g.metal-48xl did not succeed (status: FAILED). Skipping upload.
[ERROR] Benchmark for r8g.8xlarge did not succeed (status: FAILED). Skipping upload.
[ERROR] Benchmark for r8g.12xlarge did not succeed (status: FAILED). Skipping upload.
[ERROR] Benchmark for r8g.4xlarge did not succeed (status: FAILED). Skipping upload.
[ALL DONE] 모든 벤치마크 및 업로드 완료!
[INFO] Starting benchmark for r8g.4xlarge (run_uri=r8g4xlarge)
[INFO] Starting benchmark for r8g.8xlarge (run_uri=r8g8xlarge)
[INFO] Starting benchmark for r8g.12xlarge (run_uri=r8g12xlarge)
[INFO] Starting benchmark for r8g.metal-24xl (run_uri=r8gmetal24xl)
[INFO] Starting benchmark for r8g.24xlarge (run_uri=r8g24xlarge)
[INFO] Starting benchmark for r8g.metal-48xl (run_uri=r8gmetal48xl)
[INFO] Benchmark for r8g.medium succeeded. Proceeding with upload.
[INFO] Uploading results to s3://2025-coremark/r8g.medium
Completed 123 Bytes/646.3 KiB (1.3 KiB/s) with 7 file(s) remaining
upload: ../../../../../tmp/perfkitbenchmarker/runs/r8gmedium/completion_statuses.json to s3://2025-coremark/r8g.medium/completion_statuses.json
Completed 123 Bytes/646.3 KiB (1.3 KiB/s) with 6 file(s) remaining
Completed 2.5 KiB/646.3 KiB (26.2 KiB/s) with 6 file(s) remaining 
upload: ../../../../../tmp/perfkitbenchmarker/runs/r8gmedium/perfkitbenchmarker_keyfile to s3://2025-coremark/r8g.medium/perfkitbenchmarker_keyfile
Completed 2.5 KiB/646.3 KiB (26.2 KiB/s) with 5 file(s) remaining
Completed 3.1 KiB/646.3 KiB (31.4 KiB/s) with 5 file(s) remaining
upload: ../../../../../tmp/perfkitbenchmarker/runs/r8gmedium/perfkitbenchmarker_keyfile.pub to s3://2025-coremark/r8g.medium/perfkitbenchmarker_keyfile.pub
Completed 3.1 KiB/646.3 KiB (31.4 KiB/s) with 4 file(s) remaining
Completed 15.6 KiB/646.3 KiB (154.6 KiB/s) with 4 file(s) remaining
upload: ../../../../../tmp/perfkitbenchmarker/runs/r8gmedium/coremark0 to s3://2025-coremark/r8g.medium/coremark0
Completed 15.6 KiB/646.3 KiB (154.6 KiB/s) with 3 file(s) remaining
Completed 592.4 KiB/646.3 KiB (5.6 MiB/s) with 3 file(s) remaining 
Completed 593.6 KiB/646.3 KiB (5.1 MiB/s) with 3 file(s) remaining 
upload: ../../../../../tmp/perfkitbenchmarker/runs/r8gmedium/ssh_config to s3://2025-coremark/r8g.medium/ssh_config
Completed 593.6 KiB/646.3 KiB (5.1 MiB/s) with 2 file(s) remaining
Completed 646.3 KiB/646.3 KiB (3.8 MiB/s) with 2 file(s) remaining
upload: ../../../../../tmp/perfkitbenchmarker/runs/r8gmedium/perfkitbenchmarker_results.json to s3://2025-coremark/r8g.medium/perfkitbenchmarker_results.json
Completed 646.3 KiB/646.3 KiB (3.8 MiB/s) with 1 file(s) remaining
upload: ../../../../../tmp/perfkitbenchmarker/runs/r8gmedium/pkb.log to s3://2025-coremark/r8g.medium/pkb.log
[DONE] r8g.medium benchmark and upload complete.
[INFO] Benchmark for r8g.2xlarge succeeded. Proceeding with upload.
[INFO] Uploading results to s3://2025-coremark/r8g.2xlarge
Completed 124 Bytes/662.9 KiB (1.3 KiB/s) with 7 file(s) remaining
upload: ../../../../../tmp/perfkitbenchmarker/runs/r8g2xlarge/completion_statuses.json to s3://2025-coremark/r8g.2xlarge/completion_statuses.json
Completed 124 Bytes/662.9 KiB (1.3 KiB/s) with 6 file(s) remaining
Completed 2.5 KiB/662.9 KiB (26.4 KiB/s) with 6 file(s) remaining 
upload: ../../../../../tmp/perfkitbenchmarker/runs/r8g2xlarge/perfkitbenchmarker_keyfile to s3://2025-coremark/r8g.2xlarge/perfkitbenchmarker_keyfile
Completed 2.5 KiB/662.9 KiB (26.4 KiB/s) with 5 file(s) remaining
Completed 15.1 KiB/662.9 KiB (149.7 KiB/s) with 5 file(s) remaining
upload: ../../../../../tmp/perfkitbenchmarker/runs/r8g2xlarge/coremark0 to s3://2025-coremark/r8g.2xlarge/coremark0
Completed 15.1 KiB/662.9 KiB (149.7 KiB/s) with 4 file(s) remaining
Completed 608.1 KiB/662.9 KiB (5.8 MiB/s) with 4 file(s) remaining 
Completed 609.3 KiB/662.9 KiB (5.3 MiB/s) with 4 file(s) remaining 
upload: ../../../../../tmp/perfkitbenchmarker/runs/r8g2xlarge/ssh_config to s3://2025-coremark/r8g.2xlarge/ssh_config
Completed 609.3 KiB/662.9 KiB (5.3 MiB/s) with 3 file(s) remaining
Completed 609.9 KiB/662.9 KiB (5.0 MiB/s) with 3 file(s) remaining
upload: ../../../../../tmp/perfkitbenchmarker/runs/r8g2xlarge/perfkitbenchmarker_keyfile.pub to s3://2025-coremark/r8g.2xlarge/perfkitbenchmarker_keyfile.pub
Completed 609.9 KiB/662.9 KiB (5.0 MiB/s) with 2 file(s) remaining
Completed 662.9 KiB/662.9 KiB (5.0 MiB/s) with 2 file(s) remaining
upload: ../../../../../tmp/perfkitbenchmarker/runs/r8g2xlarge/perfkitbenchmarker_results.json to s3://2025-coremark/r8g.2xlarge/perfkitbenchmarker_results.json
Completed 662.9 KiB/662.9 KiB (5.0 MiB/s) with 1 file(s) remaining
upload: ../../../../../tmp/perfkitbenchmarker/runs/r8g2xlarge/pkb.log to s3://2025-coremark/r8g.2xlarge/pkb.log
[DONE] r8g.2xlarge benchmark and upload complete.
[ERROR] Benchmark for r8g.16xlarge did not succeed (status: FAILED). Skipping upload.
[ALL DONE] 모든 벤치마크 및 업로드 완료!
[INFO] Benchmark for r8g.24xlarge succeeded. Proceeding with upload.
[INFO] Uploading results to s3://2025-coremark/r8g.24xlarge
Completed 587.1 KiB/662.5 KiB (6.3 MiB/s) with 7 file(s) remaining
Completed 587.2 KiB/662.5 KiB (6.1 MiB/s) with 7 file(s) remaining
upload: ../../../../../tmp/perfkitbenchmarker/runs/r8g24xlarge/completion_statuses.json to s3://2025-coremark/r8g.24xlarge/completion_statuses.json
Completed 587.2 KiB/662.5 KiB (6.1 MiB/s) with 6 file(s) remaining
Completed 589.6 KiB/662.5 KiB (5.6 MiB/s) with 6 file(s) remaining
upload: ../../../../../tmp/perfkitbenchmarker/runs/r8g24xlarge/perfkitbenchmarker_keyfile to s3://2025-coremark/r8g.24xlarge/perfkitbenchmarker_keyfile
Completed 589.6 KiB/662.5 KiB (5.6 MiB/s) with 5 file(s) remaining
Completed 590.8 KiB/662.5 KiB (5.4 MiB/s) with 5 file(s) remaining
upload: ../../../../../tmp/perfkitbenchmarker/runs/r8g24xlarge/ssh_config to s3://2025-coremark/r8g.24xlarge/ssh_config
Completed 590.8 KiB/662.5 KiB (5.4 MiB/s) with 4 file(s) remaining
Completed 591.4 KiB/662.5 KiB (5.4 MiB/s) with 4 file(s) remaining
upload: ../../../../../tmp/perfkitbenchmarker/runs/r8g24xlarge/perfkitbenchmarker_keyfile.pub to s3://2025-coremark/r8g.24xlarge/perfkitbenchmarker_keyfile.pub
Completed 591.4 KiB/662.5 KiB (5.4 MiB/s) with 3 file(s) remaining
Completed 649.4 KiB/662.5 KiB (4.4 MiB/s) with 3 file(s) remaining
upload: ../../../../../tmp/perfkitbenchmarker/runs/r8g24xlarge/perfkitbenchmarker_results.json to s3://2025-coremark/r8g.24xlarge/perfkitbenchmarker_results.json
Completed 649.4 KiB/662.5 KiB (4.4 MiB/s) with 2 file(s) remaining
upload: ../../../../../tmp/perfkitbenchmarker/runs/r8g24xlarge/pkb.log to s3://2025-coremark/r8g.24xlarge/pkb.log
Completed 649.4 KiB/662.5 KiB (4.4 MiB/s) with 1 file(s) remaining
Completed 662.5 KiB/662.5 KiB (3.7 MiB/s) with 1 file(s) remaining
upload: ../../../../../tmp/perfkitbenchmarker/runs/r8g24xlarge/coremark0 to s3://2025-coremark/r8g.24xlarge/coremark0
[DONE] r8g.24xlarge benchmark and upload complete.
[INFO] Benchmark for r8g.12xlarge succeeded. Proceeding with upload.
[INFO] Uploading results to s3://2025-coremark/r8g.12xlarge
Completed 125 Bytes/630.6 KiB (1.5 KiB/s) with 7 file(s) remaining
upload: ../../../../../tmp/perfkitbenchmarker/runs/r8g12xlarge/completion_statuses.json to s3://2025-coremark/r8g.12xlarge/completion_statuses.json
Completed 125 Bytes/630.6 KiB (1.5 KiB/s) with 6 file(s) remaining
Completed 12.8 KiB/630.6 KiB (153.9 KiB/s) with 6 file(s) remaining
upload: ../../../../../tmp/perfkitbenchmarker/runs/r8g12xlarge/coremark0 to s3://2025-coremark/r8g.12xlarge/coremark0
Completed 12.8 KiB/630.6 KiB (153.9 KiB/s) with 5 file(s) remaining
Completed 15.2 KiB/630.6 KiB (176.3 KiB/s) with 5 file(s) remaining
upload: ../../../../../tmp/perfkitbenchmarker/runs/r8g12xlarge/perfkitbenchmarker_keyfile to s3://2025-coremark/r8g.12xlarge/perfkitbenchmarker_keyfile
Completed 15.2 KiB/630.6 KiB (176.3 KiB/s) with 4 file(s) remaining
Completed 573.3 KiB/630.6 KiB (6.3 MiB/s) with 4 file(s) remaining 
Completed 573.9 KiB/630.6 KiB (5.2 MiB/s) with 4 file(s) remaining 
upload: ../../../../../tmp/perfkitbenchmarker/runs/r8g12xlarge/perfkitbenchmarker_keyfile.pub to s3://2025-coremark/r8g.12xlarge/perfkitbenchmarker_keyfile.pub
Completed 573.9 KiB/630.6 KiB (5.2 MiB/s) with 3 file(s) remaining
Completed 575.1 KiB/630.6 KiB (5.0 MiB/s) with 3 file(s) remaining
upload: ../../../../../tmp/perfkitbenchmarker/runs/r8g12xlarge/ssh_config to s3://2025-coremark/r8g.12xlarge/ssh_config
Completed 575.1 KiB/630.6 KiB (5.0 MiB/s) with 2 file(s) remaining
Completed 630.6 KiB/630.6 KiB (4.2 MiB/s) with 2 file(s) remaining
upload: ../../../../../tmp/perfkitbenchmarker/runs/r8g12xlarge/perfkitbenchmarker_results.json to s3://2025-coremark/r8g.12xlarge/perfkitbenchmarker_results.json
Completed 630.6 KiB/630.6 KiB (4.2 MiB/s) with 1 file(s) remaining
upload: ../../../../../tmp/perfkitbenchmarker/runs/r8g12xlarge/pkb.log to s3://2025-coremark/r8g.12xlarge/pkb.log
[DONE] r8g.12xlarge benchmark and upload complete.
[INFO] Benchmark for r8g.4xlarge succeeded. Proceeding with upload.
[INFO] Uploading results to s3://2025-coremark/r8g.4xlarge
Completed 537.1 KiB/607.3 KiB (4.6 MiB/s) with 7 file(s) remaining
Completed 590.6 KiB/607.3 KiB (4.6 MiB/s) with 7 file(s) remaining
upload: ../../../../../tmp/perfkitbenchmarker/runs/r8g4xlarge/perfkitbenchmarker_results.json to s3://2025-coremark/r8g.4xlarge/perfkitbenchmarker_results.json
Completed 590.6 KiB/607.3 KiB (4.6 MiB/s) with 6 file(s) remaining
Completed 591.1 KiB/607.3 KiB (4.5 MiB/s) with 6 file(s) remaining
upload: ../../../../../tmp/perfkitbenchmarker/runs/r8g4xlarge/perfkitbenchmarker_keyfile.pub to s3://2025-coremark/r8g.4xlarge/perfkitbenchmarker_keyfile.pub
Completed 591.1 KiB/607.3 KiB (4.5 MiB/s) with 5 file(s) remaining
Completed 591.3 KiB/607.3 KiB (4.4 MiB/s) with 5 file(s) remaining
upload: ../../../../../tmp/perfkitbenchmarker/runs/r8g4xlarge/completion_statuses.json to s3://2025-coremark/r8g.4xlarge/completion_statuses.json
Completed 591.3 KiB/607.3 KiB (4.4 MiB/s) with 4 file(s) remaining
Completed 592.4 KiB/607.3 KiB (4.0 MiB/s) with 4 file(s) remaining
upload: ../../../../../tmp/perfkitbenchmarker/runs/r8g4xlarge/ssh_config to s3://2025-coremark/r8g.4xlarge/ssh_config
Completed 592.4 KiB/607.3 KiB (4.0 MiB/s) with 3 file(s) remaining
Completed 604.9 KiB/607.3 KiB (4.0 MiB/s) with 3 file(s) remaining
upload: ../../../../../tmp/perfkitbenchmarker/runs/r8g4xlarge/coremark0 to s3://2025-coremark/r8g.4xlarge/coremark0
Completed 604.9 KiB/607.3 KiB (4.0 MiB/s) with 2 file(s) remaining
Completed 607.3 KiB/607.3 KiB (3.7 MiB/s) with 2 file(s) remaining
upload: ../../../../../tmp/perfkitbenchmarker/runs/r8g4xlarge/perfkitbenchmarker_keyfile to s3://2025-coremark/r8g.4xlarge/perfkitbenchmarker_keyfile
Completed 607.3 KiB/607.3 KiB (3.7 MiB/s) with 1 file(s) remaining
upload: ../../../../../tmp/perfkitbenchmarker/runs/r8g4xlarge/pkb.log to s3://2025-coremark/r8g.4xlarge/pkb.log
[DONE] r8g.4xlarge benchmark and upload complete.
[INFO] Benchmark for r8g.8xlarge succeeded. Proceeding with upload.
[INFO] Uploading results to s3://2025-coremark/r8g.8xlarge
Completed 124 Bytes/621.7 KiB (1.2 KiB/s) with 7 file(s) remaining
upload: ../../../../../tmp/perfkitbenchmarker/runs/r8g8xlarge/completion_statuses.json to s3://2025-coremark/r8g.8xlarge/completion_statuses.json
Completed 124 Bytes/621.7 KiB (1.2 KiB/s) with 6 file(s) remaining
Completed 716 Bytes/621.7 KiB (6.7 KiB/s) with 6 file(s) remaining
upload: ../../../../../tmp/perfkitbenchmarker/runs/r8g8xlarge/perfkitbenchmarker_keyfile.pub to s3://2025-coremark/r8g.8xlarge/perfkitbenchmarker_keyfile.pub
Completed 716 Bytes/621.7 KiB (6.7 KiB/s) with 5 file(s) remaining
Completed 551.1 KiB/621.7 KiB (4.9 MiB/s) with 5 file(s) remaining
Completed 553.5 KiB/621.7 KiB (4.7 MiB/s) with 5 file(s) remaining
upload: ../../../../../tmp/perfkitbenchmarker/runs/r8g8xlarge/perfkitbenchmarker_keyfile to s3://2025-coremark/r8g.8xlarge/perfkitbenchmarker_keyfile
Completed 553.5 KiB/621.7 KiB (4.7 MiB/s) with 4 file(s) remaining
Completed 566.0 KiB/621.7 KiB (4.4 MiB/s) with 4 file(s) remaining
upload: ../../../../../tmp/perfkitbenchmarker/runs/r8g8xlarge/coremark0 to s3://2025-coremark/r8g.8xlarge/coremark0
Completed 566.0 KiB/621.7 KiB (4.4 MiB/s) with 3 file(s) remaining
Completed 620.5 KiB/621.7 KiB (4.6 MiB/s) with 3 file(s) remaining
upload: ../../../../../tmp/perfkitbenchmarker/runs/r8g8xlarge/perfkitbenchmarker_results.json to s3://2025-coremark/r8g.8xlarge/perfkitbenchmarker_results.json
Completed 620.5 KiB/621.7 KiB (4.6 MiB/s) with 2 file(s) remaining
Completed 621.7 KiB/621.7 KiB (4.5 MiB/s) with 2 file(s) remaining
upload: ../../../../../tmp/perfkitbenchmarker/runs/r8g8xlarge/ssh_config to s3://2025-coremark/r8g.8xlarge/ssh_config
Completed 621.7 KiB/621.7 KiB (4.5 MiB/s) with 1 file(s) remaining
upload: ../../../../../tmp/perfkitbenchmarker/runs/r8g8xlarge/pkb.log to s3://2025-coremark/r8g.8xlarge/pkb.log
[DONE] r8g.8xlarge benchmark and upload complete.
[INFO] Benchmark for r8g.metal-24xl succeeded. Proceeding with upload.
[INFO] Uploading results to s3://2025-coremark/r8g.metal-24xl
Completed 622.1 KiB/697.8 KiB (6.8 MiB/s) with 7 file(s) remaining
Completed 622.7 KiB/697.8 KiB (5.9 MiB/s) with 7 file(s) remaining
upload: ../../../../../tmp/perfkitbenchmarker/runs/r8gmetal24xl/perfkitbenchmarker_keyfile.pub to s3://2025-coremark/r8g.metal-24xl/perfkitbenchmarker_keyfile.pub
Completed 622.7 KiB/697.8 KiB (5.9 MiB/s) with 6 file(s) remaining
Completed 622.8 KiB/697.8 KiB (5.6 MiB/s) with 6 file(s) remaining
upload: ../../../../../tmp/perfkitbenchmarker/runs/r8gmetal24xl/completion_statuses.json to s3://2025-coremark/r8g.metal-24xl/completion_statuses.json
Completed 622.8 KiB/697.8 KiB (5.6 MiB/s) with 5 file(s) remaining
Completed 624.0 KiB/697.8 KiB (5.5 MiB/s) with 5 file(s) remaining
upload: ../../../../../tmp/perfkitbenchmarker/runs/r8gmetal24xl/ssh_config to s3://2025-coremark/r8g.metal-24xl/ssh_config
Completed 624.0 KiB/697.8 KiB (5.5 MiB/s) with 4 file(s) remaining
Completed 637.1 KiB/697.8 KiB (4.9 MiB/s) with 4 file(s) remaining
upload: ../../../../../tmp/perfkitbenchmarker/runs/r8gmetal24xl/coremark0 to s3://2025-coremark/r8g.metal-24xl/coremark0
Completed 637.1 KiB/697.8 KiB (4.9 MiB/s) with 3 file(s) remaining
Completed 639.5 KiB/697.8 KiB (4.7 MiB/s) with 3 file(s) remaining
upload: ../../../../../tmp/perfkitbenchmarker/runs/r8gmetal24xl/perfkitbenchmarker_keyfile to s3://2025-coremark/r8g.metal-24xl/perfkitbenchmarker_keyfile
Completed 639.5 KiB/697.8 KiB (4.7 MiB/s) with 2 file(s) remaining
Completed 697.8 KiB/697.8 KiB (4.8 MiB/s) with 2 file(s) remaining
upload: ../../../../../tmp/perfkitbenchmarker/runs/r8gmetal24xl/perfkitbenchmarker_results.json to s3://2025-coremark/r8g.metal-24xl/perfkitbenchmarker_results.json
Completed 697.8 KiB/697.8 KiB (4.8 MiB/s) with 1 file(s) remaining
upload: ../../../../../tmp/perfkitbenchmarker/runs/r8gmetal24xl/pkb.log to s3://2025-coremark/r8g.metal-24xl/pkb.log
[DONE] r8g.metal-24xl benchmark and upload complete.
[INFO] Benchmark for r8g.metal-48xl succeeded. Proceeding with upload.
[INFO] Uploading results to s3://2025-coremark/r8g.metal-48xl
Completed 684.8 KiB/767.1 KiB (7.2 MiB/s) with 7 file(s) remaining
Completed 684.9 KiB/767.1 KiB (6.9 MiB/s) with 7 file(s) remaining
upload: ../../../../../tmp/perfkitbenchmarker/runs/r8gmetal48xl/completion_statuses.json to s3://2025-coremark/r8g.metal-48xl/completion_statuses.json
Completed 684.9 KiB/767.1 KiB (6.9 MiB/s) with 6 file(s) remaining
Completed 687.3 KiB/767.1 KiB (6.4 MiB/s) with 6 file(s) remaining
upload: ../../../../../tmp/perfkitbenchmarker/runs/r8gmetal48xl/perfkitbenchmarker_keyfile to s3://2025-coremark/r8g.metal-48xl/perfkitbenchmarker_keyfile
Completed 687.3 KiB/767.1 KiB (6.4 MiB/s) with 5 file(s) remaining
Completed 688.5 KiB/767.1 KiB (5.9 MiB/s) with 5 file(s) remaining
upload: ../../../../../tmp/perfkitbenchmarker/runs/r8gmetal48xl/ssh_config to s3://2025-coremark/r8g.metal-48xl/ssh_config
Completed 688.5 KiB/767.1 KiB (5.9 MiB/s) with 4 file(s) remaining
Completed 702.4 KiB/767.1 KiB (5.9 MiB/s) with 4 file(s) remaining
upload: ../../../../../tmp/perfkitbenchmarker/runs/r8gmetal48xl/coremark0 to s3://2025-coremark/r8g.metal-48xl/coremark0
Completed 702.4 KiB/767.1 KiB (5.9 MiB/s) with 3 file(s) remaining
upload: ../../../../../tmp/perfkitbenchmarker/runs/r8gmetal48xl/pkb.log to s3://2025-coremark/r8g.metal-48xl/pkb.log
Completed 702.4 KiB/767.1 KiB (5.9 MiB/s) with 2 file(s) remaining
Completed 766.5 KiB/767.1 KiB (6.1 MiB/s) with 2 file(s) remaining
upload: ../../../../../tmp/perfkitbenchmarker/runs/r8gmetal48xl/perfkitbenchmarker_results.json to s3://2025-coremark/r8g.metal-48xl/perfkitbenchmarker_results.json
Completed 766.5 KiB/767.1 KiB (6.1 MiB/s) with 1 file(s) remaining
Completed 767.1 KiB/767.1 KiB (5.7 MiB/s) with 1 file(s) remaining
upload: ../../../../../tmp/perfkitbenchmarker/runs/r8gmetal48xl/perfkitbenchmarker_keyfile.pub to s3://2025-coremark/r8g.metal-48xl/perfkitbenchmarker_keyfile.pub
[DONE] r8g.metal-48xl benchmark and upload complete.
[ALL DONE] 모든 벤치마크 및 업로드 완료!
[INFO] Starting benchmark for t4g.nano (run_uri=t4gnano)
[INFO] Starting benchmark for t4g.small (run_uri=t4gsmall)
[INFO] Starting benchmark for t4g.micro (run_uri=t4gmicro)
[INFO] Starting benchmark for t4g.medium (run_uri=t4gmedium)
[INFO] Starting benchmark for t4g.large (run_uri=t4glarge)
[INFO] Starting benchmark for t4g.xlarge (run_uri=t4gxlarge)
[INFO] Starting benchmark for t4g.2xlarge (run_uri=t4g2xlarge)
[INFO] Starting benchmark for t3.micro (run_uri=t3micro)
[INFO] Starting benchmark for t3.nano (run_uri=t3nano)
[INFO] Starting benchmark for t3.small (run_uri=t3small)
[INFO] Starting benchmark for t3.large (run_uri=t3large)
[INFO] Starting benchmark for t3.2xlarge (run_uri=t32xlarge)
[INFO] Starting benchmark for t3.medium (run_uri=t3medium)
[INFO] Starting benchmark for t3.xlarge (run_uri=t3xlarge)
[INFO] Starting benchmark for t2.nano (run_uri=t2nano)
[INFO] Starting benchmark for t2.micro (run_uri=t2micro)
[INFO] Starting benchmark for t2.2xlarge (run_uri=t22xlarge)
[INFO] Starting benchmark for t2.large (run_uri=t2large)
[INFO] Starting benchmark for t2.medium (run_uri=t2medium)
[INFO] Starting benchmark for t2.xlarge (run_uri=t2xlarge)
[INFO] Starting benchmark for t2.small (run_uri=t2small)
[ERROR] Benchmark for t2.nano did not succeed (status: FAILED). Skipping upload.
[INFO] Benchmark for t4g.xlarge succeeded. Proceeding with upload.
[INFO] Uploading results to s3://2025-coremark/t4g.xlarge
Completed 123 Bytes/666.8 KiB (843 Bytes/s) with 7 file(s) remaining
upload: ../../../../../tmp/perfkitbenchmarker/runs/t4gxlarge/completion_statuses.json to s3://2025-coremark/t4g.xlarge/completion_statuses.json
Completed 123 Bytes/666.8 KiB (843 Bytes/s) with 6 file(s) remaining
Completed 12.4 KiB/666.8 KiB (70.3 KiB/s) with 6 file(s) remaining  
upload: ../../../../../tmp/perfkitbenchmarker/runs/t4gxlarge/coremark0 to s3://2025-coremark/t4g.xlarge/coremark0
Completed 12.4 KiB/666.8 KiB (70.3 KiB/s) with 5 file(s) remaining
Completed 14.8 KiB/666.8 KiB (78.7 KiB/s) with 5 file(s) remaining
upload: ../../../../../tmp/perfkitbenchmarker/runs/t4gxlarge/perfkitbenchmarker_keyfile to s3://2025-coremark/t4g.xlarge/perfkitbenchmarker_keyfile
Completed 14.8 KiB/666.8 KiB (78.7 KiB/s) with 4 file(s) remaining
Completed 15.3 KiB/666.8 KiB (74.3 KiB/s) with 4 file(s) remaining
upload: ../../../../../tmp/perfkitbenchmarker/runs/t4gxlarge/perfkitbenchmarker_keyfile.pub to s3://2025-coremark/t4g.xlarge/perfkitbenchmarker_keyfile.pub
Completed 15.3 KiB/666.8 KiB (74.3 KiB/s) with 3 file(s) remaining
Completed 614.4 KiB/666.8 KiB (2.8 MiB/s) with 3 file(s) remaining
Completed 615.5 KiB/666.8 KiB (2.7 MiB/s) with 3 file(s) remaining
upload: ../../../../../tmp/perfkitbenchmarker/runs/t4gxlarge/ssh_config to s3://2025-coremark/t4g.xlarge/ssh_config
Completed 615.5 KiB/666.8 KiB (2.7 MiB/s) with 2 file(s) remaining
Completed 666.8 KiB/666.8 KiB (2.5 MiB/s) with 2 file(s) remaining
upload: ../../../../../tmp/perfkitbenchmarker/runs/t4gxlarge/perfkitbenchmarker_results.json to s3://2025-coremark/t4g.xlarge/perfkitbenchmarker_results.json
Completed 666.8 KiB/666.8 KiB (2.5 MiB/s) with 1 file(s) remaining
upload: ../../../../../tmp/perfkitbenchmarker/runs/t4gxlarge/pkb.log to s3://2025-coremark/t4g.xlarge/pkb.log
[DONE] t4g.xlarge benchmark and upload complete.
[INFO] Benchmark for t4g.nano succeeded. Proceeding with upload.
[INFO] Uploading results to s3://2025-coremark/t4g.nano
Completed 121 Bytes/668.6 KiB (1.1 KiB/s) with 7 file(s) remaining
upload: ../../../../../tmp/perfkitbenchmarker/runs/t4gnano/completion_statuses.json to s3://2025-coremark/t4g.nano/completion_statuses.json
Completed 121 Bytes/668.6 KiB (1.1 KiB/s) with 6 file(s) remaining
Completed 601.4 KiB/668.6 KiB (5.3 MiB/s) with 6 file(s) remaining
Completed 603.8 KiB/668.6 KiB (5.2 MiB/s) with 6 file(s) remaining
upload: ../../../../../tmp/perfkitbenchmarker/runs/t4gnano/perfkitbenchmarker_keyfile to s3://2025-coremark/t4g.nano/perfkitbenchmarker_keyfile
Completed 603.8 KiB/668.6 KiB (5.2 MiB/s) with 5 file(s) remaining
Completed 604.4 KiB/668.6 KiB (5.1 MiB/s) with 5 file(s) remaining
upload: ../../../../../tmp/perfkitbenchmarker/runs/t4gnano/perfkitbenchmarker_keyfile.pub to s3://2025-coremark/t4g.nano/perfkitbenchmarker_keyfile.pub
Completed 604.4 KiB/668.6 KiB (5.1 MiB/s) with 4 file(s) remaining
Completed 655.2 KiB/668.6 KiB (4.2 MiB/s) with 4 file(s) remaining
upload: ../../../../../tmp/perfkitbenchmarker/runs/t4gnano/perfkitbenchmarker_results.json to s3://2025-coremark/t4g.nano/perfkitbenchmarker_results.json
Completed 655.2 KiB/668.6 KiB (4.2 MiB/s) with 3 file(s) remaining
Completed 656.4 KiB/668.6 KiB (3.9 MiB/s) with 3 file(s) remaining
upload: ../../../../../tmp/perfkitbenchmarker/runs/t4gnano/ssh_config to s3://2025-coremark/t4g.nano/ssh_config
Completed 656.4 KiB/668.6 KiB (3.9 MiB/s) with 2 file(s) remaining
upload: ../../../../../tmp/perfkitbenchmarker/runs/t4gnano/pkb.log to s3://2025-coremark/t4g.nano/pkb.log
Completed 656.4 KiB/668.6 KiB (3.9 MiB/s) with 1 file(s) remaining
Completed 668.6 KiB/668.6 KiB (2.6 MiB/s) with 1 file(s) remaining
upload: ../../../../../tmp/perfkitbenchmarker/runs/t4gnano/coremark0 to s3://2025-coremark/t4g.nano/coremark0
[DONE] t4g.nano benchmark and upload complete.
[INFO] Benchmark for t4g.medium succeeded. Proceeding with upload.
[INFO] Uploading results to s3://2025-coremark/t4g.medium
Completed 123 Bytes/659.0 KiB (1.1 KiB/s) with 7 file(s) remaining
upload: ../../../../../tmp/perfkitbenchmarker/runs/t4gmedium/completion_statuses.json to s3://2025-coremark/t4g.medium/completion_statuses.json
Completed 123 Bytes/659.0 KiB (1.1 KiB/s) with 6 file(s) remaining
Completed 12.3 KiB/659.0 KiB (79.8 KiB/s) with 6 file(s) remaining
upload: ../../../../../tmp/perfkitbenchmarker/runs/t4gmedium/coremark0 to s3://2025-coremark/t4g.medium/coremark0
Completed 12.3 KiB/659.0 KiB (79.8 KiB/s) with 5 file(s) remaining
Completed 63.4 KiB/659.0 KiB (308.5 KiB/s) with 5 file(s) remaining
upload: ../../../../../tmp/perfkitbenchmarker/runs/t4gmedium/perfkitbenchmarker_results.json to s3://2025-coremark/t4g.medium/perfkitbenchmarker_results.json
Completed 63.4 KiB/659.0 KiB (308.5 KiB/s) with 4 file(s) remaining
Completed 654.9 KiB/659.0 KiB (2.9 MiB/s) with 4 file(s) remaining 
Completed 655.4 KiB/659.0 KiB (2.8 MiB/s) with 4 file(s) remaining 
upload: ../../../../../tmp/perfkitbenchmarker/runs/t4gmedium/perfkitbenchmarker_keyfile.pub to s3://2025-coremark/t4g.medium/perfkitbenchmarker_keyfile.pub
Completed 655.4 KiB/659.0 KiB (2.8 MiB/s) with 3 file(s) remaining
Completed 656.6 KiB/659.0 KiB (2.6 MiB/s) with 3 file(s) remaining
upload: ../../../../../tmp/perfkitbenchmarker/runs/t4gmedium/ssh_config to s3://2025-coremark/t4g.medium/ssh_config
Completed 656.6 KiB/659.0 KiB (2.6 MiB/s) with 2 file(s) remaining
Completed 659.0 KiB/659.0 KiB (2.6 MiB/s) with 2 file(s) remaining
upload: ../../../../../tmp/perfkitbenchmarker/runs/t4gmedium/perfkitbenchmarker_keyfile to s3://2025-coremark/t4g.medium/perfkitbenchmarker_keyfile
Completed 659.0 KiB/659.0 KiB (2.6 MiB/s) with 1 file(s) remaining
upload: ../../../../../tmp/perfkitbenchmarker/runs/t4gmedium/pkb.log to s3://2025-coremark/t4g.medium/pkb.log
[DONE] t4g.medium benchmark and upload complete.
[INFO] Benchmark for t4g.2xlarge succeeded. Proceeding with upload.
[INFO] Uploading results to s3://2025-coremark/t4g.2xlarge
Completed 124 Bytes/662.8 KiB (1.1 KiB/s) with 7 file(s) remaining
upload: ../../../../../tmp/perfkitbenchmarker/runs/t4g2xlarge/completion_statuses.json to s3://2025-coremark/t4g.2xlarge/completion_statuses.json
Completed 124 Bytes/662.8 KiB (1.1 KiB/s) with 6 file(s) remaining
Completed 1.3 KiB/662.8 KiB (10.6 KiB/s) with 6 file(s) remaining 
upload: ../../../../../tmp/perfkitbenchmarker/runs/t4g2xlarge/ssh_config to s3://2025-coremark/t4g.2xlarge/ssh_config
Completed 1.3 KiB/662.8 KiB (10.6 KiB/s) with 5 file(s) remaining
Completed 596.2 KiB/662.8 KiB (4.7 MiB/s) with 5 file(s) remaining
Completed 598.6 KiB/662.8 KiB (4.3 MiB/s) with 5 file(s) remaining
upload: ../../../../../tmp/perfkitbenchmarker/runs/t4g2xlarge/perfkitbenchmarker_keyfile to s3://2025-coremark/t4g.2xlarge/perfkitbenchmarker_keyfile
Completed 598.6 KiB/662.8 KiB (4.3 MiB/s) with 4 file(s) remaining
Completed 610.8 KiB/662.8 KiB (4.3 MiB/s) with 4 file(s) remaining
upload: ../../../../../tmp/perfkitbenchmarker/runs/t4g2xlarge/coremark0 to s3://2025-coremark/t4g.2xlarge/coremark0
Completed 610.8 KiB/662.8 KiB (4.3 MiB/s) with 3 file(s) remaining
Completed 662.2 KiB/662.8 KiB (4.5 MiB/s) with 3 file(s) remaining
upload: ../../../../../tmp/perfkitbenchmarker/runs/t4g2xlarge/perfkitbenchmarker_results.json to s3://2025-coremark/t4g.2xlarge/perfkitbenchmarker_results.json
Completed 662.2 KiB/662.8 KiB (4.5 MiB/s) with 2 file(s) remaining
Completed 662.8 KiB/662.8 KiB (4.5 MiB/s) with 2 file(s) remaining
upload: ../../../../../tmp/perfkitbenchmarker/runs/t4g2xlarge/perfkitbenchmarker_keyfile.pub to s3://2025-coremark/t4g.2xlarge/perfkitbenchmarker_keyfile.pub
Completed 662.8 KiB/662.8 KiB (4.5 MiB/s) with 1 file(s) remaining
upload: ../../../../../tmp/perfkitbenchmarker/runs/t4g2xlarge/pkb.log to s3://2025-coremark/t4g.2xlarge/pkb.log
[DONE] t4g.2xlarge benchmark and upload complete.
[INFO] Benchmark for t4g.large succeeded. Proceeding with upload.
[INFO] Uploading results to s3://2025-coremark/t4g.large
Completed 2.4 KiB/660.3 KiB (22.2 KiB/s) with 7 file(s) remaining
upload: ../../../../../tmp/perfkitbenchmarker/runs/t4glarge/perfkitbenchmarker_keyfile to s3://2025-coremark/t4g.large/perfkitbenchmarker_keyfile
Completed 2.4 KiB/660.3 KiB (22.2 KiB/s) with 6 file(s) remaining
Completed 2.5 KiB/660.3 KiB (21.9 KiB/s) with 6 file(s) remaining
upload: ../../../../../tmp/perfkitbenchmarker/runs/t4glarge/completion_statuses.json to s3://2025-coremark/t4g.large/completion_statuses.json
Completed 2.5 KiB/660.3 KiB (21.9 KiB/s) with 5 file(s) remaining
Completed 14.7 KiB/660.3 KiB (122.4 KiB/s) with 5 file(s) remaining
upload: ../../../../../tmp/perfkitbenchmarker/runs/t4glarge/coremark0 to s3://2025-coremark/t4g.large/coremark0
Completed 14.7 KiB/660.3 KiB (122.4 KiB/s) with 4 file(s) remaining
Completed 607.7 KiB/660.3 KiB (4.5 MiB/s) with 4 file(s) remaining 
Completed 608.9 KiB/660.3 KiB (4.2 MiB/s) with 4 file(s) remaining 
upload: ../../../../../tmp/perfkitbenchmarker/runs/t4glarge/ssh_config to s3://2025-coremark/t4g.large/ssh_config
Completed 608.9 KiB/660.3 KiB (4.2 MiB/s) with 3 file(s) remaining
Completed 609.4 KiB/660.3 KiB (4.2 MiB/s) with 3 file(s) remaining
upload: ../../../../../tmp/perfkitbenchmarker/runs/t4glarge/perfkitbenchmarker_keyfile.pub to s3://2025-coremark/t4g.large/perfkitbenchmarker_keyfile.pub
Completed 609.4 KiB/660.3 KiB (4.2 MiB/s) with 2 file(s) remaining
Completed 660.3 KiB/660.3 KiB (4.3 MiB/s) with 2 file(s) remaining
upload: ../../../../../tmp/perfkitbenchmarker/runs/t4glarge/perfkitbenchmarker_results.json to s3://2025-coremark/t4g.large/perfkitbenchmarker_results.json
Completed 660.3 KiB/660.3 KiB (4.3 MiB/s) with 1 file(s) remaining
upload: ../../../../../tmp/perfkitbenchmarker/runs/t4glarge/pkb.log to s3://2025-coremark/t4g.large/pkb.log
[DONE] t4g.large benchmark and upload complete.
[INFO] Benchmark for t4g.small succeeded. Proceeding with upload.
[INFO] Uploading results to s3://2025-coremark/t4g.small
Completed 12.2 KiB/665.7 KiB (146.1 KiB/s) with 7 file(s) remaining
upload: ../../../../../tmp/perfkitbenchmarker/runs/t4gsmall/coremark0 to s3://2025-coremark/t4g.small/coremark0
Completed 12.2 KiB/665.7 KiB (146.1 KiB/s) with 6 file(s) remaining
Completed 12.3 KiB/665.7 KiB (105.5 KiB/s) with 6 file(s) remaining
upload: ../../../../../tmp/perfkitbenchmarker/runs/t4gsmall/completion_statuses.json to s3://2025-coremark/t4g.small/completion_statuses.json
Completed 12.3 KiB/665.7 KiB (105.5 KiB/s) with 5 file(s) remaining
Completed 14.7 KiB/665.7 KiB (122.4 KiB/s) with 5 file(s) remaining
upload: ../../../../../tmp/perfkitbenchmarker/runs/t4gsmall/perfkitbenchmarker_keyfile to s3://2025-coremark/t4g.small/perfkitbenchmarker_keyfile
Completed 14.7 KiB/665.7 KiB (122.4 KiB/s) with 4 file(s) remaining
Completed 15.3 KiB/665.7 KiB (124.6 KiB/s) with 4 file(s) remaining
upload: ../../../../../tmp/perfkitbenchmarker/runs/t4gsmall/perfkitbenchmarker_keyfile.pub to s3://2025-coremark/t4g.small/perfkitbenchmarker_keyfile.pub
Completed 15.3 KiB/665.7 KiB (124.6 KiB/s) with 3 file(s) remaining
Completed 16.5 KiB/665.7 KiB (109.9 KiB/s) with 3 file(s) remaining
upload: ../../../../../tmp/perfkitbenchmarker/runs/t4gsmall/ssh_config to s3://2025-coremark/t4g.small/ssh_config
Completed 16.5 KiB/665.7 KiB (109.9 KiB/s) with 2 file(s) remaining
Completed 614.8 KiB/665.7 KiB (3.1 MiB/s) with 2 file(s) remaining 
upload: ../../../../../tmp/perfkitbenchmarker/runs/t4gsmall/pkb.log to s3://2025-coremark/t4g.small/pkb.log
Completed 614.8 KiB/665.7 KiB (3.1 MiB/s) with 1 file(s) remaining
Completed 665.7 KiB/665.7 KiB (2.7 MiB/s) with 1 file(s) remaining
upload: ../../../../../tmp/perfkitbenchmarker/runs/t4gsmall/perfkitbenchmarker_results.json to s3://2025-coremark/t4g.small/perfkitbenchmarker_results.json
[DONE] t4g.small benchmark and upload complete.
[INFO] Benchmark for t4g.micro succeeded. Proceeding with upload.
[INFO] Uploading results to s3://2025-coremark/t4g.micro
Completed 122 Bytes/664.1 KiB (1.0 KiB/s) with 7 file(s) remaining
upload: ../../../../../tmp/perfkitbenchmarker/runs/t4gmicro/completion_statuses.json to s3://2025-coremark/t4g.micro/completion_statuses.json
Completed 122 Bytes/664.1 KiB (1.0 KiB/s) with 6 file(s) remaining
Completed 12.3 KiB/664.1 KiB (103.0 KiB/s) with 6 file(s) remaining
upload: ../../../../../tmp/perfkitbenchmarker/runs/t4gmicro/coremark0 to s3://2025-coremark/t4g.micro/coremark0
Completed 12.3 KiB/664.1 KiB (103.0 KiB/s) with 5 file(s) remaining
Completed 14.7 KiB/664.1 KiB (117.2 KiB/s) with 5 file(s) remaining
upload: ../../../../../tmp/perfkitbenchmarker/runs/t4gmicro/perfkitbenchmarker_keyfile to s3://2025-coremark/t4g.micro/perfkitbenchmarker_keyfile
Completed 14.7 KiB/664.1 KiB (117.2 KiB/s) with 4 file(s) remaining
Completed 15.9 KiB/664.1 KiB (120.9 KiB/s) with 4 file(s) remaining
upload: ../../../../../tmp/perfkitbenchmarker/runs/t4gmicro/ssh_config to s3://2025-coremark/t4g.micro/ssh_config
Completed 15.9 KiB/664.1 KiB (120.9 KiB/s) with 3 file(s) remaining
Completed 16.5 KiB/664.1 KiB (122.1 KiB/s) with 3 file(s) remaining
upload: ../../../../../tmp/perfkitbenchmarker/runs/t4gmicro/perfkitbenchmarker_keyfile.pub to s3://2025-coremark/t4g.micro/perfkitbenchmarker_keyfile.pub
Completed 16.5 KiB/664.1 KiB (122.1 KiB/s) with 2 file(s) remaining
Completed 67.5 KiB/664.1 KiB (472.5 KiB/s) with 2 file(s) remaining
upload: ../../../../../tmp/perfkitbenchmarker/runs/t4gmicro/perfkitbenchmarker_results.json to s3://2025-coremark/t4g.micro/perfkitbenchmarker_results.json
Completed 67.5 KiB/664.1 KiB (472.5 KiB/s) with 1 file(s) remaining
Completed 664.1 KiB/664.1 KiB (3.6 MiB/s) with 1 file(s) remaining 
upload: ../../../../../tmp/perfkitbenchmarker/runs/t4gmicro/pkb.log to s3://2025-coremark/t4g.micro/pkb.log
[DONE] t4g.micro benchmark and upload complete.
[ALL DONE] 모든 벤치마크 및 업로드 완료!
[INFO] Benchmark for t3.micro succeeded. Proceeding with upload.
[INFO] Uploading results to s3://2025-coremark/t3.micro
Completed 121 Bytes/695.7 KiB (1.3 KiB/s) with 7 file(s) remaining
upload: ../../../../../tmp/perfkitbenchmarker/runs/t3micro/completion_statuses.json to s3://2025-coremark/t3.micro/completion_statuses.json
Completed 121 Bytes/695.7 KiB (1.3 KiB/s) with 6 file(s) remaining
Completed 616.4 KiB/695.7 KiB (6.1 MiB/s) with 6 file(s) remaining
Completed 617.0 KiB/695.7 KiB (6.0 MiB/s) with 6 file(s) remaining
upload: ../../../../../tmp/perfkitbenchmarker/runs/t3micro/perfkitbenchmarker_keyfile.pub to s3://2025-coremark/t3.micro/perfkitbenchmarker_keyfile.pub
Completed 617.0 KiB/695.7 KiB (6.0 MiB/s) with 5 file(s) remaining
Completed 631.5 KiB/695.7 KiB (5.8 MiB/s) with 5 file(s) remaining
upload: ../../../../../tmp/perfkitbenchmarker/runs/t3micro/coremark0 to s3://2025-coremark/t3.micro/coremark0
Completed 631.5 KiB/695.7 KiB (5.8 MiB/s) with 4 file(s) remaining
upload: ../../../../../tmp/perfkitbenchmarker/runs/t3micro/pkb.log to s3://2025-coremark/t3.micro/pkb.log
Completed 631.5 KiB/695.7 KiB (5.8 MiB/s) with 3 file(s) remaining
Completed 632.6 KiB/695.7 KiB (4.7 MiB/s) with 3 file(s) remaining
upload: ../../../../../tmp/perfkitbenchmarker/runs/t3micro/ssh_config to s3://2025-coremark/t3.micro/ssh_config
Completed 632.6 KiB/695.7 KiB (4.7 MiB/s) with 2 file(s) remaining
Completed 693.3 KiB/695.7 KiB (4.8 MiB/s) with 2 file(s) remaining
upload: ../../../../../tmp/perfkitbenchmarker/runs/t3micro/perfkitbenchmarker_results.json to s3://2025-coremark/t3.micro/perfkitbenchmarker_results.json
Completed 693.3 KiB/695.7 KiB (4.8 MiB/s) with 1 file(s) remaining
Completed 695.7 KiB/695.7 KiB (3.9 MiB/s) with 1 file(s) remaining
upload: ../../../../../tmp/perfkitbenchmarker/runs/t3micro/perfkitbenchmarker_keyfile to s3://2025-coremark/t3.micro/perfkitbenchmarker_keyfile
[DONE] t3.micro benchmark and upload complete.
[INFO] Benchmark for t3.nano succeeded. Proceeding with upload.
[INFO] Uploading results to s3://2025-coremark/t3.nano
Completed 120 Bytes/683.8 KiB (1.5 KiB/s) with 7 file(s) remaining
upload: ../../../../../tmp/perfkitbenchmarker/runs/t3nano/completion_statuses.json to s3://2025-coremark/t3.nano/completion_statuses.json
Completed 120 Bytes/683.8 KiB (1.5 KiB/s) with 6 file(s) remaining
Completed 712 Bytes/683.8 KiB (6.1 KiB/s) with 6 file(s) remaining
upload: ../../../../../tmp/perfkitbenchmarker/runs/t3nano/perfkitbenchmarker_keyfile.pub to s3://2025-coremark/t3.nano/perfkitbenchmarker_keyfile.pub
Completed 712 Bytes/683.8 KiB (6.1 KiB/s) with 5 file(s) remaining
Completed 15.2 KiB/683.8 KiB (131.4 KiB/s) with 5 file(s) remaining
upload: ../../../../../tmp/perfkitbenchmarker/runs/t3nano/coremark0 to s3://2025-coremark/t3.nano/coremark0
Completed 15.2 KiB/683.8 KiB (131.4 KiB/s) with 4 file(s) remaining
Completed 619.8 KiB/683.8 KiB (5.2 MiB/s) with 4 file(s) remaining 
Completed 622.2 KiB/683.8 KiB (5.0 MiB/s) with 4 file(s) remaining 
upload: ../../../../../tmp/perfkitbenchmarker/runs/t3nano/perfkitbenchmarker_keyfile to s3://2025-coremark/t3.nano/perfkitbenchmarker_keyfile
Completed 622.2 KiB/683.8 KiB (5.0 MiB/s) with 3 file(s) remaining
Completed 623.3 KiB/683.8 KiB (4.8 MiB/s) with 3 file(s) remaining
upload: ../../../../../tmp/perfkitbenchmarker/runs/t3nano/ssh_config to s3://2025-coremark/t3.nano/ssh_config
Completed 623.3 KiB/683.8 KiB (4.8 MiB/s) with 2 file(s) remaining
Completed 683.8 KiB/683.8 KiB (4.1 MiB/s) with 2 file(s) remaining
upload: ../../../../../tmp/perfkitbenchmarker/runs/t3nano/perfkitbenchmarker_results.json to s3://2025-coremark/t3.nano/perfkitbenchmarker_results.json
Completed 683.8 KiB/683.8 KiB (4.1 MiB/s) with 1 file(s) remaining
upload: ../../../../../tmp/perfkitbenchmarker/runs/t3nano/pkb.log to s3://2025-coremark/t3.nano/pkb.log
[DONE] t3.nano benchmark and upload complete.
[INFO] Benchmark for t3.large succeeded. Proceeding with upload.
[INFO] Uploading results to s3://2025-coremark/t3.large
Completed 2.4 KiB/701.7 KiB (21.7 KiB/s) with 7 file(s) remaining
upload: ../../../../../tmp/perfkitbenchmarker/runs/t3large/perfkitbenchmarker_keyfile to s3://2025-coremark/t3.large/perfkitbenchmarker_keyfile
Completed 2.4 KiB/701.7 KiB (21.7 KiB/s) with 6 file(s) remaining
Completed 3.0 KiB/701.7 KiB (26.7 KiB/s) with 6 file(s) remaining
Completed 3.1 KiB/701.7 KiB (27.6 KiB/s) with 6 file(s) remaining
upload: ../../../../../tmp/perfkitbenchmarker/runs/t3large/completion_statuses.json to s3://2025-coremark/t3.large/completion_statuses.json
Completed 3.1 KiB/701.7 KiB (27.6 KiB/s) with 5 file(s) remaining
upload: ../../../../../tmp/perfkitbenchmarker/runs/t3large/perfkitbenchmarker_keyfile.pub to s3://2025-coremark/t3.large/perfkitbenchmarker_keyfile.pub
Completed 3.1 KiB/701.7 KiB (27.6 KiB/s) with 4 file(s) remaining
Completed 17.6 KiB/701.7 KiB (153.6 KiB/s) with 4 file(s) remaining
upload: ../../../../../tmp/perfkitbenchmarker/runs/t3large/coremark0 to s3://2025-coremark/t3.large/coremark0
Completed 17.6 KiB/701.7 KiB (153.6 KiB/s) with 3 file(s) remaining
Completed 640.0 KiB/701.7 KiB (4.9 MiB/s) with 3 file(s) remaining 
Completed 641.2 KiB/701.7 KiB (4.5 MiB/s) with 3 file(s) remaining 
upload: ../../../../../tmp/perfkitbenchmarker/runs/t3large/ssh_config to s3://2025-coremark/t3.large/ssh_config
Completed 641.2 KiB/701.7 KiB (4.5 MiB/s) with 2 file(s) remaining
Completed 701.7 KiB/701.7 KiB (3.6 MiB/s) with 2 file(s) remaining
upload: ../../../../../tmp/perfkitbenchmarker/runs/t3large/perfkitbenchmarker_results.json to s3://2025-coremark/t3.large/perfkitbenchmarker_results.json
Completed 701.7 KiB/701.7 KiB (3.6 MiB/s) with 1 file(s) remaining
upload: ../../../../../tmp/perfkitbenchmarker/runs/t3large/pkb.log to s3://2025-coremark/t3.large/pkb.log
[DONE] t3.large benchmark and upload complete.
[INFO] Benchmark for t3.2xlarge succeeded. Proceeding with upload.
[INFO] Uploading results to s3://2025-coremark/t3.2xlarge
Completed 123 Bytes/713.1 KiB (1.0 KiB/s) with 7 file(s) remaining
upload: ../../../../../tmp/perfkitbenchmarker/runs/t32xlarge/completion_statuses.json to s3://2025-coremark/t3.2xlarge/completion_statuses.json
Completed 123 Bytes/713.1 KiB (1.0 KiB/s) with 6 file(s) remaining
Completed 2.5 KiB/713.1 KiB (20.7 KiB/s) with 6 file(s) remaining 
upload: ../../../../../tmp/perfkitbenchmarker/runs/t32xlarge/perfkitbenchmarker_keyfile to s3://2025-coremark/t3.2xlarge/perfkitbenchmarker_keyfile
Completed 2.5 KiB/713.1 KiB (20.7 KiB/s) with 5 file(s) remaining
Completed 17.3 KiB/713.1 KiB (125.5 KiB/s) with 5 file(s) remaining
upload: ../../../../../tmp/perfkitbenchmarker/runs/t32xlarge/coremark0 to s3://2025-coremark/t3.2xlarge/coremark0
Completed 17.3 KiB/713.1 KiB (125.5 KiB/s) with 4 file(s) remaining
Completed 17.9 KiB/713.1 KiB (123.8 KiB/s) with 4 file(s) remaining
upload: ../../../../../tmp/perfkitbenchmarker/runs/t32xlarge/perfkitbenchmarker_keyfile.pub to s3://2025-coremark/t3.2xlarge/perfkitbenchmarker_keyfile.pub
Completed 17.9 KiB/713.1 KiB (123.8 KiB/s) with 3 file(s) remaining
Completed 19.1 KiB/713.1 KiB (102.9 KiB/s) with 3 file(s) remaining
upload: ../../../../../tmp/perfkitbenchmarker/runs/t32xlarge/ssh_config to s3://2025-coremark/t3.2xlarge/ssh_config
Completed 19.1 KiB/713.1 KiB (102.9 KiB/s) with 2 file(s) remaining
Completed 650.5 KiB/713.1 KiB (3.0 MiB/s) with 2 file(s) remaining 
Completed 713.1 KiB/713.1 KiB (3.1 MiB/s) with 2 file(s) remaining 
upload: ../../../../../tmp/perfkitbenchmarker/runs/t32xlarge/perfkitbenchmarker_results.json to s3://2025-coremark/t3.2xlarge/perfkitbenchmarker_results.json
Completed 713.1 KiB/713.1 KiB (3.1 MiB/s) with 1 file(s) remaining
upload: ../../../../../tmp/perfkitbenchmarker/runs/t32xlarge/pkb.log to s3://2025-coremark/t3.2xlarge/pkb.log
[DONE] t3.2xlarge benchmark and upload complete.
[INFO] Benchmark for t3.small succeeded. Proceeding with upload.
[INFO] Uploading results to s3://2025-coremark/t3.small
Completed 121 Bytes/715.5 KiB (1.1 KiB/s) with 7 file(s) remaining
upload: ../../../../../tmp/perfkitbenchmarker/runs/t3small/completion_statuses.json to s3://2025-coremark/t3.small/completion_statuses.json
Completed 121 Bytes/715.5 KiB (1.1 KiB/s) with 6 file(s) remaining
Completed 14.6 KiB/715.5 KiB (124.5 KiB/s) with 6 file(s) remaining
Completed 17.0 KiB/715.5 KiB (144.1 KiB/s) with 6 file(s) remaining
upload: ../../../../../tmp/perfkitbenchmarker/runs/t3small/perfkitbenchmarker_keyfile to s3://2025-coremark/t3.small/perfkitbenchmarker_keyfile
Completed 17.0 KiB/715.5 KiB (144.1 KiB/s) with 5 file(s) remaining
upload: ../../../../../tmp/perfkitbenchmarker/runs/t3small/coremark0 to s3://2025-coremark/t3.small/coremark0
Completed 17.0 KiB/715.5 KiB (144.1 KiB/s) with 4 file(s) remaining
Completed 653.2 KiB/715.5 KiB (5.3 MiB/s) with 4 file(s) remaining 
Completed 653.7 KiB/715.5 KiB (4.8 MiB/s) with 4 file(s) remaining 
upload: ../../../../../tmp/perfkitbenchmarker/runs/t3small/perfkitbenchmarker_keyfile.pub to s3://2025-coremark/t3.small/perfkitbenchmarker_keyfile.pub
Completed 653.7 KiB/715.5 KiB (4.8 MiB/s) with 3 file(s) remaining
Completed 654.9 KiB/715.5 KiB (4.7 MiB/s) with 3 file(s) remaining
upload: ../../../../../tmp/perfkitbenchmarker/runs/t3small/ssh_config to s3://2025-coremark/t3.small/ssh_config
Completed 654.9 KiB/715.5 KiB (4.7 MiB/s) with 2 file(s) remaining
Completed 715.5 KiB/715.5 KiB (4.5 MiB/s) with 2 file(s) remaining
upload: ../../../../../tmp/perfkitbenchmarker/runs/t3small/perfkitbenchmarker_results.json to s3://2025-coremark/t3.small/perfkitbenchmarker_results.json
Completed 715.5 KiB/715.5 KiB (4.5 MiB/s) with 1 file(s) remaining
upload: ../../../../../tmp/perfkitbenchmarker/runs/t3small/pkb.log to s3://2025-coremark/t3.small/pkb.log
[DONE] t3.small benchmark and upload complete.
[INFO] Benchmark for t3.xlarge succeeded. Proceeding with upload.
[INFO] Uploading results to s3://2025-coremark/t3.xlarge
Completed 645.2 KiB/725.5 KiB (5.4 MiB/s) with 7 file(s) remaining
Completed 645.3 KiB/725.5 KiB (4.8 MiB/s) with 7 file(s) remaining
upload: ../../../../../tmp/perfkitbenchmarker/runs/t3xlarge/completion_statuses.json to s3://2025-coremark/t3.xlarge/completion_statuses.json
Completed 645.3 KiB/725.5 KiB (4.8 MiB/s) with 6 file(s) remaining
Completed 647.7 KiB/725.5 KiB (4.8 MiB/s) with 6 file(s) remaining
upload: ../../../../../tmp/perfkitbenchmarker/runs/t3xlarge/perfkitbenchmarker_keyfile to s3://2025-coremark/t3.xlarge/perfkitbenchmarker_keyfile
Completed 647.7 KiB/725.5 KiB (4.8 MiB/s) with 5 file(s) remaining
Completed 648.9 KiB/725.5 KiB (4.7 MiB/s) with 5 file(s) remaining
upload: ../../../../../tmp/perfkitbenchmarker/runs/t3xlarge/ssh_config to s3://2025-coremark/t3.xlarge/ssh_config
Completed 648.9 KiB/725.5 KiB (4.7 MiB/s) with 4 file(s) remaining
upload: ../../../../../tmp/perfkitbenchmarker/runs/t3xlarge/pkb.log to s3://2025-coremark/t3.xlarge/pkb.log
Completed 648.9 KiB/725.5 KiB (4.7 MiB/s) with 3 file(s) remaining
Completed 649.5 KiB/725.5 KiB (4.0 MiB/s) with 3 file(s) remaining
upload: ../../../../../tmp/perfkitbenchmarker/runs/t3xlarge/perfkitbenchmarker_keyfile.pub to s3://2025-coremark/t3.xlarge/perfkitbenchmarker_keyfile.pub
Completed 649.5 KiB/725.5 KiB (4.0 MiB/s) with 2 file(s) remaining
Completed 710.9 KiB/725.5 KiB (4.3 MiB/s) with 2 file(s) remaining
upload: ../../../../../tmp/perfkitbenchmarker/runs/t3xlarge/perfkitbenchmarker_results.json to s3://2025-coremark/t3.xlarge/perfkitbenchmarker_results.json
Completed 710.9 KiB/725.5 KiB (4.3 MiB/s) with 1 file(s) remaining
Completed 725.5 KiB/725.5 KiB (4.3 MiB/s) with 1 file(s) remaining
upload: ../../../../../tmp/perfkitbenchmarker/runs/t3xlarge/coremark0 to s3://2025-coremark/t3.xlarge/coremark0
[DONE] t3.xlarge benchmark and upload complete.
[INFO] Benchmark for t3.medium succeeded. Proceeding with upload.
[INFO] Uploading results to s3://2025-coremark/t3.medium
Completed 2.4 KiB/749.4 KiB (23.2 KiB/s) with 7 file(s) remaining
upload: ../../../../../tmp/perfkitbenchmarker/runs/t3medium/perfkitbenchmarker_keyfile to s3://2025-coremark/t3.medium/perfkitbenchmarker_keyfile
Completed 2.4 KiB/749.4 KiB (23.2 KiB/s) with 6 file(s) remaining
Completed 2.5 KiB/749.4 KiB (24.2 KiB/s) with 6 file(s) remaining
upload: ../../../../../tmp/perfkitbenchmarker/runs/t3medium/completion_statuses.json to s3://2025-coremark/t3.medium/completion_statuses.json
Completed 2.5 KiB/749.4 KiB (24.2 KiB/s) with 5 file(s) remaining
Completed 17.0 KiB/749.4 KiB (158.2 KiB/s) with 5 file(s) remaining
upload: ../../../../../tmp/perfkitbenchmarker/runs/t3medium/coremark0 to s3://2025-coremark/t3.medium/coremark0
Completed 17.0 KiB/749.4 KiB (158.2 KiB/s) with 4 file(s) remaining
Completed 17.6 KiB/749.4 KiB (151.2 KiB/s) with 4 file(s) remaining
upload: ../../../../../tmp/perfkitbenchmarker/runs/t3medium/perfkitbenchmarker_keyfile.pub to s3://2025-coremark/t3.medium/perfkitbenchmarker_keyfile.pub
Completed 17.6 KiB/749.4 KiB (151.2 KiB/s) with 3 file(s) remaining
Completed 687.6 KiB/749.4 KiB (5.5 MiB/s) with 3 file(s) remaining 
Completed 748.3 KiB/749.4 KiB (5.4 MiB/s) with 3 file(s) remaining 
upload: ../../../../../tmp/perfkitbenchmarker/runs/t3medium/perfkitbenchmarker_results.json to s3://2025-coremark/t3.medium/perfkitbenchmarker_results.json
Completed 748.3 KiB/749.4 KiB (5.4 MiB/s) with 2 file(s) remaining
Completed 749.4 KiB/749.4 KiB (5.1 MiB/s) with 2 file(s) remaining
upload: ../../../../../tmp/perfkitbenchmarker/runs/t3medium/ssh_config to s3://2025-coremark/t3.medium/ssh_config
Completed 749.4 KiB/749.4 KiB (5.1 MiB/s) with 1 file(s) remaining
upload: ../../../../../tmp/perfkitbenchmarker/runs/t3medium/pkb.log to s3://2025-coremark/t3.medium/pkb.log
[DONE] t3.medium benchmark and upload complete.
[ALL DONE] 모든 벤치마크 및 업로드 완료!
[INFO] Benchmark for t2.xlarge succeeded. Proceeding with upload.
[INFO] Uploading results to s3://2025-coremark/t2.xlarge
Completed 122 Bytes/753.8 KiB (1.2 KiB/s) with 7 file(s) remaining
upload: ../../../../../tmp/perfkitbenchmarker/runs/t2xlarge/completion_statuses.json to s3://2025-coremark/t2.xlarge/completion_statuses.json
Completed 122 Bytes/753.8 KiB (1.2 KiB/s) with 6 file(s) remaining
Completed 2.5 KiB/753.8 KiB (24.5 KiB/s) with 6 file(s) remaining 
upload: ../../../../../tmp/perfkitbenchmarker/runs/t2xlarge/perfkitbenchmarker_keyfile to s3://2025-coremark/t2.xlarge/perfkitbenchmarker_keyfile
Completed 2.5 KiB/753.8 KiB (24.5 KiB/s) with 5 file(s) remaining
Completed 16.8 KiB/753.8 KiB (161.3 KiB/s) with 5 file(s) remaining
upload: ../../../../../tmp/perfkitbenchmarker/runs/t2xlarge/coremark0 to s3://2025-coremark/t2.xlarge/coremark0
Completed 16.8 KiB/753.8 KiB (161.3 KiB/s) with 4 file(s) remaining
Completed 692.7 KiB/753.8 KiB (6.3 MiB/s) with 4 file(s) remaining 
Completed 693.3 KiB/753.8 KiB (6.2 MiB/s) with 4 file(s) remaining 
upload: ../../../../../tmp/perfkitbenchmarker/runs/t2xlarge/perfkitbenchmarker_keyfile.pub to s3://2025-coremark/t2.xlarge/perfkitbenchmarker_keyfile.pub
Completed 693.3 KiB/753.8 KiB (6.2 MiB/s) with 3 file(s) remaining
Completed 694.4 KiB/753.8 KiB (5.9 MiB/s) with 3 file(s) remaining
upload: ../../../../../tmp/perfkitbenchmarker/runs/t2xlarge/ssh_config to s3://2025-coremark/t2.xlarge/ssh_config
Completed 694.4 KiB/753.8 KiB (5.9 MiB/s) with 2 file(s) remaining
Completed 753.8 KiB/753.8 KiB (6.4 MiB/s) with 2 file(s) remaining
upload: ../../../../../tmp/perfkitbenchmarker/runs/t2xlarge/perfkitbenchmarker_results.json to s3://2025-coremark/t2.xlarge/perfkitbenchmarker_results.json
Completed 753.8 KiB/753.8 KiB (6.4 MiB/s) with 1 file(s) remaining
upload: ../../../../../tmp/perfkitbenchmarker/runs/t2xlarge/pkb.log to s3://2025-coremark/t2.xlarge/pkb.log
[DONE] t2.xlarge benchmark and upload complete.
[INFO] Benchmark for t2.large succeeded. Proceeding with upload.
[INFO] Uploading results to s3://2025-coremark/t2.large
Completed 667.4 KiB/744.5 KiB (7.0 MiB/s) with 7 file(s) remaining
Completed 668.0 KiB/744.5 KiB (6.3 MiB/s) with 7 file(s) remaining
upload: ../../../../../tmp/perfkitbenchmarker/runs/t2large/perfkitbenchmarker_keyfile.pub to s3://2025-coremark/t2.large/perfkitbenchmarker_keyfile.pub
Completed 668.0 KiB/744.5 KiB (6.3 MiB/s) with 6 file(s) remaining
Completed 670.4 KiB/744.5 KiB (6.3 MiB/s) with 6 file(s) remaining
upload: ../../../../../tmp/perfkitbenchmarker/runs/t2large/perfkitbenchmarker_keyfile to s3://2025-coremark/t2.large/perfkitbenchmarker_keyfile
Completed 670.4 KiB/744.5 KiB (6.3 MiB/s) with 5 file(s) remaining
Completed 670.5 KiB/744.5 KiB (6.1 MiB/s) with 5 file(s) remaining
upload: ../../../../../tmp/perfkitbenchmarker/runs/t2large/completion_statuses.json to s3://2025-coremark/t2.large/completion_statuses.json
Completed 670.5 KiB/744.5 KiB (6.1 MiB/s) with 4 file(s) remaining
Completed 684.6 KiB/744.5 KiB (5.1 MiB/s) with 4 file(s) remaining
upload: ../../../../../tmp/perfkitbenchmarker/runs/t2large/coremark0 to s3://2025-coremark/t2.large/coremark0
Completed 684.6 KiB/744.5 KiB (5.1 MiB/s) with 3 file(s) remaining
Completed 743.4 KiB/744.5 KiB (5.5 MiB/s) with 3 file(s) remaining
upload: ../../../../../tmp/perfkitbenchmarker/runs/t2large/perfkitbenchmarker_results.json to s3://2025-coremark/t2.large/perfkitbenchmarker_results.json
Completed 743.4 KiB/744.5 KiB (5.5 MiB/s) with 2 file(s) remaining
Completed 744.5 KiB/744.5 KiB (4.9 MiB/s) with 2 file(s) remaining
upload: ../../../../../tmp/perfkitbenchmarker/runs/t2large/ssh_config to s3://2025-coremark/t2.large/ssh_config
Completed 744.5 KiB/744.5 KiB (4.9 MiB/s) with 1 file(s) remaining
upload: ../../../../../tmp/perfkitbenchmarker/runs/t2large/pkb.log to s3://2025-coremark/t2.large/pkb.log
[DONE] t2.large benchmark and upload complete.
[INFO] Benchmark for t2.2xlarge succeeded. Proceeding with upload.
[INFO] Uploading results to s3://2025-coremark/t2.2xlarge
Completed 668.0 KiB/747.6 KiB (6.9 MiB/s) with 7 file(s) remaining
Completed 669.2 KiB/747.6 KiB (5.5 MiB/s) with 7 file(s) remaining
upload: ../../../../../tmp/perfkitbenchmarker/runs/t22xlarge/ssh_config to s3://2025-coremark/t2.2xlarge/ssh_config
Completed 669.2 KiB/747.6 KiB (5.5 MiB/s) with 6 file(s) remaining
Completed 669.3 KiB/747.6 KiB (4.6 MiB/s) with 6 file(s) remaining
upload: ../../../../../tmp/perfkitbenchmarker/runs/t22xlarge/completion_statuses.json to s3://2025-coremark/t2.2xlarge/completion_statuses.json
Completed 669.3 KiB/747.6 KiB (4.6 MiB/s) with 5 file(s) remaining
Completed 671.7 KiB/747.6 KiB (4.2 MiB/s) with 5 file(s) remaining
upload: ../../../../../tmp/perfkitbenchmarker/runs/t22xlarge/perfkitbenchmarker_keyfile to s3://2025-coremark/t2.2xlarge/perfkitbenchmarker_keyfile
Completed 671.7 KiB/747.6 KiB (4.2 MiB/s) with 4 file(s) remaining
Completed 732.5 KiB/747.6 KiB (4.5 MiB/s) with 4 file(s) remaining
upload: ../../../../../tmp/perfkitbenchmarker/runs/t22xlarge/perfkitbenchmarker_results.json to s3://2025-coremark/t2.2xlarge/perfkitbenchmarker_results.json
Completed 732.5 KiB/747.6 KiB (4.5 MiB/s) with 3 file(s) remaining
Completed 747.0 KiB/747.6 KiB (3.9 MiB/s) with 3 file(s) remaining
upload: ../../../../../tmp/perfkitbenchmarker/runs/t22xlarge/coremark0 to s3://2025-coremark/t2.2xlarge/coremark0
Completed 747.0 KiB/747.6 KiB (3.9 MiB/s) with 2 file(s) remaining
upload: ../../../../../tmp/perfkitbenchmarker/runs/t22xlarge/pkb.log to s3://2025-coremark/t2.2xlarge/pkb.log
Completed 747.0 KiB/747.6 KiB (3.9 MiB/s) with 1 file(s) remaining
Completed 747.6 KiB/747.6 KiB (2.9 MiB/s) with 1 file(s) remaining
upload: ../../../../../tmp/perfkitbenchmarker/runs/t22xlarge/perfkitbenchmarker_keyfile.pub to s3://2025-coremark/t2.2xlarge/perfkitbenchmarker_keyfile.pub
[DONE] t2.2xlarge benchmark and upload complete.
[INFO] Benchmark for t2.micro succeeded. Proceeding with upload.
[INFO] Uploading results to s3://2025-coremark/t2.micro
Completed 121 Bytes/735.9 KiB (1.1 KiB/s) with 7 file(s) remaining
upload: ../../../../../tmp/perfkitbenchmarker/runs/t2micro/completion_statuses.json to s3://2025-coremark/t2.micro/completion_statuses.json
Completed 121 Bytes/735.9 KiB (1.1 KiB/s) with 6 file(s) remaining
Completed 659.4 KiB/735.9 KiB (5.7 MiB/s) with 6 file(s) remaining
Completed 717.7 KiB/735.9 KiB (5.8 MiB/s) with 6 file(s) remaining
upload: ../../../../../tmp/perfkitbenchmarker/runs/t2micro/perfkitbenchmarker_results.json to s3://2025-coremark/t2.micro/perfkitbenchmarker_results.json
Completed 717.7 KiB/735.9 KiB (5.8 MiB/s) with 5 file(s) remaining
Completed 731.8 KiB/735.9 KiB (5.7 MiB/s) with 5 file(s) remaining
upload: ../../../../../tmp/perfkitbenchmarker/runs/t2micro/coremark0 to s3://2025-coremark/t2.micro/coremark0
Completed 731.8 KiB/735.9 KiB (5.7 MiB/s) with 4 file(s) remaining
Completed 732.4 KiB/735.9 KiB (5.6 MiB/s) with 4 file(s) remaining
upload: ../../../../../tmp/perfkitbenchmarker/runs/t2micro/perfkitbenchmarker_keyfile.pub to s3://2025-coremark/t2.micro/perfkitbenchmarker_keyfile.pub
Completed 732.4 KiB/735.9 KiB (5.6 MiB/s) with 3 file(s) remaining
Completed 734.8 KiB/735.9 KiB (5.3 MiB/s) with 3 file(s) remaining
upload: ../../../../../tmp/perfkitbenchmarker/runs/t2micro/perfkitbenchmarker_keyfile to s3://2025-coremark/t2.micro/perfkitbenchmarker_keyfile
Completed 734.8 KiB/735.9 KiB (5.3 MiB/s) with 2 file(s) remaining
Completed 735.9 KiB/735.9 KiB (4.8 MiB/s) with 2 file(s) remaining
upload: ../../../../../tmp/perfkitbenchmarker/runs/t2micro/ssh_config to s3://2025-coremark/t2.micro/ssh_config
Completed 735.9 KiB/735.9 KiB (4.8 MiB/s) with 1 file(s) remaining
upload: ../../../../../tmp/perfkitbenchmarker/runs/t2micro/pkb.log to s3://2025-coremark/t2.micro/pkb.log
[DONE] t2.micro benchmark and upload complete.
[INFO] Benchmark for t2.medium succeeded. Proceeding with upload.
[INFO] Uploading results to s3://2025-coremark/t2.medium
Completed 14.1 KiB/749.8 KiB (126.8 KiB/s) with 7 file(s) remaining
upload: ../../../../../tmp/perfkitbenchmarker/runs/t2medium/coremark0 to s3://2025-coremark/t2.medium/coremark0
Completed 14.1 KiB/749.8 KiB (126.8 KiB/s) with 6 file(s) remaining
Completed 686.7 KiB/749.8 KiB (6.0 MiB/s) with 6 file(s) remaining 
Completed 686.8 KiB/749.8 KiB (5.9 MiB/s) with 6 file(s) remaining 
upload: ../../../../../tmp/perfkitbenchmarker/runs/t2medium/completion_statuses.json to s3://2025-coremark/t2.medium/completion_statuses.json
Completed 686.8 KiB/749.8 KiB (5.9 MiB/s) with 5 file(s) remaining
Completed 689.2 KiB/749.8 KiB (5.4 MiB/s) with 5 file(s) remaining
upload: ../../../../../tmp/perfkitbenchmarker/runs/t2medium/perfkitbenchmarker_keyfile to s3://2025-coremark/t2.medium/perfkitbenchmarker_keyfile
Completed 689.2 KiB/749.8 KiB (5.4 MiB/s) with 4 file(s) remaining
Completed 748.1 KiB/749.8 KiB (5.6 MiB/s) with 4 file(s) remaining
upload: ../../../../../tmp/perfkitbenchmarker/runs/t2medium/perfkitbenchmarker_results.json to s3://2025-coremark/t2.medium/perfkitbenchmarker_results.json
Completed 748.1 KiB/749.8 KiB (5.6 MiB/s) with 3 file(s) remaining
Completed 749.2 KiB/749.8 KiB (5.3 MiB/s) with 3 file(s) remaining
upload: ../../../../../tmp/perfkitbenchmarker/runs/t2medium/ssh_config to s3://2025-coremark/t2.medium/ssh_config
Completed 749.2 KiB/749.8 KiB (5.3 MiB/s) with 2 file(s) remaining
Completed 749.8 KiB/749.8 KiB (4.7 MiB/s) with 2 file(s) remaining
upload: ../../../../../tmp/perfkitbenchmarker/runs/t2medium/perfkitbenchmarker_keyfile.pub to s3://2025-coremark/t2.medium/perfkitbenchmarker_keyfile.pub
Completed 749.8 KiB/749.8 KiB (4.7 MiB/s) with 1 file(s) remaining
upload: ../../../../../tmp/perfkitbenchmarker/runs/t2medium/pkb.log to s3://2025-coremark/t2.medium/pkb.log
[DONE] t2.medium benchmark and upload complete.
[INFO] Benchmark for t2.small succeeded. Proceeding with upload.
[INFO] Uploading results to s3://2025-coremark/t2.small
Completed 683.2 KiB/759.8 KiB (6.7 MiB/s) with 7 file(s) remaining
Completed 683.8 KiB/759.8 KiB (6.1 MiB/s) with 7 file(s) remaining
upload: ../../../../../tmp/perfkitbenchmarker/runs/t2small/perfkitbenchmarker_keyfile.pub to s3://2025-coremark/t2.small/perfkitbenchmarker_keyfile.pub
Completed 683.8 KiB/759.8 KiB (6.1 MiB/s) with 6 file(s) remaining
Completed 697.8 KiB/759.8 KiB (6.1 MiB/s) with 6 file(s) remaining
upload: ../../../../../tmp/perfkitbenchmarker/runs/t2small/coremark0 to s3://2025-coremark/t2.small/coremark0
Completed 697.8 KiB/759.8 KiB (6.1 MiB/s) with 5 file(s) remaining
Completed 699.0 KiB/759.8 KiB (6.1 MiB/s) with 5 file(s) remaining
upload: ../../../../../tmp/perfkitbenchmarker/runs/t2small/ssh_config to s3://2025-coremark/t2.small/ssh_config
Completed 699.0 KiB/759.8 KiB (6.1 MiB/s) with 4 file(s) remaining
Completed 701.4 KiB/759.8 KiB (6.1 MiB/s) with 4 file(s) remaining
upload: ../../../../../tmp/perfkitbenchmarker/runs/t2small/perfkitbenchmarker_keyfile to s3://2025-coremark/t2.small/perfkitbenchmarker_keyfile
Completed 701.4 KiB/759.8 KiB (6.1 MiB/s) with 3 file(s) remaining
Completed 759.6 KiB/759.8 KiB (5.5 MiB/s) with 3 file(s) remaining
upload: ../../../../../tmp/perfkitbenchmarker/runs/t2small/perfkitbenchmarker_results.json to s3://2025-coremark/t2.small/perfkitbenchmarker_results.json
Completed 759.6 KiB/759.8 KiB (5.5 MiB/s) with 2 file(s) remaining
Completed 759.8 KiB/759.8 KiB (5.1 MiB/s) with 2 file(s) remaining
upload: ../../../../../tmp/perfkitbenchmarker/runs/t2small/completion_statuses.json to s3://2025-coremark/t2.small/completion_statuses.json
Completed 759.8 KiB/759.8 KiB (5.1 MiB/s) with 1 file(s) remaining
upload: ../../../../../tmp/perfkitbenchmarker/runs/t2small/pkb.log to s3://2025-coremark/t2.small/pkb.log
[DONE] t2.small benchmark and upload complete.
[ALL DONE] 모든 벤치마크 및 업로드 완료!
[INFO] Starting benchmark for m5.12xlarge (run_uri=m512xlarge)
[INFO] Starting benchmark for m5.2xlarge (run_uri=m52xlarge)
[INFO] Starting benchmark for m5.xlarge (run_uri=m5xlarge)
[INFO] Starting benchmark for m5.24xlarge (run_uri=m524xlarge)
[INFO] Starting benchmark for m5.large (run_uri=m5large)
[INFO] Starting benchmark for m5.8xlarge (run_uri=m58xlarge)
[INFO] Starting benchmark for m5.16xlarge (run_uri=m516xlarge)
[INFO] Starting benchmark for m5.4xlarge (run_uri=m54xlarge)
[INFO] Benchmark for m5.4xlarge succeeded. Proceeding with upload.
[INFO] Uploading results to s3://2025-coremark/m5.4xlarge
Completed 609.4 KiB/694.6 KiB (6.4 MiB/s) with 7 file(s) remainingCompleted 609.5 KiB/694.6 KiB (5.6 MiB/s) with 7 file(s) remainingupload: ../../../../../tmp/perfkitbenchmarker/runs/m54xlarge/completion_statuses.json to s3://2025-coremark/m5.4xlarge/completion_statuses.json
Completed 609.5 KiB/694.6 KiB (5.6 MiB/s) with 6 file(s) remainingCompleted 675.0 KiB/694.6 KiB (5.6 MiB/s) with 6 file(s) remainingupload: ../../../../../tmp/perfkitbenchmarker/runs/m54xlarge/perfkitbenchmarker_results.json to s3://2025-coremark/m5.4xlarge/perfkitbenchmarker_results.json
Completed 675.0 KiB/694.6 KiB (5.6 MiB/s) with 5 file(s) remainingCompleted 676.2 KiB/694.6 KiB (5.4 MiB/s) with 5 file(s) remainingupload: ../../../../../tmp/perfkitbenchmarker/runs/m54xlarge/ssh_config to s3://2025-coremark/m5.4xlarge/ssh_config
Completed 676.2 KiB/694.6 KiB (5.4 MiB/s) with 4 file(s) remainingCompleted 691.6 KiB/694.6 KiB (5.3 MiB/s) with 4 file(s) remainingupload: ../../../../../tmp/perfkitbenchmarker/runs/m54xlarge/coremark0 to s3://2025-coremark/m5.4xlarge/coremark0
Completed 691.6 KiB/694.6 KiB (5.3 MiB/s) with 3 file(s) remainingCompleted 692.2 KiB/694.6 KiB (5.2 MiB/s) with 3 file(s) remainingupload: ../../../../../tmp/perfkitbenchmarker/runs/m54xlarge/perfkitbenchmarker_keyfile.pub to s3://2025-coremark/m5.4xlarge/perfkitbenchmarker_keyfile.pub
Completed 692.2 KiB/694.6 KiB (5.2 MiB/s) with 2 file(s) remainingCompleted 694.6 KiB/694.6 KiB (4.7 MiB/s) with 2 file(s) remainingupload: ../../../../../tmp/perfkitbenchmarker/runs/m54xlarge/perfkitbenchmarker_keyfile to s3://2025-coremark/m5.4xlarge/perfkitbenchmarker_keyfile
Completed 694.6 KiB/694.6 KiB (4.7 MiB/s) with 1 file(s) remainingupload: ../../../../../tmp/perfkitbenchmarker/runs/m54xlarge/pkb.log to s3://2025-coremark/m5.4xlarge/pkb.log
[DONE] m5.4xlarge benchmark and upload complete.
[INFO] Benchmark for m5.2xlarge succeeded. Proceeding with upload.
[INFO] Uploading results to s3://2025-coremark/m5.2xlarge
Completed 605.5 KiB/687.7 KiB (6.4 MiB/s) with 7 file(s) remainingCompleted 605.6 KiB/687.7 KiB (5.8 MiB/s) with 7 file(s) remainingupload: ../../../../../tmp/perfkitbenchmarker/runs/m52xlarge/completion_statuses.json to s3://2025-coremark/m5.2xlarge/completion_statuses.json
Completed 605.6 KiB/687.7 KiB (5.8 MiB/s) with 6 file(s) remainingCompleted 606.2 KiB/687.7 KiB (5.7 MiB/s) with 6 file(s) remainingupload: ../../../../../tmp/perfkitbenchmarker/runs/m52xlarge/perfkitbenchmarker_keyfile.pub to s3://2025-coremark/m5.2xlarge/perfkitbenchmarker_keyfile.pub
Completed 606.2 KiB/687.7 KiB (5.7 MiB/s) with 5 file(s) remainingCompleted 607.3 KiB/687.7 KiB (5.0 MiB/s) with 5 file(s) remainingupload: ../../../../../tmp/perfkitbenchmarker/runs/m52xlarge/ssh_config to s3://2025-coremark/m5.2xlarge/ssh_config
Completed 607.3 KiB/687.7 KiB (5.0 MiB/s) with 4 file(s) remainingCompleted 622.3 KiB/687.7 KiB (5.0 MiB/s) with 4 file(s) remainingupload: ../../../../../tmp/perfkitbenchmarker/runs/m52xlarge/coremark0 to s3://2025-coremark/m5.2xlarge/coremark0
Completed 622.3 KiB/687.7 KiB (5.0 MiB/s) with 3 file(s) remainingupload: ../../../../../tmp/perfkitbenchmarker/runs/m52xlarge/pkb.log to s3://2025-coremark/m5.2xlarge/pkb.log
Completed 622.3 KiB/687.7 KiB (5.0 MiB/s) with 2 file(s) remainingCompleted 685.3 KiB/687.7 KiB (4.6 MiB/s) with 2 file(s) remainingupload: ../../../../../tmp/perfkitbenchmarker/runs/m52xlarge/perfkitbenchmarker_results.json to s3://2025-coremark/m5.2xlarge/perfkitbenchmarker_results.json
Completed 685.3 KiB/687.7 KiB (4.6 MiB/s) with 1 file(s) remainingCompleted 687.7 KiB/687.7 KiB (4.5 MiB/s) with 1 file(s) remainingupload: ../../../../../tmp/perfkitbenchmarker/runs/m52xlarge/perfkitbenchmarker_keyfile to s3://2025-coremark/m5.2xlarge/perfkitbenchmarker_keyfile
[DONE] m5.2xlarge benchmark and upload complete.
[INFO] Benchmark for m5.12xlarge succeeded. Proceeding with upload.
[INFO] Uploading results to s3://2025-coremark/m5.12xlarge
Completed 17.8 KiB/765.5 KiB (156.9 KiB/s) with 7 file(s) remainingupload: ../../../../../tmp/perfkitbenchmarker/runs/m512xlarge/coremark0 to s3://2025-coremark/m5.12xlarge/coremark0
Completed 17.8 KiB/765.5 KiB (156.9 KiB/s) with 6 file(s) remainingCompleted 18.0 KiB/765.5 KiB (155.7 KiB/s) with 6 file(s) remainingupload: ../../../../../tmp/perfkitbenchmarker/runs/m512xlarge/completion_statuses.json to s3://2025-coremark/m5.12xlarge/completion_statuses.json
Completed 18.0 KiB/765.5 KiB (155.7 KiB/s) with 5 file(s) remainingCompleted 20.3 KiB/765.5 KiB (175.4 KiB/s) with 5 file(s) remainingupload: ../../../../../tmp/perfkitbenchmarker/runs/m512xlarge/perfkitbenchmarker_keyfile to s3://2025-coremark/m5.12xlarge/perfkitbenchmarker_keyfile
Completed 20.3 KiB/765.5 KiB (175.4 KiB/s) with 4 file(s) remainingCompleted 20.9 KiB/765.5 KiB (179.4 KiB/s) with 4 file(s) remainingupload: ../../../../../tmp/perfkitbenchmarker/runs/m512xlarge/perfkitbenchmarker_keyfile.pub to s3://2025-coremark/m5.12xlarge/perfkitbenchmarker_keyfile.pub
Completed 20.9 KiB/765.5 KiB (179.4 KiB/s) with 3 file(s) remainingCompleted 688.5 KiB/765.5 KiB (5.5 MiB/s) with 3 file(s) remaining Completed 764.4 KiB/765.5 KiB (5.4 MiB/s) with 3 file(s) remaining upload: ../../../../../tmp/perfkitbenchmarker/runs/m512xlarge/perfkitbenchmarker_results.json to s3://2025-coremark/m5.12xlarge/perfkitbenchmarker_results.json
Completed 764.4 KiB/765.5 KiB (5.4 MiB/s) with 2 file(s) remainingCompleted 765.5 KiB/765.5 KiB (4.8 MiB/s) with 2 file(s) remainingupload: ../../../../../tmp/perfkitbenchmarker/runs/m512xlarge/ssh_config to s3://2025-coremark/m5.12xlarge/ssh_config
Completed 765.5 KiB/765.5 KiB (4.8 MiB/s) with 1 file(s) remainingupload: ../../../../../tmp/perfkitbenchmarker/runs/m512xlarge/pkb.log to s3://2025-coremark/m5.12xlarge/pkb.log
[DONE] m5.12xlarge benchmark and upload complete.
[INFO] Benchmark for m5.large succeeded. Proceeding with upload.
[INFO] Uploading results to s3://2025-coremark/m5.large
Completed 592.7 KiB/672.1 KiB (5.9 MiB/s) with 7 file(s) remainingCompleted 595.0 KiB/672.1 KiB (5.5 MiB/s) with 7 file(s) remainingupload: ../../../../../tmp/perfkitbenchmarker/runs/m5large/perfkitbenchmarker_keyfile to s3://2025-coremark/m5.large/perfkitbenchmarker_keyfile
Completed 595.0 KiB/672.1 KiB (5.5 MiB/s) with 6 file(s) remainingCompleted 596.2 KiB/672.1 KiB (5.3 MiB/s) with 6 file(s) remainingupload: ../../../../../tmp/perfkitbenchmarker/runs/m5large/ssh_config to s3://2025-coremark/m5.large/ssh_config
Completed 596.2 KiB/672.1 KiB (5.3 MiB/s) with 5 file(s) remainingCompleted 596.8 KiB/672.1 KiB (5.3 MiB/s) with 5 file(s) remainingupload: ../../../../../tmp/perfkitbenchmarker/runs/m5large/perfkitbenchmarker_keyfile.pub to s3://2025-coremark/m5.large/perfkitbenchmarker_keyfile.pub
Completed 596.8 KiB/672.1 KiB (5.3 MiB/s) with 4 file(s) remainingCompleted 596.9 KiB/672.1 KiB (5.2 MiB/s) with 4 file(s) remainingupload: ../../../../../tmp/perfkitbenchmarker/runs/m5large/completion_statuses.json to s3://2025-coremark/m5.large/completion_statuses.json
Completed 596.9 KiB/672.1 KiB (5.2 MiB/s) with 3 file(s) remainingCompleted 611.4 KiB/672.1 KiB (5.1 MiB/s) with 3 file(s) remainingupload: ../../../../../tmp/perfkitbenchmarker/runs/m5large/coremark0 to s3://2025-coremark/m5.large/coremark0
Completed 611.4 KiB/672.1 KiB (5.1 MiB/s) with 2 file(s) remainingCompleted 672.1 KiB/672.1 KiB (4.1 MiB/s) with 2 file(s) remainingupload: ../../../../../tmp/perfkitbenchmarker/runs/m5large/perfkitbenchmarker_results.json to s3://2025-coremark/m5.large/perfkitbenchmarker_results.json
Completed 672.1 KiB/672.1 KiB (4.1 MiB/s) with 1 file(s) remainingupload: ../../../../../tmp/perfkitbenchmarker/runs/m5large/pkb.log to s3://2025-coremark/m5.large/pkb.log
[DONE] m5.large benchmark and upload complete.
[INFO] Benchmark for m5.xlarge succeeded. Proceeding with upload.
[INFO] Uploading results to s3://2025-coremark/m5.xlarge
Completed 601.6 KiB/682.2 KiB (5.5 MiB/s) with 7 file(s) remainingCompleted 602.1 KiB/682.2 KiB (5.3 MiB/s) with 7 file(s) remainingupload: ../../../../../tmp/perfkitbenchmarker/runs/m5xlarge/perfkitbenchmarker_keyfile.pub to s3://2025-coremark/m5.xlarge/perfkitbenchmarker_keyfile.pub
Completed 602.1 KiB/682.2 KiB (5.3 MiB/s) with 6 file(s) remainingCompleted 604.5 KiB/682.2 KiB (5.3 MiB/s) with 6 file(s) remainingupload: ../../../../../tmp/perfkitbenchmarker/runs/m5xlarge/perfkitbenchmarker_keyfile to s3://2025-coremark/m5.xlarge/perfkitbenchmarker_keyfile
Completed 604.5 KiB/682.2 KiB (5.3 MiB/s) with 5 file(s) remainingCompleted 604.7 KiB/682.2 KiB (5.1 MiB/s) with 5 file(s) remainingupload: ../../../../../tmp/perfkitbenchmarker/runs/m5xlarge/completion_statuses.json to s3://2025-coremark/m5.xlarge/completion_statuses.json
Completed 604.7 KiB/682.2 KiB (5.1 MiB/s) with 4 file(s) remainingCompleted 619.4 KiB/682.2 KiB (5.1 MiB/s) with 4 file(s) remainingupload: ../../../../../tmp/perfkitbenchmarker/runs/m5xlarge/coremark0 to s3://2025-coremark/m5.xlarge/coremark0
Completed 619.4 KiB/682.2 KiB (5.1 MiB/s) with 3 file(s) remainingCompleted 620.5 KiB/682.2 KiB (5.0 MiB/s) with 3 file(s) remainingupload: ../../../../../tmp/perfkitbenchmarker/runs/m5xlarge/ssh_config to s3://2025-coremark/m5.xlarge/ssh_config
Completed 620.5 KiB/682.2 KiB (5.0 MiB/s) with 2 file(s) remainingupload: ../../../../../tmp/perfkitbenchmarker/runs/m5xlarge/pkb.log to s3://2025-coremark/m5.xlarge/pkb.log
Completed 620.5 KiB/682.2 KiB (5.0 MiB/s) with 1 file(s) remainingCompleted 682.2 KiB/682.2 KiB (1.8 MiB/s) with 1 file(s) remainingupload: ../../../../../tmp/perfkitbenchmarker/runs/m5xlarge/perfkitbenchmarker_results.json to s3://2025-coremark/m5.xlarge/perfkitbenchmarker_results.json
[DONE] m5.xlarge benchmark and upload complete.
[INFO] Benchmark for m5.8xlarge succeeded. Proceeding with upload.
[INFO] Uploading results to s3://2025-coremark/m5.8xlarge
Completed 123 Bytes/740.5 KiB (1.4 KiB/s) with 7 file(s) remainingupload: ../../../../../tmp/perfkitbenchmarker/runs/m58xlarge/completion_statuses.json to s3://2025-coremark/m5.8xlarge/completion_statuses.json
Completed 123 Bytes/740.5 KiB (1.4 KiB/s) with 6 file(s) remainingCompleted 2.5 KiB/740.5 KiB (28.1 KiB/s) with 6 file(s) remaining upload: ../../../../../tmp/perfkitbenchmarker/runs/m58xlarge/perfkitbenchmarker_keyfile to s3://2025-coremark/m5.8xlarge/perfkitbenchmarker_keyfile
Completed 2.5 KiB/740.5 KiB (28.1 KiB/s) with 5 file(s) remainingCompleted 651.8 KiB/740.5 KiB (7.0 MiB/s) with 5 file(s) remainingCompleted 653.0 KiB/740.5 KiB (6.1 MiB/s) with 5 file(s) remainingupload: ../../../../../tmp/perfkitbenchmarker/runs/m58xlarge/ssh_config to s3://2025-coremark/m5.8xlarge/ssh_config
Completed 653.0 KiB/740.5 KiB (6.1 MiB/s) with 4 file(s) remainingCompleted 723.4 KiB/740.5 KiB (6.6 MiB/s) with 4 file(s) remainingupload: ../../../../../tmp/perfkitbenchmarker/runs/m58xlarge/perfkitbenchmarker_results.json to s3://2025-coremark/m5.8xlarge/perfkitbenchmarker_results.json
Completed 723.4 KiB/740.5 KiB (6.6 MiB/s) with 3 file(s) remainingCompleted 724.0 KiB/740.5 KiB (6.6 MiB/s) with 3 file(s) remainingupload: ../../../../../tmp/perfkitbenchmarker/runs/m58xlarge/perfkitbenchmarker_keyfile.pub to s3://2025-coremark/m5.8xlarge/perfkitbenchmarker_keyfile.pub
Completed 724.0 KiB/740.5 KiB (6.6 MiB/s) with 2 file(s) remainingCompleted 740.5 KiB/740.5 KiB (3.9 MiB/s) with 2 file(s) remainingupload: ../../../../../tmp/perfkitbenchmarker/runs/m58xlarge/coremark0 to s3://2025-coremark/m5.8xlarge/coremark0
Completed 740.5 KiB/740.5 KiB (3.9 MiB/s) with 1 file(s) remainingupload: ../../../../../tmp/perfkitbenchmarker/runs/m58xlarge/pkb.log to s3://2025-coremark/m5.8xlarge/pkb.log
[DONE] m5.8xlarge benchmark and upload complete.
[INFO] Benchmark for m5.16xlarge succeeded. Proceeding with upload.
[INFO] Uploading results to s3://2025-coremark/m5.16xlarge
Completed 712.1 KiB/815.6 KiB (7.1 MiB/s) with 7 file(s) remainingCompleted 712.3 KiB/815.6 KiB (6.6 MiB/s) with 7 file(s) remainingupload: ../../../../../tmp/perfkitbenchmarker/runs/m516xlarge/completion_statuses.json to s3://2025-coremark/m5.16xlarge/completion_statuses.json
Completed 712.3 KiB/815.6 KiB (6.6 MiB/s) with 6 file(s) remainingCompleted 714.7 KiB/815.6 KiB (6.2 MiB/s) with 6 file(s) remainingupload: ../../../../../tmp/perfkitbenchmarker/runs/m516xlarge/perfkitbenchmarker_keyfile to s3://2025-coremark/m5.16xlarge/perfkitbenchmarker_keyfile
Completed 714.7 KiB/815.6 KiB (6.2 MiB/s) with 5 file(s) remainingCompleted 715.8 KiB/815.6 KiB (6.1 MiB/s) with 5 file(s) remainingupload: ../../../../../tmp/perfkitbenchmarker/runs/m516xlarge/ssh_config to s3://2025-coremark/m5.16xlarge/ssh_config
Completed 715.8 KiB/815.6 KiB (6.1 MiB/s) with 4 file(s) remainingCompleted 796.3 KiB/815.6 KiB (6.8 MiB/s) with 4 file(s) remainingupload: ../../../../../tmp/perfkitbenchmarker/runs/m516xlarge/perfkitbenchmarker_results.json to s3://2025-coremark/m5.16xlarge/perfkitbenchmarker_results.json
Completed 796.3 KiB/815.6 KiB (6.8 MiB/s) with 3 file(s) remainingupload: ../../../../../tmp/perfkitbenchmarker/runs/m516xlarge/pkb.log to s3://2025-coremark/m5.16xlarge/pkb.log
Completed 796.3 KiB/815.6 KiB (6.8 MiB/s) with 2 file(s) remainingCompleted 815.0 KiB/815.6 KiB (5.9 MiB/s) with 2 file(s) remainingupload: ../../../../../tmp/perfkitbenchmarker/runs/m516xlarge/coremark0 to s3://2025-coremark/m5.16xlarge/coremark0
Completed 815.0 KiB/815.6 KiB (5.9 MiB/s) with 1 file(s) remainingCompleted 815.6 KiB/815.6 KiB (5.6 MiB/s) with 1 file(s) remainingupload: ../../../../../tmp/perfkitbenchmarker/runs/m516xlarge/perfkitbenchmarker_keyfile.pub to s3://2025-coremark/m5.16xlarge/perfkitbenchmarker_keyfile.pub
[DONE] m5.16xlarge benchmark and upload complete.
[ERROR] Benchmark for m5.24xlarge did not succeed (status: FAILED). Skipping upload.
[ALL DONE] 모든 벤치마크 및 업로드 완료!
