alpha,cost,performance,perf_per_cost,actual_pods,excess_pods,instance_types
0.0,7.114750000000001,19597840,2754536.701922063,1000,0,"{'D4ps_v5_US East_1': 50, 'D4ps_v5_US East_2': 50, 'D4ps_v5_US East_3': 50, 'D8ps_v5_US East_3': 50}"
0.01,7.114750000000001,19597840,2754536.701922063,1000,0,"{'D4ps_v5_US East_1': 50, 'D4ps_v5_US East_2': 50, 'D4ps_v5_US East_3': 50, 'D8ps_v5_US East_3': 50}"
0.02,7.114750000000001,19597840,2754536.701922063,1000,0,"{'D4ps_v5_US East_1': 50, 'D4ps_v5_US East_2': 50, 'D4ps_v5_US East_3': 50, 'D8ps_v5_US East_3': 50}"
0.03,7.114750000000001,19597840,2754536.701922063,1000,0,"{'D4ps_v5_US East_1': 50, 'D4ps_v5_US East_2': 50, 'D4ps_v5_US East_3': 50, 'D8ps_v5_US East_3': 50}"
0.04,7.114750000000001,19597840,2754536.701922063,1000,0,"{'D4ps_v5_US East_1': 50, 'D4ps_v5_US East_2': 50, 'D4ps_v5_US East_3': 50, 'D8ps_v5_US East_3': 50}"
0.05,7.114750000000001,19597840,2754536.701922063,1000,0,"{'D4ps_v5_US East_1': 50, 'D4ps_v5_US East_2': 50, 'D4ps_v5_US East_3': 50, 'D8ps_v5_US East_3': 50}"
0.06,7.114750000000001,19597840,2754536.701922063,1000,0,"{'D4ps_v5_US East_1': 50, 'D4ps_v5_US East_2': 50, 'D4ps_v5_US East_3': 50, 'D8ps_v5_US East_3': 50}"
0.07,7.114750000000001,19597840,2754536.701922063,1000,0,"{'D4ps_v5_US East_1': 50, 'D4ps_v5_US East_2': 50, 'D4ps_v5_US East_3': 50, 'D8ps_v5_US East_3': 50}"
0.08,7.114750000000001,19597840,2754536.701922063,1000,0,"{'D4ps_v5_US East_1': 50, 'D4ps_v5_US East_2': 50, 'D4ps_v5_US East_3': 50, 'D8ps_v5_US East_3': 50}"
0.09,7.114750000000001,19597840,2754536.701922063,1000,0,"{'D4ps_v5_US East_1': 50, 'D4ps_v5_US East_2': 50, 'D4ps_v5_US East_3': 50, 'D8ps_v5_US East_3': 50}"
0.1,7.114750000000001,19597840,2754536.701922063,1000,0,"{'D4ps_v5_US East_1': 50, 'D4ps_v5_US East_2': 50, 'D4ps_v5_US East_3': 50, 'D8ps_v5_US East_3': 50}"
0.11,7.114750000000001,19597840,2754536.701922063,1000,0,"{'D4ps_v5_US East_1': 50, 'D4ps_v5_US East_2': 50, 'D4ps_v5_US East_3': 50, 'D8ps_v5_US East_3': 50}"
0.12,7.114750000000001,19597840,2754536.701922063,1000,0,"{'D4ps_v5_US East_1': 50, 'D4ps_v5_US East_2': 50, 'D4ps_v5_US East_3': 50, 'D8ps_v5_US East_3': 50}"
0.13,7.114750000000001,19597840,2754536.701922063,1000,0,"{'D4ps_v5_US East_1': 50, 'D4ps_v5_US East_2': 50, 'D4ps_v5_US East_3': 50, 'D8ps_v5_US East_3': 50}"
0.14,7.114750000000001,19597840,2754536.701922063,1000,0,"{'D4ps_v5_US East_1': 50, 'D4ps_v5_US East_2': 50, 'D4ps_v5_US East_3': 50, 'D8ps_v5_US East_3': 50}"
0.15,7.114750000000001,19597840,2754536.701922063,1000,0,"{'D4ps_v5_US East_1': 50, 'D4ps_v5_US East_2': 50, 'D4ps_v5_US East_3': 50, 'D8ps_v5_US East_3': 50}"
0.16,7.114750000000001,19597840,2754536.701922063,1000,0,"{'D4ps_v5_US East_1': 50, 'D4ps_v5_US East_2': 50, 'D4ps_v5_US East_3': 50, 'D8ps_v5_US East_3': 50}"
0.17,7.114750000000001,19597840,2754536.701922063,1000,0,"{'D4ps_v5_US East_1': 50, 'D4ps_v5_US East_2': 50, 'D4ps_v5_US East_3': 50, 'D8ps_v5_US East_3': 50}"
0.18,7.114750000000001,19597840,2754536.701922063,1000,0,"{'D4ps_v5_US East_1': 50, 'D4ps_v5_US East_2': 50, 'D4ps_v5_US East_3': 50, 'D8ps_v5_US East_3': 50}"
0.19,8.893500000000001,32054230,3604231.1800753353,1000,0,"{'D16as_v6_US East_1': 50, 'D16as_v6_US East_3': 12, 'D8as_v6_US East_2': 1}"
0.2,8.893500000000001,32054230,3604231.1800753353,1000,0,"{'D16as_v6_US East_1': 50, 'D16as_v6_US East_3': 12, 'D8as_v6_US East_2': 1}"
0.21,8.893500000000001,32054230,3604231.1800753353,1000,0,"{'D16as_v6_US East_1': 50, 'D16as_v6_US East_3': 12, 'D8as_v6_US East_2': 1}"
0.22,8.8935,32054230,3604231.1800753362,1000,0,"{'D16as_v6_US East_3': 13, 'D8as_v6_US East_2': 49, 'D8as_v6_US East_3': 50}"
0.23,8.893500000000001,32054230,3604231.1800753353,1000,0,"{'D16as_v6_US East_1': 50, 'D16as_v6_US East_3': 12, 'D8as_v6_US East_2': 1}"
0.24,8.893500000000001,32054230,3604231.1800753353,1000,0,"{'D16as_v6_US East_1': 50, 'D16as_v6_US East_3': 12, 'D8as_v6_US East_2': 1}"
0.25,8.8935,32054230,3604231.1800753362,1000,0,"{'D16as_v6_US East_3': 13, 'D8as_v6_US East_2': 49, 'D8as_v6_US East_3': 50}"
0.26,8.893500000000001,32054230,3604231.1800753353,1000,0,"{'D16as_v6_US East_1': 50, 'D16as_v6_US East_3': 12, 'D8as_v6_US East_2': 1}"
0.27,8.893500000000001,32054230,3604231.1800753353,1000,0,"{'D16as_v6_US East_1': 50, 'D16as_v6_US East_3': 12, 'D8as_v6_US East_2': 1}"
0.28,8.893500000000001,32054230,3604231.1800753353,1000,0,"{'D16as_v6_US East_1': 50, 'D16as_v6_US East_3': 12, 'D8as_v6_US East_2': 1}"
0.29,8.8935,32054230,3604231.1800753362,1000,0,"{'D16as_v6_US East_3': 13, 'D8as_v6_US East_2': 49, 'D8as_v6_US East_3': 50}"
0.3,8.8935,32054230,3604231.1800753362,1000,0,"{'D16as_v6_US East_3': 13, 'D8as_v6_US East_2': 49, 'D8as_v6_US East_3': 50}"
0.31,129.03075,464786335,3602136.196216793,14500,13500,"{'D16as_v6_US East_1': 50, 'D16as_v6_US East_3': 50, 'D2as_v6_US East_1': 50, 'D2as_v6_US East_2': 50, 'D2as_v6_US East_3': 50, 'D32as_v6_US East_2': 50, 'D32as_v6_US East_3': 50, 'D4as_v6_US East_1': 50, 'D4as_v6_US East_2': 50, 'D4as_v6_US East_3': 50, 'D64as_v6_US East_2': 50, 'D8as_v6_US East_2': 50, 'D8as_v6_US East_3': 50, 'D96as_v6_US East_1': 50}"
0.32,129.03075,464786335,3602136.196216793,14500,13500,"{'D16as_v6_US East_1': 50, 'D16as_v6_US East_3': 50, 'D2as_v6_US East_1': 50, 'D2as_v6_US East_2': 50, 'D2as_v6_US East_3': 50, 'D32as_v6_US East_2': 50, 'D32as_v6_US East_3': 50, 'D4as_v6_US East_1': 50, 'D4as_v6_US East_2': 50, 'D4as_v6_US East_3': 50, 'D64as_v6_US East_2': 50, 'D8as_v6_US East_2': 50, 'D8as_v6_US East_3': 50, 'D96as_v6_US East_1': 50}"
0.33,129.03075,464786335,3602136.196216793,14500,13500,"{'D16as_v6_US East_1': 50, 'D16as_v6_US East_3': 50, 'D2as_v6_US East_1': 50, 'D2as_v6_US East_2': 50, 'D2as_v6_US East_3': 50, 'D32as_v6_US East_2': 50, 'D32as_v6_US East_3': 50, 'D4as_v6_US East_1': 50, 'D4as_v6_US East_2': 50, 'D4as_v6_US East_3': 50, 'D64as_v6_US East_2': 50, 'D8as_v6_US East_2': 50, 'D8as_v6_US East_3': 50, 'D96as_v6_US East_1': 50}"
0.34,129.03075,464786335,3602136.196216793,14500,13500,"{'D16as_v6_US East_1': 50, 'D16as_v6_US East_3': 50, 'D2as_v6_US East_1': 50, 'D2as_v6_US East_2': 50, 'D2as_v6_US East_3': 50, 'D32as_v6_US East_2': 50, 'D32as_v6_US East_3': 50, 'D4as_v6_US East_1': 50, 'D4as_v6_US East_2': 50, 'D4as_v6_US East_3': 50, 'D64as_v6_US East_2': 50, 'D8as_v6_US East_2': 50, 'D8as_v6_US East_3': 50, 'D96as_v6_US East_1': 50}"
0.35000000000000003,129.03075,464786335,3602136.196216793,14500,13500,"{'D16as_v6_US East_1': 50, 'D16as_v6_US East_3': 50, 'D2as_v6_US East_1': 50, 'D2as_v6_US East_2': 50, 'D2as_v6_US East_3': 50, 'D32as_v6_US East_2': 50, 'D32as_v6_US East_3': 50, 'D4as_v6_US East_1': 50, 'D4as_v6_US East_2': 50, 'D4as_v6_US East_3': 50, 'D64as_v6_US East_2': 50, 'D8as_v6_US East_2': 50, 'D8as_v6_US East_3': 50, 'D96as_v6_US East_1': 50}"
0.36,322.84675000000004,1006502822,3117586.97276649,31400,30400,"{'D16ads_v6_US East_2': 50, 'D16ads_v6_US East_3': 50, 'D16as_v6_US East_1': 50, 'D16as_v6_US East_3': 50, 'D2ads_v6_US East_1': 50, 'D2ads_v6_US East_2': 50, 'D2ads_v6_US East_3': 50, 'D2as_v6_US East_1': 50, 'D2as_v6_US East_2': 50, 'D2as_v6_US East_3': 50, 'D32ads_v6_US East_1': 50, 'D32ads_v6_US East_3': 50, 'D32as_v6_US East_2': 50, 'D32as_v6_US East_3': 50, 'D48ads_v6_US East_2': 50, 'D4ads_v6_US East_1': 50, 'D4ads_v6_US East_2': 50, 'D4ads_v6_US East_3': 50, 'D4as_v6_US East_1': 50, 'D4as_v6_US East_2': 50, 'D4as_v6_US East_3': 50, 'D64ads_v6_US East_2': 50, 'D64as_v6_US East_2': 50, 'D8ads_v6_US East_1': 50, 'D8ads_v6_US East_2': 50, 'D8as_v6_US East_2': 50, 'D8as_v6_US East_3': 50, 'D96ads_v6_US East_2': 50, 'D96as_v6_US East_1': 50}"
0.37,543.23305,1611463891,2966431.9779512677,51400,50400,"{'D16ads_v6_US East_2': 50, 'D16ads_v6_US East_3': 50, 'D16as_v6_US East_1': 50, 'D16as_v6_US East_3': 50, 'D16ps_v5_US East_2': 50, 'D2ads_v6_US East_1': 50, 'D2ads_v6_US East_2': 50, 'D2ads_v6_US East_3': 50, 'D2as_v6_US East_1': 50, 'D2as_v6_US East_2': 50, 'D2as_v6_US East_3': 50, 'D2ps_v5_US East_1': 50, 'D2ps_v5_US East_2': 50, 'D2ps_v5_US East_3': 50, 'D32ads_v6_US East_1': 50, 'D32ads_v6_US East_3': 50, 'D32as_v6_US East_2': 50, 'D32as_v6_US East_3': 50, 'D48ads_v6_US East_2': 50, 'D4ads_v6_US East_1': 50, 'D4ads_v6_US East_2': 50, 'D4ads_v6_US East_3': 50, 'D4as_v6_US East_1': 50, 'D4as_v6_US East_2': 50, 'D4as_v6_US East_3': 50, 'D4ps_v5_US East_1': 50, 'D4ps_v5_US East_2': 50, 'D4ps_v5_US East_3': 50, 'D64ads_v6_US East_2': 50, 'D64as_v6_US East_2': 50, 'D8ads_v6_US East_1': 50, 'D8ads_v6_US East_2': 50, 'D8as_v6_US East_2': 50, 'D8as_v6_US East_3': 50, 'D8ps_v5_US East_1': 50, 'D8ps_v5_US East_2': 50, 'D8ps_v5_US East_3': 50, 'D96ads_v6_US East_2': 50, 'D96as_v6_US East_1': 50, 'E16as_v6_US East_2': 50, 'E16as_v6_US East_3': 50, 'E20as_v6_US East_2': 50, 'E20as_v6_US East_3': 50, 'E2as_v6_US East_1': 50, 'E2as_v6_US East_2': 50, 'E2as_v6_US East_3': 50, 'E32as_v6_US East_1': 50, 'E48as_v6_US East_3': 50, 'E4as_v6_US East_1': 50, 'E4as_v6_US East_2': 50, 'E64as_v6_US East_1': 50, 'E8as_v6_US East_1': 50, 'E8as_v6_US East_2': 50, 'E96as_v6_US East_1': 50}"
0.38,543.23305,1611463891,2966431.9779512677,51400,50400,"{'D16ads_v6_US East_2': 50, 'D16ads_v6_US East_3': 50, 'D16as_v6_US East_1': 50, 'D16as_v6_US East_3': 50, 'D16ps_v5_US East_2': 50, 'D2ads_v6_US East_1': 50, 'D2ads_v6_US East_2': 50, 'D2ads_v6_US East_3': 50, 'D2as_v6_US East_1': 50, 'D2as_v6_US East_2': 50, 'D2as_v6_US East_3': 50, 'D2ps_v5_US East_1': 50, 'D2ps_v5_US East_2': 50, 'D2ps_v5_US East_3': 50, 'D32ads_v6_US East_1': 50, 'D32ads_v6_US East_3': 50, 'D32as_v6_US East_2': 50, 'D32as_v6_US East_3': 50, 'D48ads_v6_US East_2': 50, 'D4ads_v6_US East_1': 50, 'D4ads_v6_US East_2': 50, 'D4ads_v6_US East_3': 50, 'D4as_v6_US East_1': 50, 'D4as_v6_US East_2': 50, 'D4as_v6_US East_3': 50, 'D4ps_v5_US East_1': 50, 'D4ps_v5_US East_2': 50, 'D4ps_v5_US East_3': 50, 'D64ads_v6_US East_2': 50, 'D64as_v6_US East_2': 50, 'D8ads_v6_US East_1': 50, 'D8ads_v6_US East_2': 50, 'D8as_v6_US East_2': 50, 'D8as_v6_US East_3': 50, 'D8ps_v5_US East_1': 50, 'D8ps_v5_US East_2': 50, 'D8ps_v5_US East_3': 50, 'D96ads_v6_US East_2': 50, 'D96as_v6_US East_1': 50, 'E16as_v6_US East_2': 50, 'E16as_v6_US East_3': 50, 'E20as_v6_US East_2': 50, 'E20as_v6_US East_3': 50, 'E2as_v6_US East_1': 50, 'E2as_v6_US East_2': 50, 'E2as_v6_US East_3': 50, 'E32as_v6_US East_1': 50, 'E48as_v6_US East_3': 50, 'E4as_v6_US East_1': 50, 'E4as_v6_US East_2': 50, 'E64as_v6_US East_1': 50, 'E8as_v6_US East_1': 50, 'E8as_v6_US East_2': 50, 'E96as_v6_US East_1': 50}"
0.39,543.23305,1611463891,2966431.9779512677,51400,50400,"{'D16ads_v6_US East_2': 50, 'D16ads_v6_US East_3': 50, 'D16as_v6_US East_1': 50, 'D16as_v6_US East_3': 50, 'D16ps_v5_US East_2': 50, 'D2ads_v6_US East_1': 50, 'D2ads_v6_US East_2': 50, 'D2ads_v6_US East_3': 50, 'D2as_v6_US East_1': 50, 'D2as_v6_US East_2': 50, 'D2as_v6_US East_3': 50, 'D2ps_v5_US East_1': 50, 'D2ps_v5_US East_2': 50, 'D2ps_v5_US East_3': 50, 'D32ads_v6_US East_1': 50, 'D32ads_v6_US East_3': 50, 'D32as_v6_US East_2': 50, 'D32as_v6_US East_3': 50, 'D48ads_v6_US East_2': 50, 'D4ads_v6_US East_1': 50, 'D4ads_v6_US East_2': 50, 'D4ads_v6_US East_3': 50, 'D4as_v6_US East_1': 50, 'D4as_v6_US East_2': 50, 'D4as_v6_US East_3': 50, 'D4ps_v5_US East_1': 50, 'D4ps_v5_US East_2': 50, 'D4ps_v5_US East_3': 50, 'D64ads_v6_US East_2': 50, 'D64as_v6_US East_2': 50, 'D8ads_v6_US East_1': 50, 'D8ads_v6_US East_2': 50, 'D8as_v6_US East_2': 50, 'D8as_v6_US East_3': 50, 'D8ps_v5_US East_1': 50, 'D8ps_v5_US East_2': 50, 'D8ps_v5_US East_3': 50, 'D96ads_v6_US East_2': 50, 'D96as_v6_US East_1': 50, 'E16as_v6_US East_2': 50, 'E16as_v6_US East_3': 50, 'E20as_v6_US East_2': 50, 'E20as_v6_US East_3': 50, 'E2as_v6_US East_1': 50, 'E2as_v6_US East_2': 50, 'E2as_v6_US East_3': 50, 'E32as_v6_US East_1': 50, 'E48as_v6_US East_3': 50, 'E4as_v6_US East_1': 50, 'E4as_v6_US East_2': 50, 'E64as_v6_US East_1': 50, 'E8as_v6_US East_1': 50, 'E8as_v6_US East_2': 50, 'E96as_v6_US East_1': 50}"
0.4,557.4368000000001,1644780219,2950612.910737145,53100,52100,"{'D16ads_v6_US East_2': 50, 'D16ads_v6_US East_3': 50, 'D16as_v6_US East_1': 50, 'D16as_v6_US East_3': 50, 'D16pds_v5_US East_3': 50, 'D16ps_v5_US East_2': 50, 'D2ads_v6_US East_1': 50, 'D2ads_v6_US East_2': 50, 'D2ads_v6_US East_3': 50, 'D2as_v6_US East_1': 50, 'D2as_v6_US East_2': 50, 'D2as_v6_US East_3': 50, 'D2pds_v5_US East_1': 50, 'D2pds_v5_US East_2': 50, 'D2pds_v5_US East_3': 50, 'D2ps_v5_US East_1': 50, 'D2ps_v5_US East_2': 50, 'D2ps_v5_US East_3': 50, 'D32ads_v6_US East_1': 50, 'D32ads_v6_US East_3': 50, 'D32as_v6_US East_2': 50, 'D32as_v6_US East_3': 50, 'D48ads_v6_US East_2': 50, 'D4ads_v6_US East_1': 50, 'D4ads_v6_US East_2': 50, 'D4ads_v6_US East_3': 50, 'D4as_v6_US East_1': 50, 'D4as_v6_US East_2': 50, 'D4as_v6_US East_3': 50, 'D4pds_v5_US East_1': 50, 'D4pds_v5_US East_2': 50, 'D4pds_v5_US East_3': 50, 'D4ps_v5_US East_1': 50, 'D4ps_v5_US East_2': 50, 'D4ps_v5_US East_3': 50, 'D64ads_v6_US East_2': 50, 'D64as_v6_US East_2': 50, 'D8ads_v6_US East_1': 50, 'D8ads_v6_US East_2': 50, 'D8as_v6_US East_2': 50, 'D8as_v6_US East_3': 50, 'D8ps_v5_US East_1': 50, 'D8ps_v5_US East_2': 50, 'D8ps_v5_US East_3': 50, 'D96ads_v6_US East_2': 50, 'D96as_v6_US East_1': 50, 'E16as_v6_US East_2': 50, 'E16as_v6_US East_3': 50, 'E20as_v6_US East_2': 50, 'E20as_v6_US East_3': 50, 'E2as_v6_US East_1': 50, 'E2as_v6_US East_2': 50, 'E2as_v6_US East_3': 50, 'E32as_v6_US East_1': 50, 'E48as_v6_US East_3': 50, 'E4as_v6_US East_1': 50, 'E4as_v6_US East_2': 50, 'E64as_v6_US East_1': 50, 'E8as_v6_US East_1': 50, 'E8as_v6_US East_2': 50, 'E96as_v6_US East_1': 50}"
0.41000000000000003,800.7610000000002,2192907552,2738529.413895032,70200,69200,"{'D16ads_v6_US East_2': 50, 'D16ads_v6_US East_3': 50, 'D16as_v6_US East_1': 50, 'D16as_v6_US East_3': 50, 'D16pds_v5_US East_3': 50, 'D16ps_v5_US East_2': 50, 'D2ads_v6_US East_1': 50, 'D2ads_v6_US East_2': 50, 'D2ads_v6_US East_3': 50, 'D2as_v6_US East_1': 50, 'D2as_v6_US East_2': 50, 'D2as_v6_US East_3': 50, 'D2pds_v5_US East_1': 50, 'D2pds_v5_US East_2': 50, 'D2pds_v5_US East_3': 50, 'D2ps_v5_US East_1': 50, 'D2ps_v5_US East_2': 50, 'D2ps_v5_US East_3': 50, 'D32ads_v6_US East_1': 50, 'D32ads_v6_US East_3': 50, 'D32as_v6_US East_2': 50, 'D32as_v6_US East_3': 50, 'D48ads_v6_US East_2': 50, 'D4ads_v6_US East_1': 50, 'D4ads_v6_US East_2': 50, 'D4ads_v6_US East_3': 50, 'D4as_v6_US East_1': 50, 'D4as_v6_US East_2': 50, 'D4as_v6_US East_3': 50, 'D4pds_v5_US East_1': 50, 'D4pds_v5_US East_2': 50, 'D4pds_v5_US East_3': 50, 'D4ps_v5_US East_1': 50, 'D4ps_v5_US East_2': 50, 'D4ps_v5_US East_3': 50, 'D64ads_v6_US East_2': 50, 'D64as_v6_US East_2': 50, 'D8ads_v6_US East_1': 50, 'D8ads_v6_US East_2': 50, 'D8as_v6_US East_2': 50, 'D8as_v6_US East_3': 50, 'D8ps_v5_US East_1': 50, 'D8ps_v5_US East_2': 50, 'D8ps_v5_US East_3': 50, 'D96ads_v6_US East_2': 50, 'D96as_v6_US East_1': 50, 'E16ads_v6_US East_2': 50, 'E16ads_v6_US East_3': 50, 'E16as_v6_US East_2': 50, 'E16as_v6_US East_3': 50, 'E20ads_v6_US East_2': 50, 'E20ads_v6_US East_3': 50, 'E20as_v6_US East_2': 50, 'E20as_v6_US East_3': 50, 'E2ads_v6_US East_1': 50, 'E2ads_v6_US East_2': 50, 'E2ads_v6_US East_3': 50, 'E2as_v6_US East_1': 50, 'E2as_v6_US East_2': 50, 'E2as_v6_US East_3': 50, 'E32ads_v6_US East_1': 50, 'E32as_v6_US East_1': 50, 'E48ads_v6_US East_3': 50, 'E48as_v6_US East_3': 50, 'E4ads_v6_US East_2': 50, 'E4ads_v6_US East_3': 50, 'E4as_v6_US East_1': 50, 'E4as_v6_US East_2': 50, 'E64ads_v6_US East_3': 50, 'E64as_v6_US East_1': 50, 'E8ads_v6_US East_2': 50, 'E8ads_v6_US East_3': 50, 'E8as_v6_US East_1': 50, 'E8as_v6_US East_2': 50, 'E96ads_v6_US East_1': 50, 'E96as_v6_US East_1': 50}"
0.42,950.8878000000003,2523066121,2653379.4218413564,80500,79500,"{'D16ads_v6_US East_2': 50, 'D16ads_v6_US East_3': 50, 'D16as_v6_US East_1': 50, 'D16as_v6_US East_3': 50, 'D16pds_v5_US East_3': 50, 'D16ps_v5_US East_2': 50, 'D2ads_v6_US East_1': 50, 'D2ads_v6_US East_2': 50, 'D2ads_v6_US East_3': 50, 'D2as_v6_US East_1': 50, 'D2as_v6_US East_2': 50, 'D2as_v6_US East_3': 50, 'D2pds_v5_US East_1': 50, 'D2pds_v5_US East_2': 50, 'D2pds_v5_US East_3': 50, 'D2ps_v5_US East_1': 50, 'D2ps_v5_US East_2': 50, 'D2ps_v5_US East_3': 50, 'D32ads_v6_US East_1': 50, 'D32ads_v6_US East_3': 50, 'D32as_v6_US East_2': 50, 'D32as_v6_US East_3': 50, 'D48ads_v6_US East_2': 50, 'D4ads_v6_US East_1': 50, 'D4ads_v6_US East_2': 50, 'D4ads_v6_US East_3': 50, 'D4as_v6_US East_1': 50, 'D4as_v6_US East_2': 50, 'D4as_v6_US East_3': 50, 'D4pds_v5_US East_1': 50, 'D4pds_v5_US East_2': 50, 'D4pds_v5_US East_3': 50, 'D4ps_v5_US East_1': 50, 'D4ps_v5_US East_2': 50, 'D4ps_v5_US East_3': 50, 'D64ads_v6_US East_2': 50, 'D64as_v6_US East_2': 50, 'D8ads_v6_US East_1': 50, 'D8ads_v6_US East_2': 50, 'D8as_v6_US East_2': 50, 'D8as_v6_US East_3': 50, 'D8ps_v5_US East_1': 50, 'D8ps_v5_US East_2': 50, 'D8ps_v5_US East_3': 50, 'D96ads_v6_US East_2': 50, 'D96as_v6_US East_1': 50, 'E16ads_v6_US East_2': 50, 'E16ads_v6_US East_3': 50, 'E16as_v6_US East_2': 50, 'E16as_v6_US East_3': 50, 'E20ads_v6_US East_2': 50, 'E20ads_v6_US East_3': 50, 'E20as_v6_US East_2': 50, 'E20as_v6_US East_3': 50, 'E2ads_v6_US East_1': 50, 'E2ads_v6_US East_2': 50, 'E2ads_v6_US East_3': 50, 'E2as_v6_US East_1': 50, 'E2as_v6_US East_2': 50, 'E2as_v6_US East_3': 50, 'E32ads_v6_US East_1': 50, 'E32as_v6_US East_1': 50, 'E48ads_v6_US East_3': 50, 'E48as_v6_US East_3': 50, 'E4ads_v6_US East_2': 50, 'E4ads_v6_US East_3': 50, 'E4as_v6_US East_1': 50, 'E4as_v6_US East_2': 50, 'E64ads_v6_US East_3': 50, 'E64as_v6_US East_1': 50, 'E8ads_v6_US East_2': 50, 'E8ads_v6_US East_3': 50, 'E8as_v6_US East_1': 50, 'E8as_v6_US East_2': 50, 'E96ads_v6_US East_1': 50, 'E96as_v6_US East_1': 50, 'F16as_v6_US East_2': 50, 'F16as_v6_US East_3': 50, 'F2as_v6_US East_1': 50, 'F2as_v6_US East_2': 50, 'F2as_v6_US East_3': 50, 'F32as_v6_US East_3': 50, 'F48as_v6_US East_3': 50, 'F4as_v6_US East_1': 50, 'F4as_v6_US East_2': 50, 'F64as_v6_US East_3': 50, 'F8as_v6_US East_2': 50, 'F8as_v6_US East_3': 50}"
0.43,963.0107500000003,2548543313,2646432.8804221544,81800,80800,"{'D16ads_v6_US East_2': 50, 'D16ads_v6_US East_3': 50, 'D16as_v6_US East_1': 50, 'D16as_v6_US East_3': 50, 'D16pds_v5_US East_3': 50, 'D16ps_v5_US East_2': 50, 'D2ads_v6_US East_1': 50, 'D2ads_v6_US East_2': 50, 'D2ads_v6_US East_3': 50, 'D2as_v6_US East_1': 50, 'D2as_v6_US East_2': 50, 'D2as_v6_US East_3': 50, 'D2pds_v5_US East_1': 50, 'D2pds_v5_US East_2': 50, 'D2pds_v5_US East_3': 50, 'D2ps_v5_US East_1': 50, 'D2ps_v5_US East_2': 50, 'D2ps_v5_US East_3': 50, 'D32ads_v6_US East_1': 50, 'D32ads_v6_US East_3': 50, 'D32as_v6_US East_2': 50, 'D32as_v6_US East_3': 50, 'D48ads_v6_US East_2': 50, 'D4ads_v6_US East_1': 50, 'D4ads_v6_US East_2': 50, 'D4ads_v6_US East_3': 50, 'D4as_v6_US East_1': 50, 'D4as_v6_US East_2': 50, 'D4as_v6_US East_3': 50, 'D4pds_v5_US East_1': 50, 'D4pds_v5_US East_2': 50, 'D4pds_v5_US East_3': 50, 'D4ps_v5_US East_1': 50, 'D4ps_v5_US East_2': 50, 'D4ps_v5_US East_3': 50, 'D64ads_v6_US East_2': 50, 'D64as_v6_US East_2': 50, 'D8ads_v6_US East_1': 50, 'D8ads_v6_US East_2': 50, 'D8as_v6_US East_2': 50, 'D8as_v6_US East_3': 50, 'D8ps_v5_US East_1': 50, 'D8ps_v5_US East_2': 50, 'D8ps_v5_US East_3': 50, 'D96ads_v6_US East_2': 50, 'D96as_v6_US East_1': 50, 'E16ads_v6_US East_2': 50, 'E16ads_v6_US East_3': 50, 'E16as_v6_US East_2': 50, 'E16as_v6_US East_3': 50, 'E20ads_v6_US East_2': 50, 'E20ads_v6_US East_3': 50, 'E20as_v6_US East_2': 50, 'E20as_v6_US East_3': 50, 'E2ads_v6_US East_1': 50, 'E2ads_v6_US East_2': 50, 'E2ads_v6_US East_3': 50, 'E2as_v6_US East_1': 50, 'E2as_v6_US East_2': 50, 'E2as_v6_US East_3': 50, 'E2ps_v5_US East_1': 50, 'E2ps_v5_US East_2': 50, 'E2ps_v5_US East_3': 50, 'E32ads_v6_US East_1': 50, 'E32as_v6_US East_1': 50, 'E48ads_v6_US East_3': 50, 'E48as_v6_US East_3': 50, 'E4ads_v6_US East_2': 50, 'E4ads_v6_US East_3': 50, 'E4as_v6_US East_1': 50, 'E4as_v6_US East_2': 50, 'E4ps_v5_US East_1': 50, 'E4ps_v5_US East_2': 50, 'E4ps_v5_US East_3': 50, 'E64ads_v6_US East_3': 50, 'E64as_v6_US East_1': 50, 'E8ads_v6_US East_2': 50, 'E8ads_v6_US East_3': 50, 'E8as_v6_US East_1': 50, 'E8as_v6_US East_2': 50, 'E8ps_v5_US East_1': 50, 'E96ads_v6_US East_1': 50, 'E96as_v6_US East_1': 50, 'F16as_v6_US East_2': 50, 'F16as_v6_US East_3': 50, 'F2as_v6_US East_1': 50, 'F2as_v6_US East_2': 50, 'F2as_v6_US East_3': 50, 'F32as_v6_US East_3': 50, 'F48as_v6_US East_3': 50, 'F4as_v6_US East_1': 50, 'F4as_v6_US East_2': 50, 'F64as_v6_US East_3': 50, 'F8as_v6_US East_2': 50, 'F8as_v6_US East_3': 50}"
0.44,1115.0890500000005,2857866632,2562904.3998773,91450,90450,"{'D16ads_v6_US East_2': 50, 'D16ads_v6_US East_3': 50, 'D16als_v6_US East_1': 50, 'D16als_v6_US East_2': 50, 'D16as_v6_US East_1': 50, 'D16as_v6_US East_3': 50, 'D16pds_v5_US East_3': 50, 'D16ps_v5_US East_2': 50, 'D2ads_v6_US East_1': 50, 'D2ads_v6_US East_2': 50, 'D2ads_v6_US East_3': 50, 'D2als_v6_US East_1': 50, 'D2als_v6_US East_2': 50, 'D2als_v6_US East_3': 50, 'D2as_v6_US East_1': 50, 'D2as_v6_US East_2': 50, 'D2as_v6_US East_3': 50, 'D2pds_v5_US East_1': 50, 'D2pds_v5_US East_2': 50, 'D2pds_v5_US East_3': 50, 'D2ps_v5_US East_1': 50, 'D2ps_v5_US East_2': 50, 'D2ps_v5_US East_3': 50, 'D32ads_v6_US East_1': 50, 'D32ads_v6_US East_3': 50, 'D32als_v6_US East_1': 50, 'D32als_v6_US East_2': 50, 'D32as_v6_US East_2': 50, 'D32as_v6_US East_3': 50, 'D48ads_v6_US East_2': 50, 'D48als_v6_US East_1': 50, 'D48als_v6_US East_2': 50, 'D4ads_v6_US East_1': 50, 'D4ads_v6_US East_2': 50, 'D4ads_v6_US East_3': 50, 'D4als_v6_US East_1': 50, 'D4als_v6_US East_2': 50, 'D4als_v6_US East_3': 50, 'D4as_v6_US East_1': 50, 'D4as_v6_US East_2': 50, 'D4as_v6_US East_3': 50, 'D4pds_v5_US East_1': 50, 'D4pds_v5_US East_2': 50, 'D4pds_v5_US East_3': 50, 'D4ps_v5_US East_1': 50, 'D4ps_v5_US East_2': 50, 'D4ps_v5_US East_3': 50, 'D64ads_v6_US East_2': 50, 'D64als_v6_US East_1': 50, 'D64as_v6_US East_2': 50, 'D8ads_v6_US East_1': 50, 'D8ads_v6_US East_2': 50, 'D8als_v6_US East_1': 50, 'D8als_v6_US East_3': 50, 'D8as_v6_US East_2': 50, 'D8as_v6_US East_3': 50, 'D8ps_v5_US East_1': 50, 'D8ps_v5_US East_2': 50, 'D8ps_v5_US East_3': 50, 'D96ads_v6_US East_2': 50, 'D96als_v6_US East_2': 50, 'D96as_v6_US East_1': 50, 'E16ads_v6_US East_2': 50, 'E16ads_v6_US East_3': 50, 'E16as_v6_US East_2': 50, 'E16as_v6_US East_3': 50, 'E20ads_v6_US East_2': 50, 'E20ads_v6_US East_3': 50, 'E20as_v6_US East_2': 50, 'E20as_v6_US East_3': 50, 'E2ads_v6_US East_1': 50, 'E2ads_v6_US East_2': 50, 'E2ads_v6_US East_3': 50, 'E2as_v6_US East_1': 50, 'E2as_v6_US East_2': 50, 'E2as_v6_US East_3': 50, 'E2ps_v5_US East_1': 50, 'E2ps_v5_US East_2': 50, 'E2ps_v5_US East_3': 50, 'E32ads_v6_US East_1': 50, 'E32as_v6_US East_1': 50, 'E48ads_v6_US East_3': 50, 'E48as_v6_US East_3': 50, 'E4ads_v6_US East_2': 50, 'E4ads_v6_US East_3': 50, 'E4as_v6_US East_1': 50, 'E4as_v6_US East_2': 50, 'E4ps_v5_US East_1': 50, 'E4ps_v5_US East_2': 50, 'E4ps_v5_US East_3': 50, 'E64ads_v6_US East_3': 50, 'E64as_v6_US East_1': 50, 'E8ads_v6_US East_2': 50, 'E8ads_v6_US East_3': 50, 'E8as_v6_US East_1': 50, 'E8as_v6_US East_2': 50, 'E8ps_v5_US East_1': 50, 'E96ads_v6_US East_1': 50, 'E96as_v6_US East_1': 50, 'F16as_v6_US East_2': 50, 'F16as_v6_US East_3': 50, 'F2as_v6_US East_1': 50, 'F2as_v6_US East_2': 50, 'F2as_v6_US East_3': 50, 'F32as_v6_US East_3': 50, 'F48as_v6_US East_3': 50, 'F4as_v6_US East_1': 50, 'F4as_v6_US East_2': 50, 'F64as_v6_US East_3': 50, 'F8as_v6_US East_2': 50, 'F8as_v6_US East_3': 50}"
0.45,1115.9761000000003,2859587532,2562409.295772552,91500,90500,"{'D16ads_v6_US East_2': 50, 'D16ads_v6_US East_3': 50, 'D16als_v6_US East_1': 50, 'D16als_v6_US East_2': 50, 'D16as_v6_US East_1': 50, 'D16as_v6_US East_3': 50, 'D16pds_v5_US East_3': 50, 'D16ps_v5_US East_2': 50, 'D2ads_v6_US East_1': 50, 'D2ads_v6_US East_2': 50, 'D2ads_v6_US East_3': 50, 'D2als_v6_US East_1': 50, 'D2als_v6_US East_2': 50, 'D2als_v6_US East_3': 50, 'D2as_v6_US East_1': 50, 'D2as_v6_US East_2': 50, 'D2as_v6_US East_3': 50, 'D2pds_v5_US East_1': 50, 'D2pds_v5_US East_2': 50, 'D2pds_v5_US East_3': 50, 'D2ps_v5_US East_1': 50, 'D2ps_v5_US East_2': 50, 'D2ps_v5_US East_3': 50, 'D32ads_v6_US East_1': 50, 'D32ads_v6_US East_3': 50, 'D32als_v6_US East_1': 50, 'D32als_v6_US East_2': 50, 'D32as_v6_US East_2': 50, 'D32as_v6_US East_3': 50, 'D48ads_v6_US East_2': 50, 'D48als_v6_US East_1': 50, 'D48als_v6_US East_2': 50, 'D4ads_v6_US East_1': 50, 'D4ads_v6_US East_2': 50, 'D4ads_v6_US East_3': 50, 'D4als_v6_US East_1': 50, 'D4als_v6_US East_2': 50, 'D4als_v6_US East_3': 50, 'D4as_v6_US East_1': 50, 'D4as_v6_US East_2': 50, 'D4as_v6_US East_3': 50, 'D4pds_v5_US East_1': 50, 'D4pds_v5_US East_2': 50, 'D4pds_v5_US East_3': 50, 'D4ps_v5_US East_1': 50, 'D4ps_v5_US East_2': 50, 'D4ps_v5_US East_3': 50, 'D64ads_v6_US East_2': 50, 'D64als_v6_US East_1': 50, 'D64as_v6_US East_2': 50, 'D8ads_v6_US East_1': 50, 'D8ads_v6_US East_2': 50, 'D8als_v6_US East_1': 50, 'D8als_v6_US East_3': 50, 'D8as_v6_US East_2': 50, 'D8as_v6_US East_3': 50, 'D8ps_v5_US East_1': 50, 'D8ps_v5_US East_2': 50, 'D8ps_v5_US East_3': 50, 'D96ads_v6_US East_2': 50, 'D96als_v6_US East_2': 50, 'D96as_v6_US East_1': 50, 'DC1s_v2_US East_1': 50, 'E16ads_v6_US East_2': 50, 'E16ads_v6_US East_3': 50, 'E16as_v6_US East_2': 50, 'E16as_v6_US East_3': 50, 'E20ads_v6_US East_2': 50, 'E20ads_v6_US East_3': 50, 'E20as_v6_US East_2': 50, 'E20as_v6_US East_3': 50, 'E2ads_v6_US East_1': 50, 'E2ads_v6_US East_2': 50, 'E2ads_v6_US East_3': 50, 'E2as_v6_US East_1': 50, 'E2as_v6_US East_2': 50, 'E2as_v6_US East_3': 50, 'E2ps_v5_US East_1': 50, 'E2ps_v5_US East_2': 50, 'E2ps_v5_US East_3': 50, 'E32ads_v6_US East_1': 50, 'E32as_v6_US East_1': 50, 'E48ads_v6_US East_3': 50, 'E48as_v6_US East_3': 50, 'E4ads_v6_US East_2': 50, 'E4ads_v6_US East_3': 50, 'E4as_v6_US East_1': 50, 'E4as_v6_US East_2': 50, 'E4ps_v5_US East_1': 50, 'E4ps_v5_US East_2': 50, 'E4ps_v5_US East_3': 50, 'E64ads_v6_US East_3': 50, 'E64as_v6_US East_1': 50, 'E8ads_v6_US East_2': 50, 'E8ads_v6_US East_3': 50, 'E8as_v6_US East_1': 50, 'E8as_v6_US East_2': 50, 'E8ps_v5_US East_1': 50, 'E96ads_v6_US East_1': 50, 'E96as_v6_US East_1': 50, 'F16as_v6_US East_2': 50, 'F16as_v6_US East_3': 50, 'F2as_v6_US East_1': 50, 'F2as_v6_US East_2': 50, 'F2as_v6_US East_3': 50, 'F32as_v6_US East_3': 50, 'F48as_v6_US East_3': 50, 'F4as_v6_US East_1': 50, 'F4as_v6_US East_2': 50, 'F64as_v6_US East_3': 50, 'F8as_v6_US East_2': 50, 'F8as_v6_US East_3': 50}"
0.46,1115.9761000000003,2859587532,2562409.295772552,91500,90500,"{'D16ads_v6_US East_2': 50, 'D16ads_v6_US East_3': 50, 'D16als_v6_US East_1': 50, 'D16als_v6_US East_2': 50, 'D16as_v6_US East_1': 50, 'D16as_v6_US East_3': 50, 'D16pds_v5_US East_3': 50, 'D16ps_v5_US East_2': 50, 'D2ads_v6_US East_1': 50, 'D2ads_v6_US East_2': 50, 'D2ads_v6_US East_3': 50, 'D2als_v6_US East_1': 50, 'D2als_v6_US East_2': 50, 'D2als_v6_US East_3': 50, 'D2as_v6_US East_1': 50, 'D2as_v6_US East_2': 50, 'D2as_v6_US East_3': 50, 'D2pds_v5_US East_1': 50, 'D2pds_v5_US East_2': 50, 'D2pds_v5_US East_3': 50, 'D2ps_v5_US East_1': 50, 'D2ps_v5_US East_2': 50, 'D2ps_v5_US East_3': 50, 'D32ads_v6_US East_1': 50, 'D32ads_v6_US East_3': 50, 'D32als_v6_US East_1': 50, 'D32als_v6_US East_2': 50, 'D32as_v6_US East_2': 50, 'D32as_v6_US East_3': 50, 'D48ads_v6_US East_2': 50, 'D48als_v6_US East_1': 50, 'D48als_v6_US East_2': 50, 'D4ads_v6_US East_1': 50, 'D4ads_v6_US East_2': 50, 'D4ads_v6_US East_3': 50, 'D4als_v6_US East_1': 50, 'D4als_v6_US East_2': 50, 'D4als_v6_US East_3': 50, 'D4as_v6_US East_1': 50, 'D4as_v6_US East_2': 50, 'D4as_v6_US East_3': 50, 'D4pds_v5_US East_1': 50, 'D4pds_v5_US East_2': 50, 'D4pds_v5_US East_3': 50, 'D4ps_v5_US East_1': 50, 'D4ps_v5_US East_2': 50, 'D4ps_v5_US East_3': 50, 'D64ads_v6_US East_2': 50, 'D64als_v6_US East_1': 50, 'D64as_v6_US East_2': 50, 'D8ads_v6_US East_1': 50, 'D8ads_v6_US East_2': 50, 'D8als_v6_US East_1': 50, 'D8als_v6_US East_3': 50, 'D8as_v6_US East_2': 50, 'D8as_v6_US East_3': 50, 'D8ps_v5_US East_1': 50, 'D8ps_v5_US East_2': 50, 'D8ps_v5_US East_3': 50, 'D96ads_v6_US East_2': 50, 'D96als_v6_US East_2': 50, 'D96as_v6_US East_1': 50, 'DC1s_v2_US East_1': 50, 'E16ads_v6_US East_2': 50, 'E16ads_v6_US East_3': 50, 'E16as_v6_US East_2': 50, 'E16as_v6_US East_3': 50, 'E20ads_v6_US East_2': 50, 'E20ads_v6_US East_3': 50, 'E20as_v6_US East_2': 50, 'E20as_v6_US East_3': 50, 'E2ads_v6_US East_1': 50, 'E2ads_v6_US East_2': 50, 'E2ads_v6_US East_3': 50, 'E2as_v6_US East_1': 50, 'E2as_v6_US East_2': 50, 'E2as_v6_US East_3': 50, 'E2ps_v5_US East_1': 50, 'E2ps_v5_US East_2': 50, 'E2ps_v5_US East_3': 50, 'E32ads_v6_US East_1': 50, 'E32as_v6_US East_1': 50, 'E48ads_v6_US East_3': 50, 'E48as_v6_US East_3': 50, 'E4ads_v6_US East_2': 50, 'E4ads_v6_US East_3': 50, 'E4as_v6_US East_1': 50, 'E4as_v6_US East_2': 50, 'E4ps_v5_US East_1': 50, 'E4ps_v5_US East_2': 50, 'E4ps_v5_US East_3': 50, 'E64ads_v6_US East_3': 50, 'E64as_v6_US East_1': 50, 'E8ads_v6_US East_2': 50, 'E8ads_v6_US East_3': 50, 'E8as_v6_US East_1': 50, 'E8as_v6_US East_2': 50, 'E8ps_v5_US East_1': 50, 'E96ads_v6_US East_1': 50, 'E96as_v6_US East_1': 50, 'F16as_v6_US East_2': 50, 'F16as_v6_US East_3': 50, 'F2as_v6_US East_1': 50, 'F2as_v6_US East_2': 50, 'F2as_v6_US East_3': 50, 'F32as_v6_US East_3': 50, 'F48as_v6_US East_3': 50, 'F4as_v6_US East_1': 50, 'F4as_v6_US East_2': 50, 'F64as_v6_US East_3': 50, 'F8as_v6_US East_2': 50, 'F8as_v6_US East_3': 50}"
0.47000000000000003,1115.9761000000003,2859587532,2562409.295772552,91500,90500,"{'D16ads_v6_US East_2': 50, 'D16ads_v6_US East_3': 50, 'D16als_v6_US East_1': 50, 'D16als_v6_US East_2': 50, 'D16as_v6_US East_1': 50, 'D16as_v6_US East_3': 50, 'D16pds_v5_US East_3': 50, 'D16ps_v5_US East_2': 50, 'D2ads_v6_US East_1': 50, 'D2ads_v6_US East_2': 50, 'D2ads_v6_US East_3': 50, 'D2als_v6_US East_1': 50, 'D2als_v6_US East_2': 50, 'D2als_v6_US East_3': 50, 'D2as_v6_US East_1': 50, 'D2as_v6_US East_2': 50, 'D2as_v6_US East_3': 50, 'D2pds_v5_US East_1': 50, 'D2pds_v5_US East_2': 50, 'D2pds_v5_US East_3': 50, 'D2ps_v5_US East_1': 50, 'D2ps_v5_US East_2': 50, 'D2ps_v5_US East_3': 50, 'D32ads_v6_US East_1': 50, 'D32ads_v6_US East_3': 50, 'D32als_v6_US East_1': 50, 'D32als_v6_US East_2': 50, 'D32as_v6_US East_2': 50, 'D32as_v6_US East_3': 50, 'D48ads_v6_US East_2': 50, 'D48als_v6_US East_1': 50, 'D48als_v6_US East_2': 50, 'D4ads_v6_US East_1': 50, 'D4ads_v6_US East_2': 50, 'D4ads_v6_US East_3': 50, 'D4als_v6_US East_1': 50, 'D4als_v6_US East_2': 50, 'D4als_v6_US East_3': 50, 'D4as_v6_US East_1': 50, 'D4as_v6_US East_2': 50, 'D4as_v6_US East_3': 50, 'D4pds_v5_US East_1': 50, 'D4pds_v5_US East_2': 50, 'D4pds_v5_US East_3': 50, 'D4ps_v5_US East_1': 50, 'D4ps_v5_US East_2': 50, 'D4ps_v5_US East_3': 50, 'D64ads_v6_US East_2': 50, 'D64als_v6_US East_1': 50, 'D64as_v6_US East_2': 50, 'D8ads_v6_US East_1': 50, 'D8ads_v6_US East_2': 50, 'D8als_v6_US East_1': 50, 'D8als_v6_US East_3': 50, 'D8as_v6_US East_2': 50, 'D8as_v6_US East_3': 50, 'D8ps_v5_US East_1': 50, 'D8ps_v5_US East_2': 50, 'D8ps_v5_US East_3': 50, 'D96ads_v6_US East_2': 50, 'D96als_v6_US East_2': 50, 'D96as_v6_US East_1': 50, 'DC1s_v2_US East_1': 50, 'E16ads_v6_US East_2': 50, 'E16ads_v6_US East_3': 50, 'E16as_v6_US East_2': 50, 'E16as_v6_US East_3': 50, 'E20ads_v6_US East_2': 50, 'E20ads_v6_US East_3': 50, 'E20as_v6_US East_2': 50, 'E20as_v6_US East_3': 50, 'E2ads_v6_US East_1': 50, 'E2ads_v6_US East_2': 50, 'E2ads_v6_US East_3': 50, 'E2as_v6_US East_1': 50, 'E2as_v6_US East_2': 50, 'E2as_v6_US East_3': 50, 'E2ps_v5_US East_1': 50, 'E2ps_v5_US East_2': 50, 'E2ps_v5_US East_3': 50, 'E32ads_v6_US East_1': 50, 'E32as_v6_US East_1': 50, 'E48ads_v6_US East_3': 50, 'E48as_v6_US East_3': 50, 'E4ads_v6_US East_2': 50, 'E4ads_v6_US East_3': 50, 'E4as_v6_US East_1': 50, 'E4as_v6_US East_2': 50, 'E4ps_v5_US East_1': 50, 'E4ps_v5_US East_2': 50, 'E4ps_v5_US East_3': 50, 'E64ads_v6_US East_3': 50, 'E64as_v6_US East_1': 50, 'E8ads_v6_US East_2': 50, 'E8ads_v6_US East_3': 50, 'E8as_v6_US East_1': 50, 'E8as_v6_US East_2': 50, 'E8ps_v5_US East_1': 50, 'E96ads_v6_US East_1': 50, 'E96as_v6_US East_1': 50, 'F16as_v6_US East_2': 50, 'F16as_v6_US East_3': 50, 'F2as_v6_US East_1': 50, 'F2as_v6_US East_2': 50, 'F2as_v6_US East_3': 50, 'F32as_v6_US East_3': 50, 'F48as_v6_US East_3': 50, 'F4as_v6_US East_1': 50, 'F4as_v6_US East_2': 50, 'F64as_v6_US East_3': 50, 'F8as_v6_US East_2': 50, 'F8as_v6_US East_3': 50}"
0.48,1115.9761000000003,2859587532,2562409.295772552,91500,90500,"{'D16ads_v6_US East_2': 50, 'D16ads_v6_US East_3': 50, 'D16als_v6_US East_1': 50, 'D16als_v6_US East_2': 50, 'D16as_v6_US East_1': 50, 'D16as_v6_US East_3': 50, 'D16pds_v5_US East_3': 50, 'D16ps_v5_US East_2': 50, 'D2ads_v6_US East_1': 50, 'D2ads_v6_US East_2': 50, 'D2ads_v6_US East_3': 50, 'D2als_v6_US East_1': 50, 'D2als_v6_US East_2': 50, 'D2als_v6_US East_3': 50, 'D2as_v6_US East_1': 50, 'D2as_v6_US East_2': 50, 'D2as_v6_US East_3': 50, 'D2pds_v5_US East_1': 50, 'D2pds_v5_US East_2': 50, 'D2pds_v5_US East_3': 50, 'D2ps_v5_US East_1': 50, 'D2ps_v5_US East_2': 50, 'D2ps_v5_US East_3': 50, 'D32ads_v6_US East_1': 50, 'D32ads_v6_US East_3': 50, 'D32als_v6_US East_1': 50, 'D32als_v6_US East_2': 50, 'D32as_v6_US East_2': 50, 'D32as_v6_US East_3': 50, 'D48ads_v6_US East_2': 50, 'D48als_v6_US East_1': 50, 'D48als_v6_US East_2': 50, 'D4ads_v6_US East_1': 50, 'D4ads_v6_US East_2': 50, 'D4ads_v6_US East_3': 50, 'D4als_v6_US East_1': 50, 'D4als_v6_US East_2': 50, 'D4als_v6_US East_3': 50, 'D4as_v6_US East_1': 50, 'D4as_v6_US East_2': 50, 'D4as_v6_US East_3': 50, 'D4pds_v5_US East_1': 50, 'D4pds_v5_US East_2': 50, 'D4pds_v5_US East_3': 50, 'D4ps_v5_US East_1': 50, 'D4ps_v5_US East_2': 50, 'D4ps_v5_US East_3': 50, 'D64ads_v6_US East_2': 50, 'D64als_v6_US East_1': 50, 'D64as_v6_US East_2': 50, 'D8ads_v6_US East_1': 50, 'D8ads_v6_US East_2': 50, 'D8als_v6_US East_1': 50, 'D8als_v6_US East_3': 50, 'D8as_v6_US East_2': 50, 'D8as_v6_US East_3': 50, 'D8ps_v5_US East_1': 50, 'D8ps_v5_US East_2': 50, 'D8ps_v5_US East_3': 50, 'D96ads_v6_US East_2': 50, 'D96als_v6_US East_2': 50, 'D96as_v6_US East_1': 50, 'DC1s_v2_US East_1': 50, 'E16ads_v6_US East_2': 50, 'E16ads_v6_US East_3': 50, 'E16as_v6_US East_2': 50, 'E16as_v6_US East_3': 50, 'E20ads_v6_US East_2': 50, 'E20ads_v6_US East_3': 50, 'E20as_v6_US East_2': 50, 'E20as_v6_US East_3': 50, 'E2ads_v6_US East_1': 50, 'E2ads_v6_US East_2': 50, 'E2ads_v6_US East_3': 50, 'E2as_v6_US East_1': 50, 'E2as_v6_US East_2': 50, 'E2as_v6_US East_3': 50, 'E2ps_v5_US East_1': 50, 'E2ps_v5_US East_2': 50, 'E2ps_v5_US East_3': 50, 'E32ads_v6_US East_1': 50, 'E32as_v6_US East_1': 50, 'E48ads_v6_US East_3': 50, 'E48as_v6_US East_3': 50, 'E4ads_v6_US East_2': 50, 'E4ads_v6_US East_3': 50, 'E4as_v6_US East_1': 50, 'E4as_v6_US East_2': 50, 'E4ps_v5_US East_1': 50, 'E4ps_v5_US East_2': 50, 'E4ps_v5_US East_3': 50, 'E64ads_v6_US East_3': 50, 'E64as_v6_US East_1': 50, 'E8ads_v6_US East_2': 50, 'E8ads_v6_US East_3': 50, 'E8as_v6_US East_1': 50, 'E8as_v6_US East_2': 50, 'E8ps_v5_US East_1': 50, 'E96ads_v6_US East_1': 50, 'E96as_v6_US East_1': 50, 'F16as_v6_US East_2': 50, 'F16as_v6_US East_3': 50, 'F2as_v6_US East_1': 50, 'F2as_v6_US East_2': 50, 'F2as_v6_US East_3': 50, 'F32as_v6_US East_3': 50, 'F48as_v6_US East_3': 50, 'F4as_v6_US East_1': 50, 'F4as_v6_US East_2': 50, 'F64as_v6_US East_3': 50, 'F8as_v6_US East_2': 50, 'F8as_v6_US East_3': 50}"
0.49,1474.5501500000003,3460604345,2346888.1984108845,110250,109250,"{'D16ads_v6_US East_2': 50, 'D16ads_v6_US East_3': 50, 'D16alds_v6_US East_1': 50, 'D16alds_v6_US East_3': 50, 'D16als_v6_US East_1': 50, 'D16als_v6_US East_2': 50, 'D16as_v6_US East_1': 50, 'D16as_v6_US East_3': 50, 'D16pds_v5_US East_3': 50, 'D16ps_v5_US East_2': 50, 'D2ads_v6_US East_1': 50, 'D2ads_v6_US East_2': 50, 'D2ads_v6_US East_3': 50, 'D2alds_v6_US East_1': 50, 'D2alds_v6_US East_2': 50, 'D2alds_v6_US East_3': 50, 'D2als_v6_US East_1': 50, 'D2als_v6_US East_2': 50, 'D2als_v6_US East_3': 50, 'D2as_v6_US East_1': 50, 'D2as_v6_US East_2': 50, 'D2as_v6_US East_3': 50, 'D2pds_v5_US East_1': 50, 'D2pds_v5_US East_2': 50, 'D2pds_v5_US East_3': 50, 'D2ps_v5_US East_1': 50, 'D2ps_v5_US East_2': 50, 'D2ps_v5_US East_3': 50, 'D32ads_v6_US East_1': 50, 'D32ads_v6_US East_3': 50, 'D32alds_v6_US East_1': 50, 'D32alds_v6_US East_2': 50, 'D32als_v6_US East_1': 50, 'D32als_v6_US East_2': 50, 'D32as_v6_US East_2': 50, 'D32as_v6_US East_3': 50, 'D48ads_v6_US East_2': 50, 'D48alds_v6_US East_3': 50, 'D48als_v6_US East_1': 50, 'D48als_v6_US East_2': 50, 'D4ads_v6_US East_1': 50, 'D4ads_v6_US East_2': 50, 'D4ads_v6_US East_3': 50, 'D4alds_v6_US East_1': 50, 'D4alds_v6_US East_2': 50, 'D4alds_v6_US East_3': 50, 'D4als_v6_US East_1': 50, 'D4als_v6_US East_2': 50, 'D4als_v6_US East_3': 50, 'D4as_v6_US East_1': 50, 'D4as_v6_US East_2': 50, 'D4as_v6_US East_3': 50, 'D4pds_v5_US East_1': 50, 'D4pds_v5_US East_2': 50, 'D4pds_v5_US East_3': 50, 'D4ps_v5_US East_1': 50, 'D4ps_v5_US East_2': 50, 'D4ps_v5_US East_3': 50, 'D64ads_v6_US East_2': 50, 'D64alds_v6_US East_1': 50, 'D64als_v6_US East_1': 50, 'D64as_v6_US East_2': 50, 'D8ads_v6_US East_1': 50, 'D8ads_v6_US East_2': 50, 'D8alds_v6_US East_1': 50, 'D8alds_v6_US East_3': 50, 'D8als_v6_US East_1': 50, 'D8als_v6_US East_3': 50, 'D8as_v6_US East_2': 50, 'D8as_v6_US East_3': 50, 'D8ps_v5_US East_1': 50, 'D8ps_v5_US East_2': 50, 'D8ps_v5_US East_3': 50, 'D96ads_v6_US East_2': 50, 'D96alds_v6_US East_2': 50, 'D96als_v6_US East_2': 50, 'D96as_v6_US East_1': 50, 'DC1s_v2_US East_1': 50, 'E16ads_v6_US East_2': 50, 'E16ads_v6_US East_3': 50, 'E16as_v6_US East_2': 50, 'E16as_v6_US East_3': 50, 'E20ads_v6_US East_2': 50, 'E20ads_v6_US East_3': 50, 'E20as_v6_US East_2': 50, 'E20as_v6_US East_3': 50, 'E2ads_v6_US East_1': 50, 'E2ads_v6_US East_2': 50, 'E2ads_v6_US East_3': 50, 'E2as_v6_US East_1': 50, 'E2as_v6_US East_2': 50, 'E2as_v6_US East_3': 50, 'E2ps_v5_US East_1': 50, 'E2ps_v5_US East_2': 50, 'E2ps_v5_US East_3': 50, 'E32ads_v6_US East_1': 50, 'E32as_v6_US East_1': 50, 'E48ads_v6_US East_3': 50, 'E48as_v6_US East_3': 50, 'E4ads_v6_US East_2': 50, 'E4ads_v6_US East_3': 50, 'E4as_v6_US East_1': 50, 'E4as_v6_US East_2': 50, 'E4ps_v5_US East_1': 50, 'E4ps_v5_US East_2': 50, 'E4ps_v5_US East_3': 50, 'E64ads_v6_US East_3': 50, 'E64as_v6_US East_1': 50, 'E8ads_v6_US East_2': 50, 'E8ads_v6_US East_3': 50, 'E8as_v6_US East_1': 50, 'E8as_v6_US East_2': 50, 'E8ps_v5_US East_1': 50, 'E96ads_v6_US East_1': 50, 'E96as_v6_US East_1': 50, 'F16ams_v6_US East_1': 50, 'F16ams_v6_US East_2': 50, 'F16as_v6_US East_2': 50, 'F16as_v6_US East_3': 50, 'F2ams_v6_US East_1': 50, 'F2ams_v6_US East_2': 50, 'F2ams_v6_US East_3': 50, 'F2as_v6_US East_1': 50, 'F2as_v6_US East_2': 50, 'F2as_v6_US East_3': 50, 'F32ams_v6_US East_2': 50, 'F32as_v6_US East_3': 50, 'F48ams_v6_US East_3': 50, 'F48as_v6_US East_3': 50, 'F4ams_v6_US East_2': 50, 'F4ams_v6_US East_3': 50, 'F4as_v6_US East_1': 50, 'F4as_v6_US East_2': 50, 'F64ams_v6_US East_3': 50, 'F64as_v6_US East_3': 50, 'F8ams_v6_US East_2': 50, 'F8ams_v6_US East_3': 50, 'F8as_v6_US East_2': 50, 'F8as_v6_US East_3': 50}"
0.5,1476.4350500000003,3463544021,2345883.0925207306,110400,109400,"{'D16ads_v6_US East_2': 50, 'D16ads_v6_US East_3': 50, 'D16alds_v6_US East_1': 50, 'D16alds_v6_US East_3': 50, 'D16als_v6_US East_1': 50, 'D16als_v6_US East_2': 50, 'D16as_v6_US East_1': 50, 'D16as_v6_US East_3': 50, 'D16pds_v5_US East_3': 50, 'D16ps_v5_US East_2': 50, 'D2ads_v6_US East_1': 50, 'D2ads_v6_US East_2': 50, 'D2ads_v6_US East_3': 50, 'D2alds_v6_US East_1': 50, 'D2alds_v6_US East_2': 50, 'D2alds_v6_US East_3': 50, 'D2als_v6_US East_1': 50, 'D2als_v6_US East_2': 50, 'D2als_v6_US East_3': 50, 'D2as_v6_US East_1': 50, 'D2as_v6_US East_2': 50, 'D2as_v6_US East_3': 50, 'D2pds_v5_US East_1': 50, 'D2pds_v5_US East_2': 50, 'D2pds_v5_US East_3': 50, 'D2pls_v5_US East_1': 50, 'D2pls_v5_US East_2': 50, 'D2pls_v5_US East_3': 50, 'D2ps_v5_US East_1': 50, 'D2ps_v5_US East_2': 50, 'D2ps_v5_US East_3': 50, 'D32ads_v6_US East_1': 50, 'D32ads_v6_US East_3': 50, 'D32alds_v6_US East_1': 50, 'D32alds_v6_US East_2': 50, 'D32als_v6_US East_1': 50, 'D32als_v6_US East_2': 50, 'D32as_v6_US East_2': 50, 'D32as_v6_US East_3': 50, 'D48ads_v6_US East_2': 50, 'D48alds_v6_US East_3': 50, 'D48als_v6_US East_1': 50, 'D48als_v6_US East_2': 50, 'D4ads_v6_US East_1': 50, 'D4ads_v6_US East_2': 50, 'D4ads_v6_US East_3': 50, 'D4alds_v6_US East_1': 50, 'D4alds_v6_US East_2': 50, 'D4alds_v6_US East_3': 50, 'D4als_v6_US East_1': 50, 'D4als_v6_US East_2': 50, 'D4als_v6_US East_3': 50, 'D4as_v6_US East_1': 50, 'D4as_v6_US East_2': 50, 'D4as_v6_US East_3': 50, 'D4pds_v5_US East_1': 50, 'D4pds_v5_US East_2': 50, 'D4pds_v5_US East_3': 50, 'D4ps_v5_US East_1': 50, 'D4ps_v5_US East_2': 50, 'D4ps_v5_US East_3': 50, 'D64ads_v6_US East_2': 50, 'D64alds_v6_US East_1': 50, 'D64als_v6_US East_1': 50, 'D64as_v6_US East_2': 50, 'D8ads_v6_US East_1': 50, 'D8ads_v6_US East_2': 50, 'D8alds_v6_US East_1': 50, 'D8alds_v6_US East_3': 50, 'D8als_v6_US East_1': 50, 'D8als_v6_US East_3': 50, 'D8as_v6_US East_2': 50, 'D8as_v6_US East_3': 50, 'D8ps_v5_US East_1': 50, 'D8ps_v5_US East_2': 50, 'D8ps_v5_US East_3': 50, 'D96ads_v6_US East_2': 50, 'D96alds_v6_US East_2': 50, 'D96als_v6_US East_2': 50, 'D96as_v6_US East_1': 50, 'DC1s_v2_US East_1': 50, 'E16ads_v6_US East_2': 50, 'E16ads_v6_US East_3': 50, 'E16as_v6_US East_2': 50, 'E16as_v6_US East_3': 50, 'E20ads_v6_US East_2': 50, 'E20ads_v6_US East_3': 50, 'E20as_v6_US East_2': 50, 'E20as_v6_US East_3': 50, 'E2ads_v6_US East_1': 50, 'E2ads_v6_US East_2': 50, 'E2ads_v6_US East_3': 50, 'E2as_v6_US East_1': 50, 'E2as_v6_US East_2': 50, 'E2as_v6_US East_3': 50, 'E2ps_v5_US East_1': 50, 'E2ps_v5_US East_2': 50, 'E2ps_v5_US East_3': 50, 'E32ads_v6_US East_1': 50, 'E32as_v6_US East_1': 50, 'E48ads_v6_US East_3': 50, 'E48as_v6_US East_3': 50, 'E4ads_v6_US East_2': 50, 'E4ads_v6_US East_3': 50, 'E4as_v6_US East_1': 50, 'E4as_v6_US East_2': 50, 'E4ps_v5_US East_1': 50, 'E4ps_v5_US East_2': 50, 'E4ps_v5_US East_3': 50, 'E64ads_v6_US East_3': 50, 'E64as_v6_US East_1': 50, 'E8ads_v6_US East_2': 50, 'E8ads_v6_US East_3': 50, 'E8as_v6_US East_1': 50, 'E8as_v6_US East_2': 50, 'E8ps_v5_US East_1': 50, 'E96ads_v6_US East_1': 50, 'E96as_v6_US East_1': 50, 'F16ams_v6_US East_1': 50, 'F16ams_v6_US East_2': 50, 'F16as_v6_US East_2': 50, 'F16as_v6_US East_3': 50, 'F2ams_v6_US East_1': 50, 'F2ams_v6_US East_2': 50, 'F2ams_v6_US East_3': 50, 'F2as_v6_US East_1': 50, 'F2as_v6_US East_2': 50, 'F2as_v6_US East_3': 50, 'F32ams_v6_US East_2': 50, 'F32as_v6_US East_3': 50, 'F48ams_v6_US East_3': 50, 'F48as_v6_US East_3': 50, 'F4ams_v6_US East_2': 50, 'F4ams_v6_US East_3': 50, 'F4as_v6_US East_1': 50, 'F4as_v6_US East_2': 50, 'F64ams_v6_US East_3': 50, 'F64as_v6_US East_3': 50, 'F8ams_v6_US East_2': 50, 'F8ams_v6_US East_3': 50, 'F8as_v6_US East_2': 50, 'F8as_v6_US East_3': 50}"
0.51,1520.76865,3531997599,2322508.1599360956,113950,112950,"{'D16ads_v6_US East_2': 50, 'D16ads_v6_US East_3': 50, 'D16alds_v6_US East_1': 50, 'D16alds_v6_US East_3': 50, 'D16als_v6_US East_1': 50, 'D16als_v6_US East_2': 50, 'D16as_v6_US East_1': 50, 'D16as_v6_US East_3': 50, 'D16pds_v5_US East_3': 50, 'D16pls_v5_US East_2': 50, 'D16pls_v5_US East_3': 50, 'D16ps_v5_US East_2': 50, 'D2ads_v6_US East_1': 50, 'D2ads_v6_US East_2': 50, 'D2ads_v6_US East_3': 50, 'D2alds_v6_US East_1': 50, 'D2alds_v6_US East_2': 50, 'D2alds_v6_US East_3': 50, 'D2als_v6_US East_1': 50, 'D2als_v6_US East_2': 50, 'D2als_v6_US East_3': 50, 'D2as_v6_US East_1': 50, 'D2as_v6_US East_2': 50, 'D2as_v6_US East_3': 50, 'D2pds_v5_US East_1': 50, 'D2pds_v5_US East_2': 50, 'D2pds_v5_US East_3': 50, 'D2pls_v5_US East_1': 50, 'D2pls_v5_US East_2': 50, 'D2pls_v5_US East_3': 50, 'D2ps_v5_US East_1': 50, 'D2ps_v5_US East_2': 50, 'D2ps_v5_US East_3': 50, 'D32ads_v6_US East_1': 50, 'D32ads_v6_US East_3': 50, 'D32alds_v6_US East_1': 50, 'D32alds_v6_US East_2': 50, 'D32als_v6_US East_1': 50, 'D32als_v6_US East_2': 50, 'D32as_v6_US East_2': 50, 'D32as_v6_US East_3': 50, 'D32pls_v5_US East_2': 50, 'D48ads_v6_US East_2': 50, 'D48alds_v6_US East_3': 50, 'D48als_v6_US East_1': 50, 'D48als_v6_US East_2': 50, 'D4ads_v6_US East_1': 50, 'D4ads_v6_US East_2': 50, 'D4ads_v6_US East_3': 50, 'D4alds_v6_US East_1': 50, 'D4alds_v6_US East_2': 50, 'D4alds_v6_US East_3': 50, 'D4als_v6_US East_1': 50, 'D4als_v6_US East_2': 50, 'D4als_v6_US East_3': 50, 'D4as_v6_US East_1': 50, 'D4as_v6_US East_2': 50, 'D4as_v6_US East_3': 50, 'D4pds_v5_US East_1': 50, 'D4pds_v5_US East_2': 50, 'D4pds_v5_US East_3': 50, 'D4pls_v5_US East_1': 50, 'D4pls_v5_US East_2': 50, 'D4pls_v5_US East_3': 50, 'D4ps_v5_US East_1': 50, 'D4ps_v5_US East_2': 50, 'D4ps_v5_US East_3': 50, 'D64ads_v6_US East_2': 50, 'D64alds_v6_US East_1': 50, 'D64als_v6_US East_1': 50, 'D64as_v6_US East_2': 50, 'D8ads_v6_US East_1': 50, 'D8ads_v6_US East_2': 50, 'D8alds_v6_US East_1': 50, 'D8alds_v6_US East_3': 50, 'D8als_v6_US East_1': 50, 'D8als_v6_US East_3': 50, 'D8as_v6_US East_2': 50, 'D8as_v6_US East_3': 50, 'D8pls_v5_US East_1': 50, 'D8pls_v5_US East_2': 50, 'D8pls_v5_US East_3': 50, 'D8ps_v5_US East_1': 50, 'D8ps_v5_US East_2': 50, 'D8ps_v5_US East_3': 50, 'D96ads_v6_US East_2': 50, 'D96alds_v6_US East_2': 50, 'D96als_v6_US East_2': 50, 'D96as_v6_US East_1': 50, 'DC1s_v2_US East_1': 50, 'E16ads_v6_US East_2': 50, 'E16ads_v6_US East_3': 50, 'E16as_v6_US East_2': 50, 'E16as_v6_US East_3': 50, 'E20ads_v6_US East_2': 50, 'E20ads_v6_US East_3': 50, 'E20as_v6_US East_2': 50, 'E20as_v6_US East_3': 50, 'E2ads_v6_US East_1': 50, 'E2ads_v6_US East_2': 50, 'E2ads_v6_US East_3': 50, 'E2as_v6_US East_1': 50, 'E2as_v6_US East_2': 50, 'E2as_v6_US East_3': 50, 'E2ps_v5_US East_1': 50, 'E2ps_v5_US East_2': 50, 'E2ps_v5_US East_3': 50, 'E32ads_v6_US East_1': 50, 'E32as_v6_US East_1': 50, 'E48ads_v6_US East_3': 50, 'E48as_v6_US East_3': 50, 'E4ads_v6_US East_2': 50, 'E4ads_v6_US East_3': 50, 'E4as_v6_US East_1': 50, 'E4as_v6_US East_2': 50, 'E4ps_v5_US East_1': 50, 'E4ps_v5_US East_2': 50, 'E4ps_v5_US East_3': 50, 'E64ads_v6_US East_3': 50, 'E64as_v6_US East_1': 50, 'E8ads_v6_US East_2': 50, 'E8ads_v6_US East_3': 50, 'E8as_v6_US East_1': 50, 'E8as_v6_US East_2': 50, 'E8ps_v5_US East_1': 50, 'E96ads_v6_US East_1': 50, 'E96as_v6_US East_1': 50, 'F16ams_v6_US East_1': 50, 'F16ams_v6_US East_2': 50, 'F16as_v6_US East_2': 50, 'F16as_v6_US East_3': 50, 'F2ams_v6_US East_1': 50, 'F2ams_v6_US East_2': 50, 'F2ams_v6_US East_3': 50, 'F2as_v6_US East_1': 50, 'F2as_v6_US East_2': 50, 'F2as_v6_US East_3': 50, 'F32ams_v6_US East_2': 50, 'F32as_v6_US East_3': 50, 'F48ams_v6_US East_3': 50, 'F48as_v6_US East_3': 50, 'F4ams_v6_US East_2': 50, 'F4ams_v6_US East_3': 50, 'F4as_v6_US East_1': 50, 'F4as_v6_US East_2': 50, 'F64ams_v6_US East_3': 50, 'F64as_v6_US East_3': 50, 'F8ams_v6_US East_2': 50, 'F8ams_v6_US East_3': 50, 'F8as_v6_US East_2': 50, 'F8as_v6_US East_3': 50, 'NV8as_v4_US East_1': 50, 'NV8as_v4_US East_2': 50, 'NV8as_v4_US East_3': 50}"
0.52,1520.76865,3531997599,2322508.1599360956,113950,112950,"{'D16ads_v6_US East_2': 50, 'D16ads_v6_US East_3': 50, 'D16alds_v6_US East_1': 50, 'D16alds_v6_US East_3': 50, 'D16als_v6_US East_1': 50, 'D16als_v6_US East_2': 50, 'D16as_v6_US East_1': 50, 'D16as_v6_US East_3': 50, 'D16pds_v5_US East_3': 50, 'D16pls_v5_US East_2': 50, 'D16pls_v5_US East_3': 50, 'D16ps_v5_US East_2': 50, 'D2ads_v6_US East_1': 50, 'D2ads_v6_US East_2': 50, 'D2ads_v6_US East_3': 50, 'D2alds_v6_US East_1': 50, 'D2alds_v6_US East_2': 50, 'D2alds_v6_US East_3': 50, 'D2als_v6_US East_1': 50, 'D2als_v6_US East_2': 50, 'D2als_v6_US East_3': 50, 'D2as_v6_US East_1': 50, 'D2as_v6_US East_2': 50, 'D2as_v6_US East_3': 50, 'D2pds_v5_US East_1': 50, 'D2pds_v5_US East_2': 50, 'D2pds_v5_US East_3': 50, 'D2pls_v5_US East_1': 50, 'D2pls_v5_US East_2': 50, 'D2pls_v5_US East_3': 50, 'D2ps_v5_US East_1': 50, 'D2ps_v5_US East_2': 50, 'D2ps_v5_US East_3': 50, 'D32ads_v6_US East_1': 50, 'D32ads_v6_US East_3': 50, 'D32alds_v6_US East_1': 50, 'D32alds_v6_US East_2': 50, 'D32als_v6_US East_1': 50, 'D32als_v6_US East_2': 50, 'D32as_v6_US East_2': 50, 'D32as_v6_US East_3': 50, 'D32pls_v5_US East_2': 50, 'D48ads_v6_US East_2': 50, 'D48alds_v6_US East_3': 50, 'D48als_v6_US East_1': 50, 'D48als_v6_US East_2': 50, 'D4ads_v6_US East_1': 50, 'D4ads_v6_US East_2': 50, 'D4ads_v6_US East_3': 50, 'D4alds_v6_US East_1': 50, 'D4alds_v6_US East_2': 50, 'D4alds_v6_US East_3': 50, 'D4als_v6_US East_1': 50, 'D4als_v6_US East_2': 50, 'D4als_v6_US East_3': 50, 'D4as_v6_US East_1': 50, 'D4as_v6_US East_2': 50, 'D4as_v6_US East_3': 50, 'D4pds_v5_US East_1': 50, 'D4pds_v5_US East_2': 50, 'D4pds_v5_US East_3': 50, 'D4pls_v5_US East_1': 50, 'D4pls_v5_US East_2': 50, 'D4pls_v5_US East_3': 50, 'D4ps_v5_US East_1': 50, 'D4ps_v5_US East_2': 50, 'D4ps_v5_US East_3': 50, 'D64ads_v6_US East_2': 50, 'D64alds_v6_US East_1': 50, 'D64als_v6_US East_1': 50, 'D64as_v6_US East_2': 50, 'D8ads_v6_US East_1': 50, 'D8ads_v6_US East_2': 50, 'D8alds_v6_US East_1': 50, 'D8alds_v6_US East_3': 50, 'D8als_v6_US East_1': 50, 'D8als_v6_US East_3': 50, 'D8as_v6_US East_2': 50, 'D8as_v6_US East_3': 50, 'D8pls_v5_US East_1': 50, 'D8pls_v5_US East_2': 50, 'D8pls_v5_US East_3': 50, 'D8ps_v5_US East_1': 50, 'D8ps_v5_US East_2': 50, 'D8ps_v5_US East_3': 50, 'D96ads_v6_US East_2': 50, 'D96alds_v6_US East_2': 50, 'D96als_v6_US East_2': 50, 'D96as_v6_US East_1': 50, 'DC1s_v2_US East_1': 50, 'E16ads_v6_US East_2': 50, 'E16ads_v6_US East_3': 50, 'E16as_v6_US East_2': 50, 'E16as_v6_US East_3': 50, 'E20ads_v6_US East_2': 50, 'E20ads_v6_US East_3': 50, 'E20as_v6_US East_2': 50, 'E20as_v6_US East_3': 50, 'E2ads_v6_US East_1': 50, 'E2ads_v6_US East_2': 50, 'E2ads_v6_US East_3': 50, 'E2as_v6_US East_1': 50, 'E2as_v6_US East_2': 50, 'E2as_v6_US East_3': 50, 'E2ps_v5_US East_1': 50, 'E2ps_v5_US East_2': 50, 'E2ps_v5_US East_3': 50, 'E32ads_v6_US East_1': 50, 'E32as_v6_US East_1': 50, 'E48ads_v6_US East_3': 50, 'E48as_v6_US East_3': 50, 'E4ads_v6_US East_2': 50, 'E4ads_v6_US East_3': 50, 'E4as_v6_US East_1': 50, 'E4as_v6_US East_2': 50, 'E4ps_v5_US East_1': 50, 'E4ps_v5_US East_2': 50, 'E4ps_v5_US East_3': 50, 'E64ads_v6_US East_3': 50, 'E64as_v6_US East_1': 50, 'E8ads_v6_US East_2': 50, 'E8ads_v6_US East_3': 50, 'E8as_v6_US East_1': 50, 'E8as_v6_US East_2': 50, 'E8ps_v5_US East_1': 50, 'E96ads_v6_US East_1': 50, 'E96as_v6_US East_1': 50, 'F16ams_v6_US East_1': 50, 'F16ams_v6_US East_2': 50, 'F16as_v6_US East_2': 50, 'F16as_v6_US East_3': 50, 'F2ams_v6_US East_1': 50, 'F2ams_v6_US East_2': 50, 'F2ams_v6_US East_3': 50, 'F2as_v6_US East_1': 50, 'F2as_v6_US East_2': 50, 'F2as_v6_US East_3': 50, 'F32ams_v6_US East_2': 50, 'F32as_v6_US East_3': 50, 'F48ams_v6_US East_3': 50, 'F48as_v6_US East_3': 50, 'F4ams_v6_US East_2': 50, 'F4ams_v6_US East_3': 50, 'F4as_v6_US East_1': 50, 'F4as_v6_US East_2': 50, 'F64ams_v6_US East_3': 50, 'F64as_v6_US East_3': 50, 'F8ams_v6_US East_2': 50, 'F8ams_v6_US East_3': 50, 'F8as_v6_US East_2': 50, 'F8as_v6_US East_3': 50, 'NV8as_v4_US East_1': 50, 'NV8as_v4_US East_2': 50, 'NV8as_v4_US East_3': 50}"
0.53,1520.76865,3531997599,2322508.1599360956,113950,112950,"{'D16ads_v6_US East_2': 50, 'D16ads_v6_US East_3': 50, 'D16alds_v6_US East_1': 50, 'D16alds_v6_US East_3': 50, 'D16als_v6_US East_1': 50, 'D16als_v6_US East_2': 50, 'D16as_v6_US East_1': 50, 'D16as_v6_US East_3': 50, 'D16pds_v5_US East_3': 50, 'D16pls_v5_US East_2': 50, 'D16pls_v5_US East_3': 50, 'D16ps_v5_US East_2': 50, 'D2ads_v6_US East_1': 50, 'D2ads_v6_US East_2': 50, 'D2ads_v6_US East_3': 50, 'D2alds_v6_US East_1': 50, 'D2alds_v6_US East_2': 50, 'D2alds_v6_US East_3': 50, 'D2als_v6_US East_1': 50, 'D2als_v6_US East_2': 50, 'D2als_v6_US East_3': 50, 'D2as_v6_US East_1': 50, 'D2as_v6_US East_2': 50, 'D2as_v6_US East_3': 50, 'D2pds_v5_US East_1': 50, 'D2pds_v5_US East_2': 50, 'D2pds_v5_US East_3': 50, 'D2pls_v5_US East_1': 50, 'D2pls_v5_US East_2': 50, 'D2pls_v5_US East_3': 50, 'D2ps_v5_US East_1': 50, 'D2ps_v5_US East_2': 50, 'D2ps_v5_US East_3': 50, 'D32ads_v6_US East_1': 50, 'D32ads_v6_US East_3': 50, 'D32alds_v6_US East_1': 50, 'D32alds_v6_US East_2': 50, 'D32als_v6_US East_1': 50, 'D32als_v6_US East_2': 50, 'D32as_v6_US East_2': 50, 'D32as_v6_US East_3': 50, 'D32pls_v5_US East_2': 50, 'D48ads_v6_US East_2': 50, 'D48alds_v6_US East_3': 50, 'D48als_v6_US East_1': 50, 'D48als_v6_US East_2': 50, 'D4ads_v6_US East_1': 50, 'D4ads_v6_US East_2': 50, 'D4ads_v6_US East_3': 50, 'D4alds_v6_US East_1': 50, 'D4alds_v6_US East_2': 50, 'D4alds_v6_US East_3': 50, 'D4als_v6_US East_1': 50, 'D4als_v6_US East_2': 50, 'D4als_v6_US East_3': 50, 'D4as_v6_US East_1': 50, 'D4as_v6_US East_2': 50, 'D4as_v6_US East_3': 50, 'D4pds_v5_US East_1': 50, 'D4pds_v5_US East_2': 50, 'D4pds_v5_US East_3': 50, 'D4pls_v5_US East_1': 50, 'D4pls_v5_US East_2': 50, 'D4pls_v5_US East_3': 50, 'D4ps_v5_US East_1': 50, 'D4ps_v5_US East_2': 50, 'D4ps_v5_US East_3': 50, 'D64ads_v6_US East_2': 50, 'D64alds_v6_US East_1': 50, 'D64als_v6_US East_1': 50, 'D64as_v6_US East_2': 50, 'D8ads_v6_US East_1': 50, 'D8ads_v6_US East_2': 50, 'D8alds_v6_US East_1': 50, 'D8alds_v6_US East_3': 50, 'D8als_v6_US East_1': 50, 'D8als_v6_US East_3': 50, 'D8as_v6_US East_2': 50, 'D8as_v6_US East_3': 50, 'D8pls_v5_US East_1': 50, 'D8pls_v5_US East_2': 50, 'D8pls_v5_US East_3': 50, 'D8ps_v5_US East_1': 50, 'D8ps_v5_US East_2': 50, 'D8ps_v5_US East_3': 50, 'D96ads_v6_US East_2': 50, 'D96alds_v6_US East_2': 50, 'D96als_v6_US East_2': 50, 'D96as_v6_US East_1': 50, 'DC1s_v2_US East_1': 50, 'E16ads_v6_US East_2': 50, 'E16ads_v6_US East_3': 50, 'E16as_v6_US East_2': 50, 'E16as_v6_US East_3': 50, 'E20ads_v6_US East_2': 50, 'E20ads_v6_US East_3': 50, 'E20as_v6_US East_2': 50, 'E20as_v6_US East_3': 50, 'E2ads_v6_US East_1': 50, 'E2ads_v6_US East_2': 50, 'E2ads_v6_US East_3': 50, 'E2as_v6_US East_1': 50, 'E2as_v6_US East_2': 50, 'E2as_v6_US East_3': 50, 'E2ps_v5_US East_1': 50, 'E2ps_v5_US East_2': 50, 'E2ps_v5_US East_3': 50, 'E32ads_v6_US East_1': 50, 'E32as_v6_US East_1': 50, 'E48ads_v6_US East_3': 50, 'E48as_v6_US East_3': 50, 'E4ads_v6_US East_2': 50, 'E4ads_v6_US East_3': 50, 'E4as_v6_US East_1': 50, 'E4as_v6_US East_2': 50, 'E4ps_v5_US East_1': 50, 'E4ps_v5_US East_2': 50, 'E4ps_v5_US East_3': 50, 'E64ads_v6_US East_3': 50, 'E64as_v6_US East_1': 50, 'E8ads_v6_US East_2': 50, 'E8ads_v6_US East_3': 50, 'E8as_v6_US East_1': 50, 'E8as_v6_US East_2': 50, 'E8ps_v5_US East_1': 50, 'E96ads_v6_US East_1': 50, 'E96as_v6_US East_1': 50, 'F16ams_v6_US East_1': 50, 'F16ams_v6_US East_2': 50, 'F16as_v6_US East_2': 50, 'F16as_v6_US East_3': 50, 'F2ams_v6_US East_1': 50, 'F2ams_v6_US East_2': 50, 'F2ams_v6_US East_3': 50, 'F2as_v6_US East_1': 50, 'F2as_v6_US East_2': 50, 'F2as_v6_US East_3': 50, 'F32ams_v6_US East_2': 50, 'F32as_v6_US East_3': 50, 'F48ams_v6_US East_3': 50, 'F48as_v6_US East_3': 50, 'F4ams_v6_US East_2': 50, 'F4ams_v6_US East_3': 50, 'F4as_v6_US East_1': 50, 'F4as_v6_US East_2': 50, 'F64ams_v6_US East_3': 50, 'F64as_v6_US East_3': 50, 'F8ams_v6_US East_2': 50, 'F8ams_v6_US East_3': 50, 'F8as_v6_US East_2': 50, 'F8as_v6_US East_3': 50, 'NV8as_v4_US East_1': 50, 'NV8as_v4_US East_2': 50, 'NV8as_v4_US East_3': 50}"
0.54,1558.3792000000003,3583931875,2299781.6417210903,116600,115600,"{'D16ads_v6_US East_2': 50, 'D16ads_v6_US East_3': 50, 'D16alds_v6_US East_1': 50, 'D16alds_v6_US East_3': 50, 'D16als_v6_US East_1': 50, 'D16als_v6_US East_2': 50, 'D16as_v6_US East_1': 50, 'D16as_v6_US East_3': 50, 'D16pds_v5_US East_3': 50, 'D16plds_v5_US East_2': 50, 'D16plds_v5_US East_3': 50, 'D16pls_v5_US East_2': 50, 'D16pls_v5_US East_3': 50, 'D16ps_v5_US East_2': 50, 'D2ads_v6_US East_1': 50, 'D2ads_v6_US East_2': 50, 'D2ads_v6_US East_3': 50, 'D2alds_v6_US East_1': 50, 'D2alds_v6_US East_2': 50, 'D2alds_v6_US East_3': 50, 'D2als_v6_US East_1': 50, 'D2als_v6_US East_2': 50, 'D2als_v6_US East_3': 50, 'D2as_v6_US East_1': 50, 'D2as_v6_US East_2': 50, 'D2as_v6_US East_3': 50, 'D2pds_v5_US East_1': 50, 'D2pds_v5_US East_2': 50, 'D2pds_v5_US East_3': 50, 'D2plds_v5_US East_1': 50, 'D2plds_v5_US East_2': 50, 'D2plds_v5_US East_3': 50, 'D2pls_v5_US East_1': 50, 'D2pls_v5_US East_2': 50, 'D2pls_v5_US East_3': 50, 'D2ps_v5_US East_1': 50, 'D2ps_v5_US East_2': 50, 'D2ps_v5_US East_3': 50, 'D32ads_v6_US East_1': 50, 'D32ads_v6_US East_3': 50, 'D32alds_v6_US East_1': 50, 'D32alds_v6_US East_2': 50, 'D32als_v6_US East_1': 50, 'D32als_v6_US East_2': 50, 'D32as_v6_US East_2': 50, 'D32as_v6_US East_3': 50, 'D32plds_v5_US East_2': 50, 'D32pls_v5_US East_2': 50, 'D48ads_v6_US East_2': 50, 'D48alds_v6_US East_3': 50, 'D48als_v6_US East_1': 50, 'D48als_v6_US East_2': 50, 'D4ads_v6_US East_1': 50, 'D4ads_v6_US East_2': 50, 'D4ads_v6_US East_3': 50, 'D4alds_v6_US East_1': 50, 'D4alds_v6_US East_2': 50, 'D4alds_v6_US East_3': 50, 'D4als_v6_US East_1': 50, 'D4als_v6_US East_2': 50, 'D4als_v6_US East_3': 50, 'D4as_v6_US East_1': 50, 'D4as_v6_US East_2': 50, 'D4as_v6_US East_3': 50, 'D4pds_v5_US East_1': 50, 'D4pds_v5_US East_2': 50, 'D4pds_v5_US East_3': 50, 'D4plds_v5_US East_1': 50, 'D4plds_v5_US East_2': 50, 'D4plds_v5_US East_3': 50, 'D4pls_v5_US East_1': 50, 'D4pls_v5_US East_2': 50, 'D4pls_v5_US East_3': 50, 'D4ps_v5_US East_1': 50, 'D4ps_v5_US East_2': 50, 'D4ps_v5_US East_3': 50, 'D64ads_v6_US East_2': 50, 'D64alds_v6_US East_1': 50, 'D64als_v6_US East_1': 50, 'D64as_v6_US East_2': 50, 'D8ads_v6_US East_1': 50, 'D8ads_v6_US East_2': 50, 'D8alds_v6_US East_1': 50, 'D8alds_v6_US East_3': 50, 'D8als_v6_US East_1': 50, 'D8als_v6_US East_3': 50, 'D8as_v6_US East_2': 50, 'D8as_v6_US East_3': 50, 'D8plds_v5_US East_1': 50, 'D8plds_v5_US East_2': 50, 'D8plds_v5_US East_3': 50, 'D8pls_v5_US East_1': 50, 'D8pls_v5_US East_2': 50, 'D8pls_v5_US East_3': 50, 'D8ps_v5_US East_1': 50, 'D8ps_v5_US East_2': 50, 'D8ps_v5_US East_3': 50, 'D96ads_v6_US East_2': 50, 'D96alds_v6_US East_2': 50, 'D96als_v6_US East_2': 50, 'D96as_v6_US East_1': 50, 'DC1s_v2_US East_1': 50, 'E16ads_v6_US East_2': 50, 'E16ads_v6_US East_3': 50, 'E16as_v6_US East_2': 50, 'E16as_v6_US East_3': 50, 'E20ads_v6_US East_2': 50, 'E20ads_v6_US East_3': 50, 'E20as_v6_US East_2': 50, 'E20as_v6_US East_3': 50, 'E2ads_v6_US East_1': 50, 'E2ads_v6_US East_2': 50, 'E2ads_v6_US East_3': 50, 'E2as_v6_US East_1': 50, 'E2as_v6_US East_2': 50, 'E2as_v6_US East_3': 50, 'E2ps_v5_US East_1': 50, 'E2ps_v5_US East_2': 50, 'E2ps_v5_US East_3': 50, 'E32ads_v6_US East_1': 50, 'E32as_v6_US East_1': 50, 'E48ads_v6_US East_3': 50, 'E48as_v6_US East_3': 50, 'E4ads_v6_US East_2': 50, 'E4ads_v6_US East_3': 50, 'E4as_v6_US East_1': 50, 'E4as_v6_US East_2': 50, 'E4ps_v5_US East_1': 50, 'E4ps_v5_US East_2': 50, 'E4ps_v5_US East_3': 50, 'E64ads_v6_US East_3': 50, 'E64as_v6_US East_1': 50, 'E8ads_v6_US East_2': 50, 'E8ads_v6_US East_3': 50, 'E8as_v6_US East_1': 50, 'E8as_v6_US East_2': 50, 'E8ps_v5_US East_1': 50, 'E96ads_v6_US East_1': 50, 'E96as_v6_US East_1': 50, 'F16ams_v6_US East_1': 50, 'F16ams_v6_US East_2': 50, 'F16as_v6_US East_2': 50, 'F16as_v6_US East_3': 50, 'F2ams_v6_US East_1': 50, 'F2ams_v6_US East_2': 50, 'F2ams_v6_US East_3': 50, 'F2as_v6_US East_1': 50, 'F2as_v6_US East_2': 50, 'F2as_v6_US East_3': 50, 'F32ams_v6_US East_2': 50, 'F32as_v6_US East_3': 50, 'F48ams_v6_US East_3': 50, 'F48as_v6_US East_3': 50, 'F4ams_v6_US East_2': 50, 'F4ams_v6_US East_3': 50, 'F4as_v6_US East_1': 50, 'F4as_v6_US East_2': 50, 'F64ams_v6_US East_3': 50, 'F64as_v6_US East_3': 50, 'F8ams_v6_US East_2': 50, 'F8ams_v6_US East_3': 50, 'F8as_v6_US East_2': 50, 'F8as_v6_US East_3': 50, 'NV8as_v4_US East_1': 50, 'NV8as_v4_US East_2': 50, 'NV8as_v4_US East_3': 50}"
0.55,1564.8379000000004,3592271437,2295618.8861478874,117050,116050,"{'D16ads_v6_US East_2': 50, 'D16ads_v6_US East_3': 50, 'D16alds_v6_US East_1': 50, 'D16alds_v6_US East_3': 50, 'D16als_v6_US East_1': 50, 'D16als_v6_US East_2': 50, 'D16as_v6_US East_1': 50, 'D16as_v6_US East_3': 50, 'D16pds_v5_US East_3': 50, 'D16plds_v5_US East_2': 50, 'D16plds_v5_US East_3': 50, 'D16pls_v5_US East_2': 50, 'D16pls_v5_US East_3': 50, 'D16ps_v5_US East_2': 50, 'D2ads_v6_US East_1': 50, 'D2ads_v6_US East_2': 50, 'D2ads_v6_US East_3': 50, 'D2alds_v6_US East_1': 50, 'D2alds_v6_US East_2': 50, 'D2alds_v6_US East_3': 50, 'D2als_v6_US East_1': 50, 'D2als_v6_US East_2': 50, 'D2als_v6_US East_3': 50, 'D2as_v6_US East_1': 50, 'D2as_v6_US East_2': 50, 'D2as_v6_US East_3': 50, 'D2pds_v5_US East_1': 50, 'D2pds_v5_US East_2': 50, 'D2pds_v5_US East_3': 50, 'D2plds_v5_US East_1': 50, 'D2plds_v5_US East_2': 50, 'D2plds_v5_US East_3': 50, 'D2pls_v5_US East_1': 50, 'D2pls_v5_US East_2': 50, 'D2pls_v5_US East_3': 50, 'D2ps_v5_US East_1': 50, 'D2ps_v5_US East_2': 50, 'D2ps_v5_US East_3': 50, 'D32ads_v6_US East_1': 50, 'D32ads_v6_US East_3': 50, 'D32alds_v6_US East_1': 50, 'D32alds_v6_US East_2': 50, 'D32als_v6_US East_1': 50, 'D32als_v6_US East_2': 50, 'D32as_v6_US East_2': 50, 'D32as_v6_US East_3': 50, 'D32plds_v5_US East_2': 50, 'D32pls_v5_US East_2': 50, 'D48ads_v6_US East_2': 50, 'D48alds_v6_US East_3': 50, 'D48als_v6_US East_1': 50, 'D48als_v6_US East_2': 50, 'D4ads_v6_US East_1': 50, 'D4ads_v6_US East_2': 50, 'D4ads_v6_US East_3': 50, 'D4alds_v6_US East_1': 50, 'D4alds_v6_US East_2': 50, 'D4alds_v6_US East_3': 50, 'D4als_v6_US East_1': 50, 'D4als_v6_US East_2': 50, 'D4als_v6_US East_3': 50, 'D4as_v6_US East_1': 50, 'D4as_v6_US East_2': 50, 'D4as_v6_US East_3': 50, 'D4pds_v5_US East_1': 50, 'D4pds_v5_US East_2': 50, 'D4pds_v5_US East_3': 50, 'D4plds_v5_US East_1': 50, 'D4plds_v5_US East_2': 50, 'D4plds_v5_US East_3': 50, 'D4pls_v5_US East_1': 50, 'D4pls_v5_US East_2': 50, 'D4pls_v5_US East_3': 50, 'D4ps_v5_US East_1': 50, 'D4ps_v5_US East_2': 50, 'D4ps_v5_US East_3': 50, 'D64ads_v6_US East_2': 50, 'D64alds_v6_US East_1': 50, 'D64als_v6_US East_1': 50, 'D64as_v6_US East_2': 50, 'D8ads_v6_US East_1': 50, 'D8ads_v6_US East_2': 50, 'D8alds_v6_US East_1': 50, 'D8alds_v6_US East_3': 50, 'D8als_v6_US East_1': 50, 'D8als_v6_US East_3': 50, 'D8as_v6_US East_2': 50, 'D8as_v6_US East_3': 50, 'D8plds_v5_US East_1': 50, 'D8plds_v5_US East_2': 50, 'D8plds_v5_US East_3': 50, 'D8pls_v5_US East_1': 50, 'D8pls_v5_US East_2': 50, 'D8pls_v5_US East_3': 50, 'D8ps_v5_US East_1': 50, 'D8ps_v5_US East_2': 50, 'D8ps_v5_US East_3': 50, 'D96ads_v6_US East_2': 50, 'D96alds_v6_US East_2': 50, 'D96als_v6_US East_2': 50, 'D96as_v6_US East_1': 50, 'DC1s_v2_US East_1': 50, 'E16ads_v6_US East_2': 50, 'E16ads_v6_US East_3': 50, 'E16as_v6_US East_2': 50, 'E16as_v6_US East_3': 50, 'E20ads_v6_US East_2': 50, 'E20ads_v6_US East_3': 50, 'E20as_v6_US East_2': 50, 'E20as_v6_US East_3': 50, 'E2ads_v6_US East_1': 50, 'E2ads_v6_US East_2': 50, 'E2ads_v6_US East_3': 50, 'E2as_v6_US East_1': 50, 'E2as_v6_US East_2': 50, 'E2as_v6_US East_3': 50, 'E2ps_v5_US East_1': 50, 'E2ps_v5_US East_2': 50, 'E2ps_v5_US East_3': 50, 'E32ads_v6_US East_1': 50, 'E32as_v6_US East_1': 50, 'E48ads_v6_US East_3': 50, 'E48as_v6_US East_3': 50, 'E4ads_v6_US East_2': 50, 'E4ads_v6_US East_3': 50, 'E4as_v6_US East_1': 50, 'E4as_v6_US East_2': 50, 'E4ps_v5_US East_1': 50, 'E4ps_v5_US East_2': 50, 'E4ps_v5_US East_3': 50, 'E64ads_v6_US East_3': 50, 'E64as_v6_US East_1': 50, 'E8ads_v6_US East_2': 50, 'E8ads_v6_US East_3': 50, 'E8as_v6_US East_1': 50, 'E8as_v6_US East_2': 50, 'E8ps_v5_US East_1': 50, 'E96ads_v6_US East_1': 50, 'E96as_v6_US East_1': 50, 'F16ams_v6_US East_1': 50, 'F16ams_v6_US East_2': 50, 'F16as_v6_US East_2': 50, 'F16as_v6_US East_3': 50, 'F2ams_v6_US East_1': 50, 'F2ams_v6_US East_2': 50, 'F2ams_v6_US East_3': 50, 'F2as_v6_US East_1': 50, 'F2as_v6_US East_2': 50, 'F2as_v6_US East_3': 50, 'F32ams_v6_US East_2': 50, 'F32as_v6_US East_3': 50, 'F48ams_v6_US East_3': 50, 'F48as_v6_US East_3': 50, 'F4ams_v6_US East_2': 50, 'F4ams_v6_US East_3': 50, 'F4as_v6_US East_1': 50, 'F4as_v6_US East_2': 50, 'F64ams_v6_US East_3': 50, 'F64as_v6_US East_3': 50, 'F8ams_v6_US East_2': 50, 'F8ams_v6_US East_3': 50, 'F8as_v6_US East_2': 50, 'F8as_v6_US East_3': 50, 'NV4as_v4_US East_1': 50, 'NV4as_v4_US East_2': 50, 'NV4as_v4_US East_3': 50, 'NV8as_v4_US East_1': 50, 'NV8as_v4_US East_2': 50, 'NV8as_v4_US East_3': 50}"
0.56,1697.8181,3757350721,2213046.6870979876,122200,121200,"{'D16ads_v6_US East_2': 50, 'D16ads_v6_US East_3': 50, 'D16alds_v6_US East_1': 50, 'D16alds_v6_US East_3': 50, 'D16als_v6_US East_1': 50, 'D16als_v6_US East_2': 50, 'D16as_v6_US East_1': 50, 'D16as_v6_US East_3': 50, 'D16pds_v5_US East_3': 50, 'D16plds_v5_US East_2': 50, 'D16plds_v5_US East_3': 50, 'D16pls_v5_US East_2': 50, 'D16pls_v5_US East_3': 50, 'D16ps_v5_US East_2': 50, 'D2ads_v6_US East_1': 50, 'D2ads_v6_US East_2': 50, 'D2ads_v6_US East_3': 50, 'D2alds_v6_US East_1': 50, 'D2alds_v6_US East_2': 50, 'D2alds_v6_US East_3': 50, 'D2als_v6_US East_1': 50, 'D2als_v6_US East_2': 50, 'D2als_v6_US East_3': 50, 'D2as_v6_US East_1': 50, 'D2as_v6_US East_2': 50, 'D2as_v6_US East_3': 50, 'D2pds_v5_US East_1': 50, 'D2pds_v5_US East_2': 50, 'D2pds_v5_US East_3': 50, 'D2plds_v5_US East_1': 50, 'D2plds_v5_US East_2': 50, 'D2plds_v5_US East_3': 50, 'D2pls_v5_US East_1': 50, 'D2pls_v5_US East_2': 50, 'D2pls_v5_US East_3': 50, 'D2ps_v5_US East_1': 50, 'D2ps_v5_US East_2': 50, 'D2ps_v5_US East_3': 50, 'D32ads_v6_US East_1': 50, 'D32ads_v6_US East_3': 50, 'D32alds_v6_US East_1': 50, 'D32alds_v6_US East_2': 50, 'D32als_v6_US East_1': 50, 'D32als_v6_US East_2': 50, 'D32as_v6_US East_2': 50, 'D32as_v6_US East_3': 50, 'D32plds_v5_US East_2': 50, 'D32pls_v5_US East_2': 50, 'D48ads_v6_US East_2': 50, 'D48alds_v6_US East_3': 50, 'D48als_v6_US East_1': 50, 'D48als_v6_US East_2': 50, 'D4ads_v6_US East_1': 50, 'D4ads_v6_US East_2': 50, 'D4ads_v6_US East_3': 50, 'D4alds_v6_US East_1': 50, 'D4alds_v6_US East_2': 50, 'D4alds_v6_US East_3': 50, 'D4als_v6_US East_1': 50, 'D4als_v6_US East_2': 50, 'D4als_v6_US East_3': 50, 'D4as_v6_US East_1': 50, 'D4as_v6_US East_2': 50, 'D4as_v6_US East_3': 50, 'D4pds_v5_US East_1': 50, 'D4pds_v5_US East_2': 50, 'D4pds_v5_US East_3': 50, 'D4plds_v5_US East_1': 50, 'D4plds_v5_US East_2': 50, 'D4plds_v5_US East_3': 50, 'D4pls_v5_US East_1': 50, 'D4pls_v5_US East_2': 50, 'D4pls_v5_US East_3': 50, 'D4ps_v5_US East_1': 50, 'D4ps_v5_US East_2': 50, 'D4ps_v5_US East_3': 50, 'D64ads_v6_US East_2': 50, 'D64alds_v6_US East_1': 50, 'D64als_v6_US East_1': 50, 'D64as_v6_US East_2': 50, 'D8ads_v6_US East_1': 50, 'D8ads_v6_US East_2': 50, 'D8alds_v6_US East_1': 50, 'D8alds_v6_US East_3': 50, 'D8als_v6_US East_1': 50, 'D8als_v6_US East_3': 50, 'D8as_v6_US East_2': 50, 'D8as_v6_US East_3': 50, 'D8plds_v5_US East_1': 50, 'D8plds_v5_US East_2': 50, 'D8plds_v5_US East_3': 50, 'D8pls_v5_US East_1': 50, 'D8pls_v5_US East_2': 50, 'D8pls_v5_US East_3': 50, 'D8ps_v5_US East_1': 50, 'D8ps_v5_US East_2': 50, 'D8ps_v5_US East_3': 50, 'D96ads_v6_US East_2': 50, 'D96alds_v6_US East_2': 50, 'D96als_v6_US East_2': 50, 'D96as_v6_US East_1': 50, 'DC1s_v2_US East_1': 50, 'E16ads_v6_US East_2': 50, 'E16ads_v6_US East_3': 50, 'E16as_v6_US East_2': 50, 'E16as_v6_US East_3': 50, 'E20ads_v6_US East_2': 50, 'E20ads_v6_US East_3': 50, 'E20as_v6_US East_2': 50, 'E20as_v6_US East_3': 50, 'E2ads_v6_US East_1': 50, 'E2ads_v6_US East_2': 50, 'E2ads_v6_US East_3': 50, 'E2as_v6_US East_1': 50, 'E2as_v6_US East_2': 50, 'E2as_v6_US East_3': 50, 'E2ps_v5_US East_1': 50, 'E2ps_v5_US East_2': 50, 'E2ps_v5_US East_3': 50, 'E32ads_v6_US East_1': 50, 'E32as_v6_US East_1': 50, 'E48ads_v6_US East_3': 50, 'E48as_v6_US East_3': 50, 'E4ads_v6_US East_2': 50, 'E4ads_v6_US East_3': 50, 'E4as_v6_US East_1': 50, 'E4as_v6_US East_2': 50, 'E4ps_v5_US East_1': 50, 'E4ps_v5_US East_2': 50, 'E4ps_v5_US East_3': 50, 'E64ads_v6_US East_3': 50, 'E64as_v6_US East_1': 50, 'E8ads_v6_US East_2': 50, 'E8ads_v6_US East_3': 50, 'E8as_v6_US East_1': 50, 'E8as_v6_US East_2': 50, 'E8ps_v5_US East_1': 50, 'E96ads_v6_US East_1': 50, 'E96as_v6_US East_1': 50, 'F16als_v6_US East_2': 50, 'F16als_v6_US East_3': 50, 'F16ams_v6_US East_1': 50, 'F16ams_v6_US East_2': 50, 'F16as_v6_US East_2': 50, 'F16as_v6_US East_3': 50, 'F2als_v6_US East_1': 50, 'F2als_v6_US East_2': 50, 'F2als_v6_US East_3': 50, 'F2ams_v6_US East_1': 50, 'F2ams_v6_US East_2': 50, 'F2ams_v6_US East_3': 50, 'F2as_v6_US East_1': 50, 'F2as_v6_US East_2': 50, 'F2as_v6_US East_3': 50, 'F32als_v6_US East_3': 50, 'F32ams_v6_US East_2': 50, 'F32as_v6_US East_3': 50, 'F48als_v6_US East_2': 50, 'F48ams_v6_US East_3': 50, 'F48as_v6_US East_3': 50, 'F4als_v6_US East_2': 50, 'F4als_v6_US East_3': 50, 'F4ams_v6_US East_2': 50, 'F4ams_v6_US East_3': 50, 'F4as_v6_US East_1': 50, 'F4as_v6_US East_2': 50, 'F64als_v6_US East_3': 50, 'F64ams_v6_US East_3': 50, 'F64as_v6_US East_3': 50, 'F8als_v6_US East_1': 50, 'F8als_v6_US East_2': 50, 'F8ams_v6_US East_2': 50, 'F8ams_v6_US East_3': 50, 'F8as_v6_US East_2': 50, 'F8as_v6_US East_3': 50, 'NV4as_v4_US East_1': 50, 'NV4as_v4_US East_2': 50, 'NV4as_v4_US East_3': 50, 'NV8as_v4_US East_1': 50, 'NV8as_v4_US East_2': 50, 'NV8as_v4_US East_3': 50}"
0.5700000000000001,1697.8181,3757350721,2213046.6870979876,122200,121200,"{'D16ads_v6_US East_2': 50, 'D16ads_v6_US East_3': 50, 'D16alds_v6_US East_1': 50, 'D16alds_v6_US East_3': 50, 'D16als_v6_US East_1': 50, 'D16als_v6_US East_2': 50, 'D16as_v6_US East_1': 50, 'D16as_v6_US East_3': 50, 'D16pds_v5_US East_3': 50, 'D16plds_v5_US East_2': 50, 'D16plds_v5_US East_3': 50, 'D16pls_v5_US East_2': 50, 'D16pls_v5_US East_3': 50, 'D16ps_v5_US East_2': 50, 'D2ads_v6_US East_1': 50, 'D2ads_v6_US East_2': 50, 'D2ads_v6_US East_3': 50, 'D2alds_v6_US East_1': 50, 'D2alds_v6_US East_2': 50, 'D2alds_v6_US East_3': 50, 'D2als_v6_US East_1': 50, 'D2als_v6_US East_2': 50, 'D2als_v6_US East_3': 50, 'D2as_v6_US East_1': 50, 'D2as_v6_US East_2': 50, 'D2as_v6_US East_3': 50, 'D2pds_v5_US East_1': 50, 'D2pds_v5_US East_2': 50, 'D2pds_v5_US East_3': 50, 'D2plds_v5_US East_1': 50, 'D2plds_v5_US East_2': 50, 'D2plds_v5_US East_3': 50, 'D2pls_v5_US East_1': 50, 'D2pls_v5_US East_2': 50, 'D2pls_v5_US East_3': 50, 'D2ps_v5_US East_1': 50, 'D2ps_v5_US East_2': 50, 'D2ps_v5_US East_3': 50, 'D32ads_v6_US East_1': 50, 'D32ads_v6_US East_3': 50, 'D32alds_v6_US East_1': 50, 'D32alds_v6_US East_2': 50, 'D32als_v6_US East_1': 50, 'D32als_v6_US East_2': 50, 'D32as_v6_US East_2': 50, 'D32as_v6_US East_3': 50, 'D32plds_v5_US East_2': 50, 'D32pls_v5_US East_2': 50, 'D48ads_v6_US East_2': 50, 'D48alds_v6_US East_3': 50, 'D48als_v6_US East_1': 50, 'D48als_v6_US East_2': 50, 'D4ads_v6_US East_1': 50, 'D4ads_v6_US East_2': 50, 'D4ads_v6_US East_3': 50, 'D4alds_v6_US East_1': 50, 'D4alds_v6_US East_2': 50, 'D4alds_v6_US East_3': 50, 'D4als_v6_US East_1': 50, 'D4als_v6_US East_2': 50, 'D4als_v6_US East_3': 50, 'D4as_v6_US East_1': 50, 'D4as_v6_US East_2': 50, 'D4as_v6_US East_3': 50, 'D4pds_v5_US East_1': 50, 'D4pds_v5_US East_2': 50, 'D4pds_v5_US East_3': 50, 'D4plds_v5_US East_1': 50, 'D4plds_v5_US East_2': 50, 'D4plds_v5_US East_3': 50, 'D4pls_v5_US East_1': 50, 'D4pls_v5_US East_2': 50, 'D4pls_v5_US East_3': 50, 'D4ps_v5_US East_1': 50, 'D4ps_v5_US East_2': 50, 'D4ps_v5_US East_3': 50, 'D64ads_v6_US East_2': 50, 'D64alds_v6_US East_1': 50, 'D64als_v6_US East_1': 50, 'D64as_v6_US East_2': 50, 'D8ads_v6_US East_1': 50, 'D8ads_v6_US East_2': 50, 'D8alds_v6_US East_1': 50, 'D8alds_v6_US East_3': 50, 'D8als_v6_US East_1': 50, 'D8als_v6_US East_3': 50, 'D8as_v6_US East_2': 50, 'D8as_v6_US East_3': 50, 'D8plds_v5_US East_1': 50, 'D8plds_v5_US East_2': 50, 'D8plds_v5_US East_3': 50, 'D8pls_v5_US East_1': 50, 'D8pls_v5_US East_2': 50, 'D8pls_v5_US East_3': 50, 'D8ps_v5_US East_1': 50, 'D8ps_v5_US East_2': 50, 'D8ps_v5_US East_3': 50, 'D96ads_v6_US East_2': 50, 'D96alds_v6_US East_2': 50, 'D96als_v6_US East_2': 50, 'D96as_v6_US East_1': 50, 'DC1s_v2_US East_1': 50, 'E16ads_v6_US East_2': 50, 'E16ads_v6_US East_3': 50, 'E16as_v6_US East_2': 50, 'E16as_v6_US East_3': 50, 'E20ads_v6_US East_2': 50, 'E20ads_v6_US East_3': 50, 'E20as_v6_US East_2': 50, 'E20as_v6_US East_3': 50, 'E2ads_v6_US East_1': 50, 'E2ads_v6_US East_2': 50, 'E2ads_v6_US East_3': 50, 'E2as_v6_US East_1': 50, 'E2as_v6_US East_2': 50, 'E2as_v6_US East_3': 50, 'E2ps_v5_US East_1': 50, 'E2ps_v5_US East_2': 50, 'E2ps_v5_US East_3': 50, 'E32ads_v6_US East_1': 50, 'E32as_v6_US East_1': 50, 'E48ads_v6_US East_3': 50, 'E48as_v6_US East_3': 50, 'E4ads_v6_US East_2': 50, 'E4ads_v6_US East_3': 50, 'E4as_v6_US East_1': 50, 'E4as_v6_US East_2': 50, 'E4ps_v5_US East_1': 50, 'E4ps_v5_US East_2': 50, 'E4ps_v5_US East_3': 50, 'E64ads_v6_US East_3': 50, 'E64as_v6_US East_1': 50, 'E8ads_v6_US East_2': 50, 'E8ads_v6_US East_3': 50, 'E8as_v6_US East_1': 50, 'E8as_v6_US East_2': 50, 'E8ps_v5_US East_1': 50, 'E96ads_v6_US East_1': 50, 'E96as_v6_US East_1': 50, 'F16als_v6_US East_2': 50, 'F16als_v6_US East_3': 50, 'F16ams_v6_US East_1': 50, 'F16ams_v6_US East_2': 50, 'F16as_v6_US East_2': 50, 'F16as_v6_US East_3': 50, 'F2als_v6_US East_1': 50, 'F2als_v6_US East_2': 50, 'F2als_v6_US East_3': 50, 'F2ams_v6_US East_1': 50, 'F2ams_v6_US East_2': 50, 'F2ams_v6_US East_3': 50, 'F2as_v6_US East_1': 50, 'F2as_v6_US East_2': 50, 'F2as_v6_US East_3': 50, 'F32als_v6_US East_3': 50, 'F32ams_v6_US East_2': 50, 'F32as_v6_US East_3': 50, 'F48als_v6_US East_2': 50, 'F48ams_v6_US East_3': 50, 'F48as_v6_US East_3': 50, 'F4als_v6_US East_2': 50, 'F4als_v6_US East_3': 50, 'F4ams_v6_US East_2': 50, 'F4ams_v6_US East_3': 50, 'F4as_v6_US East_1': 50, 'F4as_v6_US East_2': 50, 'F64als_v6_US East_3': 50, 'F64ams_v6_US East_3': 50, 'F64as_v6_US East_3': 50, 'F8als_v6_US East_1': 50, 'F8als_v6_US East_2': 50, 'F8ams_v6_US East_2': 50, 'F8ams_v6_US East_3': 50, 'F8as_v6_US East_2': 50, 'F8as_v6_US East_3': 50, 'NV4as_v4_US East_1': 50, 'NV4as_v4_US East_2': 50, 'NV4as_v4_US East_3': 50, 'NV8as_v4_US East_1': 50, 'NV8as_v4_US East_2': 50, 'NV8as_v4_US East_3': 50}"
0.58,1697.8181,3757350721,2213046.6870979876,122200,121200,"{'D16ads_v6_US East_2': 50, 'D16ads_v6_US East_3': 50, 'D16alds_v6_US East_1': 50, 'D16alds_v6_US East_3': 50, 'D16als_v6_US East_1': 50, 'D16als_v6_US East_2': 50, 'D16as_v6_US East_1': 50, 'D16as_v6_US East_3': 50, 'D16pds_v5_US East_3': 50, 'D16plds_v5_US East_2': 50, 'D16plds_v5_US East_3': 50, 'D16pls_v5_US East_2': 50, 'D16pls_v5_US East_3': 50, 'D16ps_v5_US East_2': 50, 'D2ads_v6_US East_1': 50, 'D2ads_v6_US East_2': 50, 'D2ads_v6_US East_3': 50, 'D2alds_v6_US East_1': 50, 'D2alds_v6_US East_2': 50, 'D2alds_v6_US East_3': 50, 'D2als_v6_US East_1': 50, 'D2als_v6_US East_2': 50, 'D2als_v6_US East_3': 50, 'D2as_v6_US East_1': 50, 'D2as_v6_US East_2': 50, 'D2as_v6_US East_3': 50, 'D2pds_v5_US East_1': 50, 'D2pds_v5_US East_2': 50, 'D2pds_v5_US East_3': 50, 'D2plds_v5_US East_1': 50, 'D2plds_v5_US East_2': 50, 'D2plds_v5_US East_3': 50, 'D2pls_v5_US East_1': 50, 'D2pls_v5_US East_2': 50, 'D2pls_v5_US East_3': 50, 'D2ps_v5_US East_1': 50, 'D2ps_v5_US East_2': 50, 'D2ps_v5_US East_3': 50, 'D32ads_v6_US East_1': 50, 'D32ads_v6_US East_3': 50, 'D32alds_v6_US East_1': 50, 'D32alds_v6_US East_2': 50, 'D32als_v6_US East_1': 50, 'D32als_v6_US East_2': 50, 'D32as_v6_US East_2': 50, 'D32as_v6_US East_3': 50, 'D32plds_v5_US East_2': 50, 'D32pls_v5_US East_2': 50, 'D48ads_v6_US East_2': 50, 'D48alds_v6_US East_3': 50, 'D48als_v6_US East_1': 50, 'D48als_v6_US East_2': 50, 'D4ads_v6_US East_1': 50, 'D4ads_v6_US East_2': 50, 'D4ads_v6_US East_3': 50, 'D4alds_v6_US East_1': 50, 'D4alds_v6_US East_2': 50, 'D4alds_v6_US East_3': 50, 'D4als_v6_US East_1': 50, 'D4als_v6_US East_2': 50, 'D4als_v6_US East_3': 50, 'D4as_v6_US East_1': 50, 'D4as_v6_US East_2': 50, 'D4as_v6_US East_3': 50, 'D4pds_v5_US East_1': 50, 'D4pds_v5_US East_2': 50, 'D4pds_v5_US East_3': 50, 'D4plds_v5_US East_1': 50, 'D4plds_v5_US East_2': 50, 'D4plds_v5_US East_3': 50, 'D4pls_v5_US East_1': 50, 'D4pls_v5_US East_2': 50, 'D4pls_v5_US East_3': 50, 'D4ps_v5_US East_1': 50, 'D4ps_v5_US East_2': 50, 'D4ps_v5_US East_3': 50, 'D64ads_v6_US East_2': 50, 'D64alds_v6_US East_1': 50, 'D64als_v6_US East_1': 50, 'D64as_v6_US East_2': 50, 'D8ads_v6_US East_1': 50, 'D8ads_v6_US East_2': 50, 'D8alds_v6_US East_1': 50, 'D8alds_v6_US East_3': 50, 'D8als_v6_US East_1': 50, 'D8als_v6_US East_3': 50, 'D8as_v6_US East_2': 50, 'D8as_v6_US East_3': 50, 'D8plds_v5_US East_1': 50, 'D8plds_v5_US East_2': 50, 'D8plds_v5_US East_3': 50, 'D8pls_v5_US East_1': 50, 'D8pls_v5_US East_2': 50, 'D8pls_v5_US East_3': 50, 'D8ps_v5_US East_1': 50, 'D8ps_v5_US East_2': 50, 'D8ps_v5_US East_3': 50, 'D96ads_v6_US East_2': 50, 'D96alds_v6_US East_2': 50, 'D96als_v6_US East_2': 50, 'D96as_v6_US East_1': 50, 'DC1s_v2_US East_1': 50, 'E16ads_v6_US East_2': 50, 'E16ads_v6_US East_3': 50, 'E16as_v6_US East_2': 50, 'E16as_v6_US East_3': 50, 'E20ads_v6_US East_2': 50, 'E20ads_v6_US East_3': 50, 'E20as_v6_US East_2': 50, 'E20as_v6_US East_3': 50, 'E2ads_v6_US East_1': 50, 'E2ads_v6_US East_2': 50, 'E2ads_v6_US East_3': 50, 'E2as_v6_US East_1': 50, 'E2as_v6_US East_2': 50, 'E2as_v6_US East_3': 50, 'E2ps_v5_US East_1': 50, 'E2ps_v5_US East_2': 50, 'E2ps_v5_US East_3': 50, 'E32ads_v6_US East_1': 50, 'E32as_v6_US East_1': 50, 'E48ads_v6_US East_3': 50, 'E48as_v6_US East_3': 50, 'E4ads_v6_US East_2': 50, 'E4ads_v6_US East_3': 50, 'E4as_v6_US East_1': 50, 'E4as_v6_US East_2': 50, 'E4ps_v5_US East_1': 50, 'E4ps_v5_US East_2': 50, 'E4ps_v5_US East_3': 50, 'E64ads_v6_US East_3': 50, 'E64as_v6_US East_1': 50, 'E8ads_v6_US East_2': 50, 'E8ads_v6_US East_3': 50, 'E8as_v6_US East_1': 50, 'E8as_v6_US East_2': 50, 'E8ps_v5_US East_1': 50, 'E96ads_v6_US East_1': 50, 'E96as_v6_US East_1': 50, 'F16als_v6_US East_2': 50, 'F16als_v6_US East_3': 50, 'F16ams_v6_US East_1': 50, 'F16ams_v6_US East_2': 50, 'F16as_v6_US East_2': 50, 'F16as_v6_US East_3': 50, 'F2als_v6_US East_1': 50, 'F2als_v6_US East_2': 50, 'F2als_v6_US East_3': 50, 'F2ams_v6_US East_1': 50, 'F2ams_v6_US East_2': 50, 'F2ams_v6_US East_3': 50, 'F2as_v6_US East_1': 50, 'F2as_v6_US East_2': 50, 'F2as_v6_US East_3': 50, 'F32als_v6_US East_3': 50, 'F32ams_v6_US East_2': 50, 'F32as_v6_US East_3': 50, 'F48als_v6_US East_2': 50, 'F48ams_v6_US East_3': 50, 'F48as_v6_US East_3': 50, 'F4als_v6_US East_2': 50, 'F4als_v6_US East_3': 50, 'F4ams_v6_US East_2': 50, 'F4ams_v6_US East_3': 50, 'F4as_v6_US East_1': 50, 'F4as_v6_US East_2': 50, 'F64als_v6_US East_3': 50, 'F64ams_v6_US East_3': 50, 'F64as_v6_US East_3': 50, 'F8als_v6_US East_1': 50, 'F8als_v6_US East_2': 50, 'F8ams_v6_US East_2': 50, 'F8ams_v6_US East_3': 50, 'F8as_v6_US East_2': 50, 'F8as_v6_US East_3': 50, 'NV4as_v4_US East_1': 50, 'NV4as_v4_US East_2': 50, 'NV4as_v4_US East_3': 50, 'NV8as_v4_US East_1': 50, 'NV8as_v4_US East_2': 50, 'NV8as_v4_US East_3': 50}"
0.59,1766.1241,3834280873,2171014.411444813,124600,123600,"{'D16ads_v6_US East_2': 50, 'D16ads_v6_US East_3': 50, 'D16alds_v6_US East_1': 50, 'D16alds_v6_US East_3': 50, 'D16als_v6_US East_1': 50, 'D16als_v6_US East_2': 50, 'D16as_v6_US East_1': 50, 'D16as_v6_US East_3': 50, 'D16pds_v5_US East_3': 50, 'D16plds_v5_US East_2': 50, 'D16plds_v5_US East_3': 50, 'D16pls_v5_US East_2': 50, 'D16pls_v5_US East_3': 50, 'D16ps_v5_US East_2': 50, 'D2ads_v6_US East_1': 50, 'D2ads_v6_US East_2': 50, 'D2ads_v6_US East_3': 50, 'D2alds_v6_US East_1': 50, 'D2alds_v6_US East_2': 50, 'D2alds_v6_US East_3': 50, 'D2als_v6_US East_1': 50, 'D2als_v6_US East_2': 50, 'D2als_v6_US East_3': 50, 'D2as_v6_US East_1': 50, 'D2as_v6_US East_2': 50, 'D2as_v6_US East_3': 50, 'D2pds_v5_US East_1': 50, 'D2pds_v5_US East_2': 50, 'D2pds_v5_US East_3': 50, 'D2plds_v5_US East_1': 50, 'D2plds_v5_US East_2': 50, 'D2plds_v5_US East_3': 50, 'D2pls_v5_US East_1': 50, 'D2pls_v5_US East_2': 50, 'D2pls_v5_US East_3': 50, 'D2ps_v5_US East_1': 50, 'D2ps_v5_US East_2': 50, 'D2ps_v5_US East_3': 50, 'D32ads_v6_US East_1': 50, 'D32ads_v6_US East_3': 50, 'D32alds_v6_US East_1': 50, 'D32alds_v6_US East_2': 50, 'D32als_v6_US East_1': 50, 'D32als_v6_US East_2': 50, 'D32as_v6_US East_2': 50, 'D32as_v6_US East_3': 50, 'D32plds_v5_US East_2': 50, 'D32pls_v5_US East_2': 50, 'D48ads_v6_US East_2': 50, 'D48alds_v6_US East_3': 50, 'D48als_v6_US East_1': 50, 'D48als_v6_US East_2': 50, 'D4ads_v6_US East_1': 50, 'D4ads_v6_US East_2': 50, 'D4ads_v6_US East_3': 50, 'D4alds_v6_US East_1': 50, 'D4alds_v6_US East_2': 50, 'D4alds_v6_US East_3': 50, 'D4als_v6_US East_1': 50, 'D4als_v6_US East_2': 50, 'D4als_v6_US East_3': 50, 'D4as_v6_US East_1': 50, 'D4as_v6_US East_2': 50, 'D4as_v6_US East_3': 50, 'D4pds_v5_US East_1': 50, 'D4pds_v5_US East_2': 50, 'D4pds_v5_US East_3': 50, 'D4plds_v5_US East_1': 50, 'D4plds_v5_US East_2': 50, 'D4plds_v5_US East_3': 50, 'D4pls_v5_US East_1': 50, 'D4pls_v5_US East_2': 50, 'D4pls_v5_US East_3': 50, 'D4ps_v5_US East_1': 50, 'D4ps_v5_US East_2': 50, 'D4ps_v5_US East_3': 50, 'D64ads_v6_US East_2': 50, 'D64alds_v6_US East_1': 50, 'D64als_v6_US East_1': 50, 'D64as_v6_US East_2': 50, 'D8ads_v6_US East_1': 50, 'D8ads_v6_US East_2': 50, 'D8alds_v6_US East_1': 50, 'D8alds_v6_US East_3': 50, 'D8als_v6_US East_1': 50, 'D8als_v6_US East_3': 50, 'D8as_v6_US East_2': 50, 'D8as_v6_US East_3': 50, 'D8plds_v5_US East_1': 50, 'D8plds_v5_US East_2': 50, 'D8plds_v5_US East_3': 50, 'D8pls_v5_US East_1': 50, 'D8pls_v5_US East_2': 50, 'D8pls_v5_US East_3': 50, 'D8ps_v5_US East_1': 50, 'D8ps_v5_US East_2': 50, 'D8ps_v5_US East_3': 50, 'D96ads_v6_US East_2': 50, 'D96alds_v6_US East_2': 50, 'D96als_v6_US East_2': 50, 'D96as_v6_US East_1': 50, 'DC1s_v2_US East_1': 50, 'E16ads_v6_US East_2': 50, 'E16ads_v6_US East_3': 50, 'E16as_v6_US East_2': 50, 'E16as_v6_US East_3': 50, 'E20ads_v6_US East_2': 50, 'E20ads_v6_US East_3': 50, 'E20as_v6_US East_2': 50, 'E20as_v6_US East_3': 50, 'E2ads_v6_US East_1': 50, 'E2ads_v6_US East_2': 50, 'E2ads_v6_US East_3': 50, 'E2as_v6_US East_1': 50, 'E2as_v6_US East_2': 50, 'E2as_v6_US East_3': 50, 'E2ps_v5_US East_1': 50, 'E2ps_v5_US East_2': 50, 'E2ps_v5_US East_3': 50, 'E32ads_v6_US East_1': 50, 'E32as_v6_US East_1': 50, 'E48ads_v6_US East_3': 50, 'E48as_v6_US East_3': 50, 'E4ads_v6_US East_2': 50, 'E4ads_v6_US East_3': 50, 'E4as_v6_US East_1': 50, 'E4as_v6_US East_2': 50, 'E4ps_v5_US East_1': 50, 'E4ps_v5_US East_2': 50, 'E4ps_v5_US East_3': 50, 'E64ads_v6_US East_3': 50, 'E64as_v6_US East_1': 50, 'E8ads_v6_US East_2': 50, 'E8ads_v6_US East_3': 50, 'E8as_v6_US East_1': 50, 'E8as_v6_US East_2': 50, 'E8ps_v5_US East_1': 50, 'E96-48ads_v6_US East_1': 50, 'E96ads_v6_US East_1': 50, 'E96as_v6_US East_1': 50, 'F16als_v6_US East_2': 50, 'F16als_v6_US East_3': 50, 'F16ams_v6_US East_1': 50, 'F16ams_v6_US East_2': 50, 'F16as_v6_US East_2': 50, 'F16as_v6_US East_3': 50, 'F2als_v6_US East_1': 50, 'F2als_v6_US East_2': 50, 'F2als_v6_US East_3': 50, 'F2ams_v6_US East_1': 50, 'F2ams_v6_US East_2': 50, 'F2ams_v6_US East_3': 50, 'F2as_v6_US East_1': 50, 'F2as_v6_US East_2': 50, 'F2as_v6_US East_3': 50, 'F32als_v6_US East_3': 50, 'F32ams_v6_US East_2': 50, 'F32as_v6_US East_3': 50, 'F48als_v6_US East_2': 50, 'F48ams_v6_US East_3': 50, 'F48as_v6_US East_3': 50, 'F4als_v6_US East_2': 50, 'F4als_v6_US East_3': 50, 'F4ams_v6_US East_2': 50, 'F4ams_v6_US East_3': 50, 'F4as_v6_US East_1': 50, 'F4as_v6_US East_2': 50, 'F64als_v6_US East_3': 50, 'F64ams_v6_US East_3': 50, 'F64as_v6_US East_3': 50, 'F8als_v6_US East_1': 50, 'F8als_v6_US East_2': 50, 'F8ams_v6_US East_2': 50, 'F8ams_v6_US East_3': 50, 'F8as_v6_US East_2': 50, 'F8as_v6_US East_3': 50, 'NV4as_v4_US East_1': 50, 'NV4as_v4_US East_2': 50, 'NV4as_v4_US East_3': 50, 'NV8as_v4_US East_1': 50, 'NV8as_v4_US East_2': 50, 'NV8as_v4_US East_3': 50}"
0.6,1766.1241,3834280873,2171014.411444813,124600,123600,"{'D16ads_v6_US East_2': 50, 'D16ads_v6_US East_3': 50, 'D16alds_v6_US East_1': 50, 'D16alds_v6_US East_3': 50, 'D16als_v6_US East_1': 50, 'D16als_v6_US East_2': 50, 'D16as_v6_US East_1': 50, 'D16as_v6_US East_3': 50, 'D16pds_v5_US East_3': 50, 'D16plds_v5_US East_2': 50, 'D16plds_v5_US East_3': 50, 'D16pls_v5_US East_2': 50, 'D16pls_v5_US East_3': 50, 'D16ps_v5_US East_2': 50, 'D2ads_v6_US East_1': 50, 'D2ads_v6_US East_2': 50, 'D2ads_v6_US East_3': 50, 'D2alds_v6_US East_1': 50, 'D2alds_v6_US East_2': 50, 'D2alds_v6_US East_3': 50, 'D2als_v6_US East_1': 50, 'D2als_v6_US East_2': 50, 'D2als_v6_US East_3': 50, 'D2as_v6_US East_1': 50, 'D2as_v6_US East_2': 50, 'D2as_v6_US East_3': 50, 'D2pds_v5_US East_1': 50, 'D2pds_v5_US East_2': 50, 'D2pds_v5_US East_3': 50, 'D2plds_v5_US East_1': 50, 'D2plds_v5_US East_2': 50, 'D2plds_v5_US East_3': 50, 'D2pls_v5_US East_1': 50, 'D2pls_v5_US East_2': 50, 'D2pls_v5_US East_3': 50, 'D2ps_v5_US East_1': 50, 'D2ps_v5_US East_2': 50, 'D2ps_v5_US East_3': 50, 'D32ads_v6_US East_1': 50, 'D32ads_v6_US East_3': 50, 'D32alds_v6_US East_1': 50, 'D32alds_v6_US East_2': 50, 'D32als_v6_US East_1': 50, 'D32als_v6_US East_2': 50, 'D32as_v6_US East_2': 50, 'D32as_v6_US East_3': 50, 'D32plds_v5_US East_2': 50, 'D32pls_v5_US East_2': 50, 'D48ads_v6_US East_2': 50, 'D48alds_v6_US East_3': 50, 'D48als_v6_US East_1': 50, 'D48als_v6_US East_2': 50, 'D4ads_v6_US East_1': 50, 'D4ads_v6_US East_2': 50, 'D4ads_v6_US East_3': 50, 'D4alds_v6_US East_1': 50, 'D4alds_v6_US East_2': 50, 'D4alds_v6_US East_3': 50, 'D4als_v6_US East_1': 50, 'D4als_v6_US East_2': 50, 'D4als_v6_US East_3': 50, 'D4as_v6_US East_1': 50, 'D4as_v6_US East_2': 50, 'D4as_v6_US East_3': 50, 'D4pds_v5_US East_1': 50, 'D4pds_v5_US East_2': 50, 'D4pds_v5_US East_3': 50, 'D4plds_v5_US East_1': 50, 'D4plds_v5_US East_2': 50, 'D4plds_v5_US East_3': 50, 'D4pls_v5_US East_1': 50, 'D4pls_v5_US East_2': 50, 'D4pls_v5_US East_3': 50, 'D4ps_v5_US East_1': 50, 'D4ps_v5_US East_2': 50, 'D4ps_v5_US East_3': 50, 'D64ads_v6_US East_2': 50, 'D64alds_v6_US East_1': 50, 'D64als_v6_US East_1': 50, 'D64as_v6_US East_2': 50, 'D8ads_v6_US East_1': 50, 'D8ads_v6_US East_2': 50, 'D8alds_v6_US East_1': 50, 'D8alds_v6_US East_3': 50, 'D8als_v6_US East_1': 50, 'D8als_v6_US East_3': 50, 'D8as_v6_US East_2': 50, 'D8as_v6_US East_3': 50, 'D8plds_v5_US East_1': 50, 'D8plds_v5_US East_2': 50, 'D8plds_v5_US East_3': 50, 'D8pls_v5_US East_1': 50, 'D8pls_v5_US East_2': 50, 'D8pls_v5_US East_3': 50, 'D8ps_v5_US East_1': 50, 'D8ps_v5_US East_2': 50, 'D8ps_v5_US East_3': 50, 'D96ads_v6_US East_2': 50, 'D96alds_v6_US East_2': 50, 'D96als_v6_US East_2': 50, 'D96as_v6_US East_1': 50, 'DC1s_v2_US East_1': 50, 'E16ads_v6_US East_2': 50, 'E16ads_v6_US East_3': 50, 'E16as_v6_US East_2': 50, 'E16as_v6_US East_3': 50, 'E20ads_v6_US East_2': 50, 'E20ads_v6_US East_3': 50, 'E20as_v6_US East_2': 50, 'E20as_v6_US East_3': 50, 'E2ads_v6_US East_1': 50, 'E2ads_v6_US East_2': 50, 'E2ads_v6_US East_3': 50, 'E2as_v6_US East_1': 50, 'E2as_v6_US East_2': 50, 'E2as_v6_US East_3': 50, 'E2ps_v5_US East_1': 50, 'E2ps_v5_US East_2': 50, 'E2ps_v5_US East_3': 50, 'E32ads_v6_US East_1': 50, 'E32as_v6_US East_1': 50, 'E48ads_v6_US East_3': 50, 'E48as_v6_US East_3': 50, 'E4ads_v6_US East_2': 50, 'E4ads_v6_US East_3': 50, 'E4as_v6_US East_1': 50, 'E4as_v6_US East_2': 50, 'E4ps_v5_US East_1': 50, 'E4ps_v5_US East_2': 50, 'E4ps_v5_US East_3': 50, 'E64ads_v6_US East_3': 50, 'E64as_v6_US East_1': 50, 'E8ads_v6_US East_2': 50, 'E8ads_v6_US East_3': 50, 'E8as_v6_US East_1': 50, 'E8as_v6_US East_2': 50, 'E8ps_v5_US East_1': 50, 'E96-48ads_v6_US East_1': 50, 'E96ads_v6_US East_1': 50, 'E96as_v6_US East_1': 50, 'F16als_v6_US East_2': 50, 'F16als_v6_US East_3': 50, 'F16ams_v6_US East_1': 50, 'F16ams_v6_US East_2': 50, 'F16as_v6_US East_2': 50, 'F16as_v6_US East_3': 50, 'F2als_v6_US East_1': 50, 'F2als_v6_US East_2': 50, 'F2als_v6_US East_3': 50, 'F2ams_v6_US East_1': 50, 'F2ams_v6_US East_2': 50, 'F2ams_v6_US East_3': 50, 'F2as_v6_US East_1': 50, 'F2as_v6_US East_2': 50, 'F2as_v6_US East_3': 50, 'F32als_v6_US East_3': 50, 'F32ams_v6_US East_2': 50, 'F32as_v6_US East_3': 50, 'F48als_v6_US East_2': 50, 'F48ams_v6_US East_3': 50, 'F48as_v6_US East_3': 50, 'F4als_v6_US East_2': 50, 'F4als_v6_US East_3': 50, 'F4ams_v6_US East_2': 50, 'F4ams_v6_US East_3': 50, 'F4as_v6_US East_1': 50, 'F4as_v6_US East_2': 50, 'F64als_v6_US East_3': 50, 'F64ams_v6_US East_3': 50, 'F64as_v6_US East_3': 50, 'F8als_v6_US East_1': 50, 'F8als_v6_US East_2': 50, 'F8ams_v6_US East_2': 50, 'F8ams_v6_US East_3': 50, 'F8as_v6_US East_2': 50, 'F8as_v6_US East_3': 50, 'NV4as_v4_US East_1': 50, 'NV4as_v4_US East_2': 50, 'NV4as_v4_US East_3': 50, 'NV8as_v4_US East_1': 50, 'NV8as_v4_US East_2': 50, 'NV8as_v4_US East_3': 50}"
0.61,1766.1241,3834280873,2171014.411444813,124600,123600,"{'D16ads_v6_US East_2': 50, 'D16ads_v6_US East_3': 50, 'D16alds_v6_US East_1': 50, 'D16alds_v6_US East_3': 50, 'D16als_v6_US East_1': 50, 'D16als_v6_US East_2': 50, 'D16as_v6_US East_1': 50, 'D16as_v6_US East_3': 50, 'D16pds_v5_US East_3': 50, 'D16plds_v5_US East_2': 50, 'D16plds_v5_US East_3': 50, 'D16pls_v5_US East_2': 50, 'D16pls_v5_US East_3': 50, 'D16ps_v5_US East_2': 50, 'D2ads_v6_US East_1': 50, 'D2ads_v6_US East_2': 50, 'D2ads_v6_US East_3': 50, 'D2alds_v6_US East_1': 50, 'D2alds_v6_US East_2': 50, 'D2alds_v6_US East_3': 50, 'D2als_v6_US East_1': 50, 'D2als_v6_US East_2': 50, 'D2als_v6_US East_3': 50, 'D2as_v6_US East_1': 50, 'D2as_v6_US East_2': 50, 'D2as_v6_US East_3': 50, 'D2pds_v5_US East_1': 50, 'D2pds_v5_US East_2': 50, 'D2pds_v5_US East_3': 50, 'D2plds_v5_US East_1': 50, 'D2plds_v5_US East_2': 50, 'D2plds_v5_US East_3': 50, 'D2pls_v5_US East_1': 50, 'D2pls_v5_US East_2': 50, 'D2pls_v5_US East_3': 50, 'D2ps_v5_US East_1': 50, 'D2ps_v5_US East_2': 50, 'D2ps_v5_US East_3': 50, 'D32ads_v6_US East_1': 50, 'D32ads_v6_US East_3': 50, 'D32alds_v6_US East_1': 50, 'D32alds_v6_US East_2': 50, 'D32als_v6_US East_1': 50, 'D32als_v6_US East_2': 50, 'D32as_v6_US East_2': 50, 'D32as_v6_US East_3': 50, 'D32plds_v5_US East_2': 50, 'D32pls_v5_US East_2': 50, 'D48ads_v6_US East_2': 50, 'D48alds_v6_US East_3': 50, 'D48als_v6_US East_1': 50, 'D48als_v6_US East_2': 50, 'D4ads_v6_US East_1': 50, 'D4ads_v6_US East_2': 50, 'D4ads_v6_US East_3': 50, 'D4alds_v6_US East_1': 50, 'D4alds_v6_US East_2': 50, 'D4alds_v6_US East_3': 50, 'D4als_v6_US East_1': 50, 'D4als_v6_US East_2': 50, 'D4als_v6_US East_3': 50, 'D4as_v6_US East_1': 50, 'D4as_v6_US East_2': 50, 'D4as_v6_US East_3': 50, 'D4pds_v5_US East_1': 50, 'D4pds_v5_US East_2': 50, 'D4pds_v5_US East_3': 50, 'D4plds_v5_US East_1': 50, 'D4plds_v5_US East_2': 50, 'D4plds_v5_US East_3': 50, 'D4pls_v5_US East_1': 50, 'D4pls_v5_US East_2': 50, 'D4pls_v5_US East_3': 50, 'D4ps_v5_US East_1': 50, 'D4ps_v5_US East_2': 50, 'D4ps_v5_US East_3': 50, 'D64ads_v6_US East_2': 50, 'D64alds_v6_US East_1': 50, 'D64als_v6_US East_1': 50, 'D64as_v6_US East_2': 50, 'D8ads_v6_US East_1': 50, 'D8ads_v6_US East_2': 50, 'D8alds_v6_US East_1': 50, 'D8alds_v6_US East_3': 50, 'D8als_v6_US East_1': 50, 'D8als_v6_US East_3': 50, 'D8as_v6_US East_2': 50, 'D8as_v6_US East_3': 50, 'D8plds_v5_US East_1': 50, 'D8plds_v5_US East_2': 50, 'D8plds_v5_US East_3': 50, 'D8pls_v5_US East_1': 50, 'D8pls_v5_US East_2': 50, 'D8pls_v5_US East_3': 50, 'D8ps_v5_US East_1': 50, 'D8ps_v5_US East_2': 50, 'D8ps_v5_US East_3': 50, 'D96ads_v6_US East_2': 50, 'D96alds_v6_US East_2': 50, 'D96als_v6_US East_2': 50, 'D96as_v6_US East_1': 50, 'DC1s_v2_US East_1': 50, 'E16ads_v6_US East_2': 50, 'E16ads_v6_US East_3': 50, 'E16as_v6_US East_2': 50, 'E16as_v6_US East_3': 50, 'E20ads_v6_US East_2': 50, 'E20ads_v6_US East_3': 50, 'E20as_v6_US East_2': 50, 'E20as_v6_US East_3': 50, 'E2ads_v6_US East_1': 50, 'E2ads_v6_US East_2': 50, 'E2ads_v6_US East_3': 50, 'E2as_v6_US East_1': 50, 'E2as_v6_US East_2': 50, 'E2as_v6_US East_3': 50, 'E2ps_v5_US East_1': 50, 'E2ps_v5_US East_2': 50, 'E2ps_v5_US East_3': 50, 'E32ads_v6_US East_1': 50, 'E32as_v6_US East_1': 50, 'E48ads_v6_US East_3': 50, 'E48as_v6_US East_3': 50, 'E4ads_v6_US East_2': 50, 'E4ads_v6_US East_3': 50, 'E4as_v6_US East_1': 50, 'E4as_v6_US East_2': 50, 'E4ps_v5_US East_1': 50, 'E4ps_v5_US East_2': 50, 'E4ps_v5_US East_3': 50, 'E64ads_v6_US East_3': 50, 'E64as_v6_US East_1': 50, 'E8ads_v6_US East_2': 50, 'E8ads_v6_US East_3': 50, 'E8as_v6_US East_1': 50, 'E8as_v6_US East_2': 50, 'E8ps_v5_US East_1': 50, 'E96-48ads_v6_US East_1': 50, 'E96ads_v6_US East_1': 50, 'E96as_v6_US East_1': 50, 'F16als_v6_US East_2': 50, 'F16als_v6_US East_3': 50, 'F16ams_v6_US East_1': 50, 'F16ams_v6_US East_2': 50, 'F16as_v6_US East_2': 50, 'F16as_v6_US East_3': 50, 'F2als_v6_US East_1': 50, 'F2als_v6_US East_2': 50, 'F2als_v6_US East_3': 50, 'F2ams_v6_US East_1': 50, 'F2ams_v6_US East_2': 50, 'F2ams_v6_US East_3': 50, 'F2as_v6_US East_1': 50, 'F2as_v6_US East_2': 50, 'F2as_v6_US East_3': 50, 'F32als_v6_US East_3': 50, 'F32ams_v6_US East_2': 50, 'F32as_v6_US East_3': 50, 'F48als_v6_US East_2': 50, 'F48ams_v6_US East_3': 50, 'F48as_v6_US East_3': 50, 'F4als_v6_US East_2': 50, 'F4als_v6_US East_3': 50, 'F4ams_v6_US East_2': 50, 'F4ams_v6_US East_3': 50, 'F4as_v6_US East_1': 50, 'F4as_v6_US East_2': 50, 'F64als_v6_US East_3': 50, 'F64ams_v6_US East_3': 50, 'F64as_v6_US East_3': 50, 'F8als_v6_US East_1': 50, 'F8als_v6_US East_2': 50, 'F8ams_v6_US East_2': 50, 'F8ams_v6_US East_3': 50, 'F8as_v6_US East_2': 50, 'F8as_v6_US East_3': 50, 'NV4as_v4_US East_1': 50, 'NV4as_v4_US East_2': 50, 'NV4as_v4_US East_3': 50, 'NV8as_v4_US East_1': 50, 'NV8as_v4_US East_2': 50, 'NV8as_v4_US East_3': 50}"
0.62,1766.1241,3834280873,2171014.411444813,124600,123600,"{'D16ads_v6_US East_2': 50, 'D16ads_v6_US East_3': 50, 'D16alds_v6_US East_1': 50, 'D16alds_v6_US East_3': 50, 'D16als_v6_US East_1': 50, 'D16als_v6_US East_2': 50, 'D16as_v6_US East_1': 50, 'D16as_v6_US East_3': 50, 'D16pds_v5_US East_3': 50, 'D16plds_v5_US East_2': 50, 'D16plds_v5_US East_3': 50, 'D16pls_v5_US East_2': 50, 'D16pls_v5_US East_3': 50, 'D16ps_v5_US East_2': 50, 'D2ads_v6_US East_1': 50, 'D2ads_v6_US East_2': 50, 'D2ads_v6_US East_3': 50, 'D2alds_v6_US East_1': 50, 'D2alds_v6_US East_2': 50, 'D2alds_v6_US East_3': 50, 'D2als_v6_US East_1': 50, 'D2als_v6_US East_2': 50, 'D2als_v6_US East_3': 50, 'D2as_v6_US East_1': 50, 'D2as_v6_US East_2': 50, 'D2as_v6_US East_3': 50, 'D2pds_v5_US East_1': 50, 'D2pds_v5_US East_2': 50, 'D2pds_v5_US East_3': 50, 'D2plds_v5_US East_1': 50, 'D2plds_v5_US East_2': 50, 'D2plds_v5_US East_3': 50, 'D2pls_v5_US East_1': 50, 'D2pls_v5_US East_2': 50, 'D2pls_v5_US East_3': 50, 'D2ps_v5_US East_1': 50, 'D2ps_v5_US East_2': 50, 'D2ps_v5_US East_3': 50, 'D32ads_v6_US East_1': 50, 'D32ads_v6_US East_3': 50, 'D32alds_v6_US East_1': 50, 'D32alds_v6_US East_2': 50, 'D32als_v6_US East_1': 50, 'D32als_v6_US East_2': 50, 'D32as_v6_US East_2': 50, 'D32as_v6_US East_3': 50, 'D32plds_v5_US East_2': 50, 'D32pls_v5_US East_2': 50, 'D48ads_v6_US East_2': 50, 'D48alds_v6_US East_3': 50, 'D48als_v6_US East_1': 50, 'D48als_v6_US East_2': 50, 'D4ads_v6_US East_1': 50, 'D4ads_v6_US East_2': 50, 'D4ads_v6_US East_3': 50, 'D4alds_v6_US East_1': 50, 'D4alds_v6_US East_2': 50, 'D4alds_v6_US East_3': 50, 'D4als_v6_US East_1': 50, 'D4als_v6_US East_2': 50, 'D4als_v6_US East_3': 50, 'D4as_v6_US East_1': 50, 'D4as_v6_US East_2': 50, 'D4as_v6_US East_3': 50, 'D4pds_v5_US East_1': 50, 'D4pds_v5_US East_2': 50, 'D4pds_v5_US East_3': 50, 'D4plds_v5_US East_1': 50, 'D4plds_v5_US East_2': 50, 'D4plds_v5_US East_3': 50, 'D4pls_v5_US East_1': 50, 'D4pls_v5_US East_2': 50, 'D4pls_v5_US East_3': 50, 'D4ps_v5_US East_1': 50, 'D4ps_v5_US East_2': 50, 'D4ps_v5_US East_3': 50, 'D64ads_v6_US East_2': 50, 'D64alds_v6_US East_1': 50, 'D64als_v6_US East_1': 50, 'D64as_v6_US East_2': 50, 'D8ads_v6_US East_1': 50, 'D8ads_v6_US East_2': 50, 'D8alds_v6_US East_1': 50, 'D8alds_v6_US East_3': 50, 'D8als_v6_US East_1': 50, 'D8als_v6_US East_3': 50, 'D8as_v6_US East_2': 50, 'D8as_v6_US East_3': 50, 'D8plds_v5_US East_1': 50, 'D8plds_v5_US East_2': 50, 'D8plds_v5_US East_3': 50, 'D8pls_v5_US East_1': 50, 'D8pls_v5_US East_2': 50, 'D8pls_v5_US East_3': 50, 'D8ps_v5_US East_1': 50, 'D8ps_v5_US East_2': 50, 'D8ps_v5_US East_3': 50, 'D96ads_v6_US East_2': 50, 'D96alds_v6_US East_2': 50, 'D96als_v6_US East_2': 50, 'D96as_v6_US East_1': 50, 'DC1s_v2_US East_1': 50, 'E16ads_v6_US East_2': 50, 'E16ads_v6_US East_3': 50, 'E16as_v6_US East_2': 50, 'E16as_v6_US East_3': 50, 'E20ads_v6_US East_2': 50, 'E20ads_v6_US East_3': 50, 'E20as_v6_US East_2': 50, 'E20as_v6_US East_3': 50, 'E2ads_v6_US East_1': 50, 'E2ads_v6_US East_2': 50, 'E2ads_v6_US East_3': 50, 'E2as_v6_US East_1': 50, 'E2as_v6_US East_2': 50, 'E2as_v6_US East_3': 50, 'E2ps_v5_US East_1': 50, 'E2ps_v5_US East_2': 50, 'E2ps_v5_US East_3': 50, 'E32ads_v6_US East_1': 50, 'E32as_v6_US East_1': 50, 'E48ads_v6_US East_3': 50, 'E48as_v6_US East_3': 50, 'E4ads_v6_US East_2': 50, 'E4ads_v6_US East_3': 50, 'E4as_v6_US East_1': 50, 'E4as_v6_US East_2': 50, 'E4ps_v5_US East_1': 50, 'E4ps_v5_US East_2': 50, 'E4ps_v5_US East_3': 50, 'E64ads_v6_US East_3': 50, 'E64as_v6_US East_1': 50, 'E8ads_v6_US East_2': 50, 'E8ads_v6_US East_3': 50, 'E8as_v6_US East_1': 50, 'E8as_v6_US East_2': 50, 'E8ps_v5_US East_1': 50, 'E96-48ads_v6_US East_1': 50, 'E96ads_v6_US East_1': 50, 'E96as_v6_US East_1': 50, 'F16als_v6_US East_2': 50, 'F16als_v6_US East_3': 50, 'F16ams_v6_US East_1': 50, 'F16ams_v6_US East_2': 50, 'F16as_v6_US East_2': 50, 'F16as_v6_US East_3': 50, 'F2als_v6_US East_1': 50, 'F2als_v6_US East_2': 50, 'F2als_v6_US East_3': 50, 'F2ams_v6_US East_1': 50, 'F2ams_v6_US East_2': 50, 'F2ams_v6_US East_3': 50, 'F2as_v6_US East_1': 50, 'F2as_v6_US East_2': 50, 'F2as_v6_US East_3': 50, 'F32als_v6_US East_3': 50, 'F32ams_v6_US East_2': 50, 'F32as_v6_US East_3': 50, 'F48als_v6_US East_2': 50, 'F48ams_v6_US East_3': 50, 'F48as_v6_US East_3': 50, 'F4als_v6_US East_2': 50, 'F4als_v6_US East_3': 50, 'F4ams_v6_US East_2': 50, 'F4ams_v6_US East_3': 50, 'F4as_v6_US East_1': 50, 'F4as_v6_US East_2': 50, 'F64als_v6_US East_3': 50, 'F64ams_v6_US East_3': 50, 'F64as_v6_US East_3': 50, 'F8als_v6_US East_1': 50, 'F8als_v6_US East_2': 50, 'F8ams_v6_US East_2': 50, 'F8ams_v6_US East_3': 50, 'F8as_v6_US East_2': 50, 'F8as_v6_US East_3': 50, 'NV4as_v4_US East_1': 50, 'NV4as_v4_US East_2': 50, 'NV4as_v4_US East_3': 50, 'NV8as_v4_US East_1': 50, 'NV8as_v4_US East_2': 50, 'NV8as_v4_US East_3': 50}"
0.63,1780.3537,3847446361,2161057.300861059,125200,124200,"{'D16ads_v6_US East_2': 50, 'D16ads_v6_US East_3': 50, 'D16alds_v6_US East_1': 50, 'D16alds_v6_US East_3': 50, 'D16als_v6_US East_1': 50, 'D16als_v6_US East_2': 50, 'D16as_v6_US East_1': 50, 'D16as_v6_US East_3': 50, 'D16pds_v5_US East_3': 50, 'D16plds_v5_US East_2': 50, 'D16plds_v5_US East_3': 50, 'D16pls_v5_US East_2': 50, 'D16pls_v5_US East_3': 50, 'D16ps_v5_US East_2': 50, 'D2ads_v6_US East_1': 50, 'D2ads_v6_US East_2': 50, 'D2ads_v6_US East_3': 50, 'D2alds_v6_US East_1': 50, 'D2alds_v6_US East_2': 50, 'D2alds_v6_US East_3': 50, 'D2als_v6_US East_1': 50, 'D2als_v6_US East_2': 50, 'D2als_v6_US East_3': 50, 'D2as_v6_US East_1': 50, 'D2as_v6_US East_2': 50, 'D2as_v6_US East_3': 50, 'D2pds_v5_US East_1': 50, 'D2pds_v5_US East_2': 50, 'D2pds_v5_US East_3': 50, 'D2plds_v5_US East_1': 50, 'D2plds_v5_US East_2': 50, 'D2plds_v5_US East_3': 50, 'D2pls_v5_US East_1': 50, 'D2pls_v5_US East_2': 50, 'D2pls_v5_US East_3': 50, 'D2ps_v5_US East_1': 50, 'D2ps_v5_US East_2': 50, 'D2ps_v5_US East_3': 50, 'D32ads_v6_US East_1': 50, 'D32ads_v6_US East_3': 50, 'D32alds_v6_US East_1': 50, 'D32alds_v6_US East_2': 50, 'D32als_v6_US East_1': 50, 'D32als_v6_US East_2': 50, 'D32as_v6_US East_2': 50, 'D32as_v6_US East_3': 50, 'D32plds_v5_US East_2': 50, 'D32pls_v5_US East_2': 50, 'D48ads_v6_US East_2': 50, 'D48alds_v6_US East_3': 50, 'D48als_v6_US East_1': 50, 'D48als_v6_US East_2': 50, 'D4ads_v6_US East_1': 50, 'D4ads_v6_US East_2': 50, 'D4ads_v6_US East_3': 50, 'D4alds_v6_US East_1': 50, 'D4alds_v6_US East_2': 50, 'D4alds_v6_US East_3': 50, 'D4als_v6_US East_1': 50, 'D4als_v6_US East_2': 50, 'D4als_v6_US East_3': 50, 'D4as_v6_US East_1': 50, 'D4as_v6_US East_2': 50, 'D4as_v6_US East_3': 50, 'D4pds_v5_US East_1': 50, 'D4pds_v5_US East_2': 50, 'D4pds_v5_US East_3': 50, 'D4plds_v5_US East_1': 50, 'D4plds_v5_US East_2': 50, 'D4plds_v5_US East_3': 50, 'D4pls_v5_US East_1': 50, 'D4pls_v5_US East_2': 50, 'D4pls_v5_US East_3': 50, 'D4ps_v5_US East_1': 50, 'D4ps_v5_US East_2': 50, 'D4ps_v5_US East_3': 50, 'D64ads_v6_US East_2': 50, 'D64alds_v6_US East_1': 50, 'D64als_v6_US East_1': 50, 'D64as_v6_US East_2': 50, 'D8ads_v6_US East_1': 50, 'D8ads_v6_US East_2': 50, 'D8alds_v6_US East_1': 50, 'D8alds_v6_US East_3': 50, 'D8als_v6_US East_1': 50, 'D8als_v6_US East_3': 50, 'D8as_v6_US East_2': 50, 'D8as_v6_US East_3': 50, 'D8plds_v5_US East_1': 50, 'D8plds_v5_US East_2': 50, 'D8plds_v5_US East_3': 50, 'D8pls_v5_US East_1': 50, 'D8pls_v5_US East_2': 50, 'D8pls_v5_US East_3': 50, 'D8ps_v5_US East_1': 50, 'D8ps_v5_US East_2': 50, 'D8ps_v5_US East_3': 50, 'D96ads_v6_US East_2': 50, 'D96alds_v6_US East_2': 50, 'D96als_v6_US East_2': 50, 'D96as_v6_US East_1': 50, 'DC1s_v2_US East_1': 50, 'E16ads_v6_US East_2': 50, 'E16ads_v6_US East_3': 50, 'E16as_v6_US East_2': 50, 'E16as_v6_US East_3': 50, 'E20ads_v6_US East_2': 50, 'E20ads_v6_US East_3': 50, 'E20as_v6_US East_2': 50, 'E20as_v6_US East_3': 50, 'E2ads_v6_US East_1': 50, 'E2ads_v6_US East_2': 50, 'E2ads_v6_US East_3': 50, 'E2as_v6_US East_1': 50, 'E2as_v6_US East_2': 50, 'E2as_v6_US East_3': 50, 'E2ps_v5_US East_1': 50, 'E2ps_v5_US East_2': 50, 'E2ps_v5_US East_3': 50, 'E32ads_v6_US East_1': 50, 'E32as_v6_US East_1': 50, 'E48ads_v6_US East_3': 50, 'E48as_v6_US East_3': 50, 'E4ads_v6_US East_2': 50, 'E4ads_v6_US East_3': 50, 'E4as_v6_US East_1': 50, 'E4as_v6_US East_2': 50, 'E4ps_v5_US East_1': 50, 'E4ps_v5_US East_2': 50, 'E4ps_v5_US East_3': 50, 'E64ads_v6_US East_3': 50, 'E64as_v6_US East_1': 50, 'E8ads_v6_US East_2': 50, 'E8ads_v6_US East_3': 50, 'E8as_v6_US East_1': 50, 'E8as_v6_US East_2': 50, 'E8ps_v5_US East_1': 50, 'E96-48ads_v6_US East_1': 50, 'E96ads_v6_US East_1': 50, 'E96as_v6_US East_1': 50, 'F16als_v6_US East_2': 50, 'F16als_v6_US East_3': 50, 'F16ams_v6_US East_1': 50, 'F16ams_v6_US East_2': 50, 'F16as_v6_US East_2': 50, 'F16as_v6_US East_3': 50, 'F2als_v6_US East_1': 50, 'F2als_v6_US East_2': 50, 'F2als_v6_US East_3': 50, 'F2ams_v6_US East_1': 50, 'F2ams_v6_US East_2': 50, 'F2ams_v6_US East_3': 50, 'F2as_v6_US East_1': 50, 'F2as_v6_US East_2': 50, 'F2as_v6_US East_3': 50, 'F32als_v6_US East_3': 50, 'F32ams_v6_US East_2': 50, 'F32as_v6_US East_3': 50, 'F48als_v6_US East_2': 50, 'F48ams_v6_US East_3': 50, 'F48as_v6_US East_3': 50, 'F4als_v6_US East_2': 50, 'F4als_v6_US East_3': 50, 'F4ams_v6_US East_2': 50, 'F4ams_v6_US East_3': 50, 'F4as_v6_US East_1': 50, 'F4as_v6_US East_2': 50, 'F64als_v6_US East_3': 50, 'F64ams_v6_US East_3': 50, 'F64as_v6_US East_3': 50, 'F8als_v6_US East_1': 50, 'F8als_v6_US East_2': 50, 'F8ams_v6_US East_2': 50, 'F8ams_v6_US East_3': 50, 'F8as_v6_US East_2': 50, 'F8as_v6_US East_3': 50, 'M12s_v3_US East_3': 50, 'NV4as_v4_US East_1': 50, 'NV4as_v4_US East_2': 50, 'NV4as_v4_US East_3': 50, 'NV8as_v4_US East_1': 50, 'NV8as_v4_US East_2': 50, 'NV8as_v4_US East_3': 50}"
0.64,1780.3537,3847446361,2161057.300861059,125200,124200,"{'D16ads_v6_US East_2': 50, 'D16ads_v6_US East_3': 50, 'D16alds_v6_US East_1': 50, 'D16alds_v6_US East_3': 50, 'D16als_v6_US East_1': 50, 'D16als_v6_US East_2': 50, 'D16as_v6_US East_1': 50, 'D16as_v6_US East_3': 50, 'D16pds_v5_US East_3': 50, 'D16plds_v5_US East_2': 50, 'D16plds_v5_US East_3': 50, 'D16pls_v5_US East_2': 50, 'D16pls_v5_US East_3': 50, 'D16ps_v5_US East_2': 50, 'D2ads_v6_US East_1': 50, 'D2ads_v6_US East_2': 50, 'D2ads_v6_US East_3': 50, 'D2alds_v6_US East_1': 50, 'D2alds_v6_US East_2': 50, 'D2alds_v6_US East_3': 50, 'D2als_v6_US East_1': 50, 'D2als_v6_US East_2': 50, 'D2als_v6_US East_3': 50, 'D2as_v6_US East_1': 50, 'D2as_v6_US East_2': 50, 'D2as_v6_US East_3': 50, 'D2pds_v5_US East_1': 50, 'D2pds_v5_US East_2': 50, 'D2pds_v5_US East_3': 50, 'D2plds_v5_US East_1': 50, 'D2plds_v5_US East_2': 50, 'D2plds_v5_US East_3': 50, 'D2pls_v5_US East_1': 50, 'D2pls_v5_US East_2': 50, 'D2pls_v5_US East_3': 50, 'D2ps_v5_US East_1': 50, 'D2ps_v5_US East_2': 50, 'D2ps_v5_US East_3': 50, 'D32ads_v6_US East_1': 50, 'D32ads_v6_US East_3': 50, 'D32alds_v6_US East_1': 50, 'D32alds_v6_US East_2': 50, 'D32als_v6_US East_1': 50, 'D32als_v6_US East_2': 50, 'D32as_v6_US East_2': 50, 'D32as_v6_US East_3': 50, 'D32plds_v5_US East_2': 50, 'D32pls_v5_US East_2': 50, 'D48ads_v6_US East_2': 50, 'D48alds_v6_US East_3': 50, 'D48als_v6_US East_1': 50, 'D48als_v6_US East_2': 50, 'D4ads_v6_US East_1': 50, 'D4ads_v6_US East_2': 50, 'D4ads_v6_US East_3': 50, 'D4alds_v6_US East_1': 50, 'D4alds_v6_US East_2': 50, 'D4alds_v6_US East_3': 50, 'D4als_v6_US East_1': 50, 'D4als_v6_US East_2': 50, 'D4als_v6_US East_3': 50, 'D4as_v6_US East_1': 50, 'D4as_v6_US East_2': 50, 'D4as_v6_US East_3': 50, 'D4pds_v5_US East_1': 50, 'D4pds_v5_US East_2': 50, 'D4pds_v5_US East_3': 50, 'D4plds_v5_US East_1': 50, 'D4plds_v5_US East_2': 50, 'D4plds_v5_US East_3': 50, 'D4pls_v5_US East_1': 50, 'D4pls_v5_US East_2': 50, 'D4pls_v5_US East_3': 50, 'D4ps_v5_US East_1': 50, 'D4ps_v5_US East_2': 50, 'D4ps_v5_US East_3': 50, 'D64ads_v6_US East_2': 50, 'D64alds_v6_US East_1': 50, 'D64als_v6_US East_1': 50, 'D64as_v6_US East_2': 50, 'D8ads_v6_US East_1': 50, 'D8ads_v6_US East_2': 50, 'D8alds_v6_US East_1': 50, 'D8alds_v6_US East_3': 50, 'D8als_v6_US East_1': 50, 'D8als_v6_US East_3': 50, 'D8as_v6_US East_2': 50, 'D8as_v6_US East_3': 50, 'D8plds_v5_US East_1': 50, 'D8plds_v5_US East_2': 50, 'D8plds_v5_US East_3': 50, 'D8pls_v5_US East_1': 50, 'D8pls_v5_US East_2': 50, 'D8pls_v5_US East_3': 50, 'D8ps_v5_US East_1': 50, 'D8ps_v5_US East_2': 50, 'D8ps_v5_US East_3': 50, 'D96ads_v6_US East_2': 50, 'D96alds_v6_US East_2': 50, 'D96als_v6_US East_2': 50, 'D96as_v6_US East_1': 50, 'DC1s_v2_US East_1': 50, 'E16ads_v6_US East_2': 50, 'E16ads_v6_US East_3': 50, 'E16as_v6_US East_2': 50, 'E16as_v6_US East_3': 50, 'E20ads_v6_US East_2': 50, 'E20ads_v6_US East_3': 50, 'E20as_v6_US East_2': 50, 'E20as_v6_US East_3': 50, 'E2ads_v6_US East_1': 50, 'E2ads_v6_US East_2': 50, 'E2ads_v6_US East_3': 50, 'E2as_v6_US East_1': 50, 'E2as_v6_US East_2': 50, 'E2as_v6_US East_3': 50, 'E2ps_v5_US East_1': 50, 'E2ps_v5_US East_2': 50, 'E2ps_v5_US East_3': 50, 'E32ads_v6_US East_1': 50, 'E32as_v6_US East_1': 50, 'E48ads_v6_US East_3': 50, 'E48as_v6_US East_3': 50, 'E4ads_v6_US East_2': 50, 'E4ads_v6_US East_3': 50, 'E4as_v6_US East_1': 50, 'E4as_v6_US East_2': 50, 'E4ps_v5_US East_1': 50, 'E4ps_v5_US East_2': 50, 'E4ps_v5_US East_3': 50, 'E64ads_v6_US East_3': 50, 'E64as_v6_US East_1': 50, 'E8ads_v6_US East_2': 50, 'E8ads_v6_US East_3': 50, 'E8as_v6_US East_1': 50, 'E8as_v6_US East_2': 50, 'E8ps_v5_US East_1': 50, 'E96-48ads_v6_US East_1': 50, 'E96ads_v6_US East_1': 50, 'E96as_v6_US East_1': 50, 'F16als_v6_US East_2': 50, 'F16als_v6_US East_3': 50, 'F16ams_v6_US East_1': 50, 'F16ams_v6_US East_2': 50, 'F16as_v6_US East_2': 50, 'F16as_v6_US East_3': 50, 'F2als_v6_US East_1': 50, 'F2als_v6_US East_2': 50, 'F2als_v6_US East_3': 50, 'F2ams_v6_US East_1': 50, 'F2ams_v6_US East_2': 50, 'F2ams_v6_US East_3': 50, 'F2as_v6_US East_1': 50, 'F2as_v6_US East_2': 50, 'F2as_v6_US East_3': 50, 'F32als_v6_US East_3': 50, 'F32ams_v6_US East_2': 50, 'F32as_v6_US East_3': 50, 'F48als_v6_US East_2': 50, 'F48ams_v6_US East_3': 50, 'F48as_v6_US East_3': 50, 'F4als_v6_US East_2': 50, 'F4als_v6_US East_3': 50, 'F4ams_v6_US East_2': 50, 'F4ams_v6_US East_3': 50, 'F4as_v6_US East_1': 50, 'F4as_v6_US East_2': 50, 'F64als_v6_US East_3': 50, 'F64ams_v6_US East_3': 50, 'F64as_v6_US East_3': 50, 'F8als_v6_US East_1': 50, 'F8als_v6_US East_2': 50, 'F8ams_v6_US East_2': 50, 'F8ams_v6_US East_3': 50, 'F8as_v6_US East_2': 50, 'F8as_v6_US East_3': 50, 'M12s_v3_US East_3': 50, 'NV4as_v4_US East_1': 50, 'NV4as_v4_US East_2': 50, 'NV4as_v4_US East_3': 50, 'NV8as_v4_US East_1': 50, 'NV8as_v4_US East_2': 50, 'NV8as_v4_US East_3': 50}"
0.65,1870.453,3925979593,2098945.8668568525,130600,129600,"{'D16ads_v6_US East_2': 50, 'D16ads_v6_US East_3': 50, 'D16alds_v6_US East_1': 50, 'D16alds_v6_US East_3': 50, 'D16als_v6_US East_1': 50, 'D16als_v6_US East_2': 50, 'D16as_v6_US East_1': 50, 'D16as_v6_US East_3': 50, 'D16pds_v5_US East_3': 50, 'D16plds_v5_US East_2': 50, 'D16plds_v5_US East_3': 50, 'D16pls_v5_US East_2': 50, 'D16pls_v5_US East_3': 50, 'D16ps_v5_US East_2': 50, 'D2ads_v6_US East_1': 50, 'D2ads_v6_US East_2': 50, 'D2ads_v6_US East_3': 50, 'D2alds_v6_US East_1': 50, 'D2alds_v6_US East_2': 50, 'D2alds_v6_US East_3': 50, 'D2als_v6_US East_1': 50, 'D2als_v6_US East_2': 50, 'D2als_v6_US East_3': 50, 'D2as_v6_US East_1': 50, 'D2as_v6_US East_2': 50, 'D2as_v6_US East_3': 50, 'D2pds_v5_US East_1': 50, 'D2pds_v5_US East_2': 50, 'D2pds_v5_US East_3': 50, 'D2plds_v5_US East_1': 50, 'D2plds_v5_US East_2': 50, 'D2plds_v5_US East_3': 50, 'D2pls_v5_US East_1': 50, 'D2pls_v5_US East_2': 50, 'D2pls_v5_US East_3': 50, 'D2ps_v5_US East_1': 50, 'D2ps_v5_US East_2': 50, 'D2ps_v5_US East_3': 50, 'D32ads_v6_US East_1': 50, 'D32ads_v6_US East_3': 50, 'D32alds_v6_US East_1': 50, 'D32alds_v6_US East_2': 50, 'D32als_v6_US East_1': 50, 'D32als_v6_US East_2': 50, 'D32as_v6_US East_2': 50, 'D32as_v6_US East_3': 50, 'D32plds_v5_US East_2': 50, 'D32pls_v5_US East_2': 50, 'D48ads_v6_US East_2': 50, 'D48alds_v6_US East_3': 50, 'D48als_v6_US East_1': 50, 'D48als_v6_US East_2': 50, 'D4ads_v6_US East_1': 50, 'D4ads_v6_US East_2': 50, 'D4ads_v6_US East_3': 50, 'D4alds_v6_US East_1': 50, 'D4alds_v6_US East_2': 50, 'D4alds_v6_US East_3': 50, 'D4als_v6_US East_1': 50, 'D4als_v6_US East_2': 50, 'D4als_v6_US East_3': 50, 'D4as_v6_US East_1': 50, 'D4as_v6_US East_2': 50, 'D4as_v6_US East_3': 50, 'D4pds_v5_US East_1': 50, 'D4pds_v5_US East_2': 50, 'D4pds_v5_US East_3': 50, 'D4plds_v5_US East_1': 50, 'D4plds_v5_US East_2': 50, 'D4plds_v5_US East_3': 50, 'D4pls_v5_US East_1': 50, 'D4pls_v5_US East_2': 50, 'D4pls_v5_US East_3': 50, 'D4ps_v5_US East_1': 50, 'D4ps_v5_US East_2': 50, 'D4ps_v5_US East_3': 50, 'D64ads_v6_US East_2': 50, 'D64alds_v6_US East_1': 50, 'D64als_v6_US East_1': 50, 'D64as_v6_US East_2': 50, 'D8ads_v6_US East_1': 50, 'D8ads_v6_US East_2': 50, 'D8alds_v6_US East_1': 50, 'D8alds_v6_US East_3': 50, 'D8als_v6_US East_1': 50, 'D8als_v6_US East_3': 50, 'D8as_v6_US East_2': 50, 'D8as_v6_US East_3': 50, 'D8plds_v5_US East_1': 50, 'D8plds_v5_US East_2': 50, 'D8plds_v5_US East_3': 50, 'D8pls_v5_US East_1': 50, 'D8pls_v5_US East_2': 50, 'D8pls_v5_US East_3': 50, 'D8ps_v5_US East_1': 50, 'D8ps_v5_US East_2': 50, 'D8ps_v5_US East_3': 50, 'D96ads_v6_US East_2': 50, 'D96alds_v6_US East_2': 50, 'D96als_v6_US East_2': 50, 'D96as_v6_US East_1': 50, 'DC1s_v2_US East_1': 50, 'E16ads_v6_US East_2': 50, 'E16ads_v6_US East_3': 50, 'E16as_v6_US East_2': 50, 'E16as_v6_US East_3': 50, 'E20ads_v6_US East_2': 50, 'E20ads_v6_US East_3': 50, 'E20as_v6_US East_2': 50, 'E20as_v6_US East_3': 50, 'E2ads_v6_US East_1': 50, 'E2ads_v6_US East_2': 50, 'E2ads_v6_US East_3': 50, 'E2as_v6_US East_1': 50, 'E2as_v6_US East_2': 50, 'E2as_v6_US East_3': 50, 'E2ps_v5_US East_1': 50, 'E2ps_v5_US East_2': 50, 'E2ps_v5_US East_3': 50, 'E32ads_v6_US East_1': 50, 'E32as_v6_US East_1': 50, 'E48ads_v6_US East_3': 50, 'E48as_v6_US East_3': 50, 'E4ads_v6_US East_2': 50, 'E4ads_v6_US East_3': 50, 'E4as_v6_US East_1': 50, 'E4as_v6_US East_2': 50, 'E4ps_v5_US East_1': 50, 'E4ps_v5_US East_2': 50, 'E4ps_v5_US East_3': 50, 'E64ads_v6_US East_3': 50, 'E64as_v6_US East_1': 50, 'E8ads_v6_US East_2': 50, 'E8ads_v6_US East_3': 50, 'E8as_v6_US East_1': 50, 'E8as_v6_US East_2': 50, 'E8ps_v5_US East_1': 50, 'E96-48ads_v6_US East_1': 50, 'E96ads_v6_US East_1': 50, 'E96as_v6_US East_1': 50, 'F16als_v6_US East_2': 50, 'F16als_v6_US East_3': 50, 'F16ams_v6_US East_1': 50, 'F16ams_v6_US East_2': 50, 'F16as_v6_US East_2': 50, 'F16as_v6_US East_3': 50, 'F2als_v6_US East_1': 50, 'F2als_v6_US East_2': 50, 'F2als_v6_US East_3': 50, 'F2ams_v6_US East_1': 50, 'F2ams_v6_US East_2': 50, 'F2ams_v6_US East_3': 50, 'F2as_v6_US East_1': 50, 'F2as_v6_US East_2': 50, 'F2as_v6_US East_3': 50, 'F32als_v6_US East_3': 50, 'F32ams_v6_US East_2': 50, 'F32as_v6_US East_3': 50, 'F48als_v6_US East_2': 50, 'F48ams_v6_US East_3': 50, 'F48as_v6_US East_3': 50, 'F4als_v6_US East_2': 50, 'F4als_v6_US East_3': 50, 'F4ams_v6_US East_2': 50, 'F4ams_v6_US East_3': 50, 'F4as_v6_US East_1': 50, 'F4as_v6_US East_2': 50, 'F64als_v6_US East_3': 50, 'F64ams_v6_US East_3': 50, 'F64as_v6_US East_3': 50, 'F8als_v6_US East_1': 50, 'F8als_v6_US East_2': 50, 'F8ams_v6_US East_2': 50, 'F8ams_v6_US East_3': 50, 'F8as_v6_US East_2': 50, 'F8as_v6_US East_3': 50, 'M12ds_v3_US East_2': 50, 'M12s_v3_US East_3': 50, 'M32ts_US East_1': 50, 'M32ts_US East_2': 50, 'M32ts_US East_3': 50, 'NV4as_v4_US East_1': 50, 'NV4as_v4_US East_2': 50, 'NV4as_v4_US East_3': 50, 'NV8as_v4_US East_1': 50, 'NV8as_v4_US East_2': 50, 'NV8as_v4_US East_3': 50}"
0.66,2009.7736499999999,4039816873,2010085.500673173,138600,137600,"{'D16ads_v6_US East_2': 50, 'D16ads_v6_US East_3': 50, 'D16alds_v6_US East_1': 50, 'D16alds_v6_US East_3': 50, 'D16als_v6_US East_1': 50, 'D16als_v6_US East_2': 50, 'D16as_v6_US East_1': 50, 'D16as_v6_US East_3': 50, 'D16pds_v5_US East_3': 50, 'D16plds_v5_US East_2': 50, 'D16plds_v5_US East_3': 50, 'D16pls_v5_US East_2': 50, 'D16pls_v5_US East_3': 50, 'D16ps_v5_US East_2': 50, 'D2ads_v6_US East_1': 50, 'D2ads_v6_US East_2': 50, 'D2ads_v6_US East_3': 50, 'D2alds_v6_US East_1': 50, 'D2alds_v6_US East_2': 50, 'D2alds_v6_US East_3': 50, 'D2als_v6_US East_1': 50, 'D2als_v6_US East_2': 50, 'D2als_v6_US East_3': 50, 'D2as_v6_US East_1': 50, 'D2as_v6_US East_2': 50, 'D2as_v6_US East_3': 50, 'D2pds_v5_US East_1': 50, 'D2pds_v5_US East_2': 50, 'D2pds_v5_US East_3': 50, 'D2plds_v5_US East_1': 50, 'D2plds_v5_US East_2': 50, 'D2plds_v5_US East_3': 50, 'D2pls_v5_US East_1': 50, 'D2pls_v5_US East_2': 50, 'D2pls_v5_US East_3': 50, 'D2ps_v5_US East_1': 50, 'D2ps_v5_US East_2': 50, 'D2ps_v5_US East_3': 50, 'D32ads_v6_US East_1': 50, 'D32ads_v6_US East_3': 50, 'D32alds_v6_US East_1': 50, 'D32alds_v6_US East_2': 50, 'D32als_v6_US East_1': 50, 'D32als_v6_US East_2': 50, 'D32as_v6_US East_2': 50, 'D32as_v6_US East_3': 50, 'D32plds_v5_US East_2': 50, 'D32pls_v5_US East_2': 50, 'D48ads_v6_US East_2': 50, 'D48alds_v6_US East_3': 50, 'D48als_v6_US East_1': 50, 'D48als_v6_US East_2': 50, 'D4ads_v6_US East_1': 50, 'D4ads_v6_US East_2': 50, 'D4ads_v6_US East_3': 50, 'D4alds_v6_US East_1': 50, 'D4alds_v6_US East_2': 50, 'D4alds_v6_US East_3': 50, 'D4als_v6_US East_1': 50, 'D4als_v6_US East_2': 50, 'D4als_v6_US East_3': 50, 'D4as_v6_US East_1': 50, 'D4as_v6_US East_2': 50, 'D4as_v6_US East_3': 50, 'D4pds_v5_US East_1': 50, 'D4pds_v5_US East_2': 50, 'D4pds_v5_US East_3': 50, 'D4plds_v5_US East_1': 50, 'D4plds_v5_US East_2': 50, 'D4plds_v5_US East_3': 50, 'D4pls_v5_US East_1': 50, 'D4pls_v5_US East_2': 50, 'D4pls_v5_US East_3': 50, 'D4ps_v5_US East_1': 50, 'D4ps_v5_US East_2': 50, 'D4ps_v5_US East_3': 50, 'D64ads_v6_US East_2': 50, 'D64alds_v6_US East_1': 50, 'D64als_v6_US East_1': 50, 'D64as_v6_US East_2': 50, 'D8ads_v6_US East_1': 50, 'D8ads_v6_US East_2': 50, 'D8alds_v6_US East_1': 50, 'D8alds_v6_US East_3': 50, 'D8als_v6_US East_1': 50, 'D8als_v6_US East_3': 50, 'D8as_v6_US East_2': 50, 'D8as_v6_US East_3': 50, 'D8plds_v5_US East_1': 50, 'D8plds_v5_US East_2': 50, 'D8plds_v5_US East_3': 50, 'D8pls_v5_US East_1': 50, 'D8pls_v5_US East_2': 50, 'D8pls_v5_US East_3': 50, 'D8ps_v5_US East_1': 50, 'D8ps_v5_US East_2': 50, 'D8ps_v5_US East_3': 50, 'D96ads_v6_US East_2': 50, 'D96alds_v6_US East_2': 50, 'D96als_v6_US East_2': 50, 'D96as_v6_US East_1': 50, 'DC1s_v2_US East_1': 50, 'E16ads_v6_US East_2': 50, 'E16ads_v6_US East_3': 50, 'E16as_v6_US East_2': 50, 'E16as_v6_US East_3': 50, 'E20ads_v6_US East_2': 50, 'E20ads_v6_US East_3': 50, 'E20as_v6_US East_2': 50, 'E20as_v6_US East_3': 50, 'E2ads_v6_US East_1': 50, 'E2ads_v6_US East_2': 50, 'E2ads_v6_US East_3': 50, 'E2as_v6_US East_1': 50, 'E2as_v6_US East_2': 50, 'E2as_v6_US East_3': 50, 'E2ps_v5_US East_1': 50, 'E2ps_v5_US East_2': 50, 'E2ps_v5_US East_3': 50, 'E32ads_v6_US East_1': 50, 'E32as_v6_US East_1': 50, 'E48ads_v6_US East_3': 50, 'E48as_v6_US East_3': 50, 'E4ads_v6_US East_2': 50, 'E4ads_v6_US East_3': 50, 'E4as_v6_US East_1': 50, 'E4as_v6_US East_2': 50, 'E4ps_v5_US East_1': 50, 'E4ps_v5_US East_2': 50, 'E4ps_v5_US East_3': 50, 'E64ads_v6_US East_3': 50, 'E64as_v6_US East_1': 50, 'E8ads_v6_US East_2': 50, 'E8ads_v6_US East_3': 50, 'E8as_v6_US East_1': 50, 'E8as_v6_US East_2': 50, 'E8ps_v5_US East_1': 50, 'E96-48ads_v6_US East_1': 50, 'E96ads_v6_US East_1': 50, 'E96as_v6_US East_1': 50, 'F16als_v6_US East_2': 50, 'F16als_v6_US East_3': 50, 'F16ams_v6_US East_1': 50, 'F16ams_v6_US East_2': 50, 'F16as_v6_US East_2': 50, 'F16as_v6_US East_3': 50, 'F2als_v6_US East_1': 50, 'F2als_v6_US East_2': 50, 'F2als_v6_US East_3': 50, 'F2ams_v6_US East_1': 50, 'F2ams_v6_US East_2': 50, 'F2ams_v6_US East_3': 50, 'F2as_v6_US East_1': 50, 'F2as_v6_US East_2': 50, 'F2as_v6_US East_3': 50, 'F32als_v6_US East_3': 50, 'F32ams_v6_US East_2': 50, 'F32as_v6_US East_3': 50, 'F48als_v6_US East_2': 50, 'F48ams_v6_US East_3': 50, 'F48as_v6_US East_3': 50, 'F4als_v6_US East_2': 50, 'F4als_v6_US East_3': 50, 'F4ams_v6_US East_2': 50, 'F4ams_v6_US East_3': 50, 'F4as_v6_US East_1': 50, 'F4as_v6_US East_2': 50, 'F64als_v6_US East_3': 50, 'F64ams_v6_US East_3': 50, 'F64as_v6_US East_3': 50, 'F8als_v6_US East_1': 50, 'F8als_v6_US East_2': 50, 'F8ams_v6_US East_2': 50, 'F8ams_v6_US East_3': 50, 'F8as_v6_US East_2': 50, 'F8as_v6_US East_3': 50, 'M12ds_v3_US East_2': 50, 'M12s_v3_US East_3': 50, 'M32ls_US East_1': 50, 'M32ls_US East_2': 50, 'M32ls_US East_3': 50, 'M32ts_US East_1': 50, 'M32ts_US East_2': 50, 'M32ts_US East_3': 50, 'M64s_v2_US East_1': 50, 'NV4as_v4_US East_1': 50, 'NV4as_v4_US East_2': 50, 'NV4as_v4_US East_3': 50, 'NV8as_v4_US East_1': 50, 'NV8as_v4_US East_2': 50, 'NV8as_v4_US East_3': 50}"
0.67,2009.7736499999999,4039816873,2010085.500673173,138600,137600,"{'D16ads_v6_US East_2': 50, 'D16ads_v6_US East_3': 50, 'D16alds_v6_US East_1': 50, 'D16alds_v6_US East_3': 50, 'D16als_v6_US East_1': 50, 'D16als_v6_US East_2': 50, 'D16as_v6_US East_1': 50, 'D16as_v6_US East_3': 50, 'D16pds_v5_US East_3': 50, 'D16plds_v5_US East_2': 50, 'D16plds_v5_US East_3': 50, 'D16pls_v5_US East_2': 50, 'D16pls_v5_US East_3': 50, 'D16ps_v5_US East_2': 50, 'D2ads_v6_US East_1': 50, 'D2ads_v6_US East_2': 50, 'D2ads_v6_US East_3': 50, 'D2alds_v6_US East_1': 50, 'D2alds_v6_US East_2': 50, 'D2alds_v6_US East_3': 50, 'D2als_v6_US East_1': 50, 'D2als_v6_US East_2': 50, 'D2als_v6_US East_3': 50, 'D2as_v6_US East_1': 50, 'D2as_v6_US East_2': 50, 'D2as_v6_US East_3': 50, 'D2pds_v5_US East_1': 50, 'D2pds_v5_US East_2': 50, 'D2pds_v5_US East_3': 50, 'D2plds_v5_US East_1': 50, 'D2plds_v5_US East_2': 50, 'D2plds_v5_US East_3': 50, 'D2pls_v5_US East_1': 50, 'D2pls_v5_US East_2': 50, 'D2pls_v5_US East_3': 50, 'D2ps_v5_US East_1': 50, 'D2ps_v5_US East_2': 50, 'D2ps_v5_US East_3': 50, 'D32ads_v6_US East_1': 50, 'D32ads_v6_US East_3': 50, 'D32alds_v6_US East_1': 50, 'D32alds_v6_US East_2': 50, 'D32als_v6_US East_1': 50, 'D32als_v6_US East_2': 50, 'D32as_v6_US East_2': 50, 'D32as_v6_US East_3': 50, 'D32plds_v5_US East_2': 50, 'D32pls_v5_US East_2': 50, 'D48ads_v6_US East_2': 50, 'D48alds_v6_US East_3': 50, 'D48als_v6_US East_1': 50, 'D48als_v6_US East_2': 50, 'D4ads_v6_US East_1': 50, 'D4ads_v6_US East_2': 50, 'D4ads_v6_US East_3': 50, 'D4alds_v6_US East_1': 50, 'D4alds_v6_US East_2': 50, 'D4alds_v6_US East_3': 50, 'D4als_v6_US East_1': 50, 'D4als_v6_US East_2': 50, 'D4als_v6_US East_3': 50, 'D4as_v6_US East_1': 50, 'D4as_v6_US East_2': 50, 'D4as_v6_US East_3': 50, 'D4pds_v5_US East_1': 50, 'D4pds_v5_US East_2': 50, 'D4pds_v5_US East_3': 50, 'D4plds_v5_US East_1': 50, 'D4plds_v5_US East_2': 50, 'D4plds_v5_US East_3': 50, 'D4pls_v5_US East_1': 50, 'D4pls_v5_US East_2': 50, 'D4pls_v5_US East_3': 50, 'D4ps_v5_US East_1': 50, 'D4ps_v5_US East_2': 50, 'D4ps_v5_US East_3': 50, 'D64ads_v6_US East_2': 50, 'D64alds_v6_US East_1': 50, 'D64als_v6_US East_1': 50, 'D64as_v6_US East_2': 50, 'D8ads_v6_US East_1': 50, 'D8ads_v6_US East_2': 50, 'D8alds_v6_US East_1': 50, 'D8alds_v6_US East_3': 50, 'D8als_v6_US East_1': 50, 'D8als_v6_US East_3': 50, 'D8as_v6_US East_2': 50, 'D8as_v6_US East_3': 50, 'D8plds_v5_US East_1': 50, 'D8plds_v5_US East_2': 50, 'D8plds_v5_US East_3': 50, 'D8pls_v5_US East_1': 50, 'D8pls_v5_US East_2': 50, 'D8pls_v5_US East_3': 50, 'D8ps_v5_US East_1': 50, 'D8ps_v5_US East_2': 50, 'D8ps_v5_US East_3': 50, 'D96ads_v6_US East_2': 50, 'D96alds_v6_US East_2': 50, 'D96als_v6_US East_2': 50, 'D96as_v6_US East_1': 50, 'DC1s_v2_US East_1': 50, 'E16ads_v6_US East_2': 50, 'E16ads_v6_US East_3': 50, 'E16as_v6_US East_2': 50, 'E16as_v6_US East_3': 50, 'E20ads_v6_US East_2': 50, 'E20ads_v6_US East_3': 50, 'E20as_v6_US East_2': 50, 'E20as_v6_US East_3': 50, 'E2ads_v6_US East_1': 50, 'E2ads_v6_US East_2': 50, 'E2ads_v6_US East_3': 50, 'E2as_v6_US East_1': 50, 'E2as_v6_US East_2': 50, 'E2as_v6_US East_3': 50, 'E2ps_v5_US East_1': 50, 'E2ps_v5_US East_2': 50, 'E2ps_v5_US East_3': 50, 'E32ads_v6_US East_1': 50, 'E32as_v6_US East_1': 50, 'E48ads_v6_US East_3': 50, 'E48as_v6_US East_3': 50, 'E4ads_v6_US East_2': 50, 'E4ads_v6_US East_3': 50, 'E4as_v6_US East_1': 50, 'E4as_v6_US East_2': 50, 'E4ps_v5_US East_1': 50, 'E4ps_v5_US East_2': 50, 'E4ps_v5_US East_3': 50, 'E64ads_v6_US East_3': 50, 'E64as_v6_US East_1': 50, 'E8ads_v6_US East_2': 50, 'E8ads_v6_US East_3': 50, 'E8as_v6_US East_1': 50, 'E8as_v6_US East_2': 50, 'E8ps_v5_US East_1': 50, 'E96-48ads_v6_US East_1': 50, 'E96ads_v6_US East_1': 50, 'E96as_v6_US East_1': 50, 'F16als_v6_US East_2': 50, 'F16als_v6_US East_3': 50, 'F16ams_v6_US East_1': 50, 'F16ams_v6_US East_2': 50, 'F16as_v6_US East_2': 50, 'F16as_v6_US East_3': 50, 'F2als_v6_US East_1': 50, 'F2als_v6_US East_2': 50, 'F2als_v6_US East_3': 50, 'F2ams_v6_US East_1': 50, 'F2ams_v6_US East_2': 50, 'F2ams_v6_US East_3': 50, 'F2as_v6_US East_1': 50, 'F2as_v6_US East_2': 50, 'F2as_v6_US East_3': 50, 'F32als_v6_US East_3': 50, 'F32ams_v6_US East_2': 50, 'F32as_v6_US East_3': 50, 'F48als_v6_US East_2': 50, 'F48ams_v6_US East_3': 50, 'F48as_v6_US East_3': 50, 'F4als_v6_US East_2': 50, 'F4als_v6_US East_3': 50, 'F4ams_v6_US East_2': 50, 'F4ams_v6_US East_3': 50, 'F4as_v6_US East_1': 50, 'F4as_v6_US East_2': 50, 'F64als_v6_US East_3': 50, 'F64ams_v6_US East_3': 50, 'F64as_v6_US East_3': 50, 'F8als_v6_US East_1': 50, 'F8als_v6_US East_2': 50, 'F8ams_v6_US East_2': 50, 'F8ams_v6_US East_3': 50, 'F8as_v6_US East_2': 50, 'F8as_v6_US East_3': 50, 'M12ds_v3_US East_2': 50, 'M12s_v3_US East_3': 50, 'M32ls_US East_1': 50, 'M32ls_US East_2': 50, 'M32ls_US East_3': 50, 'M32ts_US East_1': 50, 'M32ts_US East_2': 50, 'M32ts_US East_3': 50, 'M64s_v2_US East_1': 50, 'NV4as_v4_US East_1': 50, 'NV4as_v4_US East_2': 50, 'NV4as_v4_US East_3': 50, 'NV8as_v4_US East_1': 50, 'NV8as_v4_US East_2': 50, 'NV8as_v4_US East_3': 50}"
0.68,2009.7736499999999,4039816873,2010085.500673173,138600,137600,"{'D16ads_v6_US East_2': 50, 'D16ads_v6_US East_3': 50, 'D16alds_v6_US East_1': 50, 'D16alds_v6_US East_3': 50, 'D16als_v6_US East_1': 50, 'D16als_v6_US East_2': 50, 'D16as_v6_US East_1': 50, 'D16as_v6_US East_3': 50, 'D16pds_v5_US East_3': 50, 'D16plds_v5_US East_2': 50, 'D16plds_v5_US East_3': 50, 'D16pls_v5_US East_2': 50, 'D16pls_v5_US East_3': 50, 'D16ps_v5_US East_2': 50, 'D2ads_v6_US East_1': 50, 'D2ads_v6_US East_2': 50, 'D2ads_v6_US East_3': 50, 'D2alds_v6_US East_1': 50, 'D2alds_v6_US East_2': 50, 'D2alds_v6_US East_3': 50, 'D2als_v6_US East_1': 50, 'D2als_v6_US East_2': 50, 'D2als_v6_US East_3': 50, 'D2as_v6_US East_1': 50, 'D2as_v6_US East_2': 50, 'D2as_v6_US East_3': 50, 'D2pds_v5_US East_1': 50, 'D2pds_v5_US East_2': 50, 'D2pds_v5_US East_3': 50, 'D2plds_v5_US East_1': 50, 'D2plds_v5_US East_2': 50, 'D2plds_v5_US East_3': 50, 'D2pls_v5_US East_1': 50, 'D2pls_v5_US East_2': 50, 'D2pls_v5_US East_3': 50, 'D2ps_v5_US East_1': 50, 'D2ps_v5_US East_2': 50, 'D2ps_v5_US East_3': 50, 'D32ads_v6_US East_1': 50, 'D32ads_v6_US East_3': 50, 'D32alds_v6_US East_1': 50, 'D32alds_v6_US East_2': 50, 'D32als_v6_US East_1': 50, 'D32als_v6_US East_2': 50, 'D32as_v6_US East_2': 50, 'D32as_v6_US East_3': 50, 'D32plds_v5_US East_2': 50, 'D32pls_v5_US East_2': 50, 'D48ads_v6_US East_2': 50, 'D48alds_v6_US East_3': 50, 'D48als_v6_US East_1': 50, 'D48als_v6_US East_2': 50, 'D4ads_v6_US East_1': 50, 'D4ads_v6_US East_2': 50, 'D4ads_v6_US East_3': 50, 'D4alds_v6_US East_1': 50, 'D4alds_v6_US East_2': 50, 'D4alds_v6_US East_3': 50, 'D4als_v6_US East_1': 50, 'D4als_v6_US East_2': 50, 'D4als_v6_US East_3': 50, 'D4as_v6_US East_1': 50, 'D4as_v6_US East_2': 50, 'D4as_v6_US East_3': 50, 'D4pds_v5_US East_1': 50, 'D4pds_v5_US East_2': 50, 'D4pds_v5_US East_3': 50, 'D4plds_v5_US East_1': 50, 'D4plds_v5_US East_2': 50, 'D4plds_v5_US East_3': 50, 'D4pls_v5_US East_1': 50, 'D4pls_v5_US East_2': 50, 'D4pls_v5_US East_3': 50, 'D4ps_v5_US East_1': 50, 'D4ps_v5_US East_2': 50, 'D4ps_v5_US East_3': 50, 'D64ads_v6_US East_2': 50, 'D64alds_v6_US East_1': 50, 'D64als_v6_US East_1': 50, 'D64as_v6_US East_2': 50, 'D8ads_v6_US East_1': 50, 'D8ads_v6_US East_2': 50, 'D8alds_v6_US East_1': 50, 'D8alds_v6_US East_3': 50, 'D8als_v6_US East_1': 50, 'D8als_v6_US East_3': 50, 'D8as_v6_US East_2': 50, 'D8as_v6_US East_3': 50, 'D8plds_v5_US East_1': 50, 'D8plds_v5_US East_2': 50, 'D8plds_v5_US East_3': 50, 'D8pls_v5_US East_1': 50, 'D8pls_v5_US East_2': 50, 'D8pls_v5_US East_3': 50, 'D8ps_v5_US East_1': 50, 'D8ps_v5_US East_2': 50, 'D8ps_v5_US East_3': 50, 'D96ads_v6_US East_2': 50, 'D96alds_v6_US East_2': 50, 'D96als_v6_US East_2': 50, 'D96as_v6_US East_1': 50, 'DC1s_v2_US East_1': 50, 'E16ads_v6_US East_2': 50, 'E16ads_v6_US East_3': 50, 'E16as_v6_US East_2': 50, 'E16as_v6_US East_3': 50, 'E20ads_v6_US East_2': 50, 'E20ads_v6_US East_3': 50, 'E20as_v6_US East_2': 50, 'E20as_v6_US East_3': 50, 'E2ads_v6_US East_1': 50, 'E2ads_v6_US East_2': 50, 'E2ads_v6_US East_3': 50, 'E2as_v6_US East_1': 50, 'E2as_v6_US East_2': 50, 'E2as_v6_US East_3': 50, 'E2ps_v5_US East_1': 50, 'E2ps_v5_US East_2': 50, 'E2ps_v5_US East_3': 50, 'E32ads_v6_US East_1': 50, 'E32as_v6_US East_1': 50, 'E48ads_v6_US East_3': 50, 'E48as_v6_US East_3': 50, 'E4ads_v6_US East_2': 50, 'E4ads_v6_US East_3': 50, 'E4as_v6_US East_1': 50, 'E4as_v6_US East_2': 50, 'E4ps_v5_US East_1': 50, 'E4ps_v5_US East_2': 50, 'E4ps_v5_US East_3': 50, 'E64ads_v6_US East_3': 50, 'E64as_v6_US East_1': 50, 'E8ads_v6_US East_2': 50, 'E8ads_v6_US East_3': 50, 'E8as_v6_US East_1': 50, 'E8as_v6_US East_2': 50, 'E8ps_v5_US East_1': 50, 'E96-48ads_v6_US East_1': 50, 'E96ads_v6_US East_1': 50, 'E96as_v6_US East_1': 50, 'F16als_v6_US East_2': 50, 'F16als_v6_US East_3': 50, 'F16ams_v6_US East_1': 50, 'F16ams_v6_US East_2': 50, 'F16as_v6_US East_2': 50, 'F16as_v6_US East_3': 50, 'F2als_v6_US East_1': 50, 'F2als_v6_US East_2': 50, 'F2als_v6_US East_3': 50, 'F2ams_v6_US East_1': 50, 'F2ams_v6_US East_2': 50, 'F2ams_v6_US East_3': 50, 'F2as_v6_US East_1': 50, 'F2as_v6_US East_2': 50, 'F2as_v6_US East_3': 50, 'F32als_v6_US East_3': 50, 'F32ams_v6_US East_2': 50, 'F32as_v6_US East_3': 50, 'F48als_v6_US East_2': 50, 'F48ams_v6_US East_3': 50, 'F48as_v6_US East_3': 50, 'F4als_v6_US East_2': 50, 'F4als_v6_US East_3': 50, 'F4ams_v6_US East_2': 50, 'F4ams_v6_US East_3': 50, 'F4as_v6_US East_1': 50, 'F4as_v6_US East_2': 50, 'F64als_v6_US East_3': 50, 'F64ams_v6_US East_3': 50, 'F64as_v6_US East_3': 50, 'F8als_v6_US East_1': 50, 'F8als_v6_US East_2': 50, 'F8ams_v6_US East_2': 50, 'F8ams_v6_US East_3': 50, 'F8as_v6_US East_2': 50, 'F8as_v6_US East_3': 50, 'M12ds_v3_US East_2': 50, 'M12s_v3_US East_3': 50, 'M32ls_US East_1': 50, 'M32ls_US East_2': 50, 'M32ls_US East_3': 50, 'M32ts_US East_1': 50, 'M32ts_US East_2': 50, 'M32ts_US East_3': 50, 'M64s_v2_US East_1': 50, 'NV4as_v4_US East_1': 50, 'NV4as_v4_US East_2': 50, 'NV4as_v4_US East_3': 50, 'NV8as_v4_US East_1': 50, 'NV8as_v4_US East_2': 50, 'NV8as_v4_US East_3': 50}"
0.6900000000000001,2009.7736499999999,4039816873,2010085.500673173,138600,137600,"{'D16ads_v6_US East_2': 50, 'D16ads_v6_US East_3': 50, 'D16alds_v6_US East_1': 50, 'D16alds_v6_US East_3': 50, 'D16als_v6_US East_1': 50, 'D16als_v6_US East_2': 50, 'D16as_v6_US East_1': 50, 'D16as_v6_US East_3': 50, 'D16pds_v5_US East_3': 50, 'D16plds_v5_US East_2': 50, 'D16plds_v5_US East_3': 50, 'D16pls_v5_US East_2': 50, 'D16pls_v5_US East_3': 50, 'D16ps_v5_US East_2': 50, 'D2ads_v6_US East_1': 50, 'D2ads_v6_US East_2': 50, 'D2ads_v6_US East_3': 50, 'D2alds_v6_US East_1': 50, 'D2alds_v6_US East_2': 50, 'D2alds_v6_US East_3': 50, 'D2als_v6_US East_1': 50, 'D2als_v6_US East_2': 50, 'D2als_v6_US East_3': 50, 'D2as_v6_US East_1': 50, 'D2as_v6_US East_2': 50, 'D2as_v6_US East_3': 50, 'D2pds_v5_US East_1': 50, 'D2pds_v5_US East_2': 50, 'D2pds_v5_US East_3': 50, 'D2plds_v5_US East_1': 50, 'D2plds_v5_US East_2': 50, 'D2plds_v5_US East_3': 50, 'D2pls_v5_US East_1': 50, 'D2pls_v5_US East_2': 50, 'D2pls_v5_US East_3': 50, 'D2ps_v5_US East_1': 50, 'D2ps_v5_US East_2': 50, 'D2ps_v5_US East_3': 50, 'D32ads_v6_US East_1': 50, 'D32ads_v6_US East_3': 50, 'D32alds_v6_US East_1': 50, 'D32alds_v6_US East_2': 50, 'D32als_v6_US East_1': 50, 'D32als_v6_US East_2': 50, 'D32as_v6_US East_2': 50, 'D32as_v6_US East_3': 50, 'D32plds_v5_US East_2': 50, 'D32pls_v5_US East_2': 50, 'D48ads_v6_US East_2': 50, 'D48alds_v6_US East_3': 50, 'D48als_v6_US East_1': 50, 'D48als_v6_US East_2': 50, 'D4ads_v6_US East_1': 50, 'D4ads_v6_US East_2': 50, 'D4ads_v6_US East_3': 50, 'D4alds_v6_US East_1': 50, 'D4alds_v6_US East_2': 50, 'D4alds_v6_US East_3': 50, 'D4als_v6_US East_1': 50, 'D4als_v6_US East_2': 50, 'D4als_v6_US East_3': 50, 'D4as_v6_US East_1': 50, 'D4as_v6_US East_2': 50, 'D4as_v6_US East_3': 50, 'D4pds_v5_US East_1': 50, 'D4pds_v5_US East_2': 50, 'D4pds_v5_US East_3': 50, 'D4plds_v5_US East_1': 50, 'D4plds_v5_US East_2': 50, 'D4plds_v5_US East_3': 50, 'D4pls_v5_US East_1': 50, 'D4pls_v5_US East_2': 50, 'D4pls_v5_US East_3': 50, 'D4ps_v5_US East_1': 50, 'D4ps_v5_US East_2': 50, 'D4ps_v5_US East_3': 50, 'D64ads_v6_US East_2': 50, 'D64alds_v6_US East_1': 50, 'D64als_v6_US East_1': 50, 'D64as_v6_US East_2': 50, 'D8ads_v6_US East_1': 50, 'D8ads_v6_US East_2': 50, 'D8alds_v6_US East_1': 50, 'D8alds_v6_US East_3': 50, 'D8als_v6_US East_1': 50, 'D8als_v6_US East_3': 50, 'D8as_v6_US East_2': 50, 'D8as_v6_US East_3': 50, 'D8plds_v5_US East_1': 50, 'D8plds_v5_US East_2': 50, 'D8plds_v5_US East_3': 50, 'D8pls_v5_US East_1': 50, 'D8pls_v5_US East_2': 50, 'D8pls_v5_US East_3': 50, 'D8ps_v5_US East_1': 50, 'D8ps_v5_US East_2': 50, 'D8ps_v5_US East_3': 50, 'D96ads_v6_US East_2': 50, 'D96alds_v6_US East_2': 50, 'D96als_v6_US East_2': 50, 'D96as_v6_US East_1': 50, 'DC1s_v2_US East_1': 50, 'E16ads_v6_US East_2': 50, 'E16ads_v6_US East_3': 50, 'E16as_v6_US East_2': 50, 'E16as_v6_US East_3': 50, 'E20ads_v6_US East_2': 50, 'E20ads_v6_US East_3': 50, 'E20as_v6_US East_2': 50, 'E20as_v6_US East_3': 50, 'E2ads_v6_US East_1': 50, 'E2ads_v6_US East_2': 50, 'E2ads_v6_US East_3': 50, 'E2as_v6_US East_1': 50, 'E2as_v6_US East_2': 50, 'E2as_v6_US East_3': 50, 'E2ps_v5_US East_1': 50, 'E2ps_v5_US East_2': 50, 'E2ps_v5_US East_3': 50, 'E32ads_v6_US East_1': 50, 'E32as_v6_US East_1': 50, 'E48ads_v6_US East_3': 50, 'E48as_v6_US East_3': 50, 'E4ads_v6_US East_2': 50, 'E4ads_v6_US East_3': 50, 'E4as_v6_US East_1': 50, 'E4as_v6_US East_2': 50, 'E4ps_v5_US East_1': 50, 'E4ps_v5_US East_2': 50, 'E4ps_v5_US East_3': 50, 'E64ads_v6_US East_3': 50, 'E64as_v6_US East_1': 50, 'E8ads_v6_US East_2': 50, 'E8ads_v6_US East_3': 50, 'E8as_v6_US East_1': 50, 'E8as_v6_US East_2': 50, 'E8ps_v5_US East_1': 50, 'E96-48ads_v6_US East_1': 50, 'E96ads_v6_US East_1': 50, 'E96as_v6_US East_1': 50, 'F16als_v6_US East_2': 50, 'F16als_v6_US East_3': 50, 'F16ams_v6_US East_1': 50, 'F16ams_v6_US East_2': 50, 'F16as_v6_US East_2': 50, 'F16as_v6_US East_3': 50, 'F2als_v6_US East_1': 50, 'F2als_v6_US East_2': 50, 'F2als_v6_US East_3': 50, 'F2ams_v6_US East_1': 50, 'F2ams_v6_US East_2': 50, 'F2ams_v6_US East_3': 50, 'F2as_v6_US East_1': 50, 'F2as_v6_US East_2': 50, 'F2as_v6_US East_3': 50, 'F32als_v6_US East_3': 50, 'F32ams_v6_US East_2': 50, 'F32as_v6_US East_3': 50, 'F48als_v6_US East_2': 50, 'F48ams_v6_US East_3': 50, 'F48as_v6_US East_3': 50, 'F4als_v6_US East_2': 50, 'F4als_v6_US East_3': 50, 'F4ams_v6_US East_2': 50, 'F4ams_v6_US East_3': 50, 'F4as_v6_US East_1': 50, 'F4as_v6_US East_2': 50, 'F64als_v6_US East_3': 50, 'F64ams_v6_US East_3': 50, 'F64as_v6_US East_3': 50, 'F8als_v6_US East_1': 50, 'F8als_v6_US East_2': 50, 'F8ams_v6_US East_2': 50, 'F8ams_v6_US East_3': 50, 'F8as_v6_US East_2': 50, 'F8as_v6_US East_3': 50, 'M12ds_v3_US East_2': 50, 'M12s_v3_US East_3': 50, 'M32ls_US East_1': 50, 'M32ls_US East_2': 50, 'M32ls_US East_3': 50, 'M32ts_US East_1': 50, 'M32ts_US East_2': 50, 'M32ts_US East_3': 50, 'M64s_v2_US East_1': 50, 'NV4as_v4_US East_1': 50, 'NV4as_v4_US East_2': 50, 'NV4as_v4_US East_3': 50, 'NV8as_v4_US East_1': 50, 'NV8as_v4_US East_2': 50, 'NV8as_v4_US East_3': 50}"
0.7000000000000001,2009.7736499999999,4039816873,2010085.500673173,138600,137600,"{'D16ads_v6_US East_2': 50, 'D16ads_v6_US East_3': 50, 'D16alds_v6_US East_1': 50, 'D16alds_v6_US East_3': 50, 'D16als_v6_US East_1': 50, 'D16als_v6_US East_2': 50, 'D16as_v6_US East_1': 50, 'D16as_v6_US East_3': 50, 'D16pds_v5_US East_3': 50, 'D16plds_v5_US East_2': 50, 'D16plds_v5_US East_3': 50, 'D16pls_v5_US East_2': 50, 'D16pls_v5_US East_3': 50, 'D16ps_v5_US East_2': 50, 'D2ads_v6_US East_1': 50, 'D2ads_v6_US East_2': 50, 'D2ads_v6_US East_3': 50, 'D2alds_v6_US East_1': 50, 'D2alds_v6_US East_2': 50, 'D2alds_v6_US East_3': 50, 'D2als_v6_US East_1': 50, 'D2als_v6_US East_2': 50, 'D2als_v6_US East_3': 50, 'D2as_v6_US East_1': 50, 'D2as_v6_US East_2': 50, 'D2as_v6_US East_3': 50, 'D2pds_v5_US East_1': 50, 'D2pds_v5_US East_2': 50, 'D2pds_v5_US East_3': 50, 'D2plds_v5_US East_1': 50, 'D2plds_v5_US East_2': 50, 'D2plds_v5_US East_3': 50, 'D2pls_v5_US East_1': 50, 'D2pls_v5_US East_2': 50, 'D2pls_v5_US East_3': 50, 'D2ps_v5_US East_1': 50, 'D2ps_v5_US East_2': 50, 'D2ps_v5_US East_3': 50, 'D32ads_v6_US East_1': 50, 'D32ads_v6_US East_3': 50, 'D32alds_v6_US East_1': 50, 'D32alds_v6_US East_2': 50, 'D32als_v6_US East_1': 50, 'D32als_v6_US East_2': 50, 'D32as_v6_US East_2': 50, 'D32as_v6_US East_3': 50, 'D32plds_v5_US East_2': 50, 'D32pls_v5_US East_2': 50, 'D48ads_v6_US East_2': 50, 'D48alds_v6_US East_3': 50, 'D48als_v6_US East_1': 50, 'D48als_v6_US East_2': 50, 'D4ads_v6_US East_1': 50, 'D4ads_v6_US East_2': 50, 'D4ads_v6_US East_3': 50, 'D4alds_v6_US East_1': 50, 'D4alds_v6_US East_2': 50, 'D4alds_v6_US East_3': 50, 'D4als_v6_US East_1': 50, 'D4als_v6_US East_2': 50, 'D4als_v6_US East_3': 50, 'D4as_v6_US East_1': 50, 'D4as_v6_US East_2': 50, 'D4as_v6_US East_3': 50, 'D4pds_v5_US East_1': 50, 'D4pds_v5_US East_2': 50, 'D4pds_v5_US East_3': 50, 'D4plds_v5_US East_1': 50, 'D4plds_v5_US East_2': 50, 'D4plds_v5_US East_3': 50, 'D4pls_v5_US East_1': 50, 'D4pls_v5_US East_2': 50, 'D4pls_v5_US East_3': 50, 'D4ps_v5_US East_1': 50, 'D4ps_v5_US East_2': 50, 'D4ps_v5_US East_3': 50, 'D64ads_v6_US East_2': 50, 'D64alds_v6_US East_1': 50, 'D64als_v6_US East_1': 50, 'D64as_v6_US East_2': 50, 'D8ads_v6_US East_1': 50, 'D8ads_v6_US East_2': 50, 'D8alds_v6_US East_1': 50, 'D8alds_v6_US East_3': 50, 'D8als_v6_US East_1': 50, 'D8als_v6_US East_3': 50, 'D8as_v6_US East_2': 50, 'D8as_v6_US East_3': 50, 'D8plds_v5_US East_1': 50, 'D8plds_v5_US East_2': 50, 'D8plds_v5_US East_3': 50, 'D8pls_v5_US East_1': 50, 'D8pls_v5_US East_2': 50, 'D8pls_v5_US East_3': 50, 'D8ps_v5_US East_1': 50, 'D8ps_v5_US East_2': 50, 'D8ps_v5_US East_3': 50, 'D96ads_v6_US East_2': 50, 'D96alds_v6_US East_2': 50, 'D96als_v6_US East_2': 50, 'D96as_v6_US East_1': 50, 'DC1s_v2_US East_1': 50, 'E16ads_v6_US East_2': 50, 'E16ads_v6_US East_3': 50, 'E16as_v6_US East_2': 50, 'E16as_v6_US East_3': 50, 'E20ads_v6_US East_2': 50, 'E20ads_v6_US East_3': 50, 'E20as_v6_US East_2': 50, 'E20as_v6_US East_3': 50, 'E2ads_v6_US East_1': 50, 'E2ads_v6_US East_2': 50, 'E2ads_v6_US East_3': 50, 'E2as_v6_US East_1': 50, 'E2as_v6_US East_2': 50, 'E2as_v6_US East_3': 50, 'E2ps_v5_US East_1': 50, 'E2ps_v5_US East_2': 50, 'E2ps_v5_US East_3': 50, 'E32ads_v6_US East_1': 50, 'E32as_v6_US East_1': 50, 'E48ads_v6_US East_3': 50, 'E48as_v6_US East_3': 50, 'E4ads_v6_US East_2': 50, 'E4ads_v6_US East_3': 50, 'E4as_v6_US East_1': 50, 'E4as_v6_US East_2': 50, 'E4ps_v5_US East_1': 50, 'E4ps_v5_US East_2': 50, 'E4ps_v5_US East_3': 50, 'E64ads_v6_US East_3': 50, 'E64as_v6_US East_1': 50, 'E8ads_v6_US East_2': 50, 'E8ads_v6_US East_3': 50, 'E8as_v6_US East_1': 50, 'E8as_v6_US East_2': 50, 'E8ps_v5_US East_1': 50, 'E96-48ads_v6_US East_1': 50, 'E96ads_v6_US East_1': 50, 'E96as_v6_US East_1': 50, 'F16als_v6_US East_2': 50, 'F16als_v6_US East_3': 50, 'F16ams_v6_US East_1': 50, 'F16ams_v6_US East_2': 50, 'F16as_v6_US East_2': 50, 'F16as_v6_US East_3': 50, 'F2als_v6_US East_1': 50, 'F2als_v6_US East_2': 50, 'F2als_v6_US East_3': 50, 'F2ams_v6_US East_1': 50, 'F2ams_v6_US East_2': 50, 'F2ams_v6_US East_3': 50, 'F2as_v6_US East_1': 50, 'F2as_v6_US East_2': 50, 'F2as_v6_US East_3': 50, 'F32als_v6_US East_3': 50, 'F32ams_v6_US East_2': 50, 'F32as_v6_US East_3': 50, 'F48als_v6_US East_2': 50, 'F48ams_v6_US East_3': 50, 'F48as_v6_US East_3': 50, 'F4als_v6_US East_2': 50, 'F4als_v6_US East_3': 50, 'F4ams_v6_US East_2': 50, 'F4ams_v6_US East_3': 50, 'F4as_v6_US East_1': 50, 'F4as_v6_US East_2': 50, 'F64als_v6_US East_3': 50, 'F64ams_v6_US East_3': 50, 'F64as_v6_US East_3': 50, 'F8als_v6_US East_1': 50, 'F8als_v6_US East_2': 50, 'F8ams_v6_US East_2': 50, 'F8ams_v6_US East_3': 50, 'F8as_v6_US East_2': 50, 'F8as_v6_US East_3': 50, 'M12ds_v3_US East_2': 50, 'M12s_v3_US East_3': 50, 'M32ls_US East_1': 50, 'M32ls_US East_2': 50, 'M32ls_US East_3': 50, 'M32ts_US East_1': 50, 'M32ts_US East_2': 50, 'M32ts_US East_3': 50, 'M64s_v2_US East_1': 50, 'NV4as_v4_US East_1': 50, 'NV4as_v4_US East_2': 50, 'NV4as_v4_US East_3': 50, 'NV8as_v4_US East_1': 50, 'NV8as_v4_US East_2': 50, 'NV8as_v4_US East_3': 50}"
0.71,2101.996650000001,4099590285,1950331.5029070089,141650,140650,"{'B16ps_v2_US East_2': 50, 'B2pls_v2_US East_1': 50, 'B2pls_v2_US East_2': 50, 'B2pls_v2_US East_3': 50, 'B2ps_v2_US East_1': 50, 'B2ps_v2_US East_2': 50, 'B2ps_v2_US East_3': 50, 'B4ps_v2_US East_1': 50, 'B4ps_v2_US East_2': 50, 'B4ps_v2_US East_3': 50, 'B8ps_v2_US East_1': 50, 'B8ps_v2_US East_2': 50, 'B8ps_v2_US East_3': 50, 'D16ads_v6_US East_2': 50, 'D16ads_v6_US East_3': 50, 'D16alds_v6_US East_1': 50, 'D16alds_v6_US East_3': 50, 'D16als_v6_US East_1': 50, 'D16als_v6_US East_2': 50, 'D16as_v6_US East_1': 50, 'D16as_v6_US East_3': 50, 'D16pds_v5_US East_3': 50, 'D16plds_v5_US East_2': 50, 'D16plds_v5_US East_3': 50, 'D16pls_v5_US East_2': 50, 'D16pls_v5_US East_3': 50, 'D16ps_v5_US East_2': 50, 'D2ads_v6_US East_1': 50, 'D2ads_v6_US East_2': 50, 'D2ads_v6_US East_3': 50, 'D2alds_v6_US East_1': 50, 'D2alds_v6_US East_2': 50, 'D2alds_v6_US East_3': 50, 'D2als_v6_US East_1': 50, 'D2als_v6_US East_2': 50, 'D2als_v6_US East_3': 50, 'D2as_v6_US East_1': 50, 'D2as_v6_US East_2': 50, 'D2as_v6_US East_3': 50, 'D2pds_v5_US East_1': 50, 'D2pds_v5_US East_2': 50, 'D2pds_v5_US East_3': 50, 'D2plds_v5_US East_1': 50, 'D2plds_v5_US East_2': 50, 'D2plds_v5_US East_3': 50, 'D2pls_v5_US East_1': 50, 'D2pls_v5_US East_2': 50, 'D2pls_v5_US East_3': 50, 'D2ps_v5_US East_1': 50, 'D2ps_v5_US East_2': 50, 'D2ps_v5_US East_3': 50, 'D32ads_v6_US East_1': 50, 'D32ads_v6_US East_3': 50, 'D32alds_v6_US East_1': 50, 'D32alds_v6_US East_2': 50, 'D32als_v6_US East_1': 50, 'D32als_v6_US East_2': 50, 'D32as_v6_US East_2': 50, 'D32as_v6_US East_3': 50, 'D32plds_v5_US East_2': 50, 'D32pls_v5_US East_2': 50, 'D48ads_v6_US East_2': 50, 'D48alds_v6_US East_3': 50, 'D48als_v6_US East_1': 50, 'D48als_v6_US East_2': 50, 'D4ads_v6_US East_1': 50, 'D4ads_v6_US East_2': 50, 'D4ads_v6_US East_3': 50, 'D4alds_v6_US East_1': 50, 'D4alds_v6_US East_2': 50, 'D4alds_v6_US East_3': 50, 'D4als_v6_US East_1': 50, 'D4als_v6_US East_2': 50, 'D4als_v6_US East_3': 50, 'D4as_v6_US East_1': 50, 'D4as_v6_US East_2': 50, 'D4as_v6_US East_3': 50, 'D4pds_v5_US East_1': 50, 'D4pds_v5_US East_2': 50, 'D4pds_v5_US East_3': 50, 'D4plds_v5_US East_1': 50, 'D4plds_v5_US East_2': 50, 'D4plds_v5_US East_3': 50, 'D4pls_v5_US East_1': 50, 'D4pls_v5_US East_2': 50, 'D4pls_v5_US East_3': 50, 'D4ps_v5_US East_1': 50, 'D4ps_v5_US East_2': 50, 'D4ps_v5_US East_3': 50, 'D64ads_v6_US East_2': 50, 'D64alds_v6_US East_1': 50, 'D64als_v6_US East_1': 50, 'D64as_v6_US East_2': 50, 'D8ads_v6_US East_1': 50, 'D8ads_v6_US East_2': 50, 'D8alds_v6_US East_1': 50, 'D8alds_v6_US East_3': 50, 'D8als_v6_US East_1': 50, 'D8als_v6_US East_3': 50, 'D8as_v6_US East_2': 50, 'D8as_v6_US East_3': 50, 'D8plds_v5_US East_1': 50, 'D8plds_v5_US East_2': 50, 'D8plds_v5_US East_3': 50, 'D8pls_v5_US East_1': 50, 'D8pls_v5_US East_2': 50, 'D8pls_v5_US East_3': 50, 'D8ps_v5_US East_1': 50, 'D8ps_v5_US East_2': 50, 'D8ps_v5_US East_3': 50, 'D96ads_v6_US East_2': 50, 'D96alds_v6_US East_2': 50, 'D96als_v6_US East_2': 50, 'D96as_v6_US East_1': 50, 'DC1s_v2_US East_1': 50, 'E16ads_v6_US East_2': 50, 'E16ads_v6_US East_3': 50, 'E16as_v6_US East_2': 50, 'E16as_v6_US East_3': 50, 'E20ads_v6_US East_2': 50, 'E20ads_v6_US East_3': 50, 'E20as_v6_US East_2': 50, 'E20as_v6_US East_3': 50, 'E2ads_v6_US East_1': 50, 'E2ads_v6_US East_2': 50, 'E2ads_v6_US East_3': 50, 'E2as_v6_US East_1': 50, 'E2as_v6_US East_2': 50, 'E2as_v6_US East_3': 50, 'E2ps_v5_US East_1': 50, 'E2ps_v5_US East_2': 50, 'E2ps_v5_US East_3': 50, 'E32ads_v6_US East_1': 50, 'E32as_v6_US East_1': 50, 'E48ads_v6_US East_3': 50, 'E48as_v6_US East_3': 50, 'E4ads_v6_US East_2': 50, 'E4ads_v6_US East_3': 50, 'E4as_v6_US East_1': 50, 'E4as_v6_US East_2': 50, 'E4ps_v5_US East_1': 50, 'E4ps_v5_US East_2': 50, 'E4ps_v5_US East_3': 50, 'E64ads_v6_US East_3': 50, 'E64as_v6_US East_1': 50, 'E8ads_v6_US East_2': 50, 'E8ads_v6_US East_3': 50, 'E8as_v6_US East_1': 50, 'E8as_v6_US East_2': 50, 'E8ps_v5_US East_1': 50, 'E96-48ads_v6_US East_1': 50, 'E96ads_v6_US East_1': 50, 'E96as_v6_US East_1': 50, 'F16als_v6_US East_2': 50, 'F16als_v6_US East_3': 50, 'F16ams_v6_US East_1': 50, 'F16ams_v6_US East_2': 50, 'F16as_v6_US East_2': 50, 'F16as_v6_US East_3': 50, 'F2als_v6_US East_1': 50, 'F2als_v6_US East_2': 50, 'F2als_v6_US East_3': 50, 'F2ams_v6_US East_1': 50, 'F2ams_v6_US East_2': 50, 'F2ams_v6_US East_3': 50, 'F2as_v6_US East_1': 50, 'F2as_v6_US East_2': 50, 'F2as_v6_US East_3': 50, 'F32als_v6_US East_3': 50, 'F32ams_v6_US East_2': 50, 'F32as_v6_US East_3': 50, 'F48als_v6_US East_2': 50, 'F48ams_v6_US East_3': 50, 'F48as_v6_US East_3': 50, 'F4als_v6_US East_2': 50, 'F4als_v6_US East_3': 50, 'F4ams_v6_US East_2': 50, 'F4ams_v6_US East_3': 50, 'F4as_v6_US East_1': 50, 'F4as_v6_US East_2': 50, 'F64als_v6_US East_3': 50, 'F64ams_v6_US East_3': 50, 'F64as_v6_US East_3': 50, 'F8als_v6_US East_1': 50, 'F8als_v6_US East_2': 50, 'F8ams_v6_US East_2': 50, 'F8ams_v6_US East_3': 50, 'F8as_v6_US East_2': 50, 'F8as_v6_US East_3': 50, 'M12ds_v3_US East_2': 50, 'M12s_v3_US East_3': 50, 'M32ls_US East_1': 50, 'M32ls_US East_2': 50, 'M32ls_US East_3': 50, 'M32ts_US East_1': 50, 'M32ts_US East_2': 50, 'M32ts_US East_3': 50, 'M64s_v2_US East_1': 50, 'NV4as_v4_US East_1': 50, 'NV4as_v4_US East_2': 50, 'NV4as_v4_US East_3': 50, 'NV8as_v4_US East_1': 50, 'NV8as_v4_US East_2': 50, 'NV8as_v4_US East_3': 50}"
0.72,2101.996650000001,4099590285,1950331.5029070089,141650,140650,"{'B16ps_v2_US East_2': 50, 'B2pls_v2_US East_1': 50, 'B2pls_v2_US East_2': 50, 'B2pls_v2_US East_3': 50, 'B2ps_v2_US East_1': 50, 'B2ps_v2_US East_2': 50, 'B2ps_v2_US East_3': 50, 'B4ps_v2_US East_1': 50, 'B4ps_v2_US East_2': 50, 'B4ps_v2_US East_3': 50, 'B8ps_v2_US East_1': 50, 'B8ps_v2_US East_2': 50, 'B8ps_v2_US East_3': 50, 'D16ads_v6_US East_2': 50, 'D16ads_v6_US East_3': 50, 'D16alds_v6_US East_1': 50, 'D16alds_v6_US East_3': 50, 'D16als_v6_US East_1': 50, 'D16als_v6_US East_2': 50, 'D16as_v6_US East_1': 50, 'D16as_v6_US East_3': 50, 'D16pds_v5_US East_3': 50, 'D16plds_v5_US East_2': 50, 'D16plds_v5_US East_3': 50, 'D16pls_v5_US East_2': 50, 'D16pls_v5_US East_3': 50, 'D16ps_v5_US East_2': 50, 'D2ads_v6_US East_1': 50, 'D2ads_v6_US East_2': 50, 'D2ads_v6_US East_3': 50, 'D2alds_v6_US East_1': 50, 'D2alds_v6_US East_2': 50, 'D2alds_v6_US East_3': 50, 'D2als_v6_US East_1': 50, 'D2als_v6_US East_2': 50, 'D2als_v6_US East_3': 50, 'D2as_v6_US East_1': 50, 'D2as_v6_US East_2': 50, 'D2as_v6_US East_3': 50, 'D2pds_v5_US East_1': 50, 'D2pds_v5_US East_2': 50, 'D2pds_v5_US East_3': 50, 'D2plds_v5_US East_1': 50, 'D2plds_v5_US East_2': 50, 'D2plds_v5_US East_3': 50, 'D2pls_v5_US East_1': 50, 'D2pls_v5_US East_2': 50, 'D2pls_v5_US East_3': 50, 'D2ps_v5_US East_1': 50, 'D2ps_v5_US East_2': 50, 'D2ps_v5_US East_3': 50, 'D32ads_v6_US East_1': 50, 'D32ads_v6_US East_3': 50, 'D32alds_v6_US East_1': 50, 'D32alds_v6_US East_2': 50, 'D32als_v6_US East_1': 50, 'D32als_v6_US East_2': 50, 'D32as_v6_US East_2': 50, 'D32as_v6_US East_3': 50, 'D32plds_v5_US East_2': 50, 'D32pls_v5_US East_2': 50, 'D48ads_v6_US East_2': 50, 'D48alds_v6_US East_3': 50, 'D48als_v6_US East_1': 50, 'D48als_v6_US East_2': 50, 'D4ads_v6_US East_1': 50, 'D4ads_v6_US East_2': 50, 'D4ads_v6_US East_3': 50, 'D4alds_v6_US East_1': 50, 'D4alds_v6_US East_2': 50, 'D4alds_v6_US East_3': 50, 'D4als_v6_US East_1': 50, 'D4als_v6_US East_2': 50, 'D4als_v6_US East_3': 50, 'D4as_v6_US East_1': 50, 'D4as_v6_US East_2': 50, 'D4as_v6_US East_3': 50, 'D4pds_v5_US East_1': 50, 'D4pds_v5_US East_2': 50, 'D4pds_v5_US East_3': 50, 'D4plds_v5_US East_1': 50, 'D4plds_v5_US East_2': 50, 'D4plds_v5_US East_3': 50, 'D4pls_v5_US East_1': 50, 'D4pls_v5_US East_2': 50, 'D4pls_v5_US East_3': 50, 'D4ps_v5_US East_1': 50, 'D4ps_v5_US East_2': 50, 'D4ps_v5_US East_3': 50, 'D64ads_v6_US East_2': 50, 'D64alds_v6_US East_1': 50, 'D64als_v6_US East_1': 50, 'D64as_v6_US East_2': 50, 'D8ads_v6_US East_1': 50, 'D8ads_v6_US East_2': 50, 'D8alds_v6_US East_1': 50, 'D8alds_v6_US East_3': 50, 'D8als_v6_US East_1': 50, 'D8als_v6_US East_3': 50, 'D8as_v6_US East_2': 50, 'D8as_v6_US East_3': 50, 'D8plds_v5_US East_1': 50, 'D8plds_v5_US East_2': 50, 'D8plds_v5_US East_3': 50, 'D8pls_v5_US East_1': 50, 'D8pls_v5_US East_2': 50, 'D8pls_v5_US East_3': 50, 'D8ps_v5_US East_1': 50, 'D8ps_v5_US East_2': 50, 'D8ps_v5_US East_3': 50, 'D96ads_v6_US East_2': 50, 'D96alds_v6_US East_2': 50, 'D96als_v6_US East_2': 50, 'D96as_v6_US East_1': 50, 'DC1s_v2_US East_1': 50, 'E16ads_v6_US East_2': 50, 'E16ads_v6_US East_3': 50, 'E16as_v6_US East_2': 50, 'E16as_v6_US East_3': 50, 'E20ads_v6_US East_2': 50, 'E20ads_v6_US East_3': 50, 'E20as_v6_US East_2': 50, 'E20as_v6_US East_3': 50, 'E2ads_v6_US East_1': 50, 'E2ads_v6_US East_2': 50, 'E2ads_v6_US East_3': 50, 'E2as_v6_US East_1': 50, 'E2as_v6_US East_2': 50, 'E2as_v6_US East_3': 50, 'E2ps_v5_US East_1': 50, 'E2ps_v5_US East_2': 50, 'E2ps_v5_US East_3': 50, 'E32ads_v6_US East_1': 50, 'E32as_v6_US East_1': 50, 'E48ads_v6_US East_3': 50, 'E48as_v6_US East_3': 50, 'E4ads_v6_US East_2': 50, 'E4ads_v6_US East_3': 50, 'E4as_v6_US East_1': 50, 'E4as_v6_US East_2': 50, 'E4ps_v5_US East_1': 50, 'E4ps_v5_US East_2': 50, 'E4ps_v5_US East_3': 50, 'E64ads_v6_US East_3': 50, 'E64as_v6_US East_1': 50, 'E8ads_v6_US East_2': 50, 'E8ads_v6_US East_3': 50, 'E8as_v6_US East_1': 50, 'E8as_v6_US East_2': 50, 'E8ps_v5_US East_1': 50, 'E96-48ads_v6_US East_1': 50, 'E96ads_v6_US East_1': 50, 'E96as_v6_US East_1': 50, 'F16als_v6_US East_2': 50, 'F16als_v6_US East_3': 50, 'F16ams_v6_US East_1': 50, 'F16ams_v6_US East_2': 50, 'F16as_v6_US East_2': 50, 'F16as_v6_US East_3': 50, 'F2als_v6_US East_1': 50, 'F2als_v6_US East_2': 50, 'F2als_v6_US East_3': 50, 'F2ams_v6_US East_1': 50, 'F2ams_v6_US East_2': 50, 'F2ams_v6_US East_3': 50, 'F2as_v6_US East_1': 50, 'F2as_v6_US East_2': 50, 'F2as_v6_US East_3': 50, 'F32als_v6_US East_3': 50, 'F32ams_v6_US East_2': 50, 'F32as_v6_US East_3': 50, 'F48als_v6_US East_2': 50, 'F48ams_v6_US East_3': 50, 'F48as_v6_US East_3': 50, 'F4als_v6_US East_2': 50, 'F4als_v6_US East_3': 50, 'F4ams_v6_US East_2': 50, 'F4ams_v6_US East_3': 50, 'F4as_v6_US East_1': 50, 'F4as_v6_US East_2': 50, 'F64als_v6_US East_3': 50, 'F64ams_v6_US East_3': 50, 'F64as_v6_US East_3': 50, 'F8als_v6_US East_1': 50, 'F8als_v6_US East_2': 50, 'F8ams_v6_US East_2': 50, 'F8ams_v6_US East_3': 50, 'F8as_v6_US East_2': 50, 'F8as_v6_US East_3': 50, 'M12ds_v3_US East_2': 50, 'M12s_v3_US East_3': 50, 'M32ls_US East_1': 50, 'M32ls_US East_2': 50, 'M32ls_US East_3': 50, 'M32ts_US East_1': 50, 'M32ts_US East_2': 50, 'M32ts_US East_3': 50, 'M64s_v2_US East_1': 50, 'NV4as_v4_US East_1': 50, 'NV4as_v4_US East_2': 50, 'NV4as_v4_US East_3': 50, 'NV8as_v4_US East_1': 50, 'NV8as_v4_US East_2': 50, 'NV8as_v4_US East_3': 50}"
0.73,2101.996650000001,4099590285,1950331.5029070089,141650,140650,"{'B16ps_v2_US East_2': 50, 'B2pls_v2_US East_1': 50, 'B2pls_v2_US East_2': 50, 'B2pls_v2_US East_3': 50, 'B2ps_v2_US East_1': 50, 'B2ps_v2_US East_2': 50, 'B2ps_v2_US East_3': 50, 'B4ps_v2_US East_1': 50, 'B4ps_v2_US East_2': 50, 'B4ps_v2_US East_3': 50, 'B8ps_v2_US East_1': 50, 'B8ps_v2_US East_2': 50, 'B8ps_v2_US East_3': 50, 'D16ads_v6_US East_2': 50, 'D16ads_v6_US East_3': 50, 'D16alds_v6_US East_1': 50, 'D16alds_v6_US East_3': 50, 'D16als_v6_US East_1': 50, 'D16als_v6_US East_2': 50, 'D16as_v6_US East_1': 50, 'D16as_v6_US East_3': 50, 'D16pds_v5_US East_3': 50, 'D16plds_v5_US East_2': 50, 'D16plds_v5_US East_3': 50, 'D16pls_v5_US East_2': 50, 'D16pls_v5_US East_3': 50, 'D16ps_v5_US East_2': 50, 'D2ads_v6_US East_1': 50, 'D2ads_v6_US East_2': 50, 'D2ads_v6_US East_3': 50, 'D2alds_v6_US East_1': 50, 'D2alds_v6_US East_2': 50, 'D2alds_v6_US East_3': 50, 'D2als_v6_US East_1': 50, 'D2als_v6_US East_2': 50, 'D2als_v6_US East_3': 50, 'D2as_v6_US East_1': 50, 'D2as_v6_US East_2': 50, 'D2as_v6_US East_3': 50, 'D2pds_v5_US East_1': 50, 'D2pds_v5_US East_2': 50, 'D2pds_v5_US East_3': 50, 'D2plds_v5_US East_1': 50, 'D2plds_v5_US East_2': 50, 'D2plds_v5_US East_3': 50, 'D2pls_v5_US East_1': 50, 'D2pls_v5_US East_2': 50, 'D2pls_v5_US East_3': 50, 'D2ps_v5_US East_1': 50, 'D2ps_v5_US East_2': 50, 'D2ps_v5_US East_3': 50, 'D32ads_v6_US East_1': 50, 'D32ads_v6_US East_3': 50, 'D32alds_v6_US East_1': 50, 'D32alds_v6_US East_2': 50, 'D32als_v6_US East_1': 50, 'D32als_v6_US East_2': 50, 'D32as_v6_US East_2': 50, 'D32as_v6_US East_3': 50, 'D32plds_v5_US East_2': 50, 'D32pls_v5_US East_2': 50, 'D48ads_v6_US East_2': 50, 'D48alds_v6_US East_3': 50, 'D48als_v6_US East_1': 50, 'D48als_v6_US East_2': 50, 'D4ads_v6_US East_1': 50, 'D4ads_v6_US East_2': 50, 'D4ads_v6_US East_3': 50, 'D4alds_v6_US East_1': 50, 'D4alds_v6_US East_2': 50, 'D4alds_v6_US East_3': 50, 'D4als_v6_US East_1': 50, 'D4als_v6_US East_2': 50, 'D4als_v6_US East_3': 50, 'D4as_v6_US East_1': 50, 'D4as_v6_US East_2': 50, 'D4as_v6_US East_3': 50, 'D4pds_v5_US East_1': 50, 'D4pds_v5_US East_2': 50, 'D4pds_v5_US East_3': 50, 'D4plds_v5_US East_1': 50, 'D4plds_v5_US East_2': 50, 'D4plds_v5_US East_3': 50, 'D4pls_v5_US East_1': 50, 'D4pls_v5_US East_2': 50, 'D4pls_v5_US East_3': 50, 'D4ps_v5_US East_1': 50, 'D4ps_v5_US East_2': 50, 'D4ps_v5_US East_3': 50, 'D64ads_v6_US East_2': 50, 'D64alds_v6_US East_1': 50, 'D64als_v6_US East_1': 50, 'D64as_v6_US East_2': 50, 'D8ads_v6_US East_1': 50, 'D8ads_v6_US East_2': 50, 'D8alds_v6_US East_1': 50, 'D8alds_v6_US East_3': 50, 'D8als_v6_US East_1': 50, 'D8als_v6_US East_3': 50, 'D8as_v6_US East_2': 50, 'D8as_v6_US East_3': 50, 'D8plds_v5_US East_1': 50, 'D8plds_v5_US East_2': 50, 'D8plds_v5_US East_3': 50, 'D8pls_v5_US East_1': 50, 'D8pls_v5_US East_2': 50, 'D8pls_v5_US East_3': 50, 'D8ps_v5_US East_1': 50, 'D8ps_v5_US East_2': 50, 'D8ps_v5_US East_3': 50, 'D96ads_v6_US East_2': 50, 'D96alds_v6_US East_2': 50, 'D96als_v6_US East_2': 50, 'D96as_v6_US East_1': 50, 'DC1s_v2_US East_1': 50, 'E16ads_v6_US East_2': 50, 'E16ads_v6_US East_3': 50, 'E16as_v6_US East_2': 50, 'E16as_v6_US East_3': 50, 'E20ads_v6_US East_2': 50, 'E20ads_v6_US East_3': 50, 'E20as_v6_US East_2': 50, 'E20as_v6_US East_3': 50, 'E2ads_v6_US East_1': 50, 'E2ads_v6_US East_2': 50, 'E2ads_v6_US East_3': 50, 'E2as_v6_US East_1': 50, 'E2as_v6_US East_2': 50, 'E2as_v6_US East_3': 50, 'E2ps_v5_US East_1': 50, 'E2ps_v5_US East_2': 50, 'E2ps_v5_US East_3': 50, 'E32ads_v6_US East_1': 50, 'E32as_v6_US East_1': 50, 'E48ads_v6_US East_3': 50, 'E48as_v6_US East_3': 50, 'E4ads_v6_US East_2': 50, 'E4ads_v6_US East_3': 50, 'E4as_v6_US East_1': 50, 'E4as_v6_US East_2': 50, 'E4ps_v5_US East_1': 50, 'E4ps_v5_US East_2': 50, 'E4ps_v5_US East_3': 50, 'E64ads_v6_US East_3': 50, 'E64as_v6_US East_1': 50, 'E8ads_v6_US East_2': 50, 'E8ads_v6_US East_3': 50, 'E8as_v6_US East_1': 50, 'E8as_v6_US East_2': 50, 'E8ps_v5_US East_1': 50, 'E96-48ads_v6_US East_1': 50, 'E96ads_v6_US East_1': 50, 'E96as_v6_US East_1': 50, 'F16als_v6_US East_2': 50, 'F16als_v6_US East_3': 50, 'F16ams_v6_US East_1': 50, 'F16ams_v6_US East_2': 50, 'F16as_v6_US East_2': 50, 'F16as_v6_US East_3': 50, 'F2als_v6_US East_1': 50, 'F2als_v6_US East_2': 50, 'F2als_v6_US East_3': 50, 'F2ams_v6_US East_1': 50, 'F2ams_v6_US East_2': 50, 'F2ams_v6_US East_3': 50, 'F2as_v6_US East_1': 50, 'F2as_v6_US East_2': 50, 'F2as_v6_US East_3': 50, 'F32als_v6_US East_3': 50, 'F32ams_v6_US East_2': 50, 'F32as_v6_US East_3': 50, 'F48als_v6_US East_2': 50, 'F48ams_v6_US East_3': 50, 'F48as_v6_US East_3': 50, 'F4als_v6_US East_2': 50, 'F4als_v6_US East_3': 50, 'F4ams_v6_US East_2': 50, 'F4ams_v6_US East_3': 50, 'F4as_v6_US East_1': 50, 'F4as_v6_US East_2': 50, 'F64als_v6_US East_3': 50, 'F64ams_v6_US East_3': 50, 'F64as_v6_US East_3': 50, 'F8als_v6_US East_1': 50, 'F8als_v6_US East_2': 50, 'F8ams_v6_US East_2': 50, 'F8ams_v6_US East_3': 50, 'F8as_v6_US East_2': 50, 'F8as_v6_US East_3': 50, 'M12ds_v3_US East_2': 50, 'M12s_v3_US East_3': 50, 'M32ls_US East_1': 50, 'M32ls_US East_2': 50, 'M32ls_US East_3': 50, 'M32ts_US East_1': 50, 'M32ts_US East_2': 50, 'M32ts_US East_3': 50, 'M64s_v2_US East_1': 50, 'NV4as_v4_US East_1': 50, 'NV4as_v4_US East_2': 50, 'NV4as_v4_US East_3': 50, 'NV8as_v4_US East_1': 50, 'NV8as_v4_US East_2': 50, 'NV8as_v4_US East_3': 50}"
0.74,2170.302650000001,4138055361,1906672.0309722694,142850,141850,"{'B16ps_v2_US East_2': 50, 'B2pls_v2_US East_1': 50, 'B2pls_v2_US East_2': 50, 'B2pls_v2_US East_3': 50, 'B2ps_v2_US East_1': 50, 'B2ps_v2_US East_2': 50, 'B2ps_v2_US East_3': 50, 'B4ps_v2_US East_1': 50, 'B4ps_v2_US East_2': 50, 'B4ps_v2_US East_3': 50, 'B8ps_v2_US East_1': 50, 'B8ps_v2_US East_2': 50, 'B8ps_v2_US East_3': 50, 'D16ads_v6_US East_2': 50, 'D16ads_v6_US East_3': 50, 'D16alds_v6_US East_1': 50, 'D16alds_v6_US East_3': 50, 'D16als_v6_US East_1': 50, 'D16als_v6_US East_2': 50, 'D16as_v6_US East_1': 50, 'D16as_v6_US East_3': 50, 'D16pds_v5_US East_3': 50, 'D16plds_v5_US East_2': 50, 'D16plds_v5_US East_3': 50, 'D16pls_v5_US East_2': 50, 'D16pls_v5_US East_3': 50, 'D16ps_v5_US East_2': 50, 'D2ads_v6_US East_1': 50, 'D2ads_v6_US East_2': 50, 'D2ads_v6_US East_3': 50, 'D2alds_v6_US East_1': 50, 'D2alds_v6_US East_2': 50, 'D2alds_v6_US East_3': 50, 'D2als_v6_US East_1': 50, 'D2als_v6_US East_2': 50, 'D2als_v6_US East_3': 50, 'D2as_v6_US East_1': 50, 'D2as_v6_US East_2': 50, 'D2as_v6_US East_3': 50, 'D2pds_v5_US East_1': 50, 'D2pds_v5_US East_2': 50, 'D2pds_v5_US East_3': 50, 'D2plds_v5_US East_1': 50, 'D2plds_v5_US East_2': 50, 'D2plds_v5_US East_3': 50, 'D2pls_v5_US East_1': 50, 'D2pls_v5_US East_2': 50, 'D2pls_v5_US East_3': 50, 'D2ps_v5_US East_1': 50, 'D2ps_v5_US East_2': 50, 'D2ps_v5_US East_3': 50, 'D32ads_v6_US East_1': 50, 'D32ads_v6_US East_3': 50, 'D32alds_v6_US East_1': 50, 'D32alds_v6_US East_2': 50, 'D32als_v6_US East_1': 50, 'D32als_v6_US East_2': 50, 'D32as_v6_US East_2': 50, 'D32as_v6_US East_3': 50, 'D32plds_v5_US East_2': 50, 'D32pls_v5_US East_2': 50, 'D48ads_v6_US East_2': 50, 'D48alds_v6_US East_3': 50, 'D48als_v6_US East_1': 50, 'D48als_v6_US East_2': 50, 'D4ads_v6_US East_1': 50, 'D4ads_v6_US East_2': 50, 'D4ads_v6_US East_3': 50, 'D4alds_v6_US East_1': 50, 'D4alds_v6_US East_2': 50, 'D4alds_v6_US East_3': 50, 'D4als_v6_US East_1': 50, 'D4als_v6_US East_2': 50, 'D4als_v6_US East_3': 50, 'D4as_v6_US East_1': 50, 'D4as_v6_US East_2': 50, 'D4as_v6_US East_3': 50, 'D4pds_v5_US East_1': 50, 'D4pds_v5_US East_2': 50, 'D4pds_v5_US East_3': 50, 'D4plds_v5_US East_1': 50, 'D4plds_v5_US East_2': 50, 'D4plds_v5_US East_3': 50, 'D4pls_v5_US East_1': 50, 'D4pls_v5_US East_2': 50, 'D4pls_v5_US East_3': 50, 'D4ps_v5_US East_1': 50, 'D4ps_v5_US East_2': 50, 'D4ps_v5_US East_3': 50, 'D64ads_v6_US East_2': 50, 'D64alds_v6_US East_1': 50, 'D64als_v6_US East_1': 50, 'D64as_v6_US East_2': 50, 'D8ads_v6_US East_1': 50, 'D8ads_v6_US East_2': 50, 'D8alds_v6_US East_1': 50, 'D8alds_v6_US East_3': 50, 'D8als_v6_US East_1': 50, 'D8als_v6_US East_3': 50, 'D8as_v6_US East_2': 50, 'D8as_v6_US East_3': 50, 'D8plds_v5_US East_1': 50, 'D8plds_v5_US East_2': 50, 'D8plds_v5_US East_3': 50, 'D8pls_v5_US East_1': 50, 'D8pls_v5_US East_2': 50, 'D8pls_v5_US East_3': 50, 'D8ps_v5_US East_1': 50, 'D8ps_v5_US East_2': 50, 'D8ps_v5_US East_3': 50, 'D96ads_v6_US East_2': 50, 'D96alds_v6_US East_2': 50, 'D96als_v6_US East_2': 50, 'D96as_v6_US East_1': 50, 'DC1s_v2_US East_1': 50, 'E16ads_v6_US East_2': 50, 'E16ads_v6_US East_3': 50, 'E16as_v6_US East_2': 50, 'E16as_v6_US East_3': 50, 'E20ads_v6_US East_2': 50, 'E20ads_v6_US East_3': 50, 'E20as_v6_US East_2': 50, 'E20as_v6_US East_3': 50, 'E2ads_v6_US East_1': 50, 'E2ads_v6_US East_2': 50, 'E2ads_v6_US East_3': 50, 'E2as_v6_US East_1': 50, 'E2as_v6_US East_2': 50, 'E2as_v6_US East_3': 50, 'E2ps_v5_US East_1': 50, 'E2ps_v5_US East_2': 50, 'E2ps_v5_US East_3': 50, 'E32ads_v6_US East_1': 50, 'E32as_v6_US East_1': 50, 'E48ads_v6_US East_3': 50, 'E48as_v6_US East_3': 50, 'E4ads_v6_US East_2': 50, 'E4ads_v6_US East_3': 50, 'E4as_v6_US East_1': 50, 'E4as_v6_US East_2': 50, 'E4ps_v5_US East_1': 50, 'E4ps_v5_US East_2': 50, 'E4ps_v5_US East_3': 50, 'E64ads_v6_US East_3': 50, 'E64as_v6_US East_1': 50, 'E8ads_v6_US East_2': 50, 'E8ads_v6_US East_3': 50, 'E8as_v6_US East_1': 50, 'E8as_v6_US East_2': 50, 'E8ps_v5_US East_1': 50, 'E96-24ads_v6_US East_1': 50, 'E96-48ads_v6_US East_1': 50, 'E96ads_v6_US East_1': 50, 'E96as_v6_US East_1': 50, 'F16als_v6_US East_2': 50, 'F16als_v6_US East_3': 50, 'F16ams_v6_US East_1': 50, 'F16ams_v6_US East_2': 50, 'F16as_v6_US East_2': 50, 'F16as_v6_US East_3': 50, 'F2als_v6_US East_1': 50, 'F2als_v6_US East_2': 50, 'F2als_v6_US East_3': 50, 'F2ams_v6_US East_1': 50, 'F2ams_v6_US East_2': 50, 'F2ams_v6_US East_3': 50, 'F2as_v6_US East_1': 50, 'F2as_v6_US East_2': 50, 'F2as_v6_US East_3': 50, 'F32als_v6_US East_3': 50, 'F32ams_v6_US East_2': 50, 'F32as_v6_US East_3': 50, 'F48als_v6_US East_2': 50, 'F48ams_v6_US East_3': 50, 'F48as_v6_US East_3': 50, 'F4als_v6_US East_2': 50, 'F4als_v6_US East_3': 50, 'F4ams_v6_US East_2': 50, 'F4ams_v6_US East_3': 50, 'F4as_v6_US East_1': 50, 'F4as_v6_US East_2': 50, 'F64als_v6_US East_3': 50, 'F64ams_v6_US East_3': 50, 'F64as_v6_US East_3': 50, 'F8als_v6_US East_1': 50, 'F8als_v6_US East_2': 50, 'F8ams_v6_US East_2': 50, 'F8ams_v6_US East_3': 50, 'F8as_v6_US East_2': 50, 'F8as_v6_US East_3': 50, 'M12ds_v3_US East_2': 50, 'M12s_v3_US East_3': 50, 'M32ls_US East_1': 50, 'M32ls_US East_2': 50, 'M32ls_US East_3': 50, 'M32ts_US East_1': 50, 'M32ts_US East_2': 50, 'M32ts_US East_3': 50, 'M64s_v2_US East_1': 50, 'NV4as_v4_US East_1': 50, 'NV4as_v4_US East_2': 50, 'NV4as_v4_US East_3': 50, 'NV8as_v4_US East_1': 50, 'NV8as_v4_US East_2': 50, 'NV8as_v4_US East_3': 50}"
0.75,2170.302650000001,4138055361,1906672.0309722694,142850,141850,"{'B16ps_v2_US East_2': 50, 'B2pls_v2_US East_1': 50, 'B2pls_v2_US East_2': 50, 'B2pls_v2_US East_3': 50, 'B2ps_v2_US East_1': 50, 'B2ps_v2_US East_2': 50, 'B2ps_v2_US East_3': 50, 'B4ps_v2_US East_1': 50, 'B4ps_v2_US East_2': 50, 'B4ps_v2_US East_3': 50, 'B8ps_v2_US East_1': 50, 'B8ps_v2_US East_2': 50, 'B8ps_v2_US East_3': 50, 'D16ads_v6_US East_2': 50, 'D16ads_v6_US East_3': 50, 'D16alds_v6_US East_1': 50, 'D16alds_v6_US East_3': 50, 'D16als_v6_US East_1': 50, 'D16als_v6_US East_2': 50, 'D16as_v6_US East_1': 50, 'D16as_v6_US East_3': 50, 'D16pds_v5_US East_3': 50, 'D16plds_v5_US East_2': 50, 'D16plds_v5_US East_3': 50, 'D16pls_v5_US East_2': 50, 'D16pls_v5_US East_3': 50, 'D16ps_v5_US East_2': 50, 'D2ads_v6_US East_1': 50, 'D2ads_v6_US East_2': 50, 'D2ads_v6_US East_3': 50, 'D2alds_v6_US East_1': 50, 'D2alds_v6_US East_2': 50, 'D2alds_v6_US East_3': 50, 'D2als_v6_US East_1': 50, 'D2als_v6_US East_2': 50, 'D2als_v6_US East_3': 50, 'D2as_v6_US East_1': 50, 'D2as_v6_US East_2': 50, 'D2as_v6_US East_3': 50, 'D2pds_v5_US East_1': 50, 'D2pds_v5_US East_2': 50, 'D2pds_v5_US East_3': 50, 'D2plds_v5_US East_1': 50, 'D2plds_v5_US East_2': 50, 'D2plds_v5_US East_3': 50, 'D2pls_v5_US East_1': 50, 'D2pls_v5_US East_2': 50, 'D2pls_v5_US East_3': 50, 'D2ps_v5_US East_1': 50, 'D2ps_v5_US East_2': 50, 'D2ps_v5_US East_3': 50, 'D32ads_v6_US East_1': 50, 'D32ads_v6_US East_3': 50, 'D32alds_v6_US East_1': 50, 'D32alds_v6_US East_2': 50, 'D32als_v6_US East_1': 50, 'D32als_v6_US East_2': 50, 'D32as_v6_US East_2': 50, 'D32as_v6_US East_3': 50, 'D32plds_v5_US East_2': 50, 'D32pls_v5_US East_2': 50, 'D48ads_v6_US East_2': 50, 'D48alds_v6_US East_3': 50, 'D48als_v6_US East_1': 50, 'D48als_v6_US East_2': 50, 'D4ads_v6_US East_1': 50, 'D4ads_v6_US East_2': 50, 'D4ads_v6_US East_3': 50, 'D4alds_v6_US East_1': 50, 'D4alds_v6_US East_2': 50, 'D4alds_v6_US East_3': 50, 'D4als_v6_US East_1': 50, 'D4als_v6_US East_2': 50, 'D4als_v6_US East_3': 50, 'D4as_v6_US East_1': 50, 'D4as_v6_US East_2': 50, 'D4as_v6_US East_3': 50, 'D4pds_v5_US East_1': 50, 'D4pds_v5_US East_2': 50, 'D4pds_v5_US East_3': 50, 'D4plds_v5_US East_1': 50, 'D4plds_v5_US East_2': 50, 'D4plds_v5_US East_3': 50, 'D4pls_v5_US East_1': 50, 'D4pls_v5_US East_2': 50, 'D4pls_v5_US East_3': 50, 'D4ps_v5_US East_1': 50, 'D4ps_v5_US East_2': 50, 'D4ps_v5_US East_3': 50, 'D64ads_v6_US East_2': 50, 'D64alds_v6_US East_1': 50, 'D64als_v6_US East_1': 50, 'D64as_v6_US East_2': 50, 'D8ads_v6_US East_1': 50, 'D8ads_v6_US East_2': 50, 'D8alds_v6_US East_1': 50, 'D8alds_v6_US East_3': 50, 'D8als_v6_US East_1': 50, 'D8als_v6_US East_3': 50, 'D8as_v6_US East_2': 50, 'D8as_v6_US East_3': 50, 'D8plds_v5_US East_1': 50, 'D8plds_v5_US East_2': 50, 'D8plds_v5_US East_3': 50, 'D8pls_v5_US East_1': 50, 'D8pls_v5_US East_2': 50, 'D8pls_v5_US East_3': 50, 'D8ps_v5_US East_1': 50, 'D8ps_v5_US East_2': 50, 'D8ps_v5_US East_3': 50, 'D96ads_v6_US East_2': 50, 'D96alds_v6_US East_2': 50, 'D96als_v6_US East_2': 50, 'D96as_v6_US East_1': 50, 'DC1s_v2_US East_1': 50, 'E16ads_v6_US East_2': 50, 'E16ads_v6_US East_3': 50, 'E16as_v6_US East_2': 50, 'E16as_v6_US East_3': 50, 'E20ads_v6_US East_2': 50, 'E20ads_v6_US East_3': 50, 'E20as_v6_US East_2': 50, 'E20as_v6_US East_3': 50, 'E2ads_v6_US East_1': 50, 'E2ads_v6_US East_2': 50, 'E2ads_v6_US East_3': 50, 'E2as_v6_US East_1': 50, 'E2as_v6_US East_2': 50, 'E2as_v6_US East_3': 50, 'E2ps_v5_US East_1': 50, 'E2ps_v5_US East_2': 50, 'E2ps_v5_US East_3': 50, 'E32ads_v6_US East_1': 50, 'E32as_v6_US East_1': 50, 'E48ads_v6_US East_3': 50, 'E48as_v6_US East_3': 50, 'E4ads_v6_US East_2': 50, 'E4ads_v6_US East_3': 50, 'E4as_v6_US East_1': 50, 'E4as_v6_US East_2': 50, 'E4ps_v5_US East_1': 50, 'E4ps_v5_US East_2': 50, 'E4ps_v5_US East_3': 50, 'E64ads_v6_US East_3': 50, 'E64as_v6_US East_1': 50, 'E8ads_v6_US East_2': 50, 'E8ads_v6_US East_3': 50, 'E8as_v6_US East_1': 50, 'E8as_v6_US East_2': 50, 'E8ps_v5_US East_1': 50, 'E96-24ads_v6_US East_1': 50, 'E96-48ads_v6_US East_1': 50, 'E96ads_v6_US East_1': 50, 'E96as_v6_US East_1': 50, 'F16als_v6_US East_2': 50, 'F16als_v6_US East_3': 50, 'F16ams_v6_US East_1': 50, 'F16ams_v6_US East_2': 50, 'F16as_v6_US East_2': 50, 'F16as_v6_US East_3': 50, 'F2als_v6_US East_1': 50, 'F2als_v6_US East_2': 50, 'F2als_v6_US East_3': 50, 'F2ams_v6_US East_1': 50, 'F2ams_v6_US East_2': 50, 'F2ams_v6_US East_3': 50, 'F2as_v6_US East_1': 50, 'F2as_v6_US East_2': 50, 'F2as_v6_US East_3': 50, 'F32als_v6_US East_3': 50, 'F32ams_v6_US East_2': 50, 'F32as_v6_US East_3': 50, 'F48als_v6_US East_2': 50, 'F48ams_v6_US East_3': 50, 'F48as_v6_US East_3': 50, 'F4als_v6_US East_2': 50, 'F4als_v6_US East_3': 50, 'F4ams_v6_US East_2': 50, 'F4ams_v6_US East_3': 50, 'F4as_v6_US East_1': 50, 'F4as_v6_US East_2': 50, 'F64als_v6_US East_3': 50, 'F64ams_v6_US East_3': 50, 'F64as_v6_US East_3': 50, 'F8als_v6_US East_1': 50, 'F8als_v6_US East_2': 50, 'F8ams_v6_US East_2': 50, 'F8ams_v6_US East_3': 50, 'F8as_v6_US East_2': 50, 'F8as_v6_US East_3': 50, 'M12ds_v3_US East_2': 50, 'M12s_v3_US East_3': 50, 'M32ls_US East_1': 50, 'M32ls_US East_2': 50, 'M32ls_US East_3': 50, 'M32ts_US East_1': 50, 'M32ts_US East_2': 50, 'M32ts_US East_3': 50, 'M64s_v2_US East_1': 50, 'NV4as_v4_US East_1': 50, 'NV4as_v4_US East_2': 50, 'NV4as_v4_US East_3': 50, 'NV8as_v4_US East_1': 50, 'NV8as_v4_US East_2': 50, 'NV8as_v4_US East_3': 50}"
0.76,2170.302650000001,4138055361,1906672.0309722694,142850,141850,"{'B16ps_v2_US East_2': 50, 'B2pls_v2_US East_1': 50, 'B2pls_v2_US East_2': 50, 'B2pls_v2_US East_3': 50, 'B2ps_v2_US East_1': 50, 'B2ps_v2_US East_2': 50, 'B2ps_v2_US East_3': 50, 'B4ps_v2_US East_1': 50, 'B4ps_v2_US East_2': 50, 'B4ps_v2_US East_3': 50, 'B8ps_v2_US East_1': 50, 'B8ps_v2_US East_2': 50, 'B8ps_v2_US East_3': 50, 'D16ads_v6_US East_2': 50, 'D16ads_v6_US East_3': 50, 'D16alds_v6_US East_1': 50, 'D16alds_v6_US East_3': 50, 'D16als_v6_US East_1': 50, 'D16als_v6_US East_2': 50, 'D16as_v6_US East_1': 50, 'D16as_v6_US East_3': 50, 'D16pds_v5_US East_3': 50, 'D16plds_v5_US East_2': 50, 'D16plds_v5_US East_3': 50, 'D16pls_v5_US East_2': 50, 'D16pls_v5_US East_3': 50, 'D16ps_v5_US East_2': 50, 'D2ads_v6_US East_1': 50, 'D2ads_v6_US East_2': 50, 'D2ads_v6_US East_3': 50, 'D2alds_v6_US East_1': 50, 'D2alds_v6_US East_2': 50, 'D2alds_v6_US East_3': 50, 'D2als_v6_US East_1': 50, 'D2als_v6_US East_2': 50, 'D2als_v6_US East_3': 50, 'D2as_v6_US East_1': 50, 'D2as_v6_US East_2': 50, 'D2as_v6_US East_3': 50, 'D2pds_v5_US East_1': 50, 'D2pds_v5_US East_2': 50, 'D2pds_v5_US East_3': 50, 'D2plds_v5_US East_1': 50, 'D2plds_v5_US East_2': 50, 'D2plds_v5_US East_3': 50, 'D2pls_v5_US East_1': 50, 'D2pls_v5_US East_2': 50, 'D2pls_v5_US East_3': 50, 'D2ps_v5_US East_1': 50, 'D2ps_v5_US East_2': 50, 'D2ps_v5_US East_3': 50, 'D32ads_v6_US East_1': 50, 'D32ads_v6_US East_3': 50, 'D32alds_v6_US East_1': 50, 'D32alds_v6_US East_2': 50, 'D32als_v6_US East_1': 50, 'D32als_v6_US East_2': 50, 'D32as_v6_US East_2': 50, 'D32as_v6_US East_3': 50, 'D32plds_v5_US East_2': 50, 'D32pls_v5_US East_2': 50, 'D48ads_v6_US East_2': 50, 'D48alds_v6_US East_3': 50, 'D48als_v6_US East_1': 50, 'D48als_v6_US East_2': 50, 'D4ads_v6_US East_1': 50, 'D4ads_v6_US East_2': 50, 'D4ads_v6_US East_3': 50, 'D4alds_v6_US East_1': 50, 'D4alds_v6_US East_2': 50, 'D4alds_v6_US East_3': 50, 'D4als_v6_US East_1': 50, 'D4als_v6_US East_2': 50, 'D4als_v6_US East_3': 50, 'D4as_v6_US East_1': 50, 'D4as_v6_US East_2': 50, 'D4as_v6_US East_3': 50, 'D4pds_v5_US East_1': 50, 'D4pds_v5_US East_2': 50, 'D4pds_v5_US East_3': 50, 'D4plds_v5_US East_1': 50, 'D4plds_v5_US East_2': 50, 'D4plds_v5_US East_3': 50, 'D4pls_v5_US East_1': 50, 'D4pls_v5_US East_2': 50, 'D4pls_v5_US East_3': 50, 'D4ps_v5_US East_1': 50, 'D4ps_v5_US East_2': 50, 'D4ps_v5_US East_3': 50, 'D64ads_v6_US East_2': 50, 'D64alds_v6_US East_1': 50, 'D64als_v6_US East_1': 50, 'D64as_v6_US East_2': 50, 'D8ads_v6_US East_1': 50, 'D8ads_v6_US East_2': 50, 'D8alds_v6_US East_1': 50, 'D8alds_v6_US East_3': 50, 'D8als_v6_US East_1': 50, 'D8als_v6_US East_3': 50, 'D8as_v6_US East_2': 50, 'D8as_v6_US East_3': 50, 'D8plds_v5_US East_1': 50, 'D8plds_v5_US East_2': 50, 'D8plds_v5_US East_3': 50, 'D8pls_v5_US East_1': 50, 'D8pls_v5_US East_2': 50, 'D8pls_v5_US East_3': 50, 'D8ps_v5_US East_1': 50, 'D8ps_v5_US East_2': 50, 'D8ps_v5_US East_3': 50, 'D96ads_v6_US East_2': 50, 'D96alds_v6_US East_2': 50, 'D96als_v6_US East_2': 50, 'D96as_v6_US East_1': 50, 'DC1s_v2_US East_1': 50, 'E16ads_v6_US East_2': 50, 'E16ads_v6_US East_3': 50, 'E16as_v6_US East_2': 50, 'E16as_v6_US East_3': 50, 'E20ads_v6_US East_2': 50, 'E20ads_v6_US East_3': 50, 'E20as_v6_US East_2': 50, 'E20as_v6_US East_3': 50, 'E2ads_v6_US East_1': 50, 'E2ads_v6_US East_2': 50, 'E2ads_v6_US East_3': 50, 'E2as_v6_US East_1': 50, 'E2as_v6_US East_2': 50, 'E2as_v6_US East_3': 50, 'E2ps_v5_US East_1': 50, 'E2ps_v5_US East_2': 50, 'E2ps_v5_US East_3': 50, 'E32ads_v6_US East_1': 50, 'E32as_v6_US East_1': 50, 'E48ads_v6_US East_3': 50, 'E48as_v6_US East_3': 50, 'E4ads_v6_US East_2': 50, 'E4ads_v6_US East_3': 50, 'E4as_v6_US East_1': 50, 'E4as_v6_US East_2': 50, 'E4ps_v5_US East_1': 50, 'E4ps_v5_US East_2': 50, 'E4ps_v5_US East_3': 50, 'E64ads_v6_US East_3': 50, 'E64as_v6_US East_1': 50, 'E8ads_v6_US East_2': 50, 'E8ads_v6_US East_3': 50, 'E8as_v6_US East_1': 50, 'E8as_v6_US East_2': 50, 'E8ps_v5_US East_1': 50, 'E96-24ads_v6_US East_1': 50, 'E96-48ads_v6_US East_1': 50, 'E96ads_v6_US East_1': 50, 'E96as_v6_US East_1': 50, 'F16als_v6_US East_2': 50, 'F16als_v6_US East_3': 50, 'F16ams_v6_US East_1': 50, 'F16ams_v6_US East_2': 50, 'F16as_v6_US East_2': 50, 'F16as_v6_US East_3': 50, 'F2als_v6_US East_1': 50, 'F2als_v6_US East_2': 50, 'F2als_v6_US East_3': 50, 'F2ams_v6_US East_1': 50, 'F2ams_v6_US East_2': 50, 'F2ams_v6_US East_3': 50, 'F2as_v6_US East_1': 50, 'F2as_v6_US East_2': 50, 'F2as_v6_US East_3': 50, 'F32als_v6_US East_3': 50, 'F32ams_v6_US East_2': 50, 'F32as_v6_US East_3': 50, 'F48als_v6_US East_2': 50, 'F48ams_v6_US East_3': 50, 'F48as_v6_US East_3': 50, 'F4als_v6_US East_2': 50, 'F4als_v6_US East_3': 50, 'F4ams_v6_US East_2': 50, 'F4ams_v6_US East_3': 50, 'F4as_v6_US East_1': 50, 'F4as_v6_US East_2': 50, 'F64als_v6_US East_3': 50, 'F64ams_v6_US East_3': 50, 'F64as_v6_US East_3': 50, 'F8als_v6_US East_1': 50, 'F8als_v6_US East_2': 50, 'F8ams_v6_US East_2': 50, 'F8ams_v6_US East_3': 50, 'F8as_v6_US East_2': 50, 'F8as_v6_US East_3': 50, 'M12ds_v3_US East_2': 50, 'M12s_v3_US East_3': 50, 'M32ls_US East_1': 50, 'M32ls_US East_2': 50, 'M32ls_US East_3': 50, 'M32ts_US East_1': 50, 'M32ts_US East_2': 50, 'M32ts_US East_3': 50, 'M64s_v2_US East_1': 50, 'NV4as_v4_US East_1': 50, 'NV4as_v4_US East_2': 50, 'NV4as_v4_US East_3': 50, 'NV8as_v4_US East_1': 50, 'NV8as_v4_US East_2': 50, 'NV8as_v4_US East_3': 50}"
0.77,2170.302650000001,4138055361,1906672.0309722694,142850,141850,"{'B16ps_v2_US East_2': 50, 'B2pls_v2_US East_1': 50, 'B2pls_v2_US East_2': 50, 'B2pls_v2_US East_3': 50, 'B2ps_v2_US East_1': 50, 'B2ps_v2_US East_2': 50, 'B2ps_v2_US East_3': 50, 'B4ps_v2_US East_1': 50, 'B4ps_v2_US East_2': 50, 'B4ps_v2_US East_3': 50, 'B8ps_v2_US East_1': 50, 'B8ps_v2_US East_2': 50, 'B8ps_v2_US East_3': 50, 'D16ads_v6_US East_2': 50, 'D16ads_v6_US East_3': 50, 'D16alds_v6_US East_1': 50, 'D16alds_v6_US East_3': 50, 'D16als_v6_US East_1': 50, 'D16als_v6_US East_2': 50, 'D16as_v6_US East_1': 50, 'D16as_v6_US East_3': 50, 'D16pds_v5_US East_3': 50, 'D16plds_v5_US East_2': 50, 'D16plds_v5_US East_3': 50, 'D16pls_v5_US East_2': 50, 'D16pls_v5_US East_3': 50, 'D16ps_v5_US East_2': 50, 'D2ads_v6_US East_1': 50, 'D2ads_v6_US East_2': 50, 'D2ads_v6_US East_3': 50, 'D2alds_v6_US East_1': 50, 'D2alds_v6_US East_2': 50, 'D2alds_v6_US East_3': 50, 'D2als_v6_US East_1': 50, 'D2als_v6_US East_2': 50, 'D2als_v6_US East_3': 50, 'D2as_v6_US East_1': 50, 'D2as_v6_US East_2': 50, 'D2as_v6_US East_3': 50, 'D2pds_v5_US East_1': 50, 'D2pds_v5_US East_2': 50, 'D2pds_v5_US East_3': 50, 'D2plds_v5_US East_1': 50, 'D2plds_v5_US East_2': 50, 'D2plds_v5_US East_3': 50, 'D2pls_v5_US East_1': 50, 'D2pls_v5_US East_2': 50, 'D2pls_v5_US East_3': 50, 'D2ps_v5_US East_1': 50, 'D2ps_v5_US East_2': 50, 'D2ps_v5_US East_3': 50, 'D32ads_v6_US East_1': 50, 'D32ads_v6_US East_3': 50, 'D32alds_v6_US East_1': 50, 'D32alds_v6_US East_2': 50, 'D32als_v6_US East_1': 50, 'D32als_v6_US East_2': 50, 'D32as_v6_US East_2': 50, 'D32as_v6_US East_3': 50, 'D32plds_v5_US East_2': 50, 'D32pls_v5_US East_2': 50, 'D48ads_v6_US East_2': 50, 'D48alds_v6_US East_3': 50, 'D48als_v6_US East_1': 50, 'D48als_v6_US East_2': 50, 'D4ads_v6_US East_1': 50, 'D4ads_v6_US East_2': 50, 'D4ads_v6_US East_3': 50, 'D4alds_v6_US East_1': 50, 'D4alds_v6_US East_2': 50, 'D4alds_v6_US East_3': 50, 'D4als_v6_US East_1': 50, 'D4als_v6_US East_2': 50, 'D4als_v6_US East_3': 50, 'D4as_v6_US East_1': 50, 'D4as_v6_US East_2': 50, 'D4as_v6_US East_3': 50, 'D4pds_v5_US East_1': 50, 'D4pds_v5_US East_2': 50, 'D4pds_v5_US East_3': 50, 'D4plds_v5_US East_1': 50, 'D4plds_v5_US East_2': 50, 'D4plds_v5_US East_3': 50, 'D4pls_v5_US East_1': 50, 'D4pls_v5_US East_2': 50, 'D4pls_v5_US East_3': 50, 'D4ps_v5_US East_1': 50, 'D4ps_v5_US East_2': 50, 'D4ps_v5_US East_3': 50, 'D64ads_v6_US East_2': 50, 'D64alds_v6_US East_1': 50, 'D64als_v6_US East_1': 50, 'D64as_v6_US East_2': 50, 'D8ads_v6_US East_1': 50, 'D8ads_v6_US East_2': 50, 'D8alds_v6_US East_1': 50, 'D8alds_v6_US East_3': 50, 'D8als_v6_US East_1': 50, 'D8als_v6_US East_3': 50, 'D8as_v6_US East_2': 50, 'D8as_v6_US East_3': 50, 'D8plds_v5_US East_1': 50, 'D8plds_v5_US East_2': 50, 'D8plds_v5_US East_3': 50, 'D8pls_v5_US East_1': 50, 'D8pls_v5_US East_2': 50, 'D8pls_v5_US East_3': 50, 'D8ps_v5_US East_1': 50, 'D8ps_v5_US East_2': 50, 'D8ps_v5_US East_3': 50, 'D96ads_v6_US East_2': 50, 'D96alds_v6_US East_2': 50, 'D96als_v6_US East_2': 50, 'D96as_v6_US East_1': 50, 'DC1s_v2_US East_1': 50, 'E16ads_v6_US East_2': 50, 'E16ads_v6_US East_3': 50, 'E16as_v6_US East_2': 50, 'E16as_v6_US East_3': 50, 'E20ads_v6_US East_2': 50, 'E20ads_v6_US East_3': 50, 'E20as_v6_US East_2': 50, 'E20as_v6_US East_3': 50, 'E2ads_v6_US East_1': 50, 'E2ads_v6_US East_2': 50, 'E2ads_v6_US East_3': 50, 'E2as_v6_US East_1': 50, 'E2as_v6_US East_2': 50, 'E2as_v6_US East_3': 50, 'E2ps_v5_US East_1': 50, 'E2ps_v5_US East_2': 50, 'E2ps_v5_US East_3': 50, 'E32ads_v6_US East_1': 50, 'E32as_v6_US East_1': 50, 'E48ads_v6_US East_3': 50, 'E48as_v6_US East_3': 50, 'E4ads_v6_US East_2': 50, 'E4ads_v6_US East_3': 50, 'E4as_v6_US East_1': 50, 'E4as_v6_US East_2': 50, 'E4ps_v5_US East_1': 50, 'E4ps_v5_US East_2': 50, 'E4ps_v5_US East_3': 50, 'E64ads_v6_US East_3': 50, 'E64as_v6_US East_1': 50, 'E8ads_v6_US East_2': 50, 'E8ads_v6_US East_3': 50, 'E8as_v6_US East_1': 50, 'E8as_v6_US East_2': 50, 'E8ps_v5_US East_1': 50, 'E96-24ads_v6_US East_1': 50, 'E96-48ads_v6_US East_1': 50, 'E96ads_v6_US East_1': 50, 'E96as_v6_US East_1': 50, 'F16als_v6_US East_2': 50, 'F16als_v6_US East_3': 50, 'F16ams_v6_US East_1': 50, 'F16ams_v6_US East_2': 50, 'F16as_v6_US East_2': 50, 'F16as_v6_US East_3': 50, 'F2als_v6_US East_1': 50, 'F2als_v6_US East_2': 50, 'F2als_v6_US East_3': 50, 'F2ams_v6_US East_1': 50, 'F2ams_v6_US East_2': 50, 'F2ams_v6_US East_3': 50, 'F2as_v6_US East_1': 50, 'F2as_v6_US East_2': 50, 'F2as_v6_US East_3': 50, 'F32als_v6_US East_3': 50, 'F32ams_v6_US East_2': 50, 'F32as_v6_US East_3': 50, 'F48als_v6_US East_2': 50, 'F48ams_v6_US East_3': 50, 'F48as_v6_US East_3': 50, 'F4als_v6_US East_2': 50, 'F4als_v6_US East_3': 50, 'F4ams_v6_US East_2': 50, 'F4ams_v6_US East_3': 50, 'F4as_v6_US East_1': 50, 'F4as_v6_US East_2': 50, 'F64als_v6_US East_3': 50, 'F64ams_v6_US East_3': 50, 'F64as_v6_US East_3': 50, 'F8als_v6_US East_1': 50, 'F8als_v6_US East_2': 50, 'F8ams_v6_US East_2': 50, 'F8ams_v6_US East_3': 50, 'F8as_v6_US East_2': 50, 'F8as_v6_US East_3': 50, 'M12ds_v3_US East_2': 50, 'M12s_v3_US East_3': 50, 'M32ls_US East_1': 50, 'M32ls_US East_2': 50, 'M32ls_US East_3': 50, 'M32ts_US East_1': 50, 'M32ts_US East_2': 50, 'M32ts_US East_3': 50, 'M64s_v2_US East_1': 50, 'NV4as_v4_US East_1': 50, 'NV4as_v4_US East_2': 50, 'NV4as_v4_US East_3': 50, 'NV8as_v4_US East_1': 50, 'NV8as_v4_US East_2': 50, 'NV8as_v4_US East_3': 50}"
0.78,2508.126350000002,4289431905,1710213.6443405242,152450,151450,"{'B16ps_v2_US East_2': 50, 'B2pls_v2_US East_1': 50, 'B2pls_v2_US East_2': 50, 'B2pls_v2_US East_3': 50, 'B2ps_v2_US East_1': 50, 'B2ps_v2_US East_2': 50, 'B2ps_v2_US East_3': 50, 'B4ps_v2_US East_1': 50, 'B4ps_v2_US East_2': 50, 'B4ps_v2_US East_3': 50, 'B8ps_v2_US East_1': 50, 'B8ps_v2_US East_2': 50, 'B8ps_v2_US East_3': 50, 'D16ads_v6_US East_2': 50, 'D16ads_v6_US East_3': 50, 'D16alds_v6_US East_1': 50, 'D16alds_v6_US East_3': 50, 'D16als_v6_US East_1': 50, 'D16als_v6_US East_2': 50, 'D16as_v6_US East_1': 50, 'D16as_v6_US East_3': 50, 'D16pds_v5_US East_3': 50, 'D16plds_v5_US East_2': 50, 'D16plds_v5_US East_3': 50, 'D16pls_v5_US East_2': 50, 'D16pls_v5_US East_3': 50, 'D16ps_v5_US East_2': 50, 'D2ads_v6_US East_1': 50, 'D2ads_v6_US East_2': 50, 'D2ads_v6_US East_3': 50, 'D2alds_v6_US East_1': 50, 'D2alds_v6_US East_2': 50, 'D2alds_v6_US East_3': 50, 'D2als_v6_US East_1': 50, 'D2als_v6_US East_2': 50, 'D2als_v6_US East_3': 50, 'D2as_v6_US East_1': 50, 'D2as_v6_US East_2': 50, 'D2as_v6_US East_3': 50, 'D2pds_v5_US East_1': 50, 'D2pds_v5_US East_2': 50, 'D2pds_v5_US East_3': 50, 'D2plds_v5_US East_1': 50, 'D2plds_v5_US East_2': 50, 'D2plds_v5_US East_3': 50, 'D2pls_v5_US East_1': 50, 'D2pls_v5_US East_2': 50, 'D2pls_v5_US East_3': 50, 'D2ps_v5_US East_1': 50, 'D2ps_v5_US East_2': 50, 'D2ps_v5_US East_3': 50, 'D32ads_v6_US East_1': 50, 'D32ads_v6_US East_3': 50, 'D32alds_v6_US East_1': 50, 'D32alds_v6_US East_2': 50, 'D32als_v6_US East_1': 50, 'D32als_v6_US East_2': 50, 'D32as_v6_US East_2': 50, 'D32as_v6_US East_3': 50, 'D32plds_v5_US East_2': 50, 'D32pls_v5_US East_2': 50, 'D48ads_v6_US East_2': 50, 'D48alds_v6_US East_3': 50, 'D48als_v6_US East_1': 50, 'D48als_v6_US East_2': 50, 'D4ads_v6_US East_1': 50, 'D4ads_v6_US East_2': 50, 'D4ads_v6_US East_3': 50, 'D4alds_v6_US East_1': 50, 'D4alds_v6_US East_2': 50, 'D4alds_v6_US East_3': 50, 'D4als_v6_US East_1': 50, 'D4als_v6_US East_2': 50, 'D4als_v6_US East_3': 50, 'D4as_v6_US East_1': 50, 'D4as_v6_US East_2': 50, 'D4as_v6_US East_3': 50, 'D4pds_v5_US East_1': 50, 'D4pds_v5_US East_2': 50, 'D4pds_v5_US East_3': 50, 'D4plds_v5_US East_1': 50, 'D4plds_v5_US East_2': 50, 'D4plds_v5_US East_3': 50, 'D4pls_v5_US East_1': 50, 'D4pls_v5_US East_2': 50, 'D4pls_v5_US East_3': 50, 'D4ps_v5_US East_1': 50, 'D4ps_v5_US East_2': 50, 'D4ps_v5_US East_3': 50, 'D64ads_v6_US East_2': 50, 'D64alds_v6_US East_1': 50, 'D64als_v6_US East_1': 50, 'D64as_v6_US East_2': 50, 'D8ads_v6_US East_1': 50, 'D8ads_v6_US East_2': 50, 'D8alds_v6_US East_1': 50, 'D8alds_v6_US East_3': 50, 'D8als_v6_US East_1': 50, 'D8als_v6_US East_3': 50, 'D8as_v6_US East_2': 50, 'D8as_v6_US East_3': 50, 'D8plds_v5_US East_1': 50, 'D8plds_v5_US East_2': 50, 'D8plds_v5_US East_3': 50, 'D8pls_v5_US East_1': 50, 'D8pls_v5_US East_2': 50, 'D8pls_v5_US East_3': 50, 'D8ps_v5_US East_1': 50, 'D8ps_v5_US East_2': 50, 'D8ps_v5_US East_3': 50, 'D96ads_v6_US East_2': 50, 'D96alds_v6_US East_2': 50, 'D96als_v6_US East_2': 50, 'D96as_v6_US East_1': 50, 'DC1s_v2_US East_1': 50, 'E16ads_v6_US East_2': 50, 'E16ads_v6_US East_3': 50, 'E16as_v6_US East_2': 50, 'E16as_v6_US East_3': 50, 'E20ads_v6_US East_2': 50, 'E20ads_v6_US East_3': 50, 'E20as_v6_US East_2': 50, 'E20as_v6_US East_3': 50, 'E2ads_v6_US East_1': 50, 'E2ads_v6_US East_2': 50, 'E2ads_v6_US East_3': 50, 'E2as_v6_US East_1': 50, 'E2as_v6_US East_2': 50, 'E2as_v6_US East_3': 50, 'E2ps_v5_US East_1': 50, 'E2ps_v5_US East_2': 50, 'E2ps_v5_US East_3': 50, 'E32ads_v6_US East_1': 50, 'E32as_v6_US East_1': 50, 'E48ads_v6_US East_3': 50, 'E48as_v6_US East_3': 50, 'E4ads_v6_US East_2': 50, 'E4ads_v6_US East_3': 50, 'E4as_v6_US East_1': 50, 'E4as_v6_US East_2': 50, 'E4ps_v5_US East_1': 50, 'E4ps_v5_US East_2': 50, 'E4ps_v5_US East_3': 50, 'E64ads_v6_US East_3': 50, 'E64as_v6_US East_1': 50, 'E8ads_v6_US East_2': 50, 'E8ads_v6_US East_3': 50, 'E8as_v6_US East_1': 50, 'E8as_v6_US East_2': 50, 'E8ps_v5_US East_1': 50, 'E96-24ads_v6_US East_1': 50, 'E96-48ads_v6_US East_1': 50, 'E96ads_v6_US East_1': 50, 'E96as_v6_US East_1': 50, 'F16als_v6_US East_2': 50, 'F16als_v6_US East_3': 50, 'F16ams_v6_US East_1': 50, 'F16ams_v6_US East_2': 50, 'F16as_v6_US East_2': 50, 'F16as_v6_US East_3': 50, 'F2als_v6_US East_1': 50, 'F2als_v6_US East_2': 50, 'F2als_v6_US East_3': 50, 'F2ams_v6_US East_1': 50, 'F2ams_v6_US East_2': 50, 'F2ams_v6_US East_3': 50, 'F2as_v6_US East_1': 50, 'F2as_v6_US East_2': 50, 'F2as_v6_US East_3': 50, 'F32als_v6_US East_3': 50, 'F32ams_v6_US East_2': 50, 'F32as_v6_US East_3': 50, 'F48als_v6_US East_2': 50, 'F48ams_v6_US East_3': 50, 'F48as_v6_US East_3': 50, 'F4als_v6_US East_2': 50, 'F4als_v6_US East_3': 50, 'F4ams_v6_US East_2': 50, 'F4ams_v6_US East_3': 50, 'F4as_v6_US East_1': 50, 'F4as_v6_US East_2': 50, 'F64als_v6_US East_3': 50, 'F64ams_v6_US East_3': 50, 'F64as_v6_US East_3': 50, 'F8als_v6_US East_1': 50, 'F8als_v6_US East_2': 50, 'F8ams_v6_US East_2': 50, 'F8ams_v6_US East_3': 50, 'F8as_v6_US East_2': 50, 'F8as_v6_US East_3': 50, 'M12ds_v3_US East_2': 50, 'M12s_v3_US East_3': 50, 'M32dms_v2_US East_1': 50, 'M32dms_v2_US East_2': 50, 'M32dms_v2_US East_3': 50, 'M32ls_US East_1': 50, 'M32ls_US East_2': 50, 'M32ls_US East_3': 50, 'M32ms_v2_US East_1': 50, 'M32ms_v2_US East_2': 50, 'M32ms_v2_US East_3': 50, 'M32ts_US East_1': 50, 'M32ts_US East_2': 50, 'M32ts_US East_3': 50, 'M64s_v2_US East_1': 50, 'NV4as_v4_US East_1': 50, 'NV4as_v4_US East_2': 50, 'NV4as_v4_US East_3': 50, 'NV8as_v4_US East_1': 50, 'NV8as_v4_US East_2': 50, 'NV8as_v4_US East_3': 50}"
0.79,2508.126350000002,4289431905,1710213.6443405242,152450,151450,"{'B16ps_v2_US East_2': 50, 'B2pls_v2_US East_1': 50, 'B2pls_v2_US East_2': 50, 'B2pls_v2_US East_3': 50, 'B2ps_v2_US East_1': 50, 'B2ps_v2_US East_2': 50, 'B2ps_v2_US East_3': 50, 'B4ps_v2_US East_1': 50, 'B4ps_v2_US East_2': 50, 'B4ps_v2_US East_3': 50, 'B8ps_v2_US East_1': 50, 'B8ps_v2_US East_2': 50, 'B8ps_v2_US East_3': 50, 'D16ads_v6_US East_2': 50, 'D16ads_v6_US East_3': 50, 'D16alds_v6_US East_1': 50, 'D16alds_v6_US East_3': 50, 'D16als_v6_US East_1': 50, 'D16als_v6_US East_2': 50, 'D16as_v6_US East_1': 50, 'D16as_v6_US East_3': 50, 'D16pds_v5_US East_3': 50, 'D16plds_v5_US East_2': 50, 'D16plds_v5_US East_3': 50, 'D16pls_v5_US East_2': 50, 'D16pls_v5_US East_3': 50, 'D16ps_v5_US East_2': 50, 'D2ads_v6_US East_1': 50, 'D2ads_v6_US East_2': 50, 'D2ads_v6_US East_3': 50, 'D2alds_v6_US East_1': 50, 'D2alds_v6_US East_2': 50, 'D2alds_v6_US East_3': 50, 'D2als_v6_US East_1': 50, 'D2als_v6_US East_2': 50, 'D2als_v6_US East_3': 50, 'D2as_v6_US East_1': 50, 'D2as_v6_US East_2': 50, 'D2as_v6_US East_3': 50, 'D2pds_v5_US East_1': 50, 'D2pds_v5_US East_2': 50, 'D2pds_v5_US East_3': 50, 'D2plds_v5_US East_1': 50, 'D2plds_v5_US East_2': 50, 'D2plds_v5_US East_3': 50, 'D2pls_v5_US East_1': 50, 'D2pls_v5_US East_2': 50, 'D2pls_v5_US East_3': 50, 'D2ps_v5_US East_1': 50, 'D2ps_v5_US East_2': 50, 'D2ps_v5_US East_3': 50, 'D32ads_v6_US East_1': 50, 'D32ads_v6_US East_3': 50, 'D32alds_v6_US East_1': 50, 'D32alds_v6_US East_2': 50, 'D32als_v6_US East_1': 50, 'D32als_v6_US East_2': 50, 'D32as_v6_US East_2': 50, 'D32as_v6_US East_3': 50, 'D32plds_v5_US East_2': 50, 'D32pls_v5_US East_2': 50, 'D48ads_v6_US East_2': 50, 'D48alds_v6_US East_3': 50, 'D48als_v6_US East_1': 50, 'D48als_v6_US East_2': 50, 'D4ads_v6_US East_1': 50, 'D4ads_v6_US East_2': 50, 'D4ads_v6_US East_3': 50, 'D4alds_v6_US East_1': 50, 'D4alds_v6_US East_2': 50, 'D4alds_v6_US East_3': 50, 'D4als_v6_US East_1': 50, 'D4als_v6_US East_2': 50, 'D4als_v6_US East_3': 50, 'D4as_v6_US East_1': 50, 'D4as_v6_US East_2': 50, 'D4as_v6_US East_3': 50, 'D4pds_v5_US East_1': 50, 'D4pds_v5_US East_2': 50, 'D4pds_v5_US East_3': 50, 'D4plds_v5_US East_1': 50, 'D4plds_v5_US East_2': 50, 'D4plds_v5_US East_3': 50, 'D4pls_v5_US East_1': 50, 'D4pls_v5_US East_2': 50, 'D4pls_v5_US East_3': 50, 'D4ps_v5_US East_1': 50, 'D4ps_v5_US East_2': 50, 'D4ps_v5_US East_3': 50, 'D64ads_v6_US East_2': 50, 'D64alds_v6_US East_1': 50, 'D64als_v6_US East_1': 50, 'D64as_v6_US East_2': 50, 'D8ads_v6_US East_1': 50, 'D8ads_v6_US East_2': 50, 'D8alds_v6_US East_1': 50, 'D8alds_v6_US East_3': 50, 'D8als_v6_US East_1': 50, 'D8als_v6_US East_3': 50, 'D8as_v6_US East_2': 50, 'D8as_v6_US East_3': 50, 'D8plds_v5_US East_1': 50, 'D8plds_v5_US East_2': 50, 'D8plds_v5_US East_3': 50, 'D8pls_v5_US East_1': 50, 'D8pls_v5_US East_2': 50, 'D8pls_v5_US East_3': 50, 'D8ps_v5_US East_1': 50, 'D8ps_v5_US East_2': 50, 'D8ps_v5_US East_3': 50, 'D96ads_v6_US East_2': 50, 'D96alds_v6_US East_2': 50, 'D96als_v6_US East_2': 50, 'D96as_v6_US East_1': 50, 'DC1s_v2_US East_1': 50, 'E16ads_v6_US East_2': 50, 'E16ads_v6_US East_3': 50, 'E16as_v6_US East_2': 50, 'E16as_v6_US East_3': 50, 'E20ads_v6_US East_2': 50, 'E20ads_v6_US East_3': 50, 'E20as_v6_US East_2': 50, 'E20as_v6_US East_3': 50, 'E2ads_v6_US East_1': 50, 'E2ads_v6_US East_2': 50, 'E2ads_v6_US East_3': 50, 'E2as_v6_US East_1': 50, 'E2as_v6_US East_2': 50, 'E2as_v6_US East_3': 50, 'E2ps_v5_US East_1': 50, 'E2ps_v5_US East_2': 50, 'E2ps_v5_US East_3': 50, 'E32ads_v6_US East_1': 50, 'E32as_v6_US East_1': 50, 'E48ads_v6_US East_3': 50, 'E48as_v6_US East_3': 50, 'E4ads_v6_US East_2': 50, 'E4ads_v6_US East_3': 50, 'E4as_v6_US East_1': 50, 'E4as_v6_US East_2': 50, 'E4ps_v5_US East_1': 50, 'E4ps_v5_US East_2': 50, 'E4ps_v5_US East_3': 50, 'E64ads_v6_US East_3': 50, 'E64as_v6_US East_1': 50, 'E8ads_v6_US East_2': 50, 'E8ads_v6_US East_3': 50, 'E8as_v6_US East_1': 50, 'E8as_v6_US East_2': 50, 'E8ps_v5_US East_1': 50, 'E96-24ads_v6_US East_1': 50, 'E96-48ads_v6_US East_1': 50, 'E96ads_v6_US East_1': 50, 'E96as_v6_US East_1': 50, 'F16als_v6_US East_2': 50, 'F16als_v6_US East_3': 50, 'F16ams_v6_US East_1': 50, 'F16ams_v6_US East_2': 50, 'F16as_v6_US East_2': 50, 'F16as_v6_US East_3': 50, 'F2als_v6_US East_1': 50, 'F2als_v6_US East_2': 50, 'F2als_v6_US East_3': 50, 'F2ams_v6_US East_1': 50, 'F2ams_v6_US East_2': 50, 'F2ams_v6_US East_3': 50, 'F2as_v6_US East_1': 50, 'F2as_v6_US East_2': 50, 'F2as_v6_US East_3': 50, 'F32als_v6_US East_3': 50, 'F32ams_v6_US East_2': 50, 'F32as_v6_US East_3': 50, 'F48als_v6_US East_2': 50, 'F48ams_v6_US East_3': 50, 'F48as_v6_US East_3': 50, 'F4als_v6_US East_2': 50, 'F4als_v6_US East_3': 50, 'F4ams_v6_US East_2': 50, 'F4ams_v6_US East_3': 50, 'F4as_v6_US East_1': 50, 'F4as_v6_US East_2': 50, 'F64als_v6_US East_3': 50, 'F64ams_v6_US East_3': 50, 'F64as_v6_US East_3': 50, 'F8als_v6_US East_1': 50, 'F8als_v6_US East_2': 50, 'F8ams_v6_US East_2': 50, 'F8ams_v6_US East_3': 50, 'F8as_v6_US East_2': 50, 'F8as_v6_US East_3': 50, 'M12ds_v3_US East_2': 50, 'M12s_v3_US East_3': 50, 'M32dms_v2_US East_1': 50, 'M32dms_v2_US East_2': 50, 'M32dms_v2_US East_3': 50, 'M32ls_US East_1': 50, 'M32ls_US East_2': 50, 'M32ls_US East_3': 50, 'M32ms_v2_US East_1': 50, 'M32ms_v2_US East_2': 50, 'M32ms_v2_US East_3': 50, 'M32ts_US East_1': 50, 'M32ts_US East_2': 50, 'M32ts_US East_3': 50, 'M64s_v2_US East_1': 50, 'NV4as_v4_US East_1': 50, 'NV4as_v4_US East_2': 50, 'NV4as_v4_US East_3': 50, 'NV8as_v4_US East_1': 50, 'NV8as_v4_US East_2': 50, 'NV8as_v4_US East_3': 50}"
0.8,2550.7181000000023,4306301205,1688270.1406713647,153650,152650,"{'B16ps_v2_US East_2': 50, 'B2pls_v2_US East_1': 50, 'B2pls_v2_US East_2': 50, 'B2pls_v2_US East_3': 50, 'B2ps_v2_US East_1': 50, 'B2ps_v2_US East_2': 50, 'B2ps_v2_US East_3': 50, 'B4ps_v2_US East_1': 50, 'B4ps_v2_US East_2': 50, 'B4ps_v2_US East_3': 50, 'B8ps_v2_US East_1': 50, 'B8ps_v2_US East_2': 50, 'B8ps_v2_US East_3': 50, 'D16ads_v6_US East_2': 50, 'D16ads_v6_US East_3': 50, 'D16alds_v6_US East_1': 50, 'D16alds_v6_US East_3': 50, 'D16als_v6_US East_1': 50, 'D16als_v6_US East_2': 50, 'D16as_v6_US East_1': 50, 'D16as_v6_US East_3': 50, 'D16pds_v5_US East_3': 50, 'D16plds_v5_US East_2': 50, 'D16plds_v5_US East_3': 50, 'D16pls_v5_US East_2': 50, 'D16pls_v5_US East_3': 50, 'D16ps_v5_US East_2': 50, 'D2ads_v6_US East_1': 50, 'D2ads_v6_US East_2': 50, 'D2ads_v6_US East_3': 50, 'D2alds_v6_US East_1': 50, 'D2alds_v6_US East_2': 50, 'D2alds_v6_US East_3': 50, 'D2als_v6_US East_1': 50, 'D2als_v6_US East_2': 50, 'D2als_v6_US East_3': 50, 'D2as_v6_US East_1': 50, 'D2as_v6_US East_2': 50, 'D2as_v6_US East_3': 50, 'D2pds_v5_US East_1': 50, 'D2pds_v5_US East_2': 50, 'D2pds_v5_US East_3': 50, 'D2plds_v5_US East_1': 50, 'D2plds_v5_US East_2': 50, 'D2plds_v5_US East_3': 50, 'D2pls_v5_US East_1': 50, 'D2pls_v5_US East_2': 50, 'D2pls_v5_US East_3': 50, 'D2ps_v5_US East_1': 50, 'D2ps_v5_US East_2': 50, 'D2ps_v5_US East_3': 50, 'D32ads_v6_US East_1': 50, 'D32ads_v6_US East_3': 50, 'D32alds_v6_US East_1': 50, 'D32alds_v6_US East_2': 50, 'D32als_v6_US East_1': 50, 'D32als_v6_US East_2': 50, 'D32as_v6_US East_2': 50, 'D32as_v6_US East_3': 50, 'D32plds_v5_US East_2': 50, 'D32pls_v5_US East_2': 50, 'D48ads_v6_US East_2': 50, 'D48alds_v6_US East_3': 50, 'D48als_v6_US East_1': 50, 'D48als_v6_US East_2': 50, 'D4ads_v6_US East_1': 50, 'D4ads_v6_US East_2': 50, 'D4ads_v6_US East_3': 50, 'D4alds_v6_US East_1': 50, 'D4alds_v6_US East_2': 50, 'D4alds_v6_US East_3': 50, 'D4als_v6_US East_1': 50, 'D4als_v6_US East_2': 50, 'D4als_v6_US East_3': 50, 'D4as_v6_US East_1': 50, 'D4as_v6_US East_2': 50, 'D4as_v6_US East_3': 50, 'D4pds_v5_US East_1': 50, 'D4pds_v5_US East_2': 50, 'D4pds_v5_US East_3': 50, 'D4plds_v5_US East_1': 50, 'D4plds_v5_US East_2': 50, 'D4plds_v5_US East_3': 50, 'D4pls_v5_US East_1': 50, 'D4pls_v5_US East_2': 50, 'D4pls_v5_US East_3': 50, 'D4ps_v5_US East_1': 50, 'D4ps_v5_US East_2': 50, 'D4ps_v5_US East_3': 50, 'D64ads_v6_US East_2': 50, 'D64alds_v6_US East_1': 50, 'D64als_v6_US East_1': 50, 'D64as_v6_US East_2': 50, 'D8ads_v6_US East_1': 50, 'D8ads_v6_US East_2': 50, 'D8alds_v6_US East_1': 50, 'D8alds_v6_US East_3': 50, 'D8als_v6_US East_1': 50, 'D8als_v6_US East_3': 50, 'D8as_v6_US East_2': 50, 'D8as_v6_US East_3': 50, 'D8plds_v5_US East_1': 50, 'D8plds_v5_US East_2': 50, 'D8plds_v5_US East_3': 50, 'D8pls_v5_US East_1': 50, 'D8pls_v5_US East_2': 50, 'D8pls_v5_US East_3': 50, 'D8ps_v5_US East_1': 50, 'D8ps_v5_US East_2': 50, 'D8ps_v5_US East_3': 50, 'D96ads_v6_US East_2': 50, 'D96alds_v6_US East_2': 50, 'D96als_v6_US East_2': 50, 'D96as_v6_US East_1': 50, 'DC1s_v2_US East_1': 50, 'E16ads_v6_US East_2': 50, 'E16ads_v6_US East_3': 50, 'E16as_v6_US East_2': 50, 'E16as_v6_US East_3': 50, 'E20ads_v6_US East_2': 50, 'E20ads_v6_US East_3': 50, 'E20as_v6_US East_2': 50, 'E20as_v6_US East_3': 50, 'E2ads_v6_US East_1': 50, 'E2ads_v6_US East_2': 50, 'E2ads_v6_US East_3': 50, 'E2as_v6_US East_1': 50, 'E2as_v6_US East_2': 50, 'E2as_v6_US East_3': 50, 'E2ps_v5_US East_1': 50, 'E2ps_v5_US East_2': 50, 'E2ps_v5_US East_3': 50, 'E32ads_v6_US East_1': 50, 'E32as_v6_US East_1': 50, 'E48ads_v6_US East_3': 50, 'E48as_v6_US East_3': 50, 'E4ads_v6_US East_2': 50, 'E4ads_v6_US East_3': 50, 'E4as_v6_US East_1': 50, 'E4as_v6_US East_2': 50, 'E4ps_v5_US East_1': 50, 'E4ps_v5_US East_2': 50, 'E4ps_v5_US East_3': 50, 'E64ads_v6_US East_3': 50, 'E64as_v6_US East_1': 50, 'E8ads_v6_US East_2': 50, 'E8ads_v6_US East_3': 50, 'E8as_v6_US East_1': 50, 'E8as_v6_US East_2': 50, 'E8ps_v5_US East_1': 50, 'E96-24ads_v6_US East_1': 50, 'E96-48ads_v6_US East_1': 50, 'E96ads_v6_US East_1': 50, 'E96as_v6_US East_1': 50, 'F16als_v6_US East_2': 50, 'F16als_v6_US East_3': 50, 'F16ams_v6_US East_1': 50, 'F16ams_v6_US East_2': 50, 'F16as_v6_US East_2': 50, 'F16as_v6_US East_3': 50, 'F2als_v6_US East_1': 50, 'F2als_v6_US East_2': 50, 'F2als_v6_US East_3': 50, 'F2ams_v6_US East_1': 50, 'F2ams_v6_US East_2': 50, 'F2ams_v6_US East_3': 50, 'F2as_v6_US East_1': 50, 'F2as_v6_US East_2': 50, 'F2as_v6_US East_3': 50, 'F32als_v6_US East_3': 50, 'F32ams_v6_US East_2': 50, 'F32as_v6_US East_3': 50, 'F48als_v6_US East_2': 50, 'F48ams_v6_US East_3': 50, 'F48as_v6_US East_3': 50, 'F4als_v6_US East_2': 50, 'F4als_v6_US East_3': 50, 'F4ams_v6_US East_2': 50, 'F4ams_v6_US East_3': 50, 'F4as_v6_US East_1': 50, 'F4as_v6_US East_2': 50, 'F64als_v6_US East_3': 50, 'F64ams_v6_US East_3': 50, 'F64as_v6_US East_3': 50, 'F8als_v6_US East_1': 50, 'F8als_v6_US East_2': 50, 'F8ams_v6_US East_2': 50, 'F8ams_v6_US East_3': 50, 'F8as_v6_US East_2': 50, 'F8as_v6_US East_3': 50, 'M12ds_v3_US East_2': 50, 'M12s_v3_US East_3': 50, 'M32dms_v2_US East_1': 50, 'M32dms_v2_US East_2': 50, 'M32dms_v2_US East_3': 50, 'M32ls_US East_1': 50, 'M32ls_US East_2': 50, 'M32ls_US East_3': 50, 'M32ms_v2_US East_1': 50, 'M32ms_v2_US East_2': 50, 'M32ms_v2_US East_3': 50, 'M32ts_US East_1': 50, 'M32ts_US East_2': 50, 'M32ts_US East_3': 50, 'M64s_v2_US East_1': 50, 'M8-4ms_US East_1': 50, 'M8-4ms_US East_2': 50, 'M8-4ms_US East_3': 50, 'NV4as_v4_US East_1': 50, 'NV4as_v4_US East_2': 50, 'NV4as_v4_US East_3': 50, 'NV8as_v4_US East_1': 50, 'NV8as_v4_US East_2': 50, 'NV8as_v4_US East_3': 50}"
0.81,3103.2880500000006,4517839417,1455823.418486724,168150,167150,"{'B16pls_v2_US East_1': 50, 'B16pls_v2_US East_2': 50, 'B16pls_v2_US East_3': 50, 'B16ps_v2_US East_2': 50, 'B2pls_v2_US East_1': 50, 'B2pls_v2_US East_2': 50, 'B2pls_v2_US East_3': 50, 'B2ps_v2_US East_1': 50, 'B2ps_v2_US East_2': 50, 'B2ps_v2_US East_3': 50, 'B4pls_v2_US East_1': 50, 'B4pls_v2_US East_2': 50, 'B4pls_v2_US East_3': 50, 'B4ps_v2_US East_1': 50, 'B4ps_v2_US East_2': 50, 'B4ps_v2_US East_3': 50, 'B8pls_v2_US East_1': 50, 'B8pls_v2_US East_2': 50, 'B8pls_v2_US East_3': 50, 'B8ps_v2_US East_1': 50, 'B8ps_v2_US East_2': 50, 'B8ps_v2_US East_3': 50, 'D16ads_v6_US East_2': 50, 'D16ads_v6_US East_3': 50, 'D16alds_v6_US East_1': 50, 'D16alds_v6_US East_3': 50, 'D16als_v6_US East_1': 50, 'D16als_v6_US East_2': 50, 'D16as_v6_US East_1': 50, 'D16as_v6_US East_3': 50, 'D16pds_v5_US East_3': 50, 'D16plds_v5_US East_2': 50, 'D16plds_v5_US East_3': 50, 'D16pls_v5_US East_2': 50, 'D16pls_v5_US East_3': 50, 'D16ps_v5_US East_2': 50, 'D2ads_v6_US East_1': 50, 'D2ads_v6_US East_2': 50, 'D2ads_v6_US East_3': 50, 'D2alds_v6_US East_1': 50, 'D2alds_v6_US East_2': 50, 'D2alds_v6_US East_3': 50, 'D2als_v6_US East_1': 50, 'D2als_v6_US East_2': 50, 'D2als_v6_US East_3': 50, 'D2as_v6_US East_1': 50, 'D2as_v6_US East_2': 50, 'D2as_v6_US East_3': 50, 'D2pds_v5_US East_1': 50, 'D2pds_v5_US East_2': 50, 'D2pds_v5_US East_3': 50, 'D2plds_v5_US East_1': 50, 'D2plds_v5_US East_2': 50, 'D2plds_v5_US East_3': 50, 'D2pls_v5_US East_1': 50, 'D2pls_v5_US East_2': 50, 'D2pls_v5_US East_3': 50, 'D2ps_v5_US East_1': 50, 'D2ps_v5_US East_2': 50, 'D2ps_v5_US East_3': 50, 'D32ads_v6_US East_1': 50, 'D32ads_v6_US East_3': 50, 'D32alds_v6_US East_1': 50, 'D32alds_v6_US East_2': 50, 'D32als_v6_US East_1': 50, 'D32als_v6_US East_2': 50, 'D32as_v6_US East_2': 50, 'D32as_v6_US East_3': 50, 'D32plds_v5_US East_2': 50, 'D32pls_v5_US East_2': 50, 'D48ads_v6_US East_2': 50, 'D48alds_v6_US East_3': 50, 'D48als_v6_US East_1': 50, 'D48als_v6_US East_2': 50, 'D4ads_v6_US East_1': 50, 'D4ads_v6_US East_2': 50, 'D4ads_v6_US East_3': 50, 'D4alds_v6_US East_1': 50, 'D4alds_v6_US East_2': 50, 'D4alds_v6_US East_3': 50, 'D4als_v6_US East_1': 50, 'D4als_v6_US East_2': 50, 'D4als_v6_US East_3': 50, 'D4as_v6_US East_1': 50, 'D4as_v6_US East_2': 50, 'D4as_v6_US East_3': 50, 'D4pds_v5_US East_1': 50, 'D4pds_v5_US East_2': 50, 'D4pds_v5_US East_3': 50, 'D4plds_v5_US East_1': 50, 'D4plds_v5_US East_2': 50, 'D4plds_v5_US East_3': 50, 'D4pls_v5_US East_1': 50, 'D4pls_v5_US East_2': 50, 'D4pls_v5_US East_3': 50, 'D4ps_v5_US East_1': 50, 'D4ps_v5_US East_2': 50, 'D4ps_v5_US East_3': 50, 'D64ads_v6_US East_2': 50, 'D64alds_v6_US East_1': 50, 'D64als_v6_US East_1': 50, 'D64as_v6_US East_2': 50, 'D8ads_v6_US East_1': 50, 'D8ads_v6_US East_2': 50, 'D8alds_v6_US East_1': 50, 'D8alds_v6_US East_3': 50, 'D8als_v6_US East_1': 50, 'D8als_v6_US East_3': 50, 'D8as_v6_US East_2': 50, 'D8as_v6_US East_3': 50, 'D8plds_v5_US East_1': 50, 'D8plds_v5_US East_2': 50, 'D8plds_v5_US East_3': 50, 'D8pls_v5_US East_1': 50, 'D8pls_v5_US East_2': 50, 'D8pls_v5_US East_3': 50, 'D8ps_v5_US East_1': 50, 'D8ps_v5_US East_2': 50, 'D8ps_v5_US East_3': 50, 'D96ads_v6_US East_2': 50, 'D96alds_v6_US East_2': 50, 'D96als_v6_US East_2': 50, 'D96as_v6_US East_1': 50, 'DC1s_v2_US East_1': 50, 'E16ads_v6_US East_2': 50, 'E16ads_v6_US East_3': 50, 'E16as_v6_US East_2': 50, 'E16as_v6_US East_3': 50, 'E20ads_v6_US East_2': 50, 'E20ads_v6_US East_3': 50, 'E20as_v6_US East_2': 50, 'E20as_v6_US East_3': 50, 'E2ads_v6_US East_1': 50, 'E2ads_v6_US East_2': 50, 'E2ads_v6_US East_3': 50, 'E2as_v6_US East_1': 50, 'E2as_v6_US East_2': 50, 'E2as_v6_US East_3': 50, 'E2ps_v5_US East_1': 50, 'E2ps_v5_US East_2': 50, 'E2ps_v5_US East_3': 50, 'E32ads_v6_US East_1': 50, 'E32as_v6_US East_1': 50, 'E48ads_v6_US East_3': 50, 'E48as_v6_US East_3': 50, 'E4ads_v6_US East_2': 50, 'E4ads_v6_US East_3': 50, 'E4as_v6_US East_1': 50, 'E4as_v6_US East_2': 50, 'E4ps_v5_US East_1': 50, 'E4ps_v5_US East_2': 50, 'E4ps_v5_US East_3': 50, 'E64ads_v6_US East_3': 50, 'E64as_v6_US East_1': 50, 'E8ads_v6_US East_2': 50, 'E8ads_v6_US East_3': 50, 'E8as_v6_US East_1': 50, 'E8as_v6_US East_2': 50, 'E8ps_v5_US East_1': 50, 'E96-24ads_v6_US East_1': 50, 'E96-48ads_v6_US East_1': 50, 'E96ads_v6_US East_1': 50, 'E96as_v6_US East_1': 50, 'F16als_v6_US East_2': 50, 'F16als_v6_US East_3': 50, 'F16ams_v6_US East_1': 50, 'F16ams_v6_US East_2': 50, 'F16as_v6_US East_2': 50, 'F16as_v6_US East_3': 50, 'F2als_v6_US East_1': 50, 'F2als_v6_US East_2': 50, 'F2als_v6_US East_3': 50, 'F2ams_v6_US East_1': 50, 'F2ams_v6_US East_2': 50, 'F2ams_v6_US East_3': 50, 'F2as_v6_US East_1': 50, 'F2as_v6_US East_2': 50, 'F2as_v6_US East_3': 50, 'F32als_v6_US East_3': 50, 'F32ams_v6_US East_2': 50, 'F32as_v6_US East_3': 50, 'F48als_v6_US East_2': 50, 'F48ams_v6_US East_3': 50, 'F48as_v6_US East_3': 50, 'F4als_v6_US East_2': 50, 'F4als_v6_US East_3': 50, 'F4ams_v6_US East_2': 50, 'F4ams_v6_US East_3': 50, 'F4as_v6_US East_1': 50, 'F4as_v6_US East_2': 50, 'F64als_v6_US East_3': 50, 'F64ams_v6_US East_3': 50, 'F64as_v6_US East_3': 50, 'F8als_v6_US East_1': 50, 'F8als_v6_US East_2': 50, 'F8ams_v6_US East_2': 50, 'F8ams_v6_US East_3': 50, 'F8as_v6_US East_2': 50, 'F8as_v6_US East_3': 50, 'M12ds_v3_US East_2': 50, 'M12s_v3_US East_3': 50, 'M16-8ms_US East_1': 50, 'M16-8ms_US East_2': 50, 'M16-8ms_US East_3': 50, 'M16ms_US East_1': 50, 'M16ms_US East_2': 50, 'M16ms_US East_3': 50, 'M32-8ms_US East_1': 50, 'M32-8ms_US East_3': 50, 'M32dms_v2_US East_1': 50, 'M32dms_v2_US East_2': 50, 'M32dms_v2_US East_3': 50, 'M32ls_US East_1': 50, 'M32ls_US East_2': 50, 'M32ls_US East_3': 50, 'M32ms_US East_2': 50, 'M32ms_US East_3': 50, 'M32ms_v2_US East_1': 50, 'M32ms_v2_US East_2': 50, 'M32ms_v2_US East_3': 50, 'M32ts_US East_1': 50, 'M32ts_US East_2': 50, 'M32ts_US East_3': 50, 'M64s_v2_US East_1': 50, 'M8-4ms_US East_1': 50, 'M8-4ms_US East_2': 50, 'M8-4ms_US East_3': 50, 'M8ms_US East_1': 50, 'M8ms_US East_2': 50, 'M8ms_US East_3': 50, 'NV4as_v4_US East_1': 50, 'NV4as_v4_US East_2': 50, 'NV4as_v4_US East_3': 50, 'NV8as_v4_US East_1': 50, 'NV8as_v4_US East_2': 50, 'NV8as_v4_US East_3': 50}"
0.8200000000000001,3103.2880500000006,4517839417,1455823.418486724,168150,167150,"{'B16pls_v2_US East_1': 50, 'B16pls_v2_US East_2': 50, 'B16pls_v2_US East_3': 50, 'B16ps_v2_US East_2': 50, 'B2pls_v2_US East_1': 50, 'B2pls_v2_US East_2': 50, 'B2pls_v2_US East_3': 50, 'B2ps_v2_US East_1': 50, 'B2ps_v2_US East_2': 50, 'B2ps_v2_US East_3': 50, 'B4pls_v2_US East_1': 50, 'B4pls_v2_US East_2': 50, 'B4pls_v2_US East_3': 50, 'B4ps_v2_US East_1': 50, 'B4ps_v2_US East_2': 50, 'B4ps_v2_US East_3': 50, 'B8pls_v2_US East_1': 50, 'B8pls_v2_US East_2': 50, 'B8pls_v2_US East_3': 50, 'B8ps_v2_US East_1': 50, 'B8ps_v2_US East_2': 50, 'B8ps_v2_US East_3': 50, 'D16ads_v6_US East_2': 50, 'D16ads_v6_US East_3': 50, 'D16alds_v6_US East_1': 50, 'D16alds_v6_US East_3': 50, 'D16als_v6_US East_1': 50, 'D16als_v6_US East_2': 50, 'D16as_v6_US East_1': 50, 'D16as_v6_US East_3': 50, 'D16pds_v5_US East_3': 50, 'D16plds_v5_US East_2': 50, 'D16plds_v5_US East_3': 50, 'D16pls_v5_US East_2': 50, 'D16pls_v5_US East_3': 50, 'D16ps_v5_US East_2': 50, 'D2ads_v6_US East_1': 50, 'D2ads_v6_US East_2': 50, 'D2ads_v6_US East_3': 50, 'D2alds_v6_US East_1': 50, 'D2alds_v6_US East_2': 50, 'D2alds_v6_US East_3': 50, 'D2als_v6_US East_1': 50, 'D2als_v6_US East_2': 50, 'D2als_v6_US East_3': 50, 'D2as_v6_US East_1': 50, 'D2as_v6_US East_2': 50, 'D2as_v6_US East_3': 50, 'D2pds_v5_US East_1': 50, 'D2pds_v5_US East_2': 50, 'D2pds_v5_US East_3': 50, 'D2plds_v5_US East_1': 50, 'D2plds_v5_US East_2': 50, 'D2plds_v5_US East_3': 50, 'D2pls_v5_US East_1': 50, 'D2pls_v5_US East_2': 50, 'D2pls_v5_US East_3': 50, 'D2ps_v5_US East_1': 50, 'D2ps_v5_US East_2': 50, 'D2ps_v5_US East_3': 50, 'D32ads_v6_US East_1': 50, 'D32ads_v6_US East_3': 50, 'D32alds_v6_US East_1': 50, 'D32alds_v6_US East_2': 50, 'D32als_v6_US East_1': 50, 'D32als_v6_US East_2': 50, 'D32as_v6_US East_2': 50, 'D32as_v6_US East_3': 50, 'D32plds_v5_US East_2': 50, 'D32pls_v5_US East_2': 50, 'D48ads_v6_US East_2': 50, 'D48alds_v6_US East_3': 50, 'D48als_v6_US East_1': 50, 'D48als_v6_US East_2': 50, 'D4ads_v6_US East_1': 50, 'D4ads_v6_US East_2': 50, 'D4ads_v6_US East_3': 50, 'D4alds_v6_US East_1': 50, 'D4alds_v6_US East_2': 50, 'D4alds_v6_US East_3': 50, 'D4als_v6_US East_1': 50, 'D4als_v6_US East_2': 50, 'D4als_v6_US East_3': 50, 'D4as_v6_US East_1': 50, 'D4as_v6_US East_2': 50, 'D4as_v6_US East_3': 50, 'D4pds_v5_US East_1': 50, 'D4pds_v5_US East_2': 50, 'D4pds_v5_US East_3': 50, 'D4plds_v5_US East_1': 50, 'D4plds_v5_US East_2': 50, 'D4plds_v5_US East_3': 50, 'D4pls_v5_US East_1': 50, 'D4pls_v5_US East_2': 50, 'D4pls_v5_US East_3': 50, 'D4ps_v5_US East_1': 50, 'D4ps_v5_US East_2': 50, 'D4ps_v5_US East_3': 50, 'D64ads_v6_US East_2': 50, 'D64alds_v6_US East_1': 50, 'D64als_v6_US East_1': 50, 'D64as_v6_US East_2': 50, 'D8ads_v6_US East_1': 50, 'D8ads_v6_US East_2': 50, 'D8alds_v6_US East_1': 50, 'D8alds_v6_US East_3': 50, 'D8als_v6_US East_1': 50, 'D8als_v6_US East_3': 50, 'D8as_v6_US East_2': 50, 'D8as_v6_US East_3': 50, 'D8plds_v5_US East_1': 50, 'D8plds_v5_US East_2': 50, 'D8plds_v5_US East_3': 50, 'D8pls_v5_US East_1': 50, 'D8pls_v5_US East_2': 50, 'D8pls_v5_US East_3': 50, 'D8ps_v5_US East_1': 50, 'D8ps_v5_US East_2': 50, 'D8ps_v5_US East_3': 50, 'D96ads_v6_US East_2': 50, 'D96alds_v6_US East_2': 50, 'D96als_v6_US East_2': 50, 'D96as_v6_US East_1': 50, 'DC1s_v2_US East_1': 50, 'E16ads_v6_US East_2': 50, 'E16ads_v6_US East_3': 50, 'E16as_v6_US East_2': 50, 'E16as_v6_US East_3': 50, 'E20ads_v6_US East_2': 50, 'E20ads_v6_US East_3': 50, 'E20as_v6_US East_2': 50, 'E20as_v6_US East_3': 50, 'E2ads_v6_US East_1': 50, 'E2ads_v6_US East_2': 50, 'E2ads_v6_US East_3': 50, 'E2as_v6_US East_1': 50, 'E2as_v6_US East_2': 50, 'E2as_v6_US East_3': 50, 'E2ps_v5_US East_1': 50, 'E2ps_v5_US East_2': 50, 'E2ps_v5_US East_3': 50, 'E32ads_v6_US East_1': 50, 'E32as_v6_US East_1': 50, 'E48ads_v6_US East_3': 50, 'E48as_v6_US East_3': 50, 'E4ads_v6_US East_2': 50, 'E4ads_v6_US East_3': 50, 'E4as_v6_US East_1': 50, 'E4as_v6_US East_2': 50, 'E4ps_v5_US East_1': 50, 'E4ps_v5_US East_2': 50, 'E4ps_v5_US East_3': 50, 'E64ads_v6_US East_3': 50, 'E64as_v6_US East_1': 50, 'E8ads_v6_US East_2': 50, 'E8ads_v6_US East_3': 50, 'E8as_v6_US East_1': 50, 'E8as_v6_US East_2': 50, 'E8ps_v5_US East_1': 50, 'E96-24ads_v6_US East_1': 50, 'E96-48ads_v6_US East_1': 50, 'E96ads_v6_US East_1': 50, 'E96as_v6_US East_1': 50, 'F16als_v6_US East_2': 50, 'F16als_v6_US East_3': 50, 'F16ams_v6_US East_1': 50, 'F16ams_v6_US East_2': 50, 'F16as_v6_US East_2': 50, 'F16as_v6_US East_3': 50, 'F2als_v6_US East_1': 50, 'F2als_v6_US East_2': 50, 'F2als_v6_US East_3': 50, 'F2ams_v6_US East_1': 50, 'F2ams_v6_US East_2': 50, 'F2ams_v6_US East_3': 50, 'F2as_v6_US East_1': 50, 'F2as_v6_US East_2': 50, 'F2as_v6_US East_3': 50, 'F32als_v6_US East_3': 50, 'F32ams_v6_US East_2': 50, 'F32as_v6_US East_3': 50, 'F48als_v6_US East_2': 50, 'F48ams_v6_US East_3': 50, 'F48as_v6_US East_3': 50, 'F4als_v6_US East_2': 50, 'F4als_v6_US East_3': 50, 'F4ams_v6_US East_2': 50, 'F4ams_v6_US East_3': 50, 'F4as_v6_US East_1': 50, 'F4as_v6_US East_2': 50, 'F64als_v6_US East_3': 50, 'F64ams_v6_US East_3': 50, 'F64as_v6_US East_3': 50, 'F8als_v6_US East_1': 50, 'F8als_v6_US East_2': 50, 'F8ams_v6_US East_2': 50, 'F8ams_v6_US East_3': 50, 'F8as_v6_US East_2': 50, 'F8as_v6_US East_3': 50, 'M12ds_v3_US East_2': 50, 'M12s_v3_US East_3': 50, 'M16-8ms_US East_1': 50, 'M16-8ms_US East_2': 50, 'M16-8ms_US East_3': 50, 'M16ms_US East_1': 50, 'M16ms_US East_2': 50, 'M16ms_US East_3': 50, 'M32-8ms_US East_1': 50, 'M32-8ms_US East_3': 50, 'M32dms_v2_US East_1': 50, 'M32dms_v2_US East_2': 50, 'M32dms_v2_US East_3': 50, 'M32ls_US East_1': 50, 'M32ls_US East_2': 50, 'M32ls_US East_3': 50, 'M32ms_US East_2': 50, 'M32ms_US East_3': 50, 'M32ms_v2_US East_1': 50, 'M32ms_v2_US East_2': 50, 'M32ms_v2_US East_3': 50, 'M32ts_US East_1': 50, 'M32ts_US East_2': 50, 'M32ts_US East_3': 50, 'M64s_v2_US East_1': 50, 'M8-4ms_US East_1': 50, 'M8-4ms_US East_2': 50, 'M8-4ms_US East_3': 50, 'M8ms_US East_1': 50, 'M8ms_US East_2': 50, 'M8ms_US East_3': 50, 'NV4as_v4_US East_1': 50, 'NV4as_v4_US East_2': 50, 'NV4as_v4_US East_3': 50, 'NV8as_v4_US East_1': 50, 'NV8as_v4_US East_2': 50, 'NV8as_v4_US East_3': 50}"
0.8300000000000001,3103.2880500000006,4517839417,1455823.418486724,168150,167150,"{'B16pls_v2_US East_1': 50, 'B16pls_v2_US East_2': 50, 'B16pls_v2_US East_3': 50, 'B16ps_v2_US East_2': 50, 'B2pls_v2_US East_1': 50, 'B2pls_v2_US East_2': 50, 'B2pls_v2_US East_3': 50, 'B2ps_v2_US East_1': 50, 'B2ps_v2_US East_2': 50, 'B2ps_v2_US East_3': 50, 'B4pls_v2_US East_1': 50, 'B4pls_v2_US East_2': 50, 'B4pls_v2_US East_3': 50, 'B4ps_v2_US East_1': 50, 'B4ps_v2_US East_2': 50, 'B4ps_v2_US East_3': 50, 'B8pls_v2_US East_1': 50, 'B8pls_v2_US East_2': 50, 'B8pls_v2_US East_3': 50, 'B8ps_v2_US East_1': 50, 'B8ps_v2_US East_2': 50, 'B8ps_v2_US East_3': 50, 'D16ads_v6_US East_2': 50, 'D16ads_v6_US East_3': 50, 'D16alds_v6_US East_1': 50, 'D16alds_v6_US East_3': 50, 'D16als_v6_US East_1': 50, 'D16als_v6_US East_2': 50, 'D16as_v6_US East_1': 50, 'D16as_v6_US East_3': 50, 'D16pds_v5_US East_3': 50, 'D16plds_v5_US East_2': 50, 'D16plds_v5_US East_3': 50, 'D16pls_v5_US East_2': 50, 'D16pls_v5_US East_3': 50, 'D16ps_v5_US East_2': 50, 'D2ads_v6_US East_1': 50, 'D2ads_v6_US East_2': 50, 'D2ads_v6_US East_3': 50, 'D2alds_v6_US East_1': 50, 'D2alds_v6_US East_2': 50, 'D2alds_v6_US East_3': 50, 'D2als_v6_US East_1': 50, 'D2als_v6_US East_2': 50, 'D2als_v6_US East_3': 50, 'D2as_v6_US East_1': 50, 'D2as_v6_US East_2': 50, 'D2as_v6_US East_3': 50, 'D2pds_v5_US East_1': 50, 'D2pds_v5_US East_2': 50, 'D2pds_v5_US East_3': 50, 'D2plds_v5_US East_1': 50, 'D2plds_v5_US East_2': 50, 'D2plds_v5_US East_3': 50, 'D2pls_v5_US East_1': 50, 'D2pls_v5_US East_2': 50, 'D2pls_v5_US East_3': 50, 'D2ps_v5_US East_1': 50, 'D2ps_v5_US East_2': 50, 'D2ps_v5_US East_3': 50, 'D32ads_v6_US East_1': 50, 'D32ads_v6_US East_3': 50, 'D32alds_v6_US East_1': 50, 'D32alds_v6_US East_2': 50, 'D32als_v6_US East_1': 50, 'D32als_v6_US East_2': 50, 'D32as_v6_US East_2': 50, 'D32as_v6_US East_3': 50, 'D32plds_v5_US East_2': 50, 'D32pls_v5_US East_2': 50, 'D48ads_v6_US East_2': 50, 'D48alds_v6_US East_3': 50, 'D48als_v6_US East_1': 50, 'D48als_v6_US East_2': 50, 'D4ads_v6_US East_1': 50, 'D4ads_v6_US East_2': 50, 'D4ads_v6_US East_3': 50, 'D4alds_v6_US East_1': 50, 'D4alds_v6_US East_2': 50, 'D4alds_v6_US East_3': 50, 'D4als_v6_US East_1': 50, 'D4als_v6_US East_2': 50, 'D4als_v6_US East_3': 50, 'D4as_v6_US East_1': 50, 'D4as_v6_US East_2': 50, 'D4as_v6_US East_3': 50, 'D4pds_v5_US East_1': 50, 'D4pds_v5_US East_2': 50, 'D4pds_v5_US East_3': 50, 'D4plds_v5_US East_1': 50, 'D4plds_v5_US East_2': 50, 'D4plds_v5_US East_3': 50, 'D4pls_v5_US East_1': 50, 'D4pls_v5_US East_2': 50, 'D4pls_v5_US East_3': 50, 'D4ps_v5_US East_1': 50, 'D4ps_v5_US East_2': 50, 'D4ps_v5_US East_3': 50, 'D64ads_v6_US East_2': 50, 'D64alds_v6_US East_1': 50, 'D64als_v6_US East_1': 50, 'D64as_v6_US East_2': 50, 'D8ads_v6_US East_1': 50, 'D8ads_v6_US East_2': 50, 'D8alds_v6_US East_1': 50, 'D8alds_v6_US East_3': 50, 'D8als_v6_US East_1': 50, 'D8als_v6_US East_3': 50, 'D8as_v6_US East_2': 50, 'D8as_v6_US East_3': 50, 'D8plds_v5_US East_1': 50, 'D8plds_v5_US East_2': 50, 'D8plds_v5_US East_3': 50, 'D8pls_v5_US East_1': 50, 'D8pls_v5_US East_2': 50, 'D8pls_v5_US East_3': 50, 'D8ps_v5_US East_1': 50, 'D8ps_v5_US East_2': 50, 'D8ps_v5_US East_3': 50, 'D96ads_v6_US East_2': 50, 'D96alds_v6_US East_2': 50, 'D96als_v6_US East_2': 50, 'D96as_v6_US East_1': 50, 'DC1s_v2_US East_1': 50, 'E16ads_v6_US East_2': 50, 'E16ads_v6_US East_3': 50, 'E16as_v6_US East_2': 50, 'E16as_v6_US East_3': 50, 'E20ads_v6_US East_2': 50, 'E20ads_v6_US East_3': 50, 'E20as_v6_US East_2': 50, 'E20as_v6_US East_3': 50, 'E2ads_v6_US East_1': 50, 'E2ads_v6_US East_2': 50, 'E2ads_v6_US East_3': 50, 'E2as_v6_US East_1': 50, 'E2as_v6_US East_2': 50, 'E2as_v6_US East_3': 50, 'E2ps_v5_US East_1': 50, 'E2ps_v5_US East_2': 50, 'E2ps_v5_US East_3': 50, 'E32ads_v6_US East_1': 50, 'E32as_v6_US East_1': 50, 'E48ads_v6_US East_3': 50, 'E48as_v6_US East_3': 50, 'E4ads_v6_US East_2': 50, 'E4ads_v6_US East_3': 50, 'E4as_v6_US East_1': 50, 'E4as_v6_US East_2': 50, 'E4ps_v5_US East_1': 50, 'E4ps_v5_US East_2': 50, 'E4ps_v5_US East_3': 50, 'E64ads_v6_US East_3': 50, 'E64as_v6_US East_1': 50, 'E8ads_v6_US East_2': 50, 'E8ads_v6_US East_3': 50, 'E8as_v6_US East_1': 50, 'E8as_v6_US East_2': 50, 'E8ps_v5_US East_1': 50, 'E96-24ads_v6_US East_1': 50, 'E96-48ads_v6_US East_1': 50, 'E96ads_v6_US East_1': 50, 'E96as_v6_US East_1': 50, 'F16als_v6_US East_2': 50, 'F16als_v6_US East_3': 50, 'F16ams_v6_US East_1': 50, 'F16ams_v6_US East_2': 50, 'F16as_v6_US East_2': 50, 'F16as_v6_US East_3': 50, 'F2als_v6_US East_1': 50, 'F2als_v6_US East_2': 50, 'F2als_v6_US East_3': 50, 'F2ams_v6_US East_1': 50, 'F2ams_v6_US East_2': 50, 'F2ams_v6_US East_3': 50, 'F2as_v6_US East_1': 50, 'F2as_v6_US East_2': 50, 'F2as_v6_US East_3': 50, 'F32als_v6_US East_3': 50, 'F32ams_v6_US East_2': 50, 'F32as_v6_US East_3': 50, 'F48als_v6_US East_2': 50, 'F48ams_v6_US East_3': 50, 'F48as_v6_US East_3': 50, 'F4als_v6_US East_2': 50, 'F4als_v6_US East_3': 50, 'F4ams_v6_US East_2': 50, 'F4ams_v6_US East_3': 50, 'F4as_v6_US East_1': 50, 'F4as_v6_US East_2': 50, 'F64als_v6_US East_3': 50, 'F64ams_v6_US East_3': 50, 'F64as_v6_US East_3': 50, 'F8als_v6_US East_1': 50, 'F8als_v6_US East_2': 50, 'F8ams_v6_US East_2': 50, 'F8ams_v6_US East_3': 50, 'F8as_v6_US East_2': 50, 'F8as_v6_US East_3': 50, 'M12ds_v3_US East_2': 50, 'M12s_v3_US East_3': 50, 'M16-8ms_US East_1': 50, 'M16-8ms_US East_2': 50, 'M16-8ms_US East_3': 50, 'M16ms_US East_1': 50, 'M16ms_US East_2': 50, 'M16ms_US East_3': 50, 'M32-8ms_US East_1': 50, 'M32-8ms_US East_3': 50, 'M32dms_v2_US East_1': 50, 'M32dms_v2_US East_2': 50, 'M32dms_v2_US East_3': 50, 'M32ls_US East_1': 50, 'M32ls_US East_2': 50, 'M32ls_US East_3': 50, 'M32ms_US East_2': 50, 'M32ms_US East_3': 50, 'M32ms_v2_US East_1': 50, 'M32ms_v2_US East_2': 50, 'M32ms_v2_US East_3': 50, 'M32ts_US East_1': 50, 'M32ts_US East_2': 50, 'M32ts_US East_3': 50, 'M64s_v2_US East_1': 50, 'M8-4ms_US East_1': 50, 'M8-4ms_US East_2': 50, 'M8-4ms_US East_3': 50, 'M8ms_US East_1': 50, 'M8ms_US East_2': 50, 'M8ms_US East_3': 50, 'NV4as_v4_US East_1': 50, 'NV4as_v4_US East_2': 50, 'NV4as_v4_US East_3': 50, 'NV8as_v4_US East_1': 50, 'NV8as_v4_US East_2': 50, 'NV8as_v4_US East_3': 50}"
0.84,3103.2880500000006,4517839417,1455823.418486724,168150,167150,"{'B16pls_v2_US East_1': 50, 'B16pls_v2_US East_2': 50, 'B16pls_v2_US East_3': 50, 'B16ps_v2_US East_2': 50, 'B2pls_v2_US East_1': 50, 'B2pls_v2_US East_2': 50, 'B2pls_v2_US East_3': 50, 'B2ps_v2_US East_1': 50, 'B2ps_v2_US East_2': 50, 'B2ps_v2_US East_3': 50, 'B4pls_v2_US East_1': 50, 'B4pls_v2_US East_2': 50, 'B4pls_v2_US East_3': 50, 'B4ps_v2_US East_1': 50, 'B4ps_v2_US East_2': 50, 'B4ps_v2_US East_3': 50, 'B8pls_v2_US East_1': 50, 'B8pls_v2_US East_2': 50, 'B8pls_v2_US East_3': 50, 'B8ps_v2_US East_1': 50, 'B8ps_v2_US East_2': 50, 'B8ps_v2_US East_3': 50, 'D16ads_v6_US East_2': 50, 'D16ads_v6_US East_3': 50, 'D16alds_v6_US East_1': 50, 'D16alds_v6_US East_3': 50, 'D16als_v6_US East_1': 50, 'D16als_v6_US East_2': 50, 'D16as_v6_US East_1': 50, 'D16as_v6_US East_3': 50, 'D16pds_v5_US East_3': 50, 'D16plds_v5_US East_2': 50, 'D16plds_v5_US East_3': 50, 'D16pls_v5_US East_2': 50, 'D16pls_v5_US East_3': 50, 'D16ps_v5_US East_2': 50, 'D2ads_v6_US East_1': 50, 'D2ads_v6_US East_2': 50, 'D2ads_v6_US East_3': 50, 'D2alds_v6_US East_1': 50, 'D2alds_v6_US East_2': 50, 'D2alds_v6_US East_3': 50, 'D2als_v6_US East_1': 50, 'D2als_v6_US East_2': 50, 'D2als_v6_US East_3': 50, 'D2as_v6_US East_1': 50, 'D2as_v6_US East_2': 50, 'D2as_v6_US East_3': 50, 'D2pds_v5_US East_1': 50, 'D2pds_v5_US East_2': 50, 'D2pds_v5_US East_3': 50, 'D2plds_v5_US East_1': 50, 'D2plds_v5_US East_2': 50, 'D2plds_v5_US East_3': 50, 'D2pls_v5_US East_1': 50, 'D2pls_v5_US East_2': 50, 'D2pls_v5_US East_3': 50, 'D2ps_v5_US East_1': 50, 'D2ps_v5_US East_2': 50, 'D2ps_v5_US East_3': 50, 'D32ads_v6_US East_1': 50, 'D32ads_v6_US East_3': 50, 'D32alds_v6_US East_1': 50, 'D32alds_v6_US East_2': 50, 'D32als_v6_US East_1': 50, 'D32als_v6_US East_2': 50, 'D32as_v6_US East_2': 50, 'D32as_v6_US East_3': 50, 'D32plds_v5_US East_2': 50, 'D32pls_v5_US East_2': 50, 'D48ads_v6_US East_2': 50, 'D48alds_v6_US East_3': 50, 'D48als_v6_US East_1': 50, 'D48als_v6_US East_2': 50, 'D4ads_v6_US East_1': 50, 'D4ads_v6_US East_2': 50, 'D4ads_v6_US East_3': 50, 'D4alds_v6_US East_1': 50, 'D4alds_v6_US East_2': 50, 'D4alds_v6_US East_3': 50, 'D4als_v6_US East_1': 50, 'D4als_v6_US East_2': 50, 'D4als_v6_US East_3': 50, 'D4as_v6_US East_1': 50, 'D4as_v6_US East_2': 50, 'D4as_v6_US East_3': 50, 'D4pds_v5_US East_1': 50, 'D4pds_v5_US East_2': 50, 'D4pds_v5_US East_3': 50, 'D4plds_v5_US East_1': 50, 'D4plds_v5_US East_2': 50, 'D4plds_v5_US East_3': 50, 'D4pls_v5_US East_1': 50, 'D4pls_v5_US East_2': 50, 'D4pls_v5_US East_3': 50, 'D4ps_v5_US East_1': 50, 'D4ps_v5_US East_2': 50, 'D4ps_v5_US East_3': 50, 'D64ads_v6_US East_2': 50, 'D64alds_v6_US East_1': 50, 'D64als_v6_US East_1': 50, 'D64as_v6_US East_2': 50, 'D8ads_v6_US East_1': 50, 'D8ads_v6_US East_2': 50, 'D8alds_v6_US East_1': 50, 'D8alds_v6_US East_3': 50, 'D8als_v6_US East_1': 50, 'D8als_v6_US East_3': 50, 'D8as_v6_US East_2': 50, 'D8as_v6_US East_3': 50, 'D8plds_v5_US East_1': 50, 'D8plds_v5_US East_2': 50, 'D8plds_v5_US East_3': 50, 'D8pls_v5_US East_1': 50, 'D8pls_v5_US East_2': 50, 'D8pls_v5_US East_3': 50, 'D8ps_v5_US East_1': 50, 'D8ps_v5_US East_2': 50, 'D8ps_v5_US East_3': 50, 'D96ads_v6_US East_2': 50, 'D96alds_v6_US East_2': 50, 'D96als_v6_US East_2': 50, 'D96as_v6_US East_1': 50, 'DC1s_v2_US East_1': 50, 'E16ads_v6_US East_2': 50, 'E16ads_v6_US East_3': 50, 'E16as_v6_US East_2': 50, 'E16as_v6_US East_3': 50, 'E20ads_v6_US East_2': 50, 'E20ads_v6_US East_3': 50, 'E20as_v6_US East_2': 50, 'E20as_v6_US East_3': 50, 'E2ads_v6_US East_1': 50, 'E2ads_v6_US East_2': 50, 'E2ads_v6_US East_3': 50, 'E2as_v6_US East_1': 50, 'E2as_v6_US East_2': 50, 'E2as_v6_US East_3': 50, 'E2ps_v5_US East_1': 50, 'E2ps_v5_US East_2': 50, 'E2ps_v5_US East_3': 50, 'E32ads_v6_US East_1': 50, 'E32as_v6_US East_1': 50, 'E48ads_v6_US East_3': 50, 'E48as_v6_US East_3': 50, 'E4ads_v6_US East_2': 50, 'E4ads_v6_US East_3': 50, 'E4as_v6_US East_1': 50, 'E4as_v6_US East_2': 50, 'E4ps_v5_US East_1': 50, 'E4ps_v5_US East_2': 50, 'E4ps_v5_US East_3': 50, 'E64ads_v6_US East_3': 50, 'E64as_v6_US East_1': 50, 'E8ads_v6_US East_2': 50, 'E8ads_v6_US East_3': 50, 'E8as_v6_US East_1': 50, 'E8as_v6_US East_2': 50, 'E8ps_v5_US East_1': 50, 'E96-24ads_v6_US East_1': 50, 'E96-48ads_v6_US East_1': 50, 'E96ads_v6_US East_1': 50, 'E96as_v6_US East_1': 50, 'F16als_v6_US East_2': 50, 'F16als_v6_US East_3': 50, 'F16ams_v6_US East_1': 50, 'F16ams_v6_US East_2': 50, 'F16as_v6_US East_2': 50, 'F16as_v6_US East_3': 50, 'F2als_v6_US East_1': 50, 'F2als_v6_US East_2': 50, 'F2als_v6_US East_3': 50, 'F2ams_v6_US East_1': 50, 'F2ams_v6_US East_2': 50, 'F2ams_v6_US East_3': 50, 'F2as_v6_US East_1': 50, 'F2as_v6_US East_2': 50, 'F2as_v6_US East_3': 50, 'F32als_v6_US East_3': 50, 'F32ams_v6_US East_2': 50, 'F32as_v6_US East_3': 50, 'F48als_v6_US East_2': 50, 'F48ams_v6_US East_3': 50, 'F48as_v6_US East_3': 50, 'F4als_v6_US East_2': 50, 'F4als_v6_US East_3': 50, 'F4ams_v6_US East_2': 50, 'F4ams_v6_US East_3': 50, 'F4as_v6_US East_1': 50, 'F4as_v6_US East_2': 50, 'F64als_v6_US East_3': 50, 'F64ams_v6_US East_3': 50, 'F64as_v6_US East_3': 50, 'F8als_v6_US East_1': 50, 'F8als_v6_US East_2': 50, 'F8ams_v6_US East_2': 50, 'F8ams_v6_US East_3': 50, 'F8as_v6_US East_2': 50, 'F8as_v6_US East_3': 50, 'M12ds_v3_US East_2': 50, 'M12s_v3_US East_3': 50, 'M16-8ms_US East_1': 50, 'M16-8ms_US East_2': 50, 'M16-8ms_US East_3': 50, 'M16ms_US East_1': 50, 'M16ms_US East_2': 50, 'M16ms_US East_3': 50, 'M32-8ms_US East_1': 50, 'M32-8ms_US East_3': 50, 'M32dms_v2_US East_1': 50, 'M32dms_v2_US East_2': 50, 'M32dms_v2_US East_3': 50, 'M32ls_US East_1': 50, 'M32ls_US East_2': 50, 'M32ls_US East_3': 50, 'M32ms_US East_2': 50, 'M32ms_US East_3': 50, 'M32ms_v2_US East_1': 50, 'M32ms_v2_US East_2': 50, 'M32ms_v2_US East_3': 50, 'M32ts_US East_1': 50, 'M32ts_US East_2': 50, 'M32ts_US East_3': 50, 'M64s_v2_US East_1': 50, 'M8-4ms_US East_1': 50, 'M8-4ms_US East_2': 50, 'M8-4ms_US East_3': 50, 'M8ms_US East_1': 50, 'M8ms_US East_2': 50, 'M8ms_US East_3': 50, 'NV4as_v4_US East_1': 50, 'NV4as_v4_US East_2': 50, 'NV4as_v4_US East_3': 50, 'NV8as_v4_US East_1': 50, 'NV8as_v4_US East_2': 50, 'NV8as_v4_US East_3': 50}"
0.85,3103.2880500000006,4517839417,1455823.418486724,168150,167150,"{'B16pls_v2_US East_1': 50, 'B16pls_v2_US East_2': 50, 'B16pls_v2_US East_3': 50, 'B16ps_v2_US East_2': 50, 'B2pls_v2_US East_1': 50, 'B2pls_v2_US East_2': 50, 'B2pls_v2_US East_3': 50, 'B2ps_v2_US East_1': 50, 'B2ps_v2_US East_2': 50, 'B2ps_v2_US East_3': 50, 'B4pls_v2_US East_1': 50, 'B4pls_v2_US East_2': 50, 'B4pls_v2_US East_3': 50, 'B4ps_v2_US East_1': 50, 'B4ps_v2_US East_2': 50, 'B4ps_v2_US East_3': 50, 'B8pls_v2_US East_1': 50, 'B8pls_v2_US East_2': 50, 'B8pls_v2_US East_3': 50, 'B8ps_v2_US East_1': 50, 'B8ps_v2_US East_2': 50, 'B8ps_v2_US East_3': 50, 'D16ads_v6_US East_2': 50, 'D16ads_v6_US East_3': 50, 'D16alds_v6_US East_1': 50, 'D16alds_v6_US East_3': 50, 'D16als_v6_US East_1': 50, 'D16als_v6_US East_2': 50, 'D16as_v6_US East_1': 50, 'D16as_v6_US East_3': 50, 'D16pds_v5_US East_3': 50, 'D16plds_v5_US East_2': 50, 'D16plds_v5_US East_3': 50, 'D16pls_v5_US East_2': 50, 'D16pls_v5_US East_3': 50, 'D16ps_v5_US East_2': 50, 'D2ads_v6_US East_1': 50, 'D2ads_v6_US East_2': 50, 'D2ads_v6_US East_3': 50, 'D2alds_v6_US East_1': 50, 'D2alds_v6_US East_2': 50, 'D2alds_v6_US East_3': 50, 'D2als_v6_US East_1': 50, 'D2als_v6_US East_2': 50, 'D2als_v6_US East_3': 50, 'D2as_v6_US East_1': 50, 'D2as_v6_US East_2': 50, 'D2as_v6_US East_3': 50, 'D2pds_v5_US East_1': 50, 'D2pds_v5_US East_2': 50, 'D2pds_v5_US East_3': 50, 'D2plds_v5_US East_1': 50, 'D2plds_v5_US East_2': 50, 'D2plds_v5_US East_3': 50, 'D2pls_v5_US East_1': 50, 'D2pls_v5_US East_2': 50, 'D2pls_v5_US East_3': 50, 'D2ps_v5_US East_1': 50, 'D2ps_v5_US East_2': 50, 'D2ps_v5_US East_3': 50, 'D32ads_v6_US East_1': 50, 'D32ads_v6_US East_3': 50, 'D32alds_v6_US East_1': 50, 'D32alds_v6_US East_2': 50, 'D32als_v6_US East_1': 50, 'D32als_v6_US East_2': 50, 'D32as_v6_US East_2': 50, 'D32as_v6_US East_3': 50, 'D32plds_v5_US East_2': 50, 'D32pls_v5_US East_2': 50, 'D48ads_v6_US East_2': 50, 'D48alds_v6_US East_3': 50, 'D48als_v6_US East_1': 50, 'D48als_v6_US East_2': 50, 'D4ads_v6_US East_1': 50, 'D4ads_v6_US East_2': 50, 'D4ads_v6_US East_3': 50, 'D4alds_v6_US East_1': 50, 'D4alds_v6_US East_2': 50, 'D4alds_v6_US East_3': 50, 'D4als_v6_US East_1': 50, 'D4als_v6_US East_2': 50, 'D4als_v6_US East_3': 50, 'D4as_v6_US East_1': 50, 'D4as_v6_US East_2': 50, 'D4as_v6_US East_3': 50, 'D4pds_v5_US East_1': 50, 'D4pds_v5_US East_2': 50, 'D4pds_v5_US East_3': 50, 'D4plds_v5_US East_1': 50, 'D4plds_v5_US East_2': 50, 'D4plds_v5_US East_3': 50, 'D4pls_v5_US East_1': 50, 'D4pls_v5_US East_2': 50, 'D4pls_v5_US East_3': 50, 'D4ps_v5_US East_1': 50, 'D4ps_v5_US East_2': 50, 'D4ps_v5_US East_3': 50, 'D64ads_v6_US East_2': 50, 'D64alds_v6_US East_1': 50, 'D64als_v6_US East_1': 50, 'D64as_v6_US East_2': 50, 'D8ads_v6_US East_1': 50, 'D8ads_v6_US East_2': 50, 'D8alds_v6_US East_1': 50, 'D8alds_v6_US East_3': 50, 'D8als_v6_US East_1': 50, 'D8als_v6_US East_3': 50, 'D8as_v6_US East_2': 50, 'D8as_v6_US East_3': 50, 'D8plds_v5_US East_1': 50, 'D8plds_v5_US East_2': 50, 'D8plds_v5_US East_3': 50, 'D8pls_v5_US East_1': 50, 'D8pls_v5_US East_2': 50, 'D8pls_v5_US East_3': 50, 'D8ps_v5_US East_1': 50, 'D8ps_v5_US East_2': 50, 'D8ps_v5_US East_3': 50, 'D96ads_v6_US East_2': 50, 'D96alds_v6_US East_2': 50, 'D96als_v6_US East_2': 50, 'D96as_v6_US East_1': 50, 'DC1s_v2_US East_1': 50, 'E16ads_v6_US East_2': 50, 'E16ads_v6_US East_3': 50, 'E16as_v6_US East_2': 50, 'E16as_v6_US East_3': 50, 'E20ads_v6_US East_2': 50, 'E20ads_v6_US East_3': 50, 'E20as_v6_US East_2': 50, 'E20as_v6_US East_3': 50, 'E2ads_v6_US East_1': 50, 'E2ads_v6_US East_2': 50, 'E2ads_v6_US East_3': 50, 'E2as_v6_US East_1': 50, 'E2as_v6_US East_2': 50, 'E2as_v6_US East_3': 50, 'E2ps_v5_US East_1': 50, 'E2ps_v5_US East_2': 50, 'E2ps_v5_US East_3': 50, 'E32ads_v6_US East_1': 50, 'E32as_v6_US East_1': 50, 'E48ads_v6_US East_3': 50, 'E48as_v6_US East_3': 50, 'E4ads_v6_US East_2': 50, 'E4ads_v6_US East_3': 50, 'E4as_v6_US East_1': 50, 'E4as_v6_US East_2': 50, 'E4ps_v5_US East_1': 50, 'E4ps_v5_US East_2': 50, 'E4ps_v5_US East_3': 50, 'E64ads_v6_US East_3': 50, 'E64as_v6_US East_1': 50, 'E8ads_v6_US East_2': 50, 'E8ads_v6_US East_3': 50, 'E8as_v6_US East_1': 50, 'E8as_v6_US East_2': 50, 'E8ps_v5_US East_1': 50, 'E96-24ads_v6_US East_1': 50, 'E96-48ads_v6_US East_1': 50, 'E96ads_v6_US East_1': 50, 'E96as_v6_US East_1': 50, 'F16als_v6_US East_2': 50, 'F16als_v6_US East_3': 50, 'F16ams_v6_US East_1': 50, 'F16ams_v6_US East_2': 50, 'F16as_v6_US East_2': 50, 'F16as_v6_US East_3': 50, 'F2als_v6_US East_1': 50, 'F2als_v6_US East_2': 50, 'F2als_v6_US East_3': 50, 'F2ams_v6_US East_1': 50, 'F2ams_v6_US East_2': 50, 'F2ams_v6_US East_3': 50, 'F2as_v6_US East_1': 50, 'F2as_v6_US East_2': 50, 'F2as_v6_US East_3': 50, 'F32als_v6_US East_3': 50, 'F32ams_v6_US East_2': 50, 'F32as_v6_US East_3': 50, 'F48als_v6_US East_2': 50, 'F48ams_v6_US East_3': 50, 'F48as_v6_US East_3': 50, 'F4als_v6_US East_2': 50, 'F4als_v6_US East_3': 50, 'F4ams_v6_US East_2': 50, 'F4ams_v6_US East_3': 50, 'F4as_v6_US East_1': 50, 'F4as_v6_US East_2': 50, 'F64als_v6_US East_3': 50, 'F64ams_v6_US East_3': 50, 'F64as_v6_US East_3': 50, 'F8als_v6_US East_1': 50, 'F8als_v6_US East_2': 50, 'F8ams_v6_US East_2': 50, 'F8ams_v6_US East_3': 50, 'F8as_v6_US East_2': 50, 'F8as_v6_US East_3': 50, 'M12ds_v3_US East_2': 50, 'M12s_v3_US East_3': 50, 'M16-8ms_US East_1': 50, 'M16-8ms_US East_2': 50, 'M16-8ms_US East_3': 50, 'M16ms_US East_1': 50, 'M16ms_US East_2': 50, 'M16ms_US East_3': 50, 'M32-8ms_US East_1': 50, 'M32-8ms_US East_3': 50, 'M32dms_v2_US East_1': 50, 'M32dms_v2_US East_2': 50, 'M32dms_v2_US East_3': 50, 'M32ls_US East_1': 50, 'M32ls_US East_2': 50, 'M32ls_US East_3': 50, 'M32ms_US East_2': 50, 'M32ms_US East_3': 50, 'M32ms_v2_US East_1': 50, 'M32ms_v2_US East_2': 50, 'M32ms_v2_US East_3': 50, 'M32ts_US East_1': 50, 'M32ts_US East_2': 50, 'M32ts_US East_3': 50, 'M64s_v2_US East_1': 50, 'M8-4ms_US East_1': 50, 'M8-4ms_US East_2': 50, 'M8-4ms_US East_3': 50, 'M8ms_US East_1': 50, 'M8ms_US East_2': 50, 'M8ms_US East_3': 50, 'NV4as_v4_US East_1': 50, 'NV4as_v4_US East_2': 50, 'NV4as_v4_US East_3': 50, 'NV8as_v4_US East_1': 50, 'NV8as_v4_US East_2': 50, 'NV8as_v4_US East_3': 50}"
0.86,3103.2880500000006,4517839417,1455823.418486724,168150,167150,"{'B16pls_v2_US East_1': 50, 'B16pls_v2_US East_2': 50, 'B16pls_v2_US East_3': 50, 'B16ps_v2_US East_2': 50, 'B2pls_v2_US East_1': 50, 'B2pls_v2_US East_2': 50, 'B2pls_v2_US East_3': 50, 'B2ps_v2_US East_1': 50, 'B2ps_v2_US East_2': 50, 'B2ps_v2_US East_3': 50, 'B4pls_v2_US East_1': 50, 'B4pls_v2_US East_2': 50, 'B4pls_v2_US East_3': 50, 'B4ps_v2_US East_1': 50, 'B4ps_v2_US East_2': 50, 'B4ps_v2_US East_3': 50, 'B8pls_v2_US East_1': 50, 'B8pls_v2_US East_2': 50, 'B8pls_v2_US East_3': 50, 'B8ps_v2_US East_1': 50, 'B8ps_v2_US East_2': 50, 'B8ps_v2_US East_3': 50, 'D16ads_v6_US East_2': 50, 'D16ads_v6_US East_3': 50, 'D16alds_v6_US East_1': 50, 'D16alds_v6_US East_3': 50, 'D16als_v6_US East_1': 50, 'D16als_v6_US East_2': 50, 'D16as_v6_US East_1': 50, 'D16as_v6_US East_3': 50, 'D16pds_v5_US East_3': 50, 'D16plds_v5_US East_2': 50, 'D16plds_v5_US East_3': 50, 'D16pls_v5_US East_2': 50, 'D16pls_v5_US East_3': 50, 'D16ps_v5_US East_2': 50, 'D2ads_v6_US East_1': 50, 'D2ads_v6_US East_2': 50, 'D2ads_v6_US East_3': 50, 'D2alds_v6_US East_1': 50, 'D2alds_v6_US East_2': 50, 'D2alds_v6_US East_3': 50, 'D2als_v6_US East_1': 50, 'D2als_v6_US East_2': 50, 'D2als_v6_US East_3': 50, 'D2as_v6_US East_1': 50, 'D2as_v6_US East_2': 50, 'D2as_v6_US East_3': 50, 'D2pds_v5_US East_1': 50, 'D2pds_v5_US East_2': 50, 'D2pds_v5_US East_3': 50, 'D2plds_v5_US East_1': 50, 'D2plds_v5_US East_2': 50, 'D2plds_v5_US East_3': 50, 'D2pls_v5_US East_1': 50, 'D2pls_v5_US East_2': 50, 'D2pls_v5_US East_3': 50, 'D2ps_v5_US East_1': 50, 'D2ps_v5_US East_2': 50, 'D2ps_v5_US East_3': 50, 'D32ads_v6_US East_1': 50, 'D32ads_v6_US East_3': 50, 'D32alds_v6_US East_1': 50, 'D32alds_v6_US East_2': 50, 'D32als_v6_US East_1': 50, 'D32als_v6_US East_2': 50, 'D32as_v6_US East_2': 50, 'D32as_v6_US East_3': 50, 'D32plds_v5_US East_2': 50, 'D32pls_v5_US East_2': 50, 'D48ads_v6_US East_2': 50, 'D48alds_v6_US East_3': 50, 'D48als_v6_US East_1': 50, 'D48als_v6_US East_2': 50, 'D4ads_v6_US East_1': 50, 'D4ads_v6_US East_2': 50, 'D4ads_v6_US East_3': 50, 'D4alds_v6_US East_1': 50, 'D4alds_v6_US East_2': 50, 'D4alds_v6_US East_3': 50, 'D4als_v6_US East_1': 50, 'D4als_v6_US East_2': 50, 'D4als_v6_US East_3': 50, 'D4as_v6_US East_1': 50, 'D4as_v6_US East_2': 50, 'D4as_v6_US East_3': 50, 'D4pds_v5_US East_1': 50, 'D4pds_v5_US East_2': 50, 'D4pds_v5_US East_3': 50, 'D4plds_v5_US East_1': 50, 'D4plds_v5_US East_2': 50, 'D4plds_v5_US East_3': 50, 'D4pls_v5_US East_1': 50, 'D4pls_v5_US East_2': 50, 'D4pls_v5_US East_3': 50, 'D4ps_v5_US East_1': 50, 'D4ps_v5_US East_2': 50, 'D4ps_v5_US East_3': 50, 'D64ads_v6_US East_2': 50, 'D64alds_v6_US East_1': 50, 'D64als_v6_US East_1': 50, 'D64as_v6_US East_2': 50, 'D8ads_v6_US East_1': 50, 'D8ads_v6_US East_2': 50, 'D8alds_v6_US East_1': 50, 'D8alds_v6_US East_3': 50, 'D8als_v6_US East_1': 50, 'D8als_v6_US East_3': 50, 'D8as_v6_US East_2': 50, 'D8as_v6_US East_3': 50, 'D8plds_v5_US East_1': 50, 'D8plds_v5_US East_2': 50, 'D8plds_v5_US East_3': 50, 'D8pls_v5_US East_1': 50, 'D8pls_v5_US East_2': 50, 'D8pls_v5_US East_3': 50, 'D8ps_v5_US East_1': 50, 'D8ps_v5_US East_2': 50, 'D8ps_v5_US East_3': 50, 'D96ads_v6_US East_2': 50, 'D96alds_v6_US East_2': 50, 'D96als_v6_US East_2': 50, 'D96as_v6_US East_1': 50, 'DC1s_v2_US East_1': 50, 'E16ads_v6_US East_2': 50, 'E16ads_v6_US East_3': 50, 'E16as_v6_US East_2': 50, 'E16as_v6_US East_3': 50, 'E20ads_v6_US East_2': 50, 'E20ads_v6_US East_3': 50, 'E20as_v6_US East_2': 50, 'E20as_v6_US East_3': 50, 'E2ads_v6_US East_1': 50, 'E2ads_v6_US East_2': 50, 'E2ads_v6_US East_3': 50, 'E2as_v6_US East_1': 50, 'E2as_v6_US East_2': 50, 'E2as_v6_US East_3': 50, 'E2ps_v5_US East_1': 50, 'E2ps_v5_US East_2': 50, 'E2ps_v5_US East_3': 50, 'E32ads_v6_US East_1': 50, 'E32as_v6_US East_1': 50, 'E48ads_v6_US East_3': 50, 'E48as_v6_US East_3': 50, 'E4ads_v6_US East_2': 50, 'E4ads_v6_US East_3': 50, 'E4as_v6_US East_1': 50, 'E4as_v6_US East_2': 50, 'E4ps_v5_US East_1': 50, 'E4ps_v5_US East_2': 50, 'E4ps_v5_US East_3': 50, 'E64ads_v6_US East_3': 50, 'E64as_v6_US East_1': 50, 'E8ads_v6_US East_2': 50, 'E8ads_v6_US East_3': 50, 'E8as_v6_US East_1': 50, 'E8as_v6_US East_2': 50, 'E8ps_v5_US East_1': 50, 'E96-24ads_v6_US East_1': 50, 'E96-48ads_v6_US East_1': 50, 'E96ads_v6_US East_1': 50, 'E96as_v6_US East_1': 50, 'F16als_v6_US East_2': 50, 'F16als_v6_US East_3': 50, 'F16ams_v6_US East_1': 50, 'F16ams_v6_US East_2': 50, 'F16as_v6_US East_2': 50, 'F16as_v6_US East_3': 50, 'F2als_v6_US East_1': 50, 'F2als_v6_US East_2': 50, 'F2als_v6_US East_3': 50, 'F2ams_v6_US East_1': 50, 'F2ams_v6_US East_2': 50, 'F2ams_v6_US East_3': 50, 'F2as_v6_US East_1': 50, 'F2as_v6_US East_2': 50, 'F2as_v6_US East_3': 50, 'F32als_v6_US East_3': 50, 'F32ams_v6_US East_2': 50, 'F32as_v6_US East_3': 50, 'F48als_v6_US East_2': 50, 'F48ams_v6_US East_3': 50, 'F48as_v6_US East_3': 50, 'F4als_v6_US East_2': 50, 'F4als_v6_US East_3': 50, 'F4ams_v6_US East_2': 50, 'F4ams_v6_US East_3': 50, 'F4as_v6_US East_1': 50, 'F4as_v6_US East_2': 50, 'F64als_v6_US East_3': 50, 'F64ams_v6_US East_3': 50, 'F64as_v6_US East_3': 50, 'F8als_v6_US East_1': 50, 'F8als_v6_US East_2': 50, 'F8ams_v6_US East_2': 50, 'F8ams_v6_US East_3': 50, 'F8as_v6_US East_2': 50, 'F8as_v6_US East_3': 50, 'M12ds_v3_US East_2': 50, 'M12s_v3_US East_3': 50, 'M16-8ms_US East_1': 50, 'M16-8ms_US East_2': 50, 'M16-8ms_US East_3': 50, 'M16ms_US East_1': 50, 'M16ms_US East_2': 50, 'M16ms_US East_3': 50, 'M32-8ms_US East_1': 50, 'M32-8ms_US East_3': 50, 'M32dms_v2_US East_1': 50, 'M32dms_v2_US East_2': 50, 'M32dms_v2_US East_3': 50, 'M32ls_US East_1': 50, 'M32ls_US East_2': 50, 'M32ls_US East_3': 50, 'M32ms_US East_2': 50, 'M32ms_US East_3': 50, 'M32ms_v2_US East_1': 50, 'M32ms_v2_US East_2': 50, 'M32ms_v2_US East_3': 50, 'M32ts_US East_1': 50, 'M32ts_US East_2': 50, 'M32ts_US East_3': 50, 'M64s_v2_US East_1': 50, 'M8-4ms_US East_1': 50, 'M8-4ms_US East_2': 50, 'M8-4ms_US East_3': 50, 'M8ms_US East_1': 50, 'M8ms_US East_2': 50, 'M8ms_US East_3': 50, 'NV4as_v4_US East_1': 50, 'NV4as_v4_US East_2': 50, 'NV4as_v4_US East_3': 50, 'NV8as_v4_US East_1': 50, 'NV8as_v4_US East_2': 50, 'NV8as_v4_US East_3': 50}"
0.87,3103.2880500000006,4517839417,1455823.418486724,168150,167150,"{'B16pls_v2_US East_1': 50, 'B16pls_v2_US East_2': 50, 'B16pls_v2_US East_3': 50, 'B16ps_v2_US East_2': 50, 'B2pls_v2_US East_1': 50, 'B2pls_v2_US East_2': 50, 'B2pls_v2_US East_3': 50, 'B2ps_v2_US East_1': 50, 'B2ps_v2_US East_2': 50, 'B2ps_v2_US East_3': 50, 'B4pls_v2_US East_1': 50, 'B4pls_v2_US East_2': 50, 'B4pls_v2_US East_3': 50, 'B4ps_v2_US East_1': 50, 'B4ps_v2_US East_2': 50, 'B4ps_v2_US East_3': 50, 'B8pls_v2_US East_1': 50, 'B8pls_v2_US East_2': 50, 'B8pls_v2_US East_3': 50, 'B8ps_v2_US East_1': 50, 'B8ps_v2_US East_2': 50, 'B8ps_v2_US East_3': 50, 'D16ads_v6_US East_2': 50, 'D16ads_v6_US East_3': 50, 'D16alds_v6_US East_1': 50, 'D16alds_v6_US East_3': 50, 'D16als_v6_US East_1': 50, 'D16als_v6_US East_2': 50, 'D16as_v6_US East_1': 50, 'D16as_v6_US East_3': 50, 'D16pds_v5_US East_3': 50, 'D16plds_v5_US East_2': 50, 'D16plds_v5_US East_3': 50, 'D16pls_v5_US East_2': 50, 'D16pls_v5_US East_3': 50, 'D16ps_v5_US East_2': 50, 'D2ads_v6_US East_1': 50, 'D2ads_v6_US East_2': 50, 'D2ads_v6_US East_3': 50, 'D2alds_v6_US East_1': 50, 'D2alds_v6_US East_2': 50, 'D2alds_v6_US East_3': 50, 'D2als_v6_US East_1': 50, 'D2als_v6_US East_2': 50, 'D2als_v6_US East_3': 50, 'D2as_v6_US East_1': 50, 'D2as_v6_US East_2': 50, 'D2as_v6_US East_3': 50, 'D2pds_v5_US East_1': 50, 'D2pds_v5_US East_2': 50, 'D2pds_v5_US East_3': 50, 'D2plds_v5_US East_1': 50, 'D2plds_v5_US East_2': 50, 'D2plds_v5_US East_3': 50, 'D2pls_v5_US East_1': 50, 'D2pls_v5_US East_2': 50, 'D2pls_v5_US East_3': 50, 'D2ps_v5_US East_1': 50, 'D2ps_v5_US East_2': 50, 'D2ps_v5_US East_3': 50, 'D32ads_v6_US East_1': 50, 'D32ads_v6_US East_3': 50, 'D32alds_v6_US East_1': 50, 'D32alds_v6_US East_2': 50, 'D32als_v6_US East_1': 50, 'D32als_v6_US East_2': 50, 'D32as_v6_US East_2': 50, 'D32as_v6_US East_3': 50, 'D32plds_v5_US East_2': 50, 'D32pls_v5_US East_2': 50, 'D48ads_v6_US East_2': 50, 'D48alds_v6_US East_3': 50, 'D48als_v6_US East_1': 50, 'D48als_v6_US East_2': 50, 'D4ads_v6_US East_1': 50, 'D4ads_v6_US East_2': 50, 'D4ads_v6_US East_3': 50, 'D4alds_v6_US East_1': 50, 'D4alds_v6_US East_2': 50, 'D4alds_v6_US East_3': 50, 'D4als_v6_US East_1': 50, 'D4als_v6_US East_2': 50, 'D4als_v6_US East_3': 50, 'D4as_v6_US East_1': 50, 'D4as_v6_US East_2': 50, 'D4as_v6_US East_3': 50, 'D4pds_v5_US East_1': 50, 'D4pds_v5_US East_2': 50, 'D4pds_v5_US East_3': 50, 'D4plds_v5_US East_1': 50, 'D4plds_v5_US East_2': 50, 'D4plds_v5_US East_3': 50, 'D4pls_v5_US East_1': 50, 'D4pls_v5_US East_2': 50, 'D4pls_v5_US East_3': 50, 'D4ps_v5_US East_1': 50, 'D4ps_v5_US East_2': 50, 'D4ps_v5_US East_3': 50, 'D64ads_v6_US East_2': 50, 'D64alds_v6_US East_1': 50, 'D64als_v6_US East_1': 50, 'D64as_v6_US East_2': 50, 'D8ads_v6_US East_1': 50, 'D8ads_v6_US East_2': 50, 'D8alds_v6_US East_1': 50, 'D8alds_v6_US East_3': 50, 'D8als_v6_US East_1': 50, 'D8als_v6_US East_3': 50, 'D8as_v6_US East_2': 50, 'D8as_v6_US East_3': 50, 'D8plds_v5_US East_1': 50, 'D8plds_v5_US East_2': 50, 'D8plds_v5_US East_3': 50, 'D8pls_v5_US East_1': 50, 'D8pls_v5_US East_2': 50, 'D8pls_v5_US East_3': 50, 'D8ps_v5_US East_1': 50, 'D8ps_v5_US East_2': 50, 'D8ps_v5_US East_3': 50, 'D96ads_v6_US East_2': 50, 'D96alds_v6_US East_2': 50, 'D96als_v6_US East_2': 50, 'D96as_v6_US East_1': 50, 'DC1s_v2_US East_1': 50, 'E16ads_v6_US East_2': 50, 'E16ads_v6_US East_3': 50, 'E16as_v6_US East_2': 50, 'E16as_v6_US East_3': 50, 'E20ads_v6_US East_2': 50, 'E20ads_v6_US East_3': 50, 'E20as_v6_US East_2': 50, 'E20as_v6_US East_3': 50, 'E2ads_v6_US East_1': 50, 'E2ads_v6_US East_2': 50, 'E2ads_v6_US East_3': 50, 'E2as_v6_US East_1': 50, 'E2as_v6_US East_2': 50, 'E2as_v6_US East_3': 50, 'E2ps_v5_US East_1': 50, 'E2ps_v5_US East_2': 50, 'E2ps_v5_US East_3': 50, 'E32ads_v6_US East_1': 50, 'E32as_v6_US East_1': 50, 'E48ads_v6_US East_3': 50, 'E48as_v6_US East_3': 50, 'E4ads_v6_US East_2': 50, 'E4ads_v6_US East_3': 50, 'E4as_v6_US East_1': 50, 'E4as_v6_US East_2': 50, 'E4ps_v5_US East_1': 50, 'E4ps_v5_US East_2': 50, 'E4ps_v5_US East_3': 50, 'E64ads_v6_US East_3': 50, 'E64as_v6_US East_1': 50, 'E8ads_v6_US East_2': 50, 'E8ads_v6_US East_3': 50, 'E8as_v6_US East_1': 50, 'E8as_v6_US East_2': 50, 'E8ps_v5_US East_1': 50, 'E96-24ads_v6_US East_1': 50, 'E96-48ads_v6_US East_1': 50, 'E96ads_v6_US East_1': 50, 'E96as_v6_US East_1': 50, 'F16als_v6_US East_2': 50, 'F16als_v6_US East_3': 50, 'F16ams_v6_US East_1': 50, 'F16ams_v6_US East_2': 50, 'F16as_v6_US East_2': 50, 'F16as_v6_US East_3': 50, 'F2als_v6_US East_1': 50, 'F2als_v6_US East_2': 50, 'F2als_v6_US East_3': 50, 'F2ams_v6_US East_1': 50, 'F2ams_v6_US East_2': 50, 'F2ams_v6_US East_3': 50, 'F2as_v6_US East_1': 50, 'F2as_v6_US East_2': 50, 'F2as_v6_US East_3': 50, 'F32als_v6_US East_3': 50, 'F32ams_v6_US East_2': 50, 'F32as_v6_US East_3': 50, 'F48als_v6_US East_2': 50, 'F48ams_v6_US East_3': 50, 'F48as_v6_US East_3': 50, 'F4als_v6_US East_2': 50, 'F4als_v6_US East_3': 50, 'F4ams_v6_US East_2': 50, 'F4ams_v6_US East_3': 50, 'F4as_v6_US East_1': 50, 'F4as_v6_US East_2': 50, 'F64als_v6_US East_3': 50, 'F64ams_v6_US East_3': 50, 'F64as_v6_US East_3': 50, 'F8als_v6_US East_1': 50, 'F8als_v6_US East_2': 50, 'F8ams_v6_US East_2': 50, 'F8ams_v6_US East_3': 50, 'F8as_v6_US East_2': 50, 'F8as_v6_US East_3': 50, 'M12ds_v3_US East_2': 50, 'M12s_v3_US East_3': 50, 'M16-8ms_US East_1': 50, 'M16-8ms_US East_2': 50, 'M16-8ms_US East_3': 50, 'M16ms_US East_1': 50, 'M16ms_US East_2': 50, 'M16ms_US East_3': 50, 'M32-8ms_US East_1': 50, 'M32-8ms_US East_3': 50, 'M32dms_v2_US East_1': 50, 'M32dms_v2_US East_2': 50, 'M32dms_v2_US East_3': 50, 'M32ls_US East_1': 50, 'M32ls_US East_2': 50, 'M32ls_US East_3': 50, 'M32ms_US East_2': 50, 'M32ms_US East_3': 50, 'M32ms_v2_US East_1': 50, 'M32ms_v2_US East_2': 50, 'M32ms_v2_US East_3': 50, 'M32ts_US East_1': 50, 'M32ts_US East_2': 50, 'M32ts_US East_3': 50, 'M64s_v2_US East_1': 50, 'M8-4ms_US East_1': 50, 'M8-4ms_US East_2': 50, 'M8-4ms_US East_3': 50, 'M8ms_US East_1': 50, 'M8ms_US East_2': 50, 'M8ms_US East_3': 50, 'NV4as_v4_US East_1': 50, 'NV4as_v4_US East_2': 50, 'NV4as_v4_US East_3': 50, 'NV8as_v4_US East_1': 50, 'NV8as_v4_US East_2': 50, 'NV8as_v4_US East_3': 50}"
0.88,3103.2880500000006,4517839417,1455823.418486724,168150,167150,"{'B16pls_v2_US East_1': 50, 'B16pls_v2_US East_2': 50, 'B16pls_v2_US East_3': 50, 'B16ps_v2_US East_2': 50, 'B2pls_v2_US East_1': 50, 'B2pls_v2_US East_2': 50, 'B2pls_v2_US East_3': 50, 'B2ps_v2_US East_1': 50, 'B2ps_v2_US East_2': 50, 'B2ps_v2_US East_3': 50, 'B4pls_v2_US East_1': 50, 'B4pls_v2_US East_2': 50, 'B4pls_v2_US East_3': 50, 'B4ps_v2_US East_1': 50, 'B4ps_v2_US East_2': 50, 'B4ps_v2_US East_3': 50, 'B8pls_v2_US East_1': 50, 'B8pls_v2_US East_2': 50, 'B8pls_v2_US East_3': 50, 'B8ps_v2_US East_1': 50, 'B8ps_v2_US East_2': 50, 'B8ps_v2_US East_3': 50, 'D16ads_v6_US East_2': 50, 'D16ads_v6_US East_3': 50, 'D16alds_v6_US East_1': 50, 'D16alds_v6_US East_3': 50, 'D16als_v6_US East_1': 50, 'D16als_v6_US East_2': 50, 'D16as_v6_US East_1': 50, 'D16as_v6_US East_3': 50, 'D16pds_v5_US East_3': 50, 'D16plds_v5_US East_2': 50, 'D16plds_v5_US East_3': 50, 'D16pls_v5_US East_2': 50, 'D16pls_v5_US East_3': 50, 'D16ps_v5_US East_2': 50, 'D2ads_v6_US East_1': 50, 'D2ads_v6_US East_2': 50, 'D2ads_v6_US East_3': 50, 'D2alds_v6_US East_1': 50, 'D2alds_v6_US East_2': 50, 'D2alds_v6_US East_3': 50, 'D2als_v6_US East_1': 50, 'D2als_v6_US East_2': 50, 'D2als_v6_US East_3': 50, 'D2as_v6_US East_1': 50, 'D2as_v6_US East_2': 50, 'D2as_v6_US East_3': 50, 'D2pds_v5_US East_1': 50, 'D2pds_v5_US East_2': 50, 'D2pds_v5_US East_3': 50, 'D2plds_v5_US East_1': 50, 'D2plds_v5_US East_2': 50, 'D2plds_v5_US East_3': 50, 'D2pls_v5_US East_1': 50, 'D2pls_v5_US East_2': 50, 'D2pls_v5_US East_3': 50, 'D2ps_v5_US East_1': 50, 'D2ps_v5_US East_2': 50, 'D2ps_v5_US East_3': 50, 'D32ads_v6_US East_1': 50, 'D32ads_v6_US East_3': 50, 'D32alds_v6_US East_1': 50, 'D32alds_v6_US East_2': 50, 'D32als_v6_US East_1': 50, 'D32als_v6_US East_2': 50, 'D32as_v6_US East_2': 50, 'D32as_v6_US East_3': 50, 'D32plds_v5_US East_2': 50, 'D32pls_v5_US East_2': 50, 'D48ads_v6_US East_2': 50, 'D48alds_v6_US East_3': 50, 'D48als_v6_US East_1': 50, 'D48als_v6_US East_2': 50, 'D4ads_v6_US East_1': 50, 'D4ads_v6_US East_2': 50, 'D4ads_v6_US East_3': 50, 'D4alds_v6_US East_1': 50, 'D4alds_v6_US East_2': 50, 'D4alds_v6_US East_3': 50, 'D4als_v6_US East_1': 50, 'D4als_v6_US East_2': 50, 'D4als_v6_US East_3': 50, 'D4as_v6_US East_1': 50, 'D4as_v6_US East_2': 50, 'D4as_v6_US East_3': 50, 'D4pds_v5_US East_1': 50, 'D4pds_v5_US East_2': 50, 'D4pds_v5_US East_3': 50, 'D4plds_v5_US East_1': 50, 'D4plds_v5_US East_2': 50, 'D4plds_v5_US East_3': 50, 'D4pls_v5_US East_1': 50, 'D4pls_v5_US East_2': 50, 'D4pls_v5_US East_3': 50, 'D4ps_v5_US East_1': 50, 'D4ps_v5_US East_2': 50, 'D4ps_v5_US East_3': 50, 'D64ads_v6_US East_2': 50, 'D64alds_v6_US East_1': 50, 'D64als_v6_US East_1': 50, 'D64as_v6_US East_2': 50, 'D8ads_v6_US East_1': 50, 'D8ads_v6_US East_2': 50, 'D8alds_v6_US East_1': 50, 'D8alds_v6_US East_3': 50, 'D8als_v6_US East_1': 50, 'D8als_v6_US East_3': 50, 'D8as_v6_US East_2': 50, 'D8as_v6_US East_3': 50, 'D8plds_v5_US East_1': 50, 'D8plds_v5_US East_2': 50, 'D8plds_v5_US East_3': 50, 'D8pls_v5_US East_1': 50, 'D8pls_v5_US East_2': 50, 'D8pls_v5_US East_3': 50, 'D8ps_v5_US East_1': 50, 'D8ps_v5_US East_2': 50, 'D8ps_v5_US East_3': 50, 'D96ads_v6_US East_2': 50, 'D96alds_v6_US East_2': 50, 'D96als_v6_US East_2': 50, 'D96as_v6_US East_1': 50, 'DC1s_v2_US East_1': 50, 'E16ads_v6_US East_2': 50, 'E16ads_v6_US East_3': 50, 'E16as_v6_US East_2': 50, 'E16as_v6_US East_3': 50, 'E20ads_v6_US East_2': 50, 'E20ads_v6_US East_3': 50, 'E20as_v6_US East_2': 50, 'E20as_v6_US East_3': 50, 'E2ads_v6_US East_1': 50, 'E2ads_v6_US East_2': 50, 'E2ads_v6_US East_3': 50, 'E2as_v6_US East_1': 50, 'E2as_v6_US East_2': 50, 'E2as_v6_US East_3': 50, 'E2ps_v5_US East_1': 50, 'E2ps_v5_US East_2': 50, 'E2ps_v5_US East_3': 50, 'E32ads_v6_US East_1': 50, 'E32as_v6_US East_1': 50, 'E48ads_v6_US East_3': 50, 'E48as_v6_US East_3': 50, 'E4ads_v6_US East_2': 50, 'E4ads_v6_US East_3': 50, 'E4as_v6_US East_1': 50, 'E4as_v6_US East_2': 50, 'E4ps_v5_US East_1': 50, 'E4ps_v5_US East_2': 50, 'E4ps_v5_US East_3': 50, 'E64ads_v6_US East_3': 50, 'E64as_v6_US East_1': 50, 'E8ads_v6_US East_2': 50, 'E8ads_v6_US East_3': 50, 'E8as_v6_US East_1': 50, 'E8as_v6_US East_2': 50, 'E8ps_v5_US East_1': 50, 'E96-24ads_v6_US East_1': 50, 'E96-48ads_v6_US East_1': 50, 'E96ads_v6_US East_1': 50, 'E96as_v6_US East_1': 50, 'F16als_v6_US East_2': 50, 'F16als_v6_US East_3': 50, 'F16ams_v6_US East_1': 50, 'F16ams_v6_US East_2': 50, 'F16as_v6_US East_2': 50, 'F16as_v6_US East_3': 50, 'F2als_v6_US East_1': 50, 'F2als_v6_US East_2': 50, 'F2als_v6_US East_3': 50, 'F2ams_v6_US East_1': 50, 'F2ams_v6_US East_2': 50, 'F2ams_v6_US East_3': 50, 'F2as_v6_US East_1': 50, 'F2as_v6_US East_2': 50, 'F2as_v6_US East_3': 50, 'F32als_v6_US East_3': 50, 'F32ams_v6_US East_2': 50, 'F32as_v6_US East_3': 50, 'F48als_v6_US East_2': 50, 'F48ams_v6_US East_3': 50, 'F48as_v6_US East_3': 50, 'F4als_v6_US East_2': 50, 'F4als_v6_US East_3': 50, 'F4ams_v6_US East_2': 50, 'F4ams_v6_US East_3': 50, 'F4as_v6_US East_1': 50, 'F4as_v6_US East_2': 50, 'F64als_v6_US East_3': 50, 'F64ams_v6_US East_3': 50, 'F64as_v6_US East_3': 50, 'F8als_v6_US East_1': 50, 'F8als_v6_US East_2': 50, 'F8ams_v6_US East_2': 50, 'F8ams_v6_US East_3': 50, 'F8as_v6_US East_2': 50, 'F8as_v6_US East_3': 50, 'M12ds_v3_US East_2': 50, 'M12s_v3_US East_3': 50, 'M16-8ms_US East_1': 50, 'M16-8ms_US East_2': 50, 'M16-8ms_US East_3': 50, 'M16ms_US East_1': 50, 'M16ms_US East_2': 50, 'M16ms_US East_3': 50, 'M32-8ms_US East_1': 50, 'M32-8ms_US East_3': 50, 'M32dms_v2_US East_1': 50, 'M32dms_v2_US East_2': 50, 'M32dms_v2_US East_3': 50, 'M32ls_US East_1': 50, 'M32ls_US East_2': 50, 'M32ls_US East_3': 50, 'M32ms_US East_2': 50, 'M32ms_US East_3': 50, 'M32ms_v2_US East_1': 50, 'M32ms_v2_US East_2': 50, 'M32ms_v2_US East_3': 50, 'M32ts_US East_1': 50, 'M32ts_US East_2': 50, 'M32ts_US East_3': 50, 'M64s_v2_US East_1': 50, 'M8-4ms_US East_1': 50, 'M8-4ms_US East_2': 50, 'M8-4ms_US East_3': 50, 'M8ms_US East_1': 50, 'M8ms_US East_2': 50, 'M8ms_US East_3': 50, 'NV4as_v4_US East_1': 50, 'NV4as_v4_US East_2': 50, 'NV4as_v4_US East_3': 50, 'NV8as_v4_US East_1': 50, 'NV8as_v4_US East_2': 50, 'NV8as_v4_US East_3': 50}"
0.89,3216.8661500000003,4539888921,1411276.9104490094,169750,168750,"{'B16pls_v2_US East_1': 50, 'B16pls_v2_US East_2': 50, 'B16pls_v2_US East_3': 50, 'B16ps_v2_US East_2': 50, 'B2pls_v2_US East_1': 50, 'B2pls_v2_US East_2': 50, 'B2pls_v2_US East_3': 50, 'B2ps_v2_US East_1': 50, 'B2ps_v2_US East_2': 50, 'B2ps_v2_US East_3': 50, 'B4pls_v2_US East_1': 50, 'B4pls_v2_US East_2': 50, 'B4pls_v2_US East_3': 50, 'B4ps_v2_US East_1': 50, 'B4ps_v2_US East_2': 50, 'B4ps_v2_US East_3': 50, 'B8pls_v2_US East_1': 50, 'B8pls_v2_US East_2': 50, 'B8pls_v2_US East_3': 50, 'B8ps_v2_US East_1': 50, 'B8ps_v2_US East_2': 50, 'B8ps_v2_US East_3': 50, 'D16ads_v6_US East_2': 50, 'D16ads_v6_US East_3': 50, 'D16alds_v6_US East_1': 50, 'D16alds_v6_US East_3': 50, 'D16als_v6_US East_1': 50, 'D16als_v6_US East_2': 50, 'D16as_v6_US East_1': 50, 'D16as_v6_US East_3': 50, 'D16pds_v5_US East_3': 50, 'D16plds_v5_US East_2': 50, 'D16plds_v5_US East_3': 50, 'D16pls_v5_US East_2': 50, 'D16pls_v5_US East_3': 50, 'D16ps_v5_US East_2': 50, 'D2ads_v6_US East_1': 50, 'D2ads_v6_US East_2': 50, 'D2ads_v6_US East_3': 50, 'D2alds_v6_US East_1': 50, 'D2alds_v6_US East_2': 50, 'D2alds_v6_US East_3': 50, 'D2als_v6_US East_1': 50, 'D2als_v6_US East_2': 50, 'D2als_v6_US East_3': 50, 'D2as_v6_US East_1': 50, 'D2as_v6_US East_2': 50, 'D2as_v6_US East_3': 50, 'D2pds_v5_US East_1': 50, 'D2pds_v5_US East_2': 50, 'D2pds_v5_US East_3': 50, 'D2plds_v5_US East_1': 50, 'D2plds_v5_US East_2': 50, 'D2plds_v5_US East_3': 50, 'D2pls_v5_US East_1': 50, 'D2pls_v5_US East_2': 50, 'D2pls_v5_US East_3': 50, 'D2ps_v5_US East_1': 50, 'D2ps_v5_US East_2': 50, 'D2ps_v5_US East_3': 50, 'D32ads_v6_US East_1': 50, 'D32ads_v6_US East_3': 50, 'D32alds_v6_US East_1': 50, 'D32alds_v6_US East_2': 50, 'D32als_v6_US East_1': 50, 'D32als_v6_US East_2': 50, 'D32as_v6_US East_2': 50, 'D32as_v6_US East_3': 50, 'D32plds_v5_US East_2': 50, 'D32pls_v5_US East_2': 50, 'D48ads_v6_US East_2': 50, 'D48alds_v6_US East_3': 50, 'D48als_v6_US East_1': 50, 'D48als_v6_US East_2': 50, 'D4ads_v6_US East_1': 50, 'D4ads_v6_US East_2': 50, 'D4ads_v6_US East_3': 50, 'D4alds_v6_US East_1': 50, 'D4alds_v6_US East_2': 50, 'D4alds_v6_US East_3': 50, 'D4als_v6_US East_1': 50, 'D4als_v6_US East_2': 50, 'D4als_v6_US East_3': 50, 'D4as_v6_US East_1': 50, 'D4as_v6_US East_2': 50, 'D4as_v6_US East_3': 50, 'D4pds_v5_US East_1': 50, 'D4pds_v5_US East_2': 50, 'D4pds_v5_US East_3': 50, 'D4plds_v5_US East_1': 50, 'D4plds_v5_US East_2': 50, 'D4plds_v5_US East_3': 50, 'D4pls_v5_US East_1': 50, 'D4pls_v5_US East_2': 50, 'D4pls_v5_US East_3': 50, 'D4ps_v5_US East_1': 50, 'D4ps_v5_US East_2': 50, 'D4ps_v5_US East_3': 50, 'D64ads_v6_US East_2': 50, 'D64alds_v6_US East_1': 50, 'D64als_v6_US East_1': 50, 'D64as_v6_US East_2': 50, 'D8ads_v6_US East_1': 50, 'D8ads_v6_US East_2': 50, 'D8alds_v6_US East_1': 50, 'D8alds_v6_US East_3': 50, 'D8als_v6_US East_1': 50, 'D8als_v6_US East_3': 50, 'D8as_v6_US East_2': 50, 'D8as_v6_US East_3': 50, 'D8plds_v5_US East_1': 50, 'D8plds_v5_US East_2': 50, 'D8plds_v5_US East_3': 50, 'D8pls_v5_US East_1': 50, 'D8pls_v5_US East_2': 50, 'D8pls_v5_US East_3': 50, 'D8ps_v5_US East_1': 50, 'D8ps_v5_US East_2': 50, 'D8ps_v5_US East_3': 50, 'D96ads_v6_US East_2': 50, 'D96alds_v6_US East_2': 50, 'D96als_v6_US East_2': 50, 'D96as_v6_US East_1': 50, 'DC1s_v2_US East_1': 50, 'E16ads_v6_US East_2': 50, 'E16ads_v6_US East_3': 50, 'E16as_v6_US East_2': 50, 'E16as_v6_US East_3': 50, 'E20ads_v6_US East_2': 50, 'E20ads_v6_US East_3': 50, 'E20as_v6_US East_2': 50, 'E20as_v6_US East_3': 50, 'E2ads_v6_US East_1': 50, 'E2ads_v6_US East_2': 50, 'E2ads_v6_US East_3': 50, 'E2as_v6_US East_1': 50, 'E2as_v6_US East_2': 50, 'E2as_v6_US East_3': 50, 'E2ps_v5_US East_1': 50, 'E2ps_v5_US East_2': 50, 'E2ps_v5_US East_3': 50, 'E32ads_v6_US East_1': 50, 'E32as_v6_US East_1': 50, 'E48ads_v6_US East_3': 50, 'E48as_v6_US East_3': 50, 'E4ads_v6_US East_2': 50, 'E4ads_v6_US East_3': 50, 'E4as_v6_US East_1': 50, 'E4as_v6_US East_2': 50, 'E4ps_v5_US East_1': 50, 'E4ps_v5_US East_2': 50, 'E4ps_v5_US East_3': 50, 'E64ads_v6_US East_3': 50, 'E64as_v6_US East_1': 50, 'E8ads_v6_US East_2': 50, 'E8ads_v6_US East_3': 50, 'E8as_v6_US East_1': 50, 'E8as_v6_US East_2': 50, 'E8ps_v5_US East_1': 50, 'E96-24ads_v6_US East_1': 50, 'E96-48ads_v6_US East_1': 50, 'E96ads_v6_US East_1': 50, 'E96as_v6_US East_1': 50, 'F16als_v6_US East_2': 50, 'F16als_v6_US East_3': 50, 'F16ams_v6_US East_1': 50, 'F16ams_v6_US East_2': 50, 'F16as_v6_US East_2': 50, 'F16as_v6_US East_3': 50, 'F2als_v6_US East_1': 50, 'F2als_v6_US East_2': 50, 'F2als_v6_US East_3': 50, 'F2ams_v6_US East_1': 50, 'F2ams_v6_US East_2': 50, 'F2ams_v6_US East_3': 50, 'F2as_v6_US East_1': 50, 'F2as_v6_US East_2': 50, 'F2as_v6_US East_3': 50, 'F32als_v6_US East_3': 50, 'F32ams_v6_US East_2': 50, 'F32as_v6_US East_3': 50, 'F48als_v6_US East_2': 50, 'F48ams_v6_US East_3': 50, 'F48as_v6_US East_3': 50, 'F4als_v6_US East_2': 50, 'F4als_v6_US East_3': 50, 'F4ams_v6_US East_2': 50, 'F4ams_v6_US East_3': 50, 'F4as_v6_US East_1': 50, 'F4as_v6_US East_2': 50, 'F64als_v6_US East_3': 50, 'F64ams_v6_US East_3': 50, 'F64as_v6_US East_3': 50, 'F8als_v6_US East_1': 50, 'F8als_v6_US East_2': 50, 'F8ams_v6_US East_2': 50, 'F8ams_v6_US East_3': 50, 'F8as_v6_US East_2': 50, 'F8as_v6_US East_3': 50, 'M12ds_v3_US East_2': 50, 'M12s_v3_US East_3': 50, 'M16-8ms_US East_1': 50, 'M16-8ms_US East_2': 50, 'M16-8ms_US East_3': 50, 'M16ms_US East_1': 50, 'M16ms_US East_2': 50, 'M16ms_US East_3': 50, 'M32-16ms_US East_1': 50, 'M32-16ms_US East_3': 50, 'M32-8ms_US East_1': 50, 'M32-8ms_US East_3': 50, 'M32dms_v2_US East_1': 50, 'M32dms_v2_US East_2': 50, 'M32dms_v2_US East_3': 50, 'M32ls_US East_1': 50, 'M32ls_US East_2': 50, 'M32ls_US East_3': 50, 'M32ms_US East_2': 50, 'M32ms_US East_3': 50, 'M32ms_v2_US East_1': 50, 'M32ms_v2_US East_2': 50, 'M32ms_v2_US East_3': 50, 'M32ts_US East_1': 50, 'M32ts_US East_2': 50, 'M32ts_US East_3': 50, 'M64s_v2_US East_1': 50, 'M8-4ms_US East_1': 50, 'M8-4ms_US East_2': 50, 'M8-4ms_US East_3': 50, 'M8ms_US East_1': 50, 'M8ms_US East_2': 50, 'M8ms_US East_3': 50, 'NV4as_v4_US East_1': 50, 'NV4as_v4_US East_2': 50, 'NV4as_v4_US East_3': 50, 'NV8as_v4_US East_1': 50, 'NV8as_v4_US East_2': 50, 'NV8as_v4_US East_3': 50}"
0.9,3216.8661500000003,4539888921,1411276.9104490094,169750,168750,"{'B16pls_v2_US East_1': 50, 'B16pls_v2_US East_2': 50, 'B16pls_v2_US East_3': 50, 'B16ps_v2_US East_2': 50, 'B2pls_v2_US East_1': 50, 'B2pls_v2_US East_2': 50, 'B2pls_v2_US East_3': 50, 'B2ps_v2_US East_1': 50, 'B2ps_v2_US East_2': 50, 'B2ps_v2_US East_3': 50, 'B4pls_v2_US East_1': 50, 'B4pls_v2_US East_2': 50, 'B4pls_v2_US East_3': 50, 'B4ps_v2_US East_1': 50, 'B4ps_v2_US East_2': 50, 'B4ps_v2_US East_3': 50, 'B8pls_v2_US East_1': 50, 'B8pls_v2_US East_2': 50, 'B8pls_v2_US East_3': 50, 'B8ps_v2_US East_1': 50, 'B8ps_v2_US East_2': 50, 'B8ps_v2_US East_3': 50, 'D16ads_v6_US East_2': 50, 'D16ads_v6_US East_3': 50, 'D16alds_v6_US East_1': 50, 'D16alds_v6_US East_3': 50, 'D16als_v6_US East_1': 50, 'D16als_v6_US East_2': 50, 'D16as_v6_US East_1': 50, 'D16as_v6_US East_3': 50, 'D16pds_v5_US East_3': 50, 'D16plds_v5_US East_2': 50, 'D16plds_v5_US East_3': 50, 'D16pls_v5_US East_2': 50, 'D16pls_v5_US East_3': 50, 'D16ps_v5_US East_2': 50, 'D2ads_v6_US East_1': 50, 'D2ads_v6_US East_2': 50, 'D2ads_v6_US East_3': 50, 'D2alds_v6_US East_1': 50, 'D2alds_v6_US East_2': 50, 'D2alds_v6_US East_3': 50, 'D2als_v6_US East_1': 50, 'D2als_v6_US East_2': 50, 'D2als_v6_US East_3': 50, 'D2as_v6_US East_1': 50, 'D2as_v6_US East_2': 50, 'D2as_v6_US East_3': 50, 'D2pds_v5_US East_1': 50, 'D2pds_v5_US East_2': 50, 'D2pds_v5_US East_3': 50, 'D2plds_v5_US East_1': 50, 'D2plds_v5_US East_2': 50, 'D2plds_v5_US East_3': 50, 'D2pls_v5_US East_1': 50, 'D2pls_v5_US East_2': 50, 'D2pls_v5_US East_3': 50, 'D2ps_v5_US East_1': 50, 'D2ps_v5_US East_2': 50, 'D2ps_v5_US East_3': 50, 'D32ads_v6_US East_1': 50, 'D32ads_v6_US East_3': 50, 'D32alds_v6_US East_1': 50, 'D32alds_v6_US East_2': 50, 'D32als_v6_US East_1': 50, 'D32als_v6_US East_2': 50, 'D32as_v6_US East_2': 50, 'D32as_v6_US East_3': 50, 'D32plds_v5_US East_2': 50, 'D32pls_v5_US East_2': 50, 'D48ads_v6_US East_2': 50, 'D48alds_v6_US East_3': 50, 'D48als_v6_US East_1': 50, 'D48als_v6_US East_2': 50, 'D4ads_v6_US East_1': 50, 'D4ads_v6_US East_2': 50, 'D4ads_v6_US East_3': 50, 'D4alds_v6_US East_1': 50, 'D4alds_v6_US East_2': 50, 'D4alds_v6_US East_3': 50, 'D4als_v6_US East_1': 50, 'D4als_v6_US East_2': 50, 'D4als_v6_US East_3': 50, 'D4as_v6_US East_1': 50, 'D4as_v6_US East_2': 50, 'D4as_v6_US East_3': 50, 'D4pds_v5_US East_1': 50, 'D4pds_v5_US East_2': 50, 'D4pds_v5_US East_3': 50, 'D4plds_v5_US East_1': 50, 'D4plds_v5_US East_2': 50, 'D4plds_v5_US East_3': 50, 'D4pls_v5_US East_1': 50, 'D4pls_v5_US East_2': 50, 'D4pls_v5_US East_3': 50, 'D4ps_v5_US East_1': 50, 'D4ps_v5_US East_2': 50, 'D4ps_v5_US East_3': 50, 'D64ads_v6_US East_2': 50, 'D64alds_v6_US East_1': 50, 'D64als_v6_US East_1': 50, 'D64as_v6_US East_2': 50, 'D8ads_v6_US East_1': 50, 'D8ads_v6_US East_2': 50, 'D8alds_v6_US East_1': 50, 'D8alds_v6_US East_3': 50, 'D8als_v6_US East_1': 50, 'D8als_v6_US East_3': 50, 'D8as_v6_US East_2': 50, 'D8as_v6_US East_3': 50, 'D8plds_v5_US East_1': 50, 'D8plds_v5_US East_2': 50, 'D8plds_v5_US East_3': 50, 'D8pls_v5_US East_1': 50, 'D8pls_v5_US East_2': 50, 'D8pls_v5_US East_3': 50, 'D8ps_v5_US East_1': 50, 'D8ps_v5_US East_2': 50, 'D8ps_v5_US East_3': 50, 'D96ads_v6_US East_2': 50, 'D96alds_v6_US East_2': 50, 'D96als_v6_US East_2': 50, 'D96as_v6_US East_1': 50, 'DC1s_v2_US East_1': 50, 'E16ads_v6_US East_2': 50, 'E16ads_v6_US East_3': 50, 'E16as_v6_US East_2': 50, 'E16as_v6_US East_3': 50, 'E20ads_v6_US East_2': 50, 'E20ads_v6_US East_3': 50, 'E20as_v6_US East_2': 50, 'E20as_v6_US East_3': 50, 'E2ads_v6_US East_1': 50, 'E2ads_v6_US East_2': 50, 'E2ads_v6_US East_3': 50, 'E2as_v6_US East_1': 50, 'E2as_v6_US East_2': 50, 'E2as_v6_US East_3': 50, 'E2ps_v5_US East_1': 50, 'E2ps_v5_US East_2': 50, 'E2ps_v5_US East_3': 50, 'E32ads_v6_US East_1': 50, 'E32as_v6_US East_1': 50, 'E48ads_v6_US East_3': 50, 'E48as_v6_US East_3': 50, 'E4ads_v6_US East_2': 50, 'E4ads_v6_US East_3': 50, 'E4as_v6_US East_1': 50, 'E4as_v6_US East_2': 50, 'E4ps_v5_US East_1': 50, 'E4ps_v5_US East_2': 50, 'E4ps_v5_US East_3': 50, 'E64ads_v6_US East_3': 50, 'E64as_v6_US East_1': 50, 'E8ads_v6_US East_2': 50, 'E8ads_v6_US East_3': 50, 'E8as_v6_US East_1': 50, 'E8as_v6_US East_2': 50, 'E8ps_v5_US East_1': 50, 'E96-24ads_v6_US East_1': 50, 'E96-48ads_v6_US East_1': 50, 'E96ads_v6_US East_1': 50, 'E96as_v6_US East_1': 50, 'F16als_v6_US East_2': 50, 'F16als_v6_US East_3': 50, 'F16ams_v6_US East_1': 50, 'F16ams_v6_US East_2': 50, 'F16as_v6_US East_2': 50, 'F16as_v6_US East_3': 50, 'F2als_v6_US East_1': 50, 'F2als_v6_US East_2': 50, 'F2als_v6_US East_3': 50, 'F2ams_v6_US East_1': 50, 'F2ams_v6_US East_2': 50, 'F2ams_v6_US East_3': 50, 'F2as_v6_US East_1': 50, 'F2as_v6_US East_2': 50, 'F2as_v6_US East_3': 50, 'F32als_v6_US East_3': 50, 'F32ams_v6_US East_2': 50, 'F32as_v6_US East_3': 50, 'F48als_v6_US East_2': 50, 'F48ams_v6_US East_3': 50, 'F48as_v6_US East_3': 50, 'F4als_v6_US East_2': 50, 'F4als_v6_US East_3': 50, 'F4ams_v6_US East_2': 50, 'F4ams_v6_US East_3': 50, 'F4as_v6_US East_1': 50, 'F4as_v6_US East_2': 50, 'F64als_v6_US East_3': 50, 'F64ams_v6_US East_3': 50, 'F64as_v6_US East_3': 50, 'F8als_v6_US East_1': 50, 'F8als_v6_US East_2': 50, 'F8ams_v6_US East_2': 50, 'F8ams_v6_US East_3': 50, 'F8as_v6_US East_2': 50, 'F8as_v6_US East_3': 50, 'M12ds_v3_US East_2': 50, 'M12s_v3_US East_3': 50, 'M16-8ms_US East_1': 50, 'M16-8ms_US East_2': 50, 'M16-8ms_US East_3': 50, 'M16ms_US East_1': 50, 'M16ms_US East_2': 50, 'M16ms_US East_3': 50, 'M32-16ms_US East_1': 50, 'M32-16ms_US East_3': 50, 'M32-8ms_US East_1': 50, 'M32-8ms_US East_3': 50, 'M32dms_v2_US East_1': 50, 'M32dms_v2_US East_2': 50, 'M32dms_v2_US East_3': 50, 'M32ls_US East_1': 50, 'M32ls_US East_2': 50, 'M32ls_US East_3': 50, 'M32ms_US East_2': 50, 'M32ms_US East_3': 50, 'M32ms_v2_US East_1': 50, 'M32ms_v2_US East_2': 50, 'M32ms_v2_US East_3': 50, 'M32ts_US East_1': 50, 'M32ts_US East_2': 50, 'M32ts_US East_3': 50, 'M64s_v2_US East_1': 50, 'M8-4ms_US East_1': 50, 'M8-4ms_US East_2': 50, 'M8-4ms_US East_3': 50, 'M8ms_US East_1': 50, 'M8ms_US East_2': 50, 'M8ms_US East_3': 50, 'NV4as_v4_US East_1': 50, 'NV4as_v4_US East_2': 50, 'NV4as_v4_US East_3': 50, 'NV8as_v4_US East_1': 50, 'NV8as_v4_US East_2': 50, 'NV8as_v4_US East_3': 50}"
0.91,3216.8661500000003,4539888921,1411276.9104490094,169750,168750,"{'B16pls_v2_US East_1': 50, 'B16pls_v2_US East_2': 50, 'B16pls_v2_US East_3': 50, 'B16ps_v2_US East_2': 50, 'B2pls_v2_US East_1': 50, 'B2pls_v2_US East_2': 50, 'B2pls_v2_US East_3': 50, 'B2ps_v2_US East_1': 50, 'B2ps_v2_US East_2': 50, 'B2ps_v2_US East_3': 50, 'B4pls_v2_US East_1': 50, 'B4pls_v2_US East_2': 50, 'B4pls_v2_US East_3': 50, 'B4ps_v2_US East_1': 50, 'B4ps_v2_US East_2': 50, 'B4ps_v2_US East_3': 50, 'B8pls_v2_US East_1': 50, 'B8pls_v2_US East_2': 50, 'B8pls_v2_US East_3': 50, 'B8ps_v2_US East_1': 50, 'B8ps_v2_US East_2': 50, 'B8ps_v2_US East_3': 50, 'D16ads_v6_US East_2': 50, 'D16ads_v6_US East_3': 50, 'D16alds_v6_US East_1': 50, 'D16alds_v6_US East_3': 50, 'D16als_v6_US East_1': 50, 'D16als_v6_US East_2': 50, 'D16as_v6_US East_1': 50, 'D16as_v6_US East_3': 50, 'D16pds_v5_US East_3': 50, 'D16plds_v5_US East_2': 50, 'D16plds_v5_US East_3': 50, 'D16pls_v5_US East_2': 50, 'D16pls_v5_US East_3': 50, 'D16ps_v5_US East_2': 50, 'D2ads_v6_US East_1': 50, 'D2ads_v6_US East_2': 50, 'D2ads_v6_US East_3': 50, 'D2alds_v6_US East_1': 50, 'D2alds_v6_US East_2': 50, 'D2alds_v6_US East_3': 50, 'D2als_v6_US East_1': 50, 'D2als_v6_US East_2': 50, 'D2als_v6_US East_3': 50, 'D2as_v6_US East_1': 50, 'D2as_v6_US East_2': 50, 'D2as_v6_US East_3': 50, 'D2pds_v5_US East_1': 50, 'D2pds_v5_US East_2': 50, 'D2pds_v5_US East_3': 50, 'D2plds_v5_US East_1': 50, 'D2plds_v5_US East_2': 50, 'D2plds_v5_US East_3': 50, 'D2pls_v5_US East_1': 50, 'D2pls_v5_US East_2': 50, 'D2pls_v5_US East_3': 50, 'D2ps_v5_US East_1': 50, 'D2ps_v5_US East_2': 50, 'D2ps_v5_US East_3': 50, 'D32ads_v6_US East_1': 50, 'D32ads_v6_US East_3': 50, 'D32alds_v6_US East_1': 50, 'D32alds_v6_US East_2': 50, 'D32als_v6_US East_1': 50, 'D32als_v6_US East_2': 50, 'D32as_v6_US East_2': 50, 'D32as_v6_US East_3': 50, 'D32plds_v5_US East_2': 50, 'D32pls_v5_US East_2': 50, 'D48ads_v6_US East_2': 50, 'D48alds_v6_US East_3': 50, 'D48als_v6_US East_1': 50, 'D48als_v6_US East_2': 50, 'D4ads_v6_US East_1': 50, 'D4ads_v6_US East_2': 50, 'D4ads_v6_US East_3': 50, 'D4alds_v6_US East_1': 50, 'D4alds_v6_US East_2': 50, 'D4alds_v6_US East_3': 50, 'D4als_v6_US East_1': 50, 'D4als_v6_US East_2': 50, 'D4als_v6_US East_3': 50, 'D4as_v6_US East_1': 50, 'D4as_v6_US East_2': 50, 'D4as_v6_US East_3': 50, 'D4pds_v5_US East_1': 50, 'D4pds_v5_US East_2': 50, 'D4pds_v5_US East_3': 50, 'D4plds_v5_US East_1': 50, 'D4plds_v5_US East_2': 50, 'D4plds_v5_US East_3': 50, 'D4pls_v5_US East_1': 50, 'D4pls_v5_US East_2': 50, 'D4pls_v5_US East_3': 50, 'D4ps_v5_US East_1': 50, 'D4ps_v5_US East_2': 50, 'D4ps_v5_US East_3': 50, 'D64ads_v6_US East_2': 50, 'D64alds_v6_US East_1': 50, 'D64als_v6_US East_1': 50, 'D64as_v6_US East_2': 50, 'D8ads_v6_US East_1': 50, 'D8ads_v6_US East_2': 50, 'D8alds_v6_US East_1': 50, 'D8alds_v6_US East_3': 50, 'D8als_v6_US East_1': 50, 'D8als_v6_US East_3': 50, 'D8as_v6_US East_2': 50, 'D8as_v6_US East_3': 50, 'D8plds_v5_US East_1': 50, 'D8plds_v5_US East_2': 50, 'D8plds_v5_US East_3': 50, 'D8pls_v5_US East_1': 50, 'D8pls_v5_US East_2': 50, 'D8pls_v5_US East_3': 50, 'D8ps_v5_US East_1': 50, 'D8ps_v5_US East_2': 50, 'D8ps_v5_US East_3': 50, 'D96ads_v6_US East_2': 50, 'D96alds_v6_US East_2': 50, 'D96als_v6_US East_2': 50, 'D96as_v6_US East_1': 50, 'DC1s_v2_US East_1': 50, 'E16ads_v6_US East_2': 50, 'E16ads_v6_US East_3': 50, 'E16as_v6_US East_2': 50, 'E16as_v6_US East_3': 50, 'E20ads_v6_US East_2': 50, 'E20ads_v6_US East_3': 50, 'E20as_v6_US East_2': 50, 'E20as_v6_US East_3': 50, 'E2ads_v6_US East_1': 50, 'E2ads_v6_US East_2': 50, 'E2ads_v6_US East_3': 50, 'E2as_v6_US East_1': 50, 'E2as_v6_US East_2': 50, 'E2as_v6_US East_3': 50, 'E2ps_v5_US East_1': 50, 'E2ps_v5_US East_2': 50, 'E2ps_v5_US East_3': 50, 'E32ads_v6_US East_1': 50, 'E32as_v6_US East_1': 50, 'E48ads_v6_US East_3': 50, 'E48as_v6_US East_3': 50, 'E4ads_v6_US East_2': 50, 'E4ads_v6_US East_3': 50, 'E4as_v6_US East_1': 50, 'E4as_v6_US East_2': 50, 'E4ps_v5_US East_1': 50, 'E4ps_v5_US East_2': 50, 'E4ps_v5_US East_3': 50, 'E64ads_v6_US East_3': 50, 'E64as_v6_US East_1': 50, 'E8ads_v6_US East_2': 50, 'E8ads_v6_US East_3': 50, 'E8as_v6_US East_1': 50, 'E8as_v6_US East_2': 50, 'E8ps_v5_US East_1': 50, 'E96-24ads_v6_US East_1': 50, 'E96-48ads_v6_US East_1': 50, 'E96ads_v6_US East_1': 50, 'E96as_v6_US East_1': 50, 'F16als_v6_US East_2': 50, 'F16als_v6_US East_3': 50, 'F16ams_v6_US East_1': 50, 'F16ams_v6_US East_2': 50, 'F16as_v6_US East_2': 50, 'F16as_v6_US East_3': 50, 'F2als_v6_US East_1': 50, 'F2als_v6_US East_2': 50, 'F2als_v6_US East_3': 50, 'F2ams_v6_US East_1': 50, 'F2ams_v6_US East_2': 50, 'F2ams_v6_US East_3': 50, 'F2as_v6_US East_1': 50, 'F2as_v6_US East_2': 50, 'F2as_v6_US East_3': 50, 'F32als_v6_US East_3': 50, 'F32ams_v6_US East_2': 50, 'F32as_v6_US East_3': 50, 'F48als_v6_US East_2': 50, 'F48ams_v6_US East_3': 50, 'F48as_v6_US East_3': 50, 'F4als_v6_US East_2': 50, 'F4als_v6_US East_3': 50, 'F4ams_v6_US East_2': 50, 'F4ams_v6_US East_3': 50, 'F4as_v6_US East_1': 50, 'F4as_v6_US East_2': 50, 'F64als_v6_US East_3': 50, 'F64ams_v6_US East_3': 50, 'F64as_v6_US East_3': 50, 'F8als_v6_US East_1': 50, 'F8als_v6_US East_2': 50, 'F8ams_v6_US East_2': 50, 'F8ams_v6_US East_3': 50, 'F8as_v6_US East_2': 50, 'F8as_v6_US East_3': 50, 'M12ds_v3_US East_2': 50, 'M12s_v3_US East_3': 50, 'M16-8ms_US East_1': 50, 'M16-8ms_US East_2': 50, 'M16-8ms_US East_3': 50, 'M16ms_US East_1': 50, 'M16ms_US East_2': 50, 'M16ms_US East_3': 50, 'M32-16ms_US East_1': 50, 'M32-16ms_US East_3': 50, 'M32-8ms_US East_1': 50, 'M32-8ms_US East_3': 50, 'M32dms_v2_US East_1': 50, 'M32dms_v2_US East_2': 50, 'M32dms_v2_US East_3': 50, 'M32ls_US East_1': 50, 'M32ls_US East_2': 50, 'M32ls_US East_3': 50, 'M32ms_US East_2': 50, 'M32ms_US East_3': 50, 'M32ms_v2_US East_1': 50, 'M32ms_v2_US East_2': 50, 'M32ms_v2_US East_3': 50, 'M32ts_US East_1': 50, 'M32ts_US East_2': 50, 'M32ts_US East_3': 50, 'M64s_v2_US East_1': 50, 'M8-4ms_US East_1': 50, 'M8-4ms_US East_2': 50, 'M8-4ms_US East_3': 50, 'M8ms_US East_1': 50, 'M8ms_US East_2': 50, 'M8ms_US East_3': 50, 'NV4as_v4_US East_1': 50, 'NV4as_v4_US East_2': 50, 'NV4as_v4_US East_3': 50, 'NV8as_v4_US East_1': 50, 'NV8as_v4_US East_2': 50, 'NV8as_v4_US East_3': 50}"
0.92,3216.8661500000003,4539888921,1411276.9104490094,169750,168750,"{'B16pls_v2_US East_1': 50, 'B16pls_v2_US East_2': 50, 'B16pls_v2_US East_3': 50, 'B16ps_v2_US East_2': 50, 'B2pls_v2_US East_1': 50, 'B2pls_v2_US East_2': 50, 'B2pls_v2_US East_3': 50, 'B2ps_v2_US East_1': 50, 'B2ps_v2_US East_2': 50, 'B2ps_v2_US East_3': 50, 'B4pls_v2_US East_1': 50, 'B4pls_v2_US East_2': 50, 'B4pls_v2_US East_3': 50, 'B4ps_v2_US East_1': 50, 'B4ps_v2_US East_2': 50, 'B4ps_v2_US East_3': 50, 'B8pls_v2_US East_1': 50, 'B8pls_v2_US East_2': 50, 'B8pls_v2_US East_3': 50, 'B8ps_v2_US East_1': 50, 'B8ps_v2_US East_2': 50, 'B8ps_v2_US East_3': 50, 'D16ads_v6_US East_2': 50, 'D16ads_v6_US East_3': 50, 'D16alds_v6_US East_1': 50, 'D16alds_v6_US East_3': 50, 'D16als_v6_US East_1': 50, 'D16als_v6_US East_2': 50, 'D16as_v6_US East_1': 50, 'D16as_v6_US East_3': 50, 'D16pds_v5_US East_3': 50, 'D16plds_v5_US East_2': 50, 'D16plds_v5_US East_3': 50, 'D16pls_v5_US East_2': 50, 'D16pls_v5_US East_3': 50, 'D16ps_v5_US East_2': 50, 'D2ads_v6_US East_1': 50, 'D2ads_v6_US East_2': 50, 'D2ads_v6_US East_3': 50, 'D2alds_v6_US East_1': 50, 'D2alds_v6_US East_2': 50, 'D2alds_v6_US East_3': 50, 'D2als_v6_US East_1': 50, 'D2als_v6_US East_2': 50, 'D2als_v6_US East_3': 50, 'D2as_v6_US East_1': 50, 'D2as_v6_US East_2': 50, 'D2as_v6_US East_3': 50, 'D2pds_v5_US East_1': 50, 'D2pds_v5_US East_2': 50, 'D2pds_v5_US East_3': 50, 'D2plds_v5_US East_1': 50, 'D2plds_v5_US East_2': 50, 'D2plds_v5_US East_3': 50, 'D2pls_v5_US East_1': 50, 'D2pls_v5_US East_2': 50, 'D2pls_v5_US East_3': 50, 'D2ps_v5_US East_1': 50, 'D2ps_v5_US East_2': 50, 'D2ps_v5_US East_3': 50, 'D32ads_v6_US East_1': 50, 'D32ads_v6_US East_3': 50, 'D32alds_v6_US East_1': 50, 'D32alds_v6_US East_2': 50, 'D32als_v6_US East_1': 50, 'D32als_v6_US East_2': 50, 'D32as_v6_US East_2': 50, 'D32as_v6_US East_3': 50, 'D32plds_v5_US East_2': 50, 'D32pls_v5_US East_2': 50, 'D48ads_v6_US East_2': 50, 'D48alds_v6_US East_3': 50, 'D48als_v6_US East_1': 50, 'D48als_v6_US East_2': 50, 'D4ads_v6_US East_1': 50, 'D4ads_v6_US East_2': 50, 'D4ads_v6_US East_3': 50, 'D4alds_v6_US East_1': 50, 'D4alds_v6_US East_2': 50, 'D4alds_v6_US East_3': 50, 'D4als_v6_US East_1': 50, 'D4als_v6_US East_2': 50, 'D4als_v6_US East_3': 50, 'D4as_v6_US East_1': 50, 'D4as_v6_US East_2': 50, 'D4as_v6_US East_3': 50, 'D4pds_v5_US East_1': 50, 'D4pds_v5_US East_2': 50, 'D4pds_v5_US East_3': 50, 'D4plds_v5_US East_1': 50, 'D4plds_v5_US East_2': 50, 'D4plds_v5_US East_3': 50, 'D4pls_v5_US East_1': 50, 'D4pls_v5_US East_2': 50, 'D4pls_v5_US East_3': 50, 'D4ps_v5_US East_1': 50, 'D4ps_v5_US East_2': 50, 'D4ps_v5_US East_3': 50, 'D64ads_v6_US East_2': 50, 'D64alds_v6_US East_1': 50, 'D64als_v6_US East_1': 50, 'D64as_v6_US East_2': 50, 'D8ads_v6_US East_1': 50, 'D8ads_v6_US East_2': 50, 'D8alds_v6_US East_1': 50, 'D8alds_v6_US East_3': 50, 'D8als_v6_US East_1': 50, 'D8als_v6_US East_3': 50, 'D8as_v6_US East_2': 50, 'D8as_v6_US East_3': 50, 'D8plds_v5_US East_1': 50, 'D8plds_v5_US East_2': 50, 'D8plds_v5_US East_3': 50, 'D8pls_v5_US East_1': 50, 'D8pls_v5_US East_2': 50, 'D8pls_v5_US East_3': 50, 'D8ps_v5_US East_1': 50, 'D8ps_v5_US East_2': 50, 'D8ps_v5_US East_3': 50, 'D96ads_v6_US East_2': 50, 'D96alds_v6_US East_2': 50, 'D96als_v6_US East_2': 50, 'D96as_v6_US East_1': 50, 'DC1s_v2_US East_1': 50, 'E16ads_v6_US East_2': 50, 'E16ads_v6_US East_3': 50, 'E16as_v6_US East_2': 50, 'E16as_v6_US East_3': 50, 'E20ads_v6_US East_2': 50, 'E20ads_v6_US East_3': 50, 'E20as_v6_US East_2': 50, 'E20as_v6_US East_3': 50, 'E2ads_v6_US East_1': 50, 'E2ads_v6_US East_2': 50, 'E2ads_v6_US East_3': 50, 'E2as_v6_US East_1': 50, 'E2as_v6_US East_2': 50, 'E2as_v6_US East_3': 50, 'E2ps_v5_US East_1': 50, 'E2ps_v5_US East_2': 50, 'E2ps_v5_US East_3': 50, 'E32ads_v6_US East_1': 50, 'E32as_v6_US East_1': 50, 'E48ads_v6_US East_3': 50, 'E48as_v6_US East_3': 50, 'E4ads_v6_US East_2': 50, 'E4ads_v6_US East_3': 50, 'E4as_v6_US East_1': 50, 'E4as_v6_US East_2': 50, 'E4ps_v5_US East_1': 50, 'E4ps_v5_US East_2': 50, 'E4ps_v5_US East_3': 50, 'E64ads_v6_US East_3': 50, 'E64as_v6_US East_1': 50, 'E8ads_v6_US East_2': 50, 'E8ads_v6_US East_3': 50, 'E8as_v6_US East_1': 50, 'E8as_v6_US East_2': 50, 'E8ps_v5_US East_1': 50, 'E96-24ads_v6_US East_1': 50, 'E96-48ads_v6_US East_1': 50, 'E96ads_v6_US East_1': 50, 'E96as_v6_US East_1': 50, 'F16als_v6_US East_2': 50, 'F16als_v6_US East_3': 50, 'F16ams_v6_US East_1': 50, 'F16ams_v6_US East_2': 50, 'F16as_v6_US East_2': 50, 'F16as_v6_US East_3': 50, 'F2als_v6_US East_1': 50, 'F2als_v6_US East_2': 50, 'F2als_v6_US East_3': 50, 'F2ams_v6_US East_1': 50, 'F2ams_v6_US East_2': 50, 'F2ams_v6_US East_3': 50, 'F2as_v6_US East_1': 50, 'F2as_v6_US East_2': 50, 'F2as_v6_US East_3': 50, 'F32als_v6_US East_3': 50, 'F32ams_v6_US East_2': 50, 'F32as_v6_US East_3': 50, 'F48als_v6_US East_2': 50, 'F48ams_v6_US East_3': 50, 'F48as_v6_US East_3': 50, 'F4als_v6_US East_2': 50, 'F4als_v6_US East_3': 50, 'F4ams_v6_US East_2': 50, 'F4ams_v6_US East_3': 50, 'F4as_v6_US East_1': 50, 'F4as_v6_US East_2': 50, 'F64als_v6_US East_3': 50, 'F64ams_v6_US East_3': 50, 'F64as_v6_US East_3': 50, 'F8als_v6_US East_1': 50, 'F8als_v6_US East_2': 50, 'F8ams_v6_US East_2': 50, 'F8ams_v6_US East_3': 50, 'F8as_v6_US East_2': 50, 'F8as_v6_US East_3': 50, 'M12ds_v3_US East_2': 50, 'M12s_v3_US East_3': 50, 'M16-8ms_US East_1': 50, 'M16-8ms_US East_2': 50, 'M16-8ms_US East_3': 50, 'M16ms_US East_1': 50, 'M16ms_US East_2': 50, 'M16ms_US East_3': 50, 'M32-16ms_US East_1': 50, 'M32-16ms_US East_3': 50, 'M32-8ms_US East_1': 50, 'M32-8ms_US East_3': 50, 'M32dms_v2_US East_1': 50, 'M32dms_v2_US East_2': 50, 'M32dms_v2_US East_3': 50, 'M32ls_US East_1': 50, 'M32ls_US East_2': 50, 'M32ls_US East_3': 50, 'M32ms_US East_2': 50, 'M32ms_US East_3': 50, 'M32ms_v2_US East_1': 50, 'M32ms_v2_US East_2': 50, 'M32ms_v2_US East_3': 50, 'M32ts_US East_1': 50, 'M32ts_US East_2': 50, 'M32ts_US East_3': 50, 'M64s_v2_US East_1': 50, 'M8-4ms_US East_1': 50, 'M8-4ms_US East_2': 50, 'M8-4ms_US East_3': 50, 'M8ms_US East_1': 50, 'M8ms_US East_2': 50, 'M8ms_US East_3': 50, 'NV4as_v4_US East_1': 50, 'NV4as_v4_US East_2': 50, 'NV4as_v4_US East_3': 50, 'NV8as_v4_US East_1': 50, 'NV8as_v4_US East_2': 50, 'NV8as_v4_US East_3': 50}"
0.93,3216.8661500000003,4539888921,1411276.9104490094,169750,168750,"{'B16pls_v2_US East_1': 50, 'B16pls_v2_US East_2': 50, 'B16pls_v2_US East_3': 50, 'B16ps_v2_US East_2': 50, 'B2pls_v2_US East_1': 50, 'B2pls_v2_US East_2': 50, 'B2pls_v2_US East_3': 50, 'B2ps_v2_US East_1': 50, 'B2ps_v2_US East_2': 50, 'B2ps_v2_US East_3': 50, 'B4pls_v2_US East_1': 50, 'B4pls_v2_US East_2': 50, 'B4pls_v2_US East_3': 50, 'B4ps_v2_US East_1': 50, 'B4ps_v2_US East_2': 50, 'B4ps_v2_US East_3': 50, 'B8pls_v2_US East_1': 50, 'B8pls_v2_US East_2': 50, 'B8pls_v2_US East_3': 50, 'B8ps_v2_US East_1': 50, 'B8ps_v2_US East_2': 50, 'B8ps_v2_US East_3': 50, 'D16ads_v6_US East_2': 50, 'D16ads_v6_US East_3': 50, 'D16alds_v6_US East_1': 50, 'D16alds_v6_US East_3': 50, 'D16als_v6_US East_1': 50, 'D16als_v6_US East_2': 50, 'D16as_v6_US East_1': 50, 'D16as_v6_US East_3': 50, 'D16pds_v5_US East_3': 50, 'D16plds_v5_US East_2': 50, 'D16plds_v5_US East_3': 50, 'D16pls_v5_US East_2': 50, 'D16pls_v5_US East_3': 50, 'D16ps_v5_US East_2': 50, 'D2ads_v6_US East_1': 50, 'D2ads_v6_US East_2': 50, 'D2ads_v6_US East_3': 50, 'D2alds_v6_US East_1': 50, 'D2alds_v6_US East_2': 50, 'D2alds_v6_US East_3': 50, 'D2als_v6_US East_1': 50, 'D2als_v6_US East_2': 50, 'D2als_v6_US East_3': 50, 'D2as_v6_US East_1': 50, 'D2as_v6_US East_2': 50, 'D2as_v6_US East_3': 50, 'D2pds_v5_US East_1': 50, 'D2pds_v5_US East_2': 50, 'D2pds_v5_US East_3': 50, 'D2plds_v5_US East_1': 50, 'D2plds_v5_US East_2': 50, 'D2plds_v5_US East_3': 50, 'D2pls_v5_US East_1': 50, 'D2pls_v5_US East_2': 50, 'D2pls_v5_US East_3': 50, 'D2ps_v5_US East_1': 50, 'D2ps_v5_US East_2': 50, 'D2ps_v5_US East_3': 50, 'D32ads_v6_US East_1': 50, 'D32ads_v6_US East_3': 50, 'D32alds_v6_US East_1': 50, 'D32alds_v6_US East_2': 50, 'D32als_v6_US East_1': 50, 'D32als_v6_US East_2': 50, 'D32as_v6_US East_2': 50, 'D32as_v6_US East_3': 50, 'D32plds_v5_US East_2': 50, 'D32pls_v5_US East_2': 50, 'D48ads_v6_US East_2': 50, 'D48alds_v6_US East_3': 50, 'D48als_v6_US East_1': 50, 'D48als_v6_US East_2': 50, 'D4ads_v6_US East_1': 50, 'D4ads_v6_US East_2': 50, 'D4ads_v6_US East_3': 50, 'D4alds_v6_US East_1': 50, 'D4alds_v6_US East_2': 50, 'D4alds_v6_US East_3': 50, 'D4als_v6_US East_1': 50, 'D4als_v6_US East_2': 50, 'D4als_v6_US East_3': 50, 'D4as_v6_US East_1': 50, 'D4as_v6_US East_2': 50, 'D4as_v6_US East_3': 50, 'D4pds_v5_US East_1': 50, 'D4pds_v5_US East_2': 50, 'D4pds_v5_US East_3': 50, 'D4plds_v5_US East_1': 50, 'D4plds_v5_US East_2': 50, 'D4plds_v5_US East_3': 50, 'D4pls_v5_US East_1': 50, 'D4pls_v5_US East_2': 50, 'D4pls_v5_US East_3': 50, 'D4ps_v5_US East_1': 50, 'D4ps_v5_US East_2': 50, 'D4ps_v5_US East_3': 50, 'D64ads_v6_US East_2': 50, 'D64alds_v6_US East_1': 50, 'D64als_v6_US East_1': 50, 'D64as_v6_US East_2': 50, 'D8ads_v6_US East_1': 50, 'D8ads_v6_US East_2': 50, 'D8alds_v6_US East_1': 50, 'D8alds_v6_US East_3': 50, 'D8als_v6_US East_1': 50, 'D8als_v6_US East_3': 50, 'D8as_v6_US East_2': 50, 'D8as_v6_US East_3': 50, 'D8plds_v5_US East_1': 50, 'D8plds_v5_US East_2': 50, 'D8plds_v5_US East_3': 50, 'D8pls_v5_US East_1': 50, 'D8pls_v5_US East_2': 50, 'D8pls_v5_US East_3': 50, 'D8ps_v5_US East_1': 50, 'D8ps_v5_US East_2': 50, 'D8ps_v5_US East_3': 50, 'D96ads_v6_US East_2': 50, 'D96alds_v6_US East_2': 50, 'D96als_v6_US East_2': 50, 'D96as_v6_US East_1': 50, 'DC1s_v2_US East_1': 50, 'E16ads_v6_US East_2': 50, 'E16ads_v6_US East_3': 50, 'E16as_v6_US East_2': 50, 'E16as_v6_US East_3': 50, 'E20ads_v6_US East_2': 50, 'E20ads_v6_US East_3': 50, 'E20as_v6_US East_2': 50, 'E20as_v6_US East_3': 50, 'E2ads_v6_US East_1': 50, 'E2ads_v6_US East_2': 50, 'E2ads_v6_US East_3': 50, 'E2as_v6_US East_1': 50, 'E2as_v6_US East_2': 50, 'E2as_v6_US East_3': 50, 'E2ps_v5_US East_1': 50, 'E2ps_v5_US East_2': 50, 'E2ps_v5_US East_3': 50, 'E32ads_v6_US East_1': 50, 'E32as_v6_US East_1': 50, 'E48ads_v6_US East_3': 50, 'E48as_v6_US East_3': 50, 'E4ads_v6_US East_2': 50, 'E4ads_v6_US East_3': 50, 'E4as_v6_US East_1': 50, 'E4as_v6_US East_2': 50, 'E4ps_v5_US East_1': 50, 'E4ps_v5_US East_2': 50, 'E4ps_v5_US East_3': 50, 'E64ads_v6_US East_3': 50, 'E64as_v6_US East_1': 50, 'E8ads_v6_US East_2': 50, 'E8ads_v6_US East_3': 50, 'E8as_v6_US East_1': 50, 'E8as_v6_US East_2': 50, 'E8ps_v5_US East_1': 50, 'E96-24ads_v6_US East_1': 50, 'E96-48ads_v6_US East_1': 50, 'E96ads_v6_US East_1': 50, 'E96as_v6_US East_1': 50, 'F16als_v6_US East_2': 50, 'F16als_v6_US East_3': 50, 'F16ams_v6_US East_1': 50, 'F16ams_v6_US East_2': 50, 'F16as_v6_US East_2': 50, 'F16as_v6_US East_3': 50, 'F2als_v6_US East_1': 50, 'F2als_v6_US East_2': 50, 'F2als_v6_US East_3': 50, 'F2ams_v6_US East_1': 50, 'F2ams_v6_US East_2': 50, 'F2ams_v6_US East_3': 50, 'F2as_v6_US East_1': 50, 'F2as_v6_US East_2': 50, 'F2as_v6_US East_3': 50, 'F32als_v6_US East_3': 50, 'F32ams_v6_US East_2': 50, 'F32as_v6_US East_3': 50, 'F48als_v6_US East_2': 50, 'F48ams_v6_US East_3': 50, 'F48as_v6_US East_3': 50, 'F4als_v6_US East_2': 50, 'F4als_v6_US East_3': 50, 'F4ams_v6_US East_2': 50, 'F4ams_v6_US East_3': 50, 'F4as_v6_US East_1': 50, 'F4as_v6_US East_2': 50, 'F64als_v6_US East_3': 50, 'F64ams_v6_US East_3': 50, 'F64as_v6_US East_3': 50, 'F8als_v6_US East_1': 50, 'F8als_v6_US East_2': 50, 'F8ams_v6_US East_2': 50, 'F8ams_v6_US East_3': 50, 'F8as_v6_US East_2': 50, 'F8as_v6_US East_3': 50, 'M12ds_v3_US East_2': 50, 'M12s_v3_US East_3': 50, 'M16-8ms_US East_1': 50, 'M16-8ms_US East_2': 50, 'M16-8ms_US East_3': 50, 'M16ms_US East_1': 50, 'M16ms_US East_2': 50, 'M16ms_US East_3': 50, 'M32-16ms_US East_1': 50, 'M32-16ms_US East_3': 50, 'M32-8ms_US East_1': 50, 'M32-8ms_US East_3': 50, 'M32dms_v2_US East_1': 50, 'M32dms_v2_US East_2': 50, 'M32dms_v2_US East_3': 50, 'M32ls_US East_1': 50, 'M32ls_US East_2': 50, 'M32ls_US East_3': 50, 'M32ms_US East_2': 50, 'M32ms_US East_3': 50, 'M32ms_v2_US East_1': 50, 'M32ms_v2_US East_2': 50, 'M32ms_v2_US East_3': 50, 'M32ts_US East_1': 50, 'M32ts_US East_2': 50, 'M32ts_US East_3': 50, 'M64s_v2_US East_1': 50, 'M8-4ms_US East_1': 50, 'M8-4ms_US East_2': 50, 'M8-4ms_US East_3': 50, 'M8ms_US East_1': 50, 'M8ms_US East_2': 50, 'M8ms_US East_3': 50, 'NV4as_v4_US East_1': 50, 'NV4as_v4_US East_2': 50, 'NV4as_v4_US East_3': 50, 'NV8as_v4_US East_1': 50, 'NV8as_v4_US East_2': 50, 'NV8as_v4_US East_3': 50}"
0.9400000000000001,3216.8661500000003,4539888921,1411276.9104490094,169750,168750,"{'B16pls_v2_US East_1': 50, 'B16pls_v2_US East_2': 50, 'B16pls_v2_US East_3': 50, 'B16ps_v2_US East_2': 50, 'B2pls_v2_US East_1': 50, 'B2pls_v2_US East_2': 50, 'B2pls_v2_US East_3': 50, 'B2ps_v2_US East_1': 50, 'B2ps_v2_US East_2': 50, 'B2ps_v2_US East_3': 50, 'B4pls_v2_US East_1': 50, 'B4pls_v2_US East_2': 50, 'B4pls_v2_US East_3': 50, 'B4ps_v2_US East_1': 50, 'B4ps_v2_US East_2': 50, 'B4ps_v2_US East_3': 50, 'B8pls_v2_US East_1': 50, 'B8pls_v2_US East_2': 50, 'B8pls_v2_US East_3': 50, 'B8ps_v2_US East_1': 50, 'B8ps_v2_US East_2': 50, 'B8ps_v2_US East_3': 50, 'D16ads_v6_US East_2': 50, 'D16ads_v6_US East_3': 50, 'D16alds_v6_US East_1': 50, 'D16alds_v6_US East_3': 50, 'D16als_v6_US East_1': 50, 'D16als_v6_US East_2': 50, 'D16as_v6_US East_1': 50, 'D16as_v6_US East_3': 50, 'D16pds_v5_US East_3': 50, 'D16plds_v5_US East_2': 50, 'D16plds_v5_US East_3': 50, 'D16pls_v5_US East_2': 50, 'D16pls_v5_US East_3': 50, 'D16ps_v5_US East_2': 50, 'D2ads_v6_US East_1': 50, 'D2ads_v6_US East_2': 50, 'D2ads_v6_US East_3': 50, 'D2alds_v6_US East_1': 50, 'D2alds_v6_US East_2': 50, 'D2alds_v6_US East_3': 50, 'D2als_v6_US East_1': 50, 'D2als_v6_US East_2': 50, 'D2als_v6_US East_3': 50, 'D2as_v6_US East_1': 50, 'D2as_v6_US East_2': 50, 'D2as_v6_US East_3': 50, 'D2pds_v5_US East_1': 50, 'D2pds_v5_US East_2': 50, 'D2pds_v5_US East_3': 50, 'D2plds_v5_US East_1': 50, 'D2plds_v5_US East_2': 50, 'D2plds_v5_US East_3': 50, 'D2pls_v5_US East_1': 50, 'D2pls_v5_US East_2': 50, 'D2pls_v5_US East_3': 50, 'D2ps_v5_US East_1': 50, 'D2ps_v5_US East_2': 50, 'D2ps_v5_US East_3': 50, 'D32ads_v6_US East_1': 50, 'D32ads_v6_US East_3': 50, 'D32alds_v6_US East_1': 50, 'D32alds_v6_US East_2': 50, 'D32als_v6_US East_1': 50, 'D32als_v6_US East_2': 50, 'D32as_v6_US East_2': 50, 'D32as_v6_US East_3': 50, 'D32plds_v5_US East_2': 50, 'D32pls_v5_US East_2': 50, 'D48ads_v6_US East_2': 50, 'D48alds_v6_US East_3': 50, 'D48als_v6_US East_1': 50, 'D48als_v6_US East_2': 50, 'D4ads_v6_US East_1': 50, 'D4ads_v6_US East_2': 50, 'D4ads_v6_US East_3': 50, 'D4alds_v6_US East_1': 50, 'D4alds_v6_US East_2': 50, 'D4alds_v6_US East_3': 50, 'D4als_v6_US East_1': 50, 'D4als_v6_US East_2': 50, 'D4als_v6_US East_3': 50, 'D4as_v6_US East_1': 50, 'D4as_v6_US East_2': 50, 'D4as_v6_US East_3': 50, 'D4pds_v5_US East_1': 50, 'D4pds_v5_US East_2': 50, 'D4pds_v5_US East_3': 50, 'D4plds_v5_US East_1': 50, 'D4plds_v5_US East_2': 50, 'D4plds_v5_US East_3': 50, 'D4pls_v5_US East_1': 50, 'D4pls_v5_US East_2': 50, 'D4pls_v5_US East_3': 50, 'D4ps_v5_US East_1': 50, 'D4ps_v5_US East_2': 50, 'D4ps_v5_US East_3': 50, 'D64ads_v6_US East_2': 50, 'D64alds_v6_US East_1': 50, 'D64als_v6_US East_1': 50, 'D64as_v6_US East_2': 50, 'D8ads_v6_US East_1': 50, 'D8ads_v6_US East_2': 50, 'D8alds_v6_US East_1': 50, 'D8alds_v6_US East_3': 50, 'D8als_v6_US East_1': 50, 'D8als_v6_US East_3': 50, 'D8as_v6_US East_2': 50, 'D8as_v6_US East_3': 50, 'D8plds_v5_US East_1': 50, 'D8plds_v5_US East_2': 50, 'D8plds_v5_US East_3': 50, 'D8pls_v5_US East_1': 50, 'D8pls_v5_US East_2': 50, 'D8pls_v5_US East_3': 50, 'D8ps_v5_US East_1': 50, 'D8ps_v5_US East_2': 50, 'D8ps_v5_US East_3': 50, 'D96ads_v6_US East_2': 50, 'D96alds_v6_US East_2': 50, 'D96als_v6_US East_2': 50, 'D96as_v6_US East_1': 50, 'DC1s_v2_US East_1': 50, 'E16ads_v6_US East_2': 50, 'E16ads_v6_US East_3': 50, 'E16as_v6_US East_2': 50, 'E16as_v6_US East_3': 50, 'E20ads_v6_US East_2': 50, 'E20ads_v6_US East_3': 50, 'E20as_v6_US East_2': 50, 'E20as_v6_US East_3': 50, 'E2ads_v6_US East_1': 50, 'E2ads_v6_US East_2': 50, 'E2ads_v6_US East_3': 50, 'E2as_v6_US East_1': 50, 'E2as_v6_US East_2': 50, 'E2as_v6_US East_3': 50, 'E2ps_v5_US East_1': 50, 'E2ps_v5_US East_2': 50, 'E2ps_v5_US East_3': 50, 'E32ads_v6_US East_1': 50, 'E32as_v6_US East_1': 50, 'E48ads_v6_US East_3': 50, 'E48as_v6_US East_3': 50, 'E4ads_v6_US East_2': 50, 'E4ads_v6_US East_3': 50, 'E4as_v6_US East_1': 50, 'E4as_v6_US East_2': 50, 'E4ps_v5_US East_1': 50, 'E4ps_v5_US East_2': 50, 'E4ps_v5_US East_3': 50, 'E64ads_v6_US East_3': 50, 'E64as_v6_US East_1': 50, 'E8ads_v6_US East_2': 50, 'E8ads_v6_US East_3': 50, 'E8as_v6_US East_1': 50, 'E8as_v6_US East_2': 50, 'E8ps_v5_US East_1': 50, 'E96-24ads_v6_US East_1': 50, 'E96-48ads_v6_US East_1': 50, 'E96ads_v6_US East_1': 50, 'E96as_v6_US East_1': 50, 'F16als_v6_US East_2': 50, 'F16als_v6_US East_3': 50, 'F16ams_v6_US East_1': 50, 'F16ams_v6_US East_2': 50, 'F16as_v6_US East_2': 50, 'F16as_v6_US East_3': 50, 'F2als_v6_US East_1': 50, 'F2als_v6_US East_2': 50, 'F2als_v6_US East_3': 50, 'F2ams_v6_US East_1': 50, 'F2ams_v6_US East_2': 50, 'F2ams_v6_US East_3': 50, 'F2as_v6_US East_1': 50, 'F2as_v6_US East_2': 50, 'F2as_v6_US East_3': 50, 'F32als_v6_US East_3': 50, 'F32ams_v6_US East_2': 50, 'F32as_v6_US East_3': 50, 'F48als_v6_US East_2': 50, 'F48ams_v6_US East_3': 50, 'F48as_v6_US East_3': 50, 'F4als_v6_US East_2': 50, 'F4als_v6_US East_3': 50, 'F4ams_v6_US East_2': 50, 'F4ams_v6_US East_3': 50, 'F4as_v6_US East_1': 50, 'F4as_v6_US East_2': 50, 'F64als_v6_US East_3': 50, 'F64ams_v6_US East_3': 50, 'F64as_v6_US East_3': 50, 'F8als_v6_US East_1': 50, 'F8als_v6_US East_2': 50, 'F8ams_v6_US East_2': 50, 'F8ams_v6_US East_3': 50, 'F8as_v6_US East_2': 50, 'F8as_v6_US East_3': 50, 'M12ds_v3_US East_2': 50, 'M12s_v3_US East_3': 50, 'M16-8ms_US East_1': 50, 'M16-8ms_US East_2': 50, 'M16-8ms_US East_3': 50, 'M16ms_US East_1': 50, 'M16ms_US East_2': 50, 'M16ms_US East_3': 50, 'M32-16ms_US East_1': 50, 'M32-16ms_US East_3': 50, 'M32-8ms_US East_1': 50, 'M32-8ms_US East_3': 50, 'M32dms_v2_US East_1': 50, 'M32dms_v2_US East_2': 50, 'M32dms_v2_US East_3': 50, 'M32ls_US East_1': 50, 'M32ls_US East_2': 50, 'M32ls_US East_3': 50, 'M32ms_US East_2': 50, 'M32ms_US East_3': 50, 'M32ms_v2_US East_1': 50, 'M32ms_v2_US East_2': 50, 'M32ms_v2_US East_3': 50, 'M32ts_US East_1': 50, 'M32ts_US East_2': 50, 'M32ts_US East_3': 50, 'M64s_v2_US East_1': 50, 'M8-4ms_US East_1': 50, 'M8-4ms_US East_2': 50, 'M8-4ms_US East_3': 50, 'M8ms_US East_1': 50, 'M8ms_US East_2': 50, 'M8ms_US East_3': 50, 'NV4as_v4_US East_1': 50, 'NV4as_v4_US East_2': 50, 'NV4as_v4_US East_3': 50, 'NV8as_v4_US East_1': 50, 'NV8as_v4_US East_2': 50, 'NV8as_v4_US East_3': 50}"
0.9500000000000001,3344.6414000000004,4552527771,1361140.770278093,170650,169650,"{'B16pls_v2_US East_1': 50, 'B16pls_v2_US East_2': 50, 'B16pls_v2_US East_3': 50, 'B16ps_v2_US East_2': 50, 'B2pls_v2_US East_1': 50, 'B2pls_v2_US East_2': 50, 'B2pls_v2_US East_3': 50, 'B2ps_v2_US East_1': 50, 'B2ps_v2_US East_2': 50, 'B2ps_v2_US East_3': 50, 'B4pls_v2_US East_1': 50, 'B4pls_v2_US East_2': 50, 'B4pls_v2_US East_3': 50, 'B4ps_v2_US East_1': 50, 'B4ps_v2_US East_2': 50, 'B4ps_v2_US East_3': 50, 'B8pls_v2_US East_1': 50, 'B8pls_v2_US East_2': 50, 'B8pls_v2_US East_3': 50, 'B8ps_v2_US East_1': 50, 'B8ps_v2_US East_2': 50, 'B8ps_v2_US East_3': 50, 'D16ads_v6_US East_2': 50, 'D16ads_v6_US East_3': 50, 'D16alds_v6_US East_1': 50, 'D16alds_v6_US East_3': 50, 'D16als_v6_US East_1': 50, 'D16als_v6_US East_2': 50, 'D16as_v6_US East_1': 50, 'D16as_v6_US East_3': 50, 'D16pds_v5_US East_3': 50, 'D16plds_v5_US East_2': 50, 'D16plds_v5_US East_3': 50, 'D16pls_v5_US East_2': 50, 'D16pls_v5_US East_3': 50, 'D16ps_v5_US East_2': 50, 'D2ads_v6_US East_1': 50, 'D2ads_v6_US East_2': 50, 'D2ads_v6_US East_3': 50, 'D2alds_v6_US East_1': 50, 'D2alds_v6_US East_2': 50, 'D2alds_v6_US East_3': 50, 'D2als_v6_US East_1': 50, 'D2als_v6_US East_2': 50, 'D2als_v6_US East_3': 50, 'D2as_v6_US East_1': 50, 'D2as_v6_US East_2': 50, 'D2as_v6_US East_3': 50, 'D2pds_v5_US East_1': 50, 'D2pds_v5_US East_2': 50, 'D2pds_v5_US East_3': 50, 'D2plds_v5_US East_1': 50, 'D2plds_v5_US East_2': 50, 'D2plds_v5_US East_3': 50, 'D2pls_v5_US East_1': 50, 'D2pls_v5_US East_2': 50, 'D2pls_v5_US East_3': 50, 'D2ps_v5_US East_1': 50, 'D2ps_v5_US East_2': 50, 'D2ps_v5_US East_3': 50, 'D32ads_v6_US East_1': 50, 'D32ads_v6_US East_3': 50, 'D32alds_v6_US East_1': 50, 'D32alds_v6_US East_2': 50, 'D32als_v6_US East_1': 50, 'D32als_v6_US East_2': 50, 'D32as_v6_US East_2': 50, 'D32as_v6_US East_3': 50, 'D32plds_v5_US East_2': 50, 'D32pls_v5_US East_2': 50, 'D48ads_v6_US East_2': 50, 'D48alds_v6_US East_3': 50, 'D48als_v6_US East_1': 50, 'D48als_v6_US East_2': 50, 'D4ads_v6_US East_1': 50, 'D4ads_v6_US East_2': 50, 'D4ads_v6_US East_3': 50, 'D4alds_v6_US East_1': 50, 'D4alds_v6_US East_2': 50, 'D4alds_v6_US East_3': 50, 'D4als_v6_US East_1': 50, 'D4als_v6_US East_2': 50, 'D4als_v6_US East_3': 50, 'D4as_v6_US East_1': 50, 'D4as_v6_US East_2': 50, 'D4as_v6_US East_3': 50, 'D4pds_v5_US East_1': 50, 'D4pds_v5_US East_2': 50, 'D4pds_v5_US East_3': 50, 'D4plds_v5_US East_1': 50, 'D4plds_v5_US East_2': 50, 'D4plds_v5_US East_3': 50, 'D4pls_v5_US East_1': 50, 'D4pls_v5_US East_2': 50, 'D4pls_v5_US East_3': 50, 'D4ps_v5_US East_1': 50, 'D4ps_v5_US East_2': 50, 'D4ps_v5_US East_3': 50, 'D64ads_v6_US East_2': 50, 'D64alds_v6_US East_1': 50, 'D64als_v6_US East_1': 50, 'D64as_v6_US East_2': 50, 'D8ads_v6_US East_1': 50, 'D8ads_v6_US East_2': 50, 'D8alds_v6_US East_1': 50, 'D8alds_v6_US East_3': 50, 'D8als_v6_US East_1': 50, 'D8als_v6_US East_3': 50, 'D8as_v6_US East_2': 50, 'D8as_v6_US East_3': 50, 'D8plds_v5_US East_1': 50, 'D8plds_v5_US East_2': 50, 'D8plds_v5_US East_3': 50, 'D8pls_v5_US East_1': 50, 'D8pls_v5_US East_2': 50, 'D8pls_v5_US East_3': 50, 'D8ps_v5_US East_1': 50, 'D8ps_v5_US East_2': 50, 'D8ps_v5_US East_3': 50, 'D96ads_v6_US East_2': 50, 'D96alds_v6_US East_2': 50, 'D96als_v6_US East_2': 50, 'D96as_v6_US East_1': 50, 'DC1s_v2_US East_1': 50, 'E16ads_v6_US East_2': 50, 'E16ads_v6_US East_3': 50, 'E16as_v6_US East_2': 50, 'E16as_v6_US East_3': 50, 'E20ads_v6_US East_2': 50, 'E20ads_v6_US East_3': 50, 'E20as_v6_US East_2': 50, 'E20as_v6_US East_3': 50, 'E2ads_v6_US East_1': 50, 'E2ads_v6_US East_2': 50, 'E2ads_v6_US East_3': 50, 'E2as_v6_US East_1': 50, 'E2as_v6_US East_2': 50, 'E2as_v6_US East_3': 50, 'E2ps_v5_US East_1': 50, 'E2ps_v5_US East_2': 50, 'E2ps_v5_US East_3': 50, 'E32ads_v6_US East_1': 50, 'E32as_v6_US East_1': 50, 'E48ads_v6_US East_3': 50, 'E48as_v6_US East_3': 50, 'E4ads_v6_US East_2': 50, 'E4ads_v6_US East_3': 50, 'E4as_v6_US East_1': 50, 'E4as_v6_US East_2': 50, 'E4ps_v5_US East_1': 50, 'E4ps_v5_US East_2': 50, 'E4ps_v5_US East_3': 50, 'E64ads_v6_US East_3': 50, 'E64as_v6_US East_1': 50, 'E8ads_v6_US East_2': 50, 'E8ads_v6_US East_3': 50, 'E8as_v6_US East_1': 50, 'E8as_v6_US East_2': 50, 'E8ps_v5_US East_1': 50, 'E96-24ads_v6_US East_1': 50, 'E96-48ads_v6_US East_1': 50, 'E96ads_v6_US East_1': 50, 'E96as_v6_US East_1': 50, 'F16als_v6_US East_2': 50, 'F16als_v6_US East_3': 50, 'F16ams_v6_US East_1': 50, 'F16ams_v6_US East_2': 50, 'F16as_v6_US East_2': 50, 'F16as_v6_US East_3': 50, 'F2als_v6_US East_1': 50, 'F2als_v6_US East_2': 50, 'F2als_v6_US East_3': 50, 'F2ams_v6_US East_1': 50, 'F2ams_v6_US East_2': 50, 'F2ams_v6_US East_3': 50, 'F2as_v6_US East_1': 50, 'F2as_v6_US East_2': 50, 'F2as_v6_US East_3': 50, 'F32als_v6_US East_3': 50, 'F32ams_v6_US East_2': 50, 'F32as_v6_US East_3': 50, 'F48als_v6_US East_2': 50, 'F48ams_v6_US East_3': 50, 'F48as_v6_US East_3': 50, 'F4als_v6_US East_2': 50, 'F4als_v6_US East_3': 50, 'F4ams_v6_US East_2': 50, 'F4ams_v6_US East_3': 50, 'F4as_v6_US East_1': 50, 'F4as_v6_US East_2': 50, 'F64als_v6_US East_3': 50, 'F64ams_v6_US East_3': 50, 'F64as_v6_US East_3': 50, 'F8als_v6_US East_1': 50, 'F8als_v6_US East_2': 50, 'F8ams_v6_US East_2': 50, 'F8ams_v6_US East_3': 50, 'F8as_v6_US East_2': 50, 'F8as_v6_US East_3': 50, 'M12ds_v3_US East_2': 50, 'M12s_v3_US East_3': 50, 'M16-4ms_US East_1': 50, 'M16-4ms_US East_2': 50, 'M16-4ms_US East_3': 50, 'M16-8ms_US East_1': 50, 'M16-8ms_US East_2': 50, 'M16-8ms_US East_3': 50, 'M16ms_US East_1': 50, 'M16ms_US East_2': 50, 'M16ms_US East_3': 50, 'M32-16ms_US East_1': 50, 'M32-16ms_US East_3': 50, 'M32-8ms_US East_1': 50, 'M32-8ms_US East_3': 50, 'M32dms_v2_US East_1': 50, 'M32dms_v2_US East_2': 50, 'M32dms_v2_US East_3': 50, 'M32ls_US East_1': 50, 'M32ls_US East_2': 50, 'M32ls_US East_3': 50, 'M32ms_US East_2': 50, 'M32ms_US East_3': 50, 'M32ms_v2_US East_1': 50, 'M32ms_v2_US East_2': 50, 'M32ms_v2_US East_3': 50, 'M32ts_US East_1': 50, 'M32ts_US East_2': 50, 'M32ts_US East_3': 50, 'M64s_v2_US East_1': 50, 'M8-2ms_US East_1': 50, 'M8-2ms_US East_2': 50, 'M8-2ms_US East_3': 50, 'M8-4ms_US East_1': 50, 'M8-4ms_US East_2': 50, 'M8-4ms_US East_3': 50, 'M8ms_US East_1': 50, 'M8ms_US East_2': 50, 'M8ms_US East_3': 50, 'NV4as_v4_US East_1': 50, 'NV4as_v4_US East_2': 50, 'NV4as_v4_US East_3': 50, 'NV8as_v4_US East_1': 50, 'NV8as_v4_US East_2': 50, 'NV8as_v4_US East_3': 50}"
0.96,3344.6414000000004,4552527771,1361140.770278093,170650,169650,"{'B16pls_v2_US East_1': 50, 'B16pls_v2_US East_2': 50, 'B16pls_v2_US East_3': 50, 'B16ps_v2_US East_2': 50, 'B2pls_v2_US East_1': 50, 'B2pls_v2_US East_2': 50, 'B2pls_v2_US East_3': 50, 'B2ps_v2_US East_1': 50, 'B2ps_v2_US East_2': 50, 'B2ps_v2_US East_3': 50, 'B4pls_v2_US East_1': 50, 'B4pls_v2_US East_2': 50, 'B4pls_v2_US East_3': 50, 'B4ps_v2_US East_1': 50, 'B4ps_v2_US East_2': 50, 'B4ps_v2_US East_3': 50, 'B8pls_v2_US East_1': 50, 'B8pls_v2_US East_2': 50, 'B8pls_v2_US East_3': 50, 'B8ps_v2_US East_1': 50, 'B8ps_v2_US East_2': 50, 'B8ps_v2_US East_3': 50, 'D16ads_v6_US East_2': 50, 'D16ads_v6_US East_3': 50, 'D16alds_v6_US East_1': 50, 'D16alds_v6_US East_3': 50, 'D16als_v6_US East_1': 50, 'D16als_v6_US East_2': 50, 'D16as_v6_US East_1': 50, 'D16as_v6_US East_3': 50, 'D16pds_v5_US East_3': 50, 'D16plds_v5_US East_2': 50, 'D16plds_v5_US East_3': 50, 'D16pls_v5_US East_2': 50, 'D16pls_v5_US East_3': 50, 'D16ps_v5_US East_2': 50, 'D2ads_v6_US East_1': 50, 'D2ads_v6_US East_2': 50, 'D2ads_v6_US East_3': 50, 'D2alds_v6_US East_1': 50, 'D2alds_v6_US East_2': 50, 'D2alds_v6_US East_3': 50, 'D2als_v6_US East_1': 50, 'D2als_v6_US East_2': 50, 'D2als_v6_US East_3': 50, 'D2as_v6_US East_1': 50, 'D2as_v6_US East_2': 50, 'D2as_v6_US East_3': 50, 'D2pds_v5_US East_1': 50, 'D2pds_v5_US East_2': 50, 'D2pds_v5_US East_3': 50, 'D2plds_v5_US East_1': 50, 'D2plds_v5_US East_2': 50, 'D2plds_v5_US East_3': 50, 'D2pls_v5_US East_1': 50, 'D2pls_v5_US East_2': 50, 'D2pls_v5_US East_3': 50, 'D2ps_v5_US East_1': 50, 'D2ps_v5_US East_2': 50, 'D2ps_v5_US East_3': 50, 'D32ads_v6_US East_1': 50, 'D32ads_v6_US East_3': 50, 'D32alds_v6_US East_1': 50, 'D32alds_v6_US East_2': 50, 'D32als_v6_US East_1': 50, 'D32als_v6_US East_2': 50, 'D32as_v6_US East_2': 50, 'D32as_v6_US East_3': 50, 'D32plds_v5_US East_2': 50, 'D32pls_v5_US East_2': 50, 'D48ads_v6_US East_2': 50, 'D48alds_v6_US East_3': 50, 'D48als_v6_US East_1': 50, 'D48als_v6_US East_2': 50, 'D4ads_v6_US East_1': 50, 'D4ads_v6_US East_2': 50, 'D4ads_v6_US East_3': 50, 'D4alds_v6_US East_1': 50, 'D4alds_v6_US East_2': 50, 'D4alds_v6_US East_3': 50, 'D4als_v6_US East_1': 50, 'D4als_v6_US East_2': 50, 'D4als_v6_US East_3': 50, 'D4as_v6_US East_1': 50, 'D4as_v6_US East_2': 50, 'D4as_v6_US East_3': 50, 'D4pds_v5_US East_1': 50, 'D4pds_v5_US East_2': 50, 'D4pds_v5_US East_3': 50, 'D4plds_v5_US East_1': 50, 'D4plds_v5_US East_2': 50, 'D4plds_v5_US East_3': 50, 'D4pls_v5_US East_1': 50, 'D4pls_v5_US East_2': 50, 'D4pls_v5_US East_3': 50, 'D4ps_v5_US East_1': 50, 'D4ps_v5_US East_2': 50, 'D4ps_v5_US East_3': 50, 'D64ads_v6_US East_2': 50, 'D64alds_v6_US East_1': 50, 'D64als_v6_US East_1': 50, 'D64as_v6_US East_2': 50, 'D8ads_v6_US East_1': 50, 'D8ads_v6_US East_2': 50, 'D8alds_v6_US East_1': 50, 'D8alds_v6_US East_3': 50, 'D8als_v6_US East_1': 50, 'D8als_v6_US East_3': 50, 'D8as_v6_US East_2': 50, 'D8as_v6_US East_3': 50, 'D8plds_v5_US East_1': 50, 'D8plds_v5_US East_2': 50, 'D8plds_v5_US East_3': 50, 'D8pls_v5_US East_1': 50, 'D8pls_v5_US East_2': 50, 'D8pls_v5_US East_3': 50, 'D8ps_v5_US East_1': 50, 'D8ps_v5_US East_2': 50, 'D8ps_v5_US East_3': 50, 'D96ads_v6_US East_2': 50, 'D96alds_v6_US East_2': 50, 'D96als_v6_US East_2': 50, 'D96as_v6_US East_1': 50, 'DC1s_v2_US East_1': 50, 'E16ads_v6_US East_2': 50, 'E16ads_v6_US East_3': 50, 'E16as_v6_US East_2': 50, 'E16as_v6_US East_3': 50, 'E20ads_v6_US East_2': 50, 'E20ads_v6_US East_3': 50, 'E20as_v6_US East_2': 50, 'E20as_v6_US East_3': 50, 'E2ads_v6_US East_1': 50, 'E2ads_v6_US East_2': 50, 'E2ads_v6_US East_3': 50, 'E2as_v6_US East_1': 50, 'E2as_v6_US East_2': 50, 'E2as_v6_US East_3': 50, 'E2ps_v5_US East_1': 50, 'E2ps_v5_US East_2': 50, 'E2ps_v5_US East_3': 50, 'E32ads_v6_US East_1': 50, 'E32as_v6_US East_1': 50, 'E48ads_v6_US East_3': 50, 'E48as_v6_US East_3': 50, 'E4ads_v6_US East_2': 50, 'E4ads_v6_US East_3': 50, 'E4as_v6_US East_1': 50, 'E4as_v6_US East_2': 50, 'E4ps_v5_US East_1': 50, 'E4ps_v5_US East_2': 50, 'E4ps_v5_US East_3': 50, 'E64ads_v6_US East_3': 50, 'E64as_v6_US East_1': 50, 'E8ads_v6_US East_2': 50, 'E8ads_v6_US East_3': 50, 'E8as_v6_US East_1': 50, 'E8as_v6_US East_2': 50, 'E8ps_v5_US East_1': 50, 'E96-24ads_v6_US East_1': 50, 'E96-48ads_v6_US East_1': 50, 'E96ads_v6_US East_1': 50, 'E96as_v6_US East_1': 50, 'F16als_v6_US East_2': 50, 'F16als_v6_US East_3': 50, 'F16ams_v6_US East_1': 50, 'F16ams_v6_US East_2': 50, 'F16as_v6_US East_2': 50, 'F16as_v6_US East_3': 50, 'F2als_v6_US East_1': 50, 'F2als_v6_US East_2': 50, 'F2als_v6_US East_3': 50, 'F2ams_v6_US East_1': 50, 'F2ams_v6_US East_2': 50, 'F2ams_v6_US East_3': 50, 'F2as_v6_US East_1': 50, 'F2as_v6_US East_2': 50, 'F2as_v6_US East_3': 50, 'F32als_v6_US East_3': 50, 'F32ams_v6_US East_2': 50, 'F32as_v6_US East_3': 50, 'F48als_v6_US East_2': 50, 'F48ams_v6_US East_3': 50, 'F48as_v6_US East_3': 50, 'F4als_v6_US East_2': 50, 'F4als_v6_US East_3': 50, 'F4ams_v6_US East_2': 50, 'F4ams_v6_US East_3': 50, 'F4as_v6_US East_1': 50, 'F4as_v6_US East_2': 50, 'F64als_v6_US East_3': 50, 'F64ams_v6_US East_3': 50, 'F64as_v6_US East_3': 50, 'F8als_v6_US East_1': 50, 'F8als_v6_US East_2': 50, 'F8ams_v6_US East_2': 50, 'F8ams_v6_US East_3': 50, 'F8as_v6_US East_2': 50, 'F8as_v6_US East_3': 50, 'M12ds_v3_US East_2': 50, 'M12s_v3_US East_3': 50, 'M16-4ms_US East_1': 50, 'M16-4ms_US East_2': 50, 'M16-4ms_US East_3': 50, 'M16-8ms_US East_1': 50, 'M16-8ms_US East_2': 50, 'M16-8ms_US East_3': 50, 'M16ms_US East_1': 50, 'M16ms_US East_2': 50, 'M16ms_US East_3': 50, 'M32-16ms_US East_1': 50, 'M32-16ms_US East_3': 50, 'M32-8ms_US East_1': 50, 'M32-8ms_US East_3': 50, 'M32dms_v2_US East_1': 50, 'M32dms_v2_US East_2': 50, 'M32dms_v2_US East_3': 50, 'M32ls_US East_1': 50, 'M32ls_US East_2': 50, 'M32ls_US East_3': 50, 'M32ms_US East_2': 50, 'M32ms_US East_3': 50, 'M32ms_v2_US East_1': 50, 'M32ms_v2_US East_2': 50, 'M32ms_v2_US East_3': 50, 'M32ts_US East_1': 50, 'M32ts_US East_2': 50, 'M32ts_US East_3': 50, 'M64s_v2_US East_1': 50, 'M8-2ms_US East_1': 50, 'M8-2ms_US East_2': 50, 'M8-2ms_US East_3': 50, 'M8-4ms_US East_1': 50, 'M8-4ms_US East_2': 50, 'M8-4ms_US East_3': 50, 'M8ms_US East_1': 50, 'M8ms_US East_2': 50, 'M8ms_US East_3': 50, 'NV4as_v4_US East_1': 50, 'NV4as_v4_US East_2': 50, 'NV4as_v4_US East_3': 50, 'NV8as_v4_US East_1': 50, 'NV8as_v4_US East_2': 50, 'NV8as_v4_US East_3': 50}"
0.97,3344.6414000000004,4552527771,1361140.770278093,170650,169650,"{'B16pls_v2_US East_1': 50, 'B16pls_v2_US East_2': 50, 'B16pls_v2_US East_3': 50, 'B16ps_v2_US East_2': 50, 'B2pls_v2_US East_1': 50, 'B2pls_v2_US East_2': 50, 'B2pls_v2_US East_3': 50, 'B2ps_v2_US East_1': 50, 'B2ps_v2_US East_2': 50, 'B2ps_v2_US East_3': 50, 'B4pls_v2_US East_1': 50, 'B4pls_v2_US East_2': 50, 'B4pls_v2_US East_3': 50, 'B4ps_v2_US East_1': 50, 'B4ps_v2_US East_2': 50, 'B4ps_v2_US East_3': 50, 'B8pls_v2_US East_1': 50, 'B8pls_v2_US East_2': 50, 'B8pls_v2_US East_3': 50, 'B8ps_v2_US East_1': 50, 'B8ps_v2_US East_2': 50, 'B8ps_v2_US East_3': 50, 'D16ads_v6_US East_2': 50, 'D16ads_v6_US East_3': 50, 'D16alds_v6_US East_1': 50, 'D16alds_v6_US East_3': 50, 'D16als_v6_US East_1': 50, 'D16als_v6_US East_2': 50, 'D16as_v6_US East_1': 50, 'D16as_v6_US East_3': 50, 'D16pds_v5_US East_3': 50, 'D16plds_v5_US East_2': 50, 'D16plds_v5_US East_3': 50, 'D16pls_v5_US East_2': 50, 'D16pls_v5_US East_3': 50, 'D16ps_v5_US East_2': 50, 'D2ads_v6_US East_1': 50, 'D2ads_v6_US East_2': 50, 'D2ads_v6_US East_3': 50, 'D2alds_v6_US East_1': 50, 'D2alds_v6_US East_2': 50, 'D2alds_v6_US East_3': 50, 'D2als_v6_US East_1': 50, 'D2als_v6_US East_2': 50, 'D2als_v6_US East_3': 50, 'D2as_v6_US East_1': 50, 'D2as_v6_US East_2': 50, 'D2as_v6_US East_3': 50, 'D2pds_v5_US East_1': 50, 'D2pds_v5_US East_2': 50, 'D2pds_v5_US East_3': 50, 'D2plds_v5_US East_1': 50, 'D2plds_v5_US East_2': 50, 'D2plds_v5_US East_3': 50, 'D2pls_v5_US East_1': 50, 'D2pls_v5_US East_2': 50, 'D2pls_v5_US East_3': 50, 'D2ps_v5_US East_1': 50, 'D2ps_v5_US East_2': 50, 'D2ps_v5_US East_3': 50, 'D32ads_v6_US East_1': 50, 'D32ads_v6_US East_3': 50, 'D32alds_v6_US East_1': 50, 'D32alds_v6_US East_2': 50, 'D32als_v6_US East_1': 50, 'D32als_v6_US East_2': 50, 'D32as_v6_US East_2': 50, 'D32as_v6_US East_3': 50, 'D32plds_v5_US East_2': 50, 'D32pls_v5_US East_2': 50, 'D48ads_v6_US East_2': 50, 'D48alds_v6_US East_3': 50, 'D48als_v6_US East_1': 50, 'D48als_v6_US East_2': 50, 'D4ads_v6_US East_1': 50, 'D4ads_v6_US East_2': 50, 'D4ads_v6_US East_3': 50, 'D4alds_v6_US East_1': 50, 'D4alds_v6_US East_2': 50, 'D4alds_v6_US East_3': 50, 'D4als_v6_US East_1': 50, 'D4als_v6_US East_2': 50, 'D4als_v6_US East_3': 50, 'D4as_v6_US East_1': 50, 'D4as_v6_US East_2': 50, 'D4as_v6_US East_3': 50, 'D4pds_v5_US East_1': 50, 'D4pds_v5_US East_2': 50, 'D4pds_v5_US East_3': 50, 'D4plds_v5_US East_1': 50, 'D4plds_v5_US East_2': 50, 'D4plds_v5_US East_3': 50, 'D4pls_v5_US East_1': 50, 'D4pls_v5_US East_2': 50, 'D4pls_v5_US East_3': 50, 'D4ps_v5_US East_1': 50, 'D4ps_v5_US East_2': 50, 'D4ps_v5_US East_3': 50, 'D64ads_v6_US East_2': 50, 'D64alds_v6_US East_1': 50, 'D64als_v6_US East_1': 50, 'D64as_v6_US East_2': 50, 'D8ads_v6_US East_1': 50, 'D8ads_v6_US East_2': 50, 'D8alds_v6_US East_1': 50, 'D8alds_v6_US East_3': 50, 'D8als_v6_US East_1': 50, 'D8als_v6_US East_3': 50, 'D8as_v6_US East_2': 50, 'D8as_v6_US East_3': 50, 'D8plds_v5_US East_1': 50, 'D8plds_v5_US East_2': 50, 'D8plds_v5_US East_3': 50, 'D8pls_v5_US East_1': 50, 'D8pls_v5_US East_2': 50, 'D8pls_v5_US East_3': 50, 'D8ps_v5_US East_1': 50, 'D8ps_v5_US East_2': 50, 'D8ps_v5_US East_3': 50, 'D96ads_v6_US East_2': 50, 'D96alds_v6_US East_2': 50, 'D96als_v6_US East_2': 50, 'D96as_v6_US East_1': 50, 'DC1s_v2_US East_1': 50, 'E16ads_v6_US East_2': 50, 'E16ads_v6_US East_3': 50, 'E16as_v6_US East_2': 50, 'E16as_v6_US East_3': 50, 'E20ads_v6_US East_2': 50, 'E20ads_v6_US East_3': 50, 'E20as_v6_US East_2': 50, 'E20as_v6_US East_3': 50, 'E2ads_v6_US East_1': 50, 'E2ads_v6_US East_2': 50, 'E2ads_v6_US East_3': 50, 'E2as_v6_US East_1': 50, 'E2as_v6_US East_2': 50, 'E2as_v6_US East_3': 50, 'E2ps_v5_US East_1': 50, 'E2ps_v5_US East_2': 50, 'E2ps_v5_US East_3': 50, 'E32ads_v6_US East_1': 50, 'E32as_v6_US East_1': 50, 'E48ads_v6_US East_3': 50, 'E48as_v6_US East_3': 50, 'E4ads_v6_US East_2': 50, 'E4ads_v6_US East_3': 50, 'E4as_v6_US East_1': 50, 'E4as_v6_US East_2': 50, 'E4ps_v5_US East_1': 50, 'E4ps_v5_US East_2': 50, 'E4ps_v5_US East_3': 50, 'E64ads_v6_US East_3': 50, 'E64as_v6_US East_1': 50, 'E8ads_v6_US East_2': 50, 'E8ads_v6_US East_3': 50, 'E8as_v6_US East_1': 50, 'E8as_v6_US East_2': 50, 'E8ps_v5_US East_1': 50, 'E96-24ads_v6_US East_1': 50, 'E96-48ads_v6_US East_1': 50, 'E96ads_v6_US East_1': 50, 'E96as_v6_US East_1': 50, 'F16als_v6_US East_2': 50, 'F16als_v6_US East_3': 50, 'F16ams_v6_US East_1': 50, 'F16ams_v6_US East_2': 50, 'F16as_v6_US East_2': 50, 'F16as_v6_US East_3': 50, 'F2als_v6_US East_1': 50, 'F2als_v6_US East_2': 50, 'F2als_v6_US East_3': 50, 'F2ams_v6_US East_1': 50, 'F2ams_v6_US East_2': 50, 'F2ams_v6_US East_3': 50, 'F2as_v6_US East_1': 50, 'F2as_v6_US East_2': 50, 'F2as_v6_US East_3': 50, 'F32als_v6_US East_3': 50, 'F32ams_v6_US East_2': 50, 'F32as_v6_US East_3': 50, 'F48als_v6_US East_2': 50, 'F48ams_v6_US East_3': 50, 'F48as_v6_US East_3': 50, 'F4als_v6_US East_2': 50, 'F4als_v6_US East_3': 50, 'F4ams_v6_US East_2': 50, 'F4ams_v6_US East_3': 50, 'F4as_v6_US East_1': 50, 'F4as_v6_US East_2': 50, 'F64als_v6_US East_3': 50, 'F64ams_v6_US East_3': 50, 'F64as_v6_US East_3': 50, 'F8als_v6_US East_1': 50, 'F8als_v6_US East_2': 50, 'F8ams_v6_US East_2': 50, 'F8ams_v6_US East_3': 50, 'F8as_v6_US East_2': 50, 'F8as_v6_US East_3': 50, 'M12ds_v3_US East_2': 50, 'M12s_v3_US East_3': 50, 'M16-4ms_US East_1': 50, 'M16-4ms_US East_2': 50, 'M16-4ms_US East_3': 50, 'M16-8ms_US East_1': 50, 'M16-8ms_US East_2': 50, 'M16-8ms_US East_3': 50, 'M16ms_US East_1': 50, 'M16ms_US East_2': 50, 'M16ms_US East_3': 50, 'M32-16ms_US East_1': 50, 'M32-16ms_US East_3': 50, 'M32-8ms_US East_1': 50, 'M32-8ms_US East_3': 50, 'M32dms_v2_US East_1': 50, 'M32dms_v2_US East_2': 50, 'M32dms_v2_US East_3': 50, 'M32ls_US East_1': 50, 'M32ls_US East_2': 50, 'M32ls_US East_3': 50, 'M32ms_US East_2': 50, 'M32ms_US East_3': 50, 'M32ms_v2_US East_1': 50, 'M32ms_v2_US East_2': 50, 'M32ms_v2_US East_3': 50, 'M32ts_US East_1': 50, 'M32ts_US East_2': 50, 'M32ts_US East_3': 50, 'M64s_v2_US East_1': 50, 'M8-2ms_US East_1': 50, 'M8-2ms_US East_2': 50, 'M8-2ms_US East_3': 50, 'M8-4ms_US East_1': 50, 'M8-4ms_US East_2': 50, 'M8-4ms_US East_3': 50, 'M8ms_US East_1': 50, 'M8ms_US East_2': 50, 'M8ms_US East_3': 50, 'NV4as_v4_US East_1': 50, 'NV4as_v4_US East_2': 50, 'NV4as_v4_US East_3': 50, 'NV8as_v4_US East_1': 50, 'NV8as_v4_US East_2': 50, 'NV8as_v4_US East_3': 50}"
0.98,3344.6414000000004,4552527771,1361140.770278093,170650,169650,"{'B16pls_v2_US East_1': 50, 'B16pls_v2_US East_2': 50, 'B16pls_v2_US East_3': 50, 'B16ps_v2_US East_2': 50, 'B2pls_v2_US East_1': 50, 'B2pls_v2_US East_2': 50, 'B2pls_v2_US East_3': 50, 'B2ps_v2_US East_1': 50, 'B2ps_v2_US East_2': 50, 'B2ps_v2_US East_3': 50, 'B4pls_v2_US East_1': 50, 'B4pls_v2_US East_2': 50, 'B4pls_v2_US East_3': 50, 'B4ps_v2_US East_1': 50, 'B4ps_v2_US East_2': 50, 'B4ps_v2_US East_3': 50, 'B8pls_v2_US East_1': 50, 'B8pls_v2_US East_2': 50, 'B8pls_v2_US East_3': 50, 'B8ps_v2_US East_1': 50, 'B8ps_v2_US East_2': 50, 'B8ps_v2_US East_3': 50, 'D16ads_v6_US East_2': 50, 'D16ads_v6_US East_3': 50, 'D16alds_v6_US East_1': 50, 'D16alds_v6_US East_3': 50, 'D16als_v6_US East_1': 50, 'D16als_v6_US East_2': 50, 'D16as_v6_US East_1': 50, 'D16as_v6_US East_3': 50, 'D16pds_v5_US East_3': 50, 'D16plds_v5_US East_2': 50, 'D16plds_v5_US East_3': 50, 'D16pls_v5_US East_2': 50, 'D16pls_v5_US East_3': 50, 'D16ps_v5_US East_2': 50, 'D2ads_v6_US East_1': 50, 'D2ads_v6_US East_2': 50, 'D2ads_v6_US East_3': 50, 'D2alds_v6_US East_1': 50, 'D2alds_v6_US East_2': 50, 'D2alds_v6_US East_3': 50, 'D2als_v6_US East_1': 50, 'D2als_v6_US East_2': 50, 'D2als_v6_US East_3': 50, 'D2as_v6_US East_1': 50, 'D2as_v6_US East_2': 50, 'D2as_v6_US East_3': 50, 'D2pds_v5_US East_1': 50, 'D2pds_v5_US East_2': 50, 'D2pds_v5_US East_3': 50, 'D2plds_v5_US East_1': 50, 'D2plds_v5_US East_2': 50, 'D2plds_v5_US East_3': 50, 'D2pls_v5_US East_1': 50, 'D2pls_v5_US East_2': 50, 'D2pls_v5_US East_3': 50, 'D2ps_v5_US East_1': 50, 'D2ps_v5_US East_2': 50, 'D2ps_v5_US East_3': 50, 'D32ads_v6_US East_1': 50, 'D32ads_v6_US East_3': 50, 'D32alds_v6_US East_1': 50, 'D32alds_v6_US East_2': 50, 'D32als_v6_US East_1': 50, 'D32als_v6_US East_2': 50, 'D32as_v6_US East_2': 50, 'D32as_v6_US East_3': 50, 'D32plds_v5_US East_2': 50, 'D32pls_v5_US East_2': 50, 'D48ads_v6_US East_2': 50, 'D48alds_v6_US East_3': 50, 'D48als_v6_US East_1': 50, 'D48als_v6_US East_2': 50, 'D4ads_v6_US East_1': 50, 'D4ads_v6_US East_2': 50, 'D4ads_v6_US East_3': 50, 'D4alds_v6_US East_1': 50, 'D4alds_v6_US East_2': 50, 'D4alds_v6_US East_3': 50, 'D4als_v6_US East_1': 50, 'D4als_v6_US East_2': 50, 'D4als_v6_US East_3': 50, 'D4as_v6_US East_1': 50, 'D4as_v6_US East_2': 50, 'D4as_v6_US East_3': 50, 'D4pds_v5_US East_1': 50, 'D4pds_v5_US East_2': 50, 'D4pds_v5_US East_3': 50, 'D4plds_v5_US East_1': 50, 'D4plds_v5_US East_2': 50, 'D4plds_v5_US East_3': 50, 'D4pls_v5_US East_1': 50, 'D4pls_v5_US East_2': 50, 'D4pls_v5_US East_3': 50, 'D4ps_v5_US East_1': 50, 'D4ps_v5_US East_2': 50, 'D4ps_v5_US East_3': 50, 'D64ads_v6_US East_2': 50, 'D64alds_v6_US East_1': 50, 'D64als_v6_US East_1': 50, 'D64as_v6_US East_2': 50, 'D8ads_v6_US East_1': 50, 'D8ads_v6_US East_2': 50, 'D8alds_v6_US East_1': 50, 'D8alds_v6_US East_3': 50, 'D8als_v6_US East_1': 50, 'D8als_v6_US East_3': 50, 'D8as_v6_US East_2': 50, 'D8as_v6_US East_3': 50, 'D8plds_v5_US East_1': 50, 'D8plds_v5_US East_2': 50, 'D8plds_v5_US East_3': 50, 'D8pls_v5_US East_1': 50, 'D8pls_v5_US East_2': 50, 'D8pls_v5_US East_3': 50, 'D8ps_v5_US East_1': 50, 'D8ps_v5_US East_2': 50, 'D8ps_v5_US East_3': 50, 'D96ads_v6_US East_2': 50, 'D96alds_v6_US East_2': 50, 'D96als_v6_US East_2': 50, 'D96as_v6_US East_1': 50, 'DC1s_v2_US East_1': 50, 'E16ads_v6_US East_2': 50, 'E16ads_v6_US East_3': 50, 'E16as_v6_US East_2': 50, 'E16as_v6_US East_3': 50, 'E20ads_v6_US East_2': 50, 'E20ads_v6_US East_3': 50, 'E20as_v6_US East_2': 50, 'E20as_v6_US East_3': 50, 'E2ads_v6_US East_1': 50, 'E2ads_v6_US East_2': 50, 'E2ads_v6_US East_3': 50, 'E2as_v6_US East_1': 50, 'E2as_v6_US East_2': 50, 'E2as_v6_US East_3': 50, 'E2ps_v5_US East_1': 50, 'E2ps_v5_US East_2': 50, 'E2ps_v5_US East_3': 50, 'E32ads_v6_US East_1': 50, 'E32as_v6_US East_1': 50, 'E48ads_v6_US East_3': 50, 'E48as_v6_US East_3': 50, 'E4ads_v6_US East_2': 50, 'E4ads_v6_US East_3': 50, 'E4as_v6_US East_1': 50, 'E4as_v6_US East_2': 50, 'E4ps_v5_US East_1': 50, 'E4ps_v5_US East_2': 50, 'E4ps_v5_US East_3': 50, 'E64ads_v6_US East_3': 50, 'E64as_v6_US East_1': 50, 'E8ads_v6_US East_2': 50, 'E8ads_v6_US East_3': 50, 'E8as_v6_US East_1': 50, 'E8as_v6_US East_2': 50, 'E8ps_v5_US East_1': 50, 'E96-24ads_v6_US East_1': 50, 'E96-48ads_v6_US East_1': 50, 'E96ads_v6_US East_1': 50, 'E96as_v6_US East_1': 50, 'F16als_v6_US East_2': 50, 'F16als_v6_US East_3': 50, 'F16ams_v6_US East_1': 50, 'F16ams_v6_US East_2': 50, 'F16as_v6_US East_2': 50, 'F16as_v6_US East_3': 50, 'F2als_v6_US East_1': 50, 'F2als_v6_US East_2': 50, 'F2als_v6_US East_3': 50, 'F2ams_v6_US East_1': 50, 'F2ams_v6_US East_2': 50, 'F2ams_v6_US East_3': 50, 'F2as_v6_US East_1': 50, 'F2as_v6_US East_2': 50, 'F2as_v6_US East_3': 50, 'F32als_v6_US East_3': 50, 'F32ams_v6_US East_2': 50, 'F32as_v6_US East_3': 50, 'F48als_v6_US East_2': 50, 'F48ams_v6_US East_3': 50, 'F48as_v6_US East_3': 50, 'F4als_v6_US East_2': 50, 'F4als_v6_US East_3': 50, 'F4ams_v6_US East_2': 50, 'F4ams_v6_US East_3': 50, 'F4as_v6_US East_1': 50, 'F4as_v6_US East_2': 50, 'F64als_v6_US East_3': 50, 'F64ams_v6_US East_3': 50, 'F64as_v6_US East_3': 50, 'F8als_v6_US East_1': 50, 'F8als_v6_US East_2': 50, 'F8ams_v6_US East_2': 50, 'F8ams_v6_US East_3': 50, 'F8as_v6_US East_2': 50, 'F8as_v6_US East_3': 50, 'M12ds_v3_US East_2': 50, 'M12s_v3_US East_3': 50, 'M16-4ms_US East_1': 50, 'M16-4ms_US East_2': 50, 'M16-4ms_US East_3': 50, 'M16-8ms_US East_1': 50, 'M16-8ms_US East_2': 50, 'M16-8ms_US East_3': 50, 'M16ms_US East_1': 50, 'M16ms_US East_2': 50, 'M16ms_US East_3': 50, 'M32-16ms_US East_1': 50, 'M32-16ms_US East_3': 50, 'M32-8ms_US East_1': 50, 'M32-8ms_US East_3': 50, 'M32dms_v2_US East_1': 50, 'M32dms_v2_US East_2': 50, 'M32dms_v2_US East_3': 50, 'M32ls_US East_1': 50, 'M32ls_US East_2': 50, 'M32ls_US East_3': 50, 'M32ms_US East_2': 50, 'M32ms_US East_3': 50, 'M32ms_v2_US East_1': 50, 'M32ms_v2_US East_2': 50, 'M32ms_v2_US East_3': 50, 'M32ts_US East_1': 50, 'M32ts_US East_2': 50, 'M32ts_US East_3': 50, 'M64s_v2_US East_1': 50, 'M8-2ms_US East_1': 50, 'M8-2ms_US East_2': 50, 'M8-2ms_US East_3': 50, 'M8-4ms_US East_1': 50, 'M8-4ms_US East_2': 50, 'M8-4ms_US East_3': 50, 'M8ms_US East_1': 50, 'M8ms_US East_2': 50, 'M8ms_US East_3': 50, 'NV4as_v4_US East_1': 50, 'NV4as_v4_US East_2': 50, 'NV4as_v4_US East_3': 50, 'NV8as_v4_US East_1': 50, 'NV8as_v4_US East_2': 50, 'NV8as_v4_US East_3': 50}"
0.99,3344.6414000000004,4552527771,1361140.770278093,170650,169650,"{'B16pls_v2_US East_1': 50, 'B16pls_v2_US East_2': 50, 'B16pls_v2_US East_3': 50, 'B16ps_v2_US East_2': 50, 'B2pls_v2_US East_1': 50, 'B2pls_v2_US East_2': 50, 'B2pls_v2_US East_3': 50, 'B2ps_v2_US East_1': 50, 'B2ps_v2_US East_2': 50, 'B2ps_v2_US East_3': 50, 'B4pls_v2_US East_1': 50, 'B4pls_v2_US East_2': 50, 'B4pls_v2_US East_3': 50, 'B4ps_v2_US East_1': 50, 'B4ps_v2_US East_2': 50, 'B4ps_v2_US East_3': 50, 'B8pls_v2_US East_1': 50, 'B8pls_v2_US East_2': 50, 'B8pls_v2_US East_3': 50, 'B8ps_v2_US East_1': 50, 'B8ps_v2_US East_2': 50, 'B8ps_v2_US East_3': 50, 'D16ads_v6_US East_2': 50, 'D16ads_v6_US East_3': 50, 'D16alds_v6_US East_1': 50, 'D16alds_v6_US East_3': 50, 'D16als_v6_US East_1': 50, 'D16als_v6_US East_2': 50, 'D16as_v6_US East_1': 50, 'D16as_v6_US East_3': 50, 'D16pds_v5_US East_3': 50, 'D16plds_v5_US East_2': 50, 'D16plds_v5_US East_3': 50, 'D16pls_v5_US East_2': 50, 'D16pls_v5_US East_3': 50, 'D16ps_v5_US East_2': 50, 'D2ads_v6_US East_1': 50, 'D2ads_v6_US East_2': 50, 'D2ads_v6_US East_3': 50, 'D2alds_v6_US East_1': 50, 'D2alds_v6_US East_2': 50, 'D2alds_v6_US East_3': 50, 'D2als_v6_US East_1': 50, 'D2als_v6_US East_2': 50, 'D2als_v6_US East_3': 50, 'D2as_v6_US East_1': 50, 'D2as_v6_US East_2': 50, 'D2as_v6_US East_3': 50, 'D2pds_v5_US East_1': 50, 'D2pds_v5_US East_2': 50, 'D2pds_v5_US East_3': 50, 'D2plds_v5_US East_1': 50, 'D2plds_v5_US East_2': 50, 'D2plds_v5_US East_3': 50, 'D2pls_v5_US East_1': 50, 'D2pls_v5_US East_2': 50, 'D2pls_v5_US East_3': 50, 'D2ps_v5_US East_1': 50, 'D2ps_v5_US East_2': 50, 'D2ps_v5_US East_3': 50, 'D32ads_v6_US East_1': 50, 'D32ads_v6_US East_3': 50, 'D32alds_v6_US East_1': 50, 'D32alds_v6_US East_2': 50, 'D32als_v6_US East_1': 50, 'D32als_v6_US East_2': 50, 'D32as_v6_US East_2': 50, 'D32as_v6_US East_3': 50, 'D32plds_v5_US East_2': 50, 'D32pls_v5_US East_2': 50, 'D48ads_v6_US East_2': 50, 'D48alds_v6_US East_3': 50, 'D48als_v6_US East_1': 50, 'D48als_v6_US East_2': 50, 'D4ads_v6_US East_1': 50, 'D4ads_v6_US East_2': 50, 'D4ads_v6_US East_3': 50, 'D4alds_v6_US East_1': 50, 'D4alds_v6_US East_2': 50, 'D4alds_v6_US East_3': 50, 'D4als_v6_US East_1': 50, 'D4als_v6_US East_2': 50, 'D4als_v6_US East_3': 50, 'D4as_v6_US East_1': 50, 'D4as_v6_US East_2': 50, 'D4as_v6_US East_3': 50, 'D4pds_v5_US East_1': 50, 'D4pds_v5_US East_2': 50, 'D4pds_v5_US East_3': 50, 'D4plds_v5_US East_1': 50, 'D4plds_v5_US East_2': 50, 'D4plds_v5_US East_3': 50, 'D4pls_v5_US East_1': 50, 'D4pls_v5_US East_2': 50, 'D4pls_v5_US East_3': 50, 'D4ps_v5_US East_1': 50, 'D4ps_v5_US East_2': 50, 'D4ps_v5_US East_3': 50, 'D64ads_v6_US East_2': 50, 'D64alds_v6_US East_1': 50, 'D64als_v6_US East_1': 50, 'D64as_v6_US East_2': 50, 'D8ads_v6_US East_1': 50, 'D8ads_v6_US East_2': 50, 'D8alds_v6_US East_1': 50, 'D8alds_v6_US East_3': 50, 'D8als_v6_US East_1': 50, 'D8als_v6_US East_3': 50, 'D8as_v6_US East_2': 50, 'D8as_v6_US East_3': 50, 'D8plds_v5_US East_1': 50, 'D8plds_v5_US East_2': 50, 'D8plds_v5_US East_3': 50, 'D8pls_v5_US East_1': 50, 'D8pls_v5_US East_2': 50, 'D8pls_v5_US East_3': 50, 'D8ps_v5_US East_1': 50, 'D8ps_v5_US East_2': 50, 'D8ps_v5_US East_3': 50, 'D96ads_v6_US East_2': 50, 'D96alds_v6_US East_2': 50, 'D96als_v6_US East_2': 50, 'D96as_v6_US East_1': 50, 'DC1s_v2_US East_1': 50, 'E16ads_v6_US East_2': 50, 'E16ads_v6_US East_3': 50, 'E16as_v6_US East_2': 50, 'E16as_v6_US East_3': 50, 'E20ads_v6_US East_2': 50, 'E20ads_v6_US East_3': 50, 'E20as_v6_US East_2': 50, 'E20as_v6_US East_3': 50, 'E2ads_v6_US East_1': 50, 'E2ads_v6_US East_2': 50, 'E2ads_v6_US East_3': 50, 'E2as_v6_US East_1': 50, 'E2as_v6_US East_2': 50, 'E2as_v6_US East_3': 50, 'E2ps_v5_US East_1': 50, 'E2ps_v5_US East_2': 50, 'E2ps_v5_US East_3': 50, 'E32ads_v6_US East_1': 50, 'E32as_v6_US East_1': 50, 'E48ads_v6_US East_3': 50, 'E48as_v6_US East_3': 50, 'E4ads_v6_US East_2': 50, 'E4ads_v6_US East_3': 50, 'E4as_v6_US East_1': 50, 'E4as_v6_US East_2': 50, 'E4ps_v5_US East_1': 50, 'E4ps_v5_US East_2': 50, 'E4ps_v5_US East_3': 50, 'E64ads_v6_US East_3': 50, 'E64as_v6_US East_1': 50, 'E8ads_v6_US East_2': 50, 'E8ads_v6_US East_3': 50, 'E8as_v6_US East_1': 50, 'E8as_v6_US East_2': 50, 'E8ps_v5_US East_1': 50, 'E96-24ads_v6_US East_1': 50, 'E96-48ads_v6_US East_1': 50, 'E96ads_v6_US East_1': 50, 'E96as_v6_US East_1': 50, 'F16als_v6_US East_2': 50, 'F16als_v6_US East_3': 50, 'F16ams_v6_US East_1': 50, 'F16ams_v6_US East_2': 50, 'F16as_v6_US East_2': 50, 'F16as_v6_US East_3': 50, 'F2als_v6_US East_1': 50, 'F2als_v6_US East_2': 50, 'F2als_v6_US East_3': 50, 'F2ams_v6_US East_1': 50, 'F2ams_v6_US East_2': 50, 'F2ams_v6_US East_3': 50, 'F2as_v6_US East_1': 50, 'F2as_v6_US East_2': 50, 'F2as_v6_US East_3': 50, 'F32als_v6_US East_3': 50, 'F32ams_v6_US East_2': 50, 'F32as_v6_US East_3': 50, 'F48als_v6_US East_2': 50, 'F48ams_v6_US East_3': 50, 'F48as_v6_US East_3': 50, 'F4als_v6_US East_2': 50, 'F4als_v6_US East_3': 50, 'F4ams_v6_US East_2': 50, 'F4ams_v6_US East_3': 50, 'F4as_v6_US East_1': 50, 'F4as_v6_US East_2': 50, 'F64als_v6_US East_3': 50, 'F64ams_v6_US East_3': 50, 'F64as_v6_US East_3': 50, 'F8als_v6_US East_1': 50, 'F8als_v6_US East_2': 50, 'F8ams_v6_US East_2': 50, 'F8ams_v6_US East_3': 50, 'F8as_v6_US East_2': 50, 'F8as_v6_US East_3': 50, 'M12ds_v3_US East_2': 50, 'M12s_v3_US East_3': 50, 'M16-4ms_US East_1': 50, 'M16-4ms_US East_2': 50, 'M16-4ms_US East_3': 50, 'M16-8ms_US East_1': 50, 'M16-8ms_US East_2': 50, 'M16-8ms_US East_3': 50, 'M16ms_US East_1': 50, 'M16ms_US East_2': 50, 'M16ms_US East_3': 50, 'M32-16ms_US East_1': 50, 'M32-16ms_US East_3': 50, 'M32-8ms_US East_1': 50, 'M32-8ms_US East_3': 50, 'M32dms_v2_US East_1': 50, 'M32dms_v2_US East_2': 50, 'M32dms_v2_US East_3': 50, 'M32ls_US East_1': 50, 'M32ls_US East_2': 50, 'M32ls_US East_3': 50, 'M32ms_US East_2': 50, 'M32ms_US East_3': 50, 'M32ms_v2_US East_1': 50, 'M32ms_v2_US East_2': 50, 'M32ms_v2_US East_3': 50, 'M32ts_US East_1': 50, 'M32ts_US East_2': 50, 'M32ts_US East_3': 50, 'M64s_v2_US East_1': 50, 'M8-2ms_US East_1': 50, 'M8-2ms_US East_2': 50, 'M8-2ms_US East_3': 50, 'M8-4ms_US East_1': 50, 'M8-4ms_US East_2': 50, 'M8-4ms_US East_3': 50, 'M8ms_US East_1': 50, 'M8ms_US East_2': 50, 'M8ms_US East_3': 50, 'NV4as_v4_US East_1': 50, 'NV4as_v4_US East_2': 50, 'NV4as_v4_US East_3': 50, 'NV8as_v4_US East_1': 50, 'NV8as_v4_US East_2': 50, 'NV8as_v4_US East_3': 50}"
1.0,3344.6414000000004,4552527771,1361140.770278093,170650,169650,"{'B16pls_v2_US East_1': 50, 'B16pls_v2_US East_2': 50, 'B16pls_v2_US East_3': 50, 'B16ps_v2_US East_2': 50, 'B2pls_v2_US East_1': 50, 'B2pls_v2_US East_2': 50, 'B2pls_v2_US East_3': 50, 'B2ps_v2_US East_1': 50, 'B2ps_v2_US East_2': 50, 'B2ps_v2_US East_3': 50, 'B4pls_v2_US East_1': 50, 'B4pls_v2_US East_2': 50, 'B4pls_v2_US East_3': 50, 'B4ps_v2_US East_1': 50, 'B4ps_v2_US East_2': 50, 'B4ps_v2_US East_3': 50, 'B8pls_v2_US East_1': 50, 'B8pls_v2_US East_2': 50, 'B8pls_v2_US East_3': 50, 'B8ps_v2_US East_1': 50, 'B8ps_v2_US East_2': 50, 'B8ps_v2_US East_3': 50, 'D16ads_v6_US East_2': 50, 'D16ads_v6_US East_3': 50, 'D16alds_v6_US East_1': 50, 'D16alds_v6_US East_3': 50, 'D16als_v6_US East_1': 50, 'D16als_v6_US East_2': 50, 'D16as_v6_US East_1': 50, 'D16as_v6_US East_3': 50, 'D16pds_v5_US East_3': 50, 'D16plds_v5_US East_2': 50, 'D16plds_v5_US East_3': 50, 'D16pls_v5_US East_2': 50, 'D16pls_v5_US East_3': 50, 'D16ps_v5_US East_2': 50, 'D2ads_v6_US East_1': 50, 'D2ads_v6_US East_2': 50, 'D2ads_v6_US East_3': 50, 'D2alds_v6_US East_1': 50, 'D2alds_v6_US East_2': 50, 'D2alds_v6_US East_3': 50, 'D2als_v6_US East_1': 50, 'D2als_v6_US East_2': 50, 'D2als_v6_US East_3': 50, 'D2as_v6_US East_1': 50, 'D2as_v6_US East_2': 50, 'D2as_v6_US East_3': 50, 'D2pds_v5_US East_1': 50, 'D2pds_v5_US East_2': 50, 'D2pds_v5_US East_3': 50, 'D2plds_v5_US East_1': 50, 'D2plds_v5_US East_2': 50, 'D2plds_v5_US East_3': 50, 'D2pls_v5_US East_1': 50, 'D2pls_v5_US East_2': 50, 'D2pls_v5_US East_3': 50, 'D2ps_v5_US East_1': 50, 'D2ps_v5_US East_2': 50, 'D2ps_v5_US East_3': 50, 'D32ads_v6_US East_1': 50, 'D32ads_v6_US East_3': 50, 'D32alds_v6_US East_1': 50, 'D32alds_v6_US East_2': 50, 'D32als_v6_US East_1': 50, 'D32als_v6_US East_2': 50, 'D32as_v6_US East_2': 50, 'D32as_v6_US East_3': 50, 'D32plds_v5_US East_2': 50, 'D32pls_v5_US East_2': 50, 'D48ads_v6_US East_2': 50, 'D48alds_v6_US East_3': 50, 'D48als_v6_US East_1': 50, 'D48als_v6_US East_2': 50, 'D4ads_v6_US East_1': 50, 'D4ads_v6_US East_2': 50, 'D4ads_v6_US East_3': 50, 'D4alds_v6_US East_1': 50, 'D4alds_v6_US East_2': 50, 'D4alds_v6_US East_3': 50, 'D4als_v6_US East_1': 50, 'D4als_v6_US East_2': 50, 'D4als_v6_US East_3': 50, 'D4as_v6_US East_1': 50, 'D4as_v6_US East_2': 50, 'D4as_v6_US East_3': 50, 'D4pds_v5_US East_1': 50, 'D4pds_v5_US East_2': 50, 'D4pds_v5_US East_3': 50, 'D4plds_v5_US East_1': 50, 'D4plds_v5_US East_2': 50, 'D4plds_v5_US East_3': 50, 'D4pls_v5_US East_1': 50, 'D4pls_v5_US East_2': 50, 'D4pls_v5_US East_3': 50, 'D4ps_v5_US East_1': 50, 'D4ps_v5_US East_2': 50, 'D4ps_v5_US East_3': 50, 'D64ads_v6_US East_2': 50, 'D64alds_v6_US East_1': 50, 'D64als_v6_US East_1': 50, 'D64as_v6_US East_2': 50, 'D8ads_v6_US East_1': 50, 'D8ads_v6_US East_2': 50, 'D8alds_v6_US East_1': 50, 'D8alds_v6_US East_3': 50, 'D8als_v6_US East_1': 50, 'D8als_v6_US East_3': 50, 'D8as_v6_US East_2': 50, 'D8as_v6_US East_3': 50, 'D8plds_v5_US East_1': 50, 'D8plds_v5_US East_2': 50, 'D8plds_v5_US East_3': 50, 'D8pls_v5_US East_1': 50, 'D8pls_v5_US East_2': 50, 'D8pls_v5_US East_3': 50, 'D8ps_v5_US East_1': 50, 'D8ps_v5_US East_2': 50, 'D8ps_v5_US East_3': 50, 'D96ads_v6_US East_2': 50, 'D96alds_v6_US East_2': 50, 'D96als_v6_US East_2': 50, 'D96as_v6_US East_1': 50, 'DC1s_v2_US East_1': 50, 'E16ads_v6_US East_2': 50, 'E16ads_v6_US East_3': 50, 'E16as_v6_US East_2': 50, 'E16as_v6_US East_3': 50, 'E20ads_v6_US East_2': 50, 'E20ads_v6_US East_3': 50, 'E20as_v6_US East_2': 50, 'E20as_v6_US East_3': 50, 'E2ads_v6_US East_1': 50, 'E2ads_v6_US East_2': 50, 'E2ads_v6_US East_3': 50, 'E2as_v6_US East_1': 50, 'E2as_v6_US East_2': 50, 'E2as_v6_US East_3': 50, 'E2ps_v5_US East_1': 50, 'E2ps_v5_US East_2': 50, 'E2ps_v5_US East_3': 50, 'E32ads_v6_US East_1': 50, 'E32as_v6_US East_1': 50, 'E48ads_v6_US East_3': 50, 'E48as_v6_US East_3': 50, 'E4ads_v6_US East_2': 50, 'E4ads_v6_US East_3': 50, 'E4as_v6_US East_1': 50, 'E4as_v6_US East_2': 50, 'E4ps_v5_US East_1': 50, 'E4ps_v5_US East_2': 50, 'E4ps_v5_US East_3': 50, 'E64ads_v6_US East_3': 50, 'E64as_v6_US East_1': 50, 'E8ads_v6_US East_2': 50, 'E8ads_v6_US East_3': 50, 'E8as_v6_US East_1': 50, 'E8as_v6_US East_2': 50, 'E8ps_v5_US East_1': 50, 'E96-24ads_v6_US East_1': 50, 'E96-48ads_v6_US East_1': 50, 'E96ads_v6_US East_1': 50, 'E96as_v6_US East_1': 50, 'F16als_v6_US East_2': 50, 'F16als_v6_US East_3': 50, 'F16ams_v6_US East_1': 50, 'F16ams_v6_US East_2': 50, 'F16as_v6_US East_2': 50, 'F16as_v6_US East_3': 50, 'F2als_v6_US East_1': 50, 'F2als_v6_US East_2': 50, 'F2als_v6_US East_3': 50, 'F2ams_v6_US East_1': 50, 'F2ams_v6_US East_2': 50, 'F2ams_v6_US East_3': 50, 'F2as_v6_US East_1': 50, 'F2as_v6_US East_2': 50, 'F2as_v6_US East_3': 50, 'F32als_v6_US East_3': 50, 'F32ams_v6_US East_2': 50, 'F32as_v6_US East_3': 50, 'F48als_v6_US East_2': 50, 'F48ams_v6_US East_3': 50, 'F48as_v6_US East_3': 50, 'F4als_v6_US East_2': 50, 'F4als_v6_US East_3': 50, 'F4ams_v6_US East_2': 50, 'F4ams_v6_US East_3': 50, 'F4as_v6_US East_1': 50, 'F4as_v6_US East_2': 50, 'F64als_v6_US East_3': 50, 'F64ams_v6_US East_3': 50, 'F64as_v6_US East_3': 50, 'F8als_v6_US East_1': 50, 'F8als_v6_US East_2': 50, 'F8ams_v6_US East_2': 50, 'F8ams_v6_US East_3': 50, 'F8as_v6_US East_2': 50, 'F8as_v6_US East_3': 50, 'M12ds_v3_US East_2': 50, 'M12s_v3_US East_3': 50, 'M16-4ms_US East_1': 50, 'M16-4ms_US East_2': 50, 'M16-4ms_US East_3': 50, 'M16-8ms_US East_1': 50, 'M16-8ms_US East_2': 50, 'M16-8ms_US East_3': 50, 'M16ms_US East_1': 50, 'M16ms_US East_2': 50, 'M16ms_US East_3': 50, 'M32-16ms_US East_1': 50, 'M32-16ms_US East_3': 50, 'M32-8ms_US East_1': 50, 'M32-8ms_US East_3': 50, 'M32dms_v2_US East_1': 50, 'M32dms_v2_US East_2': 50, 'M32dms_v2_US East_3': 50, 'M32ls_US East_1': 50, 'M32ls_US East_2': 50, 'M32ls_US East_3': 50, 'M32ms_US East_2': 50, 'M32ms_US East_3': 50, 'M32ms_v2_US East_1': 50, 'M32ms_v2_US East_2': 50, 'M32ms_v2_US East_3': 50, 'M32ts_US East_1': 50, 'M32ts_US East_2': 50, 'M32ts_US East_3': 50, 'M64s_v2_US East_1': 50, 'M8-2ms_US East_1': 50, 'M8-2ms_US East_2': 50, 'M8-2ms_US East_3': 50, 'M8-4ms_US East_1': 50, 'M8-4ms_US East_2': 50, 'M8-4ms_US East_3': 50, 'M8ms_US East_1': 50, 'M8ms_US East_2': 50, 'M8ms_US East_3': 50, 'NV4as_v4_US East_1': 50, 'NV4as_v4_US East_2': 50, 'NV4as_v4_US East_3': 50, 'NV8as_v4_US East_1': 50, 'NV8as_v4_US East_2': 50, 'NV8as_v4_US East_3': 50}"
