alpha,cost,performance,perf_per_cost,actual_pods,excess_pods,instance_types
0.0,0.12566,195978,1559592.551328983,10,0,{'D2pls_v5_US East_3': 10}
0.01,0.12566,195978,1559592.551328983,10,0,{'D2pls_v5_US East_3': 10}
0.02,0.12566,195978,1559592.551328983,10,0,{'D2pls_v5_US East_3': 10}
0.03,0.12566,195978,1559592.551328983,10,0,{'D2pls_v5_US East_3': 10}
0.04,0.12566,195978,1559592.551328983,10,0,{'D2pls_v5_US East_3': 10}
0.05,0.12566,195978,1559592.551328983,10,0,{'D2pls_v5_US East_3': 10}
0.06,0.12566,195978,1559592.551328983,10,0,{'D2pls_v5_US East_3': 10}
0.07,0.12566,195978,1559592.551328983,10,0,{'D2pls_v5_US East_3': 10}
0.08,0.12566,195978,1559592.551328983,10,0,{'D2pls_v5_US East_3': 10}
0.09,0.12566,195978,1559592.551328983,10,0,{'D2pls_v5_US East_3': 10}
0.1,0.12566,195978,1559592.551328983,10,0,{'D2pls_v5_US East_3': 10}
0.11,0.12566,195978,1559592.551328983,10,0,{'D2pls_v5_US East_3': 10}
0.12,0.12566,195978,1559592.551328983,10,0,{'D2pls_v5_US East_3': 10}
0.13,0.12566,195978,1559592.551328983,10,0,{'D2pls_v5_US East_3': 10}
0.14,0.12566,195978,1559592.551328983,10,0,{'D2pls_v5_US East_3': 10}
0.15,0.12566,195978,1559592.551328983,10,0,{'D2pls_v5_US East_3': 10}
0.16,0.12566,195978,1559592.551328983,10,0,{'D2pls_v5_US East_3': 10}
0.17,0.12566,195978,1559592.551328983,10,0,{'D2pls_v5_US East_3': 10}
0.18,0.12566,195978,1559592.551328983,10,0,{'D2pls_v5_US East_3': 10}
0.19,0.12566,195978,1559592.551328983,10,0,{'D2pls_v5_US East_3': 10}
0.2,0.12566,195978,1559592.551328983,10,0,{'D2pls_v5_US East_3': 10}
0.21,0.12566,195978,1559592.551328983,10,0,{'D2pls_v5_US East_3': 10}
0.22,0.12566,195978,1559592.551328983,10,0,{'D2pls_v5_US East_3': 10}
0.23,0.15754400000000002,320542,2034620.8043467219,10,0,"{'D16als_v6_US East_3': 1, 'D2als_v6_US East_1': 2}"
0.24,0.15754400000000002,320542,2034620.8043467219,10,0,"{'D16als_v6_US East_3': 1, 'D2als_v6_US East_1': 2}"
0.25,0.15754400000000002,320542,2034620.8043467219,10,0,"{'D16als_v6_US East_3': 1, 'D2als_v6_US East_1': 2}"
0.26,0.15754400000000002,320542,2034620.8043467219,10,0,"{'D16als_v6_US East_3': 1, 'D2als_v6_US East_1': 2}"
0.27,0.15754400000000002,320542,2034620.8043467219,10,0,"{'D16als_v6_US East_3': 1, 'D2als_v6_US East_1': 2}"
0.28,0.15754400000000002,320542,2034620.8043467219,10,0,"{'D16als_v6_US East_3': 1, 'D2als_v6_US East_1': 2}"
0.29,0.15754400000000002,320542,2034620.8043467219,10,0,"{'D16als_v6_US East_3': 1, 'D2als_v6_US East_1': 2}"
0.3,0.15754400000000002,320542,2034620.8043467219,10,0,"{'D16als_v6_US East_3': 1, 'D2als_v6_US East_1': 2}"
0.31,0.15754400000000002,320542,2034620.8043467219,10,0,"{'D16als_v6_US East_3': 1, 'D2als_v6_US East_1': 2}"
0.32,0.15754400000000002,320542,2034620.8043467219,10,0,"{'D16als_v6_US East_3': 1, 'D2als_v6_US East_1': 2}"
0.33,0.15754400000000002,320542,2034620.8043467219,10,0,"{'D16als_v6_US East_3': 1, 'D2als_v6_US East_1': 2}"
0.34,0.15754400000000002,320542,2034620.8043467219,10,0,"{'D16als_v6_US East_3': 1, 'D2als_v6_US East_1': 2}"
0.35000000000000003,0.15754400000000002,320542,2034620.8043467219,10,0,"{'D16als_v6_US East_3': 1, 'D2als_v6_US East_1': 2}"
0.36,121.66264,247458655,2033974.0745392344,7720,7710,"{'D16als_v6_US East_2': 40, 'D16als_v6_US East_3': 40, 'D2als_v6_US East_1': 40, 'D2als_v6_US East_2': 40, 'D2als_v6_US East_3': 40, 'D32als_v6_US East_1': 40, 'D32als_v6_US East_2': 40, 'D48als_v6_US East_1': 40, 'D48als_v6_US East_3': 40, 'D4als_v6_US East_1': 40, 'D4als_v6_US East_2': 40, 'D4als_v6_US East_3': 40, 'D64als_v6_US East_3': 40, 'D8als_v6_US East_2': 40, 'D8als_v6_US East_3': 40, 'D96als_v6_US East_2': 40}"
0.37,121.66264,247458655,2033974.0745392344,7720,7710,"{'D16als_v6_US East_2': 40, 'D16als_v6_US East_3': 40, 'D2als_v6_US East_1': 40, 'D2als_v6_US East_2': 40, 'D2als_v6_US East_3': 40, 'D32als_v6_US East_1': 40, 'D32als_v6_US East_2': 40, 'D48als_v6_US East_1': 40, 'D48als_v6_US East_3': 40, 'D4als_v6_US East_1': 40, 'D4als_v6_US East_2': 40, 'D4als_v6_US East_3': 40, 'D64als_v6_US East_3': 40, 'D8als_v6_US East_2': 40, 'D8als_v6_US East_3': 40, 'D96als_v6_US East_2': 40}"
0.38,121.66264,247458655,2033974.0745392344,7720,7710,"{'D16als_v6_US East_2': 40, 'D16als_v6_US East_3': 40, 'D2als_v6_US East_1': 40, 'D2als_v6_US East_2': 40, 'D2als_v6_US East_3': 40, 'D32als_v6_US East_1': 40, 'D32als_v6_US East_2': 40, 'D48als_v6_US East_1': 40, 'D48als_v6_US East_3': 40, 'D4als_v6_US East_1': 40, 'D4als_v6_US East_2': 40, 'D4als_v6_US East_3': 40, 'D64als_v6_US East_3': 40, 'D8als_v6_US East_2': 40, 'D8als_v6_US East_3': 40, 'D96als_v6_US East_2': 40}"
0.39,224.88724000000005,433373189,1927068.8261370456,13520,13510,"{'D16als_v6_US East_2': 40, 'D16als_v6_US East_3': 40, 'D16as_v6_US East_2': 40, 'D16as_v6_US East_3': 40, 'D2als_v6_US East_1': 40, 'D2als_v6_US East_2': 40, 'D2als_v6_US East_3': 40, 'D2as_v6_US East_1': 40, 'D2as_v6_US East_2': 40, 'D2as_v6_US East_3': 40, 'D32als_v6_US East_1': 40, 'D32als_v6_US East_2': 40, 'D32as_v6_US East_1': 40, 'D32as_v6_US East_2': 40, 'D48als_v6_US East_1': 40, 'D48als_v6_US East_3': 40, 'D4als_v6_US East_1': 40, 'D4als_v6_US East_2': 40, 'D4als_v6_US East_3': 40, 'D4as_v6_US East_1': 40, 'D4as_v6_US East_2': 40, 'D4as_v6_US East_3': 40, 'D64als_v6_US East_3': 40, 'D64as_v6_US East_3': 40, 'D8als_v6_US East_2': 40, 'D8als_v6_US East_3': 40, 'D8as_v6_US East_1': 40, 'D8as_v6_US East_2': 40, 'D96als_v6_US East_2': 40, 'D96as_v6_US East_3': 40}"
0.4,278.5030400000001,523125033,1878345.8650936089,16320,16310,"{'D16als_v6_US East_2': 40, 'D16als_v6_US East_3': 40, 'D16as_v6_US East_2': 40, 'D16as_v6_US East_3': 40, 'D2als_v6_US East_1': 40, 'D2als_v6_US East_2': 40, 'D2als_v6_US East_3': 40, 'D2as_v6_US East_1': 40, 'D2as_v6_US East_2': 40, 'D2as_v6_US East_3': 40, 'D32alds_v6_US East_1': 40, 'D32alds_v6_US East_3': 40, 'D32als_v6_US East_1': 40, 'D32als_v6_US East_2': 40, 'D32as_v6_US East_1': 40, 'D32as_v6_US East_2': 40, 'D48als_v6_US East_1': 40, 'D48als_v6_US East_3': 40, 'D4alds_v6_US East_1': 40, 'D4alds_v6_US East_2': 40, 'D4alds_v6_US East_3': 40, 'D4als_v6_US East_1': 40, 'D4als_v6_US East_2': 40, 'D4als_v6_US East_3': 40, 'D4as_v6_US East_1': 40, 'D4as_v6_US East_2': 40, 'D4as_v6_US East_3': 40, 'D64alds_v6_US East_3': 40, 'D64als_v6_US East_3': 40, 'D64as_v6_US East_3': 40, 'D8als_v6_US East_2': 40, 'D8als_v6_US East_3': 40, 'D8as_v6_US East_1': 40, 'D8as_v6_US East_2': 40, 'D96als_v6_US East_2': 40, 'D96as_v6_US East_3': 40}"
0.41000000000000003,354.3682400000001,650059784,1834418.8643993593,20280,20270,"{'D16alds_v6_US East_1': 40, 'D16alds_v6_US East_2': 40, 'D16als_v6_US East_2': 40, 'D16als_v6_US East_3': 40, 'D16as_v6_US East_2': 40, 'D16as_v6_US East_3': 40, 'D2alds_v6_US East_1': 40, 'D2alds_v6_US East_2': 40, 'D2alds_v6_US East_3': 40, 'D2als_v6_US East_1': 40, 'D2als_v6_US East_2': 40, 'D2als_v6_US East_3': 40, 'D2as_v6_US East_1': 40, 'D2as_v6_US East_2': 40, 'D2as_v6_US East_3': 40, 'D32alds_v6_US East_1': 40, 'D32alds_v6_US East_3': 40, 'D32als_v6_US East_1': 40, 'D32als_v6_US East_2': 40, 'D32as_v6_US East_1': 40, 'D32as_v6_US East_2': 40, 'D48alds_v6_US East_3': 40, 'D48als_v6_US East_1': 40, 'D48als_v6_US East_3': 40, 'D4alds_v6_US East_1': 40, 'D4alds_v6_US East_2': 40, 'D4alds_v6_US East_3': 40, 'D4als_v6_US East_1': 40, 'D4als_v6_US East_2': 40, 'D4als_v6_US East_3': 40, 'D4as_v6_US East_1': 40, 'D4as_v6_US East_2': 40, 'D4as_v6_US East_3': 40, 'D64alds_v6_US East_3': 40, 'D64als_v6_US East_3': 40, 'D64as_v6_US East_3': 40, 'D8alds_v6_US East_1': 40, 'D8alds_v6_US East_3': 40, 'D8als_v6_US East_2': 40, 'D8als_v6_US East_3': 40, 'D8as_v6_US East_1': 40, 'D8as_v6_US East_2': 40, 'D96alds_v6_US East_3': 40, 'D96als_v6_US East_2': 40, 'D96as_v6_US East_3': 40}"
0.42,381.00900000000007,691607205,1815199.1296793502,22400,22390,"{'D16alds_v6_US East_1': 40, 'D16alds_v6_US East_2': 40, 'D16als_v6_US East_2': 40, 'D16als_v6_US East_3': 40, 'D16as_v6_US East_2': 40, 'D16as_v6_US East_3': 40, 'D16pls_v5_US East_1': 40, 'D16pls_v5_US East_3': 40, 'D2alds_v6_US East_1': 40, 'D2alds_v6_US East_2': 40, 'D2alds_v6_US East_3': 40, 'D2als_v6_US East_1': 40, 'D2als_v6_US East_2': 40, 'D2als_v6_US East_3': 40, 'D2as_v6_US East_1': 40, 'D2as_v6_US East_2': 40, 'D2as_v6_US East_3': 40, 'D2pls_v5_US East_1': 40, 'D2pls_v5_US East_2': 40, 'D2pls_v5_US East_3': 40, 'D32alds_v6_US East_1': 40, 'D32alds_v6_US East_3': 40, 'D32als_v6_US East_1': 40, 'D32als_v6_US East_2': 40, 'D32as_v6_US East_1': 40, 'D32as_v6_US East_2': 40, 'D32pls_v5_US East_1': 40, 'D48alds_v6_US East_3': 40, 'D48als_v6_US East_1': 40, 'D48als_v6_US East_3': 40, 'D4alds_v6_US East_1': 40, 'D4alds_v6_US East_2': 40, 'D4alds_v6_US East_3': 40, 'D4als_v6_US East_1': 40, 'D4als_v6_US East_2': 40, 'D4als_v6_US East_3': 40, 'D4as_v6_US East_1': 40, 'D4as_v6_US East_2': 40, 'D4as_v6_US East_3': 40, 'D4pls_v5_US East_1': 40, 'D4pls_v5_US East_2': 40, 'D4pls_v5_US East_3': 40, 'D64alds_v6_US East_3': 40, 'D64als_v6_US East_3': 40, 'D64as_v6_US East_3': 40, 'D8alds_v6_US East_1': 40, 'D8alds_v6_US East_3': 40, 'D8als_v6_US East_2': 40, 'D8als_v6_US East_3': 40, 'D8as_v6_US East_1': 40, 'D8as_v6_US East_2': 40, 'D8pls_v5_US East_1': 40, 'D8pls_v5_US East_2': 40, 'D8pls_v5_US East_3': 40, 'D96alds_v6_US East_3': 40, 'D96als_v6_US East_2': 40, 'D96as_v6_US East_3': 40}"
0.43,381.00900000000007,691607205,1815199.1296793502,22400,22390,"{'D16alds_v6_US East_1': 40, 'D16alds_v6_US East_2': 40, 'D16als_v6_US East_2': 40, 'D16als_v6_US East_3': 40, 'D16as_v6_US East_2': 40, 'D16as_v6_US East_3': 40, 'D16pls_v5_US East_1': 40, 'D16pls_v5_US East_3': 40, 'D2alds_v6_US East_1': 40, 'D2alds_v6_US East_2': 40, 'D2alds_v6_US East_3': 40, 'D2als_v6_US East_1': 40, 'D2als_v6_US East_2': 40, 'D2als_v6_US East_3': 40, 'D2as_v6_US East_1': 40, 'D2as_v6_US East_2': 40, 'D2as_v6_US East_3': 40, 'D2pls_v5_US East_1': 40, 'D2pls_v5_US East_2': 40, 'D2pls_v5_US East_3': 40, 'D32alds_v6_US East_1': 40, 'D32alds_v6_US East_3': 40, 'D32als_v6_US East_1': 40, 'D32als_v6_US East_2': 40, 'D32as_v6_US East_1': 40, 'D32as_v6_US East_2': 40, 'D32pls_v5_US East_1': 40, 'D48alds_v6_US East_3': 40, 'D48als_v6_US East_1': 40, 'D48als_v6_US East_3': 40, 'D4alds_v6_US East_1': 40, 'D4alds_v6_US East_2': 40, 'D4alds_v6_US East_3': 40, 'D4als_v6_US East_1': 40, 'D4als_v6_US East_2': 40, 'D4als_v6_US East_3': 40, 'D4as_v6_US East_1': 40, 'D4as_v6_US East_2': 40, 'D4as_v6_US East_3': 40, 'D4pls_v5_US East_1': 40, 'D4pls_v5_US East_2': 40, 'D4pls_v5_US East_3': 40, 'D64alds_v6_US East_3': 40, 'D64als_v6_US East_3': 40, 'D64as_v6_US East_3': 40, 'D8alds_v6_US East_1': 40, 'D8alds_v6_US East_3': 40, 'D8als_v6_US East_2': 40, 'D8als_v6_US East_3': 40, 'D8as_v6_US East_1': 40, 'D8as_v6_US East_2': 40, 'D8pls_v5_US East_1': 40, 'D8pls_v5_US East_2': 40, 'D8pls_v5_US East_3': 40, 'D96alds_v6_US East_3': 40, 'D96als_v6_US East_2': 40, 'D96as_v6_US East_3': 40}"
0.44,381.00900000000007,691607205,1815199.1296793502,22400,22390,"{'D16alds_v6_US East_1': 40, 'D16alds_v6_US East_2': 40, 'D16als_v6_US East_2': 40, 'D16als_v6_US East_3': 40, 'D16as_v6_US East_2': 40, 'D16as_v6_US East_3': 40, 'D16pls_v5_US East_1': 40, 'D16pls_v5_US East_3': 40, 'D2alds_v6_US East_1': 40, 'D2alds_v6_US East_2': 40, 'D2alds_v6_US East_3': 40, 'D2als_v6_US East_1': 40, 'D2als_v6_US East_2': 40, 'D2als_v6_US East_3': 40, 'D2as_v6_US East_1': 40, 'D2as_v6_US East_2': 40, 'D2as_v6_US East_3': 40, 'D2pls_v5_US East_1': 40, 'D2pls_v5_US East_2': 40, 'D2pls_v5_US East_3': 40, 'D32alds_v6_US East_1': 40, 'D32alds_v6_US East_3': 40, 'D32als_v6_US East_1': 40, 'D32als_v6_US East_2': 40, 'D32as_v6_US East_1': 40, 'D32as_v6_US East_2': 40, 'D32pls_v5_US East_1': 40, 'D48alds_v6_US East_3': 40, 'D48als_v6_US East_1': 40, 'D48als_v6_US East_3': 40, 'D4alds_v6_US East_1': 40, 'D4alds_v6_US East_2': 40, 'D4alds_v6_US East_3': 40, 'D4als_v6_US East_1': 40, 'D4als_v6_US East_2': 40, 'D4als_v6_US East_3': 40, 'D4as_v6_US East_1': 40, 'D4as_v6_US East_2': 40, 'D4as_v6_US East_3': 40, 'D4pls_v5_US East_1': 40, 'D4pls_v5_US East_2': 40, 'D4pls_v5_US East_3': 40, 'D64alds_v6_US East_3': 40, 'D64als_v6_US East_3': 40, 'D64as_v6_US East_3': 40, 'D8alds_v6_US East_1': 40, 'D8alds_v6_US East_3': 40, 'D8als_v6_US East_2': 40, 'D8als_v6_US East_3': 40, 'D8as_v6_US East_1': 40, 'D8as_v6_US East_2': 40, 'D8pls_v5_US East_1': 40, 'D8pls_v5_US East_2': 40, 'D8pls_v5_US East_3': 40, 'D96alds_v6_US East_3': 40, 'D96als_v6_US East_2': 40, 'D96as_v6_US East_3': 40}"
0.45,742.4592799999997,1191825648,1605240.4226128063,39280,39270,"{'D16ads_v6_US East_2': 40, 'D16ads_v6_US East_3': 40, 'D16alds_v6_US East_1': 40, 'D16alds_v6_US East_2': 40, 'D16als_v6_US East_2': 40, 'D16als_v6_US East_3': 40, 'D16as_v6_US East_2': 40, 'D16as_v6_US East_3': 40, 'D16plds_v5_US East_2': 40, 'D16plds_v5_US East_3': 40, 'D16pls_v5_US East_1': 40, 'D16pls_v5_US East_3': 40, 'D16ps_v5_US East_2': 40, 'D2ads_v6_US East_1': 40, 'D2ads_v6_US East_2': 40, 'D2ads_v6_US East_3': 40, 'D2alds_v6_US East_1': 40, 'D2alds_v6_US East_2': 40, 'D2alds_v6_US East_3': 40, 'D2als_v6_US East_1': 40, 'D2als_v6_US East_2': 40, 'D2als_v6_US East_3': 40, 'D2as_v6_US East_1': 40, 'D2as_v6_US East_2': 40, 'D2as_v6_US East_3': 40, 'D2plds_v5_US East_1': 40, 'D2plds_v5_US East_2': 40, 'D2plds_v5_US East_3': 40, 'D2pls_v5_US East_1': 40, 'D2pls_v5_US East_2': 40, 'D2pls_v5_US East_3': 40, 'D2ps_v5_US East_1': 40, 'D2ps_v5_US East_2': 40, 'D2ps_v5_US East_3': 40, 'D32ads_v6_US East_1': 40, 'D32ads_v6_US East_2': 40, 'D32alds_v6_US East_1': 40, 'D32alds_v6_US East_3': 40, 'D32als_v6_US East_1': 40, 'D32als_v6_US East_2': 40, 'D32as_v6_US East_1': 40, 'D32as_v6_US East_2': 40, 'D32plds_v5_US East_3': 40, 'D32pls_v5_US East_1': 40, 'D48ads_v6_US East_2': 40, 'D48alds_v6_US East_3': 40, 'D48als_v6_US East_1': 40, 'D48als_v6_US East_3': 40, 'D4ads_v6_US East_1': 40, 'D4ads_v6_US East_2': 40, 'D4ads_v6_US East_3': 40, 'D4alds_v6_US East_1': 40, 'D4alds_v6_US East_2': 40, 'D4alds_v6_US East_3': 40, 'D4als_v6_US East_1': 40, 'D4als_v6_US East_2': 40, 'D4als_v6_US East_3': 40, 'D4as_v6_US East_1': 40, 'D4as_v6_US East_2': 40, 'D4as_v6_US East_3': 40, 'D4plds_v5_US East_1': 40, 'D4plds_v5_US East_2': 40, 'D4plds_v5_US East_3': 40, 'D4pls_v5_US East_1': 40, 'D4pls_v5_US East_2': 40, 'D4pls_v5_US East_3': 40, 'D4ps_v5_US East_1': 40, 'D4ps_v5_US East_2': 40, 'D4ps_v5_US East_3': 40, 'D64ads_v6_US East_3': 40, 'D64alds_v6_US East_3': 40, 'D64als_v6_US East_3': 40, 'D64as_v6_US East_3': 40, 'D8ads_v6_US East_1': 40, 'D8ads_v6_US East_3': 40, 'D8alds_v6_US East_1': 40, 'D8alds_v6_US East_3': 40, 'D8als_v6_US East_2': 40, 'D8als_v6_US East_3': 40, 'D8as_v6_US East_1': 40, 'D8as_v6_US East_2': 40, 'D8plds_v5_US East_1': 40, 'D8plds_v5_US East_2': 40, 'D8plds_v5_US East_3': 40, 'D8pls_v5_US East_1': 40, 'D8pls_v5_US East_2': 40, 'D8pls_v5_US East_3': 40, 'D8ps_v5_US East_1': 40, 'D8ps_v5_US East_2': 40, 'D8ps_v5_US East_3': 40, 'D96ads_v6_US East_3': 40, 'D96alds_v6_US East_3': 40, 'D96als_v6_US East_2': 40, 'D96as_v6_US East_3': 40, 'E16as_v6_US East_1': 40, 'E16as_v6_US East_3': 40, 'E20as_v6_US East_2': 40, 'E20as_v6_US East_3': 40, 'E2as_v6_US East_1': 40, 'E2as_v6_US East_2': 40, 'E2as_v6_US East_3': 40, 'E32as_v6_US East_3': 40, 'E48as_v6_US East_2': 40, 'E4as_v6_US East_1': 40, 'E4as_v6_US East_3': 40, 'E64as_v6_US East_3': 40, 'E8as_v6_US East_1': 40, 'E8as_v6_US East_2': 40, 'E96as_v6_US East_3': 40}"
0.46,742.4592799999997,1191825648,1605240.4226128063,39280,39270,"{'D16ads_v6_US East_2': 40, 'D16ads_v6_US East_3': 40, 'D16alds_v6_US East_1': 40, 'D16alds_v6_US East_2': 40, 'D16als_v6_US East_2': 40, 'D16als_v6_US East_3': 40, 'D16as_v6_US East_2': 40, 'D16as_v6_US East_3': 40, 'D16plds_v5_US East_2': 40, 'D16plds_v5_US East_3': 40, 'D16pls_v5_US East_1': 40, 'D16pls_v5_US East_3': 40, 'D16ps_v5_US East_2': 40, 'D2ads_v6_US East_1': 40, 'D2ads_v6_US East_2': 40, 'D2ads_v6_US East_3': 40, 'D2alds_v6_US East_1': 40, 'D2alds_v6_US East_2': 40, 'D2alds_v6_US East_3': 40, 'D2als_v6_US East_1': 40, 'D2als_v6_US East_2': 40, 'D2als_v6_US East_3': 40, 'D2as_v6_US East_1': 40, 'D2as_v6_US East_2': 40, 'D2as_v6_US East_3': 40, 'D2plds_v5_US East_1': 40, 'D2plds_v5_US East_2': 40, 'D2plds_v5_US East_3': 40, 'D2pls_v5_US East_1': 40, 'D2pls_v5_US East_2': 40, 'D2pls_v5_US East_3': 40, 'D2ps_v5_US East_1': 40, 'D2ps_v5_US East_2': 40, 'D2ps_v5_US East_3': 40, 'D32ads_v6_US East_1': 40, 'D32ads_v6_US East_2': 40, 'D32alds_v6_US East_1': 40, 'D32alds_v6_US East_3': 40, 'D32als_v6_US East_1': 40, 'D32als_v6_US East_2': 40, 'D32as_v6_US East_1': 40, 'D32as_v6_US East_2': 40, 'D32plds_v5_US East_3': 40, 'D32pls_v5_US East_1': 40, 'D48ads_v6_US East_2': 40, 'D48alds_v6_US East_3': 40, 'D48als_v6_US East_1': 40, 'D48als_v6_US East_3': 40, 'D4ads_v6_US East_1': 40, 'D4ads_v6_US East_2': 40, 'D4ads_v6_US East_3': 40, 'D4alds_v6_US East_1': 40, 'D4alds_v6_US East_2': 40, 'D4alds_v6_US East_3': 40, 'D4als_v6_US East_1': 40, 'D4als_v6_US East_2': 40, 'D4als_v6_US East_3': 40, 'D4as_v6_US East_1': 40, 'D4as_v6_US East_2': 40, 'D4as_v6_US East_3': 40, 'D4plds_v5_US East_1': 40, 'D4plds_v5_US East_2': 40, 'D4plds_v5_US East_3': 40, 'D4pls_v5_US East_1': 40, 'D4pls_v5_US East_2': 40, 'D4pls_v5_US East_3': 40, 'D4ps_v5_US East_1': 40, 'D4ps_v5_US East_2': 40, 'D4ps_v5_US East_3': 40, 'D64ads_v6_US East_3': 40, 'D64alds_v6_US East_3': 40, 'D64als_v6_US East_3': 40, 'D64as_v6_US East_3': 40, 'D8ads_v6_US East_1': 40, 'D8ads_v6_US East_3': 40, 'D8alds_v6_US East_1': 40, 'D8alds_v6_US East_3': 40, 'D8als_v6_US East_2': 40, 'D8als_v6_US East_3': 40, 'D8as_v6_US East_1': 40, 'D8as_v6_US East_2': 40, 'D8plds_v5_US East_1': 40, 'D8plds_v5_US East_2': 40, 'D8plds_v5_US East_3': 40, 'D8pls_v5_US East_1': 40, 'D8pls_v5_US East_2': 40, 'D8pls_v5_US East_3': 40, 'D8ps_v5_US East_1': 40, 'D8ps_v5_US East_2': 40, 'D8ps_v5_US East_3': 40, 'D96ads_v6_US East_3': 40, 'D96alds_v6_US East_3': 40, 'D96als_v6_US East_2': 40, 'D96as_v6_US East_3': 40, 'E16as_v6_US East_1': 40, 'E16as_v6_US East_3': 40, 'E20as_v6_US East_2': 40, 'E20as_v6_US East_3': 40, 'E2as_v6_US East_1': 40, 'E2as_v6_US East_2': 40, 'E2as_v6_US East_3': 40, 'E32as_v6_US East_3': 40, 'E48as_v6_US East_2': 40, 'E4as_v6_US East_1': 40, 'E4as_v6_US East_3': 40, 'E64as_v6_US East_3': 40, 'E8as_v6_US East_1': 40, 'E8as_v6_US East_2': 40, 'E96as_v6_US East_3': 40}"
0.47000000000000003,742.4592799999997,1191825648,1605240.4226128063,39280,39270,"{'D16ads_v6_US East_2': 40, 'D16ads_v6_US East_3': 40, 'D16alds_v6_US East_1': 40, 'D16alds_v6_US East_2': 40, 'D16als_v6_US East_2': 40, 'D16als_v6_US East_3': 40, 'D16as_v6_US East_2': 40, 'D16as_v6_US East_3': 40, 'D16plds_v5_US East_2': 40, 'D16plds_v5_US East_3': 40, 'D16pls_v5_US East_1': 40, 'D16pls_v5_US East_3': 40, 'D16ps_v5_US East_2': 40, 'D2ads_v6_US East_1': 40, 'D2ads_v6_US East_2': 40, 'D2ads_v6_US East_3': 40, 'D2alds_v6_US East_1': 40, 'D2alds_v6_US East_2': 40, 'D2alds_v6_US East_3': 40, 'D2als_v6_US East_1': 40, 'D2als_v6_US East_2': 40, 'D2als_v6_US East_3': 40, 'D2as_v6_US East_1': 40, 'D2as_v6_US East_2': 40, 'D2as_v6_US East_3': 40, 'D2plds_v5_US East_1': 40, 'D2plds_v5_US East_2': 40, 'D2plds_v5_US East_3': 40, 'D2pls_v5_US East_1': 40, 'D2pls_v5_US East_2': 40, 'D2pls_v5_US East_3': 40, 'D2ps_v5_US East_1': 40, 'D2ps_v5_US East_2': 40, 'D2ps_v5_US East_3': 40, 'D32ads_v6_US East_1': 40, 'D32ads_v6_US East_2': 40, 'D32alds_v6_US East_1': 40, 'D32alds_v6_US East_3': 40, 'D32als_v6_US East_1': 40, 'D32als_v6_US East_2': 40, 'D32as_v6_US East_1': 40, 'D32as_v6_US East_2': 40, 'D32plds_v5_US East_3': 40, 'D32pls_v5_US East_1': 40, 'D48ads_v6_US East_2': 40, 'D48alds_v6_US East_3': 40, 'D48als_v6_US East_1': 40, 'D48als_v6_US East_3': 40, 'D4ads_v6_US East_1': 40, 'D4ads_v6_US East_2': 40, 'D4ads_v6_US East_3': 40, 'D4alds_v6_US East_1': 40, 'D4alds_v6_US East_2': 40, 'D4alds_v6_US East_3': 40, 'D4als_v6_US East_1': 40, 'D4als_v6_US East_2': 40, 'D4als_v6_US East_3': 40, 'D4as_v6_US East_1': 40, 'D4as_v6_US East_2': 40, 'D4as_v6_US East_3': 40, 'D4plds_v5_US East_1': 40, 'D4plds_v5_US East_2': 40, 'D4plds_v5_US East_3': 40, 'D4pls_v5_US East_1': 40, 'D4pls_v5_US East_2': 40, 'D4pls_v5_US East_3': 40, 'D4ps_v5_US East_1': 40, 'D4ps_v5_US East_2': 40, 'D4ps_v5_US East_3': 40, 'D64ads_v6_US East_3': 40, 'D64alds_v6_US East_3': 40, 'D64als_v6_US East_3': 40, 'D64as_v6_US East_3': 40, 'D8ads_v6_US East_1': 40, 'D8ads_v6_US East_3': 40, 'D8alds_v6_US East_1': 40, 'D8alds_v6_US East_3': 40, 'D8als_v6_US East_2': 40, 'D8als_v6_US East_3': 40, 'D8as_v6_US East_1': 40, 'D8as_v6_US East_2': 40, 'D8plds_v5_US East_1': 40, 'D8plds_v5_US East_2': 40, 'D8plds_v5_US East_3': 40, 'D8pls_v5_US East_1': 40, 'D8pls_v5_US East_2': 40, 'D8pls_v5_US East_3': 40, 'D8ps_v5_US East_1': 40, 'D8ps_v5_US East_2': 40, 'D8ps_v5_US East_3': 40, 'D96ads_v6_US East_3': 40, 'D96alds_v6_US East_3': 40, 'D96als_v6_US East_2': 40, 'D96as_v6_US East_3': 40, 'E16as_v6_US East_1': 40, 'E16as_v6_US East_3': 40, 'E20as_v6_US East_2': 40, 'E20as_v6_US East_3': 40, 'E2as_v6_US East_1': 40, 'E2as_v6_US East_2': 40, 'E2as_v6_US East_3': 40, 'E32as_v6_US East_3': 40, 'E48as_v6_US East_2': 40, 'E4as_v6_US East_1': 40, 'E4as_v6_US East_3': 40, 'E64as_v6_US East_3': 40, 'E8as_v6_US East_1': 40, 'E8as_v6_US East_2': 40, 'E96as_v6_US East_3': 40}"
0.48,848.8434399999996,1323889075,1559638.696153439,43400,43390,"{'D16ads_v6_US East_2': 40, 'D16ads_v6_US East_3': 40, 'D16alds_v6_US East_1': 40, 'D16alds_v6_US East_2': 40, 'D16als_v6_US East_2': 40, 'D16als_v6_US East_3': 40, 'D16as_v6_US East_2': 40, 'D16as_v6_US East_3': 40, 'D16plds_v5_US East_2': 40, 'D16plds_v5_US East_3': 40, 'D16pls_v5_US East_1': 40, 'D16pls_v5_US East_3': 40, 'D16ps_v5_US East_2': 40, 'D2ads_v6_US East_1': 40, 'D2ads_v6_US East_2': 40, 'D2ads_v6_US East_3': 40, 'D2alds_v6_US East_1': 40, 'D2alds_v6_US East_2': 40, 'D2alds_v6_US East_3': 40, 'D2als_v6_US East_1': 40, 'D2als_v6_US East_2': 40, 'D2als_v6_US East_3': 40, 'D2as_v6_US East_1': 40, 'D2as_v6_US East_2': 40, 'D2as_v6_US East_3': 40, 'D2plds_v5_US East_1': 40, 'D2plds_v5_US East_2': 40, 'D2plds_v5_US East_3': 40, 'D2pls_v5_US East_1': 40, 'D2pls_v5_US East_2': 40, 'D2pls_v5_US East_3': 40, 'D2ps_v5_US East_1': 40, 'D2ps_v5_US East_2': 40, 'D2ps_v5_US East_3': 40, 'D32ads_v6_US East_1': 40, 'D32ads_v6_US East_2': 40, 'D32alds_v6_US East_1': 40, 'D32alds_v6_US East_3': 40, 'D32als_v6_US East_1': 40, 'D32als_v6_US East_2': 40, 'D32as_v6_US East_1': 40, 'D32as_v6_US East_2': 40, 'D32plds_v5_US East_3': 40, 'D32pls_v5_US East_1': 40, 'D48ads_v6_US East_2': 40, 'D48alds_v6_US East_3': 40, 'D48als_v6_US East_1': 40, 'D48als_v6_US East_3': 40, 'D4ads_v6_US East_1': 40, 'D4ads_v6_US East_2': 40, 'D4ads_v6_US East_3': 40, 'D4alds_v6_US East_1': 40, 'D4alds_v6_US East_2': 40, 'D4alds_v6_US East_3': 40, 'D4als_v6_US East_1': 40, 'D4als_v6_US East_2': 40, 'D4als_v6_US East_3': 40, 'D4as_v6_US East_1': 40, 'D4as_v6_US East_2': 40, 'D4as_v6_US East_3': 40, 'D4plds_v5_US East_1': 40, 'D4plds_v5_US East_2': 40, 'D4plds_v5_US East_3': 40, 'D4pls_v5_US East_1': 40, 'D4pls_v5_US East_2': 40, 'D4pls_v5_US East_3': 40, 'D4ps_v5_US East_1': 40, 'D4ps_v5_US East_2': 40, 'D4ps_v5_US East_3': 40, 'D64ads_v6_US East_3': 40, 'D64alds_v6_US East_3': 40, 'D64als_v6_US East_3': 40, 'D64as_v6_US East_3': 40, 'D8ads_v6_US East_1': 40, 'D8ads_v6_US East_3': 40, 'D8alds_v6_US East_1': 40, 'D8alds_v6_US East_3': 40, 'D8als_v6_US East_2': 40, 'D8als_v6_US East_3': 40, 'D8as_v6_US East_1': 40, 'D8as_v6_US East_2': 40, 'D8plds_v5_US East_1': 40, 'D8plds_v5_US East_2': 40, 'D8plds_v5_US East_3': 40, 'D8pls_v5_US East_1': 40, 'D8pls_v5_US East_2': 40, 'D8pls_v5_US East_3': 40, 'D8ps_v5_US East_1': 40, 'D8ps_v5_US East_2': 40, 'D8ps_v5_US East_3': 40, 'D96ads_v6_US East_3': 40, 'D96alds_v6_US East_3': 40, 'D96als_v6_US East_2': 40, 'D96as_v6_US East_3': 40, 'E16as_v6_US East_1': 40, 'E16as_v6_US East_3': 40, 'E20as_v6_US East_2': 40, 'E20as_v6_US East_3': 40, 'E2as_v6_US East_1': 40, 'E2as_v6_US East_2': 40, 'E2as_v6_US East_3': 40, 'E32as_v6_US East_3': 40, 'E48as_v6_US East_2': 40, 'E4as_v6_US East_1': 40, 'E4as_v6_US East_3': 40, 'E64as_v6_US East_3': 40, 'E8as_v6_US East_1': 40, 'E8as_v6_US East_2': 40, 'E96as_v6_US East_3': 40, 'F16als_v6_US East_1': 40, 'F16als_v6_US East_3': 40, 'F2als_v6_US East_1': 40, 'F2als_v6_US East_2': 40, 'F2als_v6_US East_3': 40, 'F32als_v6_US East_1': 40, 'F48als_v6_US East_1': 40, 'F4als_v6_US East_2': 40, 'F4als_v6_US East_3': 40, 'F64als_v6_US East_3': 40, 'F8als_v6_US East_2': 40, 'F8als_v6_US East_3': 40}"
0.49,860.2064399999997,1337215607,1554528.7096432338,44080,44070,"{'D16ads_v6_US East_2': 40, 'D16ads_v6_US East_3': 40, 'D16alds_v6_US East_1': 40, 'D16alds_v6_US East_2': 40, 'D16als_v6_US East_2': 40, 'D16als_v6_US East_3': 40, 'D16as_v6_US East_2': 40, 'D16as_v6_US East_3': 40, 'D16pds_v5_US East_2': 40, 'D16plds_v5_US East_2': 40, 'D16plds_v5_US East_3': 40, 'D16pls_v5_US East_1': 40, 'D16pls_v5_US East_3': 40, 'D16ps_v5_US East_2': 40, 'D2ads_v6_US East_1': 40, 'D2ads_v6_US East_2': 40, 'D2ads_v6_US East_3': 40, 'D2alds_v6_US East_1': 40, 'D2alds_v6_US East_2': 40, 'D2alds_v6_US East_3': 40, 'D2als_v6_US East_1': 40, 'D2als_v6_US East_2': 40, 'D2als_v6_US East_3': 40, 'D2as_v6_US East_1': 40, 'D2as_v6_US East_2': 40, 'D2as_v6_US East_3': 40, 'D2pds_v5_US East_1': 40, 'D2pds_v5_US East_2': 40, 'D2pds_v5_US East_3': 40, 'D2plds_v5_US East_1': 40, 'D2plds_v5_US East_2': 40, 'D2plds_v5_US East_3': 40, 'D2pls_v5_US East_1': 40, 'D2pls_v5_US East_2': 40, 'D2pls_v5_US East_3': 40, 'D2ps_v5_US East_1': 40, 'D2ps_v5_US East_2': 40, 'D2ps_v5_US East_3': 40, 'D32ads_v6_US East_1': 40, 'D32ads_v6_US East_2': 40, 'D32alds_v6_US East_1': 40, 'D32alds_v6_US East_3': 40, 'D32als_v6_US East_1': 40, 'D32als_v6_US East_2': 40, 'D32as_v6_US East_1': 40, 'D32as_v6_US East_2': 40, 'D32plds_v5_US East_3': 40, 'D32pls_v5_US East_1': 40, 'D48ads_v6_US East_2': 40, 'D48alds_v6_US East_3': 40, 'D48als_v6_US East_1': 40, 'D48als_v6_US East_3': 40, 'D4ads_v6_US East_1': 40, 'D4ads_v6_US East_2': 40, 'D4ads_v6_US East_3': 40, 'D4alds_v6_US East_1': 40, 'D4alds_v6_US East_2': 40, 'D4alds_v6_US East_3': 40, 'D4als_v6_US East_1': 40, 'D4als_v6_US East_2': 40, 'D4als_v6_US East_3': 40, 'D4as_v6_US East_1': 40, 'D4as_v6_US East_2': 40, 'D4as_v6_US East_3': 40, 'D4pds_v5_US East_1': 40, 'D4pds_v5_US East_2': 40, 'D4pds_v5_US East_3': 40, 'D4plds_v5_US East_1': 40, 'D4plds_v5_US East_2': 40, 'D4plds_v5_US East_3': 40, 'D4pls_v5_US East_1': 40, 'D4pls_v5_US East_2': 40, 'D4pls_v5_US East_3': 40, 'D4ps_v5_US East_1': 40, 'D4ps_v5_US East_2': 40, 'D4ps_v5_US East_3': 40, 'D64ads_v6_US East_3': 40, 'D64alds_v6_US East_3': 40, 'D64als_v6_US East_3': 40, 'D64as_v6_US East_3': 40, 'D8ads_v6_US East_1': 40, 'D8ads_v6_US East_3': 40, 'D8alds_v6_US East_1': 40, 'D8alds_v6_US East_3': 40, 'D8als_v6_US East_2': 40, 'D8als_v6_US East_3': 40, 'D8as_v6_US East_1': 40, 'D8as_v6_US East_2': 40, 'D8plds_v5_US East_1': 40, 'D8plds_v5_US East_2': 40, 'D8plds_v5_US East_3': 40, 'D8pls_v5_US East_1': 40, 'D8pls_v5_US East_2': 40, 'D8pls_v5_US East_3': 40, 'D8ps_v5_US East_1': 40, 'D8ps_v5_US East_2': 40, 'D8ps_v5_US East_3': 40, 'D96ads_v6_US East_3': 40, 'D96alds_v6_US East_3': 40, 'D96als_v6_US East_2': 40, 'D96as_v6_US East_3': 40, 'E16as_v6_US East_1': 40, 'E16as_v6_US East_3': 40, 'E20as_v6_US East_2': 40, 'E20as_v6_US East_3': 40, 'E2as_v6_US East_1': 40, 'E2as_v6_US East_2': 40, 'E2as_v6_US East_3': 40, 'E32as_v6_US East_3': 40, 'E48as_v6_US East_2': 40, 'E4as_v6_US East_1': 40, 'E4as_v6_US East_3': 40, 'E64as_v6_US East_3': 40, 'E8as_v6_US East_1': 40, 'E8as_v6_US East_2': 40, 'E96as_v6_US East_3': 40, 'F16als_v6_US East_1': 40, 'F16als_v6_US East_3': 40, 'F2als_v6_US East_1': 40, 'F2als_v6_US East_2': 40, 'F2als_v6_US East_3': 40, 'F32als_v6_US East_1': 40, 'F48als_v6_US East_1': 40, 'F4als_v6_US East_2': 40, 'F4als_v6_US East_3': 40, 'F64als_v6_US East_3': 40, 'F8als_v6_US East_2': 40, 'F8als_v6_US East_3': 40}"
0.5,1054.8657999999998,1556466540,1475511.4256239987,50920,50910,"{'D16ads_v6_US East_2': 40, 'D16ads_v6_US East_3': 40, 'D16alds_v6_US East_1': 40, 'D16alds_v6_US East_2': 40, 'D16als_v6_US East_2': 40, 'D16als_v6_US East_3': 40, 'D16as_v6_US East_2': 40, 'D16as_v6_US East_3': 40, 'D16pds_v5_US East_2': 40, 'D16plds_v5_US East_2': 40, 'D16plds_v5_US East_3': 40, 'D16pls_v5_US East_1': 40, 'D16pls_v5_US East_3': 40, 'D16ps_v5_US East_2': 40, 'D2ads_v6_US East_1': 40, 'D2ads_v6_US East_2': 40, 'D2ads_v6_US East_3': 40, 'D2alds_v6_US East_1': 40, 'D2alds_v6_US East_2': 40, 'D2alds_v6_US East_3': 40, 'D2als_v6_US East_1': 40, 'D2als_v6_US East_2': 40, 'D2als_v6_US East_3': 40, 'D2as_v6_US East_1': 40, 'D2as_v6_US East_2': 40, 'D2as_v6_US East_3': 40, 'D2pds_v5_US East_1': 40, 'D2pds_v5_US East_2': 40, 'D2pds_v5_US East_3': 40, 'D2plds_v5_US East_1': 40, 'D2plds_v5_US East_2': 40, 'D2plds_v5_US East_3': 40, 'D2pls_v5_US East_1': 40, 'D2pls_v5_US East_2': 40, 'D2pls_v5_US East_3': 40, 'D2ps_v5_US East_1': 40, 'D2ps_v5_US East_2': 40, 'D2ps_v5_US East_3': 40, 'D32ads_v6_US East_1': 40, 'D32ads_v6_US East_2': 40, 'D32alds_v6_US East_1': 40, 'D32alds_v6_US East_3': 40, 'D32als_v6_US East_1': 40, 'D32als_v6_US East_2': 40, 'D32as_v6_US East_1': 40, 'D32as_v6_US East_2': 40, 'D32plds_v5_US East_3': 40, 'D32pls_v5_US East_1': 40, 'D48ads_v6_US East_2': 40, 'D48alds_v6_US East_3': 40, 'D48als_v6_US East_1': 40, 'D48als_v6_US East_3': 40, 'D4ads_v6_US East_1': 40, 'D4ads_v6_US East_2': 40, 'D4ads_v6_US East_3': 40, 'D4alds_v6_US East_1': 40, 'D4alds_v6_US East_2': 40, 'D4alds_v6_US East_3': 40, 'D4als_v6_US East_1': 40, 'D4als_v6_US East_2': 40, 'D4als_v6_US East_3': 40, 'D4as_v6_US East_1': 40, 'D4as_v6_US East_2': 40, 'D4as_v6_US East_3': 40, 'D4pds_v5_US East_1': 40, 'D4pds_v5_US East_2': 40, 'D4pds_v5_US East_3': 40, 'D4plds_v5_US East_1': 40, 'D4plds_v5_US East_2': 40, 'D4plds_v5_US East_3': 40, 'D4pls_v5_US East_1': 40, 'D4pls_v5_US East_2': 40, 'D4pls_v5_US East_3': 40, 'D4ps_v5_US East_1': 40, 'D4ps_v5_US East_2': 40, 'D4ps_v5_US East_3': 40, 'D64ads_v6_US East_3': 40, 'D64alds_v6_US East_3': 40, 'D64als_v6_US East_3': 40, 'D64as_v6_US East_3': 40, 'D8ads_v6_US East_1': 40, 'D8ads_v6_US East_3': 40, 'D8alds_v6_US East_1': 40, 'D8alds_v6_US East_3': 40, 'D8als_v6_US East_2': 40, 'D8als_v6_US East_3': 40, 'D8as_v6_US East_1': 40, 'D8as_v6_US East_2': 40, 'D8plds_v5_US East_1': 40, 'D8plds_v5_US East_2': 40, 'D8plds_v5_US East_3': 40, 'D8pls_v5_US East_1': 40, 'D8pls_v5_US East_2': 40, 'D8pls_v5_US East_3': 40, 'D8ps_v5_US East_1': 40, 'D8ps_v5_US East_2': 40, 'D8ps_v5_US East_3': 40, 'D96ads_v6_US East_3': 40, 'D96alds_v6_US East_3': 40, 'D96als_v6_US East_2': 40, 'D96as_v6_US East_3': 40, 'E16ads_v6_US East_2': 40, 'E16ads_v6_US East_3': 40, 'E16as_v6_US East_1': 40, 'E16as_v6_US East_3': 40, 'E20ads_v6_US East_2': 40, 'E20ads_v6_US East_3': 40, 'E20as_v6_US East_2': 40, 'E20as_v6_US East_3': 40, 'E2ads_v6_US East_1': 40, 'E2ads_v6_US East_2': 40, 'E2ads_v6_US East_3': 40, 'E2as_v6_US East_1': 40, 'E2as_v6_US East_2': 40, 'E2as_v6_US East_3': 40, 'E32ads_v6_US East_2': 40, 'E32as_v6_US East_3': 40, 'E48ads_v6_US East_3': 40, 'E48as_v6_US East_2': 40, 'E4ads_v6_US East_2': 40, 'E4ads_v6_US East_3': 40, 'E4as_v6_US East_1': 40, 'E4as_v6_US East_3': 40, 'E64ads_v6_US East_1': 40, 'E64as_v6_US East_3': 40, 'E8ads_v6_US East_1': 40, 'E8ads_v6_US East_2': 40, 'E8as_v6_US East_1': 40, 'E8as_v6_US East_2': 40, 'E96ads_v6_US East_3': 40, 'E96as_v6_US East_3': 40, 'F16als_v6_US East_1': 40, 'F16als_v6_US East_3': 40, 'F2als_v6_US East_1': 40, 'F2als_v6_US East_2': 40, 'F2als_v6_US East_3': 40, 'F32als_v6_US East_1': 40, 'F48als_v6_US East_1': 40, 'F4als_v6_US East_2': 40, 'F4als_v6_US East_3': 40, 'F64als_v6_US East_3': 40, 'F8als_v6_US East_2': 40, 'F8als_v6_US East_3': 40}"
0.51,1174.9672400000002,1688529967,1437086.8484809836,55040,55030,"{'D16ads_v6_US East_2': 40, 'D16ads_v6_US East_3': 40, 'D16alds_v6_US East_1': 40, 'D16alds_v6_US East_2': 40, 'D16als_v6_US East_2': 40, 'D16als_v6_US East_3': 40, 'D16as_v6_US East_2': 40, 'D16as_v6_US East_3': 40, 'D16pds_v5_US East_2': 40, 'D16plds_v5_US East_2': 40, 'D16plds_v5_US East_3': 40, 'D16pls_v5_US East_1': 40, 'D16pls_v5_US East_3': 40, 'D16ps_v5_US East_2': 40, 'D2ads_v6_US East_1': 40, 'D2ads_v6_US East_2': 40, 'D2ads_v6_US East_3': 40, 'D2alds_v6_US East_1': 40, 'D2alds_v6_US East_2': 40, 'D2alds_v6_US East_3': 40, 'D2als_v6_US East_1': 40, 'D2als_v6_US East_2': 40, 'D2als_v6_US East_3': 40, 'D2as_v6_US East_1': 40, 'D2as_v6_US East_2': 40, 'D2as_v6_US East_3': 40, 'D2pds_v5_US East_1': 40, 'D2pds_v5_US East_2': 40, 'D2pds_v5_US East_3': 40, 'D2plds_v5_US East_1': 40, 'D2plds_v5_US East_2': 40, 'D2plds_v5_US East_3': 40, 'D2pls_v5_US East_1': 40, 'D2pls_v5_US East_2': 40, 'D2pls_v5_US East_3': 40, 'D2ps_v5_US East_1': 40, 'D2ps_v5_US East_2': 40, 'D2ps_v5_US East_3': 40, 'D32ads_v6_US East_1': 40, 'D32ads_v6_US East_2': 40, 'D32alds_v6_US East_1': 40, 'D32alds_v6_US East_3': 40, 'D32als_v6_US East_1': 40, 'D32als_v6_US East_2': 40, 'D32as_v6_US East_1': 40, 'D32as_v6_US East_2': 40, 'D32plds_v5_US East_3': 40, 'D32pls_v5_US East_1': 40, 'D48ads_v6_US East_2': 40, 'D48alds_v6_US East_3': 40, 'D48als_v6_US East_1': 40, 'D48als_v6_US East_3': 40, 'D4ads_v6_US East_1': 40, 'D4ads_v6_US East_2': 40, 'D4ads_v6_US East_3': 40, 'D4alds_v6_US East_1': 40, 'D4alds_v6_US East_2': 40, 'D4alds_v6_US East_3': 40, 'D4als_v6_US East_1': 40, 'D4als_v6_US East_2': 40, 'D4als_v6_US East_3': 40, 'D4as_v6_US East_1': 40, 'D4as_v6_US East_2': 40, 'D4as_v6_US East_3': 40, 'D4pds_v5_US East_1': 40, 'D4pds_v5_US East_2': 40, 'D4pds_v5_US East_3': 40, 'D4plds_v5_US East_1': 40, 'D4plds_v5_US East_2': 40, 'D4plds_v5_US East_3': 40, 'D4pls_v5_US East_1': 40, 'D4pls_v5_US East_2': 40, 'D4pls_v5_US East_3': 40, 'D4ps_v5_US East_1': 40, 'D4ps_v5_US East_2': 40, 'D4ps_v5_US East_3': 40, 'D64ads_v6_US East_3': 40, 'D64alds_v6_US East_3': 40, 'D64als_v6_US East_3': 40, 'D64as_v6_US East_3': 40, 'D8ads_v6_US East_1': 40, 'D8ads_v6_US East_3': 40, 'D8alds_v6_US East_1': 40, 'D8alds_v6_US East_3': 40, 'D8als_v6_US East_2': 40, 'D8als_v6_US East_3': 40, 'D8as_v6_US East_1': 40, 'D8as_v6_US East_2': 40, 'D8plds_v5_US East_1': 40, 'D8plds_v5_US East_2': 40, 'D8plds_v5_US East_3': 40, 'D8pls_v5_US East_1': 40, 'D8pls_v5_US East_2': 40, 'D8pls_v5_US East_3': 40, 'D8ps_v5_US East_1': 40, 'D8ps_v5_US East_2': 40, 'D8ps_v5_US East_3': 40, 'D96ads_v6_US East_3': 40, 'D96alds_v6_US East_3': 40, 'D96als_v6_US East_2': 40, 'D96as_v6_US East_3': 40, 'E16ads_v6_US East_2': 40, 'E16ads_v6_US East_3': 40, 'E16as_v6_US East_1': 40, 'E16as_v6_US East_3': 40, 'E20ads_v6_US East_2': 40, 'E20ads_v6_US East_3': 40, 'E20as_v6_US East_2': 40, 'E20as_v6_US East_3': 40, 'E2ads_v6_US East_1': 40, 'E2ads_v6_US East_2': 40, 'E2ads_v6_US East_3': 40, 'E2as_v6_US East_1': 40, 'E2as_v6_US East_2': 40, 'E2as_v6_US East_3': 40, 'E32ads_v6_US East_2': 40, 'E32as_v6_US East_3': 40, 'E48ads_v6_US East_3': 40, 'E48as_v6_US East_2': 40, 'E4ads_v6_US East_2': 40, 'E4ads_v6_US East_3': 40, 'E4as_v6_US East_1': 40, 'E4as_v6_US East_3': 40, 'E64ads_v6_US East_1': 40, 'E64as_v6_US East_3': 40, 'E8ads_v6_US East_1': 40, 'E8ads_v6_US East_2': 40, 'E8as_v6_US East_1': 40, 'E8as_v6_US East_2': 40, 'E96ads_v6_US East_3': 40, 'E96as_v6_US East_3': 40, 'F16als_v6_US East_1': 40, 'F16als_v6_US East_3': 40, 'F16as_v6_US East_2': 40, 'F16as_v6_US East_3': 40, 'F2als_v6_US East_1': 40, 'F2als_v6_US East_2': 40, 'F2als_v6_US East_3': 40, 'F2as_v6_US East_1': 40, 'F2as_v6_US East_2': 40, 'F2as_v6_US East_3': 40, 'F32als_v6_US East_1': 40, 'F32as_v6_US East_2': 40, 'F48als_v6_US East_1': 40, 'F48as_v6_US East_2': 40, 'F4als_v6_US East_2': 40, 'F4als_v6_US East_3': 40, 'F4as_v6_US East_1': 40, 'F4as_v6_US East_3': 40, 'F64als_v6_US East_3': 40, 'F64as_v6_US East_3': 40, 'F8als_v6_US East_2': 40, 'F8als_v6_US East_3': 40, 'F8as_v6_US East_2': 40, 'F8as_v6_US East_3': 40}"
0.52,1184.6656,1698720844,1433924.3452329498,55560,55550,"{'D16ads_v6_US East_2': 40, 'D16ads_v6_US East_3': 40, 'D16alds_v6_US East_1': 40, 'D16alds_v6_US East_2': 40, 'D16als_v6_US East_2': 40, 'D16als_v6_US East_3': 40, 'D16as_v6_US East_2': 40, 'D16as_v6_US East_3': 40, 'D16pds_v5_US East_2': 40, 'D16plds_v5_US East_2': 40, 'D16plds_v5_US East_3': 40, 'D16pls_v5_US East_1': 40, 'D16pls_v5_US East_3': 40, 'D16ps_v5_US East_2': 40, 'D2ads_v6_US East_1': 40, 'D2ads_v6_US East_2': 40, 'D2ads_v6_US East_3': 40, 'D2alds_v6_US East_1': 40, 'D2alds_v6_US East_2': 40, 'D2alds_v6_US East_3': 40, 'D2als_v6_US East_1': 40, 'D2als_v6_US East_2': 40, 'D2als_v6_US East_3': 40, 'D2as_v6_US East_1': 40, 'D2as_v6_US East_2': 40, 'D2as_v6_US East_3': 40, 'D2pds_v5_US East_1': 40, 'D2pds_v5_US East_2': 40, 'D2pds_v5_US East_3': 40, 'D2plds_v5_US East_1': 40, 'D2plds_v5_US East_2': 40, 'D2plds_v5_US East_3': 40, 'D2pls_v5_US East_1': 40, 'D2pls_v5_US East_2': 40, 'D2pls_v5_US East_3': 40, 'D2ps_v5_US East_1': 40, 'D2ps_v5_US East_2': 40, 'D2ps_v5_US East_3': 40, 'D32ads_v6_US East_1': 40, 'D32ads_v6_US East_2': 40, 'D32alds_v6_US East_1': 40, 'D32alds_v6_US East_3': 40, 'D32als_v6_US East_1': 40, 'D32als_v6_US East_2': 40, 'D32as_v6_US East_1': 40, 'D32as_v6_US East_2': 40, 'D32plds_v5_US East_3': 40, 'D32pls_v5_US East_1': 40, 'D48ads_v6_US East_2': 40, 'D48alds_v6_US East_3': 40, 'D48als_v6_US East_1': 40, 'D48als_v6_US East_3': 40, 'D4ads_v6_US East_1': 40, 'D4ads_v6_US East_2': 40, 'D4ads_v6_US East_3': 40, 'D4alds_v6_US East_1': 40, 'D4alds_v6_US East_2': 40, 'D4alds_v6_US East_3': 40, 'D4als_v6_US East_1': 40, 'D4als_v6_US East_2': 40, 'D4als_v6_US East_3': 40, 'D4as_v6_US East_1': 40, 'D4as_v6_US East_2': 40, 'D4as_v6_US East_3': 40, 'D4pds_v5_US East_1': 40, 'D4pds_v5_US East_2': 40, 'D4pds_v5_US East_3': 40, 'D4plds_v5_US East_1': 40, 'D4plds_v5_US East_2': 40, 'D4plds_v5_US East_3': 40, 'D4pls_v5_US East_1': 40, 'D4pls_v5_US East_2': 40, 'D4pls_v5_US East_3': 40, 'D4ps_v5_US East_1': 40, 'D4ps_v5_US East_2': 40, 'D4ps_v5_US East_3': 40, 'D64ads_v6_US East_3': 40, 'D64alds_v6_US East_3': 40, 'D64als_v6_US East_3': 40, 'D64as_v6_US East_3': 40, 'D8ads_v6_US East_1': 40, 'D8ads_v6_US East_3': 40, 'D8alds_v6_US East_1': 40, 'D8alds_v6_US East_3': 40, 'D8als_v6_US East_2': 40, 'D8als_v6_US East_3': 40, 'D8as_v6_US East_1': 40, 'D8as_v6_US East_2': 40, 'D8plds_v5_US East_1': 40, 'D8plds_v5_US East_2': 40, 'D8plds_v5_US East_3': 40, 'D8pls_v5_US East_1': 40, 'D8pls_v5_US East_2': 40, 'D8pls_v5_US East_3': 40, 'D8ps_v5_US East_1': 40, 'D8ps_v5_US East_2': 40, 'D8ps_v5_US East_3': 40, 'D96ads_v6_US East_3': 40, 'D96alds_v6_US East_3': 40, 'D96als_v6_US East_2': 40, 'D96as_v6_US East_3': 40, 'E16ads_v6_US East_2': 40, 'E16ads_v6_US East_3': 40, 'E16as_v6_US East_1': 40, 'E16as_v6_US East_3': 40, 'E20ads_v6_US East_2': 40, 'E20ads_v6_US East_3': 40, 'E20as_v6_US East_2': 40, 'E20as_v6_US East_3': 40, 'E2ads_v6_US East_1': 40, 'E2ads_v6_US East_2': 40, 'E2ads_v6_US East_3': 40, 'E2as_v6_US East_1': 40, 'E2as_v6_US East_2': 40, 'E2as_v6_US East_3': 40, 'E2ps_v5_US East_1': 40, 'E2ps_v5_US East_2': 40, 'E2ps_v5_US East_3': 40, 'E32ads_v6_US East_2': 40, 'E32as_v6_US East_3': 40, 'E48ads_v6_US East_3': 40, 'E48as_v6_US East_2': 40, 'E4ads_v6_US East_2': 40, 'E4ads_v6_US East_3': 40, 'E4as_v6_US East_1': 40, 'E4as_v6_US East_3': 40, 'E4ps_v5_US East_1': 40, 'E4ps_v5_US East_2': 40, 'E4ps_v5_US East_3': 40, 'E64ads_v6_US East_1': 40, 'E64as_v6_US East_3': 40, 'E8ads_v6_US East_1': 40, 'E8ads_v6_US East_2': 40, 'E8as_v6_US East_1': 40, 'E8as_v6_US East_2': 40, 'E8ps_v5_US East_3': 40, 'E96ads_v6_US East_3': 40, 'E96as_v6_US East_3': 40, 'F16als_v6_US East_1': 40, 'F16als_v6_US East_3': 40, 'F16as_v6_US East_2': 40, 'F16as_v6_US East_3': 40, 'F2als_v6_US East_1': 40, 'F2als_v6_US East_2': 40, 'F2als_v6_US East_3': 40, 'F2as_v6_US East_1': 40, 'F2as_v6_US East_2': 40, 'F2as_v6_US East_3': 40, 'F32als_v6_US East_1': 40, 'F32as_v6_US East_2': 40, 'F48als_v6_US East_1': 40, 'F48as_v6_US East_2': 40, 'F4als_v6_US East_2': 40, 'F4als_v6_US East_3': 40, 'F4as_v6_US East_1': 40, 'F4as_v6_US East_3': 40, 'F64als_v6_US East_3': 40, 'F64as_v6_US East_3': 40, 'F8als_v6_US East_2': 40, 'F8als_v6_US East_3': 40, 'F8as_v6_US East_2': 40, 'F8as_v6_US East_3': 40}"
0.53,1184.6656,1698720844,1433924.3452329498,55560,55550,"{'D16ads_v6_US East_2': 40, 'D16ads_v6_US East_3': 40, 'D16alds_v6_US East_1': 40, 'D16alds_v6_US East_2': 40, 'D16als_v6_US East_2': 40, 'D16als_v6_US East_3': 40, 'D16as_v6_US East_2': 40, 'D16as_v6_US East_3': 40, 'D16pds_v5_US East_2': 40, 'D16plds_v5_US East_2': 40, 'D16plds_v5_US East_3': 40, 'D16pls_v5_US East_1': 40, 'D16pls_v5_US East_3': 40, 'D16ps_v5_US East_2': 40, 'D2ads_v6_US East_1': 40, 'D2ads_v6_US East_2': 40, 'D2ads_v6_US East_3': 40, 'D2alds_v6_US East_1': 40, 'D2alds_v6_US East_2': 40, 'D2alds_v6_US East_3': 40, 'D2als_v6_US East_1': 40, 'D2als_v6_US East_2': 40, 'D2als_v6_US East_3': 40, 'D2as_v6_US East_1': 40, 'D2as_v6_US East_2': 40, 'D2as_v6_US East_3': 40, 'D2pds_v5_US East_1': 40, 'D2pds_v5_US East_2': 40, 'D2pds_v5_US East_3': 40, 'D2plds_v5_US East_1': 40, 'D2plds_v5_US East_2': 40, 'D2plds_v5_US East_3': 40, 'D2pls_v5_US East_1': 40, 'D2pls_v5_US East_2': 40, 'D2pls_v5_US East_3': 40, 'D2ps_v5_US East_1': 40, 'D2ps_v5_US East_2': 40, 'D2ps_v5_US East_3': 40, 'D32ads_v6_US East_1': 40, 'D32ads_v6_US East_2': 40, 'D32alds_v6_US East_1': 40, 'D32alds_v6_US East_3': 40, 'D32als_v6_US East_1': 40, 'D32als_v6_US East_2': 40, 'D32as_v6_US East_1': 40, 'D32as_v6_US East_2': 40, 'D32plds_v5_US East_3': 40, 'D32pls_v5_US East_1': 40, 'D48ads_v6_US East_2': 40, 'D48alds_v6_US East_3': 40, 'D48als_v6_US East_1': 40, 'D48als_v6_US East_3': 40, 'D4ads_v6_US East_1': 40, 'D4ads_v6_US East_2': 40, 'D4ads_v6_US East_3': 40, 'D4alds_v6_US East_1': 40, 'D4alds_v6_US East_2': 40, 'D4alds_v6_US East_3': 40, 'D4als_v6_US East_1': 40, 'D4als_v6_US East_2': 40, 'D4als_v6_US East_3': 40, 'D4as_v6_US East_1': 40, 'D4as_v6_US East_2': 40, 'D4as_v6_US East_3': 40, 'D4pds_v5_US East_1': 40, 'D4pds_v5_US East_2': 40, 'D4pds_v5_US East_3': 40, 'D4plds_v5_US East_1': 40, 'D4plds_v5_US East_2': 40, 'D4plds_v5_US East_3': 40, 'D4pls_v5_US East_1': 40, 'D4pls_v5_US East_2': 40, 'D4pls_v5_US East_3': 40, 'D4ps_v5_US East_1': 40, 'D4ps_v5_US East_2': 40, 'D4ps_v5_US East_3': 40, 'D64ads_v6_US East_3': 40, 'D64alds_v6_US East_3': 40, 'D64als_v6_US East_3': 40, 'D64as_v6_US East_3': 40, 'D8ads_v6_US East_1': 40, 'D8ads_v6_US East_3': 40, 'D8alds_v6_US East_1': 40, 'D8alds_v6_US East_3': 40, 'D8als_v6_US East_2': 40, 'D8als_v6_US East_3': 40, 'D8as_v6_US East_1': 40, 'D8as_v6_US East_2': 40, 'D8plds_v5_US East_1': 40, 'D8plds_v5_US East_2': 40, 'D8plds_v5_US East_3': 40, 'D8pls_v5_US East_1': 40, 'D8pls_v5_US East_2': 40, 'D8pls_v5_US East_3': 40, 'D8ps_v5_US East_1': 40, 'D8ps_v5_US East_2': 40, 'D8ps_v5_US East_3': 40, 'D96ads_v6_US East_3': 40, 'D96alds_v6_US East_3': 40, 'D96als_v6_US East_2': 40, 'D96as_v6_US East_3': 40, 'E16ads_v6_US East_2': 40, 'E16ads_v6_US East_3': 40, 'E16as_v6_US East_1': 40, 'E16as_v6_US East_3': 40, 'E20ads_v6_US East_2': 40, 'E20ads_v6_US East_3': 40, 'E20as_v6_US East_2': 40, 'E20as_v6_US East_3': 40, 'E2ads_v6_US East_1': 40, 'E2ads_v6_US East_2': 40, 'E2ads_v6_US East_3': 40, 'E2as_v6_US East_1': 40, 'E2as_v6_US East_2': 40, 'E2as_v6_US East_3': 40, 'E2ps_v5_US East_1': 40, 'E2ps_v5_US East_2': 40, 'E2ps_v5_US East_3': 40, 'E32ads_v6_US East_2': 40, 'E32as_v6_US East_3': 40, 'E48ads_v6_US East_3': 40, 'E48as_v6_US East_2': 40, 'E4ads_v6_US East_2': 40, 'E4ads_v6_US East_3': 40, 'E4as_v6_US East_1': 40, 'E4as_v6_US East_3': 40, 'E4ps_v5_US East_1': 40, 'E4ps_v5_US East_2': 40, 'E4ps_v5_US East_3': 40, 'E64ads_v6_US East_1': 40, 'E64as_v6_US East_3': 40, 'E8ads_v6_US East_1': 40, 'E8ads_v6_US East_2': 40, 'E8as_v6_US East_1': 40, 'E8as_v6_US East_2': 40, 'E8ps_v5_US East_3': 40, 'E96ads_v6_US East_3': 40, 'E96as_v6_US East_3': 40, 'F16als_v6_US East_1': 40, 'F16als_v6_US East_3': 40, 'F16as_v6_US East_2': 40, 'F16as_v6_US East_3': 40, 'F2als_v6_US East_1': 40, 'F2als_v6_US East_2': 40, 'F2als_v6_US East_3': 40, 'F2as_v6_US East_1': 40, 'F2as_v6_US East_2': 40, 'F2as_v6_US East_3': 40, 'F32als_v6_US East_1': 40, 'F32as_v6_US East_2': 40, 'F48als_v6_US East_1': 40, 'F48as_v6_US East_2': 40, 'F4als_v6_US East_2': 40, 'F4als_v6_US East_3': 40, 'F4as_v6_US East_1': 40, 'F4as_v6_US East_3': 40, 'F64als_v6_US East_3': 40, 'F64as_v6_US East_3': 40, 'F8als_v6_US East_2': 40, 'F8als_v6_US East_3': 40, 'F8as_v6_US East_2': 40, 'F8as_v6_US East_3': 40}"
0.54,1184.6656,1698720844,1433924.3452329498,55560,55550,"{'D16ads_v6_US East_2': 40, 'D16ads_v6_US East_3': 40, 'D16alds_v6_US East_1': 40, 'D16alds_v6_US East_2': 40, 'D16als_v6_US East_2': 40, 'D16als_v6_US East_3': 40, 'D16as_v6_US East_2': 40, 'D16as_v6_US East_3': 40, 'D16pds_v5_US East_2': 40, 'D16plds_v5_US East_2': 40, 'D16plds_v5_US East_3': 40, 'D16pls_v5_US East_1': 40, 'D16pls_v5_US East_3': 40, 'D16ps_v5_US East_2': 40, 'D2ads_v6_US East_1': 40, 'D2ads_v6_US East_2': 40, 'D2ads_v6_US East_3': 40, 'D2alds_v6_US East_1': 40, 'D2alds_v6_US East_2': 40, 'D2alds_v6_US East_3': 40, 'D2als_v6_US East_1': 40, 'D2als_v6_US East_2': 40, 'D2als_v6_US East_3': 40, 'D2as_v6_US East_1': 40, 'D2as_v6_US East_2': 40, 'D2as_v6_US East_3': 40, 'D2pds_v5_US East_1': 40, 'D2pds_v5_US East_2': 40, 'D2pds_v5_US East_3': 40, 'D2plds_v5_US East_1': 40, 'D2plds_v5_US East_2': 40, 'D2plds_v5_US East_3': 40, 'D2pls_v5_US East_1': 40, 'D2pls_v5_US East_2': 40, 'D2pls_v5_US East_3': 40, 'D2ps_v5_US East_1': 40, 'D2ps_v5_US East_2': 40, 'D2ps_v5_US East_3': 40, 'D32ads_v6_US East_1': 40, 'D32ads_v6_US East_2': 40, 'D32alds_v6_US East_1': 40, 'D32alds_v6_US East_3': 40, 'D32als_v6_US East_1': 40, 'D32als_v6_US East_2': 40, 'D32as_v6_US East_1': 40, 'D32as_v6_US East_2': 40, 'D32plds_v5_US East_3': 40, 'D32pls_v5_US East_1': 40, 'D48ads_v6_US East_2': 40, 'D48alds_v6_US East_3': 40, 'D48als_v6_US East_1': 40, 'D48als_v6_US East_3': 40, 'D4ads_v6_US East_1': 40, 'D4ads_v6_US East_2': 40, 'D4ads_v6_US East_3': 40, 'D4alds_v6_US East_1': 40, 'D4alds_v6_US East_2': 40, 'D4alds_v6_US East_3': 40, 'D4als_v6_US East_1': 40, 'D4als_v6_US East_2': 40, 'D4als_v6_US East_3': 40, 'D4as_v6_US East_1': 40, 'D4as_v6_US East_2': 40, 'D4as_v6_US East_3': 40, 'D4pds_v5_US East_1': 40, 'D4pds_v5_US East_2': 40, 'D4pds_v5_US East_3': 40, 'D4plds_v5_US East_1': 40, 'D4plds_v5_US East_2': 40, 'D4plds_v5_US East_3': 40, 'D4pls_v5_US East_1': 40, 'D4pls_v5_US East_2': 40, 'D4pls_v5_US East_3': 40, 'D4ps_v5_US East_1': 40, 'D4ps_v5_US East_2': 40, 'D4ps_v5_US East_3': 40, 'D64ads_v6_US East_3': 40, 'D64alds_v6_US East_3': 40, 'D64als_v6_US East_3': 40, 'D64as_v6_US East_3': 40, 'D8ads_v6_US East_1': 40, 'D8ads_v6_US East_3': 40, 'D8alds_v6_US East_1': 40, 'D8alds_v6_US East_3': 40, 'D8als_v6_US East_2': 40, 'D8als_v6_US East_3': 40, 'D8as_v6_US East_1': 40, 'D8as_v6_US East_2': 40, 'D8plds_v5_US East_1': 40, 'D8plds_v5_US East_2': 40, 'D8plds_v5_US East_3': 40, 'D8pls_v5_US East_1': 40, 'D8pls_v5_US East_2': 40, 'D8pls_v5_US East_3': 40, 'D8ps_v5_US East_1': 40, 'D8ps_v5_US East_2': 40, 'D8ps_v5_US East_3': 40, 'D96ads_v6_US East_3': 40, 'D96alds_v6_US East_3': 40, 'D96als_v6_US East_2': 40, 'D96as_v6_US East_3': 40, 'E16ads_v6_US East_2': 40, 'E16ads_v6_US East_3': 40, 'E16as_v6_US East_1': 40, 'E16as_v6_US East_3': 40, 'E20ads_v6_US East_2': 40, 'E20ads_v6_US East_3': 40, 'E20as_v6_US East_2': 40, 'E20as_v6_US East_3': 40, 'E2ads_v6_US East_1': 40, 'E2ads_v6_US East_2': 40, 'E2ads_v6_US East_3': 40, 'E2as_v6_US East_1': 40, 'E2as_v6_US East_2': 40, 'E2as_v6_US East_3': 40, 'E2ps_v5_US East_1': 40, 'E2ps_v5_US East_2': 40, 'E2ps_v5_US East_3': 40, 'E32ads_v6_US East_2': 40, 'E32as_v6_US East_3': 40, 'E48ads_v6_US East_3': 40, 'E48as_v6_US East_2': 40, 'E4ads_v6_US East_2': 40, 'E4ads_v6_US East_3': 40, 'E4as_v6_US East_1': 40, 'E4as_v6_US East_3': 40, 'E4ps_v5_US East_1': 40, 'E4ps_v5_US East_2': 40, 'E4ps_v5_US East_3': 40, 'E64ads_v6_US East_1': 40, 'E64as_v6_US East_3': 40, 'E8ads_v6_US East_1': 40, 'E8ads_v6_US East_2': 40, 'E8as_v6_US East_1': 40, 'E8as_v6_US East_2': 40, 'E8ps_v5_US East_3': 40, 'E96ads_v6_US East_3': 40, 'E96as_v6_US East_3': 40, 'F16als_v6_US East_1': 40, 'F16als_v6_US East_3': 40, 'F16as_v6_US East_2': 40, 'F16as_v6_US East_3': 40, 'F2als_v6_US East_1': 40, 'F2als_v6_US East_2': 40, 'F2als_v6_US East_3': 40, 'F2as_v6_US East_1': 40, 'F2as_v6_US East_2': 40, 'F2as_v6_US East_3': 40, 'F32als_v6_US East_1': 40, 'F32as_v6_US East_2': 40, 'F48als_v6_US East_1': 40, 'F48as_v6_US East_2': 40, 'F4als_v6_US East_2': 40, 'F4als_v6_US East_3': 40, 'F4as_v6_US East_1': 40, 'F4as_v6_US East_3': 40, 'F64als_v6_US East_3': 40, 'F64as_v6_US East_3': 40, 'F8als_v6_US East_2': 40, 'F8als_v6_US East_3': 40, 'F8as_v6_US East_2': 40, 'F8as_v6_US East_3': 40}"
0.55,1184.6656,1698720844,1433924.3452329498,55560,55550,"{'D16ads_v6_US East_2': 40, 'D16ads_v6_US East_3': 40, 'D16alds_v6_US East_1': 40, 'D16alds_v6_US East_2': 40, 'D16als_v6_US East_2': 40, 'D16als_v6_US East_3': 40, 'D16as_v6_US East_2': 40, 'D16as_v6_US East_3': 40, 'D16pds_v5_US East_2': 40, 'D16plds_v5_US East_2': 40, 'D16plds_v5_US East_3': 40, 'D16pls_v5_US East_1': 40, 'D16pls_v5_US East_3': 40, 'D16ps_v5_US East_2': 40, 'D2ads_v6_US East_1': 40, 'D2ads_v6_US East_2': 40, 'D2ads_v6_US East_3': 40, 'D2alds_v6_US East_1': 40, 'D2alds_v6_US East_2': 40, 'D2alds_v6_US East_3': 40, 'D2als_v6_US East_1': 40, 'D2als_v6_US East_2': 40, 'D2als_v6_US East_3': 40, 'D2as_v6_US East_1': 40, 'D2as_v6_US East_2': 40, 'D2as_v6_US East_3': 40, 'D2pds_v5_US East_1': 40, 'D2pds_v5_US East_2': 40, 'D2pds_v5_US East_3': 40, 'D2plds_v5_US East_1': 40, 'D2plds_v5_US East_2': 40, 'D2plds_v5_US East_3': 40, 'D2pls_v5_US East_1': 40, 'D2pls_v5_US East_2': 40, 'D2pls_v5_US East_3': 40, 'D2ps_v5_US East_1': 40, 'D2ps_v5_US East_2': 40, 'D2ps_v5_US East_3': 40, 'D32ads_v6_US East_1': 40, 'D32ads_v6_US East_2': 40, 'D32alds_v6_US East_1': 40, 'D32alds_v6_US East_3': 40, 'D32als_v6_US East_1': 40, 'D32als_v6_US East_2': 40, 'D32as_v6_US East_1': 40, 'D32as_v6_US East_2': 40, 'D32plds_v5_US East_3': 40, 'D32pls_v5_US East_1': 40, 'D48ads_v6_US East_2': 40, 'D48alds_v6_US East_3': 40, 'D48als_v6_US East_1': 40, 'D48als_v6_US East_3': 40, 'D4ads_v6_US East_1': 40, 'D4ads_v6_US East_2': 40, 'D4ads_v6_US East_3': 40, 'D4alds_v6_US East_1': 40, 'D4alds_v6_US East_2': 40, 'D4alds_v6_US East_3': 40, 'D4als_v6_US East_1': 40, 'D4als_v6_US East_2': 40, 'D4als_v6_US East_3': 40, 'D4as_v6_US East_1': 40, 'D4as_v6_US East_2': 40, 'D4as_v6_US East_3': 40, 'D4pds_v5_US East_1': 40, 'D4pds_v5_US East_2': 40, 'D4pds_v5_US East_3': 40, 'D4plds_v5_US East_1': 40, 'D4plds_v5_US East_2': 40, 'D4plds_v5_US East_3': 40, 'D4pls_v5_US East_1': 40, 'D4pls_v5_US East_2': 40, 'D4pls_v5_US East_3': 40, 'D4ps_v5_US East_1': 40, 'D4ps_v5_US East_2': 40, 'D4ps_v5_US East_3': 40, 'D64ads_v6_US East_3': 40, 'D64alds_v6_US East_3': 40, 'D64als_v6_US East_3': 40, 'D64as_v6_US East_3': 40, 'D8ads_v6_US East_1': 40, 'D8ads_v6_US East_3': 40, 'D8alds_v6_US East_1': 40, 'D8alds_v6_US East_3': 40, 'D8als_v6_US East_2': 40, 'D8als_v6_US East_3': 40, 'D8as_v6_US East_1': 40, 'D8as_v6_US East_2': 40, 'D8plds_v5_US East_1': 40, 'D8plds_v5_US East_2': 40, 'D8plds_v5_US East_3': 40, 'D8pls_v5_US East_1': 40, 'D8pls_v5_US East_2': 40, 'D8pls_v5_US East_3': 40, 'D8ps_v5_US East_1': 40, 'D8ps_v5_US East_2': 40, 'D8ps_v5_US East_3': 40, 'D96ads_v6_US East_3': 40, 'D96alds_v6_US East_3': 40, 'D96als_v6_US East_2': 40, 'D96as_v6_US East_3': 40, 'E16ads_v6_US East_2': 40, 'E16ads_v6_US East_3': 40, 'E16as_v6_US East_1': 40, 'E16as_v6_US East_3': 40, 'E20ads_v6_US East_2': 40, 'E20ads_v6_US East_3': 40, 'E20as_v6_US East_2': 40, 'E20as_v6_US East_3': 40, 'E2ads_v6_US East_1': 40, 'E2ads_v6_US East_2': 40, 'E2ads_v6_US East_3': 40, 'E2as_v6_US East_1': 40, 'E2as_v6_US East_2': 40, 'E2as_v6_US East_3': 40, 'E2ps_v5_US East_1': 40, 'E2ps_v5_US East_2': 40, 'E2ps_v5_US East_3': 40, 'E32ads_v6_US East_2': 40, 'E32as_v6_US East_3': 40, 'E48ads_v6_US East_3': 40, 'E48as_v6_US East_2': 40, 'E4ads_v6_US East_2': 40, 'E4ads_v6_US East_3': 40, 'E4as_v6_US East_1': 40, 'E4as_v6_US East_3': 40, 'E4ps_v5_US East_1': 40, 'E4ps_v5_US East_2': 40, 'E4ps_v5_US East_3': 40, 'E64ads_v6_US East_1': 40, 'E64as_v6_US East_3': 40, 'E8ads_v6_US East_1': 40, 'E8ads_v6_US East_2': 40, 'E8as_v6_US East_1': 40, 'E8as_v6_US East_2': 40, 'E8ps_v5_US East_3': 40, 'E96ads_v6_US East_3': 40, 'E96as_v6_US East_3': 40, 'F16als_v6_US East_1': 40, 'F16als_v6_US East_3': 40, 'F16as_v6_US East_2': 40, 'F16as_v6_US East_3': 40, 'F2als_v6_US East_1': 40, 'F2als_v6_US East_2': 40, 'F2als_v6_US East_3': 40, 'F2as_v6_US East_1': 40, 'F2as_v6_US East_2': 40, 'F2as_v6_US East_3': 40, 'F32als_v6_US East_1': 40, 'F32as_v6_US East_2': 40, 'F48als_v6_US East_1': 40, 'F48as_v6_US East_2': 40, 'F4als_v6_US East_2': 40, 'F4als_v6_US East_3': 40, 'F4as_v6_US East_1': 40, 'F4as_v6_US East_3': 40, 'F64als_v6_US East_3': 40, 'F64as_v6_US East_3': 40, 'F8als_v6_US East_2': 40, 'F8als_v6_US East_3': 40, 'F8as_v6_US East_2': 40, 'F8as_v6_US East_3': 40}"
0.56,1184.6656,1698720844,1433924.3452329498,55560,55550,"{'D16ads_v6_US East_2': 40, 'D16ads_v6_US East_3': 40, 'D16alds_v6_US East_1': 40, 'D16alds_v6_US East_2': 40, 'D16als_v6_US East_2': 40, 'D16als_v6_US East_3': 40, 'D16as_v6_US East_2': 40, 'D16as_v6_US East_3': 40, 'D16pds_v5_US East_2': 40, 'D16plds_v5_US East_2': 40, 'D16plds_v5_US East_3': 40, 'D16pls_v5_US East_1': 40, 'D16pls_v5_US East_3': 40, 'D16ps_v5_US East_2': 40, 'D2ads_v6_US East_1': 40, 'D2ads_v6_US East_2': 40, 'D2ads_v6_US East_3': 40, 'D2alds_v6_US East_1': 40, 'D2alds_v6_US East_2': 40, 'D2alds_v6_US East_3': 40, 'D2als_v6_US East_1': 40, 'D2als_v6_US East_2': 40, 'D2als_v6_US East_3': 40, 'D2as_v6_US East_1': 40, 'D2as_v6_US East_2': 40, 'D2as_v6_US East_3': 40, 'D2pds_v5_US East_1': 40, 'D2pds_v5_US East_2': 40, 'D2pds_v5_US East_3': 40, 'D2plds_v5_US East_1': 40, 'D2plds_v5_US East_2': 40, 'D2plds_v5_US East_3': 40, 'D2pls_v5_US East_1': 40, 'D2pls_v5_US East_2': 40, 'D2pls_v5_US East_3': 40, 'D2ps_v5_US East_1': 40, 'D2ps_v5_US East_2': 40, 'D2ps_v5_US East_3': 40, 'D32ads_v6_US East_1': 40, 'D32ads_v6_US East_2': 40, 'D32alds_v6_US East_1': 40, 'D32alds_v6_US East_3': 40, 'D32als_v6_US East_1': 40, 'D32als_v6_US East_2': 40, 'D32as_v6_US East_1': 40, 'D32as_v6_US East_2': 40, 'D32plds_v5_US East_3': 40, 'D32pls_v5_US East_1': 40, 'D48ads_v6_US East_2': 40, 'D48alds_v6_US East_3': 40, 'D48als_v6_US East_1': 40, 'D48als_v6_US East_3': 40, 'D4ads_v6_US East_1': 40, 'D4ads_v6_US East_2': 40, 'D4ads_v6_US East_3': 40, 'D4alds_v6_US East_1': 40, 'D4alds_v6_US East_2': 40, 'D4alds_v6_US East_3': 40, 'D4als_v6_US East_1': 40, 'D4als_v6_US East_2': 40, 'D4als_v6_US East_3': 40, 'D4as_v6_US East_1': 40, 'D4as_v6_US East_2': 40, 'D4as_v6_US East_3': 40, 'D4pds_v5_US East_1': 40, 'D4pds_v5_US East_2': 40, 'D4pds_v5_US East_3': 40, 'D4plds_v5_US East_1': 40, 'D4plds_v5_US East_2': 40, 'D4plds_v5_US East_3': 40, 'D4pls_v5_US East_1': 40, 'D4pls_v5_US East_2': 40, 'D4pls_v5_US East_3': 40, 'D4ps_v5_US East_1': 40, 'D4ps_v5_US East_2': 40, 'D4ps_v5_US East_3': 40, 'D64ads_v6_US East_3': 40, 'D64alds_v6_US East_3': 40, 'D64als_v6_US East_3': 40, 'D64as_v6_US East_3': 40, 'D8ads_v6_US East_1': 40, 'D8ads_v6_US East_3': 40, 'D8alds_v6_US East_1': 40, 'D8alds_v6_US East_3': 40, 'D8als_v6_US East_2': 40, 'D8als_v6_US East_3': 40, 'D8as_v6_US East_1': 40, 'D8as_v6_US East_2': 40, 'D8plds_v5_US East_1': 40, 'D8plds_v5_US East_2': 40, 'D8plds_v5_US East_3': 40, 'D8pls_v5_US East_1': 40, 'D8pls_v5_US East_2': 40, 'D8pls_v5_US East_3': 40, 'D8ps_v5_US East_1': 40, 'D8ps_v5_US East_2': 40, 'D8ps_v5_US East_3': 40, 'D96ads_v6_US East_3': 40, 'D96alds_v6_US East_3': 40, 'D96als_v6_US East_2': 40, 'D96as_v6_US East_3': 40, 'E16ads_v6_US East_2': 40, 'E16ads_v6_US East_3': 40, 'E16as_v6_US East_1': 40, 'E16as_v6_US East_3': 40, 'E20ads_v6_US East_2': 40, 'E20ads_v6_US East_3': 40, 'E20as_v6_US East_2': 40, 'E20as_v6_US East_3': 40, 'E2ads_v6_US East_1': 40, 'E2ads_v6_US East_2': 40, 'E2ads_v6_US East_3': 40, 'E2as_v6_US East_1': 40, 'E2as_v6_US East_2': 40, 'E2as_v6_US East_3': 40, 'E2ps_v5_US East_1': 40, 'E2ps_v5_US East_2': 40, 'E2ps_v5_US East_3': 40, 'E32ads_v6_US East_2': 40, 'E32as_v6_US East_3': 40, 'E48ads_v6_US East_3': 40, 'E48as_v6_US East_2': 40, 'E4ads_v6_US East_2': 40, 'E4ads_v6_US East_3': 40, 'E4as_v6_US East_1': 40, 'E4as_v6_US East_3': 40, 'E4ps_v5_US East_1': 40, 'E4ps_v5_US East_2': 40, 'E4ps_v5_US East_3': 40, 'E64ads_v6_US East_1': 40, 'E64as_v6_US East_3': 40, 'E8ads_v6_US East_1': 40, 'E8ads_v6_US East_2': 40, 'E8as_v6_US East_1': 40, 'E8as_v6_US East_2': 40, 'E8ps_v5_US East_3': 40, 'E96ads_v6_US East_3': 40, 'E96as_v6_US East_3': 40, 'F16als_v6_US East_1': 40, 'F16als_v6_US East_3': 40, 'F16as_v6_US East_2': 40, 'F16as_v6_US East_3': 40, 'F2als_v6_US East_1': 40, 'F2als_v6_US East_2': 40, 'F2als_v6_US East_3': 40, 'F2as_v6_US East_1': 40, 'F2as_v6_US East_2': 40, 'F2as_v6_US East_3': 40, 'F32als_v6_US East_1': 40, 'F32as_v6_US East_2': 40, 'F48als_v6_US East_1': 40, 'F48as_v6_US East_2': 40, 'F4als_v6_US East_2': 40, 'F4als_v6_US East_3': 40, 'F4as_v6_US East_1': 40, 'F4as_v6_US East_3': 40, 'F64als_v6_US East_3': 40, 'F64as_v6_US East_3': 40, 'F8als_v6_US East_2': 40, 'F8als_v6_US East_3': 40, 'F8as_v6_US East_2': 40, 'F8as_v6_US East_3': 40}"
0.5700000000000001,1200.1666000000005,1712064143,1426522.0711857826,56280,56270,"{'D16ads_v6_US East_2': 40, 'D16ads_v6_US East_3': 40, 'D16alds_v6_US East_1': 40, 'D16alds_v6_US East_2': 40, 'D16als_v6_US East_2': 40, 'D16als_v6_US East_3': 40, 'D16as_v6_US East_2': 40, 'D16as_v6_US East_3': 40, 'D16pds_v5_US East_2': 40, 'D16plds_v5_US East_2': 40, 'D16plds_v5_US East_3': 40, 'D16pls_v5_US East_1': 40, 'D16pls_v5_US East_3': 40, 'D16ps_v5_US East_2': 40, 'D2ads_v6_US East_1': 40, 'D2ads_v6_US East_2': 40, 'D2ads_v6_US East_3': 40, 'D2alds_v6_US East_1': 40, 'D2alds_v6_US East_2': 40, 'D2alds_v6_US East_3': 40, 'D2als_v6_US East_1': 40, 'D2als_v6_US East_2': 40, 'D2als_v6_US East_3': 40, 'D2as_v6_US East_1': 40, 'D2as_v6_US East_2': 40, 'D2as_v6_US East_3': 40, 'D2pds_v5_US East_1': 40, 'D2pds_v5_US East_2': 40, 'D2pds_v5_US East_3': 40, 'D2plds_v5_US East_1': 40, 'D2plds_v5_US East_2': 40, 'D2plds_v5_US East_3': 40, 'D2pls_v5_US East_1': 40, 'D2pls_v5_US East_2': 40, 'D2pls_v5_US East_3': 40, 'D2ps_v5_US East_1': 40, 'D2ps_v5_US East_2': 40, 'D2ps_v5_US East_3': 40, 'D32ads_v6_US East_1': 40, 'D32ads_v6_US East_2': 40, 'D32alds_v6_US East_1': 40, 'D32alds_v6_US East_3': 40, 'D32als_v6_US East_1': 40, 'D32als_v6_US East_2': 40, 'D32as_v6_US East_1': 40, 'D32as_v6_US East_2': 40, 'D32plds_v5_US East_3': 40, 'D32pls_v5_US East_1': 40, 'D48ads_v6_US East_2': 40, 'D48alds_v6_US East_3': 40, 'D48als_v6_US East_1': 40, 'D48als_v6_US East_3': 40, 'D4ads_v6_US East_1': 40, 'D4ads_v6_US East_2': 40, 'D4ads_v6_US East_3': 40, 'D4alds_v6_US East_1': 40, 'D4alds_v6_US East_2': 40, 'D4alds_v6_US East_3': 40, 'D4als_v6_US East_1': 40, 'D4als_v6_US East_2': 40, 'D4als_v6_US East_3': 40, 'D4as_v6_US East_1': 40, 'D4as_v6_US East_2': 40, 'D4as_v6_US East_3': 40, 'D4pds_v5_US East_1': 40, 'D4pds_v5_US East_2': 40, 'D4pds_v5_US East_3': 40, 'D4plds_v5_US East_1': 40, 'D4plds_v5_US East_2': 40, 'D4plds_v5_US East_3': 40, 'D4pls_v5_US East_1': 40, 'D4pls_v5_US East_2': 40, 'D4pls_v5_US East_3': 40, 'D4ps_v5_US East_1': 40, 'D4ps_v5_US East_2': 40, 'D4ps_v5_US East_3': 40, 'D64ads_v6_US East_3': 40, 'D64alds_v6_US East_3': 40, 'D64als_v6_US East_3': 40, 'D64as_v6_US East_3': 40, 'D8ads_v6_US East_1': 40, 'D8ads_v6_US East_3': 40, 'D8alds_v6_US East_1': 40, 'D8alds_v6_US East_3': 40, 'D8als_v6_US East_2': 40, 'D8als_v6_US East_3': 40, 'D8as_v6_US East_1': 40, 'D8as_v6_US East_2': 40, 'D8plds_v5_US East_1': 40, 'D8plds_v5_US East_2': 40, 'D8plds_v5_US East_3': 40, 'D8pls_v5_US East_1': 40, 'D8pls_v5_US East_2': 40, 'D8pls_v5_US East_3': 40, 'D8ps_v5_US East_1': 40, 'D8ps_v5_US East_2': 40, 'D8ps_v5_US East_3': 40, 'D96ads_v6_US East_3': 40, 'D96alds_v6_US East_3': 40, 'D96als_v6_US East_2': 40, 'D96as_v6_US East_3': 40, 'E16ads_v6_US East_2': 40, 'E16ads_v6_US East_3': 40, 'E16as_v6_US East_1': 40, 'E16as_v6_US East_3': 40, 'E20ads_v6_US East_2': 40, 'E20ads_v6_US East_3': 40, 'E20as_v6_US East_2': 40, 'E20as_v6_US East_3': 40, 'E2ads_v6_US East_1': 40, 'E2ads_v6_US East_2': 40, 'E2ads_v6_US East_3': 40, 'E2as_v6_US East_1': 40, 'E2as_v6_US East_2': 40, 'E2as_v6_US East_3': 40, 'E2ps_v5_US East_1': 40, 'E2ps_v5_US East_2': 40, 'E2ps_v5_US East_3': 40, 'E32ads_v6_US East_2': 40, 'E32as_v6_US East_3': 40, 'E48ads_v6_US East_3': 40, 'E48as_v6_US East_2': 40, 'E4ads_v6_US East_2': 40, 'E4ads_v6_US East_3': 40, 'E4as_v6_US East_1': 40, 'E4as_v6_US East_3': 40, 'E4ps_v5_US East_1': 40, 'E4ps_v5_US East_2': 40, 'E4ps_v5_US East_3': 40, 'E64ads_v6_US East_1': 40, 'E64as_v6_US East_3': 40, 'E8ads_v6_US East_1': 40, 'E8ads_v6_US East_2': 40, 'E8as_v6_US East_1': 40, 'E8as_v6_US East_2': 40, 'E8ps_v5_US East_3': 40, 'E96ads_v6_US East_3': 40, 'E96as_v6_US East_3': 40, 'F16als_v6_US East_1': 40, 'F16als_v6_US East_3': 40, 'F16as_v6_US East_2': 40, 'F16as_v6_US East_3': 40, 'F2als_v6_US East_1': 40, 'F2als_v6_US East_2': 40, 'F2als_v6_US East_3': 40, 'F2as_v6_US East_1': 40, 'F2as_v6_US East_2': 40, 'F2as_v6_US East_3': 40, 'F32als_v6_US East_1': 40, 'F32as_v6_US East_2': 40, 'F48als_v6_US East_1': 40, 'F48as_v6_US East_2': 40, 'F4als_v6_US East_2': 40, 'F4als_v6_US East_3': 40, 'F4as_v6_US East_1': 40, 'F4as_v6_US East_3': 40, 'F64als_v6_US East_3': 40, 'F64as_v6_US East_3': 40, 'F8als_v6_US East_2': 40, 'F8als_v6_US East_3': 40, 'F8as_v6_US East_2': 40, 'F8as_v6_US East_3': 40, 'NV4as_v4_US East_1': 40, 'NV4as_v4_US East_2': 40, 'NV4as_v4_US East_3': 40, 'NV8as_v4_US East_1': 40, 'NV8as_v4_US East_2': 40, 'NV8as_v4_US East_3': 40}"
0.58,1357.54484,1844127571,1358428.4785760737,60400,60390,"{'D16ads_v6_US East_2': 40, 'D16ads_v6_US East_3': 40, 'D16alds_v6_US East_1': 40, 'D16alds_v6_US East_2': 40, 'D16als_v6_US East_2': 40, 'D16als_v6_US East_3': 40, 'D16as_v6_US East_2': 40, 'D16as_v6_US East_3': 40, 'D16pds_v5_US East_2': 40, 'D16plds_v5_US East_2': 40, 'D16plds_v5_US East_3': 40, 'D16pls_v5_US East_1': 40, 'D16pls_v5_US East_3': 40, 'D16ps_v5_US East_2': 40, 'D2ads_v6_US East_1': 40, 'D2ads_v6_US East_2': 40, 'D2ads_v6_US East_3': 40, 'D2alds_v6_US East_1': 40, 'D2alds_v6_US East_2': 40, 'D2alds_v6_US East_3': 40, 'D2als_v6_US East_1': 40, 'D2als_v6_US East_2': 40, 'D2als_v6_US East_3': 40, 'D2as_v6_US East_1': 40, 'D2as_v6_US East_2': 40, 'D2as_v6_US East_3': 40, 'D2pds_v5_US East_1': 40, 'D2pds_v5_US East_2': 40, 'D2pds_v5_US East_3': 40, 'D2plds_v5_US East_1': 40, 'D2plds_v5_US East_2': 40, 'D2plds_v5_US East_3': 40, 'D2pls_v5_US East_1': 40, 'D2pls_v5_US East_2': 40, 'D2pls_v5_US East_3': 40, 'D2ps_v5_US East_1': 40, 'D2ps_v5_US East_2': 40, 'D2ps_v5_US East_3': 40, 'D32ads_v6_US East_1': 40, 'D32ads_v6_US East_2': 40, 'D32alds_v6_US East_1': 40, 'D32alds_v6_US East_3': 40, 'D32als_v6_US East_1': 40, 'D32als_v6_US East_2': 40, 'D32as_v6_US East_1': 40, 'D32as_v6_US East_2': 40, 'D32plds_v5_US East_3': 40, 'D32pls_v5_US East_1': 40, 'D48ads_v6_US East_2': 40, 'D48alds_v6_US East_3': 40, 'D48als_v6_US East_1': 40, 'D48als_v6_US East_3': 40, 'D4ads_v6_US East_1': 40, 'D4ads_v6_US East_2': 40, 'D4ads_v6_US East_3': 40, 'D4alds_v6_US East_1': 40, 'D4alds_v6_US East_2': 40, 'D4alds_v6_US East_3': 40, 'D4als_v6_US East_1': 40, 'D4als_v6_US East_2': 40, 'D4als_v6_US East_3': 40, 'D4as_v6_US East_1': 40, 'D4as_v6_US East_2': 40, 'D4as_v6_US East_3': 40, 'D4pds_v5_US East_1': 40, 'D4pds_v5_US East_2': 40, 'D4pds_v5_US East_3': 40, 'D4plds_v5_US East_1': 40, 'D4plds_v5_US East_2': 40, 'D4plds_v5_US East_3': 40, 'D4pls_v5_US East_1': 40, 'D4pls_v5_US East_2': 40, 'D4pls_v5_US East_3': 40, 'D4ps_v5_US East_1': 40, 'D4ps_v5_US East_2': 40, 'D4ps_v5_US East_3': 40, 'D64ads_v6_US East_3': 40, 'D64alds_v6_US East_3': 40, 'D64als_v6_US East_3': 40, 'D64as_v6_US East_3': 40, 'D8ads_v6_US East_1': 40, 'D8ads_v6_US East_3': 40, 'D8alds_v6_US East_1': 40, 'D8alds_v6_US East_3': 40, 'D8als_v6_US East_2': 40, 'D8als_v6_US East_3': 40, 'D8as_v6_US East_1': 40, 'D8as_v6_US East_2': 40, 'D8plds_v5_US East_1': 40, 'D8plds_v5_US East_2': 40, 'D8plds_v5_US East_3': 40, 'D8pls_v5_US East_1': 40, 'D8pls_v5_US East_2': 40, 'D8pls_v5_US East_3': 40, 'D8ps_v5_US East_1': 40, 'D8ps_v5_US East_2': 40, 'D8ps_v5_US East_3': 40, 'D96ads_v6_US East_3': 40, 'D96alds_v6_US East_3': 40, 'D96als_v6_US East_2': 40, 'D96as_v6_US East_3': 40, 'E16ads_v6_US East_2': 40, 'E16ads_v6_US East_3': 40, 'E16as_v6_US East_1': 40, 'E16as_v6_US East_3': 40, 'E20ads_v6_US East_2': 40, 'E20ads_v6_US East_3': 40, 'E20as_v6_US East_2': 40, 'E20as_v6_US East_3': 40, 'E2ads_v6_US East_1': 40, 'E2ads_v6_US East_2': 40, 'E2ads_v6_US East_3': 40, 'E2as_v6_US East_1': 40, 'E2as_v6_US East_2': 40, 'E2as_v6_US East_3': 40, 'E2ps_v5_US East_1': 40, 'E2ps_v5_US East_2': 40, 'E2ps_v5_US East_3': 40, 'E32ads_v6_US East_2': 40, 'E32as_v6_US East_3': 40, 'E48ads_v6_US East_3': 40, 'E48as_v6_US East_2': 40, 'E4ads_v6_US East_2': 40, 'E4ads_v6_US East_3': 40, 'E4as_v6_US East_1': 40, 'E4as_v6_US East_3': 40, 'E4ps_v5_US East_1': 40, 'E4ps_v5_US East_2': 40, 'E4ps_v5_US East_3': 40, 'E64ads_v6_US East_1': 40, 'E64as_v6_US East_3': 40, 'E8ads_v6_US East_1': 40, 'E8ads_v6_US East_2': 40, 'E8as_v6_US East_1': 40, 'E8as_v6_US East_2': 40, 'E8ps_v5_US East_3': 40, 'E96ads_v6_US East_3': 40, 'E96as_v6_US East_3': 40, 'F16als_v6_US East_1': 40, 'F16als_v6_US East_3': 40, 'F16ams_v6_US East_2': 40, 'F16ams_v6_US East_3': 40, 'F16as_v6_US East_2': 40, 'F16as_v6_US East_3': 40, 'F2als_v6_US East_1': 40, 'F2als_v6_US East_2': 40, 'F2als_v6_US East_3': 40, 'F2ams_v6_US East_1': 40, 'F2ams_v6_US East_2': 40, 'F2ams_v6_US East_3': 40, 'F2as_v6_US East_1': 40, 'F2as_v6_US East_2': 40, 'F2as_v6_US East_3': 40, 'F32als_v6_US East_1': 40, 'F32ams_v6_US East_2': 40, 'F32as_v6_US East_2': 40, 'F48als_v6_US East_1': 40, 'F48ams_v6_US East_2': 40, 'F48as_v6_US East_2': 40, 'F4als_v6_US East_2': 40, 'F4als_v6_US East_3': 40, 'F4ams_v6_US East_2': 40, 'F4ams_v6_US East_3': 40, 'F4as_v6_US East_1': 40, 'F4as_v6_US East_3': 40, 'F64als_v6_US East_3': 40, 'F64ams_v6_US East_1': 40, 'F64as_v6_US East_3': 40, 'F8als_v6_US East_2': 40, 'F8als_v6_US East_3': 40, 'F8ams_v6_US East_2': 40, 'F8ams_v6_US East_3': 40, 'F8as_v6_US East_2': 40, 'F8as_v6_US East_3': 40, 'NV4as_v4_US East_1': 40, 'NV4as_v4_US East_2': 40, 'NV4as_v4_US East_3': 40, 'NV8as_v4_US East_1': 40, 'NV8as_v4_US East_2': 40, 'NV8as_v4_US East_3': 40}"
0.59,1357.54484,1844127571,1358428.4785760737,60400,60390,"{'D16ads_v6_US East_2': 40, 'D16ads_v6_US East_3': 40, 'D16alds_v6_US East_1': 40, 'D16alds_v6_US East_2': 40, 'D16als_v6_US East_2': 40, 'D16als_v6_US East_3': 40, 'D16as_v6_US East_2': 40, 'D16as_v6_US East_3': 40, 'D16pds_v5_US East_2': 40, 'D16plds_v5_US East_2': 40, 'D16plds_v5_US East_3': 40, 'D16pls_v5_US East_1': 40, 'D16pls_v5_US East_3': 40, 'D16ps_v5_US East_2': 40, 'D2ads_v6_US East_1': 40, 'D2ads_v6_US East_2': 40, 'D2ads_v6_US East_3': 40, 'D2alds_v6_US East_1': 40, 'D2alds_v6_US East_2': 40, 'D2alds_v6_US East_3': 40, 'D2als_v6_US East_1': 40, 'D2als_v6_US East_2': 40, 'D2als_v6_US East_3': 40, 'D2as_v6_US East_1': 40, 'D2as_v6_US East_2': 40, 'D2as_v6_US East_3': 40, 'D2pds_v5_US East_1': 40, 'D2pds_v5_US East_2': 40, 'D2pds_v5_US East_3': 40, 'D2plds_v5_US East_1': 40, 'D2plds_v5_US East_2': 40, 'D2plds_v5_US East_3': 40, 'D2pls_v5_US East_1': 40, 'D2pls_v5_US East_2': 40, 'D2pls_v5_US East_3': 40, 'D2ps_v5_US East_1': 40, 'D2ps_v5_US East_2': 40, 'D2ps_v5_US East_3': 40, 'D32ads_v6_US East_1': 40, 'D32ads_v6_US East_2': 40, 'D32alds_v6_US East_1': 40, 'D32alds_v6_US East_3': 40, 'D32als_v6_US East_1': 40, 'D32als_v6_US East_2': 40, 'D32as_v6_US East_1': 40, 'D32as_v6_US East_2': 40, 'D32plds_v5_US East_3': 40, 'D32pls_v5_US East_1': 40, 'D48ads_v6_US East_2': 40, 'D48alds_v6_US East_3': 40, 'D48als_v6_US East_1': 40, 'D48als_v6_US East_3': 40, 'D4ads_v6_US East_1': 40, 'D4ads_v6_US East_2': 40, 'D4ads_v6_US East_3': 40, 'D4alds_v6_US East_1': 40, 'D4alds_v6_US East_2': 40, 'D4alds_v6_US East_3': 40, 'D4als_v6_US East_1': 40, 'D4als_v6_US East_2': 40, 'D4als_v6_US East_3': 40, 'D4as_v6_US East_1': 40, 'D4as_v6_US East_2': 40, 'D4as_v6_US East_3': 40, 'D4pds_v5_US East_1': 40, 'D4pds_v5_US East_2': 40, 'D4pds_v5_US East_3': 40, 'D4plds_v5_US East_1': 40, 'D4plds_v5_US East_2': 40, 'D4plds_v5_US East_3': 40, 'D4pls_v5_US East_1': 40, 'D4pls_v5_US East_2': 40, 'D4pls_v5_US East_3': 40, 'D4ps_v5_US East_1': 40, 'D4ps_v5_US East_2': 40, 'D4ps_v5_US East_3': 40, 'D64ads_v6_US East_3': 40, 'D64alds_v6_US East_3': 40, 'D64als_v6_US East_3': 40, 'D64as_v6_US East_3': 40, 'D8ads_v6_US East_1': 40, 'D8ads_v6_US East_3': 40, 'D8alds_v6_US East_1': 40, 'D8alds_v6_US East_3': 40, 'D8als_v6_US East_2': 40, 'D8als_v6_US East_3': 40, 'D8as_v6_US East_1': 40, 'D8as_v6_US East_2': 40, 'D8plds_v5_US East_1': 40, 'D8plds_v5_US East_2': 40, 'D8plds_v5_US East_3': 40, 'D8pls_v5_US East_1': 40, 'D8pls_v5_US East_2': 40, 'D8pls_v5_US East_3': 40, 'D8ps_v5_US East_1': 40, 'D8ps_v5_US East_2': 40, 'D8ps_v5_US East_3': 40, 'D96ads_v6_US East_3': 40, 'D96alds_v6_US East_3': 40, 'D96als_v6_US East_2': 40, 'D96as_v6_US East_3': 40, 'E16ads_v6_US East_2': 40, 'E16ads_v6_US East_3': 40, 'E16as_v6_US East_1': 40, 'E16as_v6_US East_3': 40, 'E20ads_v6_US East_2': 40, 'E20ads_v6_US East_3': 40, 'E20as_v6_US East_2': 40, 'E20as_v6_US East_3': 40, 'E2ads_v6_US East_1': 40, 'E2ads_v6_US East_2': 40, 'E2ads_v6_US East_3': 40, 'E2as_v6_US East_1': 40, 'E2as_v6_US East_2': 40, 'E2as_v6_US East_3': 40, 'E2ps_v5_US East_1': 40, 'E2ps_v5_US East_2': 40, 'E2ps_v5_US East_3': 40, 'E32ads_v6_US East_2': 40, 'E32as_v6_US East_3': 40, 'E48ads_v6_US East_3': 40, 'E48as_v6_US East_2': 40, 'E4ads_v6_US East_2': 40, 'E4ads_v6_US East_3': 40, 'E4as_v6_US East_1': 40, 'E4as_v6_US East_3': 40, 'E4ps_v5_US East_1': 40, 'E4ps_v5_US East_2': 40, 'E4ps_v5_US East_3': 40, 'E64ads_v6_US East_1': 40, 'E64as_v6_US East_3': 40, 'E8ads_v6_US East_1': 40, 'E8ads_v6_US East_2': 40, 'E8as_v6_US East_1': 40, 'E8as_v6_US East_2': 40, 'E8ps_v5_US East_3': 40, 'E96ads_v6_US East_3': 40, 'E96as_v6_US East_3': 40, 'F16als_v6_US East_1': 40, 'F16als_v6_US East_3': 40, 'F16ams_v6_US East_2': 40, 'F16ams_v6_US East_3': 40, 'F16as_v6_US East_2': 40, 'F16as_v6_US East_3': 40, 'F2als_v6_US East_1': 40, 'F2als_v6_US East_2': 40, 'F2als_v6_US East_3': 40, 'F2ams_v6_US East_1': 40, 'F2ams_v6_US East_2': 40, 'F2ams_v6_US East_3': 40, 'F2as_v6_US East_1': 40, 'F2as_v6_US East_2': 40, 'F2as_v6_US East_3': 40, 'F32als_v6_US East_1': 40, 'F32ams_v6_US East_2': 40, 'F32as_v6_US East_2': 40, 'F48als_v6_US East_1': 40, 'F48ams_v6_US East_2': 40, 'F48as_v6_US East_2': 40, 'F4als_v6_US East_2': 40, 'F4als_v6_US East_3': 40, 'F4ams_v6_US East_2': 40, 'F4ams_v6_US East_3': 40, 'F4as_v6_US East_1': 40, 'F4as_v6_US East_3': 40, 'F64als_v6_US East_3': 40, 'F64ams_v6_US East_1': 40, 'F64as_v6_US East_3': 40, 'F8als_v6_US East_2': 40, 'F8als_v6_US East_3': 40, 'F8ams_v6_US East_2': 40, 'F8ams_v6_US East_3': 40, 'F8as_v6_US East_2': 40, 'F8as_v6_US East_3': 40, 'NV4as_v4_US East_1': 40, 'NV4as_v4_US East_2': 40, 'NV4as_v4_US East_3': 40, 'NV8as_v4_US East_1': 40, 'NV8as_v4_US East_2': 40, 'NV8as_v4_US East_3': 40}"
0.6,1357.54484,1844127571,1358428.4785760737,60400,60390,"{'D16ads_v6_US East_2': 40, 'D16ads_v6_US East_3': 40, 'D16alds_v6_US East_1': 40, 'D16alds_v6_US East_2': 40, 'D16als_v6_US East_2': 40, 'D16als_v6_US East_3': 40, 'D16as_v6_US East_2': 40, 'D16as_v6_US East_3': 40, 'D16pds_v5_US East_2': 40, 'D16plds_v5_US East_2': 40, 'D16plds_v5_US East_3': 40, 'D16pls_v5_US East_1': 40, 'D16pls_v5_US East_3': 40, 'D16ps_v5_US East_2': 40, 'D2ads_v6_US East_1': 40, 'D2ads_v6_US East_2': 40, 'D2ads_v6_US East_3': 40, 'D2alds_v6_US East_1': 40, 'D2alds_v6_US East_2': 40, 'D2alds_v6_US East_3': 40, 'D2als_v6_US East_1': 40, 'D2als_v6_US East_2': 40, 'D2als_v6_US East_3': 40, 'D2as_v6_US East_1': 40, 'D2as_v6_US East_2': 40, 'D2as_v6_US East_3': 40, 'D2pds_v5_US East_1': 40, 'D2pds_v5_US East_2': 40, 'D2pds_v5_US East_3': 40, 'D2plds_v5_US East_1': 40, 'D2plds_v5_US East_2': 40, 'D2plds_v5_US East_3': 40, 'D2pls_v5_US East_1': 40, 'D2pls_v5_US East_2': 40, 'D2pls_v5_US East_3': 40, 'D2ps_v5_US East_1': 40, 'D2ps_v5_US East_2': 40, 'D2ps_v5_US East_3': 40, 'D32ads_v6_US East_1': 40, 'D32ads_v6_US East_2': 40, 'D32alds_v6_US East_1': 40, 'D32alds_v6_US East_3': 40, 'D32als_v6_US East_1': 40, 'D32als_v6_US East_2': 40, 'D32as_v6_US East_1': 40, 'D32as_v6_US East_2': 40, 'D32plds_v5_US East_3': 40, 'D32pls_v5_US East_1': 40, 'D48ads_v6_US East_2': 40, 'D48alds_v6_US East_3': 40, 'D48als_v6_US East_1': 40, 'D48als_v6_US East_3': 40, 'D4ads_v6_US East_1': 40, 'D4ads_v6_US East_2': 40, 'D4ads_v6_US East_3': 40, 'D4alds_v6_US East_1': 40, 'D4alds_v6_US East_2': 40, 'D4alds_v6_US East_3': 40, 'D4als_v6_US East_1': 40, 'D4als_v6_US East_2': 40, 'D4als_v6_US East_3': 40, 'D4as_v6_US East_1': 40, 'D4as_v6_US East_2': 40, 'D4as_v6_US East_3': 40, 'D4pds_v5_US East_1': 40, 'D4pds_v5_US East_2': 40, 'D4pds_v5_US East_3': 40, 'D4plds_v5_US East_1': 40, 'D4plds_v5_US East_2': 40, 'D4plds_v5_US East_3': 40, 'D4pls_v5_US East_1': 40, 'D4pls_v5_US East_2': 40, 'D4pls_v5_US East_3': 40, 'D4ps_v5_US East_1': 40, 'D4ps_v5_US East_2': 40, 'D4ps_v5_US East_3': 40, 'D64ads_v6_US East_3': 40, 'D64alds_v6_US East_3': 40, 'D64als_v6_US East_3': 40, 'D64as_v6_US East_3': 40, 'D8ads_v6_US East_1': 40, 'D8ads_v6_US East_3': 40, 'D8alds_v6_US East_1': 40, 'D8alds_v6_US East_3': 40, 'D8als_v6_US East_2': 40, 'D8als_v6_US East_3': 40, 'D8as_v6_US East_1': 40, 'D8as_v6_US East_2': 40, 'D8plds_v5_US East_1': 40, 'D8plds_v5_US East_2': 40, 'D8plds_v5_US East_3': 40, 'D8pls_v5_US East_1': 40, 'D8pls_v5_US East_2': 40, 'D8pls_v5_US East_3': 40, 'D8ps_v5_US East_1': 40, 'D8ps_v5_US East_2': 40, 'D8ps_v5_US East_3': 40, 'D96ads_v6_US East_3': 40, 'D96alds_v6_US East_3': 40, 'D96als_v6_US East_2': 40, 'D96as_v6_US East_3': 40, 'E16ads_v6_US East_2': 40, 'E16ads_v6_US East_3': 40, 'E16as_v6_US East_1': 40, 'E16as_v6_US East_3': 40, 'E20ads_v6_US East_2': 40, 'E20ads_v6_US East_3': 40, 'E20as_v6_US East_2': 40, 'E20as_v6_US East_3': 40, 'E2ads_v6_US East_1': 40, 'E2ads_v6_US East_2': 40, 'E2ads_v6_US East_3': 40, 'E2as_v6_US East_1': 40, 'E2as_v6_US East_2': 40, 'E2as_v6_US East_3': 40, 'E2ps_v5_US East_1': 40, 'E2ps_v5_US East_2': 40, 'E2ps_v5_US East_3': 40, 'E32ads_v6_US East_2': 40, 'E32as_v6_US East_3': 40, 'E48ads_v6_US East_3': 40, 'E48as_v6_US East_2': 40, 'E4ads_v6_US East_2': 40, 'E4ads_v6_US East_3': 40, 'E4as_v6_US East_1': 40, 'E4as_v6_US East_3': 40, 'E4ps_v5_US East_1': 40, 'E4ps_v5_US East_2': 40, 'E4ps_v5_US East_3': 40, 'E64ads_v6_US East_1': 40, 'E64as_v6_US East_3': 40, 'E8ads_v6_US East_1': 40, 'E8ads_v6_US East_2': 40, 'E8as_v6_US East_1': 40, 'E8as_v6_US East_2': 40, 'E8ps_v5_US East_3': 40, 'E96ads_v6_US East_3': 40, 'E96as_v6_US East_3': 40, 'F16als_v6_US East_1': 40, 'F16als_v6_US East_3': 40, 'F16ams_v6_US East_2': 40, 'F16ams_v6_US East_3': 40, 'F16as_v6_US East_2': 40, 'F16as_v6_US East_3': 40, 'F2als_v6_US East_1': 40, 'F2als_v6_US East_2': 40, 'F2als_v6_US East_3': 40, 'F2ams_v6_US East_1': 40, 'F2ams_v6_US East_2': 40, 'F2ams_v6_US East_3': 40, 'F2as_v6_US East_1': 40, 'F2as_v6_US East_2': 40, 'F2as_v6_US East_3': 40, 'F32als_v6_US East_1': 40, 'F32ams_v6_US East_2': 40, 'F32as_v6_US East_2': 40, 'F48als_v6_US East_1': 40, 'F48ams_v6_US East_2': 40, 'F48as_v6_US East_2': 40, 'F4als_v6_US East_2': 40, 'F4als_v6_US East_3': 40, 'F4ams_v6_US East_2': 40, 'F4ams_v6_US East_3': 40, 'F4as_v6_US East_1': 40, 'F4as_v6_US East_3': 40, 'F64als_v6_US East_3': 40, 'F64ams_v6_US East_1': 40, 'F64as_v6_US East_3': 40, 'F8als_v6_US East_2': 40, 'F8als_v6_US East_3': 40, 'F8ams_v6_US East_2': 40, 'F8ams_v6_US East_3': 40, 'F8as_v6_US East_2': 40, 'F8as_v6_US East_3': 40, 'NV4as_v4_US East_1': 40, 'NV4as_v4_US East_2': 40, 'NV4as_v4_US East_3': 40, 'NV8as_v4_US East_1': 40, 'NV8as_v4_US East_2': 40, 'NV8as_v4_US East_3': 40}"
0.61,1357.54484,1844127571,1358428.4785760737,60400,60390,"{'D16ads_v6_US East_2': 40, 'D16ads_v6_US East_3': 40, 'D16alds_v6_US East_1': 40, 'D16alds_v6_US East_2': 40, 'D16als_v6_US East_2': 40, 'D16als_v6_US East_3': 40, 'D16as_v6_US East_2': 40, 'D16as_v6_US East_3': 40, 'D16pds_v5_US East_2': 40, 'D16plds_v5_US East_2': 40, 'D16plds_v5_US East_3': 40, 'D16pls_v5_US East_1': 40, 'D16pls_v5_US East_3': 40, 'D16ps_v5_US East_2': 40, 'D2ads_v6_US East_1': 40, 'D2ads_v6_US East_2': 40, 'D2ads_v6_US East_3': 40, 'D2alds_v6_US East_1': 40, 'D2alds_v6_US East_2': 40, 'D2alds_v6_US East_3': 40, 'D2als_v6_US East_1': 40, 'D2als_v6_US East_2': 40, 'D2als_v6_US East_3': 40, 'D2as_v6_US East_1': 40, 'D2as_v6_US East_2': 40, 'D2as_v6_US East_3': 40, 'D2pds_v5_US East_1': 40, 'D2pds_v5_US East_2': 40, 'D2pds_v5_US East_3': 40, 'D2plds_v5_US East_1': 40, 'D2plds_v5_US East_2': 40, 'D2plds_v5_US East_3': 40, 'D2pls_v5_US East_1': 40, 'D2pls_v5_US East_2': 40, 'D2pls_v5_US East_3': 40, 'D2ps_v5_US East_1': 40, 'D2ps_v5_US East_2': 40, 'D2ps_v5_US East_3': 40, 'D32ads_v6_US East_1': 40, 'D32ads_v6_US East_2': 40, 'D32alds_v6_US East_1': 40, 'D32alds_v6_US East_3': 40, 'D32als_v6_US East_1': 40, 'D32als_v6_US East_2': 40, 'D32as_v6_US East_1': 40, 'D32as_v6_US East_2': 40, 'D32plds_v5_US East_3': 40, 'D32pls_v5_US East_1': 40, 'D48ads_v6_US East_2': 40, 'D48alds_v6_US East_3': 40, 'D48als_v6_US East_1': 40, 'D48als_v6_US East_3': 40, 'D4ads_v6_US East_1': 40, 'D4ads_v6_US East_2': 40, 'D4ads_v6_US East_3': 40, 'D4alds_v6_US East_1': 40, 'D4alds_v6_US East_2': 40, 'D4alds_v6_US East_3': 40, 'D4als_v6_US East_1': 40, 'D4als_v6_US East_2': 40, 'D4als_v6_US East_3': 40, 'D4as_v6_US East_1': 40, 'D4as_v6_US East_2': 40, 'D4as_v6_US East_3': 40, 'D4pds_v5_US East_1': 40, 'D4pds_v5_US East_2': 40, 'D4pds_v5_US East_3': 40, 'D4plds_v5_US East_1': 40, 'D4plds_v5_US East_2': 40, 'D4plds_v5_US East_3': 40, 'D4pls_v5_US East_1': 40, 'D4pls_v5_US East_2': 40, 'D4pls_v5_US East_3': 40, 'D4ps_v5_US East_1': 40, 'D4ps_v5_US East_2': 40, 'D4ps_v5_US East_3': 40, 'D64ads_v6_US East_3': 40, 'D64alds_v6_US East_3': 40, 'D64als_v6_US East_3': 40, 'D64as_v6_US East_3': 40, 'D8ads_v6_US East_1': 40, 'D8ads_v6_US East_3': 40, 'D8alds_v6_US East_1': 40, 'D8alds_v6_US East_3': 40, 'D8als_v6_US East_2': 40, 'D8als_v6_US East_3': 40, 'D8as_v6_US East_1': 40, 'D8as_v6_US East_2': 40, 'D8plds_v5_US East_1': 40, 'D8plds_v5_US East_2': 40, 'D8plds_v5_US East_3': 40, 'D8pls_v5_US East_1': 40, 'D8pls_v5_US East_2': 40, 'D8pls_v5_US East_3': 40, 'D8ps_v5_US East_1': 40, 'D8ps_v5_US East_2': 40, 'D8ps_v5_US East_3': 40, 'D96ads_v6_US East_3': 40, 'D96alds_v6_US East_3': 40, 'D96als_v6_US East_2': 40, 'D96as_v6_US East_3': 40, 'E16ads_v6_US East_2': 40, 'E16ads_v6_US East_3': 40, 'E16as_v6_US East_1': 40, 'E16as_v6_US East_3': 40, 'E20ads_v6_US East_2': 40, 'E20ads_v6_US East_3': 40, 'E20as_v6_US East_2': 40, 'E20as_v6_US East_3': 40, 'E2ads_v6_US East_1': 40, 'E2ads_v6_US East_2': 40, 'E2ads_v6_US East_3': 40, 'E2as_v6_US East_1': 40, 'E2as_v6_US East_2': 40, 'E2as_v6_US East_3': 40, 'E2ps_v5_US East_1': 40, 'E2ps_v5_US East_2': 40, 'E2ps_v5_US East_3': 40, 'E32ads_v6_US East_2': 40, 'E32as_v6_US East_3': 40, 'E48ads_v6_US East_3': 40, 'E48as_v6_US East_2': 40, 'E4ads_v6_US East_2': 40, 'E4ads_v6_US East_3': 40, 'E4as_v6_US East_1': 40, 'E4as_v6_US East_3': 40, 'E4ps_v5_US East_1': 40, 'E4ps_v5_US East_2': 40, 'E4ps_v5_US East_3': 40, 'E64ads_v6_US East_1': 40, 'E64as_v6_US East_3': 40, 'E8ads_v6_US East_1': 40, 'E8ads_v6_US East_2': 40, 'E8as_v6_US East_1': 40, 'E8as_v6_US East_2': 40, 'E8ps_v5_US East_3': 40, 'E96ads_v6_US East_3': 40, 'E96as_v6_US East_3': 40, 'F16als_v6_US East_1': 40, 'F16als_v6_US East_3': 40, 'F16ams_v6_US East_2': 40, 'F16ams_v6_US East_3': 40, 'F16as_v6_US East_2': 40, 'F16as_v6_US East_3': 40, 'F2als_v6_US East_1': 40, 'F2als_v6_US East_2': 40, 'F2als_v6_US East_3': 40, 'F2ams_v6_US East_1': 40, 'F2ams_v6_US East_2': 40, 'F2ams_v6_US East_3': 40, 'F2as_v6_US East_1': 40, 'F2as_v6_US East_2': 40, 'F2as_v6_US East_3': 40, 'F32als_v6_US East_1': 40, 'F32ams_v6_US East_2': 40, 'F32as_v6_US East_2': 40, 'F48als_v6_US East_1': 40, 'F48ams_v6_US East_2': 40, 'F48as_v6_US East_2': 40, 'F4als_v6_US East_2': 40, 'F4als_v6_US East_3': 40, 'F4ams_v6_US East_2': 40, 'F4ams_v6_US East_3': 40, 'F4as_v6_US East_1': 40, 'F4as_v6_US East_3': 40, 'F64als_v6_US East_3': 40, 'F64ams_v6_US East_1': 40, 'F64as_v6_US East_3': 40, 'F8als_v6_US East_2': 40, 'F8als_v6_US East_3': 40, 'F8ams_v6_US East_2': 40, 'F8ams_v6_US East_3': 40, 'F8as_v6_US East_2': 40, 'F8as_v6_US East_3': 40, 'NV4as_v4_US East_1': 40, 'NV4as_v4_US East_2': 40, 'NV4as_v4_US East_3': 40, 'NV8as_v4_US East_1': 40, 'NV8as_v4_US East_2': 40, 'NV8as_v4_US East_3': 40}"
0.62,1357.54484,1844127571,1358428.4785760737,60400,60390,"{'D16ads_v6_US East_2': 40, 'D16ads_v6_US East_3': 40, 'D16alds_v6_US East_1': 40, 'D16alds_v6_US East_2': 40, 'D16als_v6_US East_2': 40, 'D16als_v6_US East_3': 40, 'D16as_v6_US East_2': 40, 'D16as_v6_US East_3': 40, 'D16pds_v5_US East_2': 40, 'D16plds_v5_US East_2': 40, 'D16plds_v5_US East_3': 40, 'D16pls_v5_US East_1': 40, 'D16pls_v5_US East_3': 40, 'D16ps_v5_US East_2': 40, 'D2ads_v6_US East_1': 40, 'D2ads_v6_US East_2': 40, 'D2ads_v6_US East_3': 40, 'D2alds_v6_US East_1': 40, 'D2alds_v6_US East_2': 40, 'D2alds_v6_US East_3': 40, 'D2als_v6_US East_1': 40, 'D2als_v6_US East_2': 40, 'D2als_v6_US East_3': 40, 'D2as_v6_US East_1': 40, 'D2as_v6_US East_2': 40, 'D2as_v6_US East_3': 40, 'D2pds_v5_US East_1': 40, 'D2pds_v5_US East_2': 40, 'D2pds_v5_US East_3': 40, 'D2plds_v5_US East_1': 40, 'D2plds_v5_US East_2': 40, 'D2plds_v5_US East_3': 40, 'D2pls_v5_US East_1': 40, 'D2pls_v5_US East_2': 40, 'D2pls_v5_US East_3': 40, 'D2ps_v5_US East_1': 40, 'D2ps_v5_US East_2': 40, 'D2ps_v5_US East_3': 40, 'D32ads_v6_US East_1': 40, 'D32ads_v6_US East_2': 40, 'D32alds_v6_US East_1': 40, 'D32alds_v6_US East_3': 40, 'D32als_v6_US East_1': 40, 'D32als_v6_US East_2': 40, 'D32as_v6_US East_1': 40, 'D32as_v6_US East_2': 40, 'D32plds_v5_US East_3': 40, 'D32pls_v5_US East_1': 40, 'D48ads_v6_US East_2': 40, 'D48alds_v6_US East_3': 40, 'D48als_v6_US East_1': 40, 'D48als_v6_US East_3': 40, 'D4ads_v6_US East_1': 40, 'D4ads_v6_US East_2': 40, 'D4ads_v6_US East_3': 40, 'D4alds_v6_US East_1': 40, 'D4alds_v6_US East_2': 40, 'D4alds_v6_US East_3': 40, 'D4als_v6_US East_1': 40, 'D4als_v6_US East_2': 40, 'D4als_v6_US East_3': 40, 'D4as_v6_US East_1': 40, 'D4as_v6_US East_2': 40, 'D4as_v6_US East_3': 40, 'D4pds_v5_US East_1': 40, 'D4pds_v5_US East_2': 40, 'D4pds_v5_US East_3': 40, 'D4plds_v5_US East_1': 40, 'D4plds_v5_US East_2': 40, 'D4plds_v5_US East_3': 40, 'D4pls_v5_US East_1': 40, 'D4pls_v5_US East_2': 40, 'D4pls_v5_US East_3': 40, 'D4ps_v5_US East_1': 40, 'D4ps_v5_US East_2': 40, 'D4ps_v5_US East_3': 40, 'D64ads_v6_US East_3': 40, 'D64alds_v6_US East_3': 40, 'D64als_v6_US East_3': 40, 'D64as_v6_US East_3': 40, 'D8ads_v6_US East_1': 40, 'D8ads_v6_US East_3': 40, 'D8alds_v6_US East_1': 40, 'D8alds_v6_US East_3': 40, 'D8als_v6_US East_2': 40, 'D8als_v6_US East_3': 40, 'D8as_v6_US East_1': 40, 'D8as_v6_US East_2': 40, 'D8plds_v5_US East_1': 40, 'D8plds_v5_US East_2': 40, 'D8plds_v5_US East_3': 40, 'D8pls_v5_US East_1': 40, 'D8pls_v5_US East_2': 40, 'D8pls_v5_US East_3': 40, 'D8ps_v5_US East_1': 40, 'D8ps_v5_US East_2': 40, 'D8ps_v5_US East_3': 40, 'D96ads_v6_US East_3': 40, 'D96alds_v6_US East_3': 40, 'D96als_v6_US East_2': 40, 'D96as_v6_US East_3': 40, 'E16ads_v6_US East_2': 40, 'E16ads_v6_US East_3': 40, 'E16as_v6_US East_1': 40, 'E16as_v6_US East_3': 40, 'E20ads_v6_US East_2': 40, 'E20ads_v6_US East_3': 40, 'E20as_v6_US East_2': 40, 'E20as_v6_US East_3': 40, 'E2ads_v6_US East_1': 40, 'E2ads_v6_US East_2': 40, 'E2ads_v6_US East_3': 40, 'E2as_v6_US East_1': 40, 'E2as_v6_US East_2': 40, 'E2as_v6_US East_3': 40, 'E2ps_v5_US East_1': 40, 'E2ps_v5_US East_2': 40, 'E2ps_v5_US East_3': 40, 'E32ads_v6_US East_2': 40, 'E32as_v6_US East_3': 40, 'E48ads_v6_US East_3': 40, 'E48as_v6_US East_2': 40, 'E4ads_v6_US East_2': 40, 'E4ads_v6_US East_3': 40, 'E4as_v6_US East_1': 40, 'E4as_v6_US East_3': 40, 'E4ps_v5_US East_1': 40, 'E4ps_v5_US East_2': 40, 'E4ps_v5_US East_3': 40, 'E64ads_v6_US East_1': 40, 'E64as_v6_US East_3': 40, 'E8ads_v6_US East_1': 40, 'E8ads_v6_US East_2': 40, 'E8as_v6_US East_1': 40, 'E8as_v6_US East_2': 40, 'E8ps_v5_US East_3': 40, 'E96ads_v6_US East_3': 40, 'E96as_v6_US East_3': 40, 'F16als_v6_US East_1': 40, 'F16als_v6_US East_3': 40, 'F16ams_v6_US East_2': 40, 'F16ams_v6_US East_3': 40, 'F16as_v6_US East_2': 40, 'F16as_v6_US East_3': 40, 'F2als_v6_US East_1': 40, 'F2als_v6_US East_2': 40, 'F2als_v6_US East_3': 40, 'F2ams_v6_US East_1': 40, 'F2ams_v6_US East_2': 40, 'F2ams_v6_US East_3': 40, 'F2as_v6_US East_1': 40, 'F2as_v6_US East_2': 40, 'F2as_v6_US East_3': 40, 'F32als_v6_US East_1': 40, 'F32ams_v6_US East_2': 40, 'F32as_v6_US East_2': 40, 'F48als_v6_US East_1': 40, 'F48ams_v6_US East_2': 40, 'F48as_v6_US East_2': 40, 'F4als_v6_US East_2': 40, 'F4als_v6_US East_3': 40, 'F4ams_v6_US East_2': 40, 'F4ams_v6_US East_3': 40, 'F4as_v6_US East_1': 40, 'F4as_v6_US East_3': 40, 'F64als_v6_US East_3': 40, 'F64ams_v6_US East_1': 40, 'F64as_v6_US East_3': 40, 'F8als_v6_US East_2': 40, 'F8als_v6_US East_3': 40, 'F8ams_v6_US East_2': 40, 'F8ams_v6_US East_3': 40, 'F8as_v6_US East_2': 40, 'F8as_v6_US East_3': 40, 'NV4as_v4_US East_1': 40, 'NV4as_v4_US East_2': 40, 'NV4as_v4_US East_3': 40, 'NV8as_v4_US East_1': 40, 'NV8as_v4_US East_2': 40, 'NV8as_v4_US East_3': 40}"
0.63,1357.54484,1844127571,1358428.4785760737,60400,60390,"{'D16ads_v6_US East_2': 40, 'D16ads_v6_US East_3': 40, 'D16alds_v6_US East_1': 40, 'D16alds_v6_US East_2': 40, 'D16als_v6_US East_2': 40, 'D16als_v6_US East_3': 40, 'D16as_v6_US East_2': 40, 'D16as_v6_US East_3': 40, 'D16pds_v5_US East_2': 40, 'D16plds_v5_US East_2': 40, 'D16plds_v5_US East_3': 40, 'D16pls_v5_US East_1': 40, 'D16pls_v5_US East_3': 40, 'D16ps_v5_US East_2': 40, 'D2ads_v6_US East_1': 40, 'D2ads_v6_US East_2': 40, 'D2ads_v6_US East_3': 40, 'D2alds_v6_US East_1': 40, 'D2alds_v6_US East_2': 40, 'D2alds_v6_US East_3': 40, 'D2als_v6_US East_1': 40, 'D2als_v6_US East_2': 40, 'D2als_v6_US East_3': 40, 'D2as_v6_US East_1': 40, 'D2as_v6_US East_2': 40, 'D2as_v6_US East_3': 40, 'D2pds_v5_US East_1': 40, 'D2pds_v5_US East_2': 40, 'D2pds_v5_US East_3': 40, 'D2plds_v5_US East_1': 40, 'D2plds_v5_US East_2': 40, 'D2plds_v5_US East_3': 40, 'D2pls_v5_US East_1': 40, 'D2pls_v5_US East_2': 40, 'D2pls_v5_US East_3': 40, 'D2ps_v5_US East_1': 40, 'D2ps_v5_US East_2': 40, 'D2ps_v5_US East_3': 40, 'D32ads_v6_US East_1': 40, 'D32ads_v6_US East_2': 40, 'D32alds_v6_US East_1': 40, 'D32alds_v6_US East_3': 40, 'D32als_v6_US East_1': 40, 'D32als_v6_US East_2': 40, 'D32as_v6_US East_1': 40, 'D32as_v6_US East_2': 40, 'D32plds_v5_US East_3': 40, 'D32pls_v5_US East_1': 40, 'D48ads_v6_US East_2': 40, 'D48alds_v6_US East_3': 40, 'D48als_v6_US East_1': 40, 'D48als_v6_US East_3': 40, 'D4ads_v6_US East_1': 40, 'D4ads_v6_US East_2': 40, 'D4ads_v6_US East_3': 40, 'D4alds_v6_US East_1': 40, 'D4alds_v6_US East_2': 40, 'D4alds_v6_US East_3': 40, 'D4als_v6_US East_1': 40, 'D4als_v6_US East_2': 40, 'D4als_v6_US East_3': 40, 'D4as_v6_US East_1': 40, 'D4as_v6_US East_2': 40, 'D4as_v6_US East_3': 40, 'D4pds_v5_US East_1': 40, 'D4pds_v5_US East_2': 40, 'D4pds_v5_US East_3': 40, 'D4plds_v5_US East_1': 40, 'D4plds_v5_US East_2': 40, 'D4plds_v5_US East_3': 40, 'D4pls_v5_US East_1': 40, 'D4pls_v5_US East_2': 40, 'D4pls_v5_US East_3': 40, 'D4ps_v5_US East_1': 40, 'D4ps_v5_US East_2': 40, 'D4ps_v5_US East_3': 40, 'D64ads_v6_US East_3': 40, 'D64alds_v6_US East_3': 40, 'D64als_v6_US East_3': 40, 'D64as_v6_US East_3': 40, 'D8ads_v6_US East_1': 40, 'D8ads_v6_US East_3': 40, 'D8alds_v6_US East_1': 40, 'D8alds_v6_US East_3': 40, 'D8als_v6_US East_2': 40, 'D8als_v6_US East_3': 40, 'D8as_v6_US East_1': 40, 'D8as_v6_US East_2': 40, 'D8plds_v5_US East_1': 40, 'D8plds_v5_US East_2': 40, 'D8plds_v5_US East_3': 40, 'D8pls_v5_US East_1': 40, 'D8pls_v5_US East_2': 40, 'D8pls_v5_US East_3': 40, 'D8ps_v5_US East_1': 40, 'D8ps_v5_US East_2': 40, 'D8ps_v5_US East_3': 40, 'D96ads_v6_US East_3': 40, 'D96alds_v6_US East_3': 40, 'D96als_v6_US East_2': 40, 'D96as_v6_US East_3': 40, 'E16ads_v6_US East_2': 40, 'E16ads_v6_US East_3': 40, 'E16as_v6_US East_1': 40, 'E16as_v6_US East_3': 40, 'E20ads_v6_US East_2': 40, 'E20ads_v6_US East_3': 40, 'E20as_v6_US East_2': 40, 'E20as_v6_US East_3': 40, 'E2ads_v6_US East_1': 40, 'E2ads_v6_US East_2': 40, 'E2ads_v6_US East_3': 40, 'E2as_v6_US East_1': 40, 'E2as_v6_US East_2': 40, 'E2as_v6_US East_3': 40, 'E2ps_v5_US East_1': 40, 'E2ps_v5_US East_2': 40, 'E2ps_v5_US East_3': 40, 'E32ads_v6_US East_2': 40, 'E32as_v6_US East_3': 40, 'E48ads_v6_US East_3': 40, 'E48as_v6_US East_2': 40, 'E4ads_v6_US East_2': 40, 'E4ads_v6_US East_3': 40, 'E4as_v6_US East_1': 40, 'E4as_v6_US East_3': 40, 'E4ps_v5_US East_1': 40, 'E4ps_v5_US East_2': 40, 'E4ps_v5_US East_3': 40, 'E64ads_v6_US East_1': 40, 'E64as_v6_US East_3': 40, 'E8ads_v6_US East_1': 40, 'E8ads_v6_US East_2': 40, 'E8as_v6_US East_1': 40, 'E8as_v6_US East_2': 40, 'E8ps_v5_US East_3': 40, 'E96ads_v6_US East_3': 40, 'E96as_v6_US East_3': 40, 'F16als_v6_US East_1': 40, 'F16als_v6_US East_3': 40, 'F16ams_v6_US East_2': 40, 'F16ams_v6_US East_3': 40, 'F16as_v6_US East_2': 40, 'F16as_v6_US East_3': 40, 'F2als_v6_US East_1': 40, 'F2als_v6_US East_2': 40, 'F2als_v6_US East_3': 40, 'F2ams_v6_US East_1': 40, 'F2ams_v6_US East_2': 40, 'F2ams_v6_US East_3': 40, 'F2as_v6_US East_1': 40, 'F2as_v6_US East_2': 40, 'F2as_v6_US East_3': 40, 'F32als_v6_US East_1': 40, 'F32ams_v6_US East_2': 40, 'F32as_v6_US East_2': 40, 'F48als_v6_US East_1': 40, 'F48ams_v6_US East_2': 40, 'F48as_v6_US East_2': 40, 'F4als_v6_US East_2': 40, 'F4als_v6_US East_3': 40, 'F4ams_v6_US East_2': 40, 'F4ams_v6_US East_3': 40, 'F4as_v6_US East_1': 40, 'F4as_v6_US East_3': 40, 'F64als_v6_US East_3': 40, 'F64ams_v6_US East_1': 40, 'F64as_v6_US East_3': 40, 'F8als_v6_US East_2': 40, 'F8als_v6_US East_3': 40, 'F8ams_v6_US East_2': 40, 'F8ams_v6_US East_3': 40, 'F8as_v6_US East_2': 40, 'F8as_v6_US East_3': 40, 'NV4as_v4_US East_1': 40, 'NV4as_v4_US East_2': 40, 'NV4as_v4_US East_3': 40, 'NV8as_v4_US East_1': 40, 'NV8as_v4_US East_2': 40, 'NV8as_v4_US East_3': 40}"
0.64,1361.1736399999998,1846479312,1356534.7271932182,60520,60510,"{'B2pls_v2_US East_1': 40, 'B2pls_v2_US East_2': 40, 'B2pls_v2_US East_3': 40, 'D16ads_v6_US East_2': 40, 'D16ads_v6_US East_3': 40, 'D16alds_v6_US East_1': 40, 'D16alds_v6_US East_2': 40, 'D16als_v6_US East_2': 40, 'D16als_v6_US East_3': 40, 'D16as_v6_US East_2': 40, 'D16as_v6_US East_3': 40, 'D16pds_v5_US East_2': 40, 'D16plds_v5_US East_2': 40, 'D16plds_v5_US East_3': 40, 'D16pls_v5_US East_1': 40, 'D16pls_v5_US East_3': 40, 'D16ps_v5_US East_2': 40, 'D2ads_v6_US East_1': 40, 'D2ads_v6_US East_2': 40, 'D2ads_v6_US East_3': 40, 'D2alds_v6_US East_1': 40, 'D2alds_v6_US East_2': 40, 'D2alds_v6_US East_3': 40, 'D2als_v6_US East_1': 40, 'D2als_v6_US East_2': 40, 'D2als_v6_US East_3': 40, 'D2as_v6_US East_1': 40, 'D2as_v6_US East_2': 40, 'D2as_v6_US East_3': 40, 'D2pds_v5_US East_1': 40, 'D2pds_v5_US East_2': 40, 'D2pds_v5_US East_3': 40, 'D2plds_v5_US East_1': 40, 'D2plds_v5_US East_2': 40, 'D2plds_v5_US East_3': 40, 'D2pls_v5_US East_1': 40, 'D2pls_v5_US East_2': 40, 'D2pls_v5_US East_3': 40, 'D2ps_v5_US East_1': 40, 'D2ps_v5_US East_2': 40, 'D2ps_v5_US East_3': 40, 'D32ads_v6_US East_1': 40, 'D32ads_v6_US East_2': 40, 'D32alds_v6_US East_1': 40, 'D32alds_v6_US East_3': 40, 'D32als_v6_US East_1': 40, 'D32als_v6_US East_2': 40, 'D32as_v6_US East_1': 40, 'D32as_v6_US East_2': 40, 'D32plds_v5_US East_3': 40, 'D32pls_v5_US East_1': 40, 'D48ads_v6_US East_2': 40, 'D48alds_v6_US East_3': 40, 'D48als_v6_US East_1': 40, 'D48als_v6_US East_3': 40, 'D4ads_v6_US East_1': 40, 'D4ads_v6_US East_2': 40, 'D4ads_v6_US East_3': 40, 'D4alds_v6_US East_1': 40, 'D4alds_v6_US East_2': 40, 'D4alds_v6_US East_3': 40, 'D4als_v6_US East_1': 40, 'D4als_v6_US East_2': 40, 'D4als_v6_US East_3': 40, 'D4as_v6_US East_1': 40, 'D4as_v6_US East_2': 40, 'D4as_v6_US East_3': 40, 'D4pds_v5_US East_1': 40, 'D4pds_v5_US East_2': 40, 'D4pds_v5_US East_3': 40, 'D4plds_v5_US East_1': 40, 'D4plds_v5_US East_2': 40, 'D4plds_v5_US East_3': 40, 'D4pls_v5_US East_1': 40, 'D4pls_v5_US East_2': 40, 'D4pls_v5_US East_3': 40, 'D4ps_v5_US East_1': 40, 'D4ps_v5_US East_2': 40, 'D4ps_v5_US East_3': 40, 'D64ads_v6_US East_3': 40, 'D64alds_v6_US East_3': 40, 'D64als_v6_US East_3': 40, 'D64as_v6_US East_3': 40, 'D8ads_v6_US East_1': 40, 'D8ads_v6_US East_3': 40, 'D8alds_v6_US East_1': 40, 'D8alds_v6_US East_3': 40, 'D8als_v6_US East_2': 40, 'D8als_v6_US East_3': 40, 'D8as_v6_US East_1': 40, 'D8as_v6_US East_2': 40, 'D8plds_v5_US East_1': 40, 'D8plds_v5_US East_2': 40, 'D8plds_v5_US East_3': 40, 'D8pls_v5_US East_1': 40, 'D8pls_v5_US East_2': 40, 'D8pls_v5_US East_3': 40, 'D8ps_v5_US East_1': 40, 'D8ps_v5_US East_2': 40, 'D8ps_v5_US East_3': 40, 'D96ads_v6_US East_3': 40, 'D96alds_v6_US East_3': 40, 'D96als_v6_US East_2': 40, 'D96as_v6_US East_3': 40, 'E16ads_v6_US East_2': 40, 'E16ads_v6_US East_3': 40, 'E16as_v6_US East_1': 40, 'E16as_v6_US East_3': 40, 'E20ads_v6_US East_2': 40, 'E20ads_v6_US East_3': 40, 'E20as_v6_US East_2': 40, 'E20as_v6_US East_3': 40, 'E2ads_v6_US East_1': 40, 'E2ads_v6_US East_2': 40, 'E2ads_v6_US East_3': 40, 'E2as_v6_US East_1': 40, 'E2as_v6_US East_2': 40, 'E2as_v6_US East_3': 40, 'E2ps_v5_US East_1': 40, 'E2ps_v5_US East_2': 40, 'E2ps_v5_US East_3': 40, 'E32ads_v6_US East_2': 40, 'E32as_v6_US East_3': 40, 'E48ads_v6_US East_3': 40, 'E48as_v6_US East_2': 40, 'E4ads_v6_US East_2': 40, 'E4ads_v6_US East_3': 40, 'E4as_v6_US East_1': 40, 'E4as_v6_US East_3': 40, 'E4ps_v5_US East_1': 40, 'E4ps_v5_US East_2': 40, 'E4ps_v5_US East_3': 40, 'E64ads_v6_US East_1': 40, 'E64as_v6_US East_3': 40, 'E8ads_v6_US East_1': 40, 'E8ads_v6_US East_2': 40, 'E8as_v6_US East_1': 40, 'E8as_v6_US East_2': 40, 'E8ps_v5_US East_3': 40, 'E96ads_v6_US East_3': 40, 'E96as_v6_US East_3': 40, 'F16als_v6_US East_1': 40, 'F16als_v6_US East_3': 40, 'F16ams_v6_US East_2': 40, 'F16ams_v6_US East_3': 40, 'F16as_v6_US East_2': 40, 'F16as_v6_US East_3': 40, 'F2als_v6_US East_1': 40, 'F2als_v6_US East_2': 40, 'F2als_v6_US East_3': 40, 'F2ams_v6_US East_1': 40, 'F2ams_v6_US East_2': 40, 'F2ams_v6_US East_3': 40, 'F2as_v6_US East_1': 40, 'F2as_v6_US East_2': 40, 'F2as_v6_US East_3': 40, 'F32als_v6_US East_1': 40, 'F32ams_v6_US East_2': 40, 'F32as_v6_US East_2': 40, 'F48als_v6_US East_1': 40, 'F48ams_v6_US East_2': 40, 'F48as_v6_US East_2': 40, 'F4als_v6_US East_2': 40, 'F4als_v6_US East_3': 40, 'F4ams_v6_US East_2': 40, 'F4ams_v6_US East_3': 40, 'F4as_v6_US East_1': 40, 'F4as_v6_US East_3': 40, 'F64als_v6_US East_3': 40, 'F64ams_v6_US East_1': 40, 'F64as_v6_US East_3': 40, 'F8als_v6_US East_2': 40, 'F8als_v6_US East_3': 40, 'F8ams_v6_US East_2': 40, 'F8ams_v6_US East_3': 40, 'F8as_v6_US East_2': 40, 'F8as_v6_US East_3': 40, 'NV4as_v4_US East_1': 40, 'NV4as_v4_US East_2': 40, 'NV4as_v4_US East_3': 40, 'NV8as_v4_US East_1': 40, 'NV8as_v4_US East_2': 40, 'NV8as_v4_US East_3': 40}"
0.65,1361.1736399999998,1846479312,1356534.7271932182,60520,60510,"{'B2pls_v2_US East_1': 40, 'B2pls_v2_US East_2': 40, 'B2pls_v2_US East_3': 40, 'D16ads_v6_US East_2': 40, 'D16ads_v6_US East_3': 40, 'D16alds_v6_US East_1': 40, 'D16alds_v6_US East_2': 40, 'D16als_v6_US East_2': 40, 'D16als_v6_US East_3': 40, 'D16as_v6_US East_2': 40, 'D16as_v6_US East_3': 40, 'D16pds_v5_US East_2': 40, 'D16plds_v5_US East_2': 40, 'D16plds_v5_US East_3': 40, 'D16pls_v5_US East_1': 40, 'D16pls_v5_US East_3': 40, 'D16ps_v5_US East_2': 40, 'D2ads_v6_US East_1': 40, 'D2ads_v6_US East_2': 40, 'D2ads_v6_US East_3': 40, 'D2alds_v6_US East_1': 40, 'D2alds_v6_US East_2': 40, 'D2alds_v6_US East_3': 40, 'D2als_v6_US East_1': 40, 'D2als_v6_US East_2': 40, 'D2als_v6_US East_3': 40, 'D2as_v6_US East_1': 40, 'D2as_v6_US East_2': 40, 'D2as_v6_US East_3': 40, 'D2pds_v5_US East_1': 40, 'D2pds_v5_US East_2': 40, 'D2pds_v5_US East_3': 40, 'D2plds_v5_US East_1': 40, 'D2plds_v5_US East_2': 40, 'D2plds_v5_US East_3': 40, 'D2pls_v5_US East_1': 40, 'D2pls_v5_US East_2': 40, 'D2pls_v5_US East_3': 40, 'D2ps_v5_US East_1': 40, 'D2ps_v5_US East_2': 40, 'D2ps_v5_US East_3': 40, 'D32ads_v6_US East_1': 40, 'D32ads_v6_US East_2': 40, 'D32alds_v6_US East_1': 40, 'D32alds_v6_US East_3': 40, 'D32als_v6_US East_1': 40, 'D32als_v6_US East_2': 40, 'D32as_v6_US East_1': 40, 'D32as_v6_US East_2': 40, 'D32plds_v5_US East_3': 40, 'D32pls_v5_US East_1': 40, 'D48ads_v6_US East_2': 40, 'D48alds_v6_US East_3': 40, 'D48als_v6_US East_1': 40, 'D48als_v6_US East_3': 40, 'D4ads_v6_US East_1': 40, 'D4ads_v6_US East_2': 40, 'D4ads_v6_US East_3': 40, 'D4alds_v6_US East_1': 40, 'D4alds_v6_US East_2': 40, 'D4alds_v6_US East_3': 40, 'D4als_v6_US East_1': 40, 'D4als_v6_US East_2': 40, 'D4als_v6_US East_3': 40, 'D4as_v6_US East_1': 40, 'D4as_v6_US East_2': 40, 'D4as_v6_US East_3': 40, 'D4pds_v5_US East_1': 40, 'D4pds_v5_US East_2': 40, 'D4pds_v5_US East_3': 40, 'D4plds_v5_US East_1': 40, 'D4plds_v5_US East_2': 40, 'D4plds_v5_US East_3': 40, 'D4pls_v5_US East_1': 40, 'D4pls_v5_US East_2': 40, 'D4pls_v5_US East_3': 40, 'D4ps_v5_US East_1': 40, 'D4ps_v5_US East_2': 40, 'D4ps_v5_US East_3': 40, 'D64ads_v6_US East_3': 40, 'D64alds_v6_US East_3': 40, 'D64als_v6_US East_3': 40, 'D64as_v6_US East_3': 40, 'D8ads_v6_US East_1': 40, 'D8ads_v6_US East_3': 40, 'D8alds_v6_US East_1': 40, 'D8alds_v6_US East_3': 40, 'D8als_v6_US East_2': 40, 'D8als_v6_US East_3': 40, 'D8as_v6_US East_1': 40, 'D8as_v6_US East_2': 40, 'D8plds_v5_US East_1': 40, 'D8plds_v5_US East_2': 40, 'D8plds_v5_US East_3': 40, 'D8pls_v5_US East_1': 40, 'D8pls_v5_US East_2': 40, 'D8pls_v5_US East_3': 40, 'D8ps_v5_US East_1': 40, 'D8ps_v5_US East_2': 40, 'D8ps_v5_US East_3': 40, 'D96ads_v6_US East_3': 40, 'D96alds_v6_US East_3': 40, 'D96als_v6_US East_2': 40, 'D96as_v6_US East_3': 40, 'E16ads_v6_US East_2': 40, 'E16ads_v6_US East_3': 40, 'E16as_v6_US East_1': 40, 'E16as_v6_US East_3': 40, 'E20ads_v6_US East_2': 40, 'E20ads_v6_US East_3': 40, 'E20as_v6_US East_2': 40, 'E20as_v6_US East_3': 40, 'E2ads_v6_US East_1': 40, 'E2ads_v6_US East_2': 40, 'E2ads_v6_US East_3': 40, 'E2as_v6_US East_1': 40, 'E2as_v6_US East_2': 40, 'E2as_v6_US East_3': 40, 'E2ps_v5_US East_1': 40, 'E2ps_v5_US East_2': 40, 'E2ps_v5_US East_3': 40, 'E32ads_v6_US East_2': 40, 'E32as_v6_US East_3': 40, 'E48ads_v6_US East_3': 40, 'E48as_v6_US East_2': 40, 'E4ads_v6_US East_2': 40, 'E4ads_v6_US East_3': 40, 'E4as_v6_US East_1': 40, 'E4as_v6_US East_3': 40, 'E4ps_v5_US East_1': 40, 'E4ps_v5_US East_2': 40, 'E4ps_v5_US East_3': 40, 'E64ads_v6_US East_1': 40, 'E64as_v6_US East_3': 40, 'E8ads_v6_US East_1': 40, 'E8ads_v6_US East_2': 40, 'E8as_v6_US East_1': 40, 'E8as_v6_US East_2': 40, 'E8ps_v5_US East_3': 40, 'E96ads_v6_US East_3': 40, 'E96as_v6_US East_3': 40, 'F16als_v6_US East_1': 40, 'F16als_v6_US East_3': 40, 'F16ams_v6_US East_2': 40, 'F16ams_v6_US East_3': 40, 'F16as_v6_US East_2': 40, 'F16as_v6_US East_3': 40, 'F2als_v6_US East_1': 40, 'F2als_v6_US East_2': 40, 'F2als_v6_US East_3': 40, 'F2ams_v6_US East_1': 40, 'F2ams_v6_US East_2': 40, 'F2ams_v6_US East_3': 40, 'F2as_v6_US East_1': 40, 'F2as_v6_US East_2': 40, 'F2as_v6_US East_3': 40, 'F32als_v6_US East_1': 40, 'F32ams_v6_US East_2': 40, 'F32as_v6_US East_2': 40, 'F48als_v6_US East_1': 40, 'F48ams_v6_US East_2': 40, 'F48as_v6_US East_2': 40, 'F4als_v6_US East_2': 40, 'F4als_v6_US East_3': 40, 'F4ams_v6_US East_2': 40, 'F4ams_v6_US East_3': 40, 'F4as_v6_US East_1': 40, 'F4as_v6_US East_3': 40, 'F64als_v6_US East_3': 40, 'F64ams_v6_US East_1': 40, 'F64as_v6_US East_3': 40, 'F8als_v6_US East_2': 40, 'F8als_v6_US East_3': 40, 'F8ams_v6_US East_2': 40, 'F8ams_v6_US East_3': 40, 'F8as_v6_US East_2': 40, 'F8as_v6_US East_3': 40, 'NV4as_v4_US East_1': 40, 'NV4as_v4_US East_2': 40, 'NV4as_v4_US East_3': 40, 'NV8as_v4_US East_1': 40, 'NV8as_v4_US East_2': 40, 'NV8as_v4_US East_3': 40}"
0.66,1361.1736399999998,1846479312,1356534.7271932182,60520,60510,"{'B2pls_v2_US East_1': 40, 'B2pls_v2_US East_2': 40, 'B2pls_v2_US East_3': 40, 'D16ads_v6_US East_2': 40, 'D16ads_v6_US East_3': 40, 'D16alds_v6_US East_1': 40, 'D16alds_v6_US East_2': 40, 'D16als_v6_US East_2': 40, 'D16als_v6_US East_3': 40, 'D16as_v6_US East_2': 40, 'D16as_v6_US East_3': 40, 'D16pds_v5_US East_2': 40, 'D16plds_v5_US East_2': 40, 'D16plds_v5_US East_3': 40, 'D16pls_v5_US East_1': 40, 'D16pls_v5_US East_3': 40, 'D16ps_v5_US East_2': 40, 'D2ads_v6_US East_1': 40, 'D2ads_v6_US East_2': 40, 'D2ads_v6_US East_3': 40, 'D2alds_v6_US East_1': 40, 'D2alds_v6_US East_2': 40, 'D2alds_v6_US East_3': 40, 'D2als_v6_US East_1': 40, 'D2als_v6_US East_2': 40, 'D2als_v6_US East_3': 40, 'D2as_v6_US East_1': 40, 'D2as_v6_US East_2': 40, 'D2as_v6_US East_3': 40, 'D2pds_v5_US East_1': 40, 'D2pds_v5_US East_2': 40, 'D2pds_v5_US East_3': 40, 'D2plds_v5_US East_1': 40, 'D2plds_v5_US East_2': 40, 'D2plds_v5_US East_3': 40, 'D2pls_v5_US East_1': 40, 'D2pls_v5_US East_2': 40, 'D2pls_v5_US East_3': 40, 'D2ps_v5_US East_1': 40, 'D2ps_v5_US East_2': 40, 'D2ps_v5_US East_3': 40, 'D32ads_v6_US East_1': 40, 'D32ads_v6_US East_2': 40, 'D32alds_v6_US East_1': 40, 'D32alds_v6_US East_3': 40, 'D32als_v6_US East_1': 40, 'D32als_v6_US East_2': 40, 'D32as_v6_US East_1': 40, 'D32as_v6_US East_2': 40, 'D32plds_v5_US East_3': 40, 'D32pls_v5_US East_1': 40, 'D48ads_v6_US East_2': 40, 'D48alds_v6_US East_3': 40, 'D48als_v6_US East_1': 40, 'D48als_v6_US East_3': 40, 'D4ads_v6_US East_1': 40, 'D4ads_v6_US East_2': 40, 'D4ads_v6_US East_3': 40, 'D4alds_v6_US East_1': 40, 'D4alds_v6_US East_2': 40, 'D4alds_v6_US East_3': 40, 'D4als_v6_US East_1': 40, 'D4als_v6_US East_2': 40, 'D4als_v6_US East_3': 40, 'D4as_v6_US East_1': 40, 'D4as_v6_US East_2': 40, 'D4as_v6_US East_3': 40, 'D4pds_v5_US East_1': 40, 'D4pds_v5_US East_2': 40, 'D4pds_v5_US East_3': 40, 'D4plds_v5_US East_1': 40, 'D4plds_v5_US East_2': 40, 'D4plds_v5_US East_3': 40, 'D4pls_v5_US East_1': 40, 'D4pls_v5_US East_2': 40, 'D4pls_v5_US East_3': 40, 'D4ps_v5_US East_1': 40, 'D4ps_v5_US East_2': 40, 'D4ps_v5_US East_3': 40, 'D64ads_v6_US East_3': 40, 'D64alds_v6_US East_3': 40, 'D64als_v6_US East_3': 40, 'D64as_v6_US East_3': 40, 'D8ads_v6_US East_1': 40, 'D8ads_v6_US East_3': 40, 'D8alds_v6_US East_1': 40, 'D8alds_v6_US East_3': 40, 'D8als_v6_US East_2': 40, 'D8als_v6_US East_3': 40, 'D8as_v6_US East_1': 40, 'D8as_v6_US East_2': 40, 'D8plds_v5_US East_1': 40, 'D8plds_v5_US East_2': 40, 'D8plds_v5_US East_3': 40, 'D8pls_v5_US East_1': 40, 'D8pls_v5_US East_2': 40, 'D8pls_v5_US East_3': 40, 'D8ps_v5_US East_1': 40, 'D8ps_v5_US East_2': 40, 'D8ps_v5_US East_3': 40, 'D96ads_v6_US East_3': 40, 'D96alds_v6_US East_3': 40, 'D96als_v6_US East_2': 40, 'D96as_v6_US East_3': 40, 'E16ads_v6_US East_2': 40, 'E16ads_v6_US East_3': 40, 'E16as_v6_US East_1': 40, 'E16as_v6_US East_3': 40, 'E20ads_v6_US East_2': 40, 'E20ads_v6_US East_3': 40, 'E20as_v6_US East_2': 40, 'E20as_v6_US East_3': 40, 'E2ads_v6_US East_1': 40, 'E2ads_v6_US East_2': 40, 'E2ads_v6_US East_3': 40, 'E2as_v6_US East_1': 40, 'E2as_v6_US East_2': 40, 'E2as_v6_US East_3': 40, 'E2ps_v5_US East_1': 40, 'E2ps_v5_US East_2': 40, 'E2ps_v5_US East_3': 40, 'E32ads_v6_US East_2': 40, 'E32as_v6_US East_3': 40, 'E48ads_v6_US East_3': 40, 'E48as_v6_US East_2': 40, 'E4ads_v6_US East_2': 40, 'E4ads_v6_US East_3': 40, 'E4as_v6_US East_1': 40, 'E4as_v6_US East_3': 40, 'E4ps_v5_US East_1': 40, 'E4ps_v5_US East_2': 40, 'E4ps_v5_US East_3': 40, 'E64ads_v6_US East_1': 40, 'E64as_v6_US East_3': 40, 'E8ads_v6_US East_1': 40, 'E8ads_v6_US East_2': 40, 'E8as_v6_US East_1': 40, 'E8as_v6_US East_2': 40, 'E8ps_v5_US East_3': 40, 'E96ads_v6_US East_3': 40, 'E96as_v6_US East_3': 40, 'F16als_v6_US East_1': 40, 'F16als_v6_US East_3': 40, 'F16ams_v6_US East_2': 40, 'F16ams_v6_US East_3': 40, 'F16as_v6_US East_2': 40, 'F16as_v6_US East_3': 40, 'F2als_v6_US East_1': 40, 'F2als_v6_US East_2': 40, 'F2als_v6_US East_3': 40, 'F2ams_v6_US East_1': 40, 'F2ams_v6_US East_2': 40, 'F2ams_v6_US East_3': 40, 'F2as_v6_US East_1': 40, 'F2as_v6_US East_2': 40, 'F2as_v6_US East_3': 40, 'F32als_v6_US East_1': 40, 'F32ams_v6_US East_2': 40, 'F32as_v6_US East_2': 40, 'F48als_v6_US East_1': 40, 'F48ams_v6_US East_2': 40, 'F48as_v6_US East_2': 40, 'F4als_v6_US East_2': 40, 'F4als_v6_US East_3': 40, 'F4ams_v6_US East_2': 40, 'F4ams_v6_US East_3': 40, 'F4as_v6_US East_1': 40, 'F4as_v6_US East_3': 40, 'F64als_v6_US East_3': 40, 'F64ams_v6_US East_1': 40, 'F64as_v6_US East_3': 40, 'F8als_v6_US East_2': 40, 'F8als_v6_US East_3': 40, 'F8ams_v6_US East_2': 40, 'F8ams_v6_US East_3': 40, 'F8as_v6_US East_2': 40, 'F8as_v6_US East_3': 40, 'NV4as_v4_US East_1': 40, 'NV4as_v4_US East_2': 40, 'NV4as_v4_US East_3': 40, 'NV8as_v4_US East_1': 40, 'NV8as_v4_US East_2': 40, 'NV8as_v4_US East_3': 40}"
0.67,1415.8184400000002,1877251373,1325912.5041484833,61480,61470,"{'B2pls_v2_US East_1': 40, 'B2pls_v2_US East_2': 40, 'B2pls_v2_US East_3': 40, 'D16ads_v6_US East_2': 40, 'D16ads_v6_US East_3': 40, 'D16alds_v6_US East_1': 40, 'D16alds_v6_US East_2': 40, 'D16als_v6_US East_2': 40, 'D16als_v6_US East_3': 40, 'D16as_v6_US East_2': 40, 'D16as_v6_US East_3': 40, 'D16pds_v5_US East_2': 40, 'D16plds_v5_US East_2': 40, 'D16plds_v5_US East_3': 40, 'D16pls_v5_US East_1': 40, 'D16pls_v5_US East_3': 40, 'D16ps_v5_US East_2': 40, 'D2ads_v6_US East_1': 40, 'D2ads_v6_US East_2': 40, 'D2ads_v6_US East_3': 40, 'D2alds_v6_US East_1': 40, 'D2alds_v6_US East_2': 40, 'D2alds_v6_US East_3': 40, 'D2als_v6_US East_1': 40, 'D2als_v6_US East_2': 40, 'D2als_v6_US East_3': 40, 'D2as_v6_US East_1': 40, 'D2as_v6_US East_2': 40, 'D2as_v6_US East_3': 40, 'D2pds_v5_US East_1': 40, 'D2pds_v5_US East_2': 40, 'D2pds_v5_US East_3': 40, 'D2plds_v5_US East_1': 40, 'D2plds_v5_US East_2': 40, 'D2plds_v5_US East_3': 40, 'D2pls_v5_US East_1': 40, 'D2pls_v5_US East_2': 40, 'D2pls_v5_US East_3': 40, 'D2ps_v5_US East_1': 40, 'D2ps_v5_US East_2': 40, 'D2ps_v5_US East_3': 40, 'D32ads_v6_US East_1': 40, 'D32ads_v6_US East_2': 40, 'D32alds_v6_US East_1': 40, 'D32alds_v6_US East_3': 40, 'D32als_v6_US East_1': 40, 'D32als_v6_US East_2': 40, 'D32as_v6_US East_1': 40, 'D32as_v6_US East_2': 40, 'D32plds_v5_US East_3': 40, 'D32pls_v5_US East_1': 40, 'D48ads_v6_US East_2': 40, 'D48alds_v6_US East_3': 40, 'D48als_v6_US East_1': 40, 'D48als_v6_US East_3': 40, 'D4ads_v6_US East_1': 40, 'D4ads_v6_US East_2': 40, 'D4ads_v6_US East_3': 40, 'D4alds_v6_US East_1': 40, 'D4alds_v6_US East_2': 40, 'D4alds_v6_US East_3': 40, 'D4als_v6_US East_1': 40, 'D4als_v6_US East_2': 40, 'D4als_v6_US East_3': 40, 'D4as_v6_US East_1': 40, 'D4as_v6_US East_2': 40, 'D4as_v6_US East_3': 40, 'D4pds_v5_US East_1': 40, 'D4pds_v5_US East_2': 40, 'D4pds_v5_US East_3': 40, 'D4plds_v5_US East_1': 40, 'D4plds_v5_US East_2': 40, 'D4plds_v5_US East_3': 40, 'D4pls_v5_US East_1': 40, 'D4pls_v5_US East_2': 40, 'D4pls_v5_US East_3': 40, 'D4ps_v5_US East_1': 40, 'D4ps_v5_US East_2': 40, 'D4ps_v5_US East_3': 40, 'D64ads_v6_US East_3': 40, 'D64alds_v6_US East_3': 40, 'D64als_v6_US East_3': 40, 'D64as_v6_US East_3': 40, 'D8ads_v6_US East_1': 40, 'D8ads_v6_US East_3': 40, 'D8alds_v6_US East_1': 40, 'D8alds_v6_US East_3': 40, 'D8als_v6_US East_2': 40, 'D8als_v6_US East_3': 40, 'D8as_v6_US East_1': 40, 'D8as_v6_US East_2': 40, 'D8plds_v5_US East_1': 40, 'D8plds_v5_US East_2': 40, 'D8plds_v5_US East_3': 40, 'D8pls_v5_US East_1': 40, 'D8pls_v5_US East_2': 40, 'D8pls_v5_US East_3': 40, 'D8ps_v5_US East_1': 40, 'D8ps_v5_US East_2': 40, 'D8ps_v5_US East_3': 40, 'D96ads_v6_US East_3': 40, 'D96alds_v6_US East_3': 40, 'D96als_v6_US East_2': 40, 'D96as_v6_US East_3': 40, 'E16ads_v6_US East_2': 40, 'E16ads_v6_US East_3': 40, 'E16as_v6_US East_1': 40, 'E16as_v6_US East_3': 40, 'E20ads_v6_US East_2': 40, 'E20ads_v6_US East_3': 40, 'E20as_v6_US East_2': 40, 'E20as_v6_US East_3': 40, 'E2ads_v6_US East_1': 40, 'E2ads_v6_US East_2': 40, 'E2ads_v6_US East_3': 40, 'E2as_v6_US East_1': 40, 'E2as_v6_US East_2': 40, 'E2as_v6_US East_3': 40, 'E2ps_v5_US East_1': 40, 'E2ps_v5_US East_2': 40, 'E2ps_v5_US East_3': 40, 'E32ads_v6_US East_2': 40, 'E32as_v6_US East_3': 40, 'E48ads_v6_US East_3': 40, 'E48as_v6_US East_2': 40, 'E4ads_v6_US East_2': 40, 'E4ads_v6_US East_3': 40, 'E4as_v6_US East_1': 40, 'E4as_v6_US East_3': 40, 'E4ps_v5_US East_1': 40, 'E4ps_v5_US East_2': 40, 'E4ps_v5_US East_3': 40, 'E64ads_v6_US East_1': 40, 'E64as_v6_US East_3': 40, 'E8ads_v6_US East_1': 40, 'E8ads_v6_US East_2': 40, 'E8as_v6_US East_1': 40, 'E8as_v6_US East_2': 40, 'E8ps_v5_US East_3': 40, 'E96-48ads_v6_US East_3': 40, 'E96ads_v6_US East_3': 40, 'E96as_v6_US East_3': 40, 'F16als_v6_US East_1': 40, 'F16als_v6_US East_3': 40, 'F16ams_v6_US East_2': 40, 'F16ams_v6_US East_3': 40, 'F16as_v6_US East_2': 40, 'F16as_v6_US East_3': 40, 'F2als_v6_US East_1': 40, 'F2als_v6_US East_2': 40, 'F2als_v6_US East_3': 40, 'F2ams_v6_US East_1': 40, 'F2ams_v6_US East_2': 40, 'F2ams_v6_US East_3': 40, 'F2as_v6_US East_1': 40, 'F2as_v6_US East_2': 40, 'F2as_v6_US East_3': 40, 'F32als_v6_US East_1': 40, 'F32ams_v6_US East_2': 40, 'F32as_v6_US East_2': 40, 'F48als_v6_US East_1': 40, 'F48ams_v6_US East_2': 40, 'F48as_v6_US East_2': 40, 'F4als_v6_US East_2': 40, 'F4als_v6_US East_3': 40, 'F4ams_v6_US East_2': 40, 'F4ams_v6_US East_3': 40, 'F4as_v6_US East_1': 40, 'F4as_v6_US East_3': 40, 'F64als_v6_US East_3': 40, 'F64ams_v6_US East_1': 40, 'F64as_v6_US East_3': 40, 'F8als_v6_US East_2': 40, 'F8als_v6_US East_3': 40, 'F8ams_v6_US East_2': 40, 'F8ams_v6_US East_3': 40, 'F8as_v6_US East_2': 40, 'F8as_v6_US East_3': 40, 'NV4as_v4_US East_1': 40, 'NV4as_v4_US East_2': 40, 'NV4as_v4_US East_3': 40, 'NV8as_v4_US East_1': 40, 'NV8as_v4_US East_2': 40, 'NV8as_v4_US East_3': 40}"
0.68,1415.8184400000002,1877251373,1325912.5041484833,61480,61470,"{'B2pls_v2_US East_1': 40, 'B2pls_v2_US East_2': 40, 'B2pls_v2_US East_3': 40, 'D16ads_v6_US East_2': 40, 'D16ads_v6_US East_3': 40, 'D16alds_v6_US East_1': 40, 'D16alds_v6_US East_2': 40, 'D16als_v6_US East_2': 40, 'D16als_v6_US East_3': 40, 'D16as_v6_US East_2': 40, 'D16as_v6_US East_3': 40, 'D16pds_v5_US East_2': 40, 'D16plds_v5_US East_2': 40, 'D16plds_v5_US East_3': 40, 'D16pls_v5_US East_1': 40, 'D16pls_v5_US East_3': 40, 'D16ps_v5_US East_2': 40, 'D2ads_v6_US East_1': 40, 'D2ads_v6_US East_2': 40, 'D2ads_v6_US East_3': 40, 'D2alds_v6_US East_1': 40, 'D2alds_v6_US East_2': 40, 'D2alds_v6_US East_3': 40, 'D2als_v6_US East_1': 40, 'D2als_v6_US East_2': 40, 'D2als_v6_US East_3': 40, 'D2as_v6_US East_1': 40, 'D2as_v6_US East_2': 40, 'D2as_v6_US East_3': 40, 'D2pds_v5_US East_1': 40, 'D2pds_v5_US East_2': 40, 'D2pds_v5_US East_3': 40, 'D2plds_v5_US East_1': 40, 'D2plds_v5_US East_2': 40, 'D2plds_v5_US East_3': 40, 'D2pls_v5_US East_1': 40, 'D2pls_v5_US East_2': 40, 'D2pls_v5_US East_3': 40, 'D2ps_v5_US East_1': 40, 'D2ps_v5_US East_2': 40, 'D2ps_v5_US East_3': 40, 'D32ads_v6_US East_1': 40, 'D32ads_v6_US East_2': 40, 'D32alds_v6_US East_1': 40, 'D32alds_v6_US East_3': 40, 'D32als_v6_US East_1': 40, 'D32als_v6_US East_2': 40, 'D32as_v6_US East_1': 40, 'D32as_v6_US East_2': 40, 'D32plds_v5_US East_3': 40, 'D32pls_v5_US East_1': 40, 'D48ads_v6_US East_2': 40, 'D48alds_v6_US East_3': 40, 'D48als_v6_US East_1': 40, 'D48als_v6_US East_3': 40, 'D4ads_v6_US East_1': 40, 'D4ads_v6_US East_2': 40, 'D4ads_v6_US East_3': 40, 'D4alds_v6_US East_1': 40, 'D4alds_v6_US East_2': 40, 'D4alds_v6_US East_3': 40, 'D4als_v6_US East_1': 40, 'D4als_v6_US East_2': 40, 'D4als_v6_US East_3': 40, 'D4as_v6_US East_1': 40, 'D4as_v6_US East_2': 40, 'D4as_v6_US East_3': 40, 'D4pds_v5_US East_1': 40, 'D4pds_v5_US East_2': 40, 'D4pds_v5_US East_3': 40, 'D4plds_v5_US East_1': 40, 'D4plds_v5_US East_2': 40, 'D4plds_v5_US East_3': 40, 'D4pls_v5_US East_1': 40, 'D4pls_v5_US East_2': 40, 'D4pls_v5_US East_3': 40, 'D4ps_v5_US East_1': 40, 'D4ps_v5_US East_2': 40, 'D4ps_v5_US East_3': 40, 'D64ads_v6_US East_3': 40, 'D64alds_v6_US East_3': 40, 'D64als_v6_US East_3': 40, 'D64as_v6_US East_3': 40, 'D8ads_v6_US East_1': 40, 'D8ads_v6_US East_3': 40, 'D8alds_v6_US East_1': 40, 'D8alds_v6_US East_3': 40, 'D8als_v6_US East_2': 40, 'D8als_v6_US East_3': 40, 'D8as_v6_US East_1': 40, 'D8as_v6_US East_2': 40, 'D8plds_v5_US East_1': 40, 'D8plds_v5_US East_2': 40, 'D8plds_v5_US East_3': 40, 'D8pls_v5_US East_1': 40, 'D8pls_v5_US East_2': 40, 'D8pls_v5_US East_3': 40, 'D8ps_v5_US East_1': 40, 'D8ps_v5_US East_2': 40, 'D8ps_v5_US East_3': 40, 'D96ads_v6_US East_3': 40, 'D96alds_v6_US East_3': 40, 'D96als_v6_US East_2': 40, 'D96as_v6_US East_3': 40, 'E16ads_v6_US East_2': 40, 'E16ads_v6_US East_3': 40, 'E16as_v6_US East_1': 40, 'E16as_v6_US East_3': 40, 'E20ads_v6_US East_2': 40, 'E20ads_v6_US East_3': 40, 'E20as_v6_US East_2': 40, 'E20as_v6_US East_3': 40, 'E2ads_v6_US East_1': 40, 'E2ads_v6_US East_2': 40, 'E2ads_v6_US East_3': 40, 'E2as_v6_US East_1': 40, 'E2as_v6_US East_2': 40, 'E2as_v6_US East_3': 40, 'E2ps_v5_US East_1': 40, 'E2ps_v5_US East_2': 40, 'E2ps_v5_US East_3': 40, 'E32ads_v6_US East_2': 40, 'E32as_v6_US East_3': 40, 'E48ads_v6_US East_3': 40, 'E48as_v6_US East_2': 40, 'E4ads_v6_US East_2': 40, 'E4ads_v6_US East_3': 40, 'E4as_v6_US East_1': 40, 'E4as_v6_US East_3': 40, 'E4ps_v5_US East_1': 40, 'E4ps_v5_US East_2': 40, 'E4ps_v5_US East_3': 40, 'E64ads_v6_US East_1': 40, 'E64as_v6_US East_3': 40, 'E8ads_v6_US East_1': 40, 'E8ads_v6_US East_2': 40, 'E8as_v6_US East_1': 40, 'E8as_v6_US East_2': 40, 'E8ps_v5_US East_3': 40, 'E96-48ads_v6_US East_3': 40, 'E96ads_v6_US East_3': 40, 'E96as_v6_US East_3': 40, 'F16als_v6_US East_1': 40, 'F16als_v6_US East_3': 40, 'F16ams_v6_US East_2': 40, 'F16ams_v6_US East_3': 40, 'F16as_v6_US East_2': 40, 'F16as_v6_US East_3': 40, 'F2als_v6_US East_1': 40, 'F2als_v6_US East_2': 40, 'F2als_v6_US East_3': 40, 'F2ams_v6_US East_1': 40, 'F2ams_v6_US East_2': 40, 'F2ams_v6_US East_3': 40, 'F2as_v6_US East_1': 40, 'F2as_v6_US East_2': 40, 'F2as_v6_US East_3': 40, 'F32als_v6_US East_1': 40, 'F32ams_v6_US East_2': 40, 'F32as_v6_US East_2': 40, 'F48als_v6_US East_1': 40, 'F48ams_v6_US East_2': 40, 'F48as_v6_US East_2': 40, 'F4als_v6_US East_2': 40, 'F4als_v6_US East_3': 40, 'F4ams_v6_US East_2': 40, 'F4ams_v6_US East_3': 40, 'F4as_v6_US East_1': 40, 'F4as_v6_US East_3': 40, 'F64als_v6_US East_3': 40, 'F64ams_v6_US East_1': 40, 'F64as_v6_US East_3': 40, 'F8als_v6_US East_2': 40, 'F8als_v6_US East_3': 40, 'F8ams_v6_US East_2': 40, 'F8ams_v6_US East_3': 40, 'F8as_v6_US East_2': 40, 'F8as_v6_US East_3': 40, 'NV4as_v4_US East_1': 40, 'NV4as_v4_US East_2': 40, 'NV4as_v4_US East_3': 40, 'NV8as_v4_US East_1': 40, 'NV8as_v4_US East_2': 40, 'NV8as_v4_US East_3': 40}"
0.6900000000000001,1415.8184400000002,1877251373,1325912.5041484833,61480,61470,"{'B2pls_v2_US East_1': 40, 'B2pls_v2_US East_2': 40, 'B2pls_v2_US East_3': 40, 'D16ads_v6_US East_2': 40, 'D16ads_v6_US East_3': 40, 'D16alds_v6_US East_1': 40, 'D16alds_v6_US East_2': 40, 'D16als_v6_US East_2': 40, 'D16als_v6_US East_3': 40, 'D16as_v6_US East_2': 40, 'D16as_v6_US East_3': 40, 'D16pds_v5_US East_2': 40, 'D16plds_v5_US East_2': 40, 'D16plds_v5_US East_3': 40, 'D16pls_v5_US East_1': 40, 'D16pls_v5_US East_3': 40, 'D16ps_v5_US East_2': 40, 'D2ads_v6_US East_1': 40, 'D2ads_v6_US East_2': 40, 'D2ads_v6_US East_3': 40, 'D2alds_v6_US East_1': 40, 'D2alds_v6_US East_2': 40, 'D2alds_v6_US East_3': 40, 'D2als_v6_US East_1': 40, 'D2als_v6_US East_2': 40, 'D2als_v6_US East_3': 40, 'D2as_v6_US East_1': 40, 'D2as_v6_US East_2': 40, 'D2as_v6_US East_3': 40, 'D2pds_v5_US East_1': 40, 'D2pds_v5_US East_2': 40, 'D2pds_v5_US East_3': 40, 'D2plds_v5_US East_1': 40, 'D2plds_v5_US East_2': 40, 'D2plds_v5_US East_3': 40, 'D2pls_v5_US East_1': 40, 'D2pls_v5_US East_2': 40, 'D2pls_v5_US East_3': 40, 'D2ps_v5_US East_1': 40, 'D2ps_v5_US East_2': 40, 'D2ps_v5_US East_3': 40, 'D32ads_v6_US East_1': 40, 'D32ads_v6_US East_2': 40, 'D32alds_v6_US East_1': 40, 'D32alds_v6_US East_3': 40, 'D32als_v6_US East_1': 40, 'D32als_v6_US East_2': 40, 'D32as_v6_US East_1': 40, 'D32as_v6_US East_2': 40, 'D32plds_v5_US East_3': 40, 'D32pls_v5_US East_1': 40, 'D48ads_v6_US East_2': 40, 'D48alds_v6_US East_3': 40, 'D48als_v6_US East_1': 40, 'D48als_v6_US East_3': 40, 'D4ads_v6_US East_1': 40, 'D4ads_v6_US East_2': 40, 'D4ads_v6_US East_3': 40, 'D4alds_v6_US East_1': 40, 'D4alds_v6_US East_2': 40, 'D4alds_v6_US East_3': 40, 'D4als_v6_US East_1': 40, 'D4als_v6_US East_2': 40, 'D4als_v6_US East_3': 40, 'D4as_v6_US East_1': 40, 'D4as_v6_US East_2': 40, 'D4as_v6_US East_3': 40, 'D4pds_v5_US East_1': 40, 'D4pds_v5_US East_2': 40, 'D4pds_v5_US East_3': 40, 'D4plds_v5_US East_1': 40, 'D4plds_v5_US East_2': 40, 'D4plds_v5_US East_3': 40, 'D4pls_v5_US East_1': 40, 'D4pls_v5_US East_2': 40, 'D4pls_v5_US East_3': 40, 'D4ps_v5_US East_1': 40, 'D4ps_v5_US East_2': 40, 'D4ps_v5_US East_3': 40, 'D64ads_v6_US East_3': 40, 'D64alds_v6_US East_3': 40, 'D64als_v6_US East_3': 40, 'D64as_v6_US East_3': 40, 'D8ads_v6_US East_1': 40, 'D8ads_v6_US East_3': 40, 'D8alds_v6_US East_1': 40, 'D8alds_v6_US East_3': 40, 'D8als_v6_US East_2': 40, 'D8als_v6_US East_3': 40, 'D8as_v6_US East_1': 40, 'D8as_v6_US East_2': 40, 'D8plds_v5_US East_1': 40, 'D8plds_v5_US East_2': 40, 'D8plds_v5_US East_3': 40, 'D8pls_v5_US East_1': 40, 'D8pls_v5_US East_2': 40, 'D8pls_v5_US East_3': 40, 'D8ps_v5_US East_1': 40, 'D8ps_v5_US East_2': 40, 'D8ps_v5_US East_3': 40, 'D96ads_v6_US East_3': 40, 'D96alds_v6_US East_3': 40, 'D96als_v6_US East_2': 40, 'D96as_v6_US East_3': 40, 'E16ads_v6_US East_2': 40, 'E16ads_v6_US East_3': 40, 'E16as_v6_US East_1': 40, 'E16as_v6_US East_3': 40, 'E20ads_v6_US East_2': 40, 'E20ads_v6_US East_3': 40, 'E20as_v6_US East_2': 40, 'E20as_v6_US East_3': 40, 'E2ads_v6_US East_1': 40, 'E2ads_v6_US East_2': 40, 'E2ads_v6_US East_3': 40, 'E2as_v6_US East_1': 40, 'E2as_v6_US East_2': 40, 'E2as_v6_US East_3': 40, 'E2ps_v5_US East_1': 40, 'E2ps_v5_US East_2': 40, 'E2ps_v5_US East_3': 40, 'E32ads_v6_US East_2': 40, 'E32as_v6_US East_3': 40, 'E48ads_v6_US East_3': 40, 'E48as_v6_US East_2': 40, 'E4ads_v6_US East_2': 40, 'E4ads_v6_US East_3': 40, 'E4as_v6_US East_1': 40, 'E4as_v6_US East_3': 40, 'E4ps_v5_US East_1': 40, 'E4ps_v5_US East_2': 40, 'E4ps_v5_US East_3': 40, 'E64ads_v6_US East_1': 40, 'E64as_v6_US East_3': 40, 'E8ads_v6_US East_1': 40, 'E8ads_v6_US East_2': 40, 'E8as_v6_US East_1': 40, 'E8as_v6_US East_2': 40, 'E8ps_v5_US East_3': 40, 'E96-48ads_v6_US East_3': 40, 'E96ads_v6_US East_3': 40, 'E96as_v6_US East_3': 40, 'F16als_v6_US East_1': 40, 'F16als_v6_US East_3': 40, 'F16ams_v6_US East_2': 40, 'F16ams_v6_US East_3': 40, 'F16as_v6_US East_2': 40, 'F16as_v6_US East_3': 40, 'F2als_v6_US East_1': 40, 'F2als_v6_US East_2': 40, 'F2als_v6_US East_3': 40, 'F2ams_v6_US East_1': 40, 'F2ams_v6_US East_2': 40, 'F2ams_v6_US East_3': 40, 'F2as_v6_US East_1': 40, 'F2as_v6_US East_2': 40, 'F2as_v6_US East_3': 40, 'F32als_v6_US East_1': 40, 'F32ams_v6_US East_2': 40, 'F32as_v6_US East_2': 40, 'F48als_v6_US East_1': 40, 'F48ams_v6_US East_2': 40, 'F48as_v6_US East_2': 40, 'F4als_v6_US East_2': 40, 'F4als_v6_US East_3': 40, 'F4ams_v6_US East_2': 40, 'F4ams_v6_US East_3': 40, 'F4as_v6_US East_1': 40, 'F4as_v6_US East_3': 40, 'F64als_v6_US East_3': 40, 'F64ams_v6_US East_1': 40, 'F64as_v6_US East_3': 40, 'F8als_v6_US East_2': 40, 'F8als_v6_US East_3': 40, 'F8ams_v6_US East_2': 40, 'F8ams_v6_US East_3': 40, 'F8as_v6_US East_2': 40, 'F8as_v6_US East_3': 40, 'NV4as_v4_US East_1': 40, 'NV4as_v4_US East_2': 40, 'NV4as_v4_US East_3': 40, 'NV8as_v4_US East_1': 40, 'NV8as_v4_US East_2': 40, 'NV8as_v4_US East_3': 40}"
0.7000000000000001,1415.8184400000002,1877251373,1325912.5041484833,61480,61470,"{'B2pls_v2_US East_1': 40, 'B2pls_v2_US East_2': 40, 'B2pls_v2_US East_3': 40, 'D16ads_v6_US East_2': 40, 'D16ads_v6_US East_3': 40, 'D16alds_v6_US East_1': 40, 'D16alds_v6_US East_2': 40, 'D16als_v6_US East_2': 40, 'D16als_v6_US East_3': 40, 'D16as_v6_US East_2': 40, 'D16as_v6_US East_3': 40, 'D16pds_v5_US East_2': 40, 'D16plds_v5_US East_2': 40, 'D16plds_v5_US East_3': 40, 'D16pls_v5_US East_1': 40, 'D16pls_v5_US East_3': 40, 'D16ps_v5_US East_2': 40, 'D2ads_v6_US East_1': 40, 'D2ads_v6_US East_2': 40, 'D2ads_v6_US East_3': 40, 'D2alds_v6_US East_1': 40, 'D2alds_v6_US East_2': 40, 'D2alds_v6_US East_3': 40, 'D2als_v6_US East_1': 40, 'D2als_v6_US East_2': 40, 'D2als_v6_US East_3': 40, 'D2as_v6_US East_1': 40, 'D2as_v6_US East_2': 40, 'D2as_v6_US East_3': 40, 'D2pds_v5_US East_1': 40, 'D2pds_v5_US East_2': 40, 'D2pds_v5_US East_3': 40, 'D2plds_v5_US East_1': 40, 'D2plds_v5_US East_2': 40, 'D2plds_v5_US East_3': 40, 'D2pls_v5_US East_1': 40, 'D2pls_v5_US East_2': 40, 'D2pls_v5_US East_3': 40, 'D2ps_v5_US East_1': 40, 'D2ps_v5_US East_2': 40, 'D2ps_v5_US East_3': 40, 'D32ads_v6_US East_1': 40, 'D32ads_v6_US East_2': 40, 'D32alds_v6_US East_1': 40, 'D32alds_v6_US East_3': 40, 'D32als_v6_US East_1': 40, 'D32als_v6_US East_2': 40, 'D32as_v6_US East_1': 40, 'D32as_v6_US East_2': 40, 'D32plds_v5_US East_3': 40, 'D32pls_v5_US East_1': 40, 'D48ads_v6_US East_2': 40, 'D48alds_v6_US East_3': 40, 'D48als_v6_US East_1': 40, 'D48als_v6_US East_3': 40, 'D4ads_v6_US East_1': 40, 'D4ads_v6_US East_2': 40, 'D4ads_v6_US East_3': 40, 'D4alds_v6_US East_1': 40, 'D4alds_v6_US East_2': 40, 'D4alds_v6_US East_3': 40, 'D4als_v6_US East_1': 40, 'D4als_v6_US East_2': 40, 'D4als_v6_US East_3': 40, 'D4as_v6_US East_1': 40, 'D4as_v6_US East_2': 40, 'D4as_v6_US East_3': 40, 'D4pds_v5_US East_1': 40, 'D4pds_v5_US East_2': 40, 'D4pds_v5_US East_3': 40, 'D4plds_v5_US East_1': 40, 'D4plds_v5_US East_2': 40, 'D4plds_v5_US East_3': 40, 'D4pls_v5_US East_1': 40, 'D4pls_v5_US East_2': 40, 'D4pls_v5_US East_3': 40, 'D4ps_v5_US East_1': 40, 'D4ps_v5_US East_2': 40, 'D4ps_v5_US East_3': 40, 'D64ads_v6_US East_3': 40, 'D64alds_v6_US East_3': 40, 'D64als_v6_US East_3': 40, 'D64as_v6_US East_3': 40, 'D8ads_v6_US East_1': 40, 'D8ads_v6_US East_3': 40, 'D8alds_v6_US East_1': 40, 'D8alds_v6_US East_3': 40, 'D8als_v6_US East_2': 40, 'D8als_v6_US East_3': 40, 'D8as_v6_US East_1': 40, 'D8as_v6_US East_2': 40, 'D8plds_v5_US East_1': 40, 'D8plds_v5_US East_2': 40, 'D8plds_v5_US East_3': 40, 'D8pls_v5_US East_1': 40, 'D8pls_v5_US East_2': 40, 'D8pls_v5_US East_3': 40, 'D8ps_v5_US East_1': 40, 'D8ps_v5_US East_2': 40, 'D8ps_v5_US East_3': 40, 'D96ads_v6_US East_3': 40, 'D96alds_v6_US East_3': 40, 'D96als_v6_US East_2': 40, 'D96as_v6_US East_3': 40, 'E16ads_v6_US East_2': 40, 'E16ads_v6_US East_3': 40, 'E16as_v6_US East_1': 40, 'E16as_v6_US East_3': 40, 'E20ads_v6_US East_2': 40, 'E20ads_v6_US East_3': 40, 'E20as_v6_US East_2': 40, 'E20as_v6_US East_3': 40, 'E2ads_v6_US East_1': 40, 'E2ads_v6_US East_2': 40, 'E2ads_v6_US East_3': 40, 'E2as_v6_US East_1': 40, 'E2as_v6_US East_2': 40, 'E2as_v6_US East_3': 40, 'E2ps_v5_US East_1': 40, 'E2ps_v5_US East_2': 40, 'E2ps_v5_US East_3': 40, 'E32ads_v6_US East_2': 40, 'E32as_v6_US East_3': 40, 'E48ads_v6_US East_3': 40, 'E48as_v6_US East_2': 40, 'E4ads_v6_US East_2': 40, 'E4ads_v6_US East_3': 40, 'E4as_v6_US East_1': 40, 'E4as_v6_US East_3': 40, 'E4ps_v5_US East_1': 40, 'E4ps_v5_US East_2': 40, 'E4ps_v5_US East_3': 40, 'E64ads_v6_US East_1': 40, 'E64as_v6_US East_3': 40, 'E8ads_v6_US East_1': 40, 'E8ads_v6_US East_2': 40, 'E8as_v6_US East_1': 40, 'E8as_v6_US East_2': 40, 'E8ps_v5_US East_3': 40, 'E96-48ads_v6_US East_3': 40, 'E96ads_v6_US East_3': 40, 'E96as_v6_US East_3': 40, 'F16als_v6_US East_1': 40, 'F16als_v6_US East_3': 40, 'F16ams_v6_US East_2': 40, 'F16ams_v6_US East_3': 40, 'F16as_v6_US East_2': 40, 'F16as_v6_US East_3': 40, 'F2als_v6_US East_1': 40, 'F2als_v6_US East_2': 40, 'F2als_v6_US East_3': 40, 'F2ams_v6_US East_1': 40, 'F2ams_v6_US East_2': 40, 'F2ams_v6_US East_3': 40, 'F2as_v6_US East_1': 40, 'F2as_v6_US East_2': 40, 'F2as_v6_US East_3': 40, 'F32als_v6_US East_1': 40, 'F32ams_v6_US East_2': 40, 'F32as_v6_US East_2': 40, 'F48als_v6_US East_1': 40, 'F48ams_v6_US East_2': 40, 'F48as_v6_US East_2': 40, 'F4als_v6_US East_2': 40, 'F4als_v6_US East_3': 40, 'F4ams_v6_US East_2': 40, 'F4ams_v6_US East_3': 40, 'F4as_v6_US East_1': 40, 'F4as_v6_US East_3': 40, 'F64als_v6_US East_3': 40, 'F64ams_v6_US East_1': 40, 'F64as_v6_US East_3': 40, 'F8als_v6_US East_2': 40, 'F8als_v6_US East_3': 40, 'F8ams_v6_US East_2': 40, 'F8ams_v6_US East_3': 40, 'F8as_v6_US East_2': 40, 'F8as_v6_US East_3': 40, 'NV4as_v4_US East_1': 40, 'NV4as_v4_US East_2': 40, 'NV4as_v4_US East_3': 40, 'NV8as_v4_US East_1': 40, 'NV8as_v4_US East_2': 40, 'NV8as_v4_US East_3': 40}"
0.71,1415.8184400000002,1877251373,1325912.5041484833,61480,61470,"{'B2pls_v2_US East_1': 40, 'B2pls_v2_US East_2': 40, 'B2pls_v2_US East_3': 40, 'D16ads_v6_US East_2': 40, 'D16ads_v6_US East_3': 40, 'D16alds_v6_US East_1': 40, 'D16alds_v6_US East_2': 40, 'D16als_v6_US East_2': 40, 'D16als_v6_US East_3': 40, 'D16as_v6_US East_2': 40, 'D16as_v6_US East_3': 40, 'D16pds_v5_US East_2': 40, 'D16plds_v5_US East_2': 40, 'D16plds_v5_US East_3': 40, 'D16pls_v5_US East_1': 40, 'D16pls_v5_US East_3': 40, 'D16ps_v5_US East_2': 40, 'D2ads_v6_US East_1': 40, 'D2ads_v6_US East_2': 40, 'D2ads_v6_US East_3': 40, 'D2alds_v6_US East_1': 40, 'D2alds_v6_US East_2': 40, 'D2alds_v6_US East_3': 40, 'D2als_v6_US East_1': 40, 'D2als_v6_US East_2': 40, 'D2als_v6_US East_3': 40, 'D2as_v6_US East_1': 40, 'D2as_v6_US East_2': 40, 'D2as_v6_US East_3': 40, 'D2pds_v5_US East_1': 40, 'D2pds_v5_US East_2': 40, 'D2pds_v5_US East_3': 40, 'D2plds_v5_US East_1': 40, 'D2plds_v5_US East_2': 40, 'D2plds_v5_US East_3': 40, 'D2pls_v5_US East_1': 40, 'D2pls_v5_US East_2': 40, 'D2pls_v5_US East_3': 40, 'D2ps_v5_US East_1': 40, 'D2ps_v5_US East_2': 40, 'D2ps_v5_US East_3': 40, 'D32ads_v6_US East_1': 40, 'D32ads_v6_US East_2': 40, 'D32alds_v6_US East_1': 40, 'D32alds_v6_US East_3': 40, 'D32als_v6_US East_1': 40, 'D32als_v6_US East_2': 40, 'D32as_v6_US East_1': 40, 'D32as_v6_US East_2': 40, 'D32plds_v5_US East_3': 40, 'D32pls_v5_US East_1': 40, 'D48ads_v6_US East_2': 40, 'D48alds_v6_US East_3': 40, 'D48als_v6_US East_1': 40, 'D48als_v6_US East_3': 40, 'D4ads_v6_US East_1': 40, 'D4ads_v6_US East_2': 40, 'D4ads_v6_US East_3': 40, 'D4alds_v6_US East_1': 40, 'D4alds_v6_US East_2': 40, 'D4alds_v6_US East_3': 40, 'D4als_v6_US East_1': 40, 'D4als_v6_US East_2': 40, 'D4als_v6_US East_3': 40, 'D4as_v6_US East_1': 40, 'D4as_v6_US East_2': 40, 'D4as_v6_US East_3': 40, 'D4pds_v5_US East_1': 40, 'D4pds_v5_US East_2': 40, 'D4pds_v5_US East_3': 40, 'D4plds_v5_US East_1': 40, 'D4plds_v5_US East_2': 40, 'D4plds_v5_US East_3': 40, 'D4pls_v5_US East_1': 40, 'D4pls_v5_US East_2': 40, 'D4pls_v5_US East_3': 40, 'D4ps_v5_US East_1': 40, 'D4ps_v5_US East_2': 40, 'D4ps_v5_US East_3': 40, 'D64ads_v6_US East_3': 40, 'D64alds_v6_US East_3': 40, 'D64als_v6_US East_3': 40, 'D64as_v6_US East_3': 40, 'D8ads_v6_US East_1': 40, 'D8ads_v6_US East_3': 40, 'D8alds_v6_US East_1': 40, 'D8alds_v6_US East_3': 40, 'D8als_v6_US East_2': 40, 'D8als_v6_US East_3': 40, 'D8as_v6_US East_1': 40, 'D8as_v6_US East_2': 40, 'D8plds_v5_US East_1': 40, 'D8plds_v5_US East_2': 40, 'D8plds_v5_US East_3': 40, 'D8pls_v5_US East_1': 40, 'D8pls_v5_US East_2': 40, 'D8pls_v5_US East_3': 40, 'D8ps_v5_US East_1': 40, 'D8ps_v5_US East_2': 40, 'D8ps_v5_US East_3': 40, 'D96ads_v6_US East_3': 40, 'D96alds_v6_US East_3': 40, 'D96als_v6_US East_2': 40, 'D96as_v6_US East_3': 40, 'E16ads_v6_US East_2': 40, 'E16ads_v6_US East_3': 40, 'E16as_v6_US East_1': 40, 'E16as_v6_US East_3': 40, 'E20ads_v6_US East_2': 40, 'E20ads_v6_US East_3': 40, 'E20as_v6_US East_2': 40, 'E20as_v6_US East_3': 40, 'E2ads_v6_US East_1': 40, 'E2ads_v6_US East_2': 40, 'E2ads_v6_US East_3': 40, 'E2as_v6_US East_1': 40, 'E2as_v6_US East_2': 40, 'E2as_v6_US East_3': 40, 'E2ps_v5_US East_1': 40, 'E2ps_v5_US East_2': 40, 'E2ps_v5_US East_3': 40, 'E32ads_v6_US East_2': 40, 'E32as_v6_US East_3': 40, 'E48ads_v6_US East_3': 40, 'E48as_v6_US East_2': 40, 'E4ads_v6_US East_2': 40, 'E4ads_v6_US East_3': 40, 'E4as_v6_US East_1': 40, 'E4as_v6_US East_3': 40, 'E4ps_v5_US East_1': 40, 'E4ps_v5_US East_2': 40, 'E4ps_v5_US East_3': 40, 'E64ads_v6_US East_1': 40, 'E64as_v6_US East_3': 40, 'E8ads_v6_US East_1': 40, 'E8ads_v6_US East_2': 40, 'E8as_v6_US East_1': 40, 'E8as_v6_US East_2': 40, 'E8ps_v5_US East_3': 40, 'E96-48ads_v6_US East_3': 40, 'E96ads_v6_US East_3': 40, 'E96as_v6_US East_3': 40, 'F16als_v6_US East_1': 40, 'F16als_v6_US East_3': 40, 'F16ams_v6_US East_2': 40, 'F16ams_v6_US East_3': 40, 'F16as_v6_US East_2': 40, 'F16as_v6_US East_3': 40, 'F2als_v6_US East_1': 40, 'F2als_v6_US East_2': 40, 'F2als_v6_US East_3': 40, 'F2ams_v6_US East_1': 40, 'F2ams_v6_US East_2': 40, 'F2ams_v6_US East_3': 40, 'F2as_v6_US East_1': 40, 'F2as_v6_US East_2': 40, 'F2as_v6_US East_3': 40, 'F32als_v6_US East_1': 40, 'F32ams_v6_US East_2': 40, 'F32as_v6_US East_2': 40, 'F48als_v6_US East_1': 40, 'F48ams_v6_US East_2': 40, 'F48as_v6_US East_2': 40, 'F4als_v6_US East_2': 40, 'F4als_v6_US East_3': 40, 'F4ams_v6_US East_2': 40, 'F4ams_v6_US East_3': 40, 'F4as_v6_US East_1': 40, 'F4as_v6_US East_3': 40, 'F64als_v6_US East_3': 40, 'F64ams_v6_US East_1': 40, 'F64as_v6_US East_3': 40, 'F8als_v6_US East_2': 40, 'F8als_v6_US East_3': 40, 'F8ams_v6_US East_2': 40, 'F8ams_v6_US East_3': 40, 'F8as_v6_US East_2': 40, 'F8as_v6_US East_3': 40, 'NV4as_v4_US East_1': 40, 'NV4as_v4_US East_2': 40, 'NV4as_v4_US East_3': 40, 'NV8as_v4_US East_1': 40, 'NV8as_v4_US East_2': 40, 'NV8as_v4_US East_3': 40}"
0.72,1475.8489200000004,1903398470,1289697.3701075034,63400,63390,"{'B2pls_v2_US East_1': 40, 'B2pls_v2_US East_2': 40, 'B2pls_v2_US East_3': 40, 'D16ads_v6_US East_2': 40, 'D16ads_v6_US East_3': 40, 'D16alds_v6_US East_1': 40, 'D16alds_v6_US East_2': 40, 'D16als_v6_US East_2': 40, 'D16als_v6_US East_3': 40, 'D16as_v6_US East_2': 40, 'D16as_v6_US East_3': 40, 'D16pds_v5_US East_2': 40, 'D16plds_v5_US East_2': 40, 'D16plds_v5_US East_3': 40, 'D16pls_v5_US East_1': 40, 'D16pls_v5_US East_3': 40, 'D16ps_v5_US East_2': 40, 'D2ads_v6_US East_1': 40, 'D2ads_v6_US East_2': 40, 'D2ads_v6_US East_3': 40, 'D2alds_v6_US East_1': 40, 'D2alds_v6_US East_2': 40, 'D2alds_v6_US East_3': 40, 'D2als_v6_US East_1': 40, 'D2als_v6_US East_2': 40, 'D2als_v6_US East_3': 40, 'D2as_v6_US East_1': 40, 'D2as_v6_US East_2': 40, 'D2as_v6_US East_3': 40, 'D2pds_v5_US East_1': 40, 'D2pds_v5_US East_2': 40, 'D2pds_v5_US East_3': 40, 'D2plds_v5_US East_1': 40, 'D2plds_v5_US East_2': 40, 'D2plds_v5_US East_3': 40, 'D2pls_v5_US East_1': 40, 'D2pls_v5_US East_2': 40, 'D2pls_v5_US East_3': 40, 'D2ps_v5_US East_1': 40, 'D2ps_v5_US East_2': 40, 'D2ps_v5_US East_3': 40, 'D32ads_v6_US East_1': 40, 'D32ads_v6_US East_2': 40, 'D32alds_v6_US East_1': 40, 'D32alds_v6_US East_3': 40, 'D32als_v6_US East_1': 40, 'D32als_v6_US East_2': 40, 'D32as_v6_US East_1': 40, 'D32as_v6_US East_2': 40, 'D32plds_v5_US East_3': 40, 'D32pls_v5_US East_1': 40, 'D48ads_v6_US East_2': 40, 'D48alds_v6_US East_3': 40, 'D48als_v6_US East_1': 40, 'D48als_v6_US East_3': 40, 'D4ads_v6_US East_1': 40, 'D4ads_v6_US East_2': 40, 'D4ads_v6_US East_3': 40, 'D4alds_v6_US East_1': 40, 'D4alds_v6_US East_2': 40, 'D4alds_v6_US East_3': 40, 'D4als_v6_US East_1': 40, 'D4als_v6_US East_2': 40, 'D4als_v6_US East_3': 40, 'D4as_v6_US East_1': 40, 'D4as_v6_US East_2': 40, 'D4as_v6_US East_3': 40, 'D4pds_v5_US East_1': 40, 'D4pds_v5_US East_2': 40, 'D4pds_v5_US East_3': 40, 'D4plds_v5_US East_1': 40, 'D4plds_v5_US East_2': 40, 'D4plds_v5_US East_3': 40, 'D4pls_v5_US East_1': 40, 'D4pls_v5_US East_2': 40, 'D4pls_v5_US East_3': 40, 'D4ps_v5_US East_1': 40, 'D4ps_v5_US East_2': 40, 'D4ps_v5_US East_3': 40, 'D64ads_v6_US East_3': 40, 'D64alds_v6_US East_3': 40, 'D64als_v6_US East_3': 40, 'D64as_v6_US East_3': 40, 'D8ads_v6_US East_1': 40, 'D8ads_v6_US East_3': 40, 'D8alds_v6_US East_1': 40, 'D8alds_v6_US East_3': 40, 'D8als_v6_US East_2': 40, 'D8als_v6_US East_3': 40, 'D8as_v6_US East_1': 40, 'D8as_v6_US East_2': 40, 'D8plds_v5_US East_1': 40, 'D8plds_v5_US East_2': 40, 'D8plds_v5_US East_3': 40, 'D8pls_v5_US East_1': 40, 'D8pls_v5_US East_2': 40, 'D8pls_v5_US East_3': 40, 'D8ps_v5_US East_1': 40, 'D8ps_v5_US East_2': 40, 'D8ps_v5_US East_3': 40, 'D96ads_v6_US East_3': 40, 'D96alds_v6_US East_3': 40, 'D96als_v6_US East_2': 40, 'D96as_v6_US East_3': 40, 'E16ads_v6_US East_2': 40, 'E16ads_v6_US East_3': 40, 'E16as_v6_US East_1': 40, 'E16as_v6_US East_3': 40, 'E20ads_v6_US East_2': 40, 'E20ads_v6_US East_3': 40, 'E20as_v6_US East_2': 40, 'E20as_v6_US East_3': 40, 'E2ads_v6_US East_1': 40, 'E2ads_v6_US East_2': 40, 'E2ads_v6_US East_3': 40, 'E2as_v6_US East_1': 40, 'E2as_v6_US East_2': 40, 'E2as_v6_US East_3': 40, 'E2ps_v5_US East_1': 40, 'E2ps_v5_US East_2': 40, 'E2ps_v5_US East_3': 40, 'E32ads_v6_US East_2': 40, 'E32as_v6_US East_3': 40, 'E48ads_v6_US East_3': 40, 'E48as_v6_US East_2': 40, 'E4ads_v6_US East_2': 40, 'E4ads_v6_US East_3': 40, 'E4as_v6_US East_1': 40, 'E4as_v6_US East_3': 40, 'E4ps_v5_US East_1': 40, 'E4ps_v5_US East_2': 40, 'E4ps_v5_US East_3': 40, 'E64ads_v6_US East_1': 40, 'E64as_v6_US East_3': 40, 'E8ads_v6_US East_1': 40, 'E8ads_v6_US East_2': 40, 'E8as_v6_US East_1': 40, 'E8as_v6_US East_2': 40, 'E8ps_v5_US East_3': 40, 'E96-48ads_v6_US East_3': 40, 'E96ads_v6_US East_3': 40, 'E96as_v6_US East_3': 40, 'F16als_v6_US East_1': 40, 'F16als_v6_US East_3': 40, 'F16ams_v6_US East_2': 40, 'F16ams_v6_US East_3': 40, 'F16as_v6_US East_2': 40, 'F16as_v6_US East_3': 40, 'F2als_v6_US East_1': 40, 'F2als_v6_US East_2': 40, 'F2als_v6_US East_3': 40, 'F2ams_v6_US East_1': 40, 'F2ams_v6_US East_2': 40, 'F2ams_v6_US East_3': 40, 'F2as_v6_US East_1': 40, 'F2as_v6_US East_2': 40, 'F2as_v6_US East_3': 40, 'F32als_v6_US East_1': 40, 'F32ams_v6_US East_2': 40, 'F32as_v6_US East_2': 40, 'F48als_v6_US East_1': 40, 'F48ams_v6_US East_2': 40, 'F48as_v6_US East_2': 40, 'F4als_v6_US East_2': 40, 'F4als_v6_US East_3': 40, 'F4ams_v6_US East_2': 40, 'F4ams_v6_US East_3': 40, 'F4as_v6_US East_1': 40, 'F4as_v6_US East_3': 40, 'F64als_v6_US East_3': 40, 'F64ams_v6_US East_1': 40, 'F64as_v6_US East_3': 40, 'F8als_v6_US East_2': 40, 'F8als_v6_US East_3': 40, 'F8ams_v6_US East_2': 40, 'F8ams_v6_US East_3': 40, 'F8as_v6_US East_2': 40, 'F8as_v6_US East_3': 40, 'M32ts_US East_1': 40, 'M32ts_US East_2': 40, 'M32ts_US East_3': 40, 'NV4as_v4_US East_1': 40, 'NV4as_v4_US East_2': 40, 'NV4as_v4_US East_3': 40, 'NV8as_v4_US East_1': 40, 'NV8as_v4_US East_2': 40, 'NV8as_v4_US East_3': 40}"
0.73,1475.8489200000004,1903398470,1289697.3701075034,63400,63390,"{'B2pls_v2_US East_1': 40, 'B2pls_v2_US East_2': 40, 'B2pls_v2_US East_3': 40, 'D16ads_v6_US East_2': 40, 'D16ads_v6_US East_3': 40, 'D16alds_v6_US East_1': 40, 'D16alds_v6_US East_2': 40, 'D16als_v6_US East_2': 40, 'D16als_v6_US East_3': 40, 'D16as_v6_US East_2': 40, 'D16as_v6_US East_3': 40, 'D16pds_v5_US East_2': 40, 'D16plds_v5_US East_2': 40, 'D16plds_v5_US East_3': 40, 'D16pls_v5_US East_1': 40, 'D16pls_v5_US East_3': 40, 'D16ps_v5_US East_2': 40, 'D2ads_v6_US East_1': 40, 'D2ads_v6_US East_2': 40, 'D2ads_v6_US East_3': 40, 'D2alds_v6_US East_1': 40, 'D2alds_v6_US East_2': 40, 'D2alds_v6_US East_3': 40, 'D2als_v6_US East_1': 40, 'D2als_v6_US East_2': 40, 'D2als_v6_US East_3': 40, 'D2as_v6_US East_1': 40, 'D2as_v6_US East_2': 40, 'D2as_v6_US East_3': 40, 'D2pds_v5_US East_1': 40, 'D2pds_v5_US East_2': 40, 'D2pds_v5_US East_3': 40, 'D2plds_v5_US East_1': 40, 'D2plds_v5_US East_2': 40, 'D2plds_v5_US East_3': 40, 'D2pls_v5_US East_1': 40, 'D2pls_v5_US East_2': 40, 'D2pls_v5_US East_3': 40, 'D2ps_v5_US East_1': 40, 'D2ps_v5_US East_2': 40, 'D2ps_v5_US East_3': 40, 'D32ads_v6_US East_1': 40, 'D32ads_v6_US East_2': 40, 'D32alds_v6_US East_1': 40, 'D32alds_v6_US East_3': 40, 'D32als_v6_US East_1': 40, 'D32als_v6_US East_2': 40, 'D32as_v6_US East_1': 40, 'D32as_v6_US East_2': 40, 'D32plds_v5_US East_3': 40, 'D32pls_v5_US East_1': 40, 'D48ads_v6_US East_2': 40, 'D48alds_v6_US East_3': 40, 'D48als_v6_US East_1': 40, 'D48als_v6_US East_3': 40, 'D4ads_v6_US East_1': 40, 'D4ads_v6_US East_2': 40, 'D4ads_v6_US East_3': 40, 'D4alds_v6_US East_1': 40, 'D4alds_v6_US East_2': 40, 'D4alds_v6_US East_3': 40, 'D4als_v6_US East_1': 40, 'D4als_v6_US East_2': 40, 'D4als_v6_US East_3': 40, 'D4as_v6_US East_1': 40, 'D4as_v6_US East_2': 40, 'D4as_v6_US East_3': 40, 'D4pds_v5_US East_1': 40, 'D4pds_v5_US East_2': 40, 'D4pds_v5_US East_3': 40, 'D4plds_v5_US East_1': 40, 'D4plds_v5_US East_2': 40, 'D4plds_v5_US East_3': 40, 'D4pls_v5_US East_1': 40, 'D4pls_v5_US East_2': 40, 'D4pls_v5_US East_3': 40, 'D4ps_v5_US East_1': 40, 'D4ps_v5_US East_2': 40, 'D4ps_v5_US East_3': 40, 'D64ads_v6_US East_3': 40, 'D64alds_v6_US East_3': 40, 'D64als_v6_US East_3': 40, 'D64as_v6_US East_3': 40, 'D8ads_v6_US East_1': 40, 'D8ads_v6_US East_3': 40, 'D8alds_v6_US East_1': 40, 'D8alds_v6_US East_3': 40, 'D8als_v6_US East_2': 40, 'D8als_v6_US East_3': 40, 'D8as_v6_US East_1': 40, 'D8as_v6_US East_2': 40, 'D8plds_v5_US East_1': 40, 'D8plds_v5_US East_2': 40, 'D8plds_v5_US East_3': 40, 'D8pls_v5_US East_1': 40, 'D8pls_v5_US East_2': 40, 'D8pls_v5_US East_3': 40, 'D8ps_v5_US East_1': 40, 'D8ps_v5_US East_2': 40, 'D8ps_v5_US East_3': 40, 'D96ads_v6_US East_3': 40, 'D96alds_v6_US East_3': 40, 'D96als_v6_US East_2': 40, 'D96as_v6_US East_3': 40, 'E16ads_v6_US East_2': 40, 'E16ads_v6_US East_3': 40, 'E16as_v6_US East_1': 40, 'E16as_v6_US East_3': 40, 'E20ads_v6_US East_2': 40, 'E20ads_v6_US East_3': 40, 'E20as_v6_US East_2': 40, 'E20as_v6_US East_3': 40, 'E2ads_v6_US East_1': 40, 'E2ads_v6_US East_2': 40, 'E2ads_v6_US East_3': 40, 'E2as_v6_US East_1': 40, 'E2as_v6_US East_2': 40, 'E2as_v6_US East_3': 40, 'E2ps_v5_US East_1': 40, 'E2ps_v5_US East_2': 40, 'E2ps_v5_US East_3': 40, 'E32ads_v6_US East_2': 40, 'E32as_v6_US East_3': 40, 'E48ads_v6_US East_3': 40, 'E48as_v6_US East_2': 40, 'E4ads_v6_US East_2': 40, 'E4ads_v6_US East_3': 40, 'E4as_v6_US East_1': 40, 'E4as_v6_US East_3': 40, 'E4ps_v5_US East_1': 40, 'E4ps_v5_US East_2': 40, 'E4ps_v5_US East_3': 40, 'E64ads_v6_US East_1': 40, 'E64as_v6_US East_3': 40, 'E8ads_v6_US East_1': 40, 'E8ads_v6_US East_2': 40, 'E8as_v6_US East_1': 40, 'E8as_v6_US East_2': 40, 'E8ps_v5_US East_3': 40, 'E96-48ads_v6_US East_3': 40, 'E96ads_v6_US East_3': 40, 'E96as_v6_US East_3': 40, 'F16als_v6_US East_1': 40, 'F16als_v6_US East_3': 40, 'F16ams_v6_US East_2': 40, 'F16ams_v6_US East_3': 40, 'F16as_v6_US East_2': 40, 'F16as_v6_US East_3': 40, 'F2als_v6_US East_1': 40, 'F2als_v6_US East_2': 40, 'F2als_v6_US East_3': 40, 'F2ams_v6_US East_1': 40, 'F2ams_v6_US East_2': 40, 'F2ams_v6_US East_3': 40, 'F2as_v6_US East_1': 40, 'F2as_v6_US East_2': 40, 'F2as_v6_US East_3': 40, 'F32als_v6_US East_1': 40, 'F32ams_v6_US East_2': 40, 'F32as_v6_US East_2': 40, 'F48als_v6_US East_1': 40, 'F48ams_v6_US East_2': 40, 'F48as_v6_US East_2': 40, 'F4als_v6_US East_2': 40, 'F4als_v6_US East_3': 40, 'F4ams_v6_US East_2': 40, 'F4ams_v6_US East_3': 40, 'F4as_v6_US East_1': 40, 'F4as_v6_US East_3': 40, 'F64als_v6_US East_3': 40, 'F64ams_v6_US East_1': 40, 'F64as_v6_US East_3': 40, 'F8als_v6_US East_2': 40, 'F8als_v6_US East_3': 40, 'F8ams_v6_US East_2': 40, 'F8ams_v6_US East_3': 40, 'F8as_v6_US East_2': 40, 'F8as_v6_US East_3': 40, 'M32ts_US East_1': 40, 'M32ts_US East_2': 40, 'M32ts_US East_3': 40, 'NV4as_v4_US East_1': 40, 'NV4as_v4_US East_2': 40, 'NV4as_v4_US East_3': 40, 'NV8as_v4_US East_1': 40, 'NV8as_v4_US East_2': 40, 'NV8as_v4_US East_3': 40}"
0.74,1587.3054400000005,1948933382,1227825.0509870357,66600,66590,"{'B2pls_v2_US East_1': 40, 'B2pls_v2_US East_2': 40, 'B2pls_v2_US East_3': 40, 'D16ads_v6_US East_2': 40, 'D16ads_v6_US East_3': 40, 'D16alds_v6_US East_1': 40, 'D16alds_v6_US East_2': 40, 'D16als_v6_US East_2': 40, 'D16als_v6_US East_3': 40, 'D16as_v6_US East_2': 40, 'D16as_v6_US East_3': 40, 'D16pds_v5_US East_2': 40, 'D16plds_v5_US East_2': 40, 'D16plds_v5_US East_3': 40, 'D16pls_v5_US East_1': 40, 'D16pls_v5_US East_3': 40, 'D16ps_v5_US East_2': 40, 'D2ads_v6_US East_1': 40, 'D2ads_v6_US East_2': 40, 'D2ads_v6_US East_3': 40, 'D2alds_v6_US East_1': 40, 'D2alds_v6_US East_2': 40, 'D2alds_v6_US East_3': 40, 'D2als_v6_US East_1': 40, 'D2als_v6_US East_2': 40, 'D2als_v6_US East_3': 40, 'D2as_v6_US East_1': 40, 'D2as_v6_US East_2': 40, 'D2as_v6_US East_3': 40, 'D2pds_v5_US East_1': 40, 'D2pds_v5_US East_2': 40, 'D2pds_v5_US East_3': 40, 'D2plds_v5_US East_1': 40, 'D2plds_v5_US East_2': 40, 'D2plds_v5_US East_3': 40, 'D2pls_v5_US East_1': 40, 'D2pls_v5_US East_2': 40, 'D2pls_v5_US East_3': 40, 'D2ps_v5_US East_1': 40, 'D2ps_v5_US East_2': 40, 'D2ps_v5_US East_3': 40, 'D32ads_v6_US East_1': 40, 'D32ads_v6_US East_2': 40, 'D32alds_v6_US East_1': 40, 'D32alds_v6_US East_3': 40, 'D32als_v6_US East_1': 40, 'D32als_v6_US East_2': 40, 'D32as_v6_US East_1': 40, 'D32as_v6_US East_2': 40, 'D32plds_v5_US East_3': 40, 'D32pls_v5_US East_1': 40, 'D48ads_v6_US East_2': 40, 'D48alds_v6_US East_3': 40, 'D48als_v6_US East_1': 40, 'D48als_v6_US East_3': 40, 'D4ads_v6_US East_1': 40, 'D4ads_v6_US East_2': 40, 'D4ads_v6_US East_3': 40, 'D4alds_v6_US East_1': 40, 'D4alds_v6_US East_2': 40, 'D4alds_v6_US East_3': 40, 'D4als_v6_US East_1': 40, 'D4als_v6_US East_2': 40, 'D4als_v6_US East_3': 40, 'D4as_v6_US East_1': 40, 'D4as_v6_US East_2': 40, 'D4as_v6_US East_3': 40, 'D4pds_v5_US East_1': 40, 'D4pds_v5_US East_2': 40, 'D4pds_v5_US East_3': 40, 'D4plds_v5_US East_1': 40, 'D4plds_v5_US East_2': 40, 'D4plds_v5_US East_3': 40, 'D4pls_v5_US East_1': 40, 'D4pls_v5_US East_2': 40, 'D4pls_v5_US East_3': 40, 'D4ps_v5_US East_1': 40, 'D4ps_v5_US East_2': 40, 'D4ps_v5_US East_3': 40, 'D64ads_v6_US East_3': 40, 'D64alds_v6_US East_3': 40, 'D64als_v6_US East_3': 40, 'D64as_v6_US East_3': 40, 'D8ads_v6_US East_1': 40, 'D8ads_v6_US East_3': 40, 'D8alds_v6_US East_1': 40, 'D8alds_v6_US East_3': 40, 'D8als_v6_US East_2': 40, 'D8als_v6_US East_3': 40, 'D8as_v6_US East_1': 40, 'D8as_v6_US East_2': 40, 'D8plds_v5_US East_1': 40, 'D8plds_v5_US East_2': 40, 'D8plds_v5_US East_3': 40, 'D8pls_v5_US East_1': 40, 'D8pls_v5_US East_2': 40, 'D8pls_v5_US East_3': 40, 'D8ps_v5_US East_1': 40, 'D8ps_v5_US East_2': 40, 'D8ps_v5_US East_3': 40, 'D96ads_v6_US East_3': 40, 'D96alds_v6_US East_3': 40, 'D96als_v6_US East_2': 40, 'D96as_v6_US East_3': 40, 'E16ads_v6_US East_2': 40, 'E16ads_v6_US East_3': 40, 'E16as_v6_US East_1': 40, 'E16as_v6_US East_3': 40, 'E20ads_v6_US East_2': 40, 'E20ads_v6_US East_3': 40, 'E20as_v6_US East_2': 40, 'E20as_v6_US East_3': 40, 'E2ads_v6_US East_1': 40, 'E2ads_v6_US East_2': 40, 'E2ads_v6_US East_3': 40, 'E2as_v6_US East_1': 40, 'E2as_v6_US East_2': 40, 'E2as_v6_US East_3': 40, 'E2ps_v5_US East_1': 40, 'E2ps_v5_US East_2': 40, 'E2ps_v5_US East_3': 40, 'E32ads_v6_US East_2': 40, 'E32as_v6_US East_3': 40, 'E48ads_v6_US East_3': 40, 'E48as_v6_US East_2': 40, 'E4ads_v6_US East_2': 40, 'E4ads_v6_US East_3': 40, 'E4as_v6_US East_1': 40, 'E4as_v6_US East_3': 40, 'E4ps_v5_US East_1': 40, 'E4ps_v5_US East_2': 40, 'E4ps_v5_US East_3': 40, 'E64ads_v6_US East_1': 40, 'E64as_v6_US East_3': 40, 'E8ads_v6_US East_1': 40, 'E8ads_v6_US East_2': 40, 'E8as_v6_US East_1': 40, 'E8as_v6_US East_2': 40, 'E8ps_v5_US East_3': 40, 'E96-48ads_v6_US East_3': 40, 'E96ads_v6_US East_3': 40, 'E96as_v6_US East_3': 40, 'F16als_v6_US East_1': 40, 'F16als_v6_US East_3': 40, 'F16ams_v6_US East_2': 40, 'F16ams_v6_US East_3': 40, 'F16as_v6_US East_2': 40, 'F16as_v6_US East_3': 40, 'F2als_v6_US East_1': 40, 'F2als_v6_US East_2': 40, 'F2als_v6_US East_3': 40, 'F2ams_v6_US East_1': 40, 'F2ams_v6_US East_2': 40, 'F2ams_v6_US East_3': 40, 'F2as_v6_US East_1': 40, 'F2as_v6_US East_2': 40, 'F2as_v6_US East_3': 40, 'F32als_v6_US East_1': 40, 'F32ams_v6_US East_2': 40, 'F32as_v6_US East_2': 40, 'F48als_v6_US East_1': 40, 'F48ams_v6_US East_2': 40, 'F48as_v6_US East_2': 40, 'F4als_v6_US East_2': 40, 'F4als_v6_US East_3': 40, 'F4ams_v6_US East_2': 40, 'F4ams_v6_US East_3': 40, 'F4as_v6_US East_1': 40, 'F4as_v6_US East_3': 40, 'F64als_v6_US East_3': 40, 'F64ams_v6_US East_1': 40, 'F64as_v6_US East_3': 40, 'F8als_v6_US East_2': 40, 'F8als_v6_US East_3': 40, 'F8ams_v6_US East_2': 40, 'F8ams_v6_US East_3': 40, 'F8as_v6_US East_2': 40, 'F8as_v6_US East_3': 40, 'M32ls_US East_1': 40, 'M32ls_US East_2': 40, 'M32ls_US East_3': 40, 'M32ts_US East_1': 40, 'M32ts_US East_2': 40, 'M32ts_US East_3': 40, 'M64s_v2_US East_3': 40, 'NV4as_v4_US East_1': 40, 'NV4as_v4_US East_2': 40, 'NV4as_v4_US East_3': 40, 'NV8as_v4_US East_1': 40, 'NV8as_v4_US East_2': 40, 'NV8as_v4_US East_3': 40}"
0.75,1587.3054400000005,1948933382,1227825.0509870357,66600,66590,"{'B2pls_v2_US East_1': 40, 'B2pls_v2_US East_2': 40, 'B2pls_v2_US East_3': 40, 'D16ads_v6_US East_2': 40, 'D16ads_v6_US East_3': 40, 'D16alds_v6_US East_1': 40, 'D16alds_v6_US East_2': 40, 'D16als_v6_US East_2': 40, 'D16als_v6_US East_3': 40, 'D16as_v6_US East_2': 40, 'D16as_v6_US East_3': 40, 'D16pds_v5_US East_2': 40, 'D16plds_v5_US East_2': 40, 'D16plds_v5_US East_3': 40, 'D16pls_v5_US East_1': 40, 'D16pls_v5_US East_3': 40, 'D16ps_v5_US East_2': 40, 'D2ads_v6_US East_1': 40, 'D2ads_v6_US East_2': 40, 'D2ads_v6_US East_3': 40, 'D2alds_v6_US East_1': 40, 'D2alds_v6_US East_2': 40, 'D2alds_v6_US East_3': 40, 'D2als_v6_US East_1': 40, 'D2als_v6_US East_2': 40, 'D2als_v6_US East_3': 40, 'D2as_v6_US East_1': 40, 'D2as_v6_US East_2': 40, 'D2as_v6_US East_3': 40, 'D2pds_v5_US East_1': 40, 'D2pds_v5_US East_2': 40, 'D2pds_v5_US East_3': 40, 'D2plds_v5_US East_1': 40, 'D2plds_v5_US East_2': 40, 'D2plds_v5_US East_3': 40, 'D2pls_v5_US East_1': 40, 'D2pls_v5_US East_2': 40, 'D2pls_v5_US East_3': 40, 'D2ps_v5_US East_1': 40, 'D2ps_v5_US East_2': 40, 'D2ps_v5_US East_3': 40, 'D32ads_v6_US East_1': 40, 'D32ads_v6_US East_2': 40, 'D32alds_v6_US East_1': 40, 'D32alds_v6_US East_3': 40, 'D32als_v6_US East_1': 40, 'D32als_v6_US East_2': 40, 'D32as_v6_US East_1': 40, 'D32as_v6_US East_2': 40, 'D32plds_v5_US East_3': 40, 'D32pls_v5_US East_1': 40, 'D48ads_v6_US East_2': 40, 'D48alds_v6_US East_3': 40, 'D48als_v6_US East_1': 40, 'D48als_v6_US East_3': 40, 'D4ads_v6_US East_1': 40, 'D4ads_v6_US East_2': 40, 'D4ads_v6_US East_3': 40, 'D4alds_v6_US East_1': 40, 'D4alds_v6_US East_2': 40, 'D4alds_v6_US East_3': 40, 'D4als_v6_US East_1': 40, 'D4als_v6_US East_2': 40, 'D4als_v6_US East_3': 40, 'D4as_v6_US East_1': 40, 'D4as_v6_US East_2': 40, 'D4as_v6_US East_3': 40, 'D4pds_v5_US East_1': 40, 'D4pds_v5_US East_2': 40, 'D4pds_v5_US East_3': 40, 'D4plds_v5_US East_1': 40, 'D4plds_v5_US East_2': 40, 'D4plds_v5_US East_3': 40, 'D4pls_v5_US East_1': 40, 'D4pls_v5_US East_2': 40, 'D4pls_v5_US East_3': 40, 'D4ps_v5_US East_1': 40, 'D4ps_v5_US East_2': 40, 'D4ps_v5_US East_3': 40, 'D64ads_v6_US East_3': 40, 'D64alds_v6_US East_3': 40, 'D64als_v6_US East_3': 40, 'D64as_v6_US East_3': 40, 'D8ads_v6_US East_1': 40, 'D8ads_v6_US East_3': 40, 'D8alds_v6_US East_1': 40, 'D8alds_v6_US East_3': 40, 'D8als_v6_US East_2': 40, 'D8als_v6_US East_3': 40, 'D8as_v6_US East_1': 40, 'D8as_v6_US East_2': 40, 'D8plds_v5_US East_1': 40, 'D8plds_v5_US East_2': 40, 'D8plds_v5_US East_3': 40, 'D8pls_v5_US East_1': 40, 'D8pls_v5_US East_2': 40, 'D8pls_v5_US East_3': 40, 'D8ps_v5_US East_1': 40, 'D8ps_v5_US East_2': 40, 'D8ps_v5_US East_3': 40, 'D96ads_v6_US East_3': 40, 'D96alds_v6_US East_3': 40, 'D96als_v6_US East_2': 40, 'D96as_v6_US East_3': 40, 'E16ads_v6_US East_2': 40, 'E16ads_v6_US East_3': 40, 'E16as_v6_US East_1': 40, 'E16as_v6_US East_3': 40, 'E20ads_v6_US East_2': 40, 'E20ads_v6_US East_3': 40, 'E20as_v6_US East_2': 40, 'E20as_v6_US East_3': 40, 'E2ads_v6_US East_1': 40, 'E2ads_v6_US East_2': 40, 'E2ads_v6_US East_3': 40, 'E2as_v6_US East_1': 40, 'E2as_v6_US East_2': 40, 'E2as_v6_US East_3': 40, 'E2ps_v5_US East_1': 40, 'E2ps_v5_US East_2': 40, 'E2ps_v5_US East_3': 40, 'E32ads_v6_US East_2': 40, 'E32as_v6_US East_3': 40, 'E48ads_v6_US East_3': 40, 'E48as_v6_US East_2': 40, 'E4ads_v6_US East_2': 40, 'E4ads_v6_US East_3': 40, 'E4as_v6_US East_1': 40, 'E4as_v6_US East_3': 40, 'E4ps_v5_US East_1': 40, 'E4ps_v5_US East_2': 40, 'E4ps_v5_US East_3': 40, 'E64ads_v6_US East_1': 40, 'E64as_v6_US East_3': 40, 'E8ads_v6_US East_1': 40, 'E8ads_v6_US East_2': 40, 'E8as_v6_US East_1': 40, 'E8as_v6_US East_2': 40, 'E8ps_v5_US East_3': 40, 'E96-48ads_v6_US East_3': 40, 'E96ads_v6_US East_3': 40, 'E96as_v6_US East_3': 40, 'F16als_v6_US East_1': 40, 'F16als_v6_US East_3': 40, 'F16ams_v6_US East_2': 40, 'F16ams_v6_US East_3': 40, 'F16as_v6_US East_2': 40, 'F16as_v6_US East_3': 40, 'F2als_v6_US East_1': 40, 'F2als_v6_US East_2': 40, 'F2als_v6_US East_3': 40, 'F2ams_v6_US East_1': 40, 'F2ams_v6_US East_2': 40, 'F2ams_v6_US East_3': 40, 'F2as_v6_US East_1': 40, 'F2as_v6_US East_2': 40, 'F2as_v6_US East_3': 40, 'F32als_v6_US East_1': 40, 'F32ams_v6_US East_2': 40, 'F32as_v6_US East_2': 40, 'F48als_v6_US East_1': 40, 'F48ams_v6_US East_2': 40, 'F48as_v6_US East_2': 40, 'F4als_v6_US East_2': 40, 'F4als_v6_US East_3': 40, 'F4ams_v6_US East_2': 40, 'F4ams_v6_US East_3': 40, 'F4as_v6_US East_1': 40, 'F4as_v6_US East_3': 40, 'F64als_v6_US East_3': 40, 'F64ams_v6_US East_1': 40, 'F64as_v6_US East_3': 40, 'F8als_v6_US East_2': 40, 'F8als_v6_US East_3': 40, 'F8ams_v6_US East_2': 40, 'F8ams_v6_US East_3': 40, 'F8as_v6_US East_2': 40, 'F8as_v6_US East_3': 40, 'M32ls_US East_1': 40, 'M32ls_US East_2': 40, 'M32ls_US East_3': 40, 'M32ts_US East_1': 40, 'M32ts_US East_2': 40, 'M32ts_US East_3': 40, 'M64s_v2_US East_3': 40, 'NV4as_v4_US East_1': 40, 'NV4as_v4_US East_2': 40, 'NV4as_v4_US East_3': 40, 'NV8as_v4_US East_1': 40, 'NV8as_v4_US East_2': 40, 'NV8as_v4_US East_3': 40}"
0.76,1677.2694400000007,1981857754,1181597.7246923423,68280,68270,"{'B16pls_v2_US East_1': 40, 'B16pls_v2_US East_2': 40, 'B16pls_v2_US East_3': 40, 'B2pls_v2_US East_1': 40, 'B2pls_v2_US East_2': 40, 'B2pls_v2_US East_3': 40, 'B4pls_v2_US East_1': 40, 'B4pls_v2_US East_2': 40, 'B4pls_v2_US East_3': 40, 'B8pls_v2_US East_1': 40, 'B8pls_v2_US East_2': 40, 'B8pls_v2_US East_3': 40, 'D16ads_v6_US East_2': 40, 'D16ads_v6_US East_3': 40, 'D16alds_v6_US East_1': 40, 'D16alds_v6_US East_2': 40, 'D16als_v6_US East_2': 40, 'D16als_v6_US East_3': 40, 'D16as_v6_US East_2': 40, 'D16as_v6_US East_3': 40, 'D16pds_v5_US East_2': 40, 'D16plds_v5_US East_2': 40, 'D16plds_v5_US East_3': 40, 'D16pls_v5_US East_1': 40, 'D16pls_v5_US East_3': 40, 'D16ps_v5_US East_2': 40, 'D2ads_v6_US East_1': 40, 'D2ads_v6_US East_2': 40, 'D2ads_v6_US East_3': 40, 'D2alds_v6_US East_1': 40, 'D2alds_v6_US East_2': 40, 'D2alds_v6_US East_3': 40, 'D2als_v6_US East_1': 40, 'D2als_v6_US East_2': 40, 'D2als_v6_US East_3': 40, 'D2as_v6_US East_1': 40, 'D2as_v6_US East_2': 40, 'D2as_v6_US East_3': 40, 'D2pds_v5_US East_1': 40, 'D2pds_v5_US East_2': 40, 'D2pds_v5_US East_3': 40, 'D2plds_v5_US East_1': 40, 'D2plds_v5_US East_2': 40, 'D2plds_v5_US East_3': 40, 'D2pls_v5_US East_1': 40, 'D2pls_v5_US East_2': 40, 'D2pls_v5_US East_3': 40, 'D2ps_v5_US East_1': 40, 'D2ps_v5_US East_2': 40, 'D2ps_v5_US East_3': 40, 'D32ads_v6_US East_1': 40, 'D32ads_v6_US East_2': 40, 'D32alds_v6_US East_1': 40, 'D32alds_v6_US East_3': 40, 'D32als_v6_US East_1': 40, 'D32als_v6_US East_2': 40, 'D32as_v6_US East_1': 40, 'D32as_v6_US East_2': 40, 'D32plds_v5_US East_3': 40, 'D32pls_v5_US East_1': 40, 'D48ads_v6_US East_2': 40, 'D48alds_v6_US East_3': 40, 'D48als_v6_US East_1': 40, 'D48als_v6_US East_3': 40, 'D4ads_v6_US East_1': 40, 'D4ads_v6_US East_2': 40, 'D4ads_v6_US East_3': 40, 'D4alds_v6_US East_1': 40, 'D4alds_v6_US East_2': 40, 'D4alds_v6_US East_3': 40, 'D4als_v6_US East_1': 40, 'D4als_v6_US East_2': 40, 'D4als_v6_US East_3': 40, 'D4as_v6_US East_1': 40, 'D4as_v6_US East_2': 40, 'D4as_v6_US East_3': 40, 'D4pds_v5_US East_1': 40, 'D4pds_v5_US East_2': 40, 'D4pds_v5_US East_3': 40, 'D4plds_v5_US East_1': 40, 'D4plds_v5_US East_2': 40, 'D4plds_v5_US East_3': 40, 'D4pls_v5_US East_1': 40, 'D4pls_v5_US East_2': 40, 'D4pls_v5_US East_3': 40, 'D4ps_v5_US East_1': 40, 'D4ps_v5_US East_2': 40, 'D4ps_v5_US East_3': 40, 'D64ads_v6_US East_3': 40, 'D64alds_v6_US East_3': 40, 'D64als_v6_US East_3': 40, 'D64as_v6_US East_3': 40, 'D8ads_v6_US East_1': 40, 'D8ads_v6_US East_3': 40, 'D8alds_v6_US East_1': 40, 'D8alds_v6_US East_3': 40, 'D8als_v6_US East_2': 40, 'D8als_v6_US East_3': 40, 'D8as_v6_US East_1': 40, 'D8as_v6_US East_2': 40, 'D8plds_v5_US East_1': 40, 'D8plds_v5_US East_2': 40, 'D8plds_v5_US East_3': 40, 'D8pls_v5_US East_1': 40, 'D8pls_v5_US East_2': 40, 'D8pls_v5_US East_3': 40, 'D8ps_v5_US East_1': 40, 'D8ps_v5_US East_2': 40, 'D8ps_v5_US East_3': 40, 'D96ads_v6_US East_3': 40, 'D96alds_v6_US East_3': 40, 'D96als_v6_US East_2': 40, 'D96as_v6_US East_3': 40, 'E16ads_v6_US East_2': 40, 'E16ads_v6_US East_3': 40, 'E16as_v6_US East_1': 40, 'E16as_v6_US East_3': 40, 'E20ads_v6_US East_2': 40, 'E20ads_v6_US East_3': 40, 'E20as_v6_US East_2': 40, 'E20as_v6_US East_3': 40, 'E2ads_v6_US East_1': 40, 'E2ads_v6_US East_2': 40, 'E2ads_v6_US East_3': 40, 'E2as_v6_US East_1': 40, 'E2as_v6_US East_2': 40, 'E2as_v6_US East_3': 40, 'E2ps_v5_US East_1': 40, 'E2ps_v5_US East_2': 40, 'E2ps_v5_US East_3': 40, 'E32ads_v6_US East_2': 40, 'E32as_v6_US East_3': 40, 'E48ads_v6_US East_3': 40, 'E48as_v6_US East_2': 40, 'E4ads_v6_US East_2': 40, 'E4ads_v6_US East_3': 40, 'E4as_v6_US East_1': 40, 'E4as_v6_US East_3': 40, 'E4ps_v5_US East_1': 40, 'E4ps_v5_US East_2': 40, 'E4ps_v5_US East_3': 40, 'E64ads_v6_US East_1': 40, 'E64as_v6_US East_3': 40, 'E8ads_v6_US East_1': 40, 'E8ads_v6_US East_2': 40, 'E8as_v6_US East_1': 40, 'E8as_v6_US East_2': 40, 'E8ps_v5_US East_3': 40, 'E96-48ads_v6_US East_3': 40, 'E96ads_v6_US East_3': 40, 'E96as_v6_US East_3': 40, 'F16als_v6_US East_1': 40, 'F16als_v6_US East_3': 40, 'F16ams_v6_US East_2': 40, 'F16ams_v6_US East_3': 40, 'F16as_v6_US East_2': 40, 'F16as_v6_US East_3': 40, 'F2als_v6_US East_1': 40, 'F2als_v6_US East_2': 40, 'F2als_v6_US East_3': 40, 'F2ams_v6_US East_1': 40, 'F2ams_v6_US East_2': 40, 'F2ams_v6_US East_3': 40, 'F2as_v6_US East_1': 40, 'F2as_v6_US East_2': 40, 'F2as_v6_US East_3': 40, 'F32als_v6_US East_1': 40, 'F32ams_v6_US East_2': 40, 'F32as_v6_US East_2': 40, 'F48als_v6_US East_1': 40, 'F48ams_v6_US East_2': 40, 'F48as_v6_US East_2': 40, 'F4als_v6_US East_2': 40, 'F4als_v6_US East_3': 40, 'F4ams_v6_US East_2': 40, 'F4ams_v6_US East_3': 40, 'F4as_v6_US East_1': 40, 'F4as_v6_US East_3': 40, 'F64als_v6_US East_3': 40, 'F64ams_v6_US East_1': 40, 'F64as_v6_US East_3': 40, 'F8als_v6_US East_2': 40, 'F8als_v6_US East_3': 40, 'F8ams_v6_US East_2': 40, 'F8ams_v6_US East_3': 40, 'F8as_v6_US East_2': 40, 'F8as_v6_US East_3': 40, 'M32ls_US East_1': 40, 'M32ls_US East_2': 40, 'M32ls_US East_3': 40, 'M32ts_US East_1': 40, 'M32ts_US East_2': 40, 'M32ts_US East_3': 40, 'M64s_v2_US East_3': 40, 'NV4as_v4_US East_1': 40, 'NV4as_v4_US East_2': 40, 'NV4as_v4_US East_3': 40, 'NV8as_v4_US East_1': 40, 'NV8as_v4_US East_2': 40, 'NV8as_v4_US East_3': 40}"
0.77,1677.2694400000007,1981857754,1181597.7246923423,68280,68270,"{'B16pls_v2_US East_1': 40, 'B16pls_v2_US East_2': 40, 'B16pls_v2_US East_3': 40, 'B2pls_v2_US East_1': 40, 'B2pls_v2_US East_2': 40, 'B2pls_v2_US East_3': 40, 'B4pls_v2_US East_1': 40, 'B4pls_v2_US East_2': 40, 'B4pls_v2_US East_3': 40, 'B8pls_v2_US East_1': 40, 'B8pls_v2_US East_2': 40, 'B8pls_v2_US East_3': 40, 'D16ads_v6_US East_2': 40, 'D16ads_v6_US East_3': 40, 'D16alds_v6_US East_1': 40, 'D16alds_v6_US East_2': 40, 'D16als_v6_US East_2': 40, 'D16als_v6_US East_3': 40, 'D16as_v6_US East_2': 40, 'D16as_v6_US East_3': 40, 'D16pds_v5_US East_2': 40, 'D16plds_v5_US East_2': 40, 'D16plds_v5_US East_3': 40, 'D16pls_v5_US East_1': 40, 'D16pls_v5_US East_3': 40, 'D16ps_v5_US East_2': 40, 'D2ads_v6_US East_1': 40, 'D2ads_v6_US East_2': 40, 'D2ads_v6_US East_3': 40, 'D2alds_v6_US East_1': 40, 'D2alds_v6_US East_2': 40, 'D2alds_v6_US East_3': 40, 'D2als_v6_US East_1': 40, 'D2als_v6_US East_2': 40, 'D2als_v6_US East_3': 40, 'D2as_v6_US East_1': 40, 'D2as_v6_US East_2': 40, 'D2as_v6_US East_3': 40, 'D2pds_v5_US East_1': 40, 'D2pds_v5_US East_2': 40, 'D2pds_v5_US East_3': 40, 'D2plds_v5_US East_1': 40, 'D2plds_v5_US East_2': 40, 'D2plds_v5_US East_3': 40, 'D2pls_v5_US East_1': 40, 'D2pls_v5_US East_2': 40, 'D2pls_v5_US East_3': 40, 'D2ps_v5_US East_1': 40, 'D2ps_v5_US East_2': 40, 'D2ps_v5_US East_3': 40, 'D32ads_v6_US East_1': 40, 'D32ads_v6_US East_2': 40, 'D32alds_v6_US East_1': 40, 'D32alds_v6_US East_3': 40, 'D32als_v6_US East_1': 40, 'D32als_v6_US East_2': 40, 'D32as_v6_US East_1': 40, 'D32as_v6_US East_2': 40, 'D32plds_v5_US East_3': 40, 'D32pls_v5_US East_1': 40, 'D48ads_v6_US East_2': 40, 'D48alds_v6_US East_3': 40, 'D48als_v6_US East_1': 40, 'D48als_v6_US East_3': 40, 'D4ads_v6_US East_1': 40, 'D4ads_v6_US East_2': 40, 'D4ads_v6_US East_3': 40, 'D4alds_v6_US East_1': 40, 'D4alds_v6_US East_2': 40, 'D4alds_v6_US East_3': 40, 'D4als_v6_US East_1': 40, 'D4als_v6_US East_2': 40, 'D4als_v6_US East_3': 40, 'D4as_v6_US East_1': 40, 'D4as_v6_US East_2': 40, 'D4as_v6_US East_3': 40, 'D4pds_v5_US East_1': 40, 'D4pds_v5_US East_2': 40, 'D4pds_v5_US East_3': 40, 'D4plds_v5_US East_1': 40, 'D4plds_v5_US East_2': 40, 'D4plds_v5_US East_3': 40, 'D4pls_v5_US East_1': 40, 'D4pls_v5_US East_2': 40, 'D4pls_v5_US East_3': 40, 'D4ps_v5_US East_1': 40, 'D4ps_v5_US East_2': 40, 'D4ps_v5_US East_3': 40, 'D64ads_v6_US East_3': 40, 'D64alds_v6_US East_3': 40, 'D64als_v6_US East_3': 40, 'D64as_v6_US East_3': 40, 'D8ads_v6_US East_1': 40, 'D8ads_v6_US East_3': 40, 'D8alds_v6_US East_1': 40, 'D8alds_v6_US East_3': 40, 'D8als_v6_US East_2': 40, 'D8als_v6_US East_3': 40, 'D8as_v6_US East_1': 40, 'D8as_v6_US East_2': 40, 'D8plds_v5_US East_1': 40, 'D8plds_v5_US East_2': 40, 'D8plds_v5_US East_3': 40, 'D8pls_v5_US East_1': 40, 'D8pls_v5_US East_2': 40, 'D8pls_v5_US East_3': 40, 'D8ps_v5_US East_1': 40, 'D8ps_v5_US East_2': 40, 'D8ps_v5_US East_3': 40, 'D96ads_v6_US East_3': 40, 'D96alds_v6_US East_3': 40, 'D96als_v6_US East_2': 40, 'D96as_v6_US East_3': 40, 'E16ads_v6_US East_2': 40, 'E16ads_v6_US East_3': 40, 'E16as_v6_US East_1': 40, 'E16as_v6_US East_3': 40, 'E20ads_v6_US East_2': 40, 'E20ads_v6_US East_3': 40, 'E20as_v6_US East_2': 40, 'E20as_v6_US East_3': 40, 'E2ads_v6_US East_1': 40, 'E2ads_v6_US East_2': 40, 'E2ads_v6_US East_3': 40, 'E2as_v6_US East_1': 40, 'E2as_v6_US East_2': 40, 'E2as_v6_US East_3': 40, 'E2ps_v5_US East_1': 40, 'E2ps_v5_US East_2': 40, 'E2ps_v5_US East_3': 40, 'E32ads_v6_US East_2': 40, 'E32as_v6_US East_3': 40, 'E48ads_v6_US East_3': 40, 'E48as_v6_US East_2': 40, 'E4ads_v6_US East_2': 40, 'E4ads_v6_US East_3': 40, 'E4as_v6_US East_1': 40, 'E4as_v6_US East_3': 40, 'E4ps_v5_US East_1': 40, 'E4ps_v5_US East_2': 40, 'E4ps_v5_US East_3': 40, 'E64ads_v6_US East_1': 40, 'E64as_v6_US East_3': 40, 'E8ads_v6_US East_1': 40, 'E8ads_v6_US East_2': 40, 'E8as_v6_US East_1': 40, 'E8as_v6_US East_2': 40, 'E8ps_v5_US East_3': 40, 'E96-48ads_v6_US East_3': 40, 'E96ads_v6_US East_3': 40, 'E96as_v6_US East_3': 40, 'F16als_v6_US East_1': 40, 'F16als_v6_US East_3': 40, 'F16ams_v6_US East_2': 40, 'F16ams_v6_US East_3': 40, 'F16as_v6_US East_2': 40, 'F16as_v6_US East_3': 40, 'F2als_v6_US East_1': 40, 'F2als_v6_US East_2': 40, 'F2als_v6_US East_3': 40, 'F2ams_v6_US East_1': 40, 'F2ams_v6_US East_2': 40, 'F2ams_v6_US East_3': 40, 'F2as_v6_US East_1': 40, 'F2as_v6_US East_2': 40, 'F2as_v6_US East_3': 40, 'F32als_v6_US East_1': 40, 'F32ams_v6_US East_2': 40, 'F32as_v6_US East_2': 40, 'F48als_v6_US East_1': 40, 'F48ams_v6_US East_2': 40, 'F48as_v6_US East_2': 40, 'F4als_v6_US East_2': 40, 'F4als_v6_US East_3': 40, 'F4ams_v6_US East_2': 40, 'F4ams_v6_US East_3': 40, 'F4as_v6_US East_1': 40, 'F4as_v6_US East_3': 40, 'F64als_v6_US East_3': 40, 'F64ams_v6_US East_1': 40, 'F64as_v6_US East_3': 40, 'F8als_v6_US East_2': 40, 'F8als_v6_US East_3': 40, 'F8ams_v6_US East_2': 40, 'F8ams_v6_US East_3': 40, 'F8as_v6_US East_2': 40, 'F8as_v6_US East_3': 40, 'M32ls_US East_1': 40, 'M32ls_US East_2': 40, 'M32ls_US East_3': 40, 'M32ts_US East_1': 40, 'M32ts_US East_2': 40, 'M32ts_US East_3': 40, 'M64s_v2_US East_3': 40, 'NV4as_v4_US East_1': 40, 'NV4as_v4_US East_2': 40, 'NV4as_v4_US East_3': 40, 'NV8as_v4_US East_1': 40, 'NV8as_v4_US East_2': 40, 'NV8as_v4_US East_3': 40}"
0.78,1747.419040000001,2004591248,1147172.6028577548,69440,69430,"{'B16pls_v2_US East_1': 40, 'B16pls_v2_US East_2': 40, 'B16pls_v2_US East_3': 40, 'B16ps_v2_US East_3': 40, 'B2pls_v2_US East_1': 40, 'B2pls_v2_US East_2': 40, 'B2pls_v2_US East_3': 40, 'B2ps_v2_US East_1': 40, 'B2ps_v2_US East_2': 40, 'B2ps_v2_US East_3': 40, 'B4pls_v2_US East_1': 40, 'B4pls_v2_US East_2': 40, 'B4pls_v2_US East_3': 40, 'B4ps_v2_US East_1': 40, 'B4ps_v2_US East_2': 40, 'B4ps_v2_US East_3': 40, 'B8pls_v2_US East_1': 40, 'B8pls_v2_US East_2': 40, 'B8pls_v2_US East_3': 40, 'B8ps_v2_US East_1': 40, 'B8ps_v2_US East_2': 40, 'B8ps_v2_US East_3': 40, 'D16ads_v6_US East_2': 40, 'D16ads_v6_US East_3': 40, 'D16alds_v6_US East_1': 40, 'D16alds_v6_US East_2': 40, 'D16als_v6_US East_2': 40, 'D16als_v6_US East_3': 40, 'D16as_v6_US East_2': 40, 'D16as_v6_US East_3': 40, 'D16pds_v5_US East_2': 40, 'D16plds_v5_US East_2': 40, 'D16plds_v5_US East_3': 40, 'D16pls_v5_US East_1': 40, 'D16pls_v5_US East_3': 40, 'D16ps_v5_US East_2': 40, 'D2ads_v6_US East_1': 40, 'D2ads_v6_US East_2': 40, 'D2ads_v6_US East_3': 40, 'D2alds_v6_US East_1': 40, 'D2alds_v6_US East_2': 40, 'D2alds_v6_US East_3': 40, 'D2als_v6_US East_1': 40, 'D2als_v6_US East_2': 40, 'D2als_v6_US East_3': 40, 'D2as_v6_US East_1': 40, 'D2as_v6_US East_2': 40, 'D2as_v6_US East_3': 40, 'D2pds_v5_US East_1': 40, 'D2pds_v5_US East_2': 40, 'D2pds_v5_US East_3': 40, 'D2plds_v5_US East_1': 40, 'D2plds_v5_US East_2': 40, 'D2plds_v5_US East_3': 40, 'D2pls_v5_US East_1': 40, 'D2pls_v5_US East_2': 40, 'D2pls_v5_US East_3': 40, 'D2ps_v5_US East_1': 40, 'D2ps_v5_US East_2': 40, 'D2ps_v5_US East_3': 40, 'D32ads_v6_US East_1': 40, 'D32ads_v6_US East_2': 40, 'D32alds_v6_US East_1': 40, 'D32alds_v6_US East_3': 40, 'D32als_v6_US East_1': 40, 'D32als_v6_US East_2': 40, 'D32as_v6_US East_1': 40, 'D32as_v6_US East_2': 40, 'D32plds_v5_US East_3': 40, 'D32pls_v5_US East_1': 40, 'D48ads_v6_US East_2': 40, 'D48alds_v6_US East_3': 40, 'D48als_v6_US East_1': 40, 'D48als_v6_US East_3': 40, 'D4ads_v6_US East_1': 40, 'D4ads_v6_US East_2': 40, 'D4ads_v6_US East_3': 40, 'D4alds_v6_US East_1': 40, 'D4alds_v6_US East_2': 40, 'D4alds_v6_US East_3': 40, 'D4als_v6_US East_1': 40, 'D4als_v6_US East_2': 40, 'D4als_v6_US East_3': 40, 'D4as_v6_US East_1': 40, 'D4as_v6_US East_2': 40, 'D4as_v6_US East_3': 40, 'D4pds_v5_US East_1': 40, 'D4pds_v5_US East_2': 40, 'D4pds_v5_US East_3': 40, 'D4plds_v5_US East_1': 40, 'D4plds_v5_US East_2': 40, 'D4plds_v5_US East_3': 40, 'D4pls_v5_US East_1': 40, 'D4pls_v5_US East_2': 40, 'D4pls_v5_US East_3': 40, 'D4ps_v5_US East_1': 40, 'D4ps_v5_US East_2': 40, 'D4ps_v5_US East_3': 40, 'D64ads_v6_US East_3': 40, 'D64alds_v6_US East_3': 40, 'D64als_v6_US East_3': 40, 'D64as_v6_US East_3': 40, 'D8ads_v6_US East_1': 40, 'D8ads_v6_US East_3': 40, 'D8alds_v6_US East_1': 40, 'D8alds_v6_US East_3': 40, 'D8als_v6_US East_2': 40, 'D8als_v6_US East_3': 40, 'D8as_v6_US East_1': 40, 'D8as_v6_US East_2': 40, 'D8plds_v5_US East_1': 40, 'D8plds_v5_US East_2': 40, 'D8plds_v5_US East_3': 40, 'D8pls_v5_US East_1': 40, 'D8pls_v5_US East_2': 40, 'D8pls_v5_US East_3': 40, 'D8ps_v5_US East_1': 40, 'D8ps_v5_US East_2': 40, 'D8ps_v5_US East_3': 40, 'D96ads_v6_US East_3': 40, 'D96alds_v6_US East_3': 40, 'D96als_v6_US East_2': 40, 'D96as_v6_US East_3': 40, 'E16ads_v6_US East_2': 40, 'E16ads_v6_US East_3': 40, 'E16as_v6_US East_1': 40, 'E16as_v6_US East_3': 40, 'E20ads_v6_US East_2': 40, 'E20ads_v6_US East_3': 40, 'E20as_v6_US East_2': 40, 'E20as_v6_US East_3': 40, 'E2ads_v6_US East_1': 40, 'E2ads_v6_US East_2': 40, 'E2ads_v6_US East_3': 40, 'E2as_v6_US East_1': 40, 'E2as_v6_US East_2': 40, 'E2as_v6_US East_3': 40, 'E2ps_v5_US East_1': 40, 'E2ps_v5_US East_2': 40, 'E2ps_v5_US East_3': 40, 'E32ads_v6_US East_2': 40, 'E32as_v6_US East_3': 40, 'E48ads_v6_US East_3': 40, 'E48as_v6_US East_2': 40, 'E4ads_v6_US East_2': 40, 'E4ads_v6_US East_3': 40, 'E4as_v6_US East_1': 40, 'E4as_v6_US East_3': 40, 'E4ps_v5_US East_1': 40, 'E4ps_v5_US East_2': 40, 'E4ps_v5_US East_3': 40, 'E64ads_v6_US East_1': 40, 'E64as_v6_US East_3': 40, 'E8ads_v6_US East_1': 40, 'E8ads_v6_US East_2': 40, 'E8as_v6_US East_1': 40, 'E8as_v6_US East_2': 40, 'E8ps_v5_US East_3': 40, 'E96-48ads_v6_US East_3': 40, 'E96ads_v6_US East_3': 40, 'E96as_v6_US East_3': 40, 'F16als_v6_US East_1': 40, 'F16als_v6_US East_3': 40, 'F16ams_v6_US East_2': 40, 'F16ams_v6_US East_3': 40, 'F16as_v6_US East_2': 40, 'F16as_v6_US East_3': 40, 'F2als_v6_US East_1': 40, 'F2als_v6_US East_2': 40, 'F2als_v6_US East_3': 40, 'F2ams_v6_US East_1': 40, 'F2ams_v6_US East_2': 40, 'F2ams_v6_US East_3': 40, 'F2as_v6_US East_1': 40, 'F2as_v6_US East_2': 40, 'F2as_v6_US East_3': 40, 'F32als_v6_US East_1': 40, 'F32ams_v6_US East_2': 40, 'F32as_v6_US East_2': 40, 'F48als_v6_US East_1': 40, 'F48ams_v6_US East_2': 40, 'F48as_v6_US East_2': 40, 'F4als_v6_US East_2': 40, 'F4als_v6_US East_3': 40, 'F4ams_v6_US East_2': 40, 'F4ams_v6_US East_3': 40, 'F4as_v6_US East_1': 40, 'F4as_v6_US East_3': 40, 'F64als_v6_US East_3': 40, 'F64ams_v6_US East_1': 40, 'F64as_v6_US East_3': 40, 'F8als_v6_US East_2': 40, 'F8als_v6_US East_3': 40, 'F8ams_v6_US East_2': 40, 'F8ams_v6_US East_3': 40, 'F8as_v6_US East_2': 40, 'F8as_v6_US East_3': 40, 'M32ls_US East_1': 40, 'M32ls_US East_2': 40, 'M32ls_US East_3': 40, 'M32ts_US East_1': 40, 'M32ts_US East_2': 40, 'M32ts_US East_3': 40, 'M64s_v2_US East_3': 40, 'NV4as_v4_US East_1': 40, 'NV4as_v4_US East_2': 40, 'NV4as_v4_US East_3': 40, 'NV8as_v4_US East_1': 40, 'NV8as_v4_US East_2': 40, 'NV8as_v4_US East_3': 40}"
0.79,1747.419040000001,2004591248,1147172.6028577548,69440,69430,"{'B16pls_v2_US East_1': 40, 'B16pls_v2_US East_2': 40, 'B16pls_v2_US East_3': 40, 'B16ps_v2_US East_3': 40, 'B2pls_v2_US East_1': 40, 'B2pls_v2_US East_2': 40, 'B2pls_v2_US East_3': 40, 'B2ps_v2_US East_1': 40, 'B2ps_v2_US East_2': 40, 'B2ps_v2_US East_3': 40, 'B4pls_v2_US East_1': 40, 'B4pls_v2_US East_2': 40, 'B4pls_v2_US East_3': 40, 'B4ps_v2_US East_1': 40, 'B4ps_v2_US East_2': 40, 'B4ps_v2_US East_3': 40, 'B8pls_v2_US East_1': 40, 'B8pls_v2_US East_2': 40, 'B8pls_v2_US East_3': 40, 'B8ps_v2_US East_1': 40, 'B8ps_v2_US East_2': 40, 'B8ps_v2_US East_3': 40, 'D16ads_v6_US East_2': 40, 'D16ads_v6_US East_3': 40, 'D16alds_v6_US East_1': 40, 'D16alds_v6_US East_2': 40, 'D16als_v6_US East_2': 40, 'D16als_v6_US East_3': 40, 'D16as_v6_US East_2': 40, 'D16as_v6_US East_3': 40, 'D16pds_v5_US East_2': 40, 'D16plds_v5_US East_2': 40, 'D16plds_v5_US East_3': 40, 'D16pls_v5_US East_1': 40, 'D16pls_v5_US East_3': 40, 'D16ps_v5_US East_2': 40, 'D2ads_v6_US East_1': 40, 'D2ads_v6_US East_2': 40, 'D2ads_v6_US East_3': 40, 'D2alds_v6_US East_1': 40, 'D2alds_v6_US East_2': 40, 'D2alds_v6_US East_3': 40, 'D2als_v6_US East_1': 40, 'D2als_v6_US East_2': 40, 'D2als_v6_US East_3': 40, 'D2as_v6_US East_1': 40, 'D2as_v6_US East_2': 40, 'D2as_v6_US East_3': 40, 'D2pds_v5_US East_1': 40, 'D2pds_v5_US East_2': 40, 'D2pds_v5_US East_3': 40, 'D2plds_v5_US East_1': 40, 'D2plds_v5_US East_2': 40, 'D2plds_v5_US East_3': 40, 'D2pls_v5_US East_1': 40, 'D2pls_v5_US East_2': 40, 'D2pls_v5_US East_3': 40, 'D2ps_v5_US East_1': 40, 'D2ps_v5_US East_2': 40, 'D2ps_v5_US East_3': 40, 'D32ads_v6_US East_1': 40, 'D32ads_v6_US East_2': 40, 'D32alds_v6_US East_1': 40, 'D32alds_v6_US East_3': 40, 'D32als_v6_US East_1': 40, 'D32als_v6_US East_2': 40, 'D32as_v6_US East_1': 40, 'D32as_v6_US East_2': 40, 'D32plds_v5_US East_3': 40, 'D32pls_v5_US East_1': 40, 'D48ads_v6_US East_2': 40, 'D48alds_v6_US East_3': 40, 'D48als_v6_US East_1': 40, 'D48als_v6_US East_3': 40, 'D4ads_v6_US East_1': 40, 'D4ads_v6_US East_2': 40, 'D4ads_v6_US East_3': 40, 'D4alds_v6_US East_1': 40, 'D4alds_v6_US East_2': 40, 'D4alds_v6_US East_3': 40, 'D4als_v6_US East_1': 40, 'D4als_v6_US East_2': 40, 'D4als_v6_US East_3': 40, 'D4as_v6_US East_1': 40, 'D4as_v6_US East_2': 40, 'D4as_v6_US East_3': 40, 'D4pds_v5_US East_1': 40, 'D4pds_v5_US East_2': 40, 'D4pds_v5_US East_3': 40, 'D4plds_v5_US East_1': 40, 'D4plds_v5_US East_2': 40, 'D4plds_v5_US East_3': 40, 'D4pls_v5_US East_1': 40, 'D4pls_v5_US East_2': 40, 'D4pls_v5_US East_3': 40, 'D4ps_v5_US East_1': 40, 'D4ps_v5_US East_2': 40, 'D4ps_v5_US East_3': 40, 'D64ads_v6_US East_3': 40, 'D64alds_v6_US East_3': 40, 'D64als_v6_US East_3': 40, 'D64as_v6_US East_3': 40, 'D8ads_v6_US East_1': 40, 'D8ads_v6_US East_3': 40, 'D8alds_v6_US East_1': 40, 'D8alds_v6_US East_3': 40, 'D8als_v6_US East_2': 40, 'D8als_v6_US East_3': 40, 'D8as_v6_US East_1': 40, 'D8as_v6_US East_2': 40, 'D8plds_v5_US East_1': 40, 'D8plds_v5_US East_2': 40, 'D8plds_v5_US East_3': 40, 'D8pls_v5_US East_1': 40, 'D8pls_v5_US East_2': 40, 'D8pls_v5_US East_3': 40, 'D8ps_v5_US East_1': 40, 'D8ps_v5_US East_2': 40, 'D8ps_v5_US East_3': 40, 'D96ads_v6_US East_3': 40, 'D96alds_v6_US East_3': 40, 'D96als_v6_US East_2': 40, 'D96as_v6_US East_3': 40, 'E16ads_v6_US East_2': 40, 'E16ads_v6_US East_3': 40, 'E16as_v6_US East_1': 40, 'E16as_v6_US East_3': 40, 'E20ads_v6_US East_2': 40, 'E20ads_v6_US East_3': 40, 'E20as_v6_US East_2': 40, 'E20as_v6_US East_3': 40, 'E2ads_v6_US East_1': 40, 'E2ads_v6_US East_2': 40, 'E2ads_v6_US East_3': 40, 'E2as_v6_US East_1': 40, 'E2as_v6_US East_2': 40, 'E2as_v6_US East_3': 40, 'E2ps_v5_US East_1': 40, 'E2ps_v5_US East_2': 40, 'E2ps_v5_US East_3': 40, 'E32ads_v6_US East_2': 40, 'E32as_v6_US East_3': 40, 'E48ads_v6_US East_3': 40, 'E48as_v6_US East_2': 40, 'E4ads_v6_US East_2': 40, 'E4ads_v6_US East_3': 40, 'E4as_v6_US East_1': 40, 'E4as_v6_US East_3': 40, 'E4ps_v5_US East_1': 40, 'E4ps_v5_US East_2': 40, 'E4ps_v5_US East_3': 40, 'E64ads_v6_US East_1': 40, 'E64as_v6_US East_3': 40, 'E8ads_v6_US East_1': 40, 'E8ads_v6_US East_2': 40, 'E8as_v6_US East_1': 40, 'E8as_v6_US East_2': 40, 'E8ps_v5_US East_3': 40, 'E96-48ads_v6_US East_3': 40, 'E96ads_v6_US East_3': 40, 'E96as_v6_US East_3': 40, 'F16als_v6_US East_1': 40, 'F16als_v6_US East_3': 40, 'F16ams_v6_US East_2': 40, 'F16ams_v6_US East_3': 40, 'F16as_v6_US East_2': 40, 'F16as_v6_US East_3': 40, 'F2als_v6_US East_1': 40, 'F2als_v6_US East_2': 40, 'F2als_v6_US East_3': 40, 'F2ams_v6_US East_1': 40, 'F2ams_v6_US East_2': 40, 'F2ams_v6_US East_3': 40, 'F2as_v6_US East_1': 40, 'F2as_v6_US East_2': 40, 'F2as_v6_US East_3': 40, 'F32als_v6_US East_1': 40, 'F32ams_v6_US East_2': 40, 'F32as_v6_US East_2': 40, 'F48als_v6_US East_1': 40, 'F48ams_v6_US East_2': 40, 'F48as_v6_US East_2': 40, 'F4als_v6_US East_2': 40, 'F4als_v6_US East_3': 40, 'F4ams_v6_US East_2': 40, 'F4ams_v6_US East_3': 40, 'F4as_v6_US East_1': 40, 'F4as_v6_US East_3': 40, 'F64als_v6_US East_3': 40, 'F64ams_v6_US East_1': 40, 'F64as_v6_US East_3': 40, 'F8als_v6_US East_2': 40, 'F8als_v6_US East_3': 40, 'F8ams_v6_US East_2': 40, 'F8ams_v6_US East_3': 40, 'F8as_v6_US East_2': 40, 'F8as_v6_US East_3': 40, 'M32ls_US East_1': 40, 'M32ls_US East_2': 40, 'M32ls_US East_3': 40, 'M32ts_US East_1': 40, 'M32ts_US East_2': 40, 'M32ts_US East_3': 40, 'M64s_v2_US East_3': 40, 'NV4as_v4_US East_1': 40, 'NV4as_v4_US East_2': 40, 'NV4as_v4_US East_3': 40, 'NV8as_v4_US East_1': 40, 'NV8as_v4_US East_2': 40, 'NV8as_v4_US East_3': 40}"
0.8,1802.063840000001,2019977278,1120924.3723574185,69920,69910,"{'B16pls_v2_US East_1': 40, 'B16pls_v2_US East_2': 40, 'B16pls_v2_US East_3': 40, 'B16ps_v2_US East_3': 40, 'B2pls_v2_US East_1': 40, 'B2pls_v2_US East_2': 40, 'B2pls_v2_US East_3': 40, 'B2ps_v2_US East_1': 40, 'B2ps_v2_US East_2': 40, 'B2ps_v2_US East_3': 40, 'B4pls_v2_US East_1': 40, 'B4pls_v2_US East_2': 40, 'B4pls_v2_US East_3': 40, 'B4ps_v2_US East_1': 40, 'B4ps_v2_US East_2': 40, 'B4ps_v2_US East_3': 40, 'B8pls_v2_US East_1': 40, 'B8pls_v2_US East_2': 40, 'B8pls_v2_US East_3': 40, 'B8ps_v2_US East_1': 40, 'B8ps_v2_US East_2': 40, 'B8ps_v2_US East_3': 40, 'D16ads_v6_US East_2': 40, 'D16ads_v6_US East_3': 40, 'D16alds_v6_US East_1': 40, 'D16alds_v6_US East_2': 40, 'D16als_v6_US East_2': 40, 'D16als_v6_US East_3': 40, 'D16as_v6_US East_2': 40, 'D16as_v6_US East_3': 40, 'D16pds_v5_US East_2': 40, 'D16plds_v5_US East_2': 40, 'D16plds_v5_US East_3': 40, 'D16pls_v5_US East_1': 40, 'D16pls_v5_US East_3': 40, 'D16ps_v5_US East_2': 40, 'D2ads_v6_US East_1': 40, 'D2ads_v6_US East_2': 40, 'D2ads_v6_US East_3': 40, 'D2alds_v6_US East_1': 40, 'D2alds_v6_US East_2': 40, 'D2alds_v6_US East_3': 40, 'D2als_v6_US East_1': 40, 'D2als_v6_US East_2': 40, 'D2als_v6_US East_3': 40, 'D2as_v6_US East_1': 40, 'D2as_v6_US East_2': 40, 'D2as_v6_US East_3': 40, 'D2pds_v5_US East_1': 40, 'D2pds_v5_US East_2': 40, 'D2pds_v5_US East_3': 40, 'D2plds_v5_US East_1': 40, 'D2plds_v5_US East_2': 40, 'D2plds_v5_US East_3': 40, 'D2pls_v5_US East_1': 40, 'D2pls_v5_US East_2': 40, 'D2pls_v5_US East_3': 40, 'D2ps_v5_US East_1': 40, 'D2ps_v5_US East_2': 40, 'D2ps_v5_US East_3': 40, 'D32ads_v6_US East_1': 40, 'D32ads_v6_US East_2': 40, 'D32alds_v6_US East_1': 40, 'D32alds_v6_US East_3': 40, 'D32als_v6_US East_1': 40, 'D32als_v6_US East_2': 40, 'D32as_v6_US East_1': 40, 'D32as_v6_US East_2': 40, 'D32plds_v5_US East_3': 40, 'D32pls_v5_US East_1': 40, 'D48ads_v6_US East_2': 40, 'D48alds_v6_US East_3': 40, 'D48als_v6_US East_1': 40, 'D48als_v6_US East_3': 40, 'D4ads_v6_US East_1': 40, 'D4ads_v6_US East_2': 40, 'D4ads_v6_US East_3': 40, 'D4alds_v6_US East_1': 40, 'D4alds_v6_US East_2': 40, 'D4alds_v6_US East_3': 40, 'D4als_v6_US East_1': 40, 'D4als_v6_US East_2': 40, 'D4als_v6_US East_3': 40, 'D4as_v6_US East_1': 40, 'D4as_v6_US East_2': 40, 'D4as_v6_US East_3': 40, 'D4pds_v5_US East_1': 40, 'D4pds_v5_US East_2': 40, 'D4pds_v5_US East_3': 40, 'D4plds_v5_US East_1': 40, 'D4plds_v5_US East_2': 40, 'D4plds_v5_US East_3': 40, 'D4pls_v5_US East_1': 40, 'D4pls_v5_US East_2': 40, 'D4pls_v5_US East_3': 40, 'D4ps_v5_US East_1': 40, 'D4ps_v5_US East_2': 40, 'D4ps_v5_US East_3': 40, 'D64ads_v6_US East_3': 40, 'D64alds_v6_US East_3': 40, 'D64als_v6_US East_3': 40, 'D64as_v6_US East_3': 40, 'D8ads_v6_US East_1': 40, 'D8ads_v6_US East_3': 40, 'D8alds_v6_US East_1': 40, 'D8alds_v6_US East_3': 40, 'D8als_v6_US East_2': 40, 'D8als_v6_US East_3': 40, 'D8as_v6_US East_1': 40, 'D8as_v6_US East_2': 40, 'D8plds_v5_US East_1': 40, 'D8plds_v5_US East_2': 40, 'D8plds_v5_US East_3': 40, 'D8pls_v5_US East_1': 40, 'D8pls_v5_US East_2': 40, 'D8pls_v5_US East_3': 40, 'D8ps_v5_US East_1': 40, 'D8ps_v5_US East_2': 40, 'D8ps_v5_US East_3': 40, 'D96ads_v6_US East_3': 40, 'D96alds_v6_US East_3': 40, 'D96als_v6_US East_2': 40, 'D96as_v6_US East_3': 40, 'E16ads_v6_US East_2': 40, 'E16ads_v6_US East_3': 40, 'E16as_v6_US East_1': 40, 'E16as_v6_US East_3': 40, 'E20ads_v6_US East_2': 40, 'E20ads_v6_US East_3': 40, 'E20as_v6_US East_2': 40, 'E20as_v6_US East_3': 40, 'E2ads_v6_US East_1': 40, 'E2ads_v6_US East_2': 40, 'E2ads_v6_US East_3': 40, 'E2as_v6_US East_1': 40, 'E2as_v6_US East_2': 40, 'E2as_v6_US East_3': 40, 'E2ps_v5_US East_1': 40, 'E2ps_v5_US East_2': 40, 'E2ps_v5_US East_3': 40, 'E32ads_v6_US East_2': 40, 'E32as_v6_US East_3': 40, 'E48ads_v6_US East_3': 40, 'E48as_v6_US East_2': 40, 'E4ads_v6_US East_2': 40, 'E4ads_v6_US East_3': 40, 'E4as_v6_US East_1': 40, 'E4as_v6_US East_3': 40, 'E4ps_v5_US East_1': 40, 'E4ps_v5_US East_2': 40, 'E4ps_v5_US East_3': 40, 'E64ads_v6_US East_1': 40, 'E64as_v6_US East_3': 40, 'E8ads_v6_US East_1': 40, 'E8ads_v6_US East_2': 40, 'E8as_v6_US East_1': 40, 'E8as_v6_US East_2': 40, 'E8ps_v5_US East_3': 40, 'E96-24ads_v6_US East_3': 40, 'E96-48ads_v6_US East_3': 40, 'E96ads_v6_US East_3': 40, 'E96as_v6_US East_3': 40, 'F16als_v6_US East_1': 40, 'F16als_v6_US East_3': 40, 'F16ams_v6_US East_2': 40, 'F16ams_v6_US East_3': 40, 'F16as_v6_US East_2': 40, 'F16as_v6_US East_3': 40, 'F2als_v6_US East_1': 40, 'F2als_v6_US East_2': 40, 'F2als_v6_US East_3': 40, 'F2ams_v6_US East_1': 40, 'F2ams_v6_US East_2': 40, 'F2ams_v6_US East_3': 40, 'F2as_v6_US East_1': 40, 'F2as_v6_US East_2': 40, 'F2as_v6_US East_3': 40, 'F32als_v6_US East_1': 40, 'F32ams_v6_US East_2': 40, 'F32as_v6_US East_2': 40, 'F48als_v6_US East_1': 40, 'F48ams_v6_US East_2': 40, 'F48as_v6_US East_2': 40, 'F4als_v6_US East_2': 40, 'F4als_v6_US East_3': 40, 'F4ams_v6_US East_2': 40, 'F4ams_v6_US East_3': 40, 'F4as_v6_US East_1': 40, 'F4as_v6_US East_3': 40, 'F64als_v6_US East_3': 40, 'F64ams_v6_US East_1': 40, 'F64as_v6_US East_3': 40, 'F8als_v6_US East_2': 40, 'F8als_v6_US East_3': 40, 'F8ams_v6_US East_2': 40, 'F8ams_v6_US East_3': 40, 'F8as_v6_US East_2': 40, 'F8as_v6_US East_3': 40, 'M32ls_US East_1': 40, 'M32ls_US East_2': 40, 'M32ls_US East_3': 40, 'M32ts_US East_1': 40, 'M32ts_US East_2': 40, 'M32ts_US East_3': 40, 'M64s_v2_US East_3': 40, 'NV4as_v4_US East_1': 40, 'NV4as_v4_US East_2': 40, 'NV4as_v4_US East_3': 40, 'NV8as_v4_US East_1': 40, 'NV8as_v4_US East_2': 40, 'NV8as_v4_US East_3': 40}"
0.81,1802.063840000001,2019977278,1120924.3723574185,69920,69910,"{'B16pls_v2_US East_1': 40, 'B16pls_v2_US East_2': 40, 'B16pls_v2_US East_3': 40, 'B16ps_v2_US East_3': 40, 'B2pls_v2_US East_1': 40, 'B2pls_v2_US East_2': 40, 'B2pls_v2_US East_3': 40, 'B2ps_v2_US East_1': 40, 'B2ps_v2_US East_2': 40, 'B2ps_v2_US East_3': 40, 'B4pls_v2_US East_1': 40, 'B4pls_v2_US East_2': 40, 'B4pls_v2_US East_3': 40, 'B4ps_v2_US East_1': 40, 'B4ps_v2_US East_2': 40, 'B4ps_v2_US East_3': 40, 'B8pls_v2_US East_1': 40, 'B8pls_v2_US East_2': 40, 'B8pls_v2_US East_3': 40, 'B8ps_v2_US East_1': 40, 'B8ps_v2_US East_2': 40, 'B8ps_v2_US East_3': 40, 'D16ads_v6_US East_2': 40, 'D16ads_v6_US East_3': 40, 'D16alds_v6_US East_1': 40, 'D16alds_v6_US East_2': 40, 'D16als_v6_US East_2': 40, 'D16als_v6_US East_3': 40, 'D16as_v6_US East_2': 40, 'D16as_v6_US East_3': 40, 'D16pds_v5_US East_2': 40, 'D16plds_v5_US East_2': 40, 'D16plds_v5_US East_3': 40, 'D16pls_v5_US East_1': 40, 'D16pls_v5_US East_3': 40, 'D16ps_v5_US East_2': 40, 'D2ads_v6_US East_1': 40, 'D2ads_v6_US East_2': 40, 'D2ads_v6_US East_3': 40, 'D2alds_v6_US East_1': 40, 'D2alds_v6_US East_2': 40, 'D2alds_v6_US East_3': 40, 'D2als_v6_US East_1': 40, 'D2als_v6_US East_2': 40, 'D2als_v6_US East_3': 40, 'D2as_v6_US East_1': 40, 'D2as_v6_US East_2': 40, 'D2as_v6_US East_3': 40, 'D2pds_v5_US East_1': 40, 'D2pds_v5_US East_2': 40, 'D2pds_v5_US East_3': 40, 'D2plds_v5_US East_1': 40, 'D2plds_v5_US East_2': 40, 'D2plds_v5_US East_3': 40, 'D2pls_v5_US East_1': 40, 'D2pls_v5_US East_2': 40, 'D2pls_v5_US East_3': 40, 'D2ps_v5_US East_1': 40, 'D2ps_v5_US East_2': 40, 'D2ps_v5_US East_3': 40, 'D32ads_v6_US East_1': 40, 'D32ads_v6_US East_2': 40, 'D32alds_v6_US East_1': 40, 'D32alds_v6_US East_3': 40, 'D32als_v6_US East_1': 40, 'D32als_v6_US East_2': 40, 'D32as_v6_US East_1': 40, 'D32as_v6_US East_2': 40, 'D32plds_v5_US East_3': 40, 'D32pls_v5_US East_1': 40, 'D48ads_v6_US East_2': 40, 'D48alds_v6_US East_3': 40, 'D48als_v6_US East_1': 40, 'D48als_v6_US East_3': 40, 'D4ads_v6_US East_1': 40, 'D4ads_v6_US East_2': 40, 'D4ads_v6_US East_3': 40, 'D4alds_v6_US East_1': 40, 'D4alds_v6_US East_2': 40, 'D4alds_v6_US East_3': 40, 'D4als_v6_US East_1': 40, 'D4als_v6_US East_2': 40, 'D4als_v6_US East_3': 40, 'D4as_v6_US East_1': 40, 'D4as_v6_US East_2': 40, 'D4as_v6_US East_3': 40, 'D4pds_v5_US East_1': 40, 'D4pds_v5_US East_2': 40, 'D4pds_v5_US East_3': 40, 'D4plds_v5_US East_1': 40, 'D4plds_v5_US East_2': 40, 'D4plds_v5_US East_3': 40, 'D4pls_v5_US East_1': 40, 'D4pls_v5_US East_2': 40, 'D4pls_v5_US East_3': 40, 'D4ps_v5_US East_1': 40, 'D4ps_v5_US East_2': 40, 'D4ps_v5_US East_3': 40, 'D64ads_v6_US East_3': 40, 'D64alds_v6_US East_3': 40, 'D64als_v6_US East_3': 40, 'D64as_v6_US East_3': 40, 'D8ads_v6_US East_1': 40, 'D8ads_v6_US East_3': 40, 'D8alds_v6_US East_1': 40, 'D8alds_v6_US East_3': 40, 'D8als_v6_US East_2': 40, 'D8als_v6_US East_3': 40, 'D8as_v6_US East_1': 40, 'D8as_v6_US East_2': 40, 'D8plds_v5_US East_1': 40, 'D8plds_v5_US East_2': 40, 'D8plds_v5_US East_3': 40, 'D8pls_v5_US East_1': 40, 'D8pls_v5_US East_2': 40, 'D8pls_v5_US East_3': 40, 'D8ps_v5_US East_1': 40, 'D8ps_v5_US East_2': 40, 'D8ps_v5_US East_3': 40, 'D96ads_v6_US East_3': 40, 'D96alds_v6_US East_3': 40, 'D96als_v6_US East_2': 40, 'D96as_v6_US East_3': 40, 'E16ads_v6_US East_2': 40, 'E16ads_v6_US East_3': 40, 'E16as_v6_US East_1': 40, 'E16as_v6_US East_3': 40, 'E20ads_v6_US East_2': 40, 'E20ads_v6_US East_3': 40, 'E20as_v6_US East_2': 40, 'E20as_v6_US East_3': 40, 'E2ads_v6_US East_1': 40, 'E2ads_v6_US East_2': 40, 'E2ads_v6_US East_3': 40, 'E2as_v6_US East_1': 40, 'E2as_v6_US East_2': 40, 'E2as_v6_US East_3': 40, 'E2ps_v5_US East_1': 40, 'E2ps_v5_US East_2': 40, 'E2ps_v5_US East_3': 40, 'E32ads_v6_US East_2': 40, 'E32as_v6_US East_3': 40, 'E48ads_v6_US East_3': 40, 'E48as_v6_US East_2': 40, 'E4ads_v6_US East_2': 40, 'E4ads_v6_US East_3': 40, 'E4as_v6_US East_1': 40, 'E4as_v6_US East_3': 40, 'E4ps_v5_US East_1': 40, 'E4ps_v5_US East_2': 40, 'E4ps_v5_US East_3': 40, 'E64ads_v6_US East_1': 40, 'E64as_v6_US East_3': 40, 'E8ads_v6_US East_1': 40, 'E8ads_v6_US East_2': 40, 'E8as_v6_US East_1': 40, 'E8as_v6_US East_2': 40, 'E8ps_v5_US East_3': 40, 'E96-24ads_v6_US East_3': 40, 'E96-48ads_v6_US East_3': 40, 'E96ads_v6_US East_3': 40, 'E96as_v6_US East_3': 40, 'F16als_v6_US East_1': 40, 'F16als_v6_US East_3': 40, 'F16ams_v6_US East_2': 40, 'F16ams_v6_US East_3': 40, 'F16as_v6_US East_2': 40, 'F16as_v6_US East_3': 40, 'F2als_v6_US East_1': 40, 'F2als_v6_US East_2': 40, 'F2als_v6_US East_3': 40, 'F2ams_v6_US East_1': 40, 'F2ams_v6_US East_2': 40, 'F2ams_v6_US East_3': 40, 'F2as_v6_US East_1': 40, 'F2as_v6_US East_2': 40, 'F2as_v6_US East_3': 40, 'F32als_v6_US East_1': 40, 'F32ams_v6_US East_2': 40, 'F32as_v6_US East_2': 40, 'F48als_v6_US East_1': 40, 'F48ams_v6_US East_2': 40, 'F48as_v6_US East_2': 40, 'F4als_v6_US East_2': 40, 'F4als_v6_US East_3': 40, 'F4ams_v6_US East_2': 40, 'F4ams_v6_US East_3': 40, 'F4as_v6_US East_1': 40, 'F4as_v6_US East_3': 40, 'F64als_v6_US East_3': 40, 'F64ams_v6_US East_1': 40, 'F64as_v6_US East_3': 40, 'F8als_v6_US East_2': 40, 'F8als_v6_US East_3': 40, 'F8ams_v6_US East_2': 40, 'F8ams_v6_US East_3': 40, 'F8as_v6_US East_2': 40, 'F8as_v6_US East_3': 40, 'M32ls_US East_1': 40, 'M32ls_US East_2': 40, 'M32ls_US East_3': 40, 'M32ts_US East_1': 40, 'M32ts_US East_2': 40, 'M32ts_US East_3': 40, 'M64s_v2_US East_3': 40, 'NV4as_v4_US East_1': 40, 'NV4as_v4_US East_2': 40, 'NV4as_v4_US East_3': 40, 'NV8as_v4_US East_1': 40, 'NV8as_v4_US East_2': 40, 'NV8as_v4_US East_3': 40}"
0.8200000000000001,1802.063840000001,2019977278,1120924.3723574185,69920,69910,"{'B16pls_v2_US East_1': 40, 'B16pls_v2_US East_2': 40, 'B16pls_v2_US East_3': 40, 'B16ps_v2_US East_3': 40, 'B2pls_v2_US East_1': 40, 'B2pls_v2_US East_2': 40, 'B2pls_v2_US East_3': 40, 'B2ps_v2_US East_1': 40, 'B2ps_v2_US East_2': 40, 'B2ps_v2_US East_3': 40, 'B4pls_v2_US East_1': 40, 'B4pls_v2_US East_2': 40, 'B4pls_v2_US East_3': 40, 'B4ps_v2_US East_1': 40, 'B4ps_v2_US East_2': 40, 'B4ps_v2_US East_3': 40, 'B8pls_v2_US East_1': 40, 'B8pls_v2_US East_2': 40, 'B8pls_v2_US East_3': 40, 'B8ps_v2_US East_1': 40, 'B8ps_v2_US East_2': 40, 'B8ps_v2_US East_3': 40, 'D16ads_v6_US East_2': 40, 'D16ads_v6_US East_3': 40, 'D16alds_v6_US East_1': 40, 'D16alds_v6_US East_2': 40, 'D16als_v6_US East_2': 40, 'D16als_v6_US East_3': 40, 'D16as_v6_US East_2': 40, 'D16as_v6_US East_3': 40, 'D16pds_v5_US East_2': 40, 'D16plds_v5_US East_2': 40, 'D16plds_v5_US East_3': 40, 'D16pls_v5_US East_1': 40, 'D16pls_v5_US East_3': 40, 'D16ps_v5_US East_2': 40, 'D2ads_v6_US East_1': 40, 'D2ads_v6_US East_2': 40, 'D2ads_v6_US East_3': 40, 'D2alds_v6_US East_1': 40, 'D2alds_v6_US East_2': 40, 'D2alds_v6_US East_3': 40, 'D2als_v6_US East_1': 40, 'D2als_v6_US East_2': 40, 'D2als_v6_US East_3': 40, 'D2as_v6_US East_1': 40, 'D2as_v6_US East_2': 40, 'D2as_v6_US East_3': 40, 'D2pds_v5_US East_1': 40, 'D2pds_v5_US East_2': 40, 'D2pds_v5_US East_3': 40, 'D2plds_v5_US East_1': 40, 'D2plds_v5_US East_2': 40, 'D2plds_v5_US East_3': 40, 'D2pls_v5_US East_1': 40, 'D2pls_v5_US East_2': 40, 'D2pls_v5_US East_3': 40, 'D2ps_v5_US East_1': 40, 'D2ps_v5_US East_2': 40, 'D2ps_v5_US East_3': 40, 'D32ads_v6_US East_1': 40, 'D32ads_v6_US East_2': 40, 'D32alds_v6_US East_1': 40, 'D32alds_v6_US East_3': 40, 'D32als_v6_US East_1': 40, 'D32als_v6_US East_2': 40, 'D32as_v6_US East_1': 40, 'D32as_v6_US East_2': 40, 'D32plds_v5_US East_3': 40, 'D32pls_v5_US East_1': 40, 'D48ads_v6_US East_2': 40, 'D48alds_v6_US East_3': 40, 'D48als_v6_US East_1': 40, 'D48als_v6_US East_3': 40, 'D4ads_v6_US East_1': 40, 'D4ads_v6_US East_2': 40, 'D4ads_v6_US East_3': 40, 'D4alds_v6_US East_1': 40, 'D4alds_v6_US East_2': 40, 'D4alds_v6_US East_3': 40, 'D4als_v6_US East_1': 40, 'D4als_v6_US East_2': 40, 'D4als_v6_US East_3': 40, 'D4as_v6_US East_1': 40, 'D4as_v6_US East_2': 40, 'D4as_v6_US East_3': 40, 'D4pds_v5_US East_1': 40, 'D4pds_v5_US East_2': 40, 'D4pds_v5_US East_3': 40, 'D4plds_v5_US East_1': 40, 'D4plds_v5_US East_2': 40, 'D4plds_v5_US East_3': 40, 'D4pls_v5_US East_1': 40, 'D4pls_v5_US East_2': 40, 'D4pls_v5_US East_3': 40, 'D4ps_v5_US East_1': 40, 'D4ps_v5_US East_2': 40, 'D4ps_v5_US East_3': 40, 'D64ads_v6_US East_3': 40, 'D64alds_v6_US East_3': 40, 'D64als_v6_US East_3': 40, 'D64as_v6_US East_3': 40, 'D8ads_v6_US East_1': 40, 'D8ads_v6_US East_3': 40, 'D8alds_v6_US East_1': 40, 'D8alds_v6_US East_3': 40, 'D8als_v6_US East_2': 40, 'D8als_v6_US East_3': 40, 'D8as_v6_US East_1': 40, 'D8as_v6_US East_2': 40, 'D8plds_v5_US East_1': 40, 'D8plds_v5_US East_2': 40, 'D8plds_v5_US East_3': 40, 'D8pls_v5_US East_1': 40, 'D8pls_v5_US East_2': 40, 'D8pls_v5_US East_3': 40, 'D8ps_v5_US East_1': 40, 'D8ps_v5_US East_2': 40, 'D8ps_v5_US East_3': 40, 'D96ads_v6_US East_3': 40, 'D96alds_v6_US East_3': 40, 'D96als_v6_US East_2': 40, 'D96as_v6_US East_3': 40, 'E16ads_v6_US East_2': 40, 'E16ads_v6_US East_3': 40, 'E16as_v6_US East_1': 40, 'E16as_v6_US East_3': 40, 'E20ads_v6_US East_2': 40, 'E20ads_v6_US East_3': 40, 'E20as_v6_US East_2': 40, 'E20as_v6_US East_3': 40, 'E2ads_v6_US East_1': 40, 'E2ads_v6_US East_2': 40, 'E2ads_v6_US East_3': 40, 'E2as_v6_US East_1': 40, 'E2as_v6_US East_2': 40, 'E2as_v6_US East_3': 40, 'E2ps_v5_US East_1': 40, 'E2ps_v5_US East_2': 40, 'E2ps_v5_US East_3': 40, 'E32ads_v6_US East_2': 40, 'E32as_v6_US East_3': 40, 'E48ads_v6_US East_3': 40, 'E48as_v6_US East_2': 40, 'E4ads_v6_US East_2': 40, 'E4ads_v6_US East_3': 40, 'E4as_v6_US East_1': 40, 'E4as_v6_US East_3': 40, 'E4ps_v5_US East_1': 40, 'E4ps_v5_US East_2': 40, 'E4ps_v5_US East_3': 40, 'E64ads_v6_US East_1': 40, 'E64as_v6_US East_3': 40, 'E8ads_v6_US East_1': 40, 'E8ads_v6_US East_2': 40, 'E8as_v6_US East_1': 40, 'E8as_v6_US East_2': 40, 'E8ps_v5_US East_3': 40, 'E96-24ads_v6_US East_3': 40, 'E96-48ads_v6_US East_3': 40, 'E96ads_v6_US East_3': 40, 'E96as_v6_US East_3': 40, 'F16als_v6_US East_1': 40, 'F16als_v6_US East_3': 40, 'F16ams_v6_US East_2': 40, 'F16ams_v6_US East_3': 40, 'F16as_v6_US East_2': 40, 'F16as_v6_US East_3': 40, 'F2als_v6_US East_1': 40, 'F2als_v6_US East_2': 40, 'F2als_v6_US East_3': 40, 'F2ams_v6_US East_1': 40, 'F2ams_v6_US East_2': 40, 'F2ams_v6_US East_3': 40, 'F2as_v6_US East_1': 40, 'F2as_v6_US East_2': 40, 'F2as_v6_US East_3': 40, 'F32als_v6_US East_1': 40, 'F32ams_v6_US East_2': 40, 'F32as_v6_US East_2': 40, 'F48als_v6_US East_1': 40, 'F48ams_v6_US East_2': 40, 'F48as_v6_US East_2': 40, 'F4als_v6_US East_2': 40, 'F4als_v6_US East_3': 40, 'F4ams_v6_US East_2': 40, 'F4ams_v6_US East_3': 40, 'F4as_v6_US East_1': 40, 'F4as_v6_US East_3': 40, 'F64als_v6_US East_3': 40, 'F64ams_v6_US East_1': 40, 'F64as_v6_US East_3': 40, 'F8als_v6_US East_2': 40, 'F8als_v6_US East_3': 40, 'F8ams_v6_US East_2': 40, 'F8ams_v6_US East_3': 40, 'F8as_v6_US East_2': 40, 'F8as_v6_US East_3': 40, 'M32ls_US East_1': 40, 'M32ls_US East_2': 40, 'M32ls_US East_3': 40, 'M32ts_US East_1': 40, 'M32ts_US East_2': 40, 'M32ts_US East_3': 40, 'M64s_v2_US East_3': 40, 'NV4as_v4_US East_1': 40, 'NV4as_v4_US East_2': 40, 'NV4as_v4_US East_3': 40, 'NV8as_v4_US East_1': 40, 'NV8as_v4_US East_2': 40, 'NV8as_v4_US East_3': 40}"
0.8300000000000001,1802.063840000001,2019977278,1120924.3723574185,69920,69910,"{'B16pls_v2_US East_1': 40, 'B16pls_v2_US East_2': 40, 'B16pls_v2_US East_3': 40, 'B16ps_v2_US East_3': 40, 'B2pls_v2_US East_1': 40, 'B2pls_v2_US East_2': 40, 'B2pls_v2_US East_3': 40, 'B2ps_v2_US East_1': 40, 'B2ps_v2_US East_2': 40, 'B2ps_v2_US East_3': 40, 'B4pls_v2_US East_1': 40, 'B4pls_v2_US East_2': 40, 'B4pls_v2_US East_3': 40, 'B4ps_v2_US East_1': 40, 'B4ps_v2_US East_2': 40, 'B4ps_v2_US East_3': 40, 'B8pls_v2_US East_1': 40, 'B8pls_v2_US East_2': 40, 'B8pls_v2_US East_3': 40, 'B8ps_v2_US East_1': 40, 'B8ps_v2_US East_2': 40, 'B8ps_v2_US East_3': 40, 'D16ads_v6_US East_2': 40, 'D16ads_v6_US East_3': 40, 'D16alds_v6_US East_1': 40, 'D16alds_v6_US East_2': 40, 'D16als_v6_US East_2': 40, 'D16als_v6_US East_3': 40, 'D16as_v6_US East_2': 40, 'D16as_v6_US East_3': 40, 'D16pds_v5_US East_2': 40, 'D16plds_v5_US East_2': 40, 'D16plds_v5_US East_3': 40, 'D16pls_v5_US East_1': 40, 'D16pls_v5_US East_3': 40, 'D16ps_v5_US East_2': 40, 'D2ads_v6_US East_1': 40, 'D2ads_v6_US East_2': 40, 'D2ads_v6_US East_3': 40, 'D2alds_v6_US East_1': 40, 'D2alds_v6_US East_2': 40, 'D2alds_v6_US East_3': 40, 'D2als_v6_US East_1': 40, 'D2als_v6_US East_2': 40, 'D2als_v6_US East_3': 40, 'D2as_v6_US East_1': 40, 'D2as_v6_US East_2': 40, 'D2as_v6_US East_3': 40, 'D2pds_v5_US East_1': 40, 'D2pds_v5_US East_2': 40, 'D2pds_v5_US East_3': 40, 'D2plds_v5_US East_1': 40, 'D2plds_v5_US East_2': 40, 'D2plds_v5_US East_3': 40, 'D2pls_v5_US East_1': 40, 'D2pls_v5_US East_2': 40, 'D2pls_v5_US East_3': 40, 'D2ps_v5_US East_1': 40, 'D2ps_v5_US East_2': 40, 'D2ps_v5_US East_3': 40, 'D32ads_v6_US East_1': 40, 'D32ads_v6_US East_2': 40, 'D32alds_v6_US East_1': 40, 'D32alds_v6_US East_3': 40, 'D32als_v6_US East_1': 40, 'D32als_v6_US East_2': 40, 'D32as_v6_US East_1': 40, 'D32as_v6_US East_2': 40, 'D32plds_v5_US East_3': 40, 'D32pls_v5_US East_1': 40, 'D48ads_v6_US East_2': 40, 'D48alds_v6_US East_3': 40, 'D48als_v6_US East_1': 40, 'D48als_v6_US East_3': 40, 'D4ads_v6_US East_1': 40, 'D4ads_v6_US East_2': 40, 'D4ads_v6_US East_3': 40, 'D4alds_v6_US East_1': 40, 'D4alds_v6_US East_2': 40, 'D4alds_v6_US East_3': 40, 'D4als_v6_US East_1': 40, 'D4als_v6_US East_2': 40, 'D4als_v6_US East_3': 40, 'D4as_v6_US East_1': 40, 'D4as_v6_US East_2': 40, 'D4as_v6_US East_3': 40, 'D4pds_v5_US East_1': 40, 'D4pds_v5_US East_2': 40, 'D4pds_v5_US East_3': 40, 'D4plds_v5_US East_1': 40, 'D4plds_v5_US East_2': 40, 'D4plds_v5_US East_3': 40, 'D4pls_v5_US East_1': 40, 'D4pls_v5_US East_2': 40, 'D4pls_v5_US East_3': 40, 'D4ps_v5_US East_1': 40, 'D4ps_v5_US East_2': 40, 'D4ps_v5_US East_3': 40, 'D64ads_v6_US East_3': 40, 'D64alds_v6_US East_3': 40, 'D64als_v6_US East_3': 40, 'D64as_v6_US East_3': 40, 'D8ads_v6_US East_1': 40, 'D8ads_v6_US East_3': 40, 'D8alds_v6_US East_1': 40, 'D8alds_v6_US East_3': 40, 'D8als_v6_US East_2': 40, 'D8als_v6_US East_3': 40, 'D8as_v6_US East_1': 40, 'D8as_v6_US East_2': 40, 'D8plds_v5_US East_1': 40, 'D8plds_v5_US East_2': 40, 'D8plds_v5_US East_3': 40, 'D8pls_v5_US East_1': 40, 'D8pls_v5_US East_2': 40, 'D8pls_v5_US East_3': 40, 'D8ps_v5_US East_1': 40, 'D8ps_v5_US East_2': 40, 'D8ps_v5_US East_3': 40, 'D96ads_v6_US East_3': 40, 'D96alds_v6_US East_3': 40, 'D96als_v6_US East_2': 40, 'D96as_v6_US East_3': 40, 'E16ads_v6_US East_2': 40, 'E16ads_v6_US East_3': 40, 'E16as_v6_US East_1': 40, 'E16as_v6_US East_3': 40, 'E20ads_v6_US East_2': 40, 'E20ads_v6_US East_3': 40, 'E20as_v6_US East_2': 40, 'E20as_v6_US East_3': 40, 'E2ads_v6_US East_1': 40, 'E2ads_v6_US East_2': 40, 'E2ads_v6_US East_3': 40, 'E2as_v6_US East_1': 40, 'E2as_v6_US East_2': 40, 'E2as_v6_US East_3': 40, 'E2ps_v5_US East_1': 40, 'E2ps_v5_US East_2': 40, 'E2ps_v5_US East_3': 40, 'E32ads_v6_US East_2': 40, 'E32as_v6_US East_3': 40, 'E48ads_v6_US East_3': 40, 'E48as_v6_US East_2': 40, 'E4ads_v6_US East_2': 40, 'E4ads_v6_US East_3': 40, 'E4as_v6_US East_1': 40, 'E4as_v6_US East_3': 40, 'E4ps_v5_US East_1': 40, 'E4ps_v5_US East_2': 40, 'E4ps_v5_US East_3': 40, 'E64ads_v6_US East_1': 40, 'E64as_v6_US East_3': 40, 'E8ads_v6_US East_1': 40, 'E8ads_v6_US East_2': 40, 'E8as_v6_US East_1': 40, 'E8as_v6_US East_2': 40, 'E8ps_v5_US East_3': 40, 'E96-24ads_v6_US East_3': 40, 'E96-48ads_v6_US East_3': 40, 'E96ads_v6_US East_3': 40, 'E96as_v6_US East_3': 40, 'F16als_v6_US East_1': 40, 'F16als_v6_US East_3': 40, 'F16ams_v6_US East_2': 40, 'F16ams_v6_US East_3': 40, 'F16as_v6_US East_2': 40, 'F16as_v6_US East_3': 40, 'F2als_v6_US East_1': 40, 'F2als_v6_US East_2': 40, 'F2als_v6_US East_3': 40, 'F2ams_v6_US East_1': 40, 'F2ams_v6_US East_2': 40, 'F2ams_v6_US East_3': 40, 'F2as_v6_US East_1': 40, 'F2as_v6_US East_2': 40, 'F2as_v6_US East_3': 40, 'F32als_v6_US East_1': 40, 'F32ams_v6_US East_2': 40, 'F32as_v6_US East_2': 40, 'F48als_v6_US East_1': 40, 'F48ams_v6_US East_2': 40, 'F48as_v6_US East_2': 40, 'F4als_v6_US East_2': 40, 'F4als_v6_US East_3': 40, 'F4ams_v6_US East_2': 40, 'F4ams_v6_US East_3': 40, 'F4as_v6_US East_1': 40, 'F4as_v6_US East_3': 40, 'F64als_v6_US East_3': 40, 'F64ams_v6_US East_1': 40, 'F64as_v6_US East_3': 40, 'F8als_v6_US East_2': 40, 'F8als_v6_US East_3': 40, 'F8ams_v6_US East_2': 40, 'F8ams_v6_US East_3': 40, 'F8as_v6_US East_2': 40, 'F8as_v6_US East_3': 40, 'M32ls_US East_1': 40, 'M32ls_US East_2': 40, 'M32ls_US East_3': 40, 'M32ts_US East_1': 40, 'M32ts_US East_2': 40, 'M32ts_US East_3': 40, 'M64s_v2_US East_3': 40, 'NV4as_v4_US East_1': 40, 'NV4as_v4_US East_2': 40, 'NV4as_v4_US East_3': 40, 'NV8as_v4_US East_1': 40, 'NV8as_v4_US East_2': 40, 'NV8as_v4_US East_3': 40}"
0.84,2072.3228,2080527896,1003959.371773548,73760,73750,"{'B16pls_v2_US East_1': 40, 'B16pls_v2_US East_2': 40, 'B16pls_v2_US East_3': 40, 'B16ps_v2_US East_3': 40, 'B2pls_v2_US East_1': 40, 'B2pls_v2_US East_2': 40, 'B2pls_v2_US East_3': 40, 'B2ps_v2_US East_1': 40, 'B2ps_v2_US East_2': 40, 'B2ps_v2_US East_3': 40, 'B4pls_v2_US East_1': 40, 'B4pls_v2_US East_2': 40, 'B4pls_v2_US East_3': 40, 'B4ps_v2_US East_1': 40, 'B4ps_v2_US East_2': 40, 'B4ps_v2_US East_3': 40, 'B8pls_v2_US East_1': 40, 'B8pls_v2_US East_2': 40, 'B8pls_v2_US East_3': 40, 'B8ps_v2_US East_1': 40, 'B8ps_v2_US East_2': 40, 'B8ps_v2_US East_3': 40, 'D16ads_v6_US East_2': 40, 'D16ads_v6_US East_3': 40, 'D16alds_v6_US East_1': 40, 'D16alds_v6_US East_2': 40, 'D16als_v6_US East_2': 40, 'D16als_v6_US East_3': 40, 'D16as_v6_US East_2': 40, 'D16as_v6_US East_3': 40, 'D16pds_v5_US East_2': 40, 'D16plds_v5_US East_2': 40, 'D16plds_v5_US East_3': 40, 'D16pls_v5_US East_1': 40, 'D16pls_v5_US East_3': 40, 'D16ps_v5_US East_2': 40, 'D2ads_v6_US East_1': 40, 'D2ads_v6_US East_2': 40, 'D2ads_v6_US East_3': 40, 'D2alds_v6_US East_1': 40, 'D2alds_v6_US East_2': 40, 'D2alds_v6_US East_3': 40, 'D2als_v6_US East_1': 40, 'D2als_v6_US East_2': 40, 'D2als_v6_US East_3': 40, 'D2as_v6_US East_1': 40, 'D2as_v6_US East_2': 40, 'D2as_v6_US East_3': 40, 'D2pds_v5_US East_1': 40, 'D2pds_v5_US East_2': 40, 'D2pds_v5_US East_3': 40, 'D2plds_v5_US East_1': 40, 'D2plds_v5_US East_2': 40, 'D2plds_v5_US East_3': 40, 'D2pls_v5_US East_1': 40, 'D2pls_v5_US East_2': 40, 'D2pls_v5_US East_3': 40, 'D2ps_v5_US East_1': 40, 'D2ps_v5_US East_2': 40, 'D2ps_v5_US East_3': 40, 'D32ads_v6_US East_1': 40, 'D32ads_v6_US East_2': 40, 'D32alds_v6_US East_1': 40, 'D32alds_v6_US East_3': 40, 'D32als_v6_US East_1': 40, 'D32als_v6_US East_2': 40, 'D32as_v6_US East_1': 40, 'D32as_v6_US East_2': 40, 'D32plds_v5_US East_3': 40, 'D32pls_v5_US East_1': 40, 'D48ads_v6_US East_2': 40, 'D48alds_v6_US East_3': 40, 'D48als_v6_US East_1': 40, 'D48als_v6_US East_3': 40, 'D4ads_v6_US East_1': 40, 'D4ads_v6_US East_2': 40, 'D4ads_v6_US East_3': 40, 'D4alds_v6_US East_1': 40, 'D4alds_v6_US East_2': 40, 'D4alds_v6_US East_3': 40, 'D4als_v6_US East_1': 40, 'D4als_v6_US East_2': 40, 'D4als_v6_US East_3': 40, 'D4as_v6_US East_1': 40, 'D4as_v6_US East_2': 40, 'D4as_v6_US East_3': 40, 'D4pds_v5_US East_1': 40, 'D4pds_v5_US East_2': 40, 'D4pds_v5_US East_3': 40, 'D4plds_v5_US East_1': 40, 'D4plds_v5_US East_2': 40, 'D4plds_v5_US East_3': 40, 'D4pls_v5_US East_1': 40, 'D4pls_v5_US East_2': 40, 'D4pls_v5_US East_3': 40, 'D4ps_v5_US East_1': 40, 'D4ps_v5_US East_2': 40, 'D4ps_v5_US East_3': 40, 'D64ads_v6_US East_3': 40, 'D64alds_v6_US East_3': 40, 'D64als_v6_US East_3': 40, 'D64as_v6_US East_3': 40, 'D8ads_v6_US East_1': 40, 'D8ads_v6_US East_3': 40, 'D8alds_v6_US East_1': 40, 'D8alds_v6_US East_3': 40, 'D8als_v6_US East_2': 40, 'D8als_v6_US East_3': 40, 'D8as_v6_US East_1': 40, 'D8as_v6_US East_2': 40, 'D8plds_v5_US East_1': 40, 'D8plds_v5_US East_2': 40, 'D8plds_v5_US East_3': 40, 'D8pls_v5_US East_1': 40, 'D8pls_v5_US East_2': 40, 'D8pls_v5_US East_3': 40, 'D8ps_v5_US East_1': 40, 'D8ps_v5_US East_2': 40, 'D8ps_v5_US East_3': 40, 'D96ads_v6_US East_3': 40, 'D96alds_v6_US East_3': 40, 'D96als_v6_US East_2': 40, 'D96as_v6_US East_3': 40, 'E16ads_v6_US East_2': 40, 'E16ads_v6_US East_3': 40, 'E16as_v6_US East_1': 40, 'E16as_v6_US East_3': 40, 'E20ads_v6_US East_2': 40, 'E20ads_v6_US East_3': 40, 'E20as_v6_US East_2': 40, 'E20as_v6_US East_3': 40, 'E2ads_v6_US East_1': 40, 'E2ads_v6_US East_2': 40, 'E2ads_v6_US East_3': 40, 'E2as_v6_US East_1': 40, 'E2as_v6_US East_2': 40, 'E2as_v6_US East_3': 40, 'E2ps_v5_US East_1': 40, 'E2ps_v5_US East_2': 40, 'E2ps_v5_US East_3': 40, 'E32ads_v6_US East_2': 40, 'E32as_v6_US East_3': 40, 'E48ads_v6_US East_3': 40, 'E48as_v6_US East_2': 40, 'E4ads_v6_US East_2': 40, 'E4ads_v6_US East_3': 40, 'E4as_v6_US East_1': 40, 'E4as_v6_US East_3': 40, 'E4ps_v5_US East_1': 40, 'E4ps_v5_US East_2': 40, 'E4ps_v5_US East_3': 40, 'E64ads_v6_US East_1': 40, 'E64as_v6_US East_3': 40, 'E8ads_v6_US East_1': 40, 'E8ads_v6_US East_2': 40, 'E8as_v6_US East_1': 40, 'E8as_v6_US East_2': 40, 'E8ps_v5_US East_3': 40, 'E96-24ads_v6_US East_3': 40, 'E96-48ads_v6_US East_3': 40, 'E96ads_v6_US East_3': 40, 'E96as_v6_US East_3': 40, 'F16als_v6_US East_1': 40, 'F16als_v6_US East_3': 40, 'F16ams_v6_US East_2': 40, 'F16ams_v6_US East_3': 40, 'F16as_v6_US East_2': 40, 'F16as_v6_US East_3': 40, 'F2als_v6_US East_1': 40, 'F2als_v6_US East_2': 40, 'F2als_v6_US East_3': 40, 'F2ams_v6_US East_1': 40, 'F2ams_v6_US East_2': 40, 'F2ams_v6_US East_3': 40, 'F2as_v6_US East_1': 40, 'F2as_v6_US East_2': 40, 'F2as_v6_US East_3': 40, 'F32als_v6_US East_1': 40, 'F32ams_v6_US East_2': 40, 'F32as_v6_US East_2': 40, 'F48als_v6_US East_1': 40, 'F48ams_v6_US East_2': 40, 'F48as_v6_US East_2': 40, 'F4als_v6_US East_2': 40, 'F4als_v6_US East_3': 40, 'F4ams_v6_US East_2': 40, 'F4ams_v6_US East_3': 40, 'F4as_v6_US East_1': 40, 'F4as_v6_US East_3': 40, 'F64als_v6_US East_3': 40, 'F64ams_v6_US East_1': 40, 'F64as_v6_US East_3': 40, 'F8als_v6_US East_2': 40, 'F8als_v6_US East_3': 40, 'F8ams_v6_US East_2': 40, 'F8ams_v6_US East_3': 40, 'F8as_v6_US East_2': 40, 'F8as_v6_US East_3': 40, 'M32dms_v2_US East_1': 40, 'M32dms_v2_US East_2': 40, 'M32dms_v2_US East_3': 40, 'M32ls_US East_1': 40, 'M32ls_US East_2': 40, 'M32ls_US East_3': 40, 'M32ms_v2_US East_1': 40, 'M32ms_v2_US East_2': 40, 'M32ms_v2_US East_3': 40, 'M32ts_US East_1': 40, 'M32ts_US East_2': 40, 'M32ts_US East_3': 40, 'M64s_v2_US East_3': 40, 'NV4as_v4_US East_1': 40, 'NV4as_v4_US East_2': 40, 'NV4as_v4_US East_3': 40, 'NV8as_v4_US East_1': 40, 'NV8as_v4_US East_2': 40, 'NV8as_v4_US East_3': 40}"
0.85,2106.3962000000006,2087275616,990922.6081968811,74240,74230,"{'B16pls_v2_US East_1': 40, 'B16pls_v2_US East_2': 40, 'B16pls_v2_US East_3': 40, 'B16ps_v2_US East_3': 40, 'B2pls_v2_US East_1': 40, 'B2pls_v2_US East_2': 40, 'B2pls_v2_US East_3': 40, 'B2ps_v2_US East_1': 40, 'B2ps_v2_US East_2': 40, 'B2ps_v2_US East_3': 40, 'B4pls_v2_US East_1': 40, 'B4pls_v2_US East_2': 40, 'B4pls_v2_US East_3': 40, 'B4ps_v2_US East_1': 40, 'B4ps_v2_US East_2': 40, 'B4ps_v2_US East_3': 40, 'B8pls_v2_US East_1': 40, 'B8pls_v2_US East_2': 40, 'B8pls_v2_US East_3': 40, 'B8ps_v2_US East_1': 40, 'B8ps_v2_US East_2': 40, 'B8ps_v2_US East_3': 40, 'D16ads_v6_US East_2': 40, 'D16ads_v6_US East_3': 40, 'D16alds_v6_US East_1': 40, 'D16alds_v6_US East_2': 40, 'D16als_v6_US East_2': 40, 'D16als_v6_US East_3': 40, 'D16as_v6_US East_2': 40, 'D16as_v6_US East_3': 40, 'D16pds_v5_US East_2': 40, 'D16plds_v5_US East_2': 40, 'D16plds_v5_US East_3': 40, 'D16pls_v5_US East_1': 40, 'D16pls_v5_US East_3': 40, 'D16ps_v5_US East_2': 40, 'D2ads_v6_US East_1': 40, 'D2ads_v6_US East_2': 40, 'D2ads_v6_US East_3': 40, 'D2alds_v6_US East_1': 40, 'D2alds_v6_US East_2': 40, 'D2alds_v6_US East_3': 40, 'D2als_v6_US East_1': 40, 'D2als_v6_US East_2': 40, 'D2als_v6_US East_3': 40, 'D2as_v6_US East_1': 40, 'D2as_v6_US East_2': 40, 'D2as_v6_US East_3': 40, 'D2pds_v5_US East_1': 40, 'D2pds_v5_US East_2': 40, 'D2pds_v5_US East_3': 40, 'D2plds_v5_US East_1': 40, 'D2plds_v5_US East_2': 40, 'D2plds_v5_US East_3': 40, 'D2pls_v5_US East_1': 40, 'D2pls_v5_US East_2': 40, 'D2pls_v5_US East_3': 40, 'D2ps_v5_US East_1': 40, 'D2ps_v5_US East_2': 40, 'D2ps_v5_US East_3': 40, 'D32ads_v6_US East_1': 40, 'D32ads_v6_US East_2': 40, 'D32alds_v6_US East_1': 40, 'D32alds_v6_US East_3': 40, 'D32als_v6_US East_1': 40, 'D32als_v6_US East_2': 40, 'D32as_v6_US East_1': 40, 'D32as_v6_US East_2': 40, 'D32plds_v5_US East_3': 40, 'D32pls_v5_US East_1': 40, 'D48ads_v6_US East_2': 40, 'D48alds_v6_US East_3': 40, 'D48als_v6_US East_1': 40, 'D48als_v6_US East_3': 40, 'D4ads_v6_US East_1': 40, 'D4ads_v6_US East_2': 40, 'D4ads_v6_US East_3': 40, 'D4alds_v6_US East_1': 40, 'D4alds_v6_US East_2': 40, 'D4alds_v6_US East_3': 40, 'D4als_v6_US East_1': 40, 'D4als_v6_US East_2': 40, 'D4als_v6_US East_3': 40, 'D4as_v6_US East_1': 40, 'D4as_v6_US East_2': 40, 'D4as_v6_US East_3': 40, 'D4pds_v5_US East_1': 40, 'D4pds_v5_US East_2': 40, 'D4pds_v5_US East_3': 40, 'D4plds_v5_US East_1': 40, 'D4plds_v5_US East_2': 40, 'D4plds_v5_US East_3': 40, 'D4pls_v5_US East_1': 40, 'D4pls_v5_US East_2': 40, 'D4pls_v5_US East_3': 40, 'D4ps_v5_US East_1': 40, 'D4ps_v5_US East_2': 40, 'D4ps_v5_US East_3': 40, 'D64ads_v6_US East_3': 40, 'D64alds_v6_US East_3': 40, 'D64als_v6_US East_3': 40, 'D64as_v6_US East_3': 40, 'D8ads_v6_US East_1': 40, 'D8ads_v6_US East_3': 40, 'D8alds_v6_US East_1': 40, 'D8alds_v6_US East_3': 40, 'D8als_v6_US East_2': 40, 'D8als_v6_US East_3': 40, 'D8as_v6_US East_1': 40, 'D8as_v6_US East_2': 40, 'D8plds_v5_US East_1': 40, 'D8plds_v5_US East_2': 40, 'D8plds_v5_US East_3': 40, 'D8pls_v5_US East_1': 40, 'D8pls_v5_US East_2': 40, 'D8pls_v5_US East_3': 40, 'D8ps_v5_US East_1': 40, 'D8ps_v5_US East_2': 40, 'D8ps_v5_US East_3': 40, 'D96ads_v6_US East_3': 40, 'D96alds_v6_US East_3': 40, 'D96als_v6_US East_2': 40, 'D96as_v6_US East_3': 40, 'E16ads_v6_US East_2': 40, 'E16ads_v6_US East_3': 40, 'E16as_v6_US East_1': 40, 'E16as_v6_US East_3': 40, 'E20ads_v6_US East_2': 40, 'E20ads_v6_US East_3': 40, 'E20as_v6_US East_2': 40, 'E20as_v6_US East_3': 40, 'E2ads_v6_US East_1': 40, 'E2ads_v6_US East_2': 40, 'E2ads_v6_US East_3': 40, 'E2as_v6_US East_1': 40, 'E2as_v6_US East_2': 40, 'E2as_v6_US East_3': 40, 'E2ps_v5_US East_1': 40, 'E2ps_v5_US East_2': 40, 'E2ps_v5_US East_3': 40, 'E32ads_v6_US East_2': 40, 'E32as_v6_US East_3': 40, 'E48ads_v6_US East_3': 40, 'E48as_v6_US East_2': 40, 'E4ads_v6_US East_2': 40, 'E4ads_v6_US East_3': 40, 'E4as_v6_US East_1': 40, 'E4as_v6_US East_3': 40, 'E4ps_v5_US East_1': 40, 'E4ps_v5_US East_2': 40, 'E4ps_v5_US East_3': 40, 'E64ads_v6_US East_1': 40, 'E64as_v6_US East_3': 40, 'E8ads_v6_US East_1': 40, 'E8ads_v6_US East_2': 40, 'E8as_v6_US East_1': 40, 'E8as_v6_US East_2': 40, 'E8ps_v5_US East_3': 40, 'E96-24ads_v6_US East_3': 40, 'E96-48ads_v6_US East_3': 40, 'E96ads_v6_US East_3': 40, 'E96as_v6_US East_3': 40, 'F16als_v6_US East_1': 40, 'F16als_v6_US East_3': 40, 'F16ams_v6_US East_2': 40, 'F16ams_v6_US East_3': 40, 'F16as_v6_US East_2': 40, 'F16as_v6_US East_3': 40, 'F2als_v6_US East_1': 40, 'F2als_v6_US East_2': 40, 'F2als_v6_US East_3': 40, 'F2ams_v6_US East_1': 40, 'F2ams_v6_US East_2': 40, 'F2ams_v6_US East_3': 40, 'F2as_v6_US East_1': 40, 'F2as_v6_US East_2': 40, 'F2as_v6_US East_3': 40, 'F32als_v6_US East_1': 40, 'F32ams_v6_US East_2': 40, 'F32as_v6_US East_2': 40, 'F48als_v6_US East_1': 40, 'F48ams_v6_US East_2': 40, 'F48as_v6_US East_2': 40, 'F4als_v6_US East_2': 40, 'F4als_v6_US East_3': 40, 'F4ams_v6_US East_2': 40, 'F4ams_v6_US East_3': 40, 'F4as_v6_US East_1': 40, 'F4as_v6_US East_3': 40, 'F64als_v6_US East_3': 40, 'F64ams_v6_US East_1': 40, 'F64as_v6_US East_3': 40, 'F8als_v6_US East_2': 40, 'F8als_v6_US East_3': 40, 'F8ams_v6_US East_2': 40, 'F8ams_v6_US East_3': 40, 'F8as_v6_US East_2': 40, 'F8as_v6_US East_3': 40, 'M32dms_v2_US East_1': 40, 'M32dms_v2_US East_2': 40, 'M32dms_v2_US East_3': 40, 'M32ls_US East_1': 40, 'M32ls_US East_2': 40, 'M32ls_US East_3': 40, 'M32ms_v2_US East_1': 40, 'M32ms_v2_US East_2': 40, 'M32ms_v2_US East_3': 40, 'M32ts_US East_1': 40, 'M32ts_US East_2': 40, 'M32ts_US East_3': 40, 'M64s_v2_US East_3': 40, 'M8-4ms_US East_1': 40, 'M8-4ms_US East_2': 40, 'M8-4ms_US East_3': 40, 'NV4as_v4_US East_1': 40, 'NV4as_v4_US East_2': 40, 'NV4as_v4_US East_3': 40, 'NV8as_v4_US East_1': 40, 'NV8as_v4_US East_2': 40, 'NV8as_v4_US East_3': 40}"
0.86,2458.4881600000003,2155428715,876729.3455665858,79200,79190,"{'B16pls_v2_US East_1': 40, 'B16pls_v2_US East_2': 40, 'B16pls_v2_US East_3': 40, 'B16ps_v2_US East_3': 40, 'B2pls_v2_US East_1': 40, 'B2pls_v2_US East_2': 40, 'B2pls_v2_US East_3': 40, 'B2ps_v2_US East_1': 40, 'B2ps_v2_US East_2': 40, 'B2ps_v2_US East_3': 40, 'B4pls_v2_US East_1': 40, 'B4pls_v2_US East_2': 40, 'B4pls_v2_US East_3': 40, 'B4ps_v2_US East_1': 40, 'B4ps_v2_US East_2': 40, 'B4ps_v2_US East_3': 40, 'B8pls_v2_US East_1': 40, 'B8pls_v2_US East_2': 40, 'B8pls_v2_US East_3': 40, 'B8ps_v2_US East_1': 40, 'B8ps_v2_US East_2': 40, 'B8ps_v2_US East_3': 40, 'D16ads_v6_US East_2': 40, 'D16ads_v6_US East_3': 40, 'D16alds_v6_US East_1': 40, 'D16alds_v6_US East_2': 40, 'D16als_v6_US East_2': 40, 'D16als_v6_US East_3': 40, 'D16as_v6_US East_2': 40, 'D16as_v6_US East_3': 40, 'D16pds_v5_US East_2': 40, 'D16plds_v5_US East_2': 40, 'D16plds_v5_US East_3': 40, 'D16pls_v5_US East_1': 40, 'D16pls_v5_US East_3': 40, 'D16ps_v5_US East_2': 40, 'D2ads_v6_US East_1': 40, 'D2ads_v6_US East_2': 40, 'D2ads_v6_US East_3': 40, 'D2alds_v6_US East_1': 40, 'D2alds_v6_US East_2': 40, 'D2alds_v6_US East_3': 40, 'D2als_v6_US East_1': 40, 'D2als_v6_US East_2': 40, 'D2als_v6_US East_3': 40, 'D2as_v6_US East_1': 40, 'D2as_v6_US East_2': 40, 'D2as_v6_US East_3': 40, 'D2pds_v5_US East_1': 40, 'D2pds_v5_US East_2': 40, 'D2pds_v5_US East_3': 40, 'D2plds_v5_US East_1': 40, 'D2plds_v5_US East_2': 40, 'D2plds_v5_US East_3': 40, 'D2pls_v5_US East_1': 40, 'D2pls_v5_US East_2': 40, 'D2pls_v5_US East_3': 40, 'D2ps_v5_US East_1': 40, 'D2ps_v5_US East_2': 40, 'D2ps_v5_US East_3': 40, 'D32ads_v6_US East_1': 40, 'D32ads_v6_US East_2': 40, 'D32alds_v6_US East_1': 40, 'D32alds_v6_US East_3': 40, 'D32als_v6_US East_1': 40, 'D32als_v6_US East_2': 40, 'D32as_v6_US East_1': 40, 'D32as_v6_US East_2': 40, 'D32plds_v5_US East_3': 40, 'D32pls_v5_US East_1': 40, 'D48ads_v6_US East_2': 40, 'D48alds_v6_US East_3': 40, 'D48als_v6_US East_1': 40, 'D48als_v6_US East_3': 40, 'D4ads_v6_US East_1': 40, 'D4ads_v6_US East_2': 40, 'D4ads_v6_US East_3': 40, 'D4alds_v6_US East_1': 40, 'D4alds_v6_US East_2': 40, 'D4alds_v6_US East_3': 40, 'D4als_v6_US East_1': 40, 'D4als_v6_US East_2': 40, 'D4als_v6_US East_3': 40, 'D4as_v6_US East_1': 40, 'D4as_v6_US East_2': 40, 'D4as_v6_US East_3': 40, 'D4pds_v5_US East_1': 40, 'D4pds_v5_US East_2': 40, 'D4pds_v5_US East_3': 40, 'D4plds_v5_US East_1': 40, 'D4plds_v5_US East_2': 40, 'D4plds_v5_US East_3': 40, 'D4pls_v5_US East_1': 40, 'D4pls_v5_US East_2': 40, 'D4pls_v5_US East_3': 40, 'D4ps_v5_US East_1': 40, 'D4ps_v5_US East_2': 40, 'D4ps_v5_US East_3': 40, 'D64ads_v6_US East_3': 40, 'D64alds_v6_US East_3': 40, 'D64als_v6_US East_3': 40, 'D64as_v6_US East_3': 40, 'D8ads_v6_US East_1': 40, 'D8ads_v6_US East_3': 40, 'D8alds_v6_US East_1': 40, 'D8alds_v6_US East_3': 40, 'D8als_v6_US East_2': 40, 'D8als_v6_US East_3': 40, 'D8as_v6_US East_1': 40, 'D8as_v6_US East_2': 40, 'D8plds_v5_US East_1': 40, 'D8plds_v5_US East_2': 40, 'D8plds_v5_US East_3': 40, 'D8pls_v5_US East_1': 40, 'D8pls_v5_US East_2': 40, 'D8pls_v5_US East_3': 40, 'D8ps_v5_US East_1': 40, 'D8ps_v5_US East_2': 40, 'D8ps_v5_US East_3': 40, 'D96ads_v6_US East_3': 40, 'D96alds_v6_US East_3': 40, 'D96als_v6_US East_2': 40, 'D96as_v6_US East_3': 40, 'E16ads_v6_US East_2': 40, 'E16ads_v6_US East_3': 40, 'E16as_v6_US East_1': 40, 'E16as_v6_US East_3': 40, 'E20ads_v6_US East_2': 40, 'E20ads_v6_US East_3': 40, 'E20as_v6_US East_2': 40, 'E20as_v6_US East_3': 40, 'E2ads_v6_US East_1': 40, 'E2ads_v6_US East_2': 40, 'E2ads_v6_US East_3': 40, 'E2as_v6_US East_1': 40, 'E2as_v6_US East_2': 40, 'E2as_v6_US East_3': 40, 'E2ps_v5_US East_1': 40, 'E2ps_v5_US East_2': 40, 'E2ps_v5_US East_3': 40, 'E32ads_v6_US East_2': 40, 'E32as_v6_US East_3': 40, 'E48ads_v6_US East_3': 40, 'E48as_v6_US East_2': 40, 'E4ads_v6_US East_2': 40, 'E4ads_v6_US East_3': 40, 'E4as_v6_US East_1': 40, 'E4as_v6_US East_3': 40, 'E4ps_v5_US East_1': 40, 'E4ps_v5_US East_2': 40, 'E4ps_v5_US East_3': 40, 'E64ads_v6_US East_1': 40, 'E64as_v6_US East_3': 40, 'E8ads_v6_US East_1': 40, 'E8ads_v6_US East_2': 40, 'E8as_v6_US East_1': 40, 'E8as_v6_US East_2': 40, 'E8ps_v5_US East_3': 40, 'E96-24ads_v6_US East_3': 40, 'E96-48ads_v6_US East_3': 40, 'E96ads_v6_US East_3': 40, 'E96as_v6_US East_3': 40, 'F16als_v6_US East_1': 40, 'F16als_v6_US East_3': 40, 'F16ams_v6_US East_2': 40, 'F16ams_v6_US East_3': 40, 'F16as_v6_US East_2': 40, 'F16as_v6_US East_3': 40, 'F2als_v6_US East_1': 40, 'F2als_v6_US East_2': 40, 'F2als_v6_US East_3': 40, 'F2ams_v6_US East_1': 40, 'F2ams_v6_US East_2': 40, 'F2ams_v6_US East_3': 40, 'F2as_v6_US East_1': 40, 'F2as_v6_US East_2': 40, 'F2as_v6_US East_3': 40, 'F32als_v6_US East_1': 40, 'F32ams_v6_US East_2': 40, 'F32as_v6_US East_2': 40, 'F48als_v6_US East_1': 40, 'F48ams_v6_US East_2': 40, 'F48as_v6_US East_2': 40, 'F4als_v6_US East_2': 40, 'F4als_v6_US East_3': 40, 'F4ams_v6_US East_2': 40, 'F4ams_v6_US East_3': 40, 'F4as_v6_US East_1': 40, 'F4as_v6_US East_3': 40, 'F64als_v6_US East_3': 40, 'F64ams_v6_US East_1': 40, 'F64as_v6_US East_3': 40, 'F8als_v6_US East_2': 40, 'F8als_v6_US East_3': 40, 'F8ams_v6_US East_2': 40, 'F8ams_v6_US East_3': 40, 'F8as_v6_US East_2': 40, 'F8as_v6_US East_3': 40, 'M16-8ms_US East_1': 40, 'M16-8ms_US East_2': 40, 'M16-8ms_US East_3': 40, 'M16ms_US East_1': 40, 'M16ms_US East_2': 40, 'M16ms_US East_3': 40, 'M32-8ms_US East_1': 40, 'M32-8ms_US East_3': 40, 'M32dms_v2_US East_1': 40, 'M32dms_v2_US East_2': 40, 'M32dms_v2_US East_3': 40, 'M32ls_US East_1': 40, 'M32ls_US East_2': 40, 'M32ls_US East_3': 40, 'M32ms_US East_2': 40, 'M32ms_US East_3': 40, 'M32ms_v2_US East_1': 40, 'M32ms_v2_US East_2': 40, 'M32ms_v2_US East_3': 40, 'M32ts_US East_1': 40, 'M32ts_US East_2': 40, 'M32ts_US East_3': 40, 'M64s_v2_US East_3': 40, 'M8-4ms_US East_1': 40, 'M8-4ms_US East_2': 40, 'M8-4ms_US East_3': 40, 'M8ms_US East_1': 40, 'M8ms_US East_2': 40, 'M8ms_US East_3': 40, 'NV4as_v4_US East_1': 40, 'NV4as_v4_US East_2': 40, 'NV4as_v4_US East_3': 40, 'NV8as_v4_US East_1': 40, 'NV8as_v4_US East_2': 40, 'NV8as_v4_US East_3': 40}"
0.87,2458.4881600000003,2155428715,876729.3455665858,79200,79190,"{'B16pls_v2_US East_1': 40, 'B16pls_v2_US East_2': 40, 'B16pls_v2_US East_3': 40, 'B16ps_v2_US East_3': 40, 'B2pls_v2_US East_1': 40, 'B2pls_v2_US East_2': 40, 'B2pls_v2_US East_3': 40, 'B2ps_v2_US East_1': 40, 'B2ps_v2_US East_2': 40, 'B2ps_v2_US East_3': 40, 'B4pls_v2_US East_1': 40, 'B4pls_v2_US East_2': 40, 'B4pls_v2_US East_3': 40, 'B4ps_v2_US East_1': 40, 'B4ps_v2_US East_2': 40, 'B4ps_v2_US East_3': 40, 'B8pls_v2_US East_1': 40, 'B8pls_v2_US East_2': 40, 'B8pls_v2_US East_3': 40, 'B8ps_v2_US East_1': 40, 'B8ps_v2_US East_2': 40, 'B8ps_v2_US East_3': 40, 'D16ads_v6_US East_2': 40, 'D16ads_v6_US East_3': 40, 'D16alds_v6_US East_1': 40, 'D16alds_v6_US East_2': 40, 'D16als_v6_US East_2': 40, 'D16als_v6_US East_3': 40, 'D16as_v6_US East_2': 40, 'D16as_v6_US East_3': 40, 'D16pds_v5_US East_2': 40, 'D16plds_v5_US East_2': 40, 'D16plds_v5_US East_3': 40, 'D16pls_v5_US East_1': 40, 'D16pls_v5_US East_3': 40, 'D16ps_v5_US East_2': 40, 'D2ads_v6_US East_1': 40, 'D2ads_v6_US East_2': 40, 'D2ads_v6_US East_3': 40, 'D2alds_v6_US East_1': 40, 'D2alds_v6_US East_2': 40, 'D2alds_v6_US East_3': 40, 'D2als_v6_US East_1': 40, 'D2als_v6_US East_2': 40, 'D2als_v6_US East_3': 40, 'D2as_v6_US East_1': 40, 'D2as_v6_US East_2': 40, 'D2as_v6_US East_3': 40, 'D2pds_v5_US East_1': 40, 'D2pds_v5_US East_2': 40, 'D2pds_v5_US East_3': 40, 'D2plds_v5_US East_1': 40, 'D2plds_v5_US East_2': 40, 'D2plds_v5_US East_3': 40, 'D2pls_v5_US East_1': 40, 'D2pls_v5_US East_2': 40, 'D2pls_v5_US East_3': 40, 'D2ps_v5_US East_1': 40, 'D2ps_v5_US East_2': 40, 'D2ps_v5_US East_3': 40, 'D32ads_v6_US East_1': 40, 'D32ads_v6_US East_2': 40, 'D32alds_v6_US East_1': 40, 'D32alds_v6_US East_3': 40, 'D32als_v6_US East_1': 40, 'D32als_v6_US East_2': 40, 'D32as_v6_US East_1': 40, 'D32as_v6_US East_2': 40, 'D32plds_v5_US East_3': 40, 'D32pls_v5_US East_1': 40, 'D48ads_v6_US East_2': 40, 'D48alds_v6_US East_3': 40, 'D48als_v6_US East_1': 40, 'D48als_v6_US East_3': 40, 'D4ads_v6_US East_1': 40, 'D4ads_v6_US East_2': 40, 'D4ads_v6_US East_3': 40, 'D4alds_v6_US East_1': 40, 'D4alds_v6_US East_2': 40, 'D4alds_v6_US East_3': 40, 'D4als_v6_US East_1': 40, 'D4als_v6_US East_2': 40, 'D4als_v6_US East_3': 40, 'D4as_v6_US East_1': 40, 'D4as_v6_US East_2': 40, 'D4as_v6_US East_3': 40, 'D4pds_v5_US East_1': 40, 'D4pds_v5_US East_2': 40, 'D4pds_v5_US East_3': 40, 'D4plds_v5_US East_1': 40, 'D4plds_v5_US East_2': 40, 'D4plds_v5_US East_3': 40, 'D4pls_v5_US East_1': 40, 'D4pls_v5_US East_2': 40, 'D4pls_v5_US East_3': 40, 'D4ps_v5_US East_1': 40, 'D4ps_v5_US East_2': 40, 'D4ps_v5_US East_3': 40, 'D64ads_v6_US East_3': 40, 'D64alds_v6_US East_3': 40, 'D64als_v6_US East_3': 40, 'D64as_v6_US East_3': 40, 'D8ads_v6_US East_1': 40, 'D8ads_v6_US East_3': 40, 'D8alds_v6_US East_1': 40, 'D8alds_v6_US East_3': 40, 'D8als_v6_US East_2': 40, 'D8als_v6_US East_3': 40, 'D8as_v6_US East_1': 40, 'D8as_v6_US East_2': 40, 'D8plds_v5_US East_1': 40, 'D8plds_v5_US East_2': 40, 'D8plds_v5_US East_3': 40, 'D8pls_v5_US East_1': 40, 'D8pls_v5_US East_2': 40, 'D8pls_v5_US East_3': 40, 'D8ps_v5_US East_1': 40, 'D8ps_v5_US East_2': 40, 'D8ps_v5_US East_3': 40, 'D96ads_v6_US East_3': 40, 'D96alds_v6_US East_3': 40, 'D96als_v6_US East_2': 40, 'D96as_v6_US East_3': 40, 'E16ads_v6_US East_2': 40, 'E16ads_v6_US East_3': 40, 'E16as_v6_US East_1': 40, 'E16as_v6_US East_3': 40, 'E20ads_v6_US East_2': 40, 'E20ads_v6_US East_3': 40, 'E20as_v6_US East_2': 40, 'E20as_v6_US East_3': 40, 'E2ads_v6_US East_1': 40, 'E2ads_v6_US East_2': 40, 'E2ads_v6_US East_3': 40, 'E2as_v6_US East_1': 40, 'E2as_v6_US East_2': 40, 'E2as_v6_US East_3': 40, 'E2ps_v5_US East_1': 40, 'E2ps_v5_US East_2': 40, 'E2ps_v5_US East_3': 40, 'E32ads_v6_US East_2': 40, 'E32as_v6_US East_3': 40, 'E48ads_v6_US East_3': 40, 'E48as_v6_US East_2': 40, 'E4ads_v6_US East_2': 40, 'E4ads_v6_US East_3': 40, 'E4as_v6_US East_1': 40, 'E4as_v6_US East_3': 40, 'E4ps_v5_US East_1': 40, 'E4ps_v5_US East_2': 40, 'E4ps_v5_US East_3': 40, 'E64ads_v6_US East_1': 40, 'E64as_v6_US East_3': 40, 'E8ads_v6_US East_1': 40, 'E8ads_v6_US East_2': 40, 'E8as_v6_US East_1': 40, 'E8as_v6_US East_2': 40, 'E8ps_v5_US East_3': 40, 'E96-24ads_v6_US East_3': 40, 'E96-48ads_v6_US East_3': 40, 'E96ads_v6_US East_3': 40, 'E96as_v6_US East_3': 40, 'F16als_v6_US East_1': 40, 'F16als_v6_US East_3': 40, 'F16ams_v6_US East_2': 40, 'F16ams_v6_US East_3': 40, 'F16as_v6_US East_2': 40, 'F16as_v6_US East_3': 40, 'F2als_v6_US East_1': 40, 'F2als_v6_US East_2': 40, 'F2als_v6_US East_3': 40, 'F2ams_v6_US East_1': 40, 'F2ams_v6_US East_2': 40, 'F2ams_v6_US East_3': 40, 'F2as_v6_US East_1': 40, 'F2as_v6_US East_2': 40, 'F2as_v6_US East_3': 40, 'F32als_v6_US East_1': 40, 'F32ams_v6_US East_2': 40, 'F32as_v6_US East_2': 40, 'F48als_v6_US East_1': 40, 'F48ams_v6_US East_2': 40, 'F48as_v6_US East_2': 40, 'F4als_v6_US East_2': 40, 'F4als_v6_US East_3': 40, 'F4ams_v6_US East_2': 40, 'F4ams_v6_US East_3': 40, 'F4as_v6_US East_1': 40, 'F4as_v6_US East_3': 40, 'F64als_v6_US East_3': 40, 'F64ams_v6_US East_1': 40, 'F64as_v6_US East_3': 40, 'F8als_v6_US East_2': 40, 'F8als_v6_US East_3': 40, 'F8ams_v6_US East_2': 40, 'F8ams_v6_US East_3': 40, 'F8as_v6_US East_2': 40, 'F8as_v6_US East_3': 40, 'M16-8ms_US East_1': 40, 'M16-8ms_US East_2': 40, 'M16-8ms_US East_3': 40, 'M16ms_US East_1': 40, 'M16ms_US East_2': 40, 'M16ms_US East_3': 40, 'M32-8ms_US East_1': 40, 'M32-8ms_US East_3': 40, 'M32dms_v2_US East_1': 40, 'M32dms_v2_US East_2': 40, 'M32dms_v2_US East_3': 40, 'M32ls_US East_1': 40, 'M32ls_US East_2': 40, 'M32ls_US East_3': 40, 'M32ms_US East_2': 40, 'M32ms_US East_3': 40, 'M32ms_v2_US East_1': 40, 'M32ms_v2_US East_2': 40, 'M32ms_v2_US East_3': 40, 'M32ts_US East_1': 40, 'M32ts_US East_2': 40, 'M32ts_US East_3': 40, 'M64s_v2_US East_3': 40, 'M8-4ms_US East_1': 40, 'M8-4ms_US East_2': 40, 'M8-4ms_US East_3': 40, 'M8ms_US East_1': 40, 'M8ms_US East_2': 40, 'M8ms_US East_3': 40, 'NV4as_v4_US East_1': 40, 'NV4as_v4_US East_2': 40, 'NV4as_v4_US East_3': 40, 'NV8as_v4_US East_1': 40, 'NV8as_v4_US East_2': 40, 'NV8as_v4_US East_3': 40}"
0.88,2458.4881600000003,2155428715,876729.3455665858,79200,79190,"{'B16pls_v2_US East_1': 40, 'B16pls_v2_US East_2': 40, 'B16pls_v2_US East_3': 40, 'B16ps_v2_US East_3': 40, 'B2pls_v2_US East_1': 40, 'B2pls_v2_US East_2': 40, 'B2pls_v2_US East_3': 40, 'B2ps_v2_US East_1': 40, 'B2ps_v2_US East_2': 40, 'B2ps_v2_US East_3': 40, 'B4pls_v2_US East_1': 40, 'B4pls_v2_US East_2': 40, 'B4pls_v2_US East_3': 40, 'B4ps_v2_US East_1': 40, 'B4ps_v2_US East_2': 40, 'B4ps_v2_US East_3': 40, 'B8pls_v2_US East_1': 40, 'B8pls_v2_US East_2': 40, 'B8pls_v2_US East_3': 40, 'B8ps_v2_US East_1': 40, 'B8ps_v2_US East_2': 40, 'B8ps_v2_US East_3': 40, 'D16ads_v6_US East_2': 40, 'D16ads_v6_US East_3': 40, 'D16alds_v6_US East_1': 40, 'D16alds_v6_US East_2': 40, 'D16als_v6_US East_2': 40, 'D16als_v6_US East_3': 40, 'D16as_v6_US East_2': 40, 'D16as_v6_US East_3': 40, 'D16pds_v5_US East_2': 40, 'D16plds_v5_US East_2': 40, 'D16plds_v5_US East_3': 40, 'D16pls_v5_US East_1': 40, 'D16pls_v5_US East_3': 40, 'D16ps_v5_US East_2': 40, 'D2ads_v6_US East_1': 40, 'D2ads_v6_US East_2': 40, 'D2ads_v6_US East_3': 40, 'D2alds_v6_US East_1': 40, 'D2alds_v6_US East_2': 40, 'D2alds_v6_US East_3': 40, 'D2als_v6_US East_1': 40, 'D2als_v6_US East_2': 40, 'D2als_v6_US East_3': 40, 'D2as_v6_US East_1': 40, 'D2as_v6_US East_2': 40, 'D2as_v6_US East_3': 40, 'D2pds_v5_US East_1': 40, 'D2pds_v5_US East_2': 40, 'D2pds_v5_US East_3': 40, 'D2plds_v5_US East_1': 40, 'D2plds_v5_US East_2': 40, 'D2plds_v5_US East_3': 40, 'D2pls_v5_US East_1': 40, 'D2pls_v5_US East_2': 40, 'D2pls_v5_US East_3': 40, 'D2ps_v5_US East_1': 40, 'D2ps_v5_US East_2': 40, 'D2ps_v5_US East_3': 40, 'D32ads_v6_US East_1': 40, 'D32ads_v6_US East_2': 40, 'D32alds_v6_US East_1': 40, 'D32alds_v6_US East_3': 40, 'D32als_v6_US East_1': 40, 'D32als_v6_US East_2': 40, 'D32as_v6_US East_1': 40, 'D32as_v6_US East_2': 40, 'D32plds_v5_US East_3': 40, 'D32pls_v5_US East_1': 40, 'D48ads_v6_US East_2': 40, 'D48alds_v6_US East_3': 40, 'D48als_v6_US East_1': 40, 'D48als_v6_US East_3': 40, 'D4ads_v6_US East_1': 40, 'D4ads_v6_US East_2': 40, 'D4ads_v6_US East_3': 40, 'D4alds_v6_US East_1': 40, 'D4alds_v6_US East_2': 40, 'D4alds_v6_US East_3': 40, 'D4als_v6_US East_1': 40, 'D4als_v6_US East_2': 40, 'D4als_v6_US East_3': 40, 'D4as_v6_US East_1': 40, 'D4as_v6_US East_2': 40, 'D4as_v6_US East_3': 40, 'D4pds_v5_US East_1': 40, 'D4pds_v5_US East_2': 40, 'D4pds_v5_US East_3': 40, 'D4plds_v5_US East_1': 40, 'D4plds_v5_US East_2': 40, 'D4plds_v5_US East_3': 40, 'D4pls_v5_US East_1': 40, 'D4pls_v5_US East_2': 40, 'D4pls_v5_US East_3': 40, 'D4ps_v5_US East_1': 40, 'D4ps_v5_US East_2': 40, 'D4ps_v5_US East_3': 40, 'D64ads_v6_US East_3': 40, 'D64alds_v6_US East_3': 40, 'D64als_v6_US East_3': 40, 'D64as_v6_US East_3': 40, 'D8ads_v6_US East_1': 40, 'D8ads_v6_US East_3': 40, 'D8alds_v6_US East_1': 40, 'D8alds_v6_US East_3': 40, 'D8als_v6_US East_2': 40, 'D8als_v6_US East_3': 40, 'D8as_v6_US East_1': 40, 'D8as_v6_US East_2': 40, 'D8plds_v5_US East_1': 40, 'D8plds_v5_US East_2': 40, 'D8plds_v5_US East_3': 40, 'D8pls_v5_US East_1': 40, 'D8pls_v5_US East_2': 40, 'D8pls_v5_US East_3': 40, 'D8ps_v5_US East_1': 40, 'D8ps_v5_US East_2': 40, 'D8ps_v5_US East_3': 40, 'D96ads_v6_US East_3': 40, 'D96alds_v6_US East_3': 40, 'D96als_v6_US East_2': 40, 'D96as_v6_US East_3': 40, 'E16ads_v6_US East_2': 40, 'E16ads_v6_US East_3': 40, 'E16as_v6_US East_1': 40, 'E16as_v6_US East_3': 40, 'E20ads_v6_US East_2': 40, 'E20ads_v6_US East_3': 40, 'E20as_v6_US East_2': 40, 'E20as_v6_US East_3': 40, 'E2ads_v6_US East_1': 40, 'E2ads_v6_US East_2': 40, 'E2ads_v6_US East_3': 40, 'E2as_v6_US East_1': 40, 'E2as_v6_US East_2': 40, 'E2as_v6_US East_3': 40, 'E2ps_v5_US East_1': 40, 'E2ps_v5_US East_2': 40, 'E2ps_v5_US East_3': 40, 'E32ads_v6_US East_2': 40, 'E32as_v6_US East_3': 40, 'E48ads_v6_US East_3': 40, 'E48as_v6_US East_2': 40, 'E4ads_v6_US East_2': 40, 'E4ads_v6_US East_3': 40, 'E4as_v6_US East_1': 40, 'E4as_v6_US East_3': 40, 'E4ps_v5_US East_1': 40, 'E4ps_v5_US East_2': 40, 'E4ps_v5_US East_3': 40, 'E64ads_v6_US East_1': 40, 'E64as_v6_US East_3': 40, 'E8ads_v6_US East_1': 40, 'E8ads_v6_US East_2': 40, 'E8as_v6_US East_1': 40, 'E8as_v6_US East_2': 40, 'E8ps_v5_US East_3': 40, 'E96-24ads_v6_US East_3': 40, 'E96-48ads_v6_US East_3': 40, 'E96ads_v6_US East_3': 40, 'E96as_v6_US East_3': 40, 'F16als_v6_US East_1': 40, 'F16als_v6_US East_3': 40, 'F16ams_v6_US East_2': 40, 'F16ams_v6_US East_3': 40, 'F16as_v6_US East_2': 40, 'F16as_v6_US East_3': 40, 'F2als_v6_US East_1': 40, 'F2als_v6_US East_2': 40, 'F2als_v6_US East_3': 40, 'F2ams_v6_US East_1': 40, 'F2ams_v6_US East_2': 40, 'F2ams_v6_US East_3': 40, 'F2as_v6_US East_1': 40, 'F2as_v6_US East_2': 40, 'F2as_v6_US East_3': 40, 'F32als_v6_US East_1': 40, 'F32ams_v6_US East_2': 40, 'F32as_v6_US East_2': 40, 'F48als_v6_US East_1': 40, 'F48ams_v6_US East_2': 40, 'F48as_v6_US East_2': 40, 'F4als_v6_US East_2': 40, 'F4als_v6_US East_3': 40, 'F4ams_v6_US East_2': 40, 'F4ams_v6_US East_3': 40, 'F4as_v6_US East_1': 40, 'F4as_v6_US East_3': 40, 'F64als_v6_US East_3': 40, 'F64ams_v6_US East_1': 40, 'F64as_v6_US East_3': 40, 'F8als_v6_US East_2': 40, 'F8als_v6_US East_3': 40, 'F8ams_v6_US East_2': 40, 'F8ams_v6_US East_3': 40, 'F8as_v6_US East_2': 40, 'F8as_v6_US East_3': 40, 'M16-8ms_US East_1': 40, 'M16-8ms_US East_2': 40, 'M16-8ms_US East_3': 40, 'M16ms_US East_1': 40, 'M16ms_US East_2': 40, 'M16ms_US East_3': 40, 'M32-8ms_US East_1': 40, 'M32-8ms_US East_3': 40, 'M32dms_v2_US East_1': 40, 'M32dms_v2_US East_2': 40, 'M32dms_v2_US East_3': 40, 'M32ls_US East_1': 40, 'M32ls_US East_2': 40, 'M32ls_US East_3': 40, 'M32ms_US East_2': 40, 'M32ms_US East_3': 40, 'M32ms_v2_US East_1': 40, 'M32ms_v2_US East_2': 40, 'M32ms_v2_US East_3': 40, 'M32ts_US East_1': 40, 'M32ts_US East_2': 40, 'M32ts_US East_3': 40, 'M64s_v2_US East_3': 40, 'M8-4ms_US East_1': 40, 'M8-4ms_US East_2': 40, 'M8-4ms_US East_3': 40, 'M8ms_US East_1': 40, 'M8ms_US East_2': 40, 'M8ms_US East_3': 40, 'NV4as_v4_US East_1': 40, 'NV4as_v4_US East_2': 40, 'NV4as_v4_US East_3': 40, 'NV8as_v4_US East_1': 40, 'NV8as_v4_US East_2': 40, 'NV8as_v4_US East_3': 40}"
0.89,2458.4881600000003,2155428715,876729.3455665858,79200,79190,"{'B16pls_v2_US East_1': 40, 'B16pls_v2_US East_2': 40, 'B16pls_v2_US East_3': 40, 'B16ps_v2_US East_3': 40, 'B2pls_v2_US East_1': 40, 'B2pls_v2_US East_2': 40, 'B2pls_v2_US East_3': 40, 'B2ps_v2_US East_1': 40, 'B2ps_v2_US East_2': 40, 'B2ps_v2_US East_3': 40, 'B4pls_v2_US East_1': 40, 'B4pls_v2_US East_2': 40, 'B4pls_v2_US East_3': 40, 'B4ps_v2_US East_1': 40, 'B4ps_v2_US East_2': 40, 'B4ps_v2_US East_3': 40, 'B8pls_v2_US East_1': 40, 'B8pls_v2_US East_2': 40, 'B8pls_v2_US East_3': 40, 'B8ps_v2_US East_1': 40, 'B8ps_v2_US East_2': 40, 'B8ps_v2_US East_3': 40, 'D16ads_v6_US East_2': 40, 'D16ads_v6_US East_3': 40, 'D16alds_v6_US East_1': 40, 'D16alds_v6_US East_2': 40, 'D16als_v6_US East_2': 40, 'D16als_v6_US East_3': 40, 'D16as_v6_US East_2': 40, 'D16as_v6_US East_3': 40, 'D16pds_v5_US East_2': 40, 'D16plds_v5_US East_2': 40, 'D16plds_v5_US East_3': 40, 'D16pls_v5_US East_1': 40, 'D16pls_v5_US East_3': 40, 'D16ps_v5_US East_2': 40, 'D2ads_v6_US East_1': 40, 'D2ads_v6_US East_2': 40, 'D2ads_v6_US East_3': 40, 'D2alds_v6_US East_1': 40, 'D2alds_v6_US East_2': 40, 'D2alds_v6_US East_3': 40, 'D2als_v6_US East_1': 40, 'D2als_v6_US East_2': 40, 'D2als_v6_US East_3': 40, 'D2as_v6_US East_1': 40, 'D2as_v6_US East_2': 40, 'D2as_v6_US East_3': 40, 'D2pds_v5_US East_1': 40, 'D2pds_v5_US East_2': 40, 'D2pds_v5_US East_3': 40, 'D2plds_v5_US East_1': 40, 'D2plds_v5_US East_2': 40, 'D2plds_v5_US East_3': 40, 'D2pls_v5_US East_1': 40, 'D2pls_v5_US East_2': 40, 'D2pls_v5_US East_3': 40, 'D2ps_v5_US East_1': 40, 'D2ps_v5_US East_2': 40, 'D2ps_v5_US East_3': 40, 'D32ads_v6_US East_1': 40, 'D32ads_v6_US East_2': 40, 'D32alds_v6_US East_1': 40, 'D32alds_v6_US East_3': 40, 'D32als_v6_US East_1': 40, 'D32als_v6_US East_2': 40, 'D32as_v6_US East_1': 40, 'D32as_v6_US East_2': 40, 'D32plds_v5_US East_3': 40, 'D32pls_v5_US East_1': 40, 'D48ads_v6_US East_2': 40, 'D48alds_v6_US East_3': 40, 'D48als_v6_US East_1': 40, 'D48als_v6_US East_3': 40, 'D4ads_v6_US East_1': 40, 'D4ads_v6_US East_2': 40, 'D4ads_v6_US East_3': 40, 'D4alds_v6_US East_1': 40, 'D4alds_v6_US East_2': 40, 'D4alds_v6_US East_3': 40, 'D4als_v6_US East_1': 40, 'D4als_v6_US East_2': 40, 'D4als_v6_US East_3': 40, 'D4as_v6_US East_1': 40, 'D4as_v6_US East_2': 40, 'D4as_v6_US East_3': 40, 'D4pds_v5_US East_1': 40, 'D4pds_v5_US East_2': 40, 'D4pds_v5_US East_3': 40, 'D4plds_v5_US East_1': 40, 'D4plds_v5_US East_2': 40, 'D4plds_v5_US East_3': 40, 'D4pls_v5_US East_1': 40, 'D4pls_v5_US East_2': 40, 'D4pls_v5_US East_3': 40, 'D4ps_v5_US East_1': 40, 'D4ps_v5_US East_2': 40, 'D4ps_v5_US East_3': 40, 'D64ads_v6_US East_3': 40, 'D64alds_v6_US East_3': 40, 'D64als_v6_US East_3': 40, 'D64as_v6_US East_3': 40, 'D8ads_v6_US East_1': 40, 'D8ads_v6_US East_3': 40, 'D8alds_v6_US East_1': 40, 'D8alds_v6_US East_3': 40, 'D8als_v6_US East_2': 40, 'D8als_v6_US East_3': 40, 'D8as_v6_US East_1': 40, 'D8as_v6_US East_2': 40, 'D8plds_v5_US East_1': 40, 'D8plds_v5_US East_2': 40, 'D8plds_v5_US East_3': 40, 'D8pls_v5_US East_1': 40, 'D8pls_v5_US East_2': 40, 'D8pls_v5_US East_3': 40, 'D8ps_v5_US East_1': 40, 'D8ps_v5_US East_2': 40, 'D8ps_v5_US East_3': 40, 'D96ads_v6_US East_3': 40, 'D96alds_v6_US East_3': 40, 'D96als_v6_US East_2': 40, 'D96as_v6_US East_3': 40, 'E16ads_v6_US East_2': 40, 'E16ads_v6_US East_3': 40, 'E16as_v6_US East_1': 40, 'E16as_v6_US East_3': 40, 'E20ads_v6_US East_2': 40, 'E20ads_v6_US East_3': 40, 'E20as_v6_US East_2': 40, 'E20as_v6_US East_3': 40, 'E2ads_v6_US East_1': 40, 'E2ads_v6_US East_2': 40, 'E2ads_v6_US East_3': 40, 'E2as_v6_US East_1': 40, 'E2as_v6_US East_2': 40, 'E2as_v6_US East_3': 40, 'E2ps_v5_US East_1': 40, 'E2ps_v5_US East_2': 40, 'E2ps_v5_US East_3': 40, 'E32ads_v6_US East_2': 40, 'E32as_v6_US East_3': 40, 'E48ads_v6_US East_3': 40, 'E48as_v6_US East_2': 40, 'E4ads_v6_US East_2': 40, 'E4ads_v6_US East_3': 40, 'E4as_v6_US East_1': 40, 'E4as_v6_US East_3': 40, 'E4ps_v5_US East_1': 40, 'E4ps_v5_US East_2': 40, 'E4ps_v5_US East_3': 40, 'E64ads_v6_US East_1': 40, 'E64as_v6_US East_3': 40, 'E8ads_v6_US East_1': 40, 'E8ads_v6_US East_2': 40, 'E8as_v6_US East_1': 40, 'E8as_v6_US East_2': 40, 'E8ps_v5_US East_3': 40, 'E96-24ads_v6_US East_3': 40, 'E96-48ads_v6_US East_3': 40, 'E96ads_v6_US East_3': 40, 'E96as_v6_US East_3': 40, 'F16als_v6_US East_1': 40, 'F16als_v6_US East_3': 40, 'F16ams_v6_US East_2': 40, 'F16ams_v6_US East_3': 40, 'F16as_v6_US East_2': 40, 'F16as_v6_US East_3': 40, 'F2als_v6_US East_1': 40, 'F2als_v6_US East_2': 40, 'F2als_v6_US East_3': 40, 'F2ams_v6_US East_1': 40, 'F2ams_v6_US East_2': 40, 'F2ams_v6_US East_3': 40, 'F2as_v6_US East_1': 40, 'F2as_v6_US East_2': 40, 'F2as_v6_US East_3': 40, 'F32als_v6_US East_1': 40, 'F32ams_v6_US East_2': 40, 'F32as_v6_US East_2': 40, 'F48als_v6_US East_1': 40, 'F48ams_v6_US East_2': 40, 'F48as_v6_US East_2': 40, 'F4als_v6_US East_2': 40, 'F4als_v6_US East_3': 40, 'F4ams_v6_US East_2': 40, 'F4ams_v6_US East_3': 40, 'F4as_v6_US East_1': 40, 'F4as_v6_US East_3': 40, 'F64als_v6_US East_3': 40, 'F64ams_v6_US East_1': 40, 'F64as_v6_US East_3': 40, 'F8als_v6_US East_2': 40, 'F8als_v6_US East_3': 40, 'F8ams_v6_US East_2': 40, 'F8ams_v6_US East_3': 40, 'F8as_v6_US East_2': 40, 'F8as_v6_US East_3': 40, 'M16-8ms_US East_1': 40, 'M16-8ms_US East_2': 40, 'M16-8ms_US East_3': 40, 'M16ms_US East_1': 40, 'M16ms_US East_2': 40, 'M16ms_US East_3': 40, 'M32-8ms_US East_1': 40, 'M32-8ms_US East_3': 40, 'M32dms_v2_US East_1': 40, 'M32dms_v2_US East_2': 40, 'M32dms_v2_US East_3': 40, 'M32ls_US East_1': 40, 'M32ls_US East_2': 40, 'M32ls_US East_3': 40, 'M32ms_US East_2': 40, 'M32ms_US East_3': 40, 'M32ms_v2_US East_1': 40, 'M32ms_v2_US East_2': 40, 'M32ms_v2_US East_3': 40, 'M32ts_US East_1': 40, 'M32ts_US East_2': 40, 'M32ts_US East_3': 40, 'M64s_v2_US East_3': 40, 'M8-4ms_US East_1': 40, 'M8-4ms_US East_2': 40, 'M8-4ms_US East_3': 40, 'M8ms_US East_1': 40, 'M8ms_US East_2': 40, 'M8ms_US East_3': 40, 'NV4as_v4_US East_1': 40, 'NV4as_v4_US East_2': 40, 'NV4as_v4_US East_3': 40, 'NV8as_v4_US East_1': 40, 'NV8as_v4_US East_2': 40, 'NV8as_v4_US East_3': 40}"
0.9,2458.4881600000003,2155428715,876729.3455665858,79200,79190,"{'B16pls_v2_US East_1': 40, 'B16pls_v2_US East_2': 40, 'B16pls_v2_US East_3': 40, 'B16ps_v2_US East_3': 40, 'B2pls_v2_US East_1': 40, 'B2pls_v2_US East_2': 40, 'B2pls_v2_US East_3': 40, 'B2ps_v2_US East_1': 40, 'B2ps_v2_US East_2': 40, 'B2ps_v2_US East_3': 40, 'B4pls_v2_US East_1': 40, 'B4pls_v2_US East_2': 40, 'B4pls_v2_US East_3': 40, 'B4ps_v2_US East_1': 40, 'B4ps_v2_US East_2': 40, 'B4ps_v2_US East_3': 40, 'B8pls_v2_US East_1': 40, 'B8pls_v2_US East_2': 40, 'B8pls_v2_US East_3': 40, 'B8ps_v2_US East_1': 40, 'B8ps_v2_US East_2': 40, 'B8ps_v2_US East_3': 40, 'D16ads_v6_US East_2': 40, 'D16ads_v6_US East_3': 40, 'D16alds_v6_US East_1': 40, 'D16alds_v6_US East_2': 40, 'D16als_v6_US East_2': 40, 'D16als_v6_US East_3': 40, 'D16as_v6_US East_2': 40, 'D16as_v6_US East_3': 40, 'D16pds_v5_US East_2': 40, 'D16plds_v5_US East_2': 40, 'D16plds_v5_US East_3': 40, 'D16pls_v5_US East_1': 40, 'D16pls_v5_US East_3': 40, 'D16ps_v5_US East_2': 40, 'D2ads_v6_US East_1': 40, 'D2ads_v6_US East_2': 40, 'D2ads_v6_US East_3': 40, 'D2alds_v6_US East_1': 40, 'D2alds_v6_US East_2': 40, 'D2alds_v6_US East_3': 40, 'D2als_v6_US East_1': 40, 'D2als_v6_US East_2': 40, 'D2als_v6_US East_3': 40, 'D2as_v6_US East_1': 40, 'D2as_v6_US East_2': 40, 'D2as_v6_US East_3': 40, 'D2pds_v5_US East_1': 40, 'D2pds_v5_US East_2': 40, 'D2pds_v5_US East_3': 40, 'D2plds_v5_US East_1': 40, 'D2plds_v5_US East_2': 40, 'D2plds_v5_US East_3': 40, 'D2pls_v5_US East_1': 40, 'D2pls_v5_US East_2': 40, 'D2pls_v5_US East_3': 40, 'D2ps_v5_US East_1': 40, 'D2ps_v5_US East_2': 40, 'D2ps_v5_US East_3': 40, 'D32ads_v6_US East_1': 40, 'D32ads_v6_US East_2': 40, 'D32alds_v6_US East_1': 40, 'D32alds_v6_US East_3': 40, 'D32als_v6_US East_1': 40, 'D32als_v6_US East_2': 40, 'D32as_v6_US East_1': 40, 'D32as_v6_US East_2': 40, 'D32plds_v5_US East_3': 40, 'D32pls_v5_US East_1': 40, 'D48ads_v6_US East_2': 40, 'D48alds_v6_US East_3': 40, 'D48als_v6_US East_1': 40, 'D48als_v6_US East_3': 40, 'D4ads_v6_US East_1': 40, 'D4ads_v6_US East_2': 40, 'D4ads_v6_US East_3': 40, 'D4alds_v6_US East_1': 40, 'D4alds_v6_US East_2': 40, 'D4alds_v6_US East_3': 40, 'D4als_v6_US East_1': 40, 'D4als_v6_US East_2': 40, 'D4als_v6_US East_3': 40, 'D4as_v6_US East_1': 40, 'D4as_v6_US East_2': 40, 'D4as_v6_US East_3': 40, 'D4pds_v5_US East_1': 40, 'D4pds_v5_US East_2': 40, 'D4pds_v5_US East_3': 40, 'D4plds_v5_US East_1': 40, 'D4plds_v5_US East_2': 40, 'D4plds_v5_US East_3': 40, 'D4pls_v5_US East_1': 40, 'D4pls_v5_US East_2': 40, 'D4pls_v5_US East_3': 40, 'D4ps_v5_US East_1': 40, 'D4ps_v5_US East_2': 40, 'D4ps_v5_US East_3': 40, 'D64ads_v6_US East_3': 40, 'D64alds_v6_US East_3': 40, 'D64als_v6_US East_3': 40, 'D64as_v6_US East_3': 40, 'D8ads_v6_US East_1': 40, 'D8ads_v6_US East_3': 40, 'D8alds_v6_US East_1': 40, 'D8alds_v6_US East_3': 40, 'D8als_v6_US East_2': 40, 'D8als_v6_US East_3': 40, 'D8as_v6_US East_1': 40, 'D8as_v6_US East_2': 40, 'D8plds_v5_US East_1': 40, 'D8plds_v5_US East_2': 40, 'D8plds_v5_US East_3': 40, 'D8pls_v5_US East_1': 40, 'D8pls_v5_US East_2': 40, 'D8pls_v5_US East_3': 40, 'D8ps_v5_US East_1': 40, 'D8ps_v5_US East_2': 40, 'D8ps_v5_US East_3': 40, 'D96ads_v6_US East_3': 40, 'D96alds_v6_US East_3': 40, 'D96als_v6_US East_2': 40, 'D96as_v6_US East_3': 40, 'E16ads_v6_US East_2': 40, 'E16ads_v6_US East_3': 40, 'E16as_v6_US East_1': 40, 'E16as_v6_US East_3': 40, 'E20ads_v6_US East_2': 40, 'E20ads_v6_US East_3': 40, 'E20as_v6_US East_2': 40, 'E20as_v6_US East_3': 40, 'E2ads_v6_US East_1': 40, 'E2ads_v6_US East_2': 40, 'E2ads_v6_US East_3': 40, 'E2as_v6_US East_1': 40, 'E2as_v6_US East_2': 40, 'E2as_v6_US East_3': 40, 'E2ps_v5_US East_1': 40, 'E2ps_v5_US East_2': 40, 'E2ps_v5_US East_3': 40, 'E32ads_v6_US East_2': 40, 'E32as_v6_US East_3': 40, 'E48ads_v6_US East_3': 40, 'E48as_v6_US East_2': 40, 'E4ads_v6_US East_2': 40, 'E4ads_v6_US East_3': 40, 'E4as_v6_US East_1': 40, 'E4as_v6_US East_3': 40, 'E4ps_v5_US East_1': 40, 'E4ps_v5_US East_2': 40, 'E4ps_v5_US East_3': 40, 'E64ads_v6_US East_1': 40, 'E64as_v6_US East_3': 40, 'E8ads_v6_US East_1': 40, 'E8ads_v6_US East_2': 40, 'E8as_v6_US East_1': 40, 'E8as_v6_US East_2': 40, 'E8ps_v5_US East_3': 40, 'E96-24ads_v6_US East_3': 40, 'E96-48ads_v6_US East_3': 40, 'E96ads_v6_US East_3': 40, 'E96as_v6_US East_3': 40, 'F16als_v6_US East_1': 40, 'F16als_v6_US East_3': 40, 'F16ams_v6_US East_2': 40, 'F16ams_v6_US East_3': 40, 'F16as_v6_US East_2': 40, 'F16as_v6_US East_3': 40, 'F2als_v6_US East_1': 40, 'F2als_v6_US East_2': 40, 'F2als_v6_US East_3': 40, 'F2ams_v6_US East_1': 40, 'F2ams_v6_US East_2': 40, 'F2ams_v6_US East_3': 40, 'F2as_v6_US East_1': 40, 'F2as_v6_US East_2': 40, 'F2as_v6_US East_3': 40, 'F32als_v6_US East_1': 40, 'F32ams_v6_US East_2': 40, 'F32as_v6_US East_2': 40, 'F48als_v6_US East_1': 40, 'F48ams_v6_US East_2': 40, 'F48as_v6_US East_2': 40, 'F4als_v6_US East_2': 40, 'F4als_v6_US East_3': 40, 'F4ams_v6_US East_2': 40, 'F4ams_v6_US East_3': 40, 'F4as_v6_US East_1': 40, 'F4as_v6_US East_3': 40, 'F64als_v6_US East_3': 40, 'F64ams_v6_US East_1': 40, 'F64as_v6_US East_3': 40, 'F8als_v6_US East_2': 40, 'F8als_v6_US East_3': 40, 'F8ams_v6_US East_2': 40, 'F8ams_v6_US East_3': 40, 'F8as_v6_US East_2': 40, 'F8as_v6_US East_3': 40, 'M16-8ms_US East_1': 40, 'M16-8ms_US East_2': 40, 'M16-8ms_US East_3': 40, 'M16ms_US East_1': 40, 'M16ms_US East_2': 40, 'M16ms_US East_3': 40, 'M32-8ms_US East_1': 40, 'M32-8ms_US East_3': 40, 'M32dms_v2_US East_1': 40, 'M32dms_v2_US East_2': 40, 'M32dms_v2_US East_3': 40, 'M32ls_US East_1': 40, 'M32ls_US East_2': 40, 'M32ls_US East_3': 40, 'M32ms_US East_2': 40, 'M32ms_US East_3': 40, 'M32ms_v2_US East_1': 40, 'M32ms_v2_US East_2': 40, 'M32ms_v2_US East_3': 40, 'M32ts_US East_1': 40, 'M32ts_US East_2': 40, 'M32ts_US East_3': 40, 'M64s_v2_US East_3': 40, 'M8-4ms_US East_1': 40, 'M8-4ms_US East_2': 40, 'M8-4ms_US East_3': 40, 'M8ms_US East_1': 40, 'M8ms_US East_2': 40, 'M8ms_US East_3': 40, 'NV4as_v4_US East_1': 40, 'NV4as_v4_US East_2': 40, 'NV4as_v4_US East_3': 40, 'NV8as_v4_US East_1': 40, 'NV8as_v4_US East_2': 40, 'NV8as_v4_US East_3': 40}"
0.91,2458.4881600000003,2155428715,876729.3455665858,79200,79190,"{'B16pls_v2_US East_1': 40, 'B16pls_v2_US East_2': 40, 'B16pls_v2_US East_3': 40, 'B16ps_v2_US East_3': 40, 'B2pls_v2_US East_1': 40, 'B2pls_v2_US East_2': 40, 'B2pls_v2_US East_3': 40, 'B2ps_v2_US East_1': 40, 'B2ps_v2_US East_2': 40, 'B2ps_v2_US East_3': 40, 'B4pls_v2_US East_1': 40, 'B4pls_v2_US East_2': 40, 'B4pls_v2_US East_3': 40, 'B4ps_v2_US East_1': 40, 'B4ps_v2_US East_2': 40, 'B4ps_v2_US East_3': 40, 'B8pls_v2_US East_1': 40, 'B8pls_v2_US East_2': 40, 'B8pls_v2_US East_3': 40, 'B8ps_v2_US East_1': 40, 'B8ps_v2_US East_2': 40, 'B8ps_v2_US East_3': 40, 'D16ads_v6_US East_2': 40, 'D16ads_v6_US East_3': 40, 'D16alds_v6_US East_1': 40, 'D16alds_v6_US East_2': 40, 'D16als_v6_US East_2': 40, 'D16als_v6_US East_3': 40, 'D16as_v6_US East_2': 40, 'D16as_v6_US East_3': 40, 'D16pds_v5_US East_2': 40, 'D16plds_v5_US East_2': 40, 'D16plds_v5_US East_3': 40, 'D16pls_v5_US East_1': 40, 'D16pls_v5_US East_3': 40, 'D16ps_v5_US East_2': 40, 'D2ads_v6_US East_1': 40, 'D2ads_v6_US East_2': 40, 'D2ads_v6_US East_3': 40, 'D2alds_v6_US East_1': 40, 'D2alds_v6_US East_2': 40, 'D2alds_v6_US East_3': 40, 'D2als_v6_US East_1': 40, 'D2als_v6_US East_2': 40, 'D2als_v6_US East_3': 40, 'D2as_v6_US East_1': 40, 'D2as_v6_US East_2': 40, 'D2as_v6_US East_3': 40, 'D2pds_v5_US East_1': 40, 'D2pds_v5_US East_2': 40, 'D2pds_v5_US East_3': 40, 'D2plds_v5_US East_1': 40, 'D2plds_v5_US East_2': 40, 'D2plds_v5_US East_3': 40, 'D2pls_v5_US East_1': 40, 'D2pls_v5_US East_2': 40, 'D2pls_v5_US East_3': 40, 'D2ps_v5_US East_1': 40, 'D2ps_v5_US East_2': 40, 'D2ps_v5_US East_3': 40, 'D32ads_v6_US East_1': 40, 'D32ads_v6_US East_2': 40, 'D32alds_v6_US East_1': 40, 'D32alds_v6_US East_3': 40, 'D32als_v6_US East_1': 40, 'D32als_v6_US East_2': 40, 'D32as_v6_US East_1': 40, 'D32as_v6_US East_2': 40, 'D32plds_v5_US East_3': 40, 'D32pls_v5_US East_1': 40, 'D48ads_v6_US East_2': 40, 'D48alds_v6_US East_3': 40, 'D48als_v6_US East_1': 40, 'D48als_v6_US East_3': 40, 'D4ads_v6_US East_1': 40, 'D4ads_v6_US East_2': 40, 'D4ads_v6_US East_3': 40, 'D4alds_v6_US East_1': 40, 'D4alds_v6_US East_2': 40, 'D4alds_v6_US East_3': 40, 'D4als_v6_US East_1': 40, 'D4als_v6_US East_2': 40, 'D4als_v6_US East_3': 40, 'D4as_v6_US East_1': 40, 'D4as_v6_US East_2': 40, 'D4as_v6_US East_3': 40, 'D4pds_v5_US East_1': 40, 'D4pds_v5_US East_2': 40, 'D4pds_v5_US East_3': 40, 'D4plds_v5_US East_1': 40, 'D4plds_v5_US East_2': 40, 'D4plds_v5_US East_3': 40, 'D4pls_v5_US East_1': 40, 'D4pls_v5_US East_2': 40, 'D4pls_v5_US East_3': 40, 'D4ps_v5_US East_1': 40, 'D4ps_v5_US East_2': 40, 'D4ps_v5_US East_3': 40, 'D64ads_v6_US East_3': 40, 'D64alds_v6_US East_3': 40, 'D64als_v6_US East_3': 40, 'D64as_v6_US East_3': 40, 'D8ads_v6_US East_1': 40, 'D8ads_v6_US East_3': 40, 'D8alds_v6_US East_1': 40, 'D8alds_v6_US East_3': 40, 'D8als_v6_US East_2': 40, 'D8als_v6_US East_3': 40, 'D8as_v6_US East_1': 40, 'D8as_v6_US East_2': 40, 'D8plds_v5_US East_1': 40, 'D8plds_v5_US East_2': 40, 'D8plds_v5_US East_3': 40, 'D8pls_v5_US East_1': 40, 'D8pls_v5_US East_2': 40, 'D8pls_v5_US East_3': 40, 'D8ps_v5_US East_1': 40, 'D8ps_v5_US East_2': 40, 'D8ps_v5_US East_3': 40, 'D96ads_v6_US East_3': 40, 'D96alds_v6_US East_3': 40, 'D96als_v6_US East_2': 40, 'D96as_v6_US East_3': 40, 'E16ads_v6_US East_2': 40, 'E16ads_v6_US East_3': 40, 'E16as_v6_US East_1': 40, 'E16as_v6_US East_3': 40, 'E20ads_v6_US East_2': 40, 'E20ads_v6_US East_3': 40, 'E20as_v6_US East_2': 40, 'E20as_v6_US East_3': 40, 'E2ads_v6_US East_1': 40, 'E2ads_v6_US East_2': 40, 'E2ads_v6_US East_3': 40, 'E2as_v6_US East_1': 40, 'E2as_v6_US East_2': 40, 'E2as_v6_US East_3': 40, 'E2ps_v5_US East_1': 40, 'E2ps_v5_US East_2': 40, 'E2ps_v5_US East_3': 40, 'E32ads_v6_US East_2': 40, 'E32as_v6_US East_3': 40, 'E48ads_v6_US East_3': 40, 'E48as_v6_US East_2': 40, 'E4ads_v6_US East_2': 40, 'E4ads_v6_US East_3': 40, 'E4as_v6_US East_1': 40, 'E4as_v6_US East_3': 40, 'E4ps_v5_US East_1': 40, 'E4ps_v5_US East_2': 40, 'E4ps_v5_US East_3': 40, 'E64ads_v6_US East_1': 40, 'E64as_v6_US East_3': 40, 'E8ads_v6_US East_1': 40, 'E8ads_v6_US East_2': 40, 'E8as_v6_US East_1': 40, 'E8as_v6_US East_2': 40, 'E8ps_v5_US East_3': 40, 'E96-24ads_v6_US East_3': 40, 'E96-48ads_v6_US East_3': 40, 'E96ads_v6_US East_3': 40, 'E96as_v6_US East_3': 40, 'F16als_v6_US East_1': 40, 'F16als_v6_US East_3': 40, 'F16ams_v6_US East_2': 40, 'F16ams_v6_US East_3': 40, 'F16as_v6_US East_2': 40, 'F16as_v6_US East_3': 40, 'F2als_v6_US East_1': 40, 'F2als_v6_US East_2': 40, 'F2als_v6_US East_3': 40, 'F2ams_v6_US East_1': 40, 'F2ams_v6_US East_2': 40, 'F2ams_v6_US East_3': 40, 'F2as_v6_US East_1': 40, 'F2as_v6_US East_2': 40, 'F2as_v6_US East_3': 40, 'F32als_v6_US East_1': 40, 'F32ams_v6_US East_2': 40, 'F32as_v6_US East_2': 40, 'F48als_v6_US East_1': 40, 'F48ams_v6_US East_2': 40, 'F48as_v6_US East_2': 40, 'F4als_v6_US East_2': 40, 'F4als_v6_US East_3': 40, 'F4ams_v6_US East_2': 40, 'F4ams_v6_US East_3': 40, 'F4as_v6_US East_1': 40, 'F4as_v6_US East_3': 40, 'F64als_v6_US East_3': 40, 'F64ams_v6_US East_1': 40, 'F64as_v6_US East_3': 40, 'F8als_v6_US East_2': 40, 'F8als_v6_US East_3': 40, 'F8ams_v6_US East_2': 40, 'F8ams_v6_US East_3': 40, 'F8as_v6_US East_2': 40, 'F8as_v6_US East_3': 40, 'M16-8ms_US East_1': 40, 'M16-8ms_US East_2': 40, 'M16-8ms_US East_3': 40, 'M16ms_US East_1': 40, 'M16ms_US East_2': 40, 'M16ms_US East_3': 40, 'M32-8ms_US East_1': 40, 'M32-8ms_US East_3': 40, 'M32dms_v2_US East_1': 40, 'M32dms_v2_US East_2': 40, 'M32dms_v2_US East_3': 40, 'M32ls_US East_1': 40, 'M32ls_US East_2': 40, 'M32ls_US East_3': 40, 'M32ms_US East_2': 40, 'M32ms_US East_3': 40, 'M32ms_v2_US East_1': 40, 'M32ms_v2_US East_2': 40, 'M32ms_v2_US East_3': 40, 'M32ts_US East_1': 40, 'M32ts_US East_2': 40, 'M32ts_US East_3': 40, 'M64s_v2_US East_3': 40, 'M8-4ms_US East_1': 40, 'M8-4ms_US East_2': 40, 'M8-4ms_US East_3': 40, 'M8ms_US East_1': 40, 'M8ms_US East_2': 40, 'M8ms_US East_3': 40, 'NV4as_v4_US East_1': 40, 'NV4as_v4_US East_2': 40, 'NV4as_v4_US East_3': 40, 'NV8as_v4_US East_1': 40, 'NV8as_v4_US East_2': 40, 'NV8as_v4_US East_3': 40}"
0.92,2549.35064,2164248517,848941.092387354,79840,79830,"{'B16pls_v2_US East_1': 40, 'B16pls_v2_US East_2': 40, 'B16pls_v2_US East_3': 40, 'B16ps_v2_US East_3': 40, 'B2pls_v2_US East_1': 40, 'B2pls_v2_US East_2': 40, 'B2pls_v2_US East_3': 40, 'B2ps_v2_US East_1': 40, 'B2ps_v2_US East_2': 40, 'B2ps_v2_US East_3': 40, 'B4pls_v2_US East_1': 40, 'B4pls_v2_US East_2': 40, 'B4pls_v2_US East_3': 40, 'B4ps_v2_US East_1': 40, 'B4ps_v2_US East_2': 40, 'B4ps_v2_US East_3': 40, 'B8pls_v2_US East_1': 40, 'B8pls_v2_US East_2': 40, 'B8pls_v2_US East_3': 40, 'B8ps_v2_US East_1': 40, 'B8ps_v2_US East_2': 40, 'B8ps_v2_US East_3': 40, 'D16ads_v6_US East_2': 40, 'D16ads_v6_US East_3': 40, 'D16alds_v6_US East_1': 40, 'D16alds_v6_US East_2': 40, 'D16als_v6_US East_2': 40, 'D16als_v6_US East_3': 40, 'D16as_v6_US East_2': 40, 'D16as_v6_US East_3': 40, 'D16pds_v5_US East_2': 40, 'D16plds_v5_US East_2': 40, 'D16plds_v5_US East_3': 40, 'D16pls_v5_US East_1': 40, 'D16pls_v5_US East_3': 40, 'D16ps_v5_US East_2': 40, 'D2ads_v6_US East_1': 40, 'D2ads_v6_US East_2': 40, 'D2ads_v6_US East_3': 40, 'D2alds_v6_US East_1': 40, 'D2alds_v6_US East_2': 40, 'D2alds_v6_US East_3': 40, 'D2als_v6_US East_1': 40, 'D2als_v6_US East_2': 40, 'D2als_v6_US East_3': 40, 'D2as_v6_US East_1': 40, 'D2as_v6_US East_2': 40, 'D2as_v6_US East_3': 40, 'D2pds_v5_US East_1': 40, 'D2pds_v5_US East_2': 40, 'D2pds_v5_US East_3': 40, 'D2plds_v5_US East_1': 40, 'D2plds_v5_US East_2': 40, 'D2plds_v5_US East_3': 40, 'D2pls_v5_US East_1': 40, 'D2pls_v5_US East_2': 40, 'D2pls_v5_US East_3': 40, 'D2ps_v5_US East_1': 40, 'D2ps_v5_US East_2': 40, 'D2ps_v5_US East_3': 40, 'D32ads_v6_US East_1': 40, 'D32ads_v6_US East_2': 40, 'D32alds_v6_US East_1': 40, 'D32alds_v6_US East_3': 40, 'D32als_v6_US East_1': 40, 'D32als_v6_US East_2': 40, 'D32as_v6_US East_1': 40, 'D32as_v6_US East_2': 40, 'D32plds_v5_US East_3': 40, 'D32pls_v5_US East_1': 40, 'D48ads_v6_US East_2': 40, 'D48alds_v6_US East_3': 40, 'D48als_v6_US East_1': 40, 'D48als_v6_US East_3': 40, 'D4ads_v6_US East_1': 40, 'D4ads_v6_US East_2': 40, 'D4ads_v6_US East_3': 40, 'D4alds_v6_US East_1': 40, 'D4alds_v6_US East_2': 40, 'D4alds_v6_US East_3': 40, 'D4als_v6_US East_1': 40, 'D4als_v6_US East_2': 40, 'D4als_v6_US East_3': 40, 'D4as_v6_US East_1': 40, 'D4as_v6_US East_2': 40, 'D4as_v6_US East_3': 40, 'D4pds_v5_US East_1': 40, 'D4pds_v5_US East_2': 40, 'D4pds_v5_US East_3': 40, 'D4plds_v5_US East_1': 40, 'D4plds_v5_US East_2': 40, 'D4plds_v5_US East_3': 40, 'D4pls_v5_US East_1': 40, 'D4pls_v5_US East_2': 40, 'D4pls_v5_US East_3': 40, 'D4ps_v5_US East_1': 40, 'D4ps_v5_US East_2': 40, 'D4ps_v5_US East_3': 40, 'D64ads_v6_US East_3': 40, 'D64alds_v6_US East_3': 40, 'D64als_v6_US East_3': 40, 'D64as_v6_US East_3': 40, 'D8ads_v6_US East_1': 40, 'D8ads_v6_US East_3': 40, 'D8alds_v6_US East_1': 40, 'D8alds_v6_US East_3': 40, 'D8als_v6_US East_2': 40, 'D8als_v6_US East_3': 40, 'D8as_v6_US East_1': 40, 'D8as_v6_US East_2': 40, 'D8plds_v5_US East_1': 40, 'D8plds_v5_US East_2': 40, 'D8plds_v5_US East_3': 40, 'D8pls_v5_US East_1': 40, 'D8pls_v5_US East_2': 40, 'D8pls_v5_US East_3': 40, 'D8ps_v5_US East_1': 40, 'D8ps_v5_US East_2': 40, 'D8ps_v5_US East_3': 40, 'D96ads_v6_US East_3': 40, 'D96alds_v6_US East_3': 40, 'D96als_v6_US East_2': 40, 'D96as_v6_US East_3': 40, 'E16ads_v6_US East_2': 40, 'E16ads_v6_US East_3': 40, 'E16as_v6_US East_1': 40, 'E16as_v6_US East_3': 40, 'E20ads_v6_US East_2': 40, 'E20ads_v6_US East_3': 40, 'E20as_v6_US East_2': 40, 'E20as_v6_US East_3': 40, 'E2ads_v6_US East_1': 40, 'E2ads_v6_US East_2': 40, 'E2ads_v6_US East_3': 40, 'E2as_v6_US East_1': 40, 'E2as_v6_US East_2': 40, 'E2as_v6_US East_3': 40, 'E2ps_v5_US East_1': 40, 'E2ps_v5_US East_2': 40, 'E2ps_v5_US East_3': 40, 'E32ads_v6_US East_2': 40, 'E32as_v6_US East_3': 40, 'E48ads_v6_US East_3': 40, 'E48as_v6_US East_2': 40, 'E4ads_v6_US East_2': 40, 'E4ads_v6_US East_3': 40, 'E4as_v6_US East_1': 40, 'E4as_v6_US East_3': 40, 'E4ps_v5_US East_1': 40, 'E4ps_v5_US East_2': 40, 'E4ps_v5_US East_3': 40, 'E64ads_v6_US East_1': 40, 'E64as_v6_US East_3': 40, 'E8ads_v6_US East_1': 40, 'E8ads_v6_US East_2': 40, 'E8as_v6_US East_1': 40, 'E8as_v6_US East_2': 40, 'E8ps_v5_US East_3': 40, 'E96-24ads_v6_US East_3': 40, 'E96-48ads_v6_US East_3': 40, 'E96ads_v6_US East_3': 40, 'E96as_v6_US East_3': 40, 'F16als_v6_US East_1': 40, 'F16als_v6_US East_3': 40, 'F16ams_v6_US East_2': 40, 'F16ams_v6_US East_3': 40, 'F16as_v6_US East_2': 40, 'F16as_v6_US East_3': 40, 'F2als_v6_US East_1': 40, 'F2als_v6_US East_2': 40, 'F2als_v6_US East_3': 40, 'F2ams_v6_US East_1': 40, 'F2ams_v6_US East_2': 40, 'F2ams_v6_US East_3': 40, 'F2as_v6_US East_1': 40, 'F2as_v6_US East_2': 40, 'F2as_v6_US East_3': 40, 'F32als_v6_US East_1': 40, 'F32ams_v6_US East_2': 40, 'F32as_v6_US East_2': 40, 'F48als_v6_US East_1': 40, 'F48ams_v6_US East_2': 40, 'F48as_v6_US East_2': 40, 'F4als_v6_US East_2': 40, 'F4als_v6_US East_3': 40, 'F4ams_v6_US East_2': 40, 'F4ams_v6_US East_3': 40, 'F4as_v6_US East_1': 40, 'F4as_v6_US East_3': 40, 'F64als_v6_US East_3': 40, 'F64ams_v6_US East_1': 40, 'F64as_v6_US East_3': 40, 'F8als_v6_US East_2': 40, 'F8als_v6_US East_3': 40, 'F8ams_v6_US East_2': 40, 'F8ams_v6_US East_3': 40, 'F8as_v6_US East_2': 40, 'F8as_v6_US East_3': 40, 'M16-8ms_US East_1': 40, 'M16-8ms_US East_2': 40, 'M16-8ms_US East_3': 40, 'M16ms_US East_1': 40, 'M16ms_US East_2': 40, 'M16ms_US East_3': 40, 'M32-16ms_US East_1': 40, 'M32-16ms_US East_3': 40, 'M32-8ms_US East_1': 40, 'M32-8ms_US East_3': 40, 'M32dms_v2_US East_1': 40, 'M32dms_v2_US East_2': 40, 'M32dms_v2_US East_3': 40, 'M32ls_US East_1': 40, 'M32ls_US East_2': 40, 'M32ls_US East_3': 40, 'M32ms_US East_2': 40, 'M32ms_US East_3': 40, 'M32ms_v2_US East_1': 40, 'M32ms_v2_US East_2': 40, 'M32ms_v2_US East_3': 40, 'M32ts_US East_1': 40, 'M32ts_US East_2': 40, 'M32ts_US East_3': 40, 'M64s_v2_US East_3': 40, 'M8-4ms_US East_1': 40, 'M8-4ms_US East_2': 40, 'M8-4ms_US East_3': 40, 'M8ms_US East_1': 40, 'M8ms_US East_2': 40, 'M8ms_US East_3': 40, 'NV4as_v4_US East_1': 40, 'NV4as_v4_US East_2': 40, 'NV4as_v4_US East_3': 40, 'NV8as_v4_US East_1': 40, 'NV8as_v4_US East_2': 40, 'NV8as_v4_US East_3': 40}"
0.93,2549.35064,2164248517,848941.092387354,79840,79830,"{'B16pls_v2_US East_1': 40, 'B16pls_v2_US East_2': 40, 'B16pls_v2_US East_3': 40, 'B16ps_v2_US East_3': 40, 'B2pls_v2_US East_1': 40, 'B2pls_v2_US East_2': 40, 'B2pls_v2_US East_3': 40, 'B2ps_v2_US East_1': 40, 'B2ps_v2_US East_2': 40, 'B2ps_v2_US East_3': 40, 'B4pls_v2_US East_1': 40, 'B4pls_v2_US East_2': 40, 'B4pls_v2_US East_3': 40, 'B4ps_v2_US East_1': 40, 'B4ps_v2_US East_2': 40, 'B4ps_v2_US East_3': 40, 'B8pls_v2_US East_1': 40, 'B8pls_v2_US East_2': 40, 'B8pls_v2_US East_3': 40, 'B8ps_v2_US East_1': 40, 'B8ps_v2_US East_2': 40, 'B8ps_v2_US East_3': 40, 'D16ads_v6_US East_2': 40, 'D16ads_v6_US East_3': 40, 'D16alds_v6_US East_1': 40, 'D16alds_v6_US East_2': 40, 'D16als_v6_US East_2': 40, 'D16als_v6_US East_3': 40, 'D16as_v6_US East_2': 40, 'D16as_v6_US East_3': 40, 'D16pds_v5_US East_2': 40, 'D16plds_v5_US East_2': 40, 'D16plds_v5_US East_3': 40, 'D16pls_v5_US East_1': 40, 'D16pls_v5_US East_3': 40, 'D16ps_v5_US East_2': 40, 'D2ads_v6_US East_1': 40, 'D2ads_v6_US East_2': 40, 'D2ads_v6_US East_3': 40, 'D2alds_v6_US East_1': 40, 'D2alds_v6_US East_2': 40, 'D2alds_v6_US East_3': 40, 'D2als_v6_US East_1': 40, 'D2als_v6_US East_2': 40, 'D2als_v6_US East_3': 40, 'D2as_v6_US East_1': 40, 'D2as_v6_US East_2': 40, 'D2as_v6_US East_3': 40, 'D2pds_v5_US East_1': 40, 'D2pds_v5_US East_2': 40, 'D2pds_v5_US East_3': 40, 'D2plds_v5_US East_1': 40, 'D2plds_v5_US East_2': 40, 'D2plds_v5_US East_3': 40, 'D2pls_v5_US East_1': 40, 'D2pls_v5_US East_2': 40, 'D2pls_v5_US East_3': 40, 'D2ps_v5_US East_1': 40, 'D2ps_v5_US East_2': 40, 'D2ps_v5_US East_3': 40, 'D32ads_v6_US East_1': 40, 'D32ads_v6_US East_2': 40, 'D32alds_v6_US East_1': 40, 'D32alds_v6_US East_3': 40, 'D32als_v6_US East_1': 40, 'D32als_v6_US East_2': 40, 'D32as_v6_US East_1': 40, 'D32as_v6_US East_2': 40, 'D32plds_v5_US East_3': 40, 'D32pls_v5_US East_1': 40, 'D48ads_v6_US East_2': 40, 'D48alds_v6_US East_3': 40, 'D48als_v6_US East_1': 40, 'D48als_v6_US East_3': 40, 'D4ads_v6_US East_1': 40, 'D4ads_v6_US East_2': 40, 'D4ads_v6_US East_3': 40, 'D4alds_v6_US East_1': 40, 'D4alds_v6_US East_2': 40, 'D4alds_v6_US East_3': 40, 'D4als_v6_US East_1': 40, 'D4als_v6_US East_2': 40, 'D4als_v6_US East_3': 40, 'D4as_v6_US East_1': 40, 'D4as_v6_US East_2': 40, 'D4as_v6_US East_3': 40, 'D4pds_v5_US East_1': 40, 'D4pds_v5_US East_2': 40, 'D4pds_v5_US East_3': 40, 'D4plds_v5_US East_1': 40, 'D4plds_v5_US East_2': 40, 'D4plds_v5_US East_3': 40, 'D4pls_v5_US East_1': 40, 'D4pls_v5_US East_2': 40, 'D4pls_v5_US East_3': 40, 'D4ps_v5_US East_1': 40, 'D4ps_v5_US East_2': 40, 'D4ps_v5_US East_3': 40, 'D64ads_v6_US East_3': 40, 'D64alds_v6_US East_3': 40, 'D64als_v6_US East_3': 40, 'D64as_v6_US East_3': 40, 'D8ads_v6_US East_1': 40, 'D8ads_v6_US East_3': 40, 'D8alds_v6_US East_1': 40, 'D8alds_v6_US East_3': 40, 'D8als_v6_US East_2': 40, 'D8als_v6_US East_3': 40, 'D8as_v6_US East_1': 40, 'D8as_v6_US East_2': 40, 'D8plds_v5_US East_1': 40, 'D8plds_v5_US East_2': 40, 'D8plds_v5_US East_3': 40, 'D8pls_v5_US East_1': 40, 'D8pls_v5_US East_2': 40, 'D8pls_v5_US East_3': 40, 'D8ps_v5_US East_1': 40, 'D8ps_v5_US East_2': 40, 'D8ps_v5_US East_3': 40, 'D96ads_v6_US East_3': 40, 'D96alds_v6_US East_3': 40, 'D96als_v6_US East_2': 40, 'D96as_v6_US East_3': 40, 'E16ads_v6_US East_2': 40, 'E16ads_v6_US East_3': 40, 'E16as_v6_US East_1': 40, 'E16as_v6_US East_3': 40, 'E20ads_v6_US East_2': 40, 'E20ads_v6_US East_3': 40, 'E20as_v6_US East_2': 40, 'E20as_v6_US East_3': 40, 'E2ads_v6_US East_1': 40, 'E2ads_v6_US East_2': 40, 'E2ads_v6_US East_3': 40, 'E2as_v6_US East_1': 40, 'E2as_v6_US East_2': 40, 'E2as_v6_US East_3': 40, 'E2ps_v5_US East_1': 40, 'E2ps_v5_US East_2': 40, 'E2ps_v5_US East_3': 40, 'E32ads_v6_US East_2': 40, 'E32as_v6_US East_3': 40, 'E48ads_v6_US East_3': 40, 'E48as_v6_US East_2': 40, 'E4ads_v6_US East_2': 40, 'E4ads_v6_US East_3': 40, 'E4as_v6_US East_1': 40, 'E4as_v6_US East_3': 40, 'E4ps_v5_US East_1': 40, 'E4ps_v5_US East_2': 40, 'E4ps_v5_US East_3': 40, 'E64ads_v6_US East_1': 40, 'E64as_v6_US East_3': 40, 'E8ads_v6_US East_1': 40, 'E8ads_v6_US East_2': 40, 'E8as_v6_US East_1': 40, 'E8as_v6_US East_2': 40, 'E8ps_v5_US East_3': 40, 'E96-24ads_v6_US East_3': 40, 'E96-48ads_v6_US East_3': 40, 'E96ads_v6_US East_3': 40, 'E96as_v6_US East_3': 40, 'F16als_v6_US East_1': 40, 'F16als_v6_US East_3': 40, 'F16ams_v6_US East_2': 40, 'F16ams_v6_US East_3': 40, 'F16as_v6_US East_2': 40, 'F16as_v6_US East_3': 40, 'F2als_v6_US East_1': 40, 'F2als_v6_US East_2': 40, 'F2als_v6_US East_3': 40, 'F2ams_v6_US East_1': 40, 'F2ams_v6_US East_2': 40, 'F2ams_v6_US East_3': 40, 'F2as_v6_US East_1': 40, 'F2as_v6_US East_2': 40, 'F2as_v6_US East_3': 40, 'F32als_v6_US East_1': 40, 'F32ams_v6_US East_2': 40, 'F32as_v6_US East_2': 40, 'F48als_v6_US East_1': 40, 'F48ams_v6_US East_2': 40, 'F48as_v6_US East_2': 40, 'F4als_v6_US East_2': 40, 'F4als_v6_US East_3': 40, 'F4ams_v6_US East_2': 40, 'F4ams_v6_US East_3': 40, 'F4as_v6_US East_1': 40, 'F4as_v6_US East_3': 40, 'F64als_v6_US East_3': 40, 'F64ams_v6_US East_1': 40, 'F64as_v6_US East_3': 40, 'F8als_v6_US East_2': 40, 'F8als_v6_US East_3': 40, 'F8ams_v6_US East_2': 40, 'F8ams_v6_US East_3': 40, 'F8as_v6_US East_2': 40, 'F8as_v6_US East_3': 40, 'M16-8ms_US East_1': 40, 'M16-8ms_US East_2': 40, 'M16-8ms_US East_3': 40, 'M16ms_US East_1': 40, 'M16ms_US East_2': 40, 'M16ms_US East_3': 40, 'M32-16ms_US East_1': 40, 'M32-16ms_US East_3': 40, 'M32-8ms_US East_1': 40, 'M32-8ms_US East_3': 40, 'M32dms_v2_US East_1': 40, 'M32dms_v2_US East_2': 40, 'M32dms_v2_US East_3': 40, 'M32ls_US East_1': 40, 'M32ls_US East_2': 40, 'M32ls_US East_3': 40, 'M32ms_US East_2': 40, 'M32ms_US East_3': 40, 'M32ms_v2_US East_1': 40, 'M32ms_v2_US East_2': 40, 'M32ms_v2_US East_3': 40, 'M32ts_US East_1': 40, 'M32ts_US East_2': 40, 'M32ts_US East_3': 40, 'M64s_v2_US East_3': 40, 'M8-4ms_US East_1': 40, 'M8-4ms_US East_2': 40, 'M8-4ms_US East_3': 40, 'M8ms_US East_1': 40, 'M8ms_US East_2': 40, 'M8ms_US East_3': 40, 'NV4as_v4_US East_1': 40, 'NV4as_v4_US East_2': 40, 'NV4as_v4_US East_3': 40, 'NV8as_v4_US East_1': 40, 'NV8as_v4_US East_2': 40, 'NV8as_v4_US East_3': 40}"
0.9400000000000001,2549.35064,2164248517,848941.092387354,79840,79830,"{'B16pls_v2_US East_1': 40, 'B16pls_v2_US East_2': 40, 'B16pls_v2_US East_3': 40, 'B16ps_v2_US East_3': 40, 'B2pls_v2_US East_1': 40, 'B2pls_v2_US East_2': 40, 'B2pls_v2_US East_3': 40, 'B2ps_v2_US East_1': 40, 'B2ps_v2_US East_2': 40, 'B2ps_v2_US East_3': 40, 'B4pls_v2_US East_1': 40, 'B4pls_v2_US East_2': 40, 'B4pls_v2_US East_3': 40, 'B4ps_v2_US East_1': 40, 'B4ps_v2_US East_2': 40, 'B4ps_v2_US East_3': 40, 'B8pls_v2_US East_1': 40, 'B8pls_v2_US East_2': 40, 'B8pls_v2_US East_3': 40, 'B8ps_v2_US East_1': 40, 'B8ps_v2_US East_2': 40, 'B8ps_v2_US East_3': 40, 'D16ads_v6_US East_2': 40, 'D16ads_v6_US East_3': 40, 'D16alds_v6_US East_1': 40, 'D16alds_v6_US East_2': 40, 'D16als_v6_US East_2': 40, 'D16als_v6_US East_3': 40, 'D16as_v6_US East_2': 40, 'D16as_v6_US East_3': 40, 'D16pds_v5_US East_2': 40, 'D16plds_v5_US East_2': 40, 'D16plds_v5_US East_3': 40, 'D16pls_v5_US East_1': 40, 'D16pls_v5_US East_3': 40, 'D16ps_v5_US East_2': 40, 'D2ads_v6_US East_1': 40, 'D2ads_v6_US East_2': 40, 'D2ads_v6_US East_3': 40, 'D2alds_v6_US East_1': 40, 'D2alds_v6_US East_2': 40, 'D2alds_v6_US East_3': 40, 'D2als_v6_US East_1': 40, 'D2als_v6_US East_2': 40, 'D2als_v6_US East_3': 40, 'D2as_v6_US East_1': 40, 'D2as_v6_US East_2': 40, 'D2as_v6_US East_3': 40, 'D2pds_v5_US East_1': 40, 'D2pds_v5_US East_2': 40, 'D2pds_v5_US East_3': 40, 'D2plds_v5_US East_1': 40, 'D2plds_v5_US East_2': 40, 'D2plds_v5_US East_3': 40, 'D2pls_v5_US East_1': 40, 'D2pls_v5_US East_2': 40, 'D2pls_v5_US East_3': 40, 'D2ps_v5_US East_1': 40, 'D2ps_v5_US East_2': 40, 'D2ps_v5_US East_3': 40, 'D32ads_v6_US East_1': 40, 'D32ads_v6_US East_2': 40, 'D32alds_v6_US East_1': 40, 'D32alds_v6_US East_3': 40, 'D32als_v6_US East_1': 40, 'D32als_v6_US East_2': 40, 'D32as_v6_US East_1': 40, 'D32as_v6_US East_2': 40, 'D32plds_v5_US East_3': 40, 'D32pls_v5_US East_1': 40, 'D48ads_v6_US East_2': 40, 'D48alds_v6_US East_3': 40, 'D48als_v6_US East_1': 40, 'D48als_v6_US East_3': 40, 'D4ads_v6_US East_1': 40, 'D4ads_v6_US East_2': 40, 'D4ads_v6_US East_3': 40, 'D4alds_v6_US East_1': 40, 'D4alds_v6_US East_2': 40, 'D4alds_v6_US East_3': 40, 'D4als_v6_US East_1': 40, 'D4als_v6_US East_2': 40, 'D4als_v6_US East_3': 40, 'D4as_v6_US East_1': 40, 'D4as_v6_US East_2': 40, 'D4as_v6_US East_3': 40, 'D4pds_v5_US East_1': 40, 'D4pds_v5_US East_2': 40, 'D4pds_v5_US East_3': 40, 'D4plds_v5_US East_1': 40, 'D4plds_v5_US East_2': 40, 'D4plds_v5_US East_3': 40, 'D4pls_v5_US East_1': 40, 'D4pls_v5_US East_2': 40, 'D4pls_v5_US East_3': 40, 'D4ps_v5_US East_1': 40, 'D4ps_v5_US East_2': 40, 'D4ps_v5_US East_3': 40, 'D64ads_v6_US East_3': 40, 'D64alds_v6_US East_3': 40, 'D64als_v6_US East_3': 40, 'D64as_v6_US East_3': 40, 'D8ads_v6_US East_1': 40, 'D8ads_v6_US East_3': 40, 'D8alds_v6_US East_1': 40, 'D8alds_v6_US East_3': 40, 'D8als_v6_US East_2': 40, 'D8als_v6_US East_3': 40, 'D8as_v6_US East_1': 40, 'D8as_v6_US East_2': 40, 'D8plds_v5_US East_1': 40, 'D8plds_v5_US East_2': 40, 'D8plds_v5_US East_3': 40, 'D8pls_v5_US East_1': 40, 'D8pls_v5_US East_2': 40, 'D8pls_v5_US East_3': 40, 'D8ps_v5_US East_1': 40, 'D8ps_v5_US East_2': 40, 'D8ps_v5_US East_3': 40, 'D96ads_v6_US East_3': 40, 'D96alds_v6_US East_3': 40, 'D96als_v6_US East_2': 40, 'D96as_v6_US East_3': 40, 'E16ads_v6_US East_2': 40, 'E16ads_v6_US East_3': 40, 'E16as_v6_US East_1': 40, 'E16as_v6_US East_3': 40, 'E20ads_v6_US East_2': 40, 'E20ads_v6_US East_3': 40, 'E20as_v6_US East_2': 40, 'E20as_v6_US East_3': 40, 'E2ads_v6_US East_1': 40, 'E2ads_v6_US East_2': 40, 'E2ads_v6_US East_3': 40, 'E2as_v6_US East_1': 40, 'E2as_v6_US East_2': 40, 'E2as_v6_US East_3': 40, 'E2ps_v5_US East_1': 40, 'E2ps_v5_US East_2': 40, 'E2ps_v5_US East_3': 40, 'E32ads_v6_US East_2': 40, 'E32as_v6_US East_3': 40, 'E48ads_v6_US East_3': 40, 'E48as_v6_US East_2': 40, 'E4ads_v6_US East_2': 40, 'E4ads_v6_US East_3': 40, 'E4as_v6_US East_1': 40, 'E4as_v6_US East_3': 40, 'E4ps_v5_US East_1': 40, 'E4ps_v5_US East_2': 40, 'E4ps_v5_US East_3': 40, 'E64ads_v6_US East_1': 40, 'E64as_v6_US East_3': 40, 'E8ads_v6_US East_1': 40, 'E8ads_v6_US East_2': 40, 'E8as_v6_US East_1': 40, 'E8as_v6_US East_2': 40, 'E8ps_v5_US East_3': 40, 'E96-24ads_v6_US East_3': 40, 'E96-48ads_v6_US East_3': 40, 'E96ads_v6_US East_3': 40, 'E96as_v6_US East_3': 40, 'F16als_v6_US East_1': 40, 'F16als_v6_US East_3': 40, 'F16ams_v6_US East_2': 40, 'F16ams_v6_US East_3': 40, 'F16as_v6_US East_2': 40, 'F16as_v6_US East_3': 40, 'F2als_v6_US East_1': 40, 'F2als_v6_US East_2': 40, 'F2als_v6_US East_3': 40, 'F2ams_v6_US East_1': 40, 'F2ams_v6_US East_2': 40, 'F2ams_v6_US East_3': 40, 'F2as_v6_US East_1': 40, 'F2as_v6_US East_2': 40, 'F2as_v6_US East_3': 40, 'F32als_v6_US East_1': 40, 'F32ams_v6_US East_2': 40, 'F32as_v6_US East_2': 40, 'F48als_v6_US East_1': 40, 'F48ams_v6_US East_2': 40, 'F48as_v6_US East_2': 40, 'F4als_v6_US East_2': 40, 'F4als_v6_US East_3': 40, 'F4ams_v6_US East_2': 40, 'F4ams_v6_US East_3': 40, 'F4as_v6_US East_1': 40, 'F4as_v6_US East_3': 40, 'F64als_v6_US East_3': 40, 'F64ams_v6_US East_1': 40, 'F64as_v6_US East_3': 40, 'F8als_v6_US East_2': 40, 'F8als_v6_US East_3': 40, 'F8ams_v6_US East_2': 40, 'F8ams_v6_US East_3': 40, 'F8as_v6_US East_2': 40, 'F8as_v6_US East_3': 40, 'M16-8ms_US East_1': 40, 'M16-8ms_US East_2': 40, 'M16-8ms_US East_3': 40, 'M16ms_US East_1': 40, 'M16ms_US East_2': 40, 'M16ms_US East_3': 40, 'M32-16ms_US East_1': 40, 'M32-16ms_US East_3': 40, 'M32-8ms_US East_1': 40, 'M32-8ms_US East_3': 40, 'M32dms_v2_US East_1': 40, 'M32dms_v2_US East_2': 40, 'M32dms_v2_US East_3': 40, 'M32ls_US East_1': 40, 'M32ls_US East_2': 40, 'M32ls_US East_3': 40, 'M32ms_US East_2': 40, 'M32ms_US East_3': 40, 'M32ms_v2_US East_1': 40, 'M32ms_v2_US East_2': 40, 'M32ms_v2_US East_3': 40, 'M32ts_US East_1': 40, 'M32ts_US East_2': 40, 'M32ts_US East_3': 40, 'M64s_v2_US East_3': 40, 'M8-4ms_US East_1': 40, 'M8-4ms_US East_2': 40, 'M8-4ms_US East_3': 40, 'M8ms_US East_1': 40, 'M8ms_US East_2': 40, 'M8ms_US East_3': 40, 'NV4as_v4_US East_1': 40, 'NV4as_v4_US East_2': 40, 'NV4as_v4_US East_3': 40, 'NV8as_v4_US East_1': 40, 'NV8as_v4_US East_2': 40, 'NV8as_v4_US East_3': 40}"
0.9500000000000001,2549.35064,2164248517,848941.092387354,79840,79830,"{'B16pls_v2_US East_1': 40, 'B16pls_v2_US East_2': 40, 'B16pls_v2_US East_3': 40, 'B16ps_v2_US East_3': 40, 'B2pls_v2_US East_1': 40, 'B2pls_v2_US East_2': 40, 'B2pls_v2_US East_3': 40, 'B2ps_v2_US East_1': 40, 'B2ps_v2_US East_2': 40, 'B2ps_v2_US East_3': 40, 'B4pls_v2_US East_1': 40, 'B4pls_v2_US East_2': 40, 'B4pls_v2_US East_3': 40, 'B4ps_v2_US East_1': 40, 'B4ps_v2_US East_2': 40, 'B4ps_v2_US East_3': 40, 'B8pls_v2_US East_1': 40, 'B8pls_v2_US East_2': 40, 'B8pls_v2_US East_3': 40, 'B8ps_v2_US East_1': 40, 'B8ps_v2_US East_2': 40, 'B8ps_v2_US East_3': 40, 'D16ads_v6_US East_2': 40, 'D16ads_v6_US East_3': 40, 'D16alds_v6_US East_1': 40, 'D16alds_v6_US East_2': 40, 'D16als_v6_US East_2': 40, 'D16als_v6_US East_3': 40, 'D16as_v6_US East_2': 40, 'D16as_v6_US East_3': 40, 'D16pds_v5_US East_2': 40, 'D16plds_v5_US East_2': 40, 'D16plds_v5_US East_3': 40, 'D16pls_v5_US East_1': 40, 'D16pls_v5_US East_3': 40, 'D16ps_v5_US East_2': 40, 'D2ads_v6_US East_1': 40, 'D2ads_v6_US East_2': 40, 'D2ads_v6_US East_3': 40, 'D2alds_v6_US East_1': 40, 'D2alds_v6_US East_2': 40, 'D2alds_v6_US East_3': 40, 'D2als_v6_US East_1': 40, 'D2als_v6_US East_2': 40, 'D2als_v6_US East_3': 40, 'D2as_v6_US East_1': 40, 'D2as_v6_US East_2': 40, 'D2as_v6_US East_3': 40, 'D2pds_v5_US East_1': 40, 'D2pds_v5_US East_2': 40, 'D2pds_v5_US East_3': 40, 'D2plds_v5_US East_1': 40, 'D2plds_v5_US East_2': 40, 'D2plds_v5_US East_3': 40, 'D2pls_v5_US East_1': 40, 'D2pls_v5_US East_2': 40, 'D2pls_v5_US East_3': 40, 'D2ps_v5_US East_1': 40, 'D2ps_v5_US East_2': 40, 'D2ps_v5_US East_3': 40, 'D32ads_v6_US East_1': 40, 'D32ads_v6_US East_2': 40, 'D32alds_v6_US East_1': 40, 'D32alds_v6_US East_3': 40, 'D32als_v6_US East_1': 40, 'D32als_v6_US East_2': 40, 'D32as_v6_US East_1': 40, 'D32as_v6_US East_2': 40, 'D32plds_v5_US East_3': 40, 'D32pls_v5_US East_1': 40, 'D48ads_v6_US East_2': 40, 'D48alds_v6_US East_3': 40, 'D48als_v6_US East_1': 40, 'D48als_v6_US East_3': 40, 'D4ads_v6_US East_1': 40, 'D4ads_v6_US East_2': 40, 'D4ads_v6_US East_3': 40, 'D4alds_v6_US East_1': 40, 'D4alds_v6_US East_2': 40, 'D4alds_v6_US East_3': 40, 'D4als_v6_US East_1': 40, 'D4als_v6_US East_2': 40, 'D4als_v6_US East_3': 40, 'D4as_v6_US East_1': 40, 'D4as_v6_US East_2': 40, 'D4as_v6_US East_3': 40, 'D4pds_v5_US East_1': 40, 'D4pds_v5_US East_2': 40, 'D4pds_v5_US East_3': 40, 'D4plds_v5_US East_1': 40, 'D4plds_v5_US East_2': 40, 'D4plds_v5_US East_3': 40, 'D4pls_v5_US East_1': 40, 'D4pls_v5_US East_2': 40, 'D4pls_v5_US East_3': 40, 'D4ps_v5_US East_1': 40, 'D4ps_v5_US East_2': 40, 'D4ps_v5_US East_3': 40, 'D64ads_v6_US East_3': 40, 'D64alds_v6_US East_3': 40, 'D64als_v6_US East_3': 40, 'D64as_v6_US East_3': 40, 'D8ads_v6_US East_1': 40, 'D8ads_v6_US East_3': 40, 'D8alds_v6_US East_1': 40, 'D8alds_v6_US East_3': 40, 'D8als_v6_US East_2': 40, 'D8als_v6_US East_3': 40, 'D8as_v6_US East_1': 40, 'D8as_v6_US East_2': 40, 'D8plds_v5_US East_1': 40, 'D8plds_v5_US East_2': 40, 'D8plds_v5_US East_3': 40, 'D8pls_v5_US East_1': 40, 'D8pls_v5_US East_2': 40, 'D8pls_v5_US East_3': 40, 'D8ps_v5_US East_1': 40, 'D8ps_v5_US East_2': 40, 'D8ps_v5_US East_3': 40, 'D96ads_v6_US East_3': 40, 'D96alds_v6_US East_3': 40, 'D96als_v6_US East_2': 40, 'D96as_v6_US East_3': 40, 'E16ads_v6_US East_2': 40, 'E16ads_v6_US East_3': 40, 'E16as_v6_US East_1': 40, 'E16as_v6_US East_3': 40, 'E20ads_v6_US East_2': 40, 'E20ads_v6_US East_3': 40, 'E20as_v6_US East_2': 40, 'E20as_v6_US East_3': 40, 'E2ads_v6_US East_1': 40, 'E2ads_v6_US East_2': 40, 'E2ads_v6_US East_3': 40, 'E2as_v6_US East_1': 40, 'E2as_v6_US East_2': 40, 'E2as_v6_US East_3': 40, 'E2ps_v5_US East_1': 40, 'E2ps_v5_US East_2': 40, 'E2ps_v5_US East_3': 40, 'E32ads_v6_US East_2': 40, 'E32as_v6_US East_3': 40, 'E48ads_v6_US East_3': 40, 'E48as_v6_US East_2': 40, 'E4ads_v6_US East_2': 40, 'E4ads_v6_US East_3': 40, 'E4as_v6_US East_1': 40, 'E4as_v6_US East_3': 40, 'E4ps_v5_US East_1': 40, 'E4ps_v5_US East_2': 40, 'E4ps_v5_US East_3': 40, 'E64ads_v6_US East_1': 40, 'E64as_v6_US East_3': 40, 'E8ads_v6_US East_1': 40, 'E8ads_v6_US East_2': 40, 'E8as_v6_US East_1': 40, 'E8as_v6_US East_2': 40, 'E8ps_v5_US East_3': 40, 'E96-24ads_v6_US East_3': 40, 'E96-48ads_v6_US East_3': 40, 'E96ads_v6_US East_3': 40, 'E96as_v6_US East_3': 40, 'F16als_v6_US East_1': 40, 'F16als_v6_US East_3': 40, 'F16ams_v6_US East_2': 40, 'F16ams_v6_US East_3': 40, 'F16as_v6_US East_2': 40, 'F16as_v6_US East_3': 40, 'F2als_v6_US East_1': 40, 'F2als_v6_US East_2': 40, 'F2als_v6_US East_3': 40, 'F2ams_v6_US East_1': 40, 'F2ams_v6_US East_2': 40, 'F2ams_v6_US East_3': 40, 'F2as_v6_US East_1': 40, 'F2as_v6_US East_2': 40, 'F2as_v6_US East_3': 40, 'F32als_v6_US East_1': 40, 'F32ams_v6_US East_2': 40, 'F32as_v6_US East_2': 40, 'F48als_v6_US East_1': 40, 'F48ams_v6_US East_2': 40, 'F48as_v6_US East_2': 40, 'F4als_v6_US East_2': 40, 'F4als_v6_US East_3': 40, 'F4ams_v6_US East_2': 40, 'F4ams_v6_US East_3': 40, 'F4as_v6_US East_1': 40, 'F4as_v6_US East_3': 40, 'F64als_v6_US East_3': 40, 'F64ams_v6_US East_1': 40, 'F64as_v6_US East_3': 40, 'F8als_v6_US East_2': 40, 'F8als_v6_US East_3': 40, 'F8ams_v6_US East_2': 40, 'F8ams_v6_US East_3': 40, 'F8as_v6_US East_2': 40, 'F8as_v6_US East_3': 40, 'M16-8ms_US East_1': 40, 'M16-8ms_US East_2': 40, 'M16-8ms_US East_3': 40, 'M16ms_US East_1': 40, 'M16ms_US East_2': 40, 'M16ms_US East_3': 40, 'M32-16ms_US East_1': 40, 'M32-16ms_US East_3': 40, 'M32-8ms_US East_1': 40, 'M32-8ms_US East_3': 40, 'M32dms_v2_US East_1': 40, 'M32dms_v2_US East_2': 40, 'M32dms_v2_US East_3': 40, 'M32ls_US East_1': 40, 'M32ls_US East_2': 40, 'M32ls_US East_3': 40, 'M32ms_US East_2': 40, 'M32ms_US East_3': 40, 'M32ms_v2_US East_1': 40, 'M32ms_v2_US East_2': 40, 'M32ms_v2_US East_3': 40, 'M32ts_US East_1': 40, 'M32ts_US East_2': 40, 'M32ts_US East_3': 40, 'M64s_v2_US East_3': 40, 'M8-4ms_US East_1': 40, 'M8-4ms_US East_2': 40, 'M8-4ms_US East_3': 40, 'M8ms_US East_1': 40, 'M8ms_US East_2': 40, 'M8ms_US East_3': 40, 'NV4as_v4_US East_1': 40, 'NV4as_v4_US East_2': 40, 'NV4as_v4_US East_3': 40, 'NV8as_v4_US East_1': 40, 'NV8as_v4_US East_2': 40, 'NV8as_v4_US East_3': 40}"
0.96,2651.5708400000008,2169304057,818120.3475597128,80200,80190,"{'B16pls_v2_US East_1': 40, 'B16pls_v2_US East_2': 40, 'B16pls_v2_US East_3': 40, 'B16ps_v2_US East_3': 40, 'B2pls_v2_US East_1': 40, 'B2pls_v2_US East_2': 40, 'B2pls_v2_US East_3': 40, 'B2ps_v2_US East_1': 40, 'B2ps_v2_US East_2': 40, 'B2ps_v2_US East_3': 40, 'B4pls_v2_US East_1': 40, 'B4pls_v2_US East_2': 40, 'B4pls_v2_US East_3': 40, 'B4ps_v2_US East_1': 40, 'B4ps_v2_US East_2': 40, 'B4ps_v2_US East_3': 40, 'B8pls_v2_US East_1': 40, 'B8pls_v2_US East_2': 40, 'B8pls_v2_US East_3': 40, 'B8ps_v2_US East_1': 40, 'B8ps_v2_US East_2': 40, 'B8ps_v2_US East_3': 40, 'D16ads_v6_US East_2': 40, 'D16ads_v6_US East_3': 40, 'D16alds_v6_US East_1': 40, 'D16alds_v6_US East_2': 40, 'D16als_v6_US East_2': 40, 'D16als_v6_US East_3': 40, 'D16as_v6_US East_2': 40, 'D16as_v6_US East_3': 40, 'D16pds_v5_US East_2': 40, 'D16plds_v5_US East_2': 40, 'D16plds_v5_US East_3': 40, 'D16pls_v5_US East_1': 40, 'D16pls_v5_US East_3': 40, 'D16ps_v5_US East_2': 40, 'D2ads_v6_US East_1': 40, 'D2ads_v6_US East_2': 40, 'D2ads_v6_US East_3': 40, 'D2alds_v6_US East_1': 40, 'D2alds_v6_US East_2': 40, 'D2alds_v6_US East_3': 40, 'D2als_v6_US East_1': 40, 'D2als_v6_US East_2': 40, 'D2als_v6_US East_3': 40, 'D2as_v6_US East_1': 40, 'D2as_v6_US East_2': 40, 'D2as_v6_US East_3': 40, 'D2pds_v5_US East_1': 40, 'D2pds_v5_US East_2': 40, 'D2pds_v5_US East_3': 40, 'D2plds_v5_US East_1': 40, 'D2plds_v5_US East_2': 40, 'D2plds_v5_US East_3': 40, 'D2pls_v5_US East_1': 40, 'D2pls_v5_US East_2': 40, 'D2pls_v5_US East_3': 40, 'D2ps_v5_US East_1': 40, 'D2ps_v5_US East_2': 40, 'D2ps_v5_US East_3': 40, 'D32ads_v6_US East_1': 40, 'D32ads_v6_US East_2': 40, 'D32alds_v6_US East_1': 40, 'D32alds_v6_US East_3': 40, 'D32als_v6_US East_1': 40, 'D32als_v6_US East_2': 40, 'D32as_v6_US East_1': 40, 'D32as_v6_US East_2': 40, 'D32plds_v5_US East_3': 40, 'D32pls_v5_US East_1': 40, 'D48ads_v6_US East_2': 40, 'D48alds_v6_US East_3': 40, 'D48als_v6_US East_1': 40, 'D48als_v6_US East_3': 40, 'D4ads_v6_US East_1': 40, 'D4ads_v6_US East_2': 40, 'D4ads_v6_US East_3': 40, 'D4alds_v6_US East_1': 40, 'D4alds_v6_US East_2': 40, 'D4alds_v6_US East_3': 40, 'D4als_v6_US East_1': 40, 'D4als_v6_US East_2': 40, 'D4als_v6_US East_3': 40, 'D4as_v6_US East_1': 40, 'D4as_v6_US East_2': 40, 'D4as_v6_US East_3': 40, 'D4pds_v5_US East_1': 40, 'D4pds_v5_US East_2': 40, 'D4pds_v5_US East_3': 40, 'D4plds_v5_US East_1': 40, 'D4plds_v5_US East_2': 40, 'D4plds_v5_US East_3': 40, 'D4pls_v5_US East_1': 40, 'D4pls_v5_US East_2': 40, 'D4pls_v5_US East_3': 40, 'D4ps_v5_US East_1': 40, 'D4ps_v5_US East_2': 40, 'D4ps_v5_US East_3': 40, 'D64ads_v6_US East_3': 40, 'D64alds_v6_US East_3': 40, 'D64als_v6_US East_3': 40, 'D64as_v6_US East_3': 40, 'D8ads_v6_US East_1': 40, 'D8ads_v6_US East_3': 40, 'D8alds_v6_US East_1': 40, 'D8alds_v6_US East_3': 40, 'D8als_v6_US East_2': 40, 'D8als_v6_US East_3': 40, 'D8as_v6_US East_1': 40, 'D8as_v6_US East_2': 40, 'D8plds_v5_US East_1': 40, 'D8plds_v5_US East_2': 40, 'D8plds_v5_US East_3': 40, 'D8pls_v5_US East_1': 40, 'D8pls_v5_US East_2': 40, 'D8pls_v5_US East_3': 40, 'D8ps_v5_US East_1': 40, 'D8ps_v5_US East_2': 40, 'D8ps_v5_US East_3': 40, 'D96ads_v6_US East_3': 40, 'D96alds_v6_US East_3': 40, 'D96als_v6_US East_2': 40, 'D96as_v6_US East_3': 40, 'E16ads_v6_US East_2': 40, 'E16ads_v6_US East_3': 40, 'E16as_v6_US East_1': 40, 'E16as_v6_US East_3': 40, 'E20ads_v6_US East_2': 40, 'E20ads_v6_US East_3': 40, 'E20as_v6_US East_2': 40, 'E20as_v6_US East_3': 40, 'E2ads_v6_US East_1': 40, 'E2ads_v6_US East_2': 40, 'E2ads_v6_US East_3': 40, 'E2as_v6_US East_1': 40, 'E2as_v6_US East_2': 40, 'E2as_v6_US East_3': 40, 'E2ps_v5_US East_1': 40, 'E2ps_v5_US East_2': 40, 'E2ps_v5_US East_3': 40, 'E32ads_v6_US East_2': 40, 'E32as_v6_US East_3': 40, 'E48ads_v6_US East_3': 40, 'E48as_v6_US East_2': 40, 'E4ads_v6_US East_2': 40, 'E4ads_v6_US East_3': 40, 'E4as_v6_US East_1': 40, 'E4as_v6_US East_3': 40, 'E4ps_v5_US East_1': 40, 'E4ps_v5_US East_2': 40, 'E4ps_v5_US East_3': 40, 'E64ads_v6_US East_1': 40, 'E64as_v6_US East_3': 40, 'E8ads_v6_US East_1': 40, 'E8ads_v6_US East_2': 40, 'E8as_v6_US East_1': 40, 'E8as_v6_US East_2': 40, 'E8ps_v5_US East_3': 40, 'E96-24ads_v6_US East_3': 40, 'E96-48ads_v6_US East_3': 40, 'E96ads_v6_US East_3': 40, 'E96as_v6_US East_3': 40, 'F16als_v6_US East_1': 40, 'F16als_v6_US East_3': 40, 'F16ams_v6_US East_2': 40, 'F16ams_v6_US East_3': 40, 'F16as_v6_US East_2': 40, 'F16as_v6_US East_3': 40, 'F2als_v6_US East_1': 40, 'F2als_v6_US East_2': 40, 'F2als_v6_US East_3': 40, 'F2ams_v6_US East_1': 40, 'F2ams_v6_US East_2': 40, 'F2ams_v6_US East_3': 40, 'F2as_v6_US East_1': 40, 'F2as_v6_US East_2': 40, 'F2as_v6_US East_3': 40, 'F32als_v6_US East_1': 40, 'F32ams_v6_US East_2': 40, 'F32as_v6_US East_2': 40, 'F48als_v6_US East_1': 40, 'F48ams_v6_US East_2': 40, 'F48as_v6_US East_2': 40, 'F4als_v6_US East_2': 40, 'F4als_v6_US East_3': 40, 'F4ams_v6_US East_2': 40, 'F4ams_v6_US East_3': 40, 'F4as_v6_US East_1': 40, 'F4as_v6_US East_3': 40, 'F64als_v6_US East_3': 40, 'F64ams_v6_US East_1': 40, 'F64as_v6_US East_3': 40, 'F8als_v6_US East_2': 40, 'F8als_v6_US East_3': 40, 'F8ams_v6_US East_2': 40, 'F8ams_v6_US East_3': 40, 'F8as_v6_US East_2': 40, 'F8as_v6_US East_3': 40, 'M16-4ms_US East_1': 40, 'M16-4ms_US East_2': 40, 'M16-4ms_US East_3': 40, 'M16-8ms_US East_1': 40, 'M16-8ms_US East_2': 40, 'M16-8ms_US East_3': 40, 'M16ms_US East_1': 40, 'M16ms_US East_2': 40, 'M16ms_US East_3': 40, 'M32-16ms_US East_1': 40, 'M32-16ms_US East_3': 40, 'M32-8ms_US East_1': 40, 'M32-8ms_US East_3': 40, 'M32dms_v2_US East_1': 40, 'M32dms_v2_US East_2': 40, 'M32dms_v2_US East_3': 40, 'M32ls_US East_1': 40, 'M32ls_US East_2': 40, 'M32ls_US East_3': 40, 'M32ms_US East_2': 40, 'M32ms_US East_3': 40, 'M32ms_v2_US East_1': 40, 'M32ms_v2_US East_2': 40, 'M32ms_v2_US East_3': 40, 'M32ts_US East_1': 40, 'M32ts_US East_2': 40, 'M32ts_US East_3': 40, 'M64s_v2_US East_3': 40, 'M8-2ms_US East_1': 40, 'M8-2ms_US East_2': 40, 'M8-2ms_US East_3': 40, 'M8-4ms_US East_1': 40, 'M8-4ms_US East_2': 40, 'M8-4ms_US East_3': 40, 'M8ms_US East_1': 40, 'M8ms_US East_2': 40, 'M8ms_US East_3': 40, 'NV4as_v4_US East_1': 40, 'NV4as_v4_US East_2': 40, 'NV4as_v4_US East_3': 40, 'NV8as_v4_US East_1': 40, 'NV8as_v4_US East_2': 40, 'NV8as_v4_US East_3': 40}"
0.97,2651.5708400000008,2169304057,818120.3475597128,80200,80190,"{'B16pls_v2_US East_1': 40, 'B16pls_v2_US East_2': 40, 'B16pls_v2_US East_3': 40, 'B16ps_v2_US East_3': 40, 'B2pls_v2_US East_1': 40, 'B2pls_v2_US East_2': 40, 'B2pls_v2_US East_3': 40, 'B2ps_v2_US East_1': 40, 'B2ps_v2_US East_2': 40, 'B2ps_v2_US East_3': 40, 'B4pls_v2_US East_1': 40, 'B4pls_v2_US East_2': 40, 'B4pls_v2_US East_3': 40, 'B4ps_v2_US East_1': 40, 'B4ps_v2_US East_2': 40, 'B4ps_v2_US East_3': 40, 'B8pls_v2_US East_1': 40, 'B8pls_v2_US East_2': 40, 'B8pls_v2_US East_3': 40, 'B8ps_v2_US East_1': 40, 'B8ps_v2_US East_2': 40, 'B8ps_v2_US East_3': 40, 'D16ads_v6_US East_2': 40, 'D16ads_v6_US East_3': 40, 'D16alds_v6_US East_1': 40, 'D16alds_v6_US East_2': 40, 'D16als_v6_US East_2': 40, 'D16als_v6_US East_3': 40, 'D16as_v6_US East_2': 40, 'D16as_v6_US East_3': 40, 'D16pds_v5_US East_2': 40, 'D16plds_v5_US East_2': 40, 'D16plds_v5_US East_3': 40, 'D16pls_v5_US East_1': 40, 'D16pls_v5_US East_3': 40, 'D16ps_v5_US East_2': 40, 'D2ads_v6_US East_1': 40, 'D2ads_v6_US East_2': 40, 'D2ads_v6_US East_3': 40, 'D2alds_v6_US East_1': 40, 'D2alds_v6_US East_2': 40, 'D2alds_v6_US East_3': 40, 'D2als_v6_US East_1': 40, 'D2als_v6_US East_2': 40, 'D2als_v6_US East_3': 40, 'D2as_v6_US East_1': 40, 'D2as_v6_US East_2': 40, 'D2as_v6_US East_3': 40, 'D2pds_v5_US East_1': 40, 'D2pds_v5_US East_2': 40, 'D2pds_v5_US East_3': 40, 'D2plds_v5_US East_1': 40, 'D2plds_v5_US East_2': 40, 'D2plds_v5_US East_3': 40, 'D2pls_v5_US East_1': 40, 'D2pls_v5_US East_2': 40, 'D2pls_v5_US East_3': 40, 'D2ps_v5_US East_1': 40, 'D2ps_v5_US East_2': 40, 'D2ps_v5_US East_3': 40, 'D32ads_v6_US East_1': 40, 'D32ads_v6_US East_2': 40, 'D32alds_v6_US East_1': 40, 'D32alds_v6_US East_3': 40, 'D32als_v6_US East_1': 40, 'D32als_v6_US East_2': 40, 'D32as_v6_US East_1': 40, 'D32as_v6_US East_2': 40, 'D32plds_v5_US East_3': 40, 'D32pls_v5_US East_1': 40, 'D48ads_v6_US East_2': 40, 'D48alds_v6_US East_3': 40, 'D48als_v6_US East_1': 40, 'D48als_v6_US East_3': 40, 'D4ads_v6_US East_1': 40, 'D4ads_v6_US East_2': 40, 'D4ads_v6_US East_3': 40, 'D4alds_v6_US East_1': 40, 'D4alds_v6_US East_2': 40, 'D4alds_v6_US East_3': 40, 'D4als_v6_US East_1': 40, 'D4als_v6_US East_2': 40, 'D4als_v6_US East_3': 40, 'D4as_v6_US East_1': 40, 'D4as_v6_US East_2': 40, 'D4as_v6_US East_3': 40, 'D4pds_v5_US East_1': 40, 'D4pds_v5_US East_2': 40, 'D4pds_v5_US East_3': 40, 'D4plds_v5_US East_1': 40, 'D4plds_v5_US East_2': 40, 'D4plds_v5_US East_3': 40, 'D4pls_v5_US East_1': 40, 'D4pls_v5_US East_2': 40, 'D4pls_v5_US East_3': 40, 'D4ps_v5_US East_1': 40, 'D4ps_v5_US East_2': 40, 'D4ps_v5_US East_3': 40, 'D64ads_v6_US East_3': 40, 'D64alds_v6_US East_3': 40, 'D64als_v6_US East_3': 40, 'D64as_v6_US East_3': 40, 'D8ads_v6_US East_1': 40, 'D8ads_v6_US East_3': 40, 'D8alds_v6_US East_1': 40, 'D8alds_v6_US East_3': 40, 'D8als_v6_US East_2': 40, 'D8als_v6_US East_3': 40, 'D8as_v6_US East_1': 40, 'D8as_v6_US East_2': 40, 'D8plds_v5_US East_1': 40, 'D8plds_v5_US East_2': 40, 'D8plds_v5_US East_3': 40, 'D8pls_v5_US East_1': 40, 'D8pls_v5_US East_2': 40, 'D8pls_v5_US East_3': 40, 'D8ps_v5_US East_1': 40, 'D8ps_v5_US East_2': 40, 'D8ps_v5_US East_3': 40, 'D96ads_v6_US East_3': 40, 'D96alds_v6_US East_3': 40, 'D96als_v6_US East_2': 40, 'D96as_v6_US East_3': 40, 'E16ads_v6_US East_2': 40, 'E16ads_v6_US East_3': 40, 'E16as_v6_US East_1': 40, 'E16as_v6_US East_3': 40, 'E20ads_v6_US East_2': 40, 'E20ads_v6_US East_3': 40, 'E20as_v6_US East_2': 40, 'E20as_v6_US East_3': 40, 'E2ads_v6_US East_1': 40, 'E2ads_v6_US East_2': 40, 'E2ads_v6_US East_3': 40, 'E2as_v6_US East_1': 40, 'E2as_v6_US East_2': 40, 'E2as_v6_US East_3': 40, 'E2ps_v5_US East_1': 40, 'E2ps_v5_US East_2': 40, 'E2ps_v5_US East_3': 40, 'E32ads_v6_US East_2': 40, 'E32as_v6_US East_3': 40, 'E48ads_v6_US East_3': 40, 'E48as_v6_US East_2': 40, 'E4ads_v6_US East_2': 40, 'E4ads_v6_US East_3': 40, 'E4as_v6_US East_1': 40, 'E4as_v6_US East_3': 40, 'E4ps_v5_US East_1': 40, 'E4ps_v5_US East_2': 40, 'E4ps_v5_US East_3': 40, 'E64ads_v6_US East_1': 40, 'E64as_v6_US East_3': 40, 'E8ads_v6_US East_1': 40, 'E8ads_v6_US East_2': 40, 'E8as_v6_US East_1': 40, 'E8as_v6_US East_2': 40, 'E8ps_v5_US East_3': 40, 'E96-24ads_v6_US East_3': 40, 'E96-48ads_v6_US East_3': 40, 'E96ads_v6_US East_3': 40, 'E96as_v6_US East_3': 40, 'F16als_v6_US East_1': 40, 'F16als_v6_US East_3': 40, 'F16ams_v6_US East_2': 40, 'F16ams_v6_US East_3': 40, 'F16as_v6_US East_2': 40, 'F16as_v6_US East_3': 40, 'F2als_v6_US East_1': 40, 'F2als_v6_US East_2': 40, 'F2als_v6_US East_3': 40, 'F2ams_v6_US East_1': 40, 'F2ams_v6_US East_2': 40, 'F2ams_v6_US East_3': 40, 'F2as_v6_US East_1': 40, 'F2as_v6_US East_2': 40, 'F2as_v6_US East_3': 40, 'F32als_v6_US East_1': 40, 'F32ams_v6_US East_2': 40, 'F32as_v6_US East_2': 40, 'F48als_v6_US East_1': 40, 'F48ams_v6_US East_2': 40, 'F48as_v6_US East_2': 40, 'F4als_v6_US East_2': 40, 'F4als_v6_US East_3': 40, 'F4ams_v6_US East_2': 40, 'F4ams_v6_US East_3': 40, 'F4as_v6_US East_1': 40, 'F4as_v6_US East_3': 40, 'F64als_v6_US East_3': 40, 'F64ams_v6_US East_1': 40, 'F64as_v6_US East_3': 40, 'F8als_v6_US East_2': 40, 'F8als_v6_US East_3': 40, 'F8ams_v6_US East_2': 40, 'F8ams_v6_US East_3': 40, 'F8as_v6_US East_2': 40, 'F8as_v6_US East_3': 40, 'M16-4ms_US East_1': 40, 'M16-4ms_US East_2': 40, 'M16-4ms_US East_3': 40, 'M16-8ms_US East_1': 40, 'M16-8ms_US East_2': 40, 'M16-8ms_US East_3': 40, 'M16ms_US East_1': 40, 'M16ms_US East_2': 40, 'M16ms_US East_3': 40, 'M32-16ms_US East_1': 40, 'M32-16ms_US East_3': 40, 'M32-8ms_US East_1': 40, 'M32-8ms_US East_3': 40, 'M32dms_v2_US East_1': 40, 'M32dms_v2_US East_2': 40, 'M32dms_v2_US East_3': 40, 'M32ls_US East_1': 40, 'M32ls_US East_2': 40, 'M32ls_US East_3': 40, 'M32ms_US East_2': 40, 'M32ms_US East_3': 40, 'M32ms_v2_US East_1': 40, 'M32ms_v2_US East_2': 40, 'M32ms_v2_US East_3': 40, 'M32ts_US East_1': 40, 'M32ts_US East_2': 40, 'M32ts_US East_3': 40, 'M64s_v2_US East_3': 40, 'M8-2ms_US East_1': 40, 'M8-2ms_US East_2': 40, 'M8-2ms_US East_3': 40, 'M8-4ms_US East_1': 40, 'M8-4ms_US East_2': 40, 'M8-4ms_US East_3': 40, 'M8ms_US East_1': 40, 'M8ms_US East_2': 40, 'M8ms_US East_3': 40, 'NV4as_v4_US East_1': 40, 'NV4as_v4_US East_2': 40, 'NV4as_v4_US East_3': 40, 'NV8as_v4_US East_1': 40, 'NV8as_v4_US East_2': 40, 'NV8as_v4_US East_3': 40}"
0.98,2651.5708400000008,2169304057,818120.3475597128,80200,80190,"{'B16pls_v2_US East_1': 40, 'B16pls_v2_US East_2': 40, 'B16pls_v2_US East_3': 40, 'B16ps_v2_US East_3': 40, 'B2pls_v2_US East_1': 40, 'B2pls_v2_US East_2': 40, 'B2pls_v2_US East_3': 40, 'B2ps_v2_US East_1': 40, 'B2ps_v2_US East_2': 40, 'B2ps_v2_US East_3': 40, 'B4pls_v2_US East_1': 40, 'B4pls_v2_US East_2': 40, 'B4pls_v2_US East_3': 40, 'B4ps_v2_US East_1': 40, 'B4ps_v2_US East_2': 40, 'B4ps_v2_US East_3': 40, 'B8pls_v2_US East_1': 40, 'B8pls_v2_US East_2': 40, 'B8pls_v2_US East_3': 40, 'B8ps_v2_US East_1': 40, 'B8ps_v2_US East_2': 40, 'B8ps_v2_US East_3': 40, 'D16ads_v6_US East_2': 40, 'D16ads_v6_US East_3': 40, 'D16alds_v6_US East_1': 40, 'D16alds_v6_US East_2': 40, 'D16als_v6_US East_2': 40, 'D16als_v6_US East_3': 40, 'D16as_v6_US East_2': 40, 'D16as_v6_US East_3': 40, 'D16pds_v5_US East_2': 40, 'D16plds_v5_US East_2': 40, 'D16plds_v5_US East_3': 40, 'D16pls_v5_US East_1': 40, 'D16pls_v5_US East_3': 40, 'D16ps_v5_US East_2': 40, 'D2ads_v6_US East_1': 40, 'D2ads_v6_US East_2': 40, 'D2ads_v6_US East_3': 40, 'D2alds_v6_US East_1': 40, 'D2alds_v6_US East_2': 40, 'D2alds_v6_US East_3': 40, 'D2als_v6_US East_1': 40, 'D2als_v6_US East_2': 40, 'D2als_v6_US East_3': 40, 'D2as_v6_US East_1': 40, 'D2as_v6_US East_2': 40, 'D2as_v6_US East_3': 40, 'D2pds_v5_US East_1': 40, 'D2pds_v5_US East_2': 40, 'D2pds_v5_US East_3': 40, 'D2plds_v5_US East_1': 40, 'D2plds_v5_US East_2': 40, 'D2plds_v5_US East_3': 40, 'D2pls_v5_US East_1': 40, 'D2pls_v5_US East_2': 40, 'D2pls_v5_US East_3': 40, 'D2ps_v5_US East_1': 40, 'D2ps_v5_US East_2': 40, 'D2ps_v5_US East_3': 40, 'D32ads_v6_US East_1': 40, 'D32ads_v6_US East_2': 40, 'D32alds_v6_US East_1': 40, 'D32alds_v6_US East_3': 40, 'D32als_v6_US East_1': 40, 'D32als_v6_US East_2': 40, 'D32as_v6_US East_1': 40, 'D32as_v6_US East_2': 40, 'D32plds_v5_US East_3': 40, 'D32pls_v5_US East_1': 40, 'D48ads_v6_US East_2': 40, 'D48alds_v6_US East_3': 40, 'D48als_v6_US East_1': 40, 'D48als_v6_US East_3': 40, 'D4ads_v6_US East_1': 40, 'D4ads_v6_US East_2': 40, 'D4ads_v6_US East_3': 40, 'D4alds_v6_US East_1': 40, 'D4alds_v6_US East_2': 40, 'D4alds_v6_US East_3': 40, 'D4als_v6_US East_1': 40, 'D4als_v6_US East_2': 40, 'D4als_v6_US East_3': 40, 'D4as_v6_US East_1': 40, 'D4as_v6_US East_2': 40, 'D4as_v6_US East_3': 40, 'D4pds_v5_US East_1': 40, 'D4pds_v5_US East_2': 40, 'D4pds_v5_US East_3': 40, 'D4plds_v5_US East_1': 40, 'D4plds_v5_US East_2': 40, 'D4plds_v5_US East_3': 40, 'D4pls_v5_US East_1': 40, 'D4pls_v5_US East_2': 40, 'D4pls_v5_US East_3': 40, 'D4ps_v5_US East_1': 40, 'D4ps_v5_US East_2': 40, 'D4ps_v5_US East_3': 40, 'D64ads_v6_US East_3': 40, 'D64alds_v6_US East_3': 40, 'D64als_v6_US East_3': 40, 'D64as_v6_US East_3': 40, 'D8ads_v6_US East_1': 40, 'D8ads_v6_US East_3': 40, 'D8alds_v6_US East_1': 40, 'D8alds_v6_US East_3': 40, 'D8als_v6_US East_2': 40, 'D8als_v6_US East_3': 40, 'D8as_v6_US East_1': 40, 'D8as_v6_US East_2': 40, 'D8plds_v5_US East_1': 40, 'D8plds_v5_US East_2': 40, 'D8plds_v5_US East_3': 40, 'D8pls_v5_US East_1': 40, 'D8pls_v5_US East_2': 40, 'D8pls_v5_US East_3': 40, 'D8ps_v5_US East_1': 40, 'D8ps_v5_US East_2': 40, 'D8ps_v5_US East_3': 40, 'D96ads_v6_US East_3': 40, 'D96alds_v6_US East_3': 40, 'D96als_v6_US East_2': 40, 'D96as_v6_US East_3': 40, 'E16ads_v6_US East_2': 40, 'E16ads_v6_US East_3': 40, 'E16as_v6_US East_1': 40, 'E16as_v6_US East_3': 40, 'E20ads_v6_US East_2': 40, 'E20ads_v6_US East_3': 40, 'E20as_v6_US East_2': 40, 'E20as_v6_US East_3': 40, 'E2ads_v6_US East_1': 40, 'E2ads_v6_US East_2': 40, 'E2ads_v6_US East_3': 40, 'E2as_v6_US East_1': 40, 'E2as_v6_US East_2': 40, 'E2as_v6_US East_3': 40, 'E2ps_v5_US East_1': 40, 'E2ps_v5_US East_2': 40, 'E2ps_v5_US East_3': 40, 'E32ads_v6_US East_2': 40, 'E32as_v6_US East_3': 40, 'E48ads_v6_US East_3': 40, 'E48as_v6_US East_2': 40, 'E4ads_v6_US East_2': 40, 'E4ads_v6_US East_3': 40, 'E4as_v6_US East_1': 40, 'E4as_v6_US East_3': 40, 'E4ps_v5_US East_1': 40, 'E4ps_v5_US East_2': 40, 'E4ps_v5_US East_3': 40, 'E64ads_v6_US East_1': 40, 'E64as_v6_US East_3': 40, 'E8ads_v6_US East_1': 40, 'E8ads_v6_US East_2': 40, 'E8as_v6_US East_1': 40, 'E8as_v6_US East_2': 40, 'E8ps_v5_US East_3': 40, 'E96-24ads_v6_US East_3': 40, 'E96-48ads_v6_US East_3': 40, 'E96ads_v6_US East_3': 40, 'E96as_v6_US East_3': 40, 'F16als_v6_US East_1': 40, 'F16als_v6_US East_3': 40, 'F16ams_v6_US East_2': 40, 'F16ams_v6_US East_3': 40, 'F16as_v6_US East_2': 40, 'F16as_v6_US East_3': 40, 'F2als_v6_US East_1': 40, 'F2als_v6_US East_2': 40, 'F2als_v6_US East_3': 40, 'F2ams_v6_US East_1': 40, 'F2ams_v6_US East_2': 40, 'F2ams_v6_US East_3': 40, 'F2as_v6_US East_1': 40, 'F2as_v6_US East_2': 40, 'F2as_v6_US East_3': 40, 'F32als_v6_US East_1': 40, 'F32ams_v6_US East_2': 40, 'F32as_v6_US East_2': 40, 'F48als_v6_US East_1': 40, 'F48ams_v6_US East_2': 40, 'F48as_v6_US East_2': 40, 'F4als_v6_US East_2': 40, 'F4als_v6_US East_3': 40, 'F4ams_v6_US East_2': 40, 'F4ams_v6_US East_3': 40, 'F4as_v6_US East_1': 40, 'F4as_v6_US East_3': 40, 'F64als_v6_US East_3': 40, 'F64ams_v6_US East_1': 40, 'F64as_v6_US East_3': 40, 'F8als_v6_US East_2': 40, 'F8als_v6_US East_3': 40, 'F8ams_v6_US East_2': 40, 'F8ams_v6_US East_3': 40, 'F8as_v6_US East_2': 40, 'F8as_v6_US East_3': 40, 'M16-4ms_US East_1': 40, 'M16-4ms_US East_2': 40, 'M16-4ms_US East_3': 40, 'M16-8ms_US East_1': 40, 'M16-8ms_US East_2': 40, 'M16-8ms_US East_3': 40, 'M16ms_US East_1': 40, 'M16ms_US East_2': 40, 'M16ms_US East_3': 40, 'M32-16ms_US East_1': 40, 'M32-16ms_US East_3': 40, 'M32-8ms_US East_1': 40, 'M32-8ms_US East_3': 40, 'M32dms_v2_US East_1': 40, 'M32dms_v2_US East_2': 40, 'M32dms_v2_US East_3': 40, 'M32ls_US East_1': 40, 'M32ls_US East_2': 40, 'M32ls_US East_3': 40, 'M32ms_US East_2': 40, 'M32ms_US East_3': 40, 'M32ms_v2_US East_1': 40, 'M32ms_v2_US East_2': 40, 'M32ms_v2_US East_3': 40, 'M32ts_US East_1': 40, 'M32ts_US East_2': 40, 'M32ts_US East_3': 40, 'M64s_v2_US East_3': 40, 'M8-2ms_US East_1': 40, 'M8-2ms_US East_2': 40, 'M8-2ms_US East_3': 40, 'M8-4ms_US East_1': 40, 'M8-4ms_US East_2': 40, 'M8-4ms_US East_3': 40, 'M8ms_US East_1': 40, 'M8ms_US East_2': 40, 'M8ms_US East_3': 40, 'NV4as_v4_US East_1': 40, 'NV4as_v4_US East_2': 40, 'NV4as_v4_US East_3': 40, 'NV8as_v4_US East_1': 40, 'NV8as_v4_US East_2': 40, 'NV8as_v4_US East_3': 40}"
0.99,2651.5708400000008,2169304057,818120.3475597128,80200,80190,"{'B16pls_v2_US East_1': 40, 'B16pls_v2_US East_2': 40, 'B16pls_v2_US East_3': 40, 'B16ps_v2_US East_3': 40, 'B2pls_v2_US East_1': 40, 'B2pls_v2_US East_2': 40, 'B2pls_v2_US East_3': 40, 'B2ps_v2_US East_1': 40, 'B2ps_v2_US East_2': 40, 'B2ps_v2_US East_3': 40, 'B4pls_v2_US East_1': 40, 'B4pls_v2_US East_2': 40, 'B4pls_v2_US East_3': 40, 'B4ps_v2_US East_1': 40, 'B4ps_v2_US East_2': 40, 'B4ps_v2_US East_3': 40, 'B8pls_v2_US East_1': 40, 'B8pls_v2_US East_2': 40, 'B8pls_v2_US East_3': 40, 'B8ps_v2_US East_1': 40, 'B8ps_v2_US East_2': 40, 'B8ps_v2_US East_3': 40, 'D16ads_v6_US East_2': 40, 'D16ads_v6_US East_3': 40, 'D16alds_v6_US East_1': 40, 'D16alds_v6_US East_2': 40, 'D16als_v6_US East_2': 40, 'D16als_v6_US East_3': 40, 'D16as_v6_US East_2': 40, 'D16as_v6_US East_3': 40, 'D16pds_v5_US East_2': 40, 'D16plds_v5_US East_2': 40, 'D16plds_v5_US East_3': 40, 'D16pls_v5_US East_1': 40, 'D16pls_v5_US East_3': 40, 'D16ps_v5_US East_2': 40, 'D2ads_v6_US East_1': 40, 'D2ads_v6_US East_2': 40, 'D2ads_v6_US East_3': 40, 'D2alds_v6_US East_1': 40, 'D2alds_v6_US East_2': 40, 'D2alds_v6_US East_3': 40, 'D2als_v6_US East_1': 40, 'D2als_v6_US East_2': 40, 'D2als_v6_US East_3': 40, 'D2as_v6_US East_1': 40, 'D2as_v6_US East_2': 40, 'D2as_v6_US East_3': 40, 'D2pds_v5_US East_1': 40, 'D2pds_v5_US East_2': 40, 'D2pds_v5_US East_3': 40, 'D2plds_v5_US East_1': 40, 'D2plds_v5_US East_2': 40, 'D2plds_v5_US East_3': 40, 'D2pls_v5_US East_1': 40, 'D2pls_v5_US East_2': 40, 'D2pls_v5_US East_3': 40, 'D2ps_v5_US East_1': 40, 'D2ps_v5_US East_2': 40, 'D2ps_v5_US East_3': 40, 'D32ads_v6_US East_1': 40, 'D32ads_v6_US East_2': 40, 'D32alds_v6_US East_1': 40, 'D32alds_v6_US East_3': 40, 'D32als_v6_US East_1': 40, 'D32als_v6_US East_2': 40, 'D32as_v6_US East_1': 40, 'D32as_v6_US East_2': 40, 'D32plds_v5_US East_3': 40, 'D32pls_v5_US East_1': 40, 'D48ads_v6_US East_2': 40, 'D48alds_v6_US East_3': 40, 'D48als_v6_US East_1': 40, 'D48als_v6_US East_3': 40, 'D4ads_v6_US East_1': 40, 'D4ads_v6_US East_2': 40, 'D4ads_v6_US East_3': 40, 'D4alds_v6_US East_1': 40, 'D4alds_v6_US East_2': 40, 'D4alds_v6_US East_3': 40, 'D4als_v6_US East_1': 40, 'D4als_v6_US East_2': 40, 'D4als_v6_US East_3': 40, 'D4as_v6_US East_1': 40, 'D4as_v6_US East_2': 40, 'D4as_v6_US East_3': 40, 'D4pds_v5_US East_1': 40, 'D4pds_v5_US East_2': 40, 'D4pds_v5_US East_3': 40, 'D4plds_v5_US East_1': 40, 'D4plds_v5_US East_2': 40, 'D4plds_v5_US East_3': 40, 'D4pls_v5_US East_1': 40, 'D4pls_v5_US East_2': 40, 'D4pls_v5_US East_3': 40, 'D4ps_v5_US East_1': 40, 'D4ps_v5_US East_2': 40, 'D4ps_v5_US East_3': 40, 'D64ads_v6_US East_3': 40, 'D64alds_v6_US East_3': 40, 'D64als_v6_US East_3': 40, 'D64as_v6_US East_3': 40, 'D8ads_v6_US East_1': 40, 'D8ads_v6_US East_3': 40, 'D8alds_v6_US East_1': 40, 'D8alds_v6_US East_3': 40, 'D8als_v6_US East_2': 40, 'D8als_v6_US East_3': 40, 'D8as_v6_US East_1': 40, 'D8as_v6_US East_2': 40, 'D8plds_v5_US East_1': 40, 'D8plds_v5_US East_2': 40, 'D8plds_v5_US East_3': 40, 'D8pls_v5_US East_1': 40, 'D8pls_v5_US East_2': 40, 'D8pls_v5_US East_3': 40, 'D8ps_v5_US East_1': 40, 'D8ps_v5_US East_2': 40, 'D8ps_v5_US East_3': 40, 'D96ads_v6_US East_3': 40, 'D96alds_v6_US East_3': 40, 'D96als_v6_US East_2': 40, 'D96as_v6_US East_3': 40, 'E16ads_v6_US East_2': 40, 'E16ads_v6_US East_3': 40, 'E16as_v6_US East_1': 40, 'E16as_v6_US East_3': 40, 'E20ads_v6_US East_2': 40, 'E20ads_v6_US East_3': 40, 'E20as_v6_US East_2': 40, 'E20as_v6_US East_3': 40, 'E2ads_v6_US East_1': 40, 'E2ads_v6_US East_2': 40, 'E2ads_v6_US East_3': 40, 'E2as_v6_US East_1': 40, 'E2as_v6_US East_2': 40, 'E2as_v6_US East_3': 40, 'E2ps_v5_US East_1': 40, 'E2ps_v5_US East_2': 40, 'E2ps_v5_US East_3': 40, 'E32ads_v6_US East_2': 40, 'E32as_v6_US East_3': 40, 'E48ads_v6_US East_3': 40, 'E48as_v6_US East_2': 40, 'E4ads_v6_US East_2': 40, 'E4ads_v6_US East_3': 40, 'E4as_v6_US East_1': 40, 'E4as_v6_US East_3': 40, 'E4ps_v5_US East_1': 40, 'E4ps_v5_US East_2': 40, 'E4ps_v5_US East_3': 40, 'E64ads_v6_US East_1': 40, 'E64as_v6_US East_3': 40, 'E8ads_v6_US East_1': 40, 'E8ads_v6_US East_2': 40, 'E8as_v6_US East_1': 40, 'E8as_v6_US East_2': 40, 'E8ps_v5_US East_3': 40, 'E96-24ads_v6_US East_3': 40, 'E96-48ads_v6_US East_3': 40, 'E96ads_v6_US East_3': 40, 'E96as_v6_US East_3': 40, 'F16als_v6_US East_1': 40, 'F16als_v6_US East_3': 40, 'F16ams_v6_US East_2': 40, 'F16ams_v6_US East_3': 40, 'F16as_v6_US East_2': 40, 'F16as_v6_US East_3': 40, 'F2als_v6_US East_1': 40, 'F2als_v6_US East_2': 40, 'F2als_v6_US East_3': 40, 'F2ams_v6_US East_1': 40, 'F2ams_v6_US East_2': 40, 'F2ams_v6_US East_3': 40, 'F2as_v6_US East_1': 40, 'F2as_v6_US East_2': 40, 'F2as_v6_US East_3': 40, 'F32als_v6_US East_1': 40, 'F32ams_v6_US East_2': 40, 'F32as_v6_US East_2': 40, 'F48als_v6_US East_1': 40, 'F48ams_v6_US East_2': 40, 'F48as_v6_US East_2': 40, 'F4als_v6_US East_2': 40, 'F4als_v6_US East_3': 40, 'F4ams_v6_US East_2': 40, 'F4ams_v6_US East_3': 40, 'F4as_v6_US East_1': 40, 'F4as_v6_US East_3': 40, 'F64als_v6_US East_3': 40, 'F64ams_v6_US East_1': 40, 'F64as_v6_US East_3': 40, 'F8als_v6_US East_2': 40, 'F8als_v6_US East_3': 40, 'F8ams_v6_US East_2': 40, 'F8ams_v6_US East_3': 40, 'F8as_v6_US East_2': 40, 'F8as_v6_US East_3': 40, 'M16-4ms_US East_1': 40, 'M16-4ms_US East_2': 40, 'M16-4ms_US East_3': 40, 'M16-8ms_US East_1': 40, 'M16-8ms_US East_2': 40, 'M16-8ms_US East_3': 40, 'M16ms_US East_1': 40, 'M16ms_US East_2': 40, 'M16ms_US East_3': 40, 'M32-16ms_US East_1': 40, 'M32-16ms_US East_3': 40, 'M32-8ms_US East_1': 40, 'M32-8ms_US East_3': 40, 'M32dms_v2_US East_1': 40, 'M32dms_v2_US East_2': 40, 'M32dms_v2_US East_3': 40, 'M32ls_US East_1': 40, 'M32ls_US East_2': 40, 'M32ls_US East_3': 40, 'M32ms_US East_2': 40, 'M32ms_US East_3': 40, 'M32ms_v2_US East_1': 40, 'M32ms_v2_US East_2': 40, 'M32ms_v2_US East_3': 40, 'M32ts_US East_1': 40, 'M32ts_US East_2': 40, 'M32ts_US East_3': 40, 'M64s_v2_US East_3': 40, 'M8-2ms_US East_1': 40, 'M8-2ms_US East_2': 40, 'M8-2ms_US East_3': 40, 'M8-4ms_US East_1': 40, 'M8-4ms_US East_2': 40, 'M8-4ms_US East_3': 40, 'M8ms_US East_1': 40, 'M8ms_US East_2': 40, 'M8ms_US East_3': 40, 'NV4as_v4_US East_1': 40, 'NV4as_v4_US East_2': 40, 'NV4as_v4_US East_3': 40, 'NV8as_v4_US East_1': 40, 'NV8as_v4_US East_2': 40, 'NV8as_v4_US East_3': 40}"
1.0,2651.5708400000008,2169304057,818120.3475597128,80200,80190,"{'B16pls_v2_US East_1': 40, 'B16pls_v2_US East_2': 40, 'B16pls_v2_US East_3': 40, 'B16ps_v2_US East_3': 40, 'B2pls_v2_US East_1': 40, 'B2pls_v2_US East_2': 40, 'B2pls_v2_US East_3': 40, 'B2ps_v2_US East_1': 40, 'B2ps_v2_US East_2': 40, 'B2ps_v2_US East_3': 40, 'B4pls_v2_US East_1': 40, 'B4pls_v2_US East_2': 40, 'B4pls_v2_US East_3': 40, 'B4ps_v2_US East_1': 40, 'B4ps_v2_US East_2': 40, 'B4ps_v2_US East_3': 40, 'B8pls_v2_US East_1': 40, 'B8pls_v2_US East_2': 40, 'B8pls_v2_US East_3': 40, 'B8ps_v2_US East_1': 40, 'B8ps_v2_US East_2': 40, 'B8ps_v2_US East_3': 40, 'D16ads_v6_US East_2': 40, 'D16ads_v6_US East_3': 40, 'D16alds_v6_US East_1': 40, 'D16alds_v6_US East_2': 40, 'D16als_v6_US East_2': 40, 'D16als_v6_US East_3': 40, 'D16as_v6_US East_2': 40, 'D16as_v6_US East_3': 40, 'D16pds_v5_US East_2': 40, 'D16plds_v5_US East_2': 40, 'D16plds_v5_US East_3': 40, 'D16pls_v5_US East_1': 40, 'D16pls_v5_US East_3': 40, 'D16ps_v5_US East_2': 40, 'D2ads_v6_US East_1': 40, 'D2ads_v6_US East_2': 40, 'D2ads_v6_US East_3': 40, 'D2alds_v6_US East_1': 40, 'D2alds_v6_US East_2': 40, 'D2alds_v6_US East_3': 40, 'D2als_v6_US East_1': 40, 'D2als_v6_US East_2': 40, 'D2als_v6_US East_3': 40, 'D2as_v6_US East_1': 40, 'D2as_v6_US East_2': 40, 'D2as_v6_US East_3': 40, 'D2pds_v5_US East_1': 40, 'D2pds_v5_US East_2': 40, 'D2pds_v5_US East_3': 40, 'D2plds_v5_US East_1': 40, 'D2plds_v5_US East_2': 40, 'D2plds_v5_US East_3': 40, 'D2pls_v5_US East_1': 40, 'D2pls_v5_US East_2': 40, 'D2pls_v5_US East_3': 40, 'D2ps_v5_US East_1': 40, 'D2ps_v5_US East_2': 40, 'D2ps_v5_US East_3': 40, 'D32ads_v6_US East_1': 40, 'D32ads_v6_US East_2': 40, 'D32alds_v6_US East_1': 40, 'D32alds_v6_US East_3': 40, 'D32als_v6_US East_1': 40, 'D32als_v6_US East_2': 40, 'D32as_v6_US East_1': 40, 'D32as_v6_US East_2': 40, 'D32plds_v5_US East_3': 40, 'D32pls_v5_US East_1': 40, 'D48ads_v6_US East_2': 40, 'D48alds_v6_US East_3': 40, 'D48als_v6_US East_1': 40, 'D48als_v6_US East_3': 40, 'D4ads_v6_US East_1': 40, 'D4ads_v6_US East_2': 40, 'D4ads_v6_US East_3': 40, 'D4alds_v6_US East_1': 40, 'D4alds_v6_US East_2': 40, 'D4alds_v6_US East_3': 40, 'D4als_v6_US East_1': 40, 'D4als_v6_US East_2': 40, 'D4als_v6_US East_3': 40, 'D4as_v6_US East_1': 40, 'D4as_v6_US East_2': 40, 'D4as_v6_US East_3': 40, 'D4pds_v5_US East_1': 40, 'D4pds_v5_US East_2': 40, 'D4pds_v5_US East_3': 40, 'D4plds_v5_US East_1': 40, 'D4plds_v5_US East_2': 40, 'D4plds_v5_US East_3': 40, 'D4pls_v5_US East_1': 40, 'D4pls_v5_US East_2': 40, 'D4pls_v5_US East_3': 40, 'D4ps_v5_US East_1': 40, 'D4ps_v5_US East_2': 40, 'D4ps_v5_US East_3': 40, 'D64ads_v6_US East_3': 40, 'D64alds_v6_US East_3': 40, 'D64als_v6_US East_3': 40, 'D64as_v6_US East_3': 40, 'D8ads_v6_US East_1': 40, 'D8ads_v6_US East_3': 40, 'D8alds_v6_US East_1': 40, 'D8alds_v6_US East_3': 40, 'D8als_v6_US East_2': 40, 'D8als_v6_US East_3': 40, 'D8as_v6_US East_1': 40, 'D8as_v6_US East_2': 40, 'D8plds_v5_US East_1': 40, 'D8plds_v5_US East_2': 40, 'D8plds_v5_US East_3': 40, 'D8pls_v5_US East_1': 40, 'D8pls_v5_US East_2': 40, 'D8pls_v5_US East_3': 40, 'D8ps_v5_US East_1': 40, 'D8ps_v5_US East_2': 40, 'D8ps_v5_US East_3': 40, 'D96ads_v6_US East_3': 40, 'D96alds_v6_US East_3': 40, 'D96als_v6_US East_2': 40, 'D96as_v6_US East_3': 40, 'E16ads_v6_US East_2': 40, 'E16ads_v6_US East_3': 40, 'E16as_v6_US East_1': 40, 'E16as_v6_US East_3': 40, 'E20ads_v6_US East_2': 40, 'E20ads_v6_US East_3': 40, 'E20as_v6_US East_2': 40, 'E20as_v6_US East_3': 40, 'E2ads_v6_US East_1': 40, 'E2ads_v6_US East_2': 40, 'E2ads_v6_US East_3': 40, 'E2as_v6_US East_1': 40, 'E2as_v6_US East_2': 40, 'E2as_v6_US East_3': 40, 'E2ps_v5_US East_1': 40, 'E2ps_v5_US East_2': 40, 'E2ps_v5_US East_3': 40, 'E32ads_v6_US East_2': 40, 'E32as_v6_US East_3': 40, 'E48ads_v6_US East_3': 40, 'E48as_v6_US East_2': 40, 'E4ads_v6_US East_2': 40, 'E4ads_v6_US East_3': 40, 'E4as_v6_US East_1': 40, 'E4as_v6_US East_3': 40, 'E4ps_v5_US East_1': 40, 'E4ps_v5_US East_2': 40, 'E4ps_v5_US East_3': 40, 'E64ads_v6_US East_1': 40, 'E64as_v6_US East_3': 40, 'E8ads_v6_US East_1': 40, 'E8ads_v6_US East_2': 40, 'E8as_v6_US East_1': 40, 'E8as_v6_US East_2': 40, 'E8ps_v5_US East_3': 40, 'E96-24ads_v6_US East_3': 40, 'E96-48ads_v6_US East_3': 40, 'E96ads_v6_US East_3': 40, 'E96as_v6_US East_3': 40, 'F16als_v6_US East_1': 40, 'F16als_v6_US East_3': 40, 'F16ams_v6_US East_2': 40, 'F16ams_v6_US East_3': 40, 'F16as_v6_US East_2': 40, 'F16as_v6_US East_3': 40, 'F2als_v6_US East_1': 40, 'F2als_v6_US East_2': 40, 'F2als_v6_US East_3': 40, 'F2ams_v6_US East_1': 40, 'F2ams_v6_US East_2': 40, 'F2ams_v6_US East_3': 40, 'F2as_v6_US East_1': 40, 'F2as_v6_US East_2': 40, 'F2as_v6_US East_3': 40, 'F32als_v6_US East_1': 40, 'F32ams_v6_US East_2': 40, 'F32as_v6_US East_2': 40, 'F48als_v6_US East_1': 40, 'F48ams_v6_US East_2': 40, 'F48as_v6_US East_2': 40, 'F4als_v6_US East_2': 40, 'F4als_v6_US East_3': 40, 'F4ams_v6_US East_2': 40, 'F4ams_v6_US East_3': 40, 'F4as_v6_US East_1': 40, 'F4as_v6_US East_3': 40, 'F64als_v6_US East_3': 40, 'F64ams_v6_US East_1': 40, 'F64as_v6_US East_3': 40, 'F8als_v6_US East_2': 40, 'F8als_v6_US East_3': 40, 'F8ams_v6_US East_2': 40, 'F8ams_v6_US East_3': 40, 'F8as_v6_US East_2': 40, 'F8as_v6_US East_3': 40, 'M16-4ms_US East_1': 40, 'M16-4ms_US East_2': 40, 'M16-4ms_US East_3': 40, 'M16-8ms_US East_1': 40, 'M16-8ms_US East_2': 40, 'M16-8ms_US East_3': 40, 'M16ms_US East_1': 40, 'M16ms_US East_2': 40, 'M16ms_US East_3': 40, 'M32-16ms_US East_1': 40, 'M32-16ms_US East_3': 40, 'M32-8ms_US East_1': 40, 'M32-8ms_US East_3': 40, 'M32dms_v2_US East_1': 40, 'M32dms_v2_US East_2': 40, 'M32dms_v2_US East_3': 40, 'M32ls_US East_1': 40, 'M32ls_US East_2': 40, 'M32ls_US East_3': 40, 'M32ms_US East_2': 40, 'M32ms_US East_3': 40, 'M32ms_v2_US East_1': 40, 'M32ms_v2_US East_2': 40, 'M32ms_v2_US East_3': 40, 'M32ts_US East_1': 40, 'M32ts_US East_2': 40, 'M32ts_US East_3': 40, 'M64s_v2_US East_3': 40, 'M8-2ms_US East_1': 40, 'M8-2ms_US East_2': 40, 'M8-2ms_US East_3': 40, 'M8-4ms_US East_1': 40, 'M8-4ms_US East_2': 40, 'M8-4ms_US East_3': 40, 'M8ms_US East_1': 40, 'M8ms_US East_2': 40, 'M8ms_US East_3': 40, 'NV4as_v4_US East_1': 40, 'NV4as_v4_US East_2': 40, 'NV4as_v4_US East_3': 40, 'NV8as_v4_US East_1': 40, 'NV8as_v4_US East_2': 40, 'NV8as_v4_US East_3': 40}"
