InstanceType,Region,AZ,SPS,T3,T2,IF,OndemandPrice,SpotPrice,Savings,InstanceFamily,InstanceCategory,InstanceCharacter,vCPU,Memory,CoreMark,CpuModel,ModelName,Vendor
c5.12xlarge,us-east-1,use1-az1,3,50.0,50.0,2.5,2.04,0.6958,65,c5,Computing,c,48.0,96.0,28280.3929114,Intel(R) Xeon(R) Platinum 8275CL CPU @ 3.00GHz,Intel(R) Xeon(R) Platinum 8275CL CPU @ 3.00GHz,Intel
c5.12xlarge,us-east-1,use1-az2,3,50.0,50.0,2.5,2.04,0.6426,68,c5,Computing,c,48.0,96.0,28280.3929114,Intel(R) Xeon(R) Platinum 8275CL CPU @ 3.00GHz,Intel(R) Xeon(R) Platinum 8275CL CPU @ 3.00GHz,Intel
c5.12xlarge,us-east-1,use1-az4,3,50.0,50.0,2.5,2.04,0.6191,69,c5,Computing,c,48.0,96.0,28280.3929114,Intel(R) Xeon(R) Platinum 8275CL CPU @ 3.00GHz,Intel(R) Xeon(R) Platinum 8275CL CPU @ 3.00GHz,Intel
c5.12xlarge,us-east-1,use1-az5,3,50.0,50.0,2.5,2.04,0.735,63,c5,Computing,c,48.0,96.0,28280.3929114,Intel(R) Xeon(R) Platinum 8275CL CPU @ 3.00GHz,Intel(R) Xeon(R) Platinum 8275CL CPU @ 3.00GHz,Intel
c5.12xlarge,us-east-1,use1-az6,3,50.0,50.0,2.5,2.04,0.6555,67,c5,Computing,c,48.0,96.0,28280.3929114,Intel(R) Xeon(R) Platinum 8275CL CPU @ 3.00GHz,Intel(R) Xeon(R) Platinum 8275CL CPU @ 3.00GHz,Intel
c5.18xlarge,us-east-1,use1-az1,3,50.0,50.0,2.5,3.06,0.913,70,c5,Computing,c,72.0,144.0,25753.4321812,Intel(R) Xeon(R) Platinum 8124M CPU @ 3.00GHz,Intel(R) Xeon(R) Platinum 8124M CPU @ 3.00GHz,Intel
c5.18xlarge,us-east-1,use1-az2,3,50.0,50.0,2.5,3.06,0.8178,73,c5,Computing,c,72.0,144.0,25753.4321812,Intel(R) Xeon(R) Platinum 8124M CPU @ 3.00GHz,Intel(R) Xeon(R) Platinum 8124M CPU @ 3.00GHz,Intel
c5.18xlarge,us-east-1,use1-az4,3,50.0,50.0,2.5,3.06,0.7843,74,c5,Computing,c,72.0,144.0,25753.4321812,Intel(R) Xeon(R) Platinum 8124M CPU @ 3.00GHz,Intel(R) Xeon(R) Platinum 8124M CPU @ 3.00GHz,Intel
c5.18xlarge,us-east-1,use1-az5,3,50.0,50.0,2.5,3.06,0.821,73,c5,Computing,c,72.0,144.0,25753.4321812,Intel(R) Xeon(R) Platinum 8124M CPU @ 3.00GHz,Intel(R) Xeon(R) Platinum 8124M CPU @ 3.00GHz,Intel
c5.18xlarge,us-east-1,use1-az6,3,50.0,50.0,2.5,3.06,1.0086,67,c5,Computing,c,72.0,144.0,25753.4321812,Intel(R) Xeon(R) Platinum 8124M CPU @ 3.00GHz,Intel(R) Xeon(R) Platinum 8124M CPU @ 3.00GHz,Intel
c5.24xlarge,us-east-1,use1-az1,3,15.0,20.0,2.5,4.08,1.1884,70,c5,Computing,c,96.0,192.0,28198.69509,Intel(R) Xeon(R) Platinum 8275CL CPU @ 3.00GHz,Intel(R) Xeon(R) Platinum 8275CL CPU @ 3.00GHz,Intel
c5.24xlarge,us-east-1,use1-az2,3,50.0,50.0,2.5,4.08,1.1216,72,c5,Computing,c,96.0,192.0,28198.69509,Intel(R) Xeon(R) Platinum 8275CL CPU @ 3.00GHz,Intel(R) Xeon(R) Platinum 8275CL CPU @ 3.00GHz,Intel
c5.24xlarge,us-east-1,use1-az4,3,50.0,50.0,2.5,4.08,1.1104,72,c5,Computing,c,96.0,192.0,28198.69509,Intel(R) Xeon(R) Platinum 8275CL CPU @ 3.00GHz,Intel(R) Xeon(R) Platinum 8275CL CPU @ 3.00GHz,Intel
c5.24xlarge,us-east-1,use1-az5,3,50.0,50.0,2.5,4.08,1.37,66,c5,Computing,c,96.0,192.0,28198.69509,Intel(R) Xeon(R) Platinum 8275CL CPU @ 3.00GHz,Intel(R) Xeon(R) Platinum 8275CL CPU @ 3.00GHz,Intel
c5.24xlarge,us-east-1,use1-az6,3,50.0,50.0,2.5,4.08,1.0458,74,c5,Computing,c,96.0,192.0,28198.69509,Intel(R) Xeon(R) Platinum 8275CL CPU @ 3.00GHz,Intel(R) Xeon(R) Platinum 8275CL CPU @ 3.00GHz,Intel
c5.2xlarge,us-east-1,use1-az1,3,50.0,50.0,2.5,0.34,0.1432,57,c5,Computing,c,8.0,16.0,25185.5018574,Intel(R) Xeon(R) Platinum 8124M CPU @ 3.00GHz,Intel(R) Xeon(R) Platinum 8124M CPU @ 3.00GHz,Intel
c5.2xlarge,us-east-1,use1-az2,3,50.0,50.0,2.5,0.34,0.1416,58,c5,Computing,c,8.0,16.0,25185.5018574,Intel(R) Xeon(R) Platinum 8124M CPU @ 3.00GHz,Intel(R) Xeon(R) Platinum 8124M CPU @ 3.00GHz,Intel
c5.2xlarge,us-east-1,use1-az4,3,50.0,50.0,2.5,0.34,0.1443,57,c5,Computing,c,8.0,16.0,25185.5018574,Intel(R) Xeon(R) Platinum 8124M CPU @ 3.00GHz,Intel(R) Xeon(R) Platinum 8124M CPU @ 3.00GHz,Intel
c5.2xlarge,us-east-1,use1-az5,3,50.0,50.0,2.5,0.34,0.1608,52,c5,Computing,c,8.0,16.0,25185.5018574,Intel(R) Xeon(R) Platinum 8124M CPU @ 3.00GHz,Intel(R) Xeon(R) Platinum 8124M CPU @ 3.00GHz,Intel
c5.2xlarge,us-east-1,use1-az6,3,50.0,50.0,2.5,0.34,0.1533,54,c5,Computing,c,8.0,16.0,25185.5018574,Intel(R) Xeon(R) Platinum 8124M CPU @ 3.00GHz,Intel(R) Xeon(R) Platinum 8124M CPU @ 3.00GHz,Intel
c5.4xlarge,us-east-1,use1-az1,3,50.0,50.0,1.0,0.68,0.2809,58,c5,Computing,c,16.0,32.0,25416.9891866,Intel(R) Xeon(R) Platinum 8223CL CPU @ 3.00GHz,Intel(R) Xeon(R) Platinum 8275CL CPU @ 3.00GHz,Intel
c5.4xlarge,us-east-1,use1-az2,3,50.0,50.0,1.0,0.68,0.1837,72,c5,Computing,c,16.0,32.0,25416.9891866,Intel(R) Xeon(R) Platinum 8223CL CPU @ 3.00GHz,Intel(R) Xeon(R) Platinum 8275CL CPU @ 3.00GHz,Intel
c5.4xlarge,us-east-1,use1-az4,3,50.0,50.0,1.0,0.68,0.1944,71,c5,Computing,c,16.0,32.0,25416.9891866,Intel(R) Xeon(R) Platinum 8223CL CPU @ 3.00GHz,Intel(R) Xeon(R) Platinum 8275CL CPU @ 3.00GHz,Intel
c5.4xlarge,us-east-1,use1-az5,3,50.0,50.0,1.0,0.68,0.3003,55,c5,Computing,c,16.0,32.0,25416.9891866,Intel(R) Xeon(R) Platinum 8223CL CPU @ 3.00GHz,Intel(R) Xeon(R) Platinum 8275CL CPU @ 3.00GHz,Intel
c5.4xlarge,us-east-1,use1-az6,3,50.0,50.0,1.0,0.68,0.2086,69,c5,Computing,c,16.0,32.0,25416.9891866,Intel(R) Xeon(R) Platinum 8223CL CPU @ 3.00GHz,Intel(R) Xeon(R) Platinum 8275CL CPU @ 3.00GHz,Intel
c5.9xlarge,us-east-1,use1-az1,3,50.0,50.0,3.0,1.53,0.6957,54,c5,Computing,c,36.0,72.0,25775.331019800004,Intel(R) Xeon(R) Platinum 8124M CPU @ 3.00GHz,Intel(R) Xeon(R) Platinum 8124M CPU @ 3.00GHz,Intel
c5.9xlarge,us-east-1,use1-az2,3,50.0,50.0,3.0,1.53,0.651,57,c5,Computing,c,36.0,72.0,25775.331019800004,Intel(R) Xeon(R) Platinum 8124M CPU @ 3.00GHz,Intel(R) Xeon(R) Platinum 8124M CPU @ 3.00GHz,Intel
c5.9xlarge,us-east-1,use1-az4,3,50.0,50.0,3.0,1.53,0.5943,61,c5,Computing,c,36.0,72.0,25775.331019800004,Intel(R) Xeon(R) Platinum 8124M CPU @ 3.00GHz,Intel(R) Xeon(R) Platinum 8124M CPU @ 3.00GHz,Intel
c5.9xlarge,us-east-1,use1-az5,3,50.0,50.0,3.0,1.53,0.6069,60,c5,Computing,c,36.0,72.0,25775.331019800004,Intel(R) Xeon(R) Platinum 8124M CPU @ 3.00GHz,Intel(R) Xeon(R) Platinum 8124M CPU @ 3.00GHz,Intel
c5.9xlarge,us-east-1,use1-az6,3,50.0,50.0,3.0,1.53,0.6356,58,c5,Computing,c,36.0,72.0,25775.331019800004,Intel(R) Xeon(R) Platinum 8124M CPU @ 3.00GHz,Intel(R) Xeon(R) Platinum 8124M CPU @ 3.00GHz,Intel
c5.large,us-east-1,use1-az1,3,50.0,50.0,2.5,0.085,0.0362,57,c5,Computing,c,2.0,4.0,25334.1638072,Intel(R) Xeon(R) Platinum 8124M CPU @ 3.00GHz,Intel(R) Xeon(R) Platinum 8124M CPU @ 3.00GHz,Intel
c5.large,us-east-1,use1-az2,3,50.0,50.0,2.5,0.085,0.0322,62,c5,Computing,c,2.0,4.0,25334.1638072,Intel(R) Xeon(R) Platinum 8124M CPU @ 3.00GHz,Intel(R) Xeon(R) Platinum 8124M CPU @ 3.00GHz,Intel
c5.large,us-east-1,use1-az4,3,50.0,50.0,2.5,0.085,0.0335,60,c5,Computing,c,2.0,4.0,25334.1638072,Intel(R) Xeon(R) Platinum 8124M CPU @ 3.00GHz,Intel(R) Xeon(R) Platinum 8124M CPU @ 3.00GHz,Intel
c5.large,us-east-1,use1-az5,3,50.0,50.0,2.5,0.085,0.0328,61,c5,Computing,c,2.0,4.0,25334.1638072,Intel(R) Xeon(R) Platinum 8124M CPU @ 3.00GHz,Intel(R) Xeon(R) Platinum 8124M CPU @ 3.00GHz,Intel
c5.large,us-east-1,use1-az6,3,50.0,50.0,2.5,0.085,0.0332,60,c5,Computing,c,2.0,4.0,25334.1638072,Intel(R) Xeon(R) Platinum 8124M CPU @ 3.00GHz,Intel(R) Xeon(R) Platinum 8124M CPU @ 3.00GHz,Intel
c5.xlarge,us-east-1,use1-az1,3,50.0,50.0,3.0,0.17,0.0753,55,c5,Computing,c,4.0,8.0,25343.5530924,Intel(R) Xeon(R) Platinum 8124M CPU @ 3.00GHz,Intel(R) Xeon(R) Platinum 8124M CPU @ 3.00GHz,Intel
c5.xlarge,us-east-1,use1-az2,3,50.0,50.0,3.0,0.17,0.0801,52,c5,Computing,c,4.0,8.0,25343.5530924,Intel(R) Xeon(R) Platinum 8124M CPU @ 3.00GHz,Intel(R) Xeon(R) Platinum 8124M CPU @ 3.00GHz,Intel
c5.xlarge,us-east-1,use1-az4,3,50.0,50.0,3.0,0.17,0.081,52,c5,Computing,c,4.0,8.0,25343.5530924,Intel(R) Xeon(R) Platinum 8124M CPU @ 3.00GHz,Intel(R) Xeon(R) Platinum 8124M CPU @ 3.00GHz,Intel
c5.xlarge,us-east-1,use1-az5,3,50.0,50.0,3.0,0.17,0.067,60,c5,Computing,c,4.0,8.0,25343.5530924,Intel(R) Xeon(R) Platinum 8124M CPU @ 3.00GHz,Intel(R) Xeon(R) Platinum 8124M CPU @ 3.00GHz,Intel
c5.xlarge,us-east-1,use1-az6,3,50.0,50.0,3.0,0.17,0.0777,54,c5,Computing,c,4.0,8.0,25343.5530924,Intel(R) Xeon(R) Platinum 8124M CPU @ 3.00GHz,Intel(R) Xeon(R) Platinum 8124M CPU @ 3.00GHz,Intel
c5a.12xlarge,us-east-1,use1-az1,3,10.0,15.0,2.5,1.848,0.6001,67,c5a,Computing,c,48.0,96.0,25686.3364664,AMD EPYC 7R32,AMD EPYC 7R32,AMD
c5a.12xlarge,us-east-1,use1-az2,3,15.0,20.0,2.5,1.848,0.7499,59,c5a,Computing,c,48.0,96.0,25686.3364664,AMD EPYC 7R32,AMD EPYC 7R32,AMD
c5a.12xlarge,us-east-1,use1-az4,3,30.0,45.0,2.5,1.848,0.7381,60,c5a,Computing,c,48.0,96.0,25686.3364664,AMD EPYC 7R32,AMD EPYC 7R32,AMD
c5a.12xlarge,us-east-1,use1-az5,3,20.0,30.0,2.5,1.848,0.8133,55,c5a,Computing,c,48.0,96.0,25686.3364664,AMD EPYC 7R32,AMD EPYC 7R32,AMD
c5a.12xlarge,us-east-1,use1-az6,3,15.0,20.0,2.5,1.848,0.9504,48,c5a,Computing,c,48.0,96.0,25686.3364664,AMD EPYC 7R32,AMD EPYC 7R32,AMD
c5a.16xlarge,us-east-1,use1-az1,3,1.0,1.0,1.0,2.464,0.8391,65,c5a,Computing,c,64.0,128.0,25261.390485400003,AMD EPYC 7R32,AMD EPYC 7R32,AMD
c5a.16xlarge,us-east-1,use1-az2,3,1.0,5.0,1.0,2.464,1.0609,56,c5a,Computing,c,64.0,128.0,25261.390485400003,AMD EPYC 7R32,AMD EPYC 7R32,AMD
c5a.16xlarge,us-east-1,use1-az4,3,5.0,10.0,1.0,2.464,1.1352,53,c5a,Computing,c,64.0,128.0,25261.390485400003,AMD EPYC 7R32,AMD EPYC 7R32,AMD
c5a.16xlarge,us-east-1,use1-az5,3,1.0,5.0,1.0,2.464,1.1488,53,c5a,Computing,c,64.0,128.0,25261.390485400003,AMD EPYC 7R32,AMD EPYC 7R32,AMD
c5a.16xlarge,us-east-1,use1-az6,3,5.0,10.0,1.0,2.464,1.1343,53,c5a,Computing,c,64.0,128.0,25261.390485400003,AMD EPYC 7R32,AMD EPYC 7R32,AMD
c5a.24xlarge,us-east-1,use1-az1,2,0.0,1.0,2.5,3.696,1.3598,63,c5a,Computing,c,96.0,192.0,25173.024361,AMD EPYC 7R32,AMD EPYC 7R32,AMD
c5a.24xlarge,us-east-1,use1-az2,3,1.0,5.0,2.5,3.696,1.4862,59,c5a,Computing,c,96.0,192.0,25173.024361,AMD EPYC 7R32,AMD EPYC 7R32,AMD
c5a.24xlarge,us-east-1,use1-az4,3,10.0,15.0,2.5,3.696,1.4703,60,c5a,Computing,c,96.0,192.0,25173.024361,AMD EPYC 7R32,AMD EPYC 7R32,AMD
c5a.24xlarge,us-east-1,use1-az5,3,5.0,10.0,2.5,3.696,1.5566,57,c5a,Computing,c,96.0,192.0,25173.024361,AMD EPYC 7R32,AMD EPYC 7R32,AMD
c5a.24xlarge,us-east-1,use1-az6,3,5.0,5.0,2.5,3.696,1.501,59,c5a,Computing,c,96.0,192.0,25173.024361,AMD EPYC 7R32,AMD EPYC 7R32,AMD
c5a.2xlarge,us-east-1,use1-az1,3,15.0,35.0,2.5,0.308,0.1411,54,c5a,Computing,c,8.0,16.0,25707.401216,AMD EPYC 7R32,AMD EPYC 7R32,AMD
c5a.2xlarge,us-east-1,use1-az2,3,50.0,50.0,2.5,0.308,0.1401,54,c5a,Computing,c,8.0,16.0,25707.401216,AMD EPYC 7R32,AMD EPYC 7R32,AMD
c5a.2xlarge,us-east-1,use1-az4,3,50.0,50.0,2.5,0.308,0.1514,50,c5a,Computing,c,8.0,16.0,25707.401216,AMD EPYC 7R32,AMD EPYC 7R32,AMD
c5a.2xlarge,us-east-1,use1-az5,3,50.0,50.0,2.5,0.308,0.1359,55,c5a,Computing,c,8.0,16.0,25707.401216,AMD EPYC 7R32,AMD EPYC 7R32,AMD
c5a.2xlarge,us-east-1,use1-az6,3,50.0,50.0,2.5,0.308,0.1523,50,c5a,Computing,c,8.0,16.0,25707.401216,AMD EPYC 7R32,AMD EPYC 7R32,AMD
c5a.4xlarge,us-east-1,use1-az1,3,10.0,15.0,2.5,0.616,0.2778,54,c5a,Computing,c,16.0,32.0,25652.725096799997,AMD EPYC 7R32,AMD EPYC 7R32,AMD
c5a.4xlarge,us-east-1,use1-az2,3,50.0,50.0,2.5,0.616,0.2766,55,c5a,Computing,c,16.0,32.0,25652.725096799997,AMD EPYC 7R32,AMD EPYC 7R32,AMD
c5a.4xlarge,us-east-1,use1-az4,3,50.0,50.0,2.5,0.616,0.3113,49,c5a,Computing,c,16.0,32.0,25652.725096799997,AMD EPYC 7R32,AMD EPYC 7R32,AMD
c5a.4xlarge,us-east-1,use1-az5,3,25.0,40.0,2.5,0.616,0.3022,50,c5a,Computing,c,16.0,32.0,25652.725096799997,AMD EPYC 7R32,AMD EPYC 7R32,AMD
c5a.4xlarge,us-east-1,use1-az6,3,50.0,50.0,2.5,0.616,0.3021,50,c5a,Computing,c,16.0,32.0,25652.725096799997,AMD EPYC 7R32,AMD EPYC 7R32,AMD
c5a.8xlarge,us-east-1,use1-az1,3,5.0,5.0,2.0,1.232,0.4924,60,c5a,Computing,c,32.0,64.0,25695.0604604,AMD EPYC 7R32,AMD EPYC 7R32,AMD
c5a.8xlarge,us-east-1,use1-az2,3,35.0,50.0,2.0,1.232,0.5401,56,c5a,Computing,c,32.0,64.0,25695.0604604,AMD EPYC 7R32,AMD EPYC 7R32,AMD
c5a.8xlarge,us-east-1,use1-az4,3,40.0,50.0,2.0,1.232,0.5897,52,c5a,Computing,c,32.0,64.0,25695.0604604,AMD EPYC 7R32,AMD EPYC 7R32,AMD
c5a.8xlarge,us-east-1,use1-az5,3,25.0,40.0,2.0,1.232,0.5226,57,c5a,Computing,c,32.0,64.0,25695.0604604,AMD EPYC 7R32,AMD EPYC 7R32,AMD
c5a.8xlarge,us-east-1,use1-az6,3,50.0,50.0,2.0,1.232,0.6086,50,c5a,Computing,c,32.0,64.0,25695.0604604,AMD EPYC 7R32,AMD EPYC 7R32,AMD
c5a.large,us-east-1,use1-az1,3,40.0,50.0,2.5,0.077,0.0352,54,c5a,Computing,c,2.0,4.0,25741.5259838,AMD EPYC 7R32,AMD EPYC 7R32,AMD
c5a.large,us-east-1,use1-az2,3,50.0,50.0,2.5,0.077,0.0309,59,c5a,Computing,c,2.0,4.0,25741.5259838,AMD EPYC 7R32,AMD EPYC 7R32,AMD
c5a.large,us-east-1,use1-az4,3,50.0,50.0,2.5,0.077,0.0295,61,c5a,Computing,c,2.0,4.0,25741.5259838,AMD EPYC 7R32,AMD EPYC 7R32,AMD
c5a.large,us-east-1,use1-az5,3,50.0,50.0,2.5,0.077,0.0315,59,c5a,Computing,c,2.0,4.0,25741.5259838,AMD EPYC 7R32,AMD EPYC 7R32,AMD
c5a.large,us-east-1,use1-az6,3,50.0,50.0,2.5,0.077,0.0331,57,c5a,Computing,c,2.0,4.0,25741.5259838,AMD EPYC 7R32,AMD EPYC 7R32,AMD
c5a.xlarge,us-east-1,use1-az1,3,50.0,50.0,3.0,0.154,0.0802,47,c5a,Computing,c,4.0,8.0,25675.7815368,AMD EPYC 7R32,AMD EPYC 7R32,AMD
c5a.xlarge,us-east-1,use1-az2,3,50.0,50.0,3.0,0.154,0.0795,48,c5a,Computing,c,4.0,8.0,25675.7815368,AMD EPYC 7R32,AMD EPYC 7R32,AMD
c5a.xlarge,us-east-1,use1-az4,3,50.0,50.0,3.0,0.154,0.0808,47,c5a,Computing,c,4.0,8.0,25675.7815368,AMD EPYC 7R32,AMD EPYC 7R32,AMD
c5a.xlarge,us-east-1,use1-az5,3,50.0,50.0,3.0,0.154,0.0651,57,c5a,Computing,c,4.0,8.0,25675.7815368,AMD EPYC 7R32,AMD EPYC 7R32,AMD
c5a.xlarge,us-east-1,use1-az6,3,50.0,50.0,3.0,0.154,0.0761,50,c5a,Computing,c,4.0,8.0,25675.7815368,AMD EPYC 7R32,AMD EPYC 7R32,AMD
c5ad.12xlarge,us-east-1,use1-az1,3,1.0,5.0,2.0,2.064,1.0854,47,c5ad,Computing,c,48.0,96.0,25675.4019,AMD EPYC 7R32,AMD EPYC 7R32,AMD
c5ad.12xlarge,us-east-1,use1-az2,3,15.0,25.0,2.0,2.064,0.8599,58,c5ad,Computing,c,48.0,96.0,25675.4019,AMD EPYC 7R32,AMD EPYC 7R32,AMD
c5ad.12xlarge,us-east-1,use1-az4,3,15.0,30.0,2.0,2.064,0.825,60,c5ad,Computing,c,48.0,96.0,25675.4019,AMD EPYC 7R32,AMD EPYC 7R32,AMD
c5ad.12xlarge,us-east-1,use1-az5,3,1.0,1.0,2.0,2.064,0.7577,63,c5ad,Computing,c,48.0,96.0,25675.4019,AMD EPYC 7R32,AMD EPYC 7R32,AMD
c5ad.12xlarge,us-east-1,use1-az6,3,10.0,15.0,2.0,2.064,0.8243,60,c5ad,Computing,c,48.0,96.0,25675.4019,AMD EPYC 7R32,AMD EPYC 7R32,AMD
c5ad.16xlarge,us-east-1,use1-az1,3,1.0,1.0,2.5,2.752,1.6994,38,c5ad,Computing,c,64.0,128.0,25258.0656,AMD EPYC 7R32,AMD EPYC 7R32,AMD
c5ad.16xlarge,us-east-1,use1-az2,3,10.0,15.0,2.5,2.752,1.4204,48,c5ad,Computing,c,64.0,128.0,25258.0656,AMD EPYC 7R32,AMD EPYC 7R32,AMD
c5ad.16xlarge,us-east-1,use1-az4,3,25.0,45.0,2.5,2.752,1.2065,56,c5ad,Computing,c,64.0,128.0,25258.0656,AMD EPYC 7R32,AMD EPYC 7R32,AMD
c5ad.16xlarge,us-east-1,use1-az5,3,1.0,5.0,2.5,2.752,0.8683,68,c5ad,Computing,c,64.0,128.0,25258.0656,AMD EPYC 7R32,AMD EPYC 7R32,AMD
c5ad.16xlarge,us-east-1,use1-az6,3,45.0,50.0,2.5,2.752,1.2241,55,c5ad,Computing,c,64.0,128.0,25258.0656,AMD EPYC 7R32,AMD EPYC 7R32,AMD
c5ad.24xlarge,us-east-1,use1-az1,3,1.0,1.0,2.5,4.128,2.2659,45,c5ad,Computing,c,96.0,192.0,25209.2465,AMD EPYC 7R32,AMD EPYC 7R32,AMD
c5ad.24xlarge,us-east-1,use1-az2,3,10.0,15.0,2.5,4.128,1.754,57,c5ad,Computing,c,96.0,192.0,25209.2465,AMD EPYC 7R32,AMD EPYC 7R32,AMD
c5ad.24xlarge,us-east-1,use1-az4,3,15.0,30.0,2.5,4.128,1.5962,61,c5ad,Computing,c,96.0,192.0,25209.2465,AMD EPYC 7R32,AMD EPYC 7R32,AMD
c5ad.24xlarge,us-east-1,use1-az5,3,5.0,10.0,2.5,4.128,1.1939,71,c5ad,Computing,c,96.0,192.0,25209.2465,AMD EPYC 7R32,AMD EPYC 7R32,AMD
c5ad.24xlarge,us-east-1,use1-az6,3,10.0,15.0,2.5,4.128,1.5711,61,c5ad,Computing,c,96.0,192.0,25209.2465,AMD EPYC 7R32,AMD EPYC 7R32,AMD
c5ad.2xlarge,us-east-1,use1-az1,3,10.0,15.0,2.5,0.344,0.1475,57,c5ad,Computing,c,8.0,16.0,25382.921,AMD EPYC 7R32,AMD EPYC 7R32,AMD
c5ad.2xlarge,us-east-1,use1-az2,3,50.0,50.0,2.5,0.344,0.2196,36,c5ad,Computing,c,8.0,16.0,25382.921,AMD EPYC 7R32,AMD EPYC 7R32,AMD
c5ad.2xlarge,us-east-1,use1-az4,3,50.0,50.0,2.5,0.344,0.1831,46,c5ad,Computing,c,8.0,16.0,25382.921,AMD EPYC 7R32,AMD EPYC 7R32,AMD
c5ad.2xlarge,us-east-1,use1-az5,3,5.0,10.0,2.5,0.344,0.1624,52,c5ad,Computing,c,8.0,16.0,25382.921,AMD EPYC 7R32,AMD EPYC 7R32,AMD
c5ad.2xlarge,us-east-1,use1-az6,3,50.0,50.0,2.5,0.344,0.2189,36,c5ad,Computing,c,8.0,16.0,25382.921,AMD EPYC 7R32,AMD EPYC 7R32,AMD
c5ad.4xlarge,us-east-1,use1-az1,3,10.0,15.0,2.0,0.688,0.3158,54,c5ad,Computing,c,16.0,32.0,25670.1421,AMD EPYC 7R32,AMD EPYC 7R32,AMD
c5ad.4xlarge,us-east-1,use1-az2,3,15.0,35.0,2.0,0.688,0.364,47,c5ad,Computing,c,16.0,32.0,25670.1421,AMD EPYC 7R32,AMD EPYC 7R32,AMD
c5ad.4xlarge,us-east-1,use1-az4,3,25.0,35.0,2.0,0.688,0.3271,52,c5ad,Computing,c,16.0,32.0,25670.1421,AMD EPYC 7R32,AMD EPYC 7R32,AMD
c5ad.4xlarge,us-east-1,use1-az5,3,1.0,1.0,2.0,0.688,0.3448,49,c5ad,Computing,c,16.0,32.0,25670.1421,AMD EPYC 7R32,AMD EPYC 7R32,AMD
c5ad.4xlarge,us-east-1,use1-az6,3,35.0,50.0,2.0,0.688,0.352,48,c5ad,Computing,c,16.0,32.0,25670.1421,AMD EPYC 7R32,AMD EPYC 7R32,AMD
c5ad.8xlarge,us-east-1,use1-az1,1,0.0,0.0,2.0,1.376,0.6908,49,c5ad,Computing,c,32.0,64.0,25690.6216,AMD EPYC 7R32,AMD EPYC 7R32,AMD
c5ad.8xlarge,us-east-1,use1-az2,3,5.0,5.0,2.0,1.376,0.6856,50,c5ad,Computing,c,32.0,64.0,25690.6216,AMD EPYC 7R32,AMD EPYC 7R32,AMD
c5ad.8xlarge,us-east-1,use1-az4,3,5.0,5.0,2.0,1.376,0.6918,49,c5ad,Computing,c,32.0,64.0,25690.6216,AMD EPYC 7R32,AMD EPYC 7R32,AMD
c5ad.8xlarge,us-east-1,use1-az5,3,1.0,1.0,2.0,1.376,0.6376,53,c5ad,Computing,c,32.0,64.0,25690.6216,AMD EPYC 7R32,AMD EPYC 7R32,AMD
c5ad.8xlarge,us-east-1,use1-az6,3,5.0,10.0,2.0,1.376,0.7222,47,c5ad,Computing,c,32.0,64.0,25690.6216,AMD EPYC 7R32,AMD EPYC 7R32,AMD
c5ad.large,us-east-1,use1-az1,3,30.0,50.0,3.0,0.086,0.0409,52,c5ad,Computing,c,2.0,4.0,25722.6759,AMD EPYC 7R32,AMD EPYC 7R32,AMD
c5ad.large,us-east-1,use1-az2,3,50.0,50.0,3.0,0.086,0.0398,53,c5ad,Computing,c,2.0,4.0,25722.6759,AMD EPYC 7R32,AMD EPYC 7R32,AMD
c5ad.large,us-east-1,use1-az4,3,50.0,50.0,3.0,0.086,0.0386,55,c5ad,Computing,c,2.0,4.0,25722.6759,AMD EPYC 7R32,AMD EPYC 7R32,AMD
c5ad.large,us-east-1,use1-az5,3,35.0,50.0,3.0,0.086,0.0321,62,c5ad,Computing,c,2.0,4.0,25722.6759,AMD EPYC 7R32,AMD EPYC 7R32,AMD
c5ad.large,us-east-1,use1-az6,3,50.0,50.0,3.0,0.086,0.0403,53,c5ad,Computing,c,2.0,4.0,25722.6759,AMD EPYC 7R32,AMD EPYC 7R32,AMD
c5ad.xlarge,us-east-1,use1-az1,3,10.0,15.0,2.5,0.172,0.0661,61,c5ad,Computing,c,4.0,8.0,25603.8914,AMD EPYC 7R32,AMD EPYC 7R32,AMD
c5ad.xlarge,us-east-1,use1-az2,3,50.0,50.0,2.5,0.172,0.0818,52,c5ad,Computing,c,4.0,8.0,25603.8914,AMD EPYC 7R32,AMD EPYC 7R32,AMD
c5ad.xlarge,us-east-1,use1-az4,3,30.0,50.0,2.5,0.172,0.0814,52,c5ad,Computing,c,4.0,8.0,25603.8914,AMD EPYC 7R32,AMD EPYC 7R32,AMD
c5ad.xlarge,us-east-1,use1-az5,3,15.0,25.0,2.5,0.172,0.0733,57,c5ad,Computing,c,4.0,8.0,25603.8914,AMD EPYC 7R32,AMD EPYC 7R32,AMD
c5ad.xlarge,us-east-1,use1-az6,3,50.0,50.0,2.5,0.172,0.0935,45,c5ad,Computing,c,4.0,8.0,25603.8914,AMD EPYC 7R32,AMD EPYC 7R32,AMD
c5d.12xlarge,us-east-1,use1-az2,3,5.0,5.0,1.0,2.304,0.777,66,c5d,Computing,c,48.0,96.0,28283.4333,Intel(R) Xeon(R) Platinum 8275CL CPU @ 3.00GHz,Intel(R) Xeon(R) Platinum 8275CL CPU @ 3.00GHz,Intel
c5d.12xlarge,us-east-1,use1-az4,3,5.0,10.0,1.0,2.304,0.7439,67,c5d,Computing,c,48.0,96.0,28283.4333,Intel(R) Xeon(R) Platinum 8275CL CPU @ 3.00GHz,Intel(R) Xeon(R) Platinum 8275CL CPU @ 3.00GHz,Intel
c5d.12xlarge,us-east-1,use1-az6,3,5.0,10.0,1.0,2.304,0.8093,64,c5d,Computing,c,48.0,96.0,28283.4333,Intel(R) Xeon(R) Platinum 8275CL CPU @ 3.00GHz,Intel(R) Xeon(R) Platinum 8275CL CPU @ 3.00GHz,Intel
c5d.18xlarge,us-east-1,use1-az1,3,1.0,1.0,2.5,3.456,1.5451,55,c5d,Computing,c,72.0,144.0,25760.2507,Intel(R) Xeon(R) Platinum 8124M CPU @ 3.00GHz,Intel(R) Xeon(R) Platinum 8124M CPU @ 3.00GHz,Intel
c5d.18xlarge,us-east-1,use1-az2,3,50.0,50.0,2.5,3.456,0.888,74,c5d,Computing,c,72.0,144.0,25760.2507,Intel(R) Xeon(R) Platinum 8124M CPU @ 3.00GHz,Intel(R) Xeon(R) Platinum 8124M CPU @ 3.00GHz,Intel
c5d.18xlarge,us-east-1,use1-az4,3,50.0,50.0,2.5,3.456,1.2933,62,c5d,Computing,c,72.0,144.0,25760.2507,Intel(R) Xeon(R) Platinum 8124M CPU @ 3.00GHz,Intel(R) Xeon(R) Platinum 8124M CPU @ 3.00GHz,Intel
c5d.18xlarge,us-east-1,use1-az5,3,50.0,50.0,2.5,3.456,1.0036,70,c5d,Computing,c,72.0,144.0,25760.2507,Intel(R) Xeon(R) Platinum 8124M CPU @ 3.00GHz,Intel(R) Xeon(R) Platinum 8124M CPU @ 3.00GHz,Intel
c5d.18xlarge,us-east-1,use1-az6,3,50.0,50.0,2.5,3.456,1.2037,65,c5d,Computing,c,72.0,144.0,25760.2507,Intel(R) Xeon(R) Platinum 8124M CPU @ 3.00GHz,Intel(R) Xeon(R) Platinum 8124M CPU @ 3.00GHz,Intel
c5d.24xlarge,us-east-1,use1-az2,3,20.0,40.0,2.0,4.608,1.2944,71,c5d,Computing,c,96.0,192.0,28263.4929,Intel(R) Xeon(R) Platinum 8275CL CPU @ 3.00GHz,Intel(R) Xeon(R) Platinum 8275CL CPU @ 3.00GHz,Intel
c5d.24xlarge,us-east-1,use1-az4,3,40.0,50.0,2.0,4.608,1.2021,73,c5d,Computing,c,96.0,192.0,28263.4929,Intel(R) Xeon(R) Platinum 8275CL CPU @ 3.00GHz,Intel(R) Xeon(R) Platinum 8275CL CPU @ 3.00GHz,Intel
c5d.24xlarge,us-east-1,use1-az6,3,50.0,50.0,2.0,4.608,1.2977,71,c5d,Computing,c,96.0,192.0,28263.4929,Intel(R) Xeon(R) Platinum 8275CL CPU @ 3.00GHz,Intel(R) Xeon(R) Platinum 8275CL CPU @ 3.00GHz,Intel
c5d.2xlarge,us-east-1,use1-az1,3,5.0,15.0,2.0,0.384,0.1867,51,c5d,Computing,c,8.0,16.0,25406.7688,Intel(R) Xeon(R) Platinum 8124M CPU @ 3.00GHz,Intel(R) Xeon(R) Platinum 8124M CPU @ 3.00GHz,Intel
c5d.2xlarge,us-east-1,use1-az2,3,50.0,50.0,2.0,0.384,0.1704,55,c5d,Computing,c,8.0,16.0,25406.7688,Intel(R) Xeon(R) Platinum 8124M CPU @ 3.00GHz,Intel(R) Xeon(R) Platinum 8124M CPU @ 3.00GHz,Intel
c5d.2xlarge,us-east-1,use1-az4,3,50.0,50.0,2.0,0.384,0.1807,52,c5d,Computing,c,8.0,16.0,25406.7688,Intel(R) Xeon(R) Platinum 8124M CPU @ 3.00GHz,Intel(R) Xeon(R) Platinum 8124M CPU @ 3.00GHz,Intel
c5d.2xlarge,us-east-1,use1-az5,3,15.0,30.0,2.0,0.384,0.1636,57,c5d,Computing,c,8.0,16.0,25406.7688,Intel(R) Xeon(R) Platinum 8124M CPU @ 3.00GHz,Intel(R) Xeon(R) Platinum 8124M CPU @ 3.00GHz,Intel
c5d.2xlarge,us-east-1,use1-az6,3,50.0,50.0,2.0,0.384,0.1899,50,c5d,Computing,c,8.0,16.0,25406.7688,Intel(R) Xeon(R) Platinum 8124M CPU @ 3.00GHz,Intel(R) Xeon(R) Platinum 8124M CPU @ 3.00GHz,Intel
c5d.4xlarge,us-east-1,use1-az1,3,10.0,10.0,1.5,0.768,0.4555,40,c5d,Computing,c,16.0,32.0,25389.2496,Intel(R) Xeon(R) Platinum 8124M CPU @ 3.00GHz,Intel(R) Xeon(R) Platinum 8124M CPU @ 3.00GHz,Intel
c5d.4xlarge,us-east-1,use1-az2,3,35.0,50.0,1.5,0.768,0.4054,47,c5d,Computing,c,16.0,32.0,25389.2496,Intel(R) Xeon(R) Platinum 8124M CPU @ 3.00GHz,Intel(R) Xeon(R) Platinum 8124M CPU @ 3.00GHz,Intel
c5d.4xlarge,us-east-1,use1-az4,3,50.0,50.0,1.5,0.768,0.3909,49,c5d,Computing,c,16.0,32.0,25389.2496,Intel(R) Xeon(R) Platinum 8124M CPU @ 3.00GHz,Intel(R) Xeon(R) Platinum 8124M CPU @ 3.00GHz,Intel
c5d.4xlarge,us-east-1,use1-az5,3,5.0,10.0,1.5,0.768,0.4056,47,c5d,Computing,c,16.0,32.0,25389.2496,Intel(R) Xeon(R) Platinum 8124M CPU @ 3.00GHz,Intel(R) Xeon(R) Platinum 8124M CPU @ 3.00GHz,Intel
c5d.4xlarge,us-east-1,use1-az6,3,50.0,50.0,1.5,0.768,0.3709,51,c5d,Computing,c,16.0,32.0,25389.2496,Intel(R) Xeon(R) Platinum 8124M CPU @ 3.00GHz,Intel(R) Xeon(R) Platinum 8124M CPU @ 3.00GHz,Intel
c5d.9xlarge,us-east-1,use1-az1,3,1.0,1.0,2.5,1.728,0.8504,50,c5d,Computing,c,36.0,72.0,25792.6322,Intel(R) Xeon(R) Platinum 8124M CPU @ 3.00GHz,Intel(R) Xeon(R) Platinum 8124M CPU @ 3.00GHz,Intel
c5d.9xlarge,us-east-1,use1-az2,3,30.0,40.0,2.5,1.728,0.6507,62,c5d,Computing,c,36.0,72.0,25792.6322,Intel(R) Xeon(R) Platinum 8124M CPU @ 3.00GHz,Intel(R) Xeon(R) Platinum 8124M CPU @ 3.00GHz,Intel
c5d.9xlarge,us-east-1,use1-az4,3,50.0,50.0,2.5,1.728,0.6937,59,c5d,Computing,c,36.0,72.0,25792.6322,Intel(R) Xeon(R) Platinum 8124M CPU @ 3.00GHz,Intel(R) Xeon(R) Platinum 8124M CPU @ 3.00GHz,Intel
c5d.9xlarge,us-east-1,use1-az5,3,40.0,50.0,2.5,1.728,0.6252,63,c5d,Computing,c,36.0,72.0,25792.6322,Intel(R) Xeon(R) Platinum 8124M CPU @ 3.00GHz,Intel(R) Xeon(R) Platinum 8124M CPU @ 3.00GHz,Intel
c5d.9xlarge,us-east-1,use1-az6,3,50.0,50.0,2.5,1.728,0.7257,58,c5d,Computing,c,36.0,72.0,25792.6322,Intel(R) Xeon(R) Platinum 8124M CPU @ 3.00GHz,Intel(R) Xeon(R) Platinum 8124M CPU @ 3.00GHz,Intel
c5d.large,us-east-1,use1-az1,3,15.0,30.0,2.5,0.096,0.0427,55,c5d,Computing,c,2.0,4.0,25379.4678,Intel(R) Xeon(R) Platinum 8124M CPU @ 3.00GHz,Intel(R) Xeon(R) Platinum 8124M CPU @ 3.00GHz,Intel
c5d.large,us-east-1,use1-az2,3,50.0,50.0,2.5,0.096,0.0448,53,c5d,Computing,c,2.0,4.0,25379.4678,Intel(R) Xeon(R) Platinum 8124M CPU @ 3.00GHz,Intel(R) Xeon(R) Platinum 8124M CPU @ 3.00GHz,Intel
c5d.large,us-east-1,use1-az4,3,50.0,50.0,2.5,0.096,0.0409,57,c5d,Computing,c,2.0,4.0,25379.4678,Intel(R) Xeon(R) Platinum 8124M CPU @ 3.00GHz,Intel(R) Xeon(R) Platinum 8124M CPU @ 3.00GHz,Intel
c5d.large,us-east-1,use1-az5,3,35.0,50.0,2.5,0.096,0.0381,60,c5d,Computing,c,2.0,4.0,25379.4678,Intel(R) Xeon(R) Platinum 8124M CPU @ 3.00GHz,Intel(R) Xeon(R) Platinum 8124M CPU @ 3.00GHz,Intel
c5d.large,us-east-1,use1-az6,3,50.0,50.0,2.5,0.096,0.0416,56,c5d,Computing,c,2.0,4.0,25379.4678,Intel(R) Xeon(R) Platinum 8124M CPU @ 3.00GHz,Intel(R) Xeon(R) Platinum 8124M CPU @ 3.00GHz,Intel
c5d.xlarge,us-east-1,use1-az1,3,50.0,50.0,3.0,0.192,0.1019,46,c5d,Computing,c,4.0,8.0,25422.1435,Intel(R) Xeon(R) Platinum 8124M CPU @ 3.00GHz,Intel(R) Xeon(R) Platinum 8124M CPU @ 3.00GHz,Intel
c5d.xlarge,us-east-1,use1-az2,3,50.0,50.0,3.0,0.192,0.0905,52,c5d,Computing,c,4.0,8.0,25422.1435,Intel(R) Xeon(R) Platinum 8124M CPU @ 3.00GHz,Intel(R) Xeon(R) Platinum 8124M CPU @ 3.00GHz,Intel
c5d.xlarge,us-east-1,use1-az4,3,50.0,50.0,3.0,0.192,0.0799,58,c5d,Computing,c,4.0,8.0,25422.1435,Intel(R) Xeon(R) Platinum 8124M CPU @ 3.00GHz,Intel(R) Xeon(R) Platinum 8124M CPU @ 3.00GHz,Intel
c5d.xlarge,us-east-1,use1-az5,3,25.0,35.0,3.0,0.192,0.0723,62,c5d,Computing,c,4.0,8.0,25422.1435,Intel(R) Xeon(R) Platinum 8124M CPU @ 3.00GHz,Intel(R) Xeon(R) Platinum 8124M CPU @ 3.00GHz,Intel
c5d.xlarge,us-east-1,use1-az6,3,50.0,50.0,3.0,0.192,0.0905,52,c5d,Computing,c,4.0,8.0,25422.1435,Intel(R) Xeon(R) Platinum 8124M CPU @ 3.00GHz,Intel(R) Xeon(R) Platinum 8124M CPU @ 3.00GHz,Intel
c5n.18xlarge,us-east-1,use1-az1,3,50.0,50.0,3.0,3.888,1.4973,61,c5n,Computing,c,72.0,192.0,25763.0081642,Intel(R) Xeon(R) Platinum 8124M CPU @ 3.00GHz,Intel(R) Xeon(R) Platinum 8124M CPU @ 3.00GHz,Intel
c5n.18xlarge,us-east-1,use1-az2,3,40.0,50.0,3.0,3.888,1.6139,58,c5n,Computing,c,72.0,192.0,25763.0081642,Intel(R) Xeon(R) Platinum 8124M CPU @ 3.00GHz,Intel(R) Xeon(R) Platinum 8124M CPU @ 3.00GHz,Intel
c5n.18xlarge,us-east-1,use1-az4,3,50.0,50.0,3.0,3.888,1.6459,57,c5n,Computing,c,72.0,192.0,25763.0081642,Intel(R) Xeon(R) Platinum 8124M CPU @ 3.00GHz,Intel(R) Xeon(R) Platinum 8124M CPU @ 3.00GHz,Intel
c5n.18xlarge,us-east-1,use1-az5,3,50.0,50.0,3.0,3.888,1.3601,65,c5n,Computing,c,72.0,192.0,25763.0081642,Intel(R) Xeon(R) Platinum 8124M CPU @ 3.00GHz,Intel(R) Xeon(R) Platinum 8124M CPU @ 3.00GHz,Intel
c5n.18xlarge,us-east-1,use1-az6,1,0.0,0.0,3.0,3.888,0.9849,74,c5n,Computing,c,72.0,192.0,25763.0081642,Intel(R) Xeon(R) Platinum 8124M CPU @ 3.00GHz,Intel(R) Xeon(R) Platinum 8124M CPU @ 3.00GHz,Intel
c5n.2xlarge,us-east-1,use1-az1,3,40.0,50.0,2.5,0.432,0.2252,47,c5n,Computing,c,8.0,21.0,25394.801298,Intel(R) Xeon(R) Platinum 8124M CPU @ 3.00GHz,Intel(R) Xeon(R) Platinum 8124M CPU @ 3.00GHz,Intel
c5n.2xlarge,us-east-1,use1-az2,3,45.0,50.0,2.5,0.432,0.2131,50,c5n,Computing,c,8.0,21.0,25394.801298,Intel(R) Xeon(R) Platinum 8124M CPU @ 3.00GHz,Intel(R) Xeon(R) Platinum 8124M CPU @ 3.00GHz,Intel
c5n.2xlarge,us-east-1,use1-az4,3,50.0,50.0,2.5,0.432,0.2003,53,c5n,Computing,c,8.0,21.0,25394.801298,Intel(R) Xeon(R) Platinum 8124M CPU @ 3.00GHz,Intel(R) Xeon(R) Platinum 8124M CPU @ 3.00GHz,Intel
c5n.2xlarge,us-east-1,use1-az5,3,15.0,30.0,2.5,0.432,0.2022,53,c5n,Computing,c,8.0,21.0,25394.801298,Intel(R) Xeon(R) Platinum 8124M CPU @ 3.00GHz,Intel(R) Xeon(R) Platinum 8124M CPU @ 3.00GHz,Intel
c5n.2xlarge,us-east-1,use1-az6,3,35.0,50.0,2.5,0.432,0.2057,52,c5n,Computing,c,8.0,21.0,25394.801298,Intel(R) Xeon(R) Platinum 8124M CPU @ 3.00GHz,Intel(R) Xeon(R) Platinum 8124M CPU @ 3.00GHz,Intel
c5n.4xlarge,us-east-1,use1-az1,3,50.0,50.0,2.5,0.864,0.4774,44,c5n,Computing,c,16.0,42.0,25403.409049,Intel(R) Xeon(R) Platinum 8124M CPU @ 3.00GHz,Intel(R) Xeon(R) Platinum 8124M CPU @ 3.00GHz,Intel
c5n.4xlarge,us-east-1,use1-az2,3,50.0,50.0,2.5,0.864,0.5297,38,c5n,Computing,c,16.0,42.0,25403.409049,Intel(R) Xeon(R) Platinum 8124M CPU @ 3.00GHz,Intel(R) Xeon(R) Platinum 8124M CPU @ 3.00GHz,Intel
c5n.4xlarge,us-east-1,use1-az4,3,50.0,50.0,2.5,0.864,0.4541,47,c5n,Computing,c,16.0,42.0,25403.409049,Intel(R) Xeon(R) Platinum 8124M CPU @ 3.00GHz,Intel(R) Xeon(R) Platinum 8124M CPU @ 3.00GHz,Intel
c5n.4xlarge,us-east-1,use1-az5,3,15.0,25.0,2.5,0.864,0.4071,52,c5n,Computing,c,16.0,42.0,25403.409049,Intel(R) Xeon(R) Platinum 8124M CPU @ 3.00GHz,Intel(R) Xeon(R) Platinum 8124M CPU @ 3.00GHz,Intel
c5n.4xlarge,us-east-1,use1-az6,3,50.0,50.0,2.5,0.864,0.4714,45,c5n,Computing,c,16.0,42.0,25403.409049,Intel(R) Xeon(R) Platinum 8124M CPU @ 3.00GHz,Intel(R) Xeon(R) Platinum 8124M CPU @ 3.00GHz,Intel
c5n.9xlarge,us-east-1,use1-az1,3,50.0,50.0,2.5,1.944,0.8438,56,c5n,Computing,c,36.0,96.0,25765.3756172,Intel(R) Xeon(R) Platinum 8124M CPU @ 3.00GHz,Intel(R) Xeon(R) Platinum 8124M CPU @ 3.00GHz,Intel
c5n.9xlarge,us-east-1,use1-az2,3,45.0,50.0,2.5,1.944,0.9208,52,c5n,Computing,c,36.0,96.0,25765.3756172,Intel(R) Xeon(R) Platinum 8124M CPU @ 3.00GHz,Intel(R) Xeon(R) Platinum 8124M CPU @ 3.00GHz,Intel
c5n.9xlarge,us-east-1,use1-az4,3,30.0,45.0,2.5,1.944,0.8606,55,c5n,Computing,c,36.0,96.0,25765.3756172,Intel(R) Xeon(R) Platinum 8124M CPU @ 3.00GHz,Intel(R) Xeon(R) Platinum 8124M CPU @ 3.00GHz,Intel
c5n.9xlarge,us-east-1,use1-az5,3,15.0,20.0,2.5,1.944,0.6852,64,c5n,Computing,c,36.0,96.0,25765.3756172,Intel(R) Xeon(R) Platinum 8124M CPU @ 3.00GHz,Intel(R) Xeon(R) Platinum 8124M CPU @ 3.00GHz,Intel
c5n.9xlarge,us-east-1,use1-az6,3,10.0,15.0,2.5,1.944,0.7601,60,c5n,Computing,c,36.0,96.0,25765.3756172,Intel(R) Xeon(R) Platinum 8124M CPU @ 3.00GHz,Intel(R) Xeon(R) Platinum 8124M CPU @ 3.00GHz,Intel
c5n.large,us-east-1,use1-az1,3,50.0,50.0,3.0,0.108,0.054,49,c5n,Computing,c,2.0,5.0,25378.780024,Intel(R) Xeon(R) Platinum 8124M CPU @ 3.00GHz,Intel(R) Xeon(R) Platinum 8124M CPU @ 3.00GHz,Intel
c5n.large,us-east-1,use1-az2,3,50.0,50.0,3.0,0.108,0.0478,55,c5n,Computing,c,2.0,5.0,25378.780024,Intel(R) Xeon(R) Platinum 8124M CPU @ 3.00GHz,Intel(R) Xeon(R) Platinum 8124M CPU @ 3.00GHz,Intel
c5n.large,us-east-1,use1-az4,3,50.0,50.0,3.0,0.108,0.0493,54,c5n,Computing,c,2.0,5.0,25378.780024,Intel(R) Xeon(R) Platinum 8124M CPU @ 3.00GHz,Intel(R) Xeon(R) Platinum 8124M CPU @ 3.00GHz,Intel
c5n.large,us-east-1,use1-az5,3,35.0,50.0,3.0,0.108,0.0399,63,c5n,Computing,c,2.0,5.0,25378.780024,Intel(R) Xeon(R) Platinum 8124M CPU @ 3.00GHz,Intel(R) Xeon(R) Platinum 8124M CPU @ 3.00GHz,Intel
c5n.large,us-east-1,use1-az6,3,40.0,50.0,3.0,0.108,0.0452,58,c5n,Computing,c,2.0,5.0,25378.780024,Intel(R) Xeon(R) Platinum 8124M CPU @ 3.00GHz,Intel(R) Xeon(R) Platinum 8124M CPU @ 3.00GHz,Intel
c5n.xlarge,us-east-1,use1-az1,3,15.0,25.0,3.0,0.216,0.1122,48,c5n,Computing,c,4.0,10.0,25402.903327,Intel(R) Xeon(R) Platinum 8124M CPU @ 3.00GHz,Intel(R) Xeon(R) Platinum 8124M CPU @ 3.00GHz,Intel
c5n.xlarge,us-east-1,use1-az2,3,50.0,50.0,3.0,0.216,0.0959,55,c5n,Computing,c,4.0,10.0,25402.903327,Intel(R) Xeon(R) Platinum 8124M CPU @ 3.00GHz,Intel(R) Xeon(R) Platinum 8124M CPU @ 3.00GHz,Intel
c5n.xlarge,us-east-1,use1-az4,3,50.0,50.0,3.0,0.216,0.0959,55,c5n,Computing,c,4.0,10.0,25402.903327,Intel(R) Xeon(R) Platinum 8124M CPU @ 3.00GHz,Intel(R) Xeon(R) Platinum 8124M CPU @ 3.00GHz,Intel
c5n.xlarge,us-east-1,use1-az5,3,5.0,5.0,3.0,0.216,0.1475,31,c5n,Computing,c,4.0,10.0,25402.903327,Intel(R) Xeon(R) Platinum 8124M CPU @ 3.00GHz,Intel(R) Xeon(R) Platinum 8124M CPU @ 3.00GHz,Intel
c5n.xlarge,us-east-1,use1-az6,3,50.0,50.0,3.0,0.216,0.1078,50,c5n,Computing,c,4.0,10.0,25402.903327,Intel(R) Xeon(R) Platinum 8124M CPU @ 3.00GHz,Intel(R) Xeon(R) Platinum 8124M CPU @ 3.00GHz,Intel
c6a.12xlarge,us-east-1,use1-az1,3,20.0,40.0,2.5,1.836,0.7211,60,c6a,Computing,c,48.0,96.0,33324.930290000004,AMD EPYC 7R13 Processor,AMD EPYC 7R13 Processor,AMD
c6a.12xlarge,us-east-1,use1-az2,3,50.0,50.0,2.5,1.836,0.5684,69,c6a,Computing,c,48.0,96.0,33324.930290000004,AMD EPYC 7R13 Processor,AMD EPYC 7R13 Processor,AMD
c6a.12xlarge,us-east-1,use1-az4,3,50.0,50.0,2.5,1.836,0.6131,66,c6a,Computing,c,48.0,96.0,33324.930290000004,AMD EPYC 7R13 Processor,AMD EPYC 7R13 Processor,AMD
c6a.12xlarge,us-east-1,use1-az5,3,1.0,5.0,2.5,1.836,0.7295,60,c6a,Computing,c,48.0,96.0,33324.930290000004,AMD EPYC 7R13 Processor,AMD EPYC 7R13 Processor,AMD
c6a.12xlarge,us-east-1,use1-az6,3,50.0,50.0,2.5,1.836,0.8127,55,c6a,Computing,c,48.0,96.0,33324.930290000004,AMD EPYC 7R13 Processor,AMD EPYC 7R13 Processor,AMD
c6a.16xlarge,us-east-1,use1-az1,3,5.0,10.0,1.5,2.448,1.0928,55,c6a,Computing,c,64.0,128.0,34519.2044584,AMD EPYC 7R13 Processor,AMD EPYC 7R13 Processor,AMD
c6a.16xlarge,us-east-1,use1-az2,3,10.0,20.0,1.5,2.448,0.9102,62,c6a,Computing,c,64.0,128.0,34519.2044584,AMD EPYC 7R13 Processor,AMD EPYC 7R13 Processor,AMD
c6a.16xlarge,us-east-1,use1-az4,3,10.0,15.0,1.5,2.448,0.9003,63,c6a,Computing,c,64.0,128.0,34519.2044584,AMD EPYC 7R13 Processor,AMD EPYC 7R13 Processor,AMD
c6a.16xlarge,us-east-1,use1-az5,3,10.0,10.0,1.5,2.448,0.8317,66,c6a,Computing,c,64.0,128.0,34519.2044584,AMD EPYC 7R13 Processor,AMD EPYC 7R13 Processor,AMD
c6a.16xlarge,us-east-1,use1-az6,3,10.0,15.0,1.5,2.448,0.9449,61,c6a,Computing,c,64.0,128.0,34519.2044584,AMD EPYC 7R13 Processor,AMD EPYC 7R13 Processor,AMD
c6a.24xlarge,us-east-1,use1-az1,3,5.0,10.0,2.0,3.672,1.3397,63,c6a,Computing,c,96.0,192.0,33373.607559000004,AMD EPYC 7R13 Processor,AMD EPYC 7R13 Processor,AMD
c6a.24xlarge,us-east-1,use1-az2,3,20.0,40.0,2.0,3.672,1.1684,68,c6a,Computing,c,96.0,192.0,33373.607559000004,AMD EPYC 7R13 Processor,AMD EPYC 7R13 Processor,AMD
c6a.24xlarge,us-east-1,use1-az4,3,20.0,30.0,2.0,3.672,1.142,68,c6a,Computing,c,96.0,192.0,33373.607559000004,AMD EPYC 7R13 Processor,AMD EPYC 7R13 Processor,AMD
c6a.24xlarge,us-east-1,use1-az5,3,5.0,10.0,2.0,3.672,1.199,67,c6a,Computing,c,96.0,192.0,33373.607559000004,AMD EPYC 7R13 Processor,AMD EPYC 7R13 Processor,AMD
c6a.24xlarge,us-east-1,use1-az6,3,10.0,15.0,2.0,3.672,1.245,66,c6a,Computing,c,96.0,192.0,33373.607559000004,AMD EPYC 7R13 Processor,AMD EPYC 7R13 Processor,AMD
c6a.2xlarge,us-east-1,use1-az1,3,50.0,50.0,2.0,0.306,0.1379,54,c6a,Computing,c,8.0,16.0,33373.383458000004,AMD EPYC 7R13 Processor,AMD EPYC 7R13 Processor,AMD
c6a.2xlarge,us-east-1,use1-az2,3,50.0,50.0,2.0,0.306,0.126,58,c6a,Computing,c,8.0,16.0,33373.383458000004,AMD EPYC 7R13 Processor,AMD EPYC 7R13 Processor,AMD
c6a.2xlarge,us-east-1,use1-az4,3,50.0,50.0,2.0,0.306,0.1305,57,c6a,Computing,c,8.0,16.0,33373.383458000004,AMD EPYC 7R13 Processor,AMD EPYC 7R13 Processor,AMD
c6a.2xlarge,us-east-1,use1-az5,3,50.0,50.0,2.0,0.306,0.1286,57,c6a,Computing,c,8.0,16.0,33373.383458000004,AMD EPYC 7R13 Processor,AMD EPYC 7R13 Processor,AMD
c6a.2xlarge,us-east-1,use1-az6,3,50.0,50.0,2.0,0.306,0.1262,58,c6a,Computing,c,8.0,16.0,33373.383458000004,AMD EPYC 7R13 Processor,AMD EPYC 7R13 Processor,AMD
c6a.32xlarge,us-east-1,use1-az1,3,1.0,5.0,1.5,4.896,1.5912,67,c6a,Computing,c,128.0,256.0,34539.950602799996,AMD EPYC 7R13 Processor,AMD EPYC 7R13 Processor,AMD
c6a.32xlarge,us-east-1,use1-az2,3,20.0,30.0,1.5,4.896,1.3632,72,c6a,Computing,c,128.0,256.0,34539.950602799996,AMD EPYC 7R13 Processor,AMD EPYC 7R13 Processor,AMD
c6a.32xlarge,us-east-1,use1-az4,3,50.0,50.0,1.5,4.896,1.2951,73,c6a,Computing,c,128.0,256.0,34539.950602799996,AMD EPYC 7R13 Processor,AMD EPYC 7R13 Processor,AMD
c6a.32xlarge,us-east-1,use1-az5,3,10.0,15.0,1.5,4.896,1.4119,71,c6a,Computing,c,128.0,256.0,34539.950602799996,AMD EPYC 7R13 Processor,AMD EPYC 7R13 Processor,AMD
c6a.32xlarge,us-east-1,use1-az6,3,15.0,20.0,1.5,4.896,1.2666,74,c6a,Computing,c,128.0,256.0,34539.950602799996,AMD EPYC 7R13 Processor,AMD EPYC 7R13 Processor,AMD
c6a.48xlarge,us-east-1,use1-az1,3,5.0,5.0,1.5,7.344,2.1311,70,c6a,Computing,c,192.0,384.0,33388.224271600004,AMD EPYC 7R13 Processor,AMD EPYC 7R13 Processor,AMD
c6a.48xlarge,us-east-1,use1-az2,3,20.0,25.0,1.5,7.344,1.9771,73,c6a,Computing,c,192.0,384.0,33388.224271600004,AMD EPYC 7R13 Processor,AMD EPYC 7R13 Processor,AMD
c6a.48xlarge,us-east-1,use1-az4,3,20.0,45.0,1.5,7.344,2.2143,69,c6a,Computing,c,192.0,384.0,33388.224271600004,AMD EPYC 7R13 Processor,AMD EPYC 7R13 Processor,AMD
c6a.48xlarge,us-east-1,use1-az5,3,40.0,50.0,1.5,7.344,1.9832,72,c6a,Computing,c,192.0,384.0,33388.224271600004,AMD EPYC 7R13 Processor,AMD EPYC 7R13 Processor,AMD
c6a.48xlarge,us-east-1,use1-az6,3,15.0,45.0,1.5,7.344,2.0227,72,c6a,Computing,c,192.0,384.0,33388.224271600004,AMD EPYC 7R13 Processor,AMD EPYC 7R13 Processor,AMD
c6a.4xlarge,us-east-1,use1-az1,3,50.0,50.0,2.0,0.612,0.2672,56,c6a,Computing,c,16.0,32.0,33305.3249148,AMD EPYC 7R13 Processor,AMD EPYC 7R13 Processor,AMD
c6a.4xlarge,us-east-1,use1-az2,3,50.0,50.0,2.0,0.612,0.2702,55,c6a,Computing,c,16.0,32.0,33305.3249148,AMD EPYC 7R13 Processor,AMD EPYC 7R13 Processor,AMD
c6a.4xlarge,us-east-1,use1-az4,3,50.0,50.0,2.0,0.612,0.265,56,c6a,Computing,c,16.0,32.0,33305.3249148,AMD EPYC 7R13 Processor,AMD EPYC 7R13 Processor,AMD
c6a.4xlarge,us-east-1,use1-az5,3,50.0,50.0,2.0,0.612,0.3068,49,c6a,Computing,c,16.0,32.0,33305.3249148,AMD EPYC 7R13 Processor,AMD EPYC 7R13 Processor,AMD
c6a.4xlarge,us-east-1,use1-az6,3,50.0,50.0,2.0,0.612,0.2682,56,c6a,Computing,c,16.0,32.0,33305.3249148,AMD EPYC 7R13 Processor,AMD EPYC 7R13 Processor,AMD
c6a.8xlarge,us-east-1,use1-az1,3,20.0,40.0,2.0,1.224,0.5285,56,c6a,Computing,c,32.0,64.0,33289.65002660001,AMD EPYC 7R13 Processor,AMD EPYC 7R13 Processor,AMD
c6a.8xlarge,us-east-1,use1-az2,3,50.0,50.0,2.0,1.224,0.4746,61,c6a,Computing,c,32.0,64.0,33289.65002660001,AMD EPYC 7R13 Processor,AMD EPYC 7R13 Processor,AMD
c6a.8xlarge,us-east-1,use1-az4,3,50.0,50.0,2.0,1.224,0.4542,62,c6a,Computing,c,32.0,64.0,33289.65002660001,AMD EPYC 7R13 Processor,AMD EPYC 7R13 Processor,AMD
c6a.8xlarge,us-east-1,use1-az5,3,50.0,50.0,2.0,1.224,0.5308,56,c6a,Computing,c,32.0,64.0,33289.65002660001,AMD EPYC 7R13 Processor,AMD EPYC 7R13 Processor,AMD
c6a.8xlarge,us-east-1,use1-az6,3,50.0,50.0,2.0,1.224,0.393,67,c6a,Computing,c,32.0,64.0,33289.65002660001,AMD EPYC 7R13 Processor,AMD EPYC 7R13 Processor,AMD
c6a.large,us-east-1,use1-az1,3,50.0,50.0,1.5,0.0765,0.0333,56,c6a,Computing,c,2.0,4.0,33314.9004888,AMD EPYC 7R13 Processor,AMD EPYC 7R13 Processor,AMD
c6a.large,us-east-1,use1-az2,3,50.0,50.0,1.5,0.0765,0.0261,65,c6a,Computing,c,2.0,4.0,33314.9004888,AMD EPYC 7R13 Processor,AMD EPYC 7R13 Processor,AMD
c6a.large,us-east-1,use1-az4,3,50.0,50.0,1.5,0.0765,0.0273,64,c6a,Computing,c,2.0,4.0,33314.9004888,AMD EPYC 7R13 Processor,AMD EPYC 7R13 Processor,AMD
c6a.large,us-east-1,use1-az5,3,50.0,50.0,1.5,0.0765,0.0283,63,c6a,Computing,c,2.0,4.0,33314.9004888,AMD EPYC 7R13 Processor,AMD EPYC 7R13 Processor,AMD
c6a.large,us-east-1,use1-az6,3,50.0,50.0,1.5,0.0765,0.0292,61,c6a,Computing,c,2.0,4.0,33314.9004888,AMD EPYC 7R13 Processor,AMD EPYC 7R13 Processor,AMD
c6a.xlarge,us-east-1,use1-az1,3,50.0,50.0,1.5,0.153,0.0652,57,c6a,Computing,c,4.0,8.0,33371.1748894,AMD EPYC 7R13 Processor,AMD EPYC 7R13 Processor,AMD
c6a.xlarge,us-east-1,use1-az2,3,50.0,50.0,1.5,0.153,0.0607,60,c6a,Computing,c,4.0,8.0,33371.1748894,AMD EPYC 7R13 Processor,AMD EPYC 7R13 Processor,AMD
c6a.xlarge,us-east-1,use1-az4,3,50.0,50.0,1.5,0.153,0.0604,60,c6a,Computing,c,4.0,8.0,33371.1748894,AMD EPYC 7R13 Processor,AMD EPYC 7R13 Processor,AMD
c6a.xlarge,us-east-1,use1-az5,3,50.0,50.0,1.5,0.153,0.0634,58,c6a,Computing,c,4.0,8.0,33371.1748894,AMD EPYC 7R13 Processor,AMD EPYC 7R13 Processor,AMD
c6a.xlarge,us-east-1,use1-az6,3,50.0,50.0,1.5,0.153,0.0625,59,c6a,Computing,c,4.0,8.0,33371.1748894,AMD EPYC 7R13 Processor,AMD EPYC 7R13 Processor,AMD
c6g.12xlarge,us-east-1,use1-az1,3,20.0,20.0,3.0,1.632,0.4338,73,c6g,Computing,c,48.0,96.0,19340.1904786,AWS Graviton2 Processor,Neoverse-N1,AWS
c6g.12xlarge,us-east-1,use1-az2,3,50.0,50.0,3.0,1.632,0.4276,73,c6g,Computing,c,48.0,96.0,19340.1904786,AWS Graviton2 Processor,Neoverse-N1,AWS
c6g.12xlarge,us-east-1,use1-az4,3,50.0,50.0,3.0,1.632,0.389,76,c6g,Computing,c,48.0,96.0,19340.1904786,AWS Graviton2 Processor,Neoverse-N1,AWS
c6g.12xlarge,us-east-1,use1-az5,3,50.0,50.0,3.0,1.632,0.4349,73,c6g,Computing,c,48.0,96.0,19340.1904786,AWS Graviton2 Processor,Neoverse-N1,AWS
c6g.12xlarge,us-east-1,use1-az6,3,50.0,50.0,3.0,1.632,0.4211,74,c6g,Computing,c,48.0,96.0,19340.1904786,AWS Graviton2 Processor,Neoverse-N1,AWS
c6g.16xlarge,us-east-1,use1-az1,2,0.0,1.0,3.0,2.176,0.6674,69,c6g,Computing,c,64.0,128.0,19338.6211634,AWS Graviton2 Processor,Neoverse-N1,AWS
c6g.16xlarge,us-east-1,use1-az2,3,50.0,50.0,3.0,2.176,0.5775,73,c6g,Computing,c,64.0,128.0,19338.6211634,AWS Graviton2 Processor,Neoverse-N1,AWS
c6g.16xlarge,us-east-1,use1-az4,3,50.0,50.0,3.0,2.176,0.5192,76,c6g,Computing,c,64.0,128.0,19338.6211634,AWS Graviton2 Processor,Neoverse-N1,AWS
c6g.16xlarge,us-east-1,use1-az5,3,45.0,50.0,3.0,2.176,0.5559,74,c6g,Computing,c,64.0,128.0,19338.6211634,AWS Graviton2 Processor,Neoverse-N1,AWS
c6g.16xlarge,us-east-1,use1-az6,3,50.0,50.0,3.0,2.176,0.5541,74,c6g,Computing,c,64.0,128.0,19338.6211634,AWS Graviton2 Processor,Neoverse-N1,AWS
c6g.2xlarge,us-east-1,use1-az1,3,50.0,50.0,3.0,0.272,0.0947,65,c6g,Computing,c,8.0,16.0,19334.7323786,AWS Graviton2 Processor,Neoverse-N1,AWS
c6g.2xlarge,us-east-1,use1-az2,3,50.0,50.0,3.0,0.272,0.0895,67,c6g,Computing,c,8.0,16.0,19334.7323786,AWS Graviton2 Processor,Neoverse-N1,AWS
c6g.2xlarge,us-east-1,use1-az4,3,50.0,50.0,3.0,0.272,0.0911,66,c6g,Computing,c,8.0,16.0,19334.7323786,AWS Graviton2 Processor,Neoverse-N1,AWS
c6g.2xlarge,us-east-1,use1-az5,3,50.0,50.0,3.0,0.272,0.0798,70,c6g,Computing,c,8.0,16.0,19334.7323786,AWS Graviton2 Processor,Neoverse-N1,AWS
c6g.2xlarge,us-east-1,use1-az6,3,50.0,50.0,3.0,0.272,0.096,64,c6g,Computing,c,8.0,16.0,19334.7323786,AWS Graviton2 Processor,Neoverse-N1,AWS
c6g.4xlarge,us-east-1,use1-az1,3,20.0,30.0,2.5,0.544,0.1938,64,c6g,Computing,c,16.0,32.0,19336.901911,AWS Graviton2 Processor,Neoverse-N1,AWS
c6g.4xlarge,us-east-1,use1-az2,3,50.0,50.0,2.5,0.544,0.1533,71,c6g,Computing,c,16.0,32.0,19336.901911,AWS Graviton2 Processor,Neoverse-N1,AWS
c6g.4xlarge,us-east-1,use1-az4,3,50.0,50.0,2.5,0.544,0.1564,71,c6g,Computing,c,16.0,32.0,19336.901911,AWS Graviton2 Processor,Neoverse-N1,AWS
c6g.4xlarge,us-east-1,use1-az5,3,50.0,50.0,2.5,0.544,0.1493,72,c6g,Computing,c,16.0,32.0,19336.901911,AWS Graviton2 Processor,Neoverse-N1,AWS
c6g.4xlarge,us-east-1,use1-az6,3,50.0,50.0,2.5,0.544,0.1586,70,c6g,Computing,c,16.0,32.0,19336.901911,AWS Graviton2 Processor,Neoverse-N1,AWS
c6g.8xlarge,us-east-1,use1-az1,3,50.0,50.0,3.0,1.088,0.332,69,c6g,Computing,c,32.0,64.0,19338.9945948,AWS Graviton2 Processor,Neoverse-N1,AWS
c6g.8xlarge,us-east-1,use1-az2,3,50.0,50.0,3.0,1.088,0.3046,72,c6g,Computing,c,32.0,64.0,19338.9945948,AWS Graviton2 Processor,Neoverse-N1,AWS
c6g.8xlarge,us-east-1,use1-az4,3,50.0,50.0,3.0,1.088,0.3082,71,c6g,Computing,c,32.0,64.0,19338.9945948,AWS Graviton2 Processor,Neoverse-N1,AWS
c6g.8xlarge,us-east-1,use1-az5,3,50.0,50.0,3.0,1.088,0.3062,71,c6g,Computing,c,32.0,64.0,19338.9945948,AWS Graviton2 Processor,Neoverse-N1,AWS
c6g.8xlarge,us-east-1,use1-az6,3,50.0,50.0,3.0,1.088,0.3044,72,c6g,Computing,c,32.0,64.0,19338.9945948,AWS Graviton2 Processor,Neoverse-N1,AWS
c6g.large,us-east-1,use1-az1,3,25.0,45.0,2.5,0.068,0.0323,52,c6g,Computing,c,2.0,4.0,19338.172986800004,AWS Graviton2 Processor,Neoverse-N1,AWS
c6g.large,us-east-1,use1-az2,3,50.0,50.0,2.5,0.068,0.0276,59,c6g,Computing,c,2.0,4.0,19338.172986800004,AWS Graviton2 Processor,Neoverse-N1,AWS
c6g.large,us-east-1,use1-az4,3,50.0,50.0,2.5,0.068,0.022,67,c6g,Computing,c,2.0,4.0,19338.172986800004,AWS Graviton2 Processor,Neoverse-N1,AWS
c6g.large,us-east-1,use1-az5,3,50.0,50.0,2.5,0.068,0.0235,65,c6g,Computing,c,2.0,4.0,19338.172986800004,AWS Graviton2 Processor,Neoverse-N1,AWS
c6g.large,us-east-1,use1-az6,3,50.0,50.0,2.5,0.068,0.0243,64,c6g,Computing,c,2.0,4.0,19338.172986800004,AWS Graviton2 Processor,Neoverse-N1,AWS
c6g.medium,us-east-1,use1-az1,3,50.0,50.0,3.0,0.034,0.0107,68,c6g,Computing,c,1.0,2.0,19336.375908,AWS Graviton2 Processor,Neoverse-N1,AWS
c6g.medium,us-east-1,use1-az2,3,50.0,50.0,3.0,0.034,0.0097,71,c6g,Computing,c,1.0,2.0,19336.375908,AWS Graviton2 Processor,Neoverse-N1,AWS
c6g.medium,us-east-1,use1-az4,3,50.0,50.0,3.0,0.034,0.0092,72,c6g,Computing,c,1.0,2.0,19336.375908,AWS Graviton2 Processor,Neoverse-N1,AWS
c6g.medium,us-east-1,use1-az5,3,50.0,50.0,3.0,0.034,0.0084,75,c6g,Computing,c,1.0,2.0,19336.375908,AWS Graviton2 Processor,Neoverse-N1,AWS
c6g.medium,us-east-1,use1-az6,3,50.0,50.0,3.0,0.034,0.0112,67,c6g,Computing,c,1.0,2.0,19336.375908,AWS Graviton2 Processor,Neoverse-N1,AWS
c6g.xlarge,us-east-1,use1-az1,3,50.0,50.0,2.5,0.136,0.055,59,c6g,Computing,c,4.0,8.0,19240.044134999996,AWS Graviton2 Processor,Neoverse-N1,AWS
c6g.xlarge,us-east-1,use1-az2,3,50.0,50.0,2.5,0.136,0.0554,59,c6g,Computing,c,4.0,8.0,19240.044134999996,AWS Graviton2 Processor,Neoverse-N1,AWS
c6g.xlarge,us-east-1,use1-az4,3,50.0,50.0,2.5,0.136,0.0474,65,c6g,Computing,c,4.0,8.0,19240.044134999996,AWS Graviton2 Processor,Neoverse-N1,AWS
c6g.xlarge,us-east-1,use1-az5,3,50.0,50.0,2.5,0.136,0.0554,59,c6g,Computing,c,4.0,8.0,19240.044134999996,AWS Graviton2 Processor,Neoverse-N1,AWS
c6g.xlarge,us-east-1,use1-az6,3,50.0,50.0,2.5,0.136,0.052,61,c6g,Computing,c,4.0,8.0,19240.044134999996,AWS Graviton2 Processor,Neoverse-N1,AWS
c6gd.12xlarge,us-east-1,use1-az1,3,1.0,1.0,1.0,1.8432,0.6114,66,c6gd,Computing,c,48.0,96.0,19335.1098,AWS Graviton2 Processor,Neoverse-N1,AWS
c6gd.12xlarge,us-east-1,use1-az2,3,10.0,15.0,1.0,1.8432,0.3129,83,c6gd,Computing,c,48.0,96.0,19335.1098,AWS Graviton2 Processor,Neoverse-N1,AWS
c6gd.12xlarge,us-east-1,use1-az4,3,5.0,5.0,1.0,1.8432,0.2972,83,c6gd,Computing,c,48.0,96.0,19335.1098,AWS Graviton2 Processor,Neoverse-N1,AWS
c6gd.12xlarge,us-east-1,use1-az5,3,1.0,1.0,1.0,1.8432,0.4233,77,c6gd,Computing,c,48.0,96.0,19335.1098,AWS Graviton2 Processor,Neoverse-N1,AWS
c6gd.12xlarge,us-east-1,use1-az6,3,50.0,50.0,1.0,1.8432,0.3492,81,c6gd,Computing,c,48.0,96.0,19335.1098,AWS Graviton2 Processor,Neoverse-N1,AWS
c6gd.16xlarge,us-east-1,use1-az1,1,0.0,0.0,1.0,2.4576,1.4928,39,c6gd,Computing,c,64.0,128.0,19331.0703,AWS Graviton2 Processor,Neoverse-N1,AWS
c6gd.16xlarge,us-east-1,use1-az2,3,5.0,5.0,1.0,2.4576,0.646,73,c6gd,Computing,c,64.0,128.0,19331.0703,AWS Graviton2 Processor,Neoverse-N1,AWS
c6gd.16xlarge,us-east-1,use1-az4,3,5.0,10.0,1.0,2.4576,0.3899,84,c6gd,Computing,c,64.0,128.0,19331.0703,AWS Graviton2 Processor,Neoverse-N1,AWS
c6gd.16xlarge,us-east-1,use1-az5,3,5.0,5.0,1.0,2.4576,0.6144,75,c6gd,Computing,c,64.0,128.0,19331.0703,AWS Graviton2 Processor,Neoverse-N1,AWS
c6gd.16xlarge,us-east-1,use1-az6,3,50.0,50.0,1.0,2.4576,0.3641,85,c6gd,Computing,c,64.0,128.0,19331.0703,AWS Graviton2 Processor,Neoverse-N1,AWS
c6gd.2xlarge,us-east-1,use1-az1,3,5.0,5.0,1.0,0.3072,0.1013,67,c6gd,Computing,c,8.0,16.0,19332.938,AWS Graviton2 Processor,Neoverse-N1,AWS
c6gd.2xlarge,us-east-1,use1-az2,3,50.0,50.0,1.0,0.3072,0.0365,88,c6gd,Computing,c,8.0,16.0,19332.938,AWS Graviton2 Processor,Neoverse-N1,AWS
c6gd.2xlarge,us-east-1,use1-az4,3,50.0,50.0,1.0,0.3072,0.0389,87,c6gd,Computing,c,8.0,16.0,19332.938,AWS Graviton2 Processor,Neoverse-N1,AWS
c6gd.2xlarge,us-east-1,use1-az5,3,30.0,45.0,1.0,0.3072,0.0883,71,c6gd,Computing,c,8.0,16.0,19332.938,AWS Graviton2 Processor,Neoverse-N1,AWS
c6gd.2xlarge,us-east-1,use1-az6,3,50.0,50.0,1.0,0.3072,0.0368,88,c6gd,Computing,c,8.0,16.0,19332.938,AWS Graviton2 Processor,Neoverse-N1,AWS
c6gd.4xlarge,us-east-1,use1-az1,3,50.0,50.0,1.0,0.6144,0.2186,64,c6gd,Computing,c,16.0,32.0,19340.5703,AWS Graviton2 Processor,Neoverse-N1,AWS
c6gd.4xlarge,us-east-1,use1-az2,3,25.0,40.0,1.0,0.6144,0.2421,60,c6gd,Computing,c,16.0,32.0,19340.5703,AWS Graviton2 Processor,Neoverse-N1,AWS
c6gd.4xlarge,us-east-1,use1-az4,3,50.0,50.0,1.0,0.6144,0.2165,64,c6gd,Computing,c,16.0,32.0,19340.5703,AWS Graviton2 Processor,Neoverse-N1,AWS
c6gd.4xlarge,us-east-1,use1-az5,3,5.0,10.0,1.0,0.6144,0.208,66,c6gd,Computing,c,16.0,32.0,19340.5703,AWS Graviton2 Processor,Neoverse-N1,AWS
c6gd.4xlarge,us-east-1,use1-az6,3,50.0,50.0,1.0,0.6144,0.2241,63,c6gd,Computing,c,16.0,32.0,19340.5703,AWS Graviton2 Processor,Neoverse-N1,AWS
c6gd.8xlarge,us-east-1,use1-az1,3,25.0,50.0,1.0,1.2288,0.3823,68,c6gd,Computing,c,32.0,64.0,19343.8567,AWS Graviton2 Processor,Neoverse-N1,AWS
c6gd.8xlarge,us-east-1,use1-az2,3,5.0,10.0,1.0,1.2288,0.32,73,c6gd,Computing,c,32.0,64.0,19343.8567,AWS Graviton2 Processor,Neoverse-N1,AWS
c6gd.8xlarge,us-east-1,use1-az4,3,1.0,1.0,1.0,1.2288,0.3112,74,c6gd,Computing,c,32.0,64.0,19343.8567,AWS Graviton2 Processor,Neoverse-N1,AWS
c6gd.8xlarge,us-east-1,use1-az5,3,10.0,15.0,1.0,1.2288,0.3137,74,c6gd,Computing,c,32.0,64.0,19343.8567,AWS Graviton2 Processor,Neoverse-N1,AWS
c6gd.8xlarge,us-east-1,use1-az6,3,50.0,50.0,1.0,1.2288,0.3173,74,c6gd,Computing,c,32.0,64.0,19343.8567,AWS Graviton2 Processor,Neoverse-N1,AWS
c6gd.large,us-east-1,use1-az1,3,50.0,50.0,2.5,0.0768,0.0304,60,c6gd,Computing,c,2.0,4.0,19339.7418,AWS Graviton2 Processor,Neoverse-N1,AWS
c6gd.large,us-east-1,use1-az2,3,20.0,25.0,2.5,0.0768,0.0268,65,c6gd,Computing,c,2.0,4.0,19339.7418,AWS Graviton2 Processor,Neoverse-N1,AWS
c6gd.large,us-east-1,use1-az4,3,50.0,50.0,2.5,0.0768,0.0327,57,c6gd,Computing,c,2.0,4.0,19339.7418,AWS Graviton2 Processor,Neoverse-N1,AWS
c6gd.large,us-east-1,use1-az5,3,10.0,15.0,2.5,0.0768,0.0256,66,c6gd,Computing,c,2.0,4.0,19339.7418,AWS Graviton2 Processor,Neoverse-N1,AWS
c6gd.large,us-east-1,use1-az6,3,35.0,50.0,2.5,0.0768,0.0357,53,c6gd,Computing,c,2.0,4.0,19339.7418,AWS Graviton2 Processor,Neoverse-N1,AWS
c6gd.medium,us-east-1,use1-az1,3,50.0,50.0,2.5,0.0384,0.0097,74,c6gd,Computing,c,1.0,2.0,19343.0382,AWS Graviton2 Processor,Neoverse-N1,AWS
c6gd.medium,us-east-1,use1-az2,3,30.0,50.0,2.5,0.0384,0.0087,77,c6gd,Computing,c,1.0,2.0,19343.0382,AWS Graviton2 Processor,Neoverse-N1,AWS
c6gd.medium,us-east-1,use1-az4,3,35.0,50.0,2.5,0.0384,0.0098,74,c6gd,Computing,c,1.0,2.0,19343.0382,AWS Graviton2 Processor,Neoverse-N1,AWS
c6gd.medium,us-east-1,use1-az5,3,30.0,45.0,2.5,0.0384,0.0092,76,c6gd,Computing,c,1.0,2.0,19343.0382,AWS Graviton2 Processor,Neoverse-N1,AWS
c6gd.medium,us-east-1,use1-az6,3,15.0,25.0,2.5,0.0384,0.011,71,c6gd,Computing,c,1.0,2.0,19343.0382,AWS Graviton2 Processor,Neoverse-N1,AWS
c6gd.xlarge,us-east-1,use1-az1,3,50.0,50.0,2.5,0.1536,0.0516,66,c6gd,Computing,c,4.0,8.0,19339.6675,AWS Graviton2 Processor,Neoverse-N1,AWS
c6gd.xlarge,us-east-1,use1-az2,3,10.0,15.0,2.5,0.1536,0.0556,63,c6gd,Computing,c,4.0,8.0,19339.6675,AWS Graviton2 Processor,Neoverse-N1,AWS
c6gd.xlarge,us-east-1,use1-az4,3,50.0,50.0,2.5,0.1536,0.0594,61,c6gd,Computing,c,4.0,8.0,19339.6675,AWS Graviton2 Processor,Neoverse-N1,AWS
c6gd.xlarge,us-east-1,use1-az5,3,35.0,50.0,2.5,0.1536,0.0541,64,c6gd,Computing,c,4.0,8.0,19339.6675,AWS Graviton2 Processor,Neoverse-N1,AWS
c6gd.xlarge,us-east-1,use1-az6,3,45.0,45.0,2.5,0.1536,0.0617,59,c6gd,Computing,c,4.0,8.0,19339.6675,AWS Graviton2 Processor,Neoverse-N1,AWS
c6gn.12xlarge,us-east-1,use1-az1,3,45.0,50.0,2.5,2.0736,0.4923,76,c6gn,Computing,c,48.0,96.0,19336.9770258,AWS Graviton2 Processor,Neoverse-N1,AWS
c6gn.12xlarge,us-east-1,use1-az2,3,20.0,30.0,2.5,2.0736,0.5291,74,c6gn,Computing,c,48.0,96.0,19336.9770258,AWS Graviton2 Processor,Neoverse-N1,AWS
c6gn.12xlarge,us-east-1,use1-az4,3,1.0,1.0,2.5,2.0736,0.615,70,c6gn,Computing,c,48.0,96.0,19336.9770258,AWS Graviton2 Processor,Neoverse-N1,AWS
c6gn.12xlarge,us-east-1,use1-az5,3,10.0,15.0,2.5,2.0736,0.6642,67,c6gn,Computing,c,48.0,96.0,19336.9770258,AWS Graviton2 Processor,Neoverse-N1,AWS
c6gn.12xlarge,us-east-1,use1-az6,3,5.0,10.0,2.5,2.0736,0.8883,57,c6gn,Computing,c,48.0,96.0,19336.9770258,AWS Graviton2 Processor,Neoverse-N1,AWS
c6gn.16xlarge,us-east-1,use1-az1,3,50.0,50.0,3.0,2.7648,0.5516,80,c6gn,Computing,c,64.0,128.0,19332.7130206,AWS Graviton2 Processor,Neoverse-N1,AWS
c6gn.16xlarge,us-east-1,use1-az2,3,50.0,50.0,3.0,2.7648,0.584,78,c6gn,Computing,c,64.0,128.0,19332.7130206,AWS Graviton2 Processor,Neoverse-N1,AWS
c6gn.16xlarge,us-east-1,use1-az4,1,0.0,0.0,3.0,2.7648,0.6967,74,c6gn,Computing,c,64.0,128.0,19332.7130206,AWS Graviton2 Processor,Neoverse-N1,AWS
c6gn.16xlarge,us-east-1,use1-az5,3,40.0,50.0,3.0,2.7648,0.7244,73,c6gn,Computing,c,64.0,128.0,19332.7130206,AWS Graviton2 Processor,Neoverse-N1,AWS
c6gn.16xlarge,us-east-1,use1-az6,3,15.0,20.0,3.0,2.7648,0.7386,73,c6gn,Computing,c,64.0,128.0,19332.7130206,AWS Graviton2 Processor,Neoverse-N1,AWS
c6gn.2xlarge,us-east-1,use1-az1,3,35.0,50.0,2.5,0.3456,0.1126,67,c6gn,Computing,c,8.0,16.0,19330.7700704,AWS Graviton2 Processor,Neoverse-N1,AWS
c6gn.2xlarge,us-east-1,use1-az2,3,30.0,45.0,2.5,0.3456,0.1126,67,c6gn,Computing,c,8.0,16.0,19330.7700704,AWS Graviton2 Processor,Neoverse-N1,AWS
c6gn.2xlarge,us-east-1,use1-az4,3,15.0,25.0,2.5,0.3456,0.0887,74,c6gn,Computing,c,8.0,16.0,19330.7700704,AWS Graviton2 Processor,Neoverse-N1,AWS
c6gn.2xlarge,us-east-1,use1-az5,3,5.0,5.0,2.5,0.3456,0.1155,66,c6gn,Computing,c,8.0,16.0,19330.7700704,AWS Graviton2 Processor,Neoverse-N1,AWS
c6gn.2xlarge,us-east-1,use1-az6,3,10.0,10.0,2.5,0.3456,0.1124,67,c6gn,Computing,c,8.0,16.0,19330.7700704,AWS Graviton2 Processor,Neoverse-N1,AWS
c6gn.4xlarge,us-east-1,use1-az1,3,15.0,20.0,2.5,0.6912,0.2083,69,c6gn,Computing,c,16.0,32.0,19333.908780599995,AWS Graviton2 Processor,Neoverse-N1,AWS
c6gn.4xlarge,us-east-1,use1-az2,3,15.0,25.0,2.5,0.6912,0.2233,67,c6gn,Computing,c,16.0,32.0,19333.908780599995,AWS Graviton2 Processor,Neoverse-N1,AWS
c6gn.4xlarge,us-east-1,use1-az4,3,1.0,1.0,2.5,0.6912,0.1942,71,c6gn,Computing,c,16.0,32.0,19333.908780599995,AWS Graviton2 Processor,Neoverse-N1,AWS
c6gn.4xlarge,us-east-1,use1-az5,3,1.0,5.0,2.5,0.6912,0.2176,68,c6gn,Computing,c,16.0,32.0,19333.908780599995,AWS Graviton2 Processor,Neoverse-N1,AWS
c6gn.4xlarge,us-east-1,use1-az6,3,5.0,10.0,2.5,0.6912,0.2233,67,c6gn,Computing,c,16.0,32.0,19333.908780599995,AWS Graviton2 Processor,Neoverse-N1,AWS
c6gn.8xlarge,us-east-1,use1-az1,3,15.0,25.0,2.0,1.3824,0.3971,71,c6gn,Computing,c,32.0,64.0,19339.3687546,AWS Graviton2 Processor,Neoverse-N1,AWS
c6gn.8xlarge,us-east-1,use1-az2,3,5.0,10.0,2.0,1.3824,0.3918,71,c6gn,Computing,c,32.0,64.0,19339.3687546,AWS Graviton2 Processor,Neoverse-N1,AWS
c6gn.8xlarge,us-east-1,use1-az4,3,10.0,15.0,2.0,1.3824,0.4247,69,c6gn,Computing,c,32.0,64.0,19339.3687546,AWS Graviton2 Processor,Neoverse-N1,AWS
c6gn.8xlarge,us-east-1,use1-az5,3,1.0,1.0,2.0,1.3824,0.4361,68,c6gn,Computing,c,32.0,64.0,19339.3687546,AWS Graviton2 Processor,Neoverse-N1,AWS
c6gn.8xlarge,us-east-1,use1-az6,3,5.0,10.0,2.0,1.3824,0.4773,65,c6gn,Computing,c,32.0,64.0,19339.3687546,AWS Graviton2 Processor,Neoverse-N1,AWS
c6gn.large,us-east-1,use1-az1,3,50.0,50.0,3.0,0.0864,0.0349,59,c6gn,Computing,c,2.0,4.0,19340.7147556,AWS Graviton2 Processor,Neoverse-N1,AWS
c6gn.large,us-east-1,use1-az2,3,50.0,50.0,3.0,0.0864,0.038,56,c6gn,Computing,c,2.0,4.0,19340.7147556,AWS Graviton2 Processor,Neoverse-N1,AWS
c6gn.large,us-east-1,use1-az4,3,25.0,40.0,3.0,0.0864,0.0404,53,c6gn,Computing,c,2.0,4.0,19340.7147556,AWS Graviton2 Processor,Neoverse-N1,AWS
c6gn.large,us-east-1,use1-az5,3,15.0,25.0,3.0,0.0864,0.034,60,c6gn,Computing,c,2.0,4.0,19340.7147556,AWS Graviton2 Processor,Neoverse-N1,AWS
c6gn.large,us-east-1,use1-az6,3,25.0,40.0,3.0,0.0864,0.0348,59,c6gn,Computing,c,2.0,4.0,19340.7147556,AWS Graviton2 Processor,Neoverse-N1,AWS
c6gn.medium,us-east-1,use1-az1,3,50.0,50.0,1.5,0.0432,0.0111,74,c6gn,Computing,c,1.0,2.0,19318.908766400004,AWS Graviton2 Processor,Neoverse-N1,AWS
c6gn.medium,us-east-1,use1-az2,3,50.0,50.0,1.5,0.0432,0.0103,76,c6gn,Computing,c,1.0,2.0,19318.908766400004,AWS Graviton2 Processor,Neoverse-N1,AWS
c6gn.medium,us-east-1,use1-az4,3,15.0,20.0,1.5,0.0432,0.011,74,c6gn,Computing,c,1.0,2.0,19318.908766400004,AWS Graviton2 Processor,Neoverse-N1,AWS
c6gn.medium,us-east-1,use1-az5,3,40.0,50.0,1.5,0.0432,0.0094,78,c6gn,Computing,c,1.0,2.0,19318.908766400004,AWS Graviton2 Processor,Neoverse-N1,AWS
c6gn.medium,us-east-1,use1-az6,3,40.0,50.0,1.5,0.0432,0.011,74,c6gn,Computing,c,1.0,2.0,19318.908766400004,AWS Graviton2 Processor,Neoverse-N1,AWS
c6gn.xlarge,us-east-1,use1-az1,3,45.0,50.0,3.0,0.1728,0.0724,58,c6gn,Computing,c,4.0,8.0,19338.3219264,AWS Graviton2 Processor,Neoverse-N1,AWS
c6gn.xlarge,us-east-1,use1-az2,3,25.0,35.0,3.0,0.1728,0.0682,60,c6gn,Computing,c,4.0,8.0,19338.3219264,AWS Graviton2 Processor,Neoverse-N1,AWS
c6gn.xlarge,us-east-1,use1-az4,3,5.0,5.0,3.0,0.1728,0.0515,70,c6gn,Computing,c,4.0,8.0,19338.3219264,AWS Graviton2 Processor,Neoverse-N1,AWS
c6gn.xlarge,us-east-1,use1-az5,3,10.0,15.0,3.0,0.1728,0.0567,67,c6gn,Computing,c,4.0,8.0,19338.3219264,AWS Graviton2 Processor,Neoverse-N1,AWS
c6gn.xlarge,us-east-1,use1-az6,3,35.0,50.0,3.0,0.1728,0.0872,49,c6gn,Computing,c,4.0,8.0,19338.3219264,AWS Graviton2 Processor,Neoverse-N1,AWS
c6i.12xlarge,us-east-1,use1-az1,3,5.0,10.0,2.5,2.04,0.6281,69,c6i,Computing,c,48.0,96.0,28988.062929999996,Intel(R) Xeon(R) Platinum 8375C CPU @ 2.90GHz,Intel(R) Xeon(R) Platinum 8375C CPU @ 2.90GHz,Intel
c6i.12xlarge,us-east-1,use1-az2,3,50.0,50.0,2.5,2.04,0.7383,63,c6i,Computing,c,48.0,96.0,28988.062929999996,Intel(R) Xeon(R) Platinum 8375C CPU @ 2.90GHz,Intel(R) Xeon(R) Platinum 8375C CPU @ 2.90GHz,Intel
c6i.12xlarge,us-east-1,use1-az4,3,50.0,50.0,2.5,2.04,0.6536,67,c6i,Computing,c,48.0,96.0,28988.062929999996,Intel(R) Xeon(R) Platinum 8375C CPU @ 2.90GHz,Intel(R) Xeon(R) Platinum 8375C CPU @ 2.90GHz,Intel
c6i.12xlarge,us-east-1,use1-az5,3,5.0,10.0,2.5,2.04,0.7059,65,c6i,Computing,c,48.0,96.0,28988.062929999996,Intel(R) Xeon(R) Platinum 8375C CPU @ 2.90GHz,Intel(R) Xeon(R) Platinum 8375C CPU @ 2.90GHz,Intel
c6i.12xlarge,us-east-1,use1-az6,3,50.0,50.0,2.5,2.04,0.7404,63,c6i,Computing,c,48.0,96.0,28988.062929999996,Intel(R) Xeon(R) Platinum 8375C CPU @ 2.90GHz,Intel(R) Xeon(R) Platinum 8375C CPU @ 2.90GHz,Intel
c6i.16xlarge,us-east-1,use1-az1,3,1.0,1.0,2.0,2.72,0.8639,68,c6i,Computing,c,64.0,128.0,28992.4932682,Intel(R) Xeon(R) Platinum 8375C CPU @ 2.90GHz,Intel(R) Xeon(R) Platinum 8375C CPU @ 2.90GHz,Intel
c6i.16xlarge,us-east-1,use1-az2,3,50.0,50.0,2.0,2.72,0.9561,64,c6i,Computing,c,64.0,128.0,28992.4932682,Intel(R) Xeon(R) Platinum 8375C CPU @ 2.90GHz,Intel(R) Xeon(R) Platinum 8375C CPU @ 2.90GHz,Intel
c6i.16xlarge,us-east-1,use1-az4,3,50.0,50.0,2.0,2.72,0.9211,66,c6i,Computing,c,64.0,128.0,28992.4932682,Intel(R) Xeon(R) Platinum 8375C CPU @ 2.90GHz,Intel(R) Xeon(R) Platinum 8375C CPU @ 2.90GHz,Intel
c6i.16xlarge,us-east-1,use1-az5,3,50.0,50.0,2.0,2.72,0.8005,70,c6i,Computing,c,64.0,128.0,28992.4932682,Intel(R) Xeon(R) Platinum 8375C CPU @ 2.90GHz,Intel(R) Xeon(R) Platinum 8375C CPU @ 2.90GHz,Intel
c6i.16xlarge,us-east-1,use1-az6,3,50.0,50.0,2.0,2.72,0.9449,65,c6i,Computing,c,64.0,128.0,28992.4932682,Intel(R) Xeon(R) Platinum 8375C CPU @ 2.90GHz,Intel(R) Xeon(R) Platinum 8375C CPU @ 2.90GHz,Intel
c6i.24xlarge,us-east-1,use1-az1,1,0.0,0.0,2.0,4.08,1.142,72,c6i,Computing,c,96.0,192.0,28987.8711202,Intel(R) Xeon(R) Platinum 8375C CPU @ 2.90GHz,Intel(R) Xeon(R) Platinum 8375C CPU @ 2.90GHz,Intel
c6i.24xlarge,us-east-1,use1-az2,3,50.0,50.0,2.0,4.08,1.2473,69,c6i,Computing,c,96.0,192.0,28987.8711202,Intel(R) Xeon(R) Platinum 8375C CPU @ 2.90GHz,Intel(R) Xeon(R) Platinum 8375C CPU @ 2.90GHz,Intel
c6i.24xlarge,us-east-1,use1-az4,3,50.0,50.0,2.0,4.08,1.2188,70,c6i,Computing,c,96.0,192.0,28987.8711202,Intel(R) Xeon(R) Platinum 8375C CPU @ 2.90GHz,Intel(R) Xeon(R) Platinum 8375C CPU @ 2.90GHz,Intel
c6i.24xlarge,us-east-1,use1-az5,3,15.0,25.0,2.0,4.08,1.1467,71,c6i,Computing,c,96.0,192.0,28987.8711202,Intel(R) Xeon(R) Platinum 8375C CPU @ 2.90GHz,Intel(R) Xeon(R) Platinum 8375C CPU @ 2.90GHz,Intel
c6i.24xlarge,us-east-1,use1-az6,3,30.0,50.0,2.0,4.08,1.5553,61,c6i,Computing,c,96.0,192.0,28987.8711202,Intel(R) Xeon(R) Platinum 8375C CPU @ 2.90GHz,Intel(R) Xeon(R) Platinum 8375C CPU @ 2.90GHz,Intel
c6i.2xlarge,us-east-1,use1-az1,3,50.0,50.0,3.0,0.34,0.1822,46,c6i,Computing,c,8.0,16.0,28993.581941399996,Intel(R) Xeon(R) Platinum 8375C CPU @ 2.90GHz,Intel(R) Xeon(R) Platinum 8375C CPU @ 2.90GHz,Intel
c6i.2xlarge,us-east-1,use1-az2,3,50.0,50.0,3.0,0.34,0.1669,50,c6i,Computing,c,8.0,16.0,28993.581941399996,Intel(R) Xeon(R) Platinum 8375C CPU @ 2.90GHz,Intel(R) Xeon(R) Platinum 8375C CPU @ 2.90GHz,Intel
c6i.2xlarge,us-east-1,use1-az4,3,50.0,50.0,3.0,0.34,0.1633,51,c6i,Computing,c,8.0,16.0,28993.581941399996,Intel(R) Xeon(R) Platinum 8375C CPU @ 2.90GHz,Intel(R) Xeon(R) Platinum 8375C CPU @ 2.90GHz,Intel
c6i.2xlarge,us-east-1,use1-az5,3,50.0,50.0,3.0,0.34,0.1571,53,c6i,Computing,c,8.0,16.0,28993.581941399996,Intel(R) Xeon(R) Platinum 8375C CPU @ 2.90GHz,Intel(R) Xeon(R) Platinum 8375C CPU @ 2.90GHz,Intel
c6i.2xlarge,us-east-1,use1-az6,3,50.0,50.0,3.0,0.34,0.1749,48,c6i,Computing,c,8.0,16.0,28993.581941399996,Intel(R) Xeon(R) Platinum 8375C CPU @ 2.90GHz,Intel(R) Xeon(R) Platinum 8375C CPU @ 2.90GHz,Intel
c6i.32xlarge,us-east-1,use1-az1,1,0.0,0.0,2.0,5.44,1.4609,73,c6i,Computing,c,128.0,256.0,29018.165251799997,Intel(R) Xeon(R) Platinum 8375C CPU @ 2.90GHz,Intel(R) Xeon(R) Platinum 8375C CPU @ 2.90GHz,Intel
c6i.32xlarge,us-east-1,use1-az2,3,50.0,50.0,2.0,5.44,1.5104,72,c6i,Computing,c,128.0,256.0,29018.165251799997,Intel(R) Xeon(R) Platinum 8375C CPU @ 2.90GHz,Intel(R) Xeon(R) Platinum 8375C CPU @ 2.90GHz,Intel
c6i.32xlarge,us-east-1,use1-az4,3,50.0,50.0,2.0,5.44,1.3965,74,c6i,Computing,c,128.0,256.0,29018.165251799997,Intel(R) Xeon(R) Platinum 8375C CPU @ 2.90GHz,Intel(R) Xeon(R) Platinum 8375C CPU @ 2.90GHz,Intel
c6i.32xlarge,us-east-1,use1-az5,3,25.0,45.0,2.0,5.44,1.4183,73,c6i,Computing,c,128.0,256.0,29018.165251799997,Intel(R) Xeon(R) Platinum 8375C CPU @ 2.90GHz,Intel(R) Xeon(R) Platinum 8375C CPU @ 2.90GHz,Intel
c6i.32xlarge,us-east-1,use1-az6,3,50.0,50.0,2.0,5.44,1.5289,71,c6i,Computing,c,128.0,256.0,29018.165251799997,Intel(R) Xeon(R) Platinum 8375C CPU @ 2.90GHz,Intel(R) Xeon(R) Platinum 8375C CPU @ 2.90GHz,Intel
c6i.4xlarge,us-east-1,use1-az1,3,10.0,30.0,2.0,0.68,0.2954,56,c6i,Computing,c,16.0,32.0,28990.399477599996,Intel(R) Xeon(R) Platinum 8375C CPU @ 2.90GHz,Intel(R) Xeon(R) Platinum 8375C CPU @ 2.90GHz,Intel
c6i.4xlarge,us-east-1,use1-az2,3,50.0,50.0,2.0,0.68,0.2941,56,c6i,Computing,c,16.0,32.0,28990.399477599996,Intel(R) Xeon(R) Platinum 8375C CPU @ 2.90GHz,Intel(R) Xeon(R) Platinum 8375C CPU @ 2.90GHz,Intel
c6i.4xlarge,us-east-1,use1-az4,3,45.0,50.0,2.0,0.68,0.3021,55,c6i,Computing,c,16.0,32.0,28990.399477599996,Intel(R) Xeon(R) Platinum 8375C CPU @ 2.90GHz,Intel(R) Xeon(R) Platinum 8375C CPU @ 2.90GHz,Intel
c6i.4xlarge,us-east-1,use1-az5,3,50.0,50.0,2.0,0.68,0.299,56,c6i,Computing,c,16.0,32.0,28990.399477599996,Intel(R) Xeon(R) Platinum 8375C CPU @ 2.90GHz,Intel(R) Xeon(R) Platinum 8375C CPU @ 2.90GHz,Intel
c6i.4xlarge,us-east-1,use1-az6,3,50.0,50.0,2.0,0.68,0.3023,55,c6i,Computing,c,16.0,32.0,28990.399477599996,Intel(R) Xeon(R) Platinum 8375C CPU @ 2.90GHz,Intel(R) Xeon(R) Platinum 8375C CPU @ 2.90GHz,Intel
c6i.8xlarge,us-east-1,use1-az1,3,5.0,5.0,2.5,1.36,0.5014,63,c6i,Computing,c,32.0,64.0,28991.614398399997,Intel(R) Xeon(R) Platinum 8375C CPU @ 2.90GHz,Intel(R) Xeon(R) Platinum 8375C CPU @ 2.90GHz,Intel
c6i.8xlarge,us-east-1,use1-az2,3,50.0,50.0,2.5,1.36,0.4994,63,c6i,Computing,c,32.0,64.0,28991.614398399997,Intel(R) Xeon(R) Platinum 8375C CPU @ 2.90GHz,Intel(R) Xeon(R) Platinum 8375C CPU @ 2.90GHz,Intel
c6i.8xlarge,us-east-1,use1-az4,3,50.0,50.0,2.5,1.36,0.5409,60,c6i,Computing,c,32.0,64.0,28991.614398399997,Intel(R) Xeon(R) Platinum 8375C CPU @ 2.90GHz,Intel(R) Xeon(R) Platinum 8375C CPU @ 2.90GHz,Intel
c6i.8xlarge,us-east-1,use1-az5,3,50.0,50.0,2.5,1.36,0.4834,64,c6i,Computing,c,32.0,64.0,28991.614398399997,Intel(R) Xeon(R) Platinum 8375C CPU @ 2.90GHz,Intel(R) Xeon(R) Platinum 8375C CPU @ 2.90GHz,Intel
c6i.8xlarge,us-east-1,use1-az6,3,50.0,50.0,2.5,1.36,0.6272,53,c6i,Computing,c,32.0,64.0,28991.614398399997,Intel(R) Xeon(R) Platinum 8375C CPU @ 2.90GHz,Intel(R) Xeon(R) Platinum 8375C CPU @ 2.90GHz,Intel
c6i.large,us-east-1,use1-az1,3,50.0,50.0,2.5,0.085,0.0348,59,c6i,Computing,c,2.0,4.0,28979.9723826,Intel(R) Xeon(R) Platinum 8375C CPU @ 2.90GHz,Intel(R) Xeon(R) Platinum 8375C CPU @ 2.90GHz,Intel
c6i.large,us-east-1,use1-az2,3,50.0,50.0,2.5,0.085,0.0297,65,c6i,Computing,c,2.0,4.0,28979.9723826,Intel(R) Xeon(R) Platinum 8375C CPU @ 2.90GHz,Intel(R) Xeon(R) Platinum 8375C CPU @ 2.90GHz,Intel
c6i.large,us-east-1,use1-az4,3,50.0,50.0,2.5,0.085,0.0292,65,c6i,Computing,c,2.0,4.0,28979.9723826,Intel(R) Xeon(R) Platinum 8375C CPU @ 2.90GHz,Intel(R) Xeon(R) Platinum 8375C CPU @ 2.90GHz,Intel
c6i.large,us-east-1,use1-az5,3,50.0,50.0,2.5,0.085,0.025,70,c6i,Computing,c,2.0,4.0,28979.9723826,Intel(R) Xeon(R) Platinum 8375C CPU @ 2.90GHz,Intel(R) Xeon(R) Platinum 8375C CPU @ 2.90GHz,Intel
c6i.large,us-east-1,use1-az6,3,50.0,50.0,2.5,0.085,0.0315,62,c6i,Computing,c,2.0,4.0,28979.9723826,Intel(R) Xeon(R) Platinum 8375C CPU @ 2.90GHz,Intel(R) Xeon(R) Platinum 8375C CPU @ 2.90GHz,Intel
c6i.xlarge,us-east-1,use1-az1,3,50.0,50.0,2.0,0.17,0.0686,59,c6i,Computing,c,4.0,8.0,28981.01301,Intel(R) Xeon(R) Platinum 8375C CPU @ 2.90GHz,Intel(R) Xeon(R) Platinum 8375C CPU @ 2.90GHz,Intel
c6i.xlarge,us-east-1,use1-az2,3,50.0,50.0,2.0,0.17,0.0678,60,c6i,Computing,c,4.0,8.0,28981.01301,Intel(R) Xeon(R) Platinum 8375C CPU @ 2.90GHz,Intel(R) Xeon(R) Platinum 8375C CPU @ 2.90GHz,Intel
c6i.xlarge,us-east-1,use1-az4,3,50.0,50.0,2.0,0.17,0.067,60,c6i,Computing,c,4.0,8.0,28981.01301,Intel(R) Xeon(R) Platinum 8375C CPU @ 2.90GHz,Intel(R) Xeon(R) Platinum 8375C CPU @ 2.90GHz,Intel
c6i.xlarge,us-east-1,use1-az5,3,50.0,50.0,2.0,0.17,0.0611,64,c6i,Computing,c,4.0,8.0,28981.01301,Intel(R) Xeon(R) Platinum 8375C CPU @ 2.90GHz,Intel(R) Xeon(R) Platinum 8375C CPU @ 2.90GHz,Intel
c6i.xlarge,us-east-1,use1-az6,3,50.0,50.0,2.0,0.17,0.073,57,c6i,Computing,c,4.0,8.0,28981.01301,Intel(R) Xeon(R) Platinum 8375C CPU @ 2.90GHz,Intel(R) Xeon(R) Platinum 8375C CPU @ 2.90GHz,Intel
c6id.12xlarge,us-east-1,use1-az1,3,1.0,1.0,1.0,2.4192,0.9652,60,c6id,Computing,c,48.0,96.0,28961.0229,Intel(R) Xeon(R) Platinum 8375C CPU @ 2.90GHz,Intel(R) Xeon(R) Platinum 8375C CPU @ 2.90GHz,Intel
c6id.12xlarge,us-east-1,use1-az2,3,5.0,5.0,1.0,2.4192,0.7963,67,c6id,Computing,c,48.0,96.0,28961.0229,Intel(R) Xeon(R) Platinum 8375C CPU @ 2.90GHz,Intel(R) Xeon(R) Platinum 8375C CPU @ 2.90GHz,Intel
c6id.12xlarge,us-east-1,use1-az4,3,15.0,25.0,1.0,2.4192,0.7184,70,c6id,Computing,c,48.0,96.0,28961.0229,Intel(R) Xeon(R) Platinum 8375C CPU @ 2.90GHz,Intel(R) Xeon(R) Platinum 8375C CPU @ 2.90GHz,Intel
c6id.12xlarge,us-east-1,use1-az5,3,1.0,1.0,1.0,2.4192,0.7528,68,c6id,Computing,c,48.0,96.0,28961.0229,Intel(R) Xeon(R) Platinum 8375C CPU @ 2.90GHz,Intel(R) Xeon(R) Platinum 8375C CPU @ 2.90GHz,Intel
c6id.12xlarge,us-east-1,use1-az6,3,5.0,5.0,1.0,2.4192,0.8067,66,c6id,Computing,c,48.0,96.0,28961.0229,Intel(R) Xeon(R) Platinum 8375C CPU @ 2.90GHz,Intel(R) Xeon(R) Platinum 8375C CPU @ 2.90GHz,Intel
c6id.16xlarge,us-east-1,use1-az1,3,1.0,1.0,1.0,3.2256,1.5141,53,c6id,Computing,c,64.0,128.0,28990.2103,Intel(R) Xeon(R) Platinum 8375C CPU @ 2.90GHz,Intel(R) Xeon(R) Platinum 8375C CPU @ 2.90GHz,Intel
c6id.16xlarge,us-east-1,use1-az2,3,1.0,5.0,1.0,3.2256,1.1083,65,c6id,Computing,c,64.0,128.0,28990.2103,Intel(R) Xeon(R) Platinum 8375C CPU @ 2.90GHz,Intel(R) Xeon(R) Platinum 8375C CPU @ 2.90GHz,Intel
c6id.16xlarge,us-east-1,use1-az4,3,5.0,15.0,1.0,3.2256,0.94,70,c6id,Computing,c,64.0,128.0,28990.2103,Intel(R) Xeon(R) Platinum 8375C CPU @ 2.90GHz,Intel(R) Xeon(R) Platinum 8375C CPU @ 2.90GHz,Intel
c6id.16xlarge,us-east-1,use1-az5,2,0.0,1.0,1.0,3.2256,0.8854,72,c6id,Computing,c,64.0,128.0,28990.2103,Intel(R) Xeon(R) Platinum 8375C CPU @ 2.90GHz,Intel(R) Xeon(R) Platinum 8375C CPU @ 2.90GHz,Intel
c6id.16xlarge,us-east-1,use1-az6,3,1.0,5.0,1.0,3.2256,1.1173,65,c6id,Computing,c,64.0,128.0,28990.2103,Intel(R) Xeon(R) Platinum 8375C CPU @ 2.90GHz,Intel(R) Xeon(R) Platinum 8375C CPU @ 2.90GHz,Intel
c6id.24xlarge,us-east-1,use1-az1,3,1.0,1.0,1.0,4.8384,3.0042,37,c6id,Computing,c,96.0,192.0,29012.2559,Intel(R) Xeon(R) Platinum 8375C CPU @ 2.90GHz,Intel(R) Xeon(R) Platinum 8375C CPU @ 2.90GHz,Intel
c6id.24xlarge,us-east-1,use1-az2,3,10.0,15.0,1.0,4.8384,1.3044,73,c6id,Computing,c,96.0,192.0,29012.2559,Intel(R) Xeon(R) Platinum 8375C CPU @ 2.90GHz,Intel(R) Xeon(R) Platinum 8375C CPU @ 2.90GHz,Intel
c6id.24xlarge,us-east-1,use1-az4,3,15.0,20.0,1.0,4.8384,1.4916,69,c6id,Computing,c,96.0,192.0,29012.2559,Intel(R) Xeon(R) Platinum 8375C CPU @ 2.90GHz,Intel(R) Xeon(R) Platinum 8375C CPU @ 2.90GHz,Intel
c6id.24xlarge,us-east-1,use1-az5,3,5.0,5.0,1.0,4.8384,1.2535,74,c6id,Computing,c,96.0,192.0,29012.2559,Intel(R) Xeon(R) Platinum 8375C CPU @ 2.90GHz,Intel(R) Xeon(R) Platinum 8375C CPU @ 2.90GHz,Intel
c6id.24xlarge,us-east-1,use1-az6,3,25.0,35.0,1.0,4.8384,1.4915,69,c6id,Computing,c,96.0,192.0,29012.2559,Intel(R) Xeon(R) Platinum 8375C CPU @ 2.90GHz,Intel(R) Xeon(R) Platinum 8375C CPU @ 2.90GHz,Intel
c6id.2xlarge,us-east-1,use1-az1,3,10.0,10.0,1.0,0.4032,0.1939,51,c6id,Computing,c,8.0,16.0,28941.9924,Intel(R) Xeon(R) Platinum 8375C CPU @ 2.90GHz,Intel(R) Xeon(R) Platinum 8375C CPU @ 2.90GHz,Intel
c6id.2xlarge,us-east-1,use1-az2,3,5.0,10.0,1.0,0.4032,0.1685,58,c6id,Computing,c,8.0,16.0,28941.9924,Intel(R) Xeon(R) Platinum 8375C CPU @ 2.90GHz,Intel(R) Xeon(R) Platinum 8375C CPU @ 2.90GHz,Intel
c6id.2xlarge,us-east-1,use1-az4,3,5.0,10.0,1.0,0.4032,0.1777,55,c6id,Computing,c,8.0,16.0,28941.9924,Intel(R) Xeon(R) Platinum 8375C CPU @ 2.90GHz,Intel(R) Xeon(R) Platinum 8375C CPU @ 2.90GHz,Intel
c6id.2xlarge,us-east-1,use1-az5,3,5.0,5.0,1.0,0.4032,0.1645,59,c6id,Computing,c,8.0,16.0,28941.9924,Intel(R) Xeon(R) Platinum 8375C CPU @ 2.90GHz,Intel(R) Xeon(R) Platinum 8375C CPU @ 2.90GHz,Intel
c6id.2xlarge,us-east-1,use1-az6,3,5.0,10.0,1.0,0.4032,0.1812,55,c6id,Computing,c,8.0,16.0,28941.9924,Intel(R) Xeon(R) Platinum 8375C CPU @ 2.90GHz,Intel(R) Xeon(R) Platinum 8375C CPU @ 2.90GHz,Intel
c6id.32xlarge,us-east-1,use1-az1,3,1.0,1.0,1.5,6.4512,1.8298,71,c6id,Computing,c,128.0,256.0,29015.6428,Intel(R) Xeon(R) Platinum 8375C CPU @ 2.90GHz,Intel(R) Xeon(R) Platinum 8375C CPU @ 2.90GHz,Intel
c6id.32xlarge,us-east-1,use1-az2,3,15.0,30.0,1.5,6.4512,1.7922,72,c6id,Computing,c,128.0,256.0,29015.6428,Intel(R) Xeon(R) Platinum 8375C CPU @ 2.90GHz,Intel(R) Xeon(R) Platinum 8375C CPU @ 2.90GHz,Intel
c6id.32xlarge,us-east-1,use1-az4,3,50.0,50.0,1.5,6.4512,1.841,71,c6id,Computing,c,128.0,256.0,29015.6428,Intel(R) Xeon(R) Platinum 8375C CPU @ 2.90GHz,Intel(R) Xeon(R) Platinum 8375C CPU @ 2.90GHz,Intel
c6id.32xlarge,us-east-1,use1-az5,3,5.0,5.0,1.5,6.4512,1.5051,76,c6id,Computing,c,128.0,256.0,29015.6428,Intel(R) Xeon(R) Platinum 8375C CPU @ 2.90GHz,Intel(R) Xeon(R) Platinum 8375C CPU @ 2.90GHz,Intel
c6id.32xlarge,us-east-1,use1-az6,3,35.0,50.0,1.5,6.4512,1.8781,70,c6id,Computing,c,128.0,256.0,29015.6428,Intel(R) Xeon(R) Platinum 8375C CPU @ 2.90GHz,Intel(R) Xeon(R) Platinum 8375C CPU @ 2.90GHz,Intel
c6id.4xlarge,us-east-1,use1-az1,3,1.0,5.0,1.0,0.8064,0.5252,34,c6id,Computing,c,16.0,32.0,28976.8133,Intel(R) Xeon(R) Platinum 8375C CPU @ 2.90GHz,Intel(R) Xeon(R) Platinum 8375C CPU @ 2.90GHz,Intel
c6id.4xlarge,us-east-1,use1-az2,3,40.0,50.0,1.0,0.8064,0.306,62,c6id,Computing,c,16.0,32.0,28976.8133,Intel(R) Xeon(R) Platinum 8375C CPU @ 2.90GHz,Intel(R) Xeon(R) Platinum 8375C CPU @ 2.90GHz,Intel
c6id.4xlarge,us-east-1,use1-az4,3,45.0,50.0,1.0,0.8064,0.317,60,c6id,Computing,c,16.0,32.0,28976.8133,Intel(R) Xeon(R) Platinum 8375C CPU @ 2.90GHz,Intel(R) Xeon(R) Platinum 8375C CPU @ 2.90GHz,Intel
c6id.4xlarge,us-east-1,use1-az5,3,5.0,10.0,1.0,0.8064,0.4153,48,c6id,Computing,c,16.0,32.0,28976.8133,Intel(R) Xeon(R) Platinum 8375C CPU @ 2.90GHz,Intel(R) Xeon(R) Platinum 8375C CPU @ 2.90GHz,Intel
c6id.4xlarge,us-east-1,use1-az6,3,50.0,50.0,1.0,0.8064,0.3008,62,c6id,Computing,c,16.0,32.0,28976.8133,Intel(R) Xeon(R) Platinum 8375C CPU @ 2.90GHz,Intel(R) Xeon(R) Platinum 8375C CPU @ 2.90GHz,Intel
c6id.8xlarge,us-east-1,use1-az1,3,5.0,5.0,1.0,1.6128,0.7579,53,c6id,Computing,c,32.0,64.0,28993.0782,Intel(R) Xeon(R) Platinum 8375C CPU @ 2.90GHz,Intel(R) Xeon(R) Platinum 8375C CPU @ 2.90GHz,Intel
c6id.8xlarge,us-east-1,use1-az2,3,10.0,15.0,1.0,1.6128,0.6981,56,c6id,Computing,c,32.0,64.0,28993.0782,Intel(R) Xeon(R) Platinum 8375C CPU @ 2.90GHz,Intel(R) Xeon(R) Platinum 8375C CPU @ 2.90GHz,Intel
c6id.8xlarge,us-east-1,use1-az4,3,20.0,40.0,1.0,1.6128,0.5843,63,c6id,Computing,c,32.0,64.0,28993.0782,Intel(R) Xeon(R) Platinum 8375C CPU @ 2.90GHz,Intel(R) Xeon(R) Platinum 8375C CPU @ 2.90GHz,Intel
c6id.8xlarge,us-east-1,use1-az5,3,1.0,5.0,1.0,1.6128,0.5876,63,c6id,Computing,c,32.0,64.0,28993.0782,Intel(R) Xeon(R) Platinum 8375C CPU @ 2.90GHz,Intel(R) Xeon(R) Platinum 8375C CPU @ 2.90GHz,Intel
c6id.8xlarge,us-east-1,use1-az6,3,10.0,20.0,1.0,1.6128,0.6033,62,c6id,Computing,c,32.0,64.0,28993.0782,Intel(R) Xeon(R) Platinum 8375C CPU @ 2.90GHz,Intel(R) Xeon(R) Platinum 8375C CPU @ 2.90GHz,Intel
c6id.large,us-east-1,use1-az1,3,5.0,10.0,2.0,0.1008,0.0417,58,c6id,Computing,c,2.0,4.0,28984.3719,Intel(R) Xeon(R) Platinum 8375C CPU @ 2.90GHz,Intel(R) Xeon(R) Platinum 8375C CPU @ 2.90GHz,Intel
c6id.large,us-east-1,use1-az2,3,20.0,20.0,2.0,0.1008,0.0671,33,c6id,Computing,c,2.0,4.0,28984.3719,Intel(R) Xeon(R) Platinum 8375C CPU @ 2.90GHz,Intel(R) Xeon(R) Platinum 8375C CPU @ 2.90GHz,Intel
c6id.large,us-east-1,use1-az4,3,25.0,30.0,2.0,0.1008,0.0568,43,c6id,Computing,c,2.0,4.0,28984.3719,Intel(R) Xeon(R) Platinum 8375C CPU @ 2.90GHz,Intel(R) Xeon(R) Platinum 8375C CPU @ 2.90GHz,Intel
c6id.large,us-east-1,use1-az5,3,1.0,5.0,2.0,0.1008,0.0321,68,c6id,Computing,c,2.0,4.0,28984.3719,Intel(R) Xeon(R) Platinum 8375C CPU @ 2.90GHz,Intel(R) Xeon(R) Platinum 8375C CPU @ 2.90GHz,Intel
c6id.large,us-east-1,use1-az6,3,20.0,35.0,2.0,0.1008,0.0535,46,c6id,Computing,c,2.0,4.0,28984.3719,Intel(R) Xeon(R) Platinum 8375C CPU @ 2.90GHz,Intel(R) Xeon(R) Platinum 8375C CPU @ 2.90GHz,Intel
c6id.xlarge,us-east-1,use1-az1,3,10.0,15.0,1.5,0.2016,0.0912,54,c6id,Computing,c,4.0,8.0,28966.9726,Intel(R) Xeon(R) Platinum 8375C CPU @ 2.90GHz,Intel(R) Xeon(R) Platinum 8375C CPU @ 2.90GHz,Intel
c6id.xlarge,us-east-1,use1-az2,3,25.0,50.0,1.5,0.2016,0.0844,58,c6id,Computing,c,4.0,8.0,28966.9726,Intel(R) Xeon(R) Platinum 8375C CPU @ 2.90GHz,Intel(R) Xeon(R) Platinum 8375C CPU @ 2.90GHz,Intel
c6id.xlarge,us-east-1,use1-az4,3,20.0,35.0,1.5,0.2016,0.0838,58,c6id,Computing,c,4.0,8.0,28966.9726,Intel(R) Xeon(R) Platinum 8375C CPU @ 2.90GHz,Intel(R) Xeon(R) Platinum 8375C CPU @ 2.90GHz,Intel
c6id.xlarge,us-east-1,use1-az5,3,1.0,5.0,1.5,0.2016,0.0671,66,c6id,Computing,c,4.0,8.0,28966.9726,Intel(R) Xeon(R) Platinum 8375C CPU @ 2.90GHz,Intel(R) Xeon(R) Platinum 8375C CPU @ 2.90GHz,Intel
c6id.xlarge,us-east-1,use1-az6,3,20.0,50.0,1.5,0.2016,0.0878,56,c6id,Computing,c,4.0,8.0,28966.9726,Intel(R) Xeon(R) Platinum 8375C CPU @ 2.90GHz,Intel(R) Xeon(R) Platinum 8375C CPU @ 2.90GHz,Intel
c6in.12xlarge,us-east-1,use1-az1,3,1.0,1.0,2.5,2.7216,1.0994,59,c6in,Computing,c,48.0,96.0,29019.6688264,Intel(R) Xeon(R) Platinum 8375C CPU @ 2.90GHz,Intel(R) Xeon(R) Platinum 8375C CPU @ 2.90GHz,Intel
c6in.12xlarge,us-east-1,use1-az2,3,5.0,10.0,2.5,2.7216,1.0783,60,c6in,Computing,c,48.0,96.0,29019.6688264,Intel(R) Xeon(R) Platinum 8375C CPU @ 2.90GHz,Intel(R) Xeon(R) Platinum 8375C CPU @ 2.90GHz,Intel
c6in.12xlarge,us-east-1,use1-az4,3,35.0,45.0,2.5,2.7216,1.226,54,c6in,Computing,c,48.0,96.0,29019.6688264,Intel(R) Xeon(R) Platinum 8375C CPU @ 2.90GHz,Intel(R) Xeon(R) Platinum 8375C CPU @ 2.90GHz,Intel
c6in.12xlarge,us-east-1,use1-az5,2,0.0,1.0,2.5,2.7216,1.1148,59,c6in,Computing,c,48.0,96.0,29019.6688264,Intel(R) Xeon(R) Platinum 8375C CPU @ 2.90GHz,Intel(R) Xeon(R) Platinum 8375C CPU @ 2.90GHz,Intel
c6in.12xlarge,us-east-1,use1-az6,3,10.0,15.0,2.5,2.7216,0.9344,65,c6in,Computing,c,48.0,96.0,29019.6688264,Intel(R) Xeon(R) Platinum 8375C CPU @ 2.90GHz,Intel(R) Xeon(R) Platinum 8375C CPU @ 2.90GHz,Intel
c6in.16xlarge,us-east-1,use1-az1,3,1.0,1.0,1.5,3.6288,1.5948,56,c6in,Computing,c,64.0,128.0,29027.4226862,Intel(R) Xeon(R) Platinum 8375C CPU @ 2.90GHz,Intel(R) Xeon(R) Platinum 8375C CPU @ 2.90GHz,Intel
c6in.16xlarge,us-east-1,use1-az2,3,5.0,5.0,1.5,3.6288,1.4285,60,c6in,Computing,c,64.0,128.0,29027.4226862,Intel(R) Xeon(R) Platinum 8375C CPU @ 2.90GHz,Intel(R) Xeon(R) Platinum 8375C CPU @ 2.90GHz,Intel
c6in.16xlarge,us-east-1,use1-az4,3,1.0,5.0,1.5,3.6288,1.3998,61,c6in,Computing,c,64.0,128.0,29027.4226862,Intel(R) Xeon(R) Platinum 8375C CPU @ 2.90GHz,Intel(R) Xeon(R) Platinum 8375C CPU @ 2.90GHz,Intel
c6in.16xlarge,us-east-1,use1-az5,3,1.0,1.0,1.5,3.6288,1.1763,67,c6in,Computing,c,64.0,128.0,29027.4226862,Intel(R) Xeon(R) Platinum 8375C CPU @ 2.90GHz,Intel(R) Xeon(R) Platinum 8375C CPU @ 2.90GHz,Intel
c6in.16xlarge,us-east-1,use1-az6,3,1.0,1.0,1.5,3.6288,1.2396,65,c6in,Computing,c,64.0,128.0,29027.4226862,Intel(R) Xeon(R) Platinum 8375C CPU @ 2.90GHz,Intel(R) Xeon(R) Platinum 8375C CPU @ 2.90GHz,Intel
c6in.24xlarge,us-east-1,use1-az1,2,0.0,1.0,3.0,5.4432,2.2802,58,c6in,Computing,c,96.0,192.0,29013.6204948,Intel(R) Xeon(R) Platinum 8375C CPU @ 2.90GHz,Intel(R) Xeon(R) Platinum 8375C CPU @ 2.90GHz,Intel
c6in.24xlarge,us-east-1,use1-az2,3,15.0,25.0,3.0,5.4432,2.2835,58,c6in,Computing,c,96.0,192.0,29013.6204948,Intel(R) Xeon(R) Platinum 8375C CPU @ 2.90GHz,Intel(R) Xeon(R) Platinum 8375C CPU @ 2.90GHz,Intel
c6in.24xlarge,us-east-1,use1-az4,3,10.0,15.0,3.0,5.4432,2.0766,61,c6in,Computing,c,96.0,192.0,29013.6204948,Intel(R) Xeon(R) Platinum 8375C CPU @ 2.90GHz,Intel(R) Xeon(R) Platinum 8375C CPU @ 2.90GHz,Intel
c6in.24xlarge,us-east-1,use1-az5,3,1.0,1.0,3.0,5.4432,1.4797,72,c6in,Computing,c,96.0,192.0,29013.6204948,Intel(R) Xeon(R) Platinum 8375C CPU @ 2.90GHz,Intel(R) Xeon(R) Platinum 8375C CPU @ 2.90GHz,Intel
c6in.24xlarge,us-east-1,use1-az6,3,5.0,5.0,3.0,5.4432,1.7572,67,c6in,Computing,c,96.0,192.0,29013.6204948,Intel(R) Xeon(R) Platinum 8375C CPU @ 2.90GHz,Intel(R) Xeon(R) Platinum 8375C CPU @ 2.90GHz,Intel
c6in.2xlarge,us-east-1,use1-az1,3,1.0,1.0,2.0,0.4536,0.2985,34,c6in,Computing,c,8.0,16.0,28934.0283186,Intel(R) Xeon(R) Platinum 8375C CPU @ 2.90GHz,Intel(R) Xeon(R) Platinum 8375C CPU @ 2.90GHz,Intel
c6in.2xlarge,us-east-1,use1-az2,3,10.0,25.0,2.0,0.4536,0.2205,51,c6in,Computing,c,8.0,16.0,28934.0283186,Intel(R) Xeon(R) Platinum 8375C CPU @ 2.90GHz,Intel(R) Xeon(R) Platinum 8375C CPU @ 2.90GHz,Intel
c6in.2xlarge,us-east-1,use1-az4,3,10.0,15.0,2.0,0.4536,0.2299,49,c6in,Computing,c,8.0,16.0,28934.0283186,Intel(R) Xeon(R) Platinum 8375C CPU @ 2.90GHz,Intel(R) Xeon(R) Platinum 8375C CPU @ 2.90GHz,Intel
c6in.2xlarge,us-east-1,use1-az5,3,1.0,5.0,2.0,0.4536,0.1829,59,c6in,Computing,c,8.0,16.0,28934.0283186,Intel(R) Xeon(R) Platinum 8375C CPU @ 2.90GHz,Intel(R) Xeon(R) Platinum 8375C CPU @ 2.90GHz,Intel
c6in.2xlarge,us-east-1,use1-az6,3,10.0,20.0,2.0,0.4536,0.189,58,c6in,Computing,c,8.0,16.0,28934.0283186,Intel(R) Xeon(R) Platinum 8375C CPU @ 2.90GHz,Intel(R) Xeon(R) Platinum 8375C CPU @ 2.90GHz,Intel
c6in.32xlarge,us-east-1,use1-az1,3,1.0,5.0,2.5,7.2576,2.2948,68,c6in,Computing,c,128.0,256.0,28975.820881599997,Intel(R) Xeon(R) Platinum 8375C CPU @ 2.90GHz,Intel(R) Xeon(R) Platinum 8375C CPU @ 2.90GHz,Intel
c6in.32xlarge,us-east-1,use1-az2,3,10.0,15.0,2.5,7.2576,2.5965,64,c6in,Computing,c,128.0,256.0,28975.820881599997,Intel(R) Xeon(R) Platinum 8375C CPU @ 2.90GHz,Intel(R) Xeon(R) Platinum 8375C CPU @ 2.90GHz,Intel
c6in.32xlarge,us-east-1,use1-az4,3,10.0,15.0,2.5,7.2576,2.6919,62,c6in,Computing,c,128.0,256.0,28975.820881599997,Intel(R) Xeon(R) Platinum 8375C CPU @ 2.90GHz,Intel(R) Xeon(R) Platinum 8375C CPU @ 2.90GHz,Intel
c6in.32xlarge,us-east-1,use1-az5,3,5.0,5.0,2.5,7.2576,2.053,71,c6in,Computing,c,128.0,256.0,28975.820881599997,Intel(R) Xeon(R) Platinum 8375C CPU @ 2.90GHz,Intel(R) Xeon(R) Platinum 8375C CPU @ 2.90GHz,Intel
c6in.32xlarge,us-east-1,use1-az6,3,5.0,10.0,2.5,7.2576,2.0376,71,c6in,Computing,c,128.0,256.0,28975.820881599997,Intel(R) Xeon(R) Platinum 8375C CPU @ 2.90GHz,Intel(R) Xeon(R) Platinum 8375C CPU @ 2.90GHz,Intel
c6in.4xlarge,us-east-1,use1-az1,3,5.0,10.0,2.0,0.9072,0.4921,45,c6in,Computing,c,16.0,32.0,28975.161768800004,Intel(R) Xeon(R) Platinum 8375C CPU @ 2.90GHz,Intel(R) Xeon(R) Platinum 8375C CPU @ 2.90GHz,Intel
c6in.4xlarge,us-east-1,use1-az2,3,50.0,50.0,2.0,0.9072,0.3717,59,c6in,Computing,c,16.0,32.0,28975.161768800004,Intel(R) Xeon(R) Platinum 8375C CPU @ 2.90GHz,Intel(R) Xeon(R) Platinum 8375C CPU @ 2.90GHz,Intel
c6in.4xlarge,us-east-1,use1-az4,3,50.0,50.0,2.0,0.9072,0.3807,58,c6in,Computing,c,16.0,32.0,28975.161768800004,Intel(R) Xeon(R) Platinum 8375C CPU @ 2.90GHz,Intel(R) Xeon(R) Platinum 8375C CPU @ 2.90GHz,Intel
c6in.4xlarge,us-east-1,use1-az5,3,5.0,5.0,2.0,0.9072,0.4331,52,c6in,Computing,c,16.0,32.0,28975.161768800004,Intel(R) Xeon(R) Platinum 8375C CPU @ 2.90GHz,Intel(R) Xeon(R) Platinum 8375C CPU @ 2.90GHz,Intel
c6in.4xlarge,us-east-1,use1-az6,3,50.0,50.0,2.0,0.9072,0.3171,65,c6in,Computing,c,16.0,32.0,28975.161768800004,Intel(R) Xeon(R) Platinum 8375C CPU @ 2.90GHz,Intel(R) Xeon(R) Platinum 8375C CPU @ 2.90GHz,Intel
c6in.8xlarge,us-east-1,use1-az1,3,1.0,1.0,1.0,1.8144,0.8339,54,c6in,Computing,c,32.0,64.0,28996.797534200003,Intel(R) Xeon(R) Platinum 8375C CPU @ 2.90GHz,Intel(R) Xeon(R) Platinum 8375C CPU @ 2.90GHz,Intel
c6in.8xlarge,us-east-1,use1-az2,3,5.0,5.0,1.0,1.8144,0.7496,58,c6in,Computing,c,32.0,64.0,28996.797534200003,Intel(R) Xeon(R) Platinum 8375C CPU @ 2.90GHz,Intel(R) Xeon(R) Platinum 8375C CPU @ 2.90GHz,Intel
c6in.8xlarge,us-east-1,use1-az4,3,10.0,15.0,1.0,1.8144,0.7461,58,c6in,Computing,c,32.0,64.0,28996.797534200003,Intel(R) Xeon(R) Platinum 8375C CPU @ 2.90GHz,Intel(R) Xeon(R) Platinum 8375C CPU @ 2.90GHz,Intel
c6in.8xlarge,us-east-1,use1-az5,3,1.0,1.0,1.0,1.8144,0.682,62,c6in,Computing,c,32.0,64.0,28996.797534200003,Intel(R) Xeon(R) Platinum 8375C CPU @ 2.90GHz,Intel(R) Xeon(R) Platinum 8375C CPU @ 2.90GHz,Intel
c6in.8xlarge,us-east-1,use1-az6,3,5.0,10.0,1.0,1.8144,0.6522,64,c6in,Computing,c,32.0,64.0,28996.797534200003,Intel(R) Xeon(R) Platinum 8375C CPU @ 2.90GHz,Intel(R) Xeon(R) Platinum 8375C CPU @ 2.90GHz,Intel
c6in.large,us-east-1,use1-az1,3,5.0,10.0,3.0,0.1134,0.0497,56,c6in,Computing,c,2.0,4.0,28961.0424924,Intel(R) Xeon(R) Platinum 8375C CPU @ 2.90GHz,Intel(R) Xeon(R) Platinum 8375C CPU @ 2.90GHz,Intel
c6in.large,us-east-1,use1-az2,3,35.0,50.0,3.0,0.1134,0.045,60,c6in,Computing,c,2.0,4.0,28961.0424924,Intel(R) Xeon(R) Platinum 8375C CPU @ 2.90GHz,Intel(R) Xeon(R) Platinum 8375C CPU @ 2.90GHz,Intel
c6in.large,us-east-1,use1-az4,3,40.0,50.0,3.0,0.1134,0.0449,60,c6in,Computing,c,2.0,4.0,28961.0424924,Intel(R) Xeon(R) Platinum 8375C CPU @ 2.90GHz,Intel(R) Xeon(R) Platinum 8375C CPU @ 2.90GHz,Intel
c6in.large,us-east-1,use1-az5,3,10.0,15.0,3.0,0.1134,0.0427,62,c6in,Computing,c,2.0,4.0,28961.0424924,Intel(R) Xeon(R) Platinum 8375C CPU @ 2.90GHz,Intel(R) Xeon(R) Platinum 8375C CPU @ 2.90GHz,Intel
c6in.large,us-east-1,use1-az6,3,15.0,30.0,3.0,0.1134,0.0449,60,c6in,Computing,c,2.0,4.0,28961.0424924,Intel(R) Xeon(R) Platinum 8375C CPU @ 2.90GHz,Intel(R) Xeon(R) Platinum 8375C CPU @ 2.90GHz,Intel
c6in.xlarge,us-east-1,use1-az1,3,10.0,15.0,1.5,0.2268,0.0856,62,c6in,Computing,c,4.0,8.0,28997.6357124,Intel(R) Xeon(R) Platinum 8375C CPU @ 2.90GHz,Intel(R) Xeon(R) Platinum 8375C CPU @ 2.90GHz,Intel
c6in.xlarge,us-east-1,use1-az2,3,50.0,50.0,1.5,0.2268,0.0927,59,c6in,Computing,c,4.0,8.0,28997.6357124,Intel(R) Xeon(R) Platinum 8375C CPU @ 2.90GHz,Intel(R) Xeon(R) Platinum 8375C CPU @ 2.90GHz,Intel
c6in.xlarge,us-east-1,use1-az4,3,10.0,15.0,1.5,0.2268,0.1538,32,c6in,Computing,c,4.0,8.0,28997.6357124,Intel(R) Xeon(R) Platinum 8375C CPU @ 2.90GHz,Intel(R) Xeon(R) Platinum 8375C CPU @ 2.90GHz,Intel
c6in.xlarge,us-east-1,use1-az5,3,1.0,1.0,1.5,0.2268,0.1126,50,c6in,Computing,c,4.0,8.0,28997.6357124,Intel(R) Xeon(R) Platinum 8375C CPU @ 2.90GHz,Intel(R) Xeon(R) Platinum 8375C CPU @ 2.90GHz,Intel
c6in.xlarge,us-east-1,use1-az6,3,25.0,40.0,1.5,0.2268,0.0801,64,c6in,Computing,c,4.0,8.0,28997.6357124,Intel(R) Xeon(R) Platinum 8375C CPU @ 2.90GHz,Intel(R) Xeon(R) Platinum 8375C CPU @ 2.90GHz,Intel
c7a.12xlarge,us-east-1,use1-az1,3,5.0,15.0,1.0,2.46336,0.6467,73,c7a,Computing,c,48.0,96.0,35551.062585,AMD EPYC 9R14,AMD EPYC 9R14,AMD
c7a.12xlarge,us-east-1,use1-az2,3,5.0,10.0,1.0,2.46336,0.6244,74,c7a,Computing,c,48.0,96.0,35551.062585,AMD EPYC 9R14,AMD EPYC 9R14,AMD
c7a.12xlarge,us-east-1,use1-az4,3,15.0,25.0,1.0,2.46336,0.5592,77,c7a,Computing,c,48.0,96.0,35551.062585,AMD EPYC 9R14,AMD EPYC 9R14,AMD
c7a.12xlarge,us-east-1,use1-az5,1,0.0,0.0,1.0,2.46336,0.7146,70,c7a,Computing,c,48.0,96.0,35551.062585,AMD EPYC 9R14,AMD EPYC 9R14,AMD
c7a.12xlarge,us-east-1,use1-az6,3,5.0,10.0,1.0,2.46336,0.6184,74,c7a,Computing,c,48.0,96.0,35551.062585,AMD EPYC 9R14,AMD EPYC 9R14,AMD
c7a.16xlarge,us-east-1,use1-az1,3,1.0,1.0,1.0,3.28448,1.103,66,c7a,Computing,c,64.0,128.0,35578.873547400006,AMD EPYC 9R14,AMD EPYC 9R14,AMD
c7a.16xlarge,us-east-1,use1-az2,3,1.0,5.0,1.0,3.28448,1.0706,67,c7a,Computing,c,64.0,128.0,35578.873547400006,AMD EPYC 9R14,AMD EPYC 9R14,AMD
c7a.16xlarge,us-east-1,use1-az4,3,5.0,5.0,1.0,3.28448,1.1096,66,c7a,Computing,c,64.0,128.0,35578.873547400006,AMD EPYC 9R14,AMD EPYC 9R14,AMD
c7a.16xlarge,us-east-1,use1-az5,1,0.0,0.0,1.0,3.28448,1.2306,62,c7a,Computing,c,64.0,128.0,35578.873547400006,AMD EPYC 9R14,AMD EPYC 9R14,AMD
c7a.16xlarge,us-east-1,use1-az6,3,1.0,5.0,1.0,3.28448,1.0365,68,c7a,Computing,c,64.0,128.0,35578.873547400006,AMD EPYC 9R14,AMD EPYC 9R14,AMD
c7a.24xlarge,us-east-1,use1-az1,3,1.0,1.0,1.0,4.92672,1.3734,72,c7a,Computing,c,96.0,192.0,35612.5678924,AMD EPYC 9R14,AMD EPYC 9R14,AMD
c7a.24xlarge,us-east-1,use1-az2,3,1.0,1.0,1.0,4.92672,1.3754,72,c7a,Computing,c,96.0,192.0,35612.5678924,AMD EPYC 9R14,AMD EPYC 9R14,AMD
c7a.24xlarge,us-east-1,use1-az4,3,1.0,1.0,1.0,4.92672,1.3757,72,c7a,Computing,c,96.0,192.0,35612.5678924,AMD EPYC 9R14,AMD EPYC 9R14,AMD
c7a.24xlarge,us-east-1,use1-az5,1,0.0,0.0,1.0,4.92672,1.2687,74,c7a,Computing,c,96.0,192.0,35612.5678924,AMD EPYC 9R14,AMD EPYC 9R14,AMD
c7a.24xlarge,us-east-1,use1-az6,3,1.0,1.0,1.0,4.92672,1.4004,71,c7a,Computing,c,96.0,192.0,35612.5678924,AMD EPYC 9R14,AMD EPYC 9R14,AMD
c7a.2xlarge,us-east-1,use1-az1,3,1.0,1.0,1.0,0.41056,0.2947,28,c7a,Computing,c,8.0,16.0,35550.291669000006,AMD EPYC 9R14,AMD EPYC 9R14,AMD
c7a.2xlarge,us-east-1,use1-az2,3,5.0,5.0,1.0,0.41056,0.2113,48,c7a,Computing,c,8.0,16.0,35550.291669000006,AMD EPYC 9R14,AMD EPYC 9R14,AMD
c7a.2xlarge,us-east-1,use1-az4,3,50.0,50.0,1.0,0.41056,0.2233,45,c7a,Computing,c,8.0,16.0,35550.291669000006,AMD EPYC 9R14,AMD EPYC 9R14,AMD
c7a.2xlarge,us-east-1,use1-az5,3,20.0,25.0,1.0,0.41056,0.201,51,c7a,Computing,c,8.0,16.0,35550.291669000006,AMD EPYC 9R14,AMD EPYC 9R14,AMD
c7a.2xlarge,us-east-1,use1-az6,3,1.0,1.0,1.0,0.41056,0.2169,47,c7a,Computing,c,8.0,16.0,35550.291669000006,AMD EPYC 9R14,AMD EPYC 9R14,AMD
c7a.32xlarge,us-east-1,use1-az1,2,0.0,1.0,1.0,6.56896,1.6483,74,c7a,Computing,c,128.0,256.0,35597.4270538,AMD EPYC 9R14,AMD EPYC 9R14,AMD
c7a.32xlarge,us-east-1,use1-az2,1,0.0,0.0,1.0,6.56896,1.2356,81,c7a,Computing,c,128.0,256.0,35597.4270538,AMD EPYC 9R14,AMD EPYC 9R14,AMD
c7a.32xlarge,us-east-1,use1-az4,3,1.0,1.0,1.0,6.56896,1.7054,74,c7a,Computing,c,128.0,256.0,35597.4270538,AMD EPYC 9R14,AMD EPYC 9R14,AMD
c7a.32xlarge,us-east-1,use1-az5,1,0.0,0.0,1.0,6.56896,1.6612,74,c7a,Computing,c,128.0,256.0,35597.4270538,AMD EPYC 9R14,AMD EPYC 9R14,AMD
c7a.32xlarge,us-east-1,use1-az6,1,0.0,0.0,1.0,6.56896,1.659,74,c7a,Computing,c,128.0,256.0,35597.4270538,AMD EPYC 9R14,AMD EPYC 9R14,AMD
c7a.48xlarge,us-east-1,use1-az1,2,0.0,1.0,1.0,9.85344,2.5258,74,c7a,Computing,c,192.0,384.0,35590.310902000005,AMD EPYC 9R14,AMD EPYC 9R14,AMD
c7a.48xlarge,us-east-1,use1-az2,3,1.0,1.0,1.0,9.85344,2.469,74,c7a,Computing,c,192.0,384.0,35590.310902000005,AMD EPYC 9R14,AMD EPYC 9R14,AMD
c7a.48xlarge,us-east-1,use1-az4,3,1.0,1.0,1.0,9.85344,2.6251,73,c7a,Computing,c,192.0,384.0,35590.310902000005,AMD EPYC 9R14,AMD EPYC 9R14,AMD
c7a.48xlarge,us-east-1,use1-az5,1,0.0,0.0,1.0,9.85344,2.5606,74,c7a,Computing,c,192.0,384.0,35590.310902000005,AMD EPYC 9R14,AMD EPYC 9R14,AMD
c7a.48xlarge,us-east-1,use1-az6,1,0.0,0.0,1.0,9.85344,2.3865,75,c7a,Computing,c,192.0,384.0,35590.310902000005,AMD EPYC 9R14,AMD EPYC 9R14,AMD
c7a.4xlarge,us-east-1,use1-az1,3,30.0,50.0,1.0,0.82112,0.319,61,c7a,Computing,c,16.0,32.0,35517.0023132,AMD EPYC 9R14,AMD EPYC 9R14,AMD
c7a.4xlarge,us-east-1,use1-az2,3,30.0,50.0,1.0,0.82112,0.3419,58,c7a,Computing,c,16.0,32.0,35517.0023132,AMD EPYC 9R14,AMD EPYC 9R14,AMD
c7a.4xlarge,us-east-1,use1-az4,3,50.0,50.0,1.0,0.82112,0.3305,59,c7a,Computing,c,16.0,32.0,35517.0023132,AMD EPYC 9R14,AMD EPYC 9R14,AMD
c7a.4xlarge,us-east-1,use1-az5,3,1.0,1.0,1.0,0.82112,0.3192,61,c7a,Computing,c,16.0,32.0,35517.0023132,AMD EPYC 9R14,AMD EPYC 9R14,AMD
c7a.4xlarge,us-east-1,use1-az6,3,15.0,30.0,1.0,0.82112,0.3265,60,c7a,Computing,c,16.0,32.0,35517.0023132,AMD EPYC 9R14,AMD EPYC 9R14,AMD
c7a.8xlarge,us-east-1,use1-az1,3,5.0,10.0,1.0,1.64224,0.8026,51,c7a,Computing,c,32.0,64.0,30405.7913712,AMD EPYC 9R14,AMD EPYC 9R14,AMD
c7a.8xlarge,us-east-1,use1-az2,2,0.0,1.0,1.0,1.64224,0.8202,50,c7a,Computing,c,32.0,64.0,30405.7913712,AMD EPYC 9R14,AMD EPYC 9R14,AMD
c7a.8xlarge,us-east-1,use1-az4,3,5.0,10.0,1.0,1.64224,0.7991,51,c7a,Computing,c,32.0,64.0,30405.7913712,AMD EPYC 9R14,AMD EPYC 9R14,AMD
c7a.8xlarge,us-east-1,use1-az5,1,0.0,0.0,1.0,1.64224,0.8176,50,c7a,Computing,c,32.0,64.0,30405.7913712,AMD EPYC 9R14,AMD EPYC 9R14,AMD
c7a.8xlarge,us-east-1,use1-az6,3,1.0,1.0,1.0,1.64224,0.8019,51,c7a,Computing,c,32.0,64.0,30405.7913712,AMD EPYC 9R14,AMD EPYC 9R14,AMD
c7a.large,us-east-1,use1-az1,3,35.0,45.0,1.5,0.10264,0.0372,63,c7a,Computing,c,2.0,4.0,35674.582822599994,AMD EPYC 9R14,AMD EPYC 9R14,AMD
c7a.large,us-east-1,use1-az2,3,50.0,50.0,1.5,0.10264,0.0321,68,c7a,Computing,c,2.0,4.0,35674.582822599994,AMD EPYC 9R14,AMD EPYC 9R14,AMD
c7a.large,us-east-1,use1-az4,3,50.0,50.0,1.5,0.10264,0.0299,70,c7a,Computing,c,2.0,4.0,35674.582822599994,AMD EPYC 9R14,AMD EPYC 9R14,AMD
c7a.large,us-east-1,use1-az5,3,15.0,25.0,1.5,0.10264,0.0285,72,c7a,Computing,c,2.0,4.0,35674.582822599994,AMD EPYC 9R14,AMD EPYC 9R14,AMD
c7a.large,us-east-1,use1-az6,3,50.0,50.0,1.5,0.10264,0.0304,70,c7a,Computing,c,2.0,4.0,35674.582822599994,AMD EPYC 9R14,AMD EPYC 9R14,AMD
c7a.medium,us-east-1,use1-az1,3,20.0,30.0,3.0,0.05132,0.0225,56,c7a,Computing,c,1.0,2.0,35533.93280540001,AMD EPYC 9R14,AMD EPYC 9R14,AMD
c7a.medium,us-east-1,use1-az2,3,50.0,50.0,3.0,0.05132,0.0214,58,c7a,Computing,c,1.0,2.0,35533.93280540001,AMD EPYC 9R14,AMD EPYC 9R14,AMD
c7a.medium,us-east-1,use1-az4,3,50.0,50.0,3.0,0.05132,0.0215,58,c7a,Computing,c,1.0,2.0,35533.93280540001,AMD EPYC 9R14,AMD EPYC 9R14,AMD
c7a.medium,us-east-1,use1-az5,3,15.0,25.0,3.0,0.05132,0.0171,66,c7a,Computing,c,1.0,2.0,35533.93280540001,AMD EPYC 9R14,AMD EPYC 9R14,AMD
c7a.medium,us-east-1,use1-az6,3,50.0,50.0,3.0,0.05132,0.0179,65,c7a,Computing,c,1.0,2.0,35533.93280540001,AMD EPYC 9R14,AMD EPYC 9R14,AMD
c7a.xlarge,us-east-1,use1-az1,3,5.0,10.0,1.5,0.20528,0.1017,50,c7a,Computing,c,4.0,8.0,35579.415888400006,AMD EPYC 9R14,AMD EPYC 9R14,AMD
c7a.xlarge,us-east-1,use1-az2,3,20.0,30.0,1.5,0.20528,0.0935,54,c7a,Computing,c,4.0,8.0,35579.415888400006,AMD EPYC 9R14,AMD EPYC 9R14,AMD
c7a.xlarge,us-east-1,use1-az4,3,35.0,50.0,1.5,0.20528,0.0911,55,c7a,Computing,c,4.0,8.0,35579.415888400006,AMD EPYC 9R14,AMD EPYC 9R14,AMD
c7a.xlarge,us-east-1,use1-az5,3,5.0,10.0,1.5,0.20528,0.0687,66,c7a,Computing,c,4.0,8.0,35579.415888400006,AMD EPYC 9R14,AMD EPYC 9R14,AMD
c7a.xlarge,us-east-1,use1-az6,3,15.0,25.0,1.5,0.20528,0.0944,54,c7a,Computing,c,4.0,8.0,35579.415888400006,AMD EPYC 9R14,AMD EPYC 9R14,AMD
c7g.12xlarge,us-east-1,use1-az1,3,50.0,50.0,2.5,1.74,0.4405,74,c7g,Computing,c,48.0,96.0,24080.2585992,AWS Graviton3 Processor,AWS Graviton3 Processor,AWS
c7g.12xlarge,us-east-1,use1-az2,3,50.0,50.0,2.5,1.74,0.7195,58,c7g,Computing,c,48.0,96.0,24080.2585992,AWS Graviton3 Processor,AWS Graviton3 Processor,AWS
c7g.12xlarge,us-east-1,use1-az4,3,50.0,50.0,2.5,1.74,0.513,70,c7g,Computing,c,48.0,96.0,24080.2585992,AWS Graviton3 Processor,AWS Graviton3 Processor,AWS
c7g.12xlarge,us-east-1,use1-az5,3,10.0,20.0,2.5,1.74,0.5198,70,c7g,Computing,c,48.0,96.0,24080.2585992,AWS Graviton3 Processor,AWS Graviton3 Processor,AWS
c7g.12xlarge,us-east-1,use1-az6,3,50.0,50.0,2.5,1.74,0.5106,70,c7g,Computing,c,48.0,96.0,24080.2585992,AWS Graviton3 Processor,AWS Graviton3 Processor,AWS
c7g.16xlarge,us-east-1,use1-az1,3,50.0,50.0,3.0,2.32,0.5933,74,c7g,Computing,c,64.0,128.0,24072.140036799996,AWS Graviton3 Processor,AWS Graviton3 Processor,AWS
c7g.16xlarge,us-east-1,use1-az2,3,50.0,50.0,3.0,2.32,0.6401,72,c7g,Computing,c,64.0,128.0,24072.140036799996,AWS Graviton3 Processor,AWS Graviton3 Processor,AWS
c7g.16xlarge,us-east-1,use1-az4,3,50.0,50.0,3.0,2.32,0.5814,74,c7g,Computing,c,64.0,128.0,24072.140036799996,AWS Graviton3 Processor,AWS Graviton3 Processor,AWS
c7g.16xlarge,us-east-1,use1-az5,3,50.0,50.0,3.0,2.32,0.701,69,c7g,Computing,c,64.0,128.0,24072.140036799996,AWS Graviton3 Processor,AWS Graviton3 Processor,AWS
c7g.16xlarge,us-east-1,use1-az6,3,50.0,50.0,3.0,2.32,0.5498,76,c7g,Computing,c,64.0,128.0,24072.140036799996,AWS Graviton3 Processor,AWS Graviton3 Processor,AWS
c7g.2xlarge,us-east-1,use1-az1,3,50.0,50.0,3.0,0.29,0.0869,70,c7g,Computing,c,8.0,16.0,24082.576406,AWS Graviton3 Processor,AWS Graviton3 Processor,AWS
c7g.2xlarge,us-east-1,use1-az2,3,50.0,50.0,3.0,0.29,0.0878,69,c7g,Computing,c,8.0,16.0,24082.576406,AWS Graviton3 Processor,AWS Graviton3 Processor,AWS
c7g.2xlarge,us-east-1,use1-az4,3,50.0,50.0,3.0,0.29,0.0929,67,c7g,Computing,c,8.0,16.0,24082.576406,AWS Graviton3 Processor,AWS Graviton3 Processor,AWS
c7g.2xlarge,us-east-1,use1-az5,3,50.0,50.0,3.0,0.29,0.0948,67,c7g,Computing,c,8.0,16.0,24082.576406,AWS Graviton3 Processor,AWS Graviton3 Processor,AWS
c7g.2xlarge,us-east-1,use1-az6,3,50.0,50.0,3.0,0.29,0.0939,67,c7g,Computing,c,8.0,16.0,24082.576406,AWS Graviton3 Processor,AWS Graviton3 Processor,AWS
c7g.4xlarge,us-east-1,use1-az1,3,50.0,50.0,3.0,0.58,0.1872,67,c7g,Computing,c,16.0,32.0,24085.944039600006,AWS Graviton3 Processor,AWS Graviton3 Processor,AWS
c7g.4xlarge,us-east-1,use1-az2,3,50.0,50.0,3.0,0.58,0.1631,71,c7g,Computing,c,16.0,32.0,24085.944039600006,AWS Graviton3 Processor,AWS Graviton3 Processor,AWS
c7g.4xlarge,us-east-1,use1-az4,3,50.0,50.0,3.0,0.58,0.1632,71,c7g,Computing,c,16.0,32.0,24085.944039600006,AWS Graviton3 Processor,AWS Graviton3 Processor,AWS
c7g.4xlarge,us-east-1,use1-az5,3,50.0,50.0,3.0,0.58,0.1613,72,c7g,Computing,c,16.0,32.0,24085.944039600006,AWS Graviton3 Processor,AWS Graviton3 Processor,AWS
c7g.4xlarge,us-east-1,use1-az6,3,50.0,50.0,3.0,0.58,0.1627,71,c7g,Computing,c,16.0,32.0,24085.944039600006,AWS Graviton3 Processor,AWS Graviton3 Processor,AWS
c7g.8xlarge,us-east-1,use1-az1,3,50.0,50.0,3.0,1.16,0.3293,71,c7g,Computing,c,32.0,64.0,24079.4466572,AWS Graviton3 Processor,AWS Graviton3 Processor,AWS
c7g.8xlarge,us-east-1,use1-az2,3,50.0,50.0,3.0,1.16,0.3081,73,c7g,Computing,c,32.0,64.0,24079.4466572,AWS Graviton3 Processor,AWS Graviton3 Processor,AWS
c7g.8xlarge,us-east-1,use1-az4,3,50.0,50.0,3.0,1.16,0.3087,73,c7g,Computing,c,32.0,64.0,24079.4466572,AWS Graviton3 Processor,AWS Graviton3 Processor,AWS
c7g.8xlarge,us-east-1,use1-az5,3,50.0,50.0,3.0,1.16,0.3209,72,c7g,Computing,c,32.0,64.0,24079.4466572,AWS Graviton3 Processor,AWS Graviton3 Processor,AWS
c7g.8xlarge,us-east-1,use1-az6,3,50.0,50.0,3.0,1.16,0.3087,73,c7g,Computing,c,32.0,64.0,24079.4466572,AWS Graviton3 Processor,AWS Graviton3 Processor,AWS
c7g.large,us-east-1,use1-az1,3,50.0,50.0,3.0,0.0725,0.0385,46,c7g,Computing,c,2.0,4.0,24092.0907476,AWS Graviton3 Processor,AWS Graviton3 Processor,AWS
c7g.large,us-east-1,use1-az2,3,50.0,50.0,3.0,0.0725,0.0339,53,c7g,Computing,c,2.0,4.0,24092.0907476,AWS Graviton3 Processor,AWS Graviton3 Processor,AWS
c7g.large,us-east-1,use1-az4,3,50.0,50.0,3.0,0.0725,0.0381,47,c7g,Computing,c,2.0,4.0,24092.0907476,AWS Graviton3 Processor,AWS Graviton3 Processor,AWS
c7g.large,us-east-1,use1-az5,3,20.0,35.0,3.0,0.0725,0.0308,57,c7g,Computing,c,2.0,4.0,24092.0907476,AWS Graviton3 Processor,AWS Graviton3 Processor,AWS
c7g.large,us-east-1,use1-az6,3,50.0,50.0,3.0,0.0725,0.036,50,c7g,Computing,c,2.0,4.0,24092.0907476,AWS Graviton3 Processor,AWS Graviton3 Processor,AWS
c7g.medium,us-east-1,use1-az1,3,35.0,50.0,3.0,0.0363,0.011,69,c7g,Computing,c,1.0,2.0,24081.4152806,AWS Graviton3 Processor,AWS Graviton3 Processor,AWS
c7g.medium,us-east-1,use1-az2,3,50.0,50.0,3.0,0.0363,0.0142,60,c7g,Computing,c,1.0,2.0,24081.4152806,AWS Graviton3 Processor,AWS Graviton3 Processor,AWS
c7g.medium,us-east-1,use1-az4,3,50.0,50.0,3.0,0.0363,0.0097,73,c7g,Computing,c,1.0,2.0,24081.4152806,AWS Graviton3 Processor,AWS Graviton3 Processor,AWS
c7g.medium,us-east-1,use1-az5,3,15.0,25.0,3.0,0.0363,0.0093,74,c7g,Computing,c,1.0,2.0,24081.4152806,AWS Graviton3 Processor,AWS Graviton3 Processor,AWS
c7g.medium,us-east-1,use1-az6,3,50.0,50.0,3.0,0.0363,0.0114,68,c7g,Computing,c,1.0,2.0,24081.4152806,AWS Graviton3 Processor,AWS Graviton3 Processor,AWS
c7g.xlarge,us-east-1,use1-az1,3,50.0,50.0,3.0,0.145,0.0503,65,c7g,Computing,c,4.0,8.0,24086.2931156,AWS Graviton3 Processor,AWS Graviton3 Processor,AWS
c7g.xlarge,us-east-1,use1-az2,3,50.0,50.0,3.0,0.145,0.0521,64,c7g,Computing,c,4.0,8.0,24086.2931156,AWS Graviton3 Processor,AWS Graviton3 Processor,AWS
c7g.xlarge,us-east-1,use1-az4,3,50.0,50.0,3.0,0.145,0.0585,59,c7g,Computing,c,4.0,8.0,24086.2931156,AWS Graviton3 Processor,AWS Graviton3 Processor,AWS
c7g.xlarge,us-east-1,use1-az5,3,50.0,50.0,3.0,0.145,0.051,64,c7g,Computing,c,4.0,8.0,24086.2931156,AWS Graviton3 Processor,AWS Graviton3 Processor,AWS
c7g.xlarge,us-east-1,use1-az6,3,50.0,50.0,3.0,0.145,0.0575,60,c7g,Computing,c,4.0,8.0,24086.2931156,AWS Graviton3 Processor,AWS Graviton3 Processor,AWS
c7gd.12xlarge,us-east-1,use1-az1,3,5.0,5.0,1.0,2.1773,0.6498,70,c7gd,Computing,c,48.0,96.0,24069.595,AWS Graviton3 Processor,AWS Graviton3 Processor,AWS
c7gd.12xlarge,us-east-1,use1-az2,3,40.0,50.0,1.0,2.1773,0.8837,59,c7gd,Computing,c,48.0,96.0,24069.595,AWS Graviton3 Processor,AWS Graviton3 Processor,AWS
c7gd.12xlarge,us-east-1,use1-az4,3,25.0,40.0,1.0,2.1773,0.7425,65,c7gd,Computing,c,48.0,96.0,24069.595,AWS Graviton3 Processor,AWS Graviton3 Processor,AWS
c7gd.12xlarge,us-east-1,use1-az5,3,5.0,5.0,1.0,2.1773,0.5803,73,c7gd,Computing,c,48.0,96.0,24069.595,AWS Graviton3 Processor,AWS Graviton3 Processor,AWS
c7gd.12xlarge,us-east-1,use1-az6,3,25.0,45.0,1.0,2.1773,0.756,65,c7gd,Computing,c,48.0,96.0,24069.595,AWS Graviton3 Processor,AWS Graviton3 Processor,AWS
c7gd.16xlarge,us-east-1,use1-az1,3,10.0,15.0,2.0,2.903,0.4592,84,c7gd,Computing,c,64.0,128.0,24077.081,AWS Graviton3 Processor,AWS Graviton3 Processor,AWS
c7gd.16xlarge,us-east-1,use1-az2,3,50.0,50.0,2.0,2.903,0.8827,69,c7gd,Computing,c,64.0,128.0,24077.081,AWS Graviton3 Processor,AWS Graviton3 Processor,AWS
c7gd.16xlarge,us-east-1,use1-az4,3,50.0,50.0,2.0,2.903,0.5383,81,c7gd,Computing,c,64.0,128.0,24077.081,AWS Graviton3 Processor,AWS Graviton3 Processor,AWS
c7gd.16xlarge,us-east-1,use1-az5,3,1.0,1.0,2.0,2.903,0.75,74,c7gd,Computing,c,64.0,128.0,24077.081,AWS Graviton3 Processor,AWS Graviton3 Processor,AWS
c7gd.16xlarge,us-east-1,use1-az6,3,50.0,50.0,2.0,2.903,0.7298,74,c7gd,Computing,c,64.0,128.0,24077.081,AWS Graviton3 Processor,AWS Graviton3 Processor,AWS
c7gd.2xlarge,us-east-1,use1-az1,3,5.0,10.0,1.0,0.3629,0.2238,38,c7gd,Computing,c,8.0,16.0,24077.081,AWS Graviton3 Processor,AWS Graviton3 Processor,AWS
c7gd.2xlarge,us-east-1,use1-az2,3,10.0,25.0,1.0,0.3629,0.203,44,c7gd,Computing,c,8.0,16.0,24077.081,AWS Graviton3 Processor,AWS Graviton3 Processor,AWS
c7gd.2xlarge,us-east-1,use1-az4,3,10.0,10.0,1.0,0.3629,0.1976,45,c7gd,Computing,c,8.0,16.0,24077.081,AWS Graviton3 Processor,AWS Graviton3 Processor,AWS
c7gd.2xlarge,us-east-1,use1-az5,3,1.0,5.0,1.0,0.3629,0.1302,64,c7gd,Computing,c,8.0,16.0,24077.081,AWS Graviton3 Processor,AWS Graviton3 Processor,AWS
c7gd.2xlarge,us-east-1,use1-az6,3,5.0,5.0,1.0,0.3629,0.1932,46,c7gd,Computing,c,8.0,16.0,24077.081,AWS Graviton3 Processor,AWS Graviton3 Processor,AWS
c7gd.4xlarge,us-east-1,use1-az1,3,10.0,30.0,1.0,0.7258,0.2597,64,c7gd,Computing,c,16.0,32.0,24085.0119,AWS Graviton3 Processor,AWS Graviton3 Processor,AWS
c7gd.4xlarge,us-east-1,use1-az2,3,35.0,50.0,1.0,0.7258,0.3894,46,c7gd,Computing,c,16.0,32.0,24085.0119,AWS Graviton3 Processor,AWS Graviton3 Processor,AWS
c7gd.4xlarge,us-east-1,use1-az4,3,50.0,50.0,1.0,0.7258,0.2755,62,c7gd,Computing,c,16.0,32.0,24085.0119,AWS Graviton3 Processor,AWS Graviton3 Processor,AWS
c7gd.4xlarge,us-east-1,use1-az5,3,1.0,5.0,1.0,0.7258,0.2507,65,c7gd,Computing,c,16.0,32.0,24085.0119,AWS Graviton3 Processor,AWS Graviton3 Processor,AWS
c7gd.4xlarge,us-east-1,use1-az6,3,50.0,50.0,1.0,0.7258,0.3275,54,c7gd,Computing,c,16.0,32.0,24085.0119,AWS Graviton3 Processor,AWS Graviton3 Processor,AWS
c7gd.8xlarge,us-east-1,use1-az1,3,1.0,5.0,1.5,1.4515,0.5062,65,c7gd,Computing,c,32.0,64.0,24077.081,AWS Graviton3 Processor,AWS Graviton3 Processor,AWS
c7gd.8xlarge,us-east-1,use1-az2,3,5.0,15.0,1.5,1.4515,0.6808,53,c7gd,Computing,c,32.0,64.0,24077.081,AWS Graviton3 Processor,AWS Graviton3 Processor,AWS
c7gd.8xlarge,us-east-1,use1-az4,3,1.0,5.0,1.5,1.4515,0.5987,58,c7gd,Computing,c,32.0,64.0,24077.081,AWS Graviton3 Processor,AWS Graviton3 Processor,AWS
c7gd.8xlarge,us-east-1,use1-az5,3,1.0,5.0,1.5,1.4515,0.3869,73,c7gd,Computing,c,32.0,64.0,24077.081,AWS Graviton3 Processor,AWS Graviton3 Processor,AWS
c7gd.8xlarge,us-east-1,use1-az6,3,5.0,5.0,1.5,1.4515,0.6081,58,c7gd,Computing,c,32.0,64.0,24077.081,AWS Graviton3 Processor,AWS Graviton3 Processor,AWS
c7gd.large,us-east-1,use1-az1,3,10.0,15.0,2.5,0.0907,0.0379,58,c7gd,Computing,c,2.0,4.0,24088.8414,AWS Graviton3 Processor,AWS Graviton3 Processor,AWS
c7gd.large,us-east-1,use1-az2,3,50.0,50.0,2.5,0.0907,0.0384,57,c7gd,Computing,c,2.0,4.0,24088.8414,AWS Graviton3 Processor,AWS Graviton3 Processor,AWS
c7gd.large,us-east-1,use1-az4,3,25.0,35.0,2.5,0.0907,0.038,58,c7gd,Computing,c,2.0,4.0,24088.8414,AWS Graviton3 Processor,AWS Graviton3 Processor,AWS
c7gd.large,us-east-1,use1-az5,3,10.0,15.0,2.5,0.0907,0.036,60,c7gd,Computing,c,2.0,4.0,24088.8414,AWS Graviton3 Processor,AWS Graviton3 Processor,AWS
c7gd.large,us-east-1,use1-az6,3,35.0,50.0,2.5,0.0907,0.0346,61,c7gd,Computing,c,2.0,4.0,24088.8414,AWS Graviton3 Processor,AWS Graviton3 Processor,AWS
c7gd.medium,us-east-1,use1-az1,3,25.0,40.0,2.5,0.0454,0.0131,71,c7gd,Computing,c,1.0,2.0,24077.081,AWS Graviton3 Processor,AWS Graviton3 Processor,AWS
c7gd.medium,us-east-1,use1-az2,3,50.0,50.0,2.5,0.0454,0.0086,81,c7gd,Computing,c,1.0,2.0,24077.081,AWS Graviton3 Processor,AWS Graviton3 Processor,AWS
c7gd.medium,us-east-1,use1-az4,3,45.0,50.0,2.5,0.0454,0.0115,74,c7gd,Computing,c,1.0,2.0,24077.081,AWS Graviton3 Processor,AWS Graviton3 Processor,AWS
c7gd.medium,us-east-1,use1-az5,3,30.0,45.0,2.5,0.0454,0.0067,85,c7gd,Computing,c,1.0,2.0,24077.081,AWS Graviton3 Processor,AWS Graviton3 Processor,AWS
c7gd.medium,us-east-1,use1-az6,3,50.0,50.0,2.5,0.0454,0.0117,74,c7gd,Computing,c,1.0,2.0,24077.081,AWS Graviton3 Processor,AWS Graviton3 Processor,AWS
c7gd.xlarge,us-east-1,use1-az1,3,30.0,40.0,1.5,0.1814,0.0604,66,c7gd,Computing,c,4.0,8.0,24077.081,AWS Graviton3 Processor,AWS Graviton3 Processor,AWS
c7gd.xlarge,us-east-1,use1-az2,3,50.0,50.0,1.5,0.1814,0.071,60,c7gd,Computing,c,4.0,8.0,24077.081,AWS Graviton3 Processor,AWS Graviton3 Processor,AWS
c7gd.xlarge,us-east-1,use1-az4,3,15.0,30.0,1.5,0.1814,0.0683,62,c7gd,Computing,c,4.0,8.0,24077.081,AWS Graviton3 Processor,AWS Graviton3 Processor,AWS
c7gd.xlarge,us-east-1,use1-az5,3,5.0,10.0,1.5,0.1814,0.0577,68,c7gd,Computing,c,4.0,8.0,24077.081,AWS Graviton3 Processor,AWS Graviton3 Processor,AWS
c7gd.xlarge,us-east-1,use1-az6,3,35.0,50.0,1.5,0.1814,0.067,63,c7gd,Computing,c,4.0,8.0,24077.081,AWS Graviton3 Processor,AWS Graviton3 Processor,AWS
c7gn.12xlarge,us-east-1,use1-az1,1,0.0,0.0,2.5,2.9952,0.756,74,c7gn,Computing,c,48.0,96.0,24076.4292834,AWS Graviton3 Processor,AWS Graviton3 Processor,AWS
c7gn.12xlarge,us-east-1,use1-az2,1,0.0,0.0,2.5,2.9952,0.8441,71,c7gn,Computing,c,48.0,96.0,24076.4292834,AWS Graviton3 Processor,AWS Graviton3 Processor,AWS
c7gn.12xlarge,us-east-1,use1-az4,2,0.0,1.0,2.5,2.9952,0.8376,72,c7gn,Computing,c,48.0,96.0,24076.4292834,AWS Graviton3 Processor,AWS Graviton3 Processor,AWS
c7gn.12xlarge,us-east-1,use1-az5,2,0.0,1.0,2.5,2.9952,1.0083,66,c7gn,Computing,c,48.0,96.0,24076.4292834,AWS Graviton3 Processor,AWS Graviton3 Processor,AWS
c7gn.12xlarge,us-east-1,use1-az6,3,1.0,1.0,2.5,2.9952,0.7637,74,c7gn,Computing,c,48.0,96.0,24076.4292834,AWS Graviton3 Processor,AWS Graviton3 Processor,AWS
c7gn.16xlarge,us-east-1,use1-az1,3,15.0,20.0,2.5,3.9936,1.1451,71,c7gn,Computing,c,64.0,128.0,24072.9521798,AWS Graviton3 Processor,AWS Graviton3 Processor,AWS
c7gn.16xlarge,us-east-1,use1-az2,3,10.0,15.0,2.5,3.9936,1.0241,74,c7gn,Computing,c,64.0,128.0,24072.9521798,AWS Graviton3 Processor,AWS Graviton3 Processor,AWS
c7gn.16xlarge,us-east-1,use1-az4,3,30.0,45.0,2.5,3.9936,1.0412,73,c7gn,Computing,c,64.0,128.0,24072.9521798,AWS Graviton3 Processor,AWS Graviton3 Processor,AWS
c7gn.16xlarge,us-east-1,use1-az5,3,1.0,1.0,2.5,3.9936,1.0311,74,c7gn,Computing,c,64.0,128.0,24072.9521798,AWS Graviton3 Processor,AWS Graviton3 Processor,AWS
c7gn.16xlarge,us-east-1,use1-az6,3,35.0,50.0,2.5,3.9936,1.207,69,c7gn,Computing,c,64.0,128.0,24072.9521798,AWS Graviton3 Processor,AWS Graviton3 Processor,AWS
c7gn.2xlarge,us-east-1,use1-az1,1,0.0,0.0,1.0,0.4992,0.1606,67,c7gn,Computing,c,8.0,16.0,24090.2329426,AWS Graviton3 Processor,AWS Graviton3 Processor,AWS
c7gn.2xlarge,us-east-1,use1-az2,3,1.0,1.0,1.0,0.4992,0.1031,79,c7gn,Computing,c,8.0,16.0,24090.2329426,AWS Graviton3 Processor,AWS Graviton3 Processor,AWS
c7gn.2xlarge,us-east-1,use1-az4,3,1.0,1.0,1.0,0.4992,0.1016,79,c7gn,Computing,c,8.0,16.0,24090.2329426,AWS Graviton3 Processor,AWS Graviton3 Processor,AWS
c7gn.2xlarge,us-east-1,use1-az5,3,1.0,1.0,1.0,0.4992,0.1607,67,c7gn,Computing,c,8.0,16.0,24090.2329426,AWS Graviton3 Processor,AWS Graviton3 Processor,AWS
c7gn.2xlarge,us-east-1,use1-az6,3,20.0,30.0,1.0,0.4992,0.1101,77,c7gn,Computing,c,8.0,16.0,24090.2329426,AWS Graviton3 Processor,AWS Graviton3 Processor,AWS
c7gn.4xlarge,us-east-1,use1-az1,1,0.0,0.0,2.0,0.9984,0.2832,71,c7gn,Computing,c,16.0,32.0,24079.212249,AWS Graviton3 Processor,AWS Graviton3 Processor,AWS
c7gn.4xlarge,us-east-1,use1-az2,1,0.0,0.0,2.0,0.9984,0.3249,67,c7gn,Computing,c,16.0,32.0,24079.212249,AWS Graviton3 Processor,AWS Graviton3 Processor,AWS
c7gn.4xlarge,us-east-1,use1-az4,1,0.0,0.0,2.0,0.9984,0.354,64,c7gn,Computing,c,16.0,32.0,24079.212249,AWS Graviton3 Processor,AWS Graviton3 Processor,AWS
c7gn.4xlarge,us-east-1,use1-az5,2,0.0,1.0,2.0,0.9984,0.3892,61,c7gn,Computing,c,16.0,32.0,24079.212249,AWS Graviton3 Processor,AWS Graviton3 Processor,AWS
c7gn.4xlarge,us-east-1,use1-az6,3,1.0,1.0,2.0,0.9984,0.3087,69,c7gn,Computing,c,16.0,32.0,24079.212249,AWS Graviton3 Processor,AWS Graviton3 Processor,AWS
c7gn.8xlarge,us-east-1,use1-az1,1,0.0,0.0,2.0,1.9968,0.612,69,c7gn,Computing,c,32.0,64.0,24081.5307288,AWS Graviton3 Processor,AWS Graviton3 Processor,AWS
c7gn.8xlarge,us-east-1,use1-az2,1,0.0,0.0,2.0,1.9968,0.572,71,c7gn,Computing,c,32.0,64.0,24081.5307288,AWS Graviton3 Processor,AWS Graviton3 Processor,AWS
c7gn.8xlarge,us-east-1,use1-az4,1,0.0,0.0,2.0,1.9968,0.6903,65,c7gn,Computing,c,32.0,64.0,24081.5307288,AWS Graviton3 Processor,AWS Graviton3 Processor,AWS
c7gn.8xlarge,us-east-1,use1-az5,2,0.0,1.0,2.0,1.9968,0.5012,74,c7gn,Computing,c,32.0,64.0,24081.5307288,AWS Graviton3 Processor,AWS Graviton3 Processor,AWS
c7gn.8xlarge,us-east-1,use1-az6,3,5.0,10.0,2.0,1.9968,0.5181,74,c7gn,Computing,c,32.0,64.0,24081.5307288,AWS Graviton3 Processor,AWS Graviton3 Processor,AWS
c7gn.large,us-east-1,use1-az1,3,15.0,20.0,1.5,0.1248,0.0523,58,c7gn,Computing,c,2.0,4.0,24061.1460458,AWS Graviton3 Processor,AWS Graviton3 Processor,AWS
c7gn.large,us-east-1,use1-az2,3,5.0,10.0,1.5,0.1248,0.03,75,c7gn,Computing,c,2.0,4.0,24061.1460458,AWS Graviton3 Processor,AWS Graviton3 Processor,AWS
c7gn.large,us-east-1,use1-az4,3,5.0,10.0,1.5,0.1248,0.0467,62,c7gn,Computing,c,2.0,4.0,24061.1460458,AWS Graviton3 Processor,AWS Graviton3 Processor,AWS
c7gn.large,us-east-1,use1-az5,3,15.0,20.0,1.5,0.1248,0.0378,69,c7gn,Computing,c,2.0,4.0,24061.1460458,AWS Graviton3 Processor,AWS Graviton3 Processor,AWS
c7gn.large,us-east-1,use1-az6,3,30.0,45.0,1.5,0.1248,0.0348,72,c7gn,Computing,c,2.0,4.0,24061.1460458,AWS Graviton3 Processor,AWS Graviton3 Processor,AWS
c7gn.medium,us-east-1,use1-az1,1,0.0,0.0,2.5,0.0624,0.018,71,c7gn,Computing,c,1.0,2.0,24090.3519922,AWS Graviton3 Processor,AWS Graviton3 Processor,AWS
c7gn.medium,us-east-1,use1-az2,1,0.0,0.0,2.5,0.0624,0.0624,0,c7gn,Computing,c,1.0,2.0,24090.3519922,AWS Graviton3 Processor,AWS Graviton3 Processor,AWS
c7gn.medium,us-east-1,use1-az4,3,15.0,25.0,2.5,0.0624,0.015,75,c7gn,Computing,c,1.0,2.0,24090.3519922,AWS Graviton3 Processor,AWS Graviton3 Processor,AWS
c7gn.medium,us-east-1,use1-az5,3,25.0,40.0,2.5,0.0624,0.0072,88,c7gn,Computing,c,1.0,2.0,24090.3519922,AWS Graviton3 Processor,AWS Graviton3 Processor,AWS
c7gn.medium,us-east-1,use1-az6,3,25.0,35.0,2.5,0.0624,0.0117,81,c7gn,Computing,c,1.0,2.0,24090.3519922,AWS Graviton3 Processor,AWS Graviton3 Processor,AWS
c7gn.xlarge,us-east-1,use1-az1,3,1.0,1.0,2.0,0.2496,0.0895,64,c7gn,Computing,c,4.0,8.0,24086.8702568,AWS Graviton3 Processor,AWS Graviton3 Processor,AWS
c7gn.xlarge,us-east-1,use1-az2,1,0.0,0.0,2.0,0.2496,0.0679,72,c7gn,Computing,c,4.0,8.0,24086.8702568,AWS Graviton3 Processor,AWS Graviton3 Processor,AWS
c7gn.xlarge,us-east-1,use1-az4,3,1.0,1.0,2.0,0.2496,0.0628,74,c7gn,Computing,c,4.0,8.0,24086.8702568,AWS Graviton3 Processor,AWS Graviton3 Processor,AWS
c7gn.xlarge,us-east-1,use1-az5,3,1.0,1.0,2.0,0.2496,0.0813,67,c7gn,Computing,c,4.0,8.0,24086.8702568,AWS Graviton3 Processor,AWS Graviton3 Processor,AWS
c7gn.xlarge,us-east-1,use1-az6,3,10.0,15.0,2.0,0.2496,0.0756,69,c7gn,Computing,c,4.0,8.0,24086.8702568,AWS Graviton3 Processor,AWS Graviton3 Processor,AWS
c7i-flex.2xlarge,us-east-1,use1-az1,3,50.0,50.0,2.5,0.33915,0.1848,45,c7i-flex,Computing,c,8.0,16.0,34210.7263,Intel(R) Xeon(R) Platinum 8488C,Intel(R) Xeon(R) Platinum 8488C,Intel
c7i-flex.2xlarge,us-east-1,use1-az2,3,50.0,50.0,2.5,0.33915,0.1859,45,c7i-flex,Computing,c,8.0,16.0,34210.7263,Intel(R) Xeon(R) Platinum 8488C,Intel(R) Xeon(R) Platinum 8488C,Intel
c7i-flex.2xlarge,us-east-1,use1-az4,3,50.0,50.0,2.5,0.33915,0.1802,46,c7i-flex,Computing,c,8.0,16.0,34210.7263,Intel(R) Xeon(R) Platinum 8488C,Intel(R) Xeon(R) Platinum 8488C,Intel
c7i-flex.2xlarge,us-east-1,use1-az5,3,20.0,30.0,2.5,0.33915,0.1402,58,c7i-flex,Computing,c,8.0,16.0,34210.7263,Intel(R) Xeon(R) Platinum 8488C,Intel(R) Xeon(R) Platinum 8488C,Intel
c7i-flex.2xlarge,us-east-1,use1-az6,3,50.0,50.0,2.5,0.33915,0.1983,41,c7i-flex,Computing,c,8.0,16.0,34210.7263,Intel(R) Xeon(R) Platinum 8488C,Intel(R) Xeon(R) Platinum 8488C,Intel
c7i-flex.4xlarge,us-east-1,use1-az1,1,0.0,0.0,1.5,0.6783,0.2862,57,c7i-flex,Computing,c,16.0,32.0,34210.7263,Intel(R) Xeon(R) Platinum 8488C,Intel(R) Xeon(R) Platinum 8488C,Intel
c7i-flex.4xlarge,us-east-1,use1-az2,3,10.0,10.0,1.5,0.6783,0.2662,60,c7i-flex,Computing,c,16.0,32.0,34210.7263,Intel(R) Xeon(R) Platinum 8488C,Intel(R) Xeon(R) Platinum 8488C,Intel
c7i-flex.4xlarge,us-east-1,use1-az4,3,1.0,1.0,1.5,0.6783,0.2759,59,c7i-flex,Computing,c,16.0,32.0,34210.7263,Intel(R) Xeon(R) Platinum 8488C,Intel(R) Xeon(R) Platinum 8488C,Intel
c7i-flex.4xlarge,us-east-1,use1-az5,2,0.0,1.0,1.5,0.6783,0.2441,64,c7i-flex,Computing,c,16.0,32.0,34210.7263,Intel(R) Xeon(R) Platinum 8488C,Intel(R) Xeon(R) Platinum 8488C,Intel
c7i-flex.4xlarge,us-east-1,use1-az6,3,1.0,1.0,1.5,0.6783,0.265,60,c7i-flex,Computing,c,16.0,32.0,34210.7263,Intel(R) Xeon(R) Platinum 8488C,Intel(R) Xeon(R) Platinum 8488C,Intel
c7i-flex.8xlarge,us-east-1,use1-az1,2,0.0,1.0,1.0,1.3566,0.4887,63,c7i-flex,Computing,c,32.0,64.0,34210.7263,Intel(R) Xeon(R) Platinum 8488C,Intel(R) Xeon(R) Platinum 8488C,Intel
c7i-flex.8xlarge,us-east-1,use1-az2,3,1.0,1.0,1.0,1.3566,0.4209,68,c7i-flex,Computing,c,32.0,64.0,34210.7263,Intel(R) Xeon(R) Platinum 8488C,Intel(R) Xeon(R) Platinum 8488C,Intel
c7i-flex.8xlarge,us-east-1,use1-az4,3,1.0,1.0,1.0,1.3566,0.5026,62,c7i-flex,Computing,c,32.0,64.0,34210.7263,Intel(R) Xeon(R) Platinum 8488C,Intel(R) Xeon(R) Platinum 8488C,Intel
c7i-flex.8xlarge,us-east-1,use1-az5,1,0.0,0.0,1.0,1.3566,0.4176,69,c7i-flex,Computing,c,32.0,64.0,34210.7263,Intel(R) Xeon(R) Platinum 8488C,Intel(R) Xeon(R) Platinum 8488C,Intel
c7i-flex.8xlarge,us-east-1,use1-az6,3,1.0,5.0,1.0,1.3566,0.4069,70,c7i-flex,Computing,c,32.0,64.0,34210.7263,Intel(R) Xeon(R) Platinum 8488C,Intel(R) Xeon(R) Platinum 8488C,Intel
c7i-flex.large,us-east-1,use1-az1,3,5.0,10.0,3.0,0.08479,0.0386,54,c7i-flex,Computing,c,2.0,4.0,34210.7263,Intel(R) Xeon(R) Platinum 8488C,Intel(R) Xeon(R) Platinum 8488C,Intel
c7i-flex.large,us-east-1,use1-az2,3,50.0,50.0,3.0,0.08479,0.034,59,c7i-flex,Computing,c,2.0,4.0,34210.7263,Intel(R) Xeon(R) Platinum 8488C,Intel(R) Xeon(R) Platinum 8488C,Intel
c7i-flex.large,us-east-1,use1-az4,3,50.0,50.0,3.0,0.08479,0.0355,58,c7i-flex,Computing,c,2.0,4.0,34210.7263,Intel(R) Xeon(R) Platinum 8488C,Intel(R) Xeon(R) Platinum 8488C,Intel
c7i-flex.large,us-east-1,use1-az5,3,5.0,10.0,3.0,0.08479,0.0294,65,c7i-flex,Computing,c,2.0,4.0,34210.7263,Intel(R) Xeon(R) Platinum 8488C,Intel(R) Xeon(R) Platinum 8488C,Intel
c7i-flex.large,us-east-1,use1-az6,3,50.0,50.0,3.0,0.08479,0.0341,59,c7i-flex,Computing,c,2.0,4.0,34210.7263,Intel(R) Xeon(R) Platinum 8488C,Intel(R) Xeon(R) Platinum 8488C,Intel
c7i-flex.xlarge,us-east-1,use1-az1,3,5.0,10.0,2.0,0.16958,0.0718,57,c7i-flex,Computing,c,4.0,8.0,34210.7263,Intel(R) Xeon(R) Platinum 8488C,Intel(R) Xeon(R) Platinum 8488C,Intel
c7i-flex.xlarge,us-east-1,use1-az2,3,15.0,30.0,2.0,0.16958,0.0714,57,c7i-flex,Computing,c,4.0,8.0,34210.7263,Intel(R) Xeon(R) Platinum 8488C,Intel(R) Xeon(R) Platinum 8488C,Intel
c7i-flex.xlarge,us-east-1,use1-az4,3,5.0,10.0,2.0,0.16958,0.0653,61,c7i-flex,Computing,c,4.0,8.0,34210.7263,Intel(R) Xeon(R) Platinum 8488C,Intel(R) Xeon(R) Platinum 8488C,Intel
c7i-flex.xlarge,us-east-1,use1-az5,3,5.0,10.0,2.0,0.16958,0.0631,62,c7i-flex,Computing,c,4.0,8.0,34210.7263,Intel(R) Xeon(R) Platinum 8488C,Intel(R) Xeon(R) Platinum 8488C,Intel
c7i-flex.xlarge,us-east-1,use1-az6,3,15.0,25.0,2.0,0.16958,0.0708,58,c7i-flex,Computing,c,4.0,8.0,34210.7263,Intel(R) Xeon(R) Platinum 8488C,Intel(R) Xeon(R) Platinum 8488C,Intel
c7i.12xlarge,us-east-1,use1-az1,3,10.0,15.0,2.0,2.142,0.944,55,c7i,Computing,c,48.0,96.0,34778.3111392,Intel(R) Xeon(R) Platinum 8488C,Intel(R) Xeon(R) Platinum 8488C,Intel
c7i.12xlarge,us-east-1,use1-az2,3,25.0,40.0,2.0,2.142,0.9135,57,c7i,Computing,c,48.0,96.0,34778.3111392,Intel(R) Xeon(R) Platinum 8488C,Intel(R) Xeon(R) Platinum 8488C,Intel
c7i.12xlarge,us-east-1,use1-az4,3,40.0,50.0,2.0,2.142,0.8016,62,c7i,Computing,c,48.0,96.0,34778.3111392,Intel(R) Xeon(R) Platinum 8488C,Intel(R) Xeon(R) Platinum 8488C,Intel
c7i.12xlarge,us-east-1,use1-az5,3,1.0,1.0,2.0,2.142,0.9512,55,c7i,Computing,c,48.0,96.0,34778.3111392,Intel(R) Xeon(R) Platinum 8488C,Intel(R) Xeon(R) Platinum 8488C,Intel
c7i.12xlarge,us-east-1,use1-az6,3,45.0,50.0,2.0,2.142,0.7879,63,c7i,Computing,c,48.0,96.0,34778.3111392,Intel(R) Xeon(R) Platinum 8488C,Intel(R) Xeon(R) Platinum 8488C,Intel
c7i.16xlarge,us-east-1,use1-az1,3,1.0,1.0,2.0,2.856,1.0245,64,c7i,Computing,c,64.0,128.0,34370.7301538,Intel(R) Xeon(R) Platinum 8488C,Intel(R) Xeon(R) Platinum 8488C,Intel
c7i.16xlarge,us-east-1,use1-az2,3,25.0,35.0,2.0,2.856,1.1777,58,c7i,Computing,c,64.0,128.0,34370.7301538,Intel(R) Xeon(R) Platinum 8488C,Intel(R) Xeon(R) Platinum 8488C,Intel
c7i.16xlarge,us-east-1,use1-az4,3,30.0,50.0,2.0,2.856,1.1325,60,c7i,Computing,c,64.0,128.0,34370.7301538,Intel(R) Xeon(R) Platinum 8488C,Intel(R) Xeon(R) Platinum 8488C,Intel
c7i.16xlarge,us-east-1,use1-az5,1,0.0,0.0,2.0,2.856,0.7506,73,c7i,Computing,c,64.0,128.0,34370.7301538,Intel(R) Xeon(R) Platinum 8488C,Intel(R) Xeon(R) Platinum 8488C,Intel
c7i.16xlarge,us-east-1,use1-az6,3,30.0,45.0,2.0,2.856,1.1608,59,c7i,Computing,c,64.0,128.0,34370.7301538,Intel(R) Xeon(R) Platinum 8488C,Intel(R) Xeon(R) Platinum 8488C,Intel
c7i.24xlarge,us-east-1,use1-az1,3,1.0,1.0,2.5,4.284,1.4234,66,c7i,Computing,c,96.0,192.0,34352.6937346,Intel(R) Xeon(R) Platinum 8488C,Intel(R) Xeon(R) Platinum 8488C,Intel
c7i.24xlarge,us-east-1,use1-az2,3,50.0,50.0,2.5,4.284,2.1808,49,c7i,Computing,c,96.0,192.0,34352.6937346,Intel(R) Xeon(R) Platinum 8488C,Intel(R) Xeon(R) Platinum 8488C,Intel
c7i.24xlarge,us-east-1,use1-az4,3,30.0,50.0,2.5,4.284,1.5699,63,c7i,Computing,c,96.0,192.0,34352.6937346,Intel(R) Xeon(R) Platinum 8488C,Intel(R) Xeon(R) Platinum 8488C,Intel
c7i.24xlarge,us-east-1,use1-az5,1,0.0,0.0,2.5,4.284,1.9863,53,c7i,Computing,c,96.0,192.0,34352.6937346,Intel(R) Xeon(R) Platinum 8488C,Intel(R) Xeon(R) Platinum 8488C,Intel
c7i.24xlarge,us-east-1,use1-az6,3,30.0,45.0,2.5,4.284,1.4807,65,c7i,Computing,c,96.0,192.0,34352.6937346,Intel(R) Xeon(R) Platinum 8488C,Intel(R) Xeon(R) Platinum 8488C,Intel
c7i.2xlarge,us-east-1,use1-az1,3,5.0,5.0,1.0,0.357,0.1627,54,c7i,Computing,c,8.0,16.0,34927.205125199995,Intel(R) Xeon(R) Platinum 8488C,Intel(R) Xeon(R) Platinum 8488C,Intel
c7i.2xlarge,us-east-1,use1-az2,3,5.0,10.0,1.0,0.357,0.1576,55,c7i,Computing,c,8.0,16.0,34927.205125199995,Intel(R) Xeon(R) Platinum 8488C,Intel(R) Xeon(R) Platinum 8488C,Intel
c7i.2xlarge,us-east-1,use1-az4,3,15.0,20.0,1.0,0.357,0.1664,53,c7i,Computing,c,8.0,16.0,34927.205125199995,Intel(R) Xeon(R) Platinum 8488C,Intel(R) Xeon(R) Platinum 8488C,Intel
c7i.2xlarge,us-east-1,use1-az5,1,0.0,0.0,1.0,0.357,0.1335,62,c7i,Computing,c,8.0,16.0,34927.205125199995,Intel(R) Xeon(R) Platinum 8488C,Intel(R) Xeon(R) Platinum 8488C,Intel
c7i.2xlarge,us-east-1,use1-az6,3,10.0,15.0,1.0,0.357,0.1569,56,c7i,Computing,c,8.0,16.0,34927.205125199995,Intel(R) Xeon(R) Platinum 8488C,Intel(R) Xeon(R) Platinum 8488C,Intel
c7i.48xlarge,us-east-1,use1-az1,3,1.0,5.0,1.0,8.568,2.3264,72,c7i,Computing,c,192.0,384.0,34368.0759288,Intel(R) Xeon(R) Platinum 8488C,Intel(R) Xeon(R) Platinum 8488C,Intel
c7i.48xlarge,us-east-1,use1-az2,3,10.0,15.0,1.0,8.568,2.1938,74,c7i,Computing,c,192.0,384.0,34368.0759288,Intel(R) Xeon(R) Platinum 8488C,Intel(R) Xeon(R) Platinum 8488C,Intel
c7i.48xlarge,us-east-1,use1-az4,3,5.0,10.0,1.0,8.568,2.3235,72,c7i,Computing,c,192.0,384.0,34368.0759288,Intel(R) Xeon(R) Platinum 8488C,Intel(R) Xeon(R) Platinum 8488C,Intel
c7i.48xlarge,us-east-1,use1-az5,1,0.0,0.0,1.0,8.568,1.4571,82,c7i,Computing,c,192.0,384.0,34368.0759288,Intel(R) Xeon(R) Platinum 8488C,Intel(R) Xeon(R) Platinum 8488C,Intel
c7i.48xlarge,us-east-1,use1-az6,3,10.0,15.0,1.0,8.568,2.4771,71,c7i,Computing,c,192.0,384.0,34368.0759288,Intel(R) Xeon(R) Platinum 8488C,Intel(R) Xeon(R) Platinum 8488C,Intel
c7i.4xlarge,us-east-1,use1-az1,3,5.0,5.0,1.5,0.714,0.2756,61,c7i,Computing,c,16.0,32.0,34333.2174978,Intel(R) Xeon(R) Platinum 8488C,Intel(R) Xeon(R) Platinum 8488C,Intel
c7i.4xlarge,us-east-1,use1-az2,3,10.0,15.0,1.5,0.714,0.2714,61,c7i,Computing,c,16.0,32.0,34333.2174978,Intel(R) Xeon(R) Platinum 8488C,Intel(R) Xeon(R) Platinum 8488C,Intel
c7i.4xlarge,us-east-1,use1-az4,3,25.0,45.0,1.5,0.714,0.2878,59,c7i,Computing,c,16.0,32.0,34333.2174978,Intel(R) Xeon(R) Platinum 8488C,Intel(R) Xeon(R) Platinum 8488C,Intel
c7i.4xlarge,us-east-1,use1-az5,1,0.0,0.0,1.5,0.714,0.2508,64,c7i,Computing,c,16.0,32.0,34333.2174978,Intel(R) Xeon(R) Platinum 8488C,Intel(R) Xeon(R) Platinum 8488C,Intel
c7i.4xlarge,us-east-1,use1-az6,3,15.0,30.0,1.5,0.714,0.2686,62,c7i,Computing,c,16.0,32.0,34333.2174978,Intel(R) Xeon(R) Platinum 8488C,Intel(R) Xeon(R) Platinum 8488C,Intel
c7i.8xlarge,us-east-1,use1-az1,3,5.0,5.0,2.0,1.428,0.537,62,c7i,Computing,c,32.0,64.0,34415.6075862,Intel(R) Xeon(R) Platinum 8488C,Intel(R) Xeon(R) Platinum 8488C,Intel
c7i.8xlarge,us-east-1,use1-az2,3,5.0,10.0,2.0,1.428,0.5338,62,c7i,Computing,c,32.0,64.0,34415.6075862,Intel(R) Xeon(R) Platinum 8488C,Intel(R) Xeon(R) Platinum 8488C,Intel
c7i.8xlarge,us-east-1,use1-az4,3,35.0,50.0,2.0,1.428,0.5342,62,c7i,Computing,c,32.0,64.0,34415.6075862,Intel(R) Xeon(R) Platinum 8488C,Intel(R) Xeon(R) Platinum 8488C,Intel
c7i.8xlarge,us-east-1,use1-az5,1,0.0,0.0,2.0,1.428,0.5329,62,c7i,Computing,c,32.0,64.0,34415.6075862,Intel(R) Xeon(R) Platinum 8488C,Intel(R) Xeon(R) Platinum 8488C,Intel
c7i.8xlarge,us-east-1,use1-az6,3,5.0,10.0,2.0,1.428,0.5788,59,c7i,Computing,c,32.0,64.0,34415.6075862,Intel(R) Xeon(R) Platinum 8488C,Intel(R) Xeon(R) Platinum 8488C,Intel
c7i.large,us-east-1,use1-az1,3,35.0,50.0,1.0,0.08925,0.0327,63,c7i,Computing,c,2.0,4.0,33276.402084199995,Intel(R) Xeon(R) Platinum 8488C,Intel(R) Xeon(R) Platinum 8488C,Intel
c7i.large,us-east-1,use1-az2,3,50.0,50.0,1.0,0.08925,0.0293,67,c7i,Computing,c,2.0,4.0,33276.402084199995,Intel(R) Xeon(R) Platinum 8488C,Intel(R) Xeon(R) Platinum 8488C,Intel
c7i.large,us-east-1,use1-az4,3,50.0,50.0,1.0,0.08925,0.0264,70,c7i,Computing,c,2.0,4.0,33276.402084199995,Intel(R) Xeon(R) Platinum 8488C,Intel(R) Xeon(R) Platinum 8488C,Intel
c7i.large,us-east-1,use1-az5,3,1.0,1.0,1.0,0.08925,0.0307,65,c7i,Computing,c,2.0,4.0,33276.402084199995,Intel(R) Xeon(R) Platinum 8488C,Intel(R) Xeon(R) Platinum 8488C,Intel
c7i.large,us-east-1,use1-az6,3,50.0,50.0,1.0,0.08925,0.0272,69,c7i,Computing,c,2.0,4.0,33276.402084199995,Intel(R) Xeon(R) Platinum 8488C,Intel(R) Xeon(R) Platinum 8488C,Intel
c7i.xlarge,us-east-1,use1-az1,3,30.0,45.0,1.0,0.1785,0.0683,61,c7i,Computing,c,4.0,8.0,31918.1276076,Intel(R) Xeon(R) Platinum 8488C,Intel(R) Xeon(R) Platinum 8488C,Intel
c7i.xlarge,us-east-1,use1-az2,3,50.0,50.0,1.0,0.1785,0.0678,62,c7i,Computing,c,4.0,8.0,31918.1276076,Intel(R) Xeon(R) Platinum 8488C,Intel(R) Xeon(R) Platinum 8488C,Intel
c7i.xlarge,us-east-1,use1-az4,3,50.0,50.0,1.0,0.1785,0.0693,61,c7i,Computing,c,4.0,8.0,31918.1276076,Intel(R) Xeon(R) Platinum 8488C,Intel(R) Xeon(R) Platinum 8488C,Intel
c7i.xlarge,us-east-1,use1-az5,1,0.0,0.0,1.0,0.1785,0.0635,64,c7i,Computing,c,4.0,8.0,31918.1276076,Intel(R) Xeon(R) Platinum 8488C,Intel(R) Xeon(R) Platinum 8488C,Intel
c7i.xlarge,us-east-1,use1-az6,3,50.0,50.0,1.0,0.1785,0.0718,59,c7i,Computing,c,4.0,8.0,31918.1276076,Intel(R) Xeon(R) Platinum 8488C,Intel(R) Xeon(R) Platinum 8488C,Intel
c8g.12xlarge,us-east-1,use1-az1,3,1.0,5.0,1.0,1.91424,0.5633,70,c8g,Computing,c,48.0,96.0,28985.339696599996,AWS Graviton4 Processor,AWS Graviton4 Processor,AWS
c8g.12xlarge,us-east-1,use1-az2,2,0.0,1.0,1.0,1.91424,1.2052,37,c8g,Computing,c,48.0,96.0,28985.339696599996,AWS Graviton4 Processor,AWS Graviton4 Processor,AWS
c8g.12xlarge,us-east-1,use1-az4,3,1.0,5.0,1.0,1.91424,0.4895,74,c8g,Computing,c,48.0,96.0,28985.339696599996,AWS Graviton4 Processor,AWS Graviton4 Processor,AWS
c8g.12xlarge,us-east-1,use1-az5,3,1.0,1.0,1.0,1.91424,0.5124,73,c8g,Computing,c,48.0,96.0,28985.339696599996,AWS Graviton4 Processor,AWS Graviton4 Processor,AWS
c8g.12xlarge,us-east-1,use1-az6,3,1.0,1.0,1.0,1.91424,0.6542,65,c8g,Computing,c,48.0,96.0,28985.339696599996,AWS Graviton4 Processor,AWS Graviton4 Processor,AWS
c8g.16xlarge,us-east-1,use1-az1,3,5.0,10.0,3.0,2.55232,0.6462,74,c8g,Computing,c,64.0,128.0,28986.517522600003,AWS Graviton4 Processor,AWS Graviton4 Processor,AWS
c8g.16xlarge,us-east-1,use1-az2,3,50.0,50.0,3.0,2.55232,0.6442,74,c8g,Computing,c,64.0,128.0,28986.517522600003,AWS Graviton4 Processor,AWS Graviton4 Processor,AWS
c8g.16xlarge,us-east-1,use1-az4,3,50.0,50.0,3.0,2.55232,0.5579,78,c8g,Computing,c,64.0,128.0,28986.517522600003,AWS Graviton4 Processor,AWS Graviton4 Processor,AWS
c8g.16xlarge,us-east-1,use1-az5,3,15.0,25.0,3.0,2.55232,0.9749,61,c8g,Computing,c,64.0,128.0,28986.517522600003,AWS Graviton4 Processor,AWS Graviton4 Processor,AWS
c8g.16xlarge,us-east-1,use1-az6,3,50.0,50.0,3.0,2.55232,0.6445,74,c8g,Computing,c,64.0,128.0,28986.517522600003,AWS Graviton4 Processor,AWS Graviton4 Processor,AWS
c8g.24xlarge,us-east-1,use1-az1,3,50.0,50.0,3.0,3.82848,0.9655,74,c8g,Computing,c,96.0,192.0,28984.1648316,AWS Graviton4 Processor,AWS Graviton4 Processor,AWS
c8g.24xlarge,us-east-1,use1-az2,1,0.0,0.0,3.0,3.82848,1.1146,70,c8g,Computing,c,96.0,192.0,28984.1648316,AWS Graviton4 Processor,AWS Graviton4 Processor,AWS
c8g.24xlarge,us-east-1,use1-az4,3,50.0,50.0,3.0,3.82848,0.708,81,c8g,Computing,c,96.0,192.0,28984.1648316,AWS Graviton4 Processor,AWS Graviton4 Processor,AWS
c8g.24xlarge,us-east-1,use1-az5,3,10.0,15.0,3.0,3.82848,0.9793,74,c8g,Computing,c,96.0,192.0,28984.1648316,AWS Graviton4 Processor,AWS Graviton4 Processor,AWS
c8g.24xlarge,us-east-1,use1-az6,3,50.0,50.0,3.0,3.82848,1.0625,72,c8g,Computing,c,96.0,192.0,28984.1648316,AWS Graviton4 Processor,AWS Graviton4 Processor,AWS
c8g.2xlarge,us-east-1,use1-az1,3,25.0,40.0,2.5,0.31904,0.0943,70,c8g,Computing,c,8.0,16.0,28984.836842800003,AWS Graviton4 Processor,AWS Graviton4 Processor,AWS
c8g.2xlarge,us-east-1,use1-az2,3,15.0,35.0,2.5,0.31904,0.0924,71,c8g,Computing,c,8.0,16.0,28984.836842800003,AWS Graviton4 Processor,AWS Graviton4 Processor,AWS
c8g.2xlarge,us-east-1,use1-az4,3,25.0,40.0,2.5,0.31904,0.0993,68,c8g,Computing,c,8.0,16.0,28984.836842800003,AWS Graviton4 Processor,AWS Graviton4 Processor,AWS
c8g.2xlarge,us-east-1,use1-az5,3,15.0,25.0,2.5,0.31904,0.1097,65,c8g,Computing,c,8.0,16.0,28984.836842800003,AWS Graviton4 Processor,AWS Graviton4 Processor,AWS
c8g.2xlarge,us-east-1,use1-az6,3,20.0,30.0,2.5,0.31904,0.1013,68,c8g,Computing,c,8.0,16.0,28984.836842800003,AWS Graviton4 Processor,AWS Graviton4 Processor,AWS
c8g.48xlarge,us-east-1,use1-az1,3,50.0,50.0,2.5,7.65696,2.097,72,c8g,Computing,c,192.0,384.0,27923.915052000004,AWS Graviton4 Processor,AWS Graviton4 Processor,AWS
c8g.48xlarge,us-east-1,use1-az2,3,15.0,20.0,2.5,7.65696,1.9767,74,c8g,Computing,c,192.0,384.0,27923.915052000004,AWS Graviton4 Processor,AWS Graviton4 Processor,AWS
c8g.48xlarge,us-east-1,use1-az4,3,5.0,10.0,2.5,7.65696,2.1636,71,c8g,Computing,c,192.0,384.0,27923.915052000004,AWS Graviton4 Processor,AWS Graviton4 Processor,AWS
c8g.48xlarge,us-east-1,use1-az5,3,1.0,1.0,2.5,7.65696,1.5944,79,c8g,Computing,c,192.0,384.0,27923.915052000004,AWS Graviton4 Processor,AWS Graviton4 Processor,AWS
c8g.48xlarge,us-east-1,use1-az6,3,5.0,10.0,2.5,7.65696,2.3851,68,c8g,Computing,c,192.0,384.0,27923.915052000004,AWS Graviton4 Processor,AWS Graviton4 Processor,AWS
c8g.4xlarge,us-east-1,use1-az1,3,50.0,50.0,2.0,0.63808,0.1845,71,c8g,Computing,c,16.0,32.0,28936.177951,AWS Graviton4 Processor,AWS Graviton4 Processor,AWS
c8g.4xlarge,us-east-1,use1-az2,3,50.0,50.0,2.0,0.63808,0.1848,71,c8g,Computing,c,16.0,32.0,28936.177951,AWS Graviton4 Processor,AWS Graviton4 Processor,AWS
c8g.4xlarge,us-east-1,use1-az4,3,50.0,50.0,2.0,0.63808,0.1964,69,c8g,Computing,c,16.0,32.0,28936.177951,AWS Graviton4 Processor,AWS Graviton4 Processor,AWS
c8g.4xlarge,us-east-1,use1-az5,3,30.0,45.0,2.0,0.63808,0.1919,69,c8g,Computing,c,16.0,32.0,28936.177951,AWS Graviton4 Processor,AWS Graviton4 Processor,AWS
c8g.4xlarge,us-east-1,use1-az6,3,35.0,50.0,2.0,0.63808,0.19,70,c8g,Computing,c,16.0,32.0,28936.177951,AWS Graviton4 Processor,AWS Graviton4 Processor,AWS
c8g.8xlarge,us-east-1,use1-az1,3,50.0,50.0,3.0,1.27616,0.3948,69,c8g,Computing,c,32.0,64.0,28981.140538999996,AWS Graviton4 Processor,AWS Graviton4 Processor,AWS
c8g.8xlarge,us-east-1,use1-az2,3,50.0,50.0,3.0,1.27616,0.4834,62,c8g,Computing,c,32.0,64.0,28981.140538999996,AWS Graviton4 Processor,AWS Graviton4 Processor,AWS
c8g.8xlarge,us-east-1,use1-az4,3,45.0,50.0,3.0,1.27616,0.4335,66,c8g,Computing,c,32.0,64.0,28981.140538999996,AWS Graviton4 Processor,AWS Graviton4 Processor,AWS
c8g.8xlarge,us-east-1,use1-az5,3,50.0,50.0,3.0,1.27616,0.3642,71,c8g,Computing,c,32.0,64.0,28981.140538999996,AWS Graviton4 Processor,AWS Graviton4 Processor,AWS
c8g.8xlarge,us-east-1,use1-az6,3,40.0,50.0,3.0,1.27616,0.4248,66,c8g,Computing,c,32.0,64.0,28981.140538999996,AWS Graviton4 Processor,AWS Graviton4 Processor,AWS
c8g.large,us-east-1,use1-az1,3,30.0,45.0,3.0,0.07976,0.034,57,c8g,Computing,c,2.0,4.0,28990.0466954,AWS Graviton4 Processor,AWS Graviton4 Processor,AWS
c8g.large,us-east-1,use1-az2,3,35.0,50.0,3.0,0.07976,0.0272,65,c8g,Computing,c,2.0,4.0,28990.0466954,AWS Graviton4 Processor,AWS Graviton4 Processor,AWS
c8g.large,us-east-1,use1-az4,3,50.0,50.0,3.0,0.07976,0.0325,59,c8g,Computing,c,2.0,4.0,28990.0466954,AWS Graviton4 Processor,AWS Graviton4 Processor,AWS
c8g.large,us-east-1,use1-az5,3,50.0,50.0,3.0,0.07976,0.0231,71,c8g,Computing,c,2.0,4.0,28990.0466954,AWS Graviton4 Processor,AWS Graviton4 Processor,AWS
c8g.large,us-east-1,use1-az6,3,50.0,50.0,3.0,0.07976,0.0337,57,c8g,Computing,c,2.0,4.0,28990.0466954,AWS Graviton4 Processor,AWS Graviton4 Processor,AWS
c8g.medium,us-east-1,use1-az1,3,50.0,50.0,3.0,0.03988,0.0111,72,c8g,Computing,c,1.0,2.0,28986.350975800004,AWS Graviton4 Processor,AWS Graviton4 Processor,AWS
c8g.medium,us-east-1,use1-az2,3,50.0,50.0,3.0,0.03988,0.0106,73,c8g,Computing,c,1.0,2.0,28986.350975800004,AWS Graviton4 Processor,AWS Graviton4 Processor,AWS
c8g.medium,us-east-1,use1-az4,3,50.0,50.0,3.0,0.03988,0.0108,72,c8g,Computing,c,1.0,2.0,28986.350975800004,AWS Graviton4 Processor,AWS Graviton4 Processor,AWS
c8g.medium,us-east-1,use1-az5,3,50.0,50.0,3.0,0.03988,0.0073,81,c8g,Computing,c,1.0,2.0,28986.350975800004,AWS Graviton4 Processor,AWS Graviton4 Processor,AWS
c8g.medium,us-east-1,use1-az6,3,50.0,50.0,3.0,0.03988,0.0108,72,c8g,Computing,c,1.0,2.0,28986.350975800004,AWS Graviton4 Processor,AWS Graviton4 Processor,AWS
c8g.xlarge,us-east-1,use1-az1,3,50.0,50.0,2.5,0.15952,0.0598,62,c8g,Computing,c,4.0,8.0,28973.4290674,AWS Graviton4 Processor,AWS Graviton4 Processor,AWS
c8g.xlarge,us-east-1,use1-az2,3,50.0,50.0,2.5,0.15952,0.0481,69,c8g,Computing,c,4.0,8.0,28973.4290674,AWS Graviton4 Processor,AWS Graviton4 Processor,AWS
c8g.xlarge,us-east-1,use1-az4,3,50.0,50.0,2.5,0.15952,0.0516,67,c8g,Computing,c,4.0,8.0,28973.4290674,AWS Graviton4 Processor,AWS Graviton4 Processor,AWS
c8g.xlarge,us-east-1,use1-az5,3,30.0,45.0,2.5,0.15952,0.0611,61,c8g,Computing,c,4.0,8.0,28973.4290674,AWS Graviton4 Processor,AWS Graviton4 Processor,AWS
c8g.xlarge,us-east-1,use1-az6,3,50.0,50.0,2.5,0.15952,0.0503,68,c8g,Computing,c,4.0,8.0,28973.4290674,AWS Graviton4 Processor,AWS Graviton4 Processor,AWS
c8gd.12xlarge,us-east-1,use1-az1,3,1.0,1.0,3.0,2.35152,0.6707,71,c8gd,Computing,c,48.0,96.0,28985.339696599996,AWS Graviton4 Processor,AWS Graviton4 Processor,AWS
c8gd.12xlarge,us-east-1,use1-az2,3,1.0,1.0,3.0,2.35152,0.7457,68,c8gd,Computing,c,48.0,96.0,28985.339696599996,AWS Graviton4 Processor,AWS Graviton4 Processor,AWS
c8gd.12xlarge,us-east-1,use1-az4,3,1.0,1.0,3.0,2.35152,0.8627,63,c8gd,Computing,c,48.0,96.0,28985.339696599996,AWS Graviton4 Processor,AWS Graviton4 Processor,AWS
c8gd.12xlarge,us-east-1,use1-az5,3,1.0,1.0,3.0,2.35152,0.6985,70,c8gd,Computing,c,48.0,96.0,28985.339696599996,AWS Graviton4 Processor,AWS Graviton4 Processor,AWS
c8gd.12xlarge,us-east-1,use1-az6,2,0.0,1.0,3.0,2.35152,0.7436,68,c8gd,Computing,c,48.0,96.0,28985.339696599996,AWS Graviton4 Processor,AWS Graviton4 Processor,AWS
c8gd.16xlarge,us-east-1,use1-az1,3,5.0,5.0,2.5,3.13536,0.9659,69,c8gd,Computing,c,64.0,128.0,28986.517522600003,AWS Graviton4 Processor,AWS Graviton4 Processor,AWS
c8gd.16xlarge,us-east-1,use1-az2,3,1.0,5.0,2.5,3.13536,0.761,75,c8gd,Computing,c,64.0,128.0,28986.517522600003,AWS Graviton4 Processor,AWS Graviton4 Processor,AWS
c8gd.16xlarge,us-east-1,use1-az4,3,5.0,10.0,2.5,3.13536,0.6202,80,c8gd,Computing,c,64.0,128.0,28986.517522600003,AWS Graviton4 Processor,AWS Graviton4 Processor,AWS
c8gd.16xlarge,us-east-1,use1-az5,3,1.0,5.0,2.5,3.13536,0.7167,77,c8gd,Computing,c,64.0,128.0,28986.517522600003,AWS Graviton4 Processor,AWS Graviton4 Processor,AWS
c8gd.16xlarge,us-east-1,use1-az6,3,1.0,5.0,2.5,3.13536,0.5209,83,c8gd,Computing,c,64.0,128.0,28986.517522600003,AWS Graviton4 Processor,AWS Graviton4 Processor,AWS
c8gd.24xlarge,us-east-1,use1-az1,3,1.0,5.0,2.0,4.70304,1.1833,74,c8gd,Computing,c,96.0,192.0,28984.1648316,AWS Graviton4 Processor,AWS Graviton4 Processor,AWS
c8gd.24xlarge,us-east-1,use1-az2,3,1.0,1.0,2.0,4.70304,2.1296,54,c8gd,Computing,c,96.0,192.0,28984.1648316,AWS Graviton4 Processor,AWS Graviton4 Processor,AWS
c8gd.24xlarge,us-east-1,use1-az4,3,1.0,5.0,2.0,4.70304,1.2141,74,c8gd,Computing,c,96.0,192.0,28984.1648316,AWS Graviton4 Processor,AWS Graviton4 Processor,AWS
c8gd.24xlarge,us-east-1,use1-az5,3,5.0,10.0,2.0,4.70304,0.8474,81,c8gd,Computing,c,96.0,192.0,28984.1648316,AWS Graviton4 Processor,AWS Graviton4 Processor,AWS
c8gd.24xlarge,us-east-1,use1-az6,3,1.0,1.0,2.0,4.70304,1.3579,71,c8gd,Computing,c,96.0,192.0,28984.1648316,AWS Graviton4 Processor,AWS Graviton4 Processor,AWS
c8gd.2xlarge,us-east-1,use1-az1,3,5.0,10.0,2.5,0.39192,0.1487,62,c8gd,Computing,c,8.0,16.0,28984.836842800003,AWS Graviton4 Processor,AWS Graviton4 Processor,AWS
c8gd.2xlarge,us-east-1,use1-az2,3,5.0,10.0,2.5,0.39192,0.1636,58,c8gd,Computing,c,8.0,16.0,28984.836842800003,AWS Graviton4 Processor,AWS Graviton4 Processor,AWS
c8gd.2xlarge,us-east-1,use1-az4,3,5.0,5.0,2.5,0.39192,0.1703,56,c8gd,Computing,c,8.0,16.0,28984.836842800003,AWS Graviton4 Processor,AWS Graviton4 Processor,AWS
c8gd.2xlarge,us-east-1,use1-az5,3,10.0,15.0,2.5,0.39192,0.1185,69,c8gd,Computing,c,8.0,16.0,28984.836842800003,AWS Graviton4 Processor,AWS Graviton4 Processor,AWS
c8gd.2xlarge,us-east-1,use1-az6,3,1.0,1.0,2.5,0.39192,0.1561,60,c8gd,Computing,c,8.0,16.0,28984.836842800003,AWS Graviton4 Processor,AWS Graviton4 Processor,AWS
c8gd.48xlarge,us-east-1,use1-az1,3,1.0,1.0,2.5,9.40608,3.2153,65,c8gd,Computing,c,192.0,384.0,27923.915052000004,AWS Graviton4 Processor,AWS Graviton4 Processor,AWS
c8gd.48xlarge,us-east-1,use1-az2,3,1.0,1.0,2.5,9.40608,3.3622,64,c8gd,Computing,c,192.0,384.0,27923.915052000004,AWS Graviton4 Processor,AWS Graviton4 Processor,AWS
c8gd.48xlarge,us-east-1,use1-az4,3,1.0,1.0,2.5,9.40608,3.6152,61,c8gd,Computing,c,192.0,384.0,27923.915052000004,AWS Graviton4 Processor,AWS Graviton4 Processor,AWS
c8gd.48xlarge,us-east-1,use1-az5,3,1.0,1.0,2.5,9.40608,1.6182,82,c8gd,Computing,c,192.0,384.0,27923.915052000004,AWS Graviton4 Processor,AWS Graviton4 Processor,AWS
c8gd.48xlarge,us-east-1,use1-az6,2,0.0,1.0,2.5,9.40608,4.3595,53,c8gd,Computing,c,192.0,384.0,27923.915052000004,AWS Graviton4 Processor,AWS Graviton4 Processor,AWS
c8gd.4xlarge,us-east-1,use1-az1,3,1.0,1.0,3.0,0.78384,0.3145,59,c8gd,Computing,c,16.0,32.0,28936.177951,AWS Graviton4 Processor,AWS Graviton4 Processor,AWS
c8gd.4xlarge,us-east-1,use1-az2,3,,,3.0,0.78384,0.2789,64,c8gd,Computing,c,16.0,32.0,28936.177951,AWS Graviton4 Processor,AWS Graviton4 Processor,AWS
c8gd.4xlarge,us-east-1,use1-az4,3,1.0,1.0,3.0,0.78384,0.3264,58,c8gd,Computing,c,16.0,32.0,28936.177951,AWS Graviton4 Processor,AWS Graviton4 Processor,AWS
c8gd.4xlarge,us-east-1,use1-az5,3,5.0,,3.0,0.78384,0.2585,67,c8gd,Computing,c,16.0,32.0,28936.177951,AWS Graviton4 Processor,AWS Graviton4 Processor,AWS
c8gd.4xlarge,us-east-1,use1-az6,3,1.0,1.0,3.0,0.78384,0.3068,60,c8gd,Computing,c,16.0,32.0,28936.177951,AWS Graviton4 Processor,AWS Graviton4 Processor,AWS
c8gd.8xlarge,us-east-1,use1-az1,3,1.0,1.0,2.0,1.56768,0.5095,67,c8gd,Computing,c,32.0,64.0,28981.140538999996,AWS Graviton4 Processor,AWS Graviton4 Processor,AWS
c8gd.8xlarge,us-east-1,use1-az2,3,1.0,1.0,2.0,1.56768,0.6316,59,c8gd,Computing,c,32.0,64.0,28981.140538999996,AWS Graviton4 Processor,AWS Graviton4 Processor,AWS
c8gd.8xlarge,us-east-1,use1-az4,3,1.0,1.0,2.0,1.56768,0.715,54,c8gd,Computing,c,32.0,64.0,28981.140538999996,AWS Graviton4 Processor,AWS Graviton4 Processor,AWS
c8gd.8xlarge,us-east-1,use1-az5,3,1.0,1.0,2.0,1.56768,0.4871,68,c8gd,Computing,c,32.0,64.0,28981.140538999996,AWS Graviton4 Processor,AWS Graviton4 Processor,AWS
c8gd.8xlarge,us-east-1,use1-az6,1,0.0,0.0,2.0,1.56768,0.712,54,c8gd,Computing,c,32.0,64.0,28981.140538999996,AWS Graviton4 Processor,AWS Graviton4 Processor,AWS
c8gd.large,us-east-1,use1-az1,3,5.0,5.0,3.0,0.09798,0.0392,59,c8gd,Computing,c,2.0,4.0,28990.0466954,AWS Graviton4 Processor,AWS Graviton4 Processor,AWS
c8gd.large,us-east-1,use1-az2,3,20.0,35.0,3.0,0.09798,0.0418,57,c8gd,Computing,c,2.0,4.0,28990.0466954,AWS Graviton4 Processor,AWS Graviton4 Processor,AWS
c8gd.large,us-east-1,use1-az4,3,15.0,30.0,3.0,0.09798,0.0348,64,c8gd,Computing,c,2.0,4.0,28990.0466954,AWS Graviton4 Processor,AWS Graviton4 Processor,AWS
c8gd.large,us-east-1,use1-az5,3,,,3.0,0.09798,0.0325,66,c8gd,Computing,c,2.0,4.0,28990.0466954,AWS Graviton4 Processor,AWS Graviton4 Processor,AWS
c8gd.large,us-east-1,use1-az6,3,,,3.0,0.09798,0.0399,59,c8gd,Computing,c,2.0,4.0,28990.0466954,AWS Graviton4 Processor,AWS Graviton4 Processor,AWS
c8gd.medium,us-east-1,use1-az1,3,,,3.0,0.04899,0.0127,74,c8gd,Computing,c,1.0,2.0,28986.350975800004,AWS Graviton4 Processor,AWS Graviton4 Processor,AWS
c8gd.medium,us-east-1,use1-az2,3,,,3.0,0.04899,0.0136,72,c8gd,Computing,c,1.0,2.0,28986.350975800004,AWS Graviton4 Processor,AWS Graviton4 Processor,AWS
c8gd.medium,us-east-1,use1-az4,3,,,3.0,0.04899,0.0129,73,c8gd,Computing,c,1.0,2.0,28986.350975800004,AWS Graviton4 Processor,AWS Graviton4 Processor,AWS
c8gd.medium,us-east-1,use1-az5,3,,,3.0,0.04899,0.0071,85,c8gd,Computing,c,1.0,2.0,28986.350975800004,AWS Graviton4 Processor,AWS Graviton4 Processor,AWS
c8gd.medium,us-east-1,use1-az6,3,,,3.0,0.04899,0.0121,75,c8gd,Computing,c,1.0,2.0,28986.350975800004,AWS Graviton4 Processor,AWS Graviton4 Processor,AWS
c8gd.xlarge,us-east-1,use1-az1,3,10.0,15.0,3.0,0.19596,0.0921,53,c8gd,Computing,c,4.0,8.0,28973.4290674,AWS Graviton4 Processor,AWS Graviton4 Processor,AWS
c8gd.xlarge,us-east-1,use1-az2,3,10.0,15.0,3.0,0.19596,0.0803,59,c8gd,Computing,c,4.0,8.0,28973.4290674,AWS Graviton4 Processor,AWS Graviton4 Processor,AWS
c8gd.xlarge,us-east-1,use1-az4,3,,,3.0,0.19596,0.0631,67,c8gd,Computing,c,4.0,8.0,28973.4290674,AWS Graviton4 Processor,AWS Graviton4 Processor,AWS
c8gd.xlarge,us-east-1,use1-az5,3,20.0,30.0,3.0,0.19596,0.0728,62,c8gd,Computing,c,4.0,8.0,28973.4290674,AWS Graviton4 Processor,AWS Graviton4 Processor,AWS
c8gd.xlarge,us-east-1,use1-az6,3,5.0,10.0,3.0,0.19596,0.0796,59,c8gd,Computing,c,4.0,8.0,28973.4290674,AWS Graviton4 Processor,AWS Graviton4 Processor,AWS
d3.2xlarge,us-east-1,use1-az1,3,5.0,10.0,3.0,0.999,0.3576,64,d3,Storage,d,8.0,64.0,23883.6025,Intel(R) Xeon(R) Platinum 8259CL CPU @ 2.50GHz,Intel(R) Xeon(R) Platinum 8259CL CPU @ 2.50GHz,Intel
d3.2xlarge,us-east-1,use1-az2,3,45.0,50.0,3.0,0.999,0.3149,68,d3,Storage,d,8.0,64.0,23883.6025,Intel(R) Xeon(R) Platinum 8259CL CPU @ 2.50GHz,Intel(R) Xeon(R) Platinum 8259CL CPU @ 2.50GHz,Intel
d3.2xlarge,us-east-1,use1-az4,3,35.0,45.0,3.0,0.999,0.3377,66,d3,Storage,d,8.0,64.0,23883.6025,Intel(R) Xeon(R) Platinum 8259CL CPU @ 2.50GHz,Intel(R) Xeon(R) Platinum 8259CL CPU @ 2.50GHz,Intel
d3.2xlarge,us-east-1,use1-az6,3,30.0,45.0,3.0,0.999,0.322,67,d3,Storage,d,8.0,64.0,23883.6025,Intel(R) Xeon(R) Platinum 8259CL CPU @ 2.50GHz,Intel(R) Xeon(R) Platinum 8259CL CPU @ 2.50GHz,Intel
d3.4xlarge,us-east-1,use1-az1,3,5.0,5.0,3.0,1.998,0.7929,60,d3,Storage,d,16.0,128.0,23883.6025,Intel(R) Xeon(R) Platinum 8259CL CPU @ 2.50GHz,Intel(R) Xeon(R) Platinum 8259CL CPU @ 2.50GHz,Intel
d3.4xlarge,us-east-1,use1-az2,3,15.0,20.0,3.0,1.998,0.7265,63,d3,Storage,d,16.0,128.0,23883.6025,Intel(R) Xeon(R) Platinum 8259CL CPU @ 2.50GHz,Intel(R) Xeon(R) Platinum 8259CL CPU @ 2.50GHz,Intel
d3.4xlarge,us-east-1,use1-az4,3,10.0,15.0,3.0,1.998,0.7103,64,d3,Storage,d,16.0,128.0,23883.6025,Intel(R) Xeon(R) Platinum 8259CL CPU @ 2.50GHz,Intel(R) Xeon(R) Platinum 8259CL CPU @ 2.50GHz,Intel
d3.4xlarge,us-east-1,use1-az6,3,10.0,25.0,3.0,1.998,0.6794,65,d3,Storage,d,16.0,128.0,23883.6025,Intel(R) Xeon(R) Platinum 8259CL CPU @ 2.50GHz,Intel(R) Xeon(R) Platinum 8259CL CPU @ 2.50GHz,Intel
d3.8xlarge,us-east-1,use1-az1,3,1.0,5.0,3.0,3.99552,1.7205,56,d3,Storage,d,32.0,256.0,23883.6025,Intel(R) Xeon(R) Platinum 8259CL CPU @ 2.50GHz,Intel(R) Xeon(R) Platinum 8259CL CPU @ 2.50GHz,Intel
d3.8xlarge,us-east-1,use1-az2,3,50.0,50.0,3.0,3.99552,1.283,67,d3,Storage,d,32.0,256.0,23883.6025,Intel(R) Xeon(R) Platinum 8259CL CPU @ 2.50GHz,Intel(R) Xeon(R) Platinum 8259CL CPU @ 2.50GHz,Intel
d3.8xlarge,us-east-1,use1-az4,3,30.0,50.0,3.0,3.99552,1.2548,68,d3,Storage,d,32.0,256.0,23883.6025,Intel(R) Xeon(R) Platinum 8259CL CPU @ 2.50GHz,Intel(R) Xeon(R) Platinum 8259CL CPU @ 2.50GHz,Intel
d3.8xlarge,us-east-1,use1-az6,3,35.0,50.0,3.0,3.99552,1.2511,68,d3,Storage,d,32.0,256.0,23883.6025,Intel(R) Xeon(R) Platinum 8259CL CPU @ 2.50GHz,Intel(R) Xeon(R) Platinum 8259CL CPU @ 2.50GHz,Intel
d3.xlarge,us-east-1,use1-az1,3,5.0,10.0,3.0,0.499,0.1461,70,d3,Storage,d,4.0,32.0,23883.6025,Intel(R) Xeon(R) Platinum 8259CL CPU @ 2.50GHz,Intel(R) Xeon(R) Platinum 8259CL CPU @ 2.50GHz,Intel
d3.xlarge,us-east-1,use1-az2,3,50.0,50.0,3.0,0.499,0.1255,74,d3,Storage,d,4.0,32.0,23883.6025,Intel(R) Xeon(R) Platinum 8259CL CPU @ 2.50GHz,Intel(R) Xeon(R) Platinum 8259CL CPU @ 2.50GHz,Intel
d3.xlarge,us-east-1,use1-az4,3,50.0,50.0,3.0,0.499,0.1303,73,d3,Storage,d,4.0,32.0,23883.6025,Intel(R) Xeon(R) Platinum 8259CL CPU @ 2.50GHz,Intel(R) Xeon(R) Platinum 8259CL CPU @ 2.50GHz,Intel
d3.xlarge,us-east-1,use1-az6,3,45.0,50.0,3.0,0.499,0.1278,74,d3,Storage,d,4.0,32.0,23883.6025,Intel(R) Xeon(R) Platinum 8259CL CPU @ 2.50GHz,Intel(R) Xeon(R) Platinum 8259CL CPU @ 2.50GHz,Intel
d3en.12xlarge,us-east-1,use1-az1,3,1.0,1.0,3.0,6.30864,1.8784,70,d3en,Storage,d,48.0,192.0,23883.6025,Intel(R) Xeon(R) Platinum 8259CL CPU @ 2.50GHz,Intel(R) Xeon(R) Platinum 8259CL CPU @ 2.50GHz,Intel
d3en.12xlarge,us-east-1,use1-az2,3,45.0,50.0,3.0,6.30864,1.4922,76,d3en,Storage,d,48.0,192.0,23883.6025,Intel(R) Xeon(R) Platinum 8259CL CPU @ 2.50GHz,Intel(R) Xeon(R) Platinum 8259CL CPU @ 2.50GHz,Intel
d3en.12xlarge,us-east-1,use1-az4,3,35.0,50.0,3.0,6.30864,1.2228,80,d3en,Storage,d,48.0,192.0,23883.6025,Intel(R) Xeon(R) Platinum 8259CL CPU @ 2.50GHz,Intel(R) Xeon(R) Platinum 8259CL CPU @ 2.50GHz,Intel
d3en.12xlarge,us-east-1,use1-az6,3,50.0,50.0,3.0,6.30864,1.0582,83,d3en,Storage,d,48.0,192.0,23883.6025,Intel(R) Xeon(R) Platinum 8259CL CPU @ 2.50GHz,Intel(R) Xeon(R) Platinum 8259CL CPU @ 2.50GHz,Intel
d3en.2xlarge,us-east-1,use1-az1,3,1.0,1.0,3.0,1.051,0.4515,57,d3en,Storage,d,8.0,32.0,23883.6025,Intel(R) Xeon(R) Platinum 8259CL CPU @ 2.50GHz,Intel(R) Xeon(R) Platinum 8259CL CPU @ 2.50GHz,Intel
d3en.2xlarge,us-east-1,use1-az2,3,30.0,45.0,3.0,1.051,0.3327,68,d3en,Storage,d,8.0,32.0,23883.6025,Intel(R) Xeon(R) Platinum 8259CL CPU @ 2.50GHz,Intel(R) Xeon(R) Platinum 8259CL CPU @ 2.50GHz,Intel
d3en.2xlarge,us-east-1,use1-az4,3,25.0,40.0,3.0,1.051,0.3253,69,d3en,Storage,d,8.0,32.0,23883.6025,Intel(R) Xeon(R) Platinum 8259CL CPU @ 2.50GHz,Intel(R) Xeon(R) Platinum 8259CL CPU @ 2.50GHz,Intel
d3en.2xlarge,us-east-1,use1-az6,3,50.0,50.0,3.0,1.051,0.2826,73,d3en,Storage,d,8.0,32.0,23883.6025,Intel(R) Xeon(R) Platinum 8259CL CPU @ 2.50GHz,Intel(R) Xeon(R) Platinum 8259CL CPU @ 2.50GHz,Intel
d3en.4xlarge,us-east-1,use1-az1,2,0.0,1.0,3.0,2.103,1.1648,44,d3en,Storage,d,16.0,64.0,23883.6025,Intel(R) Xeon(R) Platinum 8259CL CPU @ 2.50GHz,Intel(R) Xeon(R) Platinum 8259CL CPU @ 2.50GHz,Intel
d3en.4xlarge,us-east-1,use1-az2,3,10.0,20.0,3.0,2.103,0.6698,68,d3en,Storage,d,16.0,64.0,23883.6025,Intel(R) Xeon(R) Platinum 8259CL CPU @ 2.50GHz,Intel(R) Xeon(R) Platinum 8259CL CPU @ 2.50GHz,Intel
d3en.4xlarge,us-east-1,use1-az4,3,20.0,30.0,3.0,2.103,0.6569,68,d3en,Storage,d,16.0,64.0,23883.6025,Intel(R) Xeon(R) Platinum 8259CL CPU @ 2.50GHz,Intel(R) Xeon(R) Platinum 8259CL CPU @ 2.50GHz,Intel
d3en.4xlarge,us-east-1,use1-az6,3,50.0,50.0,3.0,2.103,0.5777,72,d3en,Storage,d,16.0,64.0,23883.6025,Intel(R) Xeon(R) Platinum 8259CL CPU @ 2.50GHz,Intel(R) Xeon(R) Platinum 8259CL CPU @ 2.50GHz,Intel
d3en.6xlarge,us-east-1,use1-az1,3,1.0,1.0,3.0,3.154,1.2044,61,d3en,Storage,d,24.0,96.0,23883.6025,Intel(R) Xeon(R) Platinum 8259CL CPU @ 2.50GHz,Intel(R) Xeon(R) Platinum 8259CL CPU @ 2.50GHz,Intel
d3en.6xlarge,us-east-1,use1-az2,3,5.0,10.0,3.0,3.154,1.049,66,d3en,Storage,d,24.0,96.0,23883.6025,Intel(R) Xeon(R) Platinum 8259CL CPU @ 2.50GHz,Intel(R) Xeon(R) Platinum 8259CL CPU @ 2.50GHz,Intel
d3en.6xlarge,us-east-1,use1-az4,3,10.0,15.0,3.0,3.154,1.1464,63,d3en,Storage,d,24.0,96.0,23883.6025,Intel(R) Xeon(R) Platinum 8259CL CPU @ 2.50GHz,Intel(R) Xeon(R) Platinum 8259CL CPU @ 2.50GHz,Intel
d3en.6xlarge,us-east-1,use1-az6,3,40.0,50.0,3.0,3.154,1.1224,64,d3en,Storage,d,24.0,96.0,23883.6025,Intel(R) Xeon(R) Platinum 8259CL CPU @ 2.50GHz,Intel(R) Xeon(R) Platinum 8259CL CPU @ 2.50GHz,Intel
d3en.8xlarge,us-east-1,use1-az1,3,1.0,1.0,3.0,4.20576,1.4174,66,d3en,Storage,d,32.0,128.0,23883.6025,Intel(R) Xeon(R) Platinum 8259CL CPU @ 2.50GHz,Intel(R) Xeon(R) Platinum 8259CL CPU @ 2.50GHz,Intel
d3en.8xlarge,us-east-1,use1-az2,3,5.0,5.0,3.0,4.20576,1.3981,66,d3en,Storage,d,32.0,128.0,23883.6025,Intel(R) Xeon(R) Platinum 8259CL CPU @ 2.50GHz,Intel(R) Xeon(R) Platinum 8259CL CPU @ 2.50GHz,Intel
d3en.8xlarge,us-east-1,use1-az4,3,5.0,10.0,3.0,4.20576,1.2388,70,d3en,Storage,d,32.0,128.0,23883.6025,Intel(R) Xeon(R) Platinum 8259CL CPU @ 2.50GHz,Intel(R) Xeon(R) Platinum 8259CL CPU @ 2.50GHz,Intel
d3en.8xlarge,us-east-1,use1-az6,3,50.0,50.0,3.0,4.20576,1.3266,68,d3en,Storage,d,32.0,128.0,23883.6025,Intel(R) Xeon(R) Platinum 8259CL CPU @ 2.50GHz,Intel(R) Xeon(R) Platinum 8259CL CPU @ 2.50GHz,Intel
d3en.xlarge,us-east-1,use1-az1,3,5.0,10.0,3.0,0.526,0.1895,63,d3en,Storage,d,4.0,16.0,23883.6025,Intel(R) Xeon(R) Platinum 8259CL CPU @ 2.50GHz,Intel(R) Xeon(R) Platinum 8259CL CPU @ 2.50GHz,Intel
d3en.xlarge,us-east-1,use1-az2,3,50.0,50.0,3.0,0.526,0.1442,72,d3en,Storage,d,4.0,16.0,23883.6025,Intel(R) Xeon(R) Platinum 8259CL CPU @ 2.50GHz,Intel(R) Xeon(R) Platinum 8259CL CPU @ 2.50GHz,Intel
d3en.xlarge,us-east-1,use1-az4,3,50.0,50.0,3.0,0.526,0.1419,73,d3en,Storage,d,4.0,16.0,23883.6025,Intel(R) Xeon(R) Platinum 8259CL CPU @ 2.50GHz,Intel(R) Xeon(R) Platinum 8259CL CPU @ 2.50GHz,Intel
d3en.xlarge,us-east-1,use1-az6,3,50.0,50.0,3.0,0.526,0.1323,74,d3en,Storage,d,4.0,16.0,23883.6025,Intel(R) Xeon(R) Platinum 8259CL CPU @ 2.50GHz,Intel(R) Xeon(R) Platinum 8259CL CPU @ 2.50GHz,Intel
dl1.24xlarge,us-east-1,use1-az2,1,0.0,0.0,1.0,13.10904,1.6951,87,dl1,AC,dl,96.0,768.0,28252.2637,Intel(R) Xeon(R) Platinum 8275CL CPU @ 3.00GHz,Intel(R) Xeon(R) Platinum 8275CL CPU @ 3.00GHz,Intel
f2.12xlarge,us-east-1,use1-az1,2,0.0,1.0,3.0,3.96,1.0992,72,f2,AC,f,48.0,512.0,33539.1601,AMD EPYC 7R13 Processor,AMD EPYC 7R13,AMD
f2.12xlarge,us-east-1,use1-az2,3,5.0,10.0,3.0,3.96,1.2055,69,f2,AC,f,48.0,512.0,33539.1601,AMD EPYC 7R13 Processor,AMD EPYC 7R13,AMD
f2.12xlarge,us-east-1,use1-az4,3,1.0,1.0,3.0,3.96,1.5064,61,f2,AC,f,48.0,512.0,33539.1601,AMD EPYC 7R13 Processor,AMD EPYC 7R13,AMD
f2.12xlarge,us-east-1,use1-az6,3,1.0,5.0,3.0,3.96,1.2091,69,f2,AC,f,48.0,512.0,33539.1601,AMD EPYC 7R13 Processor,AMD EPYC 7R13,AMD
f2.48xlarge,us-east-1,use1-az1,3,1.0,1.0,2.5,15.84,4.1346,73,f2,AC,f,192.0,2048.0,33539.1601,AMD EPYC 7R13 Processor,AMD EPYC 7R13,AMD
f2.48xlarge,us-east-1,use1-az2,3,10.0,20.0,2.5,15.84,4.6164,70,f2,AC,f,192.0,2048.0,33539.1601,AMD EPYC 7R13 Processor,AMD EPYC 7R13,AMD
f2.48xlarge,us-east-1,use1-az4,3,1.0,5.0,2.5,15.84,4.3844,72,f2,AC,f,192.0,2048.0,33539.1601,AMD EPYC 7R13 Processor,AMD EPYC 7R13,AMD
f2.48xlarge,us-east-1,use1-az6,3,5.0,10.0,2.5,15.84,4.2741,73,f2,AC,f,192.0,2048.0,33539.1601,AMD EPYC 7R13 Processor,AMD EPYC 7R13,AMD
g4ad.16xlarge,us-east-1,use1-az1,3,10.0,15.0,3.0,3.468,1.1263,67,g4ad,AC,g,64.0,256.0,25550.3882,AMD EPYC 7R32,AMD EPYC 7R32,AMD
g4ad.16xlarge,us-east-1,use1-az2,3,10.0,15.0,3.0,3.468,1.6759,51,g4ad,AC,g,64.0,256.0,25550.3882,AMD EPYC 7R32,AMD EPYC 7R32,AMD
g4ad.16xlarge,us-east-1,use1-az4,3,5.0,10.0,3.0,3.468,1.7932,48,g4ad,AC,g,64.0,256.0,25550.3882,AMD EPYC 7R32,AMD EPYC 7R32,AMD
g4ad.16xlarge,us-east-1,use1-az6,3,10.0,15.0,3.0,3.468,1.5734,54,g4ad,AC,g,64.0,256.0,25550.3882,AMD EPYC 7R32,AMD EPYC 7R32,AMD
g4ad.2xlarge,us-east-1,use1-az1,3,10.0,15.0,3.0,0.54117,0.2159,60,g4ad,AC,g,8.0,32.0,25550.3882,AMD EPYC 7R32,AMD EPYC 7R32,AMD
g4ad.2xlarge,us-east-1,use1-az2,3,15.0,25.0,3.0,0.54117,0.2464,54,g4ad,AC,g,8.0,32.0,25550.3882,AMD EPYC 7R32,AMD EPYC 7R32,AMD
g4ad.2xlarge,us-east-1,use1-az4,3,5.0,10.0,3.0,0.54117,0.3352,38,g4ad,AC,g,8.0,32.0,25550.3882,AMD EPYC 7R32,AMD EPYC 7R32,AMD
g4ad.2xlarge,us-east-1,use1-az6,3,25.0,35.0,3.0,0.54117,0.2054,62,g4ad,AC,g,8.0,32.0,25550.3882,AMD EPYC 7R32,AMD EPYC 7R32,AMD
g4ad.4xlarge,us-east-1,use1-az1,3,20.0,30.0,3.0,0.867,0.3625,58,g4ad,AC,g,16.0,64.0,25550.3882,AMD EPYC 7R32,AMD EPYC 7R32,AMD
g4ad.4xlarge,us-east-1,use1-az2,3,15.0,25.0,3.0,0.867,0.372,57,g4ad,AC,g,16.0,64.0,25550.3882,AMD EPYC 7R32,AMD EPYC 7R32,AMD
g4ad.4xlarge,us-east-1,use1-az4,3,20.0,30.0,3.0,0.867,0.3657,57,g4ad,AC,g,16.0,64.0,25550.3882,AMD EPYC 7R32,AMD EPYC 7R32,AMD
g4ad.4xlarge,us-east-1,use1-az6,3,15.0,25.0,3.0,0.867,0.3697,57,g4ad,AC,g,16.0,64.0,25550.3882,AMD EPYC 7R32,AMD EPYC 7R32,AMD
g4ad.8xlarge,us-east-1,use1-az1,3,5.0,5.0,3.0,1.734,0.7367,57,g4ad,AC,g,32.0,128.0,25550.3882,AMD EPYC 7R32,AMD EPYC 7R32,AMD
g4ad.8xlarge,us-east-1,use1-az2,3,5.0,10.0,3.0,1.734,0.7693,55,g4ad,AC,g,32.0,128.0,25550.3882,AMD EPYC 7R32,AMD EPYC 7R32,AMD
g4ad.8xlarge,us-east-1,use1-az4,3,10.0,15.0,3.0,1.734,0.7259,58,g4ad,AC,g,32.0,128.0,25550.3882,AMD EPYC 7R32,AMD EPYC 7R32,AMD
g4ad.8xlarge,us-east-1,use1-az6,3,5.0,10.0,3.0,1.734,0.7484,56,g4ad,AC,g,32.0,128.0,25550.3882,AMD EPYC 7R32,AMD EPYC 7R32,AMD
g4ad.xlarge,us-east-1,use1-az1,3,15.0,25.0,3.0,0.37853,0.136,64,g4ad,AC,g,4.0,16.0,25550.3882,AMD EPYC 7R32,AMD EPYC 7R32,AMD
g4ad.xlarge,us-east-1,use1-az2,3,20.0,35.0,3.0,0.37853,0.1187,68,g4ad,AC,g,4.0,16.0,25550.3882,AMD EPYC 7R32,AMD EPYC 7R32,AMD
g4ad.xlarge,us-east-1,use1-az4,3,30.0,45.0,3.0,0.37853,0.1132,70,g4ad,AC,g,4.0,16.0,25550.3882,AMD EPYC 7R32,AMD EPYC 7R32,AMD
g4ad.xlarge,us-east-1,use1-az6,3,25.0,40.0,3.0,0.37853,0.1114,70,g4ad,AC,g,4.0,16.0,25550.3882,AMD EPYC 7R32,AMD EPYC 7R32,AMD
g4dn.12xlarge,us-east-1,use1-az1,2,0.0,1.0,1.0,3.912,1.9519,50,g4dn,AC,g,48.0,192.0,23883.6025,Intel(R) Xeon(R) Platinum 8259CL CPU @ 2.50GHz,Intel(R) Xeon(R) Platinum 8259CL CPU @ 2.50GHz,Intel
g4dn.12xlarge,us-east-1,use1-az2,3,10.0,20.0,1.0,3.912,1.388,64,g4dn,AC,g,48.0,192.0,23883.6025,Intel(R) Xeon(R) Platinum 8259CL CPU @ 2.50GHz,Intel(R) Xeon(R) Platinum 8259CL CPU @ 2.50GHz,Intel
g4dn.12xlarge,us-east-1,use1-az4,3,25.0,35.0,1.0,3.912,1.4521,62,g4dn,AC,g,48.0,192.0,23883.6025,Intel(R) Xeon(R) Platinum 8259CL CPU @ 2.50GHz,Intel(R) Xeon(R) Platinum 8259CL CPU @ 2.50GHz,Intel
g4dn.12xlarge,us-east-1,use1-az5,3,25.0,40.0,1.0,3.912,1.2463,68,g4dn,AC,g,48.0,192.0,23883.6025,Intel(R) Xeon(R) Platinum 8259CL CPU @ 2.50GHz,Intel(R) Xeon(R) Platinum 8259CL CPU @ 2.50GHz,Intel
g4dn.12xlarge,us-east-1,use1-az6,3,50.0,50.0,1.0,3.912,1.2661,67,g4dn,AC,g,48.0,192.0,23883.6025,Intel(R) Xeon(R) Platinum 8259CL CPU @ 2.50GHz,Intel(R) Xeon(R) Platinum 8259CL CPU @ 2.50GHz,Intel
g4dn.16xlarge,us-east-1,use1-az1,3,1.0,1.0,1.0,4.352,1.0859,75,g4dn,AC,g,64.0,256.0,23883.6025,Intel(R) Xeon(R) Platinum 8259CL CPU @ 2.50GHz,Intel(R) Xeon(R) Platinum 8259CL CPU @ 2.50GHz,Intel
g4dn.16xlarge,us-east-1,use1-az2,3,5.0,5.0,1.0,4.352,1.1027,74,g4dn,AC,g,64.0,256.0,23883.6025,Intel(R) Xeon(R) Platinum 8259CL CPU @ 2.50GHz,Intel(R) Xeon(R) Platinum 8259CL CPU @ 2.50GHz,Intel
g4dn.16xlarge,us-east-1,use1-az4,3,5.0,10.0,1.0,4.352,1.1124,74,g4dn,AC,g,64.0,256.0,23883.6025,Intel(R) Xeon(R) Platinum 8259CL CPU @ 2.50GHz,Intel(R) Xeon(R) Platinum 8259CL CPU @ 2.50GHz,Intel
g4dn.16xlarge,us-east-1,use1-az5,3,5.0,5.0,1.0,4.352,0.9164,78,g4dn,AC,g,64.0,256.0,23883.6025,Intel(R) Xeon(R) Platinum 8259CL CPU @ 2.50GHz,Intel(R) Xeon(R) Platinum 8259CL CPU @ 2.50GHz,Intel
g4dn.16xlarge,us-east-1,use1-az6,3,1.0,5.0,1.0,4.352,0.845,80,g4dn,AC,g,64.0,256.0,23883.6025,Intel(R) Xeon(R) Platinum 8259CL CPU @ 2.50GHz,Intel(R) Xeon(R) Platinum 8259CL CPU @ 2.50GHz,Intel
g4dn.2xlarge,us-east-1,use1-az1,3,50.0,50.0,1.0,0.752,0.299,60,g4dn,AC,g,8.0,32.0,23883.6025,Intel(R) Xeon(R) Platinum 8259CL CPU @ 2.50GHz,Intel(R) Xeon(R) Platinum 8259CL CPU @ 2.50GHz,Intel
g4dn.2xlarge,us-east-1,use1-az2,3,50.0,50.0,1.0,0.752,0.2972,60,g4dn,AC,g,8.0,32.0,23883.6025,Intel(R) Xeon(R) Platinum 8259CL CPU @ 2.50GHz,Intel(R) Xeon(R) Platinum 8259CL CPU @ 2.50GHz,Intel
g4dn.2xlarge,us-east-1,use1-az4,3,50.0,50.0,1.0,0.752,0.2855,62,g4dn,AC,g,8.0,32.0,23883.6025,Intel(R) Xeon(R) Platinum 8259CL CPU @ 2.50GHz,Intel(R) Xeon(R) Platinum 8259CL CPU @ 2.50GHz,Intel
g4dn.2xlarge,us-east-1,use1-az5,3,50.0,50.0,1.0,0.752,0.3023,59,g4dn,AC,g,8.0,32.0,23883.6025,Intel(R) Xeon(R) Platinum 8259CL CPU @ 2.50GHz,Intel(R) Xeon(R) Platinum 8259CL CPU @ 2.50GHz,Intel
g4dn.2xlarge,us-east-1,use1-az6,3,50.0,50.0,1.0,0.752,0.3009,59,g4dn,AC,g,8.0,32.0,23883.6025,Intel(R) Xeon(R) Platinum 8259CL CPU @ 2.50GHz,Intel(R) Xeon(R) Platinum 8259CL CPU @ 2.50GHz,Intel
g4dn.4xlarge,us-east-1,use1-az1,3,5.0,10.0,1.0,1.204,0.3843,68,g4dn,AC,g,16.0,64.0,23883.6025,Intel(R) Xeon(R) Platinum 8259CL CPU @ 2.50GHz,Intel(R) Xeon(R) Platinum 8259CL CPU @ 2.50GHz,Intel
g4dn.4xlarge,us-east-1,use1-az2,3,50.0,50.0,1.0,1.204,0.4191,65,g4dn,AC,g,16.0,64.0,23883.6025,Intel(R) Xeon(R) Platinum 8259CL CPU @ 2.50GHz,Intel(R) Xeon(R) Platinum 8259CL CPU @ 2.50GHz,Intel
g4dn.4xlarge,us-east-1,use1-az4,3,50.0,50.0,1.0,1.204,0.3784,68,g4dn,AC,g,16.0,64.0,23883.6025,Intel(R) Xeon(R) Platinum 8259CL CPU @ 2.50GHz,Intel(R) Xeon(R) Platinum 8259CL CPU @ 2.50GHz,Intel
g4dn.4xlarge,us-east-1,use1-az5,3,50.0,50.0,1.0,1.204,0.3897,67,g4dn,AC,g,16.0,64.0,23883.6025,Intel(R) Xeon(R) Platinum 8259CL CPU @ 2.50GHz,Intel(R) Xeon(R) Platinum 8259CL CPU @ 2.50GHz,Intel
g4dn.4xlarge,us-east-1,use1-az6,3,50.0,50.0,1.0,1.204,0.372,69,g4dn,AC,g,16.0,64.0,23883.6025,Intel(R) Xeon(R) Platinum 8259CL CPU @ 2.50GHz,Intel(R) Xeon(R) Platinum 8259CL CPU @ 2.50GHz,Intel
g4dn.8xlarge,us-east-1,use1-az1,3,1.0,5.0,1.0,2.176,0.792,63,g4dn,AC,g,32.0,128.0,23883.6025,Intel(R) Xeon(R) Platinum 8259CL CPU @ 2.50GHz,Intel(R) Xeon(R) Platinum 8259CL CPU @ 2.50GHz,Intel
g4dn.8xlarge,us-east-1,use1-az2,3,5.0,10.0,1.0,2.176,0.7739,64,g4dn,AC,g,32.0,128.0,23883.6025,Intel(R) Xeon(R) Platinum 8259CL CPU @ 2.50GHz,Intel(R) Xeon(R) Platinum 8259CL CPU @ 2.50GHz,Intel
g4dn.8xlarge,us-east-1,use1-az4,3,5.0,5.0,1.0,2.176,0.8561,60,g4dn,AC,g,32.0,128.0,23883.6025,Intel(R) Xeon(R) Platinum 8259CL CPU @ 2.50GHz,Intel(R) Xeon(R) Platinum 8259CL CPU @ 2.50GHz,Intel
g4dn.8xlarge,us-east-1,use1-az5,3,5.0,10.0,1.0,2.176,0.7442,65,g4dn,AC,g,32.0,128.0,23883.6025,Intel(R) Xeon(R) Platinum 8259CL CPU @ 2.50GHz,Intel(R) Xeon(R) Platinum 8259CL CPU @ 2.50GHz,Intel
g4dn.8xlarge,us-east-1,use1-az6,3,5.0,5.0,1.0,2.176,0.8154,62,g4dn,AC,g,32.0,128.0,23883.6025,Intel(R) Xeon(R) Platinum 8259CL CPU @ 2.50GHz,Intel(R) Xeon(R) Platinum 8259CL CPU @ 2.50GHz,Intel
g4dn.xlarge,us-east-1,use1-az1,3,50.0,50.0,1.5,0.526,0.1903,63,g4dn,AC,g,4.0,16.0,23883.6025,Intel(R) Xeon(R) Platinum 8259CL CPU @ 2.50GHz,Intel(R) Xeon(R) Platinum 8259CL CPU @ 2.50GHz,Intel
g4dn.xlarge,us-east-1,use1-az2,3,50.0,50.0,1.5,0.526,0.191,63,g4dn,AC,g,4.0,16.0,23883.6025,Intel(R) Xeon(R) Platinum 8259CL CPU @ 2.50GHz,Intel(R) Xeon(R) Platinum 8259CL CPU @ 2.50GHz,Intel
g4dn.xlarge,us-east-1,use1-az4,3,50.0,50.0,1.5,0.526,0.188,64,g4dn,AC,g,4.0,16.0,23883.6025,Intel(R) Xeon(R) Platinum 8259CL CPU @ 2.50GHz,Intel(R) Xeon(R) Platinum 8259CL CPU @ 2.50GHz,Intel
g4dn.xlarge,us-east-1,use1-az5,3,50.0,50.0,1.5,0.526,0.1894,63,g4dn,AC,g,4.0,16.0,23883.6025,Intel(R) Xeon(R) Platinum 8259CL CPU @ 2.50GHz,Intel(R) Xeon(R) Platinum 8259CL CPU @ 2.50GHz,Intel
g4dn.xlarge,us-east-1,use1-az6,3,50.0,50.0,1.5,0.526,0.1892,64,g4dn,AC,g,4.0,16.0,23883.6025,Intel(R) Xeon(R) Platinum 8259CL CPU @ 2.50GHz,Intel(R) Xeon(R) Platinum 8259CL CPU @ 2.50GHz,Intel
g5.12xlarge,us-east-1,use1-az1,2,0.0,1.0,1.0,5.672,2.102,62,g5,AC,g,48.0,192.0,25550.3882,AMD EPYC 7R32,AMD EPYC 7R32,AMD
g5.12xlarge,us-east-1,use1-az2,2,0.0,1.0,1.0,5.672,2.1552,62,g5,AC,g,48.0,192.0,25550.3882,AMD EPYC 7R32,AMD EPYC 7R32,AMD
g5.12xlarge,us-east-1,use1-az4,3,1.0,1.0,1.0,5.672,2.4623,56,g5,AC,g,48.0,192.0,25550.3882,AMD EPYC 7R32,AMD EPYC 7R32,AMD
g5.12xlarge,us-east-1,use1-az5,3,5.0,5.0,1.0,5.672,2.6003,54,g5,AC,g,48.0,192.0,25550.3882,AMD EPYC 7R32,AMD EPYC 7R32,AMD
g5.12xlarge,us-east-1,use1-az6,3,40.0,50.0,1.0,5.672,2.5001,55,g5,AC,g,48.0,192.0,25550.3882,AMD EPYC 7R32,AMD EPYC 7R32,AMD
g5.16xlarge,us-east-1,use1-az1,3,5.0,10.0,1.0,4.096,1.5565,61,g5,AC,g,64.0,256.0,25550.3882,AMD EPYC 7R32,AMD EPYC 7R32,AMD
g5.16xlarge,us-east-1,use1-az2,3,5.0,10.0,1.0,4.096,1.5725,61,g5,AC,g,64.0,256.0,25550.3882,AMD EPYC 7R32,AMD EPYC 7R32,AMD
g5.16xlarge,us-east-1,use1-az4,3,15.0,20.0,1.0,4.096,1.6114,60,g5,AC,g,64.0,256.0,25550.3882,AMD EPYC 7R32,AMD EPYC 7R32,AMD
g5.16xlarge,us-east-1,use1-az5,3,35.0,45.0,1.0,4.096,1.7743,56,g5,AC,g,64.0,256.0,25550.3882,AMD EPYC 7R32,AMD EPYC 7R32,AMD
g5.16xlarge,us-east-1,use1-az6,3,25.0,40.0,1.0,4.096,1.632,60,g5,AC,g,64.0,256.0,25550.3882,AMD EPYC 7R32,AMD EPYC 7R32,AMD
g5.24xlarge,us-east-1,use1-az1,1,0.0,0.0,1.0,8.144,3.1012,61,g5,AC,g,96.0,384.0,25550.3882,AMD EPYC 7R32,AMD EPYC 7R32,AMD
g5.24xlarge,us-east-1,use1-az2,2,0.0,1.0,1.0,8.144,3.1651,61,g5,AC,g,96.0,384.0,25550.3882,AMD EPYC 7R32,AMD EPYC 7R32,AMD
g5.24xlarge,us-east-1,use1-az4,3,1.0,1.0,1.0,8.144,3.5693,56,g5,AC,g,96.0,384.0,25550.3882,AMD EPYC 7R32,AMD EPYC 7R32,AMD
g5.24xlarge,us-east-1,use1-az5,3,1.0,5.0,1.0,8.144,3.6082,55,g5,AC,g,96.0,384.0,25550.3882,AMD EPYC 7R32,AMD EPYC 7R32,AMD
g5.24xlarge,us-east-1,use1-az6,3,5.0,5.0,1.0,8.144,3.5665,56,g5,AC,g,96.0,384.0,25550.3882,AMD EPYC 7R32,AMD EPYC 7R32,AMD
g5.2xlarge,us-east-1,use1-az1,3,50.0,50.0,1.0,1.212,0.5116,57,g5,AC,g,8.0,32.0,25550.3882,AMD EPYC 7R32,AMD EPYC 7R32,AMD
g5.2xlarge,us-east-1,use1-az2,3,50.0,50.0,1.0,1.212,0.6281,48,g5,AC,g,8.0,32.0,25550.3882,AMD EPYC 7R32,AMD EPYC 7R32,AMD
g5.2xlarge,us-east-1,use1-az4,3,50.0,50.0,1.0,1.212,0.5505,54,g5,AC,g,8.0,32.0,25550.3882,AMD EPYC 7R32,AMD EPYC 7R32,AMD
g5.2xlarge,us-east-1,use1-az5,3,50.0,50.0,1.0,1.212,0.4435,63,g5,AC,g,8.0,32.0,25550.3882,AMD EPYC 7R32,AMD EPYC 7R32,AMD
g5.2xlarge,us-east-1,use1-az6,3,50.0,50.0,1.0,1.212,0.4684,61,g5,AC,g,8.0,32.0,25550.3882,AMD EPYC 7R32,AMD EPYC 7R32,AMD
g5.48xlarge,us-east-1,use1-az1,1,0.0,0.0,1.0,16.288,4.1223,74,g5,AC,g,192.0,768.0,25550.3882,AMD EPYC 7R32,AMD EPYC 7R32,AMD
g5.48xlarge,us-east-1,use1-az2,3,1.0,5.0,1.0,16.288,4.4076,72,g5,AC,g,192.0,768.0,25550.3882,AMD EPYC 7R32,AMD EPYC 7R32,AMD
g5.48xlarge,us-east-1,use1-az4,3,1.0,1.0,1.0,16.288,4.5608,71,g5,AC,g,192.0,768.0,25550.3882,AMD EPYC 7R32,AMD EPYC 7R32,AMD
g5.48xlarge,us-east-1,use1-az5,3,50.0,50.0,1.0,16.288,4.3207,73,g5,AC,g,192.0,768.0,25550.3882,AMD EPYC 7R32,AMD EPYC 7R32,AMD
g5.48xlarge,us-east-1,use1-az6,3,50.0,50.0,1.0,16.288,4.5485,72,g5,AC,g,192.0,768.0,25550.3882,AMD EPYC 7R32,AMD EPYC 7R32,AMD
g5.4xlarge,us-east-1,use1-az1,3,50.0,50.0,2.0,1.624,0.6583,59,g5,AC,g,16.0,64.0,25550.3882,AMD EPYC 7R32,AMD EPYC 7R32,AMD
g5.4xlarge,us-east-1,use1-az2,3,50.0,50.0,2.0,1.624,0.6682,58,g5,AC,g,16.0,64.0,25550.3882,AMD EPYC 7R32,AMD EPYC 7R32,AMD
g5.4xlarge,us-east-1,use1-az4,3,50.0,50.0,2.0,1.624,0.6503,59,g5,AC,g,16.0,64.0,25550.3882,AMD EPYC 7R32,AMD EPYC 7R32,AMD
g5.4xlarge,us-east-1,use1-az5,3,50.0,50.0,2.0,1.624,0.6762,58,g5,AC,g,16.0,64.0,25550.3882,AMD EPYC 7R32,AMD EPYC 7R32,AMD
g5.4xlarge,us-east-1,use1-az6,3,50.0,50.0,2.0,1.624,0.6141,62,g5,AC,g,16.0,64.0,25550.3882,AMD EPYC 7R32,AMD EPYC 7R32,AMD
g5.8xlarge,us-east-1,use1-az1,3,20.0,35.0,1.0,2.448,0.9842,59,g5,AC,g,32.0,128.0,25550.3882,AMD EPYC 7R32,AMD EPYC 7R32,AMD
g5.8xlarge,us-east-1,use1-az2,3,5.0,15.0,1.0,2.448,0.9472,61,g5,AC,g,32.0,128.0,25550.3882,AMD EPYC 7R32,AMD EPYC 7R32,AMD
g5.8xlarge,us-east-1,use1-az4,3,25.0,35.0,1.0,2.448,0.9847,59,g5,AC,g,32.0,128.0,25550.3882,AMD EPYC 7R32,AMD EPYC 7R32,AMD
g5.8xlarge,us-east-1,use1-az5,3,20.0,35.0,1.0,2.448,1.0354,57,g5,AC,g,32.0,128.0,25550.3882,AMD EPYC 7R32,AMD EPYC 7R32,AMD
g5.8xlarge,us-east-1,use1-az6,3,40.0,50.0,1.0,2.448,1.0505,57,g5,AC,g,32.0,128.0,25550.3882,AMD EPYC 7R32,AMD EPYC 7R32,AMD
g5.xlarge,us-east-1,use1-az1,3,50.0,50.0,1.0,1.006,0.4256,57,g5,AC,g,4.0,16.0,25550.3882,AMD EPYC 7R32,AMD EPYC 7R32,AMD
g5.xlarge,us-east-1,use1-az2,3,50.0,50.0,1.0,1.006,0.4008,60,g5,AC,g,4.0,16.0,25550.3882,AMD EPYC 7R32,AMD EPYC 7R32,AMD
g5.xlarge,us-east-1,use1-az4,3,50.0,50.0,1.0,1.006,0.3998,60,g5,AC,g,4.0,16.0,25550.3882,AMD EPYC 7R32,AMD EPYC 7R32,AMD
g5.xlarge,us-east-1,use1-az5,3,50.0,50.0,1.0,1.006,0.4023,60,g5,AC,g,4.0,16.0,25550.3882,AMD EPYC 7R32,AMD EPYC 7R32,AMD
g5.xlarge,us-east-1,use1-az6,3,50.0,50.0,1.0,1.006,0.403,59,g5,AC,g,4.0,16.0,25550.3882,AMD EPYC 7R32,AMD EPYC 7R32,AMD
g5g.16xlarge,us-east-1,use1-az1,3,50.0,50.0,2.0,2.744,0.5027,81,g5g,AC,g,64.0,128.0,19336.1335,AWS Graviton2 Processor,Neoverse-N1,AWS
g5g.16xlarge,us-east-1,use1-az2,3,20.0,30.0,2.0,2.744,0.7346,73,g5g,AC,g,64.0,128.0,19336.1335,AWS Graviton2 Processor,Neoverse-N1,AWS
g5g.16xlarge,us-east-1,use1-az4,3,35.0,50.0,2.0,2.744,0.4894,82,g5g,AC,g,64.0,128.0,19336.1335,AWS Graviton2 Processor,Neoverse-N1,AWS
g5g.16xlarge,us-east-1,use1-az6,3,50.0,50.0,2.0,2.744,0.6815,75,g5g,AC,g,64.0,128.0,19336.1335,AWS Graviton2 Processor,Neoverse-N1,AWS
g5g.2xlarge,us-east-1,use1-az1,3,1.0,5.0,2.5,0.556,0.2988,46,g5g,AC,g,8.0,16.0,19336.1335,AWS Graviton2 Processor,Neoverse-N1,AWS
g5g.2xlarge,us-east-1,use1-az2,3,1.0,1.0,2.5,0.556,0.2634,52,g5g,AC,g,8.0,16.0,19336.1335,AWS Graviton2 Processor,Neoverse-N1,AWS
g5g.2xlarge,us-east-1,use1-az4,3,1.0,5.0,2.5,0.556,0.2885,48,g5g,AC,g,8.0,16.0,19336.1335,AWS Graviton2 Processor,Neoverse-N1,AWS
g5g.2xlarge,us-east-1,use1-az6,3,5.0,10.0,2.5,0.556,0.2688,51,g5g,AC,g,8.0,16.0,19336.1335,AWS Graviton2 Processor,Neoverse-N1,AWS
g5g.4xlarge,us-east-1,use1-az1,3,1.0,5.0,3.0,0.828,0.3275,60,g5g,AC,g,16.0,32.0,19336.1335,AWS Graviton2 Processor,Neoverse-N1,AWS
g5g.4xlarge,us-east-1,use1-az2,3,1.0,5.0,3.0,0.828,0.2804,66,g5g,AC,g,16.0,32.0,19336.1335,AWS Graviton2 Processor,Neoverse-N1,AWS
g5g.4xlarge,us-east-1,use1-az4,3,1.0,1.0,3.0,0.828,0.3009,63,g5g,AC,g,16.0,32.0,19336.1335,AWS Graviton2 Processor,Neoverse-N1,AWS
g5g.4xlarge,us-east-1,use1-az6,3,5.0,5.0,3.0,0.828,0.3004,63,g5g,AC,g,16.0,32.0,19336.1335,AWS Graviton2 Processor,Neoverse-N1,AWS
g5g.8xlarge,us-east-1,use1-az1,3,5.0,10.0,2.0,1.372,0.5861,57,g5g,AC,g,32.0,64.0,19336.1335,AWS Graviton2 Processor,Neoverse-N1,AWS
g5g.8xlarge,us-east-1,use1-az2,3,5.0,5.0,2.0,1.372,0.5715,58,g5g,AC,g,32.0,64.0,19336.1335,AWS Graviton2 Processor,Neoverse-N1,AWS
g5g.8xlarge,us-east-1,use1-az4,3,5.0,10.0,2.0,1.372,0.5741,58,g5g,AC,g,32.0,64.0,19336.1335,AWS Graviton2 Processor,Neoverse-N1,AWS
g5g.8xlarge,us-east-1,use1-az6,3,10.0,20.0,2.0,1.372,0.5928,56,g5g,AC,g,32.0,64.0,19336.1335,AWS Graviton2 Processor,Neoverse-N1,AWS
g5g.xlarge,us-east-1,use1-az1,3,40.0,50.0,3.0,0.42,0.1455,65,g5g,AC,g,4.0,8.0,19336.1335,AWS Graviton2 Processor,Neoverse-N1,AWS
g5g.xlarge,us-east-1,use1-az2,3,25.0,40.0,3.0,0.42,0.1371,67,g5g,AC,g,4.0,8.0,19336.1335,AWS Graviton2 Processor,Neoverse-N1,AWS
g5g.xlarge,us-east-1,use1-az4,3,35.0,50.0,3.0,0.42,0.137,67,g5g,AC,g,4.0,8.0,19336.1335,AWS Graviton2 Processor,Neoverse-N1,AWS
g5g.xlarge,us-east-1,use1-az6,3,50.0,50.0,3.0,0.42,0.1376,67,g5g,AC,g,4.0,8.0,19336.1335,AWS Graviton2 Processor,Neoverse-N1,AWS
g6.12xlarge,us-east-1,use1-az1,3,5.0,10.0,1.0,4.6016,1.8044,60,g6,AC,g,48.0,192.0,33539.1601,AMD EPYC 7R13 Processor,AMD EPYC 7R13,AMD
g6.12xlarge,us-east-1,use1-az2,3,1.0,1.0,1.0,4.6016,2.2073,52,g6,AC,g,48.0,192.0,33539.1601,AMD EPYC 7R13 Processor,AMD EPYC 7R13,AMD
g6.12xlarge,us-east-1,use1-az4,3,10.0,20.0,1.0,4.6016,1.9492,57,g6,AC,g,48.0,192.0,33539.1601,AMD EPYC 7R13 Processor,AMD EPYC 7R13,AMD
g6.12xlarge,us-east-1,use1-az6,3,45.0,50.0,1.0,4.6016,1.8683,59,g6,AC,g,48.0,192.0,33539.1601,AMD EPYC 7R13 Processor,AMD EPYC 7R13,AMD
g6.16xlarge,us-east-1,use1-az1,3,1.0,1.0,1.5,3.3968,1.2483,63,g6,AC,g,64.0,256.0,33539.1601,AMD EPYC 7R13 Processor,AMD EPYC 7R13,AMD
g6.16xlarge,us-east-1,use1-az2,3,1.0,1.0,1.5,3.3968,1.2393,63,g6,AC,g,64.0,256.0,33539.1601,AMD EPYC 7R13 Processor,AMD EPYC 7R13,AMD
g6.16xlarge,us-east-1,use1-az4,3,5.0,10.0,1.5,3.3968,1.3559,60,g6,AC,g,64.0,256.0,33539.1601,AMD EPYC 7R13 Processor,AMD EPYC 7R13,AMD
g6.16xlarge,us-east-1,use1-az6,3,1.0,5.0,1.5,3.3968,1.2984,61,g6,AC,g,64.0,256.0,33539.1601,AMD EPYC 7R13 Processor,AMD EPYC 7R13,AMD
g6.24xlarge,us-east-1,use1-az1,3,1.0,1.0,1.0,6.6752,2.938,55,g6,AC,g,96.0,384.0,33539.1601,AMD EPYC 7R13 Processor,AMD EPYC 7R13,AMD
g6.24xlarge,us-east-1,use1-az2,2,0.0,1.0,1.0,6.6752,2.3682,64,g6,AC,g,96.0,384.0,33539.1601,AMD EPYC 7R13 Processor,AMD EPYC 7R13,AMD
g6.24xlarge,us-east-1,use1-az4,3,1.0,5.0,1.0,6.6752,3.2416,51,g6,AC,g,96.0,384.0,33539.1601,AMD EPYC 7R13 Processor,AMD EPYC 7R13,AMD
g6.24xlarge,us-east-1,use1-az6,3,1.0,1.0,1.0,6.6752,3.2365,51,g6,AC,g,96.0,384.0,33539.1601,AMD EPYC 7R13 Processor,AMD EPYC 7R13,AMD
g6.2xlarge,us-east-1,use1-az1,3,5.0,10.0,1.0,0.9776,0.4252,56,g6,AC,g,8.0,32.0,33539.1601,AMD EPYC 7R13 Processor,AMD EPYC 7R13,AMD
g6.2xlarge,us-east-1,use1-az2,3,5.0,10.0,1.0,0.9776,0.3894,60,g6,AC,g,8.0,32.0,33539.1601,AMD EPYC 7R13 Processor,AMD EPYC 7R13,AMD
g6.2xlarge,us-east-1,use1-az4,3,30.0,45.0,1.0,0.9776,0.4478,54,g6,AC,g,8.0,32.0,33539.1601,AMD EPYC 7R13 Processor,AMD EPYC 7R13,AMD
g6.2xlarge,us-east-1,use1-az6,3,25.0,40.0,1.0,0.9776,0.426,56,g6,AC,g,8.0,32.0,33539.1601,AMD EPYC 7R13 Processor,AMD EPYC 7R13,AMD
g6.48xlarge,us-east-1,use1-az1,3,10.0,15.0,1.0,13.3504,2.7292,79,g6,AC,g,192.0,768.0,33539.1601,AMD EPYC 7R13 Processor,AMD EPYC 7R13,AMD
g6.48xlarge,us-east-1,use1-az2,3,1.0,1.0,1.0,13.3504,5.5186,58,g6,AC,g,192.0,768.0,33539.1601,AMD EPYC 7R13 Processor,AMD EPYC 7R13,AMD
g6.48xlarge,us-east-1,use1-az4,3,50.0,50.0,1.0,13.3504,4.2016,68,g6,AC,g,192.0,768.0,33539.1601,AMD EPYC 7R13 Processor,AMD EPYC 7R13,AMD
g6.48xlarge,us-east-1,use1-az6,3,45.0,50.0,1.0,13.3504,4.1018,69,g6,AC,g,192.0,768.0,33539.1601,AMD EPYC 7R13 Processor,AMD EPYC 7R13,AMD
g6.4xlarge,us-east-1,use1-az1,3,10.0,15.0,1.0,1.3232,0.4863,63,g6,AC,g,16.0,64.0,33539.1601,AMD EPYC 7R13 Processor,AMD EPYC 7R13,AMD
g6.4xlarge,us-east-1,use1-az2,3,15.0,30.0,1.0,1.3232,0.4894,63,g6,AC,g,16.0,64.0,33539.1601,AMD EPYC 7R13 Processor,AMD EPYC 7R13,AMD
g6.4xlarge,us-east-1,use1-az4,3,30.0,45.0,1.0,1.3232,0.5439,58,g6,AC,g,16.0,64.0,33539.1601,AMD EPYC 7R13 Processor,AMD EPYC 7R13,AMD
g6.4xlarge,us-east-1,use1-az6,3,10.0,15.0,1.0,1.3232,0.6273,52,g6,AC,g,16.0,64.0,33539.1601,AMD EPYC 7R13 Processor,AMD EPYC 7R13,AMD
g6.8xlarge,us-east-1,use1-az1,3,1.0,5.0,1.0,2.0144,0.9293,53,g6,AC,g,32.0,128.0,33539.1601,AMD EPYC 7R13 Processor,AMD EPYC 7R13,AMD
g6.8xlarge,us-east-1,use1-az2,3,1.0,5.0,1.0,2.0144,0.9281,53,g6,AC,g,32.0,128.0,33539.1601,AMD EPYC 7R13 Processor,AMD EPYC 7R13,AMD
g6.8xlarge,us-east-1,use1-az4,3,5.0,10.0,1.0,2.0144,0.9346,53,g6,AC,g,32.0,128.0,33539.1601,AMD EPYC 7R13 Processor,AMD EPYC 7R13,AMD
g6.8xlarge,us-east-1,use1-az6,3,5.0,5.0,1.0,2.0144,0.9564,52,g6,AC,g,32.0,128.0,33539.1601,AMD EPYC 7R13 Processor,AMD EPYC 7R13,AMD
g6.xlarge,us-east-1,use1-az1,3,1.0,1.0,1.0,0.8048,0.4249,47,g6,AC,g,4.0,16.0,33539.1601,AMD EPYC 7R13 Processor,AMD EPYC 7R13,AMD
g6.xlarge,us-east-1,use1-az2,3,5.0,10.0,1.0,0.8048,0.4008,50,g6,AC,g,4.0,16.0,33539.1601,AMD EPYC 7R13 Processor,AMD EPYC 7R13,AMD
g6.xlarge,us-east-1,use1-az4,3,5.0,10.0,1.0,0.8048,0.4078,49,g6,AC,g,4.0,16.0,33539.1601,AMD EPYC 7R13 Processor,AMD EPYC 7R13,AMD
g6.xlarge,us-east-1,use1-az6,3,1.0,5.0,1.0,0.8048,0.4241,47,g6,AC,g,4.0,16.0,33539.1601,AMD EPYC 7R13 Processor,AMD EPYC 7R13,AMD
g6e.12xlarge,us-east-1,use1-az1,3,1.0,1.0,1.5,10.49264,4.49,57,g6e,AC,g,48.0,384.0,33539.1601,AMD EPYC 7R13 Processor,AMD EPYC 7R13,AMD
g6e.12xlarge,us-east-1,use1-az2,2,0.0,1.0,1.5,10.49264,4.9318,52,g6e,AC,g,48.0,384.0,33539.1601,AMD EPYC 7R13 Processor,AMD EPYC 7R13,AMD
g6e.12xlarge,us-east-1,use1-az4,3,1.0,1.0,1.5,10.49264,4.4446,57,g6e,AC,g,48.0,384.0,33539.1601,AMD EPYC 7R13 Processor,AMD EPYC 7R13,AMD
g6e.12xlarge,us-east-1,use1-az6,1,0.0,0.0,1.5,10.49264,4.3589,58,g6e,AC,g,48.0,384.0,33539.1601,AMD EPYC 7R13 Processor,AMD EPYC 7R13,AMD
g6e.16xlarge,us-east-1,use1-az1,3,1.0,1.0,2.0,7.57719,3.1724,58,g6e,AC,g,64.0,512.0,33539.1601,AMD EPYC 7R13 Processor,AMD EPYC 7R13,AMD
g6e.16xlarge,us-east-1,use1-az2,3,1.0,1.0,2.0,7.57719,2.3384,69,g6e,AC,g,64.0,512.0,33539.1601,AMD EPYC 7R13 Processor,AMD EPYC 7R13,AMD
g6e.16xlarge,us-east-1,use1-az4,3,1.0,1.0,2.0,7.57719,2.6849,64,g6e,AC,g,64.0,512.0,33539.1601,AMD EPYC 7R13 Processor,AMD EPYC 7R13,AMD
g6e.16xlarge,us-east-1,use1-az6,3,1.0,1.0,2.0,7.57719,2.6163,65,g6e,AC,g,64.0,512.0,33539.1601,AMD EPYC 7R13 Processor,AMD EPYC 7R13,AMD
g6e.24xlarge,us-east-1,use1-az1,2,0.0,1.0,1.0,15.06559,4.1512,72,g6e,AC,g,96.0,768.0,33539.1601,AMD EPYC 7R13 Processor,AMD EPYC 7R13,AMD
g6e.24xlarge,us-east-1,use1-az2,1,0.0,0.0,1.0,15.06559,3.8433,74,g6e,AC,g,96.0,768.0,33539.1601,AMD EPYC 7R13 Processor,AMD EPYC 7R13,AMD
g6e.24xlarge,us-east-1,use1-az4,3,1.0,1.0,1.0,15.06559,4.4446,70,g6e,AC,g,96.0,768.0,33539.1601,AMD EPYC 7R13 Processor,AMD EPYC 7R13,AMD
g6e.24xlarge,us-east-1,use1-az6,1,0.0,0.0,1.0,15.06559,2.8168,81,g6e,AC,g,96.0,768.0,33539.1601,AMD EPYC 7R13 Processor,AMD EPYC 7R13,AMD
g6e.2xlarge,us-east-1,use1-az1,3,15.0,20.0,1.0,2.24208,0.6688,70,g6e,AC,g,8.0,64.0,33539.1601,AMD EPYC 7R13 Processor,AMD EPYC 7R13,AMD
g6e.2xlarge,us-east-1,use1-az2,3,15.0,30.0,1.0,2.24208,0.792,64,g6e,AC,g,8.0,64.0,33539.1601,AMD EPYC 7R13 Processor,AMD EPYC 7R13,AMD
g6e.2xlarge,us-east-1,use1-az4,3,35.0,50.0,1.0,2.24208,0.7746,65,g6e,AC,g,8.0,64.0,33539.1601,AMD EPYC 7R13 Processor,AMD EPYC 7R13,AMD
g6e.2xlarge,us-east-1,use1-az6,3,5.0,10.0,1.0,2.24208,0.9183,59,g6e,AC,g,8.0,64.0,33539.1601,AMD EPYC 7R13 Processor,AMD EPYC 7R13,AMD
g6e.48xlarge,us-east-1,use1-az1,3,5.0,10.0,1.0,30.13118,8.7333,71,g6e,AC,g,192.0,1536.0,33539.1601,AMD EPYC 7R13 Processor,AMD EPYC 7R13,AMD
g6e.48xlarge,us-east-1,use1-az2,3,1.0,1.0,1.0,30.13118,10.7208,64,g6e,AC,g,192.0,1536.0,33539.1601,AMD EPYC 7R13 Processor,AMD EPYC 7R13,AMD
g6e.48xlarge,us-east-1,use1-az4,3,5.0,10.0,1.0,30.13118,8.7955,70,g6e,AC,g,192.0,1536.0,33539.1601,AMD EPYC 7R13 Processor,AMD EPYC 7R13,AMD
g6e.48xlarge,us-east-1,use1-az6,3,1.0,1.0,1.0,30.13118,10.4958,65,g6e,AC,g,192.0,1536.0,33539.1601,AMD EPYC 7R13 Processor,AMD EPYC 7R13,AMD
g6e.4xlarge,us-east-1,use1-az1,3,5.0,10.0,1.0,3.00424,1.0781,64,g6e,AC,g,16.0,128.0,33539.1601,AMD EPYC 7R13 Processor,AMD EPYC 7R13,AMD
g6e.4xlarge,us-east-1,use1-az2,3,1.0,1.0,1.0,3.00424,1.0891,63,g6e,AC,g,16.0,128.0,33539.1601,AMD EPYC 7R13 Processor,AMD EPYC 7R13,AMD
g6e.4xlarge,us-east-1,use1-az4,3,5.0,10.0,1.0,3.00424,1.0561,64,g6e,AC,g,16.0,128.0,33539.1601,AMD EPYC 7R13 Processor,AMD EPYC 7R13,AMD
g6e.4xlarge,us-east-1,use1-az6,3,1.0,1.0,1.0,3.00424,1.4759,50,g6e,AC,g,16.0,128.0,33539.1601,AMD EPYC 7R13 Processor,AMD EPYC 7R13,AMD
g6e.8xlarge,us-east-1,use1-az1,3,1.0,1.0,1.0,4.52856,1.6436,63,g6e,AC,g,32.0,256.0,33539.1601,AMD EPYC 7R13 Processor,AMD EPYC 7R13,AMD
g6e.8xlarge,us-east-1,use1-az2,3,1.0,1.0,1.0,4.52856,1.5647,65,g6e,AC,g,32.0,256.0,33539.1601,AMD EPYC 7R13 Processor,AMD EPYC 7R13,AMD
g6e.8xlarge,us-east-1,use1-az4,3,1.0,1.0,1.0,4.52856,1.6021,64,g6e,AC,g,32.0,256.0,33539.1601,AMD EPYC 7R13 Processor,AMD EPYC 7R13,AMD
g6e.8xlarge,us-east-1,use1-az6,3,1.0,1.0,1.0,4.52856,1.3314,70,g6e,AC,g,32.0,256.0,33539.1601,AMD EPYC 7R13 Processor,AMD EPYC 7R13,AMD
g6e.xlarge,us-east-1,use1-az1,3,10.0,10.0,1.0,1.861,0.813,56,g6e,AC,g,4.0,32.0,33539.1601,AMD EPYC 7R13 Processor,AMD EPYC 7R13,AMD
g6e.xlarge,us-east-1,use1-az2,3,45.0,50.0,1.0,1.861,0.7936,57,g6e,AC,g,4.0,32.0,33539.1601,AMD EPYC 7R13 Processor,AMD EPYC 7R13,AMD
g6e.xlarge,us-east-1,use1-az4,3,50.0,50.0,1.0,1.861,0.7093,61,g6e,AC,g,4.0,32.0,33539.1601,AMD EPYC 7R13 Processor,AMD EPYC 7R13,AMD
g6e.xlarge,us-east-1,use1-az6,3,30.0,50.0,1.0,1.861,0.6817,63,g6e,AC,g,4.0,32.0,33539.1601,AMD EPYC 7R13 Processor,AMD EPYC 7R13,AMD
gr6.4xlarge,us-east-1,use1-az1,3,1.0,1.0,1.0,1.5392,0.6668,56,gr6,gr,gr,16.0,128.0,33539.1601,AMD EPYC 7R13 Processor,AMD EPYC 7R13,AMD
gr6.4xlarge,us-east-1,use1-az2,3,1.0,1.0,1.0,1.5392,0.661,57,gr6,gr,gr,16.0,128.0,33539.1601,AMD EPYC 7R13 Processor,AMD EPYC 7R13,AMD
gr6.4xlarge,us-east-1,use1-az4,3,1.0,1.0,1.0,1.5392,0.6908,55,gr6,gr,gr,16.0,128.0,33539.1601,AMD EPYC 7R13 Processor,AMD EPYC 7R13,AMD
gr6.4xlarge,us-east-1,use1-az6,3,1.0,1.0,1.0,1.5392,0.6974,54,gr6,gr,gr,16.0,128.0,33539.1601,AMD EPYC 7R13 Processor,AMD EPYC 7R13,AMD
gr6.8xlarge,us-east-1,use1-az1,3,1.0,1.0,2.0,2.4464,1.0032,58,gr6,gr,gr,32.0,256.0,33539.1601,AMD EPYC 7R13 Processor,AMD EPYC 7R13,AMD
gr6.8xlarge,us-east-1,use1-az2,3,1.0,1.0,2.0,2.4464,0.9803,59,gr6,gr,gr,32.0,256.0,33539.1601,AMD EPYC 7R13 Processor,AMD EPYC 7R13,AMD
gr6.8xlarge,us-east-1,use1-az4,3,1.0,1.0,2.0,2.4464,1.0749,56,gr6,gr,gr,32.0,256.0,33539.1601,AMD EPYC 7R13 Processor,AMD EPYC 7R13,AMD
gr6.8xlarge,us-east-1,use1-az6,3,1.0,1.0,2.0,2.4464,1.0719,56,gr6,gr,gr,32.0,256.0,33539.1601,AMD EPYC 7R13 Processor,AMD EPYC 7R13,AMD
i3.16xlarge,us-east-1,use1-az1,3,40.0,50.0,1.0,4.992,1.8182,63,i3,Storage,i,64.0,488.0,23883.6025,Intel(R) Xeon(R) CPU E5-2686 v4 @ 2.30GHz,Intel(R) Xeon(R) CPU E5-2686 v4 @ 2.30GHz,Intel
i3.16xlarge,us-east-1,use1-az2,3,50.0,50.0,1.0,4.992,1.9173,61,i3,Storage,i,64.0,488.0,23883.6025,Intel(R) Xeon(R) CPU E5-2686 v4 @ 2.30GHz,Intel(R) Xeon(R) CPU E5-2686 v4 @ 2.30GHz,Intel
i3.16xlarge,us-east-1,use1-az3,3,40.0,50.0,1.0,4.992,1.9215,61,i3,Storage,i,64.0,488.0,23883.6025,Intel(R) Xeon(R) CPU E5-2686 v4 @ 2.30GHz,Intel(R) Xeon(R) CPU E5-2686 v4 @ 2.30GHz,Intel
i3.16xlarge,us-east-1,use1-az4,3,50.0,50.0,1.0,4.992,2.0245,59,i3,Storage,i,64.0,488.0,23883.6025,Intel(R) Xeon(R) CPU E5-2686 v4 @ 2.30GHz,Intel(R) Xeon(R) CPU E5-2686 v4 @ 2.30GHz,Intel
i3.16xlarge,us-east-1,use1-az5,3,1.0,1.0,1.0,4.992,1.8214,63,i3,Storage,i,64.0,488.0,23883.6025,Intel(R) Xeon(R) CPU E5-2686 v4 @ 2.30GHz,Intel(R) Xeon(R) CPU E5-2686 v4 @ 2.30GHz,Intel
i3.16xlarge,us-east-1,use1-az6,3,50.0,50.0,1.0,4.992,1.7908,64,i3,Storage,i,64.0,488.0,23883.6025,Intel(R) Xeon(R) CPU E5-2686 v4 @ 2.30GHz,Intel(R) Xeon(R) CPU E5-2686 v4 @ 2.30GHz,Intel
i3.2xlarge,us-east-1,use1-az1,3,50.0,50.0,1.0,0.624,0.3176,49,i3,Storage,i,8.0,61.0,23883.6025,Intel(R) Xeon(R) CPU E5-2686 v4 @ 2.30GHz,Intel(R) Xeon(R) CPU E5-2686 v4 @ 2.30GHz,Intel
i3.2xlarge,us-east-1,use1-az2,3,50.0,50.0,1.0,0.624,0.3189,48,i3,Storage,i,8.0,61.0,23883.6025,Intel(R) Xeon(R) CPU E5-2686 v4 @ 2.30GHz,Intel(R) Xeon(R) CPU E5-2686 v4 @ 2.30GHz,Intel
i3.2xlarge,us-east-1,use1-az3,3,50.0,50.0,1.0,0.624,0.2925,53,i3,Storage,i,8.0,61.0,23883.6025,Intel(R) Xeon(R) CPU E5-2686 v4 @ 2.30GHz,Intel(R) Xeon(R) CPU E5-2686 v4 @ 2.30GHz,Intel
i3.2xlarge,us-east-1,use1-az4,3,50.0,50.0,1.0,0.624,0.3119,50,i3,Storage,i,8.0,61.0,23883.6025,Intel(R) Xeon(R) CPU E5-2686 v4 @ 2.30GHz,Intel(R) Xeon(R) CPU E5-2686 v4 @ 2.30GHz,Intel
i3.2xlarge,us-east-1,use1-az5,3,50.0,50.0,1.0,0.624,0.2978,52,i3,Storage,i,8.0,61.0,23883.6025,Intel(R) Xeon(R) CPU E5-2686 v4 @ 2.30GHz,Intel(R) Xeon(R) CPU E5-2686 v4 @ 2.30GHz,Intel
i3.2xlarge,us-east-1,use1-az6,3,50.0,50.0,1.0,0.624,0.2977,52,i3,Storage,i,8.0,61.0,23883.6025,Intel(R) Xeon(R) CPU E5-2686 v4 @ 2.30GHz,Intel(R) Xeon(R) CPU E5-2686 v4 @ 2.30GHz,Intel
i3.4xlarge,us-east-1,use1-az1,3,40.0,50.0,1.0,1.248,0.6673,46,i3,Storage,i,16.0,122.0,23883.6025,Intel(R) Xeon(R) CPU E5-2686 v4 @ 2.30GHz,Intel(R) Xeon(R) CPU E5-2686 v4 @ 2.30GHz,Intel
i3.4xlarge,us-east-1,use1-az2,3,50.0,50.0,1.0,1.248,0.6352,49,i3,Storage,i,16.0,122.0,23883.6025,Intel(R) Xeon(R) CPU E5-2686 v4 @ 2.30GHz,Intel(R) Xeon(R) CPU E5-2686 v4 @ 2.30GHz,Intel
i3.4xlarge,us-east-1,use1-az3,3,50.0,50.0,1.0,1.248,0.5047,59,i3,Storage,i,16.0,122.0,23883.6025,Intel(R) Xeon(R) CPU E5-2686 v4 @ 2.30GHz,Intel(R) Xeon(R) CPU E5-2686 v4 @ 2.30GHz,Intel
i3.4xlarge,us-east-1,use1-az4,3,50.0,50.0,1.0,1.248,0.6002,51,i3,Storage,i,16.0,122.0,23883.6025,Intel(R) Xeon(R) CPU E5-2686 v4 @ 2.30GHz,Intel(R) Xeon(R) CPU E5-2686 v4 @ 2.30GHz,Intel
i3.4xlarge,us-east-1,use1-az5,3,1.0,1.0,1.0,1.248,0.6525,47,i3,Storage,i,16.0,122.0,23883.6025,Intel(R) Xeon(R) CPU E5-2686 v4 @ 2.30GHz,Intel(R) Xeon(R) CPU E5-2686 v4 @ 2.30GHz,Intel
i3.4xlarge,us-east-1,use1-az6,3,50.0,50.0,1.0,1.248,0.616,50,i3,Storage,i,16.0,122.0,23883.6025,Intel(R) Xeon(R) CPU E5-2686 v4 @ 2.30GHz,Intel(R) Xeon(R) CPU E5-2686 v4 @ 2.30GHz,Intel
i3.8xlarge,us-east-1,use1-az1,3,35.0,50.0,1.0,2.496,1.285,48,i3,Storage,i,32.0,244.0,23883.6025,Intel(R) Xeon(R) CPU E5-2686 v4 @ 2.30GHz,Intel(R) Xeon(R) CPU E5-2686 v4 @ 2.30GHz,Intel
i3.8xlarge,us-east-1,use1-az2,3,50.0,50.0,1.0,2.496,1.1665,53,i3,Storage,i,32.0,244.0,23883.6025,Intel(R) Xeon(R) CPU E5-2686 v4 @ 2.30GHz,Intel(R) Xeon(R) CPU E5-2686 v4 @ 2.30GHz,Intel
i3.8xlarge,us-east-1,use1-az3,3,50.0,50.0,1.0,2.496,0.8686,65,i3,Storage,i,32.0,244.0,23883.6025,Intel(R) Xeon(R) CPU E5-2686 v4 @ 2.30GHz,Intel(R) Xeon(R) CPU E5-2686 v4 @ 2.30GHz,Intel
i3.8xlarge,us-east-1,use1-az4,3,50.0,50.0,1.0,2.496,1.0404,58,i3,Storage,i,32.0,244.0,23883.6025,Intel(R) Xeon(R) CPU E5-2686 v4 @ 2.30GHz,Intel(R) Xeon(R) CPU E5-2686 v4 @ 2.30GHz,Intel
i3.8xlarge,us-east-1,use1-az5,3,1.0,1.0,1.0,2.496,1.3121,47,i3,Storage,i,32.0,244.0,23883.6025,Intel(R) Xeon(R) CPU E5-2686 v4 @ 2.30GHz,Intel(R) Xeon(R) CPU E5-2686 v4 @ 2.30GHz,Intel
i3.8xlarge,us-east-1,use1-az6,3,50.0,50.0,1.0,2.496,1.0734,56,i3,Storage,i,32.0,244.0,23883.6025,Intel(R) Xeon(R) CPU E5-2686 v4 @ 2.30GHz,Intel(R) Xeon(R) CPU E5-2686 v4 @ 2.30GHz,Intel
i3.large,us-east-1,use1-az1,3,50.0,50.0,1.0,0.156,0.0402,74,i3,Storage,i,2.0,15.0,23883.6025,Intel(R) Xeon(R) CPU E5-2686 v4 @ 2.30GHz,Intel(R) Xeon(R) CPU E5-2686 v4 @ 2.30GHz,Intel
i3.large,us-east-1,use1-az2,3,50.0,50.0,1.0,0.156,0.0385,75,i3,Storage,i,2.0,15.0,23883.6025,Intel(R) Xeon(R) CPU E5-2686 v4 @ 2.30GHz,Intel(R) Xeon(R) CPU E5-2686 v4 @ 2.30GHz,Intel
i3.large,us-east-1,use1-az3,3,50.0,50.0,1.0,0.156,0.0402,74,i3,Storage,i,2.0,15.0,23883.6025,Intel(R) Xeon(R) CPU E5-2686 v4 @ 2.30GHz,Intel(R) Xeon(R) CPU E5-2686 v4 @ 2.30GHz,Intel
i3.large,us-east-1,use1-az4,3,50.0,50.0,1.0,0.156,0.0394,74,i3,Storage,i,2.0,15.0,23883.6025,Intel(R) Xeon(R) CPU E5-2686 v4 @ 2.30GHz,Intel(R) Xeon(R) CPU E5-2686 v4 @ 2.30GHz,Intel
i3.large,us-east-1,use1-az5,3,50.0,50.0,1.0,0.156,0.0375,75,i3,Storage,i,2.0,15.0,23883.6025,Intel(R) Xeon(R) CPU E5-2686 v4 @ 2.30GHz,Intel(R) Xeon(R) CPU E5-2686 v4 @ 2.30GHz,Intel
i3.large,us-east-1,use1-az6,3,50.0,50.0,1.0,0.156,0.0355,77,i3,Storage,i,2.0,15.0,23883.6025,Intel(R) Xeon(R) CPU E5-2686 v4 @ 2.30GHz,Intel(R) Xeon(R) CPU E5-2686 v4 @ 2.30GHz,Intel
i3.xlarge,us-east-1,use1-az1,3,50.0,50.0,1.0,0.312,0.1298,58,i3,Storage,i,4.0,30.0,23883.6025,Intel(R) Xeon(R) CPU E5-2686 v4 @ 2.30GHz,Intel(R) Xeon(R) CPU E5-2686 v4 @ 2.30GHz,Intel
i3.xlarge,us-east-1,use1-az2,3,50.0,50.0,1.0,0.312,0.1285,58,i3,Storage,i,4.0,30.0,23883.6025,Intel(R) Xeon(R) CPU E5-2686 v4 @ 2.30GHz,Intel(R) Xeon(R) CPU E5-2686 v4 @ 2.30GHz,Intel
i3.xlarge,us-east-1,use1-az3,3,50.0,50.0,1.0,0.312,0.1261,59,i3,Storage,i,4.0,30.0,23883.6025,Intel(R) Xeon(R) CPU E5-2686 v4 @ 2.30GHz,Intel(R) Xeon(R) CPU E5-2686 v4 @ 2.30GHz,Intel
i3.xlarge,us-east-1,use1-az4,3,50.0,50.0,1.0,0.312,0.126,59,i3,Storage,i,4.0,30.0,23883.6025,Intel(R) Xeon(R) CPU E5-2686 v4 @ 2.30GHz,Intel(R) Xeon(R) CPU E5-2686 v4 @ 2.30GHz,Intel
i3.xlarge,us-east-1,use1-az5,3,50.0,50.0,1.0,0.312,0.1305,58,i3,Storage,i,4.0,30.0,23883.6025,Intel(R) Xeon(R) CPU E5-2686 v4 @ 2.30GHz,Intel(R) Xeon(R) CPU E5-2686 v4 @ 2.30GHz,Intel
i3.xlarge,us-east-1,use1-az6,3,50.0,50.0,1.0,0.312,0.1235,60,i3,Storage,i,4.0,30.0,23883.6025,Intel(R) Xeon(R) CPU E5-2686 v4 @ 2.30GHz,Intel(R) Xeon(R) CPU E5-2686 v4 @ 2.30GHz,Intel
i3en.12xlarge,us-east-1,use1-az1,3,5.0,10.0,2.0,5.424,2.2686,58,i3en,Storage,i,48.0,384.0,23883.6025,Intel(R) Xeon(R) Platinum 8259CL CPU @ 2.50GHz,Intel(R) Xeon(R) Platinum 8259CL CPU @ 2.50GHz,Intel
i3en.12xlarge,us-east-1,use1-az2,3,30.0,50.0,2.0,5.424,1.7832,67,i3en,Storage,i,48.0,384.0,23883.6025,Intel(R) Xeon(R) Platinum 8259CL CPU @ 2.50GHz,Intel(R) Xeon(R) Platinum 8259CL CPU @ 2.50GHz,Intel
i3en.12xlarge,us-east-1,use1-az4,3,15.0,25.0,2.0,5.424,1.7932,66,i3en,Storage,i,48.0,384.0,23883.6025,Intel(R) Xeon(R) Platinum 8259CL CPU @ 2.50GHz,Intel(R) Xeon(R) Platinum 8259CL CPU @ 2.50GHz,Intel
i3en.12xlarge,us-east-1,use1-az5,3,5.0,10.0,2.0,5.424,2.0861,61,i3en,Storage,i,48.0,384.0,23883.6025,Intel(R) Xeon(R) Platinum 8259CL CPU @ 2.50GHz,Intel(R) Xeon(R) Platinum 8259CL CPU @ 2.50GHz,Intel
i3en.12xlarge,us-east-1,use1-az6,3,50.0,50.0,2.0,5.424,1.788,67,i3en,Storage,i,48.0,384.0,23883.6025,Intel(R) Xeon(R) Platinum 8259CL CPU @ 2.50GHz,Intel(R) Xeon(R) Platinum 8259CL CPU @ 2.50GHz,Intel
i3en.24xlarge,us-east-1,use1-az1,3,5.0,5.0,1.0,10.848,2.7732,74,i3en,Storage,i,96.0,768.0,23883.6025,Intel(R) Xeon(R) Platinum 8259CL CPU @ 2.50GHz,Intel(R) Xeon(R) Platinum 8259CL CPU @ 2.50GHz,Intel
i3en.24xlarge,us-east-1,use1-az2,3,5.0,10.0,1.0,10.848,3.2249,70,i3en,Storage,i,96.0,768.0,23883.6025,Intel(R) Xeon(R) Platinum 8259CL CPU @ 2.50GHz,Intel(R) Xeon(R) Platinum 8259CL CPU @ 2.50GHz,Intel
i3en.24xlarge,us-east-1,use1-az4,3,10.0,15.0,1.0,10.848,3.1391,71,i3en,Storage,i,96.0,768.0,23883.6025,Intel(R) Xeon(R) Platinum 8259CL CPU @ 2.50GHz,Intel(R) Xeon(R) Platinum 8259CL CPU @ 2.50GHz,Intel
i3en.24xlarge,us-east-1,use1-az5,1,0.0,0.0,1.0,10.848,3.3993,68,i3en,Storage,i,96.0,768.0,23883.6025,Intel(R) Xeon(R) Platinum 8259CL CPU @ 2.50GHz,Intel(R) Xeon(R) Platinum 8259CL CPU @ 2.50GHz,Intel
i3en.24xlarge,us-east-1,use1-az6,3,50.0,50.0,1.0,10.848,2.8395,73,i3en,Storage,i,96.0,768.0,23883.6025,Intel(R) Xeon(R) Platinum 8259CL CPU @ 2.50GHz,Intel(R) Xeon(R) Platinum 8259CL CPU @ 2.50GHz,Intel
i3en.2xlarge,us-east-1,use1-az1,3,20.0,25.0,3.0,0.904,0.4524,49,i3en,Storage,i,8.0,64.0,23883.6025,Intel(R) Xeon(R) Platinum 8259CL CPU @ 2.50GHz,Intel(R) Xeon(R) Platinum 8259CL CPU @ 2.50GHz,Intel
i3en.2xlarge,us-east-1,use1-az2,3,50.0,50.0,3.0,0.904,0.3205,64,i3en,Storage,i,8.0,64.0,23883.6025,Intel(R) Xeon(R) Platinum 8259CL CPU @ 2.50GHz,Intel(R) Xeon(R) Platinum 8259CL CPU @ 2.50GHz,Intel
i3en.2xlarge,us-east-1,use1-az4,3,50.0,50.0,3.0,0.904,0.312,65,i3en,Storage,i,8.0,64.0,23883.6025,Intel(R) Xeon(R) Platinum 8259CL CPU @ 2.50GHz,Intel(R) Xeon(R) Platinum 8259CL CPU @ 2.50GHz,Intel
i3en.2xlarge,us-east-1,use1-az5,3,50.0,50.0,3.0,0.904,0.2975,67,i3en,Storage,i,8.0,64.0,23883.6025,Intel(R) Xeon(R) Platinum 8259CL CPU @ 2.50GHz,Intel(R) Xeon(R) Platinum 8259CL CPU @ 2.50GHz,Intel
i3en.2xlarge,us-east-1,use1-az6,3,50.0,50.0,3.0,0.904,0.323,64,i3en,Storage,i,8.0,64.0,23883.6025,Intel(R) Xeon(R) Platinum 8259CL CPU @ 2.50GHz,Intel(R) Xeon(R) Platinum 8259CL CPU @ 2.50GHz,Intel
i3en.3xlarge,us-east-1,use1-az1,3,50.0,50.0,3.0,1.356,0.4064,70,i3en,Storage,i,12.0,96.0,23883.6025,Intel(R) Xeon(R) Platinum 8259CL CPU @ 2.50GHz,Intel(R) Xeon(R) Platinum 8259CL CPU @ 2.50GHz,Intel
i3en.3xlarge,us-east-1,use1-az2,3,50.0,50.0,3.0,1.356,0.448,66,i3en,Storage,i,12.0,96.0,23883.6025,Intel(R) Xeon(R) Platinum 8259CL CPU @ 2.50GHz,Intel(R) Xeon(R) Platinum 8259CL CPU @ 2.50GHz,Intel
i3en.3xlarge,us-east-1,use1-az4,3,50.0,50.0,3.0,1.356,0.4227,68,i3en,Storage,i,12.0,96.0,23883.6025,Intel(R) Xeon(R) Platinum 8259CL CPU @ 2.50GHz,Intel(R) Xeon(R) Platinum 8259CL CPU @ 2.50GHz,Intel
i3en.3xlarge,us-east-1,use1-az5,3,50.0,50.0,3.0,1.356,0.4127,69,i3en,Storage,i,12.0,96.0,23883.6025,Intel(R) Xeon(R) Platinum 8259CL CPU @ 2.50GHz,Intel(R) Xeon(R) Platinum 8259CL CPU @ 2.50GHz,Intel
i3en.3xlarge,us-east-1,use1-az6,3,50.0,50.0,3.0,1.356,0.4342,67,i3en,Storage,i,12.0,96.0,23883.6025,Intel(R) Xeon(R) Platinum 8259CL CPU @ 2.50GHz,Intel(R) Xeon(R) Platinum 8259CL CPU @ 2.50GHz,Intel
i3en.6xlarge,us-east-1,use1-az1,3,50.0,50.0,2.0,2.712,0.9342,65,i3en,Storage,i,24.0,192.0,23883.6025,Intel(R) Xeon(R) Platinum 8259CL CPU @ 2.50GHz,Intel(R) Xeon(R) Platinum 8259CL CPU @ 2.50GHz,Intel
i3en.6xlarge,us-east-1,use1-az2,3,25.0,35.0,2.0,2.712,0.9331,65,i3en,Storage,i,24.0,192.0,23883.6025,Intel(R) Xeon(R) Platinum 8259CL CPU @ 2.50GHz,Intel(R) Xeon(R) Platinum 8259CL CPU @ 2.50GHz,Intel
i3en.6xlarge,us-east-1,use1-az4,2,0.0,1.0,2.0,2.712,0.9311,65,i3en,Storage,i,24.0,192.0,23883.6025,Intel(R) Xeon(R) Platinum 8259CL CPU @ 2.50GHz,Intel(R) Xeon(R) Platinum 8259CL CPU @ 2.50GHz,Intel
i3en.6xlarge,us-east-1,use1-az5,1,0.0,0.0,2.0,2.712,0.9398,65,i3en,Storage,i,24.0,192.0,23883.6025,Intel(R) Xeon(R) Platinum 8259CL CPU @ 2.50GHz,Intel(R) Xeon(R) Platinum 8259CL CPU @ 2.50GHz,Intel
i3en.6xlarge,us-east-1,use1-az6,3,25.0,35.0,2.0,2.712,0.93,65,i3en,Storage,i,24.0,192.0,23883.6025,Intel(R) Xeon(R) Platinum 8259CL CPU @ 2.50GHz,Intel(R) Xeon(R) Platinum 8259CL CPU @ 2.50GHz,Intel
i3en.large,us-east-1,use1-az1,3,50.0,50.0,3.0,0.226,0.0635,71,i3en,Storage,i,2.0,16.0,23738.917,Intel(R) Xeon(R) Platinum 8175M CPU @ 2.50GHz,Intel(R) Xeon(R) Platinum 8175M CPU @ 2.50GHz,Intel
i3en.large,us-east-1,use1-az2,3,50.0,50.0,3.0,0.226,0.0588,73,i3en,Storage,i,2.0,16.0,23738.917,Intel(R) Xeon(R) Platinum 8175M CPU @ 2.50GHz,Intel(R) Xeon(R) Platinum 8175M CPU @ 2.50GHz,Intel
i3en.large,us-east-1,use1-az4,3,50.0,50.0,3.0,0.226,0.0796,64,i3en,Storage,i,2.0,16.0,23738.917,Intel(R) Xeon(R) Platinum 8175M CPU @ 2.50GHz,Intel(R) Xeon(R) Platinum 8175M CPU @ 2.50GHz,Intel
i3en.large,us-east-1,use1-az5,3,50.0,50.0,3.0,0.226,0.0579,74,i3en,Storage,i,2.0,16.0,23738.917,Intel(R) Xeon(R) Platinum 8175M CPU @ 2.50GHz,Intel(R) Xeon(R) Platinum 8175M CPU @ 2.50GHz,Intel
i3en.large,us-east-1,use1-az6,3,50.0,50.0,3.0,0.226,0.0619,72,i3en,Storage,i,2.0,16.0,23738.917,Intel(R) Xeon(R) Platinum 8175M CPU @ 2.50GHz,Intel(R) Xeon(R) Platinum 8175M CPU @ 2.50GHz,Intel
i3en.xlarge,us-east-1,use1-az1,3,50.0,50.0,3.0,0.452,0.1299,71,i3en,Storage,i,4.0,32.0,23883.6025,Intel(R) Xeon(R) Platinum 8259CL CPU @ 2.50GHz,Intel(R) Xeon(R) Platinum 8259CL CPU @ 2.50GHz,Intel
i3en.xlarge,us-east-1,use1-az2,3,50.0,50.0,3.0,0.452,0.126,72,i3en,Storage,i,4.0,32.0,23883.6025,Intel(R) Xeon(R) Platinum 8259CL CPU @ 2.50GHz,Intel(R) Xeon(R) Platinum 8259CL CPU @ 2.50GHz,Intel
i3en.xlarge,us-east-1,use1-az4,3,50.0,50.0,3.0,0.452,0.1238,72,i3en,Storage,i,4.0,32.0,23883.6025,Intel(R) Xeon(R) Platinum 8259CL CPU @ 2.50GHz,Intel(R) Xeon(R) Platinum 8259CL CPU @ 2.50GHz,Intel
i3en.xlarge,us-east-1,use1-az5,3,50.0,50.0,3.0,0.452,0.1362,69,i3en,Storage,i,4.0,32.0,23883.6025,Intel(R) Xeon(R) Platinum 8259CL CPU @ 2.50GHz,Intel(R) Xeon(R) Platinum 8259CL CPU @ 2.50GHz,Intel
i3en.xlarge,us-east-1,use1-az6,3,50.0,50.0,3.0,0.452,0.1327,70,i3en,Storage,i,4.0,32.0,23883.6025,Intel(R) Xeon(R) Platinum 8259CL CPU @ 2.50GHz,Intel(R) Xeon(R) Platinum 8259CL CPU @ 2.50GHz,Intel
i4g.16xlarge,us-east-1,use1-az1,3,1.0,1.0,2.5,4.94208,1.4242,71,i4g,Storage,i,64.0,512.0,19336.1335,AWS Graviton2 Processor,AWS Graviton2 Processor,AWS
i4g.16xlarge,us-east-1,use1-az2,1,0.0,0.0,2.5,4.94208,1.2901,73,i4g,Storage,i,64.0,512.0,19336.1335,AWS Graviton2 Processor,AWS Graviton2 Processor,AWS
i4g.16xlarge,us-east-1,use1-az4,1,0.0,0.0,2.5,4.94208,1.5448,68,i4g,Storage,i,64.0,512.0,19336.1335,AWS Graviton2 Processor,AWS Graviton2 Processor,AWS
i4g.16xlarge,us-east-1,use1-az5,3,10.0,15.0,2.5,4.94208,1.3799,72,i4g,Storage,i,64.0,512.0,19336.1335,AWS Graviton2 Processor,AWS Graviton2 Processor,AWS
i4g.16xlarge,us-east-1,use1-az6,3,50.0,50.0,2.5,4.94208,1.2837,74,i4g,Storage,i,64.0,512.0,19336.1335,AWS Graviton2 Processor,AWS Graviton2 Processor,AWS
i4g.2xlarge,us-east-1,use1-az1,3,5.0,10.0,3.0,0.61776,0.194,68,i4g,Storage,i,8.0,64.0,19336.1335,AWS Graviton2 Processor,AWS Graviton2 Processor,AWS
i4g.2xlarge,us-east-1,use1-az2,3,50.0,50.0,3.0,0.61776,0.1717,72,i4g,Storage,i,8.0,64.0,19336.1335,AWS Graviton2 Processor,AWS Graviton2 Processor,AWS
i4g.2xlarge,us-east-1,use1-az4,3,50.0,50.0,3.0,0.61776,0.1922,68,i4g,Storage,i,8.0,64.0,19336.1335,AWS Graviton2 Processor,AWS Graviton2 Processor,AWS
i4g.2xlarge,us-east-1,use1-az5,3,45.0,50.0,3.0,0.61776,0.1749,71,i4g,Storage,i,8.0,64.0,19336.1335,AWS Graviton2 Processor,AWS Graviton2 Processor,AWS
i4g.2xlarge,us-east-1,use1-az6,3,50.0,50.0,3.0,0.61776,0.1749,71,i4g,Storage,i,8.0,64.0,19336.1335,AWS Graviton2 Processor,AWS Graviton2 Processor,AWS
i4g.4xlarge,us-east-1,use1-az1,3,1.0,1.0,1.0,1.23552,0.6782,45,i4g,Storage,i,16.0,128.0,19336.1335,AWS Graviton2 Processor,AWS Graviton2 Processor,AWS
i4g.4xlarge,us-east-1,use1-az2,3,1.0,1.0,1.0,1.23552,0.5822,52,i4g,Storage,i,16.0,128.0,19336.1335,AWS Graviton2 Processor,AWS Graviton2 Processor,AWS
i4g.4xlarge,us-east-1,use1-az4,3,1.0,1.0,1.0,1.23552,0.4751,61,i4g,Storage,i,16.0,128.0,19336.1335,AWS Graviton2 Processor,AWS Graviton2 Processor,AWS
i4g.4xlarge,us-east-1,use1-az5,3,1.0,1.0,1.0,1.23552,0.6974,43,i4g,Storage,i,16.0,128.0,19336.1335,AWS Graviton2 Processor,AWS Graviton2 Processor,AWS
i4g.4xlarge,us-east-1,use1-az6,3,10.0,15.0,1.0,1.23552,0.5064,59,i4g,Storage,i,16.0,128.0,19336.1335,AWS Graviton2 Processor,AWS Graviton2 Processor,AWS
i4g.8xlarge,us-east-1,use1-az1,2,0.0,1.0,1.0,2.47104,1.2532,49,i4g,Storage,i,32.0,256.0,19336.1335,AWS Graviton2 Processor,AWS Graviton2 Processor,AWS
i4g.8xlarge,us-east-1,use1-az2,1,0.0,0.0,1.0,2.47104,1.1447,53,i4g,Storage,i,32.0,256.0,19336.1335,AWS Graviton2 Processor,AWS Graviton2 Processor,AWS
i4g.8xlarge,us-east-1,use1-az4,3,1.0,5.0,1.0,2.47104,0.9546,61,i4g,Storage,i,32.0,256.0,19336.1335,AWS Graviton2 Processor,AWS Graviton2 Processor,AWS
i4g.8xlarge,us-east-1,use1-az5,1,0.0,0.0,1.0,2.47104,1.3703,44,i4g,Storage,i,32.0,256.0,19336.1335,AWS Graviton2 Processor,AWS Graviton2 Processor,AWS
i4g.8xlarge,us-east-1,use1-az6,3,35.0,50.0,1.0,2.47104,0.9869,60,i4g,Storage,i,32.0,256.0,19336.1335,AWS Graviton2 Processor,AWS Graviton2 Processor,AWS
i4g.large,us-east-1,use1-az1,3,5.0,10.0,2.5,0.15444,0.0697,54,i4g,Storage,i,2.0,16.0,19336.1335,AWS Graviton2 Processor,AWS Graviton2 Processor,AWS
i4g.large,us-east-1,use1-az2,3,10.0,20.0,2.5,0.15444,0.0638,58,i4g,Storage,i,2.0,16.0,19336.1335,AWS Graviton2 Processor,AWS Graviton2 Processor,AWS
i4g.large,us-east-1,use1-az4,3,1.0,5.0,2.5,0.15444,0.0523,66,i4g,Storage,i,2.0,16.0,19336.1335,AWS Graviton2 Processor,AWS Graviton2 Processor,AWS
i4g.large,us-east-1,use1-az5,3,20.0,35.0,2.5,0.15444,0.0455,70,i4g,Storage,i,2.0,16.0,19336.1335,AWS Graviton2 Processor,AWS Graviton2 Processor,AWS
i4g.large,us-east-1,use1-az6,3,20.0,30.0,2.5,0.15444,0.0489,68,i4g,Storage,i,2.0,16.0,19336.1335,AWS Graviton2 Processor,AWS Graviton2 Processor,AWS
i4g.xlarge,us-east-1,use1-az1,3,5.0,5.0,2.5,0.30888,0.1073,65,i4g,Storage,i,4.0,32.0,19336.1335,AWS Graviton2 Processor,AWS Graviton2 Processor,AWS
i4g.xlarge,us-east-1,use1-az2,3,1.0,1.0,2.5,0.30888,0.1162,62,i4g,Storage,i,4.0,32.0,19336.1335,AWS Graviton2 Processor,AWS Graviton2 Processor,AWS
i4g.xlarge,us-east-1,use1-az4,3,5.0,10.0,2.5,0.30888,0.1343,56,i4g,Storage,i,4.0,32.0,19336.1335,AWS Graviton2 Processor,AWS Graviton2 Processor,AWS
i4g.xlarge,us-east-1,use1-az5,3,10.0,15.0,2.5,0.30888,0.1095,64,i4g,Storage,i,4.0,32.0,19336.1335,AWS Graviton2 Processor,AWS Graviton2 Processor,AWS
i4g.xlarge,us-east-1,use1-az6,3,10.0,20.0,2.5,0.30888,0.1647,46,i4g,Storage,i,4.0,32.0,19336.1335,AWS Graviton2 Processor,AWS Graviton2 Processor,AWS
i4i.12xlarge,us-east-1,use1-az1,3,1.0,1.0,1.0,4.118,1.6266,60,i4i,Storage,i,48.0,384.0,28985.5594,Intel(R) Xeon(R) Platinum 8375C CPU @ 2.90GHz,Intel(R) Xeon(R) Platinum 8375C CPU @ 2.90GHz,AWS
i4i.12xlarge,us-east-1,use1-az2,1,0.0,0.0,1.0,4.118,2.9494,28,i4i,Storage,i,48.0,384.0,28985.5594,Intel(R) Xeon(R) Platinum 8375C CPU @ 2.90GHz,Intel(R) Xeon(R) Platinum 8375C CPU @ 2.90GHz,AWS
i4i.12xlarge,us-east-1,use1-az4,3,1.0,1.0,1.0,4.118,1.1609,71,i4i,Storage,i,48.0,384.0,28985.5594,Intel(R) Xeon(R) Platinum 8375C CPU @ 2.90GHz,Intel(R) Xeon(R) Platinum 8375C CPU @ 2.90GHz,AWS
i4i.12xlarge,us-east-1,use1-az5,1,0.0,0.0,1.0,4.118,1.1456,72,i4i,Storage,i,48.0,384.0,28985.5594,Intel(R) Xeon(R) Platinum 8375C CPU @ 2.90GHz,Intel(R) Xeon(R) Platinum 8375C CPU @ 2.90GHz,AWS
i4i.12xlarge,us-east-1,use1-az6,3,5.0,5.0,1.0,4.118,1.1089,73,i4i,Storage,i,48.0,384.0,28985.5594,Intel(R) Xeon(R) Platinum 8375C CPU @ 2.90GHz,Intel(R) Xeon(R) Platinum 8375C CPU @ 2.90GHz,AWS
i4i.16xlarge,us-east-1,use1-az1,3,5.0,5.0,3.0,5.491,2.2019,59,i4i,Storage,i,64.0,512.0,28985.5594,Intel(R) Xeon(R) Platinum 8375C CPU @ 2.90GHz,Intel(R) Xeon(R) Platinum 8375C CPU @ 2.90GHz,Intel
i4i.16xlarge,us-east-1,use1-az2,3,35.0,50.0,3.0,5.491,2.4585,55,i4i,Storage,i,64.0,512.0,28985.5594,Intel(R) Xeon(R) Platinum 8375C CPU @ 2.90GHz,Intel(R) Xeon(R) Platinum 8375C CPU @ 2.90GHz,Intel
i4i.16xlarge,us-east-1,use1-az4,3,50.0,50.0,3.0,5.491,2.1836,60,i4i,Storage,i,64.0,512.0,28985.5594,Intel(R) Xeon(R) Platinum 8375C CPU @ 2.90GHz,Intel(R) Xeon(R) Platinum 8375C CPU @ 2.90GHz,Intel
i4i.16xlarge,us-east-1,use1-az5,1,0.0,0.0,3.0,5.491,2.1794,60,i4i,Storage,i,64.0,512.0,28985.5594,Intel(R) Xeon(R) Platinum 8375C CPU @ 2.90GHz,Intel(R) Xeon(R) Platinum 8375C CPU @ 2.90GHz,Intel
i4i.16xlarge,us-east-1,use1-az6,3,50.0,50.0,3.0,5.491,2.3677,56,i4i,Storage,i,64.0,512.0,28985.5594,Intel(R) Xeon(R) Platinum 8375C CPU @ 2.90GHz,Intel(R) Xeon(R) Platinum 8375C CPU @ 2.90GHz,Intel
i4i.24xlarge,us-east-1,use1-az1,1,0.0,0.0,1.0,8.2368,2.5657,68,i4i,Storage,i,96.0,768.0,28985.5594,Intel(R) Xeon(R) Platinum 8375C CPU @ 2.90GHz,Intel(R) Xeon(R) Platinum 8375C CPU @ 2.90GHz,Intel
i4i.24xlarge,us-east-1,use1-az2,1,0.0,0.0,1.0,8.2368,1.9139,76,i4i,Storage,i,96.0,768.0,28985.5594,Intel(R) Xeon(R) Platinum 8375C CPU @ 2.90GHz,Intel(R) Xeon(R) Platinum 8375C CPU @ 2.90GHz,Intel
i4i.24xlarge,us-east-1,use1-az4,1,0.0,0.0,1.0,8.2368,1.3931,83,i4i,Storage,i,96.0,768.0,28985.5594,Intel(R) Xeon(R) Platinum 8375C CPU @ 2.90GHz,Intel(R) Xeon(R) Platinum 8375C CPU @ 2.90GHz,Intel
i4i.24xlarge,us-east-1,use1-az5,1,0.0,0.0,1.0,8.2368,2.3559,71,i4i,Storage,i,96.0,768.0,28985.5594,Intel(R) Xeon(R) Platinum 8375C CPU @ 2.90GHz,Intel(R) Xeon(R) Platinum 8375C CPU @ 2.90GHz,Intel
i4i.24xlarge,us-east-1,use1-az6,2,0.0,1.0,1.0,8.2368,2.5484,69,i4i,Storage,i,96.0,768.0,28985.5594,Intel(R) Xeon(R) Platinum 8375C CPU @ 2.90GHz,Intel(R) Xeon(R) Platinum 8375C CPU @ 2.90GHz,Intel
i4i.2xlarge,us-east-1,use1-az1,3,20.0,35.0,2.5,0.686,0.2976,56,i4i,Storage,i,8.0,64.0,28985.5594,Intel(R) Xeon(R) Platinum 8375C CPU @ 2.90GHz,Intel(R) Xeon(R) Platinum 8375C CPU @ 2.90GHz,Intel
i4i.2xlarge,us-east-1,use1-az2,3,50.0,50.0,2.5,0.686,0.2801,59,i4i,Storage,i,8.0,64.0,28985.5594,Intel(R) Xeon(R) Platinum 8375C CPU @ 2.90GHz,Intel(R) Xeon(R) Platinum 8375C CPU @ 2.90GHz,Intel
i4i.2xlarge,us-east-1,use1-az4,3,50.0,50.0,2.5,0.686,0.265,61,i4i,Storage,i,8.0,64.0,28985.5594,Intel(R) Xeon(R) Platinum 8375C CPU @ 2.90GHz,Intel(R) Xeon(R) Platinum 8375C CPU @ 2.90GHz,Intel
i4i.2xlarge,us-east-1,use1-az5,3,5.0,10.0,2.5,0.686,0.3271,52,i4i,Storage,i,8.0,64.0,28985.5594,Intel(R) Xeon(R) Platinum 8375C CPU @ 2.90GHz,Intel(R) Xeon(R) Platinum 8375C CPU @ 2.90GHz,Intel
i4i.2xlarge,us-east-1,use1-az6,3,50.0,50.0,2.5,0.686,0.2362,65,i4i,Storage,i,8.0,64.0,28985.5594,Intel(R) Xeon(R) Platinum 8375C CPU @ 2.90GHz,Intel(R) Xeon(R) Platinum 8375C CPU @ 2.90GHz,Intel
i4i.32xlarge,us-east-1,use1-az1,1,0.0,0.0,1.0,10.9824,4.3131,60,i4i,Storage,i,128.0,1024.0,28985.5594,Intel(R) Xeon(R) Platinum 8375C CPU @ 2.90GHz,Intel(R) Xeon(R) Platinum 8375C CPU @ 2.90GHz,Intel
i4i.32xlarge,us-east-1,use1-az2,1,0.0,0.0,1.0,10.9824,3.3971,69,i4i,Storage,i,128.0,1024.0,28985.5594,Intel(R) Xeon(R) Platinum 8375C CPU @ 2.90GHz,Intel(R) Xeon(R) Platinum 8375C CPU @ 2.90GHz,Intel
i4i.32xlarge,us-east-1,use1-az4,3,1.0,1.0,1.0,10.9824,3.791,65,i4i,Storage,i,128.0,1024.0,28985.5594,Intel(R) Xeon(R) Platinum 8375C CPU @ 2.90GHz,Intel(R) Xeon(R) Platinum 8375C CPU @ 2.90GHz,Intel
i4i.32xlarge,us-east-1,use1-az5,1,0.0,0.0,1.0,10.9824,3.1242,71,i4i,Storage,i,128.0,1024.0,28985.5594,Intel(R) Xeon(R) Platinum 8375C CPU @ 2.90GHz,Intel(R) Xeon(R) Platinum 8375C CPU @ 2.90GHz,Intel
i4i.32xlarge,us-east-1,use1-az6,3,1.0,1.0,1.0,10.9824,3.4793,68,i4i,Storage,i,128.0,1024.0,28985.5594,Intel(R) Xeon(R) Platinum 8375C CPU @ 2.90GHz,Intel(R) Xeon(R) Platinum 8375C CPU @ 2.90GHz,Intel
i4i.4xlarge,us-east-1,use1-az1,3,5.0,10.0,2.0,1.373,0.7131,48,i4i,Storage,i,16.0,128.0,28985.5594,Intel(R) Xeon(R) Platinum 8375C CPU @ 2.90GHz,Intel(R) Xeon(R) Platinum 8375C CPU @ 2.90GHz,Intel
i4i.4xlarge,us-east-1,use1-az2,1,0.0,0.0,2.0,1.373,0.7128,48,i4i,Storage,i,16.0,128.0,28985.5594,Intel(R) Xeon(R) Platinum 8375C CPU @ 2.90GHz,Intel(R) Xeon(R) Platinum 8375C CPU @ 2.90GHz,Intel
i4i.4xlarge,us-east-1,use1-az4,3,5.0,10.0,2.0,1.373,0.6813,50,i4i,Storage,i,16.0,128.0,28985.5594,Intel(R) Xeon(R) Platinum 8375C CPU @ 2.90GHz,Intel(R) Xeon(R) Platinum 8375C CPU @ 2.90GHz,Intel
i4i.4xlarge,us-east-1,use1-az5,1,0.0,0.0,2.0,1.373,0.9113,33,i4i,Storage,i,16.0,128.0,28985.5594,Intel(R) Xeon(R) Platinum 8375C CPU @ 2.90GHz,Intel(R) Xeon(R) Platinum 8375C CPU @ 2.90GHz,Intel
i4i.4xlarge,us-east-1,use1-az6,3,10.0,35.0,2.0,1.373,0.6797,50,i4i,Storage,i,16.0,128.0,28985.5594,Intel(R) Xeon(R) Platinum 8375C CPU @ 2.90GHz,Intel(R) Xeon(R) Platinum 8375C CPU @ 2.90GHz,Intel
i4i.8xlarge,us-east-1,use1-az1,3,5.0,5.0,1.5,2.746,1.2543,54,i4i,Storage,i,32.0,256.0,28985.5594,Intel(R) Xeon(R) Platinum 8375C CPU @ 2.90GHz,Intel(R) Xeon(R) Platinum 8375C CPU @ 2.90GHz,Intel
i4i.8xlarge,us-east-1,use1-az2,3,5.0,10.0,1.5,2.746,1.5714,42,i4i,Storage,i,32.0,256.0,28985.5594,Intel(R) Xeon(R) Platinum 8375C CPU @ 2.90GHz,Intel(R) Xeon(R) Platinum 8375C CPU @ 2.90GHz,Intel
i4i.8xlarge,us-east-1,use1-az4,3,50.0,50.0,1.5,2.746,1.1752,57,i4i,Storage,i,32.0,256.0,28985.5594,Intel(R) Xeon(R) Platinum 8375C CPU @ 2.90GHz,Intel(R) Xeon(R) Platinum 8375C CPU @ 2.90GHz,Intel
i4i.8xlarge,us-east-1,use1-az5,1,0.0,0.0,1.5,2.746,1.2471,54,i4i,Storage,i,32.0,256.0,28985.5594,Intel(R) Xeon(R) Platinum 8375C CPU @ 2.90GHz,Intel(R) Xeon(R) Platinum 8375C CPU @ 2.90GHz,Intel
i4i.8xlarge,us-east-1,use1-az6,3,50.0,50.0,1.5,2.746,1.1763,57,i4i,Storage,i,32.0,256.0,28985.5594,Intel(R) Xeon(R) Platinum 8375C CPU @ 2.90GHz,Intel(R) Xeon(R) Platinum 8375C CPU @ 2.90GHz,Intel
i4i.large,us-east-1,use1-az1,3,5.0,5.0,2.5,0.172,0.053,69,i4i,Storage,i,2.0,16.0,28985.5594,Intel(R) Xeon(R) Platinum 8375C CPU @ 2.90GHz,Intel(R) Xeon(R) Platinum 8375C CPU @ 2.90GHz,Intel
i4i.large,us-east-1,use1-az2,3,40.0,50.0,2.5,0.172,0.0523,69,i4i,Storage,i,2.0,16.0,28985.5594,Intel(R) Xeon(R) Platinum 8375C CPU @ 2.90GHz,Intel(R) Xeon(R) Platinum 8375C CPU @ 2.90GHz,Intel
i4i.large,us-east-1,use1-az4,3,50.0,50.0,2.5,0.172,0.0521,69,i4i,Storage,i,2.0,16.0,28985.5594,Intel(R) Xeon(R) Platinum 8375C CPU @ 2.90GHz,Intel(R) Xeon(R) Platinum 8375C CPU @ 2.90GHz,Intel
i4i.large,us-east-1,use1-az5,3,5.0,5.0,2.5,0.172,0.0439,74,i4i,Storage,i,2.0,16.0,28985.5594,Intel(R) Xeon(R) Platinum 8375C CPU @ 2.90GHz,Intel(R) Xeon(R) Platinum 8375C CPU @ 2.90GHz,Intel
i4i.large,us-east-1,use1-az6,3,50.0,50.0,2.5,0.172,0.0498,71,i4i,Storage,i,2.0,16.0,28985.5594,Intel(R) Xeon(R) Platinum 8375C CPU @ 2.90GHz,Intel(R) Xeon(R) Platinum 8375C CPU @ 2.90GHz,Intel
i4i.xlarge,us-east-1,use1-az1,3,50.0,50.0,3.0,0.343,0.1619,52,i4i,Storage,i,4.0,32.0,28985.5594,Intel(R) Xeon(R) Platinum 8375C CPU @ 2.90GHz,Intel(R) Xeon(R) Platinum 8375C CPU @ 2.90GHz,Intel
i4i.xlarge,us-east-1,use1-az2,3,50.0,50.0,3.0,0.343,0.1257,63,i4i,Storage,i,4.0,32.0,28985.5594,Intel(R) Xeon(R) Platinum 8375C CPU @ 2.90GHz,Intel(R) Xeon(R) Platinum 8375C CPU @ 2.90GHz,Intel
i4i.xlarge,us-east-1,use1-az4,3,50.0,50.0,3.0,0.343,0.1344,60,i4i,Storage,i,4.0,32.0,28985.5594,Intel(R) Xeon(R) Platinum 8375C CPU @ 2.90GHz,Intel(R) Xeon(R) Platinum 8375C CPU @ 2.90GHz,Intel
i4i.xlarge,us-east-1,use1-az5,3,1.0,5.0,3.0,0.343,0.1783,48,i4i,Storage,i,4.0,32.0,28985.5594,Intel(R) Xeon(R) Platinum 8375C CPU @ 2.90GHz,Intel(R) Xeon(R) Platinum 8375C CPU @ 2.90GHz,Intel
i4i.xlarge,us-east-1,use1-az6,3,50.0,50.0,3.0,0.343,0.1128,67,i4i,Storage,i,4.0,32.0,28985.5594,Intel(R) Xeon(R) Platinum 8375C CPU @ 2.90GHz,Intel(R) Xeon(R) Platinum 8375C CPU @ 2.90GHz,Intel
i8g.12xlarge,us-east-1,use1-az2,1,0.0,0.0,2.5,4.1184,0.6884,83,i8g,Storage,i,48.0,384.0,28982.484259,AWS Graviton4 Processor,AWS Graviton4 Processor,AWS
i8g.12xlarge,us-east-1,use1-az4,1,0.0,0.0,2.5,4.1184,0.9414,77,i8g,Storage,i,48.0,384.0,28982.484259,AWS Graviton4 Processor,AWS Graviton4 Processor,AWS
i8g.12xlarge,us-east-1,use1-az6,2,0.0,1.0,2.5,4.1184,0.7052,82,i8g,Storage,i,48.0,384.0,28982.484259,AWS Graviton4 Processor,AWS Graviton4 Processor,AWS
i8g.16xlarge,us-east-1,use1-az2,3,1.0,1.0,3.0,5.4912,2.3811,56,i8g,Storage,i,64.0,512.0,28987.860716200004,AWS Graviton4 Processor,AWS Graviton4 Processor,AWS
i8g.16xlarge,us-east-1,use1-az4,1,0.0,0.0,3.0,5.4912,1.5962,70,i8g,Storage,i,64.0,512.0,28987.860716200004,AWS Graviton4 Processor,AWS Graviton4 Processor,AWS
i8g.16xlarge,us-east-1,use1-az6,3,1.0,5.0,3.0,5.4912,1.4781,73,i8g,Storage,i,64.0,512.0,28987.860716200004,AWS Graviton4 Processor,AWS Graviton4 Processor,AWS
i8g.24xlarge,us-east-1,use1-az2,1,0.0,0.0,1.0,8.2368,2.1984,73,i8g,Storage,i,96.0,768.0,28983.4933556,AWS Graviton4 Processor,AWS Graviton4 Processor,AWS
i8g.24xlarge,us-east-1,use1-az4,1,0.0,0.0,1.0,8.2368,2.39,70,i8g,Storage,i,96.0,768.0,28983.4933556,AWS Graviton4 Processor,AWS Graviton4 Processor,AWS
i8g.24xlarge,us-east-1,use1-az6,3,1.0,1.0,1.0,8.2368,1.7707,78,i8g,Storage,i,96.0,768.0,28983.4933556,AWS Graviton4 Processor,AWS Graviton4 Processor,AWS
i8g.2xlarge,us-east-1,use1-az2,3,1.0,1.0,2.5,0.6864,0.1986,71,i8g,Storage,i,8.0,64.0,28981.1396044,AWS Graviton4 Processor,AWS Graviton4 Processor,AWS
i8g.2xlarge,us-east-1,use1-az4,1,0.0,0.0,2.5,0.6864,0.2857,58,i8g,Storage,i,8.0,64.0,28981.1396044,AWS Graviton4 Processor,AWS Graviton4 Processor,AWS
i8g.2xlarge,us-east-1,use1-az6,3,5.0,5.0,2.5,0.6864,0.1895,72,i8g,Storage,i,8.0,64.0,28981.1396044,AWS Graviton4 Processor,AWS Graviton4 Processor,AWS
i8g.48xlarge,us-east-1,use1-az2,2,0.0,1.0,2.0,16.4736,1.8932,88,i8g,Storage,i,192.0,1536.0,27921.5754906,AWS Graviton4 Processor,AWS Graviton4 Processor,AWS
i8g.48xlarge,us-east-1,use1-az4,1,0.0,0.0,2.0,16.4736,2.1058,87,i8g,Storage,i,192.0,1536.0,27921.5754906,AWS Graviton4 Processor,AWS Graviton4 Processor,AWS
i8g.48xlarge,us-east-1,use1-az6,3,,,2.0,16.4736,2.1609,86,i8g,Storage,i,192.0,1536.0,27921.5754906,AWS Graviton4 Processor,AWS Graviton4 Processor,AWS
i8g.4xlarge,us-east-1,use1-az2,2,0.0,1.0,1.5,1.3728,0.2256,83,i8g,Storage,i,16.0,128.0,28943.9671958,AWS Graviton4 Processor,AWS Graviton4 Processor,AWS
i8g.4xlarge,us-east-1,use1-az4,1,0.0,0.0,1.5,1.3728,0.4052,70,i8g,Storage,i,16.0,128.0,28943.9671958,AWS Graviton4 Processor,AWS Graviton4 Processor,AWS
i8g.4xlarge,us-east-1,use1-az6,3,1.0,5.0,1.5,1.3728,0.3572,73,i8g,Storage,i,16.0,128.0,28943.9671958,AWS Graviton4 Processor,AWS Graviton4 Processor,AWS
i8g.8xlarge,us-east-1,use1-az2,1,0.0,0.0,1.0,2.7456,0.5032,81,i8g,Storage,i,32.0,256.0,28983.8282712,AWS Graviton4 Processor,AWS Graviton4 Processor,AWS
i8g.8xlarge,us-east-1,use1-az4,1,0.0,0.0,1.0,2.7456,0.8024,70,i8g,Storage,i,32.0,256.0,28983.8282712,AWS Graviton4 Processor,AWS Graviton4 Processor,AWS
i8g.8xlarge,us-east-1,use1-az6,3,1.0,5.0,1.0,2.7456,0.7624,72,i8g,Storage,i,32.0,256.0,28983.8282712,AWS Graviton4 Processor,AWS Graviton4 Processor,AWS
i8g.large,us-east-1,use1-az2,3,10.0,15.0,3.0,0.1716,0.0531,69,i8g,Storage,i,2.0,16.0,28984.5006812,AWS Graviton4 Processor,AWS Graviton4 Processor,AWS
i8g.large,us-east-1,use1-az4,3,5.0,10.0,3.0,0.1716,0.0592,65,i8g,Storage,i,2.0,16.0,28984.5006812,AWS Graviton4 Processor,AWS Graviton4 Processor,AWS
i8g.large,us-east-1,use1-az6,3,20.0,35.0,3.0,0.1716,0.049,71,i8g,Storage,i,2.0,16.0,28984.5006812,AWS Graviton4 Processor,AWS Graviton4 Processor,AWS
i8g.xlarge,us-east-1,use1-az2,3,1.0,1.0,3.0,0.3432,0.1079,68,i8g,Storage,i,4.0,32.0,28985.8445084,AWS Graviton4 Processor,AWS Graviton4 Processor,AWS
i8g.xlarge,us-east-1,use1-az4,1,0.0,0.0,3.0,0.3432,0.1383,59,i8g,Storage,i,4.0,32.0,28985.8445084,AWS Graviton4 Processor,AWS Graviton4 Processor,AWS
i8g.xlarge,us-east-1,use1-az6,3,5.0,10.0,3.0,0.3432,0.0987,71,i8g,Storage,i,4.0,32.0,28985.8445084,AWS Graviton4 Processor,AWS Graviton4 Processor,AWS
im4gn.16xlarge,us-east-1,use1-az1,3,1.0,5.0,3.0,5.82067,1.3302,77,im4gn,Storage,im,64.0,256.0,19336.1335,AWS Graviton2 Processor,Neoverse-N1,AWS
im4gn.16xlarge,us-east-1,use1-az2,3,5.0,10.0,3.0,5.82067,0.8793,84,im4gn,Storage,im,64.0,256.0,19336.1335,AWS Graviton2 Processor,Neoverse-N1,AWS
im4gn.16xlarge,us-east-1,use1-az4,3,25.0,35.0,3.0,5.82067,0.7922,86,im4gn,Storage,im,64.0,256.0,19336.1335,AWS Graviton2 Processor,Neoverse-N1,AWS
im4gn.16xlarge,us-east-1,use1-az6,3,30.0,50.0,3.0,5.82067,0.9455,83,im4gn,Storage,im,64.0,256.0,19336.1335,AWS Graviton2 Processor,Neoverse-N1,AWS
im4gn.2xlarge,us-east-1,use1-az1,3,10.0,15.0,3.0,0.72758,0.2015,72,im4gn,Storage,im,8.0,32.0,19336.1335,AWS Graviton2 Processor,Neoverse-N1,AWS
im4gn.2xlarge,us-east-1,use1-az2,3,15.0,25.0,3.0,0.72758,0.1303,82,im4gn,Storage,im,8.0,32.0,19336.1335,AWS Graviton2 Processor,Neoverse-N1,AWS
im4gn.2xlarge,us-east-1,use1-az4,3,30.0,45.0,3.0,0.72758,0.1302,82,im4gn,Storage,im,8.0,32.0,19336.1335,AWS Graviton2 Processor,Neoverse-N1,AWS
im4gn.2xlarge,us-east-1,use1-az6,3,35.0,50.0,3.0,0.72758,0.1455,80,im4gn,Storage,im,8.0,32.0,19336.1335,AWS Graviton2 Processor,Neoverse-N1,AWS
im4gn.4xlarge,us-east-1,use1-az1,3,5.0,10.0,3.0,1.45517,0.3896,73,im4gn,Storage,im,16.0,64.0,19336.1335,AWS Graviton2 Processor,Neoverse-N1,AWS
im4gn.4xlarge,us-east-1,use1-az2,3,50.0,50.0,3.0,1.45517,0.2847,80,im4gn,Storage,im,16.0,64.0,19336.1335,AWS Graviton2 Processor,Neoverse-N1,AWS
im4gn.4xlarge,us-east-1,use1-az4,3,50.0,50.0,3.0,1.45517,0.3868,73,im4gn,Storage,im,16.0,64.0,19336.1335,AWS Graviton2 Processor,Neoverse-N1,AWS
im4gn.4xlarge,us-east-1,use1-az6,3,50.0,50.0,3.0,1.45517,0.254,82,im4gn,Storage,im,16.0,64.0,19336.1335,AWS Graviton2 Processor,Neoverse-N1,AWS
im4gn.8xlarge,us-east-1,use1-az1,3,1.0,1.0,3.0,2.91034,0.8669,70,im4gn,Storage,im,32.0,128.0,19336.1335,AWS Graviton2 Processor,Neoverse-N1,AWS
im4gn.8xlarge,us-east-1,use1-az2,3,15.0,20.0,3.0,2.91034,0.823,71,im4gn,Storage,im,32.0,128.0,19336.1335,AWS Graviton2 Processor,Neoverse-N1,AWS
im4gn.8xlarge,us-east-1,use1-az4,3,20.0,35.0,3.0,2.91034,0.8501,70,im4gn,Storage,im,32.0,128.0,19336.1335,AWS Graviton2 Processor,Neoverse-N1,AWS
im4gn.8xlarge,us-east-1,use1-az6,3,30.0,45.0,3.0,2.91034,0.6644,77,im4gn,Storage,im,32.0,128.0,19336.1335,AWS Graviton2 Processor,Neoverse-N1,AWS
im4gn.large,us-east-1,use1-az1,3,25.0,40.0,3.0,0.1819,0.065,64,im4gn,Storage,im,2.0,8.0,19336.1335,AWS Graviton2 Processor,Neoverse-N1,AWS
im4gn.large,us-east-1,use1-az2,3,50.0,50.0,3.0,0.1819,0.0613,66,im4gn,Storage,im,2.0,8.0,19336.1335,AWS Graviton2 Processor,Neoverse-N1,AWS
im4gn.large,us-east-1,use1-az4,3,50.0,50.0,3.0,0.1819,0.059,67,im4gn,Storage,im,2.0,8.0,19336.1335,AWS Graviton2 Processor,Neoverse-N1,AWS
im4gn.large,us-east-1,use1-az6,3,50.0,50.0,3.0,0.1819,0.0541,70,im4gn,Storage,im,2.0,8.0,19336.1335,AWS Graviton2 Processor,Neoverse-N1,AWS
im4gn.xlarge,us-east-1,use1-az1,3,20.0,25.0,3.0,0.36379,0.1101,69,im4gn,Storage,im,4.0,16.0,19336.1335,AWS Graviton2 Processor,Neoverse-N1,AWS
im4gn.xlarge,us-east-1,use1-az2,3,15.0,25.0,3.0,0.36379,0.1095,69,im4gn,Storage,im,4.0,16.0,19336.1335,AWS Graviton2 Processor,Neoverse-N1,AWS
im4gn.xlarge,us-east-1,use1-az4,3,45.0,50.0,3.0,0.36379,0.102,71,im4gn,Storage,im,4.0,16.0,19336.1335,AWS Graviton2 Processor,Neoverse-N1,AWS
im4gn.xlarge,us-east-1,use1-az6,3,40.0,50.0,3.0,0.36379,0.1027,71,im4gn,Storage,im,4.0,16.0,19336.1335,AWS Graviton2 Processor,Neoverse-N1,AWS
inf1.24xlarge,us-east-1,use1-az1,1,0.0,0.0,1.0,4.721,1.321,72,inf1,AC,inf,96.0,192.0,28252.2637,Intel(R) Xeon(R) Platinum 8275CL CPU @ 3.00GHz,Intel(R) Xeon(R) Platinum 8275CL CPU @ 3.00GHz,Intel
inf1.24xlarge,us-east-1,use1-az2,1,0.0,0.0,1.0,4.721,2.3797,49,inf1,AC,inf,96.0,192.0,28252.2637,Intel(R) Xeon(R) Platinum 8275CL CPU @ 3.00GHz,Intel(R) Xeon(R) Platinum 8275CL CPU @ 3.00GHz,Intel
inf1.24xlarge,us-east-1,use1-az4,1,0.0,0.0,1.0,4.721,1.1376,75,inf1,AC,inf,96.0,192.0,28252.2637,Intel(R) Xeon(R) Platinum 8275CL CPU @ 3.00GHz,Intel(R) Xeon(R) Platinum 8275CL CPU @ 3.00GHz,Intel
inf1.24xlarge,us-east-1,use1-az5,2,0.0,1.0,1.0,4.721,0.6618,85,inf1,AC,inf,96.0,192.0,28252.2637,Intel(R) Xeon(R) Platinum 8275CL CPU @ 3.00GHz,Intel(R) Xeon(R) Platinum 8275CL CPU @ 3.00GHz,Intel
inf1.24xlarge,us-east-1,use1-az6,3,1.0,5.0,1.0,4.721,1.1416,75,inf1,AC,inf,96.0,192.0,28252.2637,Intel(R) Xeon(R) Platinum 8275CL CPU @ 3.00GHz,Intel(R) Xeon(R) Platinum 8275CL CPU @ 3.00GHz,Intel
inf1.2xlarge,us-east-1,use1-az1,3,1.0,5.0,1.0,0.362,0.1026,71,inf1,AC,inf,8.0,16.0,28252.2637,Intel(R) Xeon(R) Platinum 8275CL CPU @ 3.00GHz,Intel(R) Xeon(R) Platinum 8275CL CPU @ 3.00GHz,Intel
inf1.2xlarge,us-east-1,use1-az2,1,0.0,0.0,1.0,0.362,0.1055,70,inf1,AC,inf,8.0,16.0,28252.2637,Intel(R) Xeon(R) Platinum 8275CL CPU @ 3.00GHz,Intel(R) Xeon(R) Platinum 8275CL CPU @ 3.00GHz,Intel
inf1.2xlarge,us-east-1,use1-az4,3,15.0,20.0,1.0,0.362,0.1069,70,inf1,AC,inf,8.0,16.0,28252.2637,Intel(R) Xeon(R) Platinum 8275CL CPU @ 3.00GHz,Intel(R) Xeon(R) Platinum 8275CL CPU @ 3.00GHz,Intel
inf1.2xlarge,us-east-1,use1-az5,3,20.0,20.0,1.0,0.362,0.0963,73,inf1,AC,inf,8.0,16.0,28252.2637,Intel(R) Xeon(R) Platinum 8275CL CPU @ 3.00GHz,Intel(R) Xeon(R) Platinum 8275CL CPU @ 3.00GHz,Intel
inf1.2xlarge,us-east-1,use1-az6,3,35.0,50.0,1.0,0.362,0.1007,72,inf1,AC,inf,8.0,16.0,28252.2637,Intel(R) Xeon(R) Platinum 8275CL CPU @ 3.00GHz,Intel(R) Xeon(R) Platinum 8275CL CPU @ 3.00GHz,Intel
inf1.6xlarge,us-east-1,use1-az1,1,0.0,0.0,1.0,1.18,0.547,53,inf1,AC,inf,24.0,48.0,28252.2637,Intel(R) Xeon(R) Platinum 8275CL CPU @ 3.00GHz,Intel(R) Xeon(R) Platinum 8275CL CPU @ 3.00GHz,Intel
inf1.6xlarge,us-east-1,use1-az2,1,0.0,0.0,1.0,1.18,0.6596,44,inf1,AC,inf,24.0,48.0,28252.2637,Intel(R) Xeon(R) Platinum 8275CL CPU @ 3.00GHz,Intel(R) Xeon(R) Platinum 8275CL CPU @ 3.00GHz,Intel
inf1.6xlarge,us-east-1,use1-az4,3,1.0,5.0,1.0,1.18,0.3488,70,inf1,AC,inf,24.0,48.0,28252.2637,Intel(R) Xeon(R) Platinum 8275CL CPU @ 3.00GHz,Intel(R) Xeon(R) Platinum 8275CL CPU @ 3.00GHz,Intel
inf1.6xlarge,us-east-1,use1-az5,3,1.0,1.0,1.0,1.18,0.3088,73,inf1,AC,inf,24.0,48.0,28252.2637,Intel(R) Xeon(R) Platinum 8275CL CPU @ 3.00GHz,Intel(R) Xeon(R) Platinum 8275CL CPU @ 3.00GHz,Intel
inf1.6xlarge,us-east-1,use1-az6,3,5.0,10.0,1.0,1.18,0.3154,73,inf1,AC,inf,24.0,48.0,28252.2637,Intel(R) Xeon(R) Platinum 8275CL CPU @ 3.00GHz,Intel(R) Xeon(R) Platinum 8275CL CPU @ 3.00GHz,Intel
inf1.xlarge,us-east-1,use1-az1,3,5.0,5.0,1.0,0.228,0.0633,72,inf1,AC,inf,4.0,8.0,28252.2637,Intel(R) Xeon(R) Platinum 8275CL CPU @ 3.00GHz,Intel(R) Xeon(R) Platinum 8275CL CPU @ 3.00GHz,Intel
inf1.xlarge,us-east-1,use1-az2,1,0.0,0.0,1.0,0.228,0.0644,71,inf1,AC,inf,4.0,8.0,28252.2637,Intel(R) Xeon(R) Platinum 8275CL CPU @ 3.00GHz,Intel(R) Xeon(R) Platinum 8275CL CPU @ 3.00GHz,Intel
inf1.xlarge,us-east-1,use1-az4,3,25.0,40.0,1.0,0.228,0.068,70,inf1,AC,inf,4.0,8.0,28252.2637,Intel(R) Xeon(R) Platinum 8275CL CPU @ 3.00GHz,Intel(R) Xeon(R) Platinum 8275CL CPU @ 3.00GHz,Intel
inf1.xlarge,us-east-1,use1-az5,3,30.0,45.0,1.0,0.228,0.0602,73,inf1,AC,inf,4.0,8.0,28252.2637,Intel(R) Xeon(R) Platinum 8275CL CPU @ 3.00GHz,Intel(R) Xeon(R) Platinum 8275CL CPU @ 3.00GHz,Intel
inf1.xlarge,us-east-1,use1-az6,3,40.0,50.0,1.0,0.228,0.0644,71,inf1,AC,inf,4.0,8.0,28252.2637,Intel(R) Xeon(R) Platinum 8275CL CPU @ 3.00GHz,Intel(R) Xeon(R) Platinum 8275CL CPU @ 3.00GHz,Intel
inf2.24xlarge,us-east-1,use1-az2,3,25.0,35.0,3.0,6.49063,1.7041,73,inf2,AC,inf,96.0,384.0,33539.1601,AMD EPYC 7R13 Processor,AMD EPYC 7R13,AMD
inf2.24xlarge,us-east-1,use1-az4,3,50.0,50.0,3.0,6.49063,1.0544,83,inf2,AC,inf,96.0,384.0,33539.1601,AMD EPYC 7R13 Processor,AMD EPYC 7R13,AMD
inf2.24xlarge,us-east-1,use1-az5,3,5.0,5.0,3.0,6.49063,1.4247,78,inf2,AC,inf,96.0,384.0,33539.1601,AMD EPYC 7R13 Processor,AMD EPYC 7R13,AMD
inf2.24xlarge,us-east-1,use1-az6,3,50.0,50.0,3.0,6.49063,0.9357,85,inf2,AC,inf,96.0,384.0,33539.1601,AMD EPYC 7R13 Processor,AMD EPYC 7R13,AMD
inf2.48xlarge,us-east-1,use1-az2,3,20.0,30.0,3.0,12.98127,1.9791,84,inf2,AC,inf,192.0,768.0,33539.1601,AMD EPYC 7R13 Processor,AMD EPYC 7R13,AMD
inf2.48xlarge,us-east-1,use1-az4,3,50.0,50.0,3.0,12.98127,1.6944,86,inf2,AC,inf,192.0,768.0,33539.1601,AMD EPYC 7R13 Processor,AMD EPYC 7R13,AMD
inf2.48xlarge,us-east-1,use1-az5,3,25.0,40.0,3.0,12.98127,1.7637,86,inf2,AC,inf,192.0,768.0,33539.1601,AMD EPYC 7R13 Processor,AMD EPYC 7R13,AMD
inf2.48xlarge,us-east-1,use1-az6,3,50.0,50.0,3.0,12.98127,1.6944,86,inf2,AC,inf,192.0,768.0,33539.1601,AMD EPYC 7R13 Processor,AMD EPYC 7R13,AMD
inf2.8xlarge,us-east-1,use1-az2,3,1.0,1.0,3.0,1.96786,0.5954,69,inf2,AC,inf,32.0,128.0,33539.1601,AMD EPYC 7R13 Processor,AMD EPYC 7R13,AMD
inf2.8xlarge,us-east-1,use1-az4,3,5.0,5.0,3.0,1.96786,0.592,69,inf2,AC,inf,32.0,128.0,33539.1601,AMD EPYC 7R13 Processor,AMD EPYC 7R13,AMD
inf2.8xlarge,us-east-1,use1-az5,3,5.0,5.0,3.0,1.96786,0.5814,70,inf2,AC,inf,32.0,128.0,33539.1601,AMD EPYC 7R13 Processor,AMD EPYC 7R13,AMD
inf2.8xlarge,us-east-1,use1-az6,3,10.0,10.0,3.0,1.96786,0.5705,71,inf2,AC,inf,32.0,128.0,33539.1601,AMD EPYC 7R13 Processor,AMD EPYC 7R13,AMD
inf2.xlarge,us-east-1,use1-az2,3,50.0,50.0,3.0,0.7582,0.1597,78,inf2,AC,inf,4.0,16.0,33539.1601,AMD EPYC 7R13 Processor,AMD EPYC 7R13,AMD
inf2.xlarge,us-east-1,use1-az4,3,50.0,50.0,3.0,0.7582,0.1542,79,inf2,AC,inf,4.0,16.0,33539.1601,AMD EPYC 7R13 Processor,AMD EPYC 7R13,AMD
inf2.xlarge,us-east-1,use1-az5,3,35.0,50.0,3.0,0.7582,0.1612,78,inf2,AC,inf,4.0,16.0,33539.1601,AMD EPYC 7R13 Processor,AMD EPYC 7R13,AMD
inf2.xlarge,us-east-1,use1-az6,3,50.0,50.0,3.0,0.7582,0.1259,83,inf2,AC,inf,4.0,16.0,33539.1601,AMD EPYC 7R13 Processor,AMD EPYC 7R13,AMD
is4gen.2xlarge,us-east-1,use1-az1,3,5.0,10.0,3.0,1.1526,0.3417,70,is4gen,Storage,is,8.0,48.0,19336.1335,AWS Graviton2 Processor,Neoverse-N1,AWS
is4gen.2xlarge,us-east-1,use1-az2,3,50.0,50.0,3.0,1.1526,0.1732,84,is4gen,Storage,is,8.0,48.0,19336.1335,AWS Graviton2 Processor,Neoverse-N1,AWS
is4gen.2xlarge,us-east-1,use1-az4,3,50.0,50.0,3.0,1.1526,0.296,74,is4gen,Storage,is,8.0,48.0,19336.1335,AWS Graviton2 Processor,Neoverse-N1,AWS
is4gen.2xlarge,us-east-1,use1-az6,3,50.0,50.0,3.0,1.1526,0.3155,72,is4gen,Storage,is,8.0,48.0,19336.1335,AWS Graviton2 Processor,Neoverse-N1,AWS
is4gen.4xlarge,us-east-1,use1-az1,3,5.0,10.0,1.0,2.3052,0.6115,73,is4gen,Storage,is,16.0,96.0,19336.1335,AWS Graviton2 Processor,Neoverse-N1,AWS
is4gen.4xlarge,us-east-1,use1-az2,3,5.0,10.0,1.0,2.3052,0.8161,64,is4gen,Storage,is,16.0,96.0,19336.1335,AWS Graviton2 Processor,Neoverse-N1,AWS
is4gen.4xlarge,us-east-1,use1-az4,3,10.0,20.0,1.0,2.3052,0.6682,71,is4gen,Storage,is,16.0,96.0,19336.1335,AWS Graviton2 Processor,Neoverse-N1,AWS
is4gen.4xlarge,us-east-1,use1-az6,3,15.0,20.0,1.0,2.3052,0.6503,71,is4gen,Storage,is,16.0,96.0,19336.1335,AWS Graviton2 Processor,Neoverse-N1,AWS
is4gen.8xlarge,us-east-1,use1-az1,3,1.0,1.0,3.0,4.6104,0.6778,85,is4gen,Storage,is,32.0,192.0,19336.1335,AWS Graviton2 Processor,Neoverse-N1,AWS
is4gen.8xlarge,us-east-1,use1-az2,3,15.0,20.0,3.0,4.6104,0.6054,86,is4gen,Storage,is,32.0,192.0,19336.1335,AWS Graviton2 Processor,Neoverse-N1,AWS
is4gen.8xlarge,us-east-1,use1-az4,3,50.0,50.0,3.0,4.6104,0.8552,81,is4gen,Storage,is,32.0,192.0,19336.1335,AWS Graviton2 Processor,Neoverse-N1,AWS
is4gen.8xlarge,us-east-1,use1-az6,3,5.0,10.0,3.0,4.6104,0.8565,81,is4gen,Storage,is,32.0,192.0,19336.1335,AWS Graviton2 Processor,Neoverse-N1,AWS
is4gen.large,us-east-1,use1-az1,3,20.0,25.0,3.0,0.28815,0.1222,57,is4gen,Storage,is,2.0,12.0,19336.1335,AWS Graviton2 Processor,Neoverse-N1,AWS
is4gen.large,us-east-1,use1-az2,3,20.0,30.0,3.0,0.28815,0.1089,62,is4gen,Storage,is,2.0,12.0,19336.1335,AWS Graviton2 Processor,Neoverse-N1,AWS
is4gen.large,us-east-1,use1-az4,3,35.0,50.0,3.0,0.28815,0.105,63,is4gen,Storage,is,2.0,12.0,19336.1335,AWS Graviton2 Processor,Neoverse-N1,AWS
is4gen.large,us-east-1,use1-az6,3,50.0,50.0,3.0,0.28815,0.0902,68,is4gen,Storage,is,2.0,12.0,19336.1335,AWS Graviton2 Processor,Neoverse-N1,AWS
is4gen.medium,us-east-1,use1-az1,3,50.0,50.0,2.5,0.14408,0.0167,88,is4gen,Storage,is,1.0,6.0,19336.1335,AWS Graviton2 Processor,Neoverse-N1,AWS
is4gen.medium,us-east-1,use1-az2,3,50.0,50.0,2.5,0.14408,0.0175,87,is4gen,Storage,is,1.0,6.0,19336.1335,AWS Graviton2 Processor,Neoverse-N1,AWS
is4gen.medium,us-east-1,use1-az4,3,50.0,50.0,2.5,0.14408,0.0208,85,is4gen,Storage,is,1.0,6.0,19336.1335,AWS Graviton2 Processor,Neoverse-N1,AWS
is4gen.medium,us-east-1,use1-az6,3,50.0,50.0,2.5,0.14408,0.0164,88,is4gen,Storage,is,1.0,6.0,19336.1335,AWS Graviton2 Processor,Neoverse-N1,AWS
is4gen.xlarge,us-east-1,use1-az1,3,1.0,5.0,3.0,0.5763,0.1874,67,is4gen,Storage,is,4.0,24.0,19336.1335,AWS Graviton2 Processor,Neoverse-N1,AWS
is4gen.xlarge,us-east-1,use1-az2,3,10.0,15.0,3.0,0.5763,0.1801,68,is4gen,Storage,is,4.0,24.0,19336.1335,AWS Graviton2 Processor,Neoverse-N1,AWS
is4gen.xlarge,us-east-1,use1-az4,3,10.0,15.0,3.0,0.5763,0.2649,54,is4gen,Storage,is,4.0,24.0,19336.1335,AWS Graviton2 Processor,Neoverse-N1,AWS
is4gen.xlarge,us-east-1,use1-az6,3,10.0,20.0,3.0,0.5763,0.2214,61,is4gen,Storage,is,4.0,24.0,19336.1335,AWS Graviton2 Processor,Neoverse-N1,AWS
m5.12xlarge,us-east-1,use1-az1,3,5.0,10.0,1.0,2.304,0.7019,69,m5,General,m,48.0,192.0,23311.874026,Intel(R) Xeon(R) Platinum 8259CL CPU @ 2.50GHz,Intel(R) Xeon(R) Platinum 8259CL CPU @ 2.50GHz,Intel
m5.12xlarge,us-east-1,use1-az2,3,20.0,40.0,1.0,2.304,0.6464,71,m5,General,m,48.0,192.0,23311.874026,Intel(R) Xeon(R) Platinum 8259CL CPU @ 2.50GHz,Intel(R) Xeon(R) Platinum 8259CL CPU @ 2.50GHz,Intel
m5.12xlarge,us-east-1,use1-az4,3,40.0,50.0,1.0,2.304,0.6549,71,m5,General,m,48.0,192.0,23311.874026,Intel(R) Xeon(R) Platinum 8259CL CPU @ 2.50GHz,Intel(R) Xeon(R) Platinum 8259CL CPU @ 2.50GHz,Intel
m5.12xlarge,us-east-1,use1-az5,3,1.0,1.0,1.0,2.304,0.7014,69,m5,General,m,48.0,192.0,23311.874026,Intel(R) Xeon(R) Platinum 8259CL CPU @ 2.50GHz,Intel(R) Xeon(R) Platinum 8259CL CPU @ 2.50GHz,Intel
m5.12xlarge,us-east-1,use1-az6,3,50.0,50.0,1.0,2.304,0.6676,71,m5,General,m,48.0,192.0,23311.874026,Intel(R) Xeon(R) Platinum 8259CL CPU @ 2.50GHz,Intel(R) Xeon(R) Platinum 8259CL CPU @ 2.50GHz,Intel
m5.16xlarge,us-east-1,use1-az1,3,1.0,5.0,1.0,3.072,1.0747,65,m5,General,m,64.0,256.0,21558.3255324,Intel(R) Xeon(R) Platinum 8175M CPU @ 2.50GHz,Intel(R) Xeon(R) Platinum 8175M CPU @ 2.50GHz,Intel
m5.16xlarge,us-east-1,use1-az2,3,5.0,10.0,1.0,3.072,0.9084,70,m5,General,m,64.0,256.0,21558.3255324,Intel(R) Xeon(R) Platinum 8175M CPU @ 2.50GHz,Intel(R) Xeon(R) Platinum 8175M CPU @ 2.50GHz,Intel
m5.16xlarge,us-east-1,use1-az4,3,50.0,50.0,1.0,3.072,0.8116,73,m5,General,m,64.0,256.0,21558.3255324,Intel(R) Xeon(R) Platinum 8175M CPU @ 2.50GHz,Intel(R) Xeon(R) Platinum 8175M CPU @ 2.50GHz,Intel
m5.16xlarge,us-east-1,use1-az5,1,0.0,0.0,1.0,3.072,0.7881,74,m5,General,m,64.0,256.0,21558.3255324,Intel(R) Xeon(R) Platinum 8175M CPU @ 2.50GHz,Intel(R) Xeon(R) Platinum 8175M CPU @ 2.50GHz,Intel
m5.16xlarge,us-east-1,use1-az6,3,20.0,30.0,1.0,3.072,0.9062,70,m5,General,m,64.0,256.0,21558.3255324,Intel(R) Xeon(R) Platinum 8175M CPU @ 2.50GHz,Intel(R) Xeon(R) Platinum 8175M CPU @ 2.50GHz,Intel
m5.24xlarge,us-east-1,use1-az1,3,1.0,5.0,1.0,4.608,1.1918,74,m5,General,m,96.0,384.0,25031.0445634,Intel(R) Xeon(R) Platinum 8259CL CPU @ 2.50GHz,Intel(R) Xeon(R) Platinum 8259CL CPU @ 2.50GHz,Intel
m5.24xlarge,us-east-1,use1-az2,3,5.0,10.0,1.0,4.608,1.259,72,m5,General,m,96.0,384.0,25031.0445634,Intel(R) Xeon(R) Platinum 8259CL CPU @ 2.50GHz,Intel(R) Xeon(R) Platinum 8259CL CPU @ 2.50GHz,Intel
m5.24xlarge,us-east-1,use1-az4,3,20.0,35.0,1.0,4.608,1.2775,72,m5,General,m,96.0,384.0,25031.0445634,Intel(R) Xeon(R) Platinum 8259CL CPU @ 2.50GHz,Intel(R) Xeon(R) Platinum 8259CL CPU @ 2.50GHz,Intel
m5.24xlarge,us-east-1,use1-az5,3,1.0,1.0,1.0,4.608,0.8327,81,m5,General,m,96.0,384.0,25031.0445634,Intel(R) Xeon(R) Platinum 8259CL CPU @ 2.50GHz,Intel(R) Xeon(R) Platinum 8259CL CPU @ 2.50GHz,Intel
m5.24xlarge,us-east-1,use1-az6,3,30.0,50.0,1.0,4.608,1.336,71,m5,General,m,96.0,384.0,25031.0445634,Intel(R) Xeon(R) Platinum 8259CL CPU @ 2.50GHz,Intel(R) Xeon(R) Platinum 8259CL CPU @ 2.50GHz,Intel
m5.2xlarge,us-east-1,use1-az1,3,50.0,50.0,2.5,0.384,0.1956,49,m5,General,m,8.0,32.0,21529.1949666,Intel(R) Xeon(R) Platinum 8175M CPU @ 2.50GHz,Intel(R) Xeon(R) Platinum 8175M CPU @ 2.50GHz,Intel
m5.2xlarge,us-east-1,use1-az2,3,50.0,50.0,2.5,0.384,0.1655,56,m5,General,m,8.0,32.0,21529.1949666,Intel(R) Xeon(R) Platinum 8175M CPU @ 2.50GHz,Intel(R) Xeon(R) Platinum 8175M CPU @ 2.50GHz,Intel
m5.2xlarge,us-east-1,use1-az4,3,50.0,50.0,2.5,0.384,0.1608,58,m5,General,m,8.0,32.0,21529.1949666,Intel(R) Xeon(R) Platinum 8175M CPU @ 2.50GHz,Intel(R) Xeon(R) Platinum 8175M CPU @ 2.50GHz,Intel
m5.2xlarge,us-east-1,use1-az5,3,50.0,50.0,2.5,0.384,0.1922,49,m5,General,m,8.0,32.0,21529.1949666,Intel(R) Xeon(R) Platinum 8175M CPU @ 2.50GHz,Intel(R) Xeon(R) Platinum 8175M CPU @ 2.50GHz,Intel
m5.2xlarge,us-east-1,use1-az6,3,50.0,50.0,2.5,0.384,0.173,54,m5,General,m,8.0,32.0,21529.1949666,Intel(R) Xeon(R) Platinum 8175M CPU @ 2.50GHz,Intel(R) Xeon(R) Platinum 8175M CPU @ 2.50GHz,Intel
m5.4xlarge,us-east-1,use1-az1,3,50.0,50.0,1.5,0.768,0.3455,55,m5,General,m,16.0,64.0,22261.6066038,Intel(R) Xeon(R) Platinum 8259CL CPU @ 2.50GHz,Intel(R) Xeon(R) Platinum 8259CL CPU @ 2.50GHz,Intel
m5.4xlarge,us-east-1,use1-az2,3,50.0,50.0,1.5,0.768,0.3133,59,m5,General,m,16.0,64.0,22261.6066038,Intel(R) Xeon(R) Platinum 8259CL CPU @ 2.50GHz,Intel(R) Xeon(R) Platinum 8259CL CPU @ 2.50GHz,Intel
m5.4xlarge,us-east-1,use1-az4,3,50.0,50.0,1.5,0.768,0.3111,59,m5,General,m,16.0,64.0,22261.6066038,Intel(R) Xeon(R) Platinum 8259CL CPU @ 2.50GHz,Intel(R) Xeon(R) Platinum 8259CL CPU @ 2.50GHz,Intel
m5.4xlarge,us-east-1,use1-az5,3,50.0,50.0,1.5,0.768,0.3374,56,m5,General,m,16.0,64.0,22261.6066038,Intel(R) Xeon(R) Platinum 8259CL CPU @ 2.50GHz,Intel(R) Xeon(R) Platinum 8259CL CPU @ 2.50GHz,Intel
m5.4xlarge,us-east-1,use1-az6,3,50.0,50.0,1.5,0.768,0.2764,64,m5,General,m,16.0,64.0,22261.6066038,Intel(R) Xeon(R) Platinum 8259CL CPU @ 2.50GHz,Intel(R) Xeon(R) Platinum 8259CL CPU @ 2.50GHz,Intel
m5.8xlarge,us-east-1,use1-az1,3,30.0,50.0,1.0,1.536,0.4565,70,m5,General,m,32.0,128.0,21539.2119136,Intel(R) Xeon(R) Platinum 8259CL CPU @ 2.50GHz,Intel(R) Xeon(R) Platinum 8259CL CPU @ 2.50GHz,Intel
m5.8xlarge,us-east-1,use1-az2,3,20.0,35.0,1.0,1.536,0.544,64,m5,General,m,32.0,128.0,21539.2119136,Intel(R) Xeon(R) Platinum 8259CL CPU @ 2.50GHz,Intel(R) Xeon(R) Platinum 8259CL CPU @ 2.50GHz,Intel
m5.8xlarge,us-east-1,use1-az4,3,50.0,50.0,1.0,1.536,0.5039,67,m5,General,m,32.0,128.0,21539.2119136,Intel(R) Xeon(R) Platinum 8259CL CPU @ 2.50GHz,Intel(R) Xeon(R) Platinum 8259CL CPU @ 2.50GHz,Intel
m5.8xlarge,us-east-1,use1-az5,3,10.0,10.0,1.0,1.536,0.4209,72,m5,General,m,32.0,128.0,21539.2119136,Intel(R) Xeon(R) Platinum 8259CL CPU @ 2.50GHz,Intel(R) Xeon(R) Platinum 8259CL CPU @ 2.50GHz,Intel
m5.8xlarge,us-east-1,use1-az6,3,50.0,50.0,1.0,1.536,0.513,66,m5,General,m,32.0,128.0,21539.2119136,Intel(R) Xeon(R) Platinum 8259CL CPU @ 2.50GHz,Intel(R) Xeon(R) Platinum 8259CL CPU @ 2.50GHz,Intel
m5.large,us-east-1,use1-az1,3,50.0,50.0,2.0,0.096,0.0323,66,m5,General,m,2.0,8.0,21487.9145914,Intel(R) Xeon(R) Platinum 8175M CPU @ 2.50GHz,Intel(R) Xeon(R) Platinum 8175M CPU @ 2.50GHz,Intel
m5.large,us-east-1,use1-az2,3,50.0,50.0,2.0,0.096,0.0292,69,m5,General,m,2.0,8.0,21487.9145914,Intel(R) Xeon(R) Platinum 8175M CPU @ 2.50GHz,Intel(R) Xeon(R) Platinum 8175M CPU @ 2.50GHz,Intel
m5.large,us-east-1,use1-az4,3,50.0,50.0,2.0,0.096,0.0283,70,m5,General,m,2.0,8.0,21487.9145914,Intel(R) Xeon(R) Platinum 8175M CPU @ 2.50GHz,Intel(R) Xeon(R) Platinum 8175M CPU @ 2.50GHz,Intel
m5.large,us-east-1,use1-az5,3,45.0,50.0,2.0,0.096,0.0343,64,m5,General,m,2.0,8.0,21487.9145914,Intel(R) Xeon(R) Platinum 8175M CPU @ 2.50GHz,Intel(R) Xeon(R) Platinum 8175M CPU @ 2.50GHz,Intel
m5.large,us-east-1,use1-az6,3,50.0,50.0,2.0,0.096,0.0359,62,m5,General,m,2.0,8.0,21487.9145914,Intel(R) Xeon(R) Platinum 8175M CPU @ 2.50GHz,Intel(R) Xeon(R) Platinum 8175M CPU @ 2.50GHz,Intel
m5.xlarge,us-east-1,use1-az1,3,50.0,50.0,1.0,0.192,0.0641,66,m5,General,m,4.0,16.0,21534.0399352,Intel(R) Xeon(R) Platinum 8259CL CPU @ 2.50GHz,Intel(R) Xeon(R) Platinum 8259CL CPU @ 2.50GHz,Intel
m5.xlarge,us-east-1,use1-az2,3,50.0,50.0,1.0,0.192,0.063,67,m5,General,m,4.0,16.0,21534.0399352,Intel(R) Xeon(R) Platinum 8259CL CPU @ 2.50GHz,Intel(R) Xeon(R) Platinum 8259CL CPU @ 2.50GHz,Intel
m5.xlarge,us-east-1,use1-az4,3,50.0,50.0,1.0,0.192,0.0616,67,m5,General,m,4.0,16.0,21534.0399352,Intel(R) Xeon(R) Platinum 8259CL CPU @ 2.50GHz,Intel(R) Xeon(R) Platinum 8259CL CPU @ 2.50GHz,Intel
m5.xlarge,us-east-1,use1-az5,3,50.0,50.0,1.0,0.192,0.0716,62,m5,General,m,4.0,16.0,21534.0399352,Intel(R) Xeon(R) Platinum 8259CL CPU @ 2.50GHz,Intel(R) Xeon(R) Platinum 8259CL CPU @ 2.50GHz,Intel
m5.xlarge,us-east-1,use1-az6,3,50.0,50.0,1.0,0.192,0.0643,66,m5,General,m,4.0,16.0,21534.0399352,Intel(R) Xeon(R) Platinum 8259CL CPU @ 2.50GHz,Intel(R) Xeon(R) Platinum 8259CL CPU @ 2.50GHz,Intel
m5a.12xlarge,us-east-1,use1-az1,3,1.0,1.0,1.0,2.064,0.7139,65,m5a,General,m,48.0,192.0,17001.2902464,AMD EPYC 7571,AMD EPYC 7571,AMD
m5a.12xlarge,us-east-1,use1-az2,3,5.0,5.0,1.0,2.064,0.7226,64,m5a,General,m,48.0,192.0,17001.2902464,AMD EPYC 7571,AMD EPYC 7571,AMD
m5a.12xlarge,us-east-1,use1-az4,3,1.0,1.0,1.0,2.064,0.7993,61,m5a,General,m,48.0,192.0,17001.2902464,AMD EPYC 7571,AMD EPYC 7571,AMD
m5a.12xlarge,us-east-1,use1-az5,2,0.0,1.0,1.0,2.064,0.7338,64,m5a,General,m,48.0,192.0,17001.2902464,AMD EPYC 7571,AMD EPYC 7571,AMD
m5a.12xlarge,us-east-1,use1-az6,3,5.0,5.0,1.0,2.064,0.6204,69,m5a,General,m,48.0,192.0,17001.2902464,AMD EPYC 7571,AMD EPYC 7571,AMD
m5a.16xlarge,us-east-1,use1-az1,3,1.0,1.0,1.0,2.752,1.1526,58,m5a,General,m,64.0,256.0,17008.674469999998,AMD EPYC 7571,AMD EPYC 7571,AMD
m5a.16xlarge,us-east-1,use1-az2,3,5.0,5.0,1.0,2.752,0.9489,65,m5a,General,m,64.0,256.0,17008.674469999998,AMD EPYC 7571,AMD EPYC 7571,AMD
m5a.16xlarge,us-east-1,use1-az4,3,1.0,5.0,1.0,2.752,0.8564,68,m5a,General,m,64.0,256.0,17008.674469999998,AMD EPYC 7571,AMD EPYC 7571,AMD
m5a.16xlarge,us-east-1,use1-az5,3,1.0,1.0,1.0,2.752,0.9917,63,m5a,General,m,64.0,256.0,17008.674469999998,AMD EPYC 7571,AMD EPYC 7571,AMD
m5a.16xlarge,us-east-1,use1-az6,3,1.0,1.0,1.0,2.752,0.9697,64,m5a,General,m,64.0,256.0,17008.674469999998,AMD EPYC 7571,AMD EPYC 7571,AMD
m5a.24xlarge,us-east-1,use1-az1,3,1.0,1.0,1.0,4.128,1.3766,66,m5a,General,m,96.0,384.0,16996.180620000003,AMD EPYC 7571,AMD EPYC 7571,AMD
m5a.24xlarge,us-east-1,use1-az2,3,10.0,20.0,1.0,4.128,1.3993,66,m5a,General,m,96.0,384.0,16996.180620000003,AMD EPYC 7571,AMD EPYC 7571,AMD
m5a.24xlarge,us-east-1,use1-az4,3,5.0,10.0,1.0,4.128,1.319,68,m5a,General,m,96.0,384.0,16996.180620000003,AMD EPYC 7571,AMD EPYC 7571,AMD
m5a.24xlarge,us-east-1,use1-az5,3,15.0,35.0,1.0,4.128,1.1719,71,m5a,General,m,96.0,384.0,16996.180620000003,AMD EPYC 7571,AMD EPYC 7571,AMD
m5a.24xlarge,us-east-1,use1-az6,3,15.0,25.0,1.0,4.128,1.3337,67,m5a,General,m,96.0,384.0,16996.180620000003,AMD EPYC 7571,AMD EPYC 7571,AMD
m5a.2xlarge,us-east-1,use1-az1,3,15.0,25.0,1.0,0.344,0.1678,51,m5a,General,m,8.0,32.0,17008.0334594,AMD EPYC 7571,AMD EPYC 7571,AMD
m5a.2xlarge,us-east-1,use1-az2,3,30.0,50.0,1.0,0.344,0.1576,54,m5a,General,m,8.0,32.0,17008.0334594,AMD EPYC 7571,AMD EPYC 7571,AMD
m5a.2xlarge,us-east-1,use1-az4,3,25.0,40.0,1.0,0.344,0.1621,52,m5a,General,m,8.0,32.0,17008.0334594,AMD EPYC 7571,AMD EPYC 7571,AMD
m5a.2xlarge,us-east-1,use1-az5,3,40.0,50.0,1.0,0.344,0.127,63,m5a,General,m,8.0,32.0,17008.0334594,AMD EPYC 7571,AMD EPYC 7571,AMD
m5a.2xlarge,us-east-1,use1-az6,3,40.0,50.0,1.0,0.344,0.1601,53,m5a,General,m,8.0,32.0,17008.0334594,AMD EPYC 7571,AMD EPYC 7571,AMD
m5a.4xlarge,us-east-1,use1-az1,3,10.0,15.0,1.0,0.688,0.2836,58,m5a,General,m,16.0,64.0,16992.7742506,AMD EPYC 7571,AMD EPYC 7571,AMD
m5a.4xlarge,us-east-1,use1-az2,3,35.0,50.0,1.0,0.688,0.2865,58,m5a,General,m,16.0,64.0,16992.7742506,AMD EPYC 7571,AMD EPYC 7571,AMD
m5a.4xlarge,us-east-1,use1-az4,3,15.0,20.0,1.0,0.688,0.2984,56,m5a,General,m,16.0,64.0,16992.7742506,AMD EPYC 7571,AMD EPYC 7571,AMD
m5a.4xlarge,us-east-1,use1-az5,3,5.0,10.0,1.0,0.688,0.3008,56,m5a,General,m,16.0,64.0,16992.7742506,AMD EPYC 7571,AMD EPYC 7571,AMD
m5a.4xlarge,us-east-1,use1-az6,3,15.0,25.0,1.0,0.688,0.2748,60,m5a,General,m,16.0,64.0,16992.7742506,AMD EPYC 7571,AMD EPYC 7571,AMD
m5a.8xlarge,us-east-1,use1-az1,3,5.0,5.0,1.0,1.376,0.6102,55,m5a,General,m,32.0,128.0,16986.5410094,AMD EPYC 7571,AMD EPYC 7571,AMD
m5a.8xlarge,us-east-1,use1-az2,3,5.0,10.0,1.0,1.376,0.6487,52,m5a,General,m,32.0,128.0,16986.5410094,AMD EPYC 7571,AMD EPYC 7571,AMD
m5a.8xlarge,us-east-1,use1-az4,3,15.0,30.0,1.0,1.376,0.6209,54,m5a,General,m,32.0,128.0,16986.5410094,AMD EPYC 7571,AMD EPYC 7571,AMD
m5a.8xlarge,us-east-1,use1-az5,3,45.0,50.0,1.0,1.376,0.4107,70,m5a,General,m,32.0,128.0,16986.5410094,AMD EPYC 7571,AMD EPYC 7571,AMD
m5a.8xlarge,us-east-1,use1-az6,3,25.0,40.0,1.0,1.376,0.4545,66,m5a,General,m,32.0,128.0,16986.5410094,AMD EPYC 7571,AMD EPYC 7571,AMD
m5a.large,us-east-1,use1-az1,3,50.0,50.0,1.5,0.086,0.0351,59,m5a,General,m,2.0,8.0,16991.2263714,AMD EPYC 7571,AMD EPYC 7571,AMD
m5a.large,us-east-1,use1-az2,3,50.0,50.0,1.5,0.086,0.0309,64,m5a,General,m,2.0,8.0,16991.2263714,AMD EPYC 7571,AMD EPYC 7571,AMD
m5a.large,us-east-1,use1-az4,3,50.0,50.0,1.5,0.086,0.0361,58,m5a,General,m,2.0,8.0,16991.2263714,AMD EPYC 7571,AMD EPYC 7571,AMD
m5a.large,us-east-1,use1-az5,3,40.0,50.0,1.5,0.086,0.0367,57,m5a,General,m,2.0,8.0,16991.2263714,AMD EPYC 7571,AMD EPYC 7571,AMD
m5a.large,us-east-1,use1-az6,3,50.0,50.0,1.5,0.086,0.0311,63,m5a,General,m,2.0,8.0,16991.2263714,AMD EPYC 7571,AMD EPYC 7571,AMD
m5a.xlarge,us-east-1,use1-az1,3,45.0,50.0,2.5,0.172,0.0825,52,m5a,General,m,4.0,16.0,16997.3469222,AMD EPYC 7571,AMD EPYC 7571,AMD
m5a.xlarge,us-east-1,use1-az2,3,50.0,50.0,2.5,0.172,0.0766,55,m5a,General,m,4.0,16.0,16997.3469222,AMD EPYC 7571,AMD EPYC 7571,AMD
m5a.xlarge,us-east-1,use1-az4,3,50.0,50.0,2.5,0.172,0.0796,53,m5a,General,m,4.0,16.0,16997.3469222,AMD EPYC 7571,AMD EPYC 7571,AMD
m5a.xlarge,us-east-1,use1-az5,3,15.0,30.0,2.5,0.172,0.0757,55,m5a,General,m,4.0,16.0,16997.3469222,AMD EPYC 7571,AMD EPYC 7571,AMD
m5a.xlarge,us-east-1,use1-az6,3,50.0,50.0,2.5,0.172,0.0802,53,m5a,General,m,4.0,16.0,16997.3469222,AMD EPYC 7571,AMD EPYC 7571,AMD
m5ad.12xlarge,us-east-1,use1-az1,2,0.0,1.0,2.0,2.472,1.4708,40,m5ad,General,m,48.0,192.0,16979.7236,AMD EPYC 7571,AMD EPYC 7571,AMD
m5ad.12xlarge,us-east-1,use1-az2,2,0.0,1.0,2.0,2.472,1.2376,49,m5ad,General,m,48.0,192.0,16979.7236,AMD EPYC 7571,AMD EPYC 7571,AMD
m5ad.12xlarge,us-east-1,use1-az4,3,1.0,1.0,2.0,2.472,1.144,53,m5ad,General,m,48.0,192.0,16979.7236,AMD EPYC 7571,AMD EPYC 7571,AMD
m5ad.12xlarge,us-east-1,use1-az5,3,1.0,1.0,2.0,2.472,1.3384,45,m5ad,General,m,48.0,192.0,16979.7236,AMD EPYC 7571,AMD EPYC 7571,AMD
m5ad.12xlarge,us-east-1,use1-az6,3,1.0,1.0,2.0,2.472,1.3267,46,m5ad,General,m,48.0,192.0,16979.7236,AMD EPYC 7571,AMD EPYC 7571,AMD
m5ad.16xlarge,us-east-1,use1-az1,3,1.0,1.0,2.0,3.296,1.5631,52,m5ad,General,m,64.0,256.0,17007.8717,AMD EPYC 7571,AMD EPYC 7571,AMD
m5ad.16xlarge,us-east-1,use1-az2,3,1.0,1.0,2.0,3.296,1.1766,64,m5ad,General,m,64.0,256.0,17007.8717,AMD EPYC 7571,AMD EPYC 7571,AMD
m5ad.16xlarge,us-east-1,use1-az4,3,5.0,10.0,2.0,3.296,1.3324,59,m5ad,General,m,64.0,256.0,17007.8717,AMD EPYC 7571,AMD EPYC 7571,AMD
m5ad.16xlarge,us-east-1,use1-az5,3,1.0,1.0,2.0,3.296,1.6266,50,m5ad,General,m,64.0,256.0,17007.8717,AMD EPYC 7571,AMD EPYC 7571,AMD
m5ad.16xlarge,us-east-1,use1-az6,3,5.0,5.0,2.0,3.296,1.4069,57,m5ad,General,m,64.0,256.0,17007.8717,AMD EPYC 7571,AMD EPYC 7571,AMD
m5ad.24xlarge,us-east-1,use1-az1,3,5.0,5.0,1.5,4.944,2.3728,52,m5ad,General,m,96.0,384.0,17006.6599,AMD EPYC 7571,AMD EPYC 7571,AMD
m5ad.24xlarge,us-east-1,use1-az2,3,5.0,5.0,1.5,4.944,1.8347,62,m5ad,General,m,96.0,384.0,17006.6599,AMD EPYC 7571,AMD EPYC 7571,AMD
m5ad.24xlarge,us-east-1,use1-az4,3,1.0,5.0,1.5,4.944,2.2563,54,m5ad,General,m,96.0,384.0,17006.6599,AMD EPYC 7571,AMD EPYC 7571,AMD
m5ad.24xlarge,us-east-1,use1-az5,3,10.0,15.0,1.5,4.944,2.5439,48,m5ad,General,m,96.0,384.0,17006.6599,AMD EPYC 7571,AMD EPYC 7571,AMD
m5ad.24xlarge,us-east-1,use1-az6,3,1.0,5.0,1.5,4.944,2.483,49,m5ad,General,m,96.0,384.0,17006.6599,AMD EPYC 7571,AMD EPYC 7571,AMD
m5ad.2xlarge,us-east-1,use1-az1,3,1.0,5.0,2.5,0.412,0.2979,27,m5ad,General,m,8.0,32.0,16995.203,AMD EPYC 7571,AMD EPYC 7571,AMD
m5ad.2xlarge,us-east-1,use1-az2,3,1.0,1.0,2.5,0.412,0.2368,42,m5ad,General,m,8.0,32.0,16995.203,AMD EPYC 7571,AMD EPYC 7571,AMD
m5ad.2xlarge,us-east-1,use1-az4,3,5.0,5.0,2.5,0.412,0.2378,42,m5ad,General,m,8.0,32.0,16995.203,AMD EPYC 7571,AMD EPYC 7571,AMD
m5ad.2xlarge,us-east-1,use1-az5,3,25.0,35.0,2.5,0.412,0.2432,40,m5ad,General,m,8.0,32.0,16995.203,AMD EPYC 7571,AMD EPYC 7571,AMD
m5ad.2xlarge,us-east-1,use1-az6,3,5.0,10.0,2.5,0.412,0.2435,40,m5ad,General,m,8.0,32.0,16995.203,AMD EPYC 7571,AMD EPYC 7571,AMD
m5ad.4xlarge,us-east-1,use1-az1,3,5.0,5.0,2.5,0.824,0.4684,43,m5ad,General,m,16.0,64.0,16995.7808,AMD EPYC 7571,AMD EPYC 7571,AMD
m5ad.4xlarge,us-east-1,use1-az2,3,1.0,5.0,2.5,0.824,0.406,50,m5ad,General,m,16.0,64.0,16995.7808,AMD EPYC 7571,AMD EPYC 7571,AMD
m5ad.4xlarge,us-east-1,use1-az4,3,5.0,10.0,2.5,0.824,0.4578,44,m5ad,General,m,16.0,64.0,16995.7808,AMD EPYC 7571,AMD EPYC 7571,AMD
m5ad.4xlarge,us-east-1,use1-az5,3,5.0,10.0,2.5,0.824,0.5794,29,m5ad,General,m,16.0,64.0,16995.7808,AMD EPYC 7571,AMD EPYC 7571,AMD
m5ad.4xlarge,us-east-1,use1-az6,3,1.0,5.0,2.5,0.824,0.4823,41,m5ad,General,m,16.0,64.0,16995.7808,AMD EPYC 7571,AMD EPYC 7571,AMD
m5ad.8xlarge,us-east-1,use1-az1,3,1.0,5.0,1.5,1.648,0.8636,47,m5ad,General,m,32.0,128.0,16988.4346,AMD EPYC 7571,AMD EPYC 7571,AMD
m5ad.8xlarge,us-east-1,use1-az2,3,5.0,10.0,1.5,1.648,0.6628,59,m5ad,General,m,32.0,128.0,16988.4346,AMD EPYC 7571,AMD EPYC 7571,AMD
m5ad.8xlarge,us-east-1,use1-az4,3,5.0,10.0,1.5,1.648,0.7826,52,m5ad,General,m,32.0,128.0,16988.4346,AMD EPYC 7571,AMD EPYC 7571,AMD
m5ad.8xlarge,us-east-1,use1-az5,3,1.0,1.0,1.5,1.648,1.2322,25,m5ad,General,m,32.0,128.0,16988.4346,AMD EPYC 7571,AMD EPYC 7571,AMD
m5ad.8xlarge,us-east-1,use1-az6,3,1.0,1.0,1.5,1.648,0.8743,46,m5ad,General,m,32.0,128.0,16988.4346,AMD EPYC 7571,AMD EPYC 7571,AMD
m5ad.large,us-east-1,use1-az1,3,50.0,50.0,3.0,0.103,0.0496,51,m5ad,General,m,2.0,8.0,16986.4371,AMD EPYC 7571,AMD EPYC 7571,AMD
m5ad.large,us-east-1,use1-az2,3,10.0,15.0,3.0,0.103,0.0496,51,m5ad,General,m,2.0,8.0,16986.4371,AMD EPYC 7571,AMD EPYC 7571,AMD
m5ad.large,us-east-1,use1-az4,3,15.0,25.0,3.0,0.103,0.0518,49,m5ad,General,m,2.0,8.0,16986.4371,AMD EPYC 7571,AMD EPYC 7571,AMD
m5ad.large,us-east-1,use1-az5,3,50.0,50.0,3.0,0.103,0.0413,59,m5ad,General,m,2.0,8.0,16986.4371,AMD EPYC 7571,AMD EPYC 7571,AMD
m5ad.large,us-east-1,use1-az6,3,15.0,25.0,3.0,0.103,0.0461,55,m5ad,General,m,2.0,8.0,16986.4371,AMD EPYC 7571,AMD EPYC 7571,AMD
m5ad.xlarge,us-east-1,use1-az1,3,10.0,15.0,2.0,0.206,0.1235,40,m5ad,General,m,4.0,16.0,17004.0398,AMD EPYC 7571,AMD EPYC 7571,AMD
m5ad.xlarge,us-east-1,use1-az2,3,10.0,15.0,2.0,0.206,0.1022,50,m5ad,General,m,4.0,16.0,17004.0398,AMD EPYC 7571,AMD EPYC 7571,AMD
m5ad.xlarge,us-east-1,use1-az4,3,10.0,15.0,2.0,0.206,0.1048,49,m5ad,General,m,4.0,16.0,17004.0398,AMD EPYC 7571,AMD EPYC 7571,AMD
m5ad.xlarge,us-east-1,use1-az5,3,20.0,30.0,2.0,0.206,0.1472,28,m5ad,General,m,4.0,16.0,17004.0398,AMD EPYC 7571,AMD EPYC 7571,AMD
m5ad.xlarge,us-east-1,use1-az6,3,15.0,25.0,2.0,0.206,0.1077,47,m5ad,General,m,4.0,16.0,17004.0398,AMD EPYC 7571,AMD EPYC 7571,AMD
m5d.12xlarge,us-east-1,use1-az1,3,15.0,25.0,1.5,2.712,1.728,36,m5d,General,m,48.0,192.0,25100.5329,Intel(R) Xeon(R) Platinum 8175M CPU @ 2.50GHz,Intel(R) Xeon(R) Platinum 8175M CPU @ 2.50GHz,Intel
m5d.12xlarge,us-east-1,use1-az2,3,50.0,50.0,1.5,2.712,0.9215,66,m5d,General,m,48.0,192.0,25100.5329,Intel(R) Xeon(R) Platinum 8175M CPU @ 2.50GHz,Intel(R) Xeon(R) Platinum 8175M CPU @ 2.50GHz,Intel
m5d.12xlarge,us-east-1,use1-az4,3,50.0,50.0,1.5,2.712,0.8953,66,m5d,General,m,48.0,192.0,25100.5329,Intel(R) Xeon(R) Platinum 8175M CPU @ 2.50GHz,Intel(R) Xeon(R) Platinum 8175M CPU @ 2.50GHz,Intel
m5d.12xlarge,us-east-1,use1-az5,3,45.0,50.0,1.5,2.712,1.1246,58,m5d,General,m,48.0,192.0,25100.5329,Intel(R) Xeon(R) Platinum 8175M CPU @ 2.50GHz,Intel(R) Xeon(R) Platinum 8175M CPU @ 2.50GHz,Intel
m5d.12xlarge,us-east-1,use1-az6,3,45.0,50.0,1.5,2.712,0.9796,63,m5d,General,m,48.0,192.0,25100.5329,Intel(R) Xeon(R) Platinum 8175M CPU @ 2.50GHz,Intel(R) Xeon(R) Platinum 8175M CPU @ 2.50GHz,Intel
m5d.16xlarge,us-east-1,use1-az1,3,15.0,30.0,2.5,3.616,2.2301,38,m5d,General,m,64.0,256.0,23189.8066,Intel(R) Xeon(R) Platinum 8259CL CPU @ 2.50GHz,Intel(R) Xeon(R) Platinum 8259CL CPU @ 2.50GHz,Intel
m5d.16xlarge,us-east-1,use1-az2,3,50.0,50.0,2.5,3.616,1.2915,64,m5d,General,m,64.0,256.0,23189.8066,Intel(R) Xeon(R) Platinum 8259CL CPU @ 2.50GHz,Intel(R) Xeon(R) Platinum 8259CL CPU @ 2.50GHz,Intel
m5d.16xlarge,us-east-1,use1-az4,3,50.0,50.0,2.5,3.616,1.5151,58,m5d,General,m,64.0,256.0,23189.8066,Intel(R) Xeon(R) Platinum 8259CL CPU @ 2.50GHz,Intel(R) Xeon(R) Platinum 8259CL CPU @ 2.50GHz,Intel
m5d.16xlarge,us-east-1,use1-az5,3,45.0,50.0,2.5,3.616,1.4042,61,m5d,General,m,64.0,256.0,23189.8066,Intel(R) Xeon(R) Platinum 8259CL CPU @ 2.50GHz,Intel(R) Xeon(R) Platinum 8259CL CPU @ 2.50GHz,Intel
m5d.16xlarge,us-east-1,use1-az6,3,50.0,50.0,2.5,3.616,1.4192,60,m5d,General,m,64.0,256.0,23189.8066,Intel(R) Xeon(R) Platinum 8259CL CPU @ 2.50GHz,Intel(R) Xeon(R) Platinum 8259CL CPU @ 2.50GHz,Intel
m5d.24xlarge,us-east-1,use1-az1,3,1.0,1.0,1.0,5.424,3.0862,43,m5d,General,m,96.0,384.0,25107.9953,Intel(R) Xeon(R) Platinum 8175M CPU @ 2.50GHz,Intel(R) Xeon(R) Platinum 8175M CPU @ 2.50GHz,Intel
m5d.24xlarge,us-east-1,use1-az2,3,10.0,15.0,1.0,5.424,1.85,65,m5d,General,m,96.0,384.0,25107.9953,Intel(R) Xeon(R) Platinum 8175M CPU @ 2.50GHz,Intel(R) Xeon(R) Platinum 8175M CPU @ 2.50GHz,Intel
m5d.24xlarge,us-east-1,use1-az4,3,5.0,5.0,1.0,5.424,1.9959,63,m5d,General,m,96.0,384.0,25107.9953,Intel(R) Xeon(R) Platinum 8175M CPU @ 2.50GHz,Intel(R) Xeon(R) Platinum 8175M CPU @ 2.50GHz,Intel
m5d.24xlarge,us-east-1,use1-az5,3,15.0,20.0,1.0,5.424,2.2958,57,m5d,General,m,96.0,384.0,25107.9953,Intel(R) Xeon(R) Platinum 8175M CPU @ 2.50GHz,Intel(R) Xeon(R) Platinum 8175M CPU @ 2.50GHz,Intel
m5d.24xlarge,us-east-1,use1-az6,1,0.0,0.0,1.0,5.424,1.5667,71,m5d,General,m,96.0,384.0,25107.9953,Intel(R) Xeon(R) Platinum 8175M CPU @ 2.50GHz,Intel(R) Xeon(R) Platinum 8175M CPU @ 2.50GHz,Intel
m5d.2xlarge,us-east-1,use1-az1,3,50.0,50.0,3.0,0.452,0.251,44,m5d,General,m,8.0,32.0,23165.0997,Intel(R) Xeon(R) Platinum 8175M CPU @ 2.50GHz,Intel(R) Xeon(R) Platinum 8175M CPU @ 2.50GHz,Intel
m5d.2xlarge,us-east-1,use1-az2,3,50.0,50.0,3.0,0.452,0.2448,45,m5d,General,m,8.0,32.0,23165.0997,Intel(R) Xeon(R) Platinum 8175M CPU @ 2.50GHz,Intel(R) Xeon(R) Platinum 8175M CPU @ 2.50GHz,Intel
m5d.2xlarge,us-east-1,use1-az4,3,50.0,50.0,3.0,0.452,0.2424,46,m5d,General,m,8.0,32.0,23165.0997,Intel(R) Xeon(R) Platinum 8175M CPU @ 2.50GHz,Intel(R) Xeon(R) Platinum 8175M CPU @ 2.50GHz,Intel
m5d.2xlarge,us-east-1,use1-az5,3,15.0,35.0,3.0,0.452,0.2384,47,m5d,General,m,8.0,32.0,23165.0997,Intel(R) Xeon(R) Platinum 8175M CPU @ 2.50GHz,Intel(R) Xeon(R) Platinum 8175M CPU @ 2.50GHz,Intel
m5d.2xlarge,us-east-1,use1-az6,3,50.0,50.0,3.0,0.452,0.2463,45,m5d,General,m,8.0,32.0,23165.0997,Intel(R) Xeon(R) Platinum 8175M CPU @ 2.50GHz,Intel(R) Xeon(R) Platinum 8175M CPU @ 2.50GHz,Intel
m5d.4xlarge,us-east-1,use1-az1,3,40.0,50.0,2.0,0.904,0.4745,47,m5d,General,m,16.0,64.0,23129.1055,Intel(R) Xeon(R) Platinum 8175M CPU @ 2.50GHz,Intel(R) Xeon(R) Platinum 8175M CPU @ 2.50GHz,Intel
m5d.4xlarge,us-east-1,use1-az2,3,50.0,50.0,2.0,0.904,0.4426,51,m5d,General,m,16.0,64.0,23129.1055,Intel(R) Xeon(R) Platinum 8175M CPU @ 2.50GHz,Intel(R) Xeon(R) Platinum 8175M CPU @ 2.50GHz,Intel
m5d.4xlarge,us-east-1,use1-az4,3,50.0,50.0,2.0,0.904,0.4809,46,m5d,General,m,16.0,64.0,23129.1055,Intel(R) Xeon(R) Platinum 8175M CPU @ 2.50GHz,Intel(R) Xeon(R) Platinum 8175M CPU @ 2.50GHz,Intel
m5d.4xlarge,us-east-1,use1-az5,3,10.0,15.0,2.0,0.904,0.3769,58,m5d,General,m,16.0,64.0,23129.1055,Intel(R) Xeon(R) Platinum 8175M CPU @ 2.50GHz,Intel(R) Xeon(R) Platinum 8175M CPU @ 2.50GHz,Intel
m5d.4xlarge,us-east-1,use1-az6,3,50.0,50.0,2.0,0.904,0.4927,45,m5d,General,m,16.0,64.0,23129.1055,Intel(R) Xeon(R) Platinum 8175M CPU @ 2.50GHz,Intel(R) Xeon(R) Platinum 8175M CPU @ 2.50GHz,Intel
m5d.8xlarge,us-east-1,use1-az1,3,5.0,10.0,2.0,1.808,0.921,49,m5d,General,m,32.0,128.0,23161.5783,Intel(R) Xeon(R) Platinum 8175M CPU @ 2.50GHz,Intel(R) Xeon(R) Platinum 8175M CPU @ 2.50GHz,Intel
m5d.8xlarge,us-east-1,use1-az2,3,50.0,50.0,2.0,1.808,0.8645,52,m5d,General,m,32.0,128.0,23161.5783,Intel(R) Xeon(R) Platinum 8175M CPU @ 2.50GHz,Intel(R) Xeon(R) Platinum 8175M CPU @ 2.50GHz,Intel
m5d.8xlarge,us-east-1,use1-az4,3,50.0,50.0,2.0,1.808,0.9042,49,m5d,General,m,32.0,128.0,23161.5783,Intel(R) Xeon(R) Platinum 8175M CPU @ 2.50GHz,Intel(R) Xeon(R) Platinum 8175M CPU @ 2.50GHz,Intel
m5d.8xlarge,us-east-1,use1-az5,3,5.0,10.0,2.0,1.808,0.752,58,m5d,General,m,32.0,128.0,23161.5783,Intel(R) Xeon(R) Platinum 8175M CPU @ 2.50GHz,Intel(R) Xeon(R) Platinum 8175M CPU @ 2.50GHz,Intel
m5d.8xlarge,us-east-1,use1-az6,3,50.0,50.0,2.0,1.808,0.7888,56,m5d,General,m,32.0,128.0,23161.5783,Intel(R) Xeon(R) Platinum 8175M CPU @ 2.50GHz,Intel(R) Xeon(R) Platinum 8175M CPU @ 2.50GHz,Intel
m5d.large,us-east-1,use1-az1,3,50.0,50.0,3.0,0.113,0.057,49,m5d,General,m,2.0,8.0,23117.8323,Intel(R) Xeon(R) Platinum 8175M CPU @ 2.50GHz,Intel(R) Xeon(R) Platinum 8175M CPU @ 2.50GHz,Intel
m5d.large,us-east-1,use1-az2,3,50.0,50.0,3.0,0.113,0.0446,60,m5d,General,m,2.0,8.0,23117.8323,Intel(R) Xeon(R) Platinum 8175M CPU @ 2.50GHz,Intel(R) Xeon(R) Platinum 8175M CPU @ 2.50GHz,Intel
m5d.large,us-east-1,use1-az4,3,50.0,50.0,3.0,0.113,0.0432,61,m5d,General,m,2.0,8.0,23117.8323,Intel(R) Xeon(R) Platinum 8175M CPU @ 2.50GHz,Intel(R) Xeon(R) Platinum 8175M CPU @ 2.50GHz,Intel
m5d.large,us-east-1,use1-az5,3,50.0,50.0,3.0,0.113,0.0393,65,m5d,General,m,2.0,8.0,23117.8323,Intel(R) Xeon(R) Platinum 8175M CPU @ 2.50GHz,Intel(R) Xeon(R) Platinum 8175M CPU @ 2.50GHz,Intel
m5d.large,us-east-1,use1-az6,3,50.0,50.0,3.0,0.113,0.0441,60,m5d,General,m,2.0,8.0,23117.8323,Intel(R) Xeon(R) Platinum 8175M CPU @ 2.50GHz,Intel(R) Xeon(R) Platinum 8175M CPU @ 2.50GHz,Intel
m5d.xlarge,us-east-1,use1-az1,3,40.0,50.0,2.5,0.226,0.0977,56,m5d,General,m,4.0,16.0,23096.6228,Intel(R) Xeon(R) Platinum 8175M CPU @ 2.50GHz,Intel(R) Xeon(R) Platinum 8175M CPU @ 2.50GHz,Intel
m5d.xlarge,us-east-1,use1-az2,3,50.0,50.0,2.5,0.226,0.1084,52,m5d,General,m,4.0,16.0,23096.6228,Intel(R) Xeon(R) Platinum 8175M CPU @ 2.50GHz,Intel(R) Xeon(R) Platinum 8175M CPU @ 2.50GHz,Intel
m5d.xlarge,us-east-1,use1-az4,3,50.0,50.0,2.5,0.226,0.1112,50,m5d,General,m,4.0,16.0,23096.6228,Intel(R) Xeon(R) Platinum 8175M CPU @ 2.50GHz,Intel(R) Xeon(R) Platinum 8175M CPU @ 2.50GHz,Intel
m5d.xlarge,us-east-1,use1-az5,3,35.0,50.0,2.5,0.226,0.1107,51,m5d,General,m,4.0,16.0,23096.6228,Intel(R) Xeon(R) Platinum 8175M CPU @ 2.50GHz,Intel(R) Xeon(R) Platinum 8175M CPU @ 2.50GHz,Intel
m5d.xlarge,us-east-1,use1-az6,3,50.0,50.0,2.5,0.226,0.1103,51,m5d,General,m,4.0,16.0,23096.6228,Intel(R) Xeon(R) Platinum 8175M CPU @ 2.50GHz,Intel(R) Xeon(R) Platinum 8175M CPU @ 2.50GHz,Intel
m5dn.12xlarge,us-east-1,use1-az1,1,0.0,0.0,1.0,3.264,1.1207,65,m5dn,General,m,48.0,192.0,25043.08,Intel(R) Xeon(R) Platinum 8259CL CPU @ 2.50GHz,Intel(R) Xeon(R) Platinum 8259CL CPU @ 2.50GHz,Intel
m5dn.12xlarge,us-east-1,use1-az2,2,0.0,1.0,1.0,3.264,1.1071,66,m5dn,General,m,48.0,192.0,25043.08,Intel(R) Xeon(R) Platinum 8259CL CPU @ 2.50GHz,Intel(R) Xeon(R) Platinum 8259CL CPU @ 2.50GHz,Intel
m5dn.12xlarge,us-east-1,use1-az4,3,1.0,1.0,1.0,3.264,1.237,62,m5dn,General,m,48.0,192.0,25043.08,Intel(R) Xeon(R) Platinum 8259CL CPU @ 2.50GHz,Intel(R) Xeon(R) Platinum 8259CL CPU @ 2.50GHz,Intel
m5dn.12xlarge,us-east-1,use1-az5,2,0.0,1.0,1.0,3.264,1.33,59,m5dn,General,m,48.0,192.0,25043.08,Intel(R) Xeon(R) Platinum 8259CL CPU @ 2.50GHz,Intel(R) Xeon(R) Platinum 8259CL CPU @ 2.50GHz,Intel
m5dn.12xlarge,us-east-1,use1-az6,3,1.0,5.0,1.0,3.264,1.0749,67,m5dn,General,m,48.0,192.0,25043.08,Intel(R) Xeon(R) Platinum 8259CL CPU @ 2.50GHz,Intel(R) Xeon(R) Platinum 8259CL CPU @ 2.50GHz,Intel
m5dn.16xlarge,us-east-1,use1-az1,1,0.0,0.0,1.0,4.352,1.5593,64,m5dn,General,m,64.0,256.0,23931.1209,Intel(R) Xeon(R) Platinum 8259CL CPU @ 2.50GHz,Intel(R) Xeon(R) Platinum 8259CL CPU @ 2.50GHz,Intel
m5dn.16xlarge,us-east-1,use1-az2,2,0.0,1.0,1.0,4.352,1.4187,67,m5dn,General,m,64.0,256.0,23931.1209,Intel(R) Xeon(R) Platinum 8259CL CPU @ 2.50GHz,Intel(R) Xeon(R) Platinum 8259CL CPU @ 2.50GHz,Intel
m5dn.16xlarge,us-east-1,use1-az4,3,5.0,10.0,1.0,4.352,1.4419,66,m5dn,General,m,64.0,256.0,23931.1209,Intel(R) Xeon(R) Platinum 8259CL CPU @ 2.50GHz,Intel(R) Xeon(R) Platinum 8259CL CPU @ 2.50GHz,Intel
m5dn.16xlarge,us-east-1,use1-az5,3,1.0,5.0,1.0,4.352,1.4193,67,m5dn,General,m,64.0,256.0,23931.1209,Intel(R) Xeon(R) Platinum 8259CL CPU @ 2.50GHz,Intel(R) Xeon(R) Platinum 8259CL CPU @ 2.50GHz,Intel
m5dn.16xlarge,us-east-1,use1-az6,3,1.0,1.0,1.0,4.352,1.4172,67,m5dn,General,m,64.0,256.0,23931.1209,Intel(R) Xeon(R) Platinum 8259CL CPU @ 2.50GHz,Intel(R) Xeon(R) Platinum 8259CL CPU @ 2.50GHz,Intel
m5dn.24xlarge,us-east-1,use1-az1,1,0.0,0.0,1.0,6.528,2.3517,63,m5dn,General,m,96.0,384.0,25053.7489,Intel(R) Xeon(R) Platinum 8259CL CPU @ 2.50GHz,Intel(R) Xeon(R) Platinum 8259CL CPU @ 2.50GHz,Intel
m5dn.24xlarge,us-east-1,use1-az2,1,0.0,0.0,1.0,6.528,2.0837,68,m5dn,General,m,96.0,384.0,25053.7489,Intel(R) Xeon(R) Platinum 8259CL CPU @ 2.50GHz,Intel(R) Xeon(R) Platinum 8259CL CPU @ 2.50GHz,Intel
m5dn.24xlarge,us-east-1,use1-az4,3,1.0,1.0,1.0,6.528,2.4405,62,m5dn,General,m,96.0,384.0,25053.7489,Intel(R) Xeon(R) Platinum 8259CL CPU @ 2.50GHz,Intel(R) Xeon(R) Platinum 8259CL CPU @ 2.50GHz,Intel
m5dn.24xlarge,us-east-1,use1-az5,3,1.0,5.0,1.0,6.528,2.4111,63,m5dn,General,m,96.0,384.0,25053.7489,Intel(R) Xeon(R) Platinum 8259CL CPU @ 2.50GHz,Intel(R) Xeon(R) Platinum 8259CL CPU @ 2.50GHz,Intel
m5dn.24xlarge,us-east-1,use1-az6,3,1.0,1.0,1.0,6.528,2.511,61,m5dn,General,m,96.0,384.0,25053.7489,Intel(R) Xeon(R) Platinum 8259CL CPU @ 2.50GHz,Intel(R) Xeon(R) Platinum 8259CL CPU @ 2.50GHz,Intel
m5dn.2xlarge,us-east-1,use1-az1,3,5.0,5.0,1.5,0.544,0.2352,56,m5dn,General,m,8.0,32.0,23188.3017,Intel(R) Xeon(R) Platinum 8259CL CPU @ 2.50GHz,Intel(R) Xeon(R) Platinum 8259CL CPU @ 2.50GHz,Intel
m5dn.2xlarge,us-east-1,use1-az2,3,5.0,5.0,1.5,0.544,0.2454,54,m5dn,General,m,8.0,32.0,23188.3017,Intel(R) Xeon(R) Platinum 8259CL CPU @ 2.50GHz,Intel(R) Xeon(R) Platinum 8259CL CPU @ 2.50GHz,Intel
m5dn.2xlarge,us-east-1,use1-az4,3,15.0,25.0,1.5,0.544,0.2461,54,m5dn,General,m,8.0,32.0,23188.3017,Intel(R) Xeon(R) Platinum 8259CL CPU @ 2.50GHz,Intel(R) Xeon(R) Platinum 8259CL CPU @ 2.50GHz,Intel
m5dn.2xlarge,us-east-1,use1-az5,3,5.0,10.0,1.5,0.544,0.2777,48,m5dn,General,m,8.0,32.0,23188.3017,Intel(R) Xeon(R) Platinum 8259CL CPU @ 2.50GHz,Intel(R) Xeon(R) Platinum 8259CL CPU @ 2.50GHz,Intel
m5dn.2xlarge,us-east-1,use1-az6,3,5.0,5.0,1.5,0.544,0.2447,55,m5dn,General,m,8.0,32.0,23188.3017,Intel(R) Xeon(R) Platinum 8259CL CPU @ 2.50GHz,Intel(R) Xeon(R) Platinum 8259CL CPU @ 2.50GHz,Intel
m5dn.4xlarge,us-east-1,use1-az1,3,1.0,1.0,1.0,1.088,0.4641,57,m5dn,General,m,16.0,64.0,23161.4552,Intel(R) Xeon(R) Platinum 8259CL CPU @ 2.50GHz,Intel(R) Xeon(R) Platinum 8259CL CPU @ 2.50GHz,Intel
m5dn.4xlarge,us-east-1,use1-az2,3,5.0,5.0,1.0,1.088,0.4591,57,m5dn,General,m,16.0,64.0,23161.4552,Intel(R) Xeon(R) Platinum 8259CL CPU @ 2.50GHz,Intel(R) Xeon(R) Platinum 8259CL CPU @ 2.50GHz,Intel
m5dn.4xlarge,us-east-1,use1-az4,3,10.0,15.0,1.0,1.088,0.5161,52,m5dn,General,m,16.0,64.0,23161.4552,Intel(R) Xeon(R) Platinum 8259CL CPU @ 2.50GHz,Intel(R) Xeon(R) Platinum 8259CL CPU @ 2.50GHz,Intel
m5dn.4xlarge,us-east-1,use1-az5,3,5.0,5.0,1.0,1.088,0.5282,51,m5dn,General,m,16.0,64.0,23161.4552,Intel(R) Xeon(R) Platinum 8259CL CPU @ 2.50GHz,Intel(R) Xeon(R) Platinum 8259CL CPU @ 2.50GHz,Intel
m5dn.4xlarge,us-east-1,use1-az6,3,5.0,5.0,1.0,1.088,0.5451,49,m5dn,General,m,16.0,64.0,23161.4552,Intel(R) Xeon(R) Platinum 8259CL CPU @ 2.50GHz,Intel(R) Xeon(R) Platinum 8259CL CPU @ 2.50GHz,Intel
m5dn.8xlarge,us-east-1,use1-az1,1,0.0,0.0,1.0,2.176,1.0026,53,m5dn,General,m,32.0,128.0,23931.8093,Intel(R) Xeon(R) Platinum 8259CL CPU @ 2.50GHz,Intel(R) Xeon(R) Platinum 8259CL CPU @ 2.50GHz,Intel
m5dn.8xlarge,us-east-1,use1-az2,2,0.0,1.0,1.0,2.176,0.9137,58,m5dn,General,m,32.0,128.0,23931.8093,Intel(R) Xeon(R) Platinum 8259CL CPU @ 2.50GHz,Intel(R) Xeon(R) Platinum 8259CL CPU @ 2.50GHz,Intel
m5dn.8xlarge,us-east-1,use1-az4,3,1.0,1.0,1.0,2.176,1.0567,51,m5dn,General,m,32.0,128.0,23931.8093,Intel(R) Xeon(R) Platinum 8259CL CPU @ 2.50GHz,Intel(R) Xeon(R) Platinum 8259CL CPU @ 2.50GHz,Intel
m5dn.8xlarge,us-east-1,use1-az5,1,0.0,0.0,1.0,2.176,1.0192,53,m5dn,General,m,32.0,128.0,23931.8093,Intel(R) Xeon(R) Platinum 8259CL CPU @ 2.50GHz,Intel(R) Xeon(R) Platinum 8259CL CPU @ 2.50GHz,Intel
m5dn.8xlarge,us-east-1,use1-az6,3,1.0,1.0,1.0,2.176,1.0049,53,m5dn,General,m,32.0,128.0,23931.8093,Intel(R) Xeon(R) Platinum 8259CL CPU @ 2.50GHz,Intel(R) Xeon(R) Platinum 8259CL CPU @ 2.50GHz,Intel
m5dn.large,us-east-1,use1-az1,3,30.0,50.0,3.0,0.136,0.0545,59,m5dn,General,m,2.0,8.0,23905.8751,Intel(R) Xeon(R) Platinum 8259CL CPU @ 2.50GHz,Intel(R) Xeon(R) Platinum 8259CL CPU @ 2.50GHz,Intel
m5dn.large,us-east-1,use1-az2,3,10.0,20.0,3.0,0.136,0.0478,64,m5dn,General,m,2.0,8.0,23905.8751,Intel(R) Xeon(R) Platinum 8259CL CPU @ 2.50GHz,Intel(R) Xeon(R) Platinum 8259CL CPU @ 2.50GHz,Intel
m5dn.large,us-east-1,use1-az4,3,30.0,50.0,3.0,0.136,0.049,63,m5dn,General,m,2.0,8.0,23905.8751,Intel(R) Xeon(R) Platinum 8259CL CPU @ 2.50GHz,Intel(R) Xeon(R) Platinum 8259CL CPU @ 2.50GHz,Intel
m5dn.large,us-east-1,use1-az5,3,35.0,50.0,3.0,0.136,0.0428,68,m5dn,General,m,2.0,8.0,23905.8751,Intel(R) Xeon(R) Platinum 8259CL CPU @ 2.50GHz,Intel(R) Xeon(R) Platinum 8259CL CPU @ 2.50GHz,Intel
m5dn.large,us-east-1,use1-az6,3,40.0,50.0,3.0,0.136,0.0478,64,m5dn,General,m,2.0,8.0,23905.8751,Intel(R) Xeon(R) Platinum 8259CL CPU @ 2.50GHz,Intel(R) Xeon(R) Platinum 8259CL CPU @ 2.50GHz,Intel
m5dn.xlarge,us-east-1,use1-az1,3,15.0,30.0,2.0,0.272,0.1019,62,m5dn,General,m,4.0,16.0,23921.1606,Intel(R) Xeon(R) Platinum 8259CL CPU @ 2.50GHz,Intel(R) Xeon(R) Platinum 8259CL CPU @ 2.50GHz,Intel
m5dn.xlarge,us-east-1,use1-az2,3,35.0,45.0,2.0,0.272,0.1047,61,m5dn,General,m,4.0,16.0,23921.1606,Intel(R) Xeon(R) Platinum 8259CL CPU @ 2.50GHz,Intel(R) Xeon(R) Platinum 8259CL CPU @ 2.50GHz,Intel
m5dn.xlarge,us-east-1,use1-az4,3,50.0,50.0,2.0,0.272,0.1087,60,m5dn,General,m,4.0,16.0,23921.1606,Intel(R) Xeon(R) Platinum 8259CL CPU @ 2.50GHz,Intel(R) Xeon(R) Platinum 8259CL CPU @ 2.50GHz,Intel
m5dn.xlarge,us-east-1,use1-az5,3,5.0,5.0,2.0,0.272,0.1318,51,m5dn,General,m,4.0,16.0,23921.1606,Intel(R) Xeon(R) Platinum 8259CL CPU @ 2.50GHz,Intel(R) Xeon(R) Platinum 8259CL CPU @ 2.50GHz,Intel
m5dn.xlarge,us-east-1,use1-az6,3,20.0,30.0,2.0,0.272,0.106,61,m5dn,General,m,4.0,16.0,23921.1606,Intel(R) Xeon(R) Platinum 8259CL CPU @ 2.50GHz,Intel(R) Xeon(R) Platinum 8259CL CPU @ 2.50GHz,Intel
m5n.12xlarge,us-east-1,use1-az1,3,1.0,5.0,1.0,2.856,1.2441,56,m5n,General,m,48.0,192.0,25035.3071254,Intel(R) Xeon(R) Platinum 8259CL CPU @ 2.50GHz,Intel(R) Xeon(R) Platinum 8259CL CPU @ 2.50GHz,Intel
m5n.12xlarge,us-east-1,use1-az2,3,5.0,10.0,1.0,2.856,1.0824,62,m5n,General,m,48.0,192.0,25035.3071254,Intel(R) Xeon(R) Platinum 8259CL CPU @ 2.50GHz,Intel(R) Xeon(R) Platinum 8259CL CPU @ 2.50GHz,Intel
m5n.12xlarge,us-east-1,use1-az4,3,10.0,15.0,1.0,2.856,1.2959,54,m5n,General,m,48.0,192.0,25035.3071254,Intel(R) Xeon(R) Platinum 8259CL CPU @ 2.50GHz,Intel(R) Xeon(R) Platinum 8259CL CPU @ 2.50GHz,Intel
m5n.12xlarge,us-east-1,use1-az5,3,5.0,10.0,1.0,2.856,1.1467,59,m5n,General,m,48.0,192.0,25035.3071254,Intel(R) Xeon(R) Platinum 8259CL CPU @ 2.50GHz,Intel(R) Xeon(R) Platinum 8259CL CPU @ 2.50GHz,Intel
m5n.12xlarge,us-east-1,use1-az6,3,5.0,5.0,1.0,2.856,1.2715,55,m5n,General,m,48.0,192.0,25035.3071254,Intel(R) Xeon(R) Platinum 8259CL CPU @ 2.50GHz,Intel(R) Xeon(R) Platinum 8259CL CPU @ 2.50GHz,Intel
m5n.16xlarge,us-east-1,use1-az1,3,5.0,10.0,2.0,3.808,1.6576,56,m5n,General,m,64.0,256.0,23897.292976000004,Intel(R) Xeon(R) Platinum 8259CL CPU @ 2.50GHz,Intel(R) Xeon(R) Platinum 8259CL CPU @ 2.50GHz,Intel
m5n.16xlarge,us-east-1,use1-az2,3,1.0,1.0,2.0,3.808,1.4665,61,m5n,General,m,64.0,256.0,23897.292976000004,Intel(R) Xeon(R) Platinum 8259CL CPU @ 2.50GHz,Intel(R) Xeon(R) Platinum 8259CL CPU @ 2.50GHz,Intel
m5n.16xlarge,us-east-1,use1-az4,3,5.0,10.0,2.0,3.808,1.3001,65,m5n,General,m,64.0,256.0,23897.292976000004,Intel(R) Xeon(R) Platinum 8259CL CPU @ 2.50GHz,Intel(R) Xeon(R) Platinum 8259CL CPU @ 2.50GHz,Intel
m5n.16xlarge,us-east-1,use1-az5,3,1.0,1.0,2.0,3.808,1.4856,60,m5n,General,m,64.0,256.0,23897.292976000004,Intel(R) Xeon(R) Platinum 8259CL CPU @ 2.50GHz,Intel(R) Xeon(R) Platinum 8259CL CPU @ 2.50GHz,Intel
m5n.16xlarge,us-east-1,use1-az6,3,10.0,10.0,2.0,3.808,1.4514,61,m5n,General,m,64.0,256.0,23897.292976000004,Intel(R) Xeon(R) Platinum 8259CL CPU @ 2.50GHz,Intel(R) Xeon(R) Platinum 8259CL CPU @ 2.50GHz,Intel
m5n.24xlarge,us-east-1,use1-az1,1,0.0,0.0,1.0,5.712,2.0058,64,m5n,General,m,96.0,384.0,25002.528824,Intel(R) Xeon(R) Platinum 8259CL CPU @ 2.50GHz,Intel(R) Xeon(R) Platinum 8259CL CPU @ 2.50GHz,Intel
m5n.24xlarge,us-east-1,use1-az2,3,1.0,1.0,1.0,5.712,1.8167,68,m5n,General,m,96.0,384.0,25002.528824,Intel(R) Xeon(R) Platinum 8259CL CPU @ 2.50GHz,Intel(R) Xeon(R) Platinum 8259CL CPU @ 2.50GHz,Intel
m5n.24xlarge,us-east-1,use1-az4,3,5.0,5.0,1.0,5.712,2.1677,62,m5n,General,m,96.0,384.0,25002.528824,Intel(R) Xeon(R) Platinum 8259CL CPU @ 2.50GHz,Intel(R) Xeon(R) Platinum 8259CL CPU @ 2.50GHz,Intel
m5n.24xlarge,us-east-1,use1-az5,3,1.0,1.0,1.0,5.712,2.4165,57,m5n,General,m,96.0,384.0,25002.528824,Intel(R) Xeon(R) Platinum 8259CL CPU @ 2.50GHz,Intel(R) Xeon(R) Platinum 8259CL CPU @ 2.50GHz,Intel
m5n.24xlarge,us-east-1,use1-az6,3,1.0,1.0,1.0,5.712,2.1586,62,m5n,General,m,96.0,384.0,25002.528824,Intel(R) Xeon(R) Platinum 8259CL CPU @ 2.50GHz,Intel(R) Xeon(R) Platinum 8259CL CPU @ 2.50GHz,Intel
m5n.2xlarge,us-east-1,use1-az1,3,50.0,50.0,3.0,0.476,0.2459,48,m5n,General,m,8.0,32.0,23497.469361400003,Intel(R) Xeon(R) Platinum 8259CL CPU @ 2.50GHz,Intel(R) Xeon(R) Platinum 8259CL CPU @ 2.50GHz,Intel
m5n.2xlarge,us-east-1,use1-az2,3,50.0,50.0,3.0,0.476,0.2632,44,m5n,General,m,8.0,32.0,23497.469361400003,Intel(R) Xeon(R) Platinum 8259CL CPU @ 2.50GHz,Intel(R) Xeon(R) Platinum 8259CL CPU @ 2.50GHz,Intel
m5n.2xlarge,us-east-1,use1-az4,3,50.0,50.0,3.0,0.476,0.3361,29,m5n,General,m,8.0,32.0,23497.469361400003,Intel(R) Xeon(R) Platinum 8259CL CPU @ 2.50GHz,Intel(R) Xeon(R) Platinum 8259CL CPU @ 2.50GHz,Intel
m5n.2xlarge,us-east-1,use1-az5,3,50.0,50.0,3.0,0.476,0.238,50,m5n,General,m,8.0,32.0,23497.469361400003,Intel(R) Xeon(R) Platinum 8259CL CPU @ 2.50GHz,Intel(R) Xeon(R) Platinum 8259CL CPU @ 2.50GHz,Intel
m5n.2xlarge,us-east-1,use1-az6,3,50.0,50.0,3.0,0.476,0.2849,40,m5n,General,m,8.0,32.0,23497.469361400003,Intel(R) Xeon(R) Platinum 8259CL CPU @ 2.50GHz,Intel(R) Xeon(R) Platinum 8259CL CPU @ 2.50GHz,Intel
m5n.4xlarge,us-east-1,use1-az1,3,15.0,35.0,1.0,0.952,0.407,57,m5n,General,m,16.0,64.0,23642.4236992,Intel(R) Xeon(R) Platinum 8259CL CPU @ 2.50GHz,Intel(R) Xeon(R) Platinum 8259CL CPU @ 2.50GHz,Intel
m5n.4xlarge,us-east-1,use1-az2,3,50.0,50.0,1.0,0.952,0.363,61,m5n,General,m,16.0,64.0,23642.4236992,Intel(R) Xeon(R) Platinum 8259CL CPU @ 2.50GHz,Intel(R) Xeon(R) Platinum 8259CL CPU @ 2.50GHz,Intel
m5n.4xlarge,us-east-1,use1-az4,3,50.0,50.0,1.0,0.952,0.411,56,m5n,General,m,16.0,64.0,23642.4236992,Intel(R) Xeon(R) Platinum 8259CL CPU @ 2.50GHz,Intel(R) Xeon(R) Platinum 8259CL CPU @ 2.50GHz,Intel
m5n.4xlarge,us-east-1,use1-az5,3,5.0,10.0,1.0,0.952,0.4867,48,m5n,General,m,16.0,64.0,23642.4236992,Intel(R) Xeon(R) Platinum 8259CL CPU @ 2.50GHz,Intel(R) Xeon(R) Platinum 8259CL CPU @ 2.50GHz,Intel
m5n.4xlarge,us-east-1,use1-az6,3,50.0,50.0,1.0,0.952,0.466,51,m5n,General,m,16.0,64.0,23642.4236992,Intel(R) Xeon(R) Platinum 8259CL CPU @ 2.50GHz,Intel(R) Xeon(R) Platinum 8259CL CPU @ 2.50GHz,Intel
m5n.8xlarge,us-east-1,use1-az1,3,1.0,5.0,1.5,1.904,0.916,51,m5n,General,m,32.0,128.0,23170.4868246,Intel(R) Xeon(R) Platinum 8259CL CPU @ 2.50GHz,Intel(R) Xeon(R) Platinum 8259CL CPU @ 2.50GHz,Intel
m5n.8xlarge,us-east-1,use1-az2,3,1.0,1.0,1.5,1.904,0.7986,58,m5n,General,m,32.0,128.0,23170.4868246,Intel(R) Xeon(R) Platinum 8259CL CPU @ 2.50GHz,Intel(R) Xeon(R) Platinum 8259CL CPU @ 2.50GHz,Intel
m5n.8xlarge,us-east-1,use1-az4,3,5.0,10.0,1.5,1.904,0.7945,58,m5n,General,m,32.0,128.0,23170.4868246,Intel(R) Xeon(R) Platinum 8259CL CPU @ 2.50GHz,Intel(R) Xeon(R) Platinum 8259CL CPU @ 2.50GHz,Intel
m5n.8xlarge,us-east-1,use1-az5,3,1.0,1.0,1.5,1.904,0.9753,48,m5n,General,m,32.0,128.0,23170.4868246,Intel(R) Xeon(R) Platinum 8259CL CPU @ 2.50GHz,Intel(R) Xeon(R) Platinum 8259CL CPU @ 2.50GHz,Intel
m5n.8xlarge,us-east-1,use1-az6,3,5.0,5.0,1.5,1.904,0.9804,48,m5n,General,m,32.0,128.0,23170.4868246,Intel(R) Xeon(R) Platinum 8259CL CPU @ 2.50GHz,Intel(R) Xeon(R) Platinum 8259CL CPU @ 2.50GHz,Intel
m5n.large,us-east-1,use1-az1,3,30.0,45.0,3.0,0.119,0.0557,53,m5n,General,m,2.0,8.0,23159.3202476,Intel(R) Xeon(R) Platinum 8259CL CPU @ 2.50GHz,Intel(R) Xeon(R) Platinum 8259CL CPU @ 2.50GHz,Intel
m5n.large,us-east-1,use1-az2,3,50.0,50.0,3.0,0.119,0.0534,55,m5n,General,m,2.0,8.0,23159.3202476,Intel(R) Xeon(R) Platinum 8259CL CPU @ 2.50GHz,Intel(R) Xeon(R) Platinum 8259CL CPU @ 2.50GHz,Intel
m5n.large,us-east-1,use1-az4,3,50.0,50.0,3.0,0.119,0.0571,52,m5n,General,m,2.0,8.0,23159.3202476,Intel(R) Xeon(R) Platinum 8259CL CPU @ 2.50GHz,Intel(R) Xeon(R) Platinum 8259CL CPU @ 2.50GHz,Intel
m5n.large,us-east-1,use1-az5,3,30.0,45.0,3.0,0.119,0.0488,58,m5n,General,m,2.0,8.0,23159.3202476,Intel(R) Xeon(R) Platinum 8259CL CPU @ 2.50GHz,Intel(R) Xeon(R) Platinum 8259CL CPU @ 2.50GHz,Intel
m5n.large,us-east-1,use1-az6,3,35.0,50.0,3.0,0.119,0.0543,54,m5n,General,m,2.0,8.0,23159.3202476,Intel(R) Xeon(R) Platinum 8259CL CPU @ 2.50GHz,Intel(R) Xeon(R) Platinum 8259CL CPU @ 2.50GHz,Intel
m5n.xlarge,us-east-1,use1-az1,3,50.0,50.0,2.5,0.238,0.0969,59,m5n,General,m,4.0,16.0,23910.0750202,Intel(R) Xeon(R) Platinum 8259CL CPU @ 2.50GHz,Intel(R) Xeon(R) Platinum 8259CL CPU @ 2.50GHz,Intel
m5n.xlarge,us-east-1,use1-az2,3,50.0,50.0,2.5,0.238,0.0925,61,m5n,General,m,4.0,16.0,23910.0750202,Intel(R) Xeon(R) Platinum 8259CL CPU @ 2.50GHz,Intel(R) Xeon(R) Platinum 8259CL CPU @ 2.50GHz,Intel
m5n.xlarge,us-east-1,use1-az4,3,50.0,50.0,2.5,0.238,0.1181,50,m5n,General,m,4.0,16.0,23910.0750202,Intel(R) Xeon(R) Platinum 8259CL CPU @ 2.50GHz,Intel(R) Xeon(R) Platinum 8259CL CPU @ 2.50GHz,Intel
m5n.xlarge,us-east-1,use1-az5,3,10.0,10.0,2.5,0.238,0.1292,45,m5n,General,m,4.0,16.0,23910.0750202,Intel(R) Xeon(R) Platinum 8259CL CPU @ 2.50GHz,Intel(R) Xeon(R) Platinum 8259CL CPU @ 2.50GHz,Intel
m5n.xlarge,us-east-1,use1-az6,3,50.0,50.0,2.5,0.238,0.1216,48,m5n,General,m,4.0,16.0,23910.0750202,Intel(R) Xeon(R) Platinum 8259CL CPU @ 2.50GHz,Intel(R) Xeon(R) Platinum 8259CL CPU @ 2.50GHz,Intel
m5zn.12xlarge,us-east-1,use1-az1,3,5.0,10.0,2.5,3.9641,1.7682,55,m5zn,General,m,48.0,192.0,33670.963411,Intel(R) Xeon(R) Platinum 8252C CPU @ 3.80GHz,Intel(R) Xeon(R) Platinum 8252C CPU @ 3.80GHz,Intel
m5zn.12xlarge,us-east-1,use1-az2,3,1.0,5.0,2.5,3.9641,1.7678,55,m5zn,General,m,48.0,192.0,33670.963411,Intel(R) Xeon(R) Platinum 8252C CPU @ 3.80GHz,Intel(R) Xeon(R) Platinum 8252C CPU @ 3.80GHz,Intel
m5zn.12xlarge,us-east-1,use1-az4,3,20.0,30.0,2.5,3.9641,1.573,60,m5zn,General,m,48.0,192.0,33670.963411,Intel(R) Xeon(R) Platinum 8252C CPU @ 3.80GHz,Intel(R) Xeon(R) Platinum 8252C CPU @ 3.80GHz,Intel
m5zn.12xlarge,us-east-1,use1-az5,3,1.0,1.0,2.5,3.9641,1.5765,60,m5zn,General,m,48.0,192.0,33670.963411,Intel(R) Xeon(R) Platinum 8252C CPU @ 3.80GHz,Intel(R) Xeon(R) Platinum 8252C CPU @ 3.80GHz,Intel
m5zn.12xlarge,us-east-1,use1-az6,3,10.0,15.0,2.5,3.9641,1.5734,60,m5zn,General,m,48.0,192.0,33670.963411,Intel(R) Xeon(R) Platinum 8252C CPU @ 3.80GHz,Intel(R) Xeon(R) Platinum 8252C CPU @ 3.80GHz,Intel
m5zn.2xlarge,us-east-1,use1-az1,3,10.0,15.0,2.5,0.6607,0.3354,49,m5zn,General,m,8.0,32.0,33697.7305016,Intel(R) Xeon(R) Platinum 8252C CPU @ 3.80GHz,Intel(R) Xeon(R) Platinum 8252C CPU @ 3.80GHz,Intel
m5zn.2xlarge,us-east-1,use1-az2,3,10.0,15.0,2.5,0.6607,0.2811,57,m5zn,General,m,8.0,32.0,33697.7305016,Intel(R) Xeon(R) Platinum 8252C CPU @ 3.80GHz,Intel(R) Xeon(R) Platinum 8252C CPU @ 3.80GHz,Intel
m5zn.2xlarge,us-east-1,use1-az4,3,5.0,10.0,2.5,0.6607,0.2723,58,m5zn,General,m,8.0,32.0,33697.7305016,Intel(R) Xeon(R) Platinum 8252C CPU @ 3.80GHz,Intel(R) Xeon(R) Platinum 8252C CPU @ 3.80GHz,Intel
m5zn.2xlarge,us-east-1,use1-az5,3,1.0,5.0,2.5,0.6607,0.2755,58,m5zn,General,m,8.0,32.0,33697.7305016,Intel(R) Xeon(R) Platinum 8252C CPU @ 3.80GHz,Intel(R) Xeon(R) Platinum 8252C CPU @ 3.80GHz,Intel
m5zn.2xlarge,us-east-1,use1-az6,3,25.0,40.0,2.5,0.6607,0.2817,57,m5zn,General,m,8.0,32.0,33697.7305016,Intel(R) Xeon(R) Platinum 8252C CPU @ 3.80GHz,Intel(R) Xeon(R) Platinum 8252C CPU @ 3.80GHz,Intel
m5zn.3xlarge,us-east-1,use1-az1,3,1.0,5.0,2.5,0.991,0.5106,48,m5zn,General,m,12.0,48.0,33696.603652000005,Intel(R) Xeon(R) Platinum 8252C CPU @ 3.80GHz,Intel(R) Xeon(R) Platinum 8252C CPU @ 3.80GHz,Intel
m5zn.3xlarge,us-east-1,use1-az2,3,1.0,1.0,2.5,0.991,0.5645,43,m5zn,General,m,12.0,48.0,33696.603652000005,Intel(R) Xeon(R) Platinum 8252C CPU @ 3.80GHz,Intel(R) Xeon(R) Platinum 8252C CPU @ 3.80GHz,Intel
m5zn.3xlarge,us-east-1,use1-az4,3,1.0,1.0,2.5,0.991,0.5077,48,m5zn,General,m,12.0,48.0,33696.603652000005,Intel(R) Xeon(R) Platinum 8252C CPU @ 3.80GHz,Intel(R) Xeon(R) Platinum 8252C CPU @ 3.80GHz,Intel
m5zn.3xlarge,us-east-1,use1-az5,3,1.0,1.0,2.5,0.991,0.5184,47,m5zn,General,m,12.0,48.0,33696.603652000005,Intel(R) Xeon(R) Platinum 8252C CPU @ 3.80GHz,Intel(R) Xeon(R) Platinum 8252C CPU @ 3.80GHz,Intel
m5zn.3xlarge,us-east-1,use1-az6,3,1.0,5.0,2.5,0.991,0.6645,32,m5zn,General,m,12.0,48.0,33696.603652000005,Intel(R) Xeon(R) Platinum 8252C CPU @ 3.80GHz,Intel(R) Xeon(R) Platinum 8252C CPU @ 3.80GHz,Intel
m5zn.6xlarge,us-east-1,use1-az1,3,1.0,1.0,2.0,1.982,1.0371,47,m5zn,General,m,24.0,96.0,33686.5983748,Intel(R) Xeon(R) Platinum 8252C CPU @ 3.80GHz,Intel(R) Xeon(R) Platinum 8252C CPU @ 3.80GHz,Intel
m5zn.6xlarge,us-east-1,use1-az2,3,1.0,1.0,2.0,1.982,1.0168,48,m5zn,General,m,24.0,96.0,33686.5983748,Intel(R) Xeon(R) Platinum 8252C CPU @ 3.80GHz,Intel(R) Xeon(R) Platinum 8252C CPU @ 3.80GHz,Intel
m5zn.6xlarge,us-east-1,use1-az4,3,1.0,1.0,2.0,1.982,0.9637,51,m5zn,General,m,24.0,96.0,33686.5983748,Intel(R) Xeon(R) Platinum 8252C CPU @ 3.80GHz,Intel(R) Xeon(R) Platinum 8252C CPU @ 3.80GHz,Intel
m5zn.6xlarge,us-east-1,use1-az5,3,1.0,1.0,2.0,1.982,1.1237,43,m5zn,General,m,24.0,96.0,33686.5983748,Intel(R) Xeon(R) Platinum 8252C CPU @ 3.80GHz,Intel(R) Xeon(R) Platinum 8252C CPU @ 3.80GHz,Intel
m5zn.6xlarge,us-east-1,use1-az6,3,1.0,1.0,2.0,1.982,1.0551,46,m5zn,General,m,24.0,96.0,33686.5983748,Intel(R) Xeon(R) Platinum 8252C CPU @ 3.80GHz,Intel(R) Xeon(R) Platinum 8252C CPU @ 3.80GHz,Intel
m5zn.large,us-east-1,use1-az1,3,35.0,50.0,3.0,0.1652,0.0784,52,m5zn,General,m,2.0,8.0,33689.556138600004,Intel(R) Xeon(R) Platinum 8252C CPU @ 3.80GHz,Intel(R) Xeon(R) Platinum 8252C CPU @ 3.80GHz,Intel
m5zn.large,us-east-1,use1-az2,3,25.0,35.0,3.0,0.1652,0.0612,62,m5zn,General,m,2.0,8.0,33689.556138600004,Intel(R) Xeon(R) Platinum 8252C CPU @ 3.80GHz,Intel(R) Xeon(R) Platinum 8252C CPU @ 3.80GHz,Intel
m5zn.large,us-east-1,use1-az4,3,20.0,30.0,3.0,0.1652,0.0722,56,m5zn,General,m,2.0,8.0,33689.556138600004,Intel(R) Xeon(R) Platinum 8252C CPU @ 3.80GHz,Intel(R) Xeon(R) Platinum 8252C CPU @ 3.80GHz,Intel
m5zn.large,us-east-1,use1-az5,3,15.0,25.0,3.0,0.1652,0.0473,71,m5zn,General,m,2.0,8.0,33689.556138600004,Intel(R) Xeon(R) Platinum 8252C CPU @ 3.80GHz,Intel(R) Xeon(R) Platinum 8252C CPU @ 3.80GHz,Intel
m5zn.large,us-east-1,use1-az6,3,30.0,45.0,3.0,0.1652,0.0771,53,m5zn,General,m,2.0,8.0,33689.556138600004,Intel(R) Xeon(R) Platinum 8252C CPU @ 3.80GHz,Intel(R) Xeon(R) Platinum 8252C CPU @ 3.80GHz,Intel
m5zn.xlarge,us-east-1,use1-az1,3,5.0,10.0,2.5,0.3303,0.1614,51,m5zn,General,m,4.0,16.0,33664.189208799995,Intel(R) Xeon(R) Platinum 8252C CPU @ 3.80GHz,Intel(R) Xeon(R) Platinum 8252C CPU @ 3.80GHz,Intel
m5zn.xlarge,us-east-1,use1-az2,3,5.0,10.0,2.5,0.3303,0.1736,47,m5zn,General,m,4.0,16.0,33664.189208799995,Intel(R) Xeon(R) Platinum 8252C CPU @ 3.80GHz,Intel(R) Xeon(R) Platinum 8252C CPU @ 3.80GHz,Intel
m5zn.xlarge,us-east-1,use1-az4,3,5.0,5.0,2.5,0.3303,0.2255,31,m5zn,General,m,4.0,16.0,33664.189208799995,Intel(R) Xeon(R) Platinum 8252C CPU @ 3.80GHz,Intel(R) Xeon(R) Platinum 8252C CPU @ 3.80GHz,Intel
m5zn.xlarge,us-east-1,use1-az5,3,5.0,5.0,2.5,0.3303,0.1458,55,m5zn,General,m,4.0,16.0,33664.189208799995,Intel(R) Xeon(R) Platinum 8252C CPU @ 3.80GHz,Intel(R) Xeon(R) Platinum 8252C CPU @ 3.80GHz,Intel
m5zn.xlarge,us-east-1,use1-az6,3,10.0,15.0,2.5,0.3303,0.1426,56,m5zn,General,m,4.0,16.0,33664.189208799995,Intel(R) Xeon(R) Platinum 8252C CPU @ 3.80GHz,Intel(R) Xeon(R) Platinum 8252C CPU @ 3.80GHz,Intel
m6a.12xlarge,us-east-1,use1-az1,3,30.0,45.0,1.0,2.0736,0.708,65,m6a,General,m,48.0,192.0,33522.85611420001,AMD EPYC 7R13 Processor,AMD EPYC 7R13 Processor,AMD
m6a.12xlarge,us-east-1,use1-az2,3,5.0,5.0,1.0,2.0736,0.7924,61,m6a,General,m,48.0,192.0,33522.85611420001,AMD EPYC 7R13 Processor,AMD EPYC 7R13 Processor,AMD
m6a.12xlarge,us-east-1,use1-az4,3,45.0,50.0,1.0,2.0736,0.6007,71,m6a,General,m,48.0,192.0,33522.85611420001,AMD EPYC 7R13 Processor,AMD EPYC 7R13 Processor,AMD
m6a.12xlarge,us-east-1,use1-az5,3,1.0,1.0,1.0,2.0736,0.8094,60,m6a,General,m,48.0,192.0,33522.85611420001,AMD EPYC 7R13 Processor,AMD EPYC 7R13 Processor,AMD
m6a.12xlarge,us-east-1,use1-az6,3,10.0,20.0,1.0,2.0736,0.6344,69,m6a,General,m,48.0,192.0,33522.85611420001,AMD EPYC 7R13 Processor,AMD EPYC 7R13 Processor,AMD
m6a.16xlarge,us-east-1,use1-az1,3,20.0,25.0,1.0,2.7648,1.0283,62,m6a,General,m,64.0,256.0,33364.7009806,AMD EPYC 7R13 Processor,AMD EPYC 7R13 Processor,AMD
m6a.16xlarge,us-east-1,use1-az2,3,10.0,15.0,1.0,2.7648,0.9342,66,m6a,General,m,64.0,256.0,33364.7009806,AMD EPYC 7R13 Processor,AMD EPYC 7R13 Processor,AMD
m6a.16xlarge,us-east-1,use1-az4,3,15.0,30.0,1.0,2.7648,0.8611,68,m6a,General,m,64.0,256.0,33364.7009806,AMD EPYC 7R13 Processor,AMD EPYC 7R13 Processor,AMD
m6a.16xlarge,us-east-1,use1-az5,3,1.0,5.0,1.0,2.7648,0.9261,66,m6a,General,m,64.0,256.0,33364.7009806,AMD EPYC 7R13 Processor,AMD EPYC 7R13 Processor,AMD
m6a.16xlarge,us-east-1,use1-az6,3,5.0,5.0,1.0,2.7648,0.8655,68,m6a,General,m,64.0,256.0,33364.7009806,AMD EPYC 7R13 Processor,AMD EPYC 7R13 Processor,AMD
m6a.24xlarge,us-east-1,use1-az1,3,20.0,25.0,1.0,4.1472,1.3045,68,m6a,General,m,96.0,384.0,33350.926862800006,AMD EPYC 7R13 Processor,AMD EPYC 7R13 Processor,AMD
m6a.24xlarge,us-east-1,use1-az2,3,15.0,20.0,1.0,4.1472,1.1408,72,m6a,General,m,96.0,384.0,33350.926862800006,AMD EPYC 7R13 Processor,AMD EPYC 7R13 Processor,AMD
m6a.24xlarge,us-east-1,use1-az4,3,5.0,10.0,1.0,4.1472,1.2064,70,m6a,General,m,96.0,384.0,33350.926862800006,AMD EPYC 7R13 Processor,AMD EPYC 7R13 Processor,AMD
m6a.24xlarge,us-east-1,use1-az5,3,50.0,50.0,1.0,4.1472,1.0683,74,m6a,General,m,96.0,384.0,33350.926862800006,AMD EPYC 7R13 Processor,AMD EPYC 7R13 Processor,AMD
m6a.24xlarge,us-east-1,use1-az6,3,5.0,10.0,1.0,4.1472,1.1512,72,m6a,General,m,96.0,384.0,33350.926862800006,AMD EPYC 7R13 Processor,AMD EPYC 7R13 Processor,AMD
m6a.2xlarge,us-east-1,use1-az1,3,35.0,45.0,1.5,0.3456,0.1827,47,m6a,General,m,8.0,32.0,33335.892700200005,AMD EPYC 7R13 Processor,AMD EPYC 7R13 Processor,AMD
m6a.2xlarge,us-east-1,use1-az2,3,50.0,50.0,1.5,0.3456,0.155,55,m6a,General,m,8.0,32.0,33335.892700200005,AMD EPYC 7R13 Processor,AMD EPYC 7R13 Processor,AMD
m6a.2xlarge,us-east-1,use1-az4,3,50.0,50.0,1.5,0.3456,0.1526,55,m6a,General,m,8.0,32.0,33335.892700200005,AMD EPYC 7R13 Processor,AMD EPYC 7R13 Processor,AMD
m6a.2xlarge,us-east-1,use1-az5,3,40.0,50.0,1.5,0.3456,0.1385,59,m6a,General,m,8.0,32.0,33335.892700200005,AMD EPYC 7R13 Processor,AMD EPYC 7R13 Processor,AMD
m6a.2xlarge,us-east-1,use1-az6,3,50.0,50.0,1.5,0.3456,0.1622,53,m6a,General,m,8.0,32.0,33335.892700200005,AMD EPYC 7R13 Processor,AMD EPYC 7R13 Processor,AMD
m6a.32xlarge,us-east-1,use1-az1,3,10.0,15.0,1.0,5.5296,1.5187,72,m6a,General,m,128.0,512.0,34260.509088,AMD EPYC 7R13 Processor,AMD EPYC 7R13 Processor,AMD
m6a.32xlarge,us-east-1,use1-az2,3,1.0,1.0,1.0,5.5296,1.6577,70,m6a,General,m,128.0,512.0,34260.509088,AMD EPYC 7R13 Processor,AMD EPYC 7R13 Processor,AMD
m6a.32xlarge,us-east-1,use1-az4,3,1.0,1.0,1.0,5.5296,1.6559,70,m6a,General,m,128.0,512.0,34260.509088,AMD EPYC 7R13 Processor,AMD EPYC 7R13 Processor,AMD
m6a.32xlarge,us-east-1,use1-az5,3,10.0,15.0,1.0,5.5296,1.5838,71,m6a,General,m,128.0,512.0,34260.509088,AMD EPYC 7R13 Processor,AMD EPYC 7R13 Processor,AMD
m6a.32xlarge,us-east-1,use1-az6,3,1.0,1.0,1.0,5.5296,1.4943,72,m6a,General,m,128.0,512.0,34260.509088,AMD EPYC 7R13 Processor,AMD EPYC 7R13 Processor,AMD
m6a.48xlarge,us-east-1,use1-az1,3,20.0,35.0,1.0,8.2944,2.2137,73,m6a,General,m,192.0,768.0,33360.0555802,AMD EPYC 7R13 Processor,AMD EPYC 7R13 Processor,AMD
m6a.48xlarge,us-east-1,use1-az2,3,1.0,1.0,1.0,8.2944,2.8254,65,m6a,General,m,192.0,768.0,33360.0555802,AMD EPYC 7R13 Processor,AMD EPYC 7R13 Processor,AMD
m6a.48xlarge,us-east-1,use1-az4,3,1.0,1.0,1.0,8.2944,2.4328,70,m6a,General,m,192.0,768.0,33360.0555802,AMD EPYC 7R13 Processor,AMD EPYC 7R13 Processor,AMD
m6a.48xlarge,us-east-1,use1-az5,3,10.0,15.0,1.0,8.2944,1.7682,78,m6a,General,m,192.0,768.0,33360.0555802,AMD EPYC 7R13 Processor,AMD EPYC 7R13 Processor,AMD
m6a.48xlarge,us-east-1,use1-az6,3,1.0,1.0,1.0,8.2944,2.366,71,m6a,General,m,192.0,768.0,33360.0555802,AMD EPYC 7R13 Processor,AMD EPYC 7R13 Processor,AMD
m6a.4xlarge,us-east-1,use1-az1,3,50.0,50.0,2.0,0.6912,0.3095,55,m6a,General,m,16.0,64.0,33325.586020400006,AMD EPYC 7R13 Processor,AMD EPYC 7R13 Processor,AMD
m6a.4xlarge,us-east-1,use1-az2,3,50.0,50.0,2.0,0.6912,0.3172,54,m6a,General,m,16.0,64.0,33325.586020400006,AMD EPYC 7R13 Processor,AMD EPYC 7R13 Processor,AMD
m6a.4xlarge,us-east-1,use1-az4,3,50.0,50.0,2.0,0.6912,0.319,53,m6a,General,m,16.0,64.0,33325.586020400006,AMD EPYC 7R13 Processor,AMD EPYC 7R13 Processor,AMD
m6a.4xlarge,us-east-1,use1-az5,3,50.0,50.0,2.0,0.6912,0.3067,55,m6a,General,m,16.0,64.0,33325.586020400006,AMD EPYC 7R13 Processor,AMD EPYC 7R13 Processor,AMD
m6a.4xlarge,us-east-1,use1-az6,3,50.0,50.0,2.0,0.6912,0.3563,48,m6a,General,m,16.0,64.0,33325.586020400006,AMD EPYC 7R13 Processor,AMD EPYC 7R13 Processor,AMD
m6a.8xlarge,us-east-1,use1-az1,3,50.0,50.0,1.0,1.3824,0.626,54,m6a,General,m,32.0,128.0,33327.5873404,AMD EPYC 7R13 Processor,AMD EPYC 7R13 Processor,AMD
m6a.8xlarge,us-east-1,use1-az2,3,50.0,50.0,1.0,1.3824,0.4782,65,m6a,General,m,32.0,128.0,33327.5873404,AMD EPYC 7R13 Processor,AMD EPYC 7R13 Processor,AMD
m6a.8xlarge,us-east-1,use1-az4,3,50.0,50.0,1.0,1.3824,0.5023,63,m6a,General,m,32.0,128.0,33327.5873404,AMD EPYC 7R13 Processor,AMD EPYC 7R13 Processor,AMD
m6a.8xlarge,us-east-1,use1-az5,3,40.0,50.0,1.0,1.3824,0.5407,60,m6a,General,m,32.0,128.0,33327.5873404,AMD EPYC 7R13 Processor,AMD EPYC 7R13 Processor,AMD
m6a.8xlarge,us-east-1,use1-az6,3,50.0,50.0,1.0,1.3824,0.4389,68,m6a,General,m,32.0,128.0,33327.5873404,AMD EPYC 7R13 Processor,AMD EPYC 7R13 Processor,AMD
m6a.large,us-east-1,use1-az1,3,50.0,50.0,2.5,0.0864,0.0388,55,m6a,General,m,2.0,8.0,33335.858609400006,AMD EPYC 7R13 Processor,AMD EPYC 7R13 Processor,AMD
m6a.large,us-east-1,use1-az2,3,50.0,50.0,2.5,0.0864,0.0444,48,m6a,General,m,2.0,8.0,33335.858609400006,AMD EPYC 7R13 Processor,AMD EPYC 7R13 Processor,AMD
m6a.large,us-east-1,use1-az4,3,50.0,50.0,2.5,0.0864,0.0308,64,m6a,General,m,2.0,8.0,33335.858609400006,AMD EPYC 7R13 Processor,AMD EPYC 7R13 Processor,AMD
m6a.large,us-east-1,use1-az5,3,50.0,50.0,2.5,0.0864,0.0336,61,m6a,General,m,2.0,8.0,33335.858609400006,AMD EPYC 7R13 Processor,AMD EPYC 7R13 Processor,AMD
m6a.large,us-east-1,use1-az6,3,50.0,50.0,2.5,0.0864,0.0316,63,m6a,General,m,2.0,8.0,33335.858609400006,AMD EPYC 7R13 Processor,AMD EPYC 7R13 Processor,AMD
m6a.xlarge,us-east-1,use1-az1,3,50.0,50.0,1.5,0.1728,0.0833,51,m6a,General,m,4.0,16.0,33287.7836416,AMD EPYC 7R13 Processor,AMD EPYC 7R13 Processor,AMD
m6a.xlarge,us-east-1,use1-az2,3,50.0,50.0,1.5,0.1728,0.0662,61,m6a,General,m,4.0,16.0,33287.7836416,AMD EPYC 7R13 Processor,AMD EPYC 7R13 Processor,AMD
m6a.xlarge,us-east-1,use1-az4,3,50.0,50.0,1.5,0.1728,0.0739,57,m6a,General,m,4.0,16.0,33287.7836416,AMD EPYC 7R13 Processor,AMD EPYC 7R13 Processor,AMD
m6a.xlarge,us-east-1,use1-az5,3,30.0,45.0,1.5,0.1728,0.0698,59,m6a,General,m,4.0,16.0,33287.7836416,AMD EPYC 7R13 Processor,AMD EPYC 7R13 Processor,AMD
m6a.xlarge,us-east-1,use1-az6,3,50.0,50.0,1.5,0.1728,0.0695,59,m6a,General,m,4.0,16.0,33287.7836416,AMD EPYC 7R13 Processor,AMD EPYC 7R13 Processor,AMD
m6g.12xlarge,us-east-1,use1-az1,3,35.0,50.0,1.0,1.848,0.4165,77,m6g,General,m,48.0,192.0,19342.9599576,AWS Graviton2 Processor,Neoverse-N1,AWS
m6g.12xlarge,us-east-1,use1-az2,3,50.0,50.0,1.0,1.848,0.5012,72,m6g,General,m,48.0,192.0,19342.9599576,AWS Graviton2 Processor,Neoverse-N1,AWS
m6g.12xlarge,us-east-1,use1-az4,3,50.0,50.0,1.0,1.848,0.4606,75,m6g,General,m,48.0,192.0,19342.9599576,AWS Graviton2 Processor,Neoverse-N1,AWS
m6g.12xlarge,us-east-1,use1-az5,3,1.0,5.0,1.0,1.848,0.5719,69,m6g,General,m,48.0,192.0,19342.9599576,AWS Graviton2 Processor,Neoverse-N1,AWS
m6g.12xlarge,us-east-1,use1-az6,3,50.0,50.0,1.0,1.848,0.4037,78,m6g,General,m,48.0,192.0,19342.9599576,AWS Graviton2 Processor,Neoverse-N1,AWS
m6g.16xlarge,us-east-1,use1-az1,3,20.0,35.0,3.0,2.464,0.8774,64,m6g,General,m,64.0,256.0,19336.6024214,AWS Graviton2 Processor,Neoverse-N1,AWS
m6g.16xlarge,us-east-1,use1-az2,3,50.0,50.0,3.0,2.464,0.6871,72,m6g,General,m,64.0,256.0,19336.6024214,AWS Graviton2 Processor,Neoverse-N1,AWS
m6g.16xlarge,us-east-1,use1-az4,3,50.0,50.0,3.0,2.464,0.7439,69,m6g,General,m,64.0,256.0,19336.6024214,AWS Graviton2 Processor,Neoverse-N1,AWS
m6g.16xlarge,us-east-1,use1-az5,3,20.0,35.0,3.0,2.464,0.7057,71,m6g,General,m,64.0,256.0,19336.6024214,AWS Graviton2 Processor,Neoverse-N1,AWS
m6g.16xlarge,us-east-1,use1-az6,3,50.0,50.0,3.0,2.464,0.7167,70,m6g,General,m,64.0,256.0,19336.6024214,AWS Graviton2 Processor,Neoverse-N1,AWS
m6g.2xlarge,us-east-1,use1-az1,3,50.0,50.0,2.5,0.308,0.099,67,m6g,General,m,8.0,32.0,19342.736360200004,AWS Graviton2 Processor,Neoverse-N1,AWS
m6g.2xlarge,us-east-1,use1-az2,3,50.0,50.0,2.5,0.308,0.118,61,m6g,General,m,8.0,32.0,19342.736360200004,AWS Graviton2 Processor,Neoverse-N1,AWS
m6g.2xlarge,us-east-1,use1-az4,3,50.0,50.0,2.5,0.308,0.1177,61,m6g,General,m,8.0,32.0,19342.736360200004,AWS Graviton2 Processor,Neoverse-N1,AWS
m6g.2xlarge,us-east-1,use1-az5,3,50.0,50.0,2.5,0.308,0.1043,66,m6g,General,m,8.0,32.0,19342.736360200004,AWS Graviton2 Processor,Neoverse-N1,AWS
m6g.2xlarge,us-east-1,use1-az6,3,50.0,50.0,2.5,0.308,0.1219,60,m6g,General,m,8.0,32.0,19342.736360200004,AWS Graviton2 Processor,Neoverse-N1,AWS
m6g.4xlarge,us-east-1,use1-az1,3,50.0,50.0,2.0,0.616,0.2062,66,m6g,General,m,16.0,64.0,19335.256272,AWS Graviton2 Processor,Neoverse-N1,AWS
m6g.4xlarge,us-east-1,use1-az2,3,50.0,50.0,2.0,0.616,0.2216,64,m6g,General,m,16.0,64.0,19335.256272,AWS Graviton2 Processor,Neoverse-N1,AWS
m6g.4xlarge,us-east-1,use1-az4,3,50.0,50.0,2.0,0.616,0.237,61,m6g,General,m,16.0,64.0,19335.256272,AWS Graviton2 Processor,Neoverse-N1,AWS
m6g.4xlarge,us-east-1,use1-az5,3,50.0,50.0,2.0,0.616,0.187,69,m6g,General,m,16.0,64.0,19335.256272,AWS Graviton2 Processor,Neoverse-N1,AWS
m6g.4xlarge,us-east-1,use1-az6,3,50.0,50.0,2.0,0.616,0.2009,67,m6g,General,m,16.0,64.0,19335.256272,AWS Graviton2 Processor,Neoverse-N1,AWS
m6g.8xlarge,us-east-1,use1-az1,3,35.0,40.0,2.0,1.232,0.4793,61,m6g,General,m,32.0,128.0,19339.593148599997,AWS Graviton2 Processor,Neoverse-N1,AWS
m6g.8xlarge,us-east-1,use1-az2,3,50.0,50.0,2.0,1.232,0.3891,68,m6g,General,m,32.0,128.0,19339.593148599997,AWS Graviton2 Processor,Neoverse-N1,AWS
m6g.8xlarge,us-east-1,use1-az4,3,50.0,50.0,2.0,1.232,0.3908,68,m6g,General,m,32.0,128.0,19339.593148599997,AWS Graviton2 Processor,Neoverse-N1,AWS
m6g.8xlarge,us-east-1,use1-az5,3,40.0,50.0,2.0,1.232,0.4016,67,m6g,General,m,32.0,128.0,19339.593148599997,AWS Graviton2 Processor,Neoverse-N1,AWS
m6g.8xlarge,us-east-1,use1-az6,3,50.0,50.0,2.0,1.232,0.3514,71,m6g,General,m,32.0,128.0,19339.593148599997,AWS Graviton2 Processor,Neoverse-N1,AWS
m6g.large,us-east-1,use1-az1,3,15.0,50.0,2.0,0.077,0.0325,57,m6g,General,m,2.0,8.0,19337.722871600003,AWS Graviton2 Processor,Neoverse-N1,AWS
m6g.large,us-east-1,use1-az2,3,50.0,50.0,2.0,0.077,0.0303,60,m6g,General,m,2.0,8.0,19337.722871600003,AWS Graviton2 Processor,Neoverse-N1,AWS
m6g.large,us-east-1,use1-az4,3,50.0,50.0,2.0,0.077,0.0285,62,m6g,General,m,2.0,8.0,19337.722871600003,AWS Graviton2 Processor,Neoverse-N1,AWS
m6g.large,us-east-1,use1-az5,3,50.0,50.0,2.0,0.077,0.0276,64,m6g,General,m,2.0,8.0,19337.722871600003,AWS Graviton2 Processor,Neoverse-N1,AWS
m6g.large,us-east-1,use1-az6,3,50.0,50.0,2.0,0.077,0.0309,59,m6g,General,m,2.0,8.0,19337.722871600003,AWS Graviton2 Processor,Neoverse-N1,AWS
m6g.medium,us-east-1,use1-az1,3,35.0,50.0,2.0,0.0385,0.0126,67,m6g,General,m,1.0,4.0,19328.8387944,AWS Graviton2 Processor,Neoverse-N1,AWS
m6g.medium,us-east-1,use1-az2,3,35.0,50.0,2.0,0.0385,0.0137,64,m6g,General,m,1.0,4.0,19328.8387944,AWS Graviton2 Processor,Neoverse-N1,AWS
m6g.medium,us-east-1,use1-az4,3,20.0,30.0,2.0,0.0385,0.0153,60,m6g,General,m,1.0,4.0,19328.8387944,AWS Graviton2 Processor,Neoverse-N1,AWS
m6g.medium,us-east-1,use1-az5,3,20.0,30.0,2.0,0.0385,0.0125,67,m6g,General,m,1.0,4.0,19328.8387944,AWS Graviton2 Processor,Neoverse-N1,AWS
m6g.medium,us-east-1,use1-az6,3,25.0,40.0,2.0,0.0385,0.0165,57,m6g,General,m,1.0,4.0,19328.8387944,AWS Graviton2 Processor,Neoverse-N1,AWS
m6g.xlarge,us-east-1,use1-az1,3,50.0,50.0,2.5,0.154,0.0553,64,m6g,General,m,4.0,16.0,19339.4457884,AWS Graviton2 Processor,Neoverse-N1,AWS
m6g.xlarge,us-east-1,use1-az2,3,50.0,50.0,2.5,0.154,0.0464,69,m6g,General,m,4.0,16.0,19339.4457884,AWS Graviton2 Processor,Neoverse-N1,AWS
m6g.xlarge,us-east-1,use1-az4,3,50.0,50.0,2.5,0.154,0.0471,69,m6g,General,m,4.0,16.0,19339.4457884,AWS Graviton2 Processor,Neoverse-N1,AWS
m6g.xlarge,us-east-1,use1-az5,3,50.0,50.0,2.5,0.154,0.0465,69,m6g,General,m,4.0,16.0,19339.4457884,AWS Graviton2 Processor,Neoverse-N1,AWS
m6g.xlarge,us-east-1,use1-az6,3,50.0,50.0,2.5,0.154,0.049,68,m6g,General,m,4.0,16.0,19339.4457884,AWS Graviton2 Processor,Neoverse-N1,AWS
m6gd.12xlarge,us-east-1,use1-az1,3,1.0,1.0,1.0,2.1696,0.6767,68,m6gd,General,m,48.0,192.0,19335.2564,AWS Graviton2 Processor,Neoverse-N1,AWS
m6gd.12xlarge,us-east-1,use1-az2,1,0.0,0.0,1.0,2.1696,0.7239,66,m6gd,General,m,48.0,192.0,19335.2564,AWS Graviton2 Processor,Neoverse-N1,AWS
m6gd.12xlarge,us-east-1,use1-az4,1,0.0,0.0,1.0,2.1696,0.5986,72,m6gd,General,m,48.0,192.0,19335.2564,AWS Graviton2 Processor,Neoverse-N1,AWS
m6gd.12xlarge,us-east-1,use1-az5,3,35.0,50.0,1.0,2.1696,0.6092,71,m6gd,General,m,48.0,192.0,19335.2564,AWS Graviton2 Processor,Neoverse-N1,AWS
m6gd.12xlarge,us-east-1,use1-az6,3,5.0,5.0,1.0,2.1696,0.6755,68,m6gd,General,m,48.0,192.0,19335.2564,AWS Graviton2 Processor,Neoverse-N1,AWS
m6gd.16xlarge,us-east-1,use1-az1,3,15.0,25.0,3.0,2.8928,1.4251,50,m6gd,General,m,64.0,256.0,19339.2938,AWS Graviton2 Processor,Neoverse-N1,AWS
m6gd.16xlarge,us-east-1,use1-az2,3,50.0,50.0,3.0,2.8928,0.829,71,m6gd,General,m,64.0,256.0,19339.2938,AWS Graviton2 Processor,Neoverse-N1,AWS
m6gd.16xlarge,us-east-1,use1-az4,3,50.0,50.0,3.0,2.8928,0.8329,71,m6gd,General,m,64.0,256.0,19339.2938,AWS Graviton2 Processor,Neoverse-N1,AWS
m6gd.16xlarge,us-east-1,use1-az5,3,50.0,50.0,3.0,2.8928,0.7329,74,m6gd,General,m,64.0,256.0,19339.2938,AWS Graviton2 Processor,Neoverse-N1,AWS
m6gd.16xlarge,us-east-1,use1-az6,3,50.0,50.0,3.0,2.8928,0.823,71,m6gd,General,m,64.0,256.0,19339.2938,AWS Graviton2 Processor,Neoverse-N1,AWS
m6gd.2xlarge,us-east-1,use1-az1,3,5.0,5.0,1.0,0.3616,0.1889,47,m6gd,General,m,8.0,32.0,19333.3108,AWS Graviton2 Processor,Neoverse-N1,AWS
m6gd.2xlarge,us-east-1,use1-az2,3,1.0,1.0,1.0,0.3616,0.1543,57,m6gd,General,m,8.0,32.0,19333.3108,AWS Graviton2 Processor,Neoverse-N1,AWS
m6gd.2xlarge,us-east-1,use1-az4,3,20.0,50.0,1.0,0.3616,0.1561,56,m6gd,General,m,8.0,32.0,19333.3108,AWS Graviton2 Processor,Neoverse-N1,AWS
m6gd.2xlarge,us-east-1,use1-az5,3,5.0,15.0,1.0,0.3616,0.1546,57,m6gd,General,m,8.0,32.0,19333.3108,AWS Graviton2 Processor,Neoverse-N1,AWS
m6gd.2xlarge,us-east-1,use1-az6,3,15.0,15.0,1.0,0.3616,0.2172,39,m6gd,General,m,8.0,32.0,19333.3108,AWS Graviton2 Processor,Neoverse-N1,AWS
m6gd.4xlarge,us-east-1,use1-az1,3,1.0,1.0,1.0,0.7232,0.3588,50,m6gd,General,m,16.0,64.0,19333.6849,AWS Graviton2 Processor,Neoverse-N1,AWS
m6gd.4xlarge,us-east-1,use1-az2,3,1.0,1.0,1.0,0.7232,0.3716,48,m6gd,General,m,16.0,64.0,19333.6849,AWS Graviton2 Processor,Neoverse-N1,AWS
m6gd.4xlarge,us-east-1,use1-az4,3,1.0,1.0,1.0,0.7232,0.3435,52,m6gd,General,m,16.0,64.0,19333.6849,AWS Graviton2 Processor,Neoverse-N1,AWS
m6gd.4xlarge,us-east-1,use1-az5,3,40.0,50.0,1.0,0.7232,0.2495,65,m6gd,General,m,16.0,64.0,19333.6849,AWS Graviton2 Processor,Neoverse-N1,AWS
m6gd.4xlarge,us-east-1,use1-az6,3,10.0,15.0,1.0,0.7232,0.3634,49,m6gd,General,m,16.0,64.0,19333.6849,AWS Graviton2 Processor,Neoverse-N1,AWS
m6gd.8xlarge,us-east-1,use1-az1,2,0.0,1.0,1.0,1.4464,0.6865,52,m6gd,General,m,32.0,128.0,19334.1331,AWS Graviton2 Processor,Neoverse-N1,AWS
m6gd.8xlarge,us-east-1,use1-az2,2,0.0,1.0,1.0,1.4464,0.5375,62,m6gd,General,m,32.0,128.0,19334.1331,AWS Graviton2 Processor,Neoverse-N1,AWS
m6gd.8xlarge,us-east-1,use1-az4,1,0.0,0.0,1.0,1.4464,0.4049,72,m6gd,General,m,32.0,128.0,19334.1331,AWS Graviton2 Processor,Neoverse-N1,AWS
m6gd.8xlarge,us-east-1,use1-az5,3,5.0,10.0,1.0,1.4464,0.4841,66,m6gd,General,m,32.0,128.0,19334.1331,AWS Graviton2 Processor,Neoverse-N1,AWS
m6gd.8xlarge,us-east-1,use1-az6,3,40.0,50.0,1.0,1.4464,0.6221,56,m6gd,General,m,32.0,128.0,19334.1331,AWS Graviton2 Processor,Neoverse-N1,AWS
m6gd.large,us-east-1,use1-az1,3,50.0,50.0,2.5,0.0904,0.0384,57,m6gd,General,m,2.0,8.0,19339.6689,AWS Graviton2 Processor,Neoverse-N1,AWS
m6gd.large,us-east-1,use1-az2,3,50.0,50.0,2.5,0.0904,0.0382,57,m6gd,General,m,2.0,8.0,19339.6689,AWS Graviton2 Processor,Neoverse-N1,AWS
m6gd.large,us-east-1,use1-az4,3,20.0,20.0,2.5,0.0904,0.0288,68,m6gd,General,m,2.0,8.0,19339.6689,AWS Graviton2 Processor,Neoverse-N1,AWS
m6gd.large,us-east-1,use1-az5,3,10.0,15.0,2.5,0.0904,0.0303,66,m6gd,General,m,2.0,8.0,19339.6689,AWS Graviton2 Processor,Neoverse-N1,AWS
m6gd.large,us-east-1,use1-az6,3,50.0,50.0,2.5,0.0904,0.0355,60,m6gd,General,m,2.0,8.0,19339.6689,AWS Graviton2 Processor,Neoverse-N1,AWS
m6gd.medium,us-east-1,use1-az1,3,10.0,15.0,2.0,0.0452,0.0132,70,m6gd,General,m,1.0,4.0,19334.5127,AWS Graviton2 Processor,Neoverse-N1,AWS
m6gd.medium,us-east-1,use1-az2,3,15.0,25.0,2.0,0.0452,0.0141,68,m6gd,General,m,1.0,4.0,19334.5127,AWS Graviton2 Processor,Neoverse-N1,AWS
m6gd.medium,us-east-1,use1-az4,3,10.0,20.0,2.0,0.0452,0.0161,64,m6gd,General,m,1.0,4.0,19334.5127,AWS Graviton2 Processor,Neoverse-N1,AWS
m6gd.medium,us-east-1,use1-az5,3,5.0,10.0,2.0,0.0452,0.0131,71,m6gd,General,m,1.0,4.0,19334.5127,AWS Graviton2 Processor,Neoverse-N1,AWS
m6gd.medium,us-east-1,use1-az6,3,5.0,5.0,2.0,0.0452,0.0177,60,m6gd,General,m,1.0,4.0,19334.5127,AWS Graviton2 Processor,Neoverse-N1,AWS
m6gd.xlarge,us-east-1,use1-az1,3,5.0,5.0,1.0,0.1808,0.0959,46,m6gd,General,m,4.0,16.0,19336.1573,AWS Graviton2 Processor,Neoverse-N1,AWS
m6gd.xlarge,us-east-1,use1-az2,3,1.0,5.0,1.0,0.1808,0.0918,49,m6gd,General,m,4.0,16.0,19336.1573,AWS Graviton2 Processor,Neoverse-N1,AWS
m6gd.xlarge,us-east-1,use1-az4,3,1.0,1.0,1.0,0.1808,0.1016,43,m6gd,General,m,4.0,16.0,19336.1573,AWS Graviton2 Processor,Neoverse-N1,AWS
m6gd.xlarge,us-east-1,use1-az5,3,1.0,5.0,1.0,0.1808,0.0938,48,m6gd,General,m,4.0,16.0,19336.1573,AWS Graviton2 Processor,Neoverse-N1,AWS
m6gd.xlarge,us-east-1,use1-az6,3,5.0,10.0,1.0,0.1808,0.1386,23,m6gd,General,m,4.0,16.0,19336.1573,AWS Graviton2 Processor,Neoverse-N1,AWS
m6i.12xlarge,us-east-1,use1-az1,3,1.0,1.0,1.0,2.304,0.9047,60,m6i,General,m,48.0,192.0,28913.2309054,Intel(R) Xeon(R) Platinum 8375C CPU @ 2.90GHz,Intel(R) Xeon(R) Platinum 8375C CPU @ 2.90GHz,Intel
m6i.12xlarge,us-east-1,use1-az2,3,40.0,50.0,1.0,2.304,0.6879,70,m6i,General,m,48.0,192.0,28913.2309054,Intel(R) Xeon(R) Platinum 8375C CPU @ 2.90GHz,Intel(R) Xeon(R) Platinum 8375C CPU @ 2.90GHz,Intel
m6i.12xlarge,us-east-1,use1-az4,3,50.0,50.0,1.0,2.304,0.624,72,m6i,General,m,48.0,192.0,28913.2309054,Intel(R) Xeon(R) Platinum 8375C CPU @ 2.90GHz,Intel(R) Xeon(R) Platinum 8375C CPU @ 2.90GHz,Intel
m6i.12xlarge,us-east-1,use1-az5,3,5.0,10.0,1.0,2.304,0.716,68,m6i,General,m,48.0,192.0,28913.2309054,Intel(R) Xeon(R) Platinum 8375C CPU @ 2.90GHz,Intel(R) Xeon(R) Platinum 8375C CPU @ 2.90GHz,Intel
m6i.12xlarge,us-east-1,use1-az6,3,5.0,20.0,1.0,2.304,0.6101,73,m6i,General,m,48.0,192.0,28913.2309054,Intel(R) Xeon(R) Platinum 8375C CPU @ 2.90GHz,Intel(R) Xeon(R) Platinum 8375C CPU @ 2.90GHz,Intel
m6i.16xlarge,us-east-1,use1-az1,3,15.0,20.0,2.5,3.072,1.8064,41,m6i,General,m,64.0,256.0,29031.286877600003,Intel(R) Xeon(R) Platinum 8375C CPU @ 2.90GHz,Intel(R) Xeon(R) Platinum 8375C CPU @ 2.90GHz,Intel
m6i.16xlarge,us-east-1,use1-az2,3,50.0,50.0,2.5,3.072,1.2878,58,m6i,General,m,64.0,256.0,29031.286877600003,Intel(R) Xeon(R) Platinum 8375C CPU @ 2.90GHz,Intel(R) Xeon(R) Platinum 8375C CPU @ 2.90GHz,Intel
m6i.16xlarge,us-east-1,use1-az4,3,50.0,50.0,2.5,3.072,1.3249,56,m6i,General,m,64.0,256.0,29031.286877600003,Intel(R) Xeon(R) Platinum 8375C CPU @ 2.90GHz,Intel(R) Xeon(R) Platinum 8375C CPU @ 2.90GHz,Intel
m6i.16xlarge,us-east-1,use1-az5,3,35.0,50.0,2.5,3.072,1.36,55,m6i,General,m,64.0,256.0,29031.286877600003,Intel(R) Xeon(R) Platinum 8375C CPU @ 2.90GHz,Intel(R) Xeon(R) Platinum 8375C CPU @ 2.90GHz,Intel
m6i.16xlarge,us-east-1,use1-az6,3,50.0,50.0,2.5,3.072,1.3679,55,m6i,General,m,64.0,256.0,29031.286877600003,Intel(R) Xeon(R) Platinum 8375C CPU @ 2.90GHz,Intel(R) Xeon(R) Platinum 8375C CPU @ 2.90GHz,Intel
m6i.24xlarge,us-east-1,use1-az1,2,0.0,1.0,1.0,4.608,1.3122,71,m6i,General,m,96.0,384.0,29004.035257,Intel(R) Xeon(R) Platinum 8375C CPU @ 2.90GHz,Intel(R) Xeon(R) Platinum 8375C CPU @ 2.90GHz,Intel
m6i.24xlarge,us-east-1,use1-az2,3,5.0,10.0,1.0,4.608,1.2991,71,m6i,General,m,96.0,384.0,29004.035257,Intel(R) Xeon(R) Platinum 8375C CPU @ 2.90GHz,Intel(R) Xeon(R) Platinum 8375C CPU @ 2.90GHz,Intel
m6i.24xlarge,us-east-1,use1-az4,3,15.0,15.0,1.0,4.608,1.2638,72,m6i,General,m,96.0,384.0,29004.035257,Intel(R) Xeon(R) Platinum 8375C CPU @ 2.90GHz,Intel(R) Xeon(R) Platinum 8375C CPU @ 2.90GHz,Intel
m6i.24xlarge,us-east-1,use1-az5,3,15.0,20.0,1.0,4.608,1.1985,73,m6i,General,m,96.0,384.0,29004.035257,Intel(R) Xeon(R) Platinum 8375C CPU @ 2.90GHz,Intel(R) Xeon(R) Platinum 8375C CPU @ 2.90GHz,Intel
m6i.24xlarge,us-east-1,use1-az6,3,1.0,5.0,1.0,4.608,1.4921,67,m6i,General,m,96.0,384.0,29004.035257,Intel(R) Xeon(R) Platinum 8375C CPU @ 2.90GHz,Intel(R) Xeon(R) Platinum 8375C CPU @ 2.90GHz,Intel
m6i.2xlarge,us-east-1,use1-az1,3,50.0,50.0,1.5,0.384,0.1741,54,m6i,General,m,8.0,32.0,28957.3014792,Intel(R) Xeon(R) Platinum 8375C CPU @ 2.90GHz,Intel(R) Xeon(R) Platinum 8375C CPU @ 2.90GHz,Intel
m6i.2xlarge,us-east-1,use1-az2,3,50.0,50.0,1.5,0.384,0.156,59,m6i,General,m,8.0,32.0,28957.3014792,Intel(R) Xeon(R) Platinum 8375C CPU @ 2.90GHz,Intel(R) Xeon(R) Platinum 8375C CPU @ 2.90GHz,Intel
m6i.2xlarge,us-east-1,use1-az4,3,50.0,50.0,1.5,0.384,0.1534,60,m6i,General,m,8.0,32.0,28957.3014792,Intel(R) Xeon(R) Platinum 8375C CPU @ 2.90GHz,Intel(R) Xeon(R) Platinum 8375C CPU @ 2.90GHz,Intel
m6i.2xlarge,us-east-1,use1-az5,3,50.0,50.0,1.5,0.384,0.1426,62,m6i,General,m,8.0,32.0,28957.3014792,Intel(R) Xeon(R) Platinum 8375C CPU @ 2.90GHz,Intel(R) Xeon(R) Platinum 8375C CPU @ 2.90GHz,Intel
m6i.2xlarge,us-east-1,use1-az6,3,50.0,50.0,1.5,0.384,0.1758,54,m6i,General,m,8.0,32.0,28957.3014792,Intel(R) Xeon(R) Platinum 8375C CPU @ 2.90GHz,Intel(R) Xeon(R) Platinum 8375C CPU @ 2.90GHz,Intel
m6i.32xlarge,us-east-1,use1-az1,2,0.0,1.0,1.0,6.144,1.6181,73,m6i,General,m,128.0,512.0,28895.912892,Intel(R) Xeon(R) Platinum 8375C CPU @ 2.90GHz,Intel(R) Xeon(R) Platinum 8375C CPU @ 2.90GHz,Intel
m6i.32xlarge,us-east-1,use1-az2,3,10.0,15.0,1.0,6.144,1.6998,72,m6i,General,m,128.0,512.0,28895.912892,Intel(R) Xeon(R) Platinum 8375C CPU @ 2.90GHz,Intel(R) Xeon(R) Platinum 8375C CPU @ 2.90GHz,Intel
m6i.32xlarge,us-east-1,use1-az4,3,10.0,15.0,1.0,6.144,1.6791,72,m6i,General,m,128.0,512.0,28895.912892,Intel(R) Xeon(R) Platinum 8375C CPU @ 2.90GHz,Intel(R) Xeon(R) Platinum 8375C CPU @ 2.90GHz,Intel
m6i.32xlarge,us-east-1,use1-az5,3,25.0,35.0,1.0,6.144,1.6101,73,m6i,General,m,128.0,512.0,28895.912892,Intel(R) Xeon(R) Platinum 8375C CPU @ 2.90GHz,Intel(R) Xeon(R) Platinum 8375C CPU @ 2.90GHz,Intel
m6i.32xlarge,us-east-1,use1-az6,3,1.0,1.0,1.0,6.144,1.6102,73,m6i,General,m,128.0,512.0,28895.912892,Intel(R) Xeon(R) Platinum 8375C CPU @ 2.90GHz,Intel(R) Xeon(R) Platinum 8375C CPU @ 2.90GHz,Intel
m6i.4xlarge,us-east-1,use1-az1,3,35.0,50.0,1.0,0.768,0.2773,63,m6i,General,m,16.0,64.0,28994.1645516,Intel(R) Xeon(R) Platinum 8375C CPU @ 2.90GHz,Intel(R) Xeon(R) Platinum 8375C CPU @ 2.90GHz,Intel
m6i.4xlarge,us-east-1,use1-az2,3,50.0,50.0,1.0,0.768,0.2566,66,m6i,General,m,16.0,64.0,28994.1645516,Intel(R) Xeon(R) Platinum 8375C CPU @ 2.90GHz,Intel(R) Xeon(R) Platinum 8375C CPU @ 2.90GHz,Intel
m6i.4xlarge,us-east-1,use1-az4,3,50.0,50.0,1.0,0.768,0.2573,66,m6i,General,m,16.0,64.0,28994.1645516,Intel(R) Xeon(R) Platinum 8375C CPU @ 2.90GHz,Intel(R) Xeon(R) Platinum 8375C CPU @ 2.90GHz,Intel
m6i.4xlarge,us-east-1,use1-az5,3,50.0,50.0,1.0,0.768,0.232,69,m6i,General,m,16.0,64.0,28994.1645516,Intel(R) Xeon(R) Platinum 8375C CPU @ 2.90GHz,Intel(R) Xeon(R) Platinum 8375C CPU @ 2.90GHz,Intel
m6i.4xlarge,us-east-1,use1-az6,3,50.0,50.0,1.0,0.768,0.2793,63,m6i,General,m,16.0,64.0,28994.1645516,Intel(R) Xeon(R) Platinum 8375C CPU @ 2.90GHz,Intel(R) Xeon(R) Platinum 8375C CPU @ 2.90GHz,Intel
m6i.8xlarge,us-east-1,use1-az1,3,20.0,30.0,1.0,1.536,0.7923,48,m6i,General,m,32.0,128.0,28994.7648462,Intel(R) Xeon(R) Platinum 8375C CPU @ 2.90GHz,Intel(R) Xeon(R) Platinum 8375C CPU @ 2.90GHz,Intel
m6i.8xlarge,us-east-1,use1-az2,3,50.0,50.0,1.0,1.536,0.5858,61,m6i,General,m,32.0,128.0,28994.7648462,Intel(R) Xeon(R) Platinum 8375C CPU @ 2.90GHz,Intel(R) Xeon(R) Platinum 8375C CPU @ 2.90GHz,Intel
m6i.8xlarge,us-east-1,use1-az4,3,50.0,50.0,1.0,1.536,0.5693,62,m6i,General,m,32.0,128.0,28994.7648462,Intel(R) Xeon(R) Platinum 8375C CPU @ 2.90GHz,Intel(R) Xeon(R) Platinum 8375C CPU @ 2.90GHz,Intel
m6i.8xlarge,us-east-1,use1-az5,3,50.0,50.0,1.0,1.536,0.4799,68,m6i,General,m,32.0,128.0,28994.7648462,Intel(R) Xeon(R) Platinum 8375C CPU @ 2.90GHz,Intel(R) Xeon(R) Platinum 8375C CPU @ 2.90GHz,Intel
m6i.8xlarge,us-east-1,use1-az6,3,45.0,45.0,1.0,1.536,0.7122,53,m6i,General,m,32.0,128.0,28994.7648462,Intel(R) Xeon(R) Platinum 8375C CPU @ 2.90GHz,Intel(R) Xeon(R) Platinum 8375C CPU @ 2.90GHz,Intel
m6i.large,us-east-1,use1-az1,3,50.0,50.0,2.5,0.096,0.0354,63,m6i,General,m,2.0,8.0,28952.036365,Intel(R) Xeon(R) Platinum 8375C CPU @ 2.90GHz,Intel(R) Xeon(R) Platinum 8375C CPU @ 2.90GHz,Intel
m6i.large,us-east-1,use1-az2,3,50.0,50.0,2.5,0.096,0.0409,57,m6i,General,m,2.0,8.0,28952.036365,Intel(R) Xeon(R) Platinum 8375C CPU @ 2.90GHz,Intel(R) Xeon(R) Platinum 8375C CPU @ 2.90GHz,Intel
m6i.large,us-east-1,use1-az4,3,50.0,50.0,2.5,0.096,0.035,63,m6i,General,m,2.0,8.0,28952.036365,Intel(R) Xeon(R) Platinum 8375C CPU @ 2.90GHz,Intel(R) Xeon(R) Platinum 8375C CPU @ 2.90GHz,Intel
m6i.large,us-east-1,use1-az5,3,50.0,50.0,2.5,0.096,0.0339,64,m6i,General,m,2.0,8.0,28952.036365,Intel(R) Xeon(R) Platinum 8375C CPU @ 2.90GHz,Intel(R) Xeon(R) Platinum 8375C CPU @ 2.90GHz,Intel
m6i.large,us-east-1,use1-az6,3,50.0,50.0,2.5,0.096,0.037,61,m6i,General,m,2.0,8.0,28952.036365,Intel(R) Xeon(R) Platinum 8375C CPU @ 2.90GHz,Intel(R) Xeon(R) Platinum 8375C CPU @ 2.90GHz,Intel
m6i.xlarge,us-east-1,use1-az1,3,50.0,50.0,2.5,0.192,0.0968,49,m6i,General,m,4.0,16.0,28989.554274,Intel(R) Xeon(R) Platinum 8375C CPU @ 2.90GHz,Intel(R) Xeon(R) Platinum 8375C CPU @ 2.90GHz,Intel
m6i.xlarge,us-east-1,use1-az2,3,50.0,50.0,2.5,0.192,0.0802,58,m6i,General,m,4.0,16.0,28989.554274,Intel(R) Xeon(R) Platinum 8375C CPU @ 2.90GHz,Intel(R) Xeon(R) Platinum 8375C CPU @ 2.90GHz,Intel
m6i.xlarge,us-east-1,use1-az4,3,50.0,50.0,2.5,0.192,0.0846,55,m6i,General,m,4.0,16.0,28989.554274,Intel(R) Xeon(R) Platinum 8375C CPU @ 2.90GHz,Intel(R) Xeon(R) Platinum 8375C CPU @ 2.90GHz,Intel
m6i.xlarge,us-east-1,use1-az5,3,50.0,50.0,2.5,0.192,0.0767,60,m6i,General,m,4.0,16.0,28989.554274,Intel(R) Xeon(R) Platinum 8375C CPU @ 2.90GHz,Intel(R) Xeon(R) Platinum 8375C CPU @ 2.90GHz,Intel
m6i.xlarge,us-east-1,use1-az6,3,50.0,50.0,2.5,0.192,0.0908,52,m6i,General,m,4.0,16.0,28989.554274,Intel(R) Xeon(R) Platinum 8375C CPU @ 2.90GHz,Intel(R) Xeon(R) Platinum 8375C CPU @ 2.90GHz,Intel
m6id.12xlarge,us-east-1,use1-az1,2,0.0,1.0,1.0,2.8476,0.917,67,m6id,General,m,48.0,192.0,29006.2224,Intel(R) Xeon(R) Platinum 8375C CPU @ 2.90GHz,Intel(R) Xeon(R) Platinum 8375C CPU @ 2.90GHz,Intel
m6id.12xlarge,us-east-1,use1-az2,3,1.0,1.0,1.0,2.8476,0.7607,73,m6id,General,m,48.0,192.0,29006.2224,Intel(R) Xeon(R) Platinum 8375C CPU @ 2.90GHz,Intel(R) Xeon(R) Platinum 8375C CPU @ 2.90GHz,Intel
m6id.12xlarge,us-east-1,use1-az4,3,5.0,10.0,1.0,2.8476,0.6469,77,m6id,General,m,48.0,192.0,29006.2224,Intel(R) Xeon(R) Platinum 8375C CPU @ 2.90GHz,Intel(R) Xeon(R) Platinum 8375C CPU @ 2.90GHz,Intel
m6id.12xlarge,us-east-1,use1-az5,3,1.0,1.0,1.0,2.8476,0.7441,73,m6id,General,m,48.0,192.0,29006.2224,Intel(R) Xeon(R) Platinum 8375C CPU @ 2.90GHz,Intel(R) Xeon(R) Platinum 8375C CPU @ 2.90GHz,Intel
m6id.12xlarge,us-east-1,use1-az6,3,1.0,5.0,1.0,2.8476,0.7828,72,m6id,General,m,48.0,192.0,29006.2224,Intel(R) Xeon(R) Platinum 8375C CPU @ 2.90GHz,Intel(R) Xeon(R) Platinum 8375C CPU @ 2.90GHz,Intel
m6id.16xlarge,us-east-1,use1-az1,3,1.0,1.0,1.0,3.7968,1.3611,64,m6id,General,m,64.0,256.0,28989.1026,Intel(R) Xeon(R) Platinum 8375C CPU @ 2.90GHz,Intel(R) Xeon(R) Platinum 8375C CPU @ 2.90GHz,Intel
m6id.16xlarge,us-east-1,use1-az2,3,1.0,5.0,1.0,3.7968,1.2339,67,m6id,General,m,64.0,256.0,28989.1026,Intel(R) Xeon(R) Platinum 8375C CPU @ 2.90GHz,Intel(R) Xeon(R) Platinum 8375C CPU @ 2.90GHz,Intel
m6id.16xlarge,us-east-1,use1-az4,3,5.0,10.0,1.0,3.7968,1.1272,70,m6id,General,m,64.0,256.0,28989.1026,Intel(R) Xeon(R) Platinum 8375C CPU @ 2.90GHz,Intel(R) Xeon(R) Platinum 8375C CPU @ 2.90GHz,Intel
m6id.16xlarge,us-east-1,use1-az5,3,1.0,1.0,1.0,3.7968,0.9741,74,m6id,General,m,64.0,256.0,28989.1026,Intel(R) Xeon(R) Platinum 8375C CPU @ 2.90GHz,Intel(R) Xeon(R) Platinum 8375C CPU @ 2.90GHz,Intel
m6id.16xlarge,us-east-1,use1-az6,3,5.0,10.0,1.0,3.7968,1.1844,68,m6id,General,m,64.0,256.0,28989.1026,Intel(R) Xeon(R) Platinum 8375C CPU @ 2.90GHz,Intel(R) Xeon(R) Platinum 8375C CPU @ 2.90GHz,Intel
m6id.24xlarge,us-east-1,use1-az1,3,1.0,1.0,1.0,5.6952,1.914,66,m6id,General,m,96.0,384.0,28993.1075,Intel(R) Xeon(R) Platinum 8375C CPU @ 2.90GHz,Intel(R) Xeon(R) Platinum 8375C CPU @ 2.90GHz,Intel
m6id.24xlarge,us-east-1,use1-az2,3,1.0,1.0,1.0,5.6952,1.437,74,m6id,General,m,96.0,384.0,28993.1075,Intel(R) Xeon(R) Platinum 8375C CPU @ 2.90GHz,Intel(R) Xeon(R) Platinum 8375C CPU @ 2.90GHz,Intel
m6id.24xlarge,us-east-1,use1-az4,3,5.0,10.0,1.0,5.6952,1.47,74,m6id,General,m,96.0,384.0,28993.1075,Intel(R) Xeon(R) Platinum 8375C CPU @ 2.90GHz,Intel(R) Xeon(R) Platinum 8375C CPU @ 2.90GHz,Intel
m6id.24xlarge,us-east-1,use1-az5,3,5.0,5.0,1.0,5.6952,1.475,74,m6id,General,m,96.0,384.0,28993.1075,Intel(R) Xeon(R) Platinum 8375C CPU @ 2.90GHz,Intel(R) Xeon(R) Platinum 8375C CPU @ 2.90GHz,Intel
m6id.24xlarge,us-east-1,use1-az6,3,1.0,1.0,1.0,5.6952,1.5634,72,m6id,General,m,96.0,384.0,28993.1075,Intel(R) Xeon(R) Platinum 8375C CPU @ 2.90GHz,Intel(R) Xeon(R) Platinum 8375C CPU @ 2.90GHz,Intel
m6id.2xlarge,us-east-1,use1-az1,3,1.0,1.0,1.0,0.4746,0.1861,60,m6id,General,m,8.0,32.0,28974.4533,Intel(R) Xeon(R) Platinum 8375C CPU @ 2.90GHz,Intel(R) Xeon(R) Platinum 8375C CPU @ 2.90GHz,Intel
m6id.2xlarge,us-east-1,use1-az2,3,5.0,5.0,1.0,0.4746,0.212,55,m6id,General,m,8.0,32.0,28974.4533,Intel(R) Xeon(R) Platinum 8375C CPU @ 2.90GHz,Intel(R) Xeon(R) Platinum 8375C CPU @ 2.90GHz,Intel
m6id.2xlarge,us-east-1,use1-az4,3,10.0,20.0,1.0,0.4746,0.1866,60,m6id,General,m,8.0,32.0,28974.4533,Intel(R) Xeon(R) Platinum 8375C CPU @ 2.90GHz,Intel(R) Xeon(R) Platinum 8375C CPU @ 2.90GHz,Intel
m6id.2xlarge,us-east-1,use1-az5,3,1.0,1.0,1.0,0.4746,0.2154,54,m6id,General,m,8.0,32.0,28974.4533,Intel(R) Xeon(R) Platinum 8375C CPU @ 2.90GHz,Intel(R) Xeon(R) Platinum 8375C CPU @ 2.90GHz,Intel
m6id.2xlarge,us-east-1,use1-az6,3,15.0,20.0,1.0,0.4746,0.2094,55,m6id,General,m,8.0,32.0,28974.4533,Intel(R) Xeon(R) Platinum 8375C CPU @ 2.90GHz,Intel(R) Xeon(R) Platinum 8375C CPU @ 2.90GHz,Intel
m6id.32xlarge,us-east-1,use1-az1,2,0.0,1.0,1.0,7.5936,1.9441,74,m6id,General,m,128.0,512.0,28945.2239,Intel(R) Xeon(R) Platinum 8375C CPU @ 2.90GHz,Intel(R) Xeon(R) Platinum 8375C CPU @ 2.90GHz,Intel
m6id.32xlarge,us-east-1,use1-az2,1,0.0,0.0,1.0,7.5936,2.6042,65,m6id,General,m,128.0,512.0,28945.2239,Intel(R) Xeon(R) Platinum 8375C CPU @ 2.90GHz,Intel(R) Xeon(R) Platinum 8375C CPU @ 2.90GHz,Intel
m6id.32xlarge,us-east-1,use1-az4,3,5.0,5.0,1.0,7.5936,2.3936,68,m6id,General,m,128.0,512.0,28945.2239,Intel(R) Xeon(R) Platinum 8375C CPU @ 2.90GHz,Intel(R) Xeon(R) Platinum 8375C CPU @ 2.90GHz,Intel
m6id.32xlarge,us-east-1,use1-az5,3,1.0,5.0,1.0,7.5936,2.1091,72,m6id,General,m,128.0,512.0,28945.2239,Intel(R) Xeon(R) Platinum 8375C CPU @ 2.90GHz,Intel(R) Xeon(R) Platinum 8375C CPU @ 2.90GHz,Intel
m6id.32xlarge,us-east-1,use1-az6,3,1.0,5.0,1.0,7.5936,2.5634,66,m6id,General,m,128.0,512.0,28945.2239,Intel(R) Xeon(R) Platinum 8375C CPU @ 2.90GHz,Intel(R) Xeon(R) Platinum 8375C CPU @ 2.90GHz,Intel
m6id.4xlarge,us-east-1,use1-az1,3,10.0,10.0,1.0,0.9492,0.2822,70,m6id,General,m,16.0,64.0,28930.3902,Intel(R) Xeon(R) Platinum 8375C CPU @ 2.90GHz,Intel(R) Xeon(R) Platinum 8375C CPU @ 2.90GHz,Intel
m6id.4xlarge,us-east-1,use1-az2,3,10.0,10.0,1.0,0.9492,0.3049,67,m6id,General,m,16.0,64.0,28930.3902,Intel(R) Xeon(R) Platinum 8375C CPU @ 2.90GHz,Intel(R) Xeon(R) Platinum 8375C CPU @ 2.90GHz,Intel
m6id.4xlarge,us-east-1,use1-az4,3,20.0,40.0,1.0,0.9492,0.3051,67,m6id,General,m,16.0,64.0,28930.3902,Intel(R) Xeon(R) Platinum 8375C CPU @ 2.90GHz,Intel(R) Xeon(R) Platinum 8375C CPU @ 2.90GHz,Intel
m6id.4xlarge,us-east-1,use1-az5,3,35.0,35.0,1.0,0.9492,0.2796,70,m6id,General,m,16.0,64.0,28930.3902,Intel(R) Xeon(R) Platinum 8375C CPU @ 2.90GHz,Intel(R) Xeon(R) Platinum 8375C CPU @ 2.90GHz,Intel
m6id.4xlarge,us-east-1,use1-az6,3,20.0,40.0,1.0,0.9492,0.3207,66,m6id,General,m,16.0,64.0,28930.3902,Intel(R) Xeon(R) Platinum 8375C CPU @ 2.90GHz,Intel(R) Xeon(R) Platinum 8375C CPU @ 2.90GHz,Intel
m6id.8xlarge,us-east-1,use1-az1,3,1.0,1.0,1.0,1.8984,0.7226,61,m6id,General,m,32.0,128.0,29002.8556,Intel(R) Xeon(R) Platinum 8375C CPU @ 2.90GHz,Intel(R) Xeon(R) Platinum 8375C CPU @ 2.90GHz,Intel
m6id.8xlarge,us-east-1,use1-az2,3,1.0,1.0,1.0,1.8984,0.6726,64,m6id,General,m,32.0,128.0,29002.8556,Intel(R) Xeon(R) Platinum 8375C CPU @ 2.90GHz,Intel(R) Xeon(R) Platinum 8375C CPU @ 2.90GHz,Intel
m6id.8xlarge,us-east-1,use1-az4,3,5.0,5.0,1.0,1.8984,0.6478,65,m6id,General,m,32.0,128.0,29002.8556,Intel(R) Xeon(R) Platinum 8375C CPU @ 2.90GHz,Intel(R) Xeon(R) Platinum 8375C CPU @ 2.90GHz,Intel
m6id.8xlarge,us-east-1,use1-az5,3,5.0,10.0,1.0,1.8984,0.5465,71,m6id,General,m,32.0,128.0,29002.8556,Intel(R) Xeon(R) Platinum 8375C CPU @ 2.90GHz,Intel(R) Xeon(R) Platinum 8375C CPU @ 2.90GHz,Intel
m6id.8xlarge,us-east-1,use1-az6,3,5.0,5.0,1.0,1.8984,0.5769,69,m6id,General,m,32.0,128.0,29002.8556,Intel(R) Xeon(R) Platinum 8375C CPU @ 2.90GHz,Intel(R) Xeon(R) Platinum 8375C CPU @ 2.90GHz,Intel
m6id.large,us-east-1,use1-az1,3,10.0,15.0,2.0,0.11865,0.039,67,m6id,General,m,2.0,8.0,28969.0605,Intel(R) Xeon(R) Platinum 8375C CPU @ 2.90GHz,Intel(R) Xeon(R) Platinum 8375C CPU @ 2.90GHz,Intel
m6id.large,us-east-1,use1-az2,3,45.0,50.0,2.0,0.11865,0.044,62,m6id,General,m,2.0,8.0,28969.0605,Intel(R) Xeon(R) Platinum 8375C CPU @ 2.90GHz,Intel(R) Xeon(R) Platinum 8375C CPU @ 2.90GHz,Intel
m6id.large,us-east-1,use1-az4,3,20.0,20.0,2.0,0.11865,0.0394,66,m6id,General,m,2.0,8.0,28969.0605,Intel(R) Xeon(R) Platinum 8375C CPU @ 2.90GHz,Intel(R) Xeon(R) Platinum 8375C CPU @ 2.90GHz,Intel
m6id.large,us-east-1,use1-az5,3,5.0,10.0,2.0,0.11865,0.0426,64,m6id,General,m,2.0,8.0,28969.0605,Intel(R) Xeon(R) Platinum 8375C CPU @ 2.90GHz,Intel(R) Xeon(R) Platinum 8375C CPU @ 2.90GHz,Intel
m6id.large,us-east-1,use1-az6,3,50.0,50.0,2.0,0.11865,0.0445,62,m6id,General,m,2.0,8.0,28969.0605,Intel(R) Xeon(R) Platinum 8375C CPU @ 2.90GHz,Intel(R) Xeon(R) Platinum 8375C CPU @ 2.90GHz,Intel
m6id.xlarge,us-east-1,use1-az1,3,5.0,10.0,1.5,0.2373,0.0887,62,m6id,General,m,4.0,16.0,28983.8346,Intel(R) Xeon(R) Platinum 8375C CPU @ 2.90GHz,Intel(R) Xeon(R) Platinum 8375C CPU @ 2.90GHz,Intel
m6id.xlarge,us-east-1,use1-az2,3,50.0,50.0,1.5,0.2373,0.0794,66,m6id,General,m,4.0,16.0,28983.8346,Intel(R) Xeon(R) Platinum 8375C CPU @ 2.90GHz,Intel(R) Xeon(R) Platinum 8375C CPU @ 2.90GHz,Intel
m6id.xlarge,us-east-1,use1-az4,3,25.0,50.0,1.5,0.2373,0.0802,66,m6id,General,m,4.0,16.0,28983.8346,Intel(R) Xeon(R) Platinum 8375C CPU @ 2.90GHz,Intel(R) Xeon(R) Platinum 8375C CPU @ 2.90GHz,Intel
m6id.xlarge,us-east-1,use1-az5,3,1.0,5.0,1.5,0.2373,0.0822,65,m6id,General,m,4.0,16.0,28983.8346,Intel(R) Xeon(R) Platinum 8375C CPU @ 2.90GHz,Intel(R) Xeon(R) Platinum 8375C CPU @ 2.90GHz,Intel
m6id.xlarge,us-east-1,use1-az6,3,25.0,50.0,1.5,0.2373,0.0823,65,m6id,General,m,4.0,16.0,28983.8346,Intel(R) Xeon(R) Platinum 8375C CPU @ 2.90GHz,Intel(R) Xeon(R) Platinum 8375C CPU @ 2.90GHz,Intel
m6idn.12xlarge,us-east-1,use1-az1,2,0.0,1.0,1.0,3.81888,1.623,57,m6idn,General,m,48.0,192.0,29012.5965,Intel(R) Xeon(R) Platinum 8375C CPU @ 2.90GHz,Intel(R) Xeon(R) Platinum 8375C CPU @ 2.90GHz,Intel
m6idn.12xlarge,us-east-1,use1-az2,3,5.0,10.0,1.0,3.81888,1.2537,67,m6idn,General,m,48.0,192.0,29012.5965,Intel(R) Xeon(R) Platinum 8375C CPU @ 2.90GHz,Intel(R) Xeon(R) Platinum 8375C CPU @ 2.90GHz,Intel
m6idn.12xlarge,us-east-1,use1-az4,1,0.0,0.0,1.0,3.81888,1.2699,66,m6idn,General,m,48.0,192.0,29012.5965,Intel(R) Xeon(R) Platinum 8375C CPU @ 2.90GHz,Intel(R) Xeon(R) Platinum 8375C CPU @ 2.90GHz,Intel
m6idn.12xlarge,us-east-1,use1-az5,3,1.0,1.0,1.0,3.81888,1.3419,64,m6idn,General,m,48.0,192.0,29012.5965,Intel(R) Xeon(R) Platinum 8375C CPU @ 2.90GHz,Intel(R) Xeon(R) Platinum 8375C CPU @ 2.90GHz,Intel
m6idn.12xlarge,us-east-1,use1-az6,1,0.0,0.0,1.0,3.81888,1.1398,70,m6idn,General,m,48.0,192.0,29012.5965,Intel(R) Xeon(R) Platinum 8375C CPU @ 2.90GHz,Intel(R) Xeon(R) Platinum 8375C CPU @ 2.90GHz,Intel
m6idn.16xlarge,us-east-1,use1-az1,2,0.0,1.0,1.5,5.09184,2.1401,57,m6idn,General,m,64.0,256.0,29002.4238,Intel(R) Xeon(R) Platinum 8375C CPU @ 2.90GHz,Intel(R) Xeon(R) Platinum 8375C CPU @ 2.90GHz,Intel
m6idn.16xlarge,us-east-1,use1-az2,3,5.0,10.0,1.5,5.09184,1.7097,66,m6idn,General,m,64.0,256.0,29002.4238,Intel(R) Xeon(R) Platinum 8375C CPU @ 2.90GHz,Intel(R) Xeon(R) Platinum 8375C CPU @ 2.90GHz,Intel
m6idn.16xlarge,us-east-1,use1-az4,1,0.0,0.0,1.5,5.09184,1.4567,71,m6idn,General,m,64.0,256.0,29002.4238,Intel(R) Xeon(R) Platinum 8375C CPU @ 2.90GHz,Intel(R) Xeon(R) Platinum 8375C CPU @ 2.90GHz,Intel
m6idn.16xlarge,us-east-1,use1-az5,1,0.0,0.0,1.5,5.09184,1.6651,67,m6idn,General,m,64.0,256.0,29002.4238,Intel(R) Xeon(R) Platinum 8375C CPU @ 2.90GHz,Intel(R) Xeon(R) Platinum 8375C CPU @ 2.90GHz,Intel
m6idn.16xlarge,us-east-1,use1-az6,1,0.0,0.0,1.5,5.09184,1.4018,72,m6idn,General,m,64.0,256.0,29002.4238,Intel(R) Xeon(R) Platinum 8375C CPU @ 2.90GHz,Intel(R) Xeon(R) Platinum 8375C CPU @ 2.90GHz,Intel
m6idn.24xlarge,us-east-1,use1-az1,1,0.0,0.0,1.0,7.63776,2.3399,69,m6idn,General,m,96.0,384.0,29008.9116,Intel(R) Xeon(R) Platinum 8375C CPU @ 2.90GHz,Intel(R) Xeon(R) Platinum 8375C CPU @ 2.90GHz,Intel
m6idn.24xlarge,us-east-1,use1-az2,3,1.0,1.0,1.0,7.63776,2.7009,64,m6idn,General,m,96.0,384.0,29008.9116,Intel(R) Xeon(R) Platinum 8375C CPU @ 2.90GHz,Intel(R) Xeon(R) Platinum 8375C CPU @ 2.90GHz,Intel
m6idn.24xlarge,us-east-1,use1-az4,1,0.0,0.0,1.0,7.63776,2.4748,67,m6idn,General,m,96.0,384.0,29008.9116,Intel(R) Xeon(R) Platinum 8375C CPU @ 2.90GHz,Intel(R) Xeon(R) Platinum 8375C CPU @ 2.90GHz,Intel
m6idn.24xlarge,us-east-1,use1-az5,3,1.0,1.0,1.0,7.63776,2.4913,67,m6idn,General,m,96.0,384.0,29008.9116,Intel(R) Xeon(R) Platinum 8375C CPU @ 2.90GHz,Intel(R) Xeon(R) Platinum 8375C CPU @ 2.90GHz,Intel
m6idn.24xlarge,us-east-1,use1-az6,1,0.0,0.0,1.0,7.63776,1.894,75,m6idn,General,m,96.0,384.0,29008.9116,Intel(R) Xeon(R) Platinum 8375C CPU @ 2.90GHz,Intel(R) Xeon(R) Platinum 8375C CPU @ 2.90GHz,Intel
m6idn.2xlarge,us-east-1,use1-az1,3,5.0,10.0,1.5,0.63648,0.3762,40,m6idn,General,m,8.0,32.0,29019.6649,Intel(R) Xeon(R) Platinum 8375C CPU @ 2.90GHz,Intel(R) Xeon(R) Platinum 8375C CPU @ 2.90GHz,Intel
m6idn.2xlarge,us-east-1,use1-az2,3,5.0,10.0,1.5,0.63648,0.3255,48,m6idn,General,m,8.0,32.0,29019.6649,Intel(R) Xeon(R) Platinum 8375C CPU @ 2.90GHz,Intel(R) Xeon(R) Platinum 8375C CPU @ 2.90GHz,Intel
m6idn.2xlarge,us-east-1,use1-az4,3,5.0,10.0,1.5,0.63648,0.2893,54,m6idn,General,m,8.0,32.0,29019.6649,Intel(R) Xeon(R) Platinum 8375C CPU @ 2.90GHz,Intel(R) Xeon(R) Platinum 8375C CPU @ 2.90GHz,Intel
m6idn.2xlarge,us-east-1,use1-az5,3,5.0,5.0,1.5,0.63648,0.2702,57,m6idn,General,m,8.0,32.0,29019.6649,Intel(R) Xeon(R) Platinum 8375C CPU @ 2.90GHz,Intel(R) Xeon(R) Platinum 8375C CPU @ 2.90GHz,Intel
m6idn.2xlarge,us-east-1,use1-az6,3,5.0,5.0,1.5,0.63648,0.2939,53,m6idn,General,m,8.0,32.0,29019.6649,Intel(R) Xeon(R) Platinum 8375C CPU @ 2.90GHz,Intel(R) Xeon(R) Platinum 8375C CPU @ 2.90GHz,Intel
m6idn.32xlarge,us-east-1,use1-az1,2,0.0,1.0,1.0,10.18368,3.2472,68,m6idn,General,m,128.0,512.0,28998.9751,Intel(R) Xeon(R) Platinum 8375C CPU @ 2.90GHz,Intel(R) Xeon(R) Platinum 8375C CPU @ 2.90GHz,Intel
m6idn.32xlarge,us-east-1,use1-az2,3,1.0,1.0,1.0,10.18368,3.9872,60,m6idn,General,m,128.0,512.0,28998.9751,Intel(R) Xeon(R) Platinum 8375C CPU @ 2.90GHz,Intel(R) Xeon(R) Platinum 8375C CPU @ 2.90GHz,Intel
m6idn.32xlarge,us-east-1,use1-az4,1,0.0,0.0,1.0,10.18368,3.5724,64,m6idn,General,m,128.0,512.0,28998.9751,Intel(R) Xeon(R) Platinum 8375C CPU @ 2.90GHz,Intel(R) Xeon(R) Platinum 8375C CPU @ 2.90GHz,Intel
m6idn.32xlarge,us-east-1,use1-az5,1,0.0,0.0,1.0,10.18368,4.0303,60,m6idn,General,m,128.0,512.0,28998.9751,Intel(R) Xeon(R) Platinum 8375C CPU @ 2.90GHz,Intel(R) Xeon(R) Platinum 8375C CPU @ 2.90GHz,Intel
m6idn.32xlarge,us-east-1,use1-az6,1,0.0,0.0,1.0,10.18368,2.6386,74,m6idn,General,m,128.0,512.0,28998.9751,Intel(R) Xeon(R) Platinum 8375C CPU @ 2.90GHz,Intel(R) Xeon(R) Platinum 8375C CPU @ 2.90GHz,Intel
m6idn.4xlarge,us-east-1,use1-az1,3,25.0,45.0,2.5,1.27296,0.7378,42,m6idn,General,m,16.0,64.0,28977.9684,Intel(R) Xeon(R) Platinum 8375C CPU @ 2.90GHz,Intel(R) Xeon(R) Platinum 8375C CPU @ 2.90GHz,Intel
m6idn.4xlarge,us-east-1,use1-az2,3,35.0,50.0,2.5,1.27296,0.6216,51,m6idn,General,m,16.0,64.0,28977.9684,Intel(R) Xeon(R) Platinum 8375C CPU @ 2.90GHz,Intel(R) Xeon(R) Platinum 8375C CPU @ 2.90GHz,Intel
m6idn.4xlarge,us-east-1,use1-az4,3,40.0,50.0,2.5,1.27296,0.6927,45,m6idn,General,m,16.0,64.0,28977.9684,Intel(R) Xeon(R) Platinum 8375C CPU @ 2.90GHz,Intel(R) Xeon(R) Platinum 8375C CPU @ 2.90GHz,Intel
m6idn.4xlarge,us-east-1,use1-az5,3,5.0,10.0,2.5,1.27296,0.94,26,m6idn,General,m,16.0,64.0,28977.9684,Intel(R) Xeon(R) Platinum 8375C CPU @ 2.90GHz,Intel(R) Xeon(R) Platinum 8375C CPU @ 2.90GHz,Intel
m6idn.4xlarge,us-east-1,use1-az6,3,10.0,20.0,2.5,1.27296,0.6242,50,m6idn,General,m,16.0,64.0,28977.9684,Intel(R) Xeon(R) Platinum 8375C CPU @ 2.90GHz,Intel(R) Xeon(R) Platinum 8375C CPU @ 2.90GHz,Intel
m6idn.8xlarge,us-east-1,use1-az1,1,0.0,0.0,1.0,2.54592,1.2162,52,m6idn,General,m,32.0,128.0,29005.3528,Intel(R) Xeon(R) Platinum 8375C CPU @ 2.90GHz,Intel(R) Xeon(R) Platinum 8375C CPU @ 2.90GHz,Intel
m6idn.8xlarge,us-east-1,use1-az2,3,1.0,1.0,1.0,2.54592,1.0813,57,m6idn,General,m,32.0,128.0,29005.3528,Intel(R) Xeon(R) Platinum 8375C CPU @ 2.90GHz,Intel(R) Xeon(R) Platinum 8375C CPU @ 2.90GHz,Intel
m6idn.8xlarge,us-east-1,use1-az4,1,0.0,0.0,1.0,2.54592,1.0843,57,m6idn,General,m,32.0,128.0,29005.3528,Intel(R) Xeon(R) Platinum 8375C CPU @ 2.90GHz,Intel(R) Xeon(R) Platinum 8375C CPU @ 2.90GHz,Intel
m6idn.8xlarge,us-east-1,use1-az5,2,0.0,1.0,1.0,2.54592,1.0022,60,m6idn,General,m,32.0,128.0,29005.3528,Intel(R) Xeon(R) Platinum 8375C CPU @ 2.90GHz,Intel(R) Xeon(R) Platinum 8375C CPU @ 2.90GHz,Intel
m6idn.8xlarge,us-east-1,use1-az6,2,0.0,1.0,1.0,2.54592,1.1001,56,m6idn,General,m,32.0,128.0,29005.3528,Intel(R) Xeon(R) Platinum 8375C CPU @ 2.90GHz,Intel(R) Xeon(R) Platinum 8375C CPU @ 2.90GHz,Intel
m6idn.large,us-east-1,use1-az1,3,45.0,50.0,2.5,0.15912,0.0648,59,m6idn,General,m,2.0,8.0,28982.9884,Intel(R) Xeon(R) Platinum 8375C CPU @ 2.90GHz,Intel(R) Xeon(R) Platinum 8375C CPU @ 2.90GHz,Intel
m6idn.large,us-east-1,use1-az2,3,15.0,20.0,2.5,0.15912,0.0476,70,m6idn,General,m,2.0,8.0,28982.9884,Intel(R) Xeon(R) Platinum 8375C CPU @ 2.90GHz,Intel(R) Xeon(R) Platinum 8375C CPU @ 2.90GHz,Intel
m6idn.large,us-east-1,use1-az4,3,35.0,50.0,2.5,0.15912,0.0549,65,m6idn,General,m,2.0,8.0,28982.9884,Intel(R) Xeon(R) Platinum 8375C CPU @ 2.90GHz,Intel(R) Xeon(R) Platinum 8375C CPU @ 2.90GHz,Intel
m6idn.large,us-east-1,use1-az5,3,20.0,35.0,2.5,0.15912,0.0494,68,m6idn,General,m,2.0,8.0,28982.9884,Intel(R) Xeon(R) Platinum 8375C CPU @ 2.90GHz,Intel(R) Xeon(R) Platinum 8375C CPU @ 2.90GHz,Intel
m6idn.large,us-east-1,use1-az6,3,25.0,40.0,2.5,0.15912,0.0474,70,m6idn,General,m,2.0,8.0,28982.9884,Intel(R) Xeon(R) Platinum 8375C CPU @ 2.90GHz,Intel(R) Xeon(R) Platinum 8375C CPU @ 2.90GHz,Intel
m6idn.xlarge,us-east-1,use1-az1,3,10.0,15.0,3.0,0.31824,0.1689,46,m6idn,General,m,4.0,16.0,28988.2075,Intel(R) Xeon(R) Platinum 8375C CPU @ 2.90GHz,Intel(R) Xeon(R) Platinum 8375C CPU @ 2.90GHz,Intel
m6idn.xlarge,us-east-1,use1-az2,3,20.0,30.0,3.0,0.31824,0.1366,57,m6idn,General,m,4.0,16.0,28988.2075,Intel(R) Xeon(R) Platinum 8375C CPU @ 2.90GHz,Intel(R) Xeon(R) Platinum 8375C CPU @ 2.90GHz,Intel
m6idn.xlarge,us-east-1,use1-az4,3,20.0,30.0,3.0,0.31824,0.1739,45,m6idn,General,m,4.0,16.0,28988.2075,Intel(R) Xeon(R) Platinum 8375C CPU @ 2.90GHz,Intel(R) Xeon(R) Platinum 8375C CPU @ 2.90GHz,Intel
m6idn.xlarge,us-east-1,use1-az5,3,10.0,15.0,3.0,0.31824,0.1455,54,m6idn,General,m,4.0,16.0,28988.2075,Intel(R) Xeon(R) Platinum 8375C CPU @ 2.90GHz,Intel(R) Xeon(R) Platinum 8375C CPU @ 2.90GHz,Intel
m6idn.xlarge,us-east-1,use1-az6,3,20.0,25.0,3.0,0.31824,0.1346,57,m6idn,General,m,4.0,16.0,28988.2075,Intel(R) Xeon(R) Platinum 8375C CPU @ 2.90GHz,Intel(R) Xeon(R) Platinum 8375C CPU @ 2.90GHz,Intel
m6in.12xlarge,us-east-1,use1-az1,3,1.0,1.0,1.5,3.34152,1.7032,49,m6in,General,m,48.0,192.0,29039.0516654,Intel(R) Xeon(R) Platinum 8375C CPU @ 2.90GHz,Intel(R) Xeon(R) Platinum 8375C CPU @ 2.90GHz,Intel
m6in.12xlarge,us-east-1,use1-az2,3,10.0,15.0,1.5,3.34152,1.3195,60,m6in,General,m,48.0,192.0,29039.0516654,Intel(R) Xeon(R) Platinum 8375C CPU @ 2.90GHz,Intel(R) Xeon(R) Platinum 8375C CPU @ 2.90GHz,Intel
m6in.12xlarge,us-east-1,use1-az4,3,1.0,5.0,1.5,3.34152,1.4098,57,m6in,General,m,48.0,192.0,29039.0516654,Intel(R) Xeon(R) Platinum 8375C CPU @ 2.90GHz,Intel(R) Xeon(R) Platinum 8375C CPU @ 2.90GHz,Intel
m6in.12xlarge,us-east-1,use1-az5,3,1.0,1.0,1.5,3.34152,1.3111,60,m6in,General,m,48.0,192.0,29039.0516654,Intel(R) Xeon(R) Platinum 8375C CPU @ 2.90GHz,Intel(R) Xeon(R) Platinum 8375C CPU @ 2.90GHz,Intel
m6in.12xlarge,us-east-1,use1-az6,3,1.0,1.0,1.5,3.34152,1.4125,57,m6in,General,m,48.0,192.0,29039.0516654,Intel(R) Xeon(R) Platinum 8375C CPU @ 2.90GHz,Intel(R) Xeon(R) Platinum 8375C CPU @ 2.90GHz,Intel
m6in.16xlarge,us-east-1,use1-az1,3,5.0,5.0,2.0,4.45536,1.9322,56,m6in,General,m,64.0,256.0,29037.869522,Intel(R) Xeon(R) Platinum 8375C CPU @ 2.90GHz,Intel(R) Xeon(R) Platinum 8375C CPU @ 2.90GHz,Intel
m6in.16xlarge,us-east-1,use1-az2,3,25.0,45.0,2.0,4.45536,1.4475,67,m6in,General,m,64.0,256.0,29037.869522,Intel(R) Xeon(R) Platinum 8375C CPU @ 2.90GHz,Intel(R) Xeon(R) Platinum 8375C CPU @ 2.90GHz,Intel
m6in.16xlarge,us-east-1,use1-az4,3,10.0,15.0,2.0,4.45536,1.6123,63,m6in,General,m,64.0,256.0,29037.869522,Intel(R) Xeon(R) Platinum 8375C CPU @ 2.90GHz,Intel(R) Xeon(R) Platinum 8375C CPU @ 2.90GHz,Intel
m6in.16xlarge,us-east-1,use1-az5,3,1.0,1.0,2.0,4.45536,1.5728,64,m6in,General,m,64.0,256.0,29037.869522,Intel(R) Xeon(R) Platinum 8375C CPU @ 2.90GHz,Intel(R) Xeon(R) Platinum 8375C CPU @ 2.90GHz,Intel
m6in.16xlarge,us-east-1,use1-az6,3,5.0,10.0,2.0,4.45536,1.5216,65,m6in,General,m,64.0,256.0,29037.869522,Intel(R) Xeon(R) Platinum 8375C CPU @ 2.90GHz,Intel(R) Xeon(R) Platinum 8375C CPU @ 2.90GHz,Intel
m6in.24xlarge,us-east-1,use1-az1,1,0.0,0.0,3.0,6.68304,3.0154,54,m6in,General,m,96.0,384.0,29004.426484400006,Intel(R) Xeon(R) Platinum 8375C CPU @ 2.90GHz,Intel(R) Xeon(R) Platinum 8375C CPU @ 2.90GHz,Intel
m6in.24xlarge,us-east-1,use1-az2,3,10.0,15.0,3.0,6.68304,3.2994,50,m6in,General,m,96.0,384.0,29004.426484400006,Intel(R) Xeon(R) Platinum 8375C CPU @ 2.90GHz,Intel(R) Xeon(R) Platinum 8375C CPU @ 2.90GHz,Intel
m6in.24xlarge,us-east-1,use1-az4,3,5.0,10.0,3.0,6.68304,3.0019,55,m6in,General,m,96.0,384.0,29004.426484400006,Intel(R) Xeon(R) Platinum 8375C CPU @ 2.90GHz,Intel(R) Xeon(R) Platinum 8375C CPU @ 2.90GHz,Intel
m6in.24xlarge,us-east-1,use1-az5,2,0.0,1.0,3.0,6.68304,2.5105,62,m6in,General,m,96.0,384.0,29004.426484400006,Intel(R) Xeon(R) Platinum 8375C CPU @ 2.90GHz,Intel(R) Xeon(R) Platinum 8375C CPU @ 2.90GHz,Intel
m6in.24xlarge,us-east-1,use1-az6,3,5.0,5.0,3.0,6.68304,3.2275,51,m6in,General,m,96.0,384.0,29004.426484400006,Intel(R) Xeon(R) Platinum 8375C CPU @ 2.90GHz,Intel(R) Xeon(R) Platinum 8375C CPU @ 2.90GHz,Intel
m6in.2xlarge,us-east-1,use1-az1,3,15.0,20.0,1.0,0.55692,0.2276,59,m6in,General,m,8.0,32.0,28953.057775200003,Intel(R) Xeon(R) Platinum 8375C CPU @ 2.90GHz,Intel(R) Xeon(R) Platinum 8375C CPU @ 2.90GHz,Intel
m6in.2xlarge,us-east-1,use1-az2,3,30.0,40.0,1.0,0.55692,0.2153,61,m6in,General,m,8.0,32.0,28953.057775200003,Intel(R) Xeon(R) Platinum 8375C CPU @ 2.90GHz,Intel(R) Xeon(R) Platinum 8375C CPU @ 2.90GHz,Intel
m6in.2xlarge,us-east-1,use1-az4,3,15.0,20.0,1.0,0.55692,0.2123,61,m6in,General,m,8.0,32.0,28953.057775200003,Intel(R) Xeon(R) Platinum 8375C CPU @ 2.90GHz,Intel(R) Xeon(R) Platinum 8375C CPU @ 2.90GHz,Intel
m6in.2xlarge,us-east-1,use1-az5,3,5.0,10.0,1.0,0.55692,0.1588,71,m6in,General,m,8.0,32.0,28953.057775200003,Intel(R) Xeon(R) Platinum 8375C CPU @ 2.90GHz,Intel(R) Xeon(R) Platinum 8375C CPU @ 2.90GHz,Intel
m6in.2xlarge,us-east-1,use1-az6,3,15.0,20.0,1.0,0.55692,0.2254,59,m6in,General,m,8.0,32.0,28953.057775200003,Intel(R) Xeon(R) Platinum 8375C CPU @ 2.90GHz,Intel(R) Xeon(R) Platinum 8375C CPU @ 2.90GHz,Intel
m6in.32xlarge,us-east-1,use1-az1,1,0.0,0.0,1.0,8.91072,3.2334,63,m6in,General,m,128.0,512.0,29032.808087200003,Intel(R) Xeon(R) Platinum 8375C CPU @ 2.90GHz,Intel(R) Xeon(R) Platinum 8375C CPU @ 2.90GHz,Intel
m6in.32xlarge,us-east-1,use1-az2,3,1.0,5.0,1.0,8.91072,3.4941,60,m6in,General,m,128.0,512.0,29032.808087200003,Intel(R) Xeon(R) Platinum 8375C CPU @ 2.90GHz,Intel(R) Xeon(R) Platinum 8375C CPU @ 2.90GHz,Intel
m6in.32xlarge,us-east-1,use1-az4,2,0.0,1.0,1.0,8.91072,3.2037,64,m6in,General,m,128.0,512.0,29032.808087200003,Intel(R) Xeon(R) Platinum 8375C CPU @ 2.90GHz,Intel(R) Xeon(R) Platinum 8375C CPU @ 2.90GHz,Intel
m6in.32xlarge,us-east-1,use1-az5,2,0.0,1.0,1.0,8.91072,3.4323,61,m6in,General,m,128.0,512.0,29032.808087200003,Intel(R) Xeon(R) Platinum 8375C CPU @ 2.90GHz,Intel(R) Xeon(R) Platinum 8375C CPU @ 2.90GHz,Intel
m6in.32xlarge,us-east-1,use1-az6,3,1.0,1.0,1.0,8.91072,3.2225,63,m6in,General,m,128.0,512.0,29032.808087200003,Intel(R) Xeon(R) Platinum 8375C CPU @ 2.90GHz,Intel(R) Xeon(R) Platinum 8375C CPU @ 2.90GHz,Intel
m6in.4xlarge,us-east-1,use1-az1,3,5.0,10.0,1.0,1.11384,0.507,54,m6in,General,m,16.0,64.0,28968.217807599995,Intel(R) Xeon(R) Platinum 8375C CPU @ 2.90GHz,Intel(R) Xeon(R) Platinum 8375C CPU @ 2.90GHz,Intel
m6in.4xlarge,us-east-1,use1-az2,3,20.0,25.0,1.0,1.11384,0.4764,57,m6in,General,m,16.0,64.0,28968.217807599995,Intel(R) Xeon(R) Platinum 8375C CPU @ 2.90GHz,Intel(R) Xeon(R) Platinum 8375C CPU @ 2.90GHz,Intel
m6in.4xlarge,us-east-1,use1-az4,3,5.0,10.0,1.0,1.11384,0.7981,28,m6in,General,m,16.0,64.0,28968.217807599995,Intel(R) Xeon(R) Platinum 8375C CPU @ 2.90GHz,Intel(R) Xeon(R) Platinum 8375C CPU @ 2.90GHz,Intel
m6in.4xlarge,us-east-1,use1-az5,3,1.0,1.0,1.0,1.11384,0.5079,54,m6in,General,m,16.0,64.0,28968.217807599995,Intel(R) Xeon(R) Platinum 8375C CPU @ 2.90GHz,Intel(R) Xeon(R) Platinum 8375C CPU @ 2.90GHz,Intel
m6in.4xlarge,us-east-1,use1-az6,3,1.0,5.0,1.0,1.11384,0.865,22,m6in,General,m,16.0,64.0,28968.217807599995,Intel(R) Xeon(R) Platinum 8375C CPU @ 2.90GHz,Intel(R) Xeon(R) Platinum 8375C CPU @ 2.90GHz,Intel
m6in.8xlarge,us-east-1,use1-az1,3,5.0,5.0,2.5,2.22768,1.3891,37,m6in,General,m,32.0,128.0,28951.3269578,Intel(R) Xeon(R) Platinum 8375C CPU @ 2.90GHz,Intel(R) Xeon(R) Platinum 8375C CPU @ 2.90GHz,Intel
m6in.8xlarge,us-east-1,use1-az2,3,5.0,10.0,2.5,2.22768,1.1178,49,m6in,General,m,32.0,128.0,28951.3269578,Intel(R) Xeon(R) Platinum 8375C CPU @ 2.90GHz,Intel(R) Xeon(R) Platinum 8375C CPU @ 2.90GHz,Intel
m6in.8xlarge,us-east-1,use1-az4,3,5.0,10.0,2.5,2.22768,1.0905,51,m6in,General,m,32.0,128.0,28951.3269578,Intel(R) Xeon(R) Platinum 8375C CPU @ 2.90GHz,Intel(R) Xeon(R) Platinum 8375C CPU @ 2.90GHz,Intel
m6in.8xlarge,us-east-1,use1-az5,3,1.0,5.0,2.5,2.22768,1.1973,46,m6in,General,m,32.0,128.0,28951.3269578,Intel(R) Xeon(R) Platinum 8375C CPU @ 2.90GHz,Intel(R) Xeon(R) Platinum 8375C CPU @ 2.90GHz,Intel
m6in.8xlarge,us-east-1,use1-az6,3,1.0,5.0,2.5,2.22768,1.2692,43,m6in,General,m,32.0,128.0,28951.3269578,Intel(R) Xeon(R) Platinum 8375C CPU @ 2.90GHz,Intel(R) Xeon(R) Platinum 8375C CPU @ 2.90GHz,Intel
m6in.large,us-east-1,use1-az1,3,10.0,15.0,2.5,0.13923,0.0596,57,m6in,General,m,2.0,8.0,28956.787883,Intel(R) Xeon(R) Platinum 8375C CPU @ 2.90GHz,Intel(R) Xeon(R) Platinum 8375C CPU @ 2.90GHz,Intel
m6in.large,us-east-1,use1-az2,3,50.0,50.0,2.5,0.13923,0.0478,65,m6in,General,m,2.0,8.0,28956.787883,Intel(R) Xeon(R) Platinum 8375C CPU @ 2.90GHz,Intel(R) Xeon(R) Platinum 8375C CPU @ 2.90GHz,Intel
m6in.large,us-east-1,use1-az4,3,25.0,40.0,2.5,0.13923,0.0533,61,m6in,General,m,2.0,8.0,28956.787883,Intel(R) Xeon(R) Platinum 8375C CPU @ 2.90GHz,Intel(R) Xeon(R) Platinum 8375C CPU @ 2.90GHz,Intel
m6in.large,us-east-1,use1-az5,3,5.0,10.0,2.5,0.13923,0.0517,62,m6in,General,m,2.0,8.0,28956.787883,Intel(R) Xeon(R) Platinum 8375C CPU @ 2.90GHz,Intel(R) Xeon(R) Platinum 8375C CPU @ 2.90GHz,Intel
m6in.large,us-east-1,use1-az6,3,40.0,50.0,2.5,0.13923,0.047,66,m6in,General,m,2.0,8.0,28956.787883,Intel(R) Xeon(R) Platinum 8375C CPU @ 2.90GHz,Intel(R) Xeon(R) Platinum 8375C CPU @ 2.90GHz,Intel
m6in.xlarge,us-east-1,use1-az1,3,1.0,5.0,2.0,0.27846,0.1264,54,m6in,General,m,4.0,16.0,28988.743332,Intel(R) Xeon(R) Platinum 8375C CPU @ 2.90GHz,Intel(R) Xeon(R) Platinum 8375C CPU @ 2.90GHz,Intel
m6in.xlarge,us-east-1,use1-az2,3,30.0,50.0,2.0,0.27846,0.1136,59,m6in,General,m,4.0,16.0,28988.743332,Intel(R) Xeon(R) Platinum 8375C CPU @ 2.90GHz,Intel(R) Xeon(R) Platinum 8375C CPU @ 2.90GHz,Intel
m6in.xlarge,us-east-1,use1-az4,3,10.0,15.0,2.0,0.27846,0.1312,52,m6in,General,m,4.0,16.0,28988.743332,Intel(R) Xeon(R) Platinum 8375C CPU @ 2.90GHz,Intel(R) Xeon(R) Platinum 8375C CPU @ 2.90GHz,Intel
m6in.xlarge,us-east-1,use1-az5,3,1.0,5.0,2.0,0.27846,0.1161,58,m6in,General,m,4.0,16.0,28988.743332,Intel(R) Xeon(R) Platinum 8375C CPU @ 2.90GHz,Intel(R) Xeon(R) Platinum 8375C CPU @ 2.90GHz,Intel
m6in.xlarge,us-east-1,use1-az6,3,15.0,25.0,2.0,0.27846,0.1347,51,m6in,General,m,4.0,16.0,28988.743332,Intel(R) Xeon(R) Platinum 8375C CPU @ 2.90GHz,Intel(R) Xeon(R) Platinum 8375C CPU @ 2.90GHz,Intel
m7a.12xlarge,us-east-1,use1-az1,1,0.0,0.0,1.5,2.78208,0.7729,72,m7a,General,m,48.0,192.0,35537.8869594,AMD EPYC 9R14,AMD EPYC 9R14,AMD
m7a.12xlarge,us-east-1,use1-az2,3,1.0,1.0,1.5,2.78208,1.0012,64,m7a,General,m,48.0,192.0,35537.8869594,AMD EPYC 9R14,AMD EPYC 9R14,AMD
m7a.12xlarge,us-east-1,use1-az4,3,15.0,30.0,1.5,2.78208,0.865,68,m7a,General,m,48.0,192.0,35537.8869594,AMD EPYC 9R14,AMD EPYC 9R14,AMD
m7a.12xlarge,us-east-1,use1-az5,1,0.0,0.0,1.5,2.78208,0.7515,72,m7a,General,m,48.0,192.0,35537.8869594,AMD EPYC 9R14,AMD EPYC 9R14,AMD
m7a.12xlarge,us-east-1,use1-az6,3,20.0,20.0,1.5,2.78208,0.8284,70,m7a,General,m,48.0,192.0,35537.8869594,AMD EPYC 9R14,AMD EPYC 9R14,AMD
m7a.16xlarge,us-east-1,use1-az1,2,0.0,1.0,1.0,3.70944,0.9537,74,m7a,General,m,64.0,256.0,35625.781371000005,AMD EPYC 9R14,AMD EPYC 9R14,AMD
m7a.16xlarge,us-east-1,use1-az2,3,20.0,35.0,1.0,3.70944,1.0628,71,m7a,General,m,64.0,256.0,35625.781371000005,AMD EPYC 9R14,AMD EPYC 9R14,AMD
m7a.16xlarge,us-east-1,use1-az4,3,40.0,50.0,1.0,3.70944,1.019,72,m7a,General,m,64.0,256.0,35625.781371000005,AMD EPYC 9R14,AMD EPYC 9R14,AMD
m7a.16xlarge,us-east-1,use1-az5,1,0.0,0.0,1.0,3.70944,0.8767,76,m7a,General,m,64.0,256.0,35625.781371000005,AMD EPYC 9R14,AMD EPYC 9R14,AMD
m7a.16xlarge,us-east-1,use1-az6,3,1.0,5.0,1.0,3.70944,1.1888,67,m7a,General,m,64.0,256.0,35625.781371000005,AMD EPYC 9R14,AMD EPYC 9R14,AMD
m7a.24xlarge,us-east-1,use1-az1,1,0.0,0.0,1.0,5.56416,1.5256,72,m7a,General,m,96.0,384.0,35566.21822339999,AMD EPYC 9R14,AMD EPYC 9R14,AMD
m7a.24xlarge,us-east-1,use1-az2,3,25.0,45.0,1.0,5.56416,1.541,72,m7a,General,m,96.0,384.0,35566.21822339999,AMD EPYC 9R14,AMD EPYC 9R14,AMD
m7a.24xlarge,us-east-1,use1-az4,3,50.0,50.0,1.0,5.56416,1.5115,72,m7a,General,m,96.0,384.0,35566.21822339999,AMD EPYC 9R14,AMD EPYC 9R14,AMD
m7a.24xlarge,us-east-1,use1-az5,1,0.0,0.0,1.0,5.56416,1.4537,73,m7a,General,m,96.0,384.0,35566.21822339999,AMD EPYC 9R14,AMD EPYC 9R14,AMD
m7a.24xlarge,us-east-1,use1-az6,3,30.0,50.0,1.0,5.56416,1.6953,69,m7a,General,m,96.0,384.0,35566.21822339999,AMD EPYC 9R14,AMD EPYC 9R14,AMD
m7a.2xlarge,us-east-1,use1-az1,3,50.0,50.0,2.5,0.46368,0.2054,55,m7a,General,m,8.0,32.0,35573.4485604,AMD EPYC 9R14,AMD EPYC 9R14,AMD
m7a.2xlarge,us-east-1,use1-az2,3,25.0,30.0,2.5,0.46368,0.2043,55,m7a,General,m,8.0,32.0,35573.4485604,AMD EPYC 9R14,AMD EPYC 9R14,AMD
m7a.2xlarge,us-east-1,use1-az4,3,40.0,50.0,2.5,0.46368,0.1921,58,m7a,General,m,8.0,32.0,35573.4485604,AMD EPYC 9R14,AMD EPYC 9R14,AMD
m7a.2xlarge,us-east-1,use1-az5,3,5.0,15.0,2.5,0.46368,0.2288,50,m7a,General,m,8.0,32.0,35573.4485604,AMD EPYC 9R14,AMD EPYC 9R14,AMD
m7a.2xlarge,us-east-1,use1-az6,3,50.0,50.0,2.5,0.46368,0.2079,55,m7a,General,m,8.0,32.0,35573.4485604,AMD EPYC 9R14,AMD EPYC 9R14,AMD
m7a.32xlarge,us-east-1,use1-az1,1,0.0,0.0,1.0,7.41888,1.2346,83,m7a,General,m,128.0,512.0,35559.1732954,AMD EPYC 9R14,AMD EPYC 9R14,AMD
m7a.32xlarge,us-east-1,use1-az2,3,5.0,5.0,1.0,7.41888,2.096,71,m7a,General,m,128.0,512.0,35559.1732954,AMD EPYC 9R14,AMD EPYC 9R14,AMD
m7a.32xlarge,us-east-1,use1-az4,2,0.0,1.0,1.0,7.41888,2.3381,68,m7a,General,m,128.0,512.0,35559.1732954,AMD EPYC 9R14,AMD EPYC 9R14,AMD
m7a.32xlarge,us-east-1,use1-az5,1,0.0,0.0,1.0,7.41888,1.9199,74,m7a,General,m,128.0,512.0,35559.1732954,AMD EPYC 9R14,AMD EPYC 9R14,AMD
m7a.32xlarge,us-east-1,use1-az6,3,1.0,5.0,1.0,7.41888,1.9293,73,m7a,General,m,128.0,512.0,35559.1732954,AMD EPYC 9R14,AMD EPYC 9R14,AMD
m7a.48xlarge,us-east-1,use1-az1,1,0.0,0.0,1.0,11.12832,2.826,74,m7a,General,m,192.0,768.0,35572.6817414,AMD EPYC 9R14,AMD EPYC 9R14,AMD
m7a.48xlarge,us-east-1,use1-az2,3,1.0,1.0,1.0,11.12832,3.5372,68,m7a,General,m,192.0,768.0,35572.6817414,AMD EPYC 9R14,AMD EPYC 9R14,AMD
m7a.48xlarge,us-east-1,use1-az4,1,0.0,0.0,1.0,11.12832,2.9068,73,m7a,General,m,192.0,768.0,35572.6817414,AMD EPYC 9R14,AMD EPYC 9R14,AMD
m7a.48xlarge,us-east-1,use1-az5,1,0.0,0.0,1.0,11.12832,2.8347,74,m7a,General,m,192.0,768.0,35572.6817414,AMD EPYC 9R14,AMD EPYC 9R14,AMD
m7a.48xlarge,us-east-1,use1-az6,3,5.0,10.0,1.0,11.12832,3.1337,71,m7a,General,m,192.0,768.0,35572.6817414,AMD EPYC 9R14,AMD EPYC 9R14,AMD
m7a.4xlarge,us-east-1,use1-az1,3,30.0,40.0,1.5,0.92736,0.4034,56,m7a,General,m,16.0,64.0,35630.9504934,AMD EPYC 9R14,AMD EPYC 9R14,AMD
m7a.4xlarge,us-east-1,use1-az2,3,50.0,50.0,1.5,0.92736,0.3629,60,m7a,General,m,16.0,64.0,35630.9504934,AMD EPYC 9R14,AMD EPYC 9R14,AMD
m7a.4xlarge,us-east-1,use1-az4,3,50.0,50.0,1.5,0.92736,0.3618,60,m7a,General,m,16.0,64.0,35630.9504934,AMD EPYC 9R14,AMD EPYC 9R14,AMD
m7a.4xlarge,us-east-1,use1-az5,2,0.0,1.0,1.5,0.92736,0.4028,56,m7a,General,m,16.0,64.0,35630.9504934,AMD EPYC 9R14,AMD EPYC 9R14,AMD
m7a.4xlarge,us-east-1,use1-az6,3,30.0,50.0,1.5,0.92736,0.3847,58,m7a,General,m,16.0,64.0,35630.9504934,AMD EPYC 9R14,AMD EPYC 9R14,AMD
m7a.8xlarge,us-east-1,use1-az1,3,1.0,1.0,2.0,1.85472,0.6158,66,m7a,General,m,32.0,128.0,35620.733535,AMD EPYC 9R14,AMD EPYC 9R14,AMD
m7a.8xlarge,us-east-1,use1-az2,3,25.0,35.0,2.0,1.85472,0.8097,56,m7a,General,m,32.0,128.0,35620.733535,AMD EPYC 9R14,AMD EPYC 9R14,AMD
m7a.8xlarge,us-east-1,use1-az4,3,25.0,45.0,2.0,1.85472,0.7504,59,m7a,General,m,32.0,128.0,35620.733535,AMD EPYC 9R14,AMD EPYC 9R14,AMD
m7a.8xlarge,us-east-1,use1-az5,1,0.0,0.0,2.0,1.85472,0.5611,69,m7a,General,m,32.0,128.0,35620.733535,AMD EPYC 9R14,AMD EPYC 9R14,AMD
m7a.8xlarge,us-east-1,use1-az6,3,20.0,35.0,2.0,1.85472,0.7918,57,m7a,General,m,32.0,128.0,35620.733535,AMD EPYC 9R14,AMD EPYC 9R14,AMD
m7a.large,us-east-1,use1-az1,3,50.0,50.0,2.5,0.11592,0.0391,66,m7a,General,m,2.0,8.0,35597.8908984,AMD EPYC 9R14,AMD EPYC 9R14,AMD
m7a.large,us-east-1,use1-az2,3,50.0,50.0,2.5,0.11592,0.0332,71,m7a,General,m,2.0,8.0,35597.8908984,AMD EPYC 9R14,AMD EPYC 9R14,AMD
m7a.large,us-east-1,use1-az4,3,50.0,50.0,2.5,0.11592,0.0343,70,m7a,General,m,2.0,8.0,35597.8908984,AMD EPYC 9R14,AMD EPYC 9R14,AMD
m7a.large,us-east-1,use1-az5,3,1.0,1.0,2.5,0.11592,0.0336,71,m7a,General,m,2.0,8.0,35597.8908984,AMD EPYC 9R14,AMD EPYC 9R14,AMD
m7a.large,us-east-1,use1-az6,3,50.0,50.0,2.5,0.11592,0.0337,70,m7a,General,m,2.0,8.0,35597.8908984,AMD EPYC 9R14,AMD EPYC 9R14,AMD
m7a.medium,us-east-1,use1-az1,3,30.0,45.0,3.0,0.05796,0.0188,67,m7a,General,m,1.0,4.0,35469.1661588,AMD EPYC 9R14,AMD EPYC 9R14,AMD
m7a.medium,us-east-1,use1-az2,3,50.0,50.0,3.0,0.05796,0.0218,62,m7a,General,m,1.0,4.0,35469.1661588,AMD EPYC 9R14,AMD EPYC 9R14,AMD
m7a.medium,us-east-1,use1-az4,3,50.0,50.0,3.0,0.05796,0.0214,63,m7a,General,m,1.0,4.0,35469.1661588,AMD EPYC 9R14,AMD EPYC 9R14,AMD
m7a.medium,us-east-1,use1-az5,3,10.0,10.0,3.0,0.05796,0.0202,65,m7a,General,m,1.0,4.0,35469.1661588,AMD EPYC 9R14,AMD EPYC 9R14,AMD
m7a.medium,us-east-1,use1-az6,3,50.0,50.0,3.0,0.05796,0.0211,63,m7a,General,m,1.0,4.0,35469.1661588,AMD EPYC 9R14,AMD EPYC 9R14,AMD
m7a.xlarge,us-east-1,use1-az1,3,45.0,50.0,2.5,0.23184,0.0927,60,m7a,General,m,4.0,16.0,35593.8236712,AMD EPYC 9R14,AMD EPYC 9R14,AMD
m7a.xlarge,us-east-1,use1-az2,3,50.0,50.0,2.5,0.23184,0.1007,56,m7a,General,m,4.0,16.0,35593.8236712,AMD EPYC 9R14,AMD EPYC 9R14,AMD
m7a.xlarge,us-east-1,use1-az4,3,50.0,50.0,2.5,0.23184,0.0999,56,m7a,General,m,4.0,16.0,35593.8236712,AMD EPYC 9R14,AMD EPYC 9R14,AMD
m7a.xlarge,us-east-1,use1-az5,3,1.0,1.0,2.5,0.23184,0.068,70,m7a,General,m,4.0,16.0,35593.8236712,AMD EPYC 9R14,AMD EPYC 9R14,AMD
m7a.xlarge,us-east-1,use1-az6,3,50.0,50.0,2.5,0.23184,0.1044,54,m7a,General,m,4.0,16.0,35593.8236712,AMD EPYC 9R14,AMD EPYC 9R14,AMD
m7g.12xlarge,us-east-1,use1-az1,3,50.0,50.0,1.0,1.9584,0.6035,69,m7g,General,m,48.0,192.0,24298.0526854,AWS Graviton3 Processor,AWS Graviton3 Processor,AWS
m7g.12xlarge,us-east-1,use1-az2,3,50.0,50.0,1.0,1.9584,0.5836,70,m7g,General,m,48.0,192.0,24298.0526854,AWS Graviton3 Processor,AWS Graviton3 Processor,AWS
m7g.12xlarge,us-east-1,use1-az4,3,50.0,50.0,1.0,1.9584,0.5367,72,m7g,General,m,48.0,192.0,24298.0526854,AWS Graviton3 Processor,AWS Graviton3 Processor,AWS
m7g.12xlarge,us-east-1,use1-az5,3,10.0,15.0,1.0,1.9584,0.6673,65,m7g,General,m,48.0,192.0,24298.0526854,AWS Graviton3 Processor,AWS Graviton3 Processor,AWS
m7g.12xlarge,us-east-1,use1-az6,3,45.0,50.0,1.0,1.9584,0.5263,73,m7g,General,m,48.0,192.0,24298.0526854,AWS Graviton3 Processor,AWS Graviton3 Processor,AWS
m7g.16xlarge,us-east-1,use1-az1,3,50.0,50.0,3.0,2.6112,0.8447,67,m7g,General,m,64.0,256.0,24280.108154,AWS Graviton3 Processor,AWS Graviton3 Processor,AWS
m7g.16xlarge,us-east-1,use1-az2,3,50.0,50.0,3.0,2.6112,0.7493,71,m7g,General,m,64.0,256.0,24280.108154,AWS Graviton3 Processor,AWS Graviton3 Processor,AWS
m7g.16xlarge,us-east-1,use1-az4,3,50.0,50.0,3.0,2.6112,0.7581,70,m7g,General,m,64.0,256.0,24280.108154,AWS Graviton3 Processor,AWS Graviton3 Processor,AWS
m7g.16xlarge,us-east-1,use1-az5,3,50.0,50.0,3.0,2.6112,0.7483,71,m7g,General,m,64.0,256.0,24280.108154,AWS Graviton3 Processor,AWS Graviton3 Processor,AWS
m7g.16xlarge,us-east-1,use1-az6,3,50.0,50.0,3.0,2.6112,0.78,70,m7g,General,m,64.0,256.0,24280.108154,AWS Graviton3 Processor,AWS Graviton3 Processor,AWS
m7g.2xlarge,us-east-1,use1-az1,3,50.0,50.0,3.0,0.3264,0.1239,62,m7g,General,m,8.0,32.0,24280.9407438,AWS Graviton3 Processor,AWS Graviton3 Processor,AWS
m7g.2xlarge,us-east-1,use1-az2,3,50.0,50.0,3.0,0.3264,0.1199,63,m7g,General,m,8.0,32.0,24280.9407438,AWS Graviton3 Processor,AWS Graviton3 Processor,AWS
m7g.2xlarge,us-east-1,use1-az4,3,50.0,50.0,3.0,0.3264,0.1161,64,m7g,General,m,8.0,32.0,24280.9407438,AWS Graviton3 Processor,AWS Graviton3 Processor,AWS
m7g.2xlarge,us-east-1,use1-az5,3,50.0,50.0,3.0,0.3264,0.1041,68,m7g,General,m,8.0,32.0,24280.9407438,AWS Graviton3 Processor,AWS Graviton3 Processor,AWS
m7g.2xlarge,us-east-1,use1-az6,3,50.0,50.0,3.0,0.3264,0.1211,62,m7g,General,m,8.0,32.0,24280.9407438,AWS Graviton3 Processor,AWS Graviton3 Processor,AWS
m7g.4xlarge,us-east-1,use1-az1,3,50.0,50.0,2.5,0.6528,0.2702,58,m7g,General,m,16.0,64.0,24297.092525599997,AWS Graviton3 Processor,AWS Graviton3 Processor,AWS
m7g.4xlarge,us-east-1,use1-az2,3,50.0,50.0,2.5,0.6528,0.2332,64,m7g,General,m,16.0,64.0,24297.092525599997,AWS Graviton3 Processor,AWS Graviton3 Processor,AWS
m7g.4xlarge,us-east-1,use1-az4,3,50.0,50.0,2.5,0.6528,0.2345,64,m7g,General,m,16.0,64.0,24297.092525599997,AWS Graviton3 Processor,AWS Graviton3 Processor,AWS
m7g.4xlarge,us-east-1,use1-az5,3,50.0,50.0,2.5,0.6528,0.2347,64,m7g,General,m,16.0,64.0,24297.092525599997,AWS Graviton3 Processor,AWS Graviton3 Processor,AWS
m7g.4xlarge,us-east-1,use1-az6,3,50.0,50.0,2.5,0.6528,0.2335,64,m7g,General,m,16.0,64.0,24297.092525599997,AWS Graviton3 Processor,AWS Graviton3 Processor,AWS
m7g.8xlarge,us-east-1,use1-az1,3,50.0,50.0,2.5,1.3056,0.4774,63,m7g,General,m,32.0,128.0,24288.616282,AWS Graviton3 Processor,AWS Graviton3 Processor,AWS
m7g.8xlarge,us-east-1,use1-az2,3,50.0,50.0,2.5,1.3056,0.4528,65,m7g,General,m,32.0,128.0,24288.616282,AWS Graviton3 Processor,AWS Graviton3 Processor,AWS
m7g.8xlarge,us-east-1,use1-az4,3,50.0,50.0,2.5,1.3056,0.4939,62,m7g,General,m,32.0,128.0,24288.616282,AWS Graviton3 Processor,AWS Graviton3 Processor,AWS
m7g.8xlarge,us-east-1,use1-az5,3,50.0,50.0,2.5,1.3056,0.4207,67,m7g,General,m,32.0,128.0,24288.616282,AWS Graviton3 Processor,AWS Graviton3 Processor,AWS
m7g.8xlarge,us-east-1,use1-az6,3,50.0,50.0,2.5,1.3056,0.5007,61,m7g,General,m,32.0,128.0,24288.616282,AWS Graviton3 Processor,AWS Graviton3 Processor,AWS
m7g.large,us-east-1,use1-az1,3,50.0,50.0,2.5,0.0816,0.0338,58,m7g,General,m,2.0,8.0,24307.2543432,AWS Graviton3 Processor,AWS Graviton3 Processor,AWS
m7g.large,us-east-1,use1-az2,3,50.0,50.0,2.5,0.0816,0.0349,57,m7g,General,m,2.0,8.0,24307.2543432,AWS Graviton3 Processor,AWS Graviton3 Processor,AWS
m7g.large,us-east-1,use1-az4,3,50.0,50.0,2.5,0.0816,0.0235,71,m7g,General,m,2.0,8.0,24307.2543432,AWS Graviton3 Processor,AWS Graviton3 Processor,AWS
m7g.large,us-east-1,use1-az5,3,25.0,40.0,2.5,0.0816,0.028,65,m7g,General,m,2.0,8.0,24307.2543432,AWS Graviton3 Processor,AWS Graviton3 Processor,AWS
m7g.large,us-east-1,use1-az6,3,50.0,50.0,2.5,0.0816,0.0257,68,m7g,General,m,2.0,8.0,24307.2543432,AWS Graviton3 Processor,AWS Graviton3 Processor,AWS
m7g.medium,us-east-1,use1-az1,3,40.0,50.0,3.0,0.0408,0.0121,70,m7g,General,m,1.0,4.0,24331.5118844,AWS Graviton3 Processor,AWS Graviton3 Processor,AWS
m7g.medium,us-east-1,use1-az2,3,50.0,50.0,3.0,0.0408,0.0157,61,m7g,General,m,1.0,4.0,24331.5118844,AWS Graviton3 Processor,AWS Graviton3 Processor,AWS
m7g.medium,us-east-1,use1-az4,3,35.0,50.0,3.0,0.0408,0.0143,64,m7g,General,m,1.0,4.0,24331.5118844,AWS Graviton3 Processor,AWS Graviton3 Processor,AWS
m7g.medium,us-east-1,use1-az5,3,35.0,50.0,3.0,0.0408,0.0122,70,m7g,General,m,1.0,4.0,24331.5118844,AWS Graviton3 Processor,AWS Graviton3 Processor,AWS
m7g.medium,us-east-1,use1-az6,3,50.0,50.0,3.0,0.0408,0.0137,66,m7g,General,m,1.0,4.0,24331.5118844,AWS Graviton3 Processor,AWS Graviton3 Processor,AWS
m7g.xlarge,us-east-1,use1-az1,3,50.0,50.0,3.0,0.1632,0.0652,60,m7g,General,m,4.0,16.0,24294.260086,AWS Graviton3 Processor,AWS Graviton3 Processor,AWS
m7g.xlarge,us-east-1,use1-az2,3,50.0,50.0,3.0,0.1632,0.0605,62,m7g,General,m,4.0,16.0,24294.260086,AWS Graviton3 Processor,AWS Graviton3 Processor,AWS
m7g.xlarge,us-east-1,use1-az4,3,50.0,50.0,3.0,0.1632,0.0721,55,m7g,General,m,4.0,16.0,24294.260086,AWS Graviton3 Processor,AWS Graviton3 Processor,AWS
m7g.xlarge,us-east-1,use1-az5,3,50.0,50.0,3.0,0.1632,0.0597,63,m7g,General,m,4.0,16.0,24294.260086,AWS Graviton3 Processor,AWS Graviton3 Processor,AWS
m7g.xlarge,us-east-1,use1-az6,3,50.0,50.0,3.0,0.1632,0.0483,70,m7g,General,m,4.0,16.0,24294.260086,AWS Graviton3 Processor,AWS Graviton3 Processor,AWS
m7gd.12xlarge,us-east-1,use1-az1,3,15.0,30.0,1.0,2.5628,0.661,74,m7gd,General,m,48.0,192.0,24278.5899102,AWS Graviton3 Processor,AWS Graviton3 Processor,AWS
m7gd.12xlarge,us-east-1,use1-az2,3,40.0,50.0,1.0,2.5628,0.6862,73,m7gd,General,m,48.0,192.0,24278.5899102,AWS Graviton3 Processor,AWS Graviton3 Processor,AWS
m7gd.12xlarge,us-east-1,use1-az4,3,1.0,1.0,1.0,2.5628,0.6504,74,m7gd,General,m,48.0,192.0,24278.5899102,AWS Graviton3 Processor,AWS Graviton3 Processor,AWS
m7gd.12xlarge,us-east-1,use1-az5,2,0.0,1.0,1.0,2.5628,0.717,72,m7gd,General,m,48.0,192.0,24278.5899102,AWS Graviton3 Processor,AWS Graviton3 Processor,AWS
m7gd.12xlarge,us-east-1,use1-az6,3,25.0,35.0,1.0,2.5628,0.8075,68,m7gd,General,m,48.0,192.0,24278.5899102,AWS Graviton3 Processor,AWS Graviton3 Processor,AWS
m7gd.16xlarge,us-east-1,use1-az1,3,15.0,25.0,1.0,3.4171,0.865,74,m7gd,General,m,64.0,256.0,24291.7769906,AWS Graviton3 Processor,AWS Graviton3 Processor,AWS
m7gd.16xlarge,us-east-1,use1-az2,3,50.0,50.0,1.0,3.4171,0.8637,74,m7gd,General,m,64.0,256.0,24291.7769906,AWS Graviton3 Processor,AWS Graviton3 Processor,AWS
m7gd.16xlarge,us-east-1,use1-az4,3,40.0,50.0,1.0,3.4171,0.9151,73,m7gd,General,m,64.0,256.0,24291.7769906,AWS Graviton3 Processor,AWS Graviton3 Processor,AWS
m7gd.16xlarge,us-east-1,use1-az5,3,45.0,50.0,1.0,3.4171,0.8735,74,m7gd,General,m,64.0,256.0,24291.7769906,AWS Graviton3 Processor,AWS Graviton3 Processor,AWS
m7gd.16xlarge,us-east-1,use1-az6,3,50.0,50.0,1.0,3.4171,0.858,74,m7gd,General,m,64.0,256.0,24291.7769906,AWS Graviton3 Processor,AWS Graviton3 Processor,AWS
m7gd.2xlarge,us-east-1,use1-az1,3,30.0,40.0,1.0,0.4271,0.1835,57,m7gd,General,m,8.0,32.0,24285.6658698,AWS Graviton3 Processor,AWS Graviton3 Processor,AWS
m7gd.2xlarge,us-east-1,use1-az2,3,50.0,50.0,1.0,0.4271,0.1543,63,m7gd,General,m,8.0,32.0,24285.6658698,AWS Graviton3 Processor,AWS Graviton3 Processor,AWS
m7gd.2xlarge,us-east-1,use1-az4,3,1.0,1.0,1.0,0.4271,0.21,50,m7gd,General,m,8.0,32.0,24285.6658698,AWS Graviton3 Processor,AWS Graviton3 Processor,AWS
m7gd.2xlarge,us-east-1,use1-az5,3,1.0,5.0,1.0,0.4271,0.1472,65,m7gd,General,m,8.0,32.0,24285.6658698,AWS Graviton3 Processor,AWS Graviton3 Processor,AWS
m7gd.2xlarge,us-east-1,use1-az6,3,5.0,10.0,1.0,0.4271,0.2224,47,m7gd,General,m,8.0,32.0,24285.6658698,AWS Graviton3 Processor,AWS Graviton3 Processor,AWS
m7gd.4xlarge,us-east-1,use1-az1,3,25.0,35.0,1.0,0.8543,0.3118,63,m7gd,General,m,16.0,64.0,24295.913933,AWS Graviton3 Processor,AWS Graviton3 Processor,AWS
m7gd.4xlarge,us-east-1,use1-az2,3,30.0,45.0,1.0,0.8543,0.3671,57,m7gd,General,m,16.0,64.0,24295.913933,AWS Graviton3 Processor,AWS Graviton3 Processor,AWS
m7gd.4xlarge,us-east-1,use1-az4,3,10.0,10.0,1.0,0.8543,0.4079,52,m7gd,General,m,16.0,64.0,24295.913933,AWS Graviton3 Processor,AWS Graviton3 Processor,AWS
m7gd.4xlarge,us-east-1,use1-az5,3,1.0,1.0,1.0,0.8543,0.2685,68,m7gd,General,m,16.0,64.0,24295.913933,AWS Graviton3 Processor,AWS Graviton3 Processor,AWS
m7gd.4xlarge,us-east-1,use1-az6,3,35.0,50.0,1.0,0.8543,0.3717,56,m7gd,General,m,16.0,64.0,24295.913933,AWS Graviton3 Processor,AWS Graviton3 Processor,AWS
m7gd.8xlarge,us-east-1,use1-az1,3,50.0,50.0,3.0,1.7086,0.6855,59,m7gd,General,m,32.0,128.0,24279.1627852,AWS Graviton3 Processor,AWS Graviton3 Processor,AWS
m7gd.8xlarge,us-east-1,use1-az2,3,50.0,50.0,3.0,1.7086,0.7608,55,m7gd,General,m,32.0,128.0,24279.1627852,AWS Graviton3 Processor,AWS Graviton3 Processor,AWS
m7gd.8xlarge,us-east-1,use1-az4,3,50.0,50.0,3.0,1.7086,0.7787,54,m7gd,General,m,32.0,128.0,24279.1627852,AWS Graviton3 Processor,AWS Graviton3 Processor,AWS
m7gd.8xlarge,us-east-1,use1-az5,3,50.0,50.0,3.0,1.7086,0.5019,70,m7gd,General,m,32.0,128.0,24279.1627852,AWS Graviton3 Processor,AWS Graviton3 Processor,AWS
m7gd.8xlarge,us-east-1,use1-az6,3,50.0,50.0,3.0,1.7086,0.7083,58,m7gd,General,m,32.0,128.0,24279.1627852,AWS Graviton3 Processor,AWS Graviton3 Processor,AWS
m7gd.large,us-east-1,use1-az1,3,30.0,40.0,1.0,0.1068,0.0577,45,m7gd,General,m,2.0,8.0,24311.2823744,AWS Graviton3 Processor,AWS Graviton3 Processor,AWS
m7gd.large,us-east-1,use1-az2,3,15.0,40.0,1.0,0.1068,0.0679,36,m7gd,General,m,2.0,8.0,24311.2823744,AWS Graviton3 Processor,AWS Graviton3 Processor,AWS
m7gd.large,us-east-1,use1-az4,3,5.0,5.0,1.0,0.1068,0.0509,52,m7gd,General,m,2.0,8.0,24311.2823744,AWS Graviton3 Processor,AWS Graviton3 Processor,AWS
m7gd.large,us-east-1,use1-az5,3,5.0,5.0,1.0,0.1068,0.0367,65,m7gd,General,m,2.0,8.0,24311.2823744,AWS Graviton3 Processor,AWS Graviton3 Processor,AWS
m7gd.large,us-east-1,use1-az6,3,50.0,50.0,1.0,0.1068,0.0444,58,m7gd,General,m,2.0,8.0,24311.2823744,AWS Graviton3 Processor,AWS Graviton3 Processor,AWS
m7gd.medium,us-east-1,use1-az1,3,20.0,30.0,3.0,0.0534,0.0179,66,m7gd,General,m,1.0,4.0,24323.827836,AWS Graviton3 Processor,AWS Graviton3 Processor,AWS
m7gd.medium,us-east-1,use1-az2,3,20.0,30.0,3.0,0.0534,0.018,66,m7gd,General,m,1.0,4.0,24323.827836,AWS Graviton3 Processor,AWS Graviton3 Processor,AWS
m7gd.medium,us-east-1,use1-az4,3,20.0,30.0,3.0,0.0534,0.0146,72,m7gd,General,m,1.0,4.0,24323.827836,AWS Graviton3 Processor,AWS Graviton3 Processor,AWS
m7gd.medium,us-east-1,use1-az5,3,25.0,40.0,3.0,0.0534,0.008,85,m7gd,General,m,1.0,4.0,24323.827836,AWS Graviton3 Processor,AWS Graviton3 Processor,AWS
m7gd.medium,us-east-1,use1-az6,3,30.0,45.0,3.0,0.0534,0.0158,70,m7gd,General,m,1.0,4.0,24323.827836,AWS Graviton3 Processor,AWS Graviton3 Processor,AWS
m7gd.xlarge,us-east-1,use1-az1,3,20.0,20.0,1.0,0.2136,0.0943,55,m7gd,General,m,4.0,16.0,24306.6615738,AWS Graviton3 Processor,AWS Graviton3 Processor,AWS
m7gd.xlarge,us-east-1,use1-az2,3,15.0,20.0,1.0,0.2136,0.0917,57,m7gd,General,m,4.0,16.0,24306.6615738,AWS Graviton3 Processor,AWS Graviton3 Processor,AWS
m7gd.xlarge,us-east-1,use1-az4,3,5.0,10.0,1.0,0.2136,0.0975,54,m7gd,General,m,4.0,16.0,24306.6615738,AWS Graviton3 Processor,AWS Graviton3 Processor,AWS
m7gd.xlarge,us-east-1,use1-az5,3,1.0,1.0,1.0,0.2136,0.0817,61,m7gd,General,m,4.0,16.0,24306.6615738,AWS Graviton3 Processor,AWS Graviton3 Processor,AWS
m7gd.xlarge,us-east-1,use1-az6,3,30.0,35.0,1.0,0.2136,0.123,42,m7gd,General,m,4.0,16.0,24306.6615738,AWS Graviton3 Processor,AWS Graviton3 Processor,AWS
m7i-flex.2xlarge,us-east-1,use1-az1,3,50.0,50.0,3.0,0.38304,0.208,45,m7i-flex,General,m,8.0,32.0,34847.849836199995,Intel(R) Xeon(R) Platinum 8488C,Intel(R) Xeon(R) Platinum 8488C,Intel
m7i-flex.2xlarge,us-east-1,use1-az2,3,50.0,50.0,3.0,0.38304,0.2276,40,m7i-flex,General,m,8.0,32.0,34847.849836199995,Intel(R) Xeon(R) Platinum 8488C,Intel(R) Xeon(R) Platinum 8488C,Intel
m7i-flex.2xlarge,us-east-1,use1-az4,3,50.0,50.0,3.0,0.38304,0.1943,49,m7i-flex,General,m,8.0,32.0,34847.849836199995,Intel(R) Xeon(R) Platinum 8488C,Intel(R) Xeon(R) Platinum 8488C,Intel
m7i-flex.2xlarge,us-east-1,use1-az5,3,50.0,50.0,3.0,0.38304,0.1386,63,m7i-flex,General,m,8.0,32.0,34847.849836199995,Intel(R) Xeon(R) Platinum 8488C,Intel(R) Xeon(R) Platinum 8488C,Intel
m7i-flex.2xlarge,us-east-1,use1-az6,3,50.0,50.0,3.0,0.38304,0.1966,48,m7i-flex,General,m,8.0,32.0,34847.849836199995,Intel(R) Xeon(R) Platinum 8488C,Intel(R) Xeon(R) Platinum 8488C,Intel
m7i-flex.4xlarge,us-east-1,use1-az1,3,1.0,1.0,1.0,0.76608,0.3311,56,m7i-flex,General,m,16.0,64.0,34834.042632599994,Intel(R) Xeon(R) Platinum 8488C,Intel(R) Xeon(R) Platinum 8488C,Intel
m7i-flex.4xlarge,us-east-1,use1-az2,3,1.0,5.0,1.0,0.76608,0.2977,61,m7i-flex,General,m,16.0,64.0,34834.042632599994,Intel(R) Xeon(R) Platinum 8488C,Intel(R) Xeon(R) Platinum 8488C,Intel
m7i-flex.4xlarge,us-east-1,use1-az4,3,1.0,5.0,1.0,0.76608,0.305,60,m7i-flex,General,m,16.0,64.0,34834.042632599994,Intel(R) Xeon(R) Platinum 8488C,Intel(R) Xeon(R) Platinum 8488C,Intel
m7i-flex.4xlarge,us-east-1,use1-az5,2,0.0,1.0,1.0,0.76608,0.2779,63,m7i-flex,General,m,16.0,64.0,34834.042632599994,Intel(R) Xeon(R) Platinum 8488C,Intel(R) Xeon(R) Platinum 8488C,Intel
m7i-flex.4xlarge,us-east-1,use1-az6,3,25.0,45.0,1.0,0.76608,0.2572,66,m7i-flex,General,m,16.0,64.0,34834.042632599994,Intel(R) Xeon(R) Platinum 8488C,Intel(R) Xeon(R) Platinum 8488C,Intel
m7i-flex.8xlarge,us-east-1,use1-az1,3,5.0,5.0,1.0,1.53216,0.726,52,m7i-flex,General,m,32.0,128.0,34807.886400999996,Intel(R) Xeon(R) Platinum 8488C,Intel(R) Xeon(R) Platinum 8488C,Intel
m7i-flex.8xlarge,us-east-1,use1-az2,3,5.0,10.0,1.0,1.53216,0.6596,56,m7i-flex,General,m,32.0,128.0,34807.886400999996,Intel(R) Xeon(R) Platinum 8488C,Intel(R) Xeon(R) Platinum 8488C,Intel
m7i-flex.8xlarge,us-east-1,use1-az4,3,10.0,15.0,1.0,1.53216,0.5882,61,m7i-flex,General,m,32.0,128.0,34807.886400999996,Intel(R) Xeon(R) Platinum 8488C,Intel(R) Xeon(R) Platinum 8488C,Intel
m7i-flex.8xlarge,us-east-1,use1-az5,2,0.0,1.0,1.0,1.53216,0.4765,68,m7i-flex,General,m,32.0,128.0,34807.886400999996,Intel(R) Xeon(R) Platinum 8488C,Intel(R) Xeon(R) Platinum 8488C,Intel
m7i-flex.8xlarge,us-east-1,use1-az6,3,10.0,10.0,1.0,1.53216,0.6314,58,m7i-flex,General,m,32.0,128.0,34807.886400999996,Intel(R) Xeon(R) Platinum 8488C,Intel(R) Xeon(R) Platinum 8488C,Intel
m7i-flex.large,us-east-1,use1-az1,3,40.0,50.0,2.5,0.09576,0.0331,65,m7i-flex,General,m,2.0,8.0,34817.0428886,Intel(R) Xeon(R) Platinum 8488C,Intel(R) Xeon(R) Platinum 8488C,Intel
m7i-flex.large,us-east-1,use1-az2,3,40.0,50.0,2.5,0.09576,0.0273,71,m7i-flex,General,m,2.0,8.0,34817.0428886,Intel(R) Xeon(R) Platinum 8488C,Intel(R) Xeon(R) Platinum 8488C,Intel
m7i-flex.large,us-east-1,use1-az4,3,50.0,50.0,2.5,0.09576,0.0332,65,m7i-flex,General,m,2.0,8.0,34817.0428886,Intel(R) Xeon(R) Platinum 8488C,Intel(R) Xeon(R) Platinum 8488C,Intel
m7i-flex.large,us-east-1,use1-az5,3,10.0,15.0,2.5,0.09576,0.0276,71,m7i-flex,General,m,2.0,8.0,34817.0428886,Intel(R) Xeon(R) Platinum 8488C,Intel(R) Xeon(R) Platinum 8488C,Intel
m7i-flex.large,us-east-1,use1-az6,3,50.0,50.0,2.5,0.09576,0.0325,66,m7i-flex,General,m,2.0,8.0,34817.0428886,Intel(R) Xeon(R) Platinum 8488C,Intel(R) Xeon(R) Platinum 8488C,Intel
m7i-flex.xlarge,us-east-1,use1-az1,3,15.0,35.0,2.5,0.19152,0.0811,57,m7i-flex,General,m,4.0,16.0,34818.577664000004,Intel(R) Xeon(R) Platinum 8488C,Intel(R) Xeon(R) Platinum 8488C,Intel
m7i-flex.xlarge,us-east-1,use1-az2,3,50.0,50.0,2.5,0.19152,0.0694,63,m7i-flex,General,m,4.0,16.0,34818.577664000004,Intel(R) Xeon(R) Platinum 8488C,Intel(R) Xeon(R) Platinum 8488C,Intel
m7i-flex.xlarge,us-east-1,use1-az4,3,50.0,50.0,2.5,0.19152,0.0687,64,m7i-flex,General,m,4.0,16.0,34818.577664000004,Intel(R) Xeon(R) Platinum 8488C,Intel(R) Xeon(R) Platinum 8488C,Intel
m7i-flex.xlarge,us-east-1,use1-az5,3,1.0,5.0,2.5,0.19152,0.0585,69,m7i-flex,General,m,4.0,16.0,34818.577664000004,Intel(R) Xeon(R) Platinum 8488C,Intel(R) Xeon(R) Platinum 8488C,Intel
m7i-flex.xlarge,us-east-1,use1-az6,3,50.0,50.0,2.5,0.19152,0.082,57,m7i-flex,General,m,4.0,16.0,34818.577664000004,Intel(R) Xeon(R) Platinum 8488C,Intel(R) Xeon(R) Platinum 8488C,Intel
m7i.12xlarge,us-east-1,use1-az1,3,1.0,1.0,1.0,2.4192,0.8097,66,m7i,General,m,48.0,192.0,34290.7909594,Intel(R) Xeon(R) Platinum 8488C,Intel(R) Xeon(R) Platinum 8488C,Intel
m7i.12xlarge,us-east-1,use1-az2,3,1.0,5.0,1.0,2.4192,0.6741,72,m7i,General,m,48.0,192.0,34290.7909594,Intel(R) Xeon(R) Platinum 8488C,Intel(R) Xeon(R) Platinum 8488C,Intel
m7i.12xlarge,us-east-1,use1-az4,3,5.0,5.0,1.0,2.4192,0.6769,72,m7i,General,m,48.0,192.0,34290.7909594,Intel(R) Xeon(R) Platinum 8488C,Intel(R) Xeon(R) Platinum 8488C,Intel
m7i.12xlarge,us-east-1,use1-az5,3,1.0,1.0,1.0,2.4192,0.7427,69,m7i,General,m,48.0,192.0,34290.7909594,Intel(R) Xeon(R) Platinum 8488C,Intel(R) Xeon(R) Platinum 8488C,Intel
m7i.12xlarge,us-east-1,use1-az6,3,1.0,5.0,1.0,2.4192,0.6859,71,m7i,General,m,48.0,192.0,34290.7909594,Intel(R) Xeon(R) Platinum 8488C,Intel(R) Xeon(R) Platinum 8488C,Intel
m7i.16xlarge,us-east-1,use1-az1,3,1.0,5.0,3.0,3.2256,0.8713,72,m7i,General,m,64.0,256.0,34337.3600746,Intel(R) Xeon(R) Platinum 8488C,Intel(R) Xeon(R) Platinum 8488C,Intel
m7i.16xlarge,us-east-1,use1-az2,3,50.0,50.0,3.0,3.2256,1.4932,53,m7i,General,m,64.0,256.0,34337.3600746,Intel(R) Xeon(R) Platinum 8488C,Intel(R) Xeon(R) Platinum 8488C,Intel
m7i.16xlarge,us-east-1,use1-az4,3,50.0,50.0,3.0,3.2256,1.5246,52,m7i,General,m,64.0,256.0,34337.3600746,Intel(R) Xeon(R) Platinum 8488C,Intel(R) Xeon(R) Platinum 8488C,Intel
m7i.16xlarge,us-east-1,use1-az5,3,1.0,1.0,3.0,3.2256,0.816,74,m7i,General,m,64.0,256.0,34337.3600746,Intel(R) Xeon(R) Platinum 8488C,Intel(R) Xeon(R) Platinum 8488C,Intel
m7i.16xlarge,us-east-1,use1-az6,3,50.0,50.0,3.0,3.2256,1.504,53,m7i,General,m,64.0,256.0,34337.3600746,Intel(R) Xeon(R) Platinum 8488C,Intel(R) Xeon(R) Platinum 8488C,Intel
m7i.24xlarge,us-east-1,use1-az1,3,15.0,25.0,2.0,4.8384,2.0481,57,m7i,General,m,96.0,384.0,34341.39411760001,Intel(R) Xeon(R) Platinum 8488C,Intel(R) Xeon(R) Platinum 8488C,Intel
m7i.24xlarge,us-east-1,use1-az2,3,1.0,5.0,2.0,4.8384,1.3113,72,m7i,General,m,96.0,384.0,34341.39411760001,Intel(R) Xeon(R) Platinum 8488C,Intel(R) Xeon(R) Platinum 8488C,Intel
m7i.24xlarge,us-east-1,use1-az4,3,15.0,30.0,2.0,4.8384,1.8242,62,m7i,General,m,96.0,384.0,34341.39411760001,Intel(R) Xeon(R) Platinum 8488C,Intel(R) Xeon(R) Platinum 8488C,Intel
m7i.24xlarge,us-east-1,use1-az5,3,5.0,5.0,2.0,4.8384,1.2332,74,m7i,General,m,96.0,384.0,34341.39411760001,Intel(R) Xeon(R) Platinum 8488C,Intel(R) Xeon(R) Platinum 8488C,Intel
m7i.24xlarge,us-east-1,use1-az6,3,25.0,40.0,2.0,4.8384,1.7661,63,m7i,General,m,96.0,384.0,34341.39411760001,Intel(R) Xeon(R) Platinum 8488C,Intel(R) Xeon(R) Platinum 8488C,Intel
m7i.2xlarge,us-east-1,use1-az1,3,40.0,50.0,1.0,0.4032,0.2114,47,m7i,General,m,8.0,32.0,34502.0987822,Intel(R) Xeon(R) Platinum 8488C,Intel(R) Xeon(R) Platinum 8488C,Intel
m7i.2xlarge,us-east-1,use1-az2,3,50.0,50.0,1.0,0.4032,0.1303,67,m7i,General,m,8.0,32.0,34502.0987822,Intel(R) Xeon(R) Platinum 8488C,Intel(R) Xeon(R) Platinum 8488C,Intel
m7i.2xlarge,us-east-1,use1-az4,3,50.0,50.0,1.0,0.4032,0.125,68,m7i,General,m,8.0,32.0,34502.0987822,Intel(R) Xeon(R) Platinum 8488C,Intel(R) Xeon(R) Platinum 8488C,Intel
m7i.2xlarge,us-east-1,use1-az5,3,5.0,10.0,1.0,0.4032,0.1238,69,m7i,General,m,8.0,32.0,34502.0987822,Intel(R) Xeon(R) Platinum 8488C,Intel(R) Xeon(R) Platinum 8488C,Intel
m7i.2xlarge,us-east-1,use1-az6,3,30.0,50.0,1.0,0.4032,0.1646,59,m7i,General,m,8.0,32.0,34502.0987822,Intel(R) Xeon(R) Platinum 8488C,Intel(R) Xeon(R) Platinum 8488C,Intel
m7i.48xlarge,us-east-1,use1-az1,3,1.0,1.0,1.0,9.6768,2.6321,72,m7i,General,m,192.0,768.0,34387.444791999995,Intel(R) Xeon(R) Platinum 8488C,Intel(R) Xeon(R) Platinum 8488C,Intel
m7i.48xlarge,us-east-1,use1-az2,3,10.0,15.0,1.0,9.6768,2.8089,70,m7i,General,m,192.0,768.0,34387.444791999995,Intel(R) Xeon(R) Platinum 8488C,Intel(R) Xeon(R) Platinum 8488C,Intel
m7i.48xlarge,us-east-1,use1-az4,3,10.0,15.0,1.0,9.6768,2.8341,70,m7i,General,m,192.0,768.0,34387.444791999995,Intel(R) Xeon(R) Platinum 8488C,Intel(R) Xeon(R) Platinum 8488C,Intel
m7i.48xlarge,us-east-1,use1-az5,3,1.0,1.0,1.0,9.6768,2.2549,76,m7i,General,m,192.0,768.0,34387.444791999995,Intel(R) Xeon(R) Platinum 8488C,Intel(R) Xeon(R) Platinum 8488C,Intel
m7i.48xlarge,us-east-1,use1-az6,3,20.0,35.0,1.0,9.6768,3.0034,68,m7i,General,m,192.0,768.0,34387.444791999995,Intel(R) Xeon(R) Platinum 8488C,Intel(R) Xeon(R) Platinum 8488C,Intel
m7i.4xlarge,us-east-1,use1-az1,3,5.0,5.0,2.5,0.8064,0.4067,49,m7i,General,m,16.0,64.0,34393.8374396,Intel(R) Xeon(R) Platinum 8488C,Intel(R) Xeon(R) Platinum 8488C,Intel
m7i.4xlarge,us-east-1,use1-az2,3,50.0,50.0,2.5,0.8064,0.3931,51,m7i,General,m,16.0,64.0,34393.8374396,Intel(R) Xeon(R) Platinum 8488C,Intel(R) Xeon(R) Platinum 8488C,Intel
m7i.4xlarge,us-east-1,use1-az4,3,50.0,50.0,2.5,0.8064,0.4092,49,m7i,General,m,16.0,64.0,34393.8374396,Intel(R) Xeon(R) Platinum 8488C,Intel(R) Xeon(R) Platinum 8488C,Intel
m7i.4xlarge,us-east-1,use1-az5,3,30.0,45.0,2.5,0.8064,0.3757,53,m7i,General,m,16.0,64.0,34393.8374396,Intel(R) Xeon(R) Platinum 8488C,Intel(R) Xeon(R) Platinum 8488C,Intel
m7i.4xlarge,us-east-1,use1-az6,3,50.0,50.0,2.5,0.8064,0.4223,47,m7i,General,m,16.0,64.0,34393.8374396,Intel(R) Xeon(R) Platinum 8488C,Intel(R) Xeon(R) Platinum 8488C,Intel
m7i.8xlarge,us-east-1,use1-az1,3,50.0,50.0,3.0,1.6128,0.9042,43,m7i,General,m,32.0,128.0,34267.728393599995,Intel(R) Xeon(R) Platinum 8488C,Intel(R) Xeon(R) Platinum 8488C,Intel
m7i.8xlarge,us-east-1,use1-az2,3,15.0,35.0,3.0,1.6128,0.5658,64,m7i,General,m,32.0,128.0,34267.728393599995,Intel(R) Xeon(R) Platinum 8488C,Intel(R) Xeon(R) Platinum 8488C,Intel
m7i.8xlarge,us-east-1,use1-az4,3,50.0,50.0,3.0,1.6128,0.7688,52,m7i,General,m,32.0,128.0,34267.728393599995,Intel(R) Xeon(R) Platinum 8488C,Intel(R) Xeon(R) Platinum 8488C,Intel
m7i.8xlarge,us-east-1,use1-az5,3,1.0,5.0,3.0,1.6128,0.4919,69,m7i,General,m,32.0,128.0,34267.728393599995,Intel(R) Xeon(R) Platinum 8488C,Intel(R) Xeon(R) Platinum 8488C,Intel
m7i.8xlarge,us-east-1,use1-az6,3,50.0,50.0,3.0,1.6128,0.8405,47,m7i,General,m,32.0,128.0,34267.728393599995,Intel(R) Xeon(R) Platinum 8488C,Intel(R) Xeon(R) Platinum 8488C,Intel
m7i.large,us-east-1,use1-az1,3,50.0,50.0,1.5,0.1008,0.0366,63,m7i,General,m,2.0,8.0,34922.852472399994,Intel(R) Xeon(R) Platinum 8488C,Intel(R) Xeon(R) Platinum 8488C,Intel
m7i.large,us-east-1,use1-az2,3,50.0,50.0,1.5,0.1008,0.0311,69,m7i,General,m,2.0,8.0,34922.852472399994,Intel(R) Xeon(R) Platinum 8488C,Intel(R) Xeon(R) Platinum 8488C,Intel
m7i.large,us-east-1,use1-az4,3,50.0,50.0,1.5,0.1008,0.0321,68,m7i,General,m,2.0,8.0,34922.852472399994,Intel(R) Xeon(R) Platinum 8488C,Intel(R) Xeon(R) Platinum 8488C,Intel
m7i.large,us-east-1,use1-az5,3,25.0,45.0,1.5,0.1008,0.0334,66,m7i,General,m,2.0,8.0,34922.852472399994,Intel(R) Xeon(R) Platinum 8488C,Intel(R) Xeon(R) Platinum 8488C,Intel
m7i.large,us-east-1,use1-az6,3,50.0,50.0,1.5,0.1008,0.0314,68,m7i,General,m,2.0,8.0,34922.852472399994,Intel(R) Xeon(R) Platinum 8488C,Intel(R) Xeon(R) Platinum 8488C,Intel
m7i.xlarge,us-east-1,use1-az1,3,50.0,50.0,2.0,0.2016,0.1036,48,m7i,General,m,4.0,16.0,31511.116901,Intel(R) Xeon(R) Platinum 8488C,Intel(R) Xeon(R) Platinum 8488C,Intel
m7i.xlarge,us-east-1,use1-az2,3,50.0,50.0,2.0,0.2016,0.0943,53,m7i,General,m,4.0,16.0,31511.116901,Intel(R) Xeon(R) Platinum 8488C,Intel(R) Xeon(R) Platinum 8488C,Intel
m7i.xlarge,us-east-1,use1-az4,3,50.0,50.0,2.0,0.2016,0.0864,57,m7i,General,m,4.0,16.0,31511.116901,Intel(R) Xeon(R) Platinum 8488C,Intel(R) Xeon(R) Platinum 8488C,Intel
m7i.xlarge,us-east-1,use1-az5,3,25.0,40.0,2.0,0.2016,0.0957,52,m7i,General,m,4.0,16.0,31511.116901,Intel(R) Xeon(R) Platinum 8488C,Intel(R) Xeon(R) Platinum 8488C,Intel
m7i.xlarge,us-east-1,use1-az6,3,50.0,50.0,2.0,0.2016,0.0902,55,m7i,General,m,4.0,16.0,31511.116901,Intel(R) Xeon(R) Platinum 8488C,Intel(R) Xeon(R) Platinum 8488C,Intel
m8g.12xlarge,us-east-1,use1-az1,3,1.0,1.0,1.0,2.15424,0.7159,66,m8g,General,m,48.0,192.0,28982.484259,AWS Graviton4 Processor,AWS Graviton4 Processor,AWS
m8g.12xlarge,us-east-1,use1-az2,1,0.0,0.0,1.0,2.15424,0.6627,69,m8g,General,m,48.0,192.0,28982.484259,AWS Graviton4 Processor,AWS Graviton4 Processor,AWS
m8g.12xlarge,us-east-1,use1-az4,1,0.0,0.0,1.0,2.15424,0.5961,72,m8g,General,m,48.0,192.0,28982.484259,AWS Graviton4 Processor,AWS Graviton4 Processor,AWS
m8g.12xlarge,us-east-1,use1-az6,1,0.0,0.0,1.0,2.15424,0.8114,62,m8g,General,m,48.0,192.0,28982.484259,AWS Graviton4 Processor,AWS Graviton4 Processor,AWS
m8g.16xlarge,us-east-1,use1-az1,3,1.0,1.0,3.0,2.87232,0.9013,68,m8g,General,m,64.0,256.0,28987.860716200004,AWS Graviton4 Processor,AWS Graviton4 Processor,AWS
m8g.16xlarge,us-east-1,use1-az2,3,50.0,50.0,3.0,2.87232,0.7461,74,m8g,General,m,64.0,256.0,28987.860716200004,AWS Graviton4 Processor,AWS Graviton4 Processor,AWS
m8g.16xlarge,us-east-1,use1-az4,3,30.0,45.0,3.0,2.87232,0.9295,67,m8g,General,m,64.0,256.0,28987.860716200004,AWS Graviton4 Processor,AWS Graviton4 Processor,AWS
m8g.16xlarge,us-east-1,use1-az6,3,50.0,50.0,3.0,2.87232,0.8014,72,m8g,General,m,64.0,256.0,28987.860716200004,AWS Graviton4 Processor,AWS Graviton4 Processor,AWS
m8g.24xlarge,us-east-1,use1-az1,3,5.0,5.0,2.0,4.30848,1.2845,70,m8g,General,m,96.0,384.0,28983.4933556,AWS Graviton4 Processor,AWS Graviton4 Processor,AWS
m8g.24xlarge,us-east-1,use1-az2,1,0.0,0.0,2.0,4.30848,1.2145,71,m8g,General,m,96.0,384.0,28983.4933556,AWS Graviton4 Processor,AWS Graviton4 Processor,AWS
m8g.24xlarge,us-east-1,use1-az4,1,0.0,0.0,2.0,4.30848,1.6161,62,m8g,General,m,96.0,384.0,28983.4933556,AWS Graviton4 Processor,AWS Graviton4 Processor,AWS
m8g.24xlarge,us-east-1,use1-az6,1,0.0,0.0,2.0,4.30848,1.297,69,m8g,General,m,96.0,384.0,28983.4933556,AWS Graviton4 Processor,AWS Graviton4 Processor,AWS
m8g.2xlarge,us-east-1,use1-az1,3,1.0,5.0,2.5,0.35904,0.1188,66,m8g,General,m,8.0,32.0,28981.1396044,AWS Graviton4 Processor,AWS Graviton4 Processor,AWS
m8g.2xlarge,us-east-1,use1-az2,3,1.0,5.0,2.5,0.35904,0.1561,56,m8g,General,m,8.0,32.0,28981.1396044,AWS Graviton4 Processor,AWS Graviton4 Processor,AWS
m8g.2xlarge,us-east-1,use1-az4,3,35.0,50.0,2.5,0.35904,0.1355,62,m8g,General,m,8.0,32.0,28981.1396044,AWS Graviton4 Processor,AWS Graviton4 Processor,AWS
m8g.2xlarge,us-east-1,use1-az6,3,35.0,50.0,2.5,0.35904,0.1484,58,m8g,General,m,8.0,32.0,28981.1396044,AWS Graviton4 Processor,AWS Graviton4 Processor,AWS
m8g.48xlarge,us-east-1,use1-az1,3,1.0,1.0,2.5,8.61696,2.6718,68,m8g,General,m,192.0,768.0,27921.5754906,AWS Graviton4 Processor,AWS Graviton4 Processor,AWS
m8g.48xlarge,us-east-1,use1-az2,1,0.0,0.0,2.5,8.61696,8.617,0,m8g,General,m,192.0,768.0,27921.5754906,AWS Graviton4 Processor,AWS Graviton4 Processor,AWS
m8g.48xlarge,us-east-1,use1-az4,1,0.0,0.0,2.5,8.61696,8.617,0,m8g,General,m,192.0,768.0,27921.5754906,AWS Graviton4 Processor,AWS Graviton4 Processor,AWS
m8g.48xlarge,us-east-1,use1-az6,1,0.0,0.0,2.5,8.61696,1.9697,77,m8g,General,m,192.0,768.0,27921.5754906,AWS Graviton4 Processor,AWS Graviton4 Processor,AWS
m8g.4xlarge,us-east-1,use1-az1,3,10.0,15.0,3.0,0.71808,0.2663,62,m8g,General,m,16.0,64.0,28943.9671958,AWS Graviton4 Processor,AWS Graviton4 Processor,AWS
m8g.4xlarge,us-east-1,use1-az2,3,50.0,50.0,3.0,0.71808,0.2994,58,m8g,General,m,16.0,64.0,28943.9671958,AWS Graviton4 Processor,AWS Graviton4 Processor,AWS
m8g.4xlarge,us-east-1,use1-az4,3,15.0,25.0,3.0,0.71808,0.3591,49,m8g,General,m,16.0,64.0,28943.9671958,AWS Graviton4 Processor,AWS Graviton4 Processor,AWS
m8g.4xlarge,us-east-1,use1-az6,3,50.0,50.0,3.0,0.71808,0.3038,57,m8g,General,m,16.0,64.0,28943.9671958,AWS Graviton4 Processor,AWS Graviton4 Processor,AWS
m8g.8xlarge,us-east-1,use1-az1,3,1.0,1.0,1.0,1.43616,0.5025,65,m8g,General,m,32.0,128.0,28983.8282712,AWS Graviton4 Processor,AWS Graviton4 Processor,AWS
m8g.8xlarge,us-east-1,use1-az2,1,0.0,0.0,1.0,1.43616,0.3694,74,m8g,General,m,32.0,128.0,28983.8282712,AWS Graviton4 Processor,AWS Graviton4 Processor,AWS
m8g.8xlarge,us-east-1,use1-az4,1,0.0,0.0,1.0,1.43616,0.4846,66,m8g,General,m,32.0,128.0,28983.8282712,AWS Graviton4 Processor,AWS Graviton4 Processor,AWS
m8g.8xlarge,us-east-1,use1-az6,1,0.0,0.0,1.0,1.43616,0.4187,70,m8g,General,m,32.0,128.0,28983.8282712,AWS Graviton4 Processor,AWS Graviton4 Processor,AWS
m8g.large,us-east-1,use1-az1,3,50.0,50.0,2.0,0.08976,0.0369,58,m8g,General,m,2.0,8.0,28984.5006812,AWS Graviton4 Processor,AWS Graviton4 Processor,AWS
m8g.large,us-east-1,use1-az2,3,30.0,50.0,2.0,0.08976,0.0293,67,m8g,General,m,2.0,8.0,28984.5006812,AWS Graviton4 Processor,AWS Graviton4 Processor,AWS
m8g.large,us-east-1,use1-az4,3,15.0,20.0,2.0,0.08976,0.0276,69,m8g,General,m,2.0,8.0,28984.5006812,AWS Graviton4 Processor,AWS Graviton4 Processor,AWS
m8g.large,us-east-1,use1-az6,3,45.0,50.0,2.0,0.08976,0.0312,65,m8g,General,m,2.0,8.0,28984.5006812,AWS Graviton4 Processor,AWS Graviton4 Processor,AWS
m8g.medium,us-east-1,use1-az1,3,50.0,50.0,3.0,0.04488,0.014,68,m8g,General,m,1.0,4.0,28970.2379818,AWS Graviton4 Processor,AWS Graviton4 Processor,AWS
m8g.medium,us-east-1,use1-az2,3,1.0,1.0,3.0,0.04488,0.0215,52,m8g,General,m,1.0,4.0,28970.2379818,AWS Graviton4 Processor,AWS Graviton4 Processor,AWS
m8g.medium,us-east-1,use1-az4,3,5.0,10.0,3.0,0.04488,0.0153,65,m8g,General,m,1.0,4.0,28970.2379818,AWS Graviton4 Processor,AWS Graviton4 Processor,AWS
m8g.medium,us-east-1,use1-az6,3,50.0,50.0,3.0,0.04488,0.0153,65,m8g,General,m,1.0,4.0,28970.2379818,AWS Graviton4 Processor,AWS Graviton4 Processor,AWS
m8g.xlarge,us-east-1,use1-az1,3,50.0,50.0,1.0,0.17952,0.0512,71,m8g,General,m,4.0,16.0,28985.8445084,AWS Graviton4 Processor,AWS Graviton4 Processor,AWS
m8g.xlarge,us-east-1,use1-az2,3,30.0,40.0,1.0,0.17952,0.0464,74,m8g,General,m,4.0,16.0,28985.8445084,AWS Graviton4 Processor,AWS Graviton4 Processor,AWS
m8g.xlarge,us-east-1,use1-az4,3,15.0,25.0,1.0,0.17952,0.0496,72,m8g,General,m,4.0,16.0,28985.8445084,AWS Graviton4 Processor,AWS Graviton4 Processor,AWS
m8g.xlarge,us-east-1,use1-az6,3,35.0,50.0,1.0,0.17952,0.0486,72,m8g,General,m,4.0,16.0,28985.8445084,AWS Graviton4 Processor,AWS Graviton4 Processor,AWS
m8gd.12xlarge,us-east-1,use1-az1,3,1.0,1.0,2.5,2.76768,0.9502,65,m8gd,General,m,48.0,192.0,28982.484259,AWS Graviton4 Processor,AWS Graviton4 Processor,AWS
m8gd.12xlarge,us-east-1,use1-az2,1,0.0,0.0,2.5,2.76768,0.8973,67,m8gd,General,m,48.0,192.0,28982.484259,AWS Graviton4 Processor,AWS Graviton4 Processor,AWS
m8gd.12xlarge,us-east-1,use1-az4,1,0.0,0.0,2.5,2.76768,1.2861,53,m8gd,General,m,48.0,192.0,28982.484259,AWS Graviton4 Processor,AWS Graviton4 Processor,AWS
m8gd.12xlarge,us-east-1,use1-az5,2,0.0,1.0,2.5,2.76768,0.8465,69,m8gd,General,m,48.0,192.0,28982.484259,AWS Graviton4 Processor,AWS Graviton4 Processor,AWS
m8gd.12xlarge,us-east-1,use1-az6,1,0.0,0.0,2.5,2.76768,0.8214,70,m8gd,General,m,48.0,192.0,28982.484259,AWS Graviton4 Processor,AWS Graviton4 Processor,AWS
m8gd.16xlarge,us-east-1,use1-az1,3,1.0,5.0,2.5,3.69024,1.2392,66,m8gd,General,m,64.0,256.0,28987.860716200004,AWS Graviton4 Processor,AWS Graviton4 Processor,AWS
m8gd.16xlarge,us-east-1,use1-az2,3,1.0,1.0,2.5,3.69024,1.0495,71,m8gd,General,m,64.0,256.0,28987.860716200004,AWS Graviton4 Processor,AWS Graviton4 Processor,AWS
m8gd.16xlarge,us-east-1,use1-az4,1,0.0,0.0,2.5,3.69024,1.455,60,m8gd,General,m,64.0,256.0,28987.860716200004,AWS Graviton4 Processor,AWS Graviton4 Processor,AWS
m8gd.16xlarge,us-east-1,use1-az5,3,1.0,1.0,2.5,3.69024,0.9836,73,m8gd,General,m,64.0,256.0,28987.860716200004,AWS Graviton4 Processor,AWS Graviton4 Processor,AWS
m8gd.16xlarge,us-east-1,use1-az6,1,0.0,0.0,2.5,3.69024,1.1092,69,m8gd,General,m,64.0,256.0,28987.860716200004,AWS Graviton4 Processor,AWS Graviton4 Processor,AWS
m8gd.24xlarge,us-east-1,use1-az1,3,1.0,1.0,2.0,5.53536,1.6387,70,m8gd,General,m,96.0,384.0,28983.4933556,AWS Graviton4 Processor,AWS Graviton4 Processor,AWS
m8gd.24xlarge,us-east-1,use1-az2,1,0.0,0.0,2.0,5.53536,1.8645,66,m8gd,General,m,96.0,384.0,28983.4933556,AWS Graviton4 Processor,AWS Graviton4 Processor,AWS
m8gd.24xlarge,us-east-1,use1-az4,1,0.0,0.0,2.0,5.53536,1.4262,74,m8gd,General,m,96.0,384.0,28983.4933556,AWS Graviton4 Processor,AWS Graviton4 Processor,AWS
m8gd.24xlarge,us-east-1,use1-az5,3,1.0,1.0,2.0,5.53536,1.109,79,m8gd,General,m,96.0,384.0,28983.4933556,AWS Graviton4 Processor,AWS Graviton4 Processor,AWS
m8gd.24xlarge,us-east-1,use1-az6,1,0.0,0.0,2.0,5.53536,1.6227,70,m8gd,General,m,96.0,384.0,28983.4933556,AWS Graviton4 Processor,AWS Graviton4 Processor,AWS
m8gd.2xlarge,us-east-1,use1-az1,3,5.0,5.0,1.5,0.46128,0.174,62,m8gd,General,m,8.0,32.0,28981.1396044,AWS Graviton4 Processor,AWS Graviton4 Processor,AWS
m8gd.2xlarge,us-east-1,use1-az2,3,1.0,5.0,1.5,0.46128,0.1674,63,m8gd,General,m,8.0,32.0,28981.1396044,AWS Graviton4 Processor,AWS Graviton4 Processor,AWS
m8gd.2xlarge,us-east-1,use1-az4,1,0.0,0.0,1.5,0.46128,0.2074,55,m8gd,General,m,8.0,32.0,28981.1396044,AWS Graviton4 Processor,AWS Graviton4 Processor,AWS
m8gd.2xlarge,us-east-1,use1-az5,3,,,1.5,0.46128,0.1304,71,m8gd,General,m,8.0,32.0,28981.1396044,AWS Graviton4 Processor,AWS Graviton4 Processor,AWS
m8gd.2xlarge,us-east-1,use1-az6,3,1.0,1.0,1.5,0.46128,0.1779,61,m8gd,General,m,8.0,32.0,28981.1396044,AWS Graviton4 Processor,AWS Graviton4 Processor,AWS
m8gd.48xlarge,us-east-1,use1-az1,3,1.0,1.0,3.0,11.07072,3.4377,68,m8gd,General,m,192.0,768.0,27921.5754906,AWS Graviton4 Processor,AWS Graviton4 Processor,AWS
m8gd.48xlarge,us-east-1,use1-az2,1,0.0,0.0,3.0,11.07072,4.8062,56,m8gd,General,m,192.0,768.0,27921.5754906,AWS Graviton4 Processor,AWS Graviton4 Processor,AWS
m8gd.48xlarge,us-east-1,use1-az4,1,0.0,0.0,3.0,11.07072,3.2689,70,m8gd,General,m,192.0,768.0,27921.5754906,AWS Graviton4 Processor,AWS Graviton4 Processor,AWS
m8gd.48xlarge,us-east-1,use1-az5,3,1.0,5.0,3.0,11.07072,2.4951,77,m8gd,General,m,192.0,768.0,27921.5754906,AWS Graviton4 Processor,AWS Graviton4 Processor,AWS
m8gd.48xlarge,us-east-1,use1-az6,1,0.0,0.0,3.0,11.07072,3.936,64,m8gd,General,m,192.0,768.0,27921.5754906,AWS Graviton4 Processor,AWS Graviton4 Processor,AWS
m8gd.4xlarge,us-east-1,use1-az1,3,1.0,1.0,2.5,0.92256,0.4153,54,m8gd,General,m,16.0,64.0,28943.9671958,AWS Graviton4 Processor,AWS Graviton4 Processor,AWS
m8gd.4xlarge,us-east-1,use1-az2,3,1.0,1.0,2.5,0.92256,0.4004,56,m8gd,General,m,16.0,64.0,28943.9671958,AWS Graviton4 Processor,AWS Graviton4 Processor,AWS
m8gd.4xlarge,us-east-1,use1-az4,1,0.0,0.0,2.5,0.92256,0.5116,44,m8gd,General,m,16.0,64.0,28943.9671958,AWS Graviton4 Processor,AWS Graviton4 Processor,AWS
m8gd.4xlarge,us-east-1,use1-az5,3,1.0,1.0,2.5,0.92256,0.3572,61,m8gd,General,m,16.0,64.0,28943.9671958,AWS Graviton4 Processor,AWS Graviton4 Processor,AWS
m8gd.4xlarge,us-east-1,use1-az6,3,1.0,1.0,2.5,0.92256,0.3177,65,m8gd,General,m,16.0,64.0,28943.9671958,AWS Graviton4 Processor,AWS Graviton4 Processor,AWS
m8gd.8xlarge,us-east-1,use1-az1,3,1.0,1.0,1.0,1.84512,0.7221,60,m8gd,General,m,32.0,128.0,28983.8282712,AWS Graviton4 Processor,AWS Graviton4 Processor,AWS
m8gd.8xlarge,us-east-1,use1-az2,1,0.0,0.0,1.0,1.84512,0.8129,55,m8gd,General,m,32.0,128.0,28983.8282712,AWS Graviton4 Processor,AWS Graviton4 Processor,AWS
m8gd.8xlarge,us-east-1,use1-az4,1,0.0,0.0,1.0,1.84512,0.6806,63,m8gd,General,m,32.0,128.0,28983.8282712,AWS Graviton4 Processor,AWS Graviton4 Processor,AWS
m8gd.8xlarge,us-east-1,use1-az5,3,1.0,1.0,1.0,1.84512,0.3835,79,m8gd,General,m,32.0,128.0,28983.8282712,AWS Graviton4 Processor,AWS Graviton4 Processor,AWS
m8gd.8xlarge,us-east-1,use1-az6,1,0.0,0.0,1.0,1.84512,0.7026,61,m8gd,General,m,32.0,128.0,28983.8282712,AWS Graviton4 Processor,AWS Graviton4 Processor,AWS
m8gd.large,us-east-1,use1-az1,3,10.0,20.0,2.5,0.11532,0.0504,56,m8gd,General,m,2.0,8.0,28984.5006812,AWS Graviton4 Processor,AWS Graviton4 Processor,AWS
m8gd.large,us-east-1,use1-az2,3,5.0,5.0,2.5,0.11532,0.0457,60,m8gd,General,m,2.0,8.0,28984.5006812,AWS Graviton4 Processor,AWS Graviton4 Processor,AWS
m8gd.large,us-east-1,use1-az4,1,0.0,0.0,2.5,0.11532,0.0387,66,m8gd,General,m,2.0,8.0,28984.5006812,AWS Graviton4 Processor,AWS Graviton4 Processor,AWS
m8gd.large,us-east-1,use1-az5,3,15.0,20.0,2.5,0.11532,0.0423,63,m8gd,General,m,2.0,8.0,28984.5006812,AWS Graviton4 Processor,AWS Graviton4 Processor,AWS
m8gd.large,us-east-1,use1-az6,3,1.0,1.0,2.5,0.11532,0.0467,59,m8gd,General,m,2.0,8.0,28984.5006812,AWS Graviton4 Processor,AWS Graviton4 Processor,AWS
m8gd.medium,us-east-1,use1-az1,3,,,3.0,0.05766,0.0184,68,m8gd,General,m,1.0,4.0,28970.2379818,AWS Graviton4 Processor,AWS Graviton4 Processor,AWS
m8gd.medium,us-east-1,use1-az2,3,,,3.0,0.05766,0.0175,69,m8gd,General,m,1.0,4.0,28970.2379818,AWS Graviton4 Processor,AWS Graviton4 Processor,AWS
m8gd.medium,us-east-1,use1-az4,1,0.0,0.0,3.0,0.05766,0.0196,66,m8gd,General,m,1.0,4.0,28970.2379818,AWS Graviton4 Processor,AWS Graviton4 Processor,AWS
m8gd.medium,us-east-1,use1-az5,3,,,3.0,0.05766,0.0122,78,m8gd,General,m,1.0,4.0,28970.2379818,AWS Graviton4 Processor,AWS Graviton4 Processor,AWS
m8gd.medium,us-east-1,use1-az6,2,0.0,1.0,3.0,0.05766,0.0206,64,m8gd,General,m,1.0,4.0,28970.2379818,AWS Graviton4 Processor,AWS Graviton4 Processor,AWS
m8gd.xlarge,us-east-1,use1-az1,3,5.0,10.0,2.5,0.23064,0.0807,65,m8gd,General,m,4.0,16.0,28985.8445084,AWS Graviton4 Processor,AWS Graviton4 Processor,AWS
m8gd.xlarge,us-east-1,use1-az2,3,1.0,1.0,2.5,0.23064,0.0894,61,m8gd,General,m,4.0,16.0,28985.8445084,AWS Graviton4 Processor,AWS Graviton4 Processor,AWS
m8gd.xlarge,us-east-1,use1-az4,1,0.0,0.0,2.5,0.23064,0.0993,56,m8gd,General,m,4.0,16.0,28985.8445084,AWS Graviton4 Processor,AWS Graviton4 Processor,AWS
m8gd.xlarge,us-east-1,use1-az5,3,5.0,10.0,2.5,0.23064,0.0843,63,m8gd,General,m,4.0,16.0,28985.8445084,AWS Graviton4 Processor,AWS Graviton4 Processor,AWS
m8gd.xlarge,us-east-1,use1-az6,3,1.0,1.0,2.5,0.23064,0.103,55,m8gd,General,m,4.0,16.0,28985.8445084,AWS Graviton4 Processor,AWS Graviton4 Processor,AWS
p3.16xlarge,us-east-1,use1-az1,3,1.0,1.0,1.0,24.48,3.4699,85,p3,AC,p,64.0,488.0,23738.917,Intel(R) Xeon(R) CPU E5-2686 v4 @ 2.30GHz,Intel(R) Xeon(R) CPU E5-2686 v4 @ 2.30GHz,Intel
p3.16xlarge,us-east-1,use1-az2,1,0.0,0.0,1.0,24.48,6.4192,73,p3,AC,p,64.0,488.0,23738.917,Intel(R) Xeon(R) CPU E5-2686 v4 @ 2.30GHz,Intel(R) Xeon(R) CPU E5-2686 v4 @ 2.30GHz,Intel
p3.16xlarge,us-east-1,use1-az5,3,1.0,5.0,1.0,24.48,2.7115,88,p3,AC,p,64.0,488.0,23738.917,Intel(R) Xeon(R) CPU E5-2686 v4 @ 2.30GHz,Intel(R) Xeon(R) CPU E5-2686 v4 @ 2.30GHz,Intel
p3.16xlarge,us-east-1,use1-az6,3,1.0,1.0,1.0,24.48,3.1189,87,p3,AC,p,64.0,488.0,23738.917,Intel(R) Xeon(R) CPU E5-2686 v4 @ 2.30GHz,Intel(R) Xeon(R) CPU E5-2686 v4 @ 2.30GHz,Intel
p3.2xlarge,us-east-1,use1-az1,3,50.0,50.0,1.0,3.06,0.5106,83,p3,AC,p,8.0,61.0,23738.917,Intel(R) Xeon(R) CPU E5-2686 v4 @ 2.30GHz,Intel(R) Xeon(R) CPU E5-2686 v4 @ 2.30GHz,Intel
p3.2xlarge,us-east-1,use1-az2,3,35.0,50.0,1.0,3.06,0.7455,75,p3,AC,p,8.0,61.0,23738.917,Intel(R) Xeon(R) CPU E5-2686 v4 @ 2.30GHz,Intel(R) Xeon(R) CPU E5-2686 v4 @ 2.30GHz,Intel
p3.2xlarge,us-east-1,use1-az5,3,50.0,50.0,1.0,3.06,0.6644,78,p3,AC,p,8.0,61.0,23738.917,Intel(R) Xeon(R) CPU E5-2686 v4 @ 2.30GHz,Intel(R) Xeon(R) CPU E5-2686 v4 @ 2.30GHz,Intel
p3.2xlarge,us-east-1,use1-az6,3,30.0,50.0,1.0,3.06,0.5476,82,p3,AC,p,8.0,61.0,23738.917,Intel(R) Xeon(R) CPU E5-2686 v4 @ 2.30GHz,Intel(R) Xeon(R) CPU E5-2686 v4 @ 2.30GHz,Intel
p3.8xlarge,us-east-1,use1-az1,3,1.0,5.0,1.0,12.24,1.4884,87,p3,AC,p,32.0,244.0,23738.917,Intel(R) Xeon(R) CPU E5-2686 v4 @ 2.30GHz,Intel(R) Xeon(R) CPU E5-2686 v4 @ 2.30GHz,Intel
p3.8xlarge,us-east-1,use1-az2,1,0.0,0.0,1.0,12.24,1.8336,85,p3,AC,p,32.0,244.0,23738.917,Intel(R) Xeon(R) CPU E5-2686 v4 @ 2.30GHz,Intel(R) Xeon(R) CPU E5-2686 v4 @ 2.30GHz,Intel
p3.8xlarge,us-east-1,use1-az5,2,0.0,1.0,1.0,12.24,2.0413,83,p3,AC,p,32.0,244.0,23738.917,Intel(R) Xeon(R) CPU E5-2686 v4 @ 2.30GHz,Intel(R) Xeon(R) CPU E5-2686 v4 @ 2.30GHz,Intel
p3.8xlarge,us-east-1,use1-az6,3,1.0,1.0,1.0,12.24,1.6832,86,p3,AC,p,32.0,244.0,23738.917,Intel(R) Xeon(R) CPU E5-2686 v4 @ 2.30GHz,Intel(R) Xeon(R) CPU E5-2686 v4 @ 2.30GHz,Intel
p3dn.24xlarge,us-east-1,use1-az1,3,1.0,5.0,1.0,31.212,3.7555,87,p3dn,AC,p,96.0,768.0,23738.917,Intel(R) Xeon(R) Platinum 8175M CPU @ 2.50GHz,Intel(R) Xeon(R) Platinum 8175M CPU @ 2.50GHz,Intel
p3dn.24xlarge,us-east-1,use1-az6,3,35.0,50.0,1.0,31.212,3.4808,88,p3dn,AC,p,96.0,768.0,23738.917,Intel(R) Xeon(R) Platinum 8175M CPU @ 2.50GHz,Intel(R) Xeon(R) Platinum 8175M CPU @ 2.50GHz,Intel
p4d.24xlarge,us-east-1,use1-az1,1,0.0,0.0,3.0,32.7726,8.1866,75,p4d,AC,p,96.0,1152.0,23738.917,Intel(R) Xeon(R) Platinum 8175M CPU @ 2.50GHz,Intel(R) Xeon(R) Platinum 8175M CPU @ 2.50GHz,Intel
p4d.24xlarge,us-east-1,use1-az2,1,0.0,0.0,3.0,32.7726,8.9295,72,p4d,AC,p,96.0,1152.0,23738.917,Intel(R) Xeon(R) Platinum 8175M CPU @ 2.50GHz,Intel(R) Xeon(R) Platinum 8175M CPU @ 2.50GHz,Intel
p4d.24xlarge,us-east-1,use1-az6,3,50.0,50.0,3.0,32.7726,4.0139,87,p4d,AC,p,96.0,1152.0,23738.917,Intel(R) Xeon(R) Platinum 8175M CPU @ 2.50GHz,Intel(R) Xeon(R) Platinum 8175M CPU @ 2.50GHz,Intel
p5.48xlarge,us-east-1,use1-az1,1,0.0,0.0,1.0,98.32,29.9338,69,p5,AC,p,192.0,2048.0,33539.1601,AMD EPYC 7R13 Processor,AMD EPYC 7R13,AMD
p5.48xlarge,us-east-1,use1-az2,1,0.0,0.0,1.0,98.32,27.4139,72,p5,AC,p,192.0,2048.0,33539.1601,AMD EPYC 7R13 Processor,AMD EPYC 7R13,AMD
p5.48xlarge,us-east-1,use1-az3,1,0.0,0.0,1.0,98.32,26.6396,72,p5,AC,p,192.0,2048.0,33539.1601,AMD EPYC 7R13 Processor,AMD EPYC 7R13,AMD
p5.48xlarge,us-east-1,use1-az4,1,0.0,0.0,1.0,98.32,29.6308,69,p5,AC,p,192.0,2048.0,33539.1601,AMD EPYC 7R13 Processor,AMD EPYC 7R13,AMD
p5.48xlarge,us-east-1,use1-az5,1,0.0,0.0,1.0,98.32,26.7483,72,p5,AC,p,192.0,2048.0,33539.1601,AMD EPYC 7R13 Processor,AMD EPYC 7R13,AMD
p5.48xlarge,us-east-1,use1-az6,1,0.0,0.0,1.0,98.32,26.5956,72,p5,AC,p,192.0,2048.0,33539.1601,AMD EPYC 7R13 Processor,AMD EPYC 7R13,AMD
p5en.48xlarge,us-east-1,use1-az2,3,20.0,30.0,2.5,84.8,23.5573,72,p5,AC,p,192.0,2048.0,34697.75583940001,Intel(R) Xeon(R) Platinum 8488C,Intel(R) Xeon(R) Platinum 8488C,Intel
r4.16xlarge,us-east-1,use1-az1,3,50.0,50.0,3.0,4.256,1.5356,63,r4,Memory,r,64.0,488.0,23738.917,Intel(R) Xeon(R) CPU E5-2686 v4 @ 2.30GHz,Intel(R) Xeon(R) CPU E5-2686 v4 @ 2.30GHz,Intel
r4.16xlarge,us-east-1,use1-az2,3,50.0,50.0,3.0,4.256,1.6118,62,r4,Memory,r,64.0,488.0,23738.917,Intel(R) Xeon(R) CPU E5-2686 v4 @ 2.30GHz,Intel(R) Xeon(R) CPU E5-2686 v4 @ 2.30GHz,Intel
r4.16xlarge,us-east-1,use1-az3,3,50.0,50.0,3.0,4.256,1.3558,68,r4,Memory,r,64.0,488.0,23738.917,Intel(R) Xeon(R) CPU E5-2686 v4 @ 2.30GHz,Intel(R) Xeon(R) CPU E5-2686 v4 @ 2.30GHz,Intel
r4.16xlarge,us-east-1,use1-az4,3,50.0,50.0,3.0,4.256,1.6936,60,r4,Memory,r,64.0,488.0,23738.917,Intel(R) Xeon(R) CPU E5-2686 v4 @ 2.30GHz,Intel(R) Xeon(R) CPU E5-2686 v4 @ 2.30GHz,Intel
r4.16xlarge,us-east-1,use1-az5,3,50.0,50.0,3.0,4.256,1.3755,67,r4,Memory,r,64.0,488.0,23738.917,Intel(R) Xeon(R) CPU E5-2686 v4 @ 2.30GHz,Intel(R) Xeon(R) CPU E5-2686 v4 @ 2.30GHz,Intel
r4.16xlarge,us-east-1,use1-az6,3,50.0,50.0,3.0,4.256,1.4793,65,r4,Memory,r,64.0,488.0,23738.917,Intel(R) Xeon(R) CPU E5-2686 v4 @ 2.30GHz,Intel(R) Xeon(R) CPU E5-2686 v4 @ 2.30GHz,Intel
r4.2xlarge,us-east-1,use1-az1,3,50.0,50.0,3.0,0.532,0.2931,44,r4,Memory,r,8.0,61.0,23738.917,Intel(R) Xeon(R) CPU E5-2686 v4 @ 2.30GHz,Intel(R) Xeon(R) CPU E5-2686 v4 @ 2.30GHz,Intel
r4.2xlarge,us-east-1,use1-az2,3,50.0,50.0,3.0,0.532,0.2551,52,r4,Memory,r,8.0,61.0,23738.917,Intel(R) Xeon(R) CPU E5-2686 v4 @ 2.30GHz,Intel(R) Xeon(R) CPU E5-2686 v4 @ 2.30GHz,Intel
r4.2xlarge,us-east-1,use1-az3,3,50.0,50.0,3.0,0.532,0.1905,64,r4,Memory,r,8.0,61.0,23738.917,Intel(R) Xeon(R) CPU E5-2686 v4 @ 2.30GHz,Intel(R) Xeon(R) CPU E5-2686 v4 @ 2.30GHz,Intel
r4.2xlarge,us-east-1,use1-az4,3,50.0,50.0,3.0,0.532,0.2639,50,r4,Memory,r,8.0,61.0,23738.917,Intel(R) Xeon(R) CPU E5-2686 v4 @ 2.30GHz,Intel(R) Xeon(R) CPU E5-2686 v4 @ 2.30GHz,Intel
r4.2xlarge,us-east-1,use1-az5,3,15.0,20.0,3.0,0.532,0.2975,44,r4,Memory,r,8.0,61.0,23738.917,Intel(R) Xeon(R) CPU E5-2686 v4 @ 2.30GHz,Intel(R) Xeon(R) CPU E5-2686 v4 @ 2.30GHz,Intel
r4.2xlarge,us-east-1,use1-az6,3,50.0,50.0,3.0,0.532,0.2555,51,r4,Memory,r,8.0,61.0,23738.917,Intel(R) Xeon(R) CPU E5-2686 v4 @ 2.30GHz,Intel(R) Xeon(R) CPU E5-2686 v4 @ 2.30GHz,Intel
r4.4xlarge,us-east-1,use1-az1,3,5.0,10.0,3.0,1.064,0.5456,48,r4,Memory,r,16.0,122.0,23738.917,Intel(R) Xeon(R) CPU E5-2686 v4 @ 2.30GHz,Intel(R) Xeon(R) CPU E5-2686 v4 @ 2.30GHz,Intel
r4.4xlarge,us-east-1,use1-az2,3,50.0,50.0,3.0,1.064,0.3958,62,r4,Memory,r,16.0,122.0,23738.917,Intel(R) Xeon(R) CPU E5-2686 v4 @ 2.30GHz,Intel(R) Xeon(R) CPU E5-2686 v4 @ 2.30GHz,Intel
r4.4xlarge,us-east-1,use1-az3,3,50.0,50.0,3.0,1.064,0.3437,67,r4,Memory,r,16.0,122.0,23738.917,Intel(R) Xeon(R) CPU E5-2686 v4 @ 2.30GHz,Intel(R) Xeon(R) CPU E5-2686 v4 @ 2.30GHz,Intel
r4.4xlarge,us-east-1,use1-az4,3,50.0,50.0,3.0,1.064,0.509,52,r4,Memory,r,16.0,122.0,23738.917,Intel(R) Xeon(R) CPU E5-2686 v4 @ 2.30GHz,Intel(R) Xeon(R) CPU E5-2686 v4 @ 2.30GHz,Intel
r4.4xlarge,us-east-1,use1-az5,3,15.0,30.0,3.0,1.064,0.3865,63,r4,Memory,r,16.0,122.0,23738.917,Intel(R) Xeon(R) CPU E5-2686 v4 @ 2.30GHz,Intel(R) Xeon(R) CPU E5-2686 v4 @ 2.30GHz,Intel
r4.4xlarge,us-east-1,use1-az6,3,50.0,50.0,3.0,1.064,0.5004,52,r4,Memory,r,16.0,122.0,23738.917,Intel(R) Xeon(R) CPU E5-2686 v4 @ 2.30GHz,Intel(R) Xeon(R) CPU E5-2686 v4 @ 2.30GHz,Intel
r4.8xlarge,us-east-1,use1-az1,3,5.0,5.0,1.5,2.128,0.9086,57,r4,Memory,r,32.0,244.0,23738.917,Intel(R) Xeon(R) CPU E5-2686 v4 @ 2.30GHz,Intel(R) Xeon(R) CPU E5-2686 v4 @ 2.30GHz,Intel
r4.8xlarge,us-east-1,use1-az2,3,50.0,50.0,1.5,2.128,0.6774,68,r4,Memory,r,32.0,244.0,23738.917,Intel(R) Xeon(R) CPU E5-2686 v4 @ 2.30GHz,Intel(R) Xeon(R) CPU E5-2686 v4 @ 2.30GHz,Intel
r4.8xlarge,us-east-1,use1-az3,3,5.0,10.0,1.5,2.128,0.7025,66,r4,Memory,r,32.0,244.0,23738.917,Intel(R) Xeon(R) CPU E5-2686 v4 @ 2.30GHz,Intel(R) Xeon(R) CPU E5-2686 v4 @ 2.30GHz,Intel
r4.8xlarge,us-east-1,use1-az4,3,50.0,50.0,1.5,2.128,0.6967,67,r4,Memory,r,32.0,244.0,23738.917,Intel(R) Xeon(R) CPU E5-2686 v4 @ 2.30GHz,Intel(R) Xeon(R) CPU E5-2686 v4 @ 2.30GHz,Intel
r4.8xlarge,us-east-1,use1-az5,3,35.0,50.0,1.5,2.128,0.7196,66,r4,Memory,r,32.0,244.0,23738.917,Intel(R) Xeon(R) CPU E5-2686 v4 @ 2.30GHz,Intel(R) Xeon(R) CPU E5-2686 v4 @ 2.30GHz,Intel
r4.8xlarge,us-east-1,use1-az6,3,50.0,50.0,1.5,2.128,0.6864,67,r4,Memory,r,32.0,244.0,23738.917,Intel(R) Xeon(R) CPU E5-2686 v4 @ 2.30GHz,Intel(R) Xeon(R) CPU E5-2686 v4 @ 2.30GHz,Intel
r4.large,us-east-1,use1-az1,3,50.0,50.0,3.0,0.133,0.045,66,r4,Memory,r,2.0,15.0,23738.917,Intel(R) Xeon(R) CPU E5-2686 v4 @ 2.30GHz,Intel(R) Xeon(R) CPU E5-2686 v4 @ 2.30GHz,Intel
r4.large,us-east-1,use1-az2,3,50.0,50.0,3.0,0.133,0.038,71,r4,Memory,r,2.0,15.0,23738.917,Intel(R) Xeon(R) CPU E5-2686 v4 @ 2.30GHz,Intel(R) Xeon(R) CPU E5-2686 v4 @ 2.30GHz,Intel
r4.large,us-east-1,use1-az3,3,50.0,50.0,3.0,0.133,0.07,47,r4,Memory,r,2.0,15.0,23738.917,Intel(R) Xeon(R) CPU E5-2686 v4 @ 2.30GHz,Intel(R) Xeon(R) CPU E5-2686 v4 @ 2.30GHz,Intel
r4.large,us-east-1,use1-az4,3,50.0,50.0,3.0,0.133,0.0401,69,r4,Memory,r,2.0,15.0,23738.917,Intel(R) Xeon(R) CPU E5-2686 v4 @ 2.30GHz,Intel(R) Xeon(R) CPU E5-2686 v4 @ 2.30GHz,Intel
r4.large,us-east-1,use1-az5,3,50.0,50.0,3.0,0.133,0.0379,71,r4,Memory,r,2.0,15.0,23738.917,Intel(R) Xeon(R) CPU E5-2686 v4 @ 2.30GHz,Intel(R) Xeon(R) CPU E5-2686 v4 @ 2.30GHz,Intel
r4.large,us-east-1,use1-az6,3,50.0,50.0,3.0,0.133,0.0385,71,r4,Memory,r,2.0,15.0,23738.917,Intel(R) Xeon(R) CPU E5-2686 v4 @ 2.30GHz,Intel(R) Xeon(R) CPU E5-2686 v4 @ 2.30GHz,Intel
r4.xlarge,us-east-1,use1-az1,3,50.0,50.0,3.0,0.266,0.1103,58,r4,Memory,r,4.0,30.0,23738.917,Intel(R) Xeon(R) CPU E5-2686 v4 @ 2.30GHz,Intel(R) Xeon(R) CPU E5-2686 v4 @ 2.30GHz,Intel
r4.xlarge,us-east-1,use1-az2,3,50.0,50.0,3.0,0.266,0.0954,64,r4,Memory,r,4.0,30.0,23738.917,Intel(R) Xeon(R) CPU E5-2686 v4 @ 2.30GHz,Intel(R) Xeon(R) CPU E5-2686 v4 @ 2.30GHz,Intel
r4.xlarge,us-east-1,use1-az3,3,50.0,50.0,3.0,0.266,0.1152,56,r4,Memory,r,4.0,30.0,23738.917,Intel(R) Xeon(R) CPU E5-2686 v4 @ 2.30GHz,Intel(R) Xeon(R) CPU E5-2686 v4 @ 2.30GHz,Intel
r4.xlarge,us-east-1,use1-az4,3,50.0,50.0,3.0,0.266,0.0902,66,r4,Memory,r,4.0,30.0,23738.917,Intel(R) Xeon(R) CPU E5-2686 v4 @ 2.30GHz,Intel(R) Xeon(R) CPU E5-2686 v4 @ 2.30GHz,Intel
r4.xlarge,us-east-1,use1-az5,3,50.0,50.0,3.0,0.266,0.113,57,r4,Memory,r,4.0,30.0,23738.917,Intel(R) Xeon(R) CPU E5-2686 v4 @ 2.30GHz,Intel(R) Xeon(R) CPU E5-2686 v4 @ 2.30GHz,Intel
r4.xlarge,us-east-1,use1-az6,3,50.0,50.0,3.0,0.266,0.0924,65,r4,Memory,r,4.0,30.0,23738.917,Intel(R) Xeon(R) CPU E5-2686 v4 @ 2.30GHz,Intel(R) Xeon(R) CPU E5-2686 v4 @ 2.30GHz,Intel
r5.12xlarge,us-east-1,use1-az1,3,10.0,15.0,1.0,3.024,0.8464,72,r5,Memory,r,48.0,384.0,25106.0895558,Intel(R) Xeon(R) Platinum 8175M CPU @ 2.50GHz,Intel(R) Xeon(R) Platinum 8175M CPU @ 2.50GHz,Intel
r5.12xlarge,us-east-1,use1-az2,3,40.0,40.0,1.0,3.024,0.9961,67,r5,Memory,r,48.0,384.0,25106.0895558,Intel(R) Xeon(R) Platinum 8175M CPU @ 2.50GHz,Intel(R) Xeon(R) Platinum 8175M CPU @ 2.50GHz,Intel
r5.12xlarge,us-east-1,use1-az4,3,20.0,25.0,1.0,3.024,0.8661,71,r5,Memory,r,48.0,384.0,25106.0895558,Intel(R) Xeon(R) Platinum 8175M CPU @ 2.50GHz,Intel(R) Xeon(R) Platinum 8175M CPU @ 2.50GHz,Intel
r5.12xlarge,us-east-1,use1-az5,3,5.0,10.0,1.0,3.024,0.8531,71,r5,Memory,r,48.0,384.0,25106.0895558,Intel(R) Xeon(R) Platinum 8175M CPU @ 2.50GHz,Intel(R) Xeon(R) Platinum 8175M CPU @ 2.50GHz,Intel
r5.12xlarge,us-east-1,use1-az6,3,15.0,20.0,1.0,3.024,0.971,67,r5,Memory,r,48.0,384.0,25106.0895558,Intel(R) Xeon(R) Platinum 8175M CPU @ 2.50GHz,Intel(R) Xeon(R) Platinum 8175M CPU @ 2.50GHz,Intel
r5.16xlarge,us-east-1,use1-az1,3,5.0,10.0,1.0,4.032,1.0126,74,r5,Memory,r,64.0,512.0,23138.969002,Intel(R) Xeon(R) Platinum 8175M CPU @ 2.50GHz,Intel(R) Xeon(R) Platinum 8175M CPU @ 2.50GHz,Intel
r5.16xlarge,us-east-1,use1-az2,3,40.0,45.0,1.0,4.032,1.0192,74,r5,Memory,r,64.0,512.0,23138.969002,Intel(R) Xeon(R) Platinum 8175M CPU @ 2.50GHz,Intel(R) Xeon(R) Platinum 8175M CPU @ 2.50GHz,Intel
r5.16xlarge,us-east-1,use1-az4,3,10.0,20.0,1.0,4.032,1.1041,72,r5,Memory,r,64.0,512.0,23138.969002,Intel(R) Xeon(R) Platinum 8175M CPU @ 2.50GHz,Intel(R) Xeon(R) Platinum 8175M CPU @ 2.50GHz,Intel
r5.16xlarge,us-east-1,use1-az5,3,50.0,50.0,1.0,4.032,0.8527,78,r5,Memory,r,64.0,512.0,23138.969002,Intel(R) Xeon(R) Platinum 8175M CPU @ 2.50GHz,Intel(R) Xeon(R) Platinum 8175M CPU @ 2.50GHz,Intel
r5.16xlarge,us-east-1,use1-az6,3,20.0,20.0,1.0,4.032,1.0629,73,r5,Memory,r,64.0,512.0,23138.969002,Intel(R) Xeon(R) Platinum 8175M CPU @ 2.50GHz,Intel(R) Xeon(R) Platinum 8175M CPU @ 2.50GHz,Intel
r5.24xlarge,us-east-1,use1-az1,3,1.0,1.0,1.0,6.048,1.3208,78,r5,Memory,r,96.0,768.0,25101.5488438,Intel(R) Xeon(R) Platinum 8175M CPU @ 2.50GHz,Intel(R) Xeon(R) Platinum 8175M CPU @ 2.50GHz,Intel
r5.24xlarge,us-east-1,use1-az2,3,20.0,25.0,1.0,6.048,2.7839,53,r5,Memory,r,96.0,768.0,25101.5488438,Intel(R) Xeon(R) Platinum 8175M CPU @ 2.50GHz,Intel(R) Xeon(R) Platinum 8175M CPU @ 2.50GHz,Intel
r5.24xlarge,us-east-1,use1-az4,3,25.0,40.0,1.0,6.048,2.4766,59,r5,Memory,r,96.0,768.0,25101.5488438,Intel(R) Xeon(R) Platinum 8175M CPU @ 2.50GHz,Intel(R) Xeon(R) Platinum 8175M CPU @ 2.50GHz,Intel
r5.24xlarge,us-east-1,use1-az5,3,20.0,30.0,1.0,6.048,1.5223,74,r5,Memory,r,96.0,768.0,25101.5488438,Intel(R) Xeon(R) Platinum 8175M CPU @ 2.50GHz,Intel(R) Xeon(R) Platinum 8175M CPU @ 2.50GHz,Intel
r5.24xlarge,us-east-1,use1-az6,3,20.0,20.0,1.0,6.048,2.7608,54,r5,Memory,r,96.0,768.0,25101.5488438,Intel(R) Xeon(R) Platinum 8175M CPU @ 2.50GHz,Intel(R) Xeon(R) Platinum 8175M CPU @ 2.50GHz,Intel
r5.2xlarge,us-east-1,use1-az1,3,50.0,50.0,1.0,0.504,0.2042,59,r5,Memory,r,8.0,64.0,23157.4809938,Intel(R) Xeon(R) Platinum 8175M CPU @ 2.50GHz,Intel(R) Xeon(R) Platinum 8175M CPU @ 2.50GHz,Intel
r5.2xlarge,us-east-1,use1-az2,3,50.0,50.0,1.0,0.504,0.2151,57,r5,Memory,r,8.0,64.0,23157.4809938,Intel(R) Xeon(R) Platinum 8175M CPU @ 2.50GHz,Intel(R) Xeon(R) Platinum 8175M CPU @ 2.50GHz,Intel
r5.2xlarge,us-east-1,use1-az4,3,50.0,50.0,1.0,0.504,0.1876,62,r5,Memory,r,8.0,64.0,23157.4809938,Intel(R) Xeon(R) Platinum 8175M CPU @ 2.50GHz,Intel(R) Xeon(R) Platinum 8175M CPU @ 2.50GHz,Intel
r5.2xlarge,us-east-1,use1-az5,3,50.0,50.0,1.0,0.504,0.1733,65,r5,Memory,r,8.0,64.0,23157.4809938,Intel(R) Xeon(R) Platinum 8175M CPU @ 2.50GHz,Intel(R) Xeon(R) Platinum 8175M CPU @ 2.50GHz,Intel
r5.2xlarge,us-east-1,use1-az6,3,50.0,50.0,1.0,0.504,0.2057,59,r5,Memory,r,8.0,64.0,23157.4809938,Intel(R) Xeon(R) Platinum 8175M CPU @ 2.50GHz,Intel(R) Xeon(R) Platinum 8175M CPU @ 2.50GHz,Intel
r5.4xlarge,us-east-1,use1-az1,3,50.0,50.0,1.0,1.008,0.3986,60,r5,Memory,r,16.0,128.0,23189.498612000003,Intel(R) Xeon(R) Platinum 8259CL CPU @ 2.50GHz,Intel(R) Xeon(R) Platinum 8259CL CPU @ 2.50GHz,Intel
r5.4xlarge,us-east-1,use1-az2,3,50.0,50.0,1.0,1.008,0.3151,68,r5,Memory,r,16.0,128.0,23189.498612000003,Intel(R) Xeon(R) Platinum 8259CL CPU @ 2.50GHz,Intel(R) Xeon(R) Platinum 8259CL CPU @ 2.50GHz,Intel
r5.4xlarge,us-east-1,use1-az4,3,50.0,50.0,1.0,1.008,0.3598,64,r5,Memory,r,16.0,128.0,23189.498612000003,Intel(R) Xeon(R) Platinum 8259CL CPU @ 2.50GHz,Intel(R) Xeon(R) Platinum 8259CL CPU @ 2.50GHz,Intel
r5.4xlarge,us-east-1,use1-az5,3,50.0,50.0,1.0,1.008,0.3975,60,r5,Memory,r,16.0,128.0,23189.498612000003,Intel(R) Xeon(R) Platinum 8259CL CPU @ 2.50GHz,Intel(R) Xeon(R) Platinum 8259CL CPU @ 2.50GHz,Intel
r5.4xlarge,us-east-1,use1-az6,3,50.0,50.0,1.0,1.008,0.3218,68,r5,Memory,r,16.0,128.0,23189.498612000003,Intel(R) Xeon(R) Platinum 8259CL CPU @ 2.50GHz,Intel(R) Xeon(R) Platinum 8259CL CPU @ 2.50GHz,Intel
r5.8xlarge,us-east-1,use1-az1,3,30.0,50.0,1.0,2.016,0.534,73,r5,Memory,r,32.0,256.0,23163.177744,Intel(R) Xeon(R) Platinum 8259CL CPU @ 2.50GHz,Intel(R) Xeon(R) Platinum 8259CL CPU @ 2.50GHz,Intel
r5.8xlarge,us-east-1,use1-az2,3,50.0,50.0,1.0,2.016,0.6536,67,r5,Memory,r,32.0,256.0,23163.177744,Intel(R) Xeon(R) Platinum 8259CL CPU @ 2.50GHz,Intel(R) Xeon(R) Platinum 8259CL CPU @ 2.50GHz,Intel
r5.8xlarge,us-east-1,use1-az4,3,50.0,50.0,1.0,2.016,0.3327,83,r5,Memory,r,32.0,256.0,23163.177744,Intel(R) Xeon(R) Platinum 8259CL CPU @ 2.50GHz,Intel(R) Xeon(R) Platinum 8259CL CPU @ 2.50GHz,Intel
r5.8xlarge,us-east-1,use1-az5,3,50.0,50.0,1.0,2.016,0.5139,74,r5,Memory,r,32.0,256.0,23163.177744,Intel(R) Xeon(R) Platinum 8259CL CPU @ 2.50GHz,Intel(R) Xeon(R) Platinum 8259CL CPU @ 2.50GHz,Intel
r5.8xlarge,us-east-1,use1-az6,3,50.0,50.0,1.0,2.016,0.5429,73,r5,Memory,r,32.0,256.0,23163.177744,Intel(R) Xeon(R) Platinum 8259CL CPU @ 2.50GHz,Intel(R) Xeon(R) Platinum 8259CL CPU @ 2.50GHz,Intel
r5.large,us-east-1,use1-az1,3,50.0,50.0,3.0,0.126,0.0545,56,r5,Memory,r,2.0,16.0,23139.1854922,Intel(R) Xeon(R) Platinum 8175M CPU @ 2.50GHz,Intel(R) Xeon(R) Platinum 8175M CPU @ 2.50GHz,Intel
r5.large,us-east-1,use1-az2,3,50.0,50.0,3.0,0.126,0.0478,62,r5,Memory,r,2.0,16.0,23139.1854922,Intel(R) Xeon(R) Platinum 8175M CPU @ 2.50GHz,Intel(R) Xeon(R) Platinum 8175M CPU @ 2.50GHz,Intel
r5.large,us-east-1,use1-az4,3,50.0,50.0,3.0,0.126,0.0529,58,r5,Memory,r,2.0,16.0,23139.1854922,Intel(R) Xeon(R) Platinum 8175M CPU @ 2.50GHz,Intel(R) Xeon(R) Platinum 8175M CPU @ 2.50GHz,Intel
r5.large,us-east-1,use1-az5,3,50.0,50.0,3.0,0.126,0.0485,61,r5,Memory,r,2.0,16.0,23139.1854922,Intel(R) Xeon(R) Platinum 8175M CPU @ 2.50GHz,Intel(R) Xeon(R) Platinum 8175M CPU @ 2.50GHz,Intel
r5.large,us-east-1,use1-az6,3,50.0,50.0,3.0,0.126,0.0481,61,r5,Memory,r,2.0,16.0,23139.1854922,Intel(R) Xeon(R) Platinum 8175M CPU @ 2.50GHz,Intel(R) Xeon(R) Platinum 8175M CPU @ 2.50GHz,Intel
r5.xlarge,us-east-1,use1-az1,3,50.0,50.0,1.5,0.252,0.0657,73,r5,Memory,r,4.0,32.0,23165.421097,Intel(R) Xeon(R) Platinum 8259CL CPU @ 2.50GHz,Intel(R) Xeon(R) Platinum 8259CL CPU @ 2.50GHz,Intel
r5.xlarge,us-east-1,use1-az2,3,50.0,50.0,1.5,0.252,0.0723,71,r5,Memory,r,4.0,32.0,23165.421097,Intel(R) Xeon(R) Platinum 8259CL CPU @ 2.50GHz,Intel(R) Xeon(R) Platinum 8259CL CPU @ 2.50GHz,Intel
r5.xlarge,us-east-1,use1-az4,3,50.0,50.0,1.5,0.252,0.1027,59,r5,Memory,r,4.0,32.0,23165.421097,Intel(R) Xeon(R) Platinum 8259CL CPU @ 2.50GHz,Intel(R) Xeon(R) Platinum 8259CL CPU @ 2.50GHz,Intel
r5.xlarge,us-east-1,use1-az5,3,50.0,50.0,1.5,0.252,0.0707,71,r5,Memory,r,4.0,32.0,23165.421097,Intel(R) Xeon(R) Platinum 8259CL CPU @ 2.50GHz,Intel(R) Xeon(R) Platinum 8259CL CPU @ 2.50GHz,Intel
r5.xlarge,us-east-1,use1-az6,3,50.0,50.0,1.5,0.252,0.0719,71,r5,Memory,r,4.0,32.0,23165.421097,Intel(R) Xeon(R) Platinum 8259CL CPU @ 2.50GHz,Intel(R) Xeon(R) Platinum 8259CL CPU @ 2.50GHz,Intel
r5a.12xlarge,us-east-1,use1-az1,3,1.0,1.0,1.0,2.712,0.929,65,r5a,Memory,r,48.0,384.0,16971.3349448,AMD EPYC 7571,AMD EPYC 7571,AMD
r5a.12xlarge,us-east-1,use1-az2,3,1.0,1.0,1.0,2.712,1.0908,59,r5a,Memory,r,48.0,384.0,16971.3349448,AMD EPYC 7571,AMD EPYC 7571,AMD
r5a.12xlarge,us-east-1,use1-az4,3,5.0,5.0,1.0,2.712,0.9576,64,r5a,Memory,r,48.0,384.0,16971.3349448,AMD EPYC 7571,AMD EPYC 7571,AMD
r5a.12xlarge,us-east-1,use1-az5,1,0.0,0.0,1.0,2.712,1.1922,56,r5a,Memory,r,48.0,384.0,16971.3349448,AMD EPYC 7571,AMD EPYC 7571,AMD
r5a.12xlarge,us-east-1,use1-az6,3,1.0,1.0,1.0,2.712,0.7505,72,r5a,Memory,r,48.0,384.0,16971.3349448,AMD EPYC 7571,AMD EPYC 7571,AMD
r5a.16xlarge,us-east-1,use1-az1,3,1.0,5.0,1.0,3.616,0.9267,74,r5a,Memory,r,64.0,512.0,16752.004235200002,AMD EPYC 7571,AMD EPYC 7571,AMD
r5a.16xlarge,us-east-1,use1-az2,3,1.0,5.0,1.0,3.616,0.9352,74,r5a,Memory,r,64.0,512.0,16752.004235200002,AMD EPYC 7571,AMD EPYC 7571,AMD
r5a.16xlarge,us-east-1,use1-az4,3,10.0,20.0,1.0,3.616,0.9182,74,r5a,Memory,r,64.0,512.0,16752.004235200002,AMD EPYC 7571,AMD EPYC 7571,AMD
r5a.16xlarge,us-east-1,use1-az5,3,1.0,1.0,1.0,3.616,1.1372,68,r5a,Memory,r,64.0,512.0,16752.004235200002,AMD EPYC 7571,AMD EPYC 7571,AMD
r5a.16xlarge,us-east-1,use1-az6,3,1.0,1.0,1.0,3.616,1.1316,68,r5a,Memory,r,64.0,512.0,16752.004235200002,AMD EPYC 7571,AMD EPYC 7571,AMD
r5a.24xlarge,us-east-1,use1-az1,3,1.0,1.0,1.0,5.424,1.4958,72,r5a,Memory,r,96.0,768.0,16853.4135502,AMD EPYC 7571,AMD EPYC 7571,AMD
r5a.24xlarge,us-east-1,use1-az2,3,1.0,1.0,1.0,5.424,1.4213,73,r5a,Memory,r,96.0,768.0,16853.4135502,AMD EPYC 7571,AMD EPYC 7571,AMD
r5a.24xlarge,us-east-1,use1-az4,3,1.0,5.0,1.0,5.424,1.6432,69,r5a,Memory,r,96.0,768.0,16853.4135502,AMD EPYC 7571,AMD EPYC 7571,AMD
r5a.24xlarge,us-east-1,use1-az5,3,1.0,1.0,1.0,5.424,1.4388,73,r5a,Memory,r,96.0,768.0,16853.4135502,AMD EPYC 7571,AMD EPYC 7571,AMD
r5a.24xlarge,us-east-1,use1-az6,3,1.0,1.0,1.0,5.424,1.7051,68,r5a,Memory,r,96.0,768.0,16853.4135502,AMD EPYC 7571,AMD EPYC 7571,AMD
r5a.2xlarge,us-east-1,use1-az1,3,5.0,20.0,1.0,0.452,0.1918,57,r5a,Memory,r,8.0,64.0,16989.3689954,AMD EPYC 7571,AMD EPYC 7571,AMD
r5a.2xlarge,us-east-1,use1-az2,3,30.0,45.0,1.0,0.452,0.1732,61,r5a,Memory,r,8.0,64.0,16989.3689954,AMD EPYC 7571,AMD EPYC 7571,AMD
r5a.2xlarge,us-east-1,use1-az4,3,40.0,50.0,1.0,0.452,0.1999,55,r5a,Memory,r,8.0,64.0,16989.3689954,AMD EPYC 7571,AMD EPYC 7571,AMD
r5a.2xlarge,us-east-1,use1-az5,3,1.0,5.0,1.0,0.452,0.2414,46,r5a,Memory,r,8.0,64.0,16989.3689954,AMD EPYC 7571,AMD EPYC 7571,AMD
r5a.2xlarge,us-east-1,use1-az6,3,25.0,30.0,1.0,0.452,0.1915,57,r5a,Memory,r,8.0,64.0,16989.3689954,AMD EPYC 7571,AMD EPYC 7571,AMD
r5a.4xlarge,us-east-1,use1-az1,3,15.0,35.0,1.0,0.904,0.4206,53,r5a,Memory,r,16.0,128.0,17011.155944399998,AMD EPYC 7571,AMD EPYC 7571,AMD
r5a.4xlarge,us-east-1,use1-az2,3,45.0,50.0,1.0,0.904,0.3362,62,r5a,Memory,r,16.0,128.0,17011.155944399998,AMD EPYC 7571,AMD EPYC 7571,AMD
r5a.4xlarge,us-east-1,use1-az4,3,15.0,40.0,1.0,0.904,0.4039,55,r5a,Memory,r,16.0,128.0,17011.155944399998,AMD EPYC 7571,AMD EPYC 7571,AMD
r5a.4xlarge,us-east-1,use1-az5,3,20.0,20.0,1.0,0.904,0.2681,70,r5a,Memory,r,16.0,128.0,17011.155944399998,AMD EPYC 7571,AMD EPYC 7571,AMD
r5a.4xlarge,us-east-1,use1-az6,3,30.0,50.0,1.0,0.904,0.395,56,r5a,Memory,r,16.0,128.0,17011.155944399998,AMD EPYC 7571,AMD EPYC 7571,AMD
r5a.8xlarge,us-east-1,use1-az1,3,10.0,15.0,1.0,1.808,0.563,68,r5a,Memory,r,32.0,256.0,16999.4311834,AMD EPYC 7571,AMD EPYC 7571,AMD
r5a.8xlarge,us-east-1,use1-az2,3,20.0,25.0,1.0,1.808,0.4798,73,r5a,Memory,r,32.0,256.0,16999.4311834,AMD EPYC 7571,AMD EPYC 7571,AMD
r5a.8xlarge,us-east-1,use1-az4,3,35.0,50.0,1.0,1.808,0.6491,64,r5a,Memory,r,32.0,256.0,16999.4311834,AMD EPYC 7571,AMD EPYC 7571,AMD
r5a.8xlarge,us-east-1,use1-az5,3,20.0,20.0,1.0,1.808,0.626,65,r5a,Memory,r,32.0,256.0,16999.4311834,AMD EPYC 7571,AMD EPYC 7571,AMD
r5a.8xlarge,us-east-1,use1-az6,3,1.0,1.0,1.0,1.808,0.4746,73,r5a,Memory,r,32.0,256.0,16999.4311834,AMD EPYC 7571,AMD EPYC 7571,AMD
r5a.large,us-east-1,use1-az1,3,50.0,50.0,2.5,0.113,0.0416,63,r5a,Memory,r,2.0,16.0,16915.113766200004,AMD EPYC 7571,AMD EPYC 7571,AMD
r5a.large,us-east-1,use1-az2,3,50.0,50.0,2.5,0.113,0.0449,60,r5a,Memory,r,2.0,16.0,16915.113766200004,AMD EPYC 7571,AMD EPYC 7571,AMD
r5a.large,us-east-1,use1-az4,3,45.0,50.0,2.5,0.113,0.041,63,r5a,Memory,r,2.0,16.0,16915.113766200004,AMD EPYC 7571,AMD EPYC 7571,AMD
r5a.large,us-east-1,use1-az5,3,30.0,45.0,2.5,0.113,0.0461,59,r5a,Memory,r,2.0,16.0,16915.113766200004,AMD EPYC 7571,AMD EPYC 7571,AMD
r5a.large,us-east-1,use1-az6,3,50.0,50.0,2.5,0.113,0.0444,60,r5a,Memory,r,2.0,16.0,16915.113766200004,AMD EPYC 7571,AMD EPYC 7571,AMD
r5a.xlarge,us-east-1,use1-az1,3,10.0,30.0,1.0,0.226,0.0904,60,r5a,Memory,r,4.0,32.0,16977.586285999998,AMD EPYC 7571,AMD EPYC 7571,AMD
r5a.xlarge,us-east-1,use1-az2,3,30.0,40.0,1.0,0.226,0.0726,67,r5a,Memory,r,4.0,32.0,16977.586285999998,AMD EPYC 7571,AMD EPYC 7571,AMD
r5a.xlarge,us-east-1,use1-az4,3,50.0,50.0,1.0,0.226,0.0795,64,r5a,Memory,r,4.0,32.0,16977.586285999998,AMD EPYC 7571,AMD EPYC 7571,AMD
r5a.xlarge,us-east-1,use1-az5,3,15.0,25.0,1.0,0.226,0.0872,61,r5a,Memory,r,4.0,32.0,16977.586285999998,AMD EPYC 7571,AMD EPYC 7571,AMD
r5a.xlarge,us-east-1,use1-az6,3,30.0,40.0,1.0,0.226,0.0769,65,r5a,Memory,r,4.0,32.0,16977.586285999998,AMD EPYC 7571,AMD EPYC 7571,AMD
r5ad.12xlarge,us-east-1,use1-az1,1,0.0,0.0,1.0,3.144,1.5153,51,r5ad,Memory,r,48.0,384.0,16959.6965,AMD EPYC 7571,AMD EPYC 7571,AMD
r5ad.12xlarge,us-east-1,use1-az2,1,0.0,0.0,1.0,3.144,1.3434,57,r5ad,Memory,r,48.0,384.0,16959.6965,AMD EPYC 7571,AMD EPYC 7571,AMD
r5ad.12xlarge,us-east-1,use1-az4,1,0.0,0.0,1.0,3.144,1.4345,54,r5ad,Memory,r,48.0,384.0,16959.6965,AMD EPYC 7571,AMD EPYC 7571,AMD
r5ad.12xlarge,us-east-1,use1-az5,1,0.0,0.0,1.0,3.144,1.0348,67,r5ad,Memory,r,48.0,384.0,16959.6965,AMD EPYC 7571,AMD EPYC 7571,AMD
r5ad.12xlarge,us-east-1,use1-az6,1,0.0,0.0,1.0,3.144,1.2797,59,r5ad,Memory,r,48.0,384.0,16959.6965,AMD EPYC 7571,AMD EPYC 7571,AMD
r5ad.16xlarge,us-east-1,use1-az1,1,0.0,0.0,1.0,4.192,1.3831,67,r5ad,Memory,r,64.0,512.0,16977.9413,AMD EPYC 7571,AMD EPYC 7571,AMD
r5ad.16xlarge,us-east-1,use1-az2,3,40.0,50.0,1.0,4.192,1.2873,69,r5ad,Memory,r,64.0,512.0,16977.9413,AMD EPYC 7571,AMD EPYC 7571,AMD
r5ad.16xlarge,us-east-1,use1-az4,3,1.0,1.0,1.0,4.192,1.1203,73,r5ad,Memory,r,64.0,512.0,16977.9413,AMD EPYC 7571,AMD EPYC 7571,AMD
r5ad.16xlarge,us-east-1,use1-az5,1,0.0,0.0,1.0,4.192,1.065,74,r5ad,Memory,r,64.0,512.0,16977.9413,AMD EPYC 7571,AMD EPYC 7571,AMD
r5ad.16xlarge,us-east-1,use1-az6,3,1.0,1.0,1.0,4.192,1.1815,71,r5ad,Memory,r,64.0,512.0,16977.9413,AMD EPYC 7571,AMD EPYC 7571,AMD
r5ad.24xlarge,us-east-1,use1-az1,1,0.0,0.0,1.0,6.288,2.1056,66,r5ad,Memory,r,96.0,768.0,16998.3747,AMD EPYC 7571,AMD EPYC 7571,AMD
r5ad.24xlarge,us-east-1,use1-az2,3,5.0,5.0,1.0,6.288,2.2596,64,r5ad,Memory,r,96.0,768.0,16998.3747,AMD EPYC 7571,AMD EPYC 7571,AMD
r5ad.24xlarge,us-east-1,use1-az4,3,1.0,1.0,1.0,6.288,1.9041,69,r5ad,Memory,r,96.0,768.0,16998.3747,AMD EPYC 7571,AMD EPYC 7571,AMD
r5ad.24xlarge,us-east-1,use1-az5,1,0.0,0.0,1.0,6.288,1.8749,70,r5ad,Memory,r,96.0,768.0,16998.3747,AMD EPYC 7571,AMD EPYC 7571,AMD
r5ad.24xlarge,us-east-1,use1-az6,3,1.0,1.0,1.0,6.288,1.7997,71,r5ad,Memory,r,96.0,768.0,16998.3747,AMD EPYC 7571,AMD EPYC 7571,AMD
r5ad.2xlarge,us-east-1,use1-az1,2,0.0,1.0,1.5,0.524,0.2927,44,r5ad,Memory,r,8.0,64.0,16996.7251,AMD EPYC 7571,AMD EPYC 7571,AMD
r5ad.2xlarge,us-east-1,use1-az2,3,1.0,1.0,1.5,0.524,0.2856,45,r5ad,Memory,r,8.0,64.0,16996.7251,AMD EPYC 7571,AMD EPYC 7571,AMD
r5ad.2xlarge,us-east-1,use1-az4,3,5.0,5.0,1.5,0.524,0.3531,32,r5ad,Memory,r,8.0,64.0,16996.7251,AMD EPYC 7571,AMD EPYC 7571,AMD
r5ad.2xlarge,us-east-1,use1-az5,2,0.0,1.0,1.5,0.524,0.3199,38,r5ad,Memory,r,8.0,64.0,16996.7251,AMD EPYC 7571,AMD EPYC 7571,AMD
r5ad.2xlarge,us-east-1,use1-az6,3,1.0,1.0,1.5,0.524,0.3792,27,r5ad,Memory,r,8.0,64.0,16996.7251,AMD EPYC 7571,AMD EPYC 7571,AMD
r5ad.4xlarge,us-east-1,use1-az1,3,1.0,1.0,1.0,1.048,0.5543,47,r5ad,Memory,r,16.0,128.0,16987.5317,AMD EPYC 7571,AMD EPYC 7571,AMD
r5ad.4xlarge,us-east-1,use1-az2,3,5.0,5.0,1.0,1.048,0.5232,50,r5ad,Memory,r,16.0,128.0,16987.5317,AMD EPYC 7571,AMD EPYC 7571,AMD
r5ad.4xlarge,us-east-1,use1-az4,3,5.0,5.0,1.0,1.048,0.614,41,r5ad,Memory,r,16.0,128.0,16987.5317,AMD EPYC 7571,AMD EPYC 7571,AMD
r5ad.4xlarge,us-east-1,use1-az5,1,0.0,0.0,1.0,1.048,0.5712,45,r5ad,Memory,r,16.0,128.0,16987.5317,AMD EPYC 7571,AMD EPYC 7571,AMD
r5ad.4xlarge,us-east-1,use1-az6,3,5.0,5.0,1.0,1.048,0.7799,25,r5ad,Memory,r,16.0,128.0,16987.5317,AMD EPYC 7571,AMD EPYC 7571,AMD
r5ad.8xlarge,us-east-1,use1-az1,1,0.0,0.0,1.0,2.096,1.1014,47,r5ad,Memory,r,32.0,256.0,16987.6585,AMD EPYC 7571,AMD EPYC 7571,AMD
r5ad.8xlarge,us-east-1,use1-az2,3,20.0,35.0,1.0,2.096,0.8263,60,r5ad,Memory,r,32.0,256.0,16987.6585,AMD EPYC 7571,AMD EPYC 7571,AMD
r5ad.8xlarge,us-east-1,use1-az4,3,1.0,1.0,1.0,2.096,0.6361,69,r5ad,Memory,r,32.0,256.0,16987.6585,AMD EPYC 7571,AMD EPYC 7571,AMD
r5ad.8xlarge,us-east-1,use1-az5,1,0.0,0.0,1.0,2.096,1.0679,49,r5ad,Memory,r,32.0,256.0,16987.6585,AMD EPYC 7571,AMD EPYC 7571,AMD
r5ad.8xlarge,us-east-1,use1-az6,3,1.0,1.0,1.0,2.096,0.5519,73,r5ad,Memory,r,32.0,256.0,16987.6585,AMD EPYC 7571,AMD EPYC 7571,AMD
r5ad.large,us-east-1,use1-az1,3,10.0,15.0,2.5,0.131,0.0404,69,r5ad,Memory,r,2.0,16.0,16982.6224,AMD EPYC 7571,AMD EPYC 7571,AMD
r5ad.large,us-east-1,use1-az2,3,15.0,25.0,2.5,0.131,0.0387,70,r5ad,Memory,r,2.0,16.0,16982.6224,AMD EPYC 7571,AMD EPYC 7571,AMD
r5ad.large,us-east-1,use1-az4,3,25.0,40.0,2.5,0.131,0.0551,57,r5ad,Memory,r,2.0,16.0,16982.6224,AMD EPYC 7571,AMD EPYC 7571,AMD
r5ad.large,us-east-1,use1-az5,3,10.0,15.0,2.5,0.131,0.0374,71,r5ad,Memory,r,2.0,16.0,16982.6224,AMD EPYC 7571,AMD EPYC 7571,AMD
r5ad.large,us-east-1,use1-az6,3,1.0,1.0,2.5,0.131,0.0505,61,r5ad,Memory,r,2.0,16.0,16982.6224,AMD EPYC 7571,AMD EPYC 7571,AMD
r5ad.xlarge,us-east-1,use1-az1,3,5.0,5.0,1.5,0.262,0.1049,59,r5ad,Memory,r,4.0,32.0,16992.2742,AMD EPYC 7571,AMD EPYC 7571,AMD
r5ad.xlarge,us-east-1,use1-az2,3,10.0,10.0,1.5,0.262,0.0938,64,r5ad,Memory,r,4.0,32.0,16992.2742,AMD EPYC 7571,AMD EPYC 7571,AMD
r5ad.xlarge,us-east-1,use1-az4,3,5.0,10.0,1.5,0.262,0.1803,31,r5ad,Memory,r,4.0,32.0,16992.2742,AMD EPYC 7571,AMD EPYC 7571,AMD
r5ad.xlarge,us-east-1,use1-az5,3,1.0,1.0,1.5,0.262,0.1551,40,r5ad,Memory,r,4.0,32.0,16992.2742,AMD EPYC 7571,AMD EPYC 7571,AMD
r5ad.xlarge,us-east-1,use1-az6,3,1.0,5.0,1.5,0.262,0.1898,27,r5ad,Memory,r,4.0,32.0,16992.2742,AMD EPYC 7571,AMD EPYC 7571,AMD
r5b.12xlarge,us-east-1,use1-az1,1,0.0,0.0,1.0,3.576,1.6936,52,r5b,Memory,r,48.0,384.0,25059.6538636,Intel(R) Xeon(R) Platinum 8259CL CPU @ 2.50GHz,Intel(R) Xeon(R) Platinum 8259CL CPU @ 2.50GHz,Intel
r5b.12xlarge,us-east-1,use1-az2,3,1.0,5.0,1.0,3.576,1.7658,50,r5b,Memory,r,48.0,384.0,25059.6538636,Intel(R) Xeon(R) Platinum 8259CL CPU @ 2.50GHz,Intel(R) Xeon(R) Platinum 8259CL CPU @ 2.50GHz,Intel
r5b.12xlarge,us-east-1,use1-az4,3,1.0,1.0,1.0,3.576,1.8978,46,r5b,Memory,r,48.0,384.0,25059.6538636,Intel(R) Xeon(R) Platinum 8259CL CPU @ 2.50GHz,Intel(R) Xeon(R) Platinum 8259CL CPU @ 2.50GHz,Intel
r5b.12xlarge,us-east-1,use1-az6,3,1.0,1.0,1.0,3.576,2.5122,29,r5b,Memory,r,48.0,384.0,25059.6538636,Intel(R) Xeon(R) Platinum 8259CL CPU @ 2.50GHz,Intel(R) Xeon(R) Platinum 8259CL CPU @ 2.50GHz,Intel
r5b.16xlarge,us-east-1,use1-az1,2,0.0,1.0,2.5,4.768,1.7884,62,r5b,Memory,r,64.0,512.0,23920.0184832,Intel(R) Xeon(R) Platinum 8259CL CPU @ 2.50GHz,Intel(R) Xeon(R) Platinum 8259CL CPU @ 2.50GHz,Intel
r5b.16xlarge,us-east-1,use1-az2,3,1.0,1.0,2.5,4.768,2.2314,53,r5b,Memory,r,64.0,512.0,23920.0184832,Intel(R) Xeon(R) Platinum 8259CL CPU @ 2.50GHz,Intel(R) Xeon(R) Platinum 8259CL CPU @ 2.50GHz,Intel
r5b.16xlarge,us-east-1,use1-az4,3,20.0,35.0,2.5,4.768,2.5026,47,r5b,Memory,r,64.0,512.0,23920.0184832,Intel(R) Xeon(R) Platinum 8259CL CPU @ 2.50GHz,Intel(R) Xeon(R) Platinum 8259CL CPU @ 2.50GHz,Intel
r5b.16xlarge,us-east-1,use1-az6,3,15.0,20.0,2.5,4.768,2.3816,50,r5b,Memory,r,64.0,512.0,23920.0184832,Intel(R) Xeon(R) Platinum 8259CL CPU @ 2.50GHz,Intel(R) Xeon(R) Platinum 8259CL CPU @ 2.50GHz,Intel
r5b.24xlarge,us-east-1,use1-az1,3,1.0,1.0,2.0,7.152,2.8968,59,r5b,Memory,r,96.0,768.0,25021.339616200003,Intel(R) Xeon(R) Platinum 8259CL CPU @ 2.50GHz,Intel(R) Xeon(R) Platinum 8259CL CPU @ 2.50GHz,Intel
r5b.24xlarge,us-east-1,use1-az2,3,5.0,10.0,2.0,7.152,3.6032,49,r5b,Memory,r,96.0,768.0,25021.339616200003,Intel(R) Xeon(R) Platinum 8259CL CPU @ 2.50GHz,Intel(R) Xeon(R) Platinum 8259CL CPU @ 2.50GHz,Intel
r5b.24xlarge,us-east-1,use1-az4,3,1.0,1.0,2.0,7.152,3.8037,46,r5b,Memory,r,96.0,768.0,25021.339616200003,Intel(R) Xeon(R) Platinum 8259CL CPU @ 2.50GHz,Intel(R) Xeon(R) Platinum 8259CL CPU @ 2.50GHz,Intel
r5b.24xlarge,us-east-1,use1-az6,3,5.0,10.0,2.0,7.152,3.8174,46,r5b,Memory,r,96.0,768.0,25021.339616200003,Intel(R) Xeon(R) Platinum 8259CL CPU @ 2.50GHz,Intel(R) Xeon(R) Platinum 8259CL CPU @ 2.50GHz,Intel
r5b.2xlarge,us-east-1,use1-az1,3,1.0,1.0,2.5,0.596,0.3754,37,r5b,Memory,r,8.0,64.0,23936.0482632,Intel(R) Xeon(R) Platinum 8259CL CPU @ 2.50GHz,Intel(R) Xeon(R) Platinum 8259CL CPU @ 2.50GHz,Intel
r5b.2xlarge,us-east-1,use1-az2,3,1.0,1.0,2.5,0.596,0.338,43,r5b,Memory,r,8.0,64.0,23936.0482632,Intel(R) Xeon(R) Platinum 8259CL CPU @ 2.50GHz,Intel(R) Xeon(R) Platinum 8259CL CPU @ 2.50GHz,Intel
r5b.2xlarge,us-east-1,use1-az4,3,10.0,15.0,2.5,0.596,0.3385,43,r5b,Memory,r,8.0,64.0,23936.0482632,Intel(R) Xeon(R) Platinum 8259CL CPU @ 2.50GHz,Intel(R) Xeon(R) Platinum 8259CL CPU @ 2.50GHz,Intel
r5b.2xlarge,us-east-1,use1-az6,3,5.0,5.0,2.5,0.596,0.3558,40,r5b,Memory,r,8.0,64.0,23936.0482632,Intel(R) Xeon(R) Platinum 8259CL CPU @ 2.50GHz,Intel(R) Xeon(R) Platinum 8259CL CPU @ 2.50GHz,Intel
r5b.4xlarge,us-east-1,use1-az1,1,0.0,0.0,1.0,1.192,0.6302,47,r5b,Memory,r,16.0,128.0,23146.9630418,Intel(R) Xeon(R) Platinum 8259CL CPU @ 2.50GHz,Intel(R) Xeon(R) Platinum 8259CL CPU @ 2.50GHz,Intel
r5b.4xlarge,us-east-1,use1-az2,3,1.0,1.0,1.0,1.192,0.6424,46,r5b,Memory,r,16.0,128.0,23146.9630418,Intel(R) Xeon(R) Platinum 8259CL CPU @ 2.50GHz,Intel(R) Xeon(R) Platinum 8259CL CPU @ 2.50GHz,Intel
r5b.4xlarge,us-east-1,use1-az4,3,5.0,5.0,1.0,1.192,0.7513,36,r5b,Memory,r,16.0,128.0,23146.9630418,Intel(R) Xeon(R) Platinum 8259CL CPU @ 2.50GHz,Intel(R) Xeon(R) Platinum 8259CL CPU @ 2.50GHz,Intel
r5b.4xlarge,us-east-1,use1-az6,3,1.0,1.0,1.0,1.192,0.8402,29,r5b,Memory,r,16.0,128.0,23146.9630418,Intel(R) Xeon(R) Platinum 8259CL CPU @ 2.50GHz,Intel(R) Xeon(R) Platinum 8259CL CPU @ 2.50GHz,Intel
r5b.8xlarge,us-east-1,use1-az1,1,0.0,0.0,1.0,2.384,1.0309,56,r5b,Memory,r,32.0,256.0,23938.1172104,Intel(R) Xeon(R) Platinum 8259CL CPU @ 2.50GHz,Intel(R) Xeon(R) Platinum 8259CL CPU @ 2.50GHz,Intel
r5b.8xlarge,us-east-1,use1-az2,3,5.0,10.0,1.0,2.384,1.2405,47,r5b,Memory,r,32.0,256.0,23938.1172104,Intel(R) Xeon(R) Platinum 8259CL CPU @ 2.50GHz,Intel(R) Xeon(R) Platinum 8259CL CPU @ 2.50GHz,Intel
r5b.8xlarge,us-east-1,use1-az4,3,1.0,1.0,1.0,2.384,1.9133,19,r5b,Memory,r,32.0,256.0,23938.1172104,Intel(R) Xeon(R) Platinum 8259CL CPU @ 2.50GHz,Intel(R) Xeon(R) Platinum 8259CL CPU @ 2.50GHz,Intel
r5b.8xlarge,us-east-1,use1-az6,2,0.0,1.0,1.0,2.384,2.0267,14,r5b,Memory,r,32.0,256.0,23938.1172104,Intel(R) Xeon(R) Platinum 8259CL CPU @ 2.50GHz,Intel(R) Xeon(R) Platinum 8259CL CPU @ 2.50GHz,Intel
r5b.large,us-east-1,use1-az1,3,1.0,5.0,3.0,0.149,0.0542,63,r5b,Memory,r,2.0,16.0,23929.4200492,Intel(R) Xeon(R) Platinum 8259CL CPU @ 2.50GHz,Intel(R) Xeon(R) Platinum 8259CL CPU @ 2.50GHz,Intel
r5b.large,us-east-1,use1-az2,3,10.0,15.0,3.0,0.149,0.0636,57,r5b,Memory,r,2.0,16.0,23929.4200492,Intel(R) Xeon(R) Platinum 8259CL CPU @ 2.50GHz,Intel(R) Xeon(R) Platinum 8259CL CPU @ 2.50GHz,Intel
r5b.large,us-east-1,use1-az4,3,40.0,50.0,3.0,0.149,0.0539,63,r5b,Memory,r,2.0,16.0,23929.4200492,Intel(R) Xeon(R) Platinum 8259CL CPU @ 2.50GHz,Intel(R) Xeon(R) Platinum 8259CL CPU @ 2.50GHz,Intel
r5b.large,us-east-1,use1-az6,3,50.0,50.0,3.0,0.149,0.0512,65,r5b,Memory,r,2.0,16.0,23929.4200492,Intel(R) Xeon(R) Platinum 8259CL CPU @ 2.50GHz,Intel(R) Xeon(R) Platinum 8259CL CPU @ 2.50GHz,Intel
r5b.xlarge,us-east-1,use1-az1,2,0.0,1.0,3.0,0.298,0.1481,50,r5b,Memory,r,4.0,32.0,23913.956567000005,Intel(R) Xeon(R) Platinum 8259CL CPU @ 2.50GHz,Intel(R) Xeon(R) Platinum 8259CL CPU @ 2.50GHz,Intel
r5b.xlarge,us-east-1,use1-az2,3,1.0,5.0,3.0,0.298,0.1497,49,r5b,Memory,r,4.0,32.0,23913.956567000005,Intel(R) Xeon(R) Platinum 8259CL CPU @ 2.50GHz,Intel(R) Xeon(R) Platinum 8259CL CPU @ 2.50GHz,Intel
r5b.xlarge,us-east-1,use1-az4,3,5.0,10.0,3.0,0.298,0.1727,42,r5b,Memory,r,4.0,32.0,23913.956567000005,Intel(R) Xeon(R) Platinum 8259CL CPU @ 2.50GHz,Intel(R) Xeon(R) Platinum 8259CL CPU @ 2.50GHz,Intel
r5b.xlarge,us-east-1,use1-az6,3,10.0,15.0,3.0,0.298,0.1634,45,r5b,Memory,r,4.0,32.0,23913.956567000005,Intel(R) Xeon(R) Platinum 8259CL CPU @ 2.50GHz,Intel(R) Xeon(R) Platinum 8259CL CPU @ 2.50GHz,Intel
r5d.12xlarge,us-east-1,use1-az1,3,1.0,5.0,1.0,3.456,1.3665,60,r5d,Memory,r,48.0,384.0,25048.1011,Intel(R) Xeon(R) Platinum 8259CL CPU @ 2.50GHz,Intel(R) Xeon(R) Platinum 8259CL CPU @ 2.50GHz,Intel
r5d.12xlarge,us-east-1,use1-az2,3,15.0,20.0,1.0,3.456,1.7633,48,r5d,Memory,r,48.0,384.0,25048.1011,Intel(R) Xeon(R) Platinum 8259CL CPU @ 2.50GHz,Intel(R) Xeon(R) Platinum 8259CL CPU @ 2.50GHz,Intel
r5d.12xlarge,us-east-1,use1-az4,3,30.0,50.0,1.0,3.456,1.542,55,r5d,Memory,r,48.0,384.0,25048.1011,Intel(R) Xeon(R) Platinum 8259CL CPU @ 2.50GHz,Intel(R) Xeon(R) Platinum 8259CL CPU @ 2.50GHz,Intel
r5d.12xlarge,us-east-1,use1-az5,3,1.0,1.0,1.0,3.456,1.2785,63,r5d,Memory,r,48.0,384.0,25048.1011,Intel(R) Xeon(R) Platinum 8259CL CPU @ 2.50GHz,Intel(R) Xeon(R) Platinum 8259CL CPU @ 2.50GHz,Intel
r5d.12xlarge,us-east-1,use1-az6,3,1.0,5.0,1.0,3.456,1.1565,66,r5d,Memory,r,48.0,384.0,25048.1011,Intel(R) Xeon(R) Platinum 8259CL CPU @ 2.50GHz,Intel(R) Xeon(R) Platinum 8259CL CPU @ 2.50GHz,Intel
r5d.16xlarge,us-east-1,use1-az1,3,15.0,20.0,1.0,4.608,1.4711,68,r5d,Memory,r,64.0,512.0,23188.1124,Intel(R) Xeon(R) Platinum 8259CL CPU @ 2.50GHz,Intel(R) Xeon(R) Platinum 8259CL CPU @ 2.50GHz,Intel
r5d.16xlarge,us-east-1,use1-az2,3,15.0,40.0,1.0,4.608,1.3309,71,r5d,Memory,r,64.0,512.0,23188.1124,Intel(R) Xeon(R) Platinum 8259CL CPU @ 2.50GHz,Intel(R) Xeon(R) Platinum 8259CL CPU @ 2.50GHz,Intel
r5d.16xlarge,us-east-1,use1-az4,3,50.0,50.0,1.0,4.608,1.2416,73,r5d,Memory,r,64.0,512.0,23188.1124,Intel(R) Xeon(R) Platinum 8259CL CPU @ 2.50GHz,Intel(R) Xeon(R) Platinum 8259CL CPU @ 2.50GHz,Intel
r5d.16xlarge,us-east-1,use1-az5,3,5.0,10.0,1.0,4.608,1.5088,67,r5d,Memory,r,64.0,512.0,23188.1124,Intel(R) Xeon(R) Platinum 8259CL CPU @ 2.50GHz,Intel(R) Xeon(R) Platinum 8259CL CPU @ 2.50GHz,Intel
r5d.16xlarge,us-east-1,use1-az6,3,1.0,1.0,1.0,4.608,1.5332,66,r5d,Memory,r,64.0,512.0,23188.1124,Intel(R) Xeon(R) Platinum 8259CL CPU @ 2.50GHz,Intel(R) Xeon(R) Platinum 8259CL CPU @ 2.50GHz,Intel
r5d.24xlarge,us-east-1,use1-az1,3,1.0,5.0,1.0,6.912,2.4454,64,r5d,Memory,r,96.0,768.0,25114.6541,Intel(R) Xeon(R) Platinum 8175M CPU @ 2.50GHz,Intel(R) Xeon(R) Platinum 8175M CPU @ 2.50GHz,Intel
r5d.24xlarge,us-east-1,use1-az2,3,15.0,15.0,1.0,6.912,2.241,67,r5d,Memory,r,96.0,768.0,25114.6541,Intel(R) Xeon(R) Platinum 8175M CPU @ 2.50GHz,Intel(R) Xeon(R) Platinum 8175M CPU @ 2.50GHz,Intel
r5d.24xlarge,us-east-1,use1-az4,3,25.0,45.0,1.0,6.912,2.0917,69,r5d,Memory,r,96.0,768.0,25114.6541,Intel(R) Xeon(R) Platinum 8175M CPU @ 2.50GHz,Intel(R) Xeon(R) Platinum 8175M CPU @ 2.50GHz,Intel
r5d.24xlarge,us-east-1,use1-az5,3,1.0,1.0,1.0,6.912,2.3364,66,r5d,Memory,r,96.0,768.0,25114.6541,Intel(R) Xeon(R) Platinum 8175M CPU @ 2.50GHz,Intel(R) Xeon(R) Platinum 8175M CPU @ 2.50GHz,Intel
r5d.24xlarge,us-east-1,use1-az6,3,1.0,1.0,1.0,6.912,2.379,65,r5d,Memory,r,96.0,768.0,25114.6541,Intel(R) Xeon(R) Platinum 8175M CPU @ 2.50GHz,Intel(R) Xeon(R) Platinum 8175M CPU @ 2.50GHz,Intel
r5d.2xlarge,us-east-1,use1-az1,3,15.0,20.0,1.0,0.576,0.335,41,r5d,Memory,r,8.0,64.0,23103.9288,Intel(R) Xeon(R) Platinum 8259CL CPU @ 2.50GHz,Intel(R) Xeon(R) Platinum 8259CL CPU @ 2.50GHz,Intel
r5d.2xlarge,us-east-1,use1-az2,3,30.0,40.0,1.0,0.576,0.3157,45,r5d,Memory,r,8.0,64.0,23103.9288,Intel(R) Xeon(R) Platinum 8259CL CPU @ 2.50GHz,Intel(R) Xeon(R) Platinum 8259CL CPU @ 2.50GHz,Intel
r5d.2xlarge,us-east-1,use1-az4,3,15.0,20.0,1.0,0.576,0.3984,30,r5d,Memory,r,8.0,64.0,23103.9288,Intel(R) Xeon(R) Platinum 8259CL CPU @ 2.50GHz,Intel(R) Xeon(R) Platinum 8259CL CPU @ 2.50GHz,Intel
r5d.2xlarge,us-east-1,use1-az5,3,1.0,1.0,1.0,0.576,0.3607,37,r5d,Memory,r,8.0,64.0,23103.9288,Intel(R) Xeon(R) Platinum 8259CL CPU @ 2.50GHz,Intel(R) Xeon(R) Platinum 8259CL CPU @ 2.50GHz,Intel
r5d.2xlarge,us-east-1,use1-az6,3,50.0,50.0,1.0,0.576,0.3731,35,r5d,Memory,r,8.0,64.0,23103.9288,Intel(R) Xeon(R) Platinum 8259CL CPU @ 2.50GHz,Intel(R) Xeon(R) Platinum 8259CL CPU @ 2.50GHz,Intel
r5d.4xlarge,us-east-1,use1-az1,3,5.0,10.0,1.0,1.152,0.6602,42,r5d,Memory,r,16.0,128.0,23125.8915,Intel(R) Xeon(R) Platinum 8175M CPU @ 2.50GHz,Intel(R) Xeon(R) Platinum 8175M CPU @ 2.50GHz,Intel
r5d.4xlarge,us-east-1,use1-az2,3,15.0,20.0,1.0,1.152,0.5838,49,r5d,Memory,r,16.0,128.0,23125.8915,Intel(R) Xeon(R) Platinum 8175M CPU @ 2.50GHz,Intel(R) Xeon(R) Platinum 8175M CPU @ 2.50GHz,Intel
r5d.4xlarge,us-east-1,use1-az4,3,50.0,50.0,1.0,1.152,0.601,47,r5d,Memory,r,16.0,128.0,23125.8915,Intel(R) Xeon(R) Platinum 8175M CPU @ 2.50GHz,Intel(R) Xeon(R) Platinum 8175M CPU @ 2.50GHz,Intel
r5d.4xlarge,us-east-1,use1-az5,3,1.0,1.0,1.0,1.152,0.6872,40,r5d,Memory,r,16.0,128.0,23125.8915,Intel(R) Xeon(R) Platinum 8175M CPU @ 2.50GHz,Intel(R) Xeon(R) Platinum 8175M CPU @ 2.50GHz,Intel
r5d.4xlarge,us-east-1,use1-az6,3,15.0,25.0,1.0,1.152,0.6275,45,r5d,Memory,r,16.0,128.0,23125.8915,Intel(R) Xeon(R) Platinum 8175M CPU @ 2.50GHz,Intel(R) Xeon(R) Platinum 8175M CPU @ 2.50GHz,Intel
r5d.8xlarge,us-east-1,use1-az1,3,15.0,30.0,1.0,2.304,0.9984,56,r5d,Memory,r,32.0,256.0,23911.1143,Intel(R) Xeon(R) Platinum 8175M CPU @ 2.50GHz,Intel(R) Xeon(R) Platinum 8175M CPU @ 2.50GHz,Intel
r5d.8xlarge,us-east-1,use1-az2,3,45.0,50.0,1.0,2.304,0.6493,71,r5d,Memory,r,32.0,256.0,23911.1143,Intel(R) Xeon(R) Platinum 8175M CPU @ 2.50GHz,Intel(R) Xeon(R) Platinum 8175M CPU @ 2.50GHz,Intel
r5d.8xlarge,us-east-1,use1-az4,3,50.0,50.0,1.0,2.304,0.6887,70,r5d,Memory,r,32.0,256.0,23911.1143,Intel(R) Xeon(R) Platinum 8175M CPU @ 2.50GHz,Intel(R) Xeon(R) Platinum 8175M CPU @ 2.50GHz,Intel
r5d.8xlarge,us-east-1,use1-az5,3,1.0,1.0,1.0,2.304,1.36,40,r5d,Memory,r,32.0,256.0,23911.1143,Intel(R) Xeon(R) Platinum 8175M CPU @ 2.50GHz,Intel(R) Xeon(R) Platinum 8175M CPU @ 2.50GHz,Intel
r5d.8xlarge,us-east-1,use1-az6,3,1.0,5.0,1.0,2.304,0.6704,70,r5d,Memory,r,32.0,256.0,23911.1143,Intel(R) Xeon(R) Platinum 8175M CPU @ 2.50GHz,Intel(R) Xeon(R) Platinum 8175M CPU @ 2.50GHz,Intel
r5d.large,us-east-1,use1-az1,3,50.0,50.0,3.0,0.144,0.061,57,r5d,Memory,r,2.0,16.0,23160.492,Intel(R) Xeon(R) Platinum 8259CL CPU @ 2.50GHz,Intel(R) Xeon(R) Platinum 8259CL CPU @ 2.50GHz,Intel
r5d.large,us-east-1,use1-az2,3,50.0,50.0,3.0,0.144,0.0485,66,r5d,Memory,r,2.0,16.0,23160.492,Intel(R) Xeon(R) Platinum 8259CL CPU @ 2.50GHz,Intel(R) Xeon(R) Platinum 8259CL CPU @ 2.50GHz,Intel
r5d.large,us-east-1,use1-az4,3,50.0,50.0,3.0,0.144,0.0487,66,r5d,Memory,r,2.0,16.0,23160.492,Intel(R) Xeon(R) Platinum 8259CL CPU @ 2.50GHz,Intel(R) Xeon(R) Platinum 8259CL CPU @ 2.50GHz,Intel
r5d.large,us-east-1,use1-az5,3,25.0,40.0,3.0,0.144,0.0574,60,r5d,Memory,r,2.0,16.0,23160.492,Intel(R) Xeon(R) Platinum 8259CL CPU @ 2.50GHz,Intel(R) Xeon(R) Platinum 8259CL CPU @ 2.50GHz,Intel
r5d.large,us-east-1,use1-az6,3,50.0,50.0,3.0,0.144,0.048,66,r5d,Memory,r,2.0,16.0,23160.492,Intel(R) Xeon(R) Platinum 8259CL CPU @ 2.50GHz,Intel(R) Xeon(R) Platinum 8259CL CPU @ 2.50GHz,Intel
r5d.xlarge,us-east-1,use1-az1,3,5.0,5.0,2.0,0.288,0.1735,39,r5d,Memory,r,4.0,32.0,23151.0518,Intel(R) Xeon(R) Platinum 8175M CPU @ 2.50GHz,Intel(R) Xeon(R) Platinum 8175M CPU @ 2.50GHz,Intel
r5d.xlarge,us-east-1,use1-az2,3,25.0,40.0,2.0,0.288,0.1521,47,r5d,Memory,r,4.0,32.0,23151.0518,Intel(R) Xeon(R) Platinum 8175M CPU @ 2.50GHz,Intel(R) Xeon(R) Platinum 8175M CPU @ 2.50GHz,Intel
r5d.xlarge,us-east-1,use1-az4,3,20.0,20.0,2.0,0.288,0.1527,46,r5d,Memory,r,4.0,32.0,23151.0518,Intel(R) Xeon(R) Platinum 8175M CPU @ 2.50GHz,Intel(R) Xeon(R) Platinum 8175M CPU @ 2.50GHz,Intel
r5d.xlarge,us-east-1,use1-az5,3,1.0,5.0,2.0,0.288,0.1548,46,r5d,Memory,r,4.0,32.0,23151.0518,Intel(R) Xeon(R) Platinum 8175M CPU @ 2.50GHz,Intel(R) Xeon(R) Platinum 8175M CPU @ 2.50GHz,Intel
r5d.xlarge,us-east-1,use1-az6,3,15.0,20.0,2.0,0.288,0.172,40,r5d,Memory,r,4.0,32.0,23151.0518,Intel(R) Xeon(R) Platinum 8175M CPU @ 2.50GHz,Intel(R) Xeon(R) Platinum 8175M CPU @ 2.50GHz,Intel
r5dn.12xlarge,us-east-1,use1-az1,2,0.0,1.0,1.0,4.008,1.4261,64,r5dn,Memory,r,48.0,384.0,25063.1634,Intel(R) Xeon(R) Platinum 8259CL CPU @ 2.50GHz,Intel(R) Xeon(R) Platinum 8259CL CPU @ 2.50GHz,Intel
r5dn.12xlarge,us-east-1,use1-az2,3,1.0,5.0,1.0,4.008,1.1276,71,r5dn,Memory,r,48.0,384.0,25063.1634,Intel(R) Xeon(R) Platinum 8259CL CPU @ 2.50GHz,Intel(R) Xeon(R) Platinum 8259CL CPU @ 2.50GHz,Intel
r5dn.12xlarge,us-east-1,use1-az4,1,0.0,0.0,1.0,4.008,1.4606,63,r5dn,Memory,r,48.0,384.0,25063.1634,Intel(R) Xeon(R) Platinum 8259CL CPU @ 2.50GHz,Intel(R) Xeon(R) Platinum 8259CL CPU @ 2.50GHz,Intel
r5dn.12xlarge,us-east-1,use1-az5,2,0.0,1.0,1.0,4.008,1.568,60,r5dn,Memory,r,48.0,384.0,25063.1634,Intel(R) Xeon(R) Platinum 8259CL CPU @ 2.50GHz,Intel(R) Xeon(R) Platinum 8259CL CPU @ 2.50GHz,Intel
r5dn.12xlarge,us-east-1,use1-az6,1,0.0,0.0,1.0,4.008,1.4468,63,r5dn,Memory,r,48.0,384.0,25063.1634,Intel(R) Xeon(R) Platinum 8259CL CPU @ 2.50GHz,Intel(R) Xeon(R) Platinum 8259CL CPU @ 2.50GHz,Intel
r5dn.16xlarge,us-east-1,use1-az1,3,1.0,1.0,1.0,5.344,1.8046,66,r5dn,Memory,r,64.0,512.0,23927.9205,Intel(R) Xeon(R) Platinum 8259CL CPU @ 2.50GHz,Intel(R) Xeon(R) Platinum 8259CL CPU @ 2.50GHz,Intel
r5dn.16xlarge,us-east-1,use1-az2,3,1.0,5.0,1.0,5.344,1.6332,69,r5dn,Memory,r,64.0,512.0,23927.9205,Intel(R) Xeon(R) Platinum 8259CL CPU @ 2.50GHz,Intel(R) Xeon(R) Platinum 8259CL CPU @ 2.50GHz,Intel
r5dn.16xlarge,us-east-1,use1-az4,3,1.0,5.0,1.0,5.344,1.6925,68,r5dn,Memory,r,64.0,512.0,23927.9205,Intel(R) Xeon(R) Platinum 8259CL CPU @ 2.50GHz,Intel(R) Xeon(R) Platinum 8259CL CPU @ 2.50GHz,Intel
r5dn.16xlarge,us-east-1,use1-az5,3,1.0,1.0,1.0,5.344,1.443,72,r5dn,Memory,r,64.0,512.0,23927.9205,Intel(R) Xeon(R) Platinum 8259CL CPU @ 2.50GHz,Intel(R) Xeon(R) Platinum 8259CL CPU @ 2.50GHz,Intel
r5dn.16xlarge,us-east-1,use1-az6,3,1.0,1.0,1.0,5.344,1.6404,69,r5dn,Memory,r,64.0,512.0,23927.9205,Intel(R) Xeon(R) Platinum 8259CL CPU @ 2.50GHz,Intel(R) Xeon(R) Platinum 8259CL CPU @ 2.50GHz,Intel
r5dn.24xlarge,us-east-1,use1-az1,1,0.0,0.0,1.0,8.016,2.6746,66,r5dn,Memory,r,96.0,768.0,25037.1989,Intel(R) Xeon(R) Platinum 8259CL CPU @ 2.50GHz,Intel(R) Xeon(R) Platinum 8259CL CPU @ 2.50GHz,Intel
r5dn.24xlarge,us-east-1,use1-az2,3,1.0,1.0,1.0,8.016,2.7424,65,r5dn,Memory,r,96.0,768.0,25037.1989,Intel(R) Xeon(R) Platinum 8259CL CPU @ 2.50GHz,Intel(R) Xeon(R) Platinum 8259CL CPU @ 2.50GHz,Intel
r5dn.24xlarge,us-east-1,use1-az4,3,1.0,1.0,1.0,8.016,2.3923,70,r5dn,Memory,r,96.0,768.0,25037.1989,Intel(R) Xeon(R) Platinum 8259CL CPU @ 2.50GHz,Intel(R) Xeon(R) Platinum 8259CL CPU @ 2.50GHz,Intel
r5dn.24xlarge,us-east-1,use1-az5,1,0.0,0.0,1.0,8.016,2.3821,70,r5dn,Memory,r,96.0,768.0,25037.1989,Intel(R) Xeon(R) Platinum 8259CL CPU @ 2.50GHz,Intel(R) Xeon(R) Platinum 8259CL CPU @ 2.50GHz,Intel
r5dn.24xlarge,us-east-1,use1-az6,1,0.0,0.0,1.0,8.016,2.2936,71,r5dn,Memory,r,96.0,768.0,25037.1989,Intel(R) Xeon(R) Platinum 8259CL CPU @ 2.50GHz,Intel(R) Xeon(R) Platinum 8259CL CPU @ 2.50GHz,Intel
r5dn.2xlarge,us-east-1,use1-az1,3,1.0,1.0,1.0,0.668,0.3682,44,r5dn,Memory,r,8.0,64.0,23184.7619,Intel(R) Xeon(R) Platinum 8259CL CPU @ 2.50GHz,Intel(R) Xeon(R) Platinum 8259CL CPU @ 2.50GHz,Intel
r5dn.2xlarge,us-east-1,use1-az2,3,5.0,5.0,1.0,0.668,0.3378,49,r5dn,Memory,r,8.0,64.0,23184.7619,Intel(R) Xeon(R) Platinum 8259CL CPU @ 2.50GHz,Intel(R) Xeon(R) Platinum 8259CL CPU @ 2.50GHz,Intel
r5dn.2xlarge,us-east-1,use1-az4,3,5.0,5.0,1.0,0.668,0.4079,38,r5dn,Memory,r,8.0,64.0,23184.7619,Intel(R) Xeon(R) Platinum 8259CL CPU @ 2.50GHz,Intel(R) Xeon(R) Platinum 8259CL CPU @ 2.50GHz,Intel
r5dn.2xlarge,us-east-1,use1-az5,3,1.0,5.0,1.0,0.668,0.4592,31,r5dn,Memory,r,8.0,64.0,23184.7619,Intel(R) Xeon(R) Platinum 8259CL CPU @ 2.50GHz,Intel(R) Xeon(R) Platinum 8259CL CPU @ 2.50GHz,Intel
r5dn.2xlarge,us-east-1,use1-az6,3,1.0,1.0,1.0,0.668,0.3551,46,r5dn,Memory,r,8.0,64.0,23184.7619,Intel(R) Xeon(R) Platinum 8259CL CPU @ 2.50GHz,Intel(R) Xeon(R) Platinum 8259CL CPU @ 2.50GHz,Intel
r5dn.4xlarge,us-east-1,use1-az1,3,5.0,5.0,1.0,1.336,0.6498,51,r5dn,Memory,r,16.0,128.0,23159.7518,Intel(R) Xeon(R) Platinum 8259CL CPU @ 2.50GHz,Intel(R) Xeon(R) Platinum 8259CL CPU @ 2.50GHz,Intel
r5dn.4xlarge,us-east-1,use1-az2,3,5.0,15.0,1.0,1.336,0.5477,59,r5dn,Memory,r,16.0,128.0,23159.7518,Intel(R) Xeon(R) Platinum 8259CL CPU @ 2.50GHz,Intel(R) Xeon(R) Platinum 8259CL CPU @ 2.50GHz,Intel
r5dn.4xlarge,us-east-1,use1-az4,3,1.0,5.0,1.0,1.336,0.5811,56,r5dn,Memory,r,16.0,128.0,23159.7518,Intel(R) Xeon(R) Platinum 8259CL CPU @ 2.50GHz,Intel(R) Xeon(R) Platinum 8259CL CPU @ 2.50GHz,Intel
r5dn.4xlarge,us-east-1,use1-az5,1,0.0,0.0,1.0,1.336,0.6429,51,r5dn,Memory,r,16.0,128.0,23159.7518,Intel(R) Xeon(R) Platinum 8259CL CPU @ 2.50GHz,Intel(R) Xeon(R) Platinum 8259CL CPU @ 2.50GHz,Intel
r5dn.4xlarge,us-east-1,use1-az6,3,1.0,5.0,1.0,1.336,0.5749,56,r5dn,Memory,r,16.0,128.0,23159.7518,Intel(R) Xeon(R) Platinum 8259CL CPU @ 2.50GHz,Intel(R) Xeon(R) Platinum 8259CL CPU @ 2.50GHz,Intel
r5dn.8xlarge,us-east-1,use1-az1,3,5.0,10.0,1.0,2.672,0.9361,64,r5dn,Memory,r,32.0,256.0,23931.4672,Intel(R) Xeon(R) Platinum 8259CL CPU @ 2.50GHz,Intel(R) Xeon(R) Platinum 8259CL CPU @ 2.50GHz,Intel
r5dn.8xlarge,us-east-1,use1-az2,3,20.0,25.0,1.0,2.672,0.8888,66,r5dn,Memory,r,32.0,256.0,23931.4672,Intel(R) Xeon(R) Platinum 8259CL CPU @ 2.50GHz,Intel(R) Xeon(R) Platinum 8259CL CPU @ 2.50GHz,Intel
r5dn.8xlarge,us-east-1,use1-az4,3,5.0,10.0,1.0,2.672,1.0066,62,r5dn,Memory,r,32.0,256.0,23931.4672,Intel(R) Xeon(R) Platinum 8259CL CPU @ 2.50GHz,Intel(R) Xeon(R) Platinum 8259CL CPU @ 2.50GHz,Intel
r5dn.8xlarge,us-east-1,use1-az5,1,0.0,0.0,1.0,2.672,1.7467,34,r5dn,Memory,r,32.0,256.0,23931.4672,Intel(R) Xeon(R) Platinum 8259CL CPU @ 2.50GHz,Intel(R) Xeon(R) Platinum 8259CL CPU @ 2.50GHz,Intel
r5dn.8xlarge,us-east-1,use1-az6,3,5.0,5.0,1.0,2.672,0.9079,66,r5dn,Memory,r,32.0,256.0,23931.4672,Intel(R) Xeon(R) Platinum 8259CL CPU @ 2.50GHz,Intel(R) Xeon(R) Platinum 8259CL CPU @ 2.50GHz,Intel
r5dn.large,us-east-1,use1-az1,3,30.0,50.0,2.5,0.167,0.0856,48,r5dn,Memory,r,2.0,16.0,23142.5097,Intel(R) Xeon(R) Platinum 8259CL CPU @ 2.50GHz,Intel(R) Xeon(R) Platinum 8259CL CPU @ 2.50GHz,Intel
r5dn.large,us-east-1,use1-az2,3,50.0,50.0,2.5,0.167,0.0782,53,r5dn,Memory,r,2.0,16.0,23142.5097,Intel(R) Xeon(R) Platinum 8259CL CPU @ 2.50GHz,Intel(R) Xeon(R) Platinum 8259CL CPU @ 2.50GHz,Intel
r5dn.large,us-east-1,use1-az4,3,10.0,25.0,2.5,0.167,0.0924,44,r5dn,Memory,r,2.0,16.0,23142.5097,Intel(R) Xeon(R) Platinum 8259CL CPU @ 2.50GHz,Intel(R) Xeon(R) Platinum 8259CL CPU @ 2.50GHz,Intel
r5dn.large,us-east-1,use1-az5,3,50.0,50.0,2.5,0.167,0.0459,72,r5dn,Memory,r,2.0,16.0,23142.5097,Intel(R) Xeon(R) Platinum 8259CL CPU @ 2.50GHz,Intel(R) Xeon(R) Platinum 8259CL CPU @ 2.50GHz,Intel
r5dn.large,us-east-1,use1-az6,3,50.0,50.0,2.5,0.167,0.0829,50,r5dn,Memory,r,2.0,16.0,23142.5097,Intel(R) Xeon(R) Platinum 8259CL CPU @ 2.50GHz,Intel(R) Xeon(R) Platinum 8259CL CPU @ 2.50GHz,Intel
r5dn.xlarge,us-east-1,use1-az1,3,5.0,10.0,2.5,0.334,0.1961,41,r5dn,Memory,r,4.0,32.0,23922.3073,Intel(R) Xeon(R) Platinum 8259CL CPU @ 2.50GHz,Intel(R) Xeon(R) Platinum 8259CL CPU @ 2.50GHz,Intel
r5dn.xlarge,us-east-1,use1-az2,3,10.0,15.0,2.5,0.334,0.1653,50,r5dn,Memory,r,4.0,32.0,23922.3073,Intel(R) Xeon(R) Platinum 8259CL CPU @ 2.50GHz,Intel(R) Xeon(R) Platinum 8259CL CPU @ 2.50GHz,Intel
r5dn.xlarge,us-east-1,use1-az4,3,10.0,25.0,2.5,0.334,0.1457,56,r5dn,Memory,r,4.0,32.0,23922.3073,Intel(R) Xeon(R) Platinum 8259CL CPU @ 2.50GHz,Intel(R) Xeon(R) Platinum 8259CL CPU @ 2.50GHz,Intel
r5dn.xlarge,us-east-1,use1-az5,3,15.0,35.0,2.5,0.334,0.1484,55,r5dn,Memory,r,4.0,32.0,23922.3073,Intel(R) Xeon(R) Platinum 8259CL CPU @ 2.50GHz,Intel(R) Xeon(R) Platinum 8259CL CPU @ 2.50GHz,Intel
r5dn.xlarge,us-east-1,use1-az6,3,5.0,10.0,2.5,0.334,0.1607,51,r5dn,Memory,r,4.0,32.0,23922.3073,Intel(R) Xeon(R) Platinum 8259CL CPU @ 2.50GHz,Intel(R) Xeon(R) Platinum 8259CL CPU @ 2.50GHz,Intel
r5n.12xlarge,us-east-1,use1-az1,1,0.0,0.0,1.0,3.576,1.551,56,r5n,Memory,r,48.0,384.0,25022.027633,Intel(R) Xeon(R) Platinum 8259CL CPU @ 2.50GHz,Intel(R) Xeon(R) Platinum 8259CL CPU @ 2.50GHz,Intel
r5n.12xlarge,us-east-1,use1-az2,3,5.0,5.0,1.0,3.576,1.0924,69,r5n,Memory,r,48.0,384.0,25022.027633,Intel(R) Xeon(R) Platinum 8259CL CPU @ 2.50GHz,Intel(R) Xeon(R) Platinum 8259CL CPU @ 2.50GHz,Intel
r5n.12xlarge,us-east-1,use1-az4,2,0.0,1.0,1.0,3.576,1.5744,55,r5n,Memory,r,48.0,384.0,25022.027633,Intel(R) Xeon(R) Platinum 8259CL CPU @ 2.50GHz,Intel(R) Xeon(R) Platinum 8259CL CPU @ 2.50GHz,Intel
r5n.12xlarge,us-east-1,use1-az5,1,0.0,0.0,1.0,3.576,0.932,73,r5n,Memory,r,48.0,384.0,25022.027633,Intel(R) Xeon(R) Platinum 8259CL CPU @ 2.50GHz,Intel(R) Xeon(R) Platinum 8259CL CPU @ 2.50GHz,Intel
r5n.12xlarge,us-east-1,use1-az6,3,1.0,1.0,1.0,3.576,1.2306,65,r5n,Memory,r,48.0,384.0,25022.027633,Intel(R) Xeon(R) Platinum 8259CL CPU @ 2.50GHz,Intel(R) Xeon(R) Platinum 8259CL CPU @ 2.50GHz,Intel
r5n.16xlarge,us-east-1,use1-az1,3,5.0,10.0,1.0,4.768,1.2939,72,r5n,Memory,r,64.0,512.0,23177.227494,Intel(R) Xeon(R) Platinum 8259CL CPU @ 2.50GHz,Intel(R) Xeon(R) Platinum 8259CL CPU @ 2.50GHz,Intel
r5n.16xlarge,us-east-1,use1-az2,3,10.0,15.0,1.0,4.768,1.3133,72,r5n,Memory,r,64.0,512.0,23177.227494,Intel(R) Xeon(R) Platinum 8259CL CPU @ 2.50GHz,Intel(R) Xeon(R) Platinum 8259CL CPU @ 2.50GHz,Intel
r5n.16xlarge,us-east-1,use1-az4,3,5.0,5.0,1.0,4.768,1.2619,73,r5n,Memory,r,64.0,512.0,23177.227494,Intel(R) Xeon(R) Platinum 8259CL CPU @ 2.50GHz,Intel(R) Xeon(R) Platinum 8259CL CPU @ 2.50GHz,Intel
r5n.16xlarge,us-east-1,use1-az5,1,0.0,0.0,1.0,4.768,1.2313,74,r5n,Memory,r,64.0,512.0,23177.227494,Intel(R) Xeon(R) Platinum 8259CL CPU @ 2.50GHz,Intel(R) Xeon(R) Platinum 8259CL CPU @ 2.50GHz,Intel
r5n.16xlarge,us-east-1,use1-az6,3,1.0,5.0,1.0,4.768,1.2262,74,r5n,Memory,r,64.0,512.0,23177.227494,Intel(R) Xeon(R) Platinum 8259CL CPU @ 2.50GHz,Intel(R) Xeon(R) Platinum 8259CL CPU @ 2.50GHz,Intel
r5n.24xlarge,us-east-1,use1-az1,1,0.0,0.0,1.0,7.152,2.2262,68,r5n,Memory,r,96.0,768.0,25023.693193000003,Intel(R) Xeon(R) Platinum 8259CL CPU @ 2.50GHz,Intel(R) Xeon(R) Platinum 8259CL CPU @ 2.50GHz,Intel
r5n.24xlarge,us-east-1,use1-az2,1,0.0,0.0,1.0,7.152,1.9104,73,r5n,Memory,r,96.0,768.0,25023.693193000003,Intel(R) Xeon(R) Platinum 8259CL CPU @ 2.50GHz,Intel(R) Xeon(R) Platinum 8259CL CPU @ 2.50GHz,Intel
r5n.24xlarge,us-east-1,use1-az4,3,5.0,5.0,1.0,7.152,1.9786,72,r5n,Memory,r,96.0,768.0,25023.693193000003,Intel(R) Xeon(R) Platinum 8259CL CPU @ 2.50GHz,Intel(R) Xeon(R) Platinum 8259CL CPU @ 2.50GHz,Intel
r5n.24xlarge,us-east-1,use1-az5,2,0.0,1.0,1.0,7.152,2.5496,64,r5n,Memory,r,96.0,768.0,25023.693193000003,Intel(R) Xeon(R) Platinum 8259CL CPU @ 2.50GHz,Intel(R) Xeon(R) Platinum 8259CL CPU @ 2.50GHz,Intel
r5n.24xlarge,us-east-1,use1-az6,1,0.0,0.0,1.0,7.152,2.1713,69,r5n,Memory,r,96.0,768.0,25023.693193000003,Intel(R) Xeon(R) Platinum 8259CL CPU @ 2.50GHz,Intel(R) Xeon(R) Platinum 8259CL CPU @ 2.50GHz,Intel
r5n.2xlarge,us-east-1,use1-az1,3,40.0,50.0,3.0,0.596,0.3126,47,r5n,Memory,r,8.0,64.0,23924.942443400003,Intel(R) Xeon(R) Platinum 8259CL CPU @ 2.50GHz,Intel(R) Xeon(R) Platinum 8259CL CPU @ 2.50GHz,Intel
r5n.2xlarge,us-east-1,use1-az2,3,50.0,50.0,3.0,0.596,0.3047,48,r5n,Memory,r,8.0,64.0,23924.942443400003,Intel(R) Xeon(R) Platinum 8259CL CPU @ 2.50GHz,Intel(R) Xeon(R) Platinum 8259CL CPU @ 2.50GHz,Intel
r5n.2xlarge,us-east-1,use1-az4,3,50.0,50.0,3.0,0.596,0.3218,46,r5n,Memory,r,8.0,64.0,23924.942443400003,Intel(R) Xeon(R) Platinum 8259CL CPU @ 2.50GHz,Intel(R) Xeon(R) Platinum 8259CL CPU @ 2.50GHz,Intel
r5n.2xlarge,us-east-1,use1-az5,3,5.0,15.0,3.0,0.596,0.3543,40,r5n,Memory,r,8.0,64.0,23924.942443400003,Intel(R) Xeon(R) Platinum 8259CL CPU @ 2.50GHz,Intel(R) Xeon(R) Platinum 8259CL CPU @ 2.50GHz,Intel
r5n.2xlarge,us-east-1,use1-az6,3,50.0,50.0,3.0,0.596,0.3761,36,r5n,Memory,r,8.0,64.0,23924.942443400003,Intel(R) Xeon(R) Platinum 8259CL CPU @ 2.50GHz,Intel(R) Xeon(R) Platinum 8259CL CPU @ 2.50GHz,Intel
r5n.4xlarge,us-east-1,use1-az1,3,20.0,25.0,1.0,1.192,0.5024,57,r5n,Memory,r,16.0,128.0,23479.3262332,Intel(R) Xeon(R) Platinum 8259CL CPU @ 2.50GHz,Intel(R) Xeon(R) Platinum 8259CL CPU @ 2.50GHz,Intel
r5n.4xlarge,us-east-1,use1-az2,3,10.0,20.0,1.0,1.192,0.6432,46,r5n,Memory,r,16.0,128.0,23479.3262332,Intel(R) Xeon(R) Platinum 8259CL CPU @ 2.50GHz,Intel(R) Xeon(R) Platinum 8259CL CPU @ 2.50GHz,Intel
r5n.4xlarge,us-east-1,use1-az4,3,15.0,20.0,1.0,1.192,0.7178,39,r5n,Memory,r,16.0,128.0,23479.3262332,Intel(R) Xeon(R) Platinum 8259CL CPU @ 2.50GHz,Intel(R) Xeon(R) Platinum 8259CL CPU @ 2.50GHz,Intel
r5n.4xlarge,us-east-1,use1-az5,3,10.0,15.0,1.0,1.192,0.5253,55,r5n,Memory,r,16.0,128.0,23479.3262332,Intel(R) Xeon(R) Platinum 8259CL CPU @ 2.50GHz,Intel(R) Xeon(R) Platinum 8259CL CPU @ 2.50GHz,Intel
r5n.4xlarge,us-east-1,use1-az6,3,10.0,20.0,1.0,1.192,0.6489,45,r5n,Memory,r,16.0,128.0,23479.3262332,Intel(R) Xeon(R) Platinum 8259CL CPU @ 2.50GHz,Intel(R) Xeon(R) Platinum 8259CL CPU @ 2.50GHz,Intel
r5n.8xlarge,us-east-1,use1-az1,3,1.0,5.0,1.0,2.384,0.9781,58,r5n,Memory,r,32.0,256.0,23150.0173536,Intel(R) Xeon(R) Platinum 8259CL CPU @ 2.50GHz,Intel(R) Xeon(R) Platinum 8259CL CPU @ 2.50GHz,Intel
r5n.8xlarge,us-east-1,use1-az2,3,25.0,50.0,1.0,2.384,0.8906,62,r5n,Memory,r,32.0,256.0,23150.0173536,Intel(R) Xeon(R) Platinum 8259CL CPU @ 2.50GHz,Intel(R) Xeon(R) Platinum 8259CL CPU @ 2.50GHz,Intel
r5n.8xlarge,us-east-1,use1-az4,3,35.0,40.0,1.0,2.384,0.5582,76,r5n,Memory,r,32.0,256.0,23150.0173536,Intel(R) Xeon(R) Platinum 8259CL CPU @ 2.50GHz,Intel(R) Xeon(R) Platinum 8259CL CPU @ 2.50GHz,Intel
r5n.8xlarge,us-east-1,use1-az5,1,0.0,0.0,1.0,2.384,0.7094,70,r5n,Memory,r,32.0,256.0,23150.0173536,Intel(R) Xeon(R) Platinum 8259CL CPU @ 2.50GHz,Intel(R) Xeon(R) Platinum 8259CL CPU @ 2.50GHz,Intel
r5n.8xlarge,us-east-1,use1-az6,3,10.0,15.0,1.0,2.384,0.493,79,r5n,Memory,r,32.0,256.0,23150.0173536,Intel(R) Xeon(R) Platinum 8259CL CPU @ 2.50GHz,Intel(R) Xeon(R) Platinum 8259CL CPU @ 2.50GHz,Intel
r5n.large,us-east-1,use1-az1,3,50.0,50.0,3.0,0.149,0.0581,61,r5n,Memory,r,2.0,16.0,23913.272210199997,Intel(R) Xeon(R) Platinum 8259CL CPU @ 2.50GHz,Intel(R) Xeon(R) Platinum 8259CL CPU @ 2.50GHz,Intel
r5n.large,us-east-1,use1-az2,3,50.0,50.0,3.0,0.149,0.0613,58,r5n,Memory,r,2.0,16.0,23913.272210199997,Intel(R) Xeon(R) Platinum 8259CL CPU @ 2.50GHz,Intel(R) Xeon(R) Platinum 8259CL CPU @ 2.50GHz,Intel
r5n.large,us-east-1,use1-az4,3,50.0,50.0,3.0,0.149,0.0593,60,r5n,Memory,r,2.0,16.0,23913.272210199997,Intel(R) Xeon(R) Platinum 8259CL CPU @ 2.50GHz,Intel(R) Xeon(R) Platinum 8259CL CPU @ 2.50GHz,Intel
r5n.large,us-east-1,use1-az5,3,10.0,15.0,3.0,0.149,0.0519,65,r5n,Memory,r,2.0,16.0,23913.272210199997,Intel(R) Xeon(R) Platinum 8259CL CPU @ 2.50GHz,Intel(R) Xeon(R) Platinum 8259CL CPU @ 2.50GHz,Intel
r5n.large,us-east-1,use1-az6,3,50.0,50.0,3.0,0.149,0.0557,62,r5n,Memory,r,2.0,16.0,23913.272210199997,Intel(R) Xeon(R) Platinum 8259CL CPU @ 2.50GHz,Intel(R) Xeon(R) Platinum 8259CL CPU @ 2.50GHz,Intel
r5n.xlarge,us-east-1,use1-az1,3,20.0,30.0,3.0,0.298,0.1465,50,r5n,Memory,r,4.0,32.0,23885.442948,Intel(R) Xeon(R) Platinum 8259CL CPU @ 2.50GHz,Intel(R) Xeon(R) Platinum 8259CL CPU @ 2.50GHz,Intel
r5n.xlarge,us-east-1,use1-az2,3,40.0,50.0,3.0,0.298,0.1426,52,r5n,Memory,r,4.0,32.0,23885.442948,Intel(R) Xeon(R) Platinum 8259CL CPU @ 2.50GHz,Intel(R) Xeon(R) Platinum 8259CL CPU @ 2.50GHz,Intel
r5n.xlarge,us-east-1,use1-az4,3,50.0,50.0,3.0,0.298,0.1302,56,r5n,Memory,r,4.0,32.0,23885.442948,Intel(R) Xeon(R) Platinum 8259CL CPU @ 2.50GHz,Intel(R) Xeon(R) Platinum 8259CL CPU @ 2.50GHz,Intel
r5n.xlarge,us-east-1,use1-az5,3,50.0,50.0,3.0,0.298,0.1196,59,r5n,Memory,r,4.0,32.0,23885.442948,Intel(R) Xeon(R) Platinum 8259CL CPU @ 2.50GHz,Intel(R) Xeon(R) Platinum 8259CL CPU @ 2.50GHz,Intel
r5n.xlarge,us-east-1,use1-az6,3,50.0,50.0,3.0,0.298,0.1425,52,r5n,Memory,r,4.0,32.0,23885.442948,Intel(R) Xeon(R) Platinum 8259CL CPU @ 2.50GHz,Intel(R) Xeon(R) Platinum 8259CL CPU @ 2.50GHz,Intel
r6a.12xlarge,us-east-1,use1-az1,3,5.0,10.0,1.5,2.7216,0.85,68,r6a,Memory,r,48.0,384.0,34513.723203199996,AMD EPYC 7R13 Processor,AMD EPYC 7R13 Processor,AMD
r6a.12xlarge,us-east-1,use1-az2,3,50.0,50.0,1.5,2.7216,1.1778,56,r6a,Memory,r,48.0,384.0,34513.723203199996,AMD EPYC 7R13 Processor,AMD EPYC 7R13 Processor,AMD
r6a.12xlarge,us-east-1,use1-az4,3,50.0,50.0,1.5,2.7216,1.3116,51,r6a,Memory,r,48.0,384.0,34513.723203199996,AMD EPYC 7R13 Processor,AMD EPYC 7R13 Processor,AMD
r6a.12xlarge,us-east-1,use1-az5,1,0.0,0.0,1.5,2.7216,0.8967,67,r6a,Memory,r,48.0,384.0,34513.723203199996,AMD EPYC 7R13 Processor,AMD EPYC 7R13 Processor,AMD
r6a.12xlarge,us-east-1,use1-az6,3,40.0,50.0,1.5,2.7216,1.2755,53,r6a,Memory,r,48.0,384.0,34513.723203199996,AMD EPYC 7R13 Processor,AMD EPYC 7R13 Processor,AMD
r6a.16xlarge,us-east-1,use1-az1,3,50.0,50.0,1.0,3.6288,0.9059,75,r6a,Memory,r,64.0,512.0,34425.4726516,AMD EPYC 7R13 Processor,AMD EPYC 7R13 Processor,AMD
r6a.16xlarge,us-east-1,use1-az2,3,50.0,50.0,1.0,3.6288,0.9642,73,r6a,Memory,r,64.0,512.0,34425.4726516,AMD EPYC 7R13 Processor,AMD EPYC 7R13 Processor,AMD
r6a.16xlarge,us-east-1,use1-az4,3,50.0,50.0,1.0,3.6288,0.8319,77,r6a,Memory,r,64.0,512.0,34425.4726516,AMD EPYC 7R13 Processor,AMD EPYC 7R13 Processor,AMD
r6a.16xlarge,us-east-1,use1-az5,3,1.0,1.0,1.0,3.6288,0.727,79,r6a,Memory,r,64.0,512.0,34425.4726516,AMD EPYC 7R13 Processor,AMD EPYC 7R13 Processor,AMD
r6a.16xlarge,us-east-1,use1-az6,3,20.0,20.0,1.0,3.6288,0.651,82,r6a,Memory,r,64.0,512.0,34425.4726516,AMD EPYC 7R13 Processor,AMD EPYC 7R13 Processor,AMD
r6a.24xlarge,us-east-1,use1-az1,3,1.0,1.0,1.0,5.4432,1.4824,72,r6a,Memory,r,96.0,768.0,32987.9077922,AMD EPYC 7R13 Processor,AMD EPYC 7R13 Processor,AMD
r6a.24xlarge,us-east-1,use1-az2,3,20.0,25.0,1.0,5.4432,1.5495,71,r6a,Memory,r,96.0,768.0,32987.9077922,AMD EPYC 7R13 Processor,AMD EPYC 7R13 Processor,AMD
r6a.24xlarge,us-east-1,use1-az4,3,10.0,20.0,1.0,5.4432,1.435,73,r6a,Memory,r,96.0,768.0,32987.9077922,AMD EPYC 7R13 Processor,AMD EPYC 7R13 Processor,AMD
r6a.24xlarge,us-east-1,use1-az5,3,1.0,1.0,1.0,5.4432,1.4634,73,r6a,Memory,r,96.0,768.0,32987.9077922,AMD EPYC 7R13 Processor,AMD EPYC 7R13 Processor,AMD
r6a.24xlarge,us-east-1,use1-az6,3,1.0,5.0,1.0,5.4432,1.4276,73,r6a,Memory,r,96.0,768.0,32987.9077922,AMD EPYC 7R13 Processor,AMD EPYC 7R13 Processor,AMD
r6a.2xlarge,us-east-1,use1-az1,3,50.0,50.0,1.0,0.4536,0.2094,53,r6a,Memory,r,8.0,64.0,33369.403579,AMD EPYC 7R13 Processor,AMD EPYC 7R13 Processor,AMD
r6a.2xlarge,us-east-1,use1-az2,3,50.0,50.0,1.0,0.4536,0.1744,61,r6a,Memory,r,8.0,64.0,33369.403579,AMD EPYC 7R13 Processor,AMD EPYC 7R13 Processor,AMD
r6a.2xlarge,us-east-1,use1-az4,3,50.0,50.0,1.0,0.4536,0.1798,60,r6a,Memory,r,8.0,64.0,33369.403579,AMD EPYC 7R13 Processor,AMD EPYC 7R13 Processor,AMD
r6a.2xlarge,us-east-1,use1-az5,3,50.0,50.0,1.0,0.4536,0.1604,64,r6a,Memory,r,8.0,64.0,33369.403579,AMD EPYC 7R13 Processor,AMD EPYC 7R13 Processor,AMD
r6a.2xlarge,us-east-1,use1-az6,3,50.0,50.0,1.0,0.4536,0.1524,66,r6a,Memory,r,8.0,64.0,33369.403579,AMD EPYC 7R13 Processor,AMD EPYC 7R13 Processor,AMD
r6a.32xlarge,us-east-1,use1-az1,3,5.0,10.0,1.0,7.2576,1.2954,82,r6a,Memory,r,128.0,1024.0,34452.409133199995,AMD EPYC 7R13 Processor,AMD EPYC 7R13 Processor,AMD
r6a.32xlarge,us-east-1,use1-az2,3,20.0,30.0,1.0,7.2576,1.8634,74,r6a,Memory,r,128.0,1024.0,34452.409133199995,AMD EPYC 7R13 Processor,AMD EPYC 7R13 Processor,AMD
r6a.32xlarge,us-east-1,use1-az4,3,35.0,50.0,1.0,7.2576,1.8608,74,r6a,Memory,r,128.0,1024.0,34452.409133199995,AMD EPYC 7R13 Processor,AMD EPYC 7R13 Processor,AMD
r6a.32xlarge,us-east-1,use1-az5,3,1.0,1.0,1.0,7.2576,1.7605,75,r6a,Memory,r,128.0,1024.0,34452.409133199995,AMD EPYC 7R13 Processor,AMD EPYC 7R13 Processor,AMD
r6a.32xlarge,us-east-1,use1-az6,3,5.0,5.0,1.0,7.2576,1.764,75,r6a,Memory,r,128.0,1024.0,34452.409133199995,AMD EPYC 7R13 Processor,AMD EPYC 7R13 Processor,AMD
r6a.48xlarge,us-east-1,use1-az1,3,5.0,5.0,1.0,10.8864,2.1461,80,r6a,Memory,r,192.0,1536.0,33346.92279299999,AMD EPYC 7R13 Processor,AMD EPYC 7R13 Processor,AMD
r6a.48xlarge,us-east-1,use1-az2,3,20.0,20.0,1.0,10.8864,3.0163,72,r6a,Memory,r,192.0,1536.0,33346.92279299999,AMD EPYC 7R13 Processor,AMD EPYC 7R13 Processor,AMD
r6a.48xlarge,us-east-1,use1-az4,3,50.0,50.0,1.0,10.8864,2.0393,81,r6a,Memory,r,192.0,1536.0,33346.92279299999,AMD EPYC 7R13 Processor,AMD EPYC 7R13 Processor,AMD
r6a.48xlarge,us-east-1,use1-az5,1,0.0,0.0,1.0,10.8864,2.735,74,r6a,Memory,r,192.0,1536.0,33346.92279299999,AMD EPYC 7R13 Processor,AMD EPYC 7R13 Processor,AMD
r6a.48xlarge,us-east-1,use1-az6,3,5.0,10.0,1.0,10.8864,2.6192,75,r6a,Memory,r,192.0,1536.0,33346.92279299999,AMD EPYC 7R13 Processor,AMD EPYC 7R13 Processor,AMD
r6a.4xlarge,us-east-1,use1-az1,3,50.0,50.0,1.0,0.9072,0.4675,48,r6a,Memory,r,16.0,128.0,32801.894509599995,AMD EPYC 7R13 Processor,AMD EPYC 7R13 Processor,AMD
r6a.4xlarge,us-east-1,use1-az2,3,50.0,50.0,1.0,0.9072,0.4273,52,r6a,Memory,r,16.0,128.0,32801.894509599995,AMD EPYC 7R13 Processor,AMD EPYC 7R13 Processor,AMD
r6a.4xlarge,us-east-1,use1-az4,3,50.0,50.0,1.0,0.9072,0.3974,56,r6a,Memory,r,16.0,128.0,32801.894509599995,AMD EPYC 7R13 Processor,AMD EPYC 7R13 Processor,AMD
r6a.4xlarge,us-east-1,use1-az5,3,50.0,50.0,1.0,0.9072,0.2618,71,r6a,Memory,r,16.0,128.0,32801.894509599995,AMD EPYC 7R13 Processor,AMD EPYC 7R13 Processor,AMD
r6a.4xlarge,us-east-1,use1-az6,3,50.0,50.0,1.0,0.9072,0.3956,56,r6a,Memory,r,16.0,128.0,32801.894509599995,AMD EPYC 7R13 Processor,AMD EPYC 7R13 Processor,AMD
r6a.8xlarge,us-east-1,use1-az1,3,50.0,50.0,1.0,1.8144,0.5689,68,r6a,Memory,r,32.0,256.0,33314.439718,AMD EPYC 7R13 Processor,AMD EPYC 7R13 Processor,AMD
r6a.8xlarge,us-east-1,use1-az2,3,50.0,50.0,1.0,1.8144,0.5747,68,r6a,Memory,r,32.0,256.0,33314.439718,AMD EPYC 7R13 Processor,AMD EPYC 7R13 Processor,AMD
r6a.8xlarge,us-east-1,use1-az4,3,50.0,50.0,1.0,1.8144,0.4232,76,r6a,Memory,r,32.0,256.0,33314.439718,AMD EPYC 7R13 Processor,AMD EPYC 7R13 Processor,AMD
r6a.8xlarge,us-east-1,use1-az5,3,1.0,1.0,1.0,1.8144,0.4688,74,r6a,Memory,r,32.0,256.0,33314.439718,AMD EPYC 7R13 Processor,AMD EPYC 7R13 Processor,AMD
r6a.8xlarge,us-east-1,use1-az6,3,50.0,50.0,1.0,1.8144,0.5294,70,r6a,Memory,r,32.0,256.0,33314.439718,AMD EPYC 7R13 Processor,AMD EPYC 7R13 Processor,AMD
r6a.large,us-east-1,use1-az1,3,50.0,50.0,2.5,0.1134,0.0405,64,r6a,Memory,r,2.0,16.0,33359.37735720001,AMD EPYC 7R13 Processor,AMD EPYC 7R13 Processor,AMD
r6a.large,us-east-1,use1-az2,3,50.0,50.0,2.5,0.1134,0.0383,66,r6a,Memory,r,2.0,16.0,33359.37735720001,AMD EPYC 7R13 Processor,AMD EPYC 7R13 Processor,AMD
r6a.large,us-east-1,use1-az4,3,50.0,50.0,2.5,0.1134,0.0318,71,r6a,Memory,r,2.0,16.0,33359.37735720001,AMD EPYC 7R13 Processor,AMD EPYC 7R13 Processor,AMD
r6a.large,us-east-1,use1-az5,3,50.0,50.0,2.5,0.1134,0.035,69,r6a,Memory,r,2.0,16.0,33359.37735720001,AMD EPYC 7R13 Processor,AMD EPYC 7R13 Processor,AMD
r6a.large,us-east-1,use1-az6,3,50.0,50.0,2.5,0.1134,0.0468,58,r6a,Memory,r,2.0,16.0,33359.37735720001,AMD EPYC 7R13 Processor,AMD EPYC 7R13 Processor,AMD
r6a.xlarge,us-east-1,use1-az1,3,50.0,50.0,1.0,0.2268,0.0711,68,r6a,Memory,r,4.0,32.0,33331.1447322,AMD EPYC 7R13 Processor,AMD EPYC 7R13 Processor,AMD
r6a.xlarge,us-east-1,use1-az2,3,50.0,50.0,1.0,0.2268,0.1103,51,r6a,Memory,r,4.0,32.0,33331.1447322,AMD EPYC 7R13 Processor,AMD EPYC 7R13 Processor,AMD
r6a.xlarge,us-east-1,use1-az4,3,50.0,50.0,1.0,0.2268,0.0304,86,r6a,Memory,r,4.0,32.0,33331.1447322,AMD EPYC 7R13 Processor,AMD EPYC 7R13 Processor,AMD
r6a.xlarge,us-east-1,use1-az5,3,50.0,50.0,1.0,0.2268,0.0647,71,r6a,Memory,r,4.0,32.0,33331.1447322,AMD EPYC 7R13 Processor,AMD EPYC 7R13 Processor,AMD
r6a.xlarge,us-east-1,use1-az6,3,50.0,50.0,1.0,0.2268,0.0835,63,r6a,Memory,r,4.0,32.0,33331.1447322,AMD EPYC 7R13 Processor,AMD EPYC 7R13 Processor,AMD
r6g.12xlarge,us-east-1,use1-az1,3,1.0,1.0,1.0,2.4192,0.6522,73,r6g,Memory,r,48.0,384.0,19342.1370646,AWS Graviton2 Processor,Neoverse-N1,AWS
r6g.12xlarge,us-east-1,use1-az2,3,20.0,40.0,1.0,2.4192,0.6135,74,r6g,Memory,r,48.0,384.0,19342.1370646,AWS Graviton2 Processor,Neoverse-N1,AWS
r6g.12xlarge,us-east-1,use1-az4,3,50.0,50.0,1.0,2.4192,0.5482,77,r6g,Memory,r,48.0,384.0,19342.1370646,AWS Graviton2 Processor,Neoverse-N1,AWS
r6g.12xlarge,us-east-1,use1-az5,3,15.0,30.0,1.0,2.4192,0.655,72,r6g,Memory,r,48.0,384.0,19342.1370646,AWS Graviton2 Processor,Neoverse-N1,AWS
r6g.12xlarge,us-east-1,use1-az6,3,30.0,50.0,1.0,2.4192,0.4398,81,r6g,Memory,r,48.0,384.0,19342.1370646,AWS Graviton2 Processor,Neoverse-N1,AWS
r6g.16xlarge,us-east-1,use1-az1,3,50.0,50.0,3.0,3.2256,1.5068,53,r6g,Memory,r,64.0,512.0,19339.070679400003,AWS Graviton2 Processor,Neoverse-N1,AWS
r6g.16xlarge,us-east-1,use1-az2,3,50.0,50.0,3.0,3.2256,0.9574,70,r6g,Memory,r,64.0,512.0,19339.070679400003,AWS Graviton2 Processor,Neoverse-N1,AWS
r6g.16xlarge,us-east-1,use1-az4,3,50.0,50.0,3.0,3.2256,0.9259,71,r6g,Memory,r,64.0,512.0,19339.070679400003,AWS Graviton2 Processor,Neoverse-N1,AWS
r6g.16xlarge,us-east-1,use1-az5,3,50.0,50.0,3.0,3.2256,0.8756,72,r6g,Memory,r,64.0,512.0,19339.070679400003,AWS Graviton2 Processor,Neoverse-N1,AWS
r6g.16xlarge,us-east-1,use1-az6,3,50.0,50.0,3.0,3.2256,0.8809,72,r6g,Memory,r,64.0,512.0,19339.070679400003,AWS Graviton2 Processor,Neoverse-N1,AWS
r6g.2xlarge,us-east-1,use1-az1,3,10.0,15.0,1.0,0.4032,0.1861,53,r6g,Memory,r,8.0,64.0,19342.061158,AWS Graviton2 Processor,Neoverse-N1,AWS
r6g.2xlarge,us-east-1,use1-az2,3,50.0,50.0,1.0,0.4032,0.1526,62,r6g,Memory,r,8.0,64.0,19342.061158,AWS Graviton2 Processor,Neoverse-N1,AWS
r6g.2xlarge,us-east-1,use1-az4,3,50.0,50.0,1.0,0.4032,0.1593,60,r6g,Memory,r,8.0,64.0,19342.061158,AWS Graviton2 Processor,Neoverse-N1,AWS
r6g.2xlarge,us-east-1,use1-az5,3,10.0,20.0,1.0,0.4032,0.1154,71,r6g,Memory,r,8.0,64.0,19342.061158,AWS Graviton2 Processor,Neoverse-N1,AWS
r6g.2xlarge,us-east-1,use1-az6,3,50.0,50.0,1.0,0.4032,0.1466,63,r6g,Memory,r,8.0,64.0,19342.061158,AWS Graviton2 Processor,Neoverse-N1,AWS
r6g.4xlarge,us-east-1,use1-az1,3,5.0,10.0,1.0,0.8064,0.3404,57,r6g,Memory,r,16.0,128.0,19333.535245,AWS Graviton2 Processor,Neoverse-N1,AWS
r6g.4xlarge,us-east-1,use1-az2,3,50.0,50.0,1.0,0.8064,0.3164,60,r6g,Memory,r,16.0,128.0,19333.535245,AWS Graviton2 Processor,Neoverse-N1,AWS
r6g.4xlarge,us-east-1,use1-az4,3,50.0,50.0,1.0,0.8064,0.2909,63,r6g,Memory,r,16.0,128.0,19333.535245,AWS Graviton2 Processor,Neoverse-N1,AWS
r6g.4xlarge,us-east-1,use1-az5,3,50.0,50.0,1.0,0.8064,0.3223,60,r6g,Memory,r,16.0,128.0,19333.535245,AWS Graviton2 Processor,Neoverse-N1,AWS
r6g.4xlarge,us-east-1,use1-az6,3,50.0,50.0,1.0,0.8064,0.3188,60,r6g,Memory,r,16.0,128.0,19333.535245,AWS Graviton2 Processor,Neoverse-N1,AWS
r6g.8xlarge,us-east-1,use1-az1,3,15.0,25.0,1.0,1.6128,0.4494,72,r6g,Memory,r,32.0,256.0,19333.7593208,AWS Graviton2 Processor,Neoverse-N1,AWS
r6g.8xlarge,us-east-1,use1-az2,3,50.0,50.0,1.0,1.6128,0.4973,69,r6g,Memory,r,32.0,256.0,19333.7593208,AWS Graviton2 Processor,Neoverse-N1,AWS
r6g.8xlarge,us-east-1,use1-az4,3,45.0,50.0,1.0,1.6128,0.4342,73,r6g,Memory,r,32.0,256.0,19333.7593208,AWS Graviton2 Processor,Neoverse-N1,AWS
r6g.8xlarge,us-east-1,use1-az5,3,50.0,50.0,1.0,1.6128,0.2704,83,r6g,Memory,r,32.0,256.0,19333.7593208,AWS Graviton2 Processor,Neoverse-N1,AWS
r6g.8xlarge,us-east-1,use1-az6,3,50.0,50.0,1.0,1.6128,0.4864,69,r6g,Memory,r,32.0,256.0,19333.7593208,AWS Graviton2 Processor,Neoverse-N1,AWS
r6g.large,us-east-1,use1-az1,3,50.0,50.0,1.0,0.1008,0.0329,67,r6g,Memory,r,2.0,16.0,19335.8529184,AWS Graviton2 Processor,Neoverse-N1,AWS
r6g.large,us-east-1,use1-az2,3,50.0,50.0,1.0,0.1008,0.0283,71,r6g,Memory,r,2.0,16.0,19335.8529184,AWS Graviton2 Processor,Neoverse-N1,AWS
r6g.large,us-east-1,use1-az4,3,50.0,50.0,1.0,0.1008,0.0276,72,r6g,Memory,r,2.0,16.0,19335.8529184,AWS Graviton2 Processor,Neoverse-N1,AWS
r6g.large,us-east-1,use1-az5,3,15.0,25.0,1.0,0.1008,0.0316,68,r6g,Memory,r,2.0,16.0,19335.8529184,AWS Graviton2 Processor,Neoverse-N1,AWS
r6g.large,us-east-1,use1-az6,3,50.0,50.0,1.0,0.1008,0.0276,72,r6g,Memory,r,2.0,16.0,19335.8529184,AWS Graviton2 Processor,Neoverse-N1,AWS
r6g.medium,us-east-1,use1-az1,3,25.0,35.0,1.0,0.0504,0.015,70,r6g,Memory,r,1.0,8.0,19335.10555,AWS Graviton2 Processor,Neoverse-N1,AWS
r6g.medium,us-east-1,use1-az2,3,50.0,50.0,1.0,0.0504,0.0152,69,r6g,Memory,r,1.0,8.0,19335.10555,AWS Graviton2 Processor,Neoverse-N1,AWS
r6g.medium,us-east-1,use1-az4,3,50.0,50.0,1.0,0.0504,0.0152,69,r6g,Memory,r,1.0,8.0,19335.10555,AWS Graviton2 Processor,Neoverse-N1,AWS
r6g.medium,us-east-1,use1-az5,3,30.0,50.0,1.0,0.0504,0.016,68,r6g,Memory,r,1.0,8.0,19335.10555,AWS Graviton2 Processor,Neoverse-N1,AWS
r6g.medium,us-east-1,use1-az6,3,50.0,50.0,1.0,0.0504,0.0145,71,r6g,Memory,r,1.0,8.0,19335.10555,AWS Graviton2 Processor,Neoverse-N1,AWS
r6g.xlarge,us-east-1,use1-az1,3,10.0,15.0,1.0,0.2016,0.094,53,r6g,Memory,r,4.0,32.0,19340.191838600003,AWS Graviton2 Processor,Neoverse-N1,AWS
r6g.xlarge,us-east-1,use1-az2,3,50.0,50.0,1.0,0.2016,0.0723,64,r6g,Memory,r,4.0,32.0,19340.191838600003,AWS Graviton2 Processor,Neoverse-N1,AWS
r6g.xlarge,us-east-1,use1-az4,3,50.0,50.0,1.0,0.2016,0.0575,71,r6g,Memory,r,4.0,32.0,19340.191838600003,AWS Graviton2 Processor,Neoverse-N1,AWS
r6g.xlarge,us-east-1,use1-az5,3,40.0,50.0,1.0,0.2016,0.0655,67,r6g,Memory,r,4.0,32.0,19340.191838600003,AWS Graviton2 Processor,Neoverse-N1,AWS
r6g.xlarge,us-east-1,use1-az6,3,50.0,50.0,1.0,0.2016,0.066,67,r6g,Memory,r,4.0,32.0,19340.191838600003,AWS Graviton2 Processor,Neoverse-N1,AWS
r6gd.12xlarge,us-east-1,use1-az1,3,1.0,5.0,1.0,2.7648,0.7356,73,r6gd,Memory,r,48.0,384.0,19340.4905,AWS Graviton2 Processor,Neoverse-N1,AWS
r6gd.12xlarge,us-east-1,use1-az2,1,0.0,0.0,1.0,2.7648,0.8783,68,r6gd,Memory,r,48.0,384.0,19340.4905,AWS Graviton2 Processor,Neoverse-N1,AWS
r6gd.12xlarge,us-east-1,use1-az4,3,20.0,45.0,1.0,2.7648,0.7181,74,r6gd,Memory,r,48.0,384.0,19340.4905,AWS Graviton2 Processor,Neoverse-N1,AWS
r6gd.12xlarge,us-east-1,use1-az5,1,0.0,0.0,1.0,2.7648,0.7971,71,r6gd,Memory,r,48.0,384.0,19340.4905,AWS Graviton2 Processor,Neoverse-N1,AWS
r6gd.12xlarge,us-east-1,use1-az6,3,1.0,5.0,1.0,2.7648,0.5983,78,r6gd,Memory,r,48.0,384.0,19340.4905,AWS Graviton2 Processor,Neoverse-N1,AWS
r6gd.16xlarge,us-east-1,use1-az1,3,5.0,10.0,1.0,3.6864,1.0402,71,r6gd,Memory,r,64.0,512.0,19337.2003,AWS Graviton2 Processor,Neoverse-N1,AWS
r6gd.16xlarge,us-east-1,use1-az2,3,1.0,1.0,1.0,3.6864,1.058,71,r6gd,Memory,r,64.0,512.0,19337.2003,AWS Graviton2 Processor,Neoverse-N1,AWS
r6gd.16xlarge,us-east-1,use1-az4,3,50.0,50.0,1.0,3.6864,0.9654,73,r6gd,Memory,r,64.0,512.0,19337.2003,AWS Graviton2 Processor,Neoverse-N1,AWS
r6gd.16xlarge,us-east-1,use1-az5,1,0.0,0.0,1.0,3.6864,1.4238,61,r6gd,Memory,r,64.0,512.0,19337.2003,AWS Graviton2 Processor,Neoverse-N1,AWS
r6gd.16xlarge,us-east-1,use1-az6,3,10.0,15.0,1.0,3.6864,0.7595,79,r6gd,Memory,r,64.0,512.0,19337.2003,AWS Graviton2 Processor,Neoverse-N1,AWS
r6gd.2xlarge,us-east-1,use1-az1,3,10.0,15.0,1.0,0.4608,0.2414,47,r6gd,Memory,r,8.0,64.0,19337.049,AWS Graviton2 Processor,Neoverse-N1,AWS
r6gd.2xlarge,us-east-1,use1-az2,3,10.0,30.0,1.0,0.4608,0.2225,51,r6gd,Memory,r,8.0,64.0,19337.049,AWS Graviton2 Processor,Neoverse-N1,AWS
r6gd.2xlarge,us-east-1,use1-az4,3,50.0,50.0,1.0,0.4608,0.2062,55,r6gd,Memory,r,8.0,64.0,19337.049,AWS Graviton2 Processor,Neoverse-N1,AWS
r6gd.2xlarge,us-east-1,use1-az5,3,1.0,1.0,1.0,0.4608,0.251,45,r6gd,Memory,r,8.0,64.0,19337.049,AWS Graviton2 Processor,Neoverse-N1,AWS
r6gd.2xlarge,us-east-1,use1-az6,3,20.0,25.0,1.0,0.4608,0.2469,46,r6gd,Memory,r,8.0,64.0,19337.049,AWS Graviton2 Processor,Neoverse-N1,AWS
r6gd.4xlarge,us-east-1,use1-az1,3,5.0,10.0,1.0,0.9216,0.3723,59,r6gd,Memory,r,16.0,128.0,19333.6092,AWS Graviton2 Processor,Neoverse-N1,AWS
r6gd.4xlarge,us-east-1,use1-az2,3,1.0,5.0,1.0,0.9216,0.4428,51,r6gd,Memory,r,16.0,128.0,19333.6092,AWS Graviton2 Processor,Neoverse-N1,AWS
r6gd.4xlarge,us-east-1,use1-az4,3,50.0,50.0,1.0,0.9216,0.3536,61,r6gd,Memory,r,16.0,128.0,19333.6092,AWS Graviton2 Processor,Neoverse-N1,AWS
r6gd.4xlarge,us-east-1,use1-az5,1,0.0,0.0,1.0,0.9216,0.5283,42,r6gd,Memory,r,16.0,128.0,19333.6092,AWS Graviton2 Processor,Neoverse-N1,AWS
r6gd.4xlarge,us-east-1,use1-az6,3,30.0,35.0,1.0,0.9216,0.4352,52,r6gd,Memory,r,16.0,128.0,19333.6092,AWS Graviton2 Processor,Neoverse-N1,AWS
r6gd.8xlarge,us-east-1,use1-az1,3,1.0,5.0,1.0,1.8432,0.7291,60,r6gd,Memory,r,32.0,256.0,19337.0509,AWS Graviton2 Processor,Neoverse-N1,AWS
r6gd.8xlarge,us-east-1,use1-az2,3,1.0,1.0,1.0,1.8432,0.7916,57,r6gd,Memory,r,32.0,256.0,19337.0509,AWS Graviton2 Processor,Neoverse-N1,AWS
r6gd.8xlarge,us-east-1,use1-az4,3,25.0,50.0,1.0,1.8432,0.6979,62,r6gd,Memory,r,32.0,256.0,19337.0509,AWS Graviton2 Processor,Neoverse-N1,AWS
r6gd.8xlarge,us-east-1,use1-az5,1,0.0,0.0,1.0,1.8432,0.7238,60,r6gd,Memory,r,32.0,256.0,19337.0509,AWS Graviton2 Processor,Neoverse-N1,AWS
r6gd.8xlarge,us-east-1,use1-az6,3,5.0,5.0,1.0,1.8432,0.5791,68,r6gd,Memory,r,32.0,256.0,19337.0509,AWS Graviton2 Processor,Neoverse-N1,AWS
r6gd.large,us-east-1,use1-az1,3,1.0,1.0,2.0,0.1152,0.0495,57,r6gd,Memory,r,2.0,16.0,19337.4989,AWS Graviton2 Processor,Neoverse-N1,AWS
r6gd.large,us-east-1,use1-az2,3,35.0,50.0,2.0,0.1152,0.0328,71,r6gd,Memory,r,2.0,16.0,19337.4989,AWS Graviton2 Processor,Neoverse-N1,AWS
r6gd.large,us-east-1,use1-az4,3,50.0,50.0,2.0,0.1152,0.0328,71,r6gd,Memory,r,2.0,16.0,19337.4989,AWS Graviton2 Processor,Neoverse-N1,AWS
r6gd.large,us-east-1,use1-az5,3,50.0,50.0,2.0,0.1152,0.034,70,r6gd,Memory,r,2.0,16.0,19337.4989,AWS Graviton2 Processor,Neoverse-N1,AWS
r6gd.large,us-east-1,use1-az6,3,50.0,50.0,2.0,0.1152,0.0438,61,r6gd,Memory,r,2.0,16.0,19337.4989,AWS Graviton2 Processor,Neoverse-N1,AWS
r6gd.medium,us-east-1,use1-az1,3,1.0,5.0,1.0,0.0576,0.0214,62,r6gd,Memory,r,1.0,8.0,19334.5075,AWS Graviton2 Processor,Neoverse-N1,AWS
r6gd.medium,us-east-1,use1-az2,3,1.0,1.0,1.0,0.0576,0.021,63,r6gd,Memory,r,1.0,8.0,19334.5075,AWS Graviton2 Processor,Neoverse-N1,AWS
r6gd.medium,us-east-1,use1-az4,3,1.0,5.0,1.0,0.0576,0.0214,62,r6gd,Memory,r,1.0,8.0,19334.5075,AWS Graviton2 Processor,Neoverse-N1,AWS
r6gd.medium,us-east-1,use1-az5,1,0.0,0.0,1.0,0.0576,0.0203,64,r6gd,Memory,r,1.0,8.0,19334.5075,AWS Graviton2 Processor,Neoverse-N1,AWS
r6gd.medium,us-east-1,use1-az6,3,5.0,5.0,1.0,0.0576,0.0224,61,r6gd,Memory,r,1.0,8.0,19334.5075,AWS Graviton2 Processor,Neoverse-N1,AWS
r6gd.xlarge,us-east-1,use1-az1,3,10.0,30.0,1.0,0.2304,0.1125,51,r6gd,Memory,r,4.0,32.0,19341.0886,AWS Graviton2 Processor,Neoverse-N1,AWS
r6gd.xlarge,us-east-1,use1-az2,3,15.0,25.0,1.0,0.2304,0.1115,51,r6gd,Memory,r,4.0,32.0,19341.0886,AWS Graviton2 Processor,Neoverse-N1,AWS
r6gd.xlarge,us-east-1,use1-az4,3,45.0,50.0,1.0,0.2304,0.1094,52,r6gd,Memory,r,4.0,32.0,19341.0886,AWS Graviton2 Processor,Neoverse-N1,AWS
r6gd.xlarge,us-east-1,use1-az5,3,1.0,1.0,1.0,0.2304,0.1124,51,r6gd,Memory,r,4.0,32.0,19341.0886,AWS Graviton2 Processor,Neoverse-N1,AWS
r6gd.xlarge,us-east-1,use1-az6,3,20.0,50.0,1.0,0.2304,0.1162,49,r6gd,Memory,r,4.0,32.0,19341.0886,AWS Graviton2 Processor,Neoverse-N1,AWS
r6i.12xlarge,us-east-1,use1-az1,3,5.0,10.0,1.0,3.024,1.0418,65,r6i,Memory,r,48.0,384.0,28960.7544498,Intel(R) Xeon(R) Platinum 8375C CPU @ 2.90GHz,Intel(R) Xeon(R) Platinum 8375C CPU @ 2.90GHz,Intel
r6i.12xlarge,us-east-1,use1-az2,3,5.0,5.0,1.0,3.024,1.0957,63,r6i,Memory,r,48.0,384.0,28960.7544498,Intel(R) Xeon(R) Platinum 8375C CPU @ 2.90GHz,Intel(R) Xeon(R) Platinum 8375C CPU @ 2.90GHz,Intel
r6i.12xlarge,us-east-1,use1-az4,3,15.0,25.0,1.0,3.024,0.8719,71,r6i,Memory,r,48.0,384.0,28960.7544498,Intel(R) Xeon(R) Platinum 8375C CPU @ 2.90GHz,Intel(R) Xeon(R) Platinum 8375C CPU @ 2.90GHz,Intel
r6i.12xlarge,us-east-1,use1-az5,3,5.0,5.0,1.0,3.024,0.9264,69,r6i,Memory,r,48.0,384.0,28960.7544498,Intel(R) Xeon(R) Platinum 8375C CPU @ 2.90GHz,Intel(R) Xeon(R) Platinum 8375C CPU @ 2.90GHz,Intel
r6i.12xlarge,us-east-1,use1-az6,3,5.0,10.0,1.0,3.024,0.7941,73,r6i,Memory,r,48.0,384.0,28960.7544498,Intel(R) Xeon(R) Platinum 8375C CPU @ 2.90GHz,Intel(R) Xeon(R) Platinum 8375C CPU @ 2.90GHz,Intel
r6i.16xlarge,us-east-1,use1-az1,3,1.0,1.0,1.0,4.032,1.0411,74,r6i,Memory,r,64.0,512.0,29000.555173,Intel(R) Xeon(R) Platinum 8375C CPU @ 2.90GHz,Intel(R) Xeon(R) Platinum 8375C CPU @ 2.90GHz,Intel
r6i.16xlarge,us-east-1,use1-az2,3,1.0,1.0,1.0,4.032,1.0137,74,r6i,Memory,r,64.0,512.0,29000.555173,Intel(R) Xeon(R) Platinum 8375C CPU @ 2.90GHz,Intel(R) Xeon(R) Platinum 8375C CPU @ 2.90GHz,Intel
r6i.16xlarge,us-east-1,use1-az4,3,15.0,20.0,1.0,4.032,1.0602,73,r6i,Memory,r,64.0,512.0,29000.555173,Intel(R) Xeon(R) Platinum 8375C CPU @ 2.90GHz,Intel(R) Xeon(R) Platinum 8375C CPU @ 2.90GHz,Intel
r6i.16xlarge,us-east-1,use1-az5,3,15.0,20.0,1.0,4.032,0.7816,80,r6i,Memory,r,64.0,512.0,29000.555173,Intel(R) Xeon(R) Platinum 8375C CPU @ 2.90GHz,Intel(R) Xeon(R) Platinum 8375C CPU @ 2.90GHz,Intel
r6i.16xlarge,us-east-1,use1-az6,3,5.0,10.0,1.0,4.032,1.0385,74,r6i,Memory,r,64.0,512.0,29000.555173,Intel(R) Xeon(R) Platinum 8375C CPU @ 2.90GHz,Intel(R) Xeon(R) Platinum 8375C CPU @ 2.90GHz,Intel
r6i.24xlarge,us-east-1,use1-az1,3,1.0,1.0,1.0,6.048,1.5259,74,r6i,Memory,r,96.0,768.0,28989.500661799997,Intel(R) Xeon(R) Platinum 8375C CPU @ 2.90GHz,Intel(R) Xeon(R) Platinum 8375C CPU @ 2.90GHz,Intel
r6i.24xlarge,us-east-1,use1-az2,3,1.0,1.0,1.0,6.048,1.6192,73,r6i,Memory,r,96.0,768.0,28989.500661799997,Intel(R) Xeon(R) Platinum 8375C CPU @ 2.90GHz,Intel(R) Xeon(R) Platinum 8375C CPU @ 2.90GHz,Intel
r6i.24xlarge,us-east-1,use1-az4,3,5.0,10.0,1.0,6.048,1.5483,74,r6i,Memory,r,96.0,768.0,28989.500661799997,Intel(R) Xeon(R) Platinum 8375C CPU @ 2.90GHz,Intel(R) Xeon(R) Platinum 8375C CPU @ 2.90GHz,Intel
r6i.24xlarge,us-east-1,use1-az5,3,5.0,5.0,1.0,6.048,1.6217,73,r6i,Memory,r,96.0,768.0,28989.500661799997,Intel(R) Xeon(R) Platinum 8375C CPU @ 2.90GHz,Intel(R) Xeon(R) Platinum 8375C CPU @ 2.90GHz,Intel
r6i.24xlarge,us-east-1,use1-az6,3,1.0,1.0,1.0,6.048,1.9185,68,r6i,Memory,r,96.0,768.0,28989.500661799997,Intel(R) Xeon(R) Platinum 8375C CPU @ 2.90GHz,Intel(R) Xeon(R) Platinum 8375C CPU @ 2.90GHz,Intel
r6i.2xlarge,us-east-1,use1-az1,3,30.0,30.0,1.0,0.504,0.2416,52,r6i,Memory,r,8.0,64.0,29005.1851824,Intel(R) Xeon(R) Platinum 8375C CPU @ 2.90GHz,Intel(R) Xeon(R) Platinum 8375C CPU @ 2.90GHz,Intel
r6i.2xlarge,us-east-1,use1-az2,3,50.0,50.0,1.0,0.504,0.2435,51,r6i,Memory,r,8.0,64.0,29005.1851824,Intel(R) Xeon(R) Platinum 8375C CPU @ 2.90GHz,Intel(R) Xeon(R) Platinum 8375C CPU @ 2.90GHz,Intel
r6i.2xlarge,us-east-1,use1-az4,3,50.0,50.0,1.0,0.504,0.2289,54,r6i,Memory,r,8.0,64.0,29005.1851824,Intel(R) Xeon(R) Platinum 8375C CPU @ 2.90GHz,Intel(R) Xeon(R) Platinum 8375C CPU @ 2.90GHz,Intel
r6i.2xlarge,us-east-1,use1-az5,3,40.0,50.0,1.0,0.504,0.214,57,r6i,Memory,r,8.0,64.0,29005.1851824,Intel(R) Xeon(R) Platinum 8375C CPU @ 2.90GHz,Intel(R) Xeon(R) Platinum 8375C CPU @ 2.90GHz,Intel
r6i.2xlarge,us-east-1,use1-az6,3,50.0,50.0,1.0,0.504,0.2204,56,r6i,Memory,r,8.0,64.0,29005.1851824,Intel(R) Xeon(R) Platinum 8375C CPU @ 2.90GHz,Intel(R) Xeon(R) Platinum 8375C CPU @ 2.90GHz,Intel
r6i.32xlarge,us-east-1,use1-az1,1,0.0,0.0,1.0,8.064,2.0443,74,r6i,Memory,r,128.0,1024.0,28993.6617708,Intel(R) Xeon(R) Platinum 8375C CPU @ 2.90GHz,Intel(R) Xeon(R) Platinum 8375C CPU @ 2.90GHz,Intel
r6i.32xlarge,us-east-1,use1-az2,1,0.0,0.0,1.0,8.064,2.052,74,r6i,Memory,r,128.0,1024.0,28993.6617708,Intel(R) Xeon(R) Platinum 8375C CPU @ 2.90GHz,Intel(R) Xeon(R) Platinum 8375C CPU @ 2.90GHz,Intel
r6i.32xlarge,us-east-1,use1-az4,3,1.0,5.0,1.0,8.064,2.0538,74,r6i,Memory,r,128.0,1024.0,28993.6617708,Intel(R) Xeon(R) Platinum 8375C CPU @ 2.90GHz,Intel(R) Xeon(R) Platinum 8375C CPU @ 2.90GHz,Intel
r6i.32xlarge,us-east-1,use1-az5,3,5.0,10.0,1.0,8.064,2.3834,70,r6i,Memory,r,128.0,1024.0,28993.6617708,Intel(R) Xeon(R) Platinum 8375C CPU @ 2.90GHz,Intel(R) Xeon(R) Platinum 8375C CPU @ 2.90GHz,Intel
r6i.32xlarge,us-east-1,use1-az6,1,0.0,0.0,1.0,8.064,2.1349,73,r6i,Memory,r,128.0,1024.0,28993.6617708,Intel(R) Xeon(R) Platinum 8375C CPU @ 2.90GHz,Intel(R) Xeon(R) Platinum 8375C CPU @ 2.90GHz,Intel
r6i.4xlarge,us-east-1,use1-az1,3,10.0,15.0,1.0,1.008,0.4643,53,r6i,Memory,r,16.0,128.0,28946.0133376,Intel(R) Xeon(R) Platinum 8375C CPU @ 2.90GHz,Intel(R) Xeon(R) Platinum 8375C CPU @ 2.90GHz,Intel
r6i.4xlarge,us-east-1,use1-az2,3,20.0,20.0,1.0,1.008,0.4456,55,r6i,Memory,r,16.0,128.0,28946.0133376,Intel(R) Xeon(R) Platinum 8375C CPU @ 2.90GHz,Intel(R) Xeon(R) Platinum 8375C CPU @ 2.90GHz,Intel
r6i.4xlarge,us-east-1,use1-az4,3,45.0,50.0,1.0,1.008,0.4301,57,r6i,Memory,r,16.0,128.0,28946.0133376,Intel(R) Xeon(R) Platinum 8375C CPU @ 2.90GHz,Intel(R) Xeon(R) Platinum 8375C CPU @ 2.90GHz,Intel
r6i.4xlarge,us-east-1,use1-az5,3,10.0,15.0,1.0,1.008,0.3724,63,r6i,Memory,r,16.0,128.0,28946.0133376,Intel(R) Xeon(R) Platinum 8375C CPU @ 2.90GHz,Intel(R) Xeon(R) Platinum 8375C CPU @ 2.90GHz,Intel
r6i.4xlarge,us-east-1,use1-az6,3,20.0,30.0,1.0,1.008,0.4668,53,r6i,Memory,r,16.0,128.0,28946.0133376,Intel(R) Xeon(R) Platinum 8375C CPU @ 2.90GHz,Intel(R) Xeon(R) Platinum 8375C CPU @ 2.90GHz,Intel
r6i.8xlarge,us-east-1,use1-az1,3,20.0,30.0,1.0,2.016,0.6403,68,r6i,Memory,r,32.0,256.0,29027.5774204,Intel(R) Xeon(R) Platinum 8375C CPU @ 2.90GHz,Intel(R) Xeon(R) Platinum 8375C CPU @ 2.90GHz,Intel
r6i.8xlarge,us-east-1,use1-az2,3,5.0,10.0,1.0,2.016,0.5424,73,r6i,Memory,r,32.0,256.0,29027.5774204,Intel(R) Xeon(R) Platinum 8375C CPU @ 2.90GHz,Intel(R) Xeon(R) Platinum 8375C CPU @ 2.90GHz,Intel
r6i.8xlarge,us-east-1,use1-az4,3,45.0,50.0,1.0,2.016,0.5375,73,r6i,Memory,r,32.0,256.0,29027.5774204,Intel(R) Xeon(R) Platinum 8375C CPU @ 2.90GHz,Intel(R) Xeon(R) Platinum 8375C CPU @ 2.90GHz,Intel
r6i.8xlarge,us-east-1,use1-az5,3,20.0,35.0,1.0,2.016,0.5854,70,r6i,Memory,r,32.0,256.0,29027.5774204,Intel(R) Xeon(R) Platinum 8375C CPU @ 2.90GHz,Intel(R) Xeon(R) Platinum 8375C CPU @ 2.90GHz,Intel
r6i.8xlarge,us-east-1,use1-az6,3,5.0,5.0,1.0,2.016,0.5535,72,r6i,Memory,r,32.0,256.0,29027.5774204,Intel(R) Xeon(R) Platinum 8375C CPU @ 2.90GHz,Intel(R) Xeon(R) Platinum 8375C CPU @ 2.90GHz,Intel
r6i.large,us-east-1,use1-az1,3,50.0,50.0,1.5,0.126,0.0416,66,r6i,Memory,r,2.0,16.0,28978.137696800004,Intel(R) Xeon(R) Platinum 8375C CPU @ 2.90GHz,Intel(R) Xeon(R) Platinum 8375C CPU @ 2.90GHz,Intel
r6i.large,us-east-1,use1-az2,3,50.0,50.0,1.5,0.126,0.0418,66,r6i,Memory,r,2.0,16.0,28978.137696800004,Intel(R) Xeon(R) Platinum 8375C CPU @ 2.90GHz,Intel(R) Xeon(R) Platinum 8375C CPU @ 2.90GHz,Intel
r6i.large,us-east-1,use1-az4,3,50.0,50.0,1.5,0.126,0.0429,65,r6i,Memory,r,2.0,16.0,28978.137696800004,Intel(R) Xeon(R) Platinum 8375C CPU @ 2.90GHz,Intel(R) Xeon(R) Platinum 8375C CPU @ 2.90GHz,Intel
r6i.large,us-east-1,use1-az5,3,30.0,50.0,1.5,0.126,0.0384,69,r6i,Memory,r,2.0,16.0,28978.137696800004,Intel(R) Xeon(R) Platinum 8375C CPU @ 2.90GHz,Intel(R) Xeon(R) Platinum 8375C CPU @ 2.90GHz,Intel
r6i.large,us-east-1,use1-az6,3,50.0,50.0,1.5,0.126,0.0436,65,r6i,Memory,r,2.0,16.0,28978.137696800004,Intel(R) Xeon(R) Platinum 8375C CPU @ 2.90GHz,Intel(R) Xeon(R) Platinum 8375C CPU @ 2.90GHz,Intel
r6i.xlarge,us-east-1,use1-az1,3,30.0,50.0,1.5,0.252,0.1096,56,r6i,Memory,r,4.0,32.0,28951.9039336,Intel(R) Xeon(R) Platinum 8375C CPU @ 2.90GHz,Intel(R) Xeon(R) Platinum 8375C CPU @ 2.90GHz,Intel
r6i.xlarge,us-east-1,use1-az2,3,50.0,50.0,1.5,0.252,0.1052,58,r6i,Memory,r,4.0,32.0,28951.9039336,Intel(R) Xeon(R) Platinum 8375C CPU @ 2.90GHz,Intel(R) Xeon(R) Platinum 8375C CPU @ 2.90GHz,Intel
r6i.xlarge,us-east-1,use1-az4,3,50.0,50.0,1.5,0.252,0.1009,59,r6i,Memory,r,4.0,32.0,28951.9039336,Intel(R) Xeon(R) Platinum 8375C CPU @ 2.90GHz,Intel(R) Xeon(R) Platinum 8375C CPU @ 2.90GHz,Intel
r6i.xlarge,us-east-1,use1-az5,3,15.0,35.0,1.5,0.252,0.1013,59,r6i,Memory,r,4.0,32.0,28951.9039336,Intel(R) Xeon(R) Platinum 8375C CPU @ 2.90GHz,Intel(R) Xeon(R) Platinum 8375C CPU @ 2.90GHz,Intel
r6i.xlarge,us-east-1,use1-az6,3,50.0,50.0,1.5,0.252,0.1052,58,r6i,Memory,r,4.0,32.0,28951.9039336,Intel(R) Xeon(R) Platinum 8375C CPU @ 2.90GHz,Intel(R) Xeon(R) Platinum 8375C CPU @ 2.90GHz,Intel
r6id.12xlarge,us-east-1,use1-az1,3,10.0,15.0,1.0,3.6288,1.7965,50,r6id,Memory,r,48.0,384.0,28918.4386,Intel(R) Xeon(R) Platinum 8375C CPU @ 2.90GHz,Intel(R) Xeon(R) Platinum 8375C CPU @ 2.90GHz,Intel
r6id.12xlarge,us-east-1,use1-az2,3,5.0,10.0,1.0,3.6288,1.1733,67,r6id,Memory,r,48.0,384.0,28918.4386,Intel(R) Xeon(R) Platinum 8375C CPU @ 2.90GHz,Intel(R) Xeon(R) Platinum 8375C CPU @ 2.90GHz,Intel
r6id.12xlarge,us-east-1,use1-az4,3,5.0,10.0,1.0,3.6288,1.2849,64,r6id,Memory,r,48.0,384.0,28918.4386,Intel(R) Xeon(R) Platinum 8375C CPU @ 2.90GHz,Intel(R) Xeon(R) Platinum 8375C CPU @ 2.90GHz,Intel
r6id.12xlarge,us-east-1,use1-az5,3,1.0,1.0,1.0,3.6288,1.0635,70,r6id,Memory,r,48.0,384.0,28918.4386,Intel(R) Xeon(R) Platinum 8375C CPU @ 2.90GHz,Intel(R) Xeon(R) Platinum 8375C CPU @ 2.90GHz,Intel
r6id.12xlarge,us-east-1,use1-az6,3,20.0,35.0,1.0,3.6288,1.2255,66,r6id,Memory,r,48.0,384.0,28918.4386,Intel(R) Xeon(R) Platinum 8375C CPU @ 2.90GHz,Intel(R) Xeon(R) Platinum 8375C CPU @ 2.90GHz,Intel
r6id.16xlarge,us-east-1,use1-az1,3,5.0,10.0,1.5,4.8384,1.3364,72,r6id,Memory,r,64.0,512.0,29006.2364,Intel(R) Xeon(R) Platinum 8375C CPU @ 2.90GHz,Intel(R) Xeon(R) Platinum 8375C CPU @ 2.90GHz,Intel
r6id.16xlarge,us-east-1,use1-az2,3,35.0,50.0,1.5,4.8384,2.1295,55,r6id,Memory,r,64.0,512.0,29006.2364,Intel(R) Xeon(R) Platinum 8375C CPU @ 2.90GHz,Intel(R) Xeon(R) Platinum 8375C CPU @ 2.90GHz,Intel
r6id.16xlarge,us-east-1,use1-az4,3,20.0,30.0,1.5,4.8384,1.5514,67,r6id,Memory,r,64.0,512.0,29006.2364,Intel(R) Xeon(R) Platinum 8375C CPU @ 2.90GHz,Intel(R) Xeon(R) Platinum 8375C CPU @ 2.90GHz,Intel
r6id.16xlarge,us-east-1,use1-az5,1,0.0,0.0,1.5,4.8384,1.2443,74,r6id,Memory,r,64.0,512.0,29006.2364,Intel(R) Xeon(R) Platinum 8375C CPU @ 2.90GHz,Intel(R) Xeon(R) Platinum 8375C CPU @ 2.90GHz,Intel
r6id.16xlarge,us-east-1,use1-az6,3,20.0,35.0,1.5,4.8384,1.2679,73,r6id,Memory,r,64.0,512.0,29006.2364,Intel(R) Xeon(R) Platinum 8375C CPU @ 2.90GHz,Intel(R) Xeon(R) Platinum 8375C CPU @ 2.90GHz,Intel
r6id.24xlarge,us-east-1,use1-az1,3,20.0,30.0,1.0,7.2576,2.6512,63,r6id,Memory,r,96.0,768.0,29012.6147,Intel(R) Xeon(R) Platinum 8375C CPU @ 2.90GHz,Intel(R) Xeon(R) Platinum 8375C CPU @ 2.90GHz,Intel
r6id.24xlarge,us-east-1,use1-az2,3,5.0,5.0,1.0,7.2576,2.7417,62,r6id,Memory,r,96.0,768.0,29012.6147,Intel(R) Xeon(R) Platinum 8375C CPU @ 2.90GHz,Intel(R) Xeon(R) Platinum 8375C CPU @ 2.90GHz,Intel
r6id.24xlarge,us-east-1,use1-az4,3,1.0,1.0,1.0,7.2576,2.741,62,r6id,Memory,r,96.0,768.0,29012.6147,Intel(R) Xeon(R) Platinum 8375C CPU @ 2.90GHz,Intel(R) Xeon(R) Platinum 8375C CPU @ 2.90GHz,Intel
r6id.24xlarge,us-east-1,use1-az5,3,5.0,5.0,1.0,7.2576,1.997,72,r6id,Memory,r,96.0,768.0,29012.6147,Intel(R) Xeon(R) Platinum 8375C CPU @ 2.90GHz,Intel(R) Xeon(R) Platinum 8375C CPU @ 2.90GHz,Intel
r6id.24xlarge,us-east-1,use1-az6,3,20.0,20.0,1.0,7.2576,2.3704,67,r6id,Memory,r,96.0,768.0,29012.6147,Intel(R) Xeon(R) Platinum 8375C CPU @ 2.90GHz,Intel(R) Xeon(R) Platinum 8375C CPU @ 2.90GHz,Intel
r6id.2xlarge,us-east-1,use1-az1,3,30.0,50.0,1.0,0.6048,0.2913,51,r6id,Memory,r,8.0,64.0,28977.79,Intel(R) Xeon(R) Platinum 8375C CPU @ 2.90GHz,Intel(R) Xeon(R) Platinum 8375C CPU @ 2.90GHz,Intel
r6id.2xlarge,us-east-1,use1-az2,3,15.0,25.0,1.0,0.6048,0.2798,53,r6id,Memory,r,8.0,64.0,28977.79,Intel(R) Xeon(R) Platinum 8375C CPU @ 2.90GHz,Intel(R) Xeon(R) Platinum 8375C CPU @ 2.90GHz,Intel
r6id.2xlarge,us-east-1,use1-az4,3,50.0,50.0,1.0,0.6048,0.3017,50,r6id,Memory,r,8.0,64.0,28977.79,Intel(R) Xeon(R) Platinum 8375C CPU @ 2.90GHz,Intel(R) Xeon(R) Platinum 8375C CPU @ 2.90GHz,Intel
r6id.2xlarge,us-east-1,use1-az5,3,1.0,1.0,1.0,0.6048,0.29,52,r6id,Memory,r,8.0,64.0,28977.79,Intel(R) Xeon(R) Platinum 8375C CPU @ 2.90GHz,Intel(R) Xeon(R) Platinum 8375C CPU @ 2.90GHz,Intel
r6id.2xlarge,us-east-1,use1-az6,3,50.0,50.0,1.0,0.6048,0.2783,53,r6id,Memory,r,8.0,64.0,28977.79,Intel(R) Xeon(R) Platinum 8375C CPU @ 2.90GHz,Intel(R) Xeon(R) Platinum 8375C CPU @ 2.90GHz,Intel
r6id.32xlarge,us-east-1,use1-az1,3,20.0,20.0,1.0,9.6768,2.9973,69,r6id,Memory,r,128.0,1024.0,29031.959,Intel(R) Xeon(R) Platinum 8375C CPU @ 2.90GHz,Intel(R) Xeon(R) Platinum 8375C CPU @ 2.90GHz,Intel
r6id.32xlarge,us-east-1,use1-az2,1,0.0,0.0,1.0,9.6768,3.7429,61,r6id,Memory,r,128.0,1024.0,29031.959,Intel(R) Xeon(R) Platinum 8375C CPU @ 2.90GHz,Intel(R) Xeon(R) Platinum 8375C CPU @ 2.90GHz,Intel
r6id.32xlarge,us-east-1,use1-az4,3,1.0,1.0,1.0,9.6768,3.5542,63,r6id,Memory,r,128.0,1024.0,29031.959,Intel(R) Xeon(R) Platinum 8375C CPU @ 2.90GHz,Intel(R) Xeon(R) Platinum 8375C CPU @ 2.90GHz,Intel
r6id.32xlarge,us-east-1,use1-az5,3,1.0,1.0,1.0,9.6768,2.7541,71,r6id,Memory,r,128.0,1024.0,29031.959,Intel(R) Xeon(R) Platinum 8375C CPU @ 2.90GHz,Intel(R) Xeon(R) Platinum 8375C CPU @ 2.90GHz,Intel
r6id.32xlarge,us-east-1,use1-az6,3,10.0,15.0,1.0,9.6768,2.9184,69,r6id,Memory,r,128.0,1024.0,29031.959,Intel(R) Xeon(R) Platinum 8375C CPU @ 2.90GHz,Intel(R) Xeon(R) Platinum 8375C CPU @ 2.90GHz,Intel
r6id.4xlarge,us-east-1,use1-az1,3,20.0,20.0,1.0,1.2096,0.6443,46,r6id,Memory,r,16.0,128.0,28943.7916,Intel(R) Xeon(R) Platinum 8375C CPU @ 2.90GHz,Intel(R) Xeon(R) Platinum 8375C CPU @ 2.90GHz,Intel
r6id.4xlarge,us-east-1,use1-az2,3,5.0,10.0,1.0,1.2096,0.5519,54,r6id,Memory,r,16.0,128.0,28943.7916,Intel(R) Xeon(R) Platinum 8375C CPU @ 2.90GHz,Intel(R) Xeon(R) Platinum 8375C CPU @ 2.90GHz,Intel
r6id.4xlarge,us-east-1,use1-az4,3,15.0,20.0,1.0,1.2096,0.4698,61,r6id,Memory,r,16.0,128.0,28943.7916,Intel(R) Xeon(R) Platinum 8375C CPU @ 2.90GHz,Intel(R) Xeon(R) Platinum 8375C CPU @ 2.90GHz,Intel
r6id.4xlarge,us-east-1,use1-az5,3,1.0,1.0,1.0,1.2096,0.6157,49,r6id,Memory,r,16.0,128.0,28943.7916,Intel(R) Xeon(R) Platinum 8375C CPU @ 2.90GHz,Intel(R) Xeon(R) Platinum 8375C CPU @ 2.90GHz,Intel
r6id.4xlarge,us-east-1,use1-az6,3,20.0,50.0,1.0,1.2096,0.5418,55,r6id,Memory,r,16.0,128.0,28943.7916,Intel(R) Xeon(R) Platinum 8375C CPU @ 2.90GHz,Intel(R) Xeon(R) Platinum 8375C CPU @ 2.90GHz,Intel
r6id.8xlarge,us-east-1,use1-az1,3,10.0,20.0,1.0,2.4192,0.9156,62,r6id,Memory,r,32.0,256.0,29005.6967,Intel(R) Xeon(R) Platinum 8375C CPU @ 2.90GHz,Intel(R) Xeon(R) Platinum 8375C CPU @ 2.90GHz,Intel
r6id.8xlarge,us-east-1,use1-az2,3,15.0,20.0,1.0,2.4192,0.8796,63,r6id,Memory,r,32.0,256.0,29005.6967,Intel(R) Xeon(R) Platinum 8375C CPU @ 2.90GHz,Intel(R) Xeon(R) Platinum 8375C CPU @ 2.90GHz,Intel
r6id.8xlarge,us-east-1,use1-az4,3,20.0,20.0,1.0,2.4192,0.791,67,r6id,Memory,r,32.0,256.0,29005.6967,Intel(R) Xeon(R) Platinum 8375C CPU @ 2.90GHz,Intel(R) Xeon(R) Platinum 8375C CPU @ 2.90GHz,Intel
r6id.8xlarge,us-east-1,use1-az5,3,5.0,5.0,1.0,2.4192,1.1952,50,r6id,Memory,r,32.0,256.0,29005.6967,Intel(R) Xeon(R) Platinum 8375C CPU @ 2.90GHz,Intel(R) Xeon(R) Platinum 8375C CPU @ 2.90GHz,Intel
r6id.8xlarge,us-east-1,use1-az6,3,30.0,50.0,1.0,2.4192,0.8877,63,r6id,Memory,r,32.0,256.0,29005.6967,Intel(R) Xeon(R) Platinum 8375C CPU @ 2.90GHz,Intel(R) Xeon(R) Platinum 8375C CPU @ 2.90GHz,Intel
r6id.large,us-east-1,use1-az1,3,10.0,20.0,1.5,0.1512,0.0626,58,r6id,Memory,r,2.0,16.0,28967.8459,Intel(R) Xeon(R) Platinum 8375C CPU @ 2.90GHz,Intel(R) Xeon(R) Platinum 8375C CPU @ 2.90GHz,Intel
r6id.large,us-east-1,use1-az2,3,20.0,25.0,1.5,0.1512,0.0516,65,r6id,Memory,r,2.0,16.0,28967.8459,Intel(R) Xeon(R) Platinum 8375C CPU @ 2.90GHz,Intel(R) Xeon(R) Platinum 8375C CPU @ 2.90GHz,Intel
r6id.large,us-east-1,use1-az4,3,5.0,15.0,1.5,0.1512,0.059,60,r6id,Memory,r,2.0,16.0,28967.8459,Intel(R) Xeon(R) Platinum 8375C CPU @ 2.90GHz,Intel(R) Xeon(R) Platinum 8375C CPU @ 2.90GHz,Intel
r6id.large,us-east-1,use1-az5,3,5.0,5.0,1.5,0.1512,0.0485,67,r6id,Memory,r,2.0,16.0,28967.8459,Intel(R) Xeon(R) Platinum 8375C CPU @ 2.90GHz,Intel(R) Xeon(R) Platinum 8375C CPU @ 2.90GHz,Intel
r6id.large,us-east-1,use1-az6,3,10.0,20.0,1.5,0.1512,0.0606,59,r6id,Memory,r,2.0,16.0,28967.8459,Intel(R) Xeon(R) Platinum 8375C CPU @ 2.90GHz,Intel(R) Xeon(R) Platinum 8375C CPU @ 2.90GHz,Intel
r6id.xlarge,us-east-1,use1-az1,3,10.0,35.0,1.0,0.3024,0.1663,45,r6id,Memory,r,4.0,32.0,28994.2608,Intel(R) Xeon(R) Platinum 8375C CPU @ 2.90GHz,Intel(R) Xeon(R) Platinum 8375C CPU @ 2.90GHz,Intel
r6id.xlarge,us-east-1,use1-az2,3,50.0,50.0,1.0,0.3024,0.1465,51,r6id,Memory,r,4.0,32.0,28994.2608,Intel(R) Xeon(R) Platinum 8375C CPU @ 2.90GHz,Intel(R) Xeon(R) Platinum 8375C CPU @ 2.90GHz,Intel
r6id.xlarge,us-east-1,use1-az4,3,30.0,30.0,1.0,0.3024,0.1459,51,r6id,Memory,r,4.0,32.0,28994.2608,Intel(R) Xeon(R) Platinum 8375C CPU @ 2.90GHz,Intel(R) Xeon(R) Platinum 8375C CPU @ 2.90GHz,Intel
r6id.xlarge,us-east-1,use1-az5,3,5.0,15.0,1.0,0.3024,0.1439,52,r6id,Memory,r,4.0,32.0,28994.2608,Intel(R) Xeon(R) Platinum 8375C CPU @ 2.90GHz,Intel(R) Xeon(R) Platinum 8375C CPU @ 2.90GHz,Intel
r6id.xlarge,us-east-1,use1-az6,3,30.0,50.0,1.0,0.3024,0.1409,53,r6id,Memory,r,4.0,32.0,28994.2608,Intel(R) Xeon(R) Platinum 8375C CPU @ 2.90GHz,Intel(R) Xeon(R) Platinum 8375C CPU @ 2.90GHz,Intel
r6idn.12xlarge,us-east-1,use1-az1,1,0.0,0.0,1.0,4.68936,1.951,58,r6idn,Memory,r,48.0,384.0,29014.8139,Intel(R) Xeon(R) Platinum 8375C CPU @ 2.90GHz,Intel(R) Xeon(R) Platinum 8375C CPU @ 2.90GHz,Intel
r6idn.12xlarge,us-east-1,use1-az2,1,0.0,0.0,1.0,4.68936,1.8101,61,r6idn,Memory,r,48.0,384.0,29014.8139,Intel(R) Xeon(R) Platinum 8375C CPU @ 2.90GHz,Intel(R) Xeon(R) Platinum 8375C CPU @ 2.90GHz,Intel
r6idn.12xlarge,us-east-1,use1-az4,1,0.0,0.0,1.0,4.68936,1.7807,62,r6idn,Memory,r,48.0,384.0,29014.8139,Intel(R) Xeon(R) Platinum 8375C CPU @ 2.90GHz,Intel(R) Xeon(R) Platinum 8375C CPU @ 2.90GHz,Intel
r6idn.12xlarge,us-east-1,use1-az5,1,0.0,0.0,1.0,4.68936,1.8917,59,r6idn,Memory,r,48.0,384.0,29014.8139,Intel(R) Xeon(R) Platinum 8375C CPU @ 2.90GHz,Intel(R) Xeon(R) Platinum 8375C CPU @ 2.90GHz,Intel
r6idn.12xlarge,us-east-1,use1-az6,1,0.0,0.0,1.0,4.68936,1.6944,63,r6idn,Memory,r,48.0,384.0,29014.8139,Intel(R) Xeon(R) Platinum 8375C CPU @ 2.90GHz,Intel(R) Xeon(R) Platinum 8375C CPU @ 2.90GHz,Intel
r6idn.16xlarge,us-east-1,use1-az1,1,0.0,0.0,1.0,6.25248,2.0727,66,r6idn,Memory,r,64.0,512.0,29020.5131,Intel(R) Xeon(R) Platinum 8375C CPU @ 2.90GHz,Intel(R) Xeon(R) Platinum 8375C CPU @ 2.90GHz,Intel
r6idn.16xlarge,us-east-1,use1-az2,2,0.0,1.0,1.0,6.25248,2.0603,67,r6idn,Memory,r,64.0,512.0,29020.5131,Intel(R) Xeon(R) Platinum 8375C CPU @ 2.90GHz,Intel(R) Xeon(R) Platinum 8375C CPU @ 2.90GHz,Intel
r6idn.16xlarge,us-east-1,use1-az4,2,0.0,1.0,1.0,6.25248,1.7097,72,r6idn,Memory,r,64.0,512.0,29020.5131,Intel(R) Xeon(R) Platinum 8375C CPU @ 2.90GHz,Intel(R) Xeon(R) Platinum 8375C CPU @ 2.90GHz,Intel
r6idn.16xlarge,us-east-1,use1-az5,2,0.0,1.0,1.0,6.25248,1.7375,72,r6idn,Memory,r,64.0,512.0,29020.5131,Intel(R) Xeon(R) Platinum 8375C CPU @ 2.90GHz,Intel(R) Xeon(R) Platinum 8375C CPU @ 2.90GHz,Intel
r6idn.16xlarge,us-east-1,use1-az6,1,0.0,0.0,1.0,6.25248,2.1076,66,r6idn,Memory,r,64.0,512.0,29020.5131,Intel(R) Xeon(R) Platinum 8375C CPU @ 2.90GHz,Intel(R) Xeon(R) Platinum 8375C CPU @ 2.90GHz,Intel
r6idn.24xlarge,us-east-1,use1-az1,1,0.0,0.0,1.0,9.37872,4.839,48,r6idn,Memory,r,96.0,768.0,28971.0329,Intel(R) Xeon(R) Platinum 8375C CPU @ 2.90GHz,Intel(R) Xeon(R) Platinum 8375C CPU @ 2.90GHz,Intel
r6idn.24xlarge,us-east-1,use1-az2,1,0.0,0.0,1.0,9.37872,2.5173,73,r6idn,Memory,r,96.0,768.0,28971.0329,Intel(R) Xeon(R) Platinum 8375C CPU @ 2.90GHz,Intel(R) Xeon(R) Platinum 8375C CPU @ 2.90GHz,Intel
r6idn.24xlarge,us-east-1,use1-az4,1,0.0,0.0,1.0,9.37872,2.6564,71,r6idn,Memory,r,96.0,768.0,28971.0329,Intel(R) Xeon(R) Platinum 8375C CPU @ 2.90GHz,Intel(R) Xeon(R) Platinum 8375C CPU @ 2.90GHz,Intel
r6idn.24xlarge,us-east-1,use1-az5,1,0.0,0.0,1.0,9.37872,4.6593,50,r6idn,Memory,r,96.0,768.0,28971.0329,Intel(R) Xeon(R) Platinum 8375C CPU @ 2.90GHz,Intel(R) Xeon(R) Platinum 8375C CPU @ 2.90GHz,Intel
r6idn.24xlarge,us-east-1,use1-az6,1,0.0,0.0,1.0,9.37872,2.8967,69,r6idn,Memory,r,96.0,768.0,28971.0329,Intel(R) Xeon(R) Platinum 8375C CPU @ 2.90GHz,Intel(R) Xeon(R) Platinum 8375C CPU @ 2.90GHz,Intel
r6idn.2xlarge,us-east-1,use1-az1,2,0.0,1.0,1.0,0.78156,0.4281,45,r6idn,Memory,r,8.0,64.0,28964.403,Intel(R) Xeon(R) Platinum 8375C CPU @ 2.90GHz,Intel(R) Xeon(R) Platinum 8375C CPU @ 2.90GHz,Intel
r6idn.2xlarge,us-east-1,use1-az2,3,1.0,1.0,1.0,0.78156,0.3855,50,r6idn,Memory,r,8.0,64.0,28964.403,Intel(R) Xeon(R) Platinum 8375C CPU @ 2.90GHz,Intel(R) Xeon(R) Platinum 8375C CPU @ 2.90GHz,Intel
r6idn.2xlarge,us-east-1,use1-az4,3,1.0,5.0,1.0,0.78156,0.4279,45,r6idn,Memory,r,8.0,64.0,28964.403,Intel(R) Xeon(R) Platinum 8375C CPU @ 2.90GHz,Intel(R) Xeon(R) Platinum 8375C CPU @ 2.90GHz,Intel
r6idn.2xlarge,us-east-1,use1-az5,2,0.0,1.0,1.0,0.78156,0.5725,26,r6idn,Memory,r,8.0,64.0,28964.403,Intel(R) Xeon(R) Platinum 8375C CPU @ 2.90GHz,Intel(R) Xeon(R) Platinum 8375C CPU @ 2.90GHz,Intel
r6idn.2xlarge,us-east-1,use1-az6,3,5.0,5.0,1.0,0.78156,0.4074,47,r6idn,Memory,r,8.0,64.0,28964.403,Intel(R) Xeon(R) Platinum 8375C CPU @ 2.90GHz,Intel(R) Xeon(R) Platinum 8375C CPU @ 2.90GHz,Intel
r6idn.32xlarge,us-east-1,use1-az1,1,0.0,0.0,1.0,12.50496,3.3324,73,r6idn,Memory,r,128.0,1024.0,28995.1245,Intel(R) Xeon(R) Platinum 8375C CPU @ 2.90GHz,Intel(R) Xeon(R) Platinum 8375C CPU @ 2.90GHz,Intel
r6idn.32xlarge,us-east-1,use1-az2,1,0.0,0.0,1.0,12.50496,4.0708,67,r6idn,Memory,r,128.0,1024.0,28995.1245,Intel(R) Xeon(R) Platinum 8375C CPU @ 2.90GHz,Intel(R) Xeon(R) Platinum 8375C CPU @ 2.90GHz,Intel
r6idn.32xlarge,us-east-1,use1-az4,1,0.0,0.0,1.0,12.50496,3.6719,70,r6idn,Memory,r,128.0,1024.0,28995.1245,Intel(R) Xeon(R) Platinum 8375C CPU @ 2.90GHz,Intel(R) Xeon(R) Platinum 8375C CPU @ 2.90GHz,Intel
r6idn.32xlarge,us-east-1,use1-az5,1,0.0,0.0,1.0,12.50496,3.7224,70,r6idn,Memory,r,128.0,1024.0,28995.1245,Intel(R) Xeon(R) Platinum 8375C CPU @ 2.90GHz,Intel(R) Xeon(R) Platinum 8375C CPU @ 2.90GHz,Intel
r6idn.32xlarge,us-east-1,use1-az6,1,0.0,0.0,1.0,12.50496,3.2715,73,r6idn,Memory,r,128.0,1024.0,28995.1245,Intel(R) Xeon(R) Platinum 8375C CPU @ 2.90GHz,Intel(R) Xeon(R) Platinum 8375C CPU @ 2.90GHz,Intel
r6idn.4xlarge,us-east-1,use1-az1,3,1.0,5.0,1.0,1.56312,0.7428,52,r6idn,Memory,r,16.0,128.0,29004.7108,Intel(R) Xeon(R) Platinum 8375C CPU @ 2.90GHz,Intel(R) Xeon(R) Platinum 8375C CPU @ 2.90GHz,Intel
r6idn.4xlarge,us-east-1,use1-az2,3,5.0,5.0,1.0,1.56312,0.6499,58,r6idn,Memory,r,16.0,128.0,29004.7108,Intel(R) Xeon(R) Platinum 8375C CPU @ 2.90GHz,Intel(R) Xeon(R) Platinum 8375C CPU @ 2.90GHz,Intel
r6idn.4xlarge,us-east-1,use1-az4,3,10.0,15.0,1.0,1.56312,0.7202,53,r6idn,Memory,r,16.0,128.0,29004.7108,Intel(R) Xeon(R) Platinum 8375C CPU @ 2.90GHz,Intel(R) Xeon(R) Platinum 8375C CPU @ 2.90GHz,Intel
r6idn.4xlarge,us-east-1,use1-az5,1,0.0,0.0,1.0,1.56312,0.7894,49,r6idn,Memory,r,16.0,128.0,29004.7108,Intel(R) Xeon(R) Platinum 8375C CPU @ 2.90GHz,Intel(R) Xeon(R) Platinum 8375C CPU @ 2.90GHz,Intel
r6idn.4xlarge,us-east-1,use1-az6,3,5.0,10.0,1.0,1.56312,0.7531,51,r6idn,Memory,r,16.0,128.0,29004.7108,Intel(R) Xeon(R) Platinum 8375C CPU @ 2.90GHz,Intel(R) Xeon(R) Platinum 8375C CPU @ 2.90GHz,Intel
r6idn.8xlarge,us-east-1,use1-az1,1,0.0,0.0,1.0,3.12624,1.0781,65,r6idn,Memory,r,32.0,256.0,28956.5551,Intel(R) Xeon(R) Platinum 8375C CPU @ 2.90GHz,Intel(R) Xeon(R) Platinum 8375C CPU @ 2.90GHz,Intel
r6idn.8xlarge,us-east-1,use1-az2,3,1.0,5.0,1.0,3.12624,1.0412,66,r6idn,Memory,r,32.0,256.0,28956.5551,Intel(R) Xeon(R) Platinum 8375C CPU @ 2.90GHz,Intel(R) Xeon(R) Platinum 8375C CPU @ 2.90GHz,Intel
r6idn.8xlarge,us-east-1,use1-az4,3,1.0,1.0,1.0,3.12624,0.9943,68,r6idn,Memory,r,32.0,256.0,28956.5551,Intel(R) Xeon(R) Platinum 8375C CPU @ 2.90GHz,Intel(R) Xeon(R) Platinum 8375C CPU @ 2.90GHz,Intel
r6idn.8xlarge,us-east-1,use1-az5,1,0.0,0.0,1.0,3.12624,1.4637,53,r6idn,Memory,r,32.0,256.0,28956.5551,Intel(R) Xeon(R) Platinum 8375C CPU @ 2.90GHz,Intel(R) Xeon(R) Platinum 8375C CPU @ 2.90GHz,Intel
r6idn.8xlarge,us-east-1,use1-az6,1,0.0,0.0,1.0,3.12624,0.9182,70,r6idn,Memory,r,32.0,256.0,28956.5551,Intel(R) Xeon(R) Platinum 8375C CPU @ 2.90GHz,Intel(R) Xeon(R) Platinum 8375C CPU @ 2.90GHz,Intel
r6idn.large,us-east-1,use1-az1,3,1.0,1.0,3.0,0.19539,0.0704,63,r6idn,Memory,r,2.0,16.0,28922.4831,Intel(R) Xeon(R) Platinum 8375C CPU @ 2.90GHz,Intel(R) Xeon(R) Platinum 8375C CPU @ 2.90GHz,Intel
r6idn.large,us-east-1,use1-az2,3,1.0,5.0,3.0,0.19539,0.072,63,r6idn,Memory,r,2.0,16.0,28922.4831,Intel(R) Xeon(R) Platinum 8375C CPU @ 2.90GHz,Intel(R) Xeon(R) Platinum 8375C CPU @ 2.90GHz,Intel
r6idn.large,us-east-1,use1-az4,3,5.0,10.0,3.0,0.19539,0.066,66,r6idn,Memory,r,2.0,16.0,28922.4831,Intel(R) Xeon(R) Platinum 8375C CPU @ 2.90GHz,Intel(R) Xeon(R) Platinum 8375C CPU @ 2.90GHz,Intel
r6idn.large,us-east-1,use1-az5,3,5.0,5.0,3.0,0.19539,0.0739,62,r6idn,Memory,r,2.0,16.0,28922.4831,Intel(R) Xeon(R) Platinum 8375C CPU @ 2.90GHz,Intel(R) Xeon(R) Platinum 8375C CPU @ 2.90GHz,Intel
r6idn.large,us-east-1,use1-az6,3,5.0,10.0,3.0,0.19539,0.0586,70,r6idn,Memory,r,2.0,16.0,28922.4831,Intel(R) Xeon(R) Platinum 8375C CPU @ 2.90GHz,Intel(R) Xeon(R) Platinum 8375C CPU @ 2.90GHz,Intel
r6idn.xlarge,us-east-1,use1-az1,3,5.0,5.0,1.0,0.39078,0.1927,50,r6idn,Memory,r,4.0,32.0,29017.3107,Intel(R) Xeon(R) Platinum 8375C CPU @ 2.90GHz,Intel(R) Xeon(R) Platinum 8375C CPU @ 2.90GHz,Intel
r6idn.xlarge,us-east-1,use1-az2,3,5.0,5.0,1.0,0.39078,0.1811,53,r6idn,Memory,r,4.0,32.0,29017.3107,Intel(R) Xeon(R) Platinum 8375C CPU @ 2.90GHz,Intel(R) Xeon(R) Platinum 8375C CPU @ 2.90GHz,Intel
r6idn.xlarge,us-east-1,use1-az4,3,5.0,5.0,1.0,0.39078,0.171,56,r6idn,Memory,r,4.0,32.0,29017.3107,Intel(R) Xeon(R) Platinum 8375C CPU @ 2.90GHz,Intel(R) Xeon(R) Platinum 8375C CPU @ 2.90GHz,Intel
r6idn.xlarge,us-east-1,use1-az5,3,1.0,1.0,1.0,0.39078,0.1916,50,r6idn,Memory,r,4.0,32.0,29017.3107,Intel(R) Xeon(R) Platinum 8375C CPU @ 2.90GHz,Intel(R) Xeon(R) Platinum 8375C CPU @ 2.90GHz,Intel
r6idn.xlarge,us-east-1,use1-az6,3,1.0,5.0,1.0,0.39078,0.1691,56,r6idn,Memory,r,4.0,32.0,29017.3107,Intel(R) Xeon(R) Platinum 8375C CPU @ 2.90GHz,Intel(R) Xeon(R) Platinum 8375C CPU @ 2.90GHz,Intel
r6in.12xlarge,us-east-1,use1-az1,3,1.0,1.0,1.0,4.18392,1.6836,59,r6in,Memory,r,48.0,384.0,28999.8199294,Intel(R) Xeon(R) Platinum 8375C CPU @ 2.90GHz,Intel(R) Xeon(R) Platinum 8375C CPU @ 2.90GHz,Intel
r6in.12xlarge,us-east-1,use1-az2,3,1.0,5.0,1.0,4.18392,1.4672,64,r6in,Memory,r,48.0,384.0,28999.8199294,Intel(R) Xeon(R) Platinum 8375C CPU @ 2.90GHz,Intel(R) Xeon(R) Platinum 8375C CPU @ 2.90GHz,Intel
r6in.12xlarge,us-east-1,use1-az4,3,1.0,1.0,1.0,4.18392,1.4095,66,r6in,Memory,r,48.0,384.0,28999.8199294,Intel(R) Xeon(R) Platinum 8375C CPU @ 2.90GHz,Intel(R) Xeon(R) Platinum 8375C CPU @ 2.90GHz,Intel
r6in.12xlarge,us-east-1,use1-az5,1,0.0,0.0,1.0,4.18392,1.2511,70,r6in,Memory,r,48.0,384.0,28999.8199294,Intel(R) Xeon(R) Platinum 8375C CPU @ 2.90GHz,Intel(R) Xeon(R) Platinum 8375C CPU @ 2.90GHz,Intel
r6in.12xlarge,us-east-1,use1-az6,3,1.0,5.0,1.0,4.18392,1.2467,70,r6in,Memory,r,48.0,384.0,28999.8199294,Intel(R) Xeon(R) Platinum 8375C CPU @ 2.90GHz,Intel(R) Xeon(R) Platinum 8375C CPU @ 2.90GHz,Intel
r6in.16xlarge,us-east-1,use1-az1,3,1.0,1.0,1.0,5.57856,1.4811,73,r6in,Memory,r,64.0,512.0,29030.456523,Intel(R) Xeon(R) Platinum 8375C CPU @ 2.90GHz,Intel(R) Xeon(R) Platinum 8375C CPU @ 2.90GHz,Intel
r6in.16xlarge,us-east-1,use1-az2,3,5.0,10.0,1.0,5.57856,1.6567,70,r6in,Memory,r,64.0,512.0,29030.456523,Intel(R) Xeon(R) Platinum 8375C CPU @ 2.90GHz,Intel(R) Xeon(R) Platinum 8375C CPU @ 2.90GHz,Intel
r6in.16xlarge,us-east-1,use1-az4,3,1.0,1.0,1.0,5.57856,1.6705,70,r6in,Memory,r,64.0,512.0,29030.456523,Intel(R) Xeon(R) Platinum 8375C CPU @ 2.90GHz,Intel(R) Xeon(R) Platinum 8375C CPU @ 2.90GHz,Intel
r6in.16xlarge,us-east-1,use1-az5,3,1.0,1.0,1.0,5.57856,0.7418,86,r6in,Memory,r,64.0,512.0,29030.456523,Intel(R) Xeon(R) Platinum 8375C CPU @ 2.90GHz,Intel(R) Xeon(R) Platinum 8375C CPU @ 2.90GHz,Intel
r6in.16xlarge,us-east-1,use1-az6,3,1.0,1.0,1.0,5.57856,1.5271,72,r6in,Memory,r,64.0,512.0,29030.456523,Intel(R) Xeon(R) Platinum 8375C CPU @ 2.90GHz,Intel(R) Xeon(R) Platinum 8375C CPU @ 2.90GHz,Intel
r6in.24xlarge,us-east-1,use1-az1,3,1.0,1.0,1.0,8.36784,2.4446,70,r6in,Memory,r,96.0,768.0,29007.549157400004,Intel(R) Xeon(R) Platinum 8375C CPU @ 2.90GHz,Intel(R) Xeon(R) Platinum 8375C CPU @ 2.90GHz,Intel
r6in.24xlarge,us-east-1,use1-az2,3,5.0,10.0,1.0,8.36784,2.5522,69,r6in,Memory,r,96.0,768.0,29007.549157400004,Intel(R) Xeon(R) Platinum 8375C CPU @ 2.90GHz,Intel(R) Xeon(R) Platinum 8375C CPU @ 2.90GHz,Intel
r6in.24xlarge,us-east-1,use1-az4,3,5.0,5.0,1.0,8.36784,2.1716,74,r6in,Memory,r,96.0,768.0,29007.549157400004,Intel(R) Xeon(R) Platinum 8375C CPU @ 2.90GHz,Intel(R) Xeon(R) Platinum 8375C CPU @ 2.90GHz,Intel
r6in.24xlarge,us-east-1,use1-az5,1,0.0,0.0,1.0,8.36784,1.6185,80,r6in,Memory,r,96.0,768.0,29007.549157400004,Intel(R) Xeon(R) Platinum 8375C CPU @ 2.90GHz,Intel(R) Xeon(R) Platinum 8375C CPU @ 2.90GHz,Intel
r6in.24xlarge,us-east-1,use1-az6,2,0.0,1.0,1.0,8.36784,2.2361,73,r6in,Memory,r,96.0,768.0,29007.549157400004,Intel(R) Xeon(R) Platinum 8375C CPU @ 2.90GHz,Intel(R) Xeon(R) Platinum 8375C CPU @ 2.90GHz,Intel
r6in.2xlarge,us-east-1,use1-az1,3,5.0,10.0,1.5,0.69732,0.3291,52,r6in,Memory,r,8.0,64.0,29024.5758708,Intel(R) Xeon(R) Platinum 8375C CPU @ 2.90GHz,Intel(R) Xeon(R) Platinum 8375C CPU @ 2.90GHz,Intel
r6in.2xlarge,us-east-1,use1-az2,3,40.0,50.0,1.5,0.69732,0.3326,52,r6in,Memory,r,8.0,64.0,29024.5758708,Intel(R) Xeon(R) Platinum 8375C CPU @ 2.90GHz,Intel(R) Xeon(R) Platinum 8375C CPU @ 2.90GHz,Intel
r6in.2xlarge,us-east-1,use1-az4,3,15.0,30.0,1.5,0.69732,0.2936,57,r6in,Memory,r,8.0,64.0,29024.5758708,Intel(R) Xeon(R) Platinum 8375C CPU @ 2.90GHz,Intel(R) Xeon(R) Platinum 8375C CPU @ 2.90GHz,Intel
r6in.2xlarge,us-east-1,use1-az5,1,0.0,0.0,1.5,0.69732,0.3364,51,r6in,Memory,r,8.0,64.0,29024.5758708,Intel(R) Xeon(R) Platinum 8375C CPU @ 2.90GHz,Intel(R) Xeon(R) Platinum 8375C CPU @ 2.90GHz,Intel
r6in.2xlarge,us-east-1,use1-az6,3,20.0,25.0,1.5,0.69732,0.2701,61,r6in,Memory,r,8.0,64.0,29024.5758708,Intel(R) Xeon(R) Platinum 8375C CPU @ 2.90GHz,Intel(R) Xeon(R) Platinum 8375C CPU @ 2.90GHz,Intel
r6in.32xlarge,us-east-1,use1-az1,1,0.0,0.0,1.0,11.15712,2.8321,74,r6in,Memory,r,128.0,1024.0,28971.875437800005,Intel(R) Xeon(R) Platinum 8375C CPU @ 2.90GHz,Intel(R) Xeon(R) Platinum 8375C CPU @ 2.90GHz,Intel
r6in.32xlarge,us-east-1,use1-az2,3,1.0,1.0,1.0,11.15712,3.0277,72,r6in,Memory,r,128.0,1024.0,28971.875437800005,Intel(R) Xeon(R) Platinum 8375C CPU @ 2.90GHz,Intel(R) Xeon(R) Platinum 8375C CPU @ 2.90GHz,Intel
r6in.32xlarge,us-east-1,use1-az4,3,5.0,10.0,1.0,11.15712,2.8135,74,r6in,Memory,r,128.0,1024.0,28971.875437800005,Intel(R) Xeon(R) Platinum 8375C CPU @ 2.90GHz,Intel(R) Xeon(R) Platinum 8375C CPU @ 2.90GHz,Intel
r6in.32xlarge,us-east-1,use1-az5,2,0.0,1.0,1.0,11.15712,2.8203,74,r6in,Memory,r,128.0,1024.0,28971.875437800005,Intel(R) Xeon(R) Platinum 8375C CPU @ 2.90GHz,Intel(R) Xeon(R) Platinum 8375C CPU @ 2.90GHz,Intel
r6in.32xlarge,us-east-1,use1-az6,2,0.0,1.0,1.0,11.15712,2.8205,74,r6in,Memory,r,128.0,1024.0,28971.875437800005,Intel(R) Xeon(R) Platinum 8375C CPU @ 2.90GHz,Intel(R) Xeon(R) Platinum 8375C CPU @ 2.90GHz,Intel
r6in.4xlarge,us-east-1,use1-az1,3,5.0,5.0,1.0,1.39464,0.6191,55,r6in,Memory,r,16.0,128.0,28981.0300328,Intel(R) Xeon(R) Platinum 8375C CPU @ 2.90GHz,Intel(R) Xeon(R) Platinum 8375C CPU @ 2.90GHz,Intel
r6in.4xlarge,us-east-1,use1-az2,3,20.0,30.0,1.0,1.39464,0.6822,51,r6in,Memory,r,16.0,128.0,28981.0300328,Intel(R) Xeon(R) Platinum 8375C CPU @ 2.90GHz,Intel(R) Xeon(R) Platinum 8375C CPU @ 2.90GHz,Intel
r6in.4xlarge,us-east-1,use1-az4,3,25.0,35.0,1.0,1.39464,0.7395,46,r6in,Memory,r,16.0,128.0,28981.0300328,Intel(R) Xeon(R) Platinum 8375C CPU @ 2.90GHz,Intel(R) Xeon(R) Platinum 8375C CPU @ 2.90GHz,Intel
r6in.4xlarge,us-east-1,use1-az5,3,15.0,20.0,1.0,1.39464,0.5817,58,r6in,Memory,r,16.0,128.0,28981.0300328,Intel(R) Xeon(R) Platinum 8375C CPU @ 2.90GHz,Intel(R) Xeon(R) Platinum 8375C CPU @ 2.90GHz,Intel
r6in.4xlarge,us-east-1,use1-az6,3,30.0,30.0,1.0,1.39464,0.8258,40,r6in,Memory,r,16.0,128.0,28981.0300328,Intel(R) Xeon(R) Platinum 8375C CPU @ 2.90GHz,Intel(R) Xeon(R) Platinum 8375C CPU @ 2.90GHz,Intel
r6in.8xlarge,us-east-1,use1-az1,3,5.0,10.0,1.0,2.78928,0.809,70,r6in,Memory,r,32.0,256.0,28979.4757428,Intel(R) Xeon(R) Platinum 8375C CPU @ 2.90GHz,Intel(R) Xeon(R) Platinum 8375C CPU @ 2.90GHz,Intel
r6in.8xlarge,us-east-1,use1-az2,3,50.0,50.0,1.0,2.78928,0.8505,69,r6in,Memory,r,32.0,256.0,28979.4757428,Intel(R) Xeon(R) Platinum 8375C CPU @ 2.90GHz,Intel(R) Xeon(R) Platinum 8375C CPU @ 2.90GHz,Intel
r6in.8xlarge,us-east-1,use1-az4,3,50.0,50.0,1.0,2.78928,0.7232,74,r6in,Memory,r,32.0,256.0,28979.4757428,Intel(R) Xeon(R) Platinum 8375C CPU @ 2.90GHz,Intel(R) Xeon(R) Platinum 8375C CPU @ 2.90GHz,Intel
r6in.8xlarge,us-east-1,use1-az5,3,5.0,10.0,1.0,2.78928,0.7324,73,r6in,Memory,r,32.0,256.0,28979.4757428,Intel(R) Xeon(R) Platinum 8375C CPU @ 2.90GHz,Intel(R) Xeon(R) Platinum 8375C CPU @ 2.90GHz,Intel
r6in.8xlarge,us-east-1,use1-az6,3,35.0,45.0,1.0,2.78928,0.6873,75,r6in,Memory,r,32.0,256.0,28979.4757428,Intel(R) Xeon(R) Platinum 8375C CPU @ 2.90GHz,Intel(R) Xeon(R) Platinum 8375C CPU @ 2.90GHz,Intel
r6in.large,us-east-1,use1-az1,3,50.0,50.0,1.0,0.17433,0.0387,77,r6in,Memory,r,2.0,16.0,28982.6698086,Intel(R) Xeon(R) Platinum 8375C CPU @ 2.90GHz,Intel(R) Xeon(R) Platinum 8375C CPU @ 2.90GHz,Intel
r6in.large,us-east-1,use1-az2,3,50.0,50.0,1.0,0.17433,0.0265,84,r6in,Memory,r,2.0,16.0,28982.6698086,Intel(R) Xeon(R) Platinum 8375C CPU @ 2.90GHz,Intel(R) Xeon(R) Platinum 8375C CPU @ 2.90GHz,Intel
r6in.large,us-east-1,use1-az4,3,50.0,50.0,1.0,0.17433,0.0281,83,r6in,Memory,r,2.0,16.0,28982.6698086,Intel(R) Xeon(R) Platinum 8375C CPU @ 2.90GHz,Intel(R) Xeon(R) Platinum 8375C CPU @ 2.90GHz,Intel
r6in.large,us-east-1,use1-az5,3,20.0,30.0,1.0,0.17433,0.0343,80,r6in,Memory,r,2.0,16.0,28982.6698086,Intel(R) Xeon(R) Platinum 8375C CPU @ 2.90GHz,Intel(R) Xeon(R) Platinum 8375C CPU @ 2.90GHz,Intel
r6in.large,us-east-1,use1-az6,3,50.0,50.0,1.0,0.17433,0.0272,84,r6in,Memory,r,2.0,16.0,28982.6698086,Intel(R) Xeon(R) Platinum 8375C CPU @ 2.90GHz,Intel(R) Xeon(R) Platinum 8375C CPU @ 2.90GHz,Intel
r6in.xlarge,us-east-1,use1-az1,3,1.0,1.0,1.0,0.34866,0.1571,54,r6in,Memory,r,4.0,32.0,29002.831699,Intel(R) Xeon(R) Platinum 8375C CPU @ 2.90GHz,Intel(R) Xeon(R) Platinum 8375C CPU @ 2.90GHz,Intel
r6in.xlarge,us-east-1,use1-az2,3,15.0,20.0,1.0,0.34866,0.1162,66,r6in,Memory,r,4.0,32.0,29002.831699,Intel(R) Xeon(R) Platinum 8375C CPU @ 2.90GHz,Intel(R) Xeon(R) Platinum 8375C CPU @ 2.90GHz,Intel
r6in.xlarge,us-east-1,use1-az4,3,5.0,10.0,1.0,0.34866,0.1087,68,r6in,Memory,r,4.0,32.0,29002.831699,Intel(R) Xeon(R) Platinum 8375C CPU @ 2.90GHz,Intel(R) Xeon(R) Platinum 8375C CPU @ 2.90GHz,Intel
r6in.xlarge,us-east-1,use1-az5,3,1.0,1.0,1.0,0.34866,0.1524,56,r6in,Memory,r,4.0,32.0,29002.831699,Intel(R) Xeon(R) Platinum 8375C CPU @ 2.90GHz,Intel(R) Xeon(R) Platinum 8375C CPU @ 2.90GHz,Intel
r6in.xlarge,us-east-1,use1-az6,3,5.0,5.0,1.0,0.34866,0.1419,59,r6in,Memory,r,4.0,32.0,29002.831699,Intel(R) Xeon(R) Platinum 8375C CPU @ 2.90GHz,Intel(R) Xeon(R) Platinum 8375C CPU @ 2.90GHz,Intel
r7a.12xlarge,us-east-1,use1-az1,3,1.0,5.0,1.0,3.6516,1.3762,62,r7a,Memory,r,48.0,384.0,35594.098298,AMD EPYC 9R14,AMD EPYC 9R14,AMD
r7a.12xlarge,us-east-1,use1-az2,3,5.0,5.0,1.0,3.6516,1.1515,68,r7a,Memory,r,48.0,384.0,35594.098298,AMD EPYC 9R14,AMD EPYC 9R14,AMD
r7a.12xlarge,us-east-1,use1-az4,3,5.0,5.0,1.0,3.6516,1.2057,66,r7a,Memory,r,48.0,384.0,35594.098298,AMD EPYC 9R14,AMD EPYC 9R14,AMD
r7a.12xlarge,us-east-1,use1-az5,1,0.0,0.0,1.0,3.6516,1.0569,71,r7a,Memory,r,48.0,384.0,35594.098298,AMD EPYC 9R14,AMD EPYC 9R14,AMD
r7a.12xlarge,us-east-1,use1-az6,3,5.0,5.0,1.0,3.6516,1.0261,71,r7a,Memory,r,48.0,384.0,35594.098298,AMD EPYC 9R14,AMD EPYC 9R14,AMD
r7a.16xlarge,us-east-1,use1-az1,3,1.0,5.0,1.5,4.8688,1.2861,73,r7a,Memory,r,64.0,512.0,35552.02395340001,AMD EPYC 9R14,AMD EPYC 9R14,AMD
r7a.16xlarge,us-east-1,use1-az2,3,50.0,50.0,1.5,4.8688,1.7808,63,r7a,Memory,r,64.0,512.0,35552.02395340001,AMD EPYC 9R14,AMD EPYC 9R14,AMD
r7a.16xlarge,us-east-1,use1-az4,3,50.0,50.0,1.5,4.8688,1.6036,67,r7a,Memory,r,64.0,512.0,35552.02395340001,AMD EPYC 9R14,AMD EPYC 9R14,AMD
r7a.16xlarge,us-east-1,use1-az5,1,0.0,0.0,1.5,4.8688,1.4506,70,r7a,Memory,r,64.0,512.0,35552.02395340001,AMD EPYC 9R14,AMD EPYC 9R14,AMD
r7a.16xlarge,us-east-1,use1-az6,3,50.0,50.0,1.5,4.8688,1.6647,65,r7a,Memory,r,64.0,512.0,35552.02395340001,AMD EPYC 9R14,AMD EPYC 9R14,AMD
r7a.24xlarge,us-east-1,use1-az1,2,0.0,1.0,1.5,7.3032,1.9564,73,r7a,Memory,r,96.0,768.0,35605.2477766,AMD EPYC 9R14,AMD EPYC 9R14,AMD
r7a.24xlarge,us-east-1,use1-az2,3,5.0,5.0,1.5,7.3032,3.0426,58,r7a,Memory,r,96.0,768.0,35605.2477766,AMD EPYC 9R14,AMD EPYC 9R14,AMD
r7a.24xlarge,us-east-1,use1-az4,3,10.0,15.0,1.5,7.3032,2.5198,65,r7a,Memory,r,96.0,768.0,35605.2477766,AMD EPYC 9R14,AMD EPYC 9R14,AMD
r7a.24xlarge,us-east-1,use1-az5,1,0.0,0.0,1.5,7.3032,1.9985,72,r7a,Memory,r,96.0,768.0,35605.2477766,AMD EPYC 9R14,AMD EPYC 9R14,AMD
r7a.24xlarge,us-east-1,use1-az6,3,1.0,1.0,1.5,7.3032,2.979,59,r7a,Memory,r,96.0,768.0,35605.2477766,AMD EPYC 9R14,AMD EPYC 9R14,AMD
r7a.2xlarge,us-east-1,use1-az1,3,25.0,45.0,1.5,0.6086,0.2596,57,r7a,Memory,r,8.0,64.0,35584.9629768,AMD EPYC 9R14,AMD EPYC 9R14,AMD
r7a.2xlarge,us-east-1,use1-az2,3,50.0,50.0,1.5,0.6086,0.2474,59,r7a,Memory,r,8.0,64.0,35584.9629768,AMD EPYC 9R14,AMD EPYC 9R14,AMD
r7a.2xlarge,us-east-1,use1-az4,3,30.0,50.0,1.5,0.6086,0.2997,50,r7a,Memory,r,8.0,64.0,35584.9629768,AMD EPYC 9R14,AMD EPYC 9R14,AMD
r7a.2xlarge,us-east-1,use1-az5,1,0.0,0.0,1.5,0.6086,0.2536,58,r7a,Memory,r,8.0,64.0,35584.9629768,AMD EPYC 9R14,AMD EPYC 9R14,AMD
r7a.2xlarge,us-east-1,use1-az6,3,20.0,40.0,1.5,0.6086,0.2792,54,r7a,Memory,r,8.0,64.0,35584.9629768,AMD EPYC 9R14,AMD EPYC 9R14,AMD
r7a.32xlarge,us-east-1,use1-az1,1,0.0,0.0,1.0,9.7376,2.5383,73,r7a,Memory,r,128.0,1024.0,35624.4450724,AMD EPYC 9R14,AMD EPYC 9R14,AMD
r7a.32xlarge,us-east-1,use1-az2,3,5.0,10.0,1.0,9.7376,1.7595,81,r7a,Memory,r,128.0,1024.0,35624.4450724,AMD EPYC 9R14,AMD EPYC 9R14,AMD
r7a.32xlarge,us-east-1,use1-az4,3,35.0,50.0,1.0,9.7376,1.6526,83,r7a,Memory,r,128.0,1024.0,35624.4450724,AMD EPYC 9R14,AMD EPYC 9R14,AMD
r7a.32xlarge,us-east-1,use1-az5,1,0.0,0.0,1.0,9.7376,1.9789,79,r7a,Memory,r,128.0,1024.0,35624.4450724,AMD EPYC 9R14,AMD EPYC 9R14,AMD
r7a.32xlarge,us-east-1,use1-az6,3,5.0,10.0,1.0,9.7376,1.877,80,r7a,Memory,r,128.0,1024.0,35624.4450724,AMD EPYC 9R14,AMD EPYC 9R14,AMD
r7a.48xlarge,us-east-1,use1-az1,2,0.0,1.0,1.0,14.6064,3.4135,76,r7a,Memory,r,192.0,1536.0,35643.6463564,AMD EPYC 9R14,AMD EPYC 9R14,AMD
r7a.48xlarge,us-east-1,use1-az2,3,15.0,20.0,1.0,14.6064,3.0621,79,r7a,Memory,r,192.0,1536.0,35643.6463564,AMD EPYC 9R14,AMD EPYC 9R14,AMD
r7a.48xlarge,us-east-1,use1-az4,3,30.0,50.0,1.0,14.6064,2.0725,85,r7a,Memory,r,192.0,1536.0,35643.6463564,AMD EPYC 9R14,AMD EPYC 9R14,AMD
r7a.48xlarge,us-east-1,use1-az5,1,0.0,0.0,1.0,14.6064,4.0115,72,r7a,Memory,r,192.0,1536.0,35643.6463564,AMD EPYC 9R14,AMD EPYC 9R14,AMD
r7a.48xlarge,us-east-1,use1-az6,3,10.0,15.0,1.0,14.6064,2.8041,80,r7a,Memory,r,192.0,1536.0,35643.6463564,AMD EPYC 9R14,AMD EPYC 9R14,AMD
r7a.4xlarge,us-east-1,use1-az1,3,5.0,10.0,1.0,1.2172,0.6591,45,r7a,Memory,r,16.0,128.0,35601.1796332,AMD EPYC 9R14,AMD EPYC 9R14,AMD
r7a.4xlarge,us-east-1,use1-az2,3,15.0,25.0,1.0,1.2172,0.4966,59,r7a,Memory,r,16.0,128.0,35601.1796332,AMD EPYC 9R14,AMD EPYC 9R14,AMD
r7a.4xlarge,us-east-1,use1-az4,3,50.0,50.0,1.0,1.2172,0.4009,67,r7a,Memory,r,16.0,128.0,35601.1796332,AMD EPYC 9R14,AMD EPYC 9R14,AMD
r7a.4xlarge,us-east-1,use1-az5,1,0.0,0.0,1.0,1.2172,0.6242,48,r7a,Memory,r,16.0,128.0,35601.1796332,AMD EPYC 9R14,AMD EPYC 9R14,AMD
r7a.4xlarge,us-east-1,use1-az6,3,15.0,25.0,1.0,1.2172,0.4864,60,r7a,Memory,r,16.0,128.0,35601.1796332,AMD EPYC 9R14,AMD EPYC 9R14,AMD
r7a.8xlarge,us-east-1,use1-az1,3,20.0,45.0,1.0,2.4344,0.6946,71,r7a,Memory,r,32.0,256.0,35566.829638,AMD EPYC 9R14,AMD EPYC 9R14,AMD
r7a.8xlarge,us-east-1,use1-az2,3,50.0,50.0,1.0,2.4344,0.519,78,r7a,Memory,r,32.0,256.0,35566.829638,AMD EPYC 9R14,AMD EPYC 9R14,AMD
r7a.8xlarge,us-east-1,use1-az4,3,50.0,50.0,1.0,2.4344,0.3505,85,r7a,Memory,r,32.0,256.0,35566.829638,AMD EPYC 9R14,AMD EPYC 9R14,AMD
r7a.8xlarge,us-east-1,use1-az5,1,0.0,0.0,1.0,2.4344,0.6622,72,r7a,Memory,r,32.0,256.0,35566.829638,AMD EPYC 9R14,AMD EPYC 9R14,AMD
r7a.8xlarge,us-east-1,use1-az6,3,50.0,50.0,1.0,2.4344,0.5986,75,r7a,Memory,r,32.0,256.0,35566.829638,AMD EPYC 9R14,AMD EPYC 9R14,AMD
r7a.large,us-east-1,use1-az1,3,20.0,30.0,2.0,0.15215,0.0653,57,r7a,Memory,r,2.0,16.0,35626.7616784,AMD EPYC 9R14,AMD EPYC 9R14,AMD
r7a.large,us-east-1,use1-az2,3,50.0,50.0,2.0,0.15215,0.0596,60,r7a,Memory,r,2.0,16.0,35626.7616784,AMD EPYC 9R14,AMD EPYC 9R14,AMD
r7a.large,us-east-1,use1-az4,3,50.0,50.0,2.0,0.15215,0.0569,62,r7a,Memory,r,2.0,16.0,35626.7616784,AMD EPYC 9R14,AMD EPYC 9R14,AMD
r7a.large,us-east-1,use1-az5,3,1.0,5.0,2.0,0.15215,0.0565,62,r7a,Memory,r,2.0,16.0,35626.7616784,AMD EPYC 9R14,AMD EPYC 9R14,AMD
r7a.large,us-east-1,use1-az6,3,30.0,50.0,2.0,0.15215,0.0603,60,r7a,Memory,r,2.0,16.0,35626.7616784,AMD EPYC 9R14,AMD EPYC 9R14,AMD
r7a.medium,us-east-1,use1-az1,3,35.0,50.0,3.0,0.07608,0.0269,64,r7a,Memory,r,1.0,8.0,35571.0988776,AMD EPYC 9R14,AMD EPYC 9R14,AMD
r7a.medium,us-east-1,use1-az2,3,50.0,50.0,3.0,0.07608,0.0321,57,r7a,Memory,r,1.0,8.0,35571.0988776,AMD EPYC 9R14,AMD EPYC 9R14,AMD
r7a.medium,us-east-1,use1-az4,3,50.0,50.0,3.0,0.07608,0.0303,60,r7a,Memory,r,1.0,8.0,35571.0988776,AMD EPYC 9R14,AMD EPYC 9R14,AMD
r7a.medium,us-east-1,use1-az5,3,5.0,10.0,3.0,0.07608,0.0255,66,r7a,Memory,r,1.0,8.0,35571.0988776,AMD EPYC 9R14,AMD EPYC 9R14,AMD
r7a.medium,us-east-1,use1-az6,3,50.0,50.0,3.0,0.07608,0.0311,59,r7a,Memory,r,1.0,8.0,35571.0988776,AMD EPYC 9R14,AMD EPYC 9R14,AMD
r7a.xlarge,us-east-1,use1-az1,3,10.0,15.0,2.5,0.3043,0.1623,46,r7a,Memory,r,4.0,32.0,35510.57794519999,AMD EPYC 9R14,AMD EPYC 9R14,AMD
r7a.xlarge,us-east-1,use1-az2,3,50.0,50.0,2.5,0.3043,0.1305,57,r7a,Memory,r,4.0,32.0,35510.57794519999,AMD EPYC 9R14,AMD EPYC 9R14,AMD
r7a.xlarge,us-east-1,use1-az4,3,50.0,50.0,2.5,0.3043,0.1468,51,r7a,Memory,r,4.0,32.0,35510.57794519999,AMD EPYC 9R14,AMD EPYC 9R14,AMD
r7a.xlarge,us-east-1,use1-az5,3,1.0,1.0,2.5,0.3043,0.1105,63,r7a,Memory,r,4.0,32.0,35510.57794519999,AMD EPYC 9R14,AMD EPYC 9R14,AMD
r7a.xlarge,us-east-1,use1-az6,3,50.0,50.0,2.5,0.3043,0.1023,66,r7a,Memory,r,4.0,32.0,35510.57794519999,AMD EPYC 9R14,AMD EPYC 9R14,AMD
r7g.12xlarge,us-east-1,use1-az1,3,35.0,50.0,1.0,2.5704,0.7988,68,r7g,Memory,r,48.0,384.0,24073.0669812,AWS Graviton3 Processor,AWS Graviton3 Processor,AWS
r7g.12xlarge,us-east-1,use1-az2,3,50.0,50.0,1.0,2.5704,0.6145,76,r7g,Memory,r,48.0,384.0,24073.0669812,AWS Graviton3 Processor,AWS Graviton3 Processor,AWS
r7g.12xlarge,us-east-1,use1-az4,3,50.0,50.0,1.0,2.5704,0.6924,73,r7g,Memory,r,48.0,384.0,24073.0669812,AWS Graviton3 Processor,AWS Graviton3 Processor,AWS
r7g.12xlarge,us-east-1,use1-az5,3,5.0,5.0,1.0,2.5704,0.794,69,r7g,Memory,r,48.0,384.0,24073.0669812,AWS Graviton3 Processor,AWS Graviton3 Processor,AWS
r7g.12xlarge,us-east-1,use1-az6,3,50.0,50.0,1.0,2.5704,0.765,70,r7g,Memory,r,48.0,384.0,24073.0669812,AWS Graviton3 Processor,AWS Graviton3 Processor,AWS
r7g.16xlarge,us-east-1,use1-az1,3,20.0,45.0,1.0,3.4272,0.5069,85,r7g,Memory,r,64.0,512.0,24069.1302852,AWS Graviton3 Processor,AWS Graviton3 Processor,AWS
r7g.16xlarge,us-east-1,use1-az2,3,50.0,50.0,1.0,3.4272,0.6797,80,r7g,Memory,r,64.0,512.0,24069.1302852,AWS Graviton3 Processor,AWS Graviton3 Processor,AWS
r7g.16xlarge,us-east-1,use1-az4,3,50.0,50.0,1.0,3.4272,0.6003,82,r7g,Memory,r,64.0,512.0,24069.1302852,AWS Graviton3 Processor,AWS Graviton3 Processor,AWS
r7g.16xlarge,us-east-1,use1-az5,3,35.0,50.0,1.0,3.4272,0.6019,82,r7g,Memory,r,64.0,512.0,24069.1302852,AWS Graviton3 Processor,AWS Graviton3 Processor,AWS
r7g.16xlarge,us-east-1,use1-az6,3,50.0,50.0,1.0,3.4272,0.8946,73,r7g,Memory,r,64.0,512.0,24069.1302852,AWS Graviton3 Processor,AWS Graviton3 Processor,AWS
r7g.2xlarge,us-east-1,use1-az1,3,20.0,30.0,1.0,0.4284,0.1593,62,r7g,Memory,r,8.0,64.0,24077.3574614,AWS Graviton3 Processor,AWS Graviton3 Processor,AWS
r7g.2xlarge,us-east-1,use1-az2,3,50.0,50.0,1.0,0.4284,0.1358,68,r7g,Memory,r,8.0,64.0,24077.3574614,AWS Graviton3 Processor,AWS Graviton3 Processor,AWS
r7g.2xlarge,us-east-1,use1-az4,3,50.0,50.0,1.0,0.4284,0.1307,69,r7g,Memory,r,8.0,64.0,24077.3574614,AWS Graviton3 Processor,AWS Graviton3 Processor,AWS
r7g.2xlarge,us-east-1,use1-az5,3,25.0,40.0,1.0,0.4284,0.1361,68,r7g,Memory,r,8.0,64.0,24077.3574614,AWS Graviton3 Processor,AWS Graviton3 Processor,AWS
r7g.2xlarge,us-east-1,use1-az6,3,50.0,50.0,1.0,0.4284,0.1526,64,r7g,Memory,r,8.0,64.0,24077.3574614,AWS Graviton3 Processor,AWS Graviton3 Processor,AWS
r7g.4xlarge,us-east-1,use1-az1,3,50.0,50.0,1.0,0.8568,0.3116,63,r7g,Memory,r,16.0,128.0,24077.0095074,AWS Graviton3 Processor,AWS Graviton3 Processor,AWS
r7g.4xlarge,us-east-1,use1-az2,3,50.0,50.0,1.0,0.8568,0.2771,67,r7g,Memory,r,16.0,128.0,24077.0095074,AWS Graviton3 Processor,AWS Graviton3 Processor,AWS
r7g.4xlarge,us-east-1,use1-az4,3,50.0,50.0,1.0,0.8568,0.2757,67,r7g,Memory,r,16.0,128.0,24077.0095074,AWS Graviton3 Processor,AWS Graviton3 Processor,AWS
r7g.4xlarge,us-east-1,use1-az5,3,50.0,50.0,1.0,0.8568,0.2992,65,r7g,Memory,r,16.0,128.0,24077.0095074,AWS Graviton3 Processor,AWS Graviton3 Processor,AWS
r7g.4xlarge,us-east-1,use1-az6,3,50.0,50.0,1.0,0.8568,0.2952,65,r7g,Memory,r,16.0,128.0,24077.0095074,AWS Graviton3 Processor,AWS Graviton3 Processor,AWS
r7g.8xlarge,us-east-1,use1-az1,3,45.0,50.0,2.0,1.7136,0.5467,68,r7g,Memory,r,32.0,256.0,24083.3886114,AWS Graviton3 Processor,AWS Graviton3 Processor,AWS
r7g.8xlarge,us-east-1,use1-az2,3,50.0,50.0,2.0,1.7136,0.5154,69,r7g,Memory,r,32.0,256.0,24083.3886114,AWS Graviton3 Processor,AWS Graviton3 Processor,AWS
r7g.8xlarge,us-east-1,use1-az4,3,50.0,50.0,2.0,1.7136,0.5291,69,r7g,Memory,r,32.0,256.0,24083.3886114,AWS Graviton3 Processor,AWS Graviton3 Processor,AWS
r7g.8xlarge,us-east-1,use1-az5,3,50.0,50.0,2.0,1.7136,0.6658,61,r7g,Memory,r,32.0,256.0,24083.3886114,AWS Graviton3 Processor,AWS Graviton3 Processor,AWS
r7g.8xlarge,us-east-1,use1-az6,3,50.0,50.0,2.0,1.7136,0.5706,66,r7g,Memory,r,32.0,256.0,24083.3886114,AWS Graviton3 Processor,AWS Graviton3 Processor,AWS
r7g.large,us-east-1,use1-az1,3,50.0,50.0,1.0,0.1071,0.0352,67,r7g,Memory,r,2.0,16.0,24079.6750146,AWS Graviton3 Processor,AWS Graviton3 Processor,AWS
r7g.large,us-east-1,use1-az2,3,50.0,50.0,1.0,0.1071,0.0439,59,r7g,Memory,r,2.0,16.0,24079.6750146,AWS Graviton3 Processor,AWS Graviton3 Processor,AWS
r7g.large,us-east-1,use1-az4,3,50.0,50.0,1.0,0.1071,0.0283,73,r7g,Memory,r,2.0,16.0,24079.6750146,AWS Graviton3 Processor,AWS Graviton3 Processor,AWS
r7g.large,us-east-1,use1-az5,3,50.0,50.0,1.0,0.1071,0.0325,69,r7g,Memory,r,2.0,16.0,24079.6750146,AWS Graviton3 Processor,AWS Graviton3 Processor,AWS
r7g.large,us-east-1,use1-az6,3,50.0,50.0,1.0,0.1071,0.0299,72,r7g,Memory,r,2.0,16.0,24079.6750146,AWS Graviton3 Processor,AWS Graviton3 Processor,AWS
r7g.medium,us-east-1,use1-az1,3,20.0,35.0,1.0,0.0536,0.0188,64,r7g,Memory,r,1.0,8.0,24085.4820246,AWS Graviton3 Processor,AWS Graviton3 Processor,AWS
r7g.medium,us-east-1,use1-az2,3,50.0,50.0,1.0,0.0536,0.0176,67,r7g,Memory,r,1.0,8.0,24085.4820246,AWS Graviton3 Processor,AWS Graviton3 Processor,AWS
r7g.medium,us-east-1,use1-az4,3,30.0,45.0,1.0,0.0536,0.017,68,r7g,Memory,r,1.0,8.0,24085.4820246,AWS Graviton3 Processor,AWS Graviton3 Processor,AWS
r7g.medium,us-east-1,use1-az5,3,15.0,25.0,1.0,0.0536,0.0192,64,r7g,Memory,r,1.0,8.0,24085.4820246,AWS Graviton3 Processor,AWS Graviton3 Processor,AWS
r7g.medium,us-east-1,use1-az6,3,10.0,20.0,1.0,0.0536,0.0177,66,r7g,Memory,r,1.0,8.0,24085.4820246,AWS Graviton3 Processor,AWS Graviton3 Processor,AWS
r7g.xlarge,us-east-1,use1-az1,3,50.0,50.0,1.0,0.2142,0.0612,71,r7g,Memory,r,4.0,32.0,24078.167410400005,AWS Graviton3 Processor,AWS Graviton3 Processor,AWS
r7g.xlarge,us-east-1,use1-az2,3,50.0,50.0,1.0,0.2142,0.0624,70,r7g,Memory,r,4.0,32.0,24078.167410400005,AWS Graviton3 Processor,AWS Graviton3 Processor,AWS
r7g.xlarge,us-east-1,use1-az4,3,50.0,50.0,1.0,0.2142,0.0715,66,r7g,Memory,r,4.0,32.0,24078.167410400005,AWS Graviton3 Processor,AWS Graviton3 Processor,AWS
r7g.xlarge,us-east-1,use1-az5,3,50.0,50.0,1.0,0.2142,0.0536,74,r7g,Memory,r,4.0,32.0,24078.167410400005,AWS Graviton3 Processor,AWS Graviton3 Processor,AWS
r7g.xlarge,us-east-1,use1-az6,3,50.0,50.0,1.0,0.2142,0.067,68,r7g,Memory,r,4.0,32.0,24078.167410400005,AWS Graviton3 Processor,AWS Graviton3 Processor,AWS
r7gd.12xlarge,us-east-1,use1-az1,3,1.0,1.0,1.0,3.2659,0.7589,76,r7gd,Memory,r,48.0,384.0,24079.7958,AWS Graviton3 Processor,AWS Graviton3 Processor,AWS
r7gd.12xlarge,us-east-1,use1-az2,3,1.0,5.0,1.0,3.2659,0.8515,73,r7gd,Memory,r,48.0,384.0,24079.7958,AWS Graviton3 Processor,AWS Graviton3 Processor,AWS
r7gd.12xlarge,us-east-1,use1-az4,3,1.0,5.0,1.0,3.2659,0.8469,74,r7gd,Memory,r,48.0,384.0,24079.7958,AWS Graviton3 Processor,AWS Graviton3 Processor,AWS
r7gd.12xlarge,us-east-1,use1-az5,3,1.0,1.0,1.0,3.2659,0.837,74,r7gd,Memory,r,48.0,384.0,24079.7958,AWS Graviton3 Processor,AWS Graviton3 Processor,AWS
r7gd.12xlarge,us-east-1,use1-az6,3,10.0,15.0,1.0,3.2659,0.8663,73,r7gd,Memory,r,48.0,384.0,24079.7958,AWS Graviton3 Processor,AWS Graviton3 Processor,AWS
r7gd.16xlarge,us-east-1,use1-az1,3,5.0,10.0,2.0,4.3546,1.5356,64,r7gd,Memory,r,64.0,512.0,24077.081,AWS Graviton3 Processor,AWS Graviton3 Processor,AWS
r7gd.16xlarge,us-east-1,use1-az2,3,10.0,15.0,2.0,4.3546,1.3992,67,r7gd,Memory,r,64.0,512.0,24077.081,AWS Graviton3 Processor,AWS Graviton3 Processor,AWS
r7gd.16xlarge,us-east-1,use1-az4,3,1.0,1.0,2.0,4.3546,1.2772,70,r7gd,Memory,r,64.0,512.0,24077.081,AWS Graviton3 Processor,AWS Graviton3 Processor,AWS
r7gd.16xlarge,us-east-1,use1-az5,3,10.0,15.0,2.0,4.3546,1.1718,73,r7gd,Memory,r,64.0,512.0,24077.081,AWS Graviton3 Processor,AWS Graviton3 Processor,AWS
r7gd.16xlarge,us-east-1,use1-az6,3,5.0,10.0,2.0,4.3546,0.7978,81,r7gd,Memory,r,64.0,512.0,24077.081,AWS Graviton3 Processor,AWS Graviton3 Processor,AWS
r7gd.2xlarge,us-east-1,use1-az1,3,20.0,20.0,1.0,0.5443,0.2416,55,r7gd,Memory,r,8.0,64.0,24077.081,AWS Graviton3 Processor,AWS Graviton3 Processor,AWS
r7gd.2xlarge,us-east-1,use1-az2,3,5.0,10.0,1.0,0.5443,0.263,51,r7gd,Memory,r,8.0,64.0,24077.081,AWS Graviton3 Processor,AWS Graviton3 Processor,AWS
r7gd.2xlarge,us-east-1,use1-az4,3,1.0,1.0,1.0,0.5443,0.2513,53,r7gd,Memory,r,8.0,64.0,24077.081,AWS Graviton3 Processor,AWS Graviton3 Processor,AWS
r7gd.2xlarge,us-east-1,use1-az5,3,1.0,5.0,1.0,0.5443,0.2026,62,r7gd,Memory,r,8.0,64.0,24077.081,AWS Graviton3 Processor,AWS Graviton3 Processor,AWS
r7gd.2xlarge,us-east-1,use1-az6,3,20.0,20.0,1.0,0.5443,0.2475,54,r7gd,Memory,r,8.0,64.0,24077.081,AWS Graviton3 Processor,AWS Graviton3 Processor,AWS
r7gd.4xlarge,us-east-1,use1-az1,3,5.0,10.0,1.0,1.0886,0.5235,51,r7gd,Memory,r,16.0,128.0,24073.5307,AWS Graviton3 Processor,AWS Graviton3 Processor,AWS
r7gd.4xlarge,us-east-1,use1-az2,3,5.0,10.0,1.0,1.0886,0.4365,59,r7gd,Memory,r,16.0,128.0,24073.5307,AWS Graviton3 Processor,AWS Graviton3 Processor,AWS
r7gd.4xlarge,us-east-1,use1-az4,3,10.0,15.0,1.0,1.0886,0.4684,56,r7gd,Memory,r,16.0,128.0,24073.5307,AWS Graviton3 Processor,AWS Graviton3 Processor,AWS
r7gd.4xlarge,us-east-1,use1-az5,3,1.0,1.0,1.0,1.0886,0.7112,34,r7gd,Memory,r,16.0,128.0,24073.5307,AWS Graviton3 Processor,AWS Graviton3 Processor,AWS
r7gd.4xlarge,us-east-1,use1-az6,3,10.0,10.0,1.0,1.0886,0.532,51,r7gd,Memory,r,16.0,128.0,24073.5307,AWS Graviton3 Processor,AWS Graviton3 Processor,AWS
r7gd.8xlarge,us-east-1,use1-az1,3,1.0,5.0,1.0,2.1773,0.8532,60,r7gd,Memory,r,32.0,256.0,24077.081,AWS Graviton3 Processor,AWS Graviton3 Processor,AWS
r7gd.8xlarge,us-east-1,use1-az2,3,15.0,40.0,1.0,2.1773,0.609,72,r7gd,Memory,r,32.0,256.0,24077.081,AWS Graviton3 Processor,AWS Graviton3 Processor,AWS
r7gd.8xlarge,us-east-1,use1-az4,3,5.0,10.0,1.0,2.1773,0.5933,72,r7gd,Memory,r,32.0,256.0,24077.081,AWS Graviton3 Processor,AWS Graviton3 Processor,AWS
r7gd.8xlarge,us-east-1,use1-az5,1,0.0,0.0,1.0,2.1773,1.1932,45,r7gd,Memory,r,32.0,256.0,24077.081,AWS Graviton3 Processor,AWS Graviton3 Processor,AWS
r7gd.8xlarge,us-east-1,use1-az6,3,15.0,50.0,1.0,2.1773,0.6145,71,r7gd,Memory,r,32.0,256.0,24077.081,AWS Graviton3 Processor,AWS Graviton3 Processor,AWS
r7gd.large,us-east-1,use1-az1,3,5.0,10.0,1.5,0.1361,0.0514,62,r7gd,Memory,r,2.0,16.0,24077.081,AWS Graviton3 Processor,AWS Graviton3 Processor,AWS
r7gd.large,us-east-1,use1-az2,3,5.0,15.0,1.5,0.1361,0.0561,58,r7gd,Memory,r,2.0,16.0,24077.081,AWS Graviton3 Processor,AWS Graviton3 Processor,AWS
r7gd.large,us-east-1,use1-az4,3,10.0,10.0,1.5,0.1361,0.049,63,r7gd,Memory,r,2.0,16.0,24077.081,AWS Graviton3 Processor,AWS Graviton3 Processor,AWS
r7gd.large,us-east-1,use1-az5,3,5.0,5.0,1.5,0.1361,0.0453,66,r7gd,Memory,r,2.0,16.0,24077.081,AWS Graviton3 Processor,AWS Graviton3 Processor,AWS
r7gd.large,us-east-1,use1-az6,3,5.0,10.0,1.5,0.1361,0.0481,64,r7gd,Memory,r,2.0,16.0,24077.081,AWS Graviton3 Processor,AWS Graviton3 Processor,AWS
r7gd.medium,us-east-1,use1-az1,3,5.0,10.0,1.0,0.068,0.0212,68,r7gd,Memory,r,1.0,8.0,24088.9596,AWS Graviton3 Processor,AWS Graviton3 Processor,AWS
r7gd.medium,us-east-1,use1-az2,3,10.0,15.0,1.0,0.068,0.0212,68,r7gd,Memory,r,1.0,8.0,24088.9596,AWS Graviton3 Processor,AWS Graviton3 Processor,AWS
r7gd.medium,us-east-1,use1-az4,3,5.0,10.0,1.0,0.068,0.021,69,r7gd,Memory,r,1.0,8.0,24088.9596,AWS Graviton3 Processor,AWS Graviton3 Processor,AWS
r7gd.medium,us-east-1,use1-az5,3,10.0,15.0,1.0,0.068,0.0207,69,r7gd,Memory,r,1.0,8.0,24088.9596,AWS Graviton3 Processor,AWS Graviton3 Processor,AWS
r7gd.medium,us-east-1,use1-az6,3,15.0,20.0,1.0,0.068,0.0213,68,r7gd,Memory,r,1.0,8.0,24088.9596,AWS Graviton3 Processor,AWS Graviton3 Processor,AWS
r7gd.xlarge,us-east-1,use1-az1,3,20.0,35.0,1.0,0.2722,0.1166,57,r7gd,Memory,r,4.0,32.0,24077.081,AWS Graviton3 Processor,AWS Graviton3 Processor,AWS
r7gd.xlarge,us-east-1,use1-az2,3,15.0,25.0,1.0,0.2722,0.0933,65,r7gd,Memory,r,4.0,32.0,24077.081,AWS Graviton3 Processor,AWS Graviton3 Processor,AWS
r7gd.xlarge,us-east-1,use1-az4,3,5.0,5.0,1.0,0.2722,0.1164,57,r7gd,Memory,r,4.0,32.0,24077.081,AWS Graviton3 Processor,AWS Graviton3 Processor,AWS
r7gd.xlarge,us-east-1,use1-az5,3,5.0,10.0,1.0,0.2722,0.0803,70,r7gd,Memory,r,4.0,32.0,24077.081,AWS Graviton3 Processor,AWS Graviton3 Processor,AWS
r7gd.xlarge,us-east-1,use1-az6,3,5.0,10.0,1.0,0.2722,0.1153,57,r7gd,Memory,r,4.0,32.0,24077.081,AWS Graviton3 Processor,AWS Graviton3 Processor,AWS
r7i.12xlarge,us-east-1,use1-az1,1,0.0,0.0,1.0,3.1752,0.9897,68,r7i,Memory,r,48.0,384.0,34303.2326352,Intel(R) Xeon(R) Platinum 8488C,Intel(R) Xeon(R) Platinum 8488C,Intel
r7i.12xlarge,us-east-1,use1-az2,3,1.0,1.0,1.0,3.1752,0.929,70,r7i,Memory,r,48.0,384.0,34303.2326352,Intel(R) Xeon(R) Platinum 8488C,Intel(R) Xeon(R) Platinum 8488C,Intel
r7i.12xlarge,us-east-1,use1-az4,3,5.0,10.0,1.0,3.1752,0.9409,70,r7i,Memory,r,48.0,384.0,34303.2326352,Intel(R) Xeon(R) Platinum 8488C,Intel(R) Xeon(R) Platinum 8488C,Intel
r7i.12xlarge,us-east-1,use1-az5,1,0.0,0.0,1.0,3.1752,0.9726,69,r7i,Memory,r,48.0,384.0,34303.2326352,Intel(R) Xeon(R) Platinum 8488C,Intel(R) Xeon(R) Platinum 8488C,Intel
r7i.12xlarge,us-east-1,use1-az6,3,10.0,15.0,1.0,3.1752,1.0628,66,r7i,Memory,r,48.0,384.0,34303.2326352,Intel(R) Xeon(R) Platinum 8488C,Intel(R) Xeon(R) Platinum 8488C,Intel
r7i.16xlarge,us-east-1,use1-az1,3,1.0,1.0,3.0,4.2336,0.7645,81,r7i,Memory,r,64.0,512.0,34294.7839738,Intel(R) Xeon(R) Platinum 8488C,Intel(R) Xeon(R) Platinum 8488C,Intel
r7i.16xlarge,us-east-1,use1-az2,3,50.0,50.0,3.0,4.2336,1.9469,54,r7i,Memory,r,64.0,512.0,34294.7839738,Intel(R) Xeon(R) Platinum 8488C,Intel(R) Xeon(R) Platinum 8488C,Intel
r7i.16xlarge,us-east-1,use1-az4,3,50.0,50.0,3.0,4.2336,1.805,57,r7i,Memory,r,64.0,512.0,34294.7839738,Intel(R) Xeon(R) Platinum 8488C,Intel(R) Xeon(R) Platinum 8488C,Intel
r7i.16xlarge,us-east-1,use1-az5,2,0.0,1.0,3.0,4.2336,1.1047,73,r7i,Memory,r,64.0,512.0,34294.7839738,Intel(R) Xeon(R) Platinum 8488C,Intel(R) Xeon(R) Platinum 8488C,Intel
r7i.16xlarge,us-east-1,use1-az6,3,50.0,50.0,3.0,4.2336,1.546,63,r7i,Memory,r,64.0,512.0,34294.7839738,Intel(R) Xeon(R) Platinum 8488C,Intel(R) Xeon(R) Platinum 8488C,Intel
r7i.24xlarge,us-east-1,use1-az1,3,1.0,1.0,1.0,6.3504,2.6282,58,r7i,Memory,r,96.0,768.0,34375.390687,Intel(R) Xeon(R) Platinum 8488C,Intel(R) Xeon(R) Platinum 8488C,Intel
r7i.24xlarge,us-east-1,use1-az2,3,1.0,1.0,1.0,6.3504,1.4156,77,r7i,Memory,r,96.0,768.0,34375.390687,Intel(R) Xeon(R) Platinum 8488C,Intel(R) Xeon(R) Platinum 8488C,Intel
r7i.24xlarge,us-east-1,use1-az4,3,15.0,20.0,1.0,6.3504,1.7071,73,r7i,Memory,r,96.0,768.0,34375.390687,Intel(R) Xeon(R) Platinum 8488C,Intel(R) Xeon(R) Platinum 8488C,Intel
r7i.24xlarge,us-east-1,use1-az5,3,1.0,1.0,1.0,6.3504,2.0101,68,r7i,Memory,r,96.0,768.0,34375.390687,Intel(R) Xeon(R) Platinum 8488C,Intel(R) Xeon(R) Platinum 8488C,Intel
r7i.24xlarge,us-east-1,use1-az6,3,30.0,30.0,1.0,6.3504,1.7761,72,r7i,Memory,r,96.0,768.0,34375.390687,Intel(R) Xeon(R) Platinum 8488C,Intel(R) Xeon(R) Platinum 8488C,Intel
r7i.2xlarge,us-east-1,use1-az1,3,5.0,10.0,1.0,0.5292,0.2125,59,r7i,Memory,r,8.0,64.0,31225.026048,Intel(R) Xeon(R) Platinum 8488C,Intel(R) Xeon(R) Platinum 8488C,Intel
r7i.2xlarge,us-east-1,use1-az2,3,30.0,50.0,1.0,0.5292,0.2105,60,r7i,Memory,r,8.0,64.0,31225.026048,Intel(R) Xeon(R) Platinum 8488C,Intel(R) Xeon(R) Platinum 8488C,Intel
r7i.2xlarge,us-east-1,use1-az4,3,25.0,40.0,1.0,0.5292,0.2288,56,r7i,Memory,r,8.0,64.0,31225.026048,Intel(R) Xeon(R) Platinum 8488C,Intel(R) Xeon(R) Platinum 8488C,Intel
r7i.2xlarge,us-east-1,use1-az5,3,5.0,5.0,1.0,0.5292,0.2646,50,r7i,Memory,r,8.0,64.0,31225.026048,Intel(R) Xeon(R) Platinum 8488C,Intel(R) Xeon(R) Platinum 8488C,Intel
r7i.2xlarge,us-east-1,use1-az6,3,50.0,50.0,1.0,0.5292,0.2103,60,r7i,Memory,r,8.0,64.0,31225.026048,Intel(R) Xeon(R) Platinum 8488C,Intel(R) Xeon(R) Platinum 8488C,Intel
r7i.48xlarge,us-east-1,use1-az1,2,0.0,1.0,1.0,12.7008,6.7367,46,r7i,Memory,r,192.0,1536.0,34337.6371492,Intel(R) Xeon(R) Platinum 8488C,Intel(R) Xeon(R) Platinum 8488C,Intel
r7i.48xlarge,us-east-1,use1-az2,3,1.0,1.0,1.0,12.7008,3.2457,74,r7i,Memory,r,192.0,1536.0,34337.6371492,Intel(R) Xeon(R) Platinum 8488C,Intel(R) Xeon(R) Platinum 8488C,Intel
r7i.48xlarge,us-east-1,use1-az4,3,15.0,20.0,1.0,12.7008,4.2608,66,r7i,Memory,r,192.0,1536.0,34337.6371492,Intel(R) Xeon(R) Platinum 8488C,Intel(R) Xeon(R) Platinum 8488C,Intel
r7i.48xlarge,us-east-1,use1-az5,1,0.0,0.0,1.0,12.7008,4.4906,64,r7i,Memory,r,192.0,1536.0,34337.6371492,Intel(R) Xeon(R) Platinum 8488C,Intel(R) Xeon(R) Platinum 8488C,Intel
r7i.48xlarge,us-east-1,use1-az6,3,1.0,1.0,1.0,12.7008,5.7542,54,r7i,Memory,r,192.0,1536.0,34337.6371492,Intel(R) Xeon(R) Platinum 8488C,Intel(R) Xeon(R) Platinum 8488C,Intel
r7i.4xlarge,us-east-1,use1-az1,3,1.0,5.0,1.0,1.0584,0.3923,62,r7i,Memory,r,16.0,128.0,34601.8810342,Intel(R) Xeon(R) Platinum 8488C,Intel(R) Xeon(R) Platinum 8488C,Intel
r7i.4xlarge,us-east-1,use1-az2,3,40.0,50.0,1.0,1.0584,0.3385,68,r7i,Memory,r,16.0,128.0,34601.8810342,Intel(R) Xeon(R) Platinum 8488C,Intel(R) Xeon(R) Platinum 8488C,Intel
r7i.4xlarge,us-east-1,use1-az4,3,20.0,30.0,1.0,1.0584,0.3798,64,r7i,Memory,r,16.0,128.0,34601.8810342,Intel(R) Xeon(R) Platinum 8488C,Intel(R) Xeon(R) Platinum 8488C,Intel
r7i.4xlarge,us-east-1,use1-az5,2,0.0,1.0,1.0,1.0584,0.3162,70,r7i,Memory,r,16.0,128.0,34601.8810342,Intel(R) Xeon(R) Platinum 8488C,Intel(R) Xeon(R) Platinum 8488C,Intel
r7i.4xlarge,us-east-1,use1-az6,3,45.0,50.0,1.0,1.0584,0.4134,60,r7i,Memory,r,16.0,128.0,34601.8810342,Intel(R) Xeon(R) Platinum 8488C,Intel(R) Xeon(R) Platinum 8488C,Intel
r7i.8xlarge,us-east-1,use1-az1,3,1.0,5.0,1.0,2.1168,0.4613,78,r7i,Memory,r,32.0,256.0,34785.947861,Intel(R) Xeon(R) Platinum 8488C,Intel(R) Xeon(R) Platinum 8488C,Intel
r7i.8xlarge,us-east-1,use1-az2,3,20.0,50.0,1.0,2.1168,0.356,83,r7i,Memory,r,32.0,256.0,34785.947861,Intel(R) Xeon(R) Platinum 8488C,Intel(R) Xeon(R) Platinum 8488C,Intel
r7i.8xlarge,us-east-1,use1-az4,3,50.0,50.0,1.0,2.1168,0.4026,80,r7i,Memory,r,32.0,256.0,34785.947861,Intel(R) Xeon(R) Platinum 8488C,Intel(R) Xeon(R) Platinum 8488C,Intel
r7i.8xlarge,us-east-1,use1-az5,3,1.0,5.0,1.0,2.1168,0.5512,73,r7i,Memory,r,32.0,256.0,34785.947861,Intel(R) Xeon(R) Platinum 8488C,Intel(R) Xeon(R) Platinum 8488C,Intel
r7i.8xlarge,us-east-1,use1-az6,3,50.0,50.0,1.0,2.1168,0.5297,74,r7i,Memory,r,32.0,256.0,34785.947861,Intel(R) Xeon(R) Platinum 8488C,Intel(R) Xeon(R) Platinum 8488C,Intel
r7i.large,us-east-1,use1-az1,3,30.0,45.0,2.5,0.1323,0.0461,65,r7i,Memory,r,2.0,16.0,34697.75583940001,Intel(R) Xeon(R) Platinum 8488C,Intel(R) Xeon(R) Platinum 8488C,Intel
r7i.large,us-east-1,use1-az2,3,50.0,50.0,2.5,0.1323,0.0478,63,r7i,Memory,r,2.0,16.0,34697.75583940001,Intel(R) Xeon(R) Platinum 8488C,Intel(R) Xeon(R) Platinum 8488C,Intel
r7i.large,us-east-1,use1-az4,3,50.0,50.0,2.5,0.1323,0.0494,62,r7i,Memory,r,2.0,16.0,34697.75583940001,Intel(R) Xeon(R) Platinum 8488C,Intel(R) Xeon(R) Platinum 8488C,Intel
r7i.large,us-east-1,use1-az5,3,5.0,5.0,2.5,0.1323,0.0511,61,r7i,Memory,r,2.0,16.0,34697.75583940001,Intel(R) Xeon(R) Platinum 8488C,Intel(R) Xeon(R) Platinum 8488C,Intel
r7i.large,us-east-1,use1-az6,3,50.0,50.0,2.5,0.1323,0.0476,64,r7i,Memory,r,2.0,16.0,34697.75583940001,Intel(R) Xeon(R) Platinum 8488C,Intel(R) Xeon(R) Platinum 8488C,Intel
r7i.xlarge,us-east-1,use1-az1,3,5.0,10.0,2.0,0.2646,0.1036,60,r7i,Memory,r,4.0,32.0,34301.1909938,Intel(R) Xeon(R) Platinum 8488C,Intel(R) Xeon(R) Platinum 8488C,Intel
r7i.xlarge,us-east-1,use1-az2,3,50.0,50.0,2.0,0.2646,0.1104,58,r7i,Memory,r,4.0,32.0,34301.1909938,Intel(R) Xeon(R) Platinum 8488C,Intel(R) Xeon(R) Platinum 8488C,Intel
r7i.xlarge,us-east-1,use1-az4,3,40.0,50.0,2.0,0.2646,0.0976,63,r7i,Memory,r,4.0,32.0,34301.1909938,Intel(R) Xeon(R) Platinum 8488C,Intel(R) Xeon(R) Platinum 8488C,Intel
r7i.xlarge,us-east-1,use1-az5,3,10.0,10.0,2.0,0.2646,0.1023,61,r7i,Memory,r,4.0,32.0,34301.1909938,Intel(R) Xeon(R) Platinum 8488C,Intel(R) Xeon(R) Platinum 8488C,Intel
r7i.xlarge,us-east-1,use1-az6,3,50.0,50.0,2.0,0.2646,0.1044,60,r7i,Memory,r,4.0,32.0,34301.1909938,Intel(R) Xeon(R) Platinum 8488C,Intel(R) Xeon(R) Platinum 8488C,Intel
r7iz.12xlarge,us-east-1,use1-az1,1,0.0,0.0,1.0,4.464,1.9156,57,r7iz,Memory,r,48.0,384.0,35860.09764139999,Intel(R) Xeon(R) Gold 6455B,Intel(R) Xeon(R) Platinum 8488C,Intel
r7iz.12xlarge,us-east-1,use1-az2,2,0.0,1.0,1.0,4.464,1.4589,67,r7iz,Memory,r,48.0,384.0,35860.09764139999,Intel(R) Xeon(R) Gold 6455B,Intel(R) Xeon(R) Platinum 8488C,Intel
r7iz.12xlarge,us-east-1,use1-az4,3,1.0,5.0,1.0,4.464,1.364,69,r7iz,Memory,r,48.0,384.0,35860.09764139999,Intel(R) Xeon(R) Gold 6455B,Intel(R) Xeon(R) Platinum 8488C,Intel
r7iz.12xlarge,us-east-1,use1-az5,1,0.0,0.0,1.0,4.464,0.9539,78,r7iz,Memory,r,48.0,384.0,35860.09764139999,Intel(R) Xeon(R) Gold 6455B,Intel(R) Xeon(R) Platinum 8488C,Intel
r7iz.12xlarge,us-east-1,use1-az6,3,1.0,1.0,1.0,4.464,1.3402,69,r7iz,Memory,r,48.0,384.0,35860.09764139999,Intel(R) Xeon(R) Gold 6455B,Intel(R) Xeon(R) Platinum 8488C,Intel
r7iz.16xlarge,us-east-1,use1-az1,3,1.0,1.0,1.0,5.952,1.6499,72,r7iz,Memory,r,64.0,512.0,35871.1167232,Intel(R) Xeon(R) Gold 6455B,Intel(R) Xeon(R) Platinum 8488C,Intel
r7iz.16xlarge,us-east-1,use1-az2,3,1.0,1.0,1.0,5.952,1.583,73,r7iz,Memory,r,64.0,512.0,35871.1167232,Intel(R) Xeon(R) Gold 6455B,Intel(R) Xeon(R) Platinum 8488C,Intel
r7iz.16xlarge,us-east-1,use1-az4,3,1.0,1.0,1.0,5.952,1.2741,78,r7iz,Memory,r,64.0,512.0,35871.1167232,Intel(R) Xeon(R) Gold 6455B,Intel(R) Xeon(R) Platinum 8488C,Intel
r7iz.16xlarge,us-east-1,use1-az5,1,0.0,0.0,1.0,5.952,1.518,74,r7iz,Memory,r,64.0,512.0,35871.1167232,Intel(R) Xeon(R) Gold 6455B,Intel(R) Xeon(R) Platinum 8488C,Intel
r7iz.16xlarge,us-east-1,use1-az6,3,1.0,1.0,1.0,5.952,1.5173,74,r7iz,Memory,r,64.0,512.0,35871.1167232,Intel(R) Xeon(R) Gold 6455B,Intel(R) Xeon(R) Platinum 8488C,Intel
r7iz.2xlarge,us-east-1,use1-az1,3,1.0,1.0,1.0,0.744,0.3359,54,r7iz,Memory,r,8.0,64.0,35854.9903118,Intel(R) Xeon(R) Gold 6455B,Intel(R) Xeon(R) Platinum 8488C,Intel
r7iz.2xlarge,us-east-1,use1-az2,3,1.0,1.0,1.0,0.744,0.3253,56,r7iz,Memory,r,8.0,64.0,35854.9903118,Intel(R) Xeon(R) Gold 6455B,Intel(R) Xeon(R) Platinum 8488C,Intel
r7iz.2xlarge,us-east-1,use1-az4,3,1.0,5.0,1.0,0.744,0.2984,59,r7iz,Memory,r,8.0,64.0,35854.9903118,Intel(R) Xeon(R) Gold 6455B,Intel(R) Xeon(R) Platinum 8488C,Intel
r7iz.2xlarge,us-east-1,use1-az5,1,0.0,0.0,1.0,0.744,0.2961,60,r7iz,Memory,r,8.0,64.0,35854.9903118,Intel(R) Xeon(R) Gold 6455B,Intel(R) Xeon(R) Platinum 8488C,Intel
r7iz.2xlarge,us-east-1,use1-az6,3,1.0,1.0,1.0,0.744,0.3306,55,r7iz,Memory,r,8.0,64.0,35854.9903118,Intel(R) Xeon(R) Gold 6455B,Intel(R) Xeon(R) Platinum 8488C,Intel
r7iz.32xlarge,us-east-1,use1-az1,1,0.0,0.0,1.0,11.904,4.9622,58,r7iz,Memory,r,128.0,1024.0,35912.8514916,Intel(R) Xeon(R) Gold 6455B,Intel(R) Xeon(R) Platinum 8488C,Intel
r7iz.32xlarge,us-east-1,use1-az2,1,0.0,0.0,1.0,11.904,3.7192,68,r7iz,Memory,r,128.0,1024.0,35912.8514916,Intel(R) Xeon(R) Gold 6455B,Intel(R) Xeon(R) Platinum 8488C,Intel
r7iz.32xlarge,us-east-1,use1-az4,2,0.0,1.0,1.0,11.904,3.1997,73,r7iz,Memory,r,128.0,1024.0,35912.8514916,Intel(R) Xeon(R) Gold 6455B,Intel(R) Xeon(R) Platinum 8488C,Intel
r7iz.32xlarge,us-east-1,use1-az5,1,0.0,0.0,1.0,11.904,3.2644,72,r7iz,Memory,r,128.0,1024.0,35912.8514916,Intel(R) Xeon(R) Gold 6455B,Intel(R) Xeon(R) Platinum 8488C,Intel
r7iz.32xlarge,us-east-1,use1-az6,1,0.0,0.0,1.0,11.904,4.4594,62,r7iz,Memory,r,128.0,1024.0,35912.8514916,Intel(R) Xeon(R) Gold 6455B,Intel(R) Xeon(R) Platinum 8488C,Intel
r7iz.4xlarge,us-east-1,use1-az1,1,0.0,0.0,1.0,1.488,0.7962,46,r7iz,Memory,r,16.0,128.0,35862.87535839999,Intel(R) Xeon(R) Gold 6455B,Intel(R) Xeon(R) Platinum 8488C,Intel
r7iz.4xlarge,us-east-1,use1-az2,3,1.0,1.0,1.0,1.488,0.7389,50,r7iz,Memory,r,16.0,128.0,35862.87535839999,Intel(R) Xeon(R) Gold 6455B,Intel(R) Xeon(R) Platinum 8488C,Intel
r7iz.4xlarge,us-east-1,use1-az4,3,1.0,1.0,1.0,1.488,0.5886,60,r7iz,Memory,r,16.0,128.0,35862.87535839999,Intel(R) Xeon(R) Gold 6455B,Intel(R) Xeon(R) Platinum 8488C,Intel
r7iz.4xlarge,us-east-1,use1-az5,1,0.0,0.0,1.0,1.488,0.5002,66,r7iz,Memory,r,16.0,128.0,35862.87535839999,Intel(R) Xeon(R) Gold 6455B,Intel(R) Xeon(R) Platinum 8488C,Intel
r7iz.4xlarge,us-east-1,use1-az6,3,1.0,1.0,1.0,1.488,0.7206,51,r7iz,Memory,r,16.0,128.0,35862.87535839999,Intel(R) Xeon(R) Gold 6455B,Intel(R) Xeon(R) Platinum 8488C,Intel
r7iz.8xlarge,us-east-1,use1-az1,3,10.0,15.0,1.0,2.976,1.108,62,r7iz,Memory,r,32.0,256.0,35866.3119806,Intel(R) Xeon(R) Gold 6455B,Intel(R) Xeon(R) Platinum 8488C,Intel
r7iz.8xlarge,us-east-1,use1-az2,3,1.0,5.0,1.0,2.976,0.9115,69,r7iz,Memory,r,32.0,256.0,35866.3119806,Intel(R) Xeon(R) Gold 6455B,Intel(R) Xeon(R) Platinum 8488C,Intel
r7iz.8xlarge,us-east-1,use1-az4,3,1.0,5.0,1.0,2.976,0.8123,72,r7iz,Memory,r,32.0,256.0,35866.3119806,Intel(R) Xeon(R) Gold 6455B,Intel(R) Xeon(R) Platinum 8488C,Intel
r7iz.8xlarge,us-east-1,use1-az5,1,0.0,0.0,1.0,2.976,0.713,76,r7iz,Memory,r,32.0,256.0,35866.3119806,Intel(R) Xeon(R) Gold 6455B,Intel(R) Xeon(R) Platinum 8488C,Intel
r7iz.8xlarge,us-east-1,use1-az6,3,5.0,5.0,1.0,2.976,0.9879,66,r7iz,Memory,r,32.0,256.0,35866.3119806,Intel(R) Xeon(R) Gold 6455B,Intel(R) Xeon(R) Platinum 8488C,Intel
r7iz.large,us-east-1,use1-az1,3,5.0,5.0,2.5,0.186,0.0493,73,r7iz,Memory,r,2.0,16.0,35805.645069000006,Intel(R) Xeon(R) Gold 6455B,Intel(R) Xeon(R) Platinum 8488C,Intel
r7iz.large,us-east-1,use1-az2,3,5.0,10.0,2.5,0.186,0.0514,72,r7iz,Memory,r,2.0,16.0,35805.645069000006,Intel(R) Xeon(R) Gold 6455B,Intel(R) Xeon(R) Platinum 8488C,Intel
r7iz.large,us-east-1,use1-az4,3,5.0,10.0,2.5,0.186,0.0504,72,r7iz,Memory,r,2.0,16.0,35805.645069000006,Intel(R) Xeon(R) Gold 6455B,Intel(R) Xeon(R) Platinum 8488C,Intel
r7iz.large,us-east-1,use1-az5,3,1.0,5.0,2.5,0.186,0.0531,71,r7iz,Memory,r,2.0,16.0,35805.645069000006,Intel(R) Xeon(R) Gold 6455B,Intel(R) Xeon(R) Platinum 8488C,Intel
r7iz.large,us-east-1,use1-az6,3,10.0,15.0,2.5,0.186,0.0491,73,r7iz,Memory,r,2.0,16.0,35805.645069000006,Intel(R) Xeon(R) Gold 6455B,Intel(R) Xeon(R) Platinum 8488C,Intel
r7iz.xlarge,us-east-1,use1-az1,3,1.0,1.0,1.0,0.372,0.1535,58,r7iz,Memory,r,4.0,32.0,35764.321865599995,Intel(R) Xeon(R) Gold 6455B,Intel(R) Xeon(R) Platinum 8488C,Intel
r7iz.xlarge,us-east-1,use1-az2,3,1.0,1.0,1.0,0.372,0.1476,60,r7iz,Memory,r,4.0,32.0,35764.321865599995,Intel(R) Xeon(R) Gold 6455B,Intel(R) Xeon(R) Platinum 8488C,Intel
r7iz.xlarge,us-east-1,use1-az4,3,5.0,5.0,1.0,0.372,0.118,68,r7iz,Memory,r,4.0,32.0,35764.321865599995,Intel(R) Xeon(R) Gold 6455B,Intel(R) Xeon(R) Platinum 8488C,Intel
r7iz.xlarge,us-east-1,use1-az5,3,1.0,5.0,1.0,0.372,0.1137,69,r7iz,Memory,r,4.0,32.0,35764.321865599995,Intel(R) Xeon(R) Gold 6455B,Intel(R) Xeon(R) Platinum 8488C,Intel
r7iz.xlarge,us-east-1,use1-az6,3,1.0,5.0,1.0,0.372,0.1397,62,r7iz,Memory,r,4.0,32.0,35764.321865599995,Intel(R) Xeon(R) Gold 6455B,Intel(R) Xeon(R) Platinum 8488C,Intel
r8g.12xlarge,us-east-1,use1-az1,2,0.0,1.0,1.0,2.82768,0.7327,74,r8g,Memory,r,48.0,384.0,28983.8286316,AWS Graviton4 Processor,AWS Graviton4 Processor,AWS
r8g.12xlarge,us-east-1,use1-az2,3,1.0,1.0,1.0,2.82768,0.7961,71,r8g,Memory,r,48.0,384.0,28983.8286316,AWS Graviton4 Processor,AWS Graviton4 Processor,AWS
r8g.12xlarge,us-east-1,use1-az4,3,1.0,1.0,1.0,2.82768,0.7511,73,r8g,Memory,r,48.0,384.0,28983.8286316,AWS Graviton4 Processor,AWS Graviton4 Processor,AWS
r8g.12xlarge,us-east-1,use1-az5,1,0.0,0.0,1.0,2.82768,0.7491,73,r8g,Memory,r,48.0,384.0,28983.8286316,AWS Graviton4 Processor,AWS Graviton4 Processor,AWS
r8g.12xlarge,us-east-1,use1-az6,3,1.0,5.0,1.0,2.82768,0.7567,73,r8g,Memory,r,48.0,384.0,28983.8286316,AWS Graviton4 Processor,AWS Graviton4 Processor,AWS
r8g.16xlarge,us-east-1,use1-az1,3,5.0,10.0,3.0,3.77024,0.6175,83,r8g,Memory,r,64.0,512.0,28983.8286316,AWS Graviton4 Processor,AWS Graviton4 Processor,AWS
r8g.16xlarge,us-east-1,use1-az2,3,50.0,50.0,3.0,3.77024,0.9709,74,r8g,Memory,r,64.0,512.0,28983.8286316,AWS Graviton4 Processor,AWS Graviton4 Processor,AWS
r8g.16xlarge,us-east-1,use1-az4,3,50.0,50.0,3.0,3.77024,1.0442,72,r8g,Memory,r,64.0,512.0,28983.8286316,AWS Graviton4 Processor,AWS Graviton4 Processor,AWS
r8g.16xlarge,us-east-1,use1-az5,1,0.0,0.0,3.0,3.77024,0.8268,78,r8g,Memory,r,64.0,512.0,28983.8286316,AWS Graviton4 Processor,AWS Graviton4 Processor,AWS
r8g.16xlarge,us-east-1,use1-az6,3,50.0,50.0,3.0,3.77024,0.9865,73,r8g,Memory,r,64.0,512.0,28983.8286316,AWS Graviton4 Processor,AWS Graviton4 Processor,AWS
r8g.24xlarge,us-east-1,use1-az1,3,1.0,5.0,1.0,5.65536,0.9783,82,r8g,Memory,r,96.0,768.0,28987.1890368,AWS Graviton4 Processor,AWS Graviton4 Processor,AWS
r8g.24xlarge,us-east-1,use1-az2,3,15.0,20.0,1.0,5.65536,1.1174,80,r8g,Memory,r,96.0,768.0,28987.1890368,AWS Graviton4 Processor,AWS Graviton4 Processor,AWS
r8g.24xlarge,us-east-1,use1-az4,3,1.0,1.0,1.0,5.65536,0.9823,82,r8g,Memory,r,96.0,768.0,28987.1890368,AWS Graviton4 Processor,AWS Graviton4 Processor,AWS
r8g.24xlarge,us-east-1,use1-az5,3,1.0,1.0,1.0,5.65536,1.4897,73,r8g,Memory,r,96.0,768.0,28987.1890368,AWS Graviton4 Processor,AWS Graviton4 Processor,AWS
r8g.24xlarge,us-east-1,use1-az6,3,10.0,15.0,1.0,5.65536,1.1398,79,r8g,Memory,r,96.0,768.0,28987.1890368,AWS Graviton4 Processor,AWS Graviton4 Processor,AWS
r8g.2xlarge,us-east-1,use1-az1,3,5.0,5.0,1.0,0.47128,0.1642,65,r8g,Memory,r,8.0,64.0,28989.3728626,AWS Graviton4 Processor,AWS Graviton4 Processor,AWS
r8g.2xlarge,us-east-1,use1-az2,3,10.0,15.0,1.0,0.47128,0.2024,57,r8g,Memory,r,8.0,64.0,28989.3728626,AWS Graviton4 Processor,AWS Graviton4 Processor,AWS
r8g.2xlarge,us-east-1,use1-az4,3,5.0,5.0,1.0,0.47128,0.1593,66,r8g,Memory,r,8.0,64.0,28989.3728626,AWS Graviton4 Processor,AWS Graviton4 Processor,AWS
r8g.2xlarge,us-east-1,use1-az5,3,1.0,5.0,1.0,0.47128,0.2166,54,r8g,Memory,r,8.0,64.0,28989.3728626,AWS Graviton4 Processor,AWS Graviton4 Processor,AWS
r8g.2xlarge,us-east-1,use1-az6,3,10.0,15.0,1.0,0.47128,0.168,64,r8g,Memory,r,8.0,64.0,28989.3728626,AWS Graviton4 Processor,AWS Graviton4 Processor,AWS
r8g.48xlarge,us-east-1,use1-az1,1,0.0,0.0,1.5,11.31072,3.0574,72,r8g,Memory,r,192.0,1536.0,28983.8286316,AWS Graviton4 Processor,AWS Graviton4 Processor,AWS
r8g.48xlarge,us-east-1,use1-az2,3,5.0,10.0,1.5,11.31072,3.3764,70,r8g,Memory,r,192.0,1536.0,28983.8286316,AWS Graviton4 Processor,AWS Graviton4 Processor,AWS
r8g.48xlarge,us-east-1,use1-az4,3,1.0,5.0,1.5,11.31072,3.3159,70,r8g,Memory,r,192.0,1536.0,28983.8286316,AWS Graviton4 Processor,AWS Graviton4 Processor,AWS
r8g.48xlarge,us-east-1,use1-az5,3,1.0,1.0,1.5,11.31072,3.1108,72,r8g,Memory,r,192.0,1536.0,28983.8286316,AWS Graviton4 Processor,AWS Graviton4 Processor,AWS
r8g.48xlarge,us-east-1,use1-az6,3,15.0,20.0,1.5,11.31072,3.0522,73,r8g,Memory,r,192.0,1536.0,28983.8286316,AWS Graviton4 Processor,AWS Graviton4 Processor,AWS
r8g.4xlarge,us-east-1,use1-az1,3,1.0,5.0,1.0,0.94256,0.3426,63,r8g,Memory,r,16.0,128.0,28981.1499764,AWS Graviton4 Processor,AWS Graviton4 Processor,AWS
r8g.4xlarge,us-east-1,use1-az2,3,10.0,20.0,1.0,0.94256,0.3303,64,r8g,Memory,r,16.0,128.0,28981.1499764,AWS Graviton4 Processor,AWS Graviton4 Processor,AWS
r8g.4xlarge,us-east-1,use1-az4,3,5.0,10.0,1.0,0.94256,0.2738,70,r8g,Memory,r,16.0,128.0,28981.1499764,AWS Graviton4 Processor,AWS Graviton4 Processor,AWS
r8g.4xlarge,us-east-1,use1-az5,1,0.0,0.0,1.0,0.94256,0.3105,67,r8g,Memory,r,16.0,128.0,28981.1499764,AWS Graviton4 Processor,AWS Graviton4 Processor,AWS
r8g.4xlarge,us-east-1,use1-az6,3,5.0,10.0,1.0,0.94256,0.3509,62,r8g,Memory,r,16.0,128.0,28981.1499764,AWS Graviton4 Processor,AWS Graviton4 Processor,AWS
r8g.8xlarge,us-east-1,use1-az1,3,10.0,20.0,1.0,1.88512,0.4762,74,r8g,Memory,r,32.0,256.0,28952.401559,AWS Graviton4 Processor,AWS Graviton4 Processor,AWS
r8g.8xlarge,us-east-1,use1-az2,3,50.0,50.0,1.0,1.88512,0.3847,79,r8g,Memory,r,32.0,256.0,28952.401559,AWS Graviton4 Processor,AWS Graviton4 Processor,AWS
r8g.8xlarge,us-east-1,use1-az4,3,15.0,20.0,1.0,1.88512,0.3135,83,r8g,Memory,r,32.0,256.0,28952.401559,AWS Graviton4 Processor,AWS Graviton4 Processor,AWS
r8g.8xlarge,us-east-1,use1-az5,1,0.0,0.0,1.0,1.88512,0.4841,74,r8g,Memory,r,32.0,256.0,28952.401559,AWS Graviton4 Processor,AWS Graviton4 Processor,AWS
r8g.8xlarge,us-east-1,use1-az6,3,50.0,50.0,1.0,1.88512,0.4145,78,r8g,Memory,r,32.0,256.0,28952.401559,AWS Graviton4 Processor,AWS Graviton4 Processor,AWS
r8g.large,us-east-1,use1-az1,3,10.0,15.0,1.0,0.11782,0.0429,63,r8g,Memory,r,2.0,16.0,28983.3231188,AWS Graviton4 Processor,AWS Graviton4 Processor,AWS
r8g.large,us-east-1,use1-az2,3,15.0,20.0,1.0,0.11782,0.0416,64,r8g,Memory,r,2.0,16.0,28983.3231188,AWS Graviton4 Processor,AWS Graviton4 Processor,AWS
r8g.large,us-east-1,use1-az4,3,20.0,40.0,1.0,0.11782,0.0389,66,r8g,Memory,r,2.0,16.0,28983.3231188,AWS Graviton4 Processor,AWS Graviton4 Processor,AWS
r8g.large,us-east-1,use1-az5,3,1.0,5.0,1.0,0.11782,0.0343,70,r8g,Memory,r,2.0,16.0,28983.3231188,AWS Graviton4 Processor,AWS Graviton4 Processor,AWS
r8g.large,us-east-1,use1-az6,3,45.0,50.0,1.0,0.11782,0.0352,70,r8g,Memory,r,2.0,16.0,28983.3231188,AWS Graviton4 Processor,AWS Graviton4 Processor,AWS
r8g.medium,us-east-1,use1-az1,3,15.0,20.0,1.0,0.05891,0.017,71,r8g,Memory,r,1.0,8.0,28979.4784516,AWS Graviton4 Processor,AWS Graviton4 Processor,AWS
r8g.medium,us-east-1,use1-az2,3,50.0,50.0,1.0,0.05891,0.0177,69,r8g,Memory,r,1.0,8.0,28979.4784516,AWS Graviton4 Processor,AWS Graviton4 Processor,AWS
r8g.medium,us-east-1,use1-az4,3,10.0,15.0,1.0,0.05891,0.0192,67,r8g,Memory,r,1.0,8.0,28979.4784516,AWS Graviton4 Processor,AWS Graviton4 Processor,AWS
r8g.medium,us-east-1,use1-az5,3,25.0,35.0,1.0,0.05891,0.0168,71,r8g,Memory,r,1.0,8.0,28979.4784516,AWS Graviton4 Processor,AWS Graviton4 Processor,AWS
r8g.medium,us-east-1,use1-az6,3,25.0,40.0,1.0,0.05891,0.0163,72,r8g,Memory,r,1.0,8.0,28979.4784516,AWS Graviton4 Processor,AWS Graviton4 Processor,AWS
r8g.xlarge,us-east-1,use1-az1,3,15.0,30.0,1.0,0.23564,0.0746,68,r8g,Memory,r,4.0,32.0,28989.036983799997,AWS Graviton4 Processor,AWS Graviton4 Processor,AWS
r8g.xlarge,us-east-1,use1-az2,3,25.0,35.0,1.0,0.23564,0.0699,70,r8g,Memory,r,4.0,32.0,28989.036983799997,AWS Graviton4 Processor,AWS Graviton4 Processor,AWS
r8g.xlarge,us-east-1,use1-az4,3,15.0,25.0,1.0,0.23564,0.0746,68,r8g,Memory,r,4.0,32.0,28989.036983799997,AWS Graviton4 Processor,AWS Graviton4 Processor,AWS
r8g.xlarge,us-east-1,use1-az5,3,5.0,5.0,1.0,0.23564,0.0726,69,r8g,Memory,r,4.0,32.0,28989.036983799997,AWS Graviton4 Processor,AWS Graviton4 Processor,AWS
r8g.xlarge,us-east-1,use1-az6,3,10.0,25.0,1.0,0.23564,0.0684,70,r8g,Memory,r,4.0,32.0,28989.036983799997,AWS Graviton4 Processor,AWS Graviton4 Processor,AWS
r8gd.12xlarge,us-east-1,use1-az1,3,1.0,1.0,3.0,3.52704,1.0789,69,r8gd,Memory,r,48.0,384.0,28983.8286316,AWS Graviton4 Processor,AWS Graviton4 Processor,AWS
r8gd.12xlarge,us-east-1,use1-az2,2,0.0,1.0,3.0,3.52704,1.2878,63,r8gd,Memory,r,48.0,384.0,28983.8286316,AWS Graviton4 Processor,AWS Graviton4 Processor,AWS
r8gd.12xlarge,us-east-1,use1-az4,3,1.0,1.0,3.0,3.52704,1.4333,59,r8gd,Memory,r,48.0,384.0,28983.8286316,AWS Graviton4 Processor,AWS Graviton4 Processor,AWS
r8gd.12xlarge,us-east-1,use1-az5,1,0.0,0.0,3.0,3.52704,0.9711,72,r8gd,Memory,r,48.0,384.0,28983.8286316,AWS Graviton4 Processor,AWS Graviton4 Processor,AWS
r8gd.12xlarge,us-east-1,use1-az6,3,1.0,1.0,3.0,3.52704,1.1648,66,r8gd,Memory,r,48.0,384.0,28983.8286316,AWS Graviton4 Processor,AWS Graviton4 Processor,AWS
r8gd.16xlarge,us-east-1,use1-az1,3,1.0,1.0,3.0,4.70272,1.4007,70,r8gd,Memory,r,64.0,512.0,28983.8286316,AWS Graviton4 Processor,AWS Graviton4 Processor,AWS
r8gd.16xlarge,us-east-1,use1-az2,3,1.0,1.0,3.0,4.70272,1.5386,67,r8gd,Memory,r,64.0,512.0,28983.8286316,AWS Graviton4 Processor,AWS Graviton4 Processor,AWS
r8gd.16xlarge,us-east-1,use1-az4,3,1.0,1.0,3.0,4.70272,1.6585,64,r8gd,Memory,r,64.0,512.0,28983.8286316,AWS Graviton4 Processor,AWS Graviton4 Processor,AWS
r8gd.16xlarge,us-east-1,use1-az5,2,0.0,1.0,3.0,4.70272,1.3769,70,r8gd,Memory,r,64.0,512.0,28983.8286316,AWS Graviton4 Processor,AWS Graviton4 Processor,AWS
r8gd.16xlarge,us-east-1,use1-az6,3,1.0,1.0,3.0,4.70272,1.2732,72,r8gd,Memory,r,64.0,512.0,28983.8286316,AWS Graviton4 Processor,AWS Graviton4 Processor,AWS
r8gd.24xlarge,us-east-1,use1-az1,3,1.0,5.0,2.5,7.05408,2.2076,68,r8gd,Memory,r,96.0,768.0,28987.1890368,AWS Graviton4 Processor,AWS Graviton4 Processor,AWS
r8gd.24xlarge,us-east-1,use1-az2,1,0.0,0.0,2.5,7.05408,2.6219,62,r8gd,Memory,r,96.0,768.0,28987.1890368,AWS Graviton4 Processor,AWS Graviton4 Processor,AWS
r8gd.24xlarge,us-east-1,use1-az4,3,1.0,1.0,2.5,7.05408,2.7338,61,r8gd,Memory,r,96.0,768.0,28987.1890368,AWS Graviton4 Processor,AWS Graviton4 Processor,AWS
r8gd.24xlarge,us-east-1,use1-az5,2,0.0,1.0,2.5,7.05408,2.0427,71,r8gd,Memory,r,96.0,768.0,28987.1890368,AWS Graviton4 Processor,AWS Graviton4 Processor,AWS
r8gd.24xlarge,us-east-1,use1-az6,1,0.0,0.0,2.5,7.05408,2.4077,65,r8gd,Memory,r,96.0,768.0,28987.1890368,AWS Graviton4 Processor,AWS Graviton4 Processor,AWS
r8gd.2xlarge,us-east-1,use1-az1,3,1.0,1.0,1.5,0.58784,0.255,56,r8gd,Memory,r,8.0,64.0,28989.3728626,AWS Graviton4 Processor,AWS Graviton4 Processor,AWS
r8gd.2xlarge,us-east-1,use1-az2,3,1.0,1.0,1.5,0.58784,0.2203,62,r8gd,Memory,r,8.0,64.0,28989.3728626,AWS Graviton4 Processor,AWS Graviton4 Processor,AWS
r8gd.2xlarge,us-east-1,use1-az4,3,1.0,5.0,1.5,0.58784,0.236,59,r8gd,Memory,r,8.0,64.0,28989.3728626,AWS Graviton4 Processor,AWS Graviton4 Processor,AWS
r8gd.2xlarge,us-east-1,use1-az5,1,0.0,0.0,1.5,0.58784,0.2394,59,r8gd,Memory,r,8.0,64.0,28989.3728626,AWS Graviton4 Processor,AWS Graviton4 Processor,AWS
r8gd.2xlarge,us-east-1,use1-az6,3,1.0,1.0,1.5,0.58784,0.2665,54,r8gd,Memory,r,8.0,64.0,28989.3728626,AWS Graviton4 Processor,AWS Graviton4 Processor,AWS
r8gd.48xlarge,us-east-1,use1-az1,3,1.0,1.0,2.5,14.10816,5.9232,58,r8gd,Memory,r,192.0,1536.0,28983.8286316,AWS Graviton4 Processor,AWS Graviton4 Processor,AWS
r8gd.48xlarge,us-east-1,use1-az2,3,1.0,5.0,2.5,14.10816,5.37,61,r8gd,Memory,r,192.0,1536.0,28983.8286316,AWS Graviton4 Processor,AWS Graviton4 Processor,AWS
r8gd.48xlarge,us-east-1,use1-az4,2,0.0,1.0,2.5,14.10816,5.7492,59,r8gd,Memory,r,192.0,1536.0,28983.8286316,AWS Graviton4 Processor,AWS Graviton4 Processor,AWS
r8gd.48xlarge,us-east-1,use1-az5,1,0.0,0.0,2.5,14.10816,4.0891,71,r8gd,Memory,r,192.0,1536.0,28983.8286316,AWS Graviton4 Processor,AWS Graviton4 Processor,AWS
r8gd.48xlarge,us-east-1,use1-az6,3,1.0,5.0,2.5,14.10816,4.8858,65,r8gd,Memory,r,192.0,1536.0,28983.8286316,AWS Graviton4 Processor,AWS Graviton4 Processor,AWS
r8gd.4xlarge,us-east-1,use1-az1,2,0.0,1.0,1.0,1.17568,0.5143,56,r8gd,Memory,r,16.0,128.0,28981.1499764,AWS Graviton4 Processor,AWS Graviton4 Processor,AWS
r8gd.4xlarge,us-east-1,use1-az2,2,0.0,1.0,1.0,1.17568,0.4055,65,r8gd,Memory,r,16.0,128.0,28981.1499764,AWS Graviton4 Processor,AWS Graviton4 Processor,AWS
r8gd.4xlarge,us-east-1,use1-az4,3,1.0,1.0,1.0,1.17568,0.5434,53,r8gd,Memory,r,16.0,128.0,28981.1499764,AWS Graviton4 Processor,AWS Graviton4 Processor,AWS
r8gd.4xlarge,us-east-1,use1-az5,1,0.0,0.0,1.0,1.17568,0.4681,60,r8gd,Memory,r,16.0,128.0,28981.1499764,AWS Graviton4 Processor,AWS Graviton4 Processor,AWS
r8gd.4xlarge,us-east-1,use1-az6,2,0.0,1.0,1.0,1.17568,0.4715,59,r8gd,Memory,r,16.0,128.0,28981.1499764,AWS Graviton4 Processor,AWS Graviton4 Processor,AWS
r8gd.8xlarge,us-east-1,use1-az1,3,1.0,1.0,2.0,2.35136,0.9806,58,r8gd,Memory,r,32.0,256.0,28952.401559,AWS Graviton4 Processor,AWS Graviton4 Processor,AWS
r8gd.8xlarge,us-east-1,use1-az2,3,1.0,1.0,2.0,2.35136,0.9344,60,r8gd,Memory,r,32.0,256.0,28952.401559,AWS Graviton4 Processor,AWS Graviton4 Processor,AWS
r8gd.8xlarge,us-east-1,use1-az4,3,1.0,1.0,2.0,2.35136,1.0221,56,r8gd,Memory,r,32.0,256.0,28952.401559,AWS Graviton4 Processor,AWS Graviton4 Processor,AWS
r8gd.8xlarge,us-east-1,use1-az5,1,0.0,0.0,2.0,2.35136,0.4751,79,r8gd,Memory,r,32.0,256.0,28952.401559,AWS Graviton4 Processor,AWS Graviton4 Processor,AWS
r8gd.8xlarge,us-east-1,use1-az6,3,1.0,1.0,2.0,2.35136,0.9673,58,r8gd,Memory,r,32.0,256.0,28952.401559,AWS Graviton4 Processor,AWS Graviton4 Processor,AWS
r8gd.large,us-east-1,use1-az1,3,15.0,20.0,3.0,0.14696,0.0597,59,r8gd,Memory,r,2.0,16.0,28983.3231188,AWS Graviton4 Processor,AWS Graviton4 Processor,AWS
r8gd.large,us-east-1,use1-az2,3,15.0,20.0,3.0,0.14696,0.0529,64,r8gd,Memory,r,2.0,16.0,28983.3231188,AWS Graviton4 Processor,AWS Graviton4 Processor,AWS
r8gd.large,us-east-1,use1-az4,3,20.0,30.0,3.0,0.14696,0.0551,62,r8gd,Memory,r,2.0,16.0,28983.3231188,AWS Graviton4 Processor,AWS Graviton4 Processor,AWS
r8gd.large,us-east-1,use1-az5,3,10.0,15.0,3.0,0.14696,0.047,68,r8gd,Memory,r,2.0,16.0,28983.3231188,AWS Graviton4 Processor,AWS Graviton4 Processor,AWS
r8gd.large,us-east-1,use1-az6,3,10.0,20.0,3.0,0.14696,0.0576,60,r8gd,Memory,r,2.0,16.0,28983.3231188,AWS Graviton4 Processor,AWS Graviton4 Processor,AWS
r8gd.medium,us-east-1,use1-az1,3,,,3.0,0.07348,0.0157,78,r8gd,Memory,r,1.0,8.0,28979.4784516,AWS Graviton4 Processor,AWS Graviton4 Processor,AWS
r8gd.medium,us-east-1,use1-az2,3,,,3.0,0.07348,0.0184,74,r8gd,Memory,r,1.0,8.0,28979.4784516,AWS Graviton4 Processor,AWS Graviton4 Processor,AWS
r8gd.medium,us-east-1,use1-az4,3,,,3.0,0.07348,0.0197,73,r8gd,Memory,r,1.0,8.0,28979.4784516,AWS Graviton4 Processor,AWS Graviton4 Processor,AWS
r8gd.medium,us-east-1,use1-az5,3,5.0,5.0,3.0,0.07348,0.0192,73,r8gd,Memory,r,1.0,8.0,28979.4784516,AWS Graviton4 Processor,AWS Graviton4 Processor,AWS
r8gd.medium,us-east-1,use1-az6,3,,,3.0,0.07348,0.0186,74,r8gd,Memory,r,1.0,8.0,28979.4784516,AWS Graviton4 Processor,AWS Graviton4 Processor,AWS
r8gd.xlarge,us-east-1,use1-az1,3,10.0,15.0,2.0,0.29392,0.1316,55,r8gd,Memory,r,4.0,32.0,28989.036983799997,AWS Graviton4 Processor,AWS Graviton4 Processor,AWS
r8gd.xlarge,us-east-1,use1-az2,3,1.0,5.0,2.0,0.29392,0.1179,59,r8gd,Memory,r,4.0,32.0,28989.036983799997,AWS Graviton4 Processor,AWS Graviton4 Processor,AWS
r8gd.xlarge,us-east-1,use1-az4,3,5.0,10.0,2.0,0.29392,0.1214,58,r8gd,Memory,r,4.0,32.0,28989.036983799997,AWS Graviton4 Processor,AWS Graviton4 Processor,AWS
r8gd.xlarge,us-east-1,use1-az5,1,0.0,0.0,2.0,0.29392,0.1216,58,r8gd,Memory,r,4.0,32.0,28989.036983799997,AWS Graviton4 Processor,AWS Graviton4 Processor,AWS
r8gd.xlarge,us-east-1,use1-az6,3,5.0,10.0,2.0,0.29392,0.1197,59,r8gd,Memory,r,4.0,32.0,28989.036983799997,AWS Graviton4 Processor,AWS Graviton4 Processor,AWS
t2.2xlarge,us-east-1,use1-az1,3,50.0,50.0,3.0,0.3712,0.1298,65,t2,General,t,8.0,32.0,18582.0922232,Intel(R) Xeon(R) CPU E5-2686 v4 @ 2.30GHz,Intel(R) Xeon(R) CPU E5-2686 v4 @ 2.30GHz,Intel
t2.2xlarge,us-east-1,use1-az2,3,50.0,50.0,3.0,0.3712,0.1018,72,t2,General,t,8.0,32.0,18582.0922232,Intel(R) Xeon(R) CPU E5-2686 v4 @ 2.30GHz,Intel(R) Xeon(R) CPU E5-2686 v4 @ 2.30GHz,Intel
t2.2xlarge,us-east-1,use1-az3,3,25.0,40.0,3.0,0.3712,0.1057,71,t2,General,t,8.0,32.0,18582.0922232,Intel(R) Xeon(R) CPU E5-2686 v4 @ 2.30GHz,Intel(R) Xeon(R) CPU E5-2686 v4 @ 2.30GHz,Intel
t2.2xlarge,us-east-1,use1-az4,3,50.0,50.0,3.0,0.3712,0.0971,73,t2,General,t,8.0,32.0,18582.0922232,Intel(R) Xeon(R) CPU E5-2686 v4 @ 2.30GHz,Intel(R) Xeon(R) CPU E5-2686 v4 @ 2.30GHz,Intel
t2.2xlarge,us-east-1,use1-az5,3,50.0,50.0,3.0,0.3712,0.0976,73,t2,General,t,8.0,32.0,18582.0922232,Intel(R) Xeon(R) CPU E5-2686 v4 @ 2.30GHz,Intel(R) Xeon(R) CPU E5-2686 v4 @ 2.30GHz,Intel
t2.2xlarge,us-east-1,use1-az6,3,50.0,50.0,3.0,0.3712,0.0959,74,t2,General,t,8.0,32.0,18582.0922232,Intel(R) Xeon(R) CPU E5-2686 v4 @ 2.30GHz,Intel(R) Xeon(R) CPU E5-2686 v4 @ 2.30GHz,Intel
t2.large,us-east-1,use1-az1,3,50.0,50.0,3.0,0.0928,0.0345,62,t2,General,t,2.0,8.0,18595.943173,Intel(R) Xeon(R) CPU E5-2686 v4 @ 2.30GHz,Intel(R) Xeon(R) CPU E5-2686 v4 @ 2.30GHz,Intel
t2.large,us-east-1,use1-az2,3,50.0,50.0,3.0,0.0928,0.0282,69,t2,General,t,2.0,8.0,18595.943173,Intel(R) Xeon(R) CPU E5-2686 v4 @ 2.30GHz,Intel(R) Xeon(R) CPU E5-2686 v4 @ 2.30GHz,Intel
t2.large,us-east-1,use1-az3,3,50.0,50.0,3.0,0.0928,0.0459,50,t2,General,t,2.0,8.0,18595.943173,Intel(R) Xeon(R) CPU E5-2686 v4 @ 2.30GHz,Intel(R) Xeon(R) CPU E5-2686 v4 @ 2.30GHz,Intel
t2.large,us-east-1,use1-az4,3,50.0,50.0,3.0,0.0928,0.027,70,t2,General,t,2.0,8.0,18595.943173,Intel(R) Xeon(R) CPU E5-2686 v4 @ 2.30GHz,Intel(R) Xeon(R) CPU E5-2686 v4 @ 2.30GHz,Intel
t2.large,us-east-1,use1-az5,3,50.0,50.0,3.0,0.0928,0.0305,67,t2,General,t,2.0,8.0,18595.943173,Intel(R) Xeon(R) CPU E5-2686 v4 @ 2.30GHz,Intel(R) Xeon(R) CPU E5-2686 v4 @ 2.30GHz,Intel
t2.large,us-east-1,use1-az6,3,50.0,50.0,3.0,0.0928,0.027,70,t2,General,t,2.0,8.0,18595.943173,Intel(R) Xeon(R) CPU E5-2686 v4 @ 2.30GHz,Intel(R) Xeon(R) CPU E5-2686 v4 @ 2.30GHz,Intel
t2.medium,us-east-1,use1-az1,3,50.0,50.0,3.0,0.0464,0.0125,73,t2,General,t,1.0,4.0,18677.2431552,Intel(R) Xeon(R) CPU E5-2676 v3 @ 2.40GHz,Intel(R) Xeon(R) CPU E5-2676 v3 @ 2.40GHz,Intel
t2.medium,us-east-1,use1-az2,3,50.0,50.0,3.0,0.0464,0.0113,75,t2,General,t,1.0,4.0,18677.2431552,Intel(R) Xeon(R) CPU E5-2676 v3 @ 2.40GHz,Intel(R) Xeon(R) CPU E5-2676 v3 @ 2.40GHz,Intel
t2.medium,us-east-1,use1-az3,3,50.0,50.0,3.0,0.0464,0.028,39,t2,General,t,1.0,4.0,18677.2431552,Intel(R) Xeon(R) CPU E5-2676 v3 @ 2.40GHz,Intel(R) Xeon(R) CPU E5-2676 v3 @ 2.40GHz,Intel
t2.medium,us-east-1,use1-az4,3,50.0,50.0,3.0,0.0464,0.0118,74,t2,General,t,1.0,4.0,18677.2431552,Intel(R) Xeon(R) CPU E5-2676 v3 @ 2.40GHz,Intel(R) Xeon(R) CPU E5-2676 v3 @ 2.40GHz,Intel
t2.medium,us-east-1,use1-az5,3,50.0,50.0,3.0,0.0464,0.0126,72,t2,General,t,1.0,4.0,18677.2431552,Intel(R) Xeon(R) CPU E5-2676 v3 @ 2.40GHz,Intel(R) Xeon(R) CPU E5-2676 v3 @ 2.40GHz,Intel
t2.medium,us-east-1,use1-az6,3,50.0,50.0,3.0,0.0464,0.0118,74,t2,General,t,1.0,4.0,18677.2431552,Intel(R) Xeon(R) CPU E5-2676 v3 @ 2.40GHz,Intel(R) Xeon(R) CPU E5-2676 v3 @ 2.40GHz,Intel
t2.micro,us-east-1,use1-az1,3,50.0,50.0,3.0,0.0116,0.003,74,t2,General,t,1.0,1.0,18680.147313200003,Intel(R) Xeon(R) CPU E5-2676 v3 @ 2.40GHz,Intel(R) Xeon(R) CPU E5-2676 v3 @ 2.40GHz,Intel
t2.micro,us-east-1,use1-az2,3,50.0,50.0,3.0,0.0116,0.0029,75,t2,General,t,1.0,1.0,18680.147313200003,Intel(R) Xeon(R) CPU E5-2676 v3 @ 2.40GHz,Intel(R) Xeon(R) CPU E5-2676 v3 @ 2.40GHz,Intel
t2.micro,us-east-1,use1-az3,3,50.0,50.0,3.0,0.0116,0.0033,71,t2,General,t,1.0,1.0,18680.147313200003,Intel(R) Xeon(R) CPU E5-2676 v3 @ 2.40GHz,Intel(R) Xeon(R) CPU E5-2676 v3 @ 2.40GHz,Intel
t2.micro,us-east-1,use1-az4,3,50.0,50.0,3.0,0.0116,0.0029,75,t2,General,t,1.0,1.0,18680.147313200003,Intel(R) Xeon(R) CPU E5-2676 v3 @ 2.40GHz,Intel(R) Xeon(R) CPU E5-2676 v3 @ 2.40GHz,Intel
t2.micro,us-east-1,use1-az5,3,50.0,50.0,3.0,0.0116,0.0031,73,t2,General,t,1.0,1.0,18680.147313200003,Intel(R) Xeon(R) CPU E5-2676 v3 @ 2.40GHz,Intel(R) Xeon(R) CPU E5-2676 v3 @ 2.40GHz,Intel
t2.micro,us-east-1,use1-az6,3,50.0,50.0,3.0,0.0116,0.0029,75,t2,General,t,1.0,1.0,18680.147313200003,Intel(R) Xeon(R) CPU E5-2676 v3 @ 2.40GHz,Intel(R) Xeon(R) CPU E5-2676 v3 @ 2.40GHz,Intel
t2.small,us-east-1,use1-az1,3,50.0,50.0,2.5,0.023,0.007,69,t2,General,t,1.0,2.0,18456.5978276,Intel(R) Xeon(R) CPU E5-2676 v3 @ 2.40GHz,Intel(R) Xeon(R) CPU E5-2676 v3 @ 2.40GHz,Intel
t2.small,us-east-1,use1-az2,3,50.0,50.0,2.5,0.023,0.005,78,t2,General,t,1.0,2.0,18456.5978276,Intel(R) Xeon(R) CPU E5-2676 v3 @ 2.40GHz,Intel(R) Xeon(R) CPU E5-2676 v3 @ 2.40GHz,Intel
t2.small,us-east-1,use1-az3,3,50.0,50.0,2.5,0.023,0.0086,62,t2,General,t,1.0,2.0,18456.5978276,Intel(R) Xeon(R) CPU E5-2676 v3 @ 2.40GHz,Intel(R) Xeon(R) CPU E5-2676 v3 @ 2.40GHz,Intel
t2.small,us-east-1,use1-az4,3,50.0,50.0,2.5,0.023,0.006,73,t2,General,t,1.0,2.0,18456.5978276,Intel(R) Xeon(R) CPU E5-2676 v3 @ 2.40GHz,Intel(R) Xeon(R) CPU E5-2676 v3 @ 2.40GHz,Intel
t2.small,us-east-1,use1-az5,3,50.0,50.0,2.5,0.023,0.0078,66,t2,General,t,1.0,2.0,18456.5978276,Intel(R) Xeon(R) CPU E5-2676 v3 @ 2.40GHz,Intel(R) Xeon(R) CPU E5-2676 v3 @ 2.40GHz,Intel
t2.small,us-east-1,use1-az6,3,50.0,50.0,2.5,0.023,0.0064,72,t2,General,t,1.0,2.0,18456.5978276,Intel(R) Xeon(R) CPU E5-2676 v3 @ 2.40GHz,Intel(R) Xeon(R) CPU E5-2676 v3 @ 2.40GHz,Intel
t2.xlarge,us-east-1,use1-az1,3,50.0,50.0,3.0,0.1856,0.0651,64,t2,General,t,4.0,16.0,18656.670523,Intel(R) Xeon(R) CPU E5-2686 v4 @ 2.30GHz,Intel(R) Xeon(R) CPU E5-2686 v4 @ 2.30GHz,Intel
t2.xlarge,us-east-1,use1-az2,3,50.0,50.0,3.0,0.1856,0.0554,70,t2,General,t,4.0,16.0,18656.670523,Intel(R) Xeon(R) CPU E5-2686 v4 @ 2.30GHz,Intel(R) Xeon(R) CPU E5-2686 v4 @ 2.30GHz,Intel
t2.xlarge,us-east-1,use1-az3,3,50.0,50.0,3.0,0.1856,0.053,71,t2,General,t,4.0,16.0,18656.670523,Intel(R) Xeon(R) CPU E5-2686 v4 @ 2.30GHz,Intel(R) Xeon(R) CPU E5-2686 v4 @ 2.30GHz,Intel
t2.xlarge,us-east-1,use1-az4,3,50.0,50.0,3.0,0.1856,0.0568,69,t2,General,t,4.0,16.0,18656.670523,Intel(R) Xeon(R) CPU E5-2686 v4 @ 2.30GHz,Intel(R) Xeon(R) CPU E5-2686 v4 @ 2.30GHz,Intel
t2.xlarge,us-east-1,use1-az5,3,20.0,30.0,3.0,0.1856,0.057,69,t2,General,t,4.0,16.0,18656.670523,Intel(R) Xeon(R) CPU E5-2686 v4 @ 2.30GHz,Intel(R) Xeon(R) CPU E5-2686 v4 @ 2.30GHz,Intel
t2.xlarge,us-east-1,use1-az6,3,50.0,50.0,3.0,0.1856,0.0567,69,t2,General,t,4.0,16.0,18656.670523,Intel(R) Xeon(R) CPU E5-2686 v4 @ 2.30GHz,Intel(R) Xeon(R) CPU E5-2686 v4 @ 2.30GHz,Intel
t3.2xlarge,us-east-1,use1-az1,3,50.0,50.0,2.5,0.3328,0.1178,64,t3,General,t,8.0,32.0,19030.8208542,Intel(R) Xeon(R) Platinum 8259CL CPU @ 2.50GHz,Intel(R) Xeon(R) Platinum 8259CL CPU @ 2.50GHz,Intel
t3.2xlarge,us-east-1,use1-az2,3,50.0,50.0,2.5,0.3328,0.1226,63,t3,General,t,8.0,32.0,19030.8208542,Intel(R) Xeon(R) Platinum 8259CL CPU @ 2.50GHz,Intel(R) Xeon(R) Platinum 8259CL CPU @ 2.50GHz,Intel
t3.2xlarge,us-east-1,use1-az4,3,50.0,50.0,2.5,0.3328,0.1186,64,t3,General,t,8.0,32.0,19030.8208542,Intel(R) Xeon(R) Platinum 8259CL CPU @ 2.50GHz,Intel(R) Xeon(R) Platinum 8259CL CPU @ 2.50GHz,Intel
t3.2xlarge,us-east-1,use1-az5,3,50.0,50.0,2.5,0.3328,0.0968,70,t3,General,t,8.0,32.0,19030.8208542,Intel(R) Xeon(R) Platinum 8259CL CPU @ 2.50GHz,Intel(R) Xeon(R) Platinum 8259CL CPU @ 2.50GHz,Intel
t3.2xlarge,us-east-1,use1-az6,3,50.0,50.0,2.5,0.3328,0.1252,62,t3,General,t,8.0,32.0,19030.8208542,Intel(R) Xeon(R) Platinum 8259CL CPU @ 2.50GHz,Intel(R) Xeon(R) Platinum 8259CL CPU @ 2.50GHz,Intel
t3.large,us-east-1,use1-az1,3,50.0,50.0,3.0,0.0832,0.0257,69,t3,General,t,2.0,8.0,18001.996257799998,Intel(R) Xeon(R) Platinum 8175M CPU @ 2.50GHz,Intel(R) Xeon(R) Platinum 8175M CPU @ 2.50GHz,Intel
t3.large,us-east-1,use1-az2,3,50.0,50.0,3.0,0.0832,0.0282,66,t3,General,t,2.0,8.0,18001.996257799998,Intel(R) Xeon(R) Platinum 8175M CPU @ 2.50GHz,Intel(R) Xeon(R) Platinum 8175M CPU @ 2.50GHz,Intel
t3.large,us-east-1,use1-az4,3,50.0,50.0,3.0,0.0832,0.0301,63,t3,General,t,2.0,8.0,18001.996257799998,Intel(R) Xeon(R) Platinum 8175M CPU @ 2.50GHz,Intel(R) Xeon(R) Platinum 8175M CPU @ 2.50GHz,Intel
t3.large,us-east-1,use1-az5,3,50.0,50.0,3.0,0.0832,0.0375,54,t3,General,t,2.0,8.0,18001.996257799998,Intel(R) Xeon(R) Platinum 8175M CPU @ 2.50GHz,Intel(R) Xeon(R) Platinum 8175M CPU @ 2.50GHz,Intel
t3.large,us-east-1,use1-az6,3,50.0,50.0,3.0,0.0832,0.0319,61,t3,General,t,2.0,8.0,18001.996257799998,Intel(R) Xeon(R) Platinum 8175M CPU @ 2.50GHz,Intel(R) Xeon(R) Platinum 8175M CPU @ 2.50GHz,Intel
t3.medium,us-east-1,use1-az1,3,50.0,50.0,3.0,0.0416,0.0185,55,t3,General,t,1.0,4.0,16266.4390122,Intel(R) Xeon(R) Platinum 8259CL CPU @ 2.50GHz,Intel(R) Xeon(R) Platinum 8259CL CPU @ 2.50GHz,Intel
t3.medium,us-east-1,use1-az2,3,50.0,50.0,3.0,0.0416,0.017,59,t3,General,t,1.0,4.0,16266.4390122,Intel(R) Xeon(R) Platinum 8259CL CPU @ 2.50GHz,Intel(R) Xeon(R) Platinum 8259CL CPU @ 2.50GHz,Intel
t3.medium,us-east-1,use1-az4,3,50.0,50.0,3.0,0.0416,0.0187,55,t3,General,t,1.0,4.0,16266.4390122,Intel(R) Xeon(R) Platinum 8259CL CPU @ 2.50GHz,Intel(R) Xeon(R) Platinum 8259CL CPU @ 2.50GHz,Intel
t3.medium,us-east-1,use1-az5,3,50.0,50.0,3.0,0.0416,0.017,59,t3,General,t,1.0,4.0,16266.4390122,Intel(R) Xeon(R) Platinum 8259CL CPU @ 2.50GHz,Intel(R) Xeon(R) Platinum 8259CL CPU @ 2.50GHz,Intel
t3.medium,us-east-1,use1-az6,3,50.0,50.0,3.0,0.0416,0.0185,55,t3,General,t,1.0,4.0,16266.4390122,Intel(R) Xeon(R) Platinum 8259CL CPU @ 2.50GHz,Intel(R) Xeon(R) Platinum 8259CL CPU @ 2.50GHz,Intel
t3.micro,us-east-1,use1-az1,3,50.0,50.0,3.0,0.0104,0.0033,68,t3,General,t,1.0,1.0,18372.679650600003,Intel(R) Xeon(R) Platinum 8259CL CPU @ 2.50GHz,Intel(R) Xeon(R) Platinum 8259CL CPU @ 2.50GHz,Intel
t3.micro,us-east-1,use1-az2,3,50.0,50.0,3.0,0.0104,0.0034,67,t3,General,t,1.0,1.0,18372.679650600003,Intel(R) Xeon(R) Platinum 8259CL CPU @ 2.50GHz,Intel(R) Xeon(R) Platinum 8259CL CPU @ 2.50GHz,Intel
t3.micro,us-east-1,use1-az4,3,50.0,50.0,3.0,0.0104,0.0033,68,t3,General,t,1.0,1.0,18372.679650600003,Intel(R) Xeon(R) Platinum 8259CL CPU @ 2.50GHz,Intel(R) Xeon(R) Platinum 8259CL CPU @ 2.50GHz,Intel
t3.micro,us-east-1,use1-az5,3,50.0,50.0,3.0,0.0104,0.0032,69,t3,General,t,1.0,1.0,18372.679650600003,Intel(R) Xeon(R) Platinum 8259CL CPU @ 2.50GHz,Intel(R) Xeon(R) Platinum 8259CL CPU @ 2.50GHz,Intel
t3.micro,us-east-1,use1-az6,3,50.0,50.0,3.0,0.0104,0.0033,68,t3,General,t,1.0,1.0,18372.679650600003,Intel(R) Xeon(R) Platinum 8259CL CPU @ 2.50GHz,Intel(R) Xeon(R) Platinum 8259CL CPU @ 2.50GHz,Intel
t3.nano,us-east-1,use1-az1,3,50.0,50.0,3.0,0.0052,0.0013,75,t3,General,t,1.0,0.5,19838.448677,Intel(R) Xeon(R) Platinum 8259CL CPU @ 2.50GHz,Intel(R) Xeon(R) Platinum 8259CL CPU @ 2.50GHz,Intel
t3.nano,us-east-1,use1-az2,3,50.0,50.0,3.0,0.0052,0.0012,76,t3,General,t,1.0,0.5,19838.448677,Intel(R) Xeon(R) Platinum 8259CL CPU @ 2.50GHz,Intel(R) Xeon(R) Platinum 8259CL CPU @ 2.50GHz,Intel
t3.nano,us-east-1,use1-az4,3,50.0,50.0,3.0,0.0052,0.0012,76,t3,General,t,1.0,0.5,19838.448677,Intel(R) Xeon(R) Platinum 8259CL CPU @ 2.50GHz,Intel(R) Xeon(R) Platinum 8259CL CPU @ 2.50GHz,Intel
t3.nano,us-east-1,use1-az5,3,50.0,50.0,3.0,0.0052,0.0009,82,t3,General,t,1.0,0.5,19838.448677,Intel(R) Xeon(R) Platinum 8259CL CPU @ 2.50GHz,Intel(R) Xeon(R) Platinum 8259CL CPU @ 2.50GHz,Intel
t3.nano,us-east-1,use1-az6,3,50.0,50.0,3.0,0.0052,0.0013,75,t3,General,t,1.0,0.5,19838.448677,Intel(R) Xeon(R) Platinum 8259CL CPU @ 2.50GHz,Intel(R) Xeon(R) Platinum 8259CL CPU @ 2.50GHz,Intel
t3.small,us-east-1,use1-az1,3,50.0,50.0,3.0,0.0208,0.0072,65,t3,General,t,1.0,2.0,17236.0433724,Intel(R) Xeon(R) Platinum 8259CL CPU @ 2.50GHz,Intel(R) Xeon(R) Platinum 8259CL CPU @ 2.50GHz,Intel
t3.small,us-east-1,use1-az2,3,50.0,50.0,3.0,0.0208,0.0071,65,t3,General,t,1.0,2.0,17236.0433724,Intel(R) Xeon(R) Platinum 8259CL CPU @ 2.50GHz,Intel(R) Xeon(R) Platinum 8259CL CPU @ 2.50GHz,Intel
t3.small,us-east-1,use1-az4,3,50.0,50.0,3.0,0.0208,0.0076,63,t3,General,t,1.0,2.0,17236.0433724,Intel(R) Xeon(R) Platinum 8259CL CPU @ 2.50GHz,Intel(R) Xeon(R) Platinum 8259CL CPU @ 2.50GHz,Intel
t3.small,us-east-1,use1-az5,3,50.0,50.0,3.0,0.0208,0.0062,70,t3,General,t,1.0,2.0,17236.0433724,Intel(R) Xeon(R) Platinum 8259CL CPU @ 2.50GHz,Intel(R) Xeon(R) Platinum 8259CL CPU @ 2.50GHz,Intel
t3.small,us-east-1,use1-az6,3,50.0,50.0,3.0,0.0208,0.007,66,t3,General,t,1.0,2.0,17236.0433724,Intel(R) Xeon(R) Platinum 8259CL CPU @ 2.50GHz,Intel(R) Xeon(R) Platinum 8259CL CPU @ 2.50GHz,Intel
t3.xlarge,us-east-1,use1-az1,3,50.0,50.0,2.5,0.1664,0.0633,61,t3,General,t,4.0,16.0,17927.5861616,Intel(R) Xeon(R) Platinum 8175M CPU @ 2.50GHz,Intel(R) Xeon(R) Platinum 8175M CPU @ 2.50GHz,Intel
t3.xlarge,us-east-1,use1-az2,3,50.0,50.0,2.5,0.1664,0.0634,61,t3,General,t,4.0,16.0,17927.5861616,Intel(R) Xeon(R) Platinum 8175M CPU @ 2.50GHz,Intel(R) Xeon(R) Platinum 8175M CPU @ 2.50GHz,Intel
t3.xlarge,us-east-1,use1-az4,3,50.0,50.0,2.5,0.1664,0.075,54,t3,General,t,4.0,16.0,17927.5861616,Intel(R) Xeon(R) Platinum 8175M CPU @ 2.50GHz,Intel(R) Xeon(R) Platinum 8175M CPU @ 2.50GHz,Intel
t3.xlarge,us-east-1,use1-az5,3,50.0,50.0,2.5,0.1664,0.0567,65,t3,General,t,4.0,16.0,17927.5861616,Intel(R) Xeon(R) Platinum 8175M CPU @ 2.50GHz,Intel(R) Xeon(R) Platinum 8175M CPU @ 2.50GHz,Intel
t3.xlarge,us-east-1,use1-az6,3,50.0,50.0,2.5,0.1664,0.0724,56,t3,General,t,4.0,16.0,17927.5861616,Intel(R) Xeon(R) Platinum 8175M CPU @ 2.50GHz,Intel(R) Xeon(R) Platinum 8175M CPU @ 2.50GHz,Intel
t3a.2xlarge,us-east-1,use1-az1,3,50.0,50.0,2.0,0.3008,0.1239,58,t3a,General,t,8.0,32.0,16978.0766,AMD EPYC 7571,AMD EPYC 7571,AMD
t3a.2xlarge,us-east-1,use1-az2,3,50.0,50.0,2.0,0.3008,0.1075,64,t3a,General,t,8.0,32.0,16978.0766,AMD EPYC 7571,AMD EPYC 7571,AMD
t3a.2xlarge,us-east-1,use1-az4,3,50.0,50.0,2.0,0.3008,0.1232,59,t3a,General,t,8.0,32.0,16978.0766,AMD EPYC 7571,AMD EPYC 7571,AMD
t3a.2xlarge,us-east-1,use1-az5,3,30.0,45.0,2.0,0.3008,0.096,68,t3a,General,t,8.0,32.0,16978.0766,AMD EPYC 7571,AMD EPYC 7571,AMD
t3a.2xlarge,us-east-1,use1-az6,3,50.0,50.0,2.0,0.3008,0.1138,62,t3a,General,t,8.0,32.0,16978.0766,AMD EPYC 7571,AMD EPYC 7571,AMD
t3a.large,us-east-1,use1-az1,3,50.0,50.0,2.0,0.0752,0.0296,60,t3a,General,t,2.0,8.0,16978.0766,AMD EPYC 7571,AMD EPYC 7571,AMD
t3a.large,us-east-1,use1-az2,3,50.0,50.0,2.0,0.0752,0.0241,67,t3a,General,t,2.0,8.0,16978.0766,AMD EPYC 7571,AMD EPYC 7571,AMD
t3a.large,us-east-1,use1-az4,3,50.0,50.0,2.0,0.0752,0.0203,73,t3a,General,t,2.0,8.0,16978.0766,AMD EPYC 7571,AMD EPYC 7571,AMD
t3a.large,us-east-1,use1-az5,3,25.0,35.0,2.0,0.0752,0.0203,73,t3a,General,t,2.0,8.0,16978.0766,AMD EPYC 7571,AMD EPYC 7571,AMD
t3a.large,us-east-1,use1-az6,3,50.0,50.0,2.0,0.0752,0.0265,64,t3a,General,t,2.0,8.0,16978.0766,AMD EPYC 7571,AMD EPYC 7571,AMD
t3a.medium,us-east-1,use1-az1,3,50.0,50.0,1.0,0.0376,0.0114,69,t3a,General,t,1.0,4.0,16978.0766,AMD EPYC 7571,AMD EPYC 7571,AMD
t3a.medium,us-east-1,use1-az2,3,50.0,50.0,1.0,0.0376,0.0118,68,t3a,General,t,1.0,4.0,16978.0766,AMD EPYC 7571,AMD EPYC 7571,AMD
t3a.medium,us-east-1,use1-az4,3,50.0,50.0,1.0,0.0376,0.011,70,t3a,General,t,1.0,4.0,16978.0766,AMD EPYC 7571,AMD EPYC 7571,AMD
t3a.medium,us-east-1,use1-az5,3,50.0,50.0,1.0,0.0376,0.0114,69,t3a,General,t,1.0,4.0,16978.0766,AMD EPYC 7571,AMD EPYC 7571,AMD
t3a.medium,us-east-1,use1-az6,3,50.0,50.0,1.0,0.0376,0.0108,71,t3a,General,t,1.0,4.0,16978.0766,AMD EPYC 7571,AMD EPYC 7571,AMD
t3a.micro,us-east-1,use1-az1,3,50.0,50.0,2.5,0.0094,0.0033,64,t3a,General,t,1.0,1.0,16978.0766,AMD EPYC 7571,AMD EPYC 7571,AMD
t3a.micro,us-east-1,use1-az2,3,50.0,50.0,2.5,0.0094,0.0035,62,t3a,General,t,1.0,1.0,16978.0766,AMD EPYC 7571,AMD EPYC 7571,AMD
t3a.micro,us-east-1,use1-az4,3,35.0,50.0,2.5,0.0094,0.0037,60,t3a,General,t,1.0,1.0,16978.0766,AMD EPYC 7571,AMD EPYC 7571,AMD
t3a.micro,us-east-1,use1-az5,3,10.0,20.0,2.5,0.0094,0.0037,60,t3a,General,t,1.0,1.0,16978.0766,AMD EPYC 7571,AMD EPYC 7571,AMD
t3a.micro,us-east-1,use1-az6,3,50.0,50.0,2.5,0.0094,0.0037,60,t3a,General,t,1.0,1.0,16978.0766,AMD EPYC 7571,AMD EPYC 7571,AMD
t3a.nano,us-east-1,use1-az1,3,50.0,50.0,2.0,0.0047,0.0018,61,t3a,General,t,1.0,0.5,16978.0766,AMD EPYC 7571,AMD EPYC 7571,AMD
t3a.nano,us-east-1,use1-az2,3,50.0,50.0,2.0,0.0047,0.0013,72,t3a,General,t,1.0,0.5,16978.0766,AMD EPYC 7571,AMD EPYC 7571,AMD
t3a.nano,us-east-1,use1-az4,3,50.0,50.0,2.0,0.0047,0.0017,63,t3a,General,t,1.0,0.5,16978.0766,AMD EPYC 7571,AMD EPYC 7571,AMD
t3a.nano,us-east-1,use1-az5,3,15.0,20.0,2.0,0.0047,0.0012,74,t3a,General,t,1.0,0.5,16978.0766,AMD EPYC 7571,AMD EPYC 7571,AMD
t3a.nano,us-east-1,use1-az6,3,10.0,15.0,2.0,0.0047,0.0024,48,t3a,General,t,1.0,0.5,16978.0766,AMD EPYC 7571,AMD EPYC 7571,AMD
t3a.small,us-east-1,use1-az1,3,50.0,50.0,1.0,0.0188,0.0058,69,t3a,General,t,1.0,2.0,16978.0766,AMD EPYC 7571,AMD EPYC 7571,AMD
t3a.small,us-east-1,use1-az2,3,50.0,50.0,1.0,0.0188,0.0055,70,t3a,General,t,1.0,2.0,16978.0766,AMD EPYC 7571,AMD EPYC 7571,AMD
t3a.small,us-east-1,use1-az4,3,50.0,50.0,1.0,0.0188,0.006,68,t3a,General,t,1.0,2.0,16978.0766,AMD EPYC 7571,AMD EPYC 7571,AMD
t3a.small,us-east-1,use1-az5,3,50.0,50.0,1.0,0.0188,0.0063,66,t3a,General,t,1.0,2.0,16978.0766,AMD EPYC 7571,AMD EPYC 7571,AMD
t3a.small,us-east-1,use1-az6,3,50.0,50.0,1.0,0.0188,0.0064,65,t3a,General,t,1.0,2.0,16978.0766,AMD EPYC 7571,AMD EPYC 7571,AMD
t3a.xlarge,us-east-1,use1-az1,3,50.0,50.0,1.0,0.1504,0.0558,62,t3a,General,t,4.0,16.0,16978.0766,AMD EPYC 7571,AMD EPYC 7571,AMD
t3a.xlarge,us-east-1,use1-az2,3,50.0,50.0,1.0,0.1504,0.0495,67,t3a,General,t,4.0,16.0,16978.0766,AMD EPYC 7571,AMD EPYC 7571,AMD
t3a.xlarge,us-east-1,use1-az4,3,50.0,50.0,1.0,0.1504,0.0509,66,t3a,General,t,4.0,16.0,16978.0766,AMD EPYC 7571,AMD EPYC 7571,AMD
t3a.xlarge,us-east-1,use1-az5,3,15.0,25.0,1.0,0.1504,0.0395,73,t3a,General,t,4.0,16.0,16978.0766,AMD EPYC 7571,AMD EPYC 7571,AMD
t3a.xlarge,us-east-1,use1-az6,3,50.0,50.0,1.0,0.1504,0.0441,70,t3a,General,t,4.0,16.0,16978.0766,AMD EPYC 7571,AMD EPYC 7571,AMD
t4g.2xlarge,us-east-1,use1-az1,3,30.0,50.0,1.0,0.2688,0.1044,61,t4g,General,t,8.0,32.0,18300.0613522,AWS Graviton2 Processor,Neoverse-N1,AWS
t4g.2xlarge,us-east-1,use1-az2,3,45.0,50.0,1.0,0.2688,0.0829,69,t4g,General,t,8.0,32.0,18300.0613522,AWS Graviton2 Processor,Neoverse-N1,AWS
t4g.2xlarge,us-east-1,use1-az4,3,50.0,50.0,1.0,0.2688,0.1014,62,t4g,General,t,8.0,32.0,18300.0613522,AWS Graviton2 Processor,Neoverse-N1,AWS
t4g.2xlarge,us-east-1,use1-az5,3,25.0,35.0,1.0,0.2688,0.0758,71,t4g,General,t,8.0,32.0,18300.0613522,AWS Graviton2 Processor,Neoverse-N1,AWS
t4g.2xlarge,us-east-1,use1-az6,3,40.0,50.0,1.0,0.2688,0.1028,61,t4g,General,t,8.0,32.0,18300.0613522,AWS Graviton2 Processor,Neoverse-N1,AWS
t4g.large,us-east-1,use1-az1,3,50.0,50.0,1.0,0.0672,0.0187,72,t4g,General,t,2.0,8.0,18018.7907948,AWS Graviton2 Processor,Neoverse-N1,AWS
t4g.large,us-east-1,use1-az2,3,50.0,50.0,1.0,0.0672,0.0209,68,t4g,General,t,2.0,8.0,18018.7907948,AWS Graviton2 Processor,Neoverse-N1,AWS
t4g.large,us-east-1,use1-az4,3,50.0,50.0,1.0,0.0672,0.0172,74,t4g,General,t,2.0,8.0,18018.7907948,AWS Graviton2 Processor,Neoverse-N1,AWS
t4g.large,us-east-1,use1-az5,3,15.0,35.0,1.0,0.0672,0.0128,80,t4g,General,t,2.0,8.0,18018.7907948,AWS Graviton2 Processor,Neoverse-N1,AWS
t4g.large,us-east-1,use1-az6,3,50.0,50.0,1.0,0.0672,0.0183,72,t4g,General,t,2.0,8.0,18018.7907948,AWS Graviton2 Processor,Neoverse-N1,AWS
t4g.medium,us-east-1,use1-az1,3,50.0,50.0,1.5,0.0336,0.0156,53,t4g,General,t,1.0,4.0,18380.1536048,AWS Graviton2 Processor,Neoverse-N1,AWS
t4g.medium,us-east-1,use1-az2,3,50.0,50.0,1.5,0.0336,0.0106,68,t4g,General,t,1.0,4.0,18380.1536048,AWS Graviton2 Processor,Neoverse-N1,AWS
t4g.medium,us-east-1,use1-az4,3,50.0,50.0,1.5,0.0336,0.01,70,t4g,General,t,1.0,4.0,18380.1536048,AWS Graviton2 Processor,Neoverse-N1,AWS
t4g.medium,us-east-1,use1-az5,3,50.0,50.0,1.5,0.0336,0.0101,69,t4g,General,t,1.0,4.0,18380.1536048,AWS Graviton2 Processor,Neoverse-N1,AWS
t4g.medium,us-east-1,use1-az6,3,50.0,50.0,1.5,0.0336,0.0099,70,t4g,General,t,1.0,4.0,18380.1536048,AWS Graviton2 Processor,Neoverse-N1,AWS
t4g.micro,us-east-1,use1-az1,3,50.0,50.0,1.0,0.0084,0.0031,63,t4g,General,t,1.0,1.0,18357.8917948,AWS Graviton2 Processor,Neoverse-N1,AWS
t4g.micro,us-east-1,use1-az2,3,50.0,50.0,1.0,0.0084,0.0026,69,t4g,General,t,1.0,1.0,18357.8917948,AWS Graviton2 Processor,Neoverse-N1,AWS
t4g.micro,us-east-1,use1-az4,3,50.0,50.0,1.0,0.0084,0.0032,61,t4g,General,t,1.0,1.0,18357.8917948,AWS Graviton2 Processor,Neoverse-N1,AWS
t4g.micro,us-east-1,use1-az5,3,5.0,5.0,1.0,0.0084,0.0064,23,t4g,General,t,1.0,1.0,18357.8917948,AWS Graviton2 Processor,Neoverse-N1,AWS
t4g.micro,us-east-1,use1-az6,3,50.0,50.0,1.0,0.0084,0.0047,44,t4g,General,t,1.0,1.0,18357.8917948,AWS Graviton2 Processor,Neoverse-N1,AWS
t4g.nano,us-east-1,use1-az1,3,50.0,50.0,3.0,0.0042,0.0011,73,t4g,General,t,1.0,0.5,18328.2761066,AWS Graviton2 Processor,Neoverse-N1,AWS
t4g.nano,us-east-1,use1-az2,3,50.0,50.0,3.0,0.0042,0.0016,61,t4g,General,t,1.0,0.5,18328.2761066,AWS Graviton2 Processor,Neoverse-N1,AWS
t4g.nano,us-east-1,use1-az4,3,50.0,50.0,3.0,0.0042,0.0011,73,t4g,General,t,1.0,0.5,18328.2761066,AWS Graviton2 Processor,Neoverse-N1,AWS
t4g.nano,us-east-1,use1-az5,3,1.0,1.0,3.0,0.0042,0.0038,9,t4g,General,t,1.0,0.5,18328.2761066,AWS Graviton2 Processor,Neoverse-N1,AWS
t4g.nano,us-east-1,use1-az6,3,50.0,50.0,3.0,0.0042,0.0013,69,t4g,General,t,1.0,0.5,18328.2761066,AWS Graviton2 Processor,Neoverse-N1,AWS
t4g.small,us-east-1,use1-az1,3,50.0,50.0,3.0,0.0168,0.0077,54,t4g,General,t,1.0,2.0,18403.36735,AWS Graviton2 Processor,Neoverse-N1,AWS
t4g.small,us-east-1,use1-az2,3,50.0,50.0,3.0,0.0168,0.0083,50,t4g,General,t,1.0,2.0,18403.36735,AWS Graviton2 Processor,Neoverse-N1,AWS
t4g.small,us-east-1,use1-az4,3,50.0,50.0,3.0,0.0168,0.0073,56,t4g,General,t,1.0,2.0,18403.36735,AWS Graviton2 Processor,Neoverse-N1,AWS
t4g.small,us-east-1,use1-az5,3,50.0,50.0,3.0,0.0168,0.0088,47,t4g,General,t,1.0,2.0,18403.36735,AWS Graviton2 Processor,Neoverse-N1,AWS
t4g.small,us-east-1,use1-az6,3,50.0,50.0,3.0,0.0168,0.0082,51,t4g,General,t,1.0,2.0,18403.36735,AWS Graviton2 Processor,Neoverse-N1,AWS
t4g.xlarge,us-east-1,use1-az1,3,50.0,50.0,1.0,0.1344,0.051,62,t4g,General,t,4.0,16.0,17963.9244202,AWS Graviton2 Processor,Neoverse-N1,AWS
t4g.xlarge,us-east-1,use1-az2,3,50.0,50.0,1.0,0.1344,0.0503,62,t4g,General,t,4.0,16.0,17963.9244202,AWS Graviton2 Processor,Neoverse-N1,AWS
t4g.xlarge,us-east-1,use1-az4,3,40.0,50.0,1.0,0.1344,0.0601,55,t4g,General,t,4.0,16.0,17963.9244202,AWS Graviton2 Processor,Neoverse-N1,AWS
t4g.xlarge,us-east-1,use1-az5,3,5.0,10.0,1.0,0.1344,0.0428,68,t4g,General,t,4.0,16.0,17963.9244202,AWS Graviton2 Processor,Neoverse-N1,AWS
t4g.xlarge,us-east-1,use1-az6,3,30.0,50.0,1.0,0.1344,0.0471,64,t4g,General,t,4.0,16.0,17963.9244202,AWS Graviton2 Processor,Neoverse-N1,AWS
trn1.2xlarge,us-east-1,use1-az5,3,5.0,5.0,3.0,1.34375,0.3365,74,trn1,AC,trn,8.0,32.0,28985.5594,Intel(R) Xeon(R) Platinum 8375C CPU @ 2.90GHz,Intel(R) Xeon(R) Platinum 8375C CPU @ 2.90GHz,Intel
trn1.2xlarge,us-east-1,use1-az6,3,5.0,5.0,3.0,1.34375,0.367,72,trn1,AC,trn,8.0,32.0,28985.5594,Intel(R) Xeon(R) Platinum 8375C CPU @ 2.90GHz,Intel(R) Xeon(R) Platinum 8375C CPU @ 2.90GHz,Intel
trn1.32xlarge,us-east-1,use1-az4,1,0.0,0.0,3.0,21.5,6.3276,70,trn1,AC,trn,128.0,512.0,28985.5594,Intel(R) Xeon(R) Platinum 8375C CPU @ 2.90GHz,Intel(R) Xeon(R) Platinum 8375C CPU @ 2.90GHz,Intel
trn1.32xlarge,us-east-1,use1-az5,3,1.0,5.0,3.0,21.5,2.6497,87,trn1,AC,trn,128.0,512.0,28985.5594,Intel(R) Xeon(R) Platinum 8375C CPU @ 2.90GHz,Intel(R) Xeon(R) Platinum 8375C CPU @ 2.90GHz,Intel
trn1.32xlarge,us-east-1,use1-az6,3,5.0,5.0,3.0,21.5,3.1655,85,trn1,AC,trn,128.0,512.0,28985.5594,Intel(R) Xeon(R) Platinum 8375C CPU @ 2.90GHz,Intel(R) Xeon(R) Platinum 8375C CPU @ 2.90GHz,Intel
trn1n.32xlarge,us-east-1,use1-az6,1,0.0,0.0,3.0,24.78,5.9464,76,trn1n,AC,trn,128.0,512.0,28985.5594,Intel(R) Xeon(R) Platinum 8375C CPU @ 2.90GHz,Intel(R) Xeon(R) Platinum 8375C CPU @ 2.90GHz,Intel
vt1.24xlarge,us-east-1,use1-az1,1,0.0,0.0,2.5,5.2,2.8263,45,vt1,AC,vt,96.0,192.0,23883.6025,Intel(R) Xeon(R) Platinum 8259CL CPU @ 2.50GHz,Intel(R) Xeon(R) Platinum 8259CL CPU @ 2.50GHz,Intel
vt1.24xlarge,us-east-1,use1-az2,3,5.0,5.0,2.5,5.2,1.3641,73,vt1,AC,vt,96.0,192.0,23883.6025,Intel(R) Xeon(R) Platinum 8259CL CPU @ 2.50GHz,Intel(R) Xeon(R) Platinum 8259CL CPU @ 2.50GHz,Intel
vt1.3xlarge,us-east-1,use1-az1,1,0.0,0.0,2.5,0.65,0.2544,60,vt1,AC,vt,12.0,24.0,23883.6025,Intel(R) Xeon(R) Platinum 8259CL CPU @ 2.50GHz,Intel(R) Xeon(R) Platinum 8259CL CPU @ 2.50GHz,Intel
vt1.3xlarge,us-east-1,use1-az2,3,5.0,10.0,2.5,0.65,0.3011,53,vt1,AC,vt,12.0,24.0,23883.6025,Intel(R) Xeon(R) Platinum 8259CL CPU @ 2.50GHz,Intel(R) Xeon(R) Platinum 8259CL CPU @ 2.50GHz,Intel
vt1.6xlarge,us-east-1,use1-az1,1,0.0,0.0,3.0,1.3,0.3753,71,vt1,AC,vt,24.0,48.0,23883.6025,Intel(R) Xeon(R) Platinum 8259CL CPU @ 2.50GHz,Intel(R) Xeon(R) Platinum 8259CL CPU @ 2.50GHz,Intel
vt1.6xlarge,us-east-1,use1-az2,3,1.0,1.0,3.0,1.3,0.6922,46,vt1,AC,vt,24.0,48.0,23883.6025,Intel(R) Xeon(R) Platinum 8259CL CPU @ 2.50GHz,Intel(R) Xeon(R) Platinum 8259CL CPU @ 2.50GHz,Intel
x1.16xlarge,us-east-1,use1-az1,1,0.0,0.0,1.0,6.669,1.3466,79,x1,Memory,x,64.0,976.0,19527.2736,Intel(R) Xeon(R) CPU E7-8880 v3 @ 2.30GHz,Intel(R) Xeon(R) CPU E7-8880 v3 @ 2.30GHz,Intel
x1.16xlarge,us-east-1,use1-az2,1,0.0,0.0,1.0,6.669,1.6301,75,x1,Memory,x,64.0,976.0,19527.2736,Intel(R) Xeon(R) CPU E7-8880 v3 @ 2.30GHz,Intel(R) Xeon(R) CPU E7-8880 v3 @ 2.30GHz,Intel
x1.16xlarge,us-east-1,use1-az3,1,0.0,0.0,1.0,6.669,2.134,68,x1,Memory,x,64.0,976.0,19527.2736,Intel(R) Xeon(R) CPU E7-8880 v3 @ 2.30GHz,Intel(R) Xeon(R) CPU E7-8880 v3 @ 2.30GHz,Intel
x1.16xlarge,us-east-1,use1-az4,1,0.0,0.0,1.0,6.669,1.6104,75,x1,Memory,x,64.0,976.0,19527.2736,Intel(R) Xeon(R) CPU E7-8880 v3 @ 2.30GHz,Intel(R) Xeon(R) CPU E7-8880 v3 @ 2.30GHz,Intel
x1.16xlarge,us-east-1,use1-az5,1,0.0,0.0,1.0,6.669,1.1655,82,x1,Memory,x,64.0,976.0,19527.2736,Intel(R) Xeon(R) CPU E7-8880 v3 @ 2.30GHz,Intel(R) Xeon(R) CPU E7-8880 v3 @ 2.30GHz,Intel
x1.16xlarge,us-east-1,use1-az6,2,0.0,1.0,1.0,6.669,1.6886,74,x1,Memory,x,64.0,976.0,19527.2736,Intel(R) Xeon(R) CPU E7-8880 v3 @ 2.30GHz,Intel(R) Xeon(R) CPU E7-8880 v3 @ 2.30GHz,Intel
x1.32xlarge,us-east-1,use1-az1,1,0.0,0.0,1.0,13.338,3.1943,76,x1,Memory,x,128.0,1952.0,19637.2612,Intel(R) Xeon(R) CPU E7-8880 v3 @ 2.30GHz,Intel(R) Xeon(R) CPU E7-8880 v3 @ 2.30GHz,Intel
x1.32xlarge,us-east-1,use1-az2,1,0.0,0.0,1.0,13.338,3.5977,73,x1,Memory,x,128.0,1952.0,19637.2612,Intel(R) Xeon(R) CPU E7-8880 v3 @ 2.30GHz,Intel(R) Xeon(R) CPU E7-8880 v3 @ 2.30GHz,Intel
x1.32xlarge,us-east-1,use1-az3,1,0.0,0.0,1.0,13.338,3.6112,72,x1,Memory,x,128.0,1952.0,19637.2612,Intel(R) Xeon(R) CPU E7-8880 v3 @ 2.30GHz,Intel(R) Xeon(R) CPU E7-8880 v3 @ 2.30GHz,Intel
x1.32xlarge,us-east-1,use1-az4,1,0.0,0.0,1.0,13.338,2.6625,80,x1,Memory,x,128.0,1952.0,19637.2612,Intel(R) Xeon(R) CPU E7-8880 v3 @ 2.30GHz,Intel(R) Xeon(R) CPU E7-8880 v3 @ 2.30GHz,Intel
x1.32xlarge,us-east-1,use1-az5,1,0.0,0.0,1.0,13.338,13.338,0,x1,Memory,x,128.0,1952.0,19637.2612,Intel(R) Xeon(R) CPU E7-8880 v3 @ 2.30GHz,Intel(R) Xeon(R) CPU E7-8880 v3 @ 2.30GHz,Intel
x1.32xlarge,us-east-1,use1-az6,1,0.0,0.0,1.0,13.338,3.5582,73,x1,Memory,x,128.0,1952.0,19637.2612,Intel(R) Xeon(R) CPU E7-8880 v3 @ 2.30GHz,Intel(R) Xeon(R) CPU E7-8880 v3 @ 2.30GHz,Intel
x1e.16xlarge,us-east-1,use1-az1,1,0.0,0.0,1.0,13.344,3.4732,73,x1e,Memory,x,64.0,1952.0,19744.483,Intel(R) Xeon(R) CPU E7-8880 v3 @ 2.30GHz,Intel(R) Xeon(R) CPU E7-8880 v3 @ 2.30GHz,Intel
x1e.16xlarge,us-east-1,use1-az2,2,0.0,1.0,1.0,13.344,3.3062,75,x1e,Memory,x,64.0,1952.0,19744.483,Intel(R) Xeon(R) CPU E7-8880 v3 @ 2.30GHz,Intel(R) Xeon(R) CPU E7-8880 v3 @ 2.30GHz,Intel
x1e.16xlarge,us-east-1,use1-az4,2,0.0,1.0,1.0,13.344,3.3587,74,x1e,Memory,x,64.0,1952.0,19744.483,Intel(R) Xeon(R) CPU E7-8880 v3 @ 2.30GHz,Intel(R) Xeon(R) CPU E7-8880 v3 @ 2.30GHz,Intel
x1e.16xlarge,us-east-1,use1-az6,3,1.0,1.0,1.0,13.344,2.8178,78,x1e,Memory,x,64.0,1952.0,19744.483,Intel(R) Xeon(R) CPU E7-8880 v3 @ 2.30GHz,Intel(R) Xeon(R) CPU E7-8880 v3 @ 2.30GHz,Intel
x1e.2xlarge,us-east-1,use1-az1,3,5.0,10.0,1.0,1.668,0.5418,67,x1e,Memory,x,8.0,244.0,19238.4694,Intel(R) Xeon(R) CPU E7-8880 v3 @ 2.30GHz,Intel(R) Xeon(R) CPU E7-8880 v3 @ 2.30GHz,Intel
x1e.2xlarge,us-east-1,use1-az2,3,20.0,35.0,1.0,1.668,0.5804,65,x1e,Memory,x,8.0,244.0,19238.4694,Intel(R) Xeon(R) CPU E7-8880 v3 @ 2.30GHz,Intel(R) Xeon(R) CPU E7-8880 v3 @ 2.30GHz,Intel
x1e.2xlarge,us-east-1,use1-az4,3,30.0,50.0,1.0,1.668,0.561,66,x1e,Memory,x,8.0,244.0,19238.4694,Intel(R) Xeon(R) CPU E7-8880 v3 @ 2.30GHz,Intel(R) Xeon(R) CPU E7-8880 v3 @ 2.30GHz,Intel
x1e.2xlarge,us-east-1,use1-az6,3,5.0,10.0,1.0,1.668,0.5545,66,x1e,Memory,x,8.0,244.0,19238.4694,Intel(R) Xeon(R) CPU E7-8880 v3 @ 2.30GHz,Intel(R) Xeon(R) CPU E7-8880 v3 @ 2.30GHz,Intel
x1e.32xlarge,us-east-1,use1-az1,1,0.0,0.0,1.0,26.688,6.6781,74,x1e,Memory,x,128.0,3904.0,19742.1451,Intel(R) Xeon(R) CPU E7-8880 v3 @ 2.30GHz,Intel(R) Xeon(R) CPU E7-8880 v3 @ 2.30GHz,Intel
x1e.32xlarge,us-east-1,use1-az2,1,0.0,0.0,1.0,26.688,3.4207,87,x1e,Memory,x,128.0,3904.0,19742.1451,Intel(R) Xeon(R) CPU E7-8880 v3 @ 2.30GHz,Intel(R) Xeon(R) CPU E7-8880 v3 @ 2.30GHz,Intel
x1e.32xlarge,us-east-1,use1-az4,1,0.0,0.0,1.0,26.688,4.2104,84,x1e,Memory,x,128.0,3904.0,19742.1451,Intel(R) Xeon(R) CPU E7-8880 v3 @ 2.30GHz,Intel(R) Xeon(R) CPU E7-8880 v3 @ 2.30GHz,Intel
x1e.32xlarge,us-east-1,use1-az6,1,0.0,0.0,1.0,26.688,3.9815,85,x1e,Memory,x,128.0,3904.0,19742.1451,Intel(R) Xeon(R) CPU E7-8880 v3 @ 2.30GHz,Intel(R) Xeon(R) CPU E7-8880 v3 @ 2.30GHz,Intel
x1e.4xlarge,us-east-1,use1-az1,3,1.0,1.0,1.0,3.336,1.5631,53,x1e,Memory,x,16.0,488.0,19204.477,Intel(R) Xeon(R) CPU E7-8880 v3 @ 2.30GHz,Intel(R) Xeon(R) CPU E7-8880 v3 @ 2.30GHz,Intel
x1e.4xlarge,us-east-1,use1-az2,3,5.0,10.0,1.0,3.336,0.9991,70,x1e,Memory,x,16.0,488.0,19204.477,Intel(R) Xeon(R) CPU E7-8880 v3 @ 2.30GHz,Intel(R) Xeon(R) CPU E7-8880 v3 @ 2.30GHz,Intel
x1e.4xlarge,us-east-1,use1-az4,3,10.0,15.0,1.0,3.336,0.992,70,x1e,Memory,x,16.0,488.0,19204.477,Intel(R) Xeon(R) CPU E7-8880 v3 @ 2.30GHz,Intel(R) Xeon(R) CPU E7-8880 v3 @ 2.30GHz,Intel
x1e.4xlarge,us-east-1,use1-az6,3,1.0,5.0,1.0,3.336,1.0821,67,x1e,Memory,x,16.0,488.0,19204.477,Intel(R) Xeon(R) CPU E7-8880 v3 @ 2.30GHz,Intel(R) Xeon(R) CPU E7-8880 v3 @ 2.30GHz,Intel
x1e.8xlarge,us-east-1,use1-az1,3,1.0,1.0,1.0,6.672,3.5467,46,x1e,Memory,x,32.0,976.0,19390.351,Intel(R) Xeon(R) CPU E7-8880 v3 @ 2.30GHz,Intel(R) Xeon(R) CPU E7-8880 v3 @ 2.30GHz,Intel
x1e.8xlarge,us-east-1,use1-az2,1,0.0,0.0,1.0,6.672,2.6125,60,x1e,Memory,x,32.0,976.0,19390.351,Intel(R) Xeon(R) CPU E7-8880 v3 @ 2.30GHz,Intel(R) Xeon(R) CPU E7-8880 v3 @ 2.30GHz,Intel
x1e.8xlarge,us-east-1,use1-az4,3,1.0,1.0,1.0,6.672,2.2127,66,x1e,Memory,x,32.0,976.0,19390.351,Intel(R) Xeon(R) CPU E7-8880 v3 @ 2.30GHz,Intel(R) Xeon(R) CPU E7-8880 v3 @ 2.30GHz,Intel
x1e.8xlarge,us-east-1,use1-az6,3,1.0,5.0,1.0,6.672,2.1166,68,x1e,Memory,x,32.0,976.0,19390.351,Intel(R) Xeon(R) CPU E7-8880 v3 @ 2.30GHz,Intel(R) Xeon(R) CPU E7-8880 v3 @ 2.30GHz,Intel
x1e.xlarge,us-east-1,use1-az1,3,20.0,30.0,1.0,0.834,0.2267,72,x1e,Memory,x,4.0,122.0,19229.0832,Intel(R) Xeon(R) CPU E7-8880 v3 @ 2.30GHz,Intel(R) Xeon(R) CPU E7-8880 v3 @ 2.30GHz,Intel
x1e.xlarge,us-east-1,use1-az2,3,50.0,50.0,1.0,0.834,0.1853,77,x1e,Memory,x,4.0,122.0,19229.0832,Intel(R) Xeon(R) CPU E7-8880 v3 @ 2.30GHz,Intel(R) Xeon(R) CPU E7-8880 v3 @ 2.30GHz,Intel
x1e.xlarge,us-east-1,use1-az4,3,40.0,50.0,1.0,0.834,0.2208,73,x1e,Memory,x,4.0,122.0,19229.0832,Intel(R) Xeon(R) CPU E7-8880 v3 @ 2.30GHz,Intel(R) Xeon(R) CPU E7-8880 v3 @ 2.30GHz,Intel
x1e.xlarge,us-east-1,use1-az6,3,10.0,15.0,1.0,0.834,0.1883,77,x1e,Memory,x,4.0,122.0,19229.0832,Intel(R) Xeon(R) CPU E7-8880 v3 @ 2.30GHz,Intel(R) Xeon(R) CPU E7-8880 v3 @ 2.30GHz,Intel
x2gd.12xlarge,us-east-1,use1-az1,3,1.0,1.0,2.5,4.008,1.0237,74,x2gd,Memory,x,48.0,768.0,19336.603,AWS Graviton2 Processor,Neoverse-N1,AWS
x2gd.12xlarge,us-east-1,use1-az2,2,0.0,1.0,2.5,4.008,1.6702,58,x2gd,Memory,x,48.0,768.0,19336.603,AWS Graviton2 Processor,Neoverse-N1,AWS
x2gd.12xlarge,us-east-1,use1-az4,3,10.0,15.0,2.5,4.008,1.2743,68,x2gd,Memory,x,48.0,768.0,19336.603,AWS Graviton2 Processor,Neoverse-N1,AWS
x2gd.12xlarge,us-east-1,use1-az5,3,1.0,1.0,2.5,4.008,1.0076,74,x2gd,Memory,x,48.0,768.0,19336.603,AWS Graviton2 Processor,Neoverse-N1,AWS
x2gd.12xlarge,us-east-1,use1-az6,3,5.0,10.0,2.5,4.008,1.4384,64,x2gd,Memory,x,48.0,768.0,19336.603,AWS Graviton2 Processor,Neoverse-N1,AWS
x2gd.16xlarge,us-east-1,use1-az1,3,30.0,50.0,3.0,5.344,1.735,67,x2gd,Memory,x,64.0,1024.0,19343.2582,AWS Graviton2 Processor,Neoverse-N1,AWS
x2gd.16xlarge,us-east-1,use1-az2,3,5.0,10.0,3.0,5.344,2.4884,53,x2gd,Memory,x,64.0,1024.0,19343.2582,AWS Graviton2 Processor,Neoverse-N1,AWS
x2gd.16xlarge,us-east-1,use1-az4,3,50.0,50.0,3.0,5.344,1.5166,71,x2gd,Memory,x,64.0,1024.0,19343.2582,AWS Graviton2 Processor,Neoverse-N1,AWS
x2gd.16xlarge,us-east-1,use1-az5,3,50.0,50.0,3.0,5.344,0.9313,82,x2gd,Memory,x,64.0,1024.0,19343.2582,AWS Graviton2 Processor,Neoverse-N1,AWS
x2gd.16xlarge,us-east-1,use1-az6,3,50.0,50.0,3.0,5.344,1.3244,75,x2gd,Memory,x,64.0,1024.0,19343.2582,AWS Graviton2 Processor,Neoverse-N1,AWS
x2gd.2xlarge,us-east-1,use1-az1,3,10.0,20.0,3.0,0.668,0.1943,70,x2gd,Memory,x,8.0,128.0,19341.913,AWS Graviton2 Processor,Neoverse-N1,AWS
x2gd.2xlarge,us-east-1,use1-az2,3,5.0,5.0,3.0,0.668,0.282,57,x2gd,Memory,x,8.0,128.0,19341.913,AWS Graviton2 Processor,Neoverse-N1,AWS
x2gd.2xlarge,us-east-1,use1-az4,3,20.0,35.0,3.0,0.668,0.1967,70,x2gd,Memory,x,8.0,128.0,19341.913,AWS Graviton2 Processor,Neoverse-N1,AWS
x2gd.2xlarge,us-east-1,use1-az5,3,5.0,5.0,3.0,0.668,0.1746,73,x2gd,Memory,x,8.0,128.0,19341.913,AWS Graviton2 Processor,Neoverse-N1,AWS
x2gd.2xlarge,us-east-1,use1-az6,3,20.0,30.0,3.0,0.668,0.2076,68,x2gd,Memory,x,8.0,128.0,19341.913,AWS Graviton2 Processor,Neoverse-N1,AWS
x2gd.4xlarge,us-east-1,use1-az1,3,10.0,15.0,2.5,1.336,0.5222,60,x2gd,Memory,x,16.0,256.0,19334.6563,AWS Graviton2 Processor,Neoverse-N1,AWS
x2gd.4xlarge,us-east-1,use1-az2,3,10.0,15.0,2.5,1.336,0.3423,74,x2gd,Memory,x,16.0,256.0,19334.6563,AWS Graviton2 Processor,Neoverse-N1,AWS
x2gd.4xlarge,us-east-1,use1-az4,3,15.0,25.0,2.5,1.336,0.4244,68,x2gd,Memory,x,16.0,256.0,19334.6563,AWS Graviton2 Processor,Neoverse-N1,AWS
x2gd.4xlarge,us-east-1,use1-az5,3,5.0,5.0,2.5,1.336,0.3676,72,x2gd,Memory,x,16.0,256.0,19334.6563,AWS Graviton2 Processor,Neoverse-N1,AWS
x2gd.4xlarge,us-east-1,use1-az6,3,25.0,35.0,2.5,1.336,0.4106,69,x2gd,Memory,x,16.0,256.0,19334.6563,AWS Graviton2 Processor,Neoverse-N1,AWS
x2gd.8xlarge,us-east-1,use1-az1,3,1.0,1.0,2.5,2.672,0.7817,70,x2gd,Memory,x,32.0,512.0,19346.4059,AWS Graviton2 Processor,Neoverse-N1,AWS
x2gd.8xlarge,us-east-1,use1-az2,1,0.0,0.0,2.5,2.672,0.9415,64,x2gd,Memory,x,32.0,512.0,19346.4059,AWS Graviton2 Processor,Neoverse-N1,AWS
x2gd.8xlarge,us-east-1,use1-az4,3,1.0,1.0,2.5,2.672,0.7504,71,x2gd,Memory,x,32.0,512.0,19346.4059,AWS Graviton2 Processor,Neoverse-N1,AWS
x2gd.8xlarge,us-east-1,use1-az5,3,1.0,1.0,2.5,2.672,0.7243,72,x2gd,Memory,x,32.0,512.0,19346.4059,AWS Graviton2 Processor,Neoverse-N1,AWS
x2gd.8xlarge,us-east-1,use1-az6,3,5.0,10.0,2.5,2.672,0.8986,66,x2gd,Memory,x,32.0,512.0,19346.4059,AWS Graviton2 Processor,Neoverse-N1,AWS
x2gd.large,us-east-1,use1-az1,3,40.0,50.0,3.0,0.167,0.0521,68,x2gd,Memory,x,2.0,32.0,19349.9985,AWS Graviton2 Processor,Neoverse-N1,AWS
x2gd.large,us-east-1,use1-az2,3,35.0,50.0,3.0,0.167,0.0516,69,x2gd,Memory,x,2.0,32.0,19349.9985,AWS Graviton2 Processor,Neoverse-N1,AWS
x2gd.large,us-east-1,use1-az4,3,50.0,50.0,3.0,0.167,0.0515,69,x2gd,Memory,x,2.0,32.0,19349.9985,AWS Graviton2 Processor,Neoverse-N1,AWS
x2gd.large,us-east-1,use1-az5,3,30.0,45.0,3.0,0.167,0.0462,72,x2gd,Memory,x,2.0,32.0,19349.9985,AWS Graviton2 Processor,Neoverse-N1,AWS
x2gd.large,us-east-1,use1-az6,3,50.0,50.0,3.0,0.167,0.0473,71,x2gd,Memory,x,2.0,32.0,19349.9985,AWS Graviton2 Processor,Neoverse-N1,AWS
x2gd.medium,us-east-1,use1-az1,3,50.0,50.0,3.0,0.0835,0.0214,74,x2gd,Memory,x,1.0,16.0,19348.4254,AWS Graviton2 Processor,Neoverse-N1,AWS
x2gd.medium,us-east-1,use1-az2,3,50.0,50.0,3.0,0.0835,0.0216,74,x2gd,Memory,x,1.0,16.0,19348.4254,AWS Graviton2 Processor,Neoverse-N1,AWS
x2gd.medium,us-east-1,use1-az4,3,50.0,50.0,3.0,0.0835,0.0215,74,x2gd,Memory,x,1.0,16.0,19348.4254,AWS Graviton2 Processor,Neoverse-N1,AWS
x2gd.medium,us-east-1,use1-az5,3,50.0,50.0,3.0,0.0835,0.0214,74,x2gd,Memory,x,1.0,16.0,19348.4254,AWS Graviton2 Processor,Neoverse-N1,AWS
x2gd.medium,us-east-1,use1-az6,3,50.0,50.0,3.0,0.0835,0.0219,73,x2gd,Memory,x,1.0,16.0,19348.4254,AWS Graviton2 Processor,Neoverse-N1,AWS
x2gd.xlarge,us-east-1,use1-az1,3,15.0,25.0,3.0,0.334,0.1161,65,x2gd,Memory,x,4.0,64.0,19340.1922,AWS Graviton2 Processor,Neoverse-N1,AWS
x2gd.xlarge,us-east-1,use1-az2,3,20.0,30.0,3.0,0.334,0.1024,69,x2gd,Memory,x,4.0,64.0,19340.1922,AWS Graviton2 Processor,Neoverse-N1,AWS
x2gd.xlarge,us-east-1,use1-az4,3,15.0,25.0,3.0,0.334,0.1207,63,x2gd,Memory,x,4.0,64.0,19340.1922,AWS Graviton2 Processor,Neoverse-N1,AWS
x2gd.xlarge,us-east-1,use1-az5,3,25.0,35.0,3.0,0.334,0.0864,74,x2gd,Memory,x,4.0,64.0,19340.1922,AWS Graviton2 Processor,Neoverse-N1,AWS
x2gd.xlarge,us-east-1,use1-az6,3,25.0,40.0,3.0,0.334,0.1217,63,x2gd,Memory,x,4.0,64.0,19340.1922,AWS Graviton2 Processor,Neoverse-N1,AWS
x2idn.16xlarge,us-east-1,use1-az1,3,1.0,1.0,2.5,6.669,2.157,67,x2idn,Memory,x,64.0,1024.0,29019.3273,Intel(R) Xeon(R) Platinum 8375C CPU @ 2.90GHz,Intel(R) Xeon(R) Platinum 8375C CPU @ 2.90GHz,Intel
x2idn.16xlarge,us-east-1,use1-az2,3,1.0,5.0,2.5,6.669,2.6143,60,x2idn,Memory,x,64.0,1024.0,29019.3273,Intel(R) Xeon(R) Platinum 8375C CPU @ 2.90GHz,Intel(R) Xeon(R) Platinum 8375C CPU @ 2.90GHz,Intel
x2idn.16xlarge,us-east-1,use1-az4,3,1.0,1.0,2.5,6.669,2.4575,63,x2idn,Memory,x,64.0,1024.0,29019.3273,Intel(R) Xeon(R) Platinum 8375C CPU @ 2.90GHz,Intel(R) Xeon(R) Platinum 8375C CPU @ 2.90GHz,Intel
x2idn.16xlarge,us-east-1,use1-az5,3,1.0,1.0,2.5,6.669,2.764,58,x2idn,Memory,x,64.0,1024.0,29019.3273,Intel(R) Xeon(R) Platinum 8375C CPU @ 2.90GHz,Intel(R) Xeon(R) Platinum 8375C CPU @ 2.90GHz,Intel
x2idn.16xlarge,us-east-1,use1-az6,3,1.0,1.0,2.5,6.669,2.1498,67,x2idn,Memory,x,64.0,1024.0,29019.3273,Intel(R) Xeon(R) Platinum 8375C CPU @ 2.90GHz,Intel(R) Xeon(R) Platinum 8375C CPU @ 2.90GHz,Intel
x2idn.24xlarge,us-east-1,use1-az1,3,5.0,5.0,2.5,10.0035,2.391,76,x2idn,Memory,x,96.0,1536.0,28954.3734,Intel(R) Xeon(R) Platinum 8375C CPU @ 2.90GHz,Intel(R) Xeon(R) Platinum 8375C CPU @ 2.90GHz,Intel
x2idn.24xlarge,us-east-1,use1-az2,3,1.0,5.0,2.5,10.0035,3.9377,60,x2idn,Memory,x,96.0,1536.0,28954.3734,Intel(R) Xeon(R) Platinum 8375C CPU @ 2.90GHz,Intel(R) Xeon(R) Platinum 8375C CPU @ 2.90GHz,Intel
x2idn.24xlarge,us-east-1,use1-az4,3,1.0,5.0,2.5,10.0035,3.3259,66,x2idn,Memory,x,96.0,1536.0,28954.3734,Intel(R) Xeon(R) Platinum 8375C CPU @ 2.90GHz,Intel(R) Xeon(R) Platinum 8375C CPU @ 2.90GHz,Intel
x2idn.24xlarge,us-east-1,use1-az5,3,1.0,1.0,2.5,10.0035,3.0539,69,x2idn,Memory,x,96.0,1536.0,28954.3734,Intel(R) Xeon(R) Platinum 8375C CPU @ 2.90GHz,Intel(R) Xeon(R) Platinum 8375C CPU @ 2.90GHz,Intel
x2idn.24xlarge,us-east-1,use1-az6,3,1.0,1.0,2.5,10.0035,3.3022,66,x2idn,Memory,x,96.0,1536.0,28954.3734,Intel(R) Xeon(R) Platinum 8375C CPU @ 2.90GHz,Intel(R) Xeon(R) Platinum 8375C CPU @ 2.90GHz,Intel
x2idn.32xlarge,us-east-1,use1-az1,3,5.0,5.0,2.5,13.338,3.4283,74,x2idn,Memory,x,128.0,2048.0,28978.3536,Intel(R) Xeon(R) Platinum 8375C CPU @ 2.90GHz,Intel(R) Xeon(R) Platinum 8375C CPU @ 2.90GHz,Intel
x2idn.32xlarge,us-east-1,use1-az2,3,10.0,15.0,2.5,13.338,5.274,60,x2idn,Memory,x,128.0,2048.0,28978.3536,Intel(R) Xeon(R) Platinum 8375C CPU @ 2.90GHz,Intel(R) Xeon(R) Platinum 8375C CPU @ 2.90GHz,Intel
x2idn.32xlarge,us-east-1,use1-az4,3,15.0,20.0,2.5,13.338,4.7603,64,x2idn,Memory,x,128.0,2048.0,28978.3536,Intel(R) Xeon(R) Platinum 8375C CPU @ 2.90GHz,Intel(R) Xeon(R) Platinum 8375C CPU @ 2.90GHz,Intel
x2idn.32xlarge,us-east-1,use1-az5,3,1.0,1.0,2.5,13.338,3.5951,73,x2idn,Memory,x,128.0,2048.0,28978.3536,Intel(R) Xeon(R) Platinum 8375C CPU @ 2.90GHz,Intel(R) Xeon(R) Platinum 8375C CPU @ 2.90GHz,Intel
x2idn.32xlarge,us-east-1,use1-az6,3,1.0,5.0,2.5,13.338,3.9676,70,x2idn,Memory,x,128.0,2048.0,28978.3536,Intel(R) Xeon(R) Platinum 8375C CPU @ 2.90GHz,Intel(R) Xeon(R) Platinum 8375C CPU @ 2.90GHz,Intel
x2iedn.16xlarge,us-east-1,use1-az1,2,0.0,1.0,2.5,13.338,3.5453,73,x2iedn,Memory,x,64.0,2048.0,28890.2396,Intel(R) Xeon(R) Platinum 8375C CPU @ 2.90GHz,Intel(R) Xeon(R) Platinum 8375C CPU @ 2.90GHz,Intel
x2iedn.16xlarge,us-east-1,use1-az2,1,0.0,0.0,2.5,13.338,3.2935,75,x2iedn,Memory,x,64.0,2048.0,28890.2396,Intel(R) Xeon(R) Platinum 8375C CPU @ 2.90GHz,Intel(R) Xeon(R) Platinum 8375C CPU @ 2.90GHz,Intel
x2iedn.16xlarge,us-east-1,use1-az4,3,1.0,1.0,2.5,13.338,3.0924,76,x2iedn,Memory,x,64.0,2048.0,28890.2396,Intel(R) Xeon(R) Platinum 8375C CPU @ 2.90GHz,Intel(R) Xeon(R) Platinum 8375C CPU @ 2.90GHz,Intel
x2iedn.16xlarge,us-east-1,use1-az5,2,0.0,1.0,2.5,13.338,3.2496,75,x2iedn,Memory,x,64.0,2048.0,28890.2396,Intel(R) Xeon(R) Platinum 8375C CPU @ 2.90GHz,Intel(R) Xeon(R) Platinum 8375C CPU @ 2.90GHz,Intel
x2iedn.16xlarge,us-east-1,use1-az6,3,1.0,1.0,2.5,13.338,4.1473,68,x2iedn,Memory,x,64.0,2048.0,28890.2396,Intel(R) Xeon(R) Platinum 8375C CPU @ 2.90GHz,Intel(R) Xeon(R) Platinum 8375C CPU @ 2.90GHz,Intel
x2iedn.24xlarge,us-east-1,use1-az1,3,1.0,1.0,2.5,20.007,5.6788,71,x2iedn,Memory,x,96.0,3072.0,29011.2577,Intel(R) Xeon(R) Platinum 8375C CPU @ 2.90GHz,Intel(R) Xeon(R) Platinum 8375C CPU @ 2.90GHz,Intel
x2iedn.24xlarge,us-east-1,use1-az2,1,0.0,0.0,2.5,20.007,5.2529,73,x2iedn,Memory,x,96.0,3072.0,29011.2577,Intel(R) Xeon(R) Platinum 8375C CPU @ 2.90GHz,Intel(R) Xeon(R) Platinum 8375C CPU @ 2.90GHz,Intel
x2iedn.24xlarge,us-east-1,use1-az4,3,1.0,5.0,2.5,20.007,5.43,72,x2iedn,Memory,x,96.0,3072.0,29011.2577,Intel(R) Xeon(R) Platinum 8375C CPU @ 2.90GHz,Intel(R) Xeon(R) Platinum 8375C CPU @ 2.90GHz,Intel
x2iedn.24xlarge,us-east-1,use1-az5,2,0.0,1.0,2.5,20.007,5.9669,70,x2iedn,Memory,x,96.0,3072.0,29011.2577,Intel(R) Xeon(R) Platinum 8375C CPU @ 2.90GHz,Intel(R) Xeon(R) Platinum 8375C CPU @ 2.90GHz,Intel
x2iedn.24xlarge,us-east-1,use1-az6,3,1.0,1.0,2.5,20.007,6.0338,69,x2iedn,Memory,x,96.0,3072.0,29011.2577,Intel(R) Xeon(R) Platinum 8375C CPU @ 2.90GHz,Intel(R) Xeon(R) Platinum 8375C CPU @ 2.90GHz,Intel
x2iedn.2xlarge,us-east-1,use1-az1,3,5.0,10.0,2.5,1.66725,0.5544,66,x2iedn,Memory,x,8.0,256.0,28991.5821,Intel(R) Xeon(R) Platinum 8375C CPU @ 2.90GHz,Intel(R) Xeon(R) Platinum 8375C CPU @ 2.90GHz,Intel
x2iedn.2xlarge,us-east-1,use1-az2,3,1.0,5.0,2.5,1.66725,0.5267,68,x2iedn,Memory,x,8.0,256.0,28991.5821,Intel(R) Xeon(R) Platinum 8375C CPU @ 2.90GHz,Intel(R) Xeon(R) Platinum 8375C CPU @ 2.90GHz,Intel
x2iedn.2xlarge,us-east-1,use1-az4,3,15.0,20.0,2.5,1.66725,0.598,64,x2iedn,Memory,x,8.0,256.0,28991.5821,Intel(R) Xeon(R) Platinum 8375C CPU @ 2.90GHz,Intel(R) Xeon(R) Platinum 8375C CPU @ 2.90GHz,Intel
x2iedn.2xlarge,us-east-1,use1-az5,3,1.0,1.0,2.5,1.66725,0.5427,67,x2iedn,Memory,x,8.0,256.0,28991.5821,Intel(R) Xeon(R) Platinum 8375C CPU @ 2.90GHz,Intel(R) Xeon(R) Platinum 8375C CPU @ 2.90GHz,Intel
x2iedn.2xlarge,us-east-1,use1-az6,3,10.0,15.0,2.5,1.66725,0.5606,66,x2iedn,Memory,x,8.0,256.0,28991.5821,Intel(R) Xeon(R) Platinum 8375C CPU @ 2.90GHz,Intel(R) Xeon(R) Platinum 8375C CPU @ 2.90GHz,Intel
x2iedn.32xlarge,us-east-1,use1-az1,3,1.0,1.0,2.5,26.676,6.6964,74,x2iedn,Memory,x,128.0,4096.0,28887.2738,Intel(R) Xeon(R) Platinum 8375C CPU @ 2.90GHz,Intel(R) Xeon(R) Platinum 8375C CPU @ 2.90GHz,Intel
x2iedn.32xlarge,us-east-1,use1-az2,1,0.0,0.0,2.5,26.676,7.1054,73,x2iedn,Memory,x,128.0,4096.0,28887.2738,Intel(R) Xeon(R) Platinum 8375C CPU @ 2.90GHz,Intel(R) Xeon(R) Platinum 8375C CPU @ 2.90GHz,Intel
x2iedn.32xlarge,us-east-1,use1-az4,3,1.0,1.0,2.5,26.676,7.2549,72,x2iedn,Memory,x,128.0,4096.0,28887.2738,Intel(R) Xeon(R) Platinum 8375C CPU @ 2.90GHz,Intel(R) Xeon(R) Platinum 8375C CPU @ 2.90GHz,Intel
x2iedn.32xlarge,us-east-1,use1-az5,2,0.0,1.0,2.5,26.676,7.6483,71,x2iedn,Memory,x,128.0,4096.0,28887.2738,Intel(R) Xeon(R) Platinum 8375C CPU @ 2.90GHz,Intel(R) Xeon(R) Platinum 8375C CPU @ 2.90GHz,Intel
x2iedn.32xlarge,us-east-1,use1-az6,3,5.0,10.0,2.5,26.676,6.1735,76,x2iedn,Memory,x,128.0,4096.0,28887.2738,Intel(R) Xeon(R) Platinum 8375C CPU @ 2.90GHz,Intel(R) Xeon(R) Platinum 8375C CPU @ 2.90GHz,Intel
x2iedn.4xlarge,us-east-1,use1-az1,3,1.0,5.0,1.5,3.3345,1.4952,55,x2iedn,Memory,x,16.0,512.0,29005.7166,Intel(R) Xeon(R) Platinum 8375C CPU @ 2.90GHz,Intel(R) Xeon(R) Platinum 8375C CPU @ 2.90GHz,Intel
x2iedn.4xlarge,us-east-1,use1-az2,2,0.0,1.0,1.5,3.3345,1.1259,66,x2iedn,Memory,x,16.0,512.0,29005.7166,Intel(R) Xeon(R) Platinum 8375C CPU @ 2.90GHz,Intel(R) Xeon(R) Platinum 8375C CPU @ 2.90GHz,Intel
x2iedn.4xlarge,us-east-1,use1-az4,3,1.0,5.0,1.5,3.3345,1.1024,66,x2iedn,Memory,x,16.0,512.0,29005.7166,Intel(R) Xeon(R) Platinum 8375C CPU @ 2.90GHz,Intel(R) Xeon(R) Platinum 8375C CPU @ 2.90GHz,Intel
x2iedn.4xlarge,us-east-1,use1-az5,2,0.0,1.0,1.5,3.3345,0.9975,70,x2iedn,Memory,x,16.0,512.0,29005.7166,Intel(R) Xeon(R) Platinum 8375C CPU @ 2.90GHz,Intel(R) Xeon(R) Platinum 8375C CPU @ 2.90GHz,Intel
x2iedn.4xlarge,us-east-1,use1-az6,3,5.0,5.0,1.5,3.3345,1.0882,67,x2iedn,Memory,x,16.0,512.0,29005.7166,Intel(R) Xeon(R) Platinum 8375C CPU @ 2.90GHz,Intel(R) Xeon(R) Platinum 8375C CPU @ 2.90GHz,Intel
x2iedn.8xlarge,us-east-1,use1-az1,3,1.0,1.0,1.5,6.669,3.2411,51,x2iedn,Memory,x,32.0,1024.0,28998.0027,Intel(R) Xeon(R) Platinum 8375C CPU @ 2.90GHz,Intel(R) Xeon(R) Platinum 8375C CPU @ 2.90GHz,Intel
x2iedn.8xlarge,us-east-1,use1-az2,1,0.0,0.0,1.5,6.669,2.5485,61,x2iedn,Memory,x,32.0,1024.0,28998.0027,Intel(R) Xeon(R) Platinum 8375C CPU @ 2.90GHz,Intel(R) Xeon(R) Platinum 8375C CPU @ 2.90GHz,Intel
x2iedn.8xlarge,us-east-1,use1-az4,3,5.0,5.0,1.5,6.669,2.2623,66,x2iedn,Memory,x,32.0,1024.0,28998.0027,Intel(R) Xeon(R) Platinum 8375C CPU @ 2.90GHz,Intel(R) Xeon(R) Platinum 8375C CPU @ 2.90GHz,Intel
x2iedn.8xlarge,us-east-1,use1-az5,1,0.0,0.0,1.5,6.669,1.9262,71,x2iedn,Memory,x,32.0,1024.0,28998.0027,Intel(R) Xeon(R) Platinum 8375C CPU @ 2.90GHz,Intel(R) Xeon(R) Platinum 8375C CPU @ 2.90GHz,Intel
x2iedn.8xlarge,us-east-1,use1-az6,3,1.0,1.0,1.5,6.669,2.2491,66,x2iedn,Memory,x,32.0,1024.0,28998.0027,Intel(R) Xeon(R) Platinum 8375C CPU @ 2.90GHz,Intel(R) Xeon(R) Platinum 8375C CPU @ 2.90GHz,Intel
x2iedn.xlarge,us-east-1,use1-az1,3,10.0,15.0,3.0,0.83363,0.2567,69,x2iedn,Memory,x,4.0,128.0,29008.0458,Intel(R) Xeon(R) Platinum 8375C CPU @ 2.90GHz,Intel(R) Xeon(R) Platinum 8375C CPU @ 2.90GHz,Intel
x2iedn.xlarge,us-east-1,use1-az2,3,1.0,5.0,3.0,0.83363,0.2397,71,x2iedn,Memory,x,4.0,128.0,29008.0458,Intel(R) Xeon(R) Platinum 8375C CPU @ 2.90GHz,Intel(R) Xeon(R) Platinum 8375C CPU @ 2.90GHz,Intel
x2iedn.xlarge,us-east-1,use1-az4,3,25.0,40.0,3.0,0.83363,0.2133,74,x2iedn,Memory,x,4.0,128.0,29008.0458,Intel(R) Xeon(R) Platinum 8375C CPU @ 2.90GHz,Intel(R) Xeon(R) Platinum 8375C CPU @ 2.90GHz,Intel
x2iedn.xlarge,us-east-1,use1-az5,3,1.0,1.0,3.0,0.83363,0.2507,69,x2iedn,Memory,x,4.0,128.0,29008.0458,Intel(R) Xeon(R) Platinum 8375C CPU @ 2.90GHz,Intel(R) Xeon(R) Platinum 8375C CPU @ 2.90GHz,Intel
x2iedn.xlarge,us-east-1,use1-az6,3,20.0,30.0,3.0,0.83363,0.2492,70,x2iedn,Memory,x,4.0,128.0,29008.0458,Intel(R) Xeon(R) Platinum 8375C CPU @ 2.90GHz,Intel(R) Xeon(R) Platinum 8375C CPU @ 2.90GHz,Intel
x2iezn.12xlarge,us-east-1,use1-az2,2,0.0,1.0,3.0,10.008,3.0712,69,x2iezn,Memory,x,48.0,1536.0,33253.1041,Intel(R) Xeon(R) Platinum 8252C CPU @ 3.80GHz,Intel(R) Xeon(R) Platinum 8252C CPU @ 3.80GHz,Intel
x2iezn.12xlarge,us-east-1,use1-az4,3,35.0,50.0,3.0,10.008,2.9288,70,x2iezn,Memory,x,48.0,1536.0,33253.1041,Intel(R) Xeon(R) Platinum 8252C CPU @ 3.80GHz,Intel(R) Xeon(R) Platinum 8252C CPU @ 3.80GHz,Intel
x2iezn.12xlarge,us-east-1,use1-az6,3,1.0,1.0,3.0,10.008,3.2443,67,x2iezn,Memory,x,48.0,1536.0,33253.1041,Intel(R) Xeon(R) Platinum 8252C CPU @ 3.80GHz,Intel(R) Xeon(R) Platinum 8252C CPU @ 3.80GHz,Intel
x2iezn.2xlarge,us-east-1,use1-az2,3,1.0,1.0,3.0,1.668,0.5551,66,x2iezn,Memory,x,8.0,256.0,33684.5898,Intel(R) Xeon(R) Platinum 8252C CPU @ 3.80GHz,Intel(R) Xeon(R) Platinum 8252C CPU @ 3.80GHz,Intel
x2iezn.2xlarge,us-east-1,use1-az4,3,15.0,25.0,3.0,1.668,0.525,68,x2iezn,Memory,x,8.0,256.0,33684.5898,Intel(R) Xeon(R) Platinum 8252C CPU @ 3.80GHz,Intel(R) Xeon(R) Platinum 8252C CPU @ 3.80GHz,Intel
x2iezn.2xlarge,us-east-1,use1-az6,3,1.0,5.0,3.0,1.668,0.5437,67,x2iezn,Memory,x,8.0,256.0,33684.5898,Intel(R) Xeon(R) Platinum 8252C CPU @ 3.80GHz,Intel(R) Xeon(R) Platinum 8252C CPU @ 3.80GHz,Intel
x2iezn.4xlarge,us-east-1,use1-az2,1,0.0,0.0,3.0,3.336,1.136,65,x2iezn,Memory,x,16.0,512.0,33627.016,Intel(R) Xeon(R) Platinum 8252C CPU @ 3.80GHz,Intel(R) Xeon(R) Platinum 8252C CPU @ 3.80GHz,Intel
x2iezn.4xlarge,us-east-1,use1-az4,3,10.0,15.0,3.0,3.336,1.05,68,x2iezn,Memory,x,16.0,512.0,33627.016,Intel(R) Xeon(R) Platinum 8252C CPU @ 3.80GHz,Intel(R) Xeon(R) Platinum 8252C CPU @ 3.80GHz,Intel
x2iezn.4xlarge,us-east-1,use1-az6,3,1.0,1.0,3.0,3.336,1.1118,66,x2iezn,Memory,x,16.0,512.0,33627.016,Intel(R) Xeon(R) Platinum 8252C CPU @ 3.80GHz,Intel(R) Xeon(R) Platinum 8252C CPU @ 3.80GHz,Intel
x2iezn.6xlarge,us-east-1,use1-az2,1,0.0,0.0,3.0,5.004,1.3769,72,x2iezn,Memory,x,24.0,768.0,33705.6719,Intel(R) Xeon(R) Platinum 8252C CPU @ 3.80GHz,Intel(R) Xeon(R) Platinum 8252C CPU @ 3.80GHz,Intel
x2iezn.6xlarge,us-east-1,use1-az4,3,5.0,10.0,3.0,5.004,1.3336,73,x2iezn,Memory,x,24.0,768.0,33705.6719,Intel(R) Xeon(R) Platinum 8252C CPU @ 3.80GHz,Intel(R) Xeon(R) Platinum 8252C CPU @ 3.80GHz,Intel
x2iezn.6xlarge,us-east-1,use1-az6,3,1.0,1.0,3.0,5.004,1.2829,74,x2iezn,Memory,x,24.0,768.0,33705.6719,Intel(R) Xeon(R) Platinum 8252C CPU @ 3.80GHz,Intel(R) Xeon(R) Platinum 8252C CPU @ 3.80GHz,Intel
x2iezn.8xlarge,us-east-1,use1-az2,1,0.0,0.0,3.0,6.672,2.3164,65,x2iezn,Memory,x,32.0,1024.0,33695.2893,Intel(R) Xeon(R) Platinum 8252C CPU @ 3.80GHz,Intel(R) Xeon(R) Platinum 8252C CPU @ 3.80GHz,Intel
x2iezn.8xlarge,us-east-1,use1-az4,3,5.0,5.0,3.0,6.672,2.2674,66,x2iezn,Memory,x,32.0,1024.0,33695.2893,Intel(R) Xeon(R) Platinum 8252C CPU @ 3.80GHz,Intel(R) Xeon(R) Platinum 8252C CPU @ 3.80GHz,Intel
x2iezn.8xlarge,us-east-1,use1-az6,3,1.0,5.0,3.0,6.672,2.1059,68,x2iezn,Memory,x,32.0,1024.0,33695.2893,Intel(R) Xeon(R) Platinum 8252C CPU @ 3.80GHz,Intel(R) Xeon(R) Platinum 8252C CPU @ 3.80GHz,Intel
x8g.12xlarge,us-east-1,use1-az1,2,0.0,1.0,3.0,4.6896,1.3198,71,x8g,Memory,x,48.0,768.0,28977.782499400004,AWS Graviton4 Processor,AWS Graviton4 Processor,AWS
x8g.12xlarge,us-east-1,use1-az4,3,1.0,1.0,3.0,4.6896,0.898,80,x8g,Memory,x,48.0,768.0,28977.782499400004,AWS Graviton4 Processor,AWS Graviton4 Processor,AWS
x8g.12xlarge,us-east-1,use1-az6,3,1.0,5.0,3.0,4.6896,1.264,73,x8g,Memory,x,48.0,768.0,28977.782499400004,AWS Graviton4 Processor,AWS Graviton4 Processor,AWS
x8g.16xlarge,us-east-1,use1-az1,3,1.0,1.0,3.0,6.2528,1.5977,74,x8g,Memory,x,64.0,1024.0,28990.8860706,AWS Graviton4 Processor,AWS Graviton4 Processor,AWS
x8g.16xlarge,us-east-1,use1-az4,3,1.0,5.0,3.0,6.2528,1.5782,74,x8g,Memory,x,64.0,1024.0,28990.8860706,AWS Graviton4 Processor,AWS Graviton4 Processor,AWS
x8g.16xlarge,us-east-1,use1-az6,3,5.0,10.0,3.0,6.2528,1.5059,75,x8g,Memory,x,64.0,1024.0,28990.8860706,AWS Graviton4 Processor,AWS Graviton4 Processor,AWS
x8g.24xlarge,us-east-1,use1-az1,3,1.0,1.0,2.5,9.3792,2.6279,71,x8g,Memory,x,96.0,1536.0,28982.3159886,AWS Graviton4 Processor,AWS Graviton4 Processor,AWS
x8g.24xlarge,us-east-1,use1-az4,3,1.0,1.0,2.5,9.3792,1.4634,84,x8g,Memory,x,96.0,1536.0,28982.3159886,AWS Graviton4 Processor,AWS Graviton4 Processor,AWS
x8g.24xlarge,us-east-1,use1-az6,3,10.0,15.0,2.5,9.3792,2.0026,78,x8g,Memory,x,96.0,1536.0,28982.3159886,AWS Graviton4 Processor,AWS Graviton4 Processor,AWS
x8g.2xlarge,us-east-1,use1-az1,3,1.0,1.0,3.0,0.7816,0.3906,50,x8g,Memory,x,8.0,128.0,28965.5865596,AWS Graviton4 Processor,AWS Graviton4 Processor,AWS
x8g.2xlarge,us-east-1,use1-az4,3,5.0,5.0,3.0,0.7816,0.223,71,x8g,Memory,x,8.0,128.0,28965.5865596,AWS Graviton4 Processor,AWS Graviton4 Processor,AWS
x8g.2xlarge,us-east-1,use1-az6,3,15.0,25.0,3.0,0.7816,0.2468,68,x8g,Memory,x,8.0,128.0,28965.5865596,AWS Graviton4 Processor,AWS Graviton4 Processor,AWS
x8g.48xlarge,us-east-1,use1-az1,3,1.0,5.0,3.0,18.7584,3.3809,81,x8g,Memory,x,192.0,3072.0,27930.465304399997,AWS Graviton4 Processor,AWS Graviton4 Processor,AWS
x8g.48xlarge,us-east-1,use1-az4,3,1.0,1.0,3.0,18.7584,3.7778,79,x8g,Memory,x,192.0,3072.0,27930.465304399997,AWS Graviton4 Processor,AWS Graviton4 Processor,AWS
x8g.48xlarge,us-east-1,use1-az6,3,1.0,1.0,3.0,18.7584,3.8996,79,x8g,Memory,x,192.0,3072.0,27930.465304399997,AWS Graviton4 Processor,AWS Graviton4 Processor,AWS
x8g.4xlarge,us-east-1,use1-az1,1,0.0,0.0,2.5,1.5632,1.2282,21,x8g,Memory,x,16.0,256.0,28948.8391302,AWS Graviton4 Processor,AWS Graviton4 Processor,AWS
x8g.4xlarge,us-east-1,use1-az4,3,1.0,1.0,2.5,1.5632,0.4108,73,x8g,Memory,x,16.0,256.0,28948.8391302,AWS Graviton4 Processor,AWS Graviton4 Processor,AWS
x8g.4xlarge,us-east-1,use1-az6,3,10.0,15.0,2.5,1.5632,0.4367,72,x8g,Memory,x,16.0,256.0,28948.8391302,AWS Graviton4 Processor,AWS Graviton4 Processor,AWS
x8g.8xlarge,us-east-1,use1-az1,3,1.0,1.0,3.0,3.1264,0.8875,71,x8g,Memory,x,32.0,512.0,28985.8438458,AWS Graviton4 Processor,AWS Graviton4 Processor,AWS
x8g.8xlarge,us-east-1,use1-az4,3,1.0,5.0,3.0,3.1264,0.8857,71,x8g,Memory,x,32.0,512.0,28985.8438458,AWS Graviton4 Processor,AWS Graviton4 Processor,AWS
x8g.8xlarge,us-east-1,use1-az6,3,15.0,20.0,3.0,3.1264,0.7477,76,x8g,Memory,x,32.0,512.0,28985.8438458,AWS Graviton4 Processor,AWS Graviton4 Processor,AWS
x8g.large,us-east-1,use1-az1,3,15.0,25.0,3.0,0.1954,0.0636,67,x8g,Memory,x,2.0,32.0,28984.836102399997,AWS Graviton4 Processor,AWS Graviton4 Processor,AWS
x8g.large,us-east-1,use1-az4,3,20.0,25.0,3.0,0.1954,0.0676,65,x8g,Memory,x,2.0,32.0,28984.836102399997,AWS Graviton4 Processor,AWS Graviton4 Processor,AWS
x8g.large,us-east-1,use1-az6,3,50.0,50.0,3.0,0.1954,0.0518,73,x8g,Memory,x,2.0,32.0,28984.836102399997,AWS Graviton4 Processor,AWS Graviton4 Processor,AWS
x8g.medium,us-east-1,use1-az1,3,50.0,50.0,3.0,0.0977,0.0183,81,x8g,Memory,x,1.0,16.0,28966.548239000003,AWS Graviton4 Processor,AWS Graviton4 Processor,AWS
x8g.medium,us-east-1,use1-az4,3,45.0,50.0,3.0,0.0977,0.015,84,x8g,Memory,x,1.0,16.0,28966.548239000003,AWS Graviton4 Processor,AWS Graviton4 Processor,AWS
x8g.medium,us-east-1,use1-az6,3,50.0,50.0,3.0,0.0977,0.0188,80,x8g,Memory,x,1.0,16.0,28966.548239000003,AWS Graviton4 Processor,AWS Graviton4 Processor,AWS
x8g.xlarge,us-east-1,use1-az1,3,5.0,10.0,3.0,0.3908,0.1757,55,x8g,Memory,x,4.0,64.0,28993.4080554,AWS Graviton4 Processor,AWS Graviton4 Processor,AWS
x8g.xlarge,us-east-1,use1-az4,3,10.0,15.0,3.0,0.3908,0.1427,63,x8g,Memory,x,4.0,64.0,28993.4080554,AWS Graviton4 Processor,AWS Graviton4 Processor,AWS
x8g.xlarge,us-east-1,use1-az6,3,40.0,50.0,3.0,0.3908,0.1247,68,x8g,Memory,x,4.0,64.0,28993.4080554,AWS Graviton4 Processor,AWS Graviton4 Processor,AWS
z1d.12xlarge,us-east-1,use1-az1,3,1.0,1.0,1.0,4.464,1.5585,65,z1d,Memory,z,48.0,384.0,29928.1188,Intel(R) Xeon(R) Platinum 8151 CPU @ 3.40GHz,Intel(R) Xeon(R) Platinum 8151 CPU @ 3.40GHz,Intel
z1d.12xlarge,us-east-1,use1-az2,3,1.0,1.0,1.0,4.464,0.9825,77,z1d,Memory,z,48.0,384.0,29928.1188,Intel(R) Xeon(R) Platinum 8151 CPU @ 3.40GHz,Intel(R) Xeon(R) Platinum 8151 CPU @ 3.40GHz,Intel
z1d.12xlarge,us-east-1,use1-az4,3,5.0,10.0,1.0,4.464,1.4426,67,z1d,Memory,z,48.0,384.0,29928.1188,Intel(R) Xeon(R) Platinum 8151 CPU @ 3.40GHz,Intel(R) Xeon(R) Platinum 8151 CPU @ 3.40GHz,Intel
z1d.12xlarge,us-east-1,use1-az5,3,1.0,5.0,1.0,4.464,0.721,83,z1d,Memory,z,48.0,384.0,29928.1188,Intel(R) Xeon(R) Platinum 8151 CPU @ 3.40GHz,Intel(R) Xeon(R) Platinum 8151 CPU @ 3.40GHz,Intel
z1d.12xlarge,us-east-1,use1-az6,3,5.0,10.0,1.0,4.464,1.1991,73,z1d,Memory,z,48.0,384.0,29928.1188,Intel(R) Xeon(R) Platinum 8151 CPU @ 3.40GHz,Intel(R) Xeon(R) Platinum 8151 CPU @ 3.40GHz,Intel
z1d.2xlarge,us-east-1,use1-az1,3,1.0,1.0,1.0,0.744,0.3497,52,z1d,Memory,z,8.0,64.0,29932.6018,Intel(R) Xeon(R) Platinum 8151 CPU @ 3.40GHz,Intel(R) Xeon(R) Platinum 8151 CPU @ 3.40GHz,Intel
z1d.2xlarge,us-east-1,use1-az2,3,1.0,5.0,1.0,0.744,0.3304,55,z1d,Memory,z,8.0,64.0,29932.6018,Intel(R) Xeon(R) Platinum 8151 CPU @ 3.40GHz,Intel(R) Xeon(R) Platinum 8151 CPU @ 3.40GHz,Intel
z1d.2xlarge,us-east-1,use1-az4,3,1.0,5.0,1.0,0.744,0.3586,51,z1d,Memory,z,8.0,64.0,29932.6018,Intel(R) Xeon(R) Platinum 8151 CPU @ 3.40GHz,Intel(R) Xeon(R) Platinum 8151 CPU @ 3.40GHz,Intel
z1d.2xlarge,us-east-1,use1-az5,3,1.0,1.0,1.0,0.744,0.3394,54,z1d,Memory,z,8.0,64.0,29932.6018,Intel(R) Xeon(R) Platinum 8151 CPU @ 3.40GHz,Intel(R) Xeon(R) Platinum 8151 CPU @ 3.40GHz,Intel
z1d.2xlarge,us-east-1,use1-az6,3,1.0,1.0,1.0,0.744,0.3469,53,z1d,Memory,z,8.0,64.0,29932.6018,Intel(R) Xeon(R) Platinum 8151 CPU @ 3.40GHz,Intel(R) Xeon(R) Platinum 8151 CPU @ 3.40GHz,Intel
z1d.3xlarge,us-east-1,use1-az1,3,1.0,1.0,1.0,1.116,0.4345,61,z1d,Memory,z,12.0,96.0,29890.5849,Intel(R) Xeon(R) Platinum 8151 CPU @ 3.40GHz,Intel(R) Xeon(R) Platinum 8151 CPU @ 3.40GHz,Intel
z1d.3xlarge,us-east-1,use1-az2,3,1.0,1.0,1.0,1.116,0.3798,65,z1d,Memory,z,12.0,96.0,29890.5849,Intel(R) Xeon(R) Platinum 8151 CPU @ 3.40GHz,Intel(R) Xeon(R) Platinum 8151 CPU @ 3.40GHz,Intel
z1d.3xlarge,us-east-1,use1-az4,3,1.0,1.0,1.0,1.116,0.3603,67,z1d,Memory,z,12.0,96.0,29890.5849,Intel(R) Xeon(R) Platinum 8151 CPU @ 3.40GHz,Intel(R) Xeon(R) Platinum 8151 CPU @ 3.40GHz,Intel
z1d.3xlarge,us-east-1,use1-az5,3,5.0,5.0,1.0,1.116,0.2595,76,z1d,Memory,z,12.0,96.0,29890.5849,Intel(R) Xeon(R) Platinum 8151 CPU @ 3.40GHz,Intel(R) Xeon(R) Platinum 8151 CPU @ 3.40GHz,Intel
z1d.3xlarge,us-east-1,use1-az6,3,1.0,5.0,1.0,1.116,0.3654,67,z1d,Memory,z,12.0,96.0,29890.5849,Intel(R) Xeon(R) Platinum 8151 CPU @ 3.40GHz,Intel(R) Xeon(R) Platinum 8151 CPU @ 3.40GHz,Intel
z1d.6xlarge,us-east-1,use1-az1,3,1.0,1.0,1.0,2.232,0.7465,66,z1d,Memory,z,24.0,192.0,29941.0209,Intel(R) Xeon(R) Platinum 8151 CPU @ 3.40GHz,Intel(R) Xeon(R) Platinum 8151 CPU @ 3.40GHz,Intel
z1d.6xlarge,us-east-1,use1-az2,1,0.0,0.0,1.0,2.232,0.7223,67,z1d,Memory,z,24.0,192.0,29941.0209,Intel(R) Xeon(R) Platinum 8151 CPU @ 3.40GHz,Intel(R) Xeon(R) Platinum 8151 CPU @ 3.40GHz,Intel
z1d.6xlarge,us-east-1,use1-az4,3,1.0,1.0,1.0,2.232,0.7431,66,z1d,Memory,z,24.0,192.0,29941.0209,Intel(R) Xeon(R) Platinum 8151 CPU @ 3.40GHz,Intel(R) Xeon(R) Platinum 8151 CPU @ 3.40GHz,Intel
z1d.6xlarge,us-east-1,use1-az5,2,0.0,1.0,1.0,2.232,0.7241,67,z1d,Memory,z,24.0,192.0,29941.0209,Intel(R) Xeon(R) Platinum 8151 CPU @ 3.40GHz,Intel(R) Xeon(R) Platinum 8151 CPU @ 3.40GHz,Intel
z1d.6xlarge,us-east-1,use1-az6,3,1.0,5.0,1.0,2.232,0.7485,66,z1d,Memory,z,24.0,192.0,29941.0209,Intel(R) Xeon(R) Platinum 8151 CPU @ 3.40GHz,Intel(R) Xeon(R) Platinum 8151 CPU @ 3.40GHz,Intel
z1d.large,us-east-1,use1-az1,3,10.0,15.0,1.0,0.186,0.0539,71,z1d,Memory,z,2.0,16.0,29910.9303,Intel(R) Xeon(R) Platinum 8151 CPU @ 3.40GHz,Intel(R) Xeon(R) Platinum 8151 CPU @ 3.40GHz,Intel
z1d.large,us-east-1,use1-az2,3,15.0,20.0,1.0,0.186,0.0543,70,z1d,Memory,z,2.0,16.0,29910.9303,Intel(R) Xeon(R) Platinum 8151 CPU @ 3.40GHz,Intel(R) Xeon(R) Platinum 8151 CPU @ 3.40GHz,Intel
z1d.large,us-east-1,use1-az4,3,30.0,45.0,1.0,0.186,0.0605,67,z1d,Memory,z,2.0,16.0,29910.9303,Intel(R) Xeon(R) Platinum 8151 CPU @ 3.40GHz,Intel(R) Xeon(R) Platinum 8151 CPU @ 3.40GHz,Intel
z1d.large,us-east-1,use1-az5,3,5.0,5.0,1.0,0.186,0.0496,73,z1d,Memory,z,2.0,16.0,29910.9303,Intel(R) Xeon(R) Platinum 8151 CPU @ 3.40GHz,Intel(R) Xeon(R) Platinum 8151 CPU @ 3.40GHz,Intel
z1d.large,us-east-1,use1-az6,3,15.0,25.0,1.0,0.186,0.0502,73,z1d,Memory,z,2.0,16.0,29910.9303,Intel(R) Xeon(R) Platinum 8151 CPU @ 3.40GHz,Intel(R) Xeon(R) Platinum 8151 CPU @ 3.40GHz,Intel
z1d.xlarge,us-east-1,use1-az1,3,5.0,5.0,1.0,0.372,0.1181,68,z1d,Memory,z,4.0,32.0,29910.593,Intel(R) Xeon(R) Platinum 8151 CPU @ 3.40GHz,Intel(R) Xeon(R) Platinum 8151 CPU @ 3.40GHz,Intel
z1d.xlarge,us-east-1,use1-az2,3,15.0,35.0,1.0,0.372,0.1178,68,z1d,Memory,z,4.0,32.0,29910.593,Intel(R) Xeon(R) Platinum 8151 CPU @ 3.40GHz,Intel(R) Xeon(R) Platinum 8151 CPU @ 3.40GHz,Intel
z1d.xlarge,us-east-1,use1-az4,3,15.0,25.0,1.0,0.372,0.1101,70,z1d,Memory,z,4.0,32.0,29910.593,Intel(R) Xeon(R) Platinum 8151 CPU @ 3.40GHz,Intel(R) Xeon(R) Platinum 8151 CPU @ 3.40GHz,Intel
z1d.xlarge,us-east-1,use1-az5,3,1.0,1.0,1.0,0.372,0.1125,69,z1d,Memory,z,4.0,32.0,29910.593,Intel(R) Xeon(R) Platinum 8151 CPU @ 3.40GHz,Intel(R) Xeon(R) Platinum 8151 CPU @ 3.40GHz,Intel
z1d.xlarge,us-east-1,use1-az6,3,35.0,50.0,1.0,0.372,0.1175,68,z1d,Memory,z,4.0,32.0,29910.593,Intel(R) Xeon(R) Platinum 8151 CPU @ 3.40GHz,Intel(R) Xeon(R) Platinum 8151 CPU @ 3.40GHz,Intel
