alpha,cost,performance,perf_per_cost,actual_pods,excess_pods,instance_types
0.0,5.602360000000001,12110838,2161738.767233808,440,1,"{'E32as_v6_US East_2': 10, 'E4ps_v5_US East_1': 10, 'E4ps_v5_US East_2': 10, 'E4ps_v5_US East_3': 10, 'E8ps_v5_US East_3': 10}"
0.01,5.6026940000000005,12265630,2189237.9665925,439,0,"{'E16as_v6_US East_2': 1, 'E32as_v6_US East_2': 10, 'E4ps_v5_US East_1': 10, 'E4ps_v5_US East_2': 10, 'E4ps_v5_US East_3': 5, 'E8ps_v5_US East_3': 10}"
0.02,5.6026940000000005,12265630,2189237.9665925,439,0,"{'E16as_v6_US East_2': 1, 'E32as_v6_US East_2': 10, 'E4ps_v5_US East_1': 10, 'E4ps_v5_US East_2': 10, 'E4ps_v5_US East_3': 5, 'E8ps_v5_US East_3': 10}"
0.03,5.6026940000000005,12265630,2189237.9665925,439,0,"{'E16as_v6_US East_2': 1, 'E32as_v6_US East_2': 10, 'E4ps_v5_US East_1': 10, 'E4ps_v5_US East_2': 10, 'E4ps_v5_US East_3': 5, 'E8ps_v5_US East_3': 10}"
0.04,5.6026940000000005,12265630,2189237.9665925,439,0,"{'E16as_v6_US East_2': 1, 'E32as_v6_US East_2': 10, 'E4ps_v5_US East_1': 10, 'E4ps_v5_US East_2': 10, 'E4ps_v5_US East_3': 5, 'E8ps_v5_US East_3': 10}"
0.05,5.6026940000000005,12265630,2189237.9665925,439,0,"{'E16as_v6_US East_2': 1, 'E32as_v6_US East_2': 10, 'E4ps_v5_US East_1': 10, 'E4ps_v5_US East_2': 10, 'E4ps_v5_US East_3': 5, 'E8ps_v5_US East_3': 10}"
0.06,5.602694,12265630,2189237.9665925005,439,0,"{'E4ps_v5_US East_1': 10, 'E4ps_v5_US East_2': 10, 'E4ps_v5_US East_3': 5, 'E64as_v6_US East_2': 5, 'E8as_v6_US East_3': 2, 'E8ps_v5_US East_3': 10}"
0.07,5.659800000000001,13050382,2305802.853457719,439,0,"{'E32as_v6_US East_2': 10, 'E4ps_v5_US East_3': 4, 'E64as_v6_US East_2': 1, 'E8as_v6_US East_3': 3, 'E8ps_v5_US East_3': 10}"
0.08,5.659800000000001,13050382,2305802.853457719,439,0,"{'E32as_v6_US East_2': 10, 'E4ps_v5_US East_3': 4, 'E64as_v6_US East_2': 1, 'E8as_v6_US East_3': 3, 'E8ps_v5_US East_3': 10}"
0.09,5.659800000000001,13050382,2305802.853457719,439,0,"{'E32as_v6_US East_2': 10, 'E4ps_v5_US East_3': 4, 'E64as_v6_US East_2': 1, 'E8as_v6_US East_3': 3, 'E8ps_v5_US East_3': 10}"
0.1,5.6598,13050382,2305802.85345772,439,0,"{'E16as_v6_US East_2': 1, 'E32as_v6_US East_2': 10, 'E4ps_v5_US East_3': 4, 'E64as_v6_US East_2': 1, 'E8as_v6_US East_3': 1, 'E8ps_v5_US East_3': 10}"
0.11,5.6598,13050382,2305802.85345772,439,0,"{'E16as_v6_US East_2': 1, 'E32as_v6_US East_2': 10, 'E4ps_v5_US East_3': 4, 'E64as_v6_US East_2': 1, 'E8as_v6_US East_3': 1, 'E8ps_v5_US East_3': 10}"
0.12,5.6598,13050382,2305802.85345772,439,0,"{'E16as_v6_US East_2': 1, 'E32as_v6_US East_2': 10, 'E4ps_v5_US East_3': 4, 'E64as_v6_US East_2': 1, 'E8as_v6_US East_3': 1, 'E8ps_v5_US East_3': 10}"
0.13,5.6598,13050382,2305802.85345772,439,0,"{'E16as_v6_US East_2': 1, 'E32as_v6_US East_2': 10, 'E4ps_v5_US East_3': 4, 'E64as_v6_US East_2': 1, 'E8as_v6_US East_3': 1, 'E8ps_v5_US East_3': 10}"
0.14,5.6598,13050382,2305802.85345772,439,0,"{'E16as_v6_US East_2': 1, 'E32as_v6_US East_2': 10, 'E4ps_v5_US East_3': 4, 'E64as_v6_US East_2': 1, 'E8as_v6_US East_3': 1, 'E8ps_v5_US East_3': 10}"
0.15,5.697268,13263968,2328127.8202113714,441,2,"{'E32as_v6_US East_2': 9, 'E64as_v6_US East_2': 2, 'E8as_v6_US East_3': 1, 'E8ps_v5_US East_3': 10}"
0.16,5.697268,13263968,2328127.8202113714,441,2,"{'E32as_v6_US East_2': 9, 'E64as_v6_US East_2': 2, 'E8as_v6_US East_3': 1, 'E8ps_v5_US East_3': 10}"
0.17,5.697268,13263968,2328127.8202113714,441,2,"{'E32as_v6_US East_2': 9, 'E64as_v6_US East_2': 2, 'E8as_v6_US East_3': 1, 'E8ps_v5_US East_3': 10}"
0.18,5.887056,14135915,2401185.827007591,441,2,"{'E32as_v6_US East_2': 1, 'E64as_v6_US East_2': 7, 'E8as_v6_US East_3': 3}"
0.19,5.887056,14135915,2401185.827007591,441,2,"{'E16as_v6_US East_2': 1, 'E32as_v6_US East_2': 9, 'E64as_v6_US East_2': 3, 'E8as_v6_US East_3': 1}"
0.2,5.887056,14135915,2401185.827007591,441,2,"{'E16as_v6_US East_2': 1, 'E32as_v6_US East_2': 9, 'E64as_v6_US East_2': 3, 'E8as_v6_US East_3': 1}"
0.21,5.887056,14135915,2401185.827007591,441,2,"{'E16as_v6_US East_2': 1, 'E32as_v6_US East_2': 9, 'E64as_v6_US East_2': 3, 'E8as_v6_US East_3': 1}"
0.22,5.887056,14135915,2401185.827007591,441,2,"{'E16as_v6_US East_2': 1, 'E32as_v6_US East_2': 9, 'E64as_v6_US East_2': 3, 'E8as_v6_US East_3': 1}"
0.23,5.887056,14135915,2401185.827007591,441,2,"{'E16as_v6_US East_2': 1, 'E32as_v6_US East_2': 9, 'E64as_v6_US East_2': 3, 'E8as_v6_US East_3': 1}"
0.24,5.887056,14135915,2401185.827007591,441,2,"{'E16as_v6_US East_2': 1, 'E32as_v6_US East_2': 9, 'E64as_v6_US East_2': 3, 'E8as_v6_US East_3': 1}"
0.25,5.887056,14135915,2401185.827007591,441,2,"{'E16as_v6_US East_2': 1, 'E32as_v6_US East_2': 9, 'E64as_v6_US East_2': 3, 'E8as_v6_US East_3': 1}"
0.26,5.887056,14135915,2401185.827007591,441,2,"{'E16as_v6_US East_2': 1, 'E32as_v6_US East_2': 9, 'E64as_v6_US East_2': 3, 'E8as_v6_US East_3': 1}"
0.27,5.887056,14135915,2401185.827007591,441,2,"{'E16as_v6_US East_2': 1, 'E32as_v6_US East_2': 9, 'E64as_v6_US East_2': 3, 'E8as_v6_US East_3': 1}"
0.28,5.887056,14135915,2401185.827007591,441,2,"{'E16as_v6_US East_2': 1, 'E32as_v6_US East_2': 9, 'E64as_v6_US East_2': 3, 'E8as_v6_US East_3': 1}"
0.29,5.887056,14135915,2401185.827007591,441,2,"{'E16as_v6_US East_2': 1, 'E32as_v6_US East_2': 9, 'E64as_v6_US East_2': 3, 'E8as_v6_US East_3': 1}"
0.3,27.102880000000003,64749544,2389028.199217205,2020,1581,"{'E16as_v6_US East_2': 10, 'E16as_v6_US East_3': 10, 'E20as_v6_US East_2': 10, 'E20as_v6_US East_3': 10, 'E32as_v6_US East_2': 10, 'E48as_v6_US East_1': 10, 'E64as_v6_US East_2': 10, 'E8as_v6_US East_1': 10, 'E8as_v6_US East_3': 10}"
0.31,27.102880000000003,64749544,2389028.199217205,2020,1581,"{'E16as_v6_US East_2': 10, 'E16as_v6_US East_3': 10, 'E20as_v6_US East_2': 10, 'E20as_v6_US East_3': 10, 'E32as_v6_US East_2': 10, 'E48as_v6_US East_1': 10, 'E64as_v6_US East_2': 10, 'E8as_v6_US East_1': 10, 'E8as_v6_US East_3': 10}"
0.32,38.318000000000005,88469674,2308828.0912364945,2760,2321,"{'E16as_v6_US East_2': 10, 'E16as_v6_US East_3': 10, 'E20as_v6_US East_2': 10, 'E20as_v6_US East_3': 10, 'E32as_v6_US East_2': 10, 'E48as_v6_US East_1': 10, 'E64as_v6_US East_2': 10, 'E8as_v6_US East_1': 10, 'E8as_v6_US East_3': 10, 'E96as_v6_US East_1': 10}"
0.33,39.250960000000006,90392928,2302948.223431987,2820,2381,"{'E16as_v6_US East_2': 10, 'E16as_v6_US East_3': 10, 'E20as_v6_US East_2': 10, 'E20as_v6_US East_3': 10, 'E32as_v6_US East_2': 10, 'E48as_v6_US East_1': 10, 'E4as_v6_US East_1': 10, 'E4as_v6_US East_2': 10, 'E64as_v6_US East_2': 10, 'E8as_v6_US East_1': 10, 'E8as_v6_US East_3': 10, 'E96as_v6_US East_1': 10}"
0.34,66.57336,144244034,2166693.0285627763,4500,4061,"{'E16ads_v6_US East_2': 10, 'E16ads_v6_US East_3': 10, 'E16as_v6_US East_2': 10, 'E16as_v6_US East_3': 10, 'E20as_v6_US East_2': 10, 'E20as_v6_US East_3': 10, 'E32ads_v6_US East_3': 10, 'E32as_v6_US East_2': 10, 'E48ads_v6_US East_2': 10, 'E48as_v6_US East_1': 10, 'E4as_v6_US East_1': 10, 'E4as_v6_US East_2': 10, 'E64ads_v6_US East_1': 10, 'E64as_v6_US East_2': 10, 'E8ads_v6_US East_2': 10, 'E8ads_v6_US East_3': 10, 'E8as_v6_US East_1': 10, 'E8as_v6_US East_3': 10, 'E96as_v6_US East_1': 10}"
0.35000000000000003,72.2652,155142473,2146849.0116958087,4840,4401,"{'E16ads_v6_US East_2': 10, 'E16ads_v6_US East_3': 10, 'E16as_v6_US East_2': 10, 'E16as_v6_US East_3': 10, 'E20ads_v6_US East_2': 10, 'E20ads_v6_US East_3': 10, 'E20as_v6_US East_2': 10, 'E20as_v6_US East_3': 10, 'E32ads_v6_US East_3': 10, 'E32as_v6_US East_2': 10, 'E48ads_v6_US East_2': 10, 'E48as_v6_US East_1': 10, 'E4as_v6_US East_1': 10, 'E4as_v6_US East_2': 10, 'E64ads_v6_US East_1': 10, 'E64as_v6_US East_2': 10, 'E8ads_v6_US East_2': 10, 'E8ads_v6_US East_3': 10, 'E8as_v6_US East_1': 10, 'E8as_v6_US East_3': 10, 'E96as_v6_US East_1': 10}"
0.36,73.00993999999999,156514321,2143739.907196198,4910,4471,"{'E16ads_v6_US East_2': 10, 'E16ads_v6_US East_3': 10, 'E16as_v6_US East_2': 10, 'E16as_v6_US East_3': 10, 'E20ads_v6_US East_2': 10, 'E20ads_v6_US East_3': 10, 'E20as_v6_US East_2': 10, 'E20as_v6_US East_3': 10, 'E32ads_v6_US East_3': 10, 'E32as_v6_US East_2': 10, 'E48ads_v6_US East_2': 10, 'E48as_v6_US East_1': 10, 'E4as_v6_US East_1': 10, 'E4as_v6_US East_2': 10, 'E64ads_v6_US East_1': 10, 'E64as_v6_US East_2': 10, 'E8ads_v6_US East_2': 10, 'E8ads_v6_US East_3': 10, 'E8as_v6_US East_1': 10, 'E8as_v6_US East_3': 10, 'E8ps_v5_US East_3': 10, 'E96as_v6_US East_1': 10}"
0.37,87.80793999999999,182157705,2074501.531410485,5710,5271,"{'E16ads_v6_US East_2': 10, 'E16ads_v6_US East_3': 10, 'E16as_v6_US East_2': 10, 'E16as_v6_US East_3': 10, 'E20ads_v6_US East_2': 10, 'E20ads_v6_US East_3': 10, 'E20as_v6_US East_2': 10, 'E20as_v6_US East_3': 10, 'E32ads_v6_US East_3': 10, 'E32as_v6_US East_2': 10, 'E48ads_v6_US East_2': 10, 'E48as_v6_US East_1': 10, 'E4ads_v6_US East_1': 10, 'E4ads_v6_US East_2': 10, 'E4as_v6_US East_1': 10, 'E4as_v6_US East_2': 10, 'E64ads_v6_US East_1': 10, 'E64as_v6_US East_2': 10, 'E8ads_v6_US East_2': 10, 'E8ads_v6_US East_3': 10, 'E8as_v6_US East_1': 10, 'E8as_v6_US East_3': 10, 'E8ps_v5_US East_3': 10, 'E96ads_v6_US East_1': 10, 'E96as_v6_US East_1': 10}"
0.38,87.80793999999999,182157705,2074501.531410485,5710,5271,"{'E16ads_v6_US East_2': 10, 'E16ads_v6_US East_3': 10, 'E16as_v6_US East_2': 10, 'E16as_v6_US East_3': 10, 'E20ads_v6_US East_2': 10, 'E20ads_v6_US East_3': 10, 'E20as_v6_US East_2': 10, 'E20as_v6_US East_3': 10, 'E32ads_v6_US East_3': 10, 'E32as_v6_US East_2': 10, 'E48ads_v6_US East_2': 10, 'E48as_v6_US East_1': 10, 'E4ads_v6_US East_1': 10, 'E4ads_v6_US East_2': 10, 'E4as_v6_US East_1': 10, 'E4as_v6_US East_2': 10, 'E64ads_v6_US East_1': 10, 'E64as_v6_US East_2': 10, 'E8ads_v6_US East_2': 10, 'E8ads_v6_US East_3': 10, 'E8as_v6_US East_1': 10, 'E8as_v6_US East_3': 10, 'E8ps_v5_US East_3': 10, 'E96ads_v6_US East_1': 10, 'E96as_v6_US East_1': 10}"
0.39,111.70696000000002,219822249,1967847.3856955732,6920,6481,"{'D16as_v6_US East_1': 10, 'D16as_v6_US East_2': 10, 'D32as_v6_US East_1': 10, 'D32as_v6_US East_3': 10, 'D64as_v6_US East_3': 10, 'D96as_v6_US East_3': 10, 'E16ads_v6_US East_2': 10, 'E16ads_v6_US East_3': 10, 'E16as_v6_US East_2': 10, 'E16as_v6_US East_3': 10, 'E20ads_v6_US East_2': 10, 'E20ads_v6_US East_3': 10, 'E20as_v6_US East_2': 10, 'E20as_v6_US East_3': 10, 'E32ads_v6_US East_3': 10, 'E32as_v6_US East_2': 10, 'E48ads_v6_US East_2': 10, 'E48as_v6_US East_1': 10, 'E4ads_v6_US East_1': 10, 'E4ads_v6_US East_2': 10, 'E4as_v6_US East_1': 10, 'E4as_v6_US East_2': 10, 'E4ps_v5_US East_1': 10, 'E4ps_v5_US East_2': 10, 'E4ps_v5_US East_3': 10, 'E64ads_v6_US East_1': 10, 'E64as_v6_US East_2': 10, 'E8ads_v6_US East_2': 10, 'E8ads_v6_US East_3': 10, 'E8as_v6_US East_1': 10, 'E8as_v6_US East_3': 10, 'E8ps_v5_US East_3': 10, 'E96ads_v6_US East_1': 10, 'E96as_v6_US East_1': 10}"
0.4,111.70696000000002,219822249,1967847.3856955732,6920,6481,"{'D16as_v6_US East_1': 10, 'D16as_v6_US East_2': 10, 'D32as_v6_US East_1': 10, 'D32as_v6_US East_3': 10, 'D64as_v6_US East_3': 10, 'D96as_v6_US East_3': 10, 'E16ads_v6_US East_2': 10, 'E16ads_v6_US East_3': 10, 'E16as_v6_US East_2': 10, 'E16as_v6_US East_3': 10, 'E20ads_v6_US East_2': 10, 'E20ads_v6_US East_3': 10, 'E20as_v6_US East_2': 10, 'E20as_v6_US East_3': 10, 'E32ads_v6_US East_3': 10, 'E32as_v6_US East_2': 10, 'E48ads_v6_US East_2': 10, 'E48as_v6_US East_1': 10, 'E4ads_v6_US East_1': 10, 'E4ads_v6_US East_2': 10, 'E4as_v6_US East_1': 10, 'E4as_v6_US East_2': 10, 'E4ps_v5_US East_1': 10, 'E4ps_v5_US East_2': 10, 'E4ps_v5_US East_3': 10, 'E64ads_v6_US East_1': 10, 'E64as_v6_US East_2': 10, 'E8ads_v6_US East_2': 10, 'E8ads_v6_US East_3': 10, 'E8as_v6_US East_1': 10, 'E8as_v6_US East_3': 10, 'E8ps_v5_US East_3': 10, 'E96ads_v6_US East_1': 10, 'E96as_v6_US East_1': 10}"
0.41000000000000003,148.37761000000003,273673355,1844438.3596689552,8600,8161,"{'D16as_v6_US East_1': 10, 'D16as_v6_US East_2': 10, 'D32as_v6_US East_1': 10, 'D32as_v6_US East_3': 10, 'D64as_v6_US East_3': 10, 'D96as_v6_US East_3': 10, 'E16ads_v6_US East_2': 10, 'E16ads_v6_US East_3': 10, 'E16as_v6_US East_2': 10, 'E16as_v6_US East_3': 10, 'E20ads_v6_US East_2': 10, 'E20ads_v6_US East_3': 10, 'E20as_v6_US East_2': 10, 'E20as_v6_US East_3': 10, 'E32ads_v6_US East_3': 10, 'E32as_v6_US East_2': 10, 'E48ads_v6_US East_2': 10, 'E48as_v6_US East_1': 10, 'E4ads_v6_US East_1': 10, 'E4ads_v6_US East_2': 10, 'E4as_v6_US East_1': 10, 'E4as_v6_US East_2': 10, 'E4ps_v5_US East_1': 10, 'E4ps_v5_US East_2': 10, 'E4ps_v5_US East_3': 10, 'E64ads_v6_US East_1': 10, 'E64as_v6_US East_2': 10, 'E8ads_v6_US East_2': 10, 'E8ads_v6_US East_3': 10, 'E8as_v6_US East_1': 10, 'E8as_v6_US East_3': 10, 'E8ps_v5_US East_3': 10, 'E96ads_v6_US East_1': 10, 'E96as_v6_US East_1': 10, 'F16ams_v6_US East_1': 10, 'F16ams_v6_US East_3': 10, 'F32ams_v6_US East_2': 10, 'F48ams_v6_US East_2': 10, 'F64ams_v6_US East_2': 10, 'F8ams_v6_US East_1': 10, 'F8ams_v6_US East_3': 10}"
0.42,149.07733000000005,274634982,1842231.6961271039,8630,8191,"{'D16as_v6_US East_1': 10, 'D16as_v6_US East_2': 10, 'D32as_v6_US East_1': 10, 'D32as_v6_US East_3': 10, 'D64as_v6_US East_3': 10, 'D96as_v6_US East_3': 10, 'E16ads_v6_US East_2': 10, 'E16ads_v6_US East_3': 10, 'E16as_v6_US East_2': 10, 'E16as_v6_US East_3': 10, 'E20ads_v6_US East_2': 10, 'E20ads_v6_US East_3': 10, 'E20as_v6_US East_2': 10, 'E20as_v6_US East_3': 10, 'E2as_v6_US East_1': 10, 'E2as_v6_US East_2': 10, 'E2as_v6_US East_3': 10, 'E32ads_v6_US East_3': 10, 'E32as_v6_US East_2': 10, 'E48ads_v6_US East_2': 10, 'E48as_v6_US East_1': 10, 'E4ads_v6_US East_1': 10, 'E4ads_v6_US East_2': 10, 'E4as_v6_US East_1': 10, 'E4as_v6_US East_2': 10, 'E4ps_v5_US East_1': 10, 'E4ps_v5_US East_2': 10, 'E4ps_v5_US East_3': 10, 'E64ads_v6_US East_1': 10, 'E64as_v6_US East_2': 10, 'E8ads_v6_US East_2': 10, 'E8ads_v6_US East_3': 10, 'E8as_v6_US East_1': 10, 'E8as_v6_US East_3': 10, 'E8ps_v5_US East_3': 10, 'E96ads_v6_US East_1': 10, 'E96as_v6_US East_1': 10, 'F16ams_v6_US East_1': 10, 'F16ams_v6_US East_3': 10, 'F32ams_v6_US East_2': 10, 'F48ams_v6_US East_2': 10, 'F64ams_v6_US East_2': 10, 'F8ams_v6_US East_1': 10, 'F8ams_v6_US East_3': 10}"
0.43,150.50029000000006,276558236,1837592.7136087238,8690,8251,"{'D16as_v6_US East_1': 10, 'D16as_v6_US East_2': 10, 'D32as_v6_US East_1': 10, 'D32as_v6_US East_3': 10, 'D64as_v6_US East_3': 10, 'D8as_v6_US East_1': 10, 'D8as_v6_US East_2': 10, 'D96as_v6_US East_3': 10, 'E16ads_v6_US East_2': 10, 'E16ads_v6_US East_3': 10, 'E16as_v6_US East_2': 10, 'E16as_v6_US East_3': 10, 'E20ads_v6_US East_2': 10, 'E20ads_v6_US East_3': 10, 'E20as_v6_US East_2': 10, 'E20as_v6_US East_3': 10, 'E2as_v6_US East_1': 10, 'E2as_v6_US East_2': 10, 'E2as_v6_US East_3': 10, 'E32ads_v6_US East_3': 10, 'E32as_v6_US East_2': 10, 'E48ads_v6_US East_2': 10, 'E48as_v6_US East_1': 10, 'E4ads_v6_US East_1': 10, 'E4ads_v6_US East_2': 10, 'E4as_v6_US East_1': 10, 'E4as_v6_US East_2': 10, 'E4ps_v5_US East_1': 10, 'E4ps_v5_US East_2': 10, 'E4ps_v5_US East_3': 10, 'E64ads_v6_US East_1': 10, 'E64as_v6_US East_2': 10, 'E8ads_v6_US East_2': 10, 'E8ads_v6_US East_3': 10, 'E8as_v6_US East_1': 10, 'E8as_v6_US East_3': 10, 'E8ps_v5_US East_3': 10, 'E96ads_v6_US East_1': 10, 'E96as_v6_US East_1': 10, 'F16ams_v6_US East_1': 10, 'F16ams_v6_US East_3': 10, 'F32ams_v6_US East_2': 10, 'F48ams_v6_US East_2': 10, 'F64ams_v6_US East_2': 10, 'F8ams_v6_US East_1': 10, 'F8ams_v6_US East_3': 10}"
0.44,150.50029000000006,276558236,1837592.7136087238,8690,8251,"{'D16as_v6_US East_1': 10, 'D16as_v6_US East_2': 10, 'D32as_v6_US East_1': 10, 'D32as_v6_US East_3': 10, 'D64as_v6_US East_3': 10, 'D8as_v6_US East_1': 10, 'D8as_v6_US East_2': 10, 'D96as_v6_US East_3': 10, 'E16ads_v6_US East_2': 10, 'E16ads_v6_US East_3': 10, 'E16as_v6_US East_2': 10, 'E16as_v6_US East_3': 10, 'E20ads_v6_US East_2': 10, 'E20ads_v6_US East_3': 10, 'E20as_v6_US East_2': 10, 'E20as_v6_US East_3': 10, 'E2as_v6_US East_1': 10, 'E2as_v6_US East_2': 10, 'E2as_v6_US East_3': 10, 'E32ads_v6_US East_3': 10, 'E32as_v6_US East_2': 10, 'E48ads_v6_US East_2': 10, 'E48as_v6_US East_1': 10, 'E4ads_v6_US East_1': 10, 'E4ads_v6_US East_2': 10, 'E4as_v6_US East_1': 10, 'E4as_v6_US East_2': 10, 'E4ps_v5_US East_1': 10, 'E4ps_v5_US East_2': 10, 'E4ps_v5_US East_3': 10, 'E64ads_v6_US East_1': 10, 'E64as_v6_US East_2': 10, 'E8ads_v6_US East_2': 10, 'E8ads_v6_US East_3': 10, 'E8as_v6_US East_1': 10, 'E8as_v6_US East_3': 10, 'E8ps_v5_US East_3': 10, 'E96ads_v6_US East_1': 10, 'E96as_v6_US East_1': 10, 'F16ams_v6_US East_1': 10, 'F16ams_v6_US East_3': 10, 'F32ams_v6_US East_2': 10, 'F48ams_v6_US East_2': 10, 'F64ams_v6_US East_2': 10, 'F8ams_v6_US East_1': 10, 'F8ams_v6_US East_3': 10}"
0.45,186.89216000000008,321113615,1718175.9577287768,10080,9641,"{'D16ads_v6_US East_2': 10, 'D16ads_v6_US East_3': 10, 'D16as_v6_US East_1': 10, 'D16as_v6_US East_2': 10, 'D32ads_v6_US East_1': 10, 'D32ads_v6_US East_2': 10, 'D32as_v6_US East_1': 10, 'D32as_v6_US East_3': 10, 'D48ads_v6_US East_3': 10, 'D64ads_v6_US East_2': 10, 'D64as_v6_US East_3': 10, 'D8as_v6_US East_1': 10, 'D8as_v6_US East_2': 10, 'D96ads_v6_US East_1': 10, 'D96as_v6_US East_3': 10, 'E16ads_v6_US East_2': 10, 'E16ads_v6_US East_3': 10, 'E16as_v6_US East_2': 10, 'E16as_v6_US East_3': 10, 'E20ads_v6_US East_2': 10, 'E20ads_v6_US East_3': 10, 'E20as_v6_US East_2': 10, 'E20as_v6_US East_3': 10, 'E2as_v6_US East_1': 10, 'E2as_v6_US East_2': 10, 'E2as_v6_US East_3': 10, 'E32ads_v6_US East_3': 10, 'E32as_v6_US East_2': 10, 'E48ads_v6_US East_2': 10, 'E48as_v6_US East_1': 10, 'E4ads_v6_US East_1': 10, 'E4ads_v6_US East_2': 10, 'E4as_v6_US East_1': 10, 'E4as_v6_US East_2': 10, 'E4ps_v5_US East_1': 10, 'E4ps_v5_US East_2': 10, 'E4ps_v5_US East_3': 10, 'E64ads_v6_US East_1': 10, 'E64as_v6_US East_2': 10, 'E8ads_v6_US East_2': 10, 'E8ads_v6_US East_3': 10, 'E8as_v6_US East_1': 10, 'E8as_v6_US East_3': 10, 'E8ps_v5_US East_3': 10, 'E96ads_v6_US East_1': 10, 'E96as_v6_US East_1': 10, 'F16ams_v6_US East_1': 10, 'F16ams_v6_US East_3': 10, 'F32ams_v6_US East_2': 10, 'F48ams_v6_US East_2': 10, 'F4ams_v6_US East_2': 10, 'F4ams_v6_US East_3': 10, 'F64ams_v6_US East_2': 10, 'F8ams_v6_US East_1': 10, 'F8ams_v6_US East_3': 10}"
0.46,188.03053000000006,322485464,1715069.700649144,10150,9711,"{'D16ads_v6_US East_2': 10, 'D16ads_v6_US East_3': 10, 'D16as_v6_US East_1': 10, 'D16as_v6_US East_2': 10, 'D16ps_v5_US East_2': 10, 'D32ads_v6_US East_1': 10, 'D32ads_v6_US East_2': 10, 'D32as_v6_US East_1': 10, 'D32as_v6_US East_3': 10, 'D48ads_v6_US East_3': 10, 'D64ads_v6_US East_2': 10, 'D64as_v6_US East_3': 10, 'D8as_v6_US East_1': 10, 'D8as_v6_US East_2': 10, 'D96ads_v6_US East_1': 10, 'D96as_v6_US East_3': 10, 'E16ads_v6_US East_2': 10, 'E16ads_v6_US East_3': 10, 'E16as_v6_US East_2': 10, 'E16as_v6_US East_3': 10, 'E20ads_v6_US East_2': 10, 'E20ads_v6_US East_3': 10, 'E20as_v6_US East_2': 10, 'E20as_v6_US East_3': 10, 'E2as_v6_US East_1': 10, 'E2as_v6_US East_2': 10, 'E2as_v6_US East_3': 10, 'E32ads_v6_US East_3': 10, 'E32as_v6_US East_2': 10, 'E48ads_v6_US East_2': 10, 'E48as_v6_US East_1': 10, 'E4ads_v6_US East_1': 10, 'E4ads_v6_US East_2': 10, 'E4as_v6_US East_1': 10, 'E4as_v6_US East_2': 10, 'E4ps_v5_US East_1': 10, 'E4ps_v5_US East_2': 10, 'E4ps_v5_US East_3': 10, 'E64ads_v6_US East_1': 10, 'E64as_v6_US East_2': 10, 'E8ads_v6_US East_2': 10, 'E8ads_v6_US East_3': 10, 'E8as_v6_US East_1': 10, 'E8as_v6_US East_3': 10, 'E8ps_v5_US East_3': 10, 'E96ads_v6_US East_1': 10, 'E96as_v6_US East_1': 10, 'F16ams_v6_US East_1': 10, 'F16ams_v6_US East_3': 10, 'F32ams_v6_US East_2': 10, 'F48ams_v6_US East_2': 10, 'F4ams_v6_US East_2': 10, 'F4ams_v6_US East_3': 10, 'F64ams_v6_US East_2': 10, 'F8ams_v6_US East_1': 10, 'F8ams_v6_US East_3': 10}"
0.47000000000000003,202.54433000000006,338833122,1672883.7687038674,10660,10221,"{'D16ads_v6_US East_2': 10, 'D16ads_v6_US East_3': 10, 'D16as_v6_US East_1': 10, 'D16as_v6_US East_2': 10, 'D16ps_v5_US East_2': 10, 'D32ads_v6_US East_1': 10, 'D32ads_v6_US East_2': 10, 'D32as_v6_US East_1': 10, 'D32as_v6_US East_3': 10, 'D48ads_v6_US East_3': 10, 'D64ads_v6_US East_2': 10, 'D64as_v6_US East_3': 10, 'D8as_v6_US East_1': 10, 'D8as_v6_US East_2': 10, 'D96ads_v6_US East_1': 10, 'D96as_v6_US East_3': 10, 'E16ads_v6_US East_2': 10, 'E16ads_v6_US East_3': 10, 'E16as_v6_US East_2': 10, 'E16as_v6_US East_3': 10, 'E20ads_v6_US East_2': 10, 'E20ads_v6_US East_3': 10, 'E20as_v6_US East_2': 10, 'E20as_v6_US East_3': 10, 'E2ads_v6_US East_1': 10, 'E2ads_v6_US East_2': 10, 'E2ads_v6_US East_3': 10, 'E2as_v6_US East_1': 10, 'E2as_v6_US East_2': 10, 'E2as_v6_US East_3': 10, 'E32ads_v6_US East_3': 10, 'E32as_v6_US East_2': 10, 'E48ads_v6_US East_2': 10, 'E48as_v6_US East_1': 10, 'E4ads_v6_US East_1': 10, 'E4ads_v6_US East_2': 10, 'E4as_v6_US East_1': 10, 'E4as_v6_US East_2': 10, 'E4ps_v5_US East_1': 10, 'E4ps_v5_US East_2': 10, 'E4ps_v5_US East_3': 10, 'E64ads_v6_US East_1': 10, 'E64as_v6_US East_2': 10, 'E8ads_v6_US East_2': 10, 'E8ads_v6_US East_3': 10, 'E8as_v6_US East_1': 10, 'E8as_v6_US East_3': 10, 'E8ps_v5_US East_3': 10, 'E96-48ads_v6_US East_3': 10, 'E96ads_v6_US East_1': 10, 'E96as_v6_US East_1': 10, 'F16ams_v6_US East_1': 10, 'F16ams_v6_US East_3': 10, 'F32ams_v6_US East_2': 10, 'F48ams_v6_US East_2': 10, 'F4ams_v6_US East_2': 10, 'F4ams_v6_US East_3': 10, 'F64ams_v6_US East_2': 10, 'F8ams_v6_US East_1': 10, 'F8ams_v6_US East_3': 10}"
0.48,202.54433000000006,338833122,1672883.7687038674,10660,10221,"{'D16ads_v6_US East_2': 10, 'D16ads_v6_US East_3': 10, 'D16as_v6_US East_1': 10, 'D16as_v6_US East_2': 10, 'D16ps_v5_US East_2': 10, 'D32ads_v6_US East_1': 10, 'D32ads_v6_US East_2': 10, 'D32as_v6_US East_1': 10, 'D32as_v6_US East_3': 10, 'D48ads_v6_US East_3': 10, 'D64ads_v6_US East_2': 10, 'D64as_v6_US East_3': 10, 'D8as_v6_US East_1': 10, 'D8as_v6_US East_2': 10, 'D96ads_v6_US East_1': 10, 'D96as_v6_US East_3': 10, 'E16ads_v6_US East_2': 10, 'E16ads_v6_US East_3': 10, 'E16as_v6_US East_2': 10, 'E16as_v6_US East_3': 10, 'E20ads_v6_US East_2': 10, 'E20ads_v6_US East_3': 10, 'E20as_v6_US East_2': 10, 'E20as_v6_US East_3': 10, 'E2ads_v6_US East_1': 10, 'E2ads_v6_US East_2': 10, 'E2ads_v6_US East_3': 10, 'E2as_v6_US East_1': 10, 'E2as_v6_US East_2': 10, 'E2as_v6_US East_3': 10, 'E32ads_v6_US East_3': 10, 'E32as_v6_US East_2': 10, 'E48ads_v6_US East_2': 10, 'E48as_v6_US East_1': 10, 'E4ads_v6_US East_1': 10, 'E4ads_v6_US East_2': 10, 'E4as_v6_US East_1': 10, 'E4as_v6_US East_2': 10, 'E4ps_v5_US East_1': 10, 'E4ps_v5_US East_2': 10, 'E4ps_v5_US East_3': 10, 'E64ads_v6_US East_1': 10, 'E64as_v6_US East_2': 10, 'E8ads_v6_US East_2': 10, 'E8ads_v6_US East_3': 10, 'E8as_v6_US East_1': 10, 'E8as_v6_US East_3': 10, 'E8ps_v5_US East_3': 10, 'E96-48ads_v6_US East_3': 10, 'E96ads_v6_US East_1': 10, 'E96as_v6_US East_1': 10, 'F16ams_v6_US East_1': 10, 'F16ams_v6_US East_3': 10, 'F32ams_v6_US East_2': 10, 'F48ams_v6_US East_2': 10, 'F4ams_v6_US East_2': 10, 'F4ams_v6_US East_3': 10, 'F64ams_v6_US East_2': 10, 'F8ams_v6_US East_1': 10, 'F8ams_v6_US East_3': 10}"
0.49,204.93922000000006,341344311,1665588.0270257683,10750,10311,"{'D16ads_v6_US East_2': 10, 'D16ads_v6_US East_3': 10, 'D16as_v6_US East_1': 10, 'D16as_v6_US East_2': 10, 'D16ps_v5_US East_2': 10, 'D32ads_v6_US East_1': 10, 'D32ads_v6_US East_2': 10, 'D32as_v6_US East_1': 10, 'D32as_v6_US East_3': 10, 'D48ads_v6_US East_3': 10, 'D64ads_v6_US East_2': 10, 'D64as_v6_US East_3': 10, 'D8ads_v6_US East_1': 10, 'D8ads_v6_US East_3': 10, 'D8as_v6_US East_1': 10, 'D8as_v6_US East_2': 10, 'D96ads_v6_US East_1': 10, 'D96as_v6_US East_3': 10, 'E16ads_v6_US East_2': 10, 'E16ads_v6_US East_3': 10, 'E16as_v6_US East_2': 10, 'E16as_v6_US East_3': 10, 'E20ads_v6_US East_2': 10, 'E20ads_v6_US East_3': 10, 'E20as_v6_US East_2': 10, 'E20as_v6_US East_3': 10, 'E2ads_v6_US East_1': 10, 'E2ads_v6_US East_2': 10, 'E2ads_v6_US East_3': 10, 'E2as_v6_US East_1': 10, 'E2as_v6_US East_2': 10, 'E2as_v6_US East_3': 10, 'E2ps_v5_US East_1': 10, 'E2ps_v5_US East_2': 10, 'E2ps_v5_US East_3': 10, 'E32ads_v6_US East_3': 10, 'E32as_v6_US East_2': 10, 'E48ads_v6_US East_2': 10, 'E48as_v6_US East_1': 10, 'E4ads_v6_US East_1': 10, 'E4ads_v6_US East_2': 10, 'E4as_v6_US East_1': 10, 'E4as_v6_US East_2': 10, 'E4ps_v5_US East_1': 10, 'E4ps_v5_US East_2': 10, 'E4ps_v5_US East_3': 10, 'E64ads_v6_US East_1': 10, 'E64as_v6_US East_2': 10, 'E8ads_v6_US East_2': 10, 'E8ads_v6_US East_3': 10, 'E8as_v6_US East_1': 10, 'E8as_v6_US East_3': 10, 'E8ps_v5_US East_3': 10, 'E96-48ads_v6_US East_3': 10, 'E96ads_v6_US East_1': 10, 'E96as_v6_US East_1': 10, 'F16ams_v6_US East_1': 10, 'F16ams_v6_US East_3': 10, 'F32ams_v6_US East_2': 10, 'F48ams_v6_US East_2': 10, 'F4ams_v6_US East_2': 10, 'F4ams_v6_US East_3': 10, 'F64ams_v6_US East_2': 10, 'F8ams_v6_US East_1': 10, 'F8ams_v6_US East_3': 10}"
0.5,207.98286000000007,344479965,1656290.164968401,10910,10471,"{'D16ads_v6_US East_2': 10, 'D16ads_v6_US East_3': 10, 'D16as_v6_US East_1': 10, 'D16as_v6_US East_2': 10, 'D16pds_v5_US East_2': 10, 'D16ps_v5_US East_2': 10, 'D32ads_v6_US East_1': 10, 'D32ads_v6_US East_2': 10, 'D32as_v6_US East_1': 10, 'D32as_v6_US East_3': 10, 'D48ads_v6_US East_3': 10, 'D64ads_v6_US East_2': 10, 'D64as_v6_US East_3': 10, 'D8ads_v6_US East_1': 10, 'D8ads_v6_US East_3': 10, 'D8as_v6_US East_1': 10, 'D8as_v6_US East_2': 10, 'D8ps_v5_US East_1': 10, 'D8ps_v5_US East_2': 10, 'D8ps_v5_US East_3': 10, 'D96ads_v6_US East_1': 10, 'D96as_v6_US East_3': 10, 'E16ads_v6_US East_2': 10, 'E16ads_v6_US East_3': 10, 'E16as_v6_US East_2': 10, 'E16as_v6_US East_3': 10, 'E20ads_v6_US East_2': 10, 'E20ads_v6_US East_3': 10, 'E20as_v6_US East_2': 10, 'E20as_v6_US East_3': 10, 'E2ads_v6_US East_1': 10, 'E2ads_v6_US East_2': 10, 'E2ads_v6_US East_3': 10, 'E2as_v6_US East_1': 10, 'E2as_v6_US East_2': 10, 'E2as_v6_US East_3': 10, 'E2ps_v5_US East_1': 10, 'E2ps_v5_US East_2': 10, 'E2ps_v5_US East_3': 10, 'E32ads_v6_US East_3': 10, 'E32as_v6_US East_2': 10, 'E48ads_v6_US East_2': 10, 'E48as_v6_US East_1': 10, 'E4ads_v6_US East_1': 10, 'E4ads_v6_US East_2': 10, 'E4as_v6_US East_1': 10, 'E4as_v6_US East_2': 10, 'E4ps_v5_US East_1': 10, 'E4ps_v5_US East_2': 10, 'E4ps_v5_US East_3': 10, 'E64ads_v6_US East_1': 10, 'E64as_v6_US East_2': 10, 'E8ads_v6_US East_2': 10, 'E8ads_v6_US East_3': 10, 'E8as_v6_US East_1': 10, 'E8as_v6_US East_3': 10, 'E8ps_v5_US East_3': 10, 'E96-48ads_v6_US East_3': 10, 'E96ads_v6_US East_1': 10, 'E96as_v6_US East_1': 10, 'F16ams_v6_US East_1': 10, 'F16ams_v6_US East_3': 10, 'F32ams_v6_US East_2': 10, 'F48ams_v6_US East_2': 10, 'F4ams_v6_US East_2': 10, 'F4ams_v6_US East_3': 10, 'F64ams_v6_US East_2': 10, 'F8ams_v6_US East_1': 10, 'F8ams_v6_US East_3': 10}"
0.51,233.63566000000006,369161722,1580074.3884730604,11680,11241,"{'D16ads_v6_US East_2': 10, 'D16ads_v6_US East_3': 10, 'D16as_v6_US East_1': 10, 'D16as_v6_US East_2': 10, 'D16pds_v5_US East_2': 10, 'D16ps_v5_US East_2': 10, 'D32ads_v6_US East_1': 10, 'D32ads_v6_US East_2': 10, 'D32as_v6_US East_1': 10, 'D32as_v6_US East_3': 10, 'D48ads_v6_US East_3': 10, 'D64ads_v6_US East_2': 10, 'D64as_v6_US East_3': 10, 'D8ads_v6_US East_1': 10, 'D8ads_v6_US East_3': 10, 'D8as_v6_US East_1': 10, 'D8as_v6_US East_2': 10, 'D8ps_v5_US East_1': 10, 'D8ps_v5_US East_2': 10, 'D8ps_v5_US East_3': 10, 'D96ads_v6_US East_1': 10, 'D96as_v6_US East_3': 10, 'E16ads_v6_US East_2': 10, 'E16ads_v6_US East_3': 10, 'E16as_v6_US East_2': 10, 'E16as_v6_US East_3': 10, 'E20ads_v6_US East_2': 10, 'E20ads_v6_US East_3': 10, 'E20as_v6_US East_2': 10, 'E20as_v6_US East_3': 10, 'E2ads_v6_US East_1': 10, 'E2ads_v6_US East_2': 10, 'E2ads_v6_US East_3': 10, 'E2as_v6_US East_1': 10, 'E2as_v6_US East_2': 10, 'E2as_v6_US East_3': 10, 'E2ps_v5_US East_1': 10, 'E2ps_v5_US East_2': 10, 'E2ps_v5_US East_3': 10, 'E32ads_v6_US East_3': 10, 'E32as_v6_US East_2': 10, 'E48ads_v6_US East_2': 10, 'E48as_v6_US East_1': 10, 'E4ads_v6_US East_1': 10, 'E4ads_v6_US East_2': 10, 'E4as_v6_US East_1': 10, 'E4as_v6_US East_2': 10, 'E4ps_v5_US East_1': 10, 'E4ps_v5_US East_2': 10, 'E4ps_v5_US East_3': 10, 'E64ads_v6_US East_1': 10, 'E64as_v6_US East_2': 10, 'E8ads_v6_US East_2': 10, 'E8ads_v6_US East_3': 10, 'E8as_v6_US East_1': 10, 'E8as_v6_US East_3': 10, 'E8ps_v5_US East_3': 10, 'E96-48ads_v6_US East_3': 10, 'E96ads_v6_US East_1': 10, 'E96as_v6_US East_1': 10, 'F16ams_v6_US East_1': 10, 'F16ams_v6_US East_3': 10, 'F16as_v6_US East_2': 10, 'F16as_v6_US East_3': 10, 'F32ams_v6_US East_2': 10, 'F32as_v6_US East_3': 10, 'F48ams_v6_US East_2': 10, 'F48as_v6_US East_1': 10, 'F4ams_v6_US East_2': 10, 'F4ams_v6_US East_3': 10, 'F64ams_v6_US East_2': 10, 'F64as_v6_US East_3': 10, 'F8ams_v6_US East_1': 10, 'F8ams_v6_US East_3': 10}"
0.52,236.48158000000006,371794820,1572193.5729624263,11800,11361,"{'D16ads_v6_US East_2': 10, 'D16ads_v6_US East_3': 10, 'D16as_v6_US East_1': 10, 'D16as_v6_US East_2': 10, 'D16pds_v5_US East_2': 10, 'D16ps_v5_US East_2': 10, 'D32ads_v6_US East_1': 10, 'D32ads_v6_US East_2': 10, 'D32as_v6_US East_1': 10, 'D32as_v6_US East_3': 10, 'D48ads_v6_US East_3': 10, 'D64ads_v6_US East_2': 10, 'D64as_v6_US East_3': 10, 'D8ads_v6_US East_1': 10, 'D8ads_v6_US East_3': 10, 'D8as_v6_US East_1': 10, 'D8as_v6_US East_2': 10, 'D8ps_v5_US East_1': 10, 'D8ps_v5_US East_2': 10, 'D8ps_v5_US East_3': 10, 'D96ads_v6_US East_1': 10, 'D96as_v6_US East_3': 10, 'E16ads_v6_US East_2': 10, 'E16ads_v6_US East_3': 10, 'E16as_v6_US East_2': 10, 'E16as_v6_US East_3': 10, 'E20ads_v6_US East_2': 10, 'E20ads_v6_US East_3': 10, 'E20as_v6_US East_2': 10, 'E20as_v6_US East_3': 10, 'E2ads_v6_US East_1': 10, 'E2ads_v6_US East_2': 10, 'E2ads_v6_US East_3': 10, 'E2as_v6_US East_1': 10, 'E2as_v6_US East_2': 10, 'E2as_v6_US East_3': 10, 'E2ps_v5_US East_1': 10, 'E2ps_v5_US East_2': 10, 'E2ps_v5_US East_3': 10, 'E32ads_v6_US East_3': 10, 'E32as_v6_US East_2': 10, 'E48ads_v6_US East_2': 10, 'E48as_v6_US East_1': 10, 'E4ads_v6_US East_1': 10, 'E4ads_v6_US East_2': 10, 'E4as_v6_US East_1': 10, 'E4as_v6_US East_2': 10, 'E4ps_v5_US East_1': 10, 'E4ps_v5_US East_2': 10, 'E4ps_v5_US East_3': 10, 'E64ads_v6_US East_1': 10, 'E64as_v6_US East_2': 10, 'E8ads_v6_US East_2': 10, 'E8ads_v6_US East_3': 10, 'E8as_v6_US East_1': 10, 'E8as_v6_US East_3': 10, 'E8ps_v5_US East_3': 10, 'E96-48ads_v6_US East_3': 10, 'E96ads_v6_US East_1': 10, 'E96as_v6_US East_1': 10, 'F16ams_v6_US East_1': 10, 'F16ams_v6_US East_3': 10, 'F16as_v6_US East_2': 10, 'F16as_v6_US East_3': 10, 'F32ams_v6_US East_2': 10, 'F32as_v6_US East_3': 10, 'F48ams_v6_US East_2': 10, 'F48as_v6_US East_1': 10, 'F4ams_v6_US East_2': 10, 'F4ams_v6_US East_3': 10, 'F64ams_v6_US East_2': 10, 'F64as_v6_US East_3': 10, 'F8ams_v6_US East_1': 10, 'F8ams_v6_US East_3': 10, 'M12s_v3_US East_2': 10}"
0.53,255.19958000000003,388463019,1522193.0216342837,12320,11881,"{'D16ads_v6_US East_2': 10, 'D16ads_v6_US East_3': 10, 'D16as_v6_US East_1': 10, 'D16as_v6_US East_2': 10, 'D16pds_v5_US East_2': 10, 'D16ps_v5_US East_2': 10, 'D32ads_v6_US East_1': 10, 'D32ads_v6_US East_2': 10, 'D32als_v6_US East_1': 10, 'D32als_v6_US East_2': 10, 'D32as_v6_US East_1': 10, 'D32as_v6_US East_3': 10, 'D48ads_v6_US East_3': 10, 'D4as_v6_US East_1': 10, 'D4as_v6_US East_2': 10, 'D4as_v6_US East_3': 10, 'D64ads_v6_US East_2': 10, 'D64als_v6_US East_1': 10, 'D64as_v6_US East_3': 10, 'D8ads_v6_US East_1': 10, 'D8ads_v6_US East_3': 10, 'D8as_v6_US East_1': 10, 'D8as_v6_US East_2': 10, 'D8ps_v5_US East_1': 10, 'D8ps_v5_US East_2': 10, 'D8ps_v5_US East_3': 10, 'D96ads_v6_US East_1': 10, 'D96als_v6_US East_2': 10, 'D96as_v6_US East_3': 10, 'E16ads_v6_US East_2': 10, 'E16ads_v6_US East_3': 10, 'E16as_v6_US East_2': 10, 'E16as_v6_US East_3': 10, 'E20ads_v6_US East_2': 10, 'E20ads_v6_US East_3': 10, 'E20as_v6_US East_2': 10, 'E20as_v6_US East_3': 10, 'E2ads_v6_US East_1': 10, 'E2ads_v6_US East_2': 10, 'E2ads_v6_US East_3': 10, 'E2as_v6_US East_1': 10, 'E2as_v6_US East_2': 10, 'E2as_v6_US East_3': 10, 'E2ps_v5_US East_1': 10, 'E2ps_v5_US East_2': 10, 'E2ps_v5_US East_3': 10, 'E32ads_v6_US East_3': 10, 'E32as_v6_US East_2': 10, 'E48ads_v6_US East_2': 10, 'E48as_v6_US East_1': 10, 'E4ads_v6_US East_1': 10, 'E4ads_v6_US East_2': 10, 'E4as_v6_US East_1': 10, 'E4as_v6_US East_2': 10, 'E4ps_v5_US East_1': 10, 'E4ps_v5_US East_2': 10, 'E4ps_v5_US East_3': 10, 'E64ads_v6_US East_1': 10, 'E64as_v6_US East_2': 10, 'E8ads_v6_US East_2': 10, 'E8ads_v6_US East_3': 10, 'E8as_v6_US East_1': 10, 'E8as_v6_US East_3': 10, 'E8ps_v5_US East_3': 10, 'E96-48ads_v6_US East_3': 10, 'E96ads_v6_US East_1': 10, 'E96as_v6_US East_1': 10, 'F16ams_v6_US East_1': 10, 'F16ams_v6_US East_3': 10, 'F16as_v6_US East_2': 10, 'F16as_v6_US East_3': 10, 'F32ams_v6_US East_2': 10, 'F32as_v6_US East_3': 10, 'F48ams_v6_US East_2': 10, 'F48as_v6_US East_1': 10, 'F4ams_v6_US East_2': 10, 'F4ams_v6_US East_3': 10, 'F64ams_v6_US East_2': 10, 'F64as_v6_US East_3': 10, 'F8ams_v6_US East_1': 10, 'F8ams_v6_US East_3': 10, 'M12s_v3_US East_2': 10}"
0.54,265.77742,397506963,1495638.581336218,12640,12201,"{'D16ads_v6_US East_2': 10, 'D16ads_v6_US East_3': 10, 'D16as_v6_US East_1': 10, 'D16as_v6_US East_2': 10, 'D16pds_v5_US East_2': 10, 'D16ps_v5_US East_2': 10, 'D32ads_v6_US East_1': 10, 'D32ads_v6_US East_2': 10, 'D32als_v6_US East_1': 10, 'D32als_v6_US East_2': 10, 'D32as_v6_US East_1': 10, 'D32as_v6_US East_3': 10, 'D48ads_v6_US East_3': 10, 'D48als_v6_US East_2': 10, 'D48als_v6_US East_3': 10, 'D4as_v6_US East_1': 10, 'D4as_v6_US East_2': 10, 'D4as_v6_US East_3': 10, 'D64ads_v6_US East_2': 10, 'D64als_v6_US East_1': 10, 'D64as_v6_US East_3': 10, 'D8ads_v6_US East_1': 10, 'D8ads_v6_US East_3': 10, 'D8as_v6_US East_1': 10, 'D8as_v6_US East_2': 10, 'D8ps_v5_US East_1': 10, 'D8ps_v5_US East_2': 10, 'D8ps_v5_US East_3': 10, 'D96ads_v6_US East_1': 10, 'D96als_v6_US East_2': 10, 'D96as_v6_US East_3': 10, 'E16ads_v6_US East_2': 10, 'E16ads_v6_US East_3': 10, 'E16as_v6_US East_2': 10, 'E16as_v6_US East_3': 10, 'E20ads_v6_US East_2': 10, 'E20ads_v6_US East_3': 10, 'E20as_v6_US East_2': 10, 'E20as_v6_US East_3': 10, 'E2ads_v6_US East_1': 10, 'E2ads_v6_US East_2': 10, 'E2ads_v6_US East_3': 10, 'E2as_v6_US East_1': 10, 'E2as_v6_US East_2': 10, 'E2as_v6_US East_3': 10, 'E2ps_v5_US East_1': 10, 'E2ps_v5_US East_2': 10, 'E2ps_v5_US East_3': 10, 'E32ads_v6_US East_3': 10, 'E32as_v6_US East_2': 10, 'E48ads_v6_US East_2': 10, 'E48as_v6_US East_1': 10, 'E4ads_v6_US East_1': 10, 'E4ads_v6_US East_2': 10, 'E4as_v6_US East_1': 10, 'E4as_v6_US East_2': 10, 'E4ps_v5_US East_1': 10, 'E4ps_v5_US East_2': 10, 'E4ps_v5_US East_3': 10, 'E64ads_v6_US East_1': 10, 'E64as_v6_US East_2': 10, 'E8ads_v6_US East_2': 10, 'E8ads_v6_US East_3': 10, 'E8as_v6_US East_1': 10, 'E8as_v6_US East_3': 10, 'E8ps_v5_US East_3': 10, 'E96-48ads_v6_US East_3': 10, 'E96ads_v6_US East_1': 10, 'E96as_v6_US East_1': 10, 'F16ams_v6_US East_1': 10, 'F16ams_v6_US East_3': 10, 'F16as_v6_US East_2': 10, 'F16as_v6_US East_3': 10, 'F32ams_v6_US East_2': 10, 'F32as_v6_US East_3': 10, 'F48ams_v6_US East_2': 10, 'F48as_v6_US East_1': 10, 'F4ams_v6_US East_2': 10, 'F4ams_v6_US East_3': 10, 'F64ams_v6_US East_2': 10, 'F64as_v6_US East_3': 10, 'F8ams_v6_US East_1': 10, 'F8ams_v6_US East_3': 10, 'M12ds_v3_US East_1': 10, 'M12s_v3_US East_2': 10}"
0.55,281.18994000000004,410164106,1458672.7622616943,13370,12931,"{'D16ads_v6_US East_2': 10, 'D16ads_v6_US East_3': 10, 'D16as_v6_US East_1': 10, 'D16as_v6_US East_2': 10, 'D16pds_v5_US East_2': 10, 'D16ps_v5_US East_2': 10, 'D32ads_v6_US East_1': 10, 'D32ads_v6_US East_2': 10, 'D32als_v6_US East_1': 10, 'D32als_v6_US East_2': 10, 'D32as_v6_US East_1': 10, 'D32as_v6_US East_3': 10, 'D48ads_v6_US East_3': 10, 'D48als_v6_US East_2': 10, 'D48als_v6_US East_3': 10, 'D4as_v6_US East_1': 10, 'D4as_v6_US East_2': 10, 'D4as_v6_US East_3': 10, 'D64ads_v6_US East_2': 10, 'D64als_v6_US East_1': 10, 'D64as_v6_US East_3': 10, 'D8ads_v6_US East_1': 10, 'D8ads_v6_US East_3': 10, 'D8as_v6_US East_1': 10, 'D8as_v6_US East_2': 10, 'D8ps_v5_US East_1': 10, 'D8ps_v5_US East_2': 10, 'D8ps_v5_US East_3': 10, 'D96ads_v6_US East_1': 10, 'D96als_v6_US East_2': 10, 'D96as_v6_US East_3': 10, 'E16ads_v6_US East_2': 10, 'E16ads_v6_US East_3': 10, 'E16as_v6_US East_2': 10, 'E16as_v6_US East_3': 10, 'E20ads_v6_US East_2': 10, 'E20ads_v6_US East_3': 10, 'E20as_v6_US East_2': 10, 'E20as_v6_US East_3': 10, 'E2ads_v6_US East_1': 10, 'E2ads_v6_US East_2': 10, 'E2ads_v6_US East_3': 10, 'E2as_v6_US East_1': 10, 'E2as_v6_US East_2': 10, 'E2as_v6_US East_3': 10, 'E2ps_v5_US East_1': 10, 'E2ps_v5_US East_2': 10, 'E2ps_v5_US East_3': 10, 'E32ads_v6_US East_3': 10, 'E32as_v6_US East_2': 10, 'E48ads_v6_US East_2': 10, 'E48as_v6_US East_1': 10, 'E4ads_v6_US East_1': 10, 'E4ads_v6_US East_2': 10, 'E4as_v6_US East_1': 10, 'E4as_v6_US East_2': 10, 'E4ps_v5_US East_1': 10, 'E4ps_v5_US East_2': 10, 'E4ps_v5_US East_3': 10, 'E64ads_v6_US East_1': 10, 'E64as_v6_US East_2': 10, 'E8ads_v6_US East_2': 10, 'E8ads_v6_US East_3': 10, 'E8as_v6_US East_1': 10, 'E8as_v6_US East_3': 10, 'E8ps_v5_US East_3': 10, 'E96-48ads_v6_US East_3': 10, 'E96ads_v6_US East_1': 10, 'E96as_v6_US East_1': 10, 'F16ams_v6_US East_1': 10, 'F16ams_v6_US East_3': 10, 'F16as_v6_US East_2': 10, 'F16as_v6_US East_3': 10, 'F2ams_v6_US East_1': 10, 'F2ams_v6_US East_2': 10, 'F2ams_v6_US East_3': 10, 'F32ams_v6_US East_2': 10, 'F32as_v6_US East_3': 10, 'F48ams_v6_US East_2': 10, 'F48as_v6_US East_1': 10, 'F4ams_v6_US East_2': 10, 'F4ams_v6_US East_3': 10, 'F64ams_v6_US East_2': 10, 'F64as_v6_US East_3': 10, 'F8ams_v6_US East_1': 10, 'F8ams_v6_US East_3': 10, 'F8as_v6_US East_1': 10, 'F8as_v6_US East_2': 10, 'M12ds_v3_US East_1': 10, 'M12s_v3_US East_2': 10, 'M64s_v2_US East_2': 10}"
0.56,281.18994000000004,410164106,1458672.7622616943,13370,12931,"{'D16ads_v6_US East_2': 10, 'D16ads_v6_US East_3': 10, 'D16as_v6_US East_1': 10, 'D16as_v6_US East_2': 10, 'D16pds_v5_US East_2': 10, 'D16ps_v5_US East_2': 10, 'D32ads_v6_US East_1': 10, 'D32ads_v6_US East_2': 10, 'D32als_v6_US East_1': 10, 'D32als_v6_US East_2': 10, 'D32as_v6_US East_1': 10, 'D32as_v6_US East_3': 10, 'D48ads_v6_US East_3': 10, 'D48als_v6_US East_2': 10, 'D48als_v6_US East_3': 10, 'D4as_v6_US East_1': 10, 'D4as_v6_US East_2': 10, 'D4as_v6_US East_3': 10, 'D64ads_v6_US East_2': 10, 'D64als_v6_US East_1': 10, 'D64as_v6_US East_3': 10, 'D8ads_v6_US East_1': 10, 'D8ads_v6_US East_3': 10, 'D8as_v6_US East_1': 10, 'D8as_v6_US East_2': 10, 'D8ps_v5_US East_1': 10, 'D8ps_v5_US East_2': 10, 'D8ps_v5_US East_3': 10, 'D96ads_v6_US East_1': 10, 'D96als_v6_US East_2': 10, 'D96as_v6_US East_3': 10, 'E16ads_v6_US East_2': 10, 'E16ads_v6_US East_3': 10, 'E16as_v6_US East_2': 10, 'E16as_v6_US East_3': 10, 'E20ads_v6_US East_2': 10, 'E20ads_v6_US East_3': 10, 'E20as_v6_US East_2': 10, 'E20as_v6_US East_3': 10, 'E2ads_v6_US East_1': 10, 'E2ads_v6_US East_2': 10, 'E2ads_v6_US East_3': 10, 'E2as_v6_US East_1': 10, 'E2as_v6_US East_2': 10, 'E2as_v6_US East_3': 10, 'E2ps_v5_US East_1': 10, 'E2ps_v5_US East_2': 10, 'E2ps_v5_US East_3': 10, 'E32ads_v6_US East_3': 10, 'E32as_v6_US East_2': 10, 'E48ads_v6_US East_2': 10, 'E48as_v6_US East_1': 10, 'E4ads_v6_US East_1': 10, 'E4ads_v6_US East_2': 10, 'E4as_v6_US East_1': 10, 'E4as_v6_US East_2': 10, 'E4ps_v5_US East_1': 10, 'E4ps_v5_US East_2': 10, 'E4ps_v5_US East_3': 10, 'E64ads_v6_US East_1': 10, 'E64as_v6_US East_2': 10, 'E8ads_v6_US East_2': 10, 'E8ads_v6_US East_3': 10, 'E8as_v6_US East_1': 10, 'E8as_v6_US East_3': 10, 'E8ps_v5_US East_3': 10, 'E96-48ads_v6_US East_3': 10, 'E96ads_v6_US East_1': 10, 'E96as_v6_US East_1': 10, 'F16ams_v6_US East_1': 10, 'F16ams_v6_US East_3': 10, 'F16as_v6_US East_2': 10, 'F16as_v6_US East_3': 10, 'F2ams_v6_US East_1': 10, 'F2ams_v6_US East_2': 10, 'F2ams_v6_US East_3': 10, 'F32ams_v6_US East_2': 10, 'F32as_v6_US East_3': 10, 'F48ams_v6_US East_2': 10, 'F48as_v6_US East_1': 10, 'F4ams_v6_US East_2': 10, 'F4ams_v6_US East_3': 10, 'F64ams_v6_US East_2': 10, 'F64as_v6_US East_3': 10, 'F8ams_v6_US East_1': 10, 'F8ams_v6_US East_3': 10, 'F8as_v6_US East_1': 10, 'F8as_v6_US East_2': 10, 'M12ds_v3_US East_1': 10, 'M12s_v3_US East_2': 10, 'M64s_v2_US East_2': 10}"
0.5700000000000001,283.7105000000001,412087360,1452492.4537512711,13430,12991,"{'D16ads_v6_US East_2': 10, 'D16ads_v6_US East_3': 10, 'D16als_v6_US East_2': 10, 'D16als_v6_US East_3': 10, 'D16as_v6_US East_1': 10, 'D16as_v6_US East_2': 10, 'D16pds_v5_US East_2': 10, 'D16ps_v5_US East_2': 10, 'D32ads_v6_US East_1': 10, 'D32ads_v6_US East_2': 10, 'D32als_v6_US East_1': 10, 'D32als_v6_US East_2': 10, 'D32as_v6_US East_1': 10, 'D32as_v6_US East_3': 10, 'D48ads_v6_US East_3': 10, 'D48als_v6_US East_2': 10, 'D48als_v6_US East_3': 10, 'D4as_v6_US East_1': 10, 'D4as_v6_US East_2': 10, 'D4as_v6_US East_3': 10, 'D64ads_v6_US East_2': 10, 'D64als_v6_US East_1': 10, 'D64as_v6_US East_3': 10, 'D8ads_v6_US East_1': 10, 'D8ads_v6_US East_3': 10, 'D8as_v6_US East_1': 10, 'D8as_v6_US East_2': 10, 'D8ps_v5_US East_1': 10, 'D8ps_v5_US East_2': 10, 'D8ps_v5_US East_3': 10, 'D96ads_v6_US East_1': 10, 'D96als_v6_US East_2': 10, 'D96as_v6_US East_3': 10, 'E16ads_v6_US East_2': 10, 'E16ads_v6_US East_3': 10, 'E16as_v6_US East_2': 10, 'E16as_v6_US East_3': 10, 'E20ads_v6_US East_2': 10, 'E20ads_v6_US East_3': 10, 'E20as_v6_US East_2': 10, 'E20as_v6_US East_3': 10, 'E2ads_v6_US East_1': 10, 'E2ads_v6_US East_2': 10, 'E2ads_v6_US East_3': 10, 'E2as_v6_US East_1': 10, 'E2as_v6_US East_2': 10, 'E2as_v6_US East_3': 10, 'E2ps_v5_US East_1': 10, 'E2ps_v5_US East_2': 10, 'E2ps_v5_US East_3': 10, 'E32ads_v6_US East_3': 10, 'E32as_v6_US East_2': 10, 'E48ads_v6_US East_2': 10, 'E48as_v6_US East_1': 10, 'E4ads_v6_US East_1': 10, 'E4ads_v6_US East_2': 10, 'E4as_v6_US East_1': 10, 'E4as_v6_US East_2': 10, 'E4ps_v5_US East_1': 10, 'E4ps_v5_US East_2': 10, 'E4ps_v5_US East_3': 10, 'E64ads_v6_US East_1': 10, 'E64as_v6_US East_2': 10, 'E8ads_v6_US East_2': 10, 'E8ads_v6_US East_3': 10, 'E8as_v6_US East_1': 10, 'E8as_v6_US East_3': 10, 'E8ps_v5_US East_3': 10, 'E96-48ads_v6_US East_3': 10, 'E96ads_v6_US East_1': 10, 'E96as_v6_US East_1': 10, 'F16ams_v6_US East_1': 10, 'F16ams_v6_US East_3': 10, 'F16as_v6_US East_2': 10, 'F16as_v6_US East_3': 10, 'F2ams_v6_US East_1': 10, 'F2ams_v6_US East_2': 10, 'F2ams_v6_US East_3': 10, 'F32ams_v6_US East_2': 10, 'F32as_v6_US East_3': 10, 'F48ams_v6_US East_2': 10, 'F48as_v6_US East_1': 10, 'F4ams_v6_US East_2': 10, 'F4ams_v6_US East_3': 10, 'F64ams_v6_US East_2': 10, 'F64as_v6_US East_3': 10, 'F8ams_v6_US East_1': 10, 'F8ams_v6_US East_3': 10, 'F8as_v6_US East_1': 10, 'F8as_v6_US East_2': 10, 'M12ds_v3_US East_1': 10, 'M12s_v3_US East_2': 10, 'M64s_v2_US East_2': 10}"
0.58,305.16245,427793933,1401856.398124999,13920,13481,"{'D16ads_v6_US East_2': 10, 'D16ads_v6_US East_3': 10, 'D16als_v6_US East_2': 10, 'D16als_v6_US East_3': 10, 'D16as_v6_US East_1': 10, 'D16as_v6_US East_2': 10, 'D16pds_v5_US East_2': 10, 'D16ps_v5_US East_2': 10, 'D32ads_v6_US East_1': 10, 'D32ads_v6_US East_2': 10, 'D32alds_v6_US East_1': 10, 'D32alds_v6_US East_3': 10, 'D32als_v6_US East_1': 10, 'D32als_v6_US East_2': 10, 'D32as_v6_US East_1': 10, 'D32as_v6_US East_3': 10, 'D48ads_v6_US East_3': 10, 'D48als_v6_US East_2': 10, 'D48als_v6_US East_3': 10, 'D4as_v6_US East_1': 10, 'D4as_v6_US East_2': 10, 'D4as_v6_US East_3': 10, 'D64ads_v6_US East_2': 10, 'D64alds_v6_US East_2': 10, 'D64als_v6_US East_1': 10, 'D64as_v6_US East_3': 10, 'D8ads_v6_US East_1': 10, 'D8ads_v6_US East_3': 10, 'D8as_v6_US East_1': 10, 'D8as_v6_US East_2': 10, 'D8ps_v5_US East_1': 10, 'D8ps_v5_US East_2': 10, 'D8ps_v5_US East_3': 10, 'D96ads_v6_US East_1': 10, 'D96alds_v6_US East_2': 10, 'D96als_v6_US East_2': 10, 'D96as_v6_US East_3': 10, 'E16ads_v6_US East_2': 10, 'E16ads_v6_US East_3': 10, 'E16as_v6_US East_2': 10, 'E16as_v6_US East_3': 10, 'E20ads_v6_US East_2': 10, 'E20ads_v6_US East_3': 10, 'E20as_v6_US East_2': 10, 'E20as_v6_US East_3': 10, 'E2ads_v6_US East_1': 10, 'E2ads_v6_US East_2': 10, 'E2ads_v6_US East_3': 10, 'E2as_v6_US East_1': 10, 'E2as_v6_US East_2': 10, 'E2as_v6_US East_3': 10, 'E2ps_v5_US East_1': 10, 'E2ps_v5_US East_2': 10, 'E2ps_v5_US East_3': 10, 'E32ads_v6_US East_3': 10, 'E32as_v6_US East_2': 10, 'E48ads_v6_US East_2': 10, 'E48as_v6_US East_1': 10, 'E4ads_v6_US East_1': 10, 'E4ads_v6_US East_2': 10, 'E4as_v6_US East_1': 10, 'E4as_v6_US East_2': 10, 'E4ps_v5_US East_1': 10, 'E4ps_v5_US East_2': 10, 'E4ps_v5_US East_3': 10, 'E64ads_v6_US East_1': 10, 'E64as_v6_US East_2': 10, 'E8ads_v6_US East_2': 10, 'E8ads_v6_US East_3': 10, 'E8as_v6_US East_1': 10, 'E8as_v6_US East_3': 10, 'E8ps_v5_US East_3': 10, 'E96-48ads_v6_US East_3': 10, 'E96ads_v6_US East_1': 10, 'E96as_v6_US East_1': 10, 'F16ams_v6_US East_1': 10, 'F16ams_v6_US East_3': 10, 'F16as_v6_US East_2': 10, 'F16as_v6_US East_3': 10, 'F2ams_v6_US East_1': 10, 'F2ams_v6_US East_2': 10, 'F2ams_v6_US East_3': 10, 'F32ams_v6_US East_2': 10, 'F32as_v6_US East_3': 10, 'F48ams_v6_US East_2': 10, 'F48as_v6_US East_1': 10, 'F4ams_v6_US East_2': 10, 'F4ams_v6_US East_3': 10, 'F64ams_v6_US East_2': 10, 'F64as_v6_US East_3': 10, 'F8ams_v6_US East_1': 10, 'F8ams_v6_US East_3': 10, 'F8as_v6_US East_1': 10, 'F8as_v6_US East_2': 10, 'M12ds_v3_US East_1': 10, 'M12s_v3_US East_2': 10, 'M64s_v2_US East_2': 10}"
0.59,327.06399,443331777,1355489.417529579,14890,14451,"{'D16ads_v6_US East_2': 10, 'D16ads_v6_US East_3': 10, 'D16als_v6_US East_2': 10, 'D16als_v6_US East_3': 10, 'D16as_v6_US East_1': 10, 'D16as_v6_US East_2': 10, 'D16pds_v5_US East_2': 10, 'D16ps_v5_US East_2': 10, 'D32ads_v6_US East_1': 10, 'D32ads_v6_US East_2': 10, 'D32alds_v6_US East_1': 10, 'D32alds_v6_US East_3': 10, 'D32als_v6_US East_1': 10, 'D32als_v6_US East_2': 10, 'D32as_v6_US East_1': 10, 'D32as_v6_US East_3': 10, 'D48ads_v6_US East_3': 10, 'D48alds_v6_US East_3': 10, 'D48als_v6_US East_2': 10, 'D48als_v6_US East_3': 10, 'D4ads_v6_US East_1': 10, 'D4ads_v6_US East_2': 10, 'D4ads_v6_US East_3': 10, 'D4as_v6_US East_1': 10, 'D4as_v6_US East_2': 10, 'D4as_v6_US East_3': 10, 'D64ads_v6_US East_2': 10, 'D64alds_v6_US East_2': 10, 'D64als_v6_US East_1': 10, 'D64as_v6_US East_3': 10, 'D8ads_v6_US East_1': 10, 'D8ads_v6_US East_3': 10, 'D8as_v6_US East_1': 10, 'D8as_v6_US East_2': 10, 'D8ps_v5_US East_1': 10, 'D8ps_v5_US East_2': 10, 'D8ps_v5_US East_3': 10, 'D96ads_v6_US East_1': 10, 'D96alds_v6_US East_2': 10, 'D96als_v6_US East_2': 10, 'D96as_v6_US East_3': 10, 'E16ads_v6_US East_2': 10, 'E16ads_v6_US East_3': 10, 'E16as_v6_US East_2': 10, 'E16as_v6_US East_3': 10, 'E20ads_v6_US East_2': 10, 'E20ads_v6_US East_3': 10, 'E20as_v6_US East_2': 10, 'E20as_v6_US East_3': 10, 'E2ads_v6_US East_1': 10, 'E2ads_v6_US East_2': 10, 'E2ads_v6_US East_3': 10, 'E2as_v6_US East_1': 10, 'E2as_v6_US East_2': 10, 'E2as_v6_US East_3': 10, 'E2ps_v5_US East_1': 10, 'E2ps_v5_US East_2': 10, 'E2ps_v5_US East_3': 10, 'E32ads_v6_US East_3': 10, 'E32as_v6_US East_2': 10, 'E48ads_v6_US East_2': 10, 'E48as_v6_US East_1': 10, 'E4ads_v6_US East_1': 10, 'E4ads_v6_US East_2': 10, 'E4as_v6_US East_1': 10, 'E4as_v6_US East_2': 10, 'E4ps_v5_US East_1': 10, 'E4ps_v5_US East_2': 10, 'E4ps_v5_US East_3': 10, 'E64ads_v6_US East_1': 10, 'E64as_v6_US East_2': 10, 'E8ads_v6_US East_2': 10, 'E8ads_v6_US East_3': 10, 'E8as_v6_US East_1': 10, 'E8as_v6_US East_3': 10, 'E8ps_v5_US East_3': 10, 'E96-48ads_v6_US East_3': 10, 'E96ads_v6_US East_1': 10, 'E96as_v6_US East_1': 10, 'F16ams_v6_US East_1': 10, 'F16ams_v6_US East_3': 10, 'F16as_v6_US East_2': 10, 'F16as_v6_US East_3': 10, 'F2ams_v6_US East_1': 10, 'F2ams_v6_US East_2': 10, 'F2ams_v6_US East_3': 10, 'F32ams_v6_US East_2': 10, 'F32as_v6_US East_3': 10, 'F48ams_v6_US East_2': 10, 'F48as_v6_US East_1': 10, 'F4ams_v6_US East_2': 10, 'F4ams_v6_US East_3': 10, 'F64ams_v6_US East_2': 10, 'F64as_v6_US East_3': 10, 'F8ams_v6_US East_1': 10, 'F8ams_v6_US East_3': 10, 'F8as_v6_US East_1': 10, 'F8as_v6_US East_2': 10, 'M12ds_v3_US East_1': 10, 'M12s_v3_US East_2': 10, 'M32ls_US East_1': 10, 'M32ls_US East_2': 10, 'M32ls_US East_3': 10, 'M64s_v2_US East_2': 10}"
0.6,329.92838,445291561,1349661.284973424,14990,14551,"{'D16ads_v6_US East_2': 10, 'D16ads_v6_US East_3': 10, 'D16als_v6_US East_2': 10, 'D16als_v6_US East_3': 10, 'D16as_v6_US East_1': 10, 'D16as_v6_US East_2': 10, 'D16pds_v5_US East_2': 10, 'D16ps_v5_US East_2': 10, 'D32ads_v6_US East_1': 10, 'D32ads_v6_US East_2': 10, 'D32alds_v6_US East_1': 10, 'D32alds_v6_US East_3': 10, 'D32als_v6_US East_1': 10, 'D32als_v6_US East_2': 10, 'D32as_v6_US East_1': 10, 'D32as_v6_US East_3': 10, 'D32pls_v5_US East_2': 10, 'D48ads_v6_US East_3': 10, 'D48alds_v6_US East_3': 10, 'D48als_v6_US East_2': 10, 'D48als_v6_US East_3': 10, 'D4ads_v6_US East_1': 10, 'D4ads_v6_US East_2': 10, 'D4ads_v6_US East_3': 10, 'D4as_v6_US East_1': 10, 'D4as_v6_US East_2': 10, 'D4as_v6_US East_3': 10, 'D4ps_v5_US East_1': 10, 'D4ps_v5_US East_2': 10, 'D4ps_v5_US East_3': 10, 'D64ads_v6_US East_2': 10, 'D64alds_v6_US East_2': 10, 'D64als_v6_US East_1': 10, 'D64as_v6_US East_3': 10, 'D8ads_v6_US East_1': 10, 'D8ads_v6_US East_3': 10, 'D8as_v6_US East_1': 10, 'D8as_v6_US East_2': 10, 'D8ps_v5_US East_1': 10, 'D8ps_v5_US East_2': 10, 'D8ps_v5_US East_3': 10, 'D96ads_v6_US East_1': 10, 'D96alds_v6_US East_2': 10, 'D96als_v6_US East_2': 10, 'D96as_v6_US East_3': 10, 'E16ads_v6_US East_2': 10, 'E16ads_v6_US East_3': 10, 'E16as_v6_US East_2': 10, 'E16as_v6_US East_3': 10, 'E20ads_v6_US East_2': 10, 'E20ads_v6_US East_3': 10, 'E20as_v6_US East_2': 10, 'E20as_v6_US East_3': 10, 'E2ads_v6_US East_1': 10, 'E2ads_v6_US East_2': 10, 'E2ads_v6_US East_3': 10, 'E2as_v6_US East_1': 10, 'E2as_v6_US East_2': 10, 'E2as_v6_US East_3': 10, 'E2ps_v5_US East_1': 10, 'E2ps_v5_US East_2': 10, 'E2ps_v5_US East_3': 10, 'E32ads_v6_US East_3': 10, 'E32as_v6_US East_2': 10, 'E48ads_v6_US East_2': 10, 'E48as_v6_US East_1': 10, 'E4ads_v6_US East_1': 10, 'E4ads_v6_US East_2': 10, 'E4as_v6_US East_1': 10, 'E4as_v6_US East_2': 10, 'E4ps_v5_US East_1': 10, 'E4ps_v5_US East_2': 10, 'E4ps_v5_US East_3': 10, 'E64ads_v6_US East_1': 10, 'E64as_v6_US East_2': 10, 'E8ads_v6_US East_2': 10, 'E8ads_v6_US East_3': 10, 'E8as_v6_US East_1': 10, 'E8as_v6_US East_3': 10, 'E8ps_v5_US East_3': 10, 'E96-48ads_v6_US East_3': 10, 'E96ads_v6_US East_1': 10, 'E96as_v6_US East_1': 10, 'F16ams_v6_US East_1': 10, 'F16ams_v6_US East_3': 10, 'F16as_v6_US East_2': 10, 'F16as_v6_US East_3': 10, 'F2ams_v6_US East_1': 10, 'F2ams_v6_US East_2': 10, 'F2ams_v6_US East_3': 10, 'F32ams_v6_US East_2': 10, 'F32as_v6_US East_3': 10, 'F48ams_v6_US East_2': 10, 'F48as_v6_US East_1': 10, 'F4ams_v6_US East_2': 10, 'F4ams_v6_US East_3': 10, 'F64ams_v6_US East_2': 10, 'F64as_v6_US East_3': 10, 'F8ams_v6_US East_1': 10, 'F8ams_v6_US East_3': 10, 'F8as_v6_US East_1': 10, 'F8as_v6_US East_2': 10, 'M12ds_v3_US East_1': 10, 'M12s_v3_US East_2': 10, 'M32ls_US East_1': 10, 'M32ls_US East_2': 10, 'M32ls_US East_3': 10, 'M64s_v2_US East_2': 10}"
0.61,332.51189000000005,446959473,1344190.9511867382,15080,14641,"{'D16ads_v6_US East_2': 10, 'D16ads_v6_US East_3': 10, 'D16als_v6_US East_2': 10, 'D16als_v6_US East_3': 10, 'D16as_v6_US East_1': 10, 'D16as_v6_US East_2': 10, 'D16pds_v5_US East_2': 10, 'D16ps_v5_US East_2': 10, 'D32ads_v6_US East_1': 10, 'D32ads_v6_US East_2': 10, 'D32alds_v6_US East_1': 10, 'D32alds_v6_US East_3': 10, 'D32als_v6_US East_1': 10, 'D32als_v6_US East_2': 10, 'D32as_v6_US East_1': 10, 'D32as_v6_US East_3': 10, 'D32pls_v5_US East_2': 10, 'D48ads_v6_US East_3': 10, 'D48alds_v6_US East_3': 10, 'D48als_v6_US East_2': 10, 'D48als_v6_US East_3': 10, 'D4ads_v6_US East_1': 10, 'D4ads_v6_US East_2': 10, 'D4ads_v6_US East_3': 10, 'D4as_v6_US East_1': 10, 'D4as_v6_US East_2': 10, 'D4as_v6_US East_3': 10, 'D4ps_v5_US East_1': 10, 'D4ps_v5_US East_2': 10, 'D4ps_v5_US East_3': 10, 'D64ads_v6_US East_2': 10, 'D64alds_v6_US East_2': 10, 'D64als_v6_US East_1': 10, 'D64as_v6_US East_3': 10, 'D8ads_v6_US East_1': 10, 'D8ads_v6_US East_3': 10, 'D8as_v6_US East_1': 10, 'D8as_v6_US East_2': 10, 'D8ps_v5_US East_1': 10, 'D8ps_v5_US East_2': 10, 'D8ps_v5_US East_3': 10, 'D96ads_v6_US East_1': 10, 'D96alds_v6_US East_2': 10, 'D96als_v6_US East_2': 10, 'D96as_v6_US East_3': 10, 'E16ads_v6_US East_2': 10, 'E16ads_v6_US East_3': 10, 'E16as_v6_US East_2': 10, 'E16as_v6_US East_3': 10, 'E20ads_v6_US East_2': 10, 'E20ads_v6_US East_3': 10, 'E20as_v6_US East_2': 10, 'E20as_v6_US East_3': 10, 'E2ads_v6_US East_1': 10, 'E2ads_v6_US East_2': 10, 'E2ads_v6_US East_3': 10, 'E2as_v6_US East_1': 10, 'E2as_v6_US East_2': 10, 'E2as_v6_US East_3': 10, 'E2ps_v5_US East_1': 10, 'E2ps_v5_US East_2': 10, 'E2ps_v5_US East_3': 10, 'E32ads_v6_US East_3': 10, 'E32as_v6_US East_2': 10, 'E48ads_v6_US East_2': 10, 'E48as_v6_US East_1': 10, 'E4ads_v6_US East_1': 10, 'E4ads_v6_US East_2': 10, 'E4as_v6_US East_1': 10, 'E4as_v6_US East_2': 10, 'E4ps_v5_US East_1': 10, 'E4ps_v5_US East_2': 10, 'E4ps_v5_US East_3': 10, 'E64ads_v6_US East_1': 10, 'E64as_v6_US East_2': 10, 'E8ads_v6_US East_2': 10, 'E8ads_v6_US East_3': 10, 'E8as_v6_US East_1': 10, 'E8as_v6_US East_3': 10, 'E8ps_v5_US East_3': 10, 'E96-48ads_v6_US East_3': 10, 'E96ads_v6_US East_1': 10, 'E96as_v6_US East_1': 10, 'F16ams_v6_US East_1': 10, 'F16ams_v6_US East_3': 10, 'F16as_v6_US East_2': 10, 'F16as_v6_US East_3': 10, 'F2ams_v6_US East_1': 10, 'F2ams_v6_US East_2': 10, 'F2ams_v6_US East_3': 10, 'F32ams_v6_US East_2': 10, 'F32as_v6_US East_3': 10, 'F48ams_v6_US East_2': 10, 'F48as_v6_US East_1': 10, 'F4ams_v6_US East_2': 10, 'F4ams_v6_US East_3': 10, 'F64ams_v6_US East_2': 10, 'F64as_v6_US East_3': 10, 'F8ams_v6_US East_1': 10, 'F8ams_v6_US East_3': 10, 'F8as_v6_US East_1': 10, 'F8as_v6_US East_2': 10, 'M12ds_v3_US East_1': 10, 'M12s_v3_US East_2': 10, 'M32ls_US East_1': 10, 'M32ls_US East_2': 10, 'M32ls_US East_3': 10, 'M64s_v2_US East_2': 10, 'NV8as_v4_US East_1': 10, 'NV8as_v4_US East_2': 10, 'NV8as_v4_US East_3': 10}"
0.62,335.57817000000006,448882727,1337639.833663793,15140,14701,"{'D16ads_v6_US East_2': 10, 'D16ads_v6_US East_3': 10, 'D16alds_v6_US East_2': 10, 'D16alds_v6_US East_3': 10, 'D16als_v6_US East_2': 10, 'D16als_v6_US East_3': 10, 'D16as_v6_US East_1': 10, 'D16as_v6_US East_2': 10, 'D16pds_v5_US East_2': 10, 'D16ps_v5_US East_2': 10, 'D32ads_v6_US East_1': 10, 'D32ads_v6_US East_2': 10, 'D32alds_v6_US East_1': 10, 'D32alds_v6_US East_3': 10, 'D32als_v6_US East_1': 10, 'D32als_v6_US East_2': 10, 'D32as_v6_US East_1': 10, 'D32as_v6_US East_3': 10, 'D32pls_v5_US East_2': 10, 'D48ads_v6_US East_3': 10, 'D48alds_v6_US East_3': 10, 'D48als_v6_US East_2': 10, 'D48als_v6_US East_3': 10, 'D4ads_v6_US East_1': 10, 'D4ads_v6_US East_2': 10, 'D4ads_v6_US East_3': 10, 'D4as_v6_US East_1': 10, 'D4as_v6_US East_2': 10, 'D4as_v6_US East_3': 10, 'D4ps_v5_US East_1': 10, 'D4ps_v5_US East_2': 10, 'D4ps_v5_US East_3': 10, 'D64ads_v6_US East_2': 10, 'D64alds_v6_US East_2': 10, 'D64als_v6_US East_1': 10, 'D64as_v6_US East_3': 10, 'D8ads_v6_US East_1': 10, 'D8ads_v6_US East_3': 10, 'D8as_v6_US East_1': 10, 'D8as_v6_US East_2': 10, 'D8ps_v5_US East_1': 10, 'D8ps_v5_US East_2': 10, 'D8ps_v5_US East_3': 10, 'D96ads_v6_US East_1': 10, 'D96alds_v6_US East_2': 10, 'D96als_v6_US East_2': 10, 'D96as_v6_US East_3': 10, 'E16ads_v6_US East_2': 10, 'E16ads_v6_US East_3': 10, 'E16as_v6_US East_2': 10, 'E16as_v6_US East_3': 10, 'E20ads_v6_US East_2': 10, 'E20ads_v6_US East_3': 10, 'E20as_v6_US East_2': 10, 'E20as_v6_US East_3': 10, 'E2ads_v6_US East_1': 10, 'E2ads_v6_US East_2': 10, 'E2ads_v6_US East_3': 10, 'E2as_v6_US East_1': 10, 'E2as_v6_US East_2': 10, 'E2as_v6_US East_3': 10, 'E2ps_v5_US East_1': 10, 'E2ps_v5_US East_2': 10, 'E2ps_v5_US East_3': 10, 'E32ads_v6_US East_3': 10, 'E32as_v6_US East_2': 10, 'E48ads_v6_US East_2': 10, 'E48as_v6_US East_1': 10, 'E4ads_v6_US East_1': 10, 'E4ads_v6_US East_2': 10, 'E4as_v6_US East_1': 10, 'E4as_v6_US East_2': 10, 'E4ps_v5_US East_1': 10, 'E4ps_v5_US East_2': 10, 'E4ps_v5_US East_3': 10, 'E64ads_v6_US East_1': 10, 'E64as_v6_US East_2': 10, 'E8ads_v6_US East_2': 10, 'E8ads_v6_US East_3': 10, 'E8as_v6_US East_1': 10, 'E8as_v6_US East_3': 10, 'E8ps_v5_US East_3': 10, 'E96-48ads_v6_US East_3': 10, 'E96ads_v6_US East_1': 10, 'E96as_v6_US East_1': 10, 'F16ams_v6_US East_1': 10, 'F16ams_v6_US East_3': 10, 'F16as_v6_US East_2': 10, 'F16as_v6_US East_3': 10, 'F2ams_v6_US East_1': 10, 'F2ams_v6_US East_2': 10, 'F2ams_v6_US East_3': 10, 'F32ams_v6_US East_2': 10, 'F32as_v6_US East_3': 10, 'F48ams_v6_US East_2': 10, 'F48as_v6_US East_1': 10, 'F4ams_v6_US East_2': 10, 'F4ams_v6_US East_3': 10, 'F64ams_v6_US East_2': 10, 'F64as_v6_US East_3': 10, 'F8ams_v6_US East_1': 10, 'F8ams_v6_US East_3': 10, 'F8as_v6_US East_1': 10, 'F8as_v6_US East_2': 10, 'M12ds_v3_US East_1': 10, 'M12s_v3_US East_2': 10, 'M32ls_US East_1': 10, 'M32ls_US East_2': 10, 'M32ls_US East_3': 10, 'M64s_v2_US East_2': 10, 'NV8as_v4_US East_1': 10, 'NV8as_v4_US East_2': 10, 'NV8as_v4_US East_3': 10}"
0.63,340.8634500000001,452018381,1326098.1249236315,15300,14861,"{'D16ads_v6_US East_2': 10, 'D16ads_v6_US East_3': 10, 'D16alds_v6_US East_2': 10, 'D16alds_v6_US East_3': 10, 'D16als_v6_US East_2': 10, 'D16als_v6_US East_3': 10, 'D16as_v6_US East_1': 10, 'D16as_v6_US East_2': 10, 'D16pds_v5_US East_2': 10, 'D16pls_v5_US East_1': 10, 'D16pls_v5_US East_3': 10, 'D16ps_v5_US East_2': 10, 'D32ads_v6_US East_1': 10, 'D32ads_v6_US East_2': 10, 'D32alds_v6_US East_1': 10, 'D32alds_v6_US East_3': 10, 'D32als_v6_US East_1': 10, 'D32als_v6_US East_2': 10, 'D32as_v6_US East_1': 10, 'D32as_v6_US East_3': 10, 'D32plds_v5_US East_2': 10, 'D32pls_v5_US East_2': 10, 'D48ads_v6_US East_3': 10, 'D48alds_v6_US East_3': 10, 'D48als_v6_US East_2': 10, 'D48als_v6_US East_3': 10, 'D4ads_v6_US East_1': 10, 'D4ads_v6_US East_2': 10, 'D4ads_v6_US East_3': 10, 'D4as_v6_US East_1': 10, 'D4as_v6_US East_2': 10, 'D4as_v6_US East_3': 10, 'D4pds_v5_US East_1': 10, 'D4pds_v5_US East_2': 10, 'D4pds_v5_US East_3': 10, 'D4ps_v5_US East_1': 10, 'D4ps_v5_US East_2': 10, 'D4ps_v5_US East_3': 10, 'D64ads_v6_US East_2': 10, 'D64alds_v6_US East_2': 10, 'D64als_v6_US East_1': 10, 'D64as_v6_US East_3': 10, 'D8ads_v6_US East_1': 10, 'D8ads_v6_US East_3': 10, 'D8as_v6_US East_1': 10, 'D8as_v6_US East_2': 10, 'D8ps_v5_US East_1': 10, 'D8ps_v5_US East_2': 10, 'D8ps_v5_US East_3': 10, 'D96ads_v6_US East_1': 10, 'D96alds_v6_US East_2': 10, 'D96als_v6_US East_2': 10, 'D96as_v6_US East_3': 10, 'E16ads_v6_US East_2': 10, 'E16ads_v6_US East_3': 10, 'E16as_v6_US East_2': 10, 'E16as_v6_US East_3': 10, 'E20ads_v6_US East_2': 10, 'E20ads_v6_US East_3': 10, 'E20as_v6_US East_2': 10, 'E20as_v6_US East_3': 10, 'E2ads_v6_US East_1': 10, 'E2ads_v6_US East_2': 10, 'E2ads_v6_US East_3': 10, 'E2as_v6_US East_1': 10, 'E2as_v6_US East_2': 10, 'E2as_v6_US East_3': 10, 'E2ps_v5_US East_1': 10, 'E2ps_v5_US East_2': 10, 'E2ps_v5_US East_3': 10, 'E32ads_v6_US East_3': 10, 'E32as_v6_US East_2': 10, 'E48ads_v6_US East_2': 10, 'E48as_v6_US East_1': 10, 'E4ads_v6_US East_1': 10, 'E4ads_v6_US East_2': 10, 'E4as_v6_US East_1': 10, 'E4as_v6_US East_2': 10, 'E4ps_v5_US East_1': 10, 'E4ps_v5_US East_2': 10, 'E4ps_v5_US East_3': 10, 'E64ads_v6_US East_1': 10, 'E64as_v6_US East_2': 10, 'E8ads_v6_US East_2': 10, 'E8ads_v6_US East_3': 10, 'E8as_v6_US East_1': 10, 'E8as_v6_US East_3': 10, 'E8ps_v5_US East_3': 10, 'E96-48ads_v6_US East_3': 10, 'E96ads_v6_US East_1': 10, 'E96as_v6_US East_1': 10, 'F16ams_v6_US East_1': 10, 'F16ams_v6_US East_3': 10, 'F16as_v6_US East_2': 10, 'F16as_v6_US East_3': 10, 'F2ams_v6_US East_1': 10, 'F2ams_v6_US East_2': 10, 'F2ams_v6_US East_3': 10, 'F32ams_v6_US East_2': 10, 'F32as_v6_US East_3': 10, 'F48ams_v6_US East_2': 10, 'F48as_v6_US East_1': 10, 'F4ams_v6_US East_2': 10, 'F4ams_v6_US East_3': 10, 'F64ams_v6_US East_2': 10, 'F64as_v6_US East_3': 10, 'F8ams_v6_US East_1': 10, 'F8ams_v6_US East_3': 10, 'F8as_v6_US East_1': 10, 'F8as_v6_US East_2': 10, 'M12ds_v3_US East_1': 10, 'M12s_v3_US East_2': 10, 'M32ls_US East_1': 10, 'M32ls_US East_2': 10, 'M32ls_US East_3': 10, 'M64s_v2_US East_2': 10, 'NV8as_v4_US East_1': 10, 'NV8as_v4_US East_2': 10, 'NV8as_v4_US East_3': 10}"
0.64,369.5322700000001,468290913,1267253.0967322558,16170,15731,"{'D16ads_v6_US East_2': 10, 'D16ads_v6_US East_3': 10, 'D16alds_v6_US East_2': 10, 'D16alds_v6_US East_3': 10, 'D16als_v6_US East_2': 10, 'D16als_v6_US East_3': 10, 'D16as_v6_US East_1': 10, 'D16as_v6_US East_2': 10, 'D16pds_v5_US East_2': 10, 'D16pls_v5_US East_1': 10, 'D16pls_v5_US East_3': 10, 'D16ps_v5_US East_2': 10, 'D32ads_v6_US East_1': 10, 'D32ads_v6_US East_2': 10, 'D32alds_v6_US East_1': 10, 'D32alds_v6_US East_3': 10, 'D32als_v6_US East_1': 10, 'D32als_v6_US East_2': 10, 'D32as_v6_US East_1': 10, 'D32as_v6_US East_3': 10, 'D32plds_v5_US East_2': 10, 'D32pls_v5_US East_2': 10, 'D48ads_v6_US East_3': 10, 'D48alds_v6_US East_3': 10, 'D48als_v6_US East_2': 10, 'D48als_v6_US East_3': 10, 'D4ads_v6_US East_1': 10, 'D4ads_v6_US East_2': 10, 'D4ads_v6_US East_3': 10, 'D4as_v6_US East_1': 10, 'D4as_v6_US East_2': 10, 'D4as_v6_US East_3': 10, 'D4pds_v5_US East_1': 10, 'D4pds_v5_US East_2': 10, 'D4pds_v5_US East_3': 10, 'D4ps_v5_US East_1': 10, 'D4ps_v5_US East_2': 10, 'D4ps_v5_US East_3': 10, 'D64ads_v6_US East_2': 10, 'D64alds_v6_US East_2': 10, 'D64als_v6_US East_1': 10, 'D64as_v6_US East_3': 10, 'D8ads_v6_US East_1': 10, 'D8ads_v6_US East_3': 10, 'D8as_v6_US East_1': 10, 'D8as_v6_US East_2': 10, 'D8ps_v5_US East_1': 10, 'D8ps_v5_US East_2': 10, 'D8ps_v5_US East_3': 10, 'D96ads_v6_US East_1': 10, 'D96alds_v6_US East_2': 10, 'D96als_v6_US East_2': 10, 'D96as_v6_US East_3': 10, 'E16ads_v6_US East_2': 10, 'E16ads_v6_US East_3': 10, 'E16as_v6_US East_2': 10, 'E16as_v6_US East_3': 10, 'E20ads_v6_US East_2': 10, 'E20ads_v6_US East_3': 10, 'E20as_v6_US East_2': 10, 'E20as_v6_US East_3': 10, 'E2ads_v6_US East_1': 10, 'E2ads_v6_US East_2': 10, 'E2ads_v6_US East_3': 10, 'E2as_v6_US East_1': 10, 'E2as_v6_US East_2': 10, 'E2as_v6_US East_3': 10, 'E2ps_v5_US East_1': 10, 'E2ps_v5_US East_2': 10, 'E2ps_v5_US East_3': 10, 'E32ads_v6_US East_3': 10, 'E32as_v6_US East_2': 10, 'E48ads_v6_US East_2': 10, 'E48as_v6_US East_1': 10, 'E4ads_v6_US East_1': 10, 'E4ads_v6_US East_2': 10, 'E4as_v6_US East_1': 10, 'E4as_v6_US East_2': 10, 'E4ps_v5_US East_1': 10, 'E4ps_v5_US East_2': 10, 'E4ps_v5_US East_3': 10, 'E64ads_v6_US East_1': 10, 'E64as_v6_US East_2': 10, 'E8ads_v6_US East_2': 10, 'E8ads_v6_US East_3': 10, 'E8as_v6_US East_1': 10, 'E8as_v6_US East_3': 10, 'E8ps_v5_US East_3': 10, 'E96-24ads_v6_US East_3': 10, 'E96-48ads_v6_US East_3': 10, 'E96ads_v6_US East_1': 10, 'E96as_v6_US East_1': 10, 'F16ams_v6_US East_1': 10, 'F16ams_v6_US East_3': 10, 'F16as_v6_US East_2': 10, 'F16as_v6_US East_3': 10, 'F2ams_v6_US East_1': 10, 'F2ams_v6_US East_2': 10, 'F2ams_v6_US East_3': 10, 'F32ams_v6_US East_2': 10, 'F32as_v6_US East_3': 10, 'F48ams_v6_US East_2': 10, 'F48as_v6_US East_1': 10, 'F4ams_v6_US East_2': 10, 'F4ams_v6_US East_3': 10, 'F64ams_v6_US East_2': 10, 'F64as_v6_US East_3': 10, 'F8ams_v6_US East_1': 10, 'F8ams_v6_US East_3': 10, 'F8as_v6_US East_1': 10, 'F8as_v6_US East_2': 10, 'M12ds_v3_US East_1': 10, 'M12s_v3_US East_2': 10, 'M32ls_US East_1': 10, 'M32ls_US East_2': 10, 'M32ls_US East_3': 10, 'M32ts_US East_1': 10, 'M32ts_US East_2': 10, 'M32ts_US East_3': 10, 'M64s_v2_US East_2': 10, 'NV8as_v4_US East_1': 10, 'NV8as_v4_US East_2': 10, 'NV8as_v4_US East_3': 10}"
0.65,383.0917000000001,475663386,1241643.6753915579,16400,15961,"{'D16ads_v6_US East_2': 10, 'D16ads_v6_US East_3': 10, 'D16alds_v6_US East_2': 10, 'D16alds_v6_US East_3': 10, 'D16als_v6_US East_2': 10, 'D16als_v6_US East_3': 10, 'D16as_v6_US East_1': 10, 'D16as_v6_US East_2': 10, 'D16pds_v5_US East_2': 10, 'D16pls_v5_US East_1': 10, 'D16pls_v5_US East_3': 10, 'D16ps_v5_US East_2': 10, 'D32ads_v6_US East_1': 10, 'D32ads_v6_US East_2': 10, 'D32alds_v6_US East_1': 10, 'D32alds_v6_US East_3': 10, 'D32als_v6_US East_1': 10, 'D32als_v6_US East_2': 10, 'D32as_v6_US East_1': 10, 'D32as_v6_US East_3': 10, 'D32plds_v5_US East_2': 10, 'D32pls_v5_US East_2': 10, 'D48ads_v6_US East_3': 10, 'D48alds_v6_US East_3': 10, 'D48als_v6_US East_2': 10, 'D48als_v6_US East_3': 10, 'D4ads_v6_US East_1': 10, 'D4ads_v6_US East_2': 10, 'D4ads_v6_US East_3': 10, 'D4as_v6_US East_1': 10, 'D4as_v6_US East_2': 10, 'D4as_v6_US East_3': 10, 'D4pds_v5_US East_1': 10, 'D4pds_v5_US East_2': 10, 'D4pds_v5_US East_3': 10, 'D4ps_v5_US East_1': 10, 'D4ps_v5_US East_2': 10, 'D4ps_v5_US East_3': 10, 'D64ads_v6_US East_2': 10, 'D64alds_v6_US East_2': 10, 'D64als_v6_US East_1': 10, 'D64as_v6_US East_3': 10, 'D8ads_v6_US East_1': 10, 'D8ads_v6_US East_3': 10, 'D8as_v6_US East_1': 10, 'D8as_v6_US East_2': 10, 'D8ps_v5_US East_1': 10, 'D8ps_v5_US East_2': 10, 'D8ps_v5_US East_3': 10, 'D96ads_v6_US East_1': 10, 'D96alds_v6_US East_2': 10, 'D96als_v6_US East_2': 10, 'D96as_v6_US East_3': 10, 'E16ads_v6_US East_2': 10, 'E16ads_v6_US East_3': 10, 'E16as_v6_US East_2': 10, 'E16as_v6_US East_3': 10, 'E20ads_v6_US East_2': 10, 'E20ads_v6_US East_3': 10, 'E20as_v6_US East_2': 10, 'E20as_v6_US East_3': 10, 'E2ads_v6_US East_1': 10, 'E2ads_v6_US East_2': 10, 'E2ads_v6_US East_3': 10, 'E2as_v6_US East_1': 10, 'E2as_v6_US East_2': 10, 'E2as_v6_US East_3': 10, 'E2ps_v5_US East_1': 10, 'E2ps_v5_US East_2': 10, 'E2ps_v5_US East_3': 10, 'E32ads_v6_US East_3': 10, 'E32as_v6_US East_2': 10, 'E48ads_v6_US East_2': 10, 'E48as_v6_US East_1': 10, 'E4ads_v6_US East_1': 10, 'E4ads_v6_US East_2': 10, 'E4as_v6_US East_1': 10, 'E4as_v6_US East_2': 10, 'E4ps_v5_US East_1': 10, 'E4ps_v5_US East_2': 10, 'E4ps_v5_US East_3': 10, 'E64ads_v6_US East_1': 10, 'E64as_v6_US East_2': 10, 'E8ads_v6_US East_2': 10, 'E8ads_v6_US East_3': 10, 'E8as_v6_US East_1': 10, 'E8as_v6_US East_3': 10, 'E8ps_v5_US East_3': 10, 'E96-24ads_v6_US East_3': 10, 'E96-48ads_v6_US East_3': 10, 'E96ads_v6_US East_1': 10, 'E96as_v6_US East_1': 10, 'F16ams_v6_US East_1': 10, 'F16ams_v6_US East_3': 10, 'F16as_v6_US East_2': 10, 'F16as_v6_US East_3': 10, 'F2ams_v6_US East_1': 10, 'F2ams_v6_US East_2': 10, 'F2ams_v6_US East_3': 10, 'F32als_v6_US East_2': 10, 'F32ams_v6_US East_2': 10, 'F32as_v6_US East_3': 10, 'F48ams_v6_US East_2': 10, 'F48as_v6_US East_1': 10, 'F4ams_v6_US East_2': 10, 'F4ams_v6_US East_3': 10, 'F4as_v6_US East_1': 10, 'F4as_v6_US East_2': 10, 'F64als_v6_US East_1': 10, 'F64ams_v6_US East_2': 10, 'F64as_v6_US East_3': 10, 'F8ams_v6_US East_1': 10, 'F8ams_v6_US East_3': 10, 'F8as_v6_US East_1': 10, 'F8as_v6_US East_2': 10, 'M12ds_v3_US East_1': 10, 'M12s_v3_US East_2': 10, 'M32ls_US East_1': 10, 'M32ls_US East_2': 10, 'M32ls_US East_3': 10, 'M32ts_US East_1': 10, 'M32ts_US East_2': 10, 'M32ts_US East_3': 10, 'M64s_v2_US East_2': 10, 'NV8as_v4_US East_1': 10, 'NV8as_v4_US East_2': 10, 'NV8as_v4_US East_3': 10}"
0.66,391.55818000000005,480044679,1225985.573331657,16560,16121,"{'D16ads_v6_US East_2': 10, 'D16ads_v6_US East_3': 10, 'D16alds_v6_US East_2': 10, 'D16alds_v6_US East_3': 10, 'D16als_v6_US East_2': 10, 'D16als_v6_US East_3': 10, 'D16as_v6_US East_1': 10, 'D16as_v6_US East_2': 10, 'D16pds_v5_US East_2': 10, 'D16plds_v5_US East_1': 10, 'D16plds_v5_US East_3': 10, 'D16pls_v5_US East_1': 10, 'D16pls_v5_US East_3': 10, 'D16ps_v5_US East_2': 10, 'D32ads_v6_US East_1': 10, 'D32ads_v6_US East_2': 10, 'D32alds_v6_US East_1': 10, 'D32alds_v6_US East_3': 10, 'D32als_v6_US East_1': 10, 'D32als_v6_US East_2': 10, 'D32as_v6_US East_1': 10, 'D32as_v6_US East_3': 10, 'D32plds_v5_US East_2': 10, 'D32pls_v5_US East_2': 10, 'D48ads_v6_US East_3': 10, 'D48alds_v6_US East_3': 10, 'D48als_v6_US East_2': 10, 'D48als_v6_US East_3': 10, 'D4ads_v6_US East_1': 10, 'D4ads_v6_US East_2': 10, 'D4ads_v6_US East_3': 10, 'D4as_v6_US East_1': 10, 'D4as_v6_US East_2': 10, 'D4as_v6_US East_3': 10, 'D4pds_v5_US East_1': 10, 'D4pds_v5_US East_2': 10, 'D4pds_v5_US East_3': 10, 'D4ps_v5_US East_1': 10, 'D4ps_v5_US East_2': 10, 'D4ps_v5_US East_3': 10, 'D64ads_v6_US East_2': 10, 'D64alds_v6_US East_2': 10, 'D64als_v6_US East_1': 10, 'D64as_v6_US East_3': 10, 'D8ads_v6_US East_1': 10, 'D8ads_v6_US East_3': 10, 'D8as_v6_US East_1': 10, 'D8as_v6_US East_2': 10, 'D8ps_v5_US East_1': 10, 'D8ps_v5_US East_2': 10, 'D8ps_v5_US East_3': 10, 'D96ads_v6_US East_1': 10, 'D96alds_v6_US East_2': 10, 'D96als_v6_US East_2': 10, 'D96as_v6_US East_3': 10, 'E16ads_v6_US East_2': 10, 'E16ads_v6_US East_3': 10, 'E16as_v6_US East_2': 10, 'E16as_v6_US East_3': 10, 'E20ads_v6_US East_2': 10, 'E20ads_v6_US East_3': 10, 'E20as_v6_US East_2': 10, 'E20as_v6_US East_3': 10, 'E2ads_v6_US East_1': 10, 'E2ads_v6_US East_2': 10, 'E2ads_v6_US East_3': 10, 'E2as_v6_US East_1': 10, 'E2as_v6_US East_2': 10, 'E2as_v6_US East_3': 10, 'E2ps_v5_US East_1': 10, 'E2ps_v5_US East_2': 10, 'E2ps_v5_US East_3': 10, 'E32ads_v6_US East_3': 10, 'E32as_v6_US East_2': 10, 'E48ads_v6_US East_2': 10, 'E48as_v6_US East_1': 10, 'E4ads_v6_US East_1': 10, 'E4ads_v6_US East_2': 10, 'E4as_v6_US East_1': 10, 'E4as_v6_US East_2': 10, 'E4ps_v5_US East_1': 10, 'E4ps_v5_US East_2': 10, 'E4ps_v5_US East_3': 10, 'E64ads_v6_US East_1': 10, 'E64as_v6_US East_2': 10, 'E8ads_v6_US East_2': 10, 'E8ads_v6_US East_3': 10, 'E8as_v6_US East_1': 10, 'E8as_v6_US East_3': 10, 'E8ps_v5_US East_3': 10, 'E96-24ads_v6_US East_3': 10, 'E96-48ads_v6_US East_3': 10, 'E96ads_v6_US East_1': 10, 'E96as_v6_US East_1': 10, 'F16ams_v6_US East_1': 10, 'F16ams_v6_US East_3': 10, 'F16as_v6_US East_2': 10, 'F16as_v6_US East_3': 10, 'F2ams_v6_US East_1': 10, 'F2ams_v6_US East_2': 10, 'F2ams_v6_US East_3': 10, 'F32als_v6_US East_2': 10, 'F32ams_v6_US East_2': 10, 'F32as_v6_US East_3': 10, 'F48als_v6_US East_3': 10, 'F48ams_v6_US East_2': 10, 'F48as_v6_US East_1': 10, 'F4ams_v6_US East_2': 10, 'F4ams_v6_US East_3': 10, 'F4as_v6_US East_1': 10, 'F4as_v6_US East_2': 10, 'F64als_v6_US East_1': 10, 'F64ams_v6_US East_2': 10, 'F64as_v6_US East_3': 10, 'F8ams_v6_US East_1': 10, 'F8ams_v6_US East_3': 10, 'F8as_v6_US East_1': 10, 'F8as_v6_US East_2': 10, 'M12ds_v3_US East_1': 10, 'M12s_v3_US East_2': 10, 'M32ls_US East_1': 10, 'M32ls_US East_2': 10, 'M32ls_US East_3': 10, 'M32ts_US East_1': 10, 'M32ts_US East_2': 10, 'M32ts_US East_3': 10, 'M64s_v2_US East_2': 10, 'NV8as_v4_US East_1': 10, 'NV8as_v4_US East_2': 10, 'NV8as_v4_US East_3': 10}"
0.67,392.82042,480685764,1223678.1489108948,16580,16141,"{'D16ads_v6_US East_2': 10, 'D16ads_v6_US East_3': 10, 'D16alds_v6_US East_2': 10, 'D16alds_v6_US East_3': 10, 'D16als_v6_US East_2': 10, 'D16als_v6_US East_3': 10, 'D16as_v6_US East_1': 10, 'D16as_v6_US East_2': 10, 'D16pds_v5_US East_2': 10, 'D16plds_v5_US East_1': 10, 'D16plds_v5_US East_3': 10, 'D16pls_v5_US East_1': 10, 'D16pls_v5_US East_3': 10, 'D16ps_v5_US East_2': 10, 'D32ads_v6_US East_1': 10, 'D32ads_v6_US East_2': 10, 'D32alds_v6_US East_1': 10, 'D32alds_v6_US East_3': 10, 'D32als_v6_US East_1': 10, 'D32als_v6_US East_2': 10, 'D32as_v6_US East_1': 10, 'D32as_v6_US East_3': 10, 'D32plds_v5_US East_2': 10, 'D32pls_v5_US East_2': 10, 'D48ads_v6_US East_3': 10, 'D48alds_v6_US East_3': 10, 'D48als_v6_US East_2': 10, 'D48als_v6_US East_3': 10, 'D4ads_v6_US East_1': 10, 'D4ads_v6_US East_2': 10, 'D4ads_v6_US East_3': 10, 'D4as_v6_US East_1': 10, 'D4as_v6_US East_2': 10, 'D4as_v6_US East_3': 10, 'D4pds_v5_US East_1': 10, 'D4pds_v5_US East_2': 10, 'D4pds_v5_US East_3': 10, 'D4ps_v5_US East_1': 10, 'D4ps_v5_US East_2': 10, 'D4ps_v5_US East_3': 10, 'D64ads_v6_US East_2': 10, 'D64alds_v6_US East_2': 10, 'D64als_v6_US East_1': 10, 'D64as_v6_US East_3': 10, 'D8ads_v6_US East_1': 10, 'D8ads_v6_US East_3': 10, 'D8als_v6_US East_2': 10, 'D8als_v6_US East_3': 10, 'D8as_v6_US East_1': 10, 'D8as_v6_US East_2': 10, 'D8ps_v5_US East_1': 10, 'D8ps_v5_US East_2': 10, 'D8ps_v5_US East_3': 10, 'D96ads_v6_US East_1': 10, 'D96alds_v6_US East_2': 10, 'D96als_v6_US East_2': 10, 'D96as_v6_US East_3': 10, 'E16ads_v6_US East_2': 10, 'E16ads_v6_US East_3': 10, 'E16as_v6_US East_2': 10, 'E16as_v6_US East_3': 10, 'E20ads_v6_US East_2': 10, 'E20ads_v6_US East_3': 10, 'E20as_v6_US East_2': 10, 'E20as_v6_US East_3': 10, 'E2ads_v6_US East_1': 10, 'E2ads_v6_US East_2': 10, 'E2ads_v6_US East_3': 10, 'E2as_v6_US East_1': 10, 'E2as_v6_US East_2': 10, 'E2as_v6_US East_3': 10, 'E2ps_v5_US East_1': 10, 'E2ps_v5_US East_2': 10, 'E2ps_v5_US East_3': 10, 'E32ads_v6_US East_3': 10, 'E32as_v6_US East_2': 10, 'E48ads_v6_US East_2': 10, 'E48as_v6_US East_1': 10, 'E4ads_v6_US East_1': 10, 'E4ads_v6_US East_2': 10, 'E4as_v6_US East_1': 10, 'E4as_v6_US East_2': 10, 'E4ps_v5_US East_1': 10, 'E4ps_v5_US East_2': 10, 'E4ps_v5_US East_3': 10, 'E64ads_v6_US East_1': 10, 'E64as_v6_US East_2': 10, 'E8ads_v6_US East_2': 10, 'E8ads_v6_US East_3': 10, 'E8as_v6_US East_1': 10, 'E8as_v6_US East_3': 10, 'E8ps_v5_US East_3': 10, 'E96-24ads_v6_US East_3': 10, 'E96-48ads_v6_US East_3': 10, 'E96ads_v6_US East_1': 10, 'E96as_v6_US East_1': 10, 'F16ams_v6_US East_1': 10, 'F16ams_v6_US East_3': 10, 'F16as_v6_US East_2': 10, 'F16as_v6_US East_3': 10, 'F2ams_v6_US East_1': 10, 'F2ams_v6_US East_2': 10, 'F2ams_v6_US East_3': 10, 'F32als_v6_US East_2': 10, 'F32ams_v6_US East_2': 10, 'F32as_v6_US East_3': 10, 'F48als_v6_US East_3': 10, 'F48ams_v6_US East_2': 10, 'F48as_v6_US East_1': 10, 'F4ams_v6_US East_2': 10, 'F4ams_v6_US East_3': 10, 'F4as_v6_US East_1': 10, 'F4as_v6_US East_2': 10, 'F64als_v6_US East_1': 10, 'F64ams_v6_US East_2': 10, 'F64as_v6_US East_3': 10, 'F8ams_v6_US East_1': 10, 'F8ams_v6_US East_3': 10, 'F8as_v6_US East_1': 10, 'F8as_v6_US East_2': 10, 'M12ds_v3_US East_1': 10, 'M12s_v3_US East_2': 10, 'M32ls_US East_1': 10, 'M32ls_US East_2': 10, 'M32ls_US East_3': 10, 'M32ts_US East_1': 10, 'M32ts_US East_2': 10, 'M32ts_US East_3': 10, 'M64s_v2_US East_2': 10, 'NV8as_v4_US East_1': 10, 'NV8as_v4_US East_2': 10, 'NV8as_v4_US East_3': 10}"
0.68,392.82042,480685764,1223678.1489108948,16580,16141,"{'D16ads_v6_US East_2': 10, 'D16ads_v6_US East_3': 10, 'D16alds_v6_US East_2': 10, 'D16alds_v6_US East_3': 10, 'D16als_v6_US East_2': 10, 'D16als_v6_US East_3': 10, 'D16as_v6_US East_1': 10, 'D16as_v6_US East_2': 10, 'D16pds_v5_US East_2': 10, 'D16plds_v5_US East_1': 10, 'D16plds_v5_US East_3': 10, 'D16pls_v5_US East_1': 10, 'D16pls_v5_US East_3': 10, 'D16ps_v5_US East_2': 10, 'D32ads_v6_US East_1': 10, 'D32ads_v6_US East_2': 10, 'D32alds_v6_US East_1': 10, 'D32alds_v6_US East_3': 10, 'D32als_v6_US East_1': 10, 'D32als_v6_US East_2': 10, 'D32as_v6_US East_1': 10, 'D32as_v6_US East_3': 10, 'D32plds_v5_US East_2': 10, 'D32pls_v5_US East_2': 10, 'D48ads_v6_US East_3': 10, 'D48alds_v6_US East_3': 10, 'D48als_v6_US East_2': 10, 'D48als_v6_US East_3': 10, 'D4ads_v6_US East_1': 10, 'D4ads_v6_US East_2': 10, 'D4ads_v6_US East_3': 10, 'D4as_v6_US East_1': 10, 'D4as_v6_US East_2': 10, 'D4as_v6_US East_3': 10, 'D4pds_v5_US East_1': 10, 'D4pds_v5_US East_2': 10, 'D4pds_v5_US East_3': 10, 'D4ps_v5_US East_1': 10, 'D4ps_v5_US East_2': 10, 'D4ps_v5_US East_3': 10, 'D64ads_v6_US East_2': 10, 'D64alds_v6_US East_2': 10, 'D64als_v6_US East_1': 10, 'D64as_v6_US East_3': 10, 'D8ads_v6_US East_1': 10, 'D8ads_v6_US East_3': 10, 'D8als_v6_US East_2': 10, 'D8als_v6_US East_3': 10, 'D8as_v6_US East_1': 10, 'D8as_v6_US East_2': 10, 'D8ps_v5_US East_1': 10, 'D8ps_v5_US East_2': 10, 'D8ps_v5_US East_3': 10, 'D96ads_v6_US East_1': 10, 'D96alds_v6_US East_2': 10, 'D96als_v6_US East_2': 10, 'D96as_v6_US East_3': 10, 'E16ads_v6_US East_2': 10, 'E16ads_v6_US East_3': 10, 'E16as_v6_US East_2': 10, 'E16as_v6_US East_3': 10, 'E20ads_v6_US East_2': 10, 'E20ads_v6_US East_3': 10, 'E20as_v6_US East_2': 10, 'E20as_v6_US East_3': 10, 'E2ads_v6_US East_1': 10, 'E2ads_v6_US East_2': 10, 'E2ads_v6_US East_3': 10, 'E2as_v6_US East_1': 10, 'E2as_v6_US East_2': 10, 'E2as_v6_US East_3': 10, 'E2ps_v5_US East_1': 10, 'E2ps_v5_US East_2': 10, 'E2ps_v5_US East_3': 10, 'E32ads_v6_US East_3': 10, 'E32as_v6_US East_2': 10, 'E48ads_v6_US East_2': 10, 'E48as_v6_US East_1': 10, 'E4ads_v6_US East_1': 10, 'E4ads_v6_US East_2': 10, 'E4as_v6_US East_1': 10, 'E4as_v6_US East_2': 10, 'E4ps_v5_US East_1': 10, 'E4ps_v5_US East_2': 10, 'E4ps_v5_US East_3': 10, 'E64ads_v6_US East_1': 10, 'E64as_v6_US East_2': 10, 'E8ads_v6_US East_2': 10, 'E8ads_v6_US East_3': 10, 'E8as_v6_US East_1': 10, 'E8as_v6_US East_3': 10, 'E8ps_v5_US East_3': 10, 'E96-24ads_v6_US East_3': 10, 'E96-48ads_v6_US East_3': 10, 'E96ads_v6_US East_1': 10, 'E96as_v6_US East_1': 10, 'F16ams_v6_US East_1': 10, 'F16ams_v6_US East_3': 10, 'F16as_v6_US East_2': 10, 'F16as_v6_US East_3': 10, 'F2ams_v6_US East_1': 10, 'F2ams_v6_US East_2': 10, 'F2ams_v6_US East_3': 10, 'F32als_v6_US East_2': 10, 'F32ams_v6_US East_2': 10, 'F32as_v6_US East_3': 10, 'F48als_v6_US East_3': 10, 'F48ams_v6_US East_2': 10, 'F48as_v6_US East_1': 10, 'F4ams_v6_US East_2': 10, 'F4ams_v6_US East_3': 10, 'F4as_v6_US East_1': 10, 'F4as_v6_US East_2': 10, 'F64als_v6_US East_1': 10, 'F64ams_v6_US East_2': 10, 'F64as_v6_US East_3': 10, 'F8ams_v6_US East_1': 10, 'F8ams_v6_US East_3': 10, 'F8as_v6_US East_1': 10, 'F8as_v6_US East_2': 10, 'M12ds_v3_US East_1': 10, 'M12s_v3_US East_2': 10, 'M32ls_US East_1': 10, 'M32ls_US East_2': 10, 'M32ls_US East_3': 10, 'M32ts_US East_1': 10, 'M32ts_US East_2': 10, 'M32ts_US East_3': 10, 'M64s_v2_US East_2': 10, 'NV8as_v4_US East_1': 10, 'NV8as_v4_US East_2': 10, 'NV8as_v4_US East_3': 10}"
0.6900000000000001,464.51658,512884327,1104124.909814845,18560,18121,"{'D16ads_v6_US East_2': 10, 'D16ads_v6_US East_3': 10, 'D16alds_v6_US East_2': 10, 'D16alds_v6_US East_3': 10, 'D16als_v6_US East_2': 10, 'D16als_v6_US East_3': 10, 'D16as_v6_US East_1': 10, 'D16as_v6_US East_2': 10, 'D16pds_v5_US East_2': 10, 'D16plds_v5_US East_1': 10, 'D16plds_v5_US East_3': 10, 'D16pls_v5_US East_1': 10, 'D16pls_v5_US East_3': 10, 'D16ps_v5_US East_2': 10, 'D32ads_v6_US East_1': 10, 'D32ads_v6_US East_2': 10, 'D32alds_v6_US East_1': 10, 'D32alds_v6_US East_3': 10, 'D32als_v6_US East_1': 10, 'D32als_v6_US East_2': 10, 'D32as_v6_US East_1': 10, 'D32as_v6_US East_3': 10, 'D32plds_v5_US East_2': 10, 'D32pls_v5_US East_2': 10, 'D48ads_v6_US East_3': 10, 'D48alds_v6_US East_3': 10, 'D48als_v6_US East_2': 10, 'D48als_v6_US East_3': 10, 'D4ads_v6_US East_1': 10, 'D4ads_v6_US East_2': 10, 'D4ads_v6_US East_3': 10, 'D4as_v6_US East_1': 10, 'D4as_v6_US East_2': 10, 'D4as_v6_US East_3': 10, 'D4pds_v5_US East_1': 10, 'D4pds_v5_US East_2': 10, 'D4pds_v5_US East_3': 10, 'D4ps_v5_US East_1': 10, 'D4ps_v5_US East_2': 10, 'D4ps_v5_US East_3': 10, 'D64ads_v6_US East_2': 10, 'D64alds_v6_US East_2': 10, 'D64als_v6_US East_1': 10, 'D64as_v6_US East_3': 10, 'D8ads_v6_US East_1': 10, 'D8ads_v6_US East_3': 10, 'D8als_v6_US East_2': 10, 'D8als_v6_US East_3': 10, 'D8as_v6_US East_1': 10, 'D8as_v6_US East_2': 10, 'D8ps_v5_US East_1': 10, 'D8ps_v5_US East_2': 10, 'D8ps_v5_US East_3': 10, 'D96ads_v6_US East_1': 10, 'D96alds_v6_US East_2': 10, 'D96als_v6_US East_2': 10, 'D96as_v6_US East_3': 10, 'E16ads_v6_US East_2': 10, 'E16ads_v6_US East_3': 10, 'E16as_v6_US East_2': 10, 'E16as_v6_US East_3': 10, 'E20ads_v6_US East_2': 10, 'E20ads_v6_US East_3': 10, 'E20as_v6_US East_2': 10, 'E20as_v6_US East_3': 10, 'E2ads_v6_US East_1': 10, 'E2ads_v6_US East_2': 10, 'E2ads_v6_US East_3': 10, 'E2as_v6_US East_1': 10, 'E2as_v6_US East_2': 10, 'E2as_v6_US East_3': 10, 'E2ps_v5_US East_1': 10, 'E2ps_v5_US East_2': 10, 'E2ps_v5_US East_3': 10, 'E32ads_v6_US East_3': 10, 'E32as_v6_US East_2': 10, 'E48ads_v6_US East_2': 10, 'E48as_v6_US East_1': 10, 'E4ads_v6_US East_1': 10, 'E4ads_v6_US East_2': 10, 'E4as_v6_US East_1': 10, 'E4as_v6_US East_2': 10, 'E4ps_v5_US East_1': 10, 'E4ps_v5_US East_2': 10, 'E4ps_v5_US East_3': 10, 'E64ads_v6_US East_1': 10, 'E64as_v6_US East_2': 10, 'E8ads_v6_US East_2': 10, 'E8ads_v6_US East_3': 10, 'E8as_v6_US East_1': 10, 'E8as_v6_US East_3': 10, 'E8ps_v5_US East_3': 10, 'E96-24ads_v6_US East_3': 10, 'E96-48ads_v6_US East_3': 10, 'E96ads_v6_US East_1': 10, 'E96as_v6_US East_1': 10, 'F16als_v6_US East_1': 10, 'F16als_v6_US East_2': 10, 'F16ams_v6_US East_1': 10, 'F16ams_v6_US East_3': 10, 'F16as_v6_US East_2': 10, 'F16as_v6_US East_3': 10, 'F2ams_v6_US East_1': 10, 'F2ams_v6_US East_2': 10, 'F2ams_v6_US East_3': 10, 'F32als_v6_US East_2': 10, 'F32ams_v6_US East_2': 10, 'F32as_v6_US East_3': 10, 'F48als_v6_US East_3': 10, 'F48ams_v6_US East_2': 10, 'F48as_v6_US East_1': 10, 'F4ams_v6_US East_2': 10, 'F4ams_v6_US East_3': 10, 'F4as_v6_US East_1': 10, 'F4as_v6_US East_2': 10, 'F64als_v6_US East_1': 10, 'F64ams_v6_US East_2': 10, 'F64as_v6_US East_3': 10, 'F8ams_v6_US East_1': 10, 'F8ams_v6_US East_3': 10, 'F8as_v6_US East_1': 10, 'F8as_v6_US East_2': 10, 'M12ds_v3_US East_1': 10, 'M12s_v3_US East_2': 10, 'M32dms_v2_US East_1': 10, 'M32dms_v2_US East_2': 10, 'M32dms_v2_US East_3': 10, 'M32ls_US East_1': 10, 'M32ls_US East_2': 10, 'M32ls_US East_3': 10, 'M32ms_v2_US East_1': 10, 'M32ms_v2_US East_2': 10, 'M32ms_v2_US East_3': 10, 'M32ts_US East_1': 10, 'M32ts_US East_2': 10, 'M32ts_US East_3': 10, 'M64s_v2_US East_2': 10, 'NV8as_v4_US East_1': 10, 'NV8as_v4_US East_2': 10, 'NV8as_v4_US East_3': 10}"
0.7000000000000001,465.80832000000004,513440297,1102256.6058931714,18590,18151,"{'D16ads_v6_US East_2': 10, 'D16ads_v6_US East_3': 10, 'D16alds_v6_US East_2': 10, 'D16alds_v6_US East_3': 10, 'D16als_v6_US East_2': 10, 'D16als_v6_US East_3': 10, 'D16as_v6_US East_1': 10, 'D16as_v6_US East_2': 10, 'D16pds_v5_US East_2': 10, 'D16plds_v5_US East_1': 10, 'D16plds_v5_US East_3': 10, 'D16pls_v5_US East_1': 10, 'D16pls_v5_US East_3': 10, 'D16ps_v5_US East_2': 10, 'D32ads_v6_US East_1': 10, 'D32ads_v6_US East_2': 10, 'D32alds_v6_US East_1': 10, 'D32alds_v6_US East_3': 10, 'D32als_v6_US East_1': 10, 'D32als_v6_US East_2': 10, 'D32as_v6_US East_1': 10, 'D32as_v6_US East_3': 10, 'D32plds_v5_US East_2': 10, 'D32pls_v5_US East_2': 10, 'D48ads_v6_US East_3': 10, 'D48alds_v6_US East_3': 10, 'D48als_v6_US East_2': 10, 'D48als_v6_US East_3': 10, 'D4ads_v6_US East_1': 10, 'D4ads_v6_US East_2': 10, 'D4ads_v6_US East_3': 10, 'D4as_v6_US East_1': 10, 'D4as_v6_US East_2': 10, 'D4as_v6_US East_3': 10, 'D4pds_v5_US East_1': 10, 'D4pds_v5_US East_2': 10, 'D4pds_v5_US East_3': 10, 'D4ps_v5_US East_1': 10, 'D4ps_v5_US East_2': 10, 'D4ps_v5_US East_3': 10, 'D64ads_v6_US East_2': 10, 'D64alds_v6_US East_2': 10, 'D64als_v6_US East_1': 10, 'D64as_v6_US East_3': 10, 'D8ads_v6_US East_1': 10, 'D8ads_v6_US East_3': 10, 'D8als_v6_US East_2': 10, 'D8als_v6_US East_3': 10, 'D8as_v6_US East_1': 10, 'D8as_v6_US East_2': 10, 'D8ps_v5_US East_1': 10, 'D8ps_v5_US East_2': 10, 'D8ps_v5_US East_3': 10, 'D96ads_v6_US East_1': 10, 'D96alds_v6_US East_2': 10, 'D96als_v6_US East_2': 10, 'D96as_v6_US East_3': 10, 'E16ads_v6_US East_2': 10, 'E16ads_v6_US East_3': 10, 'E16as_v6_US East_2': 10, 'E16as_v6_US East_3': 10, 'E20ads_v6_US East_2': 10, 'E20ads_v6_US East_3': 10, 'E20as_v6_US East_2': 10, 'E20as_v6_US East_3': 10, 'E2ads_v6_US East_1': 10, 'E2ads_v6_US East_2': 10, 'E2ads_v6_US East_3': 10, 'E2as_v6_US East_1': 10, 'E2as_v6_US East_2': 10, 'E2as_v6_US East_3': 10, 'E2ps_v5_US East_1': 10, 'E2ps_v5_US East_2': 10, 'E2ps_v5_US East_3': 10, 'E32ads_v6_US East_3': 10, 'E32as_v6_US East_2': 10, 'E48ads_v6_US East_2': 10, 'E48as_v6_US East_1': 10, 'E4ads_v6_US East_1': 10, 'E4ads_v6_US East_2': 10, 'E4as_v6_US East_1': 10, 'E4as_v6_US East_2': 10, 'E4ps_v5_US East_1': 10, 'E4ps_v5_US East_2': 10, 'E4ps_v5_US East_3': 10, 'E64ads_v6_US East_1': 10, 'E64as_v6_US East_2': 10, 'E8ads_v6_US East_2': 10, 'E8ads_v6_US East_3': 10, 'E8as_v6_US East_1': 10, 'E8as_v6_US East_3': 10, 'E8ps_v5_US East_3': 10, 'E96-24ads_v6_US East_3': 10, 'E96-48ads_v6_US East_3': 10, 'E96ads_v6_US East_1': 10, 'E96as_v6_US East_1': 10, 'F16als_v6_US East_1': 10, 'F16als_v6_US East_2': 10, 'F16ams_v6_US East_1': 10, 'F16ams_v6_US East_3': 10, 'F16as_v6_US East_2': 10, 'F16as_v6_US East_3': 10, 'F2ams_v6_US East_1': 10, 'F2ams_v6_US East_2': 10, 'F2ams_v6_US East_3': 10, 'F32als_v6_US East_2': 10, 'F32ams_v6_US East_2': 10, 'F32as_v6_US East_3': 10, 'F48als_v6_US East_3': 10, 'F48ams_v6_US East_2': 10, 'F48as_v6_US East_1': 10, 'F4ams_v6_US East_2': 10, 'F4ams_v6_US East_3': 10, 'F4as_v6_US East_1': 10, 'F4as_v6_US East_2': 10, 'F64als_v6_US East_1': 10, 'F64ams_v6_US East_2': 10, 'F64as_v6_US East_3': 10, 'F8ams_v6_US East_1': 10, 'F8ams_v6_US East_3': 10, 'F8as_v6_US East_1': 10, 'F8as_v6_US East_2': 10, 'M12ds_v3_US East_1': 10, 'M12s_v3_US East_2': 10, 'M32dms_v2_US East_1': 10, 'M32dms_v2_US East_2': 10, 'M32dms_v2_US East_3': 10, 'M32ls_US East_1': 10, 'M32ls_US East_2': 10, 'M32ls_US East_3': 10, 'M32ms_v2_US East_1': 10, 'M32ms_v2_US East_2': 10, 'M32ms_v2_US East_3': 10, 'M32ts_US East_1': 10, 'M32ts_US East_2': 10, 'M32ts_US East_3': 10, 'M64s_v2_US East_2': 10, 'NV4as_v4_US East_1': 10, 'NV4as_v4_US East_2': 10, 'NV4as_v4_US East_3': 10, 'NV8as_v4_US East_1': 10, 'NV8as_v4_US East_2': 10, 'NV8as_v4_US East_3': 10}"
0.71,467.34146000000004,514081382,1100012.360127433,18610,18171,"{'D16ads_v6_US East_2': 10, 'D16ads_v6_US East_3': 10, 'D16alds_v6_US East_2': 10, 'D16alds_v6_US East_3': 10, 'D16als_v6_US East_2': 10, 'D16als_v6_US East_3': 10, 'D16as_v6_US East_1': 10, 'D16as_v6_US East_2': 10, 'D16pds_v5_US East_2': 10, 'D16plds_v5_US East_1': 10, 'D16plds_v5_US East_3': 10, 'D16pls_v5_US East_1': 10, 'D16pls_v5_US East_3': 10, 'D16ps_v5_US East_2': 10, 'D32ads_v6_US East_1': 10, 'D32ads_v6_US East_2': 10, 'D32alds_v6_US East_1': 10, 'D32alds_v6_US East_3': 10, 'D32als_v6_US East_1': 10, 'D32als_v6_US East_2': 10, 'D32as_v6_US East_1': 10, 'D32as_v6_US East_3': 10, 'D32plds_v5_US East_2': 10, 'D32pls_v5_US East_2': 10, 'D48ads_v6_US East_3': 10, 'D48alds_v6_US East_3': 10, 'D48als_v6_US East_2': 10, 'D48als_v6_US East_3': 10, 'D4ads_v6_US East_1': 10, 'D4ads_v6_US East_2': 10, 'D4ads_v6_US East_3': 10, 'D4as_v6_US East_1': 10, 'D4as_v6_US East_2': 10, 'D4as_v6_US East_3': 10, 'D4pds_v5_US East_1': 10, 'D4pds_v5_US East_2': 10, 'D4pds_v5_US East_3': 10, 'D4ps_v5_US East_1': 10, 'D4ps_v5_US East_2': 10, 'D4ps_v5_US East_3': 10, 'D64ads_v6_US East_2': 10, 'D64alds_v6_US East_2': 10, 'D64als_v6_US East_1': 10, 'D64as_v6_US East_3': 10, 'D8ads_v6_US East_1': 10, 'D8ads_v6_US East_3': 10, 'D8alds_v6_US East_2': 10, 'D8alds_v6_US East_3': 10, 'D8als_v6_US East_2': 10, 'D8als_v6_US East_3': 10, 'D8as_v6_US East_1': 10, 'D8as_v6_US East_2': 10, 'D8ps_v5_US East_1': 10, 'D8ps_v5_US East_2': 10, 'D8ps_v5_US East_3': 10, 'D96ads_v6_US East_1': 10, 'D96alds_v6_US East_2': 10, 'D96als_v6_US East_2': 10, 'D96as_v6_US East_3': 10, 'E16ads_v6_US East_2': 10, 'E16ads_v6_US East_3': 10, 'E16as_v6_US East_2': 10, 'E16as_v6_US East_3': 10, 'E20ads_v6_US East_2': 10, 'E20ads_v6_US East_3': 10, 'E20as_v6_US East_2': 10, 'E20as_v6_US East_3': 10, 'E2ads_v6_US East_1': 10, 'E2ads_v6_US East_2': 10, 'E2ads_v6_US East_3': 10, 'E2as_v6_US East_1': 10, 'E2as_v6_US East_2': 10, 'E2as_v6_US East_3': 10, 'E2ps_v5_US East_1': 10, 'E2ps_v5_US East_2': 10, 'E2ps_v5_US East_3': 10, 'E32ads_v6_US East_3': 10, 'E32as_v6_US East_2': 10, 'E48ads_v6_US East_2': 10, 'E48as_v6_US East_1': 10, 'E4ads_v6_US East_1': 10, 'E4ads_v6_US East_2': 10, 'E4as_v6_US East_1': 10, 'E4as_v6_US East_2': 10, 'E4ps_v5_US East_1': 10, 'E4ps_v5_US East_2': 10, 'E4ps_v5_US East_3': 10, 'E64ads_v6_US East_1': 10, 'E64as_v6_US East_2': 10, 'E8ads_v6_US East_2': 10, 'E8ads_v6_US East_3': 10, 'E8as_v6_US East_1': 10, 'E8as_v6_US East_3': 10, 'E8ps_v5_US East_3': 10, 'E96-24ads_v6_US East_3': 10, 'E96-48ads_v6_US East_3': 10, 'E96ads_v6_US East_1': 10, 'E96as_v6_US East_1': 10, 'F16als_v6_US East_1': 10, 'F16als_v6_US East_2': 10, 'F16ams_v6_US East_1': 10, 'F16ams_v6_US East_3': 10, 'F16as_v6_US East_2': 10, 'F16as_v6_US East_3': 10, 'F2ams_v6_US East_1': 10, 'F2ams_v6_US East_2': 10, 'F2ams_v6_US East_3': 10, 'F32als_v6_US East_2': 10, 'F32ams_v6_US East_2': 10, 'F32as_v6_US East_3': 10, 'F48als_v6_US East_3': 10, 'F48ams_v6_US East_2': 10, 'F48as_v6_US East_1': 10, 'F4ams_v6_US East_2': 10, 'F4ams_v6_US East_3': 10, 'F4as_v6_US East_1': 10, 'F4as_v6_US East_2': 10, 'F64als_v6_US East_1': 10, 'F64ams_v6_US East_2': 10, 'F64as_v6_US East_3': 10, 'F8ams_v6_US East_1': 10, 'F8ams_v6_US East_3': 10, 'F8as_v6_US East_1': 10, 'F8as_v6_US East_2': 10, 'M12ds_v3_US East_1': 10, 'M12s_v3_US East_2': 10, 'M32dms_v2_US East_1': 10, 'M32dms_v2_US East_2': 10, 'M32dms_v2_US East_3': 10, 'M32ls_US East_1': 10, 'M32ls_US East_2': 10, 'M32ls_US East_3': 10, 'M32ms_v2_US East_1': 10, 'M32ms_v2_US East_2': 10, 'M32ms_v2_US East_3': 10, 'M32ts_US East_1': 10, 'M32ts_US East_2': 10, 'M32ts_US East_3': 10, 'M64s_v2_US East_2': 10, 'NV4as_v4_US East_1': 10, 'NV4as_v4_US East_2': 10, 'NV4as_v4_US East_3': 10, 'NV8as_v4_US East_1': 10, 'NV8as_v4_US East_2': 10, 'NV8as_v4_US East_3': 10}"
0.72,542.6751600000001,543422408,1001376.9725520511,20720,20281,"{'D16ads_v6_US East_2': 10, 'D16ads_v6_US East_3': 10, 'D16alds_v6_US East_2': 10, 'D16alds_v6_US East_3': 10, 'D16als_v6_US East_2': 10, 'D16als_v6_US East_3': 10, 'D16as_v6_US East_1': 10, 'D16as_v6_US East_2': 10, 'D16pds_v5_US East_2': 10, 'D16plds_v5_US East_1': 10, 'D16plds_v5_US East_3': 10, 'D16pls_v5_US East_1': 10, 'D16pls_v5_US East_3': 10, 'D16ps_v5_US East_2': 10, 'D32ads_v6_US East_1': 10, 'D32ads_v6_US East_2': 10, 'D32alds_v6_US East_1': 10, 'D32alds_v6_US East_3': 10, 'D32als_v6_US East_1': 10, 'D32als_v6_US East_2': 10, 'D32as_v6_US East_1': 10, 'D32as_v6_US East_3': 10, 'D32plds_v5_US East_2': 10, 'D32pls_v5_US East_2': 10, 'D48ads_v6_US East_3': 10, 'D48alds_v6_US East_3': 10, 'D48als_v6_US East_2': 10, 'D48als_v6_US East_3': 10, 'D4ads_v6_US East_1': 10, 'D4ads_v6_US East_2': 10, 'D4ads_v6_US East_3': 10, 'D4as_v6_US East_1': 10, 'D4as_v6_US East_2': 10, 'D4as_v6_US East_3': 10, 'D4pds_v5_US East_1': 10, 'D4pds_v5_US East_2': 10, 'D4pds_v5_US East_3': 10, 'D4ps_v5_US East_1': 10, 'D4ps_v5_US East_2': 10, 'D4ps_v5_US East_3': 10, 'D64ads_v6_US East_2': 10, 'D64alds_v6_US East_2': 10, 'D64als_v6_US East_1': 10, 'D64as_v6_US East_3': 10, 'D8ads_v6_US East_1': 10, 'D8ads_v6_US East_3': 10, 'D8alds_v6_US East_2': 10, 'D8alds_v6_US East_3': 10, 'D8als_v6_US East_2': 10, 'D8als_v6_US East_3': 10, 'D8as_v6_US East_1': 10, 'D8as_v6_US East_2': 10, 'D8pls_v5_US East_1': 10, 'D8pls_v5_US East_2': 10, 'D8pls_v5_US East_3': 10, 'D8ps_v5_US East_1': 10, 'D8ps_v5_US East_2': 10, 'D8ps_v5_US East_3': 10, 'D96ads_v6_US East_1': 10, 'D96alds_v6_US East_2': 10, 'D96als_v6_US East_2': 10, 'D96as_v6_US East_3': 10, 'E16ads_v6_US East_2': 10, 'E16ads_v6_US East_3': 10, 'E16as_v6_US East_2': 10, 'E16as_v6_US East_3': 10, 'E20ads_v6_US East_2': 10, 'E20ads_v6_US East_3': 10, 'E20as_v6_US East_2': 10, 'E20as_v6_US East_3': 10, 'E2ads_v6_US East_1': 10, 'E2ads_v6_US East_2': 10, 'E2ads_v6_US East_3': 10, 'E2as_v6_US East_1': 10, 'E2as_v6_US East_2': 10, 'E2as_v6_US East_3': 10, 'E2ps_v5_US East_1': 10, 'E2ps_v5_US East_2': 10, 'E2ps_v5_US East_3': 10, 'E32ads_v6_US East_3': 10, 'E32as_v6_US East_2': 10, 'E48ads_v6_US East_2': 10, 'E48as_v6_US East_1': 10, 'E4ads_v6_US East_1': 10, 'E4ads_v6_US East_2': 10, 'E4as_v6_US East_1': 10, 'E4as_v6_US East_2': 10, 'E4ps_v5_US East_1': 10, 'E4ps_v5_US East_2': 10, 'E4ps_v5_US East_3': 10, 'E64ads_v6_US East_1': 10, 'E64as_v6_US East_2': 10, 'E8ads_v6_US East_2': 10, 'E8ads_v6_US East_3': 10, 'E8as_v6_US East_1': 10, 'E8as_v6_US East_3': 10, 'E8ps_v5_US East_3': 10, 'E96-24ads_v6_US East_3': 10, 'E96-48ads_v6_US East_3': 10, 'E96ads_v6_US East_1': 10, 'E96as_v6_US East_1': 10, 'F16als_v6_US East_1': 10, 'F16als_v6_US East_2': 10, 'F16ams_v6_US East_1': 10, 'F16ams_v6_US East_3': 10, 'F16as_v6_US East_2': 10, 'F16as_v6_US East_3': 10, 'F2ams_v6_US East_1': 10, 'F2ams_v6_US East_2': 10, 'F2ams_v6_US East_3': 10, 'F32als_v6_US East_2': 10, 'F32ams_v6_US East_2': 10, 'F32as_v6_US East_3': 10, 'F48als_v6_US East_3': 10, 'F48ams_v6_US East_2': 10, 'F48as_v6_US East_1': 10, 'F4ams_v6_US East_2': 10, 'F4ams_v6_US East_3': 10, 'F4as_v6_US East_1': 10, 'F4as_v6_US East_2': 10, 'F64als_v6_US East_1': 10, 'F64ams_v6_US East_2': 10, 'F64as_v6_US East_3': 10, 'F8ams_v6_US East_1': 10, 'F8ams_v6_US East_3': 10, 'F8as_v6_US East_1': 10, 'F8as_v6_US East_2': 10, 'M12ds_v3_US East_1': 10, 'M12s_v3_US East_2': 10, 'M16-8ms_US East_1': 10, 'M16-8ms_US East_2': 10, 'M16-8ms_US East_3': 10, 'M16ms_US East_1': 10, 'M16ms_US East_2': 10, 'M16ms_US East_3': 10, 'M32-8ms_US East_1': 10, 'M32-8ms_US East_2': 10, 'M32dms_v2_US East_1': 10, 'M32dms_v2_US East_2': 10, 'M32dms_v2_US East_3': 10, 'M32ls_US East_1': 10, 'M32ls_US East_2': 10, 'M32ls_US East_3': 10, 'M32ms_v2_US East_1': 10, 'M32ms_v2_US East_2': 10, 'M32ms_v2_US East_3': 10, 'M32ts_US East_1': 10, 'M32ts_US East_2': 10, 'M32ts_US East_3': 10, 'M64s_v2_US East_2': 10, 'M8-4ms_US East_1': 10, 'M8-4ms_US East_2': 10, 'M8-4ms_US East_3': 10, 'M8ms_US East_1': 10, 'M8ms_US East_2': 10, 'M8ms_US East_3': 10, 'NV4as_v4_US East_1': 10, 'NV4as_v4_US East_2': 10, 'NV4as_v4_US East_3': 10, 'NV8as_v4_US East_1': 10, 'NV8as_v4_US East_2': 10, 'NV8as_v4_US East_3': 10}"
0.73,565.39078,552119727,976527.645533944,21360,20921,"{'D16ads_v6_US East_2': 10, 'D16ads_v6_US East_3': 10, 'D16alds_v6_US East_2': 10, 'D16alds_v6_US East_3': 10, 'D16als_v6_US East_2': 10, 'D16als_v6_US East_3': 10, 'D16as_v6_US East_1': 10, 'D16as_v6_US East_2': 10, 'D16pds_v5_US East_2': 10, 'D16plds_v5_US East_1': 10, 'D16plds_v5_US East_3': 10, 'D16pls_v5_US East_1': 10, 'D16pls_v5_US East_3': 10, 'D16ps_v5_US East_2': 10, 'D32ads_v6_US East_1': 10, 'D32ads_v6_US East_2': 10, 'D32alds_v6_US East_1': 10, 'D32alds_v6_US East_3': 10, 'D32als_v6_US East_1': 10, 'D32als_v6_US East_2': 10, 'D32as_v6_US East_1': 10, 'D32as_v6_US East_3': 10, 'D32plds_v5_US East_2': 10, 'D32pls_v5_US East_2': 10, 'D48ads_v6_US East_3': 10, 'D48alds_v6_US East_3': 10, 'D48als_v6_US East_2': 10, 'D48als_v6_US East_3': 10, 'D4ads_v6_US East_1': 10, 'D4ads_v6_US East_2': 10, 'D4ads_v6_US East_3': 10, 'D4as_v6_US East_1': 10, 'D4as_v6_US East_2': 10, 'D4as_v6_US East_3': 10, 'D4pds_v5_US East_1': 10, 'D4pds_v5_US East_2': 10, 'D4pds_v5_US East_3': 10, 'D4ps_v5_US East_1': 10, 'D4ps_v5_US East_2': 10, 'D4ps_v5_US East_3': 10, 'D64ads_v6_US East_2': 10, 'D64alds_v6_US East_2': 10, 'D64als_v6_US East_1': 10, 'D64as_v6_US East_3': 10, 'D8ads_v6_US East_1': 10, 'D8ads_v6_US East_3': 10, 'D8alds_v6_US East_2': 10, 'D8alds_v6_US East_3': 10, 'D8als_v6_US East_2': 10, 'D8als_v6_US East_3': 10, 'D8as_v6_US East_1': 10, 'D8as_v6_US East_2': 10, 'D8pls_v5_US East_1': 10, 'D8pls_v5_US East_2': 10, 'D8pls_v5_US East_3': 10, 'D8ps_v5_US East_1': 10, 'D8ps_v5_US East_2': 10, 'D8ps_v5_US East_3': 10, 'D96ads_v6_US East_1': 10, 'D96alds_v6_US East_2': 10, 'D96als_v6_US East_2': 10, 'D96as_v6_US East_3': 10, 'E16ads_v6_US East_2': 10, 'E16ads_v6_US East_3': 10, 'E16as_v6_US East_2': 10, 'E16as_v6_US East_3': 10, 'E20ads_v6_US East_2': 10, 'E20ads_v6_US East_3': 10, 'E20as_v6_US East_2': 10, 'E20as_v6_US East_3': 10, 'E2ads_v6_US East_1': 10, 'E2ads_v6_US East_2': 10, 'E2ads_v6_US East_3': 10, 'E2as_v6_US East_1': 10, 'E2as_v6_US East_2': 10, 'E2as_v6_US East_3': 10, 'E2ps_v5_US East_1': 10, 'E2ps_v5_US East_2': 10, 'E2ps_v5_US East_3': 10, 'E32ads_v6_US East_3': 10, 'E32as_v6_US East_2': 10, 'E48ads_v6_US East_2': 10, 'E48as_v6_US East_1': 10, 'E4ads_v6_US East_1': 10, 'E4ads_v6_US East_2': 10, 'E4as_v6_US East_1': 10, 'E4as_v6_US East_2': 10, 'E4ps_v5_US East_1': 10, 'E4ps_v5_US East_2': 10, 'E4ps_v5_US East_3': 10, 'E64ads_v6_US East_1': 10, 'E64as_v6_US East_2': 10, 'E8ads_v6_US East_2': 10, 'E8ads_v6_US East_3': 10, 'E8as_v6_US East_1': 10, 'E8as_v6_US East_3': 10, 'E8ps_v5_US East_3': 10, 'E96-24ads_v6_US East_3': 10, 'E96-48ads_v6_US East_3': 10, 'E96ads_v6_US East_1': 10, 'E96as_v6_US East_1': 10, 'F16als_v6_US East_1': 10, 'F16als_v6_US East_2': 10, 'F16ams_v6_US East_1': 10, 'F16ams_v6_US East_3': 10, 'F16as_v6_US East_2': 10, 'F16as_v6_US East_3': 10, 'F2ams_v6_US East_1': 10, 'F2ams_v6_US East_2': 10, 'F2ams_v6_US East_3': 10, 'F32als_v6_US East_2': 10, 'F32ams_v6_US East_2': 10, 'F32as_v6_US East_3': 10, 'F48als_v6_US East_3': 10, 'F48ams_v6_US East_2': 10, 'F48as_v6_US East_1': 10, 'F4ams_v6_US East_2': 10, 'F4ams_v6_US East_3': 10, 'F4as_v6_US East_1': 10, 'F4as_v6_US East_2': 10, 'F64als_v6_US East_1': 10, 'F64ams_v6_US East_2': 10, 'F64as_v6_US East_3': 10, 'F8ams_v6_US East_1': 10, 'F8ams_v6_US East_3': 10, 'F8as_v6_US East_1': 10, 'F8as_v6_US East_2': 10, 'M12ds_v3_US East_1': 10, 'M12s_v3_US East_2': 10, 'M16-8ms_US East_1': 10, 'M16-8ms_US East_2': 10, 'M16-8ms_US East_3': 10, 'M16ms_US East_1': 10, 'M16ms_US East_2': 10, 'M16ms_US East_3': 10, 'M32-8ms_US East_1': 10, 'M32-8ms_US East_2': 10, 'M32dms_v2_US East_1': 10, 'M32dms_v2_US East_2': 10, 'M32dms_v2_US East_3': 10, 'M32ls_US East_1': 10, 'M32ls_US East_2': 10, 'M32ls_US East_3': 10, 'M32ms_US East_1': 10, 'M32ms_US East_2': 10, 'M32ms_v2_US East_1': 10, 'M32ms_v2_US East_2': 10, 'M32ms_v2_US East_3': 10, 'M32ts_US East_1': 10, 'M32ts_US East_2': 10, 'M32ts_US East_3': 10, 'M64s_v2_US East_2': 10, 'M8-4ms_US East_1': 10, 'M8-4ms_US East_2': 10, 'M8-4ms_US East_3': 10, 'M8ms_US East_1': 10, 'M8ms_US East_2': 10, 'M8ms_US East_3': 10, 'NV4as_v4_US East_1': 10, 'NV4as_v4_US East_2': 10, 'NV4as_v4_US East_3': 10, 'NV8as_v4_US East_1': 10, 'NV8as_v4_US East_2': 10, 'NV8as_v4_US East_3': 10}"
0.74,565.39078,552119727,976527.645533944,21360,20921,"{'D16ads_v6_US East_2': 10, 'D16ads_v6_US East_3': 10, 'D16alds_v6_US East_2': 10, 'D16alds_v6_US East_3': 10, 'D16als_v6_US East_2': 10, 'D16als_v6_US East_3': 10, 'D16as_v6_US East_1': 10, 'D16as_v6_US East_2': 10, 'D16pds_v5_US East_2': 10, 'D16plds_v5_US East_1': 10, 'D16plds_v5_US East_3': 10, 'D16pls_v5_US East_1': 10, 'D16pls_v5_US East_3': 10, 'D16ps_v5_US East_2': 10, 'D32ads_v6_US East_1': 10, 'D32ads_v6_US East_2': 10, 'D32alds_v6_US East_1': 10, 'D32alds_v6_US East_3': 10, 'D32als_v6_US East_1': 10, 'D32als_v6_US East_2': 10, 'D32as_v6_US East_1': 10, 'D32as_v6_US East_3': 10, 'D32plds_v5_US East_2': 10, 'D32pls_v5_US East_2': 10, 'D48ads_v6_US East_3': 10, 'D48alds_v6_US East_3': 10, 'D48als_v6_US East_2': 10, 'D48als_v6_US East_3': 10, 'D4ads_v6_US East_1': 10, 'D4ads_v6_US East_2': 10, 'D4ads_v6_US East_3': 10, 'D4as_v6_US East_1': 10, 'D4as_v6_US East_2': 10, 'D4as_v6_US East_3': 10, 'D4pds_v5_US East_1': 10, 'D4pds_v5_US East_2': 10, 'D4pds_v5_US East_3': 10, 'D4ps_v5_US East_1': 10, 'D4ps_v5_US East_2': 10, 'D4ps_v5_US East_3': 10, 'D64ads_v6_US East_2': 10, 'D64alds_v6_US East_2': 10, 'D64als_v6_US East_1': 10, 'D64as_v6_US East_3': 10, 'D8ads_v6_US East_1': 10, 'D8ads_v6_US East_3': 10, 'D8alds_v6_US East_2': 10, 'D8alds_v6_US East_3': 10, 'D8als_v6_US East_2': 10, 'D8als_v6_US East_3': 10, 'D8as_v6_US East_1': 10, 'D8as_v6_US East_2': 10, 'D8pls_v5_US East_1': 10, 'D8pls_v5_US East_2': 10, 'D8pls_v5_US East_3': 10, 'D8ps_v5_US East_1': 10, 'D8ps_v5_US East_2': 10, 'D8ps_v5_US East_3': 10, 'D96ads_v6_US East_1': 10, 'D96alds_v6_US East_2': 10, 'D96als_v6_US East_2': 10, 'D96as_v6_US East_3': 10, 'E16ads_v6_US East_2': 10, 'E16ads_v6_US East_3': 10, 'E16as_v6_US East_2': 10, 'E16as_v6_US East_3': 10, 'E20ads_v6_US East_2': 10, 'E20ads_v6_US East_3': 10, 'E20as_v6_US East_2': 10, 'E20as_v6_US East_3': 10, 'E2ads_v6_US East_1': 10, 'E2ads_v6_US East_2': 10, 'E2ads_v6_US East_3': 10, 'E2as_v6_US East_1': 10, 'E2as_v6_US East_2': 10, 'E2as_v6_US East_3': 10, 'E2ps_v5_US East_1': 10, 'E2ps_v5_US East_2': 10, 'E2ps_v5_US East_3': 10, 'E32ads_v6_US East_3': 10, 'E32as_v6_US East_2': 10, 'E48ads_v6_US East_2': 10, 'E48as_v6_US East_1': 10, 'E4ads_v6_US East_1': 10, 'E4ads_v6_US East_2': 10, 'E4as_v6_US East_1': 10, 'E4as_v6_US East_2': 10, 'E4ps_v5_US East_1': 10, 'E4ps_v5_US East_2': 10, 'E4ps_v5_US East_3': 10, 'E64ads_v6_US East_1': 10, 'E64as_v6_US East_2': 10, 'E8ads_v6_US East_2': 10, 'E8ads_v6_US East_3': 10, 'E8as_v6_US East_1': 10, 'E8as_v6_US East_3': 10, 'E8ps_v5_US East_3': 10, 'E96-24ads_v6_US East_3': 10, 'E96-48ads_v6_US East_3': 10, 'E96ads_v6_US East_1': 10, 'E96as_v6_US East_1': 10, 'F16als_v6_US East_1': 10, 'F16als_v6_US East_2': 10, 'F16ams_v6_US East_1': 10, 'F16ams_v6_US East_3': 10, 'F16as_v6_US East_2': 10, 'F16as_v6_US East_3': 10, 'F2ams_v6_US East_1': 10, 'F2ams_v6_US East_2': 10, 'F2ams_v6_US East_3': 10, 'F32als_v6_US East_2': 10, 'F32ams_v6_US East_2': 10, 'F32as_v6_US East_3': 10, 'F48als_v6_US East_3': 10, 'F48ams_v6_US East_2': 10, 'F48as_v6_US East_1': 10, 'F4ams_v6_US East_2': 10, 'F4ams_v6_US East_3': 10, 'F4as_v6_US East_1': 10, 'F4as_v6_US East_2': 10, 'F64als_v6_US East_1': 10, 'F64ams_v6_US East_2': 10, 'F64as_v6_US East_3': 10, 'F8ams_v6_US East_1': 10, 'F8ams_v6_US East_3': 10, 'F8as_v6_US East_1': 10, 'F8as_v6_US East_2': 10, 'M12ds_v3_US East_1': 10, 'M12s_v3_US East_2': 10, 'M16-8ms_US East_1': 10, 'M16-8ms_US East_2': 10, 'M16-8ms_US East_3': 10, 'M16ms_US East_1': 10, 'M16ms_US East_2': 10, 'M16ms_US East_3': 10, 'M32-8ms_US East_1': 10, 'M32-8ms_US East_2': 10, 'M32dms_v2_US East_1': 10, 'M32dms_v2_US East_2': 10, 'M32dms_v2_US East_3': 10, 'M32ls_US East_1': 10, 'M32ls_US East_2': 10, 'M32ls_US East_3': 10, 'M32ms_US East_1': 10, 'M32ms_US East_2': 10, 'M32ms_v2_US East_1': 10, 'M32ms_v2_US East_2': 10, 'M32ms_v2_US East_3': 10, 'M32ts_US East_1': 10, 'M32ts_US East_2': 10, 'M32ts_US East_3': 10, 'M64s_v2_US East_2': 10, 'M8-4ms_US East_1': 10, 'M8-4ms_US East_2': 10, 'M8-4ms_US East_3': 10, 'M8ms_US East_1': 10, 'M8ms_US East_2': 10, 'M8ms_US East_3': 10, 'NV4as_v4_US East_1': 10, 'NV4as_v4_US East_2': 10, 'NV4as_v4_US East_3': 10, 'NV8as_v4_US East_1': 10, 'NV8as_v4_US East_2': 10, 'NV8as_v4_US East_3': 10}"
0.75,567.0928,552707662,974633.5386377681,21390,20951,"{'D16ads_v6_US East_2': 10, 'D16ads_v6_US East_3': 10, 'D16alds_v6_US East_2': 10, 'D16alds_v6_US East_3': 10, 'D16als_v6_US East_2': 10, 'D16als_v6_US East_3': 10, 'D16as_v6_US East_1': 10, 'D16as_v6_US East_2': 10, 'D16pds_v5_US East_2': 10, 'D16plds_v5_US East_1': 10, 'D16plds_v5_US East_3': 10, 'D16pls_v5_US East_1': 10, 'D16pls_v5_US East_3': 10, 'D16ps_v5_US East_2': 10, 'D32ads_v6_US East_1': 10, 'D32ads_v6_US East_2': 10, 'D32alds_v6_US East_1': 10, 'D32alds_v6_US East_3': 10, 'D32als_v6_US East_1': 10, 'D32als_v6_US East_2': 10, 'D32as_v6_US East_1': 10, 'D32as_v6_US East_3': 10, 'D32plds_v5_US East_2': 10, 'D32pls_v5_US East_2': 10, 'D48ads_v6_US East_3': 10, 'D48alds_v6_US East_3': 10, 'D48als_v6_US East_2': 10, 'D48als_v6_US East_3': 10, 'D4ads_v6_US East_1': 10, 'D4ads_v6_US East_2': 10, 'D4ads_v6_US East_3': 10, 'D4as_v6_US East_1': 10, 'D4as_v6_US East_2': 10, 'D4as_v6_US East_3': 10, 'D4pds_v5_US East_1': 10, 'D4pds_v5_US East_2': 10, 'D4pds_v5_US East_3': 10, 'D4ps_v5_US East_1': 10, 'D4ps_v5_US East_2': 10, 'D4ps_v5_US East_3': 10, 'D64ads_v6_US East_2': 10, 'D64alds_v6_US East_2': 10, 'D64als_v6_US East_1': 10, 'D64as_v6_US East_3': 10, 'D8ads_v6_US East_1': 10, 'D8ads_v6_US East_3': 10, 'D8alds_v6_US East_2': 10, 'D8alds_v6_US East_3': 10, 'D8als_v6_US East_2': 10, 'D8als_v6_US East_3': 10, 'D8as_v6_US East_1': 10, 'D8as_v6_US East_2': 10, 'D8plds_v5_US East_1': 10, 'D8plds_v5_US East_2': 10, 'D8plds_v5_US East_3': 10, 'D8pls_v5_US East_1': 10, 'D8pls_v5_US East_2': 10, 'D8pls_v5_US East_3': 10, 'D8ps_v5_US East_1': 10, 'D8ps_v5_US East_2': 10, 'D8ps_v5_US East_3': 10, 'D96ads_v6_US East_1': 10, 'D96alds_v6_US East_2': 10, 'D96als_v6_US East_2': 10, 'D96as_v6_US East_3': 10, 'E16ads_v6_US East_2': 10, 'E16ads_v6_US East_3': 10, 'E16as_v6_US East_2': 10, 'E16as_v6_US East_3': 10, 'E20ads_v6_US East_2': 10, 'E20ads_v6_US East_3': 10, 'E20as_v6_US East_2': 10, 'E20as_v6_US East_3': 10, 'E2ads_v6_US East_1': 10, 'E2ads_v6_US East_2': 10, 'E2ads_v6_US East_3': 10, 'E2as_v6_US East_1': 10, 'E2as_v6_US East_2': 10, 'E2as_v6_US East_3': 10, 'E2ps_v5_US East_1': 10, 'E2ps_v5_US East_2': 10, 'E2ps_v5_US East_3': 10, 'E32ads_v6_US East_3': 10, 'E32as_v6_US East_2': 10, 'E48ads_v6_US East_2': 10, 'E48as_v6_US East_1': 10, 'E4ads_v6_US East_1': 10, 'E4ads_v6_US East_2': 10, 'E4as_v6_US East_1': 10, 'E4as_v6_US East_2': 10, 'E4ps_v5_US East_1': 10, 'E4ps_v5_US East_2': 10, 'E4ps_v5_US East_3': 10, 'E64ads_v6_US East_1': 10, 'E64as_v6_US East_2': 10, 'E8ads_v6_US East_2': 10, 'E8ads_v6_US East_3': 10, 'E8as_v6_US East_1': 10, 'E8as_v6_US East_3': 10, 'E8ps_v5_US East_3': 10, 'E96-24ads_v6_US East_3': 10, 'E96-48ads_v6_US East_3': 10, 'E96ads_v6_US East_1': 10, 'E96as_v6_US East_1': 10, 'F16als_v6_US East_1': 10, 'F16als_v6_US East_2': 10, 'F16ams_v6_US East_1': 10, 'F16ams_v6_US East_3': 10, 'F16as_v6_US East_2': 10, 'F16as_v6_US East_3': 10, 'F2ams_v6_US East_1': 10, 'F2ams_v6_US East_2': 10, 'F2ams_v6_US East_3': 10, 'F32als_v6_US East_2': 10, 'F32ams_v6_US East_2': 10, 'F32as_v6_US East_3': 10, 'F48als_v6_US East_3': 10, 'F48ams_v6_US East_2': 10, 'F48as_v6_US East_1': 10, 'F4ams_v6_US East_2': 10, 'F4ams_v6_US East_3': 10, 'F4as_v6_US East_1': 10, 'F4as_v6_US East_2': 10, 'F64als_v6_US East_1': 10, 'F64ams_v6_US East_2': 10, 'F64as_v6_US East_3': 10, 'F8ams_v6_US East_1': 10, 'F8ams_v6_US East_3': 10, 'F8as_v6_US East_1': 10, 'F8as_v6_US East_2': 10, 'M12ds_v3_US East_1': 10, 'M12s_v3_US East_2': 10, 'M16-8ms_US East_1': 10, 'M16-8ms_US East_2': 10, 'M16-8ms_US East_3': 10, 'M16ms_US East_1': 10, 'M16ms_US East_2': 10, 'M16ms_US East_3': 10, 'M32-8ms_US East_1': 10, 'M32-8ms_US East_2': 10, 'M32dms_v2_US East_1': 10, 'M32dms_v2_US East_2': 10, 'M32dms_v2_US East_3': 10, 'M32ls_US East_1': 10, 'M32ls_US East_2': 10, 'M32ls_US East_3': 10, 'M32ms_US East_1': 10, 'M32ms_US East_2': 10, 'M32ms_v2_US East_1': 10, 'M32ms_v2_US East_2': 10, 'M32ms_v2_US East_3': 10, 'M32ts_US East_1': 10, 'M32ts_US East_2': 10, 'M32ts_US East_3': 10, 'M64s_v2_US East_2': 10, 'M8-4ms_US East_1': 10, 'M8-4ms_US East_2': 10, 'M8-4ms_US East_3': 10, 'M8ms_US East_1': 10, 'M8ms_US East_2': 10, 'M8ms_US East_3': 10, 'NV4as_v4_US East_1': 10, 'NV4as_v4_US East_2': 10, 'NV4as_v4_US East_3': 10, 'NV8as_v4_US East_1': 10, 'NV8as_v4_US East_2': 10, 'NV8as_v4_US East_3': 10}"
0.76,567.0928,552707662,974633.5386377681,21390,20951,"{'D16ads_v6_US East_2': 10, 'D16ads_v6_US East_3': 10, 'D16alds_v6_US East_2': 10, 'D16alds_v6_US East_3': 10, 'D16als_v6_US East_2': 10, 'D16als_v6_US East_3': 10, 'D16as_v6_US East_1': 10, 'D16as_v6_US East_2': 10, 'D16pds_v5_US East_2': 10, 'D16plds_v5_US East_1': 10, 'D16plds_v5_US East_3': 10, 'D16pls_v5_US East_1': 10, 'D16pls_v5_US East_3': 10, 'D16ps_v5_US East_2': 10, 'D32ads_v6_US East_1': 10, 'D32ads_v6_US East_2': 10, 'D32alds_v6_US East_1': 10, 'D32alds_v6_US East_3': 10, 'D32als_v6_US East_1': 10, 'D32als_v6_US East_2': 10, 'D32as_v6_US East_1': 10, 'D32as_v6_US East_3': 10, 'D32plds_v5_US East_2': 10, 'D32pls_v5_US East_2': 10, 'D48ads_v6_US East_3': 10, 'D48alds_v6_US East_3': 10, 'D48als_v6_US East_2': 10, 'D48als_v6_US East_3': 10, 'D4ads_v6_US East_1': 10, 'D4ads_v6_US East_2': 10, 'D4ads_v6_US East_3': 10, 'D4as_v6_US East_1': 10, 'D4as_v6_US East_2': 10, 'D4as_v6_US East_3': 10, 'D4pds_v5_US East_1': 10, 'D4pds_v5_US East_2': 10, 'D4pds_v5_US East_3': 10, 'D4ps_v5_US East_1': 10, 'D4ps_v5_US East_2': 10, 'D4ps_v5_US East_3': 10, 'D64ads_v6_US East_2': 10, 'D64alds_v6_US East_2': 10, 'D64als_v6_US East_1': 10, 'D64as_v6_US East_3': 10, 'D8ads_v6_US East_1': 10, 'D8ads_v6_US East_3': 10, 'D8alds_v6_US East_2': 10, 'D8alds_v6_US East_3': 10, 'D8als_v6_US East_2': 10, 'D8als_v6_US East_3': 10, 'D8as_v6_US East_1': 10, 'D8as_v6_US East_2': 10, 'D8plds_v5_US East_1': 10, 'D8plds_v5_US East_2': 10, 'D8plds_v5_US East_3': 10, 'D8pls_v5_US East_1': 10, 'D8pls_v5_US East_2': 10, 'D8pls_v5_US East_3': 10, 'D8ps_v5_US East_1': 10, 'D8ps_v5_US East_2': 10, 'D8ps_v5_US East_3': 10, 'D96ads_v6_US East_1': 10, 'D96alds_v6_US East_2': 10, 'D96als_v6_US East_2': 10, 'D96as_v6_US East_3': 10, 'E16ads_v6_US East_2': 10, 'E16ads_v6_US East_3': 10, 'E16as_v6_US East_2': 10, 'E16as_v6_US East_3': 10, 'E20ads_v6_US East_2': 10, 'E20ads_v6_US East_3': 10, 'E20as_v6_US East_2': 10, 'E20as_v6_US East_3': 10, 'E2ads_v6_US East_1': 10, 'E2ads_v6_US East_2': 10, 'E2ads_v6_US East_3': 10, 'E2as_v6_US East_1': 10, 'E2as_v6_US East_2': 10, 'E2as_v6_US East_3': 10, 'E2ps_v5_US East_1': 10, 'E2ps_v5_US East_2': 10, 'E2ps_v5_US East_3': 10, 'E32ads_v6_US East_3': 10, 'E32as_v6_US East_2': 10, 'E48ads_v6_US East_2': 10, 'E48as_v6_US East_1': 10, 'E4ads_v6_US East_1': 10, 'E4ads_v6_US East_2': 10, 'E4as_v6_US East_1': 10, 'E4as_v6_US East_2': 10, 'E4ps_v5_US East_1': 10, 'E4ps_v5_US East_2': 10, 'E4ps_v5_US East_3': 10, 'E64ads_v6_US East_1': 10, 'E64as_v6_US East_2': 10, 'E8ads_v6_US East_2': 10, 'E8ads_v6_US East_3': 10, 'E8as_v6_US East_1': 10, 'E8as_v6_US East_3': 10, 'E8ps_v5_US East_3': 10, 'E96-24ads_v6_US East_3': 10, 'E96-48ads_v6_US East_3': 10, 'E96ads_v6_US East_1': 10, 'E96as_v6_US East_1': 10, 'F16als_v6_US East_1': 10, 'F16als_v6_US East_2': 10, 'F16ams_v6_US East_1': 10, 'F16ams_v6_US East_3': 10, 'F16as_v6_US East_2': 10, 'F16as_v6_US East_3': 10, 'F2ams_v6_US East_1': 10, 'F2ams_v6_US East_2': 10, 'F2ams_v6_US East_3': 10, 'F32als_v6_US East_2': 10, 'F32ams_v6_US East_2': 10, 'F32as_v6_US East_3': 10, 'F48als_v6_US East_3': 10, 'F48ams_v6_US East_2': 10, 'F48as_v6_US East_1': 10, 'F4ams_v6_US East_2': 10, 'F4ams_v6_US East_3': 10, 'F4as_v6_US East_1': 10, 'F4as_v6_US East_2': 10, 'F64als_v6_US East_1': 10, 'F64ams_v6_US East_2': 10, 'F64as_v6_US East_3': 10, 'F8ams_v6_US East_1': 10, 'F8ams_v6_US East_3': 10, 'F8as_v6_US East_1': 10, 'F8as_v6_US East_2': 10, 'M12ds_v3_US East_1': 10, 'M12s_v3_US East_2': 10, 'M16-8ms_US East_1': 10, 'M16-8ms_US East_2': 10, 'M16-8ms_US East_3': 10, 'M16ms_US East_1': 10, 'M16ms_US East_2': 10, 'M16ms_US East_3': 10, 'M32-8ms_US East_1': 10, 'M32-8ms_US East_2': 10, 'M32dms_v2_US East_1': 10, 'M32dms_v2_US East_2': 10, 'M32dms_v2_US East_3': 10, 'M32ls_US East_1': 10, 'M32ls_US East_2': 10, 'M32ls_US East_3': 10, 'M32ms_US East_1': 10, 'M32ms_US East_2': 10, 'M32ms_v2_US East_1': 10, 'M32ms_v2_US East_2': 10, 'M32ms_v2_US East_3': 10, 'M32ts_US East_1': 10, 'M32ts_US East_2': 10, 'M32ts_US East_3': 10, 'M64s_v2_US East_2': 10, 'M8-4ms_US East_1': 10, 'M8-4ms_US East_2': 10, 'M8-4ms_US East_3': 10, 'M8ms_US East_1': 10, 'M8ms_US East_2': 10, 'M8ms_US East_3': 10, 'NV4as_v4_US East_1': 10, 'NV4as_v4_US East_2': 10, 'NV4as_v4_US East_3': 10, 'NV8as_v4_US East_1': 10, 'NV8as_v4_US East_2': 10, 'NV8as_v4_US East_3': 10}"
0.77,569.1585200000001,553348747,972222.5488252378,21410,20971,"{'D16ads_v6_US East_2': 10, 'D16ads_v6_US East_3': 10, 'D16alds_v6_US East_2': 10, 'D16alds_v6_US East_3': 10, 'D16als_v6_US East_2': 10, 'D16als_v6_US East_3': 10, 'D16as_v6_US East_1': 10, 'D16as_v6_US East_2': 10, 'D16pds_v5_US East_2': 10, 'D16plds_v5_US East_1': 10, 'D16plds_v5_US East_3': 10, 'D16pls_v5_US East_1': 10, 'D16pls_v5_US East_3': 10, 'D16ps_v5_US East_2': 10, 'D32ads_v6_US East_1': 10, 'D32ads_v6_US East_2': 10, 'D32alds_v6_US East_1': 10, 'D32alds_v6_US East_3': 10, 'D32als_v6_US East_1': 10, 'D32als_v6_US East_2': 10, 'D32as_v6_US East_1': 10, 'D32as_v6_US East_3': 10, 'D32plds_v5_US East_2': 10, 'D32pls_v5_US East_2': 10, 'D48ads_v6_US East_3': 10, 'D48alds_v6_US East_3': 10, 'D48als_v6_US East_2': 10, 'D48als_v6_US East_3': 10, 'D4ads_v6_US East_1': 10, 'D4ads_v6_US East_2': 10, 'D4ads_v6_US East_3': 10, 'D4as_v6_US East_1': 10, 'D4as_v6_US East_2': 10, 'D4as_v6_US East_3': 10, 'D4pds_v5_US East_1': 10, 'D4pds_v5_US East_2': 10, 'D4pds_v5_US East_3': 10, 'D4ps_v5_US East_1': 10, 'D4ps_v5_US East_2': 10, 'D4ps_v5_US East_3': 10, 'D64ads_v6_US East_2': 10, 'D64alds_v6_US East_2': 10, 'D64als_v6_US East_1': 10, 'D64as_v6_US East_3': 10, 'D8ads_v6_US East_1': 10, 'D8ads_v6_US East_3': 10, 'D8alds_v6_US East_2': 10, 'D8alds_v6_US East_3': 10, 'D8als_v6_US East_2': 10, 'D8als_v6_US East_3': 10, 'D8as_v6_US East_1': 10, 'D8as_v6_US East_2': 10, 'D8plds_v5_US East_1': 10, 'D8plds_v5_US East_2': 10, 'D8plds_v5_US East_3': 10, 'D8pls_v5_US East_1': 10, 'D8pls_v5_US East_2': 10, 'D8pls_v5_US East_3': 10, 'D8ps_v5_US East_1': 10, 'D8ps_v5_US East_2': 10, 'D8ps_v5_US East_3': 10, 'D96ads_v6_US East_1': 10, 'D96alds_v6_US East_2': 10, 'D96als_v6_US East_2': 10, 'D96as_v6_US East_3': 10, 'E16ads_v6_US East_2': 10, 'E16ads_v6_US East_3': 10, 'E16as_v6_US East_2': 10, 'E16as_v6_US East_3': 10, 'E20ads_v6_US East_2': 10, 'E20ads_v6_US East_3': 10, 'E20as_v6_US East_2': 10, 'E20as_v6_US East_3': 10, 'E2ads_v6_US East_1': 10, 'E2ads_v6_US East_2': 10, 'E2ads_v6_US East_3': 10, 'E2as_v6_US East_1': 10, 'E2as_v6_US East_2': 10, 'E2as_v6_US East_3': 10, 'E2ps_v5_US East_1': 10, 'E2ps_v5_US East_2': 10, 'E2ps_v5_US East_3': 10, 'E32ads_v6_US East_3': 10, 'E32as_v6_US East_2': 10, 'E48ads_v6_US East_2': 10, 'E48as_v6_US East_1': 10, 'E4ads_v6_US East_1': 10, 'E4ads_v6_US East_2': 10, 'E4as_v6_US East_1': 10, 'E4as_v6_US East_2': 10, 'E4ps_v5_US East_1': 10, 'E4ps_v5_US East_2': 10, 'E4ps_v5_US East_3': 10, 'E64ads_v6_US East_1': 10, 'E64as_v6_US East_2': 10, 'E8ads_v6_US East_2': 10, 'E8ads_v6_US East_3': 10, 'E8as_v6_US East_1': 10, 'E8as_v6_US East_3': 10, 'E8ps_v5_US East_3': 10, 'E96-24ads_v6_US East_3': 10, 'E96-48ads_v6_US East_3': 10, 'E96ads_v6_US East_1': 10, 'E96as_v6_US East_1': 10, 'F16als_v6_US East_1': 10, 'F16als_v6_US East_2': 10, 'F16ams_v6_US East_1': 10, 'F16ams_v6_US East_3': 10, 'F16as_v6_US East_2': 10, 'F16as_v6_US East_3': 10, 'F2ams_v6_US East_1': 10, 'F2ams_v6_US East_2': 10, 'F2ams_v6_US East_3': 10, 'F32als_v6_US East_2': 10, 'F32ams_v6_US East_2': 10, 'F32as_v6_US East_3': 10, 'F48als_v6_US East_3': 10, 'F48ams_v6_US East_2': 10, 'F48as_v6_US East_1': 10, 'F4ams_v6_US East_2': 10, 'F4ams_v6_US East_3': 10, 'F4as_v6_US East_1': 10, 'F4as_v6_US East_2': 10, 'F64als_v6_US East_1': 10, 'F64ams_v6_US East_2': 10, 'F64as_v6_US East_3': 10, 'F8als_v6_US East_2': 10, 'F8als_v6_US East_3': 10, 'F8ams_v6_US East_1': 10, 'F8ams_v6_US East_3': 10, 'F8as_v6_US East_1': 10, 'F8as_v6_US East_2': 10, 'M12ds_v3_US East_1': 10, 'M12s_v3_US East_2': 10, 'M16-8ms_US East_1': 10, 'M16-8ms_US East_2': 10, 'M16-8ms_US East_3': 10, 'M16ms_US East_1': 10, 'M16ms_US East_2': 10, 'M16ms_US East_3': 10, 'M32-8ms_US East_1': 10, 'M32-8ms_US East_2': 10, 'M32dms_v2_US East_1': 10, 'M32dms_v2_US East_2': 10, 'M32dms_v2_US East_3': 10, 'M32ls_US East_1': 10, 'M32ls_US East_2': 10, 'M32ls_US East_3': 10, 'M32ms_US East_1': 10, 'M32ms_US East_2': 10, 'M32ms_v2_US East_1': 10, 'M32ms_v2_US East_2': 10, 'M32ms_v2_US East_3': 10, 'M32ts_US East_1': 10, 'M32ts_US East_2': 10, 'M32ts_US East_3': 10, 'M64s_v2_US East_2': 10, 'M8-4ms_US East_1': 10, 'M8-4ms_US East_2': 10, 'M8-4ms_US East_3': 10, 'M8ms_US East_1': 10, 'M8ms_US East_2': 10, 'M8ms_US East_3': 10, 'NV4as_v4_US East_1': 10, 'NV4as_v4_US East_2': 10, 'NV4as_v4_US East_3': 10, 'NV8as_v4_US East_1': 10, 'NV8as_v4_US East_2': 10, 'NV8as_v4_US East_3': 10}"
0.78,574.00052,554720595,966411.3123103096,21480,21041,"{'B16ps_v2_US East_1': 10, 'D16ads_v6_US East_2': 10, 'D16ads_v6_US East_3': 10, 'D16alds_v6_US East_2': 10, 'D16alds_v6_US East_3': 10, 'D16als_v6_US East_2': 10, 'D16als_v6_US East_3': 10, 'D16as_v6_US East_1': 10, 'D16as_v6_US East_2': 10, 'D16pds_v5_US East_2': 10, 'D16plds_v5_US East_1': 10, 'D16plds_v5_US East_3': 10, 'D16pls_v5_US East_1': 10, 'D16pls_v5_US East_3': 10, 'D16ps_v5_US East_2': 10, 'D32ads_v6_US East_1': 10, 'D32ads_v6_US East_2': 10, 'D32alds_v6_US East_1': 10, 'D32alds_v6_US East_3': 10, 'D32als_v6_US East_1': 10, 'D32als_v6_US East_2': 10, 'D32as_v6_US East_1': 10, 'D32as_v6_US East_3': 10, 'D32plds_v5_US East_2': 10, 'D32pls_v5_US East_2': 10, 'D48ads_v6_US East_3': 10, 'D48alds_v6_US East_3': 10, 'D48als_v6_US East_2': 10, 'D48als_v6_US East_3': 10, 'D4ads_v6_US East_1': 10, 'D4ads_v6_US East_2': 10, 'D4ads_v6_US East_3': 10, 'D4as_v6_US East_1': 10, 'D4as_v6_US East_2': 10, 'D4as_v6_US East_3': 10, 'D4pds_v5_US East_1': 10, 'D4pds_v5_US East_2': 10, 'D4pds_v5_US East_3': 10, 'D4ps_v5_US East_1': 10, 'D4ps_v5_US East_2': 10, 'D4ps_v5_US East_3': 10, 'D64ads_v6_US East_2': 10, 'D64alds_v6_US East_2': 10, 'D64als_v6_US East_1': 10, 'D64as_v6_US East_3': 10, 'D8ads_v6_US East_1': 10, 'D8ads_v6_US East_3': 10, 'D8alds_v6_US East_2': 10, 'D8alds_v6_US East_3': 10, 'D8als_v6_US East_2': 10, 'D8als_v6_US East_3': 10, 'D8as_v6_US East_1': 10, 'D8as_v6_US East_2': 10, 'D8plds_v5_US East_1': 10, 'D8plds_v5_US East_2': 10, 'D8plds_v5_US East_3': 10, 'D8pls_v5_US East_1': 10, 'D8pls_v5_US East_2': 10, 'D8pls_v5_US East_3': 10, 'D8ps_v5_US East_1': 10, 'D8ps_v5_US East_2': 10, 'D8ps_v5_US East_3': 10, 'D96ads_v6_US East_1': 10, 'D96alds_v6_US East_2': 10, 'D96als_v6_US East_2': 10, 'D96as_v6_US East_3': 10, 'E16ads_v6_US East_2': 10, 'E16ads_v6_US East_3': 10, 'E16as_v6_US East_2': 10, 'E16as_v6_US East_3': 10, 'E20ads_v6_US East_2': 10, 'E20ads_v6_US East_3': 10, 'E20as_v6_US East_2': 10, 'E20as_v6_US East_3': 10, 'E2ads_v6_US East_1': 10, 'E2ads_v6_US East_2': 10, 'E2ads_v6_US East_3': 10, 'E2as_v6_US East_1': 10, 'E2as_v6_US East_2': 10, 'E2as_v6_US East_3': 10, 'E2ps_v5_US East_1': 10, 'E2ps_v5_US East_2': 10, 'E2ps_v5_US East_3': 10, 'E32ads_v6_US East_3': 10, 'E32as_v6_US East_2': 10, 'E48ads_v6_US East_2': 10, 'E48as_v6_US East_1': 10, 'E4ads_v6_US East_1': 10, 'E4ads_v6_US East_2': 10, 'E4as_v6_US East_1': 10, 'E4as_v6_US East_2': 10, 'E4ps_v5_US East_1': 10, 'E4ps_v5_US East_2': 10, 'E4ps_v5_US East_3': 10, 'E64ads_v6_US East_1': 10, 'E64as_v6_US East_2': 10, 'E8ads_v6_US East_2': 10, 'E8ads_v6_US East_3': 10, 'E8as_v6_US East_1': 10, 'E8as_v6_US East_3': 10, 'E8ps_v5_US East_3': 10, 'E96-24ads_v6_US East_3': 10, 'E96-48ads_v6_US East_3': 10, 'E96ads_v6_US East_1': 10, 'E96as_v6_US East_1': 10, 'F16als_v6_US East_1': 10, 'F16als_v6_US East_2': 10, 'F16ams_v6_US East_1': 10, 'F16ams_v6_US East_3': 10, 'F16as_v6_US East_2': 10, 'F16as_v6_US East_3': 10, 'F2ams_v6_US East_1': 10, 'F2ams_v6_US East_2': 10, 'F2ams_v6_US East_3': 10, 'F32als_v6_US East_2': 10, 'F32ams_v6_US East_2': 10, 'F32as_v6_US East_3': 10, 'F48als_v6_US East_3': 10, 'F48ams_v6_US East_2': 10, 'F48as_v6_US East_1': 10, 'F4ams_v6_US East_2': 10, 'F4ams_v6_US East_3': 10, 'F4as_v6_US East_1': 10, 'F4as_v6_US East_2': 10, 'F64als_v6_US East_1': 10, 'F64ams_v6_US East_2': 10, 'F64as_v6_US East_3': 10, 'F8als_v6_US East_2': 10, 'F8als_v6_US East_3': 10, 'F8ams_v6_US East_1': 10, 'F8ams_v6_US East_3': 10, 'F8as_v6_US East_1': 10, 'F8as_v6_US East_2': 10, 'M12ds_v3_US East_1': 10, 'M12s_v3_US East_2': 10, 'M16-8ms_US East_1': 10, 'M16-8ms_US East_2': 10, 'M16-8ms_US East_3': 10, 'M16ms_US East_1': 10, 'M16ms_US East_2': 10, 'M16ms_US East_3': 10, 'M32-8ms_US East_1': 10, 'M32-8ms_US East_2': 10, 'M32dms_v2_US East_1': 10, 'M32dms_v2_US East_2': 10, 'M32dms_v2_US East_3': 10, 'M32ls_US East_1': 10, 'M32ls_US East_2': 10, 'M32ls_US East_3': 10, 'M32ms_US East_1': 10, 'M32ms_US East_2': 10, 'M32ms_v2_US East_1': 10, 'M32ms_v2_US East_2': 10, 'M32ms_v2_US East_3': 10, 'M32ts_US East_1': 10, 'M32ts_US East_2': 10, 'M32ts_US East_3': 10, 'M64s_v2_US East_2': 10, 'M8-4ms_US East_1': 10, 'M8-4ms_US East_2': 10, 'M8-4ms_US East_3': 10, 'M8ms_US East_1': 10, 'M8ms_US East_2': 10, 'M8ms_US East_3': 10, 'NV4as_v4_US East_1': 10, 'NV4as_v4_US East_2': 10, 'NV4as_v4_US East_3': 10, 'NV8as_v4_US East_1': 10, 'NV8as_v4_US East_2': 10, 'NV8as_v4_US East_3': 10}"
0.79,574.00052,554720595,966411.3123103096,21480,21041,"{'B16ps_v2_US East_1': 10, 'D16ads_v6_US East_2': 10, 'D16ads_v6_US East_3': 10, 'D16alds_v6_US East_2': 10, 'D16alds_v6_US East_3': 10, 'D16als_v6_US East_2': 10, 'D16als_v6_US East_3': 10, 'D16as_v6_US East_1': 10, 'D16as_v6_US East_2': 10, 'D16pds_v5_US East_2': 10, 'D16plds_v5_US East_1': 10, 'D16plds_v5_US East_3': 10, 'D16pls_v5_US East_1': 10, 'D16pls_v5_US East_3': 10, 'D16ps_v5_US East_2': 10, 'D32ads_v6_US East_1': 10, 'D32ads_v6_US East_2': 10, 'D32alds_v6_US East_1': 10, 'D32alds_v6_US East_3': 10, 'D32als_v6_US East_1': 10, 'D32als_v6_US East_2': 10, 'D32as_v6_US East_1': 10, 'D32as_v6_US East_3': 10, 'D32plds_v5_US East_2': 10, 'D32pls_v5_US East_2': 10, 'D48ads_v6_US East_3': 10, 'D48alds_v6_US East_3': 10, 'D48als_v6_US East_2': 10, 'D48als_v6_US East_3': 10, 'D4ads_v6_US East_1': 10, 'D4ads_v6_US East_2': 10, 'D4ads_v6_US East_3': 10, 'D4as_v6_US East_1': 10, 'D4as_v6_US East_2': 10, 'D4as_v6_US East_3': 10, 'D4pds_v5_US East_1': 10, 'D4pds_v5_US East_2': 10, 'D4pds_v5_US East_3': 10, 'D4ps_v5_US East_1': 10, 'D4ps_v5_US East_2': 10, 'D4ps_v5_US East_3': 10, 'D64ads_v6_US East_2': 10, 'D64alds_v6_US East_2': 10, 'D64als_v6_US East_1': 10, 'D64as_v6_US East_3': 10, 'D8ads_v6_US East_1': 10, 'D8ads_v6_US East_3': 10, 'D8alds_v6_US East_2': 10, 'D8alds_v6_US East_3': 10, 'D8als_v6_US East_2': 10, 'D8als_v6_US East_3': 10, 'D8as_v6_US East_1': 10, 'D8as_v6_US East_2': 10, 'D8plds_v5_US East_1': 10, 'D8plds_v5_US East_2': 10, 'D8plds_v5_US East_3': 10, 'D8pls_v5_US East_1': 10, 'D8pls_v5_US East_2': 10, 'D8pls_v5_US East_3': 10, 'D8ps_v5_US East_1': 10, 'D8ps_v5_US East_2': 10, 'D8ps_v5_US East_3': 10, 'D96ads_v6_US East_1': 10, 'D96alds_v6_US East_2': 10, 'D96als_v6_US East_2': 10, 'D96as_v6_US East_3': 10, 'E16ads_v6_US East_2': 10, 'E16ads_v6_US East_3': 10, 'E16as_v6_US East_2': 10, 'E16as_v6_US East_3': 10, 'E20ads_v6_US East_2': 10, 'E20ads_v6_US East_3': 10, 'E20as_v6_US East_2': 10, 'E20as_v6_US East_3': 10, 'E2ads_v6_US East_1': 10, 'E2ads_v6_US East_2': 10, 'E2ads_v6_US East_3': 10, 'E2as_v6_US East_1': 10, 'E2as_v6_US East_2': 10, 'E2as_v6_US East_3': 10, 'E2ps_v5_US East_1': 10, 'E2ps_v5_US East_2': 10, 'E2ps_v5_US East_3': 10, 'E32ads_v6_US East_3': 10, 'E32as_v6_US East_2': 10, 'E48ads_v6_US East_2': 10, 'E48as_v6_US East_1': 10, 'E4ads_v6_US East_1': 10, 'E4ads_v6_US East_2': 10, 'E4as_v6_US East_1': 10, 'E4as_v6_US East_2': 10, 'E4ps_v5_US East_1': 10, 'E4ps_v5_US East_2': 10, 'E4ps_v5_US East_3': 10, 'E64ads_v6_US East_1': 10, 'E64as_v6_US East_2': 10, 'E8ads_v6_US East_2': 10, 'E8ads_v6_US East_3': 10, 'E8as_v6_US East_1': 10, 'E8as_v6_US East_3': 10, 'E8ps_v5_US East_3': 10, 'E96-24ads_v6_US East_3': 10, 'E96-48ads_v6_US East_3': 10, 'E96ads_v6_US East_1': 10, 'E96as_v6_US East_1': 10, 'F16als_v6_US East_1': 10, 'F16als_v6_US East_2': 10, 'F16ams_v6_US East_1': 10, 'F16ams_v6_US East_3': 10, 'F16as_v6_US East_2': 10, 'F16as_v6_US East_3': 10, 'F2ams_v6_US East_1': 10, 'F2ams_v6_US East_2': 10, 'F2ams_v6_US East_3': 10, 'F32als_v6_US East_2': 10, 'F32ams_v6_US East_2': 10, 'F32as_v6_US East_3': 10, 'F48als_v6_US East_3': 10, 'F48ams_v6_US East_2': 10, 'F48as_v6_US East_1': 10, 'F4ams_v6_US East_2': 10, 'F4ams_v6_US East_3': 10, 'F4as_v6_US East_1': 10, 'F4as_v6_US East_2': 10, 'F64als_v6_US East_1': 10, 'F64ams_v6_US East_2': 10, 'F64as_v6_US East_3': 10, 'F8als_v6_US East_2': 10, 'F8als_v6_US East_3': 10, 'F8ams_v6_US East_1': 10, 'F8ams_v6_US East_3': 10, 'F8as_v6_US East_1': 10, 'F8as_v6_US East_2': 10, 'M12ds_v3_US East_1': 10, 'M12s_v3_US East_2': 10, 'M16-8ms_US East_1': 10, 'M16-8ms_US East_2': 10, 'M16-8ms_US East_3': 10, 'M16ms_US East_1': 10, 'M16ms_US East_2': 10, 'M16ms_US East_3': 10, 'M32-8ms_US East_1': 10, 'M32-8ms_US East_2': 10, 'M32dms_v2_US East_1': 10, 'M32dms_v2_US East_2': 10, 'M32dms_v2_US East_3': 10, 'M32ls_US East_1': 10, 'M32ls_US East_2': 10, 'M32ls_US East_3': 10, 'M32ms_US East_1': 10, 'M32ms_US East_2': 10, 'M32ms_v2_US East_1': 10, 'M32ms_v2_US East_2': 10, 'M32ms_v2_US East_3': 10, 'M32ts_US East_1': 10, 'M32ts_US East_2': 10, 'M32ts_US East_3': 10, 'M64s_v2_US East_2': 10, 'M8-4ms_US East_1': 10, 'M8-4ms_US East_2': 10, 'M8-4ms_US East_3': 10, 'M8ms_US East_1': 10, 'M8ms_US East_2': 10, 'M8ms_US East_3': 10, 'NV4as_v4_US East_1': 10, 'NV4as_v4_US East_2': 10, 'NV4as_v4_US East_3': 10, 'NV8as_v4_US East_1': 10, 'NV8as_v4_US East_2': 10, 'NV8as_v4_US East_3': 10}"
0.8,574.00052,554720595,966411.3123103096,21480,21041,"{'B16ps_v2_US East_1': 10, 'D16ads_v6_US East_2': 10, 'D16ads_v6_US East_3': 10, 'D16alds_v6_US East_2': 10, 'D16alds_v6_US East_3': 10, 'D16als_v6_US East_2': 10, 'D16als_v6_US East_3': 10, 'D16as_v6_US East_1': 10, 'D16as_v6_US East_2': 10, 'D16pds_v5_US East_2': 10, 'D16plds_v5_US East_1': 10, 'D16plds_v5_US East_3': 10, 'D16pls_v5_US East_1': 10, 'D16pls_v5_US East_3': 10, 'D16ps_v5_US East_2': 10, 'D32ads_v6_US East_1': 10, 'D32ads_v6_US East_2': 10, 'D32alds_v6_US East_1': 10, 'D32alds_v6_US East_3': 10, 'D32als_v6_US East_1': 10, 'D32als_v6_US East_2': 10, 'D32as_v6_US East_1': 10, 'D32as_v6_US East_3': 10, 'D32plds_v5_US East_2': 10, 'D32pls_v5_US East_2': 10, 'D48ads_v6_US East_3': 10, 'D48alds_v6_US East_3': 10, 'D48als_v6_US East_2': 10, 'D48als_v6_US East_3': 10, 'D4ads_v6_US East_1': 10, 'D4ads_v6_US East_2': 10, 'D4ads_v6_US East_3': 10, 'D4as_v6_US East_1': 10, 'D4as_v6_US East_2': 10, 'D4as_v6_US East_3': 10, 'D4pds_v5_US East_1': 10, 'D4pds_v5_US East_2': 10, 'D4pds_v5_US East_3': 10, 'D4ps_v5_US East_1': 10, 'D4ps_v5_US East_2': 10, 'D4ps_v5_US East_3': 10, 'D64ads_v6_US East_2': 10, 'D64alds_v6_US East_2': 10, 'D64als_v6_US East_1': 10, 'D64as_v6_US East_3': 10, 'D8ads_v6_US East_1': 10, 'D8ads_v6_US East_3': 10, 'D8alds_v6_US East_2': 10, 'D8alds_v6_US East_3': 10, 'D8als_v6_US East_2': 10, 'D8als_v6_US East_3': 10, 'D8as_v6_US East_1': 10, 'D8as_v6_US East_2': 10, 'D8plds_v5_US East_1': 10, 'D8plds_v5_US East_2': 10, 'D8plds_v5_US East_3': 10, 'D8pls_v5_US East_1': 10, 'D8pls_v5_US East_2': 10, 'D8pls_v5_US East_3': 10, 'D8ps_v5_US East_1': 10, 'D8ps_v5_US East_2': 10, 'D8ps_v5_US East_3': 10, 'D96ads_v6_US East_1': 10, 'D96alds_v6_US East_2': 10, 'D96als_v6_US East_2': 10, 'D96as_v6_US East_3': 10, 'E16ads_v6_US East_2': 10, 'E16ads_v6_US East_3': 10, 'E16as_v6_US East_2': 10, 'E16as_v6_US East_3': 10, 'E20ads_v6_US East_2': 10, 'E20ads_v6_US East_3': 10, 'E20as_v6_US East_2': 10, 'E20as_v6_US East_3': 10, 'E2ads_v6_US East_1': 10, 'E2ads_v6_US East_2': 10, 'E2ads_v6_US East_3': 10, 'E2as_v6_US East_1': 10, 'E2as_v6_US East_2': 10, 'E2as_v6_US East_3': 10, 'E2ps_v5_US East_1': 10, 'E2ps_v5_US East_2': 10, 'E2ps_v5_US East_3': 10, 'E32ads_v6_US East_3': 10, 'E32as_v6_US East_2': 10, 'E48ads_v6_US East_2': 10, 'E48as_v6_US East_1': 10, 'E4ads_v6_US East_1': 10, 'E4ads_v6_US East_2': 10, 'E4as_v6_US East_1': 10, 'E4as_v6_US East_2': 10, 'E4ps_v5_US East_1': 10, 'E4ps_v5_US East_2': 10, 'E4ps_v5_US East_3': 10, 'E64ads_v6_US East_1': 10, 'E64as_v6_US East_2': 10, 'E8ads_v6_US East_2': 10, 'E8ads_v6_US East_3': 10, 'E8as_v6_US East_1': 10, 'E8as_v6_US East_3': 10, 'E8ps_v5_US East_3': 10, 'E96-24ads_v6_US East_3': 10, 'E96-48ads_v6_US East_3': 10, 'E96ads_v6_US East_1': 10, 'E96as_v6_US East_1': 10, 'F16als_v6_US East_1': 10, 'F16als_v6_US East_2': 10, 'F16ams_v6_US East_1': 10, 'F16ams_v6_US East_3': 10, 'F16as_v6_US East_2': 10, 'F16as_v6_US East_3': 10, 'F2ams_v6_US East_1': 10, 'F2ams_v6_US East_2': 10, 'F2ams_v6_US East_3': 10, 'F32als_v6_US East_2': 10, 'F32ams_v6_US East_2': 10, 'F32as_v6_US East_3': 10, 'F48als_v6_US East_3': 10, 'F48ams_v6_US East_2': 10, 'F48as_v6_US East_1': 10, 'F4ams_v6_US East_2': 10, 'F4ams_v6_US East_3': 10, 'F4as_v6_US East_1': 10, 'F4as_v6_US East_2': 10, 'F64als_v6_US East_1': 10, 'F64ams_v6_US East_2': 10, 'F64as_v6_US East_3': 10, 'F8als_v6_US East_2': 10, 'F8als_v6_US East_3': 10, 'F8ams_v6_US East_1': 10, 'F8ams_v6_US East_3': 10, 'F8as_v6_US East_1': 10, 'F8as_v6_US East_2': 10, 'M12ds_v3_US East_1': 10, 'M12s_v3_US East_2': 10, 'M16-8ms_US East_1': 10, 'M16-8ms_US East_2': 10, 'M16-8ms_US East_3': 10, 'M16ms_US East_1': 10, 'M16ms_US East_2': 10, 'M16ms_US East_3': 10, 'M32-8ms_US East_1': 10, 'M32-8ms_US East_2': 10, 'M32dms_v2_US East_1': 10, 'M32dms_v2_US East_2': 10, 'M32dms_v2_US East_3': 10, 'M32ls_US East_1': 10, 'M32ls_US East_2': 10, 'M32ls_US East_3': 10, 'M32ms_US East_1': 10, 'M32ms_US East_2': 10, 'M32ms_v2_US East_1': 10, 'M32ms_v2_US East_2': 10, 'M32ms_v2_US East_3': 10, 'M32ts_US East_1': 10, 'M32ts_US East_2': 10, 'M32ts_US East_3': 10, 'M64s_v2_US East_2': 10, 'M8-4ms_US East_1': 10, 'M8-4ms_US East_2': 10, 'M8-4ms_US East_3': 10, 'M8ms_US East_1': 10, 'M8ms_US East_2': 10, 'M8ms_US East_3': 10, 'NV4as_v4_US East_1': 10, 'NV4as_v4_US East_2': 10, 'NV4as_v4_US East_3': 10, 'NV8as_v4_US East_1': 10, 'NV8as_v4_US East_2': 10, 'NV8as_v4_US East_3': 10}"
0.81,581.26352,556484401,957370.2498997359,21570,21131,"{'B16ps_v2_US East_1': 10, 'B8ps_v2_US East_1': 10, 'B8ps_v2_US East_2': 10, 'B8ps_v2_US East_3': 10, 'D16ads_v6_US East_2': 10, 'D16ads_v6_US East_3': 10, 'D16alds_v6_US East_2': 10, 'D16alds_v6_US East_3': 10, 'D16als_v6_US East_2': 10, 'D16als_v6_US East_3': 10, 'D16as_v6_US East_1': 10, 'D16as_v6_US East_2': 10, 'D16pds_v5_US East_2': 10, 'D16plds_v5_US East_1': 10, 'D16plds_v5_US East_3': 10, 'D16pls_v5_US East_1': 10, 'D16pls_v5_US East_3': 10, 'D16ps_v5_US East_2': 10, 'D32ads_v6_US East_1': 10, 'D32ads_v6_US East_2': 10, 'D32alds_v6_US East_1': 10, 'D32alds_v6_US East_3': 10, 'D32als_v6_US East_1': 10, 'D32als_v6_US East_2': 10, 'D32as_v6_US East_1': 10, 'D32as_v6_US East_3': 10, 'D32plds_v5_US East_2': 10, 'D32pls_v5_US East_2': 10, 'D48ads_v6_US East_3': 10, 'D48alds_v6_US East_3': 10, 'D48als_v6_US East_2': 10, 'D48als_v6_US East_3': 10, 'D4ads_v6_US East_1': 10, 'D4ads_v6_US East_2': 10, 'D4ads_v6_US East_3': 10, 'D4as_v6_US East_1': 10, 'D4as_v6_US East_2': 10, 'D4as_v6_US East_3': 10, 'D4pds_v5_US East_1': 10, 'D4pds_v5_US East_2': 10, 'D4pds_v5_US East_3': 10, 'D4ps_v5_US East_1': 10, 'D4ps_v5_US East_2': 10, 'D4ps_v5_US East_3': 10, 'D64ads_v6_US East_2': 10, 'D64alds_v6_US East_2': 10, 'D64als_v6_US East_1': 10, 'D64as_v6_US East_3': 10, 'D8ads_v6_US East_1': 10, 'D8ads_v6_US East_3': 10, 'D8alds_v6_US East_2': 10, 'D8alds_v6_US East_3': 10, 'D8als_v6_US East_2': 10, 'D8als_v6_US East_3': 10, 'D8as_v6_US East_1': 10, 'D8as_v6_US East_2': 10, 'D8plds_v5_US East_1': 10, 'D8plds_v5_US East_2': 10, 'D8plds_v5_US East_3': 10, 'D8pls_v5_US East_1': 10, 'D8pls_v5_US East_2': 10, 'D8pls_v5_US East_3': 10, 'D8ps_v5_US East_1': 10, 'D8ps_v5_US East_2': 10, 'D8ps_v5_US East_3': 10, 'D96ads_v6_US East_1': 10, 'D96alds_v6_US East_2': 10, 'D96als_v6_US East_2': 10, 'D96as_v6_US East_3': 10, 'E16ads_v6_US East_2': 10, 'E16ads_v6_US East_3': 10, 'E16as_v6_US East_2': 10, 'E16as_v6_US East_3': 10, 'E20ads_v6_US East_2': 10, 'E20ads_v6_US East_3': 10, 'E20as_v6_US East_2': 10, 'E20as_v6_US East_3': 10, 'E2ads_v6_US East_1': 10, 'E2ads_v6_US East_2': 10, 'E2ads_v6_US East_3': 10, 'E2as_v6_US East_1': 10, 'E2as_v6_US East_2': 10, 'E2as_v6_US East_3': 10, 'E2ps_v5_US East_1': 10, 'E2ps_v5_US East_2': 10, 'E2ps_v5_US East_3': 10, 'E32ads_v6_US East_3': 10, 'E32as_v6_US East_2': 10, 'E48ads_v6_US East_2': 10, 'E48as_v6_US East_1': 10, 'E4ads_v6_US East_1': 10, 'E4ads_v6_US East_2': 10, 'E4as_v6_US East_1': 10, 'E4as_v6_US East_2': 10, 'E4ps_v5_US East_1': 10, 'E4ps_v5_US East_2': 10, 'E4ps_v5_US East_3': 10, 'E64ads_v6_US East_1': 10, 'E64as_v6_US East_2': 10, 'E8ads_v6_US East_2': 10, 'E8ads_v6_US East_3': 10, 'E8as_v6_US East_1': 10, 'E8as_v6_US East_3': 10, 'E8ps_v5_US East_3': 10, 'E96-24ads_v6_US East_3': 10, 'E96-48ads_v6_US East_3': 10, 'E96ads_v6_US East_1': 10, 'E96as_v6_US East_1': 10, 'F16als_v6_US East_1': 10, 'F16als_v6_US East_2': 10, 'F16ams_v6_US East_1': 10, 'F16ams_v6_US East_3': 10, 'F16as_v6_US East_2': 10, 'F16as_v6_US East_3': 10, 'F2ams_v6_US East_1': 10, 'F2ams_v6_US East_2': 10, 'F2ams_v6_US East_3': 10, 'F32als_v6_US East_2': 10, 'F32ams_v6_US East_2': 10, 'F32as_v6_US East_3': 10, 'F48als_v6_US East_3': 10, 'F48ams_v6_US East_2': 10, 'F48as_v6_US East_1': 10, 'F4ams_v6_US East_2': 10, 'F4ams_v6_US East_3': 10, 'F4as_v6_US East_1': 10, 'F4as_v6_US East_2': 10, 'F64als_v6_US East_1': 10, 'F64ams_v6_US East_2': 10, 'F64as_v6_US East_3': 10, 'F8als_v6_US East_2': 10, 'F8als_v6_US East_3': 10, 'F8ams_v6_US East_1': 10, 'F8ams_v6_US East_3': 10, 'F8as_v6_US East_1': 10, 'F8as_v6_US East_2': 10, 'M12ds_v3_US East_1': 10, 'M12s_v3_US East_2': 10, 'M16-8ms_US East_1': 10, 'M16-8ms_US East_2': 10, 'M16-8ms_US East_3': 10, 'M16ms_US East_1': 10, 'M16ms_US East_2': 10, 'M16ms_US East_3': 10, 'M32-8ms_US East_1': 10, 'M32-8ms_US East_2': 10, 'M32dms_v2_US East_1': 10, 'M32dms_v2_US East_2': 10, 'M32dms_v2_US East_3': 10, 'M32ls_US East_1': 10, 'M32ls_US East_2': 10, 'M32ls_US East_3': 10, 'M32ms_US East_1': 10, 'M32ms_US East_2': 10, 'M32ms_v2_US East_1': 10, 'M32ms_v2_US East_2': 10, 'M32ms_v2_US East_3': 10, 'M32ts_US East_1': 10, 'M32ts_US East_2': 10, 'M32ts_US East_3': 10, 'M64s_v2_US East_2': 10, 'M8-4ms_US East_1': 10, 'M8-4ms_US East_2': 10, 'M8-4ms_US East_3': 10, 'M8ms_US East_1': 10, 'M8ms_US East_2': 10, 'M8ms_US East_3': 10, 'NV4as_v4_US East_1': 10, 'NV4as_v4_US East_2': 10, 'NV4as_v4_US East_3': 10, 'NV8as_v4_US East_1': 10, 'NV8as_v4_US East_2': 10, 'NV8as_v4_US East_3': 10}"
0.8200000000000001,581.26352,556484401,957370.2498997359,21570,21131,"{'B16ps_v2_US East_1': 10, 'B8ps_v2_US East_1': 10, 'B8ps_v2_US East_2': 10, 'B8ps_v2_US East_3': 10, 'D16ads_v6_US East_2': 10, 'D16ads_v6_US East_3': 10, 'D16alds_v6_US East_2': 10, 'D16alds_v6_US East_3': 10, 'D16als_v6_US East_2': 10, 'D16als_v6_US East_3': 10, 'D16as_v6_US East_1': 10, 'D16as_v6_US East_2': 10, 'D16pds_v5_US East_2': 10, 'D16plds_v5_US East_1': 10, 'D16plds_v5_US East_3': 10, 'D16pls_v5_US East_1': 10, 'D16pls_v5_US East_3': 10, 'D16ps_v5_US East_2': 10, 'D32ads_v6_US East_1': 10, 'D32ads_v6_US East_2': 10, 'D32alds_v6_US East_1': 10, 'D32alds_v6_US East_3': 10, 'D32als_v6_US East_1': 10, 'D32als_v6_US East_2': 10, 'D32as_v6_US East_1': 10, 'D32as_v6_US East_3': 10, 'D32plds_v5_US East_2': 10, 'D32pls_v5_US East_2': 10, 'D48ads_v6_US East_3': 10, 'D48alds_v6_US East_3': 10, 'D48als_v6_US East_2': 10, 'D48als_v6_US East_3': 10, 'D4ads_v6_US East_1': 10, 'D4ads_v6_US East_2': 10, 'D4ads_v6_US East_3': 10, 'D4as_v6_US East_1': 10, 'D4as_v6_US East_2': 10, 'D4as_v6_US East_3': 10, 'D4pds_v5_US East_1': 10, 'D4pds_v5_US East_2': 10, 'D4pds_v5_US East_3': 10, 'D4ps_v5_US East_1': 10, 'D4ps_v5_US East_2': 10, 'D4ps_v5_US East_3': 10, 'D64ads_v6_US East_2': 10, 'D64alds_v6_US East_2': 10, 'D64als_v6_US East_1': 10, 'D64as_v6_US East_3': 10, 'D8ads_v6_US East_1': 10, 'D8ads_v6_US East_3': 10, 'D8alds_v6_US East_2': 10, 'D8alds_v6_US East_3': 10, 'D8als_v6_US East_2': 10, 'D8als_v6_US East_3': 10, 'D8as_v6_US East_1': 10, 'D8as_v6_US East_2': 10, 'D8plds_v5_US East_1': 10, 'D8plds_v5_US East_2': 10, 'D8plds_v5_US East_3': 10, 'D8pls_v5_US East_1': 10, 'D8pls_v5_US East_2': 10, 'D8pls_v5_US East_3': 10, 'D8ps_v5_US East_1': 10, 'D8ps_v5_US East_2': 10, 'D8ps_v5_US East_3': 10, 'D96ads_v6_US East_1': 10, 'D96alds_v6_US East_2': 10, 'D96als_v6_US East_2': 10, 'D96as_v6_US East_3': 10, 'E16ads_v6_US East_2': 10, 'E16ads_v6_US East_3': 10, 'E16as_v6_US East_2': 10, 'E16as_v6_US East_3': 10, 'E20ads_v6_US East_2': 10, 'E20ads_v6_US East_3': 10, 'E20as_v6_US East_2': 10, 'E20as_v6_US East_3': 10, 'E2ads_v6_US East_1': 10, 'E2ads_v6_US East_2': 10, 'E2ads_v6_US East_3': 10, 'E2as_v6_US East_1': 10, 'E2as_v6_US East_2': 10, 'E2as_v6_US East_3': 10, 'E2ps_v5_US East_1': 10, 'E2ps_v5_US East_2': 10, 'E2ps_v5_US East_3': 10, 'E32ads_v6_US East_3': 10, 'E32as_v6_US East_2': 10, 'E48ads_v6_US East_2': 10, 'E48as_v6_US East_1': 10, 'E4ads_v6_US East_1': 10, 'E4ads_v6_US East_2': 10, 'E4as_v6_US East_1': 10, 'E4as_v6_US East_2': 10, 'E4ps_v5_US East_1': 10, 'E4ps_v5_US East_2': 10, 'E4ps_v5_US East_3': 10, 'E64ads_v6_US East_1': 10, 'E64as_v6_US East_2': 10, 'E8ads_v6_US East_2': 10, 'E8ads_v6_US East_3': 10, 'E8as_v6_US East_1': 10, 'E8as_v6_US East_3': 10, 'E8ps_v5_US East_3': 10, 'E96-24ads_v6_US East_3': 10, 'E96-48ads_v6_US East_3': 10, 'E96ads_v6_US East_1': 10, 'E96as_v6_US East_1': 10, 'F16als_v6_US East_1': 10, 'F16als_v6_US East_2': 10, 'F16ams_v6_US East_1': 10, 'F16ams_v6_US East_3': 10, 'F16as_v6_US East_2': 10, 'F16as_v6_US East_3': 10, 'F2ams_v6_US East_1': 10, 'F2ams_v6_US East_2': 10, 'F2ams_v6_US East_3': 10, 'F32als_v6_US East_2': 10, 'F32ams_v6_US East_2': 10, 'F32as_v6_US East_3': 10, 'F48als_v6_US East_3': 10, 'F48ams_v6_US East_2': 10, 'F48as_v6_US East_1': 10, 'F4ams_v6_US East_2': 10, 'F4ams_v6_US East_3': 10, 'F4as_v6_US East_1': 10, 'F4as_v6_US East_2': 10, 'F64als_v6_US East_1': 10, 'F64ams_v6_US East_2': 10, 'F64as_v6_US East_3': 10, 'F8als_v6_US East_2': 10, 'F8als_v6_US East_3': 10, 'F8ams_v6_US East_1': 10, 'F8ams_v6_US East_3': 10, 'F8as_v6_US East_1': 10, 'F8as_v6_US East_2': 10, 'M12ds_v3_US East_1': 10, 'M12s_v3_US East_2': 10, 'M16-8ms_US East_1': 10, 'M16-8ms_US East_2': 10, 'M16-8ms_US East_3': 10, 'M16ms_US East_1': 10, 'M16ms_US East_2': 10, 'M16ms_US East_3': 10, 'M32-8ms_US East_1': 10, 'M32-8ms_US East_2': 10, 'M32dms_v2_US East_1': 10, 'M32dms_v2_US East_2': 10, 'M32dms_v2_US East_3': 10, 'M32ls_US East_1': 10, 'M32ls_US East_2': 10, 'M32ls_US East_3': 10, 'M32ms_US East_1': 10, 'M32ms_US East_2': 10, 'M32ms_v2_US East_1': 10, 'M32ms_v2_US East_2': 10, 'M32ms_v2_US East_3': 10, 'M32ts_US East_1': 10, 'M32ts_US East_2': 10, 'M32ts_US East_3': 10, 'M64s_v2_US East_2': 10, 'M8-4ms_US East_1': 10, 'M8-4ms_US East_2': 10, 'M8-4ms_US East_3': 10, 'M8ms_US East_1': 10, 'M8ms_US East_2': 10, 'M8ms_US East_3': 10, 'NV4as_v4_US East_1': 10, 'NV4as_v4_US East_2': 10, 'NV4as_v4_US East_3': 10, 'NV8as_v4_US East_1': 10, 'NV8as_v4_US East_2': 10, 'NV8as_v4_US East_3': 10}"
0.8300000000000001,581.26352,556484401,957370.2498997359,21570,21131,"{'B16ps_v2_US East_1': 10, 'B8ps_v2_US East_1': 10, 'B8ps_v2_US East_2': 10, 'B8ps_v2_US East_3': 10, 'D16ads_v6_US East_2': 10, 'D16ads_v6_US East_3': 10, 'D16alds_v6_US East_2': 10, 'D16alds_v6_US East_3': 10, 'D16als_v6_US East_2': 10, 'D16als_v6_US East_3': 10, 'D16as_v6_US East_1': 10, 'D16as_v6_US East_2': 10, 'D16pds_v5_US East_2': 10, 'D16plds_v5_US East_1': 10, 'D16plds_v5_US East_3': 10, 'D16pls_v5_US East_1': 10, 'D16pls_v5_US East_3': 10, 'D16ps_v5_US East_2': 10, 'D32ads_v6_US East_1': 10, 'D32ads_v6_US East_2': 10, 'D32alds_v6_US East_1': 10, 'D32alds_v6_US East_3': 10, 'D32als_v6_US East_1': 10, 'D32als_v6_US East_2': 10, 'D32as_v6_US East_1': 10, 'D32as_v6_US East_3': 10, 'D32plds_v5_US East_2': 10, 'D32pls_v5_US East_2': 10, 'D48ads_v6_US East_3': 10, 'D48alds_v6_US East_3': 10, 'D48als_v6_US East_2': 10, 'D48als_v6_US East_3': 10, 'D4ads_v6_US East_1': 10, 'D4ads_v6_US East_2': 10, 'D4ads_v6_US East_3': 10, 'D4as_v6_US East_1': 10, 'D4as_v6_US East_2': 10, 'D4as_v6_US East_3': 10, 'D4pds_v5_US East_1': 10, 'D4pds_v5_US East_2': 10, 'D4pds_v5_US East_3': 10, 'D4ps_v5_US East_1': 10, 'D4ps_v5_US East_2': 10, 'D4ps_v5_US East_3': 10, 'D64ads_v6_US East_2': 10, 'D64alds_v6_US East_2': 10, 'D64als_v6_US East_1': 10, 'D64as_v6_US East_3': 10, 'D8ads_v6_US East_1': 10, 'D8ads_v6_US East_3': 10, 'D8alds_v6_US East_2': 10, 'D8alds_v6_US East_3': 10, 'D8als_v6_US East_2': 10, 'D8als_v6_US East_3': 10, 'D8as_v6_US East_1': 10, 'D8as_v6_US East_2': 10, 'D8plds_v5_US East_1': 10, 'D8plds_v5_US East_2': 10, 'D8plds_v5_US East_3': 10, 'D8pls_v5_US East_1': 10, 'D8pls_v5_US East_2': 10, 'D8pls_v5_US East_3': 10, 'D8ps_v5_US East_1': 10, 'D8ps_v5_US East_2': 10, 'D8ps_v5_US East_3': 10, 'D96ads_v6_US East_1': 10, 'D96alds_v6_US East_2': 10, 'D96als_v6_US East_2': 10, 'D96as_v6_US East_3': 10, 'E16ads_v6_US East_2': 10, 'E16ads_v6_US East_3': 10, 'E16as_v6_US East_2': 10, 'E16as_v6_US East_3': 10, 'E20ads_v6_US East_2': 10, 'E20ads_v6_US East_3': 10, 'E20as_v6_US East_2': 10, 'E20as_v6_US East_3': 10, 'E2ads_v6_US East_1': 10, 'E2ads_v6_US East_2': 10, 'E2ads_v6_US East_3': 10, 'E2as_v6_US East_1': 10, 'E2as_v6_US East_2': 10, 'E2as_v6_US East_3': 10, 'E2ps_v5_US East_1': 10, 'E2ps_v5_US East_2': 10, 'E2ps_v5_US East_3': 10, 'E32ads_v6_US East_3': 10, 'E32as_v6_US East_2': 10, 'E48ads_v6_US East_2': 10, 'E48as_v6_US East_1': 10, 'E4ads_v6_US East_1': 10, 'E4ads_v6_US East_2': 10, 'E4as_v6_US East_1': 10, 'E4as_v6_US East_2': 10, 'E4ps_v5_US East_1': 10, 'E4ps_v5_US East_2': 10, 'E4ps_v5_US East_3': 10, 'E64ads_v6_US East_1': 10, 'E64as_v6_US East_2': 10, 'E8ads_v6_US East_2': 10, 'E8ads_v6_US East_3': 10, 'E8as_v6_US East_1': 10, 'E8as_v6_US East_3': 10, 'E8ps_v5_US East_3': 10, 'E96-24ads_v6_US East_3': 10, 'E96-48ads_v6_US East_3': 10, 'E96ads_v6_US East_1': 10, 'E96as_v6_US East_1': 10, 'F16als_v6_US East_1': 10, 'F16als_v6_US East_2': 10, 'F16ams_v6_US East_1': 10, 'F16ams_v6_US East_3': 10, 'F16as_v6_US East_2': 10, 'F16as_v6_US East_3': 10, 'F2ams_v6_US East_1': 10, 'F2ams_v6_US East_2': 10, 'F2ams_v6_US East_3': 10, 'F32als_v6_US East_2': 10, 'F32ams_v6_US East_2': 10, 'F32as_v6_US East_3': 10, 'F48als_v6_US East_3': 10, 'F48ams_v6_US East_2': 10, 'F48as_v6_US East_1': 10, 'F4ams_v6_US East_2': 10, 'F4ams_v6_US East_3': 10, 'F4as_v6_US East_1': 10, 'F4as_v6_US East_2': 10, 'F64als_v6_US East_1': 10, 'F64ams_v6_US East_2': 10, 'F64as_v6_US East_3': 10, 'F8als_v6_US East_2': 10, 'F8als_v6_US East_3': 10, 'F8ams_v6_US East_1': 10, 'F8ams_v6_US East_3': 10, 'F8as_v6_US East_1': 10, 'F8as_v6_US East_2': 10, 'M12ds_v3_US East_1': 10, 'M12s_v3_US East_2': 10, 'M16-8ms_US East_1': 10, 'M16-8ms_US East_2': 10, 'M16-8ms_US East_3': 10, 'M16ms_US East_1': 10, 'M16ms_US East_2': 10, 'M16ms_US East_3': 10, 'M32-8ms_US East_1': 10, 'M32-8ms_US East_2': 10, 'M32dms_v2_US East_1': 10, 'M32dms_v2_US East_2': 10, 'M32dms_v2_US East_3': 10, 'M32ls_US East_1': 10, 'M32ls_US East_2': 10, 'M32ls_US East_3': 10, 'M32ms_US East_1': 10, 'M32ms_US East_2': 10, 'M32ms_v2_US East_1': 10, 'M32ms_v2_US East_2': 10, 'M32ms_v2_US East_3': 10, 'M32ts_US East_1': 10, 'M32ts_US East_2': 10, 'M32ts_US East_3': 10, 'M64s_v2_US East_2': 10, 'M8-4ms_US East_1': 10, 'M8-4ms_US East_2': 10, 'M8-4ms_US East_3': 10, 'M8ms_US East_1': 10, 'M8ms_US East_2': 10, 'M8ms_US East_3': 10, 'NV4as_v4_US East_1': 10, 'NV4as_v4_US East_2': 10, 'NV4as_v4_US East_3': 10, 'NV8as_v4_US East_1': 10, 'NV8as_v4_US East_2': 10, 'NV8as_v4_US East_3': 10}"
0.84,603.97914,560894302,928665.0234311073,21890,21451,"{'B16ps_v2_US East_1': 10, 'B8ps_v2_US East_1': 10, 'B8ps_v2_US East_2': 10, 'B8ps_v2_US East_3': 10, 'D16ads_v6_US East_2': 10, 'D16ads_v6_US East_3': 10, 'D16alds_v6_US East_2': 10, 'D16alds_v6_US East_3': 10, 'D16als_v6_US East_2': 10, 'D16als_v6_US East_3': 10, 'D16as_v6_US East_1': 10, 'D16as_v6_US East_2': 10, 'D16pds_v5_US East_2': 10, 'D16plds_v5_US East_1': 10, 'D16plds_v5_US East_3': 10, 'D16pls_v5_US East_1': 10, 'D16pls_v5_US East_3': 10, 'D16ps_v5_US East_2': 10, 'D32ads_v6_US East_1': 10, 'D32ads_v6_US East_2': 10, 'D32alds_v6_US East_1': 10, 'D32alds_v6_US East_3': 10, 'D32als_v6_US East_1': 10, 'D32als_v6_US East_2': 10, 'D32as_v6_US East_1': 10, 'D32as_v6_US East_3': 10, 'D32plds_v5_US East_2': 10, 'D32pls_v5_US East_2': 10, 'D48ads_v6_US East_3': 10, 'D48alds_v6_US East_3': 10, 'D48als_v6_US East_2': 10, 'D48als_v6_US East_3': 10, 'D4ads_v6_US East_1': 10, 'D4ads_v6_US East_2': 10, 'D4ads_v6_US East_3': 10, 'D4as_v6_US East_1': 10, 'D4as_v6_US East_2': 10, 'D4as_v6_US East_3': 10, 'D4pds_v5_US East_1': 10, 'D4pds_v5_US East_2': 10, 'D4pds_v5_US East_3': 10, 'D4ps_v5_US East_1': 10, 'D4ps_v5_US East_2': 10, 'D4ps_v5_US East_3': 10, 'D64ads_v6_US East_2': 10, 'D64alds_v6_US East_2': 10, 'D64als_v6_US East_1': 10, 'D64as_v6_US East_3': 10, 'D8ads_v6_US East_1': 10, 'D8ads_v6_US East_3': 10, 'D8alds_v6_US East_2': 10, 'D8alds_v6_US East_3': 10, 'D8als_v6_US East_2': 10, 'D8als_v6_US East_3': 10, 'D8as_v6_US East_1': 10, 'D8as_v6_US East_2': 10, 'D8plds_v5_US East_1': 10, 'D8plds_v5_US East_2': 10, 'D8plds_v5_US East_3': 10, 'D8pls_v5_US East_1': 10, 'D8pls_v5_US East_2': 10, 'D8pls_v5_US East_3': 10, 'D8ps_v5_US East_1': 10, 'D8ps_v5_US East_2': 10, 'D8ps_v5_US East_3': 10, 'D96ads_v6_US East_1': 10, 'D96alds_v6_US East_2': 10, 'D96als_v6_US East_2': 10, 'D96as_v6_US East_3': 10, 'E16ads_v6_US East_2': 10, 'E16ads_v6_US East_3': 10, 'E16as_v6_US East_2': 10, 'E16as_v6_US East_3': 10, 'E20ads_v6_US East_2': 10, 'E20ads_v6_US East_3': 10, 'E20as_v6_US East_2': 10, 'E20as_v6_US East_3': 10, 'E2ads_v6_US East_1': 10, 'E2ads_v6_US East_2': 10, 'E2ads_v6_US East_3': 10, 'E2as_v6_US East_1': 10, 'E2as_v6_US East_2': 10, 'E2as_v6_US East_3': 10, 'E2ps_v5_US East_1': 10, 'E2ps_v5_US East_2': 10, 'E2ps_v5_US East_3': 10, 'E32ads_v6_US East_3': 10, 'E32as_v6_US East_2': 10, 'E48ads_v6_US East_2': 10, 'E48as_v6_US East_1': 10, 'E4ads_v6_US East_1': 10, 'E4ads_v6_US East_2': 10, 'E4as_v6_US East_1': 10, 'E4as_v6_US East_2': 10, 'E4ps_v5_US East_1': 10, 'E4ps_v5_US East_2': 10, 'E4ps_v5_US East_3': 10, 'E64ads_v6_US East_1': 10, 'E64as_v6_US East_2': 10, 'E8ads_v6_US East_2': 10, 'E8ads_v6_US East_3': 10, 'E8as_v6_US East_1': 10, 'E8as_v6_US East_3': 10, 'E8ps_v5_US East_3': 10, 'E96-24ads_v6_US East_3': 10, 'E96-48ads_v6_US East_3': 10, 'E96ads_v6_US East_1': 10, 'E96as_v6_US East_1': 10, 'F16als_v6_US East_1': 10, 'F16als_v6_US East_2': 10, 'F16ams_v6_US East_1': 10, 'F16ams_v6_US East_3': 10, 'F16as_v6_US East_2': 10, 'F16as_v6_US East_3': 10, 'F2ams_v6_US East_1': 10, 'F2ams_v6_US East_2': 10, 'F2ams_v6_US East_3': 10, 'F32als_v6_US East_2': 10, 'F32ams_v6_US East_2': 10, 'F32as_v6_US East_3': 10, 'F48als_v6_US East_3': 10, 'F48ams_v6_US East_2': 10, 'F48as_v6_US East_1': 10, 'F4ams_v6_US East_2': 10, 'F4ams_v6_US East_3': 10, 'F4as_v6_US East_1': 10, 'F4as_v6_US East_2': 10, 'F64als_v6_US East_1': 10, 'F64ams_v6_US East_2': 10, 'F64as_v6_US East_3': 10, 'F8als_v6_US East_2': 10, 'F8als_v6_US East_3': 10, 'F8ams_v6_US East_1': 10, 'F8ams_v6_US East_3': 10, 'F8as_v6_US East_1': 10, 'F8as_v6_US East_2': 10, 'M12ds_v3_US East_1': 10, 'M12s_v3_US East_2': 10, 'M16-8ms_US East_1': 10, 'M16-8ms_US East_2': 10, 'M16-8ms_US East_3': 10, 'M16ms_US East_1': 10, 'M16ms_US East_2': 10, 'M16ms_US East_3': 10, 'M32-16ms_US East_2': 10, 'M32-16ms_US East_3': 10, 'M32-8ms_US East_1': 10, 'M32-8ms_US East_2': 10, 'M32dms_v2_US East_1': 10, 'M32dms_v2_US East_2': 10, 'M32dms_v2_US East_3': 10, 'M32ls_US East_1': 10, 'M32ls_US East_2': 10, 'M32ls_US East_3': 10, 'M32ms_US East_1': 10, 'M32ms_US East_2': 10, 'M32ms_v2_US East_1': 10, 'M32ms_v2_US East_2': 10, 'M32ms_v2_US East_3': 10, 'M32ts_US East_1': 10, 'M32ts_US East_2': 10, 'M32ts_US East_3': 10, 'M64s_v2_US East_2': 10, 'M8-4ms_US East_1': 10, 'M8-4ms_US East_2': 10, 'M8-4ms_US East_3': 10, 'M8ms_US East_1': 10, 'M8ms_US East_2': 10, 'M8ms_US East_3': 10, 'NV4as_v4_US East_1': 10, 'NV4as_v4_US East_2': 10, 'NV4as_v4_US East_3': 10, 'NV8as_v4_US East_1': 10, 'NV8as_v4_US East_2': 10, 'NV8as_v4_US East_3': 10}"
0.85,603.97914,560894302,928665.0234311073,21890,21451,"{'B16ps_v2_US East_1': 10, 'B8ps_v2_US East_1': 10, 'B8ps_v2_US East_2': 10, 'B8ps_v2_US East_3': 10, 'D16ads_v6_US East_2': 10, 'D16ads_v6_US East_3': 10, 'D16alds_v6_US East_2': 10, 'D16alds_v6_US East_3': 10, 'D16als_v6_US East_2': 10, 'D16als_v6_US East_3': 10, 'D16as_v6_US East_1': 10, 'D16as_v6_US East_2': 10, 'D16pds_v5_US East_2': 10, 'D16plds_v5_US East_1': 10, 'D16plds_v5_US East_3': 10, 'D16pls_v5_US East_1': 10, 'D16pls_v5_US East_3': 10, 'D16ps_v5_US East_2': 10, 'D32ads_v6_US East_1': 10, 'D32ads_v6_US East_2': 10, 'D32alds_v6_US East_1': 10, 'D32alds_v6_US East_3': 10, 'D32als_v6_US East_1': 10, 'D32als_v6_US East_2': 10, 'D32as_v6_US East_1': 10, 'D32as_v6_US East_3': 10, 'D32plds_v5_US East_2': 10, 'D32pls_v5_US East_2': 10, 'D48ads_v6_US East_3': 10, 'D48alds_v6_US East_3': 10, 'D48als_v6_US East_2': 10, 'D48als_v6_US East_3': 10, 'D4ads_v6_US East_1': 10, 'D4ads_v6_US East_2': 10, 'D4ads_v6_US East_3': 10, 'D4as_v6_US East_1': 10, 'D4as_v6_US East_2': 10, 'D4as_v6_US East_3': 10, 'D4pds_v5_US East_1': 10, 'D4pds_v5_US East_2': 10, 'D4pds_v5_US East_3': 10, 'D4ps_v5_US East_1': 10, 'D4ps_v5_US East_2': 10, 'D4ps_v5_US East_3': 10, 'D64ads_v6_US East_2': 10, 'D64alds_v6_US East_2': 10, 'D64als_v6_US East_1': 10, 'D64as_v6_US East_3': 10, 'D8ads_v6_US East_1': 10, 'D8ads_v6_US East_3': 10, 'D8alds_v6_US East_2': 10, 'D8alds_v6_US East_3': 10, 'D8als_v6_US East_2': 10, 'D8als_v6_US East_3': 10, 'D8as_v6_US East_1': 10, 'D8as_v6_US East_2': 10, 'D8plds_v5_US East_1': 10, 'D8plds_v5_US East_2': 10, 'D8plds_v5_US East_3': 10, 'D8pls_v5_US East_1': 10, 'D8pls_v5_US East_2': 10, 'D8pls_v5_US East_3': 10, 'D8ps_v5_US East_1': 10, 'D8ps_v5_US East_2': 10, 'D8ps_v5_US East_3': 10, 'D96ads_v6_US East_1': 10, 'D96alds_v6_US East_2': 10, 'D96als_v6_US East_2': 10, 'D96as_v6_US East_3': 10, 'E16ads_v6_US East_2': 10, 'E16ads_v6_US East_3': 10, 'E16as_v6_US East_2': 10, 'E16as_v6_US East_3': 10, 'E20ads_v6_US East_2': 10, 'E20ads_v6_US East_3': 10, 'E20as_v6_US East_2': 10, 'E20as_v6_US East_3': 10, 'E2ads_v6_US East_1': 10, 'E2ads_v6_US East_2': 10, 'E2ads_v6_US East_3': 10, 'E2as_v6_US East_1': 10, 'E2as_v6_US East_2': 10, 'E2as_v6_US East_3': 10, 'E2ps_v5_US East_1': 10, 'E2ps_v5_US East_2': 10, 'E2ps_v5_US East_3': 10, 'E32ads_v6_US East_3': 10, 'E32as_v6_US East_2': 10, 'E48ads_v6_US East_2': 10, 'E48as_v6_US East_1': 10, 'E4ads_v6_US East_1': 10, 'E4ads_v6_US East_2': 10, 'E4as_v6_US East_1': 10, 'E4as_v6_US East_2': 10, 'E4ps_v5_US East_1': 10, 'E4ps_v5_US East_2': 10, 'E4ps_v5_US East_3': 10, 'E64ads_v6_US East_1': 10, 'E64as_v6_US East_2': 10, 'E8ads_v6_US East_2': 10, 'E8ads_v6_US East_3': 10, 'E8as_v6_US East_1': 10, 'E8as_v6_US East_3': 10, 'E8ps_v5_US East_3': 10, 'E96-24ads_v6_US East_3': 10, 'E96-48ads_v6_US East_3': 10, 'E96ads_v6_US East_1': 10, 'E96as_v6_US East_1': 10, 'F16als_v6_US East_1': 10, 'F16als_v6_US East_2': 10, 'F16ams_v6_US East_1': 10, 'F16ams_v6_US East_3': 10, 'F16as_v6_US East_2': 10, 'F16as_v6_US East_3': 10, 'F2ams_v6_US East_1': 10, 'F2ams_v6_US East_2': 10, 'F2ams_v6_US East_3': 10, 'F32als_v6_US East_2': 10, 'F32ams_v6_US East_2': 10, 'F32as_v6_US East_3': 10, 'F48als_v6_US East_3': 10, 'F48ams_v6_US East_2': 10, 'F48as_v6_US East_1': 10, 'F4ams_v6_US East_2': 10, 'F4ams_v6_US East_3': 10, 'F4as_v6_US East_1': 10, 'F4as_v6_US East_2': 10, 'F64als_v6_US East_1': 10, 'F64ams_v6_US East_2': 10, 'F64as_v6_US East_3': 10, 'F8als_v6_US East_2': 10, 'F8als_v6_US East_3': 10, 'F8ams_v6_US East_1': 10, 'F8ams_v6_US East_3': 10, 'F8as_v6_US East_1': 10, 'F8as_v6_US East_2': 10, 'M12ds_v3_US East_1': 10, 'M12s_v3_US East_2': 10, 'M16-8ms_US East_1': 10, 'M16-8ms_US East_2': 10, 'M16-8ms_US East_3': 10, 'M16ms_US East_1': 10, 'M16ms_US East_2': 10, 'M16ms_US East_3': 10, 'M32-16ms_US East_2': 10, 'M32-16ms_US East_3': 10, 'M32-8ms_US East_1': 10, 'M32-8ms_US East_2': 10, 'M32dms_v2_US East_1': 10, 'M32dms_v2_US East_2': 10, 'M32dms_v2_US East_3': 10, 'M32ls_US East_1': 10, 'M32ls_US East_2': 10, 'M32ls_US East_3': 10, 'M32ms_US East_1': 10, 'M32ms_US East_2': 10, 'M32ms_v2_US East_1': 10, 'M32ms_v2_US East_2': 10, 'M32ms_v2_US East_3': 10, 'M32ts_US East_1': 10, 'M32ts_US East_2': 10, 'M32ts_US East_3': 10, 'M64s_v2_US East_2': 10, 'M8-4ms_US East_1': 10, 'M8-4ms_US East_2': 10, 'M8-4ms_US East_3': 10, 'M8ms_US East_1': 10, 'M8ms_US East_2': 10, 'M8ms_US East_3': 10, 'NV4as_v4_US East_1': 10, 'NV4as_v4_US East_2': 10, 'NV4as_v4_US East_3': 10, 'NV8as_v4_US East_1': 10, 'NV8as_v4_US East_2': 10, 'NV8as_v4_US East_3': 10}"
0.86,607.59714,561482237,924102.8313596077,21920,21481,"{'B16ps_v2_US East_1': 10, 'B4ps_v2_US East_1': 10, 'B4ps_v2_US East_2': 10, 'B4ps_v2_US East_3': 10, 'B8ps_v2_US East_1': 10, 'B8ps_v2_US East_2': 10, 'B8ps_v2_US East_3': 10, 'D16ads_v6_US East_2': 10, 'D16ads_v6_US East_3': 10, 'D16alds_v6_US East_2': 10, 'D16alds_v6_US East_3': 10, 'D16als_v6_US East_2': 10, 'D16als_v6_US East_3': 10, 'D16as_v6_US East_1': 10, 'D16as_v6_US East_2': 10, 'D16pds_v5_US East_2': 10, 'D16plds_v5_US East_1': 10, 'D16plds_v5_US East_3': 10, 'D16pls_v5_US East_1': 10, 'D16pls_v5_US East_3': 10, 'D16ps_v5_US East_2': 10, 'D32ads_v6_US East_1': 10, 'D32ads_v6_US East_2': 10, 'D32alds_v6_US East_1': 10, 'D32alds_v6_US East_3': 10, 'D32als_v6_US East_1': 10, 'D32als_v6_US East_2': 10, 'D32as_v6_US East_1': 10, 'D32as_v6_US East_3': 10, 'D32plds_v5_US East_2': 10, 'D32pls_v5_US East_2': 10, 'D48ads_v6_US East_3': 10, 'D48alds_v6_US East_3': 10, 'D48als_v6_US East_2': 10, 'D48als_v6_US East_3': 10, 'D4ads_v6_US East_1': 10, 'D4ads_v6_US East_2': 10, 'D4ads_v6_US East_3': 10, 'D4as_v6_US East_1': 10, 'D4as_v6_US East_2': 10, 'D4as_v6_US East_3': 10, 'D4pds_v5_US East_1': 10, 'D4pds_v5_US East_2': 10, 'D4pds_v5_US East_3': 10, 'D4ps_v5_US East_1': 10, 'D4ps_v5_US East_2': 10, 'D4ps_v5_US East_3': 10, 'D64ads_v6_US East_2': 10, 'D64alds_v6_US East_2': 10, 'D64als_v6_US East_1': 10, 'D64as_v6_US East_3': 10, 'D8ads_v6_US East_1': 10, 'D8ads_v6_US East_3': 10, 'D8alds_v6_US East_2': 10, 'D8alds_v6_US East_3': 10, 'D8als_v6_US East_2': 10, 'D8als_v6_US East_3': 10, 'D8as_v6_US East_1': 10, 'D8as_v6_US East_2': 10, 'D8plds_v5_US East_1': 10, 'D8plds_v5_US East_2': 10, 'D8plds_v5_US East_3': 10, 'D8pls_v5_US East_1': 10, 'D8pls_v5_US East_2': 10, 'D8pls_v5_US East_3': 10, 'D8ps_v5_US East_1': 10, 'D8ps_v5_US East_2': 10, 'D8ps_v5_US East_3': 10, 'D96ads_v6_US East_1': 10, 'D96alds_v6_US East_2': 10, 'D96als_v6_US East_2': 10, 'D96as_v6_US East_3': 10, 'E16ads_v6_US East_2': 10, 'E16ads_v6_US East_3': 10, 'E16as_v6_US East_2': 10, 'E16as_v6_US East_3': 10, 'E20ads_v6_US East_2': 10, 'E20ads_v6_US East_3': 10, 'E20as_v6_US East_2': 10, 'E20as_v6_US East_3': 10, 'E2ads_v6_US East_1': 10, 'E2ads_v6_US East_2': 10, 'E2ads_v6_US East_3': 10, 'E2as_v6_US East_1': 10, 'E2as_v6_US East_2': 10, 'E2as_v6_US East_3': 10, 'E2ps_v5_US East_1': 10, 'E2ps_v5_US East_2': 10, 'E2ps_v5_US East_3': 10, 'E32ads_v6_US East_3': 10, 'E32as_v6_US East_2': 10, 'E48ads_v6_US East_2': 10, 'E48as_v6_US East_1': 10, 'E4ads_v6_US East_1': 10, 'E4ads_v6_US East_2': 10, 'E4as_v6_US East_1': 10, 'E4as_v6_US East_2': 10, 'E4ps_v5_US East_1': 10, 'E4ps_v5_US East_2': 10, 'E4ps_v5_US East_3': 10, 'E64ads_v6_US East_1': 10, 'E64as_v6_US East_2': 10, 'E8ads_v6_US East_2': 10, 'E8ads_v6_US East_3': 10, 'E8as_v6_US East_1': 10, 'E8as_v6_US East_3': 10, 'E8ps_v5_US East_3': 10, 'E96-24ads_v6_US East_3': 10, 'E96-48ads_v6_US East_3': 10, 'E96ads_v6_US East_1': 10, 'E96as_v6_US East_1': 10, 'F16als_v6_US East_1': 10, 'F16als_v6_US East_2': 10, 'F16ams_v6_US East_1': 10, 'F16ams_v6_US East_3': 10, 'F16as_v6_US East_2': 10, 'F16as_v6_US East_3': 10, 'F2ams_v6_US East_1': 10, 'F2ams_v6_US East_2': 10, 'F2ams_v6_US East_3': 10, 'F32als_v6_US East_2': 10, 'F32ams_v6_US East_2': 10, 'F32as_v6_US East_3': 10, 'F48als_v6_US East_3': 10, 'F48ams_v6_US East_2': 10, 'F48as_v6_US East_1': 10, 'F4ams_v6_US East_2': 10, 'F4ams_v6_US East_3': 10, 'F4as_v6_US East_1': 10, 'F4as_v6_US East_2': 10, 'F64als_v6_US East_1': 10, 'F64ams_v6_US East_2': 10, 'F64as_v6_US East_3': 10, 'F8als_v6_US East_2': 10, 'F8als_v6_US East_3': 10, 'F8ams_v6_US East_1': 10, 'F8ams_v6_US East_3': 10, 'F8as_v6_US East_1': 10, 'F8as_v6_US East_2': 10, 'M12ds_v3_US East_1': 10, 'M12s_v3_US East_2': 10, 'M16-8ms_US East_1': 10, 'M16-8ms_US East_2': 10, 'M16-8ms_US East_3': 10, 'M16ms_US East_1': 10, 'M16ms_US East_2': 10, 'M16ms_US East_3': 10, 'M32-16ms_US East_2': 10, 'M32-16ms_US East_3': 10, 'M32-8ms_US East_1': 10, 'M32-8ms_US East_2': 10, 'M32dms_v2_US East_1': 10, 'M32dms_v2_US East_2': 10, 'M32dms_v2_US East_3': 10, 'M32ls_US East_1': 10, 'M32ls_US East_2': 10, 'M32ls_US East_3': 10, 'M32ms_US East_1': 10, 'M32ms_US East_2': 10, 'M32ms_v2_US East_1': 10, 'M32ms_v2_US East_2': 10, 'M32ms_v2_US East_3': 10, 'M32ts_US East_1': 10, 'M32ts_US East_2': 10, 'M32ts_US East_3': 10, 'M64s_v2_US East_2': 10, 'M8-4ms_US East_1': 10, 'M8-4ms_US East_2': 10, 'M8-4ms_US East_3': 10, 'M8ms_US East_1': 10, 'M8ms_US East_2': 10, 'M8ms_US East_3': 10, 'NV4as_v4_US East_1': 10, 'NV4as_v4_US East_2': 10, 'NV4as_v4_US East_3': 10, 'NV8as_v4_US East_1': 10, 'NV8as_v4_US East_2': 10, 'NV8as_v4_US East_3': 10}"
0.87,607.59714,561482237,924102.8313596077,21920,21481,"{'B16ps_v2_US East_1': 10, 'B4ps_v2_US East_1': 10, 'B4ps_v2_US East_2': 10, 'B4ps_v2_US East_3': 10, 'B8ps_v2_US East_1': 10, 'B8ps_v2_US East_2': 10, 'B8ps_v2_US East_3': 10, 'D16ads_v6_US East_2': 10, 'D16ads_v6_US East_3': 10, 'D16alds_v6_US East_2': 10, 'D16alds_v6_US East_3': 10, 'D16als_v6_US East_2': 10, 'D16als_v6_US East_3': 10, 'D16as_v6_US East_1': 10, 'D16as_v6_US East_2': 10, 'D16pds_v5_US East_2': 10, 'D16plds_v5_US East_1': 10, 'D16plds_v5_US East_3': 10, 'D16pls_v5_US East_1': 10, 'D16pls_v5_US East_3': 10, 'D16ps_v5_US East_2': 10, 'D32ads_v6_US East_1': 10, 'D32ads_v6_US East_2': 10, 'D32alds_v6_US East_1': 10, 'D32alds_v6_US East_3': 10, 'D32als_v6_US East_1': 10, 'D32als_v6_US East_2': 10, 'D32as_v6_US East_1': 10, 'D32as_v6_US East_3': 10, 'D32plds_v5_US East_2': 10, 'D32pls_v5_US East_2': 10, 'D48ads_v6_US East_3': 10, 'D48alds_v6_US East_3': 10, 'D48als_v6_US East_2': 10, 'D48als_v6_US East_3': 10, 'D4ads_v6_US East_1': 10, 'D4ads_v6_US East_2': 10, 'D4ads_v6_US East_3': 10, 'D4as_v6_US East_1': 10, 'D4as_v6_US East_2': 10, 'D4as_v6_US East_3': 10, 'D4pds_v5_US East_1': 10, 'D4pds_v5_US East_2': 10, 'D4pds_v5_US East_3': 10, 'D4ps_v5_US East_1': 10, 'D4ps_v5_US East_2': 10, 'D4ps_v5_US East_3': 10, 'D64ads_v6_US East_2': 10, 'D64alds_v6_US East_2': 10, 'D64als_v6_US East_1': 10, 'D64as_v6_US East_3': 10, 'D8ads_v6_US East_1': 10, 'D8ads_v6_US East_3': 10, 'D8alds_v6_US East_2': 10, 'D8alds_v6_US East_3': 10, 'D8als_v6_US East_2': 10, 'D8als_v6_US East_3': 10, 'D8as_v6_US East_1': 10, 'D8as_v6_US East_2': 10, 'D8plds_v5_US East_1': 10, 'D8plds_v5_US East_2': 10, 'D8plds_v5_US East_3': 10, 'D8pls_v5_US East_1': 10, 'D8pls_v5_US East_2': 10, 'D8pls_v5_US East_3': 10, 'D8ps_v5_US East_1': 10, 'D8ps_v5_US East_2': 10, 'D8ps_v5_US East_3': 10, 'D96ads_v6_US East_1': 10, 'D96alds_v6_US East_2': 10, 'D96als_v6_US East_2': 10, 'D96as_v6_US East_3': 10, 'E16ads_v6_US East_2': 10, 'E16ads_v6_US East_3': 10, 'E16as_v6_US East_2': 10, 'E16as_v6_US East_3': 10, 'E20ads_v6_US East_2': 10, 'E20ads_v6_US East_3': 10, 'E20as_v6_US East_2': 10, 'E20as_v6_US East_3': 10, 'E2ads_v6_US East_1': 10, 'E2ads_v6_US East_2': 10, 'E2ads_v6_US East_3': 10, 'E2as_v6_US East_1': 10, 'E2as_v6_US East_2': 10, 'E2as_v6_US East_3': 10, 'E2ps_v5_US East_1': 10, 'E2ps_v5_US East_2': 10, 'E2ps_v5_US East_3': 10, 'E32ads_v6_US East_3': 10, 'E32as_v6_US East_2': 10, 'E48ads_v6_US East_2': 10, 'E48as_v6_US East_1': 10, 'E4ads_v6_US East_1': 10, 'E4ads_v6_US East_2': 10, 'E4as_v6_US East_1': 10, 'E4as_v6_US East_2': 10, 'E4ps_v5_US East_1': 10, 'E4ps_v5_US East_2': 10, 'E4ps_v5_US East_3': 10, 'E64ads_v6_US East_1': 10, 'E64as_v6_US East_2': 10, 'E8ads_v6_US East_2': 10, 'E8ads_v6_US East_3': 10, 'E8as_v6_US East_1': 10, 'E8as_v6_US East_3': 10, 'E8ps_v5_US East_3': 10, 'E96-24ads_v6_US East_3': 10, 'E96-48ads_v6_US East_3': 10, 'E96ads_v6_US East_1': 10, 'E96as_v6_US East_1': 10, 'F16als_v6_US East_1': 10, 'F16als_v6_US East_2': 10, 'F16ams_v6_US East_1': 10, 'F16ams_v6_US East_3': 10, 'F16as_v6_US East_2': 10, 'F16as_v6_US East_3': 10, 'F2ams_v6_US East_1': 10, 'F2ams_v6_US East_2': 10, 'F2ams_v6_US East_3': 10, 'F32als_v6_US East_2': 10, 'F32ams_v6_US East_2': 10, 'F32as_v6_US East_3': 10, 'F48als_v6_US East_3': 10, 'F48ams_v6_US East_2': 10, 'F48as_v6_US East_1': 10, 'F4ams_v6_US East_2': 10, 'F4ams_v6_US East_3': 10, 'F4as_v6_US East_1': 10, 'F4as_v6_US East_2': 10, 'F64als_v6_US East_1': 10, 'F64ams_v6_US East_2': 10, 'F64as_v6_US East_3': 10, 'F8als_v6_US East_2': 10, 'F8als_v6_US East_3': 10, 'F8ams_v6_US East_1': 10, 'F8ams_v6_US East_3': 10, 'F8as_v6_US East_1': 10, 'F8as_v6_US East_2': 10, 'M12ds_v3_US East_1': 10, 'M12s_v3_US East_2': 10, 'M16-8ms_US East_1': 10, 'M16-8ms_US East_2': 10, 'M16-8ms_US East_3': 10, 'M16ms_US East_1': 10, 'M16ms_US East_2': 10, 'M16ms_US East_3': 10, 'M32-16ms_US East_2': 10, 'M32-16ms_US East_3': 10, 'M32-8ms_US East_1': 10, 'M32-8ms_US East_2': 10, 'M32dms_v2_US East_1': 10, 'M32dms_v2_US East_2': 10, 'M32dms_v2_US East_3': 10, 'M32ls_US East_1': 10, 'M32ls_US East_2': 10, 'M32ls_US East_3': 10, 'M32ms_US East_1': 10, 'M32ms_US East_2': 10, 'M32ms_v2_US East_1': 10, 'M32ms_v2_US East_2': 10, 'M32ms_v2_US East_3': 10, 'M32ts_US East_1': 10, 'M32ts_US East_2': 10, 'M32ts_US East_3': 10, 'M64s_v2_US East_2': 10, 'M8-4ms_US East_1': 10, 'M8-4ms_US East_2': 10, 'M8-4ms_US East_3': 10, 'M8ms_US East_1': 10, 'M8ms_US East_2': 10, 'M8ms_US East_3': 10, 'NV4as_v4_US East_1': 10, 'NV4as_v4_US East_2': 10, 'NV4as_v4_US East_3': 10, 'NV8as_v4_US East_1': 10, 'NV8as_v4_US East_2': 10, 'NV8as_v4_US East_3': 10}"
0.88,620.4491399999998,563246043,907803.7290856752,22010,21571,"{'B16pls_v2_US East_1': 10, 'B16pls_v2_US East_2': 10, 'B16pls_v2_US East_3': 10, 'B16ps_v2_US East_1': 10, 'B4ps_v2_US East_1': 10, 'B4ps_v2_US East_2': 10, 'B4ps_v2_US East_3': 10, 'B8ps_v2_US East_1': 10, 'B8ps_v2_US East_2': 10, 'B8ps_v2_US East_3': 10, 'D16ads_v6_US East_2': 10, 'D16ads_v6_US East_3': 10, 'D16alds_v6_US East_2': 10, 'D16alds_v6_US East_3': 10, 'D16als_v6_US East_2': 10, 'D16als_v6_US East_3': 10, 'D16as_v6_US East_1': 10, 'D16as_v6_US East_2': 10, 'D16pds_v5_US East_2': 10, 'D16plds_v5_US East_1': 10, 'D16plds_v5_US East_3': 10, 'D16pls_v5_US East_1': 10, 'D16pls_v5_US East_3': 10, 'D16ps_v5_US East_2': 10, 'D32ads_v6_US East_1': 10, 'D32ads_v6_US East_2': 10, 'D32alds_v6_US East_1': 10, 'D32alds_v6_US East_3': 10, 'D32als_v6_US East_1': 10, 'D32als_v6_US East_2': 10, 'D32as_v6_US East_1': 10, 'D32as_v6_US East_3': 10, 'D32plds_v5_US East_2': 10, 'D32pls_v5_US East_2': 10, 'D48ads_v6_US East_3': 10, 'D48alds_v6_US East_3': 10, 'D48als_v6_US East_2': 10, 'D48als_v6_US East_3': 10, 'D4ads_v6_US East_1': 10, 'D4ads_v6_US East_2': 10, 'D4ads_v6_US East_3': 10, 'D4as_v6_US East_1': 10, 'D4as_v6_US East_2': 10, 'D4as_v6_US East_3': 10, 'D4pds_v5_US East_1': 10, 'D4pds_v5_US East_2': 10, 'D4pds_v5_US East_3': 10, 'D4ps_v5_US East_1': 10, 'D4ps_v5_US East_2': 10, 'D4ps_v5_US East_3': 10, 'D64ads_v6_US East_2': 10, 'D64alds_v6_US East_2': 10, 'D64als_v6_US East_1': 10, 'D64as_v6_US East_3': 10, 'D8ads_v6_US East_1': 10, 'D8ads_v6_US East_3': 10, 'D8alds_v6_US East_2': 10, 'D8alds_v6_US East_3': 10, 'D8als_v6_US East_2': 10, 'D8als_v6_US East_3': 10, 'D8as_v6_US East_1': 10, 'D8as_v6_US East_2': 10, 'D8plds_v5_US East_1': 10, 'D8plds_v5_US East_2': 10, 'D8plds_v5_US East_3': 10, 'D8pls_v5_US East_1': 10, 'D8pls_v5_US East_2': 10, 'D8pls_v5_US East_3': 10, 'D8ps_v5_US East_1': 10, 'D8ps_v5_US East_2': 10, 'D8ps_v5_US East_3': 10, 'D96ads_v6_US East_1': 10, 'D96alds_v6_US East_2': 10, 'D96als_v6_US East_2': 10, 'D96as_v6_US East_3': 10, 'E16ads_v6_US East_2': 10, 'E16ads_v6_US East_3': 10, 'E16as_v6_US East_2': 10, 'E16as_v6_US East_3': 10, 'E20ads_v6_US East_2': 10, 'E20ads_v6_US East_3': 10, 'E20as_v6_US East_2': 10, 'E20as_v6_US East_3': 10, 'E2ads_v6_US East_1': 10, 'E2ads_v6_US East_2': 10, 'E2ads_v6_US East_3': 10, 'E2as_v6_US East_1': 10, 'E2as_v6_US East_2': 10, 'E2as_v6_US East_3': 10, 'E2ps_v5_US East_1': 10, 'E2ps_v5_US East_2': 10, 'E2ps_v5_US East_3': 10, 'E32ads_v6_US East_3': 10, 'E32as_v6_US East_2': 10, 'E48ads_v6_US East_2': 10, 'E48as_v6_US East_1': 10, 'E4ads_v6_US East_1': 10, 'E4ads_v6_US East_2': 10, 'E4as_v6_US East_1': 10, 'E4as_v6_US East_2': 10, 'E4ps_v5_US East_1': 10, 'E4ps_v5_US East_2': 10, 'E4ps_v5_US East_3': 10, 'E64ads_v6_US East_1': 10, 'E64as_v6_US East_2': 10, 'E8ads_v6_US East_2': 10, 'E8ads_v6_US East_3': 10, 'E8as_v6_US East_1': 10, 'E8as_v6_US East_3': 10, 'E8ps_v5_US East_3': 10, 'E96-24ads_v6_US East_3': 10, 'E96-48ads_v6_US East_3': 10, 'E96ads_v6_US East_1': 10, 'E96as_v6_US East_1': 10, 'F16als_v6_US East_1': 10, 'F16als_v6_US East_2': 10, 'F16ams_v6_US East_1': 10, 'F16ams_v6_US East_3': 10, 'F16as_v6_US East_2': 10, 'F16as_v6_US East_3': 10, 'F2ams_v6_US East_1': 10, 'F2ams_v6_US East_2': 10, 'F2ams_v6_US East_3': 10, 'F32als_v6_US East_2': 10, 'F32ams_v6_US East_2': 10, 'F32as_v6_US East_3': 10, 'F48als_v6_US East_3': 10, 'F48ams_v6_US East_2': 10, 'F48as_v6_US East_1': 10, 'F4ams_v6_US East_2': 10, 'F4ams_v6_US East_3': 10, 'F4as_v6_US East_1': 10, 'F4as_v6_US East_2': 10, 'F64als_v6_US East_1': 10, 'F64ams_v6_US East_2': 10, 'F64as_v6_US East_3': 10, 'F8als_v6_US East_2': 10, 'F8als_v6_US East_3': 10, 'F8ams_v6_US East_1': 10, 'F8ams_v6_US East_3': 10, 'F8as_v6_US East_1': 10, 'F8as_v6_US East_2': 10, 'M12ds_v3_US East_1': 10, 'M12s_v3_US East_2': 10, 'M16-8ms_US East_1': 10, 'M16-8ms_US East_2': 10, 'M16-8ms_US East_3': 10, 'M16ms_US East_1': 10, 'M16ms_US East_2': 10, 'M16ms_US East_3': 10, 'M32-16ms_US East_2': 10, 'M32-16ms_US East_3': 10, 'M32-8ms_US East_1': 10, 'M32-8ms_US East_2': 10, 'M32dms_v2_US East_1': 10, 'M32dms_v2_US East_2': 10, 'M32dms_v2_US East_3': 10, 'M32ls_US East_1': 10, 'M32ls_US East_2': 10, 'M32ls_US East_3': 10, 'M32ms_US East_1': 10, 'M32ms_US East_2': 10, 'M32ms_v2_US East_1': 10, 'M32ms_v2_US East_2': 10, 'M32ms_v2_US East_3': 10, 'M32ts_US East_1': 10, 'M32ts_US East_2': 10, 'M32ts_US East_3': 10, 'M64s_v2_US East_2': 10, 'M8-4ms_US East_1': 10, 'M8-4ms_US East_2': 10, 'M8-4ms_US East_3': 10, 'M8ms_US East_1': 10, 'M8ms_US East_2': 10, 'M8ms_US East_3': 10, 'NV4as_v4_US East_1': 10, 'NV4as_v4_US East_2': 10, 'NV4as_v4_US East_3': 10, 'NV8as_v4_US East_1': 10, 'NV8as_v4_US East_2': 10, 'NV8as_v4_US East_3': 10}"
0.89,620.4491399999998,563246043,907803.7290856752,22010,21571,"{'B16pls_v2_US East_1': 10, 'B16pls_v2_US East_2': 10, 'B16pls_v2_US East_3': 10, 'B16ps_v2_US East_1': 10, 'B4ps_v2_US East_1': 10, 'B4ps_v2_US East_2': 10, 'B4ps_v2_US East_3': 10, 'B8ps_v2_US East_1': 10, 'B8ps_v2_US East_2': 10, 'B8ps_v2_US East_3': 10, 'D16ads_v6_US East_2': 10, 'D16ads_v6_US East_3': 10, 'D16alds_v6_US East_2': 10, 'D16alds_v6_US East_3': 10, 'D16als_v6_US East_2': 10, 'D16als_v6_US East_3': 10, 'D16as_v6_US East_1': 10, 'D16as_v6_US East_2': 10, 'D16pds_v5_US East_2': 10, 'D16plds_v5_US East_1': 10, 'D16plds_v5_US East_3': 10, 'D16pls_v5_US East_1': 10, 'D16pls_v5_US East_3': 10, 'D16ps_v5_US East_2': 10, 'D32ads_v6_US East_1': 10, 'D32ads_v6_US East_2': 10, 'D32alds_v6_US East_1': 10, 'D32alds_v6_US East_3': 10, 'D32als_v6_US East_1': 10, 'D32als_v6_US East_2': 10, 'D32as_v6_US East_1': 10, 'D32as_v6_US East_3': 10, 'D32plds_v5_US East_2': 10, 'D32pls_v5_US East_2': 10, 'D48ads_v6_US East_3': 10, 'D48alds_v6_US East_3': 10, 'D48als_v6_US East_2': 10, 'D48als_v6_US East_3': 10, 'D4ads_v6_US East_1': 10, 'D4ads_v6_US East_2': 10, 'D4ads_v6_US East_3': 10, 'D4as_v6_US East_1': 10, 'D4as_v6_US East_2': 10, 'D4as_v6_US East_3': 10, 'D4pds_v5_US East_1': 10, 'D4pds_v5_US East_2': 10, 'D4pds_v5_US East_3': 10, 'D4ps_v5_US East_1': 10, 'D4ps_v5_US East_2': 10, 'D4ps_v5_US East_3': 10, 'D64ads_v6_US East_2': 10, 'D64alds_v6_US East_2': 10, 'D64als_v6_US East_1': 10, 'D64as_v6_US East_3': 10, 'D8ads_v6_US East_1': 10, 'D8ads_v6_US East_3': 10, 'D8alds_v6_US East_2': 10, 'D8alds_v6_US East_3': 10, 'D8als_v6_US East_2': 10, 'D8als_v6_US East_3': 10, 'D8as_v6_US East_1': 10, 'D8as_v6_US East_2': 10, 'D8plds_v5_US East_1': 10, 'D8plds_v5_US East_2': 10, 'D8plds_v5_US East_3': 10, 'D8pls_v5_US East_1': 10, 'D8pls_v5_US East_2': 10, 'D8pls_v5_US East_3': 10, 'D8ps_v5_US East_1': 10, 'D8ps_v5_US East_2': 10, 'D8ps_v5_US East_3': 10, 'D96ads_v6_US East_1': 10, 'D96alds_v6_US East_2': 10, 'D96als_v6_US East_2': 10, 'D96as_v6_US East_3': 10, 'E16ads_v6_US East_2': 10, 'E16ads_v6_US East_3': 10, 'E16as_v6_US East_2': 10, 'E16as_v6_US East_3': 10, 'E20ads_v6_US East_2': 10, 'E20ads_v6_US East_3': 10, 'E20as_v6_US East_2': 10, 'E20as_v6_US East_3': 10, 'E2ads_v6_US East_1': 10, 'E2ads_v6_US East_2': 10, 'E2ads_v6_US East_3': 10, 'E2as_v6_US East_1': 10, 'E2as_v6_US East_2': 10, 'E2as_v6_US East_3': 10, 'E2ps_v5_US East_1': 10, 'E2ps_v5_US East_2': 10, 'E2ps_v5_US East_3': 10, 'E32ads_v6_US East_3': 10, 'E32as_v6_US East_2': 10, 'E48ads_v6_US East_2': 10, 'E48as_v6_US East_1': 10, 'E4ads_v6_US East_1': 10, 'E4ads_v6_US East_2': 10, 'E4as_v6_US East_1': 10, 'E4as_v6_US East_2': 10, 'E4ps_v5_US East_1': 10, 'E4ps_v5_US East_2': 10, 'E4ps_v5_US East_3': 10, 'E64ads_v6_US East_1': 10, 'E64as_v6_US East_2': 10, 'E8ads_v6_US East_2': 10, 'E8ads_v6_US East_3': 10, 'E8as_v6_US East_1': 10, 'E8as_v6_US East_3': 10, 'E8ps_v5_US East_3': 10, 'E96-24ads_v6_US East_3': 10, 'E96-48ads_v6_US East_3': 10, 'E96ads_v6_US East_1': 10, 'E96as_v6_US East_1': 10, 'F16als_v6_US East_1': 10, 'F16als_v6_US East_2': 10, 'F16ams_v6_US East_1': 10, 'F16ams_v6_US East_3': 10, 'F16as_v6_US East_2': 10, 'F16as_v6_US East_3': 10, 'F2ams_v6_US East_1': 10, 'F2ams_v6_US East_2': 10, 'F2ams_v6_US East_3': 10, 'F32als_v6_US East_2': 10, 'F32ams_v6_US East_2': 10, 'F32as_v6_US East_3': 10, 'F48als_v6_US East_3': 10, 'F48ams_v6_US East_2': 10, 'F48as_v6_US East_1': 10, 'F4ams_v6_US East_2': 10, 'F4ams_v6_US East_3': 10, 'F4as_v6_US East_1': 10, 'F4as_v6_US East_2': 10, 'F64als_v6_US East_1': 10, 'F64ams_v6_US East_2': 10, 'F64as_v6_US East_3': 10, 'F8als_v6_US East_2': 10, 'F8als_v6_US East_3': 10, 'F8ams_v6_US East_1': 10, 'F8ams_v6_US East_3': 10, 'F8as_v6_US East_1': 10, 'F8as_v6_US East_2': 10, 'M12ds_v3_US East_1': 10, 'M12s_v3_US East_2': 10, 'M16-8ms_US East_1': 10, 'M16-8ms_US East_2': 10, 'M16-8ms_US East_3': 10, 'M16ms_US East_1': 10, 'M16ms_US East_2': 10, 'M16ms_US East_3': 10, 'M32-16ms_US East_2': 10, 'M32-16ms_US East_3': 10, 'M32-8ms_US East_1': 10, 'M32-8ms_US East_2': 10, 'M32dms_v2_US East_1': 10, 'M32dms_v2_US East_2': 10, 'M32dms_v2_US East_3': 10, 'M32ls_US East_1': 10, 'M32ls_US East_2': 10, 'M32ls_US East_3': 10, 'M32ms_US East_1': 10, 'M32ms_US East_2': 10, 'M32ms_v2_US East_1': 10, 'M32ms_v2_US East_2': 10, 'M32ms_v2_US East_3': 10, 'M32ts_US East_1': 10, 'M32ts_US East_2': 10, 'M32ts_US East_3': 10, 'M64s_v2_US East_2': 10, 'M8-4ms_US East_1': 10, 'M8-4ms_US East_2': 10, 'M8-4ms_US East_3': 10, 'M8ms_US East_1': 10, 'M8ms_US East_2': 10, 'M8ms_US East_3': 10, 'NV4as_v4_US East_1': 10, 'NV4as_v4_US East_2': 10, 'NV4as_v4_US East_3': 10, 'NV8as_v4_US East_1': 10, 'NV8as_v4_US East_2': 10, 'NV8as_v4_US East_3': 10}"
0.9,620.4491399999998,563246043,907803.7290856752,22010,21571,"{'B16pls_v2_US East_1': 10, 'B16pls_v2_US East_2': 10, 'B16pls_v2_US East_3': 10, 'B16ps_v2_US East_1': 10, 'B4ps_v2_US East_1': 10, 'B4ps_v2_US East_2': 10, 'B4ps_v2_US East_3': 10, 'B8ps_v2_US East_1': 10, 'B8ps_v2_US East_2': 10, 'B8ps_v2_US East_3': 10, 'D16ads_v6_US East_2': 10, 'D16ads_v6_US East_3': 10, 'D16alds_v6_US East_2': 10, 'D16alds_v6_US East_3': 10, 'D16als_v6_US East_2': 10, 'D16als_v6_US East_3': 10, 'D16as_v6_US East_1': 10, 'D16as_v6_US East_2': 10, 'D16pds_v5_US East_2': 10, 'D16plds_v5_US East_1': 10, 'D16plds_v5_US East_3': 10, 'D16pls_v5_US East_1': 10, 'D16pls_v5_US East_3': 10, 'D16ps_v5_US East_2': 10, 'D32ads_v6_US East_1': 10, 'D32ads_v6_US East_2': 10, 'D32alds_v6_US East_1': 10, 'D32alds_v6_US East_3': 10, 'D32als_v6_US East_1': 10, 'D32als_v6_US East_2': 10, 'D32as_v6_US East_1': 10, 'D32as_v6_US East_3': 10, 'D32plds_v5_US East_2': 10, 'D32pls_v5_US East_2': 10, 'D48ads_v6_US East_3': 10, 'D48alds_v6_US East_3': 10, 'D48als_v6_US East_2': 10, 'D48als_v6_US East_3': 10, 'D4ads_v6_US East_1': 10, 'D4ads_v6_US East_2': 10, 'D4ads_v6_US East_3': 10, 'D4as_v6_US East_1': 10, 'D4as_v6_US East_2': 10, 'D4as_v6_US East_3': 10, 'D4pds_v5_US East_1': 10, 'D4pds_v5_US East_2': 10, 'D4pds_v5_US East_3': 10, 'D4ps_v5_US East_1': 10, 'D4ps_v5_US East_2': 10, 'D4ps_v5_US East_3': 10, 'D64ads_v6_US East_2': 10, 'D64alds_v6_US East_2': 10, 'D64als_v6_US East_1': 10, 'D64as_v6_US East_3': 10, 'D8ads_v6_US East_1': 10, 'D8ads_v6_US East_3': 10, 'D8alds_v6_US East_2': 10, 'D8alds_v6_US East_3': 10, 'D8als_v6_US East_2': 10, 'D8als_v6_US East_3': 10, 'D8as_v6_US East_1': 10, 'D8as_v6_US East_2': 10, 'D8plds_v5_US East_1': 10, 'D8plds_v5_US East_2': 10, 'D8plds_v5_US East_3': 10, 'D8pls_v5_US East_1': 10, 'D8pls_v5_US East_2': 10, 'D8pls_v5_US East_3': 10, 'D8ps_v5_US East_1': 10, 'D8ps_v5_US East_2': 10, 'D8ps_v5_US East_3': 10, 'D96ads_v6_US East_1': 10, 'D96alds_v6_US East_2': 10, 'D96als_v6_US East_2': 10, 'D96as_v6_US East_3': 10, 'E16ads_v6_US East_2': 10, 'E16ads_v6_US East_3': 10, 'E16as_v6_US East_2': 10, 'E16as_v6_US East_3': 10, 'E20ads_v6_US East_2': 10, 'E20ads_v6_US East_3': 10, 'E20as_v6_US East_2': 10, 'E20as_v6_US East_3': 10, 'E2ads_v6_US East_1': 10, 'E2ads_v6_US East_2': 10, 'E2ads_v6_US East_3': 10, 'E2as_v6_US East_1': 10, 'E2as_v6_US East_2': 10, 'E2as_v6_US East_3': 10, 'E2ps_v5_US East_1': 10, 'E2ps_v5_US East_2': 10, 'E2ps_v5_US East_3': 10, 'E32ads_v6_US East_3': 10, 'E32as_v6_US East_2': 10, 'E48ads_v6_US East_2': 10, 'E48as_v6_US East_1': 10, 'E4ads_v6_US East_1': 10, 'E4ads_v6_US East_2': 10, 'E4as_v6_US East_1': 10, 'E4as_v6_US East_2': 10, 'E4ps_v5_US East_1': 10, 'E4ps_v5_US East_2': 10, 'E4ps_v5_US East_3': 10, 'E64ads_v6_US East_1': 10, 'E64as_v6_US East_2': 10, 'E8ads_v6_US East_2': 10, 'E8ads_v6_US East_3': 10, 'E8as_v6_US East_1': 10, 'E8as_v6_US East_3': 10, 'E8ps_v5_US East_3': 10, 'E96-24ads_v6_US East_3': 10, 'E96-48ads_v6_US East_3': 10, 'E96ads_v6_US East_1': 10, 'E96as_v6_US East_1': 10, 'F16als_v6_US East_1': 10, 'F16als_v6_US East_2': 10, 'F16ams_v6_US East_1': 10, 'F16ams_v6_US East_3': 10, 'F16as_v6_US East_2': 10, 'F16as_v6_US East_3': 10, 'F2ams_v6_US East_1': 10, 'F2ams_v6_US East_2': 10, 'F2ams_v6_US East_3': 10, 'F32als_v6_US East_2': 10, 'F32ams_v6_US East_2': 10, 'F32as_v6_US East_3': 10, 'F48als_v6_US East_3': 10, 'F48ams_v6_US East_2': 10, 'F48as_v6_US East_1': 10, 'F4ams_v6_US East_2': 10, 'F4ams_v6_US East_3': 10, 'F4as_v6_US East_1': 10, 'F4as_v6_US East_2': 10, 'F64als_v6_US East_1': 10, 'F64ams_v6_US East_2': 10, 'F64as_v6_US East_3': 10, 'F8als_v6_US East_2': 10, 'F8als_v6_US East_3': 10, 'F8ams_v6_US East_1': 10, 'F8ams_v6_US East_3': 10, 'F8as_v6_US East_1': 10, 'F8as_v6_US East_2': 10, 'M12ds_v3_US East_1': 10, 'M12s_v3_US East_2': 10, 'M16-8ms_US East_1': 10, 'M16-8ms_US East_2': 10, 'M16-8ms_US East_3': 10, 'M16ms_US East_1': 10, 'M16ms_US East_2': 10, 'M16ms_US East_3': 10, 'M32-16ms_US East_2': 10, 'M32-16ms_US East_3': 10, 'M32-8ms_US East_1': 10, 'M32-8ms_US East_2': 10, 'M32dms_v2_US East_1': 10, 'M32dms_v2_US East_2': 10, 'M32dms_v2_US East_3': 10, 'M32ls_US East_1': 10, 'M32ls_US East_2': 10, 'M32ls_US East_3': 10, 'M32ms_US East_1': 10, 'M32ms_US East_2': 10, 'M32ms_v2_US East_1': 10, 'M32ms_v2_US East_2': 10, 'M32ms_v2_US East_3': 10, 'M32ts_US East_1': 10, 'M32ts_US East_2': 10, 'M32ts_US East_3': 10, 'M64s_v2_US East_2': 10, 'M8-4ms_US East_1': 10, 'M8-4ms_US East_2': 10, 'M8-4ms_US East_3': 10, 'M8ms_US East_1': 10, 'M8ms_US East_2': 10, 'M8ms_US East_3': 10, 'NV4as_v4_US East_1': 10, 'NV4as_v4_US East_2': 10, 'NV4as_v4_US East_3': 10, 'NV8as_v4_US East_1': 10, 'NV8as_v4_US East_2': 10, 'NV8as_v4_US East_3': 10}"
0.91,646.0041900000001,565773812,875805.1755051307,22190,21751,"{'B16pls_v2_US East_1': 10, 'B16pls_v2_US East_2': 10, 'B16pls_v2_US East_3': 10, 'B16ps_v2_US East_1': 10, 'B4ps_v2_US East_1': 10, 'B4ps_v2_US East_2': 10, 'B4ps_v2_US East_3': 10, 'B8ps_v2_US East_1': 10, 'B8ps_v2_US East_2': 10, 'B8ps_v2_US East_3': 10, 'D16ads_v6_US East_2': 10, 'D16ads_v6_US East_3': 10, 'D16alds_v6_US East_2': 10, 'D16alds_v6_US East_3': 10, 'D16als_v6_US East_2': 10, 'D16als_v6_US East_3': 10, 'D16as_v6_US East_1': 10, 'D16as_v6_US East_2': 10, 'D16pds_v5_US East_2': 10, 'D16plds_v5_US East_1': 10, 'D16plds_v5_US East_3': 10, 'D16pls_v5_US East_1': 10, 'D16pls_v5_US East_3': 10, 'D16ps_v5_US East_2': 10, 'D32ads_v6_US East_1': 10, 'D32ads_v6_US East_2': 10, 'D32alds_v6_US East_1': 10, 'D32alds_v6_US East_3': 10, 'D32als_v6_US East_1': 10, 'D32als_v6_US East_2': 10, 'D32as_v6_US East_1': 10, 'D32as_v6_US East_3': 10, 'D32plds_v5_US East_2': 10, 'D32pls_v5_US East_2': 10, 'D48ads_v6_US East_3': 10, 'D48alds_v6_US East_3': 10, 'D48als_v6_US East_2': 10, 'D48als_v6_US East_3': 10, 'D4ads_v6_US East_1': 10, 'D4ads_v6_US East_2': 10, 'D4ads_v6_US East_3': 10, 'D4as_v6_US East_1': 10, 'D4as_v6_US East_2': 10, 'D4as_v6_US East_3': 10, 'D4pds_v5_US East_1': 10, 'D4pds_v5_US East_2': 10, 'D4pds_v5_US East_3': 10, 'D4ps_v5_US East_1': 10, 'D4ps_v5_US East_2': 10, 'D4ps_v5_US East_3': 10, 'D64ads_v6_US East_2': 10, 'D64alds_v6_US East_2': 10, 'D64als_v6_US East_1': 10, 'D64as_v6_US East_3': 10, 'D8ads_v6_US East_1': 10, 'D8ads_v6_US East_3': 10, 'D8alds_v6_US East_2': 10, 'D8alds_v6_US East_3': 10, 'D8als_v6_US East_2': 10, 'D8als_v6_US East_3': 10, 'D8as_v6_US East_1': 10, 'D8as_v6_US East_2': 10, 'D8plds_v5_US East_1': 10, 'D8plds_v5_US East_2': 10, 'D8plds_v5_US East_3': 10, 'D8pls_v5_US East_1': 10, 'D8pls_v5_US East_2': 10, 'D8pls_v5_US East_3': 10, 'D8ps_v5_US East_1': 10, 'D8ps_v5_US East_2': 10, 'D8ps_v5_US East_3': 10, 'D96ads_v6_US East_1': 10, 'D96alds_v6_US East_2': 10, 'D96als_v6_US East_2': 10, 'D96as_v6_US East_3': 10, 'E16ads_v6_US East_2': 10, 'E16ads_v6_US East_3': 10, 'E16as_v6_US East_2': 10, 'E16as_v6_US East_3': 10, 'E20ads_v6_US East_2': 10, 'E20ads_v6_US East_3': 10, 'E20as_v6_US East_2': 10, 'E20as_v6_US East_3': 10, 'E2ads_v6_US East_1': 10, 'E2ads_v6_US East_2': 10, 'E2ads_v6_US East_3': 10, 'E2as_v6_US East_1': 10, 'E2as_v6_US East_2': 10, 'E2as_v6_US East_3': 10, 'E2ps_v5_US East_1': 10, 'E2ps_v5_US East_2': 10, 'E2ps_v5_US East_3': 10, 'E32ads_v6_US East_3': 10, 'E32as_v6_US East_2': 10, 'E48ads_v6_US East_2': 10, 'E48as_v6_US East_1': 10, 'E4ads_v6_US East_1': 10, 'E4ads_v6_US East_2': 10, 'E4as_v6_US East_1': 10, 'E4as_v6_US East_2': 10, 'E4ps_v5_US East_1': 10, 'E4ps_v5_US East_2': 10, 'E4ps_v5_US East_3': 10, 'E64ads_v6_US East_1': 10, 'E64as_v6_US East_2': 10, 'E8ads_v6_US East_2': 10, 'E8ads_v6_US East_3': 10, 'E8as_v6_US East_1': 10, 'E8as_v6_US East_3': 10, 'E8ps_v5_US East_3': 10, 'E96-24ads_v6_US East_3': 10, 'E96-48ads_v6_US East_3': 10, 'E96ads_v6_US East_1': 10, 'E96as_v6_US East_1': 10, 'F16als_v6_US East_1': 10, 'F16als_v6_US East_2': 10, 'F16ams_v6_US East_1': 10, 'F16ams_v6_US East_3': 10, 'F16as_v6_US East_2': 10, 'F16as_v6_US East_3': 10, 'F2ams_v6_US East_1': 10, 'F2ams_v6_US East_2': 10, 'F2ams_v6_US East_3': 10, 'F32als_v6_US East_2': 10, 'F32ams_v6_US East_2': 10, 'F32as_v6_US East_3': 10, 'F48als_v6_US East_3': 10, 'F48ams_v6_US East_2': 10, 'F48as_v6_US East_1': 10, 'F4ams_v6_US East_2': 10, 'F4ams_v6_US East_3': 10, 'F4as_v6_US East_1': 10, 'F4as_v6_US East_2': 10, 'F64als_v6_US East_1': 10, 'F64ams_v6_US East_2': 10, 'F64as_v6_US East_3': 10, 'F8als_v6_US East_2': 10, 'F8als_v6_US East_3': 10, 'F8ams_v6_US East_1': 10, 'F8ams_v6_US East_3': 10, 'F8as_v6_US East_1': 10, 'F8as_v6_US East_2': 10, 'M12ds_v3_US East_1': 10, 'M12s_v3_US East_2': 10, 'M16-4ms_US East_1': 10, 'M16-4ms_US East_2': 10, 'M16-4ms_US East_3': 10, 'M16-8ms_US East_1': 10, 'M16-8ms_US East_2': 10, 'M16-8ms_US East_3': 10, 'M16ms_US East_1': 10, 'M16ms_US East_2': 10, 'M16ms_US East_3': 10, 'M32-16ms_US East_2': 10, 'M32-16ms_US East_3': 10, 'M32-8ms_US East_1': 10, 'M32-8ms_US East_2': 10, 'M32dms_v2_US East_1': 10, 'M32dms_v2_US East_2': 10, 'M32dms_v2_US East_3': 10, 'M32ls_US East_1': 10, 'M32ls_US East_2': 10, 'M32ls_US East_3': 10, 'M32ms_US East_1': 10, 'M32ms_US East_2': 10, 'M32ms_v2_US East_1': 10, 'M32ms_v2_US East_2': 10, 'M32ms_v2_US East_3': 10, 'M32ts_US East_1': 10, 'M32ts_US East_2': 10, 'M32ts_US East_3': 10, 'M64s_v2_US East_2': 10, 'M8-2ms_US East_1': 10, 'M8-2ms_US East_2': 10, 'M8-2ms_US East_3': 10, 'M8-4ms_US East_1': 10, 'M8-4ms_US East_2': 10, 'M8-4ms_US East_3': 10, 'M8ms_US East_1': 10, 'M8ms_US East_2': 10, 'M8ms_US East_3': 10, 'NV4as_v4_US East_1': 10, 'NV4as_v4_US East_2': 10, 'NV4as_v4_US East_3': 10, 'NV8as_v4_US East_1': 10, 'NV8as_v4_US East_2': 10, 'NV8as_v4_US East_3': 10}"
0.92,652.4301900000002,566361748,868080.2281696986,22220,21781,"{'B16pls_v2_US East_1': 10, 'B16pls_v2_US East_2': 10, 'B16pls_v2_US East_3': 10, 'B16ps_v2_US East_1': 10, 'B4ps_v2_US East_1': 10, 'B4ps_v2_US East_2': 10, 'B4ps_v2_US East_3': 10, 'B8pls_v2_US East_1': 10, 'B8pls_v2_US East_2': 10, 'B8pls_v2_US East_3': 10, 'B8ps_v2_US East_1': 10, 'B8ps_v2_US East_2': 10, 'B8ps_v2_US East_3': 10, 'D16ads_v6_US East_2': 10, 'D16ads_v6_US East_3': 10, 'D16alds_v6_US East_2': 10, 'D16alds_v6_US East_3': 10, 'D16als_v6_US East_2': 10, 'D16als_v6_US East_3': 10, 'D16as_v6_US East_1': 10, 'D16as_v6_US East_2': 10, 'D16pds_v5_US East_2': 10, 'D16plds_v5_US East_1': 10, 'D16plds_v5_US East_3': 10, 'D16pls_v5_US East_1': 10, 'D16pls_v5_US East_3': 10, 'D16ps_v5_US East_2': 10, 'D32ads_v6_US East_1': 10, 'D32ads_v6_US East_2': 10, 'D32alds_v6_US East_1': 10, 'D32alds_v6_US East_3': 10, 'D32als_v6_US East_1': 10, 'D32als_v6_US East_2': 10, 'D32as_v6_US East_1': 10, 'D32as_v6_US East_3': 10, 'D32plds_v5_US East_2': 10, 'D32pls_v5_US East_2': 10, 'D48ads_v6_US East_3': 10, 'D48alds_v6_US East_3': 10, 'D48als_v6_US East_2': 10, 'D48als_v6_US East_3': 10, 'D4ads_v6_US East_1': 10, 'D4ads_v6_US East_2': 10, 'D4ads_v6_US East_3': 10, 'D4as_v6_US East_1': 10, 'D4as_v6_US East_2': 10, 'D4as_v6_US East_3': 10, 'D4pds_v5_US East_1': 10, 'D4pds_v5_US East_2': 10, 'D4pds_v5_US East_3': 10, 'D4ps_v5_US East_1': 10, 'D4ps_v5_US East_2': 10, 'D4ps_v5_US East_3': 10, 'D64ads_v6_US East_2': 10, 'D64alds_v6_US East_2': 10, 'D64als_v6_US East_1': 10, 'D64as_v6_US East_3': 10, 'D8ads_v6_US East_1': 10, 'D8ads_v6_US East_3': 10, 'D8alds_v6_US East_2': 10, 'D8alds_v6_US East_3': 10, 'D8als_v6_US East_2': 10, 'D8als_v6_US East_3': 10, 'D8as_v6_US East_1': 10, 'D8as_v6_US East_2': 10, 'D8plds_v5_US East_1': 10, 'D8plds_v5_US East_2': 10, 'D8plds_v5_US East_3': 10, 'D8pls_v5_US East_1': 10, 'D8pls_v5_US East_2': 10, 'D8pls_v5_US East_3': 10, 'D8ps_v5_US East_1': 10, 'D8ps_v5_US East_2': 10, 'D8ps_v5_US East_3': 10, 'D96ads_v6_US East_1': 10, 'D96alds_v6_US East_2': 10, 'D96als_v6_US East_2': 10, 'D96as_v6_US East_3': 10, 'E16ads_v6_US East_2': 10, 'E16ads_v6_US East_3': 10, 'E16as_v6_US East_2': 10, 'E16as_v6_US East_3': 10, 'E20ads_v6_US East_2': 10, 'E20ads_v6_US East_3': 10, 'E20as_v6_US East_2': 10, 'E20as_v6_US East_3': 10, 'E2ads_v6_US East_1': 10, 'E2ads_v6_US East_2': 10, 'E2ads_v6_US East_3': 10, 'E2as_v6_US East_1': 10, 'E2as_v6_US East_2': 10, 'E2as_v6_US East_3': 10, 'E2ps_v5_US East_1': 10, 'E2ps_v5_US East_2': 10, 'E2ps_v5_US East_3': 10, 'E32ads_v6_US East_3': 10, 'E32as_v6_US East_2': 10, 'E48ads_v6_US East_2': 10, 'E48as_v6_US East_1': 10, 'E4ads_v6_US East_1': 10, 'E4ads_v6_US East_2': 10, 'E4as_v6_US East_1': 10, 'E4as_v6_US East_2': 10, 'E4ps_v5_US East_1': 10, 'E4ps_v5_US East_2': 10, 'E4ps_v5_US East_3': 10, 'E64ads_v6_US East_1': 10, 'E64as_v6_US East_2': 10, 'E8ads_v6_US East_2': 10, 'E8ads_v6_US East_3': 10, 'E8as_v6_US East_1': 10, 'E8as_v6_US East_3': 10, 'E8ps_v5_US East_3': 10, 'E96-24ads_v6_US East_3': 10, 'E96-48ads_v6_US East_3': 10, 'E96ads_v6_US East_1': 10, 'E96as_v6_US East_1': 10, 'F16als_v6_US East_1': 10, 'F16als_v6_US East_2': 10, 'F16ams_v6_US East_1': 10, 'F16ams_v6_US East_3': 10, 'F16as_v6_US East_2': 10, 'F16as_v6_US East_3': 10, 'F2ams_v6_US East_1': 10, 'F2ams_v6_US East_2': 10, 'F2ams_v6_US East_3': 10, 'F32als_v6_US East_2': 10, 'F32ams_v6_US East_2': 10, 'F32as_v6_US East_3': 10, 'F48als_v6_US East_3': 10, 'F48ams_v6_US East_2': 10, 'F48as_v6_US East_1': 10, 'F4ams_v6_US East_2': 10, 'F4ams_v6_US East_3': 10, 'F4as_v6_US East_1': 10, 'F4as_v6_US East_2': 10, 'F64als_v6_US East_1': 10, 'F64ams_v6_US East_2': 10, 'F64as_v6_US East_3': 10, 'F8als_v6_US East_2': 10, 'F8als_v6_US East_3': 10, 'F8ams_v6_US East_1': 10, 'F8ams_v6_US East_3': 10, 'F8as_v6_US East_1': 10, 'F8as_v6_US East_2': 10, 'M12ds_v3_US East_1': 10, 'M12s_v3_US East_2': 10, 'M16-4ms_US East_1': 10, 'M16-4ms_US East_2': 10, 'M16-4ms_US East_3': 10, 'M16-8ms_US East_1': 10, 'M16-8ms_US East_2': 10, 'M16-8ms_US East_3': 10, 'M16ms_US East_1': 10, 'M16ms_US East_2': 10, 'M16ms_US East_3': 10, 'M32-16ms_US East_2': 10, 'M32-16ms_US East_3': 10, 'M32-8ms_US East_1': 10, 'M32-8ms_US East_2': 10, 'M32dms_v2_US East_1': 10, 'M32dms_v2_US East_2': 10, 'M32dms_v2_US East_3': 10, 'M32ls_US East_1': 10, 'M32ls_US East_2': 10, 'M32ls_US East_3': 10, 'M32ms_US East_1': 10, 'M32ms_US East_2': 10, 'M32ms_v2_US East_1': 10, 'M32ms_v2_US East_2': 10, 'M32ms_v2_US East_3': 10, 'M32ts_US East_1': 10, 'M32ts_US East_2': 10, 'M32ts_US East_3': 10, 'M64s_v2_US East_2': 10, 'M8-2ms_US East_1': 10, 'M8-2ms_US East_2': 10, 'M8-2ms_US East_3': 10, 'M8-4ms_US East_1': 10, 'M8-4ms_US East_2': 10, 'M8-4ms_US East_3': 10, 'M8ms_US East_1': 10, 'M8ms_US East_2': 10, 'M8ms_US East_3': 10, 'NV4as_v4_US East_1': 10, 'NV4as_v4_US East_2': 10, 'NV4as_v4_US East_3': 10, 'NV8as_v4_US East_1': 10, 'NV8as_v4_US East_2': 10, 'NV8as_v4_US East_3': 10}"
0.93,652.4301900000002,566361748,868080.2281696986,22220,21781,"{'B16pls_v2_US East_1': 10, 'B16pls_v2_US East_2': 10, 'B16pls_v2_US East_3': 10, 'B16ps_v2_US East_1': 10, 'B4ps_v2_US East_1': 10, 'B4ps_v2_US East_2': 10, 'B4ps_v2_US East_3': 10, 'B8pls_v2_US East_1': 10, 'B8pls_v2_US East_2': 10, 'B8pls_v2_US East_3': 10, 'B8ps_v2_US East_1': 10, 'B8ps_v2_US East_2': 10, 'B8ps_v2_US East_3': 10, 'D16ads_v6_US East_2': 10, 'D16ads_v6_US East_3': 10, 'D16alds_v6_US East_2': 10, 'D16alds_v6_US East_3': 10, 'D16als_v6_US East_2': 10, 'D16als_v6_US East_3': 10, 'D16as_v6_US East_1': 10, 'D16as_v6_US East_2': 10, 'D16pds_v5_US East_2': 10, 'D16plds_v5_US East_1': 10, 'D16plds_v5_US East_3': 10, 'D16pls_v5_US East_1': 10, 'D16pls_v5_US East_3': 10, 'D16ps_v5_US East_2': 10, 'D32ads_v6_US East_1': 10, 'D32ads_v6_US East_2': 10, 'D32alds_v6_US East_1': 10, 'D32alds_v6_US East_3': 10, 'D32als_v6_US East_1': 10, 'D32als_v6_US East_2': 10, 'D32as_v6_US East_1': 10, 'D32as_v6_US East_3': 10, 'D32plds_v5_US East_2': 10, 'D32pls_v5_US East_2': 10, 'D48ads_v6_US East_3': 10, 'D48alds_v6_US East_3': 10, 'D48als_v6_US East_2': 10, 'D48als_v6_US East_3': 10, 'D4ads_v6_US East_1': 10, 'D4ads_v6_US East_2': 10, 'D4ads_v6_US East_3': 10, 'D4as_v6_US East_1': 10, 'D4as_v6_US East_2': 10, 'D4as_v6_US East_3': 10, 'D4pds_v5_US East_1': 10, 'D4pds_v5_US East_2': 10, 'D4pds_v5_US East_3': 10, 'D4ps_v5_US East_1': 10, 'D4ps_v5_US East_2': 10, 'D4ps_v5_US East_3': 10, 'D64ads_v6_US East_2': 10, 'D64alds_v6_US East_2': 10, 'D64als_v6_US East_1': 10, 'D64as_v6_US East_3': 10, 'D8ads_v6_US East_1': 10, 'D8ads_v6_US East_3': 10, 'D8alds_v6_US East_2': 10, 'D8alds_v6_US East_3': 10, 'D8als_v6_US East_2': 10, 'D8als_v6_US East_3': 10, 'D8as_v6_US East_1': 10, 'D8as_v6_US East_2': 10, 'D8plds_v5_US East_1': 10, 'D8plds_v5_US East_2': 10, 'D8plds_v5_US East_3': 10, 'D8pls_v5_US East_1': 10, 'D8pls_v5_US East_2': 10, 'D8pls_v5_US East_3': 10, 'D8ps_v5_US East_1': 10, 'D8ps_v5_US East_2': 10, 'D8ps_v5_US East_3': 10, 'D96ads_v6_US East_1': 10, 'D96alds_v6_US East_2': 10, 'D96als_v6_US East_2': 10, 'D96as_v6_US East_3': 10, 'E16ads_v6_US East_2': 10, 'E16ads_v6_US East_3': 10, 'E16as_v6_US East_2': 10, 'E16as_v6_US East_3': 10, 'E20ads_v6_US East_2': 10, 'E20ads_v6_US East_3': 10, 'E20as_v6_US East_2': 10, 'E20as_v6_US East_3': 10, 'E2ads_v6_US East_1': 10, 'E2ads_v6_US East_2': 10, 'E2ads_v6_US East_3': 10, 'E2as_v6_US East_1': 10, 'E2as_v6_US East_2': 10, 'E2as_v6_US East_3': 10, 'E2ps_v5_US East_1': 10, 'E2ps_v5_US East_2': 10, 'E2ps_v5_US East_3': 10, 'E32ads_v6_US East_3': 10, 'E32as_v6_US East_2': 10, 'E48ads_v6_US East_2': 10, 'E48as_v6_US East_1': 10, 'E4ads_v6_US East_1': 10, 'E4ads_v6_US East_2': 10, 'E4as_v6_US East_1': 10, 'E4as_v6_US East_2': 10, 'E4ps_v5_US East_1': 10, 'E4ps_v5_US East_2': 10, 'E4ps_v5_US East_3': 10, 'E64ads_v6_US East_1': 10, 'E64as_v6_US East_2': 10, 'E8ads_v6_US East_2': 10, 'E8ads_v6_US East_3': 10, 'E8as_v6_US East_1': 10, 'E8as_v6_US East_3': 10, 'E8ps_v5_US East_3': 10, 'E96-24ads_v6_US East_3': 10, 'E96-48ads_v6_US East_3': 10, 'E96ads_v6_US East_1': 10, 'E96as_v6_US East_1': 10, 'F16als_v6_US East_1': 10, 'F16als_v6_US East_2': 10, 'F16ams_v6_US East_1': 10, 'F16ams_v6_US East_3': 10, 'F16as_v6_US East_2': 10, 'F16as_v6_US East_3': 10, 'F2ams_v6_US East_1': 10, 'F2ams_v6_US East_2': 10, 'F2ams_v6_US East_3': 10, 'F32als_v6_US East_2': 10, 'F32ams_v6_US East_2': 10, 'F32as_v6_US East_3': 10, 'F48als_v6_US East_3': 10, 'F48ams_v6_US East_2': 10, 'F48as_v6_US East_1': 10, 'F4ams_v6_US East_2': 10, 'F4ams_v6_US East_3': 10, 'F4as_v6_US East_1': 10, 'F4as_v6_US East_2': 10, 'F64als_v6_US East_1': 10, 'F64ams_v6_US East_2': 10, 'F64as_v6_US East_3': 10, 'F8als_v6_US East_2': 10, 'F8als_v6_US East_3': 10, 'F8ams_v6_US East_1': 10, 'F8ams_v6_US East_3': 10, 'F8as_v6_US East_1': 10, 'F8as_v6_US East_2': 10, 'M12ds_v3_US East_1': 10, 'M12s_v3_US East_2': 10, 'M16-4ms_US East_1': 10, 'M16-4ms_US East_2': 10, 'M16-4ms_US East_3': 10, 'M16-8ms_US East_1': 10, 'M16-8ms_US East_2': 10, 'M16-8ms_US East_3': 10, 'M16ms_US East_1': 10, 'M16ms_US East_2': 10, 'M16ms_US East_3': 10, 'M32-16ms_US East_2': 10, 'M32-16ms_US East_3': 10, 'M32-8ms_US East_1': 10, 'M32-8ms_US East_2': 10, 'M32dms_v2_US East_1': 10, 'M32dms_v2_US East_2': 10, 'M32dms_v2_US East_3': 10, 'M32ls_US East_1': 10, 'M32ls_US East_2': 10, 'M32ls_US East_3': 10, 'M32ms_US East_1': 10, 'M32ms_US East_2': 10, 'M32ms_v2_US East_1': 10, 'M32ms_v2_US East_2': 10, 'M32ms_v2_US East_3': 10, 'M32ts_US East_1': 10, 'M32ts_US East_2': 10, 'M32ts_US East_3': 10, 'M64s_v2_US East_2': 10, 'M8-2ms_US East_1': 10, 'M8-2ms_US East_2': 10, 'M8-2ms_US East_3': 10, 'M8-4ms_US East_1': 10, 'M8-4ms_US East_2': 10, 'M8-4ms_US East_3': 10, 'M8ms_US East_1': 10, 'M8ms_US East_2': 10, 'M8ms_US East_3': 10, 'NV4as_v4_US East_1': 10, 'NV4as_v4_US East_2': 10, 'NV4as_v4_US East_3': 10, 'NV8as_v4_US East_1': 10, 'NV8as_v4_US East_2': 10, 'NV8as_v4_US East_3': 10}"
0.9400000000000001,652.4301900000002,566361748,868080.2281696986,22220,21781,"{'B16pls_v2_US East_1': 10, 'B16pls_v2_US East_2': 10, 'B16pls_v2_US East_3': 10, 'B16ps_v2_US East_1': 10, 'B4ps_v2_US East_1': 10, 'B4ps_v2_US East_2': 10, 'B4ps_v2_US East_3': 10, 'B8pls_v2_US East_1': 10, 'B8pls_v2_US East_2': 10, 'B8pls_v2_US East_3': 10, 'B8ps_v2_US East_1': 10, 'B8ps_v2_US East_2': 10, 'B8ps_v2_US East_3': 10, 'D16ads_v6_US East_2': 10, 'D16ads_v6_US East_3': 10, 'D16alds_v6_US East_2': 10, 'D16alds_v6_US East_3': 10, 'D16als_v6_US East_2': 10, 'D16als_v6_US East_3': 10, 'D16as_v6_US East_1': 10, 'D16as_v6_US East_2': 10, 'D16pds_v5_US East_2': 10, 'D16plds_v5_US East_1': 10, 'D16plds_v5_US East_3': 10, 'D16pls_v5_US East_1': 10, 'D16pls_v5_US East_3': 10, 'D16ps_v5_US East_2': 10, 'D32ads_v6_US East_1': 10, 'D32ads_v6_US East_2': 10, 'D32alds_v6_US East_1': 10, 'D32alds_v6_US East_3': 10, 'D32als_v6_US East_1': 10, 'D32als_v6_US East_2': 10, 'D32as_v6_US East_1': 10, 'D32as_v6_US East_3': 10, 'D32plds_v5_US East_2': 10, 'D32pls_v5_US East_2': 10, 'D48ads_v6_US East_3': 10, 'D48alds_v6_US East_3': 10, 'D48als_v6_US East_2': 10, 'D48als_v6_US East_3': 10, 'D4ads_v6_US East_1': 10, 'D4ads_v6_US East_2': 10, 'D4ads_v6_US East_3': 10, 'D4as_v6_US East_1': 10, 'D4as_v6_US East_2': 10, 'D4as_v6_US East_3': 10, 'D4pds_v5_US East_1': 10, 'D4pds_v5_US East_2': 10, 'D4pds_v5_US East_3': 10, 'D4ps_v5_US East_1': 10, 'D4ps_v5_US East_2': 10, 'D4ps_v5_US East_3': 10, 'D64ads_v6_US East_2': 10, 'D64alds_v6_US East_2': 10, 'D64als_v6_US East_1': 10, 'D64as_v6_US East_3': 10, 'D8ads_v6_US East_1': 10, 'D8ads_v6_US East_3': 10, 'D8alds_v6_US East_2': 10, 'D8alds_v6_US East_3': 10, 'D8als_v6_US East_2': 10, 'D8als_v6_US East_3': 10, 'D8as_v6_US East_1': 10, 'D8as_v6_US East_2': 10, 'D8plds_v5_US East_1': 10, 'D8plds_v5_US East_2': 10, 'D8plds_v5_US East_3': 10, 'D8pls_v5_US East_1': 10, 'D8pls_v5_US East_2': 10, 'D8pls_v5_US East_3': 10, 'D8ps_v5_US East_1': 10, 'D8ps_v5_US East_2': 10, 'D8ps_v5_US East_3': 10, 'D96ads_v6_US East_1': 10, 'D96alds_v6_US East_2': 10, 'D96als_v6_US East_2': 10, 'D96as_v6_US East_3': 10, 'E16ads_v6_US East_2': 10, 'E16ads_v6_US East_3': 10, 'E16as_v6_US East_2': 10, 'E16as_v6_US East_3': 10, 'E20ads_v6_US East_2': 10, 'E20ads_v6_US East_3': 10, 'E20as_v6_US East_2': 10, 'E20as_v6_US East_3': 10, 'E2ads_v6_US East_1': 10, 'E2ads_v6_US East_2': 10, 'E2ads_v6_US East_3': 10, 'E2as_v6_US East_1': 10, 'E2as_v6_US East_2': 10, 'E2as_v6_US East_3': 10, 'E2ps_v5_US East_1': 10, 'E2ps_v5_US East_2': 10, 'E2ps_v5_US East_3': 10, 'E32ads_v6_US East_3': 10, 'E32as_v6_US East_2': 10, 'E48ads_v6_US East_2': 10, 'E48as_v6_US East_1': 10, 'E4ads_v6_US East_1': 10, 'E4ads_v6_US East_2': 10, 'E4as_v6_US East_1': 10, 'E4as_v6_US East_2': 10, 'E4ps_v5_US East_1': 10, 'E4ps_v5_US East_2': 10, 'E4ps_v5_US East_3': 10, 'E64ads_v6_US East_1': 10, 'E64as_v6_US East_2': 10, 'E8ads_v6_US East_2': 10, 'E8ads_v6_US East_3': 10, 'E8as_v6_US East_1': 10, 'E8as_v6_US East_3': 10, 'E8ps_v5_US East_3': 10, 'E96-24ads_v6_US East_3': 10, 'E96-48ads_v6_US East_3': 10, 'E96ads_v6_US East_1': 10, 'E96as_v6_US East_1': 10, 'F16als_v6_US East_1': 10, 'F16als_v6_US East_2': 10, 'F16ams_v6_US East_1': 10, 'F16ams_v6_US East_3': 10, 'F16as_v6_US East_2': 10, 'F16as_v6_US East_3': 10, 'F2ams_v6_US East_1': 10, 'F2ams_v6_US East_2': 10, 'F2ams_v6_US East_3': 10, 'F32als_v6_US East_2': 10, 'F32ams_v6_US East_2': 10, 'F32as_v6_US East_3': 10, 'F48als_v6_US East_3': 10, 'F48ams_v6_US East_2': 10, 'F48as_v6_US East_1': 10, 'F4ams_v6_US East_2': 10, 'F4ams_v6_US East_3': 10, 'F4as_v6_US East_1': 10, 'F4as_v6_US East_2': 10, 'F64als_v6_US East_1': 10, 'F64ams_v6_US East_2': 10, 'F64as_v6_US East_3': 10, 'F8als_v6_US East_2': 10, 'F8als_v6_US East_3': 10, 'F8ams_v6_US East_1': 10, 'F8ams_v6_US East_3': 10, 'F8as_v6_US East_1': 10, 'F8as_v6_US East_2': 10, 'M12ds_v3_US East_1': 10, 'M12s_v3_US East_2': 10, 'M16-4ms_US East_1': 10, 'M16-4ms_US East_2': 10, 'M16-4ms_US East_3': 10, 'M16-8ms_US East_1': 10, 'M16-8ms_US East_2': 10, 'M16-8ms_US East_3': 10, 'M16ms_US East_1': 10, 'M16ms_US East_2': 10, 'M16ms_US East_3': 10, 'M32-16ms_US East_2': 10, 'M32-16ms_US East_3': 10, 'M32-8ms_US East_1': 10, 'M32-8ms_US East_2': 10, 'M32dms_v2_US East_1': 10, 'M32dms_v2_US East_2': 10, 'M32dms_v2_US East_3': 10, 'M32ls_US East_1': 10, 'M32ls_US East_2': 10, 'M32ls_US East_3': 10, 'M32ms_US East_1': 10, 'M32ms_US East_2': 10, 'M32ms_v2_US East_1': 10, 'M32ms_v2_US East_2': 10, 'M32ms_v2_US East_3': 10, 'M32ts_US East_1': 10, 'M32ts_US East_2': 10, 'M32ts_US East_3': 10, 'M64s_v2_US East_2': 10, 'M8-2ms_US East_1': 10, 'M8-2ms_US East_2': 10, 'M8-2ms_US East_3': 10, 'M8-4ms_US East_1': 10, 'M8-4ms_US East_2': 10, 'M8-4ms_US East_3': 10, 'M8ms_US East_1': 10, 'M8ms_US East_2': 10, 'M8ms_US East_3': 10, 'NV4as_v4_US East_1': 10, 'NV4as_v4_US East_2': 10, 'NV4as_v4_US East_3': 10, 'NV8as_v4_US East_1': 10, 'NV8as_v4_US East_2': 10, 'NV8as_v4_US East_3': 10}"
0.9500000000000001,652.4301900000002,566361748,868080.2281696986,22220,21781,"{'B16pls_v2_US East_1': 10, 'B16pls_v2_US East_2': 10, 'B16pls_v2_US East_3': 10, 'B16ps_v2_US East_1': 10, 'B4ps_v2_US East_1': 10, 'B4ps_v2_US East_2': 10, 'B4ps_v2_US East_3': 10, 'B8pls_v2_US East_1': 10, 'B8pls_v2_US East_2': 10, 'B8pls_v2_US East_3': 10, 'B8ps_v2_US East_1': 10, 'B8ps_v2_US East_2': 10, 'B8ps_v2_US East_3': 10, 'D16ads_v6_US East_2': 10, 'D16ads_v6_US East_3': 10, 'D16alds_v6_US East_2': 10, 'D16alds_v6_US East_3': 10, 'D16als_v6_US East_2': 10, 'D16als_v6_US East_3': 10, 'D16as_v6_US East_1': 10, 'D16as_v6_US East_2': 10, 'D16pds_v5_US East_2': 10, 'D16plds_v5_US East_1': 10, 'D16plds_v5_US East_3': 10, 'D16pls_v5_US East_1': 10, 'D16pls_v5_US East_3': 10, 'D16ps_v5_US East_2': 10, 'D32ads_v6_US East_1': 10, 'D32ads_v6_US East_2': 10, 'D32alds_v6_US East_1': 10, 'D32alds_v6_US East_3': 10, 'D32als_v6_US East_1': 10, 'D32als_v6_US East_2': 10, 'D32as_v6_US East_1': 10, 'D32as_v6_US East_3': 10, 'D32plds_v5_US East_2': 10, 'D32pls_v5_US East_2': 10, 'D48ads_v6_US East_3': 10, 'D48alds_v6_US East_3': 10, 'D48als_v6_US East_2': 10, 'D48als_v6_US East_3': 10, 'D4ads_v6_US East_1': 10, 'D4ads_v6_US East_2': 10, 'D4ads_v6_US East_3': 10, 'D4as_v6_US East_1': 10, 'D4as_v6_US East_2': 10, 'D4as_v6_US East_3': 10, 'D4pds_v5_US East_1': 10, 'D4pds_v5_US East_2': 10, 'D4pds_v5_US East_3': 10, 'D4ps_v5_US East_1': 10, 'D4ps_v5_US East_2': 10, 'D4ps_v5_US East_3': 10, 'D64ads_v6_US East_2': 10, 'D64alds_v6_US East_2': 10, 'D64als_v6_US East_1': 10, 'D64as_v6_US East_3': 10, 'D8ads_v6_US East_1': 10, 'D8ads_v6_US East_3': 10, 'D8alds_v6_US East_2': 10, 'D8alds_v6_US East_3': 10, 'D8als_v6_US East_2': 10, 'D8als_v6_US East_3': 10, 'D8as_v6_US East_1': 10, 'D8as_v6_US East_2': 10, 'D8plds_v5_US East_1': 10, 'D8plds_v5_US East_2': 10, 'D8plds_v5_US East_3': 10, 'D8pls_v5_US East_1': 10, 'D8pls_v5_US East_2': 10, 'D8pls_v5_US East_3': 10, 'D8ps_v5_US East_1': 10, 'D8ps_v5_US East_2': 10, 'D8ps_v5_US East_3': 10, 'D96ads_v6_US East_1': 10, 'D96alds_v6_US East_2': 10, 'D96als_v6_US East_2': 10, 'D96as_v6_US East_3': 10, 'E16ads_v6_US East_2': 10, 'E16ads_v6_US East_3': 10, 'E16as_v6_US East_2': 10, 'E16as_v6_US East_3': 10, 'E20ads_v6_US East_2': 10, 'E20ads_v6_US East_3': 10, 'E20as_v6_US East_2': 10, 'E20as_v6_US East_3': 10, 'E2ads_v6_US East_1': 10, 'E2ads_v6_US East_2': 10, 'E2ads_v6_US East_3': 10, 'E2as_v6_US East_1': 10, 'E2as_v6_US East_2': 10, 'E2as_v6_US East_3': 10, 'E2ps_v5_US East_1': 10, 'E2ps_v5_US East_2': 10, 'E2ps_v5_US East_3': 10, 'E32ads_v6_US East_3': 10, 'E32as_v6_US East_2': 10, 'E48ads_v6_US East_2': 10, 'E48as_v6_US East_1': 10, 'E4ads_v6_US East_1': 10, 'E4ads_v6_US East_2': 10, 'E4as_v6_US East_1': 10, 'E4as_v6_US East_2': 10, 'E4ps_v5_US East_1': 10, 'E4ps_v5_US East_2': 10, 'E4ps_v5_US East_3': 10, 'E64ads_v6_US East_1': 10, 'E64as_v6_US East_2': 10, 'E8ads_v6_US East_2': 10, 'E8ads_v6_US East_3': 10, 'E8as_v6_US East_1': 10, 'E8as_v6_US East_3': 10, 'E8ps_v5_US East_3': 10, 'E96-24ads_v6_US East_3': 10, 'E96-48ads_v6_US East_3': 10, 'E96ads_v6_US East_1': 10, 'E96as_v6_US East_1': 10, 'F16als_v6_US East_1': 10, 'F16als_v6_US East_2': 10, 'F16ams_v6_US East_1': 10, 'F16ams_v6_US East_3': 10, 'F16as_v6_US East_2': 10, 'F16as_v6_US East_3': 10, 'F2ams_v6_US East_1': 10, 'F2ams_v6_US East_2': 10, 'F2ams_v6_US East_3': 10, 'F32als_v6_US East_2': 10, 'F32ams_v6_US East_2': 10, 'F32as_v6_US East_3': 10, 'F48als_v6_US East_3': 10, 'F48ams_v6_US East_2': 10, 'F48as_v6_US East_1': 10, 'F4ams_v6_US East_2': 10, 'F4ams_v6_US East_3': 10, 'F4as_v6_US East_1': 10, 'F4as_v6_US East_2': 10, 'F64als_v6_US East_1': 10, 'F64ams_v6_US East_2': 10, 'F64as_v6_US East_3': 10, 'F8als_v6_US East_2': 10, 'F8als_v6_US East_3': 10, 'F8ams_v6_US East_1': 10, 'F8ams_v6_US East_3': 10, 'F8as_v6_US East_1': 10, 'F8as_v6_US East_2': 10, 'M12ds_v3_US East_1': 10, 'M12s_v3_US East_2': 10, 'M16-4ms_US East_1': 10, 'M16-4ms_US East_2': 10, 'M16-4ms_US East_3': 10, 'M16-8ms_US East_1': 10, 'M16-8ms_US East_2': 10, 'M16-8ms_US East_3': 10, 'M16ms_US East_1': 10, 'M16ms_US East_2': 10, 'M16ms_US East_3': 10, 'M32-16ms_US East_2': 10, 'M32-16ms_US East_3': 10, 'M32-8ms_US East_1': 10, 'M32-8ms_US East_2': 10, 'M32dms_v2_US East_1': 10, 'M32dms_v2_US East_2': 10, 'M32dms_v2_US East_3': 10, 'M32ls_US East_1': 10, 'M32ls_US East_2': 10, 'M32ls_US East_3': 10, 'M32ms_US East_1': 10, 'M32ms_US East_2': 10, 'M32ms_v2_US East_1': 10, 'M32ms_v2_US East_2': 10, 'M32ms_v2_US East_3': 10, 'M32ts_US East_1': 10, 'M32ts_US East_2': 10, 'M32ts_US East_3': 10, 'M64s_v2_US East_2': 10, 'M8-2ms_US East_1': 10, 'M8-2ms_US East_2': 10, 'M8-2ms_US East_3': 10, 'M8-4ms_US East_1': 10, 'M8-4ms_US East_2': 10, 'M8-4ms_US East_3': 10, 'M8ms_US East_1': 10, 'M8ms_US East_2': 10, 'M8ms_US East_3': 10, 'NV4as_v4_US East_1': 10, 'NV4as_v4_US East_2': 10, 'NV4as_v4_US East_3': 10, 'NV8as_v4_US East_1': 10, 'NV8as_v4_US East_2': 10, 'NV8as_v4_US East_3': 10}"
0.96,652.4301900000002,566361748,868080.2281696986,22220,21781,"{'B16pls_v2_US East_1': 10, 'B16pls_v2_US East_2': 10, 'B16pls_v2_US East_3': 10, 'B16ps_v2_US East_1': 10, 'B4ps_v2_US East_1': 10, 'B4ps_v2_US East_2': 10, 'B4ps_v2_US East_3': 10, 'B8pls_v2_US East_1': 10, 'B8pls_v2_US East_2': 10, 'B8pls_v2_US East_3': 10, 'B8ps_v2_US East_1': 10, 'B8ps_v2_US East_2': 10, 'B8ps_v2_US East_3': 10, 'D16ads_v6_US East_2': 10, 'D16ads_v6_US East_3': 10, 'D16alds_v6_US East_2': 10, 'D16alds_v6_US East_3': 10, 'D16als_v6_US East_2': 10, 'D16als_v6_US East_3': 10, 'D16as_v6_US East_1': 10, 'D16as_v6_US East_2': 10, 'D16pds_v5_US East_2': 10, 'D16plds_v5_US East_1': 10, 'D16plds_v5_US East_3': 10, 'D16pls_v5_US East_1': 10, 'D16pls_v5_US East_3': 10, 'D16ps_v5_US East_2': 10, 'D32ads_v6_US East_1': 10, 'D32ads_v6_US East_2': 10, 'D32alds_v6_US East_1': 10, 'D32alds_v6_US East_3': 10, 'D32als_v6_US East_1': 10, 'D32als_v6_US East_2': 10, 'D32as_v6_US East_1': 10, 'D32as_v6_US East_3': 10, 'D32plds_v5_US East_2': 10, 'D32pls_v5_US East_2': 10, 'D48ads_v6_US East_3': 10, 'D48alds_v6_US East_3': 10, 'D48als_v6_US East_2': 10, 'D48als_v6_US East_3': 10, 'D4ads_v6_US East_1': 10, 'D4ads_v6_US East_2': 10, 'D4ads_v6_US East_3': 10, 'D4as_v6_US East_1': 10, 'D4as_v6_US East_2': 10, 'D4as_v6_US East_3': 10, 'D4pds_v5_US East_1': 10, 'D4pds_v5_US East_2': 10, 'D4pds_v5_US East_3': 10, 'D4ps_v5_US East_1': 10, 'D4ps_v5_US East_2': 10, 'D4ps_v5_US East_3': 10, 'D64ads_v6_US East_2': 10, 'D64alds_v6_US East_2': 10, 'D64als_v6_US East_1': 10, 'D64as_v6_US East_3': 10, 'D8ads_v6_US East_1': 10, 'D8ads_v6_US East_3': 10, 'D8alds_v6_US East_2': 10, 'D8alds_v6_US East_3': 10, 'D8als_v6_US East_2': 10, 'D8als_v6_US East_3': 10, 'D8as_v6_US East_1': 10, 'D8as_v6_US East_2': 10, 'D8plds_v5_US East_1': 10, 'D8plds_v5_US East_2': 10, 'D8plds_v5_US East_3': 10, 'D8pls_v5_US East_1': 10, 'D8pls_v5_US East_2': 10, 'D8pls_v5_US East_3': 10, 'D8ps_v5_US East_1': 10, 'D8ps_v5_US East_2': 10, 'D8ps_v5_US East_3': 10, 'D96ads_v6_US East_1': 10, 'D96alds_v6_US East_2': 10, 'D96als_v6_US East_2': 10, 'D96as_v6_US East_3': 10, 'E16ads_v6_US East_2': 10, 'E16ads_v6_US East_3': 10, 'E16as_v6_US East_2': 10, 'E16as_v6_US East_3': 10, 'E20ads_v6_US East_2': 10, 'E20ads_v6_US East_3': 10, 'E20as_v6_US East_2': 10, 'E20as_v6_US East_3': 10, 'E2ads_v6_US East_1': 10, 'E2ads_v6_US East_2': 10, 'E2ads_v6_US East_3': 10, 'E2as_v6_US East_1': 10, 'E2as_v6_US East_2': 10, 'E2as_v6_US East_3': 10, 'E2ps_v5_US East_1': 10, 'E2ps_v5_US East_2': 10, 'E2ps_v5_US East_3': 10, 'E32ads_v6_US East_3': 10, 'E32as_v6_US East_2': 10, 'E48ads_v6_US East_2': 10, 'E48as_v6_US East_1': 10, 'E4ads_v6_US East_1': 10, 'E4ads_v6_US East_2': 10, 'E4as_v6_US East_1': 10, 'E4as_v6_US East_2': 10, 'E4ps_v5_US East_1': 10, 'E4ps_v5_US East_2': 10, 'E4ps_v5_US East_3': 10, 'E64ads_v6_US East_1': 10, 'E64as_v6_US East_2': 10, 'E8ads_v6_US East_2': 10, 'E8ads_v6_US East_3': 10, 'E8as_v6_US East_1': 10, 'E8as_v6_US East_3': 10, 'E8ps_v5_US East_3': 10, 'E96-24ads_v6_US East_3': 10, 'E96-48ads_v6_US East_3': 10, 'E96ads_v6_US East_1': 10, 'E96as_v6_US East_1': 10, 'F16als_v6_US East_1': 10, 'F16als_v6_US East_2': 10, 'F16ams_v6_US East_1': 10, 'F16ams_v6_US East_3': 10, 'F16as_v6_US East_2': 10, 'F16as_v6_US East_3': 10, 'F2ams_v6_US East_1': 10, 'F2ams_v6_US East_2': 10, 'F2ams_v6_US East_3': 10, 'F32als_v6_US East_2': 10, 'F32ams_v6_US East_2': 10, 'F32as_v6_US East_3': 10, 'F48als_v6_US East_3': 10, 'F48ams_v6_US East_2': 10, 'F48as_v6_US East_1': 10, 'F4ams_v6_US East_2': 10, 'F4ams_v6_US East_3': 10, 'F4as_v6_US East_1': 10, 'F4as_v6_US East_2': 10, 'F64als_v6_US East_1': 10, 'F64ams_v6_US East_2': 10, 'F64as_v6_US East_3': 10, 'F8als_v6_US East_2': 10, 'F8als_v6_US East_3': 10, 'F8ams_v6_US East_1': 10, 'F8ams_v6_US East_3': 10, 'F8as_v6_US East_1': 10, 'F8as_v6_US East_2': 10, 'M12ds_v3_US East_1': 10, 'M12s_v3_US East_2': 10, 'M16-4ms_US East_1': 10, 'M16-4ms_US East_2': 10, 'M16-4ms_US East_3': 10, 'M16-8ms_US East_1': 10, 'M16-8ms_US East_2': 10, 'M16-8ms_US East_3': 10, 'M16ms_US East_1': 10, 'M16ms_US East_2': 10, 'M16ms_US East_3': 10, 'M32-16ms_US East_2': 10, 'M32-16ms_US East_3': 10, 'M32-8ms_US East_1': 10, 'M32-8ms_US East_2': 10, 'M32dms_v2_US East_1': 10, 'M32dms_v2_US East_2': 10, 'M32dms_v2_US East_3': 10, 'M32ls_US East_1': 10, 'M32ls_US East_2': 10, 'M32ls_US East_3': 10, 'M32ms_US East_1': 10, 'M32ms_US East_2': 10, 'M32ms_v2_US East_1': 10, 'M32ms_v2_US East_2': 10, 'M32ms_v2_US East_3': 10, 'M32ts_US East_1': 10, 'M32ts_US East_2': 10, 'M32ts_US East_3': 10, 'M64s_v2_US East_2': 10, 'M8-2ms_US East_1': 10, 'M8-2ms_US East_2': 10, 'M8-2ms_US East_3': 10, 'M8-4ms_US East_1': 10, 'M8-4ms_US East_2': 10, 'M8-4ms_US East_3': 10, 'M8ms_US East_1': 10, 'M8ms_US East_2': 10, 'M8ms_US East_3': 10, 'NV4as_v4_US East_1': 10, 'NV4as_v4_US East_2': 10, 'NV4as_v4_US East_3': 10, 'NV8as_v4_US East_1': 10, 'NV8as_v4_US East_2': 10, 'NV8as_v4_US East_3': 10}"
0.97,652.4301900000002,566361748,868080.2281696986,22220,21781,"{'B16pls_v2_US East_1': 10, 'B16pls_v2_US East_2': 10, 'B16pls_v2_US East_3': 10, 'B16ps_v2_US East_1': 10, 'B4ps_v2_US East_1': 10, 'B4ps_v2_US East_2': 10, 'B4ps_v2_US East_3': 10, 'B8pls_v2_US East_1': 10, 'B8pls_v2_US East_2': 10, 'B8pls_v2_US East_3': 10, 'B8ps_v2_US East_1': 10, 'B8ps_v2_US East_2': 10, 'B8ps_v2_US East_3': 10, 'D16ads_v6_US East_2': 10, 'D16ads_v6_US East_3': 10, 'D16alds_v6_US East_2': 10, 'D16alds_v6_US East_3': 10, 'D16als_v6_US East_2': 10, 'D16als_v6_US East_3': 10, 'D16as_v6_US East_1': 10, 'D16as_v6_US East_2': 10, 'D16pds_v5_US East_2': 10, 'D16plds_v5_US East_1': 10, 'D16plds_v5_US East_3': 10, 'D16pls_v5_US East_1': 10, 'D16pls_v5_US East_3': 10, 'D16ps_v5_US East_2': 10, 'D32ads_v6_US East_1': 10, 'D32ads_v6_US East_2': 10, 'D32alds_v6_US East_1': 10, 'D32alds_v6_US East_3': 10, 'D32als_v6_US East_1': 10, 'D32als_v6_US East_2': 10, 'D32as_v6_US East_1': 10, 'D32as_v6_US East_3': 10, 'D32plds_v5_US East_2': 10, 'D32pls_v5_US East_2': 10, 'D48ads_v6_US East_3': 10, 'D48alds_v6_US East_3': 10, 'D48als_v6_US East_2': 10, 'D48als_v6_US East_3': 10, 'D4ads_v6_US East_1': 10, 'D4ads_v6_US East_2': 10, 'D4ads_v6_US East_3': 10, 'D4as_v6_US East_1': 10, 'D4as_v6_US East_2': 10, 'D4as_v6_US East_3': 10, 'D4pds_v5_US East_1': 10, 'D4pds_v5_US East_2': 10, 'D4pds_v5_US East_3': 10, 'D4ps_v5_US East_1': 10, 'D4ps_v5_US East_2': 10, 'D4ps_v5_US East_3': 10, 'D64ads_v6_US East_2': 10, 'D64alds_v6_US East_2': 10, 'D64als_v6_US East_1': 10, 'D64as_v6_US East_3': 10, 'D8ads_v6_US East_1': 10, 'D8ads_v6_US East_3': 10, 'D8alds_v6_US East_2': 10, 'D8alds_v6_US East_3': 10, 'D8als_v6_US East_2': 10, 'D8als_v6_US East_3': 10, 'D8as_v6_US East_1': 10, 'D8as_v6_US East_2': 10, 'D8plds_v5_US East_1': 10, 'D8plds_v5_US East_2': 10, 'D8plds_v5_US East_3': 10, 'D8pls_v5_US East_1': 10, 'D8pls_v5_US East_2': 10, 'D8pls_v5_US East_3': 10, 'D8ps_v5_US East_1': 10, 'D8ps_v5_US East_2': 10, 'D8ps_v5_US East_3': 10, 'D96ads_v6_US East_1': 10, 'D96alds_v6_US East_2': 10, 'D96als_v6_US East_2': 10, 'D96as_v6_US East_3': 10, 'E16ads_v6_US East_2': 10, 'E16ads_v6_US East_3': 10, 'E16as_v6_US East_2': 10, 'E16as_v6_US East_3': 10, 'E20ads_v6_US East_2': 10, 'E20ads_v6_US East_3': 10, 'E20as_v6_US East_2': 10, 'E20as_v6_US East_3': 10, 'E2ads_v6_US East_1': 10, 'E2ads_v6_US East_2': 10, 'E2ads_v6_US East_3': 10, 'E2as_v6_US East_1': 10, 'E2as_v6_US East_2': 10, 'E2as_v6_US East_3': 10, 'E2ps_v5_US East_1': 10, 'E2ps_v5_US East_2': 10, 'E2ps_v5_US East_3': 10, 'E32ads_v6_US East_3': 10, 'E32as_v6_US East_2': 10, 'E48ads_v6_US East_2': 10, 'E48as_v6_US East_1': 10, 'E4ads_v6_US East_1': 10, 'E4ads_v6_US East_2': 10, 'E4as_v6_US East_1': 10, 'E4as_v6_US East_2': 10, 'E4ps_v5_US East_1': 10, 'E4ps_v5_US East_2': 10, 'E4ps_v5_US East_3': 10, 'E64ads_v6_US East_1': 10, 'E64as_v6_US East_2': 10, 'E8ads_v6_US East_2': 10, 'E8ads_v6_US East_3': 10, 'E8as_v6_US East_1': 10, 'E8as_v6_US East_3': 10, 'E8ps_v5_US East_3': 10, 'E96-24ads_v6_US East_3': 10, 'E96-48ads_v6_US East_3': 10, 'E96ads_v6_US East_1': 10, 'E96as_v6_US East_1': 10, 'F16als_v6_US East_1': 10, 'F16als_v6_US East_2': 10, 'F16ams_v6_US East_1': 10, 'F16ams_v6_US East_3': 10, 'F16as_v6_US East_2': 10, 'F16as_v6_US East_3': 10, 'F2ams_v6_US East_1': 10, 'F2ams_v6_US East_2': 10, 'F2ams_v6_US East_3': 10, 'F32als_v6_US East_2': 10, 'F32ams_v6_US East_2': 10, 'F32as_v6_US East_3': 10, 'F48als_v6_US East_3': 10, 'F48ams_v6_US East_2': 10, 'F48as_v6_US East_1': 10, 'F4ams_v6_US East_2': 10, 'F4ams_v6_US East_3': 10, 'F4as_v6_US East_1': 10, 'F4as_v6_US East_2': 10, 'F64als_v6_US East_1': 10, 'F64ams_v6_US East_2': 10, 'F64as_v6_US East_3': 10, 'F8als_v6_US East_2': 10, 'F8als_v6_US East_3': 10, 'F8ams_v6_US East_1': 10, 'F8ams_v6_US East_3': 10, 'F8as_v6_US East_1': 10, 'F8as_v6_US East_2': 10, 'M12ds_v3_US East_1': 10, 'M12s_v3_US East_2': 10, 'M16-4ms_US East_1': 10, 'M16-4ms_US East_2': 10, 'M16-4ms_US East_3': 10, 'M16-8ms_US East_1': 10, 'M16-8ms_US East_2': 10, 'M16-8ms_US East_3': 10, 'M16ms_US East_1': 10, 'M16ms_US East_2': 10, 'M16ms_US East_3': 10, 'M32-16ms_US East_2': 10, 'M32-16ms_US East_3': 10, 'M32-8ms_US East_1': 10, 'M32-8ms_US East_2': 10, 'M32dms_v2_US East_1': 10, 'M32dms_v2_US East_2': 10, 'M32dms_v2_US East_3': 10, 'M32ls_US East_1': 10, 'M32ls_US East_2': 10, 'M32ls_US East_3': 10, 'M32ms_US East_1': 10, 'M32ms_US East_2': 10, 'M32ms_v2_US East_1': 10, 'M32ms_v2_US East_2': 10, 'M32ms_v2_US East_3': 10, 'M32ts_US East_1': 10, 'M32ts_US East_2': 10, 'M32ts_US East_3': 10, 'M64s_v2_US East_2': 10, 'M8-2ms_US East_1': 10, 'M8-2ms_US East_2': 10, 'M8-2ms_US East_3': 10, 'M8-4ms_US East_1': 10, 'M8-4ms_US East_2': 10, 'M8-4ms_US East_3': 10, 'M8ms_US East_1': 10, 'M8ms_US East_2': 10, 'M8ms_US East_3': 10, 'NV4as_v4_US East_1': 10, 'NV4as_v4_US East_2': 10, 'NV4as_v4_US East_3': 10, 'NV8as_v4_US East_1': 10, 'NV8as_v4_US East_2': 10, 'NV8as_v4_US East_3': 10}"
0.98,652.4301900000002,566361748,868080.2281696986,22220,21781,"{'B16pls_v2_US East_1': 10, 'B16pls_v2_US East_2': 10, 'B16pls_v2_US East_3': 10, 'B16ps_v2_US East_1': 10, 'B4ps_v2_US East_1': 10, 'B4ps_v2_US East_2': 10, 'B4ps_v2_US East_3': 10, 'B8pls_v2_US East_1': 10, 'B8pls_v2_US East_2': 10, 'B8pls_v2_US East_3': 10, 'B8ps_v2_US East_1': 10, 'B8ps_v2_US East_2': 10, 'B8ps_v2_US East_3': 10, 'D16ads_v6_US East_2': 10, 'D16ads_v6_US East_3': 10, 'D16alds_v6_US East_2': 10, 'D16alds_v6_US East_3': 10, 'D16als_v6_US East_2': 10, 'D16als_v6_US East_3': 10, 'D16as_v6_US East_1': 10, 'D16as_v6_US East_2': 10, 'D16pds_v5_US East_2': 10, 'D16plds_v5_US East_1': 10, 'D16plds_v5_US East_3': 10, 'D16pls_v5_US East_1': 10, 'D16pls_v5_US East_3': 10, 'D16ps_v5_US East_2': 10, 'D32ads_v6_US East_1': 10, 'D32ads_v6_US East_2': 10, 'D32alds_v6_US East_1': 10, 'D32alds_v6_US East_3': 10, 'D32als_v6_US East_1': 10, 'D32als_v6_US East_2': 10, 'D32as_v6_US East_1': 10, 'D32as_v6_US East_3': 10, 'D32plds_v5_US East_2': 10, 'D32pls_v5_US East_2': 10, 'D48ads_v6_US East_3': 10, 'D48alds_v6_US East_3': 10, 'D48als_v6_US East_2': 10, 'D48als_v6_US East_3': 10, 'D4ads_v6_US East_1': 10, 'D4ads_v6_US East_2': 10, 'D4ads_v6_US East_3': 10, 'D4as_v6_US East_1': 10, 'D4as_v6_US East_2': 10, 'D4as_v6_US East_3': 10, 'D4pds_v5_US East_1': 10, 'D4pds_v5_US East_2': 10, 'D4pds_v5_US East_3': 10, 'D4ps_v5_US East_1': 10, 'D4ps_v5_US East_2': 10, 'D4ps_v5_US East_3': 10, 'D64ads_v6_US East_2': 10, 'D64alds_v6_US East_2': 10, 'D64als_v6_US East_1': 10, 'D64as_v6_US East_3': 10, 'D8ads_v6_US East_1': 10, 'D8ads_v6_US East_3': 10, 'D8alds_v6_US East_2': 10, 'D8alds_v6_US East_3': 10, 'D8als_v6_US East_2': 10, 'D8als_v6_US East_3': 10, 'D8as_v6_US East_1': 10, 'D8as_v6_US East_2': 10, 'D8plds_v5_US East_1': 10, 'D8plds_v5_US East_2': 10, 'D8plds_v5_US East_3': 10, 'D8pls_v5_US East_1': 10, 'D8pls_v5_US East_2': 10, 'D8pls_v5_US East_3': 10, 'D8ps_v5_US East_1': 10, 'D8ps_v5_US East_2': 10, 'D8ps_v5_US East_3': 10, 'D96ads_v6_US East_1': 10, 'D96alds_v6_US East_2': 10, 'D96als_v6_US East_2': 10, 'D96as_v6_US East_3': 10, 'E16ads_v6_US East_2': 10, 'E16ads_v6_US East_3': 10, 'E16as_v6_US East_2': 10, 'E16as_v6_US East_3': 10, 'E20ads_v6_US East_2': 10, 'E20ads_v6_US East_3': 10, 'E20as_v6_US East_2': 10, 'E20as_v6_US East_3': 10, 'E2ads_v6_US East_1': 10, 'E2ads_v6_US East_2': 10, 'E2ads_v6_US East_3': 10, 'E2as_v6_US East_1': 10, 'E2as_v6_US East_2': 10, 'E2as_v6_US East_3': 10, 'E2ps_v5_US East_1': 10, 'E2ps_v5_US East_2': 10, 'E2ps_v5_US East_3': 10, 'E32ads_v6_US East_3': 10, 'E32as_v6_US East_2': 10, 'E48ads_v6_US East_2': 10, 'E48as_v6_US East_1': 10, 'E4ads_v6_US East_1': 10, 'E4ads_v6_US East_2': 10, 'E4as_v6_US East_1': 10, 'E4as_v6_US East_2': 10, 'E4ps_v5_US East_1': 10, 'E4ps_v5_US East_2': 10, 'E4ps_v5_US East_3': 10, 'E64ads_v6_US East_1': 10, 'E64as_v6_US East_2': 10, 'E8ads_v6_US East_2': 10, 'E8ads_v6_US East_3': 10, 'E8as_v6_US East_1': 10, 'E8as_v6_US East_3': 10, 'E8ps_v5_US East_3': 10, 'E96-24ads_v6_US East_3': 10, 'E96-48ads_v6_US East_3': 10, 'E96ads_v6_US East_1': 10, 'E96as_v6_US East_1': 10, 'F16als_v6_US East_1': 10, 'F16als_v6_US East_2': 10, 'F16ams_v6_US East_1': 10, 'F16ams_v6_US East_3': 10, 'F16as_v6_US East_2': 10, 'F16as_v6_US East_3': 10, 'F2ams_v6_US East_1': 10, 'F2ams_v6_US East_2': 10, 'F2ams_v6_US East_3': 10, 'F32als_v6_US East_2': 10, 'F32ams_v6_US East_2': 10, 'F32as_v6_US East_3': 10, 'F48als_v6_US East_3': 10, 'F48ams_v6_US East_2': 10, 'F48as_v6_US East_1': 10, 'F4ams_v6_US East_2': 10, 'F4ams_v6_US East_3': 10, 'F4as_v6_US East_1': 10, 'F4as_v6_US East_2': 10, 'F64als_v6_US East_1': 10, 'F64ams_v6_US East_2': 10, 'F64as_v6_US East_3': 10, 'F8als_v6_US East_2': 10, 'F8als_v6_US East_3': 10, 'F8ams_v6_US East_1': 10, 'F8ams_v6_US East_3': 10, 'F8as_v6_US East_1': 10, 'F8as_v6_US East_2': 10, 'M12ds_v3_US East_1': 10, 'M12s_v3_US East_2': 10, 'M16-4ms_US East_1': 10, 'M16-4ms_US East_2': 10, 'M16-4ms_US East_3': 10, 'M16-8ms_US East_1': 10, 'M16-8ms_US East_2': 10, 'M16-8ms_US East_3': 10, 'M16ms_US East_1': 10, 'M16ms_US East_2': 10, 'M16ms_US East_3': 10, 'M32-16ms_US East_2': 10, 'M32-16ms_US East_3': 10, 'M32-8ms_US East_1': 10, 'M32-8ms_US East_2': 10, 'M32dms_v2_US East_1': 10, 'M32dms_v2_US East_2': 10, 'M32dms_v2_US East_3': 10, 'M32ls_US East_1': 10, 'M32ls_US East_2': 10, 'M32ls_US East_3': 10, 'M32ms_US East_1': 10, 'M32ms_US East_2': 10, 'M32ms_v2_US East_1': 10, 'M32ms_v2_US East_2': 10, 'M32ms_v2_US East_3': 10, 'M32ts_US East_1': 10, 'M32ts_US East_2': 10, 'M32ts_US East_3': 10, 'M64s_v2_US East_2': 10, 'M8-2ms_US East_1': 10, 'M8-2ms_US East_2': 10, 'M8-2ms_US East_3': 10, 'M8-4ms_US East_1': 10, 'M8-4ms_US East_2': 10, 'M8-4ms_US East_3': 10, 'M8ms_US East_1': 10, 'M8ms_US East_2': 10, 'M8ms_US East_3': 10, 'NV4as_v4_US East_1': 10, 'NV4as_v4_US East_2': 10, 'NV4as_v4_US East_3': 10, 'NV8as_v4_US East_1': 10, 'NV8as_v4_US East_2': 10, 'NV8as_v4_US East_3': 10}"
0.99,652.4301900000002,566361748,868080.2281696986,22220,21781,"{'B16pls_v2_US East_1': 10, 'B16pls_v2_US East_2': 10, 'B16pls_v2_US East_3': 10, 'B16ps_v2_US East_1': 10, 'B4ps_v2_US East_1': 10, 'B4ps_v2_US East_2': 10, 'B4ps_v2_US East_3': 10, 'B8pls_v2_US East_1': 10, 'B8pls_v2_US East_2': 10, 'B8pls_v2_US East_3': 10, 'B8ps_v2_US East_1': 10, 'B8ps_v2_US East_2': 10, 'B8ps_v2_US East_3': 10, 'D16ads_v6_US East_2': 10, 'D16ads_v6_US East_3': 10, 'D16alds_v6_US East_2': 10, 'D16alds_v6_US East_3': 10, 'D16als_v6_US East_2': 10, 'D16als_v6_US East_3': 10, 'D16as_v6_US East_1': 10, 'D16as_v6_US East_2': 10, 'D16pds_v5_US East_2': 10, 'D16plds_v5_US East_1': 10, 'D16plds_v5_US East_3': 10, 'D16pls_v5_US East_1': 10, 'D16pls_v5_US East_3': 10, 'D16ps_v5_US East_2': 10, 'D32ads_v6_US East_1': 10, 'D32ads_v6_US East_2': 10, 'D32alds_v6_US East_1': 10, 'D32alds_v6_US East_3': 10, 'D32als_v6_US East_1': 10, 'D32als_v6_US East_2': 10, 'D32as_v6_US East_1': 10, 'D32as_v6_US East_3': 10, 'D32plds_v5_US East_2': 10, 'D32pls_v5_US East_2': 10, 'D48ads_v6_US East_3': 10, 'D48alds_v6_US East_3': 10, 'D48als_v6_US East_2': 10, 'D48als_v6_US East_3': 10, 'D4ads_v6_US East_1': 10, 'D4ads_v6_US East_2': 10, 'D4ads_v6_US East_3': 10, 'D4as_v6_US East_1': 10, 'D4as_v6_US East_2': 10, 'D4as_v6_US East_3': 10, 'D4pds_v5_US East_1': 10, 'D4pds_v5_US East_2': 10, 'D4pds_v5_US East_3': 10, 'D4ps_v5_US East_1': 10, 'D4ps_v5_US East_2': 10, 'D4ps_v5_US East_3': 10, 'D64ads_v6_US East_2': 10, 'D64alds_v6_US East_2': 10, 'D64als_v6_US East_1': 10, 'D64as_v6_US East_3': 10, 'D8ads_v6_US East_1': 10, 'D8ads_v6_US East_3': 10, 'D8alds_v6_US East_2': 10, 'D8alds_v6_US East_3': 10, 'D8als_v6_US East_2': 10, 'D8als_v6_US East_3': 10, 'D8as_v6_US East_1': 10, 'D8as_v6_US East_2': 10, 'D8plds_v5_US East_1': 10, 'D8plds_v5_US East_2': 10, 'D8plds_v5_US East_3': 10, 'D8pls_v5_US East_1': 10, 'D8pls_v5_US East_2': 10, 'D8pls_v5_US East_3': 10, 'D8ps_v5_US East_1': 10, 'D8ps_v5_US East_2': 10, 'D8ps_v5_US East_3': 10, 'D96ads_v6_US East_1': 10, 'D96alds_v6_US East_2': 10, 'D96als_v6_US East_2': 10, 'D96as_v6_US East_3': 10, 'E16ads_v6_US East_2': 10, 'E16ads_v6_US East_3': 10, 'E16as_v6_US East_2': 10, 'E16as_v6_US East_3': 10, 'E20ads_v6_US East_2': 10, 'E20ads_v6_US East_3': 10, 'E20as_v6_US East_2': 10, 'E20as_v6_US East_3': 10, 'E2ads_v6_US East_1': 10, 'E2ads_v6_US East_2': 10, 'E2ads_v6_US East_3': 10, 'E2as_v6_US East_1': 10, 'E2as_v6_US East_2': 10, 'E2as_v6_US East_3': 10, 'E2ps_v5_US East_1': 10, 'E2ps_v5_US East_2': 10, 'E2ps_v5_US East_3': 10, 'E32ads_v6_US East_3': 10, 'E32as_v6_US East_2': 10, 'E48ads_v6_US East_2': 10, 'E48as_v6_US East_1': 10, 'E4ads_v6_US East_1': 10, 'E4ads_v6_US East_2': 10, 'E4as_v6_US East_1': 10, 'E4as_v6_US East_2': 10, 'E4ps_v5_US East_1': 10, 'E4ps_v5_US East_2': 10, 'E4ps_v5_US East_3': 10, 'E64ads_v6_US East_1': 10, 'E64as_v6_US East_2': 10, 'E8ads_v6_US East_2': 10, 'E8ads_v6_US East_3': 10, 'E8as_v6_US East_1': 10, 'E8as_v6_US East_3': 10, 'E8ps_v5_US East_3': 10, 'E96-24ads_v6_US East_3': 10, 'E96-48ads_v6_US East_3': 10, 'E96ads_v6_US East_1': 10, 'E96as_v6_US East_1': 10, 'F16als_v6_US East_1': 10, 'F16als_v6_US East_2': 10, 'F16ams_v6_US East_1': 10, 'F16ams_v6_US East_3': 10, 'F16as_v6_US East_2': 10, 'F16as_v6_US East_3': 10, 'F2ams_v6_US East_1': 10, 'F2ams_v6_US East_2': 10, 'F2ams_v6_US East_3': 10, 'F32als_v6_US East_2': 10, 'F32ams_v6_US East_2': 10, 'F32as_v6_US East_3': 10, 'F48als_v6_US East_3': 10, 'F48ams_v6_US East_2': 10, 'F48as_v6_US East_1': 10, 'F4ams_v6_US East_2': 10, 'F4ams_v6_US East_3': 10, 'F4as_v6_US East_1': 10, 'F4as_v6_US East_2': 10, 'F64als_v6_US East_1': 10, 'F64ams_v6_US East_2': 10, 'F64as_v6_US East_3': 10, 'F8als_v6_US East_2': 10, 'F8als_v6_US East_3': 10, 'F8ams_v6_US East_1': 10, 'F8ams_v6_US East_3': 10, 'F8as_v6_US East_1': 10, 'F8as_v6_US East_2': 10, 'M12ds_v3_US East_1': 10, 'M12s_v3_US East_2': 10, 'M16-4ms_US East_1': 10, 'M16-4ms_US East_2': 10, 'M16-4ms_US East_3': 10, 'M16-8ms_US East_1': 10, 'M16-8ms_US East_2': 10, 'M16-8ms_US East_3': 10, 'M16ms_US East_1': 10, 'M16ms_US East_2': 10, 'M16ms_US East_3': 10, 'M32-16ms_US East_2': 10, 'M32-16ms_US East_3': 10, 'M32-8ms_US East_1': 10, 'M32-8ms_US East_2': 10, 'M32dms_v2_US East_1': 10, 'M32dms_v2_US East_2': 10, 'M32dms_v2_US East_3': 10, 'M32ls_US East_1': 10, 'M32ls_US East_2': 10, 'M32ls_US East_3': 10, 'M32ms_US East_1': 10, 'M32ms_US East_2': 10, 'M32ms_v2_US East_1': 10, 'M32ms_v2_US East_2': 10, 'M32ms_v2_US East_3': 10, 'M32ts_US East_1': 10, 'M32ts_US East_2': 10, 'M32ts_US East_3': 10, 'M64s_v2_US East_2': 10, 'M8-2ms_US East_1': 10, 'M8-2ms_US East_2': 10, 'M8-2ms_US East_3': 10, 'M8-4ms_US East_1': 10, 'M8-4ms_US East_2': 10, 'M8-4ms_US East_3': 10, 'M8ms_US East_1': 10, 'M8ms_US East_2': 10, 'M8ms_US East_3': 10, 'NV4as_v4_US East_1': 10, 'NV4as_v4_US East_2': 10, 'NV4as_v4_US East_3': 10, 'NV8as_v4_US East_1': 10, 'NV8as_v4_US East_2': 10, 'NV8as_v4_US East_3': 10}"
1.0,652.4301900000002,566361748,868080.2281696986,22220,21781,"{'B16pls_v2_US East_1': 10, 'B16pls_v2_US East_2': 10, 'B16pls_v2_US East_3': 10, 'B16ps_v2_US East_1': 10, 'B4ps_v2_US East_1': 10, 'B4ps_v2_US East_2': 10, 'B4ps_v2_US East_3': 10, 'B8pls_v2_US East_1': 10, 'B8pls_v2_US East_2': 10, 'B8pls_v2_US East_3': 10, 'B8ps_v2_US East_1': 10, 'B8ps_v2_US East_2': 10, 'B8ps_v2_US East_3': 10, 'D16ads_v6_US East_2': 10, 'D16ads_v6_US East_3': 10, 'D16alds_v6_US East_2': 10, 'D16alds_v6_US East_3': 10, 'D16als_v6_US East_2': 10, 'D16als_v6_US East_3': 10, 'D16as_v6_US East_1': 10, 'D16as_v6_US East_2': 10, 'D16pds_v5_US East_2': 10, 'D16plds_v5_US East_1': 10, 'D16plds_v5_US East_3': 10, 'D16pls_v5_US East_1': 10, 'D16pls_v5_US East_3': 10, 'D16ps_v5_US East_2': 10, 'D32ads_v6_US East_1': 10, 'D32ads_v6_US East_2': 10, 'D32alds_v6_US East_1': 10, 'D32alds_v6_US East_3': 10, 'D32als_v6_US East_1': 10, 'D32als_v6_US East_2': 10, 'D32as_v6_US East_1': 10, 'D32as_v6_US East_3': 10, 'D32plds_v5_US East_2': 10, 'D32pls_v5_US East_2': 10, 'D48ads_v6_US East_3': 10, 'D48alds_v6_US East_3': 10, 'D48als_v6_US East_2': 10, 'D48als_v6_US East_3': 10, 'D4ads_v6_US East_1': 10, 'D4ads_v6_US East_2': 10, 'D4ads_v6_US East_3': 10, 'D4as_v6_US East_1': 10, 'D4as_v6_US East_2': 10, 'D4as_v6_US East_3': 10, 'D4pds_v5_US East_1': 10, 'D4pds_v5_US East_2': 10, 'D4pds_v5_US East_3': 10, 'D4ps_v5_US East_1': 10, 'D4ps_v5_US East_2': 10, 'D4ps_v5_US East_3': 10, 'D64ads_v6_US East_2': 10, 'D64alds_v6_US East_2': 10, 'D64als_v6_US East_1': 10, 'D64as_v6_US East_3': 10, 'D8ads_v6_US East_1': 10, 'D8ads_v6_US East_3': 10, 'D8alds_v6_US East_2': 10, 'D8alds_v6_US East_3': 10, 'D8als_v6_US East_2': 10, 'D8als_v6_US East_3': 10, 'D8as_v6_US East_1': 10, 'D8as_v6_US East_2': 10, 'D8plds_v5_US East_1': 10, 'D8plds_v5_US East_2': 10, 'D8plds_v5_US East_3': 10, 'D8pls_v5_US East_1': 10, 'D8pls_v5_US East_2': 10, 'D8pls_v5_US East_3': 10, 'D8ps_v5_US East_1': 10, 'D8ps_v5_US East_2': 10, 'D8ps_v5_US East_3': 10, 'D96ads_v6_US East_1': 10, 'D96alds_v6_US East_2': 10, 'D96als_v6_US East_2': 10, 'D96as_v6_US East_3': 10, 'E16ads_v6_US East_2': 10, 'E16ads_v6_US East_3': 10, 'E16as_v6_US East_2': 10, 'E16as_v6_US East_3': 10, 'E20ads_v6_US East_2': 10, 'E20ads_v6_US East_3': 10, 'E20as_v6_US East_2': 10, 'E20as_v6_US East_3': 10, 'E2ads_v6_US East_1': 10, 'E2ads_v6_US East_2': 10, 'E2ads_v6_US East_3': 10, 'E2as_v6_US East_1': 10, 'E2as_v6_US East_2': 10, 'E2as_v6_US East_3': 10, 'E2ps_v5_US East_1': 10, 'E2ps_v5_US East_2': 10, 'E2ps_v5_US East_3': 10, 'E32ads_v6_US East_3': 10, 'E32as_v6_US East_2': 10, 'E48ads_v6_US East_2': 10, 'E48as_v6_US East_1': 10, 'E4ads_v6_US East_1': 10, 'E4ads_v6_US East_2': 10, 'E4as_v6_US East_1': 10, 'E4as_v6_US East_2': 10, 'E4ps_v5_US East_1': 10, 'E4ps_v5_US East_2': 10, 'E4ps_v5_US East_3': 10, 'E64ads_v6_US East_1': 10, 'E64as_v6_US East_2': 10, 'E8ads_v6_US East_2': 10, 'E8ads_v6_US East_3': 10, 'E8as_v6_US East_1': 10, 'E8as_v6_US East_3': 10, 'E8ps_v5_US East_3': 10, 'E96-24ads_v6_US East_3': 10, 'E96-48ads_v6_US East_3': 10, 'E96ads_v6_US East_1': 10, 'E96as_v6_US East_1': 10, 'F16als_v6_US East_1': 10, 'F16als_v6_US East_2': 10, 'F16ams_v6_US East_1': 10, 'F16ams_v6_US East_3': 10, 'F16as_v6_US East_2': 10, 'F16as_v6_US East_3': 10, 'F2ams_v6_US East_1': 10, 'F2ams_v6_US East_2': 10, 'F2ams_v6_US East_3': 10, 'F32als_v6_US East_2': 10, 'F32ams_v6_US East_2': 10, 'F32as_v6_US East_3': 10, 'F48als_v6_US East_3': 10, 'F48ams_v6_US East_2': 10, 'F48as_v6_US East_1': 10, 'F4ams_v6_US East_2': 10, 'F4ams_v6_US East_3': 10, 'F4as_v6_US East_1': 10, 'F4as_v6_US East_2': 10, 'F64als_v6_US East_1': 10, 'F64ams_v6_US East_2': 10, 'F64as_v6_US East_3': 10, 'F8als_v6_US East_2': 10, 'F8als_v6_US East_3': 10, 'F8ams_v6_US East_1': 10, 'F8ams_v6_US East_3': 10, 'F8as_v6_US East_1': 10, 'F8as_v6_US East_2': 10, 'M12ds_v3_US East_1': 10, 'M12s_v3_US East_2': 10, 'M16-4ms_US East_1': 10, 'M16-4ms_US East_2': 10, 'M16-4ms_US East_3': 10, 'M16-8ms_US East_1': 10, 'M16-8ms_US East_2': 10, 'M16-8ms_US East_3': 10, 'M16ms_US East_1': 10, 'M16ms_US East_2': 10, 'M16ms_US East_3': 10, 'M32-16ms_US East_2': 10, 'M32-16ms_US East_3': 10, 'M32-8ms_US East_1': 10, 'M32-8ms_US East_2': 10, 'M32dms_v2_US East_1': 10, 'M32dms_v2_US East_2': 10, 'M32dms_v2_US East_3': 10, 'M32ls_US East_1': 10, 'M32ls_US East_2': 10, 'M32ls_US East_3': 10, 'M32ms_US East_1': 10, 'M32ms_US East_2': 10, 'M32ms_v2_US East_1': 10, 'M32ms_v2_US East_2': 10, 'M32ms_v2_US East_3': 10, 'M32ts_US East_1': 10, 'M32ts_US East_2': 10, 'M32ts_US East_3': 10, 'M64s_v2_US East_2': 10, 'M8-2ms_US East_1': 10, 'M8-2ms_US East_2': 10, 'M8-2ms_US East_3': 10, 'M8-4ms_US East_1': 10, 'M8-4ms_US East_2': 10, 'M8-4ms_US East_3': 10, 'M8ms_US East_1': 10, 'M8ms_US East_2': 10, 'M8ms_US East_3': 10, 'NV4as_v4_US East_1': 10, 'NV4as_v4_US East_2': 10, 'NV4as_v4_US East_3': 10, 'NV8as_v4_US East_1': 10, 'NV8as_v4_US East_2': 10, 'NV8as_v4_US East_3': 10}"
